;date;CO;NO;NO2;NOX;O3;PM10;PM2.5;PRS;RAINF;RH;SO2;SR;TOUT;WSR;WDR
0;2025-01-01 00:00:00;2.42;5.9;13.1;26.6;24.0;84.0;;;;;5.4;;17.9;12.2;
1;2025-01-01 01:00:00;2.12;3.0;7.1;10.3;42.0;81.0;75.52;713.8;0.0;56.0;5.0;0.0;17.04;8.0;69.0
2;2025-01-01 02:00:00;2.11;2.8;6.2;9.3;41.0;63.0;35.3;713.8;0.0;63.0;4.7;0.0;16.19;7.9;114.0
3;2025-01-01 03:00:00;2.1;2.6;5.6;8.5;41.0;46.0;26.88;713.7;0.0;67.0;4.5;0.0;15.88;8.2;108.0
4;2025-01-01 04:00:00;2.11;2.6;5.7;8.5;39.0;39.0;21.69;713.7;0.0;71.0;4.6;0.0;15.38;7.1;89.0
5;2025-01-01 05:00:00;2.18;2.6;12.5;15.3;29.0;35.0;20.41;714.0;0.0;77.0;4.6;0.0;14.32;6.9;47.0
6;2025-01-01 06:00:00;2.18;3.0;14.0;17.2;28.0;50.0;31.38;714.3;0.0;84.0;4.9;0.0;13.58;5.6;53.0
7;2025-01-01 07:00:00;2.14;2.5;9.1;11.8;32.0;54.0;44.91;714.8;0.0;83.0;5.5;0.0;13.67;3.5;26.0
8;2025-01-01 08:00:00;2.16;3.0;19.8;23.0;18.0;52.0;43.29;715.3;0.0;82.0;5.7;0.007;13.44;1.8;299.0
9;2025-01-01 09:00:00;2.16;4.4;17.4;22.1;22.0;56.0;49.39;715.8;0.0;76.0;6.3;0.067;15.01;2.1;187.0
10;2025-01-01 10:00:00;2.12;5.3;15.0;20.5;32.0;55.0;44.53;716.3;0.0;70.0;6.6;0.142;15.81;5.4;76.0
11;2025-01-01 11:00:00;2.17;11.0;22.7;34.0;28.0;52.0;33.17;716.5;0.0;63.0;10.3;0.362;17.13;6.2;90.0
12;2025-01-01 12:00:00;2.07;5.2;12.3;17.7;42.0;54.0;44.01;716.5;0.0;58.0;9.2;0.464;17.91;9.0;75.0
13;2025-01-01 13:00:00;2.06;5.3;14.0;19.4;43.0;50.0;26.08;716.0;0.0;57.0;9.7;0.408;18.24;9.3;55.0
14;2025-01-01 14:00:00;2.08;3.9;11.9;16.1;47.0;50.0;23.61;715.4;0.0;56.0;8.5;0.304;18.5;10.0;55.0
15;2025-01-01 15:00:00;2.11;2.8;9.1;12.1;52.0;48.0;22.72;715.1;0.0;57.0;6.6;0.17;18.28;10.4;66.0
16;2025-01-01 16:00:00;2.15;2.6;8.7;11.6;53.0;50.0;24.44;714.9;;;6.0;0.147;18.47;9.1;73.0
17;2025-01-01 17:00:00;2.13;2.4;7.7;10.3;47.0;53.0;32.37;714.9;0.0;61.0;5.6;0.073;18.31;9.4;80.0
18;2025-01-01 18:00:00;2.16;2.7;10.4;13.4;39.0;53.0;29.17;715.3;0.0;65.0;7.2;0.023;17.31;11.9;64.0
19;2025-01-01 19:00:00;2.18;2.6;12.9;15.8;32.0;51.0;27.36;715.5;0.0;64.0;6.2;0.0;16.73;9.4;65.0
20;2025-01-01 20:00:00;2.15;2.7;12.8;15.7;26.0;50.0;28.16;716.0;0.0;64.0;5.4;0.0;15.35;10.7;60.0
21;2025-01-01 21:00:00;2.17;4.3;17.9;22.3;19.0;43.0;22.82;716.4;0.0;67.0;5.4;0.0;15.06;7.1;9.0
22;2025-01-01 22:00:00;2.14;7.8;21.6;29.6;16.0;47.0;21.68;716.7;0.0;69.0;7.4;0.0;14.83;8.6;24.0
23;2025-01-01 23:00:00;2.07;2.4;8.6;11.2;32.0;44.0;24.95;716.8;0.0;72.0;5.6;0.0;14.46;9.5;44.0
24;2025-01-02 00:00:00;2.09;2.3;7.8;10.3;30.0;41.0;18.8;716.7;0.0;74.0;5.0;0.0;14.19;6.1;25.0
25;2025-01-02 01:00:00;2.07;2.2;6.3;8.7;33.0;37.0;23.79;716.5;0.0;77.0;5.0;0.0;14.3;3.2;17.0
26;2025-01-02 02:00:00;2.06;2.1;5.7;8.0;30.0;43.0;20.44;716.3;0.0;75.0;5.1;0.0;14.34;6.4;58.0
27;2025-01-02 03:00:00;2.05;3.7;13.7;17.7;26.0;38.0;24.46;716.2;0.0;76.0;6.0;0.0;14.01;7.9;51.0
28;2025-01-02 04:00:00;2.05;2.3;13.8;16.3;24.0;46.0;26.9;716.2;0.0;80.0;7.4;0.0;13.38;6.4;64.0
29;2025-01-02 05:00:00;2.12;2.2;13.2;15.6;22.0;;35.54;716.2;0.0;82.0;7.9;0.0;13.27;3.8;65.0
30;2025-01-02 06:00:00;2.14;2.2;12.5;14.8;20.0;;39.65;716.2;0.0;84.0;7.6;0.0;13.21;3.7;109.0
31;2025-01-02 07:00:00;2.17;2.6;17.7;20.5;14.0;;47.88;716.4;0.0;84.0;7.6;0.0;13.41;2.7;87.0
32;2025-01-02 08:00:00;2.26;10.2;26.3;36.6;5.0;;48.46;716.6;0.0;83.0;7.6;0.001;13.68;2.4;15.0
33;2025-01-02 09:00:00;2.34;17.1;26.9;44.1;5.0;;48.05;716.9;0.0;82.0;7.2;0.021;14.03;1.9;3.0
34;2025-01-02 10:00:00;2.51;31.3;27.5;58.9;6.0;;51.14;717.2;0.0;78.0;7.5;0.09;14.87;2.1;344.0
35;2025-01-02 11:00:00;2.51;27.1;27.1;54.3;10.0;;51.71;717.2;0.0;71.0;7.7;0.202;16.25;3.4;14.0
36;2025-01-02 12:00:00;2.66;24.5;29.2;53.8;16.0;;61.88;717.0;0.0;66.0;7.1;0.373;17.97;5.3;64.0
37;2025-01-02 13:00:00;2.9;25.9;35.5;61.6;21.0;;71.98;716.2;0.0;62.0;7.7;0.542;19.06;6.0;92.0
38;2025-01-02 14:00:00;2.61;17.7;34.3;52.2;27.0;92.0;67.44;715.3;0.0;56.0;8.1;0.532;20.46;6.4;50.0
39;2025-01-02 15:00:00;2.51;16.5;38.0;54.7;30.0;95.0;64.98;714.8;0.0;55.0;10.9;0.461;20.78;9.0;78.0
40;2025-01-02 16:00:00;2.49;9.7;35.5;45.4;38.0;83.0;62.32;714.6;0.0;54.0;10.6;0.328;21.08;8.4;74.0
41;2025-01-02 17:00:00;2.53;5.6;31.3;37.1;41.0;88.0;59.28;714.6;0.0;57.0;8.0;0.147;20.38;8.2;71.0
42;2025-01-02 18:00:00;2.52;3.9;29.9;34.0;32.0;86.0;54.47;714.9;0.0;63.0;6.2;0.032;19.15;8.6;79.0
43;2025-01-02 19:00:00;2.61;4.4;34.5;39.1;19.0;82.0;54.93;715.3;0.0;68.0;5.6;0.0;18.13;4.2;96.0
44;2025-01-02 20:00:00;2.66;3.7;38.5;42.5;12.0;72.0;54.01;715.9;0.0;72.0;5.3;0.0;17.52;3.9;41.0
45;2025-01-02 21:00:00;2.68;7.1;38.1;45.5;10.0;73.0;58.96;716.4;0.0;74.0;5.2;0.0;16.92;5.5;51.0
46;2025-01-02 22:00:00;2.35;4.2;28.9;33.3;13.0;81.0;48.2;717.0;0.0;78.0;5.0;0.0;16.06;2.5;10.0
47;2025-01-02 23:00:00;2.42;10.5;34.1;44.8;5.0;68.0;52.17;717.3;0.0;82.0;5.0;0.0;15.16;1.8;275.0
48;2025-01-03 00:00:00;2.49;17.2;35.0;52.5;4.0;63.0;53.28;717.2;0.0;83.0;5.3;0.0;14.89;1.8;251.0
49;2025-01-03 01:00:00;2.58;11.7;32.5;44.4;4.0;66.0;55.6;717.0;0.0;82.0;5.1;0.0;14.63;1.9;219.0
50;2025-01-03 02:00:00;2.55;11.1;29.2;40.4;4.0;61.0;59.91;716.9;0.0;82.0;5.0;0.0;14.14;1.8;246.0
51;2025-01-03 03:00:00;2.58;17.8;28.6;46.6;;69.0;59.28;716.8;0.0;83.0;5.1;0.0;14.06;1.8;214.0
52;2025-01-03 04:00:00;2.46;7.6;28.8;36.6;;72.0;63.17;716.8;0.0;81.0;4.8;0.0;13.73;1.9;228.0
53;2025-01-03 05:00:00;2.4;5.2;28.3;33.7;5.0;68.0;65.78;716.6;0.0;80.0;4.7;0.0;13.43;1.8;334.0
54;2025-01-03 06:00:00;2.38;8.2;26.1;34.4;4.0;76.0;65.74;716.8;0.0;79.0;4.7;0.0;13.13;1.8;224.0
55;2025-01-03 07:00:00;2.44;20.0;26.7;46.9;4.0;74.0;60.8;717.1;0.0;78.0;4.7;0.0;12.91;1.9;262.0
56;2025-01-03 08:00:00;2.67;40.8;29.1;70.1;4.0;79.0;62.19;717.4;0.0;76.0;4.9;0.005;12.78;1.9;209.0
57;2025-01-03 09:00:00;2.83;61.1;31.9;93.2;5.0;82.0;61.71;718.0;0.0;71.0;5.2;0.062;13.76;3.3;211.0
58;2025-01-03 10:00:00;2.88;47.8;33.7;81.7;9.0;91.0;67.91;718.4;0.0;64.0;5.8;0.167;16.78;3.7;198.0
59;2025-01-03 11:00:00;3.34;54.5;47.0;101.7;7.0;99.0;95.81;718.7;0.0;72.0;6.4;0.135;16.78;6.2;353.0
60;2025-01-03 12:00:00;2.59;13.9;33.4;47.6;13.0;132.0;60.65;718.7;0.0;73.0;6.8;0.109;17.02;5.7;29.0
61;2025-01-03 13:00:00;2.55;8.7;27.5;36.4;23.0;92.0;54.96;718.2;0.0;69.0;6.5;0.14;17.77;5.4;26.0
62;2025-01-03 14:00:00;2.47;7.5;23.7;31.4;32.0;67.0;58.85;717.5;0.0;63.0;6.6;0.223;18.89;6.7;68.0
63;2025-01-03 15:00:00;2.28;5.9;15.9;22.0;36.0;75.0;39.4;717.0;0.0;60.0;6.2;0.288;19.6;8.3;42.0
64;2025-01-03 16:00:00;2.29;6.0;16.4;22.6;36.0;60.0;35.08;716.5;0.0;60.0;6.0;0.251;20.15;9.5;49.0
65;2025-01-03 17:00:00;2.2;4.2;10.9;15.4;37.0;57.0;29.62;716.4;0.0;57.0;5.6;0.213;20.47;10.1;114.0
66;2025-01-03 18:00:00;2.3;3.4;16.1;19.6;33.0;49.0;37.23;716.4;0.0;64.0;5.3;0.034;19.1;8.3;100.0
67;2025-01-03 19:00:00;2.38;3.5;20.9;24.6;25.0;52.0;37.67;716.6;0.0;70.0;5.1;0.0;18.19;7.4;67.0
68;2025-01-03 20:00:00;2.41;4.6;23.1;28.0;13.0;57.0;28.9;716.7;0.0;79.0;4.8;0.0;17.34;7.9;45.0
69;2025-01-03 21:00:00;2.36;4.1;20.0;24.3;12.0;49.0;29.19;716.8;0.0;83.0;4.5;0.0;16.87;7.8;49.0
70;2025-01-03 22:00:00;2.29;3.7;17.3;21.1;14.0;47.0;27.36;717.0;0.0;82.0;4.5;0.0;16.95;7.4;49.0
71;2025-01-03 23:00:00;2.26;3.2;14.3;17.6;16.0;47.0;28.45;716.9;0.0;83.0;4.5;0.0;16.86;7.4;52.0
72;2025-01-04 00:00:00;2.25;3.0;15.6;18.9;13.0;46.0;24.47;716.6;0.0;85.0;4.5;0.0;16.62;3.7;40.0
73;2025-01-04 01:00:00;2.23;3.3;15.1;18.7;12.0;40.0;26.56;716.2;0.0;85.0;4.4;0.0;16.56;1.8;319.0
74;2025-01-04 02:00:00;2.28;6.2;24.1;30.5;4.0;45.0;36.55;715.7;0.0;85.0;4.6;0.0;16.52;2.2;284.0
75;2025-01-04 03:00:00;2.32;4.3;21.8;26.2;6.0;55.0;41.36;715.3;0.0;79.0;4.6;0.0;16.15;3.1;235.0
76;2025-01-04 04:00:00;2.25;2.9;16.2;19.3;11.0;51.0;41.74;715.0;0.0;74.0;4.7;0.0;15.9;5.1;208.0
77;2025-01-04 05:00:00;2.19;2.8;12.9;15.9;14.0;55.0;40.39;714.7;0.0;74.0;4.6;0.0;15.33;4.9;217.0
78;2025-01-04 06:00:00;2.18;2.9;14.8;17.9;12.0;52.0;40.74;714.5;0.0;73.0;4.6;0.0;15.33;5.2;209.0
79;2025-01-04 07:00:00;2.21;3.7;19.7;23.6;9.0;49.0;37.9;714.5;0.0;71.0;4.7;0.0;15.3;5.2;219.0
80;2025-01-04 08:00:00;2.27;7.6;22.3;30.1;7.0;47.0;37.99;714.6;0.0;69.0;4.7;0.004;15.29;8.0;218.0
81;2025-01-04 09:00:00;2.34;13.9;23.0;37.2;8.0;51.0;38.74;714.7;0.0;68.0;4.8;0.047;15.4;8.7;216.0
82;2025-01-04 10:00:00;2.44;20.3;25.5;45.9;9.0;57.0;40.05;714.8;0.0;65.0;5.0;0.133;16.4;7.0;212.0
83;2025-01-04 11:00:00;2.34;12.1;20.6;32.9;17.0;57.0;34.82;714.8;0.0;61.0;5.1;0.23;18.75;4.4;228.0
84;2025-01-04 12:00:00;2.53;14.8;20.7;35.8;18.0;55.0;36.86;714.2;0.0;67.0;4.8;0.314;19.55;6.0;17.0
85;2025-01-04 13:00:00;2.39;10.0;16.6;26.9;26.0;51.0;30.3;713.3;0.0;64.0;4.8;0.51;20.27;7.6;4.0
86;2025-01-04 14:00:00;2.36;7.4;15.5;23.1;37.0;50.0;29.26;712.2;0.0;57.0;4.8;0.569;21.65;6.3;8.0
87;2025-01-04 15:00:00;2.49;10.2;27.7;38.2;39.0;49.0;41.81;711.5;0.0;55.0;6.4;0.474;22.42;7.2;40.0
88;2025-01-04 16:00:00;2.56;6.8;29.4;36.4;52.0;63.0;58.07;711.0;0.0;56.0;6.3;0.336;22.62;8.1;52.0
89;2025-01-04 17:00:00;2.41;5.2;23.5;28.8;48.0;83.0;47.99;710.8;0.0;55.0;6.2;0.167;23.17;5.8;33.0
90;2025-01-04 18:00:00;2.26;3.2;13.1;16.6;38.0;62.0;26.69;710.7;0.0;55.0;5.6;0.033;22.62;4.4;88.0
91;2025-01-04 19:00:00;2.35;2.9;18.3;21.5;26.0;41.0;24.79;710.7;0.0;59.0;4.9;0.0;21.69;5.9;74.0
92;2025-01-04 20:00:00;2.72;6.5;41.4;48.1;9.0;43.0;42.79;710.8;0.0;62.0;4.9;0.0;21.05;5.1;354.0
93;2025-01-04 21:00:00;3.06;6.5;49.3;56.0;5.0;65.0;;710.8;0.0;69.0;4.7;0.0;19.49;2.4;258.0
94;2025-01-04 22:00:00;3.09;17.8;42.6;60.6;4.0;86.0;59.17;710.8;0.0;72.0;4.8;0.0;18.83;3.2;237.0
95;2025-01-04 23:00:00;2.74;6.9;35.4;42.5;7.0;70.0;46.45;710.6;0.0;68.0;4.8;0.0;18.49;7.1;215.0
96;2025-01-05 00:00:00;2.62;4.0;34.9;39.2;10.0;62.0;46.86;710.3;0.0;66.0;4.9;0.0;17.99;6.2;229.0
97;2025-01-05 01:00:00;2.54;3.6;32.7;36.5;10.0;58.0;43.76;710.0;0.0;66.0;4.8;0.0;17.45;3.6;264.0
98;2025-01-05 02:00:00;2.75;10.4;34.1;44.7;5.0;58.0;47.27;709.7;0.0;72.0;4.6;0.0;16.54;2.8;234.0
99;2025-01-05 03:00:00;2.82;14.3;30.2;44.7;4.0;59.0;49.61;709.2;0.0;77.0;4.5;0.0;15.61;1.8;251.0
100;2025-01-05 04:00:00;2.75;21.7;28.9;50.8;4.0;63.0;45.89;708.9;0.0;78.0;4.5;0.0;14.84;2.0;245.0
101;2025-01-05 05:00:00;2.73;25.3;26.0;51.5;4.0;58.0;57.65;709.1;0.0;81.0;4.6;-0.001;14.53;1.8;230.0
102;2025-01-05 06:00:00;2.41;8.3;28.1;36.6;5.0;62.0;43.37;709.0;0.0;73.0;4.5;0.0;14.83;3.1;246.0
103;2025-01-05 07:00:00;2.29;4.2;22.2;26.7;8.0;61.0;36.43;709.3;0.0;71.0;4.4;0.0;14.59;3.3;258.0
104;2025-01-05 08:00:00;2.28;5.6;24.4;30.3;9.0;48.0;32.4;709.4;0.0;64.0;4.5;0.005;15.4;5.1;216.0
105;2025-01-05 09:00:00;2.25;8.7;23.6;32.5;14.0;50.0;25.51;709.7;0.0;46.0;5.3;0.036;19.22;4.7;201.0
106;2025-01-05 10:00:00;2.19;9.7;20.4;30.4;22.0;53.0;19.5;709.9;0.0;34.0;5.8;0.091;23.34;5.7;185.0
107;2025-01-05 11:00:00;2.25;13.0;23.9;37.2;27.0;51.0;18.76;709.9;0.0;28.0;6.1;0.408;26.7;5.2;75.0
108;2025-01-05 12:00:00;2.78;23.0;47.8;71.0;26.0;56.0;46.07;709.6;0.0;30.0;6.5;0.534;27.88;7.2;116.0
109;2025-01-05 13:00:00;2.41;9.7;27.9;37.8;44.0;76.0;30.11;708.7;0.0;21.0;6.8;0.586;30.22;9.1;145.0
110;2025-01-05 14:00:00;1.95;4.2;6.0;10.4;52.0;66.0;12.6;707.9;0.0;14.0;4.5;0.582;31.59;12.0;318.0
111;2025-01-05 15:00:00;1.93;3.5;6.2;10.0;50.0;46.0;13.3;707.8;0.0;14.0;4.5;0.498;31.31;15.1;325.0
112;2025-01-05 16:00:00;2.08;4.3;9.9;14.4;40.0;95.0;19.42;708.6;0.0;31.0;5.5;0.361;27.5;14.9;41.0
113;2025-01-05 17:00:00;2.04;3.5;9.1;12.8;39.0;72.0;17.34;709.3;0.0;27.0;4.8;0.156;26.19;11.9;14.0
114;2025-01-05 18:00:00;2.07;3.1;11.8;15.1;37.0;54.0;16.21;710.2;0.0;27.0;4.8;0.034;24.25;9.7;19.0
115;2025-01-05 19:00:00;2.09;3.1;14.5;17.8;34.0;50.0;16.89;711.1;0.0;34.0;4.9;0.001;22.48;7.7;38.0
116;2025-01-05 20:00:00;2.18;2.9;19.8;22.9;26.0;50.0;19.31;711.8;0.0;39.0;4.9;0.0;21.59;6.9;42.0
117;2025-01-05 21:00:00;2.07;2.6;12.4;15.2;34.0;48.0;15.16;712.7;0.0;37.0;4.7;0.0;20.91;7.1;48.0
118;2025-01-05 22:00:00;2.12;2.6;18.1;20.9;27.0;43.0;14.89;713.4;0.0;37.0;4.9;0.0;20.16;3.4;107.0
119;2025-01-05 23:00:00;2.12;2.5;14.4;17.1;30.0;40.0;13.11;714.0;0.0;36.0;4.9;0.0;19.87;4.3;108.0
120;2025-01-06 00:00:00;1.95;2.5;8.9;11.7;37.0;36.0;9.33;714.6;0.0;28.0;4.7;0.0;18.82;9.6;37.0
121;2025-01-06 01:00:00;1.9;2.3;8.8;11.3;37.0;40.0;7.68;715.2;0.0;25.0;4.9;0.0;17.18;10.1;46.0
122;2025-01-06 02:00:00;1.83;2.2;8.2;10.6;34.0;41.0;7.25;715.5;0.0;25.0;4.2;0.0;15.81;11.2;62.0
123;2025-01-06 03:00:00;1.86;2.2;10.1;12.4;30.0;46.0;7.1;715.9;0.0;29.0;4.8;0.0;14.54;9.6;63.0
124;2025-01-06 04:00:00;1.85;;10.6;13.0;29.0;41.0;6.34;716.4;0.0;30.0;4.8;0.0;13.25;10.8;63.0
125;2025-01-06 05:00:00;1.85;2.1;7.6;9.9;30.0;36.0;5.47;716.9;0.0;33.0;5.0;0.0;11.74;9.8;57.0
126;2025-01-06 06:00:00;1.93;2.2;10.0;12.4;25.0;40.0;5.14;717.4;0.0;36.0;6.2;0.0;10.55;7.5;56.0
127;2025-01-06 07:00:00;1.93;2.8;15.6;18.6;18.0;28.0;6.71;718.0;0.0;37.0;5.6;0.0;9.9;8.4;66.0
128;2025-01-06 08:00:00;1.95;6.0;18.5;24.6;14.0;44.0;7.08;718.6;0.0;38.0;5.7;0.005;9.42;8.3;55.0
129;2025-01-06 09:00:00;1.89;8.2;14.3;22.7;17.0;37.0;6.23;719.2;0.0;38.0;4.4;0.031;8.95;11.1;42.0
130;2025-01-06 10:00:00;2.0;14.3;14.6;29.2;16.0;37.0;7.49;719.6;0.0;38.0;6.0;0.095;9.16;10.7;69.0
131;2025-01-06 11:00:00;2.04;23.8;17.4;41.4;15.0;54.0;11.6;719.8;0.0;35.0;8.4;0.408;10.39;8.8;62.0
132;2025-01-06 12:00:00;2.08;17.8;15.9;34.0;18.0;70.0;12.2;719.4;0.0;33.0;6.9;0.552;11.11;10.2;59.0
133;2025-01-06 13:00:00;1.99;11.9;13.4;25.6;23.0;62.0;9.82;718.6;0.0;30.0;6.2;0.611;11.85;10.1;56.0
134;2025-01-06 14:00:00;1.93;12.2;15.2;27.7;25.0;55.0;9.33;717.7;0.0;29.0;7.7;0.609;12.96;9.0;41.0
135;2025-01-06 15:00:00;1.92;10.6;15.8;26.7;28.0;47.0;8.66;716.7;0.0;28.0;7.9;0.531;13.81;9.3;26.0
136;2025-01-06 16:00:00;1.94;8.2;16.9;25.3;33.0;42.0;9.75;716.3;0.0;28.0;6.8;0.397;14.54;10.0;39.0
137;2025-01-06 17:00:00;2.04;6.5;18.7;25.5;36.0;45.0;15.56;716.1;0.0;30.0;5.7;0.196;14.57;13.1;46.0
138;2025-01-06 18:00:00;1.99;4.4;16.4;21.0;31.0;63.0;15.73;716.3;0.0;34.0;4.9;0.036;13.18;14.2;69.0
139;2025-01-06 19:00:00;2.02;3.8;18.1;22.1;25.0;57.0;12.78;716.8;0.0;36.0;4.9;0.001;11.94;12.3;72.0
140;2025-01-06 20:00:00;1.91;3.0;12.1;15.3;28.0;48.0;9.7;717.3;0.0;35.0;4.7;0.0;11.06;11.8;87.0
141;2025-01-06 21:00:00;1.84;2.5;8.7;11.5;30.0;33.0;7.19;717.8;0.0;35.0;4.4;0.0;10.13;10.9;99.0
142;2025-01-06 22:00:00;1.8;2.4;7.0;9.6;31.0;29.0;5.99;718.1;0.0;34.0;4.2;0.0;9.39;11.6;96.0
143;2025-01-06 23:00:00;1.76;2.2;6.0;8.4;33.0;24.0;5.54;718.2;0.0;34.0;4.2;0.0;8.83;11.0;92.0
144;2025-01-07 00:00:00;1.74;2.1;5.1;7.4;34.0;19.0;5.26;718.3;0.0;33.0;4.2;0.0;8.5;11.1;97.0
145;2025-01-07 01:00:00;1.72;2.2;5.1;7.5;35.0;23.0;4.71;718.2;0.0;33.0;4.2;0.0;8.28;9.2;116.0
146;2025-01-07 02:00:00;1.73;1.9;4.6;6.7;35.0;21.0;4.98;717.8;0.0;34.0;4.2;0.0;8.0;9.3;90.0
147;2025-01-07 03:00:00;1.73;1.9;6.5;8.7;36.0;19.0;5.44;717.6;0.0;34.0;12.0;0.0;7.11;11.0;76.0
148;2025-01-07 04:00:00;1.74;;7.0;9.1;35.0;25.0;4.81;717.5;0.0;36.0;14.3;0.0;6.08;10.5;63.0
149;2025-01-07 05:00:00;1.72;2.1;5.5;7.7;35.0;29.0;5.91;717.5;0.0;39.0;4.8;0.0;5.42;8.8;73.0
150;2025-01-07 06:00:00;1.73;2.1;10.5;12.8;30.0;26.0;5.63;717.7;0.0;40.0;4.5;0.0;4.98;7.9;68.0
151;2025-01-07 07:00:00;1.83;8.4;29.1;37.6;12.0;24.0;7.58;718.0;0.0;42.0;8.9;0.0;4.52;7.8;36.0
152;2025-01-07 08:00:00;1.91;4.9;27.3;32.4;14.0;42.0;10.01;718.4;0.0;42.0;6.1;0.004;4.53;6.2;45.0
153;2025-01-07 09:00:00;1.88;6.2;18.2;24.7;24.0;30.0;7.48;719.0;0.0;40.0;4.8;0.072;5.0;7.1;70.0
154;2025-01-07 10:00:00;1.9;7.8;16.4;24.5;26.0;35.0;8.2;719.4;0.0;38.0;4.8;0.168;6.08;6.5;70.0
155;2025-01-07 11:00:00;1.99;9.6;18.4;28.3;27.0;39.0;10.82;719.4;0.0;37.0;4.7;0.264;6.78;6.8;72.0
156;2025-01-07 12:00:00;1.92;8.8;15.8;24.9;31.0;47.0;12.8;719.1;0.0;36.0;4.9;0.389;7.36;9.8;44.0
157;2025-01-07 13:00:00;1.86;6.4;12.4;19.0;36.0;41.0;12.12;718.2;0.0;34.0;4.9;0.412;8.23;10.1;41.0
158;2025-01-07 14:00:00;1.86;5.5;11.4;17.2;38.0;38.0;12.45;717.2;0.0;33.0;5.0;0.367;9.27;10.7;50.0
159;2025-01-07 15:00:00;1.83;4.6;10.5;15.4;41.0;39.0;10.04;716.7;0.0;31.0;4.6;0.31;9.56;12.6;61.0
160;2025-01-07 16:00:00;1.84;4.1;11.8;16.1;39.0;37.0;9.07;716.5;0.0;32.0;4.8;0.198;9.41;13.2;59.0
161;2025-01-07 17:00:00;1.86;3.6;13.7;17.5;37.0;40.0;9.23;716.6;0.0;33.0;6.1;0.078;8.98;13.6;64.0
162;2025-01-07 18:00:00;1.9;3.7;17.9;21.8;32.0;41.0;9.23;717.0;0.0;35.0;5.9;0.025;8.35;12.9;66.0
163;2025-01-07 19:00:00;1.89;3.3;16.7;20.2;31.0;42.0;9.45;717.7;0.0;37.0;8.7;0.0;7.34;13.8;68.0
164;2025-01-07 20:00:00;1.88;2.8;16.0;19.0;31.0;39.0;7.52;718.2;0.0;38.0;5.7;0.0;6.99;11.5;80.0
165;2025-01-07 21:00:00;1.77;2.2;9.0;11.5;37.0;29.0;6.11;718.6;0.0;39.0;4.6;0.0;6.75;9.8;110.0
166;2025-01-07 22:00:00;1.77;2.4;9.6;12.2;36.0;26.0;6.05;719.0;0.0;41.0;4.6;0.0;6.59;8.5;82.0
167;2025-01-07 23:00:00;1.75;2.2;7.8;10.3;38.0;22.0;6.24;719.3;0.0;42.0;5.0;0.0;6.44;8.7;75.0
168;2025-01-08 00:00:00;1.74;2.4;8.9;11.5;35.0;18.0;5.29;719.5;0.0;45.0;4.7;0.0;6.37;10.4;64.0
169;2025-01-08 01:00:00;1.75;2.2;9.0;11.4;31.0;25.0;6.87;719.5;0.0;49.0;5.8;0.0;5.84;10.6;45.0
170;2025-01-08 02:00:00;1.76;2.0;6.4;8.7;31.0;29.0;7.17;719.5;0.0;61.0;5.3;0.0;5.55;9.7;59.0
171;2025-01-08 03:00:00;1.77;2.1;5.5;7.9;33.0;29.0;8.1;719.7;0.0;69.0;5.8;0.0;5.09;9.9;55.0
172;2025-01-08 04:00:00;1.78;2.1;5.4;7.7;33.0;25.0;11.05;719.7;0.0;80.0;5.1;0.0;4.12;8.8;70.0
173;2025-01-08 05:00:00;1.79;2.2;7.1;9.6;31.0;22.0;13.29;719.7;0.0;86.0;4.6;0.0;3.48;8.7;40.0
174;2025-01-08 06:00:00;1.89;2.7;15.5;18.4;27.0;26.0;14.09;720.1;0.0;88.0;4.5;0.0;2.6;8.8;16.0
175;2025-01-08 07:00:00;1.95;3.6;21.1;24.9;21.0;25.0;16.98;720.6;0.0;89.0;4.5;0.0;2.5;7.3;21.0
176;2025-01-08 08:00:00;2.13;4.5;23.3;28.0;18.0;30.0;19.08;721.2;0.0;90.0;4.4;0.001;2.62;7.1;8.0
177;2025-01-08 09:00:00;2.36;5.5;23.9;29.7;17.0;27.0;24.53;721.7;0.0;91.0;4.6;0.022;2.73;6.2;12.0
178;2025-01-08 10:00:00;2.12;6.3;23.8;30.4;15.0;32.0;23.88;722.1;0.0;92.0;4.4;0.024;2.8;6.7;32.0
179;2025-01-08 11:00:00;2.12;10.1;27.1;37.4;12.0;32.0;18.77;722.1;0.0;93.0;4.4;0.04;2.89;6.4;55.0
180;2025-01-08 12:00:00;2.06;9.2;25.2;34.7;15.0;30.0;19.82;721.7;0.0;93.0;4.3;0.054;2.97;7.2;57.0
181;2025-01-08 13:00:00;2.01;8.2;21.2;29.7;18.0;27.0;18.85;721.0;0.0;93.0;4.4;0.074;3.1;6.8;38.0
182;2025-01-08 14:00:00;1.98;6.8;19.5;26.6;20.0;30.0;13.4;720.1;0.0;93.0;4.3;0.063;3.05;6.2;32.0
183;2025-01-08 15:00:00;2.0;7.2;18.0;25.5;21.0;25.0;11.85;719.5;0.0;93.0;4.3;0.064;3.11;6.5;23.0
184;2025-01-08 16:00:00;2.0;8.0;23.7;31.9;15.0;24.0;14.3;719.0;0.0;93.0;4.3;0.031;3.25;6.5;27.0
185;2025-01-08 17:00:00;2.06;8.1;26.5;34.7;12.0;29.0;14.53;718.7;0.0;94.0;4.4;0.014;3.36;6.8;24.0
186;2025-01-08 18:00:00;2.09;8.0;28.6;36.8;10.0;25.0;15.17;718.4;0.0;94.0;4.4;0.004;3.46;5.9;44.0
187;2025-01-08 19:00:00;2.09;9.5;30.2;39.9;7.0;30.0;18.0;718.4;0.0;94.0;4.5;0.0;3.48;7.4;12.0
188;2025-01-08 20:00:00;2.02;6.4;26.8;33.3;9.0;28.0;16.57;718.5;0.0;94.0;4.3;0.0;3.31;7.9;3.0
189;2025-01-08 21:00:00;1.98;5.9;26.2;32.3;9.0;24.0;15.88;718.4;0.0;94.0;4.4;0.0;3.15;8.6;5.0
190;2025-01-08 22:00:00;1.93;4.8;18.1;23.1;12.0;22.0;12.74;718.2;0.0;94.0;4.4;0.0;3.32;7.0;35.0
191;2025-01-08 23:00:00;1.87;2.9;10.9;14.1;19.0;20.0;7.84;717.7;0.0;94.0;4.3;0.0;3.02;9.1;51.0
192;2025-01-09 00:00:00;1.84;2.8;9.5;12.6;20.0;21.0;8.59;717.2;0.0;;4.3;0.0;2.73;8.9;54.0
193;2025-01-09 01:00:00;1.82;2.4;6.6;9.3;23.0;22.0;10.45;716.3;0.0;;4.3;0.0;2.45;8.1;45.0
194;2025-01-09 02:00:00;1.81;2.6;10.5;13.3;18.0;21.0;12.63;715.6;0.0;;4.4;0.0;2.44;5.6;39.0
195;2025-01-09 03:00:00;1.81;6.3;17.4;23.9;11.0;24.0;16.74;715.0;0.0;;4.9;0.0;2.5;4.4;20.0
196;2025-01-09 04:00:00;1.81;3.5;15.5;19.2;12.0;24.0;16.69;714.3;0.0;;4.8;0.0;2.51;3.8;28.0
197;2025-01-09 05:00:00;1.81;6.8;18.0;25.0;9.0;23.0;12.88;713.8;0.0;;5.0;0.0;2.53;3.1;30.0
198;2025-01-09 06:00:00;1.86;4.4;11.7;16.2;18.0;28.0;9.24;713.3;0.0;;4.9;0.0;2.43;4.2;52.0
199;2025-01-09 07:00:00;1.9;9.0;24.5;33.8;7.0;25.0;20.01;713.1;0.0;;5.2;0.0;2.61;3.9;355.0
200;2025-01-09 08:00:00;1.99;7.3;25.5;33.1;7.0;31.0;21.62;713.0;0.0;;5.7;0.0;2.74;2.8;347.0
201;2025-01-09 09:00:00;2.06;17.2;26.5;43.8;6.0;28.0;23.25;712.7;0.0;;6.0;0.021;3.05;1.8;320.0
202;2025-01-09 10:00:00;2.2;27.2;25.9;53.2;6.0;32.0;24.23;712.5;0.0;;5.2;0.038;3.7;2.1;24.0
203;2025-01-09 11:00:00;2.33;50.7;28.1;79.0;5.0;29.0;28.41;712.1;0.0;;5.9;0.046;4.07;2.0;32.0
204;2025-01-09 12:00:00;2.62;90.8;30.8;122.0;5.0;35.0;;711.4;0.0;;6.8;0.053;4.3;3.3;59.0
205;2025-01-09 13:00:00;2.51;48.4;28.4;77.1;5.0;61.0;55.67;710.2;0.0;;6.0;0.045;4.31;4.1;97.0
206;2025-01-09 14:00:00;2.53;54.6;29.5;84.4;;60.0;;708.8;0.0;;6.2;0.034;4.44;4.8;70.0
207;2025-01-09 15:00:00;2.48;42.5;30.2;73.0;;64.0;63.11;708.2;0.0;;6.1;0.024;4.61;4.9;84.0
208;2025-01-09 16:00:00;2.48;42.8;30.7;73.7;;61.0;;708.1;0.0;;5.9;0.018;4.82;3.1;115.0
209;2025-01-09 17:00:00;2.64;57.5;32.4;90.3;4.0;63.0;60.37;708.4;0.0;;5.6;0.014;5.21;2.6;110.0
210;2025-01-09 18:00:00;2.32;26.2;23.9;50.4;4.0;53.0;38.09;708.9;0.0;;5.1;0.004;5.02;6.1;22.0
211;2025-01-09 19:00:00;2.25;43.8;22.9;66.9;4.0;29.0;29.0;708.7;0.0;;6.2;0.0;4.59;5.8;65.0
212;2025-01-09 20:00:00;2.31;26.1;22.4;48.7;;43.0;;709.6;0.0;;5.3;0.0;4.37;5.9;53.0
213;2025-01-09 21:00:00;2.21;14.5;22.1;36.9;;37.0;26.18;710.6;0.0;;4.9;0.0;4.09;4.0;38.0
214;2025-01-09 22:00:00;2.2;26.0;21.6;47.9;;29.0;25.8;710.7;0.0;;5.0;0.0;4.19;5.4;74.0
215;2025-01-09 23:00:00;2.17;19.1;21.0;40.4;;31.0;23.91;711.4;0.0;;4.8;0.0;4.04;5.5;52.0
216;2025-01-10 00:00:00;2.08;23.2;20.6;44.0;;32.0;26.11;711.9;0.0;;5.3;0.0;4.08;5.0;86.0
217;2025-01-10 01:00:00;2.02;6.3;19.7;26.2;5.0;33.0;17.59;711.8;0.0;;4.9;0.0;3.94;5.0;29.0
218;2025-01-10 02:00:00;2.04;6.7;20.5;27.6;4.0;24.0;20.77;711.9;0.0;;4.7;0.0;4.16;3.5;236.0
219;2025-01-10 03:00:00;2.13;12.1;20.3;32.6;4.0;26.0;23.39;712.3;0.0;;4.7;0.0;4.51;5.4;52.0
220;2025-01-10 04:00:00;2.05;9.6;18.5;28.3;5.0;30.0;27.95;712.8;0.0;;4.8;0.0;4.56;5.5;143.0
221;2025-01-10 05:00:00;1.99;6.5;20.1;26.9;4.0;29.0;26.16;713.0;0.0;;4.8;0.0;4.8;3.7;145.0
222;2025-01-10 06:00:00;1.99;4.2;18.0;22.4;9.0;31.0;17.21;713.4;0.0;;4.9;0.0;4.89;6.9;92.0
223;2025-01-10 07:00:00;2.06;3.6;16.1;19.8;15.0;30.0;13.04;714.1;0.0;93.0;4.7;0.0;4.43;8.9;63.0
224;2025-01-10 08:00:00;1.94;6.9;22.3;29.4;9.0;27.0;15.19;714.8;0.0;84.0;4.9;0.0;4.78;9.4;91.0
225;2025-01-10 09:00:00;2.01;9.6;22.7;32.5;10.0;30.0;21.98;715.4;0.0;76.0;5.0;0.013;4.65;7.5;77.0
226;2025-01-10 10:00:00;2.07;10.0;22.9;33.1;9.0;35.0;23.43;716.0;0.0;78.0;4.7;0.025;4.89;2.3;90.0
227;2025-01-10 11:00:00;2.02;8.8;19.1;28.2;12.0;38.0;22.25;716.3;0.0;76.0;4.7;0.041;5.18;4.8;13.0
228;2025-01-10 12:00:00;2.08;10.8;21.8;32.9;10.0;38.0;23.62;716.3;0.0;77.0;4.6;0.041;5.53;3.3;235.0
229;2025-01-10 13:00:00;2.12;15.2;23.6;39.0;9.0;39.0;26.52;715.7;0.0;77.0;4.8;0.066;5.66;3.2;222.0
230;2025-01-10 14:00:00;2.09;12.0;22.7;35.0;11.0;41.0;27.48;715.1;0.0;74.0;4.5;0.064;6.05;2.4;209.0
231;2025-01-10 15:00:00;2.15;15.8;24.6;40.6;10.0;38.0;28.39;714.6;0.0;71.0;4.7;0.065;6.59;3.1;254.0
232;2025-01-10 16:00:00;2.21;17.8;26.2;44.2;10.0;42.0;33.17;714.6;0.0;68.0;4.7;0.086;7.4;2.7;356.0
233;2025-01-10 17:00:00;2.17;12.8;25.7;38.7;12.0;49.0;30.55;714.9;0.0;62.0;4.7;0.06;8.07;2.9;311.0
234;2025-01-10 18:00:00;2.19;10.8;26.5;37.5;10.0;46.0;24.61;715.1;0.0;61.0;4.6;0.016;7.98;4.2;322.0
235;2025-01-10 19:00:00;2.1;9.3;25.4;34.9;9.0;38.0;18.75;715.5;0.0;61.0;4.6;0.0;7.77;5.1;333.0
236;2025-01-10 20:00:00;2.21;19.2;30.0;49.5;6.0;31.0;18.8;716.0;0.0;62.0;4.7;0.0;7.49;5.4;11.0
237;2025-01-10 21:00:00;2.05;5.8;24.8;30.8;8.0;44.0;18.21;716.5;0.0;63.0;4.4;0.0;7.48;4.1;313.0
238;2025-01-10 22:00:00;2.22;16.3;24.9;41.3;4.0;36.0;17.27;716.9;0.0;68.0;4.5;0.0;7.24;2.1;102.0
239;2025-01-10 23:00:00;2.02;7.9;25.8;33.9;10.0;40.0;20.38;717.3;0.0;60.0;4.6;0.0;6.82;8.0;58.0
240;2025-01-11 00:00:00;1.92;4.5;26.2;30.9;10.0;47.0;15.8;717.7;0.0;58.0;4.7;0.0;6.28;7.8;94.0
241;2025-01-11 01:00:00;1.81;2.8;16.8;19.8;19.0;36.0;;717.4;0.0;59.0;5.2;0.0;5.82;7.9;95.0
242;2025-01-11 02:00:00;1.75;2.7;10.5;13.5;25.0;31.0;13.0;717.1;0.0;61.0;4.8;0.0;5.3;5.0;86.0
243;2025-01-11 03:00:00;1.76;2.5;11.3;14.1;22.0;28.0;13.0;716.7;0.0;62.0;4.7;0.0;5.28;2.4;162.0
244;2025-01-11 04:00:00;1.82;2.5;13.7;16.4;17.0;25.0;12.0;716.1;0.0;68.0;4.7;0.0;5.26;2.1;201.0
245;2025-01-11 05:00:00;1.86;2.6;14.1;16.8;16.0;24.0;9.0;715.8;0.0;69.0;4.6;0.0;5.41;3.7;207.0
246;2025-01-11 06:00:00;1.92;3.9;18.8;22.9;10.0;27.0;9.0;715.3;0.0;71.0;4.7;0.0;5.43;3.8;137.0
247;2025-01-11 07:00:00;1.92;4.9;19.8;25.1;6.0;30.0;13.0;715.0;0.0;75.0;4.6;0.0;5.31;3.7;132.0
248;2025-01-11 08:00:00;1.98;9.5;21.2;31.0;5.0;33.0;14.0;714.6;0.0;74.0;4.7;0.003;5.48;2.9;52.0
249;2025-01-11 09:00:00;2.05;13.9;20.7;34.9;7.0;33.0;15.0;714.6;0.0;72.0;4.8;0.039;5.8;2.9;111.0
250;2025-01-11 10:00:00;1.99;10.5;23.2;33.9;15.0;29.0;15.0;714.5;0.0;57.0;4.8;0.09;6.43;4.3;101.0
251;2025-01-11 11:00:00;2.1;19.4;23.9;43.4;17.0;35.0;16.0;714.3;0.0;54.0;4.9;0.303;7.76;4.6;103.0
252;2025-01-11 12:00:00;1.99;11.4;13.3;25.0;23.0;41.0;19.0;713.7;0.0;60.0;4.7;0.544;9.12;8.2;86.0
253;2025-01-11 13:00:00;1.94;7.8;12.1;20.1;29.0;31.0;19.0;712.5;0.0;55.0;4.8;0.609;10.33;7.1;75.0
254;2025-01-11 14:00:00;2.0;9.9;16.5;26.7;32.0;26.0;;711.3;0.0;51.0;5.1;0.598;11.5;6.4;48.0
255;2025-01-11 15:00:00;2.06;17.4;26.9;44.5;26.0;37.0;21.0;710.5;0.0;50.0;7.6;0.515;11.98;7.8;69.0
256;2025-01-11 16:00:00;2.1;12.8;26.5;39.6;31.0;51.0;20.0;710.0;0.0;48.0;7.1;0.389;12.62;7.8;63.0
257;2025-01-11 17:00:00;2.03;6.2;20.2;26.6;37.0;55.0;21.0;709.7;0.0;47.0;5.2;0.2;12.46;8.4;76.0
258;2025-01-11 18:00:00;1.97;4.1;17.2;21.5;32.0;48.0;21.0;709.4;0.0;53.0;4.9;0.048;11.08;10.0;66.0
259;2025-01-11 19:00:00;2.05;3.5;20.0;23.7;22.0;36.0;22.0;709.5;0.0;62.0;4.6;0.001;10.15;8.7;74.0
260;2025-01-11 20:00:00;2.1;3.4;20.2;23.8;19.0;37.0;21.0;709.8;0.0;66.0;4.5;0.0;9.41;5.8;76.0
261;2025-01-11 21:00:00;2.16;7.0;24.1;31.3;9.0;42.0;21.0;710.0;0.0;72.0;4.5;0.0;8.5;1.8;164.0
262;2025-01-11 22:00:00;2.25;10.3;27.0;37.5;4.0;46.0;26.0;709.6;0.0;76.0;4.5;0.0;7.69;1.8;347.0
263;2025-01-11 23:00:00;2.22;9.0;25.2;34.3;4.0;48.0;38.0;709.4;0.0;78.0;4.5;0.0;7.28;1.8;261.0
264;2025-01-12 00:00:00;2.3;18.8;28.2;47.1;4.0;46.0;38.0;708.9;0.0;78.0;4.6;0.0;6.79;;263.0
265;2025-01-12 01:00:00;2.35;26.7;30.6;57.4;;55.0;37.0;708.5;0.0;76.0;4.7;0.0;6.71;3.3;329.0
266;2025-01-12 02:00:00;2.23;15.8;29.0;45.0;;62.0;36.0;708.2;0.0;74.0;4.5;0.0;6.18;1.8;249.0
267;2025-01-12 03:00:00;2.42;19.1;26.5;45.7;;55.0;35.0;707.8;0.0;76.0;4.6;0.0;6.29;1.9;254.0
268;2025-01-12 04:00:00;2.78;56.6;29.7;86.6;5.0;52.0;32.0;707.4;0.0;77.0;6.0;0.0;7.11;2.6;279.0
269;2025-01-12 05:00:00;2.76;58.3;27.1;85.7;5.0;113.0;32.0;707.1;0.0;77.0;5.5;0.0;7.31;2.1;264.0
270;2025-01-12 06:00:00;2.66;51.8;26.6;78.7;4.0;116.0;;707.0;0.0;77.0;5.5;0.0;7.65;2.6;298.0
271;2025-01-12 07:00:00;2.53;41.2;23.1;64.6;4.0;103.0;31.0;707.5;0.0;79.0;5.1;0.0;7.42;2.1;236.0
272;2025-01-12 08:00:00;2.51;42.7;22.7;65.7;4.0;78.0;40.0;708.4;0.0;78.0;5.1;0.005;8.09;2.0;308.0
273;2025-01-12 09:00:00;2.65;53.5;24.0;77.8;5.0;64.0;;709.3;0.0;70.0;5.4;0.092;11.1;1.8;325.0
274;2025-01-12 10:00:00;2.5;42.1;30.1;72.5;6.0;70.0;69.0;710.1;0.0;55.0;6.8;0.123;15.54;2.2;94.0
275;2025-01-12 11:00:00;2.69;48.2;36.2;84.7;9.0;69.0;66.0;710.7;0.0;51.0;8.3;0.263;16.47;4.3;83.0
276;2025-01-12 12:00:00;2.5;31.3;32.3;63.9;15.0;77.0;68.0;710.7;0.0;41.0;9.0;0.504;17.91;7.8;89.0
277;2025-01-12 13:00:00;2.15;7.0;12.3;19.6;33.0;67.0;49.0;710.4;0.0;37.0;6.4;0.507;18.56;10.8;25.0
278;2025-01-12 14:00:00;2.0;5.8;10.9;16.9;38.0;42.0;25.0;710.0;0.0;36.0;5.8;0.516;18.27;11.6;30.0
279;2025-01-12 15:00:00;1.88;4.4;8.1;12.8;44.0;44.0;16.0;709.8;0.0;34.0;5.4;0.536;18.84;11.0;29.0
280;2025-01-12 16:00:00;1.89;4.1;8.4;12.8;44.0;37.0;12.0;709.9;0.0;33.0;5.4;0.407;19.15;10.0;22.0
281;2025-01-12 17:00:00;1.85;3.8;9.3;13.4;43.0;30.0;8.0;710.3;0.0;31.0;5.2;0.217;19.13;8.9;20.0
282;2025-01-12 18:00:00;1.84;3.2;11.5;15.0;39.0;30.0;8.0;710.9;0.0;30.0;4.9;0.052;18.12;7.1;25.0
283;2025-01-12 19:00:00;1.96;5.1;23.1;28.4;26.0;27.0;;711.4;0.0;29.0;4.9;0.0;16.7;6.7;18.0
284;2025-01-12 20:00:00;1.98;3.2;23.2;26.7;25.0;38.0;;712.3;0.0;33.0;5.2;0.0;15.34;10.2;71.0
285;2025-01-12 21:00:00;2.08;4.1;28.3;32.7;19.0;40.0;;713.1;0.0;35.0;6.8;0.0;14.31;7.6;68.0
286;2025-01-12 22:00:00;2.15;2.8;21.3;24.3;23.0;42.0;7.0;713.7;0.0;39.0;5.0;0.0;13.11;3.0;42.0
287;2025-01-12 23:00:00;2.07;2.8;21.4;24.4;24.0;38.0;12.0;714.4;0.0;41.0;5.6;0.0;12.5;5.2;58.0
288;2025-01-13 00:00:00;2.02;2.9;23.5;26.6;22.0;39.0;12.0;714.6;0.0;42.0;6.7;0.0;12.11;7.6;93.0
289;2025-01-13 01:00:00;1.99;2.8;21.9;24.9;22.0;39.0;11.0;714.9;0.0;44.0;6.4;0.0;11.47;7.4;110.0
290;2025-01-13 02:00:00;1.93;2.7;21.3;24.2;22.0;31.0;11.0;715.3;0.0;43.0;6.6;0.0;11.28;6.5;126.0
291;2025-01-13 03:00:00;1.87;2.6;21.4;24.3;21.0;32.0;;715.5;0.0;43.0;6.7;0.0;11.23;4.3;141.0
292;2025-01-13 04:00:00;1.88;2.5;14.0;16.8;26.0;28.0;;715.7;0.0;44.0;5.5;0.0;10.86;3.1;154.0
293;2025-01-13 05:00:00;1.95;2.6;17.7;20.4;21.0;26.0;;715.8;0.0;47.0;5.4;0.0;10.43;4.5;94.0
294;2025-01-13 06:00:00;1.9;2.7;15.8;18.8;26.0;30.0;8.0;716.3;0.0;49.0;5.9;0.0;10.25;5.7;69.0
295;2025-01-13 07:00:00;2.1;9.5;31.5;41.2;10.0;31.0;6.0;716.7;0.0;50.0;6.2;0.0;9.85;5.8;102.0
296;2025-01-13 08:00:00;2.02;6.4;27.5;34.2;17.0;36.0;7.0;717.4;0.0;49.0;5.6;0.007;9.47;8.6;57.0
297;2025-01-13 09:00:00;2.07;7.5;25.3;33.0;20.0;47.0;8.0;718.2;0.0;53.0;5.6;0.066;8.7;8.1;82.0
298;2025-01-13 10:00:00;2.04;9.2;19.8;29.2;28.0;44.0;10.0;718.7;0.0;50.0;5.5;0.178;10.01;9.0;39.0
299;2025-01-13 11:00:00;1.93;7.6;14.8;22.6;33.0;44.0;11.0;718.9;0.0;47.0;5.4;0.279;10.93;9.3;18.0
300;2025-01-13 12:00:00;1.99;7.6;15.0;22.9;35.0;38.0;11.0;718.7;0.0;43.0;5.7;0.418;12.09;6.5;35.0
301;2025-01-13 13:00:00;1.93;6.7;11.9;18.8;40.0;37.0;;718.1;0.0;41.0;5.5;0.593;13.0;7.9;20.0
302;2025-01-13 14:00:00;1.91;7.2;13.8;21.2;41.0;32.0;;717.1;0.0;38.0;5.7;0.626;14.06;7.5;25.0
303;2025-01-13 15:00:00;1.9;10.4;20.9;31.5;36.0;46.0;;716.4;0.0;36.0;8.9;0.557;14.74;8.0;55.0
304;2025-01-13 16:00:00;1.93;6.5;17.5;24.3;45.0;44.0;18.43;716.0;0.0;35.0;7.5;0.429;15.43;8.7;74.0
305;2025-01-13 17:00:00;2.01;5.1;19.3;24.7;48.0;43.0;24.57;716.1;0.0;36.0;6.5;0.204;15.43;11.2;61.0
306;2025-01-13 18:00:00;2.06;4.2;23.0;27.5;44.0;55.0;20.62;716.1;0.0;39.0;8.8;0.052;14.83;11.1;70.0
307;2025-01-13 19:00:00;2.13;3.2;27.8;31.2;37.0;52.0;21.17;716.4;0.0;42.0;9.8;0.001;13.94;8.8;94.0
308;2025-01-13 20:00:00;1.96;3.4;18.0;21.6;35.0;48.0;12.49;716.9;0.0;43.0;7.3;0.0;13.03;11.2;76.0
309;2025-01-13 21:00:00;1.89;3.3;15.6;19.1;34.0;35.0;9.26;717.4;0.0;44.0;7.9;0.0;12.38;9.2;85.0
310;2025-01-13 22:00:00;1.82;2.7;9.5;12.5;39.0;29.0;7.62;717.8;0.0;44.0;5.4;0.0;11.94;9.6;102.0
311;2025-01-13 23:00:00;1.79;2.5;8.7;11.3;40.0;25.0;6.68;718.1;0.0;43.0;5.5;0.0;11.62;8.7;113.0
312;2025-01-14 00:00:00;1.77;2.3;7.0;9.5;41.0;24.0;6.66;718.1;0.0;46.0;4.9;0.0;11.25;7.9;104.0
313;2025-01-14 01:00:00;1.76;2.2;5.6;8.0;42.0;24.0;6.68;718.0;0.0;47.0;4.9;0.0;11.05;6.9;90.0
314;2025-01-14 02:00:00;1.76;2.1;4.9;7.2;43.0;21.0;6.31;717.8;0.0;47.0;4.8;0.0;10.91;6.6;78.0
315;2025-01-14 03:00:00;1.76;2.1;4.8;7.1;43.0;22.0;7.11;717.7;0.0;48.0;4.7;0.0;10.72;5.1;67.0
316;2025-01-14 04:00:00;1.79;2.2;12.4;14.8;34.0;22.0;12.64;717.5;0.0;50.0;5.6;0.0;10.26;5.0;44.0
317;2025-01-14 05:00:00;1.88;3.1;31.4;34.7;12.0;25.0;22.84;717.3;0.0;56.0;6.7;0.0;9.33;3.7;13.0
318;2025-01-14 06:00:00;1.93;4.2;35.5;39.9;8.0;47.0;;717.3;0.0;63.0;7.1;0.0;9.01;1.8;23.0
319;2025-01-14 07:00:00;2.0;7.1;36.2;43.6;8.0;60.0;30.67;717.6;0.0;63.0;7.2;0.0;9.11;2.2;344.0
320;2025-01-14 08:00:00;2.19;12.3;36.1;48.6;6.0;48.0;18.87;717.9;0.0;63.0;8.0;0.002;9.06;1.8;330.0
321;2025-01-14 09:00:00;2.28;15.7;37.3;53.2;8.0;48.0;19.75;718.3;0.0;62.0;8.5;0.034;9.53;1.8;4.0
322;2025-01-14 10:00:00;2.34;27.5;38.3;66.0;8.0;44.0;25.76;718.8;0.0;58.0;8.9;0.064;10.37;1.8;41.0
323;2025-01-14 11:00:00;2.33;23.3;38.2;61.8;13.0;49.0;26.34;719.0;0.0;54.0;11.8;0.142;11.27;2.0;19.0
324;2025-01-14 12:00:00;2.29;27.3;40.8;68.3;16.0;54.0;33.15;718.8;0.0;53.0;18.5;0.236;12.01;5.2;3.0
325;2025-01-14 13:00:00;2.28;23.7;44.0;67.9;18.0;62.0;40.09;718.0;0.0;51.0;20.5;0.236;12.49;4.8;33.0
326;2025-01-14 14:00:00;2.35;32.2;49.4;81.7;16.0;78.0;47.8;717.1;0.0;51.0;20.7;0.269;12.88;6.2;65.0
327;2025-01-14 15:00:00;2.27;23.0;46.2;69.4;20.0;93.0;44.75;716.7;0.0;49.0;18.5;0.246;13.3;6.4;57.0
328;2025-01-14 16:00:00;2.25;13.0;40.4;53.6;25.0;94.0;42.41;716.6;0.0;50.0;13.4;0.191;13.3;6.3;70.0
329;2025-01-14 17:00:00;2.31;14.9;48.3;63.4;17.0;84.0;45.71;716.8;0.0;51.0;12.1;0.096;13.25;5.2;53.0
330;2025-01-14 18:00:00;2.33;11.2;47.7;59.1;15.0;87.0;42.22;716.7;0.0;54.0;11.1;0.035;12.92;5.9;78.0
331;2025-01-14 19:00:00;2.35;5.2;39.6;45.0;18.0;75.0;36.02;717.1;0.0;57.0;9.3;0.0;12.33;7.3;68.0
332;2025-01-14 20:00:00;2.33;4.7;36.7;41.6;16.0;75.0;36.15;717.2;0.0;64.0;8.5;0.0;11.71;7.2;65.0
333;2025-01-14 21:00:00;2.23;4.1;31.4;35.6;19.0;72.0;38.9;717.7;0.0;67.0;9.5;0.0;11.19;4.5;76.0
334;2025-01-14 22:00:00;2.33;6.8;38.6;45.7;9.0;63.0;47.2;717.9;0.0;70.0;11.0;0.0;10.91;3.7;53.0
335;2025-01-14 23:00:00;2.34;6.1;36.8;43.1;8.0;65.0;55.95;718.2;0.0;72.0;10.7;0.0;10.55;1.9;55.0
336;2025-01-15 00:00:00;2.34;10.2;37.2;47.7;4.0;76.0;63.74;718.3;0.0;74.0;10.5;0.0;10.34;1.8;73.0
337;2025-01-15 01:00:00;2.26;9.0;34.3;43.6;4.0;76.0;56.01;718.2;0.0;76.0;9.1;0.0;10.14;1.8;113.0
338;2025-01-15 02:00:00;2.29;12.2;33.7;46.1;4.0;71.0;60.4;718.0;0.0;77.0;8.3;0.0;10.14;1.8;202.0
339;2025-01-15 03:00:00;2.28;12.5;34.2;47.0;;73.0;57.21;717.7;0.0;76.0;8.1;0.0;10.29;;178.0
340;2025-01-15 04:00:00;2.3;11.3;34.5;46.1;;71.0;58.45;717.6;0.0;76.0;8.1;0.0;10.42;;235.0
341;2025-01-15 05:00:00;2.25;16.3;35.2;51.7;;72.0;54.36;717.7;0.0;75.0;8.5;0.0;10.57;1.9;270.0
342;2025-01-15 06:00:00;2.33;39.5;37.0;76.7;;78.0;58.64;717.8;0.0;73.0;9.0;0.0;10.59;1.8;220.0
343;2025-01-15 07:00:00;2.48;54.7;40.5;95.5;;88.0;68.01;718.1;0.0;71.0;11.3;0.0;10.76;1.8;253.0
344;2025-01-15 08:00:00;2.53;57.2;38.2;95.7;;87.0;64.23;718.4;0.0;70.0;10.5;0.002;10.98;1.8;226.0
345;2025-01-15 09:00:00;2.54;43.7;36.5;80.4;5.0;88.0;54.76;718.8;0.0;67.0;9.3;0.033;11.53;;117.0
346;2025-01-15 10:00:00;2.43;28.0;34.5;62.7;7.0;73.0;47.75;719.4;0.0;64.0;7.8;0.08;12.25;;74.0
347;2025-01-15 11:00:00;2.53;38.8;38.1;77.2;8.0;79.0;49.37;719.9;0.0;61.0;7.6;0.119;12.74;;36.0
348;2025-01-15 12:00:00;2.53;29.5;37.0;66.7;11.0;86.0;55.38;719.8;0.0;59.0;7.5;0.166;13.47;;25.0
349;2025-01-15 13:00:00;2.44;20.8;35.0;56.0;16.0;87.0;50.01;719.3;0.0;59.0;7.3;0.199;13.92;4.8;30.0
350;2025-01-15 14:00:00;2.2;10.8;24.1;35.1;26.0;90.0;31.68;718.5;0.0;58.0;6.9;0.24;14.35;5.6;20.0
351;2025-01-15 15:00:00;2.14;9.7;23.8;33.8;26.0;62.0;24.99;718.1;0.0;59.0;6.9;0.207;14.63;8.4;77.0
352;2025-01-15 16:00:00;2.1;6.7;19.7;26.7;28.0;60.0;15.33;718.2;0.0;63.0;6.0;0.104;14.19;8.6;47.0
353;2025-01-15 17:00:00;2.21;7.6;24.9;32.7;20.0;53.0;14.51;718.5;0.0;68.0;5.6;0.053;13.53;9.4;54.0
354;2025-01-15 18:00:00;2.28;8.0;29.8;38.1;15.0;55.0;16.11;719.0;0.0;71.0;5.5;0.019;13.02;8.1;41.0
355;2025-01-15 19:00:00;2.26;7.6;33.5;41.3;10.0;54.0;16.52;719.7;0.0;73.0;5.3;0.0;12.51;6.9;38.0
356;2025-01-15 20:00:00;2.15;5.1;29.6;34.9;13.0;50.0;15.67;720.3;0.0;74.0;5.2;0.0;12.18;6.3;47.0
357;2025-01-15 21:00:00;2.19;5.1;31.8;37.1;11.0;48.0;17.32;720.8;0.0;74.0;5.6;0.0;12.16;7.0;94.0
358;2025-01-15 22:00:00;2.15;;28.6;33.9;14.0;41.0;16.33;721.2;0.0;79.0;5.4;0.0;11.56;5.1;77.0
359;2025-01-15 23:00:00;2.1;3.5;23.4;27.1;18.0;36.0;15.09;721.4;0.0;83.0;5.1;0.0;11.12;1.8;78.0
360;2025-01-16 00:00:00;2.06;3.4;18.1;21.6;24.0;35.0;12.92;721.3;0.0;82.0;5.0;0.0;11.05;3.7;47.0
361;2025-01-16 01:00:00;2.14;3.2;17.3;20.6;23.0;33.0;17.48;721.1;0.0;84.0;5.0;0.0;10.76;2.0;16.0
362;2025-01-16 02:00:00;2.09;3.0;15.9;19.0;23.0;31.0;18.67;720.9;0.0;84.0;5.0;0.0;10.87;1.8;65.0
363;2025-01-16 03:00:00;2.05;2.9;20.7;23.8;17.0;28.0;20.96;720.5;0.0;85.0;4.9;0.0;10.82;1.8;357.0
364;2025-01-16 04:00:00;2.05;2.9;20.1;23.2;16.0;30.0;26.0;720.2;0.0;85.0;4.8;0.0;10.87;1.8;336.0
365;2025-01-16 05:00:00;2.05;3.0;18.9;22.1;14.0;44.0;28.55;720.0;0.0;84.0;4.8;0.0;11.01;;301.0
366;2025-01-16 06:00:00;2.07;3.1;19.1;22.3;17.0;42.0;23.49;720.1;0.0;83.0;4.8;0.0;11.27;;17.0
367;2025-01-16 07:00:00;2.09;5.1;27.1;32.3;11.0;32.0;15.75;720.1;0.0;81.0;4.9;0.0;11.39;;29.0
368;2025-01-16 08:00:00;2.25;15.8;33.1;49.1;5.0;33.0;18.49;720.4;0.0;81.0;4.9;0.001;11.59;2.4;44.0
369;2025-01-16 09:00:00;2.43;18.5;35.5;54.2;7.0;37.0;25.63;720.8;0.0;81.0;5.1;0.015;11.49;5.4;46.0
370;2025-01-16 10:00:00;2.5;32.2;37.1;69.5;6.0;52.0;30.64;720.8;0.0;84.0;5.4;0.03;11.31;5.5;80.0
371;2025-01-16 11:00:00;2.39;26.3;33.9;60.5;8.0;56.0;36.34;720.7;0.0;80.0;5.5;0.058;11.44;5.5;46.0
372;2025-01-16 12:00:00;2.34;16.7;30.8;47.7;11.0;51.0;30.21;720.2;0.0;72.0;5.4;0.074;12.22;6.9;91.0
373;2025-01-16 13:00:00;2.2;9.7;22.9;32.8;16.0;46.0;25.51;719.5;0.0;75.0;6.8;0.067;12.04;6.4;124.0
374;2025-01-16 14:00:00;2.08;5.8;16.5;22.6;24.0;33.0;22.43;719.0;0.0;72.0;8.6;0.09;12.02;6.9;123.0
375;2025-01-16 15:00:00;2.06;6.1;14.7;21.0;29.0;38.0;28.61;718.3;0.0;69.0;8.9;0.196;12.51;7.0;111.0
376;2025-01-16 16:00:00;2.04;5.3;14.3;19.8;30.0;43.0;32.02;717.9;0.0;67.0;8.4;0.147;12.84;5.7;105.0
377;2025-01-16 17:00:00;2.04;4.9;13.5;18.6;30.0;42.0;30.81;717.4;0.0;66.0;7.6;0.121;13.01;7.1;122.0
378;2025-01-16 18:00:00;2.08;4.4;15.8;20.4;25.0;38.0;28.42;717.1;0.0;70.0;6.4;0.045;12.62;7.3;113.0
379;2025-01-16 19:00:00;2.16;4.0;20.6;24.8;19.0;41.0;29.54;717.1;0.0;71.0;5.9;0.001;12.25;2.8;101.0
380;2025-01-16 20:00:00;2.18;4.3;24.3;28.7;14.0;40.0;31.97;717.0;0.0;72.0;5.5;0.0;12.08;5.6;113.0
381;2025-01-16 21:00:00;2.1;3.7;19.0;23.0;17.0;37.0;32.76;717.0;0.0;76.0;5.2;0.0;11.73;5.3;99.0
382;2025-01-16 22:00:00;2.22;7.3;23.5;31.0;8.0;37.0;32.51;717.0;0.0;77.0;5.1;0.0;11.35;2.4;156.0
383;2025-01-16 23:00:00;2.4;18.3;24.5;42.9;4.0;42.0;35.02;716.6;0.0;81.0;5.0;0.0;10.35;1.8;215.0
384;2025-01-17 00:00:00;2.43;24.0;24.1;48.3;4.0;41.0;37.44;716.1;0.0;82.0;4.8;0.0;9.89;1.9;223.0
385;2025-01-17 01:00:00;2.39;22.6;24.9;47.7;4.0;45.0;36.08;715.3;0.0;83.0;4.6;0.0;9.63;1.9;230.0
386;2025-01-17 02:00:00;2.3;18.0;24.9;43.0;;43.0;36.94;714.6;0.0;83.0;4.7;0.0;9.46;1.8;241.0
387;2025-01-17 03:00:00;2.61;54.4;26.5;81.1;;43.0;;714.1;0.0;83.0;5.1;0.0;9.31;2.3;221.0
388;2025-01-17 04:00:00;2.39;39.3;26.4;65.9;;82.0;62.32;713.5;0.0;81.0;5.9;0.0;9.33;1.9;266.0
389;2025-01-17 05:00:00;2.3;50.9;26.3;77.4;;97.0;61.28;713.1;0.0;80.0;5.8;0.0;9.39;3.0;244.0
390;2025-01-17 06:00:00;2.3;67.9;26.0;94.1;;85.0;62.65;712.7;0.0;81.0;6.2;0.0;9.18;2.1;291.0
391;2025-01-17 07:00:00;2.33;57.8;23.3;81.4;;91.0;54.26;712.5;0.0;81.0;6.4;0.0;9.26;2.1;313.0
392;2025-01-17 08:00:00;2.69;83.0;23.1;106.4;;85.0;51.78;712.2;0.0;81.0;6.1;0.005;9.43;2.0;289.0
393;2025-01-17 09:00:00;2.94;91.1;27.2;118.6;;80.0;58.63;712.3;0.0;77.0;6.5;0.06;10.49;4.0;306.0
394;2025-01-17 10:00:00;3.03;92.6;30.1;123.0;5.0;86.0;60.1;712.2;0.0;71.0;6.5;0.144;12.1;4.4;206.0
395;2025-01-17 11:00:00;2.93;73.0;33.1;106.4;7.0;90.0;64.88;712.0;0.0;63.0;6.7;0.249;14.48;3.5;138.0
396;2025-01-17 12:00:00;2.55;36.4;32.3;68.9;12.0;86.0;49.81;711.5;0.0;55.0;6.6;0.313;16.58;3.9;83.0
397;2025-01-17 13:00:00;2.59;31.1;36.6;67.8;16.0;67.0;54.93;710.5;0.0;49.0;6.5;0.388;18.33;4.3;71.0
398;2025-01-17 14:00:00;2.91;45.2;58.1;103.6;16.0;69.0;;709.5;0.0;44.0;7.3;0.385;20.04;4.7;75.0
399;2025-01-17 15:00:00;2.66;24.0;41.0;65.1;22.0;92.0;48.01;708.6;0.0;43.0;6.9;0.399;21.69;4.2;62.0
400;2025-01-17 16:00:00;2.78;16.1;45.4;61.7;35.0;69.0;55.46;708.2;0.0;42.0;6.2;0.394;22.62;7.1;66.0
401;2025-01-17 17:00:00;2.58;10.9;38.0;49.1;34.0;94.0;40.85;708.0;0.0;41.0;5.8;0.228;22.9;8.0;73.0
402;2025-01-17 18:00:00;2.66;9.0;43.5;52.8;22.0;86.0;37.61;708.3;0.0;47.0;5.4;0.052;21.42;6.2;63.0
403;2025-01-17 19:00:00;2.82;13.7;52.8;66.7;8.0;74.0;38.29;708.6;0.0;54.0;5.5;0.001;19.54;6.7;25.0
404;2025-01-17 20:00:00;;;;;;;;;;;;0.0;;;
405;2025-01-17 21:00:00;3.16;38.0;49.1;87.3;4.0;27.0;;709.1;0.0;64.0;6.3;0.0;16.52;2.5;257.0
406;2025-01-17 22:00:00;3.18;55.9;54.8;110.9;4.0;;;709.5;0.0;65.0;6.3;0.0;16.04;2.6;227.0
407;2025-01-17 23:00:00;;;;;;;;;;;;0.0;;;
408;2025-01-18 00:00:00;3.42;81.1;52.3;133.8;4.0;107.0;;709.6;0.0;70.0;6.4;0.0;15.32;2.6;242.0
409;2025-01-18 01:00:00;3.52;92.6;52.8;145.6;5.0;116.0;;709.3;0.0;69.0;6.8;0.0;15.51;4.0;254.0
410;2025-01-18 02:00:00;3.32;96.2;51.5;148.0;5.0;138.0;;709.0;0.0;65.0;8.2;0.0;15.88;3.5;335.0
411;2025-01-18 03:00:00;2.71;59.8;40.6;100.7;4.0;143.0;;708.6;0.0;58.0;7.6;0.0;16.51;3.3;301.0
412;2025-01-18 04:00:00;2.48;45.4;32.5;78.2;4.0;95.0;;708.4;0.0;53.0;7.5;0.0;16.91;3.5;291.0
413;2025-01-18 05:00:00;2.07;15.7;27.6;43.4;4.0;71.0;;708.4;0.0;48.0;9.0;0.0;17.54;3.5;317.0
414;2025-01-18 06:00:00;1.87;7.3;21.9;29.5;6.0;58.0;;708.6;0.0;44.0;10.1;0.0;18.23;7.0;217.0
415;2025-01-18 07:00:00;1.88;11.3;24.1;35.6;5.0;49.0;;708.9;0.0;41.0;11.1;0.0;18.38;7.5;218.0
416;2025-01-18 08:00:00;2.14;22.8;30.6;53.5;5.0;51.0;;710.0;0.0;50.0;8.7;0.004;17.02;9.0;96.0
417;2025-01-18 09:00:00;2.04;14.1;25.9;40.1;12.0;74.0;;711.0;0.0;46.0;7.9;0.033;17.61;10.0;128.0
418;2025-01-18 10:00:00;2.05;14.0;23.3;37.5;19.0;65.0;;711.6;0.0;37.0;8.3;0.138;19.58;8.9;119.0
419;2025-01-18 11:00:00;2.02;13.0;22.4;35.6;26.0;80.0;;711.8;0.0;32.0;8.0;0.422;21.37;7.2;118.0
420;2025-01-18 12:00:00;1.94;9.9;18.5;28.7;34.0;97.0;;711.8;0.0;27.0;6.8;0.54;22.09;9.4;74.0
421;2025-01-18 13:00:00;1.85;6.4;10.7;17.4;43.0;129.0;;711.2;0.0;21.0;4.9;0.593;22.97;8.9;36.0
422;2025-01-18 14:00:00;1.82;7.3;13.9;21.5;41.0;119.0;;710.3;0.0;18.0;6.6;0.604;23.87;8.2;57.0
423;2025-01-18 15:00:00;1.85;6.9;14.9;22.0;45.0;109.0;;709.7;0.0;18.0;6.7;0.536;24.44;7.2;40.0
424;2025-01-18 16:00:00;1.89;5.7;16.0;22.0;50.0;100.0;;709.3;0.0;18.0;6.0;0.412;25.09;6.3;110.0
425;2025-01-18 17:00:00;1.94;4.3;14.9;19.4;61.0;93.0;;709.2;0.0;20.0;4.9;0.218;24.7;7.1;80.0
426;2025-01-18 18:00:00;2.03;3.9;17.7;21.7;55.0;97.0;;709.6;0.0;27.0;5.6;0.057;23.26;8.1;85.0
427;2025-01-18 19:00:00;2.16;3.7;14.4;18.3;55.0;93.0;;710.3;0.0;32.0;5.9;0.002;21.46;7.0;130.0
428;2025-01-18 20:00:00;2.17;3.4;18.5;22.1;39.0;88.0;;711.0;0.0;35.0;5.2;0.0;19.9;2.8;238.0
429;2025-01-18 21:00:00;2.16;3.8;18.3;22.4;35.0;94.0;;711.5;0.0;33.0;4.9;0.0;19.6;4.8;84.0
430;2025-01-18 22:00:00;2.12;3.8;14.2;18.3;38.0;80.0;;711.9;0.0;32.0;4.7;0.0;19.46;6.8;78.0
431;2025-01-18 23:00:00;2.04;3.4;18.0;21.6;30.0;73.0;;712.5;0.0;34.0;4.6;0.0;18.46;5.0;27.0
432;2025-01-19 00:00:00;2.23;4.6;32.5;37.3;13.0;68.0;;713.2;0.0;39.0;4.5;0.0;16.77;1.9;264.0
433;2025-01-19 01:00:00;2.28;5.0;32.5;37.7;12.0;77.0;;713.4;0.0;44.0;4.5;0.0;15.24;1.8;262.0
434;2025-01-19 02:00:00;2.47;17.7;37.3;55.2;7.0;72.0;;713.8;0.0;49.0;5.1;0.0;14.5;1.8;207.0
435;2025-01-19 03:00:00;2.45;17.6;39.7;57.6;6.0;86.0;;714.2;0.0;47.0;5.9;0.0;14.13;4.6;356.0
436;2025-01-19 04:00:00;1.9;3.8;11.4;15.5;37.0;87.0;;714.7;0.0;32.0;5.1;0.0;15.34;10.0;43.0
437;2025-01-19 05:00:00;1.91;5.3;22.6;28.1;23.0;59.0;;715.7;0.0;42.0;5.8;0.0;12.76;10.2;44.0
438;2025-01-19 06:00:00;1.88;3.5;13.0;16.7;29.0;61.0;;717.1;0.0;48.0;4.8;0.0;10.58;12.2;14.0
439;2025-01-19 07:00:00;1.82;3.0;7.4;10.7;30.0;68.0;;718.5;0.0;55.0;4.4;0.0;8.11;12.5;28.0
440;2025-01-19 08:00:00;1.85;3.3;12.9;16.4;23.0;71.0;;719.6;0.0;57.0;4.5;0.004;6.83;11.5;47.0
441;2025-01-19 09:00:00;1.85;3.6;9.8;13.6;25.0;66.0;;720.5;0.0;57.0;4.4;0.036;5.83;11.0;30.0
442;2025-01-19 10:00:00;1.81;3.6;7.9;11.8;27.0;65.0;;721.2;0.0;51.0;4.2;0.069;5.53;12.5;39.0
443;2025-01-19 11:00:00;1.81;4.2;8.2;12.6;27.0;66.0;;721.5;0.0;50.0;4.2;0.09;5.79;10.2;30.0
444;2025-01-19 12:00:00;1.83;4.1;8.0;12.4;27.0;39.0;;721.4;0.0;48.0;4.3;0.14;6.26;8.7;42.0
445;2025-01-19 13:00:00;1.88;5.4;9.0;14.6;;33.0;;720.7;0.0;46.0;4.4;0.198;6.84;7.1;30.0
446;2025-01-19 14:00:00;1.9;5.3;9.4;14.9;28.0;34.0;;719.7;0.0;46.0;4.7;0.238;7.3;6.5;359.0
447;2025-01-19 15:00:00;1.94;7.1;12.8;20.1;25.0;36.0;;718.8;0.0;44.0;4.9;0.266;8.03;6.6;355.0
448;2025-01-19 16:00:00;2.01;7.6;15.2;23.1;25.0;42.0;;718.3;0.0;42.0;5.3;0.214;8.27;7.5;24.0
449;2025-01-19 17:00:00;1.92;7.1;14.7;22.0;27.0;50.0;;718.1;0.0;40.0;5.4;0.173;8.6;8.3;57.0
450;2025-01-19 18:00:00;1.95;4.2;14.7;19.1;28.0;39.0;;718.0;0.0;41.0;4.6;0.032;8.15;10.2;58.0
451;2025-01-19 19:00:00;1.98;3.0;13.5;16.6;27.0;43.0;;718.3;0.0;45.0;4.5;0.001;7.89;10.6;87.0
452;2025-01-19 20:00:00;1.97;3.2;13.8;17.2;25.0;44.0;;718.3;0.0;48.0;4.9;0.0;7.72;9.5;80.0
453;2025-01-19 21:00:00;1.92;2.8;9.0;12.1;27.0;39.0;;718.5;0.0;52.0;4.6;0.0;7.27;11.2;114.0
454;2025-01-19 22:00:00;1.9;2.6;7.3;10.1;29.0;43.0;;718.5;0.0;52.0;4.6;0.0;6.92;13.2;119.0
455;2025-01-19 23:00:00;1.89;2.4;6.6;9.3;30.0;38.0;;718.5;0.0;51.0;4.5;0.0;6.77;13.0;115.0
456;2025-01-20 00:00:00;1.86;2.4;6.4;9.0;31.0;35.0;;718.0;0.0;48.0;4.6;0.0;6.51;12.2;81.0
457;2025-01-20 01:00:00;1.89;2.5;7.7;10.4;28.0;37.0;;717.6;0.0;52.0;4.6;0.0;5.94;10.7;59.0
458;2025-01-20 02:00:00;1.85;2.3;4.6;7.2;32.0;36.0;;717.2;0.0;50.0;4.6;0.0;6.04;11.6;77.0
459;2025-01-20 03:00:00;1.84;3.1;13.9;17.2;28.0;26.0;;717.1;0.0;48.0;5.4;0.0;4.34;13.1;42.0
460;2025-01-20 04:00:00;1.84;2.4;7.1;9.8;31.0;35.0;;716.7;0.0;53.0;6.1;0.0;3.61;8.4;34.0
461;2025-01-20 05:00:00;1.83;2.3;5.8;8.4;31.0;28.0;;716.6;0.0;54.0;5.2;0.0;3.34;7.5;43.0
462;2025-01-20 06:00:00;1.84;2.2;9.7;12.1;27.0;28.0;;716.6;0.0;54.0;4.5;0.0;3.39;7.5;29.0
463;2025-01-20 07:00:00;1.91;5.0;17.9;23.1;20.0;28.0;;716.9;0.0;54.0;4.6;0.0;3.13;7.6;20.0
464;2025-01-20 08:00:00;2.05;9.1;28.2;37.5;10.0;33.0;;717.1;0.0;54.0;5.0;0.008;3.4;5.2;2.0
465;2025-01-20 09:00:00;1.94;5.0;11.6;16.9;24.0;32.0;;717.3;0.0;54.0;4.5;0.079;4.77;9.0;82.0
466;2025-01-20 10:00:00;2.1;6.3;9.5;16.0;30.0;32.0;;717.5;0.0;47.0;4.5;0.198;5.67;11.3;75.0
467;2025-01-20 11:00:00;2.02;9.0;12.8;22.0;30.0;52.0;;717.6;0.0;43.0;4.7;0.469;6.34;9.8;37.0
468;2025-01-20 12:00:00;1.94;7.9;11.4;19.6;33.0;47.0;;717.2;0.0;41.0;4.9;0.559;7.35;9.1;39.0
469;2025-01-20 13:00:00;1.93;6.0;9.4;15.7;38.0;37.0;;716.7;0.0;39.0;4.7;0.612;8.44;9.4;63.0
470;2025-01-20 14:00:00;1.95;7.1;11.4;18.8;37.0;30.0;;715.7;0.0;38.0;5.1;0.545;9.17;10.8;52.0
471;2025-01-20 15:00:00;1.96;7.3;12.0;19.6;39.0;42.0;14.48;714.9;0.0;38.0;5.3;0.51;9.85;11.0;36.0
472;2025-01-20 16:00:00;1.98;5.6;11.3;17.1;41.0;44.0;11.4;714.4;0.0;38.0;5.1;0.39;10.5;10.8;47.0
473;2025-01-20 17:00:00;2.02;8.6;17.5;26.3;33.0;39.0;12.13;714.3;0.0;40.0;6.5;0.253;10.28;13.1;46.0
474;2025-01-20 18:00:00;2.05;8.1;21.7;30.1;25.0;57.0;13.16;714.5;0.0;47.0;5.8;0.065;8.65;11.7;49.0
475;2025-01-20 19:00:00;2.1;4.8;20.2;25.2;24.0;59.0;14.54;715.0;0.0;58.0;6.7;0.003;6.98;11.8;54.0
476;2025-01-20 20:00:00;2.16;6.9;26.6;33.8;16.0;52.0;16.02;715.7;0.0;64.0;9.7;0.0;6.33;9.4;29.0
477;2025-01-20 21:00:00;2.12;7.9;27.8;35.9;13.0;46.0;20.04;716.3;0.0;70.0;7.1;0.0;5.52;9.4;39.0
478;2025-01-20 22:00:00;2.18;9.7;30.6;40.5;8.0;45.0;21.71;716.9;0.0;66.0;5.8;0.0;5.03;8.2;38.0
479;2025-01-20 23:00:00;2.13;7.0;26.7;33.9;11.0;60.0;17.99;717.4;0.0;64.0;5.6;0.0;4.71;10.3;27.0
480;2025-01-21 00:00:00;1.92;3.7;12.1;16.0;23.0;51.0;9.28;717.8;0.0;70.0;4.8;0.0;3.54;11.0;39.0
481;2025-01-21 01:00:00;2.04;3.1;11.7;15.1;22.0;37.0;10.32;718.0;0.0;75.0;5.2;0.0;2.89;10.0;46.0
482;2025-01-21 02:00:00;2.05;2.7;10.5;13.4;19.0;31.0;11.75;718.8;0.0;84.0;4.7;0.0;1.7;10.3;24.0
483;2025-01-21 03:00:00;2.02;2.7;12.1;15.1;17.0;27.0;11.35;719.3;0.0;87.0;4.6;0.0;0.62;10.4;48.0
484;2025-01-21 04:00:00;1.96;;8.7;11.6;21.0;24.0;8.31;720.2;0.0;88.0;4.9;0.0;0.16;9.2;23.0
485;2025-01-21 05:00:00;1.95;2.8;7.9;10.9;24.0;21.0;9.35;720.9;0.0;89.0;4.9;0.0;-0.04;11.4;11.0
486;2025-01-21 06:00:00;1.92;2.8;6.4;9.4;27.0;20.0;4.02;722.0;0.0;88.0;4.7;0.0;-0.23;9.9;23.0
487;2025-01-21 07:00:00;1.96;2.9;11.9;15.0;20.0;18.0;7.57;722.8;0.0;89.0;4.7;0.0;-0.31;7.6;50.0
488;2025-01-21 08:00:00;2.01;3.5;14.9;18.7;18.0;24.0;7.03;723.7;0.0;87.0;4.9;0.001;-0.56;9.1;46.0
489;2025-01-21 09:00:00;2.02;5.0;16.6;21.9;17.0;24.0;7.29;724.7;0.0;84.0;4.6;0.01;-0.65;10.1;29.0
490;2025-01-21 10:00:00;2.03;5.1;16.1;21.3;19.0;23.0;7.42;725.4;0.0;80.0;5.2;0.022;-0.51;9.2;42.0
491;2025-01-21 11:00:00;2.02;5.6;15.7;21.5;20.0;32.0;7.57;726.0;0.0;78.0;4.6;0.041;-0.11;7.1;37.0
492;2025-01-21 12:00:00;2.01;5.4;14.3;19.8;21.0;36.0;7.98;725.9;0.0;76.0;4.5;0.057;0.46;6.3;32.0
493;2025-01-21 13:00:00;2.0;5.6;13.7;19.6;22.0;29.0;8.98;725.6;0.0;74.0;4.6;0.046;0.54;10.6;13.0
494;2025-01-21 14:00:00;2.04;6.7;16.0;22.9;19.0;33.0;12.78;725.0;0.0;75.0;4.7;0.041;0.3;10.5;15.0
495;2025-01-21 15:00:00;2.02;6.3;17.1;23.6;18.0;36.0;15.97;724.4;0.0;75.0;4.6;0.038;0.32;9.6;20.0
496;2025-01-21 16:00:00;2.05;6.1;20.7;27.1;16.0;36.0;16.95;724.2;0.0;77.0;4.6;0.027;0.12;7.3;82.0
497;2025-01-21 17:00:00;2.09;6.3;20.9;27.5;15.0;39.0;14.73;724.2;0.0;76.0;4.5;0.026;0.02;7.5;129.0
498;2025-01-21 18:00:00;2.17;8.0;25.8;34.0;11.0;34.0;17.79;724.2;0.0;72.0;4.6;0.018;0.74;6.2;105.0
499;2025-01-21 19:00:00;2.05;6.3;24.7;31.2;14.0;39.0;13.97;724.2;0.0;69.0;5.0;0.001;0.72;8.0;47.0
500;2025-01-21 20:00:00;2.04;4.0;18.4;22.6;20.0;35.0;15.39;724.2;0.0;69.0;4.5;0.0;0.7;6.9;88.0
501;2025-01-21 21:00:00;2.06;11.5;22.0;33.7;12.0;28.0;25.82;723.9;0.0;71.0;5.2;0.0;0.83;9.4;79.0
502;2025-01-21 22:00:00;2.0;8.9;27.0;36.1;12.0;36.0;16.84;724.1;0.0;72.0;5.8;0.0;0.1;7.5;36.0
503;2025-01-21 23:00:00;1.97;5.6;23.6;29.4;12.0;33.0;17.5;724.1;0.0;75.0;5.5;0.0;-0.08;6.1;8.0
504;2025-01-22 00:00:00;1.92;3.0;7.2;10.4;24.0;34.0;19.88;723.7;0.0;78.0;4.6;0.0;0.09;8.9;111.0
505;2025-01-22 01:00:00;1.94;2.6;7.4;10.2;24.0;29.0;19.24;723.4;0.0;79.0;4.4;0.0;-0.03;4.8;46.0
506;2025-01-22 02:00:00;1.93;2.4;7.6;10.2;23.0;26.0;19.1;722.9;0.0;79.0;4.5;0.0;-0.36;5.3;96.0
507;2025-01-22 03:00:00;1.94;2.4;8.3;11.0;20.0;25.0;21.48;722.2;0.0;80.0;4.4;0.0;-0.41;2.3;311.0
508;2025-01-22 04:00:00;1.97;2.7;14.4;17.3;13.0;26.0;;721.3;0.0;81.0;4.4;0.0;-0.5;1.9;261.0
509;2025-01-22 05:00:00;1.98;3.1;16.5;19.7;9.0;33.0;31.84;720.6;0.0;80.0;4.4;0.0;-0.56;1.8;201.0
510;2025-01-22 06:00:00;2.06;6.5;22.3;29.1;4.0;39.0;38.33;720.1;0.0;81.0;4.6;0.0;-0.65;1.8;11.0
511;2025-01-22 07:00:00;2.18;24.2;23.4;47.8;4.0;43.0;;719.9;0.0;81.0;4.6;0.0;-0.87;1.8;327.0
512;2025-01-22 08:00:00;2.34;35.5;23.5;59.2;4.0;61.0;44.87;719.7;0.0;80.0;4.8;0.009;-0.7;;266.0
513;2025-01-22 09:00:00;2.45;44.4;25.3;69.9;7.0;60.0;43.77;719.6;0.0;72.0;6.1;0.057;2.3;2.7;141.0
514;2025-01-22 10:00:00;2.46;45.6;26.1;72.0;10.0;61.0;44.3;719.7;0.0;61.0;7.0;0.191;4.66;4.6;48.0
515;2025-01-22 11:00:00;2.49;45.0;28.7;74.0;13.0;67.0;46.11;719.6;0.0;55.0;6.3;0.458;6.39;4.8;63.0
516;2025-01-22 12:00:00;2.46;34.2;30.0;64.4;18.0;65.0;44.1;719.0;0.0;50.0;6.0;0.591;7.85;5.6;27.0
517;2025-01-22 13:00:00;2.41;28.4;31.4;60.0;22.0;61.0;43.13;718.0;0.0;44.0;6.0;0.654;9.48;6.0;84.0
518;2025-01-22 14:00:00;2.27;13.6;22.8;36.6;34.0;53.0;36.2;716.9;0.0;42.0;5.3;0.641;10.61;7.6;49.0
519;2025-01-22 15:00:00;2.15;8.5;17.1;25.9;40.0;47.0;23.63;716.0;0.0;37.0;5.1;0.582;11.87;8.5;51.0
520;2025-01-22 16:00:00;2.14;7.6;17.7;25.5;42.0;46.0;21.62;715.5;0.0;35.0;5.0;0.461;12.94;9.4;49.0
521;2025-01-22 17:00:00;2.17;6.5;17.4;24.2;42.0;45.0;18.97;715.3;0.0;34.0;5.0;0.274;13.36;9.9;45.0
522;2025-01-22 18:00:00;2.23;6.0;22.7;28.9;34.0;45.0;19.35;715.4;0.0;36.0;6.7;0.07;12.75;9.9;43.0
523;2025-01-22 19:00:00;2.36;6.3;35.3;41.9;17.0;50.0;18.69;715.7;0.0;39.0;7.0;0.002;11.05;8.2;58.0
524;2025-01-22 20:00:00;2.39;6.7;34.0;41.0;13.0;47.0;20.07;716.1;0.0;44.0;6.1;0.0;10.09;8.7;47.0
525;2025-01-22 21:00:00;2.38;10.7;35.5;46.4;9.0;48.0;23.28;716.7;0.0;47.0;5.7;0.0;9.16;6.3;31.0
526;2025-01-22 22:00:00;2.34;10.4;35.0;45.7;5.0;53.0;23.23;716.8;0.0;52.0;5.0;0.0;7.54;3.0;295.0
527;2025-01-22 23:00:00;2.47;24.6;36.2;61.0;4.0;53.0;23.37;716.8;0.0;56.0;5.1;0.0;6.69;4.0;255.0
528;2025-01-23 00:00:00;2.41;11.3;34.0;45.5;4.0;51.0;22.66;716.9;0.0;57.0;4.7;0.0;6.32;3.3;242.0
529;2025-01-23 01:00:00;2.51;28.1;33.9;62.1;4.0;46.0;24.31;716.7;0.0;61.0;4.9;0.0;6.2;4.4;217.0
530;2025-01-23 02:00:00;2.45;25.6;31.8;57.6;;48.0;25.49;716.8;0.0;65.0;5.0;0.0;5.57;2.7;235.0
531;2025-01-23 03:00:00;2.52;51.9;33.8;85.9;;48.0;34.73;717.0;0.0;66.0;5.1;0.0;4.97;2.6;300.0
532;2025-01-23 04:00:00;2.49;46.2;34.6;81.2;;65.0;37.07;717.1;0.0;66.0;5.0;0.0;4.63;2.2;231.0
533;2025-01-23 05:00:00;2.54;35.1;31.1;66.4;;63.0;32.96;717.5;0.0;70.0;5.0;0.0;4.5;3.3;230.0
534;2025-01-23 06:00:00;2.55;44.6;30.5;75.3;;55.0;39.48;718.0;0.0;72.0;5.3;0.0;4.14;2.5;233.0
535;2025-01-23 07:00:00;2.72;78.9;30.2;109.4;5.0;67.0;46.59;718.5;0.0;73.0;5.3;0.0;3.82;1.8;251.0
536;2025-01-23 08:00:00;2.97;95.2;32.6;128.1;5.0;82.0;47.43;719.2;0.0;70.0;6.0;0.006;4.51;3.3;235.0
537;2025-01-23 09:00:00;3.4;140.6;40.5;181.5;6.0;87.0;68.04;720.0;0.0;59.0;8.9;0.042;7.95;2.9;169.0
538;2025-01-23 10:00:00;2.91;68.8;40.2;109.3;10.0;136.0;46.66;720.4;0.0;48.0;9.3;0.185;10.3;7.1;95.0
539;2025-01-23 11:00:00;2.39;17.0;24.4;41.6;26.0;81.0;23.37;720.8;0.0;42.0;6.6;0.516;10.78;10.8;36.0
540;2025-01-23 12:00:00;2.08;8.4;12.9;21.5;37.0;63.0;15.8;720.3;0.0;39.0;5.6;0.571;11.32;10.2;18.0
541;2025-01-23 13:00:00;2.08;6.7;10.3;17.3;41.0;57.0;11.77;719.7;0.0;39.0;5.2;0.639;11.49;10.8;14.0
542;2025-01-23 14:00:00;2.07;5.9;9.7;15.8;45.0;42.0;11.59;718.9;0.0;36.0;5.2;0.635;12.62;8.3;25.0
543;2025-01-23 15:00:00;2.08;5.4;10.8;16.4;48.0;35.0;13.96;718.3;0.0;32.0;5.2;0.53;13.55;7.8;8.0
544;2025-01-23 16:00:00;2.11;5.7;15.4;21.2;45.0;44.0;14.44;718.0;0.0;32.0;6.3;0.328;13.85;7.0;67.0
545;2025-01-23 17:00:00;2.16;5.9;17.6;23.7;42.0;46.0;14.66;718.1;0.0;35.0;6.5;0.216;13.67;8.1;44.0
546;2025-01-23 18:00:00;2.13;4.6;19.8;24.6;38.0;47.0;12.78;718.4;0.0;36.0;6.2;0.051;12.95;7.1;47.0
547;2025-01-23 19:00:00;2.3;4.5;27.7;32.4;27.0;42.0;11.32;718.9;0.0;35.0;5.4;0.003;12.17;7.3;33.0
548;2025-01-23 20:00:00;2.2;4.3;27.6;32.0;26.0;43.0;18.44;719.9;0.0;37.0;6.4;0.0;10.59;11.5;15.0
549;2025-01-23 21:00:00;2.07;3.3;20.6;24.1;31.0;49.0;11.35;720.8;0.0;37.0;6.2;0.0;9.7;5.9;20.0
550;2025-01-23 22:00:00;2.05;3.2;21.9;25.3;32.0;38.0;11.75;721.5;0.0;34.0;5.5;0.0;9.24;6.8;46.0
551;2025-01-23 23:00:00;2.08;3.0;23.0;26.3;28.0;38.0;12.06;722.0;0.0;35.0;5.8;0.0;8.76;5.4;85.0
552;2025-01-24 00:00:00;2.08;2.8;13.2;16.2;38.0;32.0;10.19;722.3;0.0;34.0;6.3;0.0;8.55;4.8;103.0
553;2025-01-24 01:00:00;2.12;2.7;25.2;28.1;22.0;36.0;11.91;722.3;0.0;36.0;6.3;0.0;8.18;4.2;185.0
554;2025-01-24 02:00:00;2.09;2.8;29.7;32.6;15.0;40.0;11.76;722.2;0.0;39.0;5.8;0.0;7.51;3.2;243.0
555;2025-01-24 03:00:00;2.09;2.7;24.8;27.7;18.0;36.0;10.6;722.2;0.0;43.0;5.2;0.0;6.84;3.2;211.0
556;2025-01-24 04:00:00;2.08;2.7;24.2;27.1;17.0;32.0;12.72;722.0;0.0;47.0;5.2;0.0;6.17;2.4;213.0
557;2025-01-24 05:00:00;2.05;2.9;24.5;27.6;16.0;35.0;12.75;721.8;0.0;49.0;5.4;0.0;5.9;2.2;231.0
558;2025-01-24 06:00:00;2.05;3.0;26.7;29.9;12.0;36.0;14.88;721.6;0.0;52.0;5.9;0.0;5.47;2.7;260.0
559;2025-01-24 07:00:00;2.26;25.3;32.3;57.8;5.0;42.0;21.03;721.7;0.0;57.0;6.2;0.0;4.84;3.0;179.0
560;2025-01-24 08:00:00;2.84;75.9;35.5;111.7;5.0;56.0;22.57;722.0;0.0;58.0;6.0;0.006;4.65;2.6;246.0
561;2025-01-24 09:00:00;2.86;56.4;37.0;93.7;8.0;69.0;20.47;722.2;0.0;43.0;5.8;0.043;8.87;2.1;24.0
562;2025-01-24 10:00:00;2.29;19.9;26.7;46.8;25.0;57.0;15.5;722.4;0.0;31.0;5.6;0.203;9.96;6.8;97.0
563;2025-01-24 11:00:00;2.21;14.7;24.3;39.2;32.0;43.0;17.0;722.3;0.0;27.0;5.2;0.49;10.69;8.5;61.0
564;2025-01-24 12:00:00;2.11;10.5;19.7;30.5;39.0;54.0;17.13;721.9;0.0;25.0;5.2;0.611;11.38;10.1;57.0
565;2025-01-24 13:00:00;2.12;10.7;19.6;30.2;43.0;53.0;20.04;721.0;0.0;25.0;5.2;0.666;12.14;11.2;46.0
566;2025-01-24 14:00:00;2.06;5.5;11.6;17.3;52.0;60.0;14.81;719.9;0.0;25.0;5.2;0.666;13.11;12.3;48.0
567;2025-01-24 15:00:00;2.04;4.9;11.6;16.8;55.0;46.0;15.27;718.8;0.0;24.0;6.5;0.597;14.23;11.4;77.0
568;2025-01-24 16:00:00;2.06;4.5;12.5;17.2;57.0;49.0;16.71;718.1;0.0;25.0;6.8;0.472;14.82;11.9;94.0
569;2025-01-24 17:00:00;2.1;4.5;14.1;18.8;56.0;46.0;15.4;717.8;0.0;27.0;5.5;0.273;14.99;12.0;93.0
570;2025-01-24 18:00:00;2.15;4.1;17.9;22.1;49.0;45.0;14.98;717.9;0.0;30.0;5.0;0.07;13.94;12.9;72.0
571;2025-01-24 19:00:00;2.19;3.4;20.4;24.0;43.0;43.0;13.91;717.9;0.0;33.0;4.9;0.003;12.74;10.5;84.0
572;2025-01-24 20:00:00;2.12;3.2;15.2;18.6;45.0;41.0;12.84;717.9;0.0;35.0;4.9;0.0;11.92;11.7;101.0
573;2025-01-24 21:00:00;2.07;2.9;12.3;15.4;46.0;38.0;11.68;718.2;0.0;36.0;4.9;0.0;11.21;12.1;107.0
574;2025-01-24 22:00:00;2.04;2.7;9.9;12.9;46.0;33.0;12.56;718.2;0.0;38.0;4.7;0.0;10.39;14.6;115.0
575;2025-01-24 23:00:00;2.02;2.4;8.5;11.2;46.0;42.0;10.58;717.9;0.0;37.0;4.7;0.0;9.92;12.6;117.0
576;2025-01-25 00:00:00;2.01;2.3;7.9;10.4;;30.0;10.8;717.5;0.0;39.0;4.8;0.0;9.56;8.1;107.0
577;2025-01-25 01:00:00;2.11;2.6;16.7;19.4;33.0;27.0;13.35;716.9;0.0;42.0;4.7;0.0;8.63;3.7;346.0
578;2025-01-25 02:00:00;2.19;2.7;33.3;36.2;16.0;34.0;21.31;716.4;0.0;45.0;4.7;0.0;7.75;4.8;313.0
579;2025-01-25 03:00:00;2.16;2.6;23.4;26.2;23.0;50.0;20.25;715.9;0.0;48.0;4.9;0.0;6.85;4.0;272.0
580;2025-01-25 04:00:00;2.31;2.8;25.3;28.3;19.0;41.0;22.25;715.3;0.0;51.0;5.0;0.0;6.39;2.8;264.0
581;2025-01-25 05:00:00;2.32;16.0;39.1;55.4;6.0;45.0;38.56;714.9;0.0;54.0;6.1;0.0;6.04;3.1;274.0
582;2025-01-25 06:00:00;2.24;11.8;36.0;48.1;7.0;80.0;32.62;714.7;0.0;56.0;5.3;0.0;5.52;2.6;246.0
583;2025-01-25 07:00:00;2.34;26.9;38.6;65.7;4.0;67.0;39.54;714.8;0.0;57.0;6.5;0.0;5.7;3.3;232.0
584;2025-01-25 08:00:00;2.49;52.3;41.3;93.9;5.0;73.0;50.92;714.8;0.0;56.0;7.3;0.006;5.75;3.4;245.0
585;2025-01-25 09:00:00;2.43;32.6;34.4;67.2;10.0;104.0;37.53;715.0;0.0;52.0;6.6;0.034;7.37;4.0;227.0
586;2025-01-25 10:00:00;2.27;16.7;28.2;45.0;24.0;70.0;27.62;715.1;0.0;38.0;7.2;0.207;11.58;3.9;7.0
587;2025-01-25 11:00:00;2.26;16.1;27.3;43.5;29.0;60.0;31.25;715.0;0.0;34.0;7.3;0.48;13.65;4.3;62.0
588;2025-01-25 12:00:00;2.34;18.6;32.5;51.3;32.0;64.0;35.02;714.6;0.0;30.0;7.6;0.598;15.58;5.2;46.0
589;2025-01-25 13:00:00;2.49;23.1;41.5;64.8;33.0;69.0;48.39;713.9;0.0;27.0;8.2;0.64;17.32;5.7;13.0
590;2025-01-25 14:00:00;2.68;33.1;57.5;90.8;30.0;77.0;74.13;713.2;0.0;26.0;12.7;0.617;18.98;8.0;59.0
591;2025-01-25 15:00:00;2.59;9.8;37.8;47.9;59.0;102.0;65.4;712.8;0.0;25.0;8.0;0.548;20.13;8.2;55.0
592;2025-01-25 16:00:00;2.46;7.7;31.8;39.7;61.0;101.0;45.35;712.5;0.0;25.0;7.8;0.436;21.48;7.8;23.0
593;2025-01-25 17:00:00;2.38;5.9;26.5;32.6;62.0;72.0;28.14;712.2;0.0;24.0;6.9;0.25;22.87;6.6;43.0
594;2025-01-25 18:00:00;2.47;4.1;25.4;29.7;54.0;55.0;21.52;712.2;0.0;25.0;5.9;0.07;23.41;3.2;55.0
595;2025-01-25 19:00:00;2.54;3.5;36.2;39.9;32.0;49.0;20.88;712.7;0.0;34.0;5.9;0.002;19.63;3.6;255.0
596;2025-01-25 20:00:00;2.66;7.4;42.3;49.9;17.0;43.0;22.41;713.3;0.0;41.0;5.4;0.0;17.96;4.0;246.0
597;2025-01-25 21:00:00;3.01;17.4;58.9;76.5;4.0;51.0;34.45;713.8;0.0;44.0;5.5;0.0;16.75;2.8;241.0
598;2025-01-25 22:00:00;3.36;33.4;61.8;95.3;4.0;67.0;60.26;714.0;0.0;50.0;5.5;0.0;15.46;1.8;232.0
599;2025-01-25 23:00:00;3.21;24.0;56.4;80.6;4.0;92.0;56.96;714.2;0.0;49.0;6.0;0.0;15.95;3.7;205.0
600;2025-01-26 00:00:00;3.11;20.4;52.4;73.1;;82.0;57.29;714.2;0.0;54.0;5.7;0.0;14.3;2.2;268.0
601;2025-01-26 01:00:00;3.69;54.0;44.9;99.1;;78.0;;714.1;0.0;70.0;5.5;0.0;14.41;3.3;269.0
602;2025-01-26 02:00:00;2.88;11.6;34.2;46.1;;95.0;39.43;714.0;0.0;77.0;5.2;0.0;13.66;2.2;235.0
603;2025-01-26 03:00:00;3.09;28.6;45.1;73.9;;56.0;54.25;713.8;0.0;61.0;5.7;0.0;12.78;1.9;218.0
604;2025-01-26 04:00:00;3.06;28.0;38.9;67.1;;80.0;53.25;713.8;0.0;65.0;5.3;0.0;12.19;1.9;246.0
605;2025-01-26 05:00:00;2.82;25.7;40.3;66.1;4.0;69.0;55.68;713.6;0.0;65.0;5.8;-0.001;12.05;3.4;254.0
606;2025-01-26 06:00:00;2.76;21.2;35.9;57.3;;85.0;48.8;713.6;0.0;65.0;5.5;0.0;11.48;1.8;295.0
607;2025-01-26 07:00:00;2.68;19.1;32.9;52.2;;76.0;43.57;713.9;0.0;65.0;5.3;0.0;11.09;1.8;335.0
608;2025-01-26 08:00:00;2.64;20.6;30.0;50.7;;63.0;43.3;714.2;0.0;68.0;5.1;0.006;10.6;1.8;274.0
609;2025-01-26 09:00:00;2.65;29.6;29.9;59.7;7.0;60.0;37.7;714.5;0.0;55.0;5.4;0.048;14.54;;12.0
610;2025-01-26 10:00:00;2.54;20.7;29.2;50.1;14.0;55.0;44.4;714.8;0.0;38.0;6.5;0.2;18.55;3.6;217.0
611;2025-01-26 11:00:00;2.38;9.8;19.0;29.1;32.0;65.0;37.73;714.7;0.0;38.0;7.1;0.428;20.82;4.1;345.0
612;2025-01-26 12:00:00;2.81;39.4;48.4;88.1;20.0;52.0;;714.7;0.0;41.0;11.0;0.541;21.04;7.4;73.0
613;2025-01-26 13:00:00;2.62;23.6;44.0;67.8;31.0;93.0;62.31;714.2;0.0;40.0;13.7;0.559;22.09;9.4;53.0
614;2025-01-26 14:00:00;2.48;11.2;33.9;45.3;52.0;94.0;43.36;713.6;0.0;38.0;13.7;0.582;23.43;8.9;40.0
615;2025-01-26 15:00:00;2.59;6.1;23.4;29.7;78.0;75.0;46.4;712.9;0.0;37.0;9.4;0.528;24.49;11.0;53.0
616;2025-01-26 16:00:00;2.57;5.0;20.1;25.3;86.0;72.0;49.9;712.7;0.0;37.0;8.4;0.412;25.18;11.1;44.0
617;2025-01-26 17:00:00;2.48;4.5;15.9;20.6;78.0;67.0;30.48;712.5;0.0;35.0;7.2;0.267;25.63;12.7;49.0
618;2025-01-26 18:00:00;2.48;3.9;16.4;20.5;67.0;56.0;26.47;712.8;0.0;37.0;6.8;0.082;24.86;9.7;63.0
619;2025-01-26 19:00:00;2.44;3.5;15.8;19.5;51.0;47.0;21.3;713.1;0.0;39.0;6.0;0.005;23.78;6.9;93.0
620;2025-01-26 20:00:00;2.57;3.6;20.3;24.1;26.0;40.0;20.56;713.7;0.0;52.0;5.7;0.0;22.28;7.4;52.0
621;2025-01-26 21:00:00;2.75;3.9;23.7;27.9;20.0;40.0;23.76;714.3;0.0;56.0;5.6;0.0;20.86;6.0;25.0
622;2025-01-26 22:00:00;2.86;3.5;20.9;24.7;20.0;49.0;19.61;714.6;0.0;59.0;5.9;0.0;19.21;2.5;111.0
623;2025-01-26 23:00:00;2.81;5.3;29.3;34.8;11.0;38.0;20.86;714.7;0.0;62.0;5.5;0.0;18.21;2.9;81.0
624;2025-01-27 00:00:00;2.68;5.7;33.4;39.4;8.0;44.0;19.74;714.6;0.0;61.0;5.4;0.0;17.9;2.4;295.0
625;2025-01-27 01:00:00;2.59;4.3;31.1;35.6;9.0;43.0;19.5;714.3;0.0;64.0;5.5;0.0;18.06;4.1;357.0
626;2025-01-27 02:00:00;2.93;4.1;24.3;28.5;16.0;43.0;24.88;714.4;0.0;66.0;6.2;0.0;17.17;6.7;12.0
627;2025-01-27 03:00:00;2.63;3.5;14.9;18.5;24.0;48.0;17.38;714.1;0.0;69.0;6.0;0.0;16.52;4.4;63.0
628;2025-01-27 04:00:00;2.49;3.3;19.7;23.3;18.0;37.0;18.88;713.9;0.0;69.0;6.0;0.0;16.54;6.1;105.0
629;2025-01-27 05:00:00;2.39;3.5;21.3;25.0;17.0;43.0;17.16;713.8;0.0;67.0;6.0;0.0;16.28;6.1;107.0
630;2025-01-27 06:00:00;2.36;6.3;25.9;32.4;12.0;37.0;17.15;713.9;0.0;66.0;6.5;0.0;15.78;6.7;102.0
631;2025-01-27 07:00:00;2.47;12.3;33.4;46.0;4.0;41.0;19.26;714.2;0.0;64.0;7.9;0.0;15.37;6.4;97.0
632;2025-01-27 08:00:00;2.5;11.9;32.7;44.9;5.0;50.0;17.73;714.5;0.0;64.0;7.6;0.002;15.16;6.4;103.0
633;2025-01-27 09:00:00;2.67;20.5;32.7;53.4;6.0;50.0;18.93;714.7;0.0;63.0;7.4;0.026;15.33;6.4;87.0
634;2025-01-27 10:00:00;2.64;13.4;27.8;41.4;12.0;55.0;22.68;715.4;0.0;64.0;6.6;0.048;14.98;8.5;52.0
635;2025-01-27 11:00:00;2.58;10.1;24.7;35.0;16.0;84.0;22.81;715.9;0.0;73.0;6.1;0.074;14.8;8.2;70.0
636;2025-01-27 12:00:00;2.69;19.8;30.5;50.5;10.0;73.0;32.57;715.8;0.0;77.0;6.1;0.084;14.35;7.3;71.0
637;2025-01-27 13:00:00;2.81;34.4;33.8;68.5;8.0;94.0;40.86;715.5;0.0;80.0;6.6;0.123;14.03;5.7;82.0
638;2025-01-27 14:00:00;2.87;36.9;35.9;73.0;7.0;91.0;41.15;714.6;0.0;76.0;7.8;0.096;14.57;5.6;69.0
639;2025-01-27 15:00:00;2.92;26.5;36.2;62.9;7.0;89.0;40.66;714.2;0.0;76.0;7.1;0.05;14.65;6.6;36.0
640;2025-01-27 16:00:00;2.68;15.3;31.2;46.8;10.0;94.0;37.54;713.9;0.0;76.0;6.4;0.066;14.72;6.5;17.0
641;2025-01-27 17:00:00;2.64;17.0;31.3;48.5;8.0;96.0;34.35;713.7;0.0;73.0;6.9;0.029;15.06;8.0;45.0
642;2025-01-27 18:00:00;2.61;13.8;29.3;43.3;6.0;87.0;31.88;713.9;0.0;73.0;6.7;0.011;14.73;7.4;25.0
643;2025-01-27 19:00:00;2.61;15.5;30.7;46.3;4.0;75.0;33.05;713.9;0.0;75.0;6.4;0.0;14.36;6.3;34.0
644;2025-01-27 20:00:00;2.61;13.5;29.8;43.5;4.0;77.0;32.29;714.2;0.0;77.0;5.9;0.0;13.91;6.5;18.0
645;2025-01-27 21:00:00;2.6;16.0;27.2;43.3;4.0;78.0;32.57;714.5;0.0;84.0;5.5;0.0;12.8;5.6;357.0
646;2025-01-27 22:00:00;2.61;21.3;25.0;46.5;;64.0;32.66;714.6;0.0;88.0;5.2;0.0;12.24;3.6;357.0
647;2025-01-27 23:00:00;2.55;16.2;19.4;35.8;;52.0;20.14;714.4;0.0;90.0;4.9;0.0;12.12;6.4;
648;2025-01-28 00:00:00;2.42;9.0;16.0;25.2;;30.0;15.44;714.4;0.0;91.0;4.8;0.0;11.81;6.1;17.0
649;2025-01-28 01:00:00;2.4;11.4;15.3;26.9;;25.0;15.94;714.2;0.0;91.0;4.8;0.0;11.51;6.1;16.0
650;2025-01-28 02:00:00;2.37;18.7;13.6;32.6;;28.0;18.05;713.7;0.0;92.0;4.9;0.0;11.51;4.6;21.0
651;2025-01-28 03:00:00;2.32;3.6;7.2;11.1;9.0;31.0;6.17;713.3;0.0;93.0;4.7;0.0;11.55;5.1;58.0
652;2025-01-28 04:00:00;2.32;5.1;9.9;15.2;7.0;26.0;8.63;712.9;0.0;93.0;4.7;0.0;11.39;4.7;40.0
653;2025-01-28 05:00:00;2.5;14.2;14.1;28.5;4.0;20.0;17.93;712.8;0.0;93.0;4.7;0.0;11.18;4.4;3.0
654;2025-01-28 06:00:00;2.49;15.1;13.7;29.1;4.0;31.0;14.93;712.7;0.0;94.0;4.7;0.0;11.02;3.9;11.0
655;2025-01-28 07:00:00;2.56;33.9;12.8;46.9;4.0;32.0;29.05;712.8;0.0;94.0;4.9;0.0;10.87;4.0;58.0
656;2025-01-28 08:00:00;2.61;27.4;13.9;41.7;;45.0;15.94;713.0;0.0;94.0;4.8;0.001;10.96;3.6;87.0
657;2025-01-28 09:00:00;2.64;19.8;16.0;36.1;;24.0;6.42;713.3;0.0;94.0;4.7;0.014;11.02;4.8;84.0
658;2025-01-28 10:00:00;2.85;32.0;15.8;48.1;5.0;21.0;9.2;713.8;0.0;94.0;4.7;0.049;11.2;4.7;47.0
659;2025-01-28 11:00:00;3.19;68.0;16.0;84.4;4.0;27.0;;714.0;0.0;94.0;5.1;0.094;11.46;4.0;39.0
660;2025-01-28 12:00:00;2.9;41.4;18.9;60.6;6.0;43.0;30.85;713.6;0.0;94.0;5.0;0.132;11.71;5.4;53.0
661;2025-01-28 13:00:00;2.7;19.7;16.2;36.1;8.0;37.0;16.43;712.8;0.0;93.0;4.8;0.122;12.13;5.8;48.0
662;2025-01-28 14:00:00;2.71;18.9;16.8;36.0;7.0;36.0;20.62;712.0;0.0;92.0;4.7;0.097;12.51;7.7;65.0
663;2025-01-28 15:00:00;2.62;13.7;17.6;31.6;9.0;47.0;22.17;711.6;0.0;87.0;4.9;0.067;12.56;7.2;69.0
664;2025-01-28 16:00:00;2.67;13.3;20.9;34.5;8.0;43.0;;711.4;0.0;83.0;5.8;0.052;12.81;5.9;66.0
665;2025-01-28 17:00:00;2.69;14.9;21.8;37.0;7.0;56.0;41.67;711.2;0.0;83.0;6.5;0.044;12.92;4.8;71.0
666;2025-01-28 18:00:00;2.77;17.4;21.9;39.6;5.0;62.0;43.53;711.2;0.0;84.0;6.5;0.014;12.88;5.6;69.0
667;2025-01-28 19:00:00;2.74;17.6;20.7;38.6;4.0;59.0;42.75;711.4;0.0;86.0;5.7;0.0;12.46;7.0;82.0
668;2025-01-28 20:00:00;2.67;12.1;20.3;32.7;5.0;53.0;31.75;711.6;0.0;86.0;6.3;0.0;12.32;5.5;82.0
669;2025-01-28 21:00:00;2.66;17.9;20.6;38.8;4.0;48.0;31.18;711.8;0.0;86.0;7.3;0.0;12.4;4.9;23.0
670;2025-01-28 22:00:00;2.65;22.7;17.2;40.1;4.0;51.0;31.55;712.1;0.0;89.0;6.5;0.0;12.07;3.5;6.0
671;2025-01-28 23:00:00;2.72;24.3;15.5;40.0;4.0;53.0;30.38;712.1;0.0;90.0;5.9;0.0;11.98;3.7;28.0
672;2025-01-29 00:00:00;2.7;28.6;15.0;43.9;;40.0;23.35;712.0;0.0;91.0;5.4;0.0;12.04;2.1;17.0
673;2025-01-29 01:00:00;2.68;23.6;14.2;38.0;;36.0;24.24;711.7;0.0;92.0;5.1;0.0;11.97;3.3;35.0
674;2025-01-29 02:00:00;2.64;21.0;13.7;35.0;;41.0;25.82;711.4;0.0;92.0;5.0;0.0;11.86;2.3;50.0
675;2025-01-29 03:00:00;2.63;28.5;14.1;42.8;;37.0;27.39;710.9;0.0;93.0;4.9;0.0;11.82;1.7;13.0
676;2025-01-29 04:00:00;2.67;22.8;16.1;39.1;;35.0;19.28;710.3;0.0;93.0;4.9;0.0;11.82;1.7;19.0
677;2025-01-29 05:00:00;2.62;17.0;17.1;34.3;;32.0;20.11;710.2;0.0;93.0;4.7;0.0;11.91;1.9;6.0
678;2025-01-29 06:00:00;2.63;23.8;18.9;42.9;;26.0;21.1;710.1;0.0;93.0;4.7;0.0;11.94;1.7;19.0
679;2025-01-29 07:00:00;2.73;31.9;18.7;50.8;;33.0;25.95;710.3;0.0;93.0;4.7;0.0;12.05;1.7;351.0
680;2025-01-29 08:00:00;3.1;44.7;19.7;64.8;;34.0;24.08;710.5;0.0;94.0;4.8;0.002;12.19;1.8;28.0
681;2025-01-29 09:00:00;3.3;54.7;19.4;74.5;;29.0;24.82;710.5;0.0;94.0;5.0;0.036;12.5;1.7;13.0
682;2025-01-29 10:00:00;3.34;60.0;23.0;83.4;5.0;39.0;30.22;710.8;0.0;93.0;5.0;0.102;13.12;1.8;5.0
683;2025-01-29 11:00:00;2.91;29.8;20.8;50.8;7.0;45.0;28.78;710.8;0.0;93.0;4.7;0.144;13.7;3.2;293.0
684;2025-01-29 12:00:00;2.86;27.0;23.1;50.3;12.0;49.0;36.51;710.3;0.0;87.0;4.8;0.49;15.99;4.4;20.0
685;2025-01-29 13:00:00;2.95;26.7;29.8;56.7;21.0;56.0;49.32;709.4;0.0;69.0;5.1;0.711;18.27;5.9;353.0
686;2025-01-29 14:00:00;2.95;18.8;31.3;50.3;27.0;66.0;44.21;708.5;0.0;62.0;5.1;0.604;19.79;6.0;75.0
687;2025-01-29 15:00:00;2.84;15.7;30.3;46.2;31.0;62.0;44.3;707.6;0.0;57.0;5.2;0.563;21.09;7.8;66.0
688;2025-01-29 16:00:00;3.19;14.6;48.9;63.8;44.0;65.0;53.8;707.2;0.0;55.0;5.3;0.413;21.87;8.5;52.0
689;2025-01-29 17:00:00;3.22;10.4;53.7;64.2;48.0;107.0;83.56;707.0;0.0;56.0;5.4;0.227;21.89;8.0;40.0
690;2025-01-29 18:00:00;3.07;8.7;48.1;57.0;29.0;135.0;68.92;707.0;0.0;62.0;5.2;0.061;21.26;6.8;37.0
691;2025-01-29 19:00:00;3.01;6.1;40.6;46.9;19.0;111.0;48.16;707.2;0.0;70.0;5.3;0.003;20.05;7.1;44.0
692;2025-01-29 20:00:00;2.97;7.2;37.0;44.4;8.0;93.0;46.85;707.7;0.0;76.0;7.4;0.0;18.73;3.9;94.0
693;2025-01-29 21:00:00;3.08;16.4;35.6;52.2;4.0;88.0;50.17;708.0;0.0;81.0;7.4;0.0;17.79;1.8;227.0
694;2025-01-29 22:00:00;3.23;29.8;35.8;65.8;3.0;86.0;50.43;708.2;0.0;82.0;6.8;0.0;17.48;1.9;223.0
695;2025-01-29 23:00:00;3.26;29.4;33.3;62.9;4.0;87.0;58.05;708.1;0.0;83.0;6.5;0.0;16.99;2.3;240.0
696;2025-01-30 00:00:00;3.26;27.1;37.2;64.5;4.0;84.0;64.68;708.1;0.0;82.0;6.7;0.0;16.83;2.1;249.0
697;2025-01-30 01:00:00;3.3;33.6;35.1;68.9;4.0;119.0;72.94;708.0;0.0;82.0;6.7;0.0;16.8;2.9;230.0
698;2025-01-30 02:00:00;3.24;35.2;39.0;74.3;;118.0;75.84;707.9;0.0;80.0;8.0;0.0;17.02;2.2;238.0
699;2025-01-30 03:00:00;3.1;31.5;36.0;67.7;;133.0;81.44;707.6;0.0;79.0;9.4;0.0;17.05;2.1;283.0
700;2025-01-30 04:00:00;2.91;9.9;26.7;36.7;5.0;133.0;76.96;707.4;0.0;80.0;8.8;0.0;16.17;3.6;236.0
701;2025-01-30 05:00:00;2.82;4.7;23.5;28.5;6.0;101.0;72.54;707.4;0.0;80.0;7.5;0.0;15.69;3.4;223.0
702;2025-01-30 06:00:00;2.8;6.6;26.6;33.3;5.0;105.0;;707.7;0.0;80.0;7.0;0.0;15.65;3.1;234.0
703;2025-01-30 07:00:00;2.98;29.7;29.5;59.4;4.0;98.0;45.82;708.3;0.0;77.0;8.3;0.0;16.17;4.3;233.0
704;2025-01-30 08:00:00;3.29;56.6;29.3;86.2;4.0;116.0;51.02;709.1;0.0;77.0;10.6;0.004;16.26;3.3;161.0
705;2025-01-30 09:00:00;3.24;46.1;24.0;70.3;4.0;121.0;62.51;709.9;0.0;80.0;8.9;0.023;16.41;5.0;85.0
706;2025-01-30 10:00:00;3.12;36.0;22.9;59.1;5.0;91.0;;710.5;0.0;79.0;7.5;0.086;16.47;7.7;97.0
707;2025-01-30 11:00:00;3.02;31.1;23.2;54.4;7.0;80.0;;710.9;0.0;76.0;7.0;0.129;16.89;6.7;72.0
708;2025-01-30 12:00:00;2.83;19.5;21.4;41.1;10.0;95.0;;710.9;0.0;72.0;6.8;0.186;17.62;8.2;72.0
709;2025-01-30 13:00:00;2.77;14.2;21.3;35.8;19.0;90.0;;710.3;0.0;65.0;7.0;0.33;19.05;5.8;74.0
710;2025-01-30 14:00:00;2.83;12.4;24.5;37.1;30.0;81.0;;709.5;0.0;59.0;7.3;0.454;20.92;5.2;79.0
711;2025-01-30 15:00:00;2.89;11.3;28.4;39.8;36.0;82.0;65.53;708.9;0.0;55.0;7.7;0.446;21.99;6.6;99.0
712;2025-01-30 16:00:00;2.7;7.0;20.9;28.1;48.0;90.0;58.07;708.7;0.0;53.0;7.5;0.304;22.02;6.8;86.0
713;2025-01-30 17:00:00;2.58;5.9;18.5;24.7;48.0;70.0;35.24;708.8;0.0;44.0;7.1;0.228;22.67;7.6;75.0
714;2025-01-30 18:00:00;2.59;5.4;22.5;28.2;40.0;66.0;27.44;709.2;0.0;42.0;6.3;0.069;22.03;7.6;45.0
715;2025-01-30 19:00:00;2.82;5.8;34.3;40.4;23.0;51.0;38.0;709.8;0.0;52.0;5.9;0.005;20.64;6.5;34.0
716;2025-01-30 20:00:00;3.09;12.6;46.9;59.7;6.0;72.0;54.63;710.7;0.0;65.0;5.9;0.0;19.28;5.2;332.0
717;2025-01-30 21:00:00;3.11;15.3;45.1;60.6;4.0;89.0;56.82;711.4;0.0;69.0;5.9;0.0;18.44;4.3;320.0
718;2025-01-30 22:00:00;2.77;6.0;37.5;43.6;11.0;80.0;36.18;712.0;0.0;45.0;6.3;0.0;18.16;4.5;291.0
719;2025-01-30 23:00:00;2.73;7.8;36.9;44.9;8.0;57.0;31.51;712.5;0.0;49.0;5.6;0.0;17.02;2.7;239.0
720;2025-01-31 00:00:00;2.91;22.7;39.9;62.9;4.0;54.0;38.81;712.9;0.0;56.0;5.3;0.0;16.58;2.1;192.0
721;2025-01-31 01:00:00;3.21;42.8;37.3;80.4;4.0;70.0;47.41;713.2;0.0;64.0;5.3;0.0;16.15;2.2;158.0
722;2025-01-31 02:00:00;3.02;21.1;34.9;56.2;4.0;71.0;41.99;713.2;0.0;66.0;5.1;0.0;16.05;4.4;218.0
723;2025-01-31 03:00:00;2.86;14.4;33.6;48.2;;60.0;38.67;713.1;0.0;67.0;5.2;0.0;15.84;2.4;243.0
724;2025-01-31 04:00:00;2.84;23.8;35.7;59.6;;70.0;43.32;713.3;0.0;65.0;5.9;0.0;15.69;3.5;204.0
725;2025-01-31 05:00:00;2.69;9.2;32.5;41.9;6.0;81.0;39.61;713.2;0.0;63.0;7.8;0.0;16.08;7.2;213.0
726;2025-01-31 06:00:00;2.79;19.5;33.9;53.6;4.0;81.0;47.56;713.7;0.0;64.0;7.2;0.0;15.36;3.6;233.0
727;2025-01-31 07:00:00;2.91;34.4;33.9;68.6;4.0;131.0;44.58;714.4;0.0;64.0;6.7;0.0;15.32;4.0;235.0
728;2025-01-31 08:00:00;3.24;61.9;33.7;95.9;4.0;126.0;51.71;715.0;0.0;65.0;7.1;0.011;15.15;4.2;220.0
729;2025-01-31 09:00:00;3.34;65.4;36.5;102.2;6.0;157.0;51.13;715.7;0.0;58.0;8.1;0.077;16.89;5.8;202.0
730;2025-01-31 10:00:00;3.32;62.6;53.5;116.4;11.0;137.0;52.81;716.4;0.0;43.0;10.4;0.268;20.71;4.3;47.0
731;2025-01-31 11:00:00;2.77;21.3;33.0;54.5;29.0;131.0;30.46;716.8;0.0;25.0;7.3;0.457;21.69;8.1;35.0
732;2025-01-31 12:00:00;2.37;9.7;17.7;27.6;42.0;81.0;13.85;716.6;0.0;17.0;5.3;0.602;22.3;9.3;53.0
733;2025-01-31 13:00:00;2.23;7.8;13.7;21.8;47.0;67.0;9.93;716.1;0.0;11.0;5.8;0.664;22.96;9.4;44.0
734;2025-01-31 14:00:00;2.23;7.1;14.3;21.6;51.0;58.0;10.24;715.5;0.0;10.0;5.9;0.613;23.46;9.7;60.0
735;2025-01-31 15:00:00;2.24;6.0;14.0;20.3;56.0;58.0;11.36;714.9;0.0;10.0;5.2;0.428;23.51;8.8;45.0
736;2025-01-31 16:00:00;2.24;6.2;17.3;23.7;52.0;52.0;11.56;714.7;0.0;8.0;5.0;0.287;23.68;8.2;49.0
737;2025-01-31 17:00:00;2.28;7.2;21.9;29.4;50.0;48.0;14.2;714.6;0.0;8.0;6.5;0.277;24.11;8.9;37.0
738;2025-01-31 18:00:00;2.38;4.8;20.6;25.7;55.0;60.0;15.22;714.8;0.0;15.0;10.6;0.076;23.25;12.1;79.0
739;2025-01-31 19:00:00;2.52;4.4;28.9;33.4;39.0;58.0;20.43;715.3;0.0;18.0;9.8;0.004;21.4;8.4;108.0
740;2025-01-31 20:00:00;2.43;4.2;21.8;26.3;39.0;63.0;20.11;715.7;0.0;19.0;6.3;0.0;20.24;9.2;106.0
741;2025-01-31 21:00:00;2.31;4.0;16.2;20.4;40.0;54.0;14.39;716.2;0.0;20.0;5.2;0.0;19.51;9.6;100.0
742;2025-01-31 22:00:00;2.25;3.8;13.1;17.1;43.0;49.0;12.73;716.4;0.0;21.0;5.5;0.0;18.95;9.5;107.0
743;2025-01-31 23:00:00;2.27;3.5;13.3;17.0;40.0;45.0;13.27;716.4;0.0;21.0;5.0;0.0;18.19;5.5;118.0
744;2025-02-01 00:00:00;2.31;3.7;18.5;22.4;29.0;45.0;12.92;716.2;0.0;25.0;4.6;0.0;16.59;3.8;92.0
745;2025-02-01 01:00:00;2.31;3.7;18.5;22.4;29.0;45.0;12.92;716.2;0.0;25.0;4.6;0.0;16.59;3.8;92.0
746;2025-02-01 02:00:00;2.51;5.0;38.0;43.1;10.0;39.0;;716.1;0.0;29.0;5.3;0.0;15.61;4.1;317.0
747;2025-02-01 03:00:00;2.69;33.3;45.6;79.2;5.0;49.0;;715.9;0.0;30.0;11.5;0.0;15.34;3.9;294.0
748;2025-02-01 04:00:00;2.84;49.2;45.2;94.7;4.0;66.0;;715.6;0.0;33.0;12.8;0.0;14.67;2.4;264.0
749;2025-02-01 05:00:00;2.7;32.3;40.9;73.5;4.0;82.0;;715.6;0.0;36.0;9.3;0.0;14.43;3.0;193.0
750;2025-02-01 06:00:00;2.68;27.1;39.7;67.0;4.0;70.0;;715.6;0.0;36.0;7.9;0.0;14.29;3.0;208.0
751;2025-02-01 07:00:00;2.63;14.8;37.8;52.9;;65.0;;715.8;0.0;38.0;6.8;0.0;13.99;2.6;226.0
752;2025-02-01 08:00:00;2.59;20.1;35.4;55.7;5.0;58.0;;716.0;0.0;39.0;8.0;0.007;13.79;2.7;223.0
753;2025-02-01 09:00:00;2.77;21.2;34.2;55.6;8.0;56.0;;716.2;0.0;39.0;11.6;0.065;14.21;2.1;132.0
754;2025-02-01 10:00:00;3.06;46.6;45.7;92.5;8.0;79.0;;716.8;0.0;31.0;12.7;0.114;16.8;2.9;34.0
755;2025-02-01 11:00:00;2.95;44.1;50.3;94.7;11.0;83.0;;716.7;0.0;28.0;16.1;0.157;16.44;6.2;44.0
756;2025-02-01 12:00:00;2.84;39.2;49.8;89.2;21.0;97.0;;716.5;0.0;26.0;25.7;0.517;18.14;6.6;19.0
757;2025-02-01 13:00:00;2.62;15.3;35.4;51.0;44.0;100.0;;715.8;0.0;24.0;19.8;0.629;20.05;8.7;53.0
758;2025-02-01 14:00:00;2.38;6.5;15.0;21.7;60.0;90.0;;714.8;0.0;23.0;10.1;0.527;21.19;9.0;55.0
759;2025-02-01 15:00:00;2.39;5.9;13.5;19.6;57.0;51.0;;714.2;0.0;25.0;6.6;0.391;21.63;9.3;55.0
760;2025-02-01 16:00:00;2.33;4.7;9.4;14.4;56.0;55.0;;713.8;0.0;24.0;5.2;0.259;21.85;11.0;98.0
761;2025-02-01 17:00:00;2.36;4.1;12.2;16.5;54.0;45.0;;713.5;0.0;24.0;5.1;0.107;21.77;8.6;116.0
762;2025-02-01 18:00:00;2.39;3.8;14.2;18.2;52.0;46.0;;713.4;0.0;24.0;5.1;0.059;21.91;8.2;93.0
763;2025-02-01 19:00:00;2.49;3.7;24.8;28.6;39.0;50.0;;713.7;0.0;25.0;5.2;0.007;21.33;6.0;59.0
764;2025-02-01 20:00:00;2.78;5.3;38.5;44.0;18.0;59.0;;714.0;0.0;25.0;5.3;0.0;19.98;6.7;335.0
765;2025-02-01 21:00:00;2.75;5.0;38.4;43.7;13.0;59.0;;714.4;0.0;28.0;5.4;0.0;18.66;4.3;328.0
766;2025-02-01 22:00:00;2.79;10.0;44.3;54.5;6.0;60.0;;714.5;0.0;33.0;5.7;0.0;17.14;3.5;295.0
767;2025-02-01 23:00:00;2.99;14.1;44.9;59.2;5.0;72.0;;714.6;0.0;37.0;5.5;0.0;16.06;3.4;270.0
768;2025-02-02 00:00:00;2.97;9.7;41.5;51.4;6.0;65.0;;714.7;0.0;38.0;6.0;0.0;16.1;4.4;237.0
769;2025-02-02 01:00:00;2.96;13.4;43.1;56.7;5.0;66.0;11.77;714.5;0.0;41.0;8.5;0.0;15.23;3.5;266.0
770;2025-02-02 02:00:00;3.14;28.8;41.9;70.9;4.0;95.0;17.35;714.4;0.0;46.0;7.2;0.0;14.43;3.4;235.0
771;2025-02-02 03:00:00;2.96;20.7;39.6;60.5;4.0;108.0;28.5;714.2;0.0;48.0;8.9;0.0;13.63;2.8;249.0
772;2025-02-02 04:00:00;2.79;10.5;36.6;47.3;5.0;119.0;35.97;713.9;0.0;50.0;8.6;0.0;12.94;2.4;211.0
773;2025-02-02 05:00:00;2.73;8.8;34.8;43.8;4.0;87.0;27.72;713.9;0.0;53.0;7.4;0.0;12.59;3.0;247.0
774;2025-02-02 06:00:00;2.69;12.2;36.2;48.7;4.0;81.0;25.37;713.8;0.0;51.0;8.1;0.0;12.63;3.7;228.0
775;2025-02-02 07:00:00;2.57;7.1;32.8;40.1;6.0;107.0;20.62;713.9;0.0;51.0;7.7;0.0;12.79;5.1;202.0
776;2025-02-02 08:00:00;2.58;7.7;30.4;38.4;8.0;132.0;18.48;714.0;0.0;51.0;6.8;0.007;13.03;3.6;237.0
777;2025-02-02 09:00:00;2.74;25.5;31.1;56.8;10.0;118.0;25.22;714.3;0.0;45.0;7.2;0.05;15.82;3.2;333.0
778;2025-02-02 10:00:00;2.76;25.3;33.3;58.8;17.0;97.0;30.03;714.4;0.0;37.0;7.5;0.253;19.05;4.5;57.0
779;2025-02-02 11:00:00;2.73;20.3;34.4;54.8;26.0;92.0;37.12;714.3;0.0;31.0;9.2;0.479;21.13;6.1;89.0
780;2025-02-02 12:00:00;2.71;22.8;36.8;59.8;33.0;79.0;40.9;714.1;0.0;27.0;12.2;0.597;22.99;6.8;87.0
781;2025-02-02 13:00:00;2.6;8.5;24.0;32.7;61.0;83.0;39.31;713.4;0.0;24.0;8.2;0.654;24.24;8.6;72.0
782;2025-02-02 14:00:00;2.6;7.3;24.7;32.2;75.0;74.0;19.82;712.7;0.0;22.0;8.8;0.653;25.66;9.2;73.0
783;2025-02-02 15:00:00;2.87;5.7;19.8;25.8;96.0;73.0;15.32;712.0;0.0;23.0;7.2;0.581;26.51;9.0;65.0
784;2025-02-02 16:00:00;2.84;5.4;16.7;22.3;97.0;78.0;12.97;711.6;0.0;24.0;6.9;0.451;27.37;9.6;56.0
785;2025-02-02 17:00:00;2.77;4.9;15.7;20.8;91.0;69.0;14.47;711.5;0.0;25.0;7.3;0.273;27.42;9.8;54.0
786;2025-02-02 18:00:00;2.68;4.2;12.9;17.3;82.0;58.0;15.69;711.6;0.0;26.0;6.4;0.074;26.82;9.5;99.0
787;2025-02-02 19:00:00;2.8;4.0;19.8;24.0;68.0;44.0;;711.9;0.0;29.0;5.9;0.005;24.9;7.3;70.0
788;2025-02-02 20:00:00;2.73;4.0;18.8;22.9;60.0;48.0;;712.4;0.0;31.0;5.8;0.0;23.8;5.3;62.0
789;2025-02-02 21:00:00;2.86;4.1;38.5;42.7;25.0;44.0;;712.8;0.0;34.0;6.3;0.0;22.14;4.3;327.0
790;2025-02-02 22:00:00;3.02;5.0;46.1;51.2;8.0;69.0;;713.0;0.0;36.0;6.9;0.0;21.21;4.9;283.0
791;2025-02-02 23:00:00;3.16;9.5;47.2;56.9;5.0;83.0;;713.2;0.0;39.0;6.5;0.0;20.28;4.9;309.0
792;2025-02-03 00:00:00;3.0;6.4;39.9;46.5;6.0;82.0;;713.2;0.0;47.0;6.2;0.0;18.33;3.4;248.0
793;2025-02-03 01:00:00;3.1;9.8;42.3;52.3;4.0;69.0;;713.0;0.0;50.0;6.3;0.0;17.36;2.9;244.0
794;2025-02-03 02:00:00;3.0;6.9;40.9;48.0;7.0;72.0;;712.9;0.0;51.0;6.8;0.0;16.87;3.7;230.0
795;2025-02-03 03:00:00;2.91;4.6;38.3;43.1;10.0;68.0;;712.7;0.0;50.0;9.6;0.0;16.31;2.5;289.0
796;2025-02-03 04:00:00;2.79;4.6;33.1;37.9;12.0;64.0;;712.4;0.0;50.0;9.6;0.0;15.83;3.0;265.0
797;2025-02-03 05:00:00;2.72;4.5;31.0;35.6;12.0;61.0;;712.4;0.0;52.0;8.6;0.0;15.29;1.9;331.0
798;2025-02-03 06:00:00;2.63;4.4;27.9;32.5;13.0;57.0;;712.3;0.0;52.0;7.6;0.0;14.75;1.8;250.0
799;2025-02-03 07:00:00;2.53;5.2;26.6;32.0;18.0;56.0;;712.3;0.0;43.0;9.2;0.0;15.52;3.4;311.0
800;2025-02-03 08:00:00;2.56;6.7;30.5;37.4;13.0;45.0;;712.6;0.0;44.0;6.9;0.008;15.0;2.1;258.0
801;2025-02-03 09:00:00;2.6;9.8;32.4;42.4;21.0;46.0;;713.0;0.0;35.0;7.4;0.05;18.18;5.2;217.0
802;2025-02-03 10:00:00;2.63;13.2;30.6;44.0;30.0;51.0;;713.0;0.0;31.0;8.8;0.266;21.54;3.9;353.0
803;2025-02-03 11:00:00;2.65;13.9;31.2;45.3;37.0;63.0;;713.1;0.0;27.0;8.4;0.494;23.82;4.8;25.0
804;2025-02-03 12:00:00;2.66;12.3;30.7;43.1;45.0;68.0;;712.8;0.0;25.0;8.4;0.611;25.56;5.0;35.0
805;2025-02-03 13:00:00;2.8;9.7;31.6;41.6;60.0;66.0;;712.1;0.0;23.0;10.9;0.665;27.26;6.4;36.0
806;2025-02-03 14:00:00;2.87;9.3;35.8;45.3;70.0;82.0;;711.4;0.0;22.0;18.2;0.668;28.06;8.2;79.0
807;2025-02-03 15:00:00;2.67;5.5;20.1;25.9;94.0;71.0;;710.8;0.0;20.0;7.8;0.599;29.14;9.1;62.0
808;2025-02-03 16:00:00;2.67;4.6;17.8;22.7;112.0;66.0;;710.5;0.0;21.0;11.5;0.458;29.54;10.7;64.0
809;2025-02-03 17:00:00;2.7;4.6;18.7;23.5;116.0;79.0;;710.4;0.0;25.0;17.9;0.275;29.09;11.5;65.0
810;2025-02-03 18:00:00;2.62;4.2;13.1;17.5;95.0;83.0;;710.7;0.0;27.0;8.8;0.074;28.38;10.9;105.0
811;2025-02-03 19:00:00;2.67;3.7;18.6;22.6;71.0;52.0;;711.0;0.0;29.0;7.3;0.005;26.44;7.0;92.0
812;2025-02-03 20:00:00;2.58;3.8;13.1;17.1;48.0;49.0;;711.4;0.0;34.0;6.3;0.0;25.46;10.4;122.0
813;2025-02-03 21:00:00;2.54;3.4;10.8;14.4;36.0;43.0;;711.8;0.0;39.0;5.9;0.0;24.64;9.2;100.0
814;2025-02-03 22:00:00;2.51;3.5;10.5;14.2;33.0;34.0;;712.1;0.0;40.0;5.7;0.0;24.13;9.0;99.0
815;2025-02-03 23:00:00;2.62;4.8;22.2;27.1;18.0;29.0;;712.3;0.0;45.0;5.5;0.0;22.65;4.8;354.0
816;2025-02-04 00:00:00;2.69;4.9;27.9;33.0;11.0;37.0;;712.5;0.0;53.0;5.4;0.0;21.37;5.8;24.0
817;2025-02-04 01:00:00;2.7;12.2;31.6;44.0;4.0;49.0;;712.5;0.0;65.0;6.1;0.0;19.94;6.2;343.0
818;2025-02-04 02:00:00;2.71;4.5;23.3;28.0;8.0;61.0;;712.4;0.0;74.0;5.7;0.0;19.0;5.6;340.0
819;2025-02-04 03:00:00;2.68;4.0;19.6;23.8;9.0;56.0;;712.3;0.0;78.0;5.5;0.0;18.3;2.8;359.0
820;2025-02-04 04:00:00;2.61;4.1;18.4;22.6;8.0;41.0;;712.1;0.0;82.0;5.2;0.0;17.52;2.4;321.0
821;2025-02-04 05:00:00;2.79;4.7;21.0;26.0;4.0;40.0;;712.1;0.0;86.0;5.1;0.0;16.75;1.8;305.0
822;2025-02-04 06:00:00;2.77;7.6;20.5;28.4;4.0;43.0;;712.2;0.0;85.0;5.0;0.0;16.29;2.0;248.0
823;2025-02-04 07:00:00;2.76;14.9;20.6;35.7;5.0;49.0;;712.4;0.0;85.0;5.0;0.0;16.27;2.6;260.0
824;2025-02-04 08:00:00;3.17;56.1;32.1;88.5;4.0;72.0;;712.9;0.0;73.0;5.3;0.004;16.4;2.8;217.0
825;2025-02-04 09:00:00;3.23;56.4;32.5;89.1;5.0;96.0;;713.5;0.0;67.0;5.4;0.029;17.07;6.4;211.0
826;2025-02-04 10:00:00;2.94;19.1;27.1;46.4;8.0;101.0;;713.9;0.0;69.0;5.3;0.098;18.67;3.0;196.0
827;2025-02-04 11:00:00;3.13;27.9;30.5;58.6;13.0;88.0;;714.0;0.0;65.0;5.5;0.373;20.91;3.8;7.0
828;2025-02-04 12:00:00;3.21;16.4;35.0;51.6;14.0;;;713.6;0.0;61.0;6.0;0.516;21.91;6.3;19.0
829;2025-02-04 13:00:00;3.31;10.4;33.5;44.1;24.0;;;713.1;0.0;57.0;6.5;0.594;22.93;7.0;18.0
830;2025-02-04 14:00:00;3.07;10.9;31.8;42.8;51.0;;72.11;712.5;0.0;52.0;7.1;0.571;23.98;8.1;55.0
831;2025-02-04 15:00:00;2.92;6.2;15.9;22.4;70.0;;48.47;712.0;0.0;47.0;5.9;0.548;25.48;9.5;56.0
832;2025-02-04 16:00:00;2.81;5.8;11.3;17.3;55.0;88.0;27.69;711.7;0.0;43.0;5.6;0.454;26.7;12.9;118.0
833;2025-02-04 17:00:00;2.79;5.6;10.1;15.9;40.0;68.0;21.66;711.6;0.0;44.0;5.2;0.257;26.68;11.8;125.0
834;2025-02-04 18:00:00;2.82;4.5;11.7;16.4;35.0;45.0;19.77;711.6;0.0;46.0;4.9;0.072;25.98;11.3;118.0
835;2025-02-04 19:00:00;2.9;4.9;17.1;22.3;21.0;51.0;17.56;712.1;0.0;58.0;5.8;0.025;22.78;13.0;72.0
836;2025-02-04 20:00:00;2.94;4.5;19.0;23.8;16.0;113.0;16.33;712.7;0.0;64.0;5.3;0.0;22.15;8.7;97.0
837;2025-02-04 21:00:00;2.76;3.6;7.4;11.2;23.0;54.0;15.73;712.7;0.0;65.0;5.1;0.0;22.8;11.3;110.0
838;2025-02-04 22:00:00;2.86;4.2;15.4;19.8;13.0;42.0;19.45;712.8;0.0;73.0;5.1;0.0;21.72;8.0;50.0
839;2025-02-04 23:00:00;2.91;4.4;19.0;23.6;7.0;54.0;21.72;712.9;0.0;80.0;4.8;0.0;20.35;6.5;47.0
840;2025-02-05 00:00:00;2.92;5.0;17.2;22.4;7.0;50.0;25.46;712.9;0.0;83.0;7.1;0.0;19.9;4.9;49.0
841;2025-02-05 01:00:00;2.77;3.6;9.7;13.5;12.0;56.0;20.26;712.8;0.0;83.0;6.9;0.0;19.76;6.5;44.0
842;2025-02-05 02:00:00;2.74;3.4;7.6;11.3;13.0;40.0;24.95;712.7;0.0;85.0;6.3;0.0;19.08;7.4;47.0
843;2025-02-05 03:00:00;2.71;3.2;6.3;9.8;14.0;53.0;29.1;712.4;0.0;87.0;5.3;0.0;18.61;6.9;55.0
844;2025-02-05 04:00:00;2.71;3.0;4.7;7.9;15.0;53.0;31.55;712.2;0.0;88.0;5.5;0.0;18.29;6.5;60.0
845;2025-02-05 05:00:00;2.7;3.3;8.8;12.3;12.0;46.0;32.96;712.1;0.0;88.0;5.2;0.0;18.28;3.0;27.0
846;2025-02-05 06:00:00;2.77;8.5;20.5;29.3;4.0;49.0;33.8;712.1;0.0;86.0;5.5;0.0;18.64;4.0;353.0
847;2025-02-05 07:00:00;2.83;5.2;15.6;21.0;8.0;72.0;33.41;712.4;0.0;85.0;5.7;0.0;18.7;2.5;37.0
848;2025-02-05 08:00:00;2.98;19.7;22.0;42.0;3.0;53.0;33.9;712.8;0.0;83.0;5.7;0.003;19.01;2.6;350.0
849;2025-02-05 09:00:00;3.1;15.3;19.5;35.1;5.0;70.0;53.4;713.0;0.0;82.0;5.8;0.044;19.27;2.6;60.0
850;2025-02-05 10:00:00;3.23;22.8;21.9;44.8;7.0;76.0;63.27;713.2;0.0;77.0;6.0;0.13;20.43;1.8;29.0
851;2025-02-05 11:00:00;3.34;29.1;27.4;56.7;9.0;88.0;47.34;713.3;0.0;73.0;6.3;0.181;21.17;3.6;47.0
852;2025-02-05 12:00:00;3.26;22.8;29.2;52.2;17.0;103.0;45.07;712.9;0.0;64.0;6.5;0.407;22.92;5.0;1.0
853;2025-02-05 13:00:00;3.0;10.1;21.0;31.3;39.0;116.0;45.08;712.2;0.0;53.0;6.2;0.613;24.61;5.4;2.0
854;2025-02-05 14:00:00;3.17;13.2;34.1;47.5;44.0;92.0;52.3;711.4;0.0;51.0;7.6;0.61;25.47;7.2;62.0
855;2025-02-05 15:00:00;3.09;7.4;26.9;34.5;69.0;106.0;53.18;710.6;0.0;50.0;7.4;0.538;25.81;9.1;51.0
856;2025-02-05 16:00:00;3.09;5.6;23.4;29.2;84.0;104.0;52.06;710.1;0.0;49.0;7.3;0.406;26.49;9.1;41.0
857;2025-02-05 17:00:00;2.98;4.9;16.8;21.9;69.0;107.0;38.29;709.9;0.0;46.0;6.0;0.248;27.09;10.3;42.0
858;2025-02-05 18:00:00;2.93;4.4;17.0;21.6;51.0;72.0;28.58;709.8;0.0;44.0;5.5;0.076;27.11;8.4;79.0
859;2025-02-05 19:00:00;3.0;3.8;18.3;22.3;43.0;58.0;27.25;710.0;0.0;49.0;5.2;0.006;25.69;6.0;78.0
860;2025-02-05 20:00:00;2.97;3.5;19.6;23.3;36.0;57.0;25.26;710.3;0.0;51.0;4.9;0.0;24.94;4.8;93.0
861;2025-02-05 21:00:00;3.4;9.5;36.8;46.5;11.0;71.0;34.43;710.6;0.0;57.0;4.9;0.0;23.7;3.2;2.0
862;2025-02-05 22:00:00;3.55;26.2;43.1;69.5;4.0;118.0;;710.9;0.0;61.0;6.3;0.0;23.02;3.6;10.0
863;2025-02-05 23:00:00;3.32;20.0;35.0;55.2;4.0;108.0;;711.2;0.0;65.0;6.4;0.0;22.39;5.1;353.0
864;2025-02-06 00:00:00;3.01;18.3;25.2;43.8;3.0;102.0;;711.5;0.0;72.0;10.2;0.0;21.26;4.7;22.0
865;2025-02-06 01:00:00;2.94;17.3;21.6;39.2;3.0;82.0;;711.4;0.0;77.0;11.0;0.0;19.85;2.0;320.0
866;2025-02-06 02:00:00;2.99;19.3;21.1;40.6;3.0;67.0;;711.3;0.0;79.0;9.0;0.0;19.35;2.1;246.0
867;2025-02-06 03:00:00;3.02;24.6;21.7;46.5;4.0;73.0;;711.2;0.0;81.0;7.4;0.0;18.75;2.0;286.0
868;2025-02-06 04:00:00;2.91;14.3;20.0;34.6;4.0;66.0;;711.1;0.0;82.0;6.7;0.0;18.12;1.8;304.0
869;2025-02-06 05:00:00;2.94;29.9;20.0;50.2;4.0;57.0;;711.1;0.0;84.0;6.1;0.0;17.48;1.8;316.0
870;2025-02-06 06:00:00;2.94;29.9;18.1;48.2;;67.0;;711.2;0.0;85.0;5.6;0.0;17.25;1.8;254.0
871;2025-02-06 07:00:00;3.16;54.6;17.5;72.5;;70.0;;711.5;0.0;85.0;5.6;0.0;16.94;;253.0
872;2025-02-06 08:00:00;3.6;82.0;22.3;104.6;;92.0;;711.8;0.0;83.0;5.6;0.009;16.91;;269.0
873;2025-02-06 09:00:00;3.77;71.7;35.4;107.4;5.0;106.0;;712.2;0.0;61.0;5.9;0.064;20.37;2.3;227.0
874;2025-02-06 10:00:00;3.47;43.2;41.5;84.9;12.0;112.0;;712.4;0.0;50.0;7.7;0.271;23.01;4.0;3.0
875;2025-02-06 11:00:00;3.29;22.6;39.8;62.6;26.0;119.0;;712.6;0.0;45.0;8.2;0.476;25.19;4.2;39.0
876;2025-02-06 12:00:00;3.19;12.7;33.5;46.4;46.0;120.0;52.48;712.5;0.0;40.0;8.1;0.584;26.64;5.3;338.0
877;2025-02-06 13:00:00;3.54;11.3;43.3;54.9;65.0;113.0;58.67;711.9;0.0;40.0;9.2;0.626;28.17;5.2;19.0
878;2025-02-06 14:00:00;3.12;7.2;23.3;30.7;79.0;122.0;39.21;711.1;0.0;33.0;9.0;0.645;29.43;7.3;23.0
879;2025-02-06 15:00:00;3.04;6.3;26.8;33.4;100.0;106.0;41.89;710.7;0.0;31.0;8.6;0.578;29.77;9.5;63.0
880;2025-02-06 16:00:00;2.94;6.4;25.6;32.2;87.0;113.0;37.03;710.5;0.0;30.0;7.7;0.458;30.17;9.1;69.0
881;2025-02-06 17:00:00;2.9;5.2;17.7;23.1;80.0;103.0;32.3;710.4;0.0;31.0;10.5;0.267;29.93;10.3;61.0
882;2025-02-06 18:00:00;2.98;4.9;22.0;27.1;71.0;87.0;47.06;710.6;0.0;31.0;37.5;0.073;29.21;10.6;69.0
883;2025-02-06 19:00:00;3.14;4.4;24.9;29.5;80.0;89.0;48.13;710.8;0.0;34.0;24.4;0.005;27.66;7.3;112.0
884;2025-02-06 20:00:00;3.18;4.5;30.0;34.7;62.0;99.0;43.12;711.2;0.0;35.0;16.5;0.0;26.68;7.4;79.0
885;2025-02-06 21:00:00;3.05;4.4;24.3;29.0;61.0;88.0;42.36;711.7;0.0;35.0;13.9;0.0;25.94;6.7;62.0
886;2025-02-06 22:00:00;3.1;4.4;26.5;31.1;39.0;83.0;47.68;712.2;0.0;40.0;11.7;0.0;24.42;2.1;80.0
887;2025-02-06 23:00:00;3.03;5.2;28.2;33.6;26.0;98.0;39.3;712.4;0.0;44.0;9.6;0.0;23.49;3.6;316.0
888;2025-02-07 00:00:00;3.05;14.2;31.0;45.4;8.0;71.0;35.69;712.5;0.0;48.0;11.7;0.0;22.66;4.1;335.0
889;2025-02-07 01:00:00;2.92;13.5;26.1;39.8;4.0;86.0;31.67;712.5;0.0;59.0;9.7;0.0;21.37;5.7;5.0
890;2025-02-07 02:00:00;2.86;4.4;15.1;19.7;10.0;63.0;24.76;712.6;0.0;64.0;7.2;0.0;20.17;3.3;355.0
891;2025-02-07 03:00:00;2.91;13.8;20.3;34.3;3.0;51.0;29.15;712.3;0.0;69.0;6.6;0.0;18.97;1.8;289.0
892;2025-02-07 04:00:00;2.96;16.0;19.8;36.0;3.0;64.0;33.84;712.3;0.0;71.0;5.6;0.0;18.69;2.2;15.0
893;2025-02-07 05:00:00;3.02;23.9;22.6;46.7;3.0;81.0;55.31;712.2;0.0;71.0;5.5;0.0;18.88;1.8;244.0
894;2025-02-07 06:00:00;3.0;16.5;22.3;39.0;;102.0;47.06;712.4;0.0;70.0;5.7;0.0;17.89;2.0;232.0
895;2025-02-07 07:00:00;3.1;21.1;28.2;49.5;4.0;79.0;47.75;712.6;0.0;67.0;6.0;0.0;17.39;2.0;256.0
896;2025-02-07 08:00:00;3.34;32.8;20.7;53.7;4.0;90.0;58.5;713.0;0.0;72.0;5.5;0.011;17.47;1.8;242.0
897;2025-02-07 09:00:00;3.5;54.6;41.1;95.9;6.0;113.0;45.98;713.3;0.0;49.0;6.6;0.073;19.83;2.7;212.0
898;2025-02-07 10:00:00;3.54;63.1;54.9;118.3;12.0;112.0;48.28;713.4;0.0;29.0;8.5;0.291;23.45;3.8;338.0
899;2025-02-07 11:00:00;3.48;35.7;55.1;91.0;23.0;146.0;59.11;713.5;0.0;29.0;7.7;0.496;25.57;4.5;45.0
900;2025-02-07 12:00:00;3.72;38.2;74.4;112.8;30.0;141.0;88.61;713.1;0.0;32.0;9.7;0.583;26.63;6.5;50.0
901;2025-02-07 13:00:00;3.72;20.2;63.9;84.3;54.0;200.0;99.75;712.5;0.0;33.0;13.1;0.635;27.06;9.0;55.0
902;2025-02-07 14:00:00;3.38;9.4;41.9;51.4;80.0;192.0;76.8;711.7;0.0;31.0;10.4;0.632;28.07;8.7;62.0
903;2025-02-07 15:00:00;3.15;6.7;27.2;34.2;96.0;171.0;54.03;711.2;0.0;29.0;9.9;0.579;28.96;10.9;47.0
904;2025-02-07 16:00:00;3.01;5.9;20.0;26.1;92.0;126.0;45.63;711.0;0.0;27.0;14.0;0.454;29.55;12.0;53.0
905;2025-02-07 17:00:00;2.95;5.4;17.0;22.5;86.0;105.0;38.65;710.9;0.0;23.0;10.2;0.258;30.04;12.1;81.0
906;2025-02-07 18:00:00;2.82;4.7;14.1;19.0;66.0;73.0;23.95;711.0;0.0;19.0;6.6;0.072;29.96;8.3;112.0
907;2025-02-07 19:00:00;3.09;4.5;30.0;34.7;39.0;51.0;23.99;711.1;0.0;24.0;6.0;0.005;28.05;5.9;90.0
908;2025-02-07 20:00:00;3.23;6.6;36.7;43.6;22.0;66.0;26.25;711.5;0.0;27.0;5.6;0.0;27.0;6.1;86.0
909;2025-02-07 21:00:00;3.59;16.8;44.9;61.9;5.0;69.0;32.21;711.8;0.0;31.0;5.9;0.0;25.64;3.3;176.0
910;2025-02-07 22:00:00;3.28;7.3;35.7;43.2;7.0;86.0;29.16;712.2;0.0;36.0;5.6;0.0;24.4;3.4;270.0
911;2025-02-07 23:00:00;3.01;5.7;23.9;29.9;12.0;70.0;28.62;712.3;0.0;42.0;9.4;0.0;23.88;5.4;21.0
912;2025-02-08 00:00:00;2.94;4.7;17.6;22.5;12.0;74.0;26.76;712.4;0.0;54.0;7.2;0.0;22.48;6.2;29.0
913;2025-02-08 01:00:00;2.92;4.4;16.4;21.0;10.0;60.0;28.03;712.2;0.0;62.0;5.7;0.0;21.31;4.5;5.0
914;2025-02-08 02:00:00;2.96;6.4;20.4;27.0;5.0;58.0;33.45;711.9;0.0;67.0;6.0;0.0;20.5;4.0;33.0
915;2025-02-08 03:00:00;2.95;8.5;18.4;27.2;4.0;69.0;34.21;711.6;0.0;73.0;7.2;0.0;19.6;1.8;90.0
916;2025-02-08 04:00:00;2.98;19.3;19.4;39.0;3.0;73.0;41.51;711.3;0.0;74.0;6.9;0.0;19.09;1.8;204.0
917;2025-02-08 05:00:00;3.01;8.6;22.3;31.2;4.0;81.0;32.11;711.1;0.0;69.0;6.5;0.0;18.49;2.0;233.0
918;2025-02-08 06:00:00;2.98;10.3;29.4;39.9;4.0;62.0;33.55;711.1;0.0;61.0;6.5;0.0;18.26;3.7;217.0
919;2025-02-08 07:00:00;2.97;16.3;29.3;45.8;4.0;72.0;42.62;711.3;0.0;61.0;6.7;0.0;17.97;3.3;240.0
920;2025-02-08 08:00:00;3.02;20.2;27.3;47.8;;80.0;41.08;711.5;0.0;63.0;6.1;0.012;17.67;2.8;238.0
921;2025-02-08 09:00:00;3.19;36.5;33.1;69.9;8.0;97.0;44.05;711.8;0.0;46.0;6.7;0.082;20.36;3.5;222.0
922;2025-02-08 10:00:00;3.68;30.6;30.4;61.1;12.0;114.0;82.29;712.2;0.0;61.0;6.5;0.262;21.1;6.0;358.0
923;2025-02-08 11:00:00;3.62;24.0;34.5;58.7;23.0;178.0;83.56;712.4;0.0;53.0;8.8;0.464;23.15;4.8;25.0
924;2025-02-08 12:00:00;3.45;19.7;43.5;63.4;35.0;154.0;74.73;712.0;0.0;41.0;8.6;0.593;26.0;4.5;82.0
925;2025-02-08 13:00:00;3.35;17.8;44.4;62.4;41.0;146.0;61.56;711.3;0.0;38.0;9.6;0.649;27.2;6.8;73.0
926;2025-02-08 14:00:00;3.13;11.7;35.5;47.5;58.0;139.0;53.28;710.5;0.0;34.0;14.4;0.647;28.13;8.5;39.0
927;2025-02-08 15:00:00;2.97;6.7;21.7;28.7;80.0;124.0;38.91;709.9;0.0;27.0;11.2;0.587;29.36;9.0;63.0
928;2025-02-08 16:00:00;2.97;5.6;19.0;24.8;92.0;95.0;37.85;709.6;0.0;27.0;8.5;0.447;30.03;11.0;54.0
929;2025-02-08 17:00:00;2.95;4.8;17.0;21.9;92.0;100.0;35.97;709.5;0.0;29.0;7.3;0.252;29.96;12.1;59.0
930;2025-02-08 18:00:00;2.96;4.0;14.9;19.1;100.0;91.0;40.35;709.7;0.0;30.0;7.4;0.077;29.68;8.7;106.0
931;2025-02-08 19:00:00;3.06;3.7;21.5;25.4;86.0;85.0;43.57;710.0;0.0;34.0;7.1;0.006;28.04;8.5;81.0
932;2025-02-08 20:00:00;3.09;3.8;22.8;26.8;73.0;91.0;46.1;710.4;0.0;35.0;6.7;0.0;26.95;7.9;62.0
933;2025-02-08 21:00:00;3.12;3.8;27.5;31.6;55.0;87.0;44.84;711.0;0.0;35.0;6.4;0.0;26.19;5.7;48.0
934;2025-02-08 22:00:00;3.27;4.2;39.0;43.4;17.0;80.0;42.81;711.4;0.0;40.0;6.2;0.0;24.61;2.5;303.0
935;2025-02-08 23:00:00;3.28;5.1;37.3;42.6;11.0;84.0;45.83;711.6;0.0;46.0;5.9;0.0;23.49;2.8;318.0
936;2025-02-09 00:00:00;3.07;5.5;21.2;26.9;9.0;80.0;33.43;711.9;0.0;63.0;5.7;0.0;22.11;7.7;39.0
937;2025-02-09 01:00:00;2.99;7.7;20.6;28.6;6.0;77.0;30.66;711.8;0.0;68.0;6.8;0.0;20.68;5.9;38.0
938;2025-02-09 02:00:00;2.95;6.4;20.1;26.7;5.0;68.0;30.1;711.5;0.0;71.0;9.5;0.0;19.97;4.7;25.0
939;2025-02-09 03:00:00;2.92;10.0;20.6;30.9;3.0;70.0;32.39;711.4;0.0;73.0;11.6;0.0;19.37;2.1;298.0
940;2025-02-09 04:00:00;2.95;11.2;21.1;32.6;5.0;68.0;33.62;711.2;0.0;72.0;10.9;0.0;18.78;1.9;248.0
941;2025-02-09 05:00:00;3.04;4.6;28.3;33.0;7.0;61.0;36.75;711.0;0.0;64.0;8.7;0.0;18.36;1.8;255.0
942;2025-02-09 06:00:00;3.07;5.6;20.1;26.0;4.0;81.0;44.65;711.2;0.0;71.0;7.8;0.0;18.16;1.8;254.0
943;2025-02-09 07:00:00;3.05;5.6;16.3;22.1;4.0;78.0;54.04;711.5;0.0;74.0;7.6;0.0;18.15;1.9;250.0
944;2025-02-09 08:00:00;3.14;16.2;23.0;39.4;4.0;90.0;48.55;711.9;0.0;70.0;7.8;0.012;17.57;2.0;233.0
945;2025-02-09 09:00:00;3.06;13.7;28.7;42.6;13.0;86.0;33.68;712.4;0.0;45.0;8.4;0.085;19.72;3.0;214.0
946;2025-02-09 10:00:00;3.12;13.5;22.1;35.8;21.0;74.0;58.99;712.6;0.0;51.0;9.7;0.27;22.88;3.0;59.0
947;2025-02-09 11:00:00;3.39;14.5;29.8;44.5;32.0;118.0;78.4;712.7;0.0;48.0;11.0;0.476;24.31;4.6;66.0
948;2025-02-09 12:00:00;3.56;16.2;38.4;54.8;43.0;147.0;80.41;712.4;0.0;41.0;12.6;0.583;26.2;5.0;59.0
949;2025-02-09 13:00:00;3.75;19.5;47.5;67.3;42.0;144.0;73.05;711.8;0.0;40.0;23.5;0.633;26.95;6.8;44.0
950;2025-02-09 14:00:00;3.06;11.2;30.7;42.1;55.0;148.0;50.48;711.1;0.0;36.0;20.6;0.635;27.92;9.6;56.0
951;2025-02-09 15:00:00;2.9;7.1;17.7;25.1;57.0;102.0;33.05;710.7;0.0;34.0;13.6;0.568;28.54;11.0;58.0
952;2025-02-09 16:00:00;2.85;6.6;16.1;23.0;49.0;67.0;25.97;710.6;0.0;31.0;10.6;0.459;29.19;11.0;52.0
953;2025-02-09 17:00:00;2.87;4.0;9.3;13.5;55.0;59.0;28.73;710.8;0.0;33.0;9.2;0.258;28.75;11.4;60.0
954;2025-02-09 18:00:00;2.92;5.1;13.8;19.1;51.0;63.0;37.62;711.1;0.0;33.0;12.8;0.075;28.17;9.5;55.0
955;2025-02-09 19:00:00;3.0;3.5;15.8;19.5;54.0;78.0;58.59;711.5;0.0;37.0;53.6;0.007;26.93;9.1;80.0
956;2025-02-09 20:00:00;2.97;3.8;13.9;17.8;54.0;96.0;66.73;712.1;0.0;39.0;85.8;0.0;26.26;7.9;104.0
957;2025-02-09 21:00:00;2.94;4.1;12.6;16.9;44.0;94.0;46.43;712.6;0.0;42.0;44.0;0.0;25.66;6.6;104.0
958;2025-02-09 22:00:00;3.05;4.2;17.3;21.7;33.0;81.0;53.04;713.1;0.0;47.0;42.3;0.0;24.44;7.8;92.0
959;2025-02-09 23:00:00;2.86;4.2;8.8;13.2;22.0;92.0;25.28;713.3;0.0;62.0;68.0;0.0;22.11;15.0;66.0
960;2025-02-10 00:00:00;2.86;3.5;8.3;12.1;22.0;77.0;23.81;713.6;0.0;61.0;25.5;0.0;21.96;6.8;77.0
961;2025-02-10 01:00:00;2.89;3.2;8.0;11.4;19.0;57.0;23.06;713.7;0.0;67.0;10.7;0.0;20.66;7.9;37.0
962;2025-02-10 02:00:00;2.83;2.9;5.3;8.4;21.0;47.0;21.75;713.6;0.0;70.0;7.8;0.0;19.97;8.5;41.0
963;2025-02-10 03:00:00;2.83;2.9;5.5;8.7;21.0;52.0;27.28;713.4;0.0;73.0;6.8;0.0;19.97;7.2;58.0
964;2025-02-10 04:00:00;2.81;3.1;7.4;10.7;19.0;57.0;36.61;713.5;0.0;73.0;7.5;0.0;19.8;6.4;48.0
965;2025-02-10 05:00:00;2.8;2.6;5.1;8.0;21.0;62.0;32.73;713.4;0.0;75.0;8.9;0.0;19.72;6.1;74.0
966;2025-02-10 06:00:00;2.83;2.7;9.5;12.5;17.0;54.0;30.17;713.3;0.0;76.0;9.3;0.0;19.55;8.4;56.0
967;2025-02-10 07:00:00;2.91;4.2;14.1;18.5;11.0;47.0;30.83;713.3;0.0;75.0;10.2;0.0;19.35;8.4;61.0
968;2025-02-10 08:00:00;3.05;6.0;17.5;23.8;8.0;55.0;28.69;713.3;0.0;73.0;9.0;0.004;19.63;5.4;53.0
969;2025-02-10 09:00:00;3.13;10.3;19.3;29.9;8.0;59.0;26.27;713.9;0.0;69.0;7.6;0.031;19.94;5.7;33.0
970;2025-02-10 10:00:00;3.19;14.8;19.0;34.1;9.0;66.0;34.1;714.5;0.0;71.0;7.0;0.062;19.8;8.4;35.0
971;2025-02-10 11:00:00;3.2;17.3;21.6;39.2;6.0;94.0;40.8;714.6;0.0;73.0;7.7;0.031;18.86;8.4;9.0
972;2025-02-10 12:00:00;3.25;20.4;22.9;43.7;8.0;91.0;36.4;714.3;0.0;71.0;7.7;0.085;19.63;8.9;1.0
973;2025-02-10 13:00:00;3.12;13.1;19.8;33.0;18.0;100.0;39.58;713.5;0.0;66.0;7.9;0.184;20.89;10.1;38.0
974;2025-02-10 14:00:00;3.06;7.7;14.1;21.9;25.0;85.0;34.52;712.4;0.0;58.0;9.6;0.214;22.08;10.8;54.0
975;2025-02-10 15:00:00;2.92;5.4;8.9;13.9;30.0;77.0;27.0;711.5;0.0;55.0;7.3;0.176;22.76;11.4;109.0
976;2025-02-10 16:00:00;2.89;6.4;7.7;12.1;32.0;55.0;26.88;710.8;0.0;54.0;6.3;0.247;23.05;13.7;124.0
977;2025-02-10 17:00:00;2.89;4.2;7.8;12.3;34.0;58.0;27.04;710.5;0.0;51.0;5.7;0.245;23.96;12.8;117.0
978;2025-02-10 18:00:00;2.94;3.9;10.9;14.9;31.0;54.0;26.91;710.5;0.0;51.0;5.4;0.077;23.91;10.0;100.0
979;2025-02-10 19:00:00;3.22;15.3;25.4;30.9;16.0;54.0;30.63;710.5;0.0;54.0;5.3;0.007;23.06;4.6;75.0
980;2025-02-10 20:00:00;3.23;11.3;27.4;38.8;11.0;72.0;33.77;710.4;0.0;58.0;5.2;0.0;22.13;2.6;332.0
981;2025-02-10 21:00:00;3.5;22.6;36.9;59.7;4.0;86.0;43.94;710.7;0.0;60.0;5.2;0.0;21.77;4.1;317.0
982;2025-02-10 22:00:00;3.57;23.6;36.2;60.1;4.0;87.0;43.28;710.9;0.0;61.0;5.3;0.0;21.36;4.5;300.0
983;2025-02-10 23:00:00;3.05;4.7;21.1;26.0;13.0;91.0;32.19;711.0;0.0;61.0;5.1;0.0;21.03;8.4;55.0
984;2025-02-11 00:00:00;2.89;3.6;10.0;13.9;20.0;58.0;23.42;710.9;0.0;64.0;6.7;0.0;20.88;7.6;70.0
985;2025-02-11 01:00:00;2.87;3.2;9.6;13.0;18.0;47.0;23.19;710.6;0.0;68.0;21.4;0.0;20.4;4.5;47.0
986;2025-02-11 02:00:00;2.85;4.8;9.8;14.8;17.0;51.0;21.88;710.0;0.0;70.0;17.4;0.0;20.09;5.8;48.0
987;2025-02-11 03:00:00;2.9;4.4;16.3;20.9;11.0;52.0;27.81;710.0;0.0;70.0;29.5;0.0;19.97;6.0;342.0
988;2025-02-11 04:00:00;2.89;3.2;14.5;17.8;12.0;47.0;27.12;709.9;0.0;69.0;49.0;0.0;19.81;3.1;344.0
989;2025-02-11 05:00:00;2.95;3.3;16.5;19.9;9.0;52.0;31.42;709.6;0.0;69.0;45.0;0.0;19.76;1.8;23.0
990;2025-02-11 06:00:00;2.96;4.1;16.3;20.5;7.0;60.0;46.93;709.5;0.0;69.0;23.3;0.0;19.36;1.8;267.0
991;2025-02-11 07:00:00;3.08;11.9;17.6;29.8;4.0;86.0;73.82;709.5;0.0;70.0;11.7;0.0;18.94;1.8;266.0
992;2025-02-11 08:00:00;3.35;28.5;21.7;50.4;4.0;117.0;46.37;709.7;0.0;71.0;13.0;0.006;19.52;3.6;67.0
993;2025-02-11 09:00:00;3.39;33.7;23.6;57.4;4.0;105.0;31.39;710.0;0.0;72.0;12.2;0.014;19.66;4.5;43.0
994;2025-02-11 10:00:00;3.58;63.8;26.2;90.2;;99.0;39.99;710.1;0.0;69.0;11.3;0.047;19.97;3.2;47.0
995;2025-02-11 11:00:00;3.51;55.0;29.8;85.1;7.0;132.0;46.13;710.0;0.0;64.0;12.4;0.19;21.08;3.7;40.0
996;2025-02-11 12:00:00;3.38;35.5;33.7;69.5;14.0;132.0;54.39;709.4;0.0;59.0;12.0;0.345;22.31;7.4;40.0
997;2025-02-11 13:00:00;3.21;11.3;22.6;34.2;37.0;147.0;57.66;708.3;0.0;54.0;10.7;0.602;23.88;9.3;59.0
998;2025-02-11 14:00:00;3.08;6.3;14.7;21.2;51.0;105.0;60.03;707.1;0.0;55.0;8.8;0.564;23.8;11.8;61.0
999;2025-02-11 15:00:00;3.05;5.7;13.8;19.7;54.0;97.0;56.36;706.2;0.0;51.0;8.9;0.47;24.92;11.1;44.0
1000;2025-02-11 16:00:00;3.02;5.4;13.0;18.7;51.0;90.0;49.18;705.4;0.0;47.0;8.8;0.393;26.02;12.5;50.0
1001;2025-02-11 17:00:00;2.97;4.4;10.5;15.2;51.0;89.0;47.13;705.0;0.0;44.0;9.1;0.23;26.31;14.0;99.0
1002;2025-02-11 18:00:00;2.96;3.8;10.8;14.7;46.0;82.0;42.51;705.0;0.0;44.0;9.4;0.082;26.1;11.9;113.0
1003;2025-02-11 19:00:00;3.0;3.3;13.2;16.6;38.0;73.0;36.56;705.0;0.0;45.0;7.9;0.007;25.47;9.8;109.0
1004;2025-02-11 20:00:00;3.0;3.3;14.4;17.9;31.0;63.0;32.0;705.1;0.0;45.0;6.9;0.0;25.05;7.3;91.0
1005;2025-02-11 21:00:00;3.18;13.8;26.3;40.2;18.0;57.0;35.7;705.2;0.0;47.0;6.2;0.0;24.65;6.7;44.0
1006;2025-02-11 22:00:00;3.26;9.1;32.7;41.9;9.0;83.0;36.83;705.0;0.0;52.0;7.1;0.0;23.51;6.4;343.0
1007;2025-02-11 23:00:00;3.38;7.3;34.8;42.3;5.0;90.0;36.95;705.2;0.0;57.0;7.0;0.0;22.58;4.4;241.0
1008;2025-02-12 00:00:00;3.32;17.1;41.4;58.7;4.0;86.0;45.75;705.3;0.0;54.0;6.7;0.0;22.37;7.7;222.0
1009;2025-02-12 01:00:00;3.22;21.5;40.6;62.3;4.0;112.0;46.89;705.1;0.0;55.0;6.7;0.0;21.59;2.9;248.0
1010;2025-02-12 02:00:00;3.32;23.8;35.8;59.8;4.0;110.0;45.45;704.7;0.0;60.0;6.6;0.0;20.78;2.0;208.0
1011;2025-02-12 03:00:00;3.3;14.7;34.9;49.9;;104.0;40.71;704.1;0.0;60.0;6.0;0.0;20.47;2.4;227.0
1012;2025-02-12 04:00:00;3.13;5.1;31.1;36.4;5.0;84.0;38.56;703.9;0.0;59.0;5.7;0.0;19.98;3.1;188.0
1013;2025-02-12 05:00:00;3.08;5.7;30.4;36.3;5.0;70.0;36.82;703.7;0.0;59.0;5.6;0.0;19.74;4.4;230.0
1014;2025-02-12 06:00:00;3.03;4.8;27.2;32.2;8.0;76.0;38.18;703.8;0.0;57.0;6.6;0.0;19.59;4.7;211.0
1015;2025-02-12 07:00:00;3.1;14.0;30.9;45.1;5.0;86.0;36.14;704.2;0.0;51.0;12.4;0.0;19.94;6.8;218.0
1016;2025-02-12 08:00:00;3.36;36.6;31.7;68.6;5.0;95.0;34.91;704.8;0.0;49.0;11.8;0.023;20.13;4.1;234.0
1017;2025-02-12 09:00:00;3.71;67.1;34.2;101.6;6.0;121.0;34.39;705.3;0.0;41.0;12.9;0.125;22.48;5.5;219.0
1018;2025-02-12 10:00:00;3.92;45.8;39.0;85.1;11.0;129.0;38.39;705.7;0.0;32.0;14.9;0.262;25.37;5.2;218.0
1019;2025-02-12 11:00:00;3.34;27.9;36.5;64.7;16.0;197.0;24.65;705.9;0.0;25.0;9.4;0.297;27.68;6.3;132.0
1020;2025-02-12 12:00:00;3.02;11.4;19.8;31.5;31.0;111.0;17.38;705.6;0.0;19.0;6.3;0.507;29.43;7.8;96.0
1021;2025-02-12 13:00:00;2.92;10.2;22.0;32.4;44.0;98.0;14.25;705.0;0.0;16.0;6.0;0.623;30.69;8.6;93.0
1022;2025-02-12 14:00:00;2.86;6.7;17.0;23.9;59.0;81.0;12.83;704.1;0.0;14.0;5.3;0.566;31.72;9.3;89.0
1023;2025-02-12 15:00:00;2.79;5.5;13.1;18.8;68.0;66.0;11.97;703.4;0.0;13.0;4.9;0.519;32.57;10.0;105.0
1024;2025-02-12 16:00:00;2.73;4.8;10.9;15.9;66.0;64.0;10.61;703.1;0.0;12.0;4.7;0.39;32.79;10.2;118.0
1025;2025-02-12 17:00:00;2.75;4.9;11.2;16.3;55.0;59.0;9.86;703.2;0.0;12.0;4.5;0.268;32.76;10.1;134.0
1026;2025-02-12 18:00:00;2.86;4.2;16.0;20.5;54.0;47.0;13.4;703.8;0.0;16.0;5.0;0.082;31.67;10.5;118.0
1027;2025-02-12 19:00:00;3.05;4.4;24.3;28.9;41.0;65.0;25.62;704.6;0.0;24.0;9.4;0.009;29.34;10.8;77.0
1028;2025-02-12 20:00:00;2.99;4.5;22.5;27.2;34.0;82.0;23.52;705.7;0.0;25.0;9.5;0.0;28.09;8.1;73.0
1029;2025-02-12 21:00:00;2.94;8.3;28.0;36.5;17.0;63.0;24.1;706.9;0.0;35.0;8.4;0.0;26.2;11.0;42.0
1030;2025-02-12 22:00:00;2.89;4.2;13.6;18.0;28.0;74.0;22.71;707.8;0.0;39.0;6.4;0.0;25.15;13.1;69.0
1031;2025-02-12 23:00:00;2.85;4.0;10.3;14.5;35.0;65.0;21.82;708.4;0.0;38.0;8.1;0.0;25.02;9.3;112.0
1032;2025-02-13 00:00:00;2.83;3.1;8.0;11.4;38.0;63.0;22.29;708.8;0.0;41.0;6.8;0.0;24.55;9.3;84.0
1033;2025-02-13 01:00:00;2.87;3.1;11.8;15.1;27.0;60.0;23.49;708.9;0.0;46.0;6.3;0.0;23.03;9.8;63.0
1034;2025-02-13 02:00:00;2.81;;5.6;8.9;35.0;62.0;22.93;709.1;0.0;48.0;5.8;0.0;22.56;10.3;86.0
1035;2025-02-13 03:00:00;2.82;2.8;5.1;8.1;33.0;64.0;25.29;709.7;0.0;54.0;7.9;0.0;21.68;15.5;65.0
1036;2025-02-13 04:00:00;2.87;6.0;12.2;18.4;17.0;59.0;29.98;710.3;0.0;69.0;7.3;0.0;19.39;15.0;43.0
1037;2025-02-13 05:00:00;2.87;3.6;9.3;13.1;15.0;64.0;11.9;711.1;0.0;75.0;6.2;0.0;17.25;13.2;46.0
1038;2025-02-13 06:00:00;2.93;5.3;14.7;20.2;7.0;26.0;10.91;711.8;0.0;75.0;5.7;0.0;16.03;9.9;17.0
1039;2025-02-13 07:00:00;2.88;6.2;13.5;19.9;7.0;31.0;6.83;712.7;0.0;73.0;5.6;0.0;14.13;9.7;20.0
1040;2025-02-13 08:00:00;3.04;15.8;16.3;32.3;4.0;32.0;11.32;713.8;0.0;75.0;5.3;0.001;12.79;8.2;45.0
1041;2025-02-13 09:00:00;3.11;25.5;15.6;41.3;5.0;49.0;17.09;715.0;0.0;76.0;5.6;0.02;11.37;10.6;73.0
1042;2025-02-13 10:00:00;3.04;19.7;13.7;33.6;6.0;48.0;15.22;715.9;0.0;77.0;5.2;0.049;10.3;11.7;58.0
1043;2025-02-13 11:00:00;2.98;20.5;15.0;35.8;7.0;41.0;17.63;716.7;0.0;77.0;5.2;0.059;9.69;10.0;56.0
1044;2025-02-13 12:00:00;2.94;20.5;15.3;36.1;7.0;44.0;21.24;717.1;0.0;75.0;5.2;0.075;9.72;8.5;48.0
1045;2025-02-13 13:00:00;2.98;28.9;16.3;45.4;7.0;56.0;27.32;717.0;0.0;70.0;6.3;0.147;10.19;7.6;62.0
1046;2025-02-13 14:00:00;3.05;29.2;18.7;48.1;8.0;71.0;30.08;716.8;0.0;63.0;6.6;0.141;11.11;7.0;55.0
1047;2025-02-13 15:00:00;3.02;19.7;18.8;38.8;9.0;78.0;21.82;716.8;0.0;62.0;6.1;0.093;10.91;9.6;40.0
1048;2025-02-13 16:00:00;2.96;15.5;19.2;34.9;10.0;74.0;21.45;716.9;0.0;64.0;5.5;0.082;10.37;9.3;60.0
1049;2025-02-13 17:00:00;2.98;32.3;24.1;56.6;6.0;68.0;29.64;716.9;0.0;62.0;8.9;0.066;10.73;7.1;60.0
1050;2025-02-13 18:00:00;3.0;22.4;25.7;48.3;7.0;75.0;21.93;717.5;0.0;59.0;10.3;0.022;10.93;7.9;62.0
1051;2025-02-13 19:00:00;2.94;16.1;26.6;42.9;7.0;65.0;20.82;718.0;0.0;57.0;10.2;0.002;11.24;7.1;49.0
1052;2025-02-13 20:00:00;2.93;6.6;23.5;30.4;9.0;68.0;18.62;718.6;0.0;58.0;6.6;0.0;11.05;6.8;349.0
1053;2025-02-13 21:00:00;3.03;17.1;21.2;38.6;4.0;59.0;28.17;719.0;0.0;69.0;5.9;0.0;10.41;8.3;74.0
1054;2025-02-13 22:00:00;2.94;10.7;18.2;29.2;5.0;51.0;26.29;719.3;0.0;73.0;5.0;0.0;9.77;8.1;47.0
1055;2025-02-13 23:00:00;2.82;8.5;15.4;24.1;9.0;45.0;12.51;719.3;0.0;75.0;4.8;0.0;8.96;10.2;44.0
1056;2025-02-14 00:00:00;2.74;4.3;12.8;17.3;12.0;28.0;14.21;719.2;0.0;77.0;4.5;0.0;7.21;11.0;50.0
1057;2025-02-14 01:00:00;2.69;14.7;15.2;30.2;8.0;25.0;24.4;718.8;0.0;77.0;5.4;0.0;6.86;10.1;20.0
1058;2025-02-14 02:00:00;2.71;25.3;17.9;43.5;5.0;38.0;37.17;718.8;0.0;78.0;7.1;0.0;6.33;7.7;33.0
1059;2025-02-14 03:00:00;2.71;27.0;18.2;45.4;4.0;53.0;44.33;718.5;0.0;78.0;8.4;0.0;6.1;6.3;44.0
1060;2025-02-14 04:00:00;2.81;16.5;19.3;36.1;4.0;67.0;43.83;718.0;0.0;89.0;5.7;0.0;6.24;4.0;30.0
1061;2025-02-14 05:00:00;2.84;20.5;18.8;39.6;4.0;58.0;45.16;717.7;0.0;91.0;5.2;0.0;6.33;4.2;49.0
1062;2025-02-14 06:00:00;2.88;15.0;18.2;33.5;;54.0;33.89;717.5;0.0;91.0;4.8;0.0;6.53;3.0;83.0
1063;2025-02-14 07:00:00;2.96;17.2;18.0;35.4;;44.0;28.58;717.6;0.0;91.0;4.7;0.0;6.88;2.1;41.0
1064;2025-02-14 08:00:00;3.07;24.8;17.2;42.3;;27.0;19.68;717.5;0.0;92.0;4.7;0.004;7.33;2.4;50.0
1065;2025-02-14 09:00:00;3.31;52.2;19.0;71.5;;27.0;;717.7;0.0;92.0;4.9;0.019;7.56;4.2;53.0
1066;2025-02-14 10:00:00;3.42;53.8;20.0;74.6;5.0;42.0;;717.9;0.0;92.0;4.8;0.056;7.88;2.1;12.0
1067;2025-02-14 11:00:00;3.52;49.5;21.2;71.2;5.0;53.0;31.26;717.7;0.0;92.0;4.9;0.089;8.66;3.2;337.0
1068;2025-02-14 12:00:00;3.66;65.4;23.5;89.2;6.0;50.0;36.32;717.0;0.0;91.0;5.0;0.156;9.48;5.5;337.0
1069;2025-02-14 13:00:00;3.49;64.1;28.6;92.7;7.0;58.0;47.93;716.0;0.0;82.0;5.1;0.24;11.48;4.1;17.0
1070;2025-02-14 14:00:00;3.68;66.6;37.0;103.9;9.0;80.0;65.9;714.9;0.0;72.0;6.2;0.297;12.58;6.6;74.0
1071;2025-02-14 15:00:00;3.48;61.6;37.9;99.8;10.0;109.0;58.05;713.8;0.0;70.0;8.9;0.32;13.32;8.0;75.0
1072;2025-02-14 16:00:00;3.43;51.6;35.1;87.0;11.0;107.0;57.14;713.1;0.0;70.0;7.1;0.41;13.93;10.0;68.0
1073;2025-02-14 17:00:00;3.57;61.2;38.6;100.1;9.0;105.0;64.44;712.8;0.0;72.0;5.7;0.236;13.63;9.7;80.0
1074;2025-02-14 18:00:00;3.58;59.2;37.2;96.7;6.0;112.0;59.36;712.6;0.0;77.0;5.3;0.092;12.59;9.1;62.0
1075;2025-02-14 19:00:00;3.53;48.0;34.8;83.0;4.0;89.0;52.55;712.6;0.0;82.0;5.0;0.008;11.44;7.5;52.0
1076;2025-02-14 20:00:00;3.55;47.5;31.7;79.5;4.0;82.0;52.08;712.6;0.0;83.0;5.1;0.0;11.35;4.4;45.0
1077;2025-02-14 21:00:00;3.53;44.3;28.3;72.8;4.0;79.0;52.34;712.7;0.0;82.0;4.9;0.0;11.81;5.3;25.0
1078;2025-02-14 22:00:00;3.32;32.5;26.4;59.1;;79.0;59.14;712.5;0.0;82.0;5.1;0.0;11.54;4.7;33.0
1079;2025-02-14 23:00:00;3.07;10.4;23.7;34.2;5.0;80.0;44.97;712.3;0.0;80.0;5.0;0.0;11.45;5.5;44.0
1080;2025-02-15 00:00:00;2.96;18.4;24.4;43.1;5.0;70.0;41.1;712.0;0.0;78.0;5.9;0.0;11.34;2.8;358.0
1081;2025-02-15 01:00:00;3.06;25.2;26.7;52.0;4.0;71.0;48.85;711.4;0.0;79.0;6.5;0.0;11.41;1.9;343.0
1082;2025-02-15 02:00:00;3.2;19.3;27.5;47.0;4.0;75.0;53.04;711.0;0.0;81.0;5.5;0.0;11.5;1.8;304.0
1083;2025-02-15 03:00:00;3.23;20.1;24.8;45.1;4.0;73.0;54.88;710.3;0.0;82.0;5.1;0.0;11.12;1.8;288.0
1084;2025-02-15 04:00:00;3.35;31.1;25.1;56.4;;75.0;62.98;709.6;0.0;84.0;5.1;0.0;10.88;1.9;245.0
1085;2025-02-15 05:00:00;3.38;38.7;23.4;62.4;;94.0;66.65;709.0;0.0;86.0;4.9;0.0;10.78;1.8;267.0
1086;2025-02-15 06:00:00;3.42;49.1;23.6;73.0;;98.0;70.11;708.6;0.0;85.0;5.0;0.0;10.95;1.8;283.0
1087;2025-02-15 07:00:00;3.59;72.1;24.6;96.9;;171.0;95.38;708.5;0.0;85.0;5.0;0.0;10.96;2.3;241.0
1088;2025-02-15 08:00:00;3.95;110.1;30.0;140.4;5.0;239.0;116.82;708.5;0.0;82.0;6.0;0.019;11.74;2.6;270.0
1089;2025-02-15 09:00:00;4.38;143.5;40.0;183.8;5.0;386.0;117.46;708.6;0.0;74.0;7.5;0.119;14.1;2.6;355.0
1090;2025-02-15 10:00:00;4.74;160.8;57.8;218.8;6.0;358.0;121.0;708.7;0.0;67.0;8.5;0.166;15.88;3.1;62.0
1091;2025-02-15 11:00:00;4.99;150.6;76.0;226.8;7.0;330.0;119.56;708.6;0.0;61.0;8.7;0.284;17.76;3.6;97.0
1092;2025-02-15 12:00:00;4.79;93.4;87.0;180.5;15.0;289.0;106.52;708.2;0.0;49.0;8.3;0.578;21.45;6.9;86.0
1093;2025-02-15 13:00:00;3.76;26.8;50.7;77.7;26.0;217.0;54.25;707.6;0.0;39.0;7.4;0.511;24.54;9.6;101.0
1094;2025-02-15 14:00:00;3.34;12.7;35.4;48.3;31.0;117.0;31.27;706.9;0.0;30.0;6.4;0.285;26.48;7.4;97.0
1095;2025-02-15 15:00:00;3.28;11.7;28.5;40.4;33.0;75.0;22.07;706.6;0.0;32.0;6.0;0.443;27.58;9.0;105.0
1096;2025-02-15 16:00:00;2.98;7.6;18.5;26.4;44.0;63.0;14.56;706.2;0.0;23.0;5.4;0.384;29.89;9.9;98.0
1097;2025-02-15 17:00:00;2.99;7.8;22.1;30.2;40.0;54.0;13.88;706.0;0.0;20.0;4.9;0.222;29.73;8.6;74.0
1098;2025-02-15 18:00:00;3.43;7.7;49.3;57.1;36.0;56.0;46.72;707.2;0.0;40.0;9.4;0.063;25.25;12.8;33.0
1099;2025-02-15 19:00:00;3.12;5.7;29.8;35.8;22.0;139.0;27.71;708.3;0.0;42.0;10.9;0.007;22.9;9.2;23.0
1100;2025-02-15 20:00:00;3.0;5.1;23.0;28.4;22.0;85.0;21.74;709.1;0.0;44.0;6.4;0.0;21.52;8.7;18.0
1101;2025-02-15 21:00:00;3.01;4.9;18.8;23.9;27.0;58.0;19.74;709.9;0.0;41.0;5.6;0.0;20.49;8.6;51.0
1102;2025-02-15 22:00:00;2.82;4.7;17.3;22.2;27.0;64.0;19.88;710.8;0.0;35.0;4.9;0.0;19.8;3.6;109.0
1103;2025-02-15 23:00:00;3.01;4.6;28.6;33.4;14.0;72.0;22.71;711.5;0.0;38.0;4.8;0.0;18.46;1.8;197.0
1104;2025-02-16 00:00:00;2.98;4.7;27.9;32.8;14.0;73.0;21.05;712.1;0.0;41.0;4.8;0.0;17.92;1.9;192.0
1105;2025-02-16 01:00:00;2.84;4.2;17.6;21.9;21.0;72.0;18.18;712.3;0.0;42.0;4.8;0.0;17.54;2.9;231.0
1106;2025-02-16 02:00:00;2.89;4.3;23.0;27.5;16.0;59.0;18.41;712.5;0.0;46.0;4.8;0.0;17.22;6.2;217.0
1107;2025-02-16 03:00:00;3.03;4.3;29.6;34.1;11.0;62.0;26.7;712.6;0.0;47.0;5.8;0.0;17.56;8.0;222.0
1108;2025-02-16 04:00:00;2.99;4.2;26.2;30.7;14.0;91.0;27.22;712.6;0.0;48.0;5.7;0.0;17.42;5.4;249.0
1109;2025-02-16 05:00:00;2.91;4.2;19.7;24.1;18.0;87.0;24.32;712.7;0.0;49.0;5.8;0.0;16.94;2.3;301.0
1110;2025-02-16 06:00:00;2.93;4.4;20.7;25.3;13.0;65.0;24.03;713.1;0.0;54.0;5.2;0.0;15.64;2.5;346.0
1111;2025-02-16 07:00:00;2.78;4.3;15.3;19.8;19.0;59.0;16.41;713.7;0.0;50.0;5.1;0.0;14.8;2.2;216.0
1112;2025-02-16 08:00:00;2.81;5.7;20.5;26.4;15.0;52.0;14.22;714.4;0.0;46.0;5.0;0.017;15.4;1.9;332.0
1113;2025-02-16 09:00:00;3.07;23.9;30.6;54.8;13.0;54.0;17.18;715.1;0.0;35.0;6.3;0.143;19.46;3.4;114.0
1114;2025-02-16 10:00:00;2.95;16.4;26.5;43.2;28.0;76.0;18.03;715.5;0.0;29.0;6.4;0.274;21.19;5.8;45.0
1115;2025-02-16 11:00:00;2.7;6.4;10.3;16.9;47.0;84.0;14.46;715.9;0.0;27.0;9.0;0.47;21.6;13.6;57.0
1116;2025-02-16 12:00:00;2.68;5.0;8.0;13.2;51.0;94.0;14.36;715.8;0.0;28.0;7.4;0.643;22.03;13.4;83.0
1117;2025-02-16 13:00:00;2.72;4.6;8.1;13.0;55.0;81.0;15.35;715.2;0.0;30.0;6.2;0.699;22.0;15.3;70.0
1118;2025-02-16 14:00:00;2.73;4.4;7.8;12.4;53.0;86.0;19.05;714.4;0.0;29.0;5.3;0.689;22.47;16.9;71.0
1119;2025-02-16 15:00:00;2.73;4.2;7.5;11.9;53.0;84.0;15.58;713.7;0.0;28.0;4.8;0.61;22.77;17.1;67.0
1120;2025-02-16 16:00:00;2.71;3.9;7.1;11.2;52.0;93.0;13.95;713.5;0.0;28.0;4.6;0.501;22.71;18.1;73.0
1121;2025-02-16 17:00:00;2.72;3.7;7.1;11.0;52.0;91.0;14.49;713.5;0.0;28.0;5.1;0.301;22.14;18.9;73.0
1122;2025-02-16 18:00:00;2.73;3.6;8.9;12.7;49.0;87.0;17.37;713.8;0.0;29.0;11.3;0.086;21.01;18.8;71.0
1123;2025-02-16 19:00:00;2.7;3.4;8.8;12.4;45.0;81.0;14.15;714.4;0.0;30.0;16.6;0.009;19.54;17.7;74.0
1124;2025-02-16 20:00:00;2.71;3.4;9.4;13.1;41.0;68.0;12.56;715.0;0.0;33.0;9.0;0.0;18.28;17.1;69.0
1125;2025-02-16 21:00:00;2.68;3.2;9.3;12.8;40.0;60.0;9.17;715.8;0.0;33.0;7.3;0.0;17.47;11.4;103.0
1126;2025-02-16 22:00:00;2.68;3.0;8.9;12.1;40.0;48.0;9.52;716.3;0.0;34.0;8.7;0.0;16.86;11.5;110.0
1127;2025-02-16 23:00:00;2.65;2.9;7.4;10.5;40.0;42.0;9.98;716.5;0.0;35.0;8.6;0.0;15.91;11.8;86.0
1128;2025-02-17 00:00:00;2.65;2.7;6.9;9.8;;43.0;9.85;716.4;0.0;37.0;4.6;0.0;15.14;10.6;86.0
1129;2025-02-17 01:00:00;2.65;2.7;7.1;10.0;38.0;44.0;9.83;716.1;0.0;40.0;4.4;0.0;14.02;11.1;63.0
1130;2025-02-17 02:00:00;2.65;;7.1;10.0;35.0;46.0;10.57;715.7;0.0;46.0;4.4;0.0;12.44;8.8;50.0
1131;2025-02-17 03:00:00;2.64;;7.8;10.8;33.0;43.0;10.92;715.4;0.0;50.0;4.5;0.0;11.86;7.3;52.0
1132;2025-02-17 04:00:00;2.63;3.5;17.4;21.0;23.0;39.0;16.27;715.0;0.0;52.0;6.2;0.0;11.16;9.3;31.0
1133;2025-02-17 05:00:00;2.65;3.8;21.4;25.4;21.0;47.0;15.41;715.0;0.0;53.0;7.9;0.0;10.21;7.0;23.0
1134;2025-02-17 06:00:00;2.68;3.7;28.8;32.7;15.0;46.0;18.89;715.0;0.0;54.0;10.6;0.0;9.67;5.4;1.0
1135;2025-02-17 07:00:00;2.74;6.3;35.9;42.4;10.0;47.0;20.19;715.1;0.0;58.0;18.7;0.0;9.34;5.3;46.0
1136;2025-02-17 08:00:00;2.85;6.2;26.7;33.1;19.0;52.0;16.78;715.3;0.0;60.0;8.5;0.024;9.35;6.6;52.0
1137;2025-02-17 09:00:00;3.0;24.7;34.1;59.1;13.0;48.0;24.19;715.6;0.0;60.0;12.5;0.082;10.04;5.7;52.0
1138;2025-02-17 10:00:00;3.08;31.5;37.5;69.1;12.0;70.0;29.24;715.6;0.0;60.0;25.1;0.136;10.25;5.2;40.0
1139;2025-02-17 11:00:00;3.0;24.8;33.5;58.5;16.0;78.0;29.93;715.3;0.0;55.0;21.5;0.201;11.15;6.1;29.0
1140;2025-02-17 12:00:00;2.99;19.5;28.9;48.6;22.0;79.0;30.04;714.8;0.0;58.0;14.2;0.376;12.24;5.9;54.0
1141;2025-02-17 13:00:00;3.03;18.9;29.3;48.4;27.0;75.0;37.23;714.0;0.0;55.0;13.7;0.48;13.62;7.4;44.0
1142;2025-02-17 14:00:00;2.92;8.0;18.4;26.7;39.0;80.0;27.76;713.2;0.0;55.0;7.5;0.347;13.99;7.8;56.0
1143;2025-02-17 15:00:00;2.91;8.1;17.2;25.5;40.0;62.0;24.62;712.3;0.0;50.0;6.4;0.403;15.38;6.1;33.0
1144;2025-02-17 16:00:00;2.91;10.1;24.4;34.7;35.0;55.0;25.37;711.7;0.0;46.0;8.9;0.317;16.68;6.9;36.0
1145;2025-02-17 17:00:00;3.02;10.6;25.0;35.8;37.0;62.0;25.0;711.1;0.0;45.0;7.9;0.312;18.28;8.3;3.0
1146;2025-02-17 18:00:00;3.01;7.7;26.4;34.3;29.0;75.0;20.09;710.9;0.0;47.0;7.5;0.099;18.31;10.7;15.0
1147;2025-02-17 19:00:00;3.14;6.5;31.9;38.7;21.0;78.0;20.04;710.8;0.0;50.0;6.8;0.008;17.75;7.4;18.0
1148;2025-02-17 20:00:00;3.16;10.3;43.3;53.8;9.0;69.0;25.05;710.8;0.0;51.0;10.1;0.0;17.44;6.2;21.0
1149;2025-02-17 21:00:00;3.23;5.9;41.3;47.4;10.0;88.0;22.3;711.2;0.0;53.0;8.7;0.0;16.83;4.1;349.0
1150;2025-02-17 22:00:00;3.27;17.0;46.1;63.3;4.0;74.0;28.11;711.3;0.0;55.0;7.8;0.0;16.28;4.5;8.0
1151;2025-02-17 23:00:00;3.33;26.1;43.9;70.2;4.0;95.0;31.2;711.3;0.0;60.0;7.1;0.0;15.06;2.8;257.0
1152;2025-02-18 00:00:00;3.4;28.3;42.6;71.1;4.0;101.0;29.8;711.0;0.0;61.0;6.5;0.0;14.84;4.2;220.0
1153;2025-02-18 01:00:00;3.35;24.5;40.3;65.0;;94.0;28.47;710.6;0.0;64.0;6.6;0.0;14.21;2.7;209.0
1154;2025-02-18 02:00:00;3.25;18.5;38.2;56.9;;79.0;27.72;710.0;0.0;65.0;6.3;0.0;13.96;3.1;228.0
1155;2025-02-18 03:00:00;3.28;32.6;37.2;70.0;;74.0;31.91;709.6;0.0;65.0;6.0;0.0;13.65;3.0;235.0
1156;2025-02-18 04:00:00;3.22;19.2;35.0;54.5;;87.0;29.5;709.4;0.0;68.0;5.7;0.0;13.11;3.1;240.0
1157;2025-02-18 05:00:00;3.15;39.3;37.3;76.9;;80.0;41.42;709.2;0.0;65.0;6.2;0.0;13.49;4.0;259.0
1158;2025-02-18 06:00:00;3.18;41.8;36.6;78.7;;147.0;45.7;709.0;0.0;66.0;6.1;0.0;13.38;4.2;213.0
1159;2025-02-18 07:00:00;3.26;40.0;36.6;76.9;;132.0;42.93;709.2;0.0;64.0;6.4;0.0;13.56;2.5;272.0
1160;2025-02-18 08:00:00;3.75;78.1;36.6;115.0;;132.0;51.86;709.3;0.0;65.0;6.3;0.014;13.45;2.4;274.0
1161;2025-02-18 09:00:00;4.2;121.2;42.9;164.5;5.0;194.0;62.33;709.8;0.0;62.0;7.0;0.087;14.5;1.8;301.0
1162;2025-02-18 10:00:00;4.01;84.2;52.2;136.7;8.0;253.0;61.5;710.0;0.0;53.0;7.8;0.191;17.03;4.1;15.0
1163;2025-02-18 11:00:00;4.16;79.1;67.9;147.3;13.0;222.0;71.1;709.9;0.0;43.0;8.2;0.373;19.97;4.6;70.0
1164;2025-02-18 12:00:00;1.95;80.0;96.6;176.7;16.0;182.0;93.52;709.5;0.0;34.0;11.8;0.446;23.42;5.1;70.0
1165;2025-02-18 13:00:00;1.7;54.1;93.4;147.7;21.0;190.0;87.22;708.9;0.0;28.0;19.4;0.436;25.99;6.5;91.0
1166;2025-02-18 14:00:00;1.15;19.3;66.1;85.5;48.0;193.0;64.31;708.1;0.0;23.0;13.7;0.533;27.71;7.6;126.0
1167;2025-02-18 15:00:00;0.79;8.8;45.3;54.3;73.0;165.0;37.61;707.3;0.0;19.0;7.0;0.499;29.59;8.1;109.0
1168;2025-02-18 16:00:00;0.62;7.5;36.0;43.7;71.0;147.0;28.04;706.9;0.0;17.0;6.6;0.377;29.92;10.8;87.0
1169;2025-02-18 17:00:00;0.83;6.6;41.9;48.8;75.0;129.0;43.62;707.0;0.0;27.0;9.5;0.2;28.22;11.3;56.0
1170;2025-02-18 18:00:00;0.86;5.4;43.9;49.5;67.0;141.0;38.77;707.4;0.0;32.0;26.7;0.067;26.34;9.5;57.0
1171;2025-02-18 19:00:00;0.86;4.9;40.1;45.2;52.0;119.0;31.6;708.0;0.0;37.0;17.2;0.01;24.55;9.6;42.0
1172;2025-02-18 20:00:00;0.92;5.2;52.7;58.1;34.0;102.0;31.93;708.5;0.0;39.0;10.4;0.0;23.48;6.1;19.0
1173;2025-02-18 21:00:00;0.72;5.0;51.7;56.9;20.0;88.0;31.57;709.2;0.0;45.0;10.1;0.0;22.15;4.0;13.0
1174;2025-02-18 22:00:00;0.85;10.9;57.6;68.7;4.0;88.0;33.33;709.7;0.0;54.0;9.3;0.0;20.29;2.9;279.0
1175;2025-02-18 23:00:00;1.09;27.1;55.7;83.0;4.0;99.0;36.18;710.2;0.0;57.0;7.6;0.0;19.51;3.1;245.0
1176;2025-02-19 00:00:00;0.97;14.8;56.2;71.2;4.0;103.0;34.64;710.5;0.0;57.0;6.9;0.0;19.29;2.9;233.0
1177;2025-02-19 01:00:00;0.99;34.2;55.1;89.5;;87.0;34.02;710.6;0.0;60.0;6.7;0.0;18.75;2.1;296.0
1178;2025-02-19 02:00:00;1.33;52.1;52.9;105.2;;89.0;40.21;711.1;0.0;60.0;6.7;0.0;18.83;3.7;155.0
1179;2025-02-19 03:00:00;0.8;21.3;33.1;54.7;17.0;105.0;30.92;711.9;0.0;61.0;6.7;0.0;18.65;7.0;65.0
1180;2025-02-19 04:00:00;0.39;4.4;12.4;17.0;29.0;87.0;17.43;712.5;0.0;68.0;6.0;0.0;17.71;10.9;73.0
1181;2025-02-19 05:00:00;0.38;4.7;8.7;13.6;26.0;59.0;17.72;712.8;0.0;72.0;5.8;0.0;16.37;12.1;51.0
1182;2025-02-19 06:00:00;0.32;6.2;12.4;18.9;12.0;114.0;16.88;713.5;0.0;73.0;5.5;0.0;12.23;14.7;74.0
1183;2025-02-19 07:00:00;0.37;11.0;17.3;28.5;8.0;119.0;20.25;714.6;0.0;69.0;6.4;0.0;10.89;14.6;81.0
1184;2025-02-19 08:00:00;0.43;11.8;17.8;29.9;8.0;95.0;21.22;715.7;0.0;71.0;6.8;0.002;9.63;12.8;72.0
1185;2025-02-19 09:00:00;0.34;9.1;16.2;25.6;10.0;86.0;17.16;716.7;0.0;72.0;5.4;0.013;9.2;12.2;55.0
1186;2025-02-19 10:00:00;0.48;15.3;18.5;34.1;8.0;80.0;19.12;717.6;0.0;73.0;5.4;0.043;8.56;10.9;53.0
1187;2025-02-19 11:00:00;0.49;17.0;18.6;36.0;10.0;69.0;19.03;718.1;0.0;71.0;6.2;0.077;8.47;10.3;59.0
1188;2025-02-19 12:00:00;0.51;22.0;18.9;41.1;9.0;74.0;19.89;718.3;0.0;70.0;6.2;0.105;7.72;10.7;56.0
1189;2025-02-19 13:00:00;0.51;22.4;17.6;40.3;11.0;82.0;21.03;718.0;0.0;68.0;6.2;0.184;7.31;10.1;67.0
1190;2025-02-19 14:00:00;0.52;22.2;18.8;41.2;11.0;84.0;23.88;717.6;0.0;65.0;6.3;0.165;7.7;10.3;52.0
1191;2025-02-19 15:00:00;0.45;19.4;19.7;39.3;11.0;93.0;25.1;717.1;0.0;64.0;7.0;0.132;7.8;8.6;70.0
1192;2025-02-19 16:00:00;0.36;18.6;20.1;39.0;;85.0;26.03;717.0;0.0;63.0;7.3;0.123;8.01;9.8;57.0
1193;2025-02-19 17:00:00;0.42;14.8;20.1;35.2;;87.0;21.21;717.2;0.0;60.0;5.8;0.069;7.52;10.3;48.0
1194;2025-02-19 18:00:00;0.4;11.6;21.8;33.7;12.0;84.0;20.16;717.7;0.0;58.0;5.3;0.026;6.56;10.7;30.0
1195;2025-02-19 19:00:00;0.35;8.8;23.7;32.8;11.0;81.0;17.71;718.1;0.0;55.0;5.6;0.003;5.94;9.6;39.0
1196;2025-02-19 20:00:00;0.32;8.2;25.6;34.1;9.0;68.0;16.16;718.6;0.0;50.0;6.5;0.0;5.54;8.4;52.0
1197;2025-02-19 21:00:00;0.25;7.4;26.5;34.1;8.0;68.0;15.77;719.0;0.0;46.0;7.8;0.0;5.13;8.2;64.0
1198;2025-02-19 22:00:00;0.28;6.2;22.3;28.7;13.0;62.0;15.57;719.5;0.0;51.0;8.6;0.0;4.64;7.8;61.0
1199;2025-02-19 23:00:00;0.23;4.2;21.4;25.8;14.0;56.0;15.25;719.5;0.0;53.0;6.3;0.0;4.6;6.3;46.0
1200;2025-02-20 00:00:00;0.2;4.1;20.7;25.1;14.0;59.0;14.81;719.5;0.0;54.0;5.6;0.0;4.31;8.4;56.0
1201;2025-02-20 01:00:00;0.2;3.8;22.8;26.8;11.0;61.0;15.81;719.5;0.0;49.0;6.3;0.0;4.21;6.9;54.0
1202;2025-02-20 02:00:00;0.17;3.5;21.0;24.7;13.0;68.0;16.53;719.3;0.0;45.0;6.9;0.0;4.1;6.4;54.0
1203;2025-02-20 03:00:00;0.13;3.4;18.0;21.5;16.0;57.0;15.28;719.1;0.0;43.0;6.9;0.0;4.18;7.3;52.0
1204;2025-02-20 04:00:00;0.13;3.4;16.3;19.9;17.0;46.0;14.5;719.1;0.0;42.0;7.0;0.0;3.85;8.1;38.0
1205;2025-02-20 05:00:00;;2.9;7.2;10.3;26.0;42.0;9.25;719.2;0.0;42.0;5.4;0.0;3.39;8.8;34.0
1206;2025-02-20 06:00:00;;3.1;10.8;14.2;23.0;37.0;10.83;719.3;0.0;44.0;4.7;0.0;3.11;9.7;17.0
1207;2025-02-20 07:00:00;0.09;3.4;12.4;16.0;22.0;36.0;12.5;719.5;0.0;47.0;5.5;0.0;3.13;8.9;44.0
1208;2025-02-20 08:00:00;0.14;7.2;16.5;24.0;17.0;41.0;15.24;719.8;0.0;53.0;5.2;0.009;3.25;8.0;36.0
1209;2025-02-20 09:00:00;0.24;9.4;17.1;26.8;12.0;47.0;25.09;720.2;0.0;63.0;5.1;0.048;3.28;9.1;51.0
1210;2025-02-20 10:00:00;0.27;15.6;19.6;35.4;12.0;53.0;17.61;720.5;0.0;59.0;6.6;0.096;2.87;11.3;24.0
1211;2025-02-20 11:00:00;0.19;9.6;14.2;24.0;18.0;64.0;16.36;720.7;0.0;59.0;8.4;0.127;2.51;12.4;38.0
1212;2025-02-20 12:00:00;0.15;7.5;11.7;19.4;19.0;60.0;16.5;720.4;0.0;59.0;5.6;0.106;2.59;12.0;41.0
1213;2025-02-20 13:00:00;0.16;7.9;11.8;19.9;20.0;53.0;19.51;719.7;0.0;60.0;4.8;0.133;2.95;10.3;52.0
1214;2025-02-20 14:00:00;0.18;8.5;11.4;20.1;22.0;51.0;19.81;719.0;0.0;57.0;4.7;0.218;3.57;9.7;42.0
1215;2025-02-20 15:00:00;0.17;7.0;10.3;17.6;25.0;56.0;19.03;718.4;0.0;55.0;4.6;0.186;3.85;11.1;44.0
1216;2025-02-20 16:00:00;0.17;6.7;11.4;18.3;24.0;49.0;19.49;718.2;0.0;54.0;4.6;0.147;4.08;11.4;59.0
1217;2025-02-20 17:00:00;0.2;6.9;13.2;20.3;22.0;48.0;20.86;718.0;0.0;56.0;4.5;0.072;3.96;10.3;63.0
1218;2025-02-20 18:00:00;0.17;4.8;11.3;16.3;22.0;49.0;20.8;718.1;0.0;60.0;4.5;0.026;3.67;10.0;103.0
1219;2025-02-20 19:00:00;0.19;4.6;12.3;17.1;21.0;41.0;21.89;718.3;0.0;61.0;4.4;0.004;3.4;9.6;122.0
1220;2025-02-20 20:00:00;0.16;3.9;10.5;14.6;23.0;44.0;21.2;718.5;0.0;62.0;4.5;0.0;3.13;10.7;124.0
1221;2025-02-20 21:00:00;0.11;3.3;9.3;12.9;25.0;40.0;20.97;718.8;0.0;61.0;4.4;0.0;2.98;10.2;117.0
1222;2025-02-20 22:00:00;0.09;3.1;8.3;11.6;27.0;46.0;19.08;719.1;0.0;60.0;4.4;0.0;2.93;11.1;101.0
1223;2025-02-20 23:00:00;0.08;3.1;7.2;10.6;28.0;36.0;18.96;719.1;0.0;62.0;4.4;0.0;2.74;9.9;108.0
1224;2025-02-21 00:00:00;0.06;2.6;6.4;9.2;30.0;32.0;17.06;718.9;0.0;62.0;4.5;0.0;2.62;11.6;89.0
1225;2025-02-21 01:00:00;0.05;2.6;5.9;8.8;32.0;38.0;14.48;718.8;0.0;63.0;4.5;0.0;2.1;11.5;59.0
1226;2025-02-21 02:00:00;;2.4;5.9;8.5;32.0;30.0;15.05;718.9;0.0;64.0;4.4;0.0;2.08;8.2;44.0
1227;2025-02-21 03:00:00;0.05;2.5;8.7;11.4;29.0;35.0;17.22;718.7;0.0;66.0;5.0;0.0;2.01;5.5;46.0
1228;2025-02-21 04:00:00;0.06;2.5;11.5;14.3;26.0;34.0;20.36;718.2;0.0;65.0;5.9;0.0;1.91;7.7;62.0
1229;2025-02-21 05:00:00;0.09;2.5;12.8;15.5;25.0;39.0;22.3;718.2;0.0;68.0;5.7;0.0;1.67;5.5;75.0
1230;2025-02-21 06:00:00;0.15;2.7;20.2;23.1;17.0;49.0;29.05;718.2;0.0;69.0;7.9;0.0;1.76;5.4;28.0
1231;2025-02-21 07:00:00;0.23;4.5;27.4;32.0;10.0;61.0;34.83;718.7;0.0;74.0;7.6;0.0;1.48;5.6;57.0
1232;2025-02-21 08:00:00;0.28;8.2;29.5;38.0;7.0;70.0;36.03;719.3;0.0;82.0;6.0;0.002;0.89;3.5;83.0
1233;2025-02-21 09:00:00;0.43;23.4;30.7;54.2;6.0;64.0;46.63;719.7;0.0;85.0;5.5;0.028;0.99;2.5;72.0
1234;2025-02-21 10:00:00;0.49;25.2;29.3;54.7;8.0;68.0;51.97;720.2;0.0;85.0;5.1;0.073;1.81;2.1;116.0
1235;2025-02-21 11:00:00;0.7;44.6;32.4;77.3;7.0;70.0;69.0;720.2;0.0;82.0;5.3;0.069;2.33;5.8;66.0
1236;2025-02-21 12:00:00;0.66;37.9;31.1;69.2;7.0;107.0;65.1;720.2;0.0;85.0;5.1;0.076;2.04;7.5;71.0
1237;2025-02-21 13:00:00;0.5;34.3;30.8;65.3;10.0;92.0;61.43;719.9;0.0;77.0;6.2;0.148;3.13;6.4;49.0
1238;2025-02-21 14:00:00;0.58;35.7;32.6;68.5;10.0;102.0;69.19;719.1;0.0;75.0;6.3;0.158;3.77;6.3;90.0
1239;2025-02-21 15:00:00;0.65;38.1;36.3;74.6;10.0;101.0;78.44;718.5;0.0;74.0;6.2;0.136;4.33;5.5;75.0
1240;2025-02-21 16:00:00;0.72;40.0;38.8;79.0;9.0;109.0;71.2;718.2;0.0;74.0;6.4;0.123;4.92;5.8;77.0
1241;2025-02-21 17:00:00;0.68;27.3;32.6;60.1;9.0;88.0;50.11;718.0;0.0;75.0;5.3;0.091;5.2;6.7;93.0
1242;2025-02-21 18:00:00;0.58;18.4;31.5;50.1;7.0;65.0;44.82;718.1;0.0;79.0;4.9;0.028;5.0;6.9;72.0
1243;2025-02-21 19:00:00;0.57;15.1;32.4;47.8;6.0;62.0;41.43;718.2;0.0;83.0;4.9;0.004;4.54;8.4;56.0
1244;2025-02-21 20:00:00;;;;;;;17.0;;;;;;;;
1245;2025-02-21 21:00:00;;18.0;5.5;23.7;2.0;;;;0.0;47.0;2.7;0.0;2.13;3.8;67.0
1246;2025-02-21 22:00:00;;8.9;25.2;34.2;6.0;;;719.3;0.0;89.0;5.3;0.0;3.91;6.9;67.0
1247;2025-02-21 23:00:00;;8.8;24.1;33.1;6.0;49.0;;719.3;0.0;89.0;6.2;0.0;3.93;6.4;44.0
1248;2025-02-22 00:00:00;;10.0;24.2;34.4;5.0;44.0;;719.1;0.0;90.0;9.5;0.0;3.91;5.6;46.0
1249;2025-02-22 01:00:00;;5.3;21.7;27.2;6.0;49.0;28.0;718.8;0.0;90.0;10.8;0.0;3.9;3.0;60.0
1250;2025-02-22 02:00:00;;4.2;22.6;27.1;6.0;44.0;26.0;718.4;0.0;90.0;7.6;0.0;3.99;3.6;84.0
1251;2025-02-22 03:00:00;;7.6;24.3;32.1;4.0;38.0;27.0;718.1;0.0;92.0;7.5;0.0;3.92;3.6;91.0
1252;2025-02-22 04:00:00;;7.8;24.4;32.4;4.0;39.0;24.0;717.8;0.0;93.0;6.8;0.0;3.85;4.7;75.0
1253;2025-02-22 05:00:00;;4.7;21.8;26.8;7.0;32.0;30.0;717.7;0.0;93.0;5.3;0.0;3.52;5.5;12.0
1254;2025-02-22 06:00:00;;4.2;21.2;25.7;7.0;32.0;29.0;717.7;0.0;93.0;5.0;0.0;3.54;4.0;34.0
1255;2025-02-22 07:00:00;;7.4;23.4;31.0;5.0;29.0;26.0;717.9;0.0;93.0;4.8;0.0;3.5;4.9;28.0
1256;2025-02-22 08:00:00;;9.0;23.6;32.9;6.0;35.0;;718.3;0.0;93.0;4.7;0.003;3.43;4.7;31.0
1257;2025-02-22 09:00:00;;15.1;23.7;39.0;6.0;27.0;;718.6;0.0;93.0;4.8;0.024;3.36;5.5;65.0
1258;2025-02-22 10:00:00;;27.4;23.6;51.0;6.0;40.0;;719.2;0.0;93.0;5.0;0.058;3.52;5.2;82.0
1259;2025-02-22 11:00:00;;25.9;24.1;50.0;7.0;64.0;57.0;719.4;0.0;;4.9;0.079;3.76;5.3;56.0
1260;2025-02-22 12:00:00;;26.7;24.5;51.3;8.0;58.0;48.0;719.1;0.0;;4.9;0.118;4.27;5.6;74.0
1261;2025-02-22 13:00:00;;25.9;25.1;51.2;10.0;70.0;51.0;718.6;0.0;;5.2;0.154;5.01;5.2;103.0
1262;2025-02-22 14:00:00;;23.6;24.7;48.5;12.0;84.0;52.0;717.9;0.0;92.0;5.1;0.236;6.53;4.4;114.0
1263;2025-02-22 15:00:00;;23.0;26.1;49.3;17.0;81.0;50.0;717.1;0.0;82.0;5.3;0.335;8.53;4.5;105.0
1264;2025-02-22 16:00:00;;18.0;29.2;47.4;16.0;76.0;;716.5;0.0;70.0;5.6;0.184;8.91;5.2;83.0
1265;2025-02-22 17:00:00;;13.3;29.1;42.7;16.0;69.0;;716.0;0.0;67.0;5.6;0.119;9.18;4.1;90.0
1266;2025-02-22 18:00:00;;10.2;29.5;39.9;14.0;69.0;45.0;715.9;0.0;71.0;5.0;0.046;8.62;7.9;71.0
1267;2025-02-22 19:00:00;;10.0;29.9;40.1;9.0;63.0;48.0;715.9;0.0;75.0;4.9;0.008;7.94;7.7;89.0
1268;2025-02-22 20:00:00;;9.5;29.3;39.0;6.0;61.0;49.0;716.0;0.0;78.0;4.8;0.0;7.46;8.0;62.0
1269;2025-02-22 21:00:00;;20.9;27.6;48.6;4.0;61.0;56.0;716.2;0.0;82.0;4.8;0.0;6.98;3.5;28.0
1270;2025-02-22 22:00:00;;15.2;26.8;42.2;5.0;68.0;57.0;716.5;0.0;82.0;4.8;0.0;7.14;5.3;26.0
1271;2025-02-22 23:00:00;;7.3;25.8;33.3;6.0;64.0;50.0;716.5;0.0;82.0;4.6;0.0;6.76;6.4;47.0
1272;2025-02-23 00:00:00;;7.0;23.7;30.9;6.0;66.0;50.0;716.6;0.0;84.0;4.7;0.0;6.55;5.1;43.0
1273;2025-02-23 01:00:00;;5.8;21.2;27.2;8.0;61.0;44.0;716.6;0.0;85.0;4.8;0.0;6.36;3.0;70.0
1274;2025-02-23 02:00:00;;5.6;24.1;30.0;6.0;57.0;46.0;716.5;0.0;85.0;5.0;0.0;6.38;2.2;50.0
1275;2025-02-23 03:00:00;;4.6;22.2;27.1;7.0;62.0;51.0;716.2;0.0;86.0;4.8;0.0;6.45;2.0;336.0
1276;2025-02-23 04:00:00;;5.4;22.9;28.6;5.0;64.0;63.0;715.8;0.0;86.0;4.6;0.0;6.5;2.2;322.0
1277;2025-02-23 05:00:00;;5.7;21.1;27.1;5.0;77.0;65.0;715.5;0.0;85.0;4.6;0.0;6.14;1.8;244.0
1278;2025-02-23 06:00:00;;6.7;19.4;26.4;4.0;77.0;64.0;715.2;0.0;86.0;4.6;0.0;5.77;1.8;265.0
1279;2025-02-23 07:00:00;;16.6;20.9;37.8;4.0;79.0;48.0;715.4;0.0;85.0;4.7;0.0;5.86;1.8;181.0
1280;2025-02-23 08:00:00;;14.9;19.8;35.0;5.0;82.0;46.0;715.7;0.0;82.0;4.7;0.028;6.28;;192.0
1281;2025-02-23 09:00:00;;33.1;24.2;57.6;10.0;60.0;41.0;716.1;0.0;66.0;5.4;0.175;10.65;;148.0
1282;2025-02-23 10:00:00;;21.2;22.9;44.3;18.0;59.0;46.0;716.3;0.0;54.0;6.0;0.286;12.63;4.2;69.0
1283;2025-02-23 11:00:00;;16.3;20.7;37.3;25.0;66.0;49.0;716.2;0.0;48.0;5.9;0.367;13.97;6.0;22.0
1284;2025-02-23 12:00:00;;14.1;24.5;38.8;36.0;68.0;56.0;715.6;0.0;40.0;6.1;0.669;16.94;5.5;34.0
1285;2025-02-23 13:00:00;;24.4;38.4;63.0;33.0;70.0;54.0;714.6;0.0;39.0;11.8;0.725;17.6;9.0;53.0
1286;2025-02-23 14:00:00;;16.9;33.3;50.4;40.0;97.0;36.0;713.8;0.0;35.0;11.1;0.712;19.24;8.2;43.0
1287;2025-02-23 15:00:00;;11.7;27.4;39.3;46.0;83.0;27.0;713.0;0.0;30.0;10.7;0.635;21.12;7.5;59.0
1288;2025-02-23 16:00:00;;8.3;22.8;31.4;56.0;63.0;27.0;712.2;0.0;26.0;8.2;0.521;22.83;6.7;57.0
1289;2025-02-23 17:00:00;;6.0;20.1;26.4;65.0;50.0;32.0;711.9;0.0;26.0;6.6;0.32;23.06;10.1;53.0
1290;2025-02-23 18:00:00;;4.8;20.3;25.3;65.0;57.0;27.0;712.4;0.0;34.0;9.1;0.083;21.65;10.2;42.0
1291;2025-02-23 19:00:00;;4.2;19.9;24.3;47.0;64.0;24.0;713.0;0.0;39.0;8.3;0.008;19.17;5.8;50.0
1292;2025-02-23 20:00:00;;4.1;31.3;35.7;21.0;49.0;30.0;713.4;0.0;44.0;6.2;0.0;17.3;3.1;317.0
1293;2025-02-23 21:00:00;;8.2;42.7;51.0;7.0;51.0;33.0;713.7;0.0;50.0;6.7;0.0;15.64;3.0;258.0
1294;2025-02-23 22:00:00;;10.3;44.8;55.3;4.0;64.0;;714.0;0.0;55.0;6.1;0.0;14.51;2.5;189.0
1295;2025-02-23 23:00:00;;9.7;42.3;52.3;10.0;64.0;39.0;713.9;0.0;53.0;6.5;0.0;14.99;6.9;214.0
1296;2025-02-24 00:00:00;;5.5;43.2;48.9;6.0;61.0;44.0;713.9;0.0;58.0;6.3;0.0;13.71;3.0;256.0
1297;2025-02-24 01:00:00;;20.1;46.2;66.4;5.0;64.0;44.0;713.9;0.0;61.0;6.8;0.0;12.96;3.2;263.0
1298;2025-02-24 02:00:00;;19.0;45.5;64.7;4.0;69.0;55.0;713.7;0.0;63.0;6.5;0.0;12.33;2.9;241.0
1299;2025-02-24 03:00:00;;20.7;45.5;66.3;7.0;74.0;54.0;713.5;0.0;58.0;10.5;0.0;12.43;6.0;237.0
1300;2025-02-24 04:00:00;;6.4;39.5;46.1;10.0;102.0;58.0;713.4;0.0;55.0;10.2;0.0;12.41;3.6;240.0
1301;2025-02-24 05:00:00;;5.7;37.4;43.3;8.0;168.0;53.0;713.6;0.0;61.0;7.9;0.0;11.08;1.8;274.0
1302;2025-02-24 06:00:00;;6.0;35.0;41.3;8.0;150.0;35.0;713.8;0.0;59.0;7.3;0.0;10.57;2.5;215.0
1303;2025-02-24 07:00:00;;14.2;39.5;53.9;8.0;124.0;27.0;714.0;0.0;47.0;11.2;0.0;11.9;4.9;242.0
1304;2025-02-24 08:00:00;;34.5;43.7;78.5;6.0;87.0;30.0;714.2;0.0;38.0;11.5;0.033;13.15;6.5;223.0
1305;2025-02-24 09:00:00;;41.0;44.0;85.2;11.0;96.0;25.0;714.4;0.0;29.0;12.1;0.198;16.67;6.7;219.0
1306;2025-02-24 10:00:00;;41.3;46.1;87.6;17.0;97.0;27.0;714.6;0.0;20.0;11.2;0.301;21.13;4.4;145.0
1307;2025-02-24 11:00:00;;35.7;47.6;83.6;23.0;103.0;28.29;714.5;0.0;15.0;9.4;0.355;23.48;5.6;59.0
1308;2025-02-24 12:00:00;1.19;44.8;70.5;115.5;27.0;87.0;63.72;714.1;0.0;14.0;12.0;0.684;25.02;7.1;62.0
1309;2025-02-24 13:00:00;1.1;24.1;63.1;87.4;46.0;142.0;70.61;713.3;0.0;13.0;10.6;0.743;25.92;8.9;82.0
1310;2025-02-24 14:00:00;0.54;8.4;25.9;34.5;63.0;121.0;22.41;712.5;0.0;8.0;5.7;0.736;27.12;10.7;89.0
1311;2025-02-24 15:00:00;0.39;6.5;17.6;24.4;69.0;63.0;17.15;711.9;0.0;5.0;5.4;0.656;28.29;8.5;87.0
1312;2025-02-24 16:00:00;0.4;5.8;17.5;23.5;78.0;47.0;21.13;711.4;0.0;5.0;5.5;0.532;28.68;8.7;70.0
1313;2025-02-24 17:00:00;0.51;5.2;20.9;26.3;95.0;51.0;25.27;710.8;0.0;9.0;8.1;0.329;28.61;9.6;76.0
1314;2025-02-24 18:00:00;0.54;4.8;20.7;25.7;91.0;62.0;20.77;710.6;0.0;13.0;7.3;0.086;27.93;9.6;104.0
1315;2025-02-24 19:00:00;0.49;4.3;16.5;21.0;81.0;52.0;14.92;710.7;0.0;15.0;7.5;0.009;25.79;8.4;134.0
1316;2025-02-24 20:00:00;0.77;4.9;42.4;47.6;42.0;44.0;23.22;711.3;0.0;18.0;7.4;0.0;23.56;3.9;61.0
1317;2025-02-24 21:00:00;0.9;5.0;54.0;59.2;22.0;154.0;22.54;711.8;0.0;21.0;6.7;0.0;21.85;3.9;287.0
1318;2025-02-24 22:00:00;0.84;5.7;54.4;60.2;14.0;80.0;19.23;712.1;0.0;25.0;6.5;0.0;19.64;3.1;238.0
1319;2025-02-24 23:00:00;0.97;22.5;65.1;87.9;6.0;58.0;25.51;712.4;0.0;26.0;9.8;0.0;18.77;4.1;231.0
1320;2025-02-25 00:00:00;0.87;18.1;57.3;75.6;4.0;88.0;25.98;712.5;0.0;27.0;7.9;0.0;17.47;3.4;271.0
1321;2025-02-25 01:00:00;0.9;14.2;50.2;64.7;4.0;85.0;29.63;712.2;0.0;31.0;8.1;0.0;15.98;2.7;231.0
1322;2025-02-25 02:00:00;0.87;14.3;50.7;65.2;7.0;79.0;29.72;711.9;0.0;33.0;9.8;0.0;15.34;4.5;230.0
1323;2025-02-25 03:00:00;0.57;4.1;43.9;48.3;15.0;83.0;28.98;711.4;0.0;27.0;12.3;0.0;16.06;7.3;223.0
1324;2025-02-25 04:00:00;0.46;4.0;33.7;37.9;25.0;97.0;24.48;711.0;0.0;24.0;9.5;0.0;15.99;5.8;209.0
1325;2025-02-25 05:00:00;0.4;4.0;26.4;30.5;32.0;72.0;22.91;710.6;0.0;20.0;10.4;0.0;16.91;11.6;218.0
1326;2025-02-25 06:00:00;0.44;6.0;34.1;40.3;23.0;170.0;31.97;710.5;0.0;21.0;8.7;0.0;16.81;8.9;240.0
1327;2025-02-25 07:00:00;0.8;45.5;47.4;93.1;5.0;197.0;61.26;710.9;0.0;29.0;7.3;0.0;14.07;3.5;282.0
1328;2025-02-25 08:00:00;1.78;147.3;49.9;197.5;5.0;182.0;49.66;711.1;0.0;28.0;7.4;0.035;14.95;2.7;319.0
1329;2025-02-25 09:00:00;1.79;120.5;56.2;177.1;8.0;154.0;40.87;711.5;0.0;22.0;7.7;0.203;18.83;3.8;357.0
1330;2025-02-25 10:00:00;0.96;38.0;42.8;81.1;25.0;138.0;28.57;711.9;0.0;12.0;8.3;0.301;22.79;5.6;235.0
1331;2025-02-25 11:00:00;0.96;32.7;48.5;81.3;31.0;90.0;34.99;711.9;0.0;9.0;8.2;0.344;25.73;4.9;32.0
1332;2025-02-25 12:00:00;0.86;22.4;54.1;76.7;43.0;90.0;44.22;711.7;0.0;7.0;9.5;0.695;27.51;5.0;58.0
1333;2025-02-25 13:00:00;0.7;10.0;34.2;44.4;72.0;91.0;27.4;711.0;0.0;9.0;6.6;0.75;28.33;7.9;75.0
1334;2025-02-25 14:00:00;0.61;6.3;19.5;26.1;81.0;72.0;17.3;710.1;0.0;11.0;7.6;0.739;29.43;11.5;63.0
1335;2025-02-25 15:00:00;0.52;6.5;17.3;24.0;75.0;57.0;14.23;709.2;0.0;7.0;8.4;0.661;30.51;13.7;58.0
1336;2025-02-25 16:00:00;0.48;5.6;14.5;20.3;75.0;61.0;16.97;708.7;0.0;5.0;10.1;0.536;31.08;12.3;94.0
1337;2025-02-25 17:00:00;0.47;5.1;12.1;17.3;77.0;57.0;19.02;708.4;0.0;6.0;8.9;0.335;31.07;12.5;113.0
1338;2025-02-25 18:00:00;0.48;5.1;15.6;20.8;58.0;43.0;10.45;708.3;0.0;8.0;5.2;0.081;30.68;11.6;89.0
1339;2025-02-25 19:00:00;0.64;;28.1;33.4;41.0;37.0;13.71;708.6;0.0;10.0;5.2;0.009;28.56;7.6;101.0
1340;2025-02-25 20:00:00;0.65;4.7;27.6;32.5;34.0;42.0;12.2;708.8;0.0;14.0;5.0;0.0;26.68;6.8;89.0
1341;2025-02-25 21:00:00;0.58;4.4;20.9;25.5;36.0;52.0;13.93;708.9;0.0;17.0;5.0;0.0;25.48;5.8;60.0
1342;2025-02-25 22:00:00;0.64;6.2;27.7;34.1;24.0;31.0;15.72;709.2;0.0;27.0;5.9;0.0;23.31;4.6;347.0
1343;2025-02-25 23:00:00;0.68;4.8;27.7;32.7;20.0;45.0;14.28;709.4;0.0;46.0;6.6;0.0;21.16;5.4;351.0
1344;2025-02-26 00:00:00;;;;;;56.0;;;;;;;;;
1345;2025-02-26 01:00:00;0.77;4.3;24.9;29.3;16.0;61.0;19.99;709.2;0.0;67.0;6.2;0.0;18.18;3.1;331.0
1346;2025-02-26 02:00:00;0.86;4.3;27.9;32.4;10.0;61.0;20.07;708.9;0.0;73.0;5.7;0.0;16.94;1.8;312.0
1347;2025-02-26 03:00:00;0.78;4.9;30.4;35.5;7.0;72.0;26.28;708.5;0.0;77.0;5.5;0.0;16.03;2.0;329.0
1348;2025-02-26 04:00:00;0.79;6.1;33.5;39.8;4.0;74.0;33.26;708.2;0.0;81.0;5.5;0.0;15.42;2.1;324.0
1349;2025-02-26 05:00:00;0.81;5.9;29.6;35.7;4.0;85.0;38.33;708.1;0.0;84.0;5.5;0.0;14.51;1.8;243.0
1350;2025-02-26 06:00:00;0.82;13.1;32.3;45.7;4.0;94.0;33.85;708.1;0.0;78.0;5.6;0.0;14.35;1.9;243.0
1351;2025-02-26 07:00:00;1.01;52.2;39.2;91.6;;177.0;40.69;708.2;0.0;63.0;6.6;0.0;14.43;2.3;286.0
1352;2025-02-26 08:00:00;1.34;69.5;37.6;107.4;5.0;190.0;38.68;708.6;0.0;54.0;6.9;0.033;15.06;1.8;275.0
1353;2025-02-26 09:00:00;1.43;68.5;44.6;113.4;8.0;220.0;50.84;708.9;0.0;41.0;8.8;0.186;19.6;1.8;23.0
1354;2025-02-26 10:00:00;1.75;37.8;48.8;86.8;17.0;166.0;63.83;709.2;0.0;49.0;10.3;0.277;20.71;3.9;359.0
1355;2025-02-26 11:00:00;1.3;32.3;50.2;82.6;25.0;187.0;61.47;709.2;0.0;36.0;9.0;0.33;22.9;4.7;42.0
1356;2025-02-26 12:00:00;1.14;19.3;42.2;61.8;41.0;176.0;52.66;708.9;0.0;30.0;9.3;0.645;24.64;6.3;27.0
1357;2025-02-26 13:00:00;1.02;12.9;38.5;51.6;54.0;162.0;41.6;708.5;0.0;30.0;10.5;0.694;25.83;8.8;70.0
1358;2025-02-26 14:00:00;0.89;9.8;35.5;45.5;70.0;160.0;43.05;708.0;0.0;29.0;11.7;0.689;26.56;10.5;74.0
1359;2025-02-26 15:00:00;0.83;7.0;24.5;31.7;85.0;124.0;36.54;707.3;0.0;28.0;7.7;0.608;27.71;10.8;63.0
1360;2025-02-26 16:00:00;0.82;5.9;19.7;25.9;95.0;;35.08;706.9;0.0;29.0;7.9;0.49;28.35;13.2;51.0
1361;2025-02-26 17:00:00;0.92;5.4;24.0;29.6;112.0;92.0;38.9;706.9;0.0;29.0;17.2;0.302;28.58;13.1;53.0
1362;2025-02-26 18:00:00;1.02;5.0;30.8;36.0;115.0;105.0;47.52;707.1;0.0;29.0;29.3;0.08;28.45;12.6;51.0
1363;2025-02-26 19:00:00;1.02;4.7;34.0;38.9;86.0;112.0;53.19;707.6;0.0;29.0;43.2;0.009;26.85;9.2;64.0
1364;2025-02-26 20:00:00;1.05;5.2;39.0;44.4;41.0;94.0;38.12;708.2;0.0;35.0;17.0;0.0;25.49;6.0;56.0
1365;2025-02-26 21:00:00;0.98;5.1;37.7;43.1;22.0;77.0;30.68;708.6;0.0;40.0;9.1;0.0;24.47;5.2;18.0
1366;2025-02-26 22:00:00;1.11;8.6;45.2;54.1;9.0;65.0;46.65;709.0;0.0;45.0;9.9;0.0;23.03;2.0;253.0
1367;2025-02-26 23:00:00;1.34;16.1;48.7;65.1;4.0;83.0;39.62;709.2;0.0;48.0;9.4;0.0;22.33;2.6;253.0
1368;2025-02-27 00:00:00;0.99;7.2;33.8;41.2;12.0;83.0;30.43;709.3;0.0;55.0;9.3;0.0;20.93;5.3;25.0
1369;2025-02-27 01:00:00;0.78;5.6;33.1;38.9;9.0;70.0;22.94;709.3;0.0;65.0;9.3;0.0;19.52;5.1;11.0
1370;2025-02-27 02:00:00;0.81;5.1;32.0;37.3;8.0;62.0;23.41;709.5;0.0;70.0;8.7;0.0;18.42;3.0;7.0
1371;2025-02-27 03:00:00;0.74;4.6;21.7;26.5;15.0;74.0;19.87;709.8;0.0;76.0;8.7;0.0;17.58;2.4;187.0
1372;2025-02-27 04:00:00;0.86;5.7;31.1;37.0;6.0;59.0;21.39;709.9;0.0;77.0;8.4;0.0;17.41;4.1;246.0
1373;2025-02-27 05:00:00;0.98;18.5;43.0;61.7;4.0;65.0;34.61;710.1;0.0;70.0;10.4;0.0;17.28;3.4;261.0
1374;2025-02-27 06:00:00;1.02;23.4;50.0;73.6;4.0;110.0;49.34;710.6;0.0;63.0;12.7;0.0;17.56;3.1;323.0
1375;2025-02-27 07:00:00;1.2;36.0;51.2;87.4;4.0;170.0;60.98;711.6;0.0;60.0;13.5;0.0;17.31;2.5;246.0
1376;2025-02-27 08:00:00;1.64;67.1;50.2;117.6;5.0;184.0;62.19;712.6;0.0;56.0;11.8;0.031;18.37;1.9;177.0
1377;2025-02-27 09:00:00;1.72;70.7;52.7;123.6;8.0;168.0;57.06;713.4;0.0;49.0;11.3;0.167;21.09;7.2;347.0
1378;2025-02-27 10:00:00;0.86;11.9;18.8;31.1;26.0;156.0;36.15;714.5;0.0;53.0;8.7;0.256;20.71;11.2;28.0
1379;2025-02-27 11:00:00;0.76;9.3;13.8;23.3;32.0;159.0;23.14;715.3;0.0;57.0;7.5;0.241;21.05;13.5;28.0
1380;2025-02-27 12:00:00;0.71;6.9;10.7;17.8;37.0;154.0;16.05;715.5;0.0;60.0;6.5;0.181;20.12;17.6;20.0
1381;2025-02-27 13:00:00;0.68;6.1;10.9;17.3;40.0;126.0;17.83;715.5;0.0;60.0;6.1;0.112;19.47;16.8;29.0
1382;2025-02-27 14:00:00;0.7;5.4;12.1;17.7;44.0;126.0;15.6;715.4;0.0;56.0;5.8;0.096;19.71;12.9;28.0
1383;2025-02-27 15:00:00;0.66;5.3;10.8;16.3;49.0;85.0;15.25;714.9;0.0;49.0;5.5;0.163;20.68;10.5;26.0
1384;2025-02-27 16:00:00;0.65;5.0;11.4;16.7;50.0;55.0;14.59;714.6;0.0;44.0;5.4;0.13;21.38;8.6;9.0
1385;2025-02-27 17:00:00;0.71;5.0;12.5;17.7;48.0;50.0;14.13;714.6;0.0;43.0;5.3;0.058;21.46;9.9;2.0
1386;2025-02-27 18:00:00;0.72;4.5;17.1;21.9;42.0;58.0;13.55;714.8;0.0;43.0;5.1;0.012;21.3;10.6;21.0
1387;2025-02-27 19:00:00;0.73;4.3;14.9;19.4;43.0;56.0;13.67;715.2;0.0;51.0;5.4;0.001;20.29;10.5;51.0
1388;2025-02-27 20:00:00;0.79;4.1;23.1;27.5;28.0;48.0;15.95;715.7;0.0;67.0;5.9;0.0;18.37;3.9;31.0
1389;2025-02-27 21:00:00;0.83;3.9;17.5;21.6;29.0;46.0;17.94;716.4;0.0;82.0;5.4;0.0;16.44;5.5;61.0
1390;2025-02-27 22:00:00;0.8;4.2;18.2;22.6;30.0;41.0;18.94;716.7;0.0;85.0;5.2;0.0;15.76;3.4;345.0
1391;2025-02-27 23:00:00;0.79;4.1;23.9;28.3;25.0;37.0;18.19;716.4;0.0;84.0;5.0;0.0;15.68;2.8;321.0
1392;2025-02-28 00:00:00;0.8;3.7;14.1;18.0;31.0;41.0;17.54;716.0;0.0;78.0;5.1;0.0;16.44;3.0;43.0
1393;2025-02-28 01:00:00;0.66;3.5;6.6;10.3;41.0;33.0;16.89;715.6;0.0;79.0;5.0;0.0;16.23;5.1;37.0
1394;2025-02-28 02:00:00;0.66;3.1;8.0;11.3;39.0;30.0;16.13;715.4;0.0;75.0;5.0;0.0;15.75;5.0;352.0
1395;2025-02-28 03:00:00;0.62;3.1;7.6;10.9;36.0;35.0;14.02;715.2;0.0;76.0;4.8;0.0;14.5;4.0;197.0
1396;2025-02-28 04:00:00;0.64;2.9;7.5;10.7;35.0;32.0;14.38;715.0;0.0;81.0;4.7;0.0;13.8;3.8;190.0
1397;2025-02-28 05:00:00;0.71;2.8;8.8;11.8;37.0;29.0;13.26;714.9;0.0;70.0;4.8;0.0;14.7;3.9;94.0
1398;2025-02-28 06:00:00;0.72;3.2;13.9;17.3;28.0;35.0;15.48;714.7;0.0;75.0;4.8;0.0;14.23;4.0;196.0
1399;2025-02-28 07:00:00;0.77;4.1;19.6;23.9;23.0;39.0;16.63;714.9;0.0;73.0;4.8;0.0;14.55;3.1;194.0
1400;2025-02-28 08:00:00;0.84;4.4;26.5;31.1;18.0;44.0;16.77;715.1;0.0;68.0;4.8;0.01;14.99;3.3;128.0
1401;2025-02-28 09:00:00;0.81;7.8;26.4;34.4;22.0;56.0;15.69;715.3;0.0;56.0;5.1;0.057;15.45;6.8;44.0
1402;2025-02-28 10:00:00;0.97;13.6;32.7;46.5;16.0;65.0;21.45;715.4;0.0;60.0;5.3;0.109;15.74;6.0;72.0
1403;2025-02-28 11:00:00;1.05;19.8;34.2;54.2;18.0;71.0;24.27;715.3;0.0;61.0;5.9;0.238;16.45;5.6;76.0
1404;2025-02-28 12:00:00;1.04;21.8;34.0;56.0;25.0;83.0;31.78;715.0;0.0;57.0;7.2;0.417;17.79;6.4;72.0
1405;2025-02-28 13:00:00;1.02;16.1;33.2;49.5;31.0;87.0;30.68;714.5;0.0;55.0;7.0;0.384;18.57;6.1;69.0
1406;2025-02-28 14:00:00;1.09;17.2;35.5;53.0;35.0;85.0;37.79;713.6;0.0;54.0;9.7;0.477;18.93;7.7;61.0
1407;2025-02-28 15:00:00;0.97;10.9;26.3;37.5;48.0;90.0;35.0;712.6;0.0;55.0;6.4;0.555;19.61;9.7;39.0
1408;2025-02-28 16:00:00;0.96;10.1;27.9;38.2;49.0;70.0;33.08;712.1;0.0;56.0;6.7;0.398;20.11;9.8;55.0
1409;2025-02-28 17:00:00;0.89;6.2;17.7;24.2;47.0;74.0;27.71;711.6;0.0;60.0;5.8;0.179;19.77;9.8;63.0
1410;2025-02-28 18:00:00;0.86;4.9;14.9;20.0;44.0;56.0;20.35;711.3;0.0;61.0;5.3;0.086;19.65;8.0;80.0
1411;2025-02-28 19:00:00;0.88;4.3;15.9;20.4;39.0;41.0;17.86;711.4;0.0;65.0;5.0;0.016;18.92;10.4;91.0
1412;2025-02-28 20:00:00;0.91;4.0;18.1;22.3;33.0;38.0;20.18;711.8;0.0;68.0;4.8;0.0;18.16;8.2;83.0
1413;2025-02-28 21:00:00;0.93;4.1;20.0;24.2;29.0;48.0;24.8;712.1;0.0;70.0;4.6;0.0;17.67;7.0;74.0
1414;2025-02-28 22:00:00;0.84;3.9;14.9;18.9;29.0;53.0;26.12;712.3;0.0;73.0;4.6;0.0;16.98;4.0;109.0
1415;2025-02-28 23:00:00;0.89;4.4;19.6;24.2;17.0;47.0;27.37;712.5;0.0;77.0;4.6;0.0;16.02;2.0;81.0
1416;2025-03-01 00:00:00;;;;;;;;;;;;;;;
1417;2025-03-01 01:00:00;1.03;6.4;28.3;35.0;6.0;;28.88;712.6;0.0;79.0;4.5;0.0;15.49;2.8;214.0
1418;2025-03-01 02:00:00;1.06;8.2;31.4;39.8;4.0;;9.53;712.3;0.0;80.0;4.5;0.0;15.37;4.0;228.0
1419;2025-03-01 03:00:00;1.06;11.9;34.3;46.3;4.0;;28.46;711.9;0.0;77.0;4.8;0.0;15.65;6.1;210.0
1420;2025-03-01 04:00:00;0.94;6.2;29.5;35.9;6.0;;38.36;711.8;0.0;76.0;4.9;0.0;15.47;4.5;234.0
1421;2025-03-01 05:00:00;0.92;8.5;29.4;38.2;4.0;;42.27;711.9;0.0;78.0;4.8;0.0;14.95;2.1;256.0
1422;2025-03-01 06:00:00;0.91;11.8;29.2;41.2;4.0;;34.46;711.8;0.0;77.0;4.9;0.0;14.95;5.8;218.0
1423;2025-03-01 07:00:00;0.89;8.7;26.8;35.7;5.0;;35.48;712.0;0.0;77.0;5.0;0.0;14.67;3.3;243.0
1424;2025-03-01 08:00:00;1.04;21.7;27.6;49.5;5.0;;35.25;712.6;0.0;75.0;5.1;0.035;15.24;2.1;303.0
1425;2025-03-01 09:00:00;1.1;26.1;29.6;55.9;10.0;;32.78;713.1;0.0;62.0;5.6;0.179;18.45;4.1;218.0
1426;2025-03-01 10:00:00;1.02;18.6;26.1;45.0;22.0;;32.65;713.5;0.0;56.0;5.7;0.245;20.65;4.3;44.0
1427;2025-03-01 11:00:00;1.14;16.8;29.7;46.7;31.0;;33.71;713.4;0.0;53.0;5.8;0.34;22.18;5.1;42.0
1428;2025-03-01 12:00:00;1.43;26.9;48.9;76.0;32.0;;46.05;713.0;0.0;50.0;11.3;0.599;22.92;8.3;71.0
1429;2025-03-01 13:00:00;1.17;10.4;32.1;42.7;61.0;;56.04;712.4;0.0;48.0;8.1;0.683;23.88;9.5;54.0
1430;2025-03-01 14:00:00;1.05;7.5;23.7;31.5;74.0;;49.91;711.7;0.0;44.0;7.4;0.633;25.15;12.0;46.0
1431;2025-03-01 15:00:00;0.9;5.8;16.8;22.8;80.0;;44.88;710.8;0.0;39.0;8.7;0.516;26.55;13.0;48.0
1432;2025-03-01 16:00:00;0.85;5.1;14.6;19.9;73.0;77.0;28.38;710.6;0.0;36.0;8.1;0.27;26.55;12.9;63.0
1433;2025-03-01 17:00:00;0.81;4.3;12.1;16.6;74.0;62.0;22.5;710.5;0.0;38.0;7.3;0.155;26.28;11.8;90.0
1434;2025-03-01 18:00:00;0.81;3.7;12.1;16.0;69.0;48.0;22.55;710.7;0.0;39.0;6.8;0.059;25.75;10.9;93.0
1435;2025-03-01 19:00:00;0.83;3.6;14.2;17.9;54.0;50.0;21.73;710.9;0.0;41.0;6.0;0.008;25.27;10.4;75.0
1436;2025-03-01 20:00:00;0.86;3.7;17.4;21.3;34.0;49.0;20.64;711.1;0.0;43.0;5.4;0.0;24.56;8.3;96.0
1437;2025-03-01 21:00:00;0.81;3.5;13.3;17.0;37.0;44.0;18.35;711.7;0.0;44.0;5.1;0.0;24.19;6.9;119.0
1438;2025-03-01 22:00:00;0.81;3.3;12.4;15.9;35.0;38.0;16.93;711.7;0.0;47.0;4.9;0.0;23.41;7.8;104.0
1439;2025-03-01 23:00:00;0.75;3.1;8.1;11.4;36.0;44.0;17.12;711.8;0.0;55.0;4.9;0.0;22.04;12.4;116.0
1440;2025-03-02 00:00:00;0.84;4.0;17.9;22.1;23.0;45.0;17.16;711.9;0.0;60.0;4.9;0.0;20.44;8.9;38.0
1441;2025-03-02 01:00:00;0.81;3.6;15.3;19.1;25.0;52.0;19.4;711.7;0.0;65.0;5.0;0.0;18.73;9.6;25.0
1442;2025-03-02 02:00:00;0.77;5.0;20.0;25.2;20.0;51.0;20.12;711.6;0.0;67.0;5.5;0.0;17.69;6.1;3.0
1443;2025-03-02 03:00:00;0.76;3.7;23.3;27.2;16.0;47.0;20.11;711.4;0.0;69.0;5.9;0.0;17.02;6.3;349.0
1444;2025-03-02 04:00:00;0.73;3.8;26.0;30.0;13.0;51.0;19.82;711.0;0.0;71.0;6.1;0.0;16.22;5.4;4.0
1445;2025-03-02 05:00:00;;;;;;;;;;;;;;;
1446;2025-03-02 06:00:00;0.82;4.4;20.6;25.2;12.0;44.0;22.55;710.7;0.0;76.0;5.1;0.0;14.83;2.3;26.0
1447;2025-03-02 07:00:00;0.82;6.3;26.8;33.3;4.0;48.0;25.38;710.8;0.0;79.0;5.0;0.0;14.34;2.3;346.0
1448;2025-03-02 08:00:00;0.89;13.1;25.9;39.2;7.0;49.0;20.33;711.2;0.0;78.0;5.3;0.037;15.0;3.3;11.0
1449;2025-03-02 09:00:00;0.95;15.6;21.2;37.0;15.0;54.0;19.4;711.7;0.0;71.0;6.0;0.215;17.14;4.6;306.0
1450;2025-03-02 10:00:00;0.95;13.7;17.7;31.7;20.0;50.0;23.85;711.9;0.0;69.0;7.0;0.179;17.97;6.3;351.0
1451;2025-03-02 11:00:00;1.06;8.4;12.4;21.0;34.0;56.0;25.43;711.9;0.0;61.0;5.9;0.401;20.38;6.1;25.0
1452;2025-03-02 12:00:00;1.09;9.9;18.3;28.3;43.0;43.0;29.85;711.3;0.0;54.0;6.0;0.708;22.49;6.8;34.0
1453;2025-03-02 13:00:00;1.01;11.0;22.7;33.9;45.0;57.0;35.2;710.5;0.0;54.0;7.2;0.726;22.69;9.2;57.0
1454;2025-03-02 14:00:00;0.84;5.8;12.5;18.5;46.0;62.0;23.56;709.7;0.0;55.0;6.0;0.559;23.68;11.2;50.0
1455;2025-03-02 15:00:00;0.84;4.9;10.2;15.4;42.0;51.0;20.2;708.9;0.0;53.0;5.9;0.5;24.66;11.3;44.0
1456;2025-03-02 16:00:00;0.84;3.6;8.3;12.1;52.0;43.0;21.43;708.3;0.0;47.0;5.5;0.333;26.53;9.5;80.0
1457;2025-03-02 17:00:00;0.79;3.3;6.5;10.0;42.0;43.0;19.02;708.0;0.0;46.0;5.3;0.251;26.67;14.1;110.0
1458;2025-03-02 18:00:00;0.79;3.1;6.2;9.5;41.0;45.0;22.36;707.8;0.0;44.0;5.1;0.122;27.44;13.3;108.0
1459;2025-03-02 19:00:00;0.78;2.7;5.8;8.6;36.0;45.0;21.91;707.9;0.0;48.0;4.9;0.014;26.23;11.1;127.0
1460;2025-03-02 20:00:00;0.82;2.7;7.9;10.8;33.0;43.0;22.89;708.1;0.0;50.0;4.9;0.0;25.57;10.3;111.0
1461;2025-03-02 21:00:00;0.91;2.8;12.9;15.9;27.0;42.0;25.56;708.7;0.0;52.0;4.8;0.0;25.04;5.7;87.0
1462;2025-03-02 22:00:00;0.97;3.9;18.7;22.7;18.0;47.0;27.32;709.2;0.0;59.0;4.7;0.0;23.59;8.0;59.0
1463;2025-03-02 23:00:00;0.88;5.0;18.4;23.6;12.0;53.0;20.17;709.3;0.0;70.0;4.9;0.0;21.52;6.1;8.0
1464;2025-03-03 00:00:00;0.92;11.4;26.9;38.5;4.0;49.0;20.17;709.1;0.0;74.0;6.2;0.0;20.62;6.5;348.0
1465;2025-03-03 01:00:00;0.91;6.8;23.8;30.8;5.0;56.0;22.35;708.9;0.0;78.0;6.2;0.0;19.74;5.1;352.0
1466;2025-03-03 02:00:00;0.85;8.6;23.1;32.0;5.0;52.0;21.02;708.8;0.0;81.0;6.1;0.0;18.93;4.8;10.0
1467;2025-03-03 03:00:00;0.86;19.3;24.2;43.7;4.0;47.0;20.9;708.8;0.0;83.0;6.4;0.0;18.61;3.1;7.0
1468;2025-03-03 04:00:00;1.02;12.6;19.7;32.4;7.0;65.0;22.72;708.6;0.0;83.0;7.3;0.0;18.7;2.5;314.0
1469;2025-03-03 05:00:00;0.95;3.3;12.5;16.0;10.0;72.0;33.69;708.5;0.0;83.0;6.1;0.0;18.59;4.2;300.0
1470;2025-03-03 06:00:00;0.9;3.6;16.1;19.8;8.0;70.0;36.47;708.6;0.0;82.0;5.6;0.0;18.53;3.0;280.0
1471;2025-03-03 07:00:00;0.92;7.3;18.1;25.6;6.0;98.0;38.43;708.9;0.0;82.0;5.1;0.0;18.61;2.2;328.0
1472;2025-03-03 08:00:00;1.19;31.3;23.3;54.9;4.0;89.0;41.13;709.3;0.0;81.0;5.4;0.007;18.25;4.4;241.0
1473;2025-03-03 09:00:00;1.31;37.6;25.4;63.1;5.0;123.0;;709.7;0.0;78.0;5.9;0.053;18.63;2.7;233.0
1474;2025-03-03 10:00:00;1.21;26.4;23.5;50.0;11.0;132.0;;709.7;0.0;72.0;5.8;0.226;20.54;4.0;42.0
1475;2025-03-03 11:00:00;1.27;29.4;31.0;60.6;17.0;116.0;;709.6;0.0;65.0;5.7;0.361;22.18;6.1;48.0
1476;2025-03-03 12:00:00;1.42;29.6;35.7;65.5;22.0;119.0;61.01;709.2;0.0;63.0;8.5;0.615;23.07;8.6;69.0
1477;2025-03-03 13:00:00;1.28;13.3;29.5;43.0;41.0;129.0;;708.4;0.0;60.0;7.6;0.707;23.89;10.2;46.0
1478;2025-03-03 14:00:00;1.15;9.2;23.4;32.9;51.0;120.0;59.79;707.4;0.0;56.0;6.1;0.688;25.13;10.8;46.0
1479;2025-03-03 15:00:00;1.09;5.6;16.8;22.6;69.0;105.0;45.8;706.5;0.0;51.0;6.1;0.629;26.78;13.4;49.0
1480;2025-03-03 16:00:00;1.03;5.4;15.7;21.3;67.0;91.0;35.0;705.6;0.0;44.0;5.6;0.51;28.84;13.2;43.0
1481;2025-03-03 17:00:00;0.88;4.5;10.0;14.7;54.0;70.0;25.25;705.0;0.0;40.0;5.6;0.321;29.67;14.9;108.0
1482;2025-03-03 18:00:00;0.9;4.2;10.8;15.2;45.0;57.0;24.68;704.8;0.0;41.0;5.2;0.102;29.24;13.9;86.0
1483;2025-03-03 19:00:00;0.89;3.5;9.6;13.3;38.0;52.0;23.69;704.8;0.0;45.0;5.0;0.014;27.82;13.3;121.0
1484;2025-03-03 20:00:00;0.86;3.1;8.2;11.6;33.0;57.0;22.31;704.9;0.0;49.0;4.9;0.0;26.55;13.1;116.0
1485;2025-03-03 21:00:00;0.82;2.8;6.3;9.4;34.0;51.0;23.71;704.9;0.0;51.0;4.8;0.0;26.05;15.2;125.0
1486;2025-03-03 22:00:00;0.81;2.5;4.8;7.5;38.0;58.0;24.36;705.0;0.0;52.0;4.7;0.0;25.92;14.4;129.0
1487;2025-03-03 23:00:00;0.93;12.1;19.2;31.4;15.0;51.0;33.15;705.2;0.0;65.0;4.8;0.0;23.43;7.3;37.0
1488;2025-03-04 00:00:00;0.97;10.6;26.3;37.0;5.0;65.0;38.66;705.5;0.0;74.0;5.3;0.0;21.81;6.4;1.0
1489;2025-03-04 01:00:00;0.95;5.4;20.3;25.9;7.0;78.0;38.4;705.4;0.0;79.0;5.8;0.0;20.64;3.5;30.0
1490;2025-03-04 02:00:00;0.94;7.1;20.2;27.5;5.0;74.0;37.46;705.0;0.0;83.0;5.5;0.0;19.77;2.0;348.0
1491;2025-03-04 03:00:00;1.09;9.1;21.1;30.5;4.0;78.0;44.32;704.2;0.0;85.0;5.2;0.0;19.47;3.3;97.0
1492;2025-03-04 04:00:00;1.13;8.1;21.2;29.5;4.0;82.0;46.32;703.3;0.0;86.0;5.0;0.0;19.26;3.9;88.0
1493;2025-03-04 05:00:00;1.13;43.5;23.4;67.2;3.0;76.0;66.65;702.8;0.0;87.0;5.3;0.0;18.86;5.1;70.0
1494;2025-03-04 06:00:00;1.05;40.0;21.8;62.0;4.0;97.0;;702.9;0.0;84.0;5.8;0.0;18.93;5.2;346.0
1495;2025-03-04 07:00:00;;;;;;92.0;40.0;;;;;0.0;;3.0;219.0
1496;2025-03-04 08:00:00;;;;;;;;;;;;0.0;;;
1497;2025-03-04 09:00:00;;;;;;;;;;;;0.0;;;
1498;2025-03-04 10:00:00;;;;;;;;;;;;0.0;;;
1499;2025-03-04 11:00:00;;;;;;;;;;;;0.0;;;
1500;2025-03-04 12:00:00;;;;;;;;;;;;0.0;;;
1501;2025-03-04 13:00:00;;;;;;;;;;;;0.0;;;
1502;2025-03-04 14:00:00;;;;;;;;;;;;0.0;;;
1503;2025-03-04 15:00:00;;;;;;;;;;;;0.0;;;
1504;2025-03-04 16:00:00;;;;;;;;;;;;0.0;;;
1505;2025-03-04 17:00:00;;;;;;;;;;;;0.0;;;
1506;2025-03-04 18:00:00;;;;;;;;;;;;0.0;;;
1507;2025-03-04 19:00:00;;;;;;;;;;;;0.0;;;
1508;2025-03-04 20:00:00;;;;;;;;;;;;0.0;;;
1509;2025-03-04 21:00:00;;;;;;;;;;;;0.0;;;
1510;2025-03-04 22:00:00;;;;;;;;;;;;0.0;;;
1511;2025-03-04 23:00:00;;;;;;;;;;;;0.0;;;
1512;2025-03-05 00:00:00;;;;;;;;;;;;0.0;;;
1513;2025-03-05 01:00:00;;;;;;;;;;;;0.0;;;
1514;2025-03-05 02:00:00;;;;;;;;;;;;0.0;;;
1515;2025-03-05 03:00:00;;;;;;;;;;;;0.0;;;
1516;2025-03-05 04:00:00;;;;;;;;;;;;0.0;;;
1517;2025-03-05 05:00:00;;;;;;;;;;;;0.0;;;
1518;2025-03-05 06:00:00;;;;;;;;;;;;0.0;;;
1519;2025-03-05 07:00:00;;;;;;;;;;;;0.0;;;
1520;2025-03-05 08:00:00;;;;;;;;;;;;0.0;;;
1521;2025-03-05 09:00:00;;;;;;;;;;;;0.0;;;
1522;2025-03-05 10:00:00;;;;;;;;;;;;0.0;;;
1523;2025-03-05 11:00:00;;;;;;;;;;;;0.0;;;
1524;2025-03-05 12:00:00;;;;;;;;;;;;0.0;;;
1525;2025-03-05 13:00:00;;;;;;;;;;;;0.0;;;
1526;2025-03-05 14:00:00;;;;;;;;;;;;0.0;;;
1527;2025-03-05 15:00:00;;;;;;;;;;;;0.0;;;
1528;2025-03-05 16:00:00;;;;;;;;;;;;0.0;;;
1529;2025-03-05 17:00:00;;;;;;;;;;;;0.0;;;
1530;2025-03-05 18:00:00;;;;;;;;;;;;0.0;;;
1531;2025-03-05 19:00:00;;;;;;;;;;;;0.0;;;
1532;2025-03-05 20:00:00;1.23;22.5;8.3;27.1;34.0;;;711.9;0.0;10.0;9.4;0.0;23.72;9.6;102.0
1533;2025-03-05 21:00:00;0.53;5.6;11.2;14.8;46.0;;;712.5;0.0;12.0;8.5;0.0;22.92;13.0;93.0
1534;2025-03-05 22:00:00;0.51;5.2;8.5;12.1;45.0;210.0;35.2;712.8;0.0;23.0;4.0;0.0;21.2;13.3;101.0
1535;2025-03-05 23:00:00;0.4;4.1;6.7;10.4;46.0;238.0;43.47;712.8;0.0;30.0;4.0;0.0;19.54;13.0;91.0
1536;2025-03-06 00:00:00;0.3;3.3;8.0;11.5;41.0;243.0;47.24;712.6;0.0;37.0;4.0;0.0;18.09;10.3;60.0
1537;2025-03-06 01:00:00;0.26;3.2;6.8;10.2;39.0;237.0;43.05;712.4;0.0;46.0;4.0;0.0;16.5;10.1;49.0
1538;2025-03-06 02:00:00;0.3;3.1;7.1;10.4;37.0;211.0;38.72;712.3;0.0;56.0;4.0;0.0;15.32;9.7;34.0
1539;2025-03-06 03:00:00;0.36;3.4;13.9;17.5;29.0;182.0;36.55;712.3;0.0;64.0;4.4;0.0;14.28;7.1;39.0
1540;2025-03-06 04:00:00;0.45;3.4;19.1;22.8;23.0;158.0;37.74;712.0;0.0;72.0;4.9;0.0;13.46;4.9;53.0
1541;2025-03-06 05:00:00;0.53;4.2;29.7;34.0;12.0;149.0;38.02;711.7;0.0;74.0;6.8;0.0;13.17;3.3;37.0
1542;2025-03-06 06:00:00;0.67;6.2;32.7;39.1;8.0;150.0;39.68;711.6;0.0;77.0;8.2;0.0;12.93;3.4;37.0
1543;2025-03-06 07:00:00;0.77;7.3;34.4;41.9;6.0;152.0;40.13;711.6;0.0;80.0;6.9;0.0;12.77;3.6;36.0
1544;2025-03-06 08:00:00;0.94;14.6;33.6;48.5;8.0;162.0;46.87;711.6;0.0;81.0;6.2;0.037;12.98;2.8;64.0
1545;2025-03-06 09:00:00;1.13;30.8;34.8;65.8;11.0;159.0;60.0;711.6;0.0;73.0;6.7;0.181;14.78;4.4;6.0
1546;2025-03-06 10:00:00;1.28;40.9;38.8;80.0;15.0;198.0;70.26;711.7;0.0;66.0;8.4;0.256;16.19;6.4;359.0
1547;2025-03-06 11:00:00;1.24;22.3;35.5;58.0;27.0;235.0;64.61;711.4;0.0;56.0;10.1;0.449;17.83;7.5;9.0
1548;2025-03-06 12:00:00;1.11;16.2;33.3;49.8;38.0;250.0;59.27;711.0;0.0;46.0;13.5;0.654;19.3;7.9;28.0
1549;2025-03-06 13:00:00;1.06;17.7;37.8;55.8;40.0;262.0;56.42;710.4;0.0;38.0;14.0;0.705;21.06;7.2;49.0
1550;2025-03-06 14:00:00;0.96;7.2;19.1;26.6;60.0;235.0;45.63;709.5;0.0;36.0;7.5;0.709;22.55;9.3;43.0
1551;2025-03-06 15:00:00;0.89;6.0;12.6;18.9;57.0;207.0;45.63;708.3;0.0;32.0;6.1;0.654;24.61;10.7;41.0
1552;2025-03-06 16:00:00;0.87;4.4;8.5;13.2;59.0;180.0;37.42;707.5;0.0;29.0;5.5;0.498;26.38;11.2;103.0
1553;2025-03-06 17:00:00;0.93;4.5;10.9;15.7;56.0;144.0;34.55;707.2;0.0;28.0;5.4;0.318;27.15;11.2;96.0
1554;2025-03-06 18:00:00;1.0;4.5;13.8;18.4;52.0;141.0;32.57;706.9;0.0;27.0;5.2;0.105;27.49;8.2;91.0
1555;2025-03-06 19:00:00;1.06;3.6;17.2;21.0;46.0;123.0;31.23;706.9;0.0;26.0;4.8;0.016;26.55;8.1;110.0
1556;2025-03-06 20:00:00;1.07;3.5;18.2;21.9;42.0;108.0;29.26;707.1;0.0;25.0;4.7;0.0;25.75;10.3;117.0
1557;2025-03-06 21:00:00;0.89;3.4;8.7;12.3;51.0;116.0;28.36;707.3;0.0;22.0;4.8;0.0;25.31;14.5;124.0
1558;2025-03-06 22:00:00;1.13;3.6;23.3;27.1;27.0;116.0;22.5;707.8;0.0;40.0;6.4;0.0;22.33;10.2;42.0
1559;2025-03-06 23:00:00;1.14;9.5;35.7;45.4;12.0;146.0;32.35;708.2;0.0;55.0;7.5;0.0;20.49;7.8;4.0
1560;2025-03-07 00:00:00;1.19;4.7;31.4;36.4;14.0;151.0;38.83;708.4;0.0;63.0;7.5;0.0;19.36;6.7;348.0
1561;2025-03-07 01:00:00;1.18;3.7;27.4;31.2;16.0;155.0;39.27;708.5;0.0;68.0;7.4;0.0;18.47;5.5;24.0
1562;2025-03-07 02:00:00;1.19;3.8;28.5;32.5;12.0;156.0;41.37;708.3;0.0;72.0;7.4;0.0;17.66;4.2;33.0
1563;2025-03-07 03:00:00;1.2;3.5;23.7;27.4;12.0;161.0;38.93;708.2;0.0;76.0;6.3;0.0;16.8;2.4;276.0
1564;2025-03-07 04:00:00;1.27;3.7;25.1;29.0;9.0;135.0;38.55;707.9;0.0;78.0;5.5;0.0;16.2;2.6;252.0
1565;2025-03-07 05:00:00;1.27;4.0;26.9;31.1;8.0;135.0;39.29;707.7;0.0;73.0;5.4;0.0;16.23;3.7;271.0
1566;2025-03-07 06:00:00;1.33;12.1;33.8;46.1;4.0;131.0;46.84;707.8;0.0;68.0;6.0;0.0;16.12;2.9;247.0
1567;2025-03-07 07:00:00;1.46;21.5;35.4;57.0;4.0;164.0;45.97;708.0;0.0;64.0;7.0;0.0;16.44;4.6;224.0
1568;2025-03-07 08:00:00;1.71;49.5;36.1;85.8;5.0;176.0;47.75;708.2;0.0;55.0;9.0;0.024;17.61;4.5;234.0
1569;2025-03-07 09:00:00;2.25;89.6;45.7;135.6;8.0;183.0;54.75;708.6;0.0;40.0;17.3;0.227;21.68;4.2;82.0
1570;2025-03-07 10:00:00;2.6;98.8;61.0;160.1;10.0;191.0;55.43;708.8;0.0;35.0;14.6;0.177;23.82;5.5;84.0
1571;2025-03-07 11:00:00;1.7;27.5;39.5;67.3;25.0;191.0;31.64;708.8;0.0;21.0;8.3;0.47;27.58;8.9;72.0
1572;2025-03-07 12:00:00;1.78;32.6;59.8;92.6;33.0;128.0;39.78;708.8;0.0;17.0;15.7;0.636;29.82;8.9;96.0
1573;2025-03-07 13:00:00;1.4;11.1;33.0;44.3;52.0;151.0;26.79;708.3;0.0;11.0;7.4;0.587;31.79;8.4;35.0
1574;2025-03-07 14:00:00;1.34;7.7;33.1;41.0;78.0;118.0;25.24;707.4;0.0;8.0;8.8;0.516;33.2;6.7;118.0
1575;2025-03-07 15:00:00;1.21;5.1;19.7;25.0;82.0;98.0;17.56;706.5;0.0;6.0;5.3;0.324;33.32;8.3;121.0
1576;2025-03-07 16:00:00;1.21;5.1;17.1;22.4;83.0;74.0;18.38;706.0;0.0;9.0;5.0;0.428;33.78;10.1;119.0
1577;2025-03-07 17:00:00;1.24;5.0;19.9;25.2;61.0;70.0;17.73;705.7;0.0;11.0;4.8;0.119;32.01;9.6;130.0
1578;2025-03-07 18:00:00;1.24;4.5;17.7;22.5;61.0;62.0;18.97;705.8;0.0;13.0;5.1;0.054;30.91;13.1;126.0
1579;2025-03-07 19:00:00;1.25;4.3;17.7;22.2;56.0;69.0;18.03;705.9;0.0;15.0;5.2;0.023;30.15;10.5;105.0
1580;2025-03-07 20:00:00;1.24;4.2;17.3;21.7;47.0;62.0;18.35;706.3;0.0;16.0;5.1;0.0;28.73;7.1;80.0
1581;2025-03-07 21:00:00;1.16;4.0;13.6;17.8;45.0;58.0;16.86;706.6;0.0;15.0;4.8;0.0;28.12;7.0;95.0
1582;2025-03-07 22:00:00;1.2;4.4;17.2;21.8;33.0;55.0;17.44;707.0;0.0;18.0;4.6;0.0;26.42;4.3;267.0
1583;2025-03-07 23:00:00;1.76;18.9;52.0;71.1;6.0;47.0;32.74;707.5;0.0;23.0;7.3;0.0;24.56;5.0;212.0
1584;2025-03-08 00:00:00;1.75;24.3;53.9;78.5;5.0;95.0;40.17;707.4;0.0;25.0;12.0;0.0;23.86;3.4;239.0
1585;2025-03-08 01:00:00;1.64;26.8;49.0;76.0;5.0;105.0;37.76;707.5;0.0;25.0;14.9;0.0;22.95;5.2;237.0
1586;2025-03-08 02:00:00;1.57;40.5;48.7;89.4;5.0;99.0;42.51;707.4;0.0;25.0;10.3;0.0;22.74;4.9;256.0
1587;2025-03-08 03:00:00;1.5;35.9;45.5;81.6;4.0;147.0;44.75;707.3;0.0;26.0;7.8;0.0;22.0;3.9;281.0
1588;2025-03-08 04:00:00;1.24;10.5;36.7;47.4;5.0;181.0;24.71;707.2;0.0;21.0;6.4;0.0;22.8;6.9;221.0
1589;2025-03-08 05:00:00;1.06;4.8;24.9;29.9;13.0;94.0;14.77;707.1;0.0;16.0;6.3;0.0;24.81;9.6;211.0
1590;2025-03-08 06:00:00;1.1;5.5;30.3;36.0;8.0;69.0;15.11;707.4;0.0;19.0;9.1;0.0;22.94;5.5;213.0
1591;2025-03-08 07:00:00;1.2;12.1;32.0;44.3;6.0;53.0;18.38;707.6;0.0;21.0;11.9;0.0;21.64;4.8;184.0
1592;2025-03-08 08:00:00;1.39;32.7;32.5;65.4;6.0;58.0;19.34;707.9;0.0;22.0;10.1;0.061;22.45;3.8;191.0
1593;2025-03-08 09:00:00;1.44;32.2;31.2;63.6;12.0;65.0;17.96;708.2;0.0;18.0;11.2;0.232;26.42;4.9;211.0
1594;2025-03-08 10:00:00;1.27;16.7;22.7;39.7;22.0;67.0;12.49;708.2;0.0;15.0;6.9;0.257;29.35;6.7;186.0
1595;2025-03-08 11:00:00;1.15;9.2;14.8;24.3;33.0;52.0;9.79;707.7;0.0;11.0;4.9;0.463;31.76;8.3;112.0
1596;2025-03-08 12:00:00;1.1;7.4;11.9;19.6;43.0;46.0;8.43;707.3;0.0;9.0;5.8;0.684;32.95;9.4;74.0
1597;2025-03-08 13:00:00;1.17;6.5;13.8;20.5;54.0;54.0;9.54;706.6;0.0;8.0;5.4;0.717;34.0;9.8;83.0
1598;2025-03-08 14:00:00;1.06;4.9;6.6;11.7;50.0;61.0;7.91;705.8;0.0;5.0;4.4;0.717;34.8;10.5;342.0
1599;2025-03-08 15:00:00;1.06;4.8;7.4;12.5;50.0;44.0;8.33;704.9;0.0;3.0;4.4;0.663;36.15;7.7;29.0
1600;2025-03-08 16:00:00;1.13;4.4;10.5;15.1;70.0;33.0;10.1;704.5;0.0;4.0;4.6;0.534;35.72;12.0;95.0
1601;2025-03-08 17:00:00;1.13;4.1;10.1;14.5;75.0;47.0;11.38;704.5;0.0;4.0;4.4;0.324;35.62;11.0;87.0
1602;2025-03-08 18:00:00;1.17;4.5;11.8;16.5;51.0;47.0;34.09;705.6;0.0;13.0;4.9;0.108;32.31;16.8;1.0
1603;2025-03-08 19:00:00;1.22;4.0;11.9;16.1;43.0;206.0;43.0;707.3;0.0;15.0;5.0;0.018;28.23;14.5;358.0
1604;2025-03-08 20:00:00;1.15;3.8;10.8;14.8;44.0;184.0;31.65;708.5;0.0;12.0;4.7;0.0;26.4;9.6;28.0
1605;2025-03-08 21:00:00;1.14;3.5;11.6;15.3;44.0;118.0;27.94;710.0;0.0;12.0;4.6;0.0;24.97;8.1;46.0
1606;2025-03-08 22:00:00;1.12;3.4;16.5;20.1;40.0;115.0;24.55;711.4;0.0;12.0;6.3;0.0;23.55;9.9;40.0
1607;2025-03-08 23:00:00;1.13;3.3;15.9;19.4;40.0;99.0;20.46;712.7;0.0;15.0;6.0;0.0;22.02;10.0;69.0
1608;2025-03-09 00:00:00;1.05;3.1;7.5;10.8;48.0;89.0;16.59;713.2;0.0;16.0;4.4;0.0;20.9;7.3;29.0
1609;2025-03-09 01:00:00;1.04;2.8;6.7;9.8;48.0;62.0;14.4;713.5;0.0;17.0;4.4;0.0;20.06;7.2;35.0
1610;2025-03-09 02:00:00;1.05;2.8;10.0;13.0;45.0;47.0;10.47;713.6;0.0;17.0;5.3;0.0;19.35;6.3;61.0
1611;2025-03-09 03:00:00;1.06;2.7;9.0;11.9;46.0;37.0;9.15;713.6;0.0;18.0;4.7;0.0;18.68;6.6;38.0
1612;2025-03-09 04:00:00;1.07;2.7;6.2;9.1;46.0;32.0;7.61;713.6;0.0;20.0;4.5;0.0;17.41;3.5;17.0
1613;2025-03-09 05:00:00;1.05;2.6;6.3;9.1;47.0;28.0;8.02;713.7;0.0;20.0;4.4;0.0;17.16;5.2;45.0
1614;2025-03-09 06:00:00;1.08;2.7;12.1;15.0;39.0;32.0;9.76;714.2;0.0;22.0;5.8;0.0;16.68;5.6;46.0
1615;2025-03-09 07:00:00;1.07;2.8;11.0;14.0;38.0;33.0;9.62;714.8;0.0;26.0;4.5;0.0;15.42;11.0;27.0
1616;2025-03-09 08:00:00;1.14;4.1;14.3;18.7;29.0;39.0;11.42;715.7;0.0;34.0;5.8;0.057;13.73;9.0;59.0
1617;2025-03-09 09:00:00;1.22;8.9;17.1;26.3;26.0;42.0;13.08;716.3;0.0;34.0;7.4;0.234;14.44;7.8;64.0
1618;2025-03-09 10:00:00;1.21;8.0;13.0;21.2;32.0;43.0;11.64;716.7;0.0;33.0;5.7;0.266;15.06;8.5;37.0
1619;2025-03-09 11:00:00;1.2;7.2;12.6;20.0;38.0;43.0;11.76;716.7;0.0;30.0;5.2;0.488;16.97;5.9;98.0
1620;2025-03-09 12:00:00;1.16;4.9;9.1;14.2;51.0;40.0;12.49;716.2;0.0;25.0;4.9;0.708;18.56;6.5;6.0
1621;2025-03-09 13:00:00;1.16;3.9;7.3;11.5;61.0;35.0;14.13;715.5;0.0;21.0;4.7;0.754;20.18;7.7;20.0
1622;2025-03-09 14:00:00;1.14;4.1;9.1;13.4;62.0;39.0;13.89;714.7;0.0;19.0;5.5;0.733;21.18;7.1;15.0
1623;2025-03-09 15:00:00;1.13;4.4;9.9;14.5;58.0;41.0;9.97;713.9;0.0;18.0;6.4;0.691;21.91;8.4;88.0
1624;2025-03-09 16:00:00;1.1;4.0;8.5;12.8;55.0;38.0;8.35;713.4;0.0;15.0;6.1;0.565;22.83;8.2;78.0
1625;2025-03-09 17:00:00;1.08;3.6;7.7;11.6;54.0;37.0;7.7;713.2;0.0;14.0;5.9;0.35;23.02;9.5;97.0
1626;2025-03-09 18:00:00;1.09;2.9;6.6;9.8;54.0;32.0;8.42;713.3;0.0;14.0;4.9;0.119;23.04;9.8;114.0
1627;2025-03-09 19:00:00;1.13;3.5;15.6;19.3;39.0;32.0;10.72;713.9;0.0;16.0;6.8;0.015;21.91;11.1;60.0
1628;2025-03-09 20:00:00;1.12;4.0;15.1;19.3;38.0;39.0;8.92;714.6;0.0;18.0;5.1;0.0;20.53;10.6;22.0
1629;2025-03-09 21:00:00;1.12;2.9;14.2;17.3;39.0;30.0;8.32;715.4;0.0;17.0;4.5;0.0;19.85;8.6;12.0
1630;2025-03-09 22:00:00;1.17;2.7;15.0;17.9;38.0;25.0;10.59;716.0;0.0;20.0;4.9;0.0;19.12;8.1;41.0
1631;2025-03-09 23:00:00;1.21;2.7;12.1;14.9;39.0;31.0;9.66;716.5;0.0;24.0;5.4;0.0;18.09;7.2;28.0
1632;2025-03-10 00:00:00;1.24;;12.0;14.8;40.0;29.0;7.05;716.8;0.0;25.0;6.9;0.0;17.17;9.8;350.0
1633;2025-03-10 01:00:00;1.18;2.6;8.4;11.2;44.0;23.0;5.0;716.9;0.0;28.0;5.7;0.0;16.05;4.0;342.0
1634;2025-03-10 02:00:00;1.08;2.5;10.8;13.5;42.0;22.0;5.13;716.9;0.0;29.0;9.7;0.0;15.42;3.2;340.0
1635;2025-03-10 03:00:00;1.07;2.5;14.3;16.9;36.0;22.0;6.21;716.5;0.0;31.0;8.0;0.0;14.71;1.8;303.0
1636;2025-03-10 04:00:00;1.11;;12.7;15.3;34.0;19.0;6.3;716.1;0.0;34.0;6.3;0.0;13.86;1.8;229.0
1637;2025-03-10 05:00:00;1.14;;17.7;20.3;25.0;23.0;7.15;715.8;0.0;36.0;6.8;0.0;13.42;1.8;198.0
1638;2025-03-10 06:00:00;1.15;2.6;21.4;24.2;23.0;25.0;6.14;715.8;0.0;37.0;6.4;0.0;13.0;;237.0
1639;2025-03-10 07:00:00;1.29;8.1;32.5;40.8;15.0;22.0;5.71;716.1;0.0;38.0;5.3;0.001;12.77;;241.0
1640;2025-03-10 08:00:00;1.47;18.4;37.9;56.5;11.0;31.0;7.12;716.2;0.0;35.0;5.6;0.062;14.35;3.6;221.0
1641;2025-03-10 09:00:00;1.48;20.7;31.8;52.7;20.0;39.0;13.94;716.6;0.0;29.0;7.3;0.243;16.75;4.2;183.0
1642;2025-03-10 10:00:00;1.27;9.5;17.0;26.7;39.0;42.0;7.32;716.8;0.0;26.0;5.5;0.271;18.36;6.1;91.0
1643;2025-03-10 11:00:00;1.41;12.6;25.5;38.4;41.0;30.0;11.53;716.6;0.0;25.0;5.1;0.494;19.13;8.4;60.0
1644;2025-03-10 12:00:00;1.3;8.4;18.8;27.5;51.0;45.0;11.18;716.1;0.0;23.0;5.1;0.722;20.16;9.0;47.0
1645;2025-03-10 13:00:00;1.17;5.4;11.2;16.8;59.0;40.0;6.99;715.2;0.0;22.0;5.5;0.774;21.29;10.2;50.0
1646;2025-03-10 14:00:00;1.15;5.1;10.4;15.7;60.0;33.0;6.13;714.3;0.0;19.0;5.9;0.75;22.48;10.7;44.0
1647;2025-03-10 15:00:00;1.17;4.4;9.2;13.9;62.0;35.0;7.17;713.2;0.0;18.0;5.1;0.702;23.58;12.1;50.0
1648;2025-03-10 16:00:00;1.18;4.3;9.1;13.6;63.0;36.0;8.27;712.4;0.0;18.0;5.1;0.575;23.89;13.8;63.0
1649;2025-03-10 17:00:00;1.2;4.2;9.6;14.0;61.0;39.0;7.76;711.9;0.0;19.0;5.0;0.342;24.35;12.3;94.0
1650;2025-03-10 18:00:00;1.17;3.6;8.8;12.6;60.0;36.0;6.12;711.8;0.0;19.0;4.8;0.129;24.05;12.2;110.0
1651;2025-03-10 19:00:00;1.23;3.3;14.7;18.3;49.0;31.0;6.13;711.8;0.0;20.0;4.8;0.014;22.95;10.2;100.0
1652;2025-03-10 20:00:00;1.25;3.3;17.3;20.7;43.0;29.0;6.46;712.0;0.0;22.0;4.7;0.0;21.86;7.6;108.0
1653;2025-03-10 21:00:00;1.21;3.2;15.7;19.1;44.0;25.0;7.03;712.2;0.0;23.0;4.8;0.0;21.23;7.6;105.0
1654;2025-03-10 22:00:00;1.16;3.1;11.9;15.2;48.0;27.0;7.31;712.3;0.0;23.0;4.7;0.0;20.75;7.4;111.0
1655;2025-03-10 23:00:00;1.15;3.2;10.8;14.3;47.0;27.0;6.81;712.3;0.0;24.0;4.6;0.0;20.39;8.1;100.0
1656;2025-03-11 00:00:00;1.22;3.3;16.3;19.7;35.0;23.0;16.63;712.1;0.0;32.0;4.9;0.0;17.98;6.7;26.0
1657;2025-03-11 01:00:00;1.29;4.5;35.5;40.3;13.0;34.0;26.86;711.9;0.0;38.0;7.4;0.0;16.41;6.3;350.0
1658;2025-03-11 02:00:00;1.32;3.5;27.2;31.0;19.0;55.0;24.58;711.6;0.0;43.0;5.7;0.0;15.36;5.8;354.0
1659;2025-03-11 03:00:00;1.26;4.4;31.8;36.4;12.0;57.0;24.64;711.1;0.0;48.0;8.6;0.0;14.21;2.8;41.0
1660;2025-03-11 04:00:00;1.37;4.3;37.3;41.8;8.0;47.0;35.69;710.8;0.0;52.0;7.2;0.0;13.67;4.2;9.0
1661;2025-03-11 05:00:00;1.36;4.4;36.9;41.5;7.0;50.0;35.71;710.5;0.0;54.0;6.5;0.0;12.85;2.8;317.0
1662;2025-03-11 06:00:00;1.29;3.9;25.8;29.9;15.0;44.0;35.67;710.6;0.0;54.0;6.3;0.0;12.69;3.3;303.0
1663;2025-03-11 07:00:00;1.4;14.9;33.4;48.6;6.0;41.0;32.44;710.8;0.0;56.0;6.1;0.001;12.28;2.5;280.0
1664;2025-03-11 08:00:00;1.76;46.5;38.6;85.3;6.0;55.0;35.57;711.0;0.0;51.0;8.5;0.057;13.76;2.3;296.0
1665;2025-03-11 09:00:00;1.7;36.4;38.4;75.1;14.0;79.0;40.15;711.3;0.0;39.0;10.7;0.235;17.04;2.4;6.0
1666;2025-03-11 10:00:00;1.64;26.3;36.8;63.3;23.0;90.0;36.34;711.5;0.0;31.0;8.8;0.275;19.33;2.7;13.0
1667;2025-03-11 11:00:00;1.59;23.2;39.5;62.8;31.0;77.0;39.63;711.3;0.0;26.0;8.2;0.485;21.63;5.9;40.0
1668;2025-03-11 12:00:00;1.8;37.0;58.9;96.0;28.0;78.0;41.22;711.0;0.0;24.0;25.5;0.69;23.44;7.3;75.0
1669;2025-03-11 13:00:00;1.5;15.2;42.0;57.4;55.0;99.0;32.55;710.3;0.0;20.0;13.9;0.737;25.05;9.7;83.0
1670;2025-03-11 14:00:00;1.47;7.2;30.8;38.2;90.0;91.0;31.29;709.5;0.0;18.0;7.3;0.713;26.74;9.9;73.0
1671;2025-03-11 15:00:00;1.43;5.7;24.5;30.4;107.0;79.0;28.21;708.9;0.0;15.0;6.7;0.668;28.46;9.8;67.0
1672;2025-03-11 16:00:00;1.36;5.5;22.2;27.9;110.0;69.0;23.89;708.3;0.0;13.0;6.7;0.548;29.69;11.2;55.0
1673;2025-03-11 17:00:00;1.41;4.7;20.8;25.9;122.0;65.0;23.9;708.2;0.0;16.0;6.5;0.32;29.8;13.3;61.0
1674;2025-03-11 18:00:00;1.4;4.5;21.6;26.3;109.0;71.0;19.39;708.4;0.0;17.0;6.9;0.13;29.45;12.3;86.0
1675;2025-03-11 19:00:00;1.43;4.2;26.1;30.4;93.0;58.0;19.26;708.9;0.0;19.0;11.4;0.015;27.61;9.4;86.0
1676;2025-03-11 20:00:00;1.44;4.4;27.2;31.8;57.0;58.0;17.63;709.3;0.0;22.0;8.1;0.0;26.08;9.0;66.0
1677;2025-03-11 21:00:00;1.54;4.2;34.5;38.9;35.0;51.0;17.94;709.8;0.0;25.0;6.8;0.0;24.36;2.3;61.0
1678;2025-03-11 22:00:00;1.37;4.6;24.9;29.7;44.0;48.0;15.51;709.8;0.0;26.0;6.1;0.0;23.46;3.9;104.0
1679;2025-03-11 23:00:00;1.29;4.9;22.5;27.6;43.0;34.0;13.88;709.6;0.0;27.0;6.2;0.0;23.43;4.5;134.0
1680;2025-03-12 00:00:00;1.46;5.6;40.6;46.4;12.0;36.0;18.36;709.7;0.0;42.0;8.0;0.0;20.89;5.1;314.0
1681;2025-03-12 01:00:00;1.39;5.4;38.3;43.8;8.0;54.0;19.66;709.5;0.0;54.0;7.4;0.0;19.29;3.7;342.0
1682;2025-03-12 02:00:00;1.39;4.1;31.3;35.6;10.0;54.0;17.84;709.4;0.0;63.0;6.1;0.0;17.75;1.8;275.0
1683;2025-03-12 03:00:00;1.43;4.6;33.1;37.9;8.0;47.0;18.48;709.2;0.0;67.0;5.7;0.0;17.1;1.9;301.0
1684;2025-03-12 04:00:00;1.47;12.8;43.1;56.2;4.0;47.0;27.4;709.1;0.0;58.0;6.5;0.0;16.77;2.3;261.0
1685;2025-03-12 05:00:00;1.49;27.9;53.0;81.1;5.0;86.0;43.76;708.8;0.0;45.0;7.5;0.0;16.97;3.8;301.0
1686;2025-03-12 06:00:00;1.45;24.7;49.9;74.8;4.0;146.0;34.4;708.8;0.0;46.0;6.5;0.0;16.73;3.0;297.0
1687;2025-03-12 07:00:00;1.68;47.0;46.6;93.8;5.0;109.0;33.92;709.2;0.0;45.0;6.6;0.0;17.07;3.5;288.0
1688;2025-03-12 08:00:00;1.53;28.4;41.1;69.8;16.0;107.0;28.21;709.4;0.0;19.0;7.2;0.065;21.9;10.2;260.0
1689;2025-03-12 09:00:00;1.2;11.0;23.3;34.6;32.0;109.0;29.78;709.5;0.0;8.0;5.6;0.25;27.58;14.0;265.0
1690;2025-03-12 10:00:00;0.99;6.3;5.7;12.3;42.0;156.0;18.85;709.5;0.0;7.0;4.8;0.292;30.14;18.4;263.0
1691;2025-03-12 11:00:00;1.03;6.1;7.6;13.9;44.0;98.0;11.5;709.3;0.0;6.0;4.5;0.501;31.7;11.5;279.0
1692;2025-03-12 12:00:00;1.03;6.3;8.7;15.3;46.0;44.0;10.57;708.9;0.0;5.0;4.6;0.733;32.29;13.1;314.0
1693;2025-03-12 13:00:00;1.02;5.7;8.8;14.8;52.0;36.0;9.56;708.1;0.0;3.0;4.6;0.774;34.12;9.8;3.0
1694;2025-03-12 14:00:00;1.01;5.3;7.4;12.9;52.0;30.0;7.01;707.3;0.0;2.0;4.4;0.744;35.42;9.2;355.0
1695;2025-03-12 15:00:00;0.98;5.3;6.9;12.5;44.0;32.0;9.5;706.5;0.0;1.0;4.3;0.717;35.83;18.1;291.0
1696;2025-03-12 16:00:00;0.96;5.1;6.8;12.1;42.0;87.0;9.11;706.1;0.0;1.0;4.2;0.592;35.64;22.2;303.0
1697;2025-03-12 17:00:00;0.99;5.4;8.0;13.7;41.0;71.0;7.01;706.2;0.0;2.0;4.3;0.358;35.56;20.1;307.0
1698;2025-03-12 18:00:00;1.0;5.4;10.2;15.9;38.0;38.0;5.6;706.5;0.0;3.0;4.3;0.141;35.31;14.3;306.0
1699;2025-03-12 19:00:00;1.13;5.5;17.8;23.5;29.0;28.0;7.92;707.0;0.0;4.0;4.4;0.015;33.59;4.6;279.0
1700;2025-03-12 20:00:00;1.17;8.3;27.7;36.2;19.0;44.0;8.48;707.8;0.0;5.0;4.5;0.0;31.7;3.0;246.0
1701;2025-03-12 21:00:00;1.67;23.1;42.0;65.3;11.0;34.0;14.87;708.4;0.0;12.0;5.8;0.0;29.27;2.6;240.0
1702;2025-03-12 22:00:00;1.51;9.3;45.8;55.3;10.0;35.0;12.63;708.8;0.0;15.0;5.4;0.0;28.0;5.2;158.0
1703;2025-03-12 23:00:00;1.37;4.6;39.9;44.8;17.0;42.0;14.34;709.2;0.0;18.0;5.6;0.0;27.09;2.2;284.0
1704;2025-03-13 00:00:00;1.42;10.2;40.4;50.8;15.0;38.0;22.2;709.7;0.0;26.0;7.6;0.0;25.39;3.4;301.0
1705;2025-03-13 01:00:00;1.49;8.3;44.1;52.6;6.0;50.0;29.67;710.2;0.0;42.0;8.5;0.0;23.79;7.2;254.0
1706;2025-03-13 02:00:00;1.47;6.7;43.5;50.4;4.0;69.0;26.4;710.1;0.0;39.0;10.3;0.0;23.3;2.4;249.0
1707;2025-03-13 03:00:00;1.41;6.6;39.2;46.0;7.0;55.0;22.92;710.1;0.0;36.0;10.1;0.0;22.87;1.8;176.0
1708;2025-03-13 04:00:00;1.2;4.4;19.1;23.8;23.0;51.0;16.07;710.0;0.0;29.0;7.9;0.0;22.48;1.8;247.0
1709;2025-03-13 05:00:00;1.1;4.4;15.2;19.7;27.0;40.0;11.76;710.0;0.0;24.0;6.0;0.0;21.68;1.8;255.0
1710;2025-03-13 06:00:00;1.06;4.5;13.9;18.7;28.0;33.0;9.95;710.2;0.0;21.0;4.8;0.0;20.6;;242.0
1711;2025-03-13 07:00:00;1.17;9.7;28.5;38.4;17.0;37.0;11.42;710.5;0.0;19.0;4.5;0.001;19.96;;253.0
1712;2025-03-13 08:00:00;1.8;45.0;42.7;88.0;7.0;51.0;18.11;710.9;0.0;17.0;4.7;0.066;21.9;;261.0
1713;2025-03-13 09:00:00;1.9;55.4;41.2;96.8;17.0;68.0;19.12;711.1;0.0;13.0;5.1;0.246;27.32;;37.0
1714;2025-03-13 10:00:00;1.36;11.4;24.3;36.0;41.0;65.0;13.03;711.2;0.0;7.0;5.0;0.299;28.64;;18.0
1715;2025-03-13 11:00:00;1.31;15.0;31.0;46.2;40.0;49.0;16.36;711.1;0.0;7.0;8.1;0.449;29.1;3.2;9.0
1716;2025-03-13 12:00:00;1.11;8.3;17.4;26.0;56.0;56.0;13.14;710.5;0.0;6.0;6.4;0.716;29.95;7.3;58.0
1717;2025-03-13 13:00:00;1.03;6.0;11.2;17.4;69.0;45.0;12.95;709.7;0.0;6.0;4.9;0.758;30.67;10.1;48.0
1718;2025-03-13 14:00:00;1.03;5.2;10.7;16.1;77.0;49.0;14.45;708.8;0.0;6.0;8.8;0.731;31.33;12.0;51.0
1719;2025-03-13 15:00:00;1.04;4.9;10.6;15.7;81.0;53.0;14.72;707.7;0.0;6.0;10.8;0.69;32.0;12.1;57.0
1720;2025-03-13 16:00:00;1.03;5.1;9.4;14.7;76.0;57.0;14.29;706.9;0.0;7.0;7.3;0.559;32.34;11.8;53.0
1721;2025-03-13 17:00:00;1.05;5.4;12.0;17.7;68.0;49.0;13.57;706.5;0.0;7.0;5.6;0.338;32.81;10.1;111.0
1722;2025-03-13 18:00:00;1.08;4.6;11.6;16.4;66.0;46.0;13.8;706.2;0.0;9.0;5.2;0.13;32.17;10.9;122.0
1723;2025-03-13 19:00:00;1.18;4.1;16.3;20.6;64.0;43.0;16.9;706.3;0.0;12.0;5.3;0.017;30.53;9.3;120.0
1724;2025-03-13 20:00:00;1.29;4.0;21.8;26.1;59.0;43.0;25.36;706.6;0.0;15.0;5.6;0.0;29.14;4.9;96.0
1725;2025-03-13 21:00:00;1.2;4.0;14.1;18.3;60.0;48.0;24.07;706.8;0.0;19.0;5.5;0.0;28.7;6.2;112.0
1726;2025-03-13 22:00:00;1.23;3.8;15.0;19.0;51.0;44.0;20.59;707.0;0.0;22.0;5.4;0.0;27.8;3.7;105.0
1727;2025-03-13 23:00:00;1.24;3.8;16.8;20.8;43.0;43.0;18.68;706.6;0.0;27.0;5.4;0.0;27.26;5.7;83.0
1728;2025-03-14 00:00:00;1.18;4.5;13.8;18.6;39.0;41.0;20.33;706.5;0.0;35.0;5.7;0.0;26.09;9.9;91.0
1729;2025-03-14 01:00:00;1.4;3.9;30.0;34.1;10.0;48.0;31.0;706.6;0.0;53.0;6.2;0.0;23.21;3.5;315.0
1730;2025-03-14 02:00:00;1.41;5.2;31.6;37.0;6.0;62.0;32.78;706.5;0.0;58.0;5.6;0.0;21.8;2.0;277.0
1731;2025-03-14 03:00:00;1.4;16.8;46.3;63.4;4.0;60.0;31.66;706.1;0.0;36.0;7.3;0.0;21.42;2.1;255.0
1732;2025-03-14 04:00:00;1.32;11.0;42.3;53.5;4.0;79.0;30.24;705.5;0.0;47.0;7.0;0.0;20.58;1.8;263.0
1733;2025-03-14 05:00:00;1.46;15.7;32.5;48.3;3.0;78.0;32.76;705.3;0.0;66.0;5.5;0.0;19.78;1.9;223.0
1734;2025-03-14 06:00:00;1.5;23.5;35.7;59.4;4.0;62.0;32.64;705.0;0.0;56.0;5.5;0.0;19.35;1.9;219.0
1735;2025-03-14 07:00:00;1.54;30.0;37.0;67.2;4.0;77.0;28.35;705.0;0.0;40.0;6.1;0.001;20.52;4.8;184.0
1736;2025-03-14 08:00:00;1.57;35.1;32.2;67.5;8.0;84.0;17.0;705.1;0.0;19.0;5.5;0.075;25.39;5.1;201.0
1737;2025-03-14 09:00:00;1.8;56.8;37.5;94.6;10.0;63.0;16.01;705.3;0.0;14.0;6.3;0.264;28.54;4.5;94.0
1738;2025-03-14 10:00:00;1.08;11.6;15.6;27.4;35.0;66.0;9.38;705.3;0.0;4.0;4.7;0.326;32.56;7.5;358.0
1739;2025-03-14 11:00:00;0.87;5.8;5.9;11.9;50.0;52.0;44.32;705.0;0.0;1.0;4.2;0.407;33.69;15.9;273.0
1740;2025-03-14 12:00:00;0.76;4.8;4.6;9.8;51.0;79.0;;704.6;0.0;1.0;4.3;0.757;34.24;19.2;284.0
1741;2025-03-14 13:00:00;0.51;5.6;7.1;13.0;50.0;130.0;46.17;703.9;0.0;1.0;4.4;0.794;35.37;16.5;290.0
1742;2025-03-14 14:00:00;0.21;5.6;7.3;13.1;49.0;133.0;;702.9;0.0;1.0;4.4;0.769;35.94;18.5;296.0
1743;2025-03-14 15:00:00;0.2;5.3;7.9;13.5;50.0;120.07;47.78;701.9;0.0;1.0;4.3;0.734;36.74;15.8;299.0
1744;2025-03-14 16:00:00;0.2;5.3;8.8;14.4;51.0;135.56;57.52;701.2;0.0;1.0;4.3;0.599;37.0;15.6;307.0
1745;2025-03-14 17:00:00;0.22;5.4;9.3;14.9;49.0;110.37;50.91;700.9;0.0;1.0;4.2;0.382;37.22;12.2;292.0
1746;2025-03-14 18:00:00;0.32;4.4;13.1;17.7;70.0;66.87;19.89;700.8;0.0;3.0;4.6;0.129;36.43;9.7;137.0
1747;2025-03-14 19:00:00;0.35;4.0;15.0;19.2;62.0;38.41;10.99;700.9;0.0;4.0;4.7;0.016;34.45;8.4;138.0
1748;2025-03-14 20:00:00;0.44;3.9;19.5;23.6;54.0;41.23;12.47;701.0;0.0;6.0;4.8;0.0;32.97;8.5;130.0
1749;2025-03-14 21:00:00;0.36;3.8;13.9;17.9;52.0;36.2;11.85;701.1;0.0;7.0;4.9;0.0;32.01;6.7;136.0
1750;2025-03-14 22:00:00;0.51;4.1;27.6;31.9;32.0;44.18;14.89;701.3;0.0;8.0;4.8;0.0;30.35;4.3;213.0
1751;2025-03-14 23:00:00;0.6;4.3;38.8;43.2;19.0;62.58;18.57;701.6;0.0;7.0;5.3;0.0;29.16;5.4;231.0
1752;2025-03-15 00:00:00;0.34;4.1;25.3;29.7;29.0;78.67;32.24;701.4;0.0;2.0;5.7;0.0;31.41;10.2;255.0
1753;2025-03-15 01:00:00;0.17;3.7;5.3;9.3;48.0;13.36;8.85;701.2;0.0;1.0;4.5;0.0;32.4;11.8;269.0
1754;2025-03-15 02:00:00;0.18;3.2;3.6;7.0;50.0;12.59;8.37;701.4;0.0;1.0;4.2;0.0;31.44;13.2;285.0
1755;2025-03-15 03:00:00;0.19;2.9;3.8;6.9;48.0;31.94;22.03;701.5;0.0;1.0;4.5;0.0;30.54;14.4;286.0
1756;2025-03-15 04:00:00;0.21;2.7;3.5;6.4;48.0;51.05;33.31;701.7;0.0;3.0;4.5;0.0;29.47;18.4;287.0
1757;2025-03-15 05:00:00;0.23;2.5;4.8;7.6;45.0;92.42;54.05;701.7;0.0;5.0;4.7;0.0;28.24;18.5;285.0
1758;2025-03-15 06:00:00;0.26;2.5;9.6;12.4;40.0;89.49;46.17;702.1;0.0;6.0;4.9;0.0;26.89;18.9;287.0
1759;2025-03-15 07:00:00;0.26;2.4;7.2;9.9;42.0;71.79;36.97;702.7;0.0;7.0;4.5;0.001;26.06;17.0;287.0
1760;2025-03-15 08:00:00;0.35;4.8;13.4;18.4;35.0;61.81;29.55;703.5;0.0;9.0;5.2;0.074;25.47;11.9;299.0
1761;2025-03-15 09:00:00;0.5;11.8;23.9;35.9;25.0;;;704.4;0.0;15.0;5.4;0.259;22.85;10.9;85.0
1762;2025-03-15 10:00:00;0.52;12.2;22.2;34.7;30.0;;;704.4;0.0;14.0;5.6;0.333;23.6;10.9;80.0
1763;2025-03-15 11:00:00;0.57;11.4;21.9;33.6;38.0;;;704.4;0.0;12.0;5.9;0.303;25.85;12.3;69.0
1764;2025-03-15 12:00:00;0.55;7.9;17.1;25.3;51.0;;;704.2;0.0;12.0;5.5;0.712;27.43;11.8;56.0
1765;2025-03-15 13:00:00;0.47;5.7;12.2;18.2;62.0;;;703.6;0.0;11.0;5.1;0.749;28.65;11.7;57.0
1766;2025-03-15 14:00:00;0.45;4.5;8.9;13.6;70.0;142.53;29.83;702.8;0.0;10.0;5.0;0.724;29.51;12.4;95.0
1767;2025-03-15 15:00:00;0.45;4.1;7.9;12.2;68.0;151.79;31.43;702.1;0.0;10.0;5.4;0.684;30.05;14.5;97.0
1768;2025-03-15 16:00:00;0.44;3.9;7.6;11.8;65.0;156.74;31.79;701.8;0.0;10.0;5.6;0.552;30.47;15.9;109.0
1769;2025-03-15 17:00:00;0.46;3.8;8.4;12.5;63.0;159.08;32.91;701.8;0.0;10.0;5.2;0.355;30.73;16.2;103.0
1770;2025-03-15 18:00:00;0.46;3.4;8.0;11.6;61.0;161.33;34.15;702.2;0.0;11.0;4.9;0.127;30.43;11.7;114.0
1771;2025-03-15 19:00:00;0.5;3.4;11.9;15.6;55.0;173.12;40.06;702.9;0.0;12.0;4.9;0.018;28.81;11.0;87.0
1772;2025-03-15 20:00:00;0.57;3.7;16.9;20.9;44.0;180.37;41.04;704.4;0.0;13.0;6.3;0.0;27.42;13.8;52.0
1773;2025-03-15 21:00:00;0.54;3.7;16.7;20.6;42.0;183.89;42.16;705.9;0.0;14.0;4.9;0.0;25.81;13.5;56.0
1774;2025-03-15 22:00:00;0.48;3.3;11.6;15.2;46.0;161.93;36.08;707.2;0.0;14.0;4.5;0.0;25.03;9.3;86.0
1775;2025-03-15 23:00:00;0.52;3.4;12.9;16.5;42.0;154.63;35.86;708.3;0.0;14.0;4.6;0.0;24.48;5.8;65.0
1776;2025-03-16 00:00:00;0.46;3.4;10.4;14.0;40.0;136.67;25.37;709.5;0.0;14.0;4.8;0.0;22.71;11.3;354.0
1777;2025-03-16 01:00:00;0.43;3.2;6.6;9.9;44.0;153.06;20.29;710.5;0.0;17.0;5.3;0.0;21.59;17.1;68.0
1778;2025-03-16 02:00:00;0.38;2.6;3.8;6.6;46.0;100.19;12.74;711.1;0.0;17.0;4.2;0.0;20.63;15.4;100.0
1779;2025-03-16 03:00:00;0.42;2.7;12.6;15.5;35.0;91.59;16.2;711.5;0.0;20.0;7.6;0.0;19.54;8.9;54.0
1780;2025-03-16 04:00:00;0.51;2.7;8.8;11.7;40.0;82.61;12.66;711.7;0.0;20.0;5.8;0.0;18.77;7.0;351.0
1781;2025-03-16 05:00:00;0.48;;6.1;8.9;44.0;107.08;14.95;712.2;0.0;20.0;5.3;0.0;18.33;5.5;344.0
1782;2025-03-16 06:00:00;0.44;2.5;9.7;12.4;41.0;132.93;20.36;712.7;0.0;21.0;4.6;0.0;17.51;3.0;358.0
1783;2025-03-16 07:00:00;0.58;2.6;8.5;11.3;41.0;135.69;20.84;713.5;0.0;22.0;5.4;0.001;16.9;1.8;23.0
1784;2025-03-16 08:00:00;0.46;2.9;6.0;9.2;46.0;167.92;24.58;714.2;0.0;21.0;4.9;0.064;17.68;5.7;22.0
1785;2025-03-16 09:00:00;0.56;3.2;6.0;9.5;47.0;154.99;23.71;715.2;0.0;20.0;6.3;0.239;18.99;6.3;8.0
1786;2025-03-16 10:00:00;0.51;3.7;6.8;10.8;48.0;148.59;24.12;715.7;0.0;18.0;6.0;0.337;20.18;5.7;29.0
1787;2025-03-16 11:00:00;0.51;4.9;9.6;14.7;46.0;194.67;32.2;715.9;0.0;17.0;6.9;0.27;21.09;7.1;38.0
1788;2025-03-16 12:00:00;0.48;6.8;13.5;20.6;43.0;185.73;32.33;715.6;0.0;16.0;10.4;0.702;22.46;4.7;74.0
1789;2025-03-16 13:00:00;0.52;7.2;15.5;22.9;47.0;171.09;31.26;715.1;0.0;15.0;10.8;0.743;23.17;6.3;59.0
1790;2025-03-16 14:00:00;0.55;5.9;14.4;20.5;54.0;160.54;29.62;714.7;0.0;14.0;10.1;0.721;24.31;5.9;24.0
1791;2025-03-16 15:00:00;0.58;4.1;11.8;16.2;64.0;153.92;29.09;714.4;0.0;14.0;8.0;0.684;25.31;8.0;133.0
1792;2025-03-16 16:00:00;0.58;4.4;13.6;18.2;65.0;157.09;28.75;714.2;0.0;12.0;9.1;0.561;26.19;6.8;74.0
1793;2025-03-16 17:00:00;0.56;3.4;10.2;13.9;67.0;149.29;28.85;714.1;0.0;12.0;7.3;0.355;26.63;6.4;117.0
1794;2025-03-16 18:00:00;0.55;2.8;7.8;10.8;67.0;148.57;29.99;714.3;0.0;12.0;5.4;0.133;26.55;6.1;110.0
1795;2025-03-16 19:00:00;0.57;2.6;8.8;11.6;68.0;151.08;30.43;714.7;0.0;15.0;5.1;0.021;25.06;9.1;114.0
1796;2025-03-16 20:00:00;0.62;2.6;10.9;13.7;60.0;144.55;30.22;715.4;0.0;18.0;5.1;0.0;23.86;9.1;105.0
1797;2025-03-16 21:00:00;0.58;2.7;8.2;11.2;55.0;150.98;30.66;716.0;0.0;18.0;5.6;0.0;22.85;9.5;97.0
1798;2025-03-16 22:00:00;0.55;2.7;6.9;9.8;52.0;143.22;27.29;716.5;0.0;19.0;5.1;0.0;22.14;9.5;97.0
1799;2025-03-16 23:00:00;0.53;2.5;5.7;8.4;52.0;141.26;27.12;716.8;0.0;19.0;4.9;0.0;21.58;7.0;89.0
1800;2025-03-17 00:00:00;0.54;2.4;5.4;8.1;51.0;134.06;25.48;716.8;0.0;19.0;4.8;0.0;21.25;5.4;102.0
1801;2025-03-17 01:00:00;0.54;2.4;5.5;8.1;51.0;131.84;24.87;716.6;0.0;20.0;4.7;0.0;20.89;5.6;102.0
1802;2025-03-17 02:00:00;0.53;;5.1;7.7;49.0;124.37;24.45;716.5;0.0;21.0;4.7;0.0;20.17;3.9;97.0
1803;2025-03-17 03:00:00;0.72;2.9;25.9;29.0;22.0;144.32;33.26;716.6;0.0;25.0;5.8;0.0;18.27;3.2;332.0
1804;2025-03-17 04:00:00;1.1;4.7;39.7;44.6;5.0;160.73;41.7;716.6;0.0;29.0;7.1;0.0;16.74;1.8;106.0
1805;2025-03-17 05:00:00;1.04;5.6;36.8;42.6;5.0;156.84;44.17;716.6;0.0;32.0;6.7;0.0;15.78;1.8;344.0
1806;2025-03-17 06:00:00;1.08;8.3;36.4;44.9;5.0;143.26;42.64;716.8;0.0;37.0;6.2;0.0;15.13;1.8;357.0
1807;2025-03-17 07:00:00;1.27;6.6;34.2;41.0;6.0;140.6;39.64;717.1;0.0;39.0;8.1;0.003;14.6;;308.0
1808;2025-03-17 08:00:00;1.0;9.2;27.8;37.2;12.0;130.58;33.36;717.4;0.0;37.0;9.9;0.07;15.85;;351.0
1809;2025-03-17 09:00:00;0.97;12.6;25.0;37.8;20.0;137.76;32.5;718.1;0.0;32.0;10.9;0.208;18.53;2.0;337.0
1810;2025-03-17 10:00:00;1.2;24.7;27.9;52.8;28.0;152.45;35.26;718.0;0.0;30.0;19.5;0.359;20.49;4.6;36.0
1811;2025-03-17 11:00:00;0.89;19.8;31.5;51.6;30.0;119.96;27.67;717.5;0.0;30.0;19.6;0.208;21.35;8.5;31.0
1812;2025-03-17 12:00:00;0.81;11.9;22.9;35.1;44.0;123.7;25.53;717.1;0.0;26.0;14.0;0.677;23.14;12.6;46.0
1813;2025-03-17 13:00:00;0.69;4.7;8.2;13.2;61.0;114.19;20.63;716.5;0.0;22.0;8.2;0.748;24.91;14.6;85.0
1814;2025-03-17 14:00:00;0.65;3.8;4.7;8.8;57.0;89.75;17.8;715.7;0.0;22.0;5.0;0.722;26.41;10.7;100.0
1815;2025-03-17 15:00:00;0.66;3.3;4.3;7.9;57.0;90.28;17.87;714.8;0.0;21.0;4.7;0.655;27.35;13.0;111.0
1816;2025-03-17 16:00:00;0.65;3.0;4.1;7.3;57.0;89.68;17.63;714.2;0.0;20.0;4.7;0.513;27.83;14.0;112.0
1817;2025-03-17 17:00:00;0.65;2.9;4.6;7.8;56.0;82.47;17.27;713.7;0.0;18.0;4.7;0.343;28.02;15.4;107.0
1818;2025-03-17 18:00:00;0.65;2.9;5.6;8.8;55.0;83.38;16.88;713.4;0.0;17.0;4.8;0.141;27.91;16.0;110.0
1819;2025-03-17 19:00:00;0.68;2.7;6.5;9.4;52.0;78.57;17.8;713.4;0.0;20.0;4.7;0.022;26.86;12.5;122.0
1820;2025-03-17 20:00:00;0.69;2.7;7.5;10.5;50.0;96.82;20.28;713.4;0.0;22.0;4.9;0.0;25.77;14.2;114.0
1821;2025-03-17 21:00:00;0.66;2.6;5.2;8.1;52.0;111.93;20.17;713.6;0.0;22.0;4.7;0.0;24.9;17.8;125.0
1822;2025-03-17 22:00:00;0.71;2.8;9.8;12.9;43.0;85.17;17.54;713.7;0.0;29.0;5.0;0.0;22.7;11.4;54.0
1823;2025-03-17 23:00:00;0.74;2.9;11.4;14.5;40.0;74.98;16.42;713.6;0.0;33.0;4.9;0.0;21.45;8.8;49.0
1824;2025-03-18 00:00:00;0.74;3.0;10.9;14.2;40.0;65.83;14.99;713.4;0.0;38.0;4.9;0.0;20.07;9.5;45.0
1825;2025-03-18 01:00:00;0.7;3.0;7.3;10.5;43.0;55.26;13.11;713.1;0.0;42.0;4.8;0.0;18.76;6.7;42.0
1826;2025-03-18 02:00:00;0.71;3.0;8.7;12.0;41.0;56.57;14.99;712.7;0.0;44.0;4.8;0.0;17.91;2.8;8.0
1827;2025-03-18 03:00:00;0.71;3.3;19.2;22.8;30.0;60.3;15.85;712.4;0.0;47.0;6.8;0.0;16.78;6.8;22.0
1828;2025-03-18 04:00:00;0.76;3.2;29.2;32.6;19.0;54.33;14.4;712.1;0.0;49.0;7.9;0.0;15.9;3.1;351.0
1829;2025-03-18 05:00:00;0.84;3.2;18.4;21.8;28.0;43.19;12.69;711.9;0.0;51.0;6.2;0.0;15.52;1.8;3.0
1830;2025-03-18 06:00:00;0.76;3.5;15.3;19.0;26.0;52.38;13.43;711.9;0.0;51.0;5.8;0.0;15.13;1.8;326.0
1831;2025-03-18 07:00:00;0.89;7.7;25.0;32.9;18.0;67.17;14.57;711.8;0.0;51.0;5.6;0.002;15.14;1.8;326.0
1832;2025-03-18 08:00:00;1.1;19.6;34.8;54.6;10.0;73.59;16.29;711.7;0.0;49.0;6.4;0.072;16.09;;320.0
1833;2025-03-18 09:00:00;1.22;26.4;33.9;60.6;16.0;86.52;19.69;711.8;0.0;41.0;6.8;0.247;18.94;;15.0
1834;2025-03-18 10:00:00;1.24;23.6;33.8;57.6;23.0;108.73;26.5;711.6;0.0;36.0;7.1;0.361;20.82;;3.0
1835;2025-03-18 11:00:00;1.41;51.3;52.9;104.4;19.0;128.93;39.37;711.3;0.0;32.0;13.8;0.181;23.09;5.2;58.0
1836;2025-03-18 12:00:00;1.47;46.6;58.1;105.0;27.0;148.48;44.28;710.8;0.0;29.0;19.8;0.686;24.96;7.5;71.0
1837;2025-03-18 13:00:00;1.16;9.6;29.5;39.4;66.0;108.91;26.54;709.9;0.0;28.0;7.6;0.725;26.62;9.1;45.0
1838;2025-03-18 14:00:00;0.98;6.4;17.8;24.5;80.0;92.59;21.05;709.0;0.0;25.0;6.8;0.704;28.6;9.7;46.0
1839;2025-03-18 15:00:00;0.98;6.0;16.4;22.7;84.0;91.96;20.28;708.0;0.0;23.0;6.4;0.665;30.08;12.8;43.0
1840;2025-03-18 16:00:00;0.95;6.0;16.5;22.7;76.0;87.39;19.37;707.2;0.0;20.0;5.8;0.543;31.57;13.1;36.0
1841;2025-03-18 17:00:00;0.92;5.3;13.8;19.4;75.0;81.63;18.84;706.7;0.0;18.0;5.3;0.353;32.62;12.8;90.0
1842;2025-03-18 18:00:00;0.88;4.5;12.7;17.3;70.0;73.53;17.55;706.4;0.0;18.0;4.9;0.128;32.14;11.9;104.0
1843;2025-03-18 19:00:00;0.93;4.1;15.3;19.5;57.0;64.33;16.9;706.6;0.0;21.0;4.9;0.018;30.42;10.0;106.0
1844;2025-03-18 20:00:00;0.91;3.7;12.1;16.0;49.0;64.32;18.34;706.8;0.0;26.0;5.0;0.0;28.58;12.7;109.0
1845;2025-03-18 21:00:00;0.87;3.3;9.4;12.9;49.0;56.37;19.63;707.1;0.0;29.0;5.1;0.0;27.17;11.5;103.0
1846;2025-03-18 22:00:00;0.86;3.1;10.5;13.9;46.0;52.02;18.31;707.5;0.0;30.0;5.0;0.0;26.1;5.7;111.0
1847;2025-03-18 23:00:00;1.09;3.5;26.9;30.6;23.0;57.65;21.63;707.7;0.0;34.0;5.1;0.0;24.09;2.3;226.0
1848;2025-03-19 00:00:00;1.27;12.6;43.6;56.5;7.0;43.0;24.41;707.7;0.0;37.0;5.3;0.0;23.01;2.1;312.0
1849;2025-03-19 01:00:00;1.08;9.4;38.8;48.4;11.0;54.0;28.99;707.7;0.0;41.0;8.3;0.0;22.21;3.8;9.0
1850;2025-03-19 02:00:00;1.0;4.3;32.5;37.0;11.0;66.0;26.37;707.8;0.0;50.0;6.7;0.0;20.67;1.9;335.0
1851;2025-03-19 03:00:00;0.99;4.2;30.6;35.0;10.0;62.0;24.1;707.8;0.0;56.0;5.9;0.0;19.53;1.8;253.0
1852;2025-03-19 04:00:00;1.05;4.7;31.9;36.8;7.0;56.0;21.79;707.8;0.0;59.0;5.5;0.0;19.08;2.3;323.0
1853;2025-03-19 05:00:00;1.09;5.6;34.1;39.9;5.0;55.0;22.73;707.9;0.0;58.0;5.6;0.0;19.03;2.3;116.0
1854;2025-03-19 06:00:00;1.01;5.8;30.7;36.7;9.0;61.0;22.08;708.3;0.0;39.0;5.7;0.0;20.63;3.4;265.0
1855;2025-03-19 07:00:00;0.82;16.7;25.6;42.5;18.0;57.0;28.23;709.1;0.0;10.0;5.6;0.002;25.35;6.4;280.0
1856;2025-03-19 08:00:00;1.15;22.9;33.7;56.8;13.0;55.0;27.95;710.4;0.0;19.0;6.2;0.072;24.31;6.3;77.0
1857;2025-03-19 09:00:00;0.97;9.1;17.8;27.1;31.0;84.0;;711.7;0.0;25.0;5.5;0.183;24.6;11.4;22.0
1858;2025-03-19 10:00:00;0.86;7.4;10.4;18.1;37.0;470.0;246.93;712.5;0.0;24.0;5.6;0.244;24.55;12.8;357.0
1859;2025-03-19 11:00:00;0.89;6.6;11.8;18.6;37.0;;197.08;712.9;0.0;29.0;5.5;0.309;24.52;13.4;27.0
1860;2025-03-19 12:00:00;0.85;7.1;12.8;20.2;40.0;;118.86;712.9;0.0;27.0;5.5;0.513;25.09;13.1;39.0
1861;2025-03-19 13:00:00;0.8;7.0;12.5;19.8;44.0;;92.48;712.8;0.0;22.0;6.1;0.588;25.73;14.1;54.0
1862;2025-03-19 14:00:00;0.78;6.2;10.7;17.1;48.0;409.0;78.42;712.5;0.0;19.0;5.5;0.583;26.05;14.2;43.0
1863;2025-03-19 15:00:00;0.77;4.7;8.1;13.0;51.0;312.0;78.07;712.0;0.0;18.0;4.6;0.525;26.61;10.6;14.0
1864;2025-03-19 16:00:00;0.76;4.2;7.5;11.9;53.0;294.0;81.36;711.6;0.0;15.0;4.7;0.399;27.08;9.6;8.0
1865;2025-03-19 17:00:00;0.78;4.7;9.5;14.4;51.0;307.0;72.39;711.7;0.0;12.0;4.4;0.255;27.05;10.7;11.0
1866;2025-03-19 18:00:00;0.78;4.6;13.9;18.7;47.0;300.0;;712.1;0.0;8.0;4.5;0.112;26.63;10.8;20.0
1867;2025-03-19 19:00:00;0.83;4.4;19.2;23.8;40.0;274.0;;712.7;0.0;6.0;4.7;0.022;25.79;10.7;20.0
1868;2025-03-19 20:00:00;0.77;3.8;19.7;23.7;39.0;255.0;;713.7;0.0;5.0;5.2;0.0;24.87;10.2;41.0
1869;2025-03-19 21:00:00;0.8;4.5;33.4;38.2;24.0;201.0;;714.4;0.0;6.0;6.4;0.0;24.18;7.2;31.0
1870;2025-03-19 22:00:00;0.71;3.5;22.3;26.1;37.0;195.0;;715.1;0.0;5.0;5.0;0.0;23.71;8.4;34.0
1871;2025-03-19 23:00:00;0.75;3.3;27.1;30.6;30.0;176.0;;715.7;0.0;7.0;5.1;0.0;22.57;5.1;1.0
1872;2025-03-20 00:00:00;0.69;3.0;12.6;15.8;42.0;135.0;;716.3;0.0;8.0;4.6;0.0;21.04;1.8;325.0
1873;2025-03-20 01:00:00;0.69;2.9;7.8;11.0;49.0;77.0;;716.8;0.0;7.0;4.9;0.0;20.43;5.9;358.0
1874;2025-03-20 02:00:00;0.63;2.7;6.0;8.9;47.0;77.0;;717.5;0.0;8.0;4.6;0.0;18.64;8.8;351.0
1875;2025-03-20 03:00:00;0.58;2.5;4.4;7.1;49.0;266.0;;717.9;0.0;7.0;4.4;0.0;17.58;5.2;27.0
1876;2025-03-20 04:00:00;0.58;2.3;5.9;8.4;47.0;238.0;;718.1;0.0;7.0;4.5;0.0;16.9;4.5;37.0
1877;2025-03-20 05:00:00;0.66;2.3;5.3;7.8;47.0;194.0;;718.5;0.0;11.0;4.8;0.0;16.05;7.4;351.0
1878;2025-03-20 06:00:00;0.65;;5.8;8.4;45.0;151.0;;719.2;0.0;17.0;4.5;0.0;14.82;4.4;354.0
1879;2025-03-20 07:00:00;0.67;3.2;9.5;12.9;39.0;80.0;;719.9;0.0;20.0;4.4;0.002;13.76;7.0;20.0
1880;2025-03-20 08:00:00;0.9;5.3;14.8;20.4;32.0;64.0;;720.4;0.0;23.0;4.7;0.072;13.18;8.7;360.0
1881;2025-03-20 09:00:00;0.88;8.4;16.2;24.9;31.0;75.0;5.28;720.7;0.0;23.0;5.7;0.248;14.1;11.1;28.0
1882;2025-03-20 10:00:00;0.69;4.3;6.9;11.5;42.0;89.0;11.55;720.6;0.0;22.0;4.3;0.387;15.24;15.7;117.0
1883;2025-03-20 11:00:00;0.68;4.2;6.5;10.9;44.0;85.0;;720.3;0.0;21.0;4.3;0.183;16.36;14.8;108.0
1884;2025-03-20 12:00:00;0.67;3.9;5.9;10.0;46.0;69.0;;719.6;0.0;19.0;4.3;0.701;17.85;13.7;112.0
1885;2025-03-20 13:00:00;0.68;3.8;5.5;9.6;48.0;79.0;52.02;718.7;0.0;17.0;4.3;0.742;18.61;16.8;94.0
1886;2025-03-20 14:00:00;0.69;4.0;5.7;9.9;50.0;95.0;25.82;717.8;0.0;16.0;4.3;0.734;19.26;17.0;86.0
1887;2025-03-20 15:00:00;0.69;3.4;4.9;8.6;51.0;96.0;29.08;717.0;0.0;15.0;4.3;0.661;19.97;16.4;99.0
1888;2025-03-20 16:00:00;0.71;3.8;6.6;10.6;49.0;78.0;17.04;716.3;0.0;15.0;4.4;0.485;20.08;16.7;84.0
1889;2025-03-20 17:00:00;0.72;3.9;7.2;11.3;48.0;78.0;31.6;715.9;0.0;15.0;4.3;0.361;20.33;17.3;89.0
1890;2025-03-20 18:00:00;0.73;3.5;8.6;12.4;47.0;72.0;13.14;715.7;0.0;15.0;4.3;0.123;19.9;16.1;91.0
1891;2025-03-20 19:00:00;0.76;3.3;11.3;14.8;43.0;63.0;8.27;715.7;0.0;16.0;4.3;0.023;19.0;15.6;80.0
1892;2025-03-20 20:00:00;0.73;3.0;10.0;13.3;43.0;60.0;3.89;715.6;0.0;15.0;4.3;0.0;18.32;15.8;81.0
1893;2025-03-20 21:00:00;0.69;2.5;8.3;11.0;44.0;65.0;3.56;715.7;0.0;16.0;4.4;0.0;17.77;10.3;127.0
1894;2025-03-20 22:00:00;0.68;2.4;7.2;9.8;46.0;44.0;;715.8;0.0;16.0;4.3;0.0;17.66;11.5;118.0
1895;2025-03-20 23:00:00;0.67;2.3;5.8;8.3;49.0;43.0;;715.7;0.0;19.0;4.3;0.0;16.7;12.4;117.0
1896;2025-03-21 00:00:00;0.71;2.3;4.5;7.0;48.0;40.0;14.62;715.5;0.0;32.0;4.3;0.0;15.1;12.8;106.0
1897;2025-03-21 01:00:00;0.75;;6.2;8.7;43.0;40.0;;715.1;0.0;39.0;4.4;0.0;13.91;9.5;47.0
1898;2025-03-21 02:00:00;0.76;2.4;6.4;9.0;41.0;34.0;;714.7;0.0;46.0;4.7;0.0;13.13;9.1;42.0
1899;2025-03-21 03:00:00;0.78;2.9;14.5;17.6;31.0;30.0;;714.3;0.0;51.0;5.7;0.0;12.32;8.0;24.0
1900;2025-03-21 04:00:00;0.85;3.2;24.5;27.8;20.0;32.0;;713.8;0.0;55.0;7.0;0.0;11.61;5.0;12.0
1901;2025-03-21 05:00:00;0.88;7.4;34.2;41.9;10.0;38.0;;713.5;0.0;57.0;10.3;0.0;11.13;2.9;39.0
1902;2025-03-21 06:00:00;0.92;2.9;30.0;33.1;14.0;49.0;;713.6;0.0;59.0;7.2;0.0;10.89;1.8;1.0
1903;2025-03-21 07:00:00;1.08;9.0;37.0;46.2;8.0;41.0;;713.7;0.0;59.0;6.9;0.002;10.91;2.7;9.0
1904;2025-03-21 08:00:00;1.14;13.1;30.8;44.2;13.0;49.0;;713.8;0.0;56.0;7.0;0.071;11.69;2.8;15.0
1905;2025-03-21 09:00:00;1.1;15.4;25.9;41.5;21.0;53.0;;714.1;0.0;50.0;6.8;0.242;13.29;5.4;351.0
1906;2025-03-21 10:00:00;1.05;12.5;21.6;34.3;29.0;59.0;;714.3;0.0;44.0;6.7;0.385;15.06;5.8;345.0
1907;2025-03-21 11:00:00;1.11;16.0;26.8;43.0;31.0;60.0;33.94;714.1;0.0;37.0;7.3;0.191;17.04;5.9;31.0
1908;2025-03-21 12:00:00;1.28;20.7;36.9;57.8;34.0;68.0;42.49;713.7;0.0;32.0;8.8;0.665;18.84;6.7;4.0
1909;2025-03-21 13:00:00;1.4;25.5;46.1;71.8;34.0;80.0;46.62;713.0;0.0;30.0;12.4;0.702;20.32;7.5;44.0
1910;2025-03-21 14:00:00;1.15;19.8;42.6;62.6;41.0;94.0;34.58;712.2;0.0;28.0;13.9;0.695;21.84;9.7;35.0
1911;2025-03-21 15:00:00;1.13;10.4;34.8;45.5;62.0;88.0;34.97;711.5;0.0;26.0;11.4;0.651;23.39;9.9;63.0
1912;2025-03-21 16:00:00;1.18;5.5;23.5;29.3;87.0;85.0;33.39;711.0;0.0;26.0;7.5;0.49;24.45;9.9;51.0
1913;2025-03-21 17:00:00;1.11;5.2;20.0;25.5;77.0;83.0;25.42;710.7;0.0;26.0;6.4;0.281;24.87;11.3;42.0
1914;2025-03-21 18:00:00;0.98;4.2;14.1;18.4;62.0;75.0;19.12;710.8;0.0;24.0;5.2;0.08;24.48;10.8;114.0
1915;2025-03-21 19:00:00;1.03;3.9;15.1;19.2;51.0;58.0;18.86;710.9;0.0;29.0;5.2;0.023;23.77;8.9;110.0
1916;2025-03-21 20:00:00;1.09;3.8;19.8;23.8;41.0;57.0;17.69;711.0;0.0;32.0;5.2;0.0;22.98;5.6;114.0
1917;2025-03-21 21:00:00;1.03;3.7;14.3;18.2;45.0;56.0;18.26;711.1;0.0;34.0;5.1;0.0;22.48;7.7;111.0
1918;2025-03-21 22:00:00;1.0;3.3;10.6;14.2;46.0;53.0;19.3;711.5;0.0;36.0;5.1;0.0;22.25;7.2;105.0
1919;2025-03-21 23:00:00;1.07;3.5;17.4;21.1;34.0;50.0;21.22;711.7;0.0;40.0;5.2;0.0;21.22;4.9;57.0
1920;2025-03-22 00:00:00;1.07;6.4;27.1;33.7;18.0;58.0;20.36;711.9;0.0;55.0;6.4;0.0;19.11;6.5;7.0
1921;2025-03-22 01:00:00;1.07;5.4;35.3;40.9;9.0;55.0;17.49;711.9;0.0;62.0;7.1;0.0;18.1;4.0;2.0
1922;2025-03-22 02:00:00;1.09;3.9;30.0;34.1;11.0;55.0;17.78;711.6;0.0;66.0;6.6;0.0;17.23;2.3;10.0
1923;2025-03-22 03:00:00;1.12;4.0;30.5;34.6;8.0;51.0;19.72;711.1;0.0;70.0;5.8;0.0;16.37;1.8;321.0
1924;2025-03-22 04:00:00;1.14;5.5;35.0;40.7;6.0;56.0;17.8;710.8;0.0;72.0;5.5;0.0;16.14;1.8;343.0
1925;2025-03-22 05:00:00;1.11;4.3;29.9;34.5;9.0;51.0;16.52;710.6;0.0;75.0;5.2;0.0;15.56;1.8;274.0
1926;2025-03-22 06:00:00;1.18;7.0;32.5;39.8;6.0;44.0;19.97;710.7;0.0;72.0;5.4;0.0;15.22;;246.0
1927;2025-03-22 07:00:00;1.35;31.6;39.8;71.7;4.0;56.0;35.95;711.0;0.0;61.0;6.8;0.002;15.2;;284.0
1928;2025-03-22 08:00:00;1.46;38.4;37.4;76.0;6.0;87.0;32.15;711.5;0.0;69.0;6.1;0.077;16.15;;344.0
1929;2025-03-22 09:00:00;1.73;43.0;43.6;86.9;11.0;79.0;44.47;712.0;0.0;64.0;6.7;0.245;18.47;2.1;5.0
1930;2025-03-22 10:00:00;1.58;18.7;32.3;51.2;27.0;114.0;47.46;712.2;0.0;56.0;7.6;0.403;20.36;3.8;21.0
1931;2025-03-22 11:00:00;1.47;16.2;34.4;50.8;38.0;113.0;45.16;712.1;0.0;45.0;7.8;0.155;22.68;4.5;23.0
1932;2025-03-22 12:00:00;1.4;16.7;34.1;50.9;40.0;97.0;28.6;711.7;0.0;41.0;12.6;0.675;24.09;6.8;40.0
1933;2025-03-22 13:00:00;1.18;9.0;20.7;29.8;61.0;93.0;25.25;711.1;0.0;36.0;11.4;0.708;25.1;10.7;59.0
1934;2025-03-22 14:00:00;1.16;5.7;13.1;19.0;80.0;78.0;22.64;710.3;0.0;35.0;11.0;0.69;26.25;11.7;61.0
1935;2025-03-22 15:00:00;1.16;5.3;12.7;18.2;84.0;77.0;22.5;709.5;0.0;34.0;10.9;0.652;27.1;13.8;54.0
1936;2025-03-22 16:00:00;1.14;4.6;11.8;16.5;88.0;77.0;22.81;708.9;0.0;32.0;8.6;0.533;28.32;11.6;75.0
1937;2025-03-22 17:00:00;1.09;3.9;8.6;12.8;69.0;68.0;20.64;708.7;0.0;33.0;7.0;0.342;28.42;13.3;92.0
1938;2025-03-22 18:00:00;1.11;3.9;10.1;14.2;49.0;62.0;19.21;708.7;0.0;36.0;6.1;0.116;27.52;14.3;76.0
1939;2025-03-22 19:00:00;1.12;3.5;11.6;15.3;45.0;59.0;19.72;709.0;0.0;37.0;5.6;0.025;26.71;11.7;83.0
1940;2025-03-22 20:00:00;1.11;3.3;9.5;13.0;44.0;54.0;19.2;709.2;0.0;38.0;5.4;0.0;26.03;11.3;101.0
1941;2025-03-22 21:00:00;1.14;3.2;10.3;13.7;42.0;53.0;36.97;709.6;0.0;41.0;5.6;0.0;25.34;12.0;114.0
1942;2025-03-22 22:00:00;1.17;4.0;11.6;15.5;31.0;65.0;18.86;709.9;0.0;60.0;5.5;0.0;23.16;11.5;52.0
1943;2025-03-22 23:00:00;1.19;3.2;11.3;14.7;28.0;49.0;17.69;710.2;0.0;66.0;5.3;0.0;22.15;9.6;70.0
1944;2025-03-23 00:00:00;1.18;3.3;9.9;13.5;28.0;42.0;24.46;710.1;0.0;69.0;5.1;0.0;21.52;8.1;63.0
1945;2025-03-23 01:00:00;1.23;3.7;13.9;17.8;21.0;39.0;17.71;709.8;0.0;75.0;5.0;0.0;20.66;6.7;27.0
1946;2025-03-23 02:00:00;1.22;3.4;14.2;17.8;19.0;40.0;15.75;709.5;0.0;80.0;4.9;0.0;19.9;5.3;57.0
1947;2025-03-23 03:00:00;1.2;3.4;15.1;18.6;17.0;39.0;19.07;709.2;0.0;82.0;4.9;0.0;19.63;3.3;72.0
1948;2025-03-23 04:00:00;1.21;;23.2;26.9;10.0;36.0;29.41;708.9;0.0;80.0;5.0;0.0;19.57;1.8;27.0
1949;2025-03-23 05:00:00;1.23;;19.4;23.1;12.0;47.0;28.34;708.8;0.0;79.0;5.1;0.0;19.62;2.1;339.0
1950;2025-03-23 06:00:00;1.19;3.6;12.2;16.0;15.0;48.0;27.25;708.9;0.0;81.0;5.0;0.0;18.85;1.9;309.0
1951;2025-03-23 07:00:00;1.26;4.4;16.3;20.8;9.0;63.0;33.48;709.2;0.0;83.0;4.9;0.002;18.44;1.8;285.0
1952;2025-03-23 08:00:00;1.4;11.1;25.1;36.4;7.0;77.0;40.84;709.4;0.0;76.0;4.8;0.047;18.77;1.8;241.0
1953;2025-03-23 09:00:00;1.47;13.6;22.9;36.8;11.0;81.0;58.59;709.8;0.0;75.0;4.9;0.16;20.17;1.8;153.0
1954;2025-03-23 10:00:00;1.4;11.2;22.2;33.7;24.0;113.0;55.1;709.9;0.0;61.0;4.6;0.272;22.66;2.5;94.0
1955;2025-03-23 11:00:00;1.37;8.5;22.1;30.9;29.0;100.0;46.52;710.2;0.0;57.0;4.7;0.211;22.97;6.1;6.0
1956;2025-03-23 12:00:00;1.54;12.6;29.2;42.1;33.0;87.0;47.78;709.9;0.0;52.0;5.0;0.369;24.74;4.3;31.0
1957;2025-03-23 13:00:00;1.73;15.2;41.8;57.2;37.0;90.0;53.09;709.6;0.0;49.0;6.3;0.411;26.13;7.0;73.0
1958;2025-03-23 14:00:00;1.5;9.2;37.9;47.4;56.0;105.0;46.98;709.2;0.0;46.0;8.1;0.372;26.53;8.6;68.0
1959;2025-03-23 15:00:00;1.35;5.7;25.4;31.4;76.0;93.0;38.2;709.0;0.0;43.0;8.9;0.298;27.12;8.8;71.0
1960;2025-03-23 16:00:00;1.31;4.6;18.3;23.1;82.0;76.0;34.04;708.6;0.0;41.0;8.1;0.263;27.55;7.5;86.0
1961;2025-03-23 17:00:00;1.29;4.8;17.9;22.8;73.0;68.0;30.74;708.3;0.0;39.0;8.0;0.194;27.95;7.0;84.0
1962;2025-03-23 18:00:00;1.34;3.7;16.6;20.5;78.0;61.0;31.41;708.5;0.0;38.0;6.8;0.077;27.81;4.9;62.0
1963;2025-03-23 19:00:00;1.42;3.6;18.6;22.3;77.0;60.0;41.66;708.8;0.0;44.0;6.2;0.015;26.93;8.5;76.0
1964;2025-03-23 20:00:00;1.29;3.6;11.4;15.2;70.0;70.0;50.15;708.8;0.0;45.0;5.8;0.0;26.06;9.4;120.0
1965;2025-03-23 21:00:00;1.23;;9.8;13.6;72.0;66.0;39.89;708.9;0.0;43.0;6.1;0.0;25.78;9.6;95.0
1966;2025-03-23 22:00:00;1.35;3.7;25.2;29.0;44.0;60.0;42.1;709.4;0.0;49.0;6.4;0.0;25.07;7.9;40.0
1967;2025-03-23 23:00:00;1.44;3.7;27.7;31.6;19.0;65.0;31.23;710.0;0.0;55.0;6.3;0.0;24.13;5.6;21.0
1968;2025-03-24 00:00:00;1.51;3.8;30.9;34.9;11.0;56.0;30.97;710.2;0.0;59.0;6.0;0.0;23.14;2.6;86.0
1969;2025-03-24 01:00:00;1.37;3.9;21.4;25.5;17.0;53.0;31.98;710.3;0.0;64.0;5.7;0.0;22.52;3.8;46.0
1970;2025-03-24 02:00:00;1.38;3.8;21.3;25.4;11.0;53.0;32.41;710.0;0.0;72.0;5.6;0.0;21.33;2.0;80.0
1971;2025-03-24 03:00:00;1.39;4.5;22.7;27.4;8.0;49.0;31.42;709.7;0.0;74.0;5.6;0.0;20.52;1.8;239.0
1972;2025-03-24 04:00:00;1.32;4.0;20.1;24.4;16.0;46.0;32.2;709.5;0.0;66.0;5.7;0.0;20.79;4.6;197.0
1973;2025-03-24 05:00:00;1.32;4.0;21.1;25.4;13.0;49.0;32.08;709.7;0.0;67.0;5.8;0.0;20.54;1.9;227.0
1974;2025-03-24 06:00:00;1.4;7.6;27.1;34.8;6.0;48.0;33.01;710.4;0.0;70.0;5.7;0.0;20.58;2.9;295.0
1975;2025-03-24 07:00:00;1.69;33.7;27.8;61.7;3.0;54.0;35.02;711.3;0.0;79.0;5.6;0.002;20.47;3.0;78.0
1976;2025-03-24 08:00:00;1.66;26.3;24.9;51.4;6.0;85.0;35.79;712.1;0.0;81.0;5.5;0.061;20.64;3.1;31.0
1977;2025-03-24 09:00:00;1.66;20.8;26.5;47.4;12.0;70.0;35.52;712.3;0.0;69.0;6.9;0.227;23.38;2.9;85.0
1978;2025-03-24 10:00:00;1.5;12.3;21.0;33.6;27.0;63.0;31.11;712.3;0.0;57.0;8.6;0.389;26.05;4.4;10.0
1979;2025-03-24 11:00:00;1.36;7.4;15.6;23.3;37.0;54.0;28.38;712.6;0.0;56.0;7.7;0.26;25.32;10.6;14.0
1980;2025-03-24 12:00:00;1.23;5.7;11.3;17.2;41.0;59.0;25.59;712.6;0.0;52.0;6.7;0.409;26.14;9.4;50.0
1981;2025-03-24 13:00:00;1.27;5.5;12.6;18.4;49.0;51.0;27.36;712.1;0.0;52.0;6.7;0.54;26.75;12.8;65.0
1982;2025-03-24 14:00:00;1.26;4.3;9.9;14.4;50.0;53.0;25.45;711.6;0.0;51.0;5.9;0.322;26.53;15.2;69.0
1983;2025-03-24 15:00:00;1.28;4.0;10.7;14.9;45.0;52.0;24.49;711.3;0.0;50.0;5.6;0.174;26.41;12.2;91.0
1984;2025-03-24 16:00:00;1.24;4.0;10.3;14.6;45.0;51.0;27.35;711.0;0.0;48.0;5.6;0.237;26.82;11.7;108.0
1985;2025-03-24 17:00:00;1.22;4.3;9.8;14.4;44.0;46.0;28.2;710.7;0.0;46.0;6.5;0.23;26.85;12.7;126.0
1986;2025-03-24 18:00:00;1.23;3.8;9.7;13.8;40.0;46.0;28.12;710.8;0.0;46.0;6.5;0.099;26.57;10.9;128.0
1987;2025-03-24 19:00:00;1.24;3.4;9.8;13.4;38.0;44.0;26.6;711.1;0.0;48.0;6.3;0.023;25.78;9.6;129.0
1988;2025-03-24 20:00:00;1.23;3.1;11.0;14.3;36.0;43.0;24.93;711.5;0.0;49.0;5.6;0.0;25.3;10.3;111.0
1989;2025-03-24 21:00:00;1.19;2.8;11.0;14.1;35.0;42.0;23.63;712.0;0.0;49.0;5.2;0.0;25.04;7.9;111.0
1990;2025-03-24 22:00:00;1.23;2.8;15.6;18.7;30.0;40.0;24.74;712.5;0.0;51.0;4.9;0.0;24.62;6.9;107.0
1991;2025-03-24 23:00:00;1.23;2.9;11.8;14.9;35.0;39.0;25.35;712.5;0.0;54.0;5.4;0.0;24.39;8.4;119.0
1992;2025-03-25 00:00:00;1.19;2.7;9.2;12.2;36.0;36.0;23.91;712.4;0.0;55.0;5.1;0.0;24.11;6.7;98.0
1993;2025-03-25 01:00:00;1.18;2.7;7.8;10.7;33.0;36.0;23.12;712.4;0.0;58.0;5.0;0.0;23.37;9.2;73.0
1994;2025-03-25 02:00:00;1.19;2.8;8.5;11.5;29.0;36.0;23.27;712.4;0.0;61.0;4.8;0.0;22.45;5.6;56.0
1995;2025-03-25 03:00:00;1.17;2.8;6.1;9.2;29.0;;24.0;712.3;0.0;63.0;4.6;0.0;22.26;6.8;71.0
1996;2025-03-25 04:00:00;1.18;2.8;7.0;10.1;23.0;33.0;22.12;712.4;0.0;71.0;4.6;0.0;20.75;9.5;53.0
1997;2025-03-25 05:00:00;1.17;5.7;15.0;21.0;13.0;34.0;20.18;712.8;0.0;73.0;4.9;0.0;19.7;7.7;31.0
1998;2025-03-25 06:00:00;1.18;6.2;19.3;25.7;9.0;31.0;19.88;713.4;0.0;74.0;6.4;0.0;18.98;8.4;38.0
1999;2025-03-25 07:00:00;1.23;12.8;22.0;35.0;6.0;40.0;23.26;713.8;0.0;77.0;6.7;0.001;18.66;5.3;22.0
2000;2025-03-25 08:00:00;1.39;18.6;21.3;40.2;7.0;46.0;22.45;714.1;0.0;76.0;6.7;0.054;19.21;5.4;18.0
2001;2025-03-25 09:00:00;1.5;23.8;21.6;45.7;9.0;48.0;28.34;714.4;0.0;74.0;6.7;0.162;20.21;6.3;36.0
2002;2025-03-25 10:00:00;1.45;18.1;20.0;38.3;15.0;54.0;28.44;714.4;0.0;68.0;7.1;0.308;21.79;6.4;43.0
2003;2025-03-25 11:00:00;1.41;17.4;21.3;38.9;20.0;52.0;27.28;714.3;0.0;63.0;7.0;0.289;23.4;9.1;43.0
2004;2025-03-25 12:00:00;1.26;5.8;8.8;14.8;34.0;53.0;20.54;713.8;0.0;55.0;6.7;0.52;24.92;11.8;46.0
2005;2025-03-25 13:00:00;1.21;4.5;7.2;12.0;39.0;46.0;19.14;713.1;0.0;47.0;5.6;0.588;26.4;10.1;90.0
2006;2025-03-25 14:00:00;1.2;3.8;5.9;10.0;44.0;40.0;18.8;712.3;0.0;41.0;5.2;0.732;28.15;10.3;93.0
2007;2025-03-25 15:00:00;1.21;3.6;6.1;10.0;46.0;36.0;19.63;711.6;0.0;39.0;5.1;0.667;29.02;11.7;89.0
2008;2025-03-25 16:00:00;1.17;3.4;5.6;9.3;44.0;36.0;18.65;711.3;0.0;36.0;4.8;0.541;29.35;12.3;100.0
2009;2025-03-25 17:00:00;1.17;3.3;6.1;9.7;43.0;39.0;17.52;711.2;0.0;35.0;4.7;0.296;29.36;12.1;113.0
2010;2025-03-25 18:00:00;1.19;3.3;7.7;11.3;40.0;35.0;17.46;711.3;0.0;35.0;4.5;0.13;29.03;13.0;113.0
2011;2025-03-25 19:00:00;1.2;3.1;10.4;13.8;35.0;38.0;16.97;711.5;0.0;35.0;4.6;0.025;28.34;12.1;96.0
2012;2025-03-25 20:00:00;1.18;3.3;13.4;16.9;30.0;36.0;14.41;711.9;0.0;31.0;4.7;0.0;27.9;12.9;74.0
2013;2025-03-25 21:00:00;1.14;3.2;12.3;15.6;30.0;37.0;12.91;712.5;0.0;30.0;4.6;0.0;27.43;12.6;79.0
2014;2025-03-25 22:00:00;1.15;2.9;9.6;12.7;29.0;32.0;17.48;713.0;0.0;40.0;5.6;0.0;26.28;15.4;73.0
2015;2025-03-25 23:00:00;1.2;2.7;7.1;10.0;28.0;51.0;21.48;713.3;0.0;52.0;4.8;0.0;25.13;10.5;105.0
2016;2025-03-26 00:00:00;1.19;2.4;5.5;8.2;28.0;40.0;21.83;713.2;0.0;56.0;4.7;0.0;24.76;11.4;87.0
2017;2025-03-26 01:00:00;1.22;2.4;5.2;7.9;23.0;36.0;22.29;713.2;0.0;67.0;4.5;0.0;23.11;15.3;63.0
2018;2025-03-26 02:00:00;1.23;2.4;4.5;7.1;20.0;36.0;22.29;713.0;0.0;74.0;4.7;0.0;22.3;12.2;59.0
2019;2025-03-26 03:00:00;1.22;2.4;3.9;6.5;18.0;34.0;21.47;712.8;0.0;78.0;4.6;0.0;21.77;11.2;63.0
2020;2025-03-26 04:00:00;1.22;2.4;3.7;6.3;19.0;37.0;19.44;712.7;0.0;81.0;4.7;0.0;21.11;13.7;61.0
2021;2025-03-26 05:00:00;1.22;2.4;4.2;6.7;18.0;32.0;18.66;712.6;0.0;81.0;4.9;0.0;20.95;10.6;57.0
2022;2025-03-26 06:00:00;1.24;2.6;6.4;9.2;16.0;30.0;16.29;712.8;0.0;82.0;4.9;0.0;20.79;8.7;51.0
2023;2025-03-26 07:00:00;1.3;4.1;10.8;15.1;12.0;26.0;15.19;713.4;0.0;82.0;4.8;0.0;20.9;5.1;50.0
2024;2025-03-26 08:00:00;1.46;5.9;15.5;21.6;8.0;37.0;15.3;713.9;0.0;85.0;4.7;0.015;20.63;3.1;60.0
2025;2025-03-26 09:00:00;1.65;11.6;17.3;29.3;6.0;26.0;15.69;714.3;0.0;86.0;4.6;0.037;20.67;3.2;36.0
2026;2025-03-26 10:00:00;1.55;10.4;13.6;24.3;11.0;27.0;13.14;714.3;0.0;86.0;4.5;0.179;21.04;7.9;54.0
2027;2025-03-26 11:00:00;1.68;25.6;22.4;48.2;10.0;23.0;;714.2;0.0;81.0;4.6;0.258;21.77;7.7;360.0
2028;2025-03-26 12:00:00;1.59;19.7;25.2;45.0;12.0;44.0;29.14;713.6;0.0;74.0;4.7;0.223;23.19;5.9;3.0
2029;2025-03-26 13:00:00;1.61;13.5;25.9;39.6;18.0;52.0;29.91;712.8;0.0;73.0;4.7;0.282;23.62;9.2;10.0
2030;2025-03-26 14:00:00;1.53;6.3;18.3;24.9;33.0;58.0;29.08;712.1;0.0;69.0;4.6;0.184;23.88;9.6;3.0
2031;2025-03-26 15:00:00;1.49;4.8;17.3;22.3;47.0;49.0;29.18;711.4;0.0;63.0;4.6;0.22;24.85;7.0;359.0
2032;2025-03-26 16:00:00;1.46;6.3;19.4;25.9;40.0;51.0;27.7;710.8;0.0;59.0;4.6;0.377;26.09;7.2;104.0
2033;2025-03-26 17:00:00;1.37;6.0;11.6;17.9;27.0;46.0;21.32;710.5;0.0;59.0;4.8;0.242;25.86;10.4;56.0
2034;2025-03-26 18:00:00;1.37;4.7;11.5;16.4;22.0;38.0;18.2;710.3;0.0;61.0;4.9;0.087;25.21;10.4;88.0
2035;2025-03-26 19:00:00;1.38;3.6;11.0;14.8;20.0;34.0;18.42;710.4;0.0;63.0;5.0;0.02;24.59;8.8;106.0
2036;2025-03-26 20:00:00;;;;;;;;;;;;;;;
2037;2025-03-26 21:00:00;;;;;;;;;;;;;;;
2038;2025-03-26 22:00:00;1.38;3.1;13.6;16.9;16.0;34.0;15.65;711.5;0.0;76.0;4.6;0.0;22.24;9.1;63.0
2039;2025-03-26 23:00:00;;;;;;;;;;;;;;;
2040;2025-03-27 00:00:00;1.34;12.3;27.5;40.1;6.0;31.0;21.86;711.8;0.0;80.0;4.6;0.0;20.44;8.2;19.0
2041;2025-03-27 01:00:00;1.3;3.4;19.7;23.3;14.0;44.0;20.92;711.7;0.0;80.0;5.0;0.0;20.09;8.3;39.0
2042;2025-03-27 02:00:00;1.24;2.8;9.6;12.7;18.0;37.0;24.04;711.5;0.0;84.0;5.1;0.0;19.62;4.5;96.0
2043;2025-03-27 03:00:00;1.23;2.8;7.2;10.3;16.0;38.0;17.89;711.1;0.0;86.0;4.9;0.0;19.67;2.3;30.0
2044;2025-03-27 04:00:00;1.23;2.6;5.7;8.6;16.0;28.0;13.66;710.7;0.0;86.0;4.9;0.0;19.76;4.8;43.0
2045;2025-03-27 05:00:00;1.26;2.7;7.3;10.1;13.0;22.0;12.23;710.5;0.0;86.0;4.8;0.0;19.85;3.6;46.0
2046;2025-03-27 06:00:00;1.26;2.9;9.0;12.1;12.0;20.0;5.24;710.7;0.0;87.0;4.6;0.0;19.5;5.8;56.0
2047;2025-03-27 07:00:00;1.32;5.3;13.4;18.9;8.0;16.0;5.94;711.1;0.0;89.0;4.5;0.0;19.38;7.1;59.0
2048;2025-03-27 08:00:00;1.44;8.4;14.4;23.0;7.0;15.0;8.23;711.4;0.0;89.0;4.4;0.02;19.28;8.8;64.0
2049;2025-03-27 09:00:00;1.49;9.7;13.4;23.3;10.0;15.0;;711.5;0.0;89.0;4.3;0.091;19.39;10.6;61.0
2050;2025-03-27 10:00:00;1.47;8.0;14.5;22.8;11.0;21.0;17.92;711.7;0.0;88.0;4.4;0.062;19.38;10.8;56.0
2051;2025-03-27 11:00:00;1.49;12.2;17.9;30.4;8.0;25.0;18.74;711.6;0.0;88.0;4.5;0.055;19.21;9.2;23.0
2052;2025-03-27 12:00:00;1.45;10.4;16.0;26.7;10.0;24.0;15.96;711.4;0.0;88.0;4.4;0.054;18.89;9.1;358.0
2053;2025-03-27 13:00:00;1.45;8.1;14.0;22.3;12.0;23.0;13.73;710.8;0.0;87.0;4.3;0.063;18.94;9.5;358.0
2054;2025-03-27 14:00:00;1.47;6.9;13.7;20.8;14.0;25.0;11.38;710.4;0.0;86.0;4.1;0.052;19.05;11.7;10.0
2055;2025-03-27 15:00:00;1.44;8.4;16.0;24.7;11.0;22.0;9.24;710.1;0.0;86.0;4.1;0.041;19.07;9.0;21.0
2056;2025-03-27 16:00:00;1.41;6.3;15.3;21.8;13.0;22.0;8.55;709.7;0.0;86.0;4.2;0.032;18.98;8.6;8.0
2057;2025-03-27 17:00:00;1.44;6.8;18.0;25.0;13.0;18.0;6.77;709.1;0.0;85.0;4.1;0.023;18.99;6.4;37.0
2058;2025-03-27 18:00:00;1.44;4.8;17.4;22.4;23.0;17.0;6.53;709.1;0.0;83.0;4.1;0.012;18.1;11.5;7.0
2059;2025-03-27 19:00:00;1.37;3.8;16.3;20.3;23.0;18.0;7.15;709.7;0.0;86.0;4.1;0.002;17.35;5.0;324.0
2060;2025-03-27 20:00:00;1.44;3.4;18.4;22.1;20.0;18.0;7.42;710.3;0.0;88.0;4.0;0.0;17.22;4.9;115.0
2061;2025-03-27 21:00:00;1.47;3.3;21.6;25.2;16.0;17.0;8.61;711.2;0.0;90.0;4.0;0.0;17.09;2.7;148.0
2062;2025-03-27 22:00:00;1.34;3.1;15.1;18.4;22.0;18.0;6.28;711.1;0.0;92.0;4.0;0.0;16.78;4.9;183.0
2063;2025-03-27 23:00:00;1.37;3.3;20.0;23.5;14.0;15.0;7.99;710.7;0.0;92.0;3.9;0.0;16.69;3.6;145.0
2064;2025-03-28 00:00:00;1.41;3.7;23.0;26.9;12.0;20.0;9.74;710.3;0.0;92.0;4.0;0.0;16.48;5.1;46.0
2065;2025-03-28 01:00:00;1.33;3.1;21.7;25.1;18.0;20.0;11.13;710.3;0.0;91.0;4.0;0.0;15.78;6.7;328.0
2066;2025-03-28 02:00:00;1.41;3.8;16.8;20.8;14.0;21.0;9.44;710.0;0.0;91.0;4.1;0.0;15.53;2.1;246.0
2067;2025-03-28 03:00:00;1.69;11.3;31.6;43.2;6.0;19.0;17.16;710.3;0.0;90.0;4.1;0.0;15.86;3.4;67.0
2068;2025-03-28 04:00:00;1.32;3.4;22.3;25.8;15.0;30.0;15.61;710.5;0.0;88.0;4.1;0.0;16.06;4.7;59.0
2069;2025-03-28 05:00:00;1.29;4.7;25.2;30.1;9.0;31.0;17.91;710.4;0.0;87.0;4.1;0.0;16.13;4.7;132.0
2070;2025-03-28 06:00:00;1.26;3.5;14.2;17.9;18.0;27.0;19.22;710.2;0.0;87.0;4.0;0.0;16.19;3.4;93.0
2071;2025-03-28 07:00:00;1.32;9.8;22.5;32.5;8.0;25.0;22.02;710.4;0.0;86.0;4.1;0.004;16.38;1.8;220.0
2072;2025-03-28 08:00:00;1.54;22.3;26.8;49.3;7.0;33.0;29.81;710.4;0.0;82.0;4.3;0.087;17.81;3.6;242.0
2073;2025-03-28 09:00:00;1.5;16.9;22.1;39.2;16.0;45.0;21.5;710.5;0.0;72.0;4.5;0.234;19.63;3.5;354.0
2074;2025-03-28 10:00:00;1.48;17.1;20.9;38.3;21.0;37.0;30.37;710.3;0.0;63.0;4.5;0.454;21.47;6.3;5.0
2075;2025-03-28 11:00:00;1.68;29.7;34.6;64.5;20.0;44.0;37.7;710.6;0.0;62.0;4.7;0.375;21.87;9.2;51.0
2076;2025-03-28 12:00:00;1.51;16.8;27.4;44.4;31.0;64.0;32.47;710.3;0.0;56.0;5.4;0.707;23.38;7.0;73.0
2077;2025-03-28 13:00:00;1.51;12.6;29.0;41.8;42.0;47.0;32.66;709.6;0.0;50.0;5.6;0.75;25.0;6.4;76.0
2078;2025-03-28 14:00:00;1.57;9.2;31.6;41.0;61.0;55.0;34.01;708.6;0.0;45.0;6.0;0.733;26.77;6.0;65.0
2079;2025-03-28 15:00:00;1.57;6.5;28.7;35.3;82.0;60.0;30.81;707.9;0.0;42.0;6.2;0.672;27.71;10.0;87.0
2080;2025-03-28 16:00:00;1.48;4.3;19.7;24.3;96.0;56.0;26.09;707.7;0.0;42.0;5.4;0.549;27.84;12.3;103.0
2081;2025-03-28 17:00:00;1.41;4.1;16.4;20.8;87.0;56.0;20.68;707.5;0.0;40.0;5.1;0.366;28.44;10.3;93.0
2082;2025-03-28 18:00:00;1.47;3.5;15.9;19.5;88.0;41.0;23.21;707.5;0.0;46.0;4.8;0.13;27.62;12.0;121.0
2083;2025-03-28 19:00:00;1.46;3.1;14.3;17.6;82.0;45.0;23.7;707.8;0.0;49.0;4.7;0.022;26.05;11.7;127.0
2084;2025-03-28 20:00:00;1.4;3.0;13.5;16.7;65.0;42.0;19.95;708.3;0.0;52.0;4.5;0.0;25.07;11.3;114.0
2085;2025-03-28 21:00:00;1.36;2.8;12.8;15.8;57.0;37.0;17.62;708.7;0.0;53.0;4.4;0.0;24.43;9.0;99.0
2086;2025-03-28 22:00:00;1.35;2.8;12.6;15.6;54.0;31.0;16.59;709.0;0.0;54.0;4.4;0.0;24.1;8.3;86.0
2087;2025-03-28 23:00:00;1.42;2.9;17.3;20.3;44.0;32.0;18.03;708.9;0.0;56.0;4.4;0.0;23.43;4.9;88.0
2088;2025-03-29 00:00:00;1.68;3.4;33.9;37.4;14.0;30.0;22.06;708.7;0.0;62.0;4.3;0.0;21.63;1.8;223.0
2089;2025-03-29 01:00:00;1.69;3.7;34.3;38.2;11.0;44.0;24.29;708.5;0.0;66.0;4.3;0.0;20.88;2.0;239.0
2090;2025-03-29 02:00:00;1.76;8.2;40.5;48.8;4.0;46.0;24.39;708.2;0.0;68.0;4.4;0.0;20.42;1.8;223.0
2091;2025-03-29 03:00:00;1.64;5.2;35.3;40.6;8.0;47.0;23.61;707.9;0.0;68.0;4.4;0.0;20.06;2.2;228.0
2092;2025-03-29 04:00:00;1.51;3.4;27.9;31.4;15.0;42.0;25.59;707.5;0.0;67.0;4.3;0.0;19.73;3.4;225.0
2093;2025-03-29 05:00:00;1.51;6.8;29.9;36.9;11.0;49.0;28.32;707.3;0.0;69.0;4.7;0.0;19.27;2.3;244.0
2094;2025-03-29 06:00:00;1.49;5.8;30.3;36.3;8.0;56.0;28.24;707.4;0.0;68.0;4.5;0.0;18.58;1.8;237.0
2095;2025-03-29 07:00:00;1.54;16.8;34.1;51.1;6.0;52.0;25.85;707.7;0.0;68.0;4.6;0.006;18.57;2.4;275.0
2096;2025-03-29 08:00:00;1.85;46.4;34.5;81.1;7.0;58.0;32.08;708.1;0.0;67.0;4.9;0.101;20.44;2.7;261.0
2097;2025-03-29 09:00:00;1.8;32.1;40.7;72.9;17.0;84.0;32.15;708.3;0.0;51.0;5.2;0.297;23.15;5.1;5.0
2098;2025-03-29 10:00:00;1.63;17.6;35.6;53.3;33.0;91.0;30.85;708.3;0.0;36.0;5.4;0.489;27.06;4.0;44.0
2099;2025-03-29 11:00:00;1.46;10.2;27.8;38.2;54.0;66.0;20.02;708.1;0.0;29.0;5.5;0.149;28.78;6.1;20.0
2100;2025-03-29 12:00:00;1.81;12.2;49.0;61.3;65.0;49.0;46.33;707.8;0.0;31.0;6.8;0.738;30.26;6.8;50.0
2101;2025-03-29 13:00:00;1.64;8.3;38.7;47.1;87.0;101.0;51.83;707.2;0.0;27.0;8.5;0.767;31.47;7.9;42.0
2102;2025-03-29 14:00:00;1.41;4.9;20.8;26.0;114.0;84.0;25.66;706.5;0.0;21.0;6.4;0.756;32.88;10.1;65.0
2103;2025-03-29 15:00:00;1.26;4.8;13.1;18.0;98.0;61.0;17.42;705.8;0.0;16.0;4.9;0.707;33.71;13.6;63.0
2104;2025-03-29 16:00:00;1.2;4.2;11.2;15.7;97.0;47.0;15.91;705.2;0.0;18.0;8.8;0.576;34.16;13.7;68.0
2105;2025-03-29 17:00:00;1.2;4.0;9.5;13.7;98.0;42.0;16.28;705.0;0.0;17.0;8.5;0.395;34.38;11.9;111.0
2106;2025-03-29 18:00:00;1.16;3.7;8.7;12.7;85.0;35.0;13.12;704.9;0.0;17.0;5.6;0.135;33.91;12.9;106.0
2107;2025-03-29 19:00:00;1.22;3.3;11.9;15.5;72.0;34.0;14.75;704.9;0.0;20.0;5.0;0.022;32.73;9.3;126.0
2108;2025-03-29 20:00:00;1.26;3.2;14.3;17.7;58.0;30.0;15.76;705.1;0.0;23.0;4.7;0.0;31.47;8.3;109.0
2109;2025-03-29 21:00:00;1.33;3.2;15.8;19.3;46.0;30.0;18.25;705.6;0.0;28.0;4.6;0.0;30.3;8.2;100.0
2110;2025-03-29 22:00:00;1.3;3.0;8.8;12.1;44.0;31.0;23.23;706.0;0.0;40.0;4.7;0.0;28.97;9.6;93.0
2111;2025-03-29 23:00:00;1.41;3.4;17.9;21.6;27.0;38.0;26.99;706.1;0.0;50.0;4.5;0.0;27.58;8.8;33.0
2112;2025-03-30 00:00:00;1.55;8.2;32.1;40.5;6.0;47.0;35.7;706.0;0.0;62.0;4.5;0.0;25.86;6.7;356.0
2113;2025-03-30 01:00:00;1.49;8.7;30.9;39.8;5.0;69.0;34.47;706.0;0.0;67.0;4.7;0.0;24.59;5.7;33.0
2114;2025-03-30 02:00:00;1.52;3.8;22.9;26.8;11.0;60.0;34.76;705.7;0.0;70.0;5.0;0.0;23.57;4.2;39.0
2115;2025-03-30 03:00:00;1.54;3.9;25.1;29.1;7.0;54.0;36.45;705.4;0.0;74.0;5.1;0.0;22.63;1.8;7.0
2116;2025-03-30 04:00:00;1.5;3.9;23.8;28.0;6.0;67.0;35.89;705.4;0.0;77.0;4.9;0.0;21.84;1.8;291.0
2117;2025-03-30 05:00:00;1.47;3.4;21.3;25.0;7.0;60.0;39.06;705.6;0.0;79.0;4.8;0.0;21.53;3.9;290.0
2118;2025-03-30 06:00:00;1.45;3.5;17.0;20.6;9.0;53.0;45.83;705.9;0.0;80.0;4.6;0.0;21.06;2.0;200.0
2119;2025-03-30 07:00:00;1.49;5.2;19.0;24.5;6.0;57.0;48.08;706.3;0.0;79.0;4.6;0.007;20.57;2.3;262.0
2120;2025-03-30 08:00:00;1.25;5.8;19.4;25.4;28.0;57.0;27.33;706.8;0.0;27.0;5.2;0.111;26.37;9.5;290.0
2121;2025-03-30 09:00:00;1.1;5.8;11.3;17.2;40.0;54.0;18.81;707.3;0.0;14.0;4.4;0.316;28.68;11.2;302.0
2122;2025-03-30 10:00:00;1.0;4.6;6.6;11.4;51.0;47.0;28.41;707.5;0.0;6.0;4.2;0.515;32.0;13.5;309.0
2123;2025-03-30 11:00:00;0.94;3.9;5.0;9.1;56.0;39.0;;707.4;0.0;3.0;4.4;0.134;33.81;14.5;322.0
2124;2025-03-30 12:00:00;0.94;3.5;4.8;8.6;57.0;34.0;;707.2;0.0;2.0;4.2;0.797;35.0;13.1;302.0
2125;2025-03-30 13:00:00;0.91;3.4;4.2;7.9;57.0;23.0;;706.7;0.0;1.0;4.2;0.83;35.47;16.7;311.0
2126;2025-03-30 14:00:00;0.92;3.3;4.1;7.7;56.0;25.0;;706.1;0.0;1.0;4.2;0.813;36.16;14.8;328.0
2127;2025-03-30 15:00:00;0.91;3.3;4.3;7.9;57.0;16.0;;705.4;0.0;1.0;4.1;0.761;36.88;13.6;331.0
2128;2025-03-30 16:00:00;0.91;3.2;4.0;7.4;55.0;15.0;;705.0;0.0;1.0;4.0;0.63;37.39;12.1;334.0
2129;2025-03-30 17:00:00;0.93;3.2;4.7;8.1;53.0;15.0;;704.8;0.0;2.0;4.1;0.446;37.55;12.5;345.0
2130;2025-03-30 18:00:00;1.14;;8.0;11.4;54.0;16.0;;705.0;0.0;19.0;5.8;0.143;35.01;16.9;50.0
2131;2025-03-30 19:00:00;1.22;3.1;8.4;11.8;49.0;41.0;;705.7;0.0;27.0;7.0;0.02;32.43;14.1;82.0
2132;2025-03-30 20:00:00;1.25;3.0;8.6;11.9;45.0;30.0;;706.4;0.0;31.0;7.7;0.0;30.71;11.1;111.0
2133;2025-03-30 21:00:00;1.25;2.9;7.4;10.4;45.0;32.0;;706.9;0.0;34.0;5.5;0.0;29.62;11.1;115.0
2134;2025-03-30 22:00:00;1.24;2.7;6.5;9.4;46.0;31.0;;707.4;0.0;35.0;4.9;0.0;28.78;10.5;110.0
2135;2025-03-30 23:00:00;1.26;2.6;8.0;10.8;43.0;28.0;;707.8;0.0;37.0;4.6;0.0;28.03;8.2;105.0
2136;2025-03-31 00:00:00;1.24;2.6;5.3;8.1;46.0;28.0;;707.7;0.0;42.0;4.6;0.0;27.14;9.4;118.0
2137;2025-03-31 01:00:00;1.22;2.4;4.3;7.0;47.0;29.0;;707.7;0.0;42.0;4.6;0.0;26.74;9.1;110.0
2138;2025-03-31 02:00:00;1.21;2.4;4.6;7.2;46.0;27.0;;707.4;0.0;43.0;4.5;0.0;26.24;6.6;102.0
2139;2025-03-31 03:00:00;1.26;;7.4;10.0;37.0;24.0;;707.4;0.0;47.0;4.5;0.0;25.34;3.9;354.0
2140;2025-03-31 04:00:00;1.33;2.5;18.5;21.2;23.0;29.0;;707.7;0.0;52.0;4.5;0.0;24.51;3.5;268.0
2141;2025-03-31 05:00:00;1.31;2.6;15.4;18.1;22.0;36.0;;707.9;0.0;51.0;5.4;0.0;23.83;6.7;213.0
2142;2025-03-31 06:00:00;1.28;2.9;15.2;18.4;23.0;50.0;;707.9;0.0;51.0;7.0;0.0;23.49;6.7;216.0
2143;2025-03-31 07:00:00;1.37;5.9;22.7;28.8;16.0;48.0;;708.3;0.0;47.0;7.2;0.008;23.2;6.0;215.0
2144;2025-03-31 08:00:00;1.54;14.5;32.2;46.8;13.0;42.0;;708.9;0.0;41.0;8.6;0.105;24.61;8.5;219.0
2145;2025-03-31 09:00:00;1.62;15.7;32.7;48.6;23.0;89.0;;709.5;0.0;37.0;9.0;0.291;27.35;5.0;185.0
2146;2025-03-31 10:00:00;1.7;12.4;30.0;42.6;37.0;79.0;;709.6;0.0;38.0;7.5;0.48;28.99;5.0;23.0
2147;2025-03-31 11:00:00;1.6;9.3;26.9;36.5;51.0;74.0;37.35;709.7;0.0;35.0;7.2;0.161;30.17;5.9;26.0
2148;2025-03-31 12:00:00;1.7;9.6;32.2;42.1;56.0;66.0;38.14;709.5;0.0;32.0;9.2;0.725;31.12;7.8;52.0
2149;2025-03-31 13:00:00;1.4;5.5;20.5;26.3;81.0;73.0;27.11;709.0;0.0;28.0;8.2;0.768;32.33;8.4;82.0
2150;2025-03-31 14:00:00;1.33;4.5;17.1;21.9;90.0;50.0;26.35;708.4;0.0;26.0;7.5;0.747;33.17;8.4;57.0
2151;2025-03-31 15:00:00;1.81;3.6;10.8;14.6;95.0;49.0;24.61;707.7;0.0;25.0;6.4;0.689;33.85;10.2;82.0
2152;2025-03-31 16:00:00;1.49;3.4;9.4;13.0;88.0;44.0;29.05;707.1;0.0;27.0;8.5;0.563;34.15;13.1;70.0
2153;2025-03-31 17:00:00;1.36;3.5;9.3;13.0;60.0;55.0;28.76;707.1;0.0;32.0;10.4;0.251;32.76;17.5;82.0
2154;2025-03-31 18:00:00;1.32;3.8;10.7;14.7;52.0;48.0;23.39;707.4;0.0;30.0;12.8;0.152;32.15;17.6;79.0
2155;2025-03-31 19:00:00;1.32;3.5;11.0;14.8;46.0;46.0;23.24;707.8;0.0;35.0;14.1;0.034;30.6;17.3;77.0
2156;2025-03-31 20:00:00;1.36;3.4;10.8;14.5;42.0;43.0;25.45;708.2;0.0;42.0;7.8;0.0;29.04;12.5;87.0
2157;2025-03-31 21:00:00;1.34;3.1;10.0;13.4;41.0;41.0;25.6;708.6;0.0;45.0;5.8;0.0;28.07;10.7;90.0
2158;2025-03-31 22:00:00;1.35;2.9;8.7;11.9;41.0;41.0;28.86;709.1;0.0;51.0;5.0;0.0;27.03;10.8;79.0
2159;2025-03-31 23:00:00;1.36;2.8;7.3;10.3;42.0;40.0;32.83;709.2;0.0;55.0;4.7;0.0;26.4;9.6;88.0
2160;2025-04-01 00:00:00;1.33;3.2;8.9;12.1;42.0;43.0;36.0;709.0;0.0;59.0;4.6;0.0;25.58;9.1;84.0
2161;2025-04-01 01:00:00;1.35;2.5;5.8;8.6;41.0;47.0;36.41;708.6;0.0;67.0;4.5;0.0;24.2;10.1;70.0
2162;2025-04-01 02:00:00;1.34;2.4;4.6;7.2;44.0;47.0;38.19;708.1;0.0;67.0;4.4;0.0;24.1;9.3;110.0
2163;2025-04-01 03:00:00;1.34;2.4;4.2;6.8;31.0;46.0;41.03;707.8;0.0;74.0;4.3;0.0;23.19;10.3;62.0
2164;2025-04-01 04:00:00;1.33;2.3;3.9;6.4;27.0;52.0;42.95;707.7;0.0;79.0;4.3;0.0;22.21;10.3;72.0
2165;2025-04-01 05:00:00;1.32;2.5;5.6;8.4;27.0;49.0;46.73;707.5;0.0;78.0;4.3;0.0;21.89;4.1;46.0
2166;2025-04-01 06:00:00;1.35;4.1;24.5;28.8;9.0;57.0;49.44;707.3;0.0;79.0;4.7;0.0;21.32;1.8;274.0
2167;2025-04-01 07:00:00;1.43;7.7;26.3;34.1;6.0;57.0;50.74;707.4;0.0;80.0;4.9;0.006;21.3;1.8;250.0
2168;2025-04-01 08:00:00;1.6;10.2;20.1;30.5;13.0;55.0;47.13;707.3;0.0;75.0;5.0;0.097;22.68;3.6;69.0
2169;2025-04-01 09:00:00;1.67;13.0;22.3;35.5;17.0;63.0;52.62;707.5;0.0;68.0;5.0;0.296;24.74;4.4;60.0
2170;2025-04-01 10:00:00;1.74;21.4;30.8;52.4;19.0;65.0;61.08;707.4;0.0;63.0;5.4;0.427;25.8;6.0;39.0
2171;2025-04-01 11:00:00;1.66;14.2;26.8;41.2;29.0;77.0;58.09;707.3;0.0;61.0;5.6;0.281;26.41;8.1;41.0
2172;2025-04-01 12:00:00;1.55;8.0;20.2;28.5;44.0;78.0;51.92;706.7;0.0;59.0;6.0;0.706;26.96;9.7;59.0
2173;2025-04-01 13:00:00;1.52;4.3;12.4;17.0;58.0;64.0;47.7;705.9;0.0;55.0;5.7;0.738;28.13;10.6;47.0
2174;2025-04-01 14:00:00;1.49;4.4;11.5;16.1;54.0;56.0;47.53;704.8;0.0;52.0;5.2;0.702;29.38;11.6;40.0
2175;2025-04-01 15:00:00;1.47;4.1;10.7;15.1;54.0;54.0;45.46;703.9;0.0;47.0;5.2;0.647;31.0;11.0;34.0
2176;2025-04-01 16:00:00;1.41;3.4;8.1;11.7;54.0;52.0;41.41;703.0;0.0;40.0;5.1;0.547;32.6;13.2;107.0
2177;2025-04-01 17:00:00;1.42;3.3;8.0;11.6;50.0;47.0;39.6;702.4;0.0;39.0;4.7;0.344;32.94;14.3;121.0
2178;2025-04-01 18:00:00;1.43;3.0;7.2;10.4;50.0;45.0;39.77;702.1;0.0;38.0;4.7;0.158;32.92;13.5;129.0
2179;2025-04-01 19:00:00;1.41;2.7;8.2;11.1;49.0;46.0;40.38;702.2;0.0;38.0;4.6;0.018;32.08;12.0;131.0
2180;2025-04-01 20:00:00;1.41;2.5;8.9;11.7;46.0;46.0;41.4;702.3;0.0;38.0;4.5;0.0;31.42;13.2;121.0
2181;2025-04-01 21:00:00;1.4;2.4;8.6;11.3;43.0;43.0;40.91;702.5;0.0;40.0;4.5;0.0;30.78;10.9;116.0
2182;2025-04-01 22:00:00;1.46;2.5;14.0;16.7;33.0;40.0;;702.9;0.0;45.0;4.4;0.0;29.72;9.3;79.0
2183;2025-04-01 23:00:00;1.49;2.7;14.2;17.1;21.0;55.0;46.34;702.7;0.0;58.0;4.5;0.0;27.58;7.2;47.0
2184;2025-04-02 00:00:00;1.45;6.4;26.1;32.7;9.0;57.0;51.26;702.5;0.0;62.0;4.5;0.0;26.69;6.2;3.0
2185;2025-04-02 01:00:00;1.49;5.5;21.4;27.1;11.0;57.0;50.97;702.5;0.0;67.0;4.7;0.0;25.64;5.9;313.0
2186;2025-04-02 02:00:00;1.47;2.6;20.3;23.1;11.0;62.0;51.82;702.3;0.0;71.0;4.8;0.0;24.95;5.7;333.0
2187;2025-04-02 03:00:00;1.55;2.5;17.9;20.6;12.0;62.0;53.74;702.1;0.0;75.0;4.8;0.0;24.05;3.3;14.0
2188;2025-04-02 04:00:00;1.47;3.6;22.5;26.4;7.0;75.0;52.31;701.9;0.0;77.0;4.7;0.0;23.5;2.8;16.0
2189;2025-04-02 05:00:00;1.54;3.1;23.5;26.8;5.0;64.0;53.49;701.9;0.0;80.0;4.7;0.0;22.62;1.9;338.0
2190;2025-04-02 06:00:00;1.58;5.1;22.1;27.4;5.0;56.0;53.35;701.9;0.0;80.0;4.6;0.0;22.13;3.7;238.0
2191;2025-04-02 07:00:00;1.63;10.0;25.1;35.3;6.0;62.0;49.11;702.2;0.0;68.0;4.7;0.01;22.75;5.4;219.0
2192;2025-04-02 08:00:00;1.62;12.1;28.6;41.0;15.0;58.0;41.14;702.6;0.0;45.0;5.1;0.121;25.48;6.7;219.0
2193;2025-04-02 09:00:00;1.66;13.7;32.9;46.8;26.0;61.0;37.35;702.9;0.0;31.0;5.7;0.323;28.87;7.0;210.0
2194;2025-04-02 10:00:00;1.86;21.1;43.3;64.5;30.0;59.0;32.24;702.9;0.0;19.0;5.4;0.513;32.79;8.0;94.0
2195;2025-04-02 11:00:00;1.79;12.1;38.4;50.6;51.0;60.0;41.5;703.1;0.0;24.0;5.8;0.153;33.08;11.7;72.0
2196;2025-04-02 12:00:00;1.41;5.1;21.6;26.9;82.0;76.0;33.32;702.9;0.0;15.0;5.3;0.773;34.89;12.1;91.0
2197;2025-04-02 13:00:00;1.33;4.0;14.9;19.0;99.0;59.0;30.62;702.5;0.0;14.0;5.3;0.791;36.61;13.4;75.0
2198;2025-04-02 14:00:00;1.23;3.6;10.4;14.2;97.0;57.0;25.41;701.9;0.0;10.0;5.3;0.775;38.02;11.8;102.0
2199;2025-04-02 15:00:00;1.17;3.7;10.4;14.3;93.0;43.0;22.3;701.4;0.0;6.0;5.3;0.68;38.92;11.9;115.0
2200;2025-04-02 16:00:00;1.18;3.6;11.9;15.6;100.0;35.0;25.69;700.9;0.0;5.0;10.4;0.551;39.43;11.2;118.0
2201;2025-04-02 17:00:00;1.15;3.6;11.7;15.5;88.0;39.0;24.12;700.6;0.0;5.0;8.9;0.368;39.07;12.4;130.0
2202;2025-04-02 18:00:00;1.2;3.3;11.5;15.0;83.0;35.0;22.29;700.7;0.0;7.0;6.9;0.123;38.42;9.5;140.0
2203;2025-04-02 19:00:00;1.27;3.1;16.0;19.3;63.0;37.0;21.26;701.0;0.0;10.0;6.0;0.021;36.81;10.3;123.0
2204;2025-04-02 20:00:00;1.3;3.0;17.3;20.5;46.0;32.0;22.05;701.5;0.0;14.0;8.3;0.0;35.51;11.6;109.0
2205;2025-04-02 21:00:00;1.37;2.8;11.8;14.8;39.0;40.0;25.7;702.2;0.0;32.0;5.8;0.0;33.25;10.9;96.0
2206;2025-04-02 22:00:00;1.44;3.3;16.7;20.1;30.0;48.0;30.74;702.7;0.0;42.0;5.5;0.0;31.11;8.7;56.0
2207;2025-04-02 23:00:00;1.43;4.3;25.0;29.4;21.0;49.0;36.22;703.0;0.0;43.0;6.7;0.0;29.64;8.2;40.0
2208;2025-04-03 00:00:00;1.47;2.9;22.1;25.1;19.0;52.0;37.49;703.2;0.0;50.0;6.1;0.0;28.32;4.6;1.0
2209;2025-04-03 01:00:00;1.5;3.5;33.4;37.1;6.0;54.0;41.74;703.1;0.0;55.0;5.8;0.0;27.03;2.5;235.0
2210;2025-04-03 02:00:00;1.59;3.0;28.0;31.2;8.0;57.0;39.67;703.0;0.0;57.0;5.8;0.0;26.69;3.4;292.0
2211;2025-04-03 03:00:00;1.53;3.8;21.4;25.4;13.0;53.0;41.4;703.0;0.0;64.0;5.3;0.0;25.89;4.7;72.0
2212;2025-04-03 04:00:00;1.53;3.0;23.3;26.5;9.0;63.0;40.17;702.9;0.0;64.0;5.1;0.0;24.88;3.7;230.0
2213;2025-04-03 05:00:00;1.51;4.1;27.1;31.4;6.0;50.0;38.01;703.1;0.0;59.0;5.2;0.0;24.61;2.9;208.0
2214;2025-04-03 06:00:00;1.49;13.8;32.7;46.7;4.0;49.0;37.46;703.4;0.0;52.0;5.2;0.0;24.44;3.6;218.0
2215;2025-04-03 07:00:00;1.61;26.3;34.7;61.2;5.0;51.0;37.51;703.9;0.0;44.0;6.1;0.014;24.37;4.2;212.0
2216;2025-04-03 08:00:00;1.71;40.8;37.7;78.8;7.0;67.0;30.3;704.4;0.0;28.0;7.2;0.096;26.43;4.3;206.0
2217;2025-04-03 09:00:00;1.71;31.2;38.8;70.3;16.0;69.0;26.06;705.0;0.0;19.0;6.6;0.307;29.99;3.9;187.0
2218;2025-04-03 10:00:00;1.53;15.1;33.5;48.8;32.0;60.0;22.25;705.1;0.0;15.0;6.4;0.508;32.91;5.2;172.0
2219;2025-04-03 11:00:00;1.68;15.1;42.2;57.6;45.0;55.0;32.04;705.1;0.0;17.0;7.4;0.169;34.27;8.0;62.0
2220;2025-04-03 12:00:00;1.4;8.0;29.0;37.2;66.0;66.0;40.82;704.8;0.0;10.0;7.3;0.798;35.55;9.4;86.0
2221;2025-04-03 13:00:00;1.13;4.7;13.0;17.9;76.0;55.0;12.66;704.3;0.0;3.0;5.3;0.801;37.12;12.0;71.0
2222;2025-04-03 14:00:00;1.16;4.0;12.9;17.2;99.0;43.0;11.78;703.7;0.0;4.0;5.3;0.769;37.72;13.6;82.0
2223;2025-04-03 15:00:00;1.15;3.9;12.4;16.5;106.0;44.0;28.09;703.1;0.0;4.0;5.4;0.676;38.13;14.0;75.0
2224;2025-04-03 16:00:00;1.16;3.8;12.4;16.4;106.0;46.0;31.26;702.4;0.0;5.0;8.7;0.579;38.48;15.0;70.0
2225;2025-04-03 17:00:00;1.23;4.3;13.1;17.6;67.0;54.0;;702.1;0.0;13.0;7.0;0.381;37.48;17.5;70.0
2226;2025-04-03 18:00:00;1.31;4.5;16.8;21.5;56.0;50.0;;702.1;0.0;15.0;5.9;0.145;36.75;16.3;68.0
2227;2025-04-03 19:00:00;1.34;4.0;20.3;24.5;48.0;46.0;;702.4;0.0;16.0;6.3;0.023;35.51;14.7;70.0
2228;2025-04-03 20:00:00;1.42;3.5;25.3;29.0;35.0;43.0;;702.9;0.0;23.0;5.8;0.0;33.93;12.3;76.0
2229;2025-04-03 21:00:00;1.52;3.2;20.3;23.7;23.0;50.0;;703.3;0.0;38.0;5.3;0.0;31.86;8.2;64.0
2230;2025-04-03 22:00:00;1.44;3.3;11.9;15.4;27.0;53.0;;703.6;0.0;44.0;5.1;0.0;30.37;11.4;70.0
2231;2025-04-03 23:00:00;1.46;3.1;16.7;20.0;20.0;48.0;;703.8;0.0;49.0;5.5;0.0;28.7;9.3;53.0
2232;2025-04-04 00:00:00;1.43;3.0;13.8;17.0;19.0;50.0;;704.0;0.0;57.0;5.1;0.0;26.96;8.8;34.0
2233;2025-04-04 01:00:00;1.43;6.3;19.8;26.3;9.0;44.0;;704.3;0.0;67.0;4.8;0.0;25.03;6.6;36.0
2234;2025-04-04 02:00:00;1.46;26.5;27.1;53.8;3.0;56.0;;704.3;0.0;72.0;5.0;0.0;24.11;5.0;52.0
2235;2025-04-04 03:00:00;1.47;15.1;25.6;40.8;4.0;60.0;;704.3;0.0;73.0;5.3;0.0;23.69;3.8;65.0
2236;2025-04-04 04:00:00;1.5;9.5;24.6;34.3;3.0;54.0;;704.3;0.0;75.0;5.5;0.0;23.34;1.8;291.0
2237;2025-04-04 05:00:00;1.58;9.5;25.2;34.9;4.0;52.0;;704.6;0.0;75.0;5.2;0.0;23.49;5.7;56.0
2238;2025-04-04 06:00:00;1.47;4.0;20.2;24.4;7.0;67.0;;705.1;0.0;81.0;5.0;0.0;22.22;2.3;90.0
2239;2025-04-04 07:00:00;1.64;22.3;22.5;45.1;4.0;58.0;;705.7;0.0;82.0;5.2;0.01;21.8;1.8;206.0
2240;2025-04-04 08:00:00;1.9;34.2;28.8;63.2;6.0;75.0;;706.2;0.0;66.0;5.4;0.124;24.29;4.1;93.0
2241;2025-04-04 09:00:00;1.73;23.3;31.5;54.9;16.0;73.0;;706.6;0.0;39.0;6.6;0.328;27.7;4.9;77.0
2242;2025-04-04 10:00:00;1.51;13.4;31.7;45.4;36.0;60.0;29.32;706.7;0.0;19.0;6.5;0.507;31.23;4.9;24.0
2243;2025-04-04 11:00:00;1.57;19.1;46.0;65.3;38.0;58.0;34.17;706.5;0.0;17.0;9.7;0.163;32.88;6.2;67.0
2244;2025-04-04 12:00:00;1.62;13.5;47.4;61.1;61.0;73.0;37.53;706.1;0.0;15.0;10.7;0.762;33.81;8.6;74.0
2245;2025-04-04 13:00:00;1.38;4.4;16.9;21.5;96.0;73.0;33.37;705.6;0.0;18.0;6.8;0.777;34.19;11.7;67.0
2246;2025-04-04 14:00:00;1.32;4.0;13.6;17.8;106.0;59.0;28.28;704.9;0.0;15.0;6.5;0.768;35.3;12.6;65.0
2247;2025-04-04 15:00:00;1.27;3.8;10.9;14.9;100.0;51.0;28.27;704.1;0.0;15.0;9.1;0.698;35.82;12.5;72.0
2248;2025-04-04 16:00:00;1.21;3.8;9.2;13.3;90.0;45.0;27.0;703.5;0.0;13.0;12.2;0.565;36.51;11.5;61.0
2249;2025-04-04 17:00:00;1.22;4.1;10.2;14.5;75.0;40.0;23.6;702.9;0.0;12.0;8.4;0.397;36.82;12.7;70.0
2250;2025-04-04 18:00:00;1.3;4.8;17.1;22.1;52.0;37.0;25.18;702.8;0.0;16.0;6.4;0.131;36.19;15.4;62.0
2251;2025-04-04 19:00:00;1.41;4.2;21.8;26.3;38.0;49.0;26.49;703.1;0.0;23.0;6.1;0.022;34.18;13.4;70.0
2252;2025-04-04 20:00:00;1.45;3.3;17.3;20.8;33.0;43.0;27.45;703.7;0.0;32.0;5.5;0.0;32.38;12.1;75.0
2253;2025-04-04 21:00:00;1.54;3.5;14.9;18.5;19.0;54.0;30.37;704.3;0.0;50.0;5.1;0.0;29.99;15.0;62.0
2254;2025-04-04 22:00:00;1.48;3.6;13.8;17.6;17.0;55.0;30.28;704.8;0.0;57.0;5.1;0.0;28.18;12.0;40.0
2255;2025-04-04 23:00:00;1.49;5.6;15.0;20.8;15.0;50.0;31.3;704.9;0.0;60.0;5.0;0.0;27.32;11.8;40.0
2256;2025-04-05 00:00:00;1.49;8.3;23.6;32.1;7.0;48.0;36.97;705.2;0.0;67.0;5.0;0.0;25.67;9.2;26.0
2257;2025-04-05 01:00:00;1.5;3.5;15.5;19.2;13.0;56.0;39.95;705.2;0.0;73.0;5.4;0.0;24.35;6.4;49.0
2258;2025-04-05 02:00:00;1.51;5.3;15.3;20.8;12.0;62.0;39.23;705.0;0.0;76.0;5.3;0.0;23.82;7.0;51.0
2259;2025-04-05 03:00:00;1.52;19.8;25.1;45.0;4.0;59.0;42.19;705.1;0.0;79.0;5.5;0.0;23.11;3.2;38.0
2260;2025-04-05 04:00:00;1.54;3.6;17.6;21.4;10.0;55.0;39.99;705.7;0.0;79.0;5.5;0.0;23.07;6.5;25.0
2261;2025-04-05 05:00:00;1.45;2.8;11.3;14.3;19.0;47.0;29.17;706.2;0.0;67.0;6.5;0.0;23.14;8.4;26.0
2262;2025-04-05 06:00:00;1.37;3.3;14.5;18.0;18.0;45.0;21.17;706.8;0.0;58.0;7.0;0.0;22.31;10.2;48.0
2263;2025-04-05 07:00:00;1.3;6.6;16.3;23.2;13.0;50.0;16.52;707.8;0.0;62.0;6.4;0.008;19.83;12.4;67.0
2264;2025-04-05 08:00:00;1.35;7.8;15.0;23.1;17.0;53.0;14.06;708.7;0.0;63.0;6.2;0.125;18.69;11.3;57.0
2265;2025-04-05 09:00:00;1.35;7.3;11.6;19.2;24.0;48.0;11.29;709.0;0.0;60.0;5.7;0.297;19.07;10.1;61.0
2266;2025-04-05 10:00:00;1.41;8.2;11.9;20.2;28.0;45.0;13.51;708.9;0.0;54.0;5.4;0.474;20.99;8.5;41.0
2267;2025-04-05 11:00:00;1.38;6.7;11.6;18.6;36.0;53.0;16.68;708.6;0.0;48.0;5.4;0.23;22.72;9.4;51.0
2268;2025-04-05 12:00:00;1.33;5.4;10.3;15.9;42.0;68.0;17.56;708.3;0.0;44.0;5.4;0.538;23.47;10.6;35.0
2269;2025-04-05 13:00:00;1.34;6.0;12.3;18.5;48.0;63.0;17.29;707.8;0.0;40.0;5.3;0.751;24.78;10.4;43.0
2270;2025-04-05 14:00:00;1.33;5.3;12.4;17.9;55.0;51.0;17.23;707.3;0.0;37.0;5.7;0.756;25.84;11.1;38.0
2271;2025-04-05 15:00:00;1.33;4.9;12.4;17.5;60.0;46.0;18.83;706.6;0.0;35.0;5.6;0.689;26.71;10.3;38.0
2272;2025-04-05 16:00:00;1.32;4.0;9.3;13.5;61.0;43.0;18.03;706.4;0.0;35.0;5.6;0.559;26.99;12.1;21.0
2273;2025-04-05 17:00:00;1.32;3.4;10.4;14.0;67.0;40.0;19.69;706.4;0.0;35.0;5.6;0.345;27.34;11.4;45.0
2274;2025-04-05 18:00:00;1.27;3.2;9.9;13.3;50.0;40.0;18.39;707.0;0.0;33.0;5.4;0.098;26.23;15.6;7.0
2275;2025-04-05 19:00:00;1.23;2.9;9.7;12.9;44.0;39.0;12.09;708.3;0.0;33.0;5.2;0.011;24.62;16.4;6.0
2276;2025-04-05 20:00:00;1.21;2.7;7.6;10.5;47.0;46.0;12.24;709.5;0.0;36.0;5.2;0.0;23.09;17.6;23.0
2277;2025-04-05 21:00:00;1.19;2.5;7.4;10.1;45.0;77.0;12.98;710.7;0.0;38.0;5.1;0.0;21.81;14.9;28.0
2278;2025-04-05 22:00:00;1.18;3.2;7.1;10.5;43.0;57.0;11.2;711.8;0.0;40.0;5.1;0.0;21.12;12.1;34.0
2279;2025-04-05 23:00:00;1.22;2.4;8.7;11.3;39.0;48.0;9.76;712.4;0.0;42.0;5.0;0.0;20.12;11.7;25.0
2280;2025-04-06 00:00:00;1.2;2.4;5.4;8.1;38.0;37.0;8.07;712.8;0.0;44.0;4.8;0.0;18.68;11.4;358.0
2281;2025-04-06 01:00:00;1.19;2.3;4.7;7.3;38.0;36.0;6.52;713.1;0.0;46.0;4.7;0.0;17.81;11.2;358.0
2282;2025-04-06 02:00:00;1.12;2.2;4.1;6.5;41.0;29.0;5.67;713.3;0.0;47.0;4.7;0.0;16.53;14.4;17.0
2283;2025-04-06 03:00:00;1.12;2.2;4.7;7.1;37.0;32.0;6.19;713.4;0.0;51.0;4.6;0.0;15.38;13.0;21.0
2284;2025-04-06 04:00:00;1.13;2.1;5.7;8.1;31.0;35.0;8.05;713.5;0.0;54.0;4.7;0.0;13.98;12.7;34.0
2285;2025-04-06 05:00:00;1.19;2.1;5.5;7.9;27.0;27.0;7.8;713.7;0.0;54.0;4.6;-0.001;13.3;11.5;29.0
2286;2025-04-06 06:00:00;1.24;2.2;7.3;9.7;23.0;32.0;8.58;713.8;0.0;54.0;4.7;0.0;12.82;12.6;20.0
2287;2025-04-06 07:00:00;1.28;2.3;8.9;11.4;22.0;26.0;7.74;714.1;0.0;53.0;4.6;0.002;12.15;13.0;16.0
2288;2025-04-06 08:00:00;1.16;2.7;7.7;10.5;24.0;24.0;7.99;714.6;0.0;51.0;4.6;0.032;11.57;13.1;25.0
2289;2025-04-06 09:00:00;1.14;2.9;7.5;10.6;26.0;26.0;20.42;715.2;0.0;50.0;4.6;0.065;11.28;12.5;25.0
2290;2025-04-06 10:00:00;1.16;3.3;7.8;11.3;27.0;29.0;;715.5;0.0;49.0;4.6;0.099;11.1;12.5;25.0
2291;2025-04-06 11:00:00;1.15;3.8;6.9;10.9;30.0;25.0;;715.5;0.0;47.0;4.5;0.24;11.81;10.9;28.0
2292;2025-04-06 12:00:00;1.16;3.8;6.9;11.0;32.0;26.0;;715.1;0.0;45.0;4.6;0.266;12.77;8.5;21.0
2293;2025-04-06 13:00:00;1.13;3.4;7.2;10.9;34.0;26.0;;714.4;0.0;43.0;4.6;0.208;13.52;6.1;32.0
2294;2025-04-06 14:00:00;1.14;4.2;10.2;14.6;33.0;21.0;;713.7;0.0;40.0;4.7;0.206;14.37;5.2;99.0
2295;2025-04-06 15:00:00;1.18;5.5;13.5;19.2;31.0;25.0;;713.0;0.0;38.0;4.7;0.255;15.44;6.7;127.0
2296;2025-04-06 16:00:00;1.16;3.8;10.3;14.3;35.0;22.0;;712.5;0.0;38.0;4.8;0.187;16.14;7.2;109.0
2297;2025-04-06 17:00:00;1.16;3.8;10.1;14.2;35.0;24.0;19.77;712.3;0.0;36.0;4.8;0.181;17.25;5.9;74.0
2298;2025-04-06 18:00:00;1.13;2.4;7.5;10.1;37.0;24.0;;712.4;0.0;35.0;4.7;0.039;17.06;5.8;90.0
2299;2025-04-06 19:00:00;1.14;2.2;9.7;12.1;34.0;18.0;;712.7;0.0;36.0;4.7;0.013;16.88;6.1;173.0
2300;2025-04-06 20:00:00;1.11;3.2;9.3;12.7;38.0;20.0;;713.4;0.0;31.0;4.8;0.0;16.77;10.1;13.0
2301;2025-04-06 21:00:00;1.09;2.2;10.0;12.4;41.0;21.0;;714.4;0.0;30.0;5.2;0.0;15.82;10.9;12.0
2302;2025-04-06 22:00:00;1.06;2.1;7.7;10.0;47.0;20.0;14.01;715.3;0.0;32.0;5.0;0.0;14.82;9.8;22.0
2303;2025-04-06 23:00:00;1.08;2.0;7.8;10.0;47.0;20.0;3.9;715.7;0.0;34.0;5.0;0.0;13.93;8.5;28.0
2304;2025-04-07 00:00:00;1.12;2.0;7.5;9.7;47.0;25.0;;715.7;0.0;35.0;4.8;0.0;13.22;8.9;18.0
2305;2025-04-07 01:00:00;1.2;2.0;8.1;10.3;45.0;19.0;3.94;715.5;0.0;37.0;4.7;0.0;12.66;6.8;53.0
2306;2025-04-07 02:00:00;1.11;2.0;11.7;13.9;40.0;21.0;4.91;715.2;0.0;37.0;4.7;0.0;12.4;5.7;121.0
2307;2025-04-07 03:00:00;1.11;2.0;12.9;15.1;34.0;23.0;4.71;714.8;0.0;40.0;4.7;0.0;11.9;4.9;173.0
2308;2025-04-07 04:00:00;1.08;2.0;10.2;12.3;36.0;25.0;8.98;714.7;0.0;42.0;4.6;0.0;11.41;3.5;201.0
2309;2025-04-07 05:00:00;1.09;2.0;10.6;12.9;32.0;23.0;14.24;714.6;0.0;44.0;4.7;0.0;11.1;1.8;186.0
2310;2025-04-07 06:00:00;1.1;2.3;11.4;13.9;30.0;21.0;15.55;714.7;0.0;45.0;4.7;0.0;10.77;1.8;224.0
2311;2025-04-07 07:00:00;1.22;4.8;25.2;30.1;15.0;20.0;;715.1;0.0;46.0;4.7;0.015;10.96;1.8;213.0
2312;2025-04-07 08:00:00;1.36;15.1;26.9;42.2;17.0;31.0;;715.7;0.0;39.0;4.8;0.139;13.71;3.2;359.0
2313;2025-04-07 09:00:00;1.31;12.7;22.5;35.4;27.0;38.0;;715.9;0.0;34.0;5.0;0.335;15.39;5.2;44.0
2314;2025-04-07 10:00:00;1.31;13.5;23.5;37.2;32.0;43.0;34.75;715.9;0.0;32.0;5.5;0.508;16.3;6.0;20.0
2315;2025-04-07 11:00:00;1.35;13.0;23.8;37.1;36.0;47.0;17.42;715.6;0.0;29.0;5.8;0.201;17.77;6.6;39.0
2316;2025-04-07 12:00:00;1.39;13.1;26.6;39.9;40.0;45.0;31.92;715.1;0.0;28.0;5.7;0.779;18.51;7.8;59.0
2317;2025-04-07 13:00:00;1.35;9.4;23.4;33.0;48.0;51.0;44.18;714.4;0.0;26.0;6.0;0.794;19.49;9.3;98.0
2318;2025-04-07 14:00:00;1.21;5.2;15.6;21.1;62.0;48.0;46.44;713.6;0.0;23.0;5.5;0.799;20.66;9.4;116.0
2319;2025-04-07 15:00:00;1.16;4.2;12.1;16.5;65.0;42.0;;712.8;0.0;20.0;5.2;0.728;21.93;9.7;110.0
2320;2025-04-07 16:00:00;1.14;3.9;11.1;15.3;63.0;36.0;21.32;712.3;0.0;17.0;4.9;0.603;23.12;9.4;106.0
2321;2025-04-07 17:00:00;1.09;4.0;10.7;14.9;58.0;36.0;14.57;712.1;0.0;13.0;5.0;0.434;23.74;8.9;57.0
2322;2025-04-07 18:00:00;1.04;3.6;10.9;14.7;55.0;34.0;2.47;712.3;0.0;10.0;4.7;0.142;23.86;8.7;71.0
2323;2025-04-07 19:00:00;1.08;3.0;14.7;17.9;50.0;29.0;;712.7;0.0;12.0;4.6;0.022;22.83;9.5;31.0
2324;2025-04-07 20:00:00;1.16;2.4;16.3;18.8;47.0;25.0;;713.4;0.0;21.0;4.7;0.0;20.87;10.1;87.0
2325;2025-04-07 21:00:00;1.12;2.3;12.2;14.7;50.0;30.0;;714.2;0.0;23.0;7.4;0.0;19.89;8.7;91.0
2326;2025-04-07 22:00:00;1.1;2.3;11.0;13.4;50.0;27.0;;714.7;0.0;24.0;6.9;0.0;19.09;8.7;113.0
2327;2025-04-07 23:00:00;1.04;2.3;6.6;9.1;56.0;22.0;;714.8;0.0;24.0;4.9;0.0;18.61;10.9;120.0
2328;2025-04-08 00:00:00;1.02;2.2;6.1;8.5;56.0;24.0;;714.7;0.0;25.0;4.8;0.0;18.05;10.6;113.0
2329;2025-04-08 01:00:00;1.0;2.1;4.6;6.9;58.0;22.0;;714.6;0.0;25.0;4.8;0.0;17.64;8.6;113.0
2330;2025-04-08 02:00:00;1.0;2.1;5.5;7.7;55.0;20.0;;714.6;0.0;26.0;4.7;0.0;17.05;5.5;103.0
2331;2025-04-08 03:00:00;1.07;;19.6;21.9;34.0;17.0;;714.6;0.0;28.0;4.8;0.0;15.84;3.3;345.0
2332;2025-04-08 04:00:00;1.19;2.2;31.8;34.2;18.0;26.0;;714.6;0.0;32.0;5.0;0.0;14.67;2.6;248.0
2333;2025-04-08 05:00:00;1.12;2.9;23.6;26.7;22.0;32.0;;714.8;0.0;34.0;5.0;0.0;14.12;3.0;220.0
2334;2025-04-08 06:00:00;1.08;2.4;17.7;20.2;30.0;42.0;4.12;714.9;0.0;32.0;5.0;0.0;14.42;6.5;213.0
2335;2025-04-08 07:00:00;1.18;5.8;29.7;35.7;19.0;39.0;8.26;715.3;0.0;31.0;5.0;0.016;14.45;4.7;226.0
2336;2025-04-08 08:00:00;1.3;10.4;29.2;39.8;22.0;38.0;4.44;715.6;0.0;27.0;5.0;0.143;17.22;4.6;240.0
2337;2025-04-08 09:00:00;1.42;18.5;31.3;50.0;26.0;40.0;2.47;715.9;0.0;23.0;5.3;0.341;19.88;4.2;23.0
2338;2025-04-08 10:00:00;1.31;9.9;23.1;33.2;44.0;77.0;;716.0;0.0;20.0;5.9;0.522;20.84;5.3;35.0
2339;2025-04-08 11:00:00;1.31;7.9;21.1;29.2;54.0;76.0;;715.9;0.0;16.0;5.6;0.21;22.77;5.2;22.0
2340;2025-04-08 12:00:00;1.19;10.5;26.1;36.8;50.0;46.0;;715.5;0.0;12.0;7.1;0.791;23.86;8.7;63.0
2341;2025-04-08 13:00:00;1.09;5.2;13.5;18.9;65.0;46.0;;714.9;0.0;10.0;5.7;0.815;24.37;9.1;75.0
2342;2025-04-08 14:00:00;1.1;4.1;12.3;16.6;78.0;29.0;;714.3;0.0;11.0;5.1;0.811;25.04;10.3;66.0
2343;2025-04-08 15:00:00;1.1;3.7;12.2;16.1;85.0;34.0;;713.7;0.0;10.0;5.2;0.74;25.69;10.0;51.0
2344;2025-04-08 16:00:00;1.11;3.6;13.5;17.3;88.0;38.0;;713.1;0.0;9.0;5.2;0.613;26.41;10.0;50.0
2345;2025-04-08 17:00:00;1.12;3.4;13.5;17.1;92.0;39.0;;712.8;0.0;9.0;6.0;0.437;26.76;11.6;62.0
2346;2025-04-08 18:00:00;1.11;2.9;12.1;15.2;88.0;41.0;;712.8;0.0;10.0;10.3;0.138;26.69;12.1;79.0
2347;2025-04-08 19:00:00;1.13;2.7;13.8;16.7;70.0;38.0;;713.1;0.0;11.0;8.6;0.022;25.72;9.8;96.0
2348;2025-04-08 20:00:00;1.14;2.4;15.3;17.9;58.0;28.0;;713.6;0.0;11.0;6.2;0.0;24.26;8.8;118.0
2349;2025-04-08 21:00:00;1.11;2.5;14.6;17.3;54.0;28.0;;714.1;0.0;13.0;5.0;0.0;23.33;7.6;109.0
2350;2025-04-08 22:00:00;1.06;2.4;10.8;13.4;57.0;27.0;;714.4;0.0;14.0;4.9;0.0;22.64;8.4;115.0
2351;2025-04-08 23:00:00;1.11;2.5;16.4;19.1;48.0;21.0;;714.4;0.0;17.0;4.9;0.0;21.32;9.3;44.0
2352;2025-04-09 00:00:00;1.11;4.8;17.0;22.0;43.0;35.0;;714.5;0.0;31.0;5.2;0.0;18.76;7.6;30.0
2353;2025-04-09 01:00:00;1.19;2.5;22.4;25.1;34.0;38.0;25.08;714.6;0.0;37.0;5.0;0.0;17.52;7.5;19.0
2354;2025-04-09 02:00:00;1.21;2.6;26.8;29.5;27.0;41.0;25.21;714.5;0.0;41.0;5.1;0.0;16.49;4.7;44.0
2355;2025-04-09 03:00:00;1.28;2.5;26.4;29.1;26.0;38.0;8.21;714.3;0.0;45.0;4.9;0.0;15.84;1.8;3.0
2356;2025-04-09 04:00:00;1.3;2.5;25.1;27.8;23.0;49.0;3.85;714.4;0.0;48.0;4.9;0.0;14.93;1.8;312.0
2357;2025-04-09 05:00:00;1.3;;22.5;25.2;23.0;53.0;;714.5;0.0;50.0;4.8;0.0;14.35;1.8;305.0
2358;2025-04-09 06:00:00;1.21;3.1;22.9;26.2;22.0;39.0;;714.6;0.0;50.0;4.8;0.0;14.3;2.8;311.0
2359;2025-04-09 07:00:00;1.35;15.2;32.4;47.8;11.0;30.0;;714.9;0.0;50.0;4.9;0.017;14.0;2.6;251.0
2360;2025-04-09 08:00:00;1.48;20.8;36.2;57.2;14.0;40.0;;715.3;0.0;43.0;5.0;0.14;16.09;4.6;339.0
2361;2025-04-09 09:00:00;1.57;19.8;40.3;60.3;27.0;58.0;;715.5;0.0;39.0;5.3;0.336;17.7;4.8;24.0
2362;2025-04-09 10:00:00;1.57;14.8;34.9;49.9;39.0;96.0;;715.5;0.0;33.0;5.6;0.516;20.25;5.6;38.0
2363;2025-04-09 11:00:00;1.52;12.2;34.3;46.7;51.0;97.0;3.64;715.4;0.0;26.0;6.0;0.228;22.59;6.0;15.0
2364;2025-04-09 12:00:00;1.79;22.8;59.3;82.3;47.0;100.0;16.95;715.1;0.0;25.0;6.9;0.773;24.08;8.2;51.0
2365;2025-04-09 13:00:00;1.52;7.7;35.3;43.2;85.0;102.0;16.88;714.5;0.0;20.0;7.1;0.797;25.82;8.7;71.0
2366;2025-04-09 14:00:00;1.36;6.0;29.4;35.6;94.0;75.0;17.64;713.8;0.0;15.0;7.3;0.794;27.74;8.7;79.0
2367;2025-04-09 15:00:00;1.29;4.2;18.8;23.2;111.0;60.0;43.7;713.2;0.0;12.0;6.9;0.727;28.81;8.5;35.0
2368;2025-04-09 16:00:00;1.1;3.9;11.0;15.1;93.0;53.0;34.98;712.8;0.0;7.0;5.9;0.6;29.8;9.7;60.0
2369;2025-04-09 17:00:00;1.17;3.5;13.0;16.7;106.0;40.0;3.16;712.6;0.0;9.0;6.9;0.421;30.09;10.5;68.0
2370;2025-04-09 18:00:00;1.19;3.5;14.0;17.7;91.0;45.0;;712.6;0.0;10.0;7.7;0.14;29.74;11.3;77.0
2371;2025-04-09 19:00:00;1.21;3.1;14.4;17.8;78.0;41.0;3.35;712.9;0.0;12.0;5.8;0.023;28.71;7.7;120.0
2372;2025-04-09 20:00:00;1.35;3.1;25.6;28.8;53.0;33.0;4.05;713.1;0.0;15.0;5.3;0.0;27.05;6.3;127.0
2373;2025-04-09 21:00:00;1.25;;19.1;22.3;54.0;31.0;6.88;713.5;0.0;17.0;5.4;0.0;26.37;7.4;89.0
2374;2025-04-09 22:00:00;1.26;3.2;19.5;23.0;49.0;32.0;30.73;713.9;0.0;19.0;5.4;0.0;25.07;5.5;55.0
2375;2025-04-09 23:00:00;1.31;3.1;25.4;28.7;35.0;65.0;51.28;714.2;0.0;24.0;5.5;0.0;23.72;5.9;11.0
2376;2025-04-10 00:00:00;1.31;3.2;37.4;40.8;15.0;52.0;;714.3;0.0;37.0;5.5;0.0;21.38;3.6;291.0
2377;2025-04-10 01:00:00;1.39;3.0;26.6;29.8;22.0;49.0;;714.2;0.0;48.0;5.4;0.0;20.53;3.4;314.0
2378;2025-04-10 02:00:00;1.44;3.1;23.1;26.4;20.0;42.0;;713.9;0.0;54.0;5.4;0.0;19.19;2.3;320.0
2379;2025-04-10 03:00:00;1.4;3.1;30.9;34.3;12.0;52.0;;713.7;0.0;58.0;5.5;0.0;18.55;2.3;266.0
2380;2025-04-10 04:00:00;1.42;3.2;29.1;32.5;11.0;59.0;;713.5;0.0;60.0;5.5;0.0;17.85;1.8;275.0
2381;2025-04-10 05:00:00;1.39;3.3;30.5;34.0;11.0;54.0;;713.6;0.0;50.0;5.4;0.0;17.77;2.7;270.0
2382;2025-04-10 06:00:00;1.29;3.8;39.3;43.3;12.0;50.0;;713.7;0.0;32.0;5.2;0.0;18.09;2.9;256.0
2383;2025-04-10 07:00:00;1.34;11.9;44.7;56.9;11.0;64.0;16.86;714.0;0.0;25.0;5.1;0.017;18.89;4.3;242.0
2384;2025-04-10 08:00:00;1.41;18.9;41.3;60.4;18.0;73.0;;714.3;0.0;19.0;5.4;0.147;21.74;8.2;227.0
2385;2025-04-10 09:00:00;1.51;19.3;36.6;56.1;27.0;78.0;;714.6;0.0;19.0;5.7;0.345;24.7;4.8;309.0
2386;2025-04-10 10:00:00;1.38;13.7;31.6;45.5;42.0;84.0;;714.7;0.0;12.0;5.7;0.522;28.23;4.5;37.0
2387;2025-04-10 11:00:00;1.51;29.1;56.7;86.0;33.0;60.0;2.08;714.9;0.0;11.0;6.6;0.233;29.78;6.9;68.0
2388;2025-04-10 12:00:00;1.46;12.9;41.1;54.2;67.0;72.0;3.63;714.8;0.0;10.0;8.3;0.78;30.98;9.4;66.0
2389;2025-04-10 13:00:00;1.24;6.1;20.4;26.7;79.0;65.0;20.26;714.4;0.0;7.0;6.4;0.791;31.91;13.3;59.0
2390;2025-04-10 14:00:00;1.16;4.8;14.0;19.0;89.0;58.0;;714.0;0.0;7.0;5.6;0.792;32.55;12.9;67.0
2391;2025-04-10 15:00:00;1.16;4.1;11.5;15.9;102.0;48.0;;713.5;0.0;9.0;5.7;0.721;33.06;13.7;71.0
2392;2025-04-10 16:00:00;1.11;4.3;9.5;14.1;80.0;51.0;6.56;713.2;0.0;8.0;6.6;0.603;33.15;14.8;76.0
2393;2025-04-10 17:00:00;1.11;4.3;9.5;14.0;76.0;42.0;9.68;713.0;0.0;8.0;6.7;0.434;33.14;13.2;72.0
2394;2025-04-10 18:00:00;1.16;4.2;11.7;16.1;71.0;36.0;5.63;713.1;0.0;10.0;7.0;0.142;32.54;14.4;83.0
2395;2025-04-10 19:00:00;1.2;3.9;14.2;18.2;57.0;37.0;22.28;713.2;0.0;12.0;8.9;0.022;31.14;13.7;80.0
2396;2025-04-10 20:00:00;1.21;3.6;16.5;20.3;48.0;31.0;;713.7;0.0;12.0;9.5;0.0;29.72;10.8;107.0
2397;2025-04-10 21:00:00;1.15;3.5;12.1;15.8;51.0;29.0;24.6;714.2;0.0;14.0;7.3;0.0;28.85;9.3;119.0
2398;2025-04-10 22:00:00;1.29;3.7;20.5;24.4;37.0;24.0;;714.8;0.0;23.0;5.9;0.0;26.9;10.7;57.0
2399;2025-04-10 23:00:00;1.31;3.7;18.1;22.1;35.0;43.0;13.16;715.0;0.0;32.0;5.5;0.0;25.18;6.9;20.0
2400;2025-04-11 00:00:00;1.26;3.6;15.6;19.4;36.0;40.0;;715.0;0.0;41.0;5.5;0.0;23.15;8.3;34.0
2401;2025-04-11 01:00:00;1.24;3.3;13.1;16.7;38.0;40.0;;715.0;0.0;48.0;5.4;0.0;21.76;7.5;26.0
2402;2025-04-11 02:00:00;1.27;3.3;28.4;31.8;17.0;33.0;;714.7;0.0;52.0;5.3;0.0;20.68;3.8;357.0
2403;2025-04-11 03:00:00;1.32;;25.4;28.8;16.0;44.0;;714.4;0.0;56.0;5.4;0.0;19.45;2.0;316.0
2404;2025-04-11 04:00:00;1.37;3.4;27.0;30.6;12.0;41.0;;714.4;0.0;57.0;5.4;0.0;19.3;2.0;295.0
2405;2025-04-11 05:00:00;1.36;3.6;23.9;27.7;14.0;41.0;;714.4;0.0;55.0;5.4;0.0;18.73;2.7;241.0
2406;2025-04-11 06:00:00;1.39;16.3;33.5;50.1;5.0;36.0;;714.6;0.0;49.0;5.4;0.0;18.65;2.8;245.0
2407;2025-04-11 07:00:00;1.58;33.3;36.5;70.1;5.0;70.0;;715.0;0.0;46.0;5.3;0.017;18.55;2.9;228.0
2408;2025-04-11 08:00:00;1.9;46.2;37.6;84.2;8.0;85.0;;715.4;0.0;42.0;5.4;0.143;21.09;3.6;24.0
2409;2025-04-11 09:00:00;1.94;40.1;41.6;82.0;14.0;91.0;;715.8;0.0;41.0;5.4;0.331;22.93;6.0;47.0
2410;2025-04-11 10:00:00;1.69;28.0;35.4;63.6;26.0;102.0;;716.3;0.0;38.0;5.4;0.502;24.86;7.0;36.0
2411;2025-04-11 11:00:00;1.49;13.9;28.1;42.3;42.0;86.0;;716.6;0.0;33.0;5.4;0.253;26.44;9.0;34.0
2412;2025-04-11 12:00:00;1.44;7.5;20.1;27.9;65.0;68.0;31.61;716.4;0.0;28.0;5.3;0.766;28.04;10.7;69.0
2413;2025-04-11 13:00:00;1.31;5.6;12.8;18.7;75.0;61.0;32.04;716.0;0.0;24.0;5.3;0.778;29.46;15.7;63.0
2414;2025-04-11 14:00:00;1.32;4.9;10.2;15.3;80.0;52.0;25.45;715.5;0.0;20.0;5.5;0.775;30.3;18.4;68.0
2415;2025-04-11 15:00:00;1.2;5.2;8.5;14.0;67.0;59.0;25.88;715.0;0.0;16.0;6.7;0.72;31.05;16.4;80.0
2416;2025-04-11 16:00:00;1.17;5.1;7.5;12.8;65.0;45.0;23.36;714.4;0.0;14.0;7.9;0.603;31.32;15.7;90.0
2417;2025-04-11 17:00:00;1.16;4.9;8.1;13.3;61.0;43.0;29.79;714.1;0.0;14.0;7.9;0.431;31.22;15.7;91.0
2418;2025-04-11 18:00:00;1.23;4.6;10.3;15.2;59.0;37.0;30.19;713.9;0.0;17.0;7.3;0.142;30.52;16.8;86.0
2419;2025-04-11 19:00:00;1.24;4.3;10.8;15.3;56.0;41.0;25.65;714.2;0.0;17.0;7.2;0.022;29.29;16.3;79.0
2420;2025-04-11 20:00:00;1.24;3.7;15.2;19.1;46.0;40.0;22.73;714.5;0.0;19.0;7.1;0.0;28.23;13.4;82.0
2421;2025-04-11 21:00:00;1.17;3.5;8.9;12.7;50.0;35.0;25.24;715.1;0.0;22.0;6.7;0.0;27.2;12.5;103.0
2422;2025-04-11 22:00:00;1.2;3.2;10.5;13.9;43.0;33.0;12.27;715.4;0.0;28.0;6.2;0.0;26.08;9.9;96.0
2423;2025-04-11 23:00:00;1.25;3.4;11.9;15.5;37.0;32.0;13.12;715.5;0.0;35.0;6.0;0.0;24.58;9.1;85.0
2424;2025-04-12 00:00:00;1.24;3.1;10.6;13.9;36.0;33.0;15.69;715.6;0.0;41.0;5.7;0.0;23.15;9.5;60.0
2425;2025-04-12 01:00:00;1.22;3.0;9.6;12.8;36.0;30.0;14.46;715.5;0.0;44.0;5.6;0.0;21.94;7.2;34.0
2426;2025-04-12 02:00:00;1.24;3.1;15.5;18.8;29.0;29.0;13.87;715.2;0.0;47.0;5.5;0.0;20.84;7.1;24.0
2427;2025-04-12 03:00:00;1.26;3.6;23.7;27.5;18.0;35.0;17.13;714.7;0.0;49.0;5.5;0.0;20.12;5.3;32.0
2428;2025-04-12 04:00:00;1.28;3.8;29.9;33.9;9.0;47.0;20.05;714.3;0.0;52.0;5.6;0.0;19.14;2.0;23.0
2429;2025-04-12 05:00:00;1.29;3.6;26.8;30.6;10.0;41.0;20.83;713.9;0.0;54.0;5.5;0.0;18.76;2.5;227.0
2430;2025-04-12 06:00:00;1.34;10.8;32.7;43.8;5.0;41.0;21.11;714.2;0.0;56.0;5.6;0.0;18.5;3.1;341.0
2431;2025-04-12 07:00:00;1.41;30.6;33.0;63.8;4.0;46.0;23.59;714.4;0.0;59.0;5.6;0.018;17.97;2.0;309.0
2432;2025-04-12 08:00:00;1.54;36.3;33.5;70.0;9.0;55.0;27.22;714.3;0.0;51.0;5.7;0.143;20.5;3.1;337.0
2433;2025-04-12 09:00:00;1.67;30.2;34.5;65.0;16.0;62.0;30.85;714.3;0.0;44.0;5.7;0.336;22.25;4.9;7.0
2434;2025-04-12 10:00:00;1.75;27.2;40.2;67.6;24.0;60.0;31.77;714.4;0.0;38.0;5.6;0.499;24.55;6.6;11.0
2435;2025-04-12 11:00:00;1.53;17.4;29.3;47.0;44.0;71.0;36.53;714.3;0.0;31.0;5.6;0.278;26.58;9.4;37.0
2436;2025-04-12 12:00:00;1.21;5.1;8.1;13.4;64.0;58.0;29.85;713.8;0.0;24.0;5.5;0.779;29.09;12.2;95.0
2437;2025-04-12 13:00:00;1.16;3.9;5.6;9.7;67.0;36.0;14.82;713.3;0.0;20.0;5.3;0.792;30.44;12.2;102.0
2438;2025-04-12 14:00:00;1.12;3.6;5.4;9.2;65.0;30.0;13.89;712.6;0.0;14.0;5.5;0.8;31.92;13.6;98.0
2439;2025-04-12 15:00:00;1.12;3.4;5.5;9.1;68.0;29.0;18.75;711.9;0.0;13.0;5.4;0.723;32.59;14.0;106.0
2440;2025-04-12 16:00:00;1.09;3.1;4.9;8.2;68.0;31.0;24.35;711.4;0.0;11.0;5.2;0.603;32.71;15.2;105.0
2441;2025-04-12 17:00:00;1.06;2.9;4.5;7.6;66.0;34.0;;711.3;0.0;11.0;5.2;0.439;32.35;16.9;103.0
2442;2025-04-12 18:00:00;1.05;2.7;5.2;8.2;64.0;35.0;;711.4;0.0;10.0;5.0;0.153;31.87;15.7;103.0
2443;2025-04-12 19:00:00;1.04;2.5;5.3;8.0;63.0;28.0;;711.5;0.0;10.0;4.9;0.023;30.63;15.3;103.0
2444;2025-04-12 20:00:00;1.08;2.4;7.0;9.6;59.0;27.0;6.77;711.7;0.0;12.0;4.8;0.0;29.06;13.0;124.0
2445;2025-04-12 21:00:00;1.1;2.5;8.7;11.4;54.0;32.0;7.59;712.0;0.0;15.0;4.9;0.0;27.77;11.7;91.0
2446;2025-04-12 22:00:00;1.16;2.6;10.9;13.8;44.0;32.0;21.08;712.4;0.0;24.0;4.9;0.0;25.74;8.2;61.0
2447;2025-04-12 23:00:00;1.14;2.7;8.9;11.8;48.0;32.0;2.35;712.6;0.0;21.0;5.0;0.0;25.28;8.2;87.0
2448;2025-04-13 00:00:00;1.13;2.7;13.7;16.6;41.0;26.0;19.21;712.6;0.0;23.0;5.1;0.0;24.44;9.6;40.0
2449;2025-04-13 01:00:00;1.24;3.9;33.1;37.1;13.0;33.0;15.47;712.4;0.0;28.0;5.2;0.0;22.32;5.3;1.0
2450;2025-04-13 02:00:00;1.41;2.9;26.1;29.2;18.0;42.0;8.98;712.0;0.0;31.0;5.3;0.0;21.15;5.1;338.0
2451;2025-04-13 03:00:00;1.33;3.1;26.4;29.7;16.0;47.0;4.85;711.7;0.0;35.0;5.2;0.0;20.26;5.5;1.0
2452;2025-04-13 04:00:00;1.28;3.2;19.2;22.6;22.0;40.0;;711.4;0.0;37.0;5.2;0.0;19.13;2.9;340.0
2453;2025-04-13 05:00:00;1.3;3.3;26.0;29.5;13.0;39.0;2.94;711.3;0.0;40.0;5.3;0.0;18.33;3.8;348.0
2454;2025-04-13 06:00:00;1.24;3.5;23.5;27.2;13.0;38.0;16.99;711.4;0.0;44.0;5.3;0.0;17.7;3.7;345.0
2455;2025-04-13 07:00:00;1.23;4.2;19.6;24.0;16.0;39.0;24.77;711.6;0.0;45.0;5.2;0.02;17.42;1.8;330.0
2456;2025-04-13 08:00:00;1.31;9.3;20.3;29.9;20.0;41.0;34.53;711.8;0.0;41.0;5.2;0.151;19.15;2.6;339.0
2457;2025-04-13 09:00:00;1.32;10.4;19.1;29.8;30.0;47.0;;711.9;0.0;37.0;5.2;0.348;21.08;5.4;341.0
2458;2025-04-13 10:00:00;1.26;6.9;14.4;21.5;49.0;45.0;;712.0;0.0;32.0;5.2;0.521;23.76;6.0;346.0
2459;2025-04-13 11:00:00;1.33;6.4;18.1;24.7;68.0;46.0;45.7;712.0;0.0;29.0;5.3;0.293;25.75;6.9;13.0
2460;2025-04-13 12:00:00;1.43;10.4;29.2;39.8;61.0;63.0;;711.7;0.0;26.0;5.3;0.769;27.42;8.8;49.0
2461;2025-04-13 13:00:00;1.34;5.8;19.4;25.4;88.0;64.0;58.47;711.4;0.0;24.0;5.5;0.79;28.73;11.5;53.0
2462;2025-04-13 14:00:00;1.27;4.0;11.0;15.2;105.0;54.0;35.74;710.9;0.0;22.0;5.6;0.792;30.34;13.3;59.0
2463;2025-04-13 15:00:00;1.2;3.7;8.0;12.0;101.0;50.0;29.7;710.3;0.0;18.0;5.8;0.719;32.37;12.9;64.0
2464;2025-04-13 16:00:00;1.13;3.4;5.3;8.9;76.0;40.0;22.39;709.9;0.0;14.0;6.0;0.601;33.69;11.0;107.0
2465;2025-04-13 17:00:00;1.14;3.1;4.6;8.0;61.0;32.0;17.98;709.8;0.0;16.0;6.0;0.432;33.61;13.4;94.0
2466;2025-04-13 18:00:00;1.11;2.7;4.1;7.0;61.0;27.0;17.48;709.9;0.0;15.0;6.0;0.155;33.34;10.8;103.0
2467;2025-04-13 19:00:00;1.16;2.9;7.5;10.7;54.0;25.0;16.68;710.0;0.0;17.0;5.9;0.022;31.89;13.6;81.0
2468;2025-04-13 20:00:00;1.19;2.7;9.7;12.6;49.0;33.0;21.48;710.2;0.0;18.0;5.8;0.0;30.42;10.5;111.0
2469;2025-04-13 21:00:00;1.22;2.8;6.8;9.8;42.0;30.0;19.51;710.8;0.0;32.0;5.7;0.0;28.04;10.3;100.0
2470;2025-04-13 22:00:00;1.28;2.7;8.8;11.8;33.0;36.0;21.29;711.4;0.0;42.0;5.5;0.0;26.15;10.4;49.0
2471;2025-04-13 23:00:00;1.31;2.8;10.3;13.3;28.0;34.0;19.81;711.7;0.0;49.0;5.6;0.0;24.29;8.2;36.0
2472;2025-04-14 00:00:00;1.28;2.7;8.6;11.5;30.0;31.0;19.41;711.9;0.0;53.0;5.6;0.0;22.96;7.4;50.0
2473;2025-04-14 01:00:00;1.28;2.8;8.7;11.7;28.0;29.0;18.12;711.5;0.0;58.0;5.7;0.0;21.79;7.3;33.0
2474;2025-04-14 02:00:00;1.28;3.4;16.7;20.4;18.0;31.0;17.13;711.3;0.0;61.0;5.8;0.0;20.79;4.7;2.0
2475;2025-04-14 03:00:00;1.38;3.5;24.2;27.9;9.0;37.0;19.15;711.0;0.0;65.0;5.8;0.0;19.95;2.9;23.0
2476;2025-04-14 04:00:00;1.35;3.1;20.6;23.9;10.0;44.0;25.65;710.7;0.0;68.0;5.7;0.0;19.06;1.8;335.0
2477;2025-04-14 05:00:00;1.31;6.8;26.5;33.5;5.0;39.0;24.03;710.7;0.0;70.0;5.8;0.0;18.94;3.1;2.0
2478;2025-04-14 06:00:00;1.33;5.7;24.5;30.4;5.0;37.0;20.21;710.8;0.0;73.0;5.7;0.0;18.22;1.8;8.0
2479;2025-04-14 07:00:00;1.48;17.1;25.1;42.4;5.0;34.0;18.72;711.1;0.0;73.0;5.7;0.023;18.28;2.5;334.0
2480;2025-04-14 08:00:00;1.53;17.8;22.7;40.8;11.0;42.0;25.15;711.4;0.0;65.0;5.8;0.158;20.5;3.7;23.0
2481;2025-04-14 09:00:00;1.62;20.9;25.5;46.6;17.0;48.0;29.48;711.6;0.0;57.0;5.9;0.354;22.38;5.3;28.0
2482;2025-04-14 10:00:00;1.84;28.9;42.0;71.0;22.0;52.0;30.98;711.9;0.0;51.0;5.8;0.51;24.31;5.6;360.0
2483;2025-04-14 11:00:00;1.94;21.6;47.8;69.7;36.0;87.0;51.29;711.8;0.0;42.0;5.8;0.326;26.72;6.2;29.0
2484;2025-04-14 12:00:00;1.68;11.7;36.6;48.5;68.0;97.0;76.24;711.5;0.0;34.0;5.4;0.776;28.35;10.1;59.0
2485;2025-04-14 13:00:00;1.42;6.4;19.1;25.8;83.0;82.0;58.89;711.2;0.0;29.0;5.1;0.795;30.25;14.2;49.0
2486;2025-04-14 14:00:00;1.31;5.3;11.4;17.0;83.0;63.0;43.12;710.9;0.0;23.0;5.0;0.801;32.02;15.6;45.0
2487;2025-04-14 15:00:00;1.18;5.0;7.9;13.2;72.0;47.0;25.03;710.4;0.0;16.0;5.1;0.726;33.05;15.7;61.0
2488;2025-04-14 16:00:00;1.14;4.7;6.9;11.9;64.0;36.0;21.79;710.0;0.0;13.0;5.1;0.613;33.89;13.9;74.0
2489;2025-04-14 17:00:00;1.17;4.6;8.1;13.0;61.0;30.0;16.16;709.8;0.0;14.0;5.2;0.445;34.02;14.4;71.0
2490;2025-04-14 18:00:00;1.16;4.4;9.3;14.0;57.0;34.0;17.69;709.9;0.0;13.0;5.1;0.165;33.52;15.1;78.0
2491;2025-04-14 19:00:00;1.16;3.9;11.6;15.7;50.0;30.0;17.72;710.1;0.0;14.0;5.1;0.021;32.32;13.7;76.0
2492;2025-04-14 20:00:00;1.18;3.3;12.5;16.0;47.0;28.0;15.52;710.6;0.0;15.0;5.0;0.0;30.87;9.2;116.0
2493;2025-04-14 21:00:00;1.22;3.6;14.0;17.7;44.0;24.0;16.93;711.2;0.0;16.0;5.0;0.0;29.92;7.8;87.0
2494;2025-04-14 22:00:00;1.21;3.5;14.3;18.1;39.0;30.0;17.12;711.7;0.0;21.0;5.1;0.0;28.57;8.2;73.0
2495;2025-04-14 23:00:00;1.27;3.6;13.7;17.5;32.0;42.0;23.8;711.9;0.0;35.0;5.1;0.0;26.24;6.2;55.0
2496;2025-04-15 00:00:00;1.29;3.2;9.0;12.5;31.0;35.0;21.92;712.0;0.0;52.0;5.0;0.0;24.15;10.3;41.0
2497;2025-04-15 01:00:00;1.29;3.1;7.4;10.7;30.0;37.0;20.98;712.2;0.0;61.0;4.8;0.0;22.5;7.7;47.0
2498;2025-04-15 02:00:00;1.29;3.2;10.8;14.2;24.0;33.0;19.6;712.0;0.0;70.0;4.8;0.0;21.07;7.2;52.0
2499;2025-04-15 03:00:00;1.3;3.3;14.4;17.9;18.0;33.0;21.42;711.9;0.0;74.0;4.9;0.0;20.04;6.7;43.0
2500;2025-04-15 04:00:00;1.29;7.3;17.1;24.6;14.0;37.0;25.56;711.9;0.0;78.0;4.9;0.0;19.35;3.3;48.0
2501;2025-04-15 05:00:00;1.33;7.6;26.1;33.9;4.0;38.0;24.82;711.9;0.0;80.0;4.9;0.0;18.83;1.9;45.0
2502;2025-04-15 06:00:00;1.43;9.2;26.5;35.9;3.0;40.0;27.64;712.3;0.0;82.0;4.9;0.0;18.62;1.9;341.0
2503;2025-04-15 07:00:00;1.51;7.0;24.1;31.3;7.0;54.0;32.8;713.0;0.0;80.0;5.0;0.014;19.15;3.6;12.0
2504;2025-04-15 08:00:00;1.51;8.9;22.3;31.5;10.0;59.0;33.52;713.7;0.0;79.0;5.0;0.049;19.5;4.9;40.0
2505;2025-04-15 09:00:00;1.52;11.6;20.2;32.1;17.0;60.0;41.18;714.1;0.0;73.0;4.9;0.251;21.01;3.9;68.0
2506;2025-04-15 10:00:00;1.59;13.8;24.7;38.7;29.0;54.0;49.09;714.3;0.0;62.0;4.9;0.481;23.6;5.9;25.0
2507;2025-04-15 11:00:00;1.51;10.1;18.8;29.1;39.0;65.0;51.56;714.6;0.0;56.0;4.9;0.355;24.35;11.7;48.0
2508;2025-04-15 12:00:00;1.38;6.4;14.7;21.3;56.0;62.0;41.88;714.7;0.0;48.0;5.0;0.692;25.93;10.5;56.0
2509;2025-04-15 13:00:00;1.38;5.2;13.4;18.9;73.0;60.0;35.8;714.4;0.0;41.0;5.0;0.767;27.35;13.7;62.0
2510;2025-04-15 14:00:00;1.29;4.1;7.9;12.3;68.0;64.0;40.84;713.9;0.0;35.0;5.0;0.776;28.56;19.4;66.0
2511;2025-04-15 15:00:00;1.27;4.0;6.2;10.5;55.0;62.0;44.13;713.4;0.0;35.0;5.0;0.662;28.91;20.4;72.0
2512;2025-04-15 16:00:00;1.31;4.4;7.2;11.9;48.0;55.0;34.26;713.1;0.0;40.0;4.9;0.561;28.35;20.6;69.0
2513;2025-04-15 17:00:00;1.3;4.1;6.9;11.3;48.0;67.0;31.98;712.9;0.0;39.0;4.8;0.306;28.1;18.2;79.0
2514;2025-04-15 18:00:00;1.3;3.8;6.9;10.9;46.0;46.0;32.03;712.7;0.0;40.0;4.9;0.165;27.81;16.8;87.0
2515;2025-04-15 19:00:00;1.34;3.5;9.0;12.7;41.0;40.0;27.98;712.8;0.0;44.0;4.9;0.027;26.93;15.8;86.0
2516;2025-04-15 20:00:00;1.32;2.9;9.1;12.2;46.0;43.0;24.74;713.2;0.0;44.0;4.9;0.0;26.09;17.8;75.0
2517;2025-04-15 21:00:00;1.27;2.6;8.5;11.4;47.0;46.0;25.42;713.8;0.0;47.0;4.9;0.0;24.85;16.9;64.0
2518;2025-04-15 22:00:00;1.29;2.5;6.5;9.2;39.0;43.0;19.82;714.1;0.0;55.0;4.9;0.0;24.09;16.1;68.0
2519;2025-04-15 23:00:00;1.28;2.3;4.2;6.7;38.0;41.0;20.7;714.3;0.0;62.0;4.8;0.0;22.84;16.5;74.0
2520;2025-04-16 00:00:00;1.29;2.6;4.1;7.0;38.0;37.0;20.1;714.1;0.0;68.0;4.7;0.0;21.75;15.4;69.0
2521;2025-04-16 01:00:00;1.28;2.2;3.8;6.2;38.0;30.0;22.65;713.8;0.0;71.0;4.8;0.0;21.15;13.5;63.0
2522;2025-04-16 02:00:00;1.28;2.1;3.1;5.5;37.0;29.0;25.13;713.3;0.0;73.0;4.8;0.0;20.58;11.6;56.0
2523;2025-04-16 03:00:00;1.28;2.1;3.4;5.8;35.0;32.0;24.87;713.0;0.0;75.0;4.8;0.0;20.19;10.1;61.0
2524;2025-04-16 04:00:00;1.27;2.2;3.4;5.8;34.0;31.0;24.63;712.6;0.0;75.0;4.8;0.0;20.12;8.6;59.0
2525;2025-04-16 05:00:00;1.27;2.1;3.5;5.9;33.0;33.0;25.1;712.2;0.0;76.0;4.7;0.0;19.94;9.4;56.0
2526;2025-04-16 06:00:00;1.29;2.3;6.4;8.8;29.0;35.0;25.85;712.3;0.0;78.0;4.8;0.0;19.73;8.2;62.0
2527;2025-04-16 07:00:00;1.36;3.3;13.4;16.9;20.0;32.0;26.24;712.4;0.0;78.0;4.8;0.014;19.69;7.3;57.0
2528;2025-04-16 08:00:00;1.41;5.5;13.4;19.1;21.0;36.0;26.48;712.6;0.0;77.0;4.7;0.126;20.12;7.8;59.0
2529;2025-04-16 09:00:00;1.44;6.3;11.9;18.5;25.0;37.0;26.22;712.7;0.0;71.0;4.7;0.251;21.29;7.5;55.0
2530;2025-04-16 10:00:00;1.41;6.0;10.6;16.9;33.0;36.0;28.51;712.7;0.0;64.0;4.7;0.454;22.73;7.7;51.0
2531;2025-04-16 11:00:00;1.37;6.1;11.1;17.5;41.0;40.0;31.1;712.6;0.0;56.0;4.7;0.464;24.09;8.1;33.0
2532;2025-04-16 12:00:00;1.34;4.9;9.8;14.9;50.0;38.0;31.85;712.2;0.0;49.0;4.7;0.759;25.51;9.2;39.0
2533;2025-04-16 13:00:00;1.28;3.5;6.1;9.8;55.0;41.0;32.6;711.4;0.0;39.0;4.6;0.748;27.74;9.7;75.0
2534;2025-04-16 14:00:00;1.23;2.8;4.6;7.6;58.0;35.0;29.57;710.6;0.0;31.0;4.6;0.706;29.61;10.5;110.0
2535;2025-04-16 15:00:00;1.21;2.6;4.0;6.8;60.0;30.0;27.39;709.8;0.0;27.0;4.5;0.662;31.18;11.2;100.0
2536;2025-04-16 16:00:00;1.17;2.7;4.4;7.3;61.0;32.0;26.55;709.2;0.0;21.0;4.7;0.482;31.73;15.6;103.0
2537;2025-04-16 17:00:00;1.14;2.7;5.4;8.3;59.0;35.0;25.59;708.9;0.0;18.0;4.6;0.29;31.86;15.5;100.0
2538;2025-04-16 18:00:00;1.15;2.8;6.9;10.0;55.0;32.0;22.42;708.8;0.0;18.0;4.7;0.15;31.55;15.6;101.0
2539;2025-04-16 19:00:00;1.15;2.5;7.5;10.2;51.0;30.0;20.03;709.0;0.0;19.0;4.6;0.035;30.75;15.5;100.0
2540;2025-04-16 20:00:00;1.15;2.3;8.2;10.7;49.0;29.0;18.17;709.1;0.0;20.0;4.7;0.0;29.98;12.4;115.0
2541;2025-04-16 21:00:00;1.19;2.4;8.0;10.6;45.0;27.0;17.77;709.5;0.0;26.0;4.7;0.0;28.8;15.6;100.0
2542;2025-04-16 22:00:00;1.28;3.1;9.1;12.4;33.0;36.0;19.43;709.8;0.0;42.0;4.7;0.0;26.26;12.0;60.0
2543;2025-04-16 23:00:00;1.31;2.6;11.3;14.2;29.0;38.0;19.07;710.0;0.0;46.0;4.7;0.0;25.31;10.3;45.0
2544;2025-04-17 00:00:00;1.28;2.5;8.6;11.3;31.0;34.0;18.76;710.1;0.0;52.0;4.7;0.0;24.07;10.5;40.0
2545;2025-04-17 01:00:00;1.27;2.3;6.3;8.8;32.0;34.0;20.75;709.9;0.0;55.0;4.6;0.0;23.06;10.4;53.0
2546;2025-04-17 02:00:00;1.26;2.3;4.4;7.0;33.0;33.0;21.2;709.6;0.0;61.0;4.7;0.0;21.89;8.7;52.0
2547;2025-04-17 03:00:00;1.26;3.2;14.1;17.5;20.0;28.0;18.82;709.4;0.0;69.0;4.6;0.0;20.5;8.4;16.0
2548;2025-04-17 04:00:00;1.25;4.6;19.2;24.0;12.0;27.0;20.16;709.2;0.0;74.0;4.5;0.0;19.69;6.6;26.0
2549;2025-04-17 05:00:00;1.29;2.9;17.6;20.6;12.0;29.0;20.36;709.2;0.0;78.0;4.6;0.0;19.12;4.8;14.0
2550;2025-04-17 06:00:00;1.41;2.5;17.3;19.9;11.0;34.0;21.39;709.1;0.0;80.0;4.6;0.0;18.74;2.4;25.0
2551;2025-04-17 07:00:00;1.37;4.4;17.8;22.4;10.0;42.0;27.87;709.4;0.0;80.0;4.6;0.006;18.89;3.1;27.0
2552;2025-04-17 08:00:00;1.39;7.1;17.3;24.7;11.0;43.0;30.63;709.6;0.0;78.0;4.7;0.04;19.22;4.5;28.0
2553;2025-04-17 09:00:00;1.45;10.2;18.4;28.9;13.0;51.0;41.4;709.8;0.0;75.0;4.7;0.122;19.95;4.7;37.0
2554;2025-04-17 10:00:00;1.46;11.2;15.7;27.3;23.0;58.0;46.58;709.7;0.0;67.0;4.7;0.448;21.81;6.3;63.0
2555;2025-04-17 11:00:00;1.53;18.8;25.2;44.2;25.0;60.0;44.27;709.8;0.0;62.0;4.6;0.438;22.92;9.4;74.0
2556;2025-04-17 12:00:00;1.55;15.5;30.1;45.8;36.0;67.0;50.25;709.6;0.0;57.0;4.6;0.666;24.2;9.2;26.0
2557;2025-04-17 13:00:00;1.51;7.5;24.4;32.1;65.0;75.0;55.0;709.3;0.0;51.0;4.6;0.622;25.87;8.8;49.0
2558;2025-04-17 14:00:00;1.47;3.8;14.6;18.6;98.0;65.0;52.71;708.8;0.0;45.0;4.6;0.658;27.8;9.4;46.0
2559;2025-04-17 15:00:00;1.4;3.4;10.6;14.3;84.0;57.0;45.97;708.2;0.0;40.0;4.6;0.55;29.65;10.4;43.0
2560;2025-04-17 16:00:00;1.29;2.9;5.8;9.0;66.0;48.0;38.06;707.4;0.0;32.0;4.7;0.426;31.4;13.2;93.0
2561;2025-04-17 17:00:00;1.24;2.7;5.0;7.9;59.0;37.0;27.89;707.0;0.0;27.0;4.6;0.381;32.62;13.7;104.0
2562;2025-04-17 18:00:00;1.2;2.6;5.3;8.2;58.0;32.0;24.59;706.7;0.0;22.0;4.7;0.177;33.37;13.3;97.0
2563;2025-04-17 19:00:00;1.19;2.5;6.2;8.9;55.0;32.0;22.93;706.8;0.0;22.0;4.6;0.024;32.51;13.3;91.0
2564;2025-04-17 20:00:00;1.21;2.4;8.1;10.7;49.0;35.0;21.22;706.8;0.0;24.0;4.6;0.0;30.73;11.7;119.0
2565;2025-04-17 21:00:00;1.2;2.4;7.7;10.4;49.0;36.0;21.81;707.1;0.0;25.0;4.5;0.0;29.58;12.5;113.0
2566;2025-04-17 22:00:00;1.18;2.3;5.6;8.1;51.0;34.0;23.0;707.4;0.0;27.0;4.6;0.0;28.54;11.6;118.0
2567;2025-04-17 23:00:00;1.19;2.2;5.8;8.2;50.0;30.0;22.79;707.7;0.0;29.0;4.6;0.0;27.49;11.6;75.0
2568;2025-04-18 00:00:00;1.25;2.3;9.8;12.3;38.0;31.0;23.03;708.1;0.0;37.0;4.6;0.0;25.77;9.9;53.0
2569;2025-04-18 01:00:00;1.31;2.5;7.5;10.2;34.0;38.0;26.32;707.9;0.0;51.0;4.6;0.0;23.69;10.8;51.0
2570;2025-04-18 02:00:00;1.31;2.4;4.9;7.6;36.0;39.0;28.22;707.7;0.0;56.0;4.6;0.0;22.42;9.1;42.0
2571;2025-04-18 03:00:00;1.31;2.4;5.0;7.6;34.0;38.0;30.53;707.4;0.0;61.0;4.6;0.0;21.38;6.4;21.0
2572;2025-04-18 04:00:00;1.32;2.6;12.9;15.7;23.0;36.0;30.64;707.4;0.0;65.0;4.6;0.0;20.57;7.2;5.0
2573;2025-04-18 05:00:00;1.35;2.5;14.0;16.7;21.0;35.0;30.69;707.8;0.0;67.0;4.7;0.0;20.08;6.0;3.0
2574;2025-04-18 06:00:00;1.3;2.6;13.2;16.0;21.0;36.0;29.45;708.1;0.0;68.0;4.6;0.0;19.77;5.7;355.0
2575;2025-04-18 07:00:00;1.3;3.5;12.4;16.1;20.0;31.0;30.11;708.5;0.0;69.0;4.7;0.021;19.56;5.5;307.0
2576;2025-04-18 08:00:00;1.32;4.2;10.9;15.4;24.0;34.0;29.83;708.8;0.0;66.0;4.6;0.119;20.4;5.4;314.0
2577;2025-04-18 09:00:00;1.34;5.7;11.0;17.0;29.0;38.0;30.96;709.1;0.0;61.0;4.7;0.311;21.9;5.0;360.0
2578;2025-04-18 10:00:00;1.41;8.8;16.6;25.7;33.0;43.0;32.75;709.2;0.0;53.0;4.6;0.474;24.44;5.0;44.0
2579;2025-04-18 11:00:00;1.61;23.9;33.1;57.2;25.0;47.0;38.2;709.3;0.0;48.0;4.6;0.478;26.05;6.8;51.0
2580;2025-04-18 12:00:00;1.47;8.0;20.8;29.0;62.0;69.0;50.05;709.0;0.0;43.0;4.7;0.729;27.43;8.5;55.0
2581;2025-04-18 13:00:00;1.48;3.9;15.3;19.4;95.0;55.0;45.88;708.6;0.0;39.0;4.6;0.524;29.19;9.9;56.0
2582;2025-04-18 14:00:00;1.44;3.4;12.6;16.2;93.0;60.0;45.64;708.1;0.0;37.0;4.6;0.477;30.35;11.4;50.0
2583;2025-04-18 15:00:00;1.35;3.2;8.0;11.4;82.0;55.0;43.28;707.3;0.0;31.0;4.7;0.605;32.06;12.8;50.0
2584;2025-04-18 16:00:00;1.28;2.9;6.2;9.3;78.0;45.0;34.08;706.8;0.0;26.0;4.6;0.457;33.26;11.2;74.0
2585;2025-04-18 17:00:00;1.21;2.5;4.3;7.1;71.0;38.0;30.29;706.6;0.0;23.0;4.6;0.274;33.3;11.5;113.0
2586;2025-04-18 18:00:00;1.25;2.5;4.8;7.5;63.0;36.0;27.91;706.4;0.0;26.0;4.6;0.129;33.04;10.5;98.0
2587;2025-04-18 19:00:00;1.29;;7.4;10.1;53.0;35.0;27.96;706.4;0.0;29.0;4.6;0.016;31.86;10.9;76.0
2588;2025-04-18 20:00:00;1.3;2.3;5.8;8.4;51.0;38.0;33.16;706.7;0.0;32.0;4.5;0.0;30.73;12.7;102.0
2589;2025-04-18 21:00:00;1.31;2.4;5.3;7.8;45.0;39.0;31.9;707.2;0.0;39.0;4.5;0.0;29.13;14.4;117.0
2590;2025-04-18 22:00:00;1.3;2.2;4.4;6.8;45.0;50.0;36.55;707.5;0.0;42.0;4.5;0.0;27.84;15.3;119.0
2591;2025-04-18 23:00:00;1.29;2.1;3.9;6.3;44.0;46.0;39.07;708.0;0.0;46.0;4.4;0.0;26.95;12.6;101.0
2592;2025-04-19 00:00:00;1.29;2.1;3.0;5.3;43.0;40.0;;707.8;0.0;51.0;4.5;0.0;25.97;14.7;102.0
2593;2025-04-19 01:00:00;1.29;2.0;3.0;5.3;43.0;44.0;40.6;707.5;0.0;55.0;4.5;0.0;25.09;10.6;85.0
2594;2025-04-19 02:00:00;1.31;2.0;6.1;8.3;38.0;43.0;;707.7;0.0;58.0;4.5;0.0;24.53;8.3;27.0
2595;2025-04-19 03:00:00;1.33;2.1;10.8;13.1;29.0;42.0;;707.9;0.0;62.0;4.5;0.0;23.71;6.7;9.0
2596;2025-04-19 04:00:00;1.32;2.2;9.5;12.0;26.0;42.0;;707.9;0.0;67.0;4.5;0.0;22.86;6.6;42.0
2597;2025-04-19 05:00:00;1.32;2.1;4.9;7.2;30.0;38.0;37.46;708.1;0.0;71.0;4.6;0.0;22.25;5.7;42.0
2598;2025-04-19 06:00:00;1.33;2.1;5.4;7.7;27.0;34.0;;708.7;0.0;74.0;4.5;0.0;21.8;6.5;64.0
2599;2025-04-19 07:00:00;1.35;2.3;8.2;10.7;22.0;43.0;37.83;709.1;0.0;76.0;4.5;0.012;21.44;5.7;59.0
2600;2025-04-19 08:00:00;1.41;3.9;10.9;15.1;18.0;45.0;39.6;709.4;0.0;76.0;4.5;0.084;21.66;5.9;59.0
2601;2025-04-19 09:00:00;1.41;8.5;14.8;23.5;16.0;47.0;39.11;709.6;0.0;73.0;4.5;0.178;22.39;6.6;41.0
2602;2025-04-19 10:00:00;1.4;7.8;13.7;21.7;22.0;50.0;41.94;709.9;0.0;68.0;4.6;0.291;23.68;6.3;56.0
2603;2025-04-19 11:00:00;1.4;9.8;17.7;27.8;23.0;45.0;43.28;710.1;0.0;65.0;4.5;0.332;24.34;8.6;32.0
2604;2025-04-19 12:00:00;1.4;7.4;14.6;22.3;35.0;52.0;48.04;709.9;0.0;62.0;4.6;0.565;25.27;8.9;39.0
2605;2025-04-19 13:00:00;1.42;4.4;11.5;16.1;54.0;50.0;;709.3;0.0;58.0;4.6;0.592;26.39;10.2;32.0
2606;2025-04-19 14:00:00;1.43;2.9;8.4;11.5;68.0;56.0;;708.5;0.0;53.0;4.6;0.582;27.91;12.3;44.0
2607;2025-04-19 15:00:00;1.4;2.7;6.4;9.4;58.0;62.0;60.95;707.7;0.0;46.0;4.6;0.516;29.38;14.4;57.0
2608;2025-04-19 16:00:00;1.36;2.6;5.1;8.0;54.0;49.0;47.63;707.0;0.0;41.0;4.5;0.485;30.33;14.7;76.0
2609;2025-04-19 17:00:00;1.32;2.3;3.8;6.3;56.0;48.0;42.24;706.8;0.0;39.0;4.6;0.343;30.8;14.1;103.0
2610;2025-04-19 18:00:00;1.31;2.2;3.8;6.2;51.0;42.0;40.86;706.5;0.0;40.0;4.6;0.16;30.46;16.0;102.0
2611;2025-04-19 19:00:00;1.33;2.1;4.5;6.8;48.0;45.0;37.95;706.6;0.0;42.0;4.6;0.037;29.88;14.8;103.0
2612;2025-04-19 20:00:00;1.34;2.2;4.6;7.0;45.0;40.0;38.08;706.9;0.0;46.0;4.6;0.0;28.78;17.1;120.0
2613;2025-04-19 21:00:00;1.34;2.0;4.1;6.3;45.0;52.0;42.01;707.3;0.0;48.0;4.6;0.0;28.15;16.1;117.0
2614;2025-04-19 22:00:00;1.36;2.0;4.5;6.7;44.0;47.0;45.26;707.6;0.0;50.0;4.5;0.0;27.36;14.3;116.0
2615;2025-04-19 23:00:00;1.38;;5.5;7.7;37.0;46.0;45.04;708.1;0.0;57.0;4.5;0.0;26.09;11.3;95.0
2616;2025-04-20 00:00:00;1.36;;3.9;6.2;33.0;48.0;44.87;708.1;0.0;64.0;4.5;0.0;24.75;11.2;103.0
2617;2025-04-20 01:00:00;1.33;1.9;2.7;4.9;33.0;42.0;35.66;707.9;0.0;68.0;4.5;0.0;23.75;10.0;72.0
2618;2025-04-20 02:00:00;1.33;1.9;3.9;6.1;31.0;36.0;30.65;707.8;0.0;69.0;4.6;0.0;23.13;8.1;44.0
2619;2025-04-20 03:00:00;1.33;2.9;14.2;17.4;18.0;34.0;31.01;707.6;0.0;71.0;4.5;0.0;22.74;5.5;33.0
2620;2025-04-20 04:00:00;1.35;3.9;18.3;22.5;12.0;39.0;35.68;707.6;0.0;72.0;4.5;0.0;22.59;5.7;49.0
2621;2025-04-20 05:00:00;1.34;2.5;11.6;14.3;19.0;44.0;35.82;707.9;0.0;73.0;4.5;0.0;22.24;4.9;44.0
2622;2025-04-20 06:00:00;1.36;3.9;16.2;20.2;13.0;41.0;35.39;708.3;0.0;75.0;4.5;0.0;21.98;3.9;9.0
2623;2025-04-20 07:00:00;1.38;2.2;9.6;11.9;20.0;44.0;37.91;709.4;0.0;75.0;4.5;0.004;22.08;7.9;8.0
2624;2025-04-20 08:00:00;1.32;2.7;7.1;10.1;24.0;41.0;37.17;710.7;0.0;75.0;4.5;0.06;21.86;9.1;5.0
2625;2025-04-20 09:00:00;1.25;2.3;5.5;8.1;34.0;43.0;39.26;711.8;0.0;63.0;4.5;0.048;21.33;14.8;6.0
2626;2025-04-20 10:00:00;1.16;2.5;6.4;9.1;45.0;322.0;62.31;712.9;0.0;49.0;4.5;0.09;20.48;11.8;50.0
2627;2025-04-20 11:00:00;1.1;2.5;5.5;8.2;50.0;156.0;37.85;713.3;0.0;36.0;;0.143;21.7;12.0;28.0
2628;2025-04-20 12:00:00;1.07;2.4;4.4;7.0;54.0;84.0;22.3;713.3;0.0;31.0;;0.207;22.67;9.1;24.0
2629;2025-04-20 13:00:00;1.06;2.5;4.0;6.7;58.0;53.0;15.74;712.8;0.0;27.0;;0.584;24.61;8.7;109.0
2630;2025-04-20 14:00:00;1.11;2.6;3.9;6.7;62.0;50.0;17.09;712.2;0.0;20.0;;0.775;26.44;9.2;23.0
2631;2025-04-20 15:00:00;1.12;2.7;4.8;7.8;63.0;58.0;30.54;711.7;0.0;16.0;;0.678;27.28;8.4;47.0
2632;2025-04-20 16:00:00;1.15;2.8;5.8;8.8;63.0;65.0;38.04;711.3;0.0;15.0;4.6;0.552;27.58;8.2;55.0
2633;2025-04-20 17:00:00;1.09;2.6;5.6;8.5;61.0;64.0;23.73;711.0;0.0;18.0;4.6;0.394;28.08;7.0;35.0
2634;2025-04-20 18:00:00;1.1;2.4;6.5;9.1;59.0;58.0;46.61;710.9;0.0;20.0;4.6;0.174;27.9;7.6;86.0
2635;2025-04-20 19:00:00;1.1;2.0;5.7;7.9;63.0;53.0;22.7;711.1;0.0;20.0;4.5;0.032;26.87;7.4;134.0
2636;2025-04-20 20:00:00;1.16;2.0;7.6;9.8;60.0;48.0;22.59;711.5;0.0;23.0;4.5;0.0;25.55;8.7;107.0
2637;2025-04-20 21:00:00;1.17;;7.8;10.0;57.0;53.0;26.01;711.9;0.0;24.0;4.5;0.0;25.07;8.0;95.0
2638;2025-04-20 22:00:00;1.23;;10.0;12.3;51.0;54.0;22.29;712.1;0.0;27.0;4.6;0.0;24.25;7.8;75.0
2639;2025-04-20 23:00:00;1.12;;5.5;7.6;60.0;53.0;23.44;712.2;0.0;27.0;4.5;0.0;23.87;10.7;125.0
2640;2025-04-21 00:00:00;1.1;;4.6;6.8;61.0;42.0;16.58;712.0;0.0;23.0;4.5;0.0;23.26;7.8;107.0
2641;2025-04-21 01:00:00;1.11;1.9;4.8;7.0;59.0;36.0;14.46;711.8;0.0;20.0;4.6;0.0;22.62;5.0;93.0
2642;2025-04-21 02:00:00;1.08;2.0;3.5;5.7;60.0;34.0;14.75;711.4;0.0;20.0;4.6;0.0;22.55;6.0;99.0
2643;2025-04-21 03:00:00;1.07;1.9;3.4;5.5;59.0;33.0;14.88;711.2;0.0;21.0;4.6;0.0;22.31;5.6;77.0
2644;2025-04-21 04:00:00;1.32;3.2;36.7;40.1;12.0;32.0;15.1;711.2;0.0;26.0;4.5;0.0;20.86;3.5;334.0
2645;2025-04-21 05:00:00;1.37;2.2;32.8;35.1;11.0;59.0;28.86;711.4;0.0;29.0;4.6;0.0;19.95;2.5;256.0
2646;2025-04-21 06:00:00;1.31;2.3;24.2;26.6;21.0;58.0;32.11;711.7;0.0;28.0;4.6;0.0;19.87;4.5;221.0
2647;2025-04-21 07:00:00;1.27;4.8;27.6;32.6;18.0;58.0;28.45;712.1;0.0;26.0;4.6;0.023;20.01;5.5;216.0
2648;2025-04-21 08:00:00;1.39;13.3;31.4;44.9;18.0;58.0;28.47;712.5;0.0;23.0;4.5;0.147;22.09;3.6;231.0
2649;2025-04-21 09:00:00;1.49;21.2;34.0;55.4;25.0;64.0;29.06;712.9;0.0;21.0;4.6;0.325;24.58;3.9;29.0
2650;2025-04-21 10:00:00;1.52;30.1;39.0;69.3;30.0;70.0;29.42;712.8;0.0;21.0;4.6;0.48;25.58;6.5;42.0
2651;2025-04-21 11:00:00;1.27;6.8;18.8;25.8;57.0;67.0;33.94;712.4;0.0;21.0;4.5;0.623;26.42;7.9;40.0
2652;2025-04-21 12:00:00;1.25;4.1;12.6;16.9;75.0;48.0;21.55;711.8;0.0;19.0;4.5;0.742;27.39;8.7;46.0
2653;2025-04-21 13:00:00;1.25;3.4;10.9;14.5;88.0;51.0;22.06;711.3;0.0;18.0;4.5;0.759;28.41;8.9;49.0
2654;2025-04-21 14:00:00;1.25;3.1;10.1;13.5;91.0;54.0;23.04;710.8;0.0;19.0;4.5;0.72;29.06;11.2;44.0
2655;2025-04-21 15:00:00;1.27;2.8;8.1;11.1;91.0;55.0;25.93;710.3;0.0;21.0;4.5;0.648;29.82;13.9;60.0
2656;2025-04-21 16:00:00;1.3;3.2;6.9;10.3;56.0;65.0;34.63;709.9;0.0;26.0;4.5;0.482;29.12;18.5;70.0
2657;2025-04-21 17:00:00;1.32;3.3;5.6;9.2;40.0;61.0;33.45;709.7;0.0;33.0;4.5;0.354;27.89;21.0;75.0
2658;2025-04-21 18:00:00;1.35;3.3;7.3;10.8;37.0;51.0;25.62;709.8;0.0;35.0;4.5;0.163;27.32;16.4;79.0
2659;2025-04-21 19:00:00;1.35;2.7;7.7;10.6;35.0;40.0;25.26;710.0;0.0;36.0;;0.025;26.67;15.1;90.0
2660;2025-04-21 20:00:00;1.31;2.7;5.6;8.6;36.0;33.0;26.05;710.1;0.0;38.0;4.6;0.0;26.0;12.1;122.0
2661;2025-04-21 21:00:00;1.32;2.3;6.6;9.1;34.0;30.0;19.41;710.4;0.0;39.0;4.5;0.0;25.49;10.1;114.0
2662;2025-04-21 22:00:00;1.3;2.2;5.4;7.9;35.0;27.0;19.36;710.7;0.0;40.0;4.5;0.0;25.33;11.6;125.0
2663;2025-04-21 23:00:00;1.31;2.1;6.4;8.7;34.0;28.0;19.75;710.8;0.0;40.0;4.5;0.0;25.45;10.4;91.0
2664;2025-04-22 00:00:00;1.32;2.7;6.3;9.3;28.0;30.0;19.07;710.8;0.0;47.0;4.5;0.0;24.61;8.7;75.0
2665;2025-04-22 01:00:00;1.31;2.4;5.7;8.3;24.0;37.0;21.25;710.4;0.0;52.0;4.5;0.0;23.93;9.4;72.0
2666;2025-04-22 02:00:00;1.29;2.1;3.7;6.0;22.0;33.0;21.79;709.9;0.0;57.0;4.4;0.0;22.93;9.3;54.0
2667;2025-04-22 03:00:00;1.29;2.1;2.9;5.2;28.0;28.0;20.08;709.4;0.0;56.0;4.2;0.0;23.0;8.4;96.0
2668;2025-04-22 04:00:00;1.32;5.7;12.5;18.4;12.0;23.0;21.42;709.2;0.0;58.0;4.2;0.0;22.57;6.8;19.0
2669;2025-04-22 05:00:00;1.31;2.8;7.0;10.0;15.0;38.0;23.8;709.1;0.0;61.0;4.3;0.0;21.87;6.9;48.0
2670;2025-04-22 06:00:00;1.33;6.7;14.9;21.9;6.0;34.0;24.76;709.3;0.0;62.0;4.4;0.0;21.73;7.4;27.0
2671;2025-04-22 07:00:00;1.36;6.6;13.6;20.5;7.0;40.0;29.83;709.8;0.0;63.0;4.4;0.002;21.39;7.5;60.0
2672;2025-04-22 08:00:00;1.4;4.9;11.7;16.8;9.0;53.0;31.93;710.2;0.0;65.0;4.4;0.018;20.94;7.5;65.0
2673;2025-04-22 09:00:00;1.44;5.8;11.3;17.4;12.0;50.0;33.64;710.4;0.0;65.0;4.4;0.048;21.04;7.9;63.0
2674;2025-04-22 10:00:00;1.46;6.8;11.9;19.1;13.0;51.0;34.38;710.6;0.0;62.0;4.5;0.084;21.59;7.5;56.0
2675;2025-04-22 11:00:00;1.46;5.3;10.6;16.2;21.0;47.0;37.3;710.5;0.0;59.0;4.4;0.186;22.43;9.0;53.0
2676;2025-04-22 12:00:00;1.42;4.8;8.6;13.5;30.0;56.0;46.13;710.1;0.0;53.0;4.5;0.34;24.13;7.0;35.0
2677;2025-04-22 13:00:00;1.39;3.6;8.1;11.9;43.0;42.0;36.06;709.3;0.0;45.0;4.5;0.394;26.28;6.3;66.0
2678;2025-04-22 14:00:00;1.35;3.4;5.7;9.4;42.0;35.0;33.5;708.6;0.0;36.0;4.5;0.651;28.2;13.1;91.0
2679;2025-04-22 15:00:00;1.33;3.3;5.5;9.0;41.0;37.0;27.7;708.1;0.0;34.0;4.6;0.63;29.3;14.7;93.0
2680;2025-04-22 16:00:00;1.34;3.2;5.8;9.3;41.0;37.0;27.8;707.6;0.0;34.0;4.6;0.413;29.49;13.6;94.0
2681;2025-04-22 17:00:00;1.33;2.8;5.6;8.7;41.0;38.0;29.51;707.3;0.0;32.0;4.4;0.271;29.83;11.1;108.0
2682;2025-04-22 18:00:00;1.35;3.0;8.2;11.5;35.0;36.0;29.97;707.0;0.0;31.0;4.6;0.129;29.79;11.2;92.0
2683;2025-04-22 19:00:00;1.38;2.9;8.6;11.8;29.0;36.0;30.35;707.0;0.0;36.0;4.6;0.024;28.79;15.4;77.0
2684;2025-04-22 20:00:00;1.38;2.6;6.4;9.2;25.0;53.0;30.32;707.7;0.0;51.0;4.6;0.0;25.58;20.3;73.0
2685;2025-04-22 21:00:00;1.33;2.2;5.3;7.8;29.0;47.0;28.56;708.6;0.0;52.0;4.5;0.0;24.32;16.6;78.0
2686;2025-04-22 22:00:00;1.33;3.6;11.9;15.7;29.0;37.0;23.93;709.4;0.0;48.0;4.5;0.0;24.01;11.4;71.0
2687;2025-04-22 23:00:00;1.32;2.2;7.5;10.0;31.0;28.0;19.9;709.5;0.0;54.0;4.6;0.0;22.87;13.0;62.0
2688;2025-04-23 00:00:00;1.35;2.2;8.7;11.0;27.0;24.0;15.83;709.0;0.0;57.0;4.5;0.0;22.52;10.5;52.0
2689;2025-04-23 01:00:00;1.34;2.1;7.1;9.3;25.0;32.0;18.57;708.6;0.0;61.0;4.4;0.0;22.2;8.7;48.0
2690;2025-04-23 02:00:00;1.31;2.0;4.3;6.5;24.0;33.0;20.69;708.1;0.0;62.0;4.6;0.0;22.09;9.5;43.0
2691;2025-04-23 03:00:00;1.3;2.1;5.0;7.4;20.0;35.0;22.11;707.7;0.0;63.0;4.5;0.0;22.14;6.9;41.0
2692;2025-04-23 04:00:00;1.31;4.9;11.5;16.3;10.0;39.0;22.48;707.7;0.0;64.0;4.5;0.0;21.92;7.0;25.0
2693;2025-04-23 05:00:00;1.31;;8.6;11.3;11.0;34.0;24.53;707.8;0.0;65.0;4.5;0.0;21.71;4.7;41.0
2694;2025-04-23 06:00:00;1.32;;7.0;9.5;11.0;36.0;22.97;708.0;0.0;67.0;4.6;0.0;21.26;4.9;50.0
2695;2025-04-23 07:00:00;1.36;;10.0;14.0;8.0;32.0;31.11;708.5;0.0;69.0;4.6;0.002;20.83;5.5;61.0
2696;2025-04-23 08:00:00;1.44;4.0;13.3;21.9;7.0;39.0;34.24;709.2;0.0;69.0;4.6;0.012;20.58;7.2;53.0
2697;2025-04-23 09:00:00;1.5;1.5;13.7;21.5;8.0;52.0;39.22;709.6;0.0;70.0;4.6;0.025;20.37;6.0;44.0
2698;2025-04-23 10:00:00;1.54;;13.7;22.4;8.0;40.0;33.92;709.8;0.0;70.0;4.6;0.047;20.38;5.7;43.0
2699;2025-04-23 11:00:00;1.56;0.6;17.1;28.3;9.0;40.0;30.53;710.0;0.0;70.0;4.6;0.066;20.82;5.2;13.0
2700;2025-04-23 12:00:00;1.61;0.9;18.2;27.7;11.0;62.0;44.47;709.9;0.0;68.0;4.6;0.078;21.52;4.6;52.0
2701;2025-04-23 13:00:00;1.56;;19.3;27.7;16.0;73.0;54.67;709.7;0.0;63.0;4.6;0.138;22.47;3.2;31.0
2702;2025-04-23 14:00:00;1.51;9.8;18.4;26.8;32.0;65.0;55.01;709.3;0.0;54.0;;0.31;24.66;4.6;14.0
2703;2025-04-23 15:00:00;1.49;10.2;13.0;17.2;48.0;67.0;62.6;708.7;0.0;48.0;;0.312;25.87;8.1;85.0
2704;2025-04-23 16:00:00;1.45;9.3;9.9;13.0;48.0;57.0;52.9;708.2;0.0;47.0;;0.129;25.79;8.7;75.0
2705;2025-04-23 17:00:00;1.49;11.0;10.4;13.6;47.0;51.0;;708.0;0.0;45.0;;0.116;26.29;8.1;54.0
2706;2025-04-23 18:00:00;1.5;18.2;12.8;15.8;40.0;53.0;49.44;708.1;0.0;43.0;;0.062;26.74;6.4;81.0
2707;2025-04-23 19:00:00;1.48;21.3;12.0;14.9;36.0;58.0;47.03;708.3;0.0;43.0;;0.023;26.97;7.0;108.0
2708;2025-04-23 20:00:00;1.44;18.1;12.3;15.1;25.0;47.0;40.0;708.5;0.0;46.0;4.7;0.0;26.41;10.8;94.0
2709;2025-04-23 21:00:00;1.38;14.5;9.4;12.2;19.0;41.0;30.71;708.7;0.0;49.0;4.5;0.0;25.71;11.8;72.0
2710;2025-04-23 22:00:00;1.34;13.4;6.4;8.9;25.0;43.0;21.94;708.9;0.0;50.0;4.6;0.0;25.13;11.3;87.0
2711;2025-04-23 23:00:00;1.31;13.7;6.0;8.6;26.0;34.0;25.34;708.8;0.0;50.0;4.6;0.0;24.28;11.0;70.0
2712;2025-04-24 00:00:00;1.31;13.2;8.6;11.6;24.0;38.0;21.96;708.7;0.0;51.0;4.6;0.0;23.52;10.2;54.0
2713;2025-04-24 01:00:00;1.31;13.6;9.4;11.9;21.0;33.0;20.47;708.5;0.0;51.0;4.6;0.0;22.91;8.9;44.0
2714;2025-04-24 02:00:00;1.33;11.3;14.2;17.0;13.0;30.0;19.29;708.1;0.0;53.0;4.5;0.0;22.28;7.3;8.0
2715;2025-04-24 03:00:00;1.3;3.6;10.4;12.9;16.0;37.0;22.84;707.9;0.0;57.0;4.6;0.0;21.75;6.7;22.0
2716;2025-04-24 04:00:00;1.31;2.3;9.4;11.9;19.0;36.0;25.14;707.9;0.0;58.0;4.5;0.0;21.47;7.2;18.0
2717;2025-04-24 05:00:00;1.36;2.3;13.9;16.4;14.0;38.0;23.58;708.1;0.0;58.0;4.7;0.0;21.37;5.1;14.0
2718;2025-04-24 06:00:00;1.38;2.5;15.9;18.5;11.0;41.0;24.87;708.3;0.0;59.0;4.6;0.0;21.28;5.6;32.0
2719;2025-04-24 07:00:00;1.42;4.2;16.9;21.3;11.0;47.0;28.67;708.7;0.0;61.0;4.5;0.003;21.1;5.1;19.0
2720;2025-04-24 08:00:00;1.54;8.4;21.4;30.1;7.0;55.0;34.72;709.3;0.0;63.0;4.6;0.021;21.08;2.3;16.0
2721;2025-04-24 09:00:00;1.59;10.1;20.1;30.5;9.0;72.0;46.17;709.5;0.0;64.0;4.5;0.047;20.92;2.7;10.0
2722;2025-04-24 10:00:00;1.58;7.8;16.6;24.7;12.0;58.0;45.84;709.8;0.0;66.0;4.5;0.08;21.07;2.2;1.0
2723;2025-04-24 11:00:00;1.55;7.4;14.9;22.5;17.0;51.0;41.31;709.9;0.0;62.0;4.6;0.152;22.23;3.1;342.0
2724;2025-04-24 12:00:00;1.63;9.1;17.3;26.7;21.0;53.0;40.92;709.9;0.0;57.0;4.6;0.272;23.56;6.0;347.0
2725;2025-04-24 13:00:00;1.64;5.3;16.6;22.1;26.0;53.0;41.31;709.7;0.0;57.0;4.6;0.123;23.48;7.5;353.0
2726;2025-04-24 14:00:00;1.49;4.2;11.2;15.6;42.0;50.0;38.26;709.4;0.0;52.0;4.5;0.339;24.82;8.5;60.0
2727;2025-04-24 15:00:00;1.47;3.6;9.4;13.3;55.0;41.0;37.01;708.7;0.0;47.0;4.6;0.486;26.47;9.1;44.0
2728;2025-04-24 16:00:00;1.43;3.4;8.8;12.5;50.0;41.0;40.42;708.2;0.0;43.0;4.6;0.328;27.48;10.1;57.0
2729;2025-04-24 17:00:00;1.41;3.7;7.8;11.7;41.0;39.0;35.42;708.0;0.0;39.0;4.5;0.327;28.47;13.4;65.0
2730;2025-04-24 18:00:00;1.4;3.3;8.1;11.6;38.0;41.0;32.28;708.1;0.0;40.0;4.4;0.147;28.02;12.2;80.0
2731;2025-04-24 19:00:00;1.43;2.7;9.1;11.9;35.0;41.0;35.61;708.4;0.0;42.0;4.5;0.033;27.48;10.4;102.0
2732;2025-04-24 20:00:00;1.4;2.5;9.4;12.2;28.0;40.0;35.79;708.8;0.0;44.0;4.5;0.0;26.8;12.1;82.0
2733;2025-04-24 21:00:00;1.36;2.4;7.2;9.8;29.0;36.0;28.79;709.4;0.0;47.0;4.5;0.0;25.91;12.0;79.0
2734;2025-04-24 22:00:00;1.36;2.6;7.7;10.6;26.0;36.0;23.74;710.0;0.0;48.0;4.5;0.0;25.52;9.2;98.0
2735;2025-04-24 23:00:00;1.33;2.1;5.1;7.5;28.0;35.0;23.7;710.2;0.0;51.0;4.6;0.0;24.65;10.3;95.0
2736;2025-04-25 00:00:00;1.32;2.0;4.7;7.0;29.0;33.0;20.61;710.1;0.0;52.0;4.6;0.0;24.03;10.0;74.0
2737;2025-04-25 01:00:00;1.3;2.0;3.3;5.5;32.0;36.0;20.88;710.2;0.0;54.0;4.6;0.0;23.24;12.1;62.0
2738;2025-04-25 02:00:00;1.31;1.9;4.0;6.1;29.0;32.0;23.11;709.9;0.0;56.0;4.6;0.0;22.86;10.5;69.0
2739;2025-04-25 03:00:00;1.3;1.9;3.7;5.8;29.0;41.0;28.86;709.6;0.0;58.0;4.5;0.0;22.55;9.4;56.0
2740;2025-04-25 04:00:00;1.3;;2.8;5.0;30.0;41.0;34.19;709.5;0.0;60.0;4.6;0.0;22.12;9.2;62.0
2741;2025-04-25 05:00:00;1.31;;2.9;5.0;29.0;42.0;28.02;709.7;0.0;61.0;4.5;0.0;21.86;8.6;53.0
2742;2025-04-25 06:00:00;1.34;;5.4;7.6;24.0;44.0;29.47;709.9;0.0;63.0;4.5;0.0;21.81;4.8;60.0
2743;2025-04-25 07:00:00;1.39;2.8;9.9;12.9;17.0;56.0;36.99;710.2;0.0;65.0;4.6;0.011;21.6;2.3;53.0
2744;2025-04-25 08:00:00;1.49;5.0;15.2;20.3;13.0;51.0;40.59;710.6;0.0;65.0;4.5;0.043;21.94;1.9;57.0
2745;2025-04-25 09:00:00;1.58;5.0;13.4;18.7;15.0;44.0;31.58;710.8;0.0;63.0;4.5;0.056;22.34;5.0;62.0
2746;2025-04-25 10:00:00;1.55;5.4;11.1;16.7;17.0;40.0;27.91;711.0;0.0;63.0;4.5;0.13;22.47;8.4;63.0
2747;2025-04-25 11:00:00;1.51;6.0;9.8;16.0;21.0;42.0;28.62;711.1;0.0;61.0;4.5;0.231;23.21;10.8;53.0
2748;2025-04-25 12:00:00;1.47;4.6;8.5;13.3;25.0;36.0;29.97;711.0;0.0;57.0;4.5;0.22;23.96;12.2;48.0
2749;2025-04-25 13:00:00;1.51;4.5;10.0;14.7;24.0;42.0;36.74;710.8;0.0;56.0;4.5;0.165;24.21;11.3;60.0
2750;2025-04-25 14:00:00;1.54;5.2;11.4;16.9;27.0;48.0;35.6;710.4;0.0;53.0;4.6;0.233;24.99;12.0;47.0
2751;2025-04-25 15:00:00;1.52;4.0;11.5;15.7;30.0;43.0;36.57;710.1;0.0;51.0;4.5;0.157;25.44;10.1;64.0
2752;2025-04-25 16:00:00;1.45;3.4;7.2;10.9;39.0;49.0;39.83;709.7;0.0;47.0;4.5;0.331;26.9;11.6;65.0
2753;2025-04-25 17:00:00;1.42;2.8;5.8;8.9;41.0;45.0;41.64;709.5;0.0;42.0;4.5;0.391;28.14;14.4;111.0
2754;2025-04-25 18:00:00;1.44;2.8;7.9;11.0;38.0;47.0;42.47;709.7;0.0;42.0;4.5;0.157;28.13;11.6;102.0
2755;2025-04-25 19:00:00;1.45;2.3;8.6;11.1;34.0;50.0;47.0;709.7;0.0;43.0;4.5;0.036;27.62;10.1;110.0
2756;2025-04-25 20:00:00;1.46;2.2;10.4;12.8;29.0;50.0;43.1;709.9;0.0;43.0;4.5;0.0;27.23;9.3;102.0
2757;2025-04-25 21:00:00;1.35;2.1;5.6;8.0;30.0;46.0;41.09;710.4;0.0;45.0;4.5;0.0;26.56;15.4;80.0
2758;2025-04-25 22:00:00;1.33;2.2;5.2;7.6;29.0;39.0;29.37;710.9;0.0;49.0;4.5;0.0;25.17;17.1;79.0
2759;2025-04-25 23:00:00;1.35;2.2;4.8;7.3;29.0;43.0;26.53;711.2;0.0;56.0;4.6;0.0;23.49;16.9;76.0
2760;2025-04-26 00:00:00;1.35;1.9;3.9;6.1;31.0;35.0;30.56;711.1;0.0;58.0;4.6;0.0;22.64;13.4;73.0
2761;2025-04-26 01:00:00;1.34;1.8;3.2;5.3;32.0;35.0;30.55;710.9;0.0;61.0;4.5;0.0;21.99;12.9;67.0
2762;2025-04-26 02:00:00;1.35;1.8;3.4;5.5;30.0;40.0;35.45;710.5;0.0;63.0;4.6;0.0;21.52;11.2;56.0
2763;2025-04-26 03:00:00;1.34;;3.2;5.2;29.0;36.0;33.45;710.2;0.0;65.0;4.5;0.0;21.21;10.1;53.0
2764;2025-04-26 04:00:00;1.34;;3.3;5.3;28.0;30.0;;710.3;0.0;67.0;4.6;0.0;21.03;9.2;52.0
2765;2025-04-26 05:00:00;1.35;1.9;3.2;5.3;26.0;28.0;;710.3;0.0;69.0;4.5;0.0;20.67;6.8;58.0
2766;2025-04-26 06:00:00;1.35;1.8;5.2;7.3;23.0;28.0;26.95;710.6;0.0;70.0;4.6;0.0;20.39;7.9;50.0
2767;2025-04-26 07:00:00;1.41;2.2;10.4;12.8;17.0;29.0;;711.0;0.0;70.0;4.6;0.002;20.4;6.7;53.0
2768;2025-04-26 08:00:00;1.47;3.2;11.8;15.2;16.0;33.0;30.66;711.2;0.0;71.0;4.5;0.023;20.51;8.5;76.0
2769;2025-04-26 09:00:00;1.53;4.6;11.4;16.2;16.0;29.0;28.58;711.2;0.0;69.0;3.4;0.074;20.75;7.2;62.0
2770;2025-04-26 10:00:00;1.56;5.1;10.3;15.6;17.0;34.0;30.12;711.4;0.0;66.0;4.1;0.122;21.57;8.4;51.0
2771;2025-04-26 11:00:00;1.54;7.1;10.8;18.1;17.0;28.0;20.08;711.6;0.0;62.0;4.1;0.201;22.29;8.6;43.0
2772;2025-04-26 12:00:00;1.55;9.3;15.0;24.6;15.0;33.0;24.74;711.6;0.0;58.0;4.0;0.185;22.96;7.0;51.0
2773;2025-04-26 13:00:00;1.54;5.3;11.0;16.5;26.0;38.0;28.83;711.2;0.0;52.0;4.1;0.261;24.49;4.6;49.0
2774;2025-04-26 14:00:00;1.49;3.3;8.1;11.6;32.0;32.0;24.96;710.8;0.0;48.0;4.1;0.224;25.34;5.8;63.0
2775;2025-04-26 15:00:00;1.43;2.8;5.6;8.7;38.0;33.0;24.22;710.4;0.0;43.0;4.0;0.39;26.61;8.6;90.0
2776;2025-04-26 16:00:00;1.42;2.6;6.4;9.2;39.0;31.0;27.18;710.0;0.0;41.0;4.1;0.24;26.93;9.3;85.0
2777;2025-04-26 17:00:00;1.46;2.9;8.1;11.2;37.0;36.0;33.52;709.7;0.0;39.0;4.1;0.205;27.38;7.5;81.0
2778;2025-04-26 18:00:00;1.55;3.0;11.9;15.1;33.0;42.0;39.82;709.6;0.0;40.0;4.1;0.105;27.55;5.1;82.0
2779;2025-04-26 19:00:00;1.47;2.2;8.5;10.9;36.0;43.0;39.07;709.7;0.0;39.0;4.2;0.034;27.61;7.1;110.0
2780;2025-04-26 20:00:00;1.49;2.0;9.3;11.5;31.0;45.0;42.44;709.8;0.0;42.0;4.1;0.0;26.39;6.0;93.0
2781;2025-04-26 21:00:00;1.44;2.2;7.2;9.6;34.0;44.0;43.03;710.0;0.0;42.0;4.1;0.0;26.2;9.0;108.0
2782;2025-04-26 22:00:00;1.45;2.0;7.6;9.8;28.0;42.0;40.78;710.4;0.0;46.0;4.2;0.0;25.32;10.8;64.0
2783;2025-04-26 23:00:00;1.41;2.0;8.5;10.7;23.0;43.0;34.67;710.7;0.0;49.0;4.1;0.0;23.86;8.7;61.0
2784;2025-04-27 00:00:00;1.44;;10.0;12.2;20.0;40.0;28.31;710.7;0.0;51.0;4.1;0.0;22.91;8.8;47.0
2785;2025-04-27 01:00:00;1.41;;7.5;9.7;23.0;41.0;25.29;710.7;0.0;54.0;4.1;0.0;21.96;7.6;60.0
2786;2025-04-27 02:00:00;1.39;2.1;7.7;10.0;22.0;40.0;23.49;710.5;0.0;57.0;4.0;0.0;21.13;7.0;33.0
2787;2025-04-27 03:00:00;1.36;2.2;13.8;16.2;16.0;37.0;23.47;710.4;0.0;56.0;4.1;0.0;20.86;5.9;24.0
2788;2025-04-27 04:00:00;1.36;2.1;11.4;13.7;18.0;43.0;26.85;710.5;0.0;56.0;4.4;0.0;20.55;6.0;54.0
2789;2025-04-27 05:00:00;1.35;2.1;13.0;15.3;15.0;44.0;25.32;710.6;0.0;56.0;5.0;-0.001;20.32;5.1;73.0
2790;2025-04-27 06:00:00;1.4;;15.7;18.0;13.0;38.0;26.23;710.9;0.0;56.0;5.2;0.0;20.26;4.9;42.0
2791;2025-04-27 07:00:00;1.43;3.2;17.6;21.0;10.0;45.0;29.0;711.3;0.0;56.0;5.0;0.007;20.3;5.3;35.0
2792;2025-04-27 08:00:00;1.46;3.6;13.4;17.2;16.0;46.0;27.67;711.9;0.0;55.0;5.0;0.05;20.64;4.9;23.0
2793;2025-04-27 09:00:00;1.49;5.3;12.0;17.6;20.0;43.0;27.89;712.0;0.0;52.0;5.3;0.17;21.71;3.7;3.0
2794;2025-04-27 10:00:00;1.53;7.3;13.5;21.0;25.0;41.0;29.85;712.2;0.0;48.0;5.6;0.326;23.26;5.0;25.0
2795;2025-04-27 11:00:00;1.64;8.5;16.6;25.4;34.0;49.0;35.38;712.0;0.0;43.0;7.0;0.646;25.06;7.0;53.0
2796;2025-04-27 12:00:00;1.45;3.8;10.4;14.5;59.0;56.0;47.13;711.6;0.0;39.0;7.0;0.772;26.43;7.7;58.0
2797;2025-04-27 13:00:00;1.42;2.5;6.6;9.3;68.0;48.0;39.11;711.0;0.0;36.0;6.7;0.803;27.69;10.1;61.0
2798;2025-04-27 14:00:00;1.38;2.5;5.3;8.0;58.0;41.0;38.11;710.4;0.0;32.0;6.0;0.805;29.11;13.9;46.0
2799;2025-04-27 15:00:00;1.34;2.3;3.8;6.3;55.0;38.0;31.73;709.8;0.0;27.0;5.3;0.661;30.76;12.4;110.0
2800;2025-04-27 16:00:00;1.29;2.3;3.6;6.1;51.0;29.0;27.93;709.4;0.0;24.0;4.9;0.572;31.64;13.7;111.0
2801;2025-04-27 17:00:00;1.3;;3.8;6.3;51.0;27.0;26.11;709.0;0.0;22.0;4.7;0.401;32.3;14.6;103.0
2802;2025-04-27 18:00:00;1.29;2.2;3.6;6.0;49.0;30.0;27.32;708.7;0.0;21.0;4.7;0.165;32.35;15.7;95.0
2803;2025-04-27 19:00:00;1.31;2.2;5.4;7.8;46.0;31.0;28.66;708.7;0.0;21.0;4.7;0.029;31.88;13.2;92.0
2804;2025-04-27 20:00:00;1.32;2.1;6.1;8.4;40.0;32.0;28.96;709.1;0.0;23.0;4.5;0.0;31.03;11.5;90.0
2805;2025-04-27 21:00:00;1.37;2.1;6.2;8.5;32.0;40.0;28.09;709.7;0.0;30.0;4.4;0.0;28.87;12.6;88.0
2806;2025-04-27 22:00:00;1.37;2.2;8.1;10.5;27.0;38.0;25.52;710.5;0.0;35.0;4.4;0.0;26.93;11.6;58.0
2807;2025-04-27 23:00:00;1.4;2.0;6.7;9.0;28.0;36.0;28.38;711.2;0.0;40.0;4.5;0.0;25.41;13.0;45.0
2808;2025-04-28 00:00:00;1.42;2.3;8.3;10.8;23.0;39.0;29.06;711.5;0.0;45.0;4.5;0.0;24.34;10.7;41.0
2809;2025-04-28 01:00:00;1.39;2.1;10.9;13.2;19.0;36.0;30.52;711.7;0.0;51.0;6.7;0.0;23.31;9.4;46.0
2810;2025-04-28 02:00:00;1.37;2.1;7.1;9.4;21.0;40.0;28.76;711.6;0.0;55.0;5.4;0.0;22.46;6.9;49.0
2811;2025-04-28 03:00:00;1.37;1.9;5.3;7.5;21.0;33.0;;710.8;0.0;56.0;6.0;0.0;22.28;6.9;24.0
2812;2025-04-28 04:00:00;1.38;2.3;7.7;10.2;18.0;33.0;27.73;710.3;0.0;56.0;6.4;0.0;22.13;7.8;41.0
2813;2025-04-28 05:00:00;1.34;1.9;2.9;5.0;23.0;37.0;32.17;710.3;0.0;60.0;5.7;0.0;21.22;9.5;56.0
2814;2025-04-28 06:00:00;1.35;2.0;5.6;7.8;19.0;38.0;29.8;710.5;0.0;61.0;4.9;0.0;20.93;6.6;73.0
2815;2025-04-28 07:00:00;1.47;5.4;12.5;18.1;11.0;37.0;29.34;710.7;0.0;61.0;4.7;0.022;21.06;5.8;57.0
2816;2025-04-28 08:00:00;1.57;8.3;14.1;22.6;10.0;35.0;28.92;711.0;0.0;61.0;4.5;0.065;21.14;7.8;52.0
2817;2025-04-28 09:00:00;1.57;14.3;16.8;31.3;9.0;42.0;34.47;711.2;0.0;58.0;4.6;0.115;21.69;6.5;52.0
2818;2025-04-28 10:00:00;1.64;15.1;19.3;34.7;10.0;53.0;36.74;711.3;0.0;55.0;4.8;0.139;22.49;5.7;37.0
2819;2025-04-28 11:00:00;1.62;14.0;19.3;33.5;18.0;58.0;46.52;711.3;0.0;50.0;5.5;0.326;23.66;7.3;59.0
2820;2025-04-28 12:00:00;1.56;7.3;15.6;23.1;36.0;67.0;53.71;710.8;0.0;44.0;6.4;0.577;25.46;8.2;42.0
2821;2025-04-28 13:00:00;1.46;4.0;9.3;13.6;49.0;51.0;47.75;710.3;0.0;38.0;6.2;0.776;27.34;10.7;27.0
2822;2025-04-28 14:00:00;1.39;2.9;5.5;8.7;49.0;44.0;36.03;709.7;0.0;27.0;5.9;0.796;30.41;11.9;76.0
2823;2025-04-28 15:00:00;1.35;2.5;4.7;7.4;51.0;41.0;29.97;709.0;0.0;23.0;5.3;0.69;32.23;11.8;109.0
2824;2025-04-28 16:00:00;1.31;2.7;5.0;7.9;52.0;34.0;31.8;708.4;0.0;18.0;4.9;0.564;33.57;14.2;110.0
2825;2025-04-28 17:00:00;1.3;2.6;5.4;8.2;53.0;34.0;28.98;708.0;0.0;16.0;4.7;0.338;34.07;15.7;107.0
2826;2025-04-28 18:00:00;1.35;2.6;7.1;10.0;55.0;39.0;28.39;707.7;0.0;16.0;4.7;0.141;33.78;16.3;113.0
2827;2025-04-28 19:00:00;1.35;2.2;7.8;10.2;51.0;43.0;35.12;707.9;0.0;17.0;4.8;0.019;32.55;15.5;121.0
2828;2025-04-28 20:00:00;1.34;2.1;7.5;9.9;49.0;49.0;33.07;708.4;0.0;17.0;4.8;0.0;31.65;13.5;125.0
2829;2025-04-28 21:00:00;1.25;2.1;5.1;7.5;51.0;42.0;35.81;708.7;0.0;17.0;4.7;0.0;30.9;17.9;124.0
2830;2025-04-28 22:00:00;1.21;;5.7;7.9;50.0;50.0;31.09;709.0;0.0;17.0;4.6;0.0;30.19;14.5;116.0
2831;2025-04-28 23:00:00;1.22;2.0;4.9;7.1;50.0;41.0;28.87;709.2;0.0;18.0;4.5;0.0;29.36;10.5;122.0
2832;2025-04-29 00:00:00;1.24;2.0;4.6;6.8;47.0;32.0;28.17;709.1;0.0;21.0;4.5;0.0;28.32;11.2;98.0
2833;2025-04-29 01:00:00;1.3;2.2;10.9;13.3;31.0;35.0;29.21;709.2;0.0;28.0;4.8;0.0;26.91;9.2;42.0
2834;2025-04-29 02:00:00;1.35;1.9;5.0;7.2;29.0;35.0;32.18;709.1;0.0;40.0;4.8;0.0;25.16;11.5;45.0
2835;2025-04-29 03:00:00;1.36;2.1;8.1;10.4;21.0;33.0;28.16;709.2;0.0;46.0;4.7;0.0;23.71;9.6;25.0
2836;2025-04-29 04:00:00;1.35;2.4;14.3;16.9;14.0;35.0;28.33;709.7;0.0;48.0;5.6;0.0;22.77;8.8;15.0
2837;2025-04-29 05:00:00;1.36;2.7;12.0;14.9;15.0;36.0;28.72;710.0;0.0;49.0;5.8;0.0;21.92;8.5;31.0
2838;2025-04-29 06:00:00;1.31;2.4;9.8;12.4;16.0;36.0;24.36;710.3;0.0;51.0;6.2;0.0;21.15;7.7;46.0
2839;2025-04-29 07:00:00;1.36;4.1;11.3;15.6;14.0;28.0;21.07;710.7;0.0;53.0;16.9;0.027;20.86;7.4;40.0
2840;2025-04-29 08:00:00;1.46;7.2;13.3;20.8;13.0;32.0;20.46;711.1;0.0;52.0;16.6;0.07;21.3;8.4;26.0
2841;2025-04-29 09:00:00;1.51;5.8;11.0;17.0;17.0;34.0;21.09;711.4;0.0;51.0;8.8;0.129;21.75;8.8;55.0
2842;2025-04-29 10:00:00;1.48;7.7;11.5;19.4;19.0;33.0;20.08;711.5;0.0;49.0;6.8;0.24;22.52;8.3;58.0
2843;2025-04-29 11:00:00;1.46;7.4;11.7;19.4;26.0;43.0;25.09;711.2;0.0;44.0;6.9;0.377;24.1;7.7;28.0
2844;2025-04-29 12:00:00;1.44;4.8;9.1;14.1;40.0;42.0;33.36;710.7;0.0;45.0;6.3;0.678;25.34;10.3;41.0
2845;2025-04-29 13:00:00;1.45;4.5;9.2;14.0;42.0;42.0;35.43;710.2;0.0;54.0;5.9;0.626;26.4;11.2;33.0
2846;2025-04-29 14:00:00;1.42;3.6;8.3;12.1;44.0;41.0;31.19;709.7;0.0;50.0;5.6;0.378;27.59;10.1;43.0
2847;2025-04-29 15:00:00;1.43;2.9;6.9;10.0;41.0;35.0;28.78;709.2;0.0;48.0;5.2;0.233;28.3;10.4;83.0
2848;2025-04-29 16:00:00;1.48;2.5;8.2;10.9;40.0;37.0;27.62;709.0;0.0;47.0;4.8;0.044;28.02;9.6;106.0
2849;2025-04-29 17:00:00;1.53;3.0;9.3;12.5;38.0;39.0;30.47;708.4;0.0;52.0;4.7;0.205;27.64;9.8;107.0
2850;2025-04-29 18:00:00;1.51;3.0;11.3;14.6;33.0;39.0;29.38;708.1;0.0;48.0;4.7;0.084;28.06;9.3;89.0
2851;2025-04-29 19:00:00;1.68;4.5;22.1;26.8;21.0;40.0;28.07;707.8;0.0;46.0;4.8;0.038;28.2;8.1;56.0
2852;2025-04-29 20:00:00;1.69;2.8;20.7;23.8;20.0;46.0;30.17;707.8;0.0;47.0;4.9;0.0;27.5;8.0;61.0
2853;2025-04-29 21:00:00;1.68;3.4;19.9;23.5;14.0;48.0;30.52;708.5;0.0;54.0;4.9;0.0;26.51;9.9;37.0
2854;2025-04-29 22:00:00;1.63;5.4;19.6;25.2;7.0;41.0;30.68;709.3;0.0;66.0;4.8;0.0;24.76;6.9;72.0
2855;2025-04-29 23:00:00;1.51;4.4;12.1;16.7;21.0;49.0;29.2;708.7;0.0;59.0;4.9;0.0;25.17;7.0;49.0
2856;2025-04-30 00:00:00;1.33;2.2;3.4;5.8;32.0;32.0;26.69;708.5;0.0;55.0;4.8;0.0;25.36;9.1;119.0
2857;2025-04-30 01:00:00;1.38;2.8;12.3;15.3;17.0;25.0;18.3;708.1;0.0;62.0;4.8;0.0;24.35;8.5;27.0
2858;2025-04-30 02:00:00;1.45;4.5;16.5;21.3;9.0;35.0;22.02;707.9;0.0;69.0;4.6;0.0;23.04;7.9;7.0
2859;2025-04-30 03:00:00;1.47;2.3;14.6;17.1;10.0;42.0;26.94;707.6;0.0;72.0;4.6;0.0;22.34;5.4;342.0
2860;2025-04-30 04:00:00;1.52;2.2;11.6;14.0;11.0;37.0;23.06;707.4;0.0;74.0;4.6;0.0;21.79;3.2;348.0
2861;2025-04-30 05:00:00;1.4;2.3;11.3;13.8;9.0;30.0;24.79;707.5;0.0;77.0;4.5;0.0;21.35;4.9;331.0
2862;2025-04-30 06:00:00;1.38;2.5;10.9;13.6;11.0;30.0;20.53;708.0;0.0;78.0;4.5;0.0;21.1;7.2;304.0
2863;2025-04-30 07:00:00;1.44;4.9;12.6;17.7;9.0;37.0;24.34;708.0;0.0;77.0;4.5;0.03;21.13;3.2;262.0
2864;2025-04-30 08:00:00;1.56;10.1;14.3;24.7;12.0;45.0;27.01;708.3;0.0;72.0;4.7;0.157;22.5;4.9;21.0
2865;2025-04-30 09:00:00;1.9;12.7;17.8;30.7;18.0;52.0;30.39;708.8;0.0;66.0;5.6;0.338;23.62;5.5;21.0
2866;2025-04-30 10:00:00;1.83;12.9;21.6;34.8;25.0;48.0;30.86;708.9;0.0;59.0;6.2;0.515;25.53;6.5;50.0
2867;2025-04-30 11:00:00;1.75;13.7;26.4;40.3;31.0;61.0;32.56;708.8;0.0;54.0;8.1;0.665;27.15;7.8;66.0
2868;2025-04-30 12:00:00;1.63;5.8;17.7;23.7;58.0;70.0;40.53;708.5;0.0;46.0;8.9;0.752;28.9;9.3;74.0
2869;2025-04-30 13:00:00;1.51;3.6;14.1;18.0;82.0;61.0;38.56;708.0;0.0;37.0;8.3;0.784;31.01;8.6;44.0
2870;2025-04-30 14:00:00;1.45;8.0;12.7;16.4;79.0;60.0;37.39;707.4;0.0;31.0;7.0;0.782;32.89;9.8;64.0
2871;2025-04-30 15:00:00;1.39;16.0;7.9;11.0;78.0;48.0;;706.7;0.0;27.0;6.0;0.699;33.97;11.0;62.0
2872;2025-04-30 16:00:00;1.37;2.7;6.6;9.5;83.0;43.0;27.33;706.1;0.0;25.0;5.1;0.575;34.64;12.0;80.0
2873;2025-04-30 17:00:00;1.48;2.6;7.5;10.4;80.0;46.0;29.72;705.9;0.0;30.0;5.4;0.375;33.42;15.3;134.0
2874;2025-04-30 18:00:00;1.42;2.6;7.0;9.8;63.0;45.0;37.44;706.1;0.0;29.0;6.9;0.171;33.03;13.3;132.0
2875;2025-04-30 19:00:00;1.47;2.5;9.9;12.6;66.0;35.0;34.64;706.4;0.0;30.0;5.8;0.03;31.96;10.2;130.0
2876;2025-04-30 20:00:00;1.46;2.3;10.9;13.4;62.0;34.0;29.74;706.6;0.0;30.0;5.2;0.001;30.68;9.0;112.0
2877;2025-04-30 21:00:00;1.44;2.4;11.5;14.0;54.0;32.0;16.93;707.3;0.0;32.0;5.0;0.0;29.83;9.1;95.0
2878;2025-04-30 22:00:00;1.56;2.7;14.6;17.5;26.0;32.0;3.94;707.9;0.0;45.0;4.9;0.0;28.48;12.0;61.0
2879;2025-04-30 23:00:00;1.53;2.9;12.6;15.7;19.0;42.0;;707.8;0.0;52.0;6.3;0.0;27.26;7.4;36.0
2880;2025-05-01 00:00:00;1.51;3.9;17.3;21.4;10.0;36.0;;707.8;0.0;56.0;5.6;;25.98;6.4;36.0
2881;2025-05-01 01:00:00;1.51;3.9;17.3;21.4;10.0;36.0;;707.8;0.0;56.0;5.6;0.0;25.98;6.4;36.0
2882;2025-05-01 02:00:00;1.54;2.6;14.6;17.4;13.0;44.0;;707.6;0.0;60.0;5.4;0.0;25.0;6.6;40.0
2883;2025-05-01 03:00:00;1.48;2.8;13.7;16.7;12.0;49.0;;707.5;0.0;66.0;5.1;0.0;23.78;6.5;47.0
2884;2025-05-01 04:00:00;1.44;2.4;10.1;12.8;14.0;43.0;;707.6;0.0;69.0;5.1;0.0;22.95;3.5;24.0
2885;2025-05-01 05:00:00;1.45;3.0;17.6;20.8;6.0;41.0;;707.6;0.0;73.0;5.2;0.0;22.18;1.8;253.0
2886;2025-05-01 06:00:00;1.52;2.7;16.4;19.3;9.0;39.0;;708.1;0.0;72.0;5.4;0.0;22.58;2.9;5.0
2887;2025-05-01 07:00:00;1.61;4.5;15.9;20.7;10.0;48.0;;708.7;0.0;73.0;5.3;0.031;22.54;2.6;29.0
2888;2025-05-01 08:00:00;1.62;7.1;14.4;21.7;16.0;45.0;;709.1;0.0;69.0;5.5;0.156;23.72;4.2;21.0
2889;2025-05-01 09:00:00;1.81;11.6;18.2;30.1;19.0;45.0;;709.3;0.0;65.0;6.2;0.328;25.06;5.3;50.0
2890;2025-05-01 10:00:00;1.73;12.8;21.8;34.8;25.0;52.0;;709.4;0.0;61.0;6.7;0.502;26.26;7.6;62.0
2891;2025-05-01 11:00:00;1.6;8.8;21.3;30.4;44.0;58.0;;709.4;0.0;59.0;11.7;0.652;27.07;10.0;50.0
2892;2025-05-01 12:00:00;1.56;2.8;11.2;14.2;84.0;62.0;;709.0;0.0;55.0;19.6;0.752;28.02;13.1;60.0
2893;2025-05-01 13:00:00;1.5;2.9;7.1;10.2;61.0;67.0;;708.6;0.0;49.0;21.2;0.778;29.63;15.0;64.0
2894;2025-05-01 14:00:00;1.44;2.5;4.2;7.0;50.0;51.0;;708.5;0.0;49.0;8.4;0.565;29.41;16.6;129.0
2895;2025-05-01 15:00:00;1.46;2.5;4.0;6.7;43.0;39.0;;708.0;0.0;54.0;6.6;0.343;28.38;13.3;137.0
2896;2025-05-01 16:00:00;1.5;2.4;4.9;7.5;41.0;36.0;;707.0;0.0;59.0;5.4;0.245;27.05;14.2;128.0
2897;2025-05-01 17:00:00;1.48;2.5;4.2;7.0;42.0;42.0;;707.4;0.0;52.0;5.1;0.301;28.76;13.0;93.0
2898;2025-05-01 18:00:00;1.48;3.0;8.3;11.5;36.0;35.0;34.1;707.8;0.0;60.0;5.0;0.094;25.84;15.3;42.0
2899;2025-05-01 19:00:00;1.46;2.6;9.4;12.3;37.0;66.0;31.23;707.9;0.0;60.0;4.8;0.038;24.46;11.9;54.0
2900;2025-05-01 20:00:00;1.48;2.3;7.9;10.4;34.0;37.0;19.59;708.2;0.0;62.0;4.8;0.0;24.58;12.9;65.0
2901;2025-05-01 21:00:00;1.46;2.3;4.9;7.5;29.0;34.0;17.56;708.4;0.0;65.0;4.8;0.0;24.86;10.3;108.0
2902;2025-05-01 22:00:00;1.46;2.1;4.2;6.4;31.0;33.0;22.9;708.4;0.0;67.0;6.2;0.0;24.59;9.2;110.0
2903;2025-05-01 23:00:00;1.43;2.1;3.6;5.9;33.0;27.0;18.7;708.3;0.0;66.0;5.0;0.0;24.39;10.1;100.0
2904;2025-05-02 00:00:00;1.47;2.4;6.8;9.4;28.0;30.0;20.12;708.3;0.0;68.0;5.2;0.0;23.87;9.5;46.0
2905;2025-05-02 01:00:00;1.51;3.8;18.1;22.1;12.0;29.0;18.76;708.3;0.0;73.0;4.9;0.0;22.94;6.2;6.0
2906;2025-05-02 02:00:00;1.48;2.5;15.2;17.9;14.0;33.13;20.41;708.0;0.0;75.0;5.0;0.0;22.43;5.6;17.0
2907;2025-05-02 03:00:00;1.47;2.1;10.7;13.0;24.0;31.47;21.35;708.2;0.0;74.0;5.1;0.0;22.1;10.2;21.0
2908;2025-05-02 04:00:00;1.43;2.1;5.9;8.1;29.0;26.3;19.28;708.5;0.0;77.0;4.8;0.0;21.65;10.0;61.0
2909;2025-05-02 05:00:00;1.43;2.0;3.6;5.8;34.0;23.78;19.89;708.5;0.0;75.0;4.5;0.0;21.93;7.6;66.0
2910;2025-05-02 06:00:00;1.48;3.0;18.8;21.9;14.0;22.6;19.71;708.6;0.0;79.0;4.5;0.0;21.51;5.3;17.0
2911;2025-05-02 07:00:00;1.58;12.1;26.8;39.1;5.0;30.48;23.86;708.7;0.0;78.0;4.7;0.013;21.75;4.6;357.0
2912;2025-05-02 08:00:00;1.68;9.8;22.7;32.7;11.0;40.91;24.96;708.8;0.0;76.0;4.9;0.063;22.22;4.4;357.0
2913;2025-05-02 09:00:00;1.65;7.4;17.6;25.2;19.0;38.21;23.43;708.7;0.0;72.0;5.0;0.139;22.92;7.3;39.0
2914;2025-05-02 10:00:00;1.63;9.1;15.8;25.2;24.0;34.29;22.82;708.8;0.0;70.0;4.8;0.253;23.6;8.4;29.0
2915;2025-05-02 11:00:00;1.7;6.6;18.4;25.3;24.0;35.89;23.89;708.9;0.0;70.0;4.9;0.134;23.57;6.9;13.0
2916;2025-05-02 12:00:00;1.71;6.1;14.4;20.7;41.0;47.38;27.63;708.6;0.0;61.0;4.9;0.592;25.97;6.5;48.0
2917;2025-05-02 13:00:00;1.65;4.7;13.6;18.6;59.0;43.72;27.78;708.1;0.0;52.0;5.2;0.748;27.78;7.5;60.0
2918;2025-05-02 14:00:00;1.6;3.1;10.4;13.8;74.0;46.67;31.77;707.5;0.0;46.0;5.4;0.721;29.09;8.4;90.0
2919;2025-05-02 15:00:00;1.56;2.7;8.5;11.4;81.0;41.04;31.18;706.7;0.0;42.0;5.0;0.67;30.33;8.7;87.0
2920;2025-05-02 16:00:00;1.49;2.5;5.9;8.6;71.0;37.26;26.91;706.1;0.0;39.0;4.7;0.545;31.23;10.4;87.0
2921;2025-05-02 17:00:00;1.5;2.6;6.0;8.8;53.0;36.39;24.87;706.0;0.0;43.0;4.5;0.307;30.38;13.8;127.0
2922;2025-05-02 18:00:00;1.51;2.5;6.5;9.2;50.0;41.19;25.42;705.7;0.0;44.0;4.4;0.136;30.02;12.9;127.0
2923;2025-05-02 19:00:00;1.53;2.3;7.8;10.3;47.0;46.68;27.46;705.8;0.0;45.0;4.4;0.042;29.71;11.5;112.0
2924;2025-05-02 20:00:00;1.55;2.0;8.5;10.8;44.0;44.82;28.49;706.0;0.0;48.0;4.3;0.0;28.98;8.7;97.0
2925;2025-05-02 21:00:00;1.56;2.0;9.3;11.5;40.0;44.88;30.64;706.3;0.0;50.0;4.3;0.0;28.52;7.2;88.0
2926;2025-05-02 22:00:00;1.54;2.2;7.8;10.2;41.0;40.76;30.49;706.7;0.0;52.0;4.3;0.0;28.23;7.1;82.0
2927;2025-05-02 23:00:00;1.58;2.3;11.6;14.2;26.0;39.53;29.87;707.1;0.0;57.0;4.3;0.0;27.37;11.0;49.0
2928;2025-05-03 00:00:00;1.46;2.5;6.1;8.8;21.0;43.07;26.74;707.7;0.0;63.0;4.5;0.0;25.43;13.0;56.0
2929;2025-05-03 01:00:00;1.48;2.5;9.5;12.3;17.0;26.68;13.21;708.3;0.0;65.0;4.5;0.0;24.93;11.2;22.0
2930;2025-05-03 02:00:00;1.45;2.9;12.8;15.8;14.0;29.28;13.57;708.7;0.0;65.0;4.3;0.0;24.36;9.6;37.0
2931;2025-05-03 03:00:00;1.49;2.1;4.3;6.6;25.0;28.82;12.05;709.0;0.0;67.0;4.7;0.0;23.47;10.6;4.0
2932;2025-05-03 04:00:00;1.45;1.9;4.0;6.2;28.0;28.41;11.38;709.3;0.0;71.0;4.5;0.0;22.34;5.7;1.0
2933;2025-05-03 05:00:00;1.48;1.9;4.0;6.1;29.0;30.57;10.77;709.7;0.0;75.0;4.5;0.0;21.78;7.9;24.0
2934;2025-05-03 06:00:00;1.49;2.0;4.7;6.9;31.0;17.45;9.41;710.3;0.0;74.0;4.5;0.0;21.38;11.3;18.0
2935;2025-05-03 07:00:00;1.51;2.2;6.6;9.0;27.0;14.15;8.58;710.9;0.0;74.0;4.3;0.001;20.77;7.3;352.0
2936;2025-05-03 08:00:00;1.44;2.5;8.2;10.9;27.0;16.0;5.79;711.5;0.0;74.0;4.4;0.014;20.1;10.4;30.0
2937;2025-05-03 09:00:00;1.52;2.7;10.3;13.3;25.0;14.26;3.93;711.9;0.0;73.0;4.4;0.018;19.65;10.5;39.0
2938;2025-05-03 10:00:00;1.49;3.1;11.0;14.3;27.0;26.17;5.58;712.4;0.0;72.0;4.4;0.032;19.22;12.9;43.0
2939;2025-05-03 11:00:00;1.47;4.8;9.5;13.6;28.0;29.01;5.27;712.6;0.0;73.0;5.3;0.066;18.83;10.8;24.0
2940;2025-05-03 12:00:00;1.56;3.6;10.9;14.7;27.0;21.34;4.58;713.0;0.0;81.0;4.4;0.071;17.87;8.4;16.0
2941;2025-05-03 13:00:00;1.57;3.7;11.5;15.4;27.0;18.02;5.28;712.8;0.0;85.0;4.2;0.075;17.21;4.6;40.0
2942;2025-05-03 14:00:00;1.71;2.4;5.1;7.2;28.0;12.03;4.83;712.4;0.0;85.0;2.0;0.078;17.44;3.8;27.0
2943;2025-05-03 15:00:00;1.76;0.6;1.3;0.8;27.0;12.55;6.29;711.8;0.0;81.0;;0.094;18.71;1.9;244.0
2944;2025-05-03 16:00:00;0.64;14.3;13.5;16.7;27.0;29.67;7.51;711.4;0.0;73.0;1.3;0.057;19.67;2.0;191.0
2945;2025-05-03 17:00:00;0.44;10.8;18.7;22.4;23.0;26.11;8.16;711.4;0.0;71.0;2.0;0.034;19.91;1.9;148.0
2946;2025-05-03 18:00:00;0.9;12.6;25.2;30.5;16.0;41.08;9.99;711.2;0.0;70.0;2.0;0.032;20.12;2.0;153.0
2947;2025-05-03 19:00:00;0.85;7.2;22.7;25.8;19.0;66.91;14.82;711.2;0.0;69.0;2.0;0.007;20.16;3.6;81.0
2948;2025-05-03 20:00:00;0.8;;18.4;21.1;21.0;31.07;13.16;711.3;0.0;70.0;1.9;0.0;19.92;6.6;103.0
2949;2025-05-03 21:00:00;0.84;;17.8;20.3;16.0;23.21;12.34;711.3;0.0;76.0;2.0;0.0;19.25;7.1;120.0
2950;2025-05-03 22:00:00;0.82;;15.0;17.8;18.0;24.72;14.91;711.2;0.0;77.0;1.9;0.0;19.34;4.1;85.0
2951;2025-05-03 23:00:00;0.81;;15.6;18.2;19.0;26.32;14.28;711.3;0.0;75.0;1.9;0.0;19.48;3.4;61.0
2952;2025-05-04 00:00:00;0.94;;28.4;35.5;6.0;23.88;15.16;711.5;0.0;83.0;1.9;0.0;18.19;2.7;28.0
2953;2025-05-04 01:00:00;0.8;;15.8;18.8;20.0;32.76;21.01;711.2;0.0;87.0;1.9;0.0;18.07;6.9;34.0
2954;2025-05-04 02:00:00;0.7;;6.5;8.7;33.0;24.48;18.34;710.8;0.0;89.0;1.8;0.0;17.83;8.6;50.0
2955;2025-05-04 03:00:00;0.66;;5.0;7.3;36.0;10.49;8.95;710.2;0.0;91.0;2.0;0.0;17.73;5.2;42.0
2956;2025-05-04 04:00:00;0.65;;4.7;7.0;35.0;8.09;6.05;709.9;0.0;91.0;2.1;0.0;17.8;7.0;32.0
2957;2025-05-04 05:00:00;0.63;;4.1;6.3;35.0;7.19;5.52;709.7;0.0;91.0;1.9;0.0;17.8;7.4;42.0
2958;2025-05-04 06:00:00;0.64;;4.3;6.5;34.0;5.69;4.05;709.7;0.0;91.0;1.9;0.0;;8.0;44.0
2959;2025-05-04 07:00:00;0.67;;9.6;11.9;28.0;3.42;2.71;710.0;0.0;91.0;1.8;0.004;17.87;5.8;40.0
2960;2025-05-04 08:00:00;0.69;;8.1;10.7;29.0;4.92;3.86;710.0;0.0;92.0;1.7;0.024;17.95;7.3;45.0
2961;2025-05-04 09:00:00;0.7;;8.6;11.5;28.0;7.15;6.66;710.1;0.0;92.0;1.9;0.059;18.1;7.9;43.0
2962;2025-05-04 10:00:00;0.74;;10.0;14.5;26.0;6.95;6.53;710.1;0.0;92.0;1.9;0.132;18.51;6.9;40.0
2963;2025-05-04 11:00:00;0.76;;14.3;20.6;23.0;4.59;3.09;710.0;0.0;91.0;1.8;0.129;19.01;8.2;38.0
2964;2025-05-04 12:00:00;0.76;;8.6;12.6;30.0;8.72;5.82;709.8;0.0;90.0;1.8;0.177;19.45;7.8;51.0
2965;2025-05-04 13:00:00;0.76;;7.1;11.1;33.0;5.02;3.14;709.3;0.0;88.0;1.7;0.348;20.4;10.1;64.0
2966;2025-05-04 14:00:00;0.78;;7.9;11.6;32.0;6.26;3.38;708.9;0.0;82.0;1.8;0.205;21.08;11.5;60.0
2967;2025-05-04 15:00:00;0.76;;7.6;11.4;31.0;8.47;4.26;708.3;0.0;77.0;1.9;0.234;21.89;9.8;68.0
2968;2025-05-04 16:00:00;0.73;;7.0;10.1;32.0;10.39;4.74;707.8;0.0;75.0;1.8;0.127;22.03;10.9;74.0
2969;2025-05-04 17:00:00;0.69;;6.3;9.4;30.0;10.45;5.87;707.4;0.0;74.0;1.7;0.099;21.93;9.6;90.0
2970;2025-05-04 18:00:00;0.72;;6.5;9.1;30.0;9.78;4.57;707.1;0.0;74.0;1.9;0.061;21.99;9.2;80.0
2971;2025-05-04 19:00:00;0.71;;7.3;9.8;28.0;9.99;5.07;707.0;0.0;75.0;1.8;0.015;22.0;8.7;83.0
2972;2025-05-04 20:00:00;0.8;;10.5;12.8;25.0;12.62;6.92;707.0;0.0;75.0;1.7;0.0;21.93;6.1;45.0
2973;2025-05-04 21:00:00;0.81;;13.5;15.9;20.0;18.14;10.72;707.1;0.0;79.0;1.8;0.0;21.59;7.5;38.0
2974;2025-05-04 22:00:00;0.79;;11.6;14.2;20.0;22.84;14.42;707.1;0.0;80.0;1.9;0.0;21.46;5.1;48.0
2975;2025-05-04 23:00:00;0.81;;9.4;11.8;22.0;22.31;12.96;707.2;0.0;81.0;1.9;0.0;21.39;7.0;59.0
2976;2025-05-05 00:00:00;0.72;;6.9;9.1;24.0;21.58;13.57;707.0;0.0;80.0;1.8;0.0;21.58;6.9;65.0
2977;2025-05-05 01:00:00;0.7;;3.0;5.2;32.0;18.03;11.89;706.7;0.0;79.0;1.8;0.0;21.84;7.9;99.0
2978;2025-05-05 02:00:00;0.67;;4.2;6.3;29.0;12.15;8.71;706.5;0.0;79.0;1.8;0.0;21.76;3.2;49.0
2979;2025-05-05 03:00:00;0.66;;5.0;7.1;25.0;13.94;10.21;706.3;0.0;82.0;1.9;0.0;21.2;5.5;32.0
2980;2025-05-05 04:00:00;0.72;;3.8;5.8;25.0;16.26;10.83;706.4;0.0;84.0;1.8;0.0;20.96;3.3;56.0
2981;2025-05-05 05:00:00;0.67;;4.8;6.8;20.0;17.24;11.69;706.4;0.0;85.0;1.8;0.0;20.74;2.4;59.0
2982;2025-05-05 06:00:00;0.76;;7.9;10.1;16.0;14.59;11.19;706.7;0.0;86.0;1.9;0.0;20.73;2.0;65.0
2983;2025-05-05 07:00:00;0.78;;13.4;17.2;11.0;14.17;12.35;707.1;0.0;86.0;1.9;0.012;20.78;3.8;66.0
2984;2025-05-05 08:00:00;0.88;;13.6;19.7;12.0;21.93;17.71;707.4;0.0;86.0;2.0;0.062;20.93;4.8;64.0
2985;2025-05-05 09:00:00;0.86;;11.6;18.0;18.0;25.65;18.6;707.6;0.0;83.0;1.9;0.173;21.58;8.4;58.0
2986;2025-05-05 10:00:00;0.9;;11.2;19.1;22.0;25.28;18.98;707.7;0.0;77.0;2.0;0.43;22.98;7.9;60.0
2987;2025-05-05 11:00:00;0.82;;9.9;15.7;34.0;24.92;19.23;707.3;0.0;66.0;2.0;0.662;24.99;9.0;52.0
2988;2025-05-05 12:00:00;0.79;2.2;8.8;12.9;38.0;24.78;17.63;706.8;0.0;60.0;2.0;0.673;25.73;10.9;51.0
2989;2025-05-05 13:00:00;0.75;9.6;7.8;11.4;17.0;26.01;17.72;706.4;0.0;58.0;2.2;0.786;26.47;12.0;52.0
2990;2025-05-05 14:00:00;0.73;7.1;6.8;10.1;48.0;29.59;21.78;705.6;0.0;55.0;2.3;0.796;27.36;12.4;45.0
2991;2025-05-05 15:00:00;0.72;5.2;5.6;8.8;42.0;27.01;18.77;704.9;0.0;51.0;2.2;0.686;28.42;13.0;109.0
2992;2025-05-05 16:00:00;0.72;7.3;5.5;8.5;44.0;18.78;11.57;704.2;0.0;49.0;2.2;0.465;28.55;15.2;118.0
2993;2025-05-05 17:00:00;0.74;7.5;5.8;8.6;46.0;22.98;13.47;703.9;0.0;49.0;2.1;0.351;29.14;13.6;104.0
2994;2025-05-05 18:00:00;0.76;10.3;6.6;9.2;44.0;25.7;16.83;703.7;0.0;51.0;2.0;0.134;28.92;12.6;106.0
2995;2025-05-05 19:00:00;0.79;;8.2;10.6;42.0;28.55;19.56;703.6;0.0;53.0;1.9;0.035;28.42;12.4;114.0
2996;2025-05-05 20:00:00;0.78;;7.3;9.5;41.0;29.73;19.95;703.8;0.0;54.0;2.0;0.001;28.27;12.0;98.0
2997;2025-05-05 21:00:00;0.79;;9.0;11.2;25.0;29.0;20.46;704.2;0.0;63.0;1.9;0.0;27.22;8.0;72.0
2998;2025-05-05 22:00:00;0.77;;8.5;11.2;19.0;33.12;20.08;704.6;0.0;68.0;1.9;0.0;26.24;7.7;85.0
2999;2025-05-05 23:00:00;0.78;;7.9;10.4;18.0;29.5;21.1;705.0;0.0;71.0;2.0;0.0;25.38;9.5;67.0
3000;2025-05-06 00:00:00;0.79;;7.8;10.0;15.0;29.26;21.87;705.0;0.0;75.0;1.9;0.0;24.36;8.8;45.0
3001;2025-05-06 01:00:00;0.76;;6.2;8.2;15.0;31.18;22.14;705.0;0.0;77.0;1.9;0.0;23.85;6.0;43.0
3002;2025-05-06 02:00:00;0.81;;7.8;10.5;14.0;30.86;21.18;704.7;0.0;79.0;1.9;0.0;23.52;3.2;52.0
3003;2025-05-06 03:00:00;0.79;;10.5;17.0;10.0;30.1;22.02;704.5;0.0;80.0;1.9;0.0;23.33;1.9;9.0
3004;2025-05-06 04:00:00;0.84;;15.6;19.9;5.0;30.66;22.63;704.5;0.0;81.0;1.9;0.0;22.84;1.8;271.0
3005;2025-05-06 05:00:00;0.83;;14.7;18.5;5.0;33.56;23.37;704.6;0.0;83.0;1.9;0.0;22.4;1.8;348.0
3006;2025-05-06 06:00:00;0.84;;12.8;16.3;6.0;35.61;24.91;705.0;0.0;85.0;1.9;0.0;22.2;2.3;64.0
3007;2025-05-06 07:00:00;0.96;;17.5;27.8;5.0;34.0;25.27;705.8;0.0;84.0;1.9;0.019;22.68;2.4;117.0
3008;2025-05-06 08:00:00;1.09;;17.1;29.4;8.0;43.35;29.26;706.3;0.0;79.0;2.0;0.175;23.89;4.7;80.0
3009;2025-05-06 09:00:00;1.14;7.9;17.5;29.9;17.0;49.92;32.2;706.3;0.0;66.0;1.9;0.376;26.04;4.8;67.0
3010;2025-05-06 10:00:00;1.18;23.6;24.2;37.3;26.0;53.0;33.28;706.4;0.0;51.0;2.1;0.548;28.26;7.4;84.0
3011;2025-05-06 11:00:00;1.09;26.3;24.8;33.2;47.0;61.18;34.23;706.2;0.0;39.0;2.4;0.71;30.44;8.6;69.0
3012;2025-05-06 12:00:00;0.94;7.4;19.1;23.6;77.0;65.41;32.33;705.8;0.0;31.0;2.7;0.799;32.36;9.1;71.0
3013;2025-05-06 13:00:00;0.84;9.3;13.9;17.1;91.0;65.32;31.68;705.2;0.0;25.0;2.8;0.839;34.38;10.9;88.0
3014;2025-05-06 14:00:00;0.71;34.6;10.5;13.5;89.0;54.47;26.21;704.7;0.0;20.0;2.7;0.793;35.65;12.4;61.0
3015;2025-05-06 15:00:00;0.65;5.2;8.2;11.2;78.0;42.96;20.82;704.1;0.0;19.0;2.4;0.714;36.26;12.0;114.0
3016;2025-05-06 16:00:00;0.61;1.7;6.6;9.4;75.0;35.94;18.68;703.7;0.0;18.0;2.6;0.591;36.15;14.5;121.0
3017;2025-05-06 17:00:00;0.6;;8.6;11.8;73.0;32.0;17.85;703.5;0.0;18.0;6.8;0.385;35.78;15.0;128.0
3018;2025-05-06 18:00:00;0.65;;8.1;10.8;74.0;40.0;22.22;703.7;0.0;20.0;11.4;0.233;35.23;13.9;125.0
3019;2025-05-06 19:00:00;0.7;;10.8;13.4;63.0;43.0;27.7;704.2;0.0;21.0;9.8;0.055;34.28;10.2;131.0
3020;2025-05-06 20:00:00;0.72;;13.4;15.8;50.0;40.0;25.02;704.8;0.0;24.0;6.2;0.001;33.43;12.0;98.0
3021;2025-05-06 21:00:00;0.77;;11.6;13.9;35.0;35.0;22.81;705.7;0.0;44.0;2.9;0.0;31.2;16.3;65.0
3022;2025-05-06 22:00:00;0.82;;8.0;10.2;27.0;49.0;31.12;706.3;0.0;56.0;2.2;0.0;29.49;13.2;75.0
3023;2025-05-06 23:00:00;0.78;;5.4;7.6;28.0;47.0;25.48;706.6;0.0;60.0;2.0;0.0;28.44;13.6;78.0
3024;2025-05-07 00:00:00;0.74;;3.4;5.5;27.0;39.0;22.59;706.8;0.0;64.0;1.9;0.0;27.66;12.7;71.0
3025;2025-05-07 01:00:00;0.77;;4.8;6.8;22.0;49.0;20.95;706.6;0.0;66.0;1.8;0.0;27.34;6.9;53.0
3026;2025-05-07 02:00:00;0.75;;4.2;6.2;20.0;44.0;21.79;706.4;0.0;68.0;1.9;0.0;26.65;3.1;256.0
3027;2025-05-07 03:00:00;0.78;;6.2;8.3;16.0;43.0;21.42;706.4;0.0;69.0;1.8;0.0;26.09;4.1;218.0
3028;2025-05-07 04:00:00;1.1;;15.1;17.2;12.0;42.0;21.77;707.1;0.0;74.0;1.9;0.0;25.65;7.4;21.0
3029;2025-05-07 05:00:00;1.13;8.1;10.6;12.6;19.0;50.0;26.46;707.7;0.0;69.0;2.0;0.0;25.82;5.8;26.0
3030;2025-05-07 06:00:00;0.97;16.0;14.7;16.8;24.0;46.0;26.08;708.2;0.0;59.0;1.9;0.0;25.41;6.9;49.0
3031;2025-05-07 07:00:00;0.91;24.4;26.0;35.0;18.0;41.0;22.75;709.0;0.0;56.0;2.2;0.032;24.45;9.4;89.0
3032;2025-05-07 08:00:00;0.87;27.4;26.1;41.0;16.0;47.0;21.44;709.7;0.0;57.0;3.3;0.171;24.68;9.7;84.0
3033;2025-05-07 09:00:00;0.92;29.4;25.5;39.5;22.0;45.0;20.71;710.1;0.0;53.0;4.2;0.304;25.93;6.2;80.0
3034;2025-05-07 10:00:00;0.96;21.5;28.2;44.6;27.0;50.0;22.37;710.2;0.0;49.0;5.5;0.533;27.4;7.5;57.0
3035;2025-05-07 11:00:00;0.93;26.5;25.5;35.5;42.0;60.0;24.98;710.3;0.0;44.0;6.3;0.668;28.96;8.7;68.0
3036;2025-05-07 12:00:00;0.78;33.1;13.9;18.2;63.0;58.0;27.75;710.0;0.0;40.0;5.3;0.648;29.81;9.9;37.0
3037;2025-05-07 13:00:00;0.75;30.7;10.7;14.5;63.0;53.0;24.67;709.6;0.0;40.0;4.1;0.773;30.44;10.7;43.0
3038;2025-05-07 14:00:00;0.74;34.7;11.1;14.5;72.0;42.0;22.25;709.0;0.0;35.0;3.8;0.623;31.55;10.0;37.0
3039;2025-05-07 15:00:00;0.76;7.3;9.4;12.3;69.0;45.0;23.12;708.5;0.0;36.0;3.3;0.442;31.69;13.0;78.0
3040;2025-05-07 16:00:00;0.76;;7.8;10.6;61.0;46.0;22.59;708.3;0.0;39.0;3.3;0.422;31.21;15.1;81.0
3041;2025-05-07 17:00:00;0.78;;7.6;10.7;51.0;43.0;22.13;708.2;0.0;43.0;2.9;0.36;30.69;15.8;92.0
3042;2025-05-07 18:00:00;0.81;;9.0;11.9;46.0;37.0;20.32;708.5;0.0;45.0;2.9;0.151;29.9;15.4;86.0
3043;2025-05-07 19:00:00;0.82;;9.8;12.4;44.0;38.0;20.31;709.0;0.0;48.0;2.8;0.042;28.67;16.6;81.0
3044;2025-05-07 20:00:00;0.79;;9.0;11.4;43.0;33.0;18.24;709.6;0.0;51.0;2.5;0.0;27.51;16.7;75.0
3045;2025-05-07 21:00:00;0.78;;8.6;10.9;41.0;35.0;18.8;710.0;0.0;54.0;2.2;0.0;26.85;15.2;69.0
3046;2025-05-07 22:00:00;0.77;;7.6;9.8;42.0;31.0;18.44;710.3;0.0;56.0;2.2;0.0;26.36;12.4;71.0
3047;2025-05-07 23:00:00;0.74;;5.8;7.9;44.0;29.0;16.0;710.7;0.0;59.0;2.1;0.0;25.94;14.2;78.0
3048;2025-05-08 00:00:00;0.77;;5.3;7.4;35.0;27.0;13.6;710.8;0.0;69.0;1.9;0.0;24.9;13.3;66.0
3049;2025-05-08 01:00:00;0.78;;4.5;6.5;28.0;33.0;13.59;710.8;0.0;78.0;1.9;0.0;23.76;13.3;70.0
3050;2025-05-08 02:00:00;0.75;;2.8;4.9;39.0;25.0;14.57;710.7;0.0;76.0;2.0;0.0;22.85;13.1;71.0
3051;2025-05-08 03:00:00;0.72;;3.0;5.0;35.0;22.0;7.46;710.4;0.0;79.0;2.0;0.0;22.25;11.4;49.0
3052;2025-05-08 04:00:00;0.75;;3.7;5.6;30.0;19.0;8.81;710.0;0.0;82.0;2.0;0.0;21.91;7.9;54.0
3053;2025-05-08 05:00:00;0.78;;11.9;15.0;18.0;33.0;17.04;710.0;0.0;84.0;2.1;0.0;21.93;6.3;40.0
3054;2025-05-08 06:00:00;0.78;;8.0;10.1;20.0;40.0;24.24;710.4;0.0;84.0;2.1;0.0;22.07;5.0;47.0
3055;2025-05-08 07:00:00;0.84;;9.8;12.5;19.0;33.0;19.2;710.8;0.0;85.0;2.1;0.002;22.02;7.9;59.0
3056;2025-05-08 08:00:00;0.94;;13.6;16.7;15.0;23.0;10.81;711.2;0.0;86.0;2.0;0.009;21.9;6.6;83.0
3057;2025-05-08 09:00:00;0.99;;12.9;16.5;18.0;20.0;9.05;711.4;0.0;88.0;1.9;0.033;21.63;10.0;65.0
3058;2025-05-08 10:00:00;1.02;;12.9;18.3;20.0;21.0;11.19;711.4;0.0;90.0;1.9;0.138;21.57;9.8;70.0
3059;2025-05-08 11:00:00;0.9;;8.4;12.8;28.0;27.0;12.55;711.2;0.0;86.0;1.9;0.276;22.49;12.4;65.0
3060;2025-05-08 12:00:00;0.89;;7.2;11.0;31.0;21.0;14.72;710.8;0.0;73.0;1.9;0.234;24.05;12.5;63.0
3061;2025-05-08 13:00:00;0.86;;6.8;10.3;36.0;33.0;16.41;710.1;0.0;67.0;1.9;0.382;25.74;8.0;61.0
3062;2025-05-08 14:00:00;0.89;6.4;7.9;11.3;48.0;36.0;22.46;709.3;0.0;60.0;2.0;0.667;27.67;6.3;73.0
3063;2025-05-08 15:00:00;0.83;17.4;6.1;9.0;49.0;42.0;24.97;708.5;0.0;54.0;2.0;0.67;29.0;8.1;73.0
3064;2025-05-08 16:00:00;0.83;25.8;6.5;9.4;48.0;37.0;;708.0;0.0;50.0;2.3;0.403;29.79;7.0;46.0
3065;2025-05-08 17:00:00;0.81;13.3;6.2;9.1;42.0;39.0;20.85;707.7;0.0;50.0;2.1;0.295;29.64;9.7;80.0
3066;2025-05-08 18:00:00;0.83;12.3;6.1;8.9;39.0;33.0;19.78;708.0;0.0;51.0;2.0;0.198;29.67;10.4;120.0
3067;2025-05-08 19:00:00;0.88;5.5;12.6;15.4;29.0;35.0;20.99;708.3;0.0;59.0;2.0;0.038;28.04;13.5;78.0
3068;2025-05-08 20:00:00;0.94;;12.5;15.1;27.0;36.0;10.65;709.6;0.0;68.0;2.0;0.0;24.38;15.8;354.0
3069;2025-05-08 21:00:00;0.93;;7.8;10.1;33.0;35.0;9.33;711.3;0.0;75.0;1.9;0.0;22.57;11.6;14.0
3070;2025-05-08 22:00:00;0.9;4.1;7.0;9.0;38.0;29.0;4.85;712.3;0.0;75.0;2.1;0.0;21.13;11.2;16.0
3071;2025-05-08 23:00:00;0.82;9.8;13.6;15.9;32.0;19.0;5.27;712.9;0.0;73.0;2.1;0.0;20.56;9.6;81.0
3072;2025-05-09 00:00:00;0.74;9.2;9.3;11.4;37.0;22.0;;713.5;0.0;75.0;2.2;0.0;19.37;6.7;81.0
3073;2025-05-09 01:00:00;0.72;5.6;13.2;15.4;30.0;19.0;5.78;713.5;0.0;77.0;2.1;0.0;18.89;5.3;149.0
3074;2025-05-09 02:00:00;0.72;1.0;7.5;9.6;37.0;18.0;6.22;713.3;0.0;76.0;2.1;0.0;18.83;4.8;256.0
3075;2025-05-09 03:00:00;0.67;;5.6;7.7;37.0;17.0;5.73;713.3;0.0;80.0;2.1;0.0;18.33;2.7;240.0
3076;2025-05-09 04:00:00;0.68;;9.1;11.3;32.0;14.0;5.33;713.3;0.0;81.0;2.0;0.0;18.31;5.5;261.0
3077;2025-05-09 05:00:00;0.68;;7.4;9.6;33.0;18.0;7.98;713.4;0.0;81.0;1.9;0.0;18.27;3.0;233.0
3078;2025-05-09 06:00:00;0.69;;9.7;11.9;31.0;18.0;9.14;713.6;0.0;78.0;2.0;0.0;18.62;2.6;292.0
3079;2025-05-09 07:00:00;0.75;1.5;13.1;15.8;30.0;20.0;9.82;714.1;0.0;74.0;1.9;0.006;18.86;7.4;357.0
3080;2025-05-09 08:00:00;0.82;8.5;16.8;20.8;27.0;21.0;10.18;714.6;0.0;71.0;2.0;0.041;19.16;3.6;350.0
3081;2025-05-09 09:00:00;0.85;11.6;17.5;22.2;26.0;26.0;10.89;714.7;0.0;69.0;2.0;0.07;19.58;2.8;6.0
3082;2025-05-09 10:00:00;0.87;11.8;19.9;25.4;25.0;24.0;10.98;714.9;0.0;69.0;2.0;0.104;19.86;4.3;245.0
3083;2025-05-09 11:00:00;0.81;15.1;16.9;22.2;32.0;36.0;16.93;714.9;0.0;65.0;2.1;0.168;20.65;4.5;278.0
3084;2025-05-09 12:00:00;0.8;17.6;14.7;19.5;38.0;29.0;19.09;714.7;0.0;62.0;2.1;0.227;21.32;6.6;233.0
3085;2025-05-09 13:00:00;0.79;22.4;13.8;18.6;42.0;27.0;13.11;714.4;0.0;58.0;2.1;0.306;22.35;7.2;216.0
3086;2025-05-09 14:00:00;0.76;29.1;12.1;16.1;50.0;29.0;11.23;714.0;0.0;52.0;2.2;0.319;23.63;5.3;262.0
3087;2025-05-09 15:00:00;0.79;23.5;11.6;15.5;57.0;27.0;12.47;713.3;0.0;48.0;2.2;0.489;24.85;5.3;311.0
3088;2025-05-09 16:00:00;0.82;24.9;13.3;16.9;60.0;27.0;13.88;712.8;0.0;45.0;2.0;0.336;25.18;6.6;137.0
3089;2025-05-09 17:00:00;0.76;28.0;9.5;12.4;66.0;32.0;14.28;712.4;0.0;41.0;2.1;0.264;26.1;4.8;104.0
3090;2025-05-09 18:00:00;0.76;29.4;9.0;11.9;60.0;27.0;11.52;712.3;0.0;37.0;2.1;0.153;26.67;5.0;288.0
3091;2025-05-09 19:00:00;0.83;41.1;17.1;20.1;49.0;27.0;9.16;712.5;0.0;37.0;2.3;0.032;26.14;6.9;94.0
3092;2025-05-09 20:00:00;0.73;40.6;18.7;21.2;41.0;27.0;10.32;713.2;0.0;37.0;2.4;0.0;25.44;10.4;43.0
3093;2025-05-09 21:00:00;0.83;36.9;17.6;19.8;43.0;31.0;9.78;713.8;0.0;43.0;2.6;0.0;24.53;5.3;84.0
3094;2025-05-09 22:00:00;0.84;35.9;19.5;22.2;33.0;29.0;15.53;714.2;0.0;46.0;2.4;0.0;23.33;2.5;304.0
3095;2025-05-09 23:00:00;0.97;29.9;30.1;32.6;18.0;33.0;12.69;714.3;0.0;51.0;2.2;0.0;22.13;2.3;229.0
3096;2025-05-10 00:00:00;0.91;28.4;29.9;32.3;16.0;34.0;13.83;714.3;0.0;52.0;2.2;0.0;21.58;2.2;197.0
3097;2025-05-10 01:00:00;0.89;28.6;29.2;31.6;16.0;29.0;11.95;714.1;0.0;52.0;2.2;0.0;21.21;2.0;255.0
3098;2025-05-10 02:00:00;0.84;29.1;23.1;25.5;20.0;27.0;11.65;713.8;0.0;53.0;2.1;0.0;20.81;4.3;228.0
3099;2025-05-10 03:00:00;0.87;28.2;21.1;23.7;20.0;26.0;10.34;713.5;0.0;54.0;3.1;0.0;20.47;3.7;260.0
3100;2025-05-10 04:00:00;0.77;28.7;17.8;20.1;23.0;32.0;12.58;713.4;0.0;54.0;4.4;0.0;20.2;5.3;244.0
3101;2025-05-10 05:00:00;0.72;29.6;17.2;19.5;22.0;31.0;12.23;713.5;0.0;53.0;5.1;0.0;20.0;7.0;217.0
3102;2025-05-10 06:00:00;0.67;30.6;15.4;17.6;24.0;31.0;11.45;713.7;0.0;52.0;4.8;0.0;19.99;6.1;228.0
3103;2025-05-10 07:00:00;0.7;32.3;17.4;21.2;23.0;26.0;10.62;714.2;0.0;51.0;4.7;0.062;20.56;4.8;258.0
3104;2025-05-10 08:00:00;0.93;38.8;27.9;39.8;19.0;26.0;9.82;714.5;0.0;46.0;4.7;0.182;22.38;2.8;335.0
3105;2025-05-10 09:00:00;0.81;29.4;18.7;26.6;36.0;51.0;15.8;714.6;0.0;40.0;3.9;0.402;23.93;5.0;268.0
3106;2025-05-10 10:00:00;0.73;24.4;9.7;14.2;51.0;42.0;14.99;714.6;0.0;37.0;3.4;0.589;24.58;11.6;35.0
3107;2025-05-10 11:00:00;0.68;25.7;7.6;11.4;56.0;33.0;8.41;714.6;0.0;36.0;2.9;0.599;25.01;11.5;18.0
3108;2025-05-10 12:00:00;0.67;27.6;5.6;8.4;61.0;32.0;7.98;714.5;0.0;34.0;2.8;0.368;25.57;9.2;27.0
3109;2025-05-10 13:00:00;0.65;37.7;5.3;8.2;61.0;26.0;7.66;714.1;0.0;32.0;2.7;0.444;25.9;10.2;5.0
3110;2025-05-10 14:00:00;0.66;29.7;5.6;8.6;62.0;25.0;7.91;713.6;0.0;31.0;2.6;0.532;26.34;11.6;11.0
3111;2025-05-10 15:00:00;0.68;39.3;5.8;8.7;62.0;26.0;7.69;713.2;0.0;31.0;2.7;0.44;26.85;11.9;358.0
3112;2025-05-10 16:00:00;0.67;33.5;5.3;8.0;64.0;28.0;8.9;712.9;0.0;32.0;2.7;0.442;26.78;9.8;36.0
3113;2025-05-10 17:00:00;0.66;35.4;6.6;9.4;59.0;22.0;10.06;712.6;0.0;31.0;2.5;0.212;26.76;12.8;11.0
3114;2025-05-10 18:00:00;0.75;35.3;6.1;8.8;58.0;27.0;8.81;712.8;0.0;31.0;2.9;0.166;26.72;8.9;22.0
3115;2025-05-10 19:00:00;0.75;42.8;9.7;12.3;54.0;20.0;8.96;713.0;0.0;30.0;2.6;0.034;26.3;8.6;45.0
3116;2025-05-10 20:00:00;0.78;41.0;16.4;18.9;45.0;22.0;9.97;713.6;0.0;30.0;2.7;0.001;25.33;7.5;58.0
3117;2025-05-10 21:00:00;0.69;44.4;11.5;13.8;50.0;23.0;10.4;714.1;0.0;30.0;2.6;0.0;25.03;8.7;48.0
3118;2025-05-10 22:00:00;0.71;43.9;12.5;14.7;47.0;25.0;12.85;714.6;0.0;30.0;2.4;0.0;24.57;5.5;63.0
3119;2025-05-10 23:00:00;0.74;42.9;16.4;18.5;37.0;25.0;15.74;714.8;0.0;33.0;2.3;0.0;23.57;3.4;147.0
3120;2025-05-11 00:00:00;0.73;41.9;17.3;19.5;33.0;29.0;18.2;714.7;0.0;37.0;2.3;0.0;22.21;3.3;222.0
3121;2025-05-11 01:00:00;0.7;42.0;14.4;16.5;35.0;22.0;12.85;714.6;0.0;39.0;2.1;0.0;21.42;2.3;207.0
3122;2025-05-11 02:00:00;0.71;41.5;14.5;16.6;35.0;22.0;10.71;714.3;0.0;40.0;2.2;0.0;21.0;4.3;225.0
3123;2025-05-11 03:00:00;0.8;40.3;21.0;23.3;24.0;21.0;10.65;713.9;0.0;41.0;2.5;0.0;20.96;5.2;237.0
3124;2025-05-11 04:00:00;0.84;39.4;23.0;25.3;20.0;31.0;16.92;713.8;0.0;43.0;2.4;0.0;20.21;5.5;216.0
3125;2025-05-11 05:00:00;0.74;41.6;17.1;19.4;27.0;32.0;17.9;713.8;0.0;42.0;3.1;0.0;20.55;8.8;214.0
3126;2025-05-11 06:00:00;0.71;41.0;15.7;18.2;27.0;35.0;17.79;713.9;0.0;43.0;3.0;0.0;19.73;4.4;241.0
3127;2025-05-11 07:00:00;0.67;41.7;12.8;15.7;31.0;28.0;18.4;714.1;0.0;41.0;2.8;0.056;20.35;3.6;206.0
3128;2025-05-11 08:00:00;0.8;39.3;19.7;26.9;30.0;23.0;12.66;714.3;0.0;36.0;3.1;0.215;22.7;3.1;4.0
3129;2025-05-11 09:00:00;0.76;30.8;16.3;23.0;41.0;33.0;15.23;714.6;0.0;31.0;3.2;0.411;24.25;4.8;8.0
3130;2025-05-11 10:00:00;0.6;18.1;8.9;12.9;59.0;40.0;15.95;714.6;0.0;23.0;2.9;0.587;26.15;9.0;328.0
3131;2025-05-11 11:00:00;0.51;34.7;3.6;6.2;67.0;28.0;11.38;714.3;0.0;19.0;2.2;0.747;27.32;13.1;308.0
3132;2025-05-11 12:00:00;0.49;37.7;3.2;5.7;68.0;21.0;6.95;713.8;0.0;16.0;2.2;0.837;28.39;14.4;311.0
3133;2025-05-11 13:00:00;0.49;38.7;2.9;5.4;67.0;21.0;6.48;713.2;0.0;14.0;2.1;0.896;29.44;14.2;325.0
3134;2025-05-11 14:00:00;0.47;36.1;2.9;5.4;68.0;18.0;6.06;712.7;0.0;12.0;2.1;0.879;30.5;13.9;335.0
3135;2025-05-11 15:00:00;0.47;36.5;2.9;5.2;69.0;20.0;6.03;712.1;0.0;11.0;2.3;0.786;31.17;13.3;341.0
3136;2025-05-11 16:00:00;0.5;38.3;3.8;6.3;72.0;18.0;6.13;711.5;0.0;10.0;2.4;0.653;32.03;11.4;3.0
3137;2025-05-11 17:00:00;0.51;40.2;5.9;8.6;72.0;18.0;6.59;711.2;0.0;9.0;2.7;0.478;32.63;9.7;36.0
3138;2025-05-11 18:00:00;0.51;41.8;6.8;9.4;69.0;23.0;7.15;711.2;0.0;10.0;2.5;0.208;32.44;9.7;45.0
3139;2025-05-11 19:00:00;0.51;12.8;10.5;13.1;63.0;22.0;7.73;711.4;0.0;11.0;2.8;0.025;31.59;7.9;48.0
3140;2025-05-11 20:00:00;0.56;11.7;8.1;10.2;61.0;21.0;7.75;711.9;0.0;19.0;3.5;0.002;29.06;12.1;69.0
3141;2025-05-11 21:00:00;0.6;3.7;7.8;9.8;58.0;27.0;8.66;712.4;0.0;22.0;2.8;0.0;27.74;9.8;122.0
3142;2025-05-11 22:00:00;0.57;1.2;5.7;7.8;59.0;24.0;9.5;712.7;0.0;23.0;2.3;0.0;26.7;10.3;93.0
3143;2025-05-11 23:00:00;0.57;6.9;5.8;7.9;58.0;21.0;8.8;712.7;0.0;25.0;2.3;0.0;25.87;8.8;96.0
3144;2025-05-12 00:00:00;0.58;;;;57.0;19.0;8.95;712.5;0.0;25.0;2.2;0.0;25.29;6.8;94.0
3145;2025-05-12 01:00:00;0.59;;;;51.0;20.0;8.67;712.3;0.0;26.0;2.2;0.0;24.49;4.1;84.0
3146;2025-05-12 02:00:00;0.61;;;;42.0;18.0;;711.9;0.0;31.0;2.1;0.0;22.63;3.0;268.0
3147;2025-05-12 03:00:00;0.68;;;;30.0;22.0;11.0;711.5;0.0;33.0;2.2;0.0;21.78;3.3;246.0
3148;2025-05-12 04:00:00;0.68;;;;30.0;25.0;13.0;711.5;0.0;34.0;4.9;0.0;21.31;4.6;226.0
3149;2025-05-12 05:00:00;0.6;;;;36.0;28.0;13.0;711.4;0.0;32.0;6.6;0.0;21.07;7.2;211.0
3150;2025-05-12 06:00:00;0.58;;;;39.0;29.0;;711.7;0.0;29.0;6.4;0.0;20.84;7.1;219.0
3151;2025-05-12 07:00:00;0.66;;;;30.0;31.0;12.0;712.1;0.0;27.0;6.2;0.058;21.53;6.5;223.0
3152;2025-05-12 08:00:00;0.76;;;;31.0;34.0;14.0;712.3;0.0;24.0;5.5;0.22;23.59;7.3;214.0
3153;2025-05-12 09:00:00;0.73;;;;45.0;56.0;11.0;712.5;0.0;21.0;4.4;0.419;26.0;5.3;183.0
3154;2025-05-12 10:00:00;0.92;;;;49.0;34.0;11.0;712.7;0.0;22.0;4.4;0.591;27.64;6.1;339.0
3155;2025-05-12 11:00:00;1.17;;;;68.0;49.0;17.27;712.4;0.0;20.0;5.5;0.731;29.15;6.1;21.0
3156;2025-05-12 12:00:00;0.9;;;;68.0;51.0;20.86;711.9;0.0;16.0;6.2;0.805;30.91;6.4;60.0
3157;2025-05-12 13:00:00;0.72;;;;90.0;47.0;16.69;711.2;0.0;13.0;3.4;0.858;32.38;7.2;97.0
3158;2025-05-12 14:00:00;0.73;;;;109.0;33.0;13.07;710.3;0.0;12.0;3.4;0.838;33.41;9.4;86.0
3159;2025-05-12 15:00:00;0.69;;;;116.0;37.0;13.29;709.5;0.0;10.0;2.9;0.743;34.09;11.0;87.0
3160;2025-05-12 16:00:00;0.63;;;;113.0;37.0;12.72;708.8;0.0;9.0;2.8;0.621;34.96;10.5;66.0
3161;2025-05-12 17:00:00;0.67;;;;109.0;32.0;12.36;708.4;0.0;11.0;2.8;0.452;34.84;11.9;85.0
3162;2025-05-12 18:00:00;0.64;;;;93.0;34.0;11.87;708.2;0.0;13.0;4.8;0.185;33.81;14.4;128.0
3163;2025-05-12 19:00:00;0.66;;;;78.0;34.0;12.24;708.3;0.0;13.0;4.0;0.044;32.85;12.2;124.0
3164;2025-05-12 20:00:00;0.65;;;;71.0;25.0;11.06;708.5;0.0;14.0;3.6;0.001;31.57;8.9;113.0
3165;2025-05-12 21:00:00;0.72;;;;58.0;27.0;10.5;708.8;0.0;16.0;3.4;0.0;30.64;6.5;75.0
3166;2025-05-12 22:00:00;0.63;;;;63.0;27.0;11.88;708.8;0.0;16.0;3.0;0.0;30.06;7.2;83.0
3167;2025-05-12 23:00:00;0.69;;;;48.0;21.0;10.58;708.8;0.0;16.0;3.3;0.0;29.46;5.5;60.0
3168;2025-05-13 00:00:00;0.78;;;;18.0;31.0;12.18;708.8;0.0;28.0;6.3;0.0;27.39;5.6;349.0
3169;2025-05-13 01:00:00;0.8;;;;16.0;40.0;16.16;708.5;0.0;36.0;14.8;0.0;25.86;4.0;261.0
3170;2025-05-13 02:00:00;0.89;;;;16.0;39.0;16.53;708.1;0.0;37.0;10.1;0.0;24.77;2.1;261.0
3171;2025-05-13 03:00:00;0.81;;;;19.0;38.0;15.93;708.0;0.0;32.0;8.0;0.0;24.65;4.3;231.0
3172;2025-05-13 04:00:00;0.81;;;;17.0;38.0;16.07;707.8;0.0;34.0;7.0;0.0;23.96;2.0;273.0
3173;2025-05-13 05:00:00;1.36;6.8;40.0;52.6;5.0;35.0;17.59;707.8;0.0;44.0;5.6;0.0;23.26;3.2;352.0
3174;2025-05-13 06:00:00;2.31;15.6;41.6;64.3;5.0;55.0;22.2;707.9;0.0;49.0;5.7;0.001;22.61;2.3;272.0
3175;2025-05-13 07:00:00;1.58;23.3;38.8;70.1;6.0;70.0;29.68;708.2;0.0;45.0;6.8;0.043;23.48;2.3;261.0
3176;2025-05-13 08:00:00;1.21;20.5;39.5;68.2;12.0;94.0;34.0;708.4;0.0;35.0;7.3;0.198;25.55;4.1;355.0
3177;2025-05-13 09:00:00;1.11;9.2;38.4;56.0;28.0;83.0;30.96;708.5;0.0;26.0;6.9;0.393;28.64;4.2;38.0
3178;2025-05-13 10:00:00;1.09;7.8;42.3;56.3;45.0;71.0;25.22;708.4;0.0;19.0;7.0;0.563;31.62;6.2;29.0
3179;2025-05-13 11:00:00;1.29;32.1;62.9;82.6;46.0;63.0;27.19;708.1;0.0;17.0;11.1;0.698;33.89;6.9;53.0
3180;2025-05-13 12:00:00;1.07;14.0;53.6;64.8;73.0;83.0;31.0;707.8;0.0;14.0;10.1;0.778;35.84;7.6;77.0
3181;2025-05-13 13:00:00;1.09;4.9;38.6;43.7;136.0;80.0;31.72;707.3;0.0;14.0;7.3;0.816;36.94;11.5;73.0
3182;2025-05-13 14:00:00;0.97;3.1;17.5;20.7;154.0;83.0;29.13;706.9;0.0;15.0;4.4;0.81;37.78;10.0;88.0
3183;2025-05-13 15:00:00;0.78;;11.3;14.4;134.0;60.0;23.05;706.2;0.0;11.0;3.6;0.577;38.67;9.2;95.0
3184;2025-05-13 16:00:00;0.77;;11.4;14.7;118.0;46.0;20.36;705.6;0.0;10.0;3.6;0.558;39.42;12.4;82.0
3185;2025-05-13 17:00:00;0.76;;10.7;13.9;105.0;42.0;16.92;705.3;0.0;9.0;3.1;0.445;39.51;13.4;113.0
3186;2025-05-13 18:00:00;0.73;;9.7;12.9;89.0;38.0;17.27;705.1;0.0;10.0;2.9;0.216;38.83;14.6;105.0
3187;2025-05-13 19:00:00;0.85;;16.9;20.1;65.0;35.0;16.48;705.3;0.0;12.0;2.7;0.033;37.87;11.0;89.0
3188;2025-05-13 20:00:00;0.82;;13.9;16.7;59.0;34.0;15.59;705.7;0.0;16.0;2.7;0.002;35.97;9.5;106.0
3189;2025-05-13 21:00:00;0.8;;12.1;14.9;58.0;33.0;17.72;706.1;0.0;17.0;2.8;0.0;34.93;10.5;108.0
3190;2025-05-13 22:00:00;0.69;;7.1;9.9;61.0;31.0;14.76;706.3;0.0;18.0;2.8;0.0;34.18;8.5;137.0
3191;2025-05-13 23:00:00;0.86;;18.7;21.7;41.0;27.0;15.42;706.5;0.0;21.0;2.8;0.0;32.37;3.9;320.0
3192;2025-05-14 00:00:00;1.1;;43.7;48.2;16.0;31.0;20.65;706.7;0.0;26.0;3.3;0.0;31.0;5.2;335.0
3193;2025-05-14 01:00:00;1.01;;44.9;50.9;8.0;71.0;26.59;706.6;0.0;33.0;4.2;0.0;28.85;3.9;9.0
3194;2025-05-14 02:00:00;1.05;;42.7;46.3;6.0;66.0;27.13;706.2;0.0;38.0;4.1;0.0;27.29;3.0;321.0
3195;2025-05-14 03:00:00;1.08;;37.9;41.0;8.0;55.0;28.94;705.9;0.0;42.0;5.0;0.0;26.43;2.5;331.0
3196;2025-05-14 04:00:00;1.04;;39.8;45.1;5.0;60.0;37.92;705.6;0.0;47.0;5.2;0.0;25.39;2.0;334.0
3197;2025-05-14 05:00:00;0.97;;36.0;41.1;5.0;66.0;36.31;705.6;0.0;49.0;5.2;0.0;24.83;2.2;326.0
3198;2025-05-14 06:00:00;0.93;0.9;30.0;35.2;7.0;57.0;31.4;705.7;0.0;52.0;4.5;0.0;24.43;2.5;264.0
3199;2025-05-14 07:00:00;1.1;10.9;31.3;48.6;6.0;60.0;34.56;706.1;0.0;52.0;7.0;0.051;24.92;2.5;292.0
3200;2025-05-14 08:00:00;1.34;27.8;43.3;78.8;11.0;74.0;36.12;706.3;0.0;37.0;12.3;0.196;28.17;3.3;9.0
3201;2025-05-14 09:00:00;1.25;21.3;55.0;82.2;24.0;82.0;31.96;706.3;0.0;20.0;10.8;0.375;31.94;4.9;9.0
3202;2025-05-14 10:00:00;1.38;36.2;62.5;83.1;42.0;80.0;33.01;706.4;0.0;18.0;8.6;0.556;34.56;6.0;29.0
3203;2025-05-14 11:00:00;1.24;32.7;48.7;58.6;73.0;86.0;33.67;706.2;0.0;15.0;6.0;0.632;36.64;6.5;9.0
3204;2025-05-14 12:00:00;1.3;7.6;74.2;89.9;69.0;75.0;34.63;705.9;0.0;16.0;14.8;0.721;37.88;9.3;47.0
3205;2025-05-14 13:00:00;1.12;;44.3;49.7;138.0;103.0;39.94;705.6;0.0;14.0;10.1;0.753;38.86;11.0;56.0
3206;2025-05-14 14:00:00;1.15;;23.6;27.1;166.0;93.0;35.99;705.3;0.0;17.0;5.7;0.747;39.07;13.0;63.0
3207;2025-05-14 15:00:00;1.12;;16.8;20.1;166.0;75.0;39.56;704.7;0.0;21.0;8.3;0.698;39.33;15.2;62.0
3208;2025-05-14 16:00:00;0.96;;11.0;14.2;126.0;75.0;32.07;704.2;0.0;18.0;5.9;0.523;40.17;14.2;94.0
3209;2025-05-14 17:00:00;0.9;;10.9;14.2;87.0;53.0;25.85;703.9;0.0;18.0;5.1;0.188;39.35;13.6;122.0
3210;2025-05-14 18:00:00;0.85;;11.9;15.6;67.0;42.0;21.49;703.6;0.0;16.0;3.9;0.16;39.09;14.9;120.0
3211;2025-05-14 19:00:00;0.88;;11.0;14.5;63.0;39.0;21.35;703.9;0.0;19.0;3.6;0.035;38.02;11.7;114.0
3212;2025-05-14 20:00:00;0.9;;9.5;12.8;60.0;37.0;22.38;704.2;0.0;22.0;3.8;0.0;36.85;10.1;115.0
3213;2025-05-14 21:00:00;0.84;;7.4;10.7;60.0;33.0;22.3;704.1;0.0;23.0;3.7;0.0;35.88;14.7;118.0
3214;2025-05-14 22:00:00;0.81;;5.4;8.8;63.0;44.0;24.13;704.3;0.0;24.0;3.8;0.0;35.24;15.0;116.0
3215;2025-05-14 23:00:00;0.86;;9.1;12.3;59.0;42.0;26.92;704.7;0.0;26.0;3.8;0.0;34.17;9.8;82.0
3216;2025-05-15 00:00:00;0.89;;15.8;19.0;52.0;39.0;29.69;704.7;0.0;30.0;3.8;0.0;33.04;7.7;57.0
3217;2025-05-15 01:00:00;0.99;;31.9;35.9;19.0;45.0;34.19;704.7;0.0;42.0;4.6;0.0;30.24;8.6;16.0
3218;2025-05-15 02:00:00;1.03;;27.1;30.3;20.0;50.0;36.55;704.6;0.0;52.0;4.1;0.0;28.31;7.6;10.0
3219;2025-05-15 03:00:00;1.02;;22.6;25.8;24.0;54.0;38.98;704.4;0.0;56.0;3.6;0.0;27.43;6.7;34.0
3220;2025-05-15 04:00:00;1.04;;34.1;39.0;9.0;55.0;43.03;704.4;0.0;59.0;4.8;0.0;26.62;4.5;41.0
3221;2025-05-15 05:00:00;1.17;;27.3;30.5;14.0;55.0;44.15;704.5;0.0;61.0;5.6;0.0;26.17;2.1;17.0
3222;2025-05-15 06:00:00;1.18;;26.0;29.5;19.0;59.0;45.68;705.0;0.0;59.0;5.1;0.0;26.11;6.2;3.0
3223;2025-05-15 07:00:00;1.13;;21.4;27.0;19.0;55.0;45.64;705.5;0.0;61.0;4.8;0.024;25.77;3.3;298.0
3224;2025-05-15 08:00:00;1.28;2.8;27.5;38.1;20.0;66.0;46.75;705.9;0.0;56.0;4.5;0.178;27.27;4.7;2.0
3225;2025-05-15 09:00:00;1.6;10.4;40.0;58.7;23.0;72.0;51.59;706.0;0.0;47.0;5.9;0.36;29.84;7.3;110.0
3226;2025-05-15 10:00:00;1.61;7.1;44.9;60.4;43.0;90.0;56.34;706.4;0.0;39.0;8.0;0.534;31.72;10.5;77.0
3227;2025-05-15 11:00:00;1.25;;30.3;38.2;73.0;96.0;49.55;706.6;0.0;24.0;7.9;0.662;34.63;10.2;63.0
3228;2025-05-15 12:00:00;1.08;;25.4;31.2;106.0;79.0;34.88;706.5;0.0;14.0;6.5;0.74;37.68;9.6;70.0
3229;2025-05-15 13:00:00;1.01;;19.2;23.9;135.0;70.0;33.51;706.2;0.0;12.0;4.9;0.792;38.75;11.7;78.0
3230;2025-05-15 14:00:00;0.84;;12.9;17.3;128.0;66.0;26.67;705.9;0.0;8.0;3.7;0.794;40.44;9.2;80.0
3231;2025-05-15 15:00:00;0.76;;10.8;15.0;124.0;56.0;21.46;705.4;0.0;7.0;3.5;0.691;40.87;11.5;78.0
3232;2025-05-15 16:00:00;0.84;;10.3;14.2;128.0;58.0;31.08;705.2;0.0;13.0;8.8;0.557;40.25;13.5;76.0
3233;2025-05-15 17:00:00;0.86;;9.2;13.2;113.0;57.0;34.9;705.1;0.0;14.0;10.5;0.412;39.78;14.6;82.0
3234;2025-05-15 18:00:00;0.85;;10.0;14.0;81.0;55.0;30.75;705.1;0.0;17.0;7.8;0.204;38.94;15.3;78.0
3235;2025-05-15 19:00:00;0.98;;14.7;18.6;57.0;49.0;32.03;705.3;0.0;23.0;4.3;0.04;37.33;14.6;64.0
3236;2025-05-15 20:00:00;0.99;;14.4;18.0;49.0;53.0;31.38;705.9;0.0;27.0;3.7;0.002;35.59;11.4;71.0
3237;2025-05-15 21:00:00;0.91;;8.7;12.0;54.0;48.0;29.58;706.7;0.0;28.0;3.4;0.0;34.55;10.3;99.0
3238;2025-05-15 22:00:00;0.9;;9.9;13.1;49.0;39.0;28.07;707.0;0.0;30.0;3.1;0.0;33.86;10.3;87.0
3239;2025-05-15 23:00:00;0.96;;11.0;14.8;37.0;40.0;28.24;707.3;0.0;38.0;3.0;0.0;32.43;10.6;50.0
3240;2025-05-16 00:00:00;1.0;;11.5;14.6;30.0;43.0;28.01;707.1;0.0;44.0;3.6;0.0;31.17;10.3;58.0
3241;2025-05-16 01:00:00;0.98;;9.7;12.8;26.0;41.0;25.63;706.8;0.0;52.0;5.2;0.0;29.46;9.4;52.0
3242;2025-05-16 02:00:00;0.97;;11.0;14.2;22.0;42.0;23.63;706.5;0.0;55.0;4.9;0.0;28.46;7.6;30.0
3243;2025-05-16 03:00:00;0.96;;15.8;20.2;16.0;41.0;25.1;706.4;0.0;59.0;4.1;0.0;27.51;7.3;34.0
3244;2025-05-16 04:00:00;0.96;0.7;21.5;30.6;12.0;43.0;27.65;706.5;0.0;61.0;5.0;0.0;26.63;7.5;40.0
3245;2025-05-16 05:00:00;0.98;;17.0;21.4;15.0;47.0;28.99;706.8;0.0;65.0;5.1;0.0;25.99;5.0;78.0
3246;2025-05-16 06:00:00;1.1;;22.2;26.7;10.0;49.0;30.44;707.1;0.0;66.0;4.6;0.0;25.76;2.3;30.0
3247;2025-05-16 07:00:00;1.26;;21.7;28.1;12.0;54.0;33.27;707.4;0.0;67.0;5.1;0.034;25.68;6.4;18.0
3248;2025-05-16 08:00:00;1.38;3.7;25.3;37.3;14.0;55.0;35.34;707.8;0.0;66.0;5.2;0.158;25.95;6.7;22.0
3249;2025-05-16 09:00:00;1.49;3.3;24.5;36.1;24.0;62.0;37.49;708.0;0.0;62.0;5.1;0.319;27.04;6.3;18.0
3250;2025-05-16 10:00:00;1.52;4.1;29.0;41.5;34.0;65.0;42.45;708.0;0.0;57.0;5.6;0.484;28.57;8.3;51.0
3251;2025-05-16 11:00:00;1.46;1.9;30.5;40.5;52.0;76.0;47.71;708.0;0.0;53.0;6.4;0.619;29.83;8.3;47.0
3252;2025-05-16 12:00:00;1.41;;26.5;32.7;88.0;79.0;49.95;707.9;0.0;48.0;7.5;0.699;31.46;9.4;44.0
3253;2025-05-16 13:00:00;1.23;;19.4;23.9;107.0;83.0;50.44;707.6;0.0;43.0;6.7;0.658;32.71;10.0;61.0
3254;2025-05-16 14:00:00;1.16;;17.8;21.9;102.0;79.0;47.66;707.3;0.0;40.0;6.5;0.447;33.63;9.6;81.0
3255;2025-05-16 15:00:00;1.19;;17.2;21.2;84.0;70.0;48.64;706.9;0.0;43.0;4.3;0.266;32.55;9.3;97.0
3256;2025-05-16 16:00:00;1.21;;16.5;20.2;95.0;71.0;49.91;706.6;0.0;42.0;5.4;0.212;32.86;12.1;88.0
3257;2025-05-16 17:00:00;1.29;;19.7;23.2;76.0;73.0;51.26;706.6;0.0;48.0;3.4;0.042;30.59;7.1;141.0
3258;2025-05-16 18:00:00;1.37;;24.8;29.3;48.0;57.0;41.51;706.7;0.0;49.0;3.6;0.015;29.99;7.0;197.0
3259;2025-05-16 19:00:00;1.4;;27.5;31.7;40.0;61.0;39.91;706.6;0.0;53.0;2.4;0.057;29.49;5.4;215.0
3260;2025-05-16 20:00:00;1.32;;25.7;29.3;41.0;58.0;39.78;707.0;0.0;53.0;2.1;0.006;29.42;4.0;239.0
3261;2025-05-16 21:00:00;1.48;;31.9;35.4;25.0;58.0;42.87;707.4;0.0;54.0;2.1;0.0;29.2;3.0;241.0
3262;2025-05-16 22:00:00;1.71;;46.2;52.1;8.0;69.0;48.46;707.9;0.0;55.0;1.8;0.0;28.92;3.1;198.0
3263;2025-05-16 23:00:00;1.72;;43.7;50.6;6.0;79.0;47.27;708.1;0.0;57.0;2.1;0.0;28.38;2.5;217.0
3264;2025-05-17 00:00:00;1.48;;32.5;37.4;17.0;72.0;49.42;708.0;0.0;55.0;2.1;0.0;28.69;5.3;50.0
3265;2025-05-17 01:00:00;1.13;;18.8;22.7;23.0;65.0;43.93;707.9;0.0;58.0;2.3;0.0;28.34;6.8;40.0
3266;2025-05-17 02:00:00;1.01;;12.7;18.7;18.0;52.0;34.06;708.0;0.0;69.0;2.0;0.0;26.88;8.4;44.0
3267;2025-05-17 03:00:00;0.98;;15.6;20.3;10.0;56.0;28.13;708.1;0.0;75.0;2.0;0.0;26.06;8.0;39.0
3268;2025-05-17 04:00:00;0.95;;8.2;10.9;18.0;52.0;27.2;708.6;0.0;75.0;2.0;0.0;25.7;4.2;114.0
3269;2025-05-17 05:00:00;1.04;;13.6;16.2;14.0;48.0;30.44;709.1;0.0;74.0;2.0;0.0;25.89;6.2;12.0
3270;2025-05-17 06:00:00;1.09;;10.3;12.9;16.0;54.0;33.73;709.3;0.0;75.0;1.9;0.0;25.6;2.9;15.0
3271;2025-05-17 07:00:00;1.07;;13.7;17.6;12.0;49.0;34.0;709.4;0.0;76.0;1.8;0.031;25.61;4.3;92.0
3272;2025-05-17 08:00:00;1.12;;14.7;21.8;13.0;51.0;33.41;709.7;0.0;73.0;1.9;0.14;26.45;3.0;99.0
3273;2025-05-17 09:00:00;1.22;6.2;19.5;33.7;14.0;57.0;37.24;709.7;0.0;68.0;2.0;0.265;27.77;5.1;36.0
3274;2025-05-17 10:00:00;1.25;11.1;25.2;44.6;14.0;64.0;48.36;709.5;0.0;66.0;2.0;0.31;28.17;6.9;16.0
3275;2025-05-17 11:00:00;1.22;5.4;26.6;40.3;26.0;69.0;53.21;709.3;0.0;62.0;1.9;0.46;29.31;8.3;41.0
3276;2025-05-17 12:00:00;1.16;;14.1;19.4;53.0;77.0;52.82;709.0;0.0;61.0;1.9;0.661;29.77;11.5;68.0
3277;2025-05-17 13:00:00;1.13;;13.0;17.3;67.0;69.0;55.3;708.5;0.0;58.0;1.8;0.734;30.6;11.3;49.0
3278;2025-05-17 14:00:00;1.15;;12.6;16.0;68.0;78.0;57.64;708.0;0.0;56.0;1.9;0.362;31.04;11.0;51.0
3279;2025-05-17 15:00:00;1.17;;12.4;15.4;53.0;75.0;53.36;707.4;0.0;56.0;1.9;0.077;31.11;9.4;35.0
3280;2025-05-17 16:00:00;1.18;;10.0;13.2;43.0;86.0;51.88;706.9;0.0;67.0;1.8;0.19;29.23;8.4;124.0
3281;2025-05-17 17:00:00;1.16;;13.2;16.5;33.0;63.0;43.11;706.6;0.0;67.0;1.9;0.062;28.17;4.8;357.0
3282;2025-05-17 18:00:00;1.32;;22.6;27.1;19.0;70.0;44.34;706.3;0.0;71.0;1.9;0.018;27.96;4.4;200.0
3283;2025-05-17 19:00:00;1.19;;13.6;17.1;26.0;63.0;42.2;706.3;0.0;54.0;1.9;0.013;29.48;6.9;148.0
3284;2025-05-17 20:00:00;1.04;;7.9;10.5;35.0;50.0;37.95;705.8;0.0;40.0;1.8;0.003;30.88;12.3;121.0
3285;2025-05-17 21:00:00;1.01;;12.0;14.3;36.0;38.0;31.19;706.1;0.0;36.0;1.8;0.0;31.61;11.3;110.0
3286;2025-05-17 22:00:00;1.13;;22.1;25.2;27.0;44.0;34.98;706.6;0.0;40.0;1.9;0.0;30.69;8.1;44.0
3287;2025-05-17 23:00:00;1.01;;13.5;16.0;37.0;49.0;33.74;706.6;0.0;45.0;1.8;0.0;30.13;9.3;112.0
3288;2025-05-18 00:00:00;1.03;;;;31.0;41.0;31.41;706.7;0.0;51.0;1.9;0.0;29.5;11.6;76.0
3289;2025-05-18 01:00:00;1.11;;;;11.0;44.0;34.64;706.8;0.0;59.0;1.9;0.0;27.84;8.6;9.0
3290;2025-05-18 02:00:00;1.12;;;;19.0;55.0;36.91;707.1;0.0;63.0;2.0;0.0;26.77;8.6;9.0
3291;2025-05-18 03:00:00;1.09;;;;18.0;57.0;44.03;707.2;0.0;68.0;1.9;0.0;25.73;7.3;360.0
3292;2025-05-18 04:00:00;1.07;;;;21.0;60.0;40.69;707.4;0.0;69.0;2.0;0.0;25.4;5.8;15.0
3293;2025-05-18 05:00:00;1.01;;;;22.0;49.0;42.2;707.8;0.0;71.0;1.9;0.0;25.12;7.0;39.0
3294;2025-05-18 06:00:00;0.99;;;;26.0;59.0;41.01;707.9;0.0;73.0;1.9;0.0;24.68;8.0;66.0
3295;2025-05-18 07:00:00;1.0;;;;24.0;50.0;37.42;708.1;0.0;76.0;1.9;0.016;24.2;7.2;71.0
3296;2025-05-18 08:00:00;1.02;;;;21.0;46.0;;708.3;0.0;77.0;1.9;0.045;24.31;4.6;24.0
3297;2025-05-18 09:00:00;1.06;4.0;17.2;29.5;12.0;40.0;37.0;708.3;0.0;76.0;1.9;0.108;24.8;5.1;13.0
3298;2025-05-18 10:00:00;1.02;10.7;16.1;25.8;16.0;43.0;;708.2;0.0;73.0;2.0;0.26;25.65;7.1;56.0
3299;2025-05-18 11:00:00;0.87;;;;26.0;;49.0;708.1;0.0;68.0;1.9;0.331;26.87;7.5;64.0
3300;2025-05-18 12:00:00;0.93;;;;41.0;61.0;45.0;708.0;0.0;62.0;1.9;0.537;28.1;8.3;43.0
3301;2025-05-18 13:00:00;0.96;;;;68.0;63.0;52.0;707.4;0.0;55.0;1.9;0.696;29.7;7.8;47.0
3302;2025-05-18 14:00:00;1.0;;;;97.0;62.0;54.0;706.6;0.0;51.0;2.2;0.664;30.78;8.3;58.0
3303;2025-05-18 15:00:00;0.95;;;;93.0;60.0;51.0;706.1;0.0;49.0;2.0;0.283;31.55;7.5;65.0
3304;2025-05-18 16:00:00;0.98;;;;63.0;57.0;50.0;705.5;0.0;50.0;1.9;0.166;31.29;8.5;81.0
3305;2025-05-18 17:00:00;0.95;;;;49.0;51.0;42.0;705.2;0.0;52.0;2.0;0.066;30.54;11.1;93.0
3306;2025-05-18 18:00:00;0.95;;;;47.0;44.0;39.0;705.0;0.0;54.0;1.9;0.081;30.37;10.7;87.0
3307;2025-05-18 19:00:00;0.92;;;;50.0;47.0;41.0;704.8;0.0;46.0;2.0;0.029;30.79;11.2;119.0
3308;2025-05-18 20:00:00;0.9;;;;45.0;42.0;36.0;704.6;0.0;50.0;2.0;0.029;28.9;10.4;92.0
3309;2025-05-18 21:00:00;0.82;;;;47.0;39.0;30.0;704.6;0.0;42.0;2.0;0.0;30.2;11.3;138.0
3310;2025-05-18 22:00:00;0.86;;;;39.0;38.0;29.0;705.0;0.0;45.0;2.0;0.0;29.97;5.7;126.0
3311;2025-05-18 23:00:00;0.94;;;;31.0;40.0;30.0;705.3;0.0;48.0;2.0;0.0;29.88;6.9;51.0
3312;2025-05-19 00:00:00;1.09;;;;8.0;52.0;35.0;705.2;0.0;62.0;2.0;;27.71;6.5;352.0
3313;2025-05-19 01:00:00;1.12;;;;10.0;64.0;34.0;704.8;0.0;65.0;2.0;0.0;26.95;5.1;302.0
3314;2025-05-19 02:00:00;1.19;;;;12.0;54.0;35.0;704.5;0.0;64.0;1.9;0.0;27.18;6.3;358.0
3315;2025-05-19 03:00:00;1.04;;;;13.0;49.0;33.0;704.0;0.0;66.0;2.0;0.0;26.1;4.1;357.0
3316;2025-05-19 04:00:00;1.02;;;;10.0;55.0;29.0;704.0;0.0;67.0;2.0;0.0;25.67;4.9;14.0
3317;2025-05-19 05:00:00;0.95;;;;14.0;49.0;33.0;704.5;0.0;69.0;2.0;0.0;25.36;5.1;348.0
3318;2025-05-19 06:00:00;1.0;5.4;18.0;22.7;16.0;44.0;35.0;705.0;0.0;69.0;2.1;0.0;24.88;3.6;34.0
3319;2025-05-19 07:00:00;1.08;;;;11.0;62.0;36.0;705.4;0.0;71.0;2.0;0.041;24.62;2.0;42.0
3320;2025-05-19 08:00:00;1.15;4.7;22.0;34.5;14.0;59.0;37.0;705.8;0.0;69.0;2.2;0.165;25.34;5.4;77.0
3321;2025-05-19 09:00:00;1.3;12.3;25.1;45.6;16.0;56.0;37.81;705.9;0.0;65.0;2.2;0.356;26.63;6.3;39.0
3322;2025-05-19 10:00:00;1.33;7.0;25.1;40.4;27.0;64.0;38.34;706.0;0.0;62.0;2.4;0.531;27.85;9.5;70.0
3323;2025-05-19 11:00:00;1.31;;24.9;32.8;56.0;65.0;44.23;706.0;0.0;55.0;3.0;0.666;29.7;8.8;68.0
3324;2025-05-19 12:00:00;1.22;;20.3;24.7;91.0;70.0;42.26;705.8;0.0;44.0;5.8;0.753;32.03;9.5;67.0
3325;2025-05-19 13:00:00;1.12;;16.1;19.4;116.0;66.0;38.12;705.2;0.0;35.0;6.7;0.803;34.13;10.3;59.0
3326;2025-05-19 14:00:00;1.04;;12.8;15.9;117.0;65.0;34.96;704.5;0.0;31.0;6.4;0.795;35.67;11.8;58.0
3327;2025-05-19 15:00:00;0.99;;10.1;13.2;103.0;58.0;31.49;703.9;0.0;29.0;5.4;0.722;37.06;13.0;70.0
3328;2025-05-19 16:00:00;0.94;;8.5;11.5;86.0;46.0;29.69;703.4;0.0;28.0;4.4;0.601;37.53;15.1;123.0
3329;2025-05-19 17:00:00;0.93;;7.8;10.8;78.0;47.0;29.77;703.0;0.0;29.0;3.6;0.429;37.08;17.0;127.0
3330;2025-05-19 18:00:00;0.93;;9.4;12.4;72.0;44.0;27.6;702.8;0.0;27.0;3.1;0.234;37.04;15.1;123.0
3331;2025-05-19 19:00:00;0.96;;10.0;12.9;64.0;40.0;28.17;703.0;0.0;28.0;2.9;0.043;36.42;13.7;119.0
3332;2025-05-19 20:00:00;0.96;;9.2;11.8;59.0;39.0;30.33;703.3;0.0;30.0;2.9;0.004;35.42;10.9;112.0
3333;2025-05-19 21:00:00;0.94;;9.3;11.9;53.0;43.0;31.38;704.0;0.0;31.0;2.8;0.0;34.72;8.7;105.0
3334;2025-05-19 22:00:00;1.05;;15.6;18.4;32.0;39.0;34.75;704.7;0.0;39.0;3.1;0.0;33.44;9.2;89.0
3335;2025-05-19 23:00:00;1.06;;12.0;14.8;31.0;55.0;36.7;705.0;0.0;44.0;3.5;0.0;32.56;8.5;38.0
3336;2025-05-20 00:00:00;1.02;;14.0;16.5;21.0;53.0;37.66;705.0;0.0;54.0;2.6;0.0;30.86;4.6;11.0
3337;2025-05-20 01:00:00;1.12;;26.1;29.8;9.0;56.0;41.16;704.8;0.0;54.0;2.5;0.0;30.47;5.6;321.0
3338;2025-05-20 02:00:00;1.0;;11.7;14.3;21.0;56.0;40.31;704.7;0.0;59.0;2.4;0.0;29.34;6.9;29.0
3339;2025-05-20 03:00:00;0.98;;15.2;18.5;10.0;55.0;34.23;704.6;0.0;65.0;2.2;0.0;28.07;6.1;53.0
3340;2025-05-20 04:00:00;0.97;;11.4;14.0;10.0;56.0;30.47;704.6;0.0;68.0;2.2;0.0;27.3;3.6;44.0
3341;2025-05-20 05:00:00;1.01;;18.0;26.3;4.0;52.0;30.62;705.0;0.0;70.0;2.2;0.0;26.72;2.2;11.0
3342;2025-05-20 06:00:00;1.16;1.5;18.4;28.1;4.0;55.0;32.55;705.3;0.0;72.0;2.2;0.0;26.35;2.0;317.0
3343;2025-05-20 07:00:00;1.21;4.2;17.2;29.6;5.0;61.0;34.94;706.1;0.0;71.0;2.1;0.043;26.71;2.4;311.0
3344;2025-05-20 08:00:00;1.26;4.0;17.4;29.8;10.0;59.0;35.62;706.7;0.0;64.0;2.2;0.179;28.36;4.4;351.0
3345;2025-05-20 09:00:00;1.45;5.9;24.3;38.6;19.0;73.0;41.44;707.2;0.0;57.0;2.1;0.357;29.9;6.7;40.0
3346;2025-05-20 10:00:00;1.33;;18.1;24.7;43.0;79.0;41.43;707.6;0.0;47.0;2.1;0.528;32.29;9.1;47.0
3347;2025-05-20 11:00:00;1.11;;16.8;21.2;52.0;76.0;37.56;707.9;0.0;41.0;2.1;0.626;33.86;14.0;33.0
3348;2025-05-20 12:00:00;1.02;;8.5;13.3;35.0;75.0;37.73;708.4;0.0;50.0;2.1;0.664;32.46;16.2;36.0
3349;2025-05-20 13:00:00;1.02;;6.4;10.6;35.0;87.0;39.42;708.4;0.0;50.0;2.1;0.55;32.37;16.6;28.0
3350;2025-05-20 14:00:00;1.03;;6.5;10.5;39.0;85.0;37.64;708.2;0.0;50.0;2.0;0.586;32.1;18.7;22.0
3351;2025-05-20 15:00:00;1.02;;11.8;15.6;32.0;75.0;36.58;708.6;0.0;65.0;2.0;0.123;28.72;13.8;39.0
3352;2025-05-20 16:00:00;1.13;;11.5;17.1;31.0;90.0;32.06;708.7;0.0;78.0;1.9;0.365;26.46;7.0;171.0
3353;2025-05-20 17:00:00;1.1;;9.4;13.2;38.0;40.0;26.84;708.4;0.0;61.0;1.9;0.212;29.37;8.1;131.0
3354;2025-05-20 18:00:00;1.13;;11.7;15.4;36.0;57.0;27.54;708.3;0.0;54.0;2.0;0.087;29.89;7.8;66.0
3355;2025-05-20 19:00:00;1.13;;13.5;16.8;34.0;51.0;29.46;708.4;0.0;52.0;2.0;0.081;30.29;6.9;31.0
3356;2025-05-20 20:00:00;1.16;;13.9;16.7;30.0;60.0;28.25;708.9;0.0;58.0;2.0;0.017;29.35;8.6;117.0
3357;2025-05-20 21:00:00;1.04;;8.2;10.7;32.0;57.0;28.84;709.8;0.0;65.0;2.0;0.0;28.08;10.6;119.0
3358;2025-05-20 22:00:00;1.03;;9.0;11.6;26.0;50.0;29.92;709.7;0.0;66.0;2.0;0.0;27.61;4.1;130.0
3359;2025-05-20 23:00:00;1.19;;15.0;17.6;16.0;46.0;31.14;709.8;0.0;67.0;2.0;0.0;27.4;4.2;146.0
3360;2025-05-21 00:00:00;1.01;;7.7;10.1;28.0;54.0;31.32;709.7;0.0;65.0;2.1;0.0;27.57;7.7;107.0
3361;2025-05-21 01:00:00;0.98;;3.9;6.1;33.0;54.0;31.28;709.6;0.0;64.0;2.0;0.0;27.57;7.0;85.0
3362;2025-05-21 02:00:00;0.97;;3.8;6.0;31.0;50.0;32.7;709.3;0.0;66.0;1.9;0.0;27.3;4.5;82.0
3363;2025-05-21 03:00:00;0.97;;5.5;7.8;26.0;49.0;34.24;709.1;0.0;67.0;2.0;0.0;27.19;4.1;56.0
3364;2025-05-21 04:00:00;0.96;;3.4;5.6;33.0;53.0;37.07;709.1;0.0;65.0;1.9;0.0;27.24;8.5;116.0
3365;2025-05-21 05:00:00;0.96;;3.8;5.8;31.0;58.0;37.1;709.1;0.0;66.0;2.0;0.0;27.02;5.2;67.0
3366;2025-05-21 06:00:00;1.02;;11.0;13.7;21.0;55.0;37.86;709.6;0.0;66.0;1.9;0.0;27.06;6.0;15.0
3367;2025-05-21 07:00:00;1.19;;21.8;30.4;7.0;61.0;42.53;710.1;0.0;69.0;2.0;0.018;26.86;5.6;56.0
3368;2025-05-21 08:00:00;1.32;7.4;22.8;38.5;8.0;76.0;44.91;710.6;0.0;67.0;2.1;0.103;27.53;5.5;48.0
3369;2025-05-21 09:00:00;1.41;13.8;25.0;46.9;12.0;77.0;47.72;711.1;0.0;66.0;2.1;0.24;27.85;9.4;47.0
3370;2025-05-21 10:00:00;1.25;1.9;18.2;28.5;25.0;79.0;41.91;711.4;0.0;63.0;2.0;0.449;28.45;11.8;56.0
3371;2025-05-21 11:00:00;1.14;;11.7;15.9;53.0;66.0;42.05;711.2;0.0;60.0;1.9;0.609;29.03;14.7;57.0
3372;2025-05-21 12:00:00;1.1;2.3;10.0;13.2;53.0;68.0;45.05;711.0;0.0;58.0;2.0;0.58;29.73;14.4;61.0
3373;2025-05-21 13:00:00;1.02;;9.4;12.7;58.0;57.0;41.04;710.3;0.0;53.0;2.0;0.586;30.91;9.6;57.0
3374;2025-05-21 14:00:00;1.14;;9.8;12.5;53.0;60.0;46.82;709.9;0.0;57.0;1.9;0.149;30.1;13.1;87.0
3375;2025-05-21 15:00:00;1.08;;7.8;10.6;38.0;61.0;42.7;709.4;0.0;58.0;2.1;0.134;29.69;11.4;128.0
3376;2025-05-21 16:00:00;1.05;;8.2;10.9;36.0;57.0;39.17;709.1;0.0;60.0;2.0;0.07;29.26;10.7;122.0
3377;2025-05-21 17:00:00;1.09;;10.8;14.0;26.0;60.0;36.46;709.0;0.0;67.0;2.1;0.026;27.84;8.8;104.0
3378;2025-05-21 18:00:00;1.06;;9.7;12.6;33.0;54.0;32.61;709.8;0.0;66.0;2.0;0.006;26.1;12.6;24.0
3379;2025-05-21 19:00:00;1.18;;13.8;17.2;35.0;64.0;14.15;711.0;0.0;79.0;1.9;0.002;22.06;8.4;33.0
3380;2025-05-21 20:00:00;1.27;;23.8;26.3;20.0;33.0;16.26;711.9;0.0;81.0;2.0;0.0;21.86;2.9;66.0
3381;2025-05-21 21:00:00;1.02;;9.7;12.0;36.0;27.0;9.49;711.1;0.0;79.0;1.9;0.0;21.84;8.6;130.0
3382;2025-05-21 22:00:00;1.12;;17.6;20.0;27.0;19.0;10.59;711.6;0.0;75.0;2.0;0.0;22.78;6.3;119.0
3383;2025-05-21 23:00:00;0.94;;10.0;12.4;44.0;19.0;7.26;712.1;0.0;67.0;1.9;0.0;23.1;15.9;104.0
3384;2025-05-22 00:00:00;0.97;1.0;4.3;6.6;47.0;20.0;8.73;712.1;0.0;64.0;2.1;0.0;23.6;15.4;106.0
3385;2025-05-22 01:00:00;0.9;;3.7;6.0;49.0;21.0;8.84;711.5;0.0;61.0;2.0;0.0;23.72;13.4;97.0
3386;2025-05-22 02:00:00;0.94;10.4;3.4;5.7;50.0;18.0;8.85;710.6;0.0;58.0;2.1;0.0;23.67;9.8;133.0
3387;2025-05-22 03:00:00;0.95;;8.3;10.5;35.0;16.0;9.38;710.1;0.0;63.0;2.1;0.0;22.73;2.2;299.0
3388;2025-05-22 04:00:00;1.13;;18.1;20.3;23.0;18.0;14.86;710.0;0.0;72.0;2.0;0.0;21.6;7.6;350.0
3389;2025-05-22 05:00:00;0.97;;12.3;14.5;28.0;25.0;13.82;709.5;0.0;74.0;2.0;0.0;21.22;5.1;293.0
3390;2025-05-22 06:00:00;0.97;;13.9;16.3;23.0;24.0;13.58;709.3;0.0;74.0;2.2;0.0;21.14;2.5;271.0
3391;2025-05-22 07:00:00;1.1;8.5;20.9;29.0;15.0;25.0;16.49;709.8;0.0;71.0;2.2;0.029;21.67;1.8;138.0
3392;2025-05-22 08:00:00;1.23;21.6;28.4;49.7;15.0;40.0;20.39;710.3;0.0;65.0;2.4;0.189;23.23;6.6;71.0
3393;2025-05-22 09:00:00;1.19;12.6;23.9;37.7;25.0;47.0;18.88;710.9;0.0;60.0;3.0;0.383;24.73;8.0;99.0
3394;2025-05-22 10:00:00;1.05;1.5;15.5;22.5;46.0;44.0;15.37;711.2;0.0;54.0;3.3;0.564;25.94;9.3;80.0
3395;2025-05-22 11:00:00;0.98;3.5;19.1;29.0;44.0;28.0;16.12;711.4;0.0;51.0;3.4;0.703;26.82;10.0;40.0
3396;2025-05-22 12:00:00;0.98;4.3;21.8;32.3;44.0;34.0;18.96;711.2;0.0;50.0;3.7;0.776;27.73;8.7;48.0
3397;2025-05-22 13:00:00;0.98;1.1;14.8;20.4;66.0;36.0;18.81;710.9;0.0;45.0;3.6;0.824;29.12;9.5;57.0
3398;2025-05-22 14:00:00;0.99;20.5;18.3;23.6;79.0;34.0;20.91;710.5;0.0;41.0;3.6;0.81;30.31;9.6;46.0
3399;2025-05-22 15:00:00;1.01;34.5;12.5;15.8;96.0;38.0;24.72;710.0;0.0;40.0;5.5;0.69;31.21;12.1;56.0
3400;2025-05-22 16:00:00;1.02;35.9;10.7;13.9;86.0;38.0;23.86;709.4;0.0;40.0;5.3;0.543;31.4;14.5;63.0
3401;2025-05-22 17:00:00;1.03;27.9;11.3;14.7;75.0;39.0;25.89;709.1;0.0;42.0;6.0;0.418;31.63;14.3;61.0
3402;2025-05-22 18:00:00;1.01;4.6;12.1;15.5;71.0;41.0;25.03;709.2;0.0;38.0;9.6;0.246;31.93;14.5;53.0
3403;2025-05-22 19:00:00;1.03;5.8;12.8;15.7;65.0;39.0;23.5;709.2;0.0;42.0;11.7;0.043;31.12;11.2;71.0
3404;2025-05-22 20:00:00;1.09;5.2;16.5;19.0;52.0;42.0;24.48;709.6;0.0;47.0;7.3;0.003;29.73;8.9;60.0
3405;2025-05-22 21:00:00;1.05;4.9;12.9;15.3;50.0;38.0;22.53;710.3;0.0;52.0;4.7;0.0;28.98;6.5;110.0
3406;2025-05-22 22:00:00;1.0;3.9;8.7;11.1;53.0;32.0;19.49;710.7;0.0;52.0;3.3;0.0;28.65;7.7;117.0
3407;2025-05-22 23:00:00;0.95;;6.0;8.6;33.0;26.0;18.49;710.9;0.0;60.0;2.8;0.0;27.69;13.5;68.0
3408;2025-05-23 00:00:00;0.93;;4.5;6.8;24.0;31.0;16.03;711.1;0.0;66.0;2.3;0.0;26.41;11.9;75.0
3409;2025-05-23 01:00:00;0.93;;4.1;6.4;23.0;32.0;16.31;710.6;0.0;68.0;2.2;0.0;25.73;9.8;71.0
3410;2025-05-23 02:00:00;0.93;;4.8;7.0;20.0;28.0;16.2;710.3;0.0;72.0;2.2;0.0;24.9;8.7;44.0
3411;2025-05-23 03:00:00;0.93;;4.1;6.4;18.0;27.0;15.24;710.2;0.0;76.0;2.1;0.0;24.1;9.9;52.0
3412;2025-05-23 04:00:00;0.93;;7.5;11.4;13.0;29.0;16.44;710.3;0.0;79.0;2.0;0.0;23.64;6.3;51.0
3413;2025-05-23 05:00:00;0.94;;11.7;15.9;8.0;29.0;17.99;710.5;0.0;79.0;2.1;0.0;23.77;2.7;42.0
3414;2025-05-23 06:00:00;0.96;;13.0;16.7;6.0;27.0;22.86;711.0;0.0;79.0;2.0;0.0;23.76;6.3;76.0
3415;2025-05-23 07:00:00;1.05;;14.1;22.8;5.0;41.0;26.04;711.4;0.0;80.0;2.0;0.021;23.8;5.4;84.0
3416;2025-05-23 08:00:00;1.14;5.9;14.1;28.0;6.0;52.0;31.79;711.8;0.0;78.0;2.1;0.08;24.43;5.9;16.0
3417;2025-05-23 09:00:00;1.21;2.1;16.4;26.2;8.0;55.0;31.46;712.3;0.0;77.0;2.0;0.063;24.66;7.8;31.0
3418;2025-05-23 10:00:00;1.14;;11.9;19.9;22.0;53.0;30.12;712.5;0.0;69.0;2.0;0.467;26.17;9.0;69.0
3419;2025-05-23 11:00:00;1.1;;9.6;14.7;43.0;44.0;32.57;711.7;0.0;60.0;2.0;0.639;28.07;7.1;52.0
3420;2025-05-23 12:00:00;1.09;;9.1;12.7;61.0;41.0;34.59;711.2;0.0;56.0;2.0;0.734;29.2;9.5;45.0
3421;2025-05-23 13:00:00;1.08;;8.7;12.3;60.0;43.0;34.44;710.7;0.0;53.0;2.0;0.821;30.2;11.8;64.0
3422;2025-05-23 14:00:00;1.02;;7.0;10.6;54.0;39.0;28.53;710.3;0.0;52.0;2.0;0.792;30.69;12.6;49.0
3423;2025-05-23 15:00:00;1.06;;7.3;10.8;56.0;33.0;27.33;709.8;0.0;49.0;2.0;0.749;31.85;11.8;48.0
3424;2025-05-23 16:00:00;1.0;;5.8;9.0;50.0;32.0;24.57;709.4;0.0;48.0;2.0;0.603;31.84;15.1;112.0
3425;2025-05-23 17:00:00;1.01;;5.6;8.6;51.0;37.0;25.7;709.1;0.0;48.0;;0.461;31.68;15.1;103.0
3426;2025-05-23 18:00:00;1.07;;6.2;9.1;51.0;40.0;30.78;709.0;0.0;50.0;;0.227;31.44;14.4;98.0
3427;2025-05-23 19:00:00;1.09;;7.4;9.8;45.0;44.0;33.95;709.2;0.0;53.0;;0.048;30.52;14.0;95.0
3428;2025-05-23 20:00:00;1.06;;7.9;10.5;41.0;40.0;30.36;709.4;0.0;53.0;;0.002;30.0;11.8;101.0
3429;2025-05-23 21:00:00;1.06;;8.0;10.2;38.0;42.0;30.57;709.8;0.0;54.0;;0.0;29.63;8.6;104.0
3430;2025-05-23 22:00:00;1.03;;7.0;9.2;41.0;43.0;29.38;710.2;0.0;53.0;;0.0;29.43;10.6;110.0
3431;2025-05-23 23:00:00;1.01;;7.1;9.8;29.0;40.0;24.05;710.6;0.0;58.0;;0.0;27.93;14.7;68.0
3432;2025-05-24 00:00:00;0.94;;4.2;6.3;30.0;45.0;19.71;711.0;0.0;59.0;;0.0;27.12;9.6;98.0
3433;2025-05-24 01:00:00;0.97;;8.0;11.3;22.0;34.0;19.47;711.1;0.0;63.0;;0.0;26.47;9.3;67.0
3434;2025-05-24 02:00:00;0.94;;5.5;7.7;18.0;34.0;16.83;711.0;0.0;68.0;;0.0;25.25;8.7;38.0
3435;2025-05-24 03:00:00;0.95;;7.0;9.6;15.0;30.0;20.32;710.6;0.0;72.0;;0.0;24.62;5.3;29.0
3436;2025-05-24 04:00:00;0.95;;4.5;6.6;16.0;35.0;19.96;710.4;0.0;76.0;;0.0;23.97;3.3;42.0
3437;2025-05-24 05:00:00;0.95;;8.1;11.0;11.0;33.0;21.5;710.4;0.0;78.0;;0.0;23.76;6.8;29.0
3438;2025-05-24 06:00:00;0.94;0.8;12.8;22.0;5.0;34.0;26.16;710.7;0.0;80.0;2.1;0.0;23.47;4.3;56.0
3439;2025-05-24 07:00:00;0.98;0.7;12.0;21.0;5.0;46.0;25.8;710.6;0.0;80.0;2.0;0.041;23.64;2.6;72.0
3440;2025-05-24 08:00:00;1.09;16.3;13.5;38.1;6.0;34.0;27.58;710.6;0.0;77.0;2.1;0.151;24.45;4.3;25.0
3441;2025-05-24 09:00:00;1.19;13.3;15.9;37.5;10.0;47.0;36.13;710.6;0.0;72.0;2.1;0.33;25.51;5.5;47.0
3442;2025-05-24 10:00:00;1.28;8.1;18.3;34.8;16.0;61.0;41.57;710.8;0.0;67.0;2.2;0.361;26.34;8.5;44.0
3443;2025-05-24 11:00:00;1.32;8.5;21.3;38.1;22.0;62.0;45.78;710.8;0.0;63.0;2.2;0.555;27.3;8.8;45.0
3444;2025-05-24 12:00:00;1.29;2.9;23.9;34.7;42.0;67.0;46.22;710.5;0.0;58.0;2.3;0.761;28.69;8.8;42.0
3445;2025-05-24 13:00:00;1.2;;25.0;32.7;59.0;63.0;45.3;710.0;0.0;53.0;2.4;0.814;29.89;9.4;39.0
3446;2025-05-24 14:00:00;1.14;;25.2;30.5;91.0;64.0;48.82;709.5;0.0;46.0;3.1;0.795;31.42;8.8;38.0
3447;2025-05-24 15:00:00;1.14;;13.4;16.1;119.0;68.0;45.39;709.1;0.0;44.0;4.0;0.723;32.48;10.2;65.0
3448;2025-05-24 16:00:00;1.08;;8.6;11.3;77.0;59.0;34.12;708.8;0.0;48.0;2.3;0.375;32.38;12.7;50.0
3449;2025-05-24 17:00:00;1.06;;7.0;9.8;62.0;47.0;25.71;708.6;0.0;43.0;2.2;0.403;33.1;12.3;92.0
3450;2025-05-24 18:00:00;0.97;;4.1;6.5;54.0;34.0;23.17;708.4;0.0;43.0;2.3;0.24;33.02;14.8;131.0
3451;2025-05-24 19:00:00;0.98;;4.5;6.7;46.0;32.0;25.3;708.6;0.0;48.0;2.3;0.05;31.8;15.2;119.0
3452;2025-05-24 20:00:00;0.98;;4.9;7.0;45.0;35.0;25.93;708.8;0.0;49.0;2.2;0.003;30.86;12.0;109.0
3453;2025-05-24 21:00:00;1.01;;6.4;8.6;41.0;33.0;26.38;709.1;0.0;50.0;2.2;0.0;30.29;10.8;95.0
3454;2025-05-24 22:00:00;1.04;;8.2;10.3;35.0;30.0;28.15;709.5;0.0;50.0;2.2;0.0;29.84;11.7;74.0
3455;2025-05-24 23:00:00;0.97;;6.0;8.2;27.0;35.0;25.17;710.1;0.0;56.0;2.1;0.0;28.54;8.3;62.0
3456;2025-05-25 00:00:00;0.99;;6.0;8.2;21.0;34.0;23.46;710.4;0.0;63.0;2.1;0.0;27.24;9.8;54.0
3457;2025-05-25 01:00:00;0.97;;5.1;7.2;20.0;34.0;22.05;710.2;0.0;65.0;2.2;0.0;26.52;9.3;52.0
3458;2025-05-25 02:00:00;0.95;;4.1;6.2;20.0;28.0;19.83;710.0;0.0;68.0;2.0;0.0;25.5;10.7;36.0
3459;2025-05-25 03:00:00;0.94;;3.8;5.8;18.0;28.0;16.38;709.7;0.0;72.0;2.0;0.0;24.57;9.6;50.0
3460;2025-05-25 04:00:00;0.94;;5.4;7.8;13.0;26.0;14.36;709.5;0.0;75.0;2.1;0.0;24.08;8.7;40.0
3461;2025-05-25 05:00:00;0.95;7.7;13.4;27.9;4.0;25.0;17.02;709.6;0.0;76.0;2.2;0.0;23.8;4.3;15.0
3462;2025-05-25 06:00:00;0.96;5.7;12.5;26.6;5.0;36.0;17.28;709.8;0.0;77.0;2.2;0.0;23.65;4.7;52.0
3463;2025-05-25 07:00:00;1.0;7.2;11.9;26.9;5.0;30.0;18.68;710.1;0.0;77.0;2.4;0.045;23.68;3.4;45.0
3464;2025-05-25 08:00:00;1.04;10.7;12.2;31.3;8.0;40.0;19.46;710.4;0.0;74.0;2.6;0.183;24.46;4.3;44.0
3465;2025-05-25 09:00:00;1.11;3.0;11.5;22.1;13.0;37.0;24.23;710.7;0.0;70.0;2.8;0.257;25.39;6.7;48.0
3466;2025-05-25 10:00:00;1.1;5.5;14.1;27.7;18.0;41.0;30.91;710.7;0.0;65.0;2.8;0.466;26.54;8.9;67.0
3467;2025-05-25 11:00:00;1.08;;14.7;23.1;35.0;48.0;34.44;710.6;0.0;60.0;3.4;0.672;27.79;9.0;56.0
3468;2025-05-25 12:00:00;1.06;;15.9;22.4;51.0;44.0;34.82;710.3;0.0;56.0;3.7;0.764;28.92;10.6;66.0
3469;2025-05-25 13:00:00;1.04;;9.2;12.2;82.0;47.0;35.64;709.8;0.0;50.0;3.0;0.811;30.57;9.9;63.0
3470;2025-05-25 14:00:00;1.03;;8.0;10.4;77.0;50.0;37.25;709.3;0.0;49.0;2.5;0.44;30.92;11.7;46.0
3471;2025-05-25 15:00:00;1.07;;7.2;9.8;58.0;48.0;32.24;709.0;0.0;51.0;2.7;0.268;30.78;12.1;69.0
3472;2025-05-25 16:00:00;0.97;;4.0;6.3;59.0;45.0;24.03;708.3;0.0;45.0;3.1;0.332;31.9;12.9;111.0
3473;2025-05-25 17:00:00;0.91;;3.4;5.7;59.0;35.0;22.34;707.7;0.0;40.0;2.7;0.371;32.41;15.8;127.0
3474;2025-05-25 18:00:00;0.92;;4.2;6.4;58.0;38.0;21.25;707.8;0.0;39.0;2.6;0.106;31.9;11.3;104.0
3475;2025-05-25 19:00:00;0.91;;4.9;6.9;56.0;28.0;20.87;708.1;0.0;39.0;2.5;0.016;31.43;8.0;115.0
3476;2025-05-25 20:00:00;0.99;;12.3;14.4;42.0;27.0;25.96;708.9;0.0;43.0;2.4;0.0;30.95;5.3;11.0
3477;2025-05-25 21:00:00;1.13;;14.9;17.1;34.0;37.0;30.36;708.7;0.0;45.0;2.5;0.0;30.57;5.6;70.0
3478;2025-05-25 22:00:00;1.09;;11.9;14.1;36.0;36.0;30.27;708.4;0.0;45.0;2.4;0.0;29.95;4.2;75.0
3479;2025-05-25 23:00:00;0.89;;5.9;8.1;52.0;35.0;21.18;708.3;0.0;37.0;2.4;0.0;30.36;7.0;103.0
3480;2025-05-26 00:00:00;0.96;;13.2;15.4;37.0;26.0;24.08;708.2;0.0;42.0;2.5;0.0;29.67;7.9;53.0
3481;2025-05-26 01:00:00;1.02;;23.7;30.1;13.0;34.0;;708.1;0.0;55.0;2.5;0.0;27.72;7.4;356.0
3482;2025-05-26 02:00:00;1.12;;10.4;12.6;20.0;46.0;36.71;708.1;0.0;65.0;2.4;0.0;26.61;4.6;329.0
3483;2025-05-26 03:00:00;1.02;;7.9;10.0;20.0;54.0;38.15;707.9;0.0;64.0;2.2;0.0;26.59;4.0;314.0
3484;2025-05-26 04:00:00;1.08;;16.1;19.0;9.0;47.0;38.9;708.0;0.0;69.0;2.2;0.0;26.12;4.1;350.0
3485;2025-05-26 05:00:00;1.04;;13.0;15.3;8.0;52.0;39.38;707.9;0.0;71.0;2.2;0.0;25.81;2.8;87.0
3486;2025-05-26 06:00:00;1.17;;18.4;23.9;5.0;57.0;39.3;707.4;0.0;70.0;2.2;0.0;26.03;3.9;73.0
3487;2025-05-26 07:00:00;1.16;;19.1;25.1;11.0;60.0;37.04;707.8;0.0;69.0;2.1;0.017;25.54;8.4;74.0
3488;2025-05-26 08:00:00;1.26;13.7;27.2;47.4;7.0;44.0;41.86;708.5;0.0;68.0;2.2;0.071;25.6;5.9;13.0
3489;2025-05-26 09:00:00;1.39;11.2;25.7;45.2;13.0;67.0;40.63;708.8;0.0;64.0;2.4;0.213;26.97;4.2;25.0
3490;2025-05-26 10:00:00;1.39;2.5;20.6;31.5;34.0;63.0;36.94;708.9;0.0;50.0;2.6;0.592;30.0;6.9;55.0
3491;2025-05-26 11:00:00;1.23;;16.6;21.7;60.0;61.0;34.76;708.6;0.0;42.0;3.4;0.534;31.49;9.4;69.0
3492;2025-05-26 12:00:00;1.08;0.7;11.5;14.8;86.0;56.0;31.83;708.2;0.0;34.0;3.4;0.768;33.85;11.5;82.0
3493;2025-05-26 13:00:00;1.01;;8.8;11.7;89.0;51.0;29.4;707.8;0.0;33.0;3.1;0.822;34.68;12.3;52.0
3494;2025-05-26 14:00:00;1.03;;8.8;11.8;90.0;40.0;29.25;707.4;0.0;32.0;3.0;0.775;35.51;13.7;59.0
3495;2025-05-26 15:00:00;0.98;;7.4;10.1;85.0;45.0;26.4;707.0;0.0;28.0;4.0;0.664;36.03;15.5;117.0
3496;2025-05-26 16:00:00;0.94;;6.6;9.5;70.0;37.0;22.9;706.7;0.0;29.0;3.8;0.574;35.12;18.0;128.0
3497;2025-05-26 17:00:00;0.93;;8.1;11.1;66.0;40.0;20.61;706.3;0.0;29.0;2.9;0.291;33.77;16.2;132.0
3498;2025-05-26 18:00:00;0.87;;7.7;10.6;64.0;35.0;14.68;705.5;0.0;23.0;2.5;0.237;33.92;16.4;131.0
3499;2025-05-26 19:00:00;0.86;;9.2;11.9;61.0;30.0;16.94;706.2;0.0;22.0;2.4;0.059;33.73;14.5;92.0
3500;2025-05-26 20:00:00;0.97;;11.6;14.0;53.0;118.0;46.82;708.2;0.0;45.0;2.6;0.003;27.55;9.9;21.0
3501;2025-05-26 21:00:00;0.99;;12.3;14.5;48.0;138.0;24.34;708.4;0.0;46.0;2.8;0.0;27.06;4.0;285.0
3502;2025-05-26 22:00:00;1.17;;18.8;21.1;38.0;85.0;22.72;708.9;0.0;42.0;3.0;0.0;28.34;4.7;329.0
3503;2025-05-26 23:00:00;1.08;;23.4;25.7;29.0;52.0;24.44;708.5;0.0;41.0;3.1;0.0;28.27;3.9;171.0
3504;2025-05-27 00:00:00;1.06;;22.8;25.4;28.0;59.0;23.97;708.0;0.0;41.0;3.4;0.0;28.19;7.7;201.0
3505;2025-05-27 01:00:00;0.97;;12.8;15.2;36.0;60.0;20.48;707.4;0.0;41.0;2.9;0.0;27.78;4.1;246.0
3506;2025-05-27 02:00:00;1.2;;25.3;27.7;17.0;47.0;24.12;707.4;0.0;46.0;3.0;0.0;27.25;2.8;216.0
3507;2025-05-27 03:00:00;1.25;;29.3;32.1;9.0;42.0;25.9;707.4;0.0;50.0;2.8;0.0;26.33;2.0;219.0
3508;2025-05-27 04:00:00;1.14;;28.9;33.1;11.0;45.0;27.31;707.6;0.0;49.0;2.9;0.0;26.31;4.4;51.0
3509;2025-05-27 05:00:00;1.12;;25.6;30.5;8.0;56.0;34.48;708.6;0.0;64.0;2.7;0.0;25.52;9.6;25.0
3510;2025-05-27 06:00:00;1.05;;12.0;14.5;12.0;62.0;35.25;709.5;0.0;76.0;2.2;0.0;24.7;6.6;8.0
3511;2025-05-27 07:00:00;1.05;;8.4;12.7;16.0;44.0;29.8;710.3;0.0;74.0;2.2;0.04;24.73;9.1;4.0
3512;2025-05-27 08:00:00;1.23;;10.2;16.2;17.0;40.0;29.93;710.9;0.0;70.0;2.2;0.13;25.45;9.2;32.0
3513;2025-05-27 09:00:00;1.19;;16.3;24.7;12.0;44.0;34.26;711.6;0.0;73.0;2.2;0.09;25.27;10.8;73.0
3514;2025-05-27 10:00:00;1.17;;10.7;17.2;23.0;48.0;37.27;711.6;0.0;71.0;2.1;0.299;26.01;10.1;56.0
3515;2025-05-27 11:00:00;1.14;;7.2;11.4;38.0;48.0;38.5;711.7;0.0;62.0;2.1;0.436;27.78;12.1;58.0
3516;2025-05-27 12:00:00;1.09;3.6;5.4;8.5;48.0;49.0;39.82;711.6;0.0;57.0;2.2;0.569;28.81;13.0;67.0
3517;2025-05-27 13:00:00;1.09;24.9;5.2;8.3;54.0;46.0;45.5;711.3;0.0;49.0;2.3;0.761;30.47;14.2;69.0
3518;2025-05-27 14:00:00;1.09;13.2;6.8;10.4;49.0;52.0;50.29;710.8;0.0;53.0;2.4;0.664;30.35;18.5;67.0
3519;2025-05-27 15:00:00;1.11;10.1;5.5;8.9;45.0;65.0;41.28;710.4;0.0;58.0;2.1;0.714;29.37;20.2;69.0
3520;2025-05-27 16:00:00;1.11;16.5;7.1;10.1;45.0;54.0;45.57;710.1;0.0;58.0;2.2;0.237;29.07;15.8;69.0
3521;2025-05-27 17:00:00;1.13;4.9;8.1;11.1;40.0;61.0;43.88;709.8;0.0;60.0;2.3;0.142;28.81;12.7;89.0
3522;2025-05-27 18:00:00;1.12;10.3;8.4;11.2;42.0;50.0;33.89;709.6;0.0;55.0;5.6;0.072;28.67;13.1;94.0
3523;2025-05-27 19:00:00;1.09;9.8;5.7;8.3;42.0;42.0;35.93;709.6;0.0;57.0;4.4;0.054;28.29;14.8;115.0
3524;2025-05-27 20:00:00;1.09;9.2;6.6;8.9;36.0;41.0;38.48;709.8;0.0;61.0;2.8;0.002;27.87;10.6;110.0
3525;2025-05-27 21:00:00;1.03;6.6;4.7;6.9;32.0;45.0;39.74;710.4;0.0;63.0;2.3;0.0;27.71;9.9;135.0
3526;2025-05-27 22:00:00;1.06;14.8;6.0;8.4;32.0;39.0;;710.5;0.0;65.0;2.2;0.0;27.45;13.4;102.0
3527;2025-05-27 23:00:00;1.02;11.8;6.0;8.2;32.0;42.0;37.88;710.5;0.0;63.0;2.1;0.0;27.39;13.3;110.0
3528;2025-05-28 00:00:00;1.04;18.7;6.1;8.2;29.0;42.0;37.42;710.4;0.0;67.0;2.2;0.0;26.82;10.9;93.0
3529;2025-05-28 01:00:00;1.0;9.2;4.1;6.2;22.0;42.0;34.9;710.5;0.0;76.0;2.2;0.0;25.44;10.7;53.0
3530;2025-05-28 02:00:00;1.01;12.5;2.9;5.0;24.0;38.0;33.17;710.2;0.0;77.0;2.1;0.0;24.99;9.9;50.0
3531;2025-05-28 03:00:00;1.0;8.7;2.6;4.7;25.0;43.0;32.82;710.4;0.0;77.0;2.0;0.0;24.9;10.5;48.0
3532;2025-05-28 04:00:00;0.98;4.7;2.8;4.9;23.0;46.0;34.77;710.8;0.0;80.0;2.0;0.0;24.66;10.7;63.0
3533;2025-05-28 05:00:00;1.0;;3.2;5.3;21.0;37.0;;710.9;0.0;81.0;2.1;0.0;24.42;10.2;66.0
3534;2025-05-28 06:00:00;1.01;;4.9;6.9;21.0;50.0;38.65;710.8;0.0;81.0;2.1;0.0;24.32;9.0;57.0
3535;2025-05-28 07:00:00;1.1;;8.9;12.4;17.0;50.0;36.55;711.1;0.0;81.0;2.1;0.026;24.24;8.5;51.0
3536;2025-05-28 08:00:00;1.2;6.2;10.9;16.6;17.0;46.0;38.35;711.4;0.0;79.0;2.1;0.099;24.7;7.9;48.0
3537;2025-05-28 09:00:00;1.24;16.2;11.4;17.7;21.0;49.0;39.84;711.7;0.0;75.0;2.0;0.171;25.31;9.5;50.0
3538;2025-05-28 10:00:00;1.37;21.8;17.2;27.9;21.0;46.0;38.08;711.7;0.0;71.0;2.1;0.308;25.87;9.3;16.0
3539;2025-05-28 11:00:00;1.23;20.1;11.4;16.7;36.0;61.0;40.63;711.8;0.0;64.0;2.1;0.403;27.55;11.9;35.0
3540;2025-05-28 12:00:00;1.14;16.9;6.0;9.5;41.0;52.0;40.21;712.1;0.0;62.0;2.0;0.478;28.03;17.0;71.0
3541;2025-05-28 13:00:00;1.12;11.3;6.0;9.9;36.0;50.0;26.69;712.0;0.0;67.0;2.0;0.545;27.03;16.7;72.0
3542;2025-05-28 14:00:00;1.13;11.6;6.2;9.6;41.0;39.0;26.92;711.6;0.0;63.0;2.1;0.413;27.55;14.9;73.0
3543;2025-05-28 15:00:00;1.1;10.2;5.7;8.8;40.0;37.0;33.5;711.2;0.0;63.0;2.1;0.474;27.25;15.0;119.0
3544;2025-05-28 16:00:00;1.07;9.4;6.2;9.3;44.0;51.0;11.22;710.8;0.0;66.0;2.0;0.558;26.06;16.7;100.0
3545;2025-05-28 17:00:00;1.08;10.8;6.6;9.8;43.0;24.0;8.33;710.5;0.0;66.0;2.0;0.382;25.85;17.4;118.0
3546;2025-05-28 18:00:00;1.07;12.6;6.3;9.2;41.0;24.0;9.44;710.5;0.0;68.0;2.0;0.245;25.14;16.5;113.0
3547;2025-05-28 19:00:00;1.1;11.6;7.1;9.8;40.0;22.0;11.3;710.8;0.0;65.0;2.0;0.058;25.49;10.9;84.0
3548;2025-05-28 20:00:00;1.04;9.2;4.8;7.0;39.0;19.0;12.47;710.6;0.0;68.0;2.1;0.005;24.49;13.2;123.0
3549;2025-05-28 21:00:00;1.09;6.6;9.7;11.9;32.0;24.0;14.03;710.9;0.0;70.0;2.0;0.0;24.2;9.4;82.0
3550;2025-05-28 22:00:00;1.17;5.4;15.1;17.3;25.0;25.0;14.99;711.2;0.0;73.0;2.1;0.0;23.8;5.8;19.0
3551;2025-05-28 23:00:00;1.11;5.0;13.9;17.0;27.0;31.0;14.72;712.2;0.0;74.0;2.0;0.0;23.52;10.8;38.0
3552;2025-05-29 00:00:00;1.1;3.7;8.5;10.6;30.0;29.0;15.12;712.1;0.0;75.0;2.1;0.0;23.36;5.1;40.0
3553;2025-05-29 01:00:00;1.06;2.7;5.0;7.1;33.0;31.0;15.28;711.4;0.0;74.0;2.1;0.0;23.34;3.3;101.0
3554;2025-05-29 02:00:00;1.04;7.7;4.5;6.6;33.0;21.0;14.43;710.8;0.0;73.0;2.1;0.0;23.44;6.6;58.0
3555;2025-05-29 03:00:00;1.03;8.2;8.2;10.5;30.0;25.0;15.39;710.7;0.0;73.0;2.0;0.0;23.27;7.3;48.0
3556;2025-05-29 04:00:00;1.01;9.0;4.9;6.9;35.0;27.0;14.93;710.7;0.0;75.0;2.1;0.0;22.78;7.3;45.0
3557;2025-05-29 05:00:00;1.03;6.5;8.5;10.5;29.0;23.0;15.48;710.7;0.0;77.0;2.1;0.0;22.41;3.9;54.0
3558;2025-05-29 06:00:00;1.02;5.1;10.2;12.3;26.0;26.0;15.63;710.9;0.0;78.0;2.1;0.0;22.24;4.8;100.0
3559;2025-05-29 07:00:00;1.07;7.0;14.6;18.4;21.0;31.0;19.97;711.1;0.0;78.0;2.1;0.044;22.34;2.3;123.0
3560;2025-05-29 08:00:00;1.17;15.3;20.3;29.5;18.0;34.0;27.57;711.2;0.0;74.0;2.1;0.156;23.59;4.0;27.0
3561;2025-05-29 09:00:00;1.37;14.1;18.8;27.3;27.0;41.0;29.79;711.6;0.0;69.0;2.3;0.296;24.56;5.6;27.0
3562;2025-05-29 10:00:00;1.32;14.3;18.5;26.6;35.0;40.0;31.57;711.9;0.0;63.0;2.4;0.375;25.65;7.6;55.0
3563;2025-05-29 11:00:00;1.23;14.3;18.6;25.5;48.0;44.0;30.38;712.0;0.0;56.0;2.5;0.537;26.97;8.6;36.0
3564;2025-05-29 12:00:00;1.15;12.0;13.2;16.7;71.0;48.0;34.2;712.1;0.0;55.0;2.8;0.388;27.22;9.3;51.0
3565;2025-05-29 13:00:00;1.1;11.1;11.2;14.5;77.0;46.0;35.62;711.8;0.0;52.0;3.2;0.655;28.17;10.4;55.0
3566;2025-05-29 14:00:00;1.09;10.6;11.7;15.1;81.0;46.0;41.43;711.4;0.0;51.0;4.5;0.75;28.8;11.9;50.0
3567;2025-05-29 15:00:00;1.12;8.7;12.3;15.4;91.0;54.0;46.73;711.0;0.0;49.0;6.6;0.669;29.4;10.1;33.0
3568;2025-05-29 16:00:00;1.13;11.0;10.6;13.2;96.0;59.0;42.04;710.5;0.0;49.0;5.4;0.394;29.81;10.7;58.0
3569;2025-05-29 17:00:00;1.14;9.7;8.1;10.6;73.0;50.0;25.16;710.1;0.0;50.0;3.5;0.195;29.49;11.8;104.0
3570;2025-05-29 18:00:00;1.08;10.1;7.5;10.1;56.0;37.0;17.74;709.9;0.0;49.0;2.9;0.149;29.51;11.8;113.0
3571;2025-05-29 19:00:00;1.09;9.7;7.5;10.1;47.0;28.0;16.53;709.9;0.0;51.0;2.5;0.069;29.25;13.1;86.0
3572;2025-05-29 20:00:00;1.11;9.1;9.2;11.4;40.0;27.0;18.35;710.1;0.0;53.0;2.3;0.004;28.95;9.4;89.0
3573;2025-05-29 21:00:00;1.08;8.6;6.7;8.9;39.0;27.0;19.63;710.4;0.0;55.0;2.2;0.0;28.63;12.1;83.0
3574;2025-05-29 22:00:00;1.1;8.0;8.9;11.1;34.0;29.0;21.44;710.7;0.0;56.0;2.2;0.0;28.35;8.5;90.0
3575;2025-05-29 23:00:00;1.1;7.8;6.7;8.8;34.0;27.0;23.19;711.0;0.0;59.0;2.2;0.0;28.02;9.6;81.0
3576;2025-05-30 00:00:00;1.09;11.4;6.7;12.5;25.0;35.0;25.33;710.9;0.0;65.0;2.1;0.0;27.07;8.7;78.0
3577;2025-05-30 01:00:00;1.07;7.6;7.4;9.6;26.0;36.0;26.53;710.7;0.0;66.0;2.1;0.0;26.69;8.4;76.0
3578;2025-05-30 02:00:00;1.09;6.8;12.3;15.5;14.0;36.0;29.94;710.6;0.0;70.0;2.0;0.0;26.02;7.2;24.0
3579;2025-05-30 03:00:00;1.06;4.3;5.7;7.8;19.0;42.0;28.95;710.5;0.0;73.0;1.9;0.0;25.41;6.7;24.0
3580;2025-05-30 04:00:00;1.04;2.3;5.8;8.0;17.0;33.0;28.31;710.6;0.0;76.0;2.0;0.0;24.6;7.2;36.0
3581;2025-05-30 05:00:00;1.07;2.3;9.9;12.2;12.0;37.0;29.37;710.7;0.0;76.0;2.0;0.0;24.41;6.0;37.0
3582;2025-05-30 06:00:00;1.12;4.0;14.0;17.1;8.0;40.0;30.05;710.8;0.0;75.0;2.0;0.0;24.35;6.7;42.0
3583;2025-05-30 07:00:00;1.18;5.6;13.8;19.6;7.0;47.0;30.61;711.6;0.0;76.0;2.1;0.012;24.17;7.3;22.0
3584;2025-05-30 08:00:00;1.22;7.6;14.5;22.9;6.0;44.0;31.04;712.3;0.0;76.0;2.1;0.021;24.31;6.7;32.0
3585;2025-05-30 09:00:00;1.31;9.6;15.4;28.4;6.0;54.0;29.27;712.7;0.0;78.0;2.1;0.025;24.23;6.8;45.0
3586;2025-05-30 10:00:00;1.29;3.9;14.9;24.0;6.0;46.0;27.96;712.9;0.0;80.0;2.1;0.037;23.92;4.4;40.0
3587;2025-05-30 11:00:00;1.29;4.1;12.9;21.2;10.0;43.0;25.4;713.0;0.0;80.0;2.1;0.104;24.05;6.0;56.0
3588;2025-05-30 12:00:00;1.17;5.4;7.8;13.3;20.0;40.0;24.71;712.9;0.0;70.0;2.0;0.29;25.89;11.3;58.0
3589;2025-05-30 13:00:00;1.12;;;;23.0;35.0;6.6;713.3;0.0;75.0;2.0;0.06;23.41;14.7;21.0
3590;2025-05-30 14:00:00;1.18;;;;26.0;26.0;6.71;713.8;0.0;86.0;1.9;0.02;20.15;9.0;299.0
3591;2025-05-30 15:00:00;1.21;;;;24.0;19.0;9.31;713.3;0.0;88.0;2.0;0.027;20.16;8.1;219.0
3592;2025-05-30 16:00:00;1.45;;;;15.0;19.0;9.47;712.7;0.0;89.0;2.1;0.054;20.61;3.6;186.0
3593;2025-05-30 17:00:00;1.48;;20.7;30.5;15.0;22.0;;712.5;0.0;90.0;2.0;0.114;21.0;2.2;268.0
3594;2025-05-30 18:00:00;1.53;;24.3;35.1;11.0;20.0;;712.2;0.0;89.0;2.1;0.068;21.66;3.1;228.0
3595;2025-05-30 19:00:00;1.71;5.7;29.7;45.0;6.0;23.0;;712.6;0.0;86.0;2.2;0.01;22.2;5.1;19.0
3596;2025-05-30 20:00:00;1.6;7.3;29.8;47.0;5.0;27.0;;713.2;0.0;83.0;2.2;0.0;22.39;5.0;56.0
3597;2025-05-30 21:00:00;1.46;2.7;24.1;36.6;8.0;39.0;;713.8;0.0;81.0;2.1;0.0;22.36;5.0;128.0
3598;2025-05-30 22:00:00;1.07;;6.6;9.1;29.0;34.0;;713.8;0.0;82.0;2.0;0.0;21.24;10.9;102.0
3599;2025-05-30 23:00:00;1.03;;6.3;8.7;30.0;19.0;;713.5;0.0;80.0;2.0;0.0;21.37;6.7;116.0
3600;2025-05-31 00:00:00;1.14;;11.5;13.9;19.0;18.0;;713.2;0.0;80.0;2.0;0.0;21.46;2.5;319.0
3601;2025-05-31 01:00:00;1.24;;16.6;19.1;12.0;18.0;10.09;713.2;0.0;80.0;2.0;0.0;21.51;1.8;175.0
3602;2025-05-31 02:00:00;1.23;;15.3;17.9;10.0;19.0;9.96;712.9;0.0;81.0;2.0;0.0;21.46;1.8;245.0
3603;2025-05-31 03:00:00;1.25;;18.3;21.6;7.0;27.0;10.5;712.6;0.0;80.0;2.0;0.0;21.58;1.8;169.0
3604;2025-05-31 04:00:00;1.2;;13.5;16.6;8.0;27.0;11.69;712.5;0.0;80.0;2.0;0.0;21.42;;197.0
3605;2025-05-31 05:00:00;1.2;;13.4;16.2;7.0;27.0;11.86;712.7;0.0;81.0;2.0;0.0;21.39;;175.0
3606;2025-05-31 06:00:00;1.25;;14.4;19.4;5.0;24.0;12.32;712.9;0.0;82.0;;0.001;21.44;;343.0
3607;2025-05-31 07:00:00;1.46;;20.1;34.9;5.0;28.0;16.48;713.3;0.0;83.0;;0.016;21.71;;180.0
3608;2025-05-31 08:00:00;1.31;1.0;17.8;25.9;8.0;39.0;14.66;713.6;0.0;78.0;;0.043;22.2;3.3;199.0
3609;2025-05-31 09:00:00;1.27;4.5;14.8;24.6;20.0;35.0;14.23;713.7;0.0;68.0;;0.248;24.02;1.9;31.0
3610;2025-05-31 10:00:00;1.38;14.9;12.5;19.8;35.0;26.0;15.69;713.5;0.0;57.0;;0.52;25.91;5.2;32.0
3611;2025-05-31 11:00:00;1.48;4.4;24.4;37.1;34.0;28.0;24.11;713.3;0.0;54.0;2.3;0.611;26.97;5.3;26.0
3612;2025-05-31 12:00:00;1.29;;17.8;24.5;57.0;34.0;21.58;713.2;0.0;51.0;2.7;0.725;27.9;9.0;80.0
3613;2025-05-31 13:00:00;1.09;;7.1;10.3;57.0;38.0;17.38;712.7;0.0;50.0;2.7;0.634;28.32;9.4;94.0
3614;2025-05-31 14:00:00;1.02;13.6;4.5;7.3;52.0;28.0;14.88;712.3;0.0;47.0;2.6;0.406;28.77;9.1;106.0
3615;2025-05-31 15:00:00;1.02;10.0;5.2;8.1;44.0;25.0;14.26;711.8;0.0;49.0;2.4;0.22;28.15;9.9;139.0
3616;2025-05-31 16:00:00;1.05;;5.7;8.6;41.0;22.0;16.34;711.4;0.0;52.0;2.2;0.162;27.61;9.2;124.0
3617;2025-05-31 17:00:00;1.03;;4.9;7.6;41.0;22.0;16.7;710.9;0.0;53.0;2.1;0.174;27.55;9.3;107.0
3618;2025-05-31 18:00:00;1.09;;7.6;10.3;37.0;26.0;18.25;710.7;0.0;55.0;2.1;0.092;27.49;8.3;99.0
3619;2025-05-31 19:00:00;1.13;;8.8;11.3;36.0;32.0;18.77;710.9;0.0;54.0;2.3;0.045;27.26;7.2;90.0
3620;2025-05-31 20:00:00;1.12;;9.7;12.2;31.0;31.0;19.06;711.1;0.0;58.0;2.2;0.004;26.63;7.7;102.0
3621;2025-05-31 21:00:00;1.12;;8.1;10.3;30.0;29.0;20.03;711.3;0.0;59.0;2.1;0.0;26.2;6.1;111.0
3622;2025-05-31 22:00:00;1.1;;8.7;10.9;28.0;29.0;19.99;711.4;0.0;59.0;2.0;0.0;25.97;8.2;114.0
3623;2025-05-31 23:00:00;1.2;;17.5;22.4;16.0;35.0;23.6;711.5;0.0;66.0;2.1;0.0;25.16;4.9;24.0
3624;2025-06-01 00:00:00;;;;;;;;;;;;;;;
3625;2025-06-01 01:00:00;1.2;;;;17.0;39.0;23.36;711.3;0.0;68.0;1.9;0.0;24.7;3.5;97.0
3626;2025-06-01 02:00:00;1.25;;;;11.0;34.0;20.79;710.9;0.0;71.0;2.0;0.0;24.2;2.1;248.0
3627;2025-06-01 03:00:00;1.34;5.2;19.2;24.0;6.0;34.0;20.54;710.6;0.0;72.0;2.1;0.0;24.1;2.9;201.0
3628;2025-06-01 04:00:00;1.26;2.5;18.7;22.8;5.0;40.0;22.6;710.5;0.0;71.0;2.0;0.0;24.05;1.8;212.0
3629;2025-06-01 05:00:00;1.22;6.4;16.2;19.2;7.0;37.0;22.73;710.5;0.0;69.0;2.0;0.0;23.96;1.8;249.0
3630;2025-06-01 06:00:00;1.28;9.4;18.1;24.4;5.0;33.0;22.51;710.7;0.0;73.0;2.1;0.0;23.83;3.2;94.0
3631;2025-06-01 07:00:00;1.31;13.8;16.5;25.2;6.0;40.0;21.94;711.0;0.0;75.0;2.1;0.027;23.69;2.0;182.0
3632;2025-06-01 08:00:00;1.39;14.6;18.1;31.2;11.0;45.0;20.9;711.2;0.0;71.0;2.1;0.173;25.01;3.0;108.0
3633;2025-06-01 09:00:00;1.33;1.8;17.8;27.9;22.0;43.0;22.54;711.3;0.0;64.0;2.1;0.304;26.34;4.2;31.0
3634;2025-06-01 10:00:00;1.33;12.4;20.9;29.9;39.0;39.0;23.89;711.2;0.0;57.0;2.1;0.547;28.35;5.5;42.0
3635;2025-06-01 11:00:00;1.33;21.6;28.2;41.2;41.0;53.0;28.48;711.1;0.0;50.0;2.6;0.784;29.98;7.1;75.0
3636;2025-06-01 12:00:00;1.17;;;;79.0;53.0;34.65;710.7;0.0;45.0;3.4;0.749;30.66;9.7;59.0
3637;2025-06-01 13:00:00;1.06;;;;73.0;41.0;25.31;710.2;0.0;41.0;2.9;0.67;31.16;11.2;54.0
3638;2025-06-01 14:00:00;1.0;;;;62.0;31.0;20.98;709.7;0.0;37.0;2.8;0.87;32.57;11.6;59.0
3639;2025-06-01 15:00:00;1.05;;;;62.0;26.0;17.35;709.2;0.0;42.0;2.6;0.487;32.14;11.2;101.0
3640;2025-06-01 16:00:00;1.03;;;;59.0;25.0;19.38;709.0;0.0;44.0;2.5;0.551;31.46;14.7;135.0
3641;2025-06-01 17:00:00;1.01;;;;53.0;29.0;18.95;708.9;0.0;46.0;2.5;0.302;30.39;14.5;130.0
3642;2025-06-01 18:00:00;1.02;;;;50.0;28.0;17.51;708.7;0.0;47.0;2.4;0.191;30.28;11.7;133.0
3643;2025-06-01 19:00:00;1.03;;;;45.0;25.0;17.12;708.6;0.0;46.0;2.3;0.051;30.3;10.8;121.0
3644;2025-06-01 20:00:00;1.03;;;;44.0;25.0;16.31;708.9;0.0;46.0;2.1;0.005;29.45;8.5;87.0
3645;2025-06-01 21:00:00;1.06;;;;44.0;25.0;15.55;709.3;0.0;47.0;2.2;0.0;28.9;9.6;73.0
3646;2025-06-01 22:00:00;1.02;;;;42.0;;14.96;709.6;0.0;49.0;2.2;0.0;28.54;9.4;115.0
3647;2025-06-01 23:00:00;1.03;;;;40.0;23.0;14.92;710.0;0.0;51.0;2.2;0.0;28.17;6.7;97.0
3648;2025-06-02 00:00:00;1.05;;;;28.0;23.0;15.51;710.0;0.0;57.0;2.1;0.0;27.54;10.0;68.0
3649;2025-06-02 01:00:00;1.08;;;;19.0;28.0;17.7;710.0;0.0;69.0;2.1;0.0;25.44;8.7;44.0
3650;2025-06-02 02:00:00;1.09;;;;8.0;32.0;23.34;709.7;0.0;73.0;2.0;0.0;24.79;6.6;32.0
3651;2025-06-02 03:00:00;1.09;0.8;13.6;22.9;5.0;46.0;31.01;709.3;0.0;76.0;2.2;0.0;24.24;6.0;38.0
3652;2025-06-02 04:00:00;1.1;8.1;14.6;29.8;4.0;54.0;35.07;709.2;0.0;78.0;2.2;0.0;23.77;2.8;20.0
3653;2025-06-02 05:00:00;1.16;2.7;14.1;22.6;5.0;66.0;36.9;709.4;0.0;79.0;2.1;0.0;23.74;2.0;2.0
3654;2025-06-02 06:00:00;1.26;;;;5.0;64.0;34.47;709.6;0.0;80.0;2.1;0.0;23.51;1.8;313.0
3655;2025-06-02 07:00:00;1.34;12.0;13.0;27.5;5.0;64.0;39.82;709.9;0.0;79.0;2.2;0.029;23.9;3.9;32.0
3656;2025-06-02 08:00:00;1.43;10.1;13.3;30.2;;75.0;47.8;710.3;0.0;78.0;2.2;0.086;24.35;3.7;89.0
3657;2025-06-02 09:00:00;1.41;4.1;12.6;24.0;13.0;84.0;47.92;710.3;0.0;70.0;2.2;0.359;26.31;4.1;56.0
3658;2025-06-02 10:00:00;1.66;15.7;25.3;48.8;16.0;69.0;54.2;710.1;0.0;63.0;2.2;0.518;27.92;5.4;66.0
3659;2025-06-02 11:00:00;1.45;9.4;27.1;43.6;33.0;89.0;44.68;709.8;0.0;58.0;2.4;0.688;29.09;8.7;47.0
3660;2025-06-02 12:00:00;1.31;12.5;17.0;21.9;66.0;73.0;47.99;709.9;0.0;59.0;2.5;0.75;29.34;12.0;57.0
3661;2025-06-02 13:00:00;1.2;8.3;7.6;10.8;48.0;71.0;34.07;709.7;0.0;56.0;3.1;0.833;29.71;12.9;52.0
3662;2025-06-02 14:00:00;1.15;;;;48.0;55.0;29.33;709.3;0.0;52.0;2.8;0.837;31.0;13.0;47.0
3663;2025-06-02 15:00:00;1.14;;;;50.0;45.0;27.91;708.9;0.0;51.0;2.4;0.493;31.55;13.3;70.0
3664;2025-06-02 16:00:00;1.15;;;;48.0;45.0;23.45;708.4;0.0;47.0;2.3;0.49;32.4;12.9;112.0
3665;2025-06-02 17:00:00;1.1;;;;43.0;34.0;29.62;708.0;0.0;47.0;2.4;0.468;32.56;14.5;118.0
3666;2025-06-02 18:00:00;1.16;;;;38.0;41.0;28.92;708.0;0.0;51.0;2.3;0.073;31.42;14.0;120.0
3667;2025-06-02 19:00:00;1.15;;;;38.0;44.0;30.01;708.0;0.0;52.0;2.3;0.066;30.96;13.1;112.0
3668;2025-06-02 20:00:00;1.13;;;;36.0;41.0;28.19;708.3;0.0;53.0;2.3;0.007;30.26;12.9;109.0
3669;2025-06-02 21:00:00;1.12;;;;32.0;40.0;28.37;708.4;0.0;53.0;2.4;0.0;29.86;11.6;82.0
3670;2025-06-02 22:00:00;1.11;;;;27.0;36.0;25.94;709.0;0.0;60.0;2.3;0.0;28.46;9.0;71.0
3671;2025-06-02 23:00:00;1.11;;;;24.0;39.0;25.58;709.3;0.0;63.0;2.3;0.0;27.7;9.8;57.0
3672;2025-06-03 00:00:00;1.06;;;;24.0;37.0;;709.3;0.0;68.0;2.3;0.0;26.79;10.1;91.0
3673;2025-06-03 01:00:00;1.07;;;;18.0;38.0;27.5;708.8;0.0;75.0;2.2;0.0;25.93;8.3;52.0
3674;2025-06-03 02:00:00;1.04;;;;15.0;44.0;28.06;708.4;0.0;78.0;2.3;0.0;25.32;8.7;44.0
3675;2025-06-03 03:00:00;1.05;;;;15.0;44.0;26.6;708.2;0.0;81.0;2.3;0.0;24.93;7.6;52.0
3676;2025-06-03 04:00:00;1.01;;;;14.0;49.0;26.6;708.0;0.0;82.0;2.3;0.0;24.64;7.8;53.0
3677;2025-06-03 05:00:00;1.05;;;;12.0;36.0;31.49;707.9;0.0;83.0;2.3;0.0;24.36;6.9;59.0
3678;2025-06-03 06:00:00;1.04;;;;8.0;51.0;35.35;708.1;0.0;83.0;2.4;0.0;24.14;7.4;53.0
3679;2025-06-03 07:00:00;1.12;;;;6.0;55.0;37.47;708.6;0.0;83.0;2.5;0.016;23.98;7.0;57.0
3680;2025-06-03 08:00:00;1.27;13.0;11.4;24.3;7.0;42.0;37.62;709.0;0.0;82.0;2.6;0.066;24.45;4.5;33.0
3681;2025-06-03 09:00:00;1.38;5.7;14.4;28.5;9.0;60.0;42.87;709.1;0.0;76.0;2.7;0.15;25.8;5.4;42.0
3682;2025-06-03 10:00:00;1.46;9.7;16.2;34.3;13.0;67.0;44.27;709.0;0.0;71.0;2.8;0.342;26.86;7.8;61.0
3683;2025-06-03 11:00:00;1.39;7.9;17.0;31.6;22.0;71.0;43.63;708.9;0.0;65.0;2.8;0.513;28.05;10.0;64.0
3684;2025-06-03 12:00:00;1.34;;;;42.0;67.0;42.19;709.0;0.0;62.0;2.6;0.637;28.89;10.7;54.0
3685;2025-06-03 13:00:00;1.3;;;;70.0;63.0;44.81;708.8;0.0;58.0;2.6;0.665;29.85;11.9;56.0
3686;2025-06-03 14:00:00;1.3;;;;94.0;58.0;49.65;708.5;0.0;56.0;2.7;0.521;30.54;11.9;60.0
3687;2025-06-03 15:00:00;1.23;;;;91.0;69.0;48.66;708.2;0.0;53.0;2.8;0.483;31.15;10.4;75.0
3688;2025-06-03 16:00:00;1.23;;;;76.0;71.0;45.14;707.9;0.0;50.0;2.9;0.244;31.51;11.1;61.0
3689;2025-06-03 17:00:00;1.24;;;;63.0;61.0;39.07;707.9;0.0;52.0;2.6;0.079;31.1;10.6;93.0
3690;2025-06-03 18:00:00;1.26;;;;56.0;56.0;38.82;707.9;0.0;59.0;2.7;0.025;30.23;8.7;133.0
3691;2025-06-03 19:00:00;1.3;;;;52.0;55.0;35.03;707.8;0.0;59.0;2.7;0.015;29.99;7.7;106.0
3692;2025-06-03 20:00:00;1.24;;;;53.0;50.0;32.75;707.7;0.0;59.0;2.6;0.009;29.75;9.6;109.0
3693;2025-06-03 21:00:00;1.18;;;;50.0;45.0;29.52;708.0;0.0;58.0;2.6;0.0;29.62;10.0;104.0
3694;2025-06-03 22:00:00;1.16;;;;37.0;40.0;29.38;708.3;0.0;60.0;2.5;0.0;29.23;8.8;52.0
3695;2025-06-03 23:00:00;1.18;;;;30.0;44.0;27.61;708.5;0.0;62.0;2.5;0.0;28.35;9.1;56.0
3696;2025-06-04 00:00:00;1.12;;;;36.0;47.0;23.24;708.6;0.0;61.0;2.4;0.0;27.66;9.6;108.0
3697;2025-06-04 01:00:00;1.07;;;;36.0;36.0;24.19;708.3;0.0;62.0;2.5;0.0;26.98;9.6;95.0
3698;2025-06-04 02:00:00;1.16;;;;24.0;30.0;27.55;708.3;0.0;67.0;2.7;0.0;25.83;9.4;25.0
3699;2025-06-04 03:00:00;1.12;;;;19.0;46.0;29.25;708.0;0.0;73.0;2.6;0.0;24.8;6.8;54.0
3700;2025-06-04 04:00:00;1.1;;;;14.0;47.0;29.1;708.0;0.0;76.0;2.8;0.0;24.25;6.7;49.0
3701;2025-06-04 05:00:00;1.16;4.6;10.5;12.8;18.0;39.0;32.49;708.3;0.0;78.0;2.8;0.0;24.34;5.3;51.0
3702;2025-06-04 06:00:00;1.14;;;;19.0;44.0;31.3;708.5;0.0;78.0;2.7;0.0;24.2;3.8;39.0
3703;2025-06-04 07:00:00;1.19;;;;11.0;35.0;31.5;708.9;0.0;77.0;2.7;0.016;24.51;4.0;6.0
3704;2025-06-04 08:00:00;1.3;7.2;18.8;34.4;6.0;50.0;37.52;709.2;0.0;77.0;3.0;0.046;24.99;3.8;4.0
3705;2025-06-04 09:00:00;1.38;4.5;15.7;28.6;11.0;58.0;36.77;709.6;0.0;75.0;3.0;0.185;25.98;3.6;19.0
3706;2025-06-04 10:00:00;1.49;8.7;20.3;37.4;16.0;49.0;41.67;709.5;0.0;68.0;3.0;0.366;27.36;6.8;23.0
3707;2025-06-04 11:00:00;1.4;7.2;25.2;39.6;18.0;67.0;44.42;709.6;0.0;68.0;2.9;0.231;27.53;9.5;36.0
3708;2025-06-04 12:00:00;1.28;;10.8;15.7;41.0;59.0;36.07;709.7;0.0;64.0;2.8;0.6;28.49;12.2;59.0
3709;2025-06-04 13:00:00;1.27;;10.4;15.3;46.0;49.0;31.99;709.3;0.0;61.0;2.7;0.694;29.41;12.2;47.0
3710;2025-06-04 14:00:00;1.24;;9.4;13.3;53.0;44.0;30.07;709.0;0.0;56.0;2.7;0.654;30.47;12.0;57.0
3711;2025-06-04 15:00:00;1.23;;6.0;9.3;50.0;44.0;29.31;708.4;0.0;54.0;2.7;0.672;31.42;13.1;52.0
3712;2025-06-04 16:00:00;1.18;;5.7;8.9;43.0;40.0;26.91;708.2;0.0;52.0;2.6;0.451;31.78;14.7;62.0
3713;2025-06-04 17:00:00;1.23;;6.5;10.1;38.0;42.0;27.95;708.2;0.0;52.0;2.7;0.256;31.35;15.3;79.0
3714;2025-06-04 18:00:00;1.22;;6.7;10.0;36.0;39.0;29.02;708.1;0.0;51.0;2.6;0.221;31.87;13.8;94.0
3715;2025-06-04 19:00:00;1.18;;6.4;9.0;36.0;39.0;30.97;708.2;0.0;52.0;2.7;0.068;31.34;11.6;101.0
3716;2025-06-04 20:00:00;1.19;;6.5;8.7;35.0;40.0;32.27;708.7;0.0;54.0;2.8;0.007;30.72;9.6;133.0
3717;2025-06-04 21:00:00;1.19;;7.0;9.0;31.0;40.0;32.59;709.1;0.0;57.0;2.7;0.0;30.18;8.3;114.0
3718;2025-06-04 22:00:00;1.14;;6.8;9.1;30.0;37.0;25.05;709.4;0.0;56.0;2.5;0.0;29.68;10.1;106.0
3719;2025-06-04 23:00:00;1.09;;4.9;7.7;24.0;30.0;15.13;709.9;0.0;63.0;2.4;0.0;28.15;12.5;73.0
3720;2025-06-05 00:00:00;1.07;;4.5;6.5;20.0;30.0;13.47;710.0;0.0;69.0;2.4;0.0;26.92;11.8;61.0
3721;2025-06-05 01:00:00;1.08;;3.1;5.2;18.0;26.0;13.03;709.7;0.0;75.0;2.3;0.0;25.78;13.5;57.0
3722;2025-06-05 02:00:00;1.03;;2.3;4.3;17.0;26.0;12.67;709.2;0.0;77.0;2.3;0.0;25.26;10.6;58.0
3723;2025-06-05 03:00:00;1.06;;2.3;4.3;17.0;25.0;14.64;709.1;0.0;78.0;2.4;0.0;25.04;11.0;55.0
3724;2025-06-05 04:00:00;1.04;;2.1;4.1;18.0;19.0;14.57;709.1;0.0;77.0;2.3;0.0;24.76;10.4;49.0
3725;2025-06-05 05:00:00;1.03;;2.4;4.3;19.0;25.0;14.39;709.2;0.0;77.0;2.4;0.0;24.63;9.2;55.0
3726;2025-06-05 06:00:00;1.07;;4.9;7.1;15.0;19.0;14.28;709.4;0.0;77.0;2.3;0.0;24.3;10.0;40.0
3727;2025-06-05 07:00:00;1.14;1.4;10.6;20.4;8.0;25.0;17.65;709.7;0.0;79.0;2.5;0.046;24.14;8.3;36.0
3728;2025-06-05 08:00:00;1.24;18.6;13.6;40.4;7.0;32.0;23.17;710.1;0.0;76.0;2.8;0.169;25.07;5.5;4.0
3729;2025-06-05 09:00:00;1.33;4.8;11.1;24.2;15.0;45.0;25.06;710.1;0.0;71.0;2.6;0.32;26.32;5.4;12.0
3730;2025-06-05 10:00:00;1.34;3.1;15.2;26.7;21.0;40.0;30.44;710.1;0.0;64.0;2.7;0.405;27.7;6.8;18.0
3731;2025-06-05 11:00:00;1.29;1.1;14.3;23.8;33.0;51.0;31.06;710.1;0.0;60.0;2.5;0.668;28.58;10.1;48.0
3732;2025-06-05 12:00:00;1.2;;5.9;9.3;44.0;47.0;20.96;709.9;0.0;54.0;2.4;0.817;30.0;13.5;52.0
3733;2025-06-05 13:00:00;1.16;;6.0;9.0;39.0;35.0;17.76;709.7;0.0;48.0;2.4;0.813;31.42;14.1;90.0
3734;2025-06-05 14:00:00;1.14;;6.7;10.0;37.0;26.0;18.29;709.5;0.0;47.0;2.4;0.767;32.12;17.2;76.0
3735;2025-06-05 15:00:00;1.14;;5.9;9.1;34.0;29.0;19.75;709.2;0.0;47.0;2.4;0.651;32.4;18.5;69.0
3736;2025-06-05 16:00:00;1.15;;10.7;14.0;35.0;36.0;22.13;708.9;0.0;44.0;2.4;0.564;33.06;17.0;76.0
3737;2025-06-05 17:00:00;1.16;;5.6;8.8;35.0;38.0;21.43;708.6;0.0;40.0;2.5;0.449;33.57;15.2;88.0
3738;2025-06-05 18:00:00;1.17;;4.4;7.1;40.0;34.0;23.29;708.3;0.0;39.0;2.4;0.219;33.38;16.3;109.0
3739;2025-06-05 19:00:00;1.15;;5.2;7.8;39.0;37.0;22.85;708.2;0.0;38.0;2.5;0.047;32.67;16.8;122.0
3740;2025-06-05 20:00:00;1.16;;5.7;7.9;36.0;34.0;22.0;708.5;0.0;40.0;2.5;0.003;31.56;14.9;115.0
3741;2025-06-05 21:00:00;1.14;;5.1;7.1;34.0;31.0;20.79;708.8;0.0;42.0;2.6;0.0;30.99;15.0;100.0
3742;2025-06-05 22:00:00;1.1;;4.9;7.3;25.0;27.0;13.42;709.6;0.0;55.0;2.5;0.0;29.23;13.6;78.0
3743;2025-06-05 23:00:00;1.07;;3.5;5.8;22.0;27.0;12.69;710.7;0.0;63.0;2.2;0.0;27.33;15.8;69.0
3744;2025-06-06 00:00:00;1.07;;2.6;4.7;21.0;27.0;12.51;711.1;0.0;68.0;2.3;0.0;26.27;15.1;70.0
3745;2025-06-06 01:00:00;1.07;;2.2;4.2;20.0;29.0;12.85;710.9;0.0;71.0;2.2;0.0;25.74;13.1;64.0
3746;2025-06-06 02:00:00;1.06;;2.2;4.2;19.0;28.0;13.08;710.7;0.0;73.0;2.3;0.0;25.29;10.8;69.0
3747;2025-06-06 03:00:00;1.06;;1.9;3.8;18.0;30.0;13.18;710.6;0.0;75.0;2.3;0.0;24.78;10.1;58.0
3748;2025-06-06 04:00:00;1.05;;1.9;3.9;18.0;24.0;13.17;710.4;0.0;76.0;2.3;0.0;24.44;10.3;42.0
3749;2025-06-06 05:00:00;1.05;;2.3;4.2;17.0;27.0;13.35;710.5;0.0;77.0;2.3;0.0;24.04;10.4;52.0
3750;2025-06-06 06:00:00;1.08;;6.6;10.6;13.0;33.0;13.99;710.9;0.0;79.0;2.3;0.0;23.69;8.0;45.0
3751;2025-06-06 07:00:00;1.17;2.0;12.2;22.6;7.0;34.0;17.45;711.2;0.0;79.0;3.1;0.014;23.59;5.9;55.0
3752;2025-06-06 08:00:00;1.24;5.3;13.9;27.6;6.0;30.0;19.96;711.3;0.0;78.0;2.6;0.053;23.77;6.4;70.0
3753;2025-06-06 09:00:00;1.31;9.3;13.3;31.0;10.0;39.0;27.67;711.2;0.0;74.0;2.6;0.298;25.07;5.1;54.0
3754;2025-06-06 10:00:00;1.35;11.7;16.3;36.3;16.0;39.0;30.42;710.9;0.0;65.0;2.8;0.581;26.86;8.5;55.0
3755;2025-06-06 11:00:00;1.3;;11.3;18.4;35.0;49.0;26.29;710.7;0.0;62.0;2.5;0.712;27.57;11.5;55.0
3756;2025-06-06 12:00:00;1.2;;9.6;14.9;40.0;46.0;21.71;710.6;0.0;59.0;2.5;0.665;28.59;11.7;38.0
3757;2025-06-06 13:00:00;1.21;;7.1;11.1;42.0;37.0;18.14;710.3;0.0;52.0;2.6;0.725;30.04;11.3;51.0
3758;2025-06-06 14:00:00;1.17;;4.0;6.8;44.0;30.0;15.28;709.9;0.0;45.0;2.5;0.742;31.58;11.8;84.0
3759;2025-06-06 15:00:00;1.15;;4.5;7.5;43.0;27.0;17.03;709.4;0.0;43.0;2.5;0.544;32.19;14.0;78.0
3760;2025-06-06 16:00:00;1.15;;5.3;8.5;41.0;28.0;18.0;709.1;0.0;40.0;2.5;0.426;32.68;16.0;76.0
3761;2025-06-06 17:00:00;1.16;;5.2;8.5;40.0;30.0;17.76;709.0;0.0;37.0;2.5;0.437;33.08;16.3;92.0
3762;2025-06-06 18:00:00;1.17;;5.8;9.1;39.0;39.0;17.87;709.0;0.0;36.0;2.6;0.244;33.2;14.3;100.0
3763;2025-06-06 19:00:00;1.12;;6.4;9.2;37.0;29.0;17.55;709.0;0.0;36.0;2.7;0.059;32.4;14.7;98.0
3764;2025-06-06 20:00:00;1.07;;6.5;8.6;39.0;26.0;17.86;709.2;0.0;38.0;2.6;0.006;31.37;13.2;120.0
3765;2025-06-06 21:00:00;1.08;;7.7;9.7;35.0;27.0;17.86;709.5;0.0;40.0;2.6;0.0;30.47;9.8;121.0
3766;2025-06-06 22:00:00;1.08;;6.7;8.8;28.0;25.0;15.84;709.8;0.0;50.0;2.5;0.0;29.37;11.3;78.0
3767;2025-06-06 23:00:00;1.1;;5.3;7.6;24.0;29.0;14.39;710.1;0.0;58.0;2.3;0.0;28.25;9.2;103.0
3768;2025-06-07 00:00:00;1.1;;4.6;7.0;24.0;28.0;15.29;710.2;0.0;62.0;2.4;0.0;27.45;7.8;111.0
3769;2025-06-07 01:00:00;1.08;;3.2;5.2;25.0;25.0;15.09;710.2;0.0;64.0;2.3;0.0;26.75;6.3;104.0
3770;2025-06-07 02:00:00;1.08;;4.1;6.0;22.0;29.0;14.73;710.0;0.0;66.0;2.2;0.0;25.98;8.7;44.0
3771;2025-06-07 03:00:00;1.08;;4.1;6.0;21.0;31.0;15.45;709.7;0.0;70.0;2.2;0.0;25.27;9.0;48.0
3772;2025-06-07 04:00:00;1.08;;4.2;6.1;20.0;29.0;16.05;709.6;0.0;73.0;2.3;0.0;24.61;7.4;58.0
3773;2025-06-07 05:00:00;1.07;;3.2;5.1;21.0;36.0;16.04;709.6;0.0;73.0;2.3;0.0;24.65;4.4;72.0
3774;2025-06-07 06:00:00;1.07;;5.9;8.0;18.0;30.0;17.15;709.8;0.0;73.0;2.3;0.001;24.53;6.2;44.0
3775;2025-06-07 07:00:00;1.15;1.2;15.4;24.0;8.0;29.0;22.21;709.8;0.0;74.0;2.6;0.043;24.17;5.3;31.0
3776;2025-06-07 08:00:00;1.23;7.2;16.0;30.3;10.0;47.0;24.35;710.2;0.0;73.0;2.7;0.126;24.5;6.7;58.0
3777;2025-06-07 09:00:00;1.27;5.9;15.8;28.7;15.0;53.0;28.38;710.5;0.0;69.0;2.6;0.255;25.65;6.0;47.0
3778;2025-06-07 10:00:00;1.33;1.2;15.9;23.9;21.0;53.0;33.23;710.5;0.0;67.0;2.5;0.202;26.01;6.6;20.0
3779;2025-06-07 11:00:00;1.3;1.9;16.6;24.2;30.0;57.0;38.04;710.4;0.0;64.0;2.6;0.321;26.77;7.3;21.0
3780;2025-06-07 12:00:00;1.31;1.2;19.5;27.3;46.0;58.0;39.02;710.3;0.0;58.0;2.6;0.703;28.32;7.9;50.0
3781;2025-06-07 13:00:00;1.31;;16.4;20.3;81.0;54.0;36.81;709.9;0.0;51.0;2.7;0.845;30.18;8.8;69.0
3782;2025-06-07 14:00:00;1.29;2.4;11.0;13.6;101.0;57.0;33.78;709.4;0.0;49.0;2.7;0.832;31.46;8.9;65.0
3783;2025-06-07 15:00:00;1.24;0.6;7.4;9.8;82.0;49.0;27.07;708.8;0.0;47.0;2.6;0.754;32.7;10.1;50.0
3784;2025-06-07 16:00:00;1.13;;4.4;6.7;56.0;42.0;20.88;708.4;0.0;42.0;2.5;0.632;33.93;12.2;99.0
3785;2025-06-07 17:00:00;1.11;;3.3;5.6;52.0;31.0;20.02;708.1;0.0;39.0;2.4;0.5;34.48;13.8;118.0
3786;2025-06-07 18:00:00;1.1;;3.4;5.7;47.0;27.0;19.39;708.0;0.0;39.0;2.5;0.247;34.32;13.7;120.0
3787;2025-06-07 19:00:00;1.1;;4.3;6.4;46.0;31.0;20.85;707.9;0.0;39.0;2.4;0.045;33.43;12.9;126.0
3788;2025-06-07 20:00:00;1.11;;4.8;6.7;39.0;34.0;20.56;708.3;0.0;42.0;2.5;0.009;32.44;12.5;120.0
3789;2025-06-07 21:00:00;1.09;;4.4;6.4;35.0;30.0;19.61;708.8;0.0;43.0;2.5;0.0;31.62;13.7;118.0
3790;2025-06-07 22:00:00;1.06;;4.1;6.1;34.0;30.0;19.27;709.2;0.0;42.0;2.5;0.0;31.14;13.2;119.0
3791;2025-06-07 23:00:00;1.12;;8.2;10.3;24.0;31.0;19.88;709.6;0.0;48.0;2.5;0.0;29.66;10.9;57.0
3792;2025-06-08 00:00:00;1.12;;;;21.0;40.0;17.95;709.6;0.0;53.0;2.5;0.0;28.45;7.9;43.0
3793;2025-06-08 01:00:00;1.11;;;;20.0;35.0;17.79;709.5;0.0;57.0;2.4;0.0;27.52;10.0;32.0
3794;2025-06-08 02:00:00;1.12;;;;18.0;37.0;17.95;709.2;0.0;62.0;2.4;0.0;26.46;8.3;26.0
3795;2025-06-08 03:00:00;1.07;;;;14.0;36.0;17.89;709.2;0.0;64.0;2.5;0.0;25.5;7.4;31.0
3796;2025-06-08 04:00:00;1.09;3.4;16.8;25.8;7.0;34.0;17.81;709.0;0.0;66.0;2.5;0.0;24.74;6.4;49.0
3797;2025-06-08 05:00:00;1.09;2.3;16.8;24.4;6.0;38.0;18.06;709.1;0.0;67.0;2.9;0.0;24.28;5.8;47.0
3798;2025-06-08 06:00:00;1.11;;;;8.0;44.0;17.1;709.1;0.0;67.0;3.3;0.001;23.83;4.9;48.0
3799;2025-06-08 07:00:00;1.2;1.8;15.4;24.3;8.0;39.0;19.04;709.3;0.0;67.0;3.4;0.057;24.03;5.6;55.0
3800;2025-06-08 08:00:00;1.19;18.8;15.9;31.1;12.0;41.0;19.02;709.4;0.0;63.0;3.6;0.203;24.69;6.2;61.0
3801;2025-06-08 09:00:00;1.24;14.6;14.2;24.3;24.0;43.0;19.41;709.7;0.0;60.0;3.5;0.373;25.84;5.4;13.0
3802;2025-06-08 10:00:00;1.29;7.6;16.3;24.6;35.0;47.0;20.16;709.7;0.0;54.0;3.9;0.563;27.35;6.9;60.0
3803;2025-06-08 11:00:00;1.24;6.3;17.2;25.0;41.0;47.0;20.82;709.7;0.0;51.0;4.1;0.694;28.64;7.9;66.0
3804;2025-06-08 12:00:00;1.14;11.4;20.7;28.6;56.0;45.0;21.65;709.5;0.0;49.0;4.7;0.803;29.66;10.0;46.0
3805;2025-06-08 13:00:00;1.15;6.2;12.7;16.0;82.0;41.0;24.48;709.3;0.0;47.0;5.6;0.845;30.86;10.2;56.0
3806;2025-06-08 14:00:00;1.17;3.9;6.9;9.3;79.0;48.0;20.66;708.9;0.0;44.0;4.4;0.838;32.26;11.4;47.0
3807;2025-06-08 15:00:00;1.15;2.3;5.8;8.3;70.0;38.0;19.61;708.4;0.0;42.0;3.1;0.763;33.48;13.0;43.0
3808;2025-06-08 16:00:00;1.1;2.5;3.0;5.2;56.0;33.0;17.31;707.9;0.0;39.0;2.7;0.64;34.36;13.2;106.0
3809;2025-06-08 17:00:00;1.07;2.3;2.3;4.6;46.0;26.0;18.63;707.5;0.0;37.0;2.7;0.476;34.72;13.5;108.0
3810;2025-06-08 18:00:00;;;;;;;19.0;;;;;;;;
3811;2025-06-08 19:00:00;;;;;;;17.0;;;;;;;;
3812;2025-06-08 20:00:00;1.27;20.6;3.1;31.1;32.0;11.0;;707.7;0.0;38.0;3.4;0.004;32.33;13.9;125.0
3813;2025-06-08 21:00:00;;;;;;;24.0;;;;;;;;
3814;2025-06-08 22:00:00;0.78;1.7;4.6;6.8;34.0;;25.0;707.8;0.0;46.0;2.7;0.0;30.77;12.0;87.0
3815;2025-06-08 23:00:00;0.53;;;;23.0;37.0;20.0;708.3;0.0;55.0;2.5;0.0;29.21;10.1;67.0
3816;2025-06-09 00:00:00;0.32;;;;31.0;39.0;22.0;708.2;0.0;52.0;2.6;0.0;29.16;9.0;94.0
3817;2025-06-09 01:00:00;;;;;22.0;33.0;22.0;707.9;0.0;59.0;2.5;0.0;27.93;9.6;37.0
3818;2025-06-09 02:00:00;;4.2;12.7;19.6;9.0;35.0;26.0;707.8;0.0;65.0;2.7;0.0;26.36;8.2;25.0
3819;2025-06-09 03:00:00;;4.5;10.9;14.6;11.0;43.0;20.0;707.5;0.0;66.0;2.6;0.0;25.64;6.6;31.0
3820;2025-06-09 04:00:00;0.14;7.4;13.6;19.8;8.0;35.0;19.0;707.6;0.0;67.0;2.7;0.0;25.1;6.9;25.0
3821;2025-06-09 05:00:00;0.32;19.0;16.2;35.1;5.0;36.0;19.0;708.0;0.0;69.0;3.2;0.0;24.59;4.8;33.0
3822;2025-06-09 06:00:00;0.54;4.4;14.2;17.7;7.0;45.0;18.0;708.4;0.0;71.0;3.4;0.001;24.45;5.8;21.0
3823;2025-06-09 07:00:00;0.67;10.8;15.4;25.3;8.0;34.0;17.0;708.6;0.0;71.0;3.6;0.052;24.5;5.5;53.0
3824;2025-06-09 08:00:00;0.79;22.1;16.3;36.6;9.0;37.0;18.0;708.8;0.0;69.0;3.3;0.186;25.41;5.8;55.0
3825;2025-06-09 09:00:00;0.91;28.6;20.3;48.0;11.0;41.0;23.39;709.0;0.0;66.0;3.3;0.337;26.34;5.7;65.0
3826;2025-06-09 10:00:00;1.08;20.6;22.9;42.3;21.0;50.0;27.11;709.2;0.0;61.0;3.6;0.449;27.73;9.3;37.0
3827;2025-06-09 11:00:00;0.96;10.6;19.2;28.5;39.0;61.0;29.03;709.6;0.0;60.0;3.4;0.656;28.31;9.7;60.0
3828;2025-06-09 12:00:00;0.98;6.8;20.0;25.4;68.0;56.0;35.24;709.4;0.0;55.0;3.7;0.741;29.74;9.1;85.0
3829;2025-06-09 13:00:00;1.02;5.2;14.9;18.5;84.0;56.0;36.86;709.2;0.0;50.0;4.2;0.812;30.93;11.2;50.0
3830;2025-06-09 14:00:00;1.02;5.0;9.3;12.1;79.0;54.0;33.85;709.0;0.0;47.0;3.6;0.825;31.92;12.6;67.0
3831;2025-06-09 15:00:00;1.07;4.3;6.6;9.2;65.0;51.0;31.92;708.6;0.0;44.0;5.0;0.752;32.87;14.3;67.0
3832;2025-06-09 16:00:00;1.12;4.0;6.1;8.9;53.0;47.0;28.47;708.2;0.0;41.0;5.1;0.48;33.52;15.4;71.0
3833;2025-06-09 17:00:00;1.22;4.3;6.3;8.8;58.0;42.0;27.68;707.9;0.0;45.0;3.6;0.231;32.83;13.6;111.0
3834;2025-06-09 18:00:00;1.24;4.4;6.3;8.7;54.0;41.0;25.43;708.0;0.0;44.0;3.3;0.144;32.52;12.8;105.0
3835;2025-06-09 19:00:00;1.33;4.4;7.1;9.4;42.0;40.0;24.28;708.0;0.0;45.0;3.1;0.056;32.26;11.5;118.0
3836;2025-06-09 20:00:00;1.36;4.1;6.1;8.1;39.0;35.0;24.32;708.0;0.0;47.0;2.9;0.008;31.66;11.3;124.0
3837;2025-06-09 21:00:00;1.43;4.0;8.0;10.1;36.0;35.0;25.06;708.2;0.0;48.0;2.8;0.0;31.01;9.2;110.0
3838;2025-06-09 22:00:00;1.44;4.2;7.3;9.3;35.0;35.0;24.24;708.6;0.0;48.0;2.8;0.0;30.65;7.5;95.0
3839;2025-06-09 23:00:00;1.44;4.0;5.3;7.4;18.0;29.0;21.26;709.0;0.0;61.0;2.5;0.0;28.85;12.3;60.0
3840;2025-06-10 00:00:00;1.44;5.0;4.5;7.9;18.0;40.0;20.81;709.4;0.0;64.0;2.5;0.0;28.04;10.7;67.0
3841;2025-06-10 01:00:00;1.48;2.2;4.2;6.4;14.0;29.0;20.07;709.7;0.0;71.0;2.4;0.0;26.8;11.0;45.0
3842;2025-06-10 02:00:00;1.5;1.5;3.2;5.2;14.0;35.0;21.87;709.8;0.0;73.0;2.5;0.0;26.24;10.6;43.0
3843;2025-06-10 03:00:00;1.51;1.3;4.2;6.3;13.0;28.0;24.48;709.8;0.0;76.0;2.5;0.0;25.85;7.7;25.0
3844;2025-06-10 04:00:00;1.53;3.2;5.8;9.0;13.0;34.0;28.31;709.8;0.0;76.0;2.4;0.0;25.82;7.6;45.0
3845;2025-06-10 05:00:00;1.54;2.3;2.5;4.4;17.0;42.0;27.79;709.5;0.0;78.0;2.4;0.0;25.44;6.3;68.0
3846;2025-06-10 06:00:00;1.58;2.4;4.9;7.1;14.0;38.0;28.63;709.6;0.0;79.0;2.5;0.0;25.26;6.6;61.0
3847;2025-06-10 07:00:00;1.67;4.3;8.2;12.3;10.0;41.0;29.27;709.9;0.0;80.0;2.5;0.037;25.25;6.4;56.0
3848;2025-06-10 08:00:00;1.8;8.0;9.9;17.3;11.0;46.0;30.4;710.4;0.0;77.0;2.6;0.117;25.72;8.7;69.0
3849;2025-06-10 09:00:00;1.84;8.2;9.5;17.2;17.0;42.0;32.37;710.5;0.0;73.0;2.7;0.243;26.62;7.8;45.0
3850;2025-06-10 10:00:00;1.81;8.8;10.8;19.3;20.0;49.0;33.56;710.6;0.0;67.0;2.8;0.41;27.78;7.9;52.0
3851;2025-06-10 11:00:00;1.79;7.6;9.4;16.0;27.0;41.0;32.77;710.9;0.0;63.0;2.7;0.416;28.55;10.2;46.0
3852;2025-06-10 12:00:00;1.8;8.1;14.1;22.8;30.0;44.0;36.25;711.1;0.0;59.0;2.8;0.551;29.48;11.1;38.0
3853;2025-06-10 13:00:00;1.8;4.3;10.4;14.5;46.0;52.0;38.5;710.9;0.0;56.0;2.8;0.354;29.96;11.8;21.0
3854;2025-06-10 14:00:00;1.74;2.3;4.5;7.1;49.0;49.0;32.48;710.5;0.0;50.0;2.5;0.717;31.48;12.9;69.0
3855;2025-06-10 15:00:00;1.71;2.1;3.8;6.1;44.0;42.0;29.69;710.0;0.0;48.0;2.6;0.355;31.75;11.3;125.0
3856;2025-06-10 16:00:00;1.72;2.8;4.8;7.3;40.0;42.0;31.23;709.5;0.0;49.0;2.5;0.546;31.94;13.4;113.0
3857;2025-06-10 17:00:00;1.73;2.9;6.8;9.4;40.0;43.0;33.47;709.3;0.0;47.0;2.6;0.33;31.89;14.0;123.0
3858;2025-06-10 18:00:00;1.76;3.6;10.3;12.6;40.0;47.0;33.07;709.1;0.0;48.0;2.6;0.078;30.81;14.1;119.0
3859;2025-06-10 19:00:00;1.75;4.4;7.5;9.8;38.0;39.0;32.73;708.8;0.0;50.0;2.6;0.027;30.4;12.6;119.0
3860;2025-06-10 20:00:00;1.71;4.5;5.7;7.7;39.0;34.0;33.98;708.8;0.0;51.0;2.7;0.001;30.02;14.9;118.0
3861;2025-06-10 21:00:00;1.7;4.4;6.1;8.0;37.0;43.0;34.32;708.7;0.0;52.0;2.7;0.0;29.72;12.9;108.0
3862;2025-06-10 22:00:00;1.7;4.6;5.6;7.5;35.0;41.0;34.35;709.0;0.0;54.0;2.7;0.0;29.32;9.6;104.0
3863;2025-06-10 23:00:00;1.65;8.8;6.1;11.6;28.0;37.0;28.5;709.4;0.0;60.0;2.6;0.0;28.32;11.9;78.0
3864;2025-06-11 00:00:00;1.64;5.1;6.4;8.8;21.0;34.0;24.29;709.7;0.0;66.0;2.5;0.0;27.42;9.4;57.0
3865;2025-06-11 01:00:00;1.64;6.0;9.1;12.8;14.0;38.0;23.8;709.9;0.0;74.0;2.5;0.0;26.21;10.1;53.0
3866;2025-06-11 02:00:00;1.62;4.4;5.4;7.3;18.0;36.0;24.74;709.9;0.0;74.0;2.5;0.0;25.98;10.3;43.0
3867;2025-06-11 03:00:00;1.61;5.5;7.7;10.8;22.0;30.0;18.48;709.9;0.0;72.0;2.4;0.0;25.63;7.7;40.0
3868;2025-06-11 04:00:00;1.59;4.7;5.4;7.3;32.0;29.0;19.3;710.4;0.0;71.0;2.4;0.0;23.66;14.8;19.0
3869;2025-06-11 05:00:00;1.65;;8.2;10.1;34.0;100.0;9.53;711.8;0.0;82.0;2.3;0.0;20.42;11.7;64.0
3870;2025-06-11 06:00:00;1.71;;13.0;15.0;26.0;29.0;7.91;712.5;0.0;86.0;2.3;0.0;19.82;6.1;113.0
3871;2025-06-11 07:00:00;1.73;;11.0;13.6;27.0;18.0;7.06;712.6;0.0;89.0;2.3;0.006;19.8;2.2;153.0
3872;2025-06-11 08:00:00;2.0;;21.9;26.8;15.0;17.0;8.45;713.3;0.0;90.0;2.5;0.015;20.41;3.0;2.0
3873;2025-06-11 09:00:00;2.17;;21.6;32.1;17.0;20.0;11.71;712.9;0.0;89.0;2.6;0.145;20.78;9.7;114.0
3874;2025-06-11 10:00:00;1.71;0.7;8.6;12.9;30.0;22.0;6.6;711.7;0.0;79.0;2.4;0.243;23.09;10.0;131.0
3875;2025-06-11 11:00:00;1.7;6.6;7.6;11.6;33.0;18.0;5.29;711.1;0.0;69.0;2.3;0.322;24.65;10.0;105.0
3876;2025-06-11 12:00:00;1.65;0.8;6.3;9.8;44.0;18.0;6.01;710.8;0.0;62.0;2.3;0.646;26.66;6.8;40.0
3877;2025-06-11 13:00:00;1.77;8.1;14.5;20.3;55.0;18.0;10.03;710.2;0.0;50.0;2.4;0.863;29.1;7.5;37.0
3878;2025-06-11 14:00:00;1.69;21.9;12.0;15.9;68.0;29.0;10.19;709.9;0.0;46.0;2.5;0.844;30.44;9.8;38.0
3879;2025-06-11 15:00:00;1.66;29.0;11.6;15.4;72.0;25.0;9.2;709.6;0.0;44.0;2.6;0.774;31.25;10.0;54.0
3880;2025-06-11 16:00:00;1.61;12.6;7.9;10.8;67.0;26.0;10.65;709.4;0.0;43.0;2.7;0.52;31.47;15.9;56.0
3881;2025-06-11 17:00:00;1.62;12.6;7.4;10.3;53.0;27.0;12.64;709.2;0.0;47.0;2.9;0.265;30.41;15.9;76.0
3882;2025-06-11 18:00:00;1.62;10.7;6.7;9.6;46.0;26.0;10.9;709.1;0.0;49.0;2.9;0.233;30.02;15.3;81.0
3883;2025-06-11 19:00:00;1.63;11.5;6.9;9.5;38.0;19.0;11.82;709.2;0.0;50.0;2.8;0.055;29.5;12.5;88.0
3884;2025-06-11 20:00:00;1.61;11.7;7.9;10.3;29.0;23.0;13.58;709.5;0.0;55.0;2.7;0.007;28.3;10.4;82.0
3885;2025-06-11 21:00:00;1.6;10.0;6.6;8.6;26.0;28.0;13.87;710.0;0.0;59.0;2.5;0.0;27.43;9.3;104.0
3886;2025-06-11 22:00:00;1.61;10.7;6.2;8.2;25.0;25.0;14.42;710.2;0.0;62.0;2.5;0.0;26.79;7.4;97.0
3887;2025-06-11 23:00:00;1.58;13.5;6.2;8.3;26.0;27.0;13.61;710.3;0.0;62.0;2.5;0.0;26.56;7.3;99.0
3888;2025-06-12 00:00:00;1.62;;;;19.0;23.0;14.81;710.3;0.0;63.0;2.5;0.0;26.42;6.3;59.0
3889;2025-06-12 01:00:00;1.66;15.7;13.8;16.4;14.0;28.0;18.48;710.2;0.0;66.0;2.6;0.0;26.08;5.0;47.0
3890;2025-06-12 02:00:00;1.57;;;;26.0;27.0;13.71;709.8;0.0;64.0;2.4;0.0;25.82;4.1;89.0
3891;2025-06-12 03:00:00;1.53;;;;27.0;23.0;13.86;709.5;0.0;67.0;2.5;0.0;25.39;3.2;46.0
3892;2025-06-12 04:00:00;1.59;;;;15.0;24.0;16.27;709.3;0.0;71.0;2.7;0.0;25.0;2.3;24.0
3893;2025-06-12 05:00:00;1.59;;;;12.0;30.0;14.7;709.2;0.0;72.0;2.4;0.0;24.23;1.9;198.0
3894;2025-06-12 06:00:00;1.62;13.8;14.4;18.1;7.0;23.0;14.74;709.3;0.0;72.0;2.4;0.0;24.11;1.9;219.0
3895;2025-06-12 07:00:00;1.69;6.8;16.0;25.6;8.0;26.0;15.29;709.4;0.0;70.0;2.5;0.052;24.63;2.9;224.0
3896;2025-06-12 08:00:00;1.8;7.8;15.0;25.2;14.0;25.0;20.57;709.6;0.0;68.0;2.5;0.172;26.26;2.6;297.0
3897;2025-06-12 09:00:00;1.88;6.4;16.5;24.9;23.0;37.0;22.69;709.7;0.0;64.0;2.4;0.248;27.27;3.8;333.0
3898;2025-06-12 10:00:00;2.03;5.5;18.6;27.1;35.0;39.0;32.5;709.7;0.0;58.0;2.7;0.541;28.93;6.5;28.0
3899;2025-06-12 11:00:00;1.85;10.9;19.9;27.3;46.0;48.0;31.44;709.6;0.0;55.0;2.7;0.61;29.71;9.1;63.0
3900;2025-06-12 12:00:00;1.76;14.2;11.8;15.0;78.0;53.0;30.89;709.5;0.0;53.0;2.8;0.674;30.25;10.6;58.0
3901;2025-06-12 13:00:00;1.71;10.0;9.5;11.9;94.0;47.0;34.31;709.1;0.0;51.0;2.9;0.756;31.02;11.8;56.0
3902;2025-06-12 14:00:00;1.68;;;;95.0;50.0;38.87;708.8;0.0;50.0;3.0;0.82;31.73;12.0;53.0
3903;2025-06-12 15:00:00;1.68;9.0;8.2;10.6;93.0;50.0;37.46;708.3;0.0;47.0;3.1;0.739;32.65;12.2;54.0
3904;2025-06-12 16:00:00;1.59;;;;71.0;48.0;28.4;708.0;0.0;45.0;2.9;0.477;33.0;12.2;100.0
3905;2025-06-12 17:00:00;1.55;;;;57.0;36.0;21.78;707.9;0.0;44.0;2.8;0.462;33.19;13.5;116.0
3906;2025-06-12 18:00:00;1.59;;;;50.0;31.0;21.47;707.8;0.0;45.0;2.8;0.235;32.68;12.6;116.0
3907;2025-06-12 19:00:00;1.64;;;;49.0;30.0;21.58;707.8;0.0;46.0;2.9;0.052;32.01;9.3;129.0
3908;2025-06-12 20:00:00;1.59;16.3;7.7;9.7;46.0;28.0;20.63;708.2;0.0;47.0;2.7;0.003;30.93;8.4;107.0
3909;2025-06-12 21:00:00;1.63;14.8;9.8;11.7;39.0;32.0;23.45;708.7;0.0;50.0;2.8;0.0;30.46;8.0;117.0
3910;2025-06-12 22:00:00;1.58;14.8;10.9;12.8;37.0;31.0;23.15;709.1;0.0;51.0;2.8;0.0;29.97;8.3;102.0
3911;2025-06-12 23:00:00;1.57;14.6;12.5;14.5;26.0;28.0;23.66;709.8;0.0;60.0;2.6;0.0;28.25;13.8;63.0
3912;2025-06-13 00:00:00;1.49;13.6;4.2;6.2;26.0;39.0;21.31;710.2;0.0;71.0;2.6;0.0;25.88;13.8;82.0
3913;2025-06-13 01:00:00;1.48;14.4;3.1;5.0;28.0;36.0;19.8;709.4;0.0;70.0;2.6;0.0;25.44;13.8;111.0
3914;2025-06-13 02:00:00;1.48;5.9;3.3;5.2;27.0;34.0;19.34;708.9;0.0;71.0;2.6;0.0;24.85;5.3;96.0
3915;2025-06-13 03:00:00;1.58;8.3;12.2;14.1;18.0;29.0;19.22;708.8;0.0;73.0;2.7;0.0;24.23;7.0;10.0
3916;2025-06-13 04:00:00;1.61;14.7;21.3;25.9;9.0;37.0;18.54;708.9;0.0;74.0;2.7;0.0;23.57;6.4;44.0
3917;2025-06-13 05:00:00;1.88;13.5;17.8;19.8;13.0;41.0;16.6;709.2;0.0;74.0;2.6;0.0;22.85;3.9;15.0
3918;2025-06-13 06:00:00;1.71;9.1;22.8;26.3;8.0;33.0;17.59;709.4;0.0;75.0;2.8;0.001;22.6;4.5;16.0
3919;2025-06-13 07:00:00;1.74;18.9;24.0;37.9;8.0;41.0;20.29;709.7;0.0;74.0;3.0;0.052;22.69;3.7;55.0
3920;2025-06-13 08:00:00;1.81;23.2;24.6;46.6;11.0;41.0;22.83;710.0;0.0;71.0;3.6;0.139;23.76;5.0;22.0
3921;2025-06-13 09:00:00;2.02;13.4;19.2;29.1;17.0;59.0;21.07;710.4;0.0;70.0;3.5;0.167;24.31;5.0;359.0
3922;2025-06-13 10:00:00;1.94;11.3;18.5;26.5;21.0;43.0;29.58;710.5;0.0;68.0;3.1;0.168;25.1;5.8;3.0
3923;2025-06-13 11:00:00;1.86;18.2;23.3;34.5;20.0;49.0;35.65;710.6;0.0;66.0;3.1;0.235;25.94;5.5;13.0
3924;2025-06-13 12:00:00;1.75;15.4;21.8;28.5;33.0;55.0;37.3;710.6;0.0;62.0;3.3;0.218;26.93;6.0;55.0
3925;2025-06-13 13:00:00;1.68;14.2;14.7;18.9;59.0;58.0;38.15;710.3;0.0;58.0;3.0;0.539;28.23;6.2;24.0
3926;2025-06-13 14:00:00;1.72;15.7;12.3;15.1;97.0;52.0;39.44;709.9;0.0;51.0;2.9;0.764;30.29;7.3;23.0
3927;2025-06-13 15:00:00;1.57;21.3;7.2;9.8;70.0;49.0;27.21;709.4;0.0;44.0;3.0;0.694;31.76;11.0;68.0
3928;2025-06-13 16:00:00;1.51;24.5;5.2;8.0;54.0;34.0;27.12;708.8;0.0;42.0;3.0;0.585;32.5;12.7;81.0
3929;2025-06-13 17:00:00;1.52;26.0;5.3;8.0;52.0;36.0;27.55;708.5;0.0;41.0;3.0;0.465;33.15;9.3;99.0
3930;2025-06-13 18:00:00;1.53;22.4;6.0;8.8;48.0;29.0;27.85;708.3;0.0;42.0;2.9;0.236;33.02;12.5;84.0
3931;2025-06-13 19:00:00;1.58;21.1;8.6;11.3;40.0;33.0;29.54;708.4;0.0;47.0;2.9;0.051;31.69;15.1;70.0
3932;2025-06-13 20:00:00;1.52;17.2;6.5;8.7;37.0;36.0;26.51;708.8;0.0;50.0;2.7;0.006;30.83;13.6;96.0
3933;2025-06-13 21:00:00;1.51;15.6;5.6;7.6;37.0;34.0;22.22;708.9;0.0;53.0;2.6;0.0;29.89;12.8;119.0
3934;2025-06-13 22:00:00;1.51;14.5;6.1;8.1;32.0;30.0;22.57;709.3;0.0;56.0;2.6;0.0;29.04;11.8;115.0
3935;2025-06-13 23:00:00;1.5;16.4;6.6;8.8;31.0;30.0;21.97;709.6;0.0;55.0;2.7;0.0;28.61;7.1;86.0
3936;2025-06-14 00:00:00;1.46;17.8;5.0;6.9;33.0;34.0;21.89;709.9;0.0;55.0;2.6;0.0;28.26;9.1;108.0
3937;2025-06-14 01:00:00;1.43;16.0;5.5;7.4;32.0;29.0;23.69;710.0;0.0;55.0;2.6;0.0;27.68;9.3;99.0
3938;2025-06-14 02:00:00;1.49;16.9;6.9;9.0;27.0;32.0;26.53;710.0;0.0;60.0;2.6;0.0;26.63;8.6;32.0
3939;2025-06-14 03:00:00;1.46;16.5;4.7;6.6;28.0;31.0;27.49;710.0;0.0;64.0;2.7;0.0;25.94;7.4;50.0
3940;2025-06-14 04:00:00;1.43;16.0;3.7;5.6;30.0;32.0;27.56;710.1;0.0;65.0;2.6;0.0;25.55;6.4;58.0
3941;2025-06-14 05:00:00;1.41;17.7;2.2;4.0;33.0;35.0;29.41;710.3;0.0;67.0;2.6;0.0;25.2;5.7;73.0
3942;2025-06-14 06:00:00;1.43;16.3;3.8;5.7;29.0;30.0;;710.7;0.0;70.0;2.5;0.0;25.04;6.3;70.0
3943;2025-06-14 07:00:00;1.5;15.7;9.5;12.3;19.0;33.0;;710.9;0.0;73.0;2.6;0.046;24.98;4.3;41.0
3944;2025-06-14 08:00:00;1.55;17.8;11.1;16.8;19.0;38.0;37.49;711.0;0.0;71.0;2.7;0.175;25.61;6.6;50.0
3945;2025-06-14 09:00:00;1.57;16.9;10.9;17.1;21.0;41.0;39.19;711.1;0.0;69.0;2.7;0.281;26.25;8.0;51.0
3946;2025-06-14 10:00:00;1.61;9.9;13.7;19.6;25.0;52.0;41.95;711.0;0.0;66.0;2.9;0.24;26.9;6.0;24.0
3947;2025-06-14 11:00:00;1.61;15.5;12.2;16.8;39.0;49.0;42.53;711.1;0.0;61.0;2.8;0.364;27.85;7.7;12.0
3948;2025-06-14 12:00:00;1.6;17.5;9.5;12.8;61.0;54.0;39.42;711.1;0.0;56.0;2.8;0.572;29.16;7.7;340.0
3949;2025-06-14 13:00:00;1.57;16.7;7.9;10.5;71.0;51.0;35.46;710.7;0.0;50.0;2.8;0.69;30.79;9.9;39.0
3950;2025-06-14 14:00:00;1.48;10.4;5.3;7.9;55.0;43.0;28.07;710.3;0.0;45.0;2.8;0.587;32.06;10.6;56.0
3951;2025-06-14 15:00:00;1.5;15.9;5.7;8.6;49.0;36.0;21.9;709.8;0.0;42.0;2.7;0.655;33.03;13.5;74.0
3952;2025-06-14 16:00:00;1.44;16.5;4.4;7.1;39.0;32.0;16.89;709.8;0.0;42.0;2.6;0.448;33.03;13.7;100.0
3953;2025-06-14 17:00:00;1.4;13.2;2.5;4.8;37.0;29.0;14.61;709.8;0.0;42.0;2.6;0.466;32.98;14.9;119.0
3954;2025-06-14 18:00:00;1.41;19.2;2.9;5.2;35.0;29.0;14.21;709.8;0.0;42.0;2.7;0.264;32.86;14.2;130.0
3955;2025-06-14 19:00:00;1.42;19.2;3.8;6.0;33.0;27.0;14.07;709.6;0.0;46.0;2.5;0.05;31.57;12.2;135.0
3956;2025-06-14 20:00:00;1.47;15.8;6.6;8.8;26.0;25.0;16.59;710.2;0.0;52.0;2.6;0.008;29.9;17.0;98.0
3957;2025-06-14 21:00:00;1.42;13.7;4.5;6.6;24.0;43.0;22.24;711.2;0.0;60.0;2.6;0.0;27.83;13.4;105.0
3958;2025-06-14 22:00:00;1.46;14.4;9.6;11.7;23.0;41.0;17.97;711.6;0.0;56.0;3.0;0.0;26.94;11.0;61.0
3959;2025-06-14 23:00:00;1.44;13.4;7.1;9.0;26.0;35.0;17.72;711.6;0.0;58.0;2.9;0.0;26.68;9.4;82.0
3960;2025-06-15 00:00:00;1.42;15.8;6.7;8.7;25.0;25.0;19.33;711.7;0.0;65.0;2.9;0.0;25.68;11.9;60.0
3961;2025-06-15 01:00:00;1.49;14.4;11.7;13.8;16.0;31.0;21.98;711.5;0.0;70.0;2.8;0.0;24.77;5.0;5.0
3962;2025-06-15 02:00:00;1.4;15.1;3.2;5.1;27.0;36.0;18.67;711.2;0.0;69.0;2.5;0.0;25.04;6.3;88.0
3963;2025-06-15 03:00:00;1.43;15.1;4.8;6.7;19.0;28.0;20.52;710.8;0.0;74.0;2.5;0.0;24.52;7.3;56.0
3964;2025-06-15 04:00:00;1.44;16.7;6.2;8.1;15.0;32.0;24.54;710.7;0.0;78.0;2.5;0.0;24.13;5.7;36.0
3965;2025-06-15 05:00:00;1.44;12.5;7.4;9.4;13.0;32.0;27.71;710.9;0.0;77.0;2.5;0.0;24.38;3.8;43.0
3966;2025-06-15 06:00:00;1.43;15.0;6.4;8.3;15.0;32.0;24.27;711.2;0.0;76.0;2.5;0.0;24.76;3.6;35.0
3967;2025-06-15 07:00:00;1.43;16.2;6.5;9.0;15.0;38.0;25.55;711.5;0.0;78.0;2.5;0.049;24.43;7.7;60.0
3968;2025-06-15 08:00:00;1.44;14.3;5.9;9.3;17.0;28.0;26.1;711.8;0.0;79.0;2.5;0.126;24.42;8.3;71.0
3969;2025-06-15 09:00:00;1.45;16.6;6.7;11.7;21.0;37.0;29.06;711.9;0.0;74.0;2.6;0.29;25.45;8.7;56.0
3970;2025-06-15 10:00:00;1.46;18.2;9.2;15.2;26.0;34.0;32.35;711.8;0.0;68.0;2.7;0.403;26.67;7.7;50.0
3971;2025-06-15 11:00:00;1.46;17.0;6.7;10.0;42.0;35.0;32.24;711.8;0.0;62.0;2.6;0.433;27.75;9.0;55.0
3972;2025-06-15 12:00:00;1.45;17.6;4.6;7.0;44.0;38.0;27.85;711.8;0.0;59.0;2.5;0.433;28.37;12.0;68.0
3973;2025-06-15 13:00:00;1.42;18.4;2.7;4.9;42.0;42.0;23.47;711.4;0.0;52.0;2.5;0.443;29.85;10.4;82.0
3974;2025-06-15 14:00:00;1.41;20.3;2.7;4.9;42.0;31.0;20.77;711.0;0.0;47.0;2.6;0.459;31.18;10.1;75.0
3975;2025-06-15 15:00:00;1.38;31.7;3.6;6.0;44.0;27.0;15.51;710.9;0.0;45.0;2.6;0.321;31.27;12.6;71.0
3976;2025-06-15 16:00:00;1.35;31.6;2.9;5.4;44.0;19.0;10.66;710.5;0.0;40.0;2.6;0.555;32.34;14.0;73.0
3977;2025-06-15 17:00:00;1.32;37.0;2.3;4.6;43.0;22.0;12.17;710.2;0.0;38.0;2.7;0.497;33.14;13.5;116.0
3978;2025-06-15 18:00:00;1.32;33.6;2.7;5.0;42.0;21.0;11.47;709.8;0.0;38.0;2.6;0.228;32.82;14.0;98.0
3979;2025-06-15 19:00:00;1.35;29.7;4.0;6.2;38.0;20.0;12.46;709.9;0.0;39.0;2.7;0.046;32.27;12.8;95.0
3980;2025-06-15 20:00:00;1.37;16.2;3.2;5.2;36.0;20.0;15.66;710.4;0.0;47.0;2.7;0.004;30.17;14.3;132.0
3981;2025-06-15 21:00:00;1.39;8.9;3.8;5.7;31.0;24.0;17.38;710.9;0.0;53.0;2.7;0.0;29.15;13.1;126.0
3982;2025-06-15 22:00:00;1.48;15.4;7.9;9.8;24.0;22.0;;711.7;0.0;55.0;2.8;0.0;28.57;9.6;97.0
3983;2025-06-15 23:00:00;1.39;13.9;4.5;6.4;29.0;26.0;;711.9;0.0;56.0;2.6;0.0;28.14;11.6;113.0
3984;2025-06-16 00:00:00;1.46;17.3;8.1;10.1;21.0;24.0;;711.8;0.0;59.0;2.6;0.0;27.14;8.7;71.0
3985;2025-06-16 01:00:00;1.35;17.7;3.1;5.0;31.0;28.0;13.52;711.4;0.0;55.0;2.6;0.0;27.17;8.0;81.0
3986;2025-06-16 02:00:00;1.36;16.9;10.5;13.0;17.0;20.0;14.8;711.0;0.0;62.0;2.7;0.0;25.83;8.2;23.0
3987;2025-06-16 03:00:00;1.38;14.9;10.1;12.1;17.0;26.0;19.21;711.0;0.0;65.0;2.8;0.0;24.89;5.1;17.0
3988;2025-06-16 04:00:00;1.4;15.9;13.4;15.4;14.0;32.0;15.31;711.2;0.0;68.0;2.8;0.0;24.26;5.2;10.0
3989;2025-06-16 05:00:00;1.44;18.0;17.8;20.5;10.0;32.0;15.12;711.1;0.0;71.0;2.9;0.0;23.77;2.6;39.0
3990;2025-06-16 06:00:00;1.42;16.8;17.0;19.7;9.0;29.0;17.2;711.3;0.0;73.0;3.0;0.0;23.36;4.9;59.0
3991;2025-06-16 07:00:00;1.44;24.7;15.9;22.1;11.0;32.0;17.95;711.4;0.0;73.0;3.2;0.045;23.42;2.1;338.0
3992;2025-06-16 08:00:00;1.64;28.2;15.4;25.4;17.0;26.0;17.82;711.6;0.0;69.0;3.3;0.192;24.66;4.3;358.0
3993;2025-06-16 09:00:00;1.79;22.6;16.3;25.9;26.0;31.0;17.97;711.9;0.0;64.0;3.3;0.385;25.76;6.2;8.0
3994;2025-06-16 10:00:00;1.74;23.0;16.5;24.7;36.0;37.0;20.02;711.7;0.0;60.0;3.6;0.565;27.07;5.8;13.0
3995;2025-06-16 11:00:00;1.71;25.3;21.6;30.2;46.0;40.0;22.83;711.6;0.0;53.0;3.8;0.706;28.79;7.6;44.0
3996;2025-06-16 12:00:00;1.59;24.7;18.2;23.1;74.0;45.0;23.65;711.2;0.0;48.0;4.0;0.811;30.05;10.8;43.0
3997;2025-06-16 13:00:00;1.5;30.9;10.4;13.2;85.0;43.0;22.0;710.9;0.0;45.0;3.9;0.857;31.32;15.5;48.0
3998;2025-06-16 14:00:00;1.39;30.4;5.6;8.3;59.0;43.0;16.11;710.5;0.0;41.0;3.8;0.85;32.4;16.1;87.0
3999;2025-06-16 15:00:00;1.35;15.5;5.1;8.2;51.0;27.0;14.22;710.2;0.0;37.0;3.2;0.778;33.43;16.9;64.0
4000;2025-06-16 16:00:00;1.33;8.8;5.1;8.2;45.0;25.0;12.55;709.8;0.0;35.0;3.1;0.652;33.81;18.4;71.0
4001;2025-06-16 17:00:00;1.36;11.5;5.5;9.0;40.0;29.0;9.37;709.5;0.0;34.0;2.9;0.49;33.77;17.8;75.0
4002;2025-06-16 18:00:00;1.33;20.7;5.2;8.2;39.0;27.0;12.37;709.1;0.0;32.0;3.0;0.255;33.85;15.1;83.0
4003;2025-06-16 19:00:00;1.35;18.4;7.3;10.4;34.0;25.0;12.84;709.2;0.0;34.0;2.9;0.049;32.85;14.9;74.0
4004;2025-06-16 20:00:00;1.34;18.0;7.8;10.1;31.0;21.0;10.39;709.3;0.0;35.0;2.9;0.007;31.7;11.1;104.0
4005;2025-06-16 21:00:00;1.28;17.9;4.2;6.3;34.0;19.0;11.35;709.4;0.0;37.0;2.8;0.0;30.93;13.3;122.0
4006;2025-06-16 22:00:00;1.28;17.2;4.3;6.4;32.0;23.0;11.79;709.7;0.0;40.0;2.7;0.0;30.08;12.6;118.0
4007;2025-06-16 23:00:00;1.28;18.9;3.1;5.1;34.0;24.0;11.29;710.0;0.0;43.0;2.7;0.0;29.2;10.5;123.0
4008;2025-06-17 00:00:00;1.32;12.0;8.9;10.9;26.0;21.0;12.44;710.3;0.0;46.0;2.8;0.0;28.55;9.0;47.0
4009;2025-06-17 01:00:00;1.31;17.2;7.0;9.0;24.0;22.0;12.26;710.2;0.0;52.0;2.8;0.0;27.38;9.3;55.0
4010;2025-06-17 02:00:00;1.29;16.9;7.6;9.7;23.0;24.0;10.82;709.8;0.0;54.0;3.3;0.0;26.43;8.6;37.0
4011;2025-06-17 03:00:00;1.27;15.6;6.8;8.9;26.0;25.0;9.39;709.7;0.0;55.0;3.5;0.0;26.01;7.3;30.0
4012;2025-06-17 04:00:00;1.27;15.4;12.3;14.4;22.0;21.0;10.05;709.6;0.0;55.0;3.7;0.0;25.35;6.5;48.0
4013;2025-06-17 05:00:00;1.28;17.0;17.9;20.8;15.0;24.0;9.99;709.6;0.0;58.0;5.4;0.0;24.39;6.2;37.0
4014;2025-06-17 06:00:00;1.26;23.0;12.8;15.5;23.0;28.0;9.03;709.8;0.0;59.0;6.3;0.0;23.63;6.8;53.0
4015;2025-06-17 07:00:00;1.32;27.0;13.6;18.5;21.0;20.0;9.46;710.2;0.0;60.0;4.0;0.052;23.58;6.1;60.0
4016;2025-06-17 08:00:00;1.44;27.8;19.0;31.1;19.0;27.0;13.64;710.6;0.0;60.0;4.3;0.202;24.15;6.5;65.0
4017;2025-06-17 09:00:00;1.56;26.6;20.1;32.6;26.0;31.0;15.36;710.7;0.0;57.0;6.4;0.393;25.24;7.1;50.0
4018;2025-06-17 10:00:00;1.53;19.4;19.7;28.4;41.0;39.0;15.65;710.7;0.0;54.0;6.4;0.571;26.3;9.4;51.0
4019;2025-06-17 11:00:00;1.44;19.6;13.3;18.7;52.0;40.0;14.4;710.6;0.0;51.0;5.1;0.716;27.63;9.2;50.0
4020;2025-06-17 12:00:00;1.39;23.6;8.7;12.5;56.0;32.0;12.72;710.3;0.0;48.0;4.1;0.811;28.95;11.0;37.0
4021;2025-06-17 13:00:00;1.33;28.3;4.3;6.8;51.0;29.0;10.09;709.9;0.0;41.0;3.5;0.881;30.79;13.4;104.0
4022;2025-06-17 14:00:00;1.26;10.9;3.5;6.2;47.0;;8.8;709.4;0.0;36.0;3.2;0.867;32.13;13.9;128.0
4023;2025-06-17 15:00:00;1.25;8.2;3.5;6.2;47.0;25.0;9.21;709.0;0.0;34.0;2.9;0.787;32.8;17.0;101.0
4024;2025-06-17 16:00:00;1.28;9.3;3.6;6.4;45.0;29.0;10.56;708.5;0.0;33.0;2.9;0.663;33.36;17.5;104.0
4025;2025-06-17 17:00:00;1.26;13.3;3.6;6.5;39.0;32.0;11.27;708.1;0.0;33.0;2.7;0.49;33.43;16.7;102.0
4026;2025-06-17 18:00:00;1.29;13.6;4.4;7.5;37.0;35.0;10.53;707.9;0.0;34.0;2.9;0.249;32.89;14.4;92.0
4027;2025-06-17 19:00:00;1.35;15.2;7.6;10.5;33.0;34.0;8.97;708.0;0.0;38.0;2.8;0.051;31.35;10.1;92.0
4028;2025-06-17 20:00:00;1.33;18.4;8.5;11.0;32.0;38.0;8.77;708.3;0.0;39.0;2.8;0.007;30.21;10.9;73.0
4029;2025-06-17 21:00:00;1.29;16.4;8.4;10.7;29.0;27.0;6.69;708.7;0.0;41.0;2.8;0.0;29.24;12.9;63.0
4030;2025-06-17 22:00:00;1.23;15.9;4.4;6.8;37.0;25.0;4.26;709.2;0.0;43.0;2.6;0.0;28.25;14.5;105.0
4031;2025-06-17 23:00:00;1.22;14.8;2.8;4.8;41.0;28.0;4.8;709.5;0.0;46.0;2.5;0.0;27.18;15.1;118.0
4032;2025-06-18 00:00:00;1.21;15.5;3.2;5.1;40.0;25.0;4.41;709.5;0.0;48.0;2.6;0.0;26.77;10.4;73.0
4033;2025-06-18 01:00:00;1.26;16.7;6.4;8.4;33.0;19.0;5.35;709.2;0.0;50.0;2.5;0.0;26.18;8.3;38.0
4034;2025-06-18 02:00:00;1.25;15.4;3.9;5.8;35.0;19.0;4.7;708.9;0.0;53.0;2.6;0.0;25.54;6.4;28.0
4035;2025-06-18 03:00:00;1.24;11.1;4.2;6.2;33.0;17.0;4.94;708.7;0.0;57.0;2.5;0.0;24.82;7.3;36.0
4036;2025-06-18 04:00:00;1.26;14.4;10.4;12.4;23.0;19.0;7.31;708.7;0.0;62.0;2.8;0.0;23.74;6.6;36.0
4037;2025-06-18 05:00:00;1.31;11.1;13.8;15.8;17.0;25.0;10.88;708.7;0.0;63.0;4.1;0.0;23.31;5.0;33.0
4038;2025-06-18 06:00:00;1.37;14.6;18.5;21.1;11.0;35.0;12.13;709.0;0.0;63.0;4.2;0.0;23.07;3.7;21.0
4039;2025-06-18 07:00:00;1.43;24.7;20.0;30.0;10.0;34.0;11.1;709.2;0.0;61.0;3.9;0.056;23.46;4.5;30.0
4040;2025-06-18 08:00:00;1.49;25.4;18.2;32.8;16.0;33.0;11.47;709.5;0.0;58.0;3.9;0.208;24.16;6.4;28.0
4041;2025-06-18 09:00:00;1.63;24.0;21.2;35.4;24.0;40.0;14.38;709.7;0.0;55.0;3.9;0.395;25.63;5.8;40.0
4042;2025-06-18 10:00:00;1.59;26.8;25.9;44.0;26.0;52.0;20.42;709.8;0.0;54.0;6.1;0.571;26.46;9.0;37.0
4043;2025-06-18 11:00:00;1.45;16.4;16.9;23.5;58.0;51.0;15.17;710.1;0.0;51.0;6.7;0.713;27.65;9.6;32.0
4044;2025-06-18 12:00:00;1.42;18.3;12.3;16.0;82.0;46.0;13.13;710.1;0.0;47.0;5.5;0.813;29.31;9.7;33.0
4045;2025-06-18 13:00:00;1.29;20.5;4.6;7.1;58.0;38.0;8.08;709.6;0.0;39.0;4.3;0.873;31.34;13.0;101.0
4046;2025-06-18 14:00:00;1.26;18.6;3.8;6.6;43.0;28.0;9.49;709.2;0.0;34.0;3.4;0.858;33.03;10.4;93.0
4047;2025-06-18 15:00:00;1.25;13.1;3.9;6.8;39.0;27.0;10.85;708.7;0.0;32.0;3.1;0.786;34.14;13.2;113.0
4048;2025-06-18 16:00:00;1.26;12.4;3.3;6.1;36.0;32.0;11.52;708.3;0.0;32.0;3.1;0.444;34.07;16.6;110.0
4049;2025-06-18 17:00:00;1.31;16.0;5.9;9.1;33.0;37.0;9.65;708.3;0.0;34.0;2.9;0.146;33.5;16.4;89.0
4050;2025-06-18 18:00:00;1.3;16.9;6.4;10.2;30.0;36.0;7.95;708.4;0.0;35.0;2.8;0.154;32.81;18.1;70.0
4051;2025-06-18 19:00:00;1.33;16.2;7.9;11.1;30.0;33.0;7.41;708.8;0.0;35.0;2.7;0.037;32.47;13.7;85.0
4052;2025-06-18 20:00:00;1.33;15.9;6.0;8.3;35.0;27.0;6.42;709.2;0.0;37.0;2.6;0.005;31.6;14.9;107.0
4053;2025-06-18 21:00:00;1.23;15.9;4.1;6.2;37.0;23.0;5.59;709.6;0.0;38.0;2.6;0.0;30.54;16.0;113.0
4054;2025-06-18 22:00:00;1.23;15.1;4.0;6.1;34.0;25.0;6.1;710.2;0.0;43.0;2.6;0.0;29.35;14.3;111.0
4055;2025-06-18 23:00:00;1.24;15.7;3.9;6.1;33.0;23.0;6.86;710.6;0.0;48.0;2.5;0.0;28.49;14.9;105.0
4056;2025-06-19 00:00:00;1.23;12.1;2.9;4.9;33.0;23.0;7.01;710.9;0.0;52.0;2.5;0.0;27.74;11.5;98.0
4057;2025-06-19 01:00:00;1.23;14.3;2.0;4.0;31.0;20.0;7.47;711.2;0.0;56.0;2.6;0.0;26.7;10.9;93.0
4058;2025-06-19 02:00:00;1.23;12.3;2.1;4.1;28.0;20.0;8.88;711.2;0.0;60.0;2.5;0.0;25.7;9.3;107.0
4059;2025-06-19 03:00:00;1.25;12.0;2.5;4.5;26.0;21.0;10.29;711.0;0.0;64.0;2.6;0.0;24.98;9.1;77.0
4060;2025-06-19 04:00:00;1.27;16.5;3.0;4.9;24.0;28.0;11.91;711.0;0.0;67.0;2.5;0.0;24.41;9.8;40.0
4061;2025-06-19 05:00:00;1.28;13.3;4.1;6.1;21.0;26.0;13.55;711.1;0.0;70.0;2.5;0.0;23.78;9.5;34.0
4062;2025-06-19 06:00:00;1.3;16.0;7.2;9.4;16.0;23.0;13.11;711.4;0.0;73.0;2.5;0.0;23.22;8.9;28.0
4063;2025-06-19 07:00:00;1.37;16.1;9.8;14.9;14.0;25.0;13.09;712.0;0.0;73.0;2.5;0.044;23.28;8.4;42.0
4064;2025-06-19 08:00:00;1.4;19.9;10.7;19.3;15.0;30.0;15.06;712.6;0.0;72.0;2.6;0.147;23.67;10.3;30.0
4065;2025-06-19 09:00:00;1.36;14.8;6.4;12.0;24.0;31.0;11.84;712.9;0.0;63.0;2.7;0.377;25.55;11.0;79.0
4066;2025-06-19 10:00:00;1.32;16.5;4.9;9.2;27.0;32.0;8.88;712.9;0.0;55.0;2.7;0.565;27.44;14.6;101.0
4067;2025-06-19 11:00:00;1.31;15.5;4.1;7.9;31.0;32.0;9.56;712.6;0.0;53.0;2.7;0.709;28.77;12.7;81.0
4068;2025-06-19 12:00:00;1.27;29.6;4.4;7.8;38.0;28.0;6.62;712.1;0.0;39.0;2.7;0.812;31.45;13.4;86.0
4069;2025-06-19 13:00:00;1.29;14.9;4.7;8.7;37.0;31.0;6.45;711.8;0.0;40.0;2.6;0.827;31.47;21.8;64.0
4070;2025-06-19 14:00:00;1.29;24.1;4.2;7.7;35.0;40.0;7.59;711.6;0.0;43.0;2.5;0.57;30.87;21.8;72.0
4071;2025-06-19 15:00:00;1.28;22.7;4.3;7.7;36.0;33.0;5.69;711.5;0.0;43.0;2.6;0.48;30.8;19.5;72.0
4072;2025-06-19 16:00:00;1.28;26.2;4.3;7.5;37.0;42.0;4.87;711.2;0.0;41.0;2.6;0.414;31.11;16.9;75.0
4073;2025-06-19 17:00:00;1.28;26.3;5.0;8.2;38.0;25.0;4.41;711.1;0.0;39.0;2.5;0.322;31.41;15.7;88.0
4074;2025-06-19 18:00:00;1.3;21.9;7.1;10.6;34.0;25.0;4.74;711.2;0.0;48.0;2.6;0.199;29.32;18.2;83.0
4075;2025-06-19 19:00:00;1.34;12.1;8.6;11.9;31.0;38.0;5.4;711.3;0.0;47.0;2.7;0.057;29.09;14.3;89.0
4076;2025-06-19 20:00:00;1.24;11.1;4.9;7.3;36.0;23.0;3.27;711.6;0.0;45.0;2.5;0.01;29.02;12.9;113.0
4077;2025-06-19 21:00:00;1.23;14.9;4.2;6.3;36.0;19.0;3.0;712.1;0.0;49.0;2.6;0.0;28.33;13.4;112.0
4078;2025-06-19 22:00:00;1.24;2.5;3.9;5.9;34.0;16.0;3.52;712.8;0.0;64.0;2.5;0.0;25.31;11.9;125.0
4079;2025-06-19 23:00:00;1.3;8.9;5.1;7.3;29.0;23.0;3.27;712.9;0.0;69.0;2.4;0.0;24.44;6.6;79.0
4080;2025-06-20 00:00:00;1.28;6.2;5.3;7.3;28.0;14.0;3.3;712.8;0.0;69.0;2.4;0.0;24.6;10.1;79.0
4081;2025-06-20 01:00:00;1.29;6.5;4.9;6.9;25.0;17.0;3.74;712.7;0.0;71.0;2.3;0.0;24.36;9.4;62.0
4082;2025-06-20 02:00:00;1.27;6.5;4.2;6.1;25.0;21.0;3.82;712.4;0.0;73.0;2.3;0.0;24.06;8.1;72.0
4083;2025-06-20 03:00:00;1.24;5.7;2.5;4.4;25.0;20.0;3.53;712.1;0.0;75.0;2.3;0.0;23.63;10.9;71.0
4084;2025-06-20 04:00:00;1.26;1.5;2.3;4.2;21.0;16.0;4.49;711.9;0.0;80.0;2.3;0.0;23.08;8.9;63.0
4085;2025-06-20 05:00:00;1.25;2.4;3.0;5.0;21.0;14.0;4.57;711.9;0.0;78.0;2.3;0.0;23.27;8.8;58.0
4086;2025-06-20 06:00:00;1.28;3.4;5.2;7.3;17.0;15.0;5.18;712.2;0.0;79.0;2.2;0.0;22.91;9.0;52.0
4087;2025-06-20 07:00:00;1.29;10.6;6.1;8.9;19.0;18.0;5.29;712.5;0.0;74.0;2.9;0.042;23.5;7.5;90.0
4088;2025-06-20 08:00:00;1.34;13.4;8.6;14.5;18.0;18.0;6.47;712.5;0.0;69.0;2.5;0.104;24.21;8.7;54.0
4089;2025-06-20 09:00:00;1.44;14.6;10.1;17.9;17.0;19.0;7.65;712.7;0.0;70.0;2.5;0.172;24.38;9.9;24.0
4090;2025-06-20 10:00:00;1.45;12.0;9.3;16.5;20.0;22.0;8.95;712.8;0.0;70.0;3.0;0.263;24.7;10.8;50.0
4091;2025-06-20 11:00:00;1.48;12.4;7.5;13.0;25.0;27.0;10.36;712.6;0.0;63.0;10.8;0.364;26.02;9.8;56.0
4092;2025-06-20 12:00:00;1.35;12.4;6.9;11.7;29.0;30.0;8.55;712.4;0.0;60.0;2.5;0.352;26.86;12.3;67.0
4093;2025-06-20 13:00:00;1.33;17.2;5.5;9.3;29.0;23.0;7.47;712.2;0.0;59.0;2.5;0.321;27.18;13.8;86.0
4094;2025-06-20 14:00:00;1.33;18.3;5.0;8.9;30.0;20.0;6.79;711.6;0.0;58.0;2.5;0.415;27.68;12.8;88.0
4095;2025-06-20 15:00:00;1.29;20.1;3.9;7.0;32.0;20.0;5.98;711.1;0.0;55.0;2.5;0.513;28.5;13.4;110.0
4096;2025-06-20 16:00:00;1.29;14.6;4.0;7.2;28.0;22.0;5.62;710.8;0.0;52.0;2.5;0.323;28.85;13.1;115.0
4097;2025-06-20 17:00:00;1.34;5.8;5.5;9.7;23.0;20.0;5.72;710.7;0.0;61.0;2.5;0.165;27.01;14.0;129.0
4098;2025-06-20 18:00:00;1.35;10.1;6.1;9.8;20.0;24.0;5.31;710.8;0.0;70.0;2.5;0.123;25.1;15.2;119.0
4099;2025-06-20 19:00:00;1.33;6.5;4.8;7.6;23.0;22.0;4.24;711.0;0.0;67.0;2.5;0.066;24.91;12.9;133.0
4100;2025-06-20 20:00:00;1.29;2.9;4.7;6.9;23.0;19.0;3.99;711.1;0.0;67.0;2.4;0.004;24.84;12.4;124.0
4101;2025-06-20 21:00:00;1.29;5.1;5.0;7.1;21.0;16.0;4.26;711.2;0.0;67.0;2.4;0.0;24.87;13.6;120.0
4102;2025-06-20 22:00:00;1.29;9.9;5.9;8.0;19.0;15.0;4.27;711.3;0.0;67.0;2.4;0.0;24.63;9.7;101.0
4103;2025-06-20 23:00:00;1.29;15.2;5.6;7.9;17.0;19.0;4.3;711.5;0.0;72.0;2.3;0.0;24.21;10.4;94.0
4104;2025-06-21 00:00:00;1.32;13.8;6.7;10.4;14.0;19.0;4.74;711.7;0.0;75.0;2.4;0.0;23.68;9.8;54.0
4105;2025-06-21 01:00:00;1.29;10.0;4.9;7.0;14.0;20.0;4.68;711.8;0.0;78.0;2.4;0.0;23.2;10.3;65.0
4106;2025-06-21 02:00:00;1.27;11.7;3.6;5.5;17.0;17.0;4.54;711.5;0.0;78.0;2.3;0.0;22.88;11.5;65.0
4107;2025-06-21 03:00:00;1.23;16.4;2.9;4.8;19.0;15.0;4.8;711.2;0.0;77.0;2.3;0.0;22.73;10.4;85.0
4108;2025-06-21 04:00:00;1.2;21.5;2.2;4.1;22.0;16.0;4.19;711.1;0.0;73.0;2.3;0.0;23.0;9.7;79.0
4109;2025-06-21 05:00:00;1.22;20.8;2.3;4.1;20.0;16.0;4.54;711.3;0.0;77.0;2.3;0.0;22.39;9.2;81.0
4110;2025-06-21 06:00:00;1.21;1.4;2.7;4.6;20.0;15.0;3.87;711.5;0.0;81.0;2.2;0.0;21.84;8.5;88.0
4111;2025-06-21 07:00:00;1.27;;5.2;7.6;15.0;14.0;4.3;711.7;0.0;82.0;2.3;0.01;21.65;8.8;50.0
4112;2025-06-21 08:00:00;1.31;5.3;6.8;10.5;13.0;15.0;4.78;712.1;0.0;82.0;2.4;0.033;21.89;8.1;50.0
4113;2025-06-21 09:00:00;1.41;17.7;7.7;14.0;13.0;17.0;5.53;712.4;0.0;81.0;2.5;0.114;22.48;7.4;52.0
4114;2025-06-21 10:00:00;1.36;25.9;7.3;12.9;14.0;20.0;5.96;712.5;0.0;77.0;2.5;0.124;23.02;10.8;85.0
4115;2025-06-21 11:00:00;1.31;28.3;5.2;9.6;18.0;23.0;5.4;712.3;0.0;74.0;2.3;0.155;23.29;13.6;97.0
4116;2025-06-21 12:00:00;1.31;29.9;4.7;9.1;23.0;20.0;6.3;711.8;0.0;68.0;2.5;0.344;24.78;11.4;84.0
4117;2025-06-21 13:00:00;1.39;27.3;6.7;12.0;26.0;20.0;6.08;711.4;0.0;64.0;2.5;0.412;26.08;13.1;58.0
4118;2025-06-21 14:00:00;1.34;32.9;5.0;9.4;29.0;24.0;5.43;711.0;0.0;60.0;2.4;0.632;27.22;16.5;82.0
4119;2025-06-21 15:00:00;1.31;31.3;4.2;8.0;31.0;25.0;5.39;710.3;0.0;55.0;2.4;0.619;28.18;17.4;82.0
4120;2025-06-21 16:00:00;1.25;35.9;3.2;6.1;31.0;22.0;4.54;709.8;0.0;54.0;2.4;0.4;28.2;14.4;106.0
4121;2025-06-21 17:00:00;1.25;33.9;3.5;6.1;30.0;17.0;4.85;709.5;0.0;56.0;2.4;0.298;28.09;16.7;94.0
4122;2025-06-21 18:00:00;1.3;21.5;5.5;8.6;24.0;18.0;5.89;709.6;0.0;63.0;2.5;0.111;26.83;14.9;73.0
4123;2025-06-21 19:00:00;1.29;13.7;5.2;7.7;23.0;19.0;6.08;709.8;0.0;60.0;2.5;0.059;27.08;12.2;96.0
4124;2025-06-21 20:00:00;1.25;25.3;4.6;6.7;26.0;20.0;4.86;710.0;0.0;57.0;2.4;0.007;26.59;15.5;108.0
4125;2025-06-21 21:00:00;1.23;26.9;4.0;5.9;26.0;20.0;4.11;710.6;0.0;59.0;2.4;0.0;25.93;17.0;101.0
4126;2025-06-21 22:00:00;1.31;21.2;5.4;7.4;18.0;20.0;6.9;710.9;0.0;72.0;2.5;0.0;24.33;16.0;89.0
4127;2025-06-21 23:00:00;1.25;24.9;3.8;5.7;21.0;;6.78;711.1;0.0;69.0;2.5;0.0;24.45;15.1;91.0
4128;2025-06-22 00:00:00;1.24;26.0;3.2;5.1;21.0;18.0;7.0;711.3;0.0;71.0;2.4;0.0;23.79;14.6;112.0
4129;2025-06-22 01:00:00;1.22;27.6;2.7;4.6;21.0;20.0;6.65;711.3;0.0;71.0;2.4;0.0;23.69;13.3;95.0
4130;2025-06-22 02:00:00;1.24;26.9;3.1;5.0;19.0;18.0;6.63;711.1;0.0;74.0;2.4;0.0;23.1;13.7;73.0
4131;2025-06-22 03:00:00;1.23;23.9;3.7;5.6;17.0;20.0;6.8;710.9;0.0;76.0;2.4;0.0;22.9;6.9;50.0
4132;2025-06-22 04:00:00;1.24;9.2;7.6;10.8;10.0;22.0;9.14;710.8;0.0;79.0;2.5;0.0;22.48;7.9;32.0
4133;2025-06-22 05:00:00;1.23;5.8;2.7;4.5;16.0;22.0;8.03;710.8;0.0;80.0;2.4;0.0;22.32;5.8;42.0
4134;2025-06-22 06:00:00;1.24;;2.9;4.8;15.0;20.0;7.45;711.2;0.0;81.0;2.3;0.001;22.05;7.7;45.0
4135;2025-06-22 07:00:00;1.24;1.4;4.7;7.3;13.0;17.0;7.47;711.6;0.0;81.0;2.3;0.039;22.1;8.9;56.0
4136;2025-06-22 08:00:00;1.25;12.2;5.0;8.2;14.0;17.0;7.36;712.1;0.0;79.0;2.4;0.069;22.61;7.9;51.0
4137;2025-06-22 09:00:00;1.28;20.0;5.9;11.1;13.0;19.0;7.38;712.4;0.0;77.0;2.5;0.079;22.81;9.2;42.0
4138;2025-06-22 10:00:00;1.25;30.4;6.0;12.8;14.0;21.0;10.23;712.6;0.0;73.0;2.5;0.15;23.62;7.0;92.0
4139;2025-06-22 11:00:00;1.21;25.3;2.0;4.5;24.0;20.0;6.64;712.4;0.0;63.0;2.4;0.54;25.74;9.6;114.0
4140;2025-06-22 12:00:00;1.21;37.3;2.5;5.2;30.0;17.0;6.35;712.2;0.0;56.0;2.5;0.693;27.59;9.0;77.0
4141;2025-06-22 13:00:00;1.21;38.3;2.8;5.5;32.0;18.0;6.73;711.8;0.0;51.0;2.5;0.61;28.58;13.9;69.0
4142;2025-06-22 14:00:00;1.22;39.3;2.8;5.5;30.0;17.0;6.84;711.5;0.0;52.0;2.5;0.456;28.56;16.1;84.0
4143;2025-06-22 15:00:00;1.22;38.5;2.9;5.7;30.0;19.0;7.65;711.2;0.0;50.0;2.5;0.429;28.91;13.7;88.0
4144;2025-06-22 16:00:00;1.18;37.6;2.0;4.3;33.0;19.0;6.04;710.6;0.0;44.0;2.5;0.579;30.37;14.8;116.0
4145;2025-06-22 17:00:00;1.16;22.9;1.9;4.2;31.0;17.0;5.62;710.4;0.0;44.0;2.4;0.479;30.56;18.8;115.0
4146;2025-06-22 18:00:00;1.19;27.7;2.3;4.6;28.0;20.0;6.46;710.4;0.0;50.0;2.4;0.19;28.92;17.8;118.0
4147;2025-06-22 19:00:00;1.18;30.0;2.7;4.8;30.0;22.0;5.81;710.8;0.0;50.0;2.4;0.056;28.34;14.8;114.0
4148;2025-06-22 20:00:00;1.19;19.2;3.0;4.9;29.0;17.0;5.1;711.2;0.0;53.0;2.4;0.005;27.5;15.6;109.0
4149;2025-06-22 21:00:00;1.19;16.4;3.0;4.8;28.0;15.0;4.34;711.6;0.0;55.0;2.4;0.0;26.55;15.9;107.0
4150;2025-06-22 22:00:00;1.19;19.1;2.6;4.5;27.0;15.0;4.88;712.1;0.0;59.0;2.3;0.0;25.71;20.7;106.0
4151;2025-06-22 23:00:00;1.21;21.6;2.1;4.0;26.0;18.0;5.69;712.4;0.0;64.0;2.3;0.0;25.01;21.2;112.0
4152;2025-06-23 00:00:00;1.18;24.3;1.7;3.5;27.0;21.0;6.81;712.6;0.0;63.0;2.3;0.0;24.68;19.4;115.0
4153;2025-06-23 01:00:00;1.17;24.4;1.3;3.0;27.0;20.0;8.38;712.5;0.0;64.0;2.3;0.0;24.43;18.2;121.0
4154;2025-06-23 02:00:00;1.17;24.3;1.5;3.2;25.0;18.0;9.56;712.4;0.0;66.0;2.2;0.0;23.88;10.8;97.0
4155;2025-06-23 03:00:00;1.16;33.8;1.1;2.8;25.0;18.0;9.39;712.4;0.0;69.0;2.3;0.0;23.23;9.5;86.0
4156;2025-06-23 04:00:00;1.16;29.8;1.4;3.1;24.0;15.0;9.96;712.3;0.0;70.0;2.2;0.0;22.89;5.2;71.0
4157;2025-06-23 05:00:00;1.16;35.9;1.2;2.9;24.0;16.0;10.1;712.1;0.0;71.0;2.3;0.0;22.68;6.5;93.0
4158;2025-06-23 06:00:00;1.18;33.8;4.3;6.4;19.0;19.0;10.07;712.2;0.0;72.0;2.3;0.001;22.52;7.3;46.0
4159;2025-06-23 07:00:00;1.3;35.1;11.9;19.9;10.0;24.0;14.18;712.6;0.0;75.0;2.9;0.058;22.48;8.6;8.0
4160;2025-06-23 08:00:00;1.29;35.6;7.5;15.0;16.0;36.0;14.63;713.0;0.0;69.0;3.1;0.203;23.65;7.5;29.0
4161;2025-06-23 09:00:00;1.31;26.3;6.2;13.0;20.0;27.0;11.97;713.2;0.0;63.0;3.0;0.42;25.01;9.5;66.0
4162;2025-06-23 10:00:00;1.22;38.8;3.2;6.7;25.0;28.0;12.21;713.1;0.0;55.0;2.7;0.587;26.57;13.9;110.0
4163;2025-06-23 11:00:00;1.21;37.2;3.2;6.5;29.0;32.0;;713.0;0.0;49.0;2.8;0.718;28.48;11.6;84.0
4164;2025-06-23 12:00:00;1.19;35.1;2.3;5.0;30.0;28.0;;712.8;0.0;46.0;2.6;0.834;29.83;13.9;113.0
4165;2025-06-23 13:00:00;1.2;35.7;2.5;5.3;30.0;27.0;;712.3;0.0;42.0;2.5;0.874;30.97;16.4;106.0
4166;2025-06-23 14:00:00;1.19;18.6;2.7;5.7;29.0;36.0;;711.9;0.0;39.0;2.5;0.854;31.88;17.8;105.0
4167;2025-06-23 15:00:00;1.18;7.6;2.8;5.7;29.0;25.0;;711.6;0.0;36.0;2.4;0.703;32.5;17.5;114.0
4168;2025-06-23 16:00:00;1.16;7.2;3.0;6.0;29.0;32.0;;711.4;0.0;34.0;2.5;0.578;32.55;18.2;111.0
4169;2025-06-23 17:00:00;1.18;9.4;3.5;6.7;;25.0;;711.2;0.0;34.0;2.5;0.433;32.64;17.8;102.0
4170;2025-06-23 18:00:00;1.25;30.0;4.7;7.7;30.0;32.0;10.79;711.8;0.0;53.0;2.7;0.132;28.33;21.8;97.0
4171;2025-06-23 19:00:00;1.24;14.6;4.2;7.1;27.0;45.0;7.24;711.7;0.0;57.0;2.6;0.055;27.04;13.8;114.0
4172;2025-06-23 20:00:00;1.24;7.9;4.8;6.9;26.0;30.0;7.01;712.1;0.0;59.0;2.6;0.005;26.27;11.4;117.0
4173;2025-06-23 21:00:00;1.19;7.2;3.9;5.8;31.0;25.0;5.24;712.6;0.0;58.0;2.4;0.0;25.76;12.8;99.0
4174;2025-06-23 22:00:00;1.18;10.2;4.8;6.7;31.0;20.0;5.04;713.2;0.0;59.0;2.4;0.0;25.03;12.3;106.0
4175;2025-06-23 23:00:00;1.2;12.9;4.9;6.7;28.0;20.0;5.5;713.6;0.0;63.0;2.5;0.0;24.14;9.2;110.0
4176;2025-06-24 00:00:00;1.2;;;;27.0;21.0;5.9;713.7;0.0;67.0;2.5;0.0;23.28;10.5;70.0
4177;2025-06-24 01:00:00;1.19;;;;27.0;21.0;5.61;713.7;0.0;69.0;2.4;0.0;22.84;7.3;72.0
4178;2025-06-24 02:00:00;1.18;;;;26.0;19.0;6.08;713.3;0.0;71.0;2.4;0.0;22.48;6.6;54.0
4179;2025-06-24 03:00:00;1.18;;;;21.0;19.0;7.7;713.3;0.0;74.0;2.5;0.0;22.17;7.6;26.0
4180;2025-06-24 04:00:00;1.18;;;;14.0;17.0;9.74;713.1;0.0;75.0;2.6;0.0;22.0;7.6;25.0
4181;2025-06-24 05:00:00;1.19;;;;16.0;24.0;9.99;713.1;0.0;77.0;2.5;0.0;21.61;6.5;46.0
4182;2025-06-24 06:00:00;1.21;;;;16.0;22.0;9.83;713.3;0.0;79.0;2.5;0.0;21.35;3.7;27.0
4183;2025-06-24 07:00:00;1.27;18.2;12.3;19.6;9.0;22.0;14.4;713.7;0.0;79.0;2.7;0.031;21.46;4.2;28.0
4184;2025-06-24 08:00:00;1.36;;;;11.0;26.0;19.01;714.1;0.0;76.0;2.8;0.172;22.59;4.8;39.0
4185;2025-06-24 09:00:00;1.43;;;;15.0;36.0;25.92;714.5;0.0;69.0;3.3;0.392;23.84;7.4;37.0
4186;2025-06-24 10:00:00;1.36;;;;23.0;41.0;26.08;714.5;0.0;63.0;3.7;0.61;25.03;9.0;47.0
4187;2025-06-24 11:00:00;1.26;;;;34.0;39.0;14.2;714.4;0.0;54.0;3.8;0.737;26.79;11.1;75.0
4188;2025-06-24 12:00:00;1.2;;;;35.0;31.0;11.1;714.1;0.0;46.0;3.2;0.844;28.94;14.0;106.0
4189;2025-06-24 13:00:00;1.19;;;;36.0;27.0;11.5;713.6;0.0;41.0;2.9;0.798;30.51;13.6;97.0
4190;2025-06-24 14:00:00;1.21;;;;33.0;27.0;12.03;713.0;0.0;37.0;2.7;0.8;31.89;15.6;90.0
4191;2025-06-24 15:00:00;1.2;;;;31.0;34.0;11.43;712.4;0.0;36.0;2.8;0.771;32.27;15.9;89.0
4192;2025-06-24 16:00:00;1.18;27.3;3.3;6.3;31.0;34.0;11.59;712.1;0.0;35.0;2.7;0.641;32.76;15.9;101.0
4193;2025-06-24 17:00:00;1.18;18.2;3.2;6.2;33.0;35.0;9.75;711.6;0.0;35.0;2.7;0.49;32.4;16.1;104.0
4194;2025-06-24 18:00:00;1.19;14.2;4.4;7.3;34.0;28.0;7.36;711.6;0.0;37.0;2.5;0.209;31.49;15.0;95.0
4195;2025-06-24 19:00:00;1.24;23.5;5.6;8.4;33.0;27.0;6.02;711.8;0.0;44.0;2.6;0.065;29.85;16.4;85.0
4196;2025-06-24 20:00:00;1.19;15.5;4.0;6.1;30.0;27.0;6.85;712.3;0.0;45.0;2.5;0.011;28.76;15.7;98.0
4197;2025-06-24 21:00:00;1.17;13.8;3.8;5.8;27.0;21.0;7.74;712.8;0.0;49.0;2.5;0.0;27.95;13.6;75.0
4198;2025-06-24 22:00:00;1.19;5.2;4.1;6.2;25.0;22.0;7.83;713.3;0.0;54.0;2.4;0.0;26.91;12.4;77.0
4199;2025-06-24 23:00:00;1.16;14.3;2.8;4.7;28.0;20.0;7.47;713.7;0.0;55.0;2.5;0.0;26.38;12.0;110.0
4200;2025-06-25 00:00:00;1.16;7.6;1.8;3.6;29.0;20.0;6.81;713.8;0.0;61.0;2.4;0.0;25.49;11.6;122.0
4201;2025-06-25 01:00:00;1.17;13.9;1.5;3.3;28.0;20.0;6.33;713.5;0.0;65.0;2.4;0.0;24.58;10.4;106.0
4202;2025-06-25 02:00:00;1.17;17.7;1.7;3.5;27.0;17.0;6.79;713.2;0.0;67.0;2.4;0.0;23.89;8.4;61.0
4203;2025-06-25 03:00:00;1.17;17.4;4.0;6.0;23.0;16.0;8.57;713.1;0.0;69.0;2.4;0.0;23.64;8.2;37.0
4204;2025-06-25 04:00:00;1.18;23.4;6.3;8.8;18.0;21.0;11.56;712.9;0.0;70.0;2.6;0.0;23.33;6.8;35.0
4205;2025-06-25 05:00:00;1.22;16.4;8.5;10.5;13.0;26.0;20.22;712.9;0.0;75.0;2.8;0.0;22.55;6.1;31.0
4206;2025-06-25 06:00:00;1.28;17.0;10.7;13.9;8.0;38.0;28.5;712.8;0.0;78.0;3.3;0.0;22.08;5.0;20.0
4207;2025-06-25 07:00:00;1.39;23.6;12.2;22.0;7.0;36.0;20.82;713.1;0.0;78.0;3.3;0.036;22.15;4.4;12.0
4208;2025-06-25 08:00:00;1.46;28.2;11.0;22.8;11.0;45.0;21.0;713.3;0.0;76.0;3.2;0.144;22.9;4.7;19.0
4209;2025-06-25 09:00:00;1.53;27.4;11.7;20.9;18.0;42.0;30.17;713.4;0.0;71.0;3.2;0.245;23.85;6.9;24.0
4210;2025-06-25 10:00:00;1.59;20.9;13.7;22.0;30.0;51.0;35.52;713.3;0.0;64.0;3.3;0.536;25.4;8.1;3.0
4211;2025-06-25 11:00:00;1.41;20.6;11.5;17.0;48.0;56.0;21.73;713.3;0.0;56.0;3.4;0.72;27.05;11.7;44.0
4212;2025-06-25 12:00:00;1.22;26.1;3.8;6.4;45.0;43.0;10.8;713.0;0.0;46.0;3.4;0.836;29.08;15.9;89.0
4213;2025-06-25 13:00:00;1.19;38.2;3.0;5.7;39.0;29.0;9.23;712.4;0.0;39.0;3.1;0.879;31.01;14.6;93.0
4214;2025-06-25 14:00:00;1.16;40.2;2.8;5.5;38.0;24.0;8.69;711.7;0.0;34.0;2.8;0.814;32.29;15.0;97.0
4215;2025-06-25 15:00:00;1.13;27.2;2.3;4.8;39.0;26.0;7.39;711.3;0.0;31.0;2.6;0.789;32.78;16.8;101.0
4216;2025-06-25 16:00:00;1.13;34.5;2.5;5.1;39.0;24.0;6.86;710.8;0.0;30.0;2.6;0.676;33.34;15.9;108.0
4217;2025-06-25 17:00:00;1.11;14.3;2.6;5.1;39.0;22.0;6.41;710.5;0.0;29.0;2.6;0.479;33.29;15.8;109.0
4218;2025-06-25 18:00:00;1.14;31.2;3.3;6.1;36.0;28.0;6.6;710.5;0.0;30.0;2.5;0.297;33.16;16.1;109.0
4219;2025-06-25 19:00:00;1.14;29.3;3.5;6.0;34.0;23.0;6.62;710.5;0.0;32.0;2.6;0.058;32.16;18.7;108.0
4220;2025-06-25 20:00:00;1.11;31.9;3.1;5.2;33.0;24.0;7.04;711.0;0.0;34.0;2.5;0.007;30.7;17.2;108.0
4221;2025-06-25 21:00:00;1.13;16.2;3.1;5.0;30.0;23.0;8.14;711.4;0.0;40.0;2.5;0.0;29.38;16.4;122.0
4222;2025-06-25 22:00:00;1.15;11.3;3.0;5.0;27.0;28.0;8.86;711.6;0.0;47.0;2.5;0.0;27.82;17.0;119.0
4223;2025-06-25 23:00:00;1.14;15.7;2.9;4.8;26.0;21.0;8.41;712.0;0.0;48.0;2.5;0.0;26.95;16.3;108.0
4224;2025-06-26 00:00:00;1.15;11.6;2.4;4.3;26.0;22.0;8.73;712.2;0.0;54.0;2.5;0.0;25.99;14.1;88.0
4225;2025-06-26 01:00:00;1.17;16.9;2.8;4.7;25.0;21.0;9.69;712.0;0.0;57.0;2.5;0.0;25.28;8.7;45.0
4226;2025-06-26 02:00:00;1.18;17.8;4.5;6.4;22.0;19.0;12.29;711.8;0.0;62.0;2.5;0.0;24.42;8.2;37.0
4227;2025-06-26 03:00:00;1.19;20.1;3.2;5.0;24.0;22.0;12.79;711.6;0.0;65.0;2.6;0.0;23.77;7.4;44.0
4228;2025-06-26 04:00:00;1.18;22.9;5.7;7.6;18.0;26.0;14.79;711.6;0.0;67.0;2.7;0.0;23.02;6.6;31.0
4229;2025-06-26 05:00:00;1.2;11.3;10.9;13.1;10.0;27.0;19.01;711.6;0.0;69.0;3.2;0.0;22.55;6.2;10.0
4230;2025-06-26 06:00:00;1.26;24.1;12.8;15.4;9.0;34.0;19.25;711.7;0.0;70.0;4.1;0.0;22.03;4.4;30.0
4231;2025-06-26 07:00:00;1.4;29.4;13.7;20.4;10.0;38.0;20.24;712.0;0.0;69.0;4.4;0.049;22.36;5.0;23.0
4232;2025-06-26 08:00:00;1.52;30.7;13.3;22.9;17.0;40.0;21.42;712.4;0.0;66.0;3.9;0.198;23.36;4.3;27.0
4233;2025-06-26 09:00:00;1.69;17.9;14.0;23.4;25.0;38.0;20.42;712.6;0.0;62.0;3.8;0.387;24.48;6.5;22.0
4234;2025-06-26 10:00:00;1.5;19.5;16.1;25.4;33.0;42.0;26.57;712.6;0.0;56.0;5.2;0.565;25.63;9.5;25.0
4235;2025-06-26 11:00:00;1.34;9.0;15.4;20.1;43.0;52.0;20.76;712.5;0.0;50.0;8.9;0.715;27.09;10.9;42.0
4236;2025-06-26 12:00:00;1.21;2.6;4.8;7.5;50.0;44.0;14.46;712.2;0.0;44.0;4.4;0.821;28.7;13.8;55.0
4237;2025-06-26 13:00:00;1.19;2.8;3.8;6.7;42.0;36.0;11.23;711.9;0.0;39.0;3.5;0.84;30.08;16.1;68.0
4238;2025-06-26 14:00:00;1.16;2.6;3.1;5.8;44.0;28.0;8.66;711.5;0.0;35.0;3.2;0.867;31.18;17.0;79.0
4239;2025-06-26 15:00:00;1.14;2.3;2.5;4.9;46.0;29.0;8.0;711.1;0.0;34.0;3.1;0.764;31.36;17.5;90.0
4240;2025-06-26 16:00:00;1.14;2.5;3.0;5.6;43.0;27.0;6.28;710.8;0.0;34.0;2.8;0.412;30.99;16.7;76.0
4241;2025-06-26 17:00:00;1.17;2.5;3.0;5.6;41.0;24.0;6.03;710.5;0.0;33.0;2.8;0.384;31.65;13.7;102.0
4242;2025-06-26 18:00:00;1.13;2.3;2.7;5.0;41.0;25.0;4.71;710.2;0.0;30.0;2.7;0.244;31.24;15.0;105.0
4243;2025-06-26 19:00:00;1.17;2.3;4.4;6.8;36.0;20.0;5.41;710.2;0.0;34.0;2.7;0.071;30.39;13.8;89.0
4244;2025-06-26 20:00:00;1.17;2.0;4.1;6.3;33.0;22.0;6.21;710.6;0.0;40.0;2.7;0.009;29.34;12.8;99.0
4245;2025-06-26 21:00:00;1.15;1.8;3.1;5.0;34.0;20.0;5.99;711.0;0.0;43.0;2.8;0.0;28.56;13.6;104.0
4246;2025-06-26 22:00:00;1.16;1.9;2.6;4.6;31.0;20.0;6.71;711.3;0.0;50.0;2.7;0.0;27.44;15.9;115.0
4247;2025-06-26 23:00:00;1.19;1.8;2.9;4.9;29.0;20.0;7.2;711.5;0.0;54.0;2.6;0.0;26.66;11.1;99.0
4248;2025-06-27 00:00:00;1.2;1.8;3.9;5.8;27.0;21.0;7.54;711.7;0.0;56.0;2.7;0.0;25.86;9.2;53.0
4249;2025-06-27 01:00:00;1.22;;3.7;5.6;25.0;23.0;7.56;711.7;0.0;63.0;2.5;0.0;24.71;9.9;45.0
4250;2025-06-27 02:00:00;1.19;2.4;7.1;9.5;19.0;21.0;9.55;711.4;0.0;66.0;2.7;0.0;23.98;9.6;37.0
4251;2025-06-27 03:00:00;1.23;2.5;6.3;8.9;19.0;18.0;10.42;711.3;0.0;67.0;2.9;0.0;23.68;7.7;48.0
4252;2025-06-27 04:00:00;1.19;1.7;2.3;4.1;25.0;20.0;7.43;711.2;0.0;72.0;2.7;0.0;22.87;9.5;51.0
4253;2025-06-27 05:00:00;1.21;1.8;4.5;6.3;17.0;19.0;9.02;711.4;0.0;76.0;2.7;0.0;22.43;6.4;44.0
4254;2025-06-27 06:00:00;1.2;1.8;4.5;6.3;15.0;18.0;8.99;711.6;0.0;77.0;2.6;0.0;22.25;6.3;56.0
4255;2025-06-27 07:00:00;1.27;4.1;7.1;11.3;10.0;19.0;13.06;712.0;0.0;78.0;2.9;0.048;22.4;6.1;47.0
4256;2025-06-27 08:00:00;1.37;7.5;8.7;16.3;10.0;25.0;21.06;712.4;0.0;76.0;3.2;0.138;23.06;5.3;27.0
4257;2025-06-27 09:00:00;1.48;6.3;7.7;14.2;20.0;35.0;23.38;712.6;0.0;69.0;3.9;0.287;24.58;5.8;18.0
4258;2025-06-27 10:00:00;1.43;5.4;8.3;13.8;27.0;39.0;25.07;712.5;0.0;62.0;3.5;0.367;25.74;5.7;28.0
4259;2025-06-27 11:00:00;1.49;6.0;11.4;17.5;40.0;36.0;30.52;712.4;0.0;57.0;3.8;0.674;27.29;8.3;27.0
4260;2025-06-27 12:00:00;1.37;2.9;7.5;10.5;67.0;45.0;22.7;712.4;0.0;52.0;4.0;0.723;28.3;9.8;60.0
4261;2025-06-27 13:00:00;1.29;2.4;4.3;6.8;58.0;37.0;15.01;712.0;0.0;47.0;3.5;0.811;29.75;13.4;61.0
4262;2025-06-27 14:00:00;1.24;2.3;3.1;5.4;46.0;33.0;11.52;711.7;0.0;43.0;3.2;0.5;30.58;13.7;70.0
4263;2025-06-27 15:00:00;1.26;2.3;3.8;6.2;38.0;26.0;12.94;711.4;0.0;44.0;3.1;0.119;30.13;15.2;72.0
4264;2025-06-27 16:00:00;1.32;3.1;6.6;9.7;23.0;25.0;12.52;711.2;0.0;52.0;2.9;0.043;28.51;8.3;145.0
4265;2025-06-27 17:00:00;1.32;2.7;5.9;8.7;23.0;37.0;10.39;711.2;0.0;55.0;2.9;0.019;26.92;10.4;114.0
4266;2025-06-27 18:00:00;1.38;3.5;7.8;11.4;20.0;29.0;9.58;710.4;0.0;57.0;2.8;0.038;26.48;8.3;72.0
4267;2025-06-27 19:00:00;1.28;2.4;5.1;7.6;27.0;26.0;9.4;710.3;0.0;49.0;2.7;0.027;27.81;11.3;105.0
4268;2025-06-27 20:00:00;1.26;1.9;5.2;7.2;25.0;25.0;9.44;710.7;0.0;49.0;2.7;0.008;28.03;7.3;124.0
4269;2025-06-27 21:00:00;1.23;1.9;4.7;6.6;25.0;24.0;9.32;711.0;0.0;50.0;2.7;0.0;27.88;9.3;102.0
4270;2025-06-27 22:00:00;1.22;2.0;5.0;7.0;23.0;21.0;8.92;711.6;0.0;51.0;2.6;0.0;27.42;9.0;107.0
4271;2025-06-27 23:00:00;1.21;1.8;4.1;6.0;22.0;21.0;8.26;712.4;0.0;57.0;2.6;0.0;26.4;8.6;92.0
4272;2025-06-28 00:00:00;1.22;1.8;3.5;5.3;20.0;20.0;7.92;712.7;0.0;62.0;2.5;0.0;25.7;7.7;93.0
4273;2025-06-28 01:00:00;1.25;1.9;3.9;5.9;17.0;18.0;8.05;712.7;0.0;67.0;2.6;0.0;25.0;5.7;63.0
4274;2025-06-28 02:00:00;1.23;1.9;3.3;5.3;17.0;22.0;10.97;712.3;0.0;69.0;2.5;0.0;24.82;5.9;47.0
4275;2025-06-28 03:00:00;1.21;1.7;2.2;4.0;17.0;20.0;7.75;712.1;0.0;73.0;2.4;0.0;24.12;9.8;55.0
4276;2025-06-28 04:00:00;1.17;1.7;1.8;3.5;15.0;19.0;7.56;712.2;0.0;76.0;2.3;0.0;23.39;10.3;47.0
4277;2025-06-28 05:00:00;1.23;;1.8;3.6;16.0;19.0;8.94;712.6;0.0;77.0;2.3;0.0;23.02;10.0;60.0
4278;2025-06-28 06:00:00;1.17;1.8;2.9;4.8;14.0;18.0;8.63;712.6;0.0;79.0;2.3;0.0;22.64;8.2;49.0
4279;2025-06-28 07:00:00;1.26;2.3;4.1;6.6;11.0;18.0;8.91;712.7;0.0;79.0;2.3;0.023;22.65;8.6;57.0
4280;2025-06-28 08:00:00;1.25;4.9;4.7;9.8;11.0;20.0;11.54;712.9;0.0;77.0;2.5;0.189;23.46;7.0;41.0
4281;2025-06-28 09:00:00;1.31;7.5;6.2;13.8;14.0;23.0;18.02;712.9;0.0;69.0;2.6;0.346;25.29;5.5;9.0
4282;2025-06-28 10:00:00;1.34;5.1;6.2;11.4;25.0;35.0;17.07;712.8;0.0;62.0;2.8;0.536;26.91;6.1;21.0
4283;2025-06-28 11:00:00;1.42;5.8;11.3;17.2;29.0;34.0;24.45;712.7;0.0;58.0;3.3;0.366;27.63;8.0;47.0
4284;2025-06-28 12:00:00;1.37;4.4;9.6;14.1;46.0;45.0;20.52;712.6;0.0;56.0;3.5;0.634;28.29;9.2;44.0
4285;2025-06-28 13:00:00;1.33;2.4;6.3;8.8;66.0;44.0;20.34;712.3;0.0;53.0;3.7;0.624;29.39;9.6;51.0
4286;2025-06-28 14:00:00;1.25;2.0;3.0;5.2;51.0;34.0;14.0;711.8;0.0;48.0;3.4;0.696;30.48;12.8;64.0
4287;2025-06-28 15:00:00;1.19;2.1;2.3;4.5;40.0;30.0;10.51;711.3;0.0;41.0;3.1;0.698;31.81;13.3;112.0
4288;2025-06-28 16:00:00;1.17;2.1;2.0;4.1;36.0;21.0;11.3;711.0;0.0;43.0;2.8;0.525;31.53;14.8;122.0
4289;2025-06-28 17:00:00;1.19;;2.4;4.5;31.0;24.0;10.1;710.8;0.0;45.0;2.7;0.222;30.71;12.9;122.0
4290;2025-06-28 18:00:00;1.17;2.0;1.8;3.9;32.0;23.0;9.06;710.6;0.0;42.0;2.7;0.308;30.92;13.2;123.0
4291;2025-06-28 19:00:00;1.17;1.9;2.7;4.7;32.0;20.0;9.35;710.6;0.0;41.0;2.6;0.09;30.95;11.8;111.0
4292;2025-06-28 20:00:00;1.17;1.9;3.6;5.6;26.0;22.0;8.55;710.8;0.0;43.0;2.7;0.006;29.94;11.3;115.0
4293;2025-06-28 21:00:00;1.19;1.8;3.8;5.7;23.0;22.0;8.55;711.1;0.0;48.0;2.6;0.0;29.03;12.6;89.0
4294;2025-06-28 22:00:00;1.16;1.7;2.5;4.3;23.0;24.0;7.48;711.6;0.0;53.0;2.5;0.0;28.11;14.9;104.0
4295;2025-06-28 23:00:00;1.16;1.7;1.7;3.4;23.0;21.0;7.05;712.2;0.0;58.0;2.4;0.0;27.09;14.2;104.0
4296;2025-06-29 00:00:00;1.19;;2.0;3.8;20.0;21.0;7.1;712.3;0.0;63.0;2.4;0.0;26.29;10.8;101.0
4297;2025-06-29 01:00:00;1.17;;1.6;3.3;19.0;18.0;6.45;712.0;0.0;69.0;2.4;0.0;25.21;11.4;110.0
4298;2025-06-29 02:00:00;1.21;1.6;1.7;3.4;17.0;18.0;7.49;711.7;0.0;72.0;2.4;0.0;24.69;10.9;65.0
4299;2025-06-29 03:00:00;1.22;1.6;1.9;3.6;15.0;24.0;8.27;711.6;0.0;75.0;2.3;0.0;24.21;9.6;50.0
4300;2025-06-29 04:00:00;1.2;;2.2;4.0;13.0;21.0;9.81;711.5;0.0;77.0;2.5;0.0;23.78;7.4;56.0
4301;2025-06-29 05:00:00;1.22;1.7;3.2;5.0;10.0;21.0;11.3;711.4;0.0;79.0;2.4;0.0;23.41;5.3;60.0
4302;2025-06-29 06:00:00;1.25;1.6;3.1;4.8;11.0;22.0;13.34;711.6;0.0;80.0;2.5;0.0;23.14;5.5;59.0
4303;2025-06-29 07:00:00;1.23;2.7;4.0;6.8;10.0;25.0;16.35;711.7;0.0;80.0;2.6;0.04;23.17;5.8;46.0
4304;2025-06-29 08:00:00;1.22;3.1;3.4;6.6;14.0;25.0;16.24;712.0;0.0;76.0;2.6;0.219;24.03;7.5;64.0
4305;2025-06-29 09:00:00;1.23;3.6;3.0;6.7;19.0;27.0;12.33;712.3;0.0;70.0;2.7;0.427;25.25;7.9;54.0
4306;2025-06-29 10:00:00;1.24;2.7;2.6;5.5;27.0;24.0;10.17;712.2;0.0;63.0;2.7;0.548;26.69;7.9;55.0
4307;2025-06-29 11:00:00;1.21;2.3;2.1;4.5;32.0;21.0;8.4;712.0;0.0;56.0;2.8;0.744;27.99;12.2;52.0
4308;2025-06-29 12:00:00;1.18;2.2;1.9;4.2;32.0;23.0;8.3;711.7;0.0;52.0;2.7;0.735;28.95;13.2;48.0
4309;2025-06-29 13:00:00;1.15;2.1;1.7;3.9;35.0;22.0;8.07;711.3;0.0;46.0;2.7;0.89;30.15;14.1;54.0
4310;2025-06-29 14:00:00;1.15;2.2;1.9;4.2;36.0;22.0;8.34;710.7;0.0;41.0;2.6;0.813;31.17;13.6;57.0
4311;2025-06-29 15:00:00;1.12;2.0;1.5;3.6;37.0;20.0;7.6;710.0;0.0;37.0;2.9;0.763;32.16;14.8;55.0
4312;2025-06-29 16:00:00;1.14;2.2;1.7;4.0;31.0;22.0;9.16;709.9;0.0;45.0;2.7;0.517;30.92;20.9;68.0
4313;2025-06-29 17:00:00;1.19;2.1;1.8;4.0;25.0;55.0;7.38;710.8;0.0;66.0;2.4;0.341;27.02;16.1;115.0
4314;2025-06-29 18:00:00;1.2;2.0;2.0;4.2;24.0;27.0;3.38;710.5;0.0;60.0;2.5;0.137;26.93;13.4;111.0
4315;2025-06-29 19:00:00;1.22;2.0;2.6;4.7;26.0;17.0;3.76;709.7;0.0;54.0;2.5;0.076;27.8;7.3;132.0
4316;2025-06-29 20:00:00;1.24;1.8;4.0;5.9;25.0;15.0;4.83;709.8;0.0;58.0;2.5;0.008;26.43;13.5;59.0
4317;2025-06-29 21:00:00;1.24;1.8;4.4;6.2;22.0;23.0;4.83;710.4;0.0;64.0;2.5;0.0;25.14;11.7;63.0
4318;2025-06-29 22:00:00;1.27;;4.5;6.4;20.0;20.0;4.54;710.9;0.0;72.0;2.6;0.0;23.51;12.9;45.0
4319;2025-06-29 23:00:00;1.28;1.9;5.4;7.5;16.0;18.0;4.99;711.2;0.0;76.0;2.6;0.0;22.86;8.4;50.0
4320;2025-06-30 00:00:00;1.27;1.7;4.4;6.2;18.0;22.0;5.9;711.3;0.0;77.0;2.5;0.0;22.69;6.6;71.0
4321;2025-06-30 01:00:00;1.17;1.7;2.0;3.7;25.0;20.0;3.31;711.3;0.0;71.0;2.4;0.0;23.04;8.2;72.0
4322;2025-06-30 02:00:00;1.2;2.0;3.1;5.1;21.0;19.0;4.36;711.1;0.0;75.0;2.5;0.0;22.15;9.7;38.0
4323;2025-06-30 03:00:00;1.16;1.6;3.4;5.1;19.0;18.0;5.63;711.0;0.0;79.0;2.4;0.0;21.67;4.1;26.0
4324;2025-06-30 04:00:00;1.18;1.6;2.0;3.6;21.0;15.0;4.28;710.9;0.0;78.0;2.3;0.0;21.93;7.6;42.0
4325;2025-06-30 05:00:00;1.14;;1.4;3.0;23.0;18.0;3.78;711.0;0.0;76.0;2.3;0.0;22.03;5.8;45.0
4326;2025-06-30 06:00:00;1.15;;2.6;4.4;20.0;18.0;4.35;711.2;0.0;76.0;2.4;0.0;22.08;6.4;64.0
4327;2025-06-30 07:00:00;1.19;1.9;2.5;4.5;20.0;16.0;4.06;711.4;0.0;77.0;3.2;0.016;21.74;7.9;92.0
4328;2025-06-30 08:00:00;1.25;3.5;4.0;7.6;18.0;15.0;4.47;711.5;0.0;76.0;2.4;0.134;22.57;7.2;54.0
4329;2025-06-30 09:00:00;1.29;4.6;4.9;9.6;18.0;19.0;7.42;711.8;0.0;72.0;2.5;0.203;23.52;8.1;65.0
4330;2025-06-30 10:00:00;1.34;4.9;4.8;9.8;21.0;22.0;7.67;711.6;0.0;69.0;2.5;0.471;24.91;9.3;63.0
4331;2025-06-30 11:00:00;1.33;3.9;4.7;8.8;22.0;22.0;7.41;711.5;0.0;69.0;2.5;0.299;24.83;13.4;59.0
4332;2025-06-30 12:00:00;1.29;3.4;3.7;7.2;24.0;23.0;5.59;711.5;0.0;69.0;2.5;0.348;24.94;9.3;70.0
4333;2025-06-30 13:00:00;1.26;2.8;3.0;5.9;32.0;20.0;5.39;711.3;0.0;61.0;2.5;0.496;26.8;9.4;59.0
4334;2025-06-30 14:00:00;1.3;1.9;1.1;2.1;28.0;19.0;6.29;710.9;0.0;59.0;2.6;0.167;26.47;13.6;63.0
4335;2025-06-30 15:00:00;1.27;4.4;7.5;11.2;26.0;22.0;5.95;710.6;0.0;63.0;2.6;0.183;26.23;10.3;101.0
4336;2025-06-30 16:00:00;1.34;4.9;8.6;13.7;21.0;18.0;6.15;710.4;0.0;73.0;2.5;0.206;24.71;9.7;63.0
4337;2025-06-30 17:00:00;1.35;5.2;9.0;14.3;19.0;16.0;7.81;710.6;0.0;78.0;2.5;0.149;23.48;12.5;74.0
4338;2025-06-30 18:00:00;1.41;5.9;13.1;19.0;14.0;18.0;5.96;710.7;0.0;85.0;2.6;0.034;22.11;7.6;53.0
4339;2025-06-30 19:00:00;1.45;5.8;14.8;20.6;11.0;15.0;5.68;710.7;0.0;88.0;2.6;0.021;21.77;9.3;66.0
4340;2025-06-30 20:00:00;1.41;4.4;15.0;19.4;11.0;18.0;7.41;711.0;0.0;88.0;2.5;0.0;21.73;9.9;63.0
4341;2025-06-30 21:00:00;1.39;2.8;13.4;16.2;13.0;15.0;3.49;711.3;0.0;88.0;2.5;0.0;21.56;7.9;69.0
4342;2025-06-30 22:00:00;1.27;2.4;8.9;11.3;16.0;16.0;3.24;711.4;0.0;88.0;2.4;0.0;21.42;7.3;74.0
4343;2025-06-30 23:00:00;1.27;2.2;9.6;11.9;14.0;15.0;3.83;711.8;0.0;88.0;2.3;0.0;21.61;6.9;57.0
4344;2025-07-01 00:00:00;;;5.0;;18.0;15.0;5.0;;0.0;86.0;;0.0;;;87.0
4345;2025-07-01 01:00:00;1.21;2.1;5.0;7.2;18.0;15.0;4.76;711.7;0.0;86.0;2.3;0.0;21.7;6.3;87.0
4346;2025-07-01 02:00:00;1.22;1.8;5.0;6.8;18.0;15.0;4.73;711.5;0.0;85.0;2.3;0.0;21.84;6.3;61.0
4347;2025-07-01 03:00:00;1.22;1.7;4.7;6.5;19.0;15.0;6.31;711.4;0.0;85.0;2.3;0.0;21.72;7.7;47.0
4348;2025-07-01 04:00:00;1.21;1.7;3.1;4.9;20.0;;7.0;711.3;0.0;85.0;2.3;0.0;21.33;6.5;50.0
4349;2025-07-01 05:00:00;1.25;1.8;3.3;5.1;21.0;;5.11;711.4;0.0;86.0;2.3;0.0;21.05;7.3;73.0
4350;2025-07-01 06:00:00;1.19;1.8;5.5;7.6;19.0;13.0;2.24;711.6;0.0;86.0;2.3;0.0;20.89;9.8;64.0
4351;2025-07-01 07:00:00;1.32;3.5;10.8;14.4;14.0;17.0;3.56;711.9;0.0;87.0;2.4;0.002;20.67;8.3;53.0
4352;2025-07-01 08:00:00;1.35;7.5;14.3;21.9;11.0;15.0;5.81;712.3;0.0;87.0;2.4;0.025;20.98;7.0;49.0
4353;2025-07-01 09:00:00;1.44;8.6;13.8;22.5;12.0;15.0;4.48;712.5;0.0;87.0;2.4;0.065;21.27;8.3;49.0
4354;2025-07-01 10:00:00;1.45;10.4;14.0;24.5;13.0;16.0;3.96;712.5;0.0;85.0;2.5;0.119;21.89;9.1;50.0
4355;2025-07-01 11:00:00;1.4;8.8;12.1;21.0;15.0;18.0;5.59;712.4;0.0;84.0;2.6;0.17;21.82;10.7;61.0
4356;2025-07-01 12:00:00;1.43;8.3;13.3;21.7;15.0;20.0;7.28;712.4;0.0;86.0;2.6;0.134;21.67;10.0;56.0
4357;2025-07-01 13:00:00;1.45;7.7;11.2;19.0;18.0;18.0;7.59;712.1;0.0;87.0;2.6;0.0;21.85;9.3;53.0
4358;2025-07-01 14:00:00;1.39;7.6;10.6;18.7;20.0;17.0;6.52;711.7;0.0;87.0;2.5;0.0;22.47;8.2;51.0
4359;2025-07-01 15:00:00;1.4;6.5;11.3;18.0;18.0;18.0;5.47;711.3;0.0;86.0;2.6;0.0;22.34;9.1;83.0
4360;2025-07-01 16:00:00;1.39;4.3;13.1;17.5;18.0;18.0;6.91;711.1;0.0;86.0;2.5;0.0;21.91;7.1;86.0
4361;2025-07-01 17:00:00;1.41;5.3;12.9;18.2;22.0;18.0;5.95;710.9;0.0;87.0;2.5;0.0;21.87;8.5;82.0
4362;2025-07-01 18:00:00;1.45;3.9;14.7;18.9;22.0;16.0;4.47;710.9;0.0;86.0;2.4;0.0;21.64;7.6;96.0
4363;2025-07-01 19:00:00;1.47;4.4;20.1;25.0;16.0;20.0;4.58;710.9;0.0;85.0;2.5;0.0;21.81;5.0;110.0
4364;2025-07-01 20:00:00;1.66;16.3;32.0;49.7;7.0;17.0;4.98;711.1;0.0;85.0;3.0;0.0;22.2;3.7;7.0
4365;2025-07-01 21:00:00;1.68;2.8;26.2;29.9;9.0;16.0;8.33;711.3;0.0;85.0;2.5;0.0;21.7;5.1;32.0
4366;2025-07-01 22:00:00;1.42;6.5;26.8;34.3;7.0;17.0;5.73;711.5;0.0;86.0;2.6;0.0;21.63;4.3;35.0
4367;2025-07-01 23:00:00;1.43;3.6;24.6;29.5;6.0;15.0;6.14;711.7;0.0;86.0;2.5;0.0;21.47;3.7;32.0
4368;2025-07-02 00:00:00;1.45;4.9;26.2;31.9;6.0;18.0;5.93;711.7;0.0;87.0;2.6;;21.46;2.8;25.0
4369;2025-07-02 01:00:00;1.34;1.9;16.7;18.8;11.0;19.0;5.35;711.6;0.0;87.0;2.4;0.0;21.51;4.3;58.0
4370;2025-07-02 02:00:00;1.32;1.8;11.4;13.4;13.0;15.0;4.82;711.2;0.0;87.0;2.3;0.0;21.3;2.3;42.0
4371;2025-07-02 03:00:00;1.31;2.0;15.5;17.6;10.0;19.0;6.38;711.0;0.0;88.0;2.4;0.0;21.25;1.8;2.0
4372;2025-07-02 04:00:00;1.39;5.1;23.1;28.5;6.0;16.0;10.13;710.9;0.0;88.0;2.6;0.0;21.36;1.8;349.0
4373;2025-07-02 05:00:00;1.37;1.8;16.9;19.3;8.0;24.0;7.15;710.9;0.0;89.0;2.5;0.0;21.41;1.8;359.0
4374;2025-07-02 06:00:00;1.41;1.9;18.7;21.3;7.0;15.0;9.09;711.0;0.0;90.0;2.6;0.0;21.35;;360.0
4375;2025-07-02 07:00:00;1.42;4.7;18.9;25.3;7.0;18.0;8.17;711.3;0.0;90.0;2.4;0.0;21.31;;295.0
4376;2025-07-02 08:00:00;1.55;19.4;20.0;40.0;6.0;19.0;7.55;711.5;0.0;90.0;2.6;0.061;21.68;2.3;324.0
4377;2025-07-02 09:00:00;1.57;16.8;19.3;39.1;8.0;16.0;8.6;711.8;0.0;89.0;2.6;0.115;22.21;3.4;354.0
4378;2025-07-02 10:00:00;1.95;23.9;19.9;48.8;8.0;20.0;16.57;712.1;0.0;88.0;20.3;0.184;23.01;6.4;28.0
4379;2025-07-02 11:00:00;1.6;19.2;18.1;40.4;10.0;33.0;23.05;712.2;0.0;85.0;3.1;0.0;23.49;7.9;53.0
4380;2025-07-02 12:00:00;1.48;7.2;16.8;28.4;14.0;34.0;22.34;712.3;0.0;80.0;2.8;0.0;24.06;7.8;50.0
4381;2025-07-02 13:00:00;1.46;10.0;16.6;27.5;23.0;33.0;23.15;711.9;0.0;75.0;2.8;0.0;25.03;8.1;44.0
4382;2025-07-02 14:00:00;1.43;7.3;17.5;24.0;27.0;32.0;27.14;711.5;0.0;74.0;2.8;0.0;25.34;9.5;50.0
4383;2025-07-02 15:00:00;1.44;6.5;15.4;21.1;23.0;43.0;25.74;711.1;0.0;73.0;2.7;0.0;25.31;8.1;73.0
4384;2025-07-02 16:00:00;1.39;8.1;12.1;15.9;35.0;37.0;20.59;710.7;0.0;69.0;2.5;0.0;26.21;4.1;77.0
4385;2025-07-02 17:00:00;1.36;8.9;10.8;15.0;31.0;33.0;17.98;710.3;0.0;65.0;2.7;0.0;27.25;6.4;75.0
4386;2025-07-02 18:00:00;1.37;7.8;12.3;16.0;28.0;34.0;15.64;710.2;0.0;65.0;2.6;0.0;27.02;7.8;85.0
4387;2025-07-02 19:00:00;1.48;8.4;18.1;23.6;14.0;30.0;21.89;710.4;0.0;73.0;2.6;0.0;25.91;9.4;64.0
4388;2025-07-02 20:00:00;1.39;5.3;15.4;19.1;13.0;35.0;17.88;710.7;0.0;74.0;2.5;0.0;25.35;9.9;61.0
4389;2025-07-02 21:00:00;1.32;6.0;12.1;14.8;15.0;31.0;15.06;711.1;0.0;73.0;2.4;0.0;25.39;7.5;100.0
4390;2025-07-02 22:00:00;1.27;5.1;8.2;11.1;18.0;30.0;14.75;711.3;0.0;73.0;2.4;0.0;25.16;7.0;76.0
4391;2025-07-02 23:00:00;1.32;3.8;13.1;16.0;13.0;27.0;15.48;711.4;0.0;73.0;2.4;0.0;24.84;7.1;59.0
4392;2025-07-03 00:00:00;1.33;2.8;17.2;21.6;8.0;25.0;17.41;711.2;0.0;77.0;2.5;0.0;24.2;6.2;27.0
4393;2025-07-03 01:00:00;1.36;3.0;17.4;25.5;7.0;31.0;19.62;710.8;0.0;80.0;3.0;0.0;23.59;5.5;19.0
4394;2025-07-03 02:00:00;1.28;;;;12.0;28.0;16.53;710.6;0.0;81.0;2.4;0.0;23.39;6.4;45.0
4395;2025-07-03 03:00:00;1.27;;;;10.0;29.0;17.04;710.4;0.0;82.0;2.4;0.0;23.19;3.0;47.0
4396;2025-07-03 04:00:00;1.24;;;;13.0;27.0;16.82;710.3;0.0;83.0;2.3;0.0;23.07;2.2;13.0
4397;2025-07-03 05:00:00;1.25;;;;8.0;26.0;18.48;710.3;0.0;82.0;2.4;0.0;23.2;2.9;327.0
4398;2025-07-03 06:00:00;1.31;;;;6.0;38.0;18.44;710.5;0.0;82.0;2.4;0.0;23.26;2.9;309.0
4399;2025-07-03 07:00:00;1.38;3.5;18.2;28.3;6.0;33.0;18.94;710.7;0.0;82.0;2.6;0.0;23.38;4.9;350.0
4400;2025-07-03 08:00:00;1.49;24.9;20.0;49.2;5.0;37.0;21.9;711.1;0.0;82.0;3.0;0.0;23.64;2.2;10.0
4401;2025-07-03 09:00:00;1.53;19.8;19.4;46.3;5.0;42.0;;711.4;0.0;81.0;2.8;0.0;24.1;3.7;38.0
4402;2025-07-03 10:00:00;2.13;20.2;21.5;44.6;9.0;48.0;;711.4;0.0;77.0;57.1;0.0;25.17;5.4;46.0
4403;2025-07-03 11:00:00;1.71;17.8;25.4;42.9;11.0;66.0;;711.5;0.0;74.0;7.8;0.0;25.48;7.1;44.0
4404;2025-07-03 12:00:00;1.58;19.5;24.3;40.5;18.0;64.0;;711.6;0.0;71.0;2.9;0.0;26.36;8.2;47.0
4405;2025-07-03 13:00:00;1.54;12.6;26.1;37.8;22.0;4.0;;711.6;0.0;67.0;2.7;0.0;27.25;8.7;51.0
4406;2025-07-03 14:00:00;1.64;6.7;28.2;35.0;43.0;;;711.3;0.0;60.0;2.4;0.0;29.09;9.0;61.0
4407;2025-07-03 15:00:00;1.43;3.0;14.2;17.2;63.0;;;710.9;0.0;57.0;2.4;0.0;29.09;9.0;76.0
4408;2025-07-03 16:00:00;1.38;3.9;16.5;20.5;69.0;48.0;;710.6;0.0;52.0;2.4;0.0;30.43;8.2;50.0
4409;2025-07-03 17:00:00;1.46;3.0;16.1;19.2;86.0;54.0;;710.2;0.0;50.0;2.4;0.0;31.17;8.0;61.0
4410;2025-07-03 18:00:00;1.53;2.6;16.7;19.4;86.0;56.0;;709.9;0.0;54.0;2.4;0.0;30.91;9.2;67.0
4411;2025-07-03 19:00:00;1.55;2.3;17.0;19.3;62.0;55.0;;710.2;0.0;59.0;2.4;0.0;29.73;10.3;71.0
4412;2025-07-03 20:00:00;1.45;1.9;12.7;14.7;50.0;43.0;;710.7;0.0;60.0;2.3;0.0;29.18;9.9;96.0
4413;2025-07-03 21:00:00;1.36;2.0;10.1;12.2;29.0;34.0;;710.9;0.0;60.0;2.4;0.0;28.54;8.5;110.0
4414;2025-07-03 22:00:00;1.34;3.4;11.6;15.1;22.0;26.0;;711.1;0.0;61.0;2.4;0.0;28.27;9.0;79.0
4415;2025-07-03 23:00:00;1.53;9.6;25.9;35.6;5.0;29.0;;711.7;0.0;67.0;2.5;0.0;27.28;9.2;26.0
4416;2025-07-04 00:00:00;1.48;16.9;24.6;41.5;4.0;43.0;;711.7;0.0;70.0;2.5;0.0;26.32;5.1;338.0
4417;2025-07-04 01:00:00;1.44;4.8;18.4;23.3;5.0;48.0;;711.2;0.0;70.0;2.4;0.0;25.78;2.2;8.0
4418;2025-07-04 02:00:00;1.35;3.6;14.9;18.5;6.0;30.0;;710.8;0.0;72.0;2.4;0.0;25.1;4.8;23.0
4419;2025-07-04 03:00:00;1.35;3.8;16.3;20.1;5.0;29.0;;710.7;0.0;77.0;2.3;0.0;24.43;3.7;43.0
4420;2025-07-04 04:00:00;1.37;6.4;17.4;24.0;5.0;43.0;;710.7;0.0;80.0;2.4;0.0;24.07;1.9;34.0
4421;2025-07-04 05:00:00;1.42;8.1;16.6;24.9;4.0;49.0;;710.9;0.0;81.0;2.4;0.0;24.19;2.6;314.0
4422;2025-07-04 06:00:00;1.43;9.8;16.3;26.2;5.0;46.0;;711.2;0.0;81.0;2.5;0.0;24.19;2.5;334.0
4423;2025-07-04 07:00:00;1.46;26.1;16.7;42.8;5.0;52.0;;711.6;0.0;81.0;2.5;0.036;24.46;2.3;32.0
4424;2025-07-04 08:00:00;1.61;32.0;19.5;51.5;6.0;49.0;;711.6;0.0;78.0;2.5;0.156;25.59;3.7;28.0
4425;2025-07-04 09:00:00;1.62;19.9;22.6;42.5;15.0;64.0;29.78;711.7;0.0;68.0;2.5;0.366;27.32;4.7;25.0
4426;2025-07-04 10:00:00;1.68;17.7;31.8;49.6;25.0;56.0;28.82;711.5;0.0;55.0;2.5;0.545;29.63;6.1;69.0
4427;2025-07-04 11:00:00;1.71;11.6;34.3;45.9;44.0;67.0;29.51;711.3;0.0;50.0;2.5;0.691;31.05;8.4;81.0
4428;2025-07-04 12:00:00;1.61;5.7;25.3;31.1;71.0;63.0;29.71;711.1;0.0;49.0;2.3;0.796;31.92;10.9;60.0
4429;2025-07-04 13:00:00;1.5;3.2;15.3;18.6;88.0;60.0;27.19;710.9;0.0;48.0;2.4;0.817;32.85;12.2;56.0
4430;2025-07-04 14:00:00;1.43;2.7;12.5;15.3;89.0;53.0;22.09;710.7;0.0;43.0;2.4;0.746;33.92;11.5;37.0
4431;2025-07-04 15:00:00;1.43;2.6;12.7;15.3;77.0;41.0;19.49;710.5;0.0;41.0;2.4;0.295;33.83;10.0;107.0
4432;2025-07-04 16:00:00;;;;;93.0;53.0;;;;;;0.0;;;
4433;2025-07-04 17:00:00;;;;;58.0;47.0;;;;;;0.0;;;
4434;2025-07-04 18:00:00;;;;;42.0;45.0;;;;;;0.0;;;
4435;2025-07-04 19:00:00;;;;;27.0;27.0;;;;;;0.0;;;
4436;2025-07-04 20:00:00;;;;;13.0;46.0;;;;;;0.0;;;
4437;2025-07-04 21:00:00;;;;;11.0;56.0;;;;;;0.0;;;
4438;2025-07-04 22:00:00;;;;;;57.0;;;;;;0.0;;;
4439;2025-07-04 23:00:00;;;;;;58.0;;;;;;0.0;;;
4440;2025-07-05 00:00:00;;;;;;79.0;;;;;;0.0;;;
4441;2025-07-05 01:00:00;;;;;;69.0;;;;;;0.0;;;
4442;2025-07-05 02:00:00;;;;;;64.0;;;;;;0.0;;;
4443;2025-07-05 03:00:00;;;;;;50.0;;;;;;0.0;;;
4444;2025-07-05 04:00:00;;;;;;61.0;;;;;;0.0;;;
4445;2025-07-05 05:00:00;;;;;;57.0;;;;;;0.0;;;
4446;2025-07-05 06:00:00;;;;;;59.0;;;;;;0.0;;;
4447;2025-07-05 07:00:00;;;;;;55.0;;;;;;0.0;;;
4448;2025-07-05 08:00:00;;;;;;56.0;;;;;;0.0;;;
4449;2025-07-05 09:00:00;;;;;;65.0;;;;;;0.0;;;
4450;2025-07-05 10:00:00;;;;;;70.0;;;;;;0.0;;;
4451;2025-07-05 11:00:00;;;;;;86.0;;;;;;0.0;;;
4452;2025-07-05 12:00:00;;;;;21.0;90.0;33.0;;;;;0.0;;;
4453;2025-07-05 13:00:00;2.15;24.6;31.4;52.2;;;;710.9;0.0;63.0;3.5;0.282;28.71;8.2;66.0
4454;2025-07-05 14:00:00;1.26;10.7;55.8;66.5;62.0;103.0;;710.4;0.0;59.0;2.7;0.649;29.57;9.5;77.0
4455;2025-07-05 15:00:00;0.22;11.2;22.1;33.3;85.0;75.0;;709.9;0.0;49.0;3.1;0.591;31.86;11.2;91.0
4456;2025-07-05 16:00:00;;15.9;13.3;29.4;80.0;49.0;;709.6;0.0;50.0;2.5;0.374;31.64;13.0;96.0
4457;2025-07-05 17:00:00;;21.5;13.6;35.3;72.0;39.0;;709.6;0.0;48.0;2.5;0.322;32.07;10.8;87.0
4458;2025-07-05 18:00:00;;27.8;19.3;47.2;46.0;38.0;;709.8;0.0;55.0;2.2;0.144;30.82;11.2;45.0
4459;2025-07-05 19:00:00;;32.7;18.2;51.0;31.0;43.0;;709.8;0.0;60.0;3.0;0.066;29.86;12.0;59.0
4460;2025-07-05 20:00:00;;35.8;18.7;54.5;25.0;47.0;;710.0;0.0;62.0;4.1;0.006;29.11;8.6;81.0
4461;2025-07-05 21:00:00;;39.1;17.7;57.0;21.0;43.0;;710.5;0.0;62.0;3.4;0.0;28.54;9.9;62.0
4462;2025-07-05 22:00:00;;42.2;17.8;60.2;18.0;47.0;;710.9;0.0;63.0;1.7;0.0;27.8;8.1;44.0
4463;2025-07-05 23:00:00;;45.0;17.1;62.3;12.0;48.0;;711.0;0.0;69.0;1.5;0.0;26.58;8.0;55.0
4464;2025-07-06 00:00:00;;49.6;20.9;70.8;6.0;45.0;;710.8;0.0;74.0;4.4;0.0;25.67;6.0;17.0
4465;2025-07-06 01:00:00;;52.4;21.4;74.1;5.0;54.0;;710.5;0.0;75.0;4.8;0.0;25.29;5.3;24.0
4466;2025-07-06 02:00:00;;51.0;16.1;67.3;7.0;53.0;;710.2;0.0;77.0;3.5;0.0;24.88;6.3;43.0
4467;2025-07-06 03:00:00;;51.1;14.5;65.9;8.0;44.0;;710.2;0.0;78.0;2.3;0.0;24.5;3.6;41.0
4468;2025-07-06 04:00:00;;52.8;17.3;70.4;6.0;43.0;;710.2;0.0;79.0;2.4;0.0;24.3;2.2;36.0
4469;2025-07-06 05:00:00;;53.0;15.4;68.7;6.0;52.0;;710.3;0.0;80.0;2.4;0.0;24.11;5.5;75.0
4470;2025-07-06 06:00:00;;54.1;16.1;70.5;6.0;47.0;;710.5;0.0;81.0;3.0;0.0;24.1;3.1;78.0
4471;2025-07-06 07:00:00;;57.8;16.7;74.8;;49.0;;710.7;0.0;80.0;2.8;0.01;24.21;2.6;59.0
4472;2025-07-06 08:00:00;;63.2;16.8;80.2;7.0;53.0;;711.1;0.0;80.0;3.0;0.044;24.35;4.1;56.0
4473;2025-07-06 09:00:00;;64.8;18.6;83.6;7.0;57.0;;711.6;0.0;80.0;3.5;0.041;24.37;6.1;60.0
4474;2025-07-06 10:00:00;;62.1;17.2;79.5;10.0;63.0;;712.0;0.0;80.0;2.5;0.058;24.32;3.9;92.0
4475;2025-07-06 11:00:00;;67.5;16.9;84.6;18.0;60.0;;712.0;0.0;74.0;2.9;0.413;25.99;6.1;65.0
4476;2025-07-06 12:00:00;;71.0;17.4;88.6;33.0;58.0;;711.9;0.0;66.0;2.6;0.302;27.21;7.9;57.0
4477;2025-07-06 13:00:00;;79.1;9.9;89.3;48.0;53.0;;711.6;0.0;63.0;1.7;0.677;28.09;11.5;55.0
4478;2025-07-06 14:00:00;;91.7;10.5;102.5;60.0;50.0;;711.2;0.0;56.0;2.9;0.603;29.21;9.7;49.0
4479;2025-07-06 15:00:00;;107.7;9.1;117.1;69.0;54.0;;710.5;0.0;49.0;4.4;0.749;30.99;9.9;75.0
4480;2025-07-06 16:00:00;;130.8;7.8;138.9;64.0;50.0;;709.7;0.0;47.0;0.5;0.648;31.72;9.7;116.0
4481;2025-07-06 17:00:00;;157.1;7.5;164.9;60.0;45.0;;709.7;0.0;45.0;0.7;0.497;32.02;11.8;119.0
4482;2025-07-06 18:00:00;;173.4;8.3;181.9;41.0;43.0;;709.6;0.0;47.0;;0.211;31.45;13.1;81.0
4483;2025-07-06 19:00:00;;175.6;7.1;183.0;37.0;37.0;;710.0;0.0;50.0;;0.059;30.2;12.7;124.0
4484;2025-07-06 20:00:00;;169.0;8.6;177.8;35.0;30.0;;710.4;0.0;55.0;;0.007;29.04;10.5;126.0
4485;2025-07-06 21:00:00;;155.4;9.9;165.7;31.0;31.0;;710.8;0.0;58.0;;0.001;28.48;8.4;108.0
4486;2025-07-06 22:00:00;;143.7;15.3;159.4;24.0;31.0;;711.2;0.0;59.0;;0.001;28.26;7.0;72.0
4487;2025-07-06 23:00:00;;135.7;10.5;146.5;28.0;34.0;;711.3;0.0;60.0;;0.0;27.89;7.9;89.0
4488;2025-07-07 00:00:00;;127.6;17.2;145.1;19.0;31.0;;711.3;0.0;64.0;;0.0;26.79;8.8;43.0
4489;2025-07-07 01:00:00;;118.9;10.9;130.1;26.0;41.0;;711.0;0.0;62.0;;0.0;26.31;6.1;56.0
4490;2025-07-07 02:00:00;;110.9;7.1;118.2;30.0;27.0;;710.7;0.0;63.0;;0.0;25.66;8.7;60.0
4491;2025-07-07 03:00:00;;103.9;11.4;115.5;22.0;26.0;;710.6;0.0;66.0;0.5;0.0;25.05;7.1;30.0
4492;2025-07-07 04:00:00;;97.4;8.7;106.3;19.0;30.0;;710.9;0.0;74.0;0.8;0.0;23.7;7.7;39.0
4493;2025-07-07 05:00:00;;90.1;11.4;101.7;16.0;26.0;;711.3;0.0;79.0;1.3;0.0;23.32;7.8;23.0
4494;2025-07-07 06:00:00;;87.1;14.2;99.0;13.0;29.0;;711.6;0.0;79.0;2.1;0.0;23.44;3.8;30.0
4495;2025-07-07 07:00:00;;86.2;19.5;104.9;8.0;35.0;;711.9;0.0;78.0;2.1;0.016;23.63;4.7;33.0
4496;2025-07-07 08:00:00;;91.5;19.9;111.7;9.0;40.0;;712.2;0.0;77.0;2.6;0.076;23.97;6.2;49.0
4497;2025-07-07 09:00:00;;89.2;19.2;108.6;10.0;52.0;;712.5;0.0;78.0;2.1;0.12;24.0;7.8;49.0
4498;2025-07-07 10:00:00;;87.7;18.0;106.0;18.0;42.0;;712.6;0.0;73.0;2.8;0.288;24.96;8.8;48.0
4499;2025-07-07 11:00:00;;88.7;17.1;106.1;32.0;45.0;;712.6;0.0;68.0;2.5;0.454;26.02;9.5;55.0
4500;2025-07-07 12:00:00;;96.6;15.2;111.9;49.0;46.0;;712.6;0.0;62.0;2.3;0.57;27.33;9.7;46.0
4501;2025-07-07 13:00:00;;109.9;12.4;122.6;54.0;42.0;;712.3;0.0;57.0;0.7;0.479;28.4;10.1;46.0
4502;2025-07-07 14:00:00;;124.0;9.2;133.5;50.0;39.0;;712.0;0.0;54.0;;0.558;29.34;11.0;47.0
4503;2025-07-07 15:00:00;;138.4;7.5;146.2;43.0;35.0;;711.4;0.0;50.0;;0.46;30.05;11.2;101.0
4504;2025-07-07 16:00:00;;154.0;6.5;161.0;38.0;31.0;;711.0;0.0;46.0;;0.676;31.23;14.1;129.0
4505;2025-07-07 17:00:00;;176.5;6.9;183.6;36.0;35.0;;710.9;0.0;46.0;;0.454;30.93;15.0;128.0
4506;2025-07-07 18:00:00;;195.9;9.5;205.6;36.0;38.0;;711.1;0.0;53.0;;0.234;29.29;15.9;130.0
4507;2025-07-07 19:00:00;;197.8;12.4;210.3;32.0;31.0;;711.5;0.0;56.0;;0.063;27.85;12.5;121.0
4508;2025-07-07 20:00:00;;184.8;10.9;195.9;31.0;26.0;;711.8;0.0;54.0;;0.01;27.86;9.6;128.0
4509;2025-07-07 21:00:00;;168.0;7.8;176.1;32.0;22.0;;711.9;0.0;55.0;;0.0;27.6;9.4;127.0
4510;2025-07-07 22:00:00;;153.6;9.8;163.8;29.0;25.0;;712.3;0.0;55.0;;0.0;27.5;7.8;123.0
4511;2025-07-07 23:00:00;;142.6;14.8;157.8;21.0;27.0;;712.9;0.0;60.0;0.7;0.0;26.82;9.2;74.0
4512;2025-07-08 00:00:00;;130.3;8.7;139.3;25.0;33.0;;713.0;0.0;62.0;;0.0;26.39;6.0;86.0
4513;2025-07-08 01:00:00;;122.6;6.9;129.9;23.0;28.0;;713.0;0.0;67.0;;0.0;25.81;6.9;78.0
4514;2025-07-08 02:00:00;;115.7;6.7;122.7;20.0;25.0;;712.7;0.0;73.0;;0.0;24.96;8.4;53.0
4515;2025-07-08 03:00:00;;108.5;5.6;114.3;21.0;27.0;;712.4;0.0;74.0;;0.0;24.23;8.5;43.0
4516;2025-07-08 04:00:00;;101.3;9.4;110.9;17.0;23.0;;712.5;0.0;76.0;1.0;0.0;23.52;6.8;27.0
4517;2025-07-08 05:00:00;;93.8;12.0;106.0;13.0;22.0;;712.9;0.0;78.0;1.6;0.0;23.26;6.5;35.0
4518;2025-07-08 06:00:00;;89.2;9.4;98.2;14.0;27.0;;713.2;0.0;79.0;0.8;0.0;23.17;6.4;68.0
4519;2025-07-08 07:00:00;;88.7;13.6;101.8;10.0;25.0;;713.7;0.0;79.0;1.0;0.049;23.16;7.4;62.0
4520;2025-07-08 08:00:00;;96.6;17.0;113.0;9.0;29.0;;714.3;0.0;78.0;2.3;0.087;23.57;5.7;43.0
4521;2025-07-08 09:00:00;;97.9;18.4;116.1;12.0;33.0;;714.6;0.0;75.0;4.8;0.182;24.18;8.0;39.0
4522;2025-07-08 10:00:00;;98.3;17.7;116.1;21.0;43.0;;714.6;0.0;67.0;3.4;0.479;26.01;8.5;46.0
4523;2025-07-08 11:00:00;;108.7;19.0;127.9;32.0;49.0;;714.5;0.0;63.0;3.3;0.59;26.72;9.1;30.0
4524;2025-07-08 12:00:00;;121.4;17.2;138.9;51.0;50.0;;714.3;0.0;57.0;1.7;0.706;28.14;9.2;29.0
4525;2025-07-08 13:00:00;;140.7;11.9;153.0;55.0;41.0;;713.9;0.0;54.0;;0.577;29.1;10.5;44.0
4526;2025-07-08 14:00:00;;154.3;8.7;163.5;45.0;37.0;;713.4;0.0;50.0;;0.506;30.02;12.5;88.0
4527;2025-07-08 15:00:00;;50.2;4.9;46.9;41.0;30.0;;712.8;0.0;44.0;0.7;0.732;31.29;12.7;123.0
4528;2025-07-08 16:00:00;;16.6;5.5;13.8;41.0;15.0;;712.3;0.0;42.0;2.7;0.61;32.08;13.2;107.0
4529;2025-07-08 17:00:00;;3.7;6.3;10.2;38.0;21.0;;712.0;0.0;40.0;2.9;0.355;32.2;13.7;121.0
4530;2025-07-08 18:00:00;;3.7;7.8;11.5;37.0;28.0;;712.0;0.0;40.0;3.0;0.229;31.61;13.8;134.0
4531;2025-07-08 19:00:00;;5.6;15.8;21.4;22.0;25.0;;712.3;0.0;48.0;3.1;0.093;30.28;15.0;68.0
4532;2025-07-08 20:00:00;;4.3;20.8;25.3;14.0;37.0;;712.7;0.0;54.0;3.1;0.0;28.52;13.7;66.0
4533;2025-07-08 21:00:00;;3.0;12.5;15.6;21.0;34.0;;713.2;0.0;52.0;3.1;0.0;28.27;13.0;69.0
4534;2025-07-08 22:00:00;;2.8;7.5;10.3;23.0;28.0;;713.7;0.0;55.0;3.2;0.0;27.75;12.7;116.0
4535;2025-07-08 23:00:00;;2.8;8.4;11.3;21.0;29.0;;713.8;0.0;57.0;3.1;0.0;26.88;10.8;68.0
4536;2025-07-09 00:00:00;;4.7;19.3;24.2;14.0;29.0;;713.5;0.0;65.0;3.3;0.0;25.05;11.2;33.0
4537;2025-07-09 01:00:00;;3.6;23.4;26.6;10.0;30.0;;713.5;0.0;71.0;3.1;0.0;24.17;8.4;10.0
4538;2025-07-09 02:00:00;;3.2;12.5;15.5;15.0;38.0;;713.2;0.0;73.0;3.2;0.0;23.72;8.1;55.0
4539;2025-07-09 03:00:00;;4.9;21.0;24.4;8.0;30.0;;712.9;0.0;76.0;3.3;0.0;23.33;7.0;36.0
4540;2025-07-09 04:00:00;;8.8;21.6;24.4;8.0;38.0;;712.8;0.0;76.0;3.3;0.0;23.3;4.6;8.0
4541;2025-07-09 05:00:00;;5.1;22.5;25.6;7.0;32.0;;712.8;0.0;76.0;3.3;0.0;23.42;5.7;26.0
4542;2025-07-09 06:00:00;;7.4;24.5;29.7;5.0;37.0;;713.3;0.0;77.0;3.4;0.0;23.35;6.1;21.0
4543;2025-07-09 07:00:00;;20.7;23.1;37.0;5.0;42.0;;713.9;0.0;78.0;3.3;0.0;23.13;6.6;56.0
4544;2025-07-09 08:00:00;;25.6;20.2;36.1;6.0;37.0;;714.5;0.0;78.0;3.4;0.0;23.04;8.5;66.0
4545;2025-07-09 09:00:00;;27.9;18.2;35.2;10.0;38.0;;714.8;0.0;76.0;3.3;0.0;23.71;8.8;54.0
4546;2025-07-09 10:00:00;;29.3;15.1;28.0;17.0;37.0;;715.0;0.0;70.0;3.3;0.0;24.79;9.9;52.0
4547;2025-07-09 11:00:00;;12.1;12.0;20.0;25.0;35.0;;714.9;0.0;65.0;3.4;0.0;25.85;8.9;50.0
4548;2025-07-09 12:00:00;;5.0;8.6;13.3;32.0;32.0;11.81;714.8;0.0;59.0;3.4;0.0;26.76;8.8;93.0
4549;2025-07-09 13:00:00;;8.7;5.1;8.9;40.0;29.0;10.18;714.1;0.0;50.0;3.5;0.0;28.84;9.2;100.0
4550;2025-07-09 14:00:00;;6.9;4.5;8.2;39.0;24.0;7.08;713.3;0.0;41.0;3.7;0.0;30.45;12.2;116.0
4551;2025-07-09 15:00:00;;3.7;4.2;7.7;42.0;24.0;7.16;712.7;0.0;37.0;3.6;0.0;31.54;11.9;115.0
4552;2025-07-09 16:00:00;;3.6;5.0;8.7;41.0;27.0;7.35;712.1;0.0;32.0;3.6;0.0;32.64;12.5;114.0
4553;2025-07-09 17:00:00;;3.4;4.7;8.3;43.0;30.0;7.23;711.5;0.0;31.0;3.6;0.0;32.88;12.1;128.0
4554;2025-07-09 18:00:00;;4.1;6.3;10.5;40.0;32.0;6.37;711.4;0.0;27.0;3.5;0.0;33.16;13.3;107.0
4555;2025-07-09 19:00:00;;4.2;10.7;15.0;36.0;26.0;6.87;711.5;0.0;28.0;3.5;0.0;32.16;13.8;94.0
4556;2025-07-09 20:00:00;;3.4;13.0;16.2;33.0;27.0;6.37;711.7;0.0;30.0;3.4;0.0;30.66;11.8;101.0
4557;2025-07-09 21:00:00;;3.0;6.4;9.2;37.0;21.0;6.57;712.0;0.0;42.0;3.4;0.0;28.49;15.2;122.0
4558;2025-07-09 22:00:00;;3.4;6.8;9.8;33.0;24.0;7.37;712.4;0.0;50.0;3.4;0.0;26.84;13.5;123.0
4559;2025-07-09 23:00:00;;3.7;5.3;7.9;33.0;24.0;8.52;712.9;0.0;55.0;3.3;0.0;25.66;12.5;105.0
4560;2025-07-10 00:00:00;;3.8;4.7;7.2;32.0;24.0;9.02;713.0;0.0;57.0;3.4;0.0;24.94;9.6;68.0
4561;2025-07-10 01:00:00;;4.5;13.5;16.6;20.0;25.0;11.38;712.9;0.0;63.0;3.2;0.0;23.77;10.2;45.0
4562;2025-07-10 02:00:00;;3.7;15.6;18.9;17.0;30.0;12.39;712.6;0.0;69.0;3.4;0.0;22.43;9.6;18.0
4563;2025-07-10 03:00:00;;2.6;11.5;14.1;19.0;30.0;12.8;712.3;0.0;73.0;3.4;0.0;21.64;8.8;358.0
4564;2025-07-10 04:00:00;;2.8;14.2;17.0;16.0;35.0;14.98;712.1;0.0;75.0;3.4;0.0;21.31;5.0;26.0
4565;2025-07-10 05:00:00;;3.0;17.3;20.4;13.0;36.0;14.89;712.3;0.0;77.0;3.5;0.0;21.21;6.0;48.0
4566;2025-07-10 06:00:00;;3.1;16.8;19.9;14.0;40.0;13.83;712.5;0.0;76.0;3.7;0.0;21.3;5.9;37.0
4567;2025-07-10 07:00:00;;5.2;20.3;25.3;12.0;38.0;12.88;712.8;0.0;74.0;3.7;0.0;21.64;4.9;58.0
4568;2025-07-10 08:00:00;;11.2;22.6;32.3;12.0;40.0;13.24;713.1;0.0;72.0;3.8;0.034;22.22;4.0;355.0
4569;2025-07-10 09:00:00;;18.7;24.9;42.2;11.0;45.0;14.8;713.4;0.0;72.0;3.7;0.0;22.67;6.3;37.0
4570;2025-07-10 10:00:00;;16.9;22.0;38.3;17.0;50.0;14.76;713.4;0.0;68.0;3.8;0.0;23.61;6.2;29.0
4571;2025-07-10 11:00:00;;11.4;17.3;28.9;29.0;50.0;16.85;713.2;0.0;60.0;3.8;0.0;25.19;6.0;46.0
4572;2025-07-10 12:00:00;;11.5;22.7;34.3;42.0;43.0;17.28;712.9;0.0;54.0;3.7;0.0;26.59;7.0;47.0
4573;2025-07-10 13:00:00;;8.6;26.6;35.3;68.0;49.0;17.94;712.5;0.0;48.0;4.0;0.0;28.3;8.9;48.0
4574;2025-07-10 14:00:00;;5.0;15.4;20.1;95.0;56.0;15.23;711.9;0.0;42.0;4.5;0.0;29.82;9.8;53.0
4575;2025-07-10 15:00:00;;14.8;13.8;23.6;98.0;45.0;13.92;711.3;0.0;36.0;4.9;0.0;30.87;11.6;47.0
4576;2025-07-10 16:00:00;;1.5;3.2;4.5;60.0;44.0;10.79;710.7;0.0;28.0;1.8;0.0;31.66;13.5;91.0
4577;2025-07-10 17:00:00;0.72;2.7;4.6;7.4;16.0;36.0;8.64;710.3;0.0;27.0;2.6;0.0;32.2;13.5;111.0
4578;2025-07-10 18:00:00;0.82;2.6;5.4;8.2;42.0;36.0;;710.0;0.0;33.0;2.4;0.0;31.21;16.2;121.0
4579;2025-07-10 19:00:00;0.8;2.5;6.6;9.1;36.0;33.0;;710.1;0.0;34.0;2.5;0.0;29.82;13.9;120.0
4580;2025-07-10 20:00:00;0.77;2.0;5.9;8.0;35.0;28.0;;710.3;0.0;36.0;2.4;0.0;28.51;14.4;124.0
4581;2025-07-10 21:00:00;0.77;1.7;4.5;6.3;29.0;25.0;;710.5;0.0;42.0;2.3;0.0;27.64;13.0;122.0
4582;2025-07-10 22:00:00;0.76;1.7;4.3;6.1;27.0;29.0;;710.9;0.0;43.0;2.2;0.0;27.12;11.6;114.0
4583;2025-07-10 23:00:00;0.78;;5.8;7.6;25.0;25.0;;711.1;0.0;43.0;2.1;0.0;26.79;8.5;48.0
4584;2025-07-11 00:00:00;0.79;1.6;6.0;7.7;23.0;25.0;13.83;711.3;0.0;45.0;2.2;0.0;26.21;7.9;48.0
4585;2025-07-11 01:00:00;0.8;1.8;7.6;9.5;17.0;27.0;12.88;711.2;0.0;49.0;2.2;0.0;25.31;7.1;44.0
4586;2025-07-11 02:00:00;0.79;1.8;8.0;9.9;15.0;29.0;13.24;711.1;0.0;52.0;2.1;0.0;24.61;7.1;6.0
4587;2025-07-11 03:00:00;0.79;2.1;11.2;13.4;10.0;30.0;14.8;710.9;0.0;55.0;2.1;0.0;23.97;6.5;15.0
4588;2025-07-11 04:00:00;0.8;2.0;9.3;11.4;11.0;35.0;14.76;711.0;0.0;58.0;2.1;0.0;23.47;6.8;38.0
4589;2025-07-11 05:00:00;0.82;2.3;9.7;12.1;9.0;36.0;16.85;711.0;0.0;61.0;2.1;0.0;23.02;5.5;48.0
4590;2025-07-11 06:00:00;0.83;2.6;10.4;13.2;8.0;39.0;17.28;711.2;0.0;61.0;2.1;0.0;23.09;3.9;64.0
4591;2025-07-11 07:00:00;0.88;5.2;12.1;17.5;7.0;35.0;17.94;711.4;0.0;61.0;2.1;0.0;23.27;3.4;66.0
4592;2025-07-11 08:00:00;0.97;8.9;12.5;21.5;9.0;34.0;15.23;711.7;0.0;58.0;2.2;0.034;24.1;4.1;62.0
4593;2025-07-11 09:00:00;1.09;13.0;14.8;28.0;10.0;36.0;13.92;711.9;0.0;56.0;2.2;0.126;24.78;6.2;49.0
4594;2025-07-11 10:00:00;1.1;14.5;15.4;30.1;18.0;43.0;10.79;712.0;0.0;51.0;2.3;0.448;26.12;7.5;38.0
4595;2025-07-11 11:00:00;1.11;8.5;16.5;25.1;36.0;58.0;8.64;712.0;0.0;47.0;2.5;0.593;27.33;8.3;55.0
4596;2025-07-11 12:00:00;1.09;4.9;15.8;20.8;60.0;56.0;18.57;711.7;0.0;41.0;2.4;0.696;28.56;9.2;61.0
4597;2025-07-11 13:00:00;1.05;3.4;11.7;15.3;70.0;51.0;18.42;711.2;0.0;38.0;2.3;0.763;29.91;11.4;48.0
4598;2025-07-11 14:00:00;0.97;3.2;8.7;12.1;58.0;53.0;14.76;710.7;0.0;32.0;2.3;0.655;31.63;13.1;45.0
4599;2025-07-11 15:00:00;0.89;2.9;7.1;10.2;55.0;44.0;12.5;710.2;0.0;27.0;2.4;0.0;32.75;12.4;104.0
4600;2025-07-11 16:00:00;0.85;2.3;4.7;7.1;59.0;32.0;9.64;709.8;0.0;26.0;2.4;0.0;33.33;14.0;109.0
4601;2025-07-11 17:00:00;0.85;2.3;4.8;7.2;56.0;35.0;10.05;709.3;0.0;24.0;2.4;0.0;33.76;14.9;109.0
4602;2025-07-11 18:00:00;0.86;;5.3;7.7;50.0;32.0;9.79;709.2;0.0;24.0;2.3;0.0;33.96;13.5;114.0
4603;2025-07-11 19:00:00;0.91;2.0;6.3;8.4;44.0;32.0;9.18;709.6;0.0;27.0;2.2;0.0;33.13;11.0;100.0
4604;2025-07-11 20:00:00;0.91;1.8;6.5;8.4;35.0;28.0;10.05;709.7;0.0;30.0;2.1;0.0;31.53;13.1;113.0
4605;2025-07-11 21:00:00;0.91;1.8;6.9;8.7;32.0;29.0;11.53;709.7;0.0;32.0;2.2;0.0;30.62;12.9;116.0
4606;2025-07-11 22:00:00;0.87;;4.7;6.6;27.0;32.0;10.56;709.8;0.0;38.0;2.1;0.0;29.31;14.8;125.0
4607;2025-07-11 23:00:00;0.88;1.5;3.5;5.1;24.0;35.0;11.73;710.1;0.0;42.0;2.1;0.0;28.29;11.0;117.0
4608;2025-07-12 00:00:00;0.94;2.2;11.7;14.0;17.0;32.0;11.16;710.5;0.0;42.0;2.1;0.0;27.93;8.4;36.0
4609;2025-07-12 01:00:00;0.95;1.8;9.8;11.7;18.0;36.0;11.93;710.6;0.0;44.0;2.1;0.0;26.76;7.1;28.0
4610;2025-07-12 02:00:00;0.91;1.9;11.6;13.6;14.0;33.0;13.61;710.7;0.0;48.0;2.1;0.0;25.57;7.0;25.0
4611;2025-07-12 03:00:00;0.95;1.8;13.7;15.6;10.0;32.0;14.93;710.6;0.0;52.0;2.1;0.0;24.92;5.1;25.0
4612;2025-07-12 04:00:00;0.93;2.4;14.2;16.7;8.0;49.0;16.12;710.6;0.0;55.0;2.2;0.0;24.41;6.2;57.0
4613;2025-07-12 05:00:00;0.89;1.8;7.3;9.2;13.0;44.0;13.53;710.8;0.0;57.0;2.1;0.0;23.96;6.5;74.0
4614;2025-07-12 06:00:00;0.91;1.8;8.8;10.7;12.0;36.0;14.15;711.1;0.0;57.0;2.1;0.0;24.09;5.9;69.0
4615;2025-07-12 07:00:00;0.94;2.6;11.1;13.8;10.0;40.0;14.51;711.4;0.0;57.0;2.1;0.0;24.16;6.0;94.0
4616;2025-07-12 08:00:00;1.0;6.9;13.1;20.1;10.0;42.0;15.72;711.6;0.0;55.0;2.2;0.0;24.81;5.7;60.0
4617;2025-07-12 09:00:00;1.07;8.5;12.8;21.4;14.0;43.0;18.59;711.7;0.0;52.0;2.1;0.0;25.74;7.0;62.0
4618;2025-07-12 10:00:00;1.13;11.4;16.0;27.6;19.0;47.0;21.68;711.7;0.0;48.0;2.2;0.0;26.92;6.9;50.0
4619;2025-07-12 11:00:00;1.13;6.8;15.7;22.6;42.0;50.0;22.6;711.8;0.0;43.0;2.2;0.0;28.42;8.2;49.0
4620;2025-07-12 12:00:00;1.1;2.8;10.3;13.3;72.0;55.0;20.15;711.5;0.0;39.0;2.2;0.0;29.91;10.7;67.0
4621;2025-07-12 13:00:00;1.04;2.7;7.5;10.3;59.0;57.0;17.93;711.3;0.0;37.0;2.1;0.0;31.1;12.7;44.0
4622;2025-07-12 14:00:00;1.01;2.6;6.6;9.3;55.0;45.0;14.83;710.8;0.0;33.0;2.2;0.0;32.07;14.2;56.0
4623;2025-07-12 15:00:00;0.99;2.4;6.2;8.7;57.0;39.0;12.89;710.2;0.0;30.0;2.3;0.0;33.01;12.9;51.0
4624;2025-07-12 16:00:00;0.92;1.8;4.0;6.0;56.0;35.0;11.66;709.6;0.0;26.0;2.3;0.0;33.96;11.4;112.0
4625;2025-07-12 17:00:00;0.88;1.7;3.6;5.4;52.0;28.0;11.15;709.4;0.0;26.0;2.3;0.0;33.57;13.0;121.0
4626;2025-07-12 18:00:00;0.86;1.7;3.2;5.0;47.0;26.0;10.6;709.2;0.0;26.0;2.3;0.0;33.54;13.0;94.0
4627;2025-07-12 19:00:00;0.91;;6.1;7.9;36.0;30.0;12.3;709.6;0.0;29.0;2.2;0.0;32.45;12.3;83.0
4628;2025-07-12 20:00:00;0.96;;8.2;9.9;30.0;31.0;12.35;710.1;0.0;31.0;2.1;0.0;31.44;11.5;90.0
4629;2025-07-12 21:00:00;0.94;1.5;4.9;6.5;30.0;30.0;13.77;710.9;0.0;37.0;2.2;0.0;30.33;12.1;123.0
4630;2025-07-12 22:00:00;0.95;1.3;4.8;6.3;25.0;34.0;15.87;711.4;0.0;43.0;2.1;0.0;28.98;13.5;123.0
4631;2025-07-12 23:00:00;0.94;1.2;3.7;5.0;26.0;40.0;15.59;711.7;0.0;44.0;2.0;0.0;28.19;12.4;109.0
4632;2025-07-13 00:00:00;0.96;1.3;6.7;8.1;22.0;30.0;14.29;712.2;0.0;43.0;2.1;0.0;27.57;13.0;44.0
4633;2025-07-13 01:00:00;0.93;1.4;6.7;8.2;21.0;35.0;13.83;712.6;0.0;46.0;2.1;0.0;26.45;10.1;37.0
4634;2025-07-13 02:00:00;0.93;1.3;7.7;9.1;18.0;34.0;14.26;712.1;0.0;49.0;2.1;0.0;25.95;7.2;47.0
4635;2025-07-13 03:00:00;0.93;1.3;5.9;7.3;17.0;32.0;13.73;711.5;0.0;51.0;2.1;0.0;25.46;7.7;77.0
4636;2025-07-13 04:00:00;0.91;1.2;2.8;4.1;20.0;33.0;12.18;711.1;0.0;54.0;2.1;0.0;24.91;7.7;54.0
4637;2025-07-13 05:00:00;0.93;1.3;3.3;4.7;20.0;29.0;12.19;711.0;0.0;55.0;2.1;0.0;24.51;8.2;39.0
4638;2025-07-13 06:00:00;0.92;1.2;4.2;5.5;19.0;32.0;12.14;711.2;0.0;57.0;2.0;0.0;24.09;6.3;50.0
4639;2025-07-13 07:00:00;0.95;2.4;12.3;14.8;11.0;33.0;13.5;711.6;0.0;57.0;2.0;0.0;24.09;6.2;47.0
4640;2025-07-13 08:00:00;0.99;4.9;14.3;19.2;11.0;41.0;14.55;712.0;0.0;57.0;2.0;0.0;24.28;5.5;48.0
4641;2025-07-13 09:00:00;1.04;4.4;13.3;17.7;13.0;45.0;15.93;712.3;0.0;56.0;1.9;0.0;24.53;7.2;71.0
4642;2025-07-13 10:00:00;1.03;3.4;10.8;14.4;17.0;43.0;16.86;712.5;0.0;56.0;2.1;0.0;24.75;6.4;65.0
4643;2025-07-13 11:00:00;1.06;6.2;11.8;18.1;19.0;35.0;19.52;712.6;0.0;53.0;2.0;0.0;25.92;7.0;74.0
4644;2025-07-13 12:00:00;1.12;7.0;14.7;21.9;25.0;45.0;21.92;712.7;0.0;49.0;2.1;0.0;27.24;6.9;80.0
4645;2025-07-13 13:00:00;1.11;3.1;9.5;12.8;49.0;50.0;21.93;712.5;0.0;45.0;1.9;0.0;28.35;9.7;69.0
4646;2025-07-13 14:00:00;1.1;1.9;7.4;9.4;71.0;47.0;19.28;712.0;0.0;41.0;2.0;0.0;29.36;8.3;45.0
4647;2025-07-13 15:00:00;1.08;1.7;7.2;8.9;76.0;43.0;17.21;711.4;0.0;37.0;2.1;0.0;30.46;7.6;46.0
4648;2025-07-13 16:00:00;1.04;1.4;4.9;6.4;64.0;41.0;15.24;711.0;0.0;37.0;2.2;0.0;30.01;6.4;123.0
4649;2025-07-13 17:00:00;0.98;1.4;3.4;4.9;42.0;34.0;13.96;710.6;0.0;39.0;2.1;0.0;29.65;8.0;147.0
4650;2025-07-13 18:00:00;1.01;;4.6;6.1;44.0;31.0;13.78;710.8;0.0;37.0;2.1;0.0;30.06;5.4;175.0
4651;2025-07-13 19:00:00;1.02;1.3;6.0;7.4;46.0;30.0;13.92;711.1;0.0;37.0;2.0;0.0;29.84;4.5;217.0
4652;2025-07-13 20:00:00;1.05;1.2;8.2;9.5;42.0;33.0;14.78;711.3;0.0;37.0;2.0;0.0;29.39;3.5;220.0
4653;2025-07-13 21:00:00;1.12;1.3;14.1;15.5;32.0;30.0;15.04;711.3;0.0;37.0;2.0;0.0;28.97;4.6;177.0
4654;2025-07-13 22:00:00;1.26;2.9;22.0;25.0;11.0;34.0;18.2;711.6;0.0;42.0;2.0;0.0;28.15;6.6;44.0
4655;2025-07-13 23:00:00;1.2;2.5;16.6;19.1;12.0;54.0;15.6;711.8;0.0;42.0;2.2;0.0;27.74;7.2;38.0
4656;2025-07-14 00:00:00;1.03;2.1;8.1;10.3;17.0;36.0;16.56;711.9;0.0;43.0;2.2;0.0;26.97;9.4;53.0
4657;2025-07-14 01:00:00;0.96;1.7;4.5;6.3;20.0;30.0;10.1;711.9;0.0;45.0;2.2;0.0;26.53;8.3;62.0
4658;2025-07-14 02:00:00;0.94;1.5;3.6;5.2;20.0;27.0;9.74;711.6;0.0;47.0;2.1;0.0;26.13;6.9;64.0
4659;2025-07-14 03:00:00;0.97;1.5;5.1;6.6;14.0;31.0;9.62;711.5;0.0;52.0;2.1;0.0;25.4;7.5;33.0
4660;2025-07-14 04:00:00;0.94;1.4;3.4;4.9;14.0;23.0;9.32;711.6;0.0;56.0;2.0;0.0;24.85;7.2;63.0
4661;2025-07-14 05:00:00;0.93;1.3;2.4;3.8;14.0;24.0;9.27;711.8;0.0;60.0;2.0;0.0;24.26;6.3;44.0
4662;2025-07-14 06:00:00;0.96;1.5;5.7;7.3;10.0;31.0;9.71;712.0;0.0;61.0;2.0;0.0;24.04;6.3;49.0
4663;2025-07-14 07:00:00;1.03;3.9;9.7;13.7;6.0;32.0;10.4;712.1;0.0;63.0;2.0;0.0;23.84;8.4;58.0
4664;2025-07-14 08:00:00;1.13;8.8;10.2;19.1;7.0;36.0;11.72;712.3;0.0;62.0;2.0;0.0;24.08;7.9;55.0
4665;2025-07-14 09:00:00;1.15;10.3;11.2;21.7;11.0;37.0;16.88;712.4;0.0;58.0;2.0;0.0;24.99;7.1;35.0
4666;2025-07-14 10:00:00;1.22;9.5;14.7;24.4;16.0;46.0;20.65;712.4;0.0;52.0;2.1;0.0;26.27;6.9;61.0
4667;2025-07-14 11:00:00;1.22;7.2;14.8;22.1;31.0;49.0;21.37;712.6;0.0;47.0;2.0;0.0;27.62;8.5;45.0
4668;2025-07-14 12:00:00;0.76;5.0;15.3;20.4;51.0;56.0;21.47;712.6;0.0;43.0;2.0;0.0;28.74;10.6;46.0
4669;2025-07-14 13:00:00;0.55;2.6;10.4;13.1;75.0;54.0;21.47;712.4;0.0;38.0;2.0;0.0;30.21;9.4;68.0
4670;2025-07-14 14:00:00;0.52;2.2;7.2;9.5;77.0;44.0;19.62;711.8;0.0;33.0;2.3;0.0;31.34;9.3;60.0
4671;2025-07-14 15:00:00;0.5;1.8;6.2;8.1;68.0;38.0;16.11;711.2;0.0;32.0;2.3;0.0;31.39;8.5;104.0
4672;2025-07-14 16:00:00;0.45;2.0;4.8;7.0;43.0;35.0;14.87;710.7;0.0;32.0;2.3;0.0;31.55;10.3;137.0
4673;2025-07-14 17:00:00;0.43;2.1;5.0;7.1;33.0;32.0;11.07;710.7;0.0;36.0;2.3;0.0;29.12;13.7;141.0
4674;2025-07-14 18:00:00;0.5;2.9;9.6;12.6;22.0;28.0;9.3;710.5;0.0;38.0;2.2;0.0;28.69;7.1;154.0
4675;2025-07-14 19:00:00;0.53;2.9;9.8;12.8;19.0;34.0;8.32;710.9;0.0;43.0;2.1;0.0;27.2;5.9;197.0
4676;2025-07-14 20:00:00;0.6;3.2;14.0;17.3;12.0;31.0;7.72;711.1;0.0;45.0;2.1;0.0;26.79;4.4;184.0
4677;2025-07-14 21:00:00;0.48;1.8;8.1;10.0;16.0;34.0;9.13;711.4;0.0;44.0;2.1;0.0;27.02;7.0;135.0
4678;2025-07-14 22:00:00;0.42;1.6;4.0;5.7;19.0;27.0;8.46;711.9;0.0;46.0;2.0;0.0;26.66;10.5;132.0
4679;2025-07-14 23:00:00;0.4;1.4;3.5;5.0;19.0;23.0;8.48;712.1;0.0;45.0;2.1;0.0;26.44;9.8;118.0
4680;2025-07-15 00:00:00;0.4;1.5;4.0;5.6;19.0;29.0;8.42;712.2;0.0;44.0;2.1;0.0;26.1;7.6;51.0
4681;2025-07-15 01:00:00;0.39;1.4;4.1;5.5;20.0;29.0;9.08;712.1;0.0;45.0;2.0;0.0;25.82;7.4;41.0
4682;2025-07-15 02:00:00;0.39;1.3;4.4;5.8;18.0;29.0;9.7;711.8;0.0;48.0;2.1;0.0;25.41;6.8;54.0
4683;2025-07-15 03:00:00;0.41;1.3;3.1;4.5;17.0;27.0;9.25;711.5;0.0;52.0;2.0;0.0;24.79;5.7;47.0
4684;2025-07-15 04:00:00;0.41;1.4;4.9;6.4;15.0;28.0;9.45;711.5;0.0;53.0;2.1;0.0;24.61;4.5;43.0
4685;2025-07-15 05:00:00;0.43;1.3;7.8;9.2;12.0;28.0;11.01;711.6;0.0;55.0;2.0;0.0;24.43;2.6;45.0
4686;2025-07-15 06:00:00;0.46;1.4;9.6;11.1;10.0;31.0;12.0;711.8;0.0;56.0;2.0;0.0;24.52;3.3;61.0
4687;2025-07-15 07:00:00;0.49;3.1;12.8;16.0;7.0;35.0;13.73;712.0;0.0;57.0;2.0;0.0;24.43;3.4;75.0
4688;2025-07-15 08:00:00;0.58;6.3;14.2;20.6;7.0;36.0;14.25;712.3;0.0;58.0;2.1;0.0;24.5;6.8;84.0
4689;2025-07-15 09:00:00;0.65;11.9;15.1;27.1;9.0;41.0;17.84;712.5;0.0;55.0;2.2;0.0;25.48;5.3;50.0
4690;2025-07-15 10:00:00;0.7;12.4;17.2;29.8;14.0;49.0;21.41;712.6;0.0;51.0;2.1;0.0;26.54;6.0;58.0
4691;2025-07-15 11:00:00;0.7;8.5;17.0;25.7;24.0;53.0;21.33;712.5;0.0;47.0;2.3;0.0;27.63;8.7;62.0
4692;2025-07-15 12:00:00;0.66;5.8;15.0;20.9;39.0;59.0;24.33;712.4;0.0;44.0;2.5;0.0;28.28;8.2;41.0
4693;2025-07-15 13:00:00;0.63;3.5;14.1;17.7;67.0;56.0;22.53;712.0;0.0;39.0;2.5;0.0;29.54;8.2;37.0
4694;2025-07-15 14:00:00;0.64;2.2;10.2;12.6;91.0;56.0;19.77;711.5;0.0;37.0;2.6;0.0;30.5;8.8;63.0
4695;2025-07-15 15:00:00;0.59;2.1;8.0;10.2;82.0;47.0;18.08;710.9;0.0;34.0;2.4;0.0;31.74;9.9;43.0
4696;2025-07-15 16:00:00;0.54;1.9;5.7;7.7;59.0;46.0;15.83;710.5;0.0;34.0;2.5;0.0;31.5;10.6;101.0
4697;2025-07-15 17:00:00;0.52;2.0;5.2;7.3;49.0;37.0;12.99;710.3;0.0;34.0;2.3;0.0;31.34;11.8;124.0
4698;2025-07-15 18:00:00;0.51;1.8;5.8;7.7;40.0;32.0;11.49;710.3;0.0;35.0;2.2;0.0;30.6;10.8;130.0
4699;2025-07-15 19:00:00;0.52;1.8;7.6;9.5;32.0;27.0;9.94;710.4;0.0;36.0;2.1;0.0;29.92;10.1;125.0
4700;2025-07-15 20:00:00;0.49;1.5;6.1;7.8;31.0;27.0;9.89;710.7;0.0;38.0;2.0;0.0;29.24;10.0;118.0
4701;2025-07-15 21:00:00;0.47;1.4;5.1;6.6;31.0;27.0;10.34;710.8;0.0;40.0;2.1;0.0;28.72;11.0;125.0
4702;2025-07-15 22:00:00;0.47;1.5;5.5;7.2;28.0;26.0;10.46;710.8;0.0;43.0;1.9;0.0;27.96;11.7;117.0
4703;2025-07-15 23:00:00;0.48;1.3;4.5;5.9;24.0;29.0;11.07;711.0;0.0;48.0;2.0;0.0;26.93;10.2;111.0
4704;2025-07-16 00:00:00;0.48;1.3;4.1;5.5;20.0;32.0;11.23;711.0;0.0;51.0;2.0;0.0;26.27;8.4;80.0
4705;2025-07-16 01:00:00;0.52;2.6;10.2;12.8;8.0;28.0;10.28;710.8;0.0;51.0;2.0;0.0;25.22;8.3;44.0
4706;2025-07-16 02:00:00;0.49;1.9;6.9;9.0;10.0;35.0;10.04;710.6;0.0;54.0;2.0;0.0;24.43;6.6;66.0
4707;2025-07-16 03:00:00;0.48;3.2;10.4;13.7;7.0;32.0;10.75;710.5;0.0;54.0;2.1;0.0;24.13;4.7;66.0
4708;2025-07-16 04:00:00;0.5;1.9;11.4;13.3;6.0;36.0;11.3;710.4;0.0;56.0;2.2;0.0;23.91;2.3;54.0
4709;2025-07-16 05:00:00;0.52;1.9;12.7;14.6;5.0;36.0;12.6;710.4;0.0;55.0;2.2;0.0;23.85;5.8;13.0
4710;2025-07-16 06:00:00;0.54;3.0;14.3;17.3;4.0;39.0;13.84;710.7;0.0;57.0;2.3;0.0;23.52;5.4;19.0
4711;2025-07-16 07:00:00;0.58;6.3;12.4;18.8;5.0;43.0;13.62;711.0;0.0;58.0;2.3;0.0;23.52;4.1;12.0
4712;2025-07-16 08:00:00;0.6;8.8;9.6;18.6;10.0;39.0;14.24;711.3;0.0;54.0;2.4;0.0;24.53;5.6;340.0
4713;2025-07-16 09:00:00;0.69;13.0;13.5;26.6;15.0;45.0;14.42;711.4;0.0;50.0;2.4;0.0;25.81;6.7;29.0
4714;2025-07-16 10:00:00;0.77;12.8;20.5;33.5;22.0;46.0;15.04;711.3;0.0;43.0;2.5;0.0;28.26;3.0;357.0
4715;2025-07-16 11:00:00;0.99;13.3;30.1;43.5;34.0;54.0;22.45;711.2;0.0;41.0;2.6;0.0;28.99;8.4;66.0
4716;2025-07-16 12:00:00;0.79;5.6;18.8;24.5;68.0;75.0;18.79;710.9;0.0;37.0;2.7;0.0;30.31;9.1;50.0
4717;2025-07-16 13:00:00;0.71;4.0;12.8;16.0;94.0;54.0;17.92;710.4;0.0;33.0;2.7;0.0;31.79;10.8;61.0
4718;2025-07-16 14:00:00;0.65;2.6;9.1;11.7;95.0;55.0;17.8;709.7;0.0;31.0;2.7;0.0;32.69;13.2;54.0
4719;2025-07-16 15:00:00;0.5;3.6;5.3;7.9;69.0;47.0;11.52;709.2;0.0;23.0;3.1;0.0;34.31;13.2;112.0
4720;2025-07-16 16:00:00;0.47;4.6;4.7;7.1;65.0;30.0;10.28;708.8;0.0;22.0;2.9;0.0;34.6;14.9;121.0
4721;2025-07-16 17:00:00;0.47;4.2;4.8;7.2;58.0;32.0;10.93;708.4;0.0;22.0;2.8;0.0;34.74;14.5;116.0
4722;2025-07-16 18:00:00;0.52;4.7;7.6;10.4;39.0;37.0;10.85;708.4;0.0;25.0;2.5;0.0;32.59;13.0;127.0
4723;2025-07-16 19:00:00;0.55;4.3;7.5;10.1;33.0;29.0;12.23;708.9;0.0;28.0;2.4;0.0;31.86;12.5;119.0
4724;2025-07-16 20:00:00;0.52;3.6;7.2;9.3;31.0;38.0;12.87;709.4;0.0;29.0;2.3;0.0;31.1;12.4;120.0
4725;2025-07-16 21:00:00;0.5;3.5;6.8;8.7;28.0;36.0;14.88;710.1;0.0;30.0;2.2;0.0;30.04;11.7;114.0
4726;2025-07-16 22:00:00;0.47;4.3;5.8;7.9;29.0;42.0;16.81;710.6;0.0;30.0;2.2;0.0;28.84;12.0;125.0
4727;2025-07-16 23:00:00;0.43;4.4;4.6;6.5;30.0;47.0;18.64;710.8;0.0;27.0;2.3;0.0;28.25;12.3;111.0
4728;2025-07-17 00:00:00;0.42;4.3;5.3;7.0;28.0;48.0;18.46;710.6;0.0;28.0;2.5;0.0;27.46;8.9;48.0
4729;2025-07-17 01:00:00;0.49;4.2;11.0;12.9;20.0;50.0;21.38;710.4;0.0;31.0;2.8;0.0;26.39;7.5;25.0
4730;2025-07-17 02:00:00;0.48;4.4;5.8;7.6;24.0;54.0;22.24;710.3;0.0;39.0;2.5;0.0;25.03;6.2;36.0
4731;2025-07-17 03:00:00;0.5;4.3;11.1;12.9;17.0;51.0;23.87;710.3;0.0;45.0;2.4;0.0;24.16;5.6;343.0
4732;2025-07-17 04:00:00;0.53;4.4;13.0;15.4;12.0;59.0;24.62;710.3;0.0;50.0;2.6;0.0;23.53;3.8;35.0
4733;2025-07-17 05:00:00;0.54;4.0;13.6;15.8;11.0;61.0;25.51;710.4;0.0;55.0;2.9;0.0;23.04;1.9;65.0
4734;2025-07-17 06:00:00;0.61;3.9;15.4;17.6;10.0;60.0;29.26;710.6;0.0;58.0;2.7;0.0;22.56;1.8;42.0
4735;2025-07-17 07:00:00;0.66;9.7;18.7;27.0;7.0;66.0;31.7;710.8;0.0;58.0;2.6;0.0;22.84;1.9;356.0
4736;2025-07-17 08:00:00;0.68;12.2;15.4;25.9;14.0;68.0;34.97;711.2;0.0;53.0;2.8;0.0;24.17;2.1;38.0
4737;2025-07-17 09:00:00;0.8;15.3;19.4;33.1;18.0;73.0;31.84;711.5;0.0;49.0;2.8;0.0;25.09;6.0;346.0
4738;2025-07-17 10:00:00;0.83;15.5;23.7;37.5;28.0;89.0;34.14;711.5;0.0;44.0;3.2;0.0;26.92;5.3;354.0
4739;2025-07-17 11:00:00;1.01;12.9;26.7;37.7;42.0;89.0;34.52;711.4;0.0;40.0;3.5;0.0;28.46;8.4;44.0
4740;2025-07-17 12:00:00;0.85;7.5;19.7;25.2;71.0;98.0;31.74;711.6;0.0;37.0;3.8;0.0;29.52;10.6;58.0
4741;2025-07-17 13:00:00;0.68;5.9;12.7;16.5;82.0;87.0;28.27;711.5;0.0;33.0;3.5;0.0;30.44;9.3;52.0
4742;2025-07-17 14:00:00;0.68;6.9;10.2;13.2;93.0;73.0;27.79;711.3;0.0;32.0;3.5;0.0;30.82;12.6;65.0
4743;2025-07-17 15:00:00;0.65;3.0;9.4;12.5;81.0;69.0;27.46;711.0;0.0;33.0;5.4;0.0;30.97;15.2;75.0
4744;2025-07-17 16:00:00;0.6;2.7;6.7;9.5;73.0;73.0;24.76;710.8;0.0;31.0;4.6;0.0;31.28;16.2;117.0
4745;2025-07-17 17:00:00;0.53;2.7;4.8;7.6;52.0;59.0;;710.4;0.0;27.0;3.6;0.0;32.18;13.5;113.0
4746;2025-07-17 18:00:00;0.55;3.9;5.1;8.0;36.0;43.0;;710.0;0.0;28.0;3.0;0.0;31.84;12.0;111.0
4747;2025-07-17 19:00:00;0.51;5.7;5.7;8.3;36.0;45.0;;710.2;0.0;27.0;2.8;0.0;31.03;14.8;97.0
4748;2025-07-17 20:00:00;0.52;5.7;7.1;9.4;31.0;40.0;;710.4;0.0;28.0;2.6;0.0;30.17;11.5;102.0
4749;2025-07-17 21:00:00;0.54;5.5;7.0;9.0;30.0;44.0;;710.8;0.0;32.0;2.4;0.0;29.15;11.9;119.0
4750;2025-07-17 22:00:00;0.53;3.6;5.9;7.7;29.0;41.0;;711.3;0.0;36.0;2.4;0.0;28.21;9.8;130.0
4751;2025-07-17 23:00:00;0.52;2.6;4.5;6.1;28.0;42.0;;711.5;0.0;37.0;2.4;0.0;27.75;8.1;120.0
4752;2025-07-18 00:00:00;0.56;1.9;10.3;12.1;20.0;43.0;;711.6;0.0;39.0;2.4;0.0;27.22;8.0;27.0
4753;2025-07-18 01:00:00;0.56;1.7;9.1;10.8;19.0;44.0;;711.7;0.0;46.0;2.3;0.0;25.69;9.4;30.0
4754;2025-07-18 02:00:00;0.57;1.7;11.3;13.1;17.0;48.0;;711.6;0.0;49.0;2.3;0.0;25.16;7.3;26.0
4755;2025-07-18 03:00:00;0.57;1.8;9.5;11.3;17.0;53.0;;711.5;0.0;52.0;2.7;0.0;24.67;7.1;49.0
4756;2025-07-18 04:00:00;0.56;2.1;10.9;13.0;13.0;51.0;;711.5;0.0;55.0;2.5;0.0;24.17;5.9;57.0
4757;2025-07-18 05:00:00;0.56;1.7;5.5;7.2;17.0;45.0;;711.5;0.0;57.0;2.4;0.0;23.8;5.0;78.0
4758;2025-07-18 06:00:00;0.56;2.0;8.9;10.9;11.0;45.0;;711.6;0.0;60.0;2.3;0.0;23.57;4.8;54.0
4759;2025-07-18 07:00:00;0.6;4.8;13.8;18.6;5.0;50.0;;711.9;0.0;61.0;2.3;0.0;23.45;4.7;53.0
4760;2025-07-18 08:00:00;0.67;7.4;13.7;21.2;6.0;48.0;;712.5;0.0;60.0;2.3;0.064;23.86;3.2;70.0
4761;2025-07-18 09:00:00;0.78;11.6;15.0;26.6;11.0;50.0;;712.8;0.0;55.0;2.3;0.254;25.28;4.7;21.0
4762;2025-07-18 10:00:00;0.81;8.4;13.2;21.6;23.0;64.0;21.0;713.0;0.0;48.0;2.4;0.0;26.63;5.6;18.0
4763;2025-07-18 11:00:00;0.85;7.8;16.1;23.9;33.0;74.0;24.0;713.2;0.0;44.0;2.6;0.0;27.66;6.9;26.0
4764;2025-07-18 12:00:00;0.74;5.4;15.0;20.3;56.0;62.0;24.0;713.2;0.0;39.0;2.8;0.0;28.93;8.4;58.0
4765;2025-07-18 13:00:00;0.65;3.1;8.2;11.3;59.0;58.0;18.0;713.0;0.0;36.0;2.8;0.0;29.82;10.9;58.0
4766;2025-07-18 14:00:00;0.58;2.5;5.6;8.2;49.0;47.0;17.0;712.6;0.0;33.0;2.6;0.0;30.53;10.4;110.0
4767;2025-07-18 15:00:00;0.53;2.4;4.9;7.3;42.0;35.0;15.0;712.2;0.0;29.0;2.6;0.0;31.09;11.3;122.0
4768;2025-07-18 16:00:00;0.55;2.3;4.8;7.1;44.0;40.0;15.0;711.9;0.0;29.0;2.5;0.0;31.53;8.5;131.0
4769;2025-07-18 17:00:00;0.53;2.2;4.3;6.6;46.0;43.0;14.0;711.6;0.0;26.0;2.5;0.0;32.72;7.9;115.0
4770;2025-07-18 18:00:00;0.48;2.5;5.2;7.7;43.0;24.0;12.0;711.3;0.0;21.0;2.7;0.0;33.17;12.7;117.0
4771;2025-07-18 19:00:00;0.46;2.4;6.6;9.0;44.0;21.0;10.0;711.4;0.0;19.0;2.7;0.0;32.69;12.5;127.0
4772;2025-07-18 20:00:00;0.46;1.9;7.9;9.8;36.0;16.0;9.0;711.7;0.0;20.0;2.6;0.0;31.42;10.2;125.0
4773;2025-07-18 21:00:00;0.49;1.8;6.9;8.7;32.0;19.0;11.0;711.9;0.0;24.0;2.4;0.0;30.25;12.4;124.0
4774;2025-07-18 22:00:00;0.5;1.7;6.2;7.9;27.0;20.0;12.0;712.3;0.0;29.0;2.3;0.0;29.07;9.6;121.0
4775;2025-07-18 23:00:00;0.49;1.7;5.1;6.8;26.0;20.0;12.0;712.5;0.0;31.0;2.3;0.0;28.16;8.9;123.0
4776;2025-07-19 00:00:00;0.49;1.6;3.7;5.3;25.0;21.0;;712.5;0.0;36.0;2.2;0.0;27.08;10.6;102.0
4777;2025-07-19 01:00:00;0.52;1.5;4.5;6.0;23.0;22.0;;712.4;0.0;39.0;2.2;0.0;26.36;6.0;55.0
4778;2025-07-19 02:00:00;0.5;1.5;3.8;5.2;22.0;28.0;;712.5;0.0;43.0;2.1;0.0;25.53;7.3;50.0
4779;2025-07-19 03:00:00;0.54;1.6;9.6;11.3;14.0;54.0;;712.5;0.0;50.0;2.2;0.0;24.62;4.2;18.0
4780;2025-07-19 04:00:00;0.55;1.5;7.8;9.4;15.0;54.0;;712.5;0.0;51.0;2.2;0.0;24.27;2.4;45.0
4781;2025-07-19 05:00:00;0.57;1.8;14.2;16.0;9.0;62.0;13.0;712.6;0.0;54.0;2.2;0.0;23.73;1.9;44.0
4782;2025-07-19 06:00:00;0.59;2.8;15.2;18.0;7.0;59.0;15.0;712.8;0.0;56.0;2.7;0.0;23.35;1.7;40.0
4783;2025-07-19 07:00:00;0.67;4.1;15.4;19.5;7.0;62.0;15.0;713.1;0.0;58.0;2.6;0.0;23.23;1.6;11.0
4784;2025-07-19 08:00:00;0.68;5.8;12.3;18.0;11.0;56.0;14.0;713.4;0.0;56.0;2.4;0.0;23.93;1.9;1.0
4785;2025-07-19 09:00:00;0.67;7.2;10.7;17.9;17.0;60.0;15.0;713.7;0.0;53.0;2.3;0.0;25.19;2.9;14.0
4786;2025-07-19 10:00:00;0.78;10.8;16.7;27.5;22.0;67.0;18.0;713.9;0.0;47.0;2.3;0.0;26.85;4.2;85.0
4787;2025-07-19 11:00:00;0.83;8.5;17.8;26.4;37.0;65.0;19.0;713.9;0.0;42.0;2.6;0.0;28.08;6.6;49.0
4788;2025-07-19 12:00:00;0.76;4.8;14.7;19.5;63.0;57.0;17.0;713.6;0.0;36.0;2.8;0.0;29.82;6.9;57.0
4789;2025-07-19 13:00:00;0.65;3.1;10.1;13.2;79.0;38.0;16.0;713.1;0.0;29.0;2.9;0.0;31.49;7.5;43.0
4790;2025-07-19 14:00:00;0.6;2.6;7.0;9.6;70.0;42.0;14.0;712.5;0.0;27.0;2.7;0.0;32.78;7.8;56.0
4791;2025-07-19 15:00:00;0.5;2.0;3.9;5.9;60.0;21.0;12.0;712.1;0.0;23.0;2.6;0.0;33.88;6.4;101.0
4792;2025-07-19 16:00:00;0.47;1.8;2.9;4.8;51.0;18.0;11.0;711.7;0.0;21.0;2.5;0.0;34.52;9.9;120.0
4793;2025-07-19 17:00:00;0.49;1.9;3.7;5.7;41.0;31.0;10.0;711.4;0.0;22.0;2.3;0.0;34.47;9.8;119.0
4794;2025-07-19 18:00:00;0.5;2.0;4.3;6.3;35.0;26.0;9.0;711.4;0.0;23.0;2.3;0.0;33.7;11.4;113.0
4795;2025-07-19 19:00:00;0.52;1.8;4.7;6.6;36.0;37.0;8.0;711.7;0.0;31.0;2.2;0.0;30.1;14.7;118.0
4796;2025-07-19 20:00:00;0.51;1.8;7.6;9.4;37.0;16.0;7.0;711.7;0.0;29.0;2.2;0.0;29.36;9.8;91.0
4797;2025-07-19 21:00:00;0.51;1.6;6.6;8.1;34.0;18.0;7.0;712.0;0.0;30.0;2.2;0.0;29.02;7.6;125.0
4798;2025-07-19 22:00:00;0.5;1.5;5.8;7.3;34.0;16.0;;712.5;0.0;30.0;2.1;0.0;28.96;9.9;119.0
4799;2025-07-19 23:00:00;0.5;1.4;4.1;5.6;31.0;38.0;9.0;713.0;0.0;33.0;2.1;0.0;28.57;9.9;116.0
4800;2025-07-20 00:00:00;0.56;1.5;7.7;9.2;26.0;33.0;9.0;712.9;0.0;35.0;2.1;0.0;27.89;7.4;78.0
4801;2025-07-20 01:00:00;0.54;1.6;6.1;7.7;27.0;23.0;;712.6;0.0;36.0;2.1;0.0;27.33;4.6;37.0
4802;2025-07-20 02:00:00;0.57;1.6;8.1;9.7;22.0;22.0;;712.2;0.0;39.0;2.1;0.0;26.49;4.2;80.0
4803;2025-07-20 03:00:00;0.56;1.7;7.3;9.0;19.0;33.0;10.0;712.0;0.0;44.0;2.0;0.0;25.7;5.3;33.0
4804;2025-07-20 04:00:00;0.56;1.6;7.0;8.6;17.0;42.0;11.0;711.8;0.0;48.0;2.1;0.0;24.97;2.5;41.0
4805;2025-07-20 05:00:00;0.58;1.6;9.7;11.3;13.0;51.0;13.0;711.8;0.0;52.0;2.1;0.0;24.56;1.5;29.0
4806;2025-07-20 06:00:00;0.58;2.7;12.6;15.3;10.0;46.0;12.0;712.2;0.0;53.0;2.2;0.0;24.15;1.7;51.0
4807;2025-07-20 07:00:00;0.63;4.0;15.7;19.7;8.0;46.0;13.0;712.5;0.0;54.0;2.3;0.0;23.98;1.5;352.0
4808;2025-07-20 08:00:00;0.59;4.2;8.2;12.4;17.0;26.0;12.0;712.9;0.0;51.0;2.6;0.0;24.93;3.8;337.0
4809;2025-07-20 09:00:00;0.66;5.6;9.5;15.1;24.0;37.0;13.0;713.0;0.0;48.0;2.8;0.0;26.07;3.9;16.0
4810;2025-07-20 10:00:00;0.75;5.1;11.0;16.1;37.0;45.0;14.0;712.9;0.0;43.0;2.8;0.0;27.91;4.4;34.0
4811;2025-07-20 11:00:00;0.81;5.8;16.4;22.2;49.0;55.0;15.0;712.8;0.0;37.0;3.1;0.0;29.63;4.0;44.0
4812;2025-07-20 12:00:00;0.82;5.6;18.0;23.5;61.0;53.0;16.0;712.5;0.0;33.0;4.2;0.0;31.1;7.8;79.0
4813;2025-07-20 13:00:00;0.61;2.4;7.6;10.1;85.0;29.0;13.0;712.1;0.0;28.0;3.9;0.0;32.2;9.7;61.0
4814;2025-07-20 14:00:00;0.56;2.2;6.9;9.1;86.0;24.0;12.0;711.6;0.0;24.0;3.7;0.0;33.59;10.1;60.0
4815;2025-07-20 15:00:00;0.56;2.0;6.0;8.0;89.0;20.0;12.0;711.1;0.0;23.0;3.1;0.0;34.4;10.3;63.0
4816;2025-07-20 16:00:00;0.49;1.8;3.2;5.0;66.0;16.0;10.0;710.7;0.0;20.0;3.1;0.0;35.14;11.8;106.0
4817;2025-07-20 17:00:00;0.46;1.7;3.2;5.0;44.0;16.0;9.0;710.5;0.0;25.0;2.7;0.0;34.82;8.1;105.0
4818;2025-07-20 18:00:00;0.42;1.6;5.0;6.7;46.0;25.0;8.0;710.6;0.0;29.0;2.5;0.0;32.64;8.3;236.0
4819;2025-07-20 19:00:00;0.48;1.8;6.9;8.7;41.0;20.0;7.0;710.6;0.0;33.0;2.3;0.0;31.38;7.7;165.0
4820;2025-07-20 20:00:00;0.45;1.6;3.8;5.4;33.0;25.0;9.0;710.7;0.0;34.0;2.3;0.0;31.58;12.7;124.0
4821;2025-07-20 21:00:00;0.47;1.6;3.8;5.3;32.0;24.0;10.0;711.1;0.0;37.0;2.4;0.0;30.2;11.1;124.0
4822;2025-07-20 22:00:00;0.48;1.5;3.7;5.2;29.0;23.0;10.0;711.5;0.0;41.0;2.3;0.0;29.13;10.6;115.0
4823;2025-07-20 23:00:00;0.49;1.5;3.8;5.4;26.0;24.0;;711.8;0.0;45.0;2.2;0.0;28.2;9.5;113.0
4824;2025-07-21 00:00:00;0.49;1.4;3.7;5.1;25.0;36.0;;711.8;0.0;47.0;2.1;0.0;27.85;7.2;81.0
4825;2025-07-21 01:00:00;0.49;1.4;3.6;5.1;25.0;30.0;;711.8;0.0;49.0;2.3;0.0;27.23;7.1;46.0
4826;2025-07-21 02:00:00;0.48;1.4;3.9;5.4;23.0;33.0;;711.6;0.0;51.0;2.2;0.0;26.63;6.6;52.0
4827;2025-07-21 03:00:00;0.47;1.4;3.5;4.9;23.0;35.0;;711.4;0.0;54.0;2.2;0.0;25.71;7.7;50.0
4828;2025-07-21 04:00:00;0.48;1.7;7.6;9.3;17.0;34.0;;711.4;0.0;60.0;2.1;0.0;24.61;5.2;31.0
4829;2025-07-21 05:00:00;0.51;1.5;9.2;10.8;15.0;34.0;;711.3;0.0;65.0;2.4;0.0;24.01;3.7;8.0
4830;2025-07-21 06:00:00;0.56;2.1;14.0;16.1;9.0;39.0;;711.6;0.0;67.0;2.5;0.0;23.67;3.7;37.0
4831;2025-07-21 07:00:00;0.6;6.0;15.8;21.7;7.0;42.0;;711.9;0.0;70.0;2.5;0.017;23.52;2.5;24.0
4832;2025-07-21 08:00:00;0.72;8.2;12.3;20.5;13.0;42.0;;712.3;0.0;68.0;2.7;0.137;24.32;3.7;359.0
4833;2025-07-21 09:00:00;0.71;8.5;11.8;20.4;19.0;41.0;;712.5;0.0;63.0;3.0;0.363;25.62;3.8;349.0
4834;2025-07-21 10:00:00;0.76;7.4;13.1;20.5;29.0;44.0;;712.5;0.0;57.0;2.9;0.588;26.94;5.9;7.0
4835;2025-07-21 11:00:00;0.85;9.3;18.8;28.2;37.0;49.0;;712.5;0.0;52.0;3.0;0.76;28.49;6.4;19.0
4836;2025-07-21 12:00:00;0.81;7.3;20.6;27.9;48.0;56.0;;712.2;0.0;46.0;3.5;0.794;30.01;6.5;60.0
4837;2025-07-21 13:00:00;0.73;3.9;16.1;20.1;84.0;58.0;16.0;711.9;0.0;41.0;4.5;0.0;31.33;8.2;60.0
4838;2025-07-21 14:00:00;0.71;2.3;11.1;13.4;101.0;49.0;15.0;711.4;0.0;41.0;3.6;0.0;32.08;10.5;43.0
4839;2025-07-21 15:00:00;0.63;2.2;7.2;9.4;71.0;54.0;11.0;711.0;0.0;41.0;2.5;0.0;31.7;12.0;120.0
4840;2025-07-21 16:00:00;0.57;2.1;6.3;8.4;57.0;53.0;10.0;710.6;0.0;40.0;2.6;0.0;31.66;11.5;106.0
4841;2025-07-21 17:00:00;0.57;2.1;6.0;8.1;48.0;52.0;11.0;710.2;0.0;41.0;2.3;0.0;31.44;11.2;120.0
4842;2025-07-21 18:00:00;0.55;2.4;6.3;8.8;37.0;31.0;10.0;709.9;0.0;37.0;2.3;0.0;31.6;12.4;121.0
4843;2025-07-21 19:00:00;0.55;2.3;6.6;8.9;30.0;26.0;10.0;709.8;0.0;37.0;2.3;0.0;31.37;11.6;124.0
4844;2025-07-21 20:00:00;0.55;1.8;8.0;9.8;28.0;25.0;11.0;710.0;0.0;39.0;2.2;0.0;30.67;11.7;120.0
4845;2025-07-21 21:00:00;0.53;1.6;6.7;8.3;27.0;28.0;10.0;710.3;0.0;40.0;2.3;0.0;30.33;10.2;117.0
4846;2025-07-21 22:00:00;0.51;1.6;4.8;6.4;25.0;32.0;10.0;710.6;0.0;43.0;2.2;0.0;29.83;12.1;116.0
4847;2025-07-21 23:00:00;0.5;1.5;3.8;5.3;23.0;37.0;;710.9;0.0;45.0;2.2;0.0;29.11;10.5;123.0
4848;2025-07-22 00:00:00;0.49;1.5;3.9;5.4;22.0;46.0;9.0;711.2;0.0;48.0;2.2;0.0;28.42;7.4;120.0
4849;2025-07-22 01:00:00;0.48;1.3;3.0;4.4;22.0;44.0;10.0;711.0;0.0;51.0;2.2;0.0;27.42;9.9;78.0
4850;2025-07-22 02:00:00;0.5;1.3;2.9;4.2;21.0;56.0;10.0;711.1;0.0;56.0;2.1;0.0;26.52;8.6;75.0
4851;2025-07-22 03:00:00;0.51;1.2;2.9;4.1;18.0;44.0;11.0;711.1;0.0;64.0;2.1;0.0;25.73;7.3;61.0
4852;2025-07-22 04:00:00;0.55;1.2;4.5;5.7;12.0;35.0;10.0;711.1;0.0;70.0;2.0;0.0;25.14;4.6;12.0
4853;2025-07-22 05:00:00;0.54;;3.7;5.0;13.0;27.0;11.0;711.3;0.0;73.0;2.0;0.0;24.7;6.0;37.0
4854;2025-07-22 06:00:00;0.55;;5.0;6.2;10.0;29.0;11.0;711.4;0.0;77.0;2.0;0.0;24.33;6.4;61.0
4855;2025-07-22 07:00:00;0.61;3.6;10.1;13.7;5.0;33.0;;711.7;0.0;78.0;2.0;0.0;24.21;4.8;67.0
4856;2025-07-22 08:00:00;0.72;9.5;10.5;20.0;5.0;27.0;12.0;711.8;0.0;78.0;2.0;0.0;24.49;5.0;73.0
4857;2025-07-22 09:00:00;0.8;12.9;11.6;24.5;8.0;39.0;15.0;712.0;0.0;72.0;2.1;0.0;25.74;4.9;62.0
4858;2025-07-22 10:00:00;0.82;14.0;16.4;30.4;15.0;50.0;22.0;712.1;0.0;63.0;2.1;0.0;27.73;3.9;63.0
4859;2025-07-22 11:00:00;0.96;10.0;22.6;32.7;30.0;57.0;20.0;712.0;0.0;56.0;2.1;0.0;29.49;5.0;49.0
4860;2025-07-22 12:00:00;0.98;5.5;23.3;28.8;62.0;55.0;18.0;711.7;0.0;48.0;2.2;0.0;31.23;5.2;54.0
4861;2025-07-22 13:00:00;0.88;2.3;15.7;17.9;103.0;62.0;19.0;711.3;0.0;42.0;2.8;0.0;32.58;9.1;49.0
4862;2025-07-22 14:00:00;0.72;1.8;10.1;11.9;97.0;57.0;16.0;710.8;0.0;38.0;2.5;0.0;33.7;11.3;49.0
4863;2025-07-22 15:00:00;0.65;1.6;9.4;11.0;72.0;45.0;15.0;710.3;0.0;35.0;2.9;0.0;33.42;10.5;46.0
4864;2025-07-22 16:00:00;0.65;1.7;14.8;16.5;54.0;70.0;18.0;710.2;0.0;50.0;2.5;0.0;29.15;10.7;230.0
4865;2025-07-22 17:00:00;0.73;3.1;14.1;17.2;37.0;32.0;18.0;710.2;0.0;75.0;2.1;0.0;23.55;12.5;233.0
4866;2025-07-22 18:00:00;0.81;3.3;17.9;21.2;30.0;52.0;15.0;710.0;0.0;67.0;2.0;0.0;25.04;12.9;209.0
4867;2025-07-22 19:00:00;0.79;3.3;17.8;21.1;31.0;61.0;16.0;710.2;0.0;58.0;2.1;0.0;26.23;11.0;207.0
4868;2025-07-22 20:00:00;0.71;2.2;18.0;20.2;30.0;62.0;16.0;710.1;0.0;58.0;2.2;0.0;26.48;10.2;212.0
4869;2025-07-22 21:00:00;0.71;2.2;16.2;18.4;25.0;61.0;;710.0;0.0;55.0;2.1;0.0;27.43;7.2;192.0
4870;2025-07-22 22:00:00;0.57;1.7;6.3;8.0;26.0;50.0;10.0;710.3;0.0;48.0;2.2;0.0;29.3;8.5;134.0
4871;2025-07-22 23:00:00;0.54;2.2;6.9;9.1;24.0;38.0;8.0;711.2;0.0;47.0;2.2;0.0;28.96;6.3;115.0
4872;2025-07-23 00:00:00;0.55;1.4;5.4;6.8;20.0;22.0;10.0;711.8;0.0;57.0;2.1;0.0;27.35;11.6;67.0
4873;2025-07-23 01:00:00;0.55;1.3;4.9;6.2;20.0;23.0;10.0;712.0;0.0;59.0;2.1;0.0;26.68;7.1;89.0
4874;2025-07-23 02:00:00;0.55;1.2;4.2;5.4;19.0;19.0;;711.8;0.0;63.0;2.0;0.0;26.16;5.2;80.0
4875;2025-07-23 03:00:00;0.55;1.3;3.5;4.8;16.0;18.0;12.0;711.8;0.0;72.0;2.1;0.0;25.48;6.1;44.0
4876;2025-07-23 04:00:00;0.55;1.2;2.7;3.8;16.0;18.0;13.0;711.9;0.0;76.0;1.9;0.0;24.9;6.7;63.0
4877;2025-07-23 05:00:00;0.55;1.2;3.8;4.9;15.0;19.0;13.0;711.8;0.0;78.0;1.9;0.0;24.41;7.8;57.0
4878;2025-07-23 06:00:00;0.56;;5.9;7.1;10.0;18.0;;712.0;0.0;79.0;1.8;0.0;23.9;5.0;56.0
4879;2025-07-23 07:00:00;0.61;5.9;12.0;17.8;4.0;24.0;14.0;712.4;0.0;79.0;1.8;0.0;23.82;3.8;34.0
4880;2025-07-23 08:00:00;0.71;19.1;15.3;34.4;4.0;31.0;17.0;712.9;0.0;77.0;2.0;0.0;24.51;1.3;46.0
4881;2025-07-23 09:00:00;0.84;14.9;15.5;30.4;7.0;37.0;22.0;713.3;0.0;74.0;1.9;0.0;25.24;1.5;21.0
4882;2025-07-23 10:00:00;0.89;11.7;15.8;27.5;16.0;35.0;21.0;713.5;0.0;67.0;1.8;0.0;26.67;5.3;22.0
4883;2025-07-23 11:00:00;0.82;6.6;15.3;21.9;31.0;37.0;23.0;713.4;0.0;59.0;1.9;0.0;28.58;3.8;65.0
4884;2025-07-23 12:00:00;0.86;5.8;21.6;27.4;48.0;52.0;24.0;713.1;0.0;52.0;1.9;0.0;30.35;5.4;72.0
4885;2025-07-23 13:00:00;0.8;2.9;17.1;20.0;79.0;44.0;24.0;712.7;0.0;46.0;1.9;0.0;31.66;7.6;78.0
4886;2025-07-23 14:00:00;0.71;1.8;10.9;12.7;95.0;42.0;20.0;712.2;0.0;41.0;2.1;0.0;32.86;6.3;53.0
4887;2025-07-23 15:00:00;0.67;1.6;8.5;10.2;86.0;38.0;16.0;711.7;0.0;39.0;2.1;0.0;32.96;9.3;60.0
4888;2025-07-23 16:00:00;0.65;1.6;6.7;8.3;80.0;29.0;15.0;711.3;0.0;35.0;2.3;0.0;34.49;9.4;68.0
4889;2025-07-23 17:00:00;0.61;1.5;7.3;8.8;60.0;33.0;17.0;711.0;0.0;35.0;2.7;0.0;33.74;9.2;96.0
4890;2025-07-23 18:00:00;0.54;1.6;6.3;7.9;53.0;24.0;14.0;710.8;0.0;31.0;3.6;0.0;34.36;9.0;117.0
4891;2025-07-23 19:00:00;0.58;1.5;9.0;10.5;51.0;20.0;13.0;710.8;0.0;32.0;3.4;0.0;33.93;8.3;121.0
4892;2025-07-23 20:00:00;0.52;1.4;8.8;10.2;33.0;16.0;8.0;711.1;0.0;30.0;2.9;0.0;33.53;10.1;110.0
4893;2025-07-23 21:00:00;0.52;1.4;9.5;10.9;26.0;13.0;7.0;711.3;0.0;32.0;2.5;0.0;32.49;9.3;102.0
4894;2025-07-23 22:00:00;0.55;;7.1;8.5;18.0;17.0;6.0;711.7;0.0;45.0;2.3;0.0;30.65;7.3;91.0
4895;2025-07-23 23:00:00;0.57;2.9;6.5;9.4;13.0;16.0;6.0;712.2;0.0;54.0;2.1;0.0;29.04;10.1;66.0
4896;2025-07-24 00:00:00;0.56;1.5;6.1;7.6;12.0;14.0;;712.6;0.0;58.0;2.1;0.0;27.97;8.6;61.0
4897;2025-07-24 01:00:00;0.56;1.3;5.1;6.4;10.0;12.0;;712.8;0.0;65.0;2.0;0.0;26.71;8.5;55.0
4898;2025-07-24 02:00:00;0.56;1.2;4.1;5.3;11.0;12.0;7.0;712.5;0.0;69.0;1.9;0.0;26.02;8.2;60.0
4899;2025-07-24 03:00:00;0.56;1.2;4.2;5.5;9.0;14.0;7.0;712.3;0.0;71.0;1.8;0.0;25.45;6.6;34.0
4900;2025-07-24 04:00:00;0.54;1.1;3.5;4.7;11.0;12.0;;712.3;0.0;74.0;1.9;0.0;24.73;5.8;35.0
4901;2025-07-24 05:00:00;0.53;1.5;5.4;6.9;9.0;14.0;9.0;712.4;0.0;77.0;1.9;0.0;24.3;4.5;56.0
4902;2025-07-24 06:00:00;0.61;10.4;13.2;23.6;3.0;25.0;12.0;712.6;0.0;78.0;2.0;0.0;23.91;2.1;25.0
4903;2025-07-24 07:00:00;0.72;11.1;13.7;24.7;3.0;29.0;13.0;712.8;0.0;78.0;2.0;0.0;23.97;1.3;10.0
4904;2025-07-24 08:00:00;0.77;12.3;11.8;24.0;5.0;25.0;13.0;713.0;0.0;75.0;2.0;0.0;24.82;2.7;5.0
4905;2025-07-24 09:00:00;0.71;10.0;11.6;21.6;11.0;25.0;15.0;713.1;0.0;69.0;2.1;0.0;25.91;5.3;25.0
4906;2025-07-24 10:00:00;0.93;20.4;21.4;41.8;12.0;39.0;21.0;713.3;0.0;64.0;2.0;0.0;27.23;5.1;37.0
4907;2025-07-24 11:00:00;0.97;18.9;28.7;47.6;21.0;49.0;23.0;713.2;0.0;56.0;2.1;0.0;28.94;5.4;28.0
4908;2025-07-24 12:00:00;0.9;9.1;30.2;39.3;51.0;45.0;21.0;712.9;0.0;48.0;2.2;0.0;30.65;6.8;50.0
4909;2025-07-24 13:00:00;0.79;3.5;21.3;24.8;92.0;36.0;20.0;712.5;0.0;39.0;2.9;0.0;32.58;6.4;58.0
4910;2025-07-24 14:00:00;0.74;1.9;12.9;14.8;108.0;28.0;16.0;711.9;0.0;33.0;3.4;0.0;34.11;8.1;65.0
4911;2025-07-24 15:00:00;0.59;1.7;9.0;10.7;99.0;25.0;13.0;711.4;0.0;28.0;3.7;0.0;35.09;10.0;50.0
4912;2025-07-24 16:00:00;0.49;1.9;8.2;10.1;80.0;21.0;10.0;710.9;0.0;22.0;5.3;0.0;36.11;11.2;62.0
4913;2025-07-24 17:00:00;0.44;2.3;7.4;9.7;59.0;17.0;6.0;710.6;0.0;18.0;4.4;0.0;36.72;11.6;72.0
4914;2025-07-24 18:00:00;0.46;2.2;7.8;10.0;54.0;18.0;7.0;710.3;0.0;21.0;4.9;0.0;36.39;13.1;73.0
4915;2025-07-24 19:00:00;0.48;2.4;10.7;13.2;44.0;15.0;7.0;710.2;0.0;20.0;6.1;0.0;35.88;12.2;86.0
4916;2025-07-24 20:00:00;0.47;1.7;10.0;11.7;36.0;12.0;6.0;710.4;0.0;23.0;3.6;0.0;34.39;12.4;87.0
4917;2025-07-24 21:00:00;0.5;1.4;12.2;13.6;29.0;14.0;6.0;711.0;0.0;26.0;2.9;0.0;33.31;8.6;105.0
4918;2025-07-24 22:00:00;0.44;1.4;6.8;8.1;31.0;10.0;5.0;711.4;0.0;28.0;2.7;0.0;32.59;9.6;130.0
4919;2025-07-24 23:00:00;0.49;;6.7;8.1;24.0;13.0;6.0;711.5;0.0;37.0;2.4;0.0;31.27;10.3;106.0
4920;2025-07-25 00:00:00;0.55;;5.5;6.8;16.0;22.0;7.0;711.8;0.0;54.0;2.2;0.0;29.04;12.7;62.0
4921;2025-07-25 01:00:00;0.55;1.3;4.8;6.0;13.0;17.0;6.0;711.8;0.0;64.0;2.0;0.0;27.5;8.1;64.0
4922;2025-07-25 02:00:00;0.55;1.2;4.4;5.7;12.0;13.0;6.0;711.6;0.0;68.0;2.0;0.0;26.57;9.3;45.0
4923;2025-07-25 03:00:00;0.54;2.8;7.6;10.3;8.0;14.0;7.0;711.1;0.0;71.0;2.0;0.0;25.87;7.8;30.0
4924;2025-07-25 04:00:00;0.55;5.0;11.4;16.4;4.0;20.0;8.0;710.7;0.0;73.0;2.0;0.0;25.33;5.6;21.0
4925;2025-07-25 05:00:00;0.56;4.2;11.3;15.5;4.0;21.0;8.0;710.9;0.0;75.0;2.0;0.0;24.82;4.2;41.0
4926;2025-07-25 06:00:00;0.6;10.4;13.8;24.2;2.0;27.0;9.0;710.9;0.0;77.0;2.1;0.0;24.46;1.3;50.0
4927;2025-07-25 07:00:00;0.74;15.2;14.0;29.1;3.0;29.0;10.0;711.1;0.0;78.0;2.0;0.0;24.45;1.5;352.0
4928;2025-07-25 08:00:00;0.7;10.2;11.9;22.1;7.0;23.0;10.0;711.2;0.0;69.0;2.1;0.0;25.93;1.3;235.0
4929;2025-07-25 09:00:00;0.72;10.1;13.6;23.6;14.0;23.0;;711.5;0.0;63.0;2.0;0.0;27.17;2.4;18.0
4930;2025-07-25 10:00:00;0.81;7.6;16.4;24.0;26.0;38.0;11.0;711.5;0.0;57.0;2.0;0.0;29.17;3.3;10.0
4931;2025-07-25 11:00:00;0.82;4.8;15.3;20.0;44.0;59.0;12.0;711.4;0.0;48.0;2.0;0.0;31.13;3.4;357.0
4932;2025-07-25 12:00:00;0.82;4.7;18.8;23.5;55.0;41.0;12.0;711.2;0.0;37.0;2.2;0.0;33.11;4.2;79.0
4933;2025-07-25 13:00:00;0.71;2.9;14.0;16.9;76.0;28.0;;711.0;0.0;30.0;3.2;0.0;34.03;7.8;79.0
4934;2025-07-25 14:00:00;0.56;2.0;11.1;13.1;97.0;24.0;11.0;710.6;0.0;26.0;3.5;0.0;35.02;7.9;37.0
4935;2025-07-25 15:00:00;0.54;1.8;9.5;11.3;99.0;21.0;10.0;710.1;0.0;25.0;3.2;0.0;35.85;7.5;60.0
4936;2025-07-25 16:00:00;0.46;1.6;6.3;7.9;85.0;19.0;9.0;709.5;0.0;21.0;3.6;0.0;36.38;8.8;53.0
4937;2025-07-25 17:00:00;0.45;2.1;7.1;9.2;66.0;18.0;9.0;709.1;0.0;20.0;4.5;0.0;36.62;11.5;61.0
4938;2025-07-25 18:00:00;0.45;2.0;7.6;9.6;56.0;17.0;8.0;708.8;0.0;20.0;4.6;0.0;36.54;11.1;86.0
4939;2025-07-25 19:00:00;0.46;1.9;8.5;10.4;46.0;14.0;7.0;708.8;0.0;20.0;4.4;0.0;35.97;10.7;98.0
4940;2025-07-25 20:00:00;0.46;1.5;8.5;10.0;38.0;15.0;7.0;708.9;0.0;25.0;3.8;0.0;34.17;13.0;87.0
4941;2025-07-25 21:00:00;0.54;1.5;7.4;8.8;25.0;37.0;12.0;709.5;0.0;43.0;2.6;0.0;31.46;17.3;78.0
4942;2025-07-25 22:00:00;0.58;;5.0;6.5;20.0;25.0;12.0;710.1;0.0;53.0;2.4;0.0;29.76;11.1;93.0
4943;2025-07-25 23:00:00;0.58;1.6;5.9;7.5;16.0;24.0;13.0;710.8;0.0;58.0;2.2;0.0;28.76;11.3;65.0
4944;2025-07-26 00:00:00;0.6;1.4;7.5;8.9;13.0;24.0;15.0;711.2;0.0;62.0;2.0;0.0;27.69;11.8;52.0
4945;2025-07-26 01:00:00;0.57;1.3;6.1;7.4;13.0;20.0;13.0;711.3;0.0;65.0;1.9;0.0;27.2;9.4;54.0
4946;2025-07-26 02:00:00;0.58;1.2;5.1;6.3;14.0;19.0;12.0;711.0;0.0;67.0;2.0;0.0;26.78;8.9;57.0
4947;2025-07-26 03:00:00;0.56;1.2;4.0;5.2;15.0;19.0;12.0;710.7;0.0;69.0;2.0;0.0;26.46;8.8;57.0
4948;2025-07-26 04:00:00;0.52;;2.2;3.3;17.0;18.0;;710.4;0.0;69.0;2.0;0.0;26.13;9.4;100.0
4949;2025-07-26 05:00:00;0.52;1.1;2.2;3.3;16.0;17.0;11.0;710.2;0.0;69.0;2.0;0.0;25.96;6.3;99.0
4950;2025-07-26 06:00:00;0.54;1.2;3.6;4.8;14.0;18.0;11.0;710.4;0.0;70.0;2.0;0.0;25.81;6.8;89.0
4951;2025-07-26 07:00:00;0.59;2.1;9.4;11.5;8.0;18.0;10.0;710.7;0.0;73.0;2.0;0.0;25.2;6.9;53.0
4952;2025-07-26 08:00:00;0.69;12.3;13.4;25.7;5.0;24.0;12.0;711.0;0.0;73.0;2.2;0.0;25.39;3.5;20.0
4953;2025-07-26 09:00:00;0.83;17.5;18.0;35.5;4.0;36.0;16.0;711.5;0.0;72.0;2.1;0.0;25.71;7.0;48.0
4954;2025-07-26 10:00:00;0.76;15.3;17.6;32.8;5.0;35.0;17.0;711.8;0.0;73.0;2.3;0.0;25.64;7.4;49.0
4955;2025-07-26 11:00:00;0.81;9.7;16.1;25.8;13.0;39.0;20.0;712.0;0.0;70.0;2.2;0.0;26.44;7.0;45.0
4956;2025-07-26 12:00:00;0.73;7.0;14.3;21.3;28.0;45.0;20.0;712.1;0.0;61.0;2.1;0.0;28.23;5.4;75.0
4957;2025-07-26 13:00:00;0.73;2.3;9.2;11.5;52.0;61.0;17.0;711.7;0.0;56.0;2.1;0.0;29.12;7.6;66.0
4958;2025-07-26 14:00:00;0.71;1.5;9.0;10.6;70.0;60.0;19.0;711.2;0.0;50.0;2.1;0.0;30.39;5.7;76.0
4959;2025-07-26 15:00:00;0.66;1.4;7.8;9.2;65.0;56.0;19.0;710.8;0.0;50.0;2.1;0.0;29.66;8.3;96.0
4960;2025-07-26 16:00:00;0.6;1.5;7.0;8.4;47.0;32.0;16.0;711.0;0.0;72.0;2.2;0.0;24.04;7.8;217.0
4961;2025-07-26 17:00:00;0.6;1.8;7.1;8.9;33.0;26.0;10.0;710.9;0.0;69.0;2.1;0.0;25.54;2.6;233.0
4962;2025-07-26 18:00:00;0.72;1.5;14.4;15.9;34.0;53.0;14.0;711.4;0.0;67.0;2.2;0.0;25.06;7.2;4.0
4963;2025-07-26 19:00:00;0.75;1.4;13.4;14.7;22.0;29.0;10.0;711.9;0.0;77.0;2.1;0.0;23.47;3.0;81.0
4964;2025-07-26 20:00:00;0.8;3.0;22.3;25.3;12.0;20.0;11.0;712.1;0.0;82.0;2.1;0.0;22.81;5.9;34.0
4965;2025-07-26 21:00:00;0.79;2.2;21.8;24.0;13.0;32.0;10.0;712.2;0.0;84.0;2.0;0.0;21.82;5.1;19.0
4966;2025-07-26 22:00:00;0.77;1.4;17.9;19.3;14.0;36.0;10.0;712.5;0.0;85.0;2.0;0.0;21.75;3.6;35.0
4967;2025-07-26 23:00:00;0.76;1.7;18.6;20.3;11.0;34.0;14.0;712.6;0.0;84.0;2.1;0.0;22.16;4.5;7.0
4968;2025-07-27 00:00:00;0.76;1.7;20.5;22.1;7.0;30.0;17.0;712.8;0.0;83.0;2.0;0.0;22.51;4.4;29.0
4969;2025-07-27 01:00:00;0.74;3.5;22.9;26.4;5.0;41.0;15.0;712.7;0.0;82.0;2.0;0.0;22.66;6.0;25.0
4970;2025-07-27 02:00:00;0.74;2.9;22.2;25.1;5.0;45.0;15.0;712.5;0.0;81.0;2.0;0.0;22.76;3.5;33.0
4971;2025-07-27 03:00:00;0.71;1.9;20.2;22.2;5.0;52.0;16.0;712.3;0.0;80.0;2.0;0.0;22.84;2.2;16.0
4972;2025-07-27 04:00:00;0.68;2.1;18.4;20.5;6.0;48.0;15.0;712.3;0.0;80.0;2.0;0.0;22.95;4.5;58.0
4973;2025-07-27 05:00:00;0.7;1.3;13.6;14.9;9.0;38.0;14.0;712.2;0.0;81.0;2.0;0.0;22.79;2.8;58.0
4974;2025-07-27 06:00:00;0.69;1.2;12.4;13.6;7.0;42.0;17.0;712.2;0.0;82.0;2.1;0.0;22.65;1.8;47.0
4975;2025-07-27 07:00:00;0.6;1.6;9.2;10.8;8.0;39.0;17.0;712.6;0.0;83.0;2.0;0.0;22.45;6.7;62.0
4976;2025-07-27 08:00:00;0.6;3.3;8.6;11.9;10.0;41.0;15.0;713.2;0.0;82.0;2.0;0.0;22.55;6.6;60.0
4977;2025-07-27 09:00:00;0.6;8.4;10.5;18.8;14.0;56.0;14.0;713.5;0.0;78.0;2.1;0.0;23.57;7.8;40.0
4978;2025-07-27 10:00:00;0.59;6.9;11.0;17.9;20.0;49.0;16.0;713.7;0.0;71.0;2.1;0.0;24.88;7.5;40.0
4979;2025-07-27 11:00:00;0.57;2.5;6.3;8.8;32.0;53.0;12.0;713.7;0.0;63.0;2.2;0.0;26.22;5.5;26.0
4980;2025-07-27 12:00:00;0.55;1.6;4.5;6.1;36.0;43.0;8.0;713.6;0.0;53.0;2.1;0.0;28.66;8.9;110.0
4981;2025-07-27 13:00:00;0.56;1.6;6.0;7.7;39.0;38.0;7.0;713.3;0.0;49.0;2.0;0.0;29.95;10.5;97.0
4982;2025-07-27 14:00:00;0.55;;7.1;8.7;39.0;28.0;6.0;712.8;0.0;42.0;2.0;0.0;31.24;10.1;114.0
4983;2025-07-27 15:00:00;0.54;;8.3;9.9;39.0;25.0;6.0;712.4;0.0;38.0;2.0;0.0;32.19;13.9;119.0
4984;2025-07-27 16:00:00;0.52;1.7;4.6;6.2;38.0;21.0;5.0;712.2;0.0;34.0;2.1;0.0;32.77;15.6;118.0
4985;2025-07-27 17:00:00;0.51;1.5;3.1;4.6;38.0;19.0;4.0;712.3;0.0;34.0;2.2;0.0;31.85;16.5;124.0
4986;2025-07-27 18:00:00;0.51;1.5;3.5;5.0;34.0;16.0;5.0;712.3;0.0;37.0;2.2;0.0;30.96;15.5;116.0
4987;2025-07-27 19:00:00;0.49;1.4;3.6;5.1;34.0;19.0;5.0;712.4;0.0;40.0;2.3;0.0;30.18;16.5;118.0
4988;2025-07-27 20:00:00;0.5;1.3;4.2;5.6;30.0;15.0;6.0;713.0;0.0;42.0;2.2;0.0;29.33;13.6;121.0
4989;2025-07-27 21:00:00;0.48;1.3;4.7;5.9;27.0;16.0;6.0;713.3;0.0;44.0;2.2;0.0;28.39;11.9;120.0
4990;2025-07-27 22:00:00;0.48;1.2;4.4;5.6;26.0;15.0;;713.9;0.0;48.0;2.2;0.0;27.36;12.4;111.0
4991;2025-07-27 23:00:00;0.47;1.2;4.0;5.3;24.0;21.0;7.0;714.3;0.0;50.0;2.2;0.0;26.51;12.7;100.0
4992;2025-07-28 00:00:00;0.47;;3.3;4.5;24.0;32.0;7.0;714.6;0.0;55.0;2.1;0.0;25.87;10.1;104.0
4993;2025-07-28 01:00:00;0.47;;2.4;3.6;23.0;39.0;;714.6;0.0;59.0;2.1;0.0;25.25;11.2;120.0
4994;2025-07-28 02:00:00;0.47;1.1;2.0;3.2;23.0;51.0;6.0;714.3;0.0;63.0;2.1;0.0;24.68;11.9;103.0
4995;2025-07-28 03:00:00;0.49;1.1;3.3;4.4;21.0;39.0;7.0;714.4;0.0;66.0;2.1;0.0;24.42;7.2;31.0
4996;2025-07-28 04:00:00;0.51;;7.0;8.2;15.0;55.0;7.0;714.4;0.0;69.0;2.2;0.0;24.07;6.7;23.0
4997;2025-07-28 05:00:00;0.54;3.6;15.9;19.5;5.0;53.0;9.0;714.4;0.0;73.0;2.1;0.0;23.55;5.1;9.0
4998;2025-07-28 06:00:00;0.59;1.9;13.5;15.4;7.0;58.0;9.0;714.5;0.0;75.0;2.2;0.0;23.23;6.0;4.0
4999;2025-07-28 07:00:00;0.58;4.0;13.1;17.1;7.0;47.0;8.0;714.9;0.0;76.0;2.1;0.0;22.96;6.2;47.0
5000;2025-07-28 08:00:00;0.69;11.4;15.4;26.8;6.0;56.0;10.0;715.4;0.0;78.0;2.2;0.0;22.9;4.3;65.0
5001;2025-07-28 09:00:00;0.76;17.2;16.7;33.9;7.0;57.0;14.0;715.7;0.0;76.0;2.2;0.0;23.54;4.4;41.0
5002;2025-07-28 10:00:00;0.77;16.6;16.0;32.6;13.0;57.0;14.0;716.0;0.0;69.0;2.3;0.0;25.16;6.3;38.0
5003;2025-07-28 11:00:00;0.67;5.5;9.9;15.4;31.0;55.0;12.0;715.9;0.0;60.0;2.4;0.0;26.8;7.8;26.0
5004;2025-07-28 12:00:00;0.56;2.7;5.6;8.3;36.0;43.0;8.0;715.7;0.0;50.0;2.5;0.0;28.77;7.7;87.0
5005;2025-07-28 13:00:00;0.49;2.0;3.6;5.6;35.0;32.0;8.0;715.3;0.0;41.0;2.6;0.0;30.22;14.3;110.0
5006;2025-07-28 14:00:00;0.48;2.2;3.7;5.9;34.0;21.0;;714.7;0.0;35.0;2.5;0.0;31.94;13.8;113.0
5007;2025-07-28 15:00:00;0.46;2.1;3.5;5.7;32.0;20.0;;714.3;0.0;32.0;2.4;0.0;32.96;12.5;122.0
5008;2025-07-28 16:00:00;0.44;2.2;3.6;5.8;32.0;22.0;;713.9;0.0;30.0;2.3;0.0;33.45;15.3;118.0
5009;2025-07-28 17:00:00;0.43;2.3;3.8;6.1;33.0;25.0;9.0;713.8;0.0;28.0;2.3;0.0;33.33;16.7;120.0
5010;2025-07-28 18:00:00;0.4;2.4;4.5;6.9;33.0;20.0;8.0;713.5;0.0;25.0;2.2;0.0;33.05;17.2;112.0
5011;2025-07-28 19:00:00;0.39;2.0;5.1;7.1;33.0;18.0;7.0;713.4;0.0;26.0;2.1;0.0;32.45;15.3;102.0
5012;2025-07-28 20:00:00;0.42;1.5;6.3;7.9;28.0;20.0;9.0;713.6;0.0;30.0;2.2;0.0;31.01;12.5;115.0
5013;2025-07-28 21:00:00;0.42;1.3;5.3;6.5;27.0;20.0;9.0;714.0;0.0;33.0;2.1;0.0;30.0;10.9;126.0
5014;2025-07-28 22:00:00;0.43;1.3;5.2;6.4;26.0;21.0;10.0;714.4;0.0;36.0;2.1;0.0;29.49;9.9;111.0
5015;2025-07-28 23:00:00;0.44;1.2;3.6;4.8;26.0;24.0;10.0;714.9;0.0;44.0;2.1;0.0;28.26;13.2;110.0
5016;2025-07-29 00:00:00;0.49;1.1;3.2;4.3;23.0;35.0;;715.0;0.0;57.0;2.2;0.0;26.9;11.8;110.0
5017;2025-07-29 01:00:00;0.5;1.2;2.8;4.0;20.0;42.0;;714.8;0.0;64.0;2.1;0.0;25.97;10.8;120.0
5018;2025-07-29 02:00:00;0.52;1.1;3.0;4.1;20.0;41.0;;714.7;0.0;66.0;2.0;0.0;25.54;5.6;53.0
5019;2025-07-29 03:00:00;0.51;1.1;3.1;4.1;18.0;38.0;;714.6;0.0;68.0;2.0;0.0;24.94;7.2;45.0
5020;2025-07-29 04:00:00;0.52;2.9;9.9;12.8;8.0;36.0;;714.6;0.0;74.0;2.0;0.0;23.8;7.6;35.0
5021;2025-07-29 05:00:00;0.54;4.9;12.6;17.4;5.0;43.0;;714.6;0.0;77.0;2.0;0.0;23.15;4.2;30.0
5022;2025-07-29 06:00:00;0.56;5.2;12.6;17.9;4.0;47.0;;714.7;0.0;78.0;2.1;0.0;22.99;1.9;60.0
5023;2025-07-29 07:00:00;0.64;7.7;14.7;22.5;3.0;48.0;;715.0;0.0;79.0;2.1;0.0;23.02;3.8;70.0
5024;2025-07-29 08:00:00;0.76;8.6;13.0;21.6;6.0;52.0;;715.3;0.0;77.0;2.2;0.035;23.31;4.0;16.0
5025;2025-07-29 09:00:00;0.83;13.9;14.1;28.0;10.0;53.0;;715.6;0.0;71.0;2.2;0.321;24.83;5.2;49.0
5026;2025-07-29 10:00:00;0.87;13.3;15.7;29.0;16.0;54.0;;715.8;0.0;64.0;2.3;0.526;26.09;5.8;14.0
5027;2025-07-29 11:00:00;0.93;12.2;19.7;31.9;26.0;59.0;;715.6;0.0;57.0;2.4;0.773;27.76;5.5;24.0
5028;2025-07-29 12:00:00;0.74;5.8;16.7;22.5;48.0;64.0;;715.2;0.0;50.0;2.5;0.879;29.0;7.6;46.0
5029;2025-07-29 13:00:00;0.6;2.7;9.0;11.7;55.0;60.0;;714.9;0.0;42.0;2.7;0.986;30.4;12.2;49.0
5030;2025-07-29 14:00:00;0.48;1.9;4.4;6.3;44.0;49.0;;714.6;0.0;35.0;2.6;1.004;31.96;12.2;93.0
5031;2025-07-29 15:00:00;0.44;2.0;3.9;5.9;43.0;32.0;;714.1;0.0;28.0;2.3;0.933;33.23;10.4;86.0
5032;2025-07-29 16:00:00;0.36;2.3;4.7;7.0;42.0;32.0;;713.6;0.0;19.0;2.3;0.797;34.59;11.3;108.0
5033;2025-07-29 17:00:00;0.33;2.2;4.6;6.8;41.0;32.0;;713.3;0.0;16.0;2.1;0.611;34.81;12.1;104.0
5034;2025-07-29 18:00:00;0.32;2.7;6.2;8.9;37.0;28.0;;713.0;0.0;14.0;2.0;0.374;34.62;13.6;85.0
5035;2025-07-29 19:00:00;0.35;2.9;9.3;12.2;30.0;29.0;;712.8;0.0;15.0;3.3;0.374;34.02;13.4;79.0
5036;2025-07-29 20:00:00;0.33;2.1;8.8;10.8;26.0;29.0;;713.0;0.0;17.0;2.3;0.0;32.42;15.1;80.0
5037;2025-07-29 21:00:00;0.35;1.3;6.4;7.8;24.0;31.0;;713.3;0.0;25.0;2.2;0.0;31.06;12.1;96.0
5038;2025-07-29 22:00:00;0.36;1.3;5.0;6.4;23.0;31.0;;713.6;0.0;30.0;2.2;0.0;29.63;13.2;98.0
5039;2025-07-29 23:00:00;0.36;1.7;6.2;7.9;20.0;29.0;;713.8;0.0;31.0;2.2;0.0;28.52;10.2;101.0
5040;2025-07-30 00:00:00;0.38;1.3;5.3;6.6;20.0;28.0;;714.1;0.0;35.0;2.2;;27.45;9.8;104.0
5041;2025-07-30 01:00:00;0.39;1.2;3.4;4.6;20.0;30.0;;714.0;0.0;44.0;2.2;0.0;26.42;9.9;104.0
5042;2025-07-30 02:00:00;0.4;1.3;4.3;5.5;18.0;28.0;;713.9;0.0;46.0;2.2;0.0;25.74;5.6;53.0
5043;2025-07-30 03:00:00;0.42;6.1;15.6;21.6;5.0;27.0;;713.7;0.0;47.0;3.1;0.0;24.73;6.1;34.0
5044;2025-07-30 04:00:00;0.48;4.7;15.9;20.6;4.0;36.0;;713.6;0.0;52.0;3.4;0.0;23.75;5.3;44.0
5045;2025-07-30 05:00:00;0.45;13.9;15.6;29.5;3.0;39.0;;713.1;0.0;57.0;4.1;0.0;22.55;0.1;309.0
5046;2025-07-30 06:00:00;0.52;20.4;16.8;37.2;3.0;37.0;;713.2;0.0;59.0;4.4;0.0;22.5;2.1;29.0
5047;2025-07-30 07:00:00;0.65;21.1;16.7;37.8;4.0;46.0;;713.7;0.0;62.0;3.8;0.015;22.69;3.2;17.0
5048;2025-07-30 08:00:00;0.76;21.4;17.7;39.2;7.0;55.0;;714.0;0.0;60.0;3.4;0.132;23.88;1.4;249.0
5049;2025-07-30 09:00:00;0.77;21.8;20.9;42.7;13.0;51.0;;713.9;0.0;49.0;4.4;0.0;25.61;3.5;304.0
5050;2025-07-30 10:00:00;0.84;12.3;20.7;33.0;26.0;44.0;14.0;714.0;0.0;48.0;3.8;0.0;26.92;4.7;11.0
5051;2025-07-30 11:00:00;0.91;12.5;27.4;39.9;35.0;48.0;15.0;713.9;0.0;42.0;4.0;0.0;29.18;4.7;29.0
5052;2025-07-30 12:00:00;0.74;10.1;26.1;36.2;45.0;67.0;16.0;713.8;0.0;42.0;5.3;0.0;29.54;9.3;50.0
5053;2025-07-30 13:00:00;0.66;4.7;18.1;22.8;62.0;50.0;14.0;713.4;0.0;37.0;4.6;0.0;30.87;11.0;49.0
5054;2025-07-30 14:00:00;0.5;2.6;9.3;11.9;66.0;30.0;11.0;712.9;0.0;32.0;4.8;0.0;32.18;12.4;46.0
5055;2025-07-30 15:00:00;0.44;2.4;8.0;10.4;62.0;24.0;10.0;712.4;0.0;26.0;9.8;0.0;33.48;12.3;61.0
5056;2025-07-30 16:00:00;0.41;2.5;6.3;8.8;50.0;22.0;8.0;712.0;0.0;24.0;4.8;0.0;34.18;13.3;71.0
5057;2025-07-30 17:00:00;0.41;2.5;6.9;9.4;49.0;21.0;8.0;711.6;0.0;23.0;4.3;0.0;34.62;12.7;65.0
5058;2025-07-30 18:00:00;0.44;2.9;9.7;12.6;40.0;21.0;;711.4;0.0;22.0;4.4;0.0;33.93;14.0;66.0
5059;2025-07-30 19:00:00;0.46;3.2;11.8;15.0;29.0;20.0;7.0;711.4;0.0;24.0;3.5;0.0;32.57;13.0;70.0
5060;2025-07-30 20:00:00;0.46;2.0;12.3;14.3;27.0;18.0;7.0;711.5;0.0;24.0;3.0;0.0;32.01;8.2;100.0
5061;2025-07-30 21:00:00;0.43;1.4;9.2;10.7;28.0;16.0;8.0;711.6;0.0;28.0;2.6;0.0;30.97;10.6;124.0
5062;2025-07-30 22:00:00;0.46;1.4;8.4;9.8;25.0;15.0;7.0;712.0;0.0;33.0;2.5;0.0;30.0;7.9;117.0
5063;2025-07-30 23:00:00;0.49;1.8;9.9;11.7;21.0;22.0;7.0;712.4;0.0;37.0;2.5;0.0;29.54;8.0;88.0
5064;2025-07-31 00:00:00;0.43;1.3;4.8;6.1;27.0;21.0;;712.7;0.0;41.0;2.4;0.0;28.44;9.3;105.0
5065;2025-07-31 01:00:00;0.46;1.2;3.7;4.9;28.0;49.0;6.0;712.8;0.0;53.0;2.4;0.0;26.98;9.3;91.0
5066;2025-07-31 02:00:00;0.47;1.2;3.7;4.9;25.0;54.0;9.0;712.8;0.0;58.0;2.2;0.0;26.25;6.2;69.0
5067;2025-07-31 03:00:00;0.5;;4.0;5.2;23.0;55.0;8.0;712.9;0.0;63.0;2.2;0.0;25.59;6.2;50.0
5068;2025-07-31 04:00:00;0.53;1.9;14.8;16.8;7.0;60.0;9.0;712.8;0.0;70.0;2.2;0.0;24.68;5.7;28.0
5069;2025-07-31 05:00:00;0.54;2.8;15.2;18.1;5.0;62.0;9.0;712.8;0.0;73.0;2.1;0.0;24.06;4.2;42.0
5070;2025-07-31 06:00:00;0.59;2.9;18.0;20.9;3.0;62.0;;713.1;0.0;74.0;2.1;0.0;23.77;2.1;40.0
5071;2025-07-31 07:00:00;0.67;7.3;18.6;25.9;3.0;64.0;10.0;713.1;0.0;76.0;2.3;0.0;23.67;0.7;5.0
5072;2025-07-31 08:00:00;0.76;11.3;17.0;28.4;6.0;59.0;11.0;713.6;0.0;73.0;2.2;0.0;24.73;3.0;20.0
5073;2025-07-31 09:00:00;0.79;8.6;14.6;23.1;15.0;54.0;12.0;713.8;0.0;68.0;2.3;0.0;26.06;2.8;42.0
5074;2025-07-31 10:00:00;0.92;9.1;19.5;28.6;26.0;59.0;14.0;713.9;0.0;60.0;2.7;0.0;27.83;3.1;26.0
5075;2025-07-31 11:00:00;0.99;9.6;25.4;35.1;37.0;67.0;16.0;713.9;0.0;54.0;3.5;0.0;29.26;7.0;27.0
5076;2025-07-31 12:00:00;0.66;5.5;18.9;24.4;51.0;58.0;15.0;713.9;0.0;48.0;2.7;0.0;30.35;8.7;54.0
5077;2025-07-31 13:00:00;0.6;2.9;9.7;12.6;59.0;52.0;14.0;713.4;0.0;40.0;3.1;0.0;31.73;12.2;58.0
5078;2025-07-31 14:00:00;0.53;2.0;7.1;9.1;62.0;45.0;12.0;713.0;0.0;35.0;9.0;0.0;32.91;12.5;56.0
5079;2025-07-31 15:00:00;0.48;2.3;5.9;8.2;49.0;29.0;8.0;712.5;0.0;30.0;5.5;0.0;34.05;11.9;68.0
5080;2025-07-31 16:00:00;0.45;2.0;4.7;6.8;49.0;18.0;7.0;712.1;0.0;28.0;3.5;0.0;34.73;11.7;71.0
5081;2025-07-31 17:00:00;0.46;2.3;5.7;8.0;49.0;17.0;6.0;711.9;0.0;27.0;3.3;0.0;34.95;13.7;80.0
5082;2025-07-31 18:00:00;0.46;2.1;6.3;8.4;48.0;16.0;6.0;711.6;0.0;26.0;3.2;0.0;34.98;12.3;78.0
5083;2025-07-31 19:00:00;0.47;1.9;7.9;9.9;44.0;13.0;;711.6;0.0;27.0;3.5;0.0;34.41;12.7;81.0
5084;2025-07-31 20:00:00;0.47;1.6;9.9;11.5;37.0;13.0;;711.8;0.0;28.0;3.5;0.0;33.38;10.7;88.0
5085;2025-07-31 21:00:00;0.5;1.4;11.7;13.1;32.0;16.0;7.0;712.1;0.0;30.0;3.0;0.0;32.69;11.2;83.0
5086;2025-07-31 22:00:00;0.44;1.4;6.8;8.1;35.0;14.0;6.0;712.4;0.0;33.0;3.0;0.0;31.8;9.8;113.0
5087;2025-07-31 23:00:00;0.48;;6.8;8.2;30.0;27.0;6.0;713.1;0.0;41.0;2.5;0.0;30.36;10.1;77.0
5088;2025-08-01 00:00:00;;4.5;4.5;6.9;32.0;27.0;8.0;714.7;0.0;54.0;2.3;0.2;27.76;8.6;171.0
5089;2025-08-01 01:00:00;0.51;1.2;4.8;6.0;29.0;20.0;8.0;713.6;0.0;52.0;2.3;0.0;27.76;8.8;79.0
5090;2025-08-01 02:00:00;0.5;1.2;4.2;5.3;26.0;20.0;7.0;713.7;0.0;56.0;2.3;0.0;26.99;8.0;42.0
5091;2025-08-01 03:00:00;0.51;1.7;9.1;10.8;16.0;28.0;9.0;713.8;0.0;63.0;2.3;0.0;25.98;7.9;21.0
5092;2025-08-01 04:00:00;0.52;2.2;12.4;14.6;11.0;23.0;10.0;714.0;0.0;66.0;2.3;0.0;25.06;6.3;43.0
5093;2025-08-01 05:00:00;0.51;1.5;7.8;9.2;15.0;22.0;9.0;714.1;0.0;68.0;2.4;0.0;24.44;5.8;57.0
5094;2025-08-01 06:00:00;0.54;4.0;18.5;22.5;4.0;40.0;11.0;714.4;0.0;70.0;2.5;0.0;24.09;2.8;39.0
5095;2025-08-01 07:00:00;0.63;10.0;19.7;29.7;4.0;39.0;12.0;714.5;0.0;71.0;2.8;0.0;23.97;0.6;337.0
5096;2025-08-01 08:00:00;0.77;6.9;14.3;21.2;14.0;24.0;12.0;714.8;0.0;67.0;2.7;0.0;25.23;2.8;12.0
5097;2025-08-01 09:00:00;0.8;8.4;16.0;24.4;22.0;25.0;11.0;714.8;0.0;62.0;2.8;0.0;26.65;3.0;346.0
5098;2025-08-01 10:00:00;0.82;10.1;22.4;32.5;32.0;43.0;13.0;714.8;0.0;54.0;2.9;0.0;28.56;4.1;19.0
5099;2025-08-01 11:00:00;0.92;8.9;26.8;35.7;49.0;51.0;17.0;715.0;0.0;50.0;3.7;0.0;29.79;8.8;58.0
5100;2025-08-01 12:00:00;0.71;5.4;19.9;25.3;59.0;41.0;14.0;714.9;0.0;46.0;3.7;0.0;30.66;10.6;38.0
5101;2025-08-01 13:00:00;0.58;2.4;10.8;13.2;76.0;32.0;14.0;714.6;0.0;38.0;9.2;0.0;32.22;12.2;43.0
5102;2025-08-01 14:00:00;0.52;2.1;6.9;9.0;60.0;21.0;10.0;714.1;0.0;34.0;7.4;0.0;33.56;11.5;63.0
5103;2025-08-01 15:00:00;0.48;2.2;5.4;7.6;50.0;16.0;7.0;713.6;0.0;30.0;4.6;0.0;34.48;11.9;65.0
5104;2025-08-01 16:00:00;0.46;1.9;5.6;7.5;46.0;15.0;6.0;713.3;0.0;29.0;3.1;0.0;34.55;9.6;59.0
5105;2025-08-01 17:00:00;0.47;2.2;6.9;9.1;36.0;15.0;5.0;713.1;0.0;28.0;2.9;0.0;34.36;9.7;78.0
5106;2025-08-01 18:00:00;0.48;2.6;8.4;11.0;29.0;13.0;5.0;713.1;0.0;27.0;2.8;0.0;34.38;9.4;85.0
5107;2025-08-01 19:00:00;0.49;2.6;9.1;11.7;26.0;9.0;4.0;713.1;0.0;27.0;2.4;0.0;34.32;9.2;89.0
5108;2025-08-01 20:00:00;0.5;1.8;9.7;11.6;23.0;18.0;5.0;713.2;0.0;31.0;2.4;0.0;33.03;9.5;109.0
5109;2025-08-01 21:00:00;0.47;1.4;6.4;7.9;24.0;15.0;5.0;713.5;0.0;36.0;2.3;0.0;31.16;10.6;118.0
5110;2025-08-01 22:00:00;0.47;1.4;6.2;7.6;23.0;10.0;5.0;713.9;0.0;39.0;2.4;0.0;30.38;11.0;122.0
5111;2025-08-01 23:00:00;0.45;2.1;5.3;7.3;23.0;11.0;5.0;714.3;0.0;42.0;2.3;0.0;29.61;11.5;97.0
5112;2025-08-02 00:00:00;0.59;1.6;13.6;15.2;12.0;24.0;7.0;714.6;0.0;47.0;2.3;0.0;28.29;8.6;47.0
5113;2025-08-02 01:00:00;0.55;1.4;10.1;11.5;12.0;25.0;7.0;714.8;0.0;53.0;2.2;0.0;27.37;8.9;37.0
5114;2025-08-02 02:00:00;0.58;4.1;15.5;19.6;6.0;28.0;9.0;714.9;0.0;60.0;2.2;0.0;26.45;7.2;20.0
5115;2025-08-02 03:00:00;0.57;2.3;12.4;14.7;7.0;28.0;9.0;714.8;0.0;65.0;2.3;0.0;25.83;5.6;43.0
5116;2025-08-02 04:00:00;0.57;7.5;15.7;23.2;3.0;29.0;10.0;714.7;0.0;70.0;2.4;0.0;25.26;5.4;36.0
5117;2025-08-02 05:00:00;0.56;4.5;13.9;18.4;3.0;25.0;10.0;714.7;0.0;73.0;2.3;0.0;24.77;4.6;36.0
5118;2025-08-02 06:00:00;0.58;7.4;15.0;22.4;3.0;28.0;11.0;714.9;0.0;75.0;2.3;0.0;24.34;4.9;36.0
5119;2025-08-02 07:00:00;0.65;8.2;15.4;23.6;4.0;26.0;11.0;715.1;0.0;77.0;2.3;0.0;24.06;2.3;40.0
5120;2025-08-02 08:00:00;0.77;8.4;12.7;21.1;5.0;23.0;;715.2;0.0;74.0;2.2;0.0;25.08;3.1;12.0
5121;2025-08-02 09:00:00;0.72;8.7;12.5;21.1;13.0;24.0;;715.3;0.0;68.0;2.2;0.0;26.48;4.7;13.0
5122;2025-08-02 10:00:00;0.83;7.6;15.6;23.2;26.0;43.0;13.0;715.3;0.0;60.0;2.2;0.0;28.33;2.9;1.0
5123;2025-08-02 11:00:00;0.88;6.0;17.8;23.8;41.0;55.0;13.0;715.1;0.0;51.0;2.3;0.0;30.12;4.9;24.0
5124;2025-08-02 12:00:00;0.82;5.5;19.7;25.2;53.0;44.0;16.0;714.7;0.0;45.0;2.6;0.0;31.36;6.6;38.0
5125;2025-08-02 13:00:00;0.65;2.5;11.7;14.2;76.0;28.0;12.0;714.4;0.0;38.0;3.4;0.0;32.74;9.1;65.0
5126;2025-08-02 14:00:00;0.53;2.0;7.9;9.9;68.0;23.0;10.0;713.9;0.0;32.0;4.7;0.0;33.93;12.8;54.0
5127;2025-08-02 15:00:00;0.5;1.8;7.7;9.5;43.0;19.0;8.0;713.4;0.0;32.0;4.5;0.0;33.43;10.6;76.0
5128;2025-08-02 16:00:00;0.5;1.4;6.9;8.3;39.0;16.0;8.0;701.2;0.0;33.0;3.6;0.0;32.46;8.4;117.0
5129;2025-08-02 17:00:00;0.51;1.5;6.9;8.4;36.0;16.0;;712.7;0.0;33.0;3.0;0.0;32.81;7.4;125.0
5130;2025-08-02 18:00:00;0.51;1.5;7.9;9.4;36.0;14.0;;712.5;0.0;32.0;2.7;0.0;32.94;4.9;111.0
5131;2025-08-02 19:00:00;0.52;1.7;11.4;13.1;30.0;18.0;;712.4;0.0;34.0;2.6;0.0;32.58;3.1;199.0
5132;2025-08-02 20:00:00;0.52;1.3;9.1;10.4;32.0;15.0;;712.3;0.0;33.0;2.5;0.0;32.18;3.9;141.0
5133;2025-08-02 21:00:00;0.65;1.4;18.5;19.9;18.0;18.0;10.0;712.5;0.0;35.0;2.4;0.0;31.02;3.2;198.0
5134;2025-08-02 22:00:00;0.76;2.7;26.3;29.0;11.0;22.0;11.0;712.9;0.0;37.0;2.5;0.0;30.2;3.5;199.0
5135;2025-08-02 23:00:00;0.71;1.6;26.5;28.1;10.0;21.0;11.0;713.4;0.0;37.0;2.5;0.0;29.48;1.6;191.0
5136;2025-08-03 00:00:00;0.78;3.5;23.2;26.7;6.0;33.0;16.0;713.4;0.0;38.0;2.5;0.0;28.79;2.2;82.0
5137;2025-08-03 01:00:00;0.63;1.8;13.5;15.3;13.0;31.0;14.0;712.8;0.0;39.0;2.4;0.0;28.16;2.8;133.0
5138;2025-08-03 02:00:00;0.48;2.2;11.2;13.4;15.0;24.0;10.0;712.5;0.0;40.0;2.3;0.0;28.3;5.9;34.0
5139;2025-08-03 03:00:00;0.52;3.2;15.0;18.3;7.0;30.0;12.0;712.4;0.0;48.0;2.5;0.0;26.35;1.7;17.0
5140;2025-08-03 04:00:00;0.54;5.0;15.5;20.5;5.0;31.0;11.0;712.1;0.0;54.0;2.9;0.0;25.58;3.0;8.0
5141;2025-08-03 05:00:00;0.62;1.9;14.9;16.8;5.0;29.0;10.0;712.2;0.0;57.0;2.8;0.0;25.4;0.8;12.0
5142;2025-08-03 06:00:00;0.59;2.0;13.0;15.1;6.0;40.0;9.0;712.4;0.0;62.0;2.6;0.0;24.92;1.4;351.0
5143;2025-08-03 07:00:00;0.53;1.9;9.1;11.0;9.0;29.0;9.0;712.6;0.0;65.0;2.6;0.0;24.83;1.7;329.0
5144;2025-08-03 08:00:00;0.56;4.2;8.8;13.0;12.0;27.0;10.0;713.0;0.0;64.0;2.8;0.0;25.88;2.2;323.0
5145;2025-08-03 09:00:00;0.6;5.1;9.6;14.6;20.0;30.0;11.0;712.8;0.0;58.0;3.8;0.0;27.31;3.4;326.0
5146;2025-08-03 10:00:00;0.59;4.7;11.2;15.9;33.0;36.0;12.0;712.8;0.0;48.0;4.5;0.0;29.52;2.0;353.0
5147;2025-08-03 11:00:00;0.53;3.0;9.5;12.4;53.0;31.0;12.0;712.4;0.0;36.0;4.7;0.0;32.04;4.9;19.0
5148;2025-08-03 12:00:00;0.59;3.2;12.0;15.2;63.0;26.0;11.0;712.0;0.0;30.0;5.2;0.0;33.93;5.0;22.0
5149;2025-08-03 13:00:00;0.43;2.1;7.6;9.7;69.0;22.0;9.0;711.7;0.0;24.0;5.4;0.0;34.81;8.3;66.0
5150;2025-08-03 14:00:00;0.38;1.8;5.1;6.9;65.0;18.0;8.0;711.2;0.0;22.0;3.8;0.0;35.73;9.4;48.0
5151;2025-08-03 15:00:00;0.37;1.8;4.4;6.3;54.0;16.0;8.0;710.6;0.0;20.0;3.6;0.0;36.34;8.6;61.0
5152;2025-08-03 16:00:00;0.42;1.9;4.4;6.4;51.0;15.0;7.0;710.2;0.0;20.0;3.5;0.0;36.91;10.4;83.0
5153;2025-08-03 17:00:00;0.4;1.6;3.5;5.1;52.0;19.0;11.0;709.9;0.0;19.0;4.3;0.0;37.21;8.7;85.0
5154;2025-08-03 18:00:00;0.37;1.5;3.5;5.0;47.0;15.0;7.0;709.6;0.0;20.0;4.7;0.0;36.84;9.8;96.0
5155;2025-08-03 19:00:00;0.37;1.7;4.9;6.6;43.0;13.0;7.0;709.6;0.0;20.0;4.7;0.0;36.34;11.2;83.0
5156;2025-08-03 20:00:00;0.39;1.4;6.3;7.6;37.0;14.0;8.0;709.9;0.0;21.0;3.9;0.0;35.18;9.8;86.0
5157;2025-08-03 21:00:00;0.42;1.4;9.0;10.4;27.0;13.0;6.0;710.1;0.0;21.0;2.8;0.0;34.5;8.0;94.0
5158;2025-08-03 22:00:00;0.46;;6.9;8.4;24.0;20.0;8.0;710.3;0.0;31.0;3.1;0.0;32.88;11.1;108.0
5159;2025-08-03 23:00:00;0.48;1.3;4.5;5.9;23.0;19.0;8.0;710.6;0.0;42.0;2.8;0.0;30.94;11.3;92.0
5160;2025-08-04 00:00:00;0.51;1.3;5.1;6.5;17.0;32.0;9.0;710.7;0.0;52.0;2.5;0.0;29.18;8.9;54.0
5161;2025-08-04 01:00:00;0.5;1.8;6.9;8.7;13.0;39.0;8.0;710.8;0.0;56.0;2.4;0.0;28.05;9.7;39.0
5162;2025-08-04 02:00:00;0.53;2.3;11.8;14.1;7.0;30.0;8.0;710.8;0.0;59.0;2.7;0.0;27.19;7.0;21.0
5163;2025-08-04 03:00:00;0.5;3.8;13.0;16.8;4.0;29.0;;710.6;0.0;62.0;2.8;0.0;26.52;3.3;38.0
5164;2025-08-04 04:00:00;0.53;3.7;12.2;15.9;4.0;28.0;;710.5;0.0;64.0;2.9;0.0;26.16;5.3;48.0
5165;2025-08-04 05:00:00;0.54;2.8;11.3;14.1;4.0;24.0;;710.5;0.0;67.0;2.6;0.0;25.68;1.9;72.0
5166;2025-08-04 06:00:00;0.57;6.2;14.2;20.4;3.0;24.0;9.0;710.6;0.0;69.0;2.6;0.0;25.36;1.0;24.0
5167;2025-08-04 07:00:00;0.68;18.3;15.0;33.3;3.0;34.0;11.0;710.7;0.0;69.0;2.7;0.0;25.43;0.3;308.0
5168;2025-08-04 08:00:00;0.77;15.2;14.3;29.5;4.0;30.0;12.0;711.1;0.0;64.0;2.6;0.0;26.71;4.4;8.0
5169;2025-08-04 09:00:00;0.77;10.1;13.8;23.9;13.0;42.0;12.0;711.2;0.0;58.0;3.0;0.0;28.0;4.3;20.0
5170;2025-08-04 10:00:00;0.8;7.2;16.8;24.0;30.0;43.0;;711.2;0.0;50.0;3.4;0.0;30.29;2.7;42.0
5171;2025-08-04 11:00:00;0.97;11.7;31.4;43.1;38.0;50.0;15.0;711.3;0.0;42.0;3.6;0.0;32.53;3.2;42.0
5172;2025-08-04 12:00:00;0.86;4.7;22.6;27.3;75.0;44.0;13.0;711.1;0.0;36.0;4.5;0.0;33.98;6.6;69.0
5173;2025-08-04 13:00:00;0.64;2.3;11.7;14.0;79.0;37.0;11.0;710.8;0.0;33.0;4.0;0.0;34.69;10.2;60.0
5174;2025-08-04 14:00:00;0.51;2.1;7.3;9.5;63.0;19.0;8.0;710.3;0.0;28.0;4.3;0.0;35.77;11.8;54.0
5175;2025-08-04 15:00:00;0.44;2.1;6.0;8.2;57.0;16.0;7.0;710.0;0.0;24.0;5.7;0.0;36.59;11.6;56.0
5176;2025-08-04 16:00:00;0.41;1.9;5.2;7.1;57.0;16.0;7.0;709.7;0.0;22.0;5.6;0.0;37.31;11.1;69.0
5177;2025-08-04 17:00:00;0.42;2.1;5.5;7.5;49.0;16.0;8.0;709.4;0.0;23.0;4.3;0.0;37.18;11.8;79.0
5178;2025-08-04 18:00:00;0.47;2.4;7.9;10.2;45.0;;7.0;709.4;0.0;23.0;3.3;0.0;36.83;12.7;73.0
5179;2025-08-04 19:00:00;0.5;2.3;11.2;13.5;35.0;15.0;6.0;709.7;0.0;24.0;2.9;0.0;35.62;13.0;68.0
5180;2025-08-04 20:00:00;0.45;1.7;9.1;10.8;31.0;14.0;6.0;710.1;0.0;25.0;2.7;0.0;34.98;12.9;92.0
5181;2025-08-04 21:00:00;0.45;1.5;6.6;8.1;25.0;33.0;8.0;710.6;0.0;32.0;3.0;0.0;33.38;16.3;81.0
5182;2025-08-04 22:00:00;0.45;1.5;5.3;6.8;26.0;29.0;8.0;711.3;0.0;38.0;2.9;0.0;31.68;11.9;101.0
5183;2025-08-04 23:00:00;0.45;1.3;2.8;4.1;26.0;27.0;7.0;711.4;0.0;44.0;2.6;0.0;30.32;13.1;115.0
5184;2025-08-05 00:00:00;0.45;1.2;2.8;4.0;25.0;31.0;7.0;711.4;0.0;48.0;2.5;0.0;29.51;9.3;100.0
5185;2025-08-05 01:00:00;0.48;1.6;7.8;9.4;17.0;33.0;8.0;711.8;0.0;52.0;2.4;0.0;28.2;10.8;49.0
5186;2025-08-05 02:00:00;0.48;3.5;11.5;15.0;11.0;34.0;9.0;711.8;0.0;54.0;3.8;0.0;27.78;7.8;25.0
5187;2025-08-05 03:00:00;0.47;1.2;3.4;4.6;16.0;20.0;7.0;711.9;0.0;60.0;3.3;0.0;26.92;10.0;44.0
5188;2025-08-05 04:00:00;0.48;1.5;5.0;6.5;10.0;16.0;7.0;712.1;0.0;67.0;2.6;0.0;25.75;8.1;40.0
5189;2025-08-05 05:00:00;0.48;9.2;10.2;19.4;4.0;18.0;9.0;712.4;0.0;72.0;2.4;0.0;25.03;6.1;47.0
5190;2025-08-05 06:00:00;0.5;12.6;11.4;24.0;3.0;19.0;9.0;712.5;0.0;75.0;2.3;0.0;24.64;3.4;53.0
5191;2025-08-05 07:00:00;0.61;19.0;12.5;31.5;2.0;25.0;11.0;712.9;0.0;75.0;2.5;0.0;24.68;3.2;22.0
5192;2025-08-05 08:00:00;0.68;17.6;12.1;29.7;3.0;24.0;12.0;713.2;0.0;73.0;2.3;0.0;25.32;2.9;73.0
5193;2025-08-05 09:00:00;0.76;11.8;13.1;24.9;10.0;27.0;14.0;713.5;0.0;67.0;2.3;0.0;26.86;3.6;34.0
5194;2025-08-05 10:00:00;0.97;8.6;17.8;26.4;24.0;37.0;15.0;713.6;0.0;60.0;2.2;0.0;28.61;5.0;16.0
5195;2025-08-05 11:00:00;0.97;9.7;22.8;32.4;34.0;44.0;19.0;713.8;0.0;55.0;2.3;0.0;29.84;7.2;36.0
5196;2025-08-05 12:00:00;0.77;3.5;15.3;18.8;61.0;48.0;15.0;713.8;0.0;48.0;2.5;0.0;31.58;8.6;55.0
5197;2025-08-05 13:00:00;0.61;2.0;8.8;10.8;65.0;41.0;13.0;713.4;0.0;40.0;4.8;0.0;32.74;11.6;58.0
5198;2025-08-05 14:00:00;0.56;2.2;6.2;8.4;51.0;24.0;12.0;712.9;0.0;34.0;7.7;0.0;34.07;12.4;54.0
5199;2025-08-05 15:00:00;0.44;2.1;4.8;6.9;47.0;17.0;9.0;712.5;0.0;27.0;4.0;0.0;35.15;13.0;59.0
5200;2025-08-05 16:00:00;0.42;2.2;5.3;7.5;52.0;18.0;9.0;712.2;0.0;24.0;4.4;0.0;35.99;12.0;72.0
5201;2025-08-05 17:00:00;0.42;2.0;5.7;7.7;49.0;18.0;10.0;712.1;0.0;25.0;5.1;0.0;35.5;14.0;85.0
5202;2025-08-05 18:00:00;0.46;2.1;7.1;9.2;42.0;25.0;9.0;712.2;0.0;30.0;3.7;0.0;33.53;13.4;105.0
5203;2025-08-05 19:00:00;0.5;1.8;7.0;8.8;38.0;17.0;8.0;712.5;0.0;35.0;3.2;0.0;32.0;12.5;127.0
5204;2025-08-05 20:00:00;0.51;1.4;8.3;9.7;34.0;14.0;8.0;712.9;0.0;36.0;2.7;0.0;31.22;10.4;122.0
5205;2025-08-05 21:00:00;0.47;1.3;6.8;8.1;34.0;13.0;;713.4;0.0;38.0;2.6;0.0;30.48;10.2;109.0
5206;2025-08-05 22:00:00;0.46;1.3;6.0;7.3;32.0;15.0;;713.7;0.0;42.0;2.5;0.0;29.62;11.0;114.0
5207;2025-08-05 23:00:00;0.5;;7.3;8.6;25.0;21.0;;714.3;0.0;49.0;2.5;0.0;28.47;7.9;92.0
5208;2025-08-06 00:00:00;0.48;1.2;5.6;6.8;24.0;29.0;7.0;714.4;0.0;53.0;2.5;0.0;27.78;9.5;80.0
5209;2025-08-06 01:00:00;0.5;1.2;5.9;7.2;17.0;25.0;6.0;714.4;0.0;62.0;2.3;0.0;26.3;10.2;51.0
5210;2025-08-06 02:00:00;0.52;4.0;14.5;18.6;6.0;29.0;8.0;714.4;0.0;66.0;2.3;0.0;25.38;9.2;5.0
5211;2025-08-06 03:00:00;0.52;8.4;15.3;23.7;4.0;32.0;8.0;714.2;0.0;69.0;3.2;0.0;24.87;7.0;32.0
5212;2025-08-06 04:00:00;0.49;4.9;10.1;15.1;6.0;23.0;;714.0;0.0;72.0;3.4;0.0;24.53;6.4;54.0
5213;2025-08-06 05:00:00;0.51;11.0;14.8;25.8;3.0;23.0;9.0;714.0;0.0;74.0;2.8;0.0;24.16;4.3;53.0
5214;2025-08-06 06:00:00;0.52;4.4;12.0;16.4;3.0;18.0;8.0;714.1;0.0;75.0;2.6;0.0;24.05;4.2;77.0
5215;2025-08-06 07:00:00;0.55;6.6;12.8;19.4;3.0;21.0;10.0;714.6;0.0;77.0;2.5;0.0;23.97;4.2;70.0
5216;2025-08-06 08:00:00;0.66;13.8;13.0;26.9;;24.0;14.0;715.1;0.0;75.0;2.4;0.0;24.47;3.8;50.0
5217;2025-08-06 09:00:00;0.77;10.4;13.4;23.8;9.0;31.0;18.0;715.3;0.0;71.0;2.3;0.0;25.41;4.5;4.0
5218;2025-08-06 10:00:00;0.82;7.3;14.0;21.3;21.0;41.0;18.0;715.3;0.0;63.0;2.3;0.0;26.94;6.0;351.0
5219;2025-08-06 11:00:00;0.82;7.3;16.5;23.8;31.0;48.0;20.0;715.3;0.0;59.0;2.5;0.0;28.11;7.8;356.0
5220;2025-08-06 12:00:00;0.7;8.0;20.5;28.5;43.0;55.0;20.0;715.2;0.0;51.0;3.5;0.0;29.91;7.7;44.0
5221;2025-08-06 13:00:00;0.58;2.2;9.3;11.6;63.0;39.0;16.0;714.7;0.0;42.0;5.1;0.0;31.42;9.2;52.0
5222;2025-08-06 14:00:00;0.52;2.3;6.5;8.8;53.0;29.0;12.0;714.2;0.0;37.0;4.7;0.0;32.81;13.0;51.0
5223;2025-08-06 15:00:00;0.46;2.2;5.1;7.3;45.0;25.0;9.0;713.7;0.0;33.0;3.5;0.0;33.89;11.8;83.0
5224;2025-08-06 16:00:00;0.41;2.1;4.6;6.7;41.0;17.0;9.0;713.2;0.0;27.0;2.9;0.0;34.89;11.7;101.0
5225;2025-08-06 17:00:00;0.38;2.1;4.4;6.5;40.0;16.0;7.0;712.9;0.0;23.0;3.0;0.0;35.49;12.2;109.0
5226;2025-08-06 18:00:00;0.38;2.3;5.6;7.9;39.0;16.0;6.0;712.8;0.0;22.0;2.8;0.0;35.65;11.8;112.0
5227;2025-08-06 19:00:00;0.41;2.0;6.4;8.4;36.0;13.0;6.0;712.9;0.0;24.0;2.6;0.0;34.9;13.5;104.0
5228;2025-08-06 20:00:00;0.43;1.5;6.3;7.8;30.0;16.0;8.0;713.3;0.0;30.0;2.6;0.0;33.45;12.6;110.0
5229;2025-08-06 21:00:00;0.48;1.4;5.7;7.2;23.0;24.0;9.0;713.8;0.0;40.0;2.7;0.0;31.41;13.0;110.0
5230;2025-08-06 22:00:00;0.5;1.7;5.6;7.3;19.0;25.0;8.0;714.3;0.0;51.0;2.5;0.0;29.21;11.6;95.0
5231;2025-08-06 23:00:00;0.49;1.3;3.8;5.0;18.0;26.0;9.0;714.6;0.0;57.0;2.4;0.0;28.12;13.1;103.0
5232;2025-08-07 00:00:00;0.51;1.2;4.0;5.2;17.0;24.0;9.0;714.8;0.0;60.0;2.4;0.0;27.43;7.9;82.0
5233;2025-08-07 01:00:00;0.51;1.2;5.0;6.2;16.0;23.0;8.0;714.6;0.0;62.0;2.2;0.0;26.53;9.7;53.0
5234;2025-08-07 02:00:00;0.49;1.1;3.6;4.7;19.0;30.0;7.0;714.3;0.0;63.0;2.3;0.0;25.73;10.0;55.0
5235;2025-08-07 03:00:00;0.47;1.1;3.1;4.2;20.0;31.0;7.0;714.1;0.0;66.0;2.3;0.0;24.96;9.1;54.0
5236;2025-08-07 04:00:00;0.49;1.4;4.4;5.7;17.0;30.0;;713.9;0.0;69.0;2.2;0.0;24.49;5.5;25.0
5237;2025-08-07 05:00:00;0.52;5.2;15.4;20.6;4.0;31.0;10.0;713.8;0.0;72.0;2.2;0.0;24.13;4.9;30.0
5238;2025-08-07 06:00:00;0.54;3.8;13.5;17.3;4.0;24.0;10.0;713.9;0.0;75.0;2.3;0.0;23.79;3.5;82.0
5239;2025-08-07 07:00:00;0.57;6.6;13.9;20.5;4.0;24.0;;714.1;0.0;76.0;2.2;0.0;23.72;4.4;74.0
5240;2025-08-07 08:00:00;0.67;12.8;14.2;27.1;;29.0;13.0;714.6;0.0;75.0;2.3;0.0;24.11;2.7;69.0
5241;2025-08-07 09:00:00;0.79;15.2;15.1;30.3;8.0;36.0;16.0;714.8;0.0;70.0;2.4;0.0;25.46;4.8;34.0
5242;2025-08-07 10:00:00;0.8;8.2;14.4;22.6;20.0;49.0;18.0;714.8;0.0;64.0;2.6;0.0;26.49;5.4;9.0
5243;2025-08-07 11:00:00;0.85;7.1;18.0;25.1;34.0;42.0;21.0;714.8;0.0;58.0;2.6;0.0;28.05;6.0;3.0
5244;2025-08-07 12:00:00;0.78;7.2;23.0;30.1;48.0;54.0;20.0;714.7;0.0;52.0;3.5;0.0;29.56;5.9;43.0
5245;2025-08-07 13:00:00;0.62;2.2;10.6;12.8;70.0;54.0;14.0;714.2;0.0;46.0;3.4;0.0;31.01;9.5;58.0
5246;2025-08-07 14:00:00;0.5;2.0;4.7;6.7;43.0;23.0;9.0;713.6;0.0;36.0;3.2;0.0;33.29;9.3;94.0
5247;2025-08-07 15:00:00;0.49;2.4;4.9;7.3;33.0;21.0;9.0;712.8;0.0;33.0;3.3;0.0;34.3;12.6;69.0
5248;2025-08-07 16:00:00;0.45;1.8;5.2;7.1;30.0;18.0;6.0;712.2;0.0;31.0;2.7;0.0;34.12;10.0;108.0
5249;2025-08-07 17:00:00;0.46;2.1;6.1;8.2;31.0;15.0;5.0;712.2;0.0;31.0;2.5;0.0;33.67;12.3;109.0
5250;2025-08-07 18:00:00;0.48;2.2;6.5;8.7;31.0;12.0;4.0;712.0;0.0;31.0;2.4;0.0;33.64;10.8;112.0
5251;2025-08-07 19:00:00;0.51;2.2;6.5;8.7;31.0;13.0;5.0;711.9;0.0;33.0;2.5;0.0;33.51;11.1;129.0
5252;2025-08-07 20:00:00;0.49;1.4;6.5;7.9;29.0;12.0;5.0;712.2;0.0;37.0;2.4;0.0;31.88;10.5;133.0
5253;2025-08-07 21:00:00;0.53;1.2;7.0;8.2;28.0;17.0;6.0;712.2;0.0;39.0;2.5;0.0;31.07;9.2;129.0
5254;2025-08-07 22:00:00;0.53;1.3;7.1;8.4;28.0;18.0;6.0;712.4;0.0;42.0;2.4;0.0;30.45;8.9;122.0
5255;2025-08-07 23:00:00;0.49;1.3;5.5;6.8;30.0;18.0;;712.5;0.0;43.0;2.3;0.0;30.05;8.5;104.0
5256;2025-08-08 00:00:00;0.52;1.2;7.9;9.0;24.0;22.0;7.0;712.5;0.0;45.0;2.4;0.0;29.28;7.9;65.0
5257;2025-08-08 01:00:00;0.49;1.1;4.5;5.7;26.0;25.0;7.0;712.5;0.0;50.0;2.3;0.0;28.07;8.1;79.0
5258;2025-08-08 02:00:00;0.49;1.1;3.9;5.0;25.0;29.0;6.0;712.3;0.0;54.0;2.4;0.0;27.41;8.4;65.0
5259;2025-08-08 03:00:00;0.49;;3.1;4.2;24.0;31.0;6.0;712.2;0.0;60.0;2.3;0.0;26.47;8.9;57.0
5260;2025-08-08 04:00:00;0.52;1.7;7.3;8.9;14.0;31.0;;711.9;0.0;67.0;2.3;0.0;25.69;7.0;36.0
5261;2025-08-08 05:00:00;0.56;5.8;13.6;19.4;5.0;31.0;7.0;711.9;0.0;72.0;2.3;0.0;24.89;5.6;41.0
5262;2025-08-08 06:00:00;0.59;10.0;16.6;26.6;3.0;36.0;8.0;712.0;0.0;74.0;3.0;0.0;24.48;3.4;42.0
5263;2025-08-08 07:00:00;0.63;15.9;16.8;32.7;3.0;37.0;9.0;712.2;0.0;75.0;3.4;0.016;24.33;1.7;57.0
5264;2025-08-08 08:00:00;0.7;15.2;15.5;30.7;4.0;31.0;9.0;712.5;0.0;73.0;3.3;0.133;24.86;1.4;61.0
5265;2025-08-08 09:00:00;0.84;15.1;15.5;30.6;9.0;33.0;13.0;712.5;0.0;68.0;3.6;0.351;26.36;3.6;19.0
5266;2025-08-08 10:00:00;0.87;8.7;13.6;22.3;20.0;33.0;16.0;712.6;0.0;62.0;3.3;0.603;27.56;4.8;16.0
5267;2025-08-08 11:00:00;0.97;8.8;21.0;29.9;32.0;37.0;17.0;712.4;0.0;55.0;3.1;0.762;29.47;4.3;23.0
5268;2025-08-08 12:00:00;0.88;9.3;25.6;34.8;42.0;44.0;16.0;712.1;0.0;50.0;4.3;0.913;30.65;6.7;44.0
5269;2025-08-08 13:00:00;0.65;6.0;18.4;24.4;49.0;33.0;12.0;711.5;0.0;43.0;5.5;1.0;31.79;6.4;62.0
5270;2025-08-08 14:00:00;0.6;3.0;12.1;15.1;69.0;23.0;11.0;710.9;0.0;38.0;6.0;1.003;33.19;6.2;38.0
5271;2025-08-08 15:00:00;0.62;1.8;8.7;10.5;84.0;28.0;13.0;710.2;0.0;36.0;6.4;0.924;33.93;10.2;52.0
5272;2025-08-08 16:00:00;0.53;2.1;6.5;8.6;57.0;19.0;9.0;709.7;0.0;31.0;5.6;0.809;34.98;11.1;59.0
5273;2025-08-08 17:00:00;0.49;2.0;5.3;7.3;46.0;15.0;7.0;709.3;0.0;29.0;3.5;0.496;35.23;11.6;68.0
5274;2025-08-08 18:00:00;0.5;2.0;5.9;8.0;41.0;14.0;7.0;709.1;0.0;28.0;3.0;0.318;35.47;9.7;112.0
5275;2025-08-08 19:00:00;0.49;1.7;6.4;8.2;38.0;13.0;;709.0;0.0;27.0;2.7;0.052;35.23;9.0;130.0
5276;2025-08-08 20:00:00;0.53;1.4;9.7;11.1;33.0;15.0;8.0;709.2;0.0;29.0;2.7;0.007;33.93;9.1;123.0
5277;2025-08-08 21:00:00;0.53;1.4;9.8;11.2;28.0;26.0;10.0;709.6;0.0;30.0;2.8;0.0;33.06;8.7;98.0
5278;2025-08-08 22:00:00;0.45;1.6;5.6;7.2;24.0;30.0;10.0;710.4;0.0;36.0;2.8;0.0;31.1;17.9;75.0
5279;2025-08-08 23:00:00;0.46;1.3;4.6;6.0;25.0;28.0;13.0;711.0;0.0;42.0;3.2;0.0;29.52;14.4;75.0
5280;2025-08-09 00:00:00;0.46;1.2;4.7;5.9;25.0;25.0;12.0;711.2;0.0;44.0;3.2;0.0;28.77;7.1;108.0
5281;2025-08-09 01:00:00;0.47;1.2;4.6;5.8;26.0;24.0;12.0;711.2;0.0;46.0;3.1;0.0;28.0;9.5;91.0
5282;2025-08-09 02:00:00;0.48;1.1;4.9;6.0;26.0;26.0;;711.0;0.0;50.0;3.0;0.0;27.15;6.8;70.0
5283;2025-08-09 03:00:00;0.49;1.8;9.9;11.7;17.0;28.0;13.0;710.8;0.0;54.0;3.2;0.0;26.45;7.0;30.0
5284;2025-08-09 04:00:00;0.51;8.5;16.6;25.0;6.0;39.0;16.0;710.7;0.0;60.0;4.9;0.0;25.32;6.6;35.0
5285;2025-08-09 05:00:00;0.51;3.1;12.8;15.9;10.0;42.0;14.0;710.7;0.0;65.0;4.8;0.0;24.42;4.8;60.0
5286;2025-08-09 06:00:00;0.54;6.9;17.9;24.9;4.0;49.0;14.0;710.9;0.0;66.0;5.6;0.0;24.04;3.1;49.0
5287;2025-08-09 07:00:00;0.62;13.9;19.3;33.2;4.0;50.0;15.0;711.0;0.0;68.0;6.7;0.022;23.8;1.1;63.0
5288;2025-08-09 08:00:00;0.92;11.8;17.8;29.5;10.0;41.0;15.0;711.1;0.0;65.0;5.7;0.159;24.8;3.6;356.0
5289;2025-08-09 09:00:00;0.93;9.4;16.0;25.4;20.0;33.0;;711.2;0.0;61.0;6.1;0.382;26.0;2.6;11.0
5290;2025-08-09 10:00:00;0.99;9.1;20.3;29.4;31.0;37.0;17.0;711.3;0.0;55.0;6.7;0.601;27.8;3.7;21.0
5291;2025-08-09 11:00:00;0.93;7.1;21.6;28.7;46.0;44.0;18.0;711.3;0.0;48.0;6.4;0.786;29.78;4.4;27.0
5292;2025-08-09 12:00:00;0.73;8.3;25.3;33.6;49.0;48.0;18.0;711.2;0.0;42.0;7.7;0.925;30.97;7.6;44.0
5293;2025-08-09 13:00:00;0.58;3.2;12.4;15.6;66.0;38.0;14.0;710.7;0.0;38.0;6.6;0.997;31.91;8.8;57.0
5294;2025-08-09 14:00:00;0.53;2.0;7.0;9.1;61.0;31.0;14.0;710.2;0.0;33.0;7.5;1.002;33.37;13.7;60.0
5295;2025-08-09 15:00:00;0.49;2.2;5.4;7.6;44.0;24.0;12.0;709.6;0.0;29.0;6.1;0.9;34.35;15.0;72.0
5296;2025-08-09 16:00:00;0.45;1.8;4.2;6.0;39.0;20.0;11.0;709.3;0.0;28.0;4.9;0.562;34.69;8.9;92.0
5297;2025-08-09 17:00:00;0.43;2.2;5.4;7.6;36.0;21.0;11.0;709.1;0.0;26.0;4.2;0.387;34.83;12.1;79.0
5298;2025-08-09 18:00:00;0.43;2.1;5.7;7.8;34.0;21.0;10.0;708.9;0.0;25.0;4.1;0.255;34.88;11.5;89.0
5299;2025-08-09 19:00:00;0.43;1.6;4.7;6.2;33.0;24.0;10.0;709.0;0.0;28.0;3.4;0.054;34.18;9.1;127.0
5300;2025-08-09 20:00:00;0.46;1.4;6.0;7.5;30.0;19.0;;709.2;0.0;30.0;2.9;0.007;32.89;7.7;123.0
5301;2025-08-09 21:00:00;0.49;1.8;9.6;11.4;21.0;20.0;11.0;709.6;0.0;31.0;3.0;0.0;32.35;11.0;81.0
5302;2025-08-09 22:00:00;0.5;1.4;5.5;6.9;21.0;38.0;11.0;710.3;0.0;42.0;3.3;0.0;30.47;12.2;108.0
5303;2025-08-09 23:00:00;0.5;1.4;4.1;5.4;23.0;44.0;;711.0;0.0;50.0;2.8;0.0;28.65;16.2;76.0
5304;2025-08-10 00:00:00;0.52;1.3;4.2;5.4;21.0;46.0;13.0;711.2;0.0;54.0;2.7;0.0;27.54;10.3;78.0
5305;2025-08-10 01:00:00;0.52;1.2;4.1;5.3;19.0;44.0;13.0;711.2;0.0;58.0;2.7;0.0;26.81;8.9;54.0
5306;2025-08-10 02:00:00;0.52;1.2;3.6;4.7;18.0;52.0;12.0;711.1;0.0;62.0;2.6;0.0;26.15;8.3;66.0
5307;2025-08-10 03:00:00;0.54;1.4;4.6;6.0;15.0;56.0;12.0;711.0;0.0;67.0;2.5;0.0;25.48;7.9;38.0
5308;2025-08-10 04:00:00;0.53;1.3;3.7;4.9;15.0;57.0;;710.9;0.0;70.0;2.5;0.0;24.83;7.6;46.0
5309;2025-08-10 05:00:00;0.55;4.2;13.0;17.2;5.0;61.0;13.0;710.9;0.0;73.0;2.5;0.0;24.37;5.3;39.0
5310;2025-08-10 06:00:00;0.57;7.3;14.9;22.2;3.0;63.0;14.0;711.1;0.0;74.0;3.5;0.0;24.12;3.3;42.0
5311;2025-08-10 07:00:00;0.59;5.1;13.1;18.2;4.0;55.0;15.0;711.2;0.0;75.0;3.5;0.019;23.99;1.3;59.0
5312;2025-08-10 08:00:00;0.68;6.7;12.1;18.7;7.0;50.0;15.0;711.4;0.0;73.0;3.2;0.1;24.6;2.4;30.0
5313;2025-08-10 09:00:00;0.77;5.7;9.7;15.4;15.0;48.0;17.0;711.5;0.0;68.0;3.1;0.338;26.12;2.8;26.0
5314;2025-08-10 10:00:00;0.75;4.6;9.5;14.2;25.0;39.0;20.0;711.5;0.0;61.0;3.2;0.58;27.86;2.2;39.0
5315;2025-08-10 11:00:00;0.85;6.2;15.5;21.7;36.0;37.0;21.0;711.6;0.0;54.0;3.3;0.756;29.31;4.5;
5316;2025-08-10 12:00:00;0.79;4.9;15.6;20.5;50.0;52.0;19.0;711.5;0.0;48.0;4.2;0.915;30.63;5.2;33.0
5317;2025-08-10 13:00:00;0.61;4.0;14.7;18.7;61.0;50.0;18.0;711.2;0.0;41.0;6.0;0.99;31.9;7.7;25.0
5318;2025-08-10 14:00:00;0.52;1.8;6.6;8.4;68.0;46.0;15.0;710.6;0.0;35.0;5.8;1.026;33.4;9.3;76.0
5319;2025-08-10 15:00:00;0.5;1.4;4.5;5.9;60.0;30.0;16.0;710.3;0.0;35.0;8.2;0.592;33.38;11.3;119.0
5320;2025-08-10 16:00:00;0.48;1.5;4.0;5.5;54.0;25.0;15.0;710.0;0.0;34.0;6.8;0.777;33.35;12.6;125.0
5321;2025-08-10 17:00:00;0.47;1.6;4.7;6.2;52.0;21.0;13.0;709.6;0.0;33.0;4.4;0.41;33.01;11.3;105.0
5322;2025-08-10 18:00:00;0.48;1.5;5.1;6.6;46.0;20.0;13.0;709.6;0.0;35.0;3.4;0.234;32.32;9.3;119.0
5323;2025-08-10 19:00:00;0.48;1.3;4.7;6.0;40.0;19.0;12.0;709.7;0.0;34.0;2.8;0.079;32.36;9.3;125.0
5324;2025-08-10 20:00:00;0.48;1.2;5.7;6.9;38.0;21.0;13.0;709.7;0.0;35.0;2.7;0.007;31.6;6.1;132.0
5325;2025-08-10 21:00:00;0.53;1.2;8.0;9.2;31.0;29.0;13.0;710.1;0.0;40.0;2.6;0.0;30.66;8.1;75.0
5326;2025-08-10 22:00:00;0.49;;4.8;5.9;32.0;45.0;12.0;710.8;0.0;45.0;3.4;0.0;28.96;11.8;89.0
5327;2025-08-10 23:00:00;0.5;1.1;4.3;5.5;28.0;30.0;9.0;711.1;0.0;51.0;2.7;0.0;27.91;9.1;94.0
5328;2025-08-11 00:00:00;0.5;1.1;4.3;5.4;25.0;33.0;8.0;711.5;0.0;55.0;2.5;0.0;27.15;7.1;74.0
5329;2025-08-11 01:00:00;0.52;1.3;5.6;6.9;18.0;43.0;7.0;711.4;0.0;60.0;2.4;0.0;26.43;8.0;55.0
5330;2025-08-11 02:00:00;0.54;1.2;5.4;6.5;14.0;54.0;7.0;711.2;0.0;65.0;2.6;0.0;25.66;7.3;47.0
5331;2025-08-11 03:00:00;0.51;1.1;3.5;4.7;18.0;53.0;;711.0;0.0;65.0;2.6;0.0;25.53;6.7;34.0
5332;2025-08-11 04:00:00;0.51;1.2;4.1;5.3;17.0;54.0;;710.8;0.0;68.0;2.3;0.0;24.96;5.1;36.0
5333;2025-08-11 05:00:00;0.52;5.7;10.0;15.8;9.0;56.0;8.0;710.8;0.0;72.0;2.3;0.0;24.33;3.8;52.0
5334;2025-08-11 06:00:00;0.54;2.4;11.5;13.9;7.0;56.0;9.0;710.6;0.0;74.0;3.1;0.0;23.93;3.1;80.0
5335;2025-08-11 07:00:00;0.59;8.1;14.7;22.8;4.0;56.0;9.0;710.7;0.0;75.0;3.1;0.015;23.8;0.8;53.0
5336;2025-08-11 08:00:00;0.7;11.3;13.4;24.8;6.0;55.0;10.0;710.8;0.0;72.0;3.0;0.145;24.91;1.7;37.0
5337;2025-08-11 09:00:00;0.77;9.0;12.1;21.0;13.0;40.0;12.0;711.2;0.0;67.0;3.2;0.343;26.14;5.1;26.0
5338;2025-08-11 10:00:00;0.92;9.1;14.3;23.4;19.0;47.0;15.0;711.6;0.0;63.0;2.9;0.492;27.05;5.8;6.0
5339;2025-08-11 11:00:00;0.87;7.0;14.5;21.5;31.0;38.0;18.0;711.8;0.0;57.0;3.0;0.767;28.78;5.5;19.0
5340;2025-08-11 12:00:00;0.77;3.8;12.3;16.1;52.0;59.0;16.0;711.6;0.0;48.0;3.0;0.908;30.72;4.5;37.0
5341;2025-08-11 13:00:00;0.74;3.6;15.1;18.6;67.0;64.0;16.0;711.1;0.0;44.0;4.0;1.002;31.88;6.6;41.0
5342;2025-08-11 14:00:00;0.62;2.2;11.3;13.5;88.0;57.0;;710.5;0.0;37.0;4.8;1.011;33.28;6.8;66.0
5343;2025-08-11 15:00:00;0.58;1.5;6.7;8.2;78.0;40.0;14.0;710.2;0.0;37.0;4.0;0.863;33.52;11.9;120.0
5344;2025-08-11 16:00:00;0.53;1.5;5.3;6.8;68.0;52.0;14.0;709.7;0.0;34.0;5.1;0.812;34.15;10.0;116.0
5345;2025-08-11 17:00:00;0.56;2.1;7.6;9.7;53.0;36.0;13.0;709.8;0.0;47.0;3.8;0.347;30.9;5.8;40.0
5346;2025-08-11 18:00:00;0.75;3.9;16.7;20.7;26.0;31.0;12.0;710.0;0.0;74.0;2.4;0.074;24.9;3.5;254.0
5347;2025-08-11 19:00:00;1.02;4.7;26.8;31.5;15.0;57.0;13.0;709.5;0.0;58.0;2.2;0.044;28.54;1.0;288.0
5348;2025-08-11 20:00:00;1.4;11.0;39.0;49.9;5.0;51.0;14.0;709.7;0.0;58.0;2.2;0.006;28.87;4.9;351.0
5349;2025-08-11 21:00:00;1.56;21.8;38.7;60.4;3.0;71.0;16.0;710.2;0.0;53.0;2.3;0.0;29.22;2.6;15.0
5350;2025-08-11 22:00:00;1.38;26.8;36.3;63.1;3.0;77.0;17.0;710.9;0.0;53.0;2.6;0.0;29.13;4.0;51.0
5351;2025-08-11 23:00:00;0.69;4.0;14.8;18.8;13.0;65.0;13.0;711.0;0.0;53.0;2.8;0.0;28.65;8.2;80.0
5352;2025-08-12 00:00:00;0.56;1.5;7.8;9.2;12.0;61.0;8.0;711.2;0.0;61.0;2.5;0.0;27.24;8.6;60.0
5353;2025-08-12 01:00:00;0.53;1.2;4.0;5.3;12.0;47.0;8.0;711.2;0.0;68.0;2.2;0.0;26.18;9.9;56.0
5354;2025-08-12 02:00:00;0.52;1.2;3.7;4.9;10.0;51.0;6.0;711.1;0.0;70.0;2.1;0.0;25.67;8.2;50.0
5355;2025-08-12 03:00:00;0.52;;3.6;4.8;10.0;49.0;7.0;710.7;0.0;72.0;2.0;0.0;25.2;6.6;42.0
5356;2025-08-12 04:00:00;0.61;5.2;10.9;16.0;4.0;46.0;8.0;710.6;0.0;75.0;2.1;0.0;24.56;5.7;9.0
5357;2025-08-12 05:00:00;0.55;9.5;11.7;21.2;3.0;52.0;7.0;710.8;0.0;77.0;2.0;0.0;24.13;4.6;38.0
5358;2025-08-12 06:00:00;0.61;13.8;13.2;27.0;3.0;56.0;9.0;710.9;0.0;78.0;2.1;0.0;24.15;2.5;3.0
5359;2025-08-12 07:00:00;0.75;6.7;13.0;19.8;3.0;59.0;11.0;711.1;0.0;77.0;2.1;0.012;24.32;2.6;356.0
5360;2025-08-12 08:00:00;0.81;8.7;11.2;20.0;4.0;60.0;10.0;711.2;0.0;75.0;2.1;0.105;24.83;2.4;4.0
5361;2025-08-12 09:00:00;0.89;12.8;12.5;25.3;6.0;40.0;12.0;711.4;0.0;71.0;2.1;0.305;26.08;5.1;12.0
5362;2025-08-12 10:00:00;0.82;10.0;12.2;22.1;15.0;40.0;15.0;711.5;0.0;64.0;2.1;0.6;27.37;6.0;1.0
5363;2025-08-12 11:00:00;0.74;5.0;11.9;16.9;34.0;37.0;16.0;711.5;0.0;55.0;2.1;0.794;29.47;4.4;16.0
5364;2025-08-12 12:00:00;0.97;10.9;26.3;37.2;38.0;59.0;16.0;711.3;0.0;47.0;2.2;0.916;31.36;5.4;56.0
5365;2025-08-12 13:00:00;0.71;3.9;15.0;19.0;67.0;63.0;;711.0;0.0;41.0;3.0;1.004;32.38;10.5;55.0
5366;2025-08-12 14:00:00;0.62;2.1;7.3;9.3;61.0;52.0;12.0;710.6;0.0;35.0;3.7;1.021;33.74;13.4;67.0
5367;2025-08-12 15:00:00;0.53;2.1;5.5;7.6;47.0;30.0;12.0;710.1;0.0;31.0;4.8;0.923;34.54;13.4;67.0
5368;2025-08-12 16:00:00;0.49;2.0;4.8;6.8;46.0;24.0;;709.7;0.0;31.0;3.9;0.741;35.01;12.7;69.0
5369;2025-08-12 17:00:00;0.51;2.0;6.1;8.1;42.0;25.0;;709.5;0.0;32.0;3.7;0.406;34.55;12.5;85.0
5370;2025-08-12 18:00:00;0.57;2.2;8.0;10.2;38.0;32.0;11.0;709.4;0.0;36.0;2.9;0.232;33.47;10.3;128.0
5371;2025-08-12 19:00:00;0.56;1.8;7.7;9.5;39.0;41.0;9.0;709.1;0.0;35.0;2.7;0.052;33.69;8.4;137.0
5372;2025-08-12 20:00:00;0.6;1.3;11.0;12.3;33.0;34.0;9.0;709.4;0.0;36.0;2.5;0.005;32.56;5.1;131.0
5373;2025-08-12 21:00:00;0.61;1.4;14.4;15.8;26.0;34.0;;709.7;0.0;37.0;2.5;0.0;32.16;4.5;119.0
5374;2025-08-12 22:00:00;0.57;1.7;12.7;14.4;26.0;30.0;10.0;710.4;0.0;39.0;2.4;0.0;31.44;8.4;98.0
5375;2025-08-12 23:00:00;0.53;1.2;5.7;6.9;21.0;53.0;8.0;711.3;0.0;53.0;2.2;0.0;29.45;12.0;106.0
5376;2025-08-13 00:00:00;0.53;1.3;4.2;5.6;18.0;52.0;7.0;711.6;0.0;58.0;2.2;0.0;28.41;9.4;80.0
5377;2025-08-13 01:00:00;0.53;1.1;3.5;4.6;19.0;53.0;7.0;711.4;0.0;60.0;2.1;0.0;27.76;8.3;95.0
5378;2025-08-13 02:00:00;0.52;1.1;3.4;4.5;22.0;48.0;11.0;711.2;0.0;62.0;2.2;0.0;27.04;8.6;85.0
5379;2025-08-13 03:00:00;0.52;;3.2;4.3;19.0;50.0;10.0;711.0;0.0;67.0;2.0;0.0;26.39;7.8;62.0
5380;2025-08-13 04:00:00;0.53;1.8;8.2;10.0;9.0;56.0;10.0;710.8;0.0;71.0;2.0;0.0;25.96;5.6;25.0
5381;2025-08-13 05:00:00;0.53;1.2;5.5;6.7;10.0;56.0;9.0;710.8;0.0;75.0;2.0;0.0;25.41;3.9;61.0
5382;2025-08-13 06:00:00;0.56;4.2;10.4;14.7;4.0;54.0;11.0;711.1;0.0;76.0;2.1;0.0;25.42;5.6;62.0
5383;2025-08-13 07:00:00;0.6;5.8;12.1;18.0;3.0;57.0;11.0;711.4;0.0;76.0;2.1;0.015;25.41;3.3;60.0
5384;2025-08-13 08:00:00;0.7;13.5;12.4;25.9;3.0;57.0;12.0;711.7;0.0;75.0;2.1;0.107;25.76;4.6;55.0
5385;2025-08-13 09:00:00;0.79;14.8;12.6;27.4;8.0;47.0;15.0;711.9;0.0;71.0;2.2;0.292;26.77;4.6;18.0
5386;2025-08-13 10:00:00;0.86;8.2;13.3;21.5;21.0;41.0;18.0;711.9;0.0;62.0;2.1;0.556;28.81;3.7;27.0
5387;2025-08-13 11:00:00;0.95;6.1;16.6;22.7;40.0;42.0;19.0;711.8;0.0;53.0;2.0;0.778;30.79;3.8;355.0
5388;2025-08-13 12:00:00;1.01;7.9;24.8;32.7;51.0;64.0;17.0;711.4;0.0;45.0;2.1;0.914;32.48;6.7;30.0
5389;2025-08-13 13:00:00;0.69;1.9;9.4;11.3;71.0;45.0;13.0;711.0;0.0;35.0;2.2;1.01;33.81;8.9;64.0
5390;2025-08-13 14:00:00;0.64;1.8;10.6;12.5;70.0;29.0;11.0;710.5;0.0;31.0;2.3;1.017;34.87;10.0;57.0
5391;2025-08-13 15:00:00;0.59;1.6;5.3;6.9;69.0;21.0;10.0;710.0;0.0;29.0;2.9;0.965;35.71;10.9;68.0
5392;2025-08-13 16:00:00;0.47;1.7;5.6;7.3;56.0;26.0;11.0;709.5;0.0;28.0;4.2;0.595;35.61;12.0;74.0
5393;2025-08-13 17:00:00;0.48;1.7;5.7;7.4;50.0;23.0;12.0;709.1;0.0;27.0;4.3;0.378;35.65;11.5;77.0
5394;2025-08-13 18:00:00;0.5;2.0;7.0;9.0;42.0;24.0;10.0;709.0;0.0;28.0;4.0;0.137;35.0;12.9;79.0
5395;2025-08-13 19:00:00;0.51;1.8;7.6;9.5;36.0;27.0;10.0;709.1;0.0;31.0;3.3;0.06;33.7;10.9;130.0
5396;2025-08-13 20:00:00;0.54;1.5;7.7;9.2;34.0;39.0;8.0;709.4;0.0;41.0;2.7;0.006;30.66;10.8;127.0
5397;2025-08-13 21:00:00;0.58;1.2;9.6;10.8;29.0;50.0;8.0;709.6;0.0;45.0;2.5;0.0;29.51;7.6;104.0
5398;2025-08-13 22:00:00;0.53;1.3;8.3;9.5;33.0;38.0;9.0;710.1;0.0;40.0;2.4;0.0;30.32;8.2;86.0
5399;2025-08-13 23:00:00;0.58;1.2;9.9;11.2;27.0;47.0;9.0;710.7;0.0;46.0;2.3;0.0;29.22;6.9;74.0
5400;2025-08-14 00:00:00;0.52;1.6;7.5;9.1;29.0;54.0;10.0;710.7;0.0;46.0;2.3;0.0;29.1;6.3;57.0
5401;2025-08-14 01:00:00;0.54;1.4;10.0;11.4;21.0;52.0;11.0;710.6;0.0;52.0;2.3;0.0;28.12;7.3;34.0
5402;2025-08-14 02:00:00;0.54;1.1;6.1;7.2;20.0;58.0;13.0;710.5;0.0;58.0;2.4;0.0;27.13;6.3;44.0
5403;2025-08-14 03:00:00;0.54;1.3;6.0;7.3;16.0;59.0;13.0;710.4;0.0;63.0;2.3;0.0;26.32;5.7;43.0
5404;2025-08-14 04:00:00;0.54;2.2;8.7;10.9;11.0;62.0;12.0;710.4;0.0;67.0;2.2;0.0;25.54;4.7;55.0
5405;2025-08-14 05:00:00;0.56;3.7;13.1;16.8;6.0;63.0;13.0;710.6;0.0;69.0;2.7;0.0;25.21;4.6;67.0
5406;2025-08-14 06:00:00;0.58;6.0;14.8;20.7;4.0;61.0;13.0;710.8;0.0;71.0;2.9;0.0;24.79;2.4;52.0
5407;2025-08-14 07:00:00;0.64;9.1;16.1;25.2;3.0;71.0;14.0;711.1;0.0;71.0;3.1;0.02;24.63;2.2;53.0
5408;2025-08-14 08:00:00;0.79;13.4;15.2;28.6;6.0;70.0;14.0;711.4;0.0;68.0;3.2;0.146;25.69;3.4;15.0
5409;2025-08-14 09:00:00;0.87;13.5;16.5;30.0;12.0;56.0;;711.6;0.0;64.0;3.4;0.368;26.96;4.3;23.0
5410;2025-08-14 10:00:00;0.97;11.2;20.3;31.5;23.0;55.0;16.0;711.6;0.0;57.0;3.3;0.603;28.7;5.1;6.0
5411;2025-08-14 11:00:00;1.09;9.3;26.8;36.1;38.0;70.0;17.0;711.6;0.0;50.0;3.6;0.786;30.56;5.6;35.0
5412;2025-08-14 12:00:00;0.87;8.6;28.5;37.0;51.0;73.0;20.0;711.5;0.0;45.0;5.9;0.93;31.57;7.8;53.0
5413;2025-08-14 13:00:00;0.65;4.1;15.8;20.0;59.0;68.0;16.0;711.2;0.0;39.0;6.2;1.003;32.7;10.0;64.0
5414;2025-08-14 14:00:00;0.58;2.0;7.9;9.8;69.0;46.0;14.0;710.7;0.0;34.0;4.7;1.005;33.96;11.2;66.0
5415;2025-08-14 15:00:00;0.5;2.0;6.3;8.3;58.0;31.0;14.0;710.1;0.0;28.0;6.8;0.922;35.01;13.6;57.0
5416;2025-08-14 16:00:00;0.5;2.2;6.0;8.2;46.0;24.0;11.0;709.5;0.0;29.0;4.0;0.57;35.22;13.1;73.0
5417;2025-08-14 17:00:00;0.49;2.5;5.6;8.0;41.0;22.0;11.0;709.4;0.0;26.0;3.1;0.581;36.0;10.7;105.0
5418;2025-08-14 18:00:00;0.49;2.2;6.1;8.3;35.0;18.0;9.0;709.1;0.0;25.0;2.7;0.267;35.77;12.3;120.0
5419;2025-08-14 19:00:00;0.48;2.1;7.0;9.0;31.0;18.0;9.0;709.1;0.0;25.0;2.5;0.05;35.12;11.0;121.0
5420;2025-08-14 20:00:00;0.5;1.5;8.6;10.1;28.0;23.0;10.0;709.3;0.0;28.0;2.5;0.006;34.14;11.1;101.0
5421;2025-08-14 21:00:00;0.53;1.6;6.5;8.1;23.0;53.0;9.0;710.0;0.0;39.0;2.5;0.0;32.13;14.5;81.0
5422;2025-08-14 22:00:00;0.52;1.9;5.0;6.9;23.0;72.0;10.0;710.7;0.0;46.0;2.5;0.0;30.26;15.8;68.0
5423;2025-08-14 23:00:00;0.52;1.4;4.4;5.8;22.0;55.0;10.0;711.0;0.0;51.0;2.5;0.0;29.05;14.1;75.0
5424;2025-08-15 00:00:00;0.52;1.2;3.8;5.0;21.0;29.0;;711.1;0.0;54.0;2.3;0.0;28.26;10.7;81.0
5425;2025-08-15 01:00:00;0.52;1.2;3.7;4.9;20.0;27.0;;711.1;0.0;58.0;2.3;0.0;27.55;8.1;77.0
5426;2025-08-15 02:00:00;0.52;1.1;3.2;4.3;17.0;25.0;;710.9;0.0;63.0;2.3;0.0;26.47;10.2;53.0
5427;2025-08-15 03:00:00;0.52;1.2;3.5;4.6;16.0;26.0;;711.0;0.0;67.0;2.2;0.0;25.69;9.9;43.0
5428;2025-08-15 04:00:00;0.53;1.1;2.9;4.0;15.0;25.0;;711.1;0.0;69.0;2.2;0.0;25.32;10.4;55.0
5429;2025-08-15 05:00:00;0.52;1.1;3.0;4.1;14.0;26.0;;711.2;0.0;71.0;2.1;0.0;24.78;9.3;57.0
5430;2025-08-15 06:00:00;0.54;2.6;7.5;10.1;10.0;29.0;;711.3;0.0;72.0;2.3;0.0;24.48;5.4;34.0
5431;2025-08-15 07:00:00;0.67;8.1;15.6;23.7;3.0;36.0;;711.7;0.0;74.0;2.3;0.016;24.36;2.5;3.0
5432;2025-08-15 08:00:00;0.77;11.3;13.5;24.9;5.0;41.0;;712.1;0.0;72.0;2.5;0.082;24.95;3.0;72.0
5433;2025-08-15 09:00:00;0.84;13.9;14.4;28.3;9.0;40.0;;712.3;0.0;66.0;2.6;0.32;26.67;1.8;42.0
5434;2025-08-15 10:00:00;0.9;18.3;19.0;37.2;15.0;44.0;;712.7;0.0;61.0;3.4;0.534;27.85;6.5;60.0
5435;2025-08-15 11:00:00;0.74;6.5;13.3;19.8;32.0;47.0;;712.8;0.0;57.0;3.0;0.789;28.92;8.9;41.0
5436;2025-08-15 12:00:00;0.66;3.5;11.5;15.0;52.0;58.0;16.0;712.4;0.0;53.0;2.8;0.924;30.09;7.9;54.0
5437;2025-08-15 13:00:00;0.65;2.4;9.9;12.4;63.0;58.0;19.0;712.0;0.0;49.0;3.9;0.979;31.07;9.6;54.0
5438;2025-08-15 14:00:00;0.68;2.3;8.0;10.2;52.0;37.0;14.0;711.6;0.0;45.0;4.3;0.906;32.09;13.3;57.0
5439;2025-08-15 15:00:00;0.61;2.3;7.3;9.6;47.0;32.0;15.0;711.3;0.0;41.0;4.4;0.759;32.7;14.2;55.0
5440;2025-08-15 16:00:00;0.56;2.4;5.7;8.1;36.0;44.0;15.0;710.8;0.0;38.0;4.4;0.553;33.05;14.1;72.0
5441;2025-08-15 17:00:00;0.6;2.8;7.2;9.9;32.0;47.0;;710.7;0.0;39.0;3.1;0.336;32.56;15.9;68.0
5442;2025-08-15 18:00:00;0.62;2.3;8.5;10.9;27.0;44.0;16.0;710.7;0.0;42.0;3.5;0.101;31.68;11.2;85.0
5443;2025-08-15 19:00:00;0.61;1.8;8.0;9.8;26.0;37.0;16.0;710.8;0.0;44.0;2.8;0.045;31.2;10.4;117.0
5444;2025-08-15 20:00:00;0.66;1.6;9.9;11.5;21.0;50.0;18.0;711.1;0.0;46.0;2.5;0.006;30.89;9.1;97.0
5445;2025-08-15 21:00:00;0.57;1.5;6.4;7.9;22.0;40.0;16.0;711.6;0.0;47.0;2.5;0.0;30.55;11.6;81.0
5446;2025-08-15 22:00:00;0.58;1.5;7.0;8.5;20.0;45.0;17.0;712.1;0.0;50.0;2.5;0.0;29.35;12.3;79.0
5447;2025-08-15 23:00:00;0.54;1.4;5.2;6.6;20.0;33.0;14.0;712.5;0.0;53.0;2.4;0.0;28.56;12.3;73.0
5448;2025-08-16 00:00:00;0.55;1.2;4.6;5.8;17.0;45.0;15.0;712.5;0.0;61.0;2.2;0.0;27.49;11.7;68.0
5449;2025-08-16 01:00:00;0.57;1.1;4.4;5.5;15.0;61.0;10.0;712.5;0.0;67.0;2.2;0.0;26.79;8.8;61.0
5450;2025-08-16 02:00:00;0.56;1.1;4.3;5.4;14.0;62.0;10.0;712.4;0.0;69.0;2.1;0.0;26.36;9.0;50.0
5451;2025-08-16 03:00:00;0.55;;3.5;4.6;15.0;63.0;11.0;712.3;0.0;71.0;2.1;0.0;25.83;9.2;55.0
5452;2025-08-16 04:00:00;0.55;;3.3;4.4;14.0;57.0;13.0;712.0;0.0;71.0;2.0;0.0;25.69;8.5;60.0
5453;2025-08-16 05:00:00;0.55;1.0;3.7;4.8;14.0;61.0;12.0;712.1;0.0;72.0;2.0;0.0;25.47;7.0;55.0
5454;2025-08-16 06:00:00;0.55;1.1;4.6;5.6;13.0;56.0;12.0;712.3;0.0;75.0;2.1;0.0;25.12;6.0;68.0
5455;2025-08-16 07:00:00;0.59;5.8;13.1;18.8;5.0;62.0;14.0;712.4;0.0;76.0;2.0;0.008;25.06;4.5;46.0
5456;2025-08-16 08:00:00;0.64;12.4;15.0;27.4;4.0;67.0;15.0;712.8;0.0;76.0;2.0;0.035;25.18;5.9;52.0
5457;2025-08-16 09:00:00;0.68;10.4;13.8;24.2;7.0;69.0;16.0;713.2;0.0;75.0;2.0;0.092;25.23;7.8;65.0
5458;2025-08-16 10:00:00;0.76;12.7;13.9;26.6;10.0;69.0;19.0;713.4;0.0;70.0;2.2;0.385;26.48;6.1;49.0
5459;2025-08-16 11:00:00;0.77;13.2;17.3;30.5;17.0;59.0;19.0;713.4;0.0;62.0;2.1;0.613;28.24;5.9;40.0
5460;2025-08-16 12:00:00;0.69;4.6;14.0;18.6;43.0;53.0;;713.1;0.0;55.0;2.2;0.677;29.86;6.7;67.0
5461;2025-08-16 13:00:00;0.68;1.9;9.2;11.2;67.0;56.0;;712.7;0.0;52.0;2.1;0.738;30.7;8.3;56.0
5462;2025-08-16 14:00:00;0.7;1.3;7.8;9.0;86.0;26.0;13.0;712.2;0.0;47.0;2.0;0.409;31.72;5.6;67.0
5463;2025-08-16 15:00:00;0.72;1.1;7.0;8.1;66.0;37.0;13.0;711.7;0.0;44.0;2.2;0.465;31.33;7.0;228.0
5464;2025-08-16 16:00:00;0.73;4.6;7.4;12.5;65.0;52.0;15.0;710.9;0.0;41.0;;0.745;31.92;10.2;233.0
5465;2025-08-16 17:00:00;0.67;3.0;11.2;14.2;77.0;61.0;19.0;710.4;0.0;37.0;3.3;0.573;33.6;8.7;213.0
5466;2025-08-16 18:00:00;0.69;2.6;13.0;15.6;72.0;52.0;17.0;710.2;0.0;36.0;3.5;0.192;33.61;5.7;229.0
5467;2025-08-16 19:00:00;0.73;2.4;16.9;19.4;62.0;52.0;19.0;710.3;0.0;36.0;3.8;0.04;32.98;5.1;230.0
5468;2025-08-16 20:00:00;0.86;2.2;23.8;26.0;47.0;68.0;19.0;710.7;0.0;38.0;4.8;0.006;32.19;4.8;225.0
5469;2025-08-16 21:00:00;0.64;2.2;8.9;11.0;46.0;66.0;17.0;711.3;0.0;38.0;3.9;0.0;31.48;6.5;114.0
5470;2025-08-16 22:00:00;0.62;;8.6;10.8;38.0;58.0;15.0;712.0;0.0;42.0;3.4;0.0;30.18;7.6;71.0
5471;2025-08-16 23:00:00;0.59;2.4;5.2;7.6;27.0;48.0;16.0;712.3;0.0;53.0;2.6;0.0;28.48;10.0;58.0
5472;2025-08-17 00:00:00;0.64;2.5;8.6;11.1;14.0;53.0;17.0;712.7;0.0;58.0;2.4;0.0;27.66;8.4;52.0
5473;2025-08-17 01:00:00;0.65;2.3;7.3;9.6;14.0;61.0;20.0;712.4;0.0;61.0;2.3;0.0;27.03;8.8;57.0
5474;2025-08-17 02:00:00;0.68;2.2;6.9;9.1;16.0;53.0;21.0;712.1;0.0;63.0;2.3;0.0;26.18;9.1;57.0
5475;2025-08-17 03:00:00;0.66;2.5;6.5;8.9;16.0;45.0;19.0;712.0;0.0;65.0;2.3;0.0;25.41;6.8;38.0
5476;2025-08-17 04:00:00;0.67;3.4;10.4;13.8;11.0;42.0;19.0;712.0;0.0;64.0;2.3;0.0;25.06;6.7;6.0
5477;2025-08-17 05:00:00;0.64;17.1;14.4;31.5;7.0;54.0;20.0;711.8;0.0;64.0;3.3;0.0;24.61;5.2;11.0
5478;2025-08-17 06:00:00;0.64;25.6;13.8;39.4;7.0;73.0;21.0;711.9;0.0;65.0;5.3;0.0;24.08;3.2;39.0
5479;2025-08-17 07:00:00;0.8;15.1;13.4;28.5;7.0;58.0;19.0;712.1;0.0;66.0;4.9;0.017;23.99;1.6;6.0
5480;2025-08-17 08:00:00;0.87;12.2;11.6;23.8;11.0;74.0;19.0;712.4;0.0;63.0;4.7;0.148;24.92;1.9;16.0
5481;2025-08-17 09:00:00;0.78;11.3;11.3;22.6;17.0;47.0;22.0;712.4;0.0;60.0;5.5;0.379;26.25;3.3;3.0
5482;2025-08-17 10:00:00;0.7;8.0;10.8;18.8;31.0;52.0;25.0;712.6;0.0;56.0;4.7;0.607;28.09;4.2;21.0
5483;2025-08-17 11:00:00;0.82;12.9;17.6;30.5;42.0;58.0;29.0;712.6;0.0;51.0;6.2;0.787;29.67;5.7;42.0
5484;2025-08-17 12:00:00;0.51;15.0;17.2;32.2;52.0;55.0;28.0;712.4;0.0;48.0;7.9;0.933;30.53;8.1;44.0
5485;2025-08-17 13:00:00;;;;;68.0;60.0;30.0;;;;;0.0;;;
5486;2025-08-17 14:00:00;;;;;70.0;58.0;35.0;;;;;;;;
5487;2025-08-17 15:00:00;;;;;50.0;45.0;30.0;;;;;;;;
5488;2025-08-17 16:00:00;;;;;45.0;35.0;28.0;;;;;;;;
5489;2025-08-17 17:00:00;;;;;34.0;31.0;23.0;;;;;0.0;;;
5490;2025-08-17 18:00:00;;;;;32.0;29.0;28.0;;;;;0.0;;;
5491;2025-08-17 19:00:00;;;;;27.0;30.0;27.0;;;;;0.0;;;
5492;2025-08-17 20:00:00;;;;;25.0;32.0;;;;;;0.0;;;
5493;2025-08-17 21:00:00;;;;;23.0;28.0;;;;;;0.0;;;
5494;2025-08-17 22:00:00;;;;;;32.0;;;;;;0.0;;;
5495;2025-08-17 23:00:00;;;;;;;;;;;;0.0;;;
5496;2025-08-18 00:00:00;;;;;;;;;;;;;;;
5497;2025-08-18 01:00:00;0.56;1.7;0.2;1.9;20.0;;;711.4;0.0;55.0;3.6;0.0;27.65;8.1;94.0
5498;2025-08-18 02:00:00;0.54;1.7;0.2;1.9;21.0;;;711.2;0.0;57.0;3.5;0.0;26.92;8.5;78.0
5499;2025-08-18 03:00:00;0.55;1.7;0.2;1.9;19.0;;;710.9;0.0;60.0;3.5;0.0;26.17;8.7;46.0
5500;2025-08-18 04:00:00;0.57;1.7;0.2;1.9;12.0;;;710.9;0.0;65.0;3.5;0.0;25.22;7.4;28.0
5501;2025-08-18 05:00:00;0.6;1.7;0.2;1.9;8.0;;;711.0;0.0;70.0;4.3;0.0;24.57;5.0;37.0
5502;2025-08-18 06:00:00;0.63;1.7;0.2;1.9;6.0;;;711.3;0.0;73.0;4.9;0.0;24.09;4.2;39.0
5503;2025-08-18 07:00:00;0.73;1.7;0.2;1.9;7.0;;;711.7;0.0;74.0;5.3;0.018;24.0;1.8;35.0
5504;2025-08-18 08:00:00;0.81;1.7;0.2;1.9;8.0;;;712.2;0.0;72.0;4.6;0.1;24.72;1.3;58.0
5505;2025-08-18 09:00:00;0.54;24.5;6.1;30.1;15.0;11.0;;712.5;0.0;65.0;4.4;0.419;26.71;2.0;39.0
5506;2025-08-18 10:00:00;;11.8;17.0;28.8;25.0;;;712.5;0.0;57.0;3.0;0.609;28.21;3.6;1.0
5507;2025-08-18 11:00:00;;19.4;27.0;46.4;27.0;;;712.6;0.0;52.0;3.6;0.795;29.59;8.1;42.0
5508;2025-08-18 12:00:00;;7.4;17.5;24.9;46.0;54.0;;712.5;0.0;46.0;4.2;0.949;30.69;10.4;49.0
5509;2025-08-18 13:00:00;0.12;3.4;9.0;12.4;63.0;45.0;;712.0;0.0;38.0;6.6;1.025;32.51;14.0;55.0
5510;2025-08-18 14:00:00;;3.6;6.8;10.4;47.0;45.0;;711.6;0.0;34.0;5.9;1.022;33.75;14.0;65.0
5511;2025-08-18 15:00:00;;3.2;5.3;8.5;45.0;34.0;;711.1;0.0;31.0;3.5;0.935;34.68;14.2;72.0
5512;2025-08-18 16:00:00;;3.2;5.3;8.6;46.0;29.0;;710.6;0.0;28.0;3.1;0.605;35.34;16.5;73.0
5513;2025-08-18 17:00:00;;3.5;5.8;9.4;42.0;25.0;;710.1;0.0;27.0;2.8;0.439;35.62;15.1;78.0
5514;2025-08-18 18:00:00;;3.4;5.8;9.3;37.0;25.0;;709.9;0.0;26.0;2.4;0.241;35.51;15.1;89.0
5515;2025-08-18 19:00:00;;3.5;8.2;11.8;32.0;25.0;;709.9;0.0;26.0;1.9;0.03;34.82;14.2;86.0
5516;2025-08-18 20:00:00;;2.7;7.5;10.3;30.0;23.0;;710.2;0.0;29.0;1.7;0.001;33.62;14.1;86.0
5517;2025-08-18 21:00:00;;2.4;6.3;8.8;31.0;23.0;;710.7;0.0;31.0;1.7;0.0;32.92;11.6;108.0
5518;2025-08-18 22:00:00;;2.4;6.5;9.1;29.0;22.0;;711.2;0.0;35.0;1.8;0.0;31.85;10.9;129.0
5519;2025-08-18 23:00:00;;2.2;5.7;7.9;27.0;23.0;;711.4;0.0;39.0;1.7;0.0;30.93;8.2;120.0
5520;2025-08-19 00:00:00;;2.3;4.7;7.0;23.0;24.0;;711.7;0.0;50.0;1.9;0.0;29.23;11.2;76.0
5521;2025-08-19 01:00:00;;2.2;4.1;6.4;20.0;25.0;;712.0;0.0;55.0;1.9;0.0;28.04;10.8;74.0
5522;2025-08-19 02:00:00;;2.2;3.3;5.6;20.0;22.0;;712.0;0.0;59.0;1.8;0.0;27.25;9.9;81.0
5523;2025-08-19 03:00:00;;;3.0;5.2;20.0;20.0;;711.9;0.0;61.0;1.8;0.0;26.75;8.2;74.0
5524;2025-08-19 04:00:00;;4.7;7.0;11.8;14.0;19.0;;711.8;0.0;64.0;1.7;0.0;26.18;7.5;39.0
5525;2025-08-19 05:00:00;;14.0;9.2;23.3;11.0;24.0;;711.9;0.0;69.0;2.1;0.0;25.31;5.6;52.0
5526;2025-08-19 06:00:00;;14.6;12.7;27.5;7.0;25.0;;712.2;0.0;70.0;3.5;0.0;25.13;3.8;53.0
5527;2025-08-19 07:00:00;;17.2;13.2;30.5;7.0;31.0;;712.5;0.0;71.0;2.9;0.02;25.11;1.8;97.0
5528;2025-08-19 08:00:00;;16.0;13.1;29.2;11.0;36.0;;712.8;0.0;67.0;2.8;0.142;26.51;2.8;13.0
5529;2025-08-19 09:00:00;;11.5;13.6;25.3;19.0;36.0;;713.0;0.0;62.0;2.6;0.339;27.82;5.2;29.0
5530;2025-08-19 10:00:00;;15.9;23.7;39.7;25.0;34.0;;713.0;0.0;56.0;2.4;0.504;29.51;6.1;5.0
5531;2025-08-19 11:00:00;;12.9;22.3;35.3;37.0;46.0;;712.8;0.0;49.0;3.1;0.674;31.14;7.4;70.0
5532;2025-08-19 12:00:00;;5.0;15.7;20.7;65.0;42.0;;712.6;0.0;43.0;3.3;0.794;32.1;10.5;52.0
5533;2025-08-19 13:00:00;;3.1;7.7;10.9;69.0;39.0;;712.2;0.0;34.0;3.6;0.851;33.45;10.7;58.0
5534;2025-08-19 14:00:00;;3.0;8.0;11.1;80.0;29.0;;711.7;0.0;31.0;7.0;0.827;34.49;11.6;46.0
5535;2025-08-19 15:00:00;;3.0;7.4;10.5;69.0;35.0;;711.2;0.0;27.0;7.2;0.715;35.43;12.3;56.0
5536;2025-08-19 16:00:00;;4.1;11.8;16.0;43.0;30.0;;710.8;0.0;30.0;3.3;0.176;33.64;13.5;17.0
5537;2025-08-19 17:00:00;;5.0;12.8;17.9;40.0;55.0;;710.3;0.0;30.0;2.8;0.168;33.76;11.3;50.0
5538;2025-08-19 18:00:00;;3.7;10.6;14.5;47.0;32.0;;710.3;0.0;28.0;2.3;0.172;34.4;9.3;73.0
5539;2025-08-19 19:00:00;;2.9;9.4;12.4;42.0;27.0;;710.3;0.0;27.0;2.4;0.042;34.46;12.0;81.0
5540;2025-08-19 20:00:00;;2.4;9.6;12.1;37.0;24.0;;710.6;0.0;29.0;2.8;0.0;33.28;11.0;88.0
5541;2025-08-19 21:00:00;;2.5;8.6;11.2;31.0;24.0;;711.5;0.0;46.0;2.3;0.0;30.18;16.8;83.0
5542;2025-08-19 22:00:00;;2.6;5.4;8.1;27.0;82.0;;712.2;0.0;50.0;2.9;0.0;29.05;12.0;95.0
5543;2025-08-19 23:00:00;;2.4;5.7;8.1;25.0;34.0;;712.6;0.0;55.0;2.6;0.0;28.04;12.2;60.0
5544;2025-08-20 00:00:00;;2.2;3.9;6.2;25.0;28.0;;712.6;0.0;57.0;2.2;0.0;27.59;10.7;70.0
5545;2025-08-20 01:00:00;;2.2;3.8;6.0;25.0;22.0;;712.4;0.0;58.0;2.1;0.0;27.24;10.5;61.0
5546;2025-08-20 02:00:00;;;4.8;7.0;;22.0;;712.1;0.0;62.0;2.2;0.0;26.64;9.6;53.0
5547;2025-08-20 03:00:00;;;4.0;6.3;24.0;25.0;;712.0;0.0;64.0;2.2;0.0;26.27;9.8;50.0
5548;2025-08-20 04:00:00;;;3.4;5.6;24.0;22.0;;711.9;0.0;65.0;2.1;0.0;25.95;10.1;51.0
5549;2025-08-20 05:00:00;;;3.5;5.7;24.0;27.0;;712.0;0.0;66.0;2.2;0.0;25.64;9.3;58.0
5550;2025-08-20 06:00:00;;3.7;8.2;12.0;18.0;24.0;;711.8;0.0;67.0;2.6;0.0;25.41;6.5;63.0
5551;2025-08-20 07:00:00;;3.9;12.8;16.7;12.0;23.0;;712.1;0.0;69.0;3.1;0.003;25.32;6.2;64.0
5552;2025-08-20 08:00:00;;7.7;16.6;24.5;11.0;29.0;;712.3;0.0;70.0;3.0;0.019;25.17;4.6;16.0
5553;2025-08-20 09:00:00;;7.1;15.5;22.8;19.0;37.0;;712.5;0.0;69.0;2.6;0.016;24.34;12.8;32.0
5554;2025-08-20 10:00:00;;2.7;8.6;11.4;33.0;38.0;;713.3;0.0;73.0;2.2;0.014;22.24;8.9;90.0
5555;2025-08-20 11:00:00;;2.9;9.2;12.1;31.0;23.0;;713.8;0.0;83.0;2.0;0.025;20.57;5.5;244.0
5556;2025-08-20 12:00:00;;;;;;24.0;;713.0;0.0;80.0;5.5;0.288;21.96;9.1;274.0
5557;2025-08-20 13:00:00;;;;;;17.0;;712.5;0.0;67.0;;0.579;24.98;5.7;348.0
5558;2025-08-20 14:00:00;;;;;;20.0;;712.1;0.0;48.0;2.1;0.833;28.8;5.5;191.0
5559;2025-08-20 15:00:00;;;;;;20.0;;711.5;0.0;41.0;;0.692;30.29;5.8;275.0
5560;2025-08-20 16:00:00;;;;;;20.0;;710.9;0.0;39.0;;0.531;31.05;6.1;325.0
5561;2025-08-20 17:00:00;;;;;;32.0;;710.6;0.0;45.0;;0.303;29.58;10.2;307.0
5562;2025-08-20 18:00:00;0.37;2.5;9.3;11.4;32.0;47.0;;710.5;0.0;44.0;1.0;0.159;29.6;6.0;284.0
5563;2025-08-20 19:00:00;0.81;6.4;30.3;36.7;38.0;29.0;;710.5;0.0;46.0;2.5;0.027;28.73;6.4;243.0
5564;2025-08-20 20:00:00;0.98;9.4;40.3;49.8;24.0;41.0;;710.5;0.0;48.0;3.0;0.0;27.88;2.9;245.0
5565;2025-08-20 21:00:00;1.12;12.7;41.7;54.4;17.0;36.0;;710.9;0.0;50.0;2.6;0.0;27.7;4.1;4.0
5566;2025-08-20 22:00:00;1.23;16.2;43.0;59.4;16.0;49.0;;711.1;0.0;54.0;2.3;0.0;27.0;2.3;103.0
5567;2025-08-20 23:00:00;1.11;7.5;36.6;44.2;18.0;63.0;;711.2;0.0;55.0;2.4;0.0;26.61;2.6;177.0
5568;2025-08-21 00:00:00;1.03;7.0;33.4;40.5;17.0;45.0;;711.3;0.0;58.0;2.2;0.0;25.94;1.8;140.0
5569;2025-08-21 01:00:00;1.01;8.2;31.7;40.0;17.0;41.0;;711.3;0.0;61.0;2.0;0.0;25.55;2.1;180.0
5570;2025-08-21 02:00:00;0.9;6.7;28.0;34.7;18.0;46.0;;711.2;0.0;61.0;2.1;0.0;25.17;2.0;235.0
5571;2025-08-21 03:00:00;0.91;5.8;26.9;32.8;19.0;37.0;;711.1;0.0;61.0;2.1;0.0;25.12;3.0;219.0
5572;2025-08-21 04:00:00;0.78;3.3;19.2;22.6;27.0;36.0;;711.1;0.0;59.0;2.8;0.0;25.15;5.7;221.0
5573;2025-08-21 05:00:00;0.68;2.9;16.3;19.2;31.0;39.0;;710.9;0.0;59.0;4.1;0.0;24.9;6.6;221.0
5574;2025-08-21 06:00:00;0.7;4.0;18.9;23.0;25.0;45.0;;710.9;0.0;60.0;3.6;0.0;24.51;2.0;208.0
5575;2025-08-21 07:00:00;0.77;9.6;22.8;32.5;22.0;47.0;;711.2;0.0;58.0;3.5;0.013;24.69;1.8;207.0
5576;2025-08-21 08:00:00;0.85;11.4;23.2;34.7;26.0;36.0;;711.6;0.0;54.0;3.6;0.132;26.02;4.7;224.0
5577;2025-08-21 09:00:00;0.84;10.6;22.8;33.5;38.0;42.0;;711.6;0.0;47.0;3.1;0.33;28.03;6.3;224.0
5578;2025-08-21 10:00:00;0.78;6.3;17.3;23.7;59.0;65.0;;711.6;0.0;42.0;2.9;0.509;30.05;5.5;276.0
5579;2025-08-21 11:00:00;0.84;5.6;15.8;21.4;69.0;86.0;;711.6;0.0;41.0;2.9;0.592;30.88;6.6;350.0
5580;2025-08-21 12:00:00;0.74;4.3;12.7;17.1;81.0;43.0;;711.3;0.0;39.0;2.8;0.687;31.43;8.4;4.0
5581;2025-08-21 13:00:00;0.66;3.0;8.0;11.1;94.0;37.0;;710.8;0.0;34.0;2.7;0.858;32.69;8.7;8.0
5582;2025-08-21 14:00:00;0.67;4.4;13.7;18.2;68.0;31.0;;710.6;0.0;36.0;2.7;0.342;31.19;13.6;40.0
5583;2025-08-21 15:00:00;0.72;4.6;14.2;18.8;62.0;63.0;;710.3;0.0;41.0;2.5;0.336;29.88;9.2;90.0
5584;2025-08-21 16:00:00;;;;;47.333;32.667;;;;;;0.0;;;
5585;2025-08-21 17:00:00;;;;;59.667;31.667;15.513;;;;;0.0;;;
5586;2025-08-21 18:00:00;0.58;22.1;0.2;22.3;20.0;4.0;;;0.0;12.0;1.1;0.024;10.82;2.9;118.0
5587;2025-08-21 19:00:00;0.91;3.8;11.7;15.6;;;;709.3;0.0;39.0;2.3;0.03;31.59;9.8;119.0
5588;2025-08-21 20:00:00;;2.2;14.8;17.0;;26.0;;709.5;0.0;41.0;2.2;0.0;29.98;6.8;102.0
5589;2025-08-21 21:00:00;;2.3;14.2;16.6;;30.0;;710.3;0.0;46.0;2.2;0.0;29.11;12.2;11.0
5590;2025-08-21 22:00:00;;2.6;8.7;11.4;;43.0;;711.2;0.0;54.0;2.1;0.0;27.53;9.8;1.0
5591;2025-08-21 23:00:00;;2.3;9.1;11.5;59.0;32.0;;711.7;0.0;57.0;1.9;0.0;26.71;11.0;11.0
5592;2025-08-22 00:00:00;;2.2;11.1;13.4;52.0;29.0;;711.9;0.0;64.0;2.0;0.0;25.23;12.5;25.0
5593;2025-08-22 01:00:00;;2.2;11.1;13.3;49.0;27.0;;711.7;0.0;69.0;2.0;0.0;24.15;8.9;54.0
5594;2025-08-22 02:00:00;;;;;51.0;22.0;;711.3;0.0;66.0;2.3;0.0;24.55;5.2;106.0
5595;2025-08-22 03:00:00;;;;;45.0;24.0;;711.1;0.0;67.0;2.3;0.0;24.46;3.1;329.0
5596;2025-08-22 04:00:00;;2.3;10.0;12.3;43.0;27.0;;711.1;0.0;68.0;2.3;0.0;24.43;1.9;249.0
5597;2025-08-22 05:00:00;;2.2;9.2;11.5;42.0;29.0;;711.1;0.0;67.0;2.3;0.0;24.44;2.2;88.0
5598;2025-08-22 06:00:00;;2.3;16.1;18.4;32.0;26.0;;711.2;0.0;69.0;2.3;0.0;24.22;2.8;103.0
5599;2025-08-22 07:00:00;;6.5;19.7;26.3;26.0;33.0;;711.4;0.0;69.0;2.5;0.011;24.12;1.8;172.0
5600;2025-08-22 08:00:00;0.13;7.3;20.9;28.3;29.0;36.0;;711.7;0.0;67.0;2.4;0.087;24.92;1.9;16.0
5601;2025-08-22 09:00:00;0.26;10.1;21.1;31.3;38.0;41.0;;712.0;0.0;63.0;2.5;0.298;26.07;6.6;14.0
5602;2025-08-22 10:00:00;0.33;7.6;20.8;28.5;50.0;49.0;;712.2;0.0;56.0;2.7;0.35;27.82;5.0;37.0
5603;2025-08-22 11:00:00;;;;;41.0;51.0;21.667;;;;;0.0;;;
5604;2025-08-22 12:00:00;;;;;52.667;36.667;21.057;;;;;0.0;;;
5605;2025-08-22 13:00:00;;;;;64.667;;25.077;;;;;0.0;;;
5606;2025-08-22 14:00:00;;;;;71.667;33.0;18.657;;;;;0.0;;;
5607;2025-08-22 15:00:00;;;;;79.0;34.0;21.647;;;;;0.0;;;
5608;2025-08-22 16:00:00;;;;;75.333;31.0;24.643;;;;;0.0;;;
5609;2025-08-22 17:00:00;;;;;66.333;30.333;10.537;;;;;0.0;;;
5610;2025-08-22 18:00:00;;;;;50.0;28.0;;;;;;0.0;;;
5611;2025-08-22 19:00:00;;;;;50.0;27.0;4.007;;;;;0.0;;;
5612;2025-08-22 20:00:00;;;;;48.667;33.0;12.097;;;;;0.0;;;
5613;2025-08-22 21:00:00;;;;;42.333;32.0;17.92;;;;;0.0;;;
5614;2025-08-22 22:00:00;;;;;38.667;20.0;12.677;;;;;0.0;;;
5615;2025-08-22 23:00:00;;;;;38.667;20.0;12.677;;;;;0.0;;;
5616;2025-08-23 00:00:00;;;;;30.333;16.0;4.603;;;;;0.0;;;
5617;2025-08-23 01:00:00;;;;;25.0;13.0;5.977;;;;;0.0;;;
5618;2025-08-23 02:00:00;;;;;16.333;21.333;16.747;;;;;0.0;;;
5619;2025-08-23 03:00:00;;;;;16.333;21.333;16.747;;;;;0.0;;;
5620;2025-08-23 04:00:00;;;;;13.333;37.333;16.207;;;;;0.0;;;
5621;2025-08-23 05:00:00;;;;;12.0;28.0;15.187;;;;;0.0;;;
5622;2025-08-23 06:00:00;;;;;12.0;28.0;15.187;;;;;0.0;;;
5623;2025-08-23 07:00:00;;;;;10.0;34.0;16.897;;;;;0.0;;;
5624;2025-08-23 08:00:00;;;;;10.667;37.667;24.515;;;;;0.0;;;
5625;2025-08-23 09:00:00;;;;;13.333;33.0;9.88;;;;;0.0;;;
5626;2025-08-23 10:00:00;;;;;22.333;35.333;14.55;;;;;0.0;;;
5627;2025-08-23 11:00:00;;;;;25.333;37.667;23.113;;;;;0.0;;;
5628;2025-08-23 12:00:00;;;;;57.667;34.333;19.233;;;;;0.0;;;
5629;2025-08-23 13:00:00;;;;;57.667;34.333;19.233;;;;;0.0;;;
5630;2025-08-23 14:00:00;;;;;70.5;24.5;11.905;;;;;0.0;;;
5631;2025-08-23 15:00:00;;;;;70.5;24.5;11.905;;;;;0.0;;;
5632;2025-08-23 16:00:00;;;;;63.5;39.0;;;;;;0.0;;;
5633;2025-08-23 17:00:00;;;;;72.0;29.5;18.73;;;;;0.0;;;
5634;2025-08-23 18:00:00;;;;;74.0;20.5;11.255;;;;;0.0;;;
5635;2025-08-23 19:00:00;;;;;68.0;20.5;2.37;;;;;0.0;;;
5636;2025-08-23 20:00:00;;;;;48.5;19.0;;;;;;0.0;;;
5637;2025-08-23 21:00:00;;;;;48.5;19.0;;;;;;0.0;;;
5638;2025-08-23 22:00:00;;;;;42.278;24.056;3.326;;;;;0.0;;;
5639;2025-08-23 23:00:00;;;;;36.469;18.716;5.258;;;;;0.0;;;
5640;2025-08-24 00:00:00;;;;;37.586;16.567;5.425;;;;;0.0;;;
5641;2025-08-24 01:00:00;;;;;35.871;14.904;2.542;;;;;0.0;;;
5642;2025-08-24 02:00:00;;;;;36.564;17.164;3.249;;;;;0.0;;;
5643;2025-08-24 03:00:00;;;;;32.385;15.407;3.954;;;;;0.0;;;
5644;2025-08-24 04:00:00;;;;;26.16;19.461;4.784;;;;;0.0;;;
5645;2025-08-24 05:00:00;;;;;25.776;17.473;6.326;;;;;0.0;;;
5646;2025-08-24 06:00:00;;;;;23.321;14.068;7.182;;;;;0.0;;;
5647;2025-08-24 07:00:00;;;;;16.553;17.052;10.38;;;;;0.0;;;
5648;2025-08-24 08:00:00;;;;;12.604;24.826;10.375;;;;;0.0;;;
5649;2025-08-24 09:00:00;;;;;15.579;28.998;12.952;;;;;0.0;;;
5650;2025-08-24 10:00:00;;;;;28.758;29.889;19.877;;;;;0.0;;;
5651;2025-08-24 11:00:00;;;;;49.918;31.432;21.073;;;;;0.0;;;
5652;2025-08-24 12:00:00;;;;;60.241;20.837;12.528;;;;;0.0;;;
5653;2025-08-24 13:00:00;;;;;64.667;;11.03;;;;;0.0;;;
5654;2025-08-24 14:00:00;;;;;75.333;15.333;;;;;;0.0;;;
5655;2025-08-24 15:00:00;;;;;90.333;18.667;;;;;;0.0;;;
5656;2025-08-24 16:00:00;;;;;88.333;21.667;16.837;;;;;0.0;;;
5657;2025-08-24 17:00:00;;;;;62.333;24.333;18.02;;;;;0.0;;;
5658;2025-08-24 18:00:00;;;;;62.667;22.667;;;;;;0.0;;;
5659;2025-08-24 19:00:00;;;;;63.667;20.0;7.983;;;;;0.0;;;
5660;2025-08-24 20:00:00;;;;;62.333;17.0;;;;;;0.0;;;
5661;2025-08-24 21:00:00;;;;;50.333;19.333;;;;;;0.0;;;
5662;2025-08-24 22:00:00;;;;;48.0;14.333;;;;;;0.0;;;
5663;2025-08-24 23:00:00;;;;;37.0;11.333;;;;;;0.0;;;
5664;2025-08-25 00:00:00;;;;;30.667;16.333;9.78;;;;;0.0;;;
5665;2025-08-25 01:00:00;;;;;26.0;27.0;11.047;;;;;0.0;;;
5666;2025-08-25 02:00:00;;;;;24.333;26.0;13.313;;;;;0.0;;;
5667;2025-08-25 03:00:00;;;;;20.333;23.0;11.48;;;;;0.0;;;
5668;2025-08-25 04:00:00;;;;;20.333;24.333;4.797;;;;;0.0;;;
5669;2025-08-25 05:00:00;;;;;19.0;20.667;7.417;;;;;0.0;;;
5670;2025-08-25 06:00:00;;;;;15.333;24.0;12.14;;;;;0.0;;;
5671;2025-08-25 07:00:00;;;;;11.667;20.0;6.927;;;;;0.0;;;
5672;2025-08-25 08:00:00;;;;;9.0;40.667;36.7;;;;;0.0;;;
5673;2025-08-25 09:00:00;;;;;12.333;;13.89;;;;;0.0;;;
5674;2025-08-25 10:00:00;;;;;24.667;43.333;13.47;;;;;0.0;;;
5675;2025-08-25 11:00:00;;;;;33.667;43.667;22.003;;;;;0.0;;;
5676;2025-08-25 12:00:00;;;;;42.0;49.667;14.77;;;;;0.0;;;
5677;2025-08-25 13:00:00;;;;;57.667;48.333;25.507;;;;;0.0;;;
5678;2025-08-25 14:00:00;;;;;67.667;40.0;17.17;;;;;0.0;;;
5679;2025-08-25 15:00:00;1.68;23.3;2.0;25.4;64.0;12.0;;711.2;0.0;48.0;2.0;0.388;30.23;9.6;64.0
5680;2025-08-25 16:00:00;0.7;3.0;6.7;9.8;82.0;;;710.9;0.0;48.0;;0.398;30.23;9.7;111.0
5681;2025-08-25 17:00:00;;3.4;8.3;11.9;72.0;23.0;;710.9;0.0;47.0;;0.29;30.38;8.9;140.0
5682;2025-08-25 18:00:00;;3.1;10.4;13.6;68.0;20.0;;711.1;0.0;49.0;;0.142;29.93;8.7;135.0
5683;2025-08-25 19:00:00;;2.7;11.4;14.1;67.0;22.0;;711.4;0.0;51.0;;0.036;29.16;8.7;130.0
5684;2025-08-25 20:00:00;0.13;2.4;10.1;12.6;65.0;19.0;;711.7;0.0;56.0;;0.0;27.73;10.8;126.0
5685;2025-08-25 21:00:00;0.25;2.2;8.2;10.5;58.0;23.0;;711.7;0.0;66.0;;0.0;25.52;6.7;103.0
5686;2025-08-25 22:00:00;0.42;2.4;12.0;14.4;45.0;21.0;;711.8;0.0;66.0;0.5;0.0;25.65;2.5;143.0
5687;2025-08-25 23:00:00;0.44;2.2;10.1;12.4;51.0;22.0;;712.4;0.0;65.0;0.5;0.0;25.67;7.2;59.0
5688;2025-08-26 00:00:00;0.59;2.2;8.2;10.4;52.0;22.0;;712.9;0.0;65.0;0.5;0.0;25.35;7.6;63.0
5689;2025-08-26 01:00:00;0.86;;11.9;14.2;40.0;24.0;;713.0;0.0;68.0;0.9;0.0;24.87;6.6;23.0
5690;2025-08-26 02:00:00;0.92;;7.2;9.4;44.0;25.0;;712.9;0.0;67.0;0.9;0.0;25.03;3.2;41.0
5691;2025-08-26 03:00:00;1.04;2.3;11.2;13.6;37.0;24.0;;712.6;0.0;67.0;0.7;0.0;25.18;3.9;14.0
5692;2025-08-26 04:00:00;1.07;2.4;11.5;14.0;32.0;22.0;;712.4;0.0;71.0;1.0;0.0;24.73;7.0;42.0
5693;2025-08-26 05:00:00;1.14;5.3;18.7;24.2;20.0;28.0;;712.3;0.0;75.0;1.3;0.0;24.12;4.2;55.0
5694;2025-08-26 06:00:00;1.18;2.9;19.0;22.0;19.0;29.0;;712.3;0.0;77.0;1.8;0.0;23.92;2.9;71.0
5695;2025-08-26 07:00:00;1.25;4.7;17.2;22.0;19.0;30.0;;712.8;0.0;77.0;1.5;0.004;23.91;2.9;93.0
5696;2025-08-26 08:00:00;1.5;14.1;20.0;34.3;18.0;36.0;;713.3;0.0;77.0;1.5;0.046;24.19;3.3;37.0
5697;2025-08-26 09:00:00;1.66;15.5;20.9;36.5;19.0;45.0;;713.6;0.0;76.0;1.7;0.072;24.66;4.5;7.0
5698;2025-08-26 10:00:00;1.51;15.1;19.3;34.6;22.0;56.0;;713.7;0.0;74.0;1.6;0.153;25.27;4.0;14.0
5699;2025-08-26 11:00:00;1.38;12.1;19.4;31.6;28.0;52.0;;713.8;0.0;69.0;1.6;0.237;26.57;4.4;36.0
5700;2025-08-26 12:00:00;1.26;13.7;20.5;34.3;34.0;58.0;;713.7;0.0;65.0;1.6;0.467;27.46;8.4;74.0
5701;2025-08-26 13:00:00;1.16;7.5;18.5;26.1;50.0;57.0;;713.3;0.0;59.0;1.8;0.488;28.5;9.5;61.0
5702;2025-08-26 14:00:00;0.97;5.6;15.5;21.2;65.0;55.0;;712.9;0.0;55.0;1.9;0.523;29.28;9.0;52.0
5703;2025-08-26 15:00:00;0.88;3.0;11.9;14.9;90.0;49.0;;712.4;0.0;53.0;1.8;0.431;29.83;10.7;63.0
5704;2025-08-26 16:00:00;0.76;2.9;8.7;11.7;66.0;53.0;;712.0;0.0;53.0;1.9;0.236;29.52;12.0;68.0
5705;2025-08-26 17:00:00;0.69;2.9;7.9;10.9;57.0;44.0;;712.0;0.0;51.0;2.2;0.165;29.64;10.8;96.0
5706;2025-08-26 18:00:00;0.71;2.4;8.6;11.1;60.0;41.0;;712.1;0.0;54.0;1.8;0.06;29.12;9.4;116.0
5707;2025-08-26 19:00:00;0.78;2.3;11.8;14.2;54.0;39.0;;712.2;0.0;55.0;1.5;0.017;28.87;6.8;128.0
5708;2025-08-26 20:00:00;0.76;2.2;11.8;14.0;53.0;39.0;;712.4;0.0;56.0;1.4;0.0;28.52;7.4;118.0
5709;2025-08-26 21:00:00;0.72;2.2;11.2;13.4;48.0;35.0;;712.9;0.0;54.0;1.5;0.0;28.57;7.7;124.0
5710;2025-08-26 22:00:00;0.63;2.3;8.5;10.8;49.0;34.0;;713.3;0.0;55.0;1.4;0.0;28.4;5.9;102.0
5711;2025-08-26 23:00:00;0.59;2.3;7.6;10.0;34.0;36.0;;713.6;0.0;54.0;1.4;0.0;27.91;10.1;87.0
5712;2025-08-27 00:00:00;0.53;2.2;4.9;7.1;34.0;36.0;;713.8;0.0;57.0;1.3;0.0;27.12;8.6;111.0
5713;2025-08-27 01:00:00;0.5;2.2;3.6;5.8;33.0;31.0;;713.8;0.0;62.0;1.3;0.0;26.29;9.8;106.0
5714;2025-08-27 02:00:00;0.5;2.1;4.0;6.1;30.0;30.0;;713.7;0.0;66.0;1.3;0.0;25.61;9.2;73.0
5715;2025-08-27 03:00:00;0.5;2.2;4.8;7.1;28.0;32.0;;713.4;0.0;70.0;1.2;0.0;24.79;9.4;35.0
5716;2025-08-27 04:00:00;0.5;2.1;2.8;5.0;30.0;34.0;;713.4;0.0;72.0;1.3;0.0;24.37;8.0;36.0
5717;2025-08-27 05:00:00;0.51;3.5;7.2;10.7;24.0;31.0;;713.4;0.0;73.0;1.3;0.0;24.17;3.9;51.0
5718;2025-08-27 06:00:00;0.54;3.0;8.8;11.9;21.0;32.0;;713.7;0.0;75.0;1.5;0.0;23.96;5.4;52.0
5719;2025-08-27 07:00:00;0.63;9.7;13.0;22.8;17.0;28.0;;713.9;0.0;77.0;1.9;0.01;23.79;5.4;58.0
5720;2025-08-27 08:00:00;0.73;16.6;13.6;30.3;17.0;35.0;;714.4;0.0;78.0;2.1;0.042;23.87;4.2;74.0
5721;2025-08-27 09:00:00;1.04;20.6;13.0;33.7;18.0;33.0;;714.7;0.0;76.0;2.5;0.172;24.44;5.6;40.0
5722;2025-08-27 10:00:00;1.18;17.1;15.8;33.1;24.0;;;714.8;0.0;71.0;2.8;0.221;25.49;6.0;19.0
5723;2025-08-27 11:00:00;0.58;12.3;15.2;27.7;37.0;57.0;;714.7;0.0;63.0;2.7;0.322;27.2;7.3;13.0
5724;2025-08-27 12:00:00;0.23;6.9;16.3;23.2;57.0;53.0;;714.2;0.0;54.0;2.3;0.763;28.88;6.3;13.0
5725;2025-08-27 13:00:00;;3.9;12.4;16.4;77.0;51.0;;713.8;0.0;50.0;2.7;0.743;29.94;8.9;50.0
5726;2025-08-27 14:00:00;;2.7;5.5;8.3;71.0;45.0;;713.3;0.0;45.0;2.1;0.862;31.39;9.0;74.0
5727;2025-08-27 15:00:00;;2.8;4.4;7.4;59.0;34.0;;712.7;0.0;38.0;1.9;0.785;32.74;11.1;88.0
5728;2025-08-27 16:00:00;;2.8;4.2;7.1;59.0;33.0;;712.1;0.0;38.0;1.7;0.526;32.87;11.3;69.0
5729;2025-08-27 17:00:00;;3.0;5.2;8.3;55.0;27.0;;711.9;0.0;37.0;1.6;0.36;33.29;10.5;95.0
5730;2025-08-27 18:00:00;;2.7;5.4;8.2;51.0;30.0;;711.7;0.0;34.0;1.5;0.178;33.35;11.5;118.0
5731;2025-08-27 19:00:00;;3.2;9.7;13.0;46.0;31.0;;711.9;0.0;36.0;1.5;0.016;32.28;8.4;144.0
5732;2025-08-27 20:00:00;;2.5;9.1;11.7;40.0;28.0;;712.2;0.0;38.0;1.5;0.0;30.89;12.5;126.0
5733;2025-08-27 21:00:00;;2.2;6.9;9.2;40.0;27.0;;712.4;0.0;43.0;1.4;0.0;29.71;10.5;120.0
5734;2025-08-27 22:00:00;;2.4;7.4;9.8;37.0;25.0;;712.8;0.0;47.0;1.4;0.0;28.87;8.0;98.0
5735;2025-08-27 23:00:00;;2.2;3.9;6.1;38.0;28.0;;713.1;0.0;53.0;1.4;0.0;27.77;11.2;132.0
5736;2025-08-28 00:00:00;;2.2;5.3;7.5;36.0;22.0;;713.2;0.0;55.0;1.4;0.0;27.25;5.9;58.0
5737;2025-08-28 01:00:00;;2.3;7.2;9.5;33.0;21.0;;713.2;0.0;59.0;1.4;0.0;26.53;8.5;44.0
5738;2025-08-28 02:00:00;;2.1;5.1;7.3;33.0;25.0;;713.2;0.0;64.0;1.5;0.0;25.4;9.0;39.0
5739;2025-08-28 03:00:00;;3.0;8.6;11.7;27.0;24.0;;713.1;0.0;68.0;1.5;0.0;24.47;7.7;31.0
5740;2025-08-28 04:00:00;;7.6;17.0;24.7;17.0;30.0;;713.1;0.0;69.0;2.8;0.0;23.88;6.1;17.0
5741;2025-08-28 05:00:00;;11.3;16.2;27.6;16.0;33.0;;713.0;0.0;71.0;5.0;0.0;23.35;4.8;45.0
5742;2025-08-28 06:00:00;;10.4;16.6;27.1;16.0;34.0;;713.1;0.0;73.0;4.0;0.0;22.95;4.2;52.0
5743;2025-08-28 07:00:00;;16.5;17.0;33.6;16.0;34.0;;713.1;0.0;74.0;3.5;0.014;22.77;2.1;14.0
5744;2025-08-28 08:00:00;0.24;16.9;15.8;32.9;21.0;38.0;;713.4;0.0;70.0;3.1;0.131;24.09;2.5;341.0
5745;2025-08-28 09:00:00;0.21;14.7;15.0;29.9;26.0;38.0;;713.5;0.0;65.0;2.6;0.33;25.22;5.8;333.0
5746;2025-08-28 10:00:00;0.22;12.4;17.4;29.9;36.0;41.0;;713.3;0.0;59.0;2.5;0.522;27.1;5.7;30.0
5747;2025-08-28 11:00:00;0.23;7.6;17.5;25.2;54.0;49.0;;713.0;0.0;50.0;2.5;0.284;29.28;6.0;19.0
5748;2025-08-28 12:00:00;0.36;9.2;24.9;34.1;61.0;55.0;;712.7;0.0;46.0;3.3;0.77;30.36;8.6;33.0
5749;2025-08-28 13:00:00;0.26;5.9;22.1;28.1;83.0;66.0;;712.2;0.0;41.0;5.0;0.819;31.52;9.9;49.0
5750;2025-08-28 14:00:00;0.26;3.3;13.1;16.5;101.0;55.0;;711.7;0.0;38.0;3.8;0.815;32.47;10.9;66.0
5751;2025-08-28 15:00:00;0.27;2.8;9.4;12.3;100.0;40.0;;711.2;0.0;38.0;6.2;0.743;32.96;12.9;64.0
5752;2025-08-28 16:00:00;0.21;2.6;5.4;8.1;72.0;43.0;;710.7;0.0;32.0;5.0;0.61;34.2;11.1;128.0
5753;2025-08-28 17:00:00;0.25;3.1;5.4;8.6;62.0;30.0;;710.3;0.0;31.0;2.8;0.449;34.61;10.4;135.0
5754;2025-08-28 18:00:00;0.29;2.8;5.9;8.8;65.0;26.0;;710.1;0.0;32.0;2.2;0.171;34.39;9.6;149.0
5755;2025-08-28 19:00:00;0.36;2.5;7.6;10.2;57.0;23.0;;710.1;0.0;33.0;1.9;0.023;33.47;9.8;134.0
5756;2025-08-28 20:00:00;0.44;2.3;10.3;12.6;48.0;25.0;;710.1;0.0;35.0;1.8;0.0;32.35;7.9;130.0
5757;2025-08-28 21:00:00;0.48;2.2;11.1;13.4;43.0;25.0;;710.3;0.0;37.0;1.9;0.0;31.63;7.0;121.0
5758;2025-08-28 22:00:00;0.45;2.3;8.0;10.4;41.0;25.0;;710.6;0.0;40.0;1.7;0.0;30.5;9.3;118.0
5759;2025-08-28 23:00:00;0.55;2.9;13.3;16.3;30.0;27.0;;710.9;0.0;43.0;1.7;0.0;29.71;7.6;64.0
5760;2025-08-29 00:00:00;0.59;2.5;14.4;16.9;23.0;36.0;;711.0;0.0;48.0;1.6;0.0;28.27;2.4;276.0
5761;2025-08-29 01:00:00;0.58;6.3;20.0;26.5;18.0;39.0;;711.3;0.0;48.0;2.1;0.0;28.18;6.0;12.0
5762;2025-08-29 02:00:00;0.49;2.3;7.0;9.3;30.0;45.0;;711.5;0.0;59.0;2.1;0.0;26.6;7.7;44.0
5763;2025-08-29 03:00:00;0.53;3.8;12.0;15.8;23.0;33.0;;711.4;0.0;67.0;1.7;0.0;25.79;5.3;50.0
5764;2025-08-29 04:00:00;0.52;8.8;12.0;20.8;21.0;34.0;;711.4;0.0;71.0;2.3;0.0;25.07;6.5;54.0
5765;2025-08-29 05:00:00;0.5;2.3;6.3;8.7;26.0;35.0;;711.5;0.0;74.0;2.7;0.0;24.35;4.2;53.0
5766;2025-08-29 06:00:00;0.52;3.6;9.4;13.2;23.0;29.0;;711.7;0.0;76.0;2.0;0.0;24.01;2.5;62.0
5767;2025-08-29 07:00:00;0.61;10.2;16.3;26.6;17.0;31.0;;711.8;0.0;77.0;2.2;0.007;23.98;2.0;25.0
5768;2025-08-29 08:00:00;0.75;9.8;14.5;24.4;20.0;37.0;;711.9;0.0;76.0;2.4;0.059;24.43;2.5;6.0
5769;2025-08-29 09:00:00;0.84;9.6;12.8;22.4;25.0;45.0;;712.0;0.0;71.0;2.2;0.221;25.69;2.7;355.0
5770;2025-08-29 10:00:00;0.87;10.3;15.1;25.6;36.0;43.0;;712.0;0.0;62.0;2.0;0.508;27.88;5.1;28.0
5771;2025-08-29 11:00:00;0.93;8.4;19.3;27.8;52.0;46.0;;711.8;0.0;55.0;1.9;0.288;29.5;5.9;21.0
5772;2025-08-29 12:00:00;0.96;9.1;24.9;34.0;59.0;52.0;;711.6;0.0;50.0;2.3;0.762;30.82;7.0;44.0
5773;2025-08-29 13:00:00;0.76;6.9;23.8;30.7;78.0;74.0;;711.2;0.0;43.0;3.6;0.821;32.06;8.9;35.0
5774;2025-08-29 14:00:00;0.7;3.6;14.3;18.0;97.0;68.0;;710.8;0.0;39.0;3.6;0.814;33.24;11.1;61.0
5775;2025-08-29 15:00:00;0.67;2.9;10.8;13.7;107.0;49.0;;710.2;0.0;37.0;2.9;0.744;34.12;11.2;57.0
5776;2025-08-29 16:00:00;0.63;2.7;8.7;11.5;93.0;40.0;10.37;709.7;0.0;35.0;4.3;0.567;34.67;11.7;68.0
5777;2025-08-29 17:00:00;0.58;2.9;7.6;10.6;66.0;45.0;8.32;709.5;0.0;33.0;4.8;0.379;34.94;11.4;86.0
5778;2025-08-29 18:00:00;0.57;3.1;6.7;9.8;51.0;35.0;7.4;709.2;0.0;33.0;2.9;0.144;34.7;11.8;114.0
5779;2025-08-29 19:00:00;0.61;2.5;8.6;11.2;52.0;28.0;7.3;709.1;0.0;34.0;2.2;0.025;33.9;11.1;124.0
5780;2025-08-29 20:00:00;0.62;2.3;9.9;12.3;44.0;28.0;8.4;709.3;0.0;37.0;2.1;0.0;32.77;8.9;124.0
5781;2025-08-29 21:00:00;0.64;2.3;9.9;12.2;40.0;31.0;8.84;709.5;0.0;40.0;1.9;0.0;31.99;6.9;134.0
5782;2025-08-29 22:00:00;0.89;3.4;13.5;17.0;33.0;32.0;14.51;709.8;0.0;40.0;1.8;0.0;31.55;7.8;84.0
5783;2025-08-29 23:00:00;0.74;3.6;9.6;13.2;31.0;37.0;8.32;710.0;0.0;45.0;1.8;0.0;30.17;11.9;68.0
5784;2025-08-30 00:00:00;0.62;2.5;5.5;8.1;32.0;34.0;7.0;710.2;0.0;54.0;1.6;0.0;28.5;13.8;62.0
5785;2025-08-30 01:00:00;0.6;2.5;5.9;8.4;30.0;32.0;7.3;710.2;0.0;59.0;1.6;0.0;27.6;9.7;51.0
5786;2025-08-30 02:00:00;0.62;2.3;7.1;9.4;26.0;28.0;8.01;709.8;0.0;64.0;1.5;0.0;26.59;8.9;38.0
5787;2025-08-30 03:00:00;0.61;2.3;5.9;8.2;26.0;33.0;8.65;709.8;0.0;69.0;1.6;0.0;25.66;6.8;41.0
5788;2025-08-30 04:00:00;0.61;7.8;12.6;20.5;18.0;32.0;9.16;709.8;0.0;72.0;1.8;0.0;25.16;5.2;41.0
5789;2025-08-30 05:00:00;0.62;16.1;15.0;31.1;16.0;38.0;9.25;710.1;0.0;75.0;2.7;0.0;24.72;5.0;30.0
5790;2025-08-30 06:00:00;0.67;10.9;15.5;26.5;16.0;39.0;10.13;710.4;0.0;77.0;2.7;0.0;24.3;4.0;40.0
5791;2025-08-30 07:00:00;0.66;15.3;14.7;30.2;16.0;38.0;9.78;710.6;0.0;78.0;2.7;0.01;24.04;1.8;36.0
5792;2025-08-30 08:00:00;0.82;12.2;14.2;26.6;19.0;39.0;11.86;710.9;0.0;77.0;2.6;0.075;24.68;4.1;22.0
5793;2025-08-30 09:00:00;0.83;9.6;12.0;21.7;25.0;41.0;13.03;711.1;0.0;72.0;2.2;0.288;25.94;3.0;27.0
5794;2025-08-30 10:00:00;0.91;9.9;15.4;25.5;36.0;41.0;13.21;711.1;0.0;63.0;2.1;0.506;28.03;5.4;27.0
5795;2025-08-30 11:00:00;1.14;15.3;29.5;44.8;43.0;47.0;15.96;711.0;0.0;55.0;2.2;0.27;30.15;6.1;48.0
5796;2025-08-30 12:00:00;0.95;8.4;25.3;33.7;71.0;66.0;15.09;710.7;0.0;50.0;2.7;0.772;30.89;9.3;43.0
5797;2025-08-30 13:00:00;0.76;4.0;13.8;17.9;82.0;57.0;10.57;710.2;0.0;43.0;3.0;0.831;32.17;10.9;45.0
5798;2025-08-30 14:00:00;0.67;2.9;8.8;11.8;90.0;47.0;8.59;709.7;0.0;37.0;3.1;0.818;33.53;11.4;55.0
5799;2025-08-30 15:00:00;0.65;2.7;7.7;10.4;91.0;39.0;8.66;709.2;0.0;34.0;5.0;0.748;34.37;11.4;62.0
5800;2025-08-30 16:00:00;0.57;2.7;5.4;8.2;72.0;36.0;7.12;708.8;0.0;32.0;4.4;0.617;35.0;11.4;80.0
5801;2025-08-30 17:00:00;0.57;;5.2;8.1;65.0;34.0;6.66;708.7;0.0;31.0;3.1;0.447;35.17;13.5;74.0
5802;2025-08-30 18:00:00;0.55;2.8;5.7;8.6;53.0;32.0;5.85;708.7;0.0;29.0;2.9;0.144;35.09;13.1;83.0
5803;2025-08-30 19:00:00;0.57;2.7;7.5;10.3;45.0;23.0;5.83;708.7;0.0;31.0;2.8;0.02;34.16;12.9;85.0
5804;2025-08-30 20:00:00;0.67;2.8;11.9;14.7;35.0;28.0;7.17;708.9;0.0;35.0;2.2;0.0;32.89;11.3;76.0
5805;2025-08-30 21:00:00;0.66;2.3;10.8;13.1;36.0;32.0;7.17;709.4;0.0;35.0;2.0;0.0;32.38;8.5;101.0
5806;2025-08-30 22:00:00;0.64;2.4;9.3;11.8;34.0;25.0;7.48;709.8;0.0;40.0;1.8;0.0;31.33;14.3;75.0
5807;2025-08-30 23:00:00;0.63;2.3;4.8;7.1;34.0;37.0;7.77;710.2;0.0;51.0;1.8;0.0;29.79;12.0;103.0
5808;2025-08-31 00:00:00;0.65;2.3;4.0;6.3;33.0;33.0;8.06;710.1;0.0;59.0;1.7;0.0;28.67;12.4;90.0
5809;2025-08-31 01:00:00;0.69;2.2;4.1;6.3;31.0;32.0;8.52;710.4;0.0;64.0;1.6;0.0;27.49;10.2;56.0
5810;2025-08-31 02:00:00;0.71;3.8;6.6;10.4;26.0;31.0;9.33;710.5;0.0;71.0;1.4;0.0;26.18;10.8;41.0
5811;2025-08-31 03:00:00;0.68;4.9;10.0;15.0;21.0;30.0;9.46;710.5;0.0;75.0;1.7;0.0;25.36;9.5;51.0
5812;2025-08-31 04:00:00;0.68;2.2;3.7;6.0;26.0;34.0;8.57;710.5;0.0;77.0;1.8;0.0;24.89;7.8;49.0
5813;2025-08-31 05:00:00;0.66;2.2;3.3;5.6;27.0;32.0;8.43;710.6;0.0;77.0;1.7;0.0;24.76;7.6;59.0
5814;2025-08-31 06:00:00;0.68;2.5;5.8;8.4;25.0;27.0;9.41;711.0;0.0;77.0;1.8;0.0;24.55;5.4;53.0
5815;2025-08-31 07:00:00;0.69;3.5;8.1;11.6;22.0;31.0;8.76;711.3;0.0;78.0;1.9;0.012;24.44;3.5;75.0
5816;2025-08-31 08:00:00;0.74;11.7;12.6;24.4;19.0;30.0;10.81;711.4;0.0;77.0;2.0;0.109;25.17;2.9;69.0
5817;2025-08-31 09:00:00;0.75;9.3;10.7;20.0;25.0;36.0;13.1;711.5;0.0;68.0;2.1;0.297;27.26;4.2;53.0
5818;2025-08-31 10:00:00;0.85;9.4;14.9;24.4;35.0;41.0;15.22;711.7;0.0;63.0;2.3;0.376;28.05;6.4;32.0
5819;2025-08-31 11:00:00;0.93;7.6;16.7;24.3;54.0;47.0;15.77;711.6;0.0;57.0;2.4;0.271;29.56;8.5;44.0
5820;2025-08-31 12:00:00;0.8;2.9;9.4;12.4;83.0;51.0;12.1;711.4;0.0;51.0;2.1;0.782;30.81;9.9;46.0
5821;2025-08-31 13:00:00;0.75;2.6;5.9;8.6;73.0;40.0;9.36;710.9;0.0;43.0;2.4;0.838;32.16;12.7;49.0
5822;2025-08-31 14:00:00;0.69;2.5;4.4;6.9;67.0;38.0;8.33;710.3;0.0;39.0;3.4;0.805;33.27;13.2;55.0
5823;2025-08-31 15:00:00;0.64;2.7;3.8;6.5;58.0;33.0;7.27;709.9;0.0;36.0;3.1;0.756;34.17;14.8;60.0
5824;2025-08-31 16:00:00;0.6;2.6;3.5;6.2;57.0;27.0;6.69;709.5;0.0;31.0;2.4;0.624;35.07;14.5;65.0
5825;2025-08-31 17:00:00;0.59;2.6;3.5;6.2;54.0;29.0;7.06;709.3;0.0;31.0;2.7;0.358;34.79;16.0;77.0
5826;2025-08-31 18:00:00;0.6;;4.0;6.7;50.0;29.0;7.18;709.4;0.0;31.0;2.8;0.12;34.42;13.9;79.0
5827;2025-08-31 19:00:00;0.64;2.5;5.6;8.2;44.0;25.0;6.94;709.5;0.0;33.0;2.6;0.025;33.76;12.7;84.0
5828;2025-08-31 20:00:00;0.68;2.3;7.7;10.1;39.0;28.0;7.59;710.0;0.0;35.0;2.1;0.0;32.81;11.4;83.0
5829;2025-08-31 21:00:00;0.73;2.3;9.6;11.9;36.0;29.0;8.08;710.5;0.0;35.0;1.9;0.0;32.5;10.2;85.0
5830;2025-08-31 22:00:00;0.69;2.4;5.7;8.1;31.0;30.0;7.57;711.2;0.0;45.0;2.1;0.0;30.85;16.8;79.0
5831;2025-08-31 23:00:00;0.69;2.3;3.7;6.0;31.0;36.0;6.43;711.7;0.0;53.0;2.1;0.0;29.55;13.6;83.0
5832;2025-09-01 00:00:00;0.66;2.2;5.0;2.7;31.0;25.0;5.0;711.8;0.0;62.0;;0.014;27.43;10.7;62.0
5833;2025-09-01 01:00:00;0.66;2.2;2.7;4.9;31.0;25.0;5.84;711.8;0.0;62.0;1.7;0.0;27.43;10.7;62.0
5834;2025-09-01 02:00:00;0.67;2.2;2.9;5.1;30.0;25.0;5.76;711.5;0.0;65.0;1.6;0.0;26.92;7.5;63.0
5835;2025-09-01 03:00:00;0.69;2.4;3.5;5.9;28.0;22.0;5.87;711.6;0.0;69.0;1.6;0.0;26.01;9.2;49.0
5836;2025-09-01 04:00:00;0.68;2.1;2.5;4.7;27.0;22.0;5.79;711.6;0.0;74.0;1.5;0.0;25.25;8.5;50.0
5837;2025-09-01 05:00:00;0.7;3.1;7.3;10.5;22.0;19.0;5.53;711.6;0.0;75.0;1.5;0.0;24.95;7.7;36.0
5838;2025-09-01 06:00:00;0.79;4.8;14.5;19.4;16.0;29.0;6.28;711.7;0.0;76.0;1.6;0.0;24.64;3.6;21.0
5839;2025-09-01 07:00:00;0.8;14.0;14.5;28.5;16.0;34.0;8.04;711.9;0.0;77.0;1.8;0.011;24.56;4.1;55.0
5840;2025-09-01 08:00:00;0.97;10.6;13.5;24.2;19.0;30.0;7.6;712.3;0.0;75.0;2.1;0.062;24.94;5.3;8.0
5841;2025-09-01 09:00:00;1.07;10.0;11.0;21.1;25.0;35.0;8.23;712.5;0.0;70.0;2.1;0.282;26.36;4.9;21.0
5842;2025-09-01 10:00:00;1.05;9.6;11.7;21.4;31.0;39.0;9.27;712.9;0.0;64.0;2.0;0.402;27.68;9.3;23.0
5843;2025-09-01 11:00:00;0.84;5.5;8.2;13.8;40.0;41.0;10.69;713.2;0.0;60.0;2.0;0.367;28.36;11.3;15.0
5844;2025-09-01 12:00:00;0.81;4.8;9.1;14.0;52.0;38.0;9.55;713.0;0.0;54.0;2.1;0.672;29.69;10.1;50.0
5845;2025-09-01 13:00:00;0.81;3.0;7.6;10.7;62.0;44.0;10.24;712.4;0.0;51.0;2.2;0.323;30.14;9.4;94.0
5846;2025-09-01 14:00:00;0.78;3.3;6.2;9.6;61.0;43.0;8.82;712.1;0.0;45.0;2.0;0.736;31.59;13.3;59.0
5847;2025-09-01 15:00:00;0.74;4.0;7.8;12.0;54.0;;8.6;711.5;0.0;45.0;2.1;0.664;31.56;11.6;35.0
5848;2025-09-01 16:00:00;0.72;3.0;6.4;9.5;61.0;39.0;8.82;711.1;0.0;41.0;2.2;0.436;32.49;10.4;42.0
5849;2025-09-01 17:00:00;0.71;3.5;8.6;12.2;53.0;35.0;8.78;710.8;0.0;38.0;1.9;0.237;32.55;9.6;83.0
5850;2025-09-01 18:00:00;0.75;3.4;7.3;10.8;50.0;34.0;;710.8;0.0;48.0;1.7;0.197;30.77;11.4;107.0
5851;2025-09-01 19:00:00;0.87;3.5;11.1;14.6;33.0;39.0;;711.2;0.0;65.0;1.5;0.018;27.06;4.6;302.0
5852;2025-09-01 20:00:00;0.98;3.8;16.8;20.7;25.0;26.0;6.91;711.2;0.0;59.0;1.6;0.0;28.04;7.7;333.0
5853;2025-09-01 21:00:00;0.73;2.5;8.7;11.3;35.0;29.0;5.62;712.1;0.0;54.0;1.5;0.0;28.0;8.2;355.0
5854;2025-09-01 22:00:00;0.76;2.4;7.8;10.3;34.0;25.0;6.27;712.6;0.0;61.0;1.5;0.0;26.55;4.6;221.0
5855;2025-09-01 23:00:00;0.79;2.6;9.2;11.9;30.0;29.0;5.99;712.8;0.0;74.0;1.5;0.0;24.88;4.7;32.0
5856;2025-09-02 00:00:00;0.78;2.3;9.0;11.4;34.0;27.0;6.67;713.2;0.0;79.0;1.5;0.0;23.45;6.7;178.0
5857;2025-09-02 01:00:00;0.72;2.3;6.2;8.6;32.0;22.0;3.1;713.6;0.0;82.0;1.4;0.0;23.24;2.0;133.0
5858;2025-09-02 02:00:00;0.74;2.3;10.6;13.0;30.0;19.0;4.15;713.3;0.0;83.0;1.4;0.0;23.06;2.8;200.0
5859;2025-09-02 03:00:00;0.69;2.3;4.1;6.4;34.0;17.0;2.8;712.7;0.0;84.0;1.3;0.0;22.43;2.5;58.0
5860;2025-09-02 04:00:00;0.73;2.4;8.2;10.6;26.0;15.0;3.54;712.4;0.0;85.0;1.4;0.0;22.68;1.9;302.0
5861;2025-09-02 05:00:00;0.78;3.1;17.0;20.2;18.0;19.0;5.62;712.7;0.0;84.0;1.5;0.0;23.09;2.1;132.0
5862;2025-09-02 06:00:00;0.84;3.4;16.7;20.2;17.0;24.0;5.62;712.8;0.0;83.0;1.4;0.0;22.97;1.9;246.0
5863;2025-09-02 07:00:00;0.96;12.1;20.3;32.5;16.0;24.0;6.33;712.9;0.0;82.0;1.5;0.012;23.22;2.4;236.0
5864;2025-09-02 08:00:00;0.97;11.2;15.3;26.6;23.0;34.0;5.59;713.1;0.0;74.0;1.6;0.129;25.44;3.2;241.0
5865;2025-09-02 09:00:00;0.98;11.0;15.2;26.3;30.0;29.0;6.05;713.4;0.0;62.0;1.7;0.32;27.67;3.9;308.0
5866;2025-09-02 10:00:00;0.98;7.5;14.0;21.6;44.0;35.0;;713.5;0.0;56.0;1.6;0.5;28.98;3.9;320.0
5867;2025-09-02 11:00:00;1.01;9.1;18.8;28.0;49.0;32.0;9.0;713.4;0.0;51.0;1.7;0.21;30.03;4.8;315.0
5868;2025-09-02 12:00:00;0.94;6.2;16.9;23.2;60.0;44.0;8.97;712.9;0.0;49.0;2.1;0.479;30.08;7.2;36.0
5869;2025-09-02 13:00:00;0.76;3.4;9.1;12.6;82.0;49.0;6.4;712.4;0.0;42.0;2.2;0.797;31.6;9.5;76.0
5870;2025-09-02 14:00:00;0.76;3.8;8.2;12.1;65.0;32.0;6.38;712.0;0.0;46.0;1.7;0.541;30.81;14.1;11.0
5871;2025-09-02 15:00:00;0.76;3.5;6.3;9.9;54.0;44.0;5.61;711.8;0.0;46.0;1.7;0.367;30.05;16.5;357.0
5872;2025-09-02 16:00:00;0.78;3.5;9.7;13.3;45.0;39.0;5.69;711.9;0.0;51.0;1.7;0.108;28.66;9.8;53.0
5873;2025-09-02 17:00:00;0.79;4.0;10.4;14.4;47.0;36.0;5.06;712.1;0.0;53.0;1.8;0.147;27.82;10.5;70.0
5874;2025-09-02 18:00:00;0.94;4.5;16.4;21.0;39.0;37.0;4.79;712.2;0.0;59.0;1.6;0.097;27.15;6.0;129.0
5875;2025-09-02 19:00:00;1.01;3.8;21.1;25.0;33.0;32.0;4.79;711.7;0.0;60.0;1.6;0.029;26.52;4.3;111.0
5876;2025-09-02 20:00:00;1.0;4.2;22.3;26.6;24.0;34.0;4.96;712.1;0.0;57.0;1.6;0.0;26.5;5.1;196.0
5877;2025-09-02 21:00:00;0.85;3.3;19.6;23.0;27.0;28.0;4.81;712.3;0.0;53.0;1.5;0.0;26.61;6.6;202.0
5878;2025-09-02 22:00:00;0.87;2.7;18.7;21.4;31.0;28.0;5.32;712.4;0.0;55.0;1.5;0.0;26.63;8.3;210.0
5879;2025-09-02 23:00:00;0.88;2.6;20.8;23.4;28.0;24.0;5.44;712.7;0.0;56.0;1.7;0.0;26.52;4.0;128.0
5880;2025-09-03 00:00:00;0.91;2.6;20.0;22.7;23.0;28.0;5.36;712.7;0.0;58.0;1.6;0.0;26.18;2.3;74.0
5881;2025-09-03 01:00:00;0.79;2.4;13.3;15.7;30.0;25.0;4.95;712.7;0.0;59.0;1.6;0.0;25.86;3.3;81.0
5882;2025-09-03 02:00:00;0.87;2.9;17.4;20.3;22.0;26.0;6.01;712.5;0.0;61.0;1.5;0.0;25.37;2.0;219.0
5883;2025-09-03 03:00:00;0.87;3.0;17.3;20.3;20.0;31.0;6.45;712.2;0.0;63.0;1.5;0.0;24.92;1.8;206.0
5884;2025-09-03 04:00:00;0.84;4.6;20.4;25.0;17.0;32.0;6.04;712.0;0.0;65.0;1.7;0.0;24.59;2.5;221.0
5885;2025-09-03 05:00:00;0.79;2.9;17.7;20.5;20.0;29.0;6.01;711.9;0.0;65.0;1.7;0.0;24.29;3.9;214.0
5886;2025-09-03 06:00:00;0.83;6.5;18.5;25.1;17.0;28.0;6.83;712.1;0.0;67.0;1.8;0.0;23.97;2.9;208.0
5887;2025-09-03 07:00:00;0.85;9.5;21.2;30.9;18.0;32.0;6.77;712.2;0.0;66.0;1.9;0.014;24.18;5.8;229.0
5888;2025-09-03 08:00:00;0.98;19.0;22.3;41.4;21.0;35.0;7.85;712.4;0.0;60.0;2.6;0.122;25.87;5.7;221.0
5889;2025-09-03 09:00:00;1.02;15.6;21.6;37.3;30.0;47.0;7.12;712.6;0.0;51.0;2.8;0.32;28.44;3.8;233.0
5890;2025-09-03 10:00:00;1.04;13.2;24.3;37.6;43.0;42.0;7.53;712.8;0.0;44.0;2.7;0.506;30.52;2.5;26.0
5891;2025-09-03 11:00:00;1.0;10.1;25.9;36.0;59.0;43.0;8.28;712.7;0.0;39.0;2.7;0.208;31.23;7.3;46.0
5892;2025-09-03 12:00:00;0.88;4.6;16.5;21.2;89.0;48.0;7.55;712.3;0.0;36.0;2.7;0.803;32.05;9.2;85.0
5893;2025-09-03 13:00:00;0.73;3.2;10.3;13.6;99.0;42.0;7.07;711.9;0.0;30.0;2.3;0.808;32.96;10.5;96.0
5894;2025-09-03 14:00:00;0.68;3.0;10.5;13.6;101.0;37.0;6.68;711.3;0.0;29.0;2.1;0.524;32.95;10.2;124.0
5895;2025-09-03 15:00:00;0.66;2.6;7.6;10.3;105.0;34.0;6.13;710.7;0.0;28.0;2.0;0.41;33.12;9.7;119.0
5896;2025-09-03 16:00:00;0.67;2.6;6.2;8.9;102.0;30.0;5.91;710.2;0.0;30.0;2.0;0.485;33.28;10.3;146.0
5897;2025-09-03 17:00:00;0.67;2.5;6.3;8.9;90.0;32.0;6.38;710.0;0.0;30.0;2.3;0.294;32.84;11.0;123.0
5898;2025-09-03 18:00:00;0.69;2.6;8.5;11.2;80.0;31.0;7.15;710.0;0.0;30.0;3.4;0.092;32.15;9.9;136.0
5899;2025-09-03 19:00:00;0.73;2.5;9.7;12.3;78.0;29.0;7.42;710.1;0.0;32.0;3.6;0.024;31.56;9.1;132.0
5900;2025-09-03 20:00:00;;;;;;;;;;;;;;;
5901;2025-09-03 21:00:00;;;;;;;;;;;;;;;
5902;2025-09-03 22:00:00;;;;;;;;;;;;;;;
5903;2025-09-03 23:00:00;;;;;;;;;;;;;;;
5904;2025-09-04 00:00:00;0.8;2.3;17.1;19.5;42.0;34.0;6.41;711.2;0.0;43.0;1.9;0.0;27.24;1.8;262.0
5905;2025-09-04 01:00:00;0.84;2.4;21.8;24.3;34.0;29.0;6.92;711.0;0.0;44.0;1.8;0.0;26.84;2.1;198.0
5906;2025-09-04 02:00:00;0.81;3.2;22.9;26.1;31.0;28.0;7.89;711.0;0.0;46.0;1.9;0.0;26.38;2.1;297.0
5907;2025-09-04 03:00:00;0.95;6.8;35.1;42.0;16.0;35.0;10.91;710.8;0.0;50.0;2.1;0.0;25.69;1.8;311.0
5908;2025-09-04 04:00:00;1.12;19.3;34.5;53.9;16.0;45.0;12.25;710.7;0.0;54.0;2.1;0.0;24.88;1.8;307.0
5909;2025-09-04 05:00:00;1.06;24.5;32.0;56.6;16.0;59.0;13.59;710.6;0.0;58.0;2.3;0.0;24.25;1.8;248.0
5910;2025-09-04 06:00:00;0.81;3.5;22.2;25.8;20.0;55.0;10.5;710.8;0.0;62.0;2.0;0.0;23.74;;248.0
5911;2025-09-04 07:00:00;0.89;13.5;24.6;38.1;17.0;45.0;9.94;711.1;0.0;64.0;2.0;0.013;23.74;;263.0
5912;2025-09-04 08:00:00;0.98;15.7;26.0;41.7;24.0;43.0;8.46;711.2;0.0;48.0;3.0;0.124;26.9;2.3;284.0
5913;2025-09-04 09:00:00;1.07;19.6;29.1;48.7;32.0;39.0;10.43;711.2;0.0;43.0;3.1;0.321;28.56;4.4;4.0
5914;2025-09-04 10:00:00;0.93;9.2;22.7;32.0;57.0;52.0;10.81;711.4;0.0;34.0;3.2;0.504;31.13;4.3;13.0
5915;2025-09-04 11:00:00;0.94;7.5;24.3;31.9;71.0;55.0;9.78;711.2;0.0;30.0;3.0;0.19;32.96;5.4;39.0
5916;2025-09-04 12:00:00;0.67;3.2;7.8;11.1;86.0;49.0;6.11;710.7;0.0;27.0;2.2;0.786;33.56;8.7;106.0
5917;2025-09-04 13:00:00;0.62;2.8;5.9;8.8;91.0;29.0;5.99;710.0;0.0;25.0;1.9;0.844;34.37;9.9;100.0
5918;2025-09-04 14:00:00;0.64;2.8;6.0;8.9;98.0;30.0;6.14;709.4;0.0;25.0;1.8;0.823;34.58;11.0;119.0
5919;2025-09-04 15:00:00;0.64;2.6;5.1;7.8;94.0;28.0;5.79;708.8;0.0;25.0;1.8;0.746;34.8;11.7;131.0
5920;2025-09-04 16:00:00;0.58;2.7;4.7;7.5;86.0;31.0;5.64;708.3;0.0;24.0;1.8;0.605;35.09;11.8;132.0
5921;2025-09-04 17:00:00;0.6;3.1;5.3;8.3;84.0;27.0;5.62;708.1;0.0;24.0;1.7;0.423;35.07;11.6;132.0
5922;2025-09-04 18:00:00;0.63;2.7;6.6;9.4;78.0;27.0;5.16;707.9;0.0;25.0;1.8;0.151;34.61;10.6;137.0
5923;2025-09-04 19:00:00;0.65;2.5;8.2;10.8;73.0;27.0;5.35;707.8;0.0;26.0;1.6;0.03;33.44;10.3;129.0
5924;2025-09-04 20:00:00;0.72;2.4;12.9;15.4;64.0;21.0;5.68;708.1;0.0;30.0;1.6;0.0;32.2;9.6;119.0
5925;2025-09-04 21:00:00;0.74;2.5;15.0;17.5;57.0;25.0;6.21;708.5;0.0;31.0;1.6;0.0;31.49;8.8;116.0
5926;2025-09-04 22:00:00;0.65;2.8;12.0;14.9;59.0;27.0;6.04;709.0;0.0;31.0;1.5;0.0;31.02;9.6;105.0
5927;2025-09-04 23:00:00;0.59;2.3;5.3;7.7;63.0;26.0;5.61;709.5;0.0;36.0;1.5;0.0;29.79;12.2;108.0
5928;2025-09-05 00:00:00;0.59;2.3;3.4;5.8;60.0;36.0;4.94;709.5;0.0;44.0;1.4;0.0;28.37;12.8;96.0
5929;2025-09-05 01:00:00;0.6;;3.5;5.8;58.0;23.0;4.53;709.5;0.0;47.0;1.5;0.0;27.72;8.1;62.0
5930;2025-09-05 02:00:00;0.63;;3.7;6.0;55.0;24.0;4.79;709.3;0.0;51.0;1.4;0.0;27.09;6.7;46.0
5931;2025-09-05 03:00:00;0.64;;8.6;11.0;45.0;20.0;5.62;709.1;0.0;56.0;1.4;0.0;26.26;5.3;42.0
5932;2025-09-05 04:00:00;0.75;12.1;23.3;35.4;20.0;26.0;9.92;709.0;0.0;66.0;1.9;0.0;25.51;5.5;30.0
5933;2025-09-05 05:00:00;0.76;5.6;21.4;27.0;18.0;35.0;8.9;709.1;0.0;71.0;2.5;0.0;24.58;2.0;35.0
5934;2025-09-05 06:00:00;0.85;4.9;22.0;27.1;16.0;40.0;9.79;709.3;0.0;73.0;2.1;0.0;24.36;2.0;351.0
5935;2025-09-05 07:00:00;1.0;12.2;22.9;35.2;16.0;39.0;10.33;709.6;0.0;73.0;1.9;0.015;24.67;2.3;4.0
5936;2025-09-05 08:00:00;0.99;16.1;21.3;37.6;21.0;45.0;9.86;709.8;0.0;68.0;1.9;0.131;25.95;1.8;12.0
5937;2025-09-05 09:00:00;1.1;18.3;23.7;42.1;27.0;46.0;10.32;710.0;0.0;61.0;1.9;0.299;27.7;3.4;19.0
5938;2025-09-05 10:00:00;1.06;11.2;22.1;33.4;44.0;47.0;10.51;710.0;0.0;51.0;2.0;0.479;29.53;5.1;25.0
5939;2025-09-05 11:00:00;1.18;11.5;31.0;42.7;57.0;54.0;12.68;709.8;0.0;45.0;2.2;0.212;31.22;5.5;22.0
5940;2025-09-05 12:00:00;1.02;11.5;33.2;44.8;67.0;76.0;14.21;709.5;0.0;41.0;3.8;0.748;32.18;8.5;43.0
5941;2025-09-05 13:00:00;0.87;3.5;14.5;18.1;110.0;77.0;9.91;708.9;0.0;35.0;3.5;0.819;33.31;10.3;64.0
5942;2025-09-05 14:00:00;0.85;2.9;11.5;14.5;128.0;48.0;9.44;708.4;0.0;33.0;2.5;0.797;34.49;9.8;62.0
5943;2025-09-05 15:00:00;0.79;2.5;8.2;10.8;125.0;45.0;8.78;707.9;0.0;32.0;2.5;0.718;35.06;10.1;114.0
5944;2025-09-05 16:00:00;0.7;2.6;6.0;8.7;102.0;38.0;7.74;707.5;0.0;31.0;2.9;0.573;35.27;10.1;132.0
5945;2025-09-05 17:00:00;0.68;2.6;6.0;8.8;86.0;31.0;6.93;707.4;0.0;29.0;2.6;0.391;35.61;9.8;136.0
5946;2025-09-05 18:00:00;0.69;2.7;6.8;9.5;75.0;29.0;6.68;707.5;0.0;31.0;2.0;0.123;34.76;9.9;142.0
5947;2025-09-05 19:00:00;0.75;2.6;10.0;12.7;67.0;27.0;6.51;707.7;0.0;32.0;1.8;0.016;33.8;8.8;135.0
5948;2025-09-05 20:00:00;0.74;2.4;12.6;15.0;60.0;27.0;7.65;708.3;0.0;30.0;1.7;0.0;33.59;10.0;95.0
5949;2025-09-05 21:00:00;0.66;2.3;9.1;11.5;60.0;27.0;7.76;709.0;0.0;31.0;1.8;0.0;32.92;10.9;97.0
5950;2025-09-05 22:00:00;0.69;2.4;7.3;9.7;60.0;30.0;7.24;709.8;0.0;46.0;1.7;0.0;29.98;10.2;87.0
5951;2025-09-05 23:00:00;0.72;2.4;8.7;11.2;45.0;25.0;10.89;710.2;0.0;51.0;1.7;0.0;29.73;9.1;71.0
5952;2025-09-06 00:00:00;0.73;;7.5;10.0;35.0;38.0;15.85;710.4;0.0;61.0;1.9;0.0;28.47;11.2;50.0
5953;2025-09-06 01:00:00;0.74;2.3;5.6;8.0;35.0;37.0;15.96;710.2;0.0;64.0;2.0;0.0;27.78;9.3;59.0
5954;2025-09-06 02:00:00;0.74;2.3;5.8;8.2;33.0;41.0;16.43;710.1;0.0;67.0;1.9;0.0;27.13;9.2;39.0
5955;2025-09-06 03:00:00;0.72;;5.7;8.1;31.0;46.0;17.23;710.1;0.0;69.0;1.8;0.0;26.63;8.2;39.0
5956;2025-09-06 04:00:00;0.7;2.2;4.5;6.8;30.0;40.0;17.68;710.1;0.0;73.0;1.6;0.0;26.04;8.4;58.0
5957;2025-09-06 05:00:00;0.7;2.3;5.2;7.6;28.0;36.0;17.44;710.3;0.0;75.0;1.5;0.0;25.81;6.1;34.0
5958;2025-09-06 06:00:00;0.71;4.2;12.1;16.4;20.0;38.0;17.55;710.5;0.0;76.0;1.5;0.0;25.68;4.9;57.0
5959;2025-09-06 07:00:00;0.75;13.2;17.0;30.2;16.0;42.0;18.92;710.9;0.0;76.0;1.6;0.015;25.7;2.7;49.0
5960;2025-09-06 08:00:00;0.83;13.0;16.7;29.9;16.0;49.0;19.83;711.3;0.0;75.0;1.6;0.077;26.29;1.8;71.0
5961;2025-09-06 09:00:00;0.93;7.1;13.2;20.4;22.0;45.0;20.2;711.8;0.0;71.0;1.5;0.146;27.2;3.0;7.0
5962;2025-09-06 10:00:00;0.94;8.1;14.0;22.2;29.0;57.0;20.18;712.3;0.0;65.0;1.6;0.276;28.62;4.0;334.0
5963;2025-09-06 11:00:00;0.94;5.2;13.2;18.4;47.0;53.0;21.05;712.4;0.0;58.0;1.5;0.355;30.33;5.1;346.0
5964;2025-09-06 12:00:00;1.01;5.4;18.9;24.4;59.0;58.0;23.34;712.2;0.0;54.0;1.4;0.417;31.17;6.4;66.0
5965;2025-09-06 13:00:00;0.88;3.2;10.8;14.0;78.0;76.0;22.06;711.8;0.0;52.0;1.4;0.368;31.52;9.2;27.0
5966;2025-09-06 14:00:00;0.76;2.5;8.6;11.2;61.0;74.0;12.4;711.8;0.0;60.0;1.5;0.059;27.13;14.9;234.0
5967;2025-09-06 15:00:00;0.93;3.4;15.7;19.1;51.0;57.0;9.11;711.2;0.0;68.0;1.6;0.086;25.83;13.3;213.0
5968;2025-09-06 16:00:00;0.84;3.1;10.5;13.7;60.0;33.0;9.91;711.5;0.0;62.0;1.6;0.13;27.2;12.7;133.0
5969;2025-09-06 17:00:00;0.79;2.7;7.5;10.2;62.0;40.0;9.65;711.3;0.0;62.0;1.5;0.206;27.51;9.6;133.0
5970;2025-09-06 18:00:00;0.86;2.5;10.8;13.3;56.0;31.0;11.12;711.4;0.0;60.0;1.5;0.049;28.15;5.6;147.0
5971;2025-09-06 19:00:00;0.84;2.4;10.6;13.1;53.0;36.0;9.46;711.6;0.0;60.0;1.4;0.037;27.45;7.6;117.0
5972;2025-09-06 20:00:00;0.96;2.3;16.4;18.7;43.0;30.0;10.33;711.8;0.0;62.0;1.5;0.0;27.06;4.9;103.0
5973;2025-09-06 21:00:00;1.09;2.4;24.1;26.6;31.0;35.0;10.74;712.4;0.0;64.0;1.5;0.0;26.82;3.4;101.0
5974;2025-09-06 22:00:00;1.05;2.4;18.5;20.9;33.0;39.0;12.03;712.6;0.0;65.0;1.6;0.0;26.51;4.1;123.0
5975;2025-09-06 23:00:00;1.18;4.8;25.6;30.5;24.0;39.0;14.87;713.2;0.0;68.0;1.6;0.0;26.21;7.6;65.0
5976;2025-09-07 00:00:00;1.02;3.0;26.6;29.7;21.0;54.0;14.24;713.2;0.0;71.0;1.4;0.0;25.71;3.2;339.0
5977;2025-09-07 01:00:00;1.1;4.7;30.7;35.5;18.0;50.0;15.11;713.1;0.0;68.0;1.6;0.0;25.98;2.0;57.0
5978;2025-09-07 02:00:00;1.02;2.4;19.5;22.0;25.0;48.0;12.54;712.9;0.0;67.0;1.7;0.0;25.8;5.1;90.0
5979;2025-09-07 03:00:00;0.83;2.3;13.1;15.4;32.0;37.0;10.74;712.8;0.0;67.0;1.6;0.0;25.65;5.2;96.0
5980;2025-09-07 04:00:00;0.8;2.3;13.3;15.7;33.0;32.0;12.49;712.6;0.0;67.0;1.6;0.0;25.6;6.1;75.0
5981;2025-09-07 05:00:00;0.79;;12.8;15.1;32.0;38.0;12.33;712.7;0.0;69.0;1.7;0.0;25.2;6.8;59.0
5982;2025-09-07 06:00:00;0.75;;11.1;13.4;35.0;36.0;12.43;713.0;0.0;70.0;3.2;0.0;24.89;7.0;33.0
5983;2025-09-07 07:00:00;0.71;;8.2;10.6;38.0;41.0;10.34;713.2;0.0;72.0;2.9;0.002;24.48;6.6;66.0
5984;2025-09-07 08:00:00;0.73;3.5;15.0;18.6;31.0;30.0;12.4;713.3;0.0;73.0;2.8;0.044;24.51;2.8;23.0
5985;2025-09-07 09:00:00;0.73;3.3;8.7;12.1;39.0;39.0;11.12;713.6;0.0;72.0;2.4;0.121;24.93;6.6;68.0
5986;2025-09-07 10:00:00;0.75;4.3;8.8;13.2;46.0;36.0;12.51;713.8;0.0;67.0;2.4;0.363;26.62;4.6;66.0
5987;2025-09-07 11:00:00;0.81;5.4;13.2;18.6;51.0;39.0;16.73;713.9;0.0;61.0;3.3;0.347;27.83;6.8;53.0
5988;2025-09-07 12:00:00;0.73;3.4;9.8;13.3;65.0;48.0;16.62;713.7;0.0;58.0;2.7;0.305;28.31;6.3;22.0
5989;2025-09-07 13:00:00;0.72;2.8;7.5;10.4;86.0;44.0;14.75;713.1;0.0;52.0;2.7;0.6;29.73;7.6;51.0
5990;2025-09-07 14:00:00;0.71;2.4;5.6;8.1;93.0;41.0;15.59;712.3;0.0;48.0;2.6;0.601;30.83;7.6;48.0
5991;2025-09-07 15:00:00;0.72;2.5;5.9;8.5;91.0;41.0;16.14;711.7;0.0;45.0;3.3;0.556;31.7;8.8;66.0
5992;2025-09-07 16:00:00;0.69;2.4;4.8;7.3;79.0;42.0;16.31;711.5;0.0;46.0;3.0;0.446;31.44;11.9;84.0
5993;2025-09-07 17:00:00;0.71;2.5;5.7;8.3;64.0;43.0;15.26;711.4;0.0;50.0;3.5;0.186;30.42;13.1;67.0
5994;2025-09-07 18:00:00;0.74;2.4;6.2;8.7;49.0;42.0;11.19;711.6;0.0;60.0;2.0;0.088;28.42;11.2;81.0
5995;2025-09-07 19:00:00;0.7;2.3;6.3;8.7;46.0;29.0;8.56;712.1;0.0;58.0;2.1;0.011;27.92;12.9;78.0
5996;2025-09-07 20:00:00;0.68;2.3;4.9;7.2;47.0;29.0;8.84;712.7;0.0;62.0;1.9;0.0;27.35;9.1;118.0
5997;2025-09-07 21:00:00;0.74;;7.4;9.8;41.0;26.0;9.49;713.2;0.0;72.0;1.7;0.0;25.67;8.4;49.0
5998;2025-09-07 22:00:00;0.66;2.2;4.0;6.4;45.0;31.0;4.77;713.8;0.0;84.0;1.5;0.0;22.56;10.0;99.0
5999;2025-09-07 23:00:00;0.67;2.2;5.7;8.0;45.0;16.0;2.58;714.1;0.0;84.0;1.5;0.0;22.57;6.2;354.0
6000;2025-09-08 00:00:00;0.66;2.2;6.0;8.3;42.0;18.0;3.36;714.1;0.0;85.0;1.5;0.0;22.09;1.8;182.0
6001;2025-09-08 01:00:00;0.76;2.2;8.5;10.7;39.0;18.0;3.62;713.9;0.0;87.0;1.4;0.0;22.16;3.2;
6002;2025-09-08 02:00:00;0.93;2.2;10.4;12.7;36.0;17.0;4.33;713.8;0.0;88.0;1.4;0.0;22.2;5.7;60.0
6003;2025-09-08 03:00:00;0.67;2.2;6.1;8.3;39.0;22.0;5.14;713.4;0.0;88.0;1.5;0.0;22.34;5.0;42.0
6004;2025-09-08 04:00:00;0.65;2.2;8.8;11.1;35.0;18.0;4.01;713.0;0.0;88.0;1.4;0.0;22.3;5.9;5.0
6005;2025-09-08 05:00:00;0.67;2.2;7.1;9.3;37.0;17.0;2.73;713.0;0.0;87.0;1.4;0.0;22.16;6.2;11.0
6006;2025-09-08 06:00:00;0.78;2.3;7.5;9.9;37.0;18.0;3.72;713.3;0.0;87.0;1.4;0.0;21.96;5.1;19.0
6007;2025-09-08 07:00:00;0.99;3.9;17.5;21.4;25.0;16.0;5.6;713.4;0.0;86.0;1.5;0.006;22.28;4.2;62.0
6008;2025-09-08 08:00:00;0.84;9.1;21.5;30.8;23.0;30.0;6.99;713.6;0.0;85.0;1.5;0.071;22.79;3.7;77.0
6009;2025-09-08 09:00:00;0.92;11.5;18.9;30.5;30.0;30.0;6.73;713.8;0.0;79.0;1.7;0.229;24.53;3.9;34.0
6010;2025-09-08 10:00:00;0.94;6.5;12.5;19.0;37.0;32.0;4.83;714.0;0.0;74.0;1.8;0.246;24.8;7.5;17.0
6011;2025-09-08 11:00:00;0.83;5.5;13.1;18.6;34.0;26.0;5.27;714.1;0.0;76.0;1.6;0.095;24.16;9.0;348.0
6012;2025-09-08 12:00:00;0.8;3.5;10.9;14.5;37.0;26.0;3.92;714.1;0.0;84.0;1.5;0.032;22.23;5.6;303.0
6013;2025-09-08 13:00:00;;;;;27.0;31.667;12.083;;;;;0.0;;;
6014;2025-09-08 14:00:00;;;;;25.667;36.667;11.703;;;;;0.0;;;
6015;2025-09-08 15:00:00;;;;;23.667;8.0;4.327;;;;;0.0;;;
6016;2025-09-08 16:00:00;;;;;18.333;16.667;6.0;;;;;0.0;;;
6017;2025-09-08 17:00:00;0.28;10.0;;10.4;2.0;2.0;;;0.0;15.0;0.7;0.013;3.73;0.9;330.0
6018;2025-09-08 18:00:00;0.88;6.6;10.5;17.0;22.0;;3.67;712.6;0.0;86.0;1.9;0.046;22.75;4.6;232.0
6019;2025-09-08 19:00:00;;4.1;16.3;20.6;20.0;10.0;3.85;712.5;0.0;82.0;1.2;0.01;22.9;5.5;237.0
6020;2025-09-08 20:00:00;;2.8;20.7;23.5;14.0;15.0;4.56;712.6;0.0;80.0;1.1;0.0;22.91;3.8;223.0
6021;2025-09-08 21:00:00;;2.8;17.4;20.2;12.0;19.0;4.37;713.0;0.0;80.0;1.1;0.0;22.89;2.0;283.0
6022;2025-09-08 22:00:00;;2.7;18.5;21.2;12.0;19.0;5.26;713.4;0.0;78.0;1.2;0.0;23.16;6.8;86.0
6023;2025-09-08 23:00:00;;2.4;14.4;16.9;18.0;25.0;5.75;713.6;0.0;81.0;1.2;0.0;22.36;5.7;61.0
6024;2025-09-09 00:00:00;;2.3;12.7;15.1;15.0;22.0;5.4;713.3;0.0;85.0;1.2;0.0;21.71;1.8;336.0
6025;2025-09-09 01:00:00;;2.4;13.5;15.9;14.0;21.0;5.94;713.0;0.0;88.0;1.2;0.0;21.66;2.1;205.0
6026;2025-09-09 02:00:00;;2.5;14.9;17.4;9.0;22.0;6.24;712.7;0.0;88.0;1.2;0.0;21.67;1.8;257.0
6027;2025-09-09 03:00:00;;2.9;13.2;16.1;8.0;19.0;6.09;712.5;0.0;88.0;1.1;0.0;21.51;1.8;200.0
6028;2025-09-09 04:00:00;;2.8;12.1;15.0;7.0;20.0;6.01;712.3;0.0;88.0;1.2;0.0;21.54;1.8;271.0
6029;2025-09-09 05:00:00;;2.6;11.2;13.9;8.0;22.0;5.62;712.2;0.0;88.0;1.2;0.0;21.55;;188.0
6030;2025-09-09 06:00:00;;2.9;11.0;13.9;8.0;20.0;5.34;712.2;0.0;88.0;1.2;0.0;21.34;;91.0
6031;2025-09-09 07:00:00;;6.7;15.0;21.8;6.0;23.0;6.07;712.3;0.0;88.0;1.2;0.009;21.45;1.9;103.0
6032;2025-09-09 08:00:00;;10.4;14.8;25.3;11.0;26.0;6.5;712.5;0.0;87.0;1.2;0.083;22.15;1.9;84.0
6033;2025-09-09 09:00:00;;9.3;19.9;29.4;18.0;30.0;6.64;712.6;0.0;83.0;1.2;0.152;23.16;4.5;70.0
6034;2025-09-09 10:00:00;;9.4;18.9;28.4;28.0;36.0;9.48;712.8;0.0;75.0;1.4;0.341;24.45;7.1;69.0
6035;2025-09-09 11:00:00;;8.6;17.3;26.0;38.0;35.0;11.78;713.0;0.0;67.0;1.3;0.355;26.05;9.6;54.0
6036;2025-09-09 12:00:00;;4.4;11.5;15.9;49.0;42.0;9.41;713.0;0.0;63.0;1.6;0.369;26.47;11.5;57.0
6037;2025-09-09 13:00:00;;3.3;8.6;12.0;57.0;35.0;11.27;712.6;0.0;57.0;3.2;0.494;27.09;11.4;76.0
6038;2025-09-09 14:00:00;;3.0;6.3;9.4;60.0;36.0;10.71;712.0;0.0;52.0;3.6;0.706;28.36;11.8;61.0
6039;2025-09-09 15:00:00;;2.6;5.0;7.8;58.0;30.0;10.94;711.4;0.0;49.0;3.5;0.411;28.76;9.2;75.0
6040;2025-09-09 16:00:00;;2.7;5.9;8.7;57.0;29.0;11.18;711.1;0.0;48.0;4.4;0.325;28.87;9.5;86.0
6041;2025-09-09 17:00:00;;2.9;5.9;9.0;49.0;31.0;7.54;710.9;0.0;46.0;4.1;0.35;29.81;8.2;121.0
6042;2025-09-09 18:00:00;;2.8;6.2;9.1;44.0;23.0;4.93;710.9;0.0;49.0;2.3;0.115;29.29;8.9;137.0
6043;2025-09-09 19:00:00;;2.8;9.3;12.1;37.0;20.0;4.92;711.0;0.0;52.0;2.0;0.025;28.21;9.4;129.0
6044;2025-09-09 20:00:00;;2.4;8.6;11.1;37.0;25.0;5.62;711.4;0.0;59.0;1.9;0.0;27.01;11.6;122.0
6045;2025-09-09 21:00:00;;2.2;4.8;7.0;41.0;23.0;4.74;712.2;0.0;75.0;1.6;0.0;23.73;8.6;147.0
6046;2025-09-09 22:00:00;;2.1;6.6;8.8;37.0;21.0;4.17;712.7;0.0;74.0;1.6;0.0;24.12;5.4;93.0
6047;2025-09-09 23:00:00;;2.2;5.1;7.4;38.0;20.0;3.86;712.8;0.0;74.0;1.4;0.0;23.9;7.7;120.0
6048;2025-09-10 00:00:00;;2.1;4.2;6.4;39.0;19.0;3.65;712.6;0.0;71.0;1.4;0.0;24.13;6.2;97.0
6049;2025-09-10 01:00:00;;2.1;4.5;6.7;36.0;15.0;3.74;712.4;0.0;69.0;1.4;0.0;24.17;4.7;77.0
6050;2025-09-10 02:00:00;;;3.6;5.8;36.0;17.0;3.61;712.2;0.0;71.0;1.3;0.0;23.85;4.9;37.0
6051;2025-09-10 03:00:00;;4.9;17.9;22.8;15.0;17.0;6.21;712.0;0.0;75.0;1.4;0.0;23.28;2.9;13.0
6052;2025-09-10 04:00:00;;4.2;25.7;30.0;6.0;33.0;8.42;711.8;0.0;80.0;1.4;0.0;22.73;2.0;6.0
6053;2025-09-10 05:00:00;;6.1;23.1;29.2;8.0;40.0;8.45;711.9;0.0;81.0;1.5;0.0;22.6;2.1;39.0
6054;2025-09-10 06:00:00;;6.1;18.9;25.0;13.0;40.0;8.09;712.1;0.0;82.0;2.0;0.0;22.51;2.2;53.0
6055;2025-09-10 07:00:00;;4.1;19.8;23.9;14.0;39.0;7.49;712.4;0.0;82.0;1.8;0.01;22.4;3.4;66.0
6056;2025-09-10 08:00:00;;10.1;20.1;30.4;16.0;36.0;6.87;712.9;0.0;78.0;1.8;0.135;23.69;4.5;66.0
6057;2025-09-10 09:00:00;;9.0;14.0;23.2;26.0;41.0;5.87;713.3;0.0;69.0;1.8;0.344;25.59;4.9;68.0
6058;2025-09-10 10:00:00;;5.6;8.6;14.4;36.0;31.0;4.17;713.7;0.0;63.0;1.6;0.553;26.39;8.5;55.0
6059;2025-09-10 11:00:00;;4.1;7.0;11.2;44.0;25.0;4.32;713.8;0.0;61.0;1.5;0.306;27.11;9.9;59.0
6060;2025-09-10 12:00:00;;3.4;5.5;9.0;49.0;25.0;4.23;713.7;0.0;56.0;1.5;0.736;28.19;10.9;63.0
6061;2025-09-10 13:00:00;;3.4;5.8;9.3;51.0;28.0;5.4;713.3;0.0;53.0;1.7;0.811;28.83;13.1;57.0
6062;2025-09-10 14:00:00;;3.1;5.8;9.0;55.0;29.0;6.63;712.9;0.0;48.0;2.9;0.78;29.72;13.0;60.0
6063;2025-09-10 15:00:00;;3.0;6.3;9.5;56.0;28.0;8.69;712.4;0.0;49.0;3.4;0.595;29.89;13.6;76.0
6064;2025-09-10 16:00:00;;3.2;6.4;9.7;46.0;32.0;5.42;712.0;0.0;49.0;2.5;0.459;29.92;12.8;80.0
6065;2025-09-10 17:00:00;;3.1;6.5;9.7;41.0;26.0;4.28;711.9;0.0;52.0;2.0;0.182;29.34;12.7;86.0
6066;2025-09-10 18:00:00;;2.9;8.3;11.4;38.0;23.0;6.14;712.0;0.0;53.0;2.3;0.094;28.96;11.7;101.0
6067;2025-09-10 19:00:00;;2.7;7.6;10.4;34.0;26.0;4.31;712.5;0.0;64.0;2.7;0.024;26.41;13.8;97.0
6068;2025-09-10 20:00:00;;2.3;5.6;8.0;33.0;26.0;2.81;713.2;0.0;83.0;1.7;0.0;22.35;13.1;128.0
6069;2025-09-10 21:00:00;;2.3;6.2;8.6;33.0;18.0;;713.1;0.0;84.0;1.4;0.0;21.09;6.1;158.0
6070;2025-09-10 22:00:00;;2.8;13.1;16.0;22.0;16.0;2.49;713.2;0.0;84.0;1.5;0.0;21.68;3.0;102.0
6071;2025-09-10 23:00:00;;3.0;18.9;22.0;13.0;17.0;2.74;713.4;0.0;83.0;1.4;0.0;21.81;2.5;20.0
6072;2025-09-11 00:00:00;;2.4;14.5;16.9;15.0;16.0;2.31;713.6;0.0;81.0;1.5;0.0;21.74;2.3;158.0
6073;2025-09-11 01:00:00;;4.4;18.5;23.0;7.0;17.0;3.4;713.4;0.0;81.0;1.4;0.0;21.9;1.8;146.0
6074;2025-09-11 02:00:00;;5.5;22.7;28.4;6.0;25.0;4.48;713.3;0.0;83.0;1.5;0.0;22.1;1.8;118.0
6075;2025-09-11 03:00:00;;3.1;19.6;22.8;8.0;23.0;5.1;713.1;0.0;84.0;1.4;0.0;21.84;1.9;87.0
6076;2025-09-11 04:00:00;;3.1;18.0;21.2;6.0;27.0;4.62;713.1;0.0;84.0;1.5;0.0;21.7;1.8;63.0
6077;2025-09-11 05:00:00;;2.8;14.0;16.9;10.0;20.0;3.73;713.4;0.0;84.0;1.4;0.0;21.6;3.2;113.0
6078;2025-09-11 06:00:00;;2.7;14.1;16.9;11.0;25.0;3.54;713.5;0.0;82.0;1.4;0.0;21.89;3.2;63.0
6079;2025-09-11 07:00:00;;4.8;14.8;19.7;10.0;25.0;3.77;713.8;0.0;83.0;1.5;0.011;21.76;2.6;42.0
6080;2025-09-11 08:00:00;;25.5;20.2;45.7;9.0;27.0;6.6;713.9;0.0;81.0;2.1;0.097;22.67;4.0;36.0
6081;2025-09-11 09:00:00;;28.8;22.1;50.9;12.0;39.0;12.8;714.1;0.0;77.0;4.1;0.257;24.12;4.1;13.0
6082;2025-09-11 10:00:00;;23.1;20.8;44.0;18.0;48.0;11.67;714.2;0.0;69.0;4.9;0.52;25.49;7.3;23.0
6083;2025-09-11 11:00:00;;13.6;21.1;34.8;23.0;45.0;11.88;714.3;0.0;66.0;3.6;0.284;25.8;8.6;358.0
6084;2025-09-11 12:00:00;;6.9;13.6;20.6;41.0;48.0;8.47;714.3;0.0;61.0;3.4;0.639;27.09;11.0;46.0
6085;2025-09-11 13:00:00;;3.5;7.7;11.4;53.0;35.0;5.7;714.0;0.0;56.0;2.8;0.725;28.28;12.2;55.0
6086;2025-09-11 14:00:00;;3.2;6.6;10.0;52.0;28.0;8.33;713.3;0.0;51.0;2.5;0.667;29.19;13.1;56.0
6087;2025-09-11 15:00:00;;3.4;6.0;9.5;42.0;27.0;6.37;712.9;0.0;50.0;2.7;0.471;29.39;12.8;73.0
6088;2025-09-11 16:00:00;;3.5;5.3;8.8;37.0;25.0;3.6;712.6;0.0;48.0;2.1;0.467;29.81;12.1;75.0
6089;2025-09-11 17:00:00;;3.7;6.1;10.0;36.0;20.0;4.49;712.3;0.0;47.0;2.6;0.393;30.2;11.6;86.0
6090;2025-09-11 18:00:00;;3.2;6.5;9.8;33.0;26.0;4.2;712.3;0.0;48.0;3.5;0.121;29.84;10.2;101.0
6091;2025-09-11 19:00:00;;2.9;7.5;10.5;28.0;22.0;3.12;712.4;0.0;52.0;2.3;0.018;28.83;8.2;132.0
6092;2025-09-11 20:00:00;;2.7;11.1;13.9;23.0;22.0;3.57;712.5;0.0;55.0;1.8;0.0;27.96;9.3;120.0
6093;2025-09-11 21:00:00;;2.5;11.6;14.1;21.0;25.0;3.88;712.9;0.0;59.0;1.6;0.0;27.46;7.7;107.0
6094;2025-09-11 22:00:00;;2.4;8.7;11.2;23.0;23.0;3.75;713.2;0.0;59.0;1.6;0.0;27.33;8.9;95.0
6095;2025-09-11 23:00:00;;3.0;7.4;10.5;22.0;25.0;3.46;713.5;0.0;64.0;1.6;0.0;26.13;9.1;82.0
6096;2025-09-12 00:00:00;;2.2;3.5;5.8;24.0;19.0;3.25;713.5;0.0;70.0;1.4;0.0;24.92;11.1;113.0
6097;2025-09-12 01:00:00;;2.3;4.0;6.3;21.0;19.0;3.2;713.7;0.0;75.0;1.5;0.0;24.27;9.3;80.0
6098;2025-09-12 02:00:00;;4.4;14.5;19.0;11.0;20.0;4.55;713.7;0.0;77.0;1.7;0.0;24.07;7.8;4.0
6099;2025-09-12 03:00:00;;3.3;13.5;17.0;11.0;22.0;5.35;713.5;0.0;78.0;1.9;0.0;23.85;5.6;29.0
6100;2025-09-12 04:00:00;;4.8;16.1;20.9;8.0;27.0;7.15;713.1;0.0;81.0;2.6;0.0;23.39;5.4;41.0
6101;2025-09-12 05:00:00;;2.2;8.1;10.3;15.0;31.0;7.39;713.1;0.0;81.0;2.5;0.0;23.17;3.4;62.0
6102;2025-09-12 06:00:00;;5.4;12.9;18.4;9.0;25.0;9.65;713.2;0.0;82.0;2.3;0.0;23.04;4.0;48.0
6103;2025-09-12 07:00:00;;4.0;12.8;16.9;10.0;30.0;7.6;713.7;0.0;81.0;2.3;0.008;23.08;4.2;79.0
6104;2025-09-12 08:00:00;;8.2;13.9;22.2;12.0;25.0;7.65;713.9;0.0;80.0;2.0;0.088;23.4;8.2;71.0
6105;2025-09-12 09:00:00;;9.4;13.2;22.7;16.0;29.0;8.23;714.1;0.0;77.0;3.0;0.146;23.93;9.0;50.0
6106;2025-09-12 10:00:00;;6.7;8.4;15.2;26.0;34.0;4.84;714.3;0.0;69.0;2.8;0.496;25.79;10.8;49.0
6107;2025-09-12 11:00:00;;4.9;6.6;11.6;30.0;23.0;3.85;714.4;0.0;64.0;2.1;0.234;26.62;11.8;55.0
6108;2025-09-12 12:00:00;;4.3;6.2;10.6;32.0;25.0;3.26;714.1;0.0;59.0;1.9;0.46;27.53;12.1;51.0
6109;2025-09-12 13:00:00;;4.6;6.1;10.8;32.0;22.0;3.0;713.6;0.0;55.0;1.8;0.556;28.51;12.9;52.0
6110;2025-09-12 14:00:00;;4.2;6.0;10.3;34.0;20.0;3.15;713.1;0.0;52.0;1.6;0.602;29.15;13.7;74.0
6111;2025-09-12 15:00:00;;3.8;5.3;9.2;34.0;24.0;3.09;712.4;0.0;48.0;1.6;0.447;29.76;14.1;65.0
6112;2025-09-12 16:00:00;;4.0;6.3;10.5;31.0;20.0;3.21;711.9;0.0;47.0;1.7;0.343;30.07;12.4;71.0
6113;2025-09-12 17:00:00;;4.5;6.8;11.4;28.0;22.0;3.01;711.7;0.0;45.0;1.8;0.362;30.86;11.0;85.0
6114;2025-09-12 18:00:00;;4.0;6.6;10.7;27.0;22.0;3.12;711.7;0.0;46.0;2.1;0.142;30.37;11.8;94.0
6115;2025-09-12 19:00:00;;3.4;9.4;12.9;22.0;22.0;3.08;711.7;0.0;52.0;2.2;0.019;29.17;12.1;98.0
6116;2025-09-12 20:00:00;;2.6;9.1;11.8;21.0;;3.01;711.9;0.0;55.0;2.3;0.0;28.16;9.8;115.0
6117;2025-09-12 21:00:00;;2.4;7.3;9.8;22.0;20.0;3.11;712.2;0.0;59.0;2.0;0.0;27.15;11.9;103.0
6118;2025-09-12 22:00:00;;2.5;5.9;8.5;23.0;22.0;2.98;712.9;0.0;80.0;1.6;0.0;22.99;8.2;98.0
6119;2025-09-12 23:00:00;;2.3;4.8;7.1;24.0;20.0;2.17;713.2;0.0;83.0;1.4;0.0;22.74;8.3;70.0
6120;2025-09-13 00:00:00;;2.2;4.7;6.9;24.0;16.0;2.45;713.2;0.0;85.0;1.5;0.0;22.19;6.1;83.0
6121;2025-09-13 01:00:00;;2.2;4.8;7.1;24.0;15.0;2.12;712.9;0.0;87.0;1.4;0.0;21.98;6.3;74.0
6122;2025-09-13 02:00:00;;;2.8;5.0;;17.0;;712.6;0.0;87.0;1.4;0.0;22.21;5.1;101.0
6123;2025-09-13 03:00:00;;2.4;10.8;13.3;11.0;15.0;3.45;712.3;0.0;87.0;1.4;0.0;22.67;2.1;18.0
6124;2025-09-13 04:00:00;;2.3;6.5;8.9;13.0;18.0;2.63;712.1;0.0;87.0;1.4;0.0;22.63;2.5;47.0
6125;2025-09-13 05:00:00;;2.2;7.3;9.6;14.0;17.0;2.42;712.1;0.0;86.0;1.4;0.0;22.65;2.2;72.0
6126;2025-09-13 06:00:00;;2.3;7.4;9.7;12.0;16.0;2.77;712.3;0.0;86.0;1.3;0.0;22.68;1.8;64.0
6127;2025-09-13 07:00:00;;3.4;10.2;13.7;9.0;18.0;2.96;712.4;0.0;86.0;1.3;0.008;22.63;1.8;45.0
6128;2025-09-13 08:00:00;;7.1;10.0;17.2;10.0;17.0;3.17;712.6;0.0;86.0;1.3;0.083;23.06;1.9;41.0
6129;2025-09-13 09:00:00;;12.8;11.4;24.4;12.0;23.0;4.31;712.7;0.0;81.0;1.4;0.274;24.47;5.0;21.0
6130;2025-09-13 10:00:00;;;;;17.667;12.0;2.66;;;;;0.0;;;
6131;2025-09-13 11:00:00;;;;;19.0;28.0;6.217;;;;;0.0;;;
6132;2025-09-13 12:00:00;;;;;26.667;18.667;9.813;;;;;0.0;;;
6133;2025-09-13 13:00:00;;24.2;;24.3;10.0;5.0;;;0.0;27.0;1.2;0.199;12.52;5.7;73.0
6134;2025-09-13 14:00:00;;4.4;4.6;9.1;30.0;;;711.5;0.0;56.0;1.5;0.421;28.5;10.2;82.0
6135;2025-09-13 15:00:00;;3.1;3.3;6.6;32.0;18.0;;710.9;0.0;53.0;1.2;0.787;29.66;10.4;108.0
6136;2025-09-13 16:00:00;;2.8;3.9;6.8;33.0;18.0;;710.4;0.0;51.0;1.2;0.382;29.56;10.6;108.0
6137;2025-09-13 17:00:00;;2.9;4.1;7.2;33.0;16.0;;710.2;0.0;51.0;1.4;0.358;29.88;9.9;109.0
6138;2025-09-13 18:00:00;;2.5;3.7;6.3;33.0;19.0;;710.1;0.0;53.0;1.4;0.147;29.55;11.3;126.0
6139;2025-09-13 19:00:00;;2.3;4.8;7.1;29.0;20.0;;710.1;0.0;56.0;1.3;0.019;28.3;11.4;127.0
6140;2025-09-13 20:00:00;;2.2;7.4;9.7;25.0;20.0;;710.4;0.0;61.0;1.3;0.0;27.53;10.3;109.0
6141;2025-09-13 21:00:00;;2.6;7.4;10.1;21.0;25.0;;711.0;0.0;64.0;1.3;0.0;26.64;10.1;97.0
6142;2025-09-13 22:00:00;;2.2;5.7;8.0;23.0;21.0;;711.6;0.0;65.0;1.3;0.0;25.94;8.3;98.0
6143;2025-09-13 23:00:00;;2.2;6.2;8.4;22.0;21.0;;711.8;0.0;72.0;1.3;0.0;24.87;8.0;94.0
6144;2025-09-14 00:00:00;;2.1;6.0;8.2;21.0;21.0;;711.5;0.0;75.0;1.3;0.0;24.37;6.8;65.0
6145;2025-09-14 01:00:00;;2.1;3.8;6.0;22.0;20.0;;711.2;0.0;74.0;1.2;0.0;24.18;7.8;101.0
6146;2025-09-14 02:00:00;;;3.3;5.5;21.0;16.0;;710.8;0.0;76.0;1.2;0.0;23.9;7.0;83.0
6147;2025-09-14 03:00:00;;2.6;6.6;9.2;16.0;15.0;;710.5;0.0;81.0;1.2;0.0;23.27;7.4;16.0
6148;2025-09-14 04:00:00;;4.5;12.1;16.6;9.0;20.0;;710.3;0.0;83.0;1.5;0.0;23.06;5.2;27.0
6149;2025-09-14 05:00:00;;2.0;3.2;5.3;17.0;20.0;;710.3;0.0;83.0;1.5;0.0;22.84;7.0;59.0
6150;2025-09-14 06:00:00;;2.1;4.4;6.6;15.0;18.0;;710.4;0.0;83.0;1.4;0.0;22.81;5.3;59.0
6151;2025-09-14 07:00:00;;2.6;7.3;10.0;12.0;22.0;;710.6;0.0;82.0;1.4;0.005;22.83;5.6;51.0
6152;2025-09-14 08:00:00;;5.2;9.2;14.5;11.0;19.0;;710.9;0.0;80.0;1.4;0.049;23.39;5.4;47.0
6153;2025-09-14 09:00:00;;4.4;5.7;10.2;16.0;25.0;;711.2;0.0;76.0;1.4;0.163;24.21;7.0;58.0
6154;2025-09-14 10:00:00;;4.3;4.8;9.2;19.0;21.0;;711.3;0.0;74.0;1.3;0.252;24.6;8.8;65.0
6155;2025-09-14 11:00:00;;4.0;4.2;8.3;21.0;18.0;;711.6;0.0;74.0;1.4;0.298;24.77;11.4;59.0
6156;2025-09-14 12:00:00;;3.4;3.5;7.0;25.0;20.0;;711.6;0.0;70.0;1.3;0.437;25.8;10.0;49.0
6157;2025-09-14 13:00:00;;2.9;3.0;6.0;27.0;17.0;;711.1;0.0;64.0;1.4;0.377;26.7;10.9;81.0
6158;2025-09-14 14:00:00;;2.7;2.6;5.4;27.0;17.0;;710.5;0.0;62.0;1.4;0.442;26.9;12.8;113.0
6159;2025-09-14 15:00:00;;2.9;2.9;6.0;28.0;16.0;;709.9;0.0;57.0;1.4;0.454;27.92;10.9;103.0
6160;2025-09-14 16:00:00;;2.5;2.5;5.2;28.0;17.0;;709.5;0.0;55.0;1.5;0.331;28.4;10.7;120.0
6161;2025-09-14 17:00:00;;2.6;4.0;6.7;27.0;17.0;;709.7;0.0;59.0;1.4;0.115;27.46;11.0;101.0
6162;2025-09-14 18:00:00;;3.7;10.0;13.8;22.0;20.0;;710.1;0.0;68.0;1.4;0.043;25.55;6.1;42.0
6163;2025-09-14 19:00:00;;2.9;9.4;12.4;21.0;20.0;;710.5;0.0;71.0;1.5;0.01;24.91;10.1;63.0
6164;2025-09-14 20:00:00;;2.3;6.7;9.0;24.0;22.0;;711.0;0.0;77.0;1.4;0.0;23.69;11.6;87.0
6165;2025-09-14 21:00:00;;2.2;5.3;7.5;34.0;18.0;;711.8;0.0;84.0;1.3;0.0;21.27;6.9;62.0
6166;2025-09-14 22:00:00;;2.2;6.6;8.8;31.0;20.0;;712.4;0.0;85.0;1.4;0.0;21.18;6.8;39.0
6167;2025-09-14 23:00:00;;2.1;5.6;7.7;34.0;17.0;;712.4;0.0;87.0;1.4;0.0;20.59;7.4;119.0
6168;2025-09-15 00:00:00;;2.0;4.0;6.1;33.0;15.0;;711.6;0.0;89.0;1.3;0.0;20.54;2.9;224.0
6169;2025-09-15 01:00:00;;2.3;12.0;14.4;24.0;15.0;;711.4;0.0;89.0;1.4;0.0;21.0;6.9;32.0
6170;2025-09-15 02:00:00;;2.2;14.7;16.9;18.0;20.0;;711.4;0.0;88.0;1.4;0.0;21.39;2.5;39.0
6171;2025-09-15 03:00:00;;2.1;7.8;10.0;26.0;20.0;;711.5;0.0;87.0;1.4;0.0;21.25;6.2;23.0
6172;2025-09-15 04:00:00;;2.2;11.7;13.9;21.0;18.0;;711.6;0.0;87.0;1.4;0.0;20.91;5.4;4.0
6173;2025-09-15 05:00:00;;2.2;11.1;13.3;21.0;26.0;;711.7;0.0;87.0;1.5;0.0;21.05;2.8;18.0
6174;2025-09-15 06:00:00;;2.5;13.9;16.4;18.0;30.0;;711.9;0.0;87.0;1.7;0.0;21.15;2.6;33.0
6175;2025-09-15 07:00:00;;4.1;18.1;22.2;13.0;32.0;;712.2;0.0;86.0;1.9;0.003;21.24;3.5;25.0
6176;2025-09-15 08:00:00;;6.8;20.0;26.9;15.0;36.0;;712.7;0.0;85.0;2.0;0.038;21.28;7.3;6.0
6177;2025-09-15 09:00:00;;11.2;21.1;32.4;17.0;30.0;;713.0;0.0;80.0;2.3;0.119;22.03;6.2;28.0
6178;2025-09-15 10:00:00;;14.7;20.0;34.8;21.0;37.0;;713.3;0.0;75.0;2.8;0.304;23.43;6.1;39.0
6179;2025-09-15 11:00:00;;9.2;14.8;24.1;33.0;39.0;10.0;713.5;0.0;68.0;2.8;0.386;25.13;6.7;53.0
6180;2025-09-15 12:00:00;;3.8;6.7;10.5;44.0;33.0;8.07;713.3;0.0;60.0;2.0;0.546;26.38;10.0;94.0
6181;2025-09-15 13:00:00;;3.5;6.3;9.8;44.0;26.0;5.85;713.0;0.0;59.0;1.6;0.426;26.6;13.4;81.0
6182;2025-09-15 14:00:00;;4.2;6.9;11.1;42.0;25.0;5.98;712.6;0.0;60.0;1.5;0.471;26.39;12.1;56.0
6183;2025-09-15 15:00:00;;3.6;7.1;10.8;47.0;23.0;5.27;712.1;0.0;54.0;1.5;0.461;27.34;11.1;58.0
6184;2025-09-15 16:00:00;;3.3;5.9;9.2;48.0;25.0;4.99;711.9;0.0;48.0;1.6;0.476;27.86;13.1;75.0
6185;2025-09-15 17:00:00;;3.0;5.9;8.9;47.0;23.0;4.91;711.9;0.0;51.0;1.6;0.343;28.03;12.6;106.0
6186;2025-09-15 18:00:00;;2.6;8.8;11.5;38.0;26.0;5.17;712.2;0.0;70.0;1.6;0.032;23.31;5.9;107.0
6187;2025-09-15 19:00:00;;2.7;15.2;17.9;30.0;22.0;4.57;712.2;0.0;64.0;1.5;0.018;24.61;4.1;55.0
6188;2025-09-15 20:00:00;;3.8;27.4;31.3;14.0;27.0;4.8;712.4;0.0;64.0;1.5;0.0;24.27;3.5;54.0
6189;2025-09-15 21:00:00;;5.1;27.9;33.0;9.0;27.0;5.58;712.9;0.0;67.0;1.5;0.0;23.93;3.7;40.0
6190;2025-09-15 22:00:00;;3.1;15.1;18.3;22.0;34.0;6.77;713.4;0.0;72.0;1.5;0.0;23.67;6.4;59.0
6191;2025-09-15 23:00:00;;2.3;8.3;10.7;29.0;29.0;6.32;713.6;0.0;72.0;1.4;0.0;23.31;6.0;96.0
6192;2025-09-16 00:00:00;;2.3;4.4;6.7;32.0;25.0;5.28;713.4;0.0;74.0;1.3;0.0;23.03;7.8;95.0
6193;2025-09-16 01:00:00;;;6.7;9.1;28.0;23.0;5.29;713.4;0.0;75.0;1.4;0.0;22.84;5.9;56.0
6194;2025-09-16 02:00:00;;4.9;19.2;24.1;12.0;22.0;6.83;713.4;0.0;77.0;1.5;0.0;22.39;4.2;52.0
6195;2025-09-16 03:00:00;;5.0;17.4;22.4;14.0;38.0;12.83;713.4;0.0;81.0;2.3;0.0;21.78;5.3;59.0
6196;2025-09-16 04:00:00;;3.0;15.2;18.3;16.0;47.0;15.23;713.3;0.0;82.0;2.4;0.0;21.54;3.1;21.0
6197;2025-09-16 05:00:00;;2.4;16.1;18.5;14.0;46.0;7.44;713.3;0.0;83.0;2.5;0.0;21.35;2.2;348.0
6198;2025-09-16 06:00:00;;2.6;18.9;21.6;11.0;33.0;7.18;713.6;0.0;84.0;2.1;0.0;21.25;2.6;24.0
6199;2025-09-16 07:00:00;;5.3;22.5;27.9;8.0;36.0;9.01;713.9;0.0;84.0;2.0;0.016;21.35;2.6;49.0
6200;2025-09-16 08:00:00;;16.2;21.3;37.6;10.0;40.0;10.5;714.1;0.0;82.0;2.0;0.102;22.0;4.7;31.0
6201;2025-09-16 09:00:00;;14.6;18.5;33.2;20.0;49.0;8.83;714.3;0.0;76.0;3.0;0.269;23.17;8.2;48.0
6202;2025-09-16 10:00:00;;11.7;16.1;28.0;27.0;39.0;9.36;714.6;0.0;70.0;2.9;0.473;24.32;10.4;44.0
6203;2025-09-16 11:00:00;;3.6;6.1;9.9;45.0;43.0;6.1;714.7;0.0;68.0;2.3;0.371;24.97;13.1;50.0
6204;2025-09-16 12:00:00;;3.1;5.6;8.8;52.0;33.0;6.76;714.5;0.0;62.0;2.4;0.564;25.91;13.3;66.0
6205;2025-09-16 13:00:00;;2.9;4.3;7.2;50.0;26.0;4.52;713.9;0.0;56.0;1.9;0.688;27.0;14.2;65.0
6206;2025-09-16 14:00:00;;2.7;5.3;8.1;51.0;26.0;7.96;713.6;0.0;56.0;2.3;0.255;26.63;12.9;61.0
6207;2025-09-16 15:00:00;;2.6;5.2;7.9;53.0;27.0;9.7;713.2;0.0;55.0;4.9;0.194;26.71;10.0;78.0
6208;2025-09-16 16:00:00;;2.5;4.1;6.6;52.0;32.0;8.8;713.0;0.0;53.0;4.7;0.28;27.42;10.3;83.0
6209;2025-09-16 17:00:00;;2.6;4.2;6.8;44.0;29.0;5.84;713.0;0.0;58.0;3.7;0.194;26.62;11.9;123.0
6210;2025-09-16 18:00:00;;2.4;4.8;7.3;38.0;23.0;4.01;713.0;0.0;64.0;2.2;0.062;24.83;11.7;117.0
6211;2025-09-16 19:00:00;;2.3;5.7;8.0;37.0;18.0;4.15;713.0;0.0;60.0;1.8;0.024;24.87;8.0;101.0
6212;2025-09-16 20:00:00;;2.3;7.3;9.6;37.0;19.0;4.75;713.1;0.0;52.0;1.6;0.0;25.24;5.5;100.0
6213;2025-09-16 21:00:00;;;6.5;8.9;41.0;24.0;4.76;713.4;0.0;49.0;1.6;0.0;25.34;5.5;112.0
6214;2025-09-16 22:00:00;;;5.7;8.0;43.0;20.0;4.48;713.8;0.0;50.0;1.6;0.0;25.23;5.5;127.0
6215;2025-09-16 23:00:00;;2.4;12.1;14.6;31.0;22.0;5.93;714.0;0.0;58.0;2.2;0.0;24.52;8.3;59.0
6216;2025-09-17 00:00:00;;2.3;8.1;10.5;37.0;31.0;5.68;714.0;0.0;65.0;8.0;0.0;23.78;9.4;70.0
6217;2025-09-17 01:00:00;;2.3;5.3;7.6;39.0;31.0;4.77;713.8;0.0;63.0;5.8;0.0;23.55;5.2;79.0
6218;2025-09-17 02:00:00;;;3.7;6.0;42.0;23.0;4.4;713.6;0.0;64.0;3.3;0.0;23.5;7.7;60.0
6219;2025-09-17 03:00:00;;;3.1;5.4;39.0;24.0;4.54;713.3;0.0;68.0;2.3;0.0;22.86;5.5;63.0
6220;2025-09-17 04:00:00;;;3.8;6.2;35.0;20.0;4.59;713.0;0.0;70.0;1.7;0.0;22.51;1.9;29.0
6221;2025-09-17 05:00:00;;2.5;12.7;15.2;20.0;22.0;5.38;712.7;0.0;72.0;1.7;0.0;21.87;2.6;303.0
6222;2025-09-17 06:00:00;;2.9;15.7;18.6;14.0;27.0;6.17;713.0;0.0;75.0;1.7;0.0;21.56;2.1;268.0
6223;2025-09-17 07:00:00;;5.1;15.7;20.8;12.0;30.0;6.52;713.3;0.0;75.0;2.0;0.017;21.4;1.8;279.0
6224;2025-09-17 08:00:00;;12.7;19.2;32.0;13.0;32.0;8.21;713.5;0.0;68.0;2.9;0.121;23.18;3.0;332.0
6225;2025-09-17 09:00:00;;15.0;21.6;36.7;17.0;38.0;8.67;713.6;0.0;66.0;2.7;0.198;23.86;3.5;17.0
6226;2025-09-17 10:00:00;;29.6;30.7;60.4;17.0;46.0;11.97;713.9;0.0;63.0;4.2;0.265;24.92;4.8;39.0
6227;2025-09-17 11:00:00;;20.4;29.0;49.4;28.0;61.0;11.9;713.9;0.0;60.0;6.3;0.361;25.98;7.5;72.0
6228;2025-09-17 12:00:00;;4.3;10.6;15.0;59.0;49.0;7.52;713.5;0.0;53.0;4.0;0.65;26.89;9.7;62.0
6229;2025-09-17 13:00:00;;3.1;8.6;11.7;68.0;36.0;7.97;713.0;0.0;52.0;3.0;0.438;27.39;8.4;73.0
6230;2025-09-17 14:00:00;;2.8;7.3;10.2;71.0;32.0;7.78;712.4;0.0;50.0;2.6;0.549;28.07;9.3;82.0
6231;2025-09-17 15:00:00;;2.8;5.9;8.8;69.0;33.0;8.14;711.8;0.0;46.0;2.6;0.685;29.04;8.3;101.0
6232;2025-09-17 16:00:00;;2.6;5.2;7.9;66.0;30.0;8.52;711.4;0.0;44.0;2.3;0.592;29.56;9.2;113.0
6233;2025-09-17 17:00:00;;2.6;6.1;8.8;64.0;27.0;9.0;711.2;0.0;45.0;2.5;0.292;29.35;7.3;104.0
6234;2025-09-17 18:00:00;;2.5;5.9;8.4;54.0;30.0;7.69;711.1;0.0;46.0;2.3;0.129;29.02;8.0;133.0
6235;2025-09-17 19:00:00;;2.4;8.7;11.2;45.0;29.0;7.22;711.1;0.0;51.0;2.1;0.012;27.48;8.8;118.0
6236;2025-09-17 20:00:00;;2.5;11.5;14.1;37.0;27.0;6.35;711.4;0.0;58.0;1.9;0.0;26.24;11.5;87.0
6237;2025-09-17 21:00:00;;2.5;8.1;10.6;36.0;32.0;4.62;712.0;0.0;67.0;1.9;0.0;24.73;11.8;92.0
6238;2025-09-17 22:00:00;;2.4;5.4;7.8;38.0;26.0;3.28;712.3;0.0;67.0;2.0;0.0;24.53;9.5;106.0
6239;2025-09-17 23:00:00;;2.4;7.6;10.1;33.0;20.0;3.31;712.5;0.0;72.0;2.6;0.0;23.76;10.6;60.0
6240;2025-09-18 00:00:00;;2.3;7.7;10.1;31.0;20.0;3.59;712.3;0.0;74.0;3.0;0.0;23.45;6.4;66.0
6241;2025-09-18 01:00:00;;2.3;6.9;9.3;32.0;21.0;2.88;711.9;0.0;74.0;2.1;0.0;23.36;7.1;62.0
6242;2025-09-18 02:00:00;;;5.7;8.0;31.0;20.0;3.0;711.6;0.0;79.0;1.8;0.0;22.7;5.4;54.0
6243;2025-09-18 03:00:00;;;5.9;8.3;30.0;19.0;3.04;711.2;0.0;80.0;1.6;0.0;22.53;2.6;60.0
6244;2025-09-18 04:00:00;;2.5;11.9;14.4;21.0;17.0;4.27;711.1;0.0;81.0;1.6;0.0;22.46;2.0;54.0
6245;2025-09-18 05:00:00;;2.4;11.0;13.5;20.0;24.0;4.51;711.1;0.0;81.0;1.7;0.0;22.45;1.8;96.0
6246;2025-09-18 06:00:00;;2.7;13.5;16.2;14.0;26.0;5.73;711.3;0.0;81.0;1.7;0.0;22.27;1.9;158.0
6247;2025-09-18 07:00:00;;3.6;15.0;18.6;13.0;25.0;5.71;711.6;0.0;79.0;1.6;0.012;22.57;2.2;132.0
6248;2025-09-18 08:00:00;;6.4;15.8;22.3;12.0;27.0;6.52;712.0;0.0;76.0;1.7;0.043;23.03;3.6;151.0
6249;2025-09-18 09:00:00;;9.7;15.1;25.0;15.0;30.0;6.8;712.3;0.0;73.0;1.8;0.15;23.75;6.2;107.0
6250;2025-09-18 10:00:00;;7.2;10.5;17.8;28.0;34.0;6.61;712.3;0.0;66.0;1.8;0.346;25.31;7.4;44.0
6251;2025-09-18 11:00:00;;5.4;9.6;15.1;40.0;26.0;6.58;712.5;0.0;61.0;1.8;0.402;26.62;10.4;62.0
6252;2025-09-18 12:00:00;;3.9;7.7;11.7;51.0;28.0;8.56;712.3;0.0;55.0;3.5;0.698;27.73;9.7;62.0
6253;2025-09-18 13:00:00;;3.3;7.1;10.5;55.0;34.0;8.04;711.6;0.0;56.0;3.1;0.655;28.04;9.1;63.0
6254;2025-09-18 14:00:00;;3.1;5.6;8.8;53.0;34.0;6.13;710.9;0.0;50.0;2.6;0.702;29.08;9.7;56.0
6255;2025-09-18 15:00:00;;2.8;4.8;7.7;51.0;28.0;3.84;710.4;0.0;49.0;2.0;0.433;29.32;9.0;58.0
6256;2025-09-18 16:00:00;;3.7;5.8;9.6;46.0;21.0;3.31;710.1;0.0;47.0;1.6;0.496;29.89;9.4;69.0
6257;2025-09-18 17:00:00;;2.9;5.3;8.3;41.0;22.0;3.52;710.1;0.0;50.0;1.6;0.184;29.11;9.8;128.0
6258;2025-09-18 18:00:00;;2.7;6.2;9.0;37.0;26.0;3.17;710.1;0.0;52.0;1.5;0.083;28.49;9.3;131.0
6259;2025-09-18 19:00:00;;2.5;7.9;10.4;36.0;19.0;3.67;710.4;0.0;55.0;1.5;0.013;27.54;9.5;123.0
6260;2025-09-18 20:00:00;;2.4;9.3;11.8;33.0;22.0;3.95;710.7;0.0;60.0;1.4;0.0;26.88;9.6;109.0
6261;2025-09-18 21:00:00;;2.5;8.2;10.8;31.0;25.0;3.49;711.6;0.0;73.0;1.5;0.0;24.38;13.4;67.0
6262;2025-09-18 22:00:00;;2.4;8.4;10.8;29.0;20.0;2.88;711.9;0.0;74.0;1.5;0.0;24.23;11.6;62.0
6263;2025-09-18 23:00:00;;2.3;6.7;9.0;30.0;20.0;2.66;712.2;0.0;81.0;1.4;0.0;22.66;7.1;58.0
6264;2025-09-19 00:00:00;;2.5;7.2;9.7;26.0;18.0;3.24;712.2;0.0;84.0;1.4;0.0;22.17;3.8;86.0
6265;2025-09-19 01:00:00;;2.4;7.5;9.9;24.0;19.0;2.75;711.8;0.0;87.0;1.4;0.0;22.2;3.2;3.0
6266;2025-09-19 02:00:00;;2.3;8.9;11.3;20.0;15.0;2.86;711.7;0.0;88.0;1.4;0.0;22.22;5.9;40.0
6267;2025-09-19 03:00:00;;2.3;4.9;7.2;21.0;18.0;6.05;711.6;0.0;88.0;1.4;0.0;22.21;5.1;56.0
6268;2025-09-19 04:00:00;;;4.7;7.1;20.0;19.0;6.92;711.4;0.0;87.0;1.6;0.0;22.38;3.1;56.0
6269;2025-09-19 05:00:00;;2.4;5.0;7.4;18.0;25.0;5.7;711.5;0.0;87.0;1.6;0.0;22.53;3.8;75.0
6270;2025-09-19 06:00:00;;2.5;6.5;9.1;17.0;19.0;4.19;711.8;0.0;86.0;1.4;0.0;22.59;3.9;89.0
6271;2025-09-19 07:00:00;;3.1;9.4;12.5;15.0;18.0;2.87;711.9;0.0;84.0;1.5;0.004;22.69;4.2;104.0
6272;2025-09-19 08:00:00;;11.6;16.3;28.0;8.0;23.0;4.63;712.2;0.0;83.0;1.5;0.036;23.0;5.0;67.0
6273;2025-09-19 09:00:00;;7.8;12.4;20.3;16.0;24.0;3.82;712.6;0.0;80.0;1.5;0.163;23.83;6.3;64.0
6274;2025-09-19 10:00:00;;10.4;12.6;23.1;22.0;27.0;3.48;712.9;0.0;72.0;1.4;0.33;25.62;5.3;28.0
6275;2025-09-19 11:00:00;;5.6;7.9;13.6;33.0;23.0;3.06;713.0;0.0;61.0;1.4;0.329;27.72;7.4;76.0
6276;2025-09-19 12:00:00;;4.9;8.4;13.4;42.0;24.0;3.43;712.7;0.0;60.0;1.4;0.698;27.85;10.7;63.0
6277;2025-09-19 13:00:00;;3.5;6.4;10.0;44.0;23.0;3.35;712.0;0.0;57.0;1.4;0.574;28.54;10.6;61.0
6278;2025-09-19 14:00:00;;3.6;5.7;9.4;37.0;22.0;3.03;711.3;0.0;55.0;1.4;0.389;28.71;11.4;64.0
6279;2025-09-19 15:00:00;;3.8;6.0;9.8;39.0;21.0;3.78;710.8;0.0;54.0;1.4;0.442;29.3;12.7;62.0
6280;2025-09-19 16:00:00;;3.8;6.9;10.8;40.0;22.0;5.67;710.6;0.0;57.0;1.5;0.502;29.06;14.7;72.0
6281;2025-09-19 17:00:00;;3.5;7.8;11.3;36.0;31.0;5.47;710.7;0.0;58.0;1.8;0.209;28.55;14.0;87.0
6282;2025-09-19 18:00:00;;3.3;6.9;10.3;27.0;32.0;3.32;710.8;0.0;62.0;1.8;0.082;27.44;12.1;115.0
6283;2025-09-19 19:00:00;;2.7;9.6;12.5;24.0;25.0;2.84;711.0;0.0;66.0;1.6;0.014;25.77;8.7;107.0
6284;2025-09-19 20:00:00;;3.5;13.9;17.5;18.0;22.0;3.58;711.5;0.0;67.0;1.5;0.0;25.7;8.8;72.0
6285;2025-09-19 21:00:00;;2.5;4.5;7.0;27.0;22.0;2.77;712.2;0.0;75.0;1.4;0.0;23.65;14.4;128.0
6286;2025-09-19 22:00:00;;4.4;9.7;14.1;22.0;17.0;2.6;711.8;0.0;79.0;1.5;0.0;22.74;9.2;78.0
6287;2025-09-19 23:00:00;;4.9;21.3;26.3;8.0;16.0;3.87;712.1;0.0;80.0;1.5;0.0;23.05;5.7;346.0
6288;2025-09-20 00:00:00;;9.0;21.2;30.3;7.0;24.0;4.39;712.3;0.0;79.0;1.6;0.0;23.11;4.4;68.0
6289;2025-09-20 01:00:00;;2.8;17.1;19.9;9.0;27.0;4.27;712.0;0.0;81.0;1.4;0.0;22.74;4.4;64.0
6290;2025-09-20 02:00:00;;6.2;19.5;25.9;6.0;22.0;4.76;711.9;0.0;84.0;1.4;0.0;22.4;4.9;30.0
6291;2025-09-20 03:00:00;;2.6;10.0;12.7;16.0;28.0;3.5;711.8;0.0;83.0;1.6;0.0;22.25;5.9;75.0
6292;2025-09-20 04:00:00;;2.5;8.9;11.5;19.0;22.0;4.02;711.8;0.0;83.0;1.6;0.0;22.19;4.4;92.0
6293;2025-09-20 05:00:00;;2.6;11.4;14.0;14.0;20.0;4.92;711.8;0.0;83.0;1.6;0.0;21.93;2.4;107.0
6294;2025-09-20 06:00:00;;2.8;15.5;18.4;10.0;20.0;7.62;712.4;0.0;84.0;1.7;0.0;22.06;1.8;29.0
6295;2025-09-20 07:00:00;;3.1;15.2;18.3;10.0;28.0;8.15;712.8;0.0;83.0;1.7;0.006;22.28;1.8;15.0
6296;2025-09-20 08:00:00;;8.1;14.0;22.3;13.0;30.0;8.52;712.8;0.0;81.0;1.7;0.106;23.66;1.8;3.0
6297;2025-09-20 09:00:00;;13.5;16.2;29.8;18.0;34.0;9.55;713.0;0.0;71.0;1.9;0.306;25.63;2.9;16.0
6298;2025-09-20 10:00:00;;15.7;21.1;36.9;20.0;41.0;9.93;712.9;0.0;68.0;1.9;0.274;25.83;6.4;61.0
6299;2025-09-20 11:00:00;;11.6;16.5;28.2;29.0;46.0;8.74;712.9;0.0;63.0;3.5;0.328;26.88;8.0;59.0
6300;2025-09-20 12:00:00;;7.2;12.5;19.8;37.0;35.0;5.51;712.8;0.0;61.0;3.6;0.535;27.41;9.3;45.0
6301;2025-09-20 13:00:00;;3.7;7.2;11.0;40.0;28.0;4.21;712.4;0.0;61.0;2.2;0.413;27.45;11.3;
6302;2025-09-20 14:00:00;;3.5;6.5;10.0;42.0;22.0;4.22;711.8;0.0;58.0;1.8;0.453;28.36;10.3;60.0
6303;2025-09-20 15:00:00;;3.1;5.7;8.9;48.0;22.0;4.09;711.2;0.0;54.0;1.6;0.613;29.45;8.9;80.0
6304;2025-09-20 16:00:00;;2.7;3.5;6.3;39.0;22.0;3.31;710.8;0.0;52.0;1.5;0.583;29.82;10.2;112.0
6305;2025-09-20 17:00:00;;2.5;3.4;6.0;41.0;18.0;3.34;710.5;0.0;51.0;1.5;0.345;29.77;11.0;129.0
6306;2025-09-20 18:00:00;;2.4;3.9;6.4;42.0;24.0;3.55;710.4;0.0;54.0;1.5;0.104;29.28;11.0;125.0
6307;2025-09-20 19:00:00;;2.3;4.9;7.2;35.0;22.0;4.76;710.8;0.0;60.0;1.6;0.011;27.78;9.7;125.0
6308;2025-09-20 20:00:00;;2.4;7.5;9.9;27.0;20.0;5.54;711.0;0.0;62.0;1.6;0.0;27.14;8.0;122.0
6309;2025-09-20 21:00:00;;2.4;6.2;8.6;26.0;25.0;5.41;711.2;0.0;63.0;1.5;0.0;26.85;6.9;105.0
6310;2025-09-20 22:00:00;;2.5;7.1;9.7;21.0;24.0;5.8;711.3;0.0;67.0;1.4;0.0;26.23;9.7;94.0
6311;2025-09-20 23:00:00;;2.6;10.0;12.7;14.0;27.0;5.24;711.6;0.0;73.0;1.5;0.0;25.13;6.8;54.0
6312;2025-09-21 00:00:00;;2.7;8.8;11.6;15.0;25.0;5.42;711.5;0.0;73.0;1.4;0.0;24.91;6.7;61.0
6313;2025-09-21 01:00:00;;8.6;14.2;22.9;9.0;23.0;5.79;711.5;0.0;79.0;1.7;0.0;23.68;6.7;38.0
6314;2025-09-21 02:00:00;;9.6;16.3;26.0;5.0;32.0;7.75;711.3;0.0;82.0;2.9;0.0;23.34;5.0;21.0
6315;2025-09-21 03:00:00;;4.0;13.3;17.3;8.0;34.0;8.88;710.9;0.0;82.0;2.1;0.0;23.22;3.0;31.0
6316;2025-09-21 04:00:00;;2.6;12.0;14.7;8.0;40.0;9.66;710.6;0.0;82.0;1.6;0.0;23.23;2.1;249.0
6317;2025-09-21 05:00:00;;2.6;10.8;13.5;8.0;35.0;9.83;710.3;0.0;82.0;1.5;0.0;23.26;1.8;259.0
6318;2025-09-21 06:00:00;;2.7;10.8;13.5;9.0;32.0;10.24;710.5;0.0;81.0;1.5;0.0;23.49;2.8;300.0
6319;2025-09-21 07:00:00;;2.9;9.3;12.3;11.0;29.0;10.14;710.8;0.0;79.0;1.5;0.005;23.54;4.1;316.0
6320;2025-09-21 08:00:00;;3.5;7.1;10.8;15.0;32.0;9.23;711.1;0.0;77.0;1.6;0.051;23.78;3.6;303.0
6321;2025-09-21 09:00:00;;4.4;6.1;10.5;20.0;26.0;9.22;711.2;0.0;72.0;1.6;0.178;24.9;3.8;3.0
6322;2025-09-21 10:00:00;;7.7;8.8;16.7;21.0;32.0;10.68;711.4;0.0;67.0;1.6;0.369;26.58;5.7;30.0
6323;2025-09-21 11:00:00;;16.4;17.0;33.5;18.0;42.0;15.94;711.5;0.0;64.0;2.6;0.287;27.36;6.9;50.0
6324;2025-09-21 12:00:00;;8.2;15.1;23.4;36.0;51.0;13.39;711.3;0.0;59.0;4.3;0.63;28.33;8.0;53.0
6325;2025-09-21 13:00:00;;3.5;8.6;12.2;58.0;41.0;11.39;710.8;0.0;56.0;2.6;0.802;29.27;8.5;79.0
6326;2025-09-21 14:00:00;;2.9;7.1;10.1;65.0;41.0;10.18;710.3;0.0;54.0;2.4;0.74;29.83;9.6;51.0
6327;2025-09-21 15:00:00;;3.1;7.1;10.3;60.0;35.0;8.34;709.6;0.0;52.0;2.1;0.676;30.31;9.2;58.0
6328;2025-09-21 16:00:00;;2.6;5.2;7.9;59.0;31.0;7.35;709.1;0.0;50.0;1.9;0.54;31.01;9.2;67.0
6329;2025-09-21 17:00:00;;2.5;4.0;6.5;49.0;28.0;6.32;708.9;0.0;51.0;1.8;0.291;30.54;10.6;73.0
6330;2025-09-21 18:00:00;;2.3;3.4;5.8;44.0;27.0;6.03;708.9;0.0;53.0;1.7;0.112;30.03;10.2;132.0
6331;2025-09-21 19:00:00;;2.3;4.6;7.0;41.0;22.0;6.05;708.9;0.0;55.0;1.6;0.009;28.73;9.0;124.0
6332;2025-09-21 20:00:00;;;5.3;7.6;43.0;24.0;7.23;709.0;0.0;59.0;1.6;0.0;27.83;9.8;116.0
6333;2025-09-21 21:00:00;;;6.1;8.5;39.0;27.0;7.02;709.2;0.0;60.0;1.6;0.0;27.43;8.9;111.0
6334;2025-09-21 22:00:00;;;5.2;7.6;40.0;28.0;6.64;709.4;0.0;60.0;1.6;0.0;27.21;6.7;105.0
6335;2025-09-21 23:00:00;;2.4;9.1;11.6;31.0;26.0;6.26;709.5;0.0;60.0;1.6;0.0;27.01;5.7;65.0
6336;2025-09-22 00:00:00;;5.8;15.8;21.7;13.0;29.0;7.67;709.6;0.0;68.0;1.9;0.0;26.03;7.0;40.0
6337;2025-09-22 01:00:00;;6.9;14.2;21.2;6.0;35.0;6.06;709.5;0.0;78.0;2.0;0.0;24.72;4.0;329.0
6338;2025-09-22 02:00:00;;2.7;10.6;13.4;7.0;28.0;4.45;709.4;0.0;79.0;2.0;0.0;24.44;3.5;329.0
6339;2025-09-22 03:00:00;;3.5;9.4;12.9;7.0;22.0;4.19;709.0;0.0;81.0;1.7;0.0;24.02;2.5;276.0
6340;2025-09-22 04:00:00;;4.9;12.7;17.7;5.0;23.0;4.53;708.9;0.0;82.0;1.7;0.0;23.76;2.4;353.0
6341;2025-09-22 05:00:00;;4.5;12.3;16.9;6.0;27.0;5.26;708.9;0.0;83.0;1.6;0.0;23.81;2.5;327.0
6342;2025-09-22 06:00:00;;4.3;12.2;16.6;5.0;27.0;9.86;709.0;0.0;82.0;1.6;0.0;23.43;3.1;297.0
6343;2025-09-22 07:00:00;;8.6;12.3;21.1;5.0;34.0;13.05;709.2;0.0;82.0;1.7;0.006;23.26;2.6;292.0
6344;2025-09-22 08:00:00;;9.8;12.7;22.6;7.0;42.0;13.53;709.5;0.0;80.0;1.7;0.067;24.11;3.4;4.0
6345;2025-09-22 09:00:00;;10.2;12.5;22.8;11.0;47.0;17.29;709.9;0.0;74.0;1.7;0.187;25.06;4.6;355.0
6346;2025-09-22 10:00:00;;12.1;15.5;27.7;17.0;51.0;17.12;710.2;0.0;67.0;1.8;0.232;26.18;5.5;23.0
6347;2025-09-22 11:00:00;;14.2;17.0;31.3;22.0;57.0;16.05;710.2;0.0;64.0;2.2;0.397;27.27;7.1;23.0
6348;2025-09-22 12:00:00;;10.3;18.8;29.2;34.0;58.0;15.09;709.9;0.0;59.0;2.2;0.739;28.63;7.8;28.0
6349;2025-09-22 13:00:00;0.53;8.2;21.2;29.5;50.0;62.0;13.5;709.4;0.0;54.0;3.3;0.783;29.78;8.2;43.0
6350;2025-09-22 14:00:00;0.5;4.8;16.2;21.2;68.0;62.0;9.84;708.8;0.0;50.0;4.4;0.76;30.83;9.2;34.0
6351;2025-09-22 15:00:00;0.5;2.8;9.9;12.8;88.0;47.0;10.66;708.3;0.0;51.0;2.5;0.626;31.11;10.7;50.0
6352;2025-09-22 16:00:00;0.48;2.7;8.2;11.0;77.0;42.0;11.26;707.9;0.0;51.0;1.8;0.496;31.26;12.7;57.0
6353;2025-09-22 17:00:00;0.48;2.7;8.8;11.6;63.0;38.0;10.54;707.8;0.0;52.0;1.8;0.197;30.64;11.2;79.0
6354;2025-09-22 18:00:00;0.45;2.6;6.9;9.6;54.0;39.0;9.12;707.8;0.0;54.0;1.7;0.091;30.09;11.8;126.0
6355;2025-09-22 19:00:00;0.44;2.6;7.3;9.9;40.0;36.0;7.17;708.0;0.0;55.0;1.6;0.01;28.96;9.6;130.0
6356;2025-09-22 20:00:00;0.46;2.4;9.0;11.4;37.0;29.0;7.08;708.2;0.0;57.0;1.6;0.0;28.39;9.0;95.0
6357;2025-09-22 21:00:00;0.4;2.4;6.5;8.9;39.0;28.0;6.59;708.6;0.0;59.0;1.5;0.0;27.9;9.6;114.0
6358;2025-09-22 22:00:00;0.36;2.6;5.4;8.1;35.0;32.0;6.29;708.9;0.0;61.0;1.6;0.0;27.61;8.6;116.0
6359;2025-09-22 23:00:00;0.32;2.4;3.9;6.4;31.0;26.0;5.25;709.0;0.0;60.0;1.5;0.0;27.47;7.9;128.0
6360;2025-09-23 00:00:00;0.29;2.4;2.9;5.3;30.0;20.0;4.7;709.0;0.0;59.0;1.5;0.0;27.29;9.2;113.0
6361;2025-09-23 01:00:00;0.3;;3.9;6.3;27.0;20.0;4.27;709.1;0.0;60.0;1.5;0.0;26.91;5.9;66.0
6362;2025-09-23 02:00:00;0.4;7.9;15.3;23.3;9.0;23.0;7.01;709.1;0.0;67.0;2.1;0.0;25.8;5.7;30.0
6363;2025-09-23 03:00:00;0.36;3.0;7.9;11.0;12.0;38.0;5.97;709.0;0.0;74.0;2.7;0.0;24.61;5.6;67.0
6364;2025-09-23 04:00:00;0.41;4.0;12.8;16.9;6.0;29.0;7.19;709.0;0.0;79.0;1.9;0.0;24.17;4.2;37.0
6365;2025-09-23 05:00:00;0.48;3.5;13.2;16.7;6.0;37.0;9.92;709.2;0.0;79.0;1.9;0.0;24.16;4.0;6.0
6366;2025-09-23 06:00:00;0.58;2.8;12.1;15.0;8.0;37.0;11.27;709.4;0.0;78.0;1.7;0.0;24.27;3.1;9.0
6367;2025-09-23 07:00:00;0.57;9.3;15.0;24.4;5.0;35.0;11.09;709.6;0.0;79.0;1.7;0.002;24.32;4.9;17.0
6368;2025-09-23 08:00:00;0.74;23.9;15.0;38.0;6.0;43.0;12.69;710.1;0.0;79.0;1.8;0.037;24.34;5.0;20.0
6369;2025-09-23 09:00:00;0.74;17.1;13.6;30.8;8.0;56.0;12.58;710.4;0.0;77.0;1.7;0.182;25.06;6.2;18.0
6370;2025-09-23 10:00:00;0.74;20.6;17.4;38.1;10.0;49.0;14.69;710.6;0.0;73.0;1.8;0.252;25.8;7.0;41.0
6371;2025-09-23 11:00:00;0.74;13.9;20.0;34.1;16.0;62.0;16.21;710.7;0.0;68.0;2.1;0.266;26.62;7.1;36.0
6372;2025-09-23 12:00:00;0.71;14.9;21.4;36.4;30.0;61.0;19.53;710.5;0.0;61.0;3.4;0.684;28.3;8.9;32.0
6373;2025-09-23 13:00:00;0.68;6.5;20.6;27.2;50.0;68.0;17.85;710.2;0.0;59.0;2.8;0.436;28.59;8.8;36.0
6374;2025-09-23 14:00:00;0.55;4.0;16.2;20.3;78.0;66.0;16.84;709.8;0.0;55.0;2.5;0.654;29.63;8.7;27.0
6375;2025-09-23 15:00:00;0.57;3.0;13.8;16.9;97.0;60.0;16.46;709.3;0.0;53.0;2.2;0.582;30.56;8.9;43.0
6376;2025-09-23 16:00:00;0.52;2.7;9.0;11.8;85.0;54.0;12.98;709.1;0.0;52.0;1.8;0.449;31.21;8.4;66.0
6377;2025-09-23 17:00:00;0.45;2.7;7.3;10.1;60.0;45.0;9.14;709.0;0.0;50.0;1.8;0.298;31.26;11.3;110.0
6378;2025-09-23 18:00:00;0.43;2.5;6.1;8.8;50.0;30.0;7.09;709.2;0.0;51.0;1.7;0.094;30.77;10.9;129.0
6379;2025-09-23 19:00:00;0.46;2.5;7.9;10.5;41.0;29.0;7.0;709.3;0.0;55.0;1.6;0.009;29.47;10.9;116.0
6380;2025-09-23 20:00:00;0.42;;6.6;9.1;28.0;25.0;6.61;709.6;0.0;57.0;1.6;0.0;28.9;12.3;125.0
6381;2025-09-23 21:00:00;0.4;;6.0;8.6;24.0;22.0;6.4;710.0;0.0;59.0;1.5;0.0;28.33;11.3;122.0
6382;2025-09-23 22:00:00;0.36;2.6;5.2;7.9;25.0;27.0;6.13;710.3;0.0;58.0;1.6;0.0;28.19;9.4;118.0
6383;2025-09-23 23:00:00;0.36;2.5;5.6;8.1;24.0;22.0;6.25;710.4;0.0;58.0;1.6;0.0;27.91;8.2;83.0
6384;2025-09-24 00:00:00;0.4;3.8;12.4;16.2;14.0;22.0;6.92;710.5;0.0;62.0;1.5;0.0;27.11;6.5;41.0
6385;2025-09-24 01:00:00;0.41;5.1;14.4;19.6;8.0;28.0;10.28;710.5;0.0;70.0;1.6;0.0;25.99;5.5;31.0
6386;2025-09-24 02:00:00;0.36;2.5;7.0;9.5;13.0;35.0;11.0;710.6;0.0;75.0;1.6;0.0;25.15;6.0;25.0
6387;2025-09-24 03:00:00;0.37;3.5;10.7;14.2;9.0;32.0;14.17;710.7;0.0;79.0;1.5;0.0;24.72;6.4;43.0
6388;2025-09-24 04:00:00;0.34;2.8;6.9;9.8;11.0;45.0;14.68;710.7;0.0;80.0;1.6;0.0;24.47;5.1;85.0
6389;2025-09-24 05:00:00;0.33;2.9;7.4;10.4;10.0;40.0;14.95;710.8;0.0;81.0;1.6;0.0;24.32;5.8;57.0
6390;2025-09-24 06:00:00;0.36;8.5;12.7;21.2;6.0;39.0;16.05;711.1;0.0;82.0;1.8;0.0;24.1;6.1;48.0
6391;2025-09-24 07:00:00;0.4;10.7;13.7;24.6;5.0;47.0;16.29;711.4;0.0;82.0;2.0;0.006;23.89;6.1;52.0
6392;2025-09-24 08:00:00;0.52;21.8;15.2;37.1;6.0;47.0;17.01;711.7;0.0;82.0;2.7;0.029;23.87;6.7;60.0
6393;2025-09-24 09:00:00;0.62;18.3;15.8;34.2;7.0;51.0;17.75;712.1;0.0;80.0;2.5;0.082;24.41;5.6;46.0
6394;2025-09-24 10:00:00;0.68;19.1;17.6;36.8;10.0;58.0;20.52;712.2;0.0;75.0;2.4;0.222;25.6;6.7;55.0
6395;2025-09-24 11:00:00;0.68;9.9;16.7;26.7;23.0;65.0;19.24;712.2;0.0;67.0;2.2;0.307;26.97;6.3;12.0
6396;2025-09-24 12:00:00;0.64;9.2;21.9;31.2;29.0;56.0;21.08;712.2;0.0;64.0;2.5;0.324;27.57;9.0;62.0
6397;2025-09-24 13:00:00;0.64;7.6;20.9;28.6;40.0;67.0;21.64;712.1;0.0;59.0;7.2;0.546;28.7;9.1;56.0
6398;2025-09-24 14:00:00;0.6;5.2;18.2;23.5;57.0;67.0;21.89;711.7;0.0;55.0;7.7;0.561;29.53;8.8;47.0
6399;2025-09-24 15:00:00;0.5;3.9;13.1;17.0;70.0;67.0;20.08;711.3;0.0;51.0;4.8;0.519;30.17;7.3;25.0
6400;2025-09-24 16:00:00;0.48;4.1;18.0;22.2;68.0;57.0;18.6;710.9;0.0;49.0;7.4;0.423;30.98;7.5;33.0
6401;2025-09-24 17:00:00;0.5;3.1;16.6;19.7;80.0;62.0;21.25;711.2;0.0;52.0;5.6;0.132;30.18;8.5;58.0
6402;2025-09-24 18:00:00;0.54;2.3;11.5;13.9;78.0;66.0;20.82;711.3;0.0;56.0;3.5;0.076;29.54;9.8;99.0
6403;2025-09-24 19:00:00;0.57;2.3;10.6;13.0;67.0;60.0;17.7;711.5;0.0;59.0;2.5;0.012;29.03;7.8;121.0
6404;2025-09-24 20:00:00;0.52;;9.3;11.7;60.0;45.0;16.08;712.0;0.0;60.0;2.0;0.0;28.62;3.9;105.0
6405;2025-09-24 21:00:00;0.61;;13.6;16.0;50.0;50.0;16.47;712.4;0.0;60.0;2.0;0.0;28.62;2.7;117.0
6406;2025-09-24 22:00:00;0.59;2.4;14.6;17.0;40.0;47.0;15.73;712.5;0.0;60.0;1.8;0.0;28.29;6.1;104.0
6407;2025-09-24 23:00:00;0.41;2.3;5.4;7.8;37.0;37.0;12.16;712.5;0.0;63.0;1.8;0.0;27.28;10.8;125.0
6408;2025-09-25 00:00:00;0.43;2.4;8.8;11.3;26.0;38.0;11.14;712.3;0.0;64.0;1.7;0.0;26.96;7.2;60.0
6409;2025-09-25 01:00:00;0.46;4.0;19.1;23.1;9.0;39.0;11.71;712.4;0.0;68.0;1.9;0.0;26.35;6.0;3.0
6410;2025-09-25 02:00:00;0.43;5.5;12.7;18.3;13.0;40.0;9.33;712.5;0.0;69.0;2.4;0.0;25.75;6.8;22.0
6411;2025-09-25 03:00:00;0.71;8.9;20.0;29.1;6.0;36.0;10.36;712.5;0.0;72.0;2.5;0.0;24.97;4.6;24.0
6412;2025-09-25 04:00:00;0.44;3.5;16.5;20.1;8.0;42.0;9.14;712.1;0.0;74.0;2.8;0.0;24.51;4.0;9.0
6413;2025-09-25 05:00:00;0.41;2.6;11.0;13.7;10.0;30.0;8.54;712.1;0.0;77.0;2.5;0.0;24.1;2.2;356.0
6414;2025-09-25 06:00:00;0.48;2.7;10.8;13.7;9.0;29.0;8.29;712.8;0.0;78.0;2.0;0.0;24.1;2.1;235.0
6415;2025-09-25 07:00:00;0.47;4.6;13.0;17.7;10.0;32.0;8.12;713.4;0.0;75.0;2.3;0.002;24.34;6.6;71.0
6416;2025-09-25 08:00:00;0.55;5.6;14.5;20.1;15.0;38.0;5.49;713.8;0.0;70.0;2.6;0.024;24.03;9.8;74.0
6417;2025-09-25 09:00:00;0.53;10.1;17.7;28.0;13.0;41.0;5.77;714.0;0.0;67.0;3.6;0.114;24.8;7.4;117.0
6418;2025-09-25 10:00:00;0.52;12.5;16.2;29.0;21.0;46.0;6.66;714.1;0.0;60.0;4.5;0.383;27.21;5.9;115.0
6419;2025-09-25 11:00:00;0.63;7.9;14.8;22.8;31.0;45.0;7.94;714.0;0.0;58.0;4.0;0.387;27.93;6.4;25.0
6420;2025-09-25 12:00:00;0.6;5.4;13.6;19.0;42.0;47.0;8.65;713.7;0.0;56.0;2.6;0.361;28.73;5.5;347.0
6421;2025-09-25 13:00:00;0.47;3.3;6.6;10.1;43.0;48.0;7.6;713.2;0.0;54.0;2.2;0.364;28.68;8.7;2.0
6422;2025-09-25 14:00:00;0.41;3.5;6.4;10.0;41.0;40.0;6.59;712.6;0.0;52.0;2.1;0.37;29.23;8.6;356.0
6423;2025-09-25 15:00:00;0.41;3.3;6.8;10.3;42.0;45.0;6.17;712.1;0.0;51.0;1.9;0.291;29.56;7.8;324.0
6424;2025-09-25 16:00:00;0.47;3.9;10.4;14.4;28.0;39.0;6.27;711.8;0.0;65.0;1.6;0.112;26.91;6.4;329.0
6425;2025-09-25 17:00:00;0.47;4.1;9.4;13.6;30.0;33.0;4.46;711.9;0.0;66.0;1.6;0.193;26.36;13.5;55.0
6426;2025-09-25 18:00:00;0.43;3.6;7.9;11.6;34.0;34.0;3.39;712.6;0.0;81.0;1.6;0.018;21.5;13.6;177.0
6427;2025-09-25 19:00:00;0.59;4.7;14.4;19.2;25.0;17.0;3.33;712.3;0.0;86.0;1.5;0.012;21.17;8.0;220.0
6428;2025-09-25 20:00:00;0.78;6.7;23.6;30.4;11.0;22.0;3.96;712.5;0.0;87.0;1.5;0.0;21.94;3.2;229.0
6429;2025-09-25 21:00:00;0.94;9.3;22.7;32.1;6.0;20.0;4.02;712.8;0.0;86.0;1.5;0.0;22.78;2.5;249.0
6430;2025-09-25 22:00:00;0.91;14.1;19.9;34.0;7.0;22.0;5.0;713.1;0.0;84.0;1.5;0.0;23.21;3.6;77.0
6431;2025-09-25 23:00:00;0.57;4.0;16.0;20.0;8.0;24.0;4.11;712.9;0.0;81.0;1.4;0.0;22.88;2.6;221.0
6432;2025-09-26 00:00:00;0.72;11.5;18.4;30.0;5.0;28.0;5.31;712.5;0.0;80.0;1.4;0.0;23.03;2.4;181.0
6433;2025-09-26 01:00:00;0.8;15.2;15.4;30.8;5.0;25.0;5.56;712.1;0.0;81.0;1.4;0.0;22.53;2.1;194.0
6434;2025-09-26 02:00:00;0.71;14.6;15.5;30.3;5.0;38.0;5.3;711.9;0.0;82.0;1.4;0.0;22.3;1.9;231.0
6435;2025-09-26 03:00:00;0.5;11.9;16.0;28.1;;28.0;4.8;711.7;0.0;82.0;1.4;0.0;22.16;2.7;162.0
6436;2025-09-26 04:00:00;0.44;4.7;14.4;19.1;6.0;30.0;5.09;711.6;0.0;81.0;1.4;0.0;22.21;3.4;231.0
6437;2025-09-26 05:00:00;0.37;3.0;11.6;14.7;10.0;28.0;5.17;711.3;0.0;77.0;1.5;0.0;22.42;4.9;241.0
6438;2025-09-26 06:00:00;0.4;4.4;12.5;17.0;8.0;23.0;5.37;711.4;0.0;75.0;1.6;0.0;22.24;3.3;209.0
6439;2025-09-26 07:00:00;0.45;12.0;13.6;25.7;6.0;32.0;5.18;711.6;0.0;74.0;1.6;0.006;22.11;1.9;236.0
6440;2025-09-26 08:00:00;0.75;31.0;17.8;48.9;8.0;31.0;6.7;711.8;0.0;69.0;1.7;0.098;24.17;3.5;235.0
6441;2025-09-26 09:00:00;0.63;17.8;18.1;36.0;14.0;42.0;6.43;712.0;0.0;59.0;2.0;0.248;26.13;4.5;244.0
6442;2025-09-26 10:00:00;0.48;10.4;16.3;26.9;29.0;37.0;5.47;712.0;0.0;49.0;2.1;0.274;28.66;4.2;356.0
6443;2025-09-26 11:00:00;0.58;19.9;26.4;46.4;34.0;31.0;7.38;711.9;0.0;45.0;8.8;0.401;29.48;6.1;82.0
6444;2025-09-26 12:00:00;0.36;3.6;8.5;12.2;63.0;37.0;4.71;711.4;0.0;40.0;3.7;0.756;29.95;7.8;107.0
6445;2025-09-26 13:00:00;0.35;3.2;6.6;9.9;70.0;27.0;4.8;710.9;0.0;39.0;2.7;0.801;30.57;8.0;70.0
6446;2025-09-26 14:00:00;0.33;2.9;5.9;9.0;69.0;27.0;4.46;710.2;0.0;39.0;2.2;0.778;30.86;9.9;79.0
6447;2025-09-26 15:00:00;0.32;3.0;6.3;9.4;72.0;26.0;4.77;709.5;0.0;38.0;2.1;0.672;31.24;11.0;59.0
6448;2025-09-26 16:00:00;0.36;2.9;8.1;11.1;83.0;23.0;7.18;709.1;0.0;38.0;3.9;0.538;31.12;11.7;92.0
6449;2025-09-26 17:00:00;0.36;2.9;6.8;9.8;66.0;32.0;5.45;709.0;0.0;39.0;3.4;0.286;31.03;10.7;129.0
6450;2025-09-26 18:00:00;0.37;2.8;7.1;10.1;63.0;27.0;5.05;709.0;0.0;42.0;2.4;0.083;30.12;10.2;134.0
6451;2025-09-26 19:00:00;0.38;2.6;8.3;10.9;59.0;25.0;5.0;709.3;0.0;46.0;2.2;0.006;28.66;9.0;136.0
6452;2025-09-26 20:00:00;0.48;2.6;13.9;16.5;45.0;28.0;5.58;709.5;0.0;47.0;1.9;0.0;27.84;5.5;100.0
6453;2025-09-26 21:00:00;0.43;2.7;13.0;15.8;40.0;27.0;5.38;709.7;0.0;45.0;1.8;0.0;27.4;3.8;131.0
6454;2025-09-26 22:00:00;0.62;3.3;27.1;30.5;16.0;26.0;6.46;710.0;0.0;48.0;1.8;0.0;26.36;2.5;188.0
6455;2025-09-26 23:00:00;0.54;4.1;27.8;31.9;11.0;32.0;6.18;709.8;0.0;49.0;1.8;0.0;25.73;2.5;191.0
6456;2025-09-27 00:00:00;0.54;3.9;28.3;32.2;16.0;27.0;7.87;709.8;0.0;51.0;3.4;0.0;26.02;5.0;25.0
6457;2025-09-27 01:00:00;0.48;3.7;25.8;29.5;15.0;38.0;8.54;709.8;0.0;59.0;4.0;0.0;25.24;6.0;357.0
6458;2025-09-27 02:00:00;0.48;3.4;23.0;26.4;13.0;46.0;7.83;710.0;0.0;70.0;3.1;0.0;24.01;6.3;10.0
6459;2025-09-27 03:00:00;0.41;4.6;17.3;21.9;15.0;41.0;6.12;710.2;0.0;75.0;2.5;0.0;23.21;6.4;51.0
6460;2025-09-27 04:00:00;0.35;2.8;12.2;15.1;16.0;30.0;6.2;710.3;0.0;79.0;2.9;0.0;22.67;2.4;65.0
6461;2025-09-27 05:00:00;0.35;2.8;10.0;12.8;19.0;30.0;9.19;710.4;0.0;79.0;3.4;0.0;22.63;4.1;83.0
6462;2025-09-27 06:00:00;0.35;3.4;13.6;17.1;16.0;27.0;9.58;710.5;0.0;78.0;3.3;0.0;22.68;2.3;55.0
6463;2025-09-27 07:00:00;0.4;3.0;12.6;15.6;15.0;32.0;9.83;710.9;0.0;78.0;3.2;0.004;22.65;2.1;142.0
6464;2025-09-27 08:00:00;0.44;3.9;14.0;18.0;17.0;29.0;11.04;711.2;0.0;76.0;2.7;0.038;23.07;2.6;135.0
6465;2025-09-27 09:00:00;0.47;7.2;14.7;22.0;19.0;36.0;12.31;711.5;0.0;72.0;3.1;0.17;24.29;3.1;90.0
6466;2025-09-27 10:00:00;0.55;11.6;18.7;30.4;21.0;33.0;14.39;711.8;0.0;66.0;3.7;0.274;25.56;5.5;12.0
6467;2025-09-27 11:00:00;0.49;7.3;16.2;23.6;33.0;50.0;14.63;712.0;0.0;64.0;3.9;0.327;26.04;6.9;17.0
6468;2025-09-27 12:00:00;0.54;9.1;19.6;28.8;37.0;52.0;15.7;711.7;0.0;62.0;4.6;0.513;26.85;8.2;22.0
6469;2025-09-27 13:00:00;0.49;4.7;13.5;18.4;63.0;58.0;10.01;711.3;0.0;56.0;4.4;0.684;28.21;8.2;64.0
6470;2025-09-27 14:00:00;0.44;3.1;7.6;10.8;68.0;41.0;6.41;710.6;0.0;53.0;2.6;0.755;29.29;9.2;68.0
6471;2025-09-27 15:00:00;0.41;3.1;6.6;9.8;59.0;35.0;5.68;710.1;0.0;49.0;2.1;0.572;29.82;11.9;52.0
6472;2025-09-27 16:00:00;0.35;2.7;4.6;7.5;53.0;31.0;4.68;709.9;0.0;47.0;1.9;0.423;29.95;10.2;85.0
6473;2025-09-27 17:00:00;0.35;2.8;5.3;8.3;48.0;24.0;4.43;709.8;0.0;47.0;1.9;0.258;29.84;12.7;84.0
6474;2025-09-27 18:00:00;0.37;2.8;6.7;9.6;45.0;24.0;4.63;709.9;0.0;49.0;1.7;0.063;29.04;10.3;97.0
6475;2025-09-27 19:00:00;0.36;2.4;5.2;7.7;47.0;29.0;4.59;710.3;0.0;52.0;1.8;0.006;28.06;9.3;127.0
6476;2025-09-27 20:00:00;0.41;2.4;7.7;10.2;42.0;21.0;5.35;710.6;0.0;55.0;1.8;0.0;27.41;8.1;130.0
6477;2025-09-27 21:00:00;0.41;;6.9;9.4;41.0;26.0;5.47;710.9;0.0;56.0;1.6;0.0;26.89;9.1;118.0
6478;2025-09-27 22:00:00;0.34;;3.9;6.4;45.0;26.0;4.39;711.5;0.0;62.0;1.5;0.0;25.38;14.4;123.0
6479;2025-09-27 23:00:00;0.33;;3.7;6.2;48.0;25.0;3.71;711.7;0.0;65.0;1.6;0.0;24.5;14.4;108.0
6480;2025-09-28 00:00:00;0.32;;3.6;6.1;47.0;20.0;3.35;711.9;0.0;67.0;1.6;0.0;24.04;10.3;105.0
6481;2025-09-28 01:00:00;0.32;;4.0;6.5;47.0;18.0;4.02;712.0;0.0;69.0;1.5;0.0;23.41;8.2;64.0
6482;2025-09-28 02:00:00;0.33;;4.8;7.3;43.0;20.0;4.24;712.1;0.0;71.0;1.6;0.0;23.09;6.2;56.0
6483;2025-09-28 03:00:00;0.31;;2.4;4.9;48.0;22.0;3.7;712.0;0.0;72.0;1.6;0.0;22.78;9.8;119.0
6484;2025-09-28 04:00:00;0.26;;2.1;4.6;56.0;22.0;4.36;711.9;0.0;67.0;1.5;0.0;22.55;11.9;124.0
6485;2025-09-28 05:00:00;0.25;;1.9;4.4;59.0;23.0;4.33;712.0;0.0;64.0;1.5;0.0;22.44;9.6;114.0
6486;2025-09-28 06:00:00;0.24;2.5;2.0;4.6;58.0;23.0;4.69;712.4;0.0;64.0;1.5;0.0;22.27;7.6;119.0
6487;2025-09-28 07:00:00;0.26;2.5;3.3;5.8;57.0;23.0;4.4;712.7;0.0;64.0;1.5;0.006;22.23;5.9;109.0
6488;2025-09-28 08:00:00;0.28;2.6;3.9;6.6;58.0;18.0;4.49;713.1;0.0;62.0;1.5;0.103;23.16;7.1;112.0
6489;2025-09-28 09:00:00;0.27;2.7;3.6;6.4;58.0;24.0;4.56;713.5;0.0;58.0;1.5;0.229;24.28;9.3;102.0
6490;2025-09-28 10:00:00;0.3;3.2;5.4;8.7;60.0;27.0;4.82;713.7;0.0;51.0;1.4;0.248;25.72;9.7;78.0
6491;2025-09-28 11:00:00;0.26;2.7;3.6;6.4;65.0;27.0;4.89;713.6;0.0;45.0;1.5;0.541;26.94;10.2;100.0
6492;2025-09-28 12:00:00;0.26;2.4;3.2;5.7;71.0;25.0;5.16;713.4;0.0;42.0;1.6;0.757;27.69;8.7;111.0
6493;2025-09-28 13:00:00;0.26;2.4;3.4;5.9;72.0;25.0;5.33;713.0;0.0;38.0;1.5;0.739;28.58;9.9;88.0
6494;2025-09-28 14:00:00;0.23;2.6;3.8;6.5;73.0;22.0;5.76;712.5;0.0;36.0;1.8;0.771;28.77;12.8;62.0
6495;2025-09-28 15:00:00;0.24;2.5;3.6;6.1;72.0;27.0;5.61;712.2;0.0;35.0;1.9;0.705;29.4;11.5;79.0
6496;2025-09-28 16:00:00;0.25;2.4;4.3;6.8;73.0;27.0;7.52;711.9;0.0;35.0;3.0;0.348;28.82;11.8;100.0
6497;2025-09-28 17:00:00;0.26;2.4;4.3;6.8;68.0;30.0;7.66;711.7;0.0;39.0;3.3;0.133;27.92;9.9;111.0
6498;2025-09-28 18:00:00;0.26;;4.1;6.6;63.0;25.0;5.65;711.6;0.0;42.0;1.9;0.063;27.17;9.7;138.0
6499;2025-09-28 19:00:00;0.28;;5.0;7.5;60.0;22.0;5.97;711.8;0.0;44.0;1.6;0.007;26.63;9.0;133.0
6500;2025-09-28 20:00:00;0.34;2.5;7.7;10.3;53.0;27.0;6.58;712.0;0.0;47.0;1.7;0.0;26.09;8.9;131.0
6501;2025-09-28 21:00:00;0.38;2.6;10.4;13.1;49.0;32.0;7.33;712.4;0.0;48.0;1.5;0.0;25.71;6.8;122.0
6502;2025-09-28 22:00:00;0.41;2.5;10.6;13.2;47.0;30.0;7.79;712.9;0.0;49.0;1.6;0.0;25.4;7.0;120.0
6503;2025-09-28 23:00:00;0.31;2.5;7.4;10.0;54.0;26.0;6.33;713.1;0.0;44.0;3.4;0.0;25.45;8.8;86.0
6504;2025-09-29 00:00:00;0.21;;3.6;6.1;59.0;22.0;5.32;713.1;0.0;42.0;1.8;0.0;25.28;9.6;111.0
6505;2025-09-29 01:00:00;0.26;;4.5;7.0;51.0;22.0;6.12;713.0;0.0;52.0;2.2;0.0;23.54;12.1;71.0
6506;2025-09-29 02:00:00;0.25;2.4;2.8;5.3;54.0;27.0;4.86;712.9;0.0;60.0;1.7;0.0;22.81;7.6;82.0
6507;2025-09-29 03:00:00;0.25;2.5;2.4;4.9;53.0;24.0;4.78;712.7;0.0;64.0;1.5;0.0;22.22;7.7;103.0
6508;2025-09-29 04:00:00;0.26;2.5;2.3;4.8;53.0;23.0;4.75;712.5;0.0;67.0;1.5;0.0;21.83;6.9;99.0
6509;2025-09-29 05:00:00;0.25;2.4;2.4;4.9;53.0;18.0;4.38;712.6;0.0;68.0;1.5;0.0;21.66;4.9;71.0
6510;2025-09-29 06:00:00;0.5;2.7;20.2;23.0;24.0;22.0;7.01;713.0;0.0;71.0;2.4;0.0;21.04;5.7;8.0
6511;2025-09-29 07:00:00;0.96;3.9;24.0;28.0;18.0;33.0;8.7;713.3;0.0;74.0;4.2;0.006;20.44;2.1;10.0
6512;2025-09-29 08:00:00;0.92;6.8;22.1;29.0;23.0;39.0;8.29;713.5;0.0;70.0;4.0;0.097;22.07;2.4;191.0
6513;2025-09-29 09:00:00;0.51;7.2;16.2;23.5;33.0;38.0;7.9;713.8;0.0;61.0;3.8;0.289;24.04;5.1;217.0
6514;2025-09-29 10:00:00;0.48;8.1;17.3;25.5;40.0;36.0;7.85;713.8;0.0;52.0;4.7;0.253;25.94;5.3;65.0
6515;2025-09-29 11:00:00;0.67;11.5;29.7;41.3;39.0;33.0;11.25;713.9;0.0;51.0;8.7;0.317;25.93;7.2;16.0
6516;2025-09-29 12:00:00;0.4;4.4;16.3;20.8;58.0;53.0;8.73;713.8;0.0;44.0;6.4;0.285;26.12;5.2;28.0
6517;2025-09-29 13:00:00;0.29;4.3;11.3;15.7;73.0;42.0;7.78;713.3;0.0;35.0;6.4;0.733;28.02;7.4;80.0
6518;2025-09-29 14:00:00;0.27;3.6;10.1;13.8;85.0;35.0;7.76;712.7;0.0;33.0;4.5;0.711;28.67;8.1;56.0
6519;2025-09-29 15:00:00;0.27;3.1;10.1;13.3;90.0;34.0;7.96;712.3;0.0;31.0;4.2;0.513;29.0;7.8;58.0
6520;2025-09-29 16:00:00;0.32;2.7;8.6;11.3;93.0;36.0;8.42;712.0;0.0;35.0;3.0;0.365;28.59;10.0;104.0
6521;2025-09-29 17:00:00;0.35;2.7;9.6;12.4;90.0;39.0;8.96;712.1;0.0;38.0;2.5;0.129;27.57;8.6;140.0
6522;2025-09-29 18:00:00;0.43;2.6;12.1;14.7;81.0;36.0;9.76;712.3;0.0;43.0;2.4;0.046;26.82;9.8;126.0
6523;2025-09-29 19:00:00;0.44;2.6;13.9;16.5;69.0;39.0;8.8;712.5;0.0;44.0;2.2;0.005;26.21;8.7;120.0
6524;2025-09-29 20:00:00;0.45;;14.2;16.8;65.0;34.0;9.67;712.9;0.0;46.0;2.1;0.0;25.87;8.1;99.0
6525;2025-09-29 21:00:00;0.4;;13.5;16.2;62.0;32.0;8.92;713.2;0.0;45.0;2.1;0.0;25.89;6.1;120.0
6526;2025-09-29 22:00:00;0.36;;12.3;14.9;59.0;34.0;8.17;713.4;0.0;43.0;2.0;0.0;25.99;5.9;98.0
6527;2025-09-29 23:00:00;0.43;2.7;18.3;21.0;40.0;34.0;8.78;713.4;0.0;42.0;1.9;0.0;25.85;4.8;77.0
6528;2025-09-30 00:00:00;0.32;2.6;11.1;13.8;49.0;34.0;7.36;713.3;0.0;42.0;1.8;0.0;25.62;4.0;113.0
6529;2025-09-30 01:00:00;0.32;3.8;25.2;29.0;27.0;29.0;9.01;713.2;0.0;47.0;3.4;0.0;24.05;8.3;33.0
6530;2025-09-30 02:00:00;0.32;3.0;23.0;26.1;25.0;43.0;9.02;713.3;0.0;57.0;5.1;0.0;22.75;6.3;321.0
6531;2025-09-30 03:00:00;0.35;2.7;15.0;17.8;31.0;41.0;7.95;713.2;0.0;64.0;4.0;0.0;22.3;2.9;243.0
6532;2025-09-30 04:00:00;0.31;2.6;9.1;11.8;35.0;34.0;7.04;713.0;0.0;64.0;3.0;0.0;22.04;1.8;12.0
6533;2025-09-30 05:00:00;0.36;2.7;18.6;21.4;26.0;28.0;7.92;713.1;0.0;68.0;2.7;0.0;22.04;6.4;8.0
6534;2025-09-30 06:00:00;0.41;2.8;16.8;19.6;27.0;40.0;8.44;713.4;0.0;73.0;2.2;0.0;21.43;2.6;355.0
6535;2025-09-30 07:00:00;0.49;3.7;20.9;24.7;20.0;34.0;8.44;713.6;0.0;75.0;2.0;0.005;21.11;1.8;351.0
6536;2025-09-30 08:00:00;0.56;7.5;23.3;31.0;22.0;40.0;9.38;713.8;0.0;72.0;2.5;0.09;22.49;1.8;11.0
6537;2025-09-30 09:00:00;0.55;11.0;23.0;34.1;27.0;46.0;10.32;714.1;0.0;62.0;3.7;0.269;24.83;2.0;165.0
6538;2025-09-30 10:00:00;0.62;22.5;33.9;56.5;25.0;48.0;14.4;714.2;0.0;54.0;9.0;0.254;26.35;4.0;2.0
6539;2025-09-30 11:00:00;0.54;15.7;29.3;45.1;40.0;54.0;12.55;714.1;0.0;48.0;11.7;0.615;26.92;6.9;49.0
6540;2025-09-30 12:00:00;0.37;3.9;10.9;14.8;73.0;50.0;28.3;713.9;0.0;42.0;6.3;0.702;27.74;7.8;91.0
6541;2025-09-30 13:00:00;0.33;2.9;7.0;10.0;85.0;35.0;8.08;713.4;0.0;39.0;4.1;0.774;28.57;7.9;81.0
6542;2025-09-30 14:00:00;0.36;3.1;11.2;14.4;99.0;34.0;10.34;712.6;0.0;38.0;3.7;0.539;28.65;9.0;46.0
6543;2025-09-30 15:00:00;0.37;3.2;13.3;16.5;101.0;43.0;11.08;712.1;0.0;37.0;3.4;0.371;28.91;8.8;43.0
6544;2025-09-30 16:00:00;0.36;2.7;7.5;10.3;86.0;46.0;8.78;711.9;0.0;39.0;2.8;0.505;29.29;9.3;124.0
6545;2025-09-30 17:00:00;0.37;2.7;8.1;10.9;86.0;36.0;8.89;711.7;0.0;39.0;2.6;0.265;29.1;9.7;142.0
6546;2025-09-30 18:00:00;0.38;2.6;9.6;12.3;75.0;35.0;9.61;711.9;0.0;42.0;2.5;0.079;27.82;9.9;134.0
6547;2025-09-30 19:00:00;0.39;2.5;11.0;13.6;70.0;37.0;9.85;712.0;0.0;44.0;2.3;0.005;27.07;9.0;130.0
6548;2025-09-30 20:00:00;0.46;2.6;14.0;16.6;59.0;39.0;10.09;712.3;0.0;46.0;2.3;0.0;26.66;6.5;96.0
6549;2025-09-30 21:00:00;0.41;2.6;11.6;14.3;59.0;35.0;9.78;712.7;0.0;47.0;2.4;0.0;26.38;8.1;114.0
6550;2025-09-30 22:00:00;0.38;2.7;11.8;14.6;55.0;36.0;9.39;712.8;0.0;45.0;2.8;0.0;26.18;5.2;102.0
6551;2025-09-30 23:00:00;0.51;3.3;19.9;23.2;33.0;32.0;9.88;712.8;0.0;50.0;2.5;0.0;24.72;1.8;213.0
6552;2025-10-01 00:00:00;0.44;27.0;19.0;21.8;36.0;33.0;;712.8;0.0;52.0;;;24.0;6.0;41.0
6553;2025-10-01 01:00:00;0.44;2.7;19.0;21.8;36.0;33.0;9.59;712.7;0.0;52.0;4.4;0.0;24.0;6.0;41.0
6554;2025-10-01 02:00:00;0.42;2.8;23.2;26.0;28.0;47.0;12.25;712.7;0.0;57.0;8.9;0.0;23.42;5.6;314.0
6555;2025-10-01 03:00:00;0.43;3.5;27.2;30.7;18.0;53.0;13.84;712.7;0.0;63.0;6.3;0.0;22.41;7.2;352.0
6556;2025-10-01 04:00:00;0.4;2.7;18.2;21.0;27.0;51.0;14.46;712.6;0.0;68.0;3.2;0.0;21.82;4.3;331.0
6557;2025-10-01 05:00:00;0.35;2.8;18.1;20.9;25.0;41.0;11.12;712.6;0.0;71.0;2.9;0.0;21.49;2.4;308.0
6558;2025-10-01 06:00:00;0.41;2.8;11.8;14.6;30.0;41.0;9.68;712.9;0.0;74.0;2.2;0.0;21.0;1.9;240.0
6559;2025-10-01 07:00:00;0.5;5.2;22.3;27.6;15.0;35.0;8.49;713.1;0.0;72.0;2.4;0.006;20.73;3.4;229.0
6560;2025-10-01 08:00:00;0.57;11.9;27.5;39.5;15.0;41.0;11.39;713.4;0.0;59.0;5.7;0.097;22.6;4.9;236.0
6561;2025-10-01 09:00:00;0.67;13.7;27.2;40.9;26.0;52.0;13.44;713.7;0.0;54.0;4.4;0.288;25.43;3.5;48.0
6562;2025-10-01 10:00:00;0.58;8.6;21.5;30.2;46.0;48.0;12.26;713.8;0.0;48.0;3.8;0.253;26.6;4.6;26.0
6563;2025-10-01 11:00:00;0.55;7.8;23.1;31.0;58.0;45.0;11.1;713.8;0.0;43.0;4.9;0.63;27.66;7.1;33.0
6564;2025-10-01 12:00:00;0.39;3.5;10.7;14.3;82.0;47.0;11.24;713.6;0.0;38.0;3.4;0.746;28.73;8.6;85.0
6565;2025-10-01 13:00:00;0.3;3.1;7.2;10.4;82.0;39.0;9.39;713.1;0.0;35.0;3.2;0.797;29.27;11.0;63.0
6566;2025-10-01 14:00:00;0.28;2.8;6.1;9.0;82.0;33.0;7.92;712.6;0.0;33.0;3.9;0.641;29.48;11.4;81.0
6567;2025-10-01 15:00:00;0.26;2.9;7.6;10.6;90.0;31.0;7.72;712.2;0.0;32.0;5.8;0.616;29.82;12.0;76.0
6568;2025-10-01 16:00:00;0.25;2.8;7.0;9.9;88.0;35.0;8.48;711.9;0.0;30.0;6.3;0.493;30.17;10.9;89.0
6569;2025-10-01 17:00:00;0.25;2.8;7.0;9.8;78.0;38.0;9.19;711.8;0.0;31.0;5.6;0.271;30.13;10.2;126.0
6570;2025-10-01 18:00:00;0.28;3.1;8.9;12.1;71.0;34.0;8.35;712.0;0.0;32.0;4.9;0.075;29.43;9.5;142.0
6571;2025-10-01 19:00:00;0.35;2.8;12.6;15.5;62.0;31.0;7.94;712.3;0.0;33.0;4.8;0.005;28.09;7.3;142.0
6572;2025-10-01 20:00:00;0.4;2.7;15.5;18.2;55.0;34.0;7.93;712.6;0.0;36.0;3.1;0.0;27.44;8.1;123.0
6573;2025-10-01 21:00:00;0.32;2.7;11.3;14.1;58.0;28.0;7.77;713.1;0.0;38.0;2.4;0.0;26.84;7.8;107.0
6574;2025-10-01 22:00:00;0.26;;7.7;10.4;62.0;28.0;7.65;713.4;0.0;39.0;2.1;0.0;26.47;9.1;98.0
6575;2025-10-01 23:00:00;0.35;;13.4;16.1;48.0;26.0;7.5;713.5;0.0;41.0;2.0;0.0;25.69;4.5;84.0
6576;2025-10-02 00:00:00;0.25;;8.2;10.9;54.0;29.0;8.09;713.6;0.0;42.0;1.9;0.0;25.19;6.5;103.0
6577;2025-10-02 01:00:00;0.25;;7.6;10.3;50.0;25.0;7.0;713.7;0.0;48.0;1.7;0.0;24.54;7.7;75.0
6578;2025-10-02 02:00:00;0.23;;3.0;5.7;52.0;30.0;5.27;713.6;0.0;58.0;1.7;0.0;23.59;9.2;106.0
6579;2025-10-02 03:00:00;0.23;;4.6;7.4;47.0;23.0;5.36;713.5;0.0;60.0;1.6;0.0;23.27;4.7;26.0
6580;2025-10-02 04:00:00;0.33;2.8;20.2;23.0;22.0;22.0;8.95;713.4;0.0;67.0;1.7;0.0;22.52;5.2;20.0
6581;2025-10-02 05:00:00;0.44;4.2;26.4;30.6;10.0;46.0;10.31;713.4;0.0;71.0;2.1;0.0;21.65;2.3;14.0
6582;2025-10-02 06:00:00;0.47;7.1;28.0;35.2;5.0;45.0;11.44;713.6;0.0;73.0;1.9;0.0;20.98;1.8;264.0
6583;2025-10-02 07:00:00;0.46;6.6;24.6;31.2;9.0;48.0;9.92;713.9;0.0;68.0;2.2;0.005;20.82;2.1;224.0
6584;2025-10-02 08:00:00;0.58;17.5;28.1;45.6;12.0;39.0;9.88;714.2;0.0;56.0;4.2;0.098;23.69;2.6;238.0
6585;2025-10-02 09:00:00;0.53;12.3;23.1;35.6;25.0;45.0;9.29;714.5;0.0;46.0;4.5;0.295;25.38;4.6;279.0
6586;2025-10-02 10:00:00;0.67;12.9;24.8;37.8;35.0;42.0;9.33;714.7;0.0;49.0;3.2;0.263;26.92;5.4;32.0
6587;2025-10-02 11:00:00;0.63;11.2;28.7;40.0;48.0;43.0;10.71;714.7;0.0;42.0;4.5;0.634;28.42;6.4;44.0
6588;2025-10-02 12:00:00;0.45;5.3;16.9;22.3;71.0;50.0;10.18;714.5;0.0;37.0;4.1;0.736;28.89;10.1;60.0
6589;2025-10-02 13:00:00;0.32;3.9;11.4;15.4;81.0;45.0;8.66;714.1;0.0;30.0;3.0;0.79;29.63;11.6;62.0
6590;2025-10-02 14:00:00;0.21;3.3;7.7;11.1;82.0;37.0;7.3;713.6;0.0;25.0;3.0;0.775;30.16;15.0;51.0
6591;2025-10-02 15:00:00;0.22;3.2;7.4;10.7;83.0;33.0;7.49;713.2;0.0;27.0;6.0;0.671;30.27;15.4;63.0
6592;2025-10-02 16:00:00;0.19;3.2;6.9;10.2;70.0;36.0;6.98;713.1;0.0;27.0;4.3;0.525;30.42;14.4;85.0
6593;2025-10-02 17:00:00;0.21;3.0;6.1;9.2;64.0;34.0;6.94;712.9;0.0;29.0;3.0;0.27;30.25;12.6;111.0
6594;2025-10-02 18:00:00;0.24;2.9;7.3;10.3;60.0;27.0;6.09;713.0;0.0;32.0;2.0;0.075;29.54;10.7;131.0
6595;2025-10-02 19:00:00;0.28;2.8;10.3;13.2;55.0;26.0;6.39;713.2;0.0;34.0;1.9;0.005;28.14;8.7;134.0
6596;2025-10-02 20:00:00;0.39;2.8;17.3;20.0;45.0;25.0;7.28;713.5;0.0;35.0;1.9;0.0;27.39;8.2;121.0
6597;2025-10-02 21:00:00;0.34;2.7;14.4;17.2;46.0;28.0;6.98;713.9;0.0;36.0;1.8;0.0;26.78;7.1;125.0
6598;2025-10-02 22:00:00;0.27;2.8;13.0;15.9;46.0;27.0;6.88;714.1;0.0;36.0;1.7;0.0;26.46;5.9;115.0
6599;2025-10-02 23:00:00;0.38;2.8;16.9;19.7;36.0;29.0;8.48;714.4;0.0;43.0;1.8;0.0;25.7;6.5;98.0
6600;2025-10-03 00:00:00;0.22;2.7;4.0;6.7;50.0;33.0;6.1;714.6;0.0;52.0;1.6;0.0;24.82;12.6;127.0
6601;2025-10-03 01:00:00;0.23;2.7;3.5;6.2;49.0;31.0;5.46;714.3;0.0;58.0;1.7;0.0;23.87;7.7;105.0
6602;2025-10-03 02:00:00;0.26;;5.7;8.4;44.0;21.0;5.59;714.1;0.0;59.0;1.6;0.0;23.7;5.8;30.0
6603;2025-10-03 03:00:00;0.29;;14.0;16.8;30.0;25.0;6.77;714.1;0.0;62.0;2.2;0.0;23.19;5.1;27.0
6604;2025-10-03 04:00:00;0.3;2.8;11.8;14.6;31.0;26.0;6.68;713.8;0.0;65.0;2.0;0.0;22.55;4.5;11.0
6605;2025-10-03 05:00:00;0.32;2.8;18.5;21.3;22.0;31.0;8.92;713.6;0.0;68.0;2.3;0.0;21.95;3.6;9.0
6606;2025-10-03 06:00:00;0.26;3.0;7.6;10.7;31.0;36.0;6.08;713.8;0.0;67.0;2.1;0.0;21.3;2.1;117.0
6607;2025-10-03 07:00:00;0.42;7.8;20.4;28.3;12.0;23.0;7.78;714.0;0.0;69.0;2.0;0.006;21.03;2.0;229.0
6608;2025-10-03 08:00:00;0.52;13.1;24.2;37.3;13.0;37.0;9.24;714.2;0.0;59.0;4.3;0.094;23.15;3.2;212.0
6609;2025-10-03 09:00:00;0.57;14.8;24.2;39.0;22.0;40.0;9.63;714.4;0.0;49.0;4.5;0.282;25.56;4.1;236.0
6610;2025-10-03 10:00:00;0.55;12.1;22.8;35.0;34.0;43.0;8.82;714.5;0.0;41.0;3.5;0.269;27.54;4.8;47.0
6611;2025-10-03 11:00:00;0.47;8.0;19.1;27.2;50.0;41.0;8.04;714.3;0.0;39.0;3.0;0.63;28.59;6.5;67.0
6612;2025-10-03 12:00:00;0.31;4.1;10.5;14.7;72.0;36.0;8.5;714.0;0.0;33.0;2.4;0.741;29.53;8.7;84.0
6613;2025-10-03 13:00:00;0.32;3.5;10.6;14.3;88.0;32.0;10.07;713.4;0.0;32.0;2.3;0.731;29.8;11.2;60.0
6614;2025-10-03 14:00:00;0.32;3.6;10.9;14.7;90.0;37.0;9.88;712.8;0.0;34.0;2.8;0.781;29.92;14.1;68.0
6615;2025-10-03 15:00:00;0.27;3.2;7.6;10.9;83.0;43.0;8.73;712.3;0.0;34.0;2.6;0.643;29.76;14.1;75.0
6616;2025-10-03 16:00:00;0.26;3.0;6.6;9.7;73.0;33.0;8.66;712.1;0.0;33.0;2.4;0.563;29.98;13.6;88.0
6617;2025-10-03 17:00:00;0.24;3.1;7.3;10.5;69.0;37.0;8.1;712.0;0.0;32.0;2.2;0.236;29.44;14.4;87.0
6618;2025-10-03 18:00:00;0.27;2.8;8.3;11.2;68.0;30.0;9.68;712.1;0.0;36.0;6.3;0.069;28.52;10.7;130.0
6619;2025-10-03 19:00:00;0.31;2.7;10.6;13.4;60.0;35.0;9.76;712.3;0.0;37.0;5.7;0.004;27.49;9.2;124.0
6620;2025-10-03 20:00:00;0.36;2.7;12.8;15.6;53.0;32.0;8.98;712.5;0.0;39.0;3.3;0.0;26.89;7.4;101.0
6621;2025-10-03 21:00:00;0.36;;13.6;16.3;48.0;35.0;9.28;712.8;0.0;41.0;2.6;0.0;26.2;5.9;119.0
6622;2025-10-03 22:00:00;0.35;2.8;14.5;17.2;44.0;29.0;9.53;713.0;0.0;43.0;2.2;0.0;25.62;4.6;123.0
6623;2025-10-03 23:00:00;0.34;2.9;14.2;17.1;40.0;32.0;9.08;713.0;0.0;45.0;2.0;0.0;25.43;7.3;107.0
6624;2025-10-04 00:00:00;0.27;2.7;6.6;9.4;47.0;32.0;6.42;712.9;0.0;53.0;1.8;0.0;24.83;8.6;127.0
6625;2025-10-04 01:00:00;0.26;2.7;4.7;7.5;49.0;29.0;6.97;712.6;0.0;57.0;1.7;0.0;24.17;9.5;100.0
6626;2025-10-04 02:00:00;0.26;;4.7;7.4;47.0;27.0;6.92;712.4;0.0;60.0;1.7;0.0;23.72;7.6;83.0
6627;2025-10-04 03:00:00;0.25;;4.0;6.7;46.0;28.0;6.36;712.1;0.0;63.0;1.6;0.0;23.11;5.2;82.0
6628;2025-10-04 04:00:00;0.23;;3.3;6.0;44.0;25.0;5.16;711.8;0.0;66.0;1.6;0.0;22.68;5.3;81.0
6629;2025-10-04 05:00:00;0.25;;4.3;7.1;38.0;25.0;4.99;711.7;0.0;68.0;1.5;0.0;22.4;3.9;93.0
6630;2025-10-04 06:00:00;0.26;;6.5;9.3;30.0;22.0;5.88;711.9;0.0;70.0;1.4;0.0;21.56;1.8;169.0
6631;2025-10-04 07:00:00;0.33;3.0;14.7;17.8;20.0;22.0;6.53;712.0;0.0;69.0;1.6;0.005;21.31;2.3;192.0
6632;2025-10-04 08:00:00;0.42;8.6;21.6;30.4;16.0;27.0;8.19;712.1;0.0;61.0;3.4;0.092;22.87;2.8;212.0
6633;2025-10-04 09:00:00;0.42;12.8;21.5;34.4;21.0;35.0;8.52;712.2;0.0;61.0;4.8;0.235;24.73;3.1;6.0
6634;2025-10-04 10:00:00;0.54;20.2;26.4;46.7;21.0;36.0;14.79;712.4;0.0;59.0;6.6;0.326;25.56;6.0;22.0
6635;2025-10-04 11:00:00;0.48;8.5;17.4;26.0;45.0;53.0;14.81;712.2;0.0;58.0;5.1;0.621;26.11;9.0;68.0
6636;2025-10-04 12:00:00;0.4;4.1;11.0;15.2;66.0;47.0;14.2;711.8;0.0;56.0;4.6;0.724;26.66;12.2;51.0
6637;2025-10-04 13:00:00;0.35;3.1;8.7;11.9;68.0;50.0;15.1;711.2;0.0;52.0;5.5;0.413;27.15;11.0;63.0
6638;2025-10-04 14:00:00;0.3;3.4;6.1;9.6;57.0;42.0;10.81;710.4;0.0;45.0;4.1;0.718;28.32;11.6;85.0
6639;2025-10-04 15:00:00;0.23;2.8;3.6;6.6;54.0;34.0;6.23;709.7;0.0;41.0;2.5;0.728;29.08;12.7;126.0
6640;2025-10-04 16:00:00;0.24;2.9;3.7;6.7;53.0;23.0;5.4;709.3;0.0;42.0;1.9;0.521;29.06;12.7;130.0
6641;2025-10-04 17:00:00;0.28;2.6;3.9;6.6;52.0;25.0;5.92;709.1;0.0;44.0;1.8;0.182;28.28;11.6;130.0
6642;2025-10-04 18:00:00;0.27;2.6;5.1;7.7;50.0;31.0;7.37;709.1;0.0;47.0;1.6;0.051;27.56;9.9;122.0
6643;2025-10-04 19:00:00;0.28;2.5;6.2;8.8;49.0;31.0;6.56;709.0;0.0;49.0;1.7;0.006;26.87;10.2;134.0
6644;2025-10-04 20:00:00;0.3;2.6;6.5;9.2;48.0;25.0;7.09;709.2;0.0;52.0;1.7;0.0;26.38;10.7;121.0
6645;2025-10-04 21:00:00;0.34;2.7;7.9;10.6;42.0;27.0;7.54;709.5;0.0;54.0;1.6;0.0;25.99;10.2;130.0
6646;2025-10-04 22:00:00;0.31;2.7;6.6;9.4;42.0;29.0;7.51;709.7;0.0;54.0;1.6;0.0;25.77;8.2;127.0
6647;2025-10-04 23:00:00;0.3;;6.5;9.3;40.0;27.0;6.51;709.8;0.0;53.0;1.5;0.0;25.62;6.6;120.0
6648;2025-10-05 00:00:00;0.35;;8.9;11.6;34.0;25.0;7.8;709.9;0.0;56.0;1.8;0.0;25.22;9.7;74.0
6649;2025-10-05 01:00:00;0.24;;4.0;6.7;38.0;32.0;4.49;709.9;0.0;61.0;1.6;0.0;24.39;8.5;100.0
6650;2025-10-05 02:00:00;0.24;;3.7;6.4;36.0;26.0;3.85;709.9;0.0;67.0;1.6;0.0;23.51;8.2;82.0
6651;2025-10-05 03:00:00;0.26;;3.5;6.2;34.0;20.0;3.56;709.6;0.0;75.0;1.6;0.0;22.48;10.1;53.0
6652;2025-10-05 04:00:00;0.25;;3.4;6.2;32.0;22.0;3.58;709.5;0.0;77.0;1.5;0.0;22.15;7.5;58.0
6653;2025-10-05 05:00:00;0.22;;3.2;5.9;32.0;24.0;3.99;709.5;0.0;74.0;1.5;0.0;22.16;4.6;80.0
6654;2025-10-05 06:00:00;0.23;;3.7;6.4;31.0;22.0;4.27;709.6;0.0;73.0;1.5;0.0;22.18;2.2;62.0
6655;2025-10-05 07:00:00;0.24;;4.8;7.6;28.0;21.0;4.6;709.7;0.0;72.0;1.5;0.003;21.97;2.0;171.0
6656;2025-10-05 08:00:00;0.29;3.3;8.7;12.1;25.0;23.0;4.66;710.0;0.0;72.0;1.5;0.051;22.53;2.0;48.0
6657;2025-10-05 09:00:00;0.31;4.9;12.5;17.4;23.0;23.0;6.92;710.3;0.0;74.0;1.6;0.108;22.85;2.8;23.0
6658;2025-10-05 10:00:00;0.33;4.7;8.6;13.4;33.0;30.0;7.39;710.4;0.0;69.0;1.8;0.27;24.16;4.7;341.0
6659;2025-10-05 11:00:00;0.37;3.9;8.3;12.4;42.0;28.0;8.04;710.5;0.0;65.0;1.8;0.251;24.79;6.2;359.0
6660;2025-10-05 12:00:00;0.3;3.8;9.4;13.3;52.0;35.0;9.1;710.1;0.0;61.0;2.1;0.31;25.4;7.4;346.0
6661;2025-10-05 13:00:00;0.3;3.3;7.9;11.3;69.0;34.0;9.67;709.6;0.0;54.0;2.7;0.597;27.21;8.0;22.0
6662;2025-10-05 14:00:00;0.3;2.7;6.8;9.7;71.0;38.0;10.45;709.0;0.0;50.0;3.2;0.473;28.04;9.3;64.0
6663;2025-10-05 15:00:00;0.26;2.7;4.5;7.3;56.0;30.0;7.71;708.5;0.0;47.0;2.8;0.416;28.79;9.7;67.0
6664;2025-10-05 16:00:00;0.23;2.6;2.8;5.5;47.0;29.0;5.45;708.2;0.0;45.0;2.0;0.511;29.34;11.4;132.0
6665;2025-10-05 17:00:00;0.22;2.5;2.8;5.4;47.0;21.0;4.84;707.9;0.0;45.0;1.7;0.24;29.38;9.9;141.0
6666;2025-10-05 18:00:00;0.24;2.4;3.5;6.0;47.0;22.0;5.05;708.0;0.0;48.0;1.6;0.07;28.7;9.5;131.0
6667;2025-10-05 19:00:00;0.27;2.5;5.5;8.1;43.0;24.0;5.35;708.2;0.0;50.0;1.6;0.004;27.7;8.0;104.0
6668;2025-10-05 20:00:00;0.28;2.5;5.7;8.3;40.0;24.0;5.46;708.6;0.0;50.0;1.6;0.0;27.42;9.4;104.0
6669;2025-10-05 21:00:00;0.27;;6.2;8.9;37.0;25.0;5.28;709.0;0.0;51.0;1.6;0.0;27.17;8.1;141.0
6670;2025-10-05 22:00:00;0.31;;7.2;9.8;35.0;22.0;5.79;709.2;0.0;52.0;1.5;0.0;26.81;6.2;108.0
6671;2025-10-05 23:00:00;0.36;2.6;11.2;13.9;28.0;25.0;6.52;709.5;0.0;53.0;1.9;0.0;26.51;8.9;63.0
6672;2025-10-06 00:00:00;0.27;2.6;5.6;8.4;30.0;33.0;5.07;709.7;0.0;60.0;2.1;0.0;25.72;9.1;69.0
6673;2025-10-06 01:00:00;0.29;;6.1;8.8;26.0;28.0;4.84;709.7;0.0;65.0;1.7;0.0;24.7;9.0;57.0
6674;2025-10-06 02:00:00;0.27;;5.3;8.0;24.0;27.0;5.35;709.6;0.0;70.0;1.6;0.0;23.57;5.9;31.0
6675;2025-10-06 03:00:00;0.27;3.7;14.7;18.5;13.0;26.0;5.75;709.4;0.0;73.0;2.0;0.0;23.06;6.6;5.0
6676;2025-10-06 04:00:00;0.25;6.3;13.6;20.0;15.0;29.0;5.43;709.1;0.0;75.0;2.8;0.0;22.53;4.2;51.0
6677;2025-10-06 05:00:00;0.24;3.0;10.8;13.9;18.0;30.0;4.94;709.0;0.0;77.0;2.6;0.0;22.29;2.0;86.0
6678;2025-10-06 06:00:00;0.26;3.0;12.7;15.8;15.0;27.0;6.23;709.2;0.0;78.0;2.6;0.0;22.22;1.8;78.0
6679;2025-10-06 07:00:00;0.32;3.4;14.0;17.5;13.0;29.0;7.95;709.5;0.0;78.0;2.3;0.004;22.19;1.8;354.0
6680;2025-10-06 08:00:00;0.45;10.1;18.0;28.3;11.0;31.0;10.36;709.8;0.0;76.0;2.4;0.079;22.85;2.0;10.0
6681;2025-10-06 09:00:00;0.53;9.0;15.9;25.0;19.0;43.0;11.75;710.2;0.0;72.0;2.2;0.141;23.58;5.8;8.0
6682;2025-10-06 10:00:00;0.58;10.0;17.2;27.4;25.0;45.0;12.07;710.8;0.0;68.0;2.0;0.274;24.66;5.6;10.0
6683;2025-10-06 11:00:00;0.58;8.4;18.9;27.4;35.0;43.0;13.22;710.8;0.0;60.0;2.3;0.347;26.34;5.4;24.0
6684;2025-10-06 12:00:00;0.53;9.4;22.6;32.1;45.0;46.0;15.51;710.5;0.0;53.0;3.0;0.71;28.01;7.8;45.0
6685;2025-10-06 13:00:00;0.45;5.7;19.5;25.2;76.0;54.0;13.75;710.0;0.0;49.0;6.2;0.808;28.85;7.6;49.0
6686;2025-10-06 14:00:00;0.41;3.0;12.6;15.6;100.0;53.0;11.89;709.5;0.0;47.0;5.7;0.656;29.37;10.0;67.0
6687;2025-10-06 15:00:00;0.39;2.9;9.7;12.7;83.0;49.0;11.89;709.2;0.0;49.0;4.4;0.422;29.25;12.7;62.0
6688;2025-10-06 16:00:00;0.44;3.0;6.4;9.4;61.0;48.0;10.36;709.0;0.0;46.0;3.2;0.423;29.9;12.2;122.0
6689;2025-10-06 17:00:00;0.3;3.1;6.1;9.3;48.0;37.0;7.92;708.9;0.0;44.0;2.4;0.213;29.95;11.6;128.0
6690;2025-10-06 18:00:00;0.31;2.9;6.8;9.8;47.0;32.0;7.63;709.0;0.0;46.0;2.2;0.058;29.45;8.9;141.0
6691;2025-10-06 19:00:00;0.36;2.7;10.1;12.9;40.0;27.0;7.93;709.2;0.0;49.0;2.1;0.003;28.38;7.1;142.0
6692;2025-10-06 20:00:00;0.38;2.8;12.3;15.2;33.0;32.0;7.74;709.4;0.0;50.0;1.9;0.0;27.84;5.5;143.0
6693;2025-10-06 21:00:00;0.35;2.8;12.3;15.2;29.0;28.0;7.57;709.9;0.0;49.0;1.8;0.0;27.59;3.7;108.0
6694;2025-10-06 22:00:00;0.4;2.9;12.6;15.6;21.0;29.0;7.09;710.4;0.0;60.0;2.7;0.0;26.4;12.1;77.0
6695;2025-10-06 23:00:00;0.3;2.7;7.1;9.9;25.0;38.0;6.37;710.9;0.0;62.0;3.2;0.0;25.94;8.9;121.0
6696;2025-10-07 00:00:00;0.25;2.7;4.6;7.4;25.0;27.0;5.42;710.9;0.0;67.0;2.0;0.0;25.24;7.0;92.0
6697;2025-10-07 01:00:00;0.25;;4.5;7.3;23.0;26.0;5.77;710.8;0.0;70.0;1.8;0.0;24.71;6.2;49.0
6698;2025-10-07 02:00:00;0.25;3.1;5.8;8.9;19.0;22.0;6.17;710.8;0.0;76.0;1.7;0.0;23.99;9.7;48.0
6699;2025-10-07 03:00:00;0.27;3.9;7.5;11.4;15.0;27.0;6.66;710.7;0.0;79.0;1.8;0.0;23.5;7.2;44.0
6700;2025-10-07 04:00:00;0.27;2.6;4.5;7.2;18.0;26.0;6.93;710.7;0.0;81.0;1.8;0.0;23.23;5.9;57.0
6701;2025-10-07 05:00:00;0.25;2.5;4.3;7.0;18.0;20.0;8.17;710.8;0.0;81.0;1.8;0.0;23.01;4.8;61.0
6702;2025-10-07 06:00:00;0.27;2.7;6.5;9.3;15.0;24.0;7.88;711.0;0.0;82.0;1.8;0.0;22.94;5.4;68.0
6703;2025-10-07 07:00:00;0.35;4.7;13.2;18.0;9.0;27.0;8.3;711.2;0.0;81.0;1.7;0.003;23.01;5.2;52.0
6704;2025-10-07 08:00:00;0.45;8.2;13.7;22.0;10.0;27.0;8.94;711.6;0.0;79.0;1.6;0.064;23.17;6.0;70.0
6705;2025-10-07 09:00:00;0.46;10.8;13.2;24.1;14.0;33.0;9.75;712.1;0.0;74.0;1.7;0.229;24.37;6.4;62.0
6706;2025-10-07 10:00:00;0.4;11.2;13.4;24.8;20.0;34.0;11.05;712.6;0.0;66.0;2.1;0.304;25.86;7.7;44.0
6707;2025-10-07 11:00:00;0.39;6.7;10.3;17.1;32.0;34.0;11.26;712.7;0.0;64.0;2.2;0.546;26.49;11.0;64.0
6708;2025-10-07 12:00:00;0.35;5.0;7.7;12.8;36.0;36.0;10.57;712.5;0.0;60.0;1.9;0.616;27.24;13.3;57.0
6709;2025-10-07 13:00:00;0.32;4.0;6.0;10.1;35.0;34.0;10.39;712.1;0.0;56.0;1.7;0.463;27.77;13.6;82.0
6710;2025-10-07 14:00:00;0.28;3.6;5.2;8.9;38.0;31.0;10.08;711.4;0.0;50.0;1.6;0.489;29.09;13.0;97.0
6711;2025-10-07 15:00:00;0.3;3.8;5.8;9.8;37.0;32.0;11.64;710.9;0.0;52.0;1.6;0.416;28.99;12.6;56.0
6712;2025-10-07 16:00:00;0.28;3.6;5.6;9.3;35.0;32.0;10.82;710.6;0.0;51.0;1.6;0.286;29.32;11.6;83.0
6713;2025-10-07 17:00:00;0.3;3.4;6.0;9.6;31.0;32.0;10.86;710.6;0.0;52.0;1.6;0.123;28.94;10.3;121.0
6714;2025-10-07 18:00:00;0.33;3.1;7.7;10.8;29.0;35.0;11.11;710.8;0.0;55.0;1.7;0.051;28.46;8.6;130.0
6715;2025-10-07 19:00:00;0.33;3.1;8.2;11.5;25.0;34.0;9.87;711.5;0.0;61.0;1.6;0.004;26.52;14.6;93.0
6716;2025-10-07 20:00:00;0.29;2.9;6.5;9.5;25.0;61.0;5.27;712.1;0.0;67.0;1.6;0.0;24.63;13.0;115.0
6717;2025-10-07 21:00:00;0.25;2.7;4.6;7.4;25.0;30.0;5.14;712.4;0.0;72.0;1.5;0.0;23.67;10.7;120.0
6718;2025-10-07 22:00:00;0.23;2.9;4.6;7.6;;24.0;4.76;712.7;0.0;73.0;1.6;0.0;23.46;10.4;104.0
6719;2025-10-07 23:00:00;0.27;2.9;9.3;12.2;18.0;18.0;5.24;713.5;0.0;78.0;1.5;0.0;22.8;10.2;87.0
6720;2025-10-08 00:00:00;0.2;2.6;2.4;5.1;31.0;20.0;2.88;713.6;0.0;87.0;1.5;0.0;20.59;11.6;91.0
6721;2025-10-08 01:00:00;0.27;3.4;18.2;21.7;11.0;19.0;3.74;713.6;0.0;89.0;1.5;0.0;20.83;3.0;329.0
6722;2025-10-08 02:00:00;0.33;2.7;13.7;16.5;13.0;18.0;3.48;713.3;0.0;90.0;1.6;0.0;21.17;4.0;358.0
6723;2025-10-08 03:00:00;0.35;4.1;16.4;20.6;9.0;15.0;4.12;713.0;0.0;90.0;1.5;0.0;21.38;4.5;15.0
6724;2025-10-08 04:00:00;0.35;4.2;19.0;23.3;6.0;22.0;4.81;712.7;0.0;89.0;1.6;0.0;21.5;2.9;5.0
6725;2025-10-08 05:00:00;0.31;3.4;14.5;17.9;9.0;27.0;7.47;712.7;0.0;89.0;1.6;0.0;21.65;3.4;38.0
6726;2025-10-08 06:00:00;0.32;8.4;14.8;23.3;7.0;22.0;9.06;713.1;0.0;89.0;1.8;0.0;21.9;4.1;52.0
6727;2025-10-08 07:00:00;0.38;11.4;15.6;27.1;5.0;29.0;9.08;713.5;0.0;88.0;1.9;0.003;22.04;5.4;65.0
6728;2025-10-08 08:00:00;0.5;11.8;13.4;25.3;8.0;37.0;8.0;713.9;0.0;87.0;1.7;0.05;22.21;7.8;66.0
6729;2025-10-08 09:00:00;0.55;12.1;13.0;25.2;10.0;32.0;8.54;714.3;0.0;85.0;2.0;0.121;22.83;8.0;59.0
6730;2025-10-08 10:00:00;0.46;9.3;9.5;18.9;18.0;34.0;6.07;714.7;0.0;77.0;2.0;0.235;24.14;9.2;61.0
6731;2025-10-08 11:00:00;0.45;8.2;10.7;19.0;19.0;29.0;6.47;714.7;0.0;77.0;1.9;0.218;24.07;9.6;51.0
6732;2025-10-08 12:00:00;0.39;6.5;7.8;14.4;23.0;34.0;4.05;714.5;0.0;77.0;1.8;0.392;23.4;8.5;61.0
6733;2025-10-08 13:00:00;0.34;5.5;7.1;12.7;27.0;19.0;4.41;713.9;0.0;69.0;1.8;0.422;25.14;12.5;73.0
6734;2025-10-08 14:00:00;0.32;4.3;5.5;9.9;27.0;18.0;3.24;713.4;0.0;68.0;1.7;0.326;24.36;11.4;106.0
6735;2025-10-08 15:00:00;0.29;5.0;6.4;11.5;29.0;15.0;3.14;713.1;0.0;62.0;1.7;0.387;25.55;11.2;105.0
6736;2025-10-08 16:00:00;0.32;5.3;7.7;13.2;30.0;21.0;3.58;712.9;0.0;63.0;2.1;0.439;25.8;10.6;64.0
6737;2025-10-08 17:00:00;0.28;3.8;5.2;9.1;31.0;23.0;3.45;712.8;0.0;60.0;2.0;0.292;27.01;8.7;105.0
6738;2025-10-08 18:00:00;0.3;3.8;8.7;12.6;24.0;20.0;3.44;713.2;0.0;56.0;2.0;0.074;26.48;11.3;73.0
6739;2025-10-08 19:00:00;0.39;5.7;14.6;20.4;16.0;25.0;4.94;713.9;0.0;76.0;2.0;0.001;23.19;13.7;67.0
6740;2025-10-08 20:00:00;0.41;3.1;12.2;15.4;19.0;29.0;3.93;714.2;0.0;78.0;1.8;0.0;22.29;3.4;120.0
6741;2025-10-08 21:00:00;0.28;2.7;6.2;8.9;23.0;22.0;3.74;714.2;0.0;78.0;1.7;0.0;22.35;5.6;109.0
6742;2025-10-08 22:00:00;0.27;2.9;6.5;9.5;22.0;18.0;3.05;714.4;0.0;76.0;1.7;0.0;22.63;8.0;98.0
6743;2025-10-08 23:00:00;0.35;7.1;20.2;27.4;9.0;20.0;5.78;714.8;0.0;78.0;2.0;0.0;22.08;9.5;68.0
6744;2025-10-09 00:00:00;0.29;3.3;16.0;19.3;11.0;30.0;5.49;714.8;0.0;84.0;1.8;0.0;21.18;3.7;25.0
6745;2025-10-09 01:00:00;0.32;3.3;17.5;20.7;8.0;23.0;8.0;714.5;0.0;86.0;1.7;0.0;21.04;3.0;15.0
6746;2025-10-09 02:00:00;0.32;4.7;18.7;23.4;8.0;25.0;6.72;714.3;0.0;87.0;1.8;0.0;21.04;4.1;13.0
6747;2025-10-09 03:00:00;0.39;4.7;19.0;23.8;6.0;27.0;7.64;714.3;0.0;87.0;1.7;0.0;;2.3;62.0
6748;2025-10-09 04:00:00;0.31;3.7;16.6;20.4;8.0;31.0;6.16;714.1;0.0;87.0;1.7;0.0;20.85;1.9;159.0
6749;2025-10-09 05:00:00;0.3;5.0;16.3;21.3;6.0;25.0;7.06;714.2;0.0;87.0;1.8;0.0;20.82;1.9;138.0
6750;2025-10-09 06:00:00;0.32;4.0;15.1;19.1;8.0;30.0;6.47;714.7;0.0;87.0;1.8;0.0;20.92;2.4;128.0
6751;2025-10-09 07:00:00;0.4;5.5;15.3;20.9;8.0;27.0;6.79;714.9;0.0;86.0;1.8;0.004;20.84;2.0;133.0
6752;2025-10-09 08:00:00;0.71;18.7;18.0;36.8;8.0;29.0;6.6;715.2;0.0;86.0;1.7;0.058;21.18;3.0;8.0
6753;2025-10-09 09:00:00;0.5;8.8;17.8;26.7;12.0;35.0;5.19;715.7;0.0;84.0;1.7;0.055;21.83;6.2;26.0
6754;2025-10-09 10:00:00;0.48;9.8;15.9;25.9;18.0;30.0;5.85;716.0;0.0;80.0;1.8;0.217;22.8;6.2;44.0
6755;2025-10-09 11:00:00;0.4;12.4;17.8;30.3;23.0;27.0;7.58;715.7;0.0;66.0;2.2;0.4;25.62;5.5;63.0
6756;2025-10-09 12:00:00;0.33;7.8;15.9;23.7;28.0;35.0;7.13;715.4;0.0;61.0;2.8;0.221;25.14;7.8;46.0
6757;2025-10-09 13:00:00;0.3;6.5;16.2;22.7;31.0;34.0;7.33;714.9;0.0;58.0;3.2;0.192;25.61;6.3;64.0
6758;2025-10-09 14:00:00;0.37;5.3;16.1;21.5;28.0;34.0;6.36;714.8;0.0;69.0;2.6;0.085;23.43;9.0;46.0
6759;2025-10-09 15:00:00;0.37;5.4;15.7;21.2;24.0;28.0;5.33;714.8;0.0;83.0;1.9;0.063;20.97;3.6;2.0
6760;2025-10-09 16:00:00;0.47;7.0;15.8;23.0;24.0;21.0;5.36;714.5;0.0;85.0;1.7;0.158;21.25;2.9;219.0
6761;2025-10-09 17:00:00;0.54;5.4;15.8;21.2;21.0;25.0;5.14;714.5;0.0;81.0;1.7;0.04;22.15;1.8;289.0
6762;2025-10-09 18:00:00;0.57;6.7;17.8;24.5;13.0;22.0;4.32;714.6;0.0;78.0;1.6;0.011;22.18;1.8;285.0
6763;2025-10-09 20:00:00;0.64;6.6;23.4;30.0;9.0;18.0;4.49;714.7;0.0;84.0;1.6;0.0;20.93;3.6;188.0
6764;2025-10-09 21:00:00;0.43;3.2;15.5;18.8;15.0;22.0;4.13;715.2;0.0;86.0;1.5;0.0;20.55;2.5;205.0
6765;2025-10-09 22:00:00;0.4;3.2;15.3;18.5;14.0;18.0;3.31;715.3;0.0;88.0;1.5;0.0;20.58;1.9;85.0
6766;2025-10-09 23:00:00;0.32;3.1;10.3;13.5;21.0;19.0;2.96;715.3;0.0;89.0;1.4;0.0;20.38;4.2;106.0
6767;2025-10-10 00:00:00;0.24;3.0;5.4;8.5;22.0;17.0;2.1;715.0;0.0;87.0;1.3;0.0;20.83;2.6;49.0
6768;2025-10-10 01:00:00;0.32;3.3;13.2;16.5;14.0;14.0;2.76;714.8;0.0;86.0;1.3;0.0;21.06;2.6;53.0
6769;2025-10-10 02:00:00;0.3;2.7;9.9;12.7;17.0;18.0;3.05;714.8;0.0;84.0;1.3;0.0;21.08;2.1;81.0
6770;2025-10-10 03:00:00;0.3;2.8;12.9;15.7;17.0;17.0;3.65;714.8;0.0;84.0;1.4;0.0;20.75;4.6;56.0
6771;2025-10-10 04:00:00;0.2;2.8;4.1;6.9;23.0;19.0;2.36;714.7;0.0;86.0;1.4;0.0;20.16;1.9;244.0
6772;2025-10-10 05:00:00;0.23;2.9;6.3;9.3;17.0;18.0;2.71;714.8;0.0;89.0;1.3;0.0;20.14;1.8;229.0
6773;2025-10-10 06:00:00;0.26;3.0;8.8;11.9;15.0;16.0;2.8;715.0;0.0;89.0;1.3;0.0;20.16;2.0;135.0
6774;2025-10-10 07:00:00;0.38;6.0;11.5;17.6;9.0;15.0;3.11;715.3;0.0;89.0;1.3;0.003;20.16;1.8;291.0
6775;2025-10-10 08:00:00;0.56;16.3;15.8;32.3;8.0;20.0;3.35;715.3;0.0;89.0;1.4;0.077;20.9;1.8;343.0
6776;2025-10-10 09:00:00;0.48;11.6;15.6;27.3;17.0;25.0;4.95;715.6;0.0;86.0;1.3;0.18;22.49;3.4;79.0
6777;2025-10-10 10:00:00;0.55;14.7;21.7;36.5;16.0;31.0;7.25;715.8;0.0;78.0;1.6;0.181;23.27;5.6;89.0
6778;2025-10-10 11:00:00;0.49;7.8;14.6;22.5;30.0;42.0;6.57;715.7;0.0;70.0;1.8;0.326;24.33;8.4;82.0
6779;2025-10-10 12:00:00;0.48;5.1;9.3;14.5;39.0;30.0;8.18;715.4;0.0;66.0;2.1;0.481;24.88;9.6;93.0
6780;2025-10-10 13:00:00;0.43;4.6;11.8;16.5;30.0;35.0;6.18;715.1;0.0;74.0;2.1;0.13;23.04;10.2;91.0
6781;2025-10-10 14:00:00;0.43;5.7;9.9;15.7;31.0;27.0;6.96;714.7;0.0;77.0;1.7;0.27;22.91;7.6;63.0
6782;2025-10-10 15:00:00;0.43;9.9;19.1;29.0;24.0;27.0;6.07;714.6;0.0;78.0;1.9;0.124;21.7;8.5;30.0
6783;2025-10-10 16:00:00;0.59;7.3;15.9;23.3;33.0;27.0;6.21;714.2;0.0;80.0;1.7;0.306;22.5;4.7;352.0
6784;2025-10-10 17:00:00;0.65;11.5;27.3;38.9;23.0;24.0;8.42;714.0;0.0;71.0;2.0;0.174;24.06;5.2;18.0
6785;2025-10-10 18:00:00;0.49;3.9;19.3;23.2;27.0;40.0;6.09;714.3;0.0;75.0;2.2;0.02;22.42;11.8;65.0
6786;2025-10-10 19:00:00;0.57;3.9;21.0;25.0;20.0;26.0;6.83;714.4;0.0;83.0;1.9;0.0;20.88;5.1;81.0
6787;2025-10-10 20:00:00;0.33;2.9;8.9;11.9;34.0;25.0;4.9;714.5;0.0;77.0;1.8;0.0;21.35;4.4;116.0
6788;2025-10-10 21:00:00;0.35;3.0;11.8;14.8;29.0;20.0;4.58;714.4;0.0;72.0;1.7;0.0;21.72;4.0;45.0
6789;2025-10-10 22:00:00;0.28;3.1;10.2;13.4;32.0;22.0;4.54;714.4;0.0;71.0;1.6;0.0;21.82;8.0;96.0
6790;2025-10-10 23:00:00;0.67;10.3;30.2;40.5;7.0;25.0;8.74;714.6;0.0;76.0;1.6;0.0;21.5;6.0;56.0
6791;2025-10-11 00:00:00;0.56;13.0;30.1;43.2;7.0;40.0;9.73;714.5;0.0;80.0;2.1;0.0;20.91;7.1;37.0
6792;2025-10-11 01:00:00;0.42;3.1;22.2;25.4;12.0;38.0;11.51;714.1;0.0;82.0;2.0;0.0;20.45;4.1;355.0
6793;2025-10-11 02:00:00;0.43;4.8;24.9;29.8;6.0;34.0;11.06;714.1;0.0;83.0;1.8;0.0;20.07;1.8;345.0
6794;2025-10-11 03:00:00;0.39;3.7;20.1;23.9;8.0;36.0;9.73;713.8;0.0;84.0;1.7;0.0;19.96;1.8;22.0
6795;2025-10-11 04:00:00;0.43;3.8;17.9;21.8;8.0;32.0;10.74;713.3;0.0;85.0;1.6;0.0;19.68;1.8;176.0
6796;2025-10-11 05:00:00;0.45;4.6;17.2;21.9;6.0;37.0;10.97;713.1;0.0;86.0;1.7;0.0;19.43;;186.0
6797;2025-10-11 06:00:00;0.46;7.7;16.5;24.3;5.0;36.0;10.53;713.0;0.0;86.0;1.6;0.0;19.25;;236.0
6798;2025-10-11 07:00:00;0.51;13.0;16.1;29.3;5.0;37.0;10.74;713.0;0.0;87.0;1.6;0.004;18.92;;239.0
6799;2025-10-11 08:00:00;0.59;18.9;18.6;37.6;8.0;35.0;10.48;713.0;0.0;85.0;1.7;0.079;20.71;2.1;217.0
6800;2025-10-11 09:00:00;0.59;14.3;19.6;34.1;20.0;39.0;10.52;713.2;0.0;75.0;2.1;0.258;23.29;3.3;28.0
6801;2025-10-11 10:00:00;0.63;25.0;30.1;55.1;22.0;41.0;12.0;713.4;0.0;64.0;3.6;0.302;24.59;5.6;23.0
6802;2025-10-11 11:00:00;0.47;10.0;20.6;30.7;39.0;57.0;9.54;713.3;0.0;60.0;3.6;0.559;25.14;7.1;70.0
6803;2025-10-11 12:00:00;0.31;4.2;9.0;13.3;55.0;37.0;6.47;712.7;0.0;54.0;2.5;0.696;26.25;10.2;61.0
6804;2025-10-11 13:00:00;0.2;3.5;5.7;9.3;52.0;29.0;4.73;712.0;0.0;42.0;2.1;0.779;27.71;11.6;108.0
6805;2025-10-11 14:00:00;0.2;3.5;5.9;9.5;52.0;21.0;4.73;711.2;0.0;41.0;1.9;0.749;28.15;11.2;107.0
6806;2025-10-11 15:00:00;0.25;3.8;7.0;10.9;51.0;22.0;5.03;710.8;0.0;45.0;1.7;0.664;28.35;11.9;94.0
6807;2025-10-11 16:00:00;0.25;3.6;6.1;9.8;48.0;22.0;4.7;710.5;0.0;46.0;1.7;0.516;28.17;13.1;84.0
6808;2025-10-11 17:00:00;0.22;3.1;5.0;8.3;44.0;26.0;4.37;710.3;0.0;47.0;1.8;0.257;27.86;12.2;105.0
6809;2025-10-11 18:00:00;0.21;3.1;7.4;10.7;39.0;23.0;4.28;710.3;0.0;46.0;1.7;0.046;26.75;13.0;77.0
6810;2025-10-11 19:00:00;0.23;2.7;8.7;11.6;34.0;21.0;4.4;710.4;0.0;50.0;1.6;0.002;25.47;8.6;109.0
6811;2025-10-11 20:00:00;0.22;2.8;12.5;15.4;29.0;22.0;4.68;710.4;0.0;50.0;1.6;0.0;24.91;8.5;96.0
6812;2025-10-11 21:00:00;0.26;3.2;13.0;16.2;28.0;22.0;5.02;710.7;0.0;51.0;1.4;0.0;24.41;6.5;88.0
6813;2025-10-11 22:00:00;0.21;2.7;8.3;11.1;33.0;21.0;5.06;710.6;0.0;52.0;1.5;0.0;23.97;7.1;103.0
6814;2025-10-11 23:00:00;0.17;2.7;5.4;8.1;37.0;24.0;4.8;710.4;0.0;52.0;1.5;0.0;23.78;10.7;117.0
6815;2025-10-12 00:00:00;0.16;2.6;4.7;7.4;38.0;20.0;4.34;710.1;0.0;53.0;1.5;0.0;23.28;10.5;120.0
6816;2025-10-12 01:00:00;0.16;2.7;5.0;7.8;37.0;18.0;4.08;709.8;0.0;54.0;1.4;0.0;22.95;6.5;104.0
6817;2025-10-12 02:00:00;0.19;2.8;8.2;11.2;26.0;20.0;4.25;709.5;0.0;58.0;1.2;0.0;21.79;2.1;319.0
6818;2025-10-12 03:00:00;0.62;21.3;26.5;47.8;6.0;23.0;11.3;709.3;0.0;64.0;2.2;0.0;20.89;2.7;326.0
6819;2025-10-12 04:00:00;0.74;22.7;23.5;46.3;6.0;51.0;12.5;709.0;0.0;70.0;1.7;0.0;19.99;1.8;292.0
6820;2025-10-12 05:00:00;0.59;23.3;21.8;45.1;5.0;53.0;12.4;709.0;0.0;73.0;1.8;0.0;19.55;2.3;343.0
6821;2025-10-12 06:00:00;0.35;6.0;21.0;27.2;6.0;48.0;11.14;709.1;0.0;75.0;1.8;0.0;19.19;2.9;355.0
6822;2025-10-12 07:00:00;0.37;10.8;20.2;31.2;5.0;40.0;10.27;709.2;0.0;76.0;1.8;0.004;18.63;1.8;355.0
6823;2025-10-12 08:00:00;0.44;16.8;20.0;37.0;9.0;40.0;10.95;709.5;0.0;73.0;1.9;0.084;20.88;1.9;295.0
6824;2025-10-12 09:00:00;0.47;16.2;19.1;35.4;20.0;43.0;11.16;709.7;0.0;62.0;2.3;0.262;22.89;4.0;4.0
6825;2025-10-12 10:00:00;0.48;11.8;20.8;32.8;32.0;41.0;12.91;709.8;0.0;58.0;2.6;0.274;23.98;5.6;29.0
6826;2025-10-12 11:00:00;0.53;18.7;26.2;44.9;28.0;47.0;11.14;709.5;0.0;55.0;4.9;0.601;25.16;7.3;39.0
6827;2025-10-12 12:00:00;0.4;11.1;24.9;36.1;49.0;53.0;11.18;709.2;0.0;52.0;6.4;0.699;25.82;9.5;38.0
6828;2025-10-12 13:00:00;0.31;4.7;12.8;17.6;66.0;48.0;7.94;708.6;0.0;47.0;3.8;0.743;26.89;11.1;45.0
6829;2025-10-12 14:00:00;0.25;2.9;6.6;9.6;69.0;33.0;5.85;708.0;0.0;46.0;2.6;0.726;27.88;11.6;109.0
6830;2025-10-12 15:00:00;0.21;2.8;4.2;7.1;56.0;26.0;4.92;707.7;0.0;45.0;2.1;0.633;28.43;11.1;130.0
6831;2025-10-12 16:00:00;0.21;3.0;4.5;7.6;46.0;20.0;4.4;707.5;0.0;48.0;1.8;0.488;28.25;12.1;103.0
6832;2025-10-12 17:00:00;0.23;3.0;4.4;7.5;43.0;25.0;4.72;707.6;0.0;50.0;1.6;0.239;27.9;10.8;108.0
6833;2025-10-12 18:00:00;0.23;2.9;5.5;8.4;39.0;19.0;4.73;707.7;0.0;54.0;1.7;0.049;26.61;12.1;123.0
6834;2025-10-12 19:00:00;0.25;2.8;6.5;9.4;35.0;25.0;5.59;707.9;0.0;58.0;1.6;0.002;25.31;10.8;122.0
6835;2025-10-12 20:00:00;0.27;2.8;5.4;8.2;34.0;22.0;6.3;708.2;0.0;61.0;1.5;0.0;24.81;10.8;126.0
6836;2025-10-12 21:00:00;0.27;;5.6;8.5;31.0;27.0;6.33;708.4;0.0;63.0;1.7;0.0;24.38;9.4;129.0
6837;2025-10-12 22:00:00;0.25;;5.7;8.5;30.0;22.0;6.48;708.5;0.0;63.0;1.5;0.0;24.08;8.0;105.0
6838;2025-10-12 23:00:00;0.23;;5.1;7.9;31.0;24.0;6.17;708.6;0.0;63.0;1.6;0.0;23.83;6.3;102.0
6839;2025-10-13 00:00:00;0.3;8.2;11.7;20.0;22.0;20.0;8.03;708.8;0.0;64.0;1.8;0.0;23.53;6.2;45.0
6840;2025-10-13 01:00:00;0.38;9.0;19.2;28.3;8.0;33.0;10.83;708.8;0.0;75.0;2.4;0.0;22.02;5.9;31.0
6841;2025-10-13 02:00:00;0.33;7.0;18.7;25.8;7.0;39.0;9.07;708.9;0.0;79.0;2.6;0.0;21.4;6.3;7.0
6842;2025-10-13 03:00:00;0.3;8.8;19.7;28.7;6.0;34.0;13.57;708.6;0.0;81.0;2.8;0.0;21.02;2.1;345.0
6843;2025-10-13 04:00:00;0.3;15.2;20.3;35.6;5.0;43.0;14.84;708.4;0.0;82.0;2.6;0.0;20.83;4.3;2.0
6844;2025-10-13 05:00:00;0.38;7.1;19.3;26.6;6.0;50.0;15.98;708.5;0.0;83.0;2.2;0.0;20.73;3.7;10.0
6845;2025-10-13 06:00:00;0.36;3.6;15.0;18.7;10.0;48.0;10.81;709.1;0.0;83.0;2.0;0.0;20.75;5.6;14.0
6846;2025-10-13 07:00:00;0.36;8.2;17.7;26.1;7.0;37.0;12.12;709.5;0.0;82.0;1.9;0.001;20.76;6.3;30.0
6847;2025-10-13 08:00:00;0.43;16.8;17.5;34.5;8.0;45.0;12.92;709.9;0.0;81.0;2.1;0.061;21.11;5.2;20.0
6848;2025-10-13 09:00:00;0.57;18.6;17.6;36.3;10.0;48.0;13.15;710.3;0.0;77.0;2.0;0.144;21.97;6.1;3.0
6849;2025-10-13 10:00:00;0.63;16.5;19.6;36.2;13.0;53.0;13.27;710.6;0.0;74.0;1.9;0.171;22.53;7.4;2.0
6850;2025-10-13 11:00:00;0.48;13.4;18.3;31.8;22.0;56.0;11.58;710.7;0.0;70.0;2.3;0.3;23.85;9.1;48.0
6851;2025-10-13 12:00:00;0.37;6.4;12.1;18.6;27.0;47.0;9.54;710.7;0.0;68.0;2.5;0.201;24.31;10.6;46.0
6852;2025-10-13 13:00:00;0.36;4.7;8.7;13.6;33.0;36.0;9.05;710.4;0.0;64.0;1.9;0.289;25.23;9.5;78.0
6853;2025-10-13 14:00:00;0.29;3.8;5.9;9.8;32.0;34.0;7.72;710.0;0.0;61.0;1.7;0.268;25.6;11.4;121.0
6854;2025-10-13 15:00:00;0.29;3.4;5.5;9.1;32.0;29.0;8.98;709.9;0.0;63.0;1.6;0.203;25.27;12.5;123.0
6855;2025-10-13 16:00:00;0.3;3.7;5.8;9.7;32.0;34.0;9.39;709.9;0.0;63.0;1.6;0.259;25.34;13.8;119.0
6856;2025-10-13 17:00:00;0.31;3.8;6.1;10.0;;31.0;9.12;709.9;0.0;62.0;1.5;0.188;25.68;12.6;125.0
6857;2025-10-13 18:00:00;0.32;3.6;7.6;11.3;28.0;35.0;9.45;710.1;0.0;64.0;1.6;0.044;24.98;10.1;132.0
6858;2025-10-13 19:00:00;0.36;3.2;8.8;12.1;28.0;28.0;9.66;710.4;0.0;67.0;1.4;0.002;24.46;10.8;132.0
6859;2025-10-13 20:00:00;0.41;3.2;11.8;15.2;23.0;27.0;10.16;710.8;0.0;69.0;1.5;0.0;24.11;8.8;117.0
6860;2025-10-13 21:00:00;0.34;2.9;10.1;13.2;23.0;33.0;10.31;711.2;0.0;68.0;1.5;0.0;23.87;6.3;105.0
6861;2025-10-13 22:00:00;0.29;3.0;6.9;10.0;26.0;29.0;9.99;711.5;0.0;68.0;1.5;0.0;23.87;8.5;132.0
6862;2025-10-13 23:00:00;0.34;3.6;11.9;15.6;19.0;28.0;11.87;711.6;0.0;71.0;1.5;0.0;23.44;8.3;63.0
6863;2025-10-14 00:00:00;0.29;2.9;9.4;12.4;22.0;35.0;10.93;711.6;0.0;72.0;1.5;0.0;22.95;5.9;63.0
6864;2025-10-14 01:00:00;0.25;2.8;7.2;10.1;26.0;34.0;6.58;711.7;0.0;76.0;1.4;0.0;22.2;7.8;44.0
6865;2025-10-14 02:00:00;0.25;2.8;7.5;10.3;27.0;26.0;4.94;711.9;0.0;80.0;1.3;0.0;21.52;9.1;61.0
6866;2025-10-14 03:00:00;0.24;;8.0;10.9;25.0;25.0;5.09;711.8;0.0;82.0;1.3;0.0;21.23;4.9;51.0
6867;2025-10-14 04:00:00;0.23;;9.8;12.7;19.0;27.0;6.57;711.6;0.0;82.0;1.3;0.0;21.24;4.6;5.0
6868;2025-10-14 05:00:00;0.21;;4.6;7.5;26.0;32.0;5.13;711.8;0.0;83.0;1.4;0.0;21.06;7.2;49.0
6869;2025-10-14 06:00:00;0.23;2.9;7.1;10.1;24.0;23.0;4.63;712.2;0.0;84.0;1.3;0.0;20.85;6.4;62.0
6870;2025-10-14 07:00:00;0.32;4.7;16.5;21.2;15.0;22.0;5.26;712.4;0.0;84.0;1.4;0.001;20.92;6.8;49.0
6871;2025-10-14 08:00:00;0.45;7.9;18.3;26.4;13.0;30.0;7.18;712.8;0.0;84.0;1.5;0.044;20.96;6.3;38.0
6872;2025-10-14 09:00:00;0.48;10.3;17.4;27.9;15.0;33.0;8.3;713.3;0.0;82.0;1.5;0.122;21.55;7.5;37.0
6873;2025-10-14 10:00:00;0.4;8.2;13.4;21.6;24.0;39.0;8.79;713.8;0.0;77.0;1.6;0.246;22.4;8.8;52.0
6874;2025-10-14 11:00:00;0.37;7.1;11.7;18.9;35.0;37.0;8.32;713.7;0.0;71.0;1.6;0.486;23.79;11.4;46.0
6875;2025-10-14 12:00:00;0.33;6.2;10.6;16.9;39.0;36.0;7.33;713.3;0.0;63.0;1.6;0.543;25.16;14.7;56.0
6876;2025-10-14 13:00:00;0.28;4.8;7.0;11.9;39.0;32.0;6.13;712.8;0.0;58.0;1.6;0.453;25.74;16.0;60.0
6877;2025-10-14 14:00:00;0.27;4.6;6.5;11.3;39.0;29.0;5.66;712.3;0.0;54.0;1.5;0.496;26.44;15.8;65.0
6878;2025-10-14 15:00:00;0.31;4.3;7.9;12.3;41.0;27.0;6.21;712.1;0.0;56.0;1.9;0.388;26.61;15.5;72.0
6879;2025-10-14 16:00:00;0.29;4.0;8.2;12.4;39.0;32.0;6.79;712.0;0.0;56.0;3.3;0.218;26.38;15.4;75.0
6880;2025-10-14 17:00:00;0.29;4.2;9.2;13.5;34.0;30.0;5.75;712.1;0.0;55.0;3.4;0.117;26.15;15.7;79.0
6881;2025-10-14 18:00:00;0.29;3.7;9.7;13.5;30.0;28.0;5.07;712.3;0.0;55.0;2.3;0.048;25.99;13.5;74.0
6882;2025-10-14 19:00:00;0.3;3.1;11.0;14.2;29.0;28.0;4.57;712.3;0.0;53.0;1.7;0.001;25.7;11.0;98.0
6883;2025-10-14 20:00:00;0.32;3.1;12.0;15.1;26.0;26.0;4.78;712.7;0.0;55.0;1.4;0.0;25.41;7.8;118.0
6884;2025-10-14 21:00:00;0.25;2.9;10.0;12.9;29.0;25.0;4.75;713.1;0.0;54.0;1.4;0.0;25.29;8.4;124.0
6885;2025-10-14 22:00:00;0.23;2.7;6.7;9.5;30.0;23.0;5.02;713.3;0.0;57.0;1.4;0.0;25.03;7.7;126.0
6886;2025-10-14 23:00:00;0.32;4.7;17.7;22.4;18.0;25.0;6.33;713.3;0.0;57.0;1.4;0.0;24.8;8.2;71.0
6887;2025-10-15 00:00:00;0.4;4.1;26.1;30.4;9.0;36.0;6.33;713.2;0.0;60.0;1.4;0.0;23.81;6.7;71.0
6888;2025-10-15 01:00:00;0.37;3.3;22.7;26.1;10.0;47.0;8.43;713.1;0.0;62.0;1.8;0.0;23.24;6.7;51.0
6889;2025-10-15 02:00:00;0.23;2.8;13.4;16.3;19.0;41.0;8.32;713.1;0.0;68.0;2.2;0.0;22.4;5.6;29.0
6890;2025-10-15 03:00:00;0.2;3.0;12.5;15.6;18.0;18.0;5.76;712.9;0.0;74.0;2.4;0.0;21.83;8.4;44.0
6891;2025-10-15 04:00:00;0.23;3.2;12.6;15.9;15.0;24.0;4.73;712.6;0.0;80.0;3.1;0.0;21.27;6.7;26.0
6892;2025-10-15 05:00:00;0.23;2.8;10.2;13.1;17.0;26.0;8.53;712.6;0.0;81.0;3.0;0.0;21.16;5.5;68.0
6893;2025-10-15 06:00:00;0.24;3.1;12.1;15.3;13.0;32.0;9.25;712.7;0.0;82.0;2.5;0.0;20.97;4.3;62.0
6894;2025-10-15 07:00:00;0.24;3.5;10.5;14.2;16.0;32.0;9.78;712.9;0.0;82.0;2.0;0.002;20.84;3.2;54.0
6895;2025-10-15 08:00:00;0.31;4.9;9.6;14.6;17.0;27.0;10.04;713.1;0.0;81.0;1.9;0.057;21.31;3.3;54.0
6896;2025-10-15 09:00:00;0.41;8.6;12.4;21.1;18.0;33.0;8.53;713.3;0.0;76.0;1.9;0.187;22.82;3.7;64.0
6897;2025-10-15 10:00:00;0.36;6.9;9.6;16.6;26.0;37.0;7.85;713.3;0.0;70.0;1.8;0.316;23.78;8.8;70.0
6898;2025-10-15 11:00:00;0.3;5.1;7.4;12.6;36.0;30.0;5.97;713.0;0.0;63.0;1.7;0.503;25.24;8.8;50.0
6899;2025-10-15 12:00:00;0.31;4.9;8.0;13.0;40.0;26.0;4.47;712.6;0.0;60.0;1.8;0.572;25.84;10.4;51.0
6900;2025-10-15 13:00:00;0.31;4.6;7.5;12.3;37.0;30.0;5.52;712.1;0.0;59.0;1.8;0.345;25.9;13.3;57.0
6901;2025-10-15 14:00:00;;;;;;;4.66;;;;;;;;
6902;2025-10-15 15:00:00;0.62;20.6;1.5;22.3;24.0;8.0;4.04;;0.0;38.0;1.5;0.508;21.38;9.9;116.0
6903;2025-10-15 16:00:00;0.27;3.8;4.6;8.5;36.0;;3.79;710.6;0.0;50.0;1.5;0.571;27.93;13.7;109.0
6904;2025-10-15 17:00:00;0.22;3.2;4.6;7.9;38.0;24.0;4.22;710.4;0.0;50.0;1.6;0.262;27.73;13.8;126.0
6905;2025-10-15 18:00:00;0.09;2.8;6.4;9.3;37.0;23.0;4.46;710.3;0.0;54.0;1.5;0.035;26.45;10.7;124.0
6906;2025-10-15 19:00:00;0.19;2.7;9.6;12.3;32.0;25.0;5.08;710.5;0.0;61.0;1.5;0.003;25.45;9.6;115.0
6907;2025-10-15 20:00:00;0.41;3.1;11.7;14.8;25.0;27.0;5.14;710.7;0.0;64.0;1.6;0.0;24.9;8.4;111.0
6908;2025-10-15 21:00:00;0.4;2.7;9.3;12.1;25.0;27.0;4.52;710.8;0.0;64.0;1.5;0.0;24.56;7.0;113.0
6909;2025-10-15 22:00:00;0.31;2.8;7.7;10.6;25.0;23.0;4.03;710.9;0.0;65.0;1.5;0.0;24.37;8.3;111.0
6910;2025-10-15 23:00:00;0.21;2.8;6.3;9.2;;22.0;3.68;710.6;0.0;67.0;1.6;0.0;24.06;8.7;118.0
6911;2025-10-16 00:00:00;0.07;;8.7;11.7;21.0;21.0;4.14;710.5;0.0;68.0;1.4;0.0;23.64;8.9;69.0
6912;2025-10-16 01:00:00;;2.7;5.9;8.8;23.0;25.0;4.13;710.3;0.0;75.0;1.4;0.0;22.34;8.2;45.0
6913;2025-10-16 02:00:00;;2.6;4.3;7.0;25.0;20.0;3.78;710.3;0.0;80.0;1.4;0.0;21.47;7.5;46.0
6914;2025-10-16 03:00:00;;2.6;7.6;10.4;26.0;22.0;6.12;710.2;0.0;82.0;1.6;0.0;20.77;7.4;42.0
6915;2025-10-16 04:00:00;;2.7;11.5;14.2;24.0;31.0;8.51;709.9;0.0;80.0;2.0;0.0;20.6;6.5;23.0
6916;2025-10-16 05:00:00;;2.7;13.8;16.6;17.0;33.0;11.21;709.7;0.0;81.0;1.9;0.0;20.62;4.0;31.0
6917;2025-10-16 06:00:00;;3.0;12.7;15.8;16.0;40.0;9.97;709.7;0.0;81.0;2.0;0.0;20.67;3.4;46.0
6918;2025-10-16 07:00:00;;4.3;14.1;18.4;13.0;32.0;6.54;709.8;0.0;82.0;1.9;0.002;20.7;3.1;51.0
6919;2025-10-16 08:00:00;;8.6;16.9;25.7;11.0;29.0;6.6;709.9;0.0;81.0;1.9;0.042;21.05;4.3;32.0
6920;2025-10-16 09:00:00;;13.3;16.2;29.6;14.0;33.0;7.68;710.1;0.0;76.0;2.0;0.196;22.32;5.7;39.0
6921;2025-10-16 10:00:00;;11.9;12.9;24.9;23.0;40.0;6.14;710.3;0.0;66.0;2.1;0.304;24.5;6.2;46.0
6922;2025-10-16 11:00:00;;8.9;13.9;22.9;26.0;30.0;5.93;710.2;0.0;63.0;2.0;0.305;24.79;5.8;13.0
6923;2025-10-16 12:00:00;;5.5;10.7;16.3;35.0;33.0;5.28;709.7;0.0;58.0;2.1;0.392;25.89;6.2;45.0
6924;2025-10-16 13:00:00;;4.1;8.5;12.7;40.0;28.0;4.47;709.1;0.0;57.0;1.7;0.282;26.16;7.5;52.0
6925;2025-10-16 14:00:00;;3.7;4.9;8.7;40.0;25.0;3.65;708.5;0.0;52.0;1.5;0.783;27.48;10.5;127.0
6926;2025-10-16 15:00:00;;3.3;4.3;7.8;41.0;20.0;3.73;708.1;0.0;50.0;1.6;0.692;28.09;12.1;121.0
6927;2025-10-16 16:00:00;;3.1;4.4;7.6;42.0;21.0;3.96;707.7;0.0;50.0;1.6;0.46;27.88;12.3;128.0
6928;2025-10-16 17:00:00;;3.1;4.7;7.9;42.0;22.0;4.04;707.7;0.0;52.0;1.5;0.229;27.54;13.2;133.0
6929;2025-10-16 18:00:00;;;6.7;9.9;33.0;25.0;3.77;707.7;0.0;55.0;1.7;0.042;26.31;12.8;125.0
6930;2025-10-16 19:00:00;;;8.8;12.0;28.0;26.0;4.25;707.9;0.0;58.0;1.5;0.001;25.16;10.8;111.0
6931;2025-10-16 20:00:00;;2.9;6.8;9.8;28.0;23.0;3.78;708.3;0.0;59.0;1.5;0.0;24.75;9.9;121.0
6932;2025-10-16 21:00:00;;2.8;6.8;9.6;28.0;22.0;3.94;708.6;0.0;59.0;1.5;0.0;24.59;7.8;115.0
6933;2025-10-16 22:00:00;;2.7;5.5;8.2;30.0;19.0;3.85;708.8;0.0;59.0;1.6;0.0;24.47;7.0;95.0
6934;2025-10-16 23:00:00;;3.1;9.3;12.4;25.0;18.0;4.39;708.8;0.0;60.0;1.5;0.0;24.29;6.7;76.0
6935;2025-10-17 00:00:00;;3.0;15.3;18.4;15.0;23.0;6.51;708.8;0.0;67.0;1.5;0.0;23.23;5.0;24.0
6936;2025-10-17 01:00:00;;2.8;10.6;13.4;18.0;26.0;5.6;708.7;0.0;70.0;1.5;0.0;22.74;3.9;27.0
6937;2025-10-17 02:00:00;;5.3;13.4;18.8;13.0;22.0;6.37;708.7;0.0;73.0;1.5;0.0;22.05;4.8;23.0
6938;2025-10-17 03:00:00;;4.8;17.6;22.6;7.0;29.0;8.42;708.5;0.0;78.0;1.7;0.0;21.31;4.3;7.0
6939;2025-10-17 04:00:00;;2.9;12.9;15.8;12.0;40.0;8.48;708.4;0.0;81.0;1.6;0.0;20.85;1.8;8.0
6940;2025-10-17 05:00:00;;2.9;14.9;17.8;10.0;41.0;9.81;708.5;0.0;82.0;1.6;0.0;20.68;1.8;5.0
6941;2025-10-17 06:00:00;;4.1;16.8;20.9;7.0;34.0;10.98;708.8;0.0;82.0;1.6;0.0;20.86;2.0;331.0
6942;2025-10-17 07:00:00;;4.8;16.9;21.8;8.0;42.0;11.05;709.1;0.0;81.0;1.7;0.0;20.69;5.3;310.0
6943;2025-10-17 08:00:00;;7.2;14.1;21.3;11.0;35.0;11.43;709.4;0.0;81.0;1.6;0.044;20.88;3.0;286.0
6944;2025-10-17 09:00:00;;8.7;12.7;21.5;16.0;41.0;12.67;709.7;0.0;76.0;1.5;0.154;21.99;1.8;338.0
6945;2025-10-17 10:00:00;;8.9;11.1;20.1;24.0;43.0;13.18;709.9;0.0;71.0;1.6;0.353;23.3;5.9;353.0
6946;2025-10-17 11:00:00;;8.8;13.7;22.6;34.0;40.0;12.83;709.8;0.0;62.0;1.6;0.588;25.25;5.7;12.0
6947;2025-10-17 12:00:00;0.26;13.2;26.0;39.2;39.0;41.0;16.84;709.5;0.0;57.0;2.3;0.669;26.69;7.3;45.0
6948;2025-10-17 13:00:00;0.22;6.0;21.1;27.3;70.0;65.0;17.04;709.0;0.0;55.0;2.2;0.685;27.41;9.1;65.0
6949;2025-10-17 14:00:00;0.08;4.1;15.3;19.5;81.0;62.0;14.09;708.2;0.0;55.0;1.8;0.681;27.89;10.3;50.0
6950;2025-10-17 15:00:00;;3.4;12.4;15.9;80.0;54.0;11.72;707.7;0.0;56.0;1.8;0.515;28.08;12.6;43.0
6951;2025-10-17 16:00:00;;3.3;11.0;14.4;71.0;48.0;9.96;707.5;0.0;55.0;1.6;0.389;28.41;11.3;50.0
6952;2025-10-17 17:00:00;;3.5;12.2;15.8;60.0;41.0;9.08;707.5;0.0;55.0;1.7;0.201;28.23;10.1;68.0
6953;2025-10-17 18:00:00;;3.0;10.9;14.0;45.0;33.0;8.24;707.6;0.0;57.0;1.6;0.054;27.41;9.8;96.0
6954;2025-10-17 19:00:00;;2.6;7.6;10.3;35.0;35.0;8.93;707.9;0.0;62.0;1.5;0.001;25.94;11.2;122.0
6955;2025-10-17 20:00:00;;2.8;8.7;11.6;32.0;31.0;8.89;708.3;0.0;62.0;1.5;0.0;25.52;8.8;94.0
6956;2025-10-17 21:00:00;;2.6;8.7;11.5;29.0;28.0;9.18;708.5;0.0;64.0;1.4;0.0;25.14;7.8;110.0
6957;2025-10-17 22:00:00;;2.8;7.8;10.6;28.0;33.0;9.02;708.7;0.0;65.0;1.4;0.0;24.75;7.8;117.0
6958;2025-10-17 23:00:00;;2.7;7.7;10.5;26.0;29.0;8.55;708.7;0.0;67.0;1.5;0.0;24.43;7.0;102.0
6959;2025-10-18 00:00:00;;2.5;5.4;8.1;29.0;29.0;8.66;708.5;0.0;67.0;1.4;0.0;24.25;7.0;108.0
6960;2025-10-18 01:00:00;0.08;15.7;15.8;31.6;16.0;26.0;12.03;708.4;0.0;69.0;1.6;0.0;23.79;4.4;16.0
6961;2025-10-18 02:00:00;0.34;32.3;23.9;56.3;6.0;51.0;20.83;708.4;0.0;73.0;1.8;0.0;23.06;4.4;37.0
6962;2025-10-18 03:00:00;0.05;15.7;19.4;35.2;5.0;86.0;16.66;708.3;0.0;77.0;1.8;0.0;22.07;2.0;347.0
6963;2025-10-18 04:00:00;;14.5;18.1;32.7;5.0;59.0;16.45;708.2;0.0;80.0;1.8;0.0;21.56;1.8;269.0
6964;2025-10-18 05:00:00;0.06;19.4;18.1;37.6;5.0;52.0;15.49;708.3;0.0;81.0;1.8;0.0;21.31;2.1;314.0
6965;2025-10-18 06:00:00;0.1;24.2;18.6;42.9;;46.0;14.5;708.6;0.0;82.0;2.0;0.0;21.15;2.3;356.0
6966;2025-10-18 07:00:00;;28.8;17.1;46.0;;50.0;18.02;708.8;0.0;83.0;2.0;0.002;20.79;2.3;334.0
6967;2025-10-18 08:00:00;0.11;32.6;18.0;50.6;6.0;57.0;20.02;709.1;0.0;83.0;1.8;0.07;21.56;2.7;343.0
6968;2025-10-18 09:00:00;0.18;27.8;22.7;50.5;12.0;65.0;19.09;709.5;0.0;73.0;2.1;0.189;24.05;4.1;354.0
6969;2025-10-18 10:00:00;;12.1;21.6;33.8;28.0;68.0;14.09;709.5;0.0;54.0;3.9;0.289;26.96;4.4;324.0
6970;2025-10-18 11:00:00;;8.8;19.5;28.5;43.0;61.0;15.7;709.4;0.0;51.0;3.5;0.584;28.19;5.6;14.0
6971;2025-10-18 12:00:00;0.26;9.0;28.3;37.3;55.0;55.0;20.35;709.1;0.0;49.0;3.0;0.657;29.11;6.4;25.0
6972;2025-10-18 13:00:00;0.35;7.2;32.6;39.8;78.0;82.0;25.17;708.6;0.0;48.0;3.6;0.689;29.68;8.1;63.0
6973;2025-10-18 14:00:00;0.18;3.9;24.5;28.4;121.0;90.0;22.02;708.1;0.0;43.0;3.4;0.662;30.88;7.9;60.0
6974;2025-10-18 15:00:00;0.14;3.3;21.2;24.6;130.0;84.0;19.11;707.8;0.0;43.0;3.2;0.556;31.51;8.1;77.0
6975;2025-10-18 16:00:00;0.12;2.8;17.5;20.2;139.0;70.0;17.96;707.7;0.0;46.0;2.3;0.401;31.49;8.9;62.0
6976;2025-10-18 17:00:00;0.07;2.6;15.4;18.0;122.0;71.0;16.87;707.8;0.0;50.0;1.8;0.179;31.01;9.2;59.0
6977;2025-10-18 18:00:00;;2.6;14.5;17.0;89.0;61.0;14.28;708.2;0.0;54.0;1.8;0.038;29.7;9.7;65.0
6978;2025-10-18 19:00:00;;;16.7;19.3;71.0;51.0;14.9;708.7;0.0;57.0;1.7;0.001;28.67;8.5;61.0
6979;2025-10-18 20:00:00;;4.4;21.5;26.0;21.0;47.0;14.59;709.5;0.0;60.0;2.0;0.0;27.47;6.1;70.0
6980;2025-10-18 21:00:00;0.1;2.7;22.4;25.2;18.0;52.0;15.43;709.8;0.0;64.0;1.9;0.0;26.62;2.6;317.0
6981;2025-10-18 22:00:00;;2.7;17.2;19.8;41.0;52.0;15.61;710.4;0.0;63.0;1.9;0.0;26.64;4.6;107.0
6982;2025-10-18 23:00:00;0.07;;20.0;22.7;25.0;42.0;15.94;710.7;0.0;66.0;1.8;0.0;25.68;1.8;235.0
6983;2025-10-19 00:00:00;0.1;3.0;27.8;30.9;17.0;49.0;15.94;710.7;0.0;67.0;1.6;0.0;25.47;3.2;233.0
6984;2025-10-19 01:00:00;0.15;2.9;24.7;27.6;15.0;49.0;16.26;710.9;0.0;68.0;1.6;0.0;25.03;2.3;211.0
6985;2025-10-19 02:00:00;0.1;3.1;25.4;28.6;12.0;50.0;15.86;711.1;0.0;68.0;1.7;0.0;24.65;2.7;234.0
6986;2025-10-19 03:00:00;;3.0;24.0;27.0;13.0;50.0;14.92;711.2;0.0;65.0;2.0;0.0;24.61;2.9;240.0
6987;2025-10-19 04:00:00;;2.9;18.3;21.1;20.0;49.0;13.31;711.4;0.0;57.0;3.4;0.0;24.92;3.0;239.0
6988;2025-10-19 05:00:00;;3.3;20.9;24.3;16.0;43.0;11.74;711.8;0.0;55.0;3.8;0.0;25.07;5.1;211.0
6989;2025-10-19 06:00:00;;2.9;13.6;16.5;26.0;39.0;9.53;712.1;0.0;49.0;5.5;0.0;25.35;4.7;240.0
6990;2025-10-19 07:00:00;;2.9;13.0;15.9;25.0;32.0;9.11;712.6;0.0;49.0;5.9;0.002;25.22;2.9;270.0
6991;2025-10-19 08:00:00;;5.4;16.9;22.3;20.0;32.0;9.19;713.3;0.0;47.0;5.8;0.076;26.48;4.3;236.0
6992;2025-10-19 09:00:00;;11.0;24.3;35.3;20.0;34.0;13.78;714.0;0.0;49.0;4.7;0.132;27.9;3.1;64.0
6993;2025-10-19 10:00:00;;9.8;19.8;29.7;34.0;55.0;14.4;714.4;0.0;49.0;3.9;0.331;29.31;7.2;78.0
6994;2025-10-19 11:00:00;;4.1;7.7;11.9;48.0;50.0;12.07;714.5;0.0;46.0;3.6;0.576;29.85;9.1;29.0
6995;2025-10-19 12:00:00;;3.3;5.4;8.8;51.0;39.0;10.77;714.3;0.0;41.0;3.1;0.631;30.61;10.3;8.0
6996;2025-10-19 13:00:00;;3.0;4.5;7.6;53.0;41.0;8.71;713.9;0.0;37.0;2.6;0.599;30.98;10.3;40.0
6997;2025-10-19 14:00:00;;3.2;6.2;9.5;55.0;39.0;8.65;713.4;0.0;36.0;3.1;0.361;31.25;9.6;61.0
6998;2025-10-19 15:00:00;;3.6;7.3;11.0;53.0;33.0;9.43;713.1;0.0;40.0;2.5;0.463;30.83;13.5;80.0
6999;2025-10-19 16:00:00;;3.9;9.1;13.1;47.0;39.0;8.87;713.0;0.0;39.0;2.2;0.261;30.46;10.9;90.0
7000;2025-10-19 17:00:00;;2.9;5.0;7.9;47.0;30.0;9.02;713.1;0.0;43.0;2.0;0.121;29.86;11.8;122.0
7001;2025-10-19 18:00:00;;2.8;6.7;9.5;40.0;29.0;9.18;713.3;0.0;46.0;2.4;0.037;28.62;10.2;125.0
7002;2025-10-19 19:00:00;;2.7;7.4;10.2;38.0;27.0;9.91;713.7;0.0;48.0;2.1;0.0;27.83;8.0;122.0
7003;2025-10-19 20:00:00;;2.7;8.0;10.8;36.0;31.0;10.08;713.9;0.0;50.0;2.0;0.0;27.3;7.0;99.0
7004;2025-10-19 21:00:00;;3.3;12.6;16.0;27.0;30.0;10.24;714.3;0.0;53.0;2.0;0.0;26.45;3.9;131.0
7005;2025-10-19 22:00:00;;2.7;11.7;14.5;29.0;30.0;9.16;714.4;0.0;52.0;2.0;0.0;25.99;2.2;123.0
7006;2025-10-19 23:00:00;;3.2;16.2;19.5;23.0;29.0;9.79;714.4;0.0;55.0;2.0;0.0;25.36;5.3;105.0
7007;2025-10-20 00:00:00;;2.7;14.6;17.4;29.0;32.0;9.49;714.4;0.0;63.0;1.9;0.0;24.64;8.7;38.0
7008;2025-10-20 01:00:00;;2.8;13.4;16.2;25.0;43.0;10.24;714.0;0.0;66.0;2.5;0.0;23.83;6.1;8.0
7009;2025-10-20 02:00:00;;2.7;9.1;12.0;24.0;36.0;9.92;713.7;0.0;68.0;2.4;0.0;23.21;2.4;16.0
7010;2025-10-20 03:00:00;;2.7;6.0;8.8;28.0;33.0;10.24;713.5;0.0;72.0;2.1;0.0;22.95;6.9;65.0
7011;2025-10-20 04:00:00;;;3.6;6.4;28.0;29.0;10.9;713.3;0.0;78.0;1.9;0.0;22.32;3.9;88.0
7012;2025-10-20 05:00:00;;2.8;7.2;10.1;20.0;27.0;10.8;713.2;0.0;80.0;1.7;0.0;21.65;2.4;193.0
7013;2025-10-20 06:00:00;;3.1;11.0;14.2;15.0;29.0;10.32;713.4;0.0;78.0;1.8;0.0;21.4;3.0;217.0
7014;2025-10-20 07:00:00;;4.7;16.9;21.6;13.0;35.0;10.67;713.5;0.0;70.0;2.8;0.003;21.46;5.8;226.0
7015;2025-10-20 08:00:00;;12.5;19.5;32.1;10.0;36.0;11.75;713.8;0.0;67.0;3.5;0.068;22.66;4.4;220.0
7016;2025-10-20 09:00:00;;13.5;18.1;31.8;17.0;43.0;12.33;714.1;0.0;59.0;3.9;0.18;24.82;5.1;203.0
7017;2025-10-20 10:00:00;;11.4;18.3;29.9;27.0;45.0;14.87;714.4;0.0;61.0;3.6;0.288;26.36;5.4;35.0
7018;2025-10-20 11:00:00;;7.5;17.4;25.1;44.0;50.0;15.97;714.2;0.0;57.0;3.3;0.575;27.44;6.3;44.0
7019;2025-10-20 12:00:00;;10.5;29.2;39.8;48.0;51.0;19.37;713.8;0.0;52.0;3.5;0.642;28.81;6.4;27.0
7020;2025-10-20 13:00:00;0.36;10.7;33.6;44.3;54.0;76.0;19.72;713.1;0.0;46.0;7.1;0.683;29.73;6.9;28.0
7021;2025-10-20 14:00:00;0.34;4.3;22.0;26.4;101.0;78.0;18.14;712.3;0.0;42.0;6.6;0.671;30.62;7.7;78.0
7022;2025-10-20 15:00:00;0.35;3.5;19.0;22.5;113.0;64.0;17.22;711.7;0.0;42.0;3.8;0.566;31.16;8.9;56.0
7023;2025-10-20 16:00:00;0.29;2.9;13.9;16.9;115.0;62.0;16.66;711.3;0.0;43.0;2.7;0.409;31.25;9.0;51.0
7024;2025-10-20 17:00:00;0.23;2.7;10.6;13.4;99.0;60.0;14.08;711.1;0.0;45.0;2.5;0.16;30.73;10.2;103.0
7025;2025-10-20 18:00:00;0.15;2.6;9.2;11.9;70.0;48.0;11.15;711.1;0.0;46.0;2.3;0.037;29.25;11.3;119.0
7026;2025-10-20 19:00:00;0.15;2.7;10.7;13.4;55.0;36.0;10.08;711.3;0.0;48.0;2.1;0.0;28.14;10.2;108.0
7027;2025-10-20 20:00:00;0.13;2.7;10.3;13.1;48.0;35.0;10.35;711.7;0.0;50.0;1.9;0.0;27.43;7.1;96.0
7028;2025-10-20 21:00:00;0.18;2.9;15.1;18.1;35.0;32.0;10.48;711.9;0.0;53.0;1.7;0.0;26.72;3.5;154.0
7029;2025-10-20 22:00:00;0.32;3.3;22.0;25.3;31.0;34.0;12.25;712.1;0.0;55.0;1.8;0.0;25.68;1.8;185.0
7030;2025-10-20 23:00:00;0.28;3.8;29.4;33.3;22.0;40.0;11.95;712.0;0.0;55.0;1.9;0.0;24.87;1.8;191.0
7031;2025-10-21 00:00:00;0.25;2.9;27.8;30.7;24.0;39.0;12.08;711.8;0.0;57.0;1.8;0.0;24.17;2.3;227.0
7032;2025-10-21 01:00:00;0.22;2.8;21.9;24.8;28.0;38.0;12.31;711.6;0.0;57.0;2.0;0.0;23.87;1.8;176.0
7033;2025-10-21 02:00:00;0.28;6.6;26.8;33.5;14.0;42.0;13.53;711.7;0.0;63.0;2.2;0.0;23.03;2.1;245.0
7034;2025-10-21 03:00:00;0.38;17.9;28.5;46.4;6.0;52.0;15.94;711.5;0.0;71.0;2.1;0.0;22.26;1.9;325.0
7035;2025-10-21 04:00:00;0.51;28.8;25.1;54.0;5.0;60.0;17.92;711.5;0.0;73.0;4.5;0.0;21.98;3.9;360.0
7036;2025-10-21 05:00:00;0.98;28.1;21.7;49.7;6.0;70.0;18.25;711.5;0.0;77.0;8.7;0.0;21.1;1.8;282.0
7037;2025-10-21 06:00:00;0.6;20.4;19.6;40.1;6.0;63.0;16.36;711.7;0.0;79.0;5.1;0.0;20.75;2.4;285.0
7038;2025-10-21 07:00:00;0.21;18.2;17.4;35.8;5.0;54.0;13.89;712.1;0.0;81.0;2.8;0.002;20.72;2.1;302.0
7039;2025-10-21 08:00:00;0.42;30.8;25.4;56.2;8.0;45.0;14.7;712.2;0.0;72.0;3.6;0.073;22.29;1.8;302.0
7040;2025-10-21 09:00:00;0.69;43.0;32.5;75.7;12.0;55.0;18.14;712.6;0.0;56.0;6.0;0.186;24.94;2.1;357.0
7041;2025-10-21 10:00:00;0.9;25.1;37.0;62.2;23.0;80.0;24.44;713.0;0.0;56.0;5.9;0.292;26.36;4.8;17.0
7042;2025-10-21 11:00:00;0.8;19.2;42.8;62.1;38.0;101.0;26.31;713.0;0.0;45.0;7.7;0.592;28.57;5.3;22.0
7043;2025-10-21 12:00:00;1.03;19.4;58.0;77.4;48.0;96.0;28.88;712.8;0.0;41.0;8.0;0.668;30.25;6.6;29.0
7044;2025-10-21 13:00:00;0.85;15.4;57.9;73.4;61.0;126.0;27.96;712.4;0.0;38.0;11.1;0.709;31.42;8.1;33.0
7045;2025-10-21 14:00:00;0.35;6.4;36.2;42.6;102.0;115.0;23.93;711.9;0.0;33.0;9.1;0.675;32.53;9.3;50.0
7046;2025-10-21 15:00:00;0.14;4.1;18.4;22.6;99.0;105.0;15.95;711.6;0.0;27.0;5.2;0.597;32.96;11.5;53.0
7047;2025-10-21 16:00:00;0.09;4.8;18.7;23.6;79.0;70.0;12.26;711.4;0.0;29.0;4.2;0.43;32.89;12.5;51.0
7048;2025-10-21 17:00:00;0.14;3.6;13.7;17.3;73.0;60.0;11.63;711.6;0.0;41.0;3.2;0.161;31.37;13.2;72.0
7049;2025-10-21 18:00:00;0.19;3.3;15.5;18.8;51.0;52.0;11.56;712.0;0.0;49.0;2.9;0.034;29.54;12.7;73.0
7050;2025-10-21 19:00:00;0.2;3.0;14.9;18.0;55.0;51.0;12.94;712.5;0.0;51.0;5.0;0.0;28.3;11.5;104.0
7051;2025-10-21 20:00:00;0.14;2.8;11.5;14.4;53.0;46.0;13.24;713.1;0.0;52.0;6.1;0.0;27.69;9.1;123.0
7052;2025-10-21 21:00:00;0.12;2.8;11.2;14.1;49.0;40.0;12.83;713.4;0.0;52.0;5.2;0.0;27.4;7.1;123.0
7053;2025-10-21 22:00:00;0.12;3.1;12.2;15.3;38.0;38.0;12.97;713.6;0.0;54.0;4.5;0.0;26.55;3.0;93.0
7054;2025-10-21 23:00:00;0.11;2.9;14.2;17.1;27.0;42.0;12.84;713.8;0.0;57.0;3.6;0.0;25.31;1.8;263.0
7055;2025-10-22 00:00:00;0.14;3.1;17.3;20.5;22.0;42.0;12.94;713.8;0.0;58.0;3.3;0.0;24.82;3.2;199.0
7056;2025-10-22 01:00:00;0.16;3.0;17.6;20.7;19.0;40.0;15.43;713.8;0.0;62.0;3.1;0.0;24.7;4.0;56.0
7057;2025-10-22 02:00:00;0.2;9.5;24.9;34.5;8.0;45.0;17.08;713.5;0.0;67.0;2.9;0.0;23.48;1.8;235.0
7058;2025-10-22 03:00:00;0.16;3.8;20.6;24.5;10.0;57.0;15.81;713.4;0.0;64.0;3.0;0.0;23.5;2.6;183.0
7059;2025-10-22 04:00:00;0.11;3.4;18.2;21.6;11.0;47.0;14.27;713.5;0.0;66.0;2.7;0.0;22.56;1.8;342.0
7060;2025-10-22 05:00:00;0.31;28.8;23.4;52.3;5.0;43.0;20.77;713.6;0.0;70.0;2.7;0.0;21.99;1.8;261.0
7061;2025-10-22 06:00:00;0.34;20.4;22.3;42.8;5.0;87.0;18.94;713.8;0.0;72.0;2.6;0.0;21.49;1.8;196.0
7062;2025-10-22 07:00:00;0.14;7.7;23.9;31.7;8.0;62.0;12.9;714.0;0.0;63.0;3.2;0.002;21.52;;248.0
7063;2025-10-22 08:00:00;0.33;23.1;26.8;50.0;8.0;48.0;12.18;714.4;0.0;52.0;4.4;0.069;23.07;2.1;215.0
7064;2025-10-22 09:00:00;0.17;12.7;21.4;34.3;21.0;51.0;10.77;714.9;0.0;42.0;5.8;0.176;25.43;6.2;235.0
7065;2025-10-22 10:00:00;0.49;28.6;34.4;63.1;21.0;44.0;15.76;715.1;0.0;41.0;8.9;0.292;27.96;4.7;23.0
7066;2025-10-22 11:00:00;0.48;12.8;28.2;41.1;38.0;65.0;18.42;714.9;0.0;54.0;5.2;0.529;27.69;8.2;51.0
7067;2025-10-22 12:00:00;0.22;5.5;16.4;21.9;62.0;70.0;16.18;714.4;0.0;49.0;4.2;0.657;28.57;10.6;70.0
7068;2025-10-22 13:00:00;0.1;4.5;11.7;16.2;65.0;57.0;13.44;713.6;0.0;41.0;3.5;0.694;29.41;13.8;72.0
7069;2025-10-22 14:00:00;;3.4;7.4;10.9;72.0;48.0;10.87;712.9;0.0;38.0;3.6;0.686;29.69;13.7;110.0
7070;2025-10-22 15:00:00;;3.4;6.2;9.7;62.0;42.0;10.33;712.5;0.0;39.0;3.5;0.591;29.78;13.7;118.0
7071;2025-10-22 16:00:00;;3.7;5.6;9.4;50.0;36.0;9.27;712.3;0.0;39.0;2.8;0.448;29.75;13.0;106.0
7072;2025-10-22 17:00:00;;4.0;6.8;10.9;45.0;37.0;9.02;712.2;0.0;39.0;2.5;0.203;29.42;12.4;101.0
7073;2025-10-22 18:00:00;;3.5;9.4;13.1;41.0;34.0;8.35;712.3;0.0;41.0;2.1;0.038;28.3;11.3;100.0
7074;2025-10-22 19:00:00;0.05;3.7;11.8;15.5;38.0;34.0;;712.5;0.0;44.0;2.0;0.0;27.08;8.2;126.0
7075;2025-10-22 20:00:00;0.08;3.0;11.5;14.6;39.0;32.0;;712.9;0.0;47.0;2.0;0.0;26.44;8.1;108.0
7076;2025-10-22 21:00:00;0.06;3.1;13.8;17.0;35.0;30.0;;713.0;0.0;49.0;2.1;0.0;25.94;6.6;86.0
7077;2025-10-22 22:00:00;;3.3;11.0;14.4;34.0;35.0;;713.1;0.0;49.0;1.9;0.0;25.57;6.0;95.0
7078;2025-10-22 23:00:00;;3.1;9.4;12.6;31.0;35.0;;713.2;0.0;51.0;1.9;0.0;25.2;4.3;105.0
7079;2025-10-23 00:00:00;;3.4;14.7;18.2;21.0;29.0;;713.2;0.0;53.0;1.9;0.0;24.51;5.9;51.0
7080;2025-10-23 01:00:00;0.08;11.0;22.3;33.5;6.0;35.0;12.43;713.3;0.0;63.0;2.9;0.0;23.13;6.6;13.0
7081;2025-10-23 02:00:00;;21.7;18.8;40.7;5.0;49.0;10.3;713.2;0.0;73.0;3.9;0.0;21.85;2.2;24.0
7082;2025-10-23 03:00:00;0.13;13.2;18.7;32.1;5.0;39.0;10.06;712.8;0.0;77.0;3.7;0.0;21.62;2.5;7.0
7083;2025-10-23 04:00:00;0.14;11.6;17.1;28.9;5.0;39.0;10.23;712.5;0.0;79.0;3.3;0.0;20.8;1.8;312.0
7084;2025-10-23 05:00:00;0.17;12.4;16.9;29.5;;40.0;10.51;712.5;0.0;80.0;2.6;0.0;20.78;2.9;351.0
7085;2025-10-23 06:00:00;0.18;10.9;17.6;28.7;;43.0;13.32;712.7;0.0;82.0;2.4;0.0;20.63;2.4;351.0
7086;2025-10-23 07:00:00;0.31;23.3;18.2;41.6;;43.0;17.29;713.1;0.0;82.0;2.4;0.001;20.28;1.8;326.0
7087;2025-10-23 08:00:00;0.4;27.8;19.1;47.0;6.0;52.0;19.21;713.4;0.0;82.0;2.4;0.047;20.76;1.9;308.0
7088;2025-10-23 09:00:00;0.37;24.0;19.7;43.9;11.0;59.0;18.47;713.7;0.0;74.0;2.6;0.185;22.81;3.8;358.0
7089;2025-10-23 10:00:00;0.5;31.2;28.3;59.6;15.0;57.0;20.4;713.9;0.0;65.0;2.8;0.264;24.32;5.1;45.0
7090;2025-10-23 11:00:00;0.48;23.2;29.3;52.7;26.0;68.0;20.29;713.7;0.0;57.0;4.2;0.556;25.74;7.5;24.0
7091;2025-10-23 12:00:00;0.24;10.6;23.7;34.5;44.0;64.0;16.59;713.5;0.0;53.0;4.4;0.641;26.93;9.2;37.0
7092;2025-10-23 13:00:00;0.07;4.6;11.3;16.0;61.0;60.0;12.0;712.9;0.0;47.0;3.9;0.619;27.84;11.2;61.0
7093;2025-10-23 14:00:00;0.05;4.1;9.3;13.5;62.0;45.0;11.24;712.3;0.0;48.0;3.4;0.557;27.91;12.8;63.0
7094;2025-10-23 15:00:00;;3.5;6.9;10.5;64.0;41.0;10.74;711.9;0.0;46.0;2.6;0.546;28.47;12.2;104.0
7095;2025-10-23 16:00:00;;3.5;5.7;9.3;54.0;39.0;9.5;711.6;0.0;44.0;2.3;0.481;29.08;10.9;123.0
7096;2025-10-23 17:00:00;;;5.3;8.9;41.0;39.0;8.13;711.6;0.0;48.0;2.1;0.225;28.28;12.4;124.0
7097;2025-10-23 18:00:00;;3.2;6.2;9.6;36.0;33.0;8.43;711.6;0.0;50.0;1.9;0.041;27.15;12.7;115.0
7098;2025-10-23 19:00:00;0.05;3.1;10.1;13.3;31.0;27.0;8.84;711.6;0.0;52.0;1.8;0.0;26.32;9.9;99.0
7099;2025-10-23 20:00:00;0.08;3.1;11.7;14.9;27.0;32.0;9.12;711.6;0.0;55.0;1.9;0.0;25.65;8.2;110.0
7100;2025-10-23 21:00:00;;3.0;7.8;10.9;30.0;29.0;8.67;711.6;0.0;56.0;1.8;0.0;25.19;7.7;114.0
7101;2025-10-23 22:00:00;;3.4;7.0;10.5;30.0;23.0;8.33;711.8;0.0;56.0;1.7;0.0;25.17;7.5;112.0
7102;2025-10-23 23:00:00;;2.8;5.7;8.7;31.0;24.0;8.09;711.8;0.0;56.0;1.7;0.0;24.98;6.1;102.0
7103;2025-10-24 00:00:00;;2.9;10.3;13.3;24.0;25.0;8.95;711.7;0.0;59.0;1.7;0.0;24.4;7.1;58.0
7104;2025-10-24 01:00:00;;3.4;13.2;16.7;15.0;32.0;11.21;711.5;0.0;68.0;2.0;0.0;22.91;4.7;9.0
7105;2025-10-24 02:00:00;;2.9;6.9;9.9;18.0;33.0;9.7;711.4;0.0;73.0;1.8;0.0;22.18;5.6;31.0
7106;2025-10-24 03:00:00;;4.5;9.8;14.4;13.0;29.0;9.36;711.2;0.0;79.0;1.8;0.0;21.53;4.5;350.0
7107;2025-10-24 04:00:00;;7.7;16.9;24.7;5.0;30.0;11.7;711.2;0.0;80.0;2.2;0.0;21.37;1.8;243.0
7108;2025-10-24 05:00:00;;5.1;14.6;19.8;8.0;36.0;11.68;711.1;0.0;79.0;2.5;0.0;21.28;2.4;130.0
7109;2025-10-24 06:00:00;;3.1;6.4;9.7;19.0;35.0;8.5;711.3;0.0;74.0;2.3;0.0;21.34;1.8;98.0
7110;2025-10-24 07:00:00;;3.9;11.4;15.4;12.0;24.0;8.28;711.4;0.0;74.0;2.0;0.001;21.55;2.2;118.0
7111;2025-10-24 08:00:00;;13.7;16.1;29.9;7.0;29.0;8.87;711.7;0.0;74.0;1.9;0.041;21.99;1.8;138.0
7112;2025-10-24 09:00:00;;14.4;15.6;30.2;10.0;33.0;8.91;712.0;0.0;71.0;1.9;0.111;23.08;1.8;187.0
7113;2025-10-24 10:00:00;;12.1;14.2;26.4;16.0;35.0;8.62;712.1;0.0;66.0;1.9;0.26;24.44;1.8;11.0
7114;2025-10-24 11:00:00;;18.1;19.3;37.5;16.0;34.0;10.78;712.2;0.0;61.0;2.2;0.345;25.86;4.8;12.0
7115;2025-10-24 12:00:00;0.21;11.1;18.7;30.0;19.0;42.0;12.31;712.0;0.0;66.0;3.1;0.158;24.73;7.5;351.0
7116;2025-10-24 13:00:00;0.12;7.8;19.3;27.2;28.0;48.0;12.45;711.4;0.0;63.0;3.3;0.184;25.25;7.5;24.0
7117;2025-10-24 14:00:00;0.1;5.2;13.3;18.6;42.0;43.0;13.03;710.5;0.0;59.0;3.9;0.273;26.09;7.9;61.0
7118;2025-10-24 15:00:00;0.08;4.2;9.6;13.9;50.0;41.0;11.55;709.9;0.0;57.0;2.6;0.313;26.62;9.5;63.0
7119;2025-10-24 16:00:00;;3.6;7.2;10.9;42.0;42.0;9.66;709.5;0.0;57.0;2.2;0.27;26.8;10.8;89.0
7120;2025-10-24 17:00:00;;3.4;5.1;8.6;37.0;36.0;8.25;709.3;0.0;55.0;2.0;0.192;26.79;12.9;130.0
7121;2025-10-24 18:00:00;;3.1;7.1;10.3;35.0;28.0;9.07;709.1;0.0;56.0;1.8;0.036;25.89;12.8;124.0
7122;2025-10-24 19:00:00;0.05;3.1;8.8;12.0;32.0;35.0;9.73;709.1;0.0;60.0;1.7;0.0;25.09;12.5;121.0
7123;2025-10-24 20:00:00;0.09;3.0;10.0;13.1;26.0;34.0;9.51;709.3;0.0;62.0;1.6;0.0;24.83;9.7;120.0
7124;2025-10-24 21:00:00;;2.8;4.8;7.7;29.0;28.0;8.98;709.2;0.0;62.0;1.6;0.0;24.95;11.0;131.0
7125;2025-10-24 22:00:00;;2.8;3.5;6.4;30.0;25.0;9.16;709.1;0.0;63.0;1.6;0.0;24.95;12.9;138.0
7126;2025-10-24 23:00:00;;2.7;3.7;6.5;29.0;27.0;8.52;709.0;0.0;65.0;1.6;0.0;24.59;10.2;131.0
7127;2025-10-25 00:00:00;0.18;3.4;18.0;21.5;10.0;29.0;10.61;708.9;0.0;65.0;1.7;0.0;23.27;2.5;202.0
7128;2025-10-25 01:00:00;0.09;4.3;15.0;19.4;10.0;32.0;10.32;708.8;0.0;73.0;1.8;0.0;22.59;3.2;342.0
7129;2025-10-25 02:00:00;0.05;4.8;11.5;16.4;13.0;35.0;10.89;708.6;0.0;77.0;2.0;0.0;22.02;3.3;15.0
7130;2025-10-25 03:00:00;;8.0;13.8;21.9;10.0;34.0;10.77;708.4;0.0;80.0;2.2;0.0;21.43;2.0;14.0
7131;2025-10-25 04:00:00;;12.9;17.2;30.3;5.0;39.0;11.46;708.3;0.0;82.0;2.6;0.0;21.17;1.8;246.0
7132;2025-10-25 05:00:00;0.2;3.1;11.7;14.9;11.0;39.0;16.29;708.2;0.0;82.0;2.5;0.0;21.32;1.8;281.0
7133;2025-10-25 06:00:00;0.08;4.6;13.5;18.2;9.0;39.0;15.79;708.9;0.0;80.0;2.6;0.0;21.68;3.8;280.0
7134;2025-10-25 07:00:00;0.09;9.5;16.6;26.3;5.0;42.0;17.71;709.5;0.0;80.0;2.5;0.0;21.62;4.1;333.0
7135;2025-10-25 08:00:00;0.11;10.0;14.5;24.6;8.0;52.0;19.11;710.1;0.0;79.0;2.2;0.041;21.72;2.9;356.0
7136;2025-10-25 09:00:00;0.15;9.5;12.6;22.2;15.0;50.0;14.93;710.5;0.0;74.0;2.4;0.146;23.55;3.8;51.0
7137;2025-10-25 10:00:00;0.32;18.3;18.5;37.0;17.0;49.0;16.88;710.8;0.0;68.0;3.5;0.311;24.8;6.3;90.0
7138;2025-10-25 11:00:00;0.35;8.5;15.9;24.6;34.0;59.0;15.34;710.7;0.0;59.0;4.1;0.495;26.64;6.1;30.0
7139;2025-10-25 12:00:00;0.14;6.2;14.3;20.6;44.0;58.0;13.99;710.3;0.0;55.0;4.1;0.584;27.69;9.9;95.0
7140;2025-10-25 13:00:00;0.1;4.1;10.3;14.5;54.0;61.0;13.0;709.8;0.0;56.0;3.0;0.546;27.51;10.8;84.0
7141;2025-10-25 14:00:00;0.08;3.3;8.7;12.1;66.0;50.0;12.87;709.2;0.0;52.0;2.5;0.534;28.56;9.0;89.0
7142;2025-10-25 15:00:00;0.06;3.2;8.6;12.0;71.0;42.0;12.54;708.7;0.0;50.0;2.3;0.459;29.07;8.1;60.0
7143;2025-10-25 16:00:00;0.08;3.2;9.0;12.3;65.0;43.0;12.81;708.6;0.0;50.0;2.2;0.36;29.26;10.6;73.0
7144;2025-10-25 17:00:00;0.13;2.8;9.5;12.4;67.0;49.0;14.91;708.8;0.0;55.0;2.2;0.15;28.43;10.4;84.0
7145;2025-10-25 18:00:00;0.11;2.6;7.4;10.1;66.0;52.0;15.39;709.1;0.0;61.0;1.9;0.037;26.99;11.4;113.0
7146;2025-10-25 19:00:00;0.08;2.6;7.2;9.9;54.0;53.0;15.36;709.5;0.0;65.0;1.9;0.0;25.85;11.4;110.0
7147;2025-10-25 20:00:00;0.08;;7.3;10.0;52.0;48.0;15.67;710.0;0.0;66.0;1.9;0.0;25.45;10.3;110.0
7148;2025-10-25 21:00:00;0.07;2.5;6.8;9.5;53.0;48.0;16.9;710.3;0.0;66.0;1.9;0.0;25.31;9.0;118.0
7149;2025-10-25 22:00:00;0.07;2.6;6.9;9.5;49.0;44.0;15.52;710.6;0.0;67.0;1.8;0.0;24.95;7.7;107.0
7150;2025-10-25 23:00:00;;2.6;6.3;9.0;47.0;43.0;15.88;710.7;0.0;69.0;2.0;0.0;24.56;7.5;101.0
7151;2025-10-26 00:00:00;;2.7;5.4;8.1;45.0;40.0;15.51;710.7;0.0;70.0;1.9;0.0;24.23;4.1;91.0
7152;2025-10-26 01:00:00;0.09;2.7;8.6;11.4;35.0;46.0;15.62;710.6;0.0;72.0;1.8;0.0;23.4;1.8;238.0
7153;2025-10-26 02:00:00;0.42;11.5;24.4;36.0;13.0;43.0;19.32;710.7;0.0;73.0;1.9;0.0;23.15;2.4;311.0
7154;2025-10-26 03:00:00;0.44;13.8;25.8;39.6;5.0;64.0;20.61;710.7;0.0;75.0;2.2;0.0;22.82;2.4;149.0
7155;2025-10-26 04:00:00;0.49;19.3;23.7;43.2;5.0;62.0;19.5;710.7;0.0;77.0;2.4;0.0;22.23;1.8;199.0
7156;2025-10-26 05:00:00;0.42;10.1;24.0;34.2;5.0;59.0;18.12;710.9;0.0;78.0;2.4;0.0;21.97;1.8;172.0
7157;2025-10-26 06:00:00;0.43;11.1;21.8;33.1;6.0;48.0;18.14;711.3;0.0;79.0;2.3;0.0;21.88;2.0;174.0
7158;2025-10-26 07:00:00;0.23;3.4;16.0;19.5;16.0;53.0;11.23;711.5;0.0;73.0;2.5;0.001;22.55;4.7;100.0
7159;2025-10-26 08:00:00;0.29;7.1;19.8;27.0;11.0;37.0;12.08;711.9;0.0;71.0;2.6;0.051;23.07;2.0;143.0
7160;2025-10-26 09:00:00;0.25;7.4;15.4;22.9;19.0;38.0;12.15;712.3;0.0;65.0;2.9;0.16;24.77;1.8;133.0
7161;2025-10-26 10:00:00;0.16;5.5;10.0;15.5;31.0;35.0;10.79;712.3;0.0;58.0;2.8;0.243;26.74;2.7;348.0
7162;2025-10-26 11:00:00;0.05;3.7;6.4;10.3;40.0;34.0;10.76;712.2;0.0;57.0;2.6;0.362;26.59;3.6;63.0
7163;2025-10-26 12:00:00;;3.5;6.1;9.7;53.0;34.0;12.36;711.8;0.0;47.0;2.7;0.649;28.7;4.3;120.0
7164;2025-10-26 13:00:00;0.08;4.2;9.9;14.2;58.0;34.0;13.29;711.1;0.0;47.0;2.9;0.667;29.03;7.2;105.0
7165;2025-10-26 14:00:00;;2.8;6.2;9.2;72.0;40.0;11.88;710.5;0.0;47.0;2.5;0.553;29.13;9.3;73.0
7166;2025-10-26 15:00:00;;2.7;5.5;8.2;77.0;36.0;11.3;710.1;0.0;45.0;2.2;0.488;29.46;8.4;70.0
7167;2025-10-26 16:00:00;;2.7;5.8;8.6;72.0;38.0;11.27;709.9;0.0;46.0;2.1;0.326;29.47;9.6;90.0
7168;2025-10-26 17:00:00;;2.6;4.7;7.4;62.0;40.0;11.88;709.9;0.0;51.0;1.9;0.14;28.45;9.6;128.0
7169;2025-10-26 18:00:00;;2.6;5.0;7.7;59.0;36.0;12.25;710.0;0.0;54.0;2.0;0.045;27.46;9.4;131.0
7170;2025-10-26 19:00:00;;;6.7;9.4;55.0;33.0;12.87;710.3;0.0;57.0;1.9;0.0;26.55;8.5;109.0
7171;2025-10-26 20:00:00;;2.7;7.5;10.2;49.0;36.0;13.11;710.6;0.0;57.0;2.0;0.0;26.1;6.6;110.0
7172;2025-10-26 21:00:00;;2.7;7.1;9.9;47.0;39.0;13.8;711.0;0.0;58.0;2.0;0.0;25.69;7.9;121.0
7173;2025-10-26 22:00:00;;;7.5;10.3;44.0;37.0;13.36;711.2;0.0;59.0;1.9;0.0;25.28;5.7;99.0
7174;2025-10-26 23:00:00;;;6.9;9.7;41.0;39.0;12.79;711.2;0.0;60.0;1.9;0.0;24.77;4.8;114.0
7175;2025-10-27 00:00:00;0.09;;12.3;15.0;28.0;36.0;11.73;711.1;0.0;60.0;1.8;0.0;23.62;3.0;218.0
7176;2025-10-27 01:00:00;0.11;2.8;14.2;17.0;25.0;35.0;;710.9;0.0;59.0;1.8;0.0;23.39;4.2;198.0
7177;2025-10-27 02:00:00;;2.8;12.3;15.2;29.0;31.0;;710.7;0.0;59.0;2.9;0.0;23.09;3.3;209.0
7178;2025-10-27 03:00:00;;;10.6;13.5;29.0;36.0;;710.6;0.0;60.0;4.4;0.0;22.43;2.6;252.0
7179;2025-10-27 04:00:00;;2.9;11.8;14.7;27.0;35.0;;710.4;0.0;59.0;4.2;0.0;22.13;4.7;225.0
7180;2025-10-27 05:00:00;;2.9;11.0;13.9;30.0;39.0;;710.2;0.0;56.0;5.4;0.0;22.21;7.4;215.0
7181;2025-10-27 06:00:00;;3.0;11.7;14.8;28.0;36.0;;710.4;0.0;55.0;5.1;0.0;21.89;5.8;225.0
7182;2025-10-27 07:00:00;;4.9;19.5;24.5;18.0;31.0;;710.6;0.0;55.0;5.0;0.001;21.76;6.8;220.0
7183;2025-10-27 08:00:00;0.22;12.1;25.6;37.8;12.0;37.0;11.66;710.9;0.0;51.0;5.4;0.057;22.68;5.3;223.0
7184;2025-10-27 09:00:00;0.33;16.1;26.8;42.9;18.0;49.0;13.89;711.4;0.0;48.0;4.8;0.167;24.55;6.3;228.0
7185;2025-10-27 10:00:00;0.2;10.7;21.4;32.2;32.0;61.0;15.37;711.5;0.0;44.0;4.7;0.339;27.3;4.2;196.0
7186;2025-10-27 11:00:00;0.38;10.0;24.8;34.9;42.0;63.0;16.19;711.2;0.0;45.0;3.6;0.548;28.49;4.8;28.0
7187;2025-10-27 12:00:00;0.56;17.2;39.9;57.2;37.0;58.0;21.05;710.6;0.0;44.0;6.5;0.62;29.09;6.6;40.0
7188;2025-10-27 13:00:00;0.36;9.4;31.1;40.6;59.0;80.0;18.11;710.0;0.0;42.0;7.3;0.66;29.77;7.8;45.0
7189;2025-10-27 14:00:00;0.15;4.1;14.5;18.7;80.0;62.0;14.15;709.3;0.0;42.0;4.5;0.644;29.83;9.7;82.0
7190;2025-10-27 15:00:00;0.07;3.4;10.9;14.3;82.0;49.0;13.01;708.8;0.0;40.0;3.9;0.544;30.42;9.3;64.0
7191;2025-10-27 16:00:00;0.09;3.4;11.1;14.6;73.0;48.0;12.09;708.5;0.0;40.0;2.9;0.382;30.81;10.3;55.0
7192;2025-10-27 17:00:00;0.12;3.2;11.1;14.4;68.0;49.0;11.63;708.4;0.0;42.0;2.7;0.143;30.33;10.4;93.0
7193;2025-10-27 18:00:00;0.12;2.8;10.3;13.2;73.0;38.0;11.25;708.5;0.0;47.0;2.4;0.037;28.83;10.5;121.0
7194;2025-10-27 19:00:00;0.14;2.8;12.3;15.1;63.0;43.0;12.29;708.7;0.0;52.0;2.3;0.0;27.52;9.9;117.0
7195;2025-10-27 20:00:00;0.12;;11.6;14.4;60.0;43.0;12.13;709.0;0.0;51.0;2.3;0.0;26.93;7.5;101.0
7196;2025-10-27 21:00:00;0.05;2.7;8.6;11.4;52.0;39.0;11.62;709.2;0.0;53.0;2.2;0.0;26.41;7.4;115.0
7197;2025-10-27 22:00:00;;2.8;8.3;11.2;42.0;37.0;10.54;709.4;0.0;56.0;2.0;0.0;25.8;5.8;100.0
7198;2025-10-27 23:00:00;0.08;3.0;11.5;14.6;28.0;31.0;11.3;709.3;0.0;60.0;2.0;0.0;24.75;3.0;201.0
7199;2025-10-28 00:00:00;0.21;3.0;22.3;25.4;20.0;31.0;10.96;709.3;0.0;52.0;2.1;0.0;23.83;3.1;217.0
7200;2025-10-28 01:00:00;0.1;;22.7;25.8;21.0;36.0;11.55;709.2;0.0;52.0;4.6;0.0;23.31;3.9;220.0
7201;2025-10-28 02:00:00;;;18.5;21.6;26.0;38.0;11.54;708.9;0.0;49.0;5.4;0.0;23.08;6.3;218.0
7202;2025-10-28 03:00:00;;;12.9;16.0;33.0;41.0;10.22;708.6;0.0;46.0;4.7;0.0;22.85;4.4;245.0
7203;2025-10-28 04:00:00;;;13.5;16.6;29.0;37.0;9.72;708.5;0.0;47.0;4.0;0.0;22.14;3.3;223.0
7204;2025-10-28 05:00:00;;8.2;17.3;25.6;21.0;36.0;10.64;708.7;0.0;54.0;3.6;0.0;21.48;2.1;246.0
7205;2025-10-28 06:00:00;0.16;21.5;25.8;47.4;7.0;42.0;15.81;709.0;0.0;69.0;2.8;0.0;20.44;1.8;239.0
7206;2025-10-28 07:00:00;0.3;28.6;25.8;54.4;5.0;52.0;18.09;709.5;0.0;70.0;2.7;0.001;20.23;2.3;264.0
7207;2025-10-28 08:00:00;0.64;43.7;24.6;68.4;6.0;59.0;20.79;710.0;0.0;72.0;2.9;0.056;21.93;2.0;124.0
7208;2025-10-28 09:00:00;0.24;18.6;27.5;46.1;19.0;75.0;11.28;710.3;0.0;36.0;4.9;0.171;25.58;4.7;93.0
7209;2025-10-28 10:00:00;0.28;17.2;29.6;46.8;28.0;50.0;10.93;710.6;0.0;29.0;4.3;0.371;28.51;4.0;18.0
7210;2025-10-28 11:00:00;0.37;20.7;39.9;60.7;33.0;50.0;15.12;710.6;0.0;29.0;4.5;0.58;29.67;5.8;14.0
7211;2025-10-28 12:00:00;0.32;14.1;40.5;54.7;48.0;66.0;13.9;710.1;0.0;23.0;4.2;0.674;32.32;5.1;69.0
7212;2025-10-28 13:00:00;0.22;8.6;33.6;42.2;69.0;58.0;13.52;709.6;0.0;20.0;4.4;0.701;33.81;6.2;34.0
7213;2025-10-28 14:00:00;0.43;7.6;41.7;49.4;86.0;63.0;17.98;709.1;0.0;20.0;8.2;0.641;34.87;7.8;66.0
7214;2025-10-28 15:00:00;;4.0;14.5;18.6;87.0;80.0;10.36;709.1;0.0;14.0;3.6;0.545;35.44;9.9;32.0
7215;2025-10-28 16:00:00;;3.7;7.9;11.7;68.0;46.0;6.16;709.2;0.0;12.0;2.6;0.417;35.87;10.1;23.0
7216;2025-10-28 17:00:00;;4.5;12.5;17.1;53.0;33.0;7.71;709.6;0.0;18.0;2.7;0.153;34.78;13.3;31.0
7217;2025-10-28 18:00:00;0.13;3.4;17.2;20.7;59.0;46.0;11.57;710.3;0.0;33.0;3.0;0.036;32.29;10.0;85.0
7218;2025-10-28 19:00:00;0.19;3.0;18.2;21.3;66.0;54.0;13.51;711.1;0.0;37.0;3.6;0.0;30.66;8.4;96.0
7219;2025-10-28 20:00:00;;3.4;15.4;18.8;40.0;49.0;8.77;712.2;0.0;23.0;4.2;0.0;30.45;13.4;23.0
7220;2025-10-28 21:00:00;;3.0;12.1;15.2;54.0;66.0;11.52;713.4;0.0;24.0;3.4;0.0;27.98;6.2;27.0
7221;2025-10-28 22:00:00;;3.0;13.0;16.1;52.0;97.0;15.18;714.3;0.0;31.0;3.0;0.0;26.49;10.0;41.0
7222;2025-10-28 23:00:00;;3.1;7.8;11.0;45.0;136.0;13.94;715.3;0.0;40.0;2.5;0.0;24.49;10.0;45.0
7223;2025-10-29 00:00:00;;3.3;7.4;10.8;36.0;107.0;12.59;716.1;0.0;44.0;2.6;0.0;22.73;8.7;4.0
7224;2025-10-29 01:00:00;;2.9;4.8;7.8;39.0;111.0;9.3;716.7;0.0;48.0;2.3;0.0;21.29;11.4;358.0
7225;2025-10-29 02:00:00;;2.9;4.3;7.3;39.0;83.0;7.07;717.3;0.0;51.0;2.0;0.0;20.23;11.7;351.0
7226;2025-10-29 03:00:00;;;3.3;6.3;41.0;52.0;4.41;717.6;0.0;51.0;1.9;0.0;19.84;9.8;345.0
7227;2025-10-29 04:00:00;;2.8;4.2;7.1;40.0;28.0;3.73;717.8;0.0;50.0;1.9;0.0;19.47;8.1;353.0
7228;2025-10-29 05:00:00;;2.8;4.1;7.0;41.0;26.0;3.5;718.3;0.0;49.0;1.8;0.0;19.07;9.7;344.0
7229;2025-10-29 06:00:00;;2.9;7.4;10.4;35.0;23.0;5.68;719.1;0.0;50.0;1.9;0.0;18.33;9.7;18.0
7230;2025-10-29 07:00:00;;3.3;10.6;14.0;33.0;31.0;9.77;720.0;0.0;49.0;2.2;0.0;17.42;9.6;31.0
7231;2025-10-29 08:00:00;;3.8;10.0;13.8;33.0;48.0;7.27;720.8;0.0;45.0;2.0;0.004;16.73;11.9;32.0
7232;2025-10-29 09:00:00;;6.5;18.9;25.6;22.0;40.0;5.78;721.4;0.0;42.0;5.5;0.026;16.22;8.4;49.0
7233;2025-10-29 10:00:00;;4.5;11.6;16.2;32.0;47.0;5.32;721.8;0.0;40.0;2.1;0.071;16.05;8.8;17.0
7234;2025-10-29 11:00:00;;5.2;10.6;15.9;35.0;37.0;4.79;721.6;0.0;34.0;1.9;0.167;16.57;9.3;12.0
7235;2025-10-29 12:00:00;;4.4;7.6;12.1;42.0;39.0;5.74;720.7;0.0;31.0;1.8;0.308;17.7;6.3;25.0
7236;2025-10-29 13:00:00;;4.9;8.3;13.3;43.0;38.0;5.03;719.6;0.0;31.0;1.8;0.442;18.96;5.8;278.0
7237;2025-10-29 14:00:00;0.14;5.1;7.2;12.4;48.0;36.0;5.58;718.5;0.0;32.0;1.9;0.43;19.27;7.1;313.0
7238;2025-10-29 15:00:00;0.19;5.8;11.2;17.0;47.0;39.0;11.32;717.5;0.0;32.0;2.1;0.523;20.14;7.2;226.0
7239;2025-10-29 16:00:00;;4.8;11.5;16.4;51.0;81.0;6.39;717.0;0.0;30.0;2.6;0.417;21.43;6.1;202.0
7240;2025-10-29 17:00:00;;3.7;9.4;13.2;54.0;46.0;5.76;716.7;0.0;28.0;2.2;0.154;22.0;5.2;4.0
7241;2025-10-29 18:00:00;;3.7;18.6;22.4;41.0;40.0;6.15;716.7;0.0;26.0;2.8;0.032;20.94;5.5;16.0
7242;2025-10-29 19:00:00;;4.4;18.4;22.8;30.0;43.0;4.43;717.0;0.0;21.0;2.0;0.0;19.84;7.4;22.0
7243;2025-10-29 20:00:00;;3.5;21.7;25.3;25.0;37.0;4.45;717.4;0.0;21.0;3.1;0.0;18.9;7.7;41.0
7244;2025-10-29 21:00:00;;3.7;19.9;23.7;25.0;34.0;4.03;717.7;0.0;22.0;2.4;0.0;18.19;6.2;40.0
7245;2025-10-29 22:00:00;;3.7;26.6;30.4;15.0;30.0;5.75;717.9;0.0;24.0;3.5;0.0;17.38;4.8;116.0
7246;2025-10-29 23:00:00;;3.2;20.4;23.7;21.0;32.0;6.26;717.9;0.0;24.0;2.0;0.0;16.69;5.7;72.0
7247;2025-10-30 00:00:00;;2.9;11.8;14.8;33.0;27.0;3.56;717.9;0.0;21.0;2.2;0.0;16.08;5.9;49.0
7248;2025-10-30 01:00:00;;2.9;12.9;15.9;33.0;29.0;3.47;717.6;0.0;20.0;2.8;0.0;15.79;6.7;78.0
7249;2025-10-30 02:00:00;;;12.7;15.7;31.0;28.0;3.69;717.3;0.0;22.0;3.2;0.0;15.16;4.6;99.0
7250;2025-10-30 03:00:00;;;13.2;16.2;30.0;24.0;3.33;717.0;0.0;22.0;3.2;0.0;14.88;5.0;116.0
7251;2025-10-30 04:00:00;;3.0;17.3;20.3;22.0;22.0;3.62;716.6;0.0;25.0;3.9;0.0;14.0;3.1;175.0
7252;2025-10-30 05:00:00;;2.9;13.6;16.6;23.0;27.0;3.35;716.5;0.0;29.0;3.5;0.0;12.92;2.4;255.0
7253;2025-10-30 06:00:00;;3.5;16.5;20.1;21.0;22.0;3.28;716.5;0.0;30.0;2.9;0.0;12.85;3.2;253.0
7254;2025-10-30 07:00:00;;27.6;29.4;57.1;8.0;22.0;10.01;716.4;0.0;37.0;10.4;0.001;12.87;6.9;218.0
7255;2025-10-30 08:00:00;0.13;34.8;26.6;61.4;8.0;60.0;9.77;716.6;0.0;40.0;12.0;0.054;14.13;6.2;216.0
7256;2025-10-30 09:00:00;0.07;27.3;25.3;52.7;15.0;56.0;8.96;716.8;0.0;34.0;7.5;0.174;16.57;5.3;215.0
7257;2025-10-30 10:00:00;;10.6;17.5;28.3;33.0;50.0;5.56;716.7;0.0;23.0;4.1;0.419;18.21;5.5;64.0
7258;2025-10-30 11:00:00;;8.2;13.5;21.8;40.0;33.0;5.47;716.3;0.0;19.0;3.2;0.598;19.27;7.1;76.0
7259;2025-10-30 12:00:00;;7.5;13.0;20.6;43.0;40.0;4.93;715.6;0.0;20.0;3.6;0.689;19.77;7.7;63.0
7260;2025-10-30 13:00:00;;6.3;12.1;18.5;50.0;33.0;5.04;714.8;0.0;22.0;3.0;0.723;20.5;8.0;49.0
7261;2025-10-30 14:00:00;;4.7;10.5;15.3;61.0;34.0;5.68;714.0;0.0;24.0;3.1;0.688;21.11;9.3;60.0
7262;2025-10-30 15:00:00;;4.6;12.6;17.3;67.0;38.0;6.58;713.3;0.0;25.0;5.6;0.585;22.01;10.1;40.0
7263;2025-10-30 16:00:00;;4.3;11.9;16.3;64.0;39.0;7.71;712.9;0.0;26.0;3.6;0.43;22.81;9.4;47.0
7264;2025-10-30 17:00:00;;3.2;8.0;11.3;65.0;38.0;7.8;712.8;0.0;29.0;2.6;0.177;22.4;10.2;122.0
7265;2025-10-30 18:00:00;;3.2;10.5;13.8;55.0;35.0;7.64;713.0;0.0;30.0;2.6;0.031;20.81;10.1;119.0
7266;2025-10-30 19:00:00;;3.1;11.4;14.6;49.0;35.0;7.52;713.3;0.0;32.0;2.5;0.0;19.55;10.1;113.0
7267;2025-10-30 20:00:00;;3.2;14.5;17.7;41.0;33.0;6.93;713.5;0.0;33.0;2.4;0.0;18.89;7.6;101.0
7268;2025-10-30 21:00:00;;3.2;13.6;16.8;39.0;34.0;6.29;713.7;0.0;33.0;2.3;0.0;18.44;6.5;90.0
7269;2025-10-30 22:00:00;;3.3;14.9;18.2;34.0;26.0;6.19;713.8;0.0;35.0;2.3;0.0;17.84;4.3;145.0
7270;2025-10-30 23:00:00;;3.2;23.2;26.4;20.0;27.0;8.55;713.7;0.0;41.0;2.1;0.0;16.48;2.4;225.0
7271;2025-10-31 00:00:00;0.09;4.3;31.4;35.8;9.0;37.0;8.54;713.5;0.0;43.0;2.1;0.0;15.97;2.6;198.0
7272;2025-10-31 01:00:00;0.09;8.6;35.3;44.1;6.0;34.0;10.4;713.1;0.0;45.0;3.4;0.0;15.34;2.6;236.0
7273;2025-10-31 02:00:00;0.29;10.5;35.7;46.3;6.0;47.0;11.62;712.9;0.0;47.0;5.9;0.0;15.0;3.1;241.0
7274;2025-10-31 03:00:00;;8.4;34.6;43.1;6.0;54.0;12.25;712.7;0.0;49.0;6.5;0.0;14.5;1.8;271.0
7275;2025-10-31 04:00:00;0.27;48.3;34.4;82.8;;53.0;17.28;712.9;0.0;47.0;4.6;0.0;14.12;2.1;308.0
7276;2025-10-31 05:00:00;0.37;37.5;32.7;70.4;;79.0;17.21;712.8;0.0;49.0;4.6;0.0;13.8;2.4;247.0
7277;2025-10-31 06:00:00;;23.1;31.9;55.1;;66.0;14.64;713.2;0.0;53.0;6.0;0.0;13.43;2.2;261.0
7278;2025-10-31 07:00:00;0.22;45.5;29.9;75.5;5.0;65.0;14.64;713.8;0.0;51.0;4.2;0.001;13.02;1.8;238.0
7279;2025-10-31 08:00:00;0.4;64.0;31.6;95.7;7.0;67.0;16.5;714.3;0.0;46.0;6.7;0.05;15.0;2.6;27.0
7280;2025-10-31 09:00:00;0.47;64.0;37.5;101.7;10.0;75.0;19.49;714.6;0.0;38.0;10.5;0.161;17.24;4.2;22.0
7281;2025-10-31 10:00:00;0.43;38.9;41.2;80.2;18.0;81.0;20.51;714.6;0.0;32.0;10.7;0.405;19.84;2.9;7.0
7282;2025-10-31 11:00:00;0.38;37.1;43.3;80.5;21.0;76.0;19.07;714.4;0.0;31.0;19.5;0.545;20.99;5.1;30.0
7283;2025-10-31 12:00:00;0.15;19.8;33.6;53.4;35.0;75.0;15.12;713.9;0.0;31.0;14.9;0.643;21.58;7.1;47.0
7284;2025-10-31 13:00:00;;8.4;21.0;29.5;54.0;58.0;9.9;713.3;0.0;31.0;9.9;0.68;22.23;8.8;55.0
7285;2025-10-31 14:00:00;;5.5;14.2;19.8;66.0;51.0;7.52;712.5;0.0;32.0;5.9;0.653;23.1;10.5;39.0
7286;2025-10-31 15:00:00;;4.7;13.0;17.8;73.0;42.0;7.2;711.9;0.0;32.0;5.0;0.557;23.86;10.8;46.0
7287;2025-10-31 16:00:00;;4.4;13.6;18.1;74.0;42.0;6.9;711.6;0.0;33.0;4.2;0.409;24.34;11.3;53.0
7288;2025-10-31 17:00:00;;3.6;10.8;14.5;76.0;43.0;6.2;711.6;0.0;34.0;3.7;0.166;24.11;10.7;104.0
7289;2025-10-31 18:00:00;;3.4;14.7;18.2;69.0;37.0;6.92;711.6;0.0;37.0;3.5;0.031;22.95;8.4;113.0
7290;2025-10-31 19:00:00;0.05;3.7;20.4;24.2;42.0;39.0;7.34;711.8;0.0;42.0;3.2;0.0;21.59;8.2;90.0
7291;2025-10-31 20:00:00;;3.4;16.9;20.3;37.0;42.0;6.64;712.0;0.0;45.0;3.0;0.0;20.8;6.0;95.0
7292;2025-10-31 21:00:00;;3.3;10.8;14.2;42.0;39.0;6.43;712.1;0.0;48.0;2.9;0.0;20.31;6.0;92.0
7293;2025-10-31 22:00:00;;3.2;8.1;11.4;42.0;33.0;5.66;712.0;0.0;50.0;2.7;0.0;20.12;9.0;121.0
7294;2025-10-31 23:00:00;;3.3;13.9;17.2;32.0;27.0;5.79;711.9;0.0;53.0;2.4;0.0;19.55;4.6;67.0
7295;2025-11-01 00:00:00;;;;;;;;;;;;0.0;;;
7296;2025-11-01 01:00:00;0.51;27.6;37.0;64.7;6.0;47.0;9.58;711.3;0.0;57.0;4.3;0.0;17.73;3.1;258.0
7297;2025-11-01 02:00:00;0.59;64.0;33.3;97.5;6.0;67.0;;711.0;0.0;61.0;8.6;0.0;17.33;2.1;331.0
7298;2025-11-01 03:00:00;0.33;30.7;31.4;62.2;6.0;84.0;;710.7;0.0;65.0;5.9;0.0;16.92;3.0;327.0
7299;2025-11-01 04:00:00;0.24;15.8;30.2;46.1;;68.0;;710.5;0.0;66.0;6.7;0.0;16.7;4.9;297.0
7300;2025-11-01 05:00:00;0.23;17.4;32.8;50.3;;53.0;;710.1;0.0;63.0;7.4;0.0;17.18;6.4;299.0
7301;2025-11-01 06:00:00;0.22;22.4;31.1;53.5;5.0;64.0;;710.0;0.0;62.0;5.5;0.0;17.03;3.5;278.0
7302;2025-11-01 07:00:00;0.27;29.4;29.8;59.3;5.0;65.0;;710.1;0.0;65.0;4.7;0.001;16.76;3.5;326.0
7303;2025-11-01 08:00:00;0.41;42.8;30.1;73.1;6.0;63.0;;710.4;0.0;66.0;5.1;0.028;16.7;3.1;32.0
7304;2025-11-01 09:00:00;0.39;41.8;34.9;76.9;9.0;68.0;;710.9;0.0;59.0;7.7;0.11;18.83;2.7;26.0
7305;2025-11-01 10:00:00;0.5;44.3;39.8;84.2;10.0;73.0;;711.3;0.0;56.0;8.0;0.222;19.62;3.4;116.0
7306;2025-11-01 11:00:00;0.32;24.9;32.4;57.4;26.0;81.0;;710.9;0.0;43.0;7.6;0.547;23.21;5.0;155.0
7307;2025-11-01 12:00:00;0.27;14.9;34.2;49.2;40.0;64.0;;710.4;0.0;35.0;6.2;0.632;25.62;5.6;75.0
7308;2025-11-01 13:00:00;0.42;25.2;55.2;80.4;37.0;62.0;;709.7;0.0;32.0;14.4;0.654;27.01;6.8;73.0
7309;2025-11-01 14:00:00;0.42;11.1;45.3;56.5;70.0;85.0;;709.3;0.0;31.0;11.5;0.61;28.04;8.9;58.0
7310;2025-11-01 15:00:00;0.16;5.6;26.2;31.9;90.0;103.0;;709.2;0.0;30.0;7.9;0.531;28.9;8.5;87.0
7311;2025-11-01 16:00:00;0.15;4.2;20.5;24.8;101.0;83.0;;709.3;0.0;31.0;5.7;0.364;29.17;7.1;133.0
7312;2025-11-01 17:00:00;0.11;4.0;18.9;23.0;85.0;70.0;;709.9;0.0;32.0;4.6;0.152;29.0;8.1;79.0
7313;2025-11-01 18:00:00;0.09;3.6;16.0;19.7;57.0;62.0;;710.8;0.0;43.0;4.4;0.029;26.42;9.8;82.0
7314;2025-11-01 19:00:00;;3.6;16.0;19.6;44.0;52.0;;711.8;0.0;37.0;5.2;0.0;25.66;8.9;43.0
7315;2025-11-01 20:00:00;;;14.5;18.1;40.0;44.0;;712.7;0.0;25.0;3.1;0.0;24.98;6.6;47.0
7316;2025-11-01 21:00:00;;4.2;8.9;13.2;53.0;37.0;;713.5;0.0;21.0;2.5;0.0;23.96;7.0;344.0
7317;2025-11-01 22:00:00;;3.6;16.9;20.5;44.0;44.0;;714.0;0.0;20.0;2.8;0.0;22.93;6.8;88.0
7318;2025-11-01 23:00:00;;4.0;23.7;27.8;35.0;48.0;;714.3;0.0;22.0;4.0;0.0;21.45;5.0;71.0
7319;2025-11-02 00:00:00;;4.0;20.2;24.2;40.0;50.0;;714.6;0.0;25.0;4.4;0.0;20.65;7.0;109.0
7320;2025-11-02 01:00:00;;3.5;20.2;23.7;35.0;62.0;14.93;715.0;0.0;29.0;3.3;0.0;19.11;3.7;216.0
7321;2025-11-02 02:00:00;;3.5;23.4;27.0;28.0;61.0;19.92;715.3;0.0;32.0;3.3;0.0;18.11;3.0;229.0
7322;2025-11-02 03:00:00;;;22.6;26.2;26.0;64.0;17.09;715.4;0.0;34.0;2.9;0.0;17.38;3.2;256.0
7323;2025-11-02 04:00:00;;;19.6;23.2;27.0;51.0;14.51;715.7;0.0;35.0;2.9;0.0;17.14;3.1;228.0
7324;2025-11-02 05:00:00;;3.6;24.7;28.3;21.0;47.0;15.58;716.2;0.0;35.0;2.9;0.0;17.08;4.0;137.0
7325;2025-11-02 06:00:00;;3.6;19.2;22.8;34.0;46.0;14.96;716.7;0.0;35.0;4.0;0.0;16.62;5.4;80.0
7326;2025-11-02 07:00:00;;3.7;23.3;27.1;26.0;39.0;14.06;717.3;0.0;45.0;3.7;0.001;15.91;6.5;109.0
7327;2025-11-02 08:00:00;;5.0;20.0;25.1;27.0;36.0;15.3;717.9;0.0;55.0;3.6;0.041;16.28;7.7;112.0
7328;2025-11-02 09:00:00;;5.6;11.8;17.5;40.0;39.0;17.44;718.4;0.0;58.0;3.1;0.156;17.37;9.7;71.0
7329;2025-11-02 10:00:00;;7.4;14.2;21.8;40.0;36.0;20.48;718.5;0.0;51.0;3.6;0.423;19.02;7.5;75.0
7330;2025-11-02 11:00:00;;8.3;16.4;24.8;42.0;42.0;18.1;718.5;0.0;47.0;5.6;0.565;20.07;8.0;78.0
7331;2025-11-02 12:00:00;;5.6;12.2;17.9;57.0;40.0;15.73;718.1;0.0;41.0;5.1;0.661;21.16;6.9;65.0
7332;2025-11-02 13:00:00;;4.9;12.2;17.2;67.0;39.0;21.35;717.4;0.0;39.0;4.8;0.692;21.94;7.8;62.0
7333;2025-11-02 14:00:00;;4.9;13.8;18.7;76.0;36.0;23.5;716.7;0.0;34.0;4.9;0.659;22.73;9.0;58.0
7334;2025-11-02 15:00:00;;3.9;10.9;15.0;85.0;40.0;15.8;716.3;0.0;32.0;3.8;0.56;23.48;9.2;86.0
7335;2025-11-02 16:00:00;;3.3;7.8;11.2;88.0;39.0;13.51;716.0;0.0;33.0;2.8;0.388;23.65;8.5;84.0
7336;2025-11-02 17:00:00;;3.3;7.4;10.8;81.0;37.0;11.74;715.9;0.0;37.0;2.5;0.184;23.18;9.1;93.0
7337;2025-11-02 18:00:00;;3.2;7.0;10.2;72.0;41.0;10.48;716.2;0.0;41.0;2.4;0.028;21.91;8.6;135.0
7338;2025-11-02 19:00:00;;3.2;7.9;11.2;65.0;36.0;8.96;716.6;0.0;46.0;2.7;0.0;20.6;10.1;125.0
7339;2025-11-02 20:00:00;;3.1;8.3;11.6;61.0;34.0;6.97;717.0;0.0;50.0;3.6;0.0;19.96;9.4;127.0
7340;2025-11-02 21:00:00;;3.2;9.4;12.7;55.0;36.0;11.56;717.3;0.0;51.0;4.0;0.0;19.54;7.1;113.0
7341;2025-11-02 22:00:00;;3.2;8.8;12.2;52.0;34.0;8.38;717.6;0.0;51.0;3.7;0.0;19.3;5.1;99.0
7342;2025-11-02 23:00:00;;3.3;14.7;18.0;41.0;33.0;9.34;717.7;0.0;52.0;3.4;0.0;18.82;6.6;58.0
7343;2025-11-03 00:00:00;;3.2;9.8;13.1;46.0;30.0;10.54;717.7;0.0;56.0;3.2;0.0;18.13;4.8;57.0
7344;2025-11-03 01:00:00;;3.2;6.4;9.8;45.0;29.0;9.3;717.4;0.0;58.0;2.8;0.0;17.42;2.9;338.0
7345;2025-11-03 02:00:00;;3.3;13.3;16.6;34.0;27.0;10.49;717.1;0.0;55.0;2.9;0.0;16.59;3.6;309.0
7346;2025-11-03 03:00:00;;3.3;19.1;22.5;26.0;30.0;9.02;717.1;0.0;58.0;3.1;0.0;15.61;2.5;277.0
7347;2025-11-03 04:00:00;;;14.5;17.8;29.0;32.0;8.5;716.8;0.0;62.0;2.5;0.0;14.95;1.8;257.0
7348;2025-11-03 05:00:00;;;13.9;17.3;24.0;32.0;8.78;716.8;0.0;65.0;2.7;0.0;14.54;2.5;236.0
7349;2025-11-03 06:00:00;;3.4;15.2;18.6;23.0;34.0;6.54;717.0;0.0;64.0;3.9;0.0;14.32;3.7;235.0
7350;2025-11-03 07:00:00;;14.2;25.6;39.9;12.0;38.0;6.96;717.6;0.0;64.0;4.2;0.001;13.62;1.8;269.0
7351;2025-11-03 08:00:00;0.24;33.7;30.6;64.4;7.0;47.0;6.21;718.1;0.0;64.0;3.8;0.04;15.32;1.9;277.0
7352;2025-11-03 09:00:00;0.13;17.4;28.8;46.3;19.0;54.0;6.84;718.5;0.0;47.0;6.0;0.156;17.48;6.0;215.0
7353;2025-11-03 10:00:00;0.24;20.3;31.4;51.8;26.0;49.0;7.38;718.6;0.0;43.0;5.2;0.431;19.69;4.9;18.0
7354;2025-11-03 11:00:00;0.35;29.3;41.8;71.1;25.0;53.0;7.97;718.4;0.0;46.0;9.9;0.554;20.62;7.7;22.0
7355;2025-11-03 12:00:00;0.18;16.5;34.5;51.0;39.0;74.0;7.43;718.1;0.0;46.0;9.0;0.636;20.97;9.2;61.0
7356;2025-11-03 13:00:00;;8.0;21.6;29.7;59.0;64.0;7.81;717.5;0.0;43.0;5.4;0.677;22.18;7.8;61.0
7357;2025-11-03 14:00:00;;4.8;12.3;17.2;70.0;48.0;9.18;716.9;0.0;42.0;3.7;0.649;23.07;9.5;57.0
7358;2025-11-03 15:00:00;;4.1;9.2;13.5;65.0;41.0;10.77;716.4;0.0;40.0;3.4;0.558;23.91;10.4;66.0
7359;2025-11-03 16:00:00;;3.5;6.0;9.6;60.0;36.0;9.06;716.2;0.0;41.0;2.6;0.418;24.05;11.4;111.0
7360;2025-11-03 17:00:00;;3.6;7.3;11.0;55.0;36.0;13.65;716.3;0.0;44.0;2.5;0.214;23.68;11.8;121.0
7361;2025-11-03 18:00:00;;3.4;9.0;12.5;48.0;39.0;7.17;716.4;0.0;49.0;2.3;0.032;22.39;10.3;125.0
7362;2025-11-03 19:00:00;;3.3;13.6;16.9;38.0;34.0;7.66;716.8;0.0;52.0;2.3;0.0;21.37;8.7;122.0
7363;2025-11-03 20:00:00;;3.3;12.5;15.9;37.0;33.0;9.85;717.1;0.0;54.0;2.2;0.0;20.86;9.1;114.0
7364;2025-11-03 21:00:00;;3.2;9.4;12.8;40.0;32.0;10.22;717.5;0.0;54.0;2.2;0.0;20.49;7.9;112.0
7365;2025-11-03 22:00:00;;3.5;15.1;18.7;31.0;26.0;9.45;717.5;0.0;55.0;2.2;0.0;19.7;3.3;65.0
7366;2025-11-03 23:00:00;;3.3;17.9;21.3;23.0;29.0;11.35;717.6;0.0;60.0;2.2;0.0;18.32;1.8;281.0
7367;2025-11-04 00:00:00;0.11;5.4;31.7;37.2;10.0;32.0;10.47;717.4;0.0;61.0;2.5;0.0;18.43;5.8;22.0
7368;2025-11-04 01:00:00;;6.4;27.0;33.5;13.0;49.0;8.69;717.3;0.0;63.0;4.1;0.0;17.51;5.4;345.0
7369;2025-11-04 02:00:00;;3.6;20.5;24.1;19.0;42.0;8.13;717.2;0.0;65.0;2.8;0.0;16.49;4.6;27.0
7370;2025-11-04 03:00:00;;3.7;25.0;28.7;13.0;38.0;9.44;717.1;0.0;67.0;2.7;0.0;15.61;2.7;6.0
7371;2025-11-04 04:00:00;;8.8;32.3;41.2;5.0;38.0;9.06;716.9;0.0;68.0;2.8;0.0;14.96;2.8;341.0
7372;2025-11-04 05:00:00;;6.9;29.6;36.6;7.0;45.0;10.78;717.1;0.0;69.0;2.8;0.0;14.69;3.5;6.0
7373;2025-11-04 06:00:00;;5.3;24.1;29.5;9.0;43.0;13.42;717.3;0.0;71.0;2.5;0.0;13.82;2.0;274.0
7374;2025-11-04 07:00:00;;18.0;26.8;44.8;6.0;39.0;13.08;717.4;0.0;73.0;2.5;0.001;13.58;1.9;291.0
7375;2025-11-04 08:00:00;0.21;35.2;27.7;62.9;7.0;44.0;14.87;717.7;0.0;71.0;3.0;0.038;15.15;2.4;3.0
7376;2025-11-04 09:00:00;0.3;34.0;29.8;63.8;12.0;49.0;13.7;717.9;0.0;59.0;3.5;0.148;18.34;3.6;8.0
7377;2025-11-04 10:00:00;0.38;32.1;34.5;66.6;18.0;48.0;16.24;718.0;0.0;53.0;3.9;0.407;20.01;4.4;23.0
7378;2025-11-04 11:00:00;0.42;41.8;45.1;87.0;19.0;54.0;23.0;717.9;0.0;51.0;9.9;0.53;20.84;7.4;56.0
7379;2025-11-04 12:00:00;0.23;16.3;32.2;48.6;39.0;81.0;20.78;717.5;0.0;50.0;7.1;0.62;21.67;8.3;47.0
7380;2025-11-04 13:00:00;;6.6;14.9;21.6;56.0;65.0;15.04;716.8;0.0;48.0;4.1;0.668;22.9;7.5;31.0
7381;2025-11-04 14:00:00;;5.0;11.3;16.4;55.0;44.0;10.92;715.9;0.0;46.0;3.3;0.64;24.11;8.1;39.0
7382;2025-11-04 15:00:00;;3.9;6.6;10.6;61.0;35.0;8.43;715.3;0.0;43.0;2.8;0.552;24.96;8.6;81.0
7383;2025-11-04 16:00:00;;4.5;8.6;13.2;55.0;32.0;7.1;715.1;0.0;44.0;2.5;0.401;25.34;9.0;66.0
7384;2025-11-04 17:00:00;;4.1;7.6;11.8;53.0;37.0;6.74;715.0;0.0;46.0;2.4;0.179;24.91;9.5;107.0
7385;2025-11-04 18:00:00;;3.7;9.0;12.8;48.0;32.0;6.55;715.1;0.0;51.0;2.2;0.027;23.66;8.1;94.0
7386;2025-11-04 19:00:00;;3.8;15.6;19.4;37.0;30.0;6.8;715.3;0.0;54.0;2.2;0.0;22.5;7.1;91.0
7387;2025-11-04 20:00:00;;4.1;15.3;19.5;33.0;28.0;6.65;715.6;0.0;56.0;2.2;0.0;21.79;4.5;95.0
7388;2025-11-04 21:00:00;;4.2;15.0;19.3;28.0;32.0;5.75;715.9;0.0;59.0;2.2;0.0;20.79;1.9;17.0
7389;2025-11-04 22:00:00;;4.1;14.0;18.2;25.0;27.0;6.29;716.1;0.0;63.0;2.1;0.0;19.76;1.8;298.0
7390;2025-11-04 23:00:00;;4.0;14.6;18.6;23.0;29.0;6.74;716.1;0.0;65.0;2.0;0.0;19.33;1.9;239.0
7391;2025-11-05 00:00:00;;3.7;12.5;16.3;25.0;30.0;11.99;716.0;0.0;66.0;2.0;0.0;18.85;2.5;215.0
7392;2025-11-05 01:00:00;;3.8;19.8;23.7;15.0;32.0;10.94;715.9;0.0;68.0;2.1;0.0;18.17;2.4;200.0
7393;2025-11-05 02:00:00;0.06;4.4;25.3;29.8;9.0;38.0;9.49;715.7;0.0;70.0;2.7;0.0;17.39;1.8;242.0
7394;2025-11-05 03:00:00;0.2;17.1;28.4;45.5;5.0;39.0;10.19;715.4;0.0;73.0;2.7;0.0;16.75;1.9;257.0
7395;2025-11-05 04:00:00;0.1;11.9;26.2;38.2;5.0;48.0;10.49;715.2;0.0;74.0;2.7;0.0;16.26;1.8;259.0
7396;2025-11-05 05:00:00;0.1;15.6;23.9;39.5;5.0;54.0;10.92;715.2;0.0;76.0;2.5;0.0;15.76;1.8;301.0
7397;2025-11-05 06:00:00;0.05;18.3;22.7;41.1;;43.0;11.56;715.1;0.0;76.0;2.5;0.0;15.24;1.8;258.0
7398;2025-11-05 07:00:00;0.14;35.8;24.6;60.5;;43.0;11.85;715.4;0.0;76.0;2.6;0.001;14.92;;259.0
7399;2025-11-05 08:00:00;0.28;49.4;29.3;78.8;6.0;60.0;11.99;715.7;0.0;70.0;3.4;0.036;16.42;1.9;291.0
7400;2025-11-05 09:00:00;0.45;59.3;33.4;92.9;9.0;75.0;14.15;716.1;0.0;56.0;4.9;0.143;19.68;3.3;35.0
7401;2025-11-05 10:00:00;0.34;38.9;36.2;75.2;15.0;84.0;17.58;716.1;0.0;50.0;7.1;0.401;21.59;4.7;86.0
7402;2025-11-05 11:00:00;0.4;25.2;38.4;63.6;23.0;82.0;26.21;716.1;0.0;49.0;5.4;0.531;23.13;4.7;16.0
7403;2025-11-05 12:00:00;0.48;23.1;44.6;67.8;31.0;85.0;19.58;715.7;0.0;46.0;7.6;0.619;24.31;5.6;57.0
7404;2025-11-05 13:00:00;0.36;11.0;32.5;43.6;57.0;97.0;10.1;715.0;0.0;41.0;6.2;0.648;25.61;6.5;22.0
7405;2025-11-05 14:00:00;0.21;10.2;36.7;47.0;62.0;80.0;8.77;714.2;0.0;38.0;8.5;0.617;26.77;7.1;62.0
7406;2025-11-05 15:00:00;0.12;7.9;31.2;39.2;76.0;90.0;6.92;713.8;0.0;34.0;9.8;0.526;27.66;9.1;63.0
7407;2025-11-05 16:00:00;;5.0;19.6;24.7;92.0;73.0;6.65;713.6;0.0;32.0;4.9;0.386;27.89;10.0;62.0
7408;2025-11-05 17:00:00;0.17;4.6;25.8;30.5;99.0;61.0;6.42;713.4;0.0;35.0;4.4;0.175;27.72;9.6;74.0
7409;2025-11-05 18:00:00;0.21;3.9;24.2;28.1;96.0;70.0;6.37;713.6;0.0;41.0;3.6;0.023;26.29;7.2;89.0
7410;2025-11-05 19:00:00;0.2;3.8;21.9;25.8;84.0;64.0;6.61;713.9;0.0;47.0;3.1;0.0;24.78;9.0;86.0
7411;2025-11-05 20:00:00;0.28;4.1;30.2;34.4;57.0;60.0;6.38;714.3;0.0;50.0;2.8;0.0;23.7;7.2;55.0
7412;2025-11-05 21:00:00;0.43;4.3;45.7;50.1;20.0;57.0;6.34;714.6;0.0;53.0;3.1;0.0;22.3;3.0;47.0
7413;2025-11-05 22:00:00;0.53;6.2;47.2;53.4;15.0;87.0;6.52;714.8;0.0;58.0;2.9;0.0;20.97;2.4;241.0
7414;2025-11-05 23:00:00;0.5;10.9;51.5;62.5;6.0;113.0;6.46;714.8;0.0;56.0;3.7;0.0;20.76;3.0;225.0
7415;2025-11-06 00:00:00;0.37;5.0;49.2;54.3;13.0;71.0;6.65;714.7;0.0;56.0;5.4;0.0;20.44;7.0;220.0
7416;2025-11-06 01:00:00;0.21;4.5;41.9;46.5;20.0;77.0;8.39;714.3;0.0;54.0;6.6;0.0;19.94;7.3;220.0
7417;2025-11-06 02:00:00;0.06;4.3;31.6;36.0;28.0;65.0;10.06;714.1;0.0;50.0;5.6;0.0;19.29;3.4;274.0
7418;2025-11-06 03:00:00;;4.3;26.5;30.9;28.0;51.0;11.83;713.8;0.0;50.0;4.5;0.0;18.47;2.0;246.0
7419;2025-11-06 04:00:00;;;23.9;28.3;26.0;58.0;12.46;713.4;0.0;53.0;3.8;0.0;17.32;1.8;236.0
7420;2025-11-06 05:00:00;;;21.5;26.0;27.0;65.0;11.36;713.3;0.0;53.0;3.8;0.0;17.14;1.8;285.0
7421;2025-11-06 06:00:00;;5.0;20.7;25.8;28.0;51.0;11.77;713.4;0.0;47.0;4.5;0.0;17.42;4.6;226.0
7422;2025-11-06 07:00:00;;5.4;30.8;36.3;21.0;48.0;14.46;713.6;0.0;39.0;5.8;0.001;17.96;7.2;219.0
7423;2025-11-06 08:00:00;;8.8;30.4;39.3;22.0;53.0;14.68;713.5;0.0;34.0;5.5;0.033;19.15;5.8;210.0
7424;2025-11-06 09:00:00;0.22;23.7;37.4;61.1;19.0;50.0;17.01;713.8;0.0;31.0;5.7;0.151;22.25;3.5;312.0
7425;2025-11-06 10:00:00;0.34;24.4;40.7;65.1;27.0;66.0;20.38;713.9;0.0;29.0;6.2;0.418;24.11;4.8;5.0
7426;2025-11-06 11:00:00;0.51;17.4;41.9;59.4;43.0;75.0;21.45;713.8;0.0;31.0;6.2;0.562;25.25;5.4;11.0
7427;2025-11-06 12:00:00;0.57;16.2;49.6;65.9;55.0;81.0;25.79;713.3;0.0;26.0;7.4;0.639;27.62;5.3;42.0
7428;2025-11-06 13:00:00;0.58;21.6;60.1;81.8;55.0;87.0;21.1;712.6;0.0;24.0;11.5;0.668;28.3;7.8;77.0
7429;2025-11-06 14:00:00;0.16;5.8;27.2;33.0;111.0;81.0;20.12;711.7;0.0;24.0;4.4;0.638;29.04;8.2;53.0
7430;2025-11-06 15:00:00;0.09;4.9;21.6;26.6;119.0;64.0;16.57;711.0;0.0;24.0;3.9;0.538;29.38;8.9;72.0
7431;2025-11-06 16:00:00;0.08;4.3;18.1;22.4;122.0;58.0;12.11;710.7;0.0;28.0;3.8;0.381;29.37;10.1;67.0
7432;2025-11-06 17:00:00;0.09;4.2;17.8;22.1;103.0;60.0;15.61;710.7;0.0;31.0;3.7;0.179;29.02;9.7;69.0
7433;2025-11-06 18:00:00;;3.8;15.7;19.5;84.0;50.0;15.87;710.8;0.0;30.0;3.2;0.023;27.41;7.3;100.0
7434;2025-11-06 19:00:00;0.1;3.9;23.1;27.1;76.0;44.0;12.97;710.8;0.0;32.0;3.5;0.0;25.74;5.3;108.0
7435;2025-11-06 20:00:00;0.18;4.2;28.2;32.4;66.0;45.0;12.93;711.0;0.0;33.0;3.5;0.0;25.04;5.6;105.0
7436;2025-11-06 21:00:00;0.39;4.2;45.2;49.5;31.0;50.0;17.57;711.1;0.0;38.0;3.1;0.0;23.0;2.8;241.0
7437;2025-11-06 22:00:00;0.49;8.6;50.0;58.6;21.0;58.0;22.41;711.2;0.0;40.0;2.8;0.0;21.84;2.5;226.0
7438;2025-11-06 23:00:00;0.54;8.2;52.5;60.8;11.0;55.0;16.12;711.2;0.0;40.0;3.7;0.0;21.36;4.2;222.0
7439;2025-11-07 00:00:00;0.17;4.4;39.2;43.7;26.0;59.0;19.32;710.9;0.0;36.0;5.2;0.0;21.37;6.7;223.0
7440;2025-11-07 01:00:00;;4.4;36.2;40.6;25.0;57.0;18.88;710.4;0.0;34.0;5.5;0.0;20.65;4.9;222.0
7441;2025-11-07 02:00:00;;;32.4;36.9;25.0;54.0;16.42;710.0;0.0;34.0;5.5;0.0;19.97;3.2;294.0
7442;2025-11-07 03:00:00;;;24.6;29.0;28.0;48.0;14.21;709.7;0.0;33.0;4.9;0.0;19.52;2.7;250.0
7443;2025-11-07 04:00:00;;;23.4;27.8;27.0;46.0;15.58;709.5;0.0;34.0;4.8;0.0;18.9;2.9;346.0
7444;2025-11-07 05:00:00;;4.3;24.7;29.1;25.0;43.0;14.13;709.2;0.0;32.0;5.2;0.0;18.83;3.5;236.0
7445;2025-11-07 06:00:00;;5.5;25.9;31.6;22.0;45.0;11.87;709.2;0.0;30.0;5.4;0.0;19.0;4.9;242.0
7446;2025-11-07 07:00:00;;13.4;37.1;50.6;9.0;49.0;11.71;709.4;0.0;31.0;4.9;0.001;18.4;3.3;247.0
7447;2025-11-07 08:00:00;0.69;81.8;42.0;124.0;7.0;63.0;10.35;709.7;0.0;38.0;4.9;0.032;19.2;3.4;293.0
7448;2025-11-07 09:00:00;0.66;60.6;45.1;105.8;11.0;106.0;12.78;709.9;0.0;27.0;5.9;0.149;23.39;4.3;337.0
7449;2025-11-07 10:00:00;0.29;33.9;39.5;73.5;22.0;84.0;16.62;709.9;0.0;18.0;6.0;0.412;26.64;6.5;296.0
7450;2025-11-07 11:00:00;0.4;31.9;47.6;79.6;26.0;78.0;26.49;709.8;0.0;16.0;5.9;0.561;29.19;2.6;44.0
7451;2025-11-07 12:00:00;0.05;15.0;34.9;50.0;44.0;81.0;28.54;709.3;0.0;10.0;4.8;0.648;31.5;5.6;78.0
7452;2025-11-07 13:00:00;;10.5;33.3;43.9;56.0;60.0;31.73;708.5;0.0;8.0;4.9;0.674;33.33;6.6;115.0
7453;2025-11-07 14:00:00;0.15;9.8;40.8;50.7;70.0;63.0;16.63;707.8;0.0;9.0;6.5;0.631;33.63;9.0;115.0
7454;2025-11-07 15:00:00;;5.9;23.7;29.7;88.0;75.0;15.59;707.3;0.0;7.0;3.6;0.539;34.67;7.9;133.0
7455;2025-11-07 16:00:00;;5.1;17.8;22.9;85.0;67.0;14.75;707.0;0.0;5.0;3.0;0.388;34.97;6.9;116.0
7456;2025-11-07 17:00:00;;5.3;24.3;29.6;71.0;57.0;13.51;707.0;0.0;6.0;2.6;0.182;34.47;6.8;149.0
7457;2025-11-07 18:00:00;0.33;11.4;48.0;59.5;30.0;53.0;9.63;707.2;0.0;11.0;2.6;0.02;30.98;4.4;183.0
7458;2025-11-07 19:00:00;0.76;39.0;61.0;100.1;7.0;56.0;11.46;707.6;0.0;15.0;2.8;0.0;27.23;3.1;254.0
7459;2025-11-07 20:00:00;0.98;61.4;62.5;124.0;6.0;64.0;12.2;708.1;0.0;18.0;3.0;0.0;26.14;3.1;251.0
7460;2025-11-07 21:00:00;0.63;28.3;57.5;85.9;7.0;63.0;14.98;708.4;0.0;21.0;2.9;0.0;24.59;2.0;246.0
7461;2025-11-07 22:00:00;0.51;19.5;54.7;74.2;7.0;67.0;13.78;708.6;0.0;22.0;3.6;0.0;23.92;3.7;237.0
7462;2025-11-07 23:00:00;0.34;28.6;48.5;77.2;9.0;86.0;17.24;708.8;0.0;19.0;7.2;0.0;24.05;4.7;206.0
7463;2025-11-08 00:00:00;;4.6;22.5;27.2;35.0;64.0;16.04;708.6;0.0;16.0;7.0;0.0;25.19;9.8;213.0
7464;2025-11-08 01:00:00;;4.4;15.9;20.4;41.0;49.0;14.47;708.4;0.0;15.0;5.2;0.0;24.7;8.9;203.0
7465;2025-11-08 02:00:00;;4.4;18.2;22.6;37.0;44.0;13.81;708.3;0.0;17.0;4.5;0.0;23.75;5.5;228.0
7466;2025-11-08 03:00:00;0.23;26.0;45.5;71.6;7.0;43.0;11.29;708.5;0.0;27.0;5.0;0.0;21.15;2.1;248.0
7467;2025-11-08 04:00:00;0.2;16.2;30.4;46.7;23.0;80.0;10.8;708.5;0.0;23.0;7.5;0.0;21.9;6.8;216.0
7468;2025-11-08 05:00:00;;4.3;12.6;16.9;39.0;58.0;11.02;708.3;0.0;17.0;6.9;0.0;22.76;11.3;218.0
7469;2025-11-08 06:00:00;;4.2;20.8;25.1;28.0;36.0;9.74;708.5;0.0;18.0;7.4;0.0;21.94;9.7;216.0
7470;2025-11-08 07:00:00;;5.2;31.8;37.1;15.0;57.0;12.71;708.9;0.0;19.0;6.6;0.001;21.09;7.6;215.0
7471;2025-11-08 08:00:00;;20.3;34.5;54.8;12.0;60.0;19.94;709.3;0.0;20.0;6.4;0.03;21.86;4.7;294.0
7472;2025-11-08 09:00:00;;26.2;33.1;59.4;16.0;64.0;17.85;709.7;0.0;17.0;6.6;0.139;25.16;4.0;42.0
7473;2025-11-08 10:00:00;;16.6;30.0;46.7;27.0;64.0;14.06;710.2;0.0;14.0;7.4;0.394;27.83;3.6;176.0
7474;2025-11-08 11:00:00;0.05;27.7;42.6;70.4;28.0;60.0;18.12;710.2;0.0;12.0;15.3;0.548;29.78;3.7;18.0
7475;2025-11-08 12:00:00;0.08;18.9;44.3;63.3;41.0;73.0;10.76;709.8;0.0;12.0;11.1;0.633;31.05;4.5;36.0
7476;2025-11-08 13:00:00;;12.5;40.1;52.7;56.0;67.0;10.75;709.1;0.0;12.0;10.4;0.669;31.58;6.3;93.0
7477;2025-11-08 14:00:00;;6.7;25.8;32.6;92.0;58.0;14.09;708.3;0.0;13.0;6.0;0.631;32.05;7.6;51.0
7478;2025-11-08 15:00:00;;4.7;18.8;23.6;118.0;60.0;10.59;707.9;0.0;13.0;4.5;0.496;32.31;8.8;66.0
7479;2025-11-08 16:00:00;;4.2;14.0;18.2;106.0;56.0;9.02;707.7;0.0;13.0;3.8;0.358;32.52;8.7;68.0
7480;2025-11-08 17:00:00;;3.7;8.0;11.8;87.0;45.0;8.54;708.0;0.0;16.0;3.3;0.161;31.54;9.3;108.0
7481;2025-11-08 18:00:00;;3.7;14.7;18.5;89.0;34.0;8.5;708.4;0.0;20.0;3.7;0.022;29.56;7.8;71.0
7482;2025-11-08 19:00:00;;3.9;18.0;21.9;81.0;39.0;11.88;708.8;0.0;22.0;3.8;0.0;28.13;6.7;75.0
7483;2025-11-08 20:00:00;0.1;4.0;27.3;31.3;54.0;40.0;11.71;709.4;0.0;26.0;3.6;0.0;25.84;2.7;309.0
7484;2025-11-08 21:00:00;0.42;4.3;43.6;47.9;25.0;44.0;13.79;709.8;0.0;29.0;3.3;0.0;24.29;3.2;197.0
7485;2025-11-08 22:00:00;0.57;19.6;56.3;76.0;8.0;50.0;15.88;710.3;0.0;28.0;3.3;0.0;23.8;3.6;223.0
7486;2025-11-08 23:00:00;0.45;6.6;47.3;54.0;13.0;53.0;14.94;710.5;0.0;29.0;3.5;0.0;22.92;4.2;211.0
7487;2025-11-09 00:00:00;0.09;4.5;29.8;34.3;30.0;49.0;8.92;710.4;0.0;25.0;10.2;0.0;22.99;6.2;216.0
7488;2025-11-09 01:00:00;;4.3;19.4;23.7;37.0;47.0;7.19;710.2;0.0;22.0;8.3;0.0;22.72;5.5;223.0
7489;2025-11-09 02:00:00;;4.2;18.3;22.5;35.0;40.0;7.3;710.2;0.0;22.0;6.4;0.0;22.27;4.6;242.0
7490;2025-11-09 03:00:00;;4.3;15.5;19.8;35.0;37.0;15.2;710.4;0.0;22.0;6.4;0.0;21.38;3.2;265.0
7491;2025-11-09 04:00:00;;4.2;18.3;22.6;29.0;30.0;15.06;710.6;0.0;24.0;6.4;0.0;20.59;3.0;282.0
7492;2025-11-09 05:00:00;;4.2;20.9;25.1;25.0;33.0;6.39;711.1;0.0;23.0;6.9;0.0;20.55;2.9;243.0
7493;2025-11-09 06:00:00;;;22.7;26.9;24.0;58.0;7.82;711.8;0.0;22.0;8.9;0.0;20.62;5.3;207.0
7494;2025-11-09 07:00:00;;;22.5;26.7;24.0;60.0;9.33;712.8;0.0;21.0;6.6;0.001;20.81;6.8;219.0
7495;2025-11-09 08:00:00;;9.8;28.5;38.4;17.0;47.0;9.87;713.9;0.0;22.0;5.6;0.049;21.47;5.0;184.0
7496;2025-11-09 09:00:00;;9.3;24.9;34.3;33.0;51.0;10.67;715.1;0.0;27.0;7.6;0.13;23.3;9.6;92.0
7497;2025-11-09 10:00:00;;4.6;6.6;11.3;50.0;78.0;10.92;716.5;0.0;37.0;4.2;0.261;21.59;14.2;15.0
7498;2025-11-09 11:00:00;;4.3;6.0;10.4;49.0;300.0;18.28;717.3;0.0;44.0;2.9;0.309;22.09;12.9;30.0
7499;2025-11-09 12:00:00;;4.3;5.7;10.1;46.0;126.0;17.82;717.9;0.0;47.0;2.6;0.249;20.46;17.6;20.0
7500;2025-11-09 13:00:00;;;5.9;10.4;47.0;142.0;13.25;718.2;0.0;43.0;2.4;0.221;19.81;14.3;32.0
7501;2025-11-09 14:00:00;;4.2;5.2;9.6;49.0;93.0;12.57;717.9;0.0;38.0;2.5;0.422;20.85;12.2;24.0
7502;2025-11-09 15:00:00;;4.4;5.9;10.4;49.0;57.0;11.59;717.7;0.0;33.0;2.9;0.439;21.41;12.0;21.0
7503;2025-11-09 16:00:00;;4.7;6.8;11.7;45.0;53.0;9.46;717.9;0.0;29.0;2.4;0.382;21.47;12.4;29.0
7504;2025-11-09 17:00:00;;4.1;8.0;12.2;42.0;58.0;6.51;718.3;0.0;27.0;2.4;0.137;20.31;12.5;36.0
7505;2025-11-09 18:00:00;;3.9;9.4;13.5;39.0;53.0;8.33;719.0;0.0;27.0;2.5;0.005;18.98;10.7;44.0
7506;2025-11-09 19:00:00;;3.4;7.3;10.8;41.0;48.0;9.26;719.5;0.0;26.0;2.3;0.0;18.44;10.7;39.0
7507;2025-11-09 20:00:00;;3.3;6.7;10.1;43.0;43.0;10.7;720.2;0.0;24.0;2.1;0.0;18.27;9.5;40.0
7508;2025-11-09 21:00:00;;3.2;6.2;9.6;42.0;38.0;12.96;720.7;0.0;23.0;2.1;0.0;18.38;6.5;35.0
7509;2025-11-09 22:00:00;;3.2;7.2;10.4;40.0;41.0;15.08;721.0;0.0;24.0;2.6;0.0;18.37;5.0;41.0
7510;2025-11-09 23:00:00;;;8.4;11.7;37.0;35.0;13.87;721.3;0.0;24.0;4.0;0.0;18.33;4.4;5.0
7511;2025-11-10 00:00:00;;;8.4;11.6;37.0;36.0;13.08;721.5;0.0;23.0;2.3;0.0;18.28;4.3;354.0
7512;2025-11-10 01:00:00;;;8.0;11.2;37.0;31.0;8.76;721.8;0.0;23.0;3.0;0.0;18.21;4.8;353.0
7513;2025-11-10 02:00:00;;3.1;7.7;10.9;;38.0;7.69;721.9;0.0;23.0;5.4;0.0;18.02;4.4;2.0
7514;2025-11-10 03:00:00;;3.2;8.9;12.2;35.0;33.0;6.9;721.9;0.0;24.0;3.1;0.0;17.66;7.7;12.0
7515;2025-11-10 04:00:00;;3.2;6.5;9.8;36.0;36.0;7.17;722.1;0.0;25.0;3.0;0.0;16.32;9.0;15.0
7516;2025-11-10 05:00:00;;;9.9;13.3;30.0;28.0;9.71;722.4;0.0;28.0;5.3;0.0;15.09;9.2;360.0
7517;2025-11-10 06:00:00;;3.3;11.2;14.6;27.0;32.0;9.42;722.9;0.0;30.0;3.1;0.0;14.21;9.8;359.0
7518;2025-11-10 07:00:00;;4.0;12.4;16.5;24.0;32.0;8.15;723.4;0.0;32.0;2.3;0.0;13.43;9.9;15.0
7519;2025-11-10 08:00:00;;6.8;14.7;21.6;21.0;27.0;8.91;724.0;0.0;33.0;3.7;0.028;13.3;10.2;11.0
7520;2025-11-10 09:00:00;;8.9;12.5;21.6;25.0;35.0;11.48;724.4;0.0;32.0;7.4;0.132;14.27;8.3;3.0
7521;2025-11-10 10:00:00;;11.5;14.1;25.8;25.0;35.0;29.52;724.3;0.0;29.0;5.3;0.378;15.94;5.6;24.0
7522;2025-11-10 11:00:00;;10.8;13.3;24.3;29.0;38.0;13.27;723.9;0.0;29.0;6.0;0.537;16.18;7.7;1.0
7523;2025-11-10 12:00:00;;12.5;16.2;28.9;30.0;43.0;15.52;723.4;0.0;28.0;6.3;0.62;16.92;8.8;27.0
7524;2025-11-10 13:00:00;;10.1;16.0;26.3;38.0;46.0;10.89;722.6;0.0;28.0;4.8;0.66;17.88;9.3;40.0
7525;2025-11-10 14:00:00;;5.2;7.9;13.2;48.0;42.0;9.83;721.9;0.0;28.0;3.0;0.632;18.49;10.9;58.0
7526;2025-11-10 15:00:00;;4.9;7.2;12.2;47.0;36.0;7.34;721.5;0.0;27.0;2.5;0.537;18.94;13.4;59.0
7527;2025-11-10 16:00:00;;4.4;6.6;11.1;47.0;42.0;6.82;721.3;0.0;26.0;2.6;0.392;19.11;13.1;98.0
7528;2025-11-10 17:00:00;;4.4;8.3;12.9;45.0;35.0;6.31;721.1;0.0;27.0;2.4;0.178;18.81;11.9;117.0
7529;2025-11-10 18:00:00;;3.8;9.0;13.0;43.0;35.0;6.1;721.2;0.0;29.0;2.3;0.021;17.44;10.4;125.0
7530;2025-11-10 19:00:00;;3.5;10.4;14.0;39.0;29.0;5.24;721.4;0.0;30.0;2.5;0.0;16.5;11.9;108.0
7531;2025-11-10 20:00:00;;3.3;10.1;13.5;37.0;31.0;4.47;721.8;0.0;26.0;2.5;0.0;15.99;10.8;112.0
7532;2025-11-10 21:00:00;;3.2;8.9;12.3;37.0;23.0;4.6;721.8;0.0;26.0;2.3;0.0;15.27;10.4;118.0
7533;2025-11-10 22:00:00;;3.4;6.4;9.9;39.0;25.0;4.69;721.8;0.0;25.0;2.4;0.0;14.84;11.3;121.0
7534;2025-11-10 23:00:00;;3.2;5.0;8.3;41.0;23.0;4.99;721.5;0.0;26.0;2.3;0.0;14.58;11.2;125.0
7535;2025-11-11 00:00:00;;3.1;3.8;7.1;42.0;24.0;4.5;720.9;0.0;28.0;2.3;0.0;14.25;10.1;114.0
7536;2025-11-11 01:00:00;;3.2;4.1;7.4;42.0;17.0;5.95;720.3;0.0;28.0;2.3;0.0;13.98;8.5;107.0
7537;2025-11-11 02:00:00;;3.2;6.7;10.0;36.0;15.0;4.29;720.1;0.0;32.0;2.3;0.0;13.04;4.6;51.0
7538;2025-11-11 03:00:00;;3.4;9.6;13.2;31.0;17.0;4.46;719.8;0.0;34.0;3.0;0.0;12.21;4.3;58.0
7539;2025-11-11 04:00:00;;12.3;30.9;43.3;7.0;19.0;3.85;719.5;0.0;35.0;15.4;0.0;11.27;4.8;37.0
7540;2025-11-11 05:00:00;;4.4;29.3;33.9;7.0;44.0;3.41;719.3;0.0;37.0;4.9;0.0;10.26;2.7;312.0
7541;2025-11-11 06:00:00;;10.7;31.1;41.8;5.0;37.0;3.17;719.1;0.0;38.0;5.7;0.0;10.24;4.4;236.0
7542;2025-11-11 07:00:00;;19.3;28.3;47.6;7.0;45.0;3.29;719.3;0.0;42.0;7.6;0.0;10.52;3.4;272.0
7543;2025-11-11 08:00:00;0.11;53.6;29.8;83.5;7.0;47.0;3.6;719.4;0.0;39.0;5.3;0.027;11.3;1.9;324.0
7544;2025-11-11 09:00:00;;40.4;29.1;69.6;11.0;61.0;4.2;719.5;0.0;34.0;6.7;0.12;14.87;1.8;11.0
7545;2025-11-11 10:00:00;0.28;42.4;34.6;77.2;16.0;59.0;4.79;719.5;0.0;28.0;9.2;0.371;15.81;4.3;18.0
7546;2025-11-11 11:00:00;0.3;26.7;32.4;59.1;24.0;75.0;5.01;719.0;0.0;25.0;10.9;0.529;17.04;5.6;1.0
7547;2025-11-11 12:00:00;0.1;30.1;36.1;66.3;24.0;65.0;6.04;718.3;0.0;24.0;14.6;0.608;18.46;6.8;39.0
7548;2025-11-11 13:00:00;;24.0;36.8;60.9;30.0;77.0;6.76;717.6;0.0;25.0;16.5;0.641;19.17;8.2;73.0
7549;2025-11-11 14:00:00;;14.3;33.3;47.6;44.0;69.0;4.51;716.8;0.0;26.0;7.9;0.606;20.0;8.9;38.0
7550;2025-11-11 15:00:00;;9.9;26.2;36.2;50.0;69.0;3.99;716.1;0.0;28.0;7.6;0.511;21.2;10.0;50.0
7551;2025-11-11 16:00:00;;5.6;13.9;19.6;59.0;60.0;4.32;715.7;0.0;29.0;5.1;0.366;21.94;10.7;71.0
7552;2025-11-11 17:00:00;;4.3;10.4;14.8;59.0;40.0;4.03;715.5;0.0;30.0;3.3;0.17;21.8;10.3;118.0
7553;2025-11-11 18:00:00;;4.1;11.6;15.7;48.0;40.0;3.82;715.4;0.0;33.0;3.0;0.022;20.33;9.6;120.0
7554;2025-11-11 19:00:00;;3.8;12.5;16.4;39.0;34.0;3.54;715.3;0.0;36.0;2.9;0.0;19.34;11.2;102.0
7555;2025-11-11 20:00:00;;3.7;9.6;13.4;37.0;35.0;3.04;715.5;0.0;39.0;2.7;0.0;18.71;11.2;124.0
7556;2025-11-11 21:00:00;;3.6;10.9;14.6;32.0;32.0;2.96;715.7;0.0;43.0;2.6;0.0;17.54;5.6;160.0
7557;2025-11-11 22:00:00;;7.2;28.7;36.0;13.0;28.0;3.0;715.5;0.0;46.0;2.7;0.0;16.48;2.9;239.0
7558;2025-11-11 23:00:00;0.16;14.1;36.5;50.7;6.0;51.0;4.86;715.4;0.0;48.0;3.7;0.0;16.09;4.6;232.0
7559;2025-11-12 00:00:00;;22.3;38.0;60.4;5.0;57.0;2.22;715.1;0.0;49.0;4.7;0.0;15.4;3.3;233.0
7560;2025-11-12 01:00:00;;21.3;37.5;58.9;5.0;62.0;;714.7;0.0;50.0;4.6;0.0;14.94;2.9;271.0
7561;2025-11-12 02:00:00;;45.1;35.7;80.9;5.0;56.0;2.76;714.6;0.0;54.0;4.2;0.0;14.22;1.8;264.0
7562;2025-11-12 03:00:00;;38.8;35.2;74.1;;56.0;2.89;714.2;0.0;56.0;3.9;0.0;13.77;1.8;263.0
7563;2025-11-12 04:00:00;;30.6;34.7;65.4;;63.0;8.22;714.0;0.0;57.0;4.0;0.0;13.42;1.9;250.0
7564;2025-11-12 05:00:00;;15.2;33.1;48.4;;73.0;7.82;713.8;0.0;56.0;4.0;0.0;13.39;1.8;255.0
7565;2025-11-12 06:00:00;;12.1;32.4;44.6;;189.0;8.45;713.6;0.0;57.0;3.8;0.0;13.14;2.2;239.0
7566;2025-11-12 07:00:00;0.08;25.6;31.3;56.9;;97.0;8.84;713.8;0.0;55.0;3.5;0.0;13.31;3.3;255.0
7567;2025-11-12 08:00:00;0.52;83.6;32.7;116.4;6.0;72.0;12.13;714.1;0.0;52.0;4.1;0.026;14.56;1.8;325.0
7568;2025-11-12 09:00:00;0.64;72.3;40.4;112.8;9.0;89.0;10.73;714.4;0.0;36.0;5.2;0.119;19.91;3.2;16.0
7569;2025-11-12 10:00:00;0.6;53.7;47.1;100.9;14.0;102.0;17.73;714.6;0.0;29.0;5.5;0.378;22.51;4.9;38.0
7570;2025-11-12 11:00:00;0.74;43.1;50.2;93.4;20.0;110.0;15.29;714.7;0.0;23.0;6.6;0.532;25.07;5.4;11.0
7571;2025-11-12 12:00:00;1.1;48.9;74.6;123.5;24.0;131.0;16.23;714.5;0.0;23.0;15.9;0.602;26.43;6.6;71.0
7572;2025-11-12 13:00:00;0.77;30.1;76.4;106.5;40.0;149.0;13.88;713.9;0.0;22.0;12.5;0.64;27.46;7.2;75.0
7573;2025-11-12 14:00:00;0.32;12.7;49.1;61.8;70.0;112.0;18.56;713.3;0.0;20.0;8.0;0.614;28.5;8.6;78.0
7574;2025-11-12 15:00:00;;6.8;23.5;30.4;80.0;90.0;12.85;713.0;0.0;24.0;4.8;0.512;28.54;10.1;61.0
7575;2025-11-12 16:00:00;;6.2;24.3;30.6;85.0;;6.03;712.8;0.0;25.0;9.4;0.366;28.36;10.1;51.0
7576;2025-11-12 17:00:00;0.05;5.4;27.4;32.9;85.0;73.0;5.72;712.8;0.0;28.0;10.8;0.164;27.72;9.3;60.0
7577;2025-11-12 18:00:00;0.11;4.9;27.1;32.0;73.0;62.0;5.0;712.9;0.0;31.0;5.9;0.018;26.1;9.5;64.0
7578;2025-11-12 19:00:00;0.09;4.8;25.7;30.6;66.0;55.0;4.68;713.3;0.0;34.0;4.7;0.0;24.54;9.1;57.0
7579;2025-11-12 20:00:00;0.17;4.9;32.8;37.8;48.0;50.0;4.7;713.7;0.0;36.0;4.1;0.0;23.55;4.9;36.0
7580;2025-11-12 21:00:00;0.41;13.7;50.7;64.4;14.0;49.0;4.78;714.2;0.0;41.0;4.0;0.0;21.7;3.3;285.0
7581;2025-11-12 22:00:00;0.67;35.1;52.7;87.8;5.0;66.0;7.87;714.4;0.0;46.0;4.1;0.0;20.65;2.6;240.0
7582;2025-11-12 23:00:00;0.51;16.6;51.1;67.8;5.0;80.0;11.21;714.5;0.0;47.0;3.7;0.0;19.92;3.5;226.0
7583;2025-11-13 00:00:00;0.56;16.4;49.0;65.5;5.0;63.0;12.64;714.6;0.0;49.0;3.9;0.0;19.22;3.1;276.0
7584;2025-11-13 01:00:00;0.39;10.6;43.7;54.4;7.0;60.0;12.33;714.4;0.0;48.0;4.5;0.0;18.82;2.7;260.0
7585;2025-11-13 02:00:00;0.28;16.9;42.0;59.0;6.0;56.0;13.66;714.3;0.0;53.0;4.8;0.0;17.64;2.5;276.0
7586;2025-11-13 03:00:00;0.59;54.8;41.2;96.1;5.0;64.0;14.49;714.2;0.0;58.0;4.7;0.0;16.67;2.5;252.0
7587;2025-11-13 04:00:00;0.46;50.6;36.5;87.3;5.0;84.0;17.53;714.0;0.0;63.0;4.1;0.0;16.01;2.2;253.0
7588;2025-11-13 05:00:00;0.24;28.3;34.9;63.2;5.0;84.0;22.12;713.9;0.0;63.0;4.2;0.0;16.13;3.3;257.0
7589;2025-11-13 06:00:00;0.08;27.2;36.4;63.7;;65.0;17.49;713.9;0.0;54.0;5.0;0.0;15.8;2.2;338.0
7590;2025-11-13 07:00:00;0.09;45.6;35.6;81.2;;57.0;14.55;714.2;0.0;53.0;5.3;0.0;15.1;2.3;266.0
7591;2025-11-13 08:00:00;0.61;82.0;34.6;116.7;6.0;62.0;16.08;714.6;0.0;51.0;5.3;0.024;16.45;1.8;303.0
7592;2025-11-13 09:00:00;0.55;69.8;36.7;106.7;9.0;83.0;19.52;715.0;0.0;35.0;7.1;0.111;21.11;1.8;150.0
7593;2025-11-13 10:00:00;0.51;62.0;47.5;109.6;13.0;68.0;22.15;715.3;0.0;35.0;16.7;0.358;23.2;4.6;108.0
7594;2025-11-13 11:00:00;0.47;36.5;48.7;85.2;23.0;82.0;29.94;715.4;0.0;35.0;14.8;0.521;24.28;6.3;71.0
7595;2025-11-13 12:00:00;0.37;29.4;48.9;78.4;35.0;85.0;41.43;715.1;0.0;33.0;16.2;0.6;25.51;7.8;61.0
7596;2025-11-13 13:00:00;0.28;11.1;35.2;46.4;68.0;88.0;40.97;714.5;0.0;32.0;6.7;0.638;26.13;9.7;53.0
7597;2025-11-13 14:00:00;;7.1;21.8;29.0;81.0;72.0;26.64;713.9;0.0;32.0;5.8;0.624;26.86;10.1;55.0
7598;2025-11-13 15:00:00;;6.5;22.0;28.6;92.0;59.0;13.23;713.4;0.0;30.0;5.8;0.505;27.3;12.4;43.0
7599;2025-11-13 16:00:00;;5.4;16.7;22.1;93.0;65.0;12.96;713.1;0.0;29.0;5.4;0.364;27.95;11.8;68.0
7600;2025-11-13 17:00:00;;4.7;14.0;18.8;87.0;54.0;12.52;713.2;0.0;30.0;4.5;0.128;26.94;10.8;112.0
7601;2025-11-13 18:00:00;;4.6;15.8;20.4;70.0;48.0;10.6;713.3;0.0;32.0;4.0;0.022;25.6;8.7;113.0
7602;2025-11-13 19:00:00;;4.5;16.8;21.3;58.0;43.0;10.25;713.5;0.0;35.0;3.4;0.0;24.77;8.1;105.0
7603;2025-11-13 20:00:00;;4.5;12.9;17.5;37.0;37.0;10.56;713.7;0.0;39.0;3.0;0.0;23.92;10.2;123.0
7604;2025-11-13 21:00:00;;4.3;10.8;15.2;34.0;33.0;12.93;713.9;0.0;44.0;2.9;0.0;23.1;7.4;102.0
7605;2025-11-13 22:00:00;;4.9;15.8;20.7;25.0;27.0;16.85;714.1;0.0;44.0;2.8;0.0;22.09;3.8;60.0
7606;2025-11-13 23:00:00;0.57;65.5;38.6;104.3;6.0;39.0;14.87;714.3;0.0;49.0;3.3;0.0;20.96;4.1;337.0
7607;2025-11-14 00:00:00;0.18;24.5;33.2;57.8;5.0;83.0;15.28;714.3;0.0;56.0;4.4;0.0;19.6;5.5;14.0
7608;2025-11-14 01:00:00;;17.6;29.5;47.2;5.0;63.0;14.4;714.2;0.0;63.0;5.6;0.0;17.83;2.3;306.0
7609;2025-11-14 02:00:00;;11.8;29.4;41.3;5.0;47.0;14.93;714.1;0.0;68.0;4.3;0.0;17.41;2.9;345.0
7610;2025-11-14 03:00:00;;11.1;26.5;37.7;;44.0;20.18;714.0;0.0;73.0;3.5;0.0;16.53;1.8;271.0
7611;2025-11-14 04:00:00;;16.9;26.3;43.2;;39.0;21.43;713.9;0.0;76.0;3.1;0.0;16.07;1.8;306.0
7612;2025-11-14 05:00:00;;20.4;24.9;45.3;;38.0;17.34;713.8;0.0;78.0;3.0;0.0;15.64;1.8;256.0
7613;2025-11-14 06:00:00;;15.2;23.5;38.7;;41.0;15.21;713.8;0.0;77.0;2.9;0.0;15.41;2.8;270.0
7614;2025-11-14 07:00:00;;10.4;17.7;28.3;6.0;42.0;14.46;714.1;0.0;82.0;2.9;0.0;15.23;3.8;270.0
7615;2025-11-14 08:00:00;0.13;18.0;18.5;36.6;6.0;52.0;17.39;714.3;0.0;84.0;2.8;0.026;15.45;3.3;268.0
7616;2025-11-14 09:00:00;0.18;23.3;22.0;45.4;10.0;61.0;14.66;714.6;0.0;77.0;3.2;0.107;18.42;3.5;9.0
7617;2025-11-14 10:00:00;0.34;34.3;32.6;66.9;15.0;70.0;20.6;714.6;0.0;57.0;5.2;0.353;21.39;3.9;28.0
7618;2025-11-14 11:00:00;0.33;28.5;37.8;66.3;23.0;89.0;21.05;714.5;0.0;44.0;6.7;0.521;23.72;4.7;19.0
7619;2025-11-14 12:00:00;0.37;18.4;36.4;54.9;37.0;84.0;23.18;714.2;0.0;39.0;5.9;0.596;25.0;6.1;9.0
7620;2025-11-14 13:00:00;0.25;14.1;32.6;46.9;45.0;77.0;20.86;713.6;0.0;37.0;7.9;0.628;25.83;7.9;61.0
7621;2025-11-14 14:00:00;0.1;10.8;30.6;41.4;64.0;83.0;13.65;712.9;0.0;34.0;9.6;0.612;26.75;9.3;53.0
7622;2025-11-14 15:00:00;;;;;63.667;103.0;27.12;;;;;0.0;;;
7623;2025-11-14 16:00:00;;6.1;19.0;25.1;80.0;62.0;10.77;712.1;0.0;34.0;7.2;0.352;27.05;12.7;54.0
7624;2025-11-14 17:00:00;;5.5;18.9;24.5;80.0;56.0;9.83;712.1;0.0;36.0;5.7;0.155;26.54;11.1;73.0
7625;2025-11-14 18:00:00;;4.7;16.1;20.9;87.0;55.0;8.65;712.2;0.0;38.0;4.0;0.018;25.07;9.8;122.0
7626;2025-11-14 19:00:00;0.06;4.6;20.7;25.4;69.0;48.0;8.39;712.5;0.0;40.0;3.5;0.0;23.94;8.7;107.0
7627;2025-11-14 20:00:00;0.13;4.9;25.6;30.6;45.0;43.0;6.62;712.9;0.0;44.0;3.3;0.0;23.35;6.0;57.0
7628;2025-11-14 21:00:00;;5.0;17.8;22.8;32.0;41.0;5.93;713.0;0.0;48.0;3.0;0.0;22.77;5.3;56.0
7629;2025-11-14 22:00:00;0.05;5.1;18.8;23.9;24.0;;7.31;713.3;0.0;50.0;2.9;0.0;21.91;3.6;46.0
7630;2025-11-14 23:00:00;0.12;8.9;31.1;40.1;8.0;34.0;16.14;713.2;0.0;55.0;2.7;0.0;20.95;3.9;39.0
7631;2025-11-15 00:00:00;0.05;13.9;27.8;41.7;5.0;39.0;14.82;713.1;0.0;66.0;3.1;0.0;19.96;4.7;337.0
7632;2025-11-15 01:00:00;;6.7;24.1;30.9;5.0;48.0;12.47;712.7;0.0;72.0;2.8;0.0;18.77;3.3;319.0
7633;2025-11-15 02:00:00;;9.6;22.8;32.5;4.0;37.0;12.49;712.4;0.0;77.0;2.7;0.0;18.07;2.6;309.0
7634;2025-11-15 03:00:00;;16.2;22.8;39.0;4.0;33.0;11.09;712.1;0.0;79.0;2.7;0.0;17.27;2.1;278.0
7635;2025-11-15 04:00:00;;5.9;28.9;34.9;10.0;39.0;11.29;711.8;0.0;70.0;3.6;0.0;16.8;3.0;271.0
7636;2025-11-15 05:00:00;;10.0;25.0;35.1;6.0;43.0;12.05;711.8;0.0;75.0;3.1;0.0;16.53;1.8;263.0
7637;2025-11-15 06:00:00;;13.9;18.1;32.1;5.0;39.0;12.55;711.7;0.0;81.0;2.9;0.0;16.18;2.1;270.0
7638;2025-11-15 07:00:00;;22.7;17.9;40.7;4.0;42.0;20.35;712.1;0.0;84.0;3.1;0.0;15.92;2.0;300.0
7639;2025-11-15 08:00:00;;28.1;20.6;48.7;5.0;56.0;20.71;712.4;0.0;84.0;3.2;0.024;15.96;3.2;291.0
7640;2025-11-15 09:00:00;0.11;34.1;29.2;63.4;10.0;55.0;21.48;712.5;0.0;73.0;4.6;0.097;19.17;3.2;357.0
7641;2025-11-15 10:00:00;0.09;26.5;31.7;58.1;19.0;66.0;23.91;712.6;0.0;55.0;5.5;0.35;21.75;3.8;15.0
7642;2025-11-15 11:00:00;0.21;21.7;37.2;59.0;27.0;73.0;23.21;712.5;0.0;51.0;5.6;0.438;23.14;4.4;32.0
7643;2025-11-15 12:00:00;0.44;23.3;41.9;65.3;31.0;82.0;22.06;712.0;0.0;48.0;6.4;0.601;24.66;6.2;73.0
7644;2025-11-15 13:00:00;0.29;22.9;43.6;66.6;37.0;92.0;18.13;711.3;0.0;41.0;12.4;0.635;26.03;6.6;45.0
7645;2025-11-15 14:00:00;;11.2;34.2;45.4;61.0;88.0;16.07;710.4;0.0;37.0;11.7;0.618;26.9;8.1;69.0
7646;2025-11-15 15:00:00;;8.9;28.6;37.6;69.0;74.0;14.71;709.9;0.0;32.0;10.6;0.518;27.9;8.4;58.0
7647;2025-11-15 16:00:00;0.05;6.1;25.2;31.3;98.0;63.0;13.19;709.7;0.0;35.0;5.3;0.346;27.91;9.3;61.0
7648;2025-11-15 17:00:00;;5.2;20.9;26.2;98.0;70.0;12.61;709.8;0.0;39.0;4.4;0.148;27.22;8.4;60.0
7649;2025-11-15 18:00:00;0.05;4.8;23.8;28.7;82.0;75.0;12.6;709.8;0.0;42.0;3.9;0.017;25.88;5.8;90.0
7650;2025-11-15 19:00:00;;4.8;17.4;22.3;75.0;60.0;12.06;710.0;0.0;44.0;3.2;0.0;24.4;6.1;100.0
7651;2025-11-15 20:00:00;;4.6;15.0;19.7;72.0;44.0;13.55;710.3;0.0;45.0;3.0;0.0;23.72;5.1;114.0
7652;2025-11-15 21:00:00;;4.6;23.3;28.0;49.0;44.0;;710.7;0.0;48.0;2.8;0.0;22.43;2.3;206.0
7653;2025-11-15 22:00:00;0.4;6.7;48.7;55.5;17.0;44.0;;710.7;0.0;54.0;2.7;0.0;20.89;1.8;226.0
7654;2025-11-15 23:00:00;0.39;5.4;44.9;50.4;24.0;56.0;;710.5;0.0;52.0;4.8;0.0;20.81;4.8;219.0
7655;2025-11-16 00:00:00;0.29;5.8;45.9;51.8;23.0;68.0;;710.3;0.0;50.0;8.6;0.0;20.68;6.4;216.0
7656;2025-11-16 01:00:00;0.11;5.6;32.1;37.8;34.0;77.0;;710.0;0.0;49.0;9.3;0.0;20.4;6.6;228.0
7657;2025-11-16 02:00:00;0.14;5.6;39.2;44.8;25.0;65.0;;709.8;0.0;51.0;8.7;0.0;19.62;2.9;246.0
7658;2025-11-16 03:00:00;;5.5;24.9;30.6;36.0;66.0;;709.5;0.0;49.0;8.0;0.0;19.29;3.8;262.0
7659;2025-11-16 04:00:00;;5.6;31.5;37.2;23.0;55.0;;709.3;0.0;51.0;5.9;0.0;18.69;2.9;248.0
7660;2025-11-16 05:00:00;;5.5;25.9;31.5;26.0;53.0;;709.2;0.0;49.0;6.0;0.0;18.5;1.9;313.0
7661;2025-11-16 06:00:00;;5.6;26.4;32.0;19.0;46.0;;709.3;0.0;52.0;5.1;0.0;17.82;1.8;317.0
7662;2025-11-16 07:00:00;;5.7;29.3;35.0;16.0;47.0;;709.7;0.0;49.0;5.3;0.0;17.71;2.1;212.0
7663;2025-11-16 08:00:00;;11.3;32.6;44.0;11.0;44.0;;710.0;0.0;44.0;6.6;0.021;19.06;2.4;341.0
7664;2025-11-16 09:00:00;;14.9;27.3;42.2;21.0;46.0;;710.3;0.0;35.0;6.6;0.088;22.97;1.9;359.0
7665;2025-11-16 10:00:00;;14.1;27.9;42.0;32.0;43.0;;710.5;0.0;31.0;7.1;0.341;25.26;4.6;171.0
7666;2025-11-16 11:00:00;;8.8;19.0;28.0;53.0;48.0;;710.5;0.0;24.0;6.7;0.511;28.18;4.5;54.0
7667;2025-11-16 12:00:00;;15.2;41.3;56.5;53.0;41.0;;710.0;0.0;23.0;10.7;0.587;29.58;5.5;47.0
7668;2025-11-16 13:00:00;0.24;14.7;46.6;61.4;63.0;60.0;;709.2;0.0;23.0;18.2;0.624;30.3;8.0;77.0
7669;2025-11-16 14:00:00;;6.7;23.4;30.3;96.0;70.0;;708.4;0.0;23.0;9.6;0.606;30.88;8.6;80.0
7670;2025-11-16 15:00:00;;5.4;15.7;21.2;101.0;53.0;;708.0;0.0;22.0;5.7;0.498;31.58;9.2;61.0
7671;2025-11-16 16:00:00;;4.6;15.1;19.8;121.0;47.0;;707.8;0.0;25.0;4.8;0.229;30.67;10.0;65.0
7672;2025-11-16 17:00:00;;4.6;17.7;22.4;124.0;52.0;;707.9;0.0;30.0;10.5;0.15;30.17;10.4;71.0
7673;2025-11-16 18:00:00;;4.7;13.1;17.8;103.0;64.0;;708.3;0.0;34.0;7.4;0.017;28.51;9.9;87.0
7674;2025-11-16 19:00:00;;4.6;16.4;21.0;85.0;50.0;;708.8;0.0;37.0;6.9;0.0;27.01;8.8;72.0
7675;2025-11-16 20:00:00;;4.6;14.0;18.6;83.0;47.0;;709.1;0.0;39.0;6.8;0.0;26.26;9.3;73.0
7676;2025-11-16 21:00:00;;4.4;11.1;15.6;81.0;46.0;;709.3;0.0;41.0;7.4;0.0;25.79;8.1;88.0
7677;2025-11-16 22:00:00;;4.4;13.8;18.4;72.0;44.0;;709.3;0.0;42.0;7.4;0.0;25.18;7.1;51.0
7678;2025-11-16 23:00:00;;;20.9;25.5;50.0;48.0;;709.3;0.0;45.0;5.9;0.0;23.83;4.0;150.0
7679;2025-11-17 00:00:00;0.11;4.7;26.3;31.0;33.0;44.0;;709.3;0.0;51.0;4.7;0.0;22.22;2.5;247.0
7680;2025-11-17 01:00:00;0.24;4.9;35.0;40.1;20.0;45.0;;709.2;0.0;52.0;5.6;0.0;21.81;1.8;249.0
7681;2025-11-17 02:00:00;0.21;5.4;37.8;43.3;14.0;56.0;;709.0;0.0;52.0;11.1;0.0;21.18;2.4;232.0
7682;2025-11-17 03:00:00;;5.4;31.2;36.6;20.0;79.0;;708.7;0.0;51.0;13.6;0.0;20.64;2.7;267.0
7683;2025-11-17 04:00:00;;;20.5;26.0;29.0;81.0;;708.5;0.0;47.0;13.1;0.0;20.33;2.5;305.0
7684;2025-11-17 05:00:00;;5.3;18.9;24.3;26.0;60.0;;708.5;0.0;47.0;8.7;0.0;20.21;2.9;274.0
7685;2025-11-17 06:00:00;;5.4;21.3;26.8;21.0;60.0;;708.8;0.0;48.0;7.7;0.0;19.79;2.0;253.0
7686;2025-11-17 07:00:00;;6.1;28.0;34.2;11.0;72.0;;709.2;0.0;53.0;6.7;0.0;19.46;1.8;244.0
7687;2025-11-17 08:00:00;;8.2;29.7;38.0;12.0;67.0;;709.6;0.0;43.0;7.6;0.017;20.45;2.9;232.0
7688;2025-11-17 09:00:00;;10.1;24.7;34.9;20.0;58.0;;709.8;0.0;39.0;10.8;0.068;21.45;3.6;226.0
7689;2025-11-17 10:00:00;;12.1;23.5;35.7;29.0;42.0;;709.9;0.0;32.0;10.1;0.307;25.28;3.7;218.0
7690;2025-11-17 11:00:00;;14.8;30.5;45.4;38.0;49.0;;709.8;0.0;31.0;10.9;0.502;28.26;4.7;33.0
7691;2025-11-17 12:00:00;0.29;17.1;42.4;59.6;44.0;60.0;;709.4;0.0;34.0;13.9;0.562;28.83;6.5;49.0
7692;2025-11-17 13:00:00;0.15;10.2;34.3;44.6;68.0;82.0;;708.9;0.0;32.0;16.0;0.608;29.35;7.8;75.0
7693;2025-11-17 14:00:00;;7.7;27.2;35.0;89.0;65.0;;708.3;0.0;30.0;14.5;0.59;30.24;8.1;59.0
7694;2025-11-17 15:00:00;;4.9;16.2;21.1;121.0;57.0;;708.0;0.0;35.0;7.3;0.487;30.2;10.7;55.0
7695;2025-11-17 16:00:00;;4.6;12.5;17.2;98.0;66.0;;707.9;0.0;37.0;6.8;0.328;30.01;12.1;56.0
7696;2025-11-17 17:00:00;;4.2;8.1;12.3;89.0;56.0;;708.0;0.0;35.0;5.3;0.156;29.63;9.6;114.0
7697;2025-11-17 18:00:00;;4.1;8.3;12.5;85.0;38.0;;708.3;0.0;39.0;4.5;0.02;28.04;9.2;101.0
7698;2025-11-17 19:00:00;;4.3;13.4;17.8;73.0;37.0;;708.6;0.0;43.0;4.8;0.0;26.82;6.4;87.0
7699;2025-11-17 20:00:00;;4.4;10.7;15.3;51.0;44.0;;709.1;0.0;50.0;4.2;0.0;25.8;10.2;99.0
7700;2025-11-17 21:00:00;;4.2;7.0;11.3;41.0;37.0;;709.5;0.0;55.0;3.4;0.0;25.03;10.0;98.0
7701;2025-11-17 22:00:00;;4.2;9.2;13.4;36.0;33.0;;709.8;0.0;56.0;3.3;0.0;24.57;5.5;65.0
7702;2025-11-17 23:00:00;;4.1;10.7;14.9;32.0;32.0;;710.0;0.0;59.0;3.1;0.0;23.72;4.1;43.0
7703;2025-11-18 00:00:00;;7.6;19.9;27.5;15.0;32.0;;710.1;0.0;65.0;3.0;0.0;22.49;6.2;18.0
7704;2025-11-18 01:00:00;;7.2;21.8;29.1;8.0;47.0;;710.1;0.0;72.0;4.2;0.0;21.31;5.9;332.0
7705;2025-11-18 02:00:00;;6.7;21.1;27.8;7.0;46.0;;710.2;0.0;76.0;4.0;0.0;20.6;4.5;348.0
7706;2025-11-18 03:00:00;;4.7;17.8;22.6;8.0;46.0;;710.2;0.0;79.0;3.3;0.0;19.99;2.4;337.0
7707;2025-11-18 04:00:00;;4.7;16.3;21.0;7.0;36.0;;710.1;0.0;82.0;2.9;0.0;19.53;1.9;286.0
7708;2025-11-18 05:00:00;;4.7;12.8;17.5;10.0;40.0;;710.2;0.0;83.0;2.7;0.0;19.51;2.1;313.0
7709;2025-11-18 06:00:00;;4.7;12.5;17.3;10.0;40.0;;710.4;0.0;82.0;2.6;0.0;19.68;2.9;275.0
7710;2025-11-18 07:00:00;;18.7;22.6;41.3;6.0;52.0;;710.8;0.0;79.0;3.3;0.0;19.24;3.6;243.0
7711;2025-11-18 08:00:00;;41.4;32.3;73.8;6.0;57.0;;711.2;0.0;68.0;5.8;0.031;19.61;6.6;213.0
7712;2025-11-18 09:00:00;;24.4;24.8;49.3;10.0;65.0;;711.5;0.0;66.0;5.4;0.113;21.51;5.0;247.0
7713;2025-11-18 10:00:00;;19.6;24.3;43.9;17.0;69.0;;711.7;0.0;61.0;4.5;0.299;23.88;4.0;327.0
7714;2025-11-18 11:00:00;;15.6;22.8;38.4;25.0;63.0;;711.8;0.0;60.0;4.2;0.452;24.32;5.7;36.0
7715;2025-11-18 12:00:00;;13.7;25.1;38.9;34.0;102.0;;711.5;0.0;56.0;4.4;0.542;25.65;6.1;18.0
7716;2025-11-18 13:00:00;;22.6;43.8;66.5;31.0;;;710.9;0.0;51.0;8.0;0.573;26.93;6.6;48.0
7717;2025-11-18 14:00:00;;11.3;35.5;46.8;60.0;99.0;24.93;710.4;0.0;48.0;10.3;0.563;27.55;9.1;78.0
7718;2025-11-18 15:00:00;;7.6;26.6;34.3;76.0;89.0;24.2;710.1;0.0;46.0;8.3;0.473;28.06;9.8;59.0
7719;2025-11-18 16:00:00;;6.3;21.9;28.3;80.0;81.0;21.86;710.0;0.0;43.0;8.6;0.325;28.48;8.6;65.0
7720;2025-11-18 17:00:00;;5.4;22.0;27.6;99.0;70.0;25.48;710.2;0.0;49.0;5.7;0.13;27.92;9.5;68.0
7721;2025-11-18 18:00:00;0.47;5.0;23.0;28.1;77.0;82.0;23.49;710.6;0.0;56.0;4.6;0.017;26.55;8.3;71.0
7722;2025-11-18 19:00:00;0.36;4.8;15.9;20.8;72.0;68.0;19.24;711.0;0.0;55.0;3.7;0.0;25.83;9.2;92.0
7723;2025-11-18 20:00:00;0.19;4.5;12.0;16.7;63.0;57.0;16.84;711.5;0.0;54.0;3.2;0.0;25.52;8.5;76.0
7724;2025-11-18 21:00:00;0.14;4.4;10.1;14.7;42.0;49.0;15.97;711.8;0.0;60.0;2.9;0.0;24.7;7.9;103.0
7725;2025-11-18 22:00:00;0.12;4.6;9.8;14.5;31.0;40.0;15.89;711.9;0.0;63.0;2.8;0.0;24.27;6.6;94.0
7726;2025-11-18 23:00:00;0.24;6.3;19.0;25.4;21.0;39.0;17.39;712.0;0.0;64.0;2.7;0.0;23.76;5.3;44.0
7727;2025-11-19 00:00:00;;16.6;26.1;42.7;7.0;49.0;15.89;712.1;0.0;68.0;3.8;0.0;23.25;7.5;22.0
7728;2025-11-19 01:00:00;;8.1;22.0;30.2;6.0;67.0;17.39;712.0;0.0;74.0;5.9;0.0;22.6;6.4;343.0
7729;2025-11-19 02:00:00;;5.2;19.5;24.8;8.0;56.0;22.8;711.9;0.0;75.0;5.1;0.0;22.18;4.3;303.0
7730;2025-11-19 03:00:00;;6.1;20.2;26.5;7.0;46.0;21.15;711.8;0.0;75.0;4.1;0.0;22.07;5.1;358.0
7731;2025-11-19 04:00:00;;5.1;18.0;23.2;8.0;48.0;20.07;711.9;0.0;76.0;3.6;0.0;21.73;4.3;8.0
7732;2025-11-19 05:00:00;;5.0;17.2;22.2;8.0;48.0;21.16;711.8;0.0;79.0;3.1;0.0;21.51;3.6;354.0
7733;2025-11-19 06:00:00;;5.4;15.6;21.0;8.0;55.0;21.88;712.0;0.0;80.0;3.0;0.0;21.23;3.3;59.0
7734;2025-11-19 07:00:00;;9.0;19.8;28.9;4.0;49.0;22.53;712.4;0.0;81.0;2.9;0.0;21.11;3.5;72.0
7735;2025-11-19 08:00:00;;18.0;21.7;39.8;4.0;50.0;23.08;712.8;0.0;81.0;3.4;0.008;21.2;2.2;106.0
7736;2025-11-19 09:00:00;0.28;24.6;22.1;46.8;6.0;52.0;23.98;713.1;0.0;80.0;4.2;0.095;21.91;3.7;41.0
7737;2025-11-19 10:00:00;0.41;25.8;23.6;49.3;7.0;63.0;25.14;713.4;0.0;76.0;4.2;0.144;22.72;5.4;22.0
7738;2025-11-19 11:00:00;0.36;15.6;23.9;39.6;13.0;75.0;27.42;713.5;0.0;72.0;4.0;0.164;23.39;4.5;43.0
7739;2025-11-19 12:00:00;0.32;18.5;27.0;45.6;18.0;79.0;27.38;713.2;0.0;66.0;5.1;0.343;24.74;6.6;58.0
7740;2025-11-19 13:00:00;0.31;11.8;27.0;38.9;25.0;81.0;30.27;712.7;0.0;65.0;5.5;0.225;24.69;7.8;19.0
7741;2025-11-19 14:00:00;0.19;8.4;24.3;32.7;44.0;81.0;29.77;712.1;0.0;60.0;5.9;0.268;25.53;7.8;65.0
7742;2025-11-19 15:00:00;0.12;5.5;13.9;19.5;55.0;72.0;28.36;711.6;0.0;59.0;4.4;0.206;25.8;8.8;51.0
7743;2025-11-19 16:00:00;0.05;4.8;9.1;14.0;54.0;60.0;23.93;711.3;0.0;54.0;3.7;0.302;27.2;8.0;98.0
7744;2025-11-19 17:00:00;;4.5;7.9;12.5;43.0;47.0;20.16;711.3;0.0;52.0;3.2;0.144;27.07;10.2;123.0
7745;2025-11-19 18:00:00;;4.5;10.2;14.8;34.0;44.0;17.83;711.4;0.0;56.0;2.9;0.018;26.14;10.3;125.0
7746;2025-11-19 19:00:00;0.12;5.1;13.9;19.1;26.0;44.0;17.06;711.6;0.0;59.0;2.8;0.0;25.64;8.8;124.0
7747;2025-11-19 20:00:00;0.05;4.3;11.0;15.3;26.0;47.0;17.69;711.9;0.0;60.0;2.6;0.0;25.5;10.5;126.0
7748;2025-11-19 21:00:00;;4.0;7.9;12.1;29.0;42.0;17.96;712.0;0.0;59.0;2.5;0.0;25.37;10.2;129.0
7749;2025-11-19 22:00:00;;3.8;5.3;9.2;32.0;38.0;17.53;712.4;0.0;61.0;2.4;0.0;24.94;11.5;139.0
7750;2025-11-19 23:00:00;;9.4;16.2;25.7;17.0;42.0;16.9;712.9;0.0;65.0;2.9;0.0;23.94;8.3;49.0
7751;2025-11-20 00:00:00;;4.0;10.9;15.0;15.0;51.0;20.13;712.8;0.0;73.0;3.5;0.0;22.92;8.2;49.0
7752;2025-11-20 01:00:00;;3.8;8.3;12.2;16.0;41.0;15.25;712.5;0.0;77.0;2.7;0.0;22.44;6.9;58.0
7753;2025-11-20 02:00:00;;3.9;7.1;11.1;15.0;36.0;14.63;712.2;0.0;80.0;2.5;0.0;22.15;7.1;64.0
7754;2025-11-20 03:00:00;;3.8;4.6;8.5;18.0;40.0;14.64;711.9;0.0;80.0;2.4;0.0;21.97;6.5;47.0
7755;2025-11-20 04:00:00;;3.7;4.3;8.2;17.0;36.0;13.92;711.5;0.0;81.0;2.3;0.0;21.69;6.4;41.0
7756;2025-11-20 05:00:00;;3.7;4.3;8.1;17.0;36.0;14.14;711.4;0.0;82.0;2.3;0.0;21.41;5.7;50.0
7757;2025-11-20 06:00:00;;4.1;7.8;12.0;13.0;34.0;13.66;711.3;0.0;82.0;2.2;0.0;21.15;4.4;49.0
7758;2025-11-20 07:00:00;;8.5;13.7;22.3;6.0;32.0;14.46;711.3;0.0;83.0;2.2;0.0;20.98;3.6;42.0
7759;2025-11-20 08:00:00;0.16;14.1;15.2;29.5;5.0;36.0;15.01;711.4;0.0;83.0;2.1;0.027;20.96;5.8;55.0
7760;2025-11-20 09:00:00;0.16;14.3;13.7;28.1;9.0;42.0;14.89;711.6;0.0;81.0;2.2;0.103;21.64;6.8;51.0
7761;2025-11-20 10:00:00;0.08;10.0;11.3;21.4;15.0;39.0;15.24;711.8;0.0;75.0;2.3;0.187;22.66;6.1;65.0
7762;2025-11-20 11:00:00;0.06;9.4;12.2;21.6;22.0;38.0;16.63;711.6;0.0;66.0;2.2;0.339;24.18;5.6;94.0
7763;2025-11-20 12:00:00;;8.1;14.8;23.1;24.0;40.0;18.56;711.1;0.0;62.0;2.6;0.263;24.84;6.0;33.0
7764;2025-11-20 13:00:00;;6.7;13.1;19.8;34.0;48.0;18.78;710.2;0.0;59.0;3.2;0.286;25.29;6.6;47.0
7765;2025-11-20 14:00:00;;5.3;9.5;14.8;41.0;43.0;16.53;709.5;0.0;57.0;2.7;0.256;25.57;7.7;61.0
7766;2025-11-20 15:00:00;;5.5;10.6;16.2;42.0;40.0;16.37;709.1;0.0;54.0;2.7;0.331;26.35;7.2;71.0
7767;2025-11-20 16:00:00;;4.6;10.2;14.9;43.0;40.0;16.76;709.0;0.0;54.0;2.5;0.14;26.13;5.9;67.0
7768;2025-11-20 17:00:00;;5.0;11.1;16.2;39.0;43.0;15.86;708.9;0.0;54.0;2.4;0.091;25.99;6.0;52.0
7769;2025-11-20 18:00:00;;4.3;10.4;14.8;35.0;43.0;14.99;709.0;0.0;55.0;2.3;0.018;25.42;5.0;107.0
7770;2025-11-20 19:00:00;0.19;6.4;18.0;24.5;23.0;43.0;15.98;709.1;0.0;57.0;2.3;0.0;24.66;4.0;77.0
7771;2025-11-20 20:00:00;0.22;6.1;23.1;29.3;17.0;48.0;16.53;709.4;0.0;59.0;2.1;0.0;24.3;4.8;46.0
7772;2025-11-20 21:00:00;0.27;8.1;24.3;32.5;12.0;48.0;16.17;709.6;0.0;60.0;2.2;0.0;23.65;5.0;203.0
7773;2025-11-20 22:00:00;0.24;5.8;24.6;30.4;9.0;43.0;16.4;709.8;0.0;62.0;2.2;0.0;22.9;3.0;226.0
7774;2025-11-20 23:00:00;0.46;16.4;27.5;43.9;5.0;43.0;17.75;710.0;0.0;66.0;2.2;0.0;22.21;3.6;211.0
7775;2025-11-21 00:00:00;0.3;9.5;28.2;37.8;6.0;44.0;18.77;710.0;0.0;65.0;2.1;0.0;22.06;2.9;227.0
7776;2025-11-21 01:00:00;;;;;7.667;70.0;25.84;;;;;0.0;;;
7777;2025-11-21 02:00:00;;;;;10.0;73.0;30.28;;;;;0.0;;;
7778;2025-11-21 03:00:00;0.95;36.3;8.5;44.8;3.0;8.0;;;0.0;57.0;2.3;0.0;15.37;1.3;272.0
7779;2025-11-21 04:00:00;1.42;28.6;21.9;50.6;5.0;;;710.0;0.0;77.0;2.3;0.0;20.21;2.1;279.0
7780;2025-11-21 05:00:00;1.37;22.4;19.7;42.1;5.0;47.0;;710.2;0.0;79.0;2.3;0.0;19.69;1.8;231.0
7781;2025-11-21 06:00:00;0.93;16.9;24.0;40.9;5.0;46.0;;710.3;0.0;78.0;2.3;0.0;19.16;1.8;240.0
7782;2025-11-21 07:00:00;0.79;33.6;25.6;59.2;;53.0;;710.7;0.0;75.0;2.4;0.0;19.15;2.4;265.0
7783;2025-11-21 08:00:00;1.14;70.4;27.2;97.7;;60.0;;711.0;0.0;72.0;2.6;0.0;19.85;2.3;328.0
7784;2025-11-21 09:00:00;1.22;59.0;32.5;91.6;8.0;70.0;;711.3;0.0;60.0;2.8;0.0;23.0;3.1;39.0
7785;2025-11-21 10:00:00;1.11;38.0;37.9;76.0;13.0;71.0;;711.5;0.0;49.0;3.3;0.0;25.72;4.5;55.0
7786;2025-11-21 11:00:00;0.99;33.7;41.1;74.9;18.0;80.0;;711.4;0.0;47.0;4.5;0.0;26.92;6.2;59.0
7787;2025-11-21 12:00:00;0.75;13.8;33.8;47.6;39.0;88.0;;711.0;0.0;41.0;5.0;0.0;28.45;6.5;58.0
7788;2025-11-21 13:00:00;0.42;6.2;16.6;22.9;60.0;83.0;;710.4;0.0;30.0;4.8;0.0;30.21;8.2;47.0
7789;2025-11-21 14:00:00;0.09;5.0;12.7;17.8;65.0;61.0;;709.8;0.0;29.0;4.2;0.0;31.06;9.5;51.0
7790;2025-11-21 15:00:00;;4.7;10.2;15.1;58.0;64.0;;709.5;0.0;30.0;4.1;0.0;31.19;10.9;53.0
7791;2025-11-21 16:00:00;;3.8;12.6;16.5;68.0;46.0;;709.6;0.0;45.0;3.6;0.0;29.11;14.3;87.0
7792;2025-11-21 17:00:00;;4.1;12.1;16.3;48.0;56.0;;709.8;0.0;52.0;3.1;0.0;28.01;14.3;83.0
7793;2025-11-21 18:00:00;;3.9;12.7;16.7;40.0;60.0;18.78;710.2;0.0;53.0;3.7;0.0;27.28;11.0;104.0
7794;2025-11-21 19:00:00;;3.8;12.3;16.2;34.0;49.0;16.9;710.7;0.0;55.0;5.4;0.0;26.6;9.5;114.0
7795;2025-11-21 20:00:00;;3.9;13.8;17.7;26.0;45.0;14.77;711.2;0.0;55.0;3.9;0.0;26.31;7.1;93.0
7796;2025-11-21 21:00:00;;3.9;11.0;15.0;26.0;37.0;14.75;711.6;0.0;56.0;3.6;0.0;26.06;5.5;102.0
7797;2025-11-21 22:00:00;;5.5;18.1;23.7;16.0;36.0;14.8;711.8;0.0;56.0;3.5;0.0;25.89;6.5;56.0
7798;2025-11-21 23:00:00;;6.2;21.0;27.3;13.0;41.0;15.68;711.9;0.0;57.0;3.0;0.0;25.6;7.7;60.0
7799;2025-11-22 00:00:00;;5.1;14.2;19.4;20.0;45.0;14.2;711.9;0.0;57.0;2.9;0.0;25.33;8.1;49.0
7800;2025-11-22 01:00:00;;5.9;23.3;29.3;9.0;41.0;16.73;712.2;0.0;63.0;5.6;0.0;23.99;9.6;16.0
7801;2025-11-22 02:00:00;;5.0;21.8;26.9;8.0;49.0;14.64;712.2;0.0;67.0;6.0;0.0;23.57;5.3;343.0
7802;2025-11-22 03:00:00;;4.0;14.5;18.6;18.0;43.0;15.91;712.2;0.0;67.0;7.0;0.0;23.46;7.5;348.0
7803;2025-11-22 04:00:00;;3.9;9.6;13.6;28.0;41.0;15.13;712.4;0.0;68.0;4.4;0.0;22.83;8.7;6.0
7804;2025-11-22 05:00:00;;3.8;7.8;11.7;32.0;38.0;14.95;712.6;0.0;70.0;3.4;0.0;22.53;7.0;38.0
7805;2025-11-22 06:00:00;;3.8;11.3;15.2;28.0;36.0;14.1;712.8;0.0;68.0;2.9;0.0;22.58;6.7;60.0
7806;2025-11-22 07:00:00;;4.3;18.2;22.5;17.0;37.0;14.71;713.2;0.0;67.0;2.7;0.0;22.28;6.8;66.0
7807;2025-11-22 08:00:00;;8.6;24.1;32.7;9.0;45.0;14.01;713.7;0.0;68.0;4.1;0.008;21.96;6.6;75.0
7808;2025-11-22 09:00:00;;15.6;23.5;39.2;10.0;41.0;14.04;714.1;0.0;67.0;5.9;0.049;22.04;5.6;54.0
7809;2025-11-22 10:00:00;;12.0;19.9;32.0;15.0;42.0;15.53;714.5;0.0;67.0;4.4;0.12;22.38;6.3;6.0
7810;2025-11-22 11:00:00;;25.2;26.8;52.1;9.0;54.0;18.43;714.5;0.0;68.0;8.1;0.112;22.69;6.9;56.0
7811;2025-11-22 12:00:00;;15.6;23.1;38.8;14.0;62.0;18.59;714.3;0.0;66.0;8.7;0.13;22.97;6.7;31.0
7812;2025-11-22 13:00:00;;20.8;27.8;48.7;14.0;64.0;21.07;713.8;0.0;64.0;15.0;0.18;23.79;7.1;45.0
7813;2025-11-22 14:00:00;;8.3;20.7;29.1;26.0;65.0;21.81;713.2;0.0;66.0;9.9;0.099;23.81;8.5;60.0
7814;2025-11-22 15:00:00;;4.9;13.9;18.9;33.0;59.0;21.39;712.8;0.0;69.0;7.7;0.051;23.69;10.2;66.0
7815;2025-11-22 16:00:00;;4.6;13.6;18.3;29.0;55.0;20.48;712.7;0.0;68.0;5.1;0.033;23.7;6.1;128.0
7816;2025-11-22 17:00:00;;4.1;8.6;12.8;31.0;55.0;18.5;712.7;0.0;69.0;3.8;0.019;23.36;5.7;131.0
7817;2025-11-22 18:00:00;;4.1;10.6;14.8;27.0;42.0;18.93;712.9;0.0;71.0;3.0;0.005;22.98;6.4;117.0
7818;2025-11-22 19:00:00;;4.3;11.2;15.5;26.0;42.0;18.43;712.9;0.0;70.0;2.8;0.0;23.26;7.5;88.0
7819;2025-11-22 20:00:00;;4.3;17.0;21.2;19.0;42.0;18.74;713.4;0.0;69.0;2.6;0.0;23.62;5.6;75.0
7820;2025-11-22 21:00:00;;4.1;13.8;18.0;21.0;43.0;17.44;713.7;0.0;67.0;3.0;0.0;23.96;6.0;88.0
7821;2025-11-22 22:00:00;;4.0;10.1;14.2;24.0;39.0;17.25;713.8;0.0;67.0;3.6;0.0;24.09;8.6;73.0
7822;2025-11-22 23:00:00;;3.9;9.4;13.5;24.0;39.0;17.89;713.7;0.0;68.0;4.1;0.0;23.95;7.0;97.0
7823;2025-11-23 00:00:00;;3.9;6.3;10.3;24.0;41.0;15.71;713.5;0.0;70.0;5.3;0.0;23.5;8.7;68.0
7824;2025-11-23 01:00:00;;4.2;8.6;12.9;17.0;34.0;13.67;713.2;0.0;75.0;4.6;0.0;22.69;6.5;46.0
7825;2025-11-23 02:00:00;;6.0;14.2;20.4;10.0;35.0;14.84;713.0;0.0;78.0;3.6;0.0;21.91;6.2;25.0
7826;2025-11-23 03:00:00;;6.1;13.9;20.2;9.0;41.0;16.77;712.8;0.0;80.0;4.2;0.0;21.55;6.1;44.0
7827;2025-11-23 04:00:00;;3.9;6.4;10.4;14.0;41.0;18.1;712.9;0.0;82.0;3.5;0.0;21.13;6.4;38.0
7828;2025-11-23 05:00:00;;3.9;4.5;8.5;16.0;39.0;14.69;712.8;0.0;83.0;2.8;0.0;21.0;6.0;38.0
7829;2025-11-23 06:00:00;;;4.9;8.9;15.0;32.0;14.08;712.9;0.0;84.0;2.4;0.0;20.89;5.8;38.0
7830;2025-11-23 07:00:00;;4.2;7.0;11.4;13.0;33.0;14.21;713.1;0.0;84.0;2.3;0.0;20.84;6.6;57.0
7831;2025-11-23 08:00:00;;4.9;8.7;13.6;11.0;31.0;13.01;713.3;0.0;84.0;2.3;0.019;20.83;5.4;52.0
7832;2025-11-23 09:00:00;;8.3;10.3;18.6;11.0;30.0;14.09;713.5;0.0;83.0;2.2;0.102;21.28;4.8;39.0
7833;2025-11-23 10:00:00;;8.5;9.8;18.3;14.0;33.0;13.85;713.7;0.0;79.0;2.1;0.178;22.06;5.9;45.0
7834;2025-11-23 11:00:00;;7.3;9.0;16.5;21.0;36.0;14.79;713.5;0.0;71.0;2.4;0.239;23.39;5.5;49.0
7835;2025-11-23 12:00:00;;5.1;6.2;11.5;28.0;32.0;14.55;712.9;0.0;68.0;2.3;0.256;23.54;9.6;62.0
7836;2025-11-23 13:00:00;;5.0;6.0;11.1;29.0;31.0;14.64;712.2;0.0;64.0;2.2;0.233;24.21;9.0;52.0
7837;2025-11-23 14:00:00;;4.3;4.4;8.8;32.0;30.0;14.23;711.6;0.0;58.0;2.2;0.345;25.21;8.4;80.0
7838;2025-11-23 15:00:00;;3.9;3.6;7.6;35.0;29.0;13.86;711.1;0.0;54.0;2.2;0.443;26.29;10.7;121.0
7839;2025-11-23 16:00:00;;3.8;3.7;7.5;34.0;34.0;13.48;710.7;0.0;50.0;2.2;0.305;26.77;12.6;127.0
7840;2025-11-23 17:00:00;;3.7;4.2;8.0;33.0;34.0;13.26;710.6;0.0;53.0;2.1;0.112;26.15;11.2;130.0
7841;2025-11-23 18:00:00;;3.6;4.7;8.4;29.0;30.0;12.8;710.6;0.0;56.0;2.1;0.026;25.51;10.0;131.0
7842;2025-11-23 19:00:00;;3.6;6.4;10.1;25.0;30.0;12.82;710.7;0.0;59.0;2.0;0.0;25.14;7.1;125.0
7843;2025-11-23 20:00:00;;3.7;6.6;10.4;23.0;32.0;12.24;710.7;0.0;59.0;2.1;0.0;24.9;10.1;123.0
7844;2025-11-23 21:00:00;;3.7;5.0;8.8;23.0;29.0;8.28;710.6;0.0;58.0;2.0;0.0;24.51;9.6;135.0
7845;2025-11-23 22:00:00;;;3.7;7.5;24.0;23.0;6.64;710.5;0.0;57.0;2.0;0.0;24.1;10.4;129.0
7846;2025-11-23 23:00:00;;3.6;4.0;7.7;23.0;24.0;6.37;710.3;0.0;59.0;2.0;0.0;23.47;9.7;97.0
7847;2025-11-24 00:00:00;;3.6;4.9;8.6;21.0;22.0;6.78;710.2;0.0;65.0;2.0;0.0;22.63;8.9;61.0
7848;2025-11-24 01:00:00;;3.7;6.6;10.4;17.0;29.0;7.55;709.9;0.0;70.0;1.9;0.0;21.74;6.6;51.0
7849;2025-11-24 02:00:00;;5.8;11.0;17.0;10.0;27.0;8.41;709.6;0.0;75.0;2.0;0.0;20.89;4.2;12.0
7850;2025-11-24 03:00:00;;5.2;11.1;16.4;9.0;28.0;8.18;709.5;0.0;78.0;2.4;0.0;20.36;3.1;352.0
7851;2025-11-24 04:00:00;;4.3;13.8;18.1;7.0;25.0;8.33;709.5;0.0;79.0;2.3;0.0;20.44;3.1;337.0
7852;2025-11-24 05:00:00;;4.3;11.9;16.3;7.0;31.0;8.44;709.2;0.0;80.0;2.3;0.0;20.15;1.9;25.0
7853;2025-11-24 06:00:00;;7.7;14.0;21.8;6.0;27.0;9.85;709.3;0.0;79.0;2.8;0.0;20.12;3.6;258.0
7854;2025-11-24 07:00:00;;25.4;15.5;41.0;5.0;32.0;14.02;709.6;0.0;76.0;2.9;0.0;20.04;4.6;216.0
7855;2025-11-24 08:00:00;0.1;32.3;15.2;47.6;5.0;42.0;14.51;709.9;0.0;75.0;3.0;0.015;19.99;6.5;227.0
7856;2025-11-24 09:00:00;0.28;41.3;17.2;58.6;6.0;50.0;16.86;710.1;0.0;73.0;3.1;0.077;20.68;5.7;209.0
7857;2025-11-24 10:00:00;0.13;25.7;17.6;43.4;11.0;54.0;16.87;710.2;0.0;65.0;3.0;0.251;23.71;4.1;324.0
7858;2025-11-24 11:00:00;0.29;24.4;24.2;48.7;15.0;53.0;17.54;710.2;0.0;60.0;3.1;0.433;25.22;5.1;86.0
7859;2025-11-24 12:00:00;0.33;29.6;35.3;65.0;19.0;55.0;21.31;709.9;0.0;55.0;5.0;0.52;26.35;6.0;76.0
7860;2025-11-24 13:00:00;0.21;15.4;32.3;47.8;34.0;64.0;20.53;709.3;0.0;51.0;6.4;0.553;27.25;7.9;65.0
7861;2025-11-24 14:00:00;;8.7;26.3;35.1;53.0;68.0;18.74;708.7;0.0;47.0;6.2;0.525;28.23;7.9;85.0
7862;2025-11-24 15:00:00;;5.8;17.2;23.1;61.0;69.0;16.19;708.4;0.0;44.0;5.8;0.432;28.94;7.7;58.0
7863;2025-11-24 16:00:00;;4.6;13.7;18.3;64.0;56.0;15.93;708.4;0.0;45.0;4.6;0.279;28.71;10.1;83.0
7864;2025-11-24 17:00:00;;4.3;17.9;22.3;70.0;52.0;17.49;708.4;0.0;49.0;4.1;0.107;27.78;12.6;66.0
7865;2025-11-24 18:00:00;;3.9;16.0;19.9;49.0;59.0;16.09;708.9;0.0;52.0;4.6;0.02;26.97;9.3;88.0
7866;2025-11-24 19:00:00;;4.3;13.9;18.3;34.0;49.0;13.43;709.3;0.0;53.0;4.3;0.0;26.24;9.2;90.0
7867;2025-11-24 20:00:00;;4.9;18.0;23.0;20.0;41.0;11.95;709.7;0.0;55.0;4.1;0.0;25.57;7.5;65.0
7868;2025-11-24 21:00:00;;11.7;23.5;35.2;8.0;38.0;12.01;710.0;0.0;56.0;5.1;0.0;24.93;6.4;37.0
7869;2025-11-24 22:00:00;;11.2;23.3;34.5;8.0;38.0;12.35;710.2;0.0;57.0;4.2;0.0;24.41;6.4;18.0
7870;2025-11-24 23:00:00;;7.9;23.2;31.3;8.0;45.0;10.51;710.2;0.0;57.0;3.7;0.0;24.22;4.5;36.0
7871;2025-11-25 00:00:00;;5.0;17.3;22.4;15.0;37.0;11.48;710.1;0.0;59.0;3.7;0.0;24.03;3.8;50.0
7872;2025-11-25 01:00:00;;4.0;6.6;10.8;28.0;37.0;11.28;709.9;0.0;61.0;4.1;0.0;23.83;6.0;108.0
7873;2025-11-25 02:00:00;;4.0;8.2;12.3;25.0;32.0;11.22;709.9;0.0;62.0;3.6;0.0;23.53;5.9;62.0
7874;2025-11-25 03:00:00;;5.8;22.9;28.8;9.0;32.0;11.86;710.0;0.0;59.0;4.1;0.0;23.28;6.7;3.0
7875;2025-11-25 04:00:00;;4.2;15.3;19.6;15.0;39.0;10.73;710.1;0.0;62.0;4.2;0.0;22.91;4.9;6.0
7876;2025-11-25 05:00:00;;3.9;3.3;7.4;29.0;35.0;9.51;710.3;0.0;62.0;3.8;0.0;22.92;5.8;69.0
7877;2025-11-25 06:00:00;0.42;5.4;19.7;25.2;12.0;26.0;11.45;710.5;0.0;63.0;5.0;0.0;22.57;6.6;10.0
7878;2025-11-25 07:00:00;;5.0;16.8;21.9;16.0;35.0;10.08;710.8;0.0;63.0;4.6;0.0;22.36;6.4;23.0
7879;2025-11-25 08:00:00;0.13;6.3;18.3;24.6;16.0;32.0;10.35;711.2;0.0;63.0;4.7;0.004;22.49;5.3;31.0
7880;2025-11-25 09:00:00;0.13;8.4;20.4;29.0;15.0;32.0;10.11;711.6;0.0;61.0;4.3;0.053;22.85;5.0;10.0
7881;2025-11-25 10:00:00;0.23;7.9;16.4;24.4;22.0;38.0;10.75;712.0;0.0;59.0;4.6;0.117;23.58;7.1;30.0
7882;2025-11-25 11:00:00;;6.7;11.4;18.3;29.0;42.0;9.97;712.3;0.0;57.0;4.4;0.205;24.22;7.2;28.0
7883;2025-11-25 12:00:00;;5.8;9.6;15.5;37.0;33.0;9.69;712.0;0.0;52.0;4.1;0.308;25.64;4.4;50.0
7884;2025-11-25 13:00:00;;6.3;12.1;18.4;42.0;32.0;11.39;711.4;0.0;48.0;3.9;0.452;26.74;6.4;45.0
7885;2025-11-25 14:00:00;;6.4;14.3;20.7;45.0;40.0;11.62;710.7;0.0;47.0;4.3;0.366;27.06;7.6;67.0
7886;2025-11-25 15:00:00;;5.0;12.2;17.3;48.0;35.0;11.2;710.5;0.0;47.0;3.6;0.246;27.12;8.8;73.0
7887;2025-11-25 16:00:00;;4.4;10.1;14.6;53.0;39.0;11.42;710.5;0.0;49.0;3.0;0.242;26.72;9.3;120.0
7888;2025-11-25 17:00:00;;4.2;10.1;14.4;48.0;41.0;11.72;710.7;0.0;52.0;2.9;0.09;25.98;9.1;130.0
7889;2025-11-25 18:00:00;;4.1;12.5;16.6;43.0;41.0;11.99;711.0;0.0;55.0;2.7;0.011;25.18;8.2;125.0
7890;2025-11-25 19:00:00;;4.0;14.7;18.7;38.0;39.0;12.06;711.4;0.0;58.0;2.9;0.0;24.68;8.8;122.0
7891;2025-11-25 20:00:00;;4.0;14.5;18.5;34.0;41.0;12.5;712.0;0.0;59.0;3.4;0.0;24.42;5.8;99.0
7892;2025-11-25 21:00:00;;4.1;13.5;17.8;22.0;34.0;10.64;712.5;0.0;62.0;3.0;0.0;24.38;8.4;81.0
7893;2025-11-25 22:00:00;;4.2;11.2;15.5;20.0;33.0;11.77;712.9;0.0;69.0;2.5;0.0;22.85;4.5;145.0
7894;2025-11-25 23:00:00;;4.6;13.6;18.3;10.0;40.0;9.21;713.0;0.0;78.0;2.2;0.0;21.61;2.7;249.0
7895;2025-11-26 00:00:00;;7.8;15.6;23.5;6.0;28.0;9.57;713.1;0.0;80.0;2.0;0.0;21.85;1.8;226.0
7896;2025-11-26 01:00:00;;11.8;16.6;28.5;8.0;27.0;9.5;713.3;0.0;77.0;2.2;0.0;22.41;4.2;101.0
7897;2025-11-26 02:00:00;;4.4;11.3;15.8;20.0;28.0;9.46;713.5;0.0;70.0;2.2;0.0;22.27;6.2;45.0
7898;2025-11-26 03:00:00;;4.3;13.3;17.6;15.0;27.0;9.26;713.6;0.0;74.0;2.2;0.0;21.74;5.5;46.0
7899;2025-11-26 04:00:00;;6.4;16.3;22.9;12.0;29.0;7.98;713.9;0.0;80.0;2.4;0.0;20.37;6.7;38.0
7900;2025-11-26 05:00:00;;4.2;10.2;14.5;19.0;25.0;7.26;714.3;0.0;84.0;2.3;0.0;19.25;6.6;343.0
7901;2025-11-26 06:00:00;;4.0;5.3;9.5;30.0;25.0;4.43;714.7;0.0;86.0;2.2;0.0;17.88;4.3;305.0
7902;2025-11-26 07:00:00;;5.2;10.9;16.2;22.0;18.0;3.99;715.4;0.0;86.0;2.1;0.0;17.9;1.8;184.0
7903;2025-11-26 08:00:00;;11.4;20.7;32.3;9.0;15.0;5.43;715.5;0.0;87.0;2.1;0.024;18.32;2.9;255.0
7904;2025-11-26 09:00:00;0.06;16.2;19.9;36.3;11.0;20.0;5.98;715.8;0.0;85.0;2.2;0.087;19.54;4.5;295.0
7905;2025-11-26 10:00:00;;10.0;14.6;24.7;22.0;24.0;5.19;716.6;0.0;76.0;2.1;0.225;21.85;4.3;325.0
7906;2025-11-26 11:00:00;;9.2;12.0;21.2;21.0;22.0;6.65;717.2;0.0;70.0;2.2;0.212;21.1;14.1;9.0
7907;2025-11-26 12:00:00;;6.3;7.5;14.0;25.0;16.0;;717.4;0.0;71.0;2.2;0.178;19.3;16.1;17.0
7908;2025-11-26 13:00:00;;6.1;9.8;16.0;28.0;;;717.3;0.0;69.0;2.0;0.064;18.76;14.2;18.0
7909;2025-11-26 14:00:00;;6.9;13.4;20.5;23.0;26.0;;717.1;0.0;71.0;2.0;0.054;17.87;10.8;39.0
7910;2025-11-26 15:00:00;;8.2;17.8;26.1;17.0;25.0;;717.2;0.0;73.0;2.3;0.039;17.26;9.1;54.0
7911;2025-11-26 16:00:00;;8.7;20.4;29.3;14.0;31.0;5.62;717.2;0.0;77.0;2.3;0.034;16.39;8.7;58.0
7912;2025-11-26 17:00:00;;11.7;26.1;37.8;8.0;26.0;7.04;717.3;0.0;79.0;2.4;0.01;15.89;6.9;91.0
7913;2025-11-26 18:00:00;;12.2;26.8;39.0;6.0;28.0;7.24;717.6;0.0;83.0;2.3;0.005;15.17;6.6;90.0
7914;2025-11-26 19:00:00;;13.8;26.7;40.6;6.0;22.0;8.17;717.8;0.0;85.0;2.4;0.0;14.85;5.9;63.0
7915;2025-11-26 20:00:00;;8.5;23.4;32.0;9.0;17.0;7.89;718.0;0.0;86.0;2.2;0.0;14.55;7.2;21.0
7916;2025-11-26 21:00:00;;5.7;20.9;26.7;12.0;23.0;8.06;718.0;0.0;86.0;2.1;0.0;14.42;7.6;36.0
7917;2025-11-26 22:00:00;;7.4;24.6;32.0;9.0;26.0;11.93;718.0;0.0;87.0;2.1;0.0;14.22;6.4;32.0
7918;2025-11-26 23:00:00;;14.0;27.9;41.9;7.0;32.0;14.33;718.0;0.0;87.0;3.2;0.0;14.55;7.3;23.0
7919;2025-11-27 00:00:00;;4.6;8.4;13.1;34.0;31.0;7.48;718.0;0.0;87.0;3.5;0.0;14.47;7.1;58.0
7920;2025-11-27 01:00:00;;4.1;5.1;9.3;38.0;23.0;6.29;717.6;0.0;86.0;2.9;0.0;14.65;7.5;61.0
7921;2025-11-27 02:00:00;;4.0;5.2;9.3;36.0;24.0;6.71;717.4;0.0;83.0;3.0;0.0;14.91;5.9;51.0
7922;2025-11-27 03:00:00;;4.4;15.8;20.3;22.0;19.0;7.66;717.4;0.0;84.0;3.4;0.0;14.9;6.6;29.0
7923;2025-11-27 04:00:00;;3.8;5.2;9.1;33.0;24.0;5.09;717.4;0.0;86.0;2.6;0.0;14.37;6.3;33.0
7924;2025-11-27 05:00:00;;3.8;4.7;8.7;34.0;18.0;4.65;717.6;0.0;87.0;2.9;0.0;14.14;7.7;45.0
7925;2025-11-27 06:00:00;;3.9;6.4;10.4;33.0;16.0;5.9;717.9;0.0;88.0;3.1;0.0;13.91;8.2;40.0
7926;2025-11-27 07:00:00;;4.6;13.8;18.5;24.0;16.0;7.18;718.4;0.0;89.0;2.6;0.0;13.9;5.1;37.0
7927;2025-11-27 08:00:00;;6.4;21.3;27.9;15.0;22.0;7.94;718.8;0.0;90.0;2.5;0.004;13.92;4.9;43.0
7928;2025-11-27 09:00:00;;13.1;23.9;37.1;11.0;20.0;10.2;719.2;0.0;90.0;3.0;0.026;14.09;3.1;54.0
7929;2025-11-27 10:00:00;;27.5;27.1;54.6;8.0;23.0;15.95;719.5;0.0;90.0;3.9;0.056;14.44;2.8;48.0
7930;2025-11-27 11:00:00;;18.9;26.1;45.0;10.0;35.0;16.49;719.5;0.0;90.0;3.8;0.069;14.71;3.2;43.0
7931;2025-11-27 12:00:00;;9.0;21.3;30.4;18.0;32.0;12.06;719.2;0.0;90.0;2.8;0.068;14.85;4.8;58.0
7932;2025-11-27 13:00:00;;9.2;19.9;29.2;19.0;26.0;12.39;718.5;0.0;90.0;2.6;0.098;15.12;7.6;61.0
7933;2025-11-27 14:00:00;;9.1;18.5;27.8;20.0;29.0;13.59;717.8;0.0;89.0;2.5;0.116;15.6;7.7;49.0
7934;2025-11-27 15:00:00;;8.6;18.7;27.3;20.0;29.0;11.12;717.6;0.0;87.0;2.6;0.052;15.79;9.5;44.0
7935;2025-11-27 16:00:00;;10.1;21.1;31.3;17.0;27.0;10.03;717.6;0.0;87.0;2.8;0.047;15.76;8.7;46.0
7936;2025-11-27 17:00:00;;7.1;21.9;29.2;17.0;22.0;10.98;717.8;0.0;87.0;2.8;0.022;15.71;10.3;56.0
7937;2025-11-27 18:00:00;;7.9;24.9;32.9;11.0;27.0;12.12;718.0;0.0;87.0;3.3;0.005;15.56;8.3;46.0
7938;2025-11-27 19:00:00;;7.7;23.5;31.2;9.0;35.0;12.46;718.3;0.0;88.0;3.0;0.0;15.48;7.6;42.0
7939;2025-11-27 20:00:00;;6.7;21.5;28.3;9.0;28.0;11.97;718.5;0.0;88.0;2.6;0.0;15.35;7.3;40.0
7940;2025-11-27 21:00:00;;6.4;20.7;27.2;9.0;25.0;8.1;718.6;0.0;89.0;2.3;0.0;15.37;7.2;33.0
7941;2025-11-27 22:00:00;;5.1;16.9;22.1;12.0;18.0;6.39;718.6;0.0;89.0;2.1;0.0;15.34;8.1;34.0
7942;2025-11-27 23:00:00;;5.1;17.1;22.3;13.0;18.0;3.89;718.4;0.0;90.0;2.0;0.0;15.47;4.5;15.0
7943;2025-11-28 00:00:00;;4.2;9.0;13.3;29.0;15.0;2.35;718.0;0.0;90.0;2.1;0.0;15.82;6.8;34.0
7944;2025-11-28 01:00:00;;4.1;7.5;11.7;26.0;12.0;3.03;717.6;0.0;90.0;2.1;0.0;15.69;5.8;41.0
7945;2025-11-28 02:00:00;;4.0;6.0;10.1;27.0;14.0;3.4;717.2;0.0;90.0;2.1;0.0;15.62;8.6;44.0
7946;2025-11-28 03:00:00;;3.9;6.1;10.2;25.0;13.0;4.76;717.1;0.0;90.0;2.2;0.0;15.49;6.6;41.0
7947;2025-11-28 04:00:00;;4.0;5.8;9.9;26.0;13.0;3.94;716.8;0.0;90.0;2.1;0.0;15.44;7.8;34.0
7948;2025-11-28 05:00:00;;3.9;4.9;9.0;27.0;15.0;3.62;716.8;0.0;91.0;1.9;0.0;15.55;7.8;35.0
7949;2025-11-28 06:00:00;;4.0;8.7;12.8;23.0;15.0;2.99;716.7;0.0;91.0;2.0;0.0;15.6;6.5;34.0
7950;2025-11-28 07:00:00;;4.9;14.3;19.2;18.0;15.0;6.21;716.9;0.0;91.0;2.1;0.0;15.58;7.3;41.0
7951;2025-11-28 08:00:00;;6.0;18.3;24.4;14.0;20.0;8.71;717.0;0.0;91.0;2.2;0.002;15.43;6.9;48.0
7952;2025-11-28 09:00:00;;7.4;18.6;26.2;13.0;23.0;8.81;717.1;0.0;91.0;2.5;0.013;15.43;6.3;38.0
7953;2025-11-28 10:00:00;;8.5;19.0;27.7;13.0;20.0;9.24;717.1;0.0;91.0;2.6;0.028;15.65;6.0;48.0
7954;2025-11-28 11:00:00;;10.3;19.4;29.8;11.0;23.0;10.5;717.0;0.0;91.0;2.4;0.035;15.93;4.7;51.0
7955;2025-11-28 12:00:00;;10.1;19.1;29.3;13.0;25.0;8.22;716.5;0.0;;2.2;0.049;16.24;5.2;24.0
7956;2025-11-28 13:00:00;;26.8;25.0;51.8;8.0;22.0;9.63;715.6;0.0;;2.6;0.072;16.71;3.1;344.0
7957;2025-11-28 14:00:00;;31.0;28.3;59.2;6.0;32.0;11.8;714.7;0.0;;2.8;0.052;16.9;3.0;316.0
7958;2025-11-28 15:00:00;0.05;19.4;26.3;45.8;11.0;31.0;7.87;714.0;0.0;;2.5;0.08;17.2;2.4;23.0
7959;2025-11-28 16:00:00;;11.2;22.7;33.9;14.0;25.0;5.61;713.6;0.0;;2.2;0.051;17.46;4.8;34.0
7960;2025-11-28 17:00:00;;8.2;21.6;29.9;14.0;24.0;5.38;713.4;0.0;90.0;2.1;0.019;17.69;4.4;56.0
7961;2025-11-28 18:00:00;;7.5;20.6;28.2;14.0;22.0;4.88;713.6;0.0;89.0;2.1;0.004;17.95;5.1;65.0
7962;2025-11-28 19:00:00;;5.0;14.6;19.7;21.0;24.0;4.47;713.5;0.0;86.0;2.0;0.0;18.2;6.6;92.0
7963;2025-11-28 20:00:00;;4.6;12.3;17.0;23.0;21.0;4.52;713.4;0.0;82.0;1.9;0.0;18.38;6.8;81.0
7964;2025-11-28 21:00:00;;5.2;17.6;22.9;16.0;26.0;5.1;713.3;0.0;82.0;1.9;0.0;18.22;5.7;45.0
7965;2025-11-28 22:00:00;;6.7;22.9;29.6;10.0;21.0;5.38;713.1;0.0;83.0;2.1;0.0;17.99;5.1;14.0
7966;2025-11-28 23:00:00;;5.3;15.1;20.4;19.0;21.0;4.74;712.9;0.0;83.0;2.0;0.0;17.6;5.5;40.0
7967;2025-11-29 00:00:00;;4.2;10.0;14.3;23.0;21.0;3.7;712.7;0.0;85.0;1.9;0.0;17.03;3.9;35.0
7968;2025-11-29 01:00:00;;4.3;9.6;14.0;23.0;19.0;4.13;712.3;0.0;86.0;1.9;0.0;16.91;3.5;38.0
7969;2025-11-29 02:00:00;;4.2;7.3;11.5;26.0;18.0;5.55;711.8;0.0;87.0;1.9;0.0;16.82;2.6;359.0
7970;2025-11-29 03:00:00;;4.3;13.7;18.1;18.0;20.0;7.42;711.5;0.0;87.0;1.9;0.0;16.81;3.2;326.0
7971;2025-11-29 04:00:00;;4.2;10.4;14.7;21.0;24.0;7.76;711.0;0.0;87.0;1.9;0.0;16.79;2.1;337.0
7972;2025-11-29 05:00:00;;4.2;12.7;17.0;19.0;26.0;8.94;711.0;0.0;87.0;1.9;0.0;16.76;1.9;7.0
7973;2025-11-29 06:00:00;;4.4;11.8;16.2;17.0;29.0;10.51;711.0;0.0;86.0;1.9;0.0;16.89;2.4;290.0
7974;2025-11-29 07:00:00;;4.5;11.7;16.3;16.0;25.0;11.29;711.1;0.0;86.0;1.9;0.0;16.96;2.9;275.0
7975;2025-11-29 08:00:00;;6.8;16.2;23.1;10.0;28.0;11.97;711.6;0.0;85.0;;0.018;17.02;2.5;319.0
7976;2025-11-29 09:00:00;;12.3;17.7;30.1;10.0;34.0;13.28;712.0;0.0;84.0;2.0;0.1;17.59;2.9;318.0
7977;2025-11-29 10:00:00;;10.9;15.3;26.4;13.0;34.0;15.02;712.0;0.0;80.0;2.0;0.123;18.29;2.4;320.0
7978;2025-11-29 11:00:00;;15.5;17.7;33.3;15.0;41.0;16.6;712.2;0.0;75.0;2.0;0.224;19.39;3.9;56.0
7979;2025-11-29 12:00:00;;19.6;21.6;41.3;17.0;45.0;17.98;711.9;0.0;71.0;2.5;0.318;20.21;5.1;67.0
7980;2025-11-29 13:00:00;0.12;31.4;29.6;61.1;13.0;49.0;20.87;711.3;0.0;67.0;4.5;0.296;21.23;5.3;77.0
7981;2025-11-29 14:00:00;;19.4;28.9;48.3;29.0;63.0;19.33;710.6;0.0;62.0;5.3;0.52;22.85;5.7;50.0
7982;2025-11-29 15:00:00;;;;;31.667;60.333;27.777;;;;;0.0;;;
7983;2025-11-29 16:00:00;;;;;41.0;68.333;29.22;;;;;0.0;;;
7984;2025-11-29 17:00:00;0.16;15.4;4.3;19.8;20.0;6.0;;;0.0;35.0;1.8;0.042;13.3;5.3;49.0
7985;2025-11-29 18:00:00;0.18;4.8;20.3;25.2;35.0;;;710.6;0.0;66.0;2.3;0.014;22.48;8.8;48.0
7986;2025-11-29 19:00:00;0.25;4.2;25.7;30.0;27.0;44.0;;711.1;0.0;69.0;2.0;0.0;21.64;6.9;45.0
7987;2025-11-29 20:00:00;0.06;5.9;27.2;33.1;12.0;50.0;;711.7;0.0;71.0;2.3;0.0;20.57;3.7;350.0
7988;2025-11-29 21:00:00;0.35;16.7;26.2;42.9;5.0;46.0;;712.0;0.0;77.0;2.2;0.0;19.23;2.1;235.0
7989;2025-11-29 22:00:00;0.49;22.5;25.7;48.2;5.0;51.0;;712.2;0.0;79.0;2.1;0.0;18.71;1.8;232.0
7990;2025-11-29 23:00:00;0.58;29.8;25.3;55.1;5.0;46.0;;712.3;0.0;80.0;2.3;0.0;18.61;1.8;216.0
7991;2025-11-30 00:00:00;0.46;11.9;21.5;33.6;;47.0;;712.3;0.0;81.0;2.1;0.0;18.3;1.8;163.0
7992;2025-11-30 01:00:00;0.38;12.9;19.1;32.2;;42.0;;712.3;0.0;83.0;2.1;0.0;17.84;;249.0
7993;2025-11-30 02:00:00;0.55;26.1;19.7;45.8;;36.0;;712.3;0.0;83.0;2.0;0.0;18.31;;284.0
7994;2025-11-30 03:00:00;0.39;13.4;19.3;32.8;;43.0;;712.2;0.0;82.0;2.1;0.0;18.44;;238.0
7995;2025-11-30 04:00:00;0.41;17.5;20.9;38.5;;36.0;;712.1;0.0;82.0;2.1;0.0;17.84;2.7;190.0
7996;2025-11-30 05:00:00;0.15;7.8;18.6;26.5;7.0;51.0;;712.1;0.0;81.0;2.2;0.0;17.6;2.7;270.0
7997;2025-11-30 06:00:00;;4.8;15.7;20.6;9.0;49.0;;712.4;0.0;79.0;2.2;0.0;18.15;2.2;212.0
7998;2025-11-30 07:00:00;0.08;10.9;16.8;27.7;6.0;41.0;;712.9;0.0;78.0;2.1;0.0;18.34;2.6;176.0
7999;2025-11-30 08:00:00;0.18;12.2;21.4;33.7;10.0;43.0;;713.5;0.0;78.0;2.4;0.003;18.75;5.3;91.0
8000;2025-11-30 09:00:00;;5.1;14.8;19.9;19.0;39.0;;714.1;0.0;76.0;2.5;0.015;19.12;7.2;69.0
8001;2025-11-30 10:00:00;;6.3;12.4;18.7;20.0;28.0;;714.6;0.0;75.0;2.3;0.046;18.92;7.2;43.0
8002;2025-11-30 11:00:00;;5.2;7.2;12.5;24.0;31.0;;714.8;0.0;77.0;2.2;0.06;18.34;9.1;33.0
8003;2025-11-30 12:00:00;;5.3;7.2;12.6;21.0;27.0;;714.6;0.0;79.0;2.1;0.044;17.45;10.3;38.0
8004;2025-11-30 13:00:00;;5.8;7.1;13.0;18.0;28.0;;714.1;0.0;77.0;2.2;0.059;16.3;11.8;43.0
8005;2025-11-30 14:00:00;;6.4;8.5;14.9;16.0;25.0;;713.5;0.0;76.0;2.4;0.049;15.33;10.8;51.0
8006;2025-11-30 15:00:00;;6.4;9.8;16.2;14.0;27.0;;713.4;0.0;78.0;2.4;0.027;14.21;9.9;56.0
8007;2025-11-30 16:00:00;;8.3;12.2;20.6;10.0;24.0;;713.6;0.0;82.0;2.1;0.02;13.21;8.5;51.0
8008;2025-11-30 17:00:00;;9.7;12.7;22.5;9.0;23.0;;714.1;0.0;85.0;2.1;0.015;12.14;7.7;71.0
8009;2025-11-30 18:00:00;;7.1;11.7;18.9;10.0;24.0;;714.6;0.0;87.0;2.0;0.003;11.42;7.3;63.0
8010;2025-11-30 19:00:00;;7.2;12.5;19.8;10.0;20.0;;714.9;0.0;88.0;2.0;0.0;10.96;7.5;45.0
8011;2025-11-30 20:00:00;;6.3;11.6;18.0;12.0;23.0;;715.3;0.0;90.0;2.0;0.0;10.33;9.0;64.0
8012;2025-11-30 21:00:00;;5.1;9.2;14.4;16.0;20.0;;715.6;0.0;89.0;1.9;0.0;10.1;10.0;48.0
8013;2025-11-30 22:00:00;;4.8;9.0;13.9;16.0;22.0;;715.9;0.0;89.0;2.0;0.0;9.85;7.8;40.0
8014;2025-11-30 23:00:00;;4.8;9.9;14.8;15.0;20.0;;715.7;0.0;89.0;2.1;0.0;9.91;5.6;49.0
8015;2025-12-01 00:00:00;;;;;;;;;;;;0.0;;;
8016;2025-12-01 01:00:00;;4.6;10.2;14.9;14.0;27.0;;714.9;0.0;88.0;2.0;0.0;9.99;4.3;41.0
8017;2025-12-01 02:00:00;;4.5;7.4;12.0;18.0;27.0;;714.8;0.0;86.0;2.0;0.0;9.69;4.4;31.0
8018;2025-12-01 03:00:00;;4.5;11.3;15.8;12.0;25.0;;714.4;0.0;86.0;1.9;0.0;9.35;2.8;74.0
8019;2025-12-01 04:00:00;;4.6;12.8;17.5;9.0;23.0;;714.1;0.0;88.0;2.0;0.0;9.33;2.2;106.0
8020;2025-12-01 05:00:00;;6.5;12.8;19.3;8.0;18.0;;713.8;0.0;90.0;2.0;0.0;9.34;5.0;82.0
8021;2025-12-01 06:00:00;;30.7;16.1;46.8;5.0;20.0;;713.7;0.0;90.0;3.1;0.0;8.92;5.1;65.0
8022;2025-12-01 07:00:00;;9.8;15.4;25.4;6.0;42.0;;713.7;0.0;91.0;2.5;0.0;8.73;6.0;51.0
8023;2025-12-01 08:00:00;;20.7;15.7;36.5;5.0;20.0;;713.7;0.0;91.0;2.4;0.003;8.74;5.0;56.0
8024;2025-12-01 09:00:00;;49.9;16.8;66.9;5.0;25.0;;714.0;0.0;91.0;3.2;0.017;8.9;3.8;6.0
8025;2025-12-01 10:00:00;;48.6;17.3;66.1;6.0;48.0;;714.1;0.0;91.0;3.1;0.04;9.11;1.9;352.0
8026;2025-12-01 11:00:00;;39.1;17.4;56.6;7.0;56.0;;713.7;0.0;91.0;2.7;0.164;9.97;1.7;338.0
8027;2025-12-01 12:00:00;;35.5;18.1;53.7;9.0;44.0;22.17;713.0;0.0;89.0;2.8;0.279;11.66;2.6;13.0
8028;2025-12-01 13:00:00;;36.3;21.3;57.7;11.0;46.0;20.48;712.0;0.0;86.0;2.6;0.325;13.29;3.8;358.0
8029;2025-12-01 14:00:00;;31.7;24.6;56.2;12.0;43.0;21.37;711.2;0.0;77.0;2.6;0.278;14.71;3.3;23.0
8030;2025-12-01 15:00:00;;29.1;28.9;57.9;11.0;41.0;20.52;710.8;0.0;70.0;2.5;0.144;15.12;3.2;33.0
8031;2025-12-01 16:00:00;;33.0;29.3;62.4;9.0;48.0;21.67;710.5;0.0;68.0;2.5;0.115;15.53;2.5;17.0
8032;2025-12-01 17:00:00;0.4;45.0;37.8;82.9;7.0;48.0;21.73;710.4;0.0;68.0;2.7;0.059;15.4;5.0;68.0
8033;2025-12-01 18:00:00;0.54;57.5;37.3;95.0;6.0;76.0;27.59;710.9;0.0;75.0;2.9;0.012;13.84;7.2;70.0
8034;2025-12-01 19:00:00;0.27;44.9;29.1;74.0;5.0;87.0;35.37;711.4;0.0;80.0;2.7;0.0;13.07;6.4;72.0
8035;2025-12-01 20:00:00;0.18;41.4;24.7;66.2;5.0;71.0;30.43;711.8;0.0;82.0;2.6;0.0;12.76;2.5;70.0
8036;2025-12-01 21:00:00;0.18;59.1;24.7;83.9;5.0;58.0;25.49;712.2;0.0;82.0;3.6;0.0;12.81;2.6;45.0
8037;2025-12-01 22:00:00;;54.7;21.2;76.2;;63.0;26.13;712.6;0.0;82.0;4.7;0.0;12.62;1.9;70.0
8038;2025-12-01 23:00:00;0.05;42.7;20.5;63.4;;56.0;23.41;713.0;0.0;83.0;4.1;0.0;12.58;2.3;41.0
8039;2025-12-02 00:00:00;;48.0;21.7;69.8;;59.0;22.47;713.4;0.0;84.0;6.0;0.0;12.42;7.1;51.0
8040;2025-12-02 01:00:00;;22.5;20.7;43.3;;83.0;29.46;713.8;0.0;85.0;9.1;0.0;11.95;7.8;69.0
8041;2025-12-02 02:00:00;;6.4;12.1;18.6;8.0;68.0;12.74;714.2;0.0;84.0;6.3;0.0;11.04;7.7;54.0
8042;2025-12-02 03:00:00;;7.1;14.4;21.5;7.0;34.0;7.82;714.5;0.0;76.0;5.1;0.0;11.25;7.4;81.0
8043;2025-12-02 04:00:00;;8.0;14.9;23.0;7.0;29.0;7.22;714.6;0.0;70.0;6.6;0.0;11.02;6.4;113.0
8044;2025-12-02 05:00:00;;5.8;14.1;19.9;9.0;25.0;6.86;714.9;0.0;68.0;4.5;0.0;10.59;5.7;38.0
8045;2025-12-02 06:00:00;;9.4;18.3;27.9;5.0;26.0;8.01;715.0;0.0;68.0;3.7;0.0;10.4;4.4;73.0
8046;2025-12-02 07:00:00;;16.4;19.1;35.7;5.0;34.0;8.47;715.3;0.0;67.0;4.3;0.0;10.36;6.0;93.0
8047;2025-12-02 08:00:00;;24.5;19.3;43.8;5.0;36.0;9.38;715.8;0.0;66.0;4.7;0.003;10.18;7.0;96.0
8048;2025-12-02 09:00:00;;31.8;19.4;51.3;6.0;39.0;10.07;716.1;0.0;65.0;5.3;0.045;10.42;5.9;80.0
8049;2025-12-02 10:00:00;;43.3;20.7;64.1;7.0;36.0;10.98;716.1;0.0;63.0;6.2;0.109;11.11;5.2;51.0
8050;2025-12-02 11:00:00;;44.0;21.4;65.6;9.0;47.0;15.11;715.9;0.0;60.0;6.6;0.313;12.05;7.1;15.0
8051;2025-12-02 12:00:00;;40.9;23.1;64.1;10.0;68.0;16.55;715.2;0.0;58.0;7.9;0.27;12.64;6.7;31.0
8052;2025-12-02 13:00:00;;36.7;24.5;61.2;11.0;67.0;17.96;714.2;0.0;56.0;7.7;0.295;13.45;5.8;40.0
8053;2025-12-02 14:00:00;;28.4;27.5;55.9;11.0;63.0;19.53;713.2;0.0;57.0;6.6;0.167;13.6;5.5;63.0
8054;2025-12-02 15:00:00;;25.3;28.4;53.6;10.0;66.0;18.65;712.6;0.0;59.0;6.6;0.103;13.41;6.2;65.0
8055;2025-12-02 16:00:00;;23.7;29.0;52.7;10.0;60.0;18.8;712.2;0.0;59.0;5.3;0.113;13.63;6.7;68.0
8056;2025-12-02 17:00:00;;19.9;29.8;49.7;9.0;62.0;18.2;712.2;0.0;62.0;3.9;0.057;13.26;7.7;63.0
8057;2025-12-02 18:00:00;;18.7;27.1;45.8;6.0;60.0;15.83;712.1;0.0;68.0;3.7;0.014;12.68;7.9;63.0
8058;2025-12-02 19:00:00;;19.1;22.1;41.4;5.0;51.0;13.27;712.2;0.0;73.0;3.2;0.0;12.21;8.2;46.0
8059;2025-12-02 20:00:00;;23.4;20.3;43.8;5.0;42.0;12.6;712.6;0.0;75.0;3.2;0.0;11.65;6.4;31.0
8060;2025-12-02 21:00:00;;25.2;19.4;44.7;5.0;43.0;13.91;712.7;0.0;76.0;3.3;0.0;11.14;6.1;24.0
8061;2025-12-02 22:00:00;;22.4;19.1;41.5;;37.0;12.84;712.8;0.0;77.0;3.5;0.0;10.61;5.3;35.0
8062;2025-12-02 23:00:00;;24.2;19.3;43.6;;34.0;13.16;712.7;0.0;76.0;3.6;0.0;10.45;3.8;35.0
8063;2025-12-03 00:00:00;;25.9;18.6;44.6;;40.0;12.98;712.4;0.0;76.0;3.4;0.0;10.42;3.9;27.0
8064;2025-12-03 01:00:00;;16.7;17.7;34.5;;38.0;12.86;712.0;0.0;77.0;3.0;0.0;10.04;3.6;23.0
8065;2025-12-03 02:00:00;;12.4;17.6;30.1;;37.0;12.95;711.7;0.0;78.0;3.2;0.0;9.86;4.5;4.0
8066;2025-12-03 03:00:00;;17.4;19.8;37.3;;42.0;14.97;711.4;0.0;77.0;3.1;0.0;9.72;3.1;13.0
8067;2025-12-03 04:00:00;;17.3;19.8;37.3;;46.0;14.61;711.0;0.0;76.0;2.9;0.0;9.5;2.7;4.0
8068;2025-12-03 05:00:00;;19.7;18.1;38.0;;41.0;13.19;710.8;0.0;77.0;2.8;0.0;9.25;2.0;258.0
8069;2025-12-03 06:00:00;;19.5;16.9;36.6;;34.0;12.23;710.6;0.0;77.0;2.5;0.0;9.54;1.9;290.0
8070;2025-12-03 07:00:00;;38.8;16.8;55.7;;34.0;13.38;710.8;0.0;77.0;2.8;0.0;9.78;2.2;357.0
8071;2025-12-03 08:00:00;0.2;59.7;17.8;77.7;;41.0;16.43;711.2;0.0;78.0;3.1;0.013;9.98;1.9;59.0
8072;2025-12-03 09:00:00;0.26;67.2;20.0;87.4;6.0;51.0;18.81;711.4;0.0;76.0;3.2;0.064;11.27;2.4;245.0
8073;2025-12-03 10:00:00;0.35;66.4;25.9;92.4;7.0;59.0;25.23;711.5;0.0;72.0;3.8;0.15;13.24;2.8;43.0
8074;2025-12-03 11:00:00;0.68;87.9;38.1;126.2;8.0;74.0;31.36;711.5;0.0;64.0;4.1;0.209;14.76;3.1;26.0
8075;2025-12-03 12:00:00;0.9;90.6;58.1;148.8;12.0;84.0;42.45;711.1;0.0;54.0;6.5;0.596;17.66;5.5;37.0
8076;2025-12-03 13:00:00;1.14;95.1;84.9;180.0;12.0;108.0;62.37;710.4;0.0;52.0;14.9;0.331;18.22;6.7;7.0
8077;2025-12-03 14:00:00;0.63;57.5;78.7;136.2;19.0;188.0;61.65;709.8;0.0;50.0;9.5;0.405;19.07;4.2;45.0
8078;2025-12-03 15:00:00;0.35;27.3;70.8;98.1;21.0;147.0;52.0;709.4;0.0;50.0;6.4;0.156;19.36;6.1;56.0
8079;2025-12-03 16:00:00;0.35;21.4;64.2;85.6;19.0;122.0;43.81;709.3;0.0;55.0;5.0;0.126;19.39;4.9;64.0
8080;2025-12-03 17:00:00;0.22;20.4;50.4;70.9;13.0;109.0;31.59;709.4;0.0;59.0;4.1;0.067;18.78;5.8;52.0
8081;2025-12-03 18:00:00;0.11;14.6;55.3;70.0;11.0;89.0;25.0;709.7;0.0;61.0;10.4;0.015;18.14;4.1;51.0
8082;2025-12-03 19:00:00;0.48;14.5;67.1;81.7;9.0;86.0;31.11;710.1;0.0;66.0;9.5;0.0;16.83;2.1;204.0
8083;2025-12-03 20:00:00;0.47;14.7;62.5;77.2;6.0;85.0;33.73;710.4;0.0;69.0;6.7;0.0;16.31;1.8;276.0
8084;2025-12-03 21:00:00;0.67;28.3;58.3;86.6;5.0;85.0;33.69;710.7;0.0;68.0;6.3;0.0;16.57;1.8;234.0
8085;2025-12-03 22:00:00;0.88;45.2;62.2;107.4;5.0;79.0;36.94;711.0;0.0;70.0;6.5;0.0;16.94;4.6;200.0
8086;2025-12-03 23:00:00;0.92;54.8;59.8;114.7;5.0;94.0;39.08;710.6;0.0;73.0;5.7;0.0;16.67;4.0;297.0
8087;2025-12-04 00:00:00;1.01;70.4;49.4;119.8;;95.0;39.08;710.5;0.0;78.0;4.6;0.0;15.73;2.3;217.0
8088;2025-12-04 01:00:00;1.01;75.9;40.2;116.2;;93.0;36.96;710.2;0.0;80.0;4.2;0.0;15.38;1.8;241.0
8089;2025-12-04 02:00:00;1.25;76.5;41.2;117.8;;88.0;36.14;710.2;0.0;81.0;4.2;0.0;15.46;2.4;251.0
8090;2025-12-04 03:00:00;0.94;58.5;40.8;99.5;;90.0;37.45;710.2;0.0;82.0;3.7;0.0;14.9;1.9;226.0
8091;2025-12-04 04:00:00;0.83;57.6;38.5;96.2;;79.0;37.95;710.0;0.0;82.0;3.6;0.0;14.38;1.8;299.0
8092;2025-12-04 05:00:00;0.71;54.1;37.2;91.4;;78.0;35.56;710.0;0.0;84.0;3.4;0.0;14.11;1.8;246.0
8093;2025-12-04 06:00:00;0.56;50.1;36.3;86.6;;74.0;36.07;710.1;0.0;84.0;3.3;0.0;14.32;1.8;251.0
8094;2025-12-04 07:00:00;0.71;72.1;33.3;105.5;;67.0;33.6;710.5;0.0;84.0;3.4;0.0;14.41;1.9;179.0
8095;2025-12-04 08:00:00;1.42;130.1;32.0;162.3;;69.0;34.48;711.0;0.0;83.0;3.7;0.013;14.86;3.5;205.0
8096;2025-12-04 09:00:00;1.76;144.9;39.4;184.5;;84.0;36.34;711.6;0.0;79.0;4.1;0.071;16.45;3.2;164.0
8097;2025-12-04 10:00:00;1.59;121.9;48.4;170.5;6.0;103.0;36.49;712.2;0.0;68.0;5.5;0.174;19.1;3.8;145.0
8098;2025-12-04 11:00:00;0.99;75.8;42.6;118.5;7.0;109.0;32.43;712.8;0.0;61.0;9.0;0.17;20.25;7.7;63.0
8099;2025-12-04 12:00:00;;12.5;16.6;29.2;19.0;99.0;12.12;713.4;0.0;59.0;5.6;0.238;19.19;12.8;46.0
8100;2025-12-04 13:00:00;;14.0;15.2;29.4;19.0;62.0;11.5;713.4;0.0;62.0;5.0;0.328;18.28;11.8;75.0
8101;2025-12-04 14:00:00;;14.7;15.9;30.8;23.0;47.0;12.02;712.8;0.0;62.0;5.3;0.504;18.81;10.6;76.0
8102;2025-12-04 15:00:00;;10.0;13.3;23.4;27.0;46.0;10.45;712.8;0.0;62.0;4.4;0.349;18.78;10.5;52.0
8103;2025-12-04 16:00:00;;8.0;10.6;18.6;27.0;40.0;7.78;713.1;0.0;62.0;3.3;0.136;17.73;12.5;29.0
8104;2025-12-04 17:00:00;;8.4;13.5;22.0;23.0;34.0;8.54;713.4;0.0;64.0;3.0;0.074;16.91;11.8;26.0
8105;2025-12-04 18:00:00;;7.0;16.9;24.0;19.0;35.0;8.67;714.0;0.0;64.0;3.3;0.008;15.93;11.7;24.0
8106;2025-12-04 19:00:00;;7.4;19.2;26.7;17.0;39.0;8.81;714.6;0.0;62.0;5.1;0.0;15.44;9.3;39.0
8107;2025-12-04 20:00:00;;6.7;19.8;26.6;20.0;35.0;9.13;715.3;0.0;59.0;4.6;0.0;14.91;9.6;53.0
8108;2025-12-04 21:00:00;;6.7;21.4;28.2;16.0;33.0;9.13;715.7;0.0;58.0;3.5;0.0;14.5;8.7;64.0
8109;2025-12-04 22:00:00;;7.0;20.3;27.5;15.0;39.0;8.57;715.9;0.0;58.0;3.7;0.0;13.9;7.2;57.0
8110;2025-12-04 23:00:00;;9.2;24.9;34.1;8.0;37.0;10.94;715.8;0.0;59.0;4.2;0.0;13.4;7.6;51.0
8111;2025-12-05 00:00:00;;15.4;26.6;42.0;5.0;43.0;10.07;715.6;0.0;60.0;5.5;0.0;12.98;2.7;62.0
8112;2025-12-05 01:00:00;;14.6;26.5;41.1;5.0;35.0;10.52;715.3;0.0;60.0;5.6;0.0;13.05;2.3;86.0
8113;2025-12-05 02:00:00;;6.7;24.0;30.8;7.0;38.0;10.68;714.9;0.0;60.0;3.9;0.0;12.83;6.5;65.0
8114;2025-12-05 03:00:00;;12.1;22.9;35.0;8.0;41.0;10.75;714.6;0.0;62.0;4.2;0.0;12.21;5.9;45.0
8115;2025-12-05 04:00:00;;13.0;22.6;35.6;8.0;36.0;10.05;714.2;0.0;63.0;4.6;0.0;11.71;3.6;42.0
8116;2025-12-05 05:00:00;;6.4;22.2;28.7;8.0;35.0;9.0;713.6;0.0;64.0;3.8;0.0;11.52;3.8;52.0
8117;2025-12-05 06:00:00;;11.5;24.0;35.6;7.0;32.0;9.47;713.4;0.0;63.0;4.7;0.0;11.72;5.1;50.0
8118;2025-12-05 07:00:00;;19.5;21.8;41.3;5.0;34.0;10.36;713.7;0.0;70.0;5.1;0.0;11.38;6.6;355.0
8119;2025-12-05 08:00:00;;32.1;20.4;52.6;5.0;41.0;10.41;713.8;0.0;72.0;4.0;0.01;11.3;4.1;19.0
8120;2025-12-05 09:00:00;;29.8;18.1;48.0;6.0;46.0;9.68;714.2;0.0;72.0;3.4;0.053;11.8;5.7;13.0
8121;2025-12-05 10:00:00;;20.1;15.4;35.6;8.0;39.0;10.63;714.3;0.0;74.0;3.0;0.107;12.36;5.8;38.0
8122;2025-12-05 11:00:00;;20.2;15.7;36.0;11.0;35.0;10.75;714.3;0.0;71.0;2.9;0.184;12.98;6.2;28.0
8123;2025-12-05 12:00:00;;21.7;17.5;39.3;13.0;34.0;13.03;713.8;0.0;67.0;3.1;0.309;14.16;5.1;78.0
8124;2025-12-05 13:00:00;;29.3;24.7;54.0;14.0;35.0;16.62;713.0;0.0;61.0;4.0;0.338;15.19;6.0;64.0
8125;2025-12-05 14:00:00;;25.4;28.3;53.7;18.0;42.0;20.07;711.8;0.0;59.0;3.9;0.428;15.92;6.0;72.0
8126;2025-12-05 15:00:00;;15.6;28.4;44.0;29.0;50.0;20.97;711.0;0.0;55.0;3.3;0.356;17.46;6.8;53.0
8127;2025-12-05 16:00:00;;10.1;21.2;31.4;28.0;51.0;15.34;710.5;0.0;56.0;3.0;0.216;17.74;7.9;57.0
8128;2025-12-05 17:00:00;;11.2;25.1;36.4;15.0;39.0;11.07;710.4;0.0;60.0;2.8;0.038;16.88;7.8;34.0
8129;2025-12-05 18:00:00;;12.3;28.1;40.5;8.0;39.0;10.94;710.6;0.0;63.0;2.7;0.008;16.2;7.3;57.0
8130;2025-12-05 19:00:00;;23.5;28.7;52.3;6.0;36.0;13.69;711.2;0.0;67.0;3.6;0.0;15.46;7.9;48.0
8131;2025-12-05 20:00:00;;14.9;25.8;40.7;7.0;45.0;16.28;711.7;0.0;72.0;3.7;0.0;14.53;6.4;64.0
8132;2025-12-05 21:00:00;;15.1;25.2;40.3;6.0;43.0;14.78;712.4;0.0;75.0;3.0;0.0;13.99;6.1;61.0
8133;2025-12-05 22:00:00;;13.3;23.0;36.4;6.0;40.0;12.69;712.4;0.0;77.0;2.6;0.0;13.49;4.1;74.0
8134;2025-12-05 23:00:00;;21.6;23.3;45.0;5.0;31.0;11.74;712.3;0.0;78.0;2.6;0.0;13.57;3.1;353.0
8135;2025-12-06 00:00:00;;34.1;24.2;58.3;5.0;35.0;15.43;712.4;0.0;77.0;3.5;0.0;13.7;3.1;4.0
8136;2025-12-06 01:00:00;;32.3;24.1;56.3;5.0;42.0;14.53;712.1;0.0;78.0;3.3;0.0;13.62;3.5;302.0
8137;2025-12-06 02:00:00;;33.9;23.3;57.3;;43.0;14.42;711.8;0.0;79.0;3.3;0.0;13.73;2.4;220.0
8138;2025-12-06 03:00:00;;46.8;24.4;71.3;;39.0;18.46;711.5;0.0;79.0;4.3;0.0;14.11;3.5;268.0
8139;2025-12-06 04:00:00;;47.1;23.5;70.8;;50.0;17.09;711.4;0.0;80.0;4.1;0.0;14.22;3.6;6.0
8140;2025-12-06 05:00:00;;44.2;22.7;67.0;;47.0;16.76;711.3;0.0;81.0;3.3;0.0;14.1;3.0;214.0
8141;2025-12-06 06:00:00;;47.9;22.1;70.2;;46.0;17.07;710.9;0.0;81.0;3.5;0.0;14.66;3.3;281.0
8142;2025-12-06 07:00:00;0.14;61.5;20.6;82.3;;46.0;21.21;710.9;0.0;81.0;3.8;0.0;14.75;3.3;30.0
8143;2025-12-06 08:00:00;0.24;82.7;20.7;103.7;;49.0;19.84;711.5;0.0;82.0;3.8;0.015;14.96;3.7;257.0
8144;2025-12-06 09:00:00;0.14;65.2;25.0;90.4;6.0;54.0;18.7;712.0;0.0;78.0;4.0;0.082;16.53;5.9;223.0
8145;2025-12-06 10:00:00;0.23;59.7;33.5;93.4;7.0;53.0;24.02;711.9;0.0;68.0;4.7;0.191;19.27;6.5;236.0
8146;2025-12-06 11:00:00;;32.4;31.8;64.2;13.0;66.0;22.85;711.6;0.0;55.0;4.6;0.314;21.84;6.5;232.0
8147;2025-12-06 12:00:00;0.05;30.7;38.7;69.5;20.0;57.0;24.11;711.1;0.0;50.0;4.5;0.437;23.56;4.8;4.0
8148;2025-12-06 13:00:00;;16.5;30.5;47.1;36.0;59.0;19.18;710.0;0.0;43.0;4.6;0.59;25.26;5.2;49.0
8149;2025-12-06 14:00:00;;13.9;30.1;44.1;43.0;43.0;15.22;709.2;0.0;43.0;4.4;0.55;25.17;8.1;75.0
8150;2025-12-06 15:00:00;;13.8;36.5;50.4;45.0;40.0;20.81;708.6;0.0;49.0;3.6;0.47;24.76;10.5;66.0
8151;2025-12-06 16:00:00;;9.8;33.9;43.8;55.0;61.0;21.9;708.5;0.0;52.0;7.0;0.272;24.21;10.8;44.0
8152;2025-12-06 17:00:00;;8.5;30.3;38.9;37.0;62.0;21.13;708.5;0.0;58.0;14.1;0.096;22.67;9.5;34.0
8153;2025-12-06 18:00:00;;7.1;30.6;37.8;26.0;56.0;20.18;708.8;0.0;64.0;8.4;0.016;20.72;6.8;38.0
8154;2025-12-06 19:00:00;;7.6;31.7;39.3;18.0;51.0;17.78;709.1;0.0;68.0;5.5;0.0;19.27;5.1;31.0
8155;2025-12-06 20:00:00;;8.2;33.3;41.6;14.0;46.0;23.24;709.6;0.0;72.0;4.8;0.0;18.22;4.2;27.0
8156;2025-12-06 21:00:00;;8.6;30.8;39.4;13.0;56.0;27.08;710.1;0.0;75.0;5.1;0.0;17.15;4.2;36.0
8157;2025-12-06 22:00:00;;14.3;34.5;48.9;5.0;52.0;30.08;710.2;0.0;78.0;5.1;0.0;16.54;1.8;306.0
8158;2025-12-06 23:00:00;;12.8;32.3;45.2;5.0;59.0;30.57;710.3;0.0;79.0;4.4;0.0;16.13;1.8;251.0
8159;2025-12-07 00:00:00;;26.7;31.8;58.5;5.0;63.0;33.38;710.1;0.0;80.0;4.0;0.0;16.13;1.8;234.0
8160;2025-12-07 01:00:00;0.13;28.3;30.5;58.9;;64.0;36.32;709.9;0.0;82.0;3.7;0.0;15.79;;231.0
8161;2025-12-07 02:00:00;0.23;27.0;30.3;57.3;;66.0;35.86;709.8;0.0;82.0;3.5;0.0;15.77;;247.0
8162;2025-12-07 03:00:00;0.34;34.8;29.5;64.4;;65.0;37.2;709.9;0.0;83.0;3.3;0.0;15.58;;236.0
8163;2025-12-07 04:00:00;0.22;44.7;32.0;76.8;;66.0;38.19;709.8;0.0;82.0;4.9;0.0;15.99;4.8;232.0
8164;2025-12-07 05:00:00;0.12;46.4;27.8;74.3;;81.0;39.52;710.0;0.0;81.0;5.9;0.0;15.99;3.1;293.0
8165;2025-12-07 06:00:00;;28.3;22.9;51.3;;75.0;30.07;710.1;0.0;80.0;4.6;0.0;15.93;5.3;220.0
8166;2025-12-07 07:00:00;;10.4;22.7;33.2;6.0;58.0;19.31;710.4;0.0;69.0;6.3;0.0;17.74;7.1;222.0
8167;2025-12-07 08:00:00;;19.1;19.8;39.0;5.0;72.0;17.15;711.0;0.0;72.0;4.9;0.01;16.73;2.7;1.0
8168;2025-12-07 09:00:00;;29.3;21.5;50.9;8.0;58.0;17.01;711.5;0.0;63.0;5.5;0.045;20.2;3.8;216.0
8169;2025-12-07 10:00:00;;14.9;16.5;31.5;16.0;50.0;9.37;711.7;0.0;46.0;7.9;0.226;24.38;4.5;167.0
8170;2025-12-07 11:00:00;;8.5;9.5;18.1;29.0;34.0;5.12;711.9;0.0;37.0;5.5;0.461;26.92;6.8;303.0
8171;2025-12-07 12:00:00;;5.9;5.2;11.3;38.0;23.0;3.22;711.6;0.0;29.0;3.9;0.552;28.45;9.1;305.0
8172;2025-12-07 13:00:00;;5.4;4.8;10.3;39.0;22.0;2.9;711.1;0.0;27.0;3.0;0.591;28.56;12.3;320.0
8173;2025-12-07 14:00:00;;5.1;4.6;9.9;41.0;19.0;2.83;710.4;0.0;25.0;2.8;0.566;29.15;12.3;313.0
8174;2025-12-07 15:00:00;;5.0;5.0;10.2;41.0;18.0;2.79;710.1;0.0;21.0;2.4;0.491;29.69;11.9;314.0
8175;2025-12-07 16:00:00;;4.8;5.2;10.1;42.0;18.0;2.09;710.1;0.0;20.0;2.2;0.351;29.73;11.3;296.0
8176;2025-12-07 17:00:00;;4.7;7.9;12.7;41.0;18.0;3.69;710.8;0.0;26.0;2.5;0.121;28.42;10.3;341.0
8177;2025-12-07 18:00:00;;4.8;11.8;16.7;35.0;25.0;5.85;712.0;0.0;35.0;3.6;0.015;25.46;11.0;25.0
8178;2025-12-07 19:00:00;;5.0;15.6;20.7;28.0;30.0;6.44;712.9;0.0;32.0;3.9;0.0;24.27;10.7;7.0
8179;2025-12-07 20:00:00;;5.8;19.0;24.8;25.0;27.0;5.34;713.7;0.0;29.0;3.9;0.0;23.78;8.9;49.0
8180;2025-12-07 21:00:00;;4.9;14.2;19.2;30.0;24.0;4.33;714.6;0.0;26.0;3.3;0.0;23.31;6.6;22.0
8181;2025-12-07 22:00:00;;4.6;13.4;18.1;32.0;23.0;4.04;715.5;0.0;24.0;3.2;0.0;21.77;6.4;47.0
8182;2025-12-07 23:00:00;;4.7;19.5;24.2;24.0;25.0;4.0;716.0;0.0;24.0;4.4;0.0;20.78;6.8;103.0
8183;2025-12-08 00:00:00;;4.6;8.4;13.0;40.0;25.0;3.48;716.5;0.0;24.0;2.4;0.0;19.99;7.9;11.0
8184;2025-12-08 01:00:00;;4.4;11.5;16.1;37.0;22.0;4.06;716.8;0.0;26.0;3.5;0.0;18.98;8.2;32.0
8185;2025-12-08 02:00:00;;4.4;9.8;14.3;38.0;29.0;4.62;717.0;0.0;30.0;2.5;0.0;17.75;9.3;52.0
8186;2025-12-08 03:00:00;;;9.9;14.4;34.0;24.0;4.7;717.3;0.0;36.0;2.7;0.0;16.07;9.6;59.0
8187;2025-12-08 04:00:00;;4.3;8.3;12.8;36.0;22.0;4.9;717.6;0.0;39.0;2.2;0.0;14.93;8.5;44.0
8188;2025-12-08 05:00:00;;4.3;7.0;11.4;37.0;25.0;4.72;717.7;0.0;41.0;2.3;0.0;14.26;5.1;50.0
8189;2025-12-08 06:00:00;;4.4;8.9;13.5;34.0;24.0;4.64;717.8;0.0;43.0;2.1;0.0;13.59;5.8;68.0
8190;2025-12-08 07:00:00;;6.0;20.5;26.6;21.0;20.0;5.47;718.0;0.0;44.0;2.7;0.0;13.27;5.3;73.0
8191;2025-12-08 08:00:00;;15.8;30.0;45.8;8.0;26.0;6.84;718.1;0.0;46.0;3.5;0.009;13.12;4.2;81.0
8192;2025-12-08 09:00:00;;17.0;24.4;41.4;17.0;32.0;7.69;718.4;0.0;40.0;3.7;0.041;15.33;5.3;57.0
8193;2025-12-08 10:00:00;;14.2;20.1;34.5;24.0;35.0;6.68;718.4;0.0;37.0;3.1;0.229;16.36;5.1;65.0
8194;2025-12-08 11:00:00;;30.8;30.3;61.1;12.0;31.0;12.04;718.3;0.0;36.0;9.9;0.463;17.12;7.4;73.0
8195;2025-12-08 12:00:00;;17.8;29.9;47.7;22.0;61.0;9.62;717.8;0.0;33.0;8.3;0.564;17.93;8.1;59.0
8196;2025-12-08 13:00:00;;21.3;26.7;48.0;33.0;42.0;7.76;717.2;0.0;30.0;8.8;0.588;18.69;8.6;45.0
8197;2025-12-08 14:00:00;;26.8;25.6;52.3;44.0;35.0;8.5;716.4;0.0;32.0;8.4;0.569;19.24;10.0;49.0
8198;2025-12-08 15:00:00;;28.5;25.7;54.1;54.0;41.0;8.79;715.8;0.0;32.0;6.1;0.472;19.67;10.8;58.0
8199;2025-12-08 16:00:00;;28.4;25.7;54.0;62.0;38.0;7.38;715.6;0.0;32.0;6.2;0.332;19.97;12.4;70.0
8200;2025-12-08 17:00:00;;28.2;25.8;53.9;55.0;39.0;6.6;715.8;0.0;36.0;3.7;0.133;19.31;12.6;75.0
8201;2025-12-08 18:00:00;;29.1;24.6;53.6;45.0;30.0;5.26;715.9;0.0;39.0;2.9;0.016;18.02;10.2;119.0
8202;2025-12-08 19:00:00;;31.1;23.6;54.7;37.0;27.0;4.76;716.3;0.0;38.0;2.9;0.0;17.26;9.2;112.0
8203;2025-12-08 20:00:00;;33.1;22.8;56.0;34.0;25.0;4.29;716.5;0.0;36.0;2.6;0.0;16.72;7.7;108.0
8204;2025-12-08 21:00:00;;34.7;21.9;56.7;36.0;24.0;3.93;716.6;0.0;36.0;2.4;0.0;16.17;7.2;102.0
8205;2025-12-08 22:00:00;;35.4;21.2;56.7;38.0;17.0;3.8;716.7;0.0;36.0;2.2;0.0;15.56;5.7;91.0
8206;2025-12-08 23:00:00;;35.8;20.7;;39.0;17.0;3.92;716.6;0.0;37.0;2.3;0.0;15.18;6.9;102.0
8207;2025-12-09 00:00:00;;35.9;20.4;56.4;41.0;16.0;3.59;716.1;0.0;36.0;2.3;0.0;14.89;8.4;109.0
8208;2025-12-09 01:00:00;;;;;20.667;19.0;6.677;;;;;0.0;;;
8209;2025-12-09 02:00:00;;38.2;21.3;59.6;12.0;22.0;6.14;715.6;0.0;42.0;2.5;0.0;12.72;2.5;304.0
8210;2025-12-09 03:00:00;;40.7;21.9;62.8;10.0;27.0;6.48;715.4;0.0;42.0;2.5;0.0;12.0;2.2;293.0
8211;2025-12-09 04:00:00;;42.1;21.3;63.6;15.0;28.0;7.0;715.2;0.0;43.0;2.5;0.0;11.76;3.2;312.0
8212;2025-12-09 05:00:00;;42.8;20.8;63.8;12.0;24.0;8.26;715.1;0.0;46.0;2.5;0.0;11.29;1.8;270.0
8213;2025-12-09 06:00:00;;44.2;20.7;65.2;7.0;34.0;8.58;715.1;0.0;49.0;2.6;0.0;10.82;1.8;346.0
8214;2025-12-09 07:00:00;;50.6;21.2;72.1;5.0;34.0;12.96;715.2;0.0;53.0;2.9;0.0;10.16;1.8;5.0
8215;2025-12-09 08:00:00;;63.8;21.9;85.9;6.0;51.0;19.04;715.4;0.0;53.0;4.0;0.016;10.64;2.3;356.0
8216;2025-12-09 09:00:00;;78.1;23.6;101.8;8.0;75.0;22.15;715.8;0.0;46.0;4.7;0.052;12.98;1.8;344.0
8217;2025-12-09 10:00:00;;;;;;87.0;;;;;;0.0;;;
8218;2025-12-09 11:00:00;;;;;;81.0;;;;;;0.0;;;
8219;2025-12-09 12:00:00;;;;;;89.0;;;;;;0.0;;;
8220;2025-12-09 13:00:00;;;;;17.333;66.333;20.357;;;;;0.0;;;
8221;2025-12-09 14:00:00;;;;;23.667;61.0;17.64;;;;;0.0;;;
8222;2025-12-09 15:00:00;;;;;19.148;82.593;19.373;;;;;0.0;;;
8223;2025-12-09 16:00:00;;;;;23.519;62.222;15.738;;;;;0.0;;;
8224;2025-12-09 17:00:00;;;;;32.144;56.465;14.304;;;;;0.0;;;
8225;2025-12-09 18:00:00;;44.5;25.5;70.1;47.0;32.0;;712.3;0.0;43.0;2.9;0.019;18.65;7.1;87.0
8226;2025-12-09 19:00:00;;42.4;25.6;68.1;39.0;25.0;;712.6;0.0;47.0;2.8;0.0;17.78;7.5;88.0
8227;2025-12-09 20:00:00;;42.0;25.2;67.3;31.0;30.0;;712.8;0.0;50.0;2.6;0.0;17.23;6.9;90.0
8228;2025-12-09 21:00:00;;41.9;24.0;65.9;32.0;27.0;;713.0;0.0;52.0;2.5;0.0;16.86;4.5;109.0
8229;2025-12-09 22:00:00;;43.6;23.7;67.4;13.0;27.0;;713.0;0.0;56.0;2.6;0.0;15.79;1.8;208.0
8230;2025-12-09 23:00:00;;47.0;24.1;71.2;6.0;37.0;;712.9;0.0;59.0;2.7;0.0;15.11;1.8;235.0
8231;2025-12-10 00:00:00;;53.8;24.8;78.8;5.0;41.0;;712.6;0.0;59.0;3.0;0.0;14.73;5.3;232.0
8232;2025-12-10 01:00:00;;55.5;24.6;80.2;10.0;51.0;;712.2;0.0;58.0;2.7;0.0;14.84;5.5;222.0
8233;2025-12-10 02:00:00;;55.0;24.4;79.6;5.0;39.0;;712.0;0.0;60.0;2.7;0.0;14.3;3.7;263.0
8234;2025-12-10 03:00:00;;55.4;24.1;79.7;7.0;38.0;;711.5;0.0;60.0;2.9;0.0;14.29;3.5;235.0
8235;2025-12-10 04:00:00;;54.5;23.7;78.5;7.0;39.0;;711.1;0.0;60.0;2.8;0.0;14.2;3.0;283.0
8236;2025-12-10 05:00:00;;55.8;23.3;79.2;5.0;40.0;;710.9;0.0;64.0;2.7;0.0;13.42;2.8;261.0
8237;2025-12-10 06:00:00;;56.5;22.9;79.7;5.0;40.0;;710.8;0.0;63.0;2.7;0.0;13.75;4.2;242.0
8238;2025-12-10 07:00:00;;60.9;23.0;84.0;5.0;45.0;;711.0;0.0;61.0;3.0;0.0;14.18;3.9;269.0
8239;2025-12-10 08:00:00;;71.4;23.2;94.7;;50.0;;711.4;0.0;58.0;3.5;0.022;14.88;4.2;293.0
8240;2025-12-10 09:00:00;;84.5;24.4;109.0;7.0;68.0;22.13;711.8;0.0;47.0;4.3;0.064;18.89;3.7;337.0
8241;2025-12-10 10:00:00;;87.8;26.1;114.1;13.0;80.0;22.22;712.0;0.0;37.0;5.2;0.241;21.8;4.1;354.0
8242;2025-12-10 11:00:00;;85.3;27.8;113.2;22.0;73.0;16.8;712.1;0.0;30.0;6.1;0.466;25.56;4.7;49.0
8243;2025-12-10 12:00:00;;78.1;28.3;106.5;38.0;67.0;13.27;711.8;0.0;26.0;4.5;0.568;28.06;4.6;87.0
8244;2025-12-10 13:00:00;;72.1;28.8;101.0;42.0;47.0;10.41;711.3;0.0;18.0;4.7;0.541;29.04;9.3;349.0
8245;2025-12-10 14:00:00;;65.3;25.0;90.4;49.0;50.0;10.41;710.7;0.0;10.0;2.5;0.601;29.95;11.3;315.0
8246;2025-12-10 15:00:00;;58.8;23.7;82.6;47.0;27.0;3.31;710.4;0.0;8.0;2.3;0.484;29.83;10.9;324.0
8247;2025-12-10 16:00:00;;54.7;23.2;78.2;51.0;37.0;4.16;710.6;0.0;13.0;2.5;0.27;29.34;9.6;4.0
8248;2025-12-10 17:00:00;;51.8;23.9;75.9;43.0;30.0;4.33;710.9;0.0;15.0;2.8;0.118;28.47;9.1;15.0
8249;2025-12-10 18:00:00;;49.4;24.8;74.4;33.0;38.0;5.5;711.8;0.0;23.0;3.9;0.022;25.81;12.5;15.0
8250;2025-12-10 19:00:00;;47.6;24.6;72.4;31.0;49.0;6.78;712.8;0.0;23.0;2.6;0.0;23.68;9.0;360.0
8251;2025-12-10 20:00:00;;47.3;24.4;71.7;22.0;32.0;5.31;713.4;0.0;25.0;3.3;0.0;22.07;3.9;14.0
8252;2025-12-10 21:00:00;;48.3;24.8;73.2;11.0;32.0;5.58;714.0;0.0;25.0;4.6;0.0;21.31;4.6;98.0
8253;2025-12-10 22:00:00;;49.2;24.3;73.6;13.0;34.0;9.37;714.4;0.0;24.0;5.7;0.0;20.55;3.9;89.0
8254;2025-12-10 23:00:00;;51.6;24.7;76.4;7.0;32.0;6.1;714.7;0.0;24.0;4.4;0.0;19.74;3.2;149.0
8255;2025-12-11 00:00:00;;52.5;24.4;77.1;17.0;29.0;6.59;714.7;0.0;25.0;4.0;0.0;18.94;4.5;82.0
8256;2025-12-11 01:00:00;;50.9;24.2;75.3;16.0;34.0;5.72;714.6;0.0;27.0;4.3;0.0;17.75;3.3;114.0
8257;2025-12-11 02:00:00;;50.9;24.4;75.4;9.0;32.0;6.63;714.6;0.0;29.0;4.5;0.0;17.1;5.0;135.0
8258;2025-12-11 03:00:00;;50.3;24.1;74.5;19.0;36.0;6.25;714.8;0.0;28.0;7.9;0.0;17.18;7.3;107.0
8259;2025-12-11 04:00:00;;49.4;24.1;73.6;18.0;32.0;6.91;714.9;0.0;33.0;7.9;0.0;15.86;6.7;93.0
8260;2025-12-11 05:00:00;;48.0;22.7;70.9;26.0;31.0;5.71;714.8;0.0;37.0;3.2;0.0;14.84;4.0;113.0
8261;2025-12-11 06:00:00;;46.4;21.6;68.2;25.0;27.0;5.76;714.6;0.0;43.0;3.2;0.0;13.67;3.1;156.0
8262;2025-12-11 07:00:00;;45.8;22.3;68.3;15.0;27.0;6.09;714.9;0.0;45.0;3.3;0.0;13.19;2.4;170.0
8263;2025-12-11 08:00:00;;49.4;23.0;72.6;6.0;29.0;7.22;715.3;0.0;45.0;3.2;0.01;13.21;2.2;180.0
8264;2025-12-11 09:00:00;;59.1;23.7;82.9;10.0;39.0;9.01;715.5;0.0;35.0;3.4;0.043;16.95;2.0;132.0
8265;2025-12-11 10:00:00;;59.9;23.9;83.9;20.0;44.0;7.72;715.4;0.0;33.0;5.4;0.215;18.07;4.8;190.0
8266;2025-12-11 11:00:00;;59.9;24.8;84.8;22.0;39.0;9.09;715.2;0.0;29.0;8.8;0.457;20.23;4.9;77.0
8267;2025-12-11 12:00:00;;57.8;25.1;83.0;37.0;42.0;7.78;714.6;0.0;27.0;5.9;0.552;21.36;5.8;69.0
8268;2025-12-11 13:00:00;;30.5;25.2;55.9;47.0;35.0;10.22;713.6;0.0;27.0;4.2;0.591;21.67;7.1;72.0
8269;2025-12-11 14:00:00;;8.6;17.8;26.5;62.0;42.0;8.98;712.7;0.0;26.0;3.5;0.57;22.56;7.6;63.0
8270;2025-12-11 15:00:00;;7.2;13.0;20.3;69.0;39.0;7.29;712.0;0.0;27.0;3.4;0.485;23.41;6.9;50.0
8271;2025-12-11 16:00:00;;6.8;11.3;18.2;66.0;38.0;5.87;711.5;0.0;27.0;3.3;0.346;23.96;7.7;47.0
8272;2025-12-11 17:00:00;;6.7;13.7;20.5;64.0;35.0;6.06;711.4;0.0;30.0;3.2;0.136;23.12;9.0;76.0
8273;2025-12-11 18:00:00;;6.3;16.2;22.5;59.0;33.0;6.17;711.6;0.0;34.0;3.2;0.017;21.35;8.2;75.0
8274;2025-12-11 19:00:00;;6.1;18.5;24.8;51.0;33.0;7.28;711.7;0.0;37.0;3.1;0.0;20.27;7.6;97.0
8275;2025-12-11 20:00:00;;6.3;18.1;24.5;49.0;32.0;6.8;711.8;0.0;40.0;3.3;0.0;19.7;6.6;110.0
8276;2025-12-11 21:00:00;;6.3;23.3;29.7;38.0;31.0;8.37;711.9;0.0;42.0;3.1;0.0;19.14;4.0;104.0
8277;2025-12-11 22:00:00;1.52;10.4;38.7;49.2;12.0;35.0;12.43;711.8;0.0;48.0;2.9;0.0;17.54;2.6;226.0
8278;2025-12-11 23:00:00;1.51;15.2;45.2;60.4;6.0;41.0;15.28;711.7;0.0;48.0;5.7;0.0;17.31;5.4;220.0
8279;2025-12-12 00:00:00;1.36;10.1;42.8;53.0;8.0;54.0;14.3;711.3;0.0;48.0;12.7;0.0;17.04;7.1;225.0
8280;2025-12-12 01:00:00;1.16;7.9;36.4;44.4;14.0;52.0;12.39;710.9;0.0;47.0;13.1;0.0;16.63;7.4;224.0
8281;2025-12-12 02:00:00;1.17;13.8;43.4;57.3;7.0;43.0;14.71;710.8;0.0;48.0;9.1;0.0;16.41;6.1;245.0
8282;2025-12-12 03:00:00;1.13;9.5;39.9;49.5;8.0;54.0;13.44;710.6;0.0;50.0;9.3;0.0;15.65;2.8;290.0
8283;2025-12-12 04:00:00;1.01;11.6;38.4;50.1;7.0;48.0;12.27;710.4;0.0;52.0;7.5;0.0;15.06;2.8;232.0
8284;2025-12-12 05:00:00;0.9;7.3;29.5;36.9;15.0;45.0;10.95;710.2;0.0;51.0;7.3;0.0;15.04;3.2;259.0
8285;2025-12-12 06:00:00;0.94;8.6;33.1;41.8;9.0;38.0;11.6;710.2;0.0;52.0;6.6;0.0;14.77;3.2;289.0
8286;2025-12-12 07:00:00;1.01;20.6;36.0;56.7;6.0;43.0;13.36;710.4;0.0;52.0;6.1;0.0;14.9;3.2;299.0
8287;2025-12-12 08:00:00;1.32;46.7;37.1;84.0;6.0;51.0;16.23;710.6;0.0;53.0;5.5;0.013;14.91;3.8;246.0
8288;2025-12-12 09:00:00;1.87;87.6;39.1;126.9;6.0;62.0;18.0;710.9;0.0;49.0;6.2;0.06;16.45;3.9;205.0
8289;2025-12-12 10:00:00;1.53;48.3;36.9;85.3;11.0;71.0;17.45;711.0;0.0;40.0;6.9;0.227;19.62;5.0;216.0
8290;2025-12-12 11:00:00;1.32;35.9;41.5;77.5;16.0;89.0;20.63;711.1;0.0;33.0;9.0;0.253;21.79;4.5;306.0
8291;2025-12-12 12:00:00;1.66;38.8;50.2;89.0;24.0;87.0;25.64;711.0;0.0;31.0;6.2;0.395;24.07;3.5;70.0
8292;2025-12-12 13:00:00;0.98;15.4;34.7;50.1;46.0;66.0;14.55;710.5;0.0;28.0;4.6;0.576;26.03;6.3;90.0
8293;2025-12-12 14:00:00;1.32;11.7;34.7;46.5;69.0;50.0;17.16;709.7;0.0;25.0;4.5;0.557;27.42;7.6;88.0
8294;2025-12-12 15:00:00;1.07;8.6;21.5;30.2;76.0;60.0;10.79;709.3;0.0;23.0;4.0;0.478;28.39;8.4;82.0
8295;2025-12-12 16:00:00;1.0;7.5;17.9;25.5;78.0;51.0;9.12;709.2;0.0;24.0;3.7;0.342;28.65;10.4;78.0
8296;2025-12-12 17:00:00;0.88;6.6;13.5;20.1;69.0;40.0;7.02;709.2;0.0;25.0;3.2;0.138;27.56;11.0;103.0
8297;2025-12-12 18:00:00;0.88;6.2;14.4;20.8;63.0;35.0;6.93;709.6;0.0;30.0;3.4;0.017;25.23;11.6;103.0
8298;2025-12-12 19:00:00;1.17;6.9;32.1;39.2;45.0;29.0;11.35;710.3;0.0;37.0;5.2;0.0;23.63;8.7;43.0
8299;2025-12-12 20:00:00;1.46;12.3;56.1;68.4;14.0;49.0;16.09;710.9;0.0;42.0;7.1;0.0;21.83;2.2;238.0
8300;2025-12-12 21:00:00;1.67;18.4;47.5;66.0;10.0;64.0;15.75;711.3;0.0;47.0;4.9;0.0;20.13;1.8;249.0
8301;2025-12-12 22:00:00;1.94;41.3;53.1;94.5;5.0;48.0;16.78;711.6;0.0;50.0;4.3;0.0;19.3;2.1;224.0
8302;2025-12-12 23:00:00;1.75;31.5;53.2;84.7;5.0;57.0;19.23;711.8;0.0;49.0;5.6;0.0;19.24;2.7;249.0
8303;2025-12-13 00:00:00;1.5;31.5;47.4;79.0;9.0;65.0;22.45;711.8;0.0;46.0;11.8;0.0;19.17;5.8;226.0
8304;2025-12-13 01:00:00;1.35;29.9;45.9;75.9;7.0;69.0;22.03;711.8;0.0;46.0;10.6;0.0;18.64;4.7;240.0
8305;2025-12-13 02:00:00;1.05;8.0;36.8;44.9;11.0;76.0;13.08;711.9;0.0;44.0;9.4;0.0;18.25;4.7;222.0
8306;2025-12-13 03:00:00;1.04;15.6;40.1;55.8;6.0;54.0;16.49;712.0;0.0;45.0;11.7;0.0;17.64;4.4;233.0
8307;2025-12-13 04:00:00;0.95;13.5;37.1;50.7;8.0;71.0;20.01;712.0;0.0;47.0;10.9;0.0;16.85;3.0;199.0
8308;2025-12-13 05:00:00;0.8;7.4;26.1;33.5;15.0;95.0;12.85;711.9;0.0;45.0;7.6;0.0;16.86;3.9;264.0
8309;2025-12-13 06:00:00;0.72;7.2;22.5;29.8;18.0;46.0;11.13;711.9;0.0;42.0;8.4;0.0;17.16;7.8;217.0
8310;2025-12-13 07:00:00;0.73;7.4;24.9;32.4;14.0;41.0;9.42;712.2;0.0;41.0;9.6;0.0;16.78;4.8;270.0
8311;2025-12-13 08:00:00;0.85;16.2;31.2;47.5;8.0;39.0;10.66;712.6;0.0;41.0;9.3;0.009;16.61;4.8;258.0
8312;2025-12-13 09:00:00;1.13;41.8;35.3;77.2;9.0;44.0;16.63;713.1;0.0;36.0;11.8;0.043;19.36;4.7;242.0
8313;2025-12-13 10:00:00;1.06;29.3;33.7;63.1;17.0;71.0;15.98;713.3;0.0;31.0;10.3;0.205;22.2;4.6;222.0
8314;2025-12-13 11:00:00;1.04;17.1;28.9;46.1;36.0;66.0;15.76;713.1;0.0;32.0;8.9;0.443;25.01;3.9;123.0
8315;2025-12-13 12:00:00;0.99;12.4;25.1;37.6;51.0;54.0;14.62;712.6;0.0;35.0;9.6;0.537;26.1;4.1;56.0
8316;2025-12-13 13:00:00;1.28;21.8;48.5;70.3;43.0;46.0;26.39;711.9;0.0;34.0;13.1;0.556;26.23;6.9;66.0
8317;2025-12-13 14:00:00;1.01;10.1;25.7;35.8;73.0;80.0;17.72;711.3;0.0;34.0;7.9;0.548;26.42;8.2;66.0
8318;2025-12-13 15:00:00;0.99;8.0;22.1;30.1;92.0;57.0;16.2;711.2;0.0;33.0;6.9;0.462;27.03;8.6;52.0
8319;2025-12-13 16:00:00;1.01;7.0;19.4;26.5;99.0;57.0;16.23;711.1;0.0;34.0;5.6;0.322;27.08;9.9;59.0
8320;2025-12-13 17:00:00;0.9;6.3;15.3;21.7;88.0;56.0;14.21;711.0;0.0;35.0;5.5;0.129;26.75;8.6;82.0
8321;2025-12-13 18:00:00;0.88;5.9;14.2;20.2;75.0;43.0;11.35;711.2;0.0;38.0;4.5;0.017;25.13;7.1;95.0
8322;2025-12-13 19:00:00;0.96;6.0;19.9;26.0;62.0;35.0;11.74;711.6;0.0;42.0;4.2;0.0;23.72;6.4;80.0
8323;2025-12-13 20:00:00;1.07;6.0;23.7;29.8;50.0;35.0;13.22;712.1;0.0;46.0;4.0;0.0;22.63;4.0;61.0
8324;2025-12-13 21:00:00;1.22;6.2;28.2;34.4;36.0;37.0;13.99;712.6;0.0;50.0;3.6;0.0;21.61;3.2;328.0
8325;2025-12-13 22:00:00;1.26;6.4;33.0;39.5;28.0;38.0;14.89;712.8;0.0;53.0;3.5;0.0;20.76;4.9;201.0
8326;2025-12-13 23:00:00;1.2;6.5;30.9;37.4;30.0;40.0;18.63;713.0;0.0;50.0;4.9;0.0;20.39;6.8;217.0
8327;2025-12-14 00:00:00;0.95;6.5;24.0;30.6;38.0;51.0;16.16;713.0;0.0;45.0;6.2;0.0;20.31;6.9;213.0
8328;2025-12-14 01:00:00;0.94;6.6;29.1;35.8;29.0;45.0;14.89;713.0;0.0;45.0;6.2;0.0;19.92;8.0;223.0
8329;2025-12-14 02:00:00;0.84;6.4;20.5;27.0;35.0;46.0;13.77;713.1;0.0;45.0;6.3;0.0;19.34;5.0;234.0
8330;2025-12-14 03:00:00;0.8;6.4;19.3;25.8;31.0;38.0;12.68;713.3;0.0;47.0;5.5;0.0;18.39;3.5;297.0
8331;2025-12-14 04:00:00;0.72;;18.8;25.3;31.0;36.0;12.79;713.5;0.0;45.0;5.7;0.0;18.04;3.0;249.0
8332;2025-12-14 05:00:00;0.69;6.7;23.4;30.3;24.0;35.0;13.15;713.9;0.0;44.0;6.2;0.0;17.69;3.8;244.0
8333;2025-12-14 06:00:00;0.6;6.3;17.2;23.6;30.0;31.0;11.12;714.5;0.0;42.0;8.4;0.0;17.6;3.6;283.0
8334;2025-12-14 07:00:00;0.65;6.3;20.9;27.3;20.0;29.0;11.51;715.4;0.0;43.0;8.3;0.0;17.33;2.9;329.0
8335;2025-12-14 08:00:00;0.8;8.8;27.7;36.6;10.0;35.0;11.15;716.1;0.0;47.0;6.2;0.011;17.41;3.2;233.0
8336;2025-12-14 09:00:00;1.0;27.1;32.4;59.5;8.0;32.0;13.41;717.1;0.0;50.0;6.2;0.076;18.54;1.8;211.0
8337;2025-12-14 10:00:00;1.0;15.2;27.1;42.3;23.0;40.0;14.65;717.8;0.0;54.0;5.8;0.155;20.53;6.7;122.0
8338;2025-12-14 11:00:00;0.96;11.5;23.7;35.3;29.0;38.0;14.88;718.2;0.0;54.0;6.2;0.187;21.63;6.6;68.0
8339;2025-12-14 12:00:00;0.86;12.1;24.6;36.8;23.0;42.0;15.23;718.3;0.0;59.0;5.6;0.132;20.77;7.9;79.0
8340;2025-12-14 13:00:00;0.74;7.4;13.5;20.9;29.0;49.0;11.42;717.9;0.0;64.0;4.5;0.077;20.78;7.8;39.0
8341;2025-12-14 14:00:00;0.69;6.5;8.2;14.8;28.0;36.0;7.5;717.6;0.0;73.0;3.5;0.096;19.78;11.5;5.0
8342;2025-12-14 15:00:00;0.7;6.6;9.4;16.1;17.0;27.0;5.55;717.9;0.0;78.0;3.2;0.017;17.88;10.5;31.0
8343;2025-12-14 16:00:00;0.67;6.5;8.9;15.5;16.0;29.0;4.51;718.5;0.0;83.0;3.0;0.017;15.18;11.7;46.0
8344;2025-12-14 17:00:00;0.68;8.2;12.1;20.4;11.0;24.0;4.22;719.1;0.0;82.0;3.2;0.005;14.48;11.7;66.0
8345;2025-12-14 18:00:00;0.72;8.1;14.9;23.1;10.0;22.0;4.73;719.7;0.0;79.0;3.1;0.001;13.75;9.8;65.0
8346;2025-12-14 19:00:00;0.67;8.3;14.7;23.1;12.0;22.0;5.53;720.1;0.0;79.0;3.2;0.0;12.83;11.2;63.0
8347;2025-12-14 20:00:00;0.61;5.8;10.1;15.9;18.0;22.0;7.14;720.5;0.0;84.0;2.8;0.0;11.26;11.1;52.0
8348;2025-12-14 21:00:00;0.67;5.5;9.3;14.9;20.0;18.0;8.99;720.8;0.0;84.0;3.1;0.0;10.91;9.2;50.0
8349;2025-12-14 22:00:00;0.53;5.2;7.6;12.9;22.0;19.0;8.79;721.1;0.0;85.0;2.8;0.0;10.19;9.2;48.0
8350;2025-12-14 23:00:00;0.56;5.2;7.3;12.6;21.0;22.0;7.68;721.1;0.0;86.0;2.4;0.0;9.74;9.0;45.0
8351;2025-12-15 00:00:00;0.56;5.5;8.0;13.5;19.0;18.0;7.03;721.0;0.0;87.0;2.7;0.0;9.47;9.4;35.0
8352;2025-12-15 01:00:00;0.48;5.0;6.7;11.7;20.0;18.0;6.51;720.7;0.0;88.0;2.6;0.0;9.25;9.3;18.0
8353;2025-12-15 02:00:00;0.53;5.0;8.2;13.3;17.0;17.0;7.22;720.3;0.0;88.0;2.7;0.0;9.11;8.5;14.0
8354;2025-12-15 03:00:00;0.52;5.1;9.5;14.7;15.0;18.0;6.1;720.1;0.0;89.0;2.7;0.0;8.91;8.7;8.0
8355;2025-12-15 04:00:00;0.51;5.1;9.1;14.3;16.0;16.0;6.26;720.1;0.0;90.0;2.6;0.0;8.81;8.0;6.0
8356;2025-12-15 05:00:00;0.48;7.0;9.6;16.7;15.0;17.0;6.97;720.0;0.0;91.0;2.7;0.0;8.81;7.1;29.0
8357;2025-12-15 06:00:00;0.48;8.2;14.4;22.7;10.0;18.0;9.78;720.1;0.0;91.0;2.9;0.0;8.68;5.8;31.0
8358;2025-12-15 07:00:00;0.53;10.1;16.1;26.3;8.0;20.0;7.45;720.3;0.0;91.0;2.7;0.0;8.57;6.0;20.0
8359;2025-12-15 08:00:00;0.63;30.3;17.9;48.4;5.0;19.0;10.67;720.7;0.0;91.0;3.5;0.001;8.3;6.0;25.0
8360;2025-12-15 09:00:00;0.76;46.2;18.8;65.2;5.0;20.0;16.32;720.9;0.0;91.0;4.6;0.014;8.13;5.7;21.0
8361;2025-12-15 10:00:00;0.76;27.3;17.4;44.8;6.0;29.0;12.79;721.0;0.0;92.0;3.4;0.033;8.24;4.6;21.0
8362;2025-12-15 11:00:00;0.8;29.5;17.5;47.1;7.0;25.0;13.39;720.9;0.0;92.0;3.3;0.054;8.32;3.6;30.0
8363;2025-12-15 12:00:00;0.83;39.8;18.2;58.1;7.0;25.0;17.69;720.5;0.0;92.0;3.6;0.071;8.48;3.1;28.0
8364;2025-12-15 13:00:00;0.83;52.9;18.4;71.5;6.0;30.0;20.62;719.8;0.0;92.0;5.9;0.075;8.57;2.8;30.0
8365;2025-12-15 14:00:00;0.86;43.2;17.9;61.3;6.0;32.0;19.78;718.6;0.0;92.0;5.8;0.074;8.64;3.1;42.0
8366;2025-12-15 15:00:00;0.83;27.0;17.6;44.7;7.0;30.0;13.4;717.9;0.0;92.0;4.2;0.052;8.71;5.4;54.0
8367;2025-12-15 16:00:00;0.75;15.6;14.9;30.7;8.0;23.0;7.52;717.5;0.0;92.0;3.4;0.041;8.67;6.0;57.0
8368;2025-12-15 17:00:00;0.72;15.2;13.7;29.1;7.0;15.0;6.56;717.3;0.0;;3.0;0.017;8.55;6.2;49.0
8369;2025-12-15 18:00:00;0.78;17.5;14.6;32.2;6.0;15.0;7.09;717.1;0.0;;3.0;0.003;8.56;5.0;37.0
8370;2025-12-15 19:00:00;0.82;17.8;16.8;34.7;5.0;17.0;6.27;717.2;0.0;;2.9;0.0;8.62;4.4;33.0
8371;2025-12-15 20:00:00;0.78;18.8;17.7;36.6;5.0;18.0;6.08;717.4;0.0;;2.8;0.0;8.57;5.1;32.0
8372;2025-12-15 21:00:00;0.72;19.9;16.8;36.9;5.0;18.0;5.8;717.4;0.0;;2.9;0.0;8.62;2.4;28.0
8373;2025-12-15 22:00:00;0.68;19.2;15.3;34.7;;18.0;6.43;717.2;0.0;;2.7;0.0;8.68;3.3;18.0
8374;2025-12-15 23:00:00;0.57;12.2;14.4;26.7;;17.0;4.7;717.0;0.0;;2.8;0.0;8.5;3.3;29.0
8375;2025-12-16 00:00:00;0.53;11.1;13.6;24.9;;15.0;6.87;716.6;0.0;;2.7;0.0;8.27;2.2;41.0
8376;2025-12-16 01:00:00;0.51;12.3;12.7;25.2;;15.0;8.32;716.0;0.0;93.0;2.7;0.0;8.24;1.8;38.0
8377;2025-12-16 02:00:00;0.51;12.0;12.5;24.6;;20.0;8.93;715.4;0.0;93.0;2.5;0.0;8.33;1.8;28.0
8378;2025-12-16 03:00:00;0.57;16.5;13.1;29.7;;19.0;9.66;714.9;0.0;93.0;2.7;0.0;8.44;1.7;21.0
8379;2025-12-16 04:00:00;0.63;16.8;13.4;30.4;;21.0;7.98;714.4;0.0;93.0;2.6;0.0;8.63;1.7;329.0
8380;2025-12-16 05:00:00;0.7;17.8;13.8;31.8;;22.0;7.05;714.1;0.0;93.0;2.6;0.0;8.85;1.7;16.0
8381;2025-12-16 06:00:00;0.74;17.3;13.2;30.7;;18.0;6.72;714.0;0.0;93.0;2.7;0.0;9.01;1.9;278.0
8382;2025-12-16 07:00:00;0.85;22.9;13.0;36.0;;17.0;7.62;714.2;0.0;93.0;2.5;0.0;9.29;1.7;353.0
8383;2025-12-16 08:00:00;1.01;43.5;13.5;57.2;;18.0;10.39;714.4;0.0;;2.9;0.007;9.54;1.7;352.0
8384;2025-12-16 09:00:00;0.98;45.7;14.8;60.7;6.0;25.0;12.21;714.6;0.0;;2.9;0.052;9.98;1.7;47.0
8385;2025-12-16 10:00:00;0.75;20.4;15.3;35.9;9.0;27.0;9.6;714.6;0.0;;2.7;0.093;10.4;;342.0
8386;2025-12-16 11:00:00;0.79;23.2;15.6;38.9;9.0;23.0;9.75;714.5;0.0;92.0;2.8;0.135;11.11;2.2;287.0
8387;2025-12-16 12:00:00;0.85;26.1;17.6;43.8;9.0;28.0;12.19;713.9;0.0;89.0;2.8;0.142;12.14;2.0;16.0
8388;2025-12-16 13:00:00;1.04;34.9;22.1;57.0;;34.0;17.75;712.7;0.0;84.0;2.8;0.177;13.28;1.8;48.0
8389;2025-12-16 14:00:00;1.03;29.7;22.7;52.4;10.0;43.0;17.65;711.9;0.0;78.0;2.8;0.137;13.44;3.9;46.0
8390;2025-12-16 15:00:00;1.09;33.7;27.0;60.7;8.0;42.0;26.45;711.4;0.0;77.0;3.1;0.076;13.45;4.4;7.0
8391;2025-12-16 16:00:00;1.19;35.4;29.9;65.3;7.0;56.0;28.26;711.2;0.0;77.0;3.1;0.059;13.51;3.4;9.0
8392;2025-12-16 17:00:00;1.29;35.4;29.6;65.0;6.0;63.0;27.84;711.2;0.0;78.0;3.0;0.022;13.38;3.4;359.0
8393;2025-12-16 18:00:00;1.26;33.5;30.1;63.6;5.0;70.0;29.57;711.2;0.0;79.0;3.0;0.005;13.22;1.8;5.0
8394;2025-12-16 19:00:00;1.5;47.3;30.9;78.3;5.0;71.0;30.87;711.5;0.0;79.0;3.0;0.0;13.29;3.2;24.0
8395;2025-12-16 20:00:00;1.56;49.4;28.9;78.6;5.0;73.0;30.86;711.8;0.0;80.0;3.1;0.0;13.34;1.9;345.0
8396;2025-12-16 21:00:00;1.35;48.8;26.6;75.5;;74.0;27.3;711.9;0.0;80.0;3.1;0.0;13.39;2.6;291.0
8397;2025-12-16 22:00:00;1.5;53.5;27.3;80.9;;64.0;29.34;712.2;0.0;79.0;3.2;0.0;13.58;3.1;227.0
8398;2025-12-16 23:00:00;1.51;68.7;28.9;97.7;;69.0;34.31;712.4;0.0;78.0;3.3;0.0;13.74;3.4;249.0
8399;2025-12-17 00:00:00;1.53;83.3;28.6;112.1;;88.0;40.68;712.4;0.0;83.0;3.4;0.0;13.02;5.6;207.0
8400;2025-12-17 01:00:00;1.58;83.7;27.0;110.8;;85.0;36.67;711.7;0.0;87.0;3.4;0.0;12.93;4.9;319.0
8401;2025-12-17 02:00:00;1.53;64.8;26.3;91.2;;69.0;32.12;711.5;0.0;89.0;3.1;0.0;13.02;4.1;239.0
8402;2025-12-17 03:00:00;1.46;51.9;24.3;76.3;;56.0;29.16;711.4;0.0;90.0;3.1;0.0;13.31;2.0;258.0
8403;2025-12-17 04:00:00;1.33;50.5;21.4;72.1;;54.0;27.45;711.2;0.0;90.0;3.0;0.0;13.0;1.8;225.0
8404;2025-12-17 05:00:00;1.23;49.5;20.9;70.5;;48.0;30.67;711.0;0.0;90.0;3.2;0.0;12.53;2.8;227.0
8405;2025-12-17 06:00:00;1.17;55.0;20.0;75.2;;55.0;34.64;711.0;0.0;90.0;3.4;0.0;12.37;2.1;259.0
8406;2025-12-17 07:00:00;1.19;58.8;19.6;78.6;;62.0;33.68;711.0;0.0;90.0;3.3;0.0;12.33;1.9;261.0
8407;2025-12-17 08:00:00;1.6;92.4;18.4;111.0;;57.0;31.41;711.0;0.0;90.0;3.6;0.009;12.25;1.8;292.0
8408;2025-12-17 09:00:00;1.79;99.5;21.1;120.8;;60.0;28.21;711.4;0.0;87.0;3.5;0.049;14.38;1.8;343.0
8409;2025-12-17 10:00:00;1.87;93.5;32.8;126.5;7.0;53.0;28.92;711.8;0.0;73.0;3.7;0.197;17.1;5.4;96.0
8410;2025-12-17 11:00:00;1.46;56.4;33.6;90.2;12.0;63.0;31.74;712.0;0.0;66.0;3.6;0.415;17.81;9.0;60.0
8411;2025-12-17 12:00:00;1.15;30.1;31.0;61.2;21.0;72.0;29.27;711.6;0.0;62.0;3.4;0.513;18.59;8.6;63.0
8412;2025-12-17 13:00:00;1.17;28.3;36.3;64.6;25.0;68.0;32.4;710.9;0.0;60.0;3.9;0.547;19.67;7.9;67.0
8413;2025-12-17 14:00:00;1.1;19.7;35.1;54.9;35.0;74.0;30.72;710.0;0.0;58.0;3.9;0.524;20.5;8.7;77.0
8414;2025-12-17 15:00:00;1.04;18.1;30.1;48.3;32.0;76.0;29.34;709.5;0.0;63.0;3.7;0.432;20.15;9.9;54.0
8415;2025-12-17 16:00:00;0.94;14.8;24.3;39.2;27.0;66.0;28.16;709.4;0.0;67.0;3.3;0.294;19.25;9.5;68.0
8416;2025-12-17 17:00:00;0.97;13.3;25.2;38.5;21.0;62.0;27.25;709.7;0.0;72.0;3.2;0.12;17.92;8.9;69.0
8417;2025-12-17 18:00:00;0.99;13.1;29.9;43.1;13.0;60.0;26.28;709.9;0.0;77.0;3.1;0.021;16.58;7.5;41.0
8418;2025-12-17 19:00:00;1.13;17.6;30.6;48.3;7.0;60.0;24.82;710.3;0.0;81.0;3.3;0.0;15.71;6.5;34.0
8419;2025-12-17 20:00:00;1.04;16.3;31.6;47.9;5.0;57.0;24.41;710.8;0.0;83.0;3.1;0.0;15.49;2.6;25.0
8420;2025-12-17 21:00:00;1.01;13.0;30.1;43.2;6.0;55.0;26.33;711.1;0.0;83.0;3.0;0.0;15.53;1.8;30.0
8421;2025-12-17 22:00:00;0.94;8.6;29.1;37.7;6.0;59.0;29.49;711.1;0.0;84.0;2.9;0.0;15.38;1.8;350.0
8422;2025-12-17 23:00:00;1.04;14.8;34.1;49.0;5.0;60.0;32.54;710.6;0.0;84.0;2.9;0.0;15.31;1.8;248.0
8423;2025-12-18 00:00:00;1.08;18.4;32.5;51.0;5.0;67.0;34.34;710.2;0.0;85.0;2.9;0.0;14.87;;238.0
8424;2025-12-18 01:00:00;1.05;12.6;23.3;35.9;5.0;71.0;33.58;709.7;0.0;87.0;2.9;0.0;13.98;;268.0
8425;2025-12-18 02:00:00;1.06;17.2;23.5;40.7;;64.0;32.07;709.2;0.0;88.0;2.9;0.0;13.46;;288.0
8426;2025-12-18 03:00:00;1.06;26.0;25.6;51.7;;59.0;34.75;709.1;0.0;89.0;2.7;0.0;13.01;2.2;290.0
8427;2025-12-18 04:00:00;1.11;39.4;24.9;64.3;;64.0;43.25;708.8;0.0;90.0;2.8;0.0;12.62;1.7;299.0
8428;2025-12-18 05:00:00;1.1;41.4;19.8;61.4;;62.0;34.59;708.7;0.0;90.0;2.9;0.0;12.08;1.7;294.0
8429;2025-12-18 06:00:00;0.8;18.6;22.3;41.0;6.0;55.0;20.59;708.5;0.0;86.0;2.8;0.0;12.49;3.4;240.0
8430;2025-12-18 07:00:00;0.68;17.4;25.8;43.2;7.0;42.0;12.36;708.5;0.0;66.0;2.9;0.0;14.46;4.5;229.0
8431;2025-12-18 08:00:00;1.14;54.7;25.9;80.7;5.0;36.0;13.21;708.9;0.0;61.0;3.2;0.008;14.47;3.9;327.0
8432;2025-12-18 09:00:00;1.09;42.6;28.6;71.4;9.0;43.0;13.05;709.4;0.0;46.0;3.2;0.039;17.99;5.7;233.0
8433;2025-12-18 10:00:00;1.03;33.3;32.6;65.9;15.0;51.0;13.74;709.8;0.0;35.0;3.6;0.189;21.54;5.7;237.0
8434;2025-12-18 11:00:00;0.85;24.1;30.1;54.2;23.0;58.0;11.34;709.9;0.0;29.0;3.7;0.459;24.27;5.1;199.0
8435;2025-12-18 12:00:00;0.83;20.7;31.6;52.3;31.0;51.0;10.29;709.3;0.0;23.0;3.5;0.553;27.47;1.8;84.0
8436;2025-12-18 13:00:00;1.35;31.7;59.2;90.9;34.0;48.0;22.17;709.0;0.0;24.0;6.5;0.584;28.05;9.8;72.0
8437;2025-12-18 14:00:00;1.35;20.4;57.3;77.8;48.0;102.0;23.89;708.5;0.0;23.0;4.6;0.568;28.67;8.4;98.0
8438;2025-12-18 15:00:00;0.57;10.3;18.3;28.6;50.0;88.0;7.97;708.2;0.0;12.0;2.9;0.503;30.91;8.5;302.0
8439;2025-12-18 16:00:00;0.41;8.2;10.9;19.1;46.0;36.0;3.86;708.3;0.0;10.0;2.4;0.371;30.82;9.4;321.0
8440;2025-12-18 17:00:00;0.69;12.2;21.8;34.1;31.0;25.0;4.7;708.7;0.0;11.0;2.5;0.157;30.24;4.0;277.0
8441;2025-12-18 18:00:00;1.22;26.4;37.0;63.5;9.0;25.0;7.27;709.3;0.0;19.0;2.9;0.021;26.52;2.0;187.0
8442;2025-12-18 19:00:00;1.59;34.1;43.7;77.9;5.0;43.0;9.7;710.2;0.0;29.0;3.0;0.0;23.16;1.8;282.0
8443;2025-12-18 20:00:00;2.25;80.2;48.2;128.5;6.0;48.0;12.38;711.3;0.0;35.0;3.4;0.0;21.88;1.8;242.0
8444;2025-12-18 21:00:00;1.59;40.0;52.4;92.5;5.0;56.0;15.32;712.2;0.0;37.0;3.4;0.0;22.17;1.8;276.0
8445;2025-12-18 22:00:00;1.43;31.0;48.6;79.7;5.0;60.0;17.05;713.2;0.0;39.0;4.0;0.0;21.53;2.2;282.0
8446;2025-12-18 23:00:00;1.04;26.9;38.9;65.8;5.0;64.0;14.4;713.8;0.0;36.0;4.1;0.0;20.78;3.2;282.0
8447;2025-12-19 00:00:00;0.58;8.6;23.5;32.3;21.0;59.0;8.05;714.4;0.0;33.0;3.8;0.0;20.79;4.0;268.0
8448;2025-12-19 01:00:00;0.52;6.9;11.0;17.9;35.0;36.0;5.94;715.0;0.0;37.0;3.9;0.0;19.61;8.4;54.0
8449;2025-12-19 02:00:00;0.49;6.3;11.0;17.5;33.0;34.0;6.01;715.6;0.0;43.0;3.4;0.0;17.8;6.7;75.0
8450;2025-12-19 03:00:00;0.48;6.0;8.3;14.4;37.0;34.0;5.0;715.7;0.0;42.0;3.0;0.0;17.2;5.5;74.0
8451;2025-12-19 04:00:00;0.51;5.9;13.2;19.1;29.0;30.0;5.89;715.7;0.0;44.0;3.2;0.0;16.2;3.3;69.0
8452;2025-12-19 05:00:00;0.47;5.9;15.1;21.1;24.0;32.0;6.64;715.7;0.0;47.0;2.9;0.0;15.05;2.0;332.0
8453;2025-12-19 06:00:00;0.56;8.8;21.3;30.2;13.0;35.0;7.52;715.8;0.0;53.0;2.7;0.0;13.99;1.8;243.0
8454;2025-12-19 07:00:00;0.7;15.5;25.1;40.7;6.0;34.0;7.52;716.1;0.0;61.0;2.7;0.0;13.26;1.8;282.0
8455;2025-12-19 08:00:00;0.94;29.8;27.7;57.5;6.0;36.0;8.11;716.3;0.0;59.0;3.0;0.008;13.47;1.9;292.0
8456;2025-12-19 09:00:00;0.84;22.9;23.6;46.6;18.0;47.0;7.31;716.6;0.0;45.0;3.5;0.039;16.89;4.5;65.0
8457;2025-12-19 10:00:00;0.57;11.0;14.9;26.0;33.0;37.0;5.67;716.9;0.0;41.0;3.2;0.186;17.89;7.9;83.0
8458;2025-12-19 11:00:00;0.49;9.1;11.0;20.2;41.0;32.0;4.95;716.7;0.0;38.0;3.0;0.455;18.57;10.3;90.0
8459;2025-12-19 12:00:00;0.49;8.2;10.0;18.2;46.0;30.0;4.9;716.0;0.0;36.0;3.1;0.557;19.35;9.3;59.0
8460;2025-12-19 13:00:00;0.53;10.5;16.1;26.7;46.0;26.0;6.33;715.3;0.0;34.0;4.0;0.598;19.88;8.3;46.0
8461;2025-12-19 14:00:00;0.57;9.9;17.7;27.7;52.0;33.0;7.18;714.4;0.0;32.0;4.0;0.58;21.1;6.8;50.0
8462;2025-12-19 15:00:00;0.59;8.9;17.6;26.7;57.0;35.0;7.31;713.8;0.0;32.0;3.6;0.495;21.53;7.7;66.0
8463;2025-12-19 16:00:00;0.57;8.1;16.1;24.3;57.0;37.0;6.98;713.4;0.0;32.0;3.3;0.356;21.97;6.6;62.0
8464;2025-12-19 17:00:00;0.6;7.2;16.0;23.3;52.0;34.0;6.56;713.2;0.0;35.0;2.9;0.152;21.45;8.6;63.0
8465;2025-12-19 18:00:00;0.66;6.7;19.0;25.8;44.0;37.0;6.32;713.4;0.0;39.0;3.0;0.021;19.95;9.0;72.0
8466;2025-12-19 19:00:00;0.6;5.8;14.7;20.5;49.0;34.0;6.01;713.6;0.0;43.0;2.7;0.0;18.71;9.3;106.0
8467;2025-12-19 20:00:00;0.64;5.8;16.0;21.9;44.0;34.0;6.31;713.8;0.0;44.0;2.6;0.0;18.4;8.8;87.0
8468;2025-12-19 21:00:00;0.65;5.9;17.3;23.3;38.0;32.0;6.9;713.8;0.0;47.0;2.6;0.0;17.9;6.1;85.0
8469;2025-12-19 22:00:00;0.88;9.8;28.5;38.4;17.0;31.0;9.09;714.0;0.0;54.0;2.6;0.0;16.52;3.6;228.0
8470;2025-12-19 23:00:00;1.18;31.2;42.7;74.0;6.0;39.0;16.95;713.9;0.0;53.0;3.2;0.0;16.28;6.1;207.0
8471;2025-12-20 00:00:00;0.92;13.3;39.0;52.4;6.0;61.0;15.08;713.5;0.0;54.0;3.1;0.0;15.91;8.0;221.0
8472;2025-12-20 01:00:00;0.85;16.3;38.1;54.5;6.0;56.0;14.66;713.1;0.0;55.0;3.9;0.0;15.42;8.5;228.0
8473;2025-12-20 02:00:00;0.84;21.2;38.6;60.0;5.0;57.0;15.52;713.0;0.0;56.0;5.1;0.0;14.98;5.5;238.0
8474;2025-12-20 03:00:00;0.85;25.1;37.8;63.0;5.0;53.0;17.46;712.7;0.0;58.0;5.5;0.0;14.34;3.2;295.0
8475;2025-12-20 04:00:00;0.78;20.0;34.6;54.7;5.0;65.0;16.49;712.3;0.0;60.0;5.3;0.0;13.61;3.7;223.0
8476;2025-12-20 05:00:00;0.75;19.6;36.1;55.8;;57.0;20.28;712.1;0.0;60.0;5.3;0.0;13.58;3.6;266.0
8477;2025-12-20 06:00:00;0.67;17.1;34.9;52.2;6.0;89.0;20.9;711.8;0.0;57.0;5.6;0.0;14.17;5.1;226.0
8478;2025-12-20 07:00:00;0.78;28.4;32.3;60.8;5.0;71.0;19.04;711.9;0.0;58.0;4.6;0.0;13.74;3.4;305.0
8479;2025-12-20 08:00:00;0.95;43.2;30.8;74.1;5.0;62.0;15.25;712.0;0.0;57.0;4.3;0.008;13.8;3.5;317.0
8480;2025-12-20 09:00:00;1.38;85.6;35.4;121.1;7.0;52.0;18.69;712.4;0.0;51.0;4.5;0.039;17.03;3.3;352.0
8481;2025-12-20 10:00:00;1.36;64.4;41.5;106.0;11.0;69.0;22.77;712.5;0.0;42.0;4.4;0.184;19.53;4.3;336.0
8482;2025-12-20 11:00:00;1.38;48.6;45.1;93.8;17.0;78.0;24.15;712.4;0.0;34.0;4.6;0.45;22.65;4.7;23.0
8483;2025-12-20 12:00:00;1.14;31.0;44.7;75.7;27.0;79.0;20.53;711.9;0.0;23.0;5.2;0.553;26.03;6.9;88.0
8484;2025-12-20 13:00:00;1.17;48.9;57.3;106.3;24.0;66.0;23.75;711.4;0.0;21.0;16.3;0.588;27.67;6.6;88.0
8485;2025-12-20 14:00:00;0.89;12.2;32.7;45.0;62.0;74.0;13.03;710.7;0.0;22.0;6.4;0.572;28.66;7.7;95.0
8486;2025-12-20 15:00:00;0.89;9.5;27.6;37.1;76.0;54.0;11.62;710.1;0.0;18.0;5.2;0.484;30.21;6.3;95.0
8487;2025-12-20 16:00:00;0.82;7.6;21.8;29.5;86.0;46.0;10.2;709.9;0.0;17.0;3.9;0.352;30.96;7.3;106.0
8488;2025-12-20 17:00:00;0.67;6.6;15.0;21.7;68.0;42.0;7.51;709.9;0.0;23.0;3.4;0.154;29.83;7.2;114.0
8489;2025-12-20 18:00:00;0.85;6.6;21.9;28.6;48.0;30.0;8.69;710.2;0.0;30.0;3.4;0.021;26.16;2.7;275.0
8490;2025-12-20 19:00:00;1.03;6.7;36.8;43.5;25.0;34.0;10.1;710.7;0.0;37.0;3.3;0.0;23.3;1.9;299.0
8491;2025-12-20 20:00:00;1.3;15.9;48.0;64.0;10.0;36.0;14.29;711.3;0.0;45.0;3.4;0.0;21.79;2.0;240.0
8492;2025-12-20 21:00:00;1.53;15.4;50.5;66.0;6.0;52.0;15.56;711.7;0.0;48.0;3.5;0.0;21.16;2.4;234.0
8493;2025-12-20 22:00:00;1.59;28.5;48.5;77.1;6.0;53.0;18.49;712.0;0.0;44.0;4.2;0.0;20.58;4.2;237.0
8494;2025-12-20 23:00:00;1.27;23.3;46.1;69.5;6.0;60.0;24.23;712.3;0.0;37.0;9.3;0.0;20.54;7.4;225.0
8495;2025-12-21 00:00:00;1.08;14.1;41.8;56.0;;83.0;25.24;712.3;0.0;35.0;10.7;0.0;19.87;4.1;231.0
8496;2025-12-21 01:00:00;0.97;13.6;38.6;52.3;7.0;108.0;25.78;712.2;0.0;33.0;8.0;0.0;19.45;2.5;275.0
8497;2025-12-21 02:00:00;0.85;11.9;31.4;43.4;10.0;103.0;21.14;712.1;0.0;30.0;6.0;0.0;19.21;3.3;243.0
8498;2025-12-21 03:00:00;0.75;8.9;27.2;36.2;12.0;70.0;11.86;712.1;0.0;29.0;5.1;0.0;19.11;3.1;320.0
8499;2025-12-21 04:00:00;0.55;7.4;20.9;28.4;18.0;50.0;10.11;712.1;0.0;27.0;5.5;0.0;19.28;4.6;245.0
8500;2025-12-21 05:00:00;0.52;7.4;20.8;28.3;17.0;57.0;8.62;712.1;0.0;28.0;5.2;0.0;18.8;2.1;323.0
8501;2025-12-21 06:00:00;0.66;8.1;25.8;33.9;10.0;46.0;10.65;712.3;0.0;36.0;3.7;0.0;17.41;1.9;304.0
8502;2025-12-21 07:00:00;0.56;7.7;21.1;28.9;12.0;43.0;10.55;712.8;0.0;35.0;3.5;0.0;16.47;1.8;255.0
8503;2025-12-21 08:00:00;0.59;10.1;22.9;33.0;12.0;41.0;9.47;713.3;0.0;31.0;3.8;0.007;17.41;2.9;165.0
8504;2025-12-21 09:00:00;0.48;10.1;18.0;28.2;24.0;36.0;6.46;713.9;0.0;21.0;7.1;0.038;21.7;6.7;221.0
8505;2025-12-21 10:00:00;0.5;10.8;16.8;27.7;32.0;32.0;5.7;714.3;0.0;19.0;7.6;0.18;23.82;8.9;216.0
8506;2025-12-21 11:00:00;0.52;10.3;16.8;27.2;43.0;32.0;6.16;714.5;0.0;16.0;6.4;0.459;26.96;4.1;289.0
8507;2025-12-21 12:00:00;0.75;23.7;31.8;55.6;34.0;32.0;10.84;714.5;0.0;15.0;8.6;0.553;28.33;3.0;35.0
8508;2025-12-21 13:00:00;0.94;14.8;35.7;50.7;52.0;45.0;13.27;713.9;0.0;18.0;6.1;0.6;28.24;9.0;85.0
8509;2025-12-21 14:00:00;0.74;10.9;28.0;39.0;65.0;54.0;13.06;713.3;0.0;16.0;7.3;0.584;29.03;8.9;81.0
8510;2025-12-21 15:00:00;0.58;6.9;13.5;20.4;83.0;48.0;7.82;713.1;0.0;17.0;4.8;0.509;29.45;9.4;85.0
8511;2025-12-21 16:00:00;0.74;6.5;17.7;24.4;99.0;35.0;10.35;713.1;0.0;20.0;4.8;0.363;29.23;12.4;64.0
8512;2025-12-21 17:00:00;0.72;6.3;15.5;21.9;86.0;51.0;10.02;713.4;0.0;26.0;8.7;0.157;27.85;12.4;72.0
8513;2025-12-21 18:00:00;0.84;6.3;18.0;24.5;88.0;41.0;13.44;713.8;0.0;32.0;19.8;0.021;26.02;9.6;67.0
8514;2025-12-21 19:00:00;0.85;6.6;18.7;25.5;79.0;46.0;13.69;714.4;0.0;33.0;18.9;0.0;24.77;8.0;83.0
8515;2025-12-21 20:00:00;0.72;6.4;13.7;20.2;62.0;41.0;10.04;715.2;0.0;37.0;10.2;0.0;23.65;7.1;88.0
8516;2025-12-21 21:00:00;0.75;6.0;15.5;21.6;54.0;33.0;10.18;715.6;0.0;39.0;8.9;0.0;23.1;6.9;82.0
8517;2025-12-21 22:00:00;0.88;6.1;21.4;27.6;37.0;33.0;11.9;716.0;0.0;44.0;6.1;0.0;21.67;2.1;130.0
8518;2025-12-21 23:00:00;0.86;6.3;18.5;24.9;35.0;34.0;12.41;716.0;0.0;51.0;4.8;0.0;20.0;1.8;242.0
8519;2025-12-22 00:00:00;1.01;10.0;32.6;42.6;15.0;35.0;14.26;716.0;0.0;56.0;4.6;0.0;19.28;1.8;207.0
8520;2025-12-22 01:00:00;1.3;11.5;39.2;50.7;8.0;41.0;16.26;715.9;0.0;58.0;4.0;0.0;18.31;1.8;230.0
8521;2025-12-22 02:00:00;0.93;6.8;21.8;28.6;27.0;41.0;13.04;715.7;0.0;59.0;3.9;0.0;17.88;;247.0
8522;2025-12-22 03:00:00;0.83;6.7;21.4;28.2;26.0;34.0;12.92;715.6;0.0;59.0;3.8;0.0;18.09;;257.0
8523;2025-12-22 04:00:00;0.74;6.6;20.9;27.6;25.0;33.0;15.46;715.4;0.0;53.0;9.6;0.0;17.66;6.5;220.0
8524;2025-12-22 05:00:00;0.58;6.6;15.2;22.0;34.0;46.0;12.68;715.4;0.0;46.0;11.5;0.0;17.32;7.4;218.0
8525;2025-12-22 06:00:00;0.58;6.5;15.2;21.8;33.0;39.0;10.3;715.6;0.0;45.0;8.6;0.0;16.94;5.2;212.0
8526;2025-12-22 07:00:00;0.62;7.0;23.6;30.7;22.0;33.0;9.87;716.0;0.0;47.0;7.6;0.0;16.55;3.5;201.0
8527;2025-12-22 08:00:00;0.84;13.5;33.3;46.8;9.0;35.0;11.58;716.5;0.0;49.0;8.3;0.009;16.49;3.4;214.0
8528;2025-12-22 09:00:00;1.09;35.2;34.8;70.1;9.0;39.0;12.74;716.9;0.0;44.0;8.7;0.051;19.21;2.2;237.0
8529;2025-12-22 10:00:00;0.89;18.8;26.7;45.6;25.0;46.0;13.6;717.1;0.0;48.0;6.9;0.18;21.29;4.3;9.0
8530;2025-12-22 11:00:00;0.99;16.7;27.3;44.1;33.0;40.0;15.0;717.1;0.0;46.0;6.7;0.42;22.49;4.7;35.0
8531;2025-12-22 12:00:00;0.89;10.7;19.2;30.1;47.0;42.0;14.72;716.6;0.0;51.0;6.2;0.523;23.38;6.1;64.0
8532;2025-12-22 13:00:00;0.81;8.9;15.5;24.5;54.0;39.0;15.71;715.8;0.0;55.0;6.2;0.561;23.54;8.9;39.0
8533;2025-12-22 14:00:00;0.74;8.3;15.6;23.9;58.0;45.0;13.32;714.9;0.0;49.0;7.7;0.556;24.88;8.0;24.0
8534;2025-12-22 15:00:00;0.73;6.7;10.7;17.5;58.0;38.0;11.37;714.4;0.0;46.0;6.3;0.486;25.67;11.3;70.0
8535;2025-12-22 16:00:00;0.68;5.9;8.1;14.1;51.0;34.0;10.35;714.2;0.0;49.0;4.8;0.32;25.89;10.6;95.0
8536;2025-12-22 17:00:00;0.67;6.2;8.0;14.3;31.0;33.0;9.01;714.2;0.0;55.0;3.9;0.184;25.6;11.8;92.0
8537;2025-12-22 18:00:00;0.65;6.0;8.2;14.4;26.0;29.0;8.01;714.4;0.0;58.0;3.5;0.035;24.38;13.6;111.0
8538;2025-12-22 19:00:00;0.71;5.6;9.4;15.1;24.0;29.0;8.23;714.7;0.0;61.0;3.2;0.0;23.53;12.4;113.0
8539;2025-12-22 20:00:00;0.67;5.5;8.3;14.0;24.0;26.0;6.02;714.9;0.0;63.0;3.0;0.0;22.92;14.3;116.0
8540;2025-12-22 21:00:00;0.61;5.2;6.7;12.1;25.0;20.0;4.67;715.1;0.0;65.0;3.0;0.0;22.28;11.4;104.0
8541;2025-12-22 22:00:00;0.61;5.1;7.6;12.9;24.0;18.0;4.27;715.3;0.0;65.0;2.9;0.0;21.89;7.0;91.0
8542;2025-12-22 23:00:00;0.63;5.6;10.7;16.4;18.0;18.0;4.2;715.4;0.0;66.0;2.8;0.0;21.04;2.9;355.0
8543;2025-12-23 00:00:00;0.91;22.2;23.2;45.5;4.0;20.0;8.57;715.4;0.0;73.0;3.1;0.0;19.95;5.1;346.0
8544;2025-12-23 01:00:00;0.76;13.3;19.3;32.8;6.0;39.0;7.96;715.5;0.0;79.0;3.2;0.0;18.71;5.6;52.0
8545;2025-12-23 02:00:00;0.8;11.3;20.3;31.8;5.0;34.0;11.81;715.4;0.0;82.0;3.3;0.0;18.29;5.3;10.0
8546;2025-12-23 03:00:00;0.74;5.7;17.7;23.5;7.0;34.0;17.06;715.3;0.0;82.0;3.1;0.0;18.1;3.0;346.0
8547;2025-12-23 04:00:00;0.74;5.7;17.3;23.1;7.0;40.0;18.03;715.2;0.0;82.0;2.9;0.0;18.01;3.3;7.0
8548;2025-12-23 05:00:00;0.74;6.0;18.9;25.1;5.0;36.0;15.29;715.3;0.0;82.0;2.9;0.0;17.96;3.7;11.0
8549;2025-12-23 06:00:00;0.73;6.1;18.5;24.7;6.0;40.0;14.72;715.5;0.0;82.0;2.7;0.0;17.85;3.5;61.0
8550;2025-12-23 07:00:00;0.73;7.0;16.4;23.5;7.0;37.0;14.45;715.8;0.0;81.0;2.9;0.0;17.91;3.9;350.0
8551;2025-12-23 08:00:00;0.72;9.2;15.7;25.0;8.0;38.0;13.2;716.2;0.0;79.0;2.8;0.003;18.07;5.1;317.0
8552;2025-12-23 09:00:00;0.82;12.8;16.3;29.2;9.0;34.0;17.57;716.7;0.0;75.0;2.8;0.041;18.43;4.7;281.0
8553;2025-12-23 10:00:00;0.86;20.5;19.7;40.3;12.0;44.0;22.12;717.0;0.0;70.0;3.2;0.15;19.43;6.0;235.0
8554;2025-12-23 11:00:00;0.97;25.7;23.3;49.0;15.0;62.0;23.23;717.1;0.0;68.0;3.7;0.254;20.24;4.7;78.0
8555;2025-12-23 12:00:00;1.07;36.2;28.0;64.3;13.0;68.0;27.52;716.8;0.0;67.0;4.6;0.339;21.07;6.7;41.0
8556;2025-12-23 13:00:00;1.0;27.8;29.5;57.3;21.0;77.0;27.32;716.2;0.0;63.0;6.2;0.527;22.11;8.0;31.0
8557;2025-12-23 14:00:00;0.96;16.6;28.9;45.5;36.0;75.0;24.32;715.4;0.0;59.0;6.2;0.479;23.02;9.5;51.0
8558;2025-12-23 15:00:00;0.82;9.7;18.4;28.2;48.0;66.0;17.46;715.0;0.0;57.0;4.7;0.395;23.62;10.9;33.0
8559;2025-12-23 16:00:00;0.62;6.3;7.5;13.9;45.0;47.0;8.46;714.8;0.0;52.0;3.9;0.241;24.49;11.2;130.0
8560;2025-12-23 17:00:00;0.61;5.9;7.7;13.7;36.0;29.0;7.29;714.9;0.0;55.0;3.4;0.069;23.66;10.4;123.0
8561;2025-12-23 18:00:00;0.67;5.9;10.1;16.1;30.0;25.0;6.82;715.1;0.0;59.0;3.1;0.022;23.09;9.3;128.0
8562;2025-12-23 19:00:00;0.7;5.5;11.3;16.9;25.0;24.0;7.47;715.3;0.0;62.0;3.0;0.0;22.57;9.3;111.0
8563;2025-12-23 20:00:00;0.71;5.6;11.9;17.5;23.0;26.0;7.03;715.5;0.0;63.0;3.0;0.0;22.35;9.5;125.0
8564;2025-12-23 21:00:00;0.7;5.5;12.1;17.7;22.0;27.0;6.7;715.9;0.0;62.0;3.0;0.0;22.39;5.7;87.0
8565;2025-12-23 22:00:00;1.03;23.3;24.9;48.2;5.0;22.0;10.92;716.1;0.0;62.0;3.2;0.0;21.87;2.8;21.0
8566;2025-12-23 23:00:00;0.72;9.4;12.0;21.6;21.0;42.0;7.31;716.2;0.0;64.0;2.8;0.0;21.61;5.9;124.0
8567;2025-12-24 00:00:00;0.65;6.7;15.3;22.1;16.0;23.0;6.71;716.2;0.0;67.0;2.8;0.0;21.09;4.6;32.0
8568;2025-12-24 01:00:00;0.66;6.2;15.1;21.4;13.0;25.0;7.66;716.2;0.0;74.0;2.8;0.0;19.72;5.8;28.0
8569;2025-12-24 02:00:00;0.69;6.1;18.6;24.9;9.0;22.0;8.1;716.3;0.0;79.0;2.8;0.0;18.86;4.9;359.0
8570;2025-12-24 03:00:00;0.64;6.2;16.5;22.8;11.0;32.0;8.74;716.4;0.0;80.0;3.0;0.0;18.84;4.5;26.0
8571;2025-12-24 04:00:00;0.61;5.6;12.1;17.8;15.0;34.0;7.58;716.4;0.0;81.0;3.3;0.0;18.6;2.8;82.0
8572;2025-12-24 05:00:00;0.62;5.4;10.0;15.6;16.0;28.0;7.7;716.4;0.0;82.0;3.2;0.0;18.51;1.8;56.0
8573;2025-12-24 06:00:00;0.64;5.6;13.0;18.7;11.0;25.0;9.16;716.5;0.0;82.0;3.1;0.0;18.53;1.8;49.0
8574;2025-12-24 07:00:00;0.66;6.1;16.6;22.7;7.0;31.0;10.78;716.6;0.0;83.0;3.0;0.0;18.41;1.8;73.0
8575;2025-12-24 08:00:00;0.73;10.7;19.3;30.2;5.0;39.0;13.52;717.0;0.0;82.0;3.0;0.007;18.62;;42.0
8576;2025-12-24 09:00:00;0.78;17.3;17.6;35.0;8.0;41.0;14.46;717.5;0.0;79.0;3.1;0.065;19.57;;216.0
8577;2025-12-24 10:00:00;0.9;21.8;19.8;41.7;10.0;44.0;16.23;717.9;0.0;72.0;3.3;0.133;20.74;;110.0
8578;2025-12-24 11:00:00;0.98;19.3;21.3;40.8;11.0;48.0;18.76;717.9;0.0;75.0;3.2;0.126;20.28;5.8;10.0
8579;2025-12-24 12:00:00;0.87;14.7;19.4;34.2;19.0;58.0;17.92;717.5;0.0;71.0;3.5;0.262;21.19;7.3;12.0
8580;2025-12-24 13:00:00;0.81;12.2;18.9;31.2;32.0;53.0;18.21;716.8;0.0;62.0;4.2;0.414;23.29;6.1;36.0
8581;2025-12-24 14:00:00;0.71;7.3;12.8;20.1;44.0;49.0;13.32;716.0;0.0;63.0;3.9;0.203;23.06;7.3;64.0
8582;2025-12-24 15:00:00;0.7;6.7;9.6;16.4;39.0;38.0;8.61;715.6;0.0;61.0;3.4;0.157;23.29;7.5;54.0
8583;2025-12-24 16:00:00;0.62;5.8;6.5;12.5;37.0;28.0;6.89;715.4;0.0;59.0;3.1;0.127;23.79;7.8;106.0
8584;2025-12-24 17:00:00;0.64;5.9;8.5;14.5;31.0;25.0;7.56;715.5;0.0;61.0;2.9;0.068;23.45;8.4;83.0
8585;2025-12-24 18:00:00;0.7;5.7;10.3;16.1;26.0;23.0;8.27;715.8;0.0;63.0;2.7;0.023;23.12;6.5;76.0
8586;2025-12-24 19:00:00;0.69;5.2;9.3;14.7;26.0;26.0;8.39;716.0;0.0;65.0;2.8;0.0;22.62;4.0;90.0
8587;2025-12-24 20:00:00;0.76;5.2;12.1;17.4;19.0;25.0;9.47;716.2;0.0;68.0;2.6;0.0;21.61;2.3;27.0
8588;2025-12-24 21:00:00;0.8;5.4;13.0;18.4;17.0;27.0;10.72;716.3;0.0;70.0;2.5;0.0;21.15;2.1;46.0
8589;2025-12-24 22:00:00;0.97;8.0;16.6;24.6;11.0;29.0;15.88;716.5;0.0;72.0;2.5;0.0;20.64;2.4;309.0
8590;2025-12-24 23:00:00;1.76;26.4;24.9;51.3;6.0;38.0;;716.4;0.0;74.0;2.7;0.0;20.2;1.9;319.0
8591;2025-12-25 00:00:00;1.31;9.6;21.8;31.5;7.0;82.0;31.85;716.4;0.0;75.0;2.5;0.0;19.73;2.5;323.0
8592;2025-12-25 01:00:00;0.83;6.0;11.6;17.8;13.0;63.0;15.6;716.3;0.0;78.0;2.5;0.0;19.03;2.5;307.0
8593;2025-12-25 02:00:00;0.75;5.9;8.2;14.3;14.0;36.0;10.55;716.1;0.0;82.0;2.4;0.0;18.15;1.9;294.0
8594;2025-12-25 03:00:00;0.77;6.0;8.0;14.1;10.0;27.0;11.22;715.8;0.0;85.0;2.4;0.0;17.52;1.8;281.0
8595;2025-12-25 04:00:00;0.79;6.0;8.6;14.8;9.0;29.0;12.87;715.7;0.0;86.0;2.2;0.0;17.14;1.8;315.0
8596;2025-12-25 05:00:00;0.9;6.2;10.6;16.9;6.0;32.0;14.92;715.7;0.0;87.0;2.4;0.0;16.85;1.8;312.0
8597;2025-12-25 06:00:00;0.88;6.1;11.1;17.4;8.0;36.0;24.86;715.7;0.0;87.0;2.3;0.0;17.06;2.7;315.0
8598;2025-12-25 07:00:00;0.96;6.1;13.6;19.8;8.0;49.0;26.21;715.9;0.0;87.0;2.5;0.0;17.08;2.0;289.0
8599;2025-12-25 08:00:00;0.85;6.3;9.6;16.1;10.0;47.0;20.04;716.3;0.0;87.0;2.5;0.003;16.99;1.7;255.0
8600;2025-12-25 09:00:00;0.87;11.9;12.9;25.0;7.0;37.0;19.01;716.6;0.0;84.0;2.4;0.03;16.91;6.3;229.0
8601;2025-12-25 10:00:00;0.85;10.4;12.2;22.7;11.0;39.0;25.14;716.9;0.0;80.0;2.5;0.083;17.48;8.9;230.0
8602;2025-12-25 11:00:00;0.77;9.3;9.4;18.8;21.0;54.0;21.37;716.6;0.0;73.0;2.6;0.267;19.75;5.6;272.0
8603;2025-12-25 12:00:00;0.69;7.4;5.8;13.3;27.0;40.0;10.79;716.1;0.0;70.0;2.5;0.472;20.92;6.7;353.0
8604;2025-12-25 13:00:00;0.71;6.8;6.1;13.1;35.0;30.0;12.71;715.1;0.0;66.0;2.5;0.561;21.97;6.9;349.0
8605;2025-12-25 14:00:00;0.72;5.8;6.2;12.1;51.0;27.0;12.61;714.3;0.0;58.0;2.6;0.542;23.82;5.4;23.0
8606;2025-12-25 15:00:00;0.87;7.0;12.7;19.8;55.0;30.0;16.18;713.7;0.0;53.0;3.1;0.455;25.3;5.5;88.0
8607;2025-12-25 16:00:00;0.89;5.9;12.4;18.4;67.0;38.0;19.47;713.5;0.0;54.0;3.3;0.329;24.94;8.6;54.0
8608;2025-12-25 17:00:00;0.78;5.4;8.2;13.8;59.0;46.0;13.78;713.4;0.0;55.0;2.9;0.14;24.91;8.5;45.0
8609;2025-12-25 18:00:00;0.71;5.1;6.7;12.0;49.0;31.0;12.03;713.6;0.0;55.0;2.7;0.023;24.08;6.5;81.0
8610;2025-12-25 19:00:00;0.68;5.1;7.2;12.5;37.0;28.0;9.97;713.9;0.0;58.0;2.6;0.0;23.14;5.9;78.0
8611;2025-12-25 20:00:00;0.72;5.7;11.1;16.9;29.0;26.0;9.34;714.1;0.0;61.0;2.6;0.0;22.59;4.4;55.0
8612;2025-12-25 21:00:00;0.74;5.3;10.2;15.7;26.0;27.0;9.54;714.4;0.0;63.0;2.4;0.0;22.15;4.0;54.0
8613;2025-12-25 22:00:00;0.92;8.1;21.9;30.1;11.0;28.0;11.56;714.6;0.0;66.0;2.4;0.0;21.4;3.0;321.0
8614;2025-12-25 23:00:00;1.33;17.2;25.8;43.0;5.0;37.0;16.24;714.4;0.0;69.0;2.5;0.0;20.78;3.7;296.0
8615;2025-12-26 00:00:00;1.28;17.9;24.6;42.5;5.0;42.0;16.33;714.3;0.0;72.0;2.7;0.0;20.11;3.2;279.0
8616;2025-12-26 01:00:00;1.12;11.8;21.8;33.7;5.0;42.0;14.16;714.0;0.0;74.0;2.6;0.0;19.1;2.0;245.0
8617;2025-12-26 02:00:00;0.85;6.2;17.2;23.5;9.0;35.0;12.09;713.7;0.0;73.0;2.5;0.0;18.57;2.4;244.0
8618;2025-12-26 03:00:00;0.71;5.9;13.1;19.0;15.0;35.0;11.36;713.5;0.0;70.0;2.5;0.0;18.66;6.6;241.0
8619;2025-12-26 04:00:00;0.67;5.8;14.4;20.2;13.0;33.0;11.52;713.4;0.0;70.0;2.7;0.0;18.03;2.6;227.0
8620;2025-12-26 05:00:00;0.63;5.9;11.2;17.1;15.0;32.0;10.56;713.3;0.0;71.0;2.6;0.0;17.65;2.6;254.0
8621;2025-12-26 06:00:00;0.61;6.2;15.7;22.0;11.0;34.0;10.69;713.3;0.0;67.0;2.9;0.0;17.71;4.0;223.0
8622;2025-12-26 07:00:00;0.64;8.3;18.3;26.8;8.0;47.0;9.03;713.4;0.0;64.0;2.9;0.0;17.8;4.9;220.0
8623;2025-12-26 08:00:00;0.82;20.4;20.8;41.4;6.0;29.0;9.23;713.7;0.0;63.0;3.1;0.007;17.44;2.8;266.0
8624;2025-12-26 09:00:00;1.0;31.8;22.1;53.9;8.0;35.0;10.63;713.9;0.0;53.0;3.7;0.039;20.26;3.8;234.0
8625;2025-12-26 10:00:00;0.89;23.9;22.5;46.5;15.0;43.0;9.78;714.0;0.0;44.0;3.7;0.166;22.65;2.5;196.0
8626;2025-12-26 11:00:00;0.79;17.2;20.3;37.6;24.0;39.0;9.06;713.9;0.0;39.0;3.6;0.426;25.21;3.0;42.0
8627;2025-12-26 12:00:00;0.8;11.2;14.4;25.7;36.0;36.0;9.09;713.4;0.0;45.0;4.2;0.525;25.92;4.9;21.0
8628;2025-12-26 13:00:00;1.16;13.5;24.6;38.2;40.0;33.0;15.99;712.6;0.0;45.0;5.8;0.55;26.63;5.8;45.0
8629;2025-12-26 14:00:00;0.82;9.3;18.4;27.9;53.0;53.0;12.71;711.8;0.0;41.0;5.0;0.552;27.24;5.3;57.0
8630;2025-12-26 15:00:00;0.73;7.3;13.7;21.1;62.0;49.0;9.66;711.3;0.0;37.0;4.3;0.48;27.83;8.5;54.0
8631;2025-12-26 16:00:00;0.79;6.2;12.9;19.2;71.0;37.0;9.86;711.1;0.0;42.0;3.9;0.343;27.49;10.9;67.0
8632;2025-12-26 17:00:00;0.81;5.9;15.5;21.4;74.0;41.0;12.27;711.1;0.0;49.0;12.5;0.152;26.52;11.3;63.0
8633;2025-12-26 18:00:00;0.89;5.7;19.0;24.8;67.0;54.0;12.65;711.2;0.0;53.0;14.7;0.023;25.48;8.3;74.0
8634;2025-12-26 19:00:00;0.86;5.7;15.8;21.5;68.0;53.0;12.66;711.4;0.0;56.0;9.2;0.0;24.42;9.9;88.0
8635;2025-12-26 20:00:00;0.8;5.8;11.9;17.8;59.0;46.0;10.39;711.6;0.0;57.0;5.4;0.0;23.66;7.5;85.0
8636;2025-12-26 21:00:00;0.8;5.5;11.6;17.2;49.0;34.0;10.03;711.8;0.0;58.0;4.0;0.0;22.99;4.8;93.0
8637;2025-12-26 22:00:00;0.69;5.4;8.1;13.6;43.0;35.0;9.41;711.8;0.0;57.0;3.6;0.0;22.81;5.4;117.0
8638;2025-12-26 23:00:00;0.8;5.7;16.7;22.5;22.0;28.0;9.43;711.8;0.0;62.0;3.1;0.0;21.48;1.8;7.0
8639;2025-12-27 00:00:00;0.95;6.4;28.5;35.0;8.0;27.0;11.7;711.7;0.0;65.0;3.0;0.0;20.62;1.8;239.0
8640;2025-12-27 01:00:00;1.25;26.6;32.4;59.1;5.0;33.0;19.22;711.6;0.0;69.0;3.1;0.0;19.87;2.5;30.0
8641;2025-12-27 02:00:00;1.32;33.7;32.1;65.8;5.0;71.0;22.66;711.3;0.0;72.0;3.1;0.0;18.97;2.7;232.0
8642;2025-12-27 03:00:00;1.02;10.9;30.5;41.4;6.0;69.0;15.11;711.0;0.0;69.0;3.0;0.0;18.62;3.6;235.0
8643;2025-12-27 04:00:00;0.86;6.8;25.5;32.3;7.0;49.0;12.74;711.0;0.0;69.0;3.0;0.0;17.98;1.8;228.0
8644;2025-12-27 05:00:00;1.08;26.4;23.1;49.4;5.0;41.0;16.94;710.9;0.0;78.0;3.3;0.0;17.16;1.8;270.0
8645;2025-12-27 06:00:00;1.03;28.4;22.5;50.9;5.0;48.0;17.07;710.8;0.0;79.0;3.6;0.0;16.74;1.8;246.0
8646;2025-12-27 07:00:00;0.86;16.1;23.0;39.1;5.0;44.0;11.73;710.8;0.0;75.0;3.4;0.0;16.23;1.9;253.0
8647;2025-12-27 08:00:00;0.9;29.5;22.7;52.3;;33.0;11.66;711.0;0.0;71.0;3.2;0.007;16.21;1.8;275.0
8648;2025-12-27 09:00:00;1.01;32.9;18.6;51.6;7.0;39.0;19.7;711.4;0.0;78.0;3.2;0.049;17.97;1.8;3.0
8649;2025-12-27 10:00:00;1.18;28.9;22.4;51.4;13.0;59.0;25.53;711.7;0.0;70.0;3.4;0.169;20.15;2.3;20.0
8650;2025-12-27 11:00:00;1.25;24.6;24.7;49.2;20.0;73.0;27.95;711.6;0.0;62.0;3.8;0.404;21.67;5.2;9.0
8651;2025-12-27 12:00:00;1.18;17.3;26.4;43.7;32.0;80.0;24.61;711.1;0.0;53.0;4.5;0.512;23.94;5.1;31.0
8652;2025-12-27 13:00:00;1.04;15.1;26.8;42.0;39.0;70.0;21.89;710.2;0.0;51.0;5.6;0.558;24.69;6.8;30.0
8653;2025-12-27 14:00:00;0.93;12.8;26.2;39.0;47.0;76.0;20.3;709.3;0.0;48.0;7.0;0.546;25.67;8.2;41.0
8654;2025-12-27 15:00:00;0.95;8.2;20.3;28.6;68.0;72.0;20.77;708.7;0.0;49.0;6.2;0.467;25.9;10.4;67.0
8655;2025-12-27 16:00:00;0.93;7.5;18.9;26.5;67.0;69.0;23.75;708.6;0.0;52.0;4.5;0.324;25.89;11.2;41.0
8656;2025-12-27 17:00:00;0.89;6.6;16.8;23.6;67.0;62.0;17.36;708.5;0.0;49.0;4.0;0.156;25.9;10.2;60.0
8657;2025-12-27 18:00:00;0.75;5.7;9.6;15.4;66.0;46.0;12.41;708.8;0.0;51.0;3.6;0.025;24.58;9.3;102.0
8658;2025-12-27 19:00:00;0.7;5.4;7.5;13.1;46.0;39.0;9.26;709.0;0.0;55.0;3.2;0.0;23.57;9.1;122.0
8659;2025-12-27 20:00:00;0.66;5.4;6.8;12.3;37.0;26.0;7.97;709.2;0.0;58.0;3.0;0.0;23.21;8.2;114.0
8660;2025-12-27 21:00:00;0.71;5.5;8.5;14.1;31.0;27.0;8.69;709.5;0.0;60.0;2.8;0.0;22.9;6.1;104.0
8661;2025-12-27 22:00:00;0.73;5.4;10.1;15.6;28.0;24.0;8.8;709.5;0.0;60.0;2.6;0.0;22.29;4.7;145.0
8662;2025-12-27 23:00:00;0.87;5.7;15.5;21.3;21.0;24.0;10.82;709.5;0.0;62.0;2.6;0.0;21.32;4.6;185.0
8663;2025-12-28 00:00:00;1.09;6.7;27.9;34.7;9.0;30.0;14.69;709.5;0.0;65.0;2.7;0.0;19.78;2.8;271.0
8664;2025-12-28 01:00:00;1.1;9.7;26.6;36.4;6.0;45.0;16.08;709.5;0.0;71.0;2.8;0.0;19.07;1.8;336.0
8665;2025-12-28 02:00:00;0.82;7.1;18.5;25.7;7.0;41.0;12.39;709.4;0.0;78.0;2.6;0.0;18.23;1.8;343.0
8666;2025-12-28 03:00:00;0.77;6.8;17.4;24.3;6.0;36.0;13.93;709.3;0.0;81.0;2.6;0.0;17.52;1.8;271.0
8667;2025-12-28 04:00:00;0.81;7.0;16.2;23.3;6.0;34.0;11.33;709.0;0.0;84.0;2.6;0.0;16.99;;267.0
8668;2025-12-28 05:00:00;0.93;10.0;17.3;27.4;5.0;29.0;11.05;709.0;0.0;84.0;2.6;0.0;16.53;2.0;240.0
8669;2025-12-28 06:00:00;0.88;7.7;18.2;26.1;5.0;29.0;15.97;709.2;0.0;83.0;2.5;0.0;16.28;2.1;283.0
8670;2025-12-28 07:00:00;0.85;7.2;16.8;24.1;6.0;35.0;20.33;709.5;0.0;87.0;2.5;0.0;16.75;3.0;313.0
8671;2025-12-28 08:00:00;0.86;8.2;16.6;25.0;7.0;46.0;25.85;709.9;0.0;87.0;2.5;0.005;16.56;3.1;296.0
8672;2025-12-28 09:00:00;0.88;11.3;14.6;26.1;11.0;55.0;22.87;710.4;0.0;85.0;2.4;0.068;17.34;2.1;255.0
8673;2025-12-28 10:00:00;0.86;13.0;13.4;26.6;18.0;57.0;21.74;710.8;0.0;71.0;2.6;0.176;20.21;1.8;284.0
8674;2025-12-28 11:00:00;0.83;13.5;14.8;28.5;25.0;53.0;20.43;710.8;0.0;58.0;2.8;0.416;22.44;4.3;3.0
8675;2025-12-28 12:00:00;1.01;14.7;21.8;36.6;32.0;50.0;22.33;710.6;0.0;52.0;3.4;0.513;24.34;4.8;29.0
8676;2025-12-28 13:00:00;1.21;13.8;26.7;40.6;43.0;68.0;23.99;710.0;0.0;50.0;5.2;0.56;25.27;6.6;51.0
8677;2025-12-28 14:00:00;1.0;9.1;21.8;31.0;64.0;76.0;19.5;709.5;0.0;45.0;5.9;0.556;26.55;7.5;83.0
8678;2025-12-28 15:00:00;0.89;7.2;17.4;24.6;79.0;58.0;17.19;709.3;0.0;42.0;5.4;0.476;27.34;9.5;65.0
8679;2025-12-28 16:00:00;0.89;5.8;12.5;18.3;94.0;57.0;18.13;709.4;0.0;43.0;4.7;0.343;27.43;8.5;84.0
8680;2025-12-28 17:00:00;0.85;5.5;11.6;17.2;83.0;52.0;17.53;709.7;0.0;46.0;4.0;0.159;27.39;6.9;63.0
8681;2025-12-28 18:00:00;1.01;5.5;18.2;23.7;67.0;53.0;21.84;710.2;0.0;56.0;3.3;0.024;25.29;7.8;46.0
8682;2025-12-28 19:00:00;0.98;5.6;17.7;23.4;60.0;61.0;20.01;710.8;0.0;59.0;3.2;0.0;24.08;8.6;48.0
8683;2025-12-28 20:00:00;1.07;6.4;24.6;31.2;41.0;52.0;20.81;711.4;0.0;61.0;3.2;0.0;23.38;4.3;17.0
8684;2025-12-28 21:00:00;1.25;5.8;35.1;40.9;20.0;57.0;25.01;711.9;0.0;65.0;3.1;0.0;22.11;1.8;297.0
8685;2025-12-28 22:00:00;1.28;6.1;39.5;45.7;12.0;64.0;27.54;712.3;0.0;66.0;3.7;0.0;21.73;1.8;257.0
8686;2025-12-28 23:00:00;1.29;6.7;31.3;38.1;16.0;68.0;22.01;712.7;0.0;64.0;8.3;0.0;22.27;6.2;346.0
8687;2025-12-29 00:00:00;0.71;5.9;11.4;17.5;25.0;56.0;10.09;713.0;0.0;62.0;7.7;0.0;22.55;4.1;59.0
8688;2025-12-29 01:00:00;0.79;5.8;13.7;19.5;21.0;29.0;9.99;713.1;0.0;62.0;5.2;0.0;22.39;5.1;70.0
8689;2025-12-29 02:00:00;0.7;5.6;7.3;13.0;25.0;35.0;8.3;713.5;0.0;67.0;4.1;0.0;21.32;8.9;46.0
8690;2025-12-29 03:00:00;0.74;5.4;6.1;11.7;28.0;30.0;7.47;714.0;0.0;71.0;5.1;0.0;20.69;7.7;64.0
8691;2025-12-29 04:00:00;0.67;5.3;6.8;12.2;27.0;27.0;8.03;714.6;0.0;70.0;4.8;0.0;20.76;6.0;58.0
8692;2025-12-29 05:00:00;0.65;5.1;4.2;9.5;30.0;29.0;6.92;714.8;0.0;69.0;4.5;0.0;20.85;5.0;107.0
8693;2025-12-29 06:00:00;0.74;5.4;9.3;14.7;23.0;23.0;7.13;715.1;0.0;71.0;4.3;0.0;20.54;3.7;141.0
8694;2025-12-29 07:00:00;0.67;6.0;10.6;16.8;19.0;22.0;11.7;715.9;0.0;72.0;4.5;0.0;18.84;14.1;17.0
8695;2025-12-29 08:00:00;0.56;6.3;9.4;15.8;20.0;120.0;15.45;717.8;0.0;73.0;3.8;0.0;13.09;14.1;52.0
8696;2025-12-29 09:00:00;0.57;6.5;10.0;16.7;20.0;101.0;8.12;719.4;0.0;71.0;3.1;0.003;12.47;12.3;37.0
8697;2025-12-29 10:00:00;0.56;7.0;10.3;17.4;23.0;58.0;6.97;721.2;0.0;76.0;3.2;0.02;10.57;9.9;25.0
8698;2025-12-29 11:00:00;0.53;6.2;9.4;15.7;29.0;34.0;5.52;722.5;0.0;77.0;2.8;0.032;9.17;9.4;13.0
8699;2025-12-29 12:00:00;0.56;7.1;12.0;19.2;27.0;24.0;5.84;722.9;0.0;80.0;2.7;0.055;8.3;8.0;42.0
8700;2025-12-29 13:00:00;0.53;7.2;9.6;16.9;32.0;25.0;4.96;722.6;0.0;73.0;2.7;0.101;8.5;7.0;29.0
8701;2025-12-29 14:00:00;0.46;6.7;8.0;14.8;37.0;22.0;4.34;722.1;0.0;52.0;2.6;0.133;9.87;9.3;29.0
8702;2025-12-29 15:00:00;0.44;6.4;6.8;13.3;38.0;27.0;4.03;721.8;0.0;44.0;2.5;0.181;10.53;8.6;31.0
8703;2025-12-29 16:00:00;0.45;6.4;7.8;14.3;38.0;25.0;4.06;721.6;0.0;41.0;2.6;0.122;10.53;8.8;19.0
8704;2025-12-29 17:00:00;0.52;;9.0;15.5;37.0;26.0;3.94;721.6;0.0;38.0;2.9;0.055;10.54;7.6;359.0
8705;2025-12-29 18:00:00;0.52;6.0;11.3;17.5;32.0;27.0;4.31;721.7;0.0;40.0;2.9;0.012;10.52;7.6;9.0
8706;2025-12-29 19:00:00;0.48;5.5;11.5;17.1;31.0;29.0;4.05;721.7;0.0;40.0;2.4;0.0;10.31;7.1;10.0
8707;2025-12-29 20:00:00;0.48;5.4;14.3;19.8;26.0;27.0;4.26;722.0;0.0;38.0;2.5;0.0;10.11;8.5;20.0
8708;2025-12-29 21:00:00;0.5;5.4;15.2;20.6;25.0;28.0;4.28;722.3;0.0;35.0;4.0;0.0;9.93;6.5;46.0
8709;2025-12-29 22:00:00;0.42;5.2;10.6;15.9;31.0;29.0;3.71;722.4;0.0;32.0;2.9;0.0;9.85;8.5;24.0
8710;2025-12-29 23:00:00;0.4;6.5;9.2;15.8;33.0;27.0;3.22;722.6;0.0;31.0;2.8;0.0;9.6;8.1;41.0
8711;2025-12-30 00:00:00;0.42;4.9;9.6;14.5;33.0;21.0;3.16;722.2;0.0;30.0;2.6;0.0;9.51;6.3;43.0
8712;2025-12-30 01:00:00;0.46;4.9;8.8;13.8;34.0;22.0;3.4;721.8;0.0;29.0;3.6;0.0;9.43;7.6;44.0
8713;2025-12-30 02:00:00;0.41;;5.7;10.7;38.0;20.0;2.79;721.8;0.0;29.0;3.1;0.0;9.27;8.0;40.0
8714;2025-12-30 03:00:00;0.44;4.8;7.3;12.2;35.0;23.0;3.06;721.6;0.0;29.0;3.8;0.0;9.23;6.4;35.0
8715;2025-12-30 04:00:00;0.46;4.8;9.6;14.5;31.0;23.0;3.64;721.6;0.0;30.0;3.7;0.0;9.17;4.7;41.0
8716;2025-12-30 05:00:00;0.5;4.9;11.3;16.3;27.0;21.0;3.22;721.8;0.0;31.0;3.4;0.0;8.81;7.4;26.0
8717;2025-12-30 06:00:00;0.53;5.9;20.7;26.6;14.0;24.0;4.63;721.8;0.0;33.0;3.3;0.0;8.24;4.7;19.0
8718;2025-12-30 07:00:00;0.48;7.7;18.3;26.1;16.0;27.0;4.77;722.2;0.0;33.0;3.1;0.0;7.78;3.8;6.0
8719;2025-12-30 08:00:00;0.65;13.9;23.0;37.0;9.0;29.0;4.92;722.5;0.0;35.0;3.2;0.008;7.4;4.3;85.0
8720;2025-12-30 09:00:00;0.77;19.2;23.3;42.5;12.0;29.0;7.46;723.1;0.0;33.0;5.1;0.066;8.75;4.8;67.0
8721;2025-12-30 10:00:00;0.82;22.9;21.5;44.4;14.0;21.0;;723.4;0.0;31.0;4.7;0.155;9.56;5.7;65.0
8722;2025-12-30 11:00:00;0.6;15.0;14.3;29.4;24.0;;;723.7;0.0;30.0;4.3;0.35;10.25;7.7;18.0
8723;2025-12-30 12:00:00;0.46;9.4;8.8;18.4;35.0;39.0;5.02;723.0;0.0;25.0;4.0;0.534;12.22;6.1;43.0
8724;2025-12-30 13:00:00;0.42;8.4;8.2;16.6;41.0;32.0;4.03;722.0;0.0;19.0;3.1;0.589;13.09;6.3;67.0
8725;2025-12-30 14:00:00;0.49;12.5;15.1;27.7;36.0;25.0;5.41;720.9;0.0;17.0;4.4;0.569;14.26;6.8;74.0
8726;2025-12-30 15:00:00;0.46;9.7;12.1;22.0;41.0;36.0;4.88;720.1;0.0;17.0;4.0;0.496;14.3;9.1;37.0
8727;2025-12-30 16:00:00;0.45;8.7;12.5;21.3;41.0;30.0;4.5;719.8;0.0;19.0;4.0;0.361;14.75;9.1;49.0
8728;2025-12-30 17:00:00;0.49;7.6;14.7;22.3;39.0;26.0;5.49;719.7;0.0;21.0;3.5;0.163;14.55;8.6;56.0
8729;2025-12-30 18:00:00;0.54;6.4;19.0;25.5;32.0;29.0;6.43;719.9;0.0;25.0;3.1;0.027;13.61;8.9;63.0
8730;2025-12-30 19:00:00;0.58;5.9;18.7;24.8;28.0;34.0;4.97;720.3;0.0;32.0;10.7;0.0;12.44;10.4;56.0
8731;2025-12-30 20:00:00;0.6;6.3;22.1;28.5;20.0;32.0;5.42;720.4;0.0;32.0;6.3;0.0;11.71;9.0;19.0
8732;2025-12-30 21:00:00;0.59;6.9;24.6;31.6;15.0;34.0;6.96;720.5;0.0;33.0;4.0;0.0;10.94;7.8;22.0
8733;2025-12-30 22:00:00;0.68;11.6;29.1;40.8;25.0;39.0;9.18;720.4;0.0;36.0;3.5;0.0;10.03;2.9;285.0
8734;2025-12-30 23:00:00;0.56;6.7;16.0;22.9;20.0;42.0;5.65;720.4;0.0;36.0;3.0;0.0;9.82;3.7;111.0
8735;2025-12-31 00:00:00;0.53;5.5;13.1;18.7;21.0;23.0;4.35;720.1;0.0;40.0;2.8;0.0;9.22;2.8;183.0
8736;2025-12-31 01:00:00;0.7;7.9;25.2;33.1;6.0;20.0;7.05;719.8;0.0;45.0;3.1;0.0;9.29;4.1;221.0
8737;2025-12-31 02:00:00;0.72;13.1;26.3;39.5;5.0;28.0;8.11;719.4;0.0;45.0;3.4;0.0;9.05;3.6;218.0
8738;2025-12-31 03:00:00;0.77;25.2;26.3;51.6;5.0;39.0;10.62;719.2;0.0;46.0;3.5;0.0;8.66;2.7;284.0
8739;2025-12-31 04:00:00;0.72;21.2;23.9;45.2;6.0;47.0;10.38;719.1;0.0;47.0;2.9;0.0;8.19;2.1;334.0
8740;2025-12-31 05:00:00;0.75;31.3;26.2;57.6;5.0;37.0;11.04;719.0;0.0;47.0;3.1;0.0;7.89;2.3;309.0
8741;2025-12-31 06:00:00;0.72;27.3;26.2;53.4;5.0;43.0;11.19;719.0;0.0;47.0;3.0;0.0;7.48;1.8;275.0
8742;2025-12-31 07:00:00;0.76;32.2;24.3;56.5;5.0;43.0;11.21;719.0;0.0;50.0;3.5;0.0;7.37;2.2;249.0
8743;2025-12-31 08:00:00;0.84;31.1;22.3;53.5;;41.0;10.32;719.1;0.0;53.0;3.4;0.007;7.68;2.8;269.0
8744;2025-12-31 09:00:00;0.9;44.9;25.6;70.6;7.0;40.0;16.78;719.2;0.0;45.0;5.6;0.047;10.37;3.2;247.0
8745;2025-12-31 10:00:00;0.91;37.2;27.4;64.7;13.0;119.0;19.09;719.3;0.0;35.0;8.3;0.175;13.08;3.7;35.0
8746;2025-12-31 11:00:00;0.97;42.8;32.9;75.8;16.0;116.0;22.86;719.2;0.0;31.0;9.5;0.404;14.02;5.7;42.0
8747;2025-12-31 12:00:00;0.85;38.0;33.1;71.2;20.0;103.0;24.39;718.6;0.0;30.0;11.0;0.521;14.92;6.7;68.0
8748;2025-12-31 13:00:00;0.75;20.6;28.7;49.3;32.0;71.0;18.22;717.9;0.0;27.0;6.5;0.572;15.57;7.6;46.0
8749;2025-12-31 14:00:00;0.7;13.2;24.1;37.4;43.0;59.0;17.27;716.8;0.0;25.0;4.8;0.562;17.0;6.2;97.0
8750;2025-12-31 15:00:00;0.68;9.2;18.2;27.5;54.0;46.0;14.11;716.1;0.0;25.0;3.3;0.488;18.07;6.9;71.0
8751;2025-12-31 16:00:00;0.59;7.5;13.4;21.0;55.0;39.0;8.18;715.7;0.0;26.0;3.1;0.36;18.52;7.5;59.0
8752;2025-12-31 17:00:00;0.59;6.7;12.4;19.1;52.0;31.0;6.65;715.4;0.0;28.0;3.3;0.165;18.53;8.0;42.0
8753;2025-12-31 18:00:00;0.61;6.0;14.5;20.6;42.0;28.0;6.21;715.5;0.0;35.0;3.3;0.026;17.06;6.6;52.0
8754;2025-12-31 19:00:00;0.72;6.0;17.5;23.6;34.0;25.0;9.59;715.7;0.0;40.0;3.2;0.0;16.17;6.3;87.0
8755;2025-12-31 20:00:00;0.74;7.4;18.4;25.9;28.0;28.0;10.94;715.8;0.0;43.0;3.1;0.0;15.31;4.5;72.0
8756;2025-12-31 21:00:00;;5.9;21.7;27.8;19.0;;15.26;715.9;0.0;47.0;3.0;0.0;13.79;1.8;218.0
8757;2025-12-31 22:00:00;;6.1;25.7;31.9;12.0;;14.03;715.8;0.0;51.0;3.0;0.0;12.97;1.8;205.0
8758;2025-12-31 23:00:00;;14.0;31.1;45.2;6.0;;28.56;715.8;0.0;53.0;3.1;0.0;12.59;1.8;244.0
