;Fecha y hora;CO;NO;NO2;NOX;O3;PM10;PM2.5;PRS;RAINF;RH;SO2;SR;TOUT;WSR;WDR
0;2023-01-01 00:00:00;1.67;4.1;30.3;34.5;9.0;118.0;94.12;718.4;0.0;45.0;3.3;0.0;17.65;4.9;236.0
1;2023-01-01 01:00:00;1.7;5.0;28.9;34.1;9.0;97.0;96.79;710.7;0.0;47.0;3.4;0.001;17.12;3.4;336.0
2;2023-01-01 02:00:00;1.51;4.3;23.2;27.7;11.0;103.0;81.23;710.4;0.0;46.0;3.4;0.001;16.69;3.4;3.0
3;2023-01-01 03:00:00;1.3;3.8;20.9;24.9;11.0;83.0;49.83;710.1;0.0;48.0;3.2;0.001;15.99;2.6;315.0
4;2023-01-01 04:00:00;1.28;4.6;20.7;25.5;9.0;65.0;40.19;710.2;0.0;55.0;3.0;0.001;14.74;3.9;270.0
5;2023-01-01 05:00:00;2.12;19.8;30.6;50.6;4.0;67.0;;710.2;0.0;61.0;3.1;0.001;14.53;3.4;242.0
6;2023-01-01 06:00:00;1.54;7.0;23.7;30.8;7.0;147.0;108.13;710.2;0.0;55.0;3.0;0.001;14.55;3.4;307.0
7;2023-01-01 07:00:00;1.04;3.8;13.6;17.6;16.0;84.0;35.0;710.2;0.0;43.0;3.3;0.001;16.08;7.1;232.0
8;2023-01-01 08:00:00;0.98;3.7;12.3;16.3;19.0;43.0;13.23;710.6;0.0;39.0;3.2;0.007;16.6;6.3;222.0
9;2023-01-01 09:00:00;1.04;6.5;14.9;21.7;19.0;36.0;12.31;711.0;0.0;33.0;3.1;0.028;19.7;3.5;18.0
10;2023-01-01 10:00:00;1.0;6.2;12.4;18.8;25.0;41.0;13.05;711.2;0.0;27.0;3.1;0.087;22.98;4.1;294.0
11;2023-01-01 11:00:00;0.92;5.2;9.5;14.9;28.0;44.0;9.3;711.1;0.0;21.0;3.3;0.457;26.13;4.5;94.0
12;2023-01-01 12:00:00;0.9;5.0;9.1;14.3;34.0;33.0;7.84;710.6;0.0;18.0;3.5;0.586;27.96;4.3;26.0
13;2023-01-01 13:00:00;1.01;9.1;20.9;30.2;33.0;41.0;11.74;709.9;0.0;17.0;6.0;0.652;29.14;5.2;58.0
14;2023-01-01 14:00:00;1.12;6.4;19.7;26.3;47.0;48.0;20.56;709.0;0.0;17.0;9.9;0.634;29.69;7.8;86.0
15;2023-01-01 15:00:00;0.96;3.6;8.1;12.0;54.0;55.0;13.01;708.4;0.0;15.0;3.0;0.549;30.58;8.7;70.0
16;2023-01-01 16:00:00;0.94;3.5;7.5;11.3;50.0;32.0;10.25;708.1;0.0;15.0;2.7;0.286;30.43;10.8;71.0
17;2023-01-01 17:00:00;1.03;3.2;9.6;13.0;60.0;37.0;14.61;708.0;0.0;18.0;6.5;0.071;29.53;11.6;84.0
18;2023-01-01 18:00:00;1.18;3.2;16.5;19.8;68.0;55.0;29.78;708.2;0.0;24.0;22.9;0.019;27.35;7.9;73.0
19;2023-01-01 19:00:00;1.22;3.2;17.0;20.4;65.0;75.0;36.26;708.4;0.0;27.0;18.0;0.001;25.75;7.1;55.0
20;2023-01-01 20:00:00;1.19;3.2;15.4;18.7;52.0;74.0;34.78;708.8;0.0;29.0;13.7;0.001;24.28;3.3;51.0
21;2023-01-01 21:00:00;1.26;3.2;19.9;23.3;40.0;58.0;32.93;709.0;0.0;32.0;10.6;0.001;23.05;4.3;289.0
22;2023-01-01 22:00:00;1.7;3.6;37.5;41.2;14.0;65.0;44.47;708.7;0.0;41.0;6.9;0.001;22.45;7.4;311.0
23;2023-01-01 23:00:00;1.69;3.5;25.0;28.7;14.0;93.0;37.73;708.6;0.0;49.0;5.3;0.001;21.57;4.3;302.0
24;2023-01-02 00:00:00;2.17;3.8;30.3;34.2;7.0;67.0;37.55;708.2;0.0;54.0;4.5;0.001;20.13;3.6;238.0
25;2023-01-02 01:00:00;1.72;4.1;32.0;36.3;6.0;72.0;42.65;707.9;0.0;57.0;4.0;0.001;19.04;3.5;257.0
26;2023-01-02 02:00:00;1.61;3.8;29.3;33.3;8.0;73.0;40.42;707.7;0.0;59.0;3.9;0.001;18.32;3.4;259.0
27;2023-01-02 03:00:00;1.46;4.4;31.1;35.7;6.0;66.0;40.32;707.5;0.0;59.0;4.1;0.001;17.28;3.4;240.0
28;2023-01-02 04:00:00;1.3;3.8;27.5;31.5;8.0;78.0;41.78;707.5;0.0;61.0;4.5;0.001;16.98;3.4;264.0
29;2023-01-02 05:00:00;1.24;3.9;19.8;23.9;9.0;84.0;35.78;707.4;0.0;67.0;3.8;0.001;16.4;3.1;236.0
30;2023-01-02 06:00:00;1.3;5.3;25.5;31.0;7.0;73.0;40.94;707.4;0.0;60.0;4.7;0.001;16.11;3.8;232.0
31;2023-01-02 07:00:00;1.5;17.2;28.3;45.8;4.0;115.0;43.06;707.7;0.0;62.0;4.6;0.001;15.58;4.0;195.0
32;2023-01-02 08:00:00;1.64;39.8;29.1;69.2;4.0;117.0;40.05;707.7;0.0;45.0;5.5;0.011;17.91;5.2;198.0
33;2023-01-02 09:00:00;1.44;41.3;28.5;70.0;5.0;146.0;20.67;707.8;0.0;31.0;5.4;0.041;20.81;5.8;182.0
34;2023-01-02 10:00:00;2.16;93.7;41.2;135.3;5.0;89.0;20.64;708.2;0.0;33.0;14.0;0.146;22.3;5.9;30.0
35;2023-01-02 11:00:00;1.66;31.4;34.5;66.1;14.0;134.0;34.53;708.7;0.0;35.0;9.2;0.422;23.38;7.0;82.0
36;2023-01-02 12:00:00;1.27;11.2;23.7;35.1;25.0;91.0;21.12;708.3;0.0;27.0;5.3;0.451;26.2;5.3;102.0
37;2023-01-02 13:00:00;1.33;9.4;27.2;36.7;32.0;59.0;19.34;707.7;0.0;27.0;5.1;0.42;26.76;7.9;79.0
38;2023-01-02 14:00:00;1.26;7.1;23.5;30.9;41.0;72.0;21.79;706.8;0.0;24.0;4.6;0.51;28.07;7.7;88.0
39;2023-01-02 15:00:00;1.15;5.4;19.9;25.5;44.0;77.0;17.04;706.2;0.0;20.0;4.0;0.311;28.22;9.2;101.0
40;2023-01-02 16:00:00;1.1;4.9;15.7;20.8;41.0;69.0;13.78;705.8;0.0;22.0;4.0;0.252;28.9;8.4;102.0
41;2023-01-02 17:00:00;1.13;4.4;16.4;21.0;38.0;59.0;13.58;705.8;0.0;25.0;4.2;0.099;28.04;9.1;94.0
42;2023-01-02 18:00:00;1.24;5.1;25.2;30.5;27.0;55.0;14.81;705.9;0.0;27.0;4.0;0.031;26.63;6.1;103.0
43;2023-01-02 19:00:00;1.49;13.9;33.3;47.4;17.0;59.0;14.5;706.2;0.0;26.0;3.9;0.002;25.66;6.2;129.0
44;2023-01-02 20:00:00;1.71;24.8;45.2;70.2;4.0;60.0;15.87;706.7;0.0;29.0;3.7;0.001;23.49;3.9;241.0
45;2023-01-02 21:00:00;1.43;14.2;38.3;52.7;4.0;61.0;13.73;707.2;0.0;31.0;3.3;0.001;21.7;3.6;262.0
46;2023-01-02 22:00:00;1.62;26.3;40.3;66.7;4.0;55.0;16.95;707.4;0.0;30.0;5.7;0.001;21.38;3.5;135.0
47;2023-01-02 23:00:00;1.8;54.3;42.0;96.6;;76.0;27.79;707.4;0.0;30.0;12.3;0.001;20.71;4.0;239.0
48;2023-01-03 00:00:00;1.52;33.4;38.7;72.4;;120.0;31.03;707.7;0.0;30.0;9.0;0.001;20.18;4.3;228.0
49;2023-01-03 01:00:00;1.32;25.5;37.2;63.0;;92.0;25.5;708.0;0.0;28.0;7.1;0.001;20.27;5.2;244.0
50;2023-01-03 02:00:00;1.16;14.8;34.4;49.4;5.0;98.0;21.69;708.0;0.0;29.0;6.2;0.001;19.65;4.6;258.0
51;2023-01-03 03:00:00;1.08;6.0;32.1;38.3;5.0;86.0;19.18;708.1;0.0;29.0;9.1;0.001;19.45;4.5;222.0
52;2023-01-03 04:00:00;1.08;4.7;31.6;36.4;5.0;93.0;23.36;708.3;0.0;29.0;10.4;0.001;19.37;4.2;177.0
53;2023-01-03 05:00:00;0.99;4.2;24.0;28.4;9.0;99.0;22.45;708.6;0.0;27.0;8.3;0.001;19.63;4.7;210.0
54;2023-01-03 06:00:00;0.98;4.6;21.1;25.9;8.0;82.0;19.0;708.9;0.0;27.0;8.1;0.001;19.47;4.8;191.0
55;2023-01-03 07:00:00;1.03;9.4;22.7;32.3;7.0;90.0;14.93;709.2;0.0;27.0;7.2;0.001;19.19;4.2;291.0
56;2023-01-03 08:00:00;1.28;28.3;29.2;57.7;5.0;98.0;15.56;709.6;0.0;26.0;8.4;0.006;19.71;5.5;274.0
57;2023-01-03 09:00:00;1.52;36.1;31.3;67.6;9.0;106.0;18.76;710.2;0.0;30.0;4.9;0.029;18.99;4.3;48.0
58;2023-01-03 10:00:00;1.42;37.7;33.0;70.9;9.0;119.0;21.3;710.6;0.0;27.0;9.1;0.085;19.85;8.0;107.0
59;2023-01-03 11:00:00;1.4;31.0;32.2;63.3;13.0;155.0;22.71;710.7;0.0;24.0;18.0;0.444;21.6;7.7;100.0
60;2023-01-03 12:00:00;1.16;19.5;27.1;46.7;20.0;151.0;22.55;710.2;0.0;21.0;18.7;0.601;23.52;8.4;82.0
61;2023-01-03 13:00:00;1.03;10.8;18.8;29.9;28.0;114.0;15.84;709.4;0.0;19.0;9.6;0.644;24.64;9.5;67.0
62;2023-01-03 14:00:00;1.05;7.4;17.5;25.1;37.0;92.0;10.86;708.4;0.0;17.0;3.4;0.632;25.94;10.8;57.0
63;2023-01-03 15:00:00;1.05;6.1;16.5;22.8;46.0;72.0;12.57;707.8;0.0;18.0;3.8;0.542;26.85;11.3;54.0
64;2023-01-03 16:00:00;1.04;4.7;14.6;19.5;50.0;78.0;11.95;707.5;0.0;17.0;3.5;0.298;27.35;10.6;56.0
65;2023-01-03 17:00:00;1.02;3.9;13.9;18.0;52.0;62.0;11.61;707.7;0.0;18.0;3.5;0.068;27.14;9.2;106.0
66;2023-01-03 18:00:00;1.16;3.8;23.1;27.1;41.0;67.0;11.97;708.4;0.0;21.0;4.7;0.021;25.31;9.0;75.0
67;2023-01-03 19:00:00;1.3;5.6;35.8;41.6;16.0;67.0;12.39;709.2;0.0;22.0;5.0;0.001;23.27;8.9;41.0
68;2023-01-03 20:00:00;1.08;4.0;25.4;29.6;18.0;73.0;10.93;710.3;0.0;22.0;6.0;0.001;22.09;9.0;45.0
69;2023-01-03 21:00:00;1.21;7.0;34.7;41.9;8.0;57.0;9.55;711.2;0.0;25.0;6.2;0.001;20.13;2.9;253.0
70;2023-01-03 22:00:00;1.48;27.3;39.9;67.4;4.0;53.0;14.15;711.7;0.0;30.0;6.8;0.001;18.66;3.3;236.0
71;2023-01-03 23:00:00;1.52;30.4;40.5;71.1;4.0;66.0;16.95;712.1;0.0;32.0;5.3;0.001;18.03;3.1;187.0
72;2023-01-04 00:00:00;1.4;20.6;39.8;60.7;4.0;66.0;14.49;712.4;0.0;36.0;5.2;0.001;16.95;2.6;26.0
73;2023-01-04 01:00:00;1.46;25.7;38.8;64.7;;55.0;14.91;712.5;0.0;35.0;4.6;0.001;16.89;4.1;251.0
74;2023-01-04 02:00:00;1.27;11.8;36.7;48.7;5.0;57.0;14.55;712.4;0.0;36.0;4.3;0.001;16.59;3.5;250.0
75;2023-01-04 03:00:00;1.32;31.3;41.7;73.2;5.0;59.0;32.3;712.3;0.0;35.0;16.4;0.001;16.14;4.1;238.0
76;2023-01-04 04:00:00;1.18;24.0;40.0;64.2;5.0;168.0;47.91;712.1;0.0;35.0;15.8;0.001;15.93;4.7;244.0
77;2023-01-04 05:00:00;1.07;5.9;32.0;38.1;7.0;158.0;34.1;712.4;0.0;34.0;10.8;0.001;15.58;3.1;254.0
78;2023-01-04 06:00:00;1.04;4.9;29.0;34.0;8.0;97.0;23.96;712.7;0.0;34.0;9.6;0.001;15.33;4.2;245.0
79;2023-01-04 07:00:00;1.1;11.9;34.2;46.4;5.0;81.0;23.68;713.2;0.0;34.0;11.3;0.001;15.17;5.0;235.0
80;2023-01-04 08:00:00;1.22;20.3;34.8;55.3;5.0;98.0;22.26;713.8;0.0;34.0;10.4;0.009;15.15;3.8;242.0
81;2023-01-04 09:00:00;1.66;54.8;36.2;91.3;5.0;90.0;20.88;714.6;0.0;30.0;9.0;0.036;18.15;3.4;196.0
82;2023-01-04 10:00:00;1.5;30.5;36.9;67.6;11.0;112.0;27.69;715.2;0.0;25.0;11.1;0.095;20.57;4.7;196.0
83;2023-01-04 11:00:00;1.66;20.2;34.2;54.6;20.0;114.0;29.22;715.3;0.0;22.0;10.8;0.427;22.33;4.9;50.0
84;2023-01-04 12:00:00;1.2;11.5;25.3;37.1;31.0;103.0;23.89;715.1;0.0;22.0;6.6;0.559;22.47;8.5;63.0
85;2023-01-04 13:00:00;1.1;7.3;20.0;27.5;43.0;84.0;14.27;714.5;0.0;23.0;8.7;0.631;23.28;8.9;60.0
86;2023-01-04 14:00:00;1.09;5.4;17.1;22.7;56.0;69.0;15.25;713.8;0.0;22.0;11.3;0.62;23.98;9.8;46.0
87;2023-01-04 15:00:00;1.06;4.5;15.7;20.4;67.0;77.0;17.14;713.4;0.0;22.0;12.5;0.537;24.56;11.1;52.0
88;2023-01-04 16:00:00;1.04;4.0;14.7;18.9;67.0;79.0;17.11;713.1;0.0;22.0;13.4;0.301;25.0;11.3;61.0
89;2023-01-04 17:00:00;1.05;4.0;15.1;19.2;57.0;74.0;15.64;713.0;0.0;22.0;8.7;0.068;24.64;10.5;80.0
90;2023-01-04 18:00:00;1.07;3.6;18.0;21.8;47.0;72.0;12.28;713.3;0.0;25.0;4.6;0.019;23.32;8.7;110.0
91;2023-01-04 19:00:00;1.23;4.1;26.9;31.2;32.0;55.0;12.42;713.7;0.0;28.0;3.9;0.001;21.96;6.7;86.0
92;2023-01-04 20:00:00;1.25;4.3;27.4;31.9;28.0;62.0;13.36;714.3;0.0;31.0;3.7;0.001;20.92;4.7;86.0
93;2023-01-04 21:00:00;1.24;4.0;28.2;32.4;24.0;60.0;14.38;714.8;0.0;33.0;3.6;0.001;19.93;3.0;87.0
94;2023-01-04 22:00:00;1.16;3.6;26.0;29.8;23.0;55.0;14.39;715.2;0.0;35.0;3.4;0.001;19.18;3.1;288.0
95;2023-01-04 23:00:00;1.11;3.9;20.8;24.9;26.0;56.0;16.83;715.4;0.0;38.0;4.2;0.001;18.46;5.6;43.0
96;2023-01-05 00:00:00;1.06;3.3;20.2;23.7;22.0;70.0;;715.8;0.0;42.0;4.3;0.001;16.97;3.7;292.0
97;2023-01-05 01:00:00;1.24;3.4;26.7;30.2;14.0;70.0;;715.9;0.0;45.0;4.0;0.001;16.03;3.8;265.0
98;2023-01-05 02:00:00;1.17;3.4;25.3;28.9;15.0;77.0;;715.7;0.0;46.0;3.7;0.001;15.78;4.4;248.0
99;2023-01-05 03:00:00;1.2;;30.8;34.4;9.0;68.0;;715.6;0.0;50.0;4.5;0.001;14.6;3.3;257.0
100;2023-01-05 04:00:00;1.21;;26.4;29.9;12.0;78.0;;715.6;0.0;50.0;4.5;0.001;14.37;3.9;254.0
101;2023-01-05 05:00:00;1.22;4.1;31.6;35.8;6.0;82.0;;715.9;0.0;52.0;4.2;0.001;13.87;3.4;234.0
102;2023-01-05 06:00:00;1.14;3.5;27.1;30.8;9.0;80.0;;716.1;0.0;53.0;3.8;0.001;13.24;3.0;255.0
103;2023-01-05 07:00:00;1.2;20.9;36.2;57.3;5.0;84.0;;716.5;0.0;50.0;4.8;0.001;13.13;3.4;259.0
104;2023-01-05 08:00:00;1.42;28.3;39.7;68.3;4.0;107.0;;717.0;0.0;45.0;7.7;0.007;13.42;4.3;236.0
105;2023-01-05 09:00:00;1.61;53.8;43.1;97.2;6.0;110.0;;717.6;0.0;36.0;9.7;0.035;16.22;5.5;202.0
106;2023-01-05 10:00:00;1.54;44.6;46.5;91.4;9.0;139.0;;717.8;0.0;28.0;9.3;0.093;19.63;4.7;235.0
107;2023-01-05 11:00:00;1.55;33.8;49.2;83.1;18.0;130.0;;717.7;0.0;24.0;9.1;0.429;22.13;4.3;54.0
108;2023-01-05 12:00:00;1.72;29.2;54.9;84.3;22.0;150.0;;717.4;0.0;27.0;12.9;0.555;23.17;6.3;49.0
109;2023-01-05 13:00:00;1.39;15.6;43.1;58.9;38.0;141.0;;716.8;0.0;27.0;16.4;0.623;23.39;9.4;53.0
110;2023-01-05 14:00:00;1.34;7.9;32.9;40.9;55.0;141.0;;716.0;0.0;26.0;8.6;0.607;24.22;10.8;56.0
111;2023-01-05 15:00:00;1.31;6.1;28.0;34.2;66.0;129.0;;715.5;0.0;25.0;6.1;0.518;24.91;12.7;50.0
112;2023-01-05 16:00:00;1.28;4.8;23.6;28.7;72.0;127.0;;715.1;0.0;26.0;5.5;0.296;25.33;13.2;65.0
113;2023-01-05 17:00:00;1.14;4.1;16.4;20.7;61.0;103.0;;715.0;0.0;25.0;4.6;0.068;25.04;12.4;79.0
114;2023-01-05 18:00:00;1.22;4.0;21.1;25.1;51.0;76.0;18.0;715.1;0.0;28.0;4.5;0.021;23.96;8.8;72.0
115;2023-01-05 19:00:00;1.34;3.9;27.8;31.7;35.0;70.0;16.0;715.2;0.0;31.0;4.0;0.002;22.86;4.9;91.0
116;2023-01-05 20:00:00;1.42;4.7;32.9;37.6;19.0;77.0;17.0;715.4;0.0;35.0;3.8;0.001;21.7;2.0;93.0
117;2023-01-05 21:00:00;1.39;4.5;32.1;36.7;14.0;71.0;19.0;715.7;0.0;39.0;3.5;0.001;20.59;0.7;107.0
118;2023-01-05 22:00:00;1.05;3.8;10.7;14.5;30.0;65.0;15.0;715.9;0.0;42.0;3.3;0.001;21.2;8.1;115.0
119;2023-01-05 23:00:00;1.01;3.5;7.1;10.6;31.0;51.0;12.0;715.8;0.0;48.0;3.2;0.001;20.72;9.5;113.0
120;2023-01-06 00:00:00;1.09;3.6;14.0;17.5;22.0;47.0;13.0;715.7;0.0;55.0;3.2;0.001;19.52;4.2;65.0
121;2023-01-06 01:00:00;1.15;4.7;27.0;31.8;7.0;53.0;18.0;715.7;0.0;65.0;4.3;0.0;17.57;5.3;358.0
122;2023-01-06 02:00:00;1.14;4.4;25.2;29.5;7.0;125.0;17.0;715.5;0.0;71.0;4.8;0.001;16.46;3.2;6.0
123;2023-01-06 03:00:00;1.11;3.6;15.3;18.9;12.0;116.0;17.0;715.3;0.0;77.0;4.7;0.001;15.49;3.6;47.0
124;2023-01-06 04:00:00;1.11;3.6;17.1;20.8;10.0;86.0;;715.2;0.0;79.0;5.9;0.001;15.45;3.1;30.0
125;2023-01-06 05:00:00;1.26;;14.9;18.5;13.0;71.0;28.0;715.1;0.0;79.0;5.8;0.001;15.5;2.7;358.0
126;2023-01-06 06:00:00;1.37;4.0;16.2;20.2;11.0;76.0;32.0;715.1;0.0;77.0;4.6;0.001;15.52;4.2;326.0
127;2023-01-06 07:00:00;1.28;10.9;19.9;30.8;8.0;73.0;31.0;715.2;0.0;75.0;4.1;0.001;15.36;2.3;271.0
128;2023-01-06 08:00:00;1.5;41.1;32.8;73.9;4.0;99.0;32.0;715.5;0.0;69.0;6.0;0.004;15.05;5.8;214.0
129;2023-01-06 09:00:00;1.59;39.2;31.9;71.1;4.0;170.0;32.0;715.8;0.0;69.0;7.3;0.05;15.09;7.1;228.0
130;2023-01-06 10:00:00;1.5;25.9;31.4;57.4;8.0;169.0;34.0;716.1;0.0;67.0;8.0;0.147;16.18;5.3;206.0
131;2023-01-06 11:00:00;1.38;16.1;25.1;41.2;16.0;158.0;49.0;716.1;0.0;60.0;6.3;0.371;18.73;3.2;16.0
132;2023-01-06 12:00:00;1.7;17.7;29.7;47.4;20.0;114.0;50.0;715.8;0.0;57.0;5.4;0.502;19.94;4.1;13.0
133;2023-01-06 13:00:00;1.85;20.4;44.6;64.9;25.0;112.0;51.0;714.9;0.0;53.0;8.2;0.56;21.0;4.9;18.0
134;2023-01-06 14:00:00;1.71;11.9;41.1;53.0;42.0;156.0;74.0;714.0;0.0;47.0;10.0;0.56;22.33;5.3;50.0
135;2023-01-06 15:00:00;1.48;6.5;25.3;31.7;57.0;148.0;83.0;713.5;0.0;45.0;5.9;0.491;23.31;6.1;39.0
136;2023-01-06 16:00:00;1.22;5.6;15.8;21.4;47.0;116.0;83.0;713.1;0.0;42.0;5.0;0.321;24.26;7.8;42.0
137;2023-01-06 17:00:00;1.2;5.1;15.6;20.8;43.0;78.0;;712.8;0.0;37.0;4.3;0.085;25.02;5.3;81.0
138;2023-01-06 18:00:00;1.2;3.9;13.3;17.2;39.0;69.0;41.0;712.9;0.0;41.0;3.5;0.022;23.63;6.6;103.0
139;2023-01-06 19:00:00;1.31;4.3;22.0;26.2;27.0;58.0;19.0;713.0;0.0;45.0;3.4;0.002;22.49;5.5;104.0
140;2023-01-06 20:00:00;1.25;3.6;18.9;22.5;24.0;63.0;19.0;713.2;0.0;49.0;3.2;0.001;21.87;6.6;118.0
141;2023-01-06 21:00:00;1.16;3.6;13.2;16.8;26.0;53.0;21.0;713.4;0.0;50.0;3.2;0.001;21.67;7.0;120.0
142;2023-01-06 22:00:00;1.21;3.7;16.9;20.6;21.0;43.0;25.0;713.7;0.0;52.0;3.1;0.001;20.8;2.2;145.0
143;2023-01-06 23:00:00;1.59;8.8;38.4;47.2;6.0;57.0;28.0;713.8;0.0;55.0;3.7;0.001;19.01;3.3;217.0
144;2023-01-07 00:00:00;1.67;15.4;45.4;60.8;4.0;82.0;44.0;713.7;0.0;56.0;5.7;0.001;18.19;2.8;230.0
145;2023-01-07 01:00:00;1.6;15.6;42.2;57.8;3.0;124.0;45.0;713.4;0.0;59.0;6.7;0.001;17.61;4.0;230.0
146;2023-01-07 02:00:00;1.55;16.9;34.3;51.1;3.0;109.0;34.0;713.2;0.0;68.0;4.5;0.001;16.9;3.0;263.0
147;2023-01-07 03:00:00;1.45;12.6;30.1;42.8;2.0;91.0;34.0;712.8;0.0;74.0;3.5;0.001;15.97;2.4;246.0
148;2023-01-07 04:00:00;1.46;13.6;34.9;48.5;3.0;82.0;36.0;712.5;0.0;66.0;3.7;0.001;15.25;1.2;247.0
149;2023-01-07 05:00:00;1.44;22.8;34.2;57.0;3.0;93.0;39.0;712.4;0.0;67.0;3.8;0.001;14.89;1.9;269.0
150;2023-01-07 06:00:00;1.33;18.1;29.4;47.4;3.0;115.0;42.0;712.2;0.0;76.0;3.4;0.001;14.59;2.2;232.0
151;2023-01-07 07:00:00;1.32;10.6;23.3;33.9;;114.0;52.0;712.4;0.0;81.0;3.1;0.001;14.12;1.0;224.0
152;2023-01-07 08:00:00;1.46;29.1;25.1;54.3;;104.0;53.0;712.8;0.0;80.0;3.1;0.006;13.76;1.7;257.0
153;2023-01-07 09:00:00;1.79;55.8;34.4;90.2;4.0;106.0;49.0;713.0;0.0;63.0;3.6;0.035;16.53;1.5;315.0
154;2023-01-07 10:00:00;1.89;63.7;46.3;110.0;8.0;142.0;48.0;713.4;0.0;43.0;5.5;0.08;20.69;2.8;25.0
155;2023-01-07 11:00:00;2.11;40.1;47.0;87.1;12.0;141.0;48.0;714.0;0.0;48.0;4.9;0.377;21.16;5.7;58.0
156;2023-01-07 12:00:00;1.73;15.9;33.3;49.2;24.0;173.0;;714.0;0.0;47.0;5.3;0.528;22.44;5.3;73.0
157;2023-01-07 13:00:00;1.28;9.4;21.0;30.4;32.0;122.0;43.0;713.5;0.0;43.0;5.2;0.603;24.25;6.4;86.0
158;2023-01-07 14:00:00;1.17;6.1;14.9;21.1;42.0;105.0;42.0;712.9;0.0;35.0;5.0;0.601;26.13;5.6;72.0
159;2023-01-07 15:00:00;1.16;5.1;13.2;18.3;47.0;85.0;42.0;712.6;0.0;36.0;4.4;0.517;26.48;8.4;89.0
160;2023-01-07 16:00:00;1.09;4.6;11.0;15.7;44.0;75.0;;712.4;0.0;32.0;4.3;0.333;27.43;6.1;58.0
161;2023-01-07 17:00:00;1.21;4.4;15.3;19.7;47.0;59.0;32.0;712.7;0.0;38.0;3.8;0.092;26.34;9.7;69.0
162;2023-01-07 18:00:00;1.23;4.1;16.6;20.7;39.0;76.0;26.0;713.2;0.0;46.0;6.0;0.027;24.58;9.8;70.0
163;2023-01-07 19:00:00;1.31;3.9;21.5;25.3;24.0;68.0;26.0;713.6;0.0;49.0;6.3;0.002;23.18;7.5;73.0
164;2023-01-07 20:00:00;1.38;4.4;24.9;29.4;13.0;75.0;;714.2;0.0;55.0;5.2;0.0;21.98;8.1;27.0
165;2023-01-07 21:00:00;1.49;4.2;18.2;22.4;15.0;69.0;;715.0;0.0;59.0;4.1;0.0;20.7;7.9;5.0
166;2023-01-07 22:00:00;1.46;3.7;14.9;18.7;17.0;63.0;;715.3;0.0;62.0;3.7;0.001;19.9;6.3;54.0
167;2023-01-07 23:00:00;1.31;3.6;19.9;23.5;11.0;52.0;24.0;715.6;0.0;65.0;3.6;0.001;19.33;6.2;91.0
168;2023-01-08 00:00:00;1.28;3.5;19.9;23.7;11.0;59.0;;715.6;0.0;66.0;3.3;0.001;18.74;5.8;92.0
169;2023-01-08 01:00:00;1.34;3.8;21.5;25.5;9.0;57.0;;715.6;0.0;67.0;3.2;0.001;18.35;4.7;145.0
170;2023-01-08 02:00:00;1.24;3.5;18.8;22.5;12.0;51.0;;715.5;0.0;68.0;3.1;0.001;17.9;4.8;114.0
171;2023-01-08 03:00:00;1.21;3.5;16.9;20.5;12.0;46.0;;715.4;0.0;67.0;3.0;0.001;18.01;3.6;117.0
172;2023-01-08 04:00:00;1.31;4.3;22.9;27.4;8.0;51.0;;715.4;0.0;66.0;3.1;0.001;18.06;5.3;93.0
173;2023-01-08 05:00:00;1.13;3.4;13.4;17.0;16.0;64.0;;715.5;0.0;65.0;3.1;0.001;17.93;6.1;121.0
174;2023-01-08 06:00:00;1.15;3.3;12.1;15.6;18.0;51.0;;715.7;0.0;65.0;3.0;0.001;17.93;5.7;134.0
175;2023-01-08 07:00:00;1.23;3.3;11.2;14.7;19.0;49.0;;716.1;0.0;64.0;2.9;0.001;18.05;5.4;131.0
176;2023-01-08 08:00:00;1.2;3.5;17.1;20.7;14.0;43.0;;716.4;0.0;63.0;2.9;0.004;18.11;5.5;135.0
177;2023-01-08 09:00:00;1.19;4.1;17.1;21.4;15.0;50.0;;716.8;0.0;64.0;;0.035;18.19;4.1;141.0
178;2023-01-08 10:00:00;1.31;7.7;22.2;30.1;13.0;58.0;;717.4;0.0;59.0;3.0;0.086;18.35;7.4;97.0
179;2023-01-08 11:00:00;;;;;;;;;;;;;;;
180;2023-01-08 12:00:00;0.92;22.7;11.0;33.9;9.0;81.0;;;0.0;37.0;3.0;0.148;14.7;4.1;95.0
181;2023-01-08 13:00:00;1.18;14.9;27.4;42.5;14.0;;;716.8;0.0;47.0;4.5;0.253;20.25;5.4;106.0
182;2023-01-08 14:00:00;1.15;7.2;19.8;27.2;24.0;76.0;;716.0;0.0;46.0;4.8;0.255;20.79;7.1;110.0
183;2023-01-08 15:00:00;0.97;3.9;11.1;15.2;33.0;67.0;;715.4;0.0;43.0;4.1;0.249;21.23;7.2;99.0
184;2023-01-08 16:00:00;0.98;3.5;10.7;14.4;34.0;49.0;17.12;715.0;0.0;46.0;3.8;0.175;21.24;6.6;87.0
185;2023-01-08 17:00:00;1.03;3.2;10.6;13.9;35.0;44.0;18.05;715.0;0.0;46.0;3.6;0.098;21.05;7.0;97.0
186;2023-01-08 18:00:00;1.14;3.0;14.8;18.0;32.0;45.0;23.06;715.3;0.0;48.0;3.3;0.034;20.74;7.7;89.0
187;2023-01-08 19:00:00;1.15;2.8;13.3;16.2;31.0;58.0;25.87;715.5;0.0;52.0;3.1;0.001;19.87;9.3;122.0
188;2023-01-08 20:00:00;1.11;2.7;10.5;13.5;31.0;56.0;22.68;715.8;0.0;54.0;3.0;0.001;19.3;10.9;109.0
189;2023-01-08 21:00:00;1.18;2.9;15.0;18.0;25.0;62.0;23.22;716.3;0.0;56.0;3.0;0.001;18.88;8.8;79.0
190;2023-01-08 22:00:00;1.16;2.9;13.7;16.8;22.0;60.0;21.28;716.5;0.0;60.0;2.9;0.001;18.39;8.3;80.0
191;2023-01-08 23:00:00;1.1;2.7;10.0;12.9;22.0;53.0;18.08;716.6;0.0;64.0;2.9;0.001;18.02;5.6;94.0
192;2023-01-09 00:00:00;1.08;2.6;9.6;12.5;21.0;40.0;16.61;716.3;0.0;64.0;3.2;0.001;17.85;4.5;74.0
193;2023-01-09 01:00:00;1.02;2.5;6.4;9.2;26.0;44.0;14.72;715.9;0.0;62.0;3.6;0.001;18.2;7.2;81.0
194;2023-01-09 02:00:00;0.99;2.4;5.0;7.7;26.0;32.0;13.6;715.6;0.0;62.0;3.4;0.001;18.07;6.4;63.0
195;2023-01-09 03:00:00;1.02;2.5;7.1;9.8;23.0;34.0;13.55;715.4;0.0;65.0;3.2;0.001;17.22;10.7;53.0
196;2023-01-09 04:00:00;0.98;2.7;12.5;15.4;17.0;41.0;14.8;715.5;0.0;69.0;5.3;0.001;15.93;7.9;24.0
197;2023-01-09 05:00:00;1.01;2.8;15.8;18.8;15.0;42.0;;715.6;0.0;72.0;9.7;0.001;15.76;6.6;21.0
198;2023-01-09 06:00:00;1.04;2.8;16.8;19.7;14.0;50.0;;715.5;0.0;73.0;11.2;0.001;15.7;5.3;4.0
199;2023-01-09 07:00:00;1.09;4.4;19.8;24.4;13.0;48.0;;715.7;0.0;75.0;7.4;0.001;15.56;5.6;353.0
200;2023-01-09 08:00:00;1.22;5.4;28.2;33.7;9.0;56.0;;715.9;0.0;72.0;5.7;0.005;15.48;3.1;311.0
201;2023-01-09 09:00:00;1.39;15.0;29.5;44.7;8.0;62.0;;716.1;0.0;71.0;5.3;0.075;15.87;2.9;308.0
202;2023-01-09 10:00:00;1.4;14.3;27.4;41.9;16.0;65.0;;716.5;0.0;62.0;7.6;0.147;18.39;4.7;31.0
203;2023-01-09 11:00:00;1.38;13.4;28.0;41.7;20.0;81.0;;716.6;0.0;58.0;7.6;0.279;19.5;4.4;76.0
204;2023-01-09 12:00:00;1.43;16.1;29.9;46.2;23.0;81.0;37.25;716.3;0.0;54.0;6.2;0.491;20.46;5.8;63.0
205;2023-01-09 13:00:00;1.19;6.3;17.0;23.5;34.0;95.0;26.38;715.6;0.0;50.0;4.9;0.429;21.5;5.2;31.0
206;2023-01-09 14:00:00;1.26;6.2;20.1;26.5;37.0;72.0;29.22;714.8;0.0;50.0;4.3;0.377;21.17;7.9;90.0
207;2023-01-09 15:00:00;1.13;5.0;12.7;17.9;39.0;74.0;20.74;714.1;0.0;47.0;3.9;0.447;22.06;8.3;78.0
208;2023-01-09 16:00:00;1.13;4.8;11.8;16.9;35.0;59.0;18.13;713.9;0.0;49.0;3.5;0.333;22.29;9.6;63.0
209;2023-01-09 17:00:00;1.17;5.2;15.4;20.8;30.0;58.0;17.13;714.0;0.0;50.0;3.2;0.084;21.73;10.1;53.0
210;2023-01-09 18:00:00;1.26;4.6;19.8;24.7;25.0;57.0;17.49;714.3;0.0;53.0;3.3;0.018;20.75;7.9;67.0
211;2023-01-09 19:00:00;1.23;3.5;17.4;21.1;24.0;61.0;17.74;714.7;0.0;57.0;3.0;0.001;19.94;7.1;88.0
212;2023-01-09 20:00:00;1.32;4.3;23.7;28.1;16.0;54.0;19.21;714.9;0.0;60.0;3.0;0.001;19.28;6.8;87.0
213;2023-01-09 21:00:00;1.26;3.5;21.6;25.3;15.0;56.0;19.82;715.2;0.0;63.0;2.8;0.001;18.3;2.9;116.0
214;2023-01-09 22:00:00;1.41;6.1;30.3;36.6;6.0;57.0;21.73;715.2;0.0;66.0;2.7;0.001;17.45;2.5;189.0
215;2023-01-09 23:00:00;1.42;7.0;28.3;35.6;6.0;60.0;22.29;715.3;0.0;69.0;2.7;0.001;16.85;2.9;248.0
216;2023-01-10 00:00:00;1.54;15.7;33.9;49.8;3.0;62.0;22.42;715.3;0.0;70.0;;0.001;16.41;2.8;234.0
217;2023-01-10 01:00:00;1.47;14.3;32.9;47.5;3.0;61.0;25.69;715.1;0.0;71.0;2.6;0.001;16.13;2.7;242.0
218;2023-01-10 02:00:00;1.41;11.4;32.0;43.6;3.0;60.0;26.5;714.9;0.0;71.0;2.6;0.001;15.84;3.3;225.0
219;2023-01-10 03:00:00;1.4;21.6;32.6;54.4;;63.0;30.18;714.6;0.0;72.0;2.7;0.001;15.24;2.2;275.0
220;2023-01-10 04:00:00;1.42;21.6;31.6;53.4;;83.0;33.87;714.5;0.0;74.0;2.7;0.001;14.82;3.0;228.0
221;2023-01-10 05:00:00;1.31;8.6;29.4;38.2;;78.0;34.04;714.5;0.0;72.0;2.6;0.001;14.55;2.6;222.0
222;2023-01-10 06:00:00;1.41;25.9;32.6;58.7;;78.0;48.7;714.7;0.0;71.0;2.9;0.001;14.2;3.5;231.0
223;2023-01-10 07:00:00;1.48;51.1;36.0;87.3;;121.0;51.95;714.7;0.0;66.0;3.2;0.001;14.31;2.8;258.0
224;2023-01-10 08:00:00;1.79;61.4;36.6;98.3;4.0;130.0;58.54;714.7;0.0;62.0;3.5;0.007;14.71;4.9;233.0
225;2023-01-10 09:00:00;1.88;57.2;35.9;93.3;5.0;156.0;42.98;714.9;0.0;52.0;3.7;0.042;17.87;3.3;194.0
226;2023-01-10 10:00:00;1.57;32.6;37.4;70.2;10.0;121.0;34.54;715.0;0.0;38.0;4.2;0.097;20.56;4.3;266.0
227;2023-01-10 11:00:00;1.7;24.7;39.3;64.1;18.0;104.0;62.0;715.1;0.0;40.0;4.6;0.418;21.93;4.6;9.0
228;2023-01-10 12:00:00;1.69;19.2;43.3;62.7;27.0;139.0;67.21;714.8;0.0;35.0;5.2;0.551;24.09;4.1;37.0
229;2023-01-10 13:00:00;1.63;13.0;41.3;54.5;39.0;135.0;61.52;713.8;0.0;31.0;5.1;0.63;25.27;5.2;30.0
230;2023-01-10 14:00:00;1.65;14.0;51.1;65.3;42.0;117.0;63.06;712.8;0.0;26.0;11.8;0.613;26.75;6.9;49.0
231;2023-01-10 15:00:00;1.54;7.5;38.6;46.3;59.0;128.0;56.78;712.2;0.0;25.0;7.2;0.533;27.49;8.2;74.0
232;2023-01-10 16:00:00;1.43;4.9;26.3;31.3;71.0;110.0;39.16;711.9;0.0;26.0;4.9;0.325;27.63;10.0;54.0
233;2023-01-10 17:00:00;1.31;3.9;20.5;24.6;65.0;101.0;25.81;711.8;0.0;26.0;4.1;0.084;27.44;9.5;71.0
234;2023-01-10 18:00:00;1.24;3.4;17.2;20.8;53.0;77.0;19.36;711.9;0.0;28.0;3.5;0.023;26.31;9.0;117.0
235;2023-01-10 19:00:00;1.33;3.4;23.0;26.5;42.0;57.0;19.36;712.2;0.0;32.0;3.4;0.001;24.76;7.4;106.0
236;2023-01-10 20:00:00;1.34;3.2;23.6;27.0;32.0;62.0;38.8;712.4;0.0;34.0;3.3;0.001;23.78;5.7;97.0
237;2023-01-10 21:00:00;1.24;3.4;17.3;20.9;29.0;73.0;20.91;712.5;0.0;37.0;3.0;0.001;23.21;6.5;138.0
238;2023-01-10 22:00:00;1.51;3.9;36.1;40.1;16.0;53.0;21.84;712.4;0.0;37.0;3.0;0.001;21.41;5.4;211.0
239;2023-01-10 23:00:00;1.36;3.5;29.8;33.4;19.0;58.0;21.02;712.5;0.0;37.0;;0.001;20.96;4.4;212.0
240;2023-01-11 00:00:00;1.36;3.2;35.5;38.9;14.0;53.0;26.0;712.6;0.0;36.0;3.3;0.001;20.26;5.6;221.0
241;2023-01-11 01:00:00;1.39;4.6;46.4;51.2;6.0;69.0;27.85;712.6;0.0;39.0;3.3;0.001;19.16;3.1;283.0
242;2023-01-11 02:00:00;1.31;4.2;44.6;49.0;6.0;78.0;29.59;712.4;0.0;38.0;;0.001;18.44;3.1;238.0
243;2023-01-11 03:00:00;1.2;3.3;33.0;36.4;12.0;79.0;24.27;712.2;0.0;39.0;3.2;0.001;17.74;3.0;295.0
244;2023-01-11 04:00:00;1.11;3.1;18.3;21.6;23.0;63.0;20.13;711.9;0.0;37.0;3.2;0.001;17.77;3.8;291.0
245;2023-01-11 05:00:00;1.16;3.1;27.6;31.0;13.0;55.0;20.04;711.5;0.0;40.0;3.0;0.001;16.77;3.5;290.0
246;2023-01-11 06:00:00;1.12;3.6;20.1;24.0;18.0;59.0;19.48;711.4;0.0;35.0;3.2;0.001;16.88;3.1;255.0
247;2023-01-11 07:00:00;1.32;20.2;34.1;54.5;8.0;65.0;21.39;711.4;0.0;36.0;3.3;0.001;16.49;3.3;276.0
248;2023-01-11 08:00:00;2.13;67.7;39.6;107.6;4.0;77.0;26.1;711.6;0.0;36.0;3.7;0.007;16.26;3.8;251.0
249;2023-01-11 09:00:00;2.49;82.8;41.3;124.3;5.0;114.0;38.37;712.1;0.0;45.0;3.9;0.035;18.89;4.4;307.0
250;2023-01-11 10:00:00;2.15;52.0;48.1;100.4;9.0;148.0;40.04;712.5;0.0;32.0;4.6;0.102;22.85;4.0;133.0
251;2023-01-11 11:00:00;1.63;26.3;42.5;68.9;17.0;158.0;22.92;712.4;0.0;19.0;4.7;0.449;25.66;4.5;257.0
252;2023-01-11 12:00:00;1.93;27.0;53.1;80.3;27.0;99.0;43.05;711.9;0.0;22.0;4.7;0.582;26.66;5.5;20.0
253;2023-01-11 13:00:00;1.46;9.5;32.2;42.0;44.0;127.0;26.42;710.9;0.0;16.0;3.8;0.655;28.98;5.2;94.0
254;2023-01-11 14:00:00;1.48;9.5;35.0;44.7;47.0;70.0;24.77;709.9;0.0;13.0;6.0;0.637;29.77;8.5;69.0
255;2023-01-11 15:00:00;1.35;4.9;20.6;25.8;65.0;75.0;22.14;709.4;0.0;15.0;3.7;0.552;29.97;10.4;62.0
256;2023-01-11 16:00:00;1.32;4.3;17.6;22.1;66.0;80.0;20.1;709.2;0.0;17.0;3.3;0.349;30.16;10.9;74.0
257;2023-01-11 17:00:00;1.3;4.1;20.0;24.4;56.0;65.0;16.64;709.1;0.0;15.0;3.0;0.087;30.4;8.3;101.0
258;2023-01-11 18:00:00;1.28;3.7;20.4;24.3;54.0;55.0;15.44;709.3;0.0;17.0;2.7;0.024;28.72;7.4;136.0
259;2023-01-11 19:00:00;1.61;4.3;33.0;37.5;41.0;59.0;19.32;709.7;0.0;21.0;3.0;0.001;26.53;5.7;85.0
260;2023-01-11 20:00:00;2.0;11.2;62.6;73.9;11.0;71.0;21.86;710.2;0.0;26.0;3.2;0.001;24.09;3.7;226.0
261;2023-01-11 21:00:00;2.19;12.5;70.1;82.7;5.0;73.0;31.02;710.7;0.0;32.0;3.5;0.001;22.44;3.6;233.0
262;2023-01-11 22:00:00;2.01;13.1;62.3;75.6;5.0;95.0;29.43;711.1;0.0;29.0;3.5;0.001;22.05;3.9;241.0
263;2023-01-11 23:00:00;1.92;12.5;59.4;72.0;5.0;83.0;36.42;711.1;0.0;28.0;4.6;0.001;21.02;4.6;215.0
264;2023-01-12 00:00:00;1.68;5.7;54.4;60.3;6.0;100.0;31.05;710.8;0.0;26.0;4.9;0.001;20.54;3.6;312.0
265;2023-01-12 01:00:00;1.74;8.2;52.2;60.6;5.0;100.0;29.25;710.8;0.0;25.0;4.2;0.001;20.41;4.4;317.0
266;2023-01-12 02:00:00;1.52;8.5;42.4;51.1;9.0;106.0;28.04;710.8;0.0;27.0;4.2;0.001;19.47;4.3;242.0
267;2023-01-12 03:00:00;1.66;17.6;45.6;63.4;5.0;91.0;35.63;711.2;0.0;28.0;;0.001;18.84;4.3;259.0
268;2023-01-12 04:00:00;1.27;12.2;37.2;49.5;8.0;107.0;26.09;711.4;0.0;23.0;6.1;0.001;19.12;5.3;214.0
269;2023-01-12 05:00:00;1.2;4.0;33.5;37.7;9.0;100.0;24.39;711.7;0.0;22.0;5.3;0.001;18.67;4.7;227.0
270;2023-01-12 06:00:00;1.31;11.8;34.4;46.4;8.0;78.0;24.67;712.7;0.0;23.0;4.7;0.001;18.86;6.2;242.0
271;2023-01-12 07:00:00;1.49;8.5;35.2;43.9;7.0;100.0;28.44;714.3;0.0;33.0;5.8;0.001;19.05;8.0;116.0
272;2023-01-12 08:00:00;1.24;5.0;16.3;21.5;23.0;134.0;16.75;715.8;0.0;22.0;3.6;0.008;19.35;9.7;25.0
273;2023-01-12 09:00:00;1.17;5.2;12.6;18.1;29.0;149.0;14.13;716.8;0.0;13.0;2.7;0.04;20.48;9.7;15.0
274;2023-01-12 10:00:00;1.41;7.6;16.2;24.1;28.0;174.0;15.01;718.0;0.0;10.0;3.2;0.132;20.65;10.6;36.0
275;2023-01-12 11:00:00;1.14;6.6;11.4;18.2;33.0;178.0;9.71;718.6;0.0;8.0;3.0;0.439;21.23;10.1;19.0
276;2023-01-12 12:00:00;1.08;6.0;10.2;16.4;35.0;114.0;8.73;718.8;0.0;7.0;2.7;0.576;21.71;14.5;20.0
277;2023-01-12 13:00:00;1.12;5.3;8.6;14.2;38.0;132.0;6.32;718.4;0.0;8.0;2.7;0.648;21.81;12.1;9.0
278;2023-01-12 14:00:00;1.12;5.0;7.9;13.1;41.0;70.0;6.34;717.8;0.0;8.0;;0.643;22.47;9.0;17.0
279;2023-01-12 15:00:00;1.13;5.1;9.7;15.0;39.0;51.0;6.68;717.2;0.0;9.0;3.4;0.568;23.09;8.6;52.0
280;2023-01-12 16:00:00;1.17;5.9;13.4;19.5;36.0;57.0;7.92;716.8;0.0;9.0;5.4;0.372;23.28;9.5;59.0
281;2023-01-12 17:00:00;1.19;5.6;12.9;18.8;34.0;62.0;6.86;717.1;0.0;11.0;3.2;0.088;22.27;11.9;26.0
282;2023-01-12 18:00:00;1.21;4.5;15.3;20.0;30.0;65.0;7.45;717.6;0.0;14.0;3.5;0.022;20.64;12.7;18.0
283;2023-01-12 19:00:00;1.24;4.0;19.5;23.6;27.0;74.0;8.61;718.5;0.0;17.0;4.8;0.002;19.07;10.7;33.0
284;2023-01-12 20:00:00;1.23;3.3;20.1;23.6;25.0;74.0;11.81;719.4;0.0;20.0;3.5;0.001;17.76;9.7;40.0
285;2023-01-12 21:00:00;1.18;2.9;15.5;18.6;28.0;72.0;8.08;720.2;0.0;21.0;2.8;0.001;16.82;7.7;52.0
286;2023-01-12 22:00:00;1.29;2.9;22.6;25.6;20.0;50.0;8.61;720.6;0.0;22.0;5.1;0.001;16.18;6.4;104.0
287;2023-01-12 23:00:00;1.35;3.0;26.8;30.0;14.0;54.0;10.74;720.9;0.0;24.0;3.2;0.001;15.37;4.4;125.0
288;2023-01-13 00:00:00;1.25;3.1;21.1;24.4;20.0;54.0;9.53;721.0;0.0;26.0;3.2;0.001;14.64;9.3;46.0
289;2023-01-13 01:00:00;1.21;2.8;18.6;21.6;22.0;64.0;8.61;721.0;0.0;29.0;;0.001;13.41;7.5;61.0
290;2023-01-13 02:00:00;1.19;2.8;16.5;19.5;22.0;61.0;9.22;720.9;0.0;31.0;5.6;0.001;12.71;5.4;103.0
291;2023-01-13 03:00:00;1.2;;12.8;15.7;24.0;56.0;7.0;720.9;0.0;32.0;3.2;0.001;12.2;4.5;100.0
292;2023-01-13 04:00:00;1.25;2.7;15.4;18.3;24.0;38.0;7.76;720.9;0.0;32.0;4.1;0.001;12.55;6.5;99.0
293;2023-01-13 05:00:00;1.19;2.7;12.1;15.0;26.0;41.0;7.06;720.8;0.0;33.0;4.6;0.001;12.23;7.0;125.0
294;2023-01-13 06:00:00;1.17;;11.2;14.2;26.0;42.0;5.87;720.9;0.0;34.0;3.4;0.001;11.97;5.9;111.0
295;2023-01-13 07:00:00;1.32;6.2;21.7;28.1;17.0;31.0;7.22;721.4;0.0;34.0;3.6;0.001;11.65;4.6;116.0
296;2023-01-13 08:00:00;1.39;4.3;22.9;27.3;19.0;46.0;6.86;721.6;0.0;34.0;3.1;0.007;11.91;6.5;80.0
297;2023-01-13 09:00:00;1.3;6.3;16.5;23.0;25.0;45.0;5.64;721.9;0.0;32.0;3.1;0.03;12.9;8.4;42.0
298;2023-01-13 10:00:00;1.35;7.5;13.2;20.9;28.0;43.0;6.02;722.0;0.0;29.0;3.4;0.123;13.35;8.7;10.0
299;2023-01-13 11:00:00;1.32;10.6;17.6;28.5;26.0;45.0;10.25;721.8;0.0;28.0;7.0;0.448;14.36;7.5;36.0
300;2023-01-13 12:00:00;1.3;11.2;19.1;30.6;27.0;59.0;11.85;721.4;0.0;26.0;7.3;0.576;15.39;6.4;48.0
301;2023-01-13 13:00:00;1.36;11.5;20.9;32.6;29.0;65.0;12.99;720.4;0.0;25.0;8.8;0.645;16.21;6.5;55.0
302;2023-01-13 14:00:00;1.38;10.2;23.1;33.5;34.0;59.0;15.41;719.2;0.0;23.0;7.7;0.641;17.11;7.1;51.0
303;2023-01-13 15:00:00;1.41;7.6;22.8;30.6;44.0;63.0;17.39;718.4;0.0;23.0;5.8;0.567;17.91;8.5;44.0
304;2023-01-13 16:00:00;1.39;4.5;19.9;24.7;62.0;63.0;16.12;717.9;0.0;23.0;8.6;0.367;18.29;10.5;65.0
305;2023-01-13 17:00:00;1.36;3.9;18.2;22.3;57.0;76.0;14.58;717.9;0.0;23.0;10.7;0.088;18.23;12.5;64.0
306;2023-01-13 18:00:00;1.37;3.4;17.4;21.0;44.0;75.0;11.98;718.0;0.0;25.0;5.8;0.022;17.43;10.3;85.0
307;2023-01-13 19:00:00;1.41;3.1;20.2;23.5;34.0;57.0;9.48;718.3;0.0;27.0;7.1;0.002;16.22;8.7;95.0
308;2023-01-13 20:00:00;1.33;3.0;15.5;18.7;33.0;55.0;9.13;718.6;0.0;28.0;8.0;0.001;15.31;8.5;91.0
309;2023-01-13 21:00:00;1.26;3.3;12.3;15.8;32.0;47.0;8.33;718.7;0.0;28.0;4.5;0.001;14.64;10.3;99.0
310;2023-01-13 22:00:00;1.22;2.8;8.8;11.8;34.0;45.0;11.61;718.7;0.0;28.0;3.8;0.001;14.18;9.8;110.0
311;2023-01-13 23:00:00;1.2;2.7;7.6;10.5;34.0;43.0;6.12;718.5;0.0;28.0;3.2;0.001;13.79;9.9;118.0
312;2023-01-14 00:00:00;1.18;2.6;6.3;9.1;35.0;36.0;4.85;718.3;0.0;28.0;3.0;0.001;13.47;10.6;103.0
313;2023-01-14 01:00:00;1.2;2.5;6.8;9.6;33.0;32.0;5.02;718.0;0.0;30.0;3.0;0.001;12.97;7.1;87.0
314;2023-01-14 02:00:00;1.27;2.6;12.1;14.8;25.0;29.0;6.82;717.7;0.0;35.0;;0.001;11.51;3.4;235.0
315;2023-01-14 03:00:00;1.43;3.5;28.4;32.1;10.0;31.0;12.51;717.4;0.0;38.0;3.3;0.001;10.8;4.3;204.0
316;2023-01-14 04:00:00;1.5;9.8;36.6;46.7;4.0;51.0;20.93;717.2;0.0;39.0;3.4;0.001;10.07;3.5;269.0
317;2023-01-14 05:00:00;1.46;12.5;37.4;50.2;4.0;72.0;30.86;717.1;0.0;38.0;3.5;0.001;9.58;3.5;297.0
318;2023-01-14 06:00:00;1.53;19.0;36.4;55.6;4.0;76.0;38.4;717.0;0.0;40.0;3.8;0.001;9.04;3.2;288.0
319;2023-01-14 07:00:00;1.6;29.4;36.2;65.8;;91.0;38.18;717.2;0.0;42.0;3.9;0.001;8.52;2.4;273.0
320;2023-01-14 08:00:00;1.83;63.3;36.4;100.0;;91.0;45.16;717.4;0.0;42.0;4.3;0.007;8.37;2.8;311.0
321;2023-01-14 09:00:00;1.95;79.1;39.5;118.9;5.0;110.0;44.87;717.5;0.0;36.0;5.2;0.035;11.58;3.0;257.0
322;2023-01-14 10:00:00;2.11;56.6;45.2;102.1;10.0;128.0;47.12;717.7;0.0;30.0;8.1;0.125;14.22;4.0;14.0
323;2023-01-14 11:00:00;2.14;58.8;55.0;114.1;13.0;137.0;56.35;717.6;0.0;27.0;13.6;0.409;14.77;5.6;64.0
324;2023-01-14 12:00:00;1.9;41.8;51.7;93.7;18.0;134.0;54.13;717.0;0.0;25.0;15.0;0.546;16.01;5.2;46.0
325;2023-01-14 13:00:00;1.53;11.4;26.6;38.2;34.0;128.0;29.06;715.9;0.0;24.0;5.0;0.633;17.18;6.2;37.0
326;2023-01-14 14:00:00;1.36;5.9;15.1;21.2;42.0;73.0;15.76;714.8;0.0;22.0;3.4;0.641;18.54;7.2;67.0
327;2023-01-14 15:00:00;1.34;4.9;12.7;17.8;44.0;53.0;12.27;714.1;0.0;24.0;3.4;0.569;19.1;9.7;54.0
328;2023-01-14 16:00:00;1.35;4.8;11.6;16.6;41.0;58.0;10.9;713.7;0.0;25.0;;0.373;19.95;9.8;41.0
329;2023-01-14 17:00:00;1.37;4.3;12.5;17.0;38.0;51.0;11.04;713.6;0.0;27.0;;0.083;20.11;10.0;61.0
330;2023-01-14 18:00:00;1.4;3.8;15.3;19.2;34.0;55.0;12.22;713.7;0.0;30.0;;0.022;19.14;8.8;84.0
331;2023-01-14 19:00:00;1.37;3.0;13.1;16.2;35.0;50.0;12.28;713.8;0.0;31.0;3.2;0.002;17.94;8.9;98.0
332;2023-01-14 20:00:00;1.36;2.9;12.8;16.0;32.0;49.0;12.62;714.0;0.0;33.0;3.3;0.001;17.2;9.1;109.0
333;2023-01-14 21:00:00;1.32;2.8;9.6;12.7;34.0;46.0;11.44;714.1;0.0;34.0;3.2;0.001;16.79;10.8;119.0
334;2023-01-14 22:00:00;1.32;2.8;9.1;12.1;35.0;53.0;11.21;713.9;0.0;35.0;3.2;0.001;16.35;8.6;116.0
335;2023-01-14 23:00:00;1.51;3.7;21.3;25.3;22.0;39.0;15.13;713.6;0.0;38.0;3.0;0.001;15.22;6.2;169.0
336;2023-01-15 00:00:00;1.71;3.6;36.7;40.5;9.0;46.0;28.95;713.5;0.0;40.0;3.7;0.001;14.03;4.1;163.0
337;2023-01-15 01:00:00;1.78;4.8;37.6;42.6;5.0;76.0;38.69;712.8;0.0;47.0;4.5;0.001;12.44;3.5;294.0
338;2023-01-15 02:00:00;1.76;7.2;36.9;44.4;4.0;83.0;40.14;712.5;0.0;53.0;4.9;0.001;11.77;3.1;292.0
339;2023-01-15 03:00:00;1.69;5.1;33.6;38.9;4.0;85.0;34.77;712.0;0.0;59.0;4.2;0.001;11.17;3.5;338.0
340;2023-01-15 04:00:00;1.87;13.8;32.4;46.4;4.0;75.0;44.95;711.5;0.0;65.0;5.2;0.001;10.24;2.3;5.0
341;2023-01-15 05:00:00;1.84;18.6;31.3;50.1;3.0;74.0;52.42;711.1;0.0;65.0;5.0;0.001;9.99;3.4;284.0
342;2023-01-15 06:00:00;1.61;6.9;29.0;36.1;5.0;80.0;33.62;710.7;0.0;64.0;5.1;0.001;9.72;3.3;293.0
343;2023-01-15 07:00:00;1.67;12.6;30.5;43.3;4.0;70.0;33.47;710.5;0.0;63.0;5.3;0.001;9.56;3.1;264.0
344;2023-01-15 08:00:00;1.81;24.3;31.1;55.6;4.0;82.0;39.75;710.4;0.0;62.0;4.8;0.008;9.37;1.9;247.0
345;2023-01-15 09:00:00;1.95;38.6;32.9;71.7;6.0;98.0;41.36;710.6;0.0;49.0;5.6;0.038;12.89;2.7;134.0
346;2023-01-15 10:00:00;1.84;26.7;33.2;60.1;13.0;116.0;43.5;710.8;0.0;39.0;6.2;0.125;15.77;4.1;47.0
347;2023-01-15 11:00:00;1.76;19.1;32.1;51.4;21.0;118.0;43.93;710.4;0.0;31.0;6.3;0.433;18.64;4.4;70.0
348;2023-01-15 12:00:00;1.92;20.5;40.3;61.0;25.0;107.0;57.76;710.0;0.0;29.0;8.3;0.567;20.15;6.8;70.0
349;2023-01-15 13:00:00;1.86;15.2;36.5;51.9;33.0;117.0;56.02;709.1;0.0;27.0;10.9;0.639;21.81;7.6;67.0
350;2023-01-15 14:00:00;1.71;6.5;24.4;31.2;49.0;113.0;38.23;707.9;0.0;26.0;5.6;0.538;23.56;8.2;67.0
351;2023-01-15 15:00:00;1.64;5.4;19.6;25.2;57.0;90.0;28.19;707.0;0.0;25.0;5.0;0.57;25.26;9.9;42.0
352;2023-01-15 16:00:00;1.7;4.7;18.1;23.0;62.0;83.0;27.53;706.5;0.0;23.0;4.5;0.385;26.01;11.1;43.0
353;2023-01-15 17:00:00;1.71;4.3;19.4;23.9;55.0;87.0;42.3;706.3;0.0;20.0;4.0;0.097;26.09;9.8;61.0
354;2023-01-15 18:00:00;1.69;4.2;24.8;29.2;44.0;86.0;20.1;706.4;0.0;23.0;4.6;0.022;24.82;7.6;49.0
355;2023-01-15 19:00:00;1.65;3.2;34.0;37.4;25.0;64.0;23.16;706.5;0.0;26.0;4.8;0.002;22.55;3.8;326.0
356;2023-01-15 20:00:00;1.91;4.5;49.3;54.0;7.0;69.0;31.74;707.0;0.0;34.0;5.2;0.001;20.94;4.7;266.0
357;2023-01-15 21:00:00;2.15;14.8;46.4;61.5;4.0;79.0;37.61;707.2;0.0;39.0;4.1;0.001;19.72;4.3;232.0
358;2023-01-15 22:00:00;2.08;10.3;44.0;54.4;4.0;88.0;34.42;707.0;0.0;42.0;3.9;0.001;18.08;3.2;245.0
359;2023-01-15 23:00:00;2.23;18.6;44.0;62.7;4.0;81.0;38.92;707.0;0.0;45.0;4.0;0.001;17.4;3.5;257.0
360;2023-01-16 00:00:00;2.41;33.5;46.4;80.2;;85.0;49.67;706.7;0.0;46.0;4.2;0.001;16.47;3.1;243.0
361;2023-01-16 01:00:00;2.53;51.0;49.1;100.3;;105.0;56.2;706.4;0.0;45.0;4.7;0.001;15.68;3.7;270.0
362;2023-01-16 02:00:00;2.29;38.7;46.3;85.2;;126.0;46.06;706.3;0.0;46.0;4.5;0.001;15.51;3.7;252.0
363;2023-01-16 03:00:00;2.09;22.5;39.3;62.0;3.0;109.0;42.39;706.2;0.0;52.0;3.9;0.001;14.58;3.1;230.0
364;2023-01-16 04:00:00;1.93;23.8;43.4;67.3;4.0;97.0;52.08;706.2;0.0;45.0;4.6;0.001;14.35;4.2;239.0
365;2023-01-16 05:00:00;1.73;8.8;37.9;46.8;7.0;222.0;53.22;706.4;0.0;39.0;4.9;0.001;14.99;4.5;277.0
366;2023-01-16 06:00:00;1.55;3.9;31.7;35.8;10.0;199.0;47.4;706.6;0.0;34.0;6.0;0.001;16.06;5.7;201.0
367;2023-01-16 07:00:00;1.59;11.4;36.3;47.9;5.0;175.0;44.86;706.9;0.0;29.0;5.3;0.001;16.91;5.5;222.0
368;2023-01-16 08:00:00;1.64;25.7;33.2;59.2;7.0;160.0;17.41;707.4;0.0;19.0;4.6;0.005;19.44;7.0;200.0
369;2023-01-16 09:00:00;2.02;52.7;35.5;88.4;7.0;102.0;;708.0;0.0;17.0;5.5;0.033;21.2;6.7;211.0
370;2023-01-16 10:00:00;1.63;24.5;32.7;57.4;12.0;122.0;19.8;708.6;0.0;12.0;4.4;0.119;24.96;7.8;208.0
371;2023-01-16 11:00:00;1.41;12.3;21.6;34.2;23.0;145.0;15.03;708.8;0.0;9.0;3.4;0.452;27.41;7.7;83.0
372;2023-01-16 12:00:00;1.34;9.1;18.0;27.4;29.0;104.0;12.44;708.5;0.0;7.0;3.6;0.581;29.06;6.5;52.0
373;2023-01-16 13:00:00;1.26;6.6;11.9;18.7;33.0;96.0;10.27;707.7;0.0;6.0;3.1;0.653;30.33;7.9;340.0
374;2023-01-16 14:00:00;1.23;5.4;8.9;14.6;35.0;80.0;7.72;706.8;0.0;4.0;2.5;0.654;31.52;9.5;321.0
375;2023-01-16 15:00:00;1.21;5.1;7.9;13.3;35.0;68.0;6.36;706.1;0.0;4.0;2.5;0.592;31.79;13.1;314.0
376;2023-01-16 16:00:00;1.22;4.5;7.6;12.4;34.0;78.0;6.42;705.8;0.0;4.0;;0.397;32.01;10.2;338.0
377;2023-01-16 17:00:00;1.34;5.1;13.8;19.2;35.0;51.0;10.35;705.8;0.0;8.0;3.9;0.084;31.44;9.4;16.0
378;2023-01-16 18:00:00;1.63;4.5;26.6;31.3;33.0;67.0;20.59;706.2;0.0;21.0;5.0;0.025;28.1;10.4;75.0
379;2023-01-16 19:00:00;1.6;3.6;23.7;27.5;30.0;99.0;16.08;706.6;0.0;25.0;4.5;0.002;26.03;10.3;77.0
380;2023-01-16 20:00:00;1.5;3.7;16.6;20.5;32.0;78.0;17.72;707.2;0.0;29.0;4.1;0.001;24.47;9.4;84.0
381;2023-01-16 21:00:00;1.38;3.1;9.1;12.4;37.0;75.0;13.29;707.7;0.0;29.0;3.8;0.001;24.01;10.3;110.0
382;2023-01-16 22:00:00;1.62;3.4;28.6;32.2;16.0;55.0;15.28;708.1;0.0;32.0;3.6;0.001;22.08;3.7;215.0
383;2023-01-16 23:00:00;1.76;5.2;34.3;39.7;9.0;63.0;17.6;708.0;0.0;36.0;3.4;0.001;20.44;4.1;287.0
384;2023-01-17 00:00:00;1.77;11.4;38.5;50.1;6.0;68.0;19.0;707.8;0.0;37.0;3.4;0.001;19.75;4.1;233.0
385;2023-01-17 01:00:00;1.81;12.8;40.1;53.1;4.0;63.0;24.33;707.6;0.0;38.0;4.0;0.001;19.13;4.1;215.0
386;2023-01-17 02:00:00;1.85;22.1;40.1;62.4;4.0;78.0;33.62;707.4;0.0;37.0;4.5;0.001;18.17;3.7;217.0
387;2023-01-17 03:00:00;1.61;7.2;36.7;44.1;5.0;110.0;27.43;707.3;0.0;34.0;4.6;0.001;17.83;3.1;252.0
388;2023-01-17 04:00:00;1.64;14.9;39.0;54.2;4.0;90.0;35.76;707.0;0.0;36.0;5.9;0.001;17.19;3.3;237.0
389;2023-01-17 05:00:00;1.52;9.4;33.9;43.5;6.0;114.0;36.16;707.0;0.0;35.0;6.2;0.001;16.72;3.8;205.0
390;2023-01-17 06:00:00;1.47;7.4;32.8;40.4;6.0;108.0;32.71;707.0;0.0;34.0;5.6;0.001;16.74;6.4;220.0
391;2023-01-17 07:00:00;1.63;25.2;35.6;61.0;4.0;111.0;33.95;707.3;0.0;33.0;5.9;0.001;16.33;5.1;224.0
392;2023-01-17 08:00:00;1.85;46.6;36.7;83.5;4.0;121.0;33.77;707.6;0.0;33.0;5.6;0.006;16.26;5.8;236.0
393;2023-01-17 09:00:00;1.9;51.8;37.0;89.1;6.0;142.0;26.33;708.0;0.0;26.0;5.5;0.037;19.53;4.0;230.0
394;2023-01-17 10:00:00;1.9;41.5;39.7;81.5;10.0;117.0;26.27;708.2;0.0;22.0;5.9;0.14;22.67;4.2;132.0
395;2023-01-17 11:00:00;1.82;18.7;32.0;50.9;22.0;118.0;30.61;708.0;0.0;26.0;8.3;0.44;24.46;4.3;40.0
396;2023-01-17 12:00:00;1.81;13.6;36.2;50.0;26.0;112.0;32.88;707.3;0.0;28.0;6.8;0.334;24.55;5.1;349.0
397;2023-01-17 13:00:00;2.02;12.7;45.9;58.8;31.0;115.0;46.92;706.5;0.0;27.0;6.4;0.332;25.46;3.6;105.0
398;2023-01-17 14:00:00;2.24;15.5;56.7;72.4;39.0;125.0;56.77;705.7;0.0;25.0;8.3;0.61;27.19;5.1;85.0
399;2023-01-17 15:00:00;2.05;11.3;48.8;60.3;46.0;139.0;47.25;704.9;0.0;24.0;12.3;0.553;28.18;7.4;79.0
400;2023-01-17 16:00:00;1.75;5.1;31.9;37.2;67.0;128.0;37.17;704.6;0.0;26.0;17.4;0.244;27.11;8.7;78.0
401;2023-01-17 17:00:00;1.75;4.1;30.6;34.9;66.0;108.0;35.35;704.5;0.0;28.0;16.6;0.113;26.48;7.6;68.0
402;2023-01-17 18:00:00;1.88;4.1;37.1;41.3;43.0;107.0;28.93;704.6;0.0;29.0;8.2;0.035;25.8;5.6;65.0
403;2023-01-17 19:00:00;1.97;3.8;41.4;45.4;33.0;95.0;30.29;704.8;0.0;33.0;6.1;0.001;24.86;7.4;62.0
404;2023-01-17 20:00:00;1.75;4.4;28.0;32.7;18.0;93.0;23.94;705.1;0.0;40.0;4.5;0.0;23.09;8.5;59.0
405;2023-01-17 21:00:00;1.51;3.6;13.8;17.6;29.0;74.0;21.34;705.2;0.0;41.0;4.1;0.001;22.83;9.8;95.0
406;2023-01-17 22:00:00;1.76;3.9;31.4;35.5;14.0;63.0;23.52;705.3;0.0;44.0;4.0;0.001;21.5;5.4;179.0
407;2023-01-17 23:00:00;1.94;6.9;41.1;48.2;5.0;70.0;30.73;705.4;0.0;48.0;3.8;0.001;20.17;4.9;214.0
408;2023-01-18 00:00:00;1.9;9.5;42.0;51.6;4.0;77.0;33.19;705.4;0.0;49.0;3.9;0.001;19.69;5.4;222.0
409;2023-01-18 01:00:00;1.87;13.1;43.7;57.1;4.0;93.0;36.18;705.2;0.0;50.0;4.3;0.001;18.92;3.6;235.0
410;2023-01-18 02:00:00;1.85;13.6;45.5;59.3;4.0;114.0;42.98;705.1;0.0;48.0;4.8;0.001;18.4;3.8;233.0
411;2023-01-18 03:00:00;1.74;9.1;45.3;54.6;;114.0;41.89;704.9;0.0;47.0;4.8;0.001;18.0;3.8;239.0
412;2023-01-18 04:00:00;1.73;10.1;42.2;52.5;6.0;154.0;52.67;704.8;0.0;45.0;5.1;0.001;17.75;4.2;251.0
413;2023-01-18 05:00:00;1.64;3.7;29.8;33.8;13.0;189.0;44.24;704.6;0.0;43.0;4.6;0.001;17.8;5.7;216.0
414;2023-01-18 06:00:00;1.65;3.5;33.2;36.8;10.0;167.0;47.28;704.8;0.0;38.0;4.9;0.001;18.24;4.6;198.0
415;2023-01-18 07:00:00;1.71;13.4;35.1;48.6;5.0;260.0;47.57;705.3;0.0;38.0;4.3;0.001;17.42;4.2;178.0
416;2023-01-18 08:00:00;1.97;43.0;36.9;80.1;4.0;187.0;37.3;706.0;0.0;34.0;5.0;0.007;17.8;5.7;220.0
417;2023-01-18 09:00:00;2.29;63.6;41.1;105.1;6.0;147.0;33.37;706.9;0.0;27.0;6.3;0.03;19.89;4.9;261.0
418;2023-01-18 10:00:00;2.56;88.8;49.4;138.5;7.0;143.0;33.13;707.6;0.0;22.0;5.6;0.146;24.02;5.8;76.0
419;2023-01-18 11:00:00;1.83;28.7;31.3;60.3;19.0;149.0;33.51;708.3;0.0;26.0;6.9;0.432;24.87;10.6;61.0
420;2023-01-18 12:00:00;1.52;10.4;19.3;29.9;27.0;229.0;30.22;708.2;0.0;31.0;6.3;0.558;24.59;11.3;58.0
421;2023-01-18 13:00:00;1.47;7.2;14.9;22.2;34.0;145.0;25.86;707.7;0.0;30.0;5.7;0.618;25.02;10.8;50.0
422;2023-01-18 14:00:00;1.41;6.1;11.7;18.0;36.0;113.0;21.31;707.2;0.0;29.0;5.2;0.605;25.15;11.9;44.0
423;2023-01-18 15:00:00;1.41;5.8;12.6;18.6;38.0;92.0;17.68;707.0;0.0;27.0;5.1;0.543;25.67;9.8;41.0
424;2023-01-18 16:00:00;1.41;5.4;12.9;18.5;38.0;72.0;16.97;706.9;0.0;25.0;5.1;0.372;26.22;8.3;11.0
425;2023-01-18 17:00:00;1.46;6.0;19.4;25.6;33.0;67.0;16.73;707.0;0.0;24.0;5.6;0.095;26.1;9.1;33.0
426;2023-01-18 18:00:00;1.53;6.0;26.3;32.5;24.0;74.0;17.88;707.5;0.0;25.0;5.6;0.029;25.48;8.9;22.0
427;2023-01-18 19:00:00;1.57;4.5;23.6;28.3;24.0;76.0;18.26;708.3;0.0;32.0;4.8;0.002;23.89;8.4;76.0
428;2023-01-18 20:00:00;1.48;3.3;15.5;19.0;28.0;74.0;18.12;709.2;0.0;35.0;3.6;0.001;22.76;6.5;93.0
429;2023-01-18 21:00:00;1.45;3.3;12.9;16.3;27.0;56.0;18.28;709.8;0.0;38.0;3.5;0.001;21.87;8.3;111.0
430;2023-01-18 22:00:00;1.4;3.1;9.3;12.6;30.0;56.0;26.53;710.0;0.0;41.0;3.4;0.001;21.4;9.7;120.0
431;2023-01-18 23:00:00;1.39;3.0;9.1;12.4;30.0;53.0;19.24;710.4;0.0;43.0;3.3;0.001;20.85;8.7;115.0
432;2023-01-19 00:00:00;1.38;2.9;8.9;12.1;30.0;47.0;17.29;710.6;0.0;43.0;3.2;0.001;20.53;5.7;113.0
433;2023-01-19 01:00:00;1.42;8.8;23.2;32.2;19.0;50.0;17.92;710.7;0.0;47.0;3.2;0.001;19.37;3.1;28.0
434;2023-01-19 02:00:00;1.53;11.6;29.1;40.9;12.0;48.0;20.27;711.1;0.0;47.0;3.3;0.001;18.72;3.8;357.0
435;2023-01-19 03:00:00;1.69;23.1;39.4;62.8;4.0;64.0;30.91;711.4;0.0;47.0;3.6;0.001;17.85;3.2;187.0
436;2023-01-19 04:00:00;1.43;6.1;16.6;22.9;21.0;84.0;22.77;711.7;0.0;35.0;3.4;0.001;18.17;9.0;25.0
437;2023-01-19 05:00:00;1.24;3.0;5.5;8.8;31.0;64.0;6.76;712.2;0.0;26.0;2.5;0.001;18.12;8.0;30.0
438;2023-01-19 06:00:00;1.32;2.8;9.1;12.2;30.0;47.0;6.27;712.7;0.0;23.0;2.6;0.001;17.48;7.1;70.0
439;2023-01-19 07:00:00;1.32;3.1;16.4;19.7;24.0;37.0;6.26;713.3;0.0;20.0;2.7;0.001;17.19;8.2;79.0
440;2023-01-19 08:00:00;1.47;4.8;24.4;29.4;18.0;39.0;6.76;713.6;0.0;19.0;2.7;0.008;16.75;7.4;73.0
441;2023-01-19 09:00:00;1.45;7.5;20.5;28.3;22.0;46.0;6.87;714.3;0.0;20.0;;0.076;16.84;8.1;42.0
442;2023-01-19 10:00:00;1.4;6.0;16.4;22.7;26.0;59.0;7.2;714.9;0.0;20.0;2.5;0.134;17.19;9.1;31.0
443;2023-01-19 11:00:00;1.35;6.1;14.3;20.6;29.0;83.0;10.67;715.3;0.0;17.0;2.6;0.241;17.25;11.9;30.0
444;2023-01-19 12:00:00;1.36;9.3;14.8;24.4;29.0;135.0;11.08;714.9;0.0;17.0;3.9;0.555;18.28;11.0;28.0
445;2023-01-19 13:00:00;1.36;7.4;14.1;21.6;33.0;110.0;14.95;714.0;0.0;25.0;4.6;0.576;18.94;15.5;59.0
446;2023-01-19 14:00:00;1.36;5.8;12.7;18.8;34.0;115.0;16.98;713.1;0.0;28.0;8.5;0.384;18.97;15.6;61.0
447;2023-01-19 15:00:00;1.36;5.4;14.5;20.1;30.0;104.0;13.57;712.8;0.0;29.0;12.5;0.14;17.73;17.3;68.0
448;2023-01-19 16:00:00;1.32;4.3;11.0;15.4;33.0;88.0;10.37;712.8;0.0;33.0;7.1;0.125;17.19;16.4;65.0
449;2023-01-19 17:00:00;1.31;4.7;11.8;16.8;32.0;68.0;8.88;712.9;0.0;26.0;3.5;0.149;17.59;13.0;68.0
450;2023-01-19 18:00:00;1.3;3.6;11.8;15.7;31.0;59.0;8.08;713.2;0.0;25.0;5.2;0.062;17.61;11.3;103.0
451;2023-01-19 19:00:00;1.33;3.2;14.1;17.5;28.0;46.0;7.65;713.4;0.0;25.0;4.7;0.002;16.75;9.7;114.0
452;2023-01-19 20:00:00;1.3;3.5;12.0;15.6;29.0;45.0;7.9;713.5;0.0;25.0;2.8;0.001;16.49;8.6;119.0
453;2023-01-19 21:00:00;1.27;2.7;10.0;13.0;31.0;43.0;7.47;713.8;0.0;26.0;2.6;0.001;16.5;7.8;97.0
454;2023-01-19 22:00:00;1.32;2.9;14.7;17.8;26.0;33.0;8.54;713.8;0.0;28.0;2.8;0.001;16.61;7.5;68.0
455;2023-01-19 23:00:00;1.31;3.0;19.0;22.1;24.0;46.0;9.78;713.8;0.0;27.0;3.7;0.001;16.77;9.9;35.0
456;2023-01-20 00:00:00;1.26;2.7;10.3;13.2;31.0;52.0;12.85;713.8;0.0;28.0;3.6;0.001;16.33;10.2;55.0
457;2023-01-20 01:00:00;1.22;2.7;7.7;10.6;33.0;66.0;23.04;713.7;0.0;31.0;3.6;0.001;15.9;7.4;48.0
458;2023-01-20 02:00:00;1.2;2.6;5.3;8.1;34.0;55.0;9.65;713.5;0.0;28.0;2.6;0.001;15.65;8.0;58.0
459;2023-01-20 03:00:00;1.19;2.5;4.9;7.7;33.0;35.0;6.16;713.3;0.0;27.0;2.5;0.001;15.24;5.1;59.0
460;2023-01-20 04:00:00;1.2;2.5;5.4;8.1;31.0;33.0;6.29;713.1;0.0;31.0;2.6;0.001;14.99;4.2;21.0
461;2023-01-20 05:00:00;1.29;;11.8;14.5;24.0;38.0;8.71;712.9;0.0;34.0;3.6;0.001;14.43;2.7;318.0
462;2023-01-20 06:00:00;1.3;2.8;15.3;18.2;20.0;42.0;12.49;713.0;0.0;38.0;3.7;0.001;14.13;4.8;214.0
463;2023-01-20 07:00:00;1.48;9.2;29.8;39.3;8.0;50.0;18.93;713.3;0.0;37.0;7.1;0.001;13.75;6.2;212.0
464;2023-01-20 08:00:00;1.58;13.8;33.3;47.3;5.0;87.0;26.89;713.4;0.0;38.0;7.6;0.009;13.53;4.8;210.0
465;2023-01-20 09:00:00;1.75;32.5;35.3;68.1;6.0;106.0;27.35;713.7;0.0;37.0;9.6;0.052;14.36;4.9;227.0
466;2023-01-20 10:00:00;1.99;41.2;37.5;79.0;7.0;115.0;30.89;714.1;0.0;34.0;9.0;0.126;15.59;4.8;214.0
467;2023-01-20 11:00:00;2.2;30.8;38.8;69.7;11.0;119.0;27.66;714.3;0.0;33.0;8.5;0.216;16.94;4.5;287.0
468;2023-01-20 12:00:00;1.99;21.9;37.5;59.6;17.0;114.0;30.14;714.2;0.0;34.0;10.7;0.329;18.27;4.9;34.0
469;2023-01-20 13:00:00;1.82;18.0;38.6;56.8;24.0;126.0;33.35;713.4;0.0;33.0;9.6;0.443;19.21;5.7;3.0
470;2023-01-20 14:00:00;1.81;25.2;45.1;70.5;22.0;132.0;38.67;712.5;0.0;36.0;17.2;0.547;19.87;7.4;34.0
471;2023-01-20 15:00:00;1.74;18.2;41.4;59.7;27.0;130.0;41.28;711.9;0.0;37.0;16.4;0.494;20.75;7.9;56.0
472;2023-01-20 16:00:00;1.71;8.8;35.4;44.3;35.0;121.0;36.24;711.5;0.0;37.0;12.4;0.276;20.96;7.2;65.0
473;2023-01-20 17:00:00;1.73;6.3;29.8;36.3;33.0;105.0;29.62;711.5;0.0;40.0;8.5;0.124;20.54;9.4;68.0
474;2023-01-20 18:00:00;1.68;4.6;26.9;31.7;29.0;111.0;25.51;711.7;0.0;46.0;8.3;0.028;19.68;10.4;55.0
475;2023-01-20 19:00:00;1.81;3.6;34.6;38.4;30.0;100.0;27.85;712.0;0.0;48.0;20.0;0.003;18.78;9.2;67.0
476;2023-01-20 20:00:00;1.7;3.5;28.0;31.7;25.0;103.0;;712.3;0.0;51.0;14.8;0.001;18.2;9.1;74.0
477;2023-01-20 21:00:00;1.54;3.3;18.0;21.5;25.0;90.0;19.32;712.5;0.0;54.0;6.3;0.001;17.51;8.4;73.0
478;2023-01-20 22:00:00;1.53;3.4;16.4;20.0;23.0;70.0;18.13;712.5;0.0;61.0;4.4;0.001;16.75;8.2;64.0
479;2023-01-20 23:00:00;1.51;3.3;15.5;19.0;22.0;68.0;17.72;712.4;0.0;66.0;3.7;0.001;16.22;8.1;56.0
480;2023-01-21 00:00:00;1.45;3.2;11.0;14.4;25.0;68.0;16.74;712.2;0.0;68.0;3.4;0.001;16.13;8.6;81.0
481;2023-01-21 01:00:00;1.4;3.0;6.9;10.2;28.0;59.0;14.34;711.8;0.0;70.0;3.2;0.001;16.06;9.1;104.0
482;2023-01-21 02:00:00;1.39;2.8;5.7;8.7;29.0;55.0;13.91;711.7;0.0;72.0;3.1;0.001;16.0;8.2;90.0
483;2023-01-21 03:00:00;1.39;2.7;6.2;9.1;28.0;57.0;14.21;711.5;0.0;71.0;3.0;0.001;15.83;5.7;76.0
484;2023-01-21 04:00:00;1.41;2.7;10.5;13.4;22.0;53.0;14.06;711.2;0.0;73.0;3.0;0.001;15.42;2.3;298.0
485;2023-01-21 05:00:00;1.48;2.9;16.1;19.1;14.0;60.0;16.45;710.9;0.0;73.0;2.9;0.001;15.22;3.4;219.0
486;2023-01-21 06:00:00;1.54;3.0;18.6;21.7;12.0;63.0;;710.9;0.0;69.0;3.5;0.001;14.64;3.5;212.0
487;2023-01-21 07:00:00;1.57;3.7;23.5;27.4;8.0;77.0;30.84;710.9;0.0;68.0;3.8;0.001;13.92;4.7;221.0
488;2023-01-21 08:00:00;1.72;12.8;27.6;40.6;4.0;76.0;30.66;711.2;0.0;69.0;3.6;0.008;13.64;3.1;224.0
489;2023-01-21 09:00:00;1.9;29.1;30.4;59.7;6.0;76.0;34.18;711.5;0.0;61.0;4.3;0.05;15.78;3.8;237.0
490;2023-01-21 10:00:00;1.85;24.9;30.5;55.5;12.0;100.0;39.65;711.5;0.0;57.0;4.5;0.172;18.24;4.1;7.0
491;2023-01-21 11:00:00;1.83;19.1;30.8;50.0;19.0;125.0;49.22;711.6;0.0;57.0;4.6;0.407;19.09;5.2;26.0
492;2023-01-21 12:00:00;1.97;22.8;38.4;61.4;21.0;131.0;55.62;711.2;0.0;51.0;7.5;0.52;20.64;5.8;45.0
493;2023-01-21 13:00:00;2.09;21.9;49.7;71.9;26.0;128.0;68.24;710.2;0.0;49.0;15.2;0.57;21.33;7.0;61.0
494;2023-01-21 14:00:00;1.79;10.7;35.6;46.5;42.0;164.0;65.26;709.2;0.0;44.0;15.9;0.578;22.16;9.3;48.0
495;2023-01-21 15:00:00;1.73;8.5;36.4;45.1;51.0;132.0;57.2;708.5;0.0;39.0;15.0;0.5;23.24;9.2;38.0
496;2023-01-21 16:00:00;1.74;4.6;24.0;28.9;68.0;138.0;53.46;708.2;0.0;39.0;7.5;0.338;23.62;9.9;74.0
497;2023-01-21 17:00:00;1.64;3.9;18.8;22.9;65.0;118.0;40.82;708.2;0.0;42.0;6.4;0.11;23.34;12.0;76.0
498;2023-01-21 18:00:00;1.59;3.6;18.4;22.2;47.0;100.0;33.98;708.5;0.0;50.0;13.0;0.038;21.8;13.0;69.0
499;2023-01-21 19:00:00;1.59;3.3;18.3;21.8;32.0;97.0;27.5;709.0;0.0;56.0;12.5;0.003;20.33;10.9;73.0
500;2023-01-21 20:00:00;1.62;3.4;19.9;23.5;24.0;78.0;24.01;709.4;0.0;59.0;8.9;0.001;19.43;8.8;60.0
501;2023-01-21 21:00:00;1.6;3.5;18.8;22.5;19.0;62.0;21.42;709.8;0.0;62.0;6.1;0.001;18.53;8.4;51.0
502;2023-01-21 22:00:00;1.58;4.1;21.6;26.0;15.0;56.0;;710.1;0.0;65.0;5.7;0.001;17.96;10.3;31.0
503;2023-01-21 23:00:00;1.52;4.5;22.1;26.8;13.0;58.0;25.18;710.5;0.0;67.0;7.6;0.001;17.34;9.3;27.0
504;2023-01-22 00:00:00;1.49;3.5;15.0;18.6;19.0;55.0;16.36;710.6;0.0;67.0;5.9;0.001;17.21;7.1;28.0
505;2023-01-22 01:00:00;1.53;3.4;18.6;22.1;16.0;44.0;19.12;710.9;0.0;68.0;4.9;0.001;16.86;10.2;13.0
506;2023-01-22 02:00:00;1.56;3.1;18.2;21.5;15.0;71.0;23.85;711.2;0.0;66.0;4.8;0.001;16.62;7.3;8.0
507;2023-01-22 03:00:00;1.46;3.0;12.8;15.9;24.0;70.0;21.78;711.3;0.0;59.0;4.9;0.001;16.61;3.4;83.0
508;2023-01-22 04:00:00;1.47;3.1;15.0;18.2;18.0;57.0;21.13;711.4;0.0;67.0;4.3;0.001;16.08;4.9;187.0
509;2023-01-22 05:00:00;1.48;3.0;12.3;15.5;21.0;58.0;22.91;711.6;0.0;63.0;4.4;0.001;16.16;3.6;209.0
510;2023-01-22 06:00:00;1.44;2.9;12.3;15.4;20.0;59.0;22.57;711.8;0.0;63.0;4.2;0.001;16.1;3.9;193.0
511;2023-01-22 07:00:00;1.79;2.8;11.2;14.2;28.0;52.0;16.29;712.2;0.0;40.0;5.8;0.001;15.71;7.0;31.0
512;2023-01-22 08:00:00;1.37;2.8;15.4;18.4;25.0;44.0;9.56;712.7;0.0;33.0;4.6;0.01;14.97;6.8;97.0
513;2023-01-22 09:00:00;1.47;6.7;24.0;30.9;19.0;47.0;9.76;713.1;0.0;29.0;6.7;0.049;15.71;7.6;118.0
514;2023-01-22 10:00:00;1.35;8.8;21.2;30.3;23.0;51.0;9.95;713.4;0.0;25.0;7.6;0.18;16.68;8.1;114.0
515;2023-01-22 11:00:00;1.35;12.9;23.8;36.9;24.0;61.0;12.59;713.5;0.0;22.0;16.2;0.455;17.84;8.3;92.0
516;2023-01-22 12:00:00;1.31;8.9;18.3;27.5;32.0;68.0;14.34;713.1;0.0;24.0;14.1;0.587;18.85;7.8;102.0
517;2023-01-22 13:00:00;1.35;8.5;20.1;28.9;36.0;61.0;16.75;712.2;0.0;24.0;13.1;0.645;19.69;8.8;56.0
518;2023-01-22 14:00:00;1.34;5.3;14.7;20.3;47.0;59.0;17.57;711.2;0.0;25.0;8.4;0.646;20.54;8.7;74.0
519;2023-01-22 15:00:00;1.33;3.7;10.9;14.8;55.0;56.0;14.81;710.6;0.0;23.0;4.3;0.573;21.1;10.0;51.0
520;2023-01-22 16:00:00;1.34;3.3;10.4;14.0;60.0;51.0;14.99;710.1;0.0;24.0;4.3;0.404;21.54;10.7;57.0
521;2023-01-22 17:00:00;1.34;3.1;10.0;13.3;58.0;57.0;;710.1;0.0;25.0;3.9;0.109;21.64;11.3;69.0
522;2023-01-22 18:00:00;1.31;2.7;8.2;11.0;53.0;59.0;;710.2;0.0;28.0;4.2;0.033;20.71;9.8;117.0
523;2023-01-22 19:00:00;1.29;2.5;9.0;11.7;45.0;51.0;;710.6;0.0;25.0;4.3;0.003;19.07;13.2;115.0
524;2023-01-22 20:00:00;1.26;2.5;8.3;11.1;42.0;53.0;;711.1;0.0;23.0;3.4;0.001;18.16;13.3;113.0
525;2023-01-22 21:00:00;1.27;;8.7;11.4;40.0;48.0;;711.4;0.0;26.0;3.2;0.001;17.53;9.9;111.0
526;2023-01-22 22:00:00;1.27;;8.2;10.9;40.0;46.0;;711.5;0.0;28.0;3.0;0.001;16.85;8.0;93.0
527;2023-01-22 23:00:00;1.26;2.4;7.1;9.7;41.0;32.0;;711.7;0.0;30.0;2.9;0.001;16.56;8.0;87.0
528;2023-01-23 00:00:00;1.25;2.4;7.1;9.7;40.0;38.0;;711.9;0.0;31.0;2.9;0.001;16.12;6.6;85.0
529;2023-01-23 01:00:00;1.28;;8.1;10.7;37.0;32.0;;711.8;0.0;35.0;;0.001;14.96;7.2;50.0
530;2023-01-23 02:00:00;1.28;2.5;6.1;8.8;34.0;38.0;;711.9;0.0;52.0;;0.001;12.99;9.3;44.0
531;2023-01-23 03:00:00;1.31;2.7;16.3;19.2;23.0;45.0;;712.2;0.0;61.0;4.1;0.001;11.6;9.6;7.0
532;2023-01-23 04:00:00;1.35;2.5;19.3;22.0;20.0;51.0;;712.3;0.0;62.0;4.8;0.001;11.48;7.0;349.0
533;2023-01-23 05:00:00;1.38;2.5;19.2;21.8;20.0;68.0;;712.4;0.0;62.0;4.6;0.001;11.55;5.8;330.0
534;2023-01-23 06:00:00;1.37;2.7;20.1;22.9;20.0;54.0;;712.6;0.0;63.0;5.5;0.001;11.78;7.2;22.0
535;2023-01-23 07:00:00;1.42;4.0;21.7;25.9;19.0;61.0;;713.0;0.0;64.0;4.5;0.001;12.05;7.8;32.0
536;2023-01-23 08:00:00;1.51;4.5;22.9;27.6;19.0;49.0;;713.4;0.0;70.0;3.8;0.004;11.53;10.0;43.0
537;2023-01-23 09:00:00;1.63;5.9;25.1;31.2;16.0;49.0;;713.7;0.0;79.0;3.2;0.029;11.15;9.6;35.0
538;2023-01-23 10:00:00;1.62;6.3;22.3;28.9;18.0;47.0;;713.9;0.0;82.0;3.2;0.049;10.99;10.8;52.0
539;2023-01-23 11:00:00;1.61;5.3;22.6;28.2;18.0;41.0;;714.3;0.0;84.0;5.6;0.03;10.71;10.3;46.0
540;2023-01-23 12:00:00;1.51;4.7;19.9;24.8;20.0;43.0;;714.1;0.0;83.0;9.7;0.027;10.78;10.3;50.0
541;2023-01-23 13:00:00;1.58;5.8;21.5;27.5;18.0;50.0;;713.2;0.0;82.0;11.3;0.035;11.02;9.7;45.0
542;2023-01-23 14:00:00;1.59;5.7;18.9;24.9;20.0;49.0;;712.2;0.0;83.0;11.5;0.041;11.04;12.4;35.0
543;2023-01-23 15:00:00;1.61;5.8;20.7;26.8;17.0;45.0;;711.7;0.0;82.0;9.6;0.031;11.27;10.9;39.0
544;2023-01-23 16:00:00;1.63;6.1;21.9;28.3;16.0;46.0;;711.3;0.0;82.0;5.6;0.023;11.53;9.3;47.0
545;2023-01-23 17:00:00;1.63;6.0;20.6;26.9;15.0;39.0;;711.0;0.0;84.0;5.2;0.02;11.44;11.9;35.0
546;2023-01-23 18:00:00;1.58;5.9;21.4;27.5;15.0;38.0;;710.8;0.0;85.0;6.1;0.009;11.38;13.6;36.0
547;2023-01-23 19:00:00;1.68;8.1;26.3;34.7;10.0;38.0;;710.6;0.0;86.0;7.4;0.001;11.65;9.3;30.0
548;2023-01-23 20:00:00;1.8;8.1;30.0;38.3;7.0;39.0;;710.4;0.0;86.0;7.0;0.001;12.24;5.9;35.0
549;2023-01-23 21:00:00;1.7;4.8;26.6;31.5;9.0;36.0;;710.0;0.0;85.0;4.8;0.001;12.74;5.3;28.0
550;2023-01-23 22:00:00;1.53;3.3;18.9;22.3;14.0;33.0;;709.7;0.0;83.0;3.9;0.001;13.21;6.2;24.0
551;2023-01-23 23:00:00;1.47;3.2;15.9;19.3;16.0;36.0;;709.8;0.0;81.0;3.7;0.001;13.18;6.2;33.0
552;2023-01-24 00:00:00;1.49;3.7;18.5;22.4;12.0;34.0;;709.5;0.0;81.0;3.4;0.001;13.38;3.4;336.0
553;2023-01-24 01:00:00;1.61;3.4;25.3;28.9;7.0;44.0;;709.0;0.0;82.0;3.4;0.001;13.65;4.5;302.0
554;2023-01-24 02:00:00;1.58;4.8;23.1;28.1;6.0;58.0;;708.5;0.0;82.0;3.5;0.001;13.85;2.6;247.0
555;2023-01-24 03:00:00;1.56;4.1;22.3;26.7;5.0;64.0;;707.8;0.0;81.0;3.5;0.001;13.9;3.2;239.0
556;2023-01-24 04:00:00;1.58;3.5;20.3;24.1;5.0;79.0;;707.0;0.0;81.0;3.4;0.001;13.91;3.4;224.0
557;2023-01-24 05:00:00;1.54;3.3;18.3;21.7;6.0;84.0;;706.7;0.0;80.0;3.4;0.001;14.0;5.5;226.0
558;2023-01-24 06:00:00;1.54;3.7;19.1;23.0;5.0;88.0;;706.4;0.0;79.0;3.6;0.001;14.15;3.6;235.0
559;2023-01-24 07:00:00;1.6;10.4;19.5;30.1;6.0;93.0;;706.1;0.0;78.0;3.8;0.001;13.98;4.4;227.0
560;2023-01-24 08:00:00;1.93;29.6;21.6;51.4;4.0;71.0;;706.1;0.0;79.0;3.7;0.01;13.33;3.3;248.0
561;2023-01-24 09:00:00;2.13;49.5;23.8;73.6;5.0;77.0;;706.7;0.0;76.0;3.8;0.087;14.64;4.1;229.0
562;2023-01-24 10:00:00;1.8;16.2;23.8;40.2;12.0;96.0;;707.3;0.0;66.0;4.2;0.184;17.13;4.3;42.0
563;2023-01-24 11:00:00;1.86;19.9;25.2;45.3;13.0;79.0;;707.5;0.0;65.0;4.8;0.334;17.61;8.9;82.0
564;2023-01-24 12:00:00;1.56;9.4;15.4;25.0;22.0;84.0;;707.2;0.0;61.0;5.2;0.504;18.35;10.0;86.0
565;2023-01-24 13:00:00;1.61;14.5;22.0;36.8;21.0;65.0;;706.8;0.0;56.0;6.6;0.573;19.56;9.6;80.0
566;2023-01-24 14:00:00;1.54;9.5;18.3;28.1;29.0;87.0;;706.4;0.0;46.0;9.3;0.616;21.68;10.3;70.0
567;2023-01-24 15:00:00;1.44;6.0;11.8;18.0;32.0;79.0;;706.3;0.0;40.0;6.3;0.533;22.88;10.3;58.0
568;2023-01-24 16:00:00;1.41;5.4;11.0;16.6;30.0;70.0;;706.7;0.0;36.0;5.3;0.383;23.54;10.0;48.0
569;2023-01-24 17:00:00;1.43;5.6;11.5;17.4;28.0;62.0;;707.4;0.0;34.0;4.0;0.115;23.67;11.8;30.0
570;2023-01-24 18:00:00;1.48;5.7;16.7;22.7;23.0;65.0;11.46;708.4;0.0;38.0;3.9;0.033;21.84;14.1;17.0
571;2023-01-24 19:00:00;1.49;5.5;18.5;24.1;20.0;67.0;9.49;709.7;0.0;45.0;3.6;0.003;19.68;11.2;15.0
572;2023-01-24 20:00:00;1.45;3.4;15.9;19.4;21.0;55.0;8.48;710.8;0.0;50.0;3.4;0.001;17.79;10.7;38.0
573;2023-01-24 21:00:00;1.42;3.5;17.8;21.4;19.0;47.0;9.27;711.6;0.0;51.0;4.0;0.001;16.83;9.1;56.0
574;2023-01-24 22:00:00;1.33;2.8;13.5;16.6;24.0;48.0;7.34;712.1;0.0;45.0;3.7;0.001;16.33;9.0;37.0
575;2023-01-24 23:00:00;1.3;2.8;15.5;18.5;24.0;37.0;7.6;712.6;0.0;35.0;3.2;0.001;15.63;7.3;40.0
576;2023-01-25 00:00:00;1.29;2.7;19.2;22.0;21.0;48.0;8.34;712.7;0.0;29.0;4.9;0.001;14.79;6.9;93.0
577;2023-01-25 01:00:00;1.25;2.6;17.8;20.6;24.0;52.0;9.21;712.8;0.0;24.0;4.9;0.001;14.11;8.2;72.0
578;2023-01-25 02:00:00;1.23;2.8;18.2;21.1;23.0;67.0;8.37;713.1;0.0;27.0;5.3;0.001;11.99;10.5;61.0
579;2023-01-25 03:00:00;1.23;3.9;22.4;26.5;17.0;66.0;9.17;713.3;0.0;33.0;10.1;0.001;10.95;6.9;71.0
580;2023-01-25 04:00:00;1.23;2.6;18.9;21.7;17.0;46.0;8.35;713.4;0.0;36.0;6.0;0.001;10.16;3.9;49.0
581;2023-01-25 05:00:00;1.29;2.8;20.3;23.3;17.0;41.0;11.15;713.9;0.0;38.0;4.6;0.001;9.84;5.8;68.0
582;2023-01-25 06:00:00;1.28;2.9;24.8;28.0;11.0;81.0;10.01;714.0;0.0;40.0;8.0;0.001;9.15;4.2;100.0
583;2023-01-25 07:00:00;1.37;5.1;24.3;29.6;11.0;46.0;7.17;714.4;0.0;42.0;3.3;0.001;8.88;4.4;95.0
584;2023-01-25 08:00:00;1.71;24.3;35.2;59.8;4.0;40.0;11.71;715.0;0.0;42.0;3.7;0.009;8.85;4.0;76.0
585;2023-01-25 09:00:00;1.84;37.2;34.3;71.8;8.0;61.0;16.63;715.7;0.0;37.0;6.4;0.039;11.1;5.7;92.0
586;2023-01-25 10:00:00;1.58;18.5;25.5;44.2;16.0;76.0;12.08;716.4;0.0;33.0;3.6;0.207;13.12;5.2;53.0
587;2023-01-25 11:00:00;1.51;14.7;20.5;35.4;20.0;56.0;10.62;716.6;0.0;32.0;3.4;0.489;14.28;5.7;65.0
588;2023-01-25 12:00:00;1.69;21.0;29.9;51.1;21.0;51.0;19.88;715.8;0.0;27.0;7.8;0.609;15.57;7.1;59.0
589;2023-01-25 13:00:00;1.58;15.6;28.7;44.5;28.0;77.0;26.91;714.9;0.0;24.0;5.6;0.665;15.94;9.7;70.0
590;2023-01-25 14:00:00;1.48;8.3;20.9;29.5;37.0;105.0;22.94;714.0;0.0;24.0;3.3;0.631;17.03;9.3;59.0
591;2023-01-25 15:00:00;1.39;6.7;17.5;24.5;39.0;82.0;15.93;713.4;0.0;22.0;3.5;0.547;17.88;10.6;49.0
592;2023-01-25 16:00:00;1.38;5.2;14.9;20.4;43.0;66.0;13.51;713.1;0.0;22.0;3.1;0.428;18.85;11.6;57.0
593;2023-01-25 17:00:00;1.41;5.0;16.2;21.4;41.0;68.0;11.96;713.3;0.0;24.0;3.4;0.114;19.09;12.9;49.0
594;2023-01-25 18:00:00;1.44;3.9;17.6;21.7;36.0;69.0;11.95;713.6;0.0;26.0;3.1;0.032;18.57;10.3;74.0
595;2023-01-25 19:00:00;1.43;2.9;18.2;21.2;32.0;51.0;8.39;714.2;0.0;28.0;3.0;0.003;17.09;8.9;97.0
596;2023-01-25 20:00:00;1.36;2.9;15.7;18.8;35.0;48.0;8.66;715.0;0.0;27.0;3.7;0.001;16.02;13.0;78.0
597;2023-01-25 21:00:00;1.29;2.7;11.4;14.3;34.0;56.0;7.14;715.8;0.0;27.0;5.8;0.001;14.92;11.9;81.0
598;2023-01-25 22:00:00;1.27;2.6;10.6;13.4;33.0;38.0;6.32;716.3;0.0;28.0;6.7;0.001;14.28;10.5;87.0
599;2023-01-25 23:00:00;1.24;2.5;8.7;11.4;35.0;34.0;6.59;716.8;0.0;30.0;8.9;0.001;13.44;11.0;84.0
600;2023-01-26 00:00:00;1.23;2.4;7.1;9.8;36.0;32.0;6.13;717.1;0.0;31.0;3.4;0.001;12.86;8.7;103.0
601;2023-01-26 01:00:00;1.22;2.4;6.0;8.6;36.0;28.0;6.03;717.0;0.0;33.0;2.8;0.001;12.32;9.3;114.0
602;2023-01-26 02:00:00;1.22;;6.2;8.8;36.0;24.0;6.46;716.9;0.0;33.0;3.0;0.001;11.91;8.1;88.0
603;2023-01-26 03:00:00;1.19;;5.0;7.6;37.0;25.0;5.94;717.0;0.0;33.0;5.1;0.001;11.32;7.5;114.0
604;2023-01-26 04:00:00;1.2;2.3;4.7;7.3;35.0;22.0;5.96;717.1;0.0;36.0;4.0;0.001;10.26;3.6;118.0
605;2023-01-26 05:00:00;1.23;2.4;8.1;10.6;30.0;22.0;7.85;717.3;0.0;39.0;4.7;0.001;9.78;5.1;31.0
606;2023-01-26 06:00:00;1.36;2.9;30.0;33.1;14.0;29.0;19.43;717.8;0.0;52.0;4.5;0.001;8.95;6.4;41.0
607;2023-01-26 07:00:00;1.48;8.3;35.6;44.0;7.0;60.0;23.19;718.1;0.0;57.0;4.0;0.001;8.17;5.9;15.0
608;2023-01-26 08:00:00;1.91;8.2;32.3;40.7;11.0;71.0;15.95;718.7;0.0;48.0;4.6;0.008;8.1;7.6;37.0
609;2023-01-26 09:00:00;1.58;10.1;25.1;35.4;15.0;52.0;13.29;719.2;0.0;45.0;3.6;0.053;8.33;10.5;10.0
610;2023-01-26 10:00:00;1.49;14.2;26.3;40.7;15.0;63.0;16.7;719.7;0.0;47.0;5.5;0.187;8.95;7.5;21.0
611;2023-01-26 11:00:00;1.61;11.3;31.7;43.1;16.0;75.0;21.43;720.0;0.0;54.0;6.6;0.095;9.34;10.7;52.0
612;2023-01-26 12:00:00;1.48;4.6;20.8;25.6;27.0;80.0;21.04;719.8;0.0;59.0;6.0;0.055;9.37;12.1;57.0
613;2023-01-26 13:00:00;1.4;3.7;14.5;18.4;33.0;57.0;15.72;719.0;0.0;55.0;7.0;0.078;9.97;10.9;98.0
614;2023-01-26 14:00:00;1.37;3.6;11.2;15.1;32.0;47.0;14.01;718.4;0.0;54.0;4.1;0.118;10.25;11.0;126.0
615;2023-01-26 15:00:00;1.37;3.9;13.0;17.1;31.0;42.0;14.97;717.8;0.0;53.0;3.5;0.091;10.46;12.6;120.0
616;2023-01-26 16:00:00;1.37;3.4;12.2;15.8;32.0;43.0;14.25;717.6;0.0;53.0;3.3;0.049;10.44;11.0;126.0
617;2023-01-26 17:00:00;1.4;3.6;14.8;18.6;30.0;41.0;15.03;717.8;0.0;53.0;3.3;0.029;10.63;9.9;119.0
618;2023-01-26 18:00:00;1.46;3.0;16.8;19.9;28.0;41.0;14.9;717.9;0.0;52.0;;0.011;10.82;8.8;111.0
619;2023-01-26 19:00:00;1.44;3.2;17.1;20.6;27.0;47.0;12.27;717.9;0.0;48.0;;0.001;11.0;8.1;98.0
620;2023-01-26 20:00:00;1.4;2.9;14.1;17.1;28.0;37.0;13.15;718.0;0.0;53.0;3.1;0.001;10.66;11.9;80.0
621;2023-01-26 21:00:00;1.37;2.7;11.1;14.0;31.0;47.0;13.27;718.2;0.0;55.0;3.2;0.001;10.53;10.4;103.0
622;2023-01-26 22:00:00;1.31;2.6;8.5;11.3;32.0;49.0;9.67;718.1;0.0;52.0;3.2;0.001;10.57;10.2;98.0
623;2023-01-26 23:00:00;1.28;2.6;8.9;11.8;29.0;38.0;16.08;718.1;0.0;46.0;4.5;0.001;10.04;13.0;62.0
624;2023-01-27 00:00:00;1.25;2.5;7.5;10.2;30.0;45.0;20.84;718.1;0.0;43.0;10.1;0.001;9.74;11.3;75.0
625;2023-01-27 01:00:00;1.26;2.4;6.7;9.3;30.0;46.0;19.0;718.1;0.0;46.0;8.8;0.001;9.33;11.5;67.0
626;2023-01-27 02:00:00;1.27;2.4;5.9;8.5;30.0;43.0;17.19;717.9;0.0;51.0;5.6;0.001;9.12;8.7;71.0
627;2023-01-27 03:00:00;1.26;;4.6;7.2;;36.0;13.25;717.7;0.0;60.0;3.2;0.001;8.76;8.3;61.0
628;2023-01-27 04:00:00;1.27;;4.3;6.9;;33.0;11.18;717.5;0.0;66.0;3.1;0.001;8.18;8.9;49.0
629;2023-01-27 05:00:00;1.27;;4.1;6.7;;35.0;11.53;717.5;0.0;67.0;3.0;0.001;8.11;7.4;40.0
630;2023-01-27 06:00:00;1.29;;6.3;8.9;26.0;43.0;15.26;717.7;0.0;71.0;3.1;0.001;7.63;5.7;64.0
631;2023-01-27 07:00:00;1.37;3.5;18.9;22.6;15.0;40.0;24.23;717.9;0.0;74.0;3.7;0.001;7.43;5.4;46.0
632;2023-01-27 08:00:00;1.63;4.7;25.0;29.9;11.0;46.0;29.11;718.2;0.0;76.0;3.5;0.002;7.15;6.5;22.0
633;2023-01-27 09:00:00;2.04;6.5;27.0;33.7;10.0;52.0;34.51;718.6;0.0;81.0;3.1;0.013;6.74;4.9;10.0
634;2023-01-27 10:00:00;1.88;12.3;27.9;40.3;10.0;52.0;36.05;718.8;0.0;79.0;3.1;0.057;7.24;4.2;42.0
635;2023-01-27 11:00:00;1.78;24.8;32.8;57.8;7.0;68.0;43.05;718.9;0.0;77.0;3.3;0.074;7.93;4.0;36.0
636;2023-01-27 12:00:00;1.8;26.0;30.7;56.8;11.0;77.0;48.58;718.3;0.0;70.0;3.4;0.241;9.33;4.3;75.0
637;2023-01-27 13:00:00;1.87;22.0;30.7;52.8;15.0;93.0;49.07;717.4;0.0;62.0;3.6;0.294;10.67;4.9;120.0
638;2023-01-27 14:00:00;1.98;22.0;34.9;57.2;16.0;85.0;59.33;716.1;0.0;59.0;3.7;0.334;11.38;5.7;100.0
639;2023-01-27 15:00:00;1.93;20.2;38.2;58.7;17.0;90.0;66.38;715.3;0.0;55.0;4.1;0.306;12.28;4.8;40.0
640;2023-01-27 16:00:00;1.91;31.3;45.8;77.3;13.0;105.0;74.02;714.9;0.0;53.0;8.3;0.268;12.94;5.6;61.0
641;2023-01-27 17:00:00;1.84;19.3;38.7;58.2;14.0;115.0;58.58;714.9;0.0;55.0;7.4;0.141;12.46;7.7;51.0
642;2023-01-27 18:00:00;1.77;8.1;32.3;40.6;13.0;97.0;43.84;715.0;0.0;59.0;4.5;0.05;11.93;7.5;68.0
643;2023-01-27 19:00:00;1.84;6.8;34.1;41.1;9.0;78.0;38.8;714.9;0.0;63.0;3.7;0.003;11.16;7.0;71.0
644;2023-01-27 20:00:00;1.82;8.7;36.3;45.3;5.0;71.0;36.57;715.0;0.0;66.0;3.5;0.001;10.64;5.5;48.0
645;2023-01-27 21:00:00;1.85;13.0;31.7;45.0;6.0;68.0;38.98;715.0;0.0;67.0;3.3;0.001;10.33;3.7;88.0
646;2023-01-27 22:00:00;1.65;4.3;24.3;28.8;9.0;64.0;36.44;715.0;0.0;68.0;3.2;0.001;10.33;5.6;81.0
647;2023-01-27 23:00:00;1.68;6.5;25.4;32.1;7.0;57.0;37.39;714.9;0.0;70.0;3.0;0.001;9.94;5.4;70.0
648;2023-01-28 00:00:00;1.86;17.0;30.9;48.1;4.0;57.0;47.69;714.7;0.0;73.0;3.1;0.001;9.41;3.7;30.0
649;2023-01-28 01:00:00;1.79;20.2;29.3;49.7;3.0;75.0;55.65;714.2;0.0;76.0;3.2;0.001;8.71;2.2;345.0
650;2023-01-28 02:00:00;1.75;20.4;28.1;48.7;3.0;87.0;58.29;713.7;0.0;78.0;3.0;0.001;8.39;1.8;263.0
651;2023-01-28 03:00:00;1.78;17.3;27.8;45.3;3.0;86.0;65.28;713.2;0.0;79.0;3.0;0.001;8.21;2.0;240.0
652;2023-01-28 04:00:00;1.89;26.2;27.6;53.8;;94.0;54.33;712.8;0.0;79.0;3.1;0.001;8.29;2.3;300.0
653;2023-01-28 05:00:00;1.89;29.4;25.6;55.2;;74.0;49.35;712.5;0.0;78.0;3.1;0.001;8.23;1.9;232.0
654;2023-01-28 06:00:00;1.95;37.4;26.1;63.7;4.0;72.0;56.66;712.4;0.0;77.0;3.2;0.001;8.18;2.0;293.0
655;2023-01-28 07:00:00;2.01;45.6;28.2;74.1;4.0;87.0;69.09;712.4;0.0;74.0;3.5;0.001;8.31;2.0;293.0
656;2023-01-28 08:00:00;2.09;53.8;28.1;82.2;4.0;116.0;74.06;712.5;0.0;75.0;3.7;0.01;8.16;1.9;293.0
657;2023-01-28 09:00:00;2.43;89.4;31.8;121.5;;123.0;75.51;713.0;0.0;70.0;4.6;0.078;9.86;2.4;339.0
658;2023-01-28 10:00:00;2.32;69.1;37.3;106.6;7.0;142.0;77.5;713.1;0.0;59.0;6.1;0.18;12.39;3.5;51.0
659;2023-01-28 11:00:00;2.14;34.9;39.3;74.4;12.0;147.0;77.99;713.0;0.0;53.0;6.4;0.353;14.25;4.1;80.0
660;2023-01-28 12:00:00;2.18;35.4;48.9;84.5;15.0;127.0;87.31;712.4;0.0;45.0;7.6;0.425;16.31;4.2;46.0
661;2023-01-28 13:00:00;2.35;37.9;62.0;100.1;18.0;137.0;102.41;711.7;0.0;40.0;8.9;0.449;17.79;5.1;46.0
662;2023-01-28 14:00:00;2.28;37.6;68.4;106.1;17.0;156.0;109.42;710.9;0.0;37.0;11.9;0.369;18.95;5.3;72.0
663;2023-01-28 15:00:00;2.45;28.8;76.4;105.2;23.0;167.0;120.1;710.3;0.0;34.0;19.8;0.383;20.64;4.6;87.0
664;2023-01-28 16:00:00;2.37;13.0;62.1;75.3;39.0;183.0;105.58;710.1;0.0;34.0;8.8;0.359;21.3;7.3;63.0
665;2023-01-28 17:00:00;2.25;6.5;57.0;63.7;42.0;173.0;100.79;710.2;0.0;36.0;7.1;0.12;20.8;6.8;46.0
666;2023-01-28 18:00:00;2.25;4.9;59.8;65.0;35.0;174.0;92.51;710.3;0.0;37.0;7.1;0.047;20.8;5.4;35.0
667;2023-01-28 19:00:00;2.44;3.7;73.4;77.3;16.0;169.0;84.98;710.8;0.0;39.0;5.4;0.002;19.67;4.5;301.0
668;2023-01-28 20:00:00;2.77;9.9;81.3;91.3;5.0;172.0;88.22;711.3;0.0;43.0;4.8;0.001;18.86;2.7;208.0
669;2023-01-28 21:00:00;2.91;20.7;78.8;99.6;4.0;166.0;95.15;711.7;0.0;46.0;4.5;0.001;17.92;1.8;215.0
670;2023-01-28 22:00:00;2.84;19.1;76.1;95.3;4.0;164.0;97.5;711.6;0.0;49.0;4.3;0.001;17.18;2.5;213.0
671;2023-01-28 23:00:00;2.86;21.2;71.4;92.8;4.0;170.0;91.04;711.4;0.0;51.0;4.2;0.001;16.7;2.6;242.0
672;2023-01-29 00:00:00;2.73;14.2;65.1;79.5;;154.0;91.45;711.2;0.0;52.0;4.2;0.001;16.44;3.1;234.0
673;2023-01-29 01:00:00;2.91;29.6;68.9;98.7;;148.0;115.78;711.3;0.0;50.0;7.4;0.001;16.88;5.8;224.0
674;2023-01-29 02:00:00;2.52;11.2;65.0;76.4;;195.0;97.34;711.1;0.0;50.0;9.5;0.001;16.82;3.0;254.0
675;2023-01-29 03:00:00;2.8;39.9;66.5;106.6;;159.0;107.52;710.7;0.0;52.0;13.3;0.001;16.18;3.3;327.0
676;2023-01-29 04:00:00;2.46;20.1;57.8;78.0;;172.0;97.22;710.3;0.0;52.0;13.6;0.001;15.98;3.7;227.0
677;2023-01-29 05:00:00;2.33;12.7;54.9;67.8;;161.0;90.38;710.3;0.0;55.0;10.6;0.001;15.53;3.2;269.0
678;2023-01-29 06:00:00;2.33;20.2;53.3;73.7;;148.0;94.33;710.4;0.0;57.0;11.4;0.001;14.88;3.5;272.0
679;2023-01-29 07:00:00;2.16;16.5;49.3;66.0;;161.0;91.54;710.7;0.0;57.0;13.2;0.001;14.91;4.4;241.0
680;2023-01-29 08:00:00;2.21;21.5;46.4;68.1;;176.0;99.36;710.8;0.0;59.0;13.6;0.007;14.6;3.1;318.0
681;2023-01-29 09:00:00;1.94;11.4;31.5;43.1;12.0;178.0;63.69;711.1;0.0;46.0;16.9;0.043;17.83;4.6;215.0
682;2023-01-29 10:00:00;1.92;11.6;30.3;42.1;22.0;115.0;58.45;711.6;0.0;38.0;14.9;0.226;21.65;4.2;113.0
683;2023-01-29 11:00:00;2.06;12.5;39.0;51.7;29.0;111.0;74.89;711.9;0.0;40.0;15.8;0.433;21.8;7.5;103.0
684;2023-01-29 12:00:00;2.08;12.3;48.8;61.3;36.0;126.0;83.07;711.5;0.0;36.0;20.3;0.403;22.97;6.6;76.0
685;2023-01-29 13:00:00;1.91;8.8;39.0;47.9;49.0;141.0;62.96;710.7;0.0;32.0;17.1;0.559;24.8;7.8;28.0
686;2023-01-29 14:00:00;1.7;4.4;20.1;24.7;75.0;120.0;40.43;709.8;0.0;28.0;11.2;0.662;26.83;8.9;66.0
687;2023-01-29 15:00:00;1.89;3.8;20.1;24.1;94.0;82.0;47.83;709.2;0.0;28.0;8.7;0.565;27.3;11.6;68.0
688;2023-01-29 16:00:00;1.72;3.4;11.9;15.4;74.0;100.0;47.93;708.8;0.0;28.0;7.3;0.439;28.14;11.1;116.0
689;2023-01-29 17:00:00;1.61;3.2;10.6;14.0;71.0;79.0;25.03;709.0;0.0;28.0;6.0;0.098;27.73;12.0;128.0
690;2023-01-29 18:00:00;1.57;3.0;9.6;12.9;71.0;60.0;23.86;709.4;0.0;31.0;6.7;0.025;26.36;13.7;131.0
691;2023-01-29 19:00:00;1.63;3.0;11.6;14.8;58.0;64.0;20.8;709.9;0.0;33.0;7.0;0.003;25.35;10.4;114.0
692;2023-01-29 20:00:00;1.79;3.1;18.7;22.0;45.0;56.0;22.21;710.3;0.0;35.0;6.7;0.001;24.37;6.3;82.0
693;2023-01-29 21:00:00;1.69;3.0;20.7;24.0;33.0;55.0;21.99;710.8;0.0;40.0;5.9;0.001;23.23;2.9;122.0
694;2023-01-29 22:00:00;1.74;3.5;21.5;25.1;18.0;48.0;18.01;711.0;0.0;48.0;5.2;0.001;22.22;2.8;276.0
695;2023-01-29 23:00:00;1.91;6.0;33.4;39.6;6.0;42.0;22.21;711.0;0.0;53.0;5.1;0.001;21.28;2.4;292.0
696;2023-01-30 00:00:00;1.89;9.9;34.5;44.6;3.0;58.0;18.63;710.9;0.0;55.0;5.1;0.001;20.94;3.7;301.0
697;2023-01-30 01:00:00;1.87;6.0;31.4;37.6;4.0;53.0;16.44;710.8;0.0;57.0;4.9;0.001;20.45;3.8;307.0
698;2023-01-30 02:00:00;1.71;5.3;28.4;33.8;5.0;47.0;14.81;710.8;0.0;61.0;4.6;0.001;19.51;3.8;260.0
699;2023-01-30 03:00:00;1.64;3.5;23.4;27.1;8.0;40.0;16.42;710.8;0.0;62.0;4.5;0.001;18.76;3.5;234.0
700;2023-01-30 04:00:00;1.75;6.4;34.5;41.0;4.0;46.0;36.17;710.6;0.0;61.0;7.7;0.001;18.25;3.4;255.0
701;2023-01-30 05:00:00;1.61;4.5;23.3;28.0;13.0;116.0;28.13;710.7;0.0;58.0;9.0;0.001;17.95;5.6;228.0
702;2023-01-30 06:00:00;1.57;3.3;20.7;24.2;16.0;82.0;22.3;710.9;0.0;55.0;10.1;0.001;18.2;8.6;214.0
703;2023-01-30 07:00:00;1.69;7.1;28.8;36.1;9.0;74.0;22.51;711.3;0.0;57.0;9.3;0.001;17.6;3.9;262.0
704;2023-01-30 08:00:00;2.16;34.4;36.5;71.1;4.0;68.0;25.15;711.8;0.0;57.0;7.8;0.009;17.44;2.8;33.0
705;2023-01-30 09:00:00;2.25;49.2;37.9;87.4;5.0;81.0;24.42;712.2;0.0;47.0;9.1;0.044;20.3;3.9;233.0
706;2023-01-30 10:00:00;2.21;39.2;37.9;77.3;10.0;83.0;28.42;712.6;0.0;43.0;9.2;0.233;22.93;3.9;4.0
707;2023-01-30 11:00:00;2.76;60.7;58.9;119.7;11.0;100.0;56.33;712.9;0.0;46.0;11.2;0.435;24.11;5.3;69.0
708;2023-01-30 12:00:00;1.99;20.1;41.8;62.2;24.0;159.0;41.26;712.6;0.0;47.0;12.7;0.561;24.13;9.4;68.0
709;2023-01-30 13:00:00;1.71;15.5;29.8;45.5;28.0;126.0;28.4;712.0;0.0;49.0;12.8;0.626;24.46;10.3;50.0
710;2023-01-30 14:00:00;1.65;4.7;14.9;19.8;54.0;89.0;25.14;711.2;0.0;49.0;9.4;0.619;25.01;14.3;57.0
711;2023-01-30 15:00:00;1.6;4.0;11.1;15.4;43.0;79.0;26.9;710.7;0.0;49.0;9.8;0.453;25.33;14.1;360.0
712;2023-01-30 16:00:00;1.64;5.2;12.0;17.4;32.0;79.0;25.27;710.5;0.0;51.0;8.5;0.337;24.92;16.5;62.0
713;2023-01-30 17:00:00;1.65;5.3;12.2;17.8;26.0;81.0;24.34;710.8;0.0;55.0;6.9;0.102;24.07;16.6;67.0
714;2023-01-30 18:00:00;1.67;4.8;13.5;18.5;21.0;71.0;23.46;711.2;0.0;59.0;5.6;0.039;23.09;15.5;68.0
715;2023-01-30 19:00:00;1.69;4.1;15.1;19.4;18.0;61.0;24.05;711.6;0.0;61.0;5.7;0.003;22.43;13.0;65.0
716;2023-01-30 20:00:00;1.74;10.0;20.1;30.3;7.0;61.0;19.96;712.0;0.0;62.0;5.7;0.0;20.35;11.2;24.0
717;2023-01-30 21:00:00;1.66;12.4;18.0;30.7;3.0;64.0;15.39;712.8;0.0;65.0;4.7;0.001;17.23;9.9;26.0
718;2023-01-30 22:00:00;1.66;13.8;16.5;30.5;3.0;63.0;13.96;713.2;0.0;68.0;4.0;0.001;15.32;9.6;19.0
719;2023-01-30 23:00:00;1.71;21.1;16.7;38.0;3.0;58.0;15.52;713.3;0.0;70.0;3.8;0.001;14.42;8.9;16.0
720;2023-01-31 00:00:00;1.71;21.7;15.4;37.4;;63.0;22.57;713.4;0.0;75.0;3.5;0.001;13.23;8.8;8.0
721;2023-01-31 01:00:00;1.58;16.0;14.6;30.9;;62.0;17.2;713.3;0.0;83.0;3.3;0.001;11.73;9.1;3.0
722;2023-01-31 02:00:00;1.5;10.7;13.4;24.4;;35.0;10.77;713.3;0.0;85.0;3.0;0.001;11.1;7.7;17.0
723;2023-01-31 03:00:00;1.5;16.9;11.9;29.2;;26.0;15.85;713.2;0.0;86.0;3.0;0.001;10.83;6.6;56.0
724;2023-01-31 04:00:00;1.44;10.3;9.8;20.4;4.0;33.0;13.42;712.8;0.0;86.0;3.1;0.001;10.19;6.9;68.0
725;2023-01-31 05:00:00;1.49;23.5;10.8;34.6;3.0;34.0;23.14;712.7;0.0;86.0;3.4;0.001;9.78;5.9;44.0
726;2023-01-31 06:00:00;1.47;24.9;10.4;35.5;3.0;42.0;22.4;712.8;0.0;86.0;3.8;0.001;9.26;5.6;71.0
727;2023-01-31 07:00:00;1.54;32.4;10.7;43.2;3.0;37.0;26.13;713.2;0.0;87.0;3.9;0.001;9.06;4.7;58.0
728;2023-01-31 08:00:00;1.69;36.8;10.4;47.4;;41.0;22.9;713.6;0.0;88.0;3.7;0.004;8.76;5.6;73.0
729;2023-01-31 09:00:00;1.86;52.0;11.2;63.6;4.0;39.0;27.5;714.1;0.0;88.0;3.9;0.022;8.62;5.9;49.0
730;2023-01-31 10:00:00;1.88;58.7;11.7;70.7;4.0;48.0;29.18;714.9;0.0;88.0;4.3;0.044;8.35;6.6;47.0
731;2023-01-31 11:00:00;1.82;44.7;11.6;56.7;4.0;53.0;23.0;715.4;0.0;88.0;3.9;0.049;8.16;8.2;44.0
732;2023-01-31 12:00:00;1.68;34.2;11.2;45.7;;46.0;18.4;715.3;0.0;88.0;3.4;0.07;7.95;8.1;29.0
733;2023-01-31 13:00:00;1.61;23.8;10.8;34.8;;40.0;15.76;715.0;0.0;88.0;3.2;0.081;7.64;8.4;14.0
734;2023-01-31 14:00:00;1.65;22.4;11.3;34.0;5.0;32.0;19.88;714.2;0.0;88.0;3.1;0.075;7.59;8.4;16.0
735;2023-01-31 15:00:00;1.59;20.1;12.4;32.8;4.0;35.0;15.09;713.8;0.0;;2.9;0.057;7.61;8.5;21.0
736;2023-01-31 16:00:00;1.54;15.1;11.6;27.0;5.0;37.0;13.5;713.8;0.0;87.0;3.0;0.044;7.42;8.9;16.0
737;2023-01-31 17:00:00;1.59;17.3;12.3;29.9;4.0;45.0;12.52;714.1;0.0;86.0;2.8;0.034;7.35;8.5;22.0
738;2023-01-31 18:00:00;1.57;19.3;13.1;32.7;4.0;45.0;11.52;714.4;0.0;85.0;2.9;0.013;7.05;8.8;42.0
739;2023-01-31 19:00:00;1.69;22.2;14.2;36.6;3.0;40.0;14.67;714.8;0.0;84.0;2.9;0.001;6.5;8.8;57.0
740;2023-01-31 20:00:00;1.61;18.0;14.6;32.9;3.0;35.0;14.64;715.3;0.0;85.0;2.8;0.001;5.86;10.4;76.0
741;2023-01-31 21:00:00;1.55;18.0;14.7;33.0;3.0;29.0;13.28;715.7;0.0;85.0;2.7;0.001;5.58;7.7;70.0
742;2023-01-31 22:00:00;1.5;15.0;15.0;30.3;4.0;27.0;12.16;716.0;0.0;86.0;2.8;0.001;5.25;7.0;54.0
743;2023-01-31 23:00:00;1.47;9.2;15.9;25.3;4.0;25.0;8.56;716.3;0.0;86.0;2.7;0.001;4.95;7.3;63.0
744;2023-02-01 00:00:00;;;;;;;;;;;;;;;
745;2023-02-01 01:00:00;1.37;3.6;12.1;16.0;6.0;25.0;6.32;716.4;0.0;87.0;2.5;0.001;4.34;7.5;41.0
746;2023-02-01 02:00:00;1.44;3.5;11.8;15.5;6.0;21.0;8.29;716.3;0.0;88.0;2.6;0.001;4.24;6.7;67.0
747;2023-02-01 03:00:00;1.64;3.3;12.1;15.6;7.0;18.0;9.3;715.9;0.0;88.0;2.6;0.001;4.25;5.4;48.0
748;2023-02-01 04:00:00;1.43;6.1;13.9;20.2;4.0;24.0;15.66;715.7;0.0;88.0;;0.001;4.12;5.7;73.0
749;2023-02-01 05:00:00;1.41;8.0;14.9;23.1;3.0;31.0;20.2;715.7;0.0;88.0;2.7;0.001;4.08;5.8;71.0
750;2023-02-01 06:00:00;1.43;9.6;14.6;24.5;4.0;32.0;19.91;715.9;0.0;88.0;2.7;0.001;3.86;6.6;67.0
751;2023-02-01 07:00:00;1.56;16.9;15.7;32.9;3.0;38.0;17.38;716.1;0.0;88.0;;0.001;3.6;5.9;54.0
752;2023-02-01 08:00:00;1.68;31.3;16.2;47.9;4.0;39.0;35.2;716.3;0.0;88.0;3.1;0.004;3.44;6.6;58.0
753;2023-02-01 09:00:00;1.72;29.2;16.9;46.3;4.0;59.0;27.97;716.5;0.0;;2.9;0.014;3.4;6.2;52.0
754;2023-02-01 10:00:00;1.74;40.5;17.8;58.6;4.0;58.0;46.78;716.8;0.0;;3.8;0.039;3.33;7.0;57.0
755;2023-02-01 11:00:00;1.73;34.7;18.6;53.5;5.0;82.0;38.63;717.1;0.0;;3.4;0.096;3.88;5.7;54.0
756;2023-02-01 12:00:00;1.75;36.5;19.1;55.9;5.0;83.0;40.51;716.9;0.0;87.0;3.5;0.11;4.75;5.3;39.0
757;2023-02-01 13:00:00;1.73;38.8;20.2;59.3;5.0;82.0;47.57;716.1;0.0;84.0;3.4;0.112;5.86;3.9;26.0
758;2023-02-01 14:00:00;1.78;35.1;20.6;56.0;;87.0;50.42;715.2;0.0;78.0;3.5;0.108;6.43;4.7;15.0
759;2023-02-01 15:00:00;1.68;29.5;21.3;51.1;6.0;98.0;42.75;714.4;0.0;73.0;3.7;0.102;7.11;4.8;34.0
760;2023-02-01 16:00:00;1.66;19.8;21.7;41.7;6.0;86.0;34.04;714.2;0.0;70.0;3.6;0.056;7.3;6.6;47.0
761;2023-02-01 17:00:00;1.73;24.1;21.7;46.1;5.0;67.0;34.79;714.3;0.0;73.0;3.2;0.038;6.93;7.4;84.0
762;2023-02-01 18:00:00;1.83;27.5;21.1;48.8;4.0;73.0;39.84;714.5;0.0;76.0;3.2;0.011;6.54;6.3;73.0
763;2023-02-01 19:00:00;1.9;41.5;18.5;60.3;4.0;103.0;44.99;714.7;0.0;81.0;3.3;0.001;6.0;6.3;58.0
764;2023-02-01 20:00:00;1.78;27.7;16.4;44.3;4.0;71.0;24.99;715.1;0.0;84.0;3.1;0.001;5.44;7.3;49.0
765;2023-02-01 21:00:00;1.55;12.6;18.3;31.2;;43.0;16.82;715.6;0.0;84.0;2.9;0.001;4.76;6.9;4.0
766;2023-02-01 22:00:00;1.51;9.5;17.9;27.7;;42.0;17.28;715.7;0.0;85.0;2.8;0.001;4.59;5.9;13.0
767;2023-02-01 23:00:00;1.51;10.1;17.4;27.7;;37.0;14.44;715.8;0.0;85.0;2.7;0.001;4.59;4.5;9.0
768;2023-02-02 00:00:00;1.64;15.2;17.8;33.3;3.0;29.0;18.55;715.7;0.0;85.0;2.9;0.001;4.63;4.6;8.0
769;2023-02-02 01:00:00;1.59;17.1;18.0;35.3;3.0;33.0;22.86;715.5;0.0;86.0;2.9;0.001;4.53;4.6;15.0
770;2023-02-02 02:00:00;1.53;17.2;18.1;35.6;3.0;44.0;30.13;715.4;0.0;86.0;;0.001;4.66;4.0;41.0
771;2023-02-02 03:00:00;1.73;15.9;18.4;34.6;;51.0;29.57;714.9;0.0;86.0;2.8;0.001;4.63;3.9;14.0
772;2023-02-02 04:00:00;1.82;18.0;18.7;36.9;4.0;59.0;33.58;714.6;0.0;86.0;2.9;0.001;4.67;3.5;29.0
773;2023-02-02 05:00:00;1.59;18.1;18.5;37.0;3.0;60.0;46.55;714.5;0.0;85.0;2.9;0.001;4.73;3.5;54.0
774;2023-02-02 06:00:00;1.52;15.6;17.9;33.8;4.0;77.0;41.49;714.6;0.0;85.0;;0.001;4.85;3.5;53.0
775;2023-02-02 07:00:00;1.55;26.7;17.7;44.5;4.0;77.0;42.67;714.9;0.0;85.0;3.0;0.001;4.93;3.6;52.0
776;2023-02-02 08:00:00;1.79;41.5;18.3;60.2;4.0;95.0;37.64;715.4;0.0;84.0;3.3;0.003;5.06;4.7;24.0
777;2023-02-02 09:00:00;2.12;46.7;18.7;65.8;;89.0;35.43;715.9;0.0;82.0;3.2;0.026;5.3;4.5;28.0
778;2023-02-02 10:00:00;1.84;41.8;17.9;59.9;;81.0;33.21;716.5;0.0;80.0;3.2;0.051;5.53;6.0;27.0
779;2023-02-02 11:00:00;1.97;32.3;16.8;49.2;5.0;80.0;28.64;717.1;0.0;77.0;3.1;0.099;6.01;5.6;6.0
780;2023-02-02 12:00:00;1.94;34.4;17.4;52.0;5.0;75.0;30.59;717.2;0.0;75.0;3.1;0.12;6.75;3.5;23.0
781;2023-02-02 13:00:00;2.01;39.8;19.9;59.9;7.0;76.0;37.71;716.9;0.0;70.0;3.2;0.379;8.61;3.6;46.0
782;2023-02-02 14:00:00;1.83;24.5;20.6;45.3;14.0;74.0;36.2;716.2;0.0;59.0;3.3;0.647;11.59;4.6;349.0
783;2023-02-02 15:00:00;1.76;18.6;23.6;42.5;18.0;71.0;34.94;715.8;0.0;51.0;4.0;0.58;14.3;4.6;31.0
784;2023-02-02 16:00:00;1.91;20.0;32.2;52.4;17.0;70.0;39.51;715.6;0.0;46.0;6.7;0.421;16.08;5.8;116.0
785;2023-02-02 17:00:00;1.74;11.8;26.9;38.9;19.0;84.0;27.27;716.0;0.0;45.0;5.5;0.118;16.4;7.0;94.0
786;2023-02-02 18:00:00;1.8;6.9;32.9;39.9;27.0;74.0;34.24;716.7;0.0;52.0;7.3;0.034;14.93;9.2;59.0
787;2023-02-02 19:00:00;1.9;10.0;34.2;44.4;9.0;84.0;38.58;717.7;0.0;64.0;6.7;0.004;12.19;6.6;66.0
788;2023-02-02 20:00:00;2.01;20.6;33.0;53.9;4.0;77.0;39.61;718.7;0.0;69.0;4.6;0.001;11.09;3.6;74.0
789;2023-02-02 21:00:00;2.17;33.7;30.8;64.7;4.0;73.0;40.17;719.5;0.0;71.0;4.1;0.001;10.45;2.0;215.0
790;2023-02-02 22:00:00;2.01;28.0;26.5;54.6;4.0;73.0;27.61;719.9;0.0;69.0;3.8;0.001;10.29;2.2;202.0
791;2023-02-02 23:00:00;2.03;29.5;22.9;52.6;;60.0;23.57;720.3;0.0;71.0;3.6;0.001;9.53;1.8;252.0
792;2023-02-03 00:00:00;2.09;39.0;21.6;60.9;;54.0;23.96;720.6;0.0;73.0;3.6;0.001;9.02;1.8;245.0
793;2023-02-03 01:00:00;1.98;38.9;19.5;58.6;;51.0;20.29;720.8;0.0;73.0;3.3;0.001;8.51;1.9;169.0
794;2023-02-03 02:00:00;2.19;54.1;20.0;74.5;;51.0;28.97;721.0;0.0;75.0;3.4;0.001;8.38;2.5;133.0
795;2023-02-03 03:00:00;1.78;15.7;20.4;36.3;8.0;61.0;20.49;721.1;0.0;71.0;3.3;0.001;8.64;5.8;82.0
796;2023-02-03 04:00:00;1.51;3.3;14.8;18.3;13.0;47.0;11.95;721.3;0.0;69.0;3.2;0.001;8.17;6.9;74.0
797;2023-02-03 05:00:00;1.47;3.8;19.2;23.3;7.0;34.0;15.25;721.5;0.0;72.0;3.5;0.001;7.3;4.7;118.0
798;2023-02-03 06:00:00;1.45;3.7;14.9;18.7;7.0;37.0;12.93;721.7;0.0;75.0;3.1;0.001;6.44;1.8;202.0
799;2023-02-03 07:00:00;1.77;28.9;20.3;49.5;4.0;39.0;15.44;722.1;0.0;76.0;3.3;0.001;6.29;2.9;228.0
800;2023-02-03 08:00:00;2.11;60.8;21.8;83.0;4.0;42.0;20.05;722.6;0.0;77.0;3.5;0.012;6.53;2.2;259.0
801;2023-02-03 09:00:00;1.84;33.1;22.3;55.6;5.0;53.0;22.07;723.0;0.0;69.0;3.8;0.06;9.67;3.9;227.0
802;2023-02-03 10:00:00;1.83;24.0;21.8;46.0;11.0;56.0;30.86;723.3;0.0;59.0;4.7;0.286;11.68;4.6;115.0
803;2023-02-03 11:00:00;1.97;33.2;28.1;61.5;12.0;80.0;33.08;723.5;0.0;55.0;4.8;0.483;12.5;6.6;33.0
804;2023-02-03 12:00:00;1.81;18.4;23.5;42.1;18.0;92.0;32.11;723.0;0.0;50.0;4.8;0.619;14.06;6.2;38.0
805;2023-02-03 13:00:00;1.7;11.5;21.0;32.8;28.0;74.0;30.9;722.2;0.0;44.0;4.4;0.686;15.27;6.7;34.0
806;2023-02-03 14:00:00;1.56;8.7;19.7;28.7;33.0;65.0;21.75;721.4;0.0;36.0;5.4;0.688;16.28;8.5;91.0
807;2023-02-03 15:00:00;1.42;5.7;13.6;19.5;40.0;66.0;14.08;720.8;0.0;28.0;4.5;0.614;17.34;8.6;69.0
808;2023-02-03 16:00:00;1.38;5.1;12.6;17.9;41.0;51.0;11.32;720.4;0.0;24.0;4.2;0.451;17.9;9.0;59.0
809;2023-02-03 17:00:00;1.43;4.4;14.2;18.7;42.0;44.0;12.63;720.3;0.0;24.0;3.3;0.129;18.02;9.9;86.0
810;2023-02-03 18:00:00;1.54;4.3;20.9;25.4;38.0;49.0;14.31;720.3;0.0;26.0;3.4;0.036;17.44;10.5;68.0
811;2023-02-03 19:00:00;1.58;3.3;23.1;26.5;34.0;45.0;16.06;720.6;0.0;36.0;4.8;0.005;15.7;9.7;115.0
812;2023-02-03 20:00:00;1.5;3.2;16.7;20.1;31.0;48.0;13.92;720.8;0.0;39.0;3.7;0.001;14.38;11.7;94.0
813;2023-02-03 21:00:00;1.4;3.1;12.0;15.2;30.0;45.0;10.0;721.0;0.0;35.0;3.0;0.001;13.36;12.3;100.0
814;2023-02-03 22:00:00;1.38;2.9;11.7;14.8;28.0;38.0;8.85;721.1;0.0;35.0;2.9;0.001;12.5;9.2;109.0
815;2023-02-03 23:00:00;1.38;2.8;11.0;14.0;28.0;28.0;9.73;721.1;0.0;40.0;2.9;0.001;11.83;9.1;106.0
816;2023-02-04 00:00:00;1.41;2.9;13.0;16.1;25.0;33.0;10.32;721.0;0.0;44.0;;0.001;11.26;7.1;61.0
817;2023-02-04 01:00:00;1.4;2.8;10.7;13.7;26.0;28.0;9.78;720.7;0.0;48.0;;0.001;10.75;5.9;64.0
818;2023-02-04 02:00:00;1.37;2.7;8.2;11.1;27.0;25.0;9.85;720.4;0.0;52.0;;0.001;10.37;5.4;60.0
819;2023-02-04 03:00:00;1.38;2.8;8.3;11.3;27.0;25.0;13.93;720.1;0.0;60.0;3.2;0.001;9.29;6.8;49.0
820;2023-02-04 04:00:00;1.44;3.0;21.6;24.8;14.0;29.0;21.18;719.7;0.0;64.0;3.3;0.001;8.6;5.2;334.0
821;2023-02-04 05:00:00;1.49;4.8;29.8;34.8;5.0;47.0;26.57;719.6;0.0;67.0;3.2;0.001;7.92;4.5;353.0
822;2023-02-04 06:00:00;1.53;5.0;27.7;32.9;5.0;63.0;27.48;719.4;0.0;72.0;3.1;0.001;7.09;2.0;
823;2023-02-04 07:00:00;1.62;16.5;29.2;45.8;4.0;59.0;34.24;719.3;0.0;74.0;3.2;0.001;6.79;3.2;355.0
824;2023-02-04 08:00:00;1.75;25.8;29.1;55.1;4.0;75.0;34.65;719.1;0.0;75.0;3.2;0.012;6.58;2.3;4.0
825;2023-02-04 09:00:00;1.88;36.9;31.7;68.7;7.0;84.0;43.67;719.2;0.0;71.0;3.8;0.062;8.51;4.5;339.0
826;2023-02-04 10:00:00;2.16;29.1;32.6;61.9;13.0;92.0;42.54;719.4;0.0;60.0;4.4;0.281;11.34;4.1;360.0
827;2023-02-04 11:00:00;1.93;43.8;38.1;82.1;12.0;85.0;51.16;719.6;0.0;57.0;12.7;0.46;11.84;7.7;40.0
828;2023-02-04 12:00:00;1.67;13.0;20.9;34.2;27.0;108.0;31.62;718.8;0.0;56.0;7.1;0.613;12.62;8.7;65.0
829;2023-02-04 13:00:00;1.51;7.0;14.8;22.1;35.0;71.0;23.49;718.0;0.0;50.0;6.5;0.683;14.01;8.3;40.0
830;2023-02-04 14:00:00;1.51;5.8;13.0;19.1;38.0;52.0;21.59;717.1;0.0;47.0;5.2;0.675;15.19;8.4;47.0
831;2023-02-04 15:00:00;1.52;5.3;12.9;18.4;40.0;45.0;22.57;716.4;0.0;45.0;4.8;0.6;16.13;8.9;53.0
832;2023-02-04 16:00:00;1.52;4.7;11.9;16.9;41.0;43.0;19.05;715.7;0.0;42.0;4.0;0.445;17.29;9.9;44.0
833;2023-02-04 17:00:00;1.48;3.7;10.1;14.0;42.0;42.0;17.46;715.3;0.0;40.0;3.7;0.134;18.34;9.1;93.0
834;2023-02-04 18:00:00;1.5;3.7;15.1;19.0;36.0;42.0;15.61;715.6;0.0;38.0;5.2;0.033;18.58;7.0;56.0
835;2023-02-04 19:00:00;1.62;3.0;18.7;21.9;29.0;43.0;16.73;715.9;0.0;42.0;3.9;0.004;17.07;4.4;74.0
836;2023-02-04 20:00:00;1.68;3.1;25.4;28.7;18.0;37.0;16.9;716.0;0.0;43.0;3.5;0.001;16.31;3.7;28.0
837;2023-02-04 21:00:00;1.87;6.2;34.5;40.9;6.0;40.0;25.29;716.3;0.0;48.0;3.6;0.001;15.23;4.0;282.0
838;2023-02-04 22:00:00;2.03;15.5;36.7;52.4;5.0;57.0;30.83;716.5;0.0;50.0;3.8;0.001;14.61;4.4;241.0
839;2023-02-04 23:00:00;1.92;7.7;36.4;44.3;5.0;63.0;29.88;716.6;0.0;53.0;3.6;0.001;13.65;2.7;276.0
840;2023-02-05 00:00:00;2.12;22.4;37.1;59.7;4.0;59.0;42.82;716.7;0.0;56.0;4.9;0.001;13.17;4.0;256.0
841;2023-02-05 01:00:00;1.95;10.9;33.1;44.3;4.0;79.0;31.97;716.7;0.0;61.0;4.5;0.001;12.65;4.3;237.0
842;2023-02-05 02:00:00;1.92;17.1;34.5;51.9;4.0;62.0;39.02;716.4;0.0;61.0;5.5;0.001;11.58;3.2;260.0
843;2023-02-05 03:00:00;1.86;14.7;35.2;50.2;;71.0;39.63;716.0;0.0;60.0;6.3;0.001;11.51;3.8;237.0
844;2023-02-05 04:00:00;1.82;13.5;34.9;48.6;;73.0;42.35;715.8;0.0;60.0;6.0;0.001;11.44;3.8;238.0
845;2023-02-05 05:00:00;1.65;3.8;25.6;29.6;10.0;82.0;35.25;715.5;0.0;60.0;5.9;0.001;11.19;3.3;264.0
846;2023-02-05 06:00:00;1.6;3.1;19.5;22.8;13.0;64.0;32.57;715.6;0.0;61.0;5.4;0.001;10.78;3.2;247.0
847;2023-02-05 07:00:00;1.65;4.1;22.8;27.2;11.0;59.0;33.93;716.0;0.0;60.0;5.6;0.001;10.9;3.2;323.0
848;2023-02-05 08:00:00;1.68;6.3;25.4;31.9;8.0;67.0;33.99;716.3;0.0;62.0;5.3;0.012;10.73;2.3;332.0
849;2023-02-05 09:00:00;1.74;12.2;25.2;37.6;11.0;61.0;35.58;716.7;0.0;51.0;6.7;0.062;14.53;2.7;241.0
850;2023-02-05 10:00:00;1.75;13.3;24.8;38.3;18.0;67.0;41.86;716.8;0.0;41.0;10.9;0.3;17.54;3.9;176.0
851;2023-02-05 11:00:00;1.73;12.3;24.8;37.3;26.0;82.0;43.19;716.7;0.0;37.0;10.2;0.514;19.2;4.6;17.0
852;2023-02-05 12:00:00;1.83;13.1;33.2;46.5;34.0;87.0;55.58;716.4;0.0;32.0;8.0;0.642;20.93;6.1;35.0
853;2023-02-05 13:00:00;1.98;15.3;42.2;57.6;40.0;92.0;71.67;715.8;0.0;29.0;20.0;0.701;22.13;7.3;51.0
854;2023-02-05 14:00:00;1.69;7.8;27.4;35.3;56.0;112.0;43.45;714.8;0.0;25.0;17.1;0.706;23.74;8.1;56.0
855;2023-02-05 15:00:00;1.64;8.0;29.9;38.1;52.0;81.0;32.59;714.2;0.0;22.0;15.0;0.618;24.89;9.0;44.0
856;2023-02-05 16:00:00;1.55;4.4;15.3;19.9;62.0;72.0;22.21;713.7;0.0;20.0;5.0;0.46;25.47;10.6;50.0
857;2023-02-05 17:00:00;1.54;3.5;12.7;16.4;61.0;55.0;20.34;713.4;0.0;20.0;4.1;0.142;25.63;12.2;63.0
858;2023-02-05 18:00:00;1.55;3.1;13.1;16.3;60.0;50.0;20.92;713.4;0.0;24.0;17.8;0.033;24.72;12.6;66.0
859;2023-02-05 19:00:00;1.6;2.9;16.3;19.4;44.0;55.0;17.09;713.6;0.0;29.0;7.6;0.005;22.79;7.6;78.0
860;2023-02-05 20:00:00;1.73;2.9;23.5;26.6;33.0;46.0;21.61;713.9;0.0;33.0;5.9;0.001;21.33;4.5;62.0
861;2023-02-05 21:00:00;1.83;3.0;29.9;33.1;26.0;49.0;28.42;714.2;0.0;39.0;5.1;0.001;19.42;2.7;318.0
862;2023-02-05 22:00:00;2.05;4.0;44.8;49.0;16.0;55.0;41.59;714.2;0.0;41.0;5.8;0.001;19.02;4.7;292.0
863;2023-02-05 23:00:00;2.12;4.3;50.8;55.3;6.0;76.0;41.49;714.2;0.0;46.0;6.0;0.001;17.68;3.6;272.0
864;2023-02-06 00:00:00;2.08;4.5;45.1;49.8;5.0;82.0;37.65;714.1;0.0;49.0;5.3;0.001;17.06;3.7;303.0
865;2023-02-06 01:00:00;1.94;5.1;38.7;44.0;6.0;68.0;35.27;713.8;0.0;55.0;5.5;0.001;15.71;3.7;278.0
866;2023-02-06 02:00:00;1.89;3.4;30.5;34.0;7.0;74.0;28.96;713.6;0.0;62.0;4.5;0.001;14.8;3.1;253.0
867;2023-02-06 03:00:00;1.82;3.9;29.9;33.9;4.0;62.0;27.39;713.2;0.0;70.0;3.8;0.001;13.83;2.0;254.0
868;2023-02-06 04:00:00;1.8;6.2;26.8;33.2;3.0;60.0;27.24;712.8;0.0;75.0;3.5;0.001;13.15;2.1;280.0
869;2023-02-06 05:00:00;1.67;4.9;23.3;28.4;3.0;55.0;20.68;712.5;0.0;78.0;3.3;0.001;12.68;1.8;249.0
870;2023-02-06 06:00:00;1.79;8.9;33.0;42.1;4.0;45.0;34.4;712.5;0.0;72.0;3.9;0.001;12.13;2.5;248.0
871;2023-02-06 07:00:00;1.85;10.5;35.4;46.1;4.0;72.0;47.83;712.8;0.0;64.0;4.4;0.001;11.67;1.9;237.0
872;2023-02-06 08:00:00;1.95;32.5;33.1;65.9;4.0;89.0;45.46;712.9;0.0;68.0;4.3;0.012;11.97;1.9;244.0
873;2023-02-06 09:00:00;2.0;29.8;34.0;64.0;8.0;94.0;40.33;712.9;0.0;53.0;6.9;0.068;15.36;3.5;348.0
874;2023-02-06 10:00:00;2.13;22.3;28.1;50.5;14.0;89.0;58.25;713.0;0.0;61.0;5.4;0.288;16.48;4.5;11.0
875;2023-02-06 11:00:00;2.31;49.5;34.8;84.6;10.0;108.0;88.7;712.8;0.0;62.0;9.7;0.478;17.57;6.0;41.0
876;2023-02-06 12:00:00;2.24;47.0;45.5;92.8;14.0;163.0;101.47;712.2;0.0;50.0;25.4;0.622;20.1;4.6;23.0
877;2023-02-06 13:00:00;2.01;20.6;35.6;56.4;29.0;154.0;72.08;711.3;0.0;44.0;18.7;0.679;21.29;8.3;62.0
878;2023-02-06 14:00:00;1.9;7.5;24.8;32.5;48.0;121.0;64.0;710.2;0.0;44.0;9.8;0.669;22.33;9.8;43.0
879;2023-02-06 15:00:00;1.75;4.4;15.3;19.9;62.0;112.0;39.98;709.3;0.0;37.0;8.6;0.602;24.35;9.4;36.0
880;2023-02-06 16:00:00;1.63;3.8;11.2;15.2;59.0;72.0;21.01;708.5;0.0;29.0;6.9;0.458;26.48;10.8;57.0
881;2023-02-06 17:00:00;1.53;3.4;8.0;11.6;48.0;52.0;14.14;708.2;0.0;26.0;4.9;0.148;27.41;10.7;100.0
882;2023-02-06 18:00:00;1.56;3.3;10.3;13.9;38.0;51.0;13.7;708.2;0.0;29.0;4.3;0.031;26.88;7.9;81.0
883;2023-02-06 19:00:00;1.61;3.0;12.5;15.7;33.0;40.0;14.77;708.1;0.0;33.0;4.1;0.005;24.73;6.9;116.0
884;2023-02-06 20:00:00;1.57;2.9;9.7;12.8;32.0;41.0;13.95;708.2;0.0;36.0;3.9;0.001;23.73;9.7;116.0
885;2023-02-06 21:00:00;1.53;2.8;7.7;10.7;34.0;39.0;13.64;708.0;0.0;37.0;3.8;0.001;23.23;8.4;98.0
886;2023-02-06 22:00:00;1.55;2.7;9.5;12.4;30.0;37.0;14.23;707.9;0.0;39.0;3.6;0.001;22.45;6.2;77.0
887;2023-02-06 23:00:00;1.9;6.2;28.9;35.3;11.0;37.0;20.74;708.1;0.0;46.0;3.5;0.001;20.35;4.9;327.0
888;2023-02-07 00:00:00;1.8;4.8;33.4;38.5;6.0;58.0;24.64;708.2;0.0;49.0;4.4;0.0;19.07;5.7;337.0
889;2023-02-07 01:00:00;1.73;3.6;27.4;31.2;8.0;69.0;20.63;708.0;0.0;60.0;4.0;0.001;17.58;5.7;335.0
890;2023-02-07 02:00:00;1.67;3.3;21.6;25.1;9.0;63.0;19.7;707.8;0.0;71.0;3.9;0.001;16.47;4.5;334.0
891;2023-02-07 03:00:00;1.6;3.1;16.4;19.6;10.0;52.0;19.12;708.0;0.0;76.0;3.9;0.001;15.45;2.7;285.0
892;2023-02-07 04:00:00;1.63;3.1;11.9;15.2;10.0;45.0;20.73;707.8;0.0;79.0;3.8;0.001;14.75;1.9;239.0
893;2023-02-07 05:00:00;1.69;;16.8;20.1;7.0;48.0;21.04;707.7;0.0;79.0;3.8;0.001;14.33;2.1;272.0
894;2023-02-07 06:00:00;1.73;7.1;22.3;29.7;4.0;43.0;27.55;708.1;0.0;76.0;;0.001;13.93;2.5;252.0
895;2023-02-07 07:00:00;1.95;30.0;26.4;56.6;4.0;62.0;34.92;708.4;0.0;72.0;4.2;0.001;13.72;2.0;269.0
896;2023-02-07 08:00:00;2.52;79.4;29.0;108.7;4.0;105.0;53.45;708.7;0.0;69.0;4.8;0.014;13.67;2.8;215.0
897;2023-02-07 09:00:00;2.43;60.3;33.8;94.4;6.0;167.0;53.13;708.9;0.0;57.0;9.3;0.104;17.31;3.8;135.0
898;2023-02-07 10:00:00;2.46;36.7;36.9;73.8;9.0;141.0;48.75;709.1;0.0;59.0;13.5;0.27;19.0;4.1;326.0
899;2023-02-07 11:00:00;2.59;40.1;47.1;87.4;13.0;109.0;62.72;709.3;0.0;50.0;19.1;0.399;21.3;4.3;41.0
900;2023-02-07 12:00:00;2.72;45.3;65.3;110.8;16.0;129.0;75.82;709.3;0.0;42.0;20.7;0.476;22.98;6.4;68.0
901;2023-02-07 13:00:00;2.46;14.5;50.1;64.8;39.0;161.0;75.95;708.9;0.0;42.0;14.1;0.559;24.04;8.8;55.0
902;2023-02-07 14:00:00;2.04;7.2;28.1;35.5;55.0;153.0;50.09;708.4;0.0;39.0;12.3;0.661;25.64;11.7;53.0
903;2023-02-07 15:00:00;1.85;6.2;24.9;31.3;60.0;114.0;35.53;708.1;0.0;30.0;11.1;0.601;27.2;11.2;55.0
904;2023-02-07 16:00:00;1.8;5.0;25.7;30.9;67.0;98.0;35.07;707.8;0.0;28.0;12.0;0.323;27.68;10.6;42.0
905;2023-02-07 17:00:00;1.78;3.8;23.0;27.0;73.0;100.0;34.92;707.9;0.0;28.0;14.5;0.129;27.13;11.9;61.0
906;2023-02-07 18:00:00;1.78;3.9;23.7;27.9;59.0;91.0;34.25;708.3;0.0;29.0;24.5;0.04;26.89;11.5;48.0
907;2023-02-07 19:00:00;1.96;5.2;24.1;29.5;14.0;85.0;16.8;708.8;0.0;46.0;7.3;0.004;23.63;9.9;4.0
908;2023-02-07 20:00:00;2.01;4.1;24.7;29.1;12.0;78.0;17.79;709.4;0.0;50.0;6.0;0.001;22.61;6.3;37.0
909;2023-02-07 21:00:00;1.99;4.4;28.1;32.7;9.0;66.0;19.29;709.9;0.0;52.0;5.5;0.001;21.91;6.1;92.0
910;2023-02-07 22:00:00;1.93;5.8;28.8;34.9;8.0;61.0;21.8;710.2;0.0;50.0;5.5;0.001;21.86;8.0;72.0
911;2023-02-07 23:00:00;1.74;4.4;23.3;27.9;12.0;64.0;21.2;710.4;0.0;51.0;5.4;0.001;21.44;5.4;42.0
912;2023-02-08 00:00:00;1.64;3.2;18.2;21.5;15.0;72.0;18.79;710.4;0.0;53.0;4.6;0.001;20.95;5.2;23.0
913;2023-02-08 01:00:00;1.72;3.3;15.9;19.3;17.0;59.0;17.9;710.4;0.0;56.0;4.2;0.001;20.27;8.9;16.0
914;2023-02-08 02:00:00;1.82;3.0;11.3;14.6;22.0;55.0;16.79;710.5;0.0;58.0;4.3;0.001;19.38;7.0;43.0
915;2023-02-08 03:00:00;1.62;3.0;11.7;14.9;22.0;56.0;16.86;710.4;0.0;58.0;4.1;0.001;18.99;8.1;58.0
916;2023-02-08 04:00:00;1.61;;15.2;18.4;18.0;48.0;18.32;710.4;0.0;59.0;4.1;0.001;18.5;8.3;65.0
917;2023-02-08 05:00:00;1.58;;11.3;14.5;21.0;70.0;15.7;710.6;0.0;58.0;4.0;0.001;17.57;8.2;41.0
918;2023-02-08 06:00:00;1.59;3.1;14.4;17.7;17.0;52.0;13.91;711.0;0.0;57.0;3.8;0.001;16.79;10.7;83.0
919;2023-02-08 07:00:00;1.64;8.2;22.9;31.3;8.0;53.0;14.47;711.7;0.0;56.0;4.3;0.001;16.49;9.5;91.0
920;2023-02-08 08:00:00;1.7;12.6;24.5;37.3;5.0;56.0;14.61;712.5;0.0;57.0;6.4;0.006;15.6;8.8;76.0
921;2023-02-08 09:00:00;1.76;19.0;23.3;42.5;7.0;66.0;14.78;713.3;0.0;55.0;6.7;0.082;15.25;9.0;76.0
922;2023-02-08 10:00:00;1.81;21.9;23.1;45.1;8.0;72.0;17.14;713.9;0.0;55.0;5.9;0.145;15.15;8.1;69.0
923;2023-02-08 11:00:00;1.83;17.0;20.0;37.3;13.0;93.0;18.82;714.4;0.0;50.0;5.1;0.35;16.82;7.7;68.0
924;2023-02-08 12:00:00;1.81;14.6;19.8;34.7;19.0;98.0;21.02;714.3;0.0;44.0;4.8;0.585;19.03;6.7;16.0
925;2023-02-08 13:00:00;1.6;9.4;15.7;25.3;24.0;105.0;16.19;714.1;0.0;41.0;5.1;0.533;19.55;10.2;51.0
926;2023-02-08 14:00:00;1.57;8.4;14.6;23.2;27.0;90.0;15.1;713.5;0.0;38.0;6.5;0.578;20.46;11.2;73.0
927;2023-02-08 15:00:00;1.53;5.6;11.5;17.3;32.0;95.0;14.39;713.0;0.0;38.0;4.6;0.52;20.77;11.6;68.0
928;2023-02-08 16:00:00;1.54;5.9;14.0;20.1;31.0;79.0;14.89;712.7;0.0;37.0;5.7;0.315;20.85;10.5;50.0
929;2023-02-08 17:00:00;1.57;6.6;16.8;23.6;26.0;69.0;13.47;712.7;0.0;36.0;5.3;0.164;20.31;10.4;34.0
930;2023-02-08 18:00:00;1.61;6.3;21.9;28.4;22.0;72.0;13.84;712.9;0.0;37.0;5.4;0.073;19.98;8.9;35.0
931;2023-02-08 19:00:00;1.68;4.3;22.8;27.4;21.0;68.0;14.92;713.1;0.0;42.0;5.1;0.008;19.07;8.3;57.0
932;2023-02-08 20:00:00;1.73;3.4;22.5;26.1;22.0;65.0;15.14;713.4;0.0;47.0;4.7;0.001;18.34;7.3;80.0
933;2023-02-08 21:00:00;1.65;3.2;16.7;20.1;27.0;63.0;16.1;713.7;0.0;50.0;4.4;0.001;17.68;7.6;86.0
934;2023-02-08 22:00:00;1.57;3.1;11.9;15.2;28.0;62.0;14.87;714.0;0.0;51.0;4.3;0.001;16.98;8.3;110.0
935;2023-02-08 23:00:00;1.51;2.9;9.0;12.2;29.0;55.0;12.65;714.1;0.0;51.0;4.3;0.001;16.56;7.7;106.0
936;2023-02-09 00:00:00;1.48;2.9;6.8;9.9;29.0;47.0;10.99;714.2;0.0;50.0;4.0;0.001;16.36;7.5;105.0
937;2023-02-09 01:00:00;1.44;2.8;4.7;7.7;30.0;50.0;9.27;714.2;0.0;49.0;3.7;0.001;16.13;7.9;115.0
938;2023-02-09 02:00:00;1.44;2.8;4.5;7.5;30.0;42.0;9.65;714.2;0.0;50.0;3.6;0.001;16.0;8.5;109.0
939;2023-02-09 03:00:00;1.45;2.7;4.6;7.6;29.0;42.0;9.48;714.1;0.0;50.0;3.6;0.001;15.88;6.8;98.0
940;2023-02-09 04:00:00;1.46;2.7;5.6;8.6;27.0;33.0;9.8;713.9;0.0;50.0;;0.001;15.72;6.9;75.0
941;2023-02-09 05:00:00;1.46;;7.1;10.0;25.0;39.0;11.12;713.9;0.0;48.0;3.4;0.001;15.54;6.5;69.0
942;2023-02-09 06:00:00;1.45;;5.3;8.3;28.0;40.0;9.37;713.9;0.0;51.0;3.5;0.001;15.51;8.2;106.0
943;2023-02-09 07:00:00;1.51;3.0;10.2;13.4;23.0;35.0;10.23;714.1;0.0;53.0;3.4;0.001;15.13;7.0;103.0
944;2023-02-09 08:00:00;1.7;6.9;20.8;27.9;14.0;39.0;11.01;714.3;0.0;52.0;3.5;0.013;14.84;6.9;95.0
945;2023-02-09 09:00:00;2.26;64.7;34.1;99.1;6.0;51.0;26.46;714.5;0.0;48.0;5.0;0.078;15.86;5.5;11.0
946;2023-02-09 10:00:00;1.78;14.3;23.1;37.6;16.0;120.0;16.49;714.5;0.0;43.0;4.4;0.188;17.01;6.1;72.0
947;2023-02-09 11:00:00;1.64;9.0;16.8;26.0;23.0;64.0;14.48;714.4;0.0;42.0;4.4;0.311;17.58;8.0;50.0
948;2023-02-09 12:00:00;1.53;5.7;9.2;15.1;31.0;59.0;12.53;714.1;0.0;38.0;3.8;0.655;18.94;11.9;76.0
949;2023-02-09 13:00:00;1.59;5.8;9.7;15.8;34.0;60.0;14.1;713.6;0.0;39.0;3.7;0.66;19.53;9.8;42.0
950;2023-02-09 14:00:00;1.58;5.7;11.0;16.9;35.0;57.0;14.82;712.8;0.0;39.0;4.2;0.601;20.23;10.3;40.0
951;2023-02-09 15:00:00;1.58;4.9;10.0;15.1;38.0;52.0;14.35;712.2;0.0;38.0;4.0;0.568;21.27;10.2;46.0
952;2023-02-09 16:00:00;1.57;4.4;9.3;14.0;38.0;58.0;13.57;711.9;0.0;36.0;3.6;0.392;21.95;11.0;54.0
953;2023-02-09 17:00:00;1.58;4.1;10.5;14.8;35.0;59.0;14.2;711.8;0.0;37.0;3.4;0.175;21.98;10.3;109.0
954;2023-02-09 18:00:00;1.62;3.9;11.4;15.5;32.0;58.0;14.95;712.0;0.0;39.0;3.2;0.064;21.27;10.9;112.0
955;2023-02-09 19:00:00;1.68;3.3;17.9;21.3;25.0;57.0;12.07;712.1;0.0;33.0;3.2;0.008;20.73;8.9;82.0
956;2023-02-09 20:00:00;1.64;3.6;18.9;22.7;24.0;51.0;9.33;712.3;0.0;29.0;2.8;0.001;20.05;7.6;105.0
957;2023-02-09 21:00:00;1.51;2.8;11.1;14.1;30.0;45.0;8.28;712.7;0.0;28.0;2.7;0.001;19.57;10.0;105.0
958;2023-02-09 22:00:00;1.49;2.7;9.4;12.3;31.0;39.0;7.67;713.1;0.0;29.0;2.7;0.001;19.02;8.6;97.0
959;2023-02-09 23:00:00;1.54;2.8;15.0;18.0;26.0;33.0;8.93;713.3;0.0;31.0;2.9;0.001;18.47;7.1;66.0
960;2023-02-10 00:00:00;1.62;3.0;20.3;23.5;19.0;37.0;12.31;713.5;0.0;36.0;2.9;0.001;17.37;4.8;11.0
961;2023-02-10 01:00:00;1.65;3.1;25.1;28.4;13.0;47.0;13.3;713.6;0.0;39.0;3.3;0.001;17.05;3.9;328.0
962;2023-02-10 02:00:00;1.57;2.7;15.1;18.0;22.0;46.0;11.04;713.8;0.0;44.0;3.0;0.001;16.81;3.0;290.0
963;2023-02-10 03:00:00;1.58;3.7;22.7;26.6;15.0;44.0;14.53;713.9;0.0;48.0;3.0;0.001;16.29;5.2;8.0
964;2023-02-10 04:00:00;1.61;3.0;23.7;26.9;14.0;55.0;21.09;714.5;0.0;52.0;3.3;0.001;15.64;5.8;27.0
965;2023-02-10 05:00:00;1.67;3.6;28.5;32.3;9.0;78.0;24.42;715.3;0.0;52.0;3.5;0.001;14.84;5.9;359.0
966;2023-02-10 06:00:00;1.58;2.8;11.6;14.6;25.0;74.0;16.15;716.5;0.0;50.0;4.0;0.001;13.96;9.3;35.0
967;2023-02-10 07:00:00;1.56;3.4;11.4;15.1;24.0;126.0;16.42;717.2;0.0;42.0;3.7;0.001;12.08;12.4;28.0
968;2023-02-10 08:00:00;1.61;4.6;15.8;20.5;21.0;188.0;15.41;717.9;0.0;42.0;3.3;0.013;11.3;8.5;18.0
969;2023-02-10 09:00:00;1.71;7.0;16.9;24.1;20.0;154.0;12.45;718.6;0.0;40.0;3.5;0.125;12.41;7.9;23.0
970;2023-02-10 10:00:00;1.7;8.9;20.5;29.7;18.0;102.0;14.48;719.3;0.0;39.0;3.5;0.122;12.94;6.0;31.0
971;2023-02-10 11:00:00;1.56;5.9;13.4;19.4;26.0;114.0;11.7;719.6;0.0;37.0;3.9;0.191;13.17;10.4;1.0
972;2023-02-10 12:00:00;1.55;6.1;12.1;18.5;27.0;93.0;10.19;719.6;0.0;36.0;3.1;0.193;13.16;13.5;16.0
973;2023-02-10 13:00:00;1.54;5.9;10.8;16.9;28.0;95.0;8.86;719.2;0.0;35.0;2.9;0.24;13.51;11.6;11.0
974;2023-02-10 14:00:00;1.49;5.7;8.1;14.1;31.0;71.0;7.18;718.6;0.0;33.0;2.8;0.607;14.44;11.5;16.0
975;2023-02-10 15:00:00;1.49;5.6;8.5;14.3;32.0;62.0;8.09;718.0;0.0;31.0;3.4;0.61;15.12;10.5;18.0
976;2023-02-10 16:00:00;1.48;4.9;8.2;13.3;33.0;63.0;8.35;717.7;0.0;30.0;2.9;0.465;15.81;9.5;6.0
977;2023-02-10 17:00:00;1.51;5.2;9.3;14.8;31.0;61.0;7.44;717.9;0.0;30.0;2.8;0.17;15.56;11.9;15.0
978;2023-02-10 18:00:00;1.52;4.7;11.5;16.3;28.0;61.0;8.1;718.3;0.0;31.0;2.8;0.039;15.08;12.5;16.0
979;2023-02-10 19:00:00;1.56;3.8;14.8;18.7;24.0;57.0;8.75;718.9;0.0;33.0;;0.005;13.88;10.6;19.0
980;2023-02-10 20:00:00;1.54;4.1;18.8;23.0;20.0;61.0;8.51;719.5;0.0;34.0;3.7;0.001;12.91;11.5;62.0
981;2023-02-10 21:00:00;1.5;3.3;16.6;20.1;23.0;50.0;8.76;720.1;0.0;32.0;4.5;0.001;12.1;11.1;55.0
982;2023-02-10 22:00:00;1.49;2.9;17.6;20.6;23.0;54.0;7.78;720.7;0.0;29.0;4.5;0.001;11.3;10.6;39.0
983;2023-02-10 23:00:00;1.45;2.8;14.2;17.1;26.0;51.0;7.87;721.1;0.0;29.0;3.9;0.001;10.59;8.2;43.0
984;2023-02-11 00:00:00;1.47;2.6;18.5;21.3;22.0;38.0;8.51;721.2;0.0;30.0;4.9;0.001;10.18;6.5;69.0
985;2023-02-11 01:00:00;1.45;2.5;14.2;16.8;27.0;39.0;7.26;721.0;0.0;29.0;4.1;0.001;9.85;8.3;64.0
986;2023-02-11 02:00:00;1.42;2.5;18.0;20.6;25.0;36.0;8.36;720.9;0.0;28.0;4.0;0.001;9.37;7.9;63.0
987;2023-02-11 03:00:00;1.46;2.4;18.1;20.7;24.0;46.0;7.94;720.5;0.0;28.0;4.5;0.001;8.93;7.8;88.0
988;2023-02-11 04:00:00;1.49;2.4;15.6;18.2;26.0;44.0;7.25;720.2;0.0;28.0;4.7;0.001;8.66;7.4;114.0
989;2023-02-11 05:00:00;1.4;;12.0;14.5;28.0;32.0;6.6;719.7;0.0;29.0;3.8;0.001;8.26;5.8;135.0
990;2023-02-11 06:00:00;1.39;;11.0;13.6;27.0;35.0;5.6;719.5;0.0;30.0;2.9;0.001;7.49;3.6;155.0
991;2023-02-11 07:00:00;1.5;3.0;21.9;25.1;17.0;27.0;9.73;719.7;0.0;32.0;3.1;0.001;7.34;5.1;115.0
992;2023-02-11 08:00:00;1.57;5.3;28.9;34.3;12.0;43.0;10.37;719.9;0.0;32.0;3.7;0.013;7.36;6.3;91.0
993;2023-02-11 09:00:00;1.67;17.9;29.7;47.8;13.0;48.0;16.04;720.4;0.0;29.0;4.6;0.127;9.57;4.8;81.0
994;2023-02-11 10:00:00;1.82;26.9;32.6;59.6;16.0;64.0;23.73;720.6;0.0;27.0;7.1;0.294;10.92;4.7;16.0
995;2023-02-11 11:00:00;1.75;25.1;32.7;58.0;19.0;81.0;26.34;720.6;0.0;25.0;9.0;0.518;11.97;6.4;65.0
996;2023-02-11 12:00:00;1.57;18.5;25.9;44.5;23.0;90.0;19.8;720.0;0.0;23.0;10.7;0.675;12.64;7.5;56.0
997;2023-02-11 13:00:00;1.55;15.6;24.9;40.6;26.0;76.0;20.55;719.2;0.0;23.0;10.2;0.734;13.56;7.8;73.0
998;2023-02-11 14:00:00;1.59;14.3;26.2;40.8;29.0;71.0;22.87;718.3;0.0;22.0;10.3;0.742;14.66;8.5;74.0
999;2023-02-11 15:00:00;1.6;12.9;28.5;41.6;31.0;72.0;24.35;717.6;0.0;21.0;11.1;0.557;15.49;8.4;52.0
1000;2023-02-11 16:00:00;1.59;9.4;29.5;39.1;32.0;75.0;27.98;717.1;0.0;20.0;10.2;0.329;15.67;8.8;30.0
1001;2023-02-11 17:00:00;1.6;4.4;21.1;25.6;42.0;77.0;22.45;716.9;0.0;21.0;5.3;0.137;15.35;9.3;62.0
1002;2023-02-11 18:00:00;1.65;3.2;22.1;25.5;41.0;70.0;22.85;716.9;0.0;21.0;4.0;0.063;15.29;9.3;64.0
1003;2023-02-11 20:00:00;1.53;2.4;15.1;17.6;43.0;48.0;17.97;717.0;0.0;24.0;4.3;0.001;14.26;8.6;113.0
1004;2023-02-11 21:00:00;1.54;2.4;15.0;17.6;48.0;52.0;20.74;717.3;0.0;26.0;6.3;0.001;13.5;10.4;122.0
1005;2023-02-11 22:00:00;1.55;2.5;12.6;15.3;46.0;62.0;41.9;717.4;0.0;27.0;6.1;0.001;13.03;11.0;120.0
1006;2023-02-11 23:00:00;1.48;2.4;10.1;12.7;42.0;65.0;11.29;717.3;0.0;27.0;4.4;0.001;12.77;9.5;106.0
1007;2023-02-12 00:00:00;1.45;2.4;8.2;10.8;41.0;45.0;9.93;717.0;0.0;27.0;3.9;0.001;12.16;10.5;107.0
1008;2023-02-12 01:00:00;1.42;;6.3;8.9;39.0;36.0;7.4;716.8;0.0;26.0;3.2;0.001;11.83;8.7;102.0
1009;2023-02-12 02:00:00;1.43;;6.9;9.4;36.0;38.0;6.59;716.4;0.0;26.0;3.1;0.001;11.5;7.2;92.0
1010;2023-02-12 03:00:00;1.42;;6.5;9.1;36.0;31.0;5.97;715.8;0.0;26.0;3.0;0.001;11.47;7.1;100.0
1011;2023-02-12 04:00:00;1.4;2.3;4.5;7.0;38.0;25.0;5.07;715.5;0.0;25.0;2.8;0.001;11.52;7.1;100.0
1012;2023-02-12 05:00:00;1.41;2.3;5.5;8.0;36.0;27.0;6.57;715.4;0.0;27.0;2.9;0.001;10.93;4.6;63.0
1013;2023-02-12 06:00:00;1.48;2.4;15.7;18.2;25.0;27.0;9.62;715.4;0.0;28.0;3.1;0.001;10.84;5.8;7.0
1014;2023-02-12 07:00:00;1.55;2.9;25.0;28.1;16.0;35.0;14.22;715.3;0.0;29.0;4.3;0.001;10.37;5.0;11.0
1015;2023-02-12 08:00:00;1.58;4.5;25.0;29.7;16.0;47.0;17.03;715.4;0.0;30.0;5.8;0.015;9.99;5.8;21.0
1016;2023-02-12 09:00:00;1.69;11.5;29.9;41.6;13.0;54.0;20.77;715.8;0.0;30.0;6.2;0.08;10.31;4.5;28.0
1017;2023-02-12 10:00:00;1.88;17.3;30.4;47.9;15.0;64.0;24.38;716.1;0.0;28.0;6.3;0.177;11.54;4.1;40.0
1018;2023-02-12 11:00:00;1.96;17.9;30.6;48.7;19.0;76.0;25.01;715.9;0.0;26.0;7.6;0.307;12.91;4.5;60.0
1019;2023-02-12 12:00:00;1.89;23.9;37.0;61.1;21.0;73.0;34.87;715.4;0.0;24.0;14.7;0.44;14.06;7.2;32.0
1020;2023-02-12 13:00:00;1.58;6.9;16.0;23.1;40.0;84.0;21.04;714.8;0.0;28.0;6.3;0.732;15.3;9.3;52.0
1021;2023-02-12 14:00:00;1.53;4.7;11.0;16.0;42.0;65.0;13.46;713.8;0.0;25.0;4.8;0.712;16.95;8.1;37.0
1022;2023-02-12 15:00:00;1.53;4.0;9.9;14.1;45.0;43.0;12.31;713.0;0.0;23.0;4.1;0.603;18.68;8.1;24.0
1023;2023-02-12 16:00:00;1.53;3.4;8.0;11.6;44.0;40.0;10.0;712.6;0.0;24.0;3.4;0.458;19.93;8.6;51.0
1024;2023-02-12 17:00:00;1.53;3.0;7.0;10.2;43.0;37.0;9.31;712.3;0.0;25.0;3.4;0.189;20.51;10.7;90.0
1025;2023-02-12 18:00:00;1.59;3.3;12.0;15.4;37.0;43.0;14.09;712.4;0.0;26.0;4.5;0.044;20.1;9.8;63.0
1026;2023-02-12 19:00:00;1.62;2.7;12.8;15.6;32.0;48.0;13.82;712.7;0.0;29.0;6.6;0.007;18.2;10.4;73.0
1027;2023-02-12 20:00:00;1.64;2.5;15.3;17.9;29.0;45.0;13.34;713.0;0.0;30.0;4.9;0.001;17.63;6.5;72.0
1028;2023-02-12 21:00:00;1.64;2.7;16.0;18.9;29.0;46.0;14.19;713.2;0.0;31.0;4.7;0.001;17.37;5.3;66.0
1029;2023-02-12 22:00:00;1.73;2.8;19.9;22.8;24.0;47.0;18.56;713.0;0.0;33.0;3.7;0.001;16.95;5.3;51.0
1030;2023-02-12 23:00:00;1.88;6.5;37.3;44.0;8.0;51.0;28.53;712.8;0.0;37.0;6.0;0.001;15.71;5.6;339.0
1031;2023-02-13 00:00:00;1.71;5.3;33.3;38.8;9.0;67.0;21.27;712.6;0.0;43.0;6.2;0.001;14.67;6.4;341.0
1032;2023-02-13 01:00:00;1.66;2.7;23.3;26.3;15.0;64.0;15.38;712.4;0.0;50.0;4.4;0.001;13.3;4.9;301.0
1033;2023-02-13 02:00:00;1.69;2.5;19.4;22.1;17.0;52.0;14.93;712.2;0.0;53.0;3.5;0.001;12.48;3.6;345.0
1034;2023-02-13 03:00:00;1.74;2.6;21.8;24.6;13.0;44.0;15.75;711.8;0.0;55.0;3.5;0.001;11.86;3.1;325.0
1035;2023-02-13 04:00:00;1.78;3.0;30.0;33.2;6.0;48.0;23.13;711.2;0.0;57.0;;0.001;11.17;2.7;269.0
1036;2023-02-13 05:00:00;1.76;2.7;27.1;30.0;7.0;54.0;24.61;711.0;0.0;59.0;3.3;0.001;10.87;3.0;274.0
1037;2023-02-13 06:00:00;1.66;3.0;22.4;25.6;9.0;54.0;19.13;710.9;0.0;59.0;3.2;0.001;10.64;3.1;294.0
1038;2023-02-13 07:00:00;1.79;8.7;26.6;35.4;6.0;49.0;21.14;711.0;0.0;60.0;3.5;0.001;10.49;3.2;268.0
1039;2023-02-13 08:00:00;2.66;69.8;31.6;101.7;4.0;64.0;32.22;711.1;0.0;59.0;4.2;0.009;10.83;2.6;269.0
1040;2023-02-13 09:00:00;2.88;83.1;37.5;120.8;5.0;123.0;42.98;711.5;0.0;52.0;5.2;0.107;13.22;2.8;38.0
1041;2023-02-13 10:00:00;2.96;79.8;50.5;130.7;7.0;131.0;54.74;711.6;0.0;45.0;8.1;0.209;15.59;4.1;64.0
1042;2023-02-13 11:00:00;2.72;63.9;54.8;119.0;11.0;141.0;;711.4;0.0;40.0;9.5;0.512;17.24;6.2;63.0
1043;2023-02-13 12:00:00;2.4;29.8;46.2;76.2;20.0;153.0;;710.8;0.0;37.0;11.5;0.586;18.55;7.5;58.0
1044;2023-02-13 13:00:00;2.03;25.9;43.9;70.1;26.0;132.0;;709.8;0.0;35.0;19.8;0.671;19.64;9.3;52.0
1045;2023-02-13 14:00:00;2.05;10.0;34.3;44.5;40.0;117.0;;708.8;0.0;35.0;7.3;0.51;20.2;10.9;55.0
1046;2023-02-13 15:00:00;1.8;5.3;18.8;24.3;52.0;112.0;;707.8;0.0;33.0;6.0;0.583;21.46;13.8;47.0
1047;2023-02-13 16:00:00;1.79;4.2;19.1;23.5;59.0;87.0;;707.2;0.0;30.0;6.4;0.323;22.57;13.2;55.0
1048;2023-02-13 17:00:00;1.74;3.7;15.5;19.4;53.0;80.0;;706.8;0.0;31.0;5.2;0.177;22.99;12.3;97.0
1049;2023-02-13 18:00:00;1.75;3.5;14.6;18.3;41.0;63.0;;706.5;0.0;33.0;4.4;0.069;23.18;9.3;107.0
1050;2023-02-13 19:00:00;1.77;3.1;16.0;19.3;33.0;61.0;;706.3;0.0;36.0;4.0;0.011;22.31;11.3;120.0
1051;2023-02-13 20:00:00;1.8;3.5;20.6;24.3;26.0;53.0;;706.1;0.0;38.0;3.7;0.001;21.55;7.0;115.0
1052;2023-02-13 21:00:00;1.7;2.8;12.1;15.1;33.0;48.0;;706.1;0.0;38.0;3.6;0.001;21.58;8.6;126.0
1053;2023-02-13 22:00:00;1.75;3.0;16.8;20.1;25.0;49.0;;706.1;0.0;42.0;3.6;0.001;20.79;4.9;71.0
1054;2023-02-13 23:00:00;1.96;10.7;37.9;48.9;4.0;46.0;;706.1;0.0;48.0;3.9;0.001;19.46;4.7;288.0
1055;2023-02-14 00:00:00;1.81;3.7;30.2;34.1;8.0;60.0;;706.1;0.0;55.0;3.9;0.001;18.56;7.1;316.0
1056;2023-02-14 01:00:00;1.82;3.1;25.9;29.2;10.0;61.0;;705.8;0.0;61.0;3.5;0.001;17.55;6.1;329.0
1057;2023-02-14 02:00:00;1.74;3.0;24.0;27.1;10.0;60.0;;705.6;0.0;67.0;3.5;0.001;16.52;4.2;338.0
1058;2023-02-14 03:00:00;1.68;2.8;15.7;18.6;14.0;60.0;;705.3;0.0;72.0;3.4;0.001;15.4;2.8;349.0
1059;2023-02-14 04:00:00;1.69;5.1;27.7;32.9;4.0;55.0;;705.0;0.0;76.0;3.4;0.001;14.57;3.0;274.0
1060;2023-02-14 05:00:00;1.72;3.6;27.0;30.7;4.0;46.0;;705.1;0.0;77.0;;0.001;14.26;3.7;206.0
1061;2023-02-14 06:00:00;1.8;6.1;25.5;31.8;4.0;47.0;;705.1;0.0;77.0;3.2;0.001;13.95;3.5;228.0
1062;2023-02-14 07:00:00;2.07;23.3;24.6;48.1;3.0;51.0;;705.4;0.0;77.0;3.3;0.001;13.41;2.8;213.0
1063;2023-02-14 08:00:00;2.59;63.8;26.8;90.9;4.0;60.0;;705.8;0.0;77.0;3.5;0.012;13.75;3.3;227.0
1064;2023-02-14 09:00:00;2.66;70.3;32.4;102.9;5.0;87.0;;706.4;0.0;60.0;4.0;0.145;17.96;4.5;201.0
1065;2023-02-14 10:00:00;2.47;47.4;33.9;81.5;10.0;105.0;;707.0;0.0;39.0;5.4;0.282;22.29;5.7;99.0
1066;2023-02-14 11:00:00;1.89;15.5;25.1;40.7;18.0;94.0;;707.1;0.0;24.0;6.1;0.532;25.78;11.5;119.0
1067;2023-02-14 12:00:00;1.67;9.5;17.9;27.6;27.0;100.0;;706.7;0.0;13.0;4.1;0.667;28.81;10.4;83.0
1068;2023-02-14 13:00:00;1.45;4.6;7.6;12.4;34.0;110.0;;706.1;0.0;6.0;2.9;0.727;30.67;11.1;302.0
1069;2023-02-14 14:00:00;1.46;4.6;7.1;11.9;35.0;106.0;;705.7;0.0;4.0;2.7;0.724;31.12;12.8;327.0
1070;2023-02-14 15:00:00;1.64;;16.9;21.6;59.0;75.0;;705.4;0.0;16.0;23.5;0.63;29.96;14.7;52.0
1071;2023-02-14 16:00:00;1.69;3.8;14.2;18.1;57.0;107.0;;705.4;0.0;21.0;15.7;0.476;29.4;13.7;91.0
1072;2023-02-14 17:00:00;1.68;3.7;12.7;16.5;49.0;92.0;;705.8;0.0;24.0;6.2;0.187;28.36;15.1;101.0
1073;2023-02-14 18:00:00;1.71;3.4;13.8;17.4;40.0;95.0;;706.4;0.0;24.0;4.8;0.04;27.11;13.4;111.0
1074;2023-02-14 19:00:00;1.76;3.4;17.1;20.7;30.0;69.0;;706.9;0.0;25.0;3.8;0.008;25.64;10.6;100.0
1075;2023-02-14 20:00:00;1.69;2.9;15.7;18.8;26.0;63.0;;707.4;0.0;26.0;3.3;0.0;24.64;9.6;97.0
1076;2023-02-14 21:00:00;1.66;3.1;14.2;17.5;26.0;54.0;;707.8;0.0;28.0;3.3;0.001;23.83;9.0;105.0
1077;2023-02-14 22:00:00;1.61;2.7;10.2;13.2;29.0;51.0;;708.0;0.0;30.0;;0.001;23.15;8.2;116.0
1078;2023-02-14 23:00:00;1.57;2.7;7.4;10.3;32.0;46.0;;708.1;0.0;31.0;3.2;0.001;22.92;8.7;131.0
1079;2023-02-15 00:00:00;1.58;;7.1;10.0;30.0;44.0;;708.1;0.0;32.0;3.1;0.001;22.15;4.0;37.0
1080;2023-02-15 01:00:00;1.62;2.6;10.7;13.5;26.0;38.0;;707.9;0.0;33.0;3.1;0.001;21.26;3.5;133.0
1081;2023-02-15 02:00:00;1.62;3.0;12.1;15.3;23.0;41.0;;707.6;0.0;35.0;;0.001;20.58;4.0;328.0
1082;2023-02-15 03:00:00;2.03;4.9;34.8;39.9;6.0;45.0;;707.5;0.0;37.0;3.5;0.001;19.88;4.2;251.0
1083;2023-02-15 04:00:00;1.78;2.8;27.7;30.6;10.0;71.0;;707.4;0.0;40.0;5.5;0.001;18.63;3.9;168.0
1084;2023-02-15 05:00:00;1.76;3.9;30.0;34.1;8.0;99.0;;707.2;0.0;43.0;5.9;0.001;17.68;4.0;218.0
1085;2023-02-15 06:00:00;1.64;4.0;24.7;28.9;13.0;112.0;;707.0;0.0;42.0;8.3;0.001;17.63;6.4;222.0
1086;2023-02-15 07:00:00;1.82;16.4;35.5;52.1;5.0;104.0;;706.9;0.0;41.0;9.8;0.001;17.77;8.5;217.0
1087;2023-02-15 08:00:00;2.01;23.7;36.3;60.2;5.0;150.0;;707.0;0.0;41.0;8.2;0.018;18.16;7.3;212.0
1088;2023-02-15 09:00:00;2.11;33.4;36.1;69.7;9.0;123.0;;707.2;0.0;35.0;10.0;0.162;20.92;8.2;237.0
1089;2023-02-15 10:00:00;2.26;31.4;38.9;70.5;14.0;140.0;34.99;707.4;0.0;30.0;10.8;0.293;24.36;4.8;230.0
1090;2023-02-15 11:00:00;2.18;12.1;26.2;38.6;28.0;126.0;27.41;707.4;0.0;28.0;10.0;0.522;25.79;4.8;14.0
1091;2023-02-15 12:00:00;2.16;12.0;34.1;46.3;36.0;98.0;27.6;707.0;0.0;24.0;8.1;0.664;27.53;5.3;36.0
1092;2023-02-15 13:00:00;1.91;13.0;33.8;47.0;36.0;104.0;27.53;706.2;0.0;17.0;13.8;0.722;28.74;7.2;56.0
1093;2023-02-15 14:00:00;1.74;7.3;26.0;33.5;47.0;95.0;22.74;705.4;0.0;11.0;10.4;0.71;30.89;6.5;87.0
1094;2023-02-15 15:00:00;1.67;4.4;17.0;21.7;59.0;88.0;19.06;704.5;0.0;8.0;4.6;0.648;31.61;9.8;91.0
1095;2023-02-15 16:00:00;1.58;3.8;11.9;15.9;56.0;81.0;13.69;704.1;0.0;6.0;3.3;0.502;32.47;11.5;67.0
1096;2023-02-15 17:00:00;1.62;3.7;16.4;20.2;57.0;65.0;13.55;704.0;0.0;7.0;3.6;0.206;32.48;11.3;86.0
1097;2023-02-15 18:00:00;1.66;3.3;17.0;20.5;61.0;70.0;14.57;704.2;0.0;9.0;4.1;0.043;31.84;8.5;123.0
1098;2023-02-15 19:00:00;1.86;3.3;26.7;30.2;54.0;62.0;14.96;704.5;0.0;13.0;4.4;0.006;29.43;5.9;113.0
1099;2023-02-15 20:00:00;2.09;4.6;45.4;50.2;29.0;62.0;19.77;705.1;0.0;17.0;4.6;0.0;26.91;3.1;339.0
1100;2023-02-15 21:00:00;2.13;3.2;48.2;51.5;23.0;74.0;23.5;705.5;0.0;16.0;4.4;0.001;25.83;5.5;217.0
1101;2023-02-15 22:00:00;2.22;6.5;62.4;69.2;11.0;73.0;29.67;705.9;0.0;16.0;10.1;0.001;24.9;5.7;218.0
1102;2023-02-15 23:00:00;2.24;19.9;67.6;87.6;6.0;110.0;40.65;706.1;0.0;17.0;7.9;0.001;23.8;4.4;216.0
1103;2023-02-16 00:00:00;2.14;8.8;57.1;66.0;9.0;121.0;38.19;706.5;0.0;18.0;6.7;0.001;22.91;5.4;226.0
1104;2023-02-16 01:00:00;1.93;5.8;54.9;60.8;9.0;96.0;34.46;706.5;0.0;16.0;9.6;0.001;22.66;6.8;239.0
1105;2023-02-16 02:00:00;1.79;2.9;40.9;44.0;16.0;116.0;44.51;706.6;0.0;14.0;8.5;0.001;22.16;7.1;215.0
1106;2023-02-16 03:00:00;1.7;2.8;31.7;34.6;20.0;99.0;38.83;706.5;0.0;13.0;6.0;0.001;22.07;6.5;237.0
1107;2023-02-16 04:00:00;1.93;5.4;47.3;52.9;5.0;99.0;38.14;706.7;0.0;21.0;5.3;0.001;20.03;3.7;288.0
1108;2023-02-16 05:00:00;2.03;6.8;39.4;46.4;8.0;106.0;51.32;707.3;0.0;28.0;5.3;0.001;19.44;6.4;345.0
1109;2023-02-16 06:00:00;1.61;3.0;16.4;19.6;19.0;214.0;47.33;708.2;0.0;31.0;4.6;0.001;18.2;12.3;94.0
1110;2023-02-16 07:00:00;1.58;4.8;25.8;30.7;11.0;375.0;38.54;709.0;0.0;28.0;6.1;0.001;16.65;14.2;109.0
1111;2023-02-16 08:00:00;1.71;8.7;29.1;37.9;9.0;239.0;27.63;710.0;0.0;26.0;5.2;0.019;15.97;12.5;127.0
1112;2023-02-16 09:00:00;1.72;14.2;27.3;41.7;13.0;193.0;22.23;711.3;0.0;25.0;5.5;0.124;16.21;10.1;99.0
1113;2023-02-16 10:00:00;1.64;8.0;15.0;23.2;25.0;163.0;17.65;712.4;0.0;22.0;3.2;0.274;16.96;11.8;48.0
1114;2023-02-16 11:00:00;1.69;7.6;12.5;20.4;28.0;164.0;17.33;713.1;0.0;20.0;3.5;0.487;17.64;12.2;25.0
1115;2023-02-16 12:00:00;1.51;6.0;10.2;16.5;33.0;164.0;14.06;713.1;0.0;18.0;3.2;0.656;18.43;12.7;27.0
1116;2023-02-16 13:00:00;1.48;5.0;7.9;13.2;38.0;117.0;11.91;712.7;0.0;16.0;3.0;0.714;18.74;12.4;29.0
1117;2023-02-16 14:00:00;1.49;4.6;8.2;13.0;41.0;93.0;11.13;712.0;0.0;15.0;3.1;0.672;19.47;10.5;19.0
1118;2023-02-16 15:00:00;1.51;4.5;9.7;14.4;41.0;;12.6;711.7;0.0;13.0;3.3;0.509;20.19;10.0;20.0
1119;2023-02-16 16:00:00;1.48;4.8;11.7;16.7;36.0;80.0;10.45;711.8;0.0;11.0;3.3;0.271;19.58;13.0;37.0
1120;2023-02-16 17:00:00;1.54;4.9;11.5;16.6;35.0;83.0;8.0;712.3;0.0;11.0;3.4;0.169;18.63;14.4;16.0
1121;2023-02-16 18:00:00;1.5;3.9;13.9;18.0;31.0;73.0;8.29;713.3;0.0;12.0;3.3;0.07;17.38;14.2;24.0
1122;2023-02-16 19:00:00;1.55;3.3;16.3;19.8;29.0;72.0;9.45;714.2;0.0;13.0;3.5;0.006;16.19;11.3;29.0
1123;2023-02-16 20:00:00;1.56;4.0;19.5;23.7;26.0;72.0;13.58;715.0;0.0;15.0;3.3;0.001;15.34;10.6;32.0
1124;2023-02-16 21:00:00;1.51;2.9;19.9;23.0;27.0;66.0;13.07;715.8;0.0;16.0;3.3;0.001;14.88;10.6;58.0
1125;2023-02-16 22:00:00;1.48;2.6;15.7;18.5;29.0;56.0;17.31;716.5;0.0;17.0;3.7;0.001;14.4;11.1;36.0
1126;2023-02-16 23:00:00;1.44;2.6;10.0;12.9;31.0;57.0;11.0;717.3;0.0;19.0;2.8;0.001;13.39;10.1;29.0
1127;2023-02-17 00:00:00;1.49;2.4;10.6;13.3;28.0;53.0;8.47;717.9;0.0;21.0;3.0;0.001;12.66;8.4;19.0
1128;2023-02-17 01:00:00;1.54;2.4;8.1;10.8;30.0;42.0;12.06;718.5;0.0;21.0;3.3;0.001;12.02;7.4;9.0
1129;2023-02-17 02:00:00;1.5;;5.8;8.5;31.0;38.0;12.46;719.0;0.0;21.0;3.8;0.001;11.13;8.2;349.0
1130;2023-02-17 03:00:00;1.45;;4.6;7.1;32.0;42.0;8.79;719.4;0.0;20.0;3.7;0.001;10.36;6.9;357.0
1131;2023-02-17 04:00:00;1.43;;4.6;7.2;31.0;38.0;5.58;719.5;0.0;21.0;3.5;0.001;9.62;8.7;7.0
1132;2023-02-17 05:00:00;1.4;;6.0;8.5;29.0;28.0;4.97;719.9;0.0;22.0;3.4;0.001;9.17;8.5;13.0
1133;2023-02-17 06:00:00;1.41;;5.9;8.5;30.0;33.0;4.75;720.3;0.0;22.0;3.1;0.001;8.62;8.7;9.0
1134;2023-02-17 07:00:00;1.48;3.0;10.5;13.7;26.0;31.0;5.72;720.8;0.0;23.0;2.9;0.001;8.29;7.9;18.0
1135;2023-02-17 08:00:00;1.51;4.5;13.5;18.3;24.0;30.0;6.11;721.4;0.0;23.0;3.0;0.016;8.06;8.7;20.0
1136;2023-02-17 09:00:00;1.56;7.5;17.0;24.7;21.0;36.0;6.54;722.0;0.0;23.0;3.1;0.113;8.36;8.5;27.0
1137;2023-02-17 10:00:00;1.51;9.3;14.7;24.3;24.0;48.0;7.95;722.6;0.0;22.0;3.0;0.251;8.92;10.0;36.0
1138;2023-02-17 11:00:00;1.51;9.0;16.5;25.8;23.0;53.0;8.05;722.6;0.0;22.0;3.7;0.224;9.11;8.6;32.0
1139;2023-02-17 12:00:00;1.56;14.8;19.5;34.6;22.0;52.0;10.47;722.0;0.0;20.0;6.2;0.562;10.48;8.3;54.0
1140;2023-02-17 13:00:00;1.54;11.1;15.8;27.1;28.0;57.0;10.59;721.4;0.0;19.0;4.4;0.733;11.39;9.9;54.0
1141;2023-02-17 14:00:00;1.49;6.8;11.1;18.1;35.0;57.0;8.66;720.7;0.0;17.0;5.1;0.719;12.41;11.2;47.0
1142;2023-02-17 15:00:00;1.46;4.9;8.8;14.0;39.0;54.0;7.18;720.0;0.0;15.0;4.0;0.602;13.19;12.0;38.0
1143;2023-02-17 16:00:00;1.45;5.2;10.2;15.6;39.0;60.0;7.56;719.6;0.0;14.0;3.5;0.513;13.4;11.6;25.0
1144;2023-02-17 17:00:00;1.53;5.7;14.1;20.1;37.0;54.0;8.13;719.4;0.0;15.0;3.7;0.204;14.02;11.7;42.0
1145;2023-02-17 18:00:00;1.53;3.5;13.1;16.8;41.0;52.0;12.43;719.5;0.0;16.0;7.2;0.042;13.82;15.2;72.0
1146;2023-02-17 19:00:00;1.55;3.0;13.6;16.8;35.0;64.0;11.01;719.7;0.0;18.0;7.4;0.007;12.45;15.8;77.0
1147;2023-02-17 20:00:00;1.5;2.7;11.8;14.7;32.0;75.0;7.22;720.0;0.0;17.0;3.4;0.001;11.65;14.2;87.0
1148;2023-02-17 21:00:00;1.47;2.7;10.3;13.2;31.0;46.0;6.47;720.5;0.0;17.0;3.0;0.001;10.89;12.8;110.0
1149;2023-02-17 22:00:00;1.43;2.4;7.3;9.9;33.0;43.0;5.5;720.8;0.0;17.0;3.0;0.001;10.27;14.7;93.0
1150;2023-02-17 23:00:00;1.39;2.4;4.5;7.1;36.0;43.0;4.43;720.7;0.0;18.0;2.7;0.001;9.84;13.1;103.0
1151;2023-02-18 00:00:00;1.42;2.3;6.4;8.9;33.0;40.0;4.26;720.6;0.0;20.0;2.7;0.001;9.17;7.9;117.0
1152;2023-02-18 01:00:00;1.41;2.3;5.4;7.9;34.0;28.0;5.29;720.4;0.0;22.0;2.8;0.001;8.63;7.5;98.0
1153;2023-02-18 02:00:00;1.41;;5.1;7.6;35.0;33.0;4.6;720.2;0.0;23.0;2.8;0.001;8.45;6.6;57.0
1154;2023-02-18 03:00:00;1.43;;7.1;9.6;33.0;29.0;4.87;719.7;0.0;24.0;;0.001;7.85;7.5;51.0
1155;2023-02-18 04:00:00;1.45;2.4;8.7;11.3;30.0;27.0;6.36;719.1;0.0;25.0;2.9;0.001;7.43;6.1;29.0
1156;2023-02-18 05:00:00;1.46;2.3;12.1;14.6;27.0;31.0;8.04;718.8;0.0;26.0;3.7;0.001;7.25;6.5;29.0
1157;2023-02-18 06:00:00;1.48;2.4;13.7;16.3;24.0;38.0;9.48;718.8;0.0;27.0;3.0;0.001;6.87;5.8;39.0
1158;2023-02-18 07:00:00;1.5;2.6;19.6;22.4;20.0;34.0;8.49;718.8;0.0;27.0;3.6;0.001;6.87;7.2;39.0
1159;2023-02-18 08:00:00;1.6;10.5;31.0;41.7;10.0;36.0;12.02;719.2;0.0;27.0;8.9;0.027;6.77;6.6;36.0
1160;2023-02-18 09:00:00;1.67;16.4;26.0;42.5;17.0;56.0;18.53;719.4;0.0;25.0;6.6;0.248;8.41;7.8;50.0
1161;2023-02-18 10:00:00;1.59;11.3;18.7;30.3;25.0;66.0;13.38;719.5;0.0;23.0;4.9;0.313;9.61;8.7;40.0
1162;2023-02-18 11:00:00;1.53;6.5;12.4;19.1;32.0;47.0;;719.3;0.0;22.0;3.9;0.435;10.29;9.3;41.0
1163;2023-02-18 12:00:00;1.5;6.0;11.2;17.4;35.0;50.0;;719.2;0.0;20.0;4.1;0.567;11.67;8.8;38.0
1164;2023-02-18 13:00:00;1.51;5.9;11.6;17.8;38.0;44.0;;718.8;0.0;19.0;4.4;0.667;12.68;8.4;30.0
1165;2023-02-18 14:00:00;1.53;5.3;10.7;16.3;41.0;47.0;;718.1;0.0;19.0;4.3;0.746;13.73;9.0;45.0
1166;2023-02-18 15:00:00;1.54;4.9;11.7;16.8;42.0;45.0;;717.5;0.0;18.0;4.4;0.641;14.49;9.0;71.0
1167;2023-02-18 16:00:00;1.55;5.1;14.1;19.4;43.0;46.0;;717.3;0.0;18.0;5.0;0.5;15.4;8.1;54.0
1168;2023-02-18 17:00:00;1.56;4.4;14.0;18.6;43.0;46.0;;717.1;0.0;17.0;4.2;0.217;15.9;8.4;47.0
1169;2023-02-18 18:00:00;;;;;;;;;;;;0.0;;;
1170;2023-02-18 19:00:00;1.25;2.5;15.6;18.2;36.0;;15.41;717.1;0.0;20.0;3.9;0.01;14.86;8.1;51.0
1171;2023-02-18 20:00:00;1.3;2.4;19.7;22.2;29.0;50.0;20.08;717.2;0.0;21.0;3.1;0.001;14.44;5.8;82.0
1172;2023-02-18 21:00:00;1.33;2.4;21.3;23.9;24.0;46.0;19.34;717.5;0.0;23.0;3.0;0.001;13.76;4.7;86.0
1173;2023-02-18 22:00:00;1.34;;23.3;25.9;20.0;46.0;24.23;717.8;0.0;26.0;3.7;0.001;12.84;3.1;79.0
1174;2023-02-18 23:00:00;1.3;2.7;19.7;22.5;22.0;50.0;19.65;717.5;0.0;26.0;3.1;0.001;12.47;3.3;93.0
1175;2023-02-19 00:00:00;1.22;2.4;13.8;16.3;25.0;43.0;14.22;717.1;0.0;28.0;3.0;0.001;11.79;3.1;218.0
1176;2023-02-19 01:00:00;1.26;2.4;18.3;20.9;22.0;41.0;14.08;716.7;0.0;28.0;3.1;0.001;11.52;3.5;196.0
1177;2023-02-19 02:00:00;1.43;2.7;31.5;34.4;11.0;43.0;28.94;716.4;0.0;30.0;9.3;0.001;10.75;4.5;213.0
1178;2023-02-19 03:00:00;1.44;6.3;40.4;46.9;5.0;62.0;44.32;715.9;0.0;30.0;12.4;0.001;10.42;4.4;230.0
1179;2023-02-19 04:00:00;1.35;4.5;34.6;39.4;9.0;97.0;41.49;715.4;0.0;30.0;12.8;0.001;10.27;5.8;217.0
1180;2023-02-19 05:00:00;1.33;3.4;34.5;38.2;10.0;90.0;48.6;715.4;0.0;30.0;18.2;0.001;10.18;5.0;244.0
1181;2023-02-19 06:00:00;1.34;5.0;36.1;41.3;7.0;105.0;49.07;715.2;0.0;32.0;11.8;0.001;9.56;3.8;227.0
1182;2023-02-19 07:00:00;1.45;7.9;38.2;46.3;4.0;94.0;54.89;715.5;0.0;33.0;14.6;0.001;9.23;3.1;313.0
1183;2023-02-19 08:00:00;1.37;6.4;30.6;37.2;10.0;110.0;40.89;715.8;0.0;31.0;13.9;0.031;10.02;3.2;254.0
1184;2023-02-19 09:00:00;1.48;18.1;31.3;49.6;13.0;81.0;46.5;716.2;0.0;26.0;16.8;0.181;13.63;4.1;174.0
1185;2023-02-19 10:00:00;1.36;11.6;22.8;34.6;24.0;99.0;38.97;716.6;0.0;22.0;8.9;0.292;15.77;4.9;52.0
1186;2023-02-19 11:00:00;1.46;7.2;16.8;24.2;34.0;82.0;31.37;716.5;0.0;21.0;7.2;0.548;17.1;5.7;13.0
1187;2023-02-19 12:00:00;1.56;6.8;18.5;25.6;42.0;66.0;39.32;716.0;0.0;20.0;7.8;0.674;18.37;6.2;36.0
1188;2023-02-19 13:00:00;1.45;8.4;23.9;32.6;42.0;78.0;36.43;715.2;0.0;20.0;7.9;0.733;19.41;7.7;48.0
1189;2023-02-19 14:00:00;1.32;8.1;25.1;33.3;45.0;71.0;33.38;714.4;0.0;19.0;9.5;0.72;20.54;8.2;32.0
1190;2023-02-19 15:00:00;1.34;5.8;22.9;29.0;55.0;70.0;39.4;713.8;0.0;20.0;8.6;0.638;21.74;8.7;39.0
1191;2023-02-19 16:00:00;1.35;3.7;16.4;20.3;68.0;72.0;31.52;713.3;0.0;20.0;7.7;0.495;22.72;9.9;51.0
1192;2023-02-19 17:00:00;1.3;3.2;14.7;18.0;70.0;73.0;23.9;713.1;0.0;20.0;20.0;0.211;23.74;10.3;40.0
1193;2023-02-19 18:00:00;1.27;2.6;10.1;12.9;67.0;73.0;17.88;713.0;0.0;19.0;8.6;0.046;24.22;8.4;122.0
1194;2023-02-19 19:00:00;1.31;2.5;11.4;14.1;50.0;56.0;15.47;713.2;0.0;25.0;5.6;0.008;22.66;8.3;101.0
1195;2023-02-19 20:00:00;1.47;2.6;26.4;29.2;25.0;52.0;21.85;713.6;0.0;32.0;6.4;0.0;21.53;6.0;28.0
1196;2023-02-19 21:00:00;1.59;3.3;33.8;37.3;12.0;63.0;26.34;714.1;0.0;36.0;5.0;0.001;19.82;2.6;258.0
1197;2023-02-19 22:00:00;1.79;2.9;30.8;33.9;13.0;67.0;26.75;714.4;0.0;37.0;4.6;0.001;19.03;1.8;250.0
1198;2023-02-19 23:00:00;2.15;16.6;40.3;57.2;5.0;65.0;30.35;714.5;0.0;41.0;4.7;0.001;18.32;2.6;281.0
1199;2023-02-20 00:00:00;1.93;17.6;36.4;54.2;3.0;71.0;31.57;714.3;0.0;53.0;4.0;0.001;18.02;4.4;304.0
1200;2023-02-20 01:00:00;1.58;4.5;25.6;30.3;5.0;75.0;19.21;714.1;0.0;64.0;3.4;0.001;17.55;4.1;307.0
1201;2023-02-20 02:00:00;1.54;2.9;17.6;20.7;8.0;53.0;14.69;713.9;0.0;73.0;3.4;0.001;16.68;3.2;274.0
1202;2023-02-20 03:00:00;1.49;2.7;11.5;14.5;11.0;42.0;13.96;713.7;0.0;76.0;3.2;0.001;16.19;2.7;292.0
1203;2023-02-20 04:00:00;1.68;4.0;31.5;35.6;6.0;41.0;31.56;713.7;0.0;66.0;4.2;0.001;15.12;2.8;246.0
1204;2023-02-20 05:00:00;1.66;8.0;34.5;42.7;4.0;83.0;42.34;713.6;0.0;62.0;4.8;0.001;14.95;3.6;234.0
1205;2023-02-20 06:00:00;1.62;9.2;32.5;41.9;6.0;105.0;39.01;713.8;0.0;59.0;5.7;0.001;14.54;3.2;274.0
1206;2023-02-20 07:00:00;1.68;16.6;30.8;47.6;4.0;101.0;34.18;714.0;0.0;63.0;5.1;0.001;14.36;3.6;222.0
1207;2023-02-20 08:00:00;1.99;40.8;33.1;74.1;4.0;100.0;39.6;714.2;0.0;61.0;5.7;0.029;15.27;3.8;252.0
1208;2023-02-20 09:00:00;2.11;44.4;31.6;76.3;7.0;116.0;38.62;714.3;0.0;54.0;6.6;0.166;18.82;2.9;79.0
1209;2023-02-20 10:00:00;1.85;9.1;16.7;26.1;19.0;120.0;23.66;714.5;0.0;56.0;6.4;0.271;20.51;4.3;45.0
1210;2023-02-20 11:00:00;1.66;10.2;20.3;30.8;26.0;64.0;29.32;714.4;0.0;45.0;8.4;0.523;22.02;4.8;35.0
1211;2023-02-20 12:00:00;1.92;13.8;33.7;47.7;30.0;70.0;37.16;714.0;0.0;42.0;7.7;0.635;23.39;6.0;67.0
1212;2023-02-20 13:00:00;1.76;9.9;29.8;39.9;39.0;94.0;33.35;713.2;0.0;37.0;7.9;0.696;24.53;6.6;43.0
1213;2023-02-20 14:00:00;1.7;6.8;26.4;33.4;52.0;103.0;29.41;712.3;0.0;33.0;7.9;0.683;25.83;7.0;59.0
1214;2023-02-20 15:00:00;1.59;4.6;20.1;24.9;67.0;89.0;26.7;711.4;0.0;30.0;7.3;0.616;27.17;7.5;71.0
1215;2023-02-20 16:00:00;1.56;3.9;19.5;23.6;76.0;85.0;25.87;710.8;0.0;30.0;7.0;0.476;27.44;9.5;64.0
1216;2023-02-20 17:00:00;1.57;3.7;18.9;22.7;74.0;89.0;23.69;710.6;0.0;30.0;6.3;0.208;27.87;9.2;51.0
1217;2023-02-20 18:00:00;1.67;3.2;23.6;27.0;74.0;84.0;25.71;710.5;0.0;31.0;5.3;0.048;27.45;9.9;75.0
1218;2023-02-20 19:00:00;1.8;3.1;32.8;36.1;57.0;93.0;25.19;710.6;0.0;33.0;4.9;0.008;26.24;7.9;90.0
1219;2023-02-20 20:00:00;1.83;2.9;32.5;35.6;47.0;93.0;23.62;710.7;0.0;36.0;4.7;0.001;25.19;6.2;93.0
1220;2023-02-20 21:00:00;1.75;3.0;25.7;28.9;44.0;83.0;22.56;710.8;0.0;40.0;4.8;0.001;23.9;3.2;25.0
1221;2023-02-20 22:00:00;1.72;2.9;26.6;29.6;37.0;69.0;23.88;710.8;0.0;42.0;4.7;0.001;22.94;3.0;324.0
1222;2023-02-20 23:00:00;1.91;3.0;40.7;43.8;23.0;72.0;27.65;710.6;0.0;45.0;4.7;0.001;21.83;3.9;233.0
1223;2023-02-21 00:00:00;1.81;3.0;34.7;37.9;24.0;82.0;27.14;710.3;0.0;47.0;4.4;0.001;21.02;3.6;197.0
1224;2023-02-21 01:00:00;1.77;2.9;31.0;34.1;22.0;74.0;26.77;709.9;0.0;50.0;4.3;0.001;20.07;1.9;269.0
1225;2023-02-21 02:00:00;1.82;3.0;37.0;40.2;15.0;69.0;27.22;709.5;0.0;54.0;4.2;0.001;19.01;2.7;248.0
1226;2023-02-21 03:00:00;1.97;6.6;48.6;55.4;8.0;70.0;34.89;709.0;0.0;55.0;4.2;0.001;18.98;3.2;246.0
1227;2023-02-21 04:00:00;1.8;3.0;37.1;40.3;11.0;82.0;30.26;708.6;0.0;56.0;4.1;0.001;18.17;2.8;298.0
1228;2023-02-21 05:00:00;1.99;17.6;36.5;54.2;5.0;70.0;35.74;708.8;0.0;63.0;4.0;0.001;17.15;1.9;274.0
1229;2023-02-21 06:00:00;2.02;29.7;33.1;62.9;3.0;87.0;40.25;708.8;0.0;66.0;3.8;0.001;16.68;2.2;198.0
1230;2023-02-21 07:00:00;2.0;36.4;32.3;68.9;3.0;94.0;37.7;708.8;0.0;67.0;3.7;0.001;16.5;1.8;265.0
1231;2023-02-21 08:00:00;2.6;79.7;38.5;118.5;4.0;100.0;45.44;709.1;0.0;65.0;4.2;0.031;16.95;1.8;267.0
1232;2023-02-21 09:00:00;2.64;33.6;32.3;66.2;9.0;145.0;42.82;709.1;0.0;54.0;5.3;0.17;20.89;2.5;22.0
1233;2023-02-21 10:00:00;2.34;26.7;41.2;68.1;15.0;114.0;45.11;709.1;0.0;46.0;7.8;0.263;22.83;4.3;12.0
1234;2023-02-21 11:00:00;2.34;21.7;50.5;72.4;26.0;120.0;52.8;708.7;0.0;40.0;8.4;0.51;24.52;5.0;27.0
1235;2023-02-21 12:00:00;2.15;12.7;46.6;59.5;43.0;130.0;53.66;708.1;0.0;36.0;9.2;0.621;26.3;6.2;50.0
1236;2023-02-21 13:00:00;2.08;9.9;39.7;49.9;53.0;128.0;54.96;707.2;0.0;36.0;12.7;0.683;26.66;9.8;57.0
1237;2023-02-21 14:00:00;1.75;6.8;29.4;36.4;57.0;130.0;36.7;706.1;0.0;35.0;8.9;0.673;27.5;10.5;66.0
1238;2023-02-21 15:00:00;1.76;5.0;24.3;29.4;75.0;104.0;38.25;705.2;0.0;33.0;7.3;0.596;28.68;10.7;57.0
1239;2023-02-21 16:00:00;1.71;3.6;18.7;22.5;94.0;104.0;36.21;704.5;0.0;33.0;7.3;0.459;29.36;12.0;57.0
1240;2023-02-21 17:00:00;1.72;3.5;21.2;24.9;90.0;101.0;34.7;703.9;0.0;30.0;6.7;0.203;30.09;11.9;70.0
1241;2023-02-21 18:00:00;1.69;3.3;20.0;23.5;76.0;95.0;30.47;703.6;0.0;29.0;5.7;0.05;29.81;11.1;96.0
1242;2023-02-21 19:00:00;1.63;3.2;16.5;19.9;62.0;78.0;27.9;703.5;0.0;32.0;4.7;0.008;28.17;11.7;119.0
1243;2023-02-21 20:00:00;1.61;3.0;15.9;19.1;48.0;77.0;26.47;703.5;0.0;34.0;4.4;0.001;27.43;9.8;93.0
1244;2023-02-21 21:00:00;1.55;3.0;13.7;16.9;35.0;63.0;21.44;703.6;0.0;35.0;4.0;0.001;26.73;10.1;117.0
1245;2023-02-21 22:00:00;1.47;;9.9;13.1;29.0;59.0;17.6;703.5;0.0;36.0;3.8;0.001;25.81;6.1;118.0
1246;2023-02-21 23:00:00;1.67;4.6;20.2;25.0;15.0;53.0;19.31;703.5;0.0;41.0;3.6;0.001;24.07;3.1;293.0
1247;2023-02-22 00:00:00;1.8;7.8;30.0;38.0;8.0;57.0;24.45;703.8;0.0;44.0;3.7;0.001;23.56;6.6;316.0
1248;2023-02-22 01:00:00;1.58;3.5;25.3;29.1;7.0;75.0;25.94;703.6;0.0;52.0;4.2;0.0;21.64;3.6;321.0
1249;2023-02-22 02:00:00;1.6;3.7;24.9;28.8;5.0;72.0;27.97;703.7;0.0;59.0;4.0;0.001;20.6;4.1;316.0
1250;2023-02-22 03:00:00;;;;;;;;;;;;0.0;;;
1251;2023-02-22 04:00:00;1.68;7.2;25.4;32.7;3.0;73.0;31.17;703.4;0.0;67.0;3.6;0.001;18.84;3.3;262.0
1252;2023-02-22 05:00:00;1.65;7.9;24.4;32.5;3.0;78.0;33.76;703.4;0.0;70.0;3.6;0.001;18.37;3.9;213.0
1253;2023-02-22 06:00:00;1.7;15.9;25.5;41.5;3.0;75.0;38.98;703.7;0.0;71.0;;0.001;18.02;2.9;228.0
1254;2023-02-22 07:00:00;1.93;27.9;27.7;55.7;;82.0;32.92;704.0;0.0;66.0;3.7;0.001;18.15;4.7;207.0
1255;2023-02-22 08:00:00;2.27;54.2;29.9;84.3;4.0;92.0;36.4;704.3;0.0;53.0;4.3;0.017;19.62;5.0;246.0
1256;2023-02-22 09:00:00;2.26;57.2;33.4;90.9;5.0;141.0;33.54;704.9;0.0;35.0;5.5;0.138;23.11;5.8;167.0
1257;2023-02-22 10:00:00;2.35;58.5;38.8;97.6;8.0;174.0;31.43;705.3;0.0;23.0;5.0;0.245;27.14;5.8;133.0
1258;2023-02-22 11:00:00;1.62;15.9;26.1;42.2;20.0;175.0;19.01;705.4;0.0;12.0;3.8;0.546;30.34;7.4;114.0
1259;2023-02-22 12:00:00;1.46;9.5;21.0;30.7;30.0;145.0;15.75;705.2;0.0;10.0;4.2;0.637;31.52;10.6;112.0
1260;2023-02-22 13:00:00;1.36;5.5;13.2;18.9;41.0;139.0;13.49;704.9;0.0;8.0;3.7;0.723;32.77;9.0;84.0
1261;2023-02-22 14:00:00;1.28;4.4;6.5;11.2;35.0;124.0;8.44;704.5;0.0;9.0;2.7;0.719;32.92;12.4;305.0
1262;2023-02-22 15:00:00;1.27;4.0;6.0;10.2;36.0;104.0;6.99;704.2;0.0;9.0;2.7;0.653;33.41;10.7;329.0
1263;2023-02-22 16:00:00;1.27;3.4;6.5;10.1;44.0;66.0;7.44;704.1;0.0;8.0;2.8;0.505;34.42;6.8;90.0
1264;2023-02-22 17:00:00;1.39;3.4;12.0;15.6;64.0;62.0;12.37;704.2;0.0;9.0;3.5;0.23;33.87;9.9;92.0
1265;2023-02-22 18:00:00;1.44;3.1;13.5;16.8;65.0;96.0;15.64;704.4;0.0;11.0;3.8;0.048;32.98;11.3;118.0
1266;2023-02-22 19:00:00;1.53;3.4;20.6;24.2;47.0;98.0;13.6;704.9;0.0;12.0;4.0;0.008;31.28;7.7;120.0
1267;2023-02-22 20:00:00;1.73;3.6;34.2;38.0;34.0;75.0;15.56;705.3;0.0;14.0;4.2;0.0;29.6;5.5;107.0
1268;2023-02-22 21:00:00;1.4;2.9;13.5;16.6;51.0;88.0;13.73;705.8;0.0;13.0;4.2;0.001;29.66;9.2;123.0
1269;2023-02-22 22:00:00;1.32;2.8;7.8;10.8;48.0;87.0;11.18;706.2;0.0;13.0;3.5;0.001;29.45;9.6;129.0
1270;2023-02-22 23:00:00;1.47;3.0;20.8;24.0;29.0;67.0;13.22;706.7;0.0;16.0;3.4;0.0;27.18;4.8;10.0
1271;2023-02-23 00:00:00;1.56;4.0;31.2;35.4;11.0;69.0;22.47;707.1;0.0;29.0;5.4;0.001;25.14;4.9;329.0
1272;2023-02-23 01:00:00;1.7;3.3;25.8;29.3;10.0;83.0;37.0;707.4;0.0;48.0;4.0;0.001;23.84;5.4;287.0
1273;2023-02-23 02:00:00;1.72;4.5;32.7;37.5;8.0;93.0;33.41;707.3;0.0;39.0;5.4;0.001;23.15;6.1;229.0
1274;2023-02-23 03:00:00;1.59;3.6;39.9;43.7;7.0;99.0;30.26;707.3;0.0;29.0;6.1;0.001;22.4;5.1;220.0
1275;2023-02-23 04:00:00;1.59;7.5;43.6;51.3;5.0;121.0;36.42;707.5;0.0;28.0;8.2;0.001;22.37;5.8;191.0
1276;2023-02-23 05:00:00;1.61;13.1;44.6;57.9;4.0;166.0;41.64;707.8;0.0;28.0;14.4;0.001;22.01;3.8;252.0
1277;2023-02-23 06:00:00;1.45;5.4;32.1;37.7;9.0;156.0;25.38;708.2;0.0;24.0;9.1;0.001;22.71;7.0;230.0
1278;2023-02-23 07:00:00;1.5;11.5;31.4;43.1;6.0;109.0;18.05;708.6;0.0;23.0;8.5;0.001;23.46;7.7;228.0
1279;2023-02-23 08:00:00;1.61;14.5;31.3;46.0;5.0;109.0;16.67;708.9;0.0;22.0;9.3;0.023;23.98;12.0;230.0
1280;2023-02-23 09:00:00;1.7;28.7;30.7;59.6;6.0;122.0;17.1;709.5;0.0;21.0;6.4;0.083;24.71;7.5;210.0
1281;2023-02-23 10:00:00;1.76;31.4;32.6;64.1;8.0;114.0;21.22;710.2;0.0;19.0;8.9;0.193;26.13;7.1;211.0
1282;2023-02-23 11:00:00;1.52;15.3;22.1;37.6;19.0;124.0;15.36;710.4;0.0;15.0;7.3;0.571;29.13;8.4;228.0
1283;2023-02-23 12:00:00;1.38;7.2;13.4;20.8;30.0;103.0;9.32;710.4;0.0;11.0;5.1;0.709;31.09;9.0;221.0
1284;2023-02-23 13:00:00;1.45;7.9;17.4;25.5;38.0;67.0;9.15;710.0;0.0;9.0;4.8;0.747;32.61;7.9;65.0
1285;2023-02-23 14:00:00;1.47;4.8;14.0;19.0;53.0;56.0;9.89;709.5;0.0;10.0;3.8;0.629;32.87;9.6;62.0
1286;2023-02-23 15:00:00;1.46;4.0;11.7;15.9;55.0;56.0;13.04;709.0;0.0;12.0;3.5;0.447;32.57;12.7;92.0
1287;2023-02-23 16:00:00;1.47;3.6;13.6;17.4;61.0;78.0;11.39;708.7;0.0;12.0;5.5;0.254;32.27;10.1;88.0
1288;2023-02-23 17:00:00;1.48;3.5;15.3;19.0;62.0;73.0;10.7;708.7;0.0;11.0;7.5;0.167;32.45;8.0;103.0
1289;2023-02-23 18:00:00;1.56;3.8;19.7;23.6;43.0;69.0;10.84;709.1;0.0;13.0;5.7;0.067;31.83;10.5;75.0
1290;2023-02-23 19:00:00;1.77;4.1;33.2;37.4;21.0;69.0;13.3;709.6;0.0;16.0;6.8;0.007;30.53;7.1;95.0
1291;2023-02-23 20:00:00;1.58;4.2;23.0;27.5;22.0;61.0;12.0;710.2;0.0;14.0;3.5;0.001;29.4;10.5;82.0
1292;2023-02-23 21:00:00;1.48;3.1;17.3;20.6;26.0;63.0;10.57;710.9;0.0;14.0;3.2;0.0;28.15;6.4;108.0
1293;2023-02-23 22:00:00;1.59;3.3;24.8;28.2;17.0;51.0;12.9;711.3;0.0;17.0;3.3;0.001;26.29;3.2;207.0
1294;2023-02-23 23:00:00;1.95;9.0;36.0;45.2;12.0;68.0;18.82;711.7;0.0;22.0;3.8;0.001;25.49;4.9;33.0
1295;2023-02-24 00:00:00;1.68;3.1;25.5;28.8;25.0;75.0;22.85;712.0;0.0;29.0;4.2;0.001;24.81;5.5;31.0
1296;2023-02-24 01:00:00;1.84;3.2;35.8;39.1;13.0;74.0;29.12;711.8;0.0;33.0;4.5;0.001;24.15;3.4;305.0
1297;2023-02-24 02:00:00;2.18;3.1;30.6;33.9;14.0;79.0;28.15;711.6;0.0;38.0;4.5;0.001;23.19;2.9;348.0
1298;2023-02-24 03:00:00;2.08;3.1;26.9;30.2;14.0;75.0;26.93;711.5;0.0;43.0;4.3;0.001;22.79;3.6;86.0
1299;2023-02-24 04:00:00;1.73;;24.7;28.0;14.0;70.0;29.57;711.4;0.0;47.0;4.2;0.001;22.36;5.3;125.0
1300;2023-02-24 05:00:00;1.62;;14.8;18.0;20.0;67.0;30.82;711.2;0.0;53.0;4.0;0.001;21.55;2.9;51.0
1301;2023-02-24 06:00:00;1.68;3.4;21.6;25.2;13.0;61.0;32.08;711.4;0.0;56.0;3.8;0.001;21.25;4.2;32.0
1302;2023-02-24 07:00:00;1.82;18.5;33.6;52.2;3.0;72.0;36.99;712.0;0.0;59.0;4.0;0.001;20.77;2.6;314.0
1303;2023-02-24 08:00:00;2.1;27.9;31.1;59.2;3.0;94.0;35.23;712.5;0.0;67.0;3.7;0.019;20.47;6.6;355.0
1304;2023-02-24 09:00:00;2.4;27.9;31.4;59.5;6.0;119.0;40.59;713.2;0.0;71.0;3.6;0.109;20.22;6.4;18.0
1305;2023-02-24 10:00:00;2.49;24.9;36.5;61.6;13.0;137.0;43.88;713.6;0.0;60.0;4.8;0.293;22.87;4.8;3.0
1306;2023-02-24 11:00:00;2.22;14.7;38.9;53.8;22.0;115.0;46.04;713.7;0.0;57.0;6.7;0.329;23.63;6.9;69.0
1307;2023-02-24 12:00:00;1.93;6.7;28.8;35.7;46.0;121.0;47.03;713.7;0.0;53.0;8.5;0.412;24.25;8.7;48.0
1308;2023-02-24 13:00:00;1.82;5.2;20.5;26.0;52.0;114.0;39.57;713.3;0.0;49.0;8.0;0.429;24.91;9.6;69.0
1309;2023-02-24 14:00:00;1.79;4.5;17.3;22.0;61.0;98.0;36.61;712.7;0.0;46.0;6.4;0.533;25.82;12.1;66.0
1310;2023-02-24 15:00:00;1.76;4.2;15.4;19.8;63.0;97.0;36.01;712.1;0.0;45.0;6.1;0.438;26.91;12.4;56.0
1311;2023-02-24 16:00:00;1.69;4.0;12.3;16.5;56.0;91.0;32.25;711.7;0.0;42.0;8.2;0.392;27.78;12.8;72.0
1312;2023-02-24 17:00:00;1.64;3.8;9.2;13.2;44.0;84.0;26.34;711.6;0.0;39.0;6.6;0.178;28.58;10.6;98.0
1313;2023-02-24 18:00:00;1.72;3.9;12.6;16.6;36.0;65.0;26.71;711.8;0.0;39.0;5.2;0.059;28.7;12.5;88.0
1314;2023-02-24 19:00:00;1.77;4.0;16.2;20.4;23.0;76.0;23.14;712.5;0.0;46.0;4.4;0.01;27.2;14.1;63.0
1315;2023-02-24 20:00:00;1.88;4.2;24.2;28.6;13.0;73.0;23.4;713.0;0.0;46.0;4.2;0.001;26.59;8.9;90.0
1316;2023-02-24 21:00:00;1.83;4.0;19.7;23.9;16.0;63.0;23.59;713.4;0.0;47.0;3.8;0.001;26.18;6.8;78.0
1317;2023-02-24 22:00:00;1.81;3.7;19.1;23.0;13.0;59.0;24.44;713.7;0.0;50.0;3.7;0.001;25.7;9.1;78.0
1318;2023-02-24 23:00:00;1.75;3.4;12.6;16.2;11.0;68.0;22.08;714.0;0.0;65.0;3.2;0.001;24.5;12.5;77.0
1319;2023-02-25 00:00:00;1.7;3.3;10.2;13.7;11.0;77.0;28.44;714.0;0.0;71.0;3.0;0.001;23.51;11.6;64.0
1320;2023-02-25 01:00:00;1.69;3.1;8.5;11.9;12.0;87.0;32.69;713.9;0.0;75.0;3.0;0.001;22.53;11.7;57.0
1321;2023-02-25 02:00:00;1.64;3.0;6.9;10.1;13.0;71.0;23.94;713.8;0.0;79.0;;0.001;21.44;11.1;65.0
1322;2023-02-25 03:00:00;1.62;2.9;6.7;9.9;12.0;57.0;22.4;713.3;0.0;81.0;;0.001;20.71;8.0;59.0
1323;2023-02-25 04:00:00;1.61;3.0;5.9;9.1;13.0;54.0;20.15;713.0;0.0;81.0;3.1;0.001;20.51;8.4;55.0
1324;2023-02-25 05:00:00;1.62;4.1;10.5;14.9;10.0;47.0;22.78;713.1;0.0;82.0;3.2;0.001;19.94;10.0;49.0
1325;2023-02-25 06:00:00;1.65;4.9;14.4;19.5;7.0;49.0;30.94;713.4;0.0;83.0;3.3;0.001;19.43;9.5;33.0
1326;2023-02-25 07:00:00;1.64;6.6;14.3;21.1;6.0;63.0;33.27;713.8;0.0;86.0;3.5;0.001;18.7;8.3;45.0
1327;2023-02-25 08:00:00;1.66;4.2;10.6;15.0;9.0;63.0;27.14;714.1;0.0;87.0;3.4;0.007;18.42;8.6;64.0
1328;2023-02-25 09:00:00;1.74;5.4;12.5;18.1;8.0;50.0;32.2;714.5;0.0;87.0;3.4;0.027;18.38;8.2;50.0
1329;2023-02-25 10:00:00;1.76;6.8;16.1;23.2;10.0;63.0;35.54;715.0;0.0;86.0;;0.05;18.41;8.8;49.0
1330;2023-02-25 11:00:00;1.78;7.2;15.1;22.5;16.0;64.0;40.88;715.2;0.0;82.0;3.6;0.202;19.27;8.8;54.0
1331;2023-02-25 12:00:00;1.68;7.0;9.9;17.2;20.0;79.0;28.66;714.9;0.0;71.0;3.6;0.523;21.29;10.8;60.0
1332;2023-02-25 13:00:00;1.68;6.2;9.9;16.4;25.0;57.0;26.96;714.3;0.0;62.0;4.0;0.409;22.6;11.9;52.0
1333;2023-02-25 14:00:00;1.64;4.2;7.5;12.0;31.0;61.0;23.32;713.4;0.0;52.0;4.0;0.437;24.32;11.4;67.0
1334;2023-02-25 15:00:00;1.59;4.2;6.6;11.1;31.0;50.0;21.1;712.7;0.0;44.0;3.8;0.552;26.22;12.9;76.0
1335;2023-02-25 16:00:00;1.55;3.6;5.8;9.6;32.0;49.0;20.76;712.1;0.0;38.0;3.7;0.473;27.44;12.8;98.0
1336;2023-02-25 17:00:00;1.49;3.1;4.7;8.1;33.0;53.0;17.8;711.7;0.0;32.0;3.5;0.227;28.28;11.8;109.0
1337;2023-02-25 18:00:00;1.49;2.9;5.7;8.8;32.0;43.0;17.9;711.6;0.0;32.0;3.2;0.054;27.94;12.6;116.0
1338;2023-02-25 19:00:00;1.58;2.7;9.3;12.1;26.0;45.0;20.46;711.6;0.0;37.0;3.2;0.006;26.63;9.1;122.0
1339;2023-02-25 20:00:00;1.6;2.7;9.7;12.5;23.0;48.0;21.45;711.9;0.0;41.0;3.1;0.001;25.97;8.1;130.0
1340;2023-02-25 21:00:00;1.61;;8.8;11.7;22.0;47.0;22.71;712.2;0.0;46.0;3.1;0.001;25.3;10.8;120.0
1341;2023-02-25 22:00:00;1.67;2.9;11.2;14.3;17.0;54.0;23.43;712.4;0.0;52.0;3.0;0.001;24.22;12.1;63.0
1342;2023-02-25 23:00:00;1.6;2.8;5.8;8.8;19.0;64.0;18.43;712.5;0.0;61.0;2.9;0.001;23.29;10.8;82.0
1343;2023-02-26 00:00:00;1.61;2.6;6.0;8.7;18.0;53.0;17.81;712.6;0.0;62.0;2.9;0.001;22.83;5.9;91.0
1344;2023-02-26 01:00:00;1.64;2.7;7.5;10.4;15.0;45.0;19.6;712.4;0.0;67.0;;0.001;22.05;5.4;47.0
1345;2023-02-26 02:00:00;1.65;2.7;7.0;9.9;14.0;46.0;18.78;712.2;0.0;72.0;2.8;0.001;21.29;6.8;38.0
1346;2023-02-26 03:00:00;1.65;;6.1;9.0;14.0;49.0;19.56;711.9;0.0;78.0;2.8;0.001;20.38;6.8;54.0
1347;2023-02-26 04:00:00;1.66;;7.0;9.9;12.0;44.0;24.24;711.3;0.0;81.0;2.7;0.001;19.89;6.4;48.0
1348;2023-02-26 05:00:00;1.64;2.8;5.8;8.8;12.0;52.0;24.87;711.1;0.0;83.0;2.7;0.001;19.61;6.5;61.0
1349;2023-02-26 06:00:00;1.62;2.7;5.1;8.0;13.0;50.0;24.24;711.3;0.0;83.0;2.8;0.001;19.47;5.7;45.0
1350;2023-02-26 07:00:00;1.65;3.6;10.3;14.1;8.0;47.0;30.65;711.5;0.0;83.0;2.8;0.001;19.41;5.2;57.0
1351;2023-02-26 08:00:00;1.69;5.3;14.3;19.8;5.0;56.0;33.14;711.8;0.0;83.0;;0.006;19.36;4.7;67.0
1352;2023-02-26 09:00:00;1.72;4.5;11.5;16.2;8.0;65.0;32.78;712.0;0.0;83.0;2.9;0.023;19.43;5.7;73.0
1353;2023-02-26 10:00:00;1.78;6.0;13.2;19.4;8.0;71.0;34.23;712.1;0.0;83.0;2.8;0.049;19.53;5.2;65.0
1354;2023-02-26 11:00:00;1.82;11.2;14.0;25.6;11.0;67.0;35.71;711.9;0.0;78.0;2.9;0.31;20.86;5.9;65.0
1355;2023-02-26 12:00:00;1.81;10.8;15.6;26.7;19.0;62.0;37.54;711.3;0.0;66.0;3.2;0.506;23.05;7.4;89.0
1356;2023-02-26 13:00:00;1.83;6.7;15.2;22.1;32.0;68.0;39.05;710.5;0.0;60.0;3.5;0.619;23.91;8.7;29.0
1357;2023-02-26 14:00:00;1.76;3.8;8.8;12.8;43.0;74.0;33.82;709.4;0.0;58.0;3.9;0.67;24.68;10.5;51.0
1358;2023-02-26 15:00:00;1.73;5.1;11.4;16.7;38.0;64.0;32.1;708.6;0.0;54.0;3.6;0.609;25.84;10.2;42.0
1359;2023-02-26 16:00:00;1.87;3.9;9.0;13.1;40.0;62.0;33.24;707.9;0.0;49.0;3.7;0.478;27.15;9.0;49.0
1360;2023-02-26 17:00:00;1.94;4.0;8.5;12.7;36.0;63.0;28.97;707.5;0.0;45.0;3.7;0.224;27.94;10.4;52.0
1361;2023-02-26 18:00:00;1.81;3.1;6.3;9.6;36.0;55.0;24.23;707.2;0.0;44.0;3.3;0.05;28.12;9.6;116.0
1362;2023-02-26 19:00:00;1.7;2.7;5.6;8.5;31.0;56.0;23.43;707.1;0.0;48.0;3.2;0.01;26.64;11.8;119.0
1363;2023-02-26 20:00:00;1.8;2.9;6.9;10.0;26.0;56.0;23.36;707.2;0.0;50.0;3.0;0.001;26.13;9.9;91.0
1364;2023-02-26 21:00:00;1.71;2.7;6.0;9.0;26.0;49.0;23.72;707.4;0.0;50.0;2.9;0.001;25.94;11.1;117.0
1365;2023-02-26 22:00:00;1.72;2.5;11.3;14.0;21.0;49.0;23.88;707.7;0.0;51.0;2.9;0.001;25.18;5.6;174.0
1366;2023-02-26 23:00:00;1.92;2.7;23.1;26.0;10.0;48.0;28.4;707.9;0.0;55.0;;0.001;23.96;5.3;204.0
1367;2023-02-27 00:00:00;1.9;2.8;21.8;24.9;11.0;65.0;33.05;707.8;0.0;55.0;3.3;0.001;23.62;4.8;206.0
1368;2023-02-27 01:00:00;1.92;3.2;22.2;25.6;8.0;69.0;28.69;707.6;0.0;59.0;3.8;0.001;22.24;2.7;214.0
1369;2023-02-27 02:00:00;1.99;8.5;25.4;34.0;5.0;58.0;30.39;707.5;0.0;63.0;3.6;0.001;21.06;2.6;279.0
1370;2023-02-27 03:00:00;1.94;5.9;23.6;29.7;4.0;60.0;41.11;707.8;0.0;68.0;3.3;0.001;20.85;3.0;303.0
1371;2023-02-27 04:00:00;1.93;3.9;23.2;27.3;5.0;74.0;37.89;707.6;0.0;68.0;3.2;0.001;20.34;3.9;232.0
1372;2023-02-27 05:00:00;1.83;3.2;21.7;25.1;8.0;73.0;33.22;707.6;0.0;62.0;3.3;0.001;20.2;3.1;249.0
1373;2023-02-27 06:00:00;1.77;5.6;22.4;28.2;8.0;77.0;33.01;707.7;0.0;57.0;3.5;0.001;20.39;3.6;253.0
1374;2023-02-27 07:00:00;2.14;36.1;29.7;66.0;4.0;88.0;32.95;708.0;0.0;53.0;3.9;0.001;20.26;3.9;172.0
1375;2023-02-27 08:00:00;2.51;61.7;31.8;93.8;4.0;100.0;34.06;708.3;0.0;35.0;5.5;0.048;22.93;4.1;164.0
1376;2023-02-27 09:00:00;2.34;58.4;32.1;90.8;6.0;163.0;24.0;708.6;0.0;23.0;7.9;0.22;27.92;4.7;139.0
1377;2023-02-27 10:00:00;2.19;24.7;29.4;54.3;12.0;109.0;29.35;709.2;0.0;33.0;5.7;0.224;27.7;9.6;95.0
1378;2023-02-27 11:00:00;2.05;16.8;25.3;42.3;18.0;133.0;33.71;709.4;0.0;41.0;5.7;0.553;27.24;11.3;93.0
1379;2023-02-27 12:00:00;1.8;10.7;21.2;32.2;28.0;146.0;34.93;709.5;0.0;33.0;6.5;0.677;28.01;12.5;87.0
1380;2023-02-27 13:00:00;1.67;6.5;15.0;21.7;38.0;168.0;27.59;709.0;0.0;26.0;5.6;0.738;29.46;11.2;71.0
1381;2023-02-27 14:00:00;1.68;5.7;15.8;21.7;47.0;126.0;23.44;708.3;0.0;22.0;5.2;0.713;31.03;11.3;61.0
1382;2023-02-27 15:00:00;1.68;5.1;17.2;22.4;54.0;102.0;22.02;707.7;0.0;20.0;5.2;0.53;32.03;11.0;38.0
1383;2023-02-27 16:00:00;1.68;4.5;12.8;17.5;52.0;99.0;23.84;707.3;0.0;25.0;4.3;0.498;31.9;15.1;50.0
1384;2023-02-27 17:00:00;1.68;3.9;10.4;14.6;48.0;112.0;25.2;707.3;0.0;28.0;4.2;0.231;31.34;14.6;92.0
1385;2023-02-27 18:00:00;1.64;3.5;9.2;13.0;40.0;102.0;22.92;707.6;0.0;28.0;3.9;0.047;30.11;14.8;107.0
1386;2023-02-27 19:00:00;1.7;3.4;15.4;19.0;30.0;91.0;20.96;708.2;0.0;29.0;3.6;0.01;28.49;12.0;80.0
1387;2023-02-27 20:00:00;1.66;3.1;12.6;15.9;28.0;82.0;19.71;708.8;0.0;30.0;3.4;0.001;27.32;9.7;107.0
1388;2023-02-27 21:00:00;1.61;3.1;10.8;14.1;28.0;71.0;19.44;709.2;0.0;30.0;3.3;0.001;26.57;9.9;108.0
1389;2023-02-27 22:00:00;1.58;2.8;8.1;11.1;30.0;65.0;18.56;709.5;0.0;31.0;3.1;0.001;26.04;7.6;90.0
1390;2023-02-27 23:00:00;1.62;2.8;10.4;13.4;27.0;66.0;19.72;709.6;0.0;33.0;3.1;0.001;25.25;5.8;105.0
1391;2023-02-28 00:00:00;1.58;;7.1;10.0;29.0;68.0;20.37;709.3;0.0;34.0;;0.001;24.85;5.3;97.0
1392;2023-02-28 01:00:00;1.56;2.7;5.8;8.7;31.0;66.0;20.6;709.0;0.0;34.0;3.0;0.001;24.65;6.9;103.0
1393;2023-02-28 02:00:00;1.55;2.6;5.1;7.9;31.0;66.0;19.04;708.8;0.0;36.0;3.1;0.001;24.17;5.4;137.0
1394;2023-02-28 03:00:00;1.66;2.6;15.4;18.2;18.0;63.0;23.3;708.5;0.0;41.0;3.7;0.001;22.05;4.2;237.0
1395;2023-02-28 04:00:00;1.67;3.2;22.2;25.6;14.0;76.0;28.61;708.3;0.0;41.0;6.0;0.001;21.54;5.4;221.0
1396;2023-02-28 05:00:00;1.64;3.0;24.5;27.6;13.0;83.0;30.46;708.2;0.0;41.0;8.0;0.001;21.27;5.2;229.0
1397;2023-02-28 06:00:00;1.67;4.6;27.9;32.6;9.0;100.0;34.12;708.4;0.0;43.0;9.2;0.001;20.55;4.7;230.0
1398;2023-02-28 07:00:00;1.86;22.6;34.9;57.6;4.0;112.0;39.11;708.7;0.0;42.0;11.2;0.001;20.53;7.1;222.0
1399;2023-02-28 08:00:00;2.06;39.1;35.0;74.4;5.0;149.0;34.39;708.8;0.0;40.0;10.3;0.049;21.11;5.0;218.0
1400;2023-02-28 09:00:00;2.13;35.0;35.1;70.3;7.0;129.0;29.12;709.0;0.0;34.0;9.8;0.182;23.46;6.4;233.0
1401;2023-02-28 10:00:00;1.91;15.4;25.1;40.8;21.0;116.0;26.87;709.2;0.0;30.0;7.1;0.221;27.43;4.4;331.0
1402;2023-02-28 11:00:00;1.94;11.3;24.7;36.2;30.0;113.0;27.04;709.0;0.0;28.0;5.5;0.565;28.72;5.1;19.0
1403;2023-02-28 12:00:00;2.01;13.0;33.2;46.5;35.0;108.0;31.74;708.5;0.0;26.0;7.0;0.666;30.07;6.5;32.0
1404;2023-02-28 13:00:00;2.14;10.1;41.7;52.0;52.0;111.0;42.34;707.9;0.0;24.0;8.6;0.688;30.9;8.4;43.0
1405;2023-02-28 14:00:00;1.96;4.8;29.0;34.0;76.0;135.0;38.21;707.0;0.0;23.0;6.0;0.545;31.63;10.1;76.0
1406;2023-02-28 15:00:00;1.97;4.4;26.0;30.6;85.0;127.0;34.0;706.3;0.0;22.0;5.0;0.606;32.6;11.4;56.0
1407;2023-02-28 16:00:00;1.91;3.4;19.7;23.3;104.0;126.0;33.98;705.7;0.0;25.0;6.5;0.513;33.38;12.8;64.0
1408;2023-02-28 17:00:00;1.83;3.0;15.6;18.8;100.0;113.0;29.83;705.4;0.0;23.0;5.5;0.25;33.45;15.8;114.0
1409;2023-02-28 18:00:00;1.73;3.1;13.4;16.7;63.0;100.0;21.4;705.4;0.0;22.0;4.5;0.061;32.51;14.6;115.0
1410;2023-02-28 19:00:00;1.84;3.2;18.7;22.0;46.0;76.0;21.77;705.7;0.0;27.0;4.1;0.011;31.4;9.6;101.0
1411;2023-02-28 20:00:00;1.91;3.2;21.2;24.6;26.0;69.0;23.47;706.1;0.0;31.0;3.8;0.0;30.54;7.3;58.0
1412;2023-02-28 21:00:00;1.87;3.3;19.6;23.0;21.0;61.0;24.24;706.4;0.0;34.0;3.6;0.0;29.7;5.3;64.0
1413;2023-02-28 22:00:00;1.73;2.9;7.7;10.8;30.0;56.0;23.17;706.6;0.0;35.0;3.6;0.001;29.4;7.2;90.0
1414;2023-02-28 23:00:00;2.0;7.2;28.8;36.2;6.0;55.0;32.87;706.5;0.0;43.0;3.4;0.0;27.46;7.1;338.0
1415;2023-03-01 00:00:00;;;;;;;;;;;;;;;
1416;2023-03-01 01:00:00;1.85;3.1;14.6;17.9;9.0;90.0;32.17;706.7;0.0;65.0;3.1;0.0;23.88;6.0;339.0
1417;2023-03-01 02:00:00;1.91;4.6;17.2;22.0;6.0;75.0;34.65;706.6;0.0;68.0;3.2;0.001;23.34;5.1;37.0
1418;2023-03-01 03:00:00;1.86;3.2;16.1;19.5;6.0;75.0;36.01;706.6;0.0;73.0;3.2;0.001;22.31;2.9;59.0
1419;2023-03-01 04:00:00;1.92;5.5;19.8;25.5;3.0;69.0;37.65;706.5;0.0;76.0;;0.001;21.66;2.4;270.0
1420;2023-03-01 05:00:00;1.94;9.2;21.7;31.1;3.0;95.0;40.7;706.4;0.0;74.0;3.1;0.001;21.4;2.2;296.0
1421;2023-03-01 06:00:00;1.93;12.4;21.0;33.6;3.0;80.0;40.64;706.7;0.0;75.0;3.3;0.001;21.05;2.1;323.0
1422;2023-03-01 07:00:00;2.11;25.7;19.8;45.7;;83.0;44.06;706.9;0.0;78.0;3.3;0.001;20.81;2.2;234.0
1423;2023-03-01 08:00:00;2.59;55.6;22.8;78.8;;92.0;36.24;707.1;0.0;74.0;3.4;0.042;21.62;1.9;262.0
1424;2023-03-01 09:00:00;2.45;46.6;35.2;82.1;7.0;120.0;40.73;707.2;0.0;42.0;4.0;0.205;26.23;3.2;22.0
1425;2023-03-01 10:00:00;2.42;35.0;40.9;76.1;13.0;115.0;51.08;707.4;0.0;34.0;4.8;0.192;28.42;4.9;14.0
1426;2023-03-01 11:00:00;2.56;25.8;54.2;80.2;22.0;133.0;67.77;707.4;0.0;30.0;5.2;0.54;30.97;5.4;57.0
1427;2023-03-01 12:00:00;2.87;19.0;76.5;95.7;45.0;158.0;63.01;706.9;0.0;28.0;6.0;0.654;32.77;8.1;59.0
1428;2023-03-01 13:00:00;2.56;7.8;55.7;63.8;78.0;193.0;49.03;706.2;0.0;24.0;7.5;0.714;34.1;8.6;66.0
1429;2023-03-01 14:00:00;2.26;4.6;36.7;41.5;103.0;166.0;26.81;705.4;0.0;20.0;6.4;0.701;35.3;11.1;88.0
1430;2023-03-01 15:00:00;1.86;3.7;17.8;21.7;90.0;136.0;18.79;704.7;0.0;13.0;4.7;0.608;36.75;8.9;79.0
1431;2023-03-01 16:00:00;1.71;3.3;12.4;15.9;81.0;92.0;18.6;704.3;0.0;11.0;3.9;0.4;36.92;9.0;98.0
1432;2023-03-01 17:00:00;1.71;3.3;11.6;15.2;73.0;73.0;18.42;704.1;0.0;15.0;4.1;0.246;36.66;10.5;115.0
1433;2023-03-01 18:00:00;1.73;3.4;12.6;16.1;54.0;77.0;17.9;704.0;0.0;17.0;4.1;0.069;34.9;11.7;133.0
1434;2023-03-01 19:00:00;1.74;3.4;13.0;16.7;41.0;65.0;18.48;704.3;0.0;19.0;3.7;0.011;33.93;11.8;134.0
1435;2023-03-01 20:00:00;1.69;3.2;10.0;13.4;36.0;56.0;22.02;704.6;0.0;20.0;3.5;0.001;33.43;9.5;134.0
1436;2023-03-01 21:00:00;1.89;4.5;24.6;29.3;20.0;54.0;26.42;704.9;0.0;22.0;3.6;0.0;32.38;4.7;53.0
1437;2023-03-01 22:00:00;2.01;11.0;33.1;44.3;10.0;58.0;27.66;705.1;0.0;26.0;3.6;0.0;30.22;2.8;272.0
1438;2023-03-01 23:00:00;2.35;25.4;42.8;68.4;5.0;94.0;31.13;705.2;0.0;28.0;;0.001;29.11;3.6;251.0
1439;2023-03-02 00:00:00;2.29;29.1;40.6;70.0;4.0;83.0;;705.1;0.0;32.0;3.8;0.001;28.05;3.1;287.0
1440;2023-03-02 01:00:00;2.28;38.1;41.1;79.4;4.0;84.0;37.65;704.9;0.0;38.0;3.8;0.001;26.69;2.9;297.0
1441;2023-03-02 02:00:00;2.15;24.2;35.2;59.6;3.0;99.0;38.96;704.6;0.0;48.0;3.5;0.001;25.34;3.7;259.0
1442;2023-03-02 03:00:00;2.15;22.9;34.9;57.9;3.0;105.0;37.86;704.2;0.0;47.0;3.5;0.001;24.87;4.0;284.0
1443;2023-03-02 04:00:00;2.08;33.5;38.3;72.0;4.0;97.0;38.59;704.0;0.0;37.0;4.1;0.001;25.39;5.8;136.0
1444;2023-03-02 05:00:00;1.88;23.2;33.8;57.2;5.0;111.0;28.38;703.9;0.0;26.0;4.9;0.001;26.8;5.4;138.0
1445;2023-03-02 06:00:00;1.62;21.0;24.7;45.9;9.0;95.0;14.38;703.8;0.0;16.0;3.8;0.001;26.92;4.2;205.0
1446;2023-03-02 07:00:00;1.91;50.4;33.6;84.2;5.0;74.0;16.03;703.9;0.0;17.0;4.6;0.001;25.82;4.3;203.0
1447;2023-03-02 08:00:00;1.93;37.6;29.1;66.9;5.0;75.0;15.1;704.0;0.0;15.0;6.3;0.038;26.54;6.6;253.0
1448;2023-03-02 09:00:00;1.83;19.0;24.2;43.3;9.0;89.0;14.11;704.1;0.0;14.0;4.7;0.118;28.18;5.6;298.0
1449;2023-03-02 10:00:00;1.76;15.7;23.9;39.8;13.0;85.0;14.38;704.3;0.0;13.0;5.1;0.189;29.36;8.4;305.0
1450;2023-03-02 11:00:00;1.83;15.0;24.7;40.0;16.0;91.0;15.11;704.0;0.0;12.0;4.4;0.326;30.92;5.8;101.0
1451;2023-03-02 12:00:00;1.82;13.1;23.9;37.2;24.0;72.0;18.75;703.3;0.0;12.0;4.2;0.63;32.13;10.5;105.0
1452;2023-03-02 13:00:00;1.76;7.1;19.4;26.7;40.0;76.0;22.41;702.2;0.0;11.0;3.8;0.729;33.41;12.7;105.0
1453;2023-03-02 14:00:00;1.65;4.5;12.5;17.2;52.0;87.0;19.02;701.0;0.0;9.0;3.4;0.716;34.68;12.2;107.0
1454;2023-03-02 15:00:00;1.64;3.8;10.3;14.3;60.0;83.0;19.32;700.0;0.0;10.0;3.4;0.641;35.06;14.1;106.0
1455;2023-03-02 16:00:00;1.64;4.1;11.6;15.9;54.0;81.0;17.34;699.1;0.0;9.0;3.2;0.479;35.5;15.8;110.0
1456;2023-03-02 17:00:00;1.69;4.2;12.4;16.8;51.0;85.0;17.15;698.7;0.0;11.0;3.4;0.22;34.87;13.7;125.0
1457;2023-03-02 18:00:00;1.77;3.5;13.5;17.2;56.0;69.0;23.54;698.7;0.0;16.0;4.0;0.094;33.49;13.0;126.0
1458;2023-03-02 19:00:00;1.89;3.4;17.4;20.9;46.0;74.0;29.09;699.2;0.0;22.0;4.2;0.017;32.06;10.0;99.0
1459;2023-03-02 20:00:00;2.03;7.0;30.0;37.2;27.0;74.0;31.96;700.1;0.0;26.0;4.0;0.0;30.55;5.0;45.0
1460;2023-03-02 21:00:00;2.62;19.0;50.6;69.8;4.0;76.0;39.53;700.5;0.0;29.0;3.9;0.001;28.91;3.8;223.0
1461;2023-03-02 22:00:00;2.77;37.9;51.8;89.8;4.0;109.0;41.28;701.2;0.0;30.0;3.9;0.001;27.85;4.7;274.0
1462;2023-03-02 23:00:00;2.43;25.9;45.5;71.6;5.0;106.0;38.21;701.8;0.0;24.0;4.2;0.001;28.65;8.2;201.0
1463;2023-03-03 00:00:00;1.69;3.5;13.1;16.7;26.0;107.0;;703.9;0.0;16.0;4.7;0.0;22.17;18.1;58.0
1464;2023-03-03 01:00:00;1.66;3.1;19.9;23.2;20.0;;74.04;704.7;0.0;17.0;5.4;0.001;20.4;10.0;125.0
1465;2023-03-03 02:00:00;1.73;3.1;24.3;27.5;15.0;385.0;61.48;704.7;0.0;17.0;6.5;0.001;20.0;6.6;168.0
1466;2023-03-03 03:00:00;1.79;3.1;26.9;30.2;13.0;305.0;54.72;704.8;0.0;17.0;6.7;0.001;20.1;6.4;127.0
1467;2023-03-03 04:00:00;1.85;3.0;27.1;30.2;17.0;271.0;56.42;705.1;0.0;14.0;7.3;0.001;20.88;8.6;118.0
1468;2023-03-03 05:00:00;1.54;2.9;7.8;10.9;29.0;290.0;60.95;705.9;0.0;18.0;3.3;0.001;19.44;11.9;109.0
1469;2023-03-03 06:00:00;1.51;2.9;6.5;9.7;29.0;302.0;50.13;706.7;0.0;20.0;3.2;0.001;18.11;11.5;98.0
1470;2023-03-03 07:00:00;1.55;3.1;10.3;13.6;27.0;254.0;40.58;707.2;0.0;22.0;3.0;0.001;17.19;11.6;113.0
1471;2023-03-03 08:00:00;1.61;3.8;13.5;17.5;26.0;206.0;30.68;707.8;0.0;22.0;2.8;0.047;16.47;12.5;115.0
1472;2023-03-03 09:00:00;1.62;5.2;12.6;18.0;30.0;164.0;27.16;708.4;0.0;19.0;2.8;0.216;17.64;10.8;110.0
1473;2023-03-03 10:00:00;1.65;7.0;16.2;23.5;33.0;148.0;24.36;708.7;0.0;13.0;3.0;0.177;19.75;7.1;107.0
1474;2023-03-03 11:00:00;1.67;8.4;18.7;27.4;36.0;122.0;26.67;708.7;0.0;10.0;3.5;0.563;21.93;6.2;54.0
1475;2023-03-03 12:00:00;1.79;13.3;29.9;43.3;34.0;126.0;30.89;708.4;0.0;7.0;6.0;0.704;23.72;5.8;33.0
1476;2023-03-03 13:00:00;1.82;10.2;27.6;38.0;41.0;124.0;26.46;707.7;0.0;5.0;5.3;0.755;24.83;6.6;45.0
1477;2023-03-03 14:00:00;1.79;8.3;25.8;34.4;45.0;117.0;21.77;707.0;0.0;3.0;5.8;0.746;26.07;8.4;93.0
1478;2023-03-03 15:00:00;1.67;5.0;16.7;21.8;59.0;102.0;19.9;706.4;0.0;5.0;4.5;0.668;26.11;13.9;57.0
1479;2023-03-03 16:00:00;1.65;3.7;15.2;19.0;74.0;145.0;19.35;706.0;0.0;6.0;7.4;0.527;25.92;13.9;72.0
1480;2023-03-03 17:00:00;1.63;3.4;12.5;16.0;69.0;114.0;20.11;705.8;0.0;8.0;6.1;0.296;25.98;13.6;109.0
1481;2023-03-03 18:00:00;1.62;3.2;11.6;15.0;58.0;111.0;19.48;706.1;0.0;9.0;3.8;0.054;25.11;12.8;115.0
1482;2023-03-03 19:00:00;1.63;3.3;13.4;16.9;50.0;105.0;17.35;706.4;0.0;10.0;3.6;0.012;23.55;11.0;126.0
1483;2023-03-03 20:00:00;1.62;2.7;12.9;15.8;46.0;90.0;16.12;706.8;0.0;11.0;3.2;0.001;22.57;11.8;115.0
1484;2023-03-03 21:00:00;1.58;2.7;10.4;13.3;45.0;84.0;16.69;707.1;0.0;11.0;2.9;0.001;21.95;12.0;110.0
1485;2023-03-03 22:00:00;1.54;2.7;8.0;10.8;44.0;88.0;15.02;707.5;0.0;11.0;2.9;0.001;21.56;11.6;119.0
1486;2023-03-03 23:00:00;1.52;2.6;6.3;9.1;45.0;75.0;14.37;707.7;0.0;11.0;;0.001;21.23;9.5;111.0
1487;2023-03-04 00:00:00;1.51;2.6;5.7;8.5;45.0;74.0;15.51;707.6;0.0;11.0;3.1;0.001;21.03;10.5;118.0
1488;2023-03-04 01:00:00;1.56;2.6;7.2;10.0;41.0;73.0;23.59;707.7;0.0;12.0;3.2;0.001;20.17;6.5;82.0
1489;2023-03-04 02:00:00;1.71;4.8;30.0;35.0;17.0;77.0;33.88;708.0;0.0;17.0;6.0;0.001;18.11;5.7;358.0
1490;2023-03-04 03:00:00;1.83;3.2;31.6;35.0;11.0;110.0;44.33;708.0;0.0;22.0;7.0;0.001;16.3;3.2;309.0
1491;2023-03-04 04:00:00;1.84;8.8;36.6;45.5;6.0;110.0;56.87;708.0;0.0;26.0;10.6;0.001;15.34;2.6;11.0
1492;2023-03-04 05:00:00;2.24;23.3;40.5;64.0;4.0;108.0;42.39;708.2;0.0;30.0;10.0;0.001;14.76;2.7;333.0
1493;2023-03-04 06:00:00;2.79;28.7;40.0;68.9;5.0;94.0;48.17;708.5;0.0;30.0;11.0;0.001;14.19;3.0;267.0
1494;2023-03-04 07:00:00;2.15;18.7;37.6;56.5;4.0;96.0;37.84;708.9;0.0;33.0;8.1;0.001;14.05;3.1;332.0
1495;2023-03-04 08:00:00;1.97;22.3;34.8;57.4;6.0;88.0;29.55;709.4;0.0;36.0;5.3;0.056;15.16;2.6;287.0
1496;2023-03-04 09:00:00;2.27;49.8;41.6;91.6;9.0;88.0;35.46;709.9;0.0;26.0;6.5;0.23;18.65;4.3;334.0
1497;2023-03-04 10:00:00;2.14;29.8;39.0;69.0;17.0;129.0;41.47;710.3;0.0;19.0;7.5;0.157;20.62;5.0;15.0
1498;2023-03-04 11:00:00;2.01;20.2;35.6;56.0;27.0;155.0;61.77;710.6;0.0;13.0;7.0;0.566;23.07;5.1;22.0
1499;2023-03-04 12:00:00;2.06;11.1;31.6;42.9;41.0;174.0;41.88;710.5;0.0;13.0;8.8;0.656;24.42;6.3;48.0
1500;2023-03-04 13:00:00;1.96;9.0;29.5;38.7;42.0;141.0;30.91;710.3;0.0;12.0;5.8;0.6;25.32;7.6;39.0
1501;2023-03-04 14:00:00;1.74;7.0;22.9;30.1;51.0;136.0;27.06;709.8;0.0;12.0;6.5;0.707;26.35;9.7;56.0
1502;2023-03-04 15:00:00;1.79;6.0;22.7;28.9;58.0;119.0;30.91;709.3;0.0;15.0;6.0;0.638;27.07;12.7;61.0
1503;2023-03-04 16:00:00;1.76;3.7;13.9;17.7;71.0;136.0;30.07;708.9;0.0;16.0;9.8;0.505;27.42;15.2;61.0
1504;2023-03-04 17:00:00;1.73;3.6;12.8;16.6;64.0;132.0;29.57;708.9;0.0;15.0;11.8;0.271;27.55;15.1;66.0
1505;2023-03-04 18:00:00;1.69;3.1;10.8;14.1;58.0;121.0;25.1;709.0;0.0;15.0;5.7;0.049;27.19;13.1;79.0
1506;2023-03-04 19:00:00;1.72;2.9;13.6;16.7;54.0;96.0;23.96;709.3;0.0;15.0;4.4;0.011;26.22;9.7;100.0
1507;2023-03-04 20:00:00;1.77;2.8;16.1;19.1;47.0;88.0;25.78;709.7;0.0;18.0;3.9;0.001;25.34;9.6;104.0
1508;2023-03-04 21:00:00;1.69;2.9;8.9;12.1;40.0;85.0;16.94;710.3;0.0;26.0;3.3;0.001;24.07;12.4;103.0
1509;2023-03-04 22:00:00;1.69;2.9;6.7;9.9;39.0;86.0;13.64;710.8;0.0;35.0;3.6;0.001;22.33;13.8;97.0
1510;2023-03-04 23:00:00;1.69;2.9;5.9;9.0;39.0;81.0;11.53;711.2;0.0;39.0;3.3;0.001;20.92;12.0;94.0
1511;2023-03-05 00:00:00;1.72;2.9;8.8;11.9;36.0;60.0;11.39;711.3;0.0;42.0;3.2;0.001;19.73;9.3;55.0
1512;2023-03-05 01:00:00;1.74;3.0;9.1;12.3;35.0;49.0;11.66;711.5;0.0;48.0;3.2;0.001;18.13;8.1;39.0
1513;2023-03-05 02:00:00;1.73;2.9;14.1;17.2;29.0;47.0;13.63;711.4;0.0;54.0;;0.001;17.24;8.2;20.0
1514;2023-03-05 03:00:00;1.76;3.1;22.2;25.5;21.0;47.0;16.47;711.3;0.0;59.0;3.5;0.001;16.49;7.0;20.0
1515;2023-03-05 04:00:00;1.78;3.2;25.1;28.5;16.0;65.0;20.17;711.1;0.0;61.0;3.6;0.001;15.8;4.3;29.0
1516;2023-03-05 05:00:00;1.88;3.0;17.9;21.0;20.0;64.0;18.28;711.1;0.0;65.0;3.5;0.001;15.29;4.1;13.0
1517;2023-03-05 06:00:00;2.11;3.0;13.8;16.9;21.0;57.0;19.18;711.0;0.0;71.0;3.4;0.001;14.65;1.8;2.0
1518;2023-03-05 07:00:00;2.09;3.1;20.9;24.2;13.0;52.0;21.97;711.2;0.0;74.0;3.2;0.001;14.44;3.1;353.0
1519;2023-03-05 08:00:00;2.06;5.1;22.7;28.1;13.0;55.0;25.29;711.5;0.0;72.0;3.3;0.049;14.88;4.7;10.0
1520;2023-03-05 09:00:00;2.12;8.2;20.1;28.6;22.0;61.0;28.45;712.0;0.0;68.0;3.6;0.221;16.9;5.7;19.0
1521;2023-03-05 10:00:00;2.39;7.6;18.6;26.4;33.0;65.0;38.0;712.3;0.0;64.0;4.4;0.172;17.89;6.8;11.0
1522;2023-03-05 11:00:00;2.18;7.3;18.5;26.1;40.0;77.0;46.72;712.4;0.0;59.0;4.8;0.52;19.3;6.9;29.0
1523;2023-03-05 12:00:00;2.11;7.8;21.9;30.0;45.0;85.0;52.72;712.2;0.0;53.0;5.0;0.688;20.86;6.9;38.0
1524;2023-03-05 13:00:00;2.06;9.4;27.3;36.9;44.0;95.0;50.49;711.6;0.0;47.0;6.6;0.737;22.16;8.6;65.0
1525;2023-03-05 14:00:00;1.87;6.7;21.8;28.7;57.0;95.0;37.99;710.8;0.0;38.0;9.1;0.72;23.89;8.9;62.0
1526;2023-03-05 15:00:00;1.9;3.8;15.0;19.0;83.0;78.0;36.42;710.1;0.0;36.0;7.3;0.656;25.27;9.0;42.0
1527;2023-03-05 16:00:00;1.85;3.5;12.3;16.0;73.0;84.0;33.96;709.7;0.0;34.0;7.8;0.517;26.72;9.6;45.0
1528;2023-03-05 17:00:00;1.8;3.5;8.9;12.6;62.0;83.0;23.81;709.5;0.0;30.0;5.7;0.269;27.91;11.4;70.0
1529;2023-03-05 18:00:00;1.75;3.0;6.6;9.9;46.0;92.0;16.22;709.7;0.0;30.0;4.1;0.045;28.0;11.6;99.0
1530;2023-03-05 19:00:00;1.79;2.9;9.1;12.2;36.0;60.0;18.75;709.9;0.0;33.0;3.9;0.011;26.66;10.5;81.0
1531;2023-03-05 20:00:00;1.8;2.8;10.0;13.0;32.0;62.0;18.97;710.0;0.0;34.0;4.0;0.001;25.73;7.7;97.0
1532;2023-03-05 21:00:00;1.8;2.8;10.2;13.3;31.0;53.0;19.83;710.5;0.0;35.0;3.6;0.001;25.15;5.7;91.0
1533;2023-03-05 22:00:00;1.88;2.9;11.4;14.4;26.0;57.0;26.16;710.7;0.0;46.0;3.4;0.001;23.74;5.9;72.0
1534;2023-03-05 23:00:00;1.85;2.9;8.6;11.7;26.0;68.0;20.06;711.0;0.0;60.0;3.3;0.001;22.58;10.5;52.0
1535;2023-03-06 00:00:00;1.88;2.9;8.0;11.1;23.0;60.0;43.57;711.1;0.0;73.0;3.1;0.001;20.91;10.1;44.0
1536;2023-03-06 01:00:00;1.88;2.8;7.4;10.5;21.0;79.0;32.25;711.0;0.0;77.0;2.9;0.001;20.25;6.6;47.0
1537;2023-03-06 02:00:00;1.86;2.8;5.8;8.9;22.0;60.0;28.76;710.9;0.0;79.0;2.9;0.001;19.77;5.7;51.0
1538;2023-03-06 03:00:00;1.83;2.8;5.0;8.0;20.0;54.0;26.48;710.9;0.0;82.0;;0.001;19.34;2.6;37.0
1539;2023-03-06 04:00:00;1.85;2.8;5.8;8.8;17.0;47.0;25.51;710.8;0.0;82.0;;0.001;19.25;2.1;145.0
1540;2023-03-06 05:00:00;1.85;2.8;6.8;9.8;17.0;54.0;27.24;710.9;0.0;79.0;;0.001;19.44;1.8;207.0
1541;2023-03-06 06:00:00;1.89;3.4;16.3;20.0;11.0;57.0;38.07;711.1;0.0;73.0;3.1;0.001;19.2;3.7;223.0
1542;2023-03-06 07:00:00;2.1;20.2;28.0;48.4;4.0;80.0;57.57;711.3;0.0;70.0;3.7;0.001;18.67;5.2;231.0
1543;2023-03-06 08:00:00;2.31;32.9;33.1;66.3;5.0;124.0;57.13;711.7;0.0;60.0;7.4;0.029;18.92;6.5;215.0
1544;2023-03-06 09:00:00;2.25;26.8;33.4;60.5;8.0;146.0;52.69;711.9;0.0;54.0;11.2;0.149;20.36;7.4;227.0
1545;2023-03-06 10:00:00;2.25;16.5;23.7;40.4;15.0;150.0;51.27;712.1;0.0;58.0;7.1;0.268;23.39;4.5;350.0
1546;2023-03-06 11:00:00;2.34;13.6;23.7;37.4;22.0;159.0;56.74;712.1;0.0;60.0;5.0;0.502;23.65;6.3;4.0
1547;2023-03-06 12:00:00;2.56;12.0;28.4;40.5;31.0;167.0;61.43;711.9;0.0;54.0;4.8;0.665;25.11;6.0;6.0
1548;2023-03-06 13:00:00;2.52;9.6;32.6;42.4;46.0;115.0;62.52;711.3;0.0;46.0;5.0;0.711;26.54;7.9;28.0
1549;2023-03-06 14:00:00;2.19;7.2;31.2;38.6;60.0;118.0;58.59;710.6;0.0;40.0;6.4;0.7;27.8;8.9;52.0
1550;2023-03-06 15:00:00;2.1;5.3;26.3;31.9;75.0;118.0;54.09;710.0;0.0;39.0;6.8;0.633;28.75;9.1;47.0
1551;2023-03-06 16:00:00;2.07;3.4;17.2;20.8;101.0;110.0;52.41;709.7;0.0;39.0;7.2;0.49;29.4;8.9;72.0
1552;2023-03-06 17:00:00;1.98;3.6;13.8;17.6;70.0;101.0;40.22;709.5;0.0;37.0;5.4;0.257;29.61;11.1;51.0
1553;2023-03-06 18:00:00;1.98;3.5;14.4;18.1;56.0;89.0;34.12;709.6;0.0;37.0;4.3;0.053;29.74;10.6;68.0
1554;2023-03-06 19:00:00;2.01;3.2;17.5;20.8;40.0;81.0;29.55;709.8;0.0;37.0;3.8;0.012;28.8;7.6;106.0
1555;2023-03-06 20:00:00;2.03;3.2;19.5;22.8;28.0;65.0;30.51;710.0;0.0;41.0;3.6;0.001;27.72;9.4;89.0
1556;2023-03-06 21:00:00;1.96;3.3;16.2;19.6;23.0;72.0;31.76;710.5;0.0;45.0;3.4;0.001;26.77;8.6;81.0
1557;2023-03-06 22:00:00;1.89;3.1;11.9;15.1;27.0;70.0;30.78;710.7;0.0;46.0;3.5;0.001;26.34;6.6;94.0
1558;2023-03-06 23:00:00;1.9;3.1;10.5;13.8;19.0;66.0;31.0;710.6;0.0;56.0;3.4;0.001;24.61;9.3;59.0
1559;2023-03-07 00:00:00;1.87;3.0;8.2;11.4;17.0;71.0;30.42;710.5;0.0;63.0;3.2;0.001;23.4;9.3;55.0
1560;2023-03-07 01:00:00;1.87;2.8;7.8;10.8;16.0;65.0;30.84;710.2;0.0;68.0;3.1;0.0;22.4;6.8;48.0
1561;2023-03-07 02:00:00;1.87;3.6;11.6;15.4;10.0;60.0;33.27;710.1;0.0;75.0;2.9;0.001;21.29;7.4;29.0
1562;2023-03-07 03:00:00;1.88;8.1;20.6;28.9;4.0;64.0;40.88;710.1;0.0;79.0;3.0;0.001;20.78;4.1;33.0
1563;2023-03-07 04:00:00;1.96;3.5;15.6;19.3;7.0;79.0;47.54;710.0;0.0;79.0;3.0;0.001;20.76;2.6;8.0
1564;2023-03-07 05:00:00;2.09;2.9;11.4;14.5;10.0;84.0;46.53;709.9;0.0;78.0;;0.001;20.69;2.2;272.0
1565;2023-03-07 06:00:00;2.1;3.3;13.7;17.1;9.0;79.0;47.37;710.1;0.0;77.0;;0.001;20.91;3.3;25.0
1566;2023-03-07 07:00:00;2.07;5.8;15.7;21.8;7.0;78.0;47.97;710.3;0.0;75.0;3.1;0.001;20.87;3.8;348.0
1567;2023-03-07 08:00:00;2.19;19.7;21.2;41.1;4.0;84.0;45.17;710.7;0.0;72.0;3.2;0.024;20.88;4.5;239.0
1568;2023-03-07 09:00:00;2.31;26.9;23.4;50.5;7.0;87.0;51.15;711.1;0.0;69.0;3.4;0.098;21.47;5.1;257.0
1569;2023-03-07 10:00:00;2.16;15.1;18.4;33.8;12.0;112.0;54.8;711.3;0.0;67.0;3.3;0.221;22.96;6.0;348.0
1570;2023-03-07 11:00:00;2.26;18.4;24.5;43.1;16.0;124.0;61.6;711.4;0.0;63.0;3.2;0.431;24.07;7.7;25.0
1571;2023-03-07 12:00:00;2.54;19.1;32.0;51.3;22.0;139.0;69.06;711.1;0.0;60.0;3.3;0.618;24.81;9.3;56.0
1572;2023-03-07 13:00:00;2.29;12.7;32.9;45.8;36.0;141.0;74.31;710.6;0.0;56.0;3.9;0.69;25.86;10.1;66.0
1573;2023-03-07 14:00:00;2.19;4.8;22.5;27.6;75.0;136.0;72.23;709.8;0.0;52.0;4.7;0.676;27.11;10.4;59.0
1574;2023-03-07 15:00:00;2.12;3.8;17.5;21.5;87.0;120.0;70.18;709.1;0.0;48.0;5.0;0.605;28.34;12.8;51.0
1575;2023-03-07 16:00:00;2.02;3.7;12.9;16.8;70.0;122.0;56.19;708.7;0.0;43.0;4.9;0.476;29.73;12.2;57.0
1576;2023-03-07 17:00:00;1.94;4.1;11.0;15.4;46.0;96.0;45.81;708.5;0.0;37.0;4.3;0.258;30.37;12.5;70.0
1577;2023-03-07 18:00:00;1.96;3.9;11.8;15.9;36.0;82.0;43.91;708.6;0.0;38.0;3.8;0.059;30.13;11.3;76.0
1578;2023-03-07 19:00:00;1.98;3.2;13.6;17.0;37.0;82.0;43.56;708.9;0.0;40.0;3.5;0.012;29.05;10.3;110.0
1579;2023-03-07 20:00:00;1.94;2.9;12.8;15.9;32.0;77.0;43.3;709.1;0.0;41.0;3.3;0.001;28.24;8.5;115.0
1580;2023-03-07 21:00:00;1.91;3.0;12.0;15.2;27.0;71.0;41.98;709.5;0.0;42.0;3.3;0.001;27.59;9.9;96.0
1581;2023-03-07 22:00:00;1.85;3.2;8.8;12.2;16.0;69.0;32.53;709.9;0.0;54.0;3.2;0.001;25.45;12.7;67.0
1582;2023-03-07 23:00:00;1.89;3.1;10.8;14.2;13.0;73.0;33.54;710.1;0.0;56.0;3.2;0.001;24.76;7.7;62.0
1583;2023-03-08 00:00:00;1.85;2.9;9.0;12.1;13.0;64.0;31.16;710.1;0.0;59.0;3.0;0.0;23.65;9.3;35.0
1584;2023-03-08 01:00:00;1.84;3.4;9.9;13.5;12.0;54.0;29.92;710.2;0.0;62.0;3.0;0.0;22.61;8.4;40.0
1585;2023-03-08 02:00:00;1.82;6.1;16.3;22.7;6.0;54.0;30.37;710.3;0.0;68.0;3.1;0.0;21.25;8.5;34.0
1586;2023-03-08 03:00:00;1.81;7.7;17.3;25.2;5.0;56.0;27.75;710.0;0.0;72.0;3.3;0.0;20.37;6.8;24.0
1587;2023-03-08 04:00:00;1.83;7.9;17.7;25.9;4.0;51.0;30.76;709.8;0.0;74.0;3.4;0.001;19.84;4.8;33.0
1588;2023-03-08 05:00:00;1.84;5.2;16.0;21.4;4.0;57.0;31.37;709.9;0.0;76.0;3.5;0.001;19.38;4.7;49.0
1589;2023-03-08 06:00:00;1.9;5.5;16.5;22.2;4.0;55.0;32.0;710.1;0.0;77.0;3.6;0.001;19.04;2.7;42.0
1590;2023-03-08 07:00:00;2.13;13.7;18.5;32.5;3.0;62.0;34.74;710.4;0.0;78.0;3.6;0.002;18.89;3.2;12.0
1591;2023-03-08 08:00:00;2.17;22.5;19.1;41.8;4.0;67.0;34.45;710.9;0.0;78.0;;0.038;19.08;3.6;20.0
1592;2023-03-08 09:00:00;2.33;26.8;20.9;47.9;5.0;67.0;42.21;711.2;0.0;75.0;3.7;0.101;19.84;4.5;18.0
1593;2023-03-08 10:00:00;2.36;23.1;22.4;45.7;7.0;81.0;59.33;711.5;0.0;73.0;3.8;0.157;20.51;5.4;35.0
1594;2023-03-08 11:00:00;2.34;33.8;25.5;59.4;6.0;99.0;61.56;711.7;0.0;73.0;3.8;0.141;20.53;8.9;64.0
1595;2023-03-08 12:00:00;2.2;22.4;28.5;51.0;11.0;116.0;66.21;711.8;0.0;72.0;3.5;0.227;20.73;9.1;56.0
1596;2023-03-08 13:00:00;2.15;15.9;29.3;45.3;19.0;123.0;70.43;711.5;0.0;69.0;3.8;0.337;21.57;9.4;32.0
1597;2023-03-08 14:00:00;2.2;7.9;23.3;31.4;39.0;121.0;70.59;711.0;0.0;64.0;4.2;0.436;22.94;8.7;15.0
1598;2023-03-08 15:00:00;2.2;7.8;31.1;39.1;52.0;120.0;73.5;710.4;0.0;58.0;4.0;0.519;24.61;7.7;31.0
1599;2023-03-08 16:00:00;2.03;4.7;16.1;20.9;57.0;121.0;53.81;709.8;0.0;49.0;4.7;0.459;27.2;9.9;47.0
1600;2023-03-08 17:00:00;1.9;3.9;8.7;12.9;42.0;85.0;40.91;709.6;0.0;42.0;4.4;0.257;28.31;10.5;102.0
1601;2023-03-08 18:00:00;1.96;4.3;12.3;16.8;30.0;74.0;41.39;709.6;0.0;44.0;3.8;0.069;28.01;11.4;65.0
1602;2023-03-08 19:00:00;2.05;3.9;17.3;21.4;23.0;72.0;44.27;709.8;0.0;46.0;3.6;0.014;27.38;9.3;71.0
1603;2023-03-08 20:00:00;2.06;3.5;17.7;21.4;21.0;76.0;43.51;709.7;0.0;45.0;3.6;0.001;27.21;5.7;104.0
1604;2023-03-08 21:00:00;1.99;4.6;17.2;22.0;16.0;71.0;40.78;710.2;0.0;44.0;3.7;0.001;26.39;10.7;73.0
1605;2023-03-08 22:00:00;1.82;3.2;7.4;10.9;22.0;88.0;30.68;710.8;0.0;47.0;3.5;0.001;24.99;13.3;85.0
1606;2023-03-08 23:00:00;1.89;3.2;10.5;14.0;17.0;64.0;30.01;711.1;0.0;56.0;3.3;0.001;23.34;10.7;58.0
1607;2023-03-09 00:00:00;1.89;3.1;11.3;14.6;16.0;56.0;29.8;711.1;0.0;59.0;3.5;0.001;22.12;11.1;41.0
1608;2023-03-09 01:00:00;1.84;3.0;8.6;11.8;18.0;52.0;28.15;711.2;0.0;62.0;3.4;0.001;21.17;9.4;50.0
1609;2023-03-09 02:00:00;1.83;2.9;6.3;9.4;19.0;48.0;32.17;710.9;0.0;65.0;3.5;0.001;20.52;8.1;57.0
1610;2023-03-09 03:00:00;1.79;2.9;3.8;6.8;20.0;53.0;28.55;710.6;0.0;68.0;3.5;0.001;19.76;6.2;26.0
1611;2023-03-09 04:00:00;1.8;2.9;5.4;8.5;18.0;41.0;27.06;710.5;0.0;72.0;3.4;0.0;19.23;6.5;14.0
1612;2023-03-09 05:00:00;1.82;3.3;12.3;15.8;11.0;39.0;31.98;710.3;0.0;77.0;3.1;0.001;18.73;5.8;37.0
1613;2023-03-09 06:00:00;;;;;;;;;;;;;;;
1614;2023-03-09 07:00:00;;;;;;;;;;;;;;;
1615;2023-03-09 08:00:00;;;;;;;;;;;;;;;
1616;2023-03-09 09:00:00;;;;;;;;;;;;;;;
1617;2023-03-09 10:00:00;;;;;;;;;;;;;;;
1618;2023-03-09 11:00:00;;;;;;;;;;;;;;;
1619;2023-03-09 12:00:00;;;;;;;;;;;;;;;
1620;2023-03-09 13:00:00;;;;;;;;;;;;;;;
1621;2023-03-09 14:00:00;;;;;;;;;;;;;;;
1622;2023-03-09 15:00:00;;;;;;;;;;;;;;;
1623;2023-03-09 16:00:00;;;;;;;;;;;;;;;
1624;2023-03-09 17:00:00;;;;;;;;;;;;;;;
1625;2023-03-09 18:00:00;0.83;11.0;0.7;11.8;11.0;115.0;;;0.0;17.0;2.2;0.018;10.99;3.3;65.0
1626;2023-03-09 19:00:00;2.08;3.0;20.1;23.0;28.0;86.0;42.19;709.5;0.0;42.0;3.3;0.016;27.11;7.8;83.0
1627;2023-03-09 20:00:00;2.06;3.7;25.8;29.7;17.0;78.0;43.46;709.8;0.0;43.0;2.8;0.001;26.57;6.2;66.0
1628;2023-03-09 21:00:00;2.33;6.4;39.8;46.5;6.0;68.0;50.7;710.3;0.0;45.0;2.8;0.0;26.04;4.7;49.0
1629;2023-03-09 22:00:00;1.99;4.1;21.1;25.4;11.0;84.0;41.64;710.8;0.0;51.0;2.6;0.001;25.02;9.5;74.0
1630;2023-03-09 23:00:00;1.81;2.5;7.3;10.0;18.0;76.0;29.67;711.3;0.0;58.0;2.7;0.001;23.92;10.0;71.0
1631;2023-03-10 00:00:00;1.81;2.4;7.8;10.4;15.0;48.0;25.93;711.4;0.0;65.0;2.5;0.001;22.3;10.3;46.0
1632;2023-03-10 01:00:00;1.78;2.3;7.0;9.6;15.0;50.0;24.78;711.4;0.0;67.0;2.6;0.001;21.55;9.0;45.0
1633;2023-03-10 02:00:00;1.72;2.4;7.0;9.6;15.0;42.0;25.87;711.4;0.0;70.0;2.6;0.001;20.74;9.5;47.0
1634;2023-03-10 03:00:00;1.68;2.3;7.1;9.6;;45.0;23.7;711.5;0.0;71.0;2.5;0.001;20.28;5.5;44.0
1635;2023-03-10 04:00:00;1.68;4.3;15.6;20.1;8.0;41.0;26.46;711.4;0.0;71.0;2.7;0.001;20.05;4.2;60.0
1636;2023-03-10 05:00:00;1.69;7.1;19.4;26.8;4.0;49.0;30.91;711.5;0.0;72.0;2.9;0.001;19.88;2.4;41.0
1637;2023-03-10 06:00:00;1.69;2.5;9.6;12.2;10.0;53.0;30.31;711.6;0.0;73.0;3.0;0.001;19.49;1.9;259.0
1638;2023-03-10 07:00:00;1.87;13.2;17.7;31.2;4.0;47.0;33.05;711.9;0.0;74.0;3.2;0.002;19.51;2.7;244.0
1639;2023-03-10 08:00:00;2.03;26.1;19.8;46.1;4.0;66.0;34.77;712.3;0.0;72.0;3.2;0.035;20.15;2.2;227.0
1640;2023-03-10 09:00:00;2.06;26.8;22.1;49.1;6.0;70.0;39.24;712.7;0.0;66.0;3.4;0.162;21.87;4.3;359.0
1641;2023-03-10 10:00:00;2.41;37.6;34.7;72.5;9.0;84.0;49.63;712.7;0.0;61.0;4.2;0.21;23.23;6.0;51.0
1642;2023-03-10 11:00:00;2.43;30.7;39.3;70.2;15.0;114.0;57.81;712.7;0.0;57.0;4.5;0.303;24.28;8.2;63.0
1643;2023-03-10 12:00:00;1.92;14.9;28.2;43.3;26.0;135.0;51.68;712.4;0.0;53.0;5.0;0.626;25.33;8.9;50.0
1644;2023-03-10 13:00:00;1.77;7.5;20.1;27.9;33.0;113.0;42.74;711.9;0.0;49.0;4.9;0.532;26.49;9.9;37.0
1645;2023-03-10 14:00:00;1.73;3.5;13.2;16.9;48.0;95.0;39.52;711.5;0.0;46.0;4.6;0.28;26.66;11.9;63.0
1646;2023-03-10 15:00:00;1.69;2.8;11.2;14.3;50.0;83.0;42.76;711.0;0.0;45.0;8.8;0.231;26.97;12.6;75.0
1647;2023-03-10 16:00:00;1.68;3.1;10.1;13.5;35.0;84.0;40.24;710.5;0.0;45.0;9.2;0.2;27.22;11.5;96.0
1648;2023-03-10 17:00:00;1.65;3.5;7.7;11.5;30.0;70.0;33.14;710.3;0.0;44.0;6.2;0.26;27.48;12.0;126.0
1649;2023-03-10 18:00:00;1.65;3.0;8.2;11.4;26.0;63.0;32.97;710.1;0.0;46.0;4.6;0.088;26.69;13.9;125.0
1650;2023-03-10 19:00:00;1.68;2.9;10.2;13.3;23.0;62.0;30.96;710.4;0.0;48.0;3.9;0.017;25.67;12.4;123.0
1651;2023-03-10 20:00:00;1.7;2.5;10.6;13.3;22.0;58.0;31.86;710.3;0.0;51.0;3.5;0.001;24.81;9.9;117.0
1652;2023-03-10 21:00:00;1.69;2.4;10.3;12.9;22.0;55.0;33.71;710.4;0.0;53.0;3.4;0.001;24.53;9.6;117.0
1653;2023-03-10 22:00:00;1.66;2.3;9.0;11.6;21.0;53.0;32.46;710.3;0.0;52.0;3.3;0.001;24.42;7.2;106.0
1654;2023-03-10 23:00:00;1.77;2.7;14.6;17.5;16.0;51.0;34.82;710.1;0.0;54.0;3.1;0.001;23.94;5.5;68.0
1655;2023-03-11 00:00:00;1.81;2.6;15.6;18.3;12.0;52.0;39.8;709.7;0.0;57.0;3.1;0.001;22.9;5.0;68.0
1656;2023-03-11 01:00:00;1.8;2.4;13.9;16.4;11.0;69.0;37.37;709.3;0.0;60.0;3.0;0.001;22.09;2.3;164.0
1657;2023-03-11 02:00:00;1.8;6.1;17.3;23.7;7.0;59.0;36.74;709.0;0.0;63.0;3.0;0.001;21.55;2.1;267.0
1658;2023-03-11 03:00:00;1.82;3.8;16.3;20.2;7.0;55.0;41.39;708.9;0.0;66.0;2.8;0.001;21.3;4.8;50.0
1659;2023-03-11 04:00:00;1.76;2.4;11.6;14.2;9.0;61.0;47.88;708.7;0.0;71.0;2.7;0.001;20.31;2.6;34.0
1660;2023-03-11 05:00:00;1.78;3.0;16.3;19.5;5.0;66.0;46.13;708.6;0.0;73.0;2.8;0.001;19.72;1.8;270.0
1661;2023-03-11 06:00:00;1.81;5.8;18.4;24.5;3.0;67.0;47.99;708.7;0.0;74.0;2.8;0.001;19.5;2.0;286.0
1662;2023-03-11 07:00:00;1.92;15.7;19.2;35.2;3.0;71.0;49.12;708.9;0.0;74.0;2.9;0.002;19.24;1.9;273.0
1663;2023-03-11 08:00:00;2.04;29.3;19.9;49.4;4.0;76.0;49.11;709.1;0.0;73.0;3.0;0.054;19.96;2.0;290.0
1664;2023-03-11 09:00:00;2.14;28.3;23.0;51.6;7.0;77.0;53.11;709.2;0.0;60.0;3.1;0.202;23.09;3.5;358.0
1665;2023-03-11 10:00:00;2.08;16.9;22.9;39.9;15.0;98.0;60.34;709.1;0.0;55.0;3.4;0.2;24.4;4.7;24.0
1666;2023-03-11 11:00:00;2.25;16.9;31.4;48.4;22.0;120.0;63.94;709.0;0.0;48.0;4.3;0.251;26.16;6.0;28.0
1667;2023-03-11 12:00:00;2.28;17.9;43.1;61.3;28.0;108.0;73.17;708.5;0.0;43.0;5.1;0.626;27.8;6.6;30.0
1668;2023-03-11 13:00:00;2.25;14.1;45.2;59.6;39.0;129.0;76.0;707.7;0.0;37.0;8.0;0.683;29.59;7.9;60.0
1669;2023-03-11 14:00:00;2.08;5.2;27.5;32.9;71.0;134.0;64.33;706.8;0.0;33.0;7.2;0.681;31.02;10.4;78.0
1670;2023-03-11 15:00:00;1.97;3.0;17.3;20.4;88.0;112.0;56.93;706.0;0.0;32.0;5.2;0.589;31.63;11.5;83.0
1671;2023-03-11 16:00:00;1.87;2.7;12.7;15.5;79.0;94.0;50.06;705.6;0.0;32.0;4.4;0.434;31.72;12.7;104.0
1672;2023-03-11 17:00:00;1.81;2.6;11.5;14.3;62.0;82.0;44.22;705.4;0.0;32.0;3.9;0.148;31.56;9.8;113.0
1673;2023-03-11 18:00:00;1.78;2.6;11.1;14.0;51.0;70.0;41.0;705.4;0.0;33.0;3.5;0.067;30.46;12.6;98.0
1674;2023-03-11 19:00:00;1.79;2.4;12.9;15.5;46.0;66.0;40.17;706.2;0.0;34.0;3.3;0.019;29.38;10.5;54.0
1675;2023-03-11 20:00:00;2.01;2.4;20.8;23.3;33.0;68.0;49.66;706.5;0.0;41.0;3.1;0.0;27.95;4.9;54.0
1676;2023-03-11 21:00:00;1.82;2.3;10.4;13.0;34.0;77.0;45.06;706.8;0.0;41.0;3.1;0.001;27.74;8.8;80.0
1677;2023-03-11 22:00:00;2.01;2.4;21.8;24.3;21.0;63.0;44.92;707.0;0.0;42.0;3.0;0.0;26.32;2.9;205.0
1678;2023-03-11 23:00:00;2.21;3.2;31.5;34.9;11.0;60.0;50.78;706.9;0.0;45.0;2.9;0.001;25.49;3.9;238.0
1679;2023-03-12 00:00:00;2.22;3.2;32.8;36.2;11.0;72.0;54.76;706.9;0.0;46.0;2.9;0.001;24.8;3.9;241.0
1680;2023-03-12 01:00:00;2.26;4.2;39.4;43.8;6.0;77.0;59.46;706.9;0.0;47.0;3.0;0.001;24.23;3.7;228.0
1681;2023-03-12 02:00:00;2.22;5.6;37.6;43.4;7.0;89.0;55.05;706.8;0.0;46.0;3.1;0.001;23.64;3.7;262.0
1682;2023-03-12 03:00:00;2.33;11.4;36.2;47.9;8.0;94.0;57.92;706.5;0.0;44.0;3.3;0.001;23.49;4.1;212.0
1683;2023-03-12 04:00:00;1.76;2.4;18.0;20.5;21.0;107.0;41.03;706.1;0.0;32.0;4.7;0.001;23.91;5.1;224.0
1684;2023-03-12 05:00:00;1.67;2.4;13.7;16.3;22.0;111.0;33.96;706.0;0.0;30.0;5.5;0.001;23.35;4.5;240.0
1685;2023-03-12 06:00:00;1.65;2.4;14.7;17.2;19.0;85.0;30.73;706.4;0.0;28.0;5.5;0.001;22.91;4.8;190.0
1686;2023-03-12 07:00:00;1.73;3.9;22.8;26.8;10.0;75.0;30.66;706.7;0.0;31.0;5.1;0.002;21.5;3.4;265.0
1687;2023-03-12 08:00:00;2.14;19.9;29.3;49.3;6.0;86.0;41.79;707.0;0.0;35.0;4.6;0.081;22.69;3.9;299.0
1688;2023-03-12 09:00:00;2.15;20.4;28.2;48.7;13.0;109.0;43.1;707.7;0.0;27.0;4.9;0.255;26.36;3.7;342.0
1689;2023-03-12 10:00:00;1.78;10.4;20.7;31.4;22.0;109.0;26.6;708.2;0.0;15.0;5.4;0.179;30.4;4.9;125.0
1690;2023-03-12 11:00:00;;;;;;;17.61;;;;;;;;
1691;2023-03-12 12:00:00;;;;;;;;;;;;;;;
1692;2023-03-12 13:00:00;0.27;20.3;0.4;20.7;1.0;114.0;;;0.0;3.0;0.9;0.137;5.94;2.4;27.0
1693;2023-03-12 14:00:00;1.64;6.2;6.0;12.5;41.0;;17.33;707.5;0.0;15.0;5.2;0.728;32.33;14.4;54.0
1694;2023-03-12 15:00:00;1.45;3.6;7.4;11.3;44.0;53.0;16.25;707.0;0.0;15.0;4.3;0.655;32.83;10.8;40.0
1695;2023-03-12 16:00:00;1.5;3.0;6.4;9.6;47.0;41.0;17.29;706.6;0.0;15.0;3.8;0.518;33.45;9.0;24.0
1696;2023-03-12 17:00:00;1.53;3.1;8.7;12.1;48.0;42.0;18.67;706.3;0.0;14.0;4.3;0.223;33.78;7.1;37.0
1697;2023-03-12 18:00:00;1.57;3.9;10.6;14.7;51.0;47.0;19.52;706.5;0.0;14.0;3.9;0.055;33.55;8.4;65.0
1698;2023-03-12 19:00:00;1.61;2.4;8.0;10.6;41.0;49.0;17.25;707.0;0.0;16.0;3.4;0.013;31.77;12.8;86.0
1699;2023-03-12 20:00:00;1.64;2.3;9.2;11.7;37.0;53.0;15.28;707.8;0.0;17.0;3.1;0.0;30.63;10.8;106.0
1700;2023-03-12 21:00:00;1.76;2.3;13.9;16.4;32.0;39.0;18.55;708.6;0.0;19.0;3.4;0.0;29.69;6.8;108.0
1701;2023-03-12 22:00:00;1.74;;12.8;15.3;31.0;42.0;17.71;709.1;0.0;20.0;3.3;0.001;28.87;5.9;120.0
1702;2023-03-12 23:00:00;1.79;2.4;14.2;16.8;28.0;43.0;16.93;709.5;0.0;20.0;3.4;0.001;27.97;6.4;106.0
1703;2023-03-13 00:00:00;1.68;2.4;11.0;13.6;30.0;41.0;15.91;710.1;0.0;22.0;3.3;0.001;27.28;12.4;67.0
1704;2023-03-13 01:00:00;1.76;2.3;4.0;6.5;31.0;60.0;29.45;710.6;0.0;41.0;3.2;0.001;25.59;17.0;102.0
1705;2023-03-13 02:00:00;1.79;2.3;3.6;6.2;33.0;107.0;27.37;711.1;0.0;48.0;3.4;0.001;23.94;16.8;82.0
1706;2023-03-13 03:00:00;1.81;2.3;3.6;6.1;33.0;61.0;26.15;711.2;0.0;53.0;3.8;0.001;22.62;16.7;69.0
1707;2023-03-13 04:00:00;1.82;2.3;3.3;5.9;37.0;61.0;22.95;711.3;0.0;55.0;3.6;0.001;21.54;17.3;64.0
1708;2023-03-13 05:00:00;1.83;2.3;5.4;7.9;33.0;56.0;21.29;711.6;0.0;58.0;3.4;0.001;20.79;14.6;54.0
1709;2023-03-13 06:00:00;1.86;2.3;5.5;8.1;31.0;47.0;19.89;712.0;0.0;64.0;3.1;0.001;19.79;14.8;65.0
1710;2023-03-13 07:00:00;1.91;2.6;8.5;11.2;26.0;44.0;19.6;712.3;0.0;70.0;3.1;0.001;18.88;8.5;89.0
1711;2023-03-13 08:00:00;;;;;;;;;;;;;;;
1712;2023-03-13 09:00:00;;;;;;;;;;;;;;;
1713;2023-03-13 10:00:00;;;;;;;;;;;;;;;
1714;2023-03-13 11:00:00;;;;;;;;;;;;;;;
1715;2023-03-13 12:00:00;;;;;;;;;;;;;;;
1716;2023-03-13 13:00:00;;;;;;;;;;;;;;;
1717;2023-03-13 14:00:00;;;;;;;;;;;;;;;
1718;2023-03-13 15:00:00;;;;;;;;;;;;;;;
1719;2023-03-13 16:00:00;;;;;;;;;;;;;;;
1720;2023-03-13 17:00:00;;;;;;;;;;;;;;;
1721;2023-03-13 18:00:00;0.44;0.6;2.3;3.0;5.0;8.0;;;0.0;13.0;0.6;0.003;4.08;2.2;111.0
1722;2023-03-13 19:00:00;1.99;2.7;11.0;13.9;23.0;36.0;;711.5;0.0;61.0;2.7;0.003;19.15;10.6;123.0
1723;2023-03-13 20:00:00;1.97;2.5;11.0;13.7;23.0;34.0;;711.4;0.0;64.0;2.6;0.001;18.73;13.4;125.0
1724;2023-03-13 21:00:00;1.93;2.3;8.1;10.6;27.0;42.0;19.23;711.8;0.0;62.0;2.6;0.001;19.19;13.7;121.0
1725;2023-03-13 22:00:00;1.94;2.2;9.6;12.0;28.0;38.0;19.74;712.2;0.0;56.0;2.7;0.001;20.09;11.2;83.0
1726;2023-03-13 23:00:00;1.93;2.2;8.3;10.8;28.0;47.0;20.78;712.3;0.0;60.0;2.8;0.001;19.14;18.2;68.0
1727;2023-03-14 00:00:00;1.89;2.2;7.6;10.0;27.0;58.0;17.83;712.8;0.0;66.0;2.7;0.001;17.02;19.0;60.0
1728;2023-03-14 01:00:00;1.9;2.3;8.4;10.9;25.0;59.0;17.74;713.0;0.0;78.0;2.6;0.001;14.91;14.5;50.0
1729;2023-03-14 02:00:00;1.9;2.2;7.7;10.1;26.0;35.0;29.99;713.0;0.0;83.0;2.5;0.001;13.89;12.7;44.0
1730;2023-03-14 03:00:00;1.9;2.2;4.7;7.1;26.0;38.0;24.1;712.8;0.0;84.0;2.5;0.001;13.81;8.5;62.0
1731;2023-03-14 04:00:00;1.92;2.2;5.0;7.4;23.0;29.0;18.0;712.3;0.0;85.0;;0.001;14.02;5.6;49.0
1732;2023-03-14 05:00:00;1.91;2.2;4.6;7.0;21.0;30.0;15.55;712.1;0.0;85.0;;0.001;14.22;2.9;
1733;2023-03-14 06:00:00;1.91;2.3;4.9;7.4;22.0;26.0;3.62;712.5;0.0;84.0;2.6;0.001;14.56;5.2;51.0
1734;2023-03-14 07:00:00;2.0;4.7;20.2;25.1;9.0;23.0;12.09;713.0;0.0;83.0;2.5;0.002;14.79;4.4;22.0
1735;2023-03-14 08:00:00;2.17;6.9;20.7;27.8;9.0;25.0;9.02;713.5;0.0;83.0;2.5;0.017;14.82;5.8;51.0
1736;2023-03-14 09:00:00;2.23;8.5;23.2;31.9;8.0;24.0;9.96;714.4;0.0;83.0;;0.031;14.78;3.9;71.0
1737;2023-03-14 10:00:00;2.23;9.3;22.5;32.1;10.0;25.0;14.66;714.8;0.0;84.0;2.6;0.052;14.81;6.2;9.0
1738;2023-03-14 11:00:00;2.28;10.2;19.4;29.9;12.0;29.0;13.26;715.1;0.0;84.0;2.6;0.134;14.98;7.6;17.0
1739;2023-03-14 12:00:00;2.42;11.1;17.4;28.8;16.0;33.0;18.61;714.8;0.0;82.0;2.7;0.249;16.08;7.0;30.0
1740;2023-03-14 13:00:00;2.32;14.7;21.2;36.1;16.0;41.0;20.06;714.4;0.0;76.0;2.8;0.143;16.92;7.0;31.0
1741;2023-03-14 14:00:00;2.22;12.7;21.2;34.2;19.0;41.0;26.58;713.9;0.0;71.0;2.8;0.372;18.03;7.8;78.0
1742;2023-03-14 15:00:00;2.14;6.0;17.4;23.6;26.0;53.0;20.48;713.6;0.0;67.0;;0.227;18.76;10.0;66.0
1743;2023-03-14 16:00:00;2.15;5.4;16.6;22.2;24.0;42.0;17.12;713.5;0.0;69.0;2.7;0.164;18.43;12.1;69.0
1744;2023-03-14 17:00:00;2.19;4.8;18.8;23.9;19.0;46.0;15.91;713.8;0.0;77.0;2.7;0.043;17.12;12.9;65.0
1745;2023-03-14 18:00:00;2.17;3.8;18.3;22.3;20.0;42.0;8.08;714.1;0.0;81.0;2.6;0.019;15.99;13.3;62.0
1746;2023-03-14 19:00:00;2.16;3.2;17.3;20.7;22.0;30.0;5.85;714.4;0.0;81.0;2.7;0.004;15.75;12.7;67.0
1747;2023-03-14 20:00:00;2.07;2.7;12.1;15.0;26.0;29.0;4.63;714.8;0.0;81.0;2.6;0.001;15.63;13.2;66.0
1748;2023-03-14 21:00:00;2.01;2.6;9.4;12.2;28.0;25.0;4.27;715.2;0.0;81.0;2.5;0.001;15.52;11.5;69.0
1749;2023-03-14 22:00:00;2.0;2.4;9.8;12.4;27.0;22.0;4.04;715.4;0.0;81.0;2.6;0.001;15.65;9.4;69.0
1750;2023-03-14 23:00:00;1.99;2.3;10.2;12.7;26.0;22.0;7.31;715.5;0.0;80.0;2.6;0.001;15.71;9.5;49.0
1751;2023-03-15 00:00:00;1.94;2.2;5.4;7.8;29.0;25.0;4.21;715.5;0.0;82.0;;0.001;15.47;10.1;60.0
1752;2023-03-15 01:00:00;1.95;2.2;5.8;8.2;28.0;20.0;9.86;715.5;0.0;83.0;2.5;0.001;15.26;9.6;61.0
1753;2023-03-15 02:00:00;1.95;;5.1;7.5;27.0;19.0;17.44;715.3;0.0;84.0;2.6;0.001;15.23;9.0;57.0
1754;2023-03-15 03:00:00;1.94;;4.5;6.9;26.0;33.0;11.04;715.1;0.0;84.0;2.6;0.001;15.1;8.7;60.0
1755;2023-03-15 04:00:00;1.93;;4.2;6.6;27.0;27.0;9.39;714.8;0.0;85.0;2.7;0.001;14.94;7.8;64.0
1756;2023-03-15 05:00:00;1.93;2.3;4.2;6.6;26.0;25.0;10.66;714.4;0.0;85.0;2.6;0.001;14.84;6.5;59.0
1757;2023-03-15 06:00:00;1.96;3.4;13.2;16.8;16.0;21.0;13.74;714.4;0.0;85.0;2.6;0.001;14.83;6.7;33.0
1758;2023-03-15 07:00:00;2.05;4.0;16.8;21.0;11.0;23.0;18.48;714.5;0.0;86.0;;0.001;14.83;7.9;51.0
1759;2023-03-15 08:00:00;2.23;6.3;20.0;26.6;9.0;27.0;22.19;714.6;0.0;86.0;2.9;0.008;14.82;7.2;43.0
1760;2023-03-15 09:00:00;2.33;8.7;19.6;28.6;9.0;30.0;15.94;714.8;0.0;86.0;2.9;0.038;14.98;6.7;41.0
1761;2023-03-15 10:00:00;2.35;10.7;20.5;31.6;9.0;26.0;9.99;714.9;0.0;86.0;2.8;0.054;15.09;7.0;47.0
1762;2023-03-15 11:00:00;2.37;11.6;19.4;31.3;10.0;29.0;10.59;714.8;0.0;86.0;2.7;0.106;15.41;6.6;45.0
1763;2023-03-15 12:00:00;2.31;11.9;18.6;30.8;11.0;27.0;16.88;714.6;0.0;86.0;2.8;0.115;15.77;8.2;38.0
1764;2023-03-15 13:00:00;2.26;8.9;16.1;25.2;14.0;31.0;13.66;714.1;0.0;86.0;2.7;0.132;16.01;9.2;44.0
1765;2023-03-15 14:00:00;2.3;8.8;17.3;26.4;14.0;34.0;12.1;713.3;0.0;85.0;2.6;0.125;16.57;8.4;47.0
1766;2023-03-15 15:00:00;2.28;8.1;16.4;24.8;15.0;52.0;12.58;712.7;0.0;82.0;2.6;0.12;16.89;9.8;53.0
1767;2023-03-15 16:00:00;2.26;7.0;15.9;23.2;14.0;39.0;12.17;712.0;0.0;82.0;2.7;0.085;16.73;10.7;48.0
1768;2023-03-15 17:00:00;2.28;7.9;16.1;24.2;12.0;39.0;9.87;711.5;0.0;82.0;2.6;0.074;16.8;10.8;47.0
1769;2023-03-15 18:00:00;2.41;10.2;19.4;29.8;7.0;35.0;9.22;711.2;0.0;81.0;2.7;0.03;17.29;8.6;40.0
1770;2023-03-15 19:00:00;2.41;7.7;21.5;29.5;7.0;37.0;8.6;711.0;0.0;79.0;2.6;0.005;17.81;5.8;33.0
1771;2023-03-15 20:00:00;2.27;5.5;18.2;23.9;9.0;33.0;8.43;710.8;0.0;78.0;2.6;0.001;18.02;6.8;47.0
1772;2023-03-15 21:00:00;2.12;2.6;10.0;12.8;18.0;29.0;10.17;710.8;0.0;77.0;2.5;0.001;18.65;8.1;100.0
1773;2023-03-15 22:00:00;2.17;2.8;14.0;17.0;13.0;31.0;12.36;710.8;0.0;78.0;2.5;0.001;18.61;5.2;68.0
1774;2023-03-15 23:00:00;2.12;2.6;9.9;12.7;16.0;31.0;12.04;710.4;0.0;79.0;;0.001;18.62;5.7;78.0
1775;2023-03-16 00:00:00;2.14;4.6;14.3;19.1;11.0;32.0;17.41;709.8;0.0;81.0;;0.001;18.55;7.5;57.0
1776;2023-03-16 01:00:00;2.16;7.6;18.7;26.5;4.0;35.0;30.89;709.3;0.0;82.0;2.6;0.001;18.12;6.5;27.0
1777;2023-03-16 02:00:00;2.12;8.5;17.2;25.9;5.0;44.0;26.1;708.9;0.0;83.0;2.6;0.001;17.86;4.7;342.0
1778;2023-03-16 03:00:00;2.12;5.6;16.2;22.1;5.0;45.0;26.25;708.5;0.0;84.0;2.5;0.001;17.77;5.1;336.0
1779;2023-03-16 04:00:00;2.24;2.7;10.1;13.0;9.0;44.0;28.33;708.3;0.0;85.0;2.6;0.001;17.64;4.3;323.0
1780;2023-03-16 05:00:00;2.15;2.6;8.0;10.8;10.0;40.0;25.44;707.9;0.0;85.0;2.6;0.001;17.73;3.9;283.0
1781;2023-03-16 06:00:00;2.09;3.3;10.8;14.4;7.0;41.0;20.45;707.9;0.0;84.0;2.5;0.001;17.77;2.6;331.0
1782;2023-03-16 07:00:00;2.3;13.0;16.9;30.1;3.0;36.0;24.76;708.4;0.0;84.0;2.6;0.002;17.69;2.3;311.0
1783;2023-03-16 08:00:00;2.51;24.8;19.2;44.3;4.0;49.0;41.05;708.8;0.0;84.0;2.7;0.055;17.98;2.4;254.0
1784;2023-03-16 09:00:00;2.56;31.0;21.0;52.2;6.0;70.0;51.57;708.9;0.0;76.0;2.7;0.246;20.21;4.5;191.0
1785;2023-03-16 10:00:00;2.63;29.3;25.1;54.5;11.0;90.0;54.69;709.0;0.0;62.0;;0.287;22.5;4.4;38.0
1786;2023-03-16 11:00:00;2.77;26.3;33.9;60.3;16.0;100.0;57.12;708.6;0.0;52.0;2.8;0.216;24.84;5.2;89.0
1787;2023-03-16 12:00:00;2.82;22.5;41.9;64.6;24.0;96.0;59.35;708.2;0.0;46.0;3.0;0.767;26.44;9.1;83.0
1788;2023-03-16 13:00:00;2.65;8.0;30.2;38.4;49.0;101.0;51.26;707.6;0.0;40.0;3.1;0.828;27.78;11.1;78.0
1789;2023-03-16 14:00:00;2.28;3.9;15.6;19.6;64.0;104.0;31.27;706.8;0.0;31.0;3.4;0.815;30.04;10.9;67.0
1790;2023-03-16 15:00:00;2.2;3.2;12.8;16.1;71.0;97.0;26.77;706.0;0.0;26.0;3.1;0.728;31.7;11.2;82.0
1791;2023-03-16 16:00:00;2.2;2.8;11.6;14.7;68.0;81.0;25.75;705.4;0.0;29.0;3.1;0.577;31.88;15.2;121.0
1792;2023-03-16 17:00:00;2.15;2.8;10.8;13.9;62.0;67.0;21.81;705.2;0.0;26.0;3.0;0.292;31.75;15.7;126.0
1793;2023-03-16 18:00:00;2.15;2.7;10.9;13.9;50.0;65.0;19.87;705.2;0.0;28.0;2.9;0.066;30.95;13.2;126.0
1794;2023-03-16 19:00:00;2.17;2.6;12.2;15.0;42.0;51.0;19.42;705.5;0.0;31.0;2.8;0.013;29.68;12.0;127.0
1795;2023-03-16 20:00:00;;;;;;;;;;;;;;;
1796;2023-03-16 21:00:00;;;;;;;;;;;;;;;
1797;2023-03-16 22:00:00;;;;;;;;;;;;;;;
1798;2023-03-16 23:00:00;;;;;;;;;;;;;;;
1799;2023-03-17 00:00:00;;;;;;;;;;;;;;;
1800;2023-03-17 01:00:00;;;;;;;;;;;;;;;
1801;2023-03-17 02:00:00;;;;;;;;;;;;;;;
1802;2023-03-17 03:00:00;;;;;;;;;;;;;;;
1803;2023-03-17 04:00:00;;;;;;;;;;;;;;;
1804;2023-03-17 05:00:00;;;;;;;;;;;;;;;
1805;2023-03-17 06:00:00;;;;;;;;;;;;;;;
1806;2023-03-17 07:00:00;;;;;;;;;;;;;;;
1807;2023-03-17 08:00:00;0.78;1.5;5.0;6.5;9.0;31.0;;;0.0;20.0;1.2;0.01;6.51;5.3;38.0
1808;2023-03-17 09:00:00;1.89;4.0;12.4;16.6;22.0;74.0;19.05;714.7;0.0;49.0;2.9;0.042;15.34;10.4;16.0
1809;2023-03-17 10:00:00;1.95;5.0;12.7;17.9;22.0;80.0;19.24;715.2;0.0;48.0;2.8;0.109;15.22;8.7;351.0
1810;2023-03-17 11:00:00;1.99;8.5;16.0;24.7;19.0;83.0;19.69;715.5;0.0;48.0;2.9;0.169;15.26;7.5;33.0
1811;2023-03-17 12:00:00;1.97;7.8;13.4;21.5;23.0;81.0;20.58;715.1;0.0;45.0;3.0;0.372;15.8;7.9;40.0
1812;2023-03-17 13:00:00;1.95;6.4;10.5;17.1;29.0;78.0;16.45;714.3;0.0;42.0;3.0;0.607;16.63;10.5;36.0
1813;2023-03-17 14:00:00;1.95;5.5;9.5;15.3;32.0;71.0;16.49;713.5;0.0;39.0;2.9;0.645;17.55;11.3;22.0
1814;2023-03-17 15:00:00;1.95;4.7;8.4;13.4;34.0;70.0;14.94;712.7;0.0;38.0;2.9;0.667;17.73;11.8;34.0
1815;2023-03-17 16:00:00;1.95;5.2;9.6;15.1;34.0;68.0;15.86;712.0;0.0;38.0;3.1;0.602;18.2;11.3;40.0
1816;2023-03-17 17:00:00;2.01;5.4;10.7;16.3;31.0;68.0;17.01;711.7;0.0;37.0;3.1;0.305;18.29;11.1;29.0
1817;2023-03-17 18:00:00;1.99;5.0;11.3;16.6;28.0;68.0;14.28;711.7;0.0;36.0;3.0;0.086;17.71;11.8;24.0
1818;2023-03-17 19:00:00;2.04;4.3;18.4;22.9;20.0;63.0;12.64;711.9;0.0;37.0;3.2;0.025;16.41;12.3;20.0
1819;2023-03-17 20:00:00;2.1;3.4;19.8;23.4;18.0;59.0;12.09;712.3;0.0;38.0;3.1;0.001;14.97;12.5;8.0
1820;2023-03-17 21:00:00;2.01;4.0;19.0;23.2;20.0;60.0;13.89;712.8;0.0;37.0;3.3;0.001;14.2;13.1;3.0
1821;2023-03-17 22:00:00;2.18;3.1;18.7;21.9;21.0;65.0;12.39;713.3;0.0;37.0;3.7;0.001;13.73;13.3;5.0
1822;2023-03-17 23:00:00;2.0;2.5;14.7;17.3;23.0;56.0;10.91;714.1;0.0;36.0;3.1;0.001;13.51;12.6;7.0
1823;2023-03-18 00:00:00;1.91;2.3;12.0;14.5;26.0;50.0;8.86;714.7;0.0;35.0;2.8;0.001;13.0;11.5;20.0
1824;2023-03-18 01:00:00;2.11;2.3;9.5;12.1;29.0;42.0;9.87;715.1;0.0;33.0;3.4;0.001;12.19;16.5;7.0
1825;2023-03-18 02:00:00;2.14;;11.0;13.5;28.0;45.0;8.25;715.1;0.0;33.0;3.6;0.001;11.75;14.4;8.0
1826;2023-03-18 03:00:00;2.09;;11.9;14.3;26.0;38.0;8.42;715.2;0.0;33.0;3.4;0.001;11.36;13.0;7.0
1827;2023-03-18 04:00:00;2.08;2.2;10.8;13.2;26.0;38.0;7.99;715.2;0.0;33.0;3.4;0.001;10.98;10.4;2.0
1828;2023-03-18 05:00:00;1.95;2.2;11.3;13.7;25.0;41.0;8.23;715.1;0.0;34.0;3.0;0.001;10.74;11.2;352.0
1829;2023-03-18 06:00:00;1.92;;9.9;12.3;25.0;34.0;7.48;715.3;0.0;34.0;2.8;0.001;10.33;10.2;356.0
1830;2023-03-18 07:00:00;1.96;2.4;11.4;14.0;24.0;32.0;7.43;715.6;0.0;35.0;2.9;0.002;10.05;9.4;358.0
1831;2023-03-18 08:00:00;2.06;3.2;13.7;17.1;23.0;32.0;10.67;716.2;0.0;36.0;3.5;0.034;10.01;8.3;6.0
1832;2023-03-18 09:00:00;1.95;2.8;8.2;11.3;29.0;40.0;7.85;716.8;0.0;40.0;2.7;0.065;9.97;11.7;114.0
1833;2023-03-18 10:00:00;1.97;3.3;8.7;12.2;29.0;31.0;7.72;717.1;0.0;37.0;2.8;0.124;9.97;11.7;132.0
1834;2023-03-18 11:00:00;1.96;3.8;7.1;11.2;33.0;37.0;8.49;717.4;0.0;33.0;3.9;0.199;10.94;12.3;129.0
1835;2023-03-18 12:00:00;1.95;3.5;5.8;9.5;38.0;32.0;9.17;717.3;0.0;31.0;4.7;0.816;12.16;11.6;93.0
1836;2023-03-18 13:00:00;1.99;4.1;8.0;12.3;41.0;34.0;11.71;717.1;0.0;31.0;6.1;0.703;12.62;12.6;64.0
1837;2023-03-18 14:00:00;2.04;3.7;10.8;14.7;45.0;44.0;14.05;716.3;0.0;31.0;6.1;0.385;12.61;13.3;50.0
1838;2023-03-18 15:00:00;2.04;3.6;10.7;14.6;46.0;47.0;13.58;716.1;0.0;30.0;5.7;0.353;13.14;14.5;53.0
1839;2023-03-18 16:00:00;2.04;3.3;9.9;13.4;49.0;41.0;12.67;716.1;0.0;30.0;6.7;0.401;13.33;14.3;55.0
1840;2023-03-18 17:00:00;2.04;3.3;10.1;13.7;42.0;53.0;12.82;716.3;0.0;31.0;4.5;0.219;12.76;15.1;63.0
1841;2023-03-18 18:00:00;2.06;2.9;11.3;14.4;39.0;43.0;12.35;717.0;0.0;33.0;4.0;0.066;12.07;15.1;57.0
1842;2023-03-18 19:00:00;2.03;2.8;10.8;13.8;37.0;45.0;12.9;718.2;0.0;40.0;2.9;0.01;10.11;16.9;6.0
1843;2023-03-18 20:00:00;2.14;2.7;11.1;14.0;35.0;68.0;16.85;719.2;0.0;45.0;2.9;0.001;9.04;13.7;35.0
1844;2023-03-18 21:00:00;2.15;2.5;10.7;13.4;34.0;50.0;19.81;719.8;0.0;52.0;3.0;0.001;8.18;12.9;18.0
1845;2023-03-18 22:00:00;2.12;2.4;8.1;10.7;34.0;47.0;17.11;720.4;0.0;58.0;2.7;0.001;7.09;13.5;18.0
1846;2023-03-18 23:00:00;2.18;2.4;8.7;11.3;33.0;41.0;13.93;720.6;0.0;62.0;2.8;0.001;6.46;11.0;23.0
1847;2023-03-19 00:00:00;2.13;2.5;11.3;13.9;31.0;27.0;13.82;720.5;0.0;65.0;2.7;0.001;5.92;10.0;28.0
1848;2023-03-19 01:00:00;2.27;2.3;8.8;11.3;31.0;32.0;14.99;720.2;0.0;67.0;2.7;0.001;5.65;7.7;38.0
1849;2023-03-19 02:00:00;2.27;2.3;6.6;9.0;33.0;31.0;14.45;720.2;0.0;67.0;2.8;0.001;5.54;9.9;36.0
1850;2023-03-19 03:00:00;2.32;2.2;8.8;11.2;32.0;34.0;13.68;720.0;0.0;66.0;2.8;0.001;5.5;9.9;25.0
1851;2023-03-19 04:00:00;2.06;2.2;8.0;10.4;33.0;34.0;10.45;720.2;0.0;66.0;;0.001;5.32;8.2;26.0
1852;2023-03-19 05:00:00;2.18;;9.8;12.2;31.0;27.0;12.76;720.3;0.0;68.0;2.7;0.001;5.2;7.8;45.0
1853;2023-03-19 06:00:00;2.12;2.3;9.2;11.7;29.0;33.0;13.76;720.4;0.0;71.0;2.7;0.001;4.96;8.3;56.0
1854;2023-03-19 07:00:00;2.11;3.6;14.5;18.3;23.0;38.0;15.2;720.8;0.0;72.0;2.9;0.001;4.86;7.4;43.0
1855;2023-03-19 08:00:00;2.14;2.7;13.5;16.4;22.0;32.0;17.56;721.3;0.0;73.0;2.8;0.005;4.76;8.0;21.0
1856;2023-03-19 09:00:00;2.21;2.9;13.3;16.4;22.0;39.0;23.24;722.1;0.0;77.0;2.7;0.022;4.36;9.9;16.0
1857;2023-03-19 10:00:00;2.14;3.6;12.3;16.1;22.0;39.0;15.88;722.8;0.0;82.0;2.7;0.044;3.88;9.7;9.0
1858;2023-03-19 11:00:00;2.27;7.0;23.7;30.9;13.0;29.0;28.71;722.9;0.0;83.0;2.9;0.039;4.26;8.4;28.0
1859;2023-03-19 12:00:00;2.21;6.9;25.0;32.1;16.0;37.0;32.2;722.8;0.0;79.0;2.9;0.044;4.67;9.6;34.0
1860;2023-03-19 13:00:00;2.19;3.8;16.4;20.4;26.0;44.0;30.96;722.4;0.0;75.0;3.2;0.037;4.87;10.6;50.0
1861;2023-03-19 14:00:00;2.19;3.1;11.4;14.7;29.0;43.0;25.41;721.8;0.0;78.0;3.1;0.046;4.43;12.4;65.0
1862;2023-03-19 15:00:00;2.19;3.0;9.9;13.2;30.0;30.0;19.47;721.2;0.0;80.0;2.8;0.058;4.31;10.4;65.0
1863;2023-03-19 16:00:00;2.18;2.8;9.6;12.6;31.0;28.0;21.41;720.7;0.0;76.0;2.8;0.045;4.78;8.3;73.0
1864;2023-03-19 17:00:00;2.11;2.5;5.7;8.4;32.0;28.0;11.34;720.3;0.0;70.0;;0.057;5.18;9.3;120.0
1865;2023-03-19 18:00:00;2.1;2.4;4.7;7.3;32.0;26.0;9.86;719.7;0.0;67.0;;0.079;5.48;11.6;123.0
1866;2023-03-19 19:00:00;2.12;2.3;5.2;7.8;31.0;23.0;9.51;719.2;0.0;69.0;2.7;0.019;5.29;12.9;117.0
1867;2023-03-19 20:00:00;2.13;2.3;6.2;8.6;29.0;22.0;13.11;719.4;0.0;71.0;2.7;0.001;5.21;9.0;112.0
1868;2023-03-19 21:00:00;2.14;;6.0;8.5;28.0;28.0;15.97;719.4;0.0;71.0;2.8;0.001;5.23;9.2;114.0
1869;2023-03-19 22:00:00;2.15;2.2;6.8;9.2;28.0;24.0;18.16;719.3;0.0;71.0;2.7;0.001;5.43;6.4;95.0
1870;2023-03-19 23:00:00;2.17;2.2;8.8;11.3;27.0;28.0;21.15;719.1;0.0;73.0;2.7;0.001;5.32;7.3;62.0
1871;2023-03-20 00:00:00;2.18;2.3;7.9;10.3;26.0;34.0;23.5;718.8;0.0;77.0;;0.001;4.94;7.8;49.0
1872;2023-03-20 01:00:00;2.19;2.2;6.7;9.1;26.0;36.0;23.06;718.2;0.0;79.0;;0.001;4.96;5.6;41.0
1873;2023-03-20 02:00:00;2.16;2.3;9.9;12.5;23.0;36.0;24.4;717.9;0.0;78.0;2.8;0.001;5.13;5.7;29.0
1874;2023-03-20 03:00:00;2.17;2.3;18.4;20.8;15.0;35.0;31.11;717.6;0.0;79.0;2.8;0.001;5.23;3.2;17.0
1875;2023-03-20 04:00:00;2.21;2.4;15.6;18.1;17.0;42.0;32.1;717.1;0.0;80.0;;0.001;5.16;3.9;6.0
1876;2023-03-20 05:00:00;2.3;2.4;13.2;15.7;18.0;38.0;30.72;716.8;0.0;82.0;;0.001;5.08;2.8;17.0
1877;2023-03-20 06:00:00;2.29;2.2;11.3;13.8;18.0;34.0;28.83;716.6;0.0;83.0;2.7;0.001;5.15;2.3;19.0
1878;2023-03-20 07:00:00;2.29;2.2;12.0;14.4;17.0;31.0;;716.5;0.0;84.0;2.8;0.001;5.2;2.4;44.0
1879;2023-03-20 08:00:00;2.29;2.8;12.5;15.5;15.0;34.0;;716.7;0.0;84.0;2.8;0.014;5.32;1.7;323.0
1880;2023-03-20 09:00:00;2.34;4.6;13.7;18.6;14.0;39.0;28.18;717.1;0.0;85.0;2.9;0.055;5.75;1.8;347.0
1881;2023-03-20 10:00:00;2.37;6.9;13.4;20.5;15.0;26.0;24.19;717.0;0.0;86.0;2.8;0.15;6.39;2.9;17.0
1882;2023-03-20 11:00:00;2.39;6.7;12.1;19.0;18.0;30.0;21.49;716.8;0.0;85.0;2.8;0.217;7.44;3.9;6.0
1883;2023-03-20 12:00:00;2.54;20.6;21.8;42.6;13.0;36.0;;716.3;0.0;79.0;3.0;0.313;8.95;4.8;21.0
1884;2023-03-20 13:00:00;2.65;21.6;20.8;42.6;17.0;59.0;;715.6;0.0;70.0;3.2;0.602;10.56;8.6;61.0
1885;2023-03-20 14:00:00;2.51;13.2;18.1;31.5;21.0;67.0;43.77;714.9;0.0;69.0;3.1;0.505;11.02;8.6;64.0
1886;2023-03-20 15:00:00;2.48;19.1;22.9;42.3;20.0;46.0;;713.9;0.0;62.0;3.5;0.697;13.07;7.3;33.0
1887;2023-03-20 16:00:00;2.48;9.9;17.0;27.2;26.0;56.0;48.29;713.1;0.0;64.0;3.4;0.565;13.25;11.8;60.0
1888;2023-03-20 17:00:00;2.43;8.8;18.4;27.5;23.0;48.0;44.19;712.7;0.0;65.0;3.3;0.248;13.38;9.7;46.0
1889;2023-03-20 18:00:00;2.44;10.9;26.5;37.6;17.0;54.0;44.45;712.6;0.0;66.0;3.5;0.104;13.3;8.3;34.0
1890;2023-03-20 19:00:00;2.41;3.5;16.4;20.0;23.0;56.0;39.93;712.4;0.0;69.0;3.4;0.019;12.93;8.6;48.0
1891;2023-03-20 20:00:00;2.47;4.3;20.6;25.1;16.0;49.0;40.94;712.3;0.0;71.0;3.3;0.001;12.5;5.7;30.0
1892;2023-03-20 21:00:00;2.57;3.3;27.3;30.8;10.0;51.0;46.29;712.3;0.0;74.0;3.4;0.001;11.99;5.7;345.0
1893;2023-03-20 22:00:00;2.65;5.6;31.0;36.8;5.0;65.0;48.23;712.4;0.0;77.0;3.3;0.001;11.51;4.6;335.0
1894;2023-03-20 23:00:00;2.68;7.8;30.6;38.6;4.0;65.0;56.29;712.8;0.0;78.0;3.3;0.001;11.17;2.5;339.0
1895;2023-03-21 00:00:00;2.76;13.6;29.1;42.9;4.0;60.0;50.08;712.5;0.0;78.0;3.2;0.001;11.15;1.8;182.0
1896;2023-03-21 01:00:00;2.73;11.8;31.2;43.2;4.0;63.0;49.93;712.1;0.0;78.0;3.3;0.001;11.69;1.9;283.0
1897;2023-03-21 02:00:00;2.72;13.6;31.5;45.3;;71.0;49.54;711.9;0.0;77.0;3.5;0.001;11.98;2.5;222.0
1898;2023-03-21 03:00:00;2.8;8.0;30.7;38.9;;68.0;49.84;711.5;0.0;76.0;3.5;0.001;12.15;3.3;231.0
1899;2023-03-21 04:00:00;2.71;6.4;29.3;36.0;;70.0;49.79;711.2;0.0;75.0;3.4;0.001;12.26;2.5;238.0
1900;2023-03-21 05:00:00;2.64;4.5;24.9;29.6;5.0;62.0;59.18;710.9;0.0;74.0;3.7;0.001;11.95;5.5;230.0
1901;2023-03-21 06:00:00;2.57;5.4;23.1;28.8;5.0;72.0;;711.1;0.0;72.0;4.3;0.001;11.87;5.1;232.0
1902;2023-03-21 07:00:00;2.61;12.0;22.8;35.1;4.0;93.0;80.96;711.3;0.0;71.0;5.0;0.002;12.01;4.8;225.0
1903;2023-03-21 08:00:00;2.79;25.5;22.6;48.3;4.0;87.0;79.59;711.6;0.0;70.0;4.5;0.043;12.52;5.6;220.0
1904;2023-03-21 09:00:00;2.86;29.9;23.9;54.0;9.0;92.0;87.06;711.9;0.0;63.0;5.3;0.247;15.26;4.4;144.0
1905;2023-03-21 10:00:00;2.67;11.2;17.4;28.9;20.0;103.0;64.26;712.1;0.0;56.0;4.9;0.447;17.51;4.4;358.0
1906;2023-03-21 11:00:00;2.8;12.4;23.2;35.8;26.0;70.0;61.66;712.0;0.0;51.0;4.5;0.21;19.13;4.7;31.0
1907;2023-03-21 12:00:00;3.04;25.8;40.0;65.9;22.0;86.0;74.77;711.7;0.0;46.0;5.3;0.775;20.8;6.5;89.0
1908;2023-03-21 13:00:00;2.89;14.6;33.1;47.8;35.0;111.0;75.9;711.4;0.0;42.0;5.5;0.839;22.24;8.5;61.0
1909;2023-03-21 14:00:00;2.77;5.8;24.3;30.2;59.0;102.0;58.0;710.6;0.0;36.0;4.4;0.832;24.37;9.7;53.0
1910;2023-03-21 15:00:00;2.75;3.8;19.8;23.8;74.0;97.0;55.25;710.1;0.0;33.0;4.1;0.746;26.0;11.3;58.0
1911;2023-03-21 16:00:00;2.64;3.5;17.8;21.5;75.0;99.0;38.01;709.7;0.0;29.0;3.9;0.57;27.28;12.4;54.0
1912;2023-03-21 17:00:00;2.62;3.4;18.5;22.0;67.0;79.0;29.64;709.5;0.0;28.0;3.7;0.32;28.23;11.9;59.0
1913;2023-03-21 18:00:00;2.59;3.4;20.4;24.0;49.0;64.0;22.59;709.7;0.0;26.0;3.3;0.094;27.99;10.5;78.0
1914;2023-03-21 19:00:00;2.56;2.8;19.0;21.9;42.0;55.0;18.82;710.1;0.0;27.0;3.2;0.03;27.4;8.7;92.0
1915;2023-03-21 20:00:00;2.69;2.7;27.4;30.3;29.0;50.0;18.62;710.5;0.0;30.0;3.2;0.001;25.96;5.3;71.0
1916;2023-03-21 21:00:00;2.96;16.3;43.1;59.6;6.0;46.0;24.03;710.9;0.0;37.0;3.8;0.001;24.55;5.0;28.0
1917;2023-03-21 22:00:00;2.92;19.4;40.8;60.4;4.0;73.0;26.31;711.2;0.0;43.0;3.7;0.001;23.38;5.1;310.0
1918;2023-03-21 23:00:00;2.9;20.5;38.9;59.6;4.0;76.0;27.63;711.4;0.0;45.0;3.8;0.001;22.61;4.8;309.0
1919;2023-03-22 00:00:00;2.7;8.0;33.1;41.2;4.0;67.0;25.33;711.7;0.0;53.0;3.6;0.001;21.41;4.8;311.0
1920;2023-03-22 01:00:00;2.61;7.5;30.3;38.0;3.0;75.0;55.39;711.9;0.0;61.0;3.5;0.001;20.2;4.2;318.0
1921;2023-03-22 02:00:00;2.57;2.9;24.4;27.5;5.0;94.0;44.83;711.8;0.0;70.0;3.3;0.001;18.82;2.6;97.0
1922;2023-03-22 03:00:00;2.62;3.5;22.4;26.2;4.0;63.0;32.74;711.4;0.0;75.0;3.2;0.001;17.66;2.0;194.0
1923;2023-03-22 04:00:00;2.64;3.0;19.4;22.6;5.0;68.0;33.44;711.2;0.0;78.0;3.2;0.001;17.22;1.8;131.0
1924;2023-03-22 05:00:00;2.57;2.7;12.9;15.9;7.0;60.0;29.54;711.1;0.0;81.0;3.1;0.001;16.56;2.0;243.0
1925;2023-03-22 06:00:00;2.65;10.8;20.1;31.1;3.0;48.0;30.1;711.4;0.0;81.0;3.1;0.001;16.11;2.6;256.0
1926;2023-03-22 07:00:00;2.86;30.7;21.6;52.5;4.0;55.0;37.1;711.8;0.0;80.0;3.2;0.003;15.62;2.1;269.0
1927;2023-03-22 08:00:00;2.99;30.8;22.4;53.5;4.0;78.0;47.34;712.2;0.0;81.0;3.2;0.038;16.45;2.9;283.0
1928;2023-03-22 09:00:00;2.87;18.1;21.5;39.8;10.0;86.0;55.25;712.4;0.0;78.0;3.1;0.24;17.89;5.8;350.0
1929;2023-03-22 10:00:00;3.0;22.6;26.6;49.4;14.0;92.0;57.31;712.4;0.0;70.0;3.2;0.446;20.01;6.3;356.0
1930;2023-03-22 11:00:00;3.39;30.8;34.2;65.2;15.0;104.0;69.97;712.5;0.0;65.0;3.4;0.298;20.96;8.3;21.0
1931;2023-03-22 12:00:00;2.86;23.5;35.2;58.9;21.0;133.0;77.3;712.5;0.0;59.0;3.7;0.75;22.2;8.2;35.0
1932;2023-03-22 13:00:00;2.74;12.2;30.4;42.8;36.0;118.0;65.93;711.9;0.0;51.0;5.4;0.821;24.39;8.2;46.0
1933;2023-03-22 14:00:00;2.76;6.9;28.9;36.0;60.0;103.0;57.96;711.0;0.0;43.0;7.4;0.805;26.4;9.2;41.0
1934;2023-03-22 15:00:00;2.62;3.5;13.7;17.3;66.0;104.0;45.9;710.1;0.0;38.0;5.5;0.729;27.99;11.5;42.0
1935;2023-03-22 16:00:00;2.53;3.3;9.8;13.3;51.0;92.0;32.87;709.5;0.0;34.0;4.6;0.609;29.85;12.7;99.0
1936;2023-03-22 17:00:00;2.16;3.1;7.0;10.4;42.0;27.0;;709.1;0.0;33.0;3.8;0.338;30.79;13.6;96.0
1937;2023-03-22 18:00:00;1.96;3.1;9.6;12.9;38.0;;;708.9;0.0;31.0;3.5;0.087;31.23;11.7;96.0
1938;2023-03-22 19:00:00;1.97;2.9;11.3;14.4;35.0;52.0;;708.9;0.0;32.0;3.4;0.018;30.29;11.7;99.0
1939;2023-03-22 20:00:00;1.98;2.5;11.6;14.3;33.0;49.0;;709.2;0.0;34.0;3.2;0.0;29.14;9.8;117.0
1940;2023-03-22 21:00:00;1.98;2.4;10.2;12.9;32.0;55.0;;709.4;0.0;38.0;3.2;0.0;28.13;12.7;126.0
1941;2023-03-22 22:00:00;2.09;2.6;16.1;18.9;22.0;57.0;;709.8;0.0;45.0;3.1;0.0;26.39;8.8;53.0
1942;2023-03-22 23:00:00;2.09;3.7;16.0;19.9;13.0;62.0;;710.2;0.0;60.0;3.0;0.0;24.26;10.3;46.0
1943;2023-03-23 00:00:00;2.11;3.0;15.4;18.6;13.0;58.0;;710.0;0.0;65.0;3.0;0.0;23.2;6.2;4.0
1944;2023-03-23 01:00:00;2.08;6.3;18.2;24.7;10.0;54.0;;709.9;0.0;67.0;3.1;0.0;22.42;6.6;31.0
1945;2023-03-23 02:00:00;2.06;6.1;18.1;24.4;9.0;54.0;;709.9;0.0;71.0;3.2;0.0;21.39;6.2;7.0
1946;2023-03-23 03:00:00;2.03;3.1;16.3;19.7;10.0;63.0;;709.7;0.0;75.0;3.1;0.0;20.45;5.6;18.0
1947;2023-03-23 04:00:00;2.05;3.6;18.3;22.1;7.0;50.0;;709.4;0.0;77.0;3.1;0.0;19.98;5.1;3.0
1948;2023-03-23 05:00:00;2.13;3.8;21.5;25.5;6.0;59.0;;709.4;0.0;78.0;3.2;0.0;19.79;4.0;12.0
1949;2023-03-23 06:00:00;2.17;5.2;22.2;27.6;4.0;66.0;;709.5;0.0;78.0;3.2;0.0;19.7;3.6;30.0
1950;2023-03-23 07:00:00;2.18;4.8;18.2;23.2;7.0;66.0;;709.9;0.0;78.0;3.3;0.001;19.73;3.0;72.0
1951;2023-03-23 08:00:00;2.26;6.2;17.2;23.7;8.0;68.0;;710.2;0.0;76.0;3.3;0.026;20.09;3.3;43.0
1952;2023-03-23 09:00:00;2.31;9.7;18.0;28.0;10.0;77.0;;710.5;0.0;73.0;3.2;0.126;20.62;4.8;64.0
1953;2023-03-23 10:00:00;2.48;19.9;24.2;44.4;11.0;75.0;;710.7;0.0;66.0;3.3;0.331;22.43;4.5;281.0
1954;2023-03-23 11:00:00;2.73;31.4;36.5;68.1;15.0;98.0;;710.6;0.0;60.0;3.6;0.251;24.13;7.7;48.0
1955;2023-03-23 12:00:00;2.51;13.3;30.3;43.8;31.0;148.0;;710.3;0.0;55.0;4.1;0.755;25.29;9.2;68.0
1956;2023-03-23 13:00:00;2.51;8.3;29.6;38.2;47.0;115.0;;709.7;0.0;50.0;4.2;0.813;26.98;10.1;46.0
1957;2023-03-23 14:00:00;2.37;5.6;22.9;28.7;59.0;125.0;;708.9;0.0;44.0;4.8;0.807;29.08;9.7;44.0
1958;2023-03-23 15:00:00;2.2;3.8;12.1;16.1;57.0;112.0;;708.0;0.0;34.0;4.9;0.68;31.17;11.5;47.0
1959;2023-03-23 16:00:00;2.12;3.2;10.5;14.0;50.0;84.0;;707.2;0.0;28.0;4.0;0.368;32.4;12.9;87.0
1960;2023-03-23 17:00:00;2.09;3.1;9.7;13.0;42.0;64.0;;706.6;0.0;28.0;3.6;0.142;32.14;14.1;122.0
1961;2023-03-23 18:00:00;2.11;3.3;9.9;13.4;36.0;53.0;24.14;706.3;0.0;29.0;3.4;0.078;32.13;14.4;121.0
1962;2023-03-23 19:00:00;2.14;3.1;12.2;15.5;26.0;61.0;24.29;706.4;0.0;31.0;3.4;0.013;31.01;16.4;120.0
1963;2023-03-23 20:00:00;2.09;2.8;9.8;12.8;26.0;61.0;26.0;706.6;0.0;33.0;3.2;0.0;30.12;14.7;126.0
1964;2023-03-23 21:00:00;2.08;2.6;9.6;12.5;24.0;55.0;28.0;706.7;0.0;36.0;3.2;0.0;29.11;13.7;123.0
1965;2023-03-23 22:00:00;2.07;2.5;7.8;10.5;25.0;60.0;29.0;707.0;0.0;38.0;3.1;0.0;28.03;8.2;131.0
1966;2023-03-23 23:00:00;2.12;2.6;13.3;16.1;19.0;47.0;30.0;707.1;0.0;40.0;3.1;0.0;27.31;6.9;48.0
1967;2023-03-24 00:00:00;2.23;6.3;24.4;30.9;8.0;48.0;36.0;707.0;0.0;44.0;3.3;0.0;25.91;5.3;334.0
1968;2023-03-24 01:00:00;2.24;7.1;26.9;34.3;5.0;63.0;36.0;707.0;0.0;49.0;3.9;0.0;24.76;6.0;340.0
1969;2023-03-24 02:00:00;2.24;3.0;22.8;26.0;6.0;72.0;;706.9;0.0;54.0;4.1;0.0;23.6;4.7;338.0
1970;2023-03-24 03:00:00;2.13;2.5;12.4;15.2;12.0;70.0;31.0;706.9;0.0;62.0;3.5;0.0;22.09;2.7;23.0
1971;2023-03-24 04:00:00;2.12;2.7;12.4;15.3;9.0;50.0;30.0;706.7;0.0;67.0;3.2;0.0;20.95;3.0;273.0
1972;2023-03-24 05:00:00;2.23;5.7;18.6;24.5;5.0;45.0;37.0;706.4;0.0;70.0;3.1;0.0;20.24;2.4;237.0
1973;2023-03-24 06:00:00;2.34;12.3;20.8;33.4;3.0;60.0;37.0;706.4;0.0;69.0;3.2;0.0;19.67;3.2;265.0
1974;2023-03-24 07:00:00;2.54;36.5;23.8;60.4;4.0;68.0;44.0;706.7;0.0;66.0;3.4;0.004;19.58;4.4;256.0
1975;2023-03-24 08:00:00;2.89;62.4;29.1;91.8;5.0;101.0;52.0;707.1;0.0;48.0;4.4;0.096;22.57;3.4;34.0
1976;2023-03-24 09:00:00;3.09;65.7;40.0;106.0;7.0;141.0;55.0;707.4;0.0;33.0;7.0;0.303;26.62;4.3;54.0
1977;2023-03-24 10:00:00;3.48;80.1;62.1;142.4;10.0;166.0;53.0;707.4;0.0;26.0;10.7;0.49;28.99;8.0;89.0
1978;2023-03-24 11:00:00;2.52;18.4;34.7;53.4;25.0;162.0;36.0;707.0;0.0;12.0;5.7;0.219;32.5;11.3;358.0
1979;2023-03-24 12:00:00;1.82;4.2;7.1;11.6;37.0;188.0;30.0;706.6;0.0;2.0;2.7;0.825;33.51;24.8;313.0
1980;2023-03-24 13:00:00;1.83;4.2;7.5;12.0;40.0;341.0;15.0;706.1;0.0;1.0;2.8;0.896;34.62;24.6;306.0
1981;2023-03-24 14:00:00;1.84;4.1;7.3;11.6;42.0;101.0;17.0;705.5;0.0;;2.8;0.899;35.05;23.7;306.0
1982;2023-03-24 15:00:00;1.83;3.8;7.1;11.1;43.0;117.0;9.0;705.1;0.0;;;0.818;35.63;23.2;307.0
1983;2023-03-24 16:00:00;1.84;4.0;7.7;11.9;41.0;70.0;10.0;704.6;0.0;;2.6;0.66;35.98;21.6;305.0
1984;2023-03-24 17:00:00;1.93;4.0;10.5;14.7;41.0;76.0;13.0;704.9;0.0;5.0;3.5;0.412;36.11;13.1;242.0
1985;2023-03-24 18:00:00;2.06;3.4;12.8;16.4;37.0;70.0;18.0;705.3;0.0;17.0;4.1;0.127;33.54;13.3;106.0
1986;2023-03-24 19:00:00;2.12;3.4;15.2;18.8;32.0;89.0;18.04;705.8;0.0;20.0;3.8;0.036;32.07;13.4;120.0
1987;2023-03-24 20:00:00;2.12;2.7;15.2;18.1;28.0;57.0;16.36;706.7;0.0;25.0;3.8;0.0;30.39;11.1;106.0
1988;2023-03-24 21:00:00;2.15;2.6;13.3;16.1;27.0;53.0;19.12;707.3;0.0;30.0;3.7;0.0;29.24;8.3;123.0
1989;2023-03-24 22:00:00;2.12;2.5;10.7;13.4;28.0;42.0;18.24;707.6;0.0;31.0;3.6;0.0;28.63;8.5;108.0
1990;2023-03-24 23:00:00;2.17;2.6;14.2;17.0;25.0;40.0;19.5;707.7;0.0;32.0;3.4;0.0;27.97;6.8;68.0
1991;2023-03-25 00:00:00;2.21;2.6;17.3;20.0;20.0;46.0;20.79;707.8;0.0;34.0;3.4;0.0;26.95;4.6;86.0
1992;2023-03-25 01:00:00;2.25;2.7;21.1;24.0;13.0;49.0;21.63;707.6;0.0;37.0;3.3;0.0;25.25;3.7;295.0
1993;2023-03-25 02:00:00;2.46;12.4;35.8;48.4;4.0;54.0;32.59;707.4;0.0;39.0;3.4;0.0;24.39;3.6;263.0
1994;2023-03-25 03:00:00;2.54;14.8;34.9;49.9;4.0;83.0;34.52;707.2;0.0;41.0;3.5;0.0;23.81;4.2;238.0
1995;2023-03-25 04:00:00;2.34;5.6;31.0;36.8;6.0;80.0;25.3;707.3;0.0;37.0;3.6;0.0;23.37;4.4;267.0
1996;2023-03-25 05:00:00;2.51;5.9;28.3;34.3;6.0;61.0;37.17;708.0;0.0;49.0;3.5;0.0;22.73;4.1;53.0
1997;2023-03-25 06:00:00;2.15;2.7;18.9;21.7;19.0;79.0;23.2;708.6;0.0;35.0;4.1;0.0;22.41;8.8;85.0
1998;2023-03-25 07:00:00;2.13;3.8;30.0;33.9;10.0;66.0;15.92;709.3;0.0;23.0;4.7;0.004;21.51;8.4;124.0
1999;2023-03-25 08:00:00;2.19;6.6;24.4;31.2;17.0;64.0;12.77;710.1;0.0;19.0;4.8;0.095;22.36;7.6;114.0
2000;2023-03-25 09:00:00;2.07;5.0;11.4;16.6;32.0;58.0;10.63;710.8;0.0;13.0;5.1;0.298;23.14;11.6;16.0
2001;2023-03-25 10:00:00;2.02;4.8;9.2;14.2;38.0;69.0;10.95;711.4;0.0;11.0;4.0;0.508;23.53;14.8;13.0
2002;2023-03-25 11:00:00;1.94;4.6;8.5;13.3;41.0;87.0;10.82;711.5;0.0;10.0;2.9;0.193;24.37;12.6;22.0
2003;2023-03-25 12:00:00;1.94;4.2;7.6;12.0;45.0;76.0;10.73;711.1;0.0;10.0;3.2;0.821;25.0;10.4;6.0
2004;2023-03-25 13:00:00;2.01;4.3;9.8;14.4;48.0;58.0;13.35;710.4;0.0;12.0;3.4;0.892;25.78;9.6;22.0
2005;2023-03-25 14:00:00;2.06;4.2;11.8;16.3;54.0;57.0;15.39;709.4;0.0;13.0;4.3;0.868;26.9;9.2;39.0
2006;2023-03-25 15:00:00;2.06;3.6;12.0;15.9;63.0;53.0;16.09;708.6;0.0;14.0;3.8;0.78;27.76;10.8;53.0
2007;2023-03-25 16:00:00;2.07;3.0;9.1;12.4;64.0;61.0;15.52;707.8;0.0;15.0;4.5;0.636;28.45;13.9;56.0
2008;2023-03-25 17:00:00;2.02;2.9;7.0;10.2;54.0;63.0;13.89;707.4;0.0;15.0;3.3;0.391;28.59;14.6;95.0
2009;2023-03-25 18:00:00;2.01;2.7;6.4;9.3;50.0;56.0;12.87;707.2;0.0;15.0;3.0;0.082;27.9;14.7;100.0
2010;2023-03-25 19:00:00;2.03;2.5;8.1;10.8;47.0;49.0;13.85;707.4;0.0;17.0;3.1;0.017;26.65;14.9;90.0
2011;2023-03-25 20:00:00;2.07;2.4;9.5;12.1;42.0;54.0;15.24;707.7;0.0;20.0;3.0;0.0;25.57;12.8;116.0
2012;2023-03-25 21:00:00;2.09;2.4;10.7;13.3;39.0;48.0;15.59;707.9;0.0;21.0;3.0;0.0;24.95;10.8;116.0
2013;2023-03-25 22:00:00;2.09;;8.8;11.4;40.0;44.0;15.03;708.1;0.0;23.0;3.1;0.0;24.41;10.5;111.0
2014;2023-03-25 23:00:00;2.08;2.3;7.5;10.0;40.0;47.0;15.27;708.0;0.0;24.0;3.0;0.0;23.94;9.5;125.0
2015;2023-03-26 00:00:00;2.16;2.4;8.4;11.0;33.0;43.0;22.17;707.7;0.0;39.0;3.2;0.0;22.8;9.5;82.0
2016;2023-03-26 01:00:00;2.19;2.4;6.7;9.3;28.0;53.0;27.23;707.6;0.0;52.0;3.1;0.0;21.83;9.6;105.0
2017;2023-03-26 02:00:00;2.19;;4.5;7.1;28.0;55.0;27.52;707.4;0.0;59.0;3.1;0.0;20.99;12.1;117.0
2018;2023-03-26 03:00:00;2.19;;5.5;8.0;27.0;51.0;27.02;707.3;0.0;58.0;3.0;0.0;20.39;6.1;131.0
2019;2023-03-26 04:00:00;2.23;;8.5;11.1;22.0;51.0;27.41;707.0;0.0;60.0;3.0;0.0;19.78;3.0;237.0
2020;2023-03-26 05:00:00;2.28;;10.6;13.2;16.0;51.0;32.89;707.1;0.0;66.0;;0.0;19.58;2.7;28.0
2021;2023-03-26 06:00:00;2.33;2.6;14.9;17.7;10.0;54.0;38.71;707.3;0.0;71.0;2.9;0.0;18.68;2.4;275.0
2022;2023-03-26 07:00:00;2.34;3.0;23.2;26.4;7.0;68.0;36.52;707.7;0.0;59.0;3.3;0.003;18.7;3.6;225.0
2023;2023-03-26 08:00:00;2.33;5.8;22.7;28.8;11.0;71.0;35.59;708.1;0.0;51.0;4.5;0.074;19.27;5.1;213.0
2024;2023-03-26 09:00:00;2.33;7.1;15.8;23.1;18.0;79.0;38.45;708.3;0.0;49.0;5.7;0.272;22.1;3.6;163.0
2025;2023-03-26 10:00:00;2.37;7.3;15.6;23.0;23.0;89.0;41.95;708.3;0.0;49.0;5.5;0.355;23.27;4.4;19.0
2026;2023-03-26 11:00:00;2.55;18.5;30.6;49.3;20.0;81.0;53.97;708.3;0.0;44.0;6.5;0.316;25.48;4.6;96.0
2027;2023-03-26 12:00:00;2.56;9.9;26.0;36.1;33.0;98.0;50.72;707.9;0.0;36.0;8.8;0.615;27.0;6.1;65.0
2028;2023-03-26 13:00:00;2.44;9.7;29.0;39.0;39.0;90.0;44.92;707.5;0.0;27.0;8.8;0.662;29.05;7.8;78.0
2029;2023-03-26 14:00:00;2.38;4.3;18.5;23.0;68.0;90.0;36.36;706.9;0.0;21.0;6.4;0.719;30.16;9.3;76.0
2030;2023-03-26 15:00:00;2.29;3.4;15.5;19.1;79.0;75.0;30.99;706.2;0.0;16.0;4.9;0.614;31.8;10.1;69.0
2031;2023-03-26 16:00:00;2.39;2.8;13.6;16.5;88.0;72.0;37.5;705.8;0.0;20.0;4.3;0.367;31.73;12.0;77.0
2032;2023-03-26 17:00:00;2.36;2.7;11.9;14.8;73.0;75.0;37.83;705.7;0.0;23.0;4.2;0.235;31.95;11.1;96.0
2033;2023-03-26 18:00:00;2.36;2.5;9.9;12.7;68.0;68.0;40.05;705.9;0.0;28.0;4.2;0.127;31.04;12.4;108.0
2034;2023-03-26 19:00:00;2.32;2.5;11.6;14.3;58.0;73.0;38.86;706.6;0.0;28.0;5.2;0.036;30.06;10.4;73.0
2035;2023-03-26 20:00:00;2.29;2.4;10.5;13.1;36.0;70.0;34.71;707.2;0.0;32.0;4.4;0.0;28.48;8.2;80.0
2036;2023-03-26 21:00:00;2.35;2.4;13.1;15.7;29.0;58.0;34.19;707.7;0.0;34.0;4.2;0.0;27.45;5.3;115.0
2037;2023-03-26 22:00:00;2.33;;12.5;15.1;29.0;57.0;31.91;708.2;0.0;33.0;4.2;0.0;26.81;5.1;109.0
2038;2023-03-26 23:00:00;2.3;;10.6;13.3;28.0;52.0;30.07;708.4;0.0;34.0;3.7;0.0;26.2;4.6;76.0
2039;2023-03-27 00:00:00;2.35;;13.7;16.3;22.0;49.0;32.39;708.4;0.0;43.0;3.5;0.0;25.23;7.3;41.0
2040;2023-03-27 01:00:00;2.41;2.8;21.9;24.8;9.0;64.0;34.67;708.4;0.0;56.0;3.4;0.0;23.64;4.5;305.0
2041;2023-03-27 02:00:00;2.39;4.6;21.9;26.7;7.0;66.0;37.81;708.4;0.0;62.0;3.3;0.0;23.21;6.4;8.0
2042;2023-03-27 03:00:00;2.37;4.3;17.0;21.5;7.0;67.0;37.38;708.3;0.0;72.0;3.0;0.0;22.24;4.6;21.0
2043;2023-03-27 04:00:00;2.41;2.8;16.6;19.6;7.0;65.0;37.6;708.2;0.0;76.0;2.9;0.0;21.78;5.5;6.0
2044;2023-03-27 05:00:00;2.43;3.5;16.3;19.9;8.0;63.0;41.87;708.2;0.0;77.0;2.9;0.0;21.5;4.1;36.0
2045;2023-03-27 06:00:00;2.46;2.6;13.4;16.3;8.0;68.0;42.15;708.4;0.0;78.0;;0.0;21.13;2.0;357.0
2046;2023-03-27 07:00:00;2.57;4.9;14.9;20.0;6.0;61.0;42.91;708.7;0.0;79.0;;0.004;20.91;2.5;230.0
2047;2023-03-27 08:00:00;2.62;16.4;28.7;45.2;6.0;66.0;52.58;709.1;0.0;62.0;3.4;0.052;21.57;4.5;208.0
2048;2023-03-27 09:00:00;2.93;26.4;24.8;51.3;4.0;100.0;54.03;709.6;0.0;70.0;3.3;0.066;22.28;5.9;69.0
2049;2023-03-27 10:00:00;2.73;12.2;19.8;32.3;10.0;70.0;50.25;710.0;0.0;73.0;3.2;0.205;22.27;8.6;71.0
2050;2023-03-27 11:00:00;2.5;7.0;19.4;26.6;12.0;16.0;;710.3;0.0;67.0;4.0;0.378;22.97;10.1;62.0
2051;2023-03-27 12:00:00;2.83;10.9;19.3;30.4;22.0;;47.39;710.2;0.0;59.0;5.0;0.72;24.66;9.1;47.0
2052;2023-03-27 13:00:00;2.85;4.5;11.0;15.7;39.0;130.0;42.3;709.6;0.0;53.0;5.0;0.945;26.18;10.9;55.0
2053;2023-03-27 14:00:00;2.83;3.5;9.2;12.9;47.0;67.0;42.3;709.0;0.0;49.0;4.3;0.791;27.24;11.7;51.0
2054;2023-03-27 15:00:00;2.79;3.5;8.2;12.0;43.0;75.0;40.39;708.5;0.0;47.0;4.1;0.709;27.97;13.5;49.0
2055;2023-03-27 16:00:00;2.78;4.2;8.3;12.8;35.0;66.0;33.06;708.1;0.0;42.0;4.0;0.628;28.9;14.3;51.0
2056;2023-03-27 17:00:00;2.81;3.8;7.9;12.0;33.0;68.0;31.58;708.0;0.0;39.0;3.7;0.371;29.19;14.5;69.0
2057;2023-03-27 18:00:00;2.84;3.5;9.3;13.0;31.0;60.0;32.6;708.3;0.0;39.0;3.4;0.105;28.79;13.3;78.0
2058;2023-03-27 19:00:00;2.89;3.0;12.7;15.9;26.0;65.0;33.14;708.7;0.0;41.0;3.2;0.022;27.85;11.5;81.0
2059;2023-03-27 20:00:00;2.85;2.8;11.9;14.9;24.0;66.0;33.58;709.5;0.0;43.0;3.0;0.0;27.28;10.5;72.0
2060;2023-03-27 21:00:00;2.84;2.9;11.9;14.9;22.0;59.0;35.62;710.0;0.0;45.0;3.1;0.0;26.81;11.0;70.0
2061;2023-03-27 22:00:00;2.8;2.5;9.3;12.0;23.0;65.0;33.32;710.6;0.0;48.0;3.1;0.0;26.2;10.4;71.0
2062;2023-03-27 23:00:00;2.88;2.6;13.0;15.8;17.0;54.0;37.34;711.0;0.0;55.0;3.0;0.0;25.09;8.5;66.0
2063;2023-03-28 00:00:00;2.86;2.4;8.9;11.6;17.0;71.0;37.59;711.0;0.0;61.0;3.0;0.0;24.4;9.5;62.0
2064;2023-03-28 01:00:00;2.81;2.4;6.2;8.8;17.0;64.0;38.8;711.0;0.0;66.0;2.7;0.0;23.94;9.7;56.0
2065;2023-03-28 02:00:00;2.81;;4.9;7.5;;63.0;46.95;711.1;0.0;68.0;2.8;0.0;23.69;9.3;57.0
2066;2023-03-28 03:00:00;2.81;;4.5;7.1;16.0;76.0;46.27;711.3;0.0;70.0;2.8;0.0;23.28;9.2;62.0
2067;2023-03-28 04:00:00;2.81;;4.2;6.8;16.0;77.0;39.27;711.5;0.0;73.0;;0.0;22.83;8.3;59.0
2068;2023-03-28 05:00:00;2.8;2.3;4.0;6.5;15.0;64.0;37.55;711.6;0.0;74.0;2.7;0.0;22.63;8.2;66.0
2069;2023-03-28 06:00:00;2.82;2.4;5.6;8.1;14.0;68.0;37.88;711.8;0.0;75.0;2.7;0.0;22.31;6.5;58.0
2070;2023-03-28 07:00:00;2.9;3.9;11.9;16.0;9.0;61.0;40.78;712.2;0.0;76.0;;0.002;22.27;8.1;49.0
2071;2023-03-28 08:00:00;3.06;8.2;14.6;23.0;5.0;69.0;41.4;712.9;0.0;76.0;2.8;0.044;22.07;10.8;65.0
2072;2023-03-28 09:00:00;3.05;7.3;12.7;20.2;8.0;78.0;30.85;713.7;0.0;77.0;2.7;0.086;22.02;10.4;72.0
2073;2023-03-28 10:00:00;3.07;7.0;12.4;19.6;9.0;60.0;27.67;713.9;0.0;76.0;2.8;0.121;22.24;10.2;87.0
2074;2023-03-28 11:00:00;3.0;4.8;11.1;16.1;12.0;61.0;25.17;714.2;0.0;77.0;2.7;0.069;21.94;10.0;92.0
2075;2023-03-28 12:00:00;3.07;6.1;13.6;19.9;11.0;45.0;28.4;714.3;0.0;81.0;2.7;0.105;21.2;7.2;126.0
2076;2023-03-28 13:00:00;3.07;4.9;12.4;17.5;18.0;57.0;19.04;714.6;0.0;78.0;;0.072;19.83;13.7;19.0
2077;2023-03-28 14:00:00;3.03;3.9;12.7;16.9;22.0;48.0;20.18;715.1;0.0;73.0;2.8;0.04;17.8;9.8;7.0
2078;2023-03-28 15:00:00;2.92;3.5;12.2;16.0;24.0;77.0;19.69;715.0;0.0;70.0;3.0;0.033;16.8;9.5;29.0
2079;2023-03-28 16:00:00;2.92;4.1;16.1;20.4;21.0;54.0;17.43;715.3;0.0;74.0;3.0;0.036;15.58;7.0;25.0
2080;2023-03-28 17:00:00;2.84;4.1;15.6;19.9;21.0;42.0;12.38;715.9;0.0;77.0;;0.021;13.33;11.5;42.0
2081;2023-03-28 18:00:00;3.02;5.0;24.6;29.8;13.0;35.0;16.29;716.8;0.0;80.0;;0.011;12.51;9.4;74.0
2082;2023-03-28 19:00:00;2.92;3.6;17.6;21.4;23.0;35.0;18.56;717.4;0.0;81.0;2.9;0.003;11.91;10.2;56.0
2083;2023-03-28 20:00:00;2.88;2.8;16.4;19.4;24.0;29.0;19.74;717.5;0.0;80.0;2.9;0.0;11.45;8.7;37.0
2084;2023-03-28 21:00:00;2.9;3.1;20.2;23.5;23.0;31.0;20.92;717.7;0.0;78.0;3.0;0.0;11.2;8.8;40.0
2085;2023-03-28 22:00:00;3.04;2.5;17.9;20.6;27.0;36.0;22.82;717.8;0.0;78.0;3.3;0.0;11.15;6.8;47.0
2086;2023-03-28 23:00:00;2.93;2.5;17.1;19.7;27.0;40.0;23.8;717.6;0.0;79.0;3.2;0.0;11.0;6.1;29.0
2087;2023-03-29 00:00:00;3.2;2.4;18.8;21.4;25.0;39.0;30.01;717.1;0.0;80.0;3.2;0.0;11.15;5.2;18.0
2088;2023-03-29 01:00:00;3.12;2.4;15.7;18.3;26.0;43.0;29.64;716.9;0.0;80.0;3.9;0.0;11.55;5.5;6.0
2089;2023-03-29 02:00:00;2.94;;13.9;16.5;29.0;41.0;29.53;716.3;0.0;81.0;3.3;0.0;11.68;4.4;25.0
2090;2023-03-29 03:00:00;2.78;;13.2;15.8;32.0;43.0;24.91;715.5;0.0;81.0;3.2;0.0;11.65;5.6;54.0
2091;2023-03-29 04:00:00;2.8;2.5;19.5;22.2;24.0;48.0;31.12;714.9;0.0;78.0;3.3;0.0;11.9;6.1;21.0
2092;2023-03-29 05:00:00;2.87;2.4;16.5;19.1;27.0;50.0;30.18;714.3;0.0;74.0;3.2;0.0;12.18;6.3;35.0
2093;2023-03-29 06:00:00;2.86;2.5;18.8;21.5;24.0;49.0;34.44;714.5;0.0;74.0;3.2;0.0;12.13;6.6;10.0
2094;2023-03-29 07:00:00;2.9;2.7;22.5;25.4;20.0;57.0;39.63;714.7;0.0;75.0;;0.001;12.03;3.9;58.0
2095;2023-03-29 08:00:00;2.95;5.0;26.9;32.1;14.0;67.0;44.89;714.8;0.0;76.0;3.3;0.013;12.22;3.6;38.0
2096;2023-03-29 09:00:00;3.24;12.2;35.0;47.4;8.0;67.0;49.55;715.1;0.0;79.0;3.2;0.027;11.95;5.0;352.0
2097;2023-03-29 10:00:00;3.29;14.3;38.5;53.1;7.0;64.0;44.95;715.5;0.0;82.0;3.1;0.029;11.72;6.7;352.0
2098;2023-03-29 11:00:00;3.21;14.5;36.5;51.2;9.0;52.0;;715.5;0.0;83.0;3.2;0.048;11.5;6.5;20.0
2099;2023-03-29 12:00:00;3.17;11.2;32.2;43.6;13.0;65.0;51.91;715.2;0.0;84.0;3.7;0.08;11.65;6.2;68.0
2100;2023-03-29 13:00:00;3.15;7.6;27.9;35.8;18.0;55.0;38.08;714.8;0.0;85.0;3.5;0.101;11.86;6.2;78.0
2101;2023-03-29 14:00:00;3.16;7.1;27.2;34.6;23.0;45.0;33.21;714.1;0.0;85.0;3.2;0.125;12.26;4.9;65.0
2102;2023-03-29 15:00:00;3.15;5.5;27.1;32.8;25.0;39.0;32.81;713.5;0.0;85.0;3.2;0.094;12.51;6.6;86.0
2103;2023-03-29 16:00:00;3.13;5.4;25.8;31.3;26.0;41.0;31.94;713.0;0.0;82.0;3.1;0.088;13.06;9.3;69.0
2104;2023-03-29 17:00:00;3.12;4.6;22.6;27.4;24.0;47.0;22.48;712.7;0.0;82.0;3.0;0.038;12.97;9.6;54.0
2105;2023-03-29 18:00:00;3.16;4.9;25.2;30.3;17.0;39.0;22.06;712.5;0.0;82.0;3.0;0.016;12.83;9.2;51.0
2106;2023-03-29 19:00:00;3.15;4.6;24.1;28.9;17.0;47.0;19.46;712.7;0.0;81.0;2.9;0.004;12.85;10.3;56.0
2107;2023-03-29 20:00:00;3.09;3.4;23.3;26.8;16.0;43.0;19.55;712.9;0.0;82.0;3.0;0.0;12.57;7.3;33.0
2108;2023-03-29 21:00:00;3.03;3.8;20.3;24.4;17.0;37.0;19.52;713.2;0.0;82.0;2.9;0.0;12.53;6.8;44.0
2109;2023-03-29 22:00:00;3.04;3.0;22.2;25.4;15.0;37.0;20.44;713.2;0.0;82.0;2.8;0.0;12.59;5.5;47.0
2110;2023-03-29 23:00:00;2.97;2.6;17.0;19.8;16.0;37.0;15.74;713.1;0.0;81.0;2.9;0.0;12.7;3.5;63.0
2111;2023-03-30 00:00:00;2.95;2.5;16.7;19.3;16.0;33.0;18.98;712.8;0.0;81.0;2.8;0.0;12.57;5.1;35.0
2112;2023-03-30 01:00:00;2.91;2.5;14.2;16.8;18.0;34.0;21.98;712.5;0.0;82.0;2.8;0.0;12.37;3.0;354.0
2113;2023-03-30 02:00:00;2.94;3.2;24.8;28.2;9.0;29.0;;712.1;0.0;83.0;;0.0;12.34;2.7;323.0
2114;2023-03-30 03:00:00;3.01;2.8;27.4;30.4;6.0;36.0;34.47;711.6;0.0;83.0;2.7;0.0;12.37;2.0;281.0
2115;2023-03-30 04:00:00;3.02;2.8;24.5;27.6;6.0;32.0;;711.0;0.0;85.0;2.8;0.0;12.56;2.1;162.0
2116;2023-03-30 05:00:00;3.28;5.3;28.6;34.1;4.0;43.0;;711.1;0.0;85.0;2.9;0.0;12.61;3.5;24.0
2117;2023-03-30 06:00:00;3.23;5.0;26.6;31.8;4.0;57.0;49.52;710.7;0.0;86.0;2.9;0.0;12.8;2.7;122.0
2118;2023-03-30 07:00:00;3.21;8.6;26.3;35.0;4.0;56.0;45.75;710.8;0.0;85.0;3.0;0.001;13.1;2.4;9.0
2119;2023-03-30 08:00:00;3.49;39.4;28.4;68.0;;58.0;50.21;710.8;0.0;85.0;3.2;0.037;13.6;2.2;52.0
2120;2023-03-30 09:00:00;3.68;44.3;28.9;73.5;;80.0;51.33;711.0;0.0;85.0;3.2;0.065;14.1;4.8;69.0
2121;2023-03-30 10:00:00;3.56;36.2;29.7;66.2;7.0;84.0;55.44;711.1;0.0;80.0;3.1;0.158;15.13;4.0;63.0
2122;2023-03-30 11:00:00;3.65;35.7;33.5;69.4;9.0;76.0;61.47;711.0;0.0;73.0;3.2;0.246;16.2;4.4;56.0
2123;2023-03-30 12:00:00;3.5;36.0;36.6;72.9;9.0;89.0;69.19;710.6;0.0;69.0;3.6;0.24;17.07;4.0;32.0
2124;2023-03-30 13:00:00;3.48;30.8;36.7;67.7;13.0;97.0;78.06;710.1;0.0;66.0;3.6;0.381;17.8;5.3;23.0
2125;2023-03-30 14:00:00;3.4;17.1;30.0;47.2;23.0;111.0;73.15;709.6;0.0;63.0;3.7;0.515;18.86;8.3;69.0
2126;2023-03-30 15:00:00;3.33;10.1;27.7;38.0;29.0;86.0;68.88;709.1;0.0;63.0;3.6;0.421;19.25;8.3;48.0
2127;2023-03-30 16:00:00;3.28;11.0;32.7;43.9;26.0;100.0;62.22;708.7;0.0;62.0;4.0;0.306;19.87;6.6;20.0
2128;2023-03-30 17:00:00;3.3;12.1;33.9;46.2;18.0;89.0;46.45;708.4;0.0;64.0;4.3;0.184;20.08;7.7;32.0
2129;2023-03-30 18:00:00;3.37;11.4;36.6;48.1;14.0;92.0;46.98;708.4;0.0;66.0;5.4;0.11;19.96;6.2;28.0
2130;2023-03-30 19:00:00;3.4;8.2;37.8;46.2;10.0;93.0;42.42;708.6;0.0;68.0;4.9;0.031;19.53;6.1;17.0
2131;2023-03-30 20:00:00;3.63;4.9;37.5;42.6;8.0;96.0;44.38;708.9;0.0;70.0;4.3;0.0;19.12;4.4;336.0
2132;2023-03-30 21:00:00;4.07;12.9;36.9;50.0;4.0;93.0;48.82;709.3;0.0;72.0;4.0;0.0;18.63;2.5;221.0
2133;2023-03-30 22:00:00;3.87;16.7;37.7;54.6;3.0;93.0;51.38;709.6;0.0;74.0;3.7;0.0;18.37;2.4;231.0
2134;2023-03-30 23:00:00;3.95;29.1;35.7;65.0;3.0;97.0;56.51;709.6;0.0;75.0;3.6;0.0;18.11;2.2;233.0
2135;2023-03-31 00:00:00;3.94;30.5;34.0;64.8;3.0;105.0;57.92;709.6;0.0;75.0;3.5;0.0;18.11;2.4;241.0
2136;2023-03-31 01:00:00;3.96;34.1;31.2;65.5;;103.0;62.79;709.7;0.0;76.0;3.5;0.0;18.03;2.0;246.0
2137;2023-03-31 02:00:00;4.03;41.1;30.7;72.0;;100.0;55.42;709.5;0.0;76.0;3.4;0.0;18.42;2.8;217.0
2138;2023-03-31 03:00:00;3.8;24.9;29.6;54.7;;104.0;53.02;709.2;0.0;76.0;3.4;0.0;18.37;2.3;248.0
2139;2023-03-31 04:00:00;3.81;24.7;28.7;53.6;;91.0;53.73;709.1;0.0;77.0;;0.0;17.9;2.5;233.0
2140;2023-03-31 05:00:00;3.61;15.4;26.3;41.9;;87.0;59.65;709.1;0.0;78.0;3.3;0.0;17.46;2.5;229.0
2141;2023-03-31 06:00:00;3.46;12.5;22.4;35.2;;95.0;63.47;709.3;0.0;77.0;3.4;0.0;17.13;2.9;227.0
2142;2023-03-31 07:00:00;3.55;23.1;22.5;45.8;4.0;90.0;66.53;709.7;0.0;77.0;3.5;0.004;17.09;2.4;257.0
2143;2023-03-31 08:00:00;4.17;60.2;23.9;84.4;4.0;100.0;65.24;710.0;0.0;77.0;3.7;0.073;17.73;2.4;255.0
2144;2023-03-31 09:00:00;3.8;38.0;29.8;68.1;8.0;120.0;67.14;710.3;0.0;67.0;3.9;0.23;20.62;3.9;338.0
2145;2023-03-31 10:00:00;3.67;19.5;30.1;49.8;16.0;122.0;56.34;710.6;0.0;61.0;4.3;0.423;22.46;4.6;11.0
2146;2023-03-31 11:00:00;3.84;21.2;42.4;63.8;20.0;108.0;67.69;710.5;0.0;57.0;4.2;0.37;23.86;5.7;29.0
2147;2023-03-31 12:00:00;4.09;20.2;54.4;74.9;29.0;131.0;86.71;710.3;0.0;55.0;4.7;0.58;24.75;7.0;43.0
2148;2023-03-31 13:00:00;3.86;9.5;43.0;52.7;51.0;170.0;81.69;709.8;0.0;50.0;4.8;0.771;26.24;8.8;80.0
2149;2023-03-31 14:00:00;3.63;5.1;30.4;35.7;71.0;141.0;73.61;709.3;0.0;45.0;4.8;0.601;27.62;9.6;51.0
2150;2023-03-31 15:00:00;3.51;3.7;21.6;25.6;86.0;126.0;62.06;708.9;0.0;43.0;4.3;0.739;29.32;10.6;42.0
2151;2023-03-31 16:00:00;3.41;3.4;18.9;22.5;81.0;110.0;53.42;708.5;0.0;41.0;4.1;0.424;29.91;11.8;37.0
2152;2023-03-31 17:00:00;3.4;3.6;20.4;24.2;71.0;97.0;50.0;708.6;0.0;40.0;3.8;0.324;30.08;12.3;49.0
2153;2023-03-31 18:00:00;3.28;3.3;20.1;23.6;54.0;101.0;39.81;709.0;0.0;36.0;4.4;0.096;29.79;11.2;71.0
2154;2023-03-31 19:00:00;3.25;2.7;17.6;20.4;51.0;78.0;36.31;709.4;0.0;40.0;4.0;0.026;28.74;10.0;118.0
2155;2023-03-31 20:00:00;3.31;2.6;18.8;21.5;47.0;69.0;39.51;709.7;0.0;46.0;3.6;0.0;27.86;8.0;111.0
2156;2023-03-31 21:00:00;3.24;2.6;17.0;19.7;45.0;72.0;37.19;710.2;0.0;47.0;3.2;0.0;27.32;6.5;88.0
2157;2023-03-31 22:00:00;3.52;3.6;35.3;39.1;19.0;65.0;41.35;710.7;0.0;51.0;3.2;0.0;25.72;2.8;300.0
2158;2023-03-31 23:00:00;4.18;39.4;52.1;91.7;4.0;78.0;59.01;711.3;0.0;52.0;3.4;0.0;24.74;3.5;297.0
2159;2023-04-01 00:00:00;;;;;;;;;;;;0.0;;;
2160;2023-04-01 01:00:00;3.6;9.5;40.9;50.7;3.0;157.0;72.39;711.7;0.0;57.0;3.2;0.0;23.91;4.4;329.0
2161;2023-04-01 02:00:00;3.49;11.7;32.1;44.0;4.0;108.0;;711.7;0.0;64.0;3.1;0.0;22.82;3.1;13.0
2162;2023-04-01 03:00:00;3.19;2.9;17.6;20.6;8.0;98.0;;711.6;0.0;72.0;2.9;0.0;22.01;3.0;51.0
2163;2023-04-01 04:00:00;3.16;3.4;17.9;21.4;5.0;67.0;;711.6;0.0;76.0;2.8;0.0;21.26;2.4;34.0
2164;2023-04-01 05:00:00;3.17;8.8;20.0;29.1;3.0;60.0;;711.8;0.0;79.0;2.8;0.0;20.69;2.1;19.0
2165;2023-04-01 06:00:00;3.15;13.6;18.0;31.9;3.0;68.0;;712.2;0.0;80.0;2.9;0.0;20.45;1.8;226.0
2166;2023-04-01 07:00:00;3.22;32.1;17.0;49.3;3.0;75.0;;712.5;0.0;81.0;3.0;0.004;20.14;1.8;267.0
2167;2023-04-01 08:00:00;3.38;38.9;19.4;58.6;;79.0;;713.0;0.0;80.0;3.1;0.088;21.16;1.8;241.0
2168;2023-04-01 09:00:00;3.99;52.9;29.6;82.7;7.0;84.0;46.74;713.7;0.0;71.0;3.1;0.232;23.58;5.6;31.0
2169;2023-04-01 10:00:00;3.45;17.8;26.0;44.0;16.0;107.0;45.31;714.1;0.0;60.0;;0.472;24.86;9.0;56.0
2170;2023-04-01 11:00:00;3.08;5.7;11.0;16.9;30.0;98.0;31.62;714.3;0.0;51.0;4.2;0.311;25.59;10.3;21.0
2171;2023-04-01 12:00:00;2.98;4.1;8.3;12.7;31.0;89.0;26.53;714.1;0.0;54.0;3.7;0.24;25.33;11.9;16.0
2172;2023-04-01 13:00:00;3.05;4.9;10.9;16.1;32.0;68.0;28.82;713.6;0.0;54.0;3.4;0.39;26.02;12.0;55.0
2173;2023-04-01 14:00:00;3.07;3.8;9.8;13.8;39.0;66.0;37.82;712.9;0.0;55.0;3.2;0.333;25.92;12.1;75.0
2174;2023-04-01 15:00:00;3.04;3.5;9.0;12.8;31.0;66.0;33.03;712.2;0.0;54.0;3.3;0.159;25.77;12.5;89.0
2175;2023-04-01 16:00:00;3.0;3.1;7.6;10.9;30.0;54.0;38.21;711.8;0.0;55.0;3.1;0.116;25.53;10.1;127.0
2176;2023-04-01 17:00:00;3.01;3.1;6.9;10.2;28.0;57.0;34.6;711.5;0.0;56.0;3.2;0.146;25.36;10.0;126.0
2177;2023-04-01 18:00:00;3.0;2.9;7.6;10.7;24.0;50.0;29.83;711.4;0.0;57.0;3.0;0.055;24.96;12.2;125.0
2178;2023-04-01 19:00:00;3.01;2.5;7.6;10.4;25.0;49.0;28.16;711.6;0.0;58.0;3.1;0.006;24.59;10.3;112.0
2179;2023-04-01 20:00:00;3.05;2.6;9.5;12.3;22.0;51.0;29.74;711.8;0.0;60.0;3.1;0.0;24.3;9.6;93.0
2180;2023-04-01 21:00:00;3.04;2.5;9.0;11.7;22.0;48.0;29.78;712.1;0.0;59.0;3.0;0.0;24.3;7.1;98.0
2181;2023-04-01 22:00:00;3.02;2.4;8.4;11.0;23.0;50.0;29.56;712.4;0.0;59.0;2.9;0.0;24.36;8.6;93.0
2182;2023-04-01 23:00:00;3.02;2.4;7.5;10.1;22.0;50.0;30.14;712.5;0.0;61.0;2.9;0.0;24.13;7.9;98.0
2183;2023-04-02 00:00:00;3.01;2.4;6.3;8.9;20.0;51.0;32.24;712.1;0.0;66.0;2.8;0.0;23.45;9.1;81.0
2184;2023-04-02 01:00:00;3.02;2.4;6.3;8.9;18.0;51.0;29.52;711.6;0.0;70.0;2.8;0.0;22.71;7.2;87.0
2185;2023-04-02 02:00:00;3.02;2.4;6.1;8.7;17.0;47.0;28.59;711.0;0.0;74.0;2.7;0.0;22.15;8.6;60.0
2186;2023-04-02 03:00:00;3.05;2.4;7.4;10.0;12.0;44.0;28.82;710.6;0.0;78.0;2.8;0.0;21.43;8.8;42.0
2187;2023-04-02 04:00:00;3.03;2.4;5.9;8.5;12.0;47.0;27.73;710.4;0.0;80.0;2.6;0.0;21.05;7.0;47.0
2188;2023-04-02 05:00:00;3.03;2.3;5.3;7.8;12.0;52.0;25.95;710.2;0.0;81.0;2.6;0.0;20.91;6.8;61.0
2189;2023-04-02 06:00:00;3.01;2.4;5.1;7.7;;46.0;32.57;710.3;0.0;82.0;2.7;0.0;20.75;6.0;65.0
2190;2023-04-02 07:00:00;3.04;2.5;8.6;11.4;10.0;58.0;30.68;710.5;0.0;82.0;2.7;0.001;20.72;4.0;55.0
2191;2023-04-02 08:00:00;3.09;4.4;12.4;17.0;7.0;51.0;34.21;710.7;0.0;82.0;2.6;0.022;20.78;5.4;63.0
2192;2023-04-02 09:00:00;3.13;6.8;12.0;19.0;8.0;58.0;37.57;710.8;0.0;80.0;2.7;0.119;21.26;5.3;87.0
2193;2023-04-02 10:00:00;3.18;14.1;14.3;28.7;9.0;53.0;41.71;710.9;0.0;75.0;2.8;0.234;22.46;5.7;52.0
2194;2023-04-02 11:00:00;3.21;15.9;17.4;33.6;13.0;62.0;44.82;710.7;0.0;67.0;2.7;0.403;24.05;6.0;29.0
2195;2023-04-02 12:00:00;3.26;10.5;19.6;30.4;23.0;71.0;47.76;710.2;0.0;58.0;2.8;0.584;25.97;6.5;65.0
2196;2023-04-02 13:00:00;3.29;7.0;18.5;25.7;39.0;76.0;51.64;709.6;0.0;56.0;2.9;0.704;26.67;9.0;48.0
2197;2023-04-02 14:00:00;3.23;4.1;14.2;18.6;56.0;76.0;48.7;708.8;0.0;52.0;3.0;0.69;27.59;10.0;69.0
2198;2023-04-02 15:00:00;3.2;3.1;10.4;13.7;63.0;75.0;44.69;708.0;0.0;50.0;3.1;0.586;28.11;11.0;58.0
2199;2023-04-02 16:00:00;3.16;3.0;8.7;12.0;53.0;67.0;39.69;707.3;0.0;48.0;3.0;0.503;29.08;11.8;48.0
2200;2023-04-02 17:00:00;3.1;2.9;7.2;10.3;43.0;69.0;33.6;707.0;0.0;45.0;3.0;0.323;29.92;11.3;84.0
2201;2023-04-02 18:00:00;3.04;2.5;5.8;8.5;40.0;58.0;30.66;707.0;0.0;42.0;;0.146;30.0;11.1;111.0
2202;2023-04-02 19:00:00;3.06;2.4;6.9;9.5;33.0;45.0;30.62;707.2;0.0;47.0;2.8;0.023;28.41;9.6;99.0
2203;2023-04-02 20:00:00;3.1;2.4;7.8;10.4;27.0;50.0;34.58;707.4;0.0;52.0;2.9;0.0;27.37;8.9;85.0
2204;2023-04-02 21:00:00;3.19;2.5;12.1;14.7;22.0;55.0;36.58;707.7;0.0;53.0;2.8;0.0;27.04;6.2;82.0
2205;2023-04-02 22:00:00;3.24;2.5;15.7;18.4;17.0;50.0;39.62;707.9;0.0;54.0;2.8;0.0;26.42;4.0;49.0
2206;2023-04-02 23:00:00;3.23;2.6;15.8;18.5;17.0;58.0;37.95;707.8;0.0;54.0;;0.0;26.0;5.0;320.0
2207;2023-04-03 00:00:00;3.09;2.6;9.9;12.8;22.0;54.0;;707.7;0.0;52.0;2.7;0.0;25.61;3.5;232.0
2208;2023-04-03 01:00:00;3.28;2.8;20.8;23.7;10.0;54.0;35.06;707.5;0.0;57.0;2.8;0.0;24.37;3.6;230.0
2209;2023-04-03 02:00:00;3.34;4.2;23.4;27.9;5.0;58.0;38.85;707.3;0.0;64.0;2.8;0.0;23.8;4.0;7.0
2210;2023-04-03 03:00:00;3.26;6.9;21.5;28.7;3.0;83.0;45.47;707.0;0.0;69.0;2.9;0.0;22.49;1.9;237.0
2211;2023-04-03 04:00:00;3.25;9.6;20.0;29.9;3.0;75.0;43.37;706.7;0.0;72.0;2.8;0.0;21.92;2.2;291.0
2212;2023-04-03 05:00:00;3.35;8.7;19.5;28.4;3.0;72.0;44.07;706.6;0.0;74.0;2.9;0.0;21.45;2.2;249.0
2213;2023-04-03 06:00:00;3.37;10.3;18.7;29.4;;75.0;44.88;706.6;0.0;75.0;2.8;0.0;20.86;2.5;284.0
2214;2023-04-03 07:00:00;3.51;22.0;19.3;41.5;4.0;67.0;45.81;707.0;0.0;74.0;2.8;0.009;20.74;3.0;250.0
2215;2023-04-03 08:00:00;3.64;35.1;25.8;61.1;5.0;76.0;44.78;707.3;0.0;60.0;3.0;0.112;23.11;3.0;212.0
2216;2023-04-03 09:00:00;3.53;29.2;33.4;62.8;9.0;91.0;45.35;707.3;0.0;41.0;4.1;0.292;26.14;4.7;200.0
2217;2023-04-03 10:00:00;3.39;20.7;31.8;52.7;19.0;96.0;43.16;707.3;0.0;34.0;5.6;0.568;29.11;4.6;43.0
2218;2023-04-03 11:00:00;3.42;15.3;29.2;44.6;28.0;89.0;40.55;707.1;0.0;34.0;5.4;0.41;30.82;6.9;13.0
2219;2023-04-03 12:00:00;3.82;12.1;43.0;55.3;45.0;92.0;46.53;706.7;0.0;32.0;5.0;0.831;32.27;8.9;45.0
2220;2023-04-03 13:00:00;3.31;7.4;31.3;38.9;59.0;126.0;57.24;706.1;0.0;27.0;6.2;0.885;33.82;9.2;59.0
2221;2023-04-03 14:00:00;3.07;3.3;11.3;14.7;75.0;110.0;54.57;705.4;0.0;21.0;4.8;0.761;34.77;10.2;79.0
2222;2023-04-03 15:00:00;3.01;3.1;9.8;13.1;77.0;74.0;39.24;704.6;0.0;18.0;4.0;0.641;35.81;9.6;80.0
2223;2023-04-03 16:00:00;3.06;3.3;11.8;15.3;78.0;66.0;32.77;704.1;0.0;19.0;4.1;0.667;36.36;12.0;72.0
2224;2023-04-03 17:00:00;3.14;3.1;12.4;15.7;83.0;75.0;35.52;703.9;0.0;23.0;6.0;0.414;36.21;12.5;80.0
2225;2023-04-03 18:00:00;3.15;2.8;11.8;14.8;75.0;82.0;44.94;703.9;0.0;26.0;4.8;0.085;34.92;12.6;112.0
2226;2023-04-03 19:00:00;3.16;2.7;14.8;17.6;55.0;67.0;39.99;704.1;0.0;26.0;4.0;0.018;33.47;9.3;116.0
2227;2023-04-03 20:00:00;3.19;2.6;16.3;19.0;44.0;61.0;35.13;704.2;0.0;30.0;3.6;0.0;32.33;9.1;107.0
2228;2023-04-03 21:00:00;3.11;2.6;10.3;13.2;38.0;64.0;36.44;704.4;0.0;34.0;3.2;0.0;31.46;11.5;109.0
2229;2023-04-03 22:00:00;3.15;2.8;12.8;15.8;19.0;70.0;37.77;705.0;0.0;48.0;3.0;0.0;28.97;11.9;35.0
2230;2023-04-03 23:00:00;3.16;2.7;10.9;13.8;16.0;86.0;39.6;705.5;0.0;58.0;2.8;0.0;26.97;8.5;38.0
2231;2023-04-04 00:00:00;3.19;2.6;11.6;14.4;15.0;69.0;39.2;705.5;0.0;61.0;2.7;0.0;26.05;7.0;38.0
2232;2023-04-04 01:00:00;3.18;2.5;10.0;12.8;15.0;76.0;40.12;705.3;0.0;65.0;2.7;0.0;24.82;7.3;40.0
2233;2023-04-04 02:00:00;3.15;2.5;8.9;11.7;16.0;73.0;39.46;704.9;0.0;68.0;;0.0;23.92;5.8;45.0
2234;2023-04-04 03:00:00;3.18;2.9;18.7;21.7;7.0;70.0;40.15;704.4;0.0;70.0;2.8;0.0;23.24;2.6;302.0
2235;2023-04-04 04:00:00;3.24;7.4;23.7;31.3;3.0;71.0;43.68;704.1;0.0;72.0;2.8;0.0;22.75;2.2;242.0
2236;2023-04-04 05:00:00;3.21;3.7;18.2;22.0;5.0;76.0;44.64;703.9;0.0;73.0;2.9;0.0;22.53;2.5;275.0
2237;2023-04-04 06:00:00;3.28;6.5;18.9;25.6;3.0;72.0;47.4;704.0;0.0;73.0;2.8;0.0;22.26;2.6;258.0
2238;2023-04-04 07:00:00;3.41;10.1;17.7;28.1;3.0;74.0;47.25;704.2;0.0;74.0;2.9;0.007;22.0;2.0;289.0
2239;2023-04-04 08:00:00;3.74;37.6;22.0;59.8;4.0;78.0;46.53;704.5;0.0;74.0;3.2;0.061;22.48;2.4;25.0
2240;2023-04-04 09:00:00;3.91;48.0;29.1;77.4;4.0;103.0;53.54;704.6;0.0;70.0;3.2;0.102;23.47;2.4;310.0
2241;2023-04-04 10:00:00;4.4;66.0;42.7;109.0;5.0;126.0;58.85;704.8;0.0;65.0;3.4;0.158;24.47;4.4;41.0
2242;2023-04-04 11:00:00;4.4;41.7;49.7;91.5;9.0;163.0;67.62;704.9;0.0;63.0;3.2;0.259;24.92;6.2;85.0
2243;2023-04-04 12:00:00;4.16;26.1;49.6;75.9;16.0;178.0;77.54;704.7;0.0;54.0;3.1;0.403;26.54;7.5;67.0
2244;2023-04-04 13:00:00;3.85;12.2;39.6;52.0;31.0;145.0;71.42;704.3;0.0;44.0;3.3;0.488;28.36;7.6;89.0
2245;2023-04-04 14:00:00;3.57;5.7;28.3;34.2;48.0;118.0;69.31;703.8;0.0;34.0;3.8;0.385;30.62;6.9;79.0
2246;2023-04-04 15:00:00;3.41;4.9;24.0;29.1;53.0;97.0;54.76;703.3;0.0;29.0;4.4;0.371;32.17;8.8;58.0
2247;2023-04-04 16:00:00;3.25;4.3;19.8;24.3;53.0;88.0;47.41;702.8;0.0;25.0;4.1;0.3;32.89;9.6;81.0
2248;2023-04-04 17:00:00;3.2;3.9;17.9;22.0;50.0;75.0;40.15;702.6;0.0;23.0;3.7;0.168;33.44;8.0;89.0
2249;2023-04-04 18:00:00;3.36;4.2;28.7;33.0;41.0;69.0;36.31;702.9;0.0;26.0;3.6;0.08;32.42;8.4;48.0
2250;2023-04-04 19:00:00;3.69;5.7;44.5;50.4;18.0;84.0;41.94;703.3;0.0;38.0;3.5;0.025;30.66;7.6;22.0
2251;2023-04-04 20:00:00;3.72;5.0;41.7;46.9;13.0;137.0;55.72;703.8;0.0;42.0;3.3;0.0;29.51;7.7;26.0
2252;2023-04-04 21:00:00;3.63;6.9;41.8;48.8;8.0;109.0;55.0;704.2;0.0;46.0;3.2;0.0;28.58;4.6;22.0
2253;2023-04-04 22:00:00;3.86;15.7;43.6;59.5;3.0;106.0;56.45;704.7;0.0;52.0;3.1;0.0;27.54;4.2;342.0
2254;2023-04-04 23:00:00;3.99;18.0;41.3;59.5;3.0;126.0;66.13;705.3;0.0;53.0;3.1;0.0;26.65;4.2;221.0
2255;2023-04-05 00:00:00;3.8;17.5;44.8;62.5;4.0;114.0;65.76;705.4;0.0;46.0;3.2;0.0;26.5;3.8;249.0
2256;2023-04-05 01:00:00;3.87;28.9;43.7;72.7;4.0;134.0;64.98;705.5;0.0;48.0;3.7;0.0;26.08;3.5;252.0
2257;2023-04-05 02:00:00;3.93;31.7;40.4;72.3;4.0;139.0;67.13;705.3;0.0;51.0;3.7;0.0;25.63;4.4;260.0
2258;2023-04-05 03:00:00;3.96;30.4;35.0;65.6;3.0;125.0;64.27;705.1;0.0;59.0;;0.0;24.99;3.8;135.0
2259;2023-04-05 04:00:00;3.78;22.2;36.0;58.4;3.0;119.0;66.44;705.2;0.0;55.0;3.5;0.0;24.8;4.7;183.0
2260;2023-04-05 05:00:00;3.62;12.4;35.0;47.6;4.0;117.0;63.45;705.4;0.0;54.0;3.5;0.0;24.3;4.0;245.0
2261;2023-04-05 06:00:00;3.67;18.1;34.3;52.5;4.0;103.0;59.38;705.9;0.0;55.0;3.7;0.0;23.93;3.5;204.0
2262;2023-04-05 07:00:00;3.8;32.5;34.1;66.9;4.0;101.0;60.21;706.4;0.0;55.0;3.7;0.007;23.48;3.7;262.0
2263;2023-04-05 08:00:00;4.2;59.8;34.4;94.5;;106.0;60.25;706.9;0.0;60.0;;0.063;23.92;3.4;202.0
2264;2023-04-05 09:00:00;4.29;42.4;45.1;87.7;8.0;132.0;67.59;707.5;0.0;55.0;3.6;0.265;26.05;4.7;323.0
2265;2023-04-05 10:00:00;4.94;23.6;49.5;73.3;17.0;156.0;76.61;708.1;0.0;53.0;3.5;0.43;27.44;6.9;34.0
2266;2023-04-05 11:00:00;3.45;8.7;19.6;28.5;29.0;191.0;92.42;708.4;0.0;35.0;6.4;0.365;29.49;13.5;25.0
2267;2023-04-05 12:00:00;3.08;5.8;9.1;15.1;30.0;217.0;59.25;708.5;0.0;31.0;5.7;0.826;29.65;17.3;17.0
2268;2023-04-05 13:00:00;3.0;5.3;8.4;14.0;35.0;176.0;39.53;708.5;0.0;22.0;4.3;0.866;30.14;16.9;16.0
2269;2023-04-05 14:00:00;2.9;4.6;7.3;12.1;39.0;170.0;37.22;708.3;0.0;16.0;3.4;0.847;30.33;15.6;20.0
2270;2023-04-05 15:00:00;2.93;6.0;12.3;18.6;39.0;140.0;32.22;708.2;0.0;14.0;3.5;0.81;30.28;16.9;24.0
2271;2023-04-05 16:00:00;2.87;5.5;11.9;17.7;40.0;188.0;38.1;708.2;0.0;12.0;3.3;0.668;29.47;18.0;21.0
2272;2023-04-05 17:00:00;2.86;5.1;11.8;17.2;39.0;194.0;39.35;708.4;0.0;13.0;3.1;0.465;28.23;16.9;22.0
2273;2023-04-05 18:00:00;2.88;4.7;15.2;20.0;36.0;155.0;35.52;709.1;0.0;15.0;3.1;0.15;27.53;13.9;34.0
2274;2023-04-05 19:00:00;2.94;4.1;18.4;22.7;32.0;118.0;30.22;709.5;0.0;17.0;2.9;0.05;26.22;13.0;22.0
2275;2023-04-05 20:00:00;2.94;3.1;16.2;19.4;32.0;106.0;28.56;710.0;0.0;19.0;3.2;0.0;24.36;11.5;21.0
2276;2023-04-05 21:00:00;3.01;3.4;17.5;21.1;31.0;102.0;25.63;711.1;0.0;19.0;3.4;0.0;23.21;10.7;9.0
2277;2023-04-05 22:00:00;2.97;2.8;13.0;16.0;34.0;96.0;24.92;711.8;0.0;23.0;3.2;0.0;21.97;8.2;357.0
2278;2023-04-05 23:00:00;3.14;2.8;12.1;15.1;34.0;84.0;23.59;711.8;0.0;26.0;3.8;0.0;21.07;6.5;353.0
2279;2023-04-06 00:00:00;3.07;2.7;12.6;15.5;34.0;78.0;24.04;711.9;0.0;26.0;3.7;0.0;20.43;7.8;356.0
2280;2023-04-06 01:00:00;2.87;2.7;8.3;11.2;36.0;77.0;22.21;711.8;0.0;28.0;3.2;0.0;19.91;6.4;347.0
2281;2023-04-06 02:00:00;3.01;2.8;9.6;12.6;30.0;70.0;20.45;711.5;0.0;51.0;3.5;0.0;17.8;9.1;105.0
2282;2023-04-06 03:00:00;2.98;2.8;6.0;9.0;32.0;71.0;26.22;712.2;0.0;64.0;3.3;0.0;15.76;7.5;2.0
2283;2023-04-06 04:00:00;3.33;2.7;11.2;14.1;27.0;65.0;26.85;712.1;0.0;81.0;3.3;0.0;13.01;5.1;10.0
2284;2023-04-06 05:00:00;3.2;2.8;9.9;12.9;30.0;48.0;27.55;712.1;0.0;80.0;3.2;0.0;12.85;6.4;129.0
2285;2023-04-06 06:00:00;3.44;2.8;12.0;15.0;27.0;49.0;23.34;712.5;0.0;81.0;3.1;0.0;12.32;5.4;53.0
2286;2023-04-06 07:00:00;3.32;3.5;27.3;30.9;14.0;45.0;22.4;712.2;0.0;80.0;3.2;0.002;12.21;6.5;75.0
2287;2023-04-06 08:00:00;3.25;6.4;25.4;32.0;16.0;49.0;25.28;713.1;0.0;79.0;3.4;0.06;12.51;6.7;35.0
2288;2023-04-06 09:00:00;3.62;8.9;23.1;32.2;20.0;50.0;22.76;713.6;0.0;70.0;3.6;0.208;14.24;4.2;93.0
2289;2023-04-06 10:00:00;3.4;12.2;24.8;37.2;20.0;48.0;24.27;713.7;0.0;62.0;3.7;0.324;15.91;4.6;90.0
2290;2023-04-06 11:00:00;3.43;19.8;31.8;51.7;18.0;58.0;29.16;713.8;0.0;57.0;4.9;0.343;16.57;7.9;52.0
2291;2023-04-06 12:00:00;3.42;14.6;26.9;41.7;21.0;97.0;40.5;713.8;0.0;57.0;4.8;0.37;16.68;8.1;46.0
2292;2023-04-06 13:00:00;3.26;9.1;17.6;26.9;29.0;89.0;35.83;713.4;0.0;57.0;4.0;0.538;17.1;10.7;38.0
2293;2023-04-06 14:00:00;3.17;6.2;13.4;19.8;34.0;74.0;27.42;713.3;0.0;57.0;3.6;0.464;17.23;11.4;37.0
2294;2023-04-06 15:00:00;3.13;3.9;13.7;17.8;32.0;64.0;22.08;713.4;0.0;60.0;3.4;0.077;16.19;10.5;23.0
2295;2023-04-06 16:00:00;3.44;3.4;17.0;20.6;29.0;57.0;16.24;713.2;0.0;61.0;3.4;0.022;15.46;9.7;42.0
2296;2023-04-06 17:00:00;3.27;4.6;23.4;28.3;21.0;55.0;18.51;712.8;0.0;65.0;3.3;0.031;14.56;9.3;43.0
2297;2023-04-06 18:00:00;3.36;4.2;27.1;31.4;17.0;57.0;19.88;713.1;0.0;71.0;3.2;0.012;13.5;9.2;89.0
2298;2023-04-06 19:00:00;3.22;4.0;23.7;27.8;19.0;54.0;22.04;713.2;0.0;78.0;3.1;0.012;12.21;6.3;49.0
2299;2023-04-06 20:00:00;3.37;3.5;30.2;33.9;13.0;38.0;18.71;713.5;0.0;77.0;3.1;0.0;12.51;6.4;126.0
2300;2023-04-06 21:00:00;3.33;3.3;26.3;29.8;16.0;42.0;21.63;714.2;0.0;68.0;3.4;0.0;13.49;5.8;121.0
2301;2023-04-06 22:00:00;3.13;2.8;19.0;22.0;23.0;43.0;22.23;714.3;0.0;58.0;3.5;0.0;14.14;6.3;117.0
2302;2023-04-06 23:00:00;3.18;2.8;22.1;25.1;19.0;40.0;15.04;714.6;0.0;58.0;3.5;0.0;14.19;7.9;83.0
2303;2023-04-07 00:00:00;3.12;2.9;21.1;24.2;17.0;49.0;16.94;714.1;0.0;59.0;;0.0;13.97;5.0;97.0
2304;2023-04-07 01:00:00;3.19;2.9;26.7;29.9;11.0;46.0;19.68;714.0;0.0;60.0;3.6;0.0;13.93;2.9;177.0
2305;2023-04-07 02:00:00;3.22;2.8;22.5;25.5;14.0;50.0;23.59;713.8;0.0;60.0;3.6;0.0;14.18;4.3;68.0
2306;2023-04-07 03:00:00;3.23;3.0;27.0;30.2;11.0;49.0;22.95;713.7;0.0;60.0;3.5;0.0;14.19;6.6;56.0
2307;2023-04-07 04:00:00;3.11;2.8;19.7;22.7;18.0;68.0;25.97;713.8;0.0;58.0;3.3;0.0;13.93;6.7;46.0
2308;2023-04-07 05:00:00;3.08;2.9;12.9;16.0;24.0;52.0;18.87;714.1;0.0;62.0;3.3;0.0;13.59;7.0;49.0
2309;2023-04-07 06:00:00;3.3;2.7;13.7;16.6;22.0;39.0;12.03;714.0;0.0;65.0;3.4;0.0;13.42;5.8;50.0
2310;2023-04-07 07:00:00;3.23;2.9;15.0;18.1;19.0;49.0;13.41;714.2;0.0;70.0;3.4;0.003;13.16;5.1;37.0
2311;2023-04-07 08:00:00;3.33;3.9;17.4;21.4;17.0;41.0;12.46;714.5;0.0;71.0;3.5;0.042;13.38;5.4;42.0
2312;2023-04-07 09:00:00;3.59;6.8;19.5;26.5;16.0;45.0;14.05;714.7;0.0;73.0;3.6;0.09;13.42;5.4;17.0
2313;2023-04-07 10:00:00;3.5;6.8;18.2;25.3;18.0;51.0;16.03;714.8;0.0;73.0;3.9;0.145;14.04;3.4;349.0
2314;2023-04-07 11:00:00;3.4;7.7;18.2;26.1;19.0;42.0;18.23;714.7;0.0;67.0;4.0;0.184;15.1;4.8;67.0
2315;2023-04-07 12:00:00;3.41;13.0;22.1;35.3;17.0;51.0;24.5;714.4;0.0;65.0;4.1;0.288;15.79;7.1;68.0
2316;2023-04-07 13:00:00;3.34;10.0;20.5;30.8;19.0;69.0;29.82;713.9;0.0;65.0;4.5;0.22;16.1;8.3;68.0
2317;2023-04-07 14:00:00;3.24;4.5;20.9;25.6;16.0;68.0;33.61;713.9;0.0;73.0;4.1;0.021;14.75;7.5;29.0
2318;2023-04-07 15:00:00;3.24;4.8;16.9;22.0;13.0;57.0;35.54;713.3;0.0;84.0;3.5;0.029;13.43;8.6;15.0
2319;2023-04-07 16:00:00;3.18;4.6;13.3;18.1;14.0;35.0;17.41;713.3;0.0;86.0;3.3;0.035;13.04;7.1;29.0
2320;2023-04-07 17:00:00;3.21;4.8;14.8;19.8;13.0;28.0;11.76;713.0;0.0;86.0;3.2;0.029;13.06;6.9;32.0
2321;2023-04-07 18:00:00;3.34;4.9;18.2;23.3;10.0;29.0;12.62;713.2;0.0;86.0;3.2;0.019;13.21;4.8;71.0
2322;2023-04-07 19:00:00;3.66;3.2;14.9;18.3;12.0;35.0;18.29;713.4;0.0;85.0;;0.006;13.39;4.7;57.0
2323;2023-04-07 20:00:00;3.51;4.9;22.2;27.3;6.0;33.0;19.34;713.9;0.0;85.0;3.1;0.0;13.53;3.2;101.0
2324;2023-04-07 21:00:00;3.32;4.8;23.0;28.0;5.0;41.0;21.37;714.1;0.0;86.0;3.2;0.0;13.51;3.3;56.0
2325;2023-04-07 22:00:00;3.67;3.8;22.5;26.6;6.0;41.0;24.51;714.3;0.0;85.0;3.2;0.0;13.56;3.5;32.0
2326;2023-04-07 23:00:00;3.53;6.4;24.5;31.1;4.0;40.0;20.3;714.4;0.0;83.0;3.4;0.0;13.83;4.2;75.0
2327;2023-04-08 00:00:00;3.36;8.4;24.6;33.2;3.0;46.0;22.72;714.2;0.0;82.0;3.4;0.0;13.87;4.4;57.0
2328;2023-04-08 01:00:00;3.24;4.2;18.4;22.8;8.0;52.0;22.09;714.2;0.0;82.0;;0.0;13.73;4.5;38.0
2329;2023-04-08 02:00:00;3.21;3.3;17.7;21.1;7.0;43.0;19.74;714.1;0.0;82.0;3.3;0.0;13.61;5.7;24.0
2330;2023-04-08 03:00:00;3.18;3.2;16.7;20.1;7.0;39.0;19.32;714.2;0.0;84.0;3.2;0.0;13.33;4.8;52.0
2331;2023-04-08 04:00:00;3.14;3.3;14.6;18.1;9.0;37.0;21.9;714.0;0.0;86.0;3.1;0.0;12.9;5.7;51.0
2332;2023-04-08 05:00:00;3.11;2.7;8.3;11.2;15.0;32.0;18.73;714.0;0.0;88.0;3.0;0.0;12.66;4.3;31.0
2333;2023-04-08 06:00:00;3.11;2.6;9.1;11.9;15.0;21.0;10.32;714.2;0.0;89.0;3.0;0.0;12.56;4.3;40.0
2334;2023-04-08 07:00:00;3.14;2.7;12.1;15.1;11.0;25.0;10.15;714.4;0.0;90.0;;0.002;12.54;3.6;68.0
2335;2023-04-08 08:00:00;3.21;5.1;15.5;20.8;8.0;26.0;13.87;714.8;0.0;90.0;;0.021;12.7;4.1;94.0
2336;2023-04-08 09:00:00;3.26;9.4;15.9;25.5;7.0;34.0;23.06;715.2;0.0;90.0;2.9;0.065;13.08;3.0;132.0
2337;2023-04-08 10:00:00;3.42;17.4;17.5;35.1;8.0;34.0;24.75;715.4;0.0;90.0;3.1;0.147;13.72;4.2;65.0
2338;2023-04-08 11:00:00;3.58;23.1;19.2;42.6;8.0;46.0;32.88;715.5;0.0;88.0;3.2;0.214;14.99;4.2;48.0
2339;2023-04-08 12:00:00;3.78;21.8;19.6;41.6;11.0;62.0;45.89;715.3;0.0;78.0;3.3;0.365;16.56;5.9;58.0
2340;2023-04-08 13:00:00;3.65;21.5;22.9;44.7;10.0;71.0;48.93;714.8;0.0;72.0;3.2;0.251;17.15;5.3;72.0
2341;2023-04-08 14:00:00;3.45;13.3;19.9;33.5;18.0;76.0;57.26;714.3;0.0;66.0;3.4;0.416;18.42;6.0;102.0
2342;2023-04-08 15:00:00;3.35;5.8;14.9;20.9;26.0;61.0;46.52;713.8;0.0;65.0;3.4;0.236;18.55;7.0;89.0
2343;2023-04-08 16:00:00;3.4;4.7;14.5;19.4;24.0;50.0;32.08;713.4;0.0;67.0;3.2;0.136;18.01;8.6;68.0
2344;2023-04-08 17:00:00;3.45;5.2;15.6;21.0;18.0;46.0;31.44;713.1;0.0;70.0;3.1;0.092;17.86;8.3;75.0
2345;2023-04-08 18:00:00;3.45;4.4;17.2;21.7;17.0;45.0;32.63;713.0;0.0;74.0;3.0;0.044;17.1;9.5;62.0
2346;2023-04-08 19:00:00;3.34;3.4;13.3;16.9;16.0;52.0;36.57;713.2;0.0;79.0;3.1;0.011;16.42;9.4;60.0
2347;2023-04-08 20:00:00;3.35;3.2;14.4;17.8;13.0;46.0;34.05;713.4;0.0;81.0;3.1;0.0;16.08;8.6;60.0
2348;2023-04-08 21:00:00;3.3;2.9;12.4;15.5;16.0;45.0;33.67;713.6;0.0;82.0;3.3;0.0;15.72;8.8;53.0
2349;2023-04-08 22:00:00;3.3;2.7;13.5;16.4;15.0;48.0;35.68;714.0;0.0;84.0;3.7;0.0;15.37;6.0;53.0
2350;2023-04-08 23:00:00;3.3;2.7;13.5;16.4;15.0;40.0;30.68;714.3;0.0;86.0;4.5;0.0;15.19;5.7;58.0
2351;2023-04-09 00:00:00;3.25;2.6;10.7;13.5;19.0;39.0;24.96;714.3;0.0;87.0;4.3;0.0;14.97;4.7;55.0
2352;2023-04-09 01:00:00;3.28;2.6;11.5;14.3;16.0;25.0;16.91;714.2;0.0;88.0;3.7;0.0;15.03;3.5;29.0
2353;2023-04-09 02:00:00;3.27;;9.8;12.6;15.0;26.0;16.53;714.0;0.0;89.0;3.5;0.0;15.11;4.1;47.0
2354;2023-04-09 03:00:00;3.27;2.5;13.3;16.0;14.0;30.0;16.92;713.8;0.0;89.0;3.3;0.0;15.26;4.0;20.0
2355;2023-04-09 04:00:00;3.25;2.5;10.8;13.6;15.0;30.0;18.97;713.6;0.0;89.0;3.2;0.0;15.35;4.3;11.0
2356;2023-04-09 05:00:00;3.23;;13.3;16.0;17.0;31.0;16.66;713.9;0.0;89.0;3.0;0.0;15.49;4.4;14.0
2357;2023-04-09 06:00:00;3.23;2.6;13.3;16.0;15.0;32.0;22.45;713.9;0.0;88.0;3.1;0.0;15.44;5.2;47.0
2358;2023-04-09 07:00:00;3.22;2.7;9.4;12.4;17.0;36.0;20.85;714.3;0.0;88.0;3.1;0.001;15.31;4.0;59.0
2359;2023-04-09 08:00:00;3.25;3.3;11.4;14.9;14.0;27.0;12.3;714.9;0.0;88.0;3.0;0.02;15.29;3.3;74.0
2360;2023-04-09 09:00:00;3.25;3.8;9.9;13.9;17.0;21.0;7.99;715.3;0.0;89.0;3.0;0.074;15.48;3.9;71.0
2361;2023-04-09 10:00:00;3.28;5.4;13.0;18.6;16.0;20.0;6.33;715.4;0.0;89.0;;0.108;15.73;4.9;26.0
2362;2023-04-09 11:00:00;3.3;7.7;15.5;23.4;16.0;21.0;11.24;715.4;0.0;89.0;3.4;0.166;16.16;5.5;23.0
2363;2023-04-09 12:00:00;3.28;6.6;13.7;20.5;20.0;32.0;18.29;715.2;0.0;88.0;3.9;0.235;16.96;5.2;18.0
2364;2023-04-09 13:00:00;3.24;4.2;10.9;15.4;29.0;28.0;17.61;714.8;0.0;80.0;5.7;0.2;18.57;5.1;62.0
2365;2023-04-09 14:00:00;3.28;3.4;9.5;13.2;33.0;38.0;22.34;714.4;0.0;73.0;5.6;0.202;19.14;7.0;63.0
2366;2023-04-09 15:00:00;3.3;3.5;9.1;12.9;33.0;39.0;25.08;714.0;0.0;73.0;4.8;0.225;19.28;9.7;75.0
2367;2023-04-09 16:00:00;3.26;3.0;6.9;10.1;30.0;41.0;18.67;713.7;0.0;73.0;4.2;0.123;19.37;11.2;64.0
2368;2023-04-09 17:00:00;3.29;3.1;8.6;12.0;24.0;32.0;10.52;713.5;0.0;74.0;3.7;0.084;19.24;10.2;59.0
2369;2023-04-09 18:00:00;3.29;5.0;9.0;14.2;21.0;28.0;6.53;713.6;0.0;76.0;3.4;0.08;19.18;8.0;69.0
2370;2023-04-09 19:00:00;3.44;3.1;11.9;15.2;17.0;23.0;8.33;713.7;0.0;77.0;3.2;0.021;18.95;8.1;50.0
2371;2023-04-09 20:00:00;3.36;2.8;13.0;16.0;15.0;28.0;9.29;714.0;0.0;79.0;3.1;0.0;18.58;7.8;57.0
2372;2023-04-09 21:00:00;3.37;2.9;13.3;16.4;14.0;38.0;10.13;714.3;0.0;82.0;3.1;0.0;18.25;8.0;45.0
2373;2023-04-09 22:00:00;3.33;2.6;10.6;13.5;16.0;33.0;8.65;714.8;0.0;84.0;2.9;0.0;17.95;7.7;48.0
2374;2023-04-09 23:00:00;3.34;2.7;10.9;13.9;15.0;24.0;8.33;714.8;0.0;85.0;2.9;0.0;17.77;8.8;47.0
2375;2023-04-10 00:00:00;3.31;2.6;8.6;11.5;16.0;25.0;;714.8;0.0;87.0;;0.0;17.59;6.8;45.0
2376;2023-04-10 01:00:00;3.32;2.4;7.6;10.3;17.0;24.0;5.87;714.5;0.0;88.0;2.8;0.0;17.4;6.7;44.0
2377;2023-04-10 02:00:00;3.24;2.3;4.8;7.4;19.0;20.0;4.11;714.2;0.0;89.0;2.8;0.0;17.26;8.0;47.0
2378;2023-04-10 03:00:00;3.22;2.3;4.7;7.2;18.0;18.0;2.32;713.9;0.0;89.0;;0.0;17.26;7.4;39.0
2379;2023-04-10 04:00:00;3.22;2.4;5.9;8.5;16.0;20.0;;713.7;0.0;90.0;2.7;0.0;17.27;5.8;27.0
2380;2023-04-10 05:00:00;3.23;2.3;6.2;8.8;16.0;17.0;2.38;713.8;0.0;90.0;2.7;0.0;17.2;4.7;47.0
2381;2023-04-10 06:00:00;3.26;2.5;7.8;10.6;13.0;15.0;4.06;714.0;0.0;90.0;2.8;0.0;17.25;5.3;48.0
2382;2023-04-10 07:00:00;3.35;3.6;14.6;18.4;9.0;16.0;2.52;714.5;0.0;90.0;2.7;0.004;17.25;3.8;36.0
2383;2023-04-10 08:00:00;3.5;16.6;20.3;37.2;6.0;17.0;3.53;715.0;0.0;91.0;2.9;0.034;17.45;4.2;16.0
2384;2023-04-10 09:00:00;3.56;11.5;18.7;30.4;9.0;19.0;4.77;715.4;0.0;91.0;2.8;0.082;17.61;6.8;60.0
2385;2023-04-10 10:00:00;3.53;8.4;16.2;24.8;13.0;22.0;5.02;715.6;0.0;91.0;2.8;0.129;17.84;8.3;58.0
2386;2023-04-10 11:00:00;3.41;6.1;10.8;17.2;20.0;21.0;7.46;715.7;0.0;91.0;3.2;0.247;18.07;12.5;64.0
2387;2023-04-10 12:00:00;3.39;5.4;9.3;15.0;21.0;30.0;12.85;715.8;0.0;90.0;3.8;0.27;18.42;13.0;56.0
2388;2023-04-10 13:00:00;3.41;4.8;10.9;15.9;20.0;27.0;7.38;715.6;0.0;90.0;3.4;0.143;18.48;11.2;61.0
2389;2023-04-10 14:00:00;3.43;5.5;11.2;17.0;20.0;25.0;10.2;715.3;0.0;90.0;3.3;0.202;18.63;10.7;62.0
2390;2023-04-10 15:00:00;3.45;5.5;13.7;19.5;18.0;25.0;8.0;715.0;0.0;90.0;3.0;0.104;18.65;10.0;59.0
2391;2023-04-10 16:00:00;3.48;6.0;16.7;22.9;16.0;22.0;6.54;714.8;0.0;90.0;3.0;0.072;18.59;10.3;58.0
2392;2023-04-10 17:00:00;3.51;6.0;18.0;24.2;16.0;24.0;8.37;714.7;0.0;90.0;2.9;0.066;18.48;9.3;61.0
2393;2023-04-10 18:00:00;3.47;4.1;15.8;20.1;18.0;24.0;10.48;714.8;0.0;90.0;2.8;0.038;18.43;8.6;77.0
2394;2023-04-10 19:00:00;3.53;3.7;17.0;20.8;17.0;26.0;9.6;715.0;0.0;;2.8;0.008;18.22;6.6;76.0
2395;2023-04-10 20:00:00;3.47;2.8;18.4;21.4;16.0;25.0;9.98;715.3;0.0;;;0.0;17.9;5.5;107.0
2396;2023-04-10 21:00:00;3.49;3.7;17.5;21.4;16.0;25.0;9.68;715.9;0.0;;;0.0;17.78;5.0;39.0
2397;2023-04-10 22:00:00;3.38;2.6;9.4;12.2;26.0;23.0;9.42;716.3;0.0;;;0.0;16.97;11.0;69.0
2398;2023-04-10 23:00:00;3.21;2.3;5.8;8.3;30.0;23.0;8.35;716.7;0.0;91.0;;0.0;16.27;8.7;108.0
2399;2023-04-11 00:00:00;3.21;2.3;4.8;7.3;30.0;22.0;5.5;716.8;0.0;91.0;2.7;0.0;16.23;4.3;63.0
2400;2023-04-11 01:00:00;3.21;;6.5;9.0;27.0;19.0;4.62;716.4;0.0;91.0;2.7;0.0;16.24;7.3;62.0
2401;2023-04-11 02:00:00;3.19;2.2;5.2;7.6;27.0;15.0;4.55;716.2;0.0;90.0;;0.0;16.19;4.9;18.0
2402;2023-04-11 03:00:00;3.26;2.3;16.5;19.0;17.0;17.0;4.52;715.9;0.0;90.0;;0.0;16.14;4.7;330.0
2403;2023-04-11 04:00:00;3.39;2.2;10.0;12.4;16.0;27.0;13.52;715.7;0.0;89.0;;0.0;16.18;1.7;131.0
2404;2023-04-11 05:00:00;3.4;2.3;12.6;15.0;15.0;31.0;12.13;715.6;0.0;89.0;2.8;0.0;16.28;3.2;39.0
2405;2023-04-11 06:00:00;3.35;2.4;15.9;18.4;11.0;28.0;14.43;715.7;0.0;89.0;2.8;0.0;16.37;1.7;323.0
2406;2023-04-11 07:00:00;3.41;3.9;16.8;20.9;8.0;36.0;18.28;715.7;0.0;88.0;3.0;0.006;16.41;1.8;226.0
2407;2023-04-11 08:00:00;3.52;11.5;21.1;32.9;8.0;43.0;22.07;715.8;0.0;88.0;3.0;0.066;16.99;1.7;241.0
2408;2023-04-11 09:00:00;3.48;11.3;18.0;29.6;14.0;51.0;29.89;716.0;0.0;80.0;3.1;0.268;19.08;3.4;32.0
2409;2023-04-11 10:00:00;3.89;26.9;32.2;59.3;9.0;54.0;34.88;716.2;0.0;75.0;3.4;0.14;19.11;5.4;22.0
2410;2023-04-11 11:00:00;3.73;21.0;28.0;49.1;15.0;88.0;47.4;716.1;0.0;71.0;3.6;0.438;20.19;6.0;61.0
2411;2023-04-11 12:00:00;3.53;10.6;21.4;32.2;26.0;72.0;44.31;715.9;0.0;66.0;3.9;0.394;20.93;8.2;58.0
2412;2023-04-11 13:00:00;3.42;5.5;13.7;19.4;38.0;68.0;36.23;715.5;0.0;61.0;4.1;0.637;21.91;8.6;56.0
2413;2023-04-11 14:00:00;3.36;4.0;10.2;14.4;47.0;49.0;29.12;714.9;0.0;58.0;4.2;0.93;22.96;9.4;72.0
2414;2023-04-11 15:00:00;3.3;3.1;7.3;10.6;48.0;52.0;31.26;714.2;0.0;52.0;4.5;0.856;24.1;8.6;86.0
2415;2023-04-11 16:00:00;3.27;3.3;8.1;11.7;44.0;61.0;32.49;713.6;0.0;50.0;4.7;0.539;24.26;12.1;67.0
2416;2023-04-11 17:00:00;3.25;3.2;8.3;11.7;44.0;46.0;31.92;713.3;0.0;45.0;7.0;0.456;24.33;12.2;77.0
2417;2023-04-11 18:00:00;3.28;3.1;10.7;14.1;35.0;52.0;31.72;713.3;0.0;50.0;5.9;0.08;23.37;12.3;74.0
2418;2023-04-11 19:00:00;3.3;2.8;11.0;14.0;29.0;43.0;26.54;713.5;0.0;55.0;4.9;0.025;22.17;14.1;82.0
2419;2023-04-11 20:00:00;3.29;2.4;10.0;12.6;30.0;36.0;13.63;713.9;0.0;58.0;3.9;0.0;21.33;11.3;99.0
2420;2023-04-11 21:00:00;3.24;2.2;7.0;9.5;32.0;38.0;11.74;714.6;0.0;61.0;3.6;0.0;20.69;8.7;123.0
2421;2023-04-11 22:00:00;3.25;2.2;8.0;10.4;31.0;30.0;12.14;715.0;0.0;63.0;3.5;0.0;20.35;7.9;94.0
2422;2023-04-11 23:00:00;3.22;2.3;6.1;8.6;33.0;30.0;12.18;714.9;0.0;64.0;3.2;0.0;20.08;9.0;110.0
2423;2023-04-12 00:00:00;3.23;2.2;7.5;9.9;31.0;29.0;11.25;714.9;0.0;68.0;3.1;0.0;19.3;10.5;65.0
2424;2023-04-12 01:00:00;3.27;2.2;8.4;10.8;27.0;38.0;14.1;714.8;0.0;77.0;3.0;0.0;17.94;9.2;47.0
2425;2023-04-12 02:00:00;3.23;;5.2;7.6;33.0;37.0;16.04;714.4;0.0;79.0;3.0;0.0;17.45;9.2;47.0
2426;2023-04-12 03:00:00;3.22;;7.7;10.1;31.0;31.0;16.18;713.8;0.0;77.0;;0.0;17.26;5.0;17.0
2427;2023-04-12 04:00:00;3.22;;14.6;17.0;24.0;36.0;18.56;713.4;0.0;75.0;2.9;0.0;16.73;3.3;327.0
2428;2023-04-12 05:00:00;3.25;;14.0;16.3;25.0;34.0;23.37;713.1;0.0;72.0;3.1;0.0;16.92;4.0;293.0
2429;2023-04-12 06:00:00;3.24;2.3;16.4;18.8;23.0;50.0;31.65;713.2;0.0;71.0;3.1;0.0;17.11;3.5;296.0
2430;2023-04-12 07:00:00;3.36;3.3;20.6;24.1;17.0;50.0;28.08;713.2;0.0;71.0;3.2;0.009;17.05;1.8;273.0
2431;2023-04-12 08:00:00;3.49;10.4;26.6;37.2;11.0;56.0;29.12;713.4;0.0;73.0;3.2;0.083;17.42;4.4;52.0
2432;2023-04-12 09:00:00;3.57;13.0;25.5;38.7;14.0;64.0;28.71;713.5;0.0;70.0;3.1;0.224;18.33;4.3;48.0
2433;2023-04-12 10:00:00;3.5;12.4;20.7;33.4;22.0;71.0;30.82;713.4;0.0;60.0;3.2;0.562;20.48;5.2;47.0
2434;2023-04-12 11:00:00;3.48;9.7;19.6;29.6;30.0;66.0;38.37;713.1;0.0;55.0;3.2;0.735;21.46;7.1;85.0
2435;2023-04-12 12:00:00;3.36;6.1;15.8;22.2;44.0;60.0;34.82;712.7;0.0;51.0;3.6;0.885;22.02;9.7;70.0
2436;2023-04-12 13:00:00;3.29;4.0;11.4;15.6;53.0;48.0;29.69;712.1;0.0;46.0;3.7;0.949;23.0;10.5;57.0
2437;2023-04-12 14:00:00;3.28;3.4;9.5;13.1;55.0;49.0;24.0;711.3;0.0;44.0;3.9;0.95;23.92;12.1;70.0
2438;2023-04-12 15:00:00;3.23;3.3;7.7;11.2;53.0;49.0;23.65;710.7;0.0;38.0;4.2;0.867;24.67;13.4;58.0
2439;2023-04-12 16:00:00;3.22;3.0;7.2;10.4;51.0;43.0;20.03;710.1;0.0;36.0;4.1;0.723;25.21;13.0;74.0
2440;2023-04-12 17:00:00;3.23;3.2;7.4;10.8;45.0;40.0;18.82;709.5;0.0;38.0;3.7;0.472;25.28;13.3;89.0
2441;2023-04-12 18:00:00;3.24;2.9;7.8;10.8;42.0;42.0;16.42;709.3;0.0;39.0;3.3;0.114;25.04;12.5;127.0
2442;2023-04-12 19:00:00;3.26;2.6;8.1;10.9;40.0;38.0;14.0;709.3;0.0;42.0;3.1;0.025;23.84;12.2;128.0
2443;2023-04-12 20:00:00;3.3;2.3;9.5;12.0;37.0;34.0;13.24;709.4;0.0;46.0;3.0;0.001;22.52;10.5;121.0
2444;2023-04-12 21:00:00;3.29;2.3;11.0;13.5;34.0;38.0;13.34;709.7;0.0;47.0;2.9;0.0;21.99;9.4;107.0
2445;2023-04-12 22:00:00;3.26;2.2;9.5;11.9;35.0;38.0;14.37;710.1;0.0;47.0;2.9;0.0;21.61;8.5;114.0
2446;2023-04-12 23:00:00;3.26;2.2;9.8;12.3;33.0;32.0;13.56;710.0;0.0;53.0;;0.0;20.6;11.7;63.0
2447;2023-04-13 00:00:00;3.2;;5.5;7.9;36.0;43.0;14.61;709.6;0.0;58.0;;0.0;19.63;11.9;96.0
2448;2023-04-13 01:00:00;3.19;;3.8;6.2;38.0;36.0;11.26;709.4;0.0;61.0;2.8;0.0;18.82;10.5;79.0
2449;2023-04-13 02:00:00;3.26;;14.3;16.6;25.0;32.0;9.92;709.6;0.0;65.0;2.9;0.0;18.15;7.9;7.0
2450;2023-04-13 03:00:00;3.32;;14.9;17.3;22.0;43.0;18.2;708.8;0.0;69.0;3.1;0.0;17.42;7.7;69.0
2451;2023-04-13 04:00:00;3.26;2.3;14.9;17.4;22.0;72.0;37.6;708.7;0.0;75.0;3.5;0.0;16.67;7.3;28.0
2452;2023-04-13 05:00:00;3.26;2.4;14.6;17.2;20.0;50.0;25.91;708.4;0.0;77.0;4.3;0.0;16.27;5.0;49.0
2453;2023-04-13 06:00:00;3.3;2.5;22.9;25.6;12.0;50.0;27.4;708.3;0.0;78.0;4.5;0.0;16.1;4.3;359.0
2454;2023-04-13 07:00:00;3.36;6.8;26.6;33.5;9.0;65.0;32.58;708.6;0.0;78.0;4.6;0.016;16.02;5.3;23.0
2455;2023-04-13 08:00:00;3.55;12.7;25.0;37.9;12.0;83.0;37.39;708.8;0.0;75.0;4.5;0.153;17.12;3.5;28.0
2456;2023-04-13 09:00:00;3.87;12.3;22.5;35.1;18.0;83.0;34.37;708.9;0.0;69.0;4.3;0.312;18.06;5.1;346.0
2457;2023-04-13 10:00:00;3.91;13.6;25.2;39.0;24.0;83.0;41.24;708.9;0.0;62.0;4.3;0.532;19.59;6.2;335.0
2458;2023-04-13 11:00:00;3.7;18.9;31.7;50.7;25.0;90.0;40.88;708.7;0.0;54.0;5.4;0.725;21.25;7.5;42.0
2459;2023-04-13 12:00:00;3.47;7.6;20.7;28.5;43.0;110.0;42.42;708.3;0.0;52.0;6.0;0.833;22.32;9.2;74.0
2460;2023-04-13 13:00:00;3.37;3.9;10.3;14.5;47.0;72.0;34.25;707.6;0.0;50.0;4.4;0.879;23.39;10.5;55.0
2461;2023-04-13 14:00:00;3.35;3.9;9.8;14.0;43.0;52.0;21.12;707.0;0.0;49.0;3.9;0.721;24.21;12.7;42.0
2462;2023-04-13 15:00:00;3.36;;8.4;12.6;39.0;46.0;19.68;706.4;0.0;49.0;3.5;0.578;24.88;14.3;53.0
2463;2023-04-13 16:00:00;3.34;3.4;7.5;11.1;37.0;46.0;17.06;706.0;0.0;50.0;3.3;0.529;24.95;15.1;101.0
2464;2023-04-13 17:00:00;3.34;2.9;7.4;10.6;37.0;42.0;17.2;705.8;0.0;55.0;3.2;0.206;23.86;12.7;116.0
2465;2023-04-13 18:00:00;3.36;2.9;7.8;11.0;34.0;39.0;17.21;705.7;0.0;53.0;3.2;0.139;24.28;13.6;103.0
2466;2023-04-13 19:00:00;3.39;2.8;9.1;12.1;31.0;41.0;16.58;706.0;0.0;54.0;3.0;0.041;23.71;13.1;116.0
2467;2023-04-13 20:00:00;3.38;2.4;9.4;12.0;29.0;39.0;16.67;706.4;0.0;57.0;3.0;0.0;23.12;11.0;118.0
2468;2023-04-13 21:00:00;3.34;2.7;7.9;10.8;30.0;39.0;17.87;706.6;0.0;58.0;2.9;0.0;22.98;8.4;119.0
2469;2023-04-13 22:00:00;3.31;2.2;6.4;8.8;32.0;33.0;16.95;706.7;0.0;57.0;2.9;0.0;23.12;8.5;120.0
2470;2023-04-13 23:00:00;3.33;2.3;7.0;9.6;30.0;34.0;15.78;706.6;0.0;60.0;3.0;0.0;22.6;8.3;83.0
2471;2023-04-14 00:00:00;3.34;2.2;6.9;9.3;27.0;32.0;15.82;706.7;0.0;64.0;2.9;0.0;21.79;7.2;100.0
2472;2023-04-14 01:00:00;3.4;2.3;10.9;13.4;20.0;39.0;16.61;706.6;0.0;71.0;2.9;0.0;20.64;4.6;52.0
2473;2023-04-14 02:00:00;3.42;2.2;11.7;14.2;15.0;43.0;16.8;706.5;0.0;77.0;;0.0;19.56;2.7;12.0
2474;2023-04-14 03:00:00;3.45;2.3;15.3;17.8;10.0;41.0;16.97;706.4;0.0;80.0;;0.0;18.96;2.3;333.0
2475;2023-04-14 04:00:00;3.46;2.5;20.3;23.0;6.0;45.0;18.75;706.1;0.0;81.0;;0.0;18.55;1.8;295.0
2476;2023-04-14 05:00:00;3.46;4.6;21.2;26.1;3.0;53.0;23.07;706.1;0.0;83.0;;0.0;18.07;1.7;114.0
2477;2023-04-14 06:00:00;3.48;7.1;20.4;27.8;3.0;48.0;24.58;706.4;0.0;84.0;3.0;0.0;17.75;1.9;251.0
2478;2023-04-14 07:00:00;3.64;14.0;20.4;34.7;4.0;54.0;25.32;706.6;0.0;83.0;3.0;0.017;17.71;2.6;246.0
2479;2023-04-14 08:00:00;3.91;30.5;26.2;56.9;5.0;69.0;28.33;706.7;0.0;73.0;5.0;0.109;19.68;3.5;181.0
2480;2023-04-14 09:00:00;3.77;22.8;25.5;48.5;11.0;120.0;49.53;706.9;0.0;55.0;9.9;0.329;22.77;4.3;254.0
2481;2023-04-14 10:00:00;3.75;21.2;27.5;48.9;20.0;78.0;34.63;707.0;0.0;37.0;8.6;0.62;27.7;3.6;43.0
2482;2023-04-14 11:00:00;3.87;19.9;41.8;61.9;26.0;84.0;32.39;706.9;0.0;27.0;7.1;0.574;29.91;6.1;45.0
2483;2023-04-14 12:00:00;4.23;23.6;63.0;86.8;25.0;97.0;35.03;706.7;0.0;33.0;9.8;0.411;29.12;8.3;53.0
2484;2023-04-14 13:00:00;3.87;9.3;37.7;47.2;48.0;170.0;67.15;706.4;0.0;29.0;7.0;0.707;30.08;9.5;80.0
2485;2023-04-14 14:00:00;3.88;4.4;31.1;35.7;83.0;139.0;51.08;705.8;0.0;29.0;5.2;0.722;31.26;11.1;91.0
2486;2023-04-14 15:00:00;3.54;3.2;22.2;25.6;49.0;127.0;49.41;705.4;0.0;27.0;4.0;0.134;31.03;10.3;116.0
2487;2023-04-14 16:00:00;3.38;2.9;14.5;17.6;41.0;60.0;24.08;705.2;0.0;26.0;3.6;0.118;30.38;11.3;136.0
2488;2023-04-14 17:00:00;3.7;6.8;34.6;41.6;27.0;67.0;17.88;705.3;0.0;31.0;3.8;0.098;30.04;10.7;16.0
2489;2023-04-14 18:00:00;3.65;3.9;24.0;28.1;32.0;102.0;27.01;705.8;0.0;41.0;3.9;0.077;27.89;11.3;73.0
2490;2023-04-14 19:00:00;3.62;3.7;21.7;25.6;28.0;82.0;27.54;706.4;0.0;40.0;3.8;0.017;27.52;5.4;22.0
2491;2023-04-14 20:00:00;3.48;2.6;18.8;21.6;27.0;64.0;21.32;706.7;0.0;31.0;3.5;0.0;27.93;7.5;123.0
2492;2023-04-14 21:00:00;3.6;6.3;28.7;35.2;15.0;44.0;16.01;707.0;0.0;30.0;3.4;0.0;27.45;8.0;83.0
2493;2023-04-14 22:00:00;3.53;3.4;24.6;28.1;17.0;46.0;16.98;707.1;0.0;31.0;3.2;0.0;26.82;5.2;179.0
2494;2023-04-14 23:00:00;3.88;14.9;36.3;51.4;7.0;52.0;18.36;707.5;0.0;33.0;3.5;0.0;26.04;6.2;338.0
2495;2023-04-15 00:00:00;3.94;18.2;41.1;59.6;4.0;81.0;30.68;707.4;0.0;35.0;3.9;0.0;25.43;5.8;147.0
2496;2023-04-15 01:00:00;3.87;14.8;39.6;54.6;4.0;82.0;33.09;707.5;0.0;39.0;4.0;0.0;24.81;6.8;19.0
2497;2023-04-15 02:00:00;3.76;4.2;34.2;38.6;5.0;81.0;32.94;708.1;0.0;48.0;4.1;0.0;23.88;4.2;205.0
2498;2023-04-15 03:00:00;3.9;19.0;35.8;55.1;4.0;75.0;30.07;707.7;0.0;51.0;4.7;0.0;22.77;4.4;169.0
2499;2023-04-15 04:00:00;3.88;21.4;34.6;56.2;3.0;77.0;31.7;707.9;0.0;54.0;5.2;0.0;22.48;4.4;251.0
2500;2023-04-15 05:00:00;3.81;22.5;33.7;56.3;4.0;90.0;36.83;708.2;0.0;50.0;6.7;0.0;22.23;3.7;256.0
2501;2023-04-15 06:00:00;3.71;16.0;31.8;48.0;3.0;100.0;37.15;708.5;0.0;46.0;7.0;0.0;22.02;3.8;210.0
2502;2023-04-15 07:00:00;3.51;11.3;27.6;39.0;4.0;85.0;31.7;709.0;0.0;38.0;6.7;0.006;21.57;4.4;208.0
2503;2023-04-15 08:00:00;3.35;16.9;20.1;37.2;12.0;83.0;25.32;709.5;0.0;22.0;5.8;0.156;25.9;6.8;225.0
2504;2023-04-15 09:00:00;3.1;5.5;6.6;12.3;26.0;80.0;16.76;709.8;0.0;14.0;3.5;0.401;29.68;11.7;268.0
2505;2023-04-15 10:00:00;3.05;3.0;3.6;6.9;30.0;62.0;8.66;709.9;0.0;12.0;3.2;0.618;30.57;15.0;283.0
2506;2023-04-15 11:00:00;3.06;3.1;4.2;7.5;31.0;51.0;7.51;709.9;0.0;11.0;3.3;0.793;31.48;14.2;283.0
2507;2023-04-15 12:00:00;3.06;3.2;4.1;7.5;30.0;58.0;8.22;709.7;0.0;10.0;3.1;0.922;32.26;14.6;294.0
2508;2023-04-15 13:00:00;3.07;3.8;5.1;9.1;30.0;50.0;7.23;709.1;0.0;9.0;2.9;0.99;32.91;15.9;313.0
2509;2023-04-15 14:00:00;3.07;3.5;4.7;8.5;31.0;48.0;6.83;708.6;0.0;7.0;2.9;0.99;33.58;15.9;313.0
2510;2023-04-15 15:00:00;3.05;3.1;4.2;7.6;33.0;39.0;5.35;708.3;0.0;6.0;;0.926;33.99;15.7;316.0
2511;2023-04-15 16:00:00;3.05;3.1;4.5;7.8;34.0;31.0;4.69;708.0;0.0;6.0;;0.773;34.59;14.0;326.0
2512;2023-04-15 17:00:00;3.05;2.9;4.4;7.5;34.0;30.0;4.63;707.9;0.0;6.0;;0.452;34.6;12.1;320.0
2513;2023-04-15 18:00:00;3.07;2.7;5.2;8.2;34.0;26.0;5.19;708.1;0.0;6.0;2.8;0.06;34.02;10.5;306.0
2514;2023-04-15 19:00:00;3.11;2.8;8.6;11.7;31.0;29.0;5.28;708.4;0.0;7.0;2.8;0.028;33.52;6.8;288.0
2515;2023-04-15 20:00:00;3.26;2.6;16.8;19.6;27.0;26.0;5.19;709.5;0.0;10.0;3.7;0.001;31.47;7.7;2.0
2516;2023-04-15 21:00:00;3.36;2.4;20.8;23.4;24.0;42.0;8.98;710.6;0.0;14.0;3.7;0.0;30.11;6.1;348.0
2517;2023-04-15 22:00:00;3.39;2.3;22.7;25.2;19.0;50.0;15.02;711.3;0.0;17.0;3.5;0.0;28.0;3.3;290.0
2518;2023-04-15 23:00:00;3.53;4.2;30.8;35.2;11.0;48.0;16.35;711.8;0.0;19.0;3.9;0.0;26.85;3.8;240.0
2519;2023-04-16 00:00:00;3.55;5.9;31.1;37.3;8.0;50.0;18.08;711.9;0.0;22.0;3.7;0.0;25.48;3.3;227.0
2520;2023-04-16 01:00:00;3.71;17.6;35.6;53.5;4.0;47.0;14.95;711.9;0.0;25.0;3.6;0.0;24.44;3.5;222.0
2521;2023-04-16 02:00:00;3.88;25.5;34.9;60.6;4.0;54.0;17.06;711.9;0.0;27.0;3.6;0.0;23.67;3.6;247.0
2522;2023-04-16 03:00:00;3.5;3.4;25.9;29.5;12.0;48.0;15.4;711.7;0.0;24.0;;0.0;23.96;2.7;232.0
2523;2023-04-16 04:00:00;3.56;5.8;28.4;34.4;8.0;43.0;15.18;711.9;0.0;29.0;3.8;0.0;22.74;2.6;240.0
2524;2023-04-16 05:00:00;3.49;2.5;24.9;27.6;13.0;46.0;19.29;712.2;0.0;30.0;5.1;0.0;22.89;6.3;10.0
2525;2023-04-16 06:00:00;3.36;2.3;6.2;8.7;28.0;54.0;22.55;713.3;0.0;54.0;3.7;0.0;22.71;11.5;38.0
2526;2023-04-16 07:00:00;3.41;2.3;7.1;9.6;25.0;60.0;26.23;714.6;0.0;61.0;3.4;0.004;21.73;11.0;21.0
2527;2023-04-16 08:00:00;3.41;2.4;6.4;9.0;27.0;64.0;26.49;715.8;0.0;69.0;3.4;0.013;19.75;11.4;12.0
2528;2023-04-16 09:00:00;3.34;2.7;7.8;10.7;29.0;68.0;19.86;717.3;0.0;68.0;3.3;0.059;18.29;6.8;109.0
2529;2023-04-16 10:00:00;3.33;2.6;5.5;8.3;31.0;46.0;17.66;717.6;0.0;68.0;3.2;0.1;18.95;11.4;122.0
2530;2023-04-16 11:00:00;3.29;2.5;5.4;8.2;34.0;35.0;15.78;718.0;0.0;61.0;3.3;0.111;18.94;11.2;122.0
2531;2023-04-16 12:00:00;3.25;2.8;4.5;7.5;39.0;33.0;15.87;717.7;0.0;49.0;3.3;0.588;20.99;9.3;91.0
2532;2023-04-16 13:00:00;3.26;3.0;5.0;8.2;44.0;36.0;16.69;716.8;0.0;44.0;;0.925;22.29;13.0;66.0
2533;2023-04-16 14:00:00;3.29;2.9;5.0;8.1;44.0;42.0;17.77;716.1;0.0;45.0;3.4;0.846;22.96;15.2;61.0
2534;2023-04-16 15:00:00;3.31;2.8;5.7;8.8;45.0;45.0;19.89;715.4;0.0;45.0;3.9;0.486;23.13;17.3;71.0
2535;2023-04-16 16:00:00;3.29;2.6;5.0;7.8;42.0;47.0;18.85;715.0;0.0;48.0;4.5;0.202;22.54;17.0;93.0
2536;2023-04-16 17:00:00;3.29;2.4;4.5;7.2;41.0;46.0;16.76;714.8;0.0;49.0;3.6;0.104;21.89;14.7;121.0
2537;2023-04-16 18:00:00;3.3;2.4;5.0;7.6;40.0;36.0;16.31;714.7;0.0;52.0;3.3;0.055;21.34;12.6;129.0
2538;2023-04-16 19:00:00;3.3;2.3;5.2;7.7;40.0;40.0;16.19;714.6;0.0;51.0;3.2;0.045;21.41;13.0;125.0
2539;2023-04-16 20:00:00;3.34;2.3;7.3;9.7;37.0;44.0;16.98;714.8;0.0;53.0;3.1;0.001;20.98;14.2;123.0
2540;2023-04-16 21:00:00;3.33;;6.7;9.2;38.0;43.0;16.39;715.0;0.0;53.0;3.1;0.0;20.9;14.4;123.0
2541;2023-04-16 22:00:00;3.31;;5.9;8.4;38.0;39.0;16.46;715.0;0.0;54.0;2.9;0.0;20.68;14.4;128.0
2542;2023-04-16 23:00:00;3.3;;5.8;8.3;39.0;43.0;16.45;714.9;0.0;54.0;2.9;0.0;20.54;14.3;123.0
2543;2023-04-17 00:00:00;3.29;2.2;5.3;7.7;40.0;47.0;;714.4;0.0;55.0;3.0;0.0;20.07;12.3;91.0
2544;2023-04-17 01:00:00;3.26;2.2;3.8;6.2;42.0;51.0;17.5;714.1;0.0;54.0;3.0;0.0;19.58;12.2;113.0
2545;2023-04-17 02:00:00;3.27;;3.8;6.2;39.0;50.0;17.45;713.7;0.0;59.0;;0.0;18.72;12.3;87.0
2546;2023-04-17 03:00:00;3.3;;4.6;6.9;35.0;51.0;16.92;713.5;0.0;72.0;;0.0;17.08;10.7;49.0
2547;2023-04-17 04:00:00;3.29;;5.4;7.8;33.0;40.0;17.14;713.2;0.0;75.0;2.9;0.0;16.1;8.7;38.0
2548;2023-04-17 05:00:00;3.3;2.3;13.0;15.5;25.0;44.0;17.45;713.3;0.0;77.0;3.1;0.0;15.73;6.3;8.0
2549;2023-04-17 06:00:00;3.33;2.4;12.7;15.3;25.0;47.0;21.17;713.3;0.0;79.0;3.2;0.0;15.28;6.5;46.0
2550;2023-04-17 07:00:00;3.39;3.2;17.7;21.1;21.0;51.0;24.72;713.5;0.0;80.0;3.5;0.01;15.12;7.4;47.0
2551;2023-04-17 08:00:00;3.44;4.6;20.4;25.2;20.0;64.0;33.34;713.9;0.0;79.0;3.9;0.034;15.2;7.3;37.0
2552;2023-04-17 09:00:00;3.48;5.3;18.7;24.3;20.0;64.0;35.91;714.2;0.0;79.0;3.8;0.084;15.45;6.5;22.0
2553;2023-04-17 10:00:00;3.58;7.5;25.2;32.9;15.0;68.0;36.49;714.2;0.0;77.0;3.8;0.075;16.16;4.6;22.0
2554;2023-04-17 11:00:00;3.59;7.6;21.8;29.7;20.0;81.0;41.52;713.9;0.0;73.0;3.6;0.185;17.31;4.8;325.0
2555;2023-04-17 12:00:00;3.63;8.0;22.4;30.7;23.0;76.0;41.45;713.5;0.0;70.0;3.6;0.221;18.1;7.5;352.0
2556;2023-04-17 13:00:00;3.6;9.2;20.4;29.9;25.0;85.0;39.87;712.7;0.0;66.0;3.5;0.318;19.45;11.1;30.0
2557;2023-04-17 14:00:00;3.6;8.7;18.9;27.8;26.0;77.0;33.02;711.9;0.0;66.0;3.7;0.327;19.99;11.5;32.0
2558;2023-04-17 15:00:00;3.53;4.6;12.5;17.4;33.0;79.0;32.37;711.0;0.0;63.0;3.4;0.264;21.35;11.1;52.0
2559;2023-04-17 16:00:00;3.5;4.2;12.0;16.4;30.0;63.0;23.88;710.2;0.0;61.0;3.3;0.197;22.14;10.2;69.0
2560;2023-04-17 17:00:00;3.5;4.0;11.4;15.6;30.0;55.0;21.5;709.5;0.0;60.0;3.1;0.176;22.61;9.2;61.0
2561;2023-04-17 18:00:00;3.62;4.3;17.0;21.4;25.0;53.0;19.78;709.3;0.0;62.0;3.1;0.101;22.68;11.4;67.0
2562;2023-04-17 19:00:00;3.62;3.0;16.3;19.5;23.0;66.0;22.11;709.1;0.0;63.0;;0.015;22.65;8.4;98.0
2563;2023-04-17 20:00:00;3.52;2.3;11.6;14.2;26.0;60.0;20.04;709.0;0.0;66.0;2.9;0.0;22.15;8.7;107.0
2564;2023-04-17 21:00:00;3.45;2.3;8.0;10.5;30.0;43.0;20.01;709.4;0.0;70.0;2.9;0.0;21.33;11.8;88.0
2565;2023-04-17 22:00:00;3.39;2.2;5.8;8.3;32.0;43.0;17.88;709.7;0.0;74.0;;0.0;20.34;11.4;77.0
2566;2023-04-17 23:00:00;3.4;2.4;7.4;10.0;29.0;42.0;14.83;709.5;0.0;77.0;;0.0;19.76;8.2;59.0
2567;2023-04-18 00:00:00;3.39;2.2;5.2;7.7;30.0;40.0;14.54;709.2;0.0;83.0;;0.0;18.74;7.3;59.0
2568;2023-04-18 01:00:00;3.38;2.2;4.6;7.0;30.0;35.0;14.83;708.8;0.0;84.0;;0.0;18.49;8.0;56.0
2569;2023-04-18 02:00:00;3.37;;3.6;6.0;30.0;64.0;37.03;708.4;0.0;84.0;2.8;0.0;18.45;7.0;52.0
2570;2023-04-18 03:00:00;3.37;;3.9;6.3;29.0;40.0;22.97;708.1;0.0;86.0;2.7;0.0;18.15;6.7;50.0
2571;2023-04-18 04:00:00;3.38;;5.3;7.7;27.0;38.0;19.1;708.0;0.0;87.0;2.8;0.0;18.0;4.4;21.0
2572;2023-04-18 05:00:00;3.39;;12.4;14.8;21.0;42.0;24.12;707.9;0.0;87.0;2.8;0.0;18.04;4.9;9.0
2573;2023-04-18 06:00:00;3.41;2.5;11.5;14.3;21.0;51.0;26.76;707.9;0.0;87.0;;0.0;18.09;4.3;27.0
2574;2023-04-18 07:00:00;3.52;4.3;19.5;23.9;14.0;49.0;27.54;708.3;0.0;87.0;2.9;0.003;18.11;5.5;5.0
2575;2023-04-18 08:00:00;3.77;6.9;22.5;29.6;11.0;50.0;29.7;708.9;0.0;87.0;2.9;0.035;18.37;4.5;359.0
2576;2023-04-18 09:00:00;3.72;7.9;16.9;25.1;17.0;40.0;23.77;709.2;0.0;84.0;2.8;0.223;19.42;5.3;11.0
2577;2023-04-18 10:00:00;3.8;12.4;20.9;33.5;18.0;45.0;26.72;709.2;0.0;73.0;2.9;0.417;21.63;5.9;68.0
2578;2023-04-18 11:00:00;3.88;13.0;21.9;35.2;23.0;58.0;25.6;709.2;0.0;65.0;3.0;0.6;22.95;8.2;47.0
2579;2023-04-18 12:00:00;3.64;5.5;14.0;19.8;40.0;68.0;36.45;708.9;0.0;58.0;3.0;0.764;24.0;8.5;60.0
2580;2023-04-18 13:00:00;3.61;3.7;13.2;17.1;60.0;65.0;37.93;708.5;0.0;53.0;3.1;0.92;25.45;8.5;84.0
2581;2023-04-18 14:00:00;3.61;3.0;12.0;15.3;71.0;63.0;39.98;707.9;0.0;50.0;3.1;0.883;26.46;10.8;71.0
2582;2023-04-18 15:00:00;3.59;3.0;10.5;13.7;63.0;67.0;40.4;707.2;0.0;47.0;;0.766;27.54;12.7;76.0
2583;2023-04-18 16:00:00;3.5;2.8;8.4;11.4;57.0;60.0;37.69;706.5;0.0;45.0;;0.7;28.04;13.8;119.0
2584;2023-04-18 17:00:00;3.52;3.0;9.1;12.4;53.0;51.0;29.29;706.4;0.0;46.0;;0.483;27.82;15.0;121.0
2585;2023-04-18 18:00:00;3.48;2.8;9.2;12.2;48.0;50.0;27.82;706.6;0.0;48.0;;0.146;27.2;14.4;122.0
2586;2023-04-18 19:00:00;3.47;2.5;9.5;12.3;42.0;51.0;28.43;707.1;0.0;50.0;3.0;0.037;26.29;12.0;124.0
2587;2023-04-18 20:00:00;3.51;2.4;11.0;13.5;32.0;49.0;31.44;707.4;0.0;52.0;2.9;0.001;25.5;8.8;115.0
2588;2023-04-18 21:00:00;3.45;2.2;8.9;11.3;31.0;45.0;25.71;707.6;0.0;55.0;2.9;0.0;24.96;9.0;106.0
2589;2023-04-18 22:00:00;3.46;2.3;9.2;11.7;27.0;39.0;24.55;707.8;0.0;58.0;;0.0;24.65;9.3;92.0
2590;2023-04-18 23:00:00;3.46;2.2;7.3;9.7;24.0;41.0;21.77;707.9;0.0;67.0;2.8;0.0;23.63;8.9;91.0
2591;2023-04-19 00:00:00;3.49;2.5;11.4;14.1;16.0;46.0;21.47;708.1;0.0;76.0;2.8;0.0;22.69;7.6;52.0
2592;2023-04-19 01:00:00;3.44;2.2;5.2;7.6;21.0;50.0;20.79;708.2;0.0;80.0;2.7;0.0;21.85;9.2;55.0
2593;2023-04-19 02:00:00;3.43;2.2;5.1;7.4;20.0;50.0;20.21;708.0;0.0;82.0;2.8;0.0;21.39;7.5;49.0
2594;2023-04-19 03:00:00;3.42;;4.1;6.5;20.0;51.0;25.51;707.6;0.0;83.0;2.7;0.0;21.21;6.0;31.0
2595;2023-04-19 04:00:00;3.4;;3.4;5.8;20.0;43.0;26.62;707.4;0.0;83.0;2.8;0.0;21.13;4.7;28.0
2596;2023-04-19 05:00:00;3.4;;3.3;5.7;21.0;39.0;21.12;707.4;0.0;82.0;2.8;0.0;21.1;5.1;34.0
2597;2023-04-19 06:00:00;3.41;2.3;5.5;7.9;19.0;30.0;15.99;707.6;0.0;83.0;;0.0;20.8;5.1;51.0
2598;2023-04-19 07:00:00;3.49;3.3;12.3;15.8;14.0;39.0;16.83;708.0;0.0;83.0;;0.009;20.7;6.1;61.0
2599;2023-04-19 08:00:00;3.67;8.4;16.8;25.5;10.0;46.0;20.97;708.3;0.0;82.0;2.9;0.103;20.87;7.0;69.0
2600;2023-04-19 09:00:00;3.72;10.9;17.2;28.4;13.0;53.0;27.74;708.7;0.0;78.0;2.9;0.212;21.63;7.0;68.0
2601;2023-04-19 10:00:00;3.72;18.6;22.5;41.3;12.0;61.0;30.87;709.0;0.0;70.0;;0.373;23.11;6.8;47.0
2602;2023-04-19 11:00:00;3.72;14.0;20.7;35.0;22.0;73.0;34.28;709.1;0.0;63.0;3.0;0.725;24.62;9.1;30.0
2603;2023-04-19 12:00:00;3.67;11.0;22.0;33.3;31.0;75.0;38.09;709.1;0.0;58.0;3.4;0.884;25.46;9.7;40.0
2604;2023-04-19 13:00:00;3.63;5.6;17.5;23.3;49.0;86.0;45.08;708.5;0.0;54.0;3.9;0.881;26.62;9.7;57.0
2605;2023-04-19 14:00:00;3.57;3.1;10.2;13.6;57.0;78.0;48.01;707.9;0.0;52.0;4.0;0.903;27.4;12.3;60.0
2606;2023-04-19 15:00:00;3.54;3.7;9.1;13.0;45.0;68.0;38.99;707.4;0.0;52.0;3.4;0.744;28.1;13.4;51.0
2607;2023-04-19 16:00:00;3.52;3.6;8.3;12.0;40.0;59.0;31.72;706.9;0.0;51.0;3.3;0.534;28.56;14.1;58.0
2608;2023-04-19 17:00:00;3.51;3.4;8.0;11.6;35.0;54.0;26.1;706.8;0.0;50.0;3.2;0.39;28.68;13.6;91.0
2609;2023-04-19 18:00:00;3.5;3.0;7.5;10.7;33.0;49.0;23.14;706.9;0.0;51.0;3.1;0.123;27.96;15.0;124.0
2610;2023-04-19 19:00:00;3.51;2.7;8.1;11.0;29.0;48.0;24.05;707.1;0.0;53.0;3.0;0.033;27.17;14.0;114.0
2611;2023-04-19 20:00:00;3.51;2.4;8.2;10.8;28.0;39.0;25.16;707.5;0.0;57.0;2.9;0.001;26.54;12.2;105.0
2612;2023-04-19 21:00:00;3.53;2.3;8.2;10.7;25.0;48.0;26.58;708.1;0.0;63.0;3.0;0.0;25.78;12.7;88.0
2613;2023-04-19 22:00:00;3.48;2.3;6.5;9.0;23.0;52.0;27.8;708.7;0.0;73.0;2.8;0.0;23.99;12.1;62.0
2614;2023-04-19 23:00:00;3.51;2.2;7.5;10.0;23.0;52.0;22.68;709.1;0.0;75.0;2.7;0.0;23.38;10.4;58.0
2615;2023-04-20 00:00:00;3.5;2.2;7.7;10.2;21.0;59.0;23.24;709.1;0.0;76.0;2.8;0.0;22.96;9.0;42.0
2616;2023-04-20 01:00:00;3.46;;5.3;7.7;23.0;57.0;24.76;709.0;0.0;79.0;2.8;0.0;22.37;8.6;56.0
2617;2023-04-20 02:00:00;3.47;;4.5;6.9;23.0;82.0;39.44;708.7;0.0;80.0;;0.0;22.19;7.2;55.0
2618;2023-04-20 03:00:00;3.48;;5.5;7.8;21.0;67.0;42.26;708.3;0.0;80.0;;0.0;22.29;6.6;30.0
2619;2023-04-20 04:00:00;3.48;4.1;13.5;17.7;14.0;61.0;29.1;708.0;0.0;81.0;;0.0;22.16;5.6;45.0
2620;2023-04-20 05:00:00;3.47;2.2;4.4;6.8;21.0;75.0;26.77;708.2;0.0;82.0;2.7;0.0;21.82;6.2;66.0
2621;2023-04-20 06:00:00;3.46;2.2;5.9;8.3;21.0;56.0;28.34;708.5;0.0;82.0;2.8;0.0;21.65;4.6;61.0
2622;2023-04-20 07:00:00;3.53;3.2;16.1;19.4;12.0;55.0;28.43;708.8;0.0;82.0;2.8;0.015;21.65;3.3;69.0
2623;2023-04-20 08:00:00;3.69;7.0;19.0;26.2;11.0;60.0;29.46;709.2;0.0;80.0;;0.074;22.1;5.4;74.0
2624;2023-04-20 09:00:00;3.73;7.9;17.9;26.1;13.0;69.0;29.5;709.3;0.0;76.0;;0.151;23.01;5.1;71.0
2625;2023-04-20 10:00:00;3.83;13.5;21.4;35.0;13.0;61.0;29.45;709.5;0.0;71.0;2.9;0.243;23.96;6.6;32.0
2626;2023-04-20 11:00:00;3.81;14.2;22.0;36.4;18.0;71.0;31.89;709.6;0.0;65.0;2.8;0.476;25.25;7.7;64.0
2627;2023-04-20 12:00:00;3.72;5.5;15.8;21.6;35.0;80.0;41.17;709.5;0.0;60.0;2.8;0.496;25.97;9.7;74.0
2628;2023-04-20 13:00:00;3.66;4.3;14.6;19.1;51.0;68.0;40.92;709.4;0.0;56.0;;0.827;27.33;10.1;43.0
2629;2023-04-20 14:00:00;3.63;3.1;11.7;15.1;62.0;76.0;42.33;709.0;0.0;52.0;2.9;0.709;28.1;9.9;61.0
2630;2023-04-20 15:00:00;3.63;2.8;10.2;13.2;67.0;78.0;43.88;708.7;0.0;49.0;2.8;0.743;29.02;9.9;54.0
2631;2023-04-20 16:00:00;3.58;2.7;8.4;11.3;56.0;73.0;42.9;708.1;0.0;49.0;2.9;0.485;29.31;10.2;71.0
2632;2023-04-20 17:00:00;3.57;2.7;8.6;11.6;49.0;64.0;38.2;707.8;0.0;48.0;2.9;0.328;29.39;11.3;93.0
2633;2023-04-20 18:00:00;3.55;2.6;8.4;11.2;45.0;57.0;33.75;707.8;0.0;49.0;2.8;0.128;28.76;12.0;126.0
2634;2023-04-20 19:00:00;3.54;2.5;8.9;11.6;42.0;65.0;31.18;708.0;0.0;50.0;3.0;0.038;28.06;11.4;124.0
2635;2023-04-20 20:00:00;3.56;2.3;10.3;12.8;35.0;68.0;30.88;708.3;0.0;51.0;2.9;0.001;27.22;10.4;124.0
2636;2023-04-20 21:00:00;3.56;2.2;10.3;12.7;29.0;65.0;30.77;708.8;0.0;53.0;3.0;0.0;26.79;8.3;99.0
2637;2023-04-20 22:00:00;3.53;2.2;9.0;11.4;27.0;56.0;32.97;709.2;0.0;56.0;2.9;0.0;26.39;6.9;83.0
2638;2023-04-20 23:00:00;3.53;;9.8;12.1;25.0;50.0;33.39;709.2;0.0;57.0;2.9;0.0;26.11;6.3;74.0
2639;2023-04-21 00:00:00;3.57;2.3;14.8;17.2;15.0;51.0;32.88;709.1;0.0;65.0;2.8;0.0;25.4;5.7;36.0
2640;2023-04-21 01:00:00;3.56;2.2;8.3;10.7;17.0;62.0;34.7;709.2;0.0;73.0;2.8;0.0;24.4;6.1;45.0
2641;2023-04-21 02:00:00;3.53;2.2;8.8;11.1;19.0;72.0;33.2;709.2;0.0;69.0;;0.0;24.25;4.9;43.0
2642;2023-04-21 03:00:00;3.54;2.5;13.1;15.7;11.0;63.0;33.32;708.8;0.0;77.0;2.9;0.0;23.52;3.8;51.0
2643;2023-04-21 04:00:00;3.52;2.2;9.3;11.7;13.0;71.0;36.74;708.7;0.0;79.0;2.8;0.0;23.25;3.2;60.0
2644;2023-04-21 05:00:00;3.56;2.2;9.0;11.4;10.0;89.0;43.77;708.7;0.0;81.0;2.9;0.0;22.75;2.4;197.0
2645;2023-04-21 06:00:00;3.59;2.5;12.4;15.2;7.0;84.0;57.82;709.0;0.0;80.0;2.8;0.0;22.34;2.9;241.0
2646;2023-04-21 07:00:00;3.77;9.7;17.7;27.6;4.0;62.0;44.03;709.6;0.0;79.0;2.9;0.018;22.56;2.8;250.0
2647;2023-04-21 08:00:00;4.01;17.5;20.8;38.6;6.0;76.0;40.25;710.4;0.0;74.0;2.9;0.143;24.36;3.0;229.0
2648;2023-04-21 09:00:00;3.9;20.0;30.2;50.3;12.0;137.0;49.17;710.6;0.0;57.0;3.0;0.354;27.11;5.0;228.0
2649;2023-04-21 10:00:00;4.04;13.9;31.6;45.7;24.0;138.0;53.58;710.7;0.0;49.0;3.0;0.558;29.26;5.3;347.0
2650;2023-04-21 11:00:00;3.77;5.8;16.6;22.6;41.0;131.0;56.4;710.9;0.0;44.0;3.1;0.738;30.11;7.8;2.0
2651;2023-04-21 12:00:00;3.65;3.4;10.4;14.0;55.0;88.0;51.97;710.6;0.0;38.0;3.2;0.856;31.78;7.1;10.0
2652;2023-04-21 13:00:00;3.51;3.1;10.2;13.5;51.0;82.0;39.58;710.1;0.0;32.0;3.6;0.431;32.15;8.1;28.0
2653;2023-04-21 14:00:00;3.39;3.0;6.0;9.2;48.0;63.0;36.3;709.5;0.0;23.0;3.9;0.788;33.97;8.7;359.0
2654;2023-04-21 15:00:00;3.38;3.4;7.7;11.4;45.0;58.0;27.66;709.2;0.0;25.0;3.6;0.697;33.76;13.7;25.0
2655;2023-04-21 16:00:00;3.45;3.6;9.8;13.7;34.0;72.0;23.45;709.4;0.0;34.0;3.6;0.351;31.19;14.3;69.0
2656;2023-04-21 17:00:00;3.48;3.5;8.0;11.7;37.0;106.0;27.2;709.3;0.0;41.0;3.5;0.477;29.43;15.9;128.0
2657;2023-04-21 18:00:00;3.5;3.4;9.9;13.5;33.0;58.0;25.7;709.4;0.0;37.0;3.4;0.173;29.44;12.6;117.0
2658;2023-04-21 19:00:00;3.54;2.8;13.3;16.4;28.0;40.0;20.32;709.6;0.0;38.0;3.3;0.037;28.51;10.9;114.0
2659;2023-04-21 20:00:00;3.56;2.6;16.1;18.8;25.0;43.0;19.36;709.8;0.0;40.0;3.3;0.001;27.72;9.5;98.0
2660;2023-04-21 21:00:00;3.58;2.8;14.1;17.1;24.0;43.0;19.88;710.3;0.0;48.0;3.1;0.0;26.37;11.9;106.0
2661;2023-04-21 22:00:00;3.43;2.2;7.4;9.8;31.0;59.0;25.22;711.0;0.0;57.0;3.0;0.0;24.22;14.5;96.0
2662;2023-04-21 23:00:00;3.41;2.2;4.6;7.0;33.0;55.0;22.35;711.0;0.0;58.0;3.0;0.0;23.65;12.6;113.0
2663;2023-04-22 00:00:00;3.43;;5.3;7.6;32.0;41.0;20.49;710.5;0.0;58.0;;0.0;23.49;11.2;105.0
2664;2023-04-22 01:00:00;3.64;2.4;22.4;25.0;17.0;43.0;19.97;710.2;0.0;58.0;;0.0;22.73;7.6;15.0
2665;2023-04-22 02:00:00;3.75;2.4;26.1;28.6;12.0;67.0;23.93;709.8;0.0;62.0;3.2;0.0;21.82;5.9;35.0
2666;2023-04-22 03:00:00;3.61;3.1;27.1;30.4;9.0;72.0;24.54;709.4;0.0;66.0;3.4;0.0;21.13;4.6;92.0
2667;2023-04-22 04:00:00;3.63;5.7;31.6;37.5;4.0;60.0;28.07;709.3;0.0;69.0;3.6;0.0;20.43;2.2;200.0
2668;2023-04-22 05:00:00;3.51;2.4;16.2;18.8;17.0;73.0;30.71;709.4;0.0;70.0;3.6;0.0;20.59;6.2;54.0
2669;2023-04-22 06:00:00;3.47;2.4;18.8;21.3;15.0;54.0;27.89;709.5;0.0;74.0;;0.0;19.84;4.6;351.0
2670;2023-04-22 07:00:00;3.51;3.6;13.3;17.0;18.0;51.0;24.8;709.9;0.0;79.0;3.5;0.028;19.54;5.2;44.0
2671;2023-04-22 08:00:00;3.61;11.2;23.5;34.9;12.0;43.0;20.65;710.1;0.0;77.0;3.3;0.176;20.27;5.6;357.0
2672;2023-04-22 09:00:00;3.61;11.4;20.6;32.2;16.0;56.0;26.44;710.0;0.0;70.0;3.5;0.219;21.27;7.0;24.0
2673;2023-04-22 10:00:00;3.61;7.6;15.4;23.3;25.0;61.0;31.86;709.9;0.0;62.0;3.7;0.486;23.24;5.6;58.0
2674;2023-04-22 11:00:00;3.61;6.0;15.0;21.2;33.0;52.0;27.84;709.8;0.0;59.0;3.5;0.486;23.99;7.4;60.0
2675;2023-04-22 12:00:00;3.61;4.5;13.6;18.3;46.0;59.0;30.13;709.5;0.0;58.0;3.9;0.724;24.77;10.4;49.0
2676;2023-04-22 13:00:00;3.58;3.4;9.5;13.2;42.0;72.0;32.73;708.9;0.0;59.0;3.9;0.473;24.89;11.2;59.0
2677;2023-04-22 14:00:00;3.56;3.2;8.2;11.6;35.0;60.0;35.46;708.3;0.0;57.0;3.6;0.261;25.39;12.0;82.0
2678;2023-04-22 15:00:00;3.54;2.7;7.5;10.5;29.0;51.0;27.25;708.2;0.0;60.0;3.2;0.091;24.77;13.2;114.0
2679;2023-04-22 16:00:00;3.53;3.2;5.4;8.9;31.0;55.0;26.72;707.4;0.0;59.0;3.2;0.659;25.45;16.1;106.0
2680;2023-04-22 17:00:00;3.51;2.9;4.9;8.0;32.0;49.0;29.99;706.7;0.0;57.0;3.1;0.493;26.06;16.2;120.0
2681;2023-04-22 18:00:00;3.56;3.3;8.0;11.6;29.0;50.0;30.46;706.8;0.0;56.0;3.1;0.118;26.12;13.1;77.0
2682;2023-04-22 19:00:00;3.57;2.7;7.9;10.8;26.0;48.0;30.05;706.9;0.0;59.0;2.9;0.032;25.59;11.9;70.0
2683;2023-04-22 20:00:00;3.55;2.2;6.9;9.3;27.0;50.0;30.87;706.8;0.0;61.0;3.0;0.001;24.79;12.6;93.0
2684;2023-04-22 21:00:00;3.52;2.2;5.4;7.8;26.0;45.0;30.99;706.8;0.0;64.0;2.9;0.0;23.85;13.6;108.0
2685;2023-04-22 22:00:00;3.56;2.3;9.3;11.7;22.0;51.0;29.24;707.1;0.0;68.0;3.0;0.0;22.7;9.8;61.0
2686;2023-04-22 23:00:00;3.53;2.2;6.2;8.6;22.0;45.0;26.37;707.0;0.0;71.0;2.9;0.0;22.61;10.1;101.0
2687;2023-04-23 00:00:00;3.71;2.9;20.7;23.8;10.0;39.0;25.01;706.9;0.0;72.0;2.9;0.0;21.55;6.9;3.0
2688;2023-04-23 01:00:00;3.71;3.2;19.7;23.1;10.0;49.0;27.84;706.6;0.0;74.0;;0.0;21.11;6.1;38.0
2689;2023-04-23 02:00:00;3.65;3.7;20.1;24.0;8.0;55.0;27.67;706.3;0.0;76.0;3.0;0.0;20.56;6.7;48.0
2690;2023-04-23 03:00:00;3.67;3.0;17.9;21.1;10.0;50.0;28.2;706.3;0.0;78.0;3.0;0.0;20.3;4.9;43.0
2691;2023-04-23 04:00:00;3.69;2.8;15.3;18.3;10.0;46.0;26.62;706.1;0.0;78.0;;0.0;20.44;2.5;247.0
2692;2023-04-23 05:00:00;3.83;2.3;13.5;15.9;11.0;52.0;33.71;706.2;0.0;77.0;;0.0;20.79;2.3;250.0
2693;2023-04-23 06:00:00;3.8;2.3;12.6;15.0;11.0;52.0;36.17;706.6;0.0;76.0;;0.0;21.21;5.0;351.0
2694;2023-04-23 07:00:00;3.81;2.3;9.7;12.2;16.0;49.0;31.0;707.0;0.0;78.0;;0.007;20.89;5.8;6.0
2695;2023-04-23 08:00:00;3.82;3.3;9.5;13.1;16.0;46.0;29.0;707.5;0.0;77.0;;0.057;21.22;5.7;342.0
2696;2023-04-23 09:00:00;3.56;4.0;7.4;11.7;19.0;50.0;28.0;707.8;0.0;71.0;2.9;0.274;22.59;6.7;328.0
2697;2023-04-23 10:00:00;3.52;3.8;5.3;9.3;25.0;54.0;30.0;707.8;0.0;62.0;3.0;0.534;24.55;7.5;347.0
2698;2023-04-23 11:00:00;3.62;3.3;5.6;9.1;31.0;45.0;29.0;708.0;0.0;58.0;2.9;0.494;25.58;8.8;34.0
2699;2023-04-23 12:00:00;3.63;3.0;5.6;8.8;32.0;48.0;35.0;707.9;0.0;57.0;2.9;0.402;25.99;8.7;30.0
2700;2023-04-23 13:00:00;3.54;2.9;6.0;9.1;33.0;56.0;36.0;707.6;0.0;52.0;3.0;0.251;26.86;8.9;36.0
2701;2023-04-23 14:00:00;3.54;2.9;5.5;8.6;34.0;54.0;23.0;708.0;0.0;58.0;3.0;0.244;24.18;17.7;3.0
2702;2023-04-23 15:00:00;3.53;3.4;6.1;9.7;35.0;148.0;18.0;708.4;0.0;59.0;3.1;0.479;22.61;15.8;41.0
2703;2023-04-23 16:00:00;3.46;3.3;8.3;11.9;28.0;121.0;23.0;708.8;0.0;62.0;3.0;0.137;19.81;15.9;55.0
2704;2023-04-23 17:00:00;3.46;3.1;9.9;13.3;25.0;102.0;16.0;709.1;0.0;62.0;3.2;0.068;19.16;11.2;45.0
2705;2023-04-23 18:00:00;3.47;2.8;9.4;12.4;26.0;40.0;13.0;709.4;0.0;62.0;3.2;0.048;18.64;11.6;57.0
2706;2023-04-23 19:00:00;3.49;2.5;9.6;12.3;24.0;43.0;14.0;710.2;0.0;65.0;3.1;0.016;17.29;12.2;44.0
2707;2023-04-23 20:00:00;3.47;2.4;14.2;16.8;21.0;41.0;15.0;711.2;0.0;68.0;3.2;0.0;15.82;11.2;63.0
2708;2023-04-23 21:00:00;3.57;2.3;17.0;19.4;19.0;39.0;15.0;711.9;0.0;69.0;3.1;0.0;15.48;8.1;66.0
2709;2023-04-23 22:00:00;3.55;2.3;21.4;23.9;15.0;37.0;;712.5;0.0;73.0;3.1;0.0;15.09;5.6;6.0
2710;2023-04-23 23:00:00;3.58;2.4;19.2;21.8;14.0;41.0;14.0;712.7;0.0;80.0;3.2;0.0;14.27;6.9;83.0
2711;2023-04-24 00:00:00;3.47;2.4;13.6;16.2;18.0;44.0;18.0;712.7;0.0;82.0;3.2;0.0;13.74;9.7;33.0
2712;2023-04-24 01:00:00;3.56;2.2;8.4;10.9;25.0;35.0;14.0;712.7;0.0;79.0;3.0;0.0;13.51;10.4;26.0
2713;2023-04-24 02:00:00;3.72;2.2;8.0;10.4;23.0;28.0;16.0;712.3;0.0;83.0;3.1;0.0;12.86;9.9;17.0
2714;2023-04-24 03:00:00;3.8;2.2;11.0;13.4;20.0;36.0;17.0;711.7;0.0;81.0;3.2;0.0;13.08;10.3;14.0
2715;2023-04-24 04:00:00;3.92;2.2;9.6;12.0;21.0;45.0;29.0;711.9;0.0;84.0;3.1;0.0;12.71;9.6;17.0
2716;2023-04-24 05:00:00;3.92;2.3;11.4;13.9;19.0;40.0;27.0;712.0;0.0;87.0;3.2;0.0;12.56;9.2;24.0
2717;2023-04-24 06:00:00;3.48;2.4;8.8;11.5;21.0;26.0;23.0;712.0;0.0;88.0;3.1;0.0;12.54;8.4;15.0
2718;2023-04-24 07:00:00;3.57;3.7;13.5;17.4;16.0;28.0;19.0;712.2;0.0;88.0;3.0;0.003;12.48;7.6;13.0
2719;2023-04-24 08:00:00;4.08;4.9;17.6;22.8;14.0;27.0;25.0;712.6;0.0;89.0;2.9;0.02;12.45;8.3;18.0
2720;2023-04-24 09:00:00;4.11;8.6;19.3;28.1;12.0;34.0;22.0;712.9;0.0;89.0;2.9;0.064;12.64;8.8;20.0
2721;2023-04-24 10:00:00;4.48;9.3;17.2;26.8;16.0;31.0;22.0;712.9;0.0;89.0;3.0;0.155;13.05;8.1;21.0
2722;2023-04-24 11:00:00;3.79;9.7;19.9;29.9;16.0;32.0;18.0;712.6;0.0;87.0;3.0;0.159;13.86;7.3;40.0
2723;2023-04-24 12:00:00;2.34;11.1;20.9;32.2;17.0;40.0;31.0;712.3;0.0;79.0;;0.248;15.32;7.3;50.0
2724;2023-04-24 13:00:00;0.57;9.2;20.0;29.5;22.0;53.0;35.0;711.8;0.0;72.0;3.4;0.277;16.4;8.8;65.0
2725;2023-04-24 14:00:00;0.7;8.1;23.2;31.5;19.0;51.0;36.0;711.6;0.0;75.0;3.3;0.129;16.07;9.8;72.0
2726;2023-04-24 15:00:00;0.55;4.1;14.1;18.4;27.0;52.0;34.0;711.3;0.0;74.0;3.2;0.094;16.36;11.2;71.0
2727;2023-04-24 16:00:00;0.56;4.7;16.0;20.9;21.0;40.0;;710.9;0.0;75.0;3.4;0.063;16.18;10.5;65.0
2728;2023-04-24 17:00:00;0.56;5.8;16.0;22.1;18.0;39.0;19.6;710.6;0.0;77.0;3.4;0.076;16.15;8.7;67.0
2729;2023-04-24 18:00:00;0.5;3.6;11.6;15.5;23.0;40.0;19.18;710.3;0.0;73.0;3.3;0.073;16.59;9.3;85.0
2730;2023-04-24 19:00:00;0.49;3.2;10.4;13.8;21.0;30.0;13.41;710.1;0.0;72.0;3.2;0.033;16.63;8.2;106.0
2731;2023-04-24 20:00:00;0.48;2.5;10.7;13.4;20.0;25.0;11.47;710.1;0.0;74.0;3.1;0.001;16.28;7.6;92.0
2732;2023-04-24 21:00:00;0.62;5.8;21.1;27.1;10.0;26.0;19.59;710.3;0.0;77.0;3.2;0.0;16.29;6.4;57.0
2733;2023-04-24 22:00:00;0.54;2.7;15.5;18.4;14.0;42.0;13.72;710.3;0.0;78.0;3.1;0.0;16.2;6.5;65.0
2734;2023-04-24 23:00:00;0.51;7.7;20.0;27.9;9.0;28.0;18.27;710.2;0.0;78.0;3.0;0.0;16.04;7.4;49.0
2735;2023-04-25 00:00:00;0.5;3.9;20.3;24.4;9.0;35.0;;710.0;0.0;81.0;3.3;0.0;15.61;7.0;28.0
2736;2023-04-25 01:00:00;0.45;2.9;16.3;19.3;12.0;49.0;21.22;709.8;0.0;83.0;3.2;0.0;15.26;7.4;39.0
2737;2023-04-25 02:00:00;0.42;3.7;14.6;18.5;13.0;39.0;19.4;709.6;0.0;83.0;3.4;0.0;15.15;6.9;36.0
2738;2023-04-25 03:00:00;0.42;2.3;13.6;16.1;14.0;31.0;17.6;709.3;0.0;83.0;3.6;0.0;15.26;4.8;13.0
2739;2023-04-25 04:00:00;0.43;2.2;11.4;13.8;16.0;35.0;16.19;709.0;0.0;82.0;3.3;0.0;15.35;3.4;61.0
2740;2023-04-25 05:00:00;0.43;2.3;12.6;15.1;14.0;31.0;14.26;708.8;0.0;82.0;3.3;0.0;15.38;2.5;79.0
2741;2023-04-25 06:00:00;0.47;2.3;13.8;16.3;12.0;35.0;20.42;708.8;0.0;82.0;;0.0;15.5;2.0;154.0
2742;2023-04-25 07:00:00;0.57;3.6;18.4;22.2;8.0;40.0;26.43;709.2;0.0;81.0;;0.005;15.77;2.2;52.0
2743;2023-04-25 08:00:00;0.7;9.9;21.6;31.8;6.0;47.0;27.06;709.6;0.0;80.0;3.4;0.044;16.25;2.2;101.0
2744;2023-04-25 09:00:00;0.88;19.5;23.0;42.7;8.0;53.0;31.15;709.9;0.0;76.0;3.6;0.134;17.54;2.5;11.0
2745;2023-04-25 10:00:00;0.85;17.5;22.8;40.5;10.0;64.0;39.5;709.9;0.0;68.0;3.6;0.232;19.09;3.4;355.0
2746;2023-04-25 11:00:00;0.5;6.7;11.2;18.1;24.0;64.0;36.65;709.6;0.0;56.0;3.8;0.639;21.19;6.0;137.0
2747;2023-04-25 12:00:00;0.55;6.0;12.1;18.3;32.0;47.0;19.23;709.3;0.0;54.0;3.5;0.861;22.18;7.7;87.0
2748;2023-04-25 13:00:00;0.73;6.8;20.8;27.8;44.0;46.0;18.54;708.9;0.0;52.0;3.5;0.915;23.33;8.5;81.0
2749;2023-04-25 14:00:00;0.7;5.0;18.6;23.9;55.0;65.0;34.51;708.4;0.0;51.0;3.6;0.895;24.24;10.4;58.0
2750;2023-04-25 15:00:00;0.6;3.7;11.9;15.8;53.0;65.0;38.98;707.9;0.0;52.0;3.4;0.821;24.65;13.4;56.0
2751;2023-04-25 16:00:00;0.57;3.7;10.1;14.0;46.0;50.0;25.89;707.3;0.0;54.0;3.3;0.685;24.7;14.0;58.0
2752;2023-04-25 17:00:00;0.55;3.9;9.7;13.8;40.0;46.0;20.58;707.0;0.0;52.0;3.3;0.496;25.27;13.8;88.0
2753;2023-04-25 18:00:00;0.52;2.8;8.5;11.5;42.0;42.0;16.84;707.1;0.0;52.0;3.1;0.19;25.12;12.8;110.0
2754;2023-04-25 19:00:00;0.55;2.6;9.8;12.6;38.0;43.0;17.24;707.3;0.0;55.0;3.0;0.031;24.26;11.7;109.0
2755;2023-04-25 20:00:00;0.53;2.3;9.1;11.6;33.0;36.0;15.59;707.8;0.0;59.0;3.0;0.001;22.88;12.0;104.0
2756;2023-04-25 21:00:00;0.54;2.3;10.3;12.8;28.0;40.0;14.46;708.1;0.0;62.0;;0.0;22.26;9.1;77.0
2757;2023-04-25 22:00:00;0.61;3.7;22.2;26.1;14.0;35.0;14.04;708.5;0.0;66.0;;0.0;21.63;7.4;32.0
2758;2023-04-25 23:00:00;0.71;3.3;24.5;28.0;9.0;49.0;19.52;708.6;0.0;69.0;3.1;0.0;20.95;4.8;37.0
2759;2023-04-26 00:00:00;0.69;2.4;20.7;23.3;10.0;50.0;22.37;708.5;0.0;74.0;3.0;0.0;19.82;2.3;38.0
2760;2023-04-26 01:00:00;0.69;2.4;19.2;21.8;8.0;41.0;21.73;708.2;0.0;76.0;3.0;0.0;19.02;2.0;102.0
2761;2023-04-26 02:00:00;0.62;2.3;14.4;16.9;11.0;47.0;21.73;707.8;0.0;77.0;;0.0;18.58;2.0;325.0
2762;2023-04-26 03:00:00;0.57;2.4;14.7;17.2;9.0;36.0;18.87;707.4;0.0;78.0;2.9;0.0;18.42;2.0;240.0
2763;2023-04-26 04:00:00;0.73;3.2;20.5;23.9;5.0;43.0;19.38;707.3;0.0;80.0;2.9;0.0;18.14;2.9;229.0
2764;2023-04-26 05:00:00;0.67;4.1;21.6;25.9;5.0;47.0;24.05;707.4;0.0;79.0;;0.0;18.2;3.9;236.0
2765;2023-04-26 06:00:00;0.71;16.0;25.5;41.7;4.0;51.0;25.52;707.4;0.0;78.0;3.1;0.0;18.2;2.7;249.0
2766;2023-04-26 07:00:00;0.82;25.5;25.1;50.7;4.0;92.0;36.06;707.7;0.0;78.0;3.0;0.025;18.15;1.9;260.0
2767;2023-04-26 08:00:00;1.0;37.5;27.8;65.5;6.0;85.0;33.81;707.8;0.0;73.0;3.2;0.148;19.8;2.5;254.0
2768;2023-04-26 09:00:00;0.83;13.6;19.8;33.6;14.0;103.0;37.03;707.8;0.0;69.0;3.0;0.295;21.29;4.7;323.0
2769;2023-04-26 10:00:00;0.89;14.2;22.0;36.4;18.0;66.0;26.47;707.8;0.0;63.0;3.0;0.45;22.56;6.7;350.0
2770;2023-04-26 11:00:00;0.86;9.7;20.3;30.3;28.0;85.0;29.7;707.9;0.0;55.0;3.2;0.605;24.41;6.7;14.0
2771;2023-04-26 12:00:00;0.76;5.9;17.7;23.8;39.0;97.0;36.71;707.6;0.0;46.0;3.3;0.602;26.49;6.7;64.0
2772;2023-04-26 13:00:00;0.77;8.2;27.8;36.2;40.0;89.0;32.31;707.0;0.0;42.0;3.7;0.716;28.0;6.6;88.0
2773;2023-04-26 14:00:00;0.74;5.9;26.2;32.4;55.0;105.0;37.21;706.4;0.0;38.0;5.2;0.658;28.69;9.1;71.0
2774;2023-04-26 15:00:00;0.71;4.1;19.9;24.2;62.0;95.0;36.98;706.1;0.0;43.0;4.9;0.5;28.36;11.9;52.0
2775;2023-04-26 16:00:00;0.69;3.6;17.7;21.5;61.0;88.0;33.15;705.7;0.0;46.0;9.6;0.382;28.09;11.6;41.0
2776;2023-04-26 17:00:00;0.78;3.4;20.3;23.9;68.0;86.0;33.28;705.4;0.0;48.0;6.5;0.303;28.53;10.0;37.0
2777;2023-04-26 18:00:00;0.88;2.8;22.3;25.3;70.0;88.0;37.38;705.4;0.0;52.0;4.3;0.115;27.92;9.5;59.0
2778;2023-04-26 19:00:00;0.78;2.4;16.5;19.0;69.0;81.0;36.78;705.8;0.0;54.0;3.6;0.037;26.65;9.9;90.0
2779;2023-04-26 20:00:00;0.68;2.2;13.3;15.8;50.0;70.0;33.35;706.3;0.0;54.0;3.4;0.001;25.87;9.0;108.0
2780;2023-04-26 21:00:00;0.64;2.3;12.7;15.2;41.0;56.0;27.24;706.8;0.0;56.0;3.2;0.0;25.48;6.7;92.0
2781;2023-04-26 22:00:00;0.62;2.2;11.2;13.6;34.0;50.0;24.83;706.9;0.0;58.0;3.1;0.0;25.11;6.4;92.0
2782;2023-04-26 23:00:00;0.57;2.2;9.2;11.6;32.0;47.0;23.24;706.8;0.0;59.0;3.1;0.0;24.73;6.9;110.0
2783;2023-04-27 00:00:00;0.61;2.4;16.2;18.8;26.0;40.0;22.1;706.7;0.0;61.0;3.0;0.0;24.28;6.7;54.0
2784;2023-04-27 01:00:00;0.81;2.7;32.7;35.6;7.0;46.0;24.53;706.9;0.0;66.0;3.0;0.0;23.37;3.5;14.0
2785;2023-04-27 02:00:00;0.79;2.4;25.0;27.6;8.0;79.0;33.83;706.7;0.0;71.0;3.1;0.0;22.45;3.5;14.0
2786;2023-04-27 03:00:00;0.69;2.5;19.1;21.8;8.0;64.0;31.61;707.0;0.0;78.0;3.0;0.0;21.97;4.7;50.0
2787;2023-04-27 04:00:00;0.62;2.3;12.2;14.7;9.0;61.0;26.78;706.9;0.0;82.0;3.0;0.0;21.25;2.8;78.0
2788;2023-04-27 05:00:00;0.72;2.7;17.2;20.1;5.0;50.0;24.94;707.1;0.0;84.0;2.9;0.0;20.66;2.1;246.0
2789;2023-04-27 06:00:00;0.8;3.7;17.9;21.9;5.0;54.0;29.46;707.7;0.0;84.0;3.0;0.0;20.61;1.8;237.0
2790;2023-04-27 07:00:00;0.94;19.0;27.2;46.4;4.0;60.0;33.18;708.4;0.0;80.0;3.1;0.024;20.98;4.9;234.0
2791;2023-04-27 08:00:00;1.35;46.2;34.6;81.1;6.0;111.0;45.58;708.9;0.0;70.0;3.3;0.166;22.8;7.5;253.0
2792;2023-04-27 09:00:00;1.15;18.2;28.0;46.4;12.0;189.0;71.86;709.4;0.0;65.0;3.1;0.288;24.17;7.5;341.0
2793;2023-04-27 10:00:00;0.89;7.1;15.4;22.8;29.0;128.0;57.48;709.7;0.0;55.0;3.2;0.576;26.16;10.5;14.0
2794;2023-04-27 11:00:00;0.58;4.4;8.0;12.6;33.0;90.0;39.75;709.8;0.0;49.0;3.3;0.649;26.82;12.6;19.0
2795;2023-04-27 12:00:00;0.47;3.9;6.8;10.9;38.0;74.0;24.75;709.7;0.0;44.0;3.8;0.805;27.29;14.4;18.0
2796;2023-04-27 13:00:00;0.46;3.2;7.0;10.5;41.0;77.0;22.53;709.1;0.0;42.0;3.8;0.413;27.46;11.8;28.0
2797;2023-04-27 14:00:00;0.5;3.3;9.3;12.8;42.0;67.0;21.41;708.6;0.0;42.0;3.7;0.191;27.49;10.2;40.0
2798;2023-04-27 15:00:00;0.48;3.2;9.2;12.7;42.0;59.0;20.46;708.0;0.0;39.0;3.6;0.281;27.94;9.1;83.0
2799;2023-04-27 16:00:00;0.49;3.4;9.5;13.2;46.0;58.0;20.26;707.4;0.0;37.0;3.8;0.478;28.88;8.7;92.0
2800;2023-04-27 17:00:00;0.55;3.5;10.1;13.9;37.0;56.0;21.85;707.2;0.0;46.0;3.6;0.346;28.06;14.4;117.0
2801;2023-04-27 18:00:00;0.52;3.4;7.6;11.2;32.0;61.0;21.15;707.4;0.0;50.0;3.4;0.205;26.74;15.1;128.0
2802;2023-04-27 19:00:00;0.52;2.6;8.1;11.0;32.0;43.0;15.8;707.7;0.0;53.0;3.2;0.048;25.32;12.6;131.0
2803;2023-04-27 20:00:00;0.53;2.4;9.7;12.3;32.0;31.0;13.85;708.0;0.0;51.0;3.4;0.002;25.28;9.7;122.0
2804;2023-04-27 21:00:00;0.55;2.3;11.1;13.6;29.0;34.0;14.23;708.4;0.0;55.0;3.4;0.0;24.64;10.2;114.0
2805;2023-04-27 22:00:00;0.52;2.2;8.2;10.7;29.0;32.0;15.07;709.0;0.0;59.0;3.3;0.0;24.31;10.6;92.0
2806;2023-04-27 23:00:00;0.53;2.2;5.9;8.4;27.0;30.0;14.88;709.0;0.0;70.0;3.1;0.0;23.2;12.6;90.0
2807;2023-04-28 00:00:00;0.5;;4.5;6.9;28.0;40.0;15.84;708.8;0.0;72.0;3.0;0.0;22.29;15.7;111.0
2808;2023-04-28 01:00:00;0.47;;3.3;5.7;29.0;32.0;12.94;708.4;0.0;71.0;3.0;0.0;22.21;10.5;110.0
2809;2023-04-28 02:00:00;0.51;;7.9;10.2;23.0;25.0;10.63;708.1;0.0;72.0;2.9;0.0;21.88;5.1;8.0
2810;2023-04-28 03:00:00;0.61;3.7;23.9;27.8;8.0;33.0;12.39;707.9;0.0;75.0;2.9;0.0;21.41;6.0;351.0
2811;2023-04-28 04:00:00;0.65;2.4;20.3;22.9;8.0;50.0;19.59;707.6;0.0;79.0;3.0;0.0;20.44;2.2;33.0
2812;2023-04-28 05:00:00;0.66;2.8;20.2;23.2;5.0;56.0;19.74;707.3;0.0;81.0;3.0;0.0;19.9;1.7;204.0
2813;2023-04-28 06:00:00;0.6;2.7;16.9;19.8;5.0;45.0;20.11;707.4;0.0;82.0;;0.0;19.45;1.7;261.0
2814;2023-04-28 07:00:00;0.78;14.4;19.3;34.0;5.0;42.0;19.11;707.7;0.0;82.0;3.1;0.034;19.7;2.1;258.0
2815;2023-04-28 08:00:00;0.8;15.5;21.3;37.1;10.0;46.0;20.07;707.9;0.0;72.0;3.0;0.179;22.34;2.6;329.0
2816;2023-04-28 09:00:00;0.9;13.6;23.0;36.9;18.0;66.0;23.57;708.0;0.0;65.0;3.1;0.387;23.87;4.2;3.0
2817;2023-04-28 10:00:00;1.74;17.9;33.7;51.8;23.0;95.0;31.09;708.0;0.0;58.0;3.3;0.575;25.37;6.2;15.0
2818;2023-04-28 11:00:00;1.1;14.3;34.5;49.0;31.0;99.0;41.57;707.8;0.0;53.0;3.7;0.735;26.75;7.2;53.0
2819;2023-04-28 12:00:00;0.98;11.6;34.7;46.5;38.0;110.0;44.32;707.5;0.0;48.0;4.5;0.854;28.22;8.3;69.0
2820;2023-04-28 13:00:00;0.81;7.4;29.3;36.9;51.0;106.0;40.92;706.9;0.0;42.0;5.6;0.923;29.42;9.2;83.0
2821;2023-04-28 14:00:00;0.76;3.6;17.9;21.7;75.0;86.0;36.47;706.2;0.0;43.0;5.2;0.737;30.23;10.4;65.0
2822;2023-04-28 15:00:00;0.85;2.5;18.0;20.7;62.0;79.0;31.99;706.0;0.0;53.0;3.9;0.054;28.56;9.7;69.0
2823;2023-04-28 16:00:00;0.77;2.9;16.1;19.1;42.0;79.0;34.97;705.2;0.0;52.0;3.5;0.079;28.06;9.0;97.0
2824;2023-04-28 17:00:00;0.68;3.7;12.5;16.4;40.0;61.0;25.79;704.5;0.0;50.0;3.3;0.369;28.71;11.0;129.0
2825;2023-04-28 18:00:00;0.64;2.9;9.5;12.7;42.0;47.0;21.97;704.3;0.0;49.0;3.1;0.193;29.89;11.3;106.0
2826;2023-04-28 19:00:00;0.7;2.7;12.7;15.6;35.0;42.0;19.1;704.9;0.0;50.0;3.1;0.031;29.26;11.0;91.0
2827;2023-04-28 20:00:00;0.66;2.4;12.0;14.5;28.0;47.0;19.62;705.9;0.0;54.0;;0.002;27.99;8.5;115.0
2828;2023-04-28 21:00:00;0.64;2.2;11.1;13.5;26.0;44.0;20.63;706.7;0.0;56.0;3.0;0.0;27.35;6.4;108.0
2829;2023-04-28 22:00:00;0.73;2.8;16.3;19.2;17.0;43.0;21.67;706.5;0.0;60.0;2.9;0.0;26.25;3.3;121.0
2830;2023-04-28 23:00:00;0.73;3.1;19.4;22.7;19.0;52.0;23.18;708.1;0.0;58.0;2.9;0.0;25.58;13.9;9.0
2831;2023-04-29 00:00:00;0.42;2.2;5.2;7.6;38.0;177.0;36.43;710.9;0.0;48.0;3.1;0.0;22.17;9.2;300.0
2832;2023-04-29 01:00:00;0.46;2.2;6.4;8.9;34.0;221.0;37.58;712.0;0.0;48.0;3.3;0.0;20.95;5.5;288.0
2833;2023-04-29 02:00:00;0.31;2.1;3.2;5.7;37.0;92.0;21.13;712.1;0.0;38.0;3.2;0.0;20.65;5.6;306.0
2834;2023-04-29 03:00:00;0.33;2.2;4.0;6.5;35.0;61.0;14.18;712.1;0.0;38.0;3.2;0.0;20.08;8.0;34.0
2835;2023-04-29 04:00:00;0.33;2.3;4.5;7.0;30.0;59.0;11.66;712.5;0.0;41.0;3.3;0.0;18.77;13.4;17.0
2836;2023-04-29 05:00:00;0.35;2.2;5.9;8.4;26.0;66.0;11.92;712.9;0.0;45.0;3.3;0.0;17.44;13.5;19.0
2837;2023-04-29 06:00:00;0.32;2.2;7.0;9.4;24.0;58.0;14.71;713.6;0.0;45.0;;0.0;17.08;9.5;58.0
2838;2023-04-29 07:00:00;0.59;3.1;12.2;15.5;21.0;54.0;10.36;714.3;0.0;46.0;3.6;0.034;16.27;9.4;38.0
2839;2023-04-29 08:00:00;0.54;8.3;19.8;28.4;17.0;55.0;11.35;715.2;0.0;41.0;4.2;0.18;17.37;8.0;117.0
2840;2023-04-29 09:00:00;0.46;8.1;15.6;24.0;25.0;67.0;15.38;715.7;0.0;35.0;3.8;0.407;18.42;9.7;37.0
2841;2023-04-29 10:00:00;0.33;3.9;7.1;11.3;32.0;88.0;16.75;715.8;0.0;32.0;3.1;0.61;20.59;11.3;334.0
2842;2023-04-29 11:00:00;0.32;3.5;6.3;10.0;36.0;85.0;13.66;715.5;0.0;27.0;3.1;0.784;22.44;13.4;321.0
2843;2023-04-29 12:00:00;0.27;3.3;6.1;9.6;44.0;99.0;15.22;715.0;0.0;19.0;;0.917;23.48;17.7;311.0
2844;2023-04-29 13:00:00;0.27;3.2;6.0;9.4;44.0;96.0;13.64;714.3;0.0;16.0;;0.989;24.4;17.5;310.0
2845;2023-04-29 14:00:00;0.26;3.0;5.3;8.5;45.0;70.0;12.01;713.6;0.0;13.0;3.0;0.987;25.78;15.3;307.0
2846;2023-04-29 15:00:00;0.23;2.7;4.4;7.3;46.0;62.0;10.17;712.7;0.0;10.0;3.1;0.916;27.21;13.5;302.0
2847;2023-04-29 16:00:00;0.23;2.6;4.5;7.3;47.0;48.0;9.34;711.9;0.0;8.0;3.1;0.776;28.49;11.4;303.0
2848;2023-04-29 17:00:00;0.23;2.7;5.0;7.9;48.0;41.0;7.87;711.5;0.0;7.0;;0.568;28.99;11.4;306.0
2849;2023-04-29 18:00:00;0.23;2.8;5.7;8.7;48.0;42.0;8.03;711.3;0.0;7.0;2.9;0.216;29.21;10.2;319.0
2850;2023-04-29 19:00:00;0.29;3.1;12.5;15.8;41.0;41.0;7.89;711.4;0.0;7.0;3.1;0.024;28.67;7.8;353.0
2851;2023-04-29 20:00:00;0.34;2.5;19.3;22.0;33.0;39.0;8.58;712.0;0.0;9.0;3.9;0.002;26.36;9.8;45.0
2852;2023-04-29 21:00:00;0.39;2.3;19.1;21.6;32.0;44.0;10.76;712.3;0.0;16.0;3.6;0.0;24.58;10.0;85.0
2853;2023-04-29 22:00:00;0.33;2.1;7.8;10.1;41.0;47.0;13.15;712.5;0.0;22.0;2.9;0.0;23.05;9.6;109.0
2854;2023-04-29 23:00:00;0.34;2.2;8.2;10.6;40.0;43.0;10.84;712.7;0.0;23.0;3.0;0.0;22.18;8.3;110.0
2855;2023-04-30 00:00:00;0.33;2.2;7.5;9.9;40.0;37.0;10.68;712.9;0.0;24.0;3.0;0.0;21.76;7.3;103.0
2856;2023-04-30 01:00:00;0.41;;13.8;16.2;30.0;32.0;9.7;712.7;0.0;25.0;2.9;0.0;20.62;3.1;130.0
2857;2023-04-30 02:00:00;0.48;2.4;25.8;28.4;16.0;40.0;10.36;712.6;0.0;28.0;3.0;0.0;19.4;2.9;187.0
2858;2023-04-30 03:00:00;0.56;2.5;28.5;31.1;11.0;39.0;10.44;712.4;0.0;30.0;3.1;0.0;18.55;2.5;279.0
2859;2023-04-30 04:00:00;2.14;11.8;38.7;50.7;5.0;40.0;12.16;712.5;0.0;35.0;5.8;0.0;17.27;2.6;294.0
2860;2023-04-30 05:00:00;1.79;4.1;37.4;41.7;6.0;105.0;57.61;712.5;0.0;37.0;5.3;0.0;16.83;2.8;235.0
2861;2023-04-30 06:00:00;0.73;2.8;26.2;29.2;11.0;82.0;46.99;712.6;0.0;35.0;8.0;0.0;16.7;4.7;224.0
2862;2023-04-30 07:00:00;0.47;3.9;21.7;25.9;14.0;51.0;23.59;712.8;0.0;28.0;15.0;0.046;17.32;4.0;220.0
2863;2023-04-30 08:00:00;0.48;7.3;20.9;28.5;19.0;63.0;24.81;712.9;0.0;24.0;9.8;0.209;19.52;6.9;217.0
2864;2023-04-30 09:00:00;0.45;7.1;18.0;25.3;28.0;68.0;22.01;713.0;0.0;19.0;6.7;0.433;22.18;6.3;225.0
2865;2023-04-30 10:00:00;0.35;3.7;8.6;12.5;43.0;83.0;23.74;712.9;0.0;17.0;4.4;0.651;24.89;5.3;98.0
2866;2023-04-30 11:00:00;0.37;3.4;8.4;12.0;50.0;48.0;12.31;712.7;0.0;19.0;3.3;0.826;25.6;7.9;71.0
2867;2023-04-30 12:00:00;0.39;3.7;10.3;14.2;54.0;35.0;9.88;712.3;0.0;18.0;3.9;0.939;26.8;8.5;44.0
2868;2023-04-30 13:00:00;0.37;2.8;7.1;10.2;59.0;46.0;12.57;711.7;0.0;17.0;3.4;0.991;28.15;9.4;53.0
2869;2023-04-30 14:00:00;0.37;2.9;7.1;10.3;59.0;43.0;11.31;710.9;0.0;15.0;3.4;0.981;29.25;10.6;49.0
2870;2023-04-30 15:00:00;0.34;2.7;5.9;8.8;59.0;50.0;11.67;710.1;0.0;13.0;3.2;0.899;30.3;9.4;46.0
2871;2023-04-30 16:00:00;0.36;2.6;5.9;8.8;58.0;42.0;10.75;709.4;0.0;15.0;3.2;0.746;30.87;11.7;56.0
2872;2023-04-30 17:00:00;0.35;2.4;4.7;7.3;55.0;41.0;10.59;709.0;0.0;15.0;3.1;0.553;30.83;13.0;120.0
2873;2023-04-30 18:00:00;0.43;2.4;5.8;8.5;55.0;37.0;10.03;708.7;0.0;19.0;3.2;0.212;30.17;13.4;124.0
2874;2023-04-30 19:00:00;0.47;;6.4;9.0;52.0;40.0;11.87;708.7;0.0;20.0;3.3;0.025;29.01;12.0;128.0
2875;2023-04-30 20:00:00;0.49;2.3;7.4;10.0;48.0;43.0;13.62;708.8;0.0;21.0;3.3;0.001;27.47;11.7;121.0
2876;2023-04-30 21:00:00;0.43;2.2;7.6;10.1;47.0;41.0;12.47;709.1;0.0;21.0;3.2;0.0;26.79;11.7;124.0
2877;2023-04-30 22:00:00;0.39;2.2;5.3;7.7;48.0;42.0;12.36;709.4;0.0;21.0;3.1;0.0;26.39;11.6;130.0
2878;2023-04-30 23:00:00;0.48;2.3;8.6;11.1;43.0;41.0;10.94;709.4;0.0;23.0;3.2;0.0;25.62;6.3;82.0
2879;2023-05-01 00:00:00;;;;;;;;;;;;0.0;;;
2880;2023-05-01 01:00:00;0.56;3.4;31.2;34.8;15.0;45.0;20.24;709.0;0.0;33.0;5.9;0.0;23.02;5.5;343.0
2881;2023-05-01 02:00:00;0.61;2.3;21.0;23.5;21.0;64.0;19.68;708.7;0.0;39.0;3.9;0.0;21.6;4.2;360.0
2882;2023-05-01 03:00:00;0.56;2.3;20.8;23.2;18.0;65.0;19.75;708.4;0.0;45.0;3.8;0.0;19.96;1.8;99.0
2883;2023-05-01 04:00:00;0.58;;21.0;23.5;14.0;48.0;19.79;708.0;0.0;47.0;3.8;0.0;19.5;1.8;251.0
2884;2023-05-01 05:00:00;0.66;2.4;24.1;26.6;11.0;55.0;19.98;707.9;0.0;45.0;4.0;0.0;19.34;2.2;265.0
2885;2023-05-01 06:00:00;0.6;2.3;19.5;22.0;13.0;50.0;20.82;707.8;0.0;46.0;4.4;0.0;18.95;2.7;314.0
2886;2023-05-01 07:00:00;0.63;5.1;23.0;28.4;9.0;54.0;23.09;708.1;0.0;48.0;4.0;0.044;19.05;2.5;299.0
2887;2023-05-01 08:00:00;0.7;10.7;22.6;33.6;16.0;54.0;26.4;708.2;0.0;40.0;4.8;0.199;21.53;3.4;11.0
2888;2023-05-01 09:00:00;0.81;12.8;25.4;38.4;22.0;65.0;28.57;708.2;0.0;33.0;5.6;0.425;23.69;4.7;29.0
2889;2023-05-01 10:00:00;0.67;8.5;22.6;31.3;36.0;77.0;23.17;708.1;0.0;24.0;6.4;0.637;27.27;4.7;41.0
2890;2023-05-01 11:00:00;0.77;17.1;36.2;53.6;32.0;68.0;29.71;707.8;0.0;21.0;11.8;0.806;29.08;6.3;54.0
2891;2023-05-01 12:00:00;0.68;9.6;31.1;40.9;51.0;77.0;32.01;707.5;0.0;19.0;11.1;0.917;30.44;8.0;72.0
2892;2023-05-01 13:00:00;0.63;3.7;18.0;21.9;84.0;74.0;26.04;707.1;0.0;18.0;6.4;0.966;31.92;9.0;58.0
2893;2023-05-01 14:00:00;0.68;2.7;13.8;16.8;98.0;69.0;26.32;706.6;0.0;20.0;5.2;0.939;33.15;10.6;50.0
2894;2023-05-01 15:00:00;0.57;2.7;10.0;13.0;80.0;69.0;21.44;706.0;0.0;18.0;4.2;0.866;33.85;15.0;57.0
2895;2023-05-01 16:00:00;0.48;2.8;8.2;11.2;64.0;64.0;15.01;705.5;0.0;15.0;3.7;0.6;33.78;15.5;69.0
2896;2023-05-01 17:00:00;0.48;2.6;7.3;10.2;57.0;49.0;15.6;705.1;0.0;19.0;3.7;0.364;33.27;14.9;75.0
2897;2023-05-01 18:00:00;0.54;2.5;7.0;9.7;51.0;54.0;17.94;705.3;0.0;26.0;;0.172;32.13;14.4;85.0
2898;2023-05-01 19:00:00;0.53;2.3;6.3;8.9;47.0;53.0;19.18;705.7;0.0;30.0;3.6;0.041;30.75;15.5;90.0
2899;2023-05-01 20:00:00;0.53;2.2;7.2;9.7;42.0;54.0;17.87;705.7;0.0;32.0;3.5;0.001;29.35;11.2;115.0
2900;2023-05-01 21:00:00;0.52;2.2;7.2;9.6;40.0;44.0;16.64;706.1;0.0;34.0;3.4;0.0;28.37;11.2;116.0
2901;2023-05-01 22:00:00;0.55;2.3;8.0;10.5;36.0;42.0;16.43;706.5;0.0;40.0;3.4;0.0;27.28;13.6;82.0
2902;2023-05-01 23:00:00;0.53;2.3;6.7;9.2;30.0;54.0;11.69;706.8;0.0;55.0;3.1;0.0;24.72;15.0;49.0
2903;2023-05-02 00:00:00;0.56;3.2;15.3;18.7;22.0;52.0;;706.9;0.0;59.0;3.2;0.0;23.73;11.9;39.0
2904;2023-05-02 01:00:00;0.56;2.9;15.6;18.7;20.0;44.0;14.66;707.0;0.0;65.0;3.2;0.0;22.26;10.0;41.0
2905;2023-05-02 02:00:00;0.54;2.2;7.5;9.9;26.0;45.0;13.95;706.9;0.0;70.0;3.3;0.0;21.14;8.8;56.0
2906;2023-05-02 03:00:00;0.55;2.3;10.0;12.6;23.0;39.0;12.66;706.5;0.0;74.0;3.3;0.0;20.34;7.0;61.0
2907;2023-05-02 04:00:00;0.55;3.4;18.7;22.3;13.0;43.0;14.02;706.4;0.0;78.0;3.4;0.0;19.6;2.3;60.0
2908;2023-05-02 05:00:00;0.6;2.3;19.0;21.5;11.0;49.0;19.6;706.5;0.0;80.0;3.4;0.0;19.33;1.9;305.0
2909;2023-05-02 06:00:00;0.69;2.6;16.8;19.6;12.0;51.0;19.3;706.8;0.0;80.0;3.5;0.0;19.53;3.4;15.0
2910;2023-05-02 07:00:00;0.76;3.3;15.6;19.1;14.0;53.0;20.23;707.2;0.0;78.0;3.4;0.023;19.95;5.2;28.0
2911;2023-05-02 08:00:00;0.82;7.3;17.7;25.2;12.0;57.0;29.87;707.5;0.0;75.0;3.7;0.094;20.42;4.5;14.0
2912;2023-05-02 09:00:00;0.98;11.3;23.3;34.8;11.0;70.0;34.83;707.8;0.0;72.0;3.8;0.127;21.03;6.4;3.0
2913;2023-05-02 10:00:00;0.99;12.0;20.8;33.0;16.0;84.0;42.74;708.2;0.0;70.0;3.7;0.355;21.55;7.8;7.0
2914;2023-05-02 11:00:00;0.88;10.7;18.9;29.9;22.0;86.0;45.5;708.5;0.0;66.0;3.9;0.525;22.51;10.2;28.0
2915;2023-05-02 12:00:00;0.76;6.8;16.3;23.4;33.0;97.0;42.41;708.5;0.0;60.0;3.8;0.651;23.58;9.0;57.0
2916;2023-05-02 13:00:00;0.71;5.2;16.9;22.4;45.0;89.0;40.82;708.2;0.0;54.0;4.2;0.678;25.12;10.2;72.0
2917;2023-05-02 14:00:00;0.69;5.0;14.0;19.1;47.0;79.0;40.25;707.7;0.0;51.0;4.1;0.851;26.19;12.2;59.0
2918;2023-05-02 15:00:00;0.69;3.4;10.6;14.3;54.0;68.0;31.89;707.3;0.0;49.0;3.7;0.763;27.28;15.0;59.0
2919;2023-05-02 16:00:00;0.71;3.1;11.1;14.4;61.0;72.0;31.89;707.0;0.0;49.0;3.6;0.568;27.7;15.5;62.0
2920;2023-05-02 17:00:00;0.74;2.6;12.3;15.1;57.0;79.0;39.58;707.1;0.0;50.0;5.1;0.15;27.27;13.1;84.0
2921;2023-05-02 18:00:00;0.69;2.5;10.4;13.1;46.0;82.0;51.14;707.5;0.0;51.0;5.4;0.077;26.68;12.0;101.0
2922;2023-05-02 19:00:00;0.67;2.6;10.3;13.2;35.0;68.0;43.12;707.9;0.0;51.0;4.9;0.049;26.32;11.8;124.0
2923;2023-05-02 20:00:00;0.65;2.3;8.9;11.4;33.0;53.0;34.56;708.3;0.0;55.0;4.5;0.003;25.47;11.0;118.0
2924;2023-05-02 21:00:00;0.66;2.4;10.6;13.2;31.0;54.0;29.39;708.6;0.0;57.0;3.8;0.0;25.0;9.4;85.0
2925;2023-05-02 22:00:00;0.66;2.3;10.4;13.0;32.0;51.0;29.76;708.9;0.0;57.0;3.6;0.0;24.93;7.6;71.0
2926;2023-05-02 23:00:00;0.63;2.2;9.2;11.6;30.0;62.0;31.23;709.2;0.0;59.0;3.5;0.0;24.75;8.9;63.0
2927;2023-05-03 00:00:00;0.58;2.3;4.5;7.1;25.0;57.0;31.03;709.5;0.0;70.0;3.1;0.0;23.33;13.0;72.0
2928;2023-05-03 01:00:00;0.58;2.2;4.1;6.5;25.0;48.0;29.49;709.6;0.0;73.0;3.1;0.0;22.79;9.4;70.0
2929;2023-05-03 02:00:00;0.57;2.1;3.6;6.0;26.0;50.0;29.49;709.4;0.0;78.0;3.0;0.0;22.11;9.0;51.0
2930;2023-05-03 03:00:00;0.57;2.2;3.6;6.0;25.0;50.0;26.88;709.3;0.0;79.0;3.0;0.0;21.85;7.6;41.0
2931;2023-05-03 04:00:00;0.56;2.1;3.3;5.7;24.0;53.0;28.25;709.1;0.0;80.0;2.9;0.0;21.55;6.2;35.0
2932;2023-05-03 05:00:00;0.58;3.7;15.3;19.2;15.0;48.0;27.92;709.1;0.0;81.0;2.9;0.0;21.54;6.2;40.0
2933;2023-05-03 06:00:00;0.59;2.2;6.2;8.6;21.0;47.0;28.4;709.3;0.0;82.0;3.0;0.0;21.39;5.4;69.0
2934;2023-05-03 07:00:00;0.68;3.3;12.2;15.7;16.0;45.0;24.45;709.7;0.0;83.0;3.0;0.016;21.28;6.4;50.0
2935;2023-05-03 08:00:00;0.8;5.4;16.8;22.5;13.0;52.0;29.01;710.4;0.0;82.0;2.9;0.059;21.72;6.5;70.0
2936;2023-05-03 09:00:00;0.84;6.0;13.5;19.8;17.0;50.0;26.91;710.5;0.0;78.0;3.0;0.188;22.56;8.4;67.0
2937;2023-05-03 10:00:00;0.83;7.0;12.8;20.1;17.0;48.0;22.8;710.7;0.0;78.0;3.0;0.24;22.75;10.7;56.0
2938;2023-05-03 11:00:00;0.8;7.2;11.1;18.5;23.0;46.0;18.54;710.7;0.0;72.0;;0.674;24.21;12.2;51.0
2939;2023-05-03 12:00:00;0.75;5.2;8.8;14.3;29.0;61.0;26.25;710.4;0.0;66.0;2.9;0.749;25.52;15.0;48.0
2940;2023-05-03 13:00:00;0.69;4.3;7.3;11.9;28.0;56.0;25.88;709.8;0.0;63.0;2.9;0.52;25.93;17.2;57.0
2941;2023-05-03 14:00:00;0.67;4.1;6.7;11.1;28.0;56.0;22.85;709.5;0.0;61.0;3.0;0.598;26.22;15.0;69.0
2942;2023-05-03 15:00:00;0.6;3.0;4.7;8.0;31.0;57.0;28.44;708.9;0.0;55.0;2.9;0.597;27.51;13.8;119.0
2943;2023-05-03 16:00:00;0.65;3.2;5.8;9.2;30.0;48.0;25.25;708.4;0.0;57.0;3.0;0.408;27.03;13.8;102.0
2944;2023-05-03 17:00:00;0.63;3.5;6.2;10.0;29.0;46.0;25.84;708.0;0.0;56.0;3.0;0.367;27.2;14.3;106.0
2945;2023-05-03 18:00:00;0.63;3.1;6.5;9.8;29.0;47.0;26.33;708.0;0.0;57.0;;0.171;27.01;13.0;107.0
2946;2023-05-03 19:00:00;0.64;2.7;7.0;9.9;27.0;50.0;26.66;708.2;0.0;58.0;;0.045;26.39;15.1;106.0
2947;2023-05-03 20:00:00;0.66;2.4;8.1;10.8;23.0;45.0;28.39;708.4;0.0;62.0;;0.002;25.73;12.1;108.0
2948;2023-05-03 21:00:00;0.65;2.3;6.6;9.1;23.0;50.0;29.81;708.9;0.0;65.0;;0.0;25.47;9.7;113.0
2949;2023-05-03 22:00:00;0.62;2.2;5.3;7.8;24.0;58.0;31.21;709.1;0.0;66.0;2.9;0.0;25.08;11.1;120.0
2950;2023-05-03 23:00:00;0.6;2.2;4.3;6.7;26.0;50.0;31.63;709.3;0.0;65.0;3.0;0.0;25.0;9.7;116.0
2951;2023-05-04 00:00:00;0.61;;3.9;6.2;25.0;53.0;31.65;709.4;0.0;68.0;2.9;0.0;24.41;11.9;76.0
2952;2023-05-04 01:00:00;0.61;2.1;3.5;5.8;25.0;52.0;30.59;709.3;0.0;71.0;2.9;0.0;23.72;9.4;85.0
2953;2023-05-04 02:00:00;0.61;2.1;2.6;5.0;27.0;47.0;31.01;708.9;0.0;73.0;2.8;0.0;23.05;9.9;66.0
2954;2023-05-04 03:00:00;0.61;;2.7;5.1;26.0;49.0;32.52;708.6;0.0;76.0;2.9;0.0;22.44;10.6;52.0
2955;2023-05-04 04:00:00;0.62;;3.0;5.4;24.0;57.0;33.89;708.4;0.0;80.0;2.9;0.0;22.01;8.2;52.0
2956;2023-05-04 05:00:00;0.63;2.3;7.9;10.4;19.0;58.0;33.5;708.6;0.0;82.0;;0.0;21.82;5.3;43.0
2957;2023-05-04 06:00:00;0.64;2.2;7.3;9.8;18.0;52.0;32.68;708.8;0.0;82.0;;0.0;21.85;4.7;48.0
2958;2023-05-04 07:00:00;0.69;2.9;9.4;12.6;16.0;51.0;32.48;709.3;0.0;82.0;;0.008;21.82;5.0;61.0
2959;2023-05-04 08:00:00;0.86;14.4;22.4;37.0;6.0;72.0;32.99;709.8;0.0;81.0;3.0;0.044;22.11;3.6;53.0
2960;2023-05-04 09:00:00;1.02;14.6;23.7;38.5;7.0;70.0;40.39;710.5;0.0;78.0;3.1;0.081;22.75;4.6;32.0
2961;2023-05-04 10:00:00;1.2;19.9;25.4;45.5;9.0;83.0;45.43;710.7;0.0;75.0;3.1;0.199;23.65;5.5;40.0
2962;2023-05-04 11:00:00;1.13;14.9;25.2;40.2;14.0;108.0;52.02;710.5;0.0;69.0;3.2;0.285;24.69;8.2;67.0
2963;2023-05-04 12:00:00;1.06;7.2;20.3;27.8;28.0;;55.12;710.3;0.0;65.0;3.1;0.342;25.5;8.7;43.0
2964;2023-05-04 13:00:00;0.9;4.9;14.4;19.6;34.0;96.0;57.17;709.9;0.0;63.0;3.0;0.417;25.94;9.5;61.0
2965;2023-05-04 14:00:00;0.89;5.2;19.0;24.4;43.0;83.0;51.05;709.3;0.0;60.0;3.0;0.465;26.85;8.2;36.0
2966;2023-05-04 15:00:00;0.87;3.1;12.4;15.7;53.0;92.0;56.75;708.6;0.0;59.0;;0.407;27.33;9.6;70.0
2967;2023-05-04 16:00:00;0.86;3.5;11.6;15.3;39.0;79.0;52.52;708.2;0.0;60.0;;0.286;27.07;11.2;66.0
2968;2023-05-04 17:00:00;0.82;3.3;10.8;14.4;34.0;76.0;46.05;708.0;0.0;61.0;2.9;0.196;26.97;12.3;71.0
2969;2023-05-04 18:00:00;0.78;2.9;9.4;12.6;30.0;72.0;42.53;707.9;0.0;64.0;3.0;0.127;26.57;12.4;108.0
2970;2023-05-04 19:00:00;0.81;2.8;9.8;12.8;26.0;59.0;38.62;707.8;0.0;67.0;3.0;0.07;25.76;11.7;110.0
2971;2023-05-04 20:00:00;0.79;2.3;9.9;12.4;24.0;69.0;38.48;708.0;0.0;69.0;2.9;0.002;25.18;8.6;105.0
2972;2023-05-04 21:00:00;0.84;2.9;14.4;17.4;18.0;59.0;38.26;709.0;0.0;70.0;2.9;0.0;24.67;6.4;100.0
2973;2023-05-04 22:00:00;0.97;3.2;19.4;22.8;7.0;83.0;41.58;709.6;0.0;79.0;3.0;0.0;23.59;2.9;101.0
2974;2023-05-04 23:00:00;1.04;6.9;20.6;27.8;4.0;69.0;41.58;710.1;0.0;79.0;3.0;0.0;24.04;2.4;273.0
2975;2023-05-05 00:00:00;0.98;4.8;18.0;23.1;6.0;71.0;45.37;710.5;0.0;78.0;;0.0;24.02;4.8;63.0
2976;2023-05-05 01:00:00;0.9;2.8;13.4;16.4;7.0;74.0;46.28;710.1;0.0;78.0;2.9;0.0;23.59;5.2;99.0
2977;2023-05-05 02:00:00;0.74;2.3;6.6;9.2;14.0;63.0;42.57;709.8;0.0;75.0;3.0;0.0;23.75;6.9;50.0
2978;2023-05-05 03:00:00;0.71;2.4;8.3;10.8;11.0;62.0;41.39;709.5;0.0;78.0;2.9;0.0;23.23;3.3;57.0
2979;2023-05-05 04:00:00;0.72;2.7;7.2;10.1;9.0;65.0;41.07;709.4;0.0;80.0;2.9;0.0;22.61;3.3;87.0
2980;2023-05-05 05:00:00;0.75;3.5;12.3;16.0;8.0;70.0;40.55;709.7;0.0;82.0;;0.0;22.52;3.7;348.0
2981;2023-05-05 06:00:00;0.79;4.2;15.3;19.7;4.0;63.0;41.71;710.0;0.0;83.0;3.0;0.0;22.27;1.9;246.0
2982;2023-05-05 07:00:00;0.89;10.9;13.5;24.6;4.0;70.0;43.29;710.3;0.0;83.0;3.0;0.025;22.18;2.7;220.0
2983;2023-05-05 08:00:00;0.99;16.3;18.6;35.2;6.0;78.0;46.25;710.7;0.0;74.0;;0.104;23.41;5.0;217.0
2984;2023-05-05 09:00:00;0.94;13.1;22.3;35.7;12.0;106.0;53.75;710.7;0.0;59.0;;0.37;25.98;4.3;85.0
2985;2023-05-05 10:00:00;0.89;9.4;25.3;35.0;22.0;77.0;46.21;710.5;0.0;47.0;3.1;0.567;28.57;4.9;90.0
2986;2023-05-05 11:00:00;0.96;7.1;20.5;27.9;34.0;67.0;40.99;710.2;0.0;42.0;3.2;0.546;29.77;6.3;61.0
2987;2023-05-05 12:00:00;0.88;4.6;16.7;21.6;50.0;73.0;42.38;709.7;0.0;42.0;3.1;0.742;30.36;8.2;78.0
2988;2023-05-05 13:00:00;0.85;3.2;13.0;16.3;61.0;72.0;44.19;709.4;0.0;43.0;3.1;0.579;31.13;10.5;77.0
2989;2023-05-05 14:00:00;0.83;3.0;11.1;14.3;46.0;76.0;45.74;709.2;0.0;45.0;3.0;0.243;30.82;10.0;58.0
2990;2023-05-05 15:00:00;0.76;3.2;11.2;14.6;39.0;66.0;40.57;708.8;0.0;41.0;3.0;0.407;31.5;11.0;114.0
2991;2023-05-05 16:00:00;0.57;3.0;6.9;10.1;44.0;59.0;34.74;707.7;0.0;32.0;;0.721;32.23;17.7;131.0
2992;2023-05-05 17:00:00;0.59;3.0;7.2;10.5;37.0;52.0;22.52;707.4;0.0;34.0;3.1;0.372;31.85;16.5;133.0
2993;2023-05-05 18:00:00;0.61;3.4;10.7;14.4;33.0;49.0;22.82;707.2;0.0;33.0;3.0;0.17;31.21;14.9;121.0
2994;2023-05-05 19:00:00;0.62;2.9;11.5;14.6;33.0;38.0;18.26;707.7;0.0;33.0;3.0;0.049;30.93;11.9;98.0
2995;2023-05-05 20:00:00;0.72;2.5;10.6;13.4;30.0;46.0;18.88;708.3;0.0;48.0;;0.002;29.37;11.3;75.0
2996;2023-05-05 21:00:00;0.83;2.8;15.4;18.4;21.0;60.0;35.92;708.8;0.0;50.0;;0.0;28.74;4.5;60.0
2997;2023-05-05 22:00:00;1.13;8.6;34.5;43.3;5.0;52.0;38.87;709.5;0.0;52.0;3.1;0.0;28.31;5.0;322.0
2998;2023-05-05 23:00:00;1.28;10.4;35.5;46.1;4.0;91.0;51.07;709.4;0.0;55.0;3.1;0.0;27.57;3.5;297.0
2999;2023-05-06 00:00:00;1.34;9.6;32.8;42.6;4.0;93.0;54.91;709.4;0.0;58.0;;0.0;26.58;2.1;216.0
3000;2023-05-06 01:00:00;1.52;30.0;32.2;62.4;4.0;88.0;57.64;709.3;0.0;58.0;3.2;0.0;26.14;1.8;315.0
3001;2023-05-06 02:00:00;1.09;12.3;30.0;42.6;5.0;97.0;59.99;709.1;0.0;56.0;3.1;0.0;25.58;4.1;347.0
3002;2023-05-06 03:00:00;0.8;3.6;19.7;23.6;8.0;77.0;50.63;708.8;0.0;65.0;3.0;0.0;24.36;5.0;52.0
3003;2023-05-06 04:00:00;0.79;2.3;10.9;13.5;9.0;72.0;44.53;708.7;0.0;75.0;3.0;0.0;23.13;2.8;45.0
3004;2023-05-06 05:00:00;0.83;2.9;15.5;18.6;5.0;59.0;42.89;708.6;0.0;78.0;;0.0;22.41;2.0;225.0
3005;2023-05-06 06:00:00;0.94;9.0;18.3;27.6;3.0;62.0;44.96;708.6;0.0;80.0;;0.0;22.16;2.2;246.0
3006;2023-05-06 07:00:00;1.05;16.6;19.5;36.3;4.0;76.0;47.2;708.9;0.0;78.0;3.1;0.041;22.79;2.8;324.0
3007;2023-05-06 08:00:00;1.03;18.8;20.9;40.0;5.0;82.0;49.13;709.4;0.0;76.0;3.1;0.081;23.79;3.0;8.0
3008;2023-05-06 09:00:00;1.26;22.3;27.1;49.7;10.0;106.0;56.2;709.6;0.0;69.0;;0.338;25.43;3.6;35.0
3009;2023-05-06 10:00:00;1.54;23.1;41.1;64.4;20.0;169.0;66.93;709.7;0.0;52.0;;0.594;28.43;7.0;53.0
3010;2023-05-06 11:00:00;1.39;17.4;38.4;56.0;25.0;190.0;77.01;709.9;0.0;47.0;3.2;0.686;29.96;9.2;58.0
3011;2023-05-06 12:00:00;0.98;6.9;28.8;36.0;44.0;167.0;75.02;709.8;0.0;44.0;3.4;0.512;30.96;9.3;42.0
3012;2023-05-06 13:00:00;0.89;3.5;21.4;25.2;49.0;138.0;66.09;709.7;0.0;44.0;3.5;0.172;30.84;8.0;51.0
3013;2023-05-06 14:00:00;1.04;3.3;23.2;26.8;43.0;93.0;56.22;709.7;0.0;50.0;3.3;0.111;29.81;8.3;72.0
3014;2023-05-06 15:00:00;1.02;4.3;20.1;24.6;66.0;97.0;57.48;708.8;0.0;41.0;3.3;0.755;32.1;8.5;91.0
3015;2023-05-06 16:00:00;0.97;2.5;15.2;17.9;87.0;89.0;58.97;708.1;0.0;41.0;3.4;0.232;32.88;12.1;105.0
3016;2023-05-06 17:00:00;0.9;2.4;11.7;14.3;84.0;89.0;57.26;708.1;0.0;42.0;3.2;0.275;32.37;11.7;104.0
3017;2023-05-06 18:00:00;0.84;2.4;13.7;16.4;78.0;79.0;54.04;708.2;0.0;37.0;3.4;0.119;32.49;13.9;104.0
3018;2023-05-06 19:00:00;0.67;;10.9;13.6;54.0;77.0;48.36;708.0;0.0;30.0;3.6;0.039;32.03;14.3;117.0
3019;2023-05-06 20:00:00;0.63;;13.1;15.7;40.0;51.0;34.28;708.2;0.0;27.0;3.6;0.001;31.35;8.2;90.0
3020;2023-05-06 21:00:00;0.61;2.3;10.7;13.2;41.0;43.0;24.52;708.7;0.0;29.0;3.5;0.0;31.12;7.1;95.0
3021;2023-05-06 22:00:00;0.82;3.1;27.1;30.3;24.0;46.0;26.03;709.2;0.0;33.0;3.4;0.0;30.73;4.7;19.0
3022;2023-05-06 23:00:00;1.09;4.7;41.6;46.4;9.0;63.0;39.12;709.6;0.0;43.0;3.5;0.0;29.47;5.4;4.0
3023;2023-05-07 00:00:00;0.98;3.0;22.4;25.5;13.0;100.0;57.4;709.9;0.0;58.0;3.2;0.0;28.24;3.8;31.0
3024;2023-05-07 01:00:00;1.04;3.2;27.6;31.0;5.0;97.0;59.27;709.9;0.0;63.0;3.0;0.0;27.75;3.9;66.0
3025;2023-05-07 02:00:00;1.02;2.4;15.7;18.2;11.0;92.0;66.84;709.7;0.0;66.0;2.9;0.0;27.12;6.3;63.0
3026;2023-05-07 03:00:00;0.97;2.9;21.5;24.6;6.0;95.0;69.4;709.4;0.0;68.0;3.0;0.0;26.11;3.2;36.0
3027;2023-05-07 04:00:00;1.07;2.4;15.5;18.0;9.0;91.0;68.67;709.4;0.0;68.0;3.0;0.0;25.51;3.6;56.0
3028;2023-05-07 05:00:00;1.05;2.7;16.9;19.8;6.0;99.0;72.02;709.2;0.0;71.0;2.9;0.0;24.93;3.0;340.0
3029;2023-05-07 06:00:00;0.98;3.3;19.5;23.1;5.0;91.0;71.79;709.4;0.0;70.0;3.1;0.0;24.89;4.7;29.0
3030;2023-05-07 07:00:00;0.87;3.5;13.1;16.9;12.0;94.0;68.18;709.9;0.0;72.0;3.0;0.027;24.13;5.6;32.0
3031;2023-05-07 08:00:00;0.83;5.6;12.0;17.8;16.0;72.0;60.01;710.4;0.0;71.0;2.9;0.159;24.61;4.9;24.0
3032;2023-05-07 09:00:00;1.0;14.4;22.1;36.8;14.0;63.0;55.36;710.6;0.0;66.0;3.0;0.361;26.27;4.8;6.0
3033;2023-05-07 10:00:00;1.13;17.3;30.1;47.6;18.0;90.0;62.58;710.5;0.0;60.0;3.1;0.516;28.09;5.3;46.0
3034;2023-05-07 11:00:00;1.1;16.0;34.8;51.0;29.0;105.0;70.37;710.2;0.0;52.0;3.1;0.733;29.91;8.4;47.0
3035;2023-05-07 12:00:00;0.99;3.9;16.0;20.1;67.0;110.0;73.45;709.8;0.0;49.0;3.2;0.812;30.68;11.5;64.0
3036;2023-05-07 13:00:00;0.85;2.7;8.4;11.4;63.0;96.0;66.64;709.4;0.0;43.0;3.3;0.769;31.82;12.0;44.0
3037;2023-05-07 14:00:00;0.85;2.5;8.8;11.5;55.0;76.0;55.51;708.8;0.0;46.0;3.3;0.148;30.81;11.5;68.0
3038;2023-05-07 15:00:00;0.86;2.4;9.9;12.6;45.0;85.0;51.52;708.5;0.0;61.0;3.1;0.074;26.84;8.4;162.0
3039;2023-05-07 16:00:00;0.85;2.8;9.5;12.5;32.0;78.0;47.48;708.2;0.0;67.0;3.0;0.147;26.34;5.3;144.0
3040;2023-05-07 17:00:00;0.73;2.6;7.5;10.3;42.0;56.0;43.35;707.7;0.0;44.0;2.9;0.248;28.12;12.3;121.0
3041;2023-05-07 18:00:00;0.65;2.6;5.8;8.7;44.0;42.0;29.67;708.0;0.0;46.0;3.0;0.218;28.28;15.7;119.0
3042;2023-05-07 19:00:00;0.73;;11.5;14.3;35.0;42.0;30.53;708.8;0.0;43.0;3.0;0.062;28.97;6.9;88.0
3043;2023-05-07 20:00:00;0.69;2.4;7.3;9.9;28.0;46.0;31.23;709.7;0.0;55.0;3.1;0.003;25.8;12.8;5.0
3044;2023-05-07 21:00:00;0.82;2.4;11.5;14.1;23.0;68.0;28.56;710.4;0.0;56.0;3.0;0.0;24.98;6.7;32.0
3045;2023-05-07 22:00:00;0.7;;7.2;9.9;23.0;54.0;26.75;710.6;0.0;60.0;3.0;0.0;24.82;10.3;77.0
3046;2023-05-07 23:00:00;0.68;;8.3;11.0;20.0;44.0;27.21;710.5;0.0;63.0;;0.0;24.12;7.0;68.0
3047;2023-05-08 00:00:00;0.73;3.1;16.6;19.8;11.0;45.0;24.97;710.2;0.0;67.0;3.1;0.0;23.44;5.6;50.0
3048;2023-05-08 01:00:00;0.64;2.3;3.8;6.3;22.0;49.0;26.28;710.0;0.0;69.0;3.0;0.0;23.24;9.5;98.0
3049;2023-05-08 02:00:00;0.63;2.3;2.8;5.4;21.0;44.0;24.72;709.7;0.0;71.0;3.1;0.0;22.89;9.9;112.0
3050;2023-05-08 03:00:00;0.65;;4.9;7.5;19.0;35.0;24.05;709.4;0.0;73.0;3.1;0.0;22.81;7.5;40.0
3051;2023-05-08 04:00:00;0.67;;9.5;12.0;13.0;39.0;24.62;709.4;0.0;78.0;3.0;0.0;22.59;5.8;2.0
3052;2023-05-08 05:00:00;0.7;;9.7;12.3;12.0;48.0;26.89;709.2;0.0;80.0;2.9;0.0;22.34;4.5;7.0
3053;2023-05-08 06:00:00;0.87;;9.7;12.3;13.0;50.0;32.61;709.5;0.0;80.0;3.0;0.0;22.38;4.2;62.0
3054;2023-05-08 07:00:00;0.73;3.3;12.4;15.9;12.0;60.0;34.43;709.9;0.0;79.0;3.0;0.012;22.37;3.3;81.0
3055;2023-05-08 08:00:00;0.85;6.4;16.3;22.9;10.0;51.0;34.88;710.0;0.0;77.0;3.1;0.059;22.75;3.7;110.0
3056;2023-05-08 09:00:00;0.92;9.1;17.3;26.6;11.0;65.0;33.39;709.9;0.0;72.0;3.0;0.13;23.66;4.8;114.0
3057;2023-05-08 10:00:00;0.93;7.3;15.4;23.0;13.0;68.0;39.39;709.9;0.0;68.0;3.0;0.164;24.36;4.6;43.0
3058;2023-05-08 11:00:00;1.1;14.1;24.5;38.9;13.0;69.0;38.0;710.1;0.0;65.0;3.1;0.256;25.13;6.3;62.0
3059;2023-05-08 12:00:00;1.2;16.6;30.7;47.5;19.0;90.0;44.72;709.8;0.0;61.0;3.2;0.493;26.41;6.8;65.0
3060;2023-05-08 13:00:00;1.01;6.5;18.6;25.3;41.0;100.0;49.1;709.4;0.0;57.0;3.1;0.697;27.58;10.4;62.0
3061;2023-05-08 14:00:00;0.85;4.7;13.5;18.5;45.0;85.0;48.35;708.9;0.0;56.0;3.2;0.809;27.98;9.7;48.0
3062;2023-05-08 15:00:00;0.85;4.4;19.1;23.8;57.0;74.0;44.26;708.3;0.0;52.0;3.4;0.657;28.86;8.9;55.0
3063;2023-05-08 16:00:00;0.86;3.3;12.0;15.5;55.0;83.0;55.21;707.6;0.0;55.0;3.4;0.673;29.15;12.9;63.0
3064;2023-05-08 17:00:00;0.85;3.6;12.7;16.5;47.0;81.0;53.12;707.6;0.0;56.0;3.3;0.405;29.02;12.0;51.0
3065;2023-05-08 18:00:00;0.9;3.4;13.1;16.7;33.0;78.0;52.55;707.9;0.0;60.0;3.2;0.149;28.1;12.5;63.0
3066;2023-05-08 19:00:00;0.95;3.1;16.8;20.0;26.0;73.0;46.42;708.6;0.0;63.0;3.1;0.013;27.05;11.6;50.0
3067;2023-05-08 20:00:00;1.0;2.9;23.5;26.6;18.0;76.0;41.95;709.4;0.0;60.0;3.0;0.001;27.16;7.7;82.0
3068;2023-05-08 21:00:00;0.81;2.5;11.2;13.9;29.0;65.0;38.84;708.5;0.0;56.0;3.2;0.0;27.05;9.1;143.0
3069;2023-05-08 22:00:00;0.68;3.1;11.2;14.5;29.0;50.0;33.36;710.1;0.0;56.0;3.2;0.0;24.92;15.2;63.0
3070;2023-05-08 23:00:00;0.62;2.3;5.7;8.3;33.0;76.0;23.43;711.0;0.0;64.0;3.3;0.0;22.71;15.5;109.0
3071;2023-05-09 00:00:00;0.59;2.3;3.9;6.4;35.0;38.0;15.95;710.5;0.0;66.0;3.3;0.0;21.91;11.0;96.0
3072;2023-05-09 01:00:00;0.61;;6.5;9.0;29.0;24.0;12.02;709.5;0.0;64.0;3.2;0.0;22.2;3.5;158.0
3073;2023-05-09 02:00:00;0.67;;10.2;12.7;24.0;28.0;12.76;708.6;0.0;65.0;3.2;0.0;22.22;4.2;330.0
3074;2023-05-09 03:00:00;0.61;;6.6;9.0;27.0;33.0;14.39;708.3;0.0;66.0;3.1;0.0;21.7;5.5;96.0
3075;2023-05-09 04:00:00;0.69;2.5;23.8;26.5;14.0;31.0;12.92;708.6;0.0;69.0;3.2;0.0;20.4;5.2;18.0
3076;2023-05-09 05:00:00;0.75;2.4;20.9;23.5;14.0;61.0;25.51;708.8;0.0;71.0;3.3;0.0;19.86;2.7;260.0
3077;2023-05-09 06:00:00;0.85;2.8;26.1;29.1;9.0;54.0;24.14;709.2;0.0;72.0;3.3;0.0;19.99;3.9;28.0
3078;2023-05-09 07:00:00;0.84;3.7;17.6;21.6;21.0;51.0;25.57;710.7;0.0;70.0;3.5;0.004;20.62;8.5;6.0
3079;2023-05-09 08:00:00;0.8;4.6;15.2;20.0;19.0;50.0;20.25;710.8;0.0;76.0;3.3;0.089;20.36;5.7;236.0
3080;2023-05-09 09:00:00;0.85;7.9;14.6;22.8;22.0;50.0;23.47;710.1;0.0;67.0;3.3;0.398;23.3;7.0;318.0
3081;2023-05-09 10:00:00;0.94;9.7;17.1;27.1;25.0;48.0;25.94;710.1;0.0;64.0;;0.608;24.74;7.3;344.0
3082;2023-05-09 11:00:00;1.09;14.5;28.9;43.6;23.0;49.0;29.53;709.9;0.0;61.0;3.6;0.551;25.56;9.0;14.0
3083;2023-05-09 12:00:00;0.93;9.6;23.7;33.6;38.0;95.0;43.28;709.7;0.0;59.0;3.8;0.654;26.44;10.3;52.0
3084;2023-05-09 13:00:00;1.01;3.0;14.0;17.3;75.0;78.0;47.99;709.3;0.0;56.0;3.8;0.861;27.21;11.8;63.0
3085;2023-05-09 14:00:00;0.89;3.2;12.9;16.3;67.0;97.0;61.68;708.8;0.0;54.0;4.1;0.701;27.98;10.3;75.0
3086;2023-05-09 15:00:00;0.81;2.9;9.3;12.4;52.0;69.0;53.66;708.3;0.0;54.0;3.8;0.536;27.98;12.7;115.0
3087;2023-05-09 16:00:00;0.79;2.8;8.6;11.7;46.0;53.0;39.38;707.7;0.0;56.0;3.5;0.352;27.23;12.3;115.0
3088;2023-05-09 17:00:00;0.8;2.7;8.9;11.9;45.0;50.0;36.11;707.5;0.0;58.0;3.3;0.195;26.52;11.2;99.0
3089;2023-05-09 18:00:00;0.86;2.7;10.5;13.5;37.0;55.0;38.9;707.6;0.0;65.0;3.2;0.071;25.35;11.2;97.0
3090;2023-05-09 19:00:00;0.91;2.6;13.3;16.1;30.0;63.0;40.9;708.2;0.0;67.0;3.0;0.011;25.18;8.3;88.0
3091;2023-05-09 20:00:00;0.97;2.5;15.5;18.2;25.0;70.0;41.16;709.4;0.0;67.0;3.0;0.005;25.33;5.9;89.0
3092;2023-05-09 21:00:00;0.88;2.3;12.1;14.7;23.0;63.0;41.06;709.6;0.0;68.0;3.1;0.0;25.16;4.2;95.0
3093;2023-05-09 22:00:00;0.9;2.3;12.4;14.9;22.0;57.0;38.81;709.5;0.0;69.0;3.0;0.0;25.18;3.9;129.0
3094;2023-05-09 23:00:00;0.97;2.4;17.7;20.2;15.0;60.0;40.95;709.7;0.0;69.0;2.9;0.0;25.26;3.3;103.0
3095;2023-05-10 00:00:00;0.72;2.3;7.8;10.3;28.0;65.0;41.19;709.9;0.0;67.0;3.0;0.0;23.69;15.6;82.0
3096;2023-05-10 01:00:00;0.67;2.2;4.4;6.9;31.0;33.0;20.68;709.5;0.0;67.0;3.0;0.0;23.38;5.8;108.0
3097;2023-05-10 02:00:00;0.66;2.2;3.2;5.6;31.0;28.0;16.45;709.2;0.0;70.0;2.9;0.0;22.68;11.2;105.0
3098;2023-05-10 03:00:00;0.62;;2.2;4.6;35.0;26.0;16.23;709.0;0.0;71.0;3.0;0.0;21.98;13.0;113.0
3099;2023-05-10 04:00:00;0.6;;2.1;4.5;36.0;26.0;12.14;708.5;0.0;68.0;3.0;0.0;21.86;11.4;104.0
3100;2023-05-10 05:00:00;0.62;;3.7;6.1;30.0;28.0;11.71;707.9;0.0;69.0;;0.0;21.44;3.9;243.0
3101;2023-05-10 06:00:00;0.69;;7.0;9.5;23.0;25.0;12.08;707.8;0.0;71.0;3.1;0.0;21.29;2.7;57.0
3102;2023-05-10 07:00:00;0.98;13.4;23.4;37.0;11.0;30.0;15.42;708.0;0.0;71.0;3.1;0.048;21.54;3.7;27.0
3103;2023-05-10 08:00:00;1.79;23.2;30.1;53.4;10.0;59.0;22.09;708.5;0.0;68.0;3.2;0.201;22.68;4.5;12.0
3104;2023-05-10 09:00:00;1.36;17.3;27.5;45.0;17.0;80.0;30.86;708.5;0.0;59.0;3.5;0.413;25.0;4.6;29.0
3105;2023-05-10 10:00:00;1.06;11.4;22.3;33.9;27.0;83.0;31.31;708.3;0.0;50.0;3.8;0.617;27.35;5.9;20.0
3106;2023-05-10 11:00:00;0.99;7.0;19.2;26.4;40.0;78.0;29.32;708.3;0.0;43.0;4.3;0.773;29.1;7.4;13.0
3107;2023-05-10 12:00:00;0.86;4.9;18.2;23.4;50.0;66.0;28.86;708.2;0.0;40.0;4.1;0.658;29.86;10.0;58.0
3108;2023-05-10 13:00:00;0.84;3.5;17.0;20.7;55.0;78.0;29.83;707.9;0.0;44.0;4.2;0.366;29.03;11.5;67.0
3109;2023-05-10 14:00:00;0.87;3.1;14.0;17.4;63.0;65.0;25.75;707.6;0.0;47.0;3.7;0.511;29.05;12.5;83.0
3110;2023-05-10 15:00:00;0.98;2.6;16.1;18.9;58.0;59.0;24.0;707.4;0.0;58.0;3.4;0.109;26.84;14.1;113.0
3111;2023-05-10 16:00:00;0.99;3.2;16.3;19.7;59.0;59.0;25.24;706.8;0.0;55.0;3.2;0.425;27.41;7.6;110.0
3112;2023-05-10 17:00:00;1.06;3.8;20.1;24.1;64.0;59.0;25.67;706.0;0.0;46.0;3.4;0.506;29.91;7.6;121.0
3113;2023-05-10 18:00:00;0.88;3.0;14.8;18.0;59.0;67.0;28.8;706.0;0.0;42.0;3.8;0.203;29.36;10.2;67.0
3114;2023-05-10 19:00:00;0.88;2.6;17.1;19.8;55.0;52.0;26.49;706.0;0.0;38.0;4.1;0.036;29.43;6.9;104.0
3115;2023-05-10 20:00:00;0.74;2.3;10.9;13.4;47.0;49.0;26.22;706.6;0.0;39.0;3.9;0.003;27.95;9.2;110.0
3116;2023-05-10 21:00:00;0.79;2.3;11.0;13.5;44.0;38.0;24.24;707.1;0.0;45.0;3.6;0.0;27.21;6.7;73.0
3117;2023-05-10 22:00:00;0.86;;13.5;16.0;37.0;44.0;28.58;707.1;0.0;51.0;3.3;0.0;26.46;6.4;98.0
3118;2023-05-10 23:00:00;0.79;2.2;9.1;11.6;42.0;54.0;33.25;707.2;0.0;52.0;3.4;0.0;26.11;8.3;86.0
3119;2023-05-11 00:00:00;0.83;2.3;12.0;14.5;28.0;45.0;27.58;707.2;0.0;64.0;3.2;0.0;24.95;9.1;50.0
3120;2023-05-11 01:00:00;0.82;2.2;7.9;10.3;24.0;55.0;29.73;706.9;0.0;73.0;3.0;0.0;23.8;6.9;52.0
3121;2023-05-11 02:00:00;0.77;3.4;11.2;14.7;16.0;52.0;29.36;706.6;0.0;78.0;3.0;0.0;23.26;7.3;38.0
3122;2023-05-11 03:00:00;0.79;2.2;8.3;10.8;20.0;57.0;31.88;706.4;0.0;79.0;2.9;0.0;22.72;3.8;21.0
3123;2023-05-11 04:00:00;0.82;2.3;14.4;16.9;11.0;48.0;30.33;706.4;0.0;81.0;3.0;0.0;22.47;4.4;27.0
3124;2023-05-11 05:00:00;0.81;2.3;10.5;13.0;13.0;65.0;34.33;706.4;0.0;82.0;3.0;0.0;22.02;3.0;122.0
3125;2023-05-11 06:00:00;0.79;2.5;19.9;22.6;12.0;52.0;33.01;706.6;0.0;67.0;3.1;0.0;21.41;5.8;216.0
3126;2023-05-11 07:00:00;0.91;9.1;26.7;35.9;8.0;80.0;39.82;706.7;0.0;62.0;3.7;0.027;21.85;5.7;218.0
3127;2023-05-11 08:00:00;0.96;12.1;25.3;37.6;10.0;89.0;39.93;707.1;0.0;56.0;4.3;0.133;23.59;3.5;194.0
3128;2023-05-11 09:00:00;1.09;16.2;25.4;41.7;16.0;72.0;34.91;707.5;0.0;57.0;4.2;0.404;25.38;4.7;27.0
3129;2023-05-11 10:00:00;1.07;9.9;20.3;30.6;26.0;81.0;40.14;707.7;0.0;60.0;3.7;0.595;26.4;5.9;5.0
3130;2023-05-11 11:00:00;1.21;8.8;26.3;35.2;38.0;88.0;48.33;707.6;0.0;54.0;3.6;0.736;28.06;7.7;49.0
3131;2023-05-11 12:00:00;1.08;7.0;28.6;35.8;51.0;106.0;53.68;707.2;0.0;48.0;3.6;0.855;29.49;8.8;100.0
3132;2023-05-11 13:00:00;1.01;4.2;23.1;27.5;80.0;112.0;57.67;706.7;0.0;40.0;4.1;0.91;31.08;9.3;69.0
3133;2023-05-11 14:00:00;1.01;2.9;17.3;20.4;101.0;105.0;55.95;706.4;0.0;40.0;3.9;0.895;31.91;12.9;59.0
3134;2023-05-11 15:00:00;1.04;2.6;14.1;16.9;99.0;96.0;54.21;706.1;0.0;41.0;3.8;0.685;32.1;13.4;68.0
3135;2023-05-11 16:00:00;0.99;2.6;12.8;15.6;93.0;89.0;51.0;705.7;0.0;41.0;3.9;0.597;32.46;14.1;73.0
3136;2023-05-11 17:00:00;0.95;2.5;10.8;13.6;80.0;84.0;51.0;705.5;0.0;43.0;3.4;0.417;32.61;13.5;109.0
3137;2023-05-11 18:00:00;0.89;2.5;11.1;13.8;74.0;67.0;44.0;705.6;0.0;40.0;3.7;0.203;32.02;14.3;101.0
3138;2023-05-11 19:00:00;0.78;2.5;9.5;12.2;54.0;64.0;39.0;706.2;0.0;38.0;3.7;0.06;30.99;12.3;101.0
3139;2023-05-11 20:00:00;0.8;2.3;10.4;12.9;39.0;48.0;33.0;706.5;0.0;42.0;3.5;0.004;30.22;8.8;103.0
3140;2023-05-11 21:00:00;0.81;2.3;10.1;12.7;38.0;46.0;30.0;706.7;0.0;47.0;3.4;0.0;29.38;9.5;118.0
3141;2023-05-11 22:00:00;0.81;2.3;9.4;11.9;38.0;48.0;31.0;707.0;0.0;51.0;3.1;0.0;28.91;12.8;80.0
3142;2023-05-11 23:00:00;0.82;2.3;5.7;8.2;26.0;56.0;35.0;707.1;0.0;65.0;3.0;0.0;27.36;13.1;79.0
3143;2023-05-12 00:00:00;0.81;2.2;5.3;7.8;24.0;65.0;42.0;707.1;0.0;68.0;3.0;0.0;26.61;10.7;89.0
3144;2023-05-12 01:00:00;0.8;2.2;5.6;8.1;22.0;57.0;40.0;707.0;0.0;70.0;3.0;0.0;26.23;8.0;68.0
3145;2023-05-12 02:00:00;0.8;2.2;5.2;7.7;18.0;58.0;39.0;706.7;0.0;76.0;3.0;0.0;25.27;9.8;50.0
3146;2023-05-12 03:00:00;0.75;2.2;5.0;7.5;17.0;61.0;40.0;706.4;0.0;81.0;3.1;0.0;24.34;6.8;32.0
3147;2023-05-12 04:00:00;0.77;2.2;3.9;6.3;17.0;69.0;42.0;706.3;0.0;81.0;3.1;0.0;24.05;7.1;28.0
3148;2023-05-12 05:00:00;0.74;2.2;3.2;5.6;17.0;64.0;43.0;706.3;0.0;83.0;3.1;0.0;23.69;6.6;35.0
3149;2023-05-12 06:00:00;0.78;2.3;4.9;7.5;16.0;53.0;43.0;706.5;0.0;84.0;3.0;0.0;23.52;6.4;39.0
3150;2023-05-12 07:00:00;0.86;3.3;10.3;13.9;12.0;72.0;45.0;707.0;0.0;83.0;3.0;0.017;23.68;7.2;40.0
3151;2023-05-12 08:00:00;0.99;5.5;13.5;19.2;11.0;85.0;46.0;707.5;0.0;81.0;3.0;0.076;24.06;8.7;52.0
3152;2023-05-12 09:00:00;1.06;6.4;14.6;21.3;13.0;86.0;50.0;707.8;0.0;79.0;3.1;0.122;23.94;10.8;53.0
3153;2023-05-12 10:00:00;1.0;6.1;11.7;18.0;18.0;86.0;58.0;708.1;0.0;77.0;3.1;0.248;24.3;12.0;57.0
3154;2023-05-12 11:00:00;1.01;6.4;10.6;17.2;20.0;83.0;59.0;708.3;0.0;72.0;3.0;0.372;25.51;10.9;43.0
3155;2023-05-12 12:00:00;0.97;4.5;8.3;13.0;28.0;79.0;53.0;708.1;0.0;62.0;3.0;0.553;27.27;12.5;53.0
3156;2023-05-12 13:00:00;0.94;3.2;7.6;11.0;33.0;78.0;52.0;707.7;0.0;57.0;3.0;0.315;27.99;12.4;64.0
3157;2023-05-12 14:00:00;0.99;3.0;10.2;13.5;31.0;69.0;54.09;707.3;0.0;58.0;3.0;0.118;27.92;11.4;72.0
3158;2023-05-12 15:00:00;0.98;2.7;11.0;13.9;29.0;72.0;53.78;707.0;0.0;60.0;3.0;0.036;27.36;10.5;95.0
3159;2023-05-12 16:00:00;0.98;3.3;11.3;14.8;28.0;81.0;54.22;706.3;0.0;66.0;3.1;0.242;26.86;10.2;116.0
3160;2023-05-12 17:00:00;1.04;3.5;11.9;15.6;28.0;69.0;54.51;705.6;0.0;63.0;2.9;0.094;27.52;8.7;118.0
3161;2023-05-12 18:00:00;1.06;3.0;16.1;19.3;24.0;81.0;60.71;705.4;0.0;64.0;3.0;0.013;27.4;10.8;53.0
3162;2023-05-12 19:00:00;1.08;2.7;14.4;17.2;25.0;89.0;64.55;705.2;0.0;66.0;3.0;0.007;27.08;12.1;65.0
3163;2023-05-12 20:00:00;0.9;2.9;19.1;22.2;27.0;88.0;42.42;706.2;0.0;63.0;3.0;0.007;24.0;15.4;38.0
3164;2023-05-12 21:00:00;0.88;2.3;11.9;14.4;35.0;84.0;29.13;707.7;0.0;70.0;3.0;0.0;21.57;11.6;11.0
3165;2023-05-12 22:00:00;0.89;2.3;15.6;18.1;31.0;57.0;32.27;708.2;0.0;78.0;3.0;0.0;20.45;4.3;13.0
3166;2023-05-12 23:00:00;0.85;2.2;11.9;14.3;36.0;44.0;22.73;708.6;0.0;76.0;2.9;0.0;20.96;6.1;57.0
3167;2023-05-13 00:00:00;0.84;2.3;21.0;23.4;27.0;30.0;;708.4;0.0;73.0;2.9;0.0;21.12;3.1;242.0
3168;2023-05-13 01:00:00;0.92;2.3;20.8;23.3;20.0;34.0;21.79;707.9;0.0;76.0;3.0;0.0;20.95;3.4;350.0
3169;2023-05-13 02:00:00;1.0;2.4;23.6;26.2;16.0;46.0;27.46;707.7;0.0;80.0;3.0;0.0;20.76;4.5;307.0
3170;2023-05-13 03:00:00;0.95;2.3;20.0;22.5;22.0;50.0;35.04;708.2;0.0;82.0;3.0;0.0;20.53;6.2;36.0
3171;2023-05-13 04:00:00;0.84;2.6;21.5;24.2;19.0;49.0;28.2;708.2;0.0;82.0;3.0;0.0;20.01;4.7;77.0
3172;2023-05-13 05:00:00;0.86;2.4;20.6;23.2;16.0;35.0;32.53;708.1;0.0;82.0;3.0;0.0;20.06;2.4;279.0
3173;2023-05-13 06:00:00;0.98;2.4;13.1;15.6;23.0;48.0;33.92;708.2;0.0;81.0;3.1;0.0;20.32;3.4;311.0
3174;2023-05-13 07:00:00;0.89;2.5;12.9;15.6;24.0;50.0;26.31;708.7;0.0;79.0;3.1;0.004;20.57;5.7;353.0
3175;2023-05-13 08:00:00;1.02;2.9;21.3;24.5;17.0;47.0;31.17;709.5;0.0;79.0;3.0;0.012;20.62;6.3;58.0
3176;2023-05-13 09:00:00;0.95;2.9;15.8;18.9;27.0;49.0;21.51;710.2;0.0;84.0;3.0;0.026;19.56;9.2;65.0
3177;2023-05-13 10:00:00;0.95;3.2;16.1;19.4;27.0;30.0;14.16;710.7;0.0;86.0;3.0;0.045;18.92;9.6;74.0
3178;2023-05-13 11:00:00;0.97;3.7;16.2;20.1;28.0;29.0;10.15;710.7;0.0;85.0;3.2;0.08;19.02;10.4;66.0
3179;2023-05-13 12:00:00;0.9;3.8;12.4;16.5;34.0;25.0;7.77;710.9;0.0;80.0;3.0;0.165;19.61;10.4;50.0
3180;2023-05-13 13:00:00;0.78;3.2;9.8;13.2;43.0;34.0;9.67;710.9;0.0;74.0;3.0;0.171;19.48;14.9;63.0
3181;2023-05-13 14:00:00;0.86;4.4;12.2;16.8;43.0;32.0;11.71;710.9;0.0;72.0;3.0;0.465;20.77;7.4;43.0
3182;2023-05-13 15:00:00;0.77;3.1;7.4;10.7;43.0;34.0;6.87;710.4;0.0;62.0;3.0;0.356;22.91;9.7;82.0
3183;2023-05-13 16:00:00;0.85;2.7;12.3;15.2;;26.0;14.39;710.4;0.0;69.0;3.0;0.074;21.26;12.4;60.0
3184;2023-05-13 17:00:00;0.87;2.7;14.5;17.4;40.0;33.0;24.97;710.5;0.0;72.0;3.0;0.06;20.74;12.3;63.0
3185;2023-05-13 18:00:00;0.86;2.6;13.2;16.1;35.0;48.0;22.77;710.5;0.0;75.0;3.0;0.033;20.07;9.7;64.0
3186;2023-05-13 19:00:00;0.84;2.5;14.2;17.0;34.0;40.0;20.19;710.4;0.0;78.0;3.1;0.017;19.63;8.1;68.0
3187;2023-05-13 20:00:00;0.87;2.3;15.0;17.5;30.0;36.0;18.0;710.7;0.0;75.0;3.0;0.001;20.1;4.5;20.0
3188;2023-05-13 21:00:00;0.97;2.3;22.8;25.3;22.0;39.0;32.4;712.0;0.0;76.0;3.1;0.0;20.24;4.8;357.0
3189;2023-05-13 22:00:00;0.95;2.5;18.7;21.3;21.0;59.0;23.39;712.7;0.0;75.0;3.1;0.0;20.45;3.6;359.0
3190;2023-05-13 23:00:00;1.05;2.4;22.8;25.4;15.0;39.0;26.17;712.6;0.0;75.0;3.1;0.0;20.44;4.2;14.0
3191;2023-05-14 00:00:00;1.05;2.5;24.8;27.5;16.0;47.0;;712.9;0.0;75.0;3.1;0.0;20.4;7.5;58.0
3192;2023-05-14 01:00:00;0.93;2.3;14.0;16.4;26.0;57.0;36.34;712.7;0.0;76.0;3.1;0.0;20.12;7.0;76.0
3193;2023-05-14 02:00:00;0.71;2.3;5.0;7.5;32.0;44.0;24.08;712.1;0.0;75.0;3.2;0.0;20.04;9.6;103.0
3194;2023-05-14 03:00:00;0.68;2.2;3.6;6.1;37.0;31.0;24.24;712.2;0.0;73.0;3.1;0.0;20.12;8.2;105.0
3195;2023-05-14 04:00:00;0.68;2.2;3.1;5.5;38.0;28.0;14.44;712.1;0.0;73.0;3.2;0.0;19.95;6.8;105.0
3196;2023-05-14 05:00:00;0.69;;3.2;5.6;37.0;24.0;10.31;711.9;0.0;76.0;3.1;0.0;19.75;5.7;81.0
3197;2023-05-14 06:00:00;0.69;2.2;3.5;5.9;37.0;23.0;9.87;712.1;0.0;77.0;3.1;0.0;19.46;5.8;92.0
3198;2023-05-14 07:00:00;0.7;;3.7;6.1;36.0;22.0;9.08;712.7;0.0;82.0;3.0;0.002;18.43;2.5;60.0
3199;2023-05-14 08:00:00;0.71;;5.4;7.8;38.0;20.0;8.87;713.6;0.0;84.0;3.1;0.014;18.13;3.1;36.0
3200;2023-05-14 09:00:00;0.76;2.4;9.8;12.4;33.0;21.0;9.31;714.3;0.0;86.0;3.0;0.035;18.09;2.3;313.0
3201;2023-05-14 10:00:00;0.78;2.5;7.6;10.4;36.0;20.0;9.48;714.7;0.0;86.0;3.0;0.085;18.51;2.7;62.0
3202;2023-05-14 11:00:00;0.86;3.0;12.8;16.1;30.0;19.0;9.63;714.8;0.0;86.0;3.0;0.076;18.89;3.5;7.0
3203;2023-05-14 12:00:00;0.93;4.1;14.4;18.8;30.0;30.0;11.53;714.6;0.0;86.0;2.9;0.225;19.23;3.4;298.0
3204;2023-05-14 13:00:00;0.87;3.6;12.5;16.3;36.0;29.0;16.64;714.3;0.0;82.0;3.0;0.194;19.99;4.8;25.0
3205;2023-05-14 14:00:00;0.78;2.7;7.8;10.8;43.0;30.0;20.07;714.0;0.0;69.0;3.0;0.179;21.46;6.3;88.0
3206;2023-05-14 15:00:00;0.74;2.4;6.4;9.0;37.0;32.0;15.09;714.0;0.0;70.0;3.0;0.046;20.94;3.8;178.0
3207;2023-05-14 16:00:00;0.8;2.4;8.5;11.1;30.0;28.0;11.44;713.6;0.0;72.0;3.1;0.021;20.5;3.8;66.0
3208;2023-05-14 17:00:00;0.76;2.3;6.5;9.0;33.0;24.0;9.58;712.8;0.0;78.0;3.0;0.012;19.3;6.8;167.0
3209;2023-05-14 18:00:00;0.91;2.7;15.9;18.7;20.0;22.0;10.09;713.2;0.0;77.0;3.0;0.021;19.83;2.6;224.0
3210;2023-05-14 19:00:00;1.09;3.2;24.0;27.4;12.0;28.0;12.31;713.7;0.0;78.0;3.0;0.009;19.88;3.6;209.0
3211;2023-05-14 20:00:00;1.07;2.6;21.7;24.5;13.0;36.0;15.48;714.0;0.0;77.0;3.0;0.0;19.94;4.5;147.0
3212;2023-05-14 21:00:00;1.07;2.6;19.6;22.3;16.0;37.0;18.99;713.5;0.0;75.0;3.1;0.0;19.81;4.2;238.0
3213;2023-05-14 22:00:00;0.83;2.3;9.8;12.4;30.0;31.0;18.99;714.0;0.0;69.0;3.0;0.0;20.38;3.8;53.0
3214;2023-05-14 23:00:00;0.99;2.9;18.5;21.6;16.0;26.0;13.4;714.6;0.0;72.0;3.0;0.0;19.78;3.3;190.0
3215;2023-05-15 00:00:00;0.97;2.6;17.4;20.1;16.0;33.0;14.78;714.8;0.0;74.0;3.0;0.0;19.47;2.7;286.0
3216;2023-05-15 01:00:00;0.87;2.4;15.3;17.8;18.0;30.0;14.56;714.1;0.0;72.0;3.0;0.0;19.74;3.4;201.0
3217;2023-05-15 02:00:00;1.09;5.5;28.0;33.7;8.0;29.0;12.68;713.7;0.0;75.0;3.0;0.0;19.37;3.1;314.0
3218;2023-05-15 03:00:00;1.35;11.3;31.9;43.5;4.0;48.0;20.15;713.8;0.0;78.0;3.1;0.0;18.69;2.2;203.0
3219;2023-05-15 04:00:00;1.13;7.4;30.2;37.8;4.0;56.0;30.33;714.0;0.0;79.0;3.1;0.0;18.37;2.9;211.0
3220;2023-05-15 05:00:00;0.99;3.0;22.9;26.1;6.0;53.0;26.29;714.1;0.0;80.0;3.0;0.0;17.97;2.5;260.0
3221;2023-05-15 06:00:00;0.96;3.6;24.3;28.1;5.0;44.0;20.97;714.6;0.0;81.0;3.0;0.0;17.72;2.9;239.0
3222;2023-05-15 07:00:00;1.08;12.6;25.8;38.6;6.0;40.0;21.0;715.4;0.0;77.0;3.1;0.047;18.77;6.2;219.0
3223;2023-05-15 08:00:00;1.14;15.2;25.7;41.1;12.0;61.0;25.12;715.6;0.0;69.0;3.2;0.214;20.86;4.6;190.0
3224;2023-05-15 09:00:00;1.08;13.2;24.8;38.2;22.0;70.0;30.51;715.4;0.0;60.0;3.6;0.428;22.74;6.7;87.0
3225;2023-05-15 10:00:00;1.1;10.3;26.7;37.2;34.0;56.0;24.4;715.2;0.0;61.0;3.9;0.616;23.07;9.8;55.0
3226;2023-05-15 11:00:00;0.9;7.3;23.2;30.7;45.0;74.0;32.08;715.2;0.0;55.0;4.1;0.753;24.24;7.6;15.0
3227;2023-05-15 12:00:00;0.91;5.3;24.6;30.1;65.0;57.0;24.8;714.8;0.0;50.0;4.6;0.866;25.52;7.5;16.0
3228;2023-05-15 13:00:00;0.84;4.6;19.9;24.6;65.0;58.0;27.65;714.5;0.0;46.0;5.6;0.916;26.48;9.3;47.0
3229;2023-05-15 14:00:00;0.79;3.0;9.2;12.5;63.0;49.0;24.61;713.9;0.0;43.0;5.0;0.936;27.45;10.2;67.0
3230;2023-05-15 15:00:00;0.75;2.9;7.7;10.9;60.0;36.0;16.45;713.5;0.0;40.0;4.1;0.837;28.34;11.9;59.0
3231;2023-05-15 16:00:00;0.76;2.9;7.2;10.3;47.0;41.0;13.88;712.9;0.0;46.0;3.7;0.533;27.74;12.3;123.0
3232;2023-05-15 17:00:00;0.78;3.1;8.3;11.7;39.0;34.0;12.51;713.1;0.0;51.0;3.3;0.292;26.32;13.3;123.0
3233;2023-05-15 18:00:00;0.79;2.8;8.2;11.2;38.0;35.0;10.76;712.9;0.0;52.0;3.3;0.127;25.86;9.4;120.0
3234;2023-05-15 19:00:00;0.79;2.7;8.4;11.4;36.0;26.0;9.65;713.4;0.0;54.0;3.1;0.037;25.21;8.2;129.0
3235;2023-05-15 20:00:00;0.8;2.3;9.2;11.7;35.0;25.0;9.03;714.4;0.0;54.0;3.2;0.001;24.91;7.2;114.0
3236;2023-05-15 21:00:00;0.95;2.5;19.2;21.9;25.0;23.0;8.9;714.7;0.0;62.0;3.1;0.0;23.18;9.8;23.0
3237;2023-05-15 22:00:00;0.79;2.3;10.1;12.6;36.0;49.0;14.06;715.2;0.0;83.0;3.1;0.0;18.37;9.0;117.0
3238;2023-05-15 23:00:00;0.82;2.3;16.5;19.0;27.0;23.0;9.08;715.4;0.0;80.0;3.0;0.0;19.13;4.2;326.0
3239;2023-05-16 00:00:00;0.88;2.5;22.4;25.2;18.0;22.0;10.04;715.3;0.0;77.0;3.1;0.0;19.44;2.9;117.0
3240;2023-05-16 01:00:00;0.79;2.3;9.4;11.8;28.0;29.0;13.12;714.7;0.0;75.0;3.1;0.0;19.71;3.9;71.0
3241;2023-05-16 02:00:00;0.73;2.3;6.7;9.2;27.0;25.0;9.21;714.2;0.0;74.0;3.1;0.0;19.4;2.5;31.0
3242;2023-05-16 03:00:00;0.75;;7.3;9.8;22.0;21.0;7.14;713.9;0.0;77.0;3.0;0.0;18.77;1.9;209.0
3243;2023-05-16 04:00:00;0.79;;13.5;16.0;16.0;23.0;7.45;713.8;0.0;79.0;3.0;0.0;18.65;2.7;243.0
3244;2023-05-16 05:00:00;0.79;2.4;14.3;16.8;13.0;28.0;10.9;713.8;0.0;78.0;3.0;0.0;18.81;2.2;170.0
3245;2023-05-16 06:00:00;0.88;4.5;20.7;25.4;7.0;43.0;14.77;713.8;0.0;78.0;3.1;0.0;19.24;2.1;156.0
3246;2023-05-16 07:00:00;0.97;10.0;22.1;32.4;7.0;48.0;19.67;713.9;0.0;77.0;3.1;0.04;18.98;4.5;218.0
3247;2023-05-16 08:00:00;0.94;10.4;20.4;31.0;14.0;48.0;18.34;714.0;0.0;69.0;3.1;0.208;20.85;6.0;226.0
3248;2023-05-16 09:00:00;0.98;10.2;21.7;32.2;21.0;59.0;25.23;714.0;0.0;63.0;3.5;0.369;22.71;4.1;74.0
3249;2023-05-16 10:00:00;1.17;20.7;32.5;53.4;17.0;69.0;27.7;714.1;0.0;62.0;4.0;0.446;23.59;7.2;25.0
3250;2023-05-16 11:00:00;1.1;18.2;30.3;48.8;21.0;85.0;33.7;713.9;0.0;63.0;3.9;0.637;23.71;9.3;34.0
3251;2023-05-16 12:00:00;1.02;10.4;26.1;36.6;36.0;87.0;42.43;713.7;0.0;57.0;4.0;0.68;24.93;8.9;22.0
3252;2023-05-16 13:00:00;0.91;6.2;23.0;29.5;51.0;77.0;42.25;713.2;0.0;51.0;4.2;0.734;26.0;8.5;34.0
3253;2023-05-16 14:00:00;0.87;4.3;17.2;21.7;61.0;65.0;35.09;712.5;0.0;46.0;4.6;0.742;27.09;8.9;63.0
3254;2023-05-16 15:00:00;0.83;4.1;15.1;19.3;59.0;55.0;26.65;711.7;0.0;44.0;4.4;0.662;27.63;9.8;58.0
3255;2023-05-16 16:00:00;0.79;3.2;11.7;15.1;64.0;45.0;19.19;711.1;0.0;41.0;3.9;0.548;28.11;9.9;89.0
3256;2023-05-16 17:00:00;0.78;2.7;8.5;11.4;63.0;40.0;16.13;710.6;0.0;44.0;3.6;0.371;27.8;9.8;111.0
3257;2023-05-16 18:00:00;0.8;2.6;9.6;12.4;55.0;36.0;14.15;710.5;0.0;46.0;3.4;0.093;27.07;9.0;118.0
3258;2023-05-16 19:00:00;0.82;2.5;10.3;13.0;48.0;33.0;13.17;710.6;0.0;50.0;3.4;0.042;26.14;9.5;131.0
3259;2023-05-16 20:00:00;0.83;2.3;10.5;13.0;47.0;30.0;14.97;710.7;0.0;56.0;3.3;0.005;25.08;8.8;112.0
3260;2023-05-16 21:00:00;1.24;2.6;25.3;28.1;28.0;36.0;18.29;711.3;0.0;56.0;3.3;0.0;24.4;7.5;46.0
3261;2023-05-16 22:00:00;1.17;3.3;37.0;40.5;11.0;53.0;23.25;711.7;0.0;57.0;3.4;0.0;24.06;4.4;26.0
3262;2023-05-16 23:00:00;0.95;2.4;19.9;22.4;30.0;71.0;22.22;711.9;0.0;61.0;3.4;0.0;23.67;5.2;102.0
3263;2023-05-17 00:00:00;1.15;2.7;31.9;34.8;12.0;52.0;26.35;711.6;0.0;63.0;3.4;0.0;22.96;2.9;38.0
3264;2023-05-17 01:00:00;1.05;2.4;22.7;25.3;18.0;65.0;27.01;711.3;0.0;64.0;3.3;0.0;22.47;3.8;65.0
3265;2023-05-17 02:00:00;1.03;5.9;32.2;38.3;10.0;51.0;26.0;710.9;0.0;65.0;3.4;0.0;22.06;4.0;33.0
3266;2023-05-17 03:00:00;1.01;6.4;32.2;38.8;6.0;72.0;28.65;710.3;0.0;69.0;3.4;0.0;21.05;2.6;228.0
3267;2023-05-17 04:00:00;0.99;2.5;26.1;28.8;9.0;67.0;27.7;710.4;0.0;70.0;3.3;0.0;20.94;4.3;238.0
3268;2023-05-17 05:00:00;0.97;2.9;25.5;28.5;9.0;67.0;26.16;710.7;0.0;69.0;3.4;0.0;20.9;3.3;4.0
3269;2023-05-17 06:00:00;1.1;6.0;29.5;35.8;4.0;62.0;28.99;710.9;0.0;75.0;3.3;0.001;20.46;1.9;337.0
3270;2023-05-17 07:00:00;1.21;17.2;27.9;45.3;5.0;70.0;29.5;711.0;0.0;78.0;3.4;0.052;20.9;3.0;103.0
3271;2023-05-17 08:00:00;1.24;20.0;29.5;49.6;10.0;69.0;28.91;711.3;0.0;69.0;3.4;0.196;22.76;3.5;88.0
3272;2023-05-17 09:00:00;1.22;19.8;31.5;51.5;17.0;91.0;34.02;711.4;0.0;59.0;3.7;0.399;24.61;4.2;37.0
3273;2023-05-17 10:00:00;1.12;9.5;24.9;34.6;32.0;89.0;37.79;711.4;0.0;52.0;4.1;0.582;25.87;6.2;8.0
3274;2023-05-17 11:00:00;1.16;9.0;29.7;38.9;41.0;83.0;34.17;711.1;0.0;49.0;4.4;0.712;27.03;7.0;57.0
3275;2023-05-17 12:00:00;1.12;7.1;31.2;38.5;53.0;103.0;36.73;710.5;0.0;44.0;5.1;0.678;28.06;7.7;49.0
3276;2023-05-17 13:00:00;1.0;3.5;18.5;22.2;78.0;98.0;41.78;710.0;0.0;41.0;5.1;0.737;28.88;9.0;51.0
3277;2023-05-17 14:00:00;0.94;2.8;13.4;16.4;90.0;90.0;36.2;709.5;0.0;39.0;4.4;0.902;29.84;10.7;63.0
3278;2023-05-17 15:00:00;0.88;2.8;12.2;15.3;87.0;69.0;30.67;708.9;0.0;37.0;4.2;0.791;30.54;10.3;51.0
3279;2023-05-17 16:00:00;0.88;2.5;11.7;14.4;84.0;62.0;26.86;708.6;0.0;40.0;3.8;0.246;29.7;9.6;79.0
3280;2023-05-17 17:00:00;0.93;2.7;12.7;15.6;78.0;63.0;26.06;708.2;0.0;45.0;3.6;0.375;29.49;11.6;127.0
3281;2023-05-17 18:00:00;0.92;2.5;12.3;14.9;75.0;51.0;27.98;708.1;0.0;46.0;3.4;0.123;28.96;11.6;116.0
3282;2023-05-17 19:00:00;0.89;2.4;10.7;13.3;65.0;56.0;30.25;708.4;0.0;50.0;3.5;0.047;27.97;11.5;123.0
3283;2023-05-17 20:00:00;0.89;2.3;11.3;13.8;56.0;47.0;32.38;708.8;0.0;52.0;3.4;0.003;27.0;11.8;123.0
3284;2023-05-17 21:00:00;0.87;2.3;11.1;13.5;51.0;50.0;32.85;709.3;0.0;53.0;3.4;0.0;26.49;10.9;101.0
3285;2023-05-17 22:00:00;0.84;2.4;10.0;12.6;36.0;46.0;31.74;709.7;0.0;61.0;3.3;0.0;25.27;13.1;74.0
3286;2023-05-17 23:00:00;0.88;2.3;11.8;14.3;27.0;54.0;20.8;710.0;0.0;66.0;3.1;0.0;24.18;8.2;55.0
3287;2023-05-18 00:00:00;0.86;4.3;21.2;25.7;17.0;46.0;18.75;710.0;0.0;73.0;3.2;0.0;21.7;8.5;19.0
3288;2023-05-18 01:00:00;1.0;2.3;16.3;18.7;20.0;42.0;18.19;709.5;0.0;77.0;3.2;0.0;21.12;4.3;26.0
3289;2023-05-18 02:00:00;1.0;2.3;17.3;19.8;16.0;38.0;16.2;709.2;0.0;78.0;3.3;0.0;20.88;2.2;139.0
3290;2023-05-18 03:00:00;1.08;2.5;26.8;29.5;8.0;42.0;17.69;708.9;0.0;78.0;3.2;0.0;20.84;3.1;4.0
3291;2023-05-18 04:00:00;1.04;2.5;22.6;25.3;8.0;50.0;20.88;708.9;0.0;79.0;3.2;0.0;20.69;2.4;291.0
3292;2023-05-18 05:00:00;0.95;2.3;15.9;18.4;16.0;45.0;21.73;709.1;0.0;76.0;3.2;0.0;20.92;4.3;27.0
3293;2023-05-18 06:00:00;1.21;2.7;18.9;21.7;14.0;44.0;20.46;709.6;0.0;76.0;3.2;0.001;20.82;3.2;11.0
3294;2023-05-18 07:00:00;1.0;8.2;27.8;36.2;8.0;46.0;19.04;710.0;0.0;75.0;3.3;0.055;21.23;6.0;64.0
3295;2023-05-18 08:00:00;1.18;30.9;31.6;62.7;7.0;56.0;24.62;710.4;0.0;74.0;3.5;0.15;21.7;4.5;69.0
3296;2023-05-18 09:00:00;1.37;24.4;33.7;58.3;15.0;84.0;36.28;710.6;0.0;69.0;3.7;0.393;23.06;7.3;54.0
3297;2023-05-18 10:00:00;1.37;16.8;32.7;49.7;23.0;115.0;37.55;710.9;0.0;64.0;3.7;0.56;24.29;7.4;49.0
3298;2023-05-18 11:00:00;1.07;17.3;37.6;55.2;28.0;106.0;38.57;711.0;0.0;56.0;4.3;0.75;26.07;7.3;48.0
3299;2023-05-18 12:00:00;0.95;6.6;20.8;27.6;52.0;80.0;33.53;710.9;0.0;49.0;5.3;0.871;27.73;10.4;54.0
3300;2023-05-18 13:00:00;0.85;3.1;10.7;14.1;55.0;64.0;25.96;710.5;0.0;44.0;4.7;0.487;28.34;14.2;61.0
3301;2023-05-18 14:00:00;0.93;2.6;14.9;17.7;46.0;48.0;19.73;710.4;0.0;49.0;4.2;0.039;26.91;12.0;80.0
3302;2023-05-18 15:00:00;0.92;2.9;12.3;15.5;45.0;47.0;20.73;710.1;0.0;55.0;3.6;0.191;26.33;8.8;96.0
3303;2023-05-18 16:00:00;0.91;2.7;10.9;13.8;47.0;47.0;20.92;710.3;0.0;58.0;3.5;0.078;26.04;6.9;78.0
3304;2023-05-18 17:00:00;0.95;2.6;12.1;15.0;43.0;44.0;22.45;710.4;0.0;62.0;3.3;0.08;25.47;8.3;127.0
3305;2023-05-18 18:00:00;0.99;3.3;12.6;16.2;38.0;44.0;22.35;710.2;0.0;69.0;3.2;0.138;24.15;8.6;107.0
3306;2023-05-18 19:00:00;1.0;2.8;14.2;17.2;34.0;36.0;22.15;709.6;0.0;59.0;3.1;0.037;25.52;7.8;117.0
3307;2023-05-18 20:00:00;0.94;2.5;12.6;15.3;31.0;38.0;21.1;709.9;0.0;57.0;3.2;0.002;24.47;6.9;97.0
3308;2023-05-18 21:00:00;1.14;3.0;23.2;26.3;17.0;37.0;17.06;710.6;0.0;61.0;3.2;0.0;23.88;3.9;48.0
3309;2023-05-18 22:00:00;1.19;3.0;28.6;31.7;10.0;52.0;18.12;711.3;0.0;62.0;3.2;0.0;23.72;3.7;350.0
3310;2023-05-18 23:00:00;1.35;9.6;35.5;45.4;4.0;48.0;21.54;711.9;0.0;65.0;3.3;0.0;23.58;4.3;104.0
3311;2023-05-19 00:00:00;1.13;3.6;24.6;28.4;15.0;59.0;26.18;713.2;0.0;66.0;3.2;0.0;24.07;5.7;279.0
3312;2023-05-19 01:00:00;1.18;2.8;27.7;30.7;7.0;52.0;25.1;712.5;0.0;74.0;3.1;0.0;22.46;4.7;207.0
3313;2023-05-19 02:00:00;1.07;2.6;21.9;24.7;10.0;56.0;27.13;711.6;0.0;76.0;3.1;0.0;21.96;4.8;213.0
3314;2023-05-19 03:00:00;0.94;2.4;15.3;17.8;16.0;47.0;28.48;710.6;0.0;71.0;3.1;0.0;22.43;7.3;211.0
3315;2023-05-19 04:00:00;0.95;2.4;14.7;17.3;16.0;41.0;26.3;710.4;0.0;68.0;3.1;0.0;22.76;4.2;176.0
3316;2023-05-19 05:00:00;0.85;;12.0;14.6;15.0;46.0;25.81;710.4;0.0;67.0;3.1;0.0;22.21;3.6;227.0
3317;2023-05-19 06:00:00;0.9;2.6;16.6;19.4;9.0;42.0;22.07;710.7;0.0;71.0;3.1;0.001;21.36;2.7;241.0
3318;2023-05-19 07:00:00;1.19;18.8;20.4;39.4;5.0;55.0;22.81;711.3;0.0;71.0;3.4;0.055;21.98;2.1;205.0
3319;2023-05-19 08:00:00;1.18;18.5;23.3;42.0;12.0;68.0;26.51;711.7;0.0;62.0;3.2;0.215;24.11;3.5;14.0
3320;2023-05-19 09:00:00;1.17;14.5;25.8;40.5;19.0;73.0;29.88;711.9;0.0;54.0;3.5;0.424;25.85;4.4;17.0
3321;2023-05-19 10:00:00;1.47;12.4;35.1;47.8;31.0;83.0;34.85;712.1;0.0;49.0;3.8;0.562;27.54;5.6;28.0
3322;2023-05-19 11:00:00;1.47;12.6;38.0;50.8;37.0;100.0;41.88;712.3;0.0;47.0;4.4;0.676;28.47;7.9;65.0
3323;2023-05-19 12:00:00;1.16;5.7;28.0;33.9;61.0;110.0;54.38;712.2;0.0;44.0;4.8;0.803;29.37;8.1;71.0
3324;2023-05-19 13:00:00;1.04;4.8;24.4;29.4;71.0;83.0;45.26;711.9;0.0;42.0;4.5;0.855;30.24;8.7;57.0
3325;2023-05-19 14:00:00;0.99;3.5;19.4;23.1;78.0;71.0;40.7;711.6;0.0;40.0;4.6;0.539;30.83;9.9;58.0
3326;2023-05-19 15:00:00;0.93;3.8;15.3;19.3;60.0;58.0;35.19;711.1;0.0;39.0;4.6;0.599;31.49;9.2;68.0
3327;2023-05-19 16:00:00;0.98;3.1;14.3;17.6;63.0;56.0;34.79;710.9;0.0;42.0;4.4;0.347;31.09;10.7;66.0
3328;2023-05-19 17:00:00;1.01;3.3;14.5;18.1;58.0;61.0;30.46;710.7;0.0;45.0;4.0;0.414;31.11;11.8;63.0
3329;2023-05-19 18:00:00;1.04;3.3;16.1;19.6;38.0;62.0;29.73;710.9;0.0;51.0;4.2;0.137;29.89;12.6;63.0
3330;2023-05-19 19:00:00;1.01;3.0;16.0;19.2;38.0;57.0;25.91;711.1;0.0;55.0;3.6;0.049;29.13;11.7;78.0
3331;2023-05-19 20:00:00;0.88;2.5;11.0;13.7;37.0;53.0;26.4;711.4;0.0;59.0;3.3;0.003;28.06;9.6;105.0
3332;2023-05-19 21:00:00;0.89;2.3;11.3;13.8;38.0;43.0;24.98;711.8;0.0;60.0;3.2;0.0;27.54;7.7;97.0
3333;2023-05-19 22:00:00;0.84;2.3;9.3;11.8;38.0;51.0;26.24;712.2;0.0;61.0;3.2;0.0;27.14;9.8;105.0
3334;2023-05-19 23:00:00;0.88;3.0;14.5;17.7;21.0;47.0;25.87;712.5;0.0;64.0;3.1;0.0;26.63;7.3;38.0
3335;2023-05-20 00:00:00;0.85;3.9;13.5;17.6;9.0;48.0;24.6;712.6;0.0;73.0;3.1;0.0;25.35;8.5;31.0
3336;2023-05-20 01:00:00;0.82;2.5;8.9;11.6;11.0;43.0;22.12;712.4;0.0;77.0;3.1;0.0;24.37;6.3;35.0
3337;2023-05-20 02:00:00;0.81;8.7;17.2;26.2;4.0;37.0;18.56;712.1;0.0;79.0;3.1;0.0;23.87;3.9;14.0
3338;2023-05-20 03:00:00;0.87;3.9;17.0;21.1;3.0;53.0;20.15;712.2;0.0;80.0;3.2;0.0;23.68;3.3;31.0
3339;2023-05-20 04:00:00;0.97;3.2;13.8;17.2;5.0;55.0;20.8;712.8;0.0;79.0;3.2;0.0;23.7;8.0;12.0
3340;2023-05-20 05:00:00;0.99;2.5;12.3;15.0;6.0;63.0;25.14;713.1;0.0;79.0;3.1;0.0;23.47;3.3;113.0
3341;2023-05-20 06:00:00;0.95;2.7;12.4;15.4;5.0;57.0;26.29;713.3;0.0;80.0;3.1;0.0;23.38;2.6;215.0
3342;2023-05-20 07:00:00;0.97;5.7;14.5;20.3;4.0;58.0;27.86;713.4;0.0;79.0;3.1;0.013;23.74;3.2;212.0
3343;2023-05-20 08:00:00;1.03;8.9;15.7;24.8;5.0;68.0;29.94;713.9;0.0;76.0;3.2;0.048;24.42;3.6;199.0
3344;2023-05-20 09:00:00;1.13;10.7;17.4;28.5;9.0;92.0;35.71;714.5;0.0;71.0;3.2;0.171;25.68;3.4;318.0
3345;2023-05-20 10:00:00;1.23;19.9;23.2;43.4;11.0;99.0;40.02;714.4;0.0;67.0;3.2;0.402;26.7;7.2;40.0
3346;2023-05-20 11:00:00;1.12;9.5;20.3;30.0;19.0;112.0;42.04;714.0;0.0;63.0;3.2;0.371;27.26;10.3;46.0
3347;2023-05-20 12:00:00;0.84;4.7;17.1;22.0;20.0;104.0;41.88;715.0;0.0;70.0;3.2;0.117;23.05;16.2;46.0
3348;2023-05-20 13:00:00;0.88;4.2;17.4;21.8;19.0;148.0;24.4;716.0;0.0;82.0;3.1;0.074;20.35;9.6;98.0
3349;2023-05-20 14:00:00;1.0;4.3;17.8;22.4;16.0;23.0;10.74;716.0;0.0;83.0;3.2;0.03;20.43;7.9;22.0
3350;2023-05-20 15:00:00;0.95;3.7;11.4;15.3;21.0;32.0;13.32;715.9;0.0;86.0;3.1;0.086;19.65;6.8;355.0
3351;2023-05-20 16:00:00;0.94;3.6;12.0;15.8;21.0;23.0;8.57;715.3;0.0;87.0;3.2;0.096;19.49;3.1;149.0
3352;2023-05-20 17:00:00;0.94;4.4;14.8;19.3;19.0;20.0;8.15;714.6;0.0;87.0;3.1;0.118;19.95;4.9;272.0
3353;2023-05-20 18:00:00;0.91;6.1;13.8;20.1;20.0;21.0;8.3;714.5;0.0;80.0;3.2;0.069;21.19;3.6;346.0
3354;2023-05-20 19:00:00;1.1;3.0;21.1;24.3;14.0;26.0;8.84;714.7;0.0;74.0;3.2;0.014;21.43;3.4;289.0
3355;2023-05-20 20:00:00;0.95;2.5;13.7;16.3;20.0;29.0;11.7;715.5;0.0;80.0;3.2;0.0;19.5;3.4;303.0
3356;2023-05-20 21:00:00;1.12;2.8;22.0;24.9;12.0;26.0;15.02;716.2;0.0;84.0;3.2;0.0;19.2;3.4;350.0
3357;2023-05-20 22:00:00;1.01;2.5;19.3;22.0;16.0;37.0;20.16;716.5;0.0;87.0;3.2;0.0;18.51;4.5;50.0
3358;2023-05-20 23:00:00;0.94;2.5;23.0;25.7;11.0;33.0;21.03;716.3;0.0;88.0;3.1;0.0;18.27;2.6;201.0
3359;2023-05-21 00:00:00;0.98;2.4;17.1;19.6;14.0;35.0;19.07;715.8;0.0;89.0;3.2;0.0;18.27;2.1;76.0
3360;2023-05-21 01:00:00;1.1;2.5;16.2;18.8;12.0;30.0;16.91;715.1;0.0;89.0;3.2;0.0;18.24;2.1;1.0
3361;2023-05-21 02:00:00;0.96;2.5;16.0;18.6;10.0;33.0;18.31;714.4;0.0;89.0;3.2;0.0;18.3;2.2;225.0
3362;2023-05-21 03:00:00;1.23;2.7;23.3;26.2;6.0;34.0;18.09;714.3;0.0;89.0;3.1;0.0;18.59;3.5;303.0
3363;2023-05-21 04:00:00;1.16;2.7;20.5;23.4;6.0;41.0;20.55;714.3;0.0;88.0;3.2;0.0;18.93;2.5;22.0
3364;2023-05-21 05:00:00;1.06;2.5;15.2;17.9;8.0;38.0;24.29;714.5;0.0;88.0;3.2;0.0;19.01;1.9;307.0
3365;2023-05-21 06:00:00;1.06;2.7;14.4;17.3;6.0;35.0;24.47;714.5;0.0;86.0;3.1;0.0;19.26;1.8;125.0
3366;2023-05-21 07:00:00;1.05;3.5;12.7;16.4;6.0;40.0;24.36;714.7;0.0;85.0;3.2;0.015;19.53;1.9;179.0
3367;2023-05-21 08:00:00;0.99;5.8;14.5;20.5;8.0;41.0;24.1;714.7;0.0;82.0;3.2;0.067;20.06;3.0;200.0
3368;2023-05-21 09:00:00;0.99;8.1;14.3;22.6;12.0;46.0;24.67;714.6;0.0;74.0;3.2;0.276;21.55;3.5;250.0
3369;2023-05-21 10:00:00;0.91;8.2;12.4;20.9;24.0;52.0;29.37;714.5;0.0;60.0;3.4;0.735;24.0;5.7;357.0
3370;2023-05-21 11:00:00;0.78;4.5;8.6;13.4;33.0;40.0;28.09;714.2;0.0;53.0;3.8;0.718;25.16;5.7;24.0
3371;2023-05-21 12:00:00;0.84;4.2;12.9;17.4;44.0;31.0;18.15;713.8;0.0;49.0;3.8;0.589;26.16;6.6;41.0
3372;2023-05-21 13:00:00;1.01;4.2;19.0;23.4;57.0;46.0;19.5;713.5;0.0;50.0;4.1;0.513;26.2;8.2;101.0
3373;2023-05-21 14:00:00;;;;;;;36.57;;;;;0.0;;;
3374;2023-05-21 15:00:00;;;;;;;;;;;;0.0;;;
3375;2023-05-21 16:00:00;;;;;;;;;;;;0.0;;;
3376;2023-05-21 17:00:00;;;;;;;;;;;;0.0;;;
3377;2023-05-21 18:00:00;;;;;;;;;;;;0.0;;;
3378;2023-05-21 19:00:00;;;;;;;;;;;;0.0;;;
3379;2023-05-21 20:00:00;;2.1;7.9;10.3;43.0;35.0;;712.3;0.0;63.0;3.2;0.005;24.03;9.3;111.0
3380;2023-05-21 21:00:00;;2.1;7.6;9.8;39.0;33.0;;712.5;0.0;65.0;3.2;0.001;23.43;8.6;100.0
3381;2023-05-21 22:00:00;;2.0;7.1;9.4;38.0;33.0;;712.8;0.0;67.0;3.2;0.001;23.07;7.4;106.0
3382;2023-05-21 23:00:00;;2.1;7.1;9.5;38.0;33.0;;713.1;0.0;67.0;3.3;0.001;22.94;6.8;69.0
3383;2023-05-22 00:00:00;;2.1;8.4;10.7;30.0;36.0;;712.8;0.0;69.0;3.2;0.001;22.29;3.8;106.0
3384;2023-05-22 01:00:00;;;5.8;8.1;30.0;35.0;19.95;712.5;0.0;67.0;3.2;0.001;22.22;5.6;112.0
3385;2023-05-22 02:00:00;;;3.8;6.1;36.0;28.0;15.8;712.0;0.0;66.0;3.2;0.001;22.16;7.0;114.0
3386;2023-05-22 03:00:00;;;5.7;8.0;27.0;27.0;16.32;711.7;0.0;71.0;3.2;0.001;21.04;4.8;203.0
3387;2023-05-22 04:00:00;;;7.5;9.8;23.0;34.0;18.58;711.5;0.0;72.0;3.3;0.001;20.72;3.4;206.0
3388;2023-05-22 05:00:00;;2.2;8.6;10.9;18.0;36.0;19.82;711.6;0.0;74.0;3.3;0.001;20.18;2.3;227.0
3389;2023-05-22 06:00:00;;2.3;9.4;11.8;15.0;33.0;22.28;711.8;0.0;76.0;3.2;0.002;19.71;1.9;122.0
3390;2023-05-22 07:00:00;;8.4;18.1;26.8;7.0;34.0;21.12;712.1;0.0;77.0;3.3;0.029;20.1;1.9;287.0
3391;2023-05-22 08:00:00;0.11;18.5;25.7;44.3;8.0;45.0;20.58;712.4;0.0;75.0;3.4;0.158;21.48;2.8;249.0
3392;2023-05-22 09:00:00;0.13;5.5;7.0;11.9;13.0;69.0;27.71;712.5;0.0;72.0;1.3;0.406;22.56;6.3;15.0
3393;2023-05-22 10:00:00;0.46;13.9;18.6;32.2;;80.0;38.1;712.5;0.0;66.0;1.9;0.447;23.81;6.4;24.0
3394;2023-05-22 11:00:00;0.83;6.0;25.5;31.7;;83.0;40.64;712.3;0.0;59.0;3.5;0.339;24.99;4.6;3.0
3395;2023-05-22 12:00:00;0.77;3.3;19.1;22.6;86.0;60.0;35.35;712.1;0.0;55.0;4.0;0.828;26.21;7.1;56.0
3396;2023-05-22 13:00:00;0.72;2.6;12.2;15.0;81.0;59.0;43.29;711.7;0.0;53.0;3.4;0.791;27.06;9.6;65.0
3397;2023-05-22 14:00:00;0.67;3.0;8.2;11.4;58.0;50.0;36.22;711.5;0.0;52.0;2.8;0.94;27.8;11.5;51.0
3398;2023-05-22 15:00:00;0.67;3.1;7.1;10.4;48.0;35.0;28.58;711.2;0.0;50.0;2.6;0.808;28.53;12.4;54.0
3399;2023-05-22 16:00:00;0.67;3.1;6.8;10.2;44.0;32.0;18.25;710.6;0.0;49.0;2.5;0.645;28.98;12.1;82.0
3400;2023-05-22 17:00:00;0.67;3.3;7.0;10.5;44.0;32.0;14.35;710.1;0.0;47.0;2.5;0.551;28.96;13.5;129.0
3401;2023-05-22 18:00:00;0.69;3.2;8.1;11.5;43.0;31.0;12.82;709.8;0.0;48.0;2.5;0.222;28.86;13.4;126.0
3402;2023-05-22 19:00:00;0.75;2.5;9.1;11.8;41.0;30.0;13.78;710.0;0.0;52.0;2.3;0.033;28.02;12.1;115.0
3403;2023-05-22 20:00:00;0.75;2.1;9.2;11.6;34.0;37.0;14.04;710.3;0.0;57.0;2.3;0.004;26.67;10.7;110.0
3404;2023-05-22 21:00:00;0.74;2.1;8.1;10.5;31.0;30.0;13.1;710.7;0.0;61.0;2.3;0.001;25.81;8.3;100.0
3405;2023-05-22 22:00:00;0.73;2.0;6.9;9.1;29.0;29.0;12.98;710.9;0.0;64.0;2.3;0.001;25.44;5.3;108.0
3406;2023-05-22 23:00:00;0.72;1.9;4.8;6.9;30.0;24.0;12.68;711.0;0.0;65.0;2.2;0.001;25.33;6.7;105.0
3407;2023-05-23 00:00:00;0.7;1.9;5.2;7.3;29.0;28.0;11.94;710.8;0.0;64.0;2.2;0.0;25.19;5.7;97.0
3408;2023-05-23 01:00:00;0.77;2.4;11.7;14.2;21.0;26.0;11.48;710.6;0.0;65.0;2.2;0.0;24.92;6.2;37.0
3409;2023-05-23 02:00:00;0.83;6.6;22.9;29.7;9.0;35.0;13.73;710.6;0.0;70.0;2.3;0.0;24.14;4.7;15.0
3410;2023-05-23 03:00:00;0.9;4.3;21.4;25.9;9.0;47.0;20.07;710.7;0.0;72.0;2.3;0.001;23.72;4.9;339.0
3411;2023-05-23 04:00:00;0.95;4.5;21.8;26.5;8.0;61.0;22.36;710.2;0.0;74.0;2.3;0.001;23.47;5.9;66.0
3412;2023-05-23 05:00:00;0.92;7.4;20.5;28.2;7.0;58.0;21.3;710.3;0.0;77.0;2.3;0.0;22.85;3.5;357.0
3413;2023-05-23 06:00:00;1.01;6.3;20.1;26.8;7.0;47.0;20.08;710.6;0.0;78.0;2.2;0.003;22.63;4.1;2.0
3414;2023-05-23 07:00:00;1.07;20.7;20.4;41.4;7.0;46.0;19.47;711.0;0.0;79.0;2.3;0.036;22.49;5.9;32.0
3415;2023-05-23 08:00:00;1.21;24.4;20.9;45.5;9.0;72.0;26.34;711.3;0.0;78.0;2.4;0.112;22.96;3.7;44.0
3416;2023-05-23 09:00:00;1.28;47.9;27.2;75.3;10.0;85.0;34.26;711.3;0.0;71.0;2.6;0.316;24.79;4.5;17.0
3417;2023-05-23 10:00:00;1.25;28.3;30.5;59.1;20.0;103.0;48.27;711.2;0.0;64.0;2.4;0.487;26.22;6.8;49.0
3418;2023-05-23 11:00:00;1.14;11.9;26.2;38.3;38.0;82.0;38.13;711.2;0.0;56.0;2.3;0.784;27.92;8.5;53.0
3419;2023-05-23 12:00:00;0.94;3.4;11.3;14.9;63.0;60.0;28.46;710.9;0.0;50.0;2.4;0.847;28.94;10.4;54.0
3420;2023-05-23 13:00:00;0.88;3.1;8.8;12.1;62.0;45.0;19.11;710.4;0.0;47.0;2.5;0.953;29.83;12.6;49.0
3421;2023-05-23 14:00:00;0.89;3.0;8.8;12.1;62.0;45.0;17.7;709.8;0.0;47.0;2.5;0.877;30.3;14.7;64.0
3422;2023-05-23 15:00:00;0.86;2.6;7.0;9.8;59.0;44.0;19.24;709.4;0.0;44.0;2.5;0.898;31.02;13.7;109.0
3423;2023-05-23 16:00:00;0.86;2.8;7.0;10.0;53.0;36.0;18.06;709.1;0.0;44.0;2.4;0.651;30.97;14.2;124.0
3424;2023-05-23 17:00:00;0.85;2.8;6.2;9.2;46.0;35.0;16.64;708.8;0.0;47.0;2.4;0.549;30.28;17.3;123.0
3425;2023-05-23 18:00:00;0.89;2.9;7.9;11.0;39.0;35.0;17.47;708.8;0.0;49.0;2.3;0.207;29.57;15.1;118.0
3426;2023-05-23 19:00:00;0.9;2.8;8.2;11.3;35.0;36.0;16.84;708.9;0.0;52.0;2.3;0.048;28.57;13.9;106.0
3427;2023-05-23 20:00:00;0.88;2.2;7.7;10.0;33.0;36.0;17.17;709.2;0.0;56.0;2.3;0.004;27.55;12.9;119.0
3428;2023-05-23 21:00:00;0.9;2.1;8.5;10.8;30.0;36.0;17.42;709.5;0.0;59.0;2.3;0.001;27.04;12.3;117.0
3429;2023-05-23 22:00:00;0.88;2.2;9.3;11.8;29.0;39.0;18.2;709.3;0.0;58.0;2.2;0.001;26.95;10.4;92.0
3430;2023-05-23 23:00:00;0.87;2.0;7.8;9.9;30.0;30.0;18.1;709.3;0.0;59.0;2.2;0.001;26.75;9.2;80.0
3431;2023-05-24 00:00:00;0.86;2.0;6.0;8.2;24.0;37.0;18.12;709.5;0.0;67.0;2.2;0.0;25.36;9.9;58.0
3432;2023-05-24 01:00:00;0.88;2.1;8.2;10.5;21.0;35.0;16.09;709.3;0.0;70.0;2.2;0.0;24.39;8.3;39.0
3433;2023-05-24 02:00:00;0.86;2.9;8.5;11.6;20.0;36.0;13.75;709.2;0.0;72.0;2.2;0.0;23.49;7.2;31.0
3434;2023-05-24 03:00:00;0.87;4.7;14.1;19.0;13.0;32.0;13.74;709.1;0.0;74.0;2.2;0.001;22.91;5.9;34.0
3435;2023-05-24 04:00:00;0.86;5.4;15.9;21.5;11.0;37.0;13.43;709.4;0.0;75.0;2.2;0.001;22.55;7.1;49.0
3436;2023-05-24 05:00:00;0.87;7.2;17.3;24.7;9.0;40.0;13.47;709.6;0.0;76.0;2.3;0.001;22.35;5.3;54.0
3437;2023-05-24 06:00:00;0.93;4.4;19.1;23.7;7.0;47.0;16.47;709.4;0.0;77.0;2.2;0.002;22.2;3.0;85.0
3438;2023-05-24 07:00:00;1.07;7.4;17.5;25.2;9.0;43.0;19.82;709.8;0.0;77.0;2.3;0.039;22.48;2.9;197.0
3439;2023-05-24 08:00:00;1.1;10.1;16.2;26.6;12.0;51.0;23.74;710.0;0.0;73.0;2.3;0.138;23.52;3.2;126.0
3440;2023-05-24 09:00:00;1.25;16.9;19.8;37.0;18.0;50.0;26.62;709.9;0.0;67.0;2.6;0.411;25.06;6.3;35.0
3441;2023-05-24 10:00:00;1.5;24.7;32.1;57.0;19.0;68.0;29.22;710.5;0.0;66.0;2.7;0.319;25.3;11.8;40.0
3442;2023-05-24 11:00:00;1.06;5.6;22.7;28.5;53.0;106.0;38.57;711.0;0.0;66.0;2.5;0.468;25.22;11.4;43.0
3443;2023-05-24 12:00:00;1.03;3.3;10.6;14.0;52.0;67.0;40.21;710.6;0.0;61.0;2.4;0.482;26.46;15.0;66.0
3444;2023-05-24 13:00:00;0.99;3.5;7.9;11.6;45.0;52.0;34.0;709.9;0.0;56.0;2.4;0.797;27.65;15.0;62.0
3445;2023-05-24 14:00:00;1.0;3.8;7.6;11.6;39.0;47.0;30.33;709.3;0.0;53.0;2.4;0.531;28.63;12.5;59.0
3446;2023-05-24 15:00:00;0.99;3.3;6.6;10.2;37.0;41.0;22.09;709.0;0.0;54.0;2.3;0.35;28.63;12.9;62.0
3447;2023-05-24 16:00:00;1.01;3.3;7.6;11.1;33.0;37.0;18.89;708.8;0.0;56.0;2.2;0.213;28.01;14.3;72.0
3448;2023-05-24 17:00:00;1.01;3.1;7.1;10.5;33.0;36.0;18.8;708.6;0.0;55.0;2.2;0.214;28.34;11.6;102.0
3449;2023-05-24 18:00:00;1.03;2.8;8.5;11.6;31.0;33.0;18.66;708.6;0.0;57.0;2.3;0.072;27.89;12.0;102.0
3450;2023-05-24 19:00:00;1.01;2.5;7.2;9.9;32.0;33.0;19.42;708.7;0.0;57.0;2.3;0.052;27.54;13.7;106.0
3451;2023-05-24 20:00:00;1.02;2.2;8.9;11.3;30.0;33.0;18.49;709.0;0.0;60.0;2.2;0.004;26.9;11.3;107.0
3452;2023-05-24 21:00:00;1.05;2.3;9.9;12.4;28.0;43.0;19.78;709.5;0.0;61.0;2.2;0.001;26.67;10.5;95.0
3453;2023-05-24 22:00:00;1.0;2.0;7.9;10.2;28.0;42.0;20.88;709.5;0.0;62.0;2.2;0.001;26.37;10.4;90.0
3454;2023-05-24 23:00:00;1.0;2.1;6.8;9.1;22.0;41.0;20.33;709.7;0.0;67.0;2.2;0.0;25.3;10.4;66.0
3455;2023-05-25 00:00:00;0.94;2.0;5.3;7.5;21.0;36.0;16.72;709.7;0.0;72.0;2.3;0.0;24.07;11.3;59.0
3456;2023-05-25 01:00:00;0.95;2.0;4.1;6.2;21.0;31.0;14.38;709.4;0.0;75.0;2.3;0.001;23.5;10.0;52.0
3457;2023-05-25 02:00:00;0.91;1.9;3.2;5.3;21.0;25.0;11.11;708.8;0.0;74.0;2.2;0.0;23.59;6.7;70.0
3458;2023-05-25 03:00:00;0.98;7.6;9.6;17.4;14.0;27.0;10.74;708.5;0.0;77.0;2.3;0.001;22.98;7.7;44.0
3459;2023-05-25 04:00:00;0.99;5.9;12.1;18.1;11.0;35.0;13.8;708.5;0.0;80.0;2.2;0.001;22.36;6.3;33.0
3460;2023-05-25 05:00:00;0.98;3.2;10.9;14.3;12.0;37.0;14.36;708.6;0.0;81.0;2.2;0.001;22.05;6.7;42.0
3461;2023-05-25 06:00:00;0.98;2.3;9.1;11.6;15.0;45.0;21.95;709.0;0.0;80.0;2.2;0.001;22.01;6.6;32.0
3462;2023-05-25 07:00:00;1.04;9.9;15.4;25.6;8.0;36.0;21.86;709.4;0.0;81.0;2.2;0.017;21.93;6.8;38.0
3463;2023-05-25 08:00:00;1.17;16.5;15.8;32.6;10.0;54.0;30.6;709.7;0.0;80.0;2.2;0.128;22.3;6.8;37.0
3464;2023-05-25 09:00:00;1.23;13.2;14.8;28.3;16.0;48.0;22.99;709.8;0.0;73.0;2.2;0.359;23.65;6.5;31.0
3465;2023-05-25 10:00:00;1.21;16.6;17.2;34.1;21.0;48.0;23.23;709.9;0.0;66.0;2.2;0.654;25.19;9.5;27.0
3466;2023-05-25 11:00:00;1.14;10.5;13.6;24.4;29.0;54.0;23.66;709.7;0.0;61.0;2.3;0.799;26.35;10.6;36.0
3467;2023-05-25 12:00:00;1.1;4.8;9.1;14.2;36.0;47.0;19.74;709.5;0.0;59.0;2.4;0.575;27.08;13.2;43.0
3468;2023-05-25 13:00:00;1.09;3.7;7.5;11.4;36.0;43.0;17.67;709.4;0.0;57.0;2.3;0.467;27.73;14.6;69.0
3469;2023-05-25 14:00:00;1.12;4.1;7.9;12.2;34.0;42.0;17.16;709.2;0.0;56.0;2.3;0.572;28.07;16.7;64.0
3470;2023-05-25 15:00:00;1.09;4.0;6.1;10.3;31.0;43.0;18.93;708.9;0.0;53.0;2.3;0.68;28.86;16.5;71.0
3471;2023-05-25 16:00:00;1.07;3.4;5.8;9.5;32.0;38.0;16.17;708.7;0.0;52.0;2.3;0.308;28.86;18.4;73.0
3472;2023-05-25 17:00:00;1.06;3.3;6.0;9.5;34.0;33.0;15.3;708.6;0.0;49.0;2.3;0.238;28.95;17.7;78.0
3473;2023-05-25 18:00:00;1.07;3.1;6.2;9.6;35.0;31.0;14.6;708.4;0.0;48.0;2.3;0.21;29.4;15.6;86.0
3474;2023-05-25 19:00:00;1.09;2.7;7.5;10.4;31.0;38.0;15.34;708.6;0.0;49.0;2.4;0.041;28.91;14.9;92.0
3475;2023-05-25 20:00:00;1.05;2.3;6.4;8.9;30.0;36.0;14.46;709.0;0.0;48.0;2.4;0.003;28.43;15.3;91.0
3476;2023-05-25 21:00:00;1.01;2.2;4.3;6.7;31.0;28.0;12.27;709.7;0.0;56.0;2.4;0.0;26.77;18.6;113.0
3477;2023-05-25 22:00:00;1.0;2.1;3.7;6.0;32.0;36.0;10.81;710.0;0.0;65.0;2.4;0.0;24.37;15.0;114.0
3478;2023-05-25 23:00:00;1.01;2.1;3.6;5.9;31.0;30.0;8.77;710.4;0.0;63.0;2.3;0.001;24.58;10.3;105.0
3479;2023-05-26 00:00:00;1.0;2.0;4.5;6.8;33.0;21.0;8.31;711.1;0.0;60.0;2.2;0.001;24.63;8.3;92.0
3480;2023-05-26 01:00:00;1.02;2.0;5.3;7.4;31.0;29.0;9.33;711.0;0.0;62.0;2.3;0.0;24.14;7.9;59.0
3481;2023-05-26 02:00:00;1.01;2.1;7.3;9.6;28.0;23.0;8.9;710.3;0.0;64.0;2.2;0.0;23.72;5.6;75.0
3482;2023-05-26 03:00:00;1.04;2.6;15.1;17.9;18.0;22.0;9.77;710.0;0.0;67.0;2.3;0.0;23.1;5.8;30.0
3483;2023-05-26 04:00:00;0.97;3.2;17.5;20.9;14.0;29.0;13.8;709.9;0.0;70.0;2.3;0.0;22.64;6.3;346.0
3484;2023-05-26 05:00:00;1.17;4.0;19.5;23.7;10.0;37.0;15.33;709.5;0.0;72.0;2.3;0.0;22.3;5.4;8.0
3485;2023-05-26 06:00:00;0.98;5.7;13.4;19.3;14.0;38.0;14.3;710.0;0.0;73.0;2.3;0.002;21.9;5.5;29.0
3486;2023-05-26 07:00:00;1.01;10.0;14.7;24.9;9.0;43.0;14.04;710.5;0.0;77.0;2.3;0.035;21.07;7.5;59.0
3487;2023-05-26 08:00:00;1.1;15.4;16.3;32.0;9.0;49.0;16.71;711.2;0.0;79.0;2.4;0.058;21.04;7.0;35.0
3488;2023-05-26 09:00:00;1.1;18.5;15.2;34.0;11.0;64.0;32.25;711.7;0.0;78.0;2.3;0.177;21.49;7.6;40.0
3489;2023-05-26 10:00:00;1.06;15.0;12.5;27.7;19.0;55.0;28.58;711.7;0.0;69.0;2.5;0.613;23.57;8.3;36.0
3490;2023-05-26 11:00:00;1.01;8.7;10.9;19.9;29.0;35.0;18.68;711.5;0.0;58.0;2.5;0.667;25.86;10.0;40.0
3491;2023-05-26 12:00:00;0.97;4.5;6.4;11.1;34.0;36.0;15.47;711.3;0.0;52.0;2.6;0.821;27.16;14.6;71.0
3492;2023-05-26 13:00:00;0.93;4.1;5.6;9.9;36.0;35.0;12.06;711.0;0.0;49.0;2.5;0.757;27.86;14.0;95.0
3493;2023-05-26 14:00:00;0.96;3.7;5.9;9.9;36.0;31.0;11.67;710.7;0.0;49.0;2.4;0.553;27.98;15.0;86.0
3494;2023-05-26 15:00:00;0.93;3.3;4.9;8.5;37.0;31.0;12.3;710.3;0.0;47.0;2.4;0.766;28.81;16.0;103.0
3495;2023-05-26 16:00:00;0.95;3.5;6.0;9.8;37.0;30.0;11.81;710.2;0.0;46.0;2.3;0.493;29.13;13.4;86.0
3496;2023-05-26 17:00:00;1.01;3.7;7.7;11.6;36.0;27.0;12.49;710.0;0.0;46.0;2.2;0.214;28.83;13.5;88.0
3497;2023-05-26 18:00:00;0.99;3.7;7.9;11.8;35.0;28.0;12.92;709.8;0.0;46.0;2.3;0.176;28.83;13.7;113.0
3498;2023-05-26 19:00:00;0.98;3.0;6.9;10.1;34.0;32.0;12.41;710.2;0.0;49.0;2.3;0.051;27.89;14.4;129.0
3499;2023-05-26 20:00:00;0.97;2.4;7.4;10.0;32.0;30.0;11.87;710.5;0.0;51.0;2.2;0.004;27.37;11.9;131.0
3500;2023-05-26 21:00:00;0.95;2.2;6.6;8.9;32.0;31.0;12.24;711.0;0.0;51.0;2.3;0.001;27.26;10.2;129.0
3501;2023-05-26 22:00:00;0.99;2.4;9.2;11.8;30.0;22.0;11.82;711.1;0.0;52.0;2.2;0.001;27.1;10.2;103.0
3502;2023-05-26 23:00:00;0.97;2.0;5.2;7.4;46.0;27.0;13.26;711.4;0.0;51.0;2.2;0.001;26.76;11.2;108.0
3503;2023-05-27 00:00:00;0.99;2.0;4.8;6.9;45.0;35.0;19.44;711.1;0.0;57.0;2.2;0.0;25.48;10.7;75.0
3504;2023-05-27 01:00:00;1.01;;4.5;6.6;45.0;40.0;21.2;711.3;0.0;62.0;2.2;0.001;24.49;9.8;66.0
3505;2023-05-27 02:00:00;1.0;1.9;3.9;6.0;45.0;41.0;21.41;711.4;0.0;66.0;2.3;0.0;23.71;10.2;56.0
3506;2023-05-27 03:00:00;1.02;1.9;3.6;5.7;;32.0;21.15;711.1;0.0;70.0;2.2;0.001;23.14;8.6;55.0
3507;2023-05-27 04:00:00;1.02;;3.3;5.5;43.0;36.0;22.03;711.0;0.0;74.0;2.2;0.001;22.61;9.6;56.0
3508;2023-05-27 05:00:00;1.02;;2.9;5.1;43.0;36.0;21.37;711.1;0.0;75.0;2.2;0.001;22.32;9.0;48.0
3509;2023-05-27 06:00:00;1.02;;4.3;6.3;42.0;34.0;21.37;711.5;0.0;75.0;2.2;0.001;22.15;8.2;47.0
3510;2023-05-27 07:00:00;1.09;2.1;9.2;11.5;37.0;28.0;22.0;711.9;0.0;75.0;2.2;0.021;22.11;7.8;60.0
3511;2023-05-27 08:00:00;1.12;3.5;10.1;13.9;36.0;37.0;23.75;712.2;0.0;74.0;2.3;0.224;22.73;8.3;55.0
3512;2023-05-27 09:00:00;1.14;7.5;18.4;26.2;29.0;44.0;24.95;712.3;0.0;68.0;2.2;0.245;23.86;9.1;29.0
3513;2023-05-27 10:00:00;1.21;9.3;19.1;28.6;32.0;57.0;28.29;712.3;0.0;67.0;2.3;0.347;24.13;10.4;41.0
3514;2023-05-27 11:00:00;1.17;3.5;10.0;13.7;46.0;71.0;30.06;712.1;0.0;63.0;2.3;0.272;24.93;9.5;56.0
3515;2023-05-27 12:00:00;1.03;3.4;6.3;10.0;46.0;40.0;24.48;711.8;0.0;56.0;2.2;0.519;26.72;8.1;118.0
3516;2023-05-27 13:00:00;1.05;3.4;6.7;10.3;47.0;32.0;21.16;711.4;0.0;56.0;2.2;0.611;26.71;13.4;114.0
3517;2023-05-27 14:00:00;1.06;;6.0;9.7;45.0;38.0;20.75;711.0;0.0;55.0;2.2;0.921;27.4;15.3;119.0
3518;2023-05-27 15:00:00;1.05;2.9;5.4;8.6;40.0;32.0;20.05;710.8;0.0;57.0;2.2;0.333;26.72;14.3;122.0
3519;2023-05-27 16:00:00;1.06;2.8;6.1;9.2;36.0;36.0;19.66;710.8;0.0;62.0;2.2;0.063;25.39;14.5;118.0
3520;2023-05-27 17:00:00;1.06;2.3;5.2;7.7;36.0;34.0;20.58;710.8;0.0;65.0;2.3;0.065;24.91;12.0;121.0
3521;2023-05-27 18:00:00;1.06;2.3;5.7;8.2;35.0;32.0;20.16;710.4;0.0;65.0;2.2;0.064;24.71;13.4;129.0
3522;2023-05-27 19:00:00;1.05;2.2;4.8;7.1;36.0;35.0;19.47;710.3;0.0;63.0;2.2;0.051;24.91;13.2;123.0
3523;2023-05-27 20:00:00;1.05;2.1;5.2;7.5;35.0;35.0;19.6;710.3;0.0;66.0;2.2;0.004;24.44;13.6;108.0
3524;2023-05-27 21:00:00;1.06;2.0;4.5;6.6;35.0;28.0;20.05;710.8;0.0;67.0;2.2;0.001;24.27;10.7;129.0
3525;2023-05-27 22:00:00;1.05;2.0;4.6;6.9;33.0;33.0;21.6;711.9;0.0;67.0;2.2;0.001;24.34;10.5;119.0
3526;2023-05-27 23:00:00;1.09;;5.2;7.4;31.0;33.0;22.24;711.9;0.0;70.0;2.2;0.001;23.84;9.1;88.0
3527;2023-05-28 00:00:00;1.08;;7.0;9.1;32.0;36.0;20.25;711.6;0.0;70.0;2.3;0.001;23.44;9.3;61.0
3528;2023-05-28 01:00:00;1.07;1.9;4.6;6.8;32.0;29.0;15.87;710.3;0.0;77.0;2.2;0.001;22.24;11.9;73.0
3529;2023-05-28 02:00:00;1.04;2.0;9.5;11.7;26.0;38.0;15.16;710.4;0.0;77.0;2.2;0.001;21.83;10.5;34.0
3530;2023-05-28 03:00:00;1.04;1.9;3.5;5.6;31.0;39.0;16.92;710.5;0.0;79.0;2.2;0.001;21.41;7.4;76.0
3531;2023-05-28 04:00:00;1.03;1.9;3.7;5.8;32.0;29.0;13.81;711.3;0.0;78.0;2.2;0.001;21.42;7.0;40.0
3532;2023-05-28 05:00:00;1.01;2.0;9.9;12.1;29.0;25.0;13.07;711.9;0.0;78.0;2.2;0.001;20.94;6.2;29.0
3533;2023-05-28 06:00:00;1.02;1.9;8.6;10.7;29.0;26.0;14.38;712.3;0.0;76.0;2.2;0.001;21.25;6.7;67.0
3534;2023-05-28 07:00:00;0.97;2.0;7.3;9.5;39.0;25.0;13.58;712.8;0.0;84.0;2.2;0.009;18.07;9.2;69.0
3535;2023-05-28 08:00:00;0.99;2.2;8.2;10.6;35.0;25.0;6.62;713.1;0.0;85.0;2.2;0.035;18.17;4.3;158.0
3536;2023-05-28 09:00:00;1.02;3.0;7.6;10.8;35.0;22.0;6.65;713.0;0.0;81.0;;0.227;19.82;3.5;127.0
3537;2023-05-28 10:00:00;0.98;3.2;5.5;8.9;44.0;19.0;4.33;712.8;0.0;62.0;;0.511;23.24;4.9;310.0
3538;2023-05-28 11:00:00;0.96;2.7;4.4;7.3;48.0;17.0;4.61;711.6;0.0;53.0;;0.798;25.57;7.3;185.0
3539;2023-05-28 12:00:00;0.99;3.0;4.8;8.0;47.0;20.0;5.12;710.7;0.0;49.0;;0.91;27.32;10.9;144.0
3540;2023-05-28 13:00:00;1.03;2.7;4.8;7.7;50.0;21.0;6.4;709.7;0.0;46.0;2.3;0.971;28.85;10.0;84.0
3541;2023-05-28 14:00:00;1.08;3.4;8.4;12.1;60.0;20.0;6.48;709.3;0.0;39.0;2.3;0.957;30.56;11.2;58.0
3542;2023-05-28 15:00:00;1.18;3.2;6.8;10.3;58.0;30.0;11.22;709.1;0.0;42.0;2.3;0.836;29.84;17.1;61.0
3543;2023-05-28 16:00:00;1.13;2.7;5.6;8.6;55.0;30.0;8.14;708.9;0.0;42.0;2.6;0.635;29.33;18.1;64.0
3544;2023-05-28 17:00:00;1.07;2.8;5.4;8.4;51.0;32.0;10.61;708.9;0.0;47.0;2.5;0.45;28.16;19.0;63.0
3545;2023-05-28 18:00:00;1.03;2.4;4.9;7.5;48.0;30.0;8.78;709.3;0.0;52.0;2.4;0.186;26.77;18.1;67.0
3546;2023-05-28 19:00:00;1.05;2.0;5.4;7.6;45.0;26.0;7.52;710.0;0.0;56.0;2.3;0.012;25.65;12.6;82.0
3547;2023-05-28 20:00:00;1.0;1.9;4.0;6.1;43.0;26.0;9.94;710.9;0.0;72.0;2.2;0.001;22.4;11.5;169.0
3548;2023-05-28 21:00:00;1.07;1.9;4.7;6.8;41.0;24.0;9.71;711.4;0.0;84.0;2.2;0.001;20.38;6.6;360.0
3549;2023-05-28 22:00:00;1.12;;8.3;10.5;36.0;24.0;8.39;711.2;0.0;82.0;2.2;0.001;21.21;7.1;83.0
3550;2023-05-28 23:00:00;1.01;;3.2;5.3;43.0;23.0;9.32;712.1;0.0;74.0;2.2;0.001;21.48;8.9;148.0
3551;2023-05-29 00:00:00;1.0;1.9;5.8;7.9;48.0;20.0;4.94;712.9;0.0;78.0;2.3;0.001;18.06;8.0;298.0
3552;2023-05-29 01:00:00;1.06;1.9;8.5;10.6;44.0;24.0;9.29;710.5;0.0;84.0;2.2;0.001;17.45;9.2;97.0
3553;2023-05-29 02:00:00;1.0;1.9;6.9;9.0;43.0;24.0;9.03;709.7;0.0;76.0;2.2;0.001;18.76;6.6;245.0
3554;2023-05-29 03:00:00;1.14;2.0;11.3;13.5;32.0;28.0;8.14;709.9;0.0;77.0;2.2;0.001;18.7;4.1;307.0
3555;2023-05-29 04:00:00;1.12;2.0;11.0;13.2;27.0;27.0;15.47;709.1;0.0;78.0;2.2;0.001;19.05;4.3;275.0
3556;2023-05-29 05:00:00;1.13;2.0;11.2;13.4;22.0;25.0;13.97;709.5;0.0;77.0;2.2;0.001;19.18;2.6;262.0
3557;2023-05-29 06:00:00;1.28;2.7;17.6;20.4;15.0;31.0;14.97;710.1;0.0;79.0;2.2;0.002;18.74;3.6;38.0
3558;2023-05-29 07:00:00;1.65;12.8;27.3;40.3;10.0;38.0;17.14;710.4;0.0;78.0;2.3;0.06;19.22;3.8;198.0
3559;2023-05-29 08:00:00;1.55;20.3;27.0;47.4;15.0;53.0;19.94;710.8;0.0;64.0;2.5;0.229;22.12;4.3;161.0
3560;2023-05-29 09:00:00;1.39;14.4;23.7;38.3;25.0;49.0;17.24;711.0;0.0;55.0;2.6;0.451;23.85;5.0;344.0
3561;2023-05-29 10:00:00;1.26;8.6;18.8;27.6;35.0;57.0;16.4;710.9;0.0;48.0;3.0;0.479;25.29;5.2;12.0
3562;2023-05-29 11:00:00;1.36;10.3;22.7;33.2;39.0;44.0;14.22;710.8;0.0;45.0;3.0;0.789;26.63;7.7;61.0
3563;2023-05-29 12:00:00;1.13;5.5;14.9;20.6;51.0;57.0;19.65;710.6;0.0;45.0;3.2;0.749;27.1;8.8;83.0
3564;2023-05-29 13:00:00;1.14;3.9;13.1;17.2;67.0;45.0;15.42;710.1;0.0;42.0;2.9;0.927;28.17;8.6;109.0
3565;2023-05-29 14:00:00;1.13;2.8;10.2;13.2;83.0;45.0;15.94;709.7;0.0;41.0;2.7;0.9;29.01;10.5;85.0
3566;2023-05-29 15:00:00;1.13;2.6;9.0;11.8;84.0;44.0;15.27;709.2;0.0;44.0;2.5;0.789;29.07;13.1;70.0
3567;2023-05-29 16:00:00;1.14;2.5;8.9;11.6;84.0;48.0;15.29;708.8;0.0;45.0;2.4;0.686;29.33;12.3;67.0
3568;2023-05-29 17:00:00;1.13;2.3;8.8;11.3;70.0;42.0;17.18;708.5;0.0;50.0;2.4;0.169;27.99;13.6;105.0
3569;2023-05-29 18:00:00;1.15;2.2;10.1;12.5;59.0;39.0;15.5;708.8;0.0;56.0;2.2;0.016;26.46;9.3;117.0
3570;2023-05-29 19:00:00;1.17;2.1;9.6;11.9;56.0;37.0;14.9;708.3;0.0;57.0;2.2;0.044;26.31;11.3;114.0
3571;2023-05-29 20:00:00;1.15;2.0;9.4;11.7;52.0;39.0;14.11;709.3;0.0;61.0;2.2;0.007;25.33;9.2;98.0
3572;2023-05-29 21:00:00;1.22;2.3;22.3;24.8;35.0;34.0;14.13;709.7;0.0;61.0;2.2;0.0;24.25;7.4;21.0
3573;2023-05-29 22:00:00;1.58;2.4;30.6;33.2;21.0;45.0;15.64;709.8;0.0;63.0;2.2;0.0;23.65;3.8;327.0
3574;2023-05-29 23:00:00;1.34;2.1;23.8;26.1;23.0;46.0;19.33;710.3;0.0;62.0;2.4;0.001;23.46;2.8;2.0
3575;2023-05-30 00:00:00;1.59;11.7;36.2;48.2;12.0;43.0;16.66;710.5;0.0;63.0;2.3;0.001;22.79;4.5;27.0
3576;2023-05-30 01:00:00;1.51;8.4;41.1;49.7;9.0;65.0;23.34;710.6;0.0;63.0;2.4;0.001;21.88;4.2;115.0
3577;2023-05-30 02:00:00;1.18;2.2;21.8;24.2;22.0;66.0;24.38;710.3;0.0;67.0;2.4;0.0;21.37;6.1;56.0
3578;2023-05-30 03:00:00;1.1;2.1;20.2;22.5;19.0;40.0;15.45;709.8;0.0;76.0;2.3;0.001;20.34;4.9;354.0
3579;2023-05-30 04:00:00;1.23;2.3;24.4;26.9;13.0;37.0;14.85;709.7;0.0;80.0;2.2;0.001;19.91;3.0;195.0
3580;2023-05-30 05:00:00;1.19;2.6;26.9;29.7;9.0;54.0;18.7;709.5;0.0;80.0;2.3;0.001;19.75;2.1;216.0
3581;2023-05-30 06:00:00;1.41;2.9;24.2;27.3;9.0;46.0;20.18;709.7;0.0;81.0;2.3;0.002;19.62;1.7;262.0
3582;2023-05-30 07:00:00;1.49;12.2;25.6;37.9;10.0;41.0;19.08;709.8;0.0;79.0;2.3;0.062;20.41;1.8;331.0
3583;2023-05-30 08:00:00;1.48;17.5;26.7;44.4;17.0;48.0;19.49;710.0;0.0;69.0;2.4;0.229;22.76;2.1;19.0
3584;2023-05-30 09:00:00;1.56;16.1;28.3;44.5;26.0;74.0;26.68;710.0;0.0;61.0;2.5;0.443;24.21;4.7;16.0
3585;2023-05-30 10:00:00;1.56;13.8;31.0;45.0;37.0;88.0;36.12;709.9;0.0;53.0;2.6;0.642;26.28;5.4;12.0
3586;2023-05-30 11:00:00;1.7;9.2;31.0;40.4;55.0;84.0;40.21;709.7;0.0;46.0;2.9;0.794;28.18;7.4;19.0
3587;2023-05-30 12:00:00;1.36;5.2;18.9;24.3;64.0;89.0;43.02;709.8;0.0;40.0;2.9;0.893;29.44;9.2;38.0
3588;2023-05-30 13:00:00;1.11;3.6;11.5;15.4;69.0;71.0;27.71;709.7;0.0;32.0;3.0;0.955;30.48;10.3;45.0
3589;2023-05-30 14:00:00;1.04;3.1;10.7;14.1;77.0;57.0;19.71;709.4;0.0;31.0;3.2;0.954;31.08;10.3;60.0
3590;2023-05-30 15:00:00;1.04;3.5;12.1;15.8;76.0;49.0;18.59;708.9;0.0;32.0;2.9;0.872;31.47;11.4;60.0
3591;2023-05-30 16:00:00;1.09;2.5;8.5;11.3;85.0;43.0;17.08;708.5;0.0;35.0;2.7;0.729;31.67;13.2;70.0
3592;2023-05-30 17:00:00;1.14;2.6;9.3;12.2;75.0;43.0;17.84;708.4;0.0;39.0;3.4;0.538;31.32;15.2;77.0
3593;2023-05-30 18:00:00;1.13;2.5;9.5;12.2;69.0;50.0;20.3;708.5;0.0;41.0;3.6;0.236;30.68;15.1;109.0
3594;2023-05-30 19:00:00;1.12;2.5;9.4;12.1;57.0;34.0;20.27;708.7;0.0;45.0;2.9;0.034;29.57;13.5;110.0
3595;2023-05-30 20:00:00;1.1;2.4;9.2;11.8;49.0;29.0;16.67;709.0;0.0;49.0;2.6;0.005;28.12;12.3;120.0
3596;2023-05-30 21:00:00;1.07;2.0;7.0;9.2;47.0;34.0;12.55;709.3;0.0;52.0;2.5;0.001;27.18;11.9;110.0
3597;2023-05-30 22:00:00;1.05;2.1;6.9;9.1;45.0;27.0;10.4;709.7;0.0;53.0;2.4;0.001;26.65;10.7;98.0
3598;2023-05-30 23:00:00;1.05;1.9;5.6;7.8;46.0;25.0;10.6;709.9;0.0;54.0;2.3;0.0;26.11;8.9;105.0
3599;2023-05-31 00:00:00;1.04;2.0;5.5;7.6;43.0;23.0;10.25;709.8;0.0;58.0;2.2;0.0;25.25;9.6;86.0
3600;2023-05-31 01:00:00;1.06;1.9;5.6;7.7;39.0;23.0;10.6;709.3;0.0;61.0;2.4;0.0;24.45;8.7;91.0
3601;2023-05-31 02:00:00;1.02;1.9;2.9;5.0;40.0;26.0;11.55;708.8;0.0;64.0;2.2;0.0;23.87;8.6;109.0
3602;2023-05-31 03:00:00;1.02;;2.8;5.0;38.0;29.0;10.62;708.4;0.0;67.0;2.3;0.001;23.37;6.6;106.0
3603;2023-05-31 04:00:00;1.09;2.0;10.3;12.5;27.0;27.0;10.05;708.5;0.0;73.0;2.3;0.0;22.54;7.3;53.0
3604;2023-05-31 05:00:00;1.13;2.3;15.8;18.4;18.0;41.0;13.6;708.6;0.0;79.0;2.2;0.0;21.46;3.7;46.0
3605;2023-05-31 06:00:00;1.19;2.4;19.5;22.0;12.0;46.0;18.21;708.8;0.0;81.0;2.3;0.002;21.05;2.7;39.0
3606;2023-05-31 07:00:00;1.31;6.2;22.5;29.0;11.0;48.0;20.62;709.2;0.0;82.0;2.3;0.03;21.23;3.4;60.0
3607;2023-05-31 08:00:00;1.44;14.8;25.2;40.2;12.0;57.0;23.79;709.8;0.0;79.0;2.3;0.1;22.06;4.3;33.0
3608;2023-05-31 09:00:00;1.68;15.3;25.2;40.7;17.0;78.0;33.93;710.0;0.0;75.0;2.4;0.297;22.84;7.6;13.0
3609;2023-05-31 10:00:00;1.49;14.0;23.6;37.9;27.0;86.0;41.39;710.0;0.0;71.0;2.3;0.505;23.69;9.0;12.0
3610;2023-05-31 11:00:00;1.47;11.5;26.8;38.5;39.0;86.0;34.26;709.9;0.0;64.0;2.3;0.712;25.21;8.9;21.0
3611;2023-05-31 12:00:00;1.26;5.0;15.1;20.4;59.0;90.0;38.92;709.7;0.0;56.0;2.4;0.878;26.76;11.6;52.0
3612;2023-05-31 13:00:00;1.13;3.4;7.9;11.5;55.0;66.0;30.8;709.3;0.0;49.0;2.5;0.945;28.47;12.9;48.0
3613;2023-05-31 14:00:00;1.11;3.0;6.1;9.3;52.0;46.0;18.75;708.9;0.0;44.0;2.5;0.938;29.83;13.3;87.0
3614;2023-05-31 15:00:00;1.07;2.9;5.3;8.4;49.0;41.0;15.91;708.6;0.0;41.0;2.5;0.849;30.46;14.7;100.0
3615;2023-05-31 16:00:00;1.06;2.9;5.4;8.6;48.0;33.0;13.63;708.2;0.0;40.0;2.4;0.732;30.92;14.0;108.0
3616;2023-05-31 17:00:00;1.08;3.2;6.2;9.7;46.0;34.0;13.48;707.8;0.0;42.0;2.4;0.544;30.64;15.8;111.0
3617;2023-05-31 18:00:00;1.09;2.9;5.9;9.0;44.0;32.0;13.69;707.5;0.0;44.0;2.4;0.219;30.17;15.2;98.0
3618;2023-05-31 19:00:00;1.1;2.8;7.6;10.6;41.0;31.0;13.62;707.3;0.0;45.0;2.3;0.036;29.44;15.5;96.0
3619;2023-05-31 20:00:00;1.1;2.1;7.3;9.6;40.0;32.0;13.72;707.4;0.0;47.0;2.3;0.006;28.59;14.3;88.0
3620;2023-05-31 21:00:00;1.11;2.1;8.0;10.2;37.0;32.0;13.61;707.9;0.0;49.0;2.3;0.0;28.08;10.5;103.0
3621;2023-05-31 22:00:00;1.08;2.3;6.2;8.7;35.0;36.0;14.77;708.3;0.0;55.0;2.3;0.0;26.98;14.3;86.0
3622;2023-05-31 23:00:00;1.07;2.0;4.2;6.4;34.0;33.0;12.56;708.5;0.0;63.0;2.2;0.001;25.81;12.6;85.0
3623;2023-06-01 00:00:00;;;;;;;;;;;;0.0;;;
3624;2023-06-01 01:00:00;1.04;1.9;2.8;4.9;30.0;28.0;8.44;708.1;0.0;74.0;2.2;0.001;23.89;12.5;68.0
3625;2023-06-01 02:00:00;1.07;1.9;2.7;4.8;29.0;25.0;8.25;707.4;0.0;75.0;2.2;0.001;23.61;9.4;59.0
3626;2023-06-01 03:00:00;1.03;;2.4;4.5;28.0;21.0;8.7;707.0;0.0;76.0;2.2;0.001;23.44;8.4;61.0
3627;2023-06-01 04:00:00;1.06;;2.3;4.4;28.0;21.0;9.05;706.8;0.0;77.0;2.1;0.001;23.12;10.3;49.0
3628;2023-06-01 05:00:00;1.04;;2.5;4.6;28.0;26.0;9.51;707.1;0.0;78.0;2.2;0.001;22.61;10.0;50.0
3629;2023-06-01 06:00:00;1.05;2.0;5.2;7.4;25.0;26.0;9.53;707.5;0.0;79.0;2.3;0.002;22.39;8.3;62.0
3630;2023-06-01 07:00:00;1.16;2.9;9.5;12.6;20.0;27.0;10.08;707.8;0.0;80.0;2.3;0.024;22.39;6.8;52.0
3631;2023-06-01 08:00:00;1.25;9.9;15.5;25.6;14.0;30.0;10.28;708.2;0.0;78.0;2.3;0.098;23.01;6.6;25.0
3632;2023-06-01 09:00:00;1.32;15.0;16.4;31.7;15.0;37.0;11.36;708.5;0.0;75.0;2.3;0.245;23.82;8.2;43.0
3633;2023-06-01 10:00:00;1.35;11.8;14.8;26.8;20.0;59.0;18.45;708.7;0.0;71.0;2.3;0.361;24.65;9.2;53.0
3634;2023-06-01 11:00:00;1.25;6.2;9.3;15.8;29.0;41.0;16.44;708.8;0.0;68.0;2.3;0.502;25.47;10.6;51.0
3635;2023-06-01 12:00:00;1.23;4.4;8.0;12.6;37.0;39.0;14.44;708.7;0.0;63.0;2.3;0.587;26.57;11.7;54.0
3636;2023-06-01 13:00:00;1.2;3.8;6.7;10.8;38.0;42.0;14.25;708.6;0.0;60.0;2.2;0.848;27.26;13.3;66.0
3637;2023-06-01 14:00:00;1.18;3.5;6.5;10.3;38.0;39.0;15.59;708.3;0.0;56.0;2.2;0.71;28.18;13.1;58.0
3638;2023-06-01 15:00:00;1.15;3.1;5.7;9.0;37.0;46.0;16.48;708.0;0.0;54.0;2.2;0.687;28.75;12.2;102.0
3639;2023-06-01 16:00:00;1.16;3.1;5.2;8.5;38.0;37.0;15.47;707.8;0.0;53.0;2.3;0.72;28.96;14.0;122.0
3640;2023-06-01 17:00:00;1.16;3.4;6.0;9.7;39.0;31.0;16.93;707.6;0.0;52.0;2.3;0.528;29.13;14.1;123.0
3641;2023-06-01 18:00:00;1.17;3.6;8.1;11.9;40.0;35.0;18.51;707.6;0.0;53.0;2.3;0.242;29.03;13.0;115.0
3642;2023-06-01 19:00:00;1.18;2.5;7.6;10.3;38.0;40.0;20.94;707.9;0.0;55.0;2.3;0.055;28.31;12.7;102.0
3643;2023-06-01 20:00:00;1.16;2.1;7.5;9.8;35.0;42.0;22.11;708.4;0.0;60.0;2.3;0.006;27.26;12.3;105.0
3644;2023-06-01 21:00:00;1.18;2.0;7.5;9.7;30.0;47.0;22.4;708.9;0.0;64.0;2.2;0.001;26.65;10.2;118.0
3645;2023-06-01 22:00:00;1.14;2.0;6.7;9.0;28.0;38.0;22.43;709.3;0.0;65.0;2.2;0.001;26.42;10.5;90.0
3646;2023-06-01 23:00:00;1.11;;5.0;7.1;26.0;37.0;19.63;709.3;0.0;68.0;2.2;0.001;25.77;10.0;75.0
3647;2023-06-02 00:00:00;1.08;1.9;3.8;5.8;26.0;37.0;15.17;709.2;0.0;70.0;2.2;0.001;25.22;9.3;93.0
3648;2023-06-02 01:00:00;1.09;1.9;3.9;5.9;24.0;35.0;15.56;709.0;0.0;75.0;2.3;0.001;24.37;10.8;61.0
3649;2023-06-02 02:00:00;1.06;1.8;3.7;5.7;23.0;33.0;12.18;708.7;0.0;77.0;2.3;0.001;23.97;9.2;42.0
3650;2023-06-02 03:00:00;1.08;1.8;3.4;5.5;22.0;26.0;11.41;708.5;0.0;79.0;2.2;0.001;23.48;9.6;57.0
3651;2023-06-02 04:00:00;1.05;;3.1;5.2;21.0;28.0;11.92;708.4;0.0;81.0;2.3;0.001;23.02;8.2;56.0
3652;2023-06-02 05:00:00;1.06;;2.2;4.2;22.0;31.0;16.36;708.5;0.0;82.0;2.2;0.001;22.69;9.7;58.0
3653;2023-06-02 06:00:00;1.06;2.0;4.0;6.2;20.0;35.0;11.7;708.9;0.0;82.0;2.3;0.001;22.35;9.1;59.0
3654;2023-06-02 07:00:00;1.11;2.8;8.4;11.5;16.0;27.0;11.1;709.2;0.0;83.0;2.3;0.012;22.3;7.5;66.0
3655;2023-06-02 08:00:00;1.31;7.8;13.3;21.3;11.0;22.0;7.9;709.6;0.0;83.0;2.3;0.038;22.42;8.8;63.0
3656;2023-06-02 09:00:00;1.31;8.5;10.6;19.3;14.0;27.0;8.13;709.9;0.0;82.0;2.3;0.155;22.83;9.4;58.0
3657;2023-06-02 10:00:00;1.28;8.3;9.0;17.5;16.0;25.0;6.31;710.1;0.0;78.0;2.4;0.258;23.72;10.3;53.0
3658;2023-06-02 11:00:00;1.29;7.9;8.4;16.5;21.0;31.0;7.08;709.9;0.0;72.0;2.3;0.484;25.31;9.7;57.0
3659;2023-06-02 12:00:00;1.27;6.6;8.4;15.3;25.0;31.0;8.47;709.5;0.0;70.0;2.3;0.517;25.98;11.4;45.0
3660;2023-06-02 13:00:00;1.18;4.3;6.2;10.7;31.0;32.0;11.46;708.8;0.0;59.0;2.3;0.751;28.16;12.6;69.0
3661;2023-06-02 14:00:00;1.21;4.2;7.2;11.6;29.0;28.0;11.71;708.5;0.0;59.0;2.2;0.309;28.34;14.2;60.0
3662;2023-06-02 15:00:00;1.22;3.6;7.1;11.0;28.0;29.0;13.32;708.3;0.0;59.0;2.3;0.195;27.87;14.1;75.0
3663;2023-06-02 16:00:00;1.18;3.6;6.0;9.8;30.0;39.0;17.46;707.9;0.0;58.0;2.2;0.309;28.13;14.6;114.0
3664;2023-06-02 17:00:00;1.17;3.8;6.0;10.0;32.0;34.0;21.32;707.3;0.0;58.0;2.2;0.371;27.96;18.4;119.0
3665;2023-06-02 18:00:00;1.2;4.0;7.0;11.2;30.0;46.0;21.39;706.7;0.0;56.0;2.2;0.194;28.3;16.7;116.0
3666;2023-06-02 19:00:00;1.21;2.9;8.2;11.3;27.0;42.0;19.48;706.6;0.0;57.0;2.2;0.047;27.69;14.7;109.0
3667;2023-06-02 20:00:00;1.21;2.2;9.6;12.0;26.0;36.0;17.69;707.0;0.0;57.0;2.2;0.007;27.4;11.8;110.0
3668;2023-06-02 21:00:00;1.19;2.1;9.0;11.3;27.0;37.0;18.53;706.9;0.0;57.0;2.2;0.0;27.06;9.6;98.0
3669;2023-06-02 22:00:00;1.19;2.4;8.4;11.0;25.0;38.0;19.26;706.9;0.0;60.0;2.3;0.0;26.35;6.3;92.0
3670;2023-06-02 23:00:00;1.29;4.5;17.5;22.3;13.0;36.0;18.52;706.9;0.0;66.0;2.3;0.0;25.68;6.3;29.0
3671;2023-06-03 00:00:00;1.23;2.4;10.2;12.8;19.0;50.0;23.99;707.2;0.0;73.0;2.2;0.001;24.8;8.4;51.0
3672;2023-06-03 01:00:00;1.12;1.9;5.5;7.6;22.0;42.0;21.45;707.4;0.0;79.0;2.2;0.001;23.79;10.2;51.0
3673;2023-06-03 02:00:00;1.13;1.8;4.8;6.9;22.0;38.0;17.08;707.2;0.0;81.0;2.3;0.001;23.18;11.3;70.0
3674;2023-06-03 03:00:00;1.05;1.8;2.9;5.0;24.0;26.0;13.78;707.6;0.0;80.0;2.3;0.001;22.74;10.7;59.0
3675;2023-06-03 04:00:00;1.08;;3.2;5.2;23.0;24.0;8.02;707.9;0.0;79.0;2.3;0.001;22.76;9.0;65.0
3676;2023-06-03 05:00:00;1.06;;2.6;4.6;24.0;24.0;4.84;708.0;0.0;77.0;2.3;0.001;23.03;9.2;63.0
3677;2023-06-03 06:00:00;1.06;;3.2;5.3;23.0;22.0;7.33;708.4;0.0;77.0;2.2;0.001;22.89;7.4;60.0
3678;2023-06-03 07:00:00;1.11;2.1;5.3;7.7;20.0;25.0;11.08;708.7;0.0;78.0;2.2;0.032;22.89;6.7;72.0
3679;2023-06-03 08:00:00;1.1;3.4;5.3;9.0;21.0;29.0;8.73;708.6;0.0;75.0;2.2;0.131;23.45;10.2;75.0
3680;2023-06-03 09:00:00;1.18;4.7;7.3;12.2;20.0;22.0;7.1;708.9;0.0;73.0;2.3;0.237;24.07;8.1;72.0
3681;2023-06-03 10:00:00;1.15;4.0;4.7;8.9;27.0;24.0;9.52;708.7;0.0;64.0;2.3;0.519;26.05;10.5;80.0
3682;2023-06-03 11:00:00;1.22;5.1;8.8;14.2;28.0;30.0;11.07;708.7;0.0;63.0;2.3;0.341;26.34;11.1;54.0
3683;2023-06-03 12:00:00;1.05;4.0;6.4;10.6;26.0;25.0;16.39;708.5;0.0;64.0;2.3;0.25;26.27;13.4;58.0
3684;2023-06-03 13:00:00;0.81;3.8;7.5;11.5;29.0;;;708.3;0.0;63.0;2.2;0.279;26.61;12.5;71.0
3685;2023-06-03 14:00:00;0.82;3.7;6.0;9.9;31.0;48.0;;707.8;0.0;60.0;2.3;0.529;27.87;12.2;86.0
3686;2023-06-03 15:00:00;0.83;3.3;4.4;7.9;34.0;42.0;;707.0;0.0;55.0;2.2;0.871;29.16;15.0;119.0
3687;2023-06-03 16:00:00;0.88;3.0;5.7;9.0;34.0;30.0;;706.4;0.0;55.0;2.2;0.469;29.18;14.3;100.0
3688;2023-06-03 17:00:00;0.9;2.9;5.8;8.9;31.0;30.0;;706.4;0.0;58.0;2.2;0.222;28.31;14.8;86.0
3689;2023-06-03 18:00:00;0.85;2.5;4.1;6.7;31.0;35.0;;706.2;0.0;58.0;2.2;0.183;27.94;14.3;127.0
3690;2023-06-03 19:00:00;0.92;2.9;8.1;11.2;25.0;29.0;;707.0;0.0;62.0;2.3;0.057;27.06;10.5;59.0
3691;2023-06-03 20:00:00;0.96;2.3;9.6;12.1;22.0;31.0;;706.7;0.0;67.0;2.2;0.008;26.25;9.0;94.0
3692;2023-06-03 21:00:00;0.94;2.0;7.0;9.2;23.0;29.0;;707.1;0.0;70.0;2.3;0.001;25.69;10.5;97.0
3693;2023-06-03 22:00:00;0.97;1.9;6.9;9.0;24.0;31.0;;708.5;0.0;71.0;2.2;0.001;25.51;9.9;78.0
3694;2023-06-03 23:00:00;0.94;1.8;4.8;6.8;26.0;31.0;;708.8;0.0;74.0;2.2;0.001;24.91;11.8;80.0
3695;2023-06-04 00:00:00;0.92;1.9;5.1;7.2;27.0;25.0;;708.8;0.0;80.0;2.3;0.001;23.24;13.9;58.0
3696;2023-06-04 01:00:00;0.91;1.9;7.0;9.1;32.0;23.0;;708.8;0.0;81.0;2.2;0.001;21.07;12.3;31.0
3697;2023-06-04 02:00:00;0.95;;;;19.0;21.0;;708.4;0.0;77.0;2.2;0.0;21.43;3.5;268.0
3698;2023-06-04 03:00:00;0.9;1.8;5.7;7.7;30.0;24.0;;707.9;0.0;76.0;2.2;0.001;22.17;7.2;97.0
3699;2023-06-04 04:00:00;0.88;1.8;3.0;5.0;34.0;25.0;;707.9;0.0;76.0;2.2;0.001;21.56;8.4;108.0
3700;2023-06-04 05:00:00;1.02;2.0;17.5;19.6;19.0;23.0;;708.1;0.0;77.0;2.2;0.001;20.71;6.0;61.0
3701;2023-06-04 06:00:00;1.14;2.3;22.9;25.3;16.0;33.0;;708.9;0.0;75.0;2.2;0.001;20.5;8.4;34.0
3702;2023-06-04 07:00:00;0.95;2.0;12.0;14.2;27.0;39.0;;709.9;0.0;78.0;2.2;0.005;19.83;7.0;70.0
3703;2023-06-04 08:00:00;1.01;4.8;20.5;25.5;16.0;33.0;;710.1;0.0;84.0;2.2;0.059;19.25;3.1;157.0
3704;2023-06-04 09:00:00;1.04;12.3;17.3;29.9;22.0;35.0;;710.2;0.0;82.0;2.3;0.365;20.97;6.1;7.0
3705;2023-06-04 10:00:00;1.08;7.1;14.4;21.7;27.0;29.0;;710.1;0.0;76.0;2.4;0.304;22.38;9.0;9.0
3706;2023-06-04 11:00:00;1.08;3.9;9.7;13.9;40.0;37.0;;710.1;0.0;72.0;2.4;0.412;22.91;11.5;12.0
3707;2023-06-04 12:00:00;1.02;3.2;11.1;14.5;47.0;34.0;;709.8;0.0;66.0;2.2;0.266;24.15;10.5;37.0
3708;2023-06-04 13:00:00;0.96;2.4;8.0;10.6;49.0;39.0;;709.3;0.0;61.0;2.3;0.173;25.12;8.4;55.0
3709;2023-06-04 14:00:00;0.97;2.1;5.3;7.6;47.0;32.0;;709.0;0.0;56.0;2.3;0.258;26.47;4.7;93.0
3710;2023-06-04 15:00:00;0.96;2.4;5.1;7.7;46.0;29.0;;708.7;0.0;54.0;2.2;0.466;27.12;6.0;34.0
3711;2023-06-04 16:00:00;0.95;2.3;4.4;6.9;48.0;25.0;;708.4;0.0;50.0;2.3;0.515;28.47;7.0;71.0
3712;2023-06-04 17:00:00;0.97;2.3;4.4;6.9;44.0;31.0;;708.1;0.0;52.0;2.4;0.402;28.1;9.3;85.0
3713;2023-06-04 18:00:00;0.93;2.1;3.5;5.8;42.0;25.0;;707.8;0.0;52.0;2.4;0.205;27.89;10.2;110.0
3714;2023-06-04 19:00:00;0.94;2.0;4.6;6.8;38.0;21.0;;708.0;0.0;55.0;2.3;0.056;27.28;9.2;102.0
3715;2023-06-04 20:00:00;0.95;1.8;5.6;7.6;35.0;21.0;;708.4;0.0;58.0;2.3;0.006;26.34;8.2;109.0
3716;2023-06-04 21:00:00;1.0;1.8;7.3;9.3;31.0;28.0;;708.8;0.0;61.0;2.2;0.001;25.79;6.9;114.0
3717;2023-06-04 22:00:00;1.0;;;;29.0;23.0;;709.2;0.0;62.0;2.2;0.0;25.26;4.9;107.0
3718;2023-06-04 23:00:00;0.98;;;;33.0;23.0;;709.7;0.0;61.0;2.2;0.001;25.4;8.5;95.0
3719;2023-06-05 00:00:00;1.13;1.9;13.5;15.6;23.0;27.0;;710.0;0.0;65.0;2.2;0.0;24.76;10.0;64.0
3720;2023-06-05 01:00:00;0.95;1.8;4.0;6.0;27.0;48.0;;709.9;0.0;77.0;2.2;0.0;22.72;10.0;80.0
3721;2023-06-05 02:00:00;0.97;1.8;5.0;7.0;23.0;25.0;;708.9;0.0;76.0;2.3;0.001;22.59;2.8;225.0
3722;2023-06-05 03:00:00;1.02;1.9;10.1;12.2;19.0;28.0;;708.8;0.0;74.0;2.2;0.001;22.9;4.3;358.0
3723;2023-06-05 04:00:00;1.04;2.2;15.7;18.2;14.0;36.0;;709.1;0.0;78.0;2.3;0.001;22.41;6.3;34.0
3724;2023-06-05 05:00:00;1.01;2.1;16.1;18.4;16.0;55.0;;709.5;0.0;80.0;2.2;0.001;21.68;5.7;28.0
3725;2023-06-05 06:00:00;1.14;1.9;12.6;14.7;21.0;42.0;;709.7;0.0;79.0;2.3;0.002;21.16;2.8;343.0
3726;2023-06-05 07:00:00;1.16;4.9;14.9;20.1;15.0;41.0;;710.0;0.0;79.0;2.3;0.058;21.49;4.3;322.0
3727;2023-06-05 08:00:00;1.15;9.7;14.8;24.8;19.0;47.0;;710.2;0.0;74.0;2.4;0.22;22.98;4.5;343.0
3728;2023-06-05 09:00:00;1.4;10.0;16.6;27.0;25.0;43.0;;710.5;0.0;68.0;2.3;0.4;24.49;5.4;15.0
3729;2023-06-05 10:00:00;1.31;7.7;16.4;24.3;36.0;54.0;;710.5;0.0;60.0;2.4;0.602;26.37;5.7;25.0
3730;2023-06-05 11:00:00;1.21;5.5;15.5;21.2;47.0;58.0;;710.5;0.0;54.0;2.5;0.585;27.23;6.9;352.0
3731;2023-06-05 12:00:00;1.05;5.2;14.6;20.0;52.0;63.0;;710.4;0.0;47.0;2.8;0.795;28.49;9.5;41.0
3732;2023-06-05 13:00:00;0.99;4.9;12.4;17.5;53.0;58.0;;710.2;0.0;43.0;3.1;0.908;29.38;11.5;55.0
3733;2023-06-05 14:00:00;0.93;3.1;7.0;10.3;58.0;42.0;;709.9;0.0;39.0;3.3;0.935;29.98;12.6;56.0
3734;2023-06-05 15:00:00;0.9;2.7;6.6;9.5;63.0;35.0;;709.4;0.0;36.0;3.5;0.859;30.85;11.8;57.0
3735;2023-06-05 16:00:00;0.92;2.4;6.5;9.1;68.0;36.0;;709.0;0.0;36.0;3.7;0.725;31.32;10.3;49.0
3736;2023-06-05 17:00:00;0.9;2.6;7.2;10.0;62.0;46.0;;708.8;0.0;33.0;3.8;0.527;31.81;10.3;61.0
3737;2023-06-05 18:00:00;0.93;2.7;8.0;10.9;53.0;39.0;;708.8;0.0;36.0;3.3;0.236;30.92;13.2;67.0
3738;2023-06-05 19:00:00;0.98;2.4;9.9;12.6;45.0;34.0;;709.2;0.0;40.0;3.1;0.045;29.8;11.7;88.0
3739;2023-06-05 20:00:00;0.96;1.9;7.9;10.0;44.0;36.0;;709.4;0.0;44.0;2.9;0.007;28.82;8.6;115.0
3740;2023-06-05 21:00:00;0.97;1.9;8.4;10.5;38.0;32.0;;710.0;0.0;58.0;2.7;0.0;25.5;16.1;81.0
3741;2023-06-05 22:00:00;0.89;;4.4;6.5;41.0;54.0;;710.6;0.0;60.0;2.6;0.001;24.56;14.3;105.0
3742;2023-06-05 23:00:00;0.86;2.1;4.3;6.6;42.0;36.0;;711.0;0.0;60.0;2.5;0.001;24.01;11.5;103.0
3743;2023-06-06 00:00:00;0.87;1.8;3.9;5.9;43.0;30.0;;710.8;0.0;57.0;2.5;0.001;24.42;7.9;77.0
3744;2023-06-06 01:00:00;0.99;3.9;14.3;18.4;30.0;28.0;;710.8;0.0;59.0;2.5;0.0;24.05;7.4;91.0
3745;2023-06-06 02:00:00;1.33;6.0;34.5;40.7;8.0;38.0;;710.4;0.0;68.0;2.5;0.0;22.62;5.5;44.0
3746;2023-06-06 03:00:00;1.49;4.8;31.8;36.8;8.0;84.0;;710.3;0.0;73.0;2.6;0.001;21.9;2.9;337.0
3747;2023-06-06 04:00:00;1.37;8.9;30.9;40.0;7.0;78.0;;710.0;0.0;74.0;2.6;0.001;21.66;1.8;182.0
3748;2023-06-06 05:00:00;1.25;3.4;23.4;27.0;12.0;71.0;;710.2;0.0;72.0;2.6;0.001;21.89;3.3;298.0
3749;2023-06-06 06:00:00;1.28;2.6;25.3;28.0;8.0;61.0;;710.6;0.0;73.0;2.5;0.002;21.68;2.2;183.0
3750;2023-06-06 07:00:00;1.46;19.3;28.0;47.5;9.0;56.0;;711.0;0.0;70.0;2.6;0.059;22.64;2.9;90.0
3751;2023-06-06 08:00:00;1.44;18.7;30.0;48.9;18.0;71.0;;711.3;0.0;62.0;2.7;0.225;24.55;3.1;29.0
3752;2023-06-06 09:00:00;1.57;22.3;38.1;60.6;24.0;85.0;;711.2;0.0;55.0;3.3;0.428;25.69;5.3;57.0
3753;2023-06-06 10:00:00;1.75;16.5;38.9;55.7;37.0;93.0;;711.0;0.0;52.0;3.6;0.613;26.66;8.1;37.0
3754;2023-06-06 11:00:00;1.39;7.9;23.1;31.2;48.0;118.0;;710.8;0.0;47.0;4.4;0.782;27.86;7.9;68.0
3755;2023-06-06 12:00:00;1.1;7.2;21.2;28.7;54.0;125.0;;710.3;0.0;43.0;5.6;0.886;29.03;8.4;38.0
3756;2023-06-06 13:00:00;1.04;3.3;12.0;15.5;73.0;68.0;;710.1;0.0;40.0;4.9;0.941;29.95;11.4;65.0
3757;2023-06-06 14:00:00;0.95;4.1;11.9;16.3;65.0;46.0;;709.9;0.0;36.0;3.9;0.934;30.71;12.0;47.0
3758;2023-06-06 15:00:00;0.95;2.4;7.1;9.7;77.0;39.0;;709.4;0.0;35.0;3.5;0.868;31.32;12.1;73.0
3759;2023-06-06 16:00:00;0.98;2.4;7.5;10.1;68.0;42.0;;708.9;0.0;37.0;6.3;0.679;31.48;13.2;108.0
3760;2023-06-06 17:00:00;0.99;2.8;7.8;10.9;52.0;49.0;;708.6;0.0;39.0;6.0;0.331;30.63;14.2;84.0
3761;2023-06-06 18:00:00;0.96;2.7;7.3;10.2;50.0;44.0;;708.3;0.0;40.0;3.8;0.177;30.31;12.5;110.0
3762;2023-06-06 19:00:00;0.99;2.3;7.9;10.3;46.0;33.0;;708.5;0.0;43.0;3.0;0.038;29.56;12.1;109.0
3763;2023-06-06 20:00:00;0.97;2.0;8.6;10.8;42.0;33.0;;708.9;0.0;45.0;2.7;0.006;28.6;11.1;114.0
3764;2023-06-06 21:00:00;0.97;2.0;8.6;10.8;40.0;28.0;;709.1;0.0;48.0;2.7;0.001;27.9;9.9;103.0
3765;2023-06-06 22:00:00;0.98;1.8;8.6;10.6;39.0;26.0;;709.4;0.0;50.0;2.5;0.001;27.44;8.6;108.0
3766;2023-06-06 23:00:00;0.95;1.8;6.3;8.4;41.0;28.0;;709.4;0.0;50.0;2.5;0.001;27.08;8.6;93.0
3767;2023-06-07 00:00:00;0.92;1.8;4.5;6.5;42.0;29.0;;709.5;0.0;52.0;2.4;0.0;26.57;7.9;110.0
3768;2023-06-07 01:00:00;0.92;1.8;3.4;5.4;41.0;27.0;;709.7;0.0;57.0;2.4;0.001;26.0;8.4;90.0
3769;2023-06-07 02:00:00;1.1;2.0;10.6;12.8;26.0;28.0;;709.9;0.0;65.0;2.4;0.0;25.13;5.5;27.0
3770;2023-06-07 03:00:00;1.11;2.1;14.6;16.8;20.0;58.0;;709.2;0.0;68.0;2.4;0.001;24.63;8.7;64.0
3771;2023-06-07 04:00:00;0.96;1.8;15.3;17.3;22.0;47.0;;709.1;0.0;70.0;2.3;0.0;23.18;5.1;112.0
3772;2023-06-07 05:00:00;1.02;4.4;24.3;28.8;12.0;27.0;;709.2;0.0;72.0;2.3;0.0;23.05;6.0;30.0
3773;2023-06-07 06:00:00;1.02;4.5;24.1;28.8;9.0;46.0;;709.4;0.0;74.0;2.4;0.002;22.46;2.5;134.0
3774;2023-06-07 07:00:00;1.15;11.4;24.7;36.3;10.0;43.0;;709.6;0.0;73.0;2.5;0.058;23.12;2.6;43.0
3775;2023-06-07 08:00:00;1.32;17.1;24.4;41.7;16.0;49.0;;709.7;0.0;68.0;2.5;0.223;24.64;4.0;33.0
3776;2023-06-07 09:00:00;1.57;32.1;33.8;66.2;18.0;68.0;;710.0;0.0;65.0;2.8;0.411;25.73;7.8;47.0
3777;2023-06-07 10:00:00;1.47;22.6;35.6;58.3;25.0;101.0;;710.0;0.0;62.0;3.1;0.593;26.59;8.9;52.0
3778;2023-06-07 11:00:00;1.31;22.4;35.9;58.5;28.0;94.0;;709.8;0.0;59.0;3.7;0.755;27.75;9.6;46.0
3779;2023-06-07 12:00:00;1.14;8.4;20.1;28.7;49.0;97.0;;709.6;0.0;53.0;4.3;0.869;28.77;11.9;64.0
3780;2023-06-07 13:00:00;1.15;3.3;15.0;18.4;69.0;65.0;39.7;709.4;0.0;48.0;14.4;0.891;29.72;13.1;57.0
3781;2023-06-07 14:00:00;1.08;3.1;8.5;11.8;59.0;72.0;30.97;708.8;0.0;44.0;5.9;0.864;30.6;13.7;52.0
3782;2023-06-07 15:00:00;1.03;2.9;6.2;9.3;56.0;46.0;24.11;708.2;0.0;38.0;3.8;0.848;31.77;13.2;72.0
3783;2023-06-07 16:00:00;1.03;2.8;6.1;9.1;50.0;39.0;19.43;708.1;0.0;39.0;3.2;0.513;31.73;15.0;82.0
3784;2023-06-07 17:00:00;1.04;2.8;5.9;8.9;44.0;38.0;18.11;707.7;0.0;42.0;2.8;0.383;31.53;13.2;111.0
3785;2023-06-07 18:00:00;1.08;3.2;7.4;10.8;43.0;32.0;16.97;707.5;0.0;43.0;2.8;0.23;31.16;14.1;130.0
3786;2023-06-07 19:00:00;1.07;2.7;7.9;10.9;45.0;43.0;16.12;707.4;0.0;41.0;2.7;0.038;30.77;12.1;115.0
3787;2023-06-07 20:00:00;1.08;2.1;8.8;11.2;40.0;38.0;15.58;708.0;0.0;43.0;2.6;0.008;29.7;10.4;112.0
3788;2023-06-07 21:00:00;1.08;2.1;8.3;10.6;36.0;35.0;15.84;708.3;0.0;48.0;2.5;0.001;28.82;12.3;77.0
3789;2023-06-07 22:00:00;1.08;1.9;8.2;10.3;35.0;32.0;17.16;708.3;0.0;50.0;2.6;0.001;28.26;9.3;73.0
3790;2023-06-07 23:00:00;1.05;1.9;6.7;8.8;36.0;39.0;17.05;708.1;0.0;51.0;2.6;0.001;27.79;7.3;97.0
3791;2023-06-08 00:00:00;1.14;2.4;14.7;17.2;22.0;32.0;;708.1;0.0;58.0;2.5;0.0;26.64;9.0;42.0
3792;2023-06-08 01:00:00;1.17;2.4;14.5;17.1;17.0;51.0;20.56;707.9;0.0;65.0;2.5;0.0;25.24;6.5;25.0
3793;2023-06-08 02:00:00;1.18;2.0;15.4;17.6;15.0;51.0;24.16;708.0;0.0;70.0;2.4;0.001;24.59;5.9;7.0
3794;2023-06-08 03:00:00;1.12;2.5;12.6;15.3;15.0;50.0;25.91;708.1;0.0;73.0;2.4;0.001;23.95;8.3;62.0
3795;2023-06-08 04:00:00;1.1;2.2;10.6;13.0;15.0;51.0;24.62;708.6;0.0;76.0;2.4;0.001;23.36;8.1;61.0
3796;2023-06-08 05:00:00;1.06;4.0;12.6;16.8;14.0;57.0;28.16;709.7;0.0;76.0;2.4;0.001;23.32;7.8;37.0
3797;2023-06-08 06:00:00;1.05;3.4;14.0;17.6;13.0;50.0;31.6;710.0;0.0;76.0;2.5;0.002;23.39;4.6;62.0
3798;2023-06-08 07:00:00;;;;;;;28.77;;;;;0.0;;;
3799;2023-06-08 08:00:00;;;;;;;;;;;;0.0;;;
3800;2023-06-08 09:00:00;1.22;9.6;18.1;27.8;19.0;52.0;22.78;711.2;0.0;70.0;2.5;0.128;22.83;8.3;15.0
3801;2023-06-08 10:00:00;1.26;20.4;22.0;42.6;15.0;54.0;14.7;710.8;0.0;72.0;2.6;0.212;23.42;9.7;36.0
3802;2023-06-08 11:00:00;1.21;14.7;19.3;34.3;24.0;68.0;22.21;710.6;0.0;67.0;2.5;0.57;25.11;8.9;10.0
3803;2023-06-08 12:00:00;1.21;5.8;17.0;23.1;45.0;63.0;24.75;710.1;0.0;58.0;2.4;0.508;27.06;7.3;334.0
3804;2023-06-08 13:00:00;1.24;3.2;12.5;15.9;70.0;58.0;28.3;709.5;0.0;51.0;2.5;0.822;29.07;6.3;11.0
3805;2023-06-08 14:00:00;1.22;2.5;10.8;13.5;89.0;67.0;29.69;708.9;0.0;47.0;2.4;0.913;30.37;6.6;15.0
3806;2023-06-08 15:00:00;1.2;2.6;12.3;15.1;89.0;54.0;31.9;708.3;0.0;42.0;2.3;0.806;31.79;7.8;360.0
3807;2023-06-08 16:00:00;1.16;2.4;9.4;12.1;77.0;56.0;33.85;707.8;0.0;41.0;2.3;0.691;32.64;8.0;68.0
3808;2023-06-08 17:00:00;1.15;2.8;8.9;11.9;59.0;49.0;31.09;707.5;0.0;43.0;2.3;0.509;32.4;11.4;58.0
3809;2023-06-08 18:00:00;1.17;2.9;8.7;11.8;48.0;50.0;25.89;707.7;0.0;45.0;2.3;0.228;31.86;12.9;65.0
3810;2023-06-08 19:00:00;1.19;2.4;9.8;12.4;42.0;46.0;24.18;708.0;0.0;48.0;2.3;0.058;30.76;12.0;85.0
3811;2023-06-08 20:00:00;1.16;2.0;8.1;10.3;39.0;47.0;25.29;708.2;0.0;50.0;2.3;0.007;29.76;10.9;121.0
3812;2023-06-08 21:00:00;1.09;1.9;6.3;8.5;36.0;50.0;27.6;708.7;0.0;50.0;2.3;0.001;29.04;10.2;128.0
3813;2023-06-08 22:00:00;1.06;2.1;6.7;9.0;35.0;43.0;27.68;709.1;0.0;50.0;2.3;0.001;28.63;10.7;98.0
3814;2023-06-08 23:00:00;1.05;1.9;4.9;7.0;35.0;39.0;26.8;709.4;0.0;51.0;;0.001;28.26;8.7;91.0
3815;2023-06-09 00:00:00;1.03;1.9;5.0;7.1;34.0;42.0;27.08;709.2;0.0;51.0;;0.001;28.07;4.7;90.0
3816;2023-06-09 01:00:00;1.04;1.8;5.9;7.9;31.0;38.0;25.53;709.2;0.0;50.0;;0.001;27.69;4.3;60.0
3817;2023-06-09 02:00:00;1.18;2.5;18.3;21.0;16.0;37.0;23.91;709.2;0.0;56.0;2.4;0.001;26.8;4.8;30.0
3818;2023-06-09 03:00:00;1.2;2.8;20.3;23.4;13.0;57.0;26.03;709.2;0.0;64.0;2.3;0.0;25.69;5.0;23.0
3819;2023-06-09 04:00:00;1.12;2.3;17.7;20.2;14.0;59.0;33.48;709.1;0.0;67.0;2.3;0.001;25.09;5.2;33.0
3820;2023-06-09 05:00:00;1.18;2.9;20.5;23.5;9.0;55.0;33.64;709.1;0.0;71.0;2.3;0.001;24.34;3.0;19.0
3821;2023-06-09 06:00:00;1.26;9.5;23.2;32.9;7.0;67.0;35.27;709.3;0.0;72.0;2.3;0.002;24.22;3.4;8.0
3822;2023-06-09 07:00:00;1.7;18.1;22.5;40.8;9.0;72.0;36.17;709.6;0.0;72.0;2.5;0.061;24.61;2.6;359.0
3823;2023-06-09 08:00:00;1.58;19.6;25.2;45.0;14.0;79.0;32.71;709.7;0.0;64.0;2.4;0.226;26.53;3.5;228.0
3824;2023-06-09 09:00:00;1.67;15.4;28.8;44.4;26.0;82.0;34.69;709.8;0.0;56.0;2.4;0.428;28.2;4.8;4.0
3825;2023-06-09 10:00:00;2.25;17.4;46.3;63.9;35.0;78.0;37.27;709.8;0.0;51.0;2.4;0.591;29.77;6.0;48.0
3826;2023-06-09 11:00:00;1.92;12.3;44.6;57.1;55.0;118.0;41.73;709.6;0.0;46.0;2.5;0.755;30.99;7.6;55.0
3827;2023-06-09 12:00:00;1.49;4.0;24.9;29.0;95.0;119.0;49.15;709.4;0.0;42.0;2.4;0.883;32.03;11.1;62.0
3828;2023-06-09 13:00:00;1.26;2.8;13.1;16.0;91.0;85.0;41.35;709.2;0.0;38.0;2.3;0.94;32.95;13.8;52.0
3829;2023-06-09 14:00:00;1.16;2.7;9.9;12.9;76.0;75.0;34.0;708.8;0.0;34.0;2.4;0.945;34.42;13.4;51.0
3830;2023-06-09 15:00:00;1.07;2.8;7.2;10.3;56.0;57.0;27.65;708.4;0.0;30.0;2.5;0.862;35.2;14.3;63.0
3831;2023-06-09 16:00:00;0.98;2.7;6.5;9.4;55.0;46.0;23.22;708.0;0.0;22.0;2.7;0.739;36.13;13.2;88.0
3832;2023-06-09 17:00:00;0.89;3.2;8.0;11.5;55.0;39.0;19.42;707.7;0.0;16.0;2.7;0.572;36.55;12.9;125.0
3833;2023-06-09 18:00:00;0.93;2.5;7.4;10.1;55.0;40.0;15.6;707.5;0.0;20.0;2.6;0.253;36.03;13.2;113.0
3834;2023-06-09 19:00:00;1.0;2.3;9.7;12.2;51.0;36.0;14.36;707.5;0.0;23.0;2.5;0.036;35.14;12.2;100.0
3835;2023-06-09 20:00:00;1.04;2.0;10.5;12.7;43.0;35.0;16.93;707.8;0.0;30.0;2.4;0.007;33.42;10.7;111.0
3836;2023-06-09 21:00:00;1.09;1.9;9.6;11.7;39.0;38.0;17.65;707.8;0.0;37.0;2.4;0.001;32.28;9.1;104.0
3837;2023-06-09 22:00:00;1.1;1.9;9.6;11.7;37.0;45.0;21.5;707.9;0.0;40.0;2.3;0.001;31.57;11.1;93.0
3838;2023-06-09 23:00:00;1.12;2.4;11.4;14.0;27.0;46.0;24.27;708.2;0.0;48.0;2.3;0.0;30.0;9.0;59.0
3839;2023-06-10 00:00:00;1.11;1.9;8.4;10.5;31.0;46.0;25.01;708.1;0.0;50.0;2.3;0.001;29.33;9.2;89.0
3840;2023-06-10 01:00:00;1.05;1.9;4.6;6.7;35.0;47.0;25.0;707.7;0.0;54.0;2.3;0.001;28.49;9.6;91.0
3841;2023-06-10 02:00:00;1.11;2.3;8.7;11.2;24.0;47.0;26.14;707.4;0.0;64.0;2.2;0.0;27.34;8.3;26.0
3842;2023-06-10 03:00:00;1.11;3.5;14.9;18.6;13.0;47.0;28.47;707.1;0.0;72.0;2.3;0.0;25.98;8.6;16.0
3843;2023-06-10 04:00:00;1.15;2.8;15.8;18.8;11.0;52.0;30.88;707.5;0.0;74.0;2.3;0.0;25.18;7.5;14.0
3844;2023-06-10 05:00:00;1.18;2.1;15.4;17.6;12.0;55.0;27.42;707.9;0.0;76.0;2.2;0.001;24.77;5.6;31.0
3845;2023-06-10 06:00:00;1.21;3.8;18.8;22.7;9.0;49.0;26.97;707.9;0.0;76.0;2.3;0.002;24.56;5.4;54.0
3846;2023-06-10 07:00:00;1.24;7.8;18.7;26.8;10.0;57.0;28.92;708.0;0.0;76.0;2.3;0.051;24.5;6.5;64.0
3847;2023-06-10 08:00:00;1.35;14.3;19.7;34.2;11.0;59.0;28.63;708.3;0.0;76.0;2.3;0.093;24.54;7.9;48.0
3848;2023-06-10 09:00:00;1.3;9.2;18.5;28.0;15.0;78.0;30.83;708.7;0.0;75.0;2.3;0.135;24.92;7.3;46.0
3849;2023-06-10 10:00:00;1.28;11.4;16.0;27.7;23.0;74.0;40.04;708.9;0.0;69.0;2.3;0.57;26.3;9.3;53.0
3850;2023-06-10 11:00:00;1.29;8.1;19.4;27.8;36.0;70.0;37.81;709.0;0.0;64.0;2.3;0.569;27.19;10.7;48.0
3851;2023-06-10 12:00:00;1.23;4.5;14.0;18.7;47.0;74.0;39.53;708.8;0.0;59.0;2.3;0.63;28.39;9.0;46.0
3852;2023-06-10 13:00:00;1.15;3.8;9.0;13.1;49.0;67.0;37.79;708.5;0.0;53.0;2.3;0.917;30.14;10.8;43.0
3853;2023-06-10 14:00:00;1.15;2.9;7.3;10.5;53.0;60.0;32.1;708.2;0.0;49.0;2.2;0.816;31.36;11.5;50.0
3854;2023-06-10 15:00:00;1.11;2.4;5.1;7.8;48.0;55.0;30.66;707.6;0.0;44.0;2.2;0.653;32.25;11.8;85.0
3855;2023-06-10 16:00:00;1.07;2.7;4.8;7.8;43.0;50.0;28.1;707.3;0.0;43.0;2.2;0.738;32.71;14.6;124.0
3856;2023-06-10 17:00:00;1.08;2.5;4.6;7.3;42.0;50.0;26.21;707.0;0.0;41.0;2.2;0.534;31.72;14.7;120.0
3857;2023-06-10 18:00:00;1.04;2.2;3.4;5.8;41.0;40.0;25.1;706.7;0.0;41.0;2.2;0.266;31.76;13.9;130.0
3858;2023-06-10 19:00:00;1.05;2.0;4.0;6.2;39.0;37.0;20.86;706.8;0.0;42.0;2.3;0.051;31.6;12.2;123.0
3859;2023-06-10 20:00:00;1.08;1.9;5.5;7.5;36.0;45.0;24.77;707.4;0.0;46.0;2.3;0.007;30.59;9.3;98.0
3860;2023-06-10 21:00:00;1.14;1.9;7.6;9.7;33.0;43.0;26.4;707.6;0.0;47.0;2.2;0.001;30.14;6.8;98.0
3861;2023-06-10 22:00:00;1.13;;6.8;8.9;33.0;47.0;27.82;707.7;0.0;50.0;2.2;0.001;29.61;7.3;108.0
3862;2023-06-10 23:00:00;1.19;;10.3;12.4;27.0;46.0;31.15;707.7;0.0;53.0;2.3;0.001;29.19;4.9;89.0
3863;2023-06-11 00:00:00;1.26;;;;21.0;44.0;32.44;707.7;0.0;54.0;2.3;0.001;28.76;4.9;59.0
3864;2023-06-11 01:00:00;1.27;2.7;15.8;18.6;18.0;51.0;32.55;707.5;0.0;57.0;2.3;0.001;27.99;4.2;88.0
3865;2023-06-11 02:00:00;1.28;3.7;15.6;19.5;16.0;52.0;31.5;707.3;0.0;65.0;2.3;0.0;27.09;6.4;30.0
3866;2023-06-11 03:00:00;1.16;2.5;15.6;18.3;15.0;70.0;38.92;707.4;0.0;69.0;2.2;0.0;26.26;6.5;348.0
3867;2023-06-11 04:00:00;1.19;2.3;12.1;14.6;16.0;61.0;38.93;707.6;0.0;71.0;2.2;0.001;25.69;6.1;1.0
3868;2023-06-11 05:00:00;1.13;1.9;5.8;7.9;19.0;58.0;38.83;708.0;0.0;76.0;2.2;0.0;24.63;6.4;18.0
3869;2023-06-11 06:00:00;1.15;2.4;11.8;14.4;13.0;51.0;;708.4;0.0;78.0;2.1;0.002;24.25;5.9;5.0
3870;2023-06-11 07:00:00;1.2;8.4;15.4;24.0;10.0;61.0;33.97;708.6;0.0;79.0;2.3;0.057;23.97;5.3;357.0
3871;2023-06-11 08:00:00;1.28;18.8;16.5;35.7;12.0;75.0;39.1;709.0;0.0;76.0;2.3;0.176;24.64;6.1;32.0
3872;2023-06-11 09:00:00;1.5;5.0;9.2;14.4;27.0;89.0;39.91;709.2;0.0;71.0;2.2;0.354;25.97;5.9;7.0
3873;2023-06-11 10:00:00;1.4;8.8;15.7;24.7;30.0;61.0;39.33;709.3;0.0;66.0;2.3;0.551;27.25;8.7;43.0
3874;2023-06-11 11:00:00;1.25;7.7;14.4;22.3;33.0;74.0;40.48;709.3;0.0;63.0;2.2;0.733;28.0;10.2;59.0
3875;2023-06-11 12:00:00;1.17;6.0;13.2;19.5;42.0;67.0;39.43;709.2;0.0;57.0;2.2;0.803;29.46;7.7;47.0
3876;2023-06-11 13:00:00;1.12;2.5;6.0;8.8;57.0;62.0;36.18;708.6;0.0;53.0;2.2;0.907;30.75;8.7;52.0
3877;2023-06-11 14:00:00;1.14;2.7;6.2;9.1;54.0;48.0;32.66;708.2;0.0;52.0;2.2;0.904;31.52;11.2;42.0
3878;2023-06-11 15:00:00;1.13;2.9;6.3;9.4;50.0;51.0;31.87;707.8;0.0;50.0;2.2;0.835;32.33;12.7;45.0
3879;2023-06-11 16:00:00;1.11;2.6;5.3;8.1;49.0;48.0;31.72;707.4;0.0;48.0;2.3;0.703;33.01;13.8;52.0
3880;2023-06-11 17:00:00;1.13;2.6;4.9;7.7;46.0;45.0;29.93;707.3;0.0;48.0;2.1;0.519;33.4;14.4;52.0
3881;2023-06-11 18:00:00;1.11;2.2;4.2;6.6;44.0;55.0;29.41;707.2;0.0;49.0;2.2;0.242;33.43;14.2;90.0
3882;2023-06-11 19:00:00;1.11;1.9;3.6;5.7;42.0;46.0;29.21;707.3;0.0;52.0;2.2;0.046;32.16;14.2;118.0
3883;2023-06-11 20:00:00;1.11;1.9;4.3;6.4;38.0;46.0;27.94;707.6;0.0;54.0;2.1;0.008;31.1;11.3;127.0
3884;2023-06-11 21:00:00;1.16;1.8;5.4;7.4;33.0;40.0;27.01;708.0;0.0;57.0;2.2;0.001;30.56;12.1;114.0
3885;2023-06-11 22:00:00;1.14;4.6;5.1;9.9;32.0;52.0;26.93;708.4;0.0;56.0;2.2;0.001;30.42;8.9;107.0
3886;2023-06-11 23:00:00;1.16;2.0;6.9;9.1;28.0;46.0;26.86;708.5;0.0;53.0;2.2;0.001;30.64;5.4;81.0
3887;2023-06-12 00:00:00;1.14;1.8;5.3;7.4;28.0;43.0;27.11;708.4;0.0;56.0;2.2;0.001;29.92;7.4;84.0
3888;2023-06-12 01:00:00;1.15;5.7;13.1;19.1;16.0;40.0;27.51;708.0;0.0;66.0;2.2;0.0;27.95;8.0;27.0
3889;2023-06-12 02:00:00;1.15;5.7;17.5;23.5;10.0;58.0;31.43;707.7;0.0;70.0;2.2;0.0;27.06;6.7;356.0
3890;2023-06-12 03:00:00;1.2;2.6;14.4;17.3;11.0;55.0;33.28;707.6;0.0;75.0;2.2;0.001;26.18;6.4;338.0
3891;2023-06-12 04:00:00;1.18;3.7;16.3;20.3;9.0;62.0;29.32;707.7;0.0;77.0;2.2;0.001;25.72;4.6;28.0
3892;2023-06-12 05:00:00;1.17;3.3;13.2;16.7;9.0;63.0;30.98;708.0;0.0;80.0;;0.001;25.16;5.2;68.0
3893;2023-06-12 06:00:00;1.3;2.6;12.8;15.6;9.0;62.0;30.32;708.4;0.0;81.0;2.3;0.001;25.06;3.6;87.0
3894;2023-06-12 07:00:00;1.55;5.5;13.9;19.6;10.0;70.0;32.89;708.9;0.0;79.0;2.2;0.022;25.4;4.9;13.0
3895;2023-06-12 08:00:00;1.58;7.8;12.5;20.5;14.0;78.0;40.38;709.1;0.0;75.0;2.2;0.125;26.11;5.5;34.0
3896;2023-06-12 09:00:00;1.51;15.0;16.6;31.9;14.0;72.0;40.59;709.2;0.0;71.0;2.4;0.214;26.8;7.3;40.0
3897;2023-06-12 10:00:00;1.55;18.1;19.7;38.0;19.0;83.0;39.83;709.1;0.0;68.0;2.4;0.513;27.55;8.2;52.0
3898;2023-06-12 11:00:00;1.63;9.9;22.7;32.8;38.0;88.0;43.35;708.9;0.0;60.0;2.3;0.747;29.44;6.8;18.0
3899;2023-06-12 12:00:00;1.71;6.8;27.3;34.3;62.0;101.0;47.01;708.6;0.0;53.0;2.3;0.861;31.01;8.0;32.0
3900;2023-06-12 13:00:00;1.62;4.3;26.8;31.3;92.0;108.0;;708.2;0.0;43.0;2.2;0.92;32.95;8.5;33.0
3901;2023-06-12 14:00:00;1.55;2.4;17.1;19.6;123.0;115.0;51.02;707.8;0.0;45.0;2.3;0.891;33.92;11.7;55.0
3902;2023-06-12 15:00:00;1.28;2.6;8.9;11.7;72.0;140.27;53.04;707.4;0.0;46.0;2.2;0.825;34.32;14.6;50.0
3903;2023-06-12 16:00:00;1.19;2.3;6.3;8.8;62.0;111.39;41.89;707.0;0.0;40.0;2.3;0.714;35.57;15.2;104.0
3904;2023-06-12 17:00:00;1.13;2.3;5.2;7.7;51.0;102.02;29.57;706.8;0.0;38.0;2.2;0.552;35.88;15.3;111.0
3905;2023-06-12 18:00:00;1.14;;5.4;7.9;46.0;84.37;23.87;706.7;0.0;37.0;2.2;0.251;35.81;13.5;105.0
3906;2023-06-12 19:00:00;1.14;2.1;6.2;8.5;42.0;73.92;24.89;706.9;0.0;39.0;2.2;0.046;34.7;15.8;90.0
3907;2023-06-12 20:00:00;1.14;2.0;6.4;8.6;36.0;64.88;26.09;707.3;0.0;44.0;2.2;0.008;33.39;14.1;112.0
3908;2023-06-12 21:00:00;1.11;1.8;5.1;7.1;32.0;77.41;25.03;707.5;0.0;48.0;2.2;0.0;32.45;10.3;116.0
3909;2023-06-12 22:00:00;1.15;3.6;6.5;10.3;30.0;86.29;25.08;707.8;0.0;46.0;2.1;0.001;31.92;8.0;116.0
3910;2023-06-12 23:00:00;1.15;2.0;8.2;10.4;29.0;76.46;24.56;708.0;0.0;44.0;2.2;0.001;31.85;6.1;74.0
3911;2023-06-13 00:00:00;1.22;2.4;14.0;16.6;18.0;74.63;24.85;708.1;0.0;57.0;2.2;0.0;29.89;7.8;32.0
3912;2023-06-13 01:00:00;1.18;10.6;17.1;27.8;12.0;85.55;29.63;707.9;0.0;62.0;2.2;0.0;28.74;6.9;13.0
3913;2023-06-13 02:00:00;1.24;7.0;20.0;27.2;8.0;94.4;32.86;707.7;0.0;69.0;2.3;0.0;27.56;6.4;20.0
3914;2023-06-13 03:00:00;1.17;5.0;10.2;15.4;14.0;120.08;38.99;707.5;0.0;74.0;2.2;0.0;26.56;5.5;51.0
3915;2023-06-13 04:00:00;1.12;2.7;8.8;11.7;14.0;133.74;38.21;707.3;0.0;78.0;2.3;0.001;25.72;6.1;46.0
3916;2023-06-13 05:00:00;1.28;10.3;16.3;26.8;7.0;85.97;34.16;707.5;0.0;80.0;2.3;0.001;25.47;5.0;32.0
3917;2023-06-13 06:00:00;1.34;2.5;13.3;16.0;9.0;101.81;38.85;707.8;0.0;79.0;2.2;0.002;25.57;3.5;35.0
3918;2023-06-13 07:00:00;1.46;4.4;12.1;16.7;12.0;110.52;44.17;708.2;0.0;76.0;2.3;0.029;25.92;4.7;322.0
3919;2023-06-13 08:00:00;1.37;9.1;12.4;21.7;15.0;107.3;44.18;708.4;0.0;71.0;2.2;0.202;26.89;5.9;317.0
3920;2023-06-13 09:00:00;1.44;10.2;16.6;27.1;23.0;119.98;43.62;708.5;0.0;65.0;2.4;0.417;28.34;6.4;25.0
3921;2023-06-13 10:00:00;1.56;10.6;28.2;39.0;37.0;121.6;45.37;708.4;0.0;56.0;2.2;0.61;30.43;5.7;19.0
3922;2023-06-13 11:00:00;1.75;13.1;45.3;58.6;48.0;147.44;48.4;708.1;0.0;45.0;2.3;0.767;33.04;6.9;49.0
3923;2023-06-13 12:00:00;1.75;5.6;36.8;42.6;94.0;154.26;53.33;708.0;0.0;44.0;2.2;0.862;33.82;10.0;61.0
3924;2023-06-13 13:00:00;1.57;2.9;23.4;26.5;127.0;177.53;60.02;707.5;0.0;41.0;2.2;0.914;34.88;9.0;58.0
3925;2023-06-13 14:00:00;1.48;2.3;15.9;18.3;133.0;148.73;56.21;707.0;0.0;37.0;2.1;0.915;36.47;10.8;57.0
3926;2023-06-13 15:00:00;1.31;2.4;10.7;13.3;86.0;141.85;52.07;706.4;0.0;27.0;2.1;0.856;38.28;14.4;67.0
3927;2023-06-13 16:00:00;1.16;2.5;9.3;12.1;54.0;126.54;49.64;705.9;0.0;18.0;2.1;0.731;39.74;17.0;106.0
3928;2023-06-13 17:00:00;1.18;2.7;13.6;16.6;51.0;86.3;26.97;705.4;0.0;19.0;2.2;0.553;39.89;17.3;114.0
3929;2023-06-13 18:00:00;1.19;2.6;19.7;22.6;44.0;91.64;18.01;705.4;0.0;16.0;2.1;0.174;39.21;13.7;100.0
3930;2023-06-13 19:00:00;1.19;2.3;22.5;24.9;41.0;83.68;18.16;705.9;0.0;19.0;2.2;0.026;37.69;10.0;77.0
3931;2023-06-13 20:00:00;1.18;2.2;13.8;16.2;38.0;73.24;16.14;705.7;0.0;20.0;2.2;0.017;36.75;14.1;108.0
3932;2023-06-13 21:00:00;1.04;2.0;7.0;9.2;44.0;77.68;16.99;705.7;0.0;21.0;2.2;0.0;35.68;13.2;122.0
3933;2023-06-13 22:00:00;1.01;1.9;6.7;8.8;43.0;73.99;15.56;706.0;0.0;24.0;2.3;0.0;34.73;9.9;79.0
3934;2023-06-13 23:00:00;1.0;2.0;11.6;13.8;39.0;69.17;15.89;706.3;0.0;28.0;2.3;0.0;33.56;9.7;45.0
3935;2023-06-14 00:00:00;1.16;2.1;20.9;23.2;24.0;66.26;17.65;706.6;0.0;39.0;2.3;0.0;31.75;6.9;338.0
3936;2023-06-14 01:00:00;1.2;3.7;26.4;30.2;15.0;81.65;24.61;706.6;0.0;49.0;2.3;0.0;29.76;7.1;34.0
3937;2023-06-14 02:00:00;1.22;7.3;24.3;31.8;10.0;111.12;35.25;706.2;0.0;58.0;2.2;0.0;28.01;5.7;44.0
3938;2023-06-14 03:00:00;1.22;29.0;23.1;52.3;8.0;124.72;39.73;705.8;0.0;68.0;2.3;0.0;26.75;6.1;27.0
3939;2023-06-14 04:00:00;1.21;8.3;21.6;30.2;8.0;;;705.7;0.0;72.0;2.2;0.001;25.91;3.4;61.0
3940;2023-06-14 05:00:00;1.29;7.4;22.5;30.1;7.0;121.5;41.32;705.8;0.0;74.0;2.2;0.001;25.52;1.8;238.0
3941;2023-06-14 06:00:00;1.39;7.8;19.5;27.5;8.0;106.63;41.12;705.9;0.0;73.0;2.2;0.002;25.75;2.9;322.0
3942;2023-06-14 07:00:00;1.5;19.9;21.0;41.1;8.0;105.18;40.38;706.1;0.0;75.0;2.4;0.032;25.92;3.5;24.0
3943;2023-06-14 08:00:00;1.71;17.8;24.5;42.4;12.0;102.69;43.21;706.3;0.0;71.0;2.3;0.157;27.28;3.0;322.0
3944;2023-06-14 09:00:00;1.88;16.6;31.7;48.5;19.0;;;706.4;0.0;62.0;2.3;0.279;28.82;4.1;8.0
3945;2023-06-14 10:00:00;1.94;15.2;44.7;60.2;33.0;148.27;45.85;706.4;0.0;46.0;2.3;0.495;31.65;5.2;12.0
3946;2023-06-14 11:00:00;2.31;10.6;58.3;69.1;66.0;199.0;51.0;706.4;0.0;37.0;2.3;0.716;34.25;6.1;20.0
3947;2023-06-14 12:00:00;2.23;11.5;69.7;81.5;80.0;224.66;62.53;706.2;0.0;29.0;2.3;0.87;36.42;8.3;60.0
3948;2023-06-14 13:00:00;1.7;3.7;41.4;45.3;151.0;;;705.8;0.0;26.0;2.9;0.91;37.93;9.8;75.0
3949;2023-06-14 14:00:00;1.61;2.3;21.4;23.9;164.0;194.4;64.29;705.3;0.0;26.0;2.5;0.864;38.49;13.3;66.0
3950;2023-06-14 15:00:00;1.29;2.5;14.3;17.0;112.0;165.45;55.44;704.8;0.0;20.0;2.9;0.814;39.68;16.2;60.0
3951;2023-06-14 16:00:00;1.27;2.4;13.4;16.0;118.0;124.94;35.86;704.6;0.0;22.0;2.8;0.688;39.59;15.9;56.0
3952;2023-06-14 17:00:00;1.29;2.5;15.2;17.9;113.0;106.87;36.51;704.5;0.0;22.0;2.9;0.546;39.86;13.7;65.0
3953;2023-06-14 18:00:00;1.2;2.2;11.8;14.2;102.0;115.26;36.81;704.4;0.0;21.0;3.3;0.269;39.2;13.1;82.0
3954;2023-06-14 19:00:00;1.23;2.9;15.4;18.4;48.0;92.42;32.65;704.7;0.0;25.0;2.9;0.06;37.36;13.1;51.0
3955;2023-06-14 20:00:00;1.23;2.6;19.7;22.4;32.0;98.17;26.01;704.9;0.0;26.0;2.9;0.011;36.13;7.8;58.0
3956;2023-06-14 21:00:00;1.43;4.4;29.5;34.1;20.0;82.78;26.68;705.5;0.0;28.0;2.8;0.0;35.19;5.1;3.0
3957;2023-06-14 22:00:00;1.52;10.0;39.9;50.2;9.0;88.94;28.93;705.9;0.0;30.0;2.8;0.0;34.65;6.1;10.0
3958;2023-06-14 23:00:00;1.57;14.7;40.7;55.6;7.0;113.77;36.79;706.3;0.0;33.0;2.9;0.0;33.66;4.5;32.0
3959;2023-06-15 00:00:00;1.55;7.0;36.0;43.2;8.0;136.03;41.71;706.3;0.0;35.0;2.9;0.001;32.45;3.7;81.0
3960;2023-06-15 01:00:00;1.36;2.6;29.2;31.9;12.0;122.59;38.93;706.1;0.0;39.0;2.7;0.0;31.67;5.1;48.0
3961;2023-06-15 02:00:00;1.27;5.5;27.8;33.5;10.0;124.92;43.61;706.0;0.0;48.0;2.5;0.0;30.07;7.1;9.0
3962;2023-06-15 03:00:00;1.23;6.4;24.9;31.5;10.0;142.25;45.9;705.8;0.0;56.0;2.3;0.0;28.52;6.6;17.0
3963;2023-06-15 04:00:00;1.29;4.4;24.2;28.8;10.0;135.18;48.35;705.8;0.0;59.0;2.3;0.0;27.92;5.3;40.0
3964;2023-06-15 05:00:00;1.29;2.4;18.5;21.0;14.0;141.24;48.01;706.1;0.0;61.0;2.2;0.0;27.39;4.8;69.0
3965;2023-06-15 06:00:00;1.34;3.2;20.9;24.3;10.0;122.09;48.96;706.3;0.0;63.0;2.2;0.002;26.86;2.2;37.0
3966;2023-06-15 07:00:00;1.51;10.7;22.9;33.8;10.0;128.13;51.3;706.6;0.0;63.0;2.2;0.052;27.24;3.7;309.0
3967;2023-06-15 08:00:00;1.52;12.2;24.2;36.6;17.0;145.03;53.08;707.0;0.0;58.0;2.2;0.207;28.61;5.4;358.0
3968;2023-06-15 09:00:00;1.73;10.2;29.8;40.2;28.0;139.11;57.08;707.3;0.0;54.0;2.3;0.309;29.88;5.6;357.0
3969;2023-06-15 10:00:00;1.92;7.5;30.8;38.5;51.0;158.36;59.94;707.4;0.0;47.0;2.2;0.614;31.69;6.2;1.0
3970;2023-06-15 11:00:00;1.98;6.1;34.7;41.0;68.0;164.62;62.8;707.3;0.0;41.0;2.2;0.648;33.4;8.3;69.0
3971;2023-06-15 12:00:00;1.5;4.6;28.1;33.0;87.0;164.73;59.44;707.3;0.0;36.0;2.2;0.817;34.36;10.4;68.0
3972;2023-06-15 13:00:00;1.33;4.4;22.2;26.8;82.0;136.68;51.02;707.0;0.0;27.0;2.2;0.939;35.81;10.0;55.0
3973;2023-06-15 14:00:00;1.17;4.0;19.0;23.2;83.0;120.24;41.03;706.6;0.0;22.0;3.4;0.904;37.15;10.0;68.0
3974;2023-06-15 15:00:00;1.31;3.2;20.2;23.6;116.0;126.28;48.23;706.1;0.0;26.0;3.8;0.802;37.76;11.2;51.0
3975;2023-06-15 16:00:00;1.4;2.3;11.3;13.8;125.0;138.01;53.63;705.6;0.0;34.0;2.4;0.675;37.34;13.3;44.0
3976;2023-06-15 17:00:00;1.41;2.3;13.6;16.1;109.0;129.8;50.89;705.5;0.0;32.0;2.2;0.231;37.04;13.1;63.0
3977;2023-06-15 18:00:00;1.31;2.2;10.6;13.0;89.0;107.12;41.98;705.6;0.0;31.0;2.1;0.147;36.46;12.4;105.0
3978;2023-06-15 19:00:00;1.26;2.3;12.7;15.1;59.0;112.73;37.0;705.8;0.0;30.0;2.3;0.048;35.74;11.9;110.0
3979;2023-06-15 20:00:00;1.2;2.1;11.0;13.3;45.0;115.93;35.88;706.3;0.0;31.0;2.4;0.008;34.75;11.6;114.0
3980;2023-06-15 21:00:00;1.16;2.0;7.6;9.8;45.0;107.51;36.16;706.7;0.0;34.0;2.4;0.0;34.07;9.2;101.0
3981;2023-06-15 22:00:00;1.19;2.1;9.6;11.9;41.0;83.32;36.59;707.2;0.0;34.0;2.4;0.001;33.67;7.2;125.0
3982;2023-06-15 23:00:00;1.3;2.3;17.0;19.4;31.0;112.09;38.99;707.4;0.0;35.0;2.5;0.001;33.23;8.5;90.0
3983;2023-06-16 00:00:00;1.24;2.1;13.2;15.5;36.0;103.78;40.41;707.1;0.0;35.0;2.4;0.001;32.76;8.5;110.0
3984;2023-06-16 01:00:00;1.09;2.0;6.0;8.2;47.0;102.02;36.99;706.9;0.0;33.0;2.4;0.0;32.61;8.6;95.0
3985;2023-06-16 02:00:00;1.26;2.2;20.3;22.7;26.0;109.29;43.4;706.8;0.0;41.0;2.4;0.0;30.52;7.0;16.0
3986;2023-06-16 03:00:00;1.42;2.2;19.9;22.2;20.0;147.03;50.83;706.7;0.0;52.0;2.2;0.0;28.55;6.6;15.0
3987;2023-06-16 04:00:00;1.27;2.1;17.9;20.1;20.0;116.3;50.23;706.7;0.0;58.0;2.3;0.0;27.33;4.8;41.0
3988;2023-06-16 05:00:00;1.37;2.1;18.7;20.9;19.0;120.63;53.6;706.9;0.0;60.0;2.2;0.0;26.84;4.3;42.0
3989;2023-06-16 06:00:00;1.41;2.3;22.3;24.8;14.0;136.65;56.98;707.2;0.0;63.0;2.2;0.002;26.4;4.8;22.0
3990;2023-06-16 07:00:00;1.46;7.9;23.6;31.7;12.0;141.08;57.4;707.8;0.0;65.0;2.2;0.052;26.18;6.0;2.0
3991;2023-06-16 08:00:00;1.37;9.3;18.9;28.5;19.0;144.32;58.91;708.3;0.0;62.0;2.2;0.212;27.08;6.6;352.0
3992;2023-06-16 09:00:00;1.78;11.2;24.4;35.8;25.0;154.35;57.04;708.6;0.0;59.0;2.2;0.373;28.24;6.7;8.0
3993;2023-06-16 10:00:00;1.71;8.2;23.4;31.8;41.0;152.02;59.37;708.8;0.0;55.0;2.1;0.566;29.32;7.7;3.0
3994;2023-06-16 11:00:00;1.6;5.2;22.2;27.6;65.0;165.13;63.17;708.9;0.0;48.0;2.2;0.728;31.23;6.7;2.0
3995;2023-06-16 12:00:00;1.64;3.9;20.1;24.2;84.0;168.7;63.43;708.9;0.0;44.0;2.1;0.834;32.59;9.3;51.0
3996;2023-06-16 13:00:00;1.51;3.4;21.0;24.6;101.0;165.11;64.74;708.6;0.0;37.0;2.2;0.885;34.12;9.8;61.0
3997;2023-06-16 14:00:00;1.46;4.0;23.5;27.7;91.0;145.39;58.22;708.2;0.0;33.0;2.2;0.882;35.29;10.1;53.0
3998;2023-06-16 15:00:00;1.37;4.0;24.8;29.0;96.0;144.0;58.07;707.8;0.0;31.0;2.3;0.799;36.17;10.7;48.0
3999;2023-06-16 16:00:00;1.4;2.3;14.7;17.2;131.0;153.09;67.68;707.4;0.0;34.0;2.4;0.638;36.34;12.7;47.0
4000;2023-06-16 17:00:00;1.35;2.5;11.6;14.3;90.0;149.67;55.74;707.3;0.0;34.0;2.2;0.449;36.18;15.5;63.0
4001;2023-06-16 18:00:00;1.26;2.3;9.0;11.6;72.0;128.99;45.22;707.2;0.0;31.0;2.2;0.19;35.84;14.0;93.0
4002;2023-06-16 19:00:00;1.21;2.2;9.2;11.6;62.0;116.08;41.41;707.2;0.0;30.0;2.5;0.086;35.77;13.7;99.0
4003;2023-06-16 20:00:00;1.19;2.1;13.7;15.9;49.0;98.91;39.42;707.4;0.0;30.0;2.6;0.015;35.09;11.8;110.0
4004;2023-06-16 21:00:00;1.24;2.1;16.5;18.7;42.0;108.94;40.95;707.6;0.0;32.0;2.6;0.001;34.53;11.0;120.0
4005;2023-06-16 22:00:00;1.19;2.0;10.8;13.0;47.0;115.35;41.84;707.9;0.0;31.0;2.6;0.001;34.39;11.1;111.0
4006;2023-06-16 23:00:00;1.25;2.1;10.8;13.1;35.0;127.53;46.89;708.3;0.0;41.0;2.4;0.0;32.41;8.3;62.0
4007;2023-06-17 00:00:00;1.24;2.1;7.6;9.9;28.0;141.95;54.85;708.8;0.0;57.0;2.2;0.0;30.02;10.2;44.0
4008;2023-06-17 01:00:00;1.23;2.7;16.4;19.3;17.0;140.57;56.29;709.0;0.0;63.0;2.2;0.0;28.89;12.9;28.0
4009;2023-06-17 02:00:00;1.2;2.4;12.7;15.3;16.0;122.36;49.29;709.2;0.0;68.0;2.2;0.001;27.9;9.6;18.0
4010;2023-06-17 03:00:00;1.19;2.8;11.7;14.8;15.0;107.25;46.54;709.0;0.0;69.0;2.1;0.001;27.41;7.5;50.0
4011;2023-06-17 04:00:00;1.21;3.5;10.3;14.0;15.0;96.48;45.64;708.9;0.0;70.0;2.2;0.001;27.0;7.7;50.0
4012;2023-06-17 05:00:00;1.19;3.1;10.6;13.9;15.0;112.99;46.55;709.1;0.0;71.0;2.1;0.001;26.61;5.9;50.0
4013;2023-06-17 06:00:00;1.26;2.6;13.8;16.5;14.0;128.49;49.69;709.4;0.0;70.0;2.2;0.002;26.45;6.8;56.0
4014;2023-06-17 07:00:00;1.29;3.7;15.6;19.5;15.0;110.95;48.34;709.6;0.0;69.0;2.1;0.033;26.39;5.9;65.0
4015;2023-06-17 08:00:00;1.39;7.4;18.5;26.2;15.0;121.92;49.82;710.0;0.0;67.0;2.3;0.117;26.92;6.1;58.0
4016;2023-06-17 09:00:00;1.45;11.9;19.5;31.7;20.0;128.37;54.14;710.1;0.0;63.0;2.3;0.386;28.11;6.9;62.0
4017;2023-06-17 10:00:00;1.53;10.2;21.9;32.4;31.0;161.83;58.05;710.0;0.0;57.0;2.3;0.549;29.38;7.8;45.0
4018;2023-06-17 11:00:00;1.58;6.7;24.1;31.0;55.0;152.2;63.41;709.9;0.0;53.0;2.2;0.719;30.69;8.3;47.0
4019;2023-06-17 12:00:00;1.58;4.5;23.4;28.1;81.0;144.19;63.99;709.7;0.0;48.0;2.1;0.827;32.02;9.6;52.0
4020;2023-06-17 13:00:00;1.45;3.0;15.8;18.9;100.0;132.65;60.62;709.2;0.0;43.0;2.2;0.867;33.06;10.8;65.0
4021;2023-06-17 14:00:00;1.39;2.5;12.1;14.8;105.0;134.94;57.8;708.7;0.0;42.0;2.1;0.854;33.99;12.3;50.0
4022;2023-06-17 15:00:00;1.37;2.5;10.6;13.4;96.0;157.47;55.92;708.1;0.0;41.0;2.1;0.788;34.8;13.3;41.0
4023;2023-06-17 16:00:00;1.26;2.3;6.4;8.9;70.0;114.16;45.83;707.7;0.0;37.0;2.0;0.648;35.47;15.2;106.0
4024;2023-06-17 17:00:00;1.19;2.3;4.8;7.3;52.0;117.44;37.76;707.3;0.0;34.0;2.1;0.471;35.83;15.8;98.0
4025;2023-06-17 18:00:00;1.17;2.2;4.4;6.7;45.0;109.92;35.2;707.1;0.0;31.0;2.2;0.244;36.2;14.4;110.0
4026;2023-06-17 19:00:00;1.17;2.1;5.3;7.6;40.0;99.12;31.6;706.9;0.0;29.0;2.2;0.055;36.08;11.5;125.0
4027;2023-06-17 20:00:00;1.22;2.0;8.0;10.2;36.0;105.15;32.9;706.9;0.0;32.0;2.1;0.008;34.99;11.5;123.0
4028;2023-06-17 21:00:00;1.24;2.0;9.1;11.3;33.0;94.84;31.93;707.3;0.0;33.0;2.1;0.001;34.38;11.5;118.0
4029;2023-06-17 22:00:00;1.22;2.3;9.1;11.6;25.0;102.26;34.26;707.7;0.0;42.0;2.2;0.0;32.6;11.1;69.0
4030;2023-06-17 23:00:00;1.2;2.2;7.1;9.5;22.0;102.38;39.22;707.9;0.0;54.0;2.1;0.0;30.49;11.7;45.0
4031;2023-06-18 00:00:00;1.23;2.3;8.8;11.4;20.0;125.31;41.51;708.3;0.0;57.0;2.2;0.0;29.79;9.0;41.0
4032;2023-06-18 01:00:00;1.25;2.3;11.1;13.5;17.0;119.44;44.61;708.3;0.0;61.0;2.2;0.0;28.82;7.2;19.0
4033;2023-06-18 02:00:00;1.33;5.1;16.4;21.7;12.0;136.93;49.31;708.2;0.0;62.0;2.2;0.0;28.41;6.5;7.0
4034;2023-06-18 03:00:00;1.34;2.0;11.5;13.7;16.0;134.61;49.18;708.4;0.0;64.0;2.1;0.001;28.03;4.5;315.0
4035;2023-06-18 04:00:00;1.26;2.0;11.6;13.8;15.0;140.28;49.78;708.1;0.0;64.0;2.1;0.001;27.9;6.4;313.0
4036;2023-06-18 05:00:00;1.23;;10.2;12.4;16.0;135.77;49.38;707.8;0.0;64.0;2.1;0.001;27.53;2.6;346.0
4037;2023-06-18 06:00:00;1.32;2.3;13.0;15.5;13.0;141.19;51.07;707.8;0.0;64.0;2.2;0.003;27.59;4.4;101.0
4038;2023-06-18 07:00:00;1.38;3.6;12.3;16.1;14.0;141.08;53.73;707.8;0.0;64.0;2.2;0.069;27.59;2.8;136.0
4039;2023-06-18 08:00:00;1.46;7.8;15.1;23.2;16.0;123.09;50.49;707.9;0.0;57.0;2.2;0.207;29.51;3.3;57.0
4040;2023-06-18 09:00:00;1.41;6.4;15.3;21.9;27.0;131.28;48.32;708.1;0.0;46.0;2.1;0.371;31.42;5.7;79.0
4041;2023-06-18 10:00:00;1.44;4.6;15.2;20.0;48.0;141.44;52.45;708.0;0.0;39.0;2.2;0.568;33.67;6.3;57.0
4042;2023-06-18 11:00:00;1.4;5.8;21.2;27.2;59.0;149.06;57.47;708.1;0.0;38.0;2.1;0.723;34.32;9.2;62.0
4043;2023-06-18 12:00:00;1.33;2.5;8.8;11.5;84.0;126.37;50.45;707.7;0.0;35.0;2.1;0.851;35.45;10.0;58.0
4044;2023-06-18 13:00:00;1.24;2.4;6.8;9.3;76.0;116.86;42.53;707.3;0.0;25.0;2.2;0.911;37.69;11.6;44.0
4045;2023-06-18 14:00:00;1.18;2.4;7.9;10.5;70.0;104.13;32.92;707.0;0.0;16.0;2.1;0.915;39.23;12.9;54.0
4046;2023-06-18 15:00:00;1.19;;13.6;16.2;69.0;99.83;29.72;706.6;0.0;15.0;2.1;0.853;39.61;13.8;55.0
4047;2023-06-18 16:00:00;1.16;2.6;16.7;19.5;69.0;91.59;27.49;706.3;0.0;13.0;2.1;0.696;40.29;12.4;51.0
4048;2023-06-18 17:00:00;1.11;2.3;5.1;7.6;65.0;100.24;28.99;705.9;0.0;16.0;2.2;0.484;40.37;10.8;82.0
4049;2023-06-18 18:00:00;1.11;2.3;6.4;9.0;59.0;108.65;34.6;705.8;0.0;20.0;2.2;0.228;39.31;11.6;64.0
4050;2023-06-18 19:00:00;1.1;2.2;6.6;9.0;55.0;111.03;31.4;705.7;0.0;23.0;2.2;0.055;38.31;9.8;90.0
4051;2023-06-18 20:00:00;1.16;2.2;9.3;11.6;46.0;107.91;32.96;705.9;0.0;24.0;2.3;0.006;37.11;6.7;74.0
4052;2023-06-18 21:00:00;1.13;;9.3;11.7;41.0;88.08;30.1;706.2;0.0;24.0;2.4;0.0;35.88;5.3;118.0
4053;2023-06-18 22:00:00;1.16;2.3;10.3;12.8;34.0;85.89;33.94;706.8;0.0;24.0;2.4;0.001;34.5;3.4;188.0
4054;2023-06-18 23:00:00;1.12;2.2;9.3;11.7;32.0;89.13;29.29;707.0;0.0;25.0;2.5;0.001;33.98;3.3;232.0
4055;2023-06-19 00:00:00;1.49;4.4;28.2;32.8;12.0;109.67;35.0;707.1;0.0;28.0;2.4;0.001;32.43;2.9;237.0
4056;2023-06-19 01:00:00;1.41;4.9;28.7;33.8;11.0;102.94;38.5;707.1;0.0;33.0;2.4;0.001;31.76;5.1;349.0
4057;2023-06-19 02:00:00;1.21;3.8;23.7;27.7;13.0;131.79;40.35;707.1;0.0;38.0;2.4;0.0;30.57;4.4;25.0
4058;2023-06-19 03:00:00;1.26;6.9;26.1;33.1;9.0;143.01;41.15;706.9;0.0;41.0;2.6;0.001;29.38;4.2;36.0
4059;2023-06-19 04:00:00;1.2;4.7;19.5;24.4;12.0;110.76;38.26;706.9;0.0;47.0;2.5;0.0;28.55;5.1;70.0
4060;2023-06-19 05:00:00;1.27;6.4;22.1;28.8;9.0;129.93;39.71;706.9;0.0;53.0;2.4;0.001;27.42;2.6;341.0
4061;2023-06-19 06:00:00;1.41;2.6;20.0;22.8;10.0;121.26;38.98;707.3;0.0;55.0;2.2;0.002;27.33;4.0;318.0
4062;2023-06-19 07:00:00;1.38;9.5;20.8;30.5;11.0;135.36;42.9;707.9;0.0;50.0;2.5;0.062;27.64;3.2;276.0
4063;2023-06-19 08:00:00;1.38;7.8;17.6;25.6;18.0;139.55;39.78;708.1;0.0;50.0;2.4;0.209;28.84;4.7;349.0
4064;2023-06-19 09:00:00;1.51;9.4;23.4;33.0;28.0;149.24;46.25;708.2;0.0;42.0;2.5;0.404;30.81;4.6;21.0
4065;2023-06-19 10:00:00;1.69;9.9;35.1;45.2;44.0;162.4;53.29;708.2;0.0;34.0;2.8;0.587;33.33;5.9;57.0
4066;2023-06-19 11:00:00;1.94;9.8;42.4;52.5;64.0;189.02;61.3;708.4;0.0;31.0;3.1;0.739;34.73;8.7;69.0
4067;2023-06-19 12:00:00;1.57;3.6;25.5;29.3;121.0;166.75;58.76;708.2;0.0;26.0;3.3;0.857;36.59;10.9;51.0
4068;2023-06-19 13:00:00;1.36;2.8;15.0;18.0;129.0;155.17;54.52;707.8;0.0;20.0;3.9;0.907;38.57;12.3;55.0
4069;2023-06-19 14:00:00;1.22;2.6;10.0;12.8;119.0;127.89;48.1;707.4;0.0;18.0;3.8;0.906;39.91;12.0;54.0
4070;2023-06-19 15:00:00;1.14;2.6;9.1;12.0;107.0;109.78;40.9;707.0;0.0;14.0;3.4;0.815;40.81;12.7;56.0
4071;2023-06-19 16:00:00;1.09;2.7;9.2;12.1;95.0;108.65;35.5;706.7;0.0;12.0;3.5;0.65;41.27;13.1;70.0
4072;2023-06-19 17:00:00;1.06;2.6;9.8;12.6;82.0;100.0;29.29;706.4;0.0;11.0;3.5;0.492;41.47;11.5;117.0
4073;2023-06-19 18:00:00;1.02;2.6;10.6;13.5;73.0;102.27;29.79;706.3;0.0;11.0;3.5;0.277;40.84;12.8;119.0
4074;2023-06-19 19:00:00;1.06;;9.8;12.6;69.0;101.6;31.97;706.3;0.0;15.0;3.4;0.093;39.93;12.0;98.0
4075;2023-06-19 20:00:00;1.07;2.3;10.8;13.3;50.0;97.47;30.75;706.8;0.0;18.0;3.0;0.014;38.4;10.7;122.0
4076;2023-06-19 21:00:00;1.1;2.3;9.2;11.7;40.0;101.16;29.64;707.3;0.0;25.0;3.0;0.001;36.59;9.8;133.0
4077;2023-06-19 22:00:00;1.05;2.2;6.1;8.6;40.0;86.2;28.95;707.5;0.0;29.0;3.0;0.001;35.38;10.2;125.0
4078;2023-06-19 23:00:00;1.06;2.2;7.9;10.3;38.0;98.64;28.74;707.7;0.0;28.0;3.1;0.001;34.89;6.3;76.0
4079;2023-06-20 00:00:00;1.09;2.5;16.2;18.9;29.0;100.38;28.99;707.8;0.0;26.0;3.2;0.001;34.05;6.4;26.0
4080;2023-06-20 01:00:00;1.18;4.2;30.9;35.3;13.0;129.53;34.72;707.8;0.0;30.0;4.3;0.0;32.14;7.2;355.0
4081;2023-06-20 02:00:00;1.16;2.5;22.7;25.3;18.0;138.72;34.15;707.7;0.0;33.0;3.9;0.001;30.89;4.9;359.0
4082;2023-06-20 03:00:00;1.13;2.5;19.8;22.5;18.0;116.22;34.99;707.4;0.0;37.0;3.7;0.001;29.97;4.4;41.0
4083;2023-06-20 04:00:00;1.12;2.5;17.3;19.9;18.0;110.01;33.01;707.4;0.0;43.0;3.5;0.001;28.63;2.6;27.0
4084;2023-06-20 05:00:00;1.14;3.4;22.2;25.8;12.0;123.22;33.95;707.3;0.0;46.0;3.4;0.001;28.13;2.7;275.0
4085;2023-06-20 06:00:00;1.23;14.6;29.9;44.7;8.0;146.4;40.81;707.3;0.0;40.0;4.3;0.002;27.83;3.5;247.0
4086;2023-06-20 07:00:00;1.32;16.9;28.6;45.7;10.0;167.73;50.7;707.6;0.0;40.0;5.9;0.06;28.44;2.9;317.0
4087;2023-06-20 08:00:00;1.4;17.4;28.0;45.5;15.0;164.89;41.84;707.8;0.0;41.0;6.4;0.209;30.15;4.2;350.0
4088;2023-06-20 09:00:00;1.61;12.6;29.9;42.7;29.0;170.32;46.3;708.2;0.0;40.0;6.6;0.402;31.09;5.4;5.0
4089;2023-06-20 10:00:00;2.04;13.2;39.5;52.9;41.0;221.55;57.48;708.3;0.0;37.0;8.4;0.572;32.79;6.2;21.0
4090;2023-06-20 11:00:00;1.71;8.3;36.7;45.2;63.0;213.46;58.48;708.3;0.0;34.0;11.0;0.731;34.48;6.8;39.0
4091;2023-06-20 12:00:00;1.42;7.9;42.4;50.5;76.0;189.35;58.88;708.2;0.0;30.0;11.3;0.837;36.05;9.3;73.0
4092;2023-06-20 13:00:00;1.29;4.1;27.1;31.4;110.0;181.39;56.1;707.7;0.0;24.0;9.7;0.891;37.83;9.7;60.0
4093;2023-06-20 14:00:00;1.28;3.6;26.0;29.8;126.0;175.8;56.26;707.3;0.0;22.0;8.7;0.89;38.93;11.0;55.0
4094;2023-06-20 15:00:00;1.21;3.3;20.9;24.4;130.0;157.46;52.7;707.1;0.0;21.0;7.3;0.831;39.82;10.1;48.0
4095;2023-06-20 16:00:00;1.2;2.8;15.6;18.6;146.0;154.45;54.58;706.8;0.0;20.0;7.7;0.706;40.14;11.5;53.0
4096;2023-06-20 17:00:00;1.22;2.7;13.3;16.2;127.0;156.79;57.44;706.6;0.0;22.0;8.1;0.527;40.02;13.5;65.0
4097;2023-06-20 18:00:00;1.17;2.7;12.2;15.1;114.0;145.15;52.83;706.2;0.0;20.0;7.2;0.259;40.12;14.2;118.0
4098;2023-06-20 19:00:00;1.13;2.8;13.4;16.3;68.0;129.72;38.22;706.3;0.0;20.0;4.8;0.049;39.24;14.0;113.0
4099;2023-06-20 20:00:00;1.08;2.5;10.7;13.4;50.0;112.29;31.85;706.6;0.0;21.0;3.6;0.008;37.55;12.0;106.0
4100;2023-06-20 21:00:00;1.1;2.6;12.8;15.6;43.0;99.3;32.25;706.9;0.0;24.0;3.1;0.001;36.14;9.0;92.0
4101;2023-06-20 22:00:00;1.06;2.3;7.3;9.8;45.0;105.34;32.41;707.3;0.0;28.0;3.0;0.001;34.98;10.0;120.0
4102;2023-06-20 23:00:00;1.13;2.4;12.2;14.8;34.0;103.21;32.84;707.5;0.0;29.0;2.9;0.001;33.77;3.8;293.0
4103;2023-06-21 00:00:00;1.14;2.4;13.9;16.6;29.0;114.55;33.78;707.5;0.0;32.0;2.9;0.001;32.48;3.2;291.0
4104;2023-06-21 01:00:00;1.24;3.8;28.5;32.4;15.0;121.28;33.89;707.5;0.0;32.0;2.9;0.001;31.33;3.7;347.0
4105;2023-06-21 02:00:00;1.4;12.2;37.6;50.0;8.0;145.73;47.11;707.5;0.0;38.0;3.9;0.001;30.66;6.1;4.0
4106;2023-06-21 03:00:00;1.47;14.7;35.3;50.2;8.0;170.81;47.28;707.4;0.0;39.0;6.1;0.001;29.5;4.5;10.0
4107;2023-06-21 04:00:00;1.28;3.4;27.4;30.9;12.0;146.32;39.53;707.4;0.0;41.0;5.3;0.001;28.3;3.6;327.0
4108;2023-06-21 05:00:00;1.47;4.4;29.9;34.5;8.0;142.64;39.34;707.3;0.0;44.0;5.3;0.001;27.59;2.7;296.0
4109;2023-06-21 06:00:00;1.39;8.7;30.1;39.0;8.0;146.54;39.32;707.3;0.0;46.0;5.7;0.003;27.37;3.7;312.0
4110;2023-06-21 07:00:00;1.36;14.6;27.8;42.6;10.0;144.37;39.54;707.4;0.0;46.0;5.9;0.075;27.8;4.0;296.0
4111;2023-06-21 08:00:00;1.49;24.1;36.0;60.3;17.0;202.13;57.24;707.5;0.0;36.0;11.4;0.231;30.11;4.5;20.0
4112;2023-06-21 09:00:00;1.73;14.9;36.6;51.7;30.0;229.81;53.01;707.6;0.0;35.0;10.4;0.41;31.73;4.6;5.0
4113;2023-06-21 10:00:00;2.07;13.7;49.4;63.3;48.0;264.14;73.11;707.7;0.0;30.0;10.3;0.587;33.94;5.8;355.0
4114;2023-06-21 11:00:00;2.03;6.2;35.2;41.5;87.0;220.2;64.59;707.6;0.0;25.0;9.0;0.718;36.0;6.0;15.0
4115;2023-06-21 12:00:00;1.48;3.6;21.5;25.4;120.0;189.91;57.51;707.4;0.0;20.0;6.6;0.864;37.96;7.4;10.0
4116;2023-06-21 13:00:00;1.21;4.0;21.5;25.7;104.0;151.03;45.77;707.1;0.0;16.0;6.6;0.912;39.38;9.1;49.0
4117;2023-06-21 14:00:00;1.22;3.7;21.4;25.3;120.0;145.26;48.46;706.7;0.0;15.0;7.8;0.905;40.09;11.3;60.0
4118;2023-06-21 15:00:00;1.09;3.7;16.5;20.4;92.0;142.07;43.27;706.4;0.0;15.0;4.9;0.851;40.63;11.6;60.0
4119;2023-06-21 16:00:00;0.98;3.3;11.1;14.6;78.0;125.19;32.69;706.1;0.0;10.0;3.4;0.733;41.39;12.5;75.0
4120;2023-06-21 17:00:00;1.08;3.2;12.7;16.0;84.0;129.48;44.4;705.9;0.0;14.0;8.6;0.551;41.27;13.2;72.0
4121;2023-06-21 18:00:00;1.15;3.1;15.0;18.2;88.0;156.45;53.67;705.7;0.0;17.0;12.9;0.264;40.07;15.1;71.0
4122;2023-06-21 19:00:00;1.17;2.8;16.2;19.1;81.0;139.67;47.49;705.8;0.0;18.0;8.8;0.05;39.04;12.1;88.0
4123;2023-06-21 20:00:00;1.15;2.6;13.7;16.5;67.0;126.49;40.75;705.9;0.0;22.0;5.5;0.008;37.56;9.2;106.0
4124;2023-06-21 21:00:00;1.12;2.5;13.5;16.2;59.0;109.69;39.45;706.2;0.0;24.0;4.5;0.001;36.56;10.3;108.0
4125;2023-06-21 22:00:00;1.08;2.5;13.1;15.8;59.0;108.47;39.54;706.7;0.0;24.0;4.2;0.001;35.92;9.5;110.0
4126;2023-06-21 23:00:00;1.1;2.4;15.8;18.4;47.0;116.52;38.14;706.9;0.0;26.0;3.7;0.001;35.22;6.8;152.0
4127;2023-06-22 00:00:00;1.21;2.5;21.1;23.8;32.0;133.88;40.86;707.2;0.0;27.0;4.3;0.001;34.6;6.3;55.0
4128;2023-06-22 01:00:00;1.21;7.4;30.0;37.7;13.0;149.31;42.16;707.1;0.0;36.0;5.1;0.0;32.67;7.4;30.0
4129;2023-06-22 02:00:00;1.2;12.6;28.7;41.5;8.0;135.12;35.2;707.0;0.0;46.0;4.5;0.001;30.77;4.1;24.0
4130;2023-06-22 03:00:00;1.46;7.7;26.6;34.4;8.0;148.24;35.23;707.1;0.0;50.0;4.7;0.001;30.6;7.3;48.0
4131;2023-06-22 04:00:00;1.25;16.8;24.7;41.7;9.0;145.9;38.02;707.4;0.0;53.0;5.0;0.001;29.53;8.8;41.0
4132;2023-06-22 05:00:00;1.12;3.2;10.5;13.9;20.0;109.52;32.02;708.2;0.0;61.0;4.9;0.001;27.43;12.2;44.0
4133;2023-06-22 06:00:00;1.13;4.9;16.5;21.6;13.0;112.51;32.08;709.0;0.0;70.0;4.0;0.002;25.6;10.2;12.0
4134;2023-06-22 07:00:00;1.25;12.8;20.9;34.1;8.0;118.27;35.97;709.1;0.0;72.0;3.4;0.039;25.54;4.6;320.0
4135;2023-06-22 08:00:00;1.27;9.9;17.2;27.4;16.0;108.42;35.76;709.1;0.0;66.0;3.5;0.204;26.98;4.7;338.0
4136;2023-06-22 09:00:00;1.31;8.1;18.1;26.5;27.0;114.89;37.47;709.1;0.0;58.0;4.4;0.393;28.86;5.1;308.0
4137;2023-06-22 10:00:00;1.53;10.5;27.5;38.2;41.0;159.02;47.15;709.5;0.0;55.0;4.5;0.565;29.95;9.7;28.0
4138;2023-06-22 11:00:00;1.42;5.4;23.6;29.2;67.0;159.65;53.37;709.8;0.0;54.0;5.2;0.714;30.33;8.9;67.0
4139;2023-06-22 12:00:00;1.33;7.9;32.0;40.1;63.0;157.06;51.03;709.1;0.0;44.0;6.6;0.835;32.63;6.9;49.0
4140;2023-06-22 13:00:00;1.33;3.5;18.4;22.1;111.0;144.88;50.7;708.5;0.0;38.0;6.2;0.882;34.43;9.0;62.0
4141;2023-06-22 14:00:00;1.26;3.2;14.7;18.1;106.0;145.62;48.78;708.2;0.0;34.0;5.1;0.878;35.79;13.2;49.0
4142;2023-06-22 15:00:00;1.19;3.3;10.0;13.5;77.0;140.9;44.97;707.8;0.0;30.0;5.6;0.82;36.73;15.7;54.0
4143;2023-06-22 16:00:00;1.17;3.1;9.2;12.6;70.0;143.62;44.96;707.6;0.0;29.0;6.4;0.57;37.36;15.1;78.0
4144;2023-06-22 17:00:00;1.13;3.0;7.4;10.6;58.0;131.59;36.29;707.4;0.0;29.0;4.7;0.429;36.87;15.3;98.0
4145;2023-06-22 18:00:00;1.11;2.9;7.4;10.5;53.0;135.78;36.45;707.5;0.0;28.0;3.9;0.213;36.49;14.9;93.0
4146;2023-06-22 19:00:00;1.16;3.1;9.8;13.1;42.0;118.64;38.92;707.5;0.0;30.0;3.7;0.08;35.99;14.2;73.0
4147;2023-06-22 20:00:00;1.13;2.7;10.5;13.4;38.0;113.85;35.46;707.8;0.0;29.0;3.7;0.011;35.16;11.8;76.0
4148;2023-06-22 21:00:00;1.1;2.5;11.9;14.6;36.0;112.19;35.46;708.0;0.0;30.0;3.5;0.001;34.5;8.7;109.0
4149;2023-06-22 22:00:00;1.08;2.5;15.9;18.6;32.0;;36.24;708.2;0.0;30.0;3.4;0.001;33.95;9.7;110.0
4150;2023-06-22 23:00:00;1.12;;15.1;17.9;30.0;;36.6;708.6;0.0;33.0;3.2;0.001;33.24;8.8;59.0
4151;2023-06-23 00:00:00;1.09;2.4;6.4;9.0;28.0;;27.46;709.0;0.0;47.0;2.9;0.001;31.27;9.1;71.0
4152;2023-06-23 01:00:00;1.13;8.9;16.5;25.5;16.0;;31.19;708.7;0.0;50.0;2.9;0.001;30.47;7.5;31.0
4153;2023-06-23 02:00:00;1.18;4.4;20.8;25.5;12.0;;34.43;708.5;0.0;55.0;3.6;0.001;29.26;8.6;5.0
4154;2023-06-23 03:00:00;1.16;4.1;20.4;24.8;13.0;;32.51;708.5;0.0;59.0;3.3;0.001;28.38;7.0;34.0
4155;2023-06-23 04:00:00;1.15;3.8;15.1;19.1;15.0;;35.1;708.5;0.0;62.0;3.1;0.001;27.64;6.0;67.0
4156;2023-06-23 05:00:00;1.37;2.6;17.2;19.9;12.0;;40.38;708.6;0.0;66.0;2.9;0.001;27.18;3.4;9.0
4157;2023-06-23 06:00:00;1.53;3.1;18.8;22.1;9.0;;42.64;708.8;0.0;68.0;2.7;0.002;26.78;2.1;29.0
4158;2023-06-23 07:00:00;1.39;7.5;18.4;26.2;11.0;;45.49;709.2;0.0;68.0;2.8;0.054;27.08;6.0;10.0
4159;2023-06-23 08:00:00;1.72;12.9;20.5;33.7;15.0;;49.29;709.7;0.0;66.0;3.1;0.2;27.66;6.2;8.0
4160;2023-06-23 09:00:00;1.37;10.3;19.6;30.2;25.0;;47.72;709.9;0.0;60.0;3.9;0.391;29.08;6.2;
4161;2023-06-23 10:00:00;1.81;10.6;27.7;38.5;37.0;;52.58;709.9;0.0;55.0;4.4;0.574;30.55;7.0;4.0
4162;2023-06-23 11:00:00;1.62;7.4;27.4;35.0;56.0;;;710.0;0.0;49.0;4.4;0.727;32.11;7.7;19.0
4163;2023-06-23 12:00:00;1.49;5.8;27.1;33.1;78.0;;;709.8;0.0;40.0;5.0;0.84;33.87;9.2;39.0
4164;2023-06-23 13:00:00;1.32;5.2;27.0;32.4;93.0;95.47;38.54;709.4;0.0;34.0;6.0;0.879;35.33;10.7;58.0
4165;2023-06-23 14:00:00;1.28;3.3;15.4;18.9;118.0;79.27;35.33;709.1;0.0;34.0;4.7;0.874;35.88;14.3;54.0
4166;2023-06-23 15:00:00;1.24;3.2;13.0;16.5;105.0;87.88;35.53;708.8;0.0;30.0;7.8;0.819;36.94;16.9;60.0
4167;2023-06-23 16:00:00;1.1;3.1;8.5;11.8;76.0;68.4;26.32;708.5;0.0;25.0;5.8;0.706;37.88;16.1;96.0
4168;2023-06-23 17:00:00;1.03;3.5;7.8;11.5;53.0;58.42;21.77;708.2;0.0;21.0;3.7;0.539;38.41;16.1;100.0
4169;2023-06-23 18:00:00;0.99;3.1;6.7;10.0;49.0;53.95;19.84;707.9;0.0;20.0;3.0;0.276;38.19;15.5;107.0
4170;2023-06-23 19:00:00;0.98;2.7;6.2;9.1;46.0;48.61;20.3;708.1;0.0;20.0;3.0;0.046;37.35;18.1;96.0
4171;2023-06-23 20:00:00;1.0;2.6;12.2;15.0;37.0;41.03;18.03;708.4;0.0;22.0;2.9;0.008;36.22;14.8;121.0
4172;2023-06-23 21:00:00;1.09;2.7;12.2;15.1;26.0;50.34;15.97;709.0;0.0;33.0;2.9;0.001;34.42;12.6;77.0
4173;2023-06-23 22:00:00;1.11;2.8;8.7;11.7;21.0;43.92;12.28;709.6;0.0;46.0;2.9;0.001;32.07;12.6;77.0
4174;2023-06-23 23:00:00;1.1;2.6;7.8;10.6;19.0;39.99;11.5;710.2;0.0;51.0;2.7;0.001;30.51;11.9;66.0
4175;2023-06-24 00:00:00;1.1;3.0;8.4;11.6;18.0;40.96;12.17;710.4;0.0;54.0;2.6;0.001;29.25;12.3;51.0
4176;2023-06-24 01:00:00;1.07;2.6;7.4;10.2;19.0;36.63;11.28;710.3;0.0;55.0;2.7;0.001;28.28;11.0;41.0
4177;2023-06-24 02:00:00;1.04;4.2;8.1;12.5;17.0;32.19;10.45;710.2;0.0;59.0;2.8;0.001;27.23;10.4;31.0
4178;2023-06-24 03:00:00;1.06;12.6;16.7;29.5;8.0;41.3;12.93;710.1;0.0;61.0;3.5;0.001;26.6;8.9;17.0
4179;2023-06-24 04:00:00;1.06;6.9;14.9;22.0;10.0;48.65;12.93;710.2;0.0;64.0;3.7;0.001;25.99;9.3;21.0
4180;2023-06-24 05:00:00;1.05;8.8;14.4;23.4;9.0;37.71;11.25;710.6;0.0;71.0;3.4;0.001;24.93;8.5;38.0
4181;2023-06-24 06:00:00;1.13;6.2;14.1;20.6;9.0;40.49;12.24;711.0;0.0;73.0;3.4;0.002;24.51;6.5;56.0
4182;2023-06-24 07:00:00;1.14;7.6;15.1;23.0;10.0;41.44;16.11;711.0;0.0;73.0;3.2;0.055;24.84;4.0;11.0
4183;2023-06-24 08:00:00;1.19;7.1;10.8;18.2;17.0;41.48;16.61;711.4;0.0;68.0;3.4;0.209;26.24;5.2;316.0
4184;2023-06-24 09:00:00;1.23;8.3;13.3;21.8;23.0;60.94;17.68;711.4;0.0;61.0;3.7;0.408;27.63;7.0;357.0
4185;2023-06-24 10:00:00;1.3;8.1;17.4;25.7;34.0;66.5;19.54;711.1;0.0;53.0;3.7;0.597;29.77;7.5;
4186;2023-06-24 11:00:00;1.56;12.1;29.4;41.7;42.0;101.28;28.48;711.2;0.0;47.0;4.7;0.735;31.43;9.6;35.0
4187;2023-06-24 12:00:00;1.27;6.8;24.7;31.7;65.0;98.63;28.06;711.0;0.0;42.0;5.9;0.845;32.51;12.3;52.0
4188;2023-06-24 13:00:00;1.27;3.9;17.8;21.8;95.0;75.87;24.79;710.7;0.0;39.0;5.0;0.887;33.83;12.9;59.0
4189;2023-06-24 14:00:00;1.2;3.2;12.0;15.4;92.0;86.76;22.69;710.2;0.0;36.0;5.2;0.889;34.95;15.6;54.0
4190;2023-06-24 15:00:00;1.11;3.3;8.9;12.4;67.0;61.28;18.05;709.8;0.0;31.0;5.9;0.83;36.09;16.6;70.0
4191;2023-06-24 16:00:00;1.0;2.8;5.6;8.7;53.0;48.52;15.04;709.5;0.0;28.0;4.3;0.695;36.97;15.0;109.0
4192;2023-06-24 17:00:00;0.98;2.6;4.0;6.8;47.0;37.9;13.87;709.4;0.0;27.0;3.3;0.544;37.18;14.1;102.0
4193;2023-06-24 18:00:00;0.94;2.5;4.0;6.8;44.0;35.68;13.41;709.2;0.0;25.0;3.0;0.275;36.93;15.5;92.0
4194;2023-06-24 19:00:00;0.95;2.5;5.6;8.3;41.0;32.54;12.5;709.3;0.0;24.0;2.8;0.044;36.44;13.7;90.0
4195;2023-06-24 20:00:00;0.95;2.3;6.7;9.2;38.0;30.59;11.74;709.6;0.0;24.0;2.6;0.008;35.35;11.6;94.0
4196;2023-06-24 21:00:00;1.0;2.3;9.0;11.4;30.0;28.83;11.26;710.0;0.0;29.0;2.6;0.001;34.25;8.1;118.0
4197;2023-06-24 22:00:00;1.04;2.4;6.7;9.3;23.0;28.3;9.48;710.5;0.0;41.0;2.6;0.001;32.44;11.6;99.0
4198;2023-06-24 23:00:00;1.02;2.3;5.9;8.4;21.0;26.71;8.81;710.6;0.0;46.0;2.4;0.001;31.18;12.3;101.0
4199;2023-06-25 00:00:00;1.03;2.3;6.0;8.5;20.0;31.33;8.46;710.9;0.0;48.0;2.4;0.001;29.92;9.6;77.0
4200;2023-06-25 01:00:00;1.05;2.6;7.5;10.3;17.0;27.73;8.22;711.1;0.0;53.0;2.4;0.001;28.48;10.3;41.0
4201;2023-06-25 02:00:00;1.03;2.3;5.4;7.9;17.0;27.8;7.49;711.1;0.0;60.0;2.4;0.001;26.85;10.8;41.0
4202;2023-06-25 03:00:00;1.02;2.3;5.3;7.8;17.0;25.91;6.92;711.0;0.0;63.0;2.4;0.001;26.06;9.1;51.0
4203;2023-06-25 04:00:00;1.02;;5.0;7.4;;24.64;6.85;710.8;0.0;65.0;2.4;0.001;25.6;8.2;31.0
4204;2023-06-25 05:00:00;1.01;2.6;5.6;8.4;16.0;25.47;7.15;710.9;0.0;67.0;2.4;0.001;24.97;7.8;55.0
4205;2023-06-25 06:00:00;1.05;14.3;15.0;29.6;7.0;32.85;9.22;711.0;0.0;68.0;2.6;0.002;24.67;5.4;19.0
4206;2023-06-25 07:00:00;1.08;18.9;15.8;34.9;8.0;46.62;10.6;711.2;0.0;68.0;3.0;0.06;25.0;4.3;33.0
4207;2023-06-25 08:00:00;1.4;14.1;13.8;28.2;15.0;51.88;13.0;711.4;0.0;65.0;3.8;0.214;26.01;4.6;5.0
4208;2023-06-25 09:00:00;1.51;7.2;13.2;20.6;28.0;50.19;14.26;711.4;0.0;61.0;3.9;0.412;27.25;5.7;26.0
4209;2023-06-25 10:00:00;1.54;6.4;16.5;23.1;43.0;49.54;15.97;711.4;0.0;55.0;3.8;0.599;28.9;6.6;16.0
4210;2023-06-25 11:00:00;1.33;11.3;27.2;38.7;43.0;58.48;18.27;711.4;0.0;49.0;4.8;0.751;30.49;9.5;54.0
4211;2023-06-25 12:00:00;1.17;4.0;13.6;17.7;71.0;49.48;16.28;711.2;0.0;44.0;4.6;0.868;31.91;9.8;42.0
4212;2023-06-25 13:00:00;1.12;3.0;8.8;12.0;72.0;45.11;14.55;710.7;0.0;38.0;4.1;0.908;33.91;12.5;47.0
4213;2023-06-25 14:00:00;1.01;2.8;5.3;8.4;53.0;37.42;12.21;710.2;0.0;30.0;3.1;0.91;35.7;15.9;45.0
4214;2023-06-25 15:00:00;0.97;2.7;4.6;7.6;49.0;37.27;11.41;709.9;0.0;26.0;2.9;0.845;36.9;15.6;62.0
4215;2023-06-25 16:00:00;0.96;2.6;3.9;6.7;45.0;34.17;10.19;709.5;0.0;25.0;2.7;0.72;37.28;16.3;79.0
4216;2023-06-25 17:00:00;0.92;2.5;3.5;6.2;43.0;32.05;9.3;709.2;0.0;23.0;2.6;0.561;37.58;14.5;102.0
4217;2023-06-25 18:00:00;0.92;2.4;3.6;6.2;39.0;26.0;9.12;709.1;0.0;24.0;2.6;0.282;37.08;14.6;102.0
4218;2023-06-25 19:00:00;0.94;2.4;4.2;6.8;37.0;26.6;8.91;709.2;0.0;25.0;2.5;0.041;36.36;13.4;106.0
4219;2023-06-25 20:00:00;0.93;2.1;4.1;6.5;36.0;19.02;8.45;709.3;0.0;27.0;2.6;0.008;35.05;13.0;112.0
4220;2023-06-25 21:00:00;1.01;2.2;7.4;9.8;30.0;21.61;9.22;709.5;0.0;30.0;2.5;0.001;34.23;9.6;108.0
4221;2023-06-25 22:00:00;1.02;2.4;5.8;8.3;23.0;28.16;8.92;709.9;0.0;37.0;2.5;0.001;32.62;12.6;78.0
4222;2023-06-25 23:00:00;0.99;2.3;4.1;6.6;20.0;23.51;6.78;710.3;0.0;43.0;2.5;0.001;30.84;13.9;71.0
4223;2023-06-26 00:00:00;1.02;2.3;5.7;8.3;18.0;27.68;6.78;710.5;0.0;44.0;2.5;0.001;30.21;8.6;66.0
4224;2023-06-26 01:00:00;1.01;2.5;6.9;9.7;16.0;28.3;7.15;710.4;0.0;47.0;2.5;0.001;29.04;9.5;34.0
4225;2023-06-26 02:00:00;1.0;4.1;8.3;12.6;13.0;29.28;7.72;710.4;0.0;51.0;2.6;0.001;27.83;9.3;31.0
4226;2023-06-26 03:00:00;1.02;8.1;14.5;22.9;8.0;36.14;9.48;710.3;0.0;55.0;4.2;0.001;27.0;6.3;26.0
4227;2023-06-26 04:00:00;1.04;4.4;11.5;16.2;10.0;45.56;9.93;710.3;0.0;58.0;4.4;0.001;26.48;5.6;40.0
4228;2023-06-26 05:00:00;1.05;5.9;12.3;18.5;9.0;39.18;10.63;710.4;0.0;61.0;3.6;0.001;25.87;6.1;71.0
4229;2023-06-26 06:00:00;1.06;6.5;12.7;19.4;9.0;32.38;10.3;710.4;0.0;63.0;3.5;0.002;25.36;4.2;51.0
4230;2023-06-26 07:00:00;1.34;14.6;14.8;29.7;9.0;46.78;12.36;710.7;0.0;64.0;3.7;0.062;25.71;4.4;9.0
4231;2023-06-26 08:00:00;1.62;10.5;13.0;23.7;16.0;48.72;12.61;710.9;0.0;61.0;4.5;0.223;26.78;4.9;42.0
4232;2023-06-26 09:00:00;1.54;11.0;16.8;28.0;24.0;43.04;12.58;711.0;0.0;55.0;4.9;0.424;28.31;5.3;359.0
4233;2023-06-26 10:00:00;1.65;15.0;28.7;43.9;31.0;60.78;14.94;710.9;0.0;49.0;4.5;0.604;29.98;6.8;42.0
4234;2023-06-26 11:00:00;1.42;12.5;29.0;41.7;41.0;83.18;20.02;710.9;0.0;44.0;6.0;0.763;31.08;10.1;51.0
4235;2023-06-26 12:00:00;1.22;8.1;20.6;29.0;51.0;;;710.8;0.0;39.0;4.8;0.879;32.61;11.7;54.0
4236;2023-06-26 13:00:00;1.14;3.5;10.3;14.0;71.0;52.96;11.85;710.5;0.0;35.0;4.4;0.916;34.27;15.1;62.0
4237;2023-06-26 14:00:00;1.02;3.2;6.3;9.7;50.0;45.92;9.6;710.0;0.0;30.0;5.6;0.934;35.6;16.5;117.0
4238;2023-06-26 15:00:00;0.97;3.0;4.6;7.9;39.0;36.51;8.06;709.6;0.0;26.0;3.4;0.871;36.55;17.0;116.0
4239;2023-06-26 16:00:00;0.94;3.4;4.9;8.6;38.0;35.84;7.07;709.2;0.0;22.0;2.7;0.751;37.36;17.0;116.0
4240;2023-06-26 17:00:00;0.92;3.7;5.7;9.7;37.0;36.51;6.59;708.9;0.0;20.0;2.6;0.585;37.51;18.0;108.0
4241;2023-06-26 18:00:00;0.89;3.2;4.8;8.3;36.0;;;708.8;0.0;19.0;2.5;0.297;37.05;22.3;99.0
4242;2023-06-26 19:00:00;0.9;2.9;5.8;9.0;33.0;;;708.8;0.0;19.0;2.4;0.034;36.38;20.1;106.0
4243;2023-06-26 20:00:00;0.93;2.6;7.7;10.5;29.0;;;709.0;0.0;22.0;2.5;0.007;35.07;14.1;113.0
4244;2023-06-26 21:00:00;0.93;2.4;7.9;10.5;27.0;;;709.4;0.0;26.0;2.5;0.001;33.82;13.3;115.0
4245;2023-06-26 22:00:00;0.93;2.3;6.3;8.8;28.0;;;709.5;0.0;29.0;2.6;0.001;32.9;13.0;123.0
4246;2023-06-26 23:00:00;0.95;3.1;13.0;16.3;20.0;;;709.8;0.0;30.0;2.5;0.001;31.91;9.1;85.0
4247;2023-06-27 00:00:00;1.0;2.5;7.5;10.2;21.0;;;710.0;0.0;44.0;2.6;0.001;29.89;10.5;25.0
4248;2023-06-27 01:00:00;1.0;2.4;6.6;9.2;21.0;49.65;13.54;710.0;0.0;47.0;2.6;0.001;28.98;9.6;43.0
4249;2023-06-27 02:00:00;1.01;3.0;10.6;13.9;16.0;48.7;13.55;709.6;0.0;49.0;2.7;0.001;28.25;8.5;29.0
4250;2023-06-27 03:00:00;1.02;8.2;16.3;24.7;11.0;58.74;15.57;709.4;0.0;51.0;3.2;0.001;27.7;8.2;40.0
4251;2023-06-27 04:00:00;1.05;7.7;12.3;20.2;12.0;61.06;16.79;709.7;0.0;63.0;3.1;0.001;26.24;8.9;56.0
4252;2023-06-27 05:00:00;1.06;8.2;14.6;23.0;9.0;58.83;18.36;709.9;0.0;71.0;2.9;0.001;24.99;6.2;32.0
4253;2023-06-27 06:00:00;1.11;8.5;16.2;24.9;7.0;70.56;19.02;710.1;0.0;73.0;3.1;0.002;24.56;4.8;39.0
4254;2023-06-27 07:00:00;1.26;10.3;14.9;25.5;9.0;73.83;19.43;710.4;0.0;73.0;3.1;0.058;24.67;3.6;22.0
4255;2023-06-27 08:00:00;1.47;11.3;14.2;25.8;16.0;75.77;20.38;710.7;0.0;69.0;3.6;0.216;25.85;5.6;17.0
4256;2023-06-27 09:00:00;1.6;10.4;17.2;27.9;25.0;62.11;19.97;710.7;0.0;63.0;4.3;0.421;27.45;4.9;26.0
4257;2023-06-27 10:00:00;1.86;14.0;27.3;41.5;32.0;71.43;22.5;710.6;0.0;55.0;4.8;0.604;29.02;7.5;40.0
4258;2023-06-27 11:00:00;1.53;16.4;34.4;51.0;35.0;96.58;25.1;710.2;0.0;45.0;6.9;0.756;30.77;8.8;49.0
4259;2023-06-27 12:00:00;1.27;7.0;21.7;29.0;63.0;89.14;22.06;710.0;0.0;39.0;7.2;0.87;32.25;13.8;60.0
4260;2023-06-27 13:00:00;1.09;3.9;9.4;13.5;63.0;78.41;17.88;709.7;0.0;34.0;5.4;0.902;33.46;17.5;61.0
4261;2023-06-27 14:00:00;0.99;3.4;5.8;9.4;47.0;51.63;13.15;709.4;0.0;29.0;3.6;0.913;35.1;16.9;106.0
4262;2023-06-27 15:00:00;0.98;3.2;5.3;8.7;43.0;37.92;11.08;708.9;0.0;25.0;3.1;0.854;36.48;16.7;99.0
4263;2023-06-27 16:00:00;0.92;3.1;5.2;8.6;44.0;43.41;11.16;708.4;0.0;20.0;2.7;0.736;37.36;20.4;96.0
4264;2023-06-27 17:00:00;0.87;3.1;5.0;8.3;45.0;52.81;10.38;708.1;0.0;16.0;2.5;0.562;37.42;21.6;97.0
4265;2023-06-27 18:00:00;0.87;;5.8;9.1;43.0;41.12;9.19;708.0;0.0;15.0;2.4;0.283;37.14;18.9;90.0
4266;2023-06-27 19:00:00;0.86;2.9;7.1;10.2;42.0;41.55;9.06;708.2;0.0;14.0;2.4;0.045;36.42;18.3;89.0
4267;2023-06-27 20:00:00;0.84;2.4;8.1;10.7;41.0;35.46;8.89;708.4;0.0;15.0;2.3;0.008;35.1;16.7;95.0
4268;2023-06-27 21:00:00;0.88;2.3;9.4;11.9;35.0;35.05;9.59;708.6;0.0;20.0;2.3;0.001;33.69;14.4;109.0
4269;2023-06-27 22:00:00;0.95;2.5;10.1;12.9;29.0;40.51;12.37;709.0;0.0;30.0;2.5;0.001;32.52;13.1;82.0
4270;2023-06-27 23:00:00;1.03;2.4;7.1;9.7;24.0;56.58;17.27;709.6;0.0;47.0;2.7;0.001;30.17;13.3;83.0
4271;2023-06-28 00:00:00;1.02;2.3;5.7;8.2;24.0;66.44;18.42;709.8;0.0;48.0;2.6;0.001;29.34;9.2;79.0
4272;2023-06-28 01:00:00;1.0;2.2;4.1;6.6;26.0;72.71;18.69;709.8;0.0;49.0;2.6;0.001;28.82;7.1;82.0
4273;2023-06-28 02:00:00;1.02;2.9;7.9;11.0;20.0;67.24;19.38;709.7;0.0;55.0;2.5;0.001;27.87;7.8;32.0
4274;2023-06-28 03:00:00;1.02;2.3;4.9;7.4;20.0;63.6;20.5;709.7;0.0;62.0;2.6;0.001;26.55;8.8;32.0
4275;2023-06-28 04:00:00;1.01;2.3;4.2;6.6;19.0;49.61;17.08;709.7;0.0;65.0;2.5;0.001;25.42;8.4;40.0
4276;2023-06-28 05:00:00;1.0;5.6;11.2;17.0;11.0;36.31;14.15;709.7;0.0;68.0;2.6;0.001;24.46;6.9;28.0
4277;2023-06-28 06:00:00;1.04;5.0;12.4;17.7;9.0;39.91;12.92;709.8;0.0;69.0;2.7;0.002;23.95;6.6;46.0
4278;2023-06-28 07:00:00;1.16;14.0;15.4;29.7;9.0;55.07;13.57;710.0;0.0;68.0;2.9;0.057;24.21;5.4;45.0
4279;2023-06-28 08:00:00;1.33;16.9;16.2;33.4;13.0;60.45;16.39;710.4;0.0;66.0;3.6;0.21;25.05;7.2;56.0
4280;2023-06-28 09:00:00;1.42;13.3;16.5;30.1;21.0;59.63;17.56;710.5;0.0;61.0;4.3;0.409;26.26;6.0;3.0
4281;2023-06-28 10:00:00;1.52;12.2;21.0;33.5;30.0;63.67;17.74;710.4;0.0;55.0;4.5;0.601;27.6;8.6;9.0
4282;2023-06-28 11:00:00;1.25;8.8;20.7;29.7;46.0;77.38;19.87;710.4;0.0;48.0;5.2;0.758;29.01;11.0;50.0
4283;2023-06-28 12:00:00;1.13;4.4;10.8;15.4;54.0;69.77;17.63;710.0;0.0;42.0;4.1;0.877;31.04;12.3;52.0
4284;2023-06-28 13:00:00;1.04;3.6;6.9;10.8;46.0;53.58;14.74;709.4;0.0;33.0;3.3;0.924;33.65;14.2;94.0
4285;2023-06-28 14:00:00;0.98;3.3;6.1;9.7;48.0;44.99;13.79;708.7;0.0;26.0;3.0;0.93;35.51;17.9;95.0
4286;2023-06-28 15:00:00;0.93;3.3;5.5;9.1;47.0;59.02;13.09;708.2;0.0;21.0;2.6;0.87;36.16;22.7;89.0
4287;2023-06-28 16:00:00;0.89;;5.9;9.4;47.0;63.57;11.84;708.0;0.0;16.0;2.6;0.745;36.86;19.0;92.0
4288;2023-06-28 17:00:00;0.87;3.1;5.8;9.1;46.0;38.0;9.92;707.8;0.0;16.0;2.4;0.572;36.83;17.1;109.0
4289;2023-06-28 18:00:00;0.89;3.0;5.8;9.1;43.0;32.81;8.97;707.8;0.0;18.0;2.4;0.29;36.23;16.9;111.0
4290;2023-06-28 19:00:00;0.92;3.2;8.1;11.5;39.0;33.01;8.76;707.9;0.0;19.0;2.4;0.038;35.67;15.8;119.0
4291;2023-06-28 20:00:00;0.94;2.5;8.6;11.4;36.0;30.88;8.7;708.2;0.0;22.0;2.5;0.008;34.34;14.5;104.0
4292;2023-06-28 21:00:00;0.99;2.7;6.4;9.3;28.0;34.95;9.7;708.8;0.0;37.0;2.6;0.001;31.89;16.9;83.0
4293;2023-06-28 22:00:00;1.03;2.4;6.2;8.7;23.0;36.36;10.42;709.6;0.0;46.0;2.6;0.001;30.25;10.9;98.0
4294;2023-06-28 23:00:00;1.01;2.3;3.9;6.3;24.0;35.33;10.39;710.1;0.0;51.0;2.4;0.001;29.26;13.5;108.0
4295;2023-06-29 00:00:00;1.0;2.1;3.2;5.5;25.0;34.11;10.65;710.3;0.0;53.0;2.5;0.001;28.58;12.7;103.0
4296;2023-06-29 01:00:00;1.01;2.1;3.2;5.6;22.0;32.73;10.14;710.1;0.0;60.0;2.5;0.001;26.82;12.6;65.0
4297;2023-06-29 02:00:00;1.01;2.1;3.6;5.9;21.0;28.46;11.49;709.8;0.0;63.0;2.4;0.001;25.99;9.3;37.0
4298;2023-06-29 03:00:00;1.0;2.1;2.9;5.2;22.0;31.67;12.11;709.6;0.0;65.0;2.3;0.001;25.51;9.4;54.0
4299;2023-06-29 04:00:00;1.01;2.0;2.9;5.2;21.0;26.65;10.72;709.6;0.0;69.0;2.4;0.001;24.94;9.3;47.0
4300;2023-06-29 05:00:00;1.0;2.0;3.0;5.3;20.0;25.25;9.78;709.6;0.0;71.0;2.3;0.001;24.4;9.0;52.0
4301;2023-06-29 06:00:00;1.02;2.3;4.6;7.1;18.0;25.98;9.6;709.9;0.0;73.0;2.3;0.002;24.07;8.6;53.0
4302;2023-06-29 07:00:00;1.08;4.4;9.5;14.1;13.0;28.0;10.62;710.3;0.0;73.0;2.3;0.049;24.04;8.7;68.0
4303;2023-06-29 08:00:00;1.16;6.7;9.8;16.8;16.0;36.03;11.2;710.7;0.0;71.0;2.4;0.149;24.59;8.9;69.0
4304;2023-06-29 09:00:00;1.16;7.3;9.1;16.7;19.0;37.0;11.58;711.0;0.0;67.0;2.4;0.312;25.49;9.9;37.0
4305;2023-06-29 10:00:00;1.13;9.4;11.7;21.3;22.0;38.39;13.17;711.0;0.0;63.0;2.7;0.443;26.44;10.1;29.0
4306;2023-06-29 11:00:00;1.14;6.3;8.5;15.1;31.0;40.64;13.69;710.9;0.0;56.0;3.0;0.754;28.09;13.9;37.0
4307;2023-06-29 12:00:00;1.06;3.6;5.6;9.5;37.0;38.0;12.0;710.6;0.0;47.0;2.8;0.843;30.18;12.7;78.0
4308;2023-06-29 13:00:00;1.04;3.1;4.7;8.1;40.0;40.0;15.0;710.1;0.0;41.0;2.7;0.902;31.83;12.7;87.0
4309;2023-06-29 14:00:00;1.01;3.0;4.8;8.1;43.0;37.0;11.0;709.6;0.0;36.0;2.6;0.912;33.5;12.4;106.0
4310;2023-06-29 15:00:00;0.98;2.7;3.9;6.8;42.0;36.13;11.07;709.1;0.0;32.0;2.5;0.856;34.67;16.1;108.0
4311;2023-06-29 16:00:00;0.98;3.1;4.7;8.0;39.0;33.11;9.21;708.6;0.0;31.0;2.5;0.729;35.33;15.4;115.0
4312;2023-06-29 17:00:00;0.99;3.1;5.5;8.9;36.0;34.27;7.62;708.2;0.0;29.0;2.5;0.45;35.77;14.3;116.0
4313;2023-06-29 18:00:00;1.0;3.0;6.0;9.1;33.0;31.76;6.78;708.1;0.0;31.0;2.4;0.081;34.4;15.8;109.0
4314;2023-06-29 19:00:00;0.99;2.7;5.9;8.8;33.0;24.91;6.45;708.1;0.0;31.0;2.5;0.043;33.82;15.9;103.0
4315;2023-06-29 20:00:00;0.99;2.4;5.6;8.2;32.0;28.83;7.29;708.3;0.0;33.0;2.4;0.007;33.43;16.4;101.0
4316;2023-06-29 21:00:00;1.02;2.2;7.1;9.5;29.0;30.14;8.75;708.7;0.0;37.0;2.4;0.001;32.64;15.2;110.0
4317;2023-06-29 22:00:00;1.04;2.3;5.4;7.9;25.0;39.95;9.03;709.2;0.0;45.0;2.4;0.001;30.82;15.3;82.0
4318;2023-06-29 23:00:00;1.03;2.5;4.8;7.4;21.0;38.04;8.99;709.8;0.0;52.0;2.3;0.001;29.09;13.3;86.0
4319;2023-06-30 00:00:00;1.01;2.3;4.3;6.8;20.0;26.35;8.48;710.3;0.0;56.0;2.3;0.001;28.17;11.6;79.0
4320;2023-06-30 01:00:00;0.99;2.1;3.5;5.8;21.0;26.53;7.89;710.2;0.0;55.0;2.3;0.001;27.82;12.3;65.0
4321;2023-06-30 02:00:00;0.99;2.1;3.4;5.7;19.0;23.11;7.68;710.2;0.0;61.0;2.2;0.001;26.77;10.6;47.0
4322;2023-06-30 03:00:00;1.01;4.6;8.1;12.9;13.0;23.47;8.99;710.1;0.0;66.0;2.3;0.001;26.03;9.8;53.0
4323;2023-06-30 04:00:00;0.99;2.1;2.8;5.1;19.0;20.12;7.31;710.0;0.0;68.0;2.4;0.001;25.65;9.2;79.0
4324;2023-06-30 05:00:00;1.01;2.0;2.7;4.9;19.0;17.95;6.86;710.2;0.0;71.0;2.3;0.001;25.21;8.8;53.0
4325;2023-06-30 06:00:00;1.02;2.2;4.1;6.5;17.0;18.09;7.0;710.4;0.0;71.0;2.3;0.002;25.15;8.9;54.0
4326;2023-06-30 07:00:00;1.07;3.5;7.6;11.3;14.0;21.69;7.39;710.7;0.0;73.0;2.3;0.029;24.77;8.5;48.0
4327;2023-06-30 08:00:00;1.14;8.2;10.0;18.5;14.0;27.17;8.76;711.0;0.0;72.0;2.3;0.136;25.13;8.3;52.0
4328;2023-06-30 09:00:00;1.16;7.0;8.0;15.2;21.0;41.23;9.07;711.2;0.0;66.0;2.4;0.401;26.39;8.4;42.0
4329;2023-06-30 10:00:00;1.09;4.4;5.9;10.6;28.0;31.0;8.44;711.0;0.0;56.0;2.6;0.611;28.42;12.3;92.0
4330;2023-06-30 11:00:00;1.12;4.1;6.7;11.1;35.0;28.51;7.48;710.6;0.0;51.0;2.5;0.766;29.97;12.4;69.0
4331;2023-06-30 12:00:00;1.04;3.1;4.6;8.0;37.0;27.56;6.22;710.2;0.0;43.0;2.4;0.883;31.99;15.2;121.0
4332;2023-06-30 13:00:00;1.03;3.0;4.0;7.3;37.0;23.97;6.02;709.9;0.0;40.0;2.4;0.888;32.82;15.9;112.0
4333;2023-06-30 14:00:00;1.03;2.9;3.9;7.1;37.0;24.27;5.99;709.4;0.0;37.0;2.3;0.837;33.69;17.9;103.0
4334;2023-06-30 15:00:00;1.07;2.9;5.9;9.0;33.0;29.39;6.45;709.2;0.0;39.0;2.4;0.157;32.75;18.9;115.0
4335;2023-06-30 16:00:00;1.08;3.0;6.8;10.1;32.0;30.44;6.61;708.8;0.0;40.0;2.3;0.143;32.37;16.9;104.0
4336;2023-06-30 17:00:00;1.06;3.5;5.9;9.7;33.0;26.67;6.65;708.5;0.0;39.0;2.4;0.338;32.86;15.4;101.0
4337;2023-06-30 18:00:00;1.05;3.2;6.5;9.9;31.0;25.46;6.94;708.4;0.0;38.0;2.3;0.174;32.84;16.5;112.0
4338;2023-06-30 19:00:00;1.1;3.0;7.6;10.8;31.0;29.86;7.79;708.5;0.0;40.0;2.4;0.061;32.19;14.7;124.0
4339;2023-06-30 20:00:00;1.06;2.5;6.9;9.6;30.0;21.69;7.58;708.8;0.0;44.0;2.4;0.01;31.07;15.0;122.0
4340;2023-06-30 21:00:00;1.05;2.2;7.5;9.8;28.0;23.54;8.52;708.9;0.0;46.0;2.3;0.001;30.38;15.4;106.0
4341;2023-06-30 22:00:00;1.09;2.2;9.3;11.7;26.0;26.31;10.41;709.1;0.0;45.0;2.3;0.001;30.28;12.1;83.0
4342;2023-06-30 23:00:00;1.06;2.3;5.4;7.9;25.0;34.12;9.66;709.4;0.0;55.0;2.3;0.001;29.14;10.4;88.0
4343;2023-07-01 00:00:00;;;;;;;;;;;;;;;
4344;2023-07-01 01:00:00;1.07;2.2;4.0;6.3;20.0;25.82;9.76;710.1;0.0;65.0;2.2;0.001;27.15;13.1;53.0
4345;2023-07-01 02:00:00;1.05;2.2;3.7;6.0;19.0;21.59;7.87;710.1;0.0;66.0;2.2;0.001;26.53;12.2;56.0
4346;2023-07-01 03:00:00;1.04;2.2;3.9;6.2;18.0;20.78;7.78;710.2;0.0;67.0;2.3;0.001;26.18;10.5;58.0
4347;2023-07-01 04:00:00;1.03;2.1;3.2;5.5;18.0;20.75;7.73;710.2;0.0;68.0;2.2;0.001;25.7;10.5;52.0
4348;2023-07-01 05:00:00;1.03;2.0;3.0;5.3;17.0;19.9;7.64;710.7;0.0;70.0;2.2;0.001;25.48;8.7;56.0
4349;2023-07-01 06:00:00;1.04;2.2;4.2;6.5;15.0;20.93;8.02;711.0;0.0;71.0;2.2;0.002;25.29;9.5;62.0
4350;2023-07-01 07:00:00;1.07;2.8;5.5;8.5;14.0;23.57;8.36;711.2;0.0;74.0;2.2;0.026;24.94;10.2;65.0
4351;2023-07-01 08:00:00;1.1;4.5;5.7;10.5;15.0;22.45;8.78;711.4;0.0;72.0;2.2;0.16;25.38;8.9;61.0
4352;2023-07-01 09:00:00;1.13;6.5;6.8;13.6;18.0;26.22;9.68;711.6;0.0;67.0;2.3;0.366;26.67;8.1;36.0
4353;2023-07-01 10:00:00;1.16;9.8;10.5;20.5;21.0;37.48;13.72;711.6;0.0;62.0;2.3;0.49;27.71;8.2;33.0
4354;2023-07-01 11:00:00;1.26;5.9;11.8;18.0;31.0;53.5;16.6;711.7;0.0;59.0;2.4;0.366;28.43;9.4;36.0
4355;2023-07-01 12:00:00;1.26;4.7;12.5;17.4;51.0;57.08;18.8;711.5;0.0;54.0;2.6;0.808;29.91;8.1;38.0
4356;2023-07-01 13:00:00;1.24;3.8;13.2;17.3;68.0;51.81;20.65;711.0;0.0;50.0;2.8;0.877;31.07;8.4;52.0
4357;2023-07-01 14:00:00;1.21;3.3;11.7;15.2;76.0;49.82;18.64;710.5;0.0;46.0;3.0;0.885;32.35;9.2;24.0
4358;2023-07-01 15:00:00;1.16;2.8;7.6;10.6;66.0;40.58;15.32;709.8;0.0;42.0;2.6;0.817;33.61;10.1;46.0
4359;2023-07-01 16:00:00;1.1;3.0;7.1;10.3;55.0;31.82;12.9;709.2;0.0;37.0;2.5;0.61;34.85;11.6;47.0
4360;2023-07-01 17:00:00;1.05;2.6;5.1;7.9;44.0;28.26;11.44;708.7;0.0;36.0;2.5;0.321;34.71;12.3;86.0
4361;2023-07-01 18:00:00;1.07;2.6;5.7;8.5;38.0;27.68;13.41;708.3;0.0;36.0;2.5;0.162;34.4;12.5;99.0
4362;2023-07-01 19:00:00;1.07;2.5;5.6;8.3;34.0;33.19;18.43;708.2;0.0;35.0;2.6;0.093;34.03;13.3;105.0
4363;2023-07-01 20:00:00;1.01;2.2;5.4;7.9;32.0;23.38;11.9;708.6;0.0;35.0;2.6;0.013;33.42;13.4;101.0
4364;2023-07-01 21:00:00;1.03;2.4;9.8;12.4;26.0;24.09;11.61;708.9;0.0;35.0;2.5;0.001;32.83;11.2;121.0
4365;2023-07-01 22:00:00;1.06;2.3;5.8;8.3;25.0;35.77;11.14;709.5;0.0;46.0;2.4;0.001;31.41;14.1;80.0
4366;2023-07-01 23:00:00;1.08;2.3;4.6;7.1;22.0;31.89;10.97;710.1;0.0;55.0;2.3;0.001;29.56;14.8;71.0
4367;2023-07-02 00:00:00;1.07;2.2;4.8;7.2;19.0;31.22;10.51;710.4;0.0;59.0;2.3;0.001;28.37;14.0;69.0
4368;2023-07-02 01:00:00;1.05;2.1;3.9;6.3;20.0;26.25;9.81;710.3;0.0;60.0;2.2;0.001;27.61;13.6;69.0
4369;2023-07-02 02:00:00;1.03;2.1;3.1;5.4;20.0;21.7;9.24;710.0;0.0;63.0;2.3;0.001;26.57;15.1;62.0
4370;2023-07-02 03:00:00;1.03;2.1;3.6;5.9;19.0;22.37;9.31;709.8;0.0;67.0;2.3;0.001;25.79;12.6;55.0
4371;2023-07-02 04:00:00;1.03;2.1;3.2;5.5;19.0;21.92;9.33;709.8;0.0;69.0;2.3;0.001;25.22;11.7;44.0
4372;2023-07-02 05:00:00;1.03;2.0;3.2;5.5;19.0;22.48;9.44;709.8;0.0;70.0;2.3;0.001;24.78;9.9;49.0
4373;2023-07-02 06:00:00;1.03;2.0;3.1;5.3;18.0;21.08;9.19;710.1;0.0;73.0;2.4;0.001;24.24;9.2;55.0
4374;2023-07-02 07:00:00;1.08;4.9;9.8;14.9;11.0;29.75;11.88;710.7;0.0;74.0;2.2;0.01;24.23;7.6;52.0
4375;2023-07-02 08:00:00;1.08;7.7;11.7;19.6;11.0;42.7;14.16;711.3;0.0;74.0;2.5;0.028;24.25;8.0;47.0
4376;2023-07-02 09:00:00;1.09;6.8;12.4;19.4;11.0;35.75;14.92;711.4;0.0;72.0;2.7;0.056;24.51;6.0;43.0
4377;2023-07-02 10:00:00;1.14;7.3;8.7;16.3;19.0;39.49;19.08;711.1;0.0;65.0;3.0;0.45;26.48;5.9;52.0
4378;2023-07-02 11:00:00;1.16;5.2;9.1;14.5;32.0;42.88;21.88;711.1;0.0;57.0;3.0;0.505;28.37;5.8;20.0
4379;2023-07-02 12:00:00;1.37;4.5;12.0;16.7;52.0;45.96;24.54;710.9;0.0;51.0;3.0;0.857;30.24;6.6;40.0
4380;2023-07-02 13:00:00;1.28;3.9;12.9;16.9;68.0;44.31;24.61;710.5;0.0;47.0;3.5;0.848;31.0;9.4;30.0
4381;2023-07-02 14:00:00;1.13;2.5;7.3;10.0;78.0;38.18;20.68;710.0;0.0;41.0;3.4;0.893;32.55;11.4;57.0
4382;2023-07-02 15:00:00;1.05;2.4;4.6;7.3;55.0;35.68;17.45;709.5;0.0;38.0;3.2;0.713;33.29;13.2;60.0
4383;2023-07-02 16:00:00;1.03;2.3;3.8;6.3;41.0;28.11;13.97;709.4;0.0;37.0;2.8;0.135;32.81;10.5;84.0
4384;2023-07-02 17:00:00;1.05;2.0;4.5;6.8;42.0;53.89;14.89;709.4;0.0;42.0;2.6;0.039;31.34;8.9;182.0
4385;2023-07-02 18:00:00;1.17;2.3;8.6;11.1;40.0;45.96;16.62;709.2;0.0;55.0;2.4;0.055;28.54;7.0;199.0
4386;2023-07-02 19:00:00;1.19;2.5;12.9;15.6;35.0;36.03;17.59;709.2;0.0;54.0;2.5;0.044;28.73;6.9;211.0
4387;2023-07-02 20:00:00;1.46;2.3;9.8;12.3;30.0;34.45;14.56;709.2;0.0;49.0;2.7;0.009;29.3;7.8;25.0
4388;2023-07-02 21:00:00;1.24;2.3;8.1;10.6;29.0;28.27;12.72;709.2;0.0;49.0;2.6;0.001;29.3;7.4;15.0
4389;2023-07-02 22:00:00;1.19;2.3;8.9;11.4;27.0;27.43;12.2;710.1;0.0;53.0;2.5;0.001;28.97;10.9;38.0
4390;2023-07-02 23:00:00;1.15;2.3;9.9;12.4;21.0;35.38;10.75;710.6;0.0;62.0;2.4;0.001;26.93;10.2;49.0
4391;2023-07-03 00:00:00;1.15;2.2;8.1;10.4;23.0;24.23;8.8;710.9;0.0;71.0;2.4;0.001;25.31;14.3;58.0
4392;2023-07-03 01:00:00;1.11;2.2;4.1;6.5;24.0;15.57;7.43;711.3;0.0;83.0;2.4;0.001;23.09;7.6;50.0
4393;2023-07-03 02:00:00;1.1;2.3;5.5;8.1;21.0;10.36;4.96;711.1;0.0;85.0;2.2;0.001;22.87;4.6;46.0
4394;2023-07-03 03:00:00;1.14;3.9;18.3;22.5;10.0;27.84;8.31;710.6;0.0;85.0;2.3;0.001;22.86;5.9;23.0
4395;2023-07-03 04:00:00;1.12;2.2;4.9;7.4;21.0;14.6;10.41;710.2;0.0;85.0;2.2;0.001;22.89;5.8;52.0
4396;2023-07-03 05:00:00;1.19;2.7;13.3;16.2;13.0;28.87;16.13;710.3;0.0;85.0;2.2;0.001;22.87;7.9;355.0
4397;2023-07-03 06:00:00;1.25;2.7;13.9;16.8;12.0;30.42;20.06;710.6;0.0;85.0;2.2;0.001;23.01;4.0;13.0
4398;2023-07-03 07:00:00;1.36;7.1;13.8;21.1;11.0;33.38;20.04;710.6;0.0;84.0;2.3;0.024;23.3;2.1;214.0
4399;2023-07-03 08:00:00;1.42;13.2;15.9;29.4;12.0;46.66;24.82;710.7;0.0;81.0;2.4;0.153;24.31;3.2;32.0
4400;2023-07-03 09:00:00;1.46;20.2;20.9;41.3;10.0;70.57;32.21;711.2;0.0;76.0;2.5;0.105;25.08;5.1;36.0
4401;2023-07-03 10:00:00;1.41;13.5;17.6;31.4;15.0;54.58;28.33;711.3;0.0;75.0;2.5;0.287;25.42;6.0;354.0
4402;2023-07-03 11:00:00;1.44;12.1;19.1;31.5;25.0;61.68;30.09;711.4;0.0;67.0;2.6;0.572;27.37;7.8;18.0
4403;2023-07-03 12:00:00;1.35;8.4;19.9;28.6;42.0;61.98;32.61;711.2;0.0;61.0;2.7;0.644;28.59;10.1;37.0
4404;2023-07-03 13:00:00;1.25;4.1;14.1;18.4;65.0;55.5;30.87;710.7;0.0;57.0;2.8;0.724;29.65;10.6;38.0
4405;2023-07-03 14:00:00;1.26;3.2;13.5;16.9;66.0;50.29;28.52;710.3;0.0;56.0;2.7;0.321;29.54;9.7;51.0
4406;2023-07-03 15:00:00;1.22;3.3;11.7;15.2;56.0;42.33;22.83;709.9;0.0;55.0;2.6;0.236;29.51;9.9;57.0
4407;2023-07-03 16:00:00;1.27;4.0;16.5;20.7;50.0;36.23;19.3;709.7;0.0;55.0;2.5;0.18;29.23;5.3;244.0
4408;2023-07-03 17:00:00;1.31;4.0;15.6;19.7;50.0;38.66;20.62;709.4;0.0;53.0;2.4;0.175;30.03;5.5;200.0
4409;2023-07-03 18:00:00;1.27;5.0;12.8;18.0;29.0;33.29;17.72;709.3;0.0;59.0;2.4;0.09;29.1;6.1;195.0
4410;2023-07-03 19:00:00;1.31;5.5;15.2;21.0;26.0;37.38;17.75;709.3;0.0;59.0;2.3;0.054;28.64;8.1;211.0
4411;2023-07-03 20:00:00;1.37;4.5;24.9;29.6;18.0;38.22;17.19;709.6;0.0;56.0;2.3;0.005;28.33;4.6;234.0
4412;2023-07-03 21:00:00;1.56;6.2;30.3;36.8;10.0;46.14;17.46;709.8;0.0;53.0;2.6;0.001;28.38;3.3;196.0
4413;2023-07-03 22:00:00;1.23;6.8;22.2;29.3;13.0;46.76;13.72;711.0;0.0;59.0;2.7;0.001;26.97;13.1;57.0
4414;2023-07-03 23:00:00;1.11;2.5;8.5;11.2;24.0;16.37;7.64;711.9;0.0;76.0;2.5;0.001;23.65;10.8;106.0
4415;2023-07-04 00:00:00;1.08;2.5;5.7;8.4;25.0;9.98;6.07;711.7;0.0;77.0;2.3;0.001;23.42;6.1;110.0
4416;2023-07-04 01:00:00;1.07;2.4;6.4;8.9;22.0;10.28;5.71;711.1;0.0;75.0;2.3;0.001;24.06;5.5;53.0
4417;2023-07-04 02:00:00;;;;;;;;;;;;0.0;;;
4418;2023-07-04 03:00:00;1.11;2.5;7.7;10.4;17.0;16.59;9.02;710.6;0.0;76.0;2.3;0.001;24.07;6.6;63.0
4419;2023-07-04 04:00:00;1.1;2.2;6.0;8.5;17.0;19.5;10.75;710.5;0.0;80.0;2.3;0.001;23.57;6.2;66.0
4420;2023-07-04 05:00:00;1.11;2.7;7.9;10.9;14.0;22.95;12.77;710.8;0.0;80.0;2.3;0.001;23.39;4.8;58.0
4421;2023-07-04 06:00:00;1.13;4.4;13.0;17.6;9.0;28.88;14.16;710.9;0.0;80.0;2.4;0.001;23.33;4.5;55.0
4422;2023-07-04 07:00:00;1.22;14.7;15.9;30.8;8.0;58.74;18.46;711.1;0.0;80.0;2.4;0.029;23.47;4.4;16.0
4423;2023-07-04 08:00:00;1.34;15.4;16.3;32.0;14.0;55.09;20.16;711.4;0.0;77.0;2.6;0.117;24.0;6.3;26.0
4424;2023-07-04 09:00:00;1.4;14.5;17.2;32.0;16.0;63.26;25.5;711.5;0.0;70.0;2.6;0.307;25.51;6.1;40.0
4425;2023-07-04 10:00:00;1.48;8.9;15.7;24.8;27.0;54.93;25.37;711.5;0.0;63.0;2.7;0.519;27.07;6.3;28.0
4426;2023-07-04 11:00:00;1.49;9.0;20.6;29.9;34.0;59.63;29.32;711.6;0.0;60.0;2.6;0.546;27.85;7.0;40.0
4427;2023-07-04 12:00:00;1.36;6.2;19.6;26.0;56.0;70.23;35.36;711.5;0.0;57.0;2.7;0.722;28.82;9.6;45.0
4428;2023-07-04 13:00:00;1.27;3.3;12.0;15.5;80.0;54.89;32.57;711.3;0.0;54.0;2.6;0.908;29.66;11.6;65.0
4429;2023-07-04 14:00:00;1.2;3.2;9.9;13.2;72.0;48.18;27.42;710.8;0.0;51.0;2.5;0.772;30.62;13.0;50.0
4430;2023-07-04 15:00:00;1.09;3.1;6.4;9.8;49.0;35.09;19.18;710.3;0.0;43.0;2.5;0.705;32.27;13.0;91.0
4431;2023-07-04 16:00:00;1.04;3.0;5.6;8.8;48.0;31.73;17.02;709.9;0.0;39.0;2.6;0.639;32.99;13.0;82.0
4432;2023-07-04 17:00:00;1.03;3.1;6.1;9.4;47.0;31.94;16.07;709.7;0.0;34.0;2.8;0.521;33.84;12.9;77.0
4433;2023-07-04 18:00:00;1.07;3.3;7.9;11.4;46.0;30.84;14.8;709.6;0.0;30.0;4.2;0.262;34.13;10.9;91.0
4434;2023-07-04 19:00:00;1.1;3.3;10.3;13.8;43.0;29.83;15.33;709.6;0.0;33.0;4.3;0.065;33.39;8.2;116.0
4435;2023-07-04 20:00:00;1.1;2.5;11.3;13.9;36.0;27.06;14.71;709.9;0.0;36.0;3.2;0.015;32.21;7.0;135.0
4436;2023-07-04 21:00:00;1.11;2.4;11.9;14.5;30.0;33.21;14.2;710.4;0.0;38.0;2.8;0.001;31.56;9.7;100.0
4437;2023-07-04 22:00:00;1.04;2.8;6.1;9.1;23.0;30.85;8.65;711.3;0.0;48.0;2.6;0.001;29.77;15.5;86.0
4438;2023-07-04 23:00:00;1.02;2.3;3.8;6.3;23.0;25.34;7.74;711.7;0.0;55.0;2.4;0.001;28.33;14.6;79.0
4439;2023-07-05 00:00:00;1.04;2.3;4.1;6.6;21.0;26.96;8.18;711.7;0.0;62.0;2.3;0.001;27.2;11.9;71.0
4440;2023-07-05 01:00:00;1.05;2.1;3.7;6.0;20.0;26.26;8.45;711.5;0.0;69.0;2.3;0.001;26.04;11.2;54.0
4441;2023-07-05 02:00:00;1.06;2.1;4.0;6.3;19.0;24.08;8.3;711.3;0.0;72.0;2.3;0.001;25.45;9.1;55.0
4442;2023-07-05 03:00:00;1.05;;3.9;6.2;18.0;23.75;8.13;711.2;0.0;72.0;2.2;0.001;25.27;7.9;43.0
4443;2023-07-05 04:00:00;1.04;2.0;3.4;5.6;19.0;25.57;8.26;711.1;0.0;71.0;2.2;0.001;25.19;7.2;45.0
4444;2023-07-05 05:00:00;1.04;2.0;3.3;5.6;20.0;23.9;8.22;711.1;0.0;72.0;2.3;0.001;24.84;7.6;46.0
4445;2023-07-05 06:00:00;1.06;2.3;6.3;8.8;17.0;26.91;8.74;711.3;0.0;74.0;2.2;0.002;24.38;7.5;52.0
4446;2023-07-05 07:00:00;1.12;3.7;8.8;12.8;14.0;29.42;9.6;711.7;0.0;76.0;2.3;0.042;24.0;7.8;67.0
4447;2023-07-05 08:00:00;1.25;11.4;13.7;25.4;10.0;40.6;12.11;711.8;0.0;76.0;2.2;0.082;24.4;6.3;68.0
4448;2023-07-05 09:00:00;1.31;16.8;15.9;33.1;14.0;55.94;16.35;711.9;0.0;71.0;2.4;0.264;25.64;6.1;52.0
4449;2023-07-05 10:00:00;1.49;11.5;16.9;28.7;22.0;70.06;20.48;711.8;0.0;65.0;2.5;0.44;26.79;6.9;18.0
4450;2023-07-05 11:00:00;1.65;7.4;16.3;23.9;41.0;177.4;30.35;711.7;0.0;56.0;2.8;0.761;28.73;6.1;19.0
4451;2023-07-05 12:00:00;1.36;6.1;19.5;25.9;58.0;83.71;25.81;711.6;0.0;51.0;2.7;0.855;30.15;8.6;61.0
4452;2023-07-05 13:00:00;1.23;3.4;11.4;15.0;72.0;51.92;19.15;711.4;0.0;50.0;2.7;0.925;30.78;13.7;59.0
4453;2023-07-05 14:00:00;1.14;3.1;8.4;11.7;61.0;46.55;19.78;710.9;0.0;46.0;3.3;0.922;31.84;15.8;75.0
4454;2023-07-05 15:00:00;1.04;3.3;5.7;9.3;42.0;29.4;12.43;710.5;0.0;40.0;3.9;0.883;32.82;14.4;114.0
4455;2023-07-05 16:00:00;1.01;3.4;5.3;9.0;38.0;24.66;10.27;710.0;0.0;37.0;3.0;0.707;33.31;14.9;115.0
4456;2023-07-05 17:00:00;1.02;3.3;5.2;8.7;38.0;23.39;10.09;709.7;0.0;36.0;2.7;0.419;33.26;14.4;101.0
4457;2023-07-05 18:00:00;1.05;3.4;6.1;9.8;37.0;23.49;9.71;709.5;0.0;35.0;2.7;0.301;33.59;13.7;73.0
4458;2023-07-05 19:00:00;1.08;3.2;7.5;10.9;34.0;25.06;9.14;709.6;0.0;34.0;2.8;0.041;33.39;11.1;103.0
4459;2023-07-05 20:00:00;1.11;2.7;8.5;11.4;28.0;27.95;7.37;710.0;0.0;44.0;3.1;0.006;31.63;16.0;77.0
4460;2023-07-05 21:00:00;1.08;2.3;6.0;8.6;26.0;20.3;6.23;710.5;0.0;50.0;2.8;0.001;30.14;13.2;112.0
4461;2023-07-05 22:00:00;1.04;2.3;5.1;7.6;27.0;16.39;5.2;710.8;0.0;52.0;2.6;0.001;29.28;13.2;104.0
4462;2023-07-05 23:00:00;1.06;2.1;4.7;7.0;25.0;16.26;5.25;711.2;0.0;58.0;2.5;0.001;28.22;10.6;90.0
4463;2023-07-06 00:00:00;1.08;2.1;5.0;7.3;24.0;18.07;5.6;711.4;0.0;63.0;2.3;0.001;27.24;9.4;71.0
4464;2023-07-06 01:00:00;1.08;2.1;4.5;6.8;24.0;15.85;5.3;711.4;0.0;66.0;2.2;0.001;26.7;8.4;71.0
4465;2023-07-06 02:00:00;1.07;2.4;6.0;8.6;21.0;15.47;5.45;711.1;0.0;67.0;2.3;0.001;26.38;8.4;51.0
4466;2023-07-06 03:00:00;1.1;2.3;10.7;13.2;16.0;26.41;8.01;710.9;0.0;72.0;2.3;0.001;25.38;8.3;27.0
4467;2023-07-06 04:00:00;1.08;2.3;11.6;14.1;15.0;30.82;8.85;710.5;0.0;74.0;2.3;0.001;24.8;4.9;40.0
4468;2023-07-06 05:00:00;1.15;2.2;13.1;15.4;14.0;38.44;12.12;710.5;0.0;74.0;2.3;0.001;24.7;5.0;43.0
4469;2023-07-06 06:00:00;1.13;2.3;9.6;12.1;15.0;32.27;13.02;710.9;0.0;75.0;2.3;0.001;24.67;6.7;83.0
4470;2023-07-06 07:00:00;1.18;6.1;13.9;20.2;11.0;34.01;14.33;711.0;0.0;76.0;2.3;0.026;24.65;5.2;69.0
4471;2023-07-06 08:00:00;1.3;12.8;16.7;29.8;10.0;40.01;14.87;711.5;0.0;74.0;2.4;0.075;25.02;7.3;64.0
4472;2023-07-06 09:00:00;1.35;10.9;17.3;28.5;13.0;47.28;17.26;711.7;0.0;72.0;2.5;0.1;25.46;5.4;52.0
4473;2023-07-06 10:00:00;1.35;12.6;18.8;31.7;18.0;60.82;20.91;711.6;0.0;68.0;2.5;0.279;26.58;5.6;15.0
4474;2023-07-06 11:00:00;1.27;8.2;16.5;25.0;26.0;61.27;24.31;711.7;0.0;66.0;2.5;0.255;26.84;10.9;43.0
4475;2023-07-06 12:00:00;1.19;9.0;16.8;26.0;34.0;52.34;23.21;711.6;0.0;61.0;2.9;0.663;28.11;9.7;47.0
4476;2023-07-06 13:00:00;1.16;8.3;15.2;23.7;42.0;43.52;19.89;711.1;0.0;52.0;3.4;0.896;30.06;8.8;50.0
4477;2023-07-06 14:00:00;1.14;3.2;9.1;12.5;67.0;38.39;18.77;710.5;0.0;46.0;3.6;0.893;31.36;10.8;55.0
4478;2023-07-06 15:00:00;1.09;3.1;6.6;10.0;57.0;36.82;16.45;709.9;0.0;43.0;5.0;0.829;32.36;11.6;64.0
4479;2023-07-06 16:00:00;1.07;2.8;6.0;9.0;49.0;43.3;20.39;709.4;0.0;42.0;3.9;0.477;32.71;11.1;104.0
4480;2023-07-06 17:00:00;1.14;4.1;8.8;13.2;34.0;58.9;12.68;709.5;0.0;48.0;3.2;0.187;31.3;15.7;39.0
4481;2023-07-06 18:00:00;1.18;3.7;10.0;13.9;31.0;36.45;11.19;710.5;0.0;70.0;2.6;0.11;24.82;15.2;90.0
4482;2023-07-06 19:00:00;1.22;3.4;13.0;16.6;27.0;11.28;4.83;710.7;0.0;73.0;2.5;0.047;24.16;12.2;105.0
4483;2023-07-06 20:00:00;1.13;2.4;7.9;10.4;31.0;8.94;3.59;711.1;0.0;73.0;2.4;0.009;23.52;11.9;106.0
4484;2023-07-06 21:00:00;1.07;2.2;5.5;7.9;34.0;10.26;3.34;710.8;0.0;71.0;2.4;0.001;23.56;14.1;115.0
4485;2023-07-06 22:00:00;1.08;3.7;7.5;11.4;31.0;12.67;4.23;711.2;0.0;70.0;2.4;0.001;23.85;7.7;63.0
4486;2023-07-06 23:00:00;1.13;2.3;11.4;13.9;25.0;14.78;5.06;711.4;0.0;70.0;2.2;0.001;23.87;4.2;81.0
4487;2023-07-07 00:00:00;1.2;2.6;17.5;20.3;17.0;18.02;6.02;711.4;0.0;71.0;2.3;0.001;24.18;6.8;36.0
4488;2023-07-07 01:00:00;1.22;6.2;21.7;28.1;10.0;25.05;9.59;711.2;0.0;76.0;2.3;0.001;23.71;7.1;54.0
4489;2023-07-07 02:00:00;1.24;2.7;15.8;18.7;12.0;27.11;10.74;710.8;0.0;80.0;2.3;0.001;23.41;4.7;79.0
4490;2023-07-07 03:00:00;1.21;2.5;15.2;17.9;12.0;28.6;13.51;710.5;0.0;81.0;2.3;0.001;23.34;4.4;38.0
4491;2023-07-07 04:00:00;1.16;2.3;10.0;12.5;17.0;18.55;7.49;710.5;0.0;80.0;2.3;0.001;23.24;4.7;74.0
4492;2023-07-07 05:00:00;1.09;2.2;6.7;9.2;20.0;19.79;8.19;710.4;0.0;80.0;2.3;0.001;23.32;5.4;59.0
4493;2023-07-07 06:00:00;1.09;2.3;9.1;11.6;18.0;20.04;7.98;710.3;0.0;79.0;2.2;0.001;23.41;5.4;62.0
4494;2023-07-07 07:00:00;1.15;4.8;14.5;19.4;12.0;28.16;9.21;710.3;0.0;78.0;2.2;0.032;23.56;5.0;48.0
4495;2023-07-07 08:00:00;1.27;14.3;14.9;29.5;14.0;37.26;12.82;710.4;0.0;77.0;2.3;0.22;24.23;6.0;43.0
4496;2023-07-07 09:00:00;1.32;18.4;16.8;35.5;15.0;44.07;16.98;710.6;0.0;71.0;2.5;0.352;25.46;6.8;47.0
4497;2023-07-07 10:00:00;1.32;16.4;17.6;34.3;18.0;69.43;23.98;710.9;0.0;68.0;3.1;0.397;25.98;8.9;34.0
4498;2023-07-07 11:00:00;1.29;7.5;16.1;23.8;28.0;58.44;22.13;710.9;0.0;65.0;3.0;0.285;26.55;8.8;27.0
4499;2023-07-07 12:00:00;1.22;4.3;9.6;14.1;42.0;38.84;15.98;710.7;0.0;61.0;2.7;0.681;27.64;11.3;71.0
4500;2023-07-07 13:00:00;1.14;3.3;7.9;11.5;45.0;28.45;12.23;710.2;0.0;55.0;2.6;0.471;28.98;10.3;79.0
4501;2023-07-07 14:00:00;1.05;3.3;4.8;8.4;37.0;19.91;8.67;709.8;0.0;49.0;2.5;0.934;30.28;14.4;130.0
4502;2023-07-07 15:00:00;1.08;3.5;6.0;9.7;38.0;24.62;9.19;709.4;0.0;49.0;2.4;0.468;30.35;14.1;127.0
4503;2023-07-07 16:00:00;1.08;3.3;6.1;9.7;39.0;24.58;9.11;709.2;0.0;47.0;2.4;0.512;30.64;16.1;123.0
4504;2023-07-07 17:00:00;1.08;3.3;6.4;10.0;40.0;28.55;9.41;708.8;0.0;45.0;2.4;0.378;31.02;16.2;122.0
4505;2023-07-07 18:00:00;1.07;3.2;5.6;9.1;35.0;29.0;9.93;708.7;0.0;43.0;2.4;0.281;31.16;15.7;126.0
4506;2023-07-07 19:00:00;1.1;3.2;6.8;10.2;30.0;34.38;10.98;708.7;0.0;44.0;2.3;0.059;30.77;14.2;118.0
4507;2023-07-07 20:00:00;1.11;2.6;9.4;12.2;26.0;37.02;11.96;708.8;0.0;49.0;2.3;0.011;29.58;13.8;122.0
4508;2023-07-07 21:00:00;1.07;2.4;7.7;10.3;25.0;32.64;11.03;708.9;0.0;51.0;2.4;0.001;28.61;14.6;122.0
4509;2023-07-07 22:00:00;1.05;2.2;6.5;8.9;26.0;30.46;11.37;709.2;0.0;52.0;2.3;0.001;27.81;14.0;123.0
4510;2023-07-07 23:00:00;1.04;2.2;5.1;7.5;28.0;26.75;11.46;709.5;0.0;53.0;2.3;0.001;27.29;11.6;123.0
4511;2023-07-08 00:00:00;1.04;2.4;6.8;9.4;26.0;29.19;12.49;709.6;0.0;55.0;2.3;0.001;26.81;9.4;91.0
4512;2023-07-08 01:00:00;1.12;3.0;11.6;14.8;16.0;38.24;16.16;709.9;0.0;62.0;2.2;0.001;25.97;8.0;46.0
4513;2023-07-08 02:00:00;1.09;3.4;8.3;12.0;16.0;39.46;17.47;710.1;0.0;69.0;2.2;0.001;24.98;10.0;53.0
4514;2023-07-08 03:00:00;1.06;2.1;4.3;6.6;18.0;36.73;15.51;710.2;0.0;70.0;2.2;0.001;24.76;9.8;50.0
4515;2023-07-08 04:00:00;1.04;2.1;3.6;5.9;17.0;31.3;14.03;710.1;0.0;74.0;2.2;0.001;24.28;9.5;54.0
4516;2023-07-08 05:00:00;1.05;;4.0;6.3;16.0;32.48;14.58;709.7;0.0;75.0;2.3;0.001;24.1;8.2;42.0
4517;2023-07-08 06:00:00;1.08;2.2;6.3;8.7;13.0;34.83;14.98;709.8;0.0;75.0;2.3;0.001;23.99;5.9;32.0
4518;2023-07-08 07:00:00;1.15;6.2;10.4;16.8;9.0;39.49;15.94;710.0;0.0;76.0;2.2;0.028;23.92;4.9;35.0
4519;2023-07-08 08:00:00;1.23;17.6;12.0;29.8;9.0;48.41;18.59;710.4;0.0;77.0;2.4;0.085;24.07;6.0;57.0
4520;2023-07-08 09:00:00;1.31;29.3;15.0;44.5;10.0;62.97;22.86;710.7;0.0;73.0;2.5;0.258;24.96;7.2;36.0
4521;2023-07-08 10:00:00;1.31;15.1;15.0;30.4;15.0;61.68;25.39;710.9;0.0;70.0;2.7;0.39;25.64;8.8;60.0
4522;2023-07-08 11:00:00;1.21;8.5;15.8;24.6;26.0;64.79;25.64;710.9;0.0;62.0;3.0;0.371;27.13;6.1;41.0
4523;2023-07-08 12:00:00;1.21;4.5;11.8;16.5;42.0;50.05;21.31;710.7;0.0;59.0;3.0;0.425;27.83;8.2;71.0
4524;2023-07-08 13:00:00;1.13;3.2;7.8;11.2;56.0;40.78;19.01;710.2;0.0;52.0;2.7;0.811;29.63;8.0;31.0
4525;2023-07-08 14:00:00;1.11;3.1;7.2;10.6;53.0;38.89;17.98;709.7;0.0;48.0;2.6;0.779;30.84;9.4;48.0
4526;2023-07-08 15:00:00;1.03;2.9;4.9;8.0;42.0;29.0;14.66;709.2;0.0;41.0;2.5;0.769;32.03;12.4;100.0
4527;2023-07-08 16:00:00;1.06;2.7;5.5;8.4;42.0;32.65;15.76;708.9;0.0;42.0;2.4;0.381;32.32;12.1;98.0
4528;2023-07-08 17:00:00;1.08;2.4;5.6;8.3;41.0;45.46;17.86;708.9;0.0;47.0;2.3;0.108;31.1;13.9;102.0
4529;2023-07-08 18:00:00;1.1;2.3;6.1;8.6;34.0;36.3;11.99;709.0;0.0;77.0;2.2;0.045;23.6;6.6;234.0
4530;2023-07-08 19:00:00;1.34;3.8;19.4;23.5;17.0;26.4;13.32;708.8;0.0;73.0;2.3;0.024;25.85;4.4;170.0
4531;2023-07-08 20:00:00;1.45;8.3;25.9;34.5;9.0;34.29;15.97;709.0;0.0;67.0;2.2;0.009;26.72;3.1;163.0
4532;2023-07-08 21:00:00;1.49;11.3;25.3;36.8;7.0;41.98;18.0;709.3;0.0;68.0;2.3;0.001;26.73;3.3;237.0
4533;2023-07-08 22:00:00;1.54;7.8;23.5;31.5;7.0;48.01;20.94;709.8;0.0;67.0;2.2;0.001;26.85;3.8;92.0
4534;2023-07-08 23:00:00;1.39;4.5;20.1;24.8;9.0;39.16;18.98;709.9;0.0;67.0;2.3;0.001;26.71;2.7;41.0
4535;2023-07-09 00:00:00;1.22;2.6;12.3;15.1;16.0;30.26;15.28;710.0;0.0;66.0;2.2;0.001;26.68;2.9;72.0
4536;2023-07-09 01:00:00;1.19;5.2;13.2;18.7;14.0;34.43;15.16;709.9;0.0;68.0;2.3;0.001;26.3;4.7;19.0
4537;2023-07-09 02:00:00;1.24;3.0;13.1;16.3;12.0;31.32;13.64;709.6;0.0;71.0;2.2;0.001;25.75;3.4;347.0
4538;2023-07-09 03:00:00;1.17;2.6;12.2;14.9;13.0;35.06;11.85;709.4;0.0;72.0;2.3;0.001;25.16;6.1;29.0
4539;2023-07-09 04:00:00;1.13;2.5;8.1;10.8;15.0;26.81;9.09;709.4;0.0;74.0;2.2;0.001;24.43;5.2;62.0
4540;2023-07-09 05:00:00;1.15;4.8;14.7;19.7;9.0;42.66;12.05;709.6;0.0;76.0;2.2;0.001;24.13;5.4;30.0
4541;2023-07-09 06:00:00;1.12;6.5;15.1;21.8;8.0;49.09;12.22;709.7;0.0;78.0;2.3;0.001;23.86;4.4;45.0
4542;2023-07-09 07:00:00;1.16;4.9;14.3;19.4;9.0;47.66;12.85;709.9;0.0;77.0;2.3;0.02;23.93;3.6;37.0
4543;2023-07-09 08:00:00;1.24;7.1;13.8;21.1;11.0;47.09;17.56;710.2;0.0;76.0;2.3;0.067;24.34;4.0;25.0
4544;2023-07-09 09:00:00;1.25;7.2;11.8;19.3;16.0;48.78;20.13;710.5;0.0;73.0;2.4;0.171;25.12;5.7;22.0
4545;2023-07-09 10:00:00;1.37;6.7;10.5;17.4;24.0;53.18;28.96;710.6;0.0;68.0;2.5;0.483;26.51;5.5;28.0
4546;2023-07-09 11:00:00;1.41;7.7;13.7;21.7;32.0;61.91;29.11;710.6;0.0;62.0;2.5;0.678;27.99;7.0;38.0
4547;2023-07-09 12:00:00;1.31;8.5;18.4;27.2;40.0;64.63;31.77;710.4;0.0;59.0;2.8;0.854;28.88;9.2;74.0
4548;2023-07-09 13:00:00;1.21;3.2;10.0;13.4;70.0;52.97;28.28;710.0;0.0;55.0;2.7;0.912;29.82;9.6;60.0
4549;2023-07-09 14:00:00;1.23;2.5;9.2;12.0;86.0;52.97;31.42;709.6;0.0;52.0;2.5;0.918;31.27;10.7;47.0
4550;2023-07-09 15:00:00;1.2;2.5;7.9;10.6;83.0;44.3;25.69;709.1;0.0;48.0;2.5;0.856;32.59;11.4;33.0
4551;2023-07-09 16:00:00;1.2;;6.3;9.1;75.0;40.95;22.91;708.7;0.0;42.0;2.5;0.722;33.9;11.6;55.0
4552;2023-07-09 17:00:00;1.19;;4.5;7.2;62.0;33.36;20.22;708.5;0.0;38.0;2.4;0.549;34.51;11.3;122.0
4553;2023-07-09 18:00:00;1.13;2.3;3.7;6.3;53.0;25.56;14.77;708.1;0.0;36.0;2.4;0.289;34.66;13.7;115.0
4554;2023-07-09 19:00:00;1.15;2.3;4.2;6.6;53.0;26.76;15.49;708.0;0.0;40.0;2.4;0.045;34.27;13.1;99.0
4555;2023-07-09 20:00:00;1.16;2.1;6.1;8.4;48.0;28.25;15.98;708.2;0.0;43.0;2.3;0.007;33.25;8.7;121.0
4556;2023-07-09 21:00:00;1.21;2.1;8.3;10.6;41.0;33.35;16.78;708.5;0.0;46.0;2.3;0.001;32.37;8.7;111.0
4557;2023-07-09 22:00:00;1.16;2.2;5.2;7.6;25.0;43.95;16.68;709.3;0.0;53.0;2.3;0.001;30.97;11.3;105.0
4558;2023-07-09 23:00:00;1.13;2.3;4.6;7.1;21.0;47.37;17.95;709.8;0.0;59.0;2.2;0.001;29.12;13.2;64.0
4559;2023-07-10 00:00:00;1.13;2.2;5.9;8.4;18.0;50.25;18.74;710.1;0.0;63.0;2.2;0.001;27.96;12.8;60.0
4560;2023-07-10 01:00:00;1.1;2.3;7.0;9.5;15.0;48.95;18.3;710.1;0.0;65.0;2.5;0.001;27.05;10.2;42.0
4561;2023-07-10 02:00:00;1.09;2.3;6.0;8.5;15.0;48.88;18.21;709.8;0.0;66.0;2.6;0.001;26.41;9.7;46.0
4562;2023-07-10 03:00:00;1.07;2.2;4.4;6.8;16.0;47.56;17.83;709.7;0.0;68.0;2.7;0.001;25.83;8.1;55.0
4563;2023-07-10 04:00:00;1.06;2.2;4.4;6.7;16.0;44.78;17.78;709.6;0.0;70.0;2.5;0.001;25.31;5.4;36.0
4564;2023-07-10 05:00:00;1.12;6.5;12.3;19.1;8.0;59.58;19.78;709.8;0.0;71.0;2.5;0.001;25.04;5.4;14.0
4565;2023-07-10 06:00:00;1.18;4.7;13.6;18.5;8.0;61.01;20.87;710.1;0.0;72.0;2.5;0.002;24.76;5.3;4.0
4566;2023-07-10 07:00:00;1.3;7.2;11.4;18.8;10.0;57.73;19.77;710.4;0.0;71.0;2.7;0.05;24.99;4.1;8.0
4567;2023-07-10 08:00:00;1.55;14.1;13.6;28.0;13.0;65.34;21.06;710.9;0.0;67.0;2.7;0.203;25.94;5.9;23.0
4568;2023-07-10 09:00:00;1.66;13.9;16.0;30.2;19.0;64.52;21.44;711.1;0.0;63.0;2.9;0.41;27.1;5.5;32.0
4569;2023-07-10 10:00:00;1.61;10.5;19.5;30.2;30.0;68.59;22.78;711.0;0.0;57.0;3.0;0.604;28.85;5.2;349.0
4570;2023-07-10 11:00:00;1.52;14.1;28.7;43.0;34.0;103.01;27.33;711.0;0.0;53.0;3.5;0.759;30.11;8.8;49.0
4571;2023-07-10 12:00:00;1.3;7.6;21.8;29.7;53.0;70.65;23.25;710.8;0.0;50.0;3.8;0.884;31.07;10.9;62.0
4572;2023-07-10 13:00:00;1.22;3.3;13.4;17.0;81.0;67.0;23.99;710.6;0.0;49.0;3.4;0.921;31.75;13.9;48.0
4573;2023-07-10 14:00:00;1.14;3.1;8.1;11.4;57.0;48.91;19.24;710.1;0.0;44.0;3.4;0.933;32.95;15.7;71.0
4574;2023-07-10 15:00:00;1.05;2.8;4.7;7.8;46.0;34.99;13.74;709.9;0.0;39.0;3.3;0.883;33.78;16.9;115.0
4575;2023-07-10 16:00:00;1.04;2.6;3.9;6.8;43.0;35.48;14.44;709.5;0.0;39.0;2.8;0.75;34.19;17.1;111.0
4576;2023-07-10 17:00:00;1.05;2.8;4.6;7.7;41.0;32.85;13.09;709.3;0.0;36.0;2.7;0.579;35.01;16.5;117.0
4577;2023-07-10 18:00:00;1.04;3.1;5.3;8.6;38.0;28.26;11.09;709.1;0.0;33.0;2.7;0.306;35.55;13.3;120.0
4578;2023-07-10 19:00:00;1.1;3.1;7.7;11.0;35.0;27.24;10.26;709.1;0.0;32.0;2.8;0.052;35.57;10.4;104.0
4579;2023-07-10 20:00:00;1.07;2.4;8.8;11.4;31.0;26.1;10.0;709.2;0.0;34.0;3.0;0.008;34.31;8.6;130.0
4580;2023-07-10 21:00:00;1.09;2.2;7.0;9.4;28.0;30.51;11.88;709.5;0.0;42.0;2.5;0.001;33.08;11.0;118.0
4581;2023-07-10 22:00:00;1.08;2.5;4.5;7.3;25.0;36.79;15.3;710.0;0.0;54.0;2.4;0.001;31.02;14.9;95.0
4582;2023-07-10 23:00:00;1.09;2.1;4.1;6.4;24.0;39.11;17.09;710.6;0.0;60.0;2.3;0.001;29.45;15.3;73.0
4583;2023-07-11 00:00:00;1.08;2.1;3.8;6.1;24.0;36.92;18.36;710.9;0.0;63.0;2.2;0.001;28.48;14.7;74.0
4584;2023-07-11 01:00:00;1.07;2.0;3.6;5.8;23.0;35.01;18.88;711.0;0.0;66.0;2.3;0.001;27.73;13.3;64.0
4585;2023-07-11 02:00:00;1.09;2.0;4.5;6.8;22.0;37.47;20.3;711.0;0.0;68.0;2.3;0.001;27.14;10.5;46.0
4586;2023-07-11 03:00:00;1.11;2.4;8.5;11.1;17.0;40.43;22.12;710.9;0.0;72.0;2.3;0.001;26.38;8.7;39.0
4587;2023-07-11 04:00:00;1.11;3.4;11.7;15.3;14.0;43.89;22.71;710.9;0.0;73.0;2.4;0.001;26.01;6.5;55.0
4588;2023-07-11 05:00:00;1.13;6.1;14.9;21.3;11.0;46.12;23.35;710.9;0.0;74.0;2.4;0.001;25.78;5.9;56.0
4589;2023-07-11 06:00:00;1.16;4.0;17.4;21.6;10.0;53.79;25.1;711.0;0.0;74.0;2.4;0.001;25.59;4.1;37.0
4590;2023-07-11 07:00:00;1.24;6.5;17.8;24.5;11.0;52.35;25.69;711.1;0.0;73.0;2.6;0.034;25.78;5.4;65.0
4591;2023-07-11 08:00:00;1.31;14.3;17.9;32.5;14.0;62.98;27.4;711.3;0.0;70.0;2.6;0.201;26.72;5.1;49.0
4592;2023-07-11 09:00:00;1.47;11.9;19.3;31.4;23.0;66.99;28.86;711.4;0.0;65.0;2.8;0.384;27.97;5.9;22.0
4593;2023-07-11 10:00:00;1.6;8.2;21.7;30.2;40.0;80.93;32.03;711.5;0.0;60.0;2.9;0.577;29.34;6.5;16.0
4594;2023-07-11 11:00:00;1.6;6.2;23.9;30.4;57.0;88.33;33.29;711.5;0.0;55.0;2.8;0.739;30.64;8.8;67.0
4595;2023-07-11 12:00:00;1.39;3.8;18.7;22.6;81.0;73.2;33.49;711.5;0.0;51.0;2.9;0.855;31.7;10.2;76.0
4596;2023-07-11 13:00:00;1.27;3.6;16.9;20.7;83.0;64.39;29.05;711.1;0.0;48.0;2.9;0.909;32.44;11.1;74.0
4597;2023-07-11 14:00:00;1.22;2.5;11.6;14.2;100.0;70.58;33.55;710.5;0.0;45.0;2.8;0.916;33.42;10.9;56.0
4598;2023-07-11 15:00:00;1.22;2.4;10.4;13.0;98.0;65.75;35.45;709.9;0.0;41.0;3.3;0.858;34.61;11.3;53.0
4599;2023-07-11 16:00:00;1.19;2.2;8.3;10.7;92.0;53.68;30.5;709.7;0.0;39.0;3.3;0.683;35.4;11.7;118.0
4600;2023-07-11 17:00:00;1.07;2.4;6.1;8.8;60.0;33.32;16.19;709.3;0.0;33.0;3.4;0.561;35.86;13.4;112.0
4601;2023-07-11 18:00:00;1.09;2.5;6.5;9.3;48.0;35.68;15.97;709.0;0.0;34.0;2.9;0.286;36.06;13.4;111.0
4602;2023-07-11 19:00:00;1.08;2.5;6.6;9.3;39.0;34.71;15.09;709.1;0.0;33.0;2.7;0.053;35.58;14.5;105.0
4603;2023-07-11 20:00:00;1.08;2.3;8.0;10.5;30.0;35.87;12.98;709.2;0.0;34.0;2.7;0.005;34.46;10.8;119.0
4604;2023-07-11 21:00:00;1.09;2.6;10.1;12.9;24.0;33.88;12.68;709.1;0.0;34.0;2.6;0.001;33.9;9.6;107.0
4605;2023-07-11 22:00:00;1.05;2.2;6.6;8.9;22.0;40.1;14.71;709.4;0.0;41.0;2.5;0.001;32.44;12.3;98.0
4606;2023-07-11 23:00:00;1.06;2.3;5.4;7.9;19.0;42.96;15.61;709.9;0.0;51.0;2.5;0.001;30.62;11.1;74.0
4607;2023-07-12 00:00:00;1.08;2.3;6.1;8.6;17.0;44.9;15.86;710.3;0.0;56.0;2.5;0.001;29.21;11.9;53.0
4608;2023-07-12 01:00:00;1.11;4.9;10.8;15.9;11.0;49.88;17.92;710.4;0.0;63.0;2.8;0.001;27.81;10.8;35.0
4609;2023-07-12 02:00:00;1.06;2.0;4.2;6.5;19.0;39.69;16.8;710.4;0.0;65.0;3.0;0.001;27.32;10.9;49.0
4610;2023-07-12 03:00:00;1.04;2.0;3.4;5.6;19.0;36.39;16.84;710.2;0.0;68.0;2.6;0.001;26.63;9.5;55.0
4611;2023-07-12 04:00:00;1.04;2.0;3.2;5.4;18.0;36.08;17.06;710.3;0.0;71.0;2.3;0.001;25.87;7.8;28.0
4612;2023-07-12 05:00:00;1.05;2.2;3.3;5.7;18.0;37.73;18.2;710.4;0.0;73.0;2.5;0.001;25.26;7.3;36.0
4613;2023-07-12 06:00:00;1.07;8.0;11.2;19.4;10.0;44.79;19.89;710.5;0.0;74.0;2.3;0.001;25.01;6.1;36.0
4614;2023-07-12 07:00:00;1.15;9.6;13.0;22.8;9.0;57.97;21.39;710.7;0.0;74.0;2.5;0.026;25.16;5.8;35.0
4615;2023-07-12 08:00:00;1.27;16.4;14.1;30.8;11.0;61.46;21.81;710.8;0.0;71.0;2.6;0.181;25.96;5.6;59.0
4616;2023-07-12 09:00:00;1.4;9.5;12.6;22.4;21.0;;;710.8;0.0;65.0;2.8;0.392;27.49;6.1;15.0
4617;2023-07-12 10:00:00;1.06;5.9;10.7;16.7;23.0;58.48;23.75;;0.0;45.0;2.1;0.44;22.17;5.7;13.0
4618;2023-07-12 11:00:00;1.43;7.6;16.4;24.2;48.0;101.22;33.49;710.6;0.0;51.0;3.0;0.749;31.07;6.6;14.0
4619;2023-07-12 12:00:00;1.2;5.9;24.2;30.3;65.0;77.83;28.59;710.4;0.0;46.0;3.5;0.848;32.35;10.1;90.0
4620;2023-07-12 13:00:00;0.93;3.0;14.8;18.0;95.0;61.22;24.19;710.1;0.0;41.0;3.7;0.9;33.27;11.6;44.0
4621;2023-07-12 14:00:00;0.88;2.6;11.5;14.4;97.0;54.52;23.03;709.5;0.0;36.0;3.8;0.915;34.57;11.9;66.0
4622;2023-07-12 15:00:00;0.93;2.7;10.4;13.2;96.0;52.15;20.54;708.9;0.0;34.0;3.7;0.833;35.82;13.2;55.0
4623;2023-07-12 16:00:00;0.91;2.4;8.7;11.3;82.0;45.71;18.01;708.3;0.0;30.0;3.7;0.697;36.73;13.6;79.0
4624;2023-07-12 17:00:00;0.94;2.3;7.4;9.9;77.0;43.58;17.52;708.1;0.0;28.0;4.0;0.53;37.15;13.8;121.0
4625;2023-07-12 18:00:00;0.94;2.6;9.2;12.0;60.0;37.44;13.79;708.1;0.0;25.0;3.7;0.284;36.95;13.0;124.0
4626;2023-07-12 19:00:00;1.0;2.7;10.1;12.9;50.0;27.41;11.86;707.8;0.0;24.0;3.0;0.058;36.65;9.7;123.0
4627;2023-07-12 20:00:00;1.06;2.1;10.8;13.1;45.0;30.17;13.06;707.9;0.0;27.0;2.8;0.024;35.59;7.5;129.0
4628;2023-07-12 21:00:00;1.16;2.2;12.8;15.1;26.0;55.06;16.21;708.3;0.0;36.0;4.8;0.001;34.23;12.0;77.0
4629;2023-07-12 22:00:00;1.25;3.4;13.9;17.5;17.0;57.37;18.13;708.7;0.0;45.0;7.9;0.001;32.54;10.7;60.0
4630;2023-07-12 23:00:00;1.24;2.4;12.8;15.3;15.0;55.39;19.39;709.2;0.0;49.0;4.2;0.001;31.42;9.0;57.0
4631;2023-07-13 00:00:00;1.19;2.4;10.6;13.2;18.0;49.15;18.92;709.5;0.0;50.0;3.5;0.001;30.38;11.9;55.0
4632;2023-07-13 01:00:00;1.17;1.9;7.9;10.0;22.0;43.28;18.08;709.5;0.0;52.0;3.5;0.001;29.54;10.6;61.0
4633;2023-07-13 02:00:00;1.17;2.0;8.2;10.4;22.0;43.36;18.13;709.5;0.0;57.0;3.2;0.001;28.65;10.1;42.0
4634;2023-07-13 03:00:00;1.17;1.9;6.0;8.1;21.0;39.23;17.29;709.3;0.0;62.0;3.0;0.001;27.42;7.3;27.0
4635;2023-07-13 04:00:00;1.15;4.6;11.1;15.9;16.0;33.4;16.56;709.2;0.0;64.0;3.0;0.001;26.73;8.1;29.0
4636;2023-07-13 05:00:00;1.19;5.0;17.6;22.8;9.0;48.33;17.52;709.2;0.0;66.0;3.1;0.001;26.23;6.3;356.0
4637;2023-07-13 06:00:00;1.24;5.9;17.9;24.1;9.0;45.96;18.49;709.3;0.0;68.0;2.9;0.002;25.78;6.2;359.0
4638;2023-07-13 07:00:00;1.26;12.5;15.9;28.6;9.0;46.09;17.14;709.6;0.0;69.0;3.1;0.043;25.41;6.1;47.0
4639;2023-07-13 08:00:00;1.45;16.0;16.3;32.5;13.0;50.39;17.68;709.8;0.0;65.0;3.7;0.191;26.71;4.2;32.0
4640;2023-07-13 09:00:00;1.54;9.8;16.7;26.8;24.0;53.08;18.84;710.0;0.0;60.0;3.6;0.389;27.99;5.2;32.0
4641;2023-07-13 10:00:00;1.82;11.3;26.5;38.0;33.0;82.53;24.29;709.8;0.0;55.0;3.6;0.512;29.49;7.3;43.0
4642;2023-07-13 11:00:00;1.86;10.7;31.6;42.5;48.0;112.16;30.14;709.7;0.0;51.0;4.6;0.706;30.7;8.6;55.0
4643;2023-07-13 12:00:00;1.55;4.3;20.7;25.2;77.0;78.3;24.6;709.7;0.0;47.0;4.3;0.87;32.04;10.8;55.0
4644;2023-07-13 13:00:00;1.45;3.0;16.0;19.2;99.0;67.84;22.94;709.3;0.0;43.0;3.8;0.906;33.33;12.0;52.0
4645;2023-07-13 14:00:00;1.36;2.5;12.1;14.8;100.0;58.86;21.18;708.7;0.0;36.0;4.2;0.924;35.27;12.6;58.0
4646;2023-07-13 15:00:00;1.28;2.3;8.9;11.5;88.0;58.01;19.74;708.2;0.0;32.0;5.2;0.712;36.29;12.9;71.0
4647;2023-07-13 16:00:00;1.23;2.1;6.9;9.3;67.0;37.83;15.68;707.7;0.0;31.0;3.9;0.226;36.25;10.8;121.0
4648;2023-07-13 17:00:00;1.26;2.3;8.3;10.8;60.0;41.29;14.94;707.6;0.0;30.0;3.2;0.172;36.32;10.9;109.0
4649;2023-07-13 18:00:00;1.25;2.5;9.7;12.4;48.0;33.43;13.16;707.6;0.0;28.0;3.0;0.105;36.29;10.9;100.0
4650;2023-07-13 19:00:00;1.23;2.3;8.4;10.9;45.0;38.28;14.69;707.6;0.0;27.0;2.8;0.053;36.71;10.8;97.0
4651;2023-07-13 20:00:00;1.24;2.1;10.3;12.6;36.0;48.18;16.54;707.8;0.0;27.0;2.9;0.005;35.53;10.4;125.0
4652;2023-07-13 21:00:00;1.11;2.0;7.0;9.2;30.0;57.43;16.92;708.1;0.0;24.0;2.9;0.001;34.46;11.6;136.0
4653;2023-07-13 22:00:00;1.15;2.1;9.5;11.8;25.0;65.94;18.36;708.5;0.0;27.0;2.8;0.001;33.16;11.0;94.0
4654;2023-07-13 23:00:00;1.14;2.1;8.5;10.7;25.0;61.41;18.43;708.9;0.0;30.0;2.7;0.001;31.87;9.2;121.0
4655;2023-07-14 00:00:00;1.11;1.9;4.9;7.0;29.0;63.9;19.76;709.0;0.0;35.0;2.7;0.001;30.66;12.1;124.0
4656;2023-07-14 01:00:00;1.14;1.9;3.3;5.4;28.0;63.54;21.31;708.8;0.0;44.0;2.7;0.001;29.31;10.5;58.0
4657;2023-07-14 02:00:00;1.2;2.0;9.7;11.9;20.0;63.93;23.23;708.7;0.0;53.0;2.7;0.001;28.33;9.0;36.0
4658;2023-07-14 03:00:00;1.22;1.9;5.1;7.2;22.0;61.13;23.43;708.5;0.0;63.0;2.5;0.001;26.99;7.9;40.0
4659;2023-07-14 04:00:00;1.22;3.4;9.7;13.3;16.0;55.59;22.73;708.7;0.0;68.0;2.5;0.001;25.94;6.8;13.0
4660;2023-07-14 05:00:00;1.27;3.7;16.8;20.7;9.0;68.16;22.86;709.0;0.0;70.0;2.6;0.001;25.37;5.9;1.0
4661;2023-07-14 06:00:00;1.29;3.6;14.4;18.2;10.0;69.94;22.38;709.4;0.0;71.0;2.7;0.001;25.01;5.3;42.0
4662;2023-07-14 07:00:00;1.44;7.6;16.4;24.3;10.0;78.05;23.26;709.7;0.0;71.0;2.8;0.048;25.04;4.5;18.0
4663;2023-07-14 08:00:00;1.49;10.1;14.4;24.8;16.0;73.35;24.3;709.9;0.0;67.0;3.0;0.204;26.08;5.8;21.0
4664;2023-07-14 09:00:00;1.59;11.9;17.0;29.2;21.0;;;710.0;0.0;63.0;3.2;0.393;27.23;5.9;26.0
4665;2023-07-14 10:00:00;1.43;14.0;26.5;40.7;30.0;114.53;33.4;710.1;0.0;57.0;3.6;0.565;28.88;6.8;50.0
4666;2023-07-14 11:00:00;1.45;9.0;28.7;37.9;51.0;133.14;37.12;710.1;0.0;51.0;4.4;0.746;30.45;8.1;34.0
4667;2023-07-14 12:00:00;1.25;6.0;25.2;31.5;65.0;109.9;32.82;710.1;0.0;46.0;5.4;0.86;31.51;10.3;66.0
4668;2023-07-14 13:00:00;1.12;3.8;19.1;23.1;86.0;85.84;28.0;709.8;0.0;39.0;7.5;0.918;32.84;9.5;58.0
4669;2023-07-14 14:00:00;1.04;2.9;14.5;17.7;93.0;83.28;25.23;709.4;0.0;34.0;13.4;0.924;33.95;10.4;59.0
4670;2023-07-14 15:00:00;1.07;2.6;12.3;15.1;101.0;72.36;24.49;708.6;0.0;31.0;8.3;0.858;35.35;9.6;51.0
4671;2023-07-14 16:00:00;1.07;2.3;8.5;11.0;92.0;59.26;21.22;708.1;0.0;32.0;4.4;0.726;36.13;11.0;75.0
4672;2023-07-14 17:00:00;0.98;2.4;7.0;9.6;70.0;49.35;17.53;707.7;0.0;28.0;3.4;0.563;36.67;12.4;121.0
4673;2023-07-14 18:00:00;0.99;2.4;6.2;8.8;57.0;49.08;17.73;707.4;0.0;29.0;3.0;0.288;36.53;13.3;108.0
4674;2023-07-14 19:00:00;1.01;2.5;8.1;10.8;44.0;51.8;18.97;707.3;0.0;29.0;2.8;0.051;36.13;14.8;103.0
4675;2023-07-14 20:00:00;0.97;2.1;8.4;10.7;38.0;48.0;18.36;707.6;0.0;29.0;2.8;0.008;34.99;13.0;123.0
4676;2023-07-14 21:00:00;0.95;1.9;7.1;9.2;34.0;45.55;17.63;707.8;0.0;31.0;3.1;0.001;33.92;12.8;130.0
4677;2023-07-14 22:00:00;1.06;2.1;16.3;18.6;22.0;54.44;20.16;708.4;0.0;34.0;3.1;0.001;32.91;10.8;101.0
4678;2023-07-14 23:00:00;0.92;2.7;6.4;9.3;31.0;43.03;16.19;709.0;0.0;33.0;3.1;0.001;32.17;12.9;104.0
4679;2023-07-15 00:00:00;0.92;1.9;6.4;8.5;30.0;42.85;15.65;709.3;0.0;37.0;2.8;0.001;30.88;10.4;78.0
4680;2023-07-15 01:00:00;0.92;1.9;4.5;6.6;30.0;40.15;15.21;709.3;0.0;42.0;2.5;0.001;29.68;9.8;78.0
4681;2023-07-15 02:00:00;0.95;;6.4;8.6;26.0;44.21;17.25;709.1;0.0;49.0;2.6;0.001;28.72;8.9;53.0
4682;2023-07-15 03:00:00;0.99;;6.1;8.2;23.0;48.87;19.35;709.0;0.0;58.0;2.5;0.001;27.41;8.1;28.0
4683;2023-07-15 04:00:00;0.98;2.8;10.7;13.7;17.0;51.47;20.58;709.0;0.0;62.0;2.6;0.001;26.51;7.9;20.0
4684;2023-07-15 05:00:00;0.97;3.1;13.8;17.1;13.0;54.76;20.59;709.3;0.0;64.0;2.9;0.001;25.78;6.8;18.0
4685;2023-07-15 06:00:00;1.0;3.8;12.7;16.7;14.0;56.49;20.15;709.7;0.0;65.0;3.0;0.001;25.16;7.3;43.0
4686;2023-07-15 07:00:00;1.03;12.5;17.3;30.0;9.0;70.64;21.94;710.2;0.0;66.0;3.5;0.044;25.02;6.5;27.0
4687;2023-07-15 08:00:00;1.07;17.8;15.6;33.7;13.0;72.12;23.33;710.5;0.0;66.0;4.4;0.188;25.42;6.6;48.0
4688;2023-07-15 09:00:00;1.17;11.5;15.0;26.9;20.0;73.3;23.53;710.8;0.0;62.0;4.8;0.384;26.49;7.5;65.0
4689;2023-07-15 10:00:00;1.18;10.0;18.1;28.3;30.0;81.22;26.41;710.9;0.0;58.0;5.5;0.583;27.72;8.4;56.0
4690;2023-07-15 11:00:00;1.17;5.7;19.3;25.3;54.0;80.28;27.92;710.9;0.0;54.0;6.3;0.741;28.99;9.2;61.0
4691;2023-07-15 12:00:00;1.16;3.5;15.8;19.5;78.0;77.29;28.58;710.8;0.0;50.0;6.2;0.861;30.12;8.5;52.0
4692;2023-07-15 13:00:00;1.18;2.5;13.0;15.7;95.0;82.81;29.84;710.6;0.0;47.0;5.0;0.905;31.63;9.9;72.0
4693;2023-07-15 14:00:00;1.12;2.5;10.3;13.0;84.0;73.32;27.21;710.1;0.0;43.0;4.2;0.91;33.04;10.3;51.0
4694;2023-07-15 15:00:00;1.06;2.4;8.1;10.7;73.0;60.91;23.4;709.6;0.0;37.0;3.7;0.842;34.85;10.5;59.0
4695;2023-07-15 16:00:00;0.96;2.2;5.2;7.6;65.0;45.31;18.42;709.2;0.0;31.0;3.3;0.717;35.82;11.6;118.0
4696;2023-07-15 17:00:00;0.91;2.2;4.4;6.8;57.0;40.42;16.86;709.1;0.0;27.0;2.9;0.513;36.42;12.3;113.0
4697;2023-07-15 18:00:00;0.91;2.0;3.6;5.9;52.0;54.1;20.15;708.8;0.0;29.0;2.8;0.279;36.36;14.2;106.0
4698;2023-07-15 19:00:00;0.85;2.2;4.7;7.0;38.0;61.32;19.16;708.9;0.0;23.0;2.7;0.056;36.26;15.9;108.0
4699;2023-07-15 20:00:00;0.85;2.0;6.6;8.8;33.0;61.01;17.95;709.2;0.0;23.0;2.6;0.008;35.03;13.2;119.0
4700;2023-07-15 21:00:00;0.88;1.9;7.9;10.0;31.0;56.71;17.99;709.5;0.0;25.0;2.6;0.001;33.87;11.9;119.0
4701;2023-07-15 22:00:00;0.92;2.2;11.5;13.9;26.0;67.54;19.02;710.1;0.0;28.0;2.5;0.001;32.58;10.3;76.0
4702;2023-07-15 23:00:00;0.93;1.9;6.6;8.7;26.0;76.03;21.63;710.7;0.0;39.0;2.4;0.001;30.95;10.5;79.0
4703;2023-07-16 00:00:00;0.9;1.9;7.5;9.6;28.0;64.28;20.07;710.9;0.0;36.0;2.6;0.001;30.47;10.2;115.0
4704;2023-07-16 01:00:00;0.91;;5.1;7.2;29.0;61.73;20.98;711.1;0.0;43.0;2.5;0.001;29.36;10.0;112.0
4705;2023-07-16 02:00:00;0.95;2.2;5.9;8.3;23.0;72.07;23.76;711.0;0.0;53.0;2.5;0.001;28.12;9.1;88.0
4706;2023-07-16 03:00:00;0.97;2.1;6.5;8.8;19.0;70.11;24.96;710.7;0.0;59.0;2.5;0.001;26.97;9.9;42.0
4707;2023-07-16 04:00:00;0.94;1.9;4.0;6.1;20.0;74.35;24.75;711.0;0.0;62.0;2.5;0.001;25.88;10.6;44.0
4708;2023-07-16 05:00:00;0.94;1.9;4.1;6.2;19.0;69.63;25.03;711.3;0.0;65.0;2.5;0.001;25.1;9.7;41.0
4709;2023-07-16 06:00:00;0.94;;4.7;6.8;18.0;71.86;25.07;711.5;0.0;66.0;2.5;0.001;24.74;8.0;40.0
4710;2023-07-16 07:00:00;0.98;5.2;9.1;14.5;14.0;74.59;25.86;712.1;0.0;66.0;2.5;0.057;24.61;7.9;16.0
4711;2023-07-16 08:00:00;1.05;10.0;12.3;22.6;14.0;89.07;28.18;712.6;0.0;65.0;3.4;0.187;25.04;6.8;12.0
4712;2023-07-16 09:00:00;1.07;5.5;8.7;14.5;26.0;81.23;29.12;712.8;0.0;62.0;4.1;0.404;26.17;5.8;11.0
4713;2023-07-16 10:00:00;1.17;4.4;9.4;14.0;39.0;85.61;31.46;712.9;0.0;56.0;4.2;0.603;27.64;6.8;9.0
4714;2023-07-16 11:00:00;1.13;4.3;13.3;17.8;53.0;90.07;31.94;712.8;0.0;49.0;4.3;0.761;29.22;7.2;18.0
4715;2023-07-16 12:00:00;1.03;3.0;9.7;12.9;64.0;81.82;28.69;712.6;0.0;45.0;4.6;0.881;30.5;8.3;61.0
4716;2023-07-16 13:00:00;0.96;2.5;6.2;8.9;57.0;71.79;25.38;712.3;0.0;40.0;3.5;0.93;31.9;9.3;56.0
4717;2023-07-16 14:00:00;0.84;2.3;3.4;5.8;45.0;54.44;19.44;711.7;0.0;28.0;2.9;0.951;34.1;14.0;108.0
4718;2023-07-16 15:00:00;0.82;2.2;3.2;5.6;42.0;59.84;20.35;711.1;0.0;25.0;2.6;0.887;35.41;15.4;116.0
4719;2023-07-16 16:00:00;0.78;2.3;3.4;5.9;41.0;62.13;20.25;710.5;0.0;20.0;2.6;0.752;36.44;16.7;114.0
4720;2023-07-16 17:00:00;0.7;2.1;2.5;4.9;39.0;53.76;17.54;710.1;0.0;12.0;2.4;0.565;37.23;17.2;102.0
4721;2023-07-16 18:00:00;0.66;2.2;2.6;5.0;37.0;48.14;14.63;710.0;0.0;10.0;2.4;0.289;37.07;16.9;104.0
4722;2023-07-16 19:00:00;0.66;2.0;3.8;6.1;37.0;39.49;13.56;710.1;0.0;9.0;2.4;0.05;36.51;15.2;110.0
4723;2023-07-16 20:00:00;0.73;1.9;6.2;8.4;32.0;43.82;15.17;710.2;0.0;14.0;2.4;0.008;34.7;11.4;126.0
4724;2023-07-16 21:00:00;0.8;2.0;8.9;11.1;25.0;54.3;17.17;710.6;0.0;20.0;2.5;0.001;33.51;10.9;97.0
4725;2023-07-16 22:00:00;0.87;2.0;5.1;7.3;22.0;72.91;22.74;711.5;0.0;35.0;2.6;0.001;31.42;12.0;98.0
4726;2023-07-16 23:00:00;0.91;;4.5;6.8;20.0;75.59;23.71;712.2;0.0;46.0;2.6;0.001;29.33;15.9;66.0
4727;2023-07-17 00:00:00;0.92;;4.6;6.8;19.0;66.45;22.86;712.5;0.0;51.0;2.5;0.001;28.12;13.3;61.0
4728;2023-07-17 01:00:00;0.93;1.9;4.7;;18.0;67.98;22.64;712.4;0.0;55.0;2.5;0.001;27.31;11.1;49.0
4729;2023-07-17 02:00:00;0.92;1.9;3.3;5.5;19.0;62.47;22.63;712.4;0.0;60.0;2.4;0.001;26.46;12.0;49.0
4730;2023-07-17 03:00:00;0.92;;3.4;5.5;18.0;60.74;21.39;712.1;0.0;64.0;2.5;0.001;25.59;10.9;47.0
4731;2023-07-17 04:00:00;0.94;2.1;5.0;7.4;15.0;59.1;21.66;711.9;0.0;69.0;2.6;0.001;24.87;9.6;42.0
4732;2023-07-17 05:00:00;0.94;2.1;4.6;7.0;15.0;57.91;20.92;712.0;0.0;73.0;2.7;0.001;24.09;8.4;49.0
4733;2023-07-17 06:00:00;0.96;9.2;10.4;19.8;9.0;64.31;22.0;712.4;0.0;75.0;2.6;0.001;23.86;6.3;38.0
4734;2023-07-17 07:00:00;1.04;9.2;11.5;20.9;8.0;69.15;24.66;712.5;0.0;75.0;2.9;0.035;24.0;3.6;33.0
4735;2023-07-17 08:00:00;1.17;8.0;10.0;18.3;13.0;77.74;28.12;712.9;0.0;71.0;3.0;0.114;24.67;5.3;4.0
4736;2023-07-17 09:00:00;1.26;7.7;9.8;17.7;21.0;70.09;29.04;713.1;0.0;65.0;3.3;0.398;26.01;6.3;24.0
4737;2023-07-17 10:00:00;1.25;7.7;14.1;22.0;31.0;79.12;31.8;713.1;0.0;57.0;3.7;0.601;27.84;6.7;37.0
4738;2023-07-17 11:00:00;1.26;12.1;25.5;37.9;35.0;96.26;34.11;713.0;0.0;54.0;4.3;0.747;28.87;8.6;48.0
4739;2023-07-17 12:00:00;1.13;4.0;14.1;18.3;65.0;73.75;26.93;712.8;0.0;48.0;4.5;0.877;30.31;10.9;60.0
4740;2023-07-17 13:00:00;0.99;3.0;6.4;9.7;47.0;58.5;20.71;712.5;0.0;42.0;3.5;0.932;31.58;12.4;56.0
4741;2023-07-17 14:00:00;0.89;2.7;4.6;7.5;41.0;48.01;15.45;712.1;0.0;32.0;3.0;0.948;33.75;13.9;109.0
4742;2023-07-17 15:00:00;0.9;2.6;4.4;7.2;44.0;40.13;15.5;711.5;0.0;32.0;2.8;0.877;34.79;12.4;120.0
4743;2023-07-17 16:00:00;0.88;2.7;4.7;7.7;43.0;37.97;12.99;710.9;0.0;27.0;2.7;0.746;35.92;13.7;96.0
4744;2023-07-17 17:00:00;0.85;2.8;4.9;7.9;41.0;33.74;10.41;710.6;0.0;23.0;2.6;0.57;36.66;12.8;119.0
4745;2023-07-17 18:00:00;0.85;2.8;5.6;8.7;38.0;41.07;10.69;710.5;0.0;22.0;2.6;0.286;36.67;13.9;108.0
4746;2023-07-17 19:00:00;0.84;;7.0;10.0;34.0;35.09;10.38;710.6;0.0;21.0;3.0;0.044;36.09;13.6;102.0
4747;2023-07-17 20:00:00;0.9;2.3;9.7;12.2;30.0;32.38;9.83;710.9;0.0;24.0;3.3;0.007;34.94;11.0;100.0
4748;2023-07-17 21:00:00;0.88;2.0;12.0;14.1;25.0;46.34;14.04;711.2;0.0;24.0;2.6;0.001;34.23;9.8;113.0
4749;2023-07-17 22:00:00;0.89;2.0;6.7;8.9;23.0;67.9;19.74;711.6;0.0;35.0;2.6;0.001;32.5;11.0;143.0
4750;2023-07-17 23:00:00;0.94;;5.2;7.4;20.0;80.34;22.82;712.3;0.0;46.0;2.6;0.001;30.88;11.9;90.0
4751;2023-07-18 00:00:00;0.94;;4.0;6.2;19.0;79.14;23.36;712.5;0.0;54.0;2.6;0.001;29.17;13.8;71.0
4752;2023-07-18 01:00:00;0.93;1.9;3.4;5.5;19.0;73.1;22.47;712.6;0.0;57.0;2.6;0.001;28.22;11.9;73.0
4753;2023-07-18 02:00:00;0.92;1.9;3.1;5.2;19.0;69.9;21.65;712.5;0.0;59.0;2.4;0.001;27.5;10.7;63.0
4754;2023-07-18 03:00:00;0.91;1.8;3.1;5.1;18.0;67.96;21.27;712.3;0.0;62.0;2.5;0.001;26.68;9.3;53.0
4755;2023-07-18 04:00:00;0.94;8.7;9.5;18.5;11.0;76.29;23.08;712.2;0.0;65.0;2.7;0.001;25.87;9.6;37.0
4756;2023-07-18 05:00:00;0.98;7.0;13.3;20.6;8.0;78.17;22.16;712.4;0.0;68.0;3.4;0.001;25.19;7.0;34.0
4757;2023-07-18 06:00:00;1.01;6.2;13.6;20.0;7.0;81.37;22.52;712.5;0.0;70.0;3.6;0.001;24.81;4.5;36.0
4758;2023-07-18 07:00:00;1.11;9.5;13.1;22.9;9.0;81.55;24.16;712.6;0.0;70.0;3.3;0.043;24.91;4.3;18.0
4759;2023-07-18 08:00:00;1.24;15.0;14.7;29.9;12.0;89.45;25.69;713.1;0.0;66.0;3.5;0.192;25.73;6.4;52.0
4760;2023-07-18 09:00:00;1.31;15.4;17.3;33.0;18.0;99.25;27.4;713.3;0.0;61.0;3.9;0.399;26.79;7.2;60.0
4761;2023-07-18 10:00:00;1.38;12.6;22.9;35.8;29.0;96.12;27.82;713.3;0.0;54.0;4.2;0.598;28.62;6.9;65.0
4762;2023-07-18 11:00:00;1.31;13.1;29.5;42.8;36.0;117.14;32.46;713.2;0.0;49.0;5.3;0.75;29.77;8.8;37.0
4763;2023-07-18 12:00:00;1.12;7.0;20.9;28.1;60.0;86.35;26.5;712.9;0.0;44.0;6.4;0.879;30.9;10.3;52.0
4764;2023-07-18 13:00:00;1.04;2.7;10.6;13.5;76.0;83.93;24.21;712.6;0.0;39.0;5.6;0.93;32.25;12.1;49.0
4765;2023-07-18 14:00:00;0.9;2.8;6.3;9.3;52.0;59.96;17.83;712.1;0.0;29.0;4.0;0.945;34.29;13.0;90.0
4766;2023-07-18 15:00:00;0.85;2.6;5.3;8.2;49.0;53.87;16.77;711.7;0.0;27.0;3.0;0.876;35.43;12.0;106.0
4767;2023-07-18 16:00:00;0.85;2.6;5.1;7.9;48.0;59.7;17.62;711.2;0.0;25.0;2.8;0.735;36.13;11.4;88.0
4768;2023-07-18 17:00:00;0.8;2.9;5.2;8.3;40.0;53.15;14.51;710.9;0.0;19.0;2.6;0.573;37.05;12.8;121.0
4769;2023-07-18 18:00:00;0.8;2.8;5.4;8.4;38.0;56.45;14.71;710.6;0.0;17.0;2.4;0.286;37.05;12.9;106.0
4770;2023-07-18 19:00:00;0.79;2.6;6.3;9.2;34.0;52.29;14.49;710.6;0.0;17.0;2.5;0.049;36.35;15.0;102.0
4771;2023-07-18 20:00:00;0.82;2.2;9.6;12.0;30.0;55.32;14.84;710.8;0.0;20.0;2.4;0.008;34.98;11.9;120.0
4772;2023-07-18 21:00:00;0.9;2.6;16.3;19.1;20.0;64.92;17.73;711.2;0.0;24.0;2.4;0.001;33.67;8.9;118.0
4773;2023-07-18 22:00:00;0.88;2.0;6.8;8.9;25.0;80.6;21.63;711.7;0.0;34.0;2.6;0.001;32.15;9.6;108.0
4774;2023-07-18 23:00:00;0.9;2.0;6.6;8.8;23.0;78.68;23.87;712.2;0.0;38.0;2.7;0.001;30.83;10.3;85.0
4775;2023-07-19 00:00:00;0.86;2.1;4.2;6.6;26.0;75.44;22.96;712.3;0.0;39.0;2.6;0.001;29.99;12.4;80.0
4776;2023-07-19 01:00:00;0.87;1.9;4.6;6.7;24.0;74.16;23.55;712.5;0.0;44.0;2.7;0.001;29.02;8.9;84.0
4777;2023-07-19 02:00:00;0.91;1.9;5.0;7.1;20.0;77.84;24.8;712.4;0.0;51.0;2.6;0.001;27.53;10.4;45.0
4778;2023-07-19 03:00:00;0.92;2.6;7.1;9.8;17.0;76.34;25.51;712.3;0.0;56.0;2.7;0.001;26.62;9.3;38.0
4779;2023-07-19 04:00:00;0.9;1.8;4.2;6.2;20.0;68.07;24.28;712.2;0.0;58.0;2.6;0.001;26.17;7.6;52.0
4780;2023-07-19 05:00:00;0.91;1.9;4.4;6.5;18.0;65.97;24.1;712.3;0.0;61.0;2.5;0.001;25.41;7.6;36.0
4781;2023-07-19 06:00:00;0.96;5.0;13.0;18.2;9.0;99.72;27.59;712.6;0.0;66.0;2.6;0.001;24.6;6.2;24.0
4782;2023-07-19 07:00:00;1.01;12.4;12.9;25.6;9.0;93.95;27.47;713.0;0.0;69.0;2.8;0.043;24.28;6.8;51.0
4783;2023-07-19 08:00:00;1.21;20.3;16.2;36.7;12.0;101.73;29.51;713.3;0.0;66.0;3.5;0.19;25.17;5.6;39.0
4784;2023-07-19 09:00:00;1.34;9.2;13.6;23.1;23.0;87.3;30.06;713.4;0.0;62.0;3.7;0.398;26.15;6.8;
4785;2023-07-19 10:00:00;1.44;7.7;17.3;25.3;35.0;89.01;31.36;713.2;0.0;56.0;3.5;0.593;27.95;6.2;32.0
4786;2023-07-19 11:00:00;1.43;8.4;25.7;34.4;47.0;107.66;34.41;713.1;0.0;50.0;3.2;0.749;29.53;8.0;37.0
4787;2023-07-19 12:00:00;1.21;6.3;23.8;30.2;65.0;110.46;34.76;713.0;0.0;44.0;4.1;0.862;30.87;9.8;50.0
4788;2023-07-19 13:00:00;1.14;2.5;11.8;14.6;87.0;91.49;30.81;712.8;0.0;41.0;3.6;0.911;32.09;10.4;51.0
4789;2023-07-19 14:00:00;1.03;2.2;7.6;10.0;77.0;71.21;25.44;712.2;0.0;35.0;3.2;0.925;33.97;10.7;102.0
4790;2023-07-19 15:00:00;0.96;2.5;4.8;7.6;50.0;62.32;20.99;711.7;0.0;30.0;3.0;0.864;35.2;13.0;87.0
4791;2023-07-19 16:00:00;0.89;2.6;4.4;7.2;41.0;61.25;18.25;711.3;0.0;25.0;2.8;0.745;36.47;13.5;118.0
4792;2023-07-19 17:00:00;0.87;2.7;4.6;7.5;38.0;53.22;15.29;710.9;0.0;21.0;2.7;0.567;37.5;12.2;114.0
4793;2023-07-19 18:00:00;0.84;2.7;5.9;8.8;33.0;43.3;11.33;710.8;0.0;19.0;2.6;0.174;36.77;15.1;115.0
4794;2023-07-19 19:00:00;0.86;2.6;7.3;10.1;32.0;37.51;11.04;710.8;0.0;20.0;2.6;0.041;35.74;14.5;103.0
4795;2023-07-19 20:00:00;0.91;2.5;10.3;13.0;28.0;47.38;13.29;711.1;0.0;24.0;2.6;0.008;34.66;11.3;122.0
4796;2023-07-19 21:00:00;0.98;2.2;6.3;8.7;21.0;88.46;19.59;711.7;0.0;40.0;2.5;0.001;32.24;14.6;91.0
4797;2023-07-19 22:00:00;0.97;2.0;6.8;9.0;20.0;70.61;19.98;712.2;0.0;42.0;2.5;0.001;31.27;9.4;111.0
4798;2023-07-19 23:00:00;1.01;1.9;5.8;7.9;19.0;71.96;20.75;712.5;0.0;47.0;2.5;0.001;30.28;9.7;84.0
4799;2023-07-20 00:00:00;0.98;1.8;4.9;6.9;19.0;67.28;20.59;712.6;0.0;51.0;2.4;0.001;29.33;8.6;97.0
4800;2023-07-20 01:00:00;0.95;1.8;2.9;4.9;19.0;66.28;19.64;712.5;0.0;55.0;2.4;0.001;28.32;9.8;78.0
4801;2023-07-20 02:00:00;0.95;;2.5;4.5;;56.19;18.84;712.2;0.0;58.0;2.4;0.001;27.45;9.7;65.0
4802;2023-07-20 03:00:00;0.95;;2.6;4.6;18.0;52.18;18.29;711.9;0.0;61.0;2.4;0.001;26.66;9.0;53.0
4803;2023-07-20 04:00:00;0.95;;4.2;6.2;16.0;46.75;17.58;711.8;0.0;64.0;2.4;0.001;25.89;8.2;71.0
4804;2023-07-20 05:00:00;0.97;5.2;11.3;16.7;10.0;50.1;18.42;712.0;0.0;67.0;2.4;0.001;24.92;6.6;22.0
4805;2023-07-20 06:00:00;1.06;4.5;14.6;19.3;8.0;60.45;19.41;712.3;0.0;68.0;2.4;0.001;24.62;7.2;7.0
4806;2023-07-20 07:00:00;1.04;6.5;12.2;19.0;10.0;55.34;18.36;712.6;0.0;69.0;2.5;0.034;24.27;7.2;40.0
4807;2023-07-20 08:00:00;1.18;7.9;12.8;20.9;13.0;63.88;20.1;712.8;0.0;67.0;2.5;0.118;24.83;5.2;16.0
4808;2023-07-20 09:00:00;1.26;9.5;12.0;21.7;19.0;65.62;21.23;712.9;0.0;62.0;2.8;0.377;26.09;6.0;10.0
4809;2023-07-20 10:00:00;1.44;10.0;16.4;26.7;27.0;69.44;22.88;713.1;0.0;57.0;2.9;0.574;27.56;7.1;28.0
4810;2023-07-20 11:00:00;1.33;9.1;21.4;30.8;37.0;89.57;28.86;713.0;0.0;54.0;2.9;0.67;28.54;8.3;44.0
4811;2023-07-20 12:00:00;1.2;6.5;21.8;28.5;54.0;77.94;27.77;713.0;0.0;48.0;3.5;0.851;30.1;9.9;70.0
4812;2023-07-20 13:00:00;1.17;2.5;11.3;14.0;87.0;66.47;23.99;712.7;0.0;44.0;3.0;0.907;31.54;10.1;52.0
4813;2023-07-20 14:00:00;1.01;2.5;6.5;9.2;58.0;53.98;19.06;712.1;0.0;35.0;3.2;0.926;33.56;14.1;110.0
4814;2023-07-20 15:00:00;0.93;2.8;4.9;7.9;43.0;48.64;15.94;711.6;0.0;30.0;3.2;0.865;34.8;15.0;117.0
4815;2023-07-20 16:00:00;0.91;2.6;4.5;7.3;40.0;52.48;15.36;711.0;0.0;27.0;2.8;0.733;35.68;17.5;110.0
4816;2023-07-20 17:00:00;0.88;2.8;4.6;7.7;37.0;49.96;14.73;710.5;0.0;24.0;2.7;0.558;36.39;16.4;109.0
4817;2023-07-20 18:00:00;0.83;3.0;5.2;8.4;32.0;54.69;14.03;710.2;0.0;17.0;2.9;0.278;36.9;17.5;111.0
4818;2023-07-20 19:00:00;0.84;3.3;7.7;11.2;29.0;51.23;13.36;710.2;0.0;16.0;2.8;0.047;36.4;14.4;127.0
4819;2023-07-20 20:00:00;0.86;2.3;9.0;11.4;25.0;49.21;13.49;710.4;0.0;18.0;2.8;0.008;34.82;11.9;127.0
4820;2023-07-20 21:00:00;0.93;2.3;8.3;10.8;21.0;68.34;15.69;710.9;0.0;31.0;2.5;0.001;33.07;14.8;88.0
4821;2023-07-20 22:00:00;0.96;2.1;4.7;6.9;20.0;58.44;15.3;711.6;0.0;41.0;2.7;0.001;30.87;14.5;86.0
4822;2023-07-20 23:00:00;0.95;2.2;4.6;7.0;19.0;54.1;15.19;711.9;0.0;45.0;2.6;0.001;29.32;14.8;69.0
4823;2023-07-21 00:00:00;0.96;2.2;5.9;8.0;16.0;53.0;16.0;711.8;0.0;50.0;2.5;0.001;28.31;11.5;55.0
4824;2023-07-21 01:00:00;0.94;2.0;4.4;6.4;17.0;52.0;15.0;711.9;0.0;53.0;2.4;0.001;27.16;12.9;53.0
4825;2023-07-21 02:00:00;0.94;2.0;4.0;6.0;16.0;47.0;15.0;711.6;0.0;57.0;2.3;0.001;26.33;10.6;56.0
4826;2023-07-21 03:00:00;0.98;3.1;7.4;10.5;12.0;49.0;17.0;711.5;0.0;62.0;2.6;0.0;25.3;10.1;40.0
4827;2023-07-21 04:00:00;0.96;3.3;7.7;11.0;12.0;55.0;18.0;711.5;0.0;65.0;3.1;0.0;24.52;6.1;43.0
4828;2023-07-21 05:00:00;0.97;5.8;10.4;16.2;9.0;52.0;18.0;711.3;0.0;66.0;3.2;0.0;24.17;4.8;5.0
4829;2023-07-21 06:00:00;1.03;7.1;12.8;19.9;7.0;59.0;20.0;711.3;0.0;66.0;3.2;0.001;24.05;4.4;25.0
4830;2023-07-21 07:00:00;;;;;;;;;;;;;;;
4831;2023-07-21 08:00:00;;;;;;;;;;;;;;;
4832;2023-07-21 09:00:00;;;;;;;;;;;;;;;
4833;2023-07-21 10:00:00;;;;;;;;;;;;;;;
4834;2023-07-21 11:00:00;;;;;;;;;;;;;;;
4835;2023-07-21 12:00:00;0.92;4.1;15.3;19.4;63.0;91.0;25.0;711.8;0.0;43.0;4.4;0.9;31.11;6.7;72.0
4836;2023-07-21 13:00:00;0.87;3.4;12.7;16.1;71.0;80.0;24.0;711.4;0.0;40.0;4.0;0.918;31.78;10.8;53.0
4837;2023-07-21 14:00:00;0.79;2.9;7.3;10.1;57.0;79.0;21.0;710.8;0.0;35.0;4.5;0.926;33.43;11.8;62.0
4838;2023-07-21 15:00:00;0.75;2.8;5.9;8.6;46.0;64.0;17.0;710.3;0.0;30.0;3.4;0.88;34.83;11.4;117.0
4839;2023-07-21 16:00:00;0.75;2.8;4.6;7.4;42.0;54.0;16.0;709.9;0.0;28.0;2.9;0.747;35.45;9.9;108.0
4840;2023-07-21 17:00:00;0.77;3.1;5.4;8.5;38.0;49.0;16.0;709.3;0.0;25.0;2.7;0.576;36.26;9.1;111.0
4841;2023-07-21 18:00:00;0.76;3.1;5.7;8.8;36.0;48.0;13.0;708.9;0.0;22.0;2.5;0.314;36.48;11.1;112.0
4842;2023-07-21 19:00:00;0.79;3.0;7.3;10.3;32.0;43.0;11.0;708.8;0.0;22.0;2.5;0.046;36.04;11.4;92.0
4843;2023-07-21 20:00:00;0.88;2.8;10.6;13.3;25.0;43.0;12.0;709.0;0.0;24.0;4.4;0.008;34.72;11.3;79.0
4844;2023-07-21 21:00:00;0.96;2.6;12.2;14.8;21.0;44.0;14.0;709.4;0.0;32.0;4.3;0.0;33.5;12.8;80.0
4845;2023-07-21 22:00:00;0.94;2.1;4.8;6.9;26.0;61.0;12.0;710.3;0.0;46.0;2.9;0.001;31.0;16.8;84.0
4846;2023-07-21 23:00:00;0.95;2.1;4.3;6.4;26.0;57.0;12.0;711.1;0.0;51.0;2.7;0.001;29.66;14.9;79.0
4847;2023-07-22 00:00:00;0.95;2.0;3.4;5.4;25.0;42.0;11.0;711.4;0.0;55.0;2.6;0.001;28.48;12.0;80.0
4848;2023-07-22 01:00:00;0.97;2.0;3.2;5.2;24.0;38.0;11.0;711.4;0.0;59.0;2.5;0.001;27.53;11.8;64.0
4849;2023-07-22 02:00:00;0.99;1.9;2.9;4.8;23.0;36.0;;711.2;0.0;63.0;2.5;0.001;26.7;11.3;52.0
4850;2023-07-22 03:00:00;1.01;2.5;5.5;8.0;19.0;39.0;12.0;711.0;0.0;64.0;2.3;0.001;26.48;7.7;62.0
4851;2023-07-22 04:00:00;1.03;2.2;4.5;6.7;18.0;38.0;12.0;710.8;0.0;68.0;2.4;0.001;25.67;8.0;45.0
4852;2023-07-22 05:00:00;1.04;4.8;5.9;10.7;16.0;34.0;13.0;710.9;0.0;71.0;2.4;0.001;25.02;8.0;49.0
4853;2023-07-22 06:00:00;1.09;6.5;13.4;19.9;8.0;37.0;14.0;711.1;0.0;73.0;2.6;0.001;24.73;5.9;50.0
4854;2023-07-22 07:00:00;1.21;8.5;15.6;24.1;8.0;50.0;18.0;711.3;0.0;72.0;3.0;0.03;24.89;4.1;32.0
4855;2023-07-22 08:00:00;1.36;10.7;14.0;24.7;13.0;57.0;18.0;711.6;0.0;68.0;3.5;0.178;26.09;2.7;28.0
4856;2023-07-22 09:00:00;1.4;8.2;11.7;19.9;21.0;56.0;19.0;711.8;0.0;63.0;3.8;0.372;27.4;2.7;
4857;2023-07-22 10:00:00;1.49;6.6;13.8;20.3;33.0;49.0;20.0;711.9;0.0;56.0;3.8;0.572;29.31;2.7;329.0
4858;2023-07-22 11:00:00;1.37;4.9;14.0;18.9;49.0;56.0;22.0;711.7;0.0;49.0;3.6;0.739;30.96;3.8;359.0
4859;2023-07-22 12:00:00;1.55;4.7;19.4;24.1;74.0;73.0;26.0;711.4;0.0;43.0;3.9;0.855;32.43;9.1;63.0
4860;2023-07-22 13:00:00;1.28;2.8;10.4;13.2;77.0;87.0;22.0;711.2;0.0;39.0;3.4;0.914;33.32;12.7;73.0
4861;2023-07-22 14:00:00;1.14;2.7;6.5;9.2;55.0;63.0;15.0;710.7;0.0;32.0;5.7;0.822;34.38;14.4;70.0
4862;2023-07-22 15:00:00;1.13;3.0;6.3;9.4;44.0;49.0;14.0;710.5;0.0;30.0;6.3;0.736;34.97;13.0;53.0
4863;2023-07-22 16:00:00;1.39;5.1;12.1;17.2;35.0;63.0;14.0;710.2;0.0;36.0;3.6;0.424;32.42;13.2;8.0
4864;2023-07-22 17:00:00;1.36;4.9;13.8;18.6;34.0;58.0;15.0;709.9;0.0;35.0;3.4;0.29;33.21;11.5;11.0
4865;2023-07-22 18:00:00;1.31;3.5;10.2;13.8;38.0;61.0;15.0;709.8;0.0;33.0;3.6;0.266;34.3;8.6;15.0
4866;2023-07-22 19:00:00;1.18;2.6;10.3;13.0;35.0;50.0;;709.7;0.0;34.0;3.5;0.051;33.48;7.8;89.0
4867;2023-07-22 20:00:00;1.21;2.0;8.3;10.3;32.0;44.0;14.0;709.7;0.0;40.0;3.0;0.011;31.3;8.2;107.0
4868;2023-07-22 21:00:00;1.21;2.0;8.0;10.0;29.0;37.0;14.0;709.8;0.0;40.0;3.0;0.001;30.96;7.2;109.0
4869;2023-07-22 22:00:00;1.27;2.3;11.9;14.1;20.0;39.0;13.0;710.3;0.0;41.0;2.9;0.001;31.15;11.9;70.0
4870;2023-07-22 23:00:00;1.19;2.0;6.2;8.2;24.0;51.0;13.0;711.0;0.0;44.0;3.3;0.001;29.79;12.7;110.0
4871;2023-07-23 00:00:00;1.2;2.0;7.1;9.1;21.0;40.0;11.0;711.5;0.0;49.0;2.7;0.001;28.79;8.6;91.0
4872;2023-07-23 01:00:00;1.22;;5.9;7.8;20.0;39.0;10.0;711.6;0.0;53.0;2.6;0.001;28.14;7.2;68.0
4873;2023-07-23 02:00:00;1.25;4.0;10.8;14.8;14.0;36.0;11.0;711.6;0.0;55.0;2.6;0.001;27.63;7.6;38.0
4874;2023-07-23 03:00:00;1.25;3.9;9.2;13.1;15.0;40.0;10.0;711.5;0.0;60.0;2.7;0.001;26.79;6.4;36.0
4875;2023-07-23 04:00:00;1.28;5.1;13.9;18.9;10.0;41.0;12.0;711.6;0.0;63.0;2.7;0.001;26.35;6.1;37.0
4876;2023-07-23 05:00:00;1.27;3.1;8.6;11.7;14.0;49.0;12.0;711.8;0.0;65.0;2.8;0.001;25.76;3.4;76.0
4877;2023-07-23 06:00:00;1.32;3.7;15.0;18.7;7.0;46.0;13.0;711.8;0.0;67.0;2.8;0.001;25.45;1.1;98.0
4878;2023-07-23 07:00:00;1.44;6.3;14.2;20.5;9.0;47.0;14.0;712.0;0.0;67.0;2.7;0.035;25.72;3.0;26.0
4879;2023-07-23 08:00:00;1.51;9.1;13.6;22.7;15.0;54.0;16.0;712.3;0.0;64.0;3.2;0.175;26.94;3.3;46.0
4880;2023-07-23 09:00:00;1.71;6.3;12.1;18.4;27.0;59.0;17.0;712.7;0.0;61.0;3.8;0.378;27.75;4.5;10.0
4881;2023-07-23 10:00:00;1.7;5.0;12.5;17.4;40.0;60.0;19.0;712.8;0.0;55.0;4.6;0.576;29.47;3.4;352.0
4882;2023-07-23 11:00:00;1.52;4.6;13.1;17.7;50.0;48.0;18.0;712.6;0.0;47.0;4.7;0.744;31.18;5.5;6.0
4883;2023-07-23 12:00:00;1.31;3.5;9.3;12.8;53.0;60.0;16.0;712.3;0.0;41.0;4.6;0.873;32.22;10.4;76.0
4884;2023-07-23 13:00:00;1.22;3.4;7.1;10.5;51.0;55.0;14.0;712.1;0.0;37.0;4.1;0.926;33.28;11.8;63.0
4885;2023-07-23 14:00:00;1.19;2.2;3.4;5.6;48.0;42.0;12.0;711.6;0.0;32.0;4.3;0.957;34.46;12.1;83.0
4886;2023-07-23 15:00:00;1.15;2.2;3.3;5.5;45.0;36.0;12.0;711.0;0.0;28.0;4.6;0.838;35.36;13.4;67.0
4887;2023-07-23 16:00:00;1.21;2.6;4.2;6.8;43.0;33.0;20.0;710.9;0.0;28.0;4.7;0.755;35.16;13.6;35.0
4888;2023-07-23 17:00:00;1.27;3.0;5.3;8.3;41.0;174.0;12.0;710.7;0.0;30.0;3.6;0.584;34.18;12.7;18.0
4889;2023-07-23 18:00:00;1.16;2.4;4.2;6.6;40.0;67.0;11.0;710.6;0.0;28.0;3.6;0.248;35.05;11.7;72.0
4890;2023-07-23 19:00:00;1.13;2.3;4.5;6.8;34.0;40.0;9.0;710.8;0.0;26.0;4.3;0.054;34.59;10.6;99.0
4891;2023-07-23 20:00:00;1.14;2.0;5.1;7.1;31.0;30.0;8.0;711.3;0.0;26.0;4.5;0.013;34.03;11.1;98.0
4892;2023-07-23 21:00:00;1.14;2.1;6.0;8.1;28.0;28.0;7.0;711.8;0.0;26.0;3.0;0.001;33.62;10.5;90.0
4893;2023-07-23 22:00:00;1.2;2.0;3.9;6.0;25.0;30.0;8.0;712.5;0.0;41.0;2.8;0.001;31.59;14.4;116.0
4894;2023-07-23 23:00:00;1.21;1.9;2.9;4.8;25.0;43.0;8.0;712.8;0.0;47.0;2.6;0.001;30.08;14.0;107.0
4895;2023-07-24 00:00:00;1.21;1.9;2.8;4.7;26.0;36.0;9.0;712.9;0.0;50.0;2.5;0.001;29.25;13.8;117.0
4896;2023-07-24 01:00:00;1.21;;3.0;4.9;24.0;40.0;8.0;712.9;0.0;53.0;2.4;0.001;28.46;10.9;85.0
4897;2023-07-24 02:00:00;1.27;;5.8;7.7;19.0;30.0;10.0;712.6;0.0;57.0;2.5;0.001;27.65;9.2;50.0
4898;2023-07-24 03:00:00;1.26;2.9;9.7;12.6;14.0;39.0;11.0;712.5;0.0;61.0;3.2;0.001;26.77;8.5;22.0
4899;2023-07-24 04:00:00;1.21;2.7;8.8;11.5;17.0;44.0;9.0;712.8;0.0;61.0;4.2;0.001;25.88;7.0;36.0
4900;2023-07-24 05:00:00;1.23;2.0;9.9;11.9;16.0;31.0;10.0;712.9;0.0;63.0;3.5;0.001;25.48;6.1;14.0
4901;2023-07-24 06:00:00;1.33;4.4;14.2;18.7;10.0;35.0;12.0;713.1;0.0;65.0;3.2;0.001;25.21;5.7;45.0
4902;2023-07-24 07:00:00;1.35;9.9;16.4;26.3;8.0;48.0;13.0;713.5;0.0;65.0;3.4;0.036;25.07;4.4;85.0
4903;2023-07-24 08:00:00;1.56;17.2;17.1;34.3;13.0;52.0;16.0;713.9;0.0;64.0;4.2;0.175;25.85;5.4;44.0
4904;2023-07-24 09:00:00;1.59;14.4;17.5;31.9;18.0;64.0;16.0;714.4;0.0;62.0;4.5;0.362;26.67;7.8;47.0
4905;2023-07-24 10:00:00;1.4;9.6;14.9;24.5;28.0;70.0;17.0;714.6;0.0;61.0;4.4;0.562;27.31;9.0;53.0
4906;2023-07-24 11:00:00;1.35;6.8;13.0;19.7;37.0;60.0;17.0;714.4;0.0;55.0;4.4;0.74;28.74;7.8;56.0
4907;2023-07-24 12:00:00;1.29;3.9;7.7;11.6;43.0;49.0;12.0;714.3;0.0;47.0;3.8;0.87;30.49;10.4;51.0
4908;2023-07-24 13:00:00;1.27;3.6;6.9;10.5;43.0;50.0;12.0;714.0;0.0;43.0;3.4;0.926;31.45;13.0;48.0
4909;2023-07-24 14:00:00;1.25;3.1;5.7;8.8;44.0;47.0;;713.4;0.0;37.0;3.5;0.931;32.96;13.3;55.0
4910;2023-07-24 15:00:00;1.22;2.8;4.6;7.5;41.0;46.0;10.0;712.8;0.0;34.0;3.3;0.843;33.86;13.6;67.0
4911;2023-07-24 16:00:00;1.19;2.8;4.4;7.2;41.0;39.0;9.0;712.4;0.0;31.0;3.4;0.726;34.13;16.6;70.0
4912;2023-07-24 17:00:00;1.2;2.9;5.1;8.0;39.0;42.0;9.0;712.2;0.0;32.0;3.8;0.496;34.39;15.8;74.0
4913;2023-07-24 18:00:00;1.24;2.7;5.1;7.9;32.0;39.0;11.0;712.5;0.0;46.0;3.2;0.112;30.15;17.8;116.0
4914;2023-07-24 19:00:00;1.29;3.8;9.3;13.1;24.0;107.0;6.0;713.4;0.0;54.0;2.7;0.079;28.16;14.1;101.0
4915;2023-07-24 20:00:00;1.35;2.6;10.4;13.0;22.0;42.0;8.0;713.9;0.0;56.0;2.5;0.017;27.97;9.0;70.0
4916;2023-07-24 21:00:00;1.26;2.1;6.9;9.0;25.0;35.0;7.0;713.8;0.0;56.0;2.5;0.001;27.67;8.2;69.0
4917;2023-07-24 22:00:00;1.3;2.0;8.6;10.6;23.0;31.0;8.0;714.0;0.0;62.0;2.4;0.001;26.36;7.1;83.0
4918;2023-07-24 23:00:00;1.24;2.0;5.1;7.1;24.0;28.0;7.0;714.1;0.0;62.0;2.4;0.001;26.35;8.9;118.0
4919;2023-07-25 00:00:00;1.22;1.9;5.3;7.2;24.0;25.0;7.0;714.3;0.0;63.0;2.5;0.001;25.97;8.0;111.0
4920;2023-07-25 01:00:00;1.23;1.9;6.1;8.0;23.0;28.0;;714.1;0.0;65.0;2.4;0.001;25.65;8.0;59.0
4921;2023-07-25 02:00:00;;;;;;;;;;;;0.0;;;
4922;2023-07-25 03:00:00;;;;;;;;;;;;0.0;;;
4923;2023-07-25 04:00:00;;;;;;;;;;;;0.0;;;
4924;2023-07-25 05:00:00;1.25;3.4;9.2;12.6;14.0;34.0;9.0;713.7;0.0;73.0;2.4;0.001;24.01;7.2;39.0
4925;2023-07-25 06:00:00;1.24;2.7;9.1;11.8;13.0;29.0;12.0;714.2;0.0;77.0;2.4;0.001;23.23;7.4;58.0
4926;2023-07-25 07:00:00;1.3;8.1;15.6;23.7;8.0;32.0;20.0;714.6;0.0;76.0;2.5;0.018;23.25;5.6;28.0
4927;2023-07-25 08:00:00;1.39;20.0;16.1;36.0;10.0;52.0;20.0;714.8;0.0;75.0;2.7;0.141;23.73;4.5;35.0
4928;2023-07-25 09:00:00;1.52;13.7;16.3;30.0;19.0;57.0;23.0;714.8;0.0;68.0;3.1;0.363;25.25;5.1;356.0
4929;2023-07-25 10:00:00;1.72;11.6;20.2;31.9;29.0;57.0;22.0;714.9;0.0;62.0;3.9;0.558;26.52;8.5;6.0
4930;2023-07-25 11:00:00;1.48;10.7;23.0;33.7;38.0;68.0;20.0;714.6;0.0;54.0;4.8;0.741;28.37;7.8;38.0
4931;2023-07-25 12:00:00;1.31;3.5;8.6;12.1;48.0;63.0;11.0;714.3;0.0;48.0;3.7;0.876;29.74;12.0;67.0
4932;2023-07-25 13:00:00;1.2;3.1;5.4;8.5;41.0;49.0;11.0;713.9;0.0;39.0;3.1;0.886;31.56;11.0;99.0
4933;2023-07-25 14:00:00;1.2;3.0;5.2;8.2;43.0;38.0;12.0;713.3;0.0;37.0;2.7;0.777;32.53;9.6;80.0
4934;2023-07-25 15:00:00;1.17;2.9;4.6;7.5;43.0;41.0;12.0;712.9;0.0;33.0;2.6;0.897;33.91;10.4;115.0
4935;2023-07-25 16:00:00;1.17;2.8;4.7;7.6;43.0;46.0;;712.5;0.0;31.0;2.6;0.773;34.39;11.1;100.0
4936;2023-07-25 17:00:00;1.19;2.9;5.6;8.5;45.0;46.0;11.0;712.1;0.0;31.0;2.6;0.536;34.59;12.0;104.0
4937;2023-07-25 18:00:00;1.16;2.7;5.3;8.0;44.0;39.0;10.0;712.0;0.0;30.0;2.5;0.319;34.0;16.0;110.0
4938;2023-07-25 19:00:00;1.16;2.5;6.7;9.2;42.0;38.0;8.0;712.0;0.0;29.0;2.5;0.045;33.58;15.2;108.0
4939;2023-07-25 20:00:00;1.15;2.1;7.2;9.3;41.0;32.0;8.0;712.2;0.0;31.0;2.5;0.007;32.63;13.9;105.0
4940;2023-07-25 21:00:00;1.17;1.9;7.7;9.7;40.0;32.0;;712.4;0.0;33.0;2.5;0.001;31.97;12.4;117.0
4941;2023-07-25 22:00:00;1.17;1.9;7.6;9.5;38.0;33.0;12.0;712.7;0.0;37.0;2.4;0.001;30.98;11.1;108.0
4942;2023-07-25 23:00:00;1.18;;5.2;7.2;33.0;43.0;15.0;713.1;0.0;42.0;2.4;0.001;29.76;11.3;115.0
4943;2023-07-26 00:00:00;1.16;;3.6;5.5;33.0;49.0;15.0;713.0;0.0;48.0;2.4;0.001;28.27;15.2;117.0
4944;2023-07-26 01:00:00;1.16;;3.6;5.4;32.0;51.0;;712.9;0.0;52.0;2.5;0.001;27.47;10.2;89.0
4945;2023-07-26 02:00:00;1.18;2.0;5.5;7.5;29.0;42.0;14.0;712.7;0.0;54.0;2.3;0.001;27.04;7.1;24.0
4946;2023-07-26 03:00:00;1.18;5.2;17.9;23.1;15.0;42.0;16.0;712.5;0.0;56.0;3.1;0.001;26.28;7.4;33.0
4947;2023-07-26 04:00:00;1.19;3.3;14.0;17.3;19.0;43.0;13.0;712.5;0.0;59.0;4.1;0.001;25.5;6.8;31.0
4948;2023-07-26 05:00:00;1.2;2.8;12.4;15.2;19.0;49.0;13.0;712.8;0.0;63.0;4.0;0.001;24.89;6.1;52.0
4949;2023-07-26 06:00:00;1.19;2.2;10.5;12.7;19.0;47.0;14.0;713.0;0.0;65.0;3.7;0.001;24.36;5.8;76.0
4950;2023-07-26 07:00:00;1.25;12.8;16.9;29.7;12.0;41.0;17.0;713.2;0.0;67.0;4.0;0.032;24.12;6.3;43.0
4951;2023-07-26 08:00:00;1.41;20.8;19.0;39.8;12.0;58.0;20.0;713.6;0.0;65.0;7.7;0.164;24.64;5.6;61.0
4952;2023-07-26 09:00:00;1.53;13.2;18.5;31.8;22.0;57.0;21.0;713.6;0.0;62.0;6.8;0.362;25.59;5.2;6.0
4953;2023-07-26 10:00:00;1.61;9.8;19.8;29.5;32.0;70.0;22.0;713.7;0.0;57.0;5.7;0.559;27.11;6.1;52.0
4954;2023-07-26 11:00:00;1.55;9.1;23.0;32.0;42.0;79.0;23.0;713.4;0.0;51.0;6.0;0.722;28.81;6.6;51.0
4955;2023-07-26 12:00:00;1.38;8.9;23.0;31.9;45.0;84.0;23.0;713.2;0.0;48.0;8.1;0.844;29.8;8.0;47.0
4956;2023-07-26 13:00:00;1.34;2.9;11.9;14.8;83.0;73.0;18.0;712.7;0.0;44.0;6.4;0.909;30.95;8.2;58.0
4957;2023-07-26 14:00:00;1.29;2.4;8.3;10.8;79.0;69.0;16.0;712.1;0.0;39.0;5.8;0.93;32.64;7.1;51.0
4958;2023-07-26 15:00:00;1.21;2.4;6.2;8.6;65.0;54.0;13.0;711.4;0.0;35.0;3.8;0.694;33.93;6.6;95.0
4959;2023-07-26 16:00:00;1.16;2.7;5.5;8.2;51.0;45.0;12.0;710.9;0.0;29.0;3.1;0.752;34.99;10.9;122.0
4960;2023-07-26 17:00:00;1.1;2.9;5.7;8.6;45.0;40.0;18.0;710.4;0.0;21.0;2.7;0.568;35.77;12.2;120.0
4961;2023-07-26 18:00:00;1.1;3.0;6.7;9.7;44.0;51.0;19.0;710.1;0.0;21.0;2.6;0.314;35.75;12.5;124.0
4962;2023-07-26 19:00:00;1.08;2.7;7.2;10.0;39.0;54.0;21.0;710.1;0.0;19.0;2.5;0.048;34.78;16.7;107.0
4963;2023-07-26 20:00:00;1.07;2.2;8.3;10.5;34.0;66.0;23.0;710.3;0.0;20.0;2.4;0.007;33.42;11.9;116.0
4964;2023-07-26 21:00:00;1.08;2.0;7.4;9.4;32.0;65.0;23.0;710.6;0.0;24.0;2.5;0.001;32.16;13.2;117.0
4965;2023-07-26 22:00:00;1.12;2.2;11.4;13.6;25.0;68.0;24.0;711.0;0.0;25.0;2.5;0.001;31.17;10.3;102.0
4966;2023-07-26 23:00:00;1.06;1.9;5.4;7.3;29.0;66.0;24.0;711.6;0.0;29.0;2.6;0.001;30.17;9.3;117.0
4967;2023-07-27 00:00:00;1.07;1.9;4.2;6.1;30.0;62.0;;711.8;0.0;33.0;2.6;0.001;29.22;9.6;99.0
4968;2023-07-27 01:00:00;1.1;;7.5;9.4;25.0;62.0;25.0;711.8;0.0;36.0;2.7;0.001;28.26;6.4;76.0
4969;2023-07-27 02:00:00;1.08;;3.9;5.8;29.0;64.0;25.0;711.5;0.0;40.0;2.6;0.001;27.39;8.1;104.0
4970;2023-07-27 03:00:00;1.1;;3.6;5.5;28.0;60.0;26.0;711.4;0.0;46.0;2.6;0.001;26.36;5.3;86.0
4971;2023-07-27 04:00:00;1.1;;3.0;4.9;28.0;61.0;27.0;711.3;0.0;51.0;2.6;0.001;25.59;7.2;74.0
4972;2023-07-27 05:00:00;1.16;;4.6;6.5;22.0;65.0;28.0;711.4;0.0;62.0;2.6;0.001;24.49;7.2;46.0
4973;2023-07-27 06:00:00;1.21;2.9;11.8;14.7;11.0;72.0;31.0;711.8;0.0;70.0;2.6;0.001;23.7;6.4;5.0
4974;2023-07-27 07:00:00;1.34;6.0;14.8;20.8;9.0;81.0;33.0;712.3;0.0;72.0;2.7;0.028;23.59;4.7;6.0
4975;2023-07-27 08:00:00;1.5;11.6;14.9;26.5;11.0;86.0;36.0;712.7;0.0;70.0;3.0;0.103;24.23;4.9;14.0
4976;2023-07-27 09:00:00;1.48;15.2;16.2;31.4;12.0;94.0;39.0;713.2;0.0;67.0;3.5;0.187;24.95;6.4;54.0
4977;2023-07-27 10:00:00;1.39;13.2;15.2;28.4;18.0;98.0;42.0;713.5;0.0;62.0;5.0;0.427;25.84;7.1;49.0
4978;2023-07-27 11:00:00;1.35;9.6;15.4;25.0;29.0;103.0;42.0;713.3;0.0;55.0;5.9;0.714;27.5;5.6;67.0
4979;2023-07-27 12:00:00;1.34;4.6;13.7;18.3;55.0;93.0;41.0;713.0;0.0;50.0;6.7;0.844;28.86;6.8;52.0
4980;2023-07-27 13:00:00;1.31;3.2;10.6;13.7;68.0;96.0;39.0;712.5;0.0;45.0;5.6;0.903;30.17;9.2;50.0
4981;2023-07-27 14:00:00;1.21;3.0;7.0;10.0;54.0;90.0;30.0;711.9;0.0;37.0;4.0;0.914;32.1;9.7;67.0
4982;2023-07-27 15:00:00;1.15;2.6;4.7;7.3;47.0;75.0;25.0;711.3;0.0;32.0;3.2;0.874;33.58;10.1;121.0
4983;2023-07-27 16:00:00;1.12;2.7;4.8;7.5;47.0;63.0;23.0;710.6;0.0;28.0;2.8;0.697;34.89;8.4;104.0
4984;2023-07-27 17:00:00;1.11;2.8;5.3;8.1;46.0;58.0;20.0;710.2;0.0;24.0;2.7;0.58;35.66;10.6;113.0
4985;2023-07-27 18:00:00;1.1;3.0;6.0;9.0;42.0;54.0;17.0;710.1;0.0;22.0;2.7;0.339;35.69;13.2;117.0
4986;2023-07-27 19:00:00;1.08;2.6;6.7;9.3;38.0;52.0;17.0;710.2;0.0;20.0;2.5;0.048;34.97;13.5;105.0
4987;2023-07-27 20:00:00;1.06;2.4;8.3;10.7;34.0;48.0;16.0;710.5;0.0;18.0;2.6;0.008;34.12;12.3;85.0
4988;2023-07-27 21:00:00;1.1;2.1;5.4;7.4;33.0;56.0;20.0;711.1;0.0;30.0;2.5;0.001;32.29;15.0;87.0
4989;2023-07-27 22:00:00;1.12;2.0;5.9;7.9;30.0;73.0;18.0;711.7;0.0;34.0;2.6;0.001;30.34;12.6;82.0
4990;2023-07-27 23:00:00;1.09;2.0;4.4;6.3;36.0;62.0;14.0;712.1;0.0;37.0;2.5;0.001;29.23;13.6;105.0
4991;2023-07-28 00:00:00;1.07;1.9;3.0;4.9;39.0;52.0;11.0;712.3;0.0;42.0;2.5;0.001;27.69;13.8;115.0
4992;2023-07-28 01:00:00;1.09;1.9;6.1;8.0;36.0;40.0;9.0;712.3;0.0;44.0;2.5;0.001;26.77;9.4;50.0
4993;2023-07-28 02:00:00;1.08;;7.5;9.4;36.0;39.0;9.0;712.2;0.0;45.0;2.9;0.001;25.82;8.6;43.0
4994;2023-07-28 03:00:00;1.06;;6.4;8.3;38.0;35.0;7.0;712.0;0.0;46.0;2.8;0.001;25.08;7.1;38.0
4995;2023-07-28 04:00:00;1.07;;10.4;12.3;32.0;36.0;7.0;711.9;0.0;48.0;2.9;0.0;24.43;5.6;21.0
4996;2023-07-28 05:00:00;1.09;2.0;16.6;18.6;23.0;36.0;11.0;712.1;0.0;51.0;3.1;0.001;23.9;5.8;18.0
4997;2023-07-28 06:00:00;1.13;2.3;16.7;19.0;21.0;40.0;12.0;712.5;0.0;55.0;3.3;0.001;23.46;4.6;10.0
4998;2023-07-28 07:00:00;1.24;3.9;19.2;23.2;19.0;53.0;15.0;712.8;0.0;57.0;3.6;0.033;23.44;3.0;38.0
4999;2023-07-28 08:00:00;1.31;10.2;20.2;30.4;19.0;55.0;16.0;713.2;0.0;55.0;4.7;0.141;24.29;4.2;46.0
5000;2023-07-28 09:00:00;1.46;10.9;21.9;32.8;22.0;57.0;18.0;713.4;0.0;55.0;5.0;0.227;24.63;4.3;39.0
5001;2023-07-28 10:00:00;1.55;10.4;21.5;31.9;32.0;70.0;19.0;713.5;0.0;50.0;5.3;0.493;26.12;4.5;16.0
5002;2023-07-28 11:00:00;1.43;14.4;26.2;40.6;33.0;69.0;19.0;713.5;0.0;45.0;7.5;0.745;27.79;7.7;47.0
5003;2023-07-28 12:00:00;1.26;4.8;14.5;19.3;63.0;67.0;18.0;713.2;0.0;41.0;7.7;0.872;29.19;8.8;44.0
5004;2023-07-28 13:00:00;1.21;3.1;8.4;11.5;63.0;60.0;16.0;712.8;0.0;36.0;4.1;0.913;31.06;11.1;50.0
5005;2023-07-28 14:00:00;1.11;2.7;5.2;7.9;53.0;52.0;12.0;712.3;0.0;30.0;3.0;0.95;32.78;13.0;107.0
5006;2023-07-28 15:00:00;1.06;2.9;5.0;7.9;53.0;37.0;8.0;711.7;0.0;24.0;2.7;0.895;34.16;12.6;117.0
5007;2023-07-28 16:00:00;1.06;2.8;5.1;;51.0;41.0;7.0;711.4;0.0;23.0;2.5;0.791;34.38;16.4;110.0
5008;2023-07-28 17:00:00;1.07;3.1;5.5;8.6;47.0;38.0;7.0;711.4;0.0;24.0;2.5;0.577;34.11;15.9;109.0
5009;2023-07-28 18:00:00;1.09;3.0;5.9;8.8;42.0;40.0;8.0;711.5;0.0;27.0;2.5;0.323;33.19;17.1;110.0
5010;2023-07-28 19:00:00;1.14;2.8;5.2;8.1;36.0;68.0;14.0;712.1;0.0;39.0;2.6;0.069;30.21;17.4;126.0
5011;2023-07-28 20:00:00;1.16;2.2;5.7;7.9;33.0;61.0;13.0;712.4;0.0;47.0;2.5;0.01;28.35;16.6;122.0
5012;2023-07-28 21:00:00;1.12;2.1;4.8;6.9;36.0;51.0;12.0;712.9;0.0;47.0;2.5;0.001;27.47;14.7;115.0
5013;2023-07-28 22:00:00;1.11;1.9;4.8;6.7;37.0;39.0;10.0;713.3;0.0;49.0;2.5;0.001;26.82;14.2;116.0
5014;2023-07-28 23:00:00;1.11;1.9;4.1;6.0;36.0;33.0;9.0;713.6;0.0;53.0;2.4;0.001;26.0;12.1;121.0
5015;2023-07-29 00:00:00;1.12;;3.9;5.8;35.0;28.0;8.0;713.6;0.0;56.0;2.4;0.001;25.38;9.7;102.0
5016;2023-07-29 01:00:00;1.1;;3.3;5.2;35.0;28.0;8.0;713.2;0.0;56.0;2.3;0.001;25.13;7.9;79.0
5017;2023-07-29 02:00:00;1.11;;7.7;9.6;29.0;26.0;;712.9;0.0;56.0;2.4;0.001;24.73;5.6;33.0
5018;2023-07-29 03:00:00;1.11;2.0;10.4;12.5;26.0;32.0;10.0;712.7;0.0;58.0;2.6;0.001;24.0;7.2;34.0
5019;2023-07-29 04:00:00;1.12;2.3;18.5;20.8;18.0;29.0;10.0;712.8;0.0;62.0;3.0;0.001;23.24;7.3;12.0
5020;2023-07-29 05:00:00;1.12;4.1;16.6;20.8;17.0;41.0;11.0;713.0;0.0;65.0;3.3;0.001;22.76;6.2;56.0
5021;2023-07-29 06:00:00;1.15;4.1;20.7;24.8;13.0;42.0;13.0;713.6;0.0;68.0;3.6;0.001;22.37;4.7;48.0
5022;2023-07-29 07:00:00;1.22;4.7;21.4;26.1;13.0;47.0;15.0;714.0;0.0;69.0;4.1;0.031;22.4;4.3;62.0
5023;2023-07-29 08:00:00;1.31;10.6;18.8;29.3;17.0;48.0;15.0;714.3;0.0;66.0;4.7;0.144;23.15;4.3;39.0
5024;2023-07-29 09:00:00;1.41;7.6;14.7;22.3;26.0;59.0;14.0;714.5;0.0;62.0;5.2;0.314;24.26;3.8;18.0
5025;2023-07-29 10:00:00;1.48;8.9;19.2;28.0;29.0;52.0;15.0;714.6;0.0;58.0;4.7;0.377;25.42;4.6;35.0
5026;2023-07-29 11:00:00;1.33;9.3;20.4;29.7;37.0;60.0;19.0;714.5;0.0;52.0;5.2;0.679;26.96;5.7;54.0
5027;2023-07-29 12:00:00;1.26;4.5;12.9;17.4;58.0;63.0;17.0;714.2;0.0;48.0;5.1;0.857;28.29;7.9;52.0
5028;2023-07-29 13:00:00;1.19;3.1;8.0;11.0;61.0;53.0;14.0;713.8;0.0;43.0;3.9;0.913;29.75;9.8;46.0
5029;2023-07-29 14:00:00;1.1;2.3;4.3;6.7;54.0;52.0;12.0;713.4;0.0;36.0;3.1;0.824;31.53;9.3;103.0
5030;2023-07-29 15:00:00;1.11;2.3;4.4;6.8;49.0;34.0;9.0;713.0;0.0;35.0;2.7;0.417;31.72;12.3;107.0
5031;2023-07-29 16:00:00;1.09;2.5;4.7;7.3;46.0;31.0;10.0;712.4;0.0;33.0;2.7;0.3;32.23;12.1;124.0
5032;2023-07-29 17:00:00;1.08;2.4;5.0;7.4;44.0;35.0;9.0;712.1;0.0;31.0;2.6;0.158;32.4;10.4;129.0
5033;2023-07-29 18:00:00;1.08;2.6;5.1;7.7;44.0;32.0;9.0;711.7;0.0;30.0;2.6;0.274;33.19;13.7;114.0
5034;2023-07-29 19:00:00;1.08;2.3;5.0;7.3;42.0;32.0;;711.8;0.0;31.0;2.6;0.06;33.15;10.9;124.0
5035;2023-07-29 20:00:00;1.09;2.0;4.8;6.8;39.0;28.0;;712.1;0.0;35.0;2.6;0.007;31.73;14.7;104.0
5036;2023-07-29 21:00:00;1.12;2.0;4.3;6.3;30.0;35.0;12.0;712.7;0.0;42.0;2.4;0.001;30.36;14.0;87.0
5037;2023-07-29 22:00:00;1.13;;4.6;6.6;29.0;47.0;15.0;713.0;0.0;43.0;2.4;0.001;29.57;12.9;89.0
5038;2023-07-29 23:00:00;1.12;;4.2;6.2;28.0;40.0;14.0;713.5;0.0;47.0;2.4;0.001;28.74;10.6;100.0
5039;2023-07-30 00:00:00;1.13;;4.4;6.4;22.0;43.0;15.0;713.5;0.0;52.0;2.4;0.001;27.63;7.6;70.0
5040;2023-07-30 01:00:00;1.14;;5.0;6.9;20.0;43.0;15.0;713.3;0.0;56.0;2.3;0.001;26.96;6.7;76.0
5041;2023-07-30 02:00:00;1.17;;5.7;7.7;16.0;45.0;16.0;713.1;0.0;63.0;2.3;0.001;25.74;8.2;41.0
5042;2023-07-30 03:00:00;1.16;3.8;8.3;12.1;12.0;54.0;17.0;713.1;0.0;66.0;2.3;0.001;25.17;7.2;30.0
5043;2023-07-30 04:00:00;1.16;4.4;8.5;12.9;12.0;49.0;17.0;713.2;0.0;68.0;2.5;0.001;24.71;5.9;48.0
5044;2023-07-30 05:00:00;1.17;5.2;11.3;16.5;8.0;47.0;19.0;713.4;0.0;71.0;2.8;0.001;24.26;5.6;53.0
5045;2023-07-30 06:00:00;1.15;4.3;9.6;13.9;9.0;57.0;19.0;713.5;0.0;73.0;3.0;0.001;23.77;4.8;44.0
5046;2023-07-30 07:00:00;1.19;13.3;10.7;24.0;8.0;51.0;21.0;713.8;0.0;74.0;3.3;0.018;23.62;4.6;59.0
5047;2023-07-30 08:00:00;1.22;15.1;10.7;25.8;10.0;54.0;19.0;714.3;0.0;72.0;3.3;0.142;24.18;5.1;49.0
5048;2023-07-30 09:00:00;1.2;13.4;11.3;24.6;14.0;62.0;21.0;714.6;0.0;68.0;4.3;0.291;25.01;6.0;62.0
5049;2023-07-30 10:00:00;1.15;5.9;7.1;13.0;24.0;58.0;19.0;714.6;0.0;62.0;4.3;0.545;26.41;7.6;66.0
5050;2023-07-30 11:00:00;1.17;5.2;8.7;13.9;33.0;51.0;18.0;714.6;0.0;57.0;3.7;0.734;27.96;8.7;51.0
5051;2023-07-30 12:00:00;1.15;3.1;5.2;8.3;38.0;53.0;17.0;714.4;0.0;49.0;3.3;0.783;29.57;12.5;60.0
5052;2023-07-30 13:00:00;1.06;2.3;2.8;5.1;37.0;47.0;16.0;713.8;0.0;37.0;3.0;0.944;31.83;11.1;106.0
5053;2023-07-30 14:00:00;1.06;2.2;2.5;4.7;39.0;42.0;14.0;713.2;0.0;35.0;2.7;0.918;32.95;12.7;98.0
5054;2023-07-30 15:00:00;1.04;2.4;2.9;5.3;37.0;41.0;13.0;712.6;0.0;29.0;2.6;0.718;34.31;10.6;91.0
5055;2023-07-30 16:00:00;1.03;2.5;3.6;6.1;37.0;39.0;13.0;712.1;0.0;27.0;2.6;0.476;34.57;11.9;89.0
5056;2023-07-30 17:00:00;1.03;2.4;4.2;6.6;35.0;36.0;;711.9;0.0;26.0;2.7;0.182;34.11;12.6;88.0
5057;2023-07-30 18:00:00;1.03;2.2;4.0;6.2;34.0;34.0;11.0;711.8;0.0;27.0;2.5;0.154;33.89;13.2;94.0
5058;2023-07-30 19:00:00;1.0;2.0;3.7;5.7;34.0;34.0;10.0;712.0;0.0;27.0;2.4;0.048;33.29;10.9;102.0
5059;2023-07-30 20:00:00;1.08;2.0;5.3;7.2;30.0;30.0;9.0;712.1;0.0;34.0;2.4;0.01;32.45;9.4;88.0
5060;2023-07-30 21:00:00;1.09;1.9;4.9;6.9;31.0;38.0;10.0;712.5;0.0;35.0;2.5;0.001;31.82;9.6;121.0
5061;2023-07-30 22:00:00;1.1;1.9;5.4;7.3;30.0;37.0;11.0;712.8;0.0;38.0;2.5;0.001;31.19;9.5;100.0
5062;2023-07-30 23:00:00;1.11;;4.9;6.8;28.0;34.0;9.0;701.3;0.0;44.0;2.4;0.001;29.71;8.5;76.0
5063;2023-07-31 00:00:00;1.13;1.9;3.3;5.3;29.0;30.0;7.49;713.0;0.0;49.0;2.4;0.001;29.47;11.9;83.0
5064;2023-07-31 01:00:00;1.14;1.8;4.2;6.2;26.0;28.0;7.7;712.7;0.0;52.0;2.5;0.001;28.74;9.5;75.0
5065;2023-07-31 02:00:00;1.16;1.8;3.5;5.5;22.0;31.0;8.24;712.5;0.0;61.0;2.4;0.001;27.21;10.1;52.0
5066;2023-07-31 03:00:00;1.14;1.8;2.9;4.9;22.0;28.0;7.84;712.4;0.0;63.0;2.4;0.001;26.71;9.8;50.0
5067;2023-07-31 04:00:00;1.14;2.1;4.6;6.9;19.0;26.0;7.52;712.5;0.0;66.0;2.5;0.001;26.12;8.1;32.0
5068;2023-07-31 05:00:00;1.15;2.0;5.4;7.5;17.0;28.0;8.53;712.5;0.0;67.0;2.5;0.001;25.83;6.3;38.0
5069;2023-07-31 06:00:00;1.18;8.7;10.5;19.3;11.0;25.0;8.37;712.6;0.0;68.0;2.6;0.001;25.56;6.0;38.0
5070;2023-07-31 07:00:00;1.3;11.1;14.4;25.8;8.0;32.0;10.74;713.2;0.0;69.0;2.9;0.015;25.39;6.4;46.0
5071;2023-07-31 08:00:00;1.43;16.1;15.7;32.1;9.0;46.0;14.06;713.8;0.0;69.0;3.1;0.091;25.64;5.1;47.0
5072;2023-07-31 09:00:00;1.54;18.5;16.1;34.8;14.0;55.0;15.67;714.0;0.0;65.0;3.6;0.296;26.87;5.2;37.0
5073;2023-07-31 10:00:00;1.59;8.9;14.8;23.9;30.0;57.0;13.97;713.9;0.0;55.0;4.4;0.606;29.05;5.4;25.0
5074;2023-07-31 11:00:00;1.71;14.8;29.7;44.8;35.0;44.0;15.22;713.7;0.0;49.0;5.4;0.708;30.71;8.1;36.0
5075;2023-07-31 12:00:00;1.33;4.7;14.8;19.6;58.0;70.0;;713.5;0.0;42.0;5.1;0.86;32.16;10.8;56.0
5076;2023-07-31 13:00:00;1.2;2.9;8.1;11.2;59.0;58.0;12.05;713.0;0.0;35.0;4.8;0.866;33.47;14.2;56.0
5077;2023-07-31 14:00:00;1.14;3.0;6.5;9.7;51.0;47.0;9.28;712.5;0.0;32.0;7.0;0.92;34.5;15.7;55.0
5078;2023-07-31 15:00:00;1.15;2.8;5.3;8.4;44.0;41.0;;711.9;0.0;31.0;3.8;0.738;35.36;15.1;68.0
5079;2023-07-31 16:00:00;0.66;2.9;4.7;7.8;41.0;;7.03;711.4;0.0;28.0;2.9;0.609;35.9;14.9;79.0
5080;2023-07-31 17:00:00;0.68;3.4;6.6;10.2;39.0;31.0;7.09;711.0;0.0;26.0;2.8;0.497;36.11;16.4;75.0
5081;2023-07-31 18:00:00;0.69;2.9;6.4;9.5;38.0;36.0;6.67;710.9;0.0;26.0;3.4;0.235;35.9;16.4;83.0
5082;2023-07-31 19:00:00;0.75;3.2;8.5;11.9;33.0;32.0;6.67;711.0;0.0;26.0;3.2;0.038;35.56;13.3;93.0
5083;2023-07-31 20:00:00;0.73;2.2;7.7;10.1;30.0;33.0;6.12;711.3;0.0;28.0;2.7;0.007;34.43;13.5;85.0
5084;2023-07-31 21:00:00;0.7;2.1;6.8;9.1;28.0;28.0;6.11;711.5;0.0;28.0;2.6;0.001;33.97;10.2;100.0
5085;2023-07-31 22:00:00;0.71;2.0;3.9;6.1;24.0;30.0;8.39;712.0;0.0;38.0;2.6;0.001;32.0;13.7;123.0
5086;2023-07-31 23:00:00;0.72;2.1;3.7;6.0;20.0;40.0;9.26;712.5;0.0;44.0;2.6;0.001;30.02;15.3;79.0
5087;2023-08-01 00:00:00;;;;;;;;;;;;;;;
5088;2023-08-01 01:00:00;0.73;1.9;4.4;6.5;16.0;37.0;9.2;713.0;0.0;49.0;2.5;0.001;28.13;9.5;47.0
5089;2023-08-01 02:00:00;0.73;3.3;5.1;8.6;14.0;43.0;10.1;713.1;0.0;53.0;2.5;0.001;27.21;9.7;39.0
5090;2023-08-01 03:00:00;0.74;4.2;6.0;10.4;13.0;33.0;10.5;713.0;0.0;56.0;2.9;0.001;26.61;8.7;38.0
5091;2023-08-01 04:00:00;0.75;1.9;3.5;5.6;15.0;42.0;9.51;712.9;0.0;58.0;2.7;0.001;26.15;8.7;41.0
5092;2023-08-01 05:00:00;0.77;2.9;6.4;9.6;13.0;33.0;10.57;712.6;0.0;59.0;2.7;0.001;25.96;6.2;31.0
5093;2023-08-01 06:00:00;0.81;15.1;10.1;25.5;8.0;41.0;12.84;712.7;0.0;62.0;2.9;0.001;25.32;7.1;33.0
5094;2023-08-01 07:00:00;0.89;20.0;11.6;31.9;8.0;43.0;15.23;713.1;0.0;65.0;3.8;0.04;24.91;6.7;58.0
5095;2023-08-01 08:00:00;1.02;24.5;13.5;38.3;10.0;57.0;16.05;713.4;0.0;63.0;4.5;0.183;25.76;6.2;67.0
5096;2023-08-01 09:00:00;1.33;15.8;16.1;32.1;17.0;65.0;17.29;713.5;0.0;59.0;5.1;0.382;27.11;5.4;10.0
5097;2023-08-01 10:00:00;1.48;12.3;20.0;32.5;27.0;61.0;17.45;713.4;0.0;52.0;6.0;0.583;29.05;6.3;12.0
5098;2023-08-01 11:00:00;1.26;19.2;28.6;48.0;27.0;67.0;19.8;713.3;0.0;48.0;6.5;0.742;30.4;9.8;41.0
5099;2023-08-01 12:00:00;0.99;7.0;15.2;22.4;44.0;81.0;14.6;713.3;0.0;44.0;6.5;0.869;31.7;12.2;64.0
5100;2023-08-01 13:00:00;0.92;2.7;8.0;11.0;65.0;60.0;13.08;713.0;0.0;38.0;8.3;0.927;33.18;14.1;54.0
5101;2023-08-01 14:00:00;0.88;2.8;6.2;9.3;51.0;57.0;11.84;712.4;0.0;34.0;6.9;0.928;34.31;14.0;58.0
5102;2023-08-01 15:00:00;0.87;3.0;6.0;9.3;46.0;44.0;11.39;711.8;0.0;32.0;3.9;0.806;35.1;16.4;66.0
5103;2023-08-01 16:00:00;0.85;3.1;5.9;;44.0;45.0;13.08;711.4;0.0;29.0;3.9;0.526;35.38;16.8;69.0
5104;2023-08-01 17:00:00;0.84;3.0;6.2;9.5;42.0;48.0;13.74;711.1;0.0;27.0;4.5;0.519;35.72;17.2;75.0
5105;2023-08-01 18:00:00;0.84;3.2;7.1;10.6;37.0;45.0;9.41;710.8;0.0;26.0;3.8;0.28;35.73;15.1;88.0
5106;2023-08-01 19:00:00;0.88;3.2;9.3;12.8;31.0;41.0;8.17;710.8;0.0;25.0;3.2;0.045;35.33;13.0;95.0
5107;2023-08-01 20:00:00;0.85;2.6;9.9;12.7;26.0;32.0;7.82;711.1;0.0;25.0;2.9;0.007;34.31;13.3;88.0
5108;2023-08-01 21:00:00;0.81;2.1;4.8;7.2;25.0;31.0;7.25;711.6;0.0;32.0;2.6;0.001;33.02;16.5;103.0
5109;2023-08-01 22:00:00;0.84;2.0;3.7;5.9;22.0;52.0;7.27;712.4;0.0;42.0;2.7;0.001;31.18;14.7;102.0
5110;2023-08-01 23:00:00;0.87;2.2;4.1;6.4;19.0;42.0;7.04;712.8;0.0;49.0;2.6;0.001;29.84;14.5;74.0
5111;2023-08-02 00:00:00;0.86;1.9;2.5;4.6;20.0;33.0;6.44;713.0;0.0;54.0;2.6;0.001;28.83;13.4;73.0
5112;2023-08-02 01:00:00;0.85;1.9;2.4;4.5;19.0;29.0;6.36;713.1;0.0;56.0;2.5;0.001;27.96;10.7;77.0
5113;2023-08-02 02:00:00;0.84;1.8;2.3;4.4;19.0;28.0;5.92;712.8;0.0;59.0;2.5;0.001;26.8;11.0;58.0
5114;2023-08-02 03:00:00;0.85;1.8;2.7;4.7;18.0;30.0;6.05;712.6;0.0;61.0;2.5;0.001;26.38;7.9;52.0
5115;2023-08-02 04:00:00;0.86;2.7;5.8;8.7;14.0;28.0;6.95;712.3;0.0;63.0;2.5;0.001;25.86;7.2;37.0
5116;2023-08-02 05:00:00;0.86;1.8;3.2;5.3;16.0;29.0;6.4;712.4;0.0;66.0;2.5;0.001;25.24;8.2;57.0
5117;2023-08-02 06:00:00;0.9;7.7;8.5;16.4;10.0;31.0;9.12;712.7;0.0;71.0;2.6;0.001;24.41;7.5;36.0
5118;2023-08-02 07:00:00;0.96;7.9;10.1;18.2;9.0;36.0;10.36;713.0;0.0;72.0;2.7;0.03;24.3;6.0;45.0
5119;2023-08-02 08:00:00;1.07;22.1;14.9;37.3;8.0;40.0;13.02;713.4;0.0;70.0;3.2;0.076;24.94;5.5;24.0
5120;2023-08-02 09:00:00;1.1;19.4;14.3;34.0;12.0;51.0;13.38;713.5;0.0;67.0;3.6;0.269;26.09;6.4;17.0
5121;2023-08-02 10:00:00;1.16;11.3;13.5;25.1;17.0;49.0;15.73;713.5;0.0;63.0;3.5;0.321;26.81;7.2;347.0
5122;2023-08-02 11:00:00;1.23;8.0;15.0;23.2;31.0;51.0;17.79;713.3;0.0;58.0;3.3;0.573;28.33;8.3;349.0
5123;2023-08-02 12:00:00;1.05;5.5;11.9;17.6;45.0;60.0;14.86;713.1;0.0;51.0;3.6;0.889;30.22;9.9;42.0
5124;2023-08-02 13:00:00;0.98;3.1;6.4;9.8;47.0;49.0;12.66;712.6;0.0;44.0;3.2;0.928;31.79;13.0;49.0
5125;2023-08-02 14:00:00;0.96;3.2;5.3;8.7;39.0;45.0;11.41;712.1;0.0;39.0;2.9;0.852;33.01;16.4;58.0
5126;2023-08-02 15:00:00;0.91;3.1;4.8;8.1;39.0;40.0;10.01;711.6;0.0;34.0;2.7;0.798;33.94;16.9;63.0
5127;2023-08-02 16:00:00;0.88;3.0;5.1;8.4;40.0;36.0;8.72;711.1;0.0;29.0;2.8;0.682;34.82;16.2;77.0
5128;2023-08-02 17:00:00;0.89;3.4;6.1;9.8;36.0;36.0;8.61;710.8;0.0;28.0;2.9;0.454;34.95;16.6;75.0
5129;2023-08-02 18:00:00;0.89;3.2;6.7;10.2;35.0;43.0;7.97;710.6;0.0;28.0;3.1;0.139;34.48;16.0;76.0
5130;2023-08-02 19:00:00;0.89;2.8;7.0;10.0;33.0;35.0;7.54;710.6;0.0;26.0;2.8;0.052;34.55;15.3;87.0
5131;2023-08-02 20:00:00;0.88;2.2;6.9;9.3;30.0;39.0;7.6;710.7;0.0;29.0;2.6;0.006;33.21;15.7;103.0
5132;2023-08-02 21:00:00;0.93;2.0;5.0;7.2;27.0;49.0;7.96;711.2;0.0;42.0;2.6;0.001;30.95;16.4;111.0
5133;2023-08-02 22:00:00;0.9;2.0;4.7;6.9;28.0;37.0;7.08;711.6;0.0;43.0;2.5;0.001;30.36;14.9;108.0
5134;2023-08-02 23:00:00;0.89;1.9;3.4;5.5;29.0;32.0;6.59;712.0;0.0;46.0;2.5;0.001;29.29;15.8;109.0
5135;2023-08-03 00:00:00;0.89;1.8;4.5;6.6;26.0;26.0;6.23;712.2;0.0;52.0;2.4;0.001;28.1;14.3;97.0
5136;2023-08-03 01:00:00;0.89;1.8;4.9;6.9;24.0;34.0;6.15;712.0;0.0;55.0;2.4;0.001;27.15;13.2;98.0
5137;2023-08-03 02:00:00;0.9;1.9;5.2;7.2;23.0;29.0;6.3;711.7;0.0;57.0;2.4;0.001;26.7;9.3;35.0
5138;2023-08-03 03:00:00;0.9;2.2;5.5;7.9;21.0;31.0;6.98;711.6;0.0;61.0;2.5;0.001;26.08;9.6;47.0
5139;2023-08-03 04:00:00;0.9;1.8;3.6;5.6;22.0;30.0;6.45;711.7;0.0;64.0;2.5;0.001;25.55;7.8;37.0
5140;2023-08-03 05:00:00;0.91;2.2;7.5;9.9;17.0;25.0;6.99;711.7;0.0;66.0;2.4;0.001;25.03;5.4;27.0
5141;2023-08-03 06:00:00;0.97;6.0;13.8;19.9;9.0;30.0;9.05;711.8;0.0;68.0;2.6;0.001;24.61;6.4;25.0
5142;2023-08-03 07:00:00;1.06;7.5;14.3;21.9;9.0;41.0;8.95;712.0;0.0;71.0;2.7;0.031;24.29;5.5;37.0
5143;2023-08-03 08:00:00;1.21;11.5;13.7;25.6;13.0;44.0;11.52;712.4;0.0;69.0;2.9;0.109;24.98;5.7;47.0
5144;2023-08-03 09:00:00;1.26;11.1;13.9;25.2;19.0;47.0;14.81;712.5;0.0;64.0;3.2;0.341;26.34;5.2;27.0
5145;2023-08-03 10:00:00;1.36;8.2;15.8;24.3;31.0;48.0;17.09;712.6;0.0;57.0;3.4;0.559;28.23;6.0;4.0
5146;2023-08-03 11:00:00;1.43;7.6;20.4;28.3;43.0;67.0;23.25;712.5;0.0;52.0;4.1;0.702;29.72;7.8;30.0
5147;2023-08-03 12:00:00;1.21;5.9;20.1;26.2;57.0;75.0;26.21;712.2;0.0;47.0;5.0;0.816;30.78;9.9;54.0
5148;2023-08-03 13:00:00;1.09;4.7;16.3;21.2;63.0;75.0;19.25;711.8;0.0;41.0;5.0;0.882;32.11;9.5;43.0
5149;2023-08-03 14:00:00;1.02;2.5;7.7;10.4;69.0;56.0;14.53;711.2;0.0;37.0;6.5;0.893;33.23;13.3;57.0
5150;2023-08-03 15:00:00;0.95;3.0;5.8;9.0;48.0;55.0;9.43;710.7;0.0;32.0;4.5;0.831;34.6;13.9;56.0
5151;2023-08-03 16:00:00;0.9;2.4;4.1;6.7;45.0;41.0;7.81;710.2;0.0;30.0;3.1;0.738;35.42;12.2;110.0
5152;2023-08-03 17:00:00;0.9;2.5;4.7;7.4;43.0;33.0;7.44;710.0;0.0;28.0;2.9;0.291;35.53;11.9;133.0
5153;2023-08-03 18:00:00;0.91;2.7;5.8;8.7;42.0;28.0;7.54;709.7;0.0;27.0;2.6;0.254;35.97;9.1;143.0
5154;2023-08-03 19:00:00;0.96;2.4;8.7;11.3;38.0;30.0;7.51;709.3;0.0;27.0;2.6;0.035;35.51;11.3;123.0
5155;2023-08-03 20:00:00;0.97;2.0;9.1;11.3;36.0;29.0;12.26;709.3;0.0;29.0;2.7;0.005;34.28;11.7;124.0
5156;2023-08-03 21:00:00;0.98;2.0;7.6;9.8;29.0;43.0;15.97;709.7;0.0;38.0;2.8;0.001;32.46;10.2;112.0
5157;2023-08-03 22:00:00;0.99;2.1;7.2;9.5;26.0;47.0;14.79;710.1;0.0;42.0;2.7;0.001;31.16;12.0;73.0
5158;2023-08-03 23:00:00;0.98;1.9;7.3;9.4;25.0;50.0;14.64;710.6;0.0;45.0;2.8;0.001;30.28;10.3;80.0
5159;2023-08-04 00:00:00;0.93;1.8;3.5;5.6;30.0;46.0;14.14;710.7;0.0;47.0;2.7;0.001;29.6;10.7;122.0
5160;2023-08-04 01:00:00;0.94;1.8;3.5;5.5;27.0;38.0;14.23;710.6;0.0;52.0;2.7;0.001;28.52;9.5;67.0
5161;2023-08-04 02:00:00;0.95;1.8;4.0;6.0;24.0;44.0;15.04;710.5;0.0;56.0;2.6;0.001;27.53;9.8;55.0
5162;2023-08-04 03:00:00;0.96;2.1;5.1;7.4;22.0;44.0;16.28;710.4;0.0;61.0;2.5;0.001;26.55;7.0;40.0
5163;2023-08-04 04:00:00;1.0;3.1;14.0;17.2;13.0;45.0;17.19;710.5;0.0;64.0;2.7;0.001;26.08;6.5;22.0
5164;2023-08-04 05:00:00;0.97;3.7;9.7;13.6;15.0;48.0;15.52;710.6;0.0;66.0;2.8;0.001;25.33;6.4;65.0
5165;2023-08-04 06:00:00;0.99;2.1;9.7;12.0;14.0;44.0;15.3;710.6;0.0;68.0;2.9;0.001;24.76;3.4;59.0
5166;2023-08-04 07:00:00;1.15;5.0;14.1;19.3;11.0;43.0;18.07;710.8;0.0;68.0;2.8;0.038;24.99;4.4;4.0
5167;2023-08-04 08:00:00;1.17;9.9;13.7;23.8;15.0;55.0;18.73;710.9;0.0;64.0;3.2;0.161;26.04;5.5;359.0
5168;2023-08-04 09:00:00;1.23;10.7;15.3;26.3;22.0;57.0;19.96;711.1;0.0;60.0;3.4;0.354;27.12;6.3;7.0
5169;2023-08-04 10:00:00;1.58;15.5;28.8;44.5;27.0;68.0;27.28;711.2;0.0;54.0;4.1;0.501;28.49;6.4;26.0
5170;2023-08-04 11:00:00;1.55;14.3;36.3;50.8;39.0;100.0;32.9;711.1;0.0;46.0;6.3;0.729;30.63;7.5;69.0
5171;2023-08-04 12:00:00;1.3;6.5;26.8;33.5;63.0;106.0;28.92;710.8;0.0;41.0;6.7;0.808;31.99;9.7;66.0
5172;2023-08-04 13:00:00;1.14;5.5;20.1;25.9;65.0;92.0;21.81;710.5;0.0;36.0;6.1;0.868;33.38;10.3;61.0
5173;2023-08-04 14:00:00;1.02;2.9;9.5;12.6;71.0;78.0;15.45;710.1;0.0;31.0;4.7;0.882;34.65;12.0;76.0
5174;2023-08-04 15:00:00;1.01;2.6;8.5;11.3;76.0;55.0;15.35;709.6;0.0;28.0;4.9;0.844;36.02;14.4;53.0
5175;2023-08-04 16:00:00;0.95;2.5;6.2;9.0;61.0;61.0;12.22;709.2;0.0;25.0;5.2;0.704;36.97;13.3;118.0
5176;2023-08-04 17:00:00;0.91;2.8;5.4;8.4;44.0;40.0;10.4;708.8;0.0;23.0;3.3;0.543;37.41;13.8;122.0
5177;2023-08-04 18:00:00;0.89;2.9;6.0;9.1;39.0;42.0;9.8;708.7;0.0;20.0;2.7;0.274;37.02;15.7;132.0
5178;2023-08-04 19:00:00;0.94;3.0;7.7;11.0;35.0;48.0;11.35;708.7;0.0;22.0;2.8;0.035;36.14;14.7;128.0
5179;2023-08-04 20:00:00;0.91;2.1;6.8;9.1;31.0;43.0;11.83;709.2;0.0;26.0;2.8;0.004;34.16;14.0;130.0
5180;2023-08-04 21:00:00;0.93;2.0;6.5;8.7;30.0;38.0;14.12;709.7;0.0;32.0;2.8;0.001;32.44;15.1;119.0
5181;2023-08-04 22:00:00;0.93;1.9;5.0;7.1;30.0;41.0;17.92;710.1;0.0;37.0;2.8;0.001;31.15;13.7;127.0
5182;2023-08-04 23:00:00;0.92;1.8;4.6;6.6;30.0;41.0;17.8;710.4;0.0;37.0;2.9;0.001;30.72;13.8;112.0
5183;2023-08-05 00:00:00;0.92;1.8;4.6;6.6;29.0;41.0;17.63;710.6;0.0;38.0;2.8;0.001;30.08;10.8;123.0
5184;2023-08-05 01:00:00;0.93;;3.5;5.5;29.0;37.0;18.48;710.4;0.0;44.0;2.7;0.001;28.78;11.3;70.0
5185;2023-08-05 02:00:00;0.99;2.5;8.6;11.2;21.0;43.0;20.65;710.3;0.0;52.0;2.7;0.001;27.75;8.4;39.0
5186;2023-08-05 03:00:00;1.03;2.2;7.7;10.1;19.0;46.0;21.7;710.3;0.0;61.0;2.8;0.001;26.66;7.0;46.0
5187;2023-08-05 04:00:00;1.01;3.4;9.7;13.3;16.0;52.0;21.21;710.3;0.0;66.0;2.8;0.001;25.73;5.9;38.0
5188;2023-08-05 05:00:00;1.03;5.1;13.8;19.2;11.0;50.0;22.13;710.3;0.0;67.0;2.8;0.001;25.22;6.6;52.0
5189;2023-08-05 06:00:00;1.01;4.9;9.0;14.0;15.0;55.0;19.96;710.6;0.0;69.0;3.1;0.001;24.48;6.4;58.0
5190;2023-08-05 07:00:00;1.14;11.8;16.6;28.6;8.0;51.0;23.63;710.8;0.0;71.0;3.4;0.034;24.38;4.0;30.0
5191;2023-08-05 08:00:00;1.31;8.7;13.5;22.4;16.0;63.0;23.93;711.1;0.0;68.0;3.7;0.174;25.37;5.3;22.0
5192;2023-08-05 09:00:00;1.35;11.0;16.6;27.8;22.0;64.0;26.43;711.3;0.0;63.0;4.3;0.375;26.5;6.3;20.0
5193;2023-08-05 10:00:00;1.46;11.3;21.4;33.0;30.0;79.0;29.52;711.6;0.0;59.0;5.3;0.572;27.87;8.3;55.0
5194;2023-08-05 11:00:00;1.31;12.9;26.0;39.1;34.0;99.0;30.86;711.7;0.0;53.0;6.4;0.732;29.34;8.9;37.0
5195;2023-08-05 12:00:00;1.2;8.5;23.0;31.7;46.0;108.0;28.77;711.5;0.0;47.0;6.8;0.861;30.64;9.1;44.0
5196;2023-08-05 13:00:00;1.12;2.9;11.7;14.8;79.0;84.0;25.16;711.0;0.0;40.0;7.3;0.921;32.19;11.4;49.0
5197;2023-08-05 14:00:00;1.09;2.7;9.5;12.4;75.0;65.0;22.9;710.4;0.0;36.0;6.7;0.917;33.84;11.6;41.0
5198;2023-08-05 15:00:00;1.0;2.5;6.3;9.0;57.0;66.0;17.82;709.9;0.0;30.0;4.4;0.852;35.66;11.8;62.0
5199;2023-08-05 16:00:00;0.94;2.3;4.2;6.7;48.0;50.0;15.61;709.5;0.0;26.0;3.2;0.721;36.88;10.9;106.0
5200;2023-08-05 17:00:00;0.9;2.4;3.8;6.4;42.0;49.0;12.53;709.3;0.0;23.0;2.9;0.541;37.59;12.6;116.0
5201;2023-08-05 18:00:00;0.89;2.3;4.1;6.6;39.0;42.0;11.2;709.2;0.0;21.0;2.8;0.269;37.66;12.5;114.0
5202;2023-08-05 19:00:00;0.87;2.2;4.5;6.9;34.0;33.0;8.58;709.4;0.0;19.0;2.8;0.034;37.27;12.7;105.0
5203;2023-08-05 20:00:00;0.93;2.0;7.0;9.2;28.0;29.0;9.66;709.7;0.0;23.0;2.8;0.004;35.92;15.7;82.0
5204;2023-08-05 21:00:00;1.05;2.0;5.5;7.8;23.0;65.0;16.26;710.5;0.0;42.0;2.8;0.001;32.96;16.6;88.0
5205;2023-08-05 22:00:00;1.07;2.2;6.3;8.7;19.0;73.0;15.03;711.1;0.0;50.0;2.8;0.001;31.16;15.4;73.0
5206;2023-08-05 23:00:00;1.07;1.9;5.2;7.3;22.0;59.0;16.93;711.4;0.0;54.0;2.7;0.001;29.97;12.7;82.0
5207;2023-08-06 00:00:00;1.05;1.9;4.1;6.2;23.0;55.0;17.06;711.3;0.0;55.0;2.6;0.001;29.52;10.7;95.0
5208;2023-08-06 01:00:00;1.04;;4.0;6.1;21.0;41.0;14.58;711.1;0.0;58.0;2.6;0.001;28.79;10.5;69.0
5209;2023-08-06 02:00:00;1.05;;4.2;6.3;19.0;45.0;14.13;711.0;0.0;64.0;2.6;0.001;27.28;11.4;47.0
5210;2023-08-06 03:00:00;1.07;1.8;5.6;7.6;19.0;37.0;14.72;710.9;0.0;66.0;2.5;0.001;26.65;9.4;40.0
5211;2023-08-06 04:00:00;1.06;2.4;11.2;13.9;13.0;46.0;15.91;711.0;0.0;68.0;2.6;0.001;26.06;7.5;12.0
5212;2023-08-06 05:00:00;1.07;2.6;14.2;16.9;11.0;54.0;16.81;711.1;0.0;69.0;2.9;0.001;25.64;5.3;31.0
5213;2023-08-06 06:00:00;1.11;2.5;15.7;18.4;9.0;50.0;17.34;711.1;0.0;70.0;3.2;0.001;25.29;4.0;43.0
5214;2023-08-06 07:00:00;1.23;4.1;14.3;18.5;11.0;54.0;17.43;711.5;0.0;69.0;3.3;0.031;25.42;4.8;9.0
5215;2023-08-06 08:00:00;1.19;5.1;9.8;15.2;18.0;45.0;15.45;711.6;0.0;66.0;3.5;0.171;26.4;4.8;5.0
5216;2023-08-06 09:00:00;1.18;5.5;9.6;15.4;25.0;47.0;15.81;711.6;0.0;62.0;3.8;0.377;27.52;4.9;342.0
5217;2023-08-06 10:00:00;1.3;4.7;11.1;16.1;38.0;53.0;17.52;711.6;0.0;56.0;4.1;0.576;29.26;5.4;1.0
5218;2023-08-06 11:00:00;1.47;7.4;20.8;28.5;45.0;63.0;20.6;711.5;0.0;49.0;5.3;0.736;30.98;7.8;65.0
5219;2023-08-06 12:00:00;1.2;5.3;19.2;24.8;59.0;72.0;22.91;711.5;0.0;43.0;6.7;0.863;32.4;9.8;61.0
5220;2023-08-06 13:00:00;1.11;3.6;13.3;17.1;73.0;62.0;18.85;711.5;0.0;38.0;7.0;0.918;33.74;9.6;49.0
5221;2023-08-06 14:00:00;1.05;2.2;6.3;8.7;77.0;53.0;16.56;711.0;0.0;33.0;5.7;0.917;35.18;10.2;51.0
5222;2023-08-06 15:00:00;0.99;2.1;5.1;7.4;69.0;50.0;14.44;710.4;0.0;28.0;6.0;0.852;36.56;10.2;52.0
5223;2023-08-06 16:00:00;0.98;2.1;4.0;6.4;61.0;43.0;13.54;709.8;0.0;27.0;4.3;0.711;37.43;13.1;63.0
5224;2023-08-06 17:00:00;0.94;2.0;3.3;5.6;55.0;40.0;12.62;709.5;0.0;24.0;3.5;0.531;38.22;12.1;108.0
5225;2023-08-06 18:00:00;0.89;1.9;2.5;4.6;46.0;34.0;10.28;709.3;0.0;22.0;3.0;0.264;38.17;12.2;119.0
5226;2023-08-06 19:00:00;0.9;1.9;4.1;6.2;39.0;31.0;8.31;709.4;0.0;21.0;2.8;0.036;37.7;11.4;112.0
5227;2023-08-06 20:00:00;0.88;1.8;5.0;7.0;36.0;27.0;7.21;709.5;0.0;20.0;2.7;0.005;36.76;12.7;106.0
5228;2023-08-06 21:00:00;1.02;1.9;5.6;7.7;29.0;34.0;13.6;710.1;0.0;34.0;2.8;0.001;33.92;15.6;81.0
5229;2023-08-06 22:00:00;1.03;1.9;4.9;7.0;25.0;70.0;18.73;711.0;0.0;42.0;2.9;0.001;31.42;16.9;71.0
5230;2023-08-06 23:00:00;1.04;;5.8;8.0;22.0;72.0;19.25;711.3;0.0;45.0;3.0;0.001;30.18;12.2;67.0
5231;2023-08-07 00:00:00;1.05;2.0;6.5;8.6;20.0;67.0;18.91;711.4;0.0;47.0;3.0;0.001;29.71;7.6;44.0
5232;2023-08-07 01:00:00;1.06;5.2;12.8;18.2;13.0;60.0;20.03;711.3;0.0;52.0;3.5;0.001;28.58;10.2;36.0
5233;2023-08-07 02:00:00;1.05;7.9;15.8;23.9;9.0;66.0;20.21;711.4;0.0;57.0;4.9;0.001;27.27;8.5;35.0
5234;2023-08-07 03:00:00;1.05;6.6;16.5;23.3;8.0;65.0;20.23;711.3;0.0;60.0;4.9;0.001;26.52;6.9;22.0
5235;2023-08-07 04:00:00;1.05;5.1;15.8;21.1;9.0;61.0;19.05;711.4;0.0;62.0;4.3;0.001;26.09;5.6;11.0
5236;2023-08-07 05:00:00;1.07;4.2;15.6;20.0;8.0;58.0;19.94;711.4;0.0;64.0;4.0;0.001;25.68;5.1;36.0
5237;2023-08-07 06:00:00;1.06;3.0;10.4;13.7;12.0;62.0;18.9;711.7;0.0;67.0;3.5;0.001;25.27;6.2;49.0
5238;2023-08-07 07:00:00;1.12;12.6;14.2;27.0;8.0;55.0;19.97;712.0;0.0;69.0;3.4;0.034;24.82;6.1;58.0
5239;2023-08-07 08:00:00;1.24;18.5;14.8;33.6;11.0;59.0;21.16;712.3;0.0;67.0;3.8;0.169;25.56;6.0;60.0
5240;2023-08-07 09:00:00;1.44;12.5;16.2;29.0;20.0;61.0;22.13;712.4;0.0;63.0;4.1;0.362;26.76;6.4;36.0
5241;2023-08-07 10:00:00;1.57;11.2;20.1;31.7;29.0;72.0;25.37;712.5;0.0;59.0;4.1;0.556;28.16;7.7;23.0
5242;2023-08-07 11:00:00;1.47;11.7;25.6;37.5;35.0;87.0;28.09;712.4;0.0;53.0;4.7;0.716;29.96;8.3;57.0
5243;2023-08-07 12:00:00;1.32;8.9;27.5;36.6;48.0;100.0;31.16;712.1;0.0;47.0;7.4;0.847;31.34;8.9;61.0
5244;2023-08-07 13:00:00;1.24;6.0;23.3;29.6;64.0;93.0;28.14;711.5;0.0;39.0;7.6;0.907;33.2;9.4;43.0
5245;2023-08-07 14:00:00;1.23;2.7;14.3;17.2;101.0;81.0;27.48;711.1;0.0;37.0;5.9;0.897;34.59;11.3;61.0
5246;2023-08-07 15:00:00;1.13;2.5;9.0;11.7;78.0;81.0;24.58;710.5;0.0;32.0;6.7;0.823;36.2;13.8;48.0
5247;2023-08-07 16:00:00;1.05;2.3;5.9;8.4;62.0;72.0;18.43;710.0;0.0;28.0;4.9;0.698;37.22;13.6;86.0
5248;2023-08-07 17:00:00;1.02;2.9;6.3;9.4;46.0;59.0;15.66;709.8;0.0;25.0;3.6;0.52;38.02;12.3;127.0
5249;2023-08-07 18:00:00;0.99;2.9;6.9;10.0;39.0;49.0;13.81;709.6;0.0;21.0;3.1;0.258;38.31;12.9;121.0
5250;2023-08-07 19:00:00;1.01;2.5;10.1;12.9;36.0;41.0;14.71;709.6;0.0;18.0;2.9;0.038;37.72;12.5;100.0
5251;2023-08-07 20:00:00;0.93;2.3;9.7;12.2;34.0;41.0;10.38;709.6;0.0;17.0;2.7;0.005;36.78;11.8;118.0
5252;2023-08-07 21:00:00;1.04;2.2;6.6;9.0;25.0;31.0;14.32;709.9;0.0;35.0;3.0;0.001;33.96;17.1;78.0
5253;2023-08-07 22:00:00;1.05;2.1;4.4;6.7;22.0;96.0;16.93;710.4;0.0;44.0;2.8;0.001;31.92;16.5;71.0
5254;2023-08-07 23:00:00;1.04;2.0;4.8;7.0;22.0;71.0;16.29;710.6;0.0;44.0;2.9;0.001;31.19;10.8;84.0
5255;2023-08-08 00:00:00;0.98;1.9;4.4;6.4;25.0;63.0;14.6;710.6;0.0;40.0;2.9;0.001;30.69;8.3;123.0
5256;2023-08-08 01:00:00;1.02;1.8;4.6;6.7;22.0;43.0;13.39;710.6;0.0;48.0;2.8;0.001;29.5;8.7;53.0
5257;2023-08-08 02:00:00;1.02;1.8;4.6;6.6;18.0;42.0;12.13;710.8;0.0;54.0;2.7;0.001;28.15;8.6;43.0
5258;2023-08-08 03:00:00;1.01;2.7;6.2;9.1;15.0;36.0;13.35;710.9;0.0;57.0;2.8;0.001;27.12;8.7;30.0
5259;2023-08-08 04:00:00;1.02;4.0;9.6;13.8;11.0;44.0;14.6;711.1;0.0;60.0;3.1;0.001;26.39;7.7;33.0
5260;2023-08-08 05:00:00;1.01;4.6;9.8;14.7;10.0;40.0;14.81;711.4;0.0;61.0;3.5;0.001;25.72;6.8;39.0
5261;2023-08-08 06:00:00;1.0;3.1;7.3;10.6;12.0;34.0;13.86;711.7;0.0;64.0;3.5;0.001;24.94;5.9;57.0
5262;2023-08-08 07:00:00;1.08;17.1;12.5;29.9;8.0;33.0;15.37;712.0;0.0;64.0;3.9;0.035;24.76;5.8;46.0
5263;2023-08-08 08:00:00;;;;;;;;;;;;0.0;;;
5264;2023-08-08 09:00:00;0.28;10.4;;10.5;4.0;4.0;;;0.0;13.0;1.8;0.106;6.35;1.3;331.0
5265;2023-08-08 10:00:00;1.33;13.9;18.8;32.7;28.0;;;712.3;0.0;53.0;6.6;0.574;28.37;6.8;17.0
5266;2023-08-08 11:00:00;1.21;10.4;17.8;28.5;44.0;72.0;;712.4;0.0;49.0;5.7;0.735;29.72;7.8;25.0
5267;2023-08-08 12:00:00;1.17;13.8;24.4;38.5;55.0;65.0;;711.9;0.0;43.0;6.1;0.856;31.66;7.8;34.0
5268;2023-08-08 13:00:00;0.94;17.0;23.3;40.5;59.0;85.0;;711.4;0.0;38.0;5.8;0.909;32.66;10.5;23.0
5269;2023-08-08 14:00:00;0.53;19.3;15.9;35.5;74.0;74.0;;710.9;0.0;31.0;7.2;0.918;34.25;10.1;49.0
5270;2023-08-08 15:00:00;0.2;25.7;11.4;37.4;74.0;69.0;;710.2;0.0;26.0;3.6;0.845;35.72;12.4;74.0
5271;2023-08-08 16:00:00;;35.7;11.9;47.8;62.0;52.0;;709.5;0.0;22.0;;0.719;36.71;14.5;79.0
5272;2023-08-08 17:00:00;;47.6;13.6;61.6;48.0;54.0;;709.0;0.0;18.0;;0.556;37.53;13.1;128.0
5273;2023-08-08 18:00:00;;58.2;14.0;72.6;43.0;42.0;;708.7;0.0;21.0;;0.266;37.55;12.8;116.0
5274;2023-08-08 19:00:00;;64.0;13.5;77.9;40.0;37.0;;708.5;0.0;24.0;;0.032;36.84;13.6;110.0
5275;2023-08-08 20:00:00;;65.9;12.9;79.2;38.0;39.0;;708.5;0.0;22.0;;0.004;36.11;12.7;101.0
5276;2023-08-08 21:00:00;;67.4;14.2;82.0;22.0;38.0;;708.9;0.0;37.0;;0.001;33.72;12.7;86.0
5277;2023-08-08 22:00:00;;66.1;11.1;77.6;21.0;62.0;;709.2;0.0;45.0;;0.001;31.78;15.1;70.0
5278;2023-08-08 23:00:00;;63.9;11.7;76.0;19.0;63.0;;709.8;0.0;49.0;;0.001;30.66;12.4;48.0
5279;2023-08-09 00:00:00;;61.4;11.2;72.9;20.0;51.0;;709.8;0.0;50.0;;0.001;29.96;12.1;59.0
5280;2023-08-09 01:00:00;;58.9;10.3;69.6;21.0;48.0;14.52;709.9;0.0;53.0;;0.001;29.0;11.0;61.0
5281;2023-08-09 02:00:00;;56.8;9.7;66.9;20.0;44.0;13.77;709.8;0.0;57.0;;0.001;28.17;10.0;57.0
5282;2023-08-09 03:00:00;;54.5;9.2;64.2;20.0;41.0;13.43;709.7;0.0;59.0;;0.001;27.46;8.1;48.0
5283;2023-08-09 04:00:00;;54.4;13.9;68.8;13.0;36.0;14.17;709.6;0.0;61.0;;0.001;26.7;7.0;50.0
5284;2023-08-09 05:00:00;;50.0;9.8;60.2;17.0;36.0;13.09;709.6;0.0;65.0;;0.001;25.94;7.1;61.0
5285;2023-08-09 06:00:00;;48.8;13.8;63.0;12.0;34.0;15.68;709.6;0.0;68.0;;0.001;25.47;6.1;53.0
5286;2023-08-09 07:00:00;;52.0;15.5;67.9;11.0;39.0;17.68;709.8;0.0;70.0;;0.029;25.2;5.8;55.0
5287;2023-08-09 08:00:00;;66.3;20.1;86.7;10.0;43.0;22.99;709.9;0.0;68.0;1.3;0.162;25.98;5.7;55.0
5288;2023-08-09 09:00:00;;58.6;20.0;79.0;20.0;50.0;24.0;709.9;0.0;64.0;;0.352;27.02;6.4;352.0
5289;2023-08-09 10:00:00;;68.4;27.3;95.9;26.0;60.0;29.1;709.8;0.0;59.0;;0.551;28.64;7.6;67.0
5290;2023-08-09 11:00:00;;83.4;33.3;117.0;30.0;84.0;32.5;709.9;0.0;53.0;2.4;0.706;30.19;7.4;34.0
5291;2023-08-09 12:00:00;;95.3;36.3;131.9;52.0;87.0;31.21;709.5;0.0;46.0;1.2;0.837;32.19;6.7;23.0
5292;2023-08-09 13:00:00;;111.1;35.3;146.8;74.0;83.0;31.64;709.0;0.0;37.0;1.5;0.896;34.1;9.2;59.0
5293;2023-08-09 14:00:00;;129.7;20.9;151.0;99.0;94.0;24.39;708.5;0.0;32.0;;0.903;35.93;10.3;65.0
5294;2023-08-09 15:00:00;;153.4;17.4;171.4;88.0;71.0;21.05;708.0;0.0;28.0;;0.387;36.64;10.2;60.0
5295;2023-08-09 16:00:00;;166.6;19.8;186.8;62.0;67.0;20.8;707.7;0.0;28.0;;0.062;36.38;8.9;65.0
5296;2023-08-09 17:00:00;;164.2;16.9;181.5;53.0;61.0;17.68;707.3;0.0;30.0;;0.075;36.03;10.8;123.0
5297;2023-08-09 18:00:00;;160.5;18.4;179.2;48.0;50.0;18.54;707.1;0.0;32.0;;0.086;35.8;8.4;126.0
5298;2023-08-09 19:00:00;;158.3;19.9;178.6;44.0;52.0;17.63;707.0;0.0;31.0;;0.05;35.71;7.2;101.0
5299;2023-08-09 20:00:00;;156.7;24.2;181.2;36.0;52.0;17.86;707.1;0.0;31.0;;0.004;35.27;6.3;114.0
5300;2023-08-09 21:00:00;;151.1;19.2;170.8;26.0;48.0;20.31;707.5;0.0;36.0;;0.001;34.29;11.6;87.0
5301;2023-08-09 22:00:00;;143.2;11.4;155.2;21.0;89.0;22.07;707.9;0.0;46.0;;0.001;32.16;14.0;71.0
5302;2023-08-09 23:00:00;;134.9;13.7;149.1;17.0;85.0;19.21;708.2;0.0;46.0;;0.001;31.35;8.8;47.0
5303;2023-08-10 00:00:00;;125.5;12.3;138.3;19.0;70.0;16.9;708.4;0.0;47.0;;0.001;30.61;9.0;40.0
5304;2023-08-10 01:00:00;;116.9;10.6;128.0;19.0;55.0;16.01;708.4;0.0;52.0;;0.001;29.36;7.4;37.0
5305;2023-08-10 02:00:00;;110.2;17.1;127.8;12.0;53.0;16.77;708.2;0.0;55.0;;0.001;28.45;5.8;26.0
5306;2023-08-10 03:00:00;;102.0;14.7;117.1;14.0;54.0;16.46;708.0;0.0;56.0;;0.001;27.9;5.6;69.0
5307;2023-08-10 04:00:00;;95.3;11.5;107.1;16.0;50.0;16.42;708.0;0.0;57.0;;0.001;27.34;6.4;70.0
5308;2023-08-10 05:00:00;;88.7;9.1;98.3;19.0;48.0;16.13;708.1;0.0;61.0;;0.001;26.49;5.8;48.0
5309;2023-08-10 06:00:00;;90.0;15.0;105.4;11.0;41.0;17.16;708.4;0.0;63.0;0.5;0.001;25.92;5.9;44.0
5310;2023-08-10 07:00:00;;89.2;17.6;107.2;9.0;40.0;19.89;709.0;0.0;65.0;0.7;0.032;25.67;5.0;21.0
5311;2023-08-10 08:00:00;;81.6;16.7;98.7;14.0;62.0;20.7;709.3;0.0;62.0;1.7;0.158;26.73;4.4;25.0
5312;2023-08-10 09:00:00;;60.3;19.1;79.8;21.0;61.0;21.76;709.2;0.0;57.0;1.4;0.362;28.31;5.6;33.0
5313;2023-08-10 10:00:00;;16.4;27.8;44.4;27.0;67.0;27.87;709.1;0.0;48.0;1.0;0.553;29.96;6.6;21.0
5314;2023-08-10 11:00:00;0.22;15.1;38.9;54.2;34.0;100.0;34.89;709.0;0.0;40.0;2.0;0.699;31.41;8.6;38.0
5315;2023-08-10 12:00:00;;10.4;37.2;47.8;51.0;135.0;33.99;708.8;0.0;35.0;2.0;0.829;33.07;9.4;49.0
5316;2023-08-10 13:00:00;;9.9;27.6;37.7;45.0;122.0;23.07;708.6;0.0;29.0;2.6;0.897;34.68;10.9;49.0
5317;2023-08-10 14:00:00;;3.8;12.2;16.2;72.0;79.0;21.31;708.1;0.0;27.0;2.7;0.899;36.03;12.3;51.0
5318;2023-08-10 15:00:00;;3.5;8.2;11.9;73.0;68.0;19.39;707.6;0.0;24.0;2.4;0.829;37.23;12.5;51.0
5319;2023-08-10 16:00:00;;3.5;7.8;11.5;74.0;65.0;17.59;707.1;0.0;24.0;3.6;0.714;38.1;12.5;83.0
5320;2023-08-10 17:00:00;;3.3;9.0;12.5;67.0;56.0;17.09;706.8;0.0;23.0;4.0;0.175;37.83;12.5;74.0
5321;2023-08-10 18:00:00;0.07;3.1;10.9;14.2;62.0;57.0;16.53;706.7;0.0;24.0;3.9;0.093;37.38;11.0;117.0
5322;2023-08-10 19:00:00;0.09;3.0;12.4;15.6;49.0;52.0;17.0;706.7;0.0;25.0;3.5;0.04;36.84;10.8;122.0
5323;2023-08-10 20:00:00;0.11;3.0;16.0;19.1;38.0;49.0;17.94;707.0;0.0;26.0;3.0;0.003;36.19;8.3;123.0
5324;2023-08-10 21:00:00;0.1;2.6;11.9;14.7;31.0;57.0;17.87;707.4;0.0;30.0;2.6;0.0;35.29;10.5;104.0
5325;2023-08-10 22:00:00;0.1;2.4;4.8;7.4;19.0;73.0;20.22;708.1;0.0;50.0;2.2;0.0;32.24;15.3;75.0
5326;2023-08-10 23:00:00;0.16;2.4;5.4;8.0;16.0;95.0;19.94;708.6;0.0;59.0;2.0;0.0;30.45;14.0;56.0
5327;2023-08-11 00:00:00;0.17;2.3;5.8;8.3;16.0;91.0;19.83;708.9;0.0;60.0;2.0;0.0;29.62;11.1;54.0
5328;2023-08-11 01:00:00;0.2;2.6;7.3;10.1;15.0;45.0;21.26;709.0;0.0;63.0;2.0;0.0;28.69;10.7;37.0
5329;2023-08-11 02:00:00;0.2;4.1;11.8;16.1;11.0;80.0;22.84;708.9;0.0;66.0;2.0;0.0;28.02;8.7;25.0
5330;2023-08-11 03:00:00;0.23;4.2;15.3;19.6;8.0;66.0;23.61;708.8;0.0;69.0;1.9;0.0;27.48;7.3;23.0
5331;2023-08-11 04:00:00;0.26;3.8;13.7;17.7;10.0;60.0;25.24;708.9;0.0;69.0;2.0;0.0;27.05;7.1;20.0
5332;2023-08-11 05:00:00;0.26;4.6;13.1;17.9;11.0;68.0;27.49;709.0;0.0;70.0;2.0;0.0;26.68;7.1;29.0
5333;2023-08-11 06:00:00;0.26;5.4;15.8;21.4;10.0;67.0;29.7;709.3;0.0;71.0;2.0;0.0;26.3;5.8;31.0
5334;2023-08-11 07:00:00;0.29;5.2;13.4;18.8;12.0;56.0;29.79;709.7;0.0;71.0;1.9;0.025;26.06;6.2;73.0
5335;2023-08-11 08:00:00;0.33;19.4;18.5;38.1;9.0;;33.98;710.0;0.0;71.0;2.1;0.125;26.58;6.7;65.0
5336;2023-08-11 09:00:00;0.39;17.9;19.6;37.8;14.0;;35.44;710.2;0.0;68.0;2.0;0.293;27.5;7.2;58.0
5337;2023-08-11 10:00:00;0.45;14.8;21.5;36.5;23.0;;38.32;710.3;0.0;63.0;2.0;0.513;28.8;8.0;55.0
5338;2023-08-11 11:00:00;0.51;12.2;25.0;37.4;34.0;;40.17;710.2;0.0;58.0;2.0;0.679;30.01;8.8;48.0
5339;2023-08-11 12:00:00;0.52;12.2;31.1;43.5;42.0;;42.66;710.0;0.0;53.0;2.0;0.815;31.58;9.3;46.0
5340;2023-08-11 13:00:00;0.46;6.0;19.5;25.7;66.0;;37.02;709.5;0.0;45.0;1.9;0.884;33.23;9.7;69.0
5341;2023-08-11 14:00:00;0.47;3.4;11.9;15.5;83.0;102.0;33.37;709.0;0.0;39.0;2.0;0.887;34.97;11.9;48.0
5342;2023-08-11 15:00:00;0.46;3.0;8.5;11.7;60.0;82.0;23.71;708.4;0.0;29.0;1.9;0.827;36.77;13.6;57.0
5343;2023-08-11 16:00:00;0.46;3.0;8.8;12.0;55.0;63.0;21.05;707.9;0.0;27.0;1.9;0.695;37.84;14.5;74.0
5344;2023-08-11 17:00:00;0.45;2.7;9.2;12.1;61.0;62.0;21.87;707.6;0.0;27.0;2.0;0.393;38.07;12.7;117.0
5345;2023-08-11 18:00:00;0.42;2.8;10.9;14.0;44.0;56.0;22.87;707.5;0.0;28.0;1.9;0.046;37.07;13.3;101.0
5346;2023-08-11 19:00:00;0.43;3.2;13.4;16.8;37.0;61.0;22.18;707.5;0.0;27.0;2.0;0.018;36.58;13.0;77.0
5347;2023-08-11 20:00:00;0.43;2.5;8.7;11.4;35.0;54.0;20.64;707.8;0.0;30.0;2.0;0.002;35.86;14.9;88.0
5348;2023-08-11 21:00:00;0.43;3.0;8.3;11.5;21.0;75.0;20.39;708.6;0.0;45.0;1.9;0.0;33.5;13.0;94.0
5349;2023-08-11 22:00:00;0.4;2.4;5.5;8.1;22.0;85.0;20.6;709.4;0.0;52.0;1.9;0.0;31.47;18.0;71.0
5350;2023-08-11 23:00:00;0.37;2.2;3.8;6.2;23.0;68.0;19.77;709.8;0.0;57.0;2.0;0.0;29.92;18.8;73.0
5351;2023-08-12 00:00:00;0.37;2.1;3.5;5.8;23.0;58.0;20.35;710.2;0.0;61.0;1.9;0.0;28.99;15.1;75.0
5352;2023-08-12 01:00:00;0.34;2.0;3.4;5.7;23.0;110.0;21.14;710.1;0.0;64.0;1.9;0.0;28.53;12.8;72.0
5353;2023-08-12 02:00:00;0.36;2.1;3.9;6.2;22.0;44.0;22.55;709.9;0.0;67.0;1.9;0.0;27.98;11.0;57.0
5354;2023-08-12 03:00:00;0.35;2.1;4.6;6.9;21.0;86.0;23.87;710.0;0.0;69.0;1.9;0.0;27.41;9.5;47.0
5355;2023-08-12 04:00:00;0.33;2.0;3.9;6.2;22.0;90.0;24.84;710.1;0.0;70.0;1.9;0.0;27.24;8.5;44.0
5356;2023-08-12 05:00:00;0.32;1.9;2.7;4.8;24.0;91.0;25.38;710.4;0.0;73.0;2.0;0.0;26.87;9.6;61.0
5357;2023-08-12 06:00:00;0.32;2.3;7.1;9.6;19.0;75.0;26.38;710.6;0.0;73.0;1.9;0.0;26.68;6.6;41.0
5358;2023-08-12 07:00:00;0.33;5.0;14.9;20.1;11.0;76.0;31.28;711.0;0.0;73.0;2.0;0.016;26.63;6.5;61.0
5359;2023-08-12 08:00:00;0.36;8.4;14.2;22.9;14.0;88.0;31.23;711.2;0.0;71.0;2.0;0.149;27.3;5.5;63.0
5360;2023-08-12 09:00:00;0.37;11.3;15.6;27.2;19.0;89.0;33.25;711.1;0.0;65.0;2.0;0.335;28.82;5.5;
5361;2023-08-12 10:00:00;0.43;11.6;20.8;32.6;28.0;59.0;37.19;711.2;0.0;58.0;2.0;0.515;30.54;6.9;48.0
5362;2023-08-12 11:00:00;0.48;7.4;19.3;27.0;49.0;121.0;37.44;711.2;0.0;53.0;2.0;0.685;31.71;8.7;68.0
5363;2023-08-12 12:00:00;0.53;3.2;10.6;14.0;80.0;120.0;35.29;710.9;0.0;47.0;2.0;0.816;33.0;12.1;61.0
5364;2023-08-12 13:00:00;0.52;2.7;7.2;10.2;75.0;87.0;33.04;710.5;0.0;41.0;1.9;0.88;34.31;15.2;54.0
5365;2023-08-12 14:00:00;0.49;2.8;6.2;9.2;58.0;80.0;28.04;709.9;0.0;36.0;2.0;0.883;35.57;16.1;63.0
5366;2023-08-12 15:00:00;0.48;2.7;5.3;8.2;54.0;68.0;25.57;709.3;0.0;31.0;1.9;0.817;36.88;14.3;65.0
5367;2023-08-12 16:00:00;0.48;2.5;4.8;7.5;51.0;57.0;22.76;708.8;0.0;29.0;1.9;0.672;37.38;15.2;81.0
5368;2023-08-12 17:00:00;0.47;2.3;4.3;6.8;50.0;55.0;22.19;708.2;0.0;28.0;1.8;0.488;37.9;12.7;100.0
5369;2023-08-12 18:00:00;0.44;2.2;4.2;6.6;49.0;47.0;20.54;707.9;0.0;27.0;1.9;0.237;37.53;14.9;107.0
5370;2023-08-12 19:00:00;0.42;2.0;4.5;6.8;45.0;46.0;18.76;708.0;0.0;26.0;1.9;0.036;36.93;14.4;114.0
5371;2023-08-12 20:00:00;0.4;2.0;5.5;7.7;40.0;42.0;16.04;708.4;0.0;25.0;1.9;0.002;36.01;15.0;105.0
5372;2023-08-12 21:00:00;0.41;2.2;5.4;7.8;22.0;45.0;14.54;709.2;0.0;41.0;1.9;0.0;33.35;17.6;86.0
5373;2023-08-12 22:00:00;0.4;2.3;5.8;8.3;19.0;72.0;13.3;709.8;0.0;47.0;2.0;0.0;31.7;16.9;77.0
5374;2023-08-12 23:00:00;0.4;2.2;6.0;8.4;18.0;58.0;14.25;710.0;0.0;49.0;1.9;0.0;30.39;16.1;71.0
5375;2023-08-13 00:00:00;0.41;2.1;4.7;7.0;19.0;58.0;12.82;710.4;0.0;51.0;2.0;0.0;29.41;14.9;75.0
5376;2023-08-13 01:00:00;0.39;2.3;6.8;9.3;17.0;55.0;12.94;710.5;0.0;54.0;2.0;0.0;28.51;13.1;54.0
5377;2023-08-13 02:00:00;0.41;2.3;6.8;9.2;16.0;41.0;12.25;710.6;0.0;56.0;1.9;0.0;27.82;10.7;43.0
5378;2023-08-13 03:00:00;0.39;2.1;4.6;6.9;19.0;52.0;11.12;710.7;0.0;55.0;1.9;0.0;27.57;10.3;58.0
5379;2023-08-13 04:00:00;0.38;2.0;4.4;6.5;21.0;41.0;11.4;710.8;0.0;55.0;1.9;0.0;26.77;10.3;59.0
5380;2023-08-13 05:00:00;0.37;2.0;4.7;6.9;21.0;41.0;11.52;710.8;0.0;56.0;1.8;0.0;26.32;8.7;49.0
5381;2023-08-13 06:00:00;0.37;2.8;6.9;9.9;18.0;37.0;11.64;711.0;0.0;58.0;1.9;0.0;25.76;8.8;26.0
5382;2023-08-13 07:00:00;0.37;6.0;14.1;20.3;10.0;35.0;13.28;711.3;0.0;59.0;1.9;0.026;25.57;6.4;15.0
5383;2023-08-13 08:00:00;0.38;15.6;14.8;30.7;12.0;40.0;15.01;711.5;0.0;58.0;2.0;0.17;26.23;6.2;8.0
5384;2023-08-13 09:00:00;0.38;5.3;8.0;13.6;24.0;48.0;14.96;711.7;0.0;56.0;2.1;0.374;27.12;6.1;7.0
5385;2023-08-13 10:00:00;0.45;5.1;9.8;15.1;36.0;50.0;16.98;711.5;0.0;51.0;2.1;0.577;28.83;6.6;22.0
5386;2023-08-13 11:00:00;0.48;12.2;21.8;34.3;31.0;51.0;21.02;711.5;0.0;47.0;2.1;0.73;30.23;9.3;53.0
5387;2023-08-13 12:00:00;0.47;3.9;10.1;14.2;56.0;66.0;18.98;711.3;0.0;43.0;2.1;0.857;31.55;10.9;57.0
5388;2023-08-13 13:00:00;0.48;2.6;4.3;7.2;47.0;52.0;17.68;710.9;0.0;38.0;2.1;0.911;33.18;13.9;50.0
5389;2023-08-13 14:00:00;0.45;2.5;3.4;6.1;43.0;48.0;15.18;710.3;0.0;31.0;2.1;0.911;35.15;14.7;67.0
5390;2023-08-13 15:00:00;0.44;2.4;3.1;5.7;44.0;42.0;13.73;709.6;0.0;27.0;2.3;0.841;36.51;13.2;89.0
5391;2023-08-13 16:00:00;0.41;2.3;2.5;5.0;42.0;34.0;11.13;709.1;0.0;22.0;2.4;0.722;37.49;14.4;109.0
5392;2023-08-13 17:00:00;0.43;2.3;2.8;5.3;41.0;35.0;10.29;708.5;0.0;20.0;2.4;0.539;38.0;16.0;114.0
5393;2023-08-13 18:00:00;0.41;2.2;2.9;5.4;40.0;50.0;9.89;708.6;0.0;22.0;2.4;0.242;36.93;18.3;117.0
5394;2023-08-13 19:00:00;0.4;2.0;3.7;5.9;39.0;40.0;9.47;708.8;0.0;23.0;2.2;0.024;36.07;12.4;115.0
5395;2023-08-13 20:00:00;0.39;1.9;5.0;7.1;36.0;35.0;10.03;709.3;0.0;24.0;2.3;0.001;35.12;11.9;125.0
5396;2023-08-13 21:00:00;0.42;2.0;4.5;6.7;29.0;31.0;10.23;709.9;0.0;34.0;2.1;0.0;33.58;13.4;92.0
5397;2023-08-13 22:00:00;0.43;2.0;3.5;5.7;22.0;48.0;10.1;710.7;0.0;46.0;2.1;0.0;31.42;14.2;81.0
5398;2023-08-13 23:00:00;0.43;1.9;3.1;5.3;22.0;51.0;9.55;711.1;0.0;49.0;2.0;0.0;30.11;13.0;68.0
5399;2023-08-14 00:00:00;0.41;2.0;4.0;6.2;20.0;44.0;9.35;711.2;0.0;53.0;2.0;0.0;28.97;11.3;44.0
5400;2023-08-14 01:00:00;0.42;1.9;3.3;5.4;22.0;38.0;9.35;711.1;0.0;55.0;2.0;0.0;28.84;9.4;78.0
5401;2023-08-14 02:00:00;0.42;1.8;2.4;4.5;22.0;41.0;8.8;710.9;0.0;58.0;1.9;0.0;28.18;9.0;98.0
5402;2023-08-14 03:00:00;0.4;1.8;2.3;4.3;20.0;39.0;8.99;710.6;0.0;63.0;2.0;0.0;27.09;10.3;48.0
5403;2023-08-14 04:00:00;0.4;2.8;5.1;8.1;16.0;40.0;10.62;710.6;0.0;66.0;1.9;0.0;26.36;8.0;41.0
5404;2023-08-14 05:00:00;0.39;1.9;2.3;4.4;18.0;43.0;10.6;710.9;0.0;71.0;2.0;0.0;25.51;8.3;49.0
5405;2023-08-14 06:00:00;0.39;7.1;9.2;16.5;11.0;38.0;12.85;711.2;0.0;72.0;2.0;0.0;25.32;5.9;33.0
5406;2023-08-14 07:00:00;0.4;7.2;11.7;19.2;9.0;43.0;14.78;711.6;0.0;72.0;1.9;0.023;25.47;6.1;33.0
5407;2023-08-14 08:00:00;0.44;10.8;12.3;23.4;10.0;53.0;18.42;712.1;0.0;71.0;2.1;0.09;25.89;7.1;14.0
5408;2023-08-14 09:00:00;0.48;18.5;13.8;32.5;12.0;63.0;20.15;712.4;0.0;69.0;2.0;0.243;26.48;8.5;42.0
5409;2023-08-14 10:00:00;0.5;15.0;16.1;31.3;17.0;74.0;22.95;712.7;0.0;62.0;1.9;0.342;27.92;8.5;51.0
5410;2023-08-14 11:00:00;0.54;6.0;10.9;17.1;32.0;72.0;23.02;712.8;0.0;58.0;1.9;0.442;28.51;9.2;356.0
5411;2023-08-14 12:00:00;0.56;4.5;10.8;15.5;50.0;61.0;20.73;712.7;0.0;50.0;1.9;0.78;30.48;9.8;51.0
5412;2023-08-14 13:00:00;0.54;3.3;6.5;10.0;47.0;65.0;16.12;712.2;0.0;44.0;1.9;0.834;32.08;13.9;57.0
5413;2023-08-14 14:00:00;0.52;3.4;5.3;8.9;38.0;57.0;12.52;711.7;0.0;38.0;1.9;0.8;33.53;17.0;66.0
5414;2023-08-14 15:00:00;0.51;3.1;5.0;8.3;37.0;46.0;10.75;711.1;0.0;34.0;1.8;0.74;34.75;17.1;67.0
5415;2023-08-14 16:00:00;0.5;3.4;7.2;10.8;36.0;46.0;9.96;710.5;0.0;29.0;1.9;0.638;35.88;17.2;74.0
5416;2023-08-14 17:00:00;0.47;3.5;5.5;9.2;35.0;39.0;9.81;710.1;0.0;27.0;2.2;0.39;36.07;16.3;84.0
5417;2023-08-14 18:00:00;0.47;3.1;5.8;9.1;31.0;37.0;13.06;710.1;0.0;30.0;2.2;0.097;34.94;17.0;120.0
5418;2023-08-14 19:00:00;0.45;3.4;5.7;9.3;29.0;71.0;11.07;710.7;0.0;32.0;2.1;0.049;34.22;14.7;135.0
5419;2023-08-14 20:00:00;0.48;2.5;6.5;9.2;28.0;40.0;11.52;711.1;0.0;35.0;2.1;0.004;33.02;12.1;134.0
5420;2023-08-14 21:00:00;0.47;2.2;5.1;7.5;25.0;39.0;12.65;711.6;0.0;38.0;2.0;0.0;32.37;15.4;115.0
5421;2023-08-14 22:00:00;0.47;2.0;3.7;6.0;26.0;48.0;11.77;712.3;0.0;40.0;2.0;0.0;31.19;14.5;86.0
5422;2023-08-14 23:00:00;0.46;2.4;4.3;6.9;22.0;44.0;11.6;712.7;0.0;46.0;2.0;0.0;29.72;15.3;72.0
5423;2023-08-15 00:00:00;0.44;2.0;4.7;6.9;21.0;40.0;11.96;712.8;0.0;49.0;2.0;0.0;29.07;11.1;89.0
5424;2023-08-15 01:00:00;0.44;2.0;3.4;5.6;21.0;41.0;11.8;712.7;0.0;52.0;2.0;0.0;28.37;10.9;86.0
5425;2023-08-15 02:00:00;0.43;1.9;2.7;4.9;19.0;40.0;11.16;712.6;0.0;57.0;2.0;0.0;27.51;10.7;67.0
5426;2023-08-15 03:00:00;0.43;1.9;2.3;4.4;19.0;45.0;10.82;712.8;0.0;61.0;2.0;0.0;26.81;8.9;74.0
5427;2023-08-15 04:00:00;0.42;3.6;3.9;7.7;15.0;40.0;10.87;712.8;0.0;67.0;1.9;0.0;25.97;10.1;43.0
5428;2023-08-15 05:00:00;0.42;4.0;7.3;11.5;12.0;39.0;11.67;712.8;0.0;67.0;1.9;0.0;25.77;7.7;23.0
5429;2023-08-15 06:00:00;0.42;4.6;9.3;14.1;9.0;44.0;12.13;713.1;0.0;74.0;2.0;0.0;24.97;7.1;58.0
5430;2023-08-15 07:00:00;0.43;15.4;9.9;25.5;8.0;47.0;12.74;713.4;0.0;75.0;2.0;0.021;24.7;5.2;49.0
5431;2023-08-15 08:00:00;0.46;15.3;10.9;26.6;9.0;42.0;14.52;713.9;0.0;72.0;2.0;0.133;25.58;5.3;60.0
5432;2023-08-15 09:00:00;0.49;12.4;12.0;24.7;15.0;44.0;18.78;714.1;0.0;67.0;2.1;0.237;26.76;5.7;12.0
5433;2023-08-15 10:00:00;0.56;15.4;17.9;33.6;20.0;65.0;23.72;714.3;0.0;61.0;1.9;0.494;28.24;6.6;26.0
5434;2023-08-15 11:00:00;0.57;13.3;19.1;32.7;31.0;82.0;22.55;714.2;0.0;55.0;2.0;0.711;29.66;10.2;60.0
5435;2023-08-15 12:00:00;0.6;4.9;10.6;15.7;46.0;76.0;16.41;713.9;0.0;48.0;2.0;0.842;31.06;13.1;49.0
5436;2023-08-15 13:00:00;0.55;3.4;5.8;9.5;42.0;65.0;13.07;713.4;0.0;41.0;1.9;0.908;32.5;15.4;62.0
5437;2023-08-15 14:00:00;0.54;3.7;6.5;10.5;39.0;52.0;10.19;712.8;0.0;33.0;1.9;0.92;34.03;14.7;53.0
5438;2023-08-15 15:00:00;0.53;3.1;5.8;9.2;46.0;39.0;9.84;712.3;0.0;30.0;2.9;0.875;34.85;15.7;81.0
5439;2023-08-15 16:00:00;0.51;3.0;4.7;7.9;41.0;45.0;9.85;711.8;0.0;29.0;3.2;0.571;35.01;14.3;78.0
5440;2023-08-15 17:00:00;0.51;3.3;6.5;10.1;36.0;37.0;9.35;711.5;0.0;28.0;2.8;0.221;34.68;14.7;75.0
5441;2023-08-15 18:00:00;0.5;3.3;8.2;11.7;30.0;41.0;10.05;711.5;0.0;29.0;2.8;0.066;34.18;12.3;113.0
5442;2023-08-15 19:00:00;0.51;3.0;7.6;10.9;28.0;40.0;10.86;711.8;0.0;33.0;2.6;0.048;32.27;13.2;131.0
5443;2023-08-15 20:00:00;0.54;2.8;12.7;15.7;22.0;46.0;11.0;712.0;0.0;35.0;2.3;0.002;31.3;8.3;135.0
5444;2023-08-15 21:00:00;0.56;2.4;11.6;14.2;22.0;44.0;12.75;712.2;0.0;34.0;2.3;0.0;31.53;7.8;119.0
5445;2023-08-15 22:00:00;0.52;2.5;8.9;11.6;19.0;40.0;15.68;712.6;0.0;37.0;2.2;0.0;30.89;8.8;118.0
5446;2023-08-15 23:00:00;0.54;2.5;6.9;9.5;18.0;54.0;17.97;712.7;0.0;42.0;2.1;0.0;29.86;11.1;77.0
5447;2023-08-16 00:00:00;0.52;2.2;4.7;7.1;22.0;60.0;19.53;712.5;0.0;44.0;2.1;0.0;29.04;9.5;110.0
5448;2023-08-16 01:00:00;0.51;2.1;4.1;6.4;22.0;60.0;21.26;712.3;0.0;47.0;2.1;0.0;28.4;8.1;61.0
5449;2023-08-16 02:00:00;0.5;6.2;12.4;18.7;11.0;57.0;21.88;712.2;0.0;50.0;2.2;0.0;27.8;7.1;36.0
5450;2023-08-16 03:00:00;0.49;5.3;11.8;17.4;10.0;65.0;21.51;712.2;0.0;55.0;2.3;0.0;27.04;6.4;67.0
5451;2023-08-16 04:00:00;0.49;3.9;11.6;15.7;10.0;66.0;20.81;712.3;0.0;57.0;2.3;0.0;26.42;3.3;46.0
5452;2023-08-16 05:00:00;0.5;5.1;15.4;20.8;7.0;62.0;21.05;712.3;0.0;58.0;2.3;0.0;25.99;1.8;317.0
5453;2023-08-16 06:00:00;0.56;6.0;15.7;21.9;7.0;57.0;23.36;712.4;0.0;58.0;2.4;0.0;26.15;2.7;7.0
5454;2023-08-16 07:00:00;0.59;11.6;14.2;26.0;8.0;79.0;21.74;712.5;0.0;57.0;2.5;0.023;26.4;4.1;5.0
5455;2023-08-16 08:00:00;0.64;20.4;15.3;36.0;11.0;74.0;25.41;712.7;0.0;53.0;2.9;0.158;27.61;4.2;21.0
5456;2023-08-16 09:00:00;0.63;13.5;15.5;29.2;18.0;78.0;24.5;713.0;0.0;49.0;3.2;0.355;28.87;5.5;30.0
5457;2023-08-16 10:00:00;0.7;15.5;20.8;36.6;24.0;79.0;25.6;713.1;0.0;42.0;3.7;0.553;30.54;6.0;23.0
5458;2023-08-16 11:00:00;0.71;12.3;18.5;31.1;31.0;81.0;26.12;713.1;0.0;36.0;4.5;0.713;32.05;9.9;62.0
5459;2023-08-16 12:00:00;0.67;5.7;9.9;15.9;40.0;80.0;21.9;712.7;0.0;32.0;3.9;0.842;33.03;15.1;63.0
5460;2023-08-16 13:00:00;0.63;4.0;6.9;11.2;50.0;72.0;20.52;712.2;0.0;30.0;4.3;0.897;33.92;15.1;48.0
5461;2023-08-16 14:00:00;0.6;3.6;5.4;9.2;44.0;65.0;16.92;711.6;0.0;28.0;4.6;0.869;34.64;15.5;54.0
5462;2023-08-16 15:00:00;0.58;3.7;5.8;9.8;44.0;57.0;13.92;710.9;0.0;26.0;3.4;0.828;35.52;15.0;62.0
5463;2023-08-16 16:00:00;0.55;3.5;5.4;9.1;44.0;54.0;12.54;710.3;0.0;24.0;2.9;0.662;35.84;16.8;68.0
5464;2023-08-16 17:00:00;0.56;3.7;5.9;9.9;41.0;47.0;10.79;709.9;0.0;23.0;2.8;0.485;36.02;15.1;75.0
5465;2023-08-16 18:00:00;0.54;3.6;7.0;10.8;38.0;41.0;11.03;709.7;0.0;23.0;2.9;0.223;35.69;14.2;92.0
5466;2023-08-16 19:00:00;0.54;3.3;8.2;11.8;35.0;43.0;10.48;709.9;0.0;25.0;3.0;0.058;34.91;13.9;88.0
5467;2023-08-16 20:00:00;0.55;2.7;8.4;11.4;32.0;40.0;9.76;710.3;0.0;26.0;2.7;0.003;33.95;12.1;89.0
5468;2023-08-16 21:00:00;0.56;2.5;10.3;13.0;28.0;35.0;11.92;710.6;0.0;27.0;2.4;0.0;33.45;9.5;90.0
5469;2023-08-16 22:00:00;0.57;3.0;9.5;12.7;22.0;44.0;16.82;710.7;0.0;32.0;2.5;0.0;31.94;11.9;85.0
5470;2023-08-16 23:00:00;0.55;2.4;5.2;7.8;24.0;72.0;17.16;710.6;0.0;36.0;2.5;0.0;30.78;14.2;119.0
5471;2023-08-17 00:00:00;0.53;2.4;7.2;9.8;18.0;63.0;18.26;710.8;0.0;39.0;2.3;0.0;29.82;11.9;77.0
5472;2023-08-17 01:00:00;0.52;6.5;10.1;16.8;12.0;64.0;21.97;710.9;0.0;42.0;2.4;0.0;28.53;9.6;36.0
5473;2023-08-17 02:00:00;0.52;6.2;10.0;16.3;11.0;79.0;22.34;711.1;0.0;43.0;3.3;0.0;27.62;8.0;48.0
5474;2023-08-17 03:00:00;0.5;4.6;8.9;13.7;12.0;72.0;21.41;710.9;0.0;44.0;3.5;0.0;26.96;7.3;41.0
5475;2023-08-17 04:00:00;0.5;5.4;11.6;17.2;10.0;66.0;24.55;710.9;0.0;45.0;3.8;0.0;26.53;6.0;20.0
5476;2023-08-17 05:00:00;0.5;5.3;11.7;17.2;10.0;75.0;24.97;711.0;0.0;47.0;4.3;0.0;26.13;4.9;58.0
5477;2023-08-17 06:00:00;0.51;10.3;14.4;24.9;7.0;80.0;23.29;711.0;0.0;50.0;4.8;0.0;25.35;2.1;19.0
5478;2023-08-17 07:00:00;0.51;9.9;14.4;24.5;8.0;67.0;24.34;711.2;0.0;50.0;4.8;0.027;25.61;1.9;268.0
5479;2023-08-17 08:00:00;0.54;15.7;13.9;29.9;12.0;80.0;24.56;711.5;0.0;44.0;5.8;0.163;27.62;4.2;326.0
5480;2023-08-17 09:00:00;0.58;16.7;15.0;32.0;16.0;80.0;24.43;711.8;0.0;41.0;4.7;0.364;28.73;4.7;355.0
5481;2023-08-17 10:00:00;0.6;15.0;16.8;32.2;21.0;90.0;23.86;711.8;0.0;36.0;3.9;0.567;30.94;5.2;26.0
5482;2023-08-17 11:00:00;0.67;23.0;38.7;61.9;29.0;87.0;31.99;711.6;0.0;33.0;6.3;0.708;32.47;8.4;23.0
5483;2023-08-17 12:00:00;0.73;7.6;20.1;27.8;52.0;123.0;25.81;711.2;0.0;30.0;5.8;0.842;33.71;12.0;48.0
5484;2023-08-17 13:00:00;0.71;4.6;9.4;14.2;52.0;88.0;20.71;710.8;0.0;27.0;4.1;0.904;34.9;16.6;61.0
5485;2023-08-17 14:00:00;0.67;4.1;6.2;10.6;46.0;76.0;17.07;710.4;0.0;24.0;3.9;0.904;35.79;16.3;54.0
5486;2023-08-17 15:00:00;0.64;3.7;5.5;9.4;46.0;63.0;15.64;709.8;0.0;22.0;3.3;0.831;36.34;17.1;59.0
5487;2023-08-17 16:00:00;0.6;3.9;6.7;10.9;48.0;62.0;15.69;709.4;0.0;19.0;3.8;0.698;37.07;17.3;61.0
5488;2023-08-17 17:00:00;0.59;3.8;6.8;10.9;47.0;58.0;14.08;709.1;0.0;18.0;3.9;0.509;37.25;15.8;69.0
5489;2023-08-17 18:00:00;0.59;3.8;8.3;12.4;45.0;53.0;14.66;708.9;0.0;18.0;4.1;0.216;37.12;15.2;68.0
5490;2023-08-17 19:00:00;0.57;3.6;10.8;14.6;37.0;48.0;13.26;708.9;0.0;19.0;3.5;0.03;36.24;15.1;68.0
5491;2023-08-17 20:00:00;0.59;2.9;14.0;17.1;31.0;44.0;11.99;709.3;0.0;21.0;2.6;0.002;35.08;13.2;80.0
5492;2023-08-17 21:00:00;0.61;2.7;15.7;18.6;26.0;47.0;13.26;709.8;0.0;22.0;2.5;0.0;34.23;8.7;100.0
5493;2023-08-17 22:00:00;0.62;2.5;11.9;14.7;28.0;48.0;11.72;710.2;0.0;25.0;2.4;0.0;33.61;8.8;111.0
5494;2023-08-17 23:00:00;0.61;2.5;6.2;8.9;31.0;48.0;11.39;710.6;0.0;37.0;2.5;0.0;31.95;12.7;94.0
5495;2023-08-18 00:00:00;0.59;2.4;7.2;9.8;27.0;61.0;11.99;710.7;0.0;45.0;2.5;0.0;30.38;13.8;73.0
5496;2023-08-18 01:00:00;0.57;2.5;5.7;8.4;28.0;62.0;10.06;710.7;0.0;41.0;3.0;0.0;29.96;7.9;85.0
5497;2023-08-18 02:00:00;0.55;2.3;3.7;6.2;31.0;44.0;8.34;710.5;0.0;43.0;2.7;0.0;29.07;8.3;68.0
5498;2023-08-18 03:00:00;0.53;2.3;4.6;7.1;28.0;41.0;9.69;710.5;0.0;49.0;2.4;0.0;27.7;9.0;45.0
5499;2023-08-18 04:00:00;0.52;4.9;16.6;21.8;14.0;52.0;12.1;710.5;0.0;54.0;2.5;0.0;26.58;7.3;21.0
5500;2023-08-18 05:00:00;0.51;2.9;13.4;16.5;17.0;63.0;11.0;710.4;0.0;55.0;3.1;0.0;26.06;6.2;38.0
5501;2023-08-18 06:00:00;0.51;4.2;16.2;20.6;13.0;57.0;10.23;710.6;0.0;56.0;3.3;0.0;25.65;5.6;50.0
5502;2023-08-18 07:00:00;0.52;11.9;21.1;33.3;9.0;55.0;10.48;710.9;0.0;55.0;4.2;0.034;25.75;3.8;52.0
5503;2023-08-18 08:00:00;0.54;13.7;19.0;33.0;15.0;54.0;11.87;711.1;0.0;52.0;5.3;0.159;26.88;4.7;22.0
5504;2023-08-18 09:00:00;0.62;12.0;18.8;31.1;23.0;64.0;13.24;711.4;0.0;49.0;5.4;0.316;28.03;5.1;1.0
5505;2023-08-18 10:00:00;0.71;10.1;20.4;30.8;35.0;69.0;13.26;711.5;0.0;44.0;5.8;0.555;29.7;6.0;13.0
5506;2023-08-18 11:00:00;0.81;22.3;33.4;55.9;27.0;62.0;15.6;711.3;0.0;39.0;6.7;0.631;31.23;8.4;39.0
5507;2023-08-18 12:00:00;0.79;15.2;30.0;45.4;37.0;89.0;14.96;711.1;0.0;37.0;7.2;0.754;32.0;10.9;34.0
5508;2023-08-18 13:00:00;0.76;4.4;11.8;16.4;68.0;86.0;10.9;710.7;0.0;32.0;7.3;0.795;33.59;13.2;52.0
5509;2023-08-18 14:00:00;0.7;4.3;7.4;11.9;47.0;61.0;7.88;710.1;0.0;27.0;4.7;0.665;34.94;15.7;70.0
5510;2023-08-18 15:00:00;0.65;3.7;6.9;10.8;40.0;48.0;6.31;709.7;0.0;26.0;3.1;0.176;34.82;11.1;99.0
5511;2023-08-18 16:00:00;0.6;3.4;5.2;8.8;38.0;35.0;4.85;709.3;0.0;23.0;2.6;0.242;35.27;11.1;121.0
5512;2023-08-18 17:00:00;0.6;3.8;7.5;11.6;35.0;32.0;4.71;709.2;0.0;22.0;2.4;0.212;35.34;11.6;111.0
5513;2023-08-18 18:00:00;0.56;4.2;8.3;12.8;35.0;28.0;5.84;709.0;0.0;22.0;2.4;0.171;35.37;12.5;114.0
5514;2023-08-18 19:00:00;0.57;3.2;8.4;11.8;36.0;34.0;6.2;708.9;0.0;24.0;2.3;0.061;34.71;12.5;132.0
5515;2023-08-18 20:00:00;0.56;2.6;8.6;11.4;33.0;33.0;5.46;709.2;0.0;27.0;2.3;0.003;33.58;11.6;135.0
5516;2023-08-18 21:00:00;0.56;2.5;10.1;12.8;31.0;29.0;5.84;709.7;0.0;30.0;2.3;0.0;32.79;10.5;127.0
5517;2023-08-18 22:00:00;0.57;2.5;12.4;15.1;28.0;27.0;6.29;710.0;0.0;31.0;2.3;0.0;32.07;8.3;99.0
5518;2023-08-18 23:00:00;0.6;2.6;11.2;14.0;28.0;29.0;9.39;710.4;0.0;34.0;2.3;0.0;30.76;12.2;62.0
5519;2023-08-19 00:00:00;0.58;2.5;6.2;8.9;29.0;43.0;9.26;710.6;0.0;39.0;2.3;0.0;29.53;10.9;56.0
5520;2023-08-19 01:00:00;0.57;2.4;5.5;8.2;26.0;43.0;12.04;710.5;0.0;46.0;2.3;0.0;28.49;11.4;52.0
5521;2023-08-19 02:00:00;0.54;2.4;4.7;7.3;24.0;47.0;17.2;710.4;0.0;54.0;2.2;0.0;27.7;11.3;58.0
5522;2023-08-19 03:00:00;0.54;2.3;4.4;7.0;23.0;52.0;19.9;710.5;0.0;60.0;2.1;0.0;26.96;10.0;69.0
5523;2023-08-19 04:00:00;0.52;2.3;4.3;6.8;20.0;53.0;18.87;710.5;0.0;63.0;2.1;0.0;26.18;9.1;44.0
5524;2023-08-19 05:00:00;0.51;2.7;5.8;8.7;18.0;49.0;18.9;710.7;0.0;66.0;2.0;0.0;25.56;7.6;57.0
5525;2023-08-19 06:00:00;0.51;7.9;14.8;23.0;8.0;54.0;22.78;710.9;0.0;68.0;2.0;0.0;25.24;6.6;51.0
5526;2023-08-19 07:00:00;0.51;6.5;12.8;19.6;10.0;82.0;20.43;711.1;0.0;70.0;2.1;0.018;25.15;5.2;67.0
5527;2023-08-19 08:00:00;0.52;7.5;12.8;20.5;11.0;63.0;23.3;711.5;0.0;69.0;2.1;0.086;25.35;6.0;79.0
5528;2023-08-19 09:00:00;0.54;11.4;13.9;25.6;15.0;65.0;24.78;711.7;0.0;64.0;2.1;0.31;26.62;4.8;3.0
5529;2023-08-19 10:00:00;0.57;11.3;18.6;30.1;21.0;79.0;26.19;711.8;0.0;58.0;2.2;0.361;28.37;5.1;13.0
5530;2023-08-19 11:00:00;0.65;9.5;23.0;32.8;27.0;87.0;29.36;711.8;0.0;55.0;2.3;0.332;28.77;6.2;62.0
5531;2023-08-19 12:00:00;0.68;10.4;27.1;37.7;33.0;100.0;29.1;711.6;0.0;51.0;2.4;0.374;29.56;7.2;36.0
5532;2023-08-19 13:00:00;0.69;4.5;13.6;18.4;53.0;98.0;23.32;711.4;0.0;47.0;2.7;0.401;30.31;8.4;80.0
5533;2023-08-19 14:00:00;0.68;3.1;9.1;12.5;66.0;69.0;21.97;710.8;0.0;43.0;2.6;0.63;31.42;8.6;70.0
5534;2023-08-19 15:00:00;0.64;3.0;5.3;8.6;48.0;72.0;15.4;710.2;0.0;34.0;2.9;0.678;33.19;10.1;109.0
5535;2023-08-19 16:00:00;0.6;3.0;4.6;7.8;43.0;47.0;14.85;709.8;0.0;31.0;2.8;0.659;34.15;12.7;95.0
5536;2023-08-19 17:00:00;0.57;2.5;4.1;6.8;48.0;41.0;15.68;709.4;0.0;33.0;2.5;0.514;33.98;13.9;127.0
5537;2023-08-19 18:00:00;0.53;2.5;4.1;6.8;42.0;50.0;16.69;709.4;0.0;31.0;2.4;0.214;33.92;14.1;133.0
5538;2023-08-19 19:00:00;0.53;2.3;3.7;6.2;34.0;55.0;17.32;709.3;0.0;30.0;2.3;0.04;33.14;12.8;134.0
5539;2023-08-19 20:00:00;0.52;2.1;4.0;6.3;30.0;55.0;19.24;709.7;0.0;34.0;2.3;0.002;31.69;14.8;135.0
5540;2023-08-19 21:00:00;0.53;2.2;7.2;9.6;25.0;63.0;21.25;710.0;0.0;37.0;2.2;0.0;30.85;12.9;125.0
5541;2023-08-19 22:00:00;0.55;2.2;7.6;10.0;24.0;67.0;22.71;710.5;0.0;38.0;2.2;0.0;30.33;10.1;115.0
5542;2023-08-19 23:00:00;0.55;2.1;6.5;8.8;24.0;62.0;23.88;711.0;0.0;38.0;2.2;0.0;29.87;9.1;106.0
5543;2023-08-20 00:00:00;0.57;2.3;11.4;13.8;17.0;69.0;30.11;711.3;0.0;44.0;2.2;0.0;28.64;6.0;31.0
5544;2023-08-20 01:00:00;0.58;2.4;10.8;13.5;16.0;91.0;29.49;711.5;0.0;46.0;2.2;0.0;27.89;6.1;3.0
5545;2023-08-20 02:00:00;0.58;5.5;13.4;19.1;13.0;88.0;30.37;711.5;0.0;50.0;2.3;0.0;26.99;7.6;17.0
5546;2023-08-20 03:00:00;0.58;4.8;11.4;16.4;15.0;89.0;30.04;711.5;0.0;56.0;2.6;0.0;26.29;8.9;37.0
5547;2023-08-20 04:00:00;0.56;6.1;14.6;20.9;10.0;81.0;31.56;711.6;0.0;62.0;2.5;0.0;25.08;6.9;29.0
5548;2023-08-20 05:00:00;0.56;5.1;15.5;20.8;10.0;89.0;31.74;711.7;0.0;66.0;2.4;0.0;24.72;5.1;46.0
5549;2023-08-20 06:00:00;0.55;3.1;13.7;17.0;11.0;102.0;32.04;711.8;0.0;69.0;2.3;0.0;24.44;2.6;17.0
5550;2023-08-20 07:00:00;0.57;3.8;14.7;18.7;10.0;96.0;31.66;712.0;0.0;70.0;2.3;0.023;24.39;2.8;49.0
5551;2023-08-20 08:00:00;0.61;8.3;12.8;21.3;14.0;93.0;33.17;712.5;0.0;67.0;2.3;0.146;25.43;6.4;60.0
5552;2023-08-20 09:00:00;0.61;12.4;14.8;27.5;17.0;93.0;33.23;713.0;0.0;63.0;2.6;0.322;26.53;6.2;55.0
5553;2023-08-20 10:00:00;0.61;15.9;18.2;34.4;19.0;107.0;34.01;713.1;0.0;58.0;2.8;0.531;27.82;8.2;68.0
5554;2023-08-20 11:00:00;0.61;5.6;10.6;16.4;40.0;105.0;31.7;713.2;0.0;51.0;3.2;0.584;29.07;7.9;49.0
5555;2023-08-20 12:00:00;0.58;3.5;7.1;10.8;48.0;87.0;28.05;712.8;0.0;42.0;3.4;0.79;30.63;10.8;56.0
5556;2023-08-20 13:00:00;0.56;2.8;4.1;7.2;44.0;76.0;26.4;712.2;0.0;38.0;3.5;0.898;32.12;13.1;51.0
5557;2023-08-20 14:00:00;0.57;2.8;3.8;6.9;40.0;74.0;26.11;711.6;0.0;34.0;3.1;0.751;33.18;17.2;55.0
5558;2023-08-20 15:00:00;0.53;2.7;3.7;6.7;39.0;80.0;27.04;711.2;0.0;36.0;2.8;0.525;32.97;18.9;70.0
5559;2023-08-20 16:00:00;0.51;2.6;3.8;6.6;38.0;84.0;28.68;710.9;0.0;35.0;4.8;0.434;32.79;17.6;73.0
5560;2023-08-20 17:00:00;0.53;2.5;3.2;6.0;38.0;82.0;27.93;710.6;0.0;31.0;7.9;0.486;33.75;14.0;79.0
5561;2023-08-20 18:00:00;0.49;2.6;4.2;7.1;33.0;78.0;26.38;710.7;0.0;29.0;8.9;0.162;33.68;14.7;98.0
5562;2023-08-20 19:00:00;0.51;2.4;4.4;7.0;29.0;76.0;23.66;711.0;0.0;28.0;4.7;0.062;33.09;13.9;120.0
5563;2023-08-20 20:00:00;0.52;2.3;7.3;9.9;24.0;69.0;25.48;711.9;0.0;41.0;3.0;0.002;29.48;13.3;108.0
5564;2023-08-20 21:00:00;0.53;2.4;5.9;8.4;23.0;105.0;20.72;712.5;0.0;48.0;2.6;0.0;27.61;12.6;121.0
5565;2023-08-20 22:00:00;0.54;2.2;4.1;6.5;25.0;67.0;19.16;712.8;0.0;51.0;2.4;0.0;26.81;11.5;96.0
5566;2023-08-20 23:00:00;0.53;2.2;6.8;9.2;21.0;54.0;18.69;713.1;0.0;53.0;2.3;0.0;26.46;7.9;86.0
5567;2023-08-21 00:00:00;0.55;5.7;17.4;23.4;10.0;59.0;23.31;712.9;0.0;57.0;2.2;0.0;26.14;6.3;21.0
5568;2023-08-21 01:00:00;0.59;2.9;13.9;17.0;14.0;71.0;22.44;712.7;0.0;58.0;2.3;0.0;25.76;5.9;47.0
5569;2023-08-21 02:00:00;0.61;6.4;19.2;25.8;9.0;63.0;21.63;712.5;0.0;59.0;2.2;0.0;25.27;6.8;44.0
5570;2023-08-21 03:00:00;0.62;2.8;18.4;21.3;12.0;68.0;17.96;712.3;0.0;59.0;2.5;0.0;24.92;6.6;28.0
5571;2023-08-21 04:00:00;0.62;2.4;16.6;19.1;14.0;53.0;16.32;712.1;0.0;59.0;3.3;0.0;24.52;4.8;49.0
5572;2023-08-21 05:00:00;0.61;2.6;18.8;21.6;11.0;58.0;17.84;712.1;0.0;61.0;3.5;0.0;23.97;2.0;201.0
5573;2023-08-21 06:00:00;0.63;4.7;18.9;23.8;9.0;64.0;17.99;712.2;0.0;61.0;3.2;0.0;23.91;1.8;212.0
5574;2023-08-21 07:00:00;0.67;8.7;18.7;27.8;8.0;59.0;19.34;712.3;0.0;62.0;2.9;0.021;24.04;2.8;221.0
5575;2023-08-21 08:00:00;0.71;15.2;18.8;34.2;11.0;65.0;20.06;712.5;0.0;57.0;3.2;0.112;25.39;4.5;201.0
5576;2023-08-21 09:00:00;0.76;15.0;18.3;33.7;19.0;62.0;19.76;712.6;0.0;50.0;3.9;0.361;27.26;4.8;20.0
5577;2023-08-21 10:00:00;0.82;21.2;27.4;48.7;21.0;59.0;25.75;712.8;0.0;47.0;4.6;0.541;28.6;8.1;48.0
5578;2023-08-21 11:00:00;0.87;11.5;19.0;30.8;32.0;92.0;23.03;713.0;0.0;42.0;5.1;0.693;29.76;8.9;33.0
5579;2023-08-21 12:00:00;0.79;7.7;12.1;20.0;35.0;84.0;14.88;713.0;0.0;35.0;4.3;0.881;30.76;11.7;54.0
5580;2023-08-21 13:00:00;0.71;4.8;8.2;13.2;49.0;54.0;14.94;712.7;0.0;31.0;4.3;0.897;31.98;11.3;53.0
5581;2023-08-21 14:00:00;0.7;3.4;5.5;9.1;54.0;52.0;15.63;712.1;0.0;29.0;3.3;0.946;32.89;13.8;58.0
5582;2023-08-21 15:00:00;0.65;2.9;4.2;7.3;57.0;48.0;16.13;711.5;0.0;27.0;3.1;0.857;33.31;14.6;77.0
5583;2023-08-21 16:00:00;0.63;2.8;4.6;7.7;58.0;44.0;15.25;711.1;0.0;25.0;2.7;0.61;33.78;12.9;87.0
5584;2023-08-21 17:00:00;0.61;2.8;5.2;8.2;58.0;43.0;16.08;710.9;0.0;26.0;2.9;0.449;33.68;14.6;86.0
5585;2023-08-21 18:00:00;0.58;2.5;6.2;8.9;53.0;48.0;15.21;711.0;0.0;27.0;2.9;0.124;32.93;11.5;91.0
5586;2023-08-21 19:00:00;0.61;2.5;8.8;11.6;47.0;38.0;13.96;711.0;0.0;29.0;3.0;0.027;32.46;12.0;103.0
5587;2023-08-21 20:00:00;0.62;2.3;7.0;9.5;50.0;46.0;14.91;711.4;0.0;34.0;2.7;0.001;31.12;13.5;120.0
5588;2023-08-21 21:00:00;0.63;2.2;6.9;9.3;48.0;45.0;13.48;712.0;0.0;42.0;2.4;0.0;29.04;13.1;125.0
5589;2023-08-21 22:00:00;0.61;2.3;5.1;7.6;43.0;43.0;14.77;712.5;0.0;47.0;2.2;0.0;28.64;13.8;112.0
5590;2023-08-21 23:00:00;0.61;2.1;5.0;7.3;40.0;47.0;15.31;712.6;0.0;49.0;2.3;0.0;28.21;11.2;121.0
5591;2023-08-22 00:00:00;0.59;2.0;3.2;5.5;42.0;43.0;14.49;712.1;0.0;52.0;2.2;0.0;27.41;11.0;111.0
5592;2023-08-22 01:00:00;0.58;1.9;2.4;4.5;41.0;43.0;14.33;711.3;0.0;53.0;2.1;0.0;27.27;7.7;108.0
5593;2023-08-22 02:00:00;0.57;1.9;5.6;7.7;36.0;40.0;15.84;710.7;0.0;52.0;2.1;0.0;27.37;6.0;45.0
5594;2023-08-22 03:00:00;0.58;2.1;10.3;12.6;30.0;46.0;17.87;710.9;0.0;54.0;2.1;0.0;26.98;8.8;73.0
5595;2023-08-22 04:00:00;0.57;2.0;7.7;10.0;32.0;51.0;15.41;711.0;0.0;57.0;2.2;0.0;26.33;9.2;52.0
5596;2023-08-22 05:00:00;0.56;2.0;3.2;5.4;35.0;46.0;13.77;711.0;0.0;59.0;2.2;0.0;26.2;6.0;53.0
5597;2023-08-22 06:00:00;0.56;;9.2;11.4;29.0;36.0;14.66;711.0;0.0;59.0;2.1;0.0;26.11;3.6;280.0
5598;2023-08-22 07:00:00;0.57;3.3;20.3;23.8;18.0;47.0;16.64;711.1;0.0;57.0;2.1;0.003;26.44;5.3;298.0
5599;2023-08-22 08:00:00;0.62;4.5;16.9;21.6;21.0;53.0;17.7;711.3;0.0;55.0;2.3;0.033;26.87;6.9;330.0
5600;2023-08-22 09:00:00;0.66;6.0;17.8;24.0;22.0;54.0;18.28;711.5;0.0;56.0;2.3;0.112;26.57;8.0;318.0
5601;2023-08-22 10:00:00;0.69;5.6;17.2;23.1;27.0;61.0;18.22;711.5;0.0;51.0;2.3;0.18;27.51;6.5;240.0
5602;2023-08-22 11:00:00;0.69;5.7;15.9;21.8;31.0;76.0;19.02;711.4;0.0;46.0;2.6;0.226;28.51;7.6;296.0
5603;2023-08-22 12:00:00;0.66;3.6;7.5;11.3;43.0;66.0;13.63;710.8;0.0;40.0;2.6;0.415;29.78;8.1;301.0
5604;2023-08-22 13:00:00;0.63;3.3;5.7;9.2;48.0;46.0;13.34;710.0;0.0;37.0;2.5;0.654;30.8;12.0;253.0
5605;2023-08-22 14:00:00;0.56;3.0;5.9;9.1;44.0;51.0;10.56;709.6;0.0;35.0;2.4;0.287;31.28;10.5;300.0
5606;2023-08-22 15:00:00;0.59;3.9;8.0;12.1;34.0;39.0;10.23;709.7;0.0;49.0;2.2;0.166;28.58;11.8;357.0
5607;2023-08-22 16:00:00;0.61;4.6;11.2;16.0;31.0;62.0;11.74;709.7;0.0;56.0;2.1;0.247;27.53;7.0;57.0
5608;2023-08-22 17:00:00;0.68;4.7;12.9;17.8;29.0;60.0;10.97;709.4;0.0;52.0;2.1;0.151;28.22;8.8;15.0
5609;2023-08-22 18:00:00;0.67;3.5;7.2;10.9;34.0;57.0;7.48;709.2;0.0;45.0;2.1;0.163;29.06;11.8;297.0
5610;2023-08-22 19:00:00;0.65;3.0;6.9;10.1;35.0;44.0;6.39;709.3;0.0;47.0;2.1;0.047;27.93;9.9;275.0
5611;2023-08-22 20:00:00;0.62;2.3;8.6;11.1;34.0;40.0;7.36;709.4;0.0;50.0;2.1;0.001;26.9;8.5;250.0
5612;2023-08-22 21:00:00;0.64;2.1;6.2;8.5;39.0;35.0;5.24;710.0;0.0;47.0;2.1;0.0;26.78;7.9;298.0
5613;2023-08-22 22:00:00;0.57;2.0;5.8;8.0;41.0;32.0;4.91;710.5;0.0;46.0;2.1;0.0;26.35;7.8;209.0
5614;2023-08-22 23:00:00;0.55;1.9;7.8;10.0;37.0;24.0;6.27;710.9;0.0;47.0;2.2;0.0;26.39;7.1;198.0
5615;2023-08-23 00:00:00;0.54;2.0;7.8;10.0;33.0;28.0;6.67;711.1;0.0;51.0;2.3;0.0;26.42;7.8;146.0
5616;2023-08-23 01:00:00;0.54;2.0;4.9;7.1;33.0;35.0;6.62;711.0;0.0;59.0;2.1;0.0;25.65;10.5;125.0
5617;2023-08-23 02:00:00;0.52;1.9;4.7;6.8;31.0;32.0;6.56;710.9;0.0;62.0;2.1;0.0;25.1;10.4;129.0
5618;2023-08-23 03:00:00;0.51;1.9;3.8;5.9;33.0;32.0;6.98;710.7;0.0;62.0;2.1;0.0;24.71;10.6;106.0
5619;2023-08-23 04:00:00;0.5;;4.4;6.5;30.0;29.0;5.89;710.7;0.0;65.0;2.2;0.0;24.27;9.8;77.0
5620;2023-08-23 05:00:00;0.5;;5.5;7.5;26.0;26.0;5.95;711.0;0.0;70.0;2.0;0.0;23.8;6.5;49.0
5621;2023-08-23 06:00:00;0.5;;3.9;6.0;33.0;30.0;5.02;711.2;0.0;67.0;2.1;0.0;24.14;8.1;95.0
5622;2023-08-23 07:00:00;0.5;3.0;10.4;13.6;24.0;27.0;5.44;711.7;0.0;69.0;2.0;0.018;23.91;8.0;66.0
5623;2023-08-23 08:00:00;0.54;4.7;15.0;19.8;20.0;35.0;5.74;712.2;0.0;69.0;2.0;0.047;24.23;6.4;39.0
5624;2023-08-23 09:00:00;0.57;4.4;11.7;16.3;26.0;34.0;5.59;712.4;0.0;66.0;2.0;0.169;25.09;7.2;67.0
5625;2023-08-23 10:00:00;0.6;5.9;12.8;18.9;29.0;31.0;6.23;712.7;0.0;64.0;2.0;0.321;25.78;9.5;50.0
5626;2023-08-23 11:00:00;0.59;4.2;8.9;13.4;42.0;36.0;6.89;712.5;0.0;58.0;2.0;0.463;27.48;9.5;44.0
5627;2023-08-23 12:00:00;0.58;3.3;6.9;10.4;46.0;38.0;6.91;712.4;0.0;54.0;2.0;0.597;28.45;14.0;59.0
5628;2023-08-23 13:00:00;0.57;3.1;7.4;10.7;46.0;34.0;7.46;712.1;0.0;52.0;2.0;0.422;28.73;15.2;63.0
5629;2023-08-23 14:00:00;0.57;2.9;6.0;9.1;48.0;45.0;6.62;711.6;0.0;49.0;1.9;0.492;29.46;13.3;61.0
5630;2023-08-23 15:00:00;0.57;2.7;5.6;8.5;50.0;34.0;5.86;711.0;0.0;45.0;2.0;0.517;30.54;12.6;73.0
5631;2023-08-23 16:00:00;0.55;3.0;6.8;10.1;53.0;30.0;5.75;710.5;0.0;42.0;2.1;0.598;31.48;15.5;67.0
5632;2023-08-23 17:00:00;0.54;3.0;6.9;10.1;50.0;38.0;5.86;710.3;0.0;42.0;2.1;0.4;31.42;15.5;76.0
5633;2023-08-23 18:00:00;0.56;2.6;6.9;9.7;48.0;37.0;6.01;710.4;0.0;43.0;2.1;0.201;31.29;15.6;80.0
5634;2023-08-23 19:00:00;0.57;2.3;7.3;9.8;44.0;43.0;5.72;710.8;0.0;58.0;1.9;0.056;28.49;17.4;99.0
5635;2023-08-23 20:00:00;0.59;2.0;6.8;9.0;42.0;44.0;4.61;711.3;0.0;61.0;1.8;0.001;27.51;11.6;126.0
5636;2023-08-23 21:00:00;0.59;1.9;9.8;11.9;36.0;24.0;5.09;711.8;0.0;60.0;1.9;0.0;27.46;9.7;86.0
5637;2023-08-23 22:00:00;0.59;2.2;7.4;9.8;33.0;31.0;5.3;712.2;0.0;63.0;1.9;0.0;26.88;9.3;97.0
5638;2023-08-23 23:00:00;0.58;1.9;5.7;7.7;32.0;31.0;4.81;712.4;0.0;65.0;1.9;0.0;26.62;9.7;88.0
5639;2023-08-24 00:00:00;0.57;1.8;7.8;9.8;29.0;28.0;6.2;712.3;0.0;68.0;2.0;0.0;25.95;9.2;51.0
5640;2023-08-24 01:00:00;0.57;1.8;5.5;7.5;31.0;36.0;5.87;712.3;0.0;72.0;1.9;0.0;25.15;10.2;53.0
5641;2023-08-24 02:00:00;0.56;;5.1;7.0;30.0;28.0;5.43;712.0;0.0;72.0;1.9;0.0;25.04;7.9;59.0
5642;2023-08-24 03:00:00;0.55;;4.2;6.2;29.0;30.0;4.89;711.9;0.0;72.0;1.9;0.0;24.97;7.6;67.0
5643;2023-08-24 04:00:00;0.54;;3.9;5.9;27.0;24.0;5.6;711.8;0.0;72.0;1.9;0.0;24.62;6.1;59.0
5644;2023-08-24 05:00:00;0.53;2.8;12.5;15.5;16.0;27.0;7.67;711.8;0.0;75.0;1.9;0.0;24.25;7.2;29.0
5645;2023-08-24 06:00:00;0.54;3.1;12.4;15.7;14.0;43.0;8.14;712.2;0.0;79.0;1.9;0.0;23.65;6.3;51.0
5646;2023-08-24 07:00:00;0.56;7.9;14.6;22.7;11.0;40.0;10.6;712.6;0.0;81.0;1.9;0.025;23.37;5.3;48.0
5647;2023-08-24 08:00:00;0.59;16.1;16.3;32.6;11.0;42.0;17.11;712.9;0.0;79.0;2.0;0.113;24.0;4.9;14.0
5648;2023-08-24 09:00:00;0.63;12.2;13.6;26.0;17.0;49.0;17.53;712.9;0.0;70.0;2.0;0.351;25.62;7.0;11.0
5649;2023-08-24 10:00:00;0.64;17.3;17.9;35.4;20.0;59.0;18.91;713.1;0.0;61.0;2.0;0.565;27.55;9.2;37.0
5650;2023-08-24 11:00:00;0.65;4.5;7.9;12.6;35.0;56.0;10.38;713.2;0.0;53.0;2.0;0.515;28.81;11.7;48.0
5651;2023-08-24 12:00:00;0.63;3.2;6.3;9.8;42.0;46.0;10.33;713.0;0.0;47.0;2.0;0.844;30.15;15.6;52.0
5652;2023-08-24 13:00:00;0.6;3.3;6.6;10.1;38.0;50.0;10.33;712.5;0.0;42.0;2.0;0.832;31.09;16.9;60.0
5653;2023-08-24 14:00:00;0.58;3.1;9.7;13.0;40.0;42.0;12.47;711.8;0.0;35.0;1.9;0.925;32.33;17.3;73.0
5654;2023-08-24 15:00:00;0.59;3.2;5.6;9.0;40.0;49.0;14.88;711.3;0.0;30.0;2.1;0.837;33.39;18.3;77.0
5655;2023-08-24 16:00:00;0.56;3.1;5.6;8.9;41.0;55.0;15.39;711.0;0.0;29.0;2.2;0.673;33.55;19.4;78.0
5656;2023-08-24 17:00:00;0.55;3.0;6.5;9.7;42.0;61.0;16.12;710.9;0.0;29.0;2.3;0.385;33.47;17.6;84.0
5657;2023-08-24 18:00:00;0.57;2.7;6.9;9.8;43.0;59.0;15.56;710.9;0.0;31.0;2.2;0.164;33.24;15.7;88.0
5658;2023-08-24 19:00:00;0.57;2.2;7.2;9.6;42.0;51.0;16.69;710.8;0.0;31.0;2.2;0.03;32.59;14.1;93.0
5659;2023-08-24 20:00:00;0.58;2.1;9.1;11.4;38.0;49.0;17.4;711.1;0.0;35.0;2.2;0.001;31.4;15.5;80.0
5660;2023-08-24 21:00:00;0.61;1.9;7.8;9.8;39.0;62.0;18.73;711.4;0.0;38.0;2.3;0.0;30.72;15.3;76.0
5661;2023-08-24 22:00:00;0.59;1.8;6.0;8.0;39.0;61.0;18.53;711.8;0.0;39.0;2.4;0.0;30.36;13.5;89.0
5662;2023-08-24 23:00:00;0.58;1.8;5.4;7.4;34.0;59.0;18.07;712.0;0.0;45.0;2.4;0.0;29.3;12.7;103.0
5663;2023-08-25 00:00:00;0.57;;4.5;6.4;28.0;64.0;16.91;712.1;0.0;50.0;2.2;0.0;28.28;12.8;81.0
5664;2023-08-25 01:00:00;0.55;;3.5;5.4;27.0;61.0;15.23;712.0;0.0;52.0;2.1;0.0;27.68;9.8;99.0
5665;2023-08-25 02:00:00;0.54;;3.3;5.3;25.0;57.0;15.65;711.8;0.0;56.0;2.1;0.0;26.95;10.4;120.0
5666;2023-08-25 03:00:00;0.53;1.7;3.0;4.9;26.0;59.0;16.1;711.5;0.0;58.0;2.1;0.0;26.48;10.0;100.0
5667;2023-08-25 04:00:00;0.53;2.1;7.5;9.7;17.0;54.0;17.58;711.3;0.0;62.0;2.1;0.0;25.86;6.7;42.0
5668;2023-08-25 05:00:00;0.54;6.0;16.0;22.2;8.0;57.0;20.38;711.3;0.0;67.0;2.1;0.0;25.18;5.5;35.0
5669;2023-08-25 06:00:00;0.56;4.5;16.9;21.6;7.0;78.0;19.56;711.4;0.0;70.0;2.0;0.0;24.82;4.0;358.0
5670;2023-08-25 07:00:00;0.64;9.0;15.9;25.1;8.0;68.0;18.07;711.6;0.0;71.0;2.1;0.028;24.76;2.5;252.0
5671;2023-08-25 08:00:00;0.7;15.4;16.3;32.0;11.0;66.0;20.61;711.7;0.0;63.0;2.1;0.158;26.64;5.2;203.0
5672;2023-08-25 09:00:00;0.7;15.3;18.6;34.2;18.0;83.0;21.84;712.1;0.0;57.0;2.2;0.359;28.04;5.4;15.0
5673;2023-08-25 10:00:00;0.82;23.0;28.9;52.1;21.0;77.0;25.62;712.1;0.0;51.0;2.4;0.547;29.57;8.1;13.0
5674;2023-08-25 11:00:00;0.87;12.2;21.3;33.7;36.0;115.0;25.91;712.2;0.0;43.0;3.2;0.45;31.08;9.5;48.0
5675;2023-08-25 12:00:00;0.79;6.2;14.2;20.7;45.0;91.0;21.51;711.8;0.0;36.0;3.4;0.846;32.11;13.0;43.0
5676;2023-08-25 13:00:00;0.75;4.4;10.4;15.0;51.0;78.0;18.33;711.3;0.0;32.0;3.2;0.893;33.07;14.4;55.0
5677;2023-08-25 14:00:00;0.7;2.7;5.9;8.8;53.0;68.0;16.53;711.0;0.0;29.0;2.9;0.912;33.94;15.4;73.0
5678;2023-08-25 15:00:00;0.68;2.7;5.3;8.2;53.0;49.0;15.1;710.6;0.0;28.0;2.9;0.85;34.35;15.9;71.0
5679;2023-08-25 16:00:00;0.67;2.6;5.9;8.7;54.0;50.0;16.07;710.4;0.0;28.0;3.1;0.684;34.33;18.3;67.0
5680;2023-08-25 17:00:00;0.65;2.8;7.0;10.0;52.0;51.0;15.69;710.2;0.0;27.0;2.9;0.481;34.24;17.4;71.0
5681;2023-08-25 18:00:00;0.63;2.7;7.8;10.7;52.0;49.0;16.32;710.1;0.0;28.0;2.6;0.175;33.98;16.2;72.0
5682;2023-08-25 19:00:00;0.65;2.2;8.8;11.2;50.0;47.0;15.56;710.2;0.0;31.0;2.6;0.056;33.17;15.2;79.0
5683;2023-08-25 20:00:00;0.65;1.9;8.3;10.4;38.0;43.0;16.42;710.7;0.0;45.0;2.4;0.001;30.27;17.5;124.0
5684;2023-08-25 21:00:00;0.66;1.9;9.6;11.7;32.0;82.0;14.59;711.1;0.0;54.0;2.2;0.0;28.52;13.9;112.0
5685;2023-08-25 22:00:00;0.63;;8.3;10.3;34.0;50.0;13.85;711.6;0.0;54.0;2.1;0.0;28.23;12.8;108.0
5686;2023-08-25 23:00:00;0.64;1.7;6.4;8.3;36.0;44.0;13.98;711.8;0.0;54.0;2.1;0.0;28.06;6.9;92.0
5687;2023-08-26 00:00:00;0.63;1.7;4.7;6.6;39.0;45.0;14.45;711.7;0.0;53.0;2.1;0.0;28.02;6.8;69.0
5688;2023-08-26 01:00:00;0.63;1.8;10.0;12.0;27.0;48.0;14.45;711.6;0.0;57.0;2.0;0.0;26.98;8.9;46.0
5689;2023-08-26 02:00:00;0.64;1.8;14.0;16.0;24.0;48.0;15.43;711.4;0.0;58.0;2.0;0.0;26.74;5.0;31.0
5690;2023-08-26 03:00:00;0.64;3.1;12.2;15.6;27.0;46.0;14.0;711.1;0.0;58.0;2.3;0.0;26.55;6.1;65.0
5691;2023-08-26 04:00:00;0.65;2.9;24.2;27.2;11.0;47.0;17.27;711.1;0.0;61.0;2.0;0.0;26.07;5.5;20.0
5692;2023-08-26 05:00:00;0.69;2.1;23.1;25.4;12.0;63.0;17.69;711.0;0.0;63.0;2.2;0.0;25.66;4.3;15.0
5693;2023-08-26 06:00:00;0.77;5.1;27.3;32.5;8.0;60.0;19.34;711.4;0.0;64.0;2.2;0.0;25.38;6.2;16.0
5694;2023-08-26 07:00:00;0.84;10.2;27.1;37.6;8.0;60.0;21.58;711.8;0.0;67.0;2.2;0.019;24.91;4.4;24.0
5695;2023-08-26 08:00:00;0.93;14.2;23.8;38.3;14.0;74.0;23.57;712.2;0.0;62.0;2.6;0.142;26.26;3.9;342.0
5696;2023-08-26 09:00:00;0.92;9.1;18.6;28.0;25.0;67.0;20.66;712.1;0.0;57.0;2.9;0.351;27.8;5.4;52.0
5697;2023-08-26 10:00:00;0.88;9.0;21.0;30.3;34.0;61.0;19.03;712.3;0.0;50.0;2.7;0.546;29.55;5.8;60.0
5698;2023-08-26 11:00:00;0.9;10.7;25.1;36.0;42.0;67.0;24.5;712.2;0.0;45.0;3.1;0.434;30.5;9.6;60.0
5699;2023-08-26 12:00:00;0.81;6.4;15.6;22.3;45.0;84.0;19.47;711.6;0.0;38.0;3.6;0.884;31.76;9.8;68.0
5700;2023-08-26 13:00:00;0.81;6.3;15.1;21.6;46.0;53.0;15.83;711.3;0.0;35.0;4.5;0.819;32.42;9.9;48.0
5701;2023-08-26 14:00:00;0.74;3.0;8.4;11.6;59.0;57.0;15.84;710.7;0.0;34.0;4.1;0.644;32.83;11.7;59.0
5702;2023-08-26 15:00:00;0.7;2.3;5.6;8.1;55.0;50.0;14.32;710.2;0.0;33.0;3.1;0.519;33.01;12.7;69.0
5703;2023-08-26 16:00:00;0.67;2.3;5.5;8.0;56.0;43.0;13.34;709.9;0.0;33.0;3.3;0.651;33.11;15.7;69.0
5704;2023-08-26 17:00:00;0.65;2.4;5.4;8.0;50.0;47.0;13.14;709.7;0.0;32.0;3.3;0.396;33.25;15.1;65.0
5705;2023-08-26 18:00:00;0.64;2.1;5.2;7.5;46.0;35.0;11.56;709.7;0.0;33.0;2.8;0.152;32.68;14.6;86.0
5706;2023-08-26 19:00:00;0.63;1.9;6.0;8.1;43.0;37.0;10.98;709.8;0.0;34.0;2.7;0.041;32.08;15.2;77.0
5707;2023-08-26 20:00:00;0.65;1.9;7.8;9.8;39.0;40.0;11.04;710.2;0.0;35.0;3.0;0.001;31.11;13.8;83.0
5708;2023-08-26 21:00:00;0.66;1.8;7.4;9.4;37.0;37.0;11.46;710.7;0.0;41.0;2.8;0.0;30.07;14.6;80.0
5709;2023-08-26 22:00:00;0.65;1.7;6.1;8.0;36.0;50.0;12.26;711.0;0.0;49.0;2.5;0.0;28.78;10.7;121.0
5710;2023-08-26 23:00:00;0.64;1.7;5.0;6.9;36.0;36.0;10.84;711.1;0.0;50.0;2.2;0.0;28.46;10.1;107.0
5711;2023-08-27 00:00:00;0.63;1.8;6.6;8.6;32.0;42.0;11.2;711.1;0.0;53.0;2.1;0.0;27.94;9.1;57.0
5712;2023-08-27 01:00:00;0.64;3.0;15.5;18.7;20.0;43.0;13.23;711.0;0.0;59.0;2.1;0.0;27.02;7.6;28.0
5713;2023-08-27 02:00:00;0.66;5.1;23.8;29.0;12.0;51.0;16.28;710.9;0.0;62.0;2.2;0.0;26.57;6.6;52.0
5714;2023-08-27 03:00:00;0.67;2.1;18.5;20.8;16.0;65.0;15.29;710.5;0.0;64.0;2.2;0.0;26.21;5.6;76.0
5715;2023-08-27 04:00:00;0.68;2.2;18.4;20.7;16.0;52.0;16.08;710.4;0.0;63.0;2.2;0.0;26.02;5.1;41.0
5716;2023-08-27 05:00:00;0.71;1.8;12.5;14.5;21.0;53.0;14.6;710.4;0.0;63.0;2.3;0.0;25.85;2.6;306.0
5717;2023-08-27 06:00:00;0.76;1.9;17.6;19.7;15.0;47.0;14.54;710.7;0.0;63.0;2.4;0.0;25.93;4.0;9.0
5718;2023-08-27 07:00:00;0.78;2.7;18.8;21.7;15.0;49.0;15.25;711.0;0.0;63.0;2.2;0.02;25.82;5.9;18.0
5719;2023-08-27 08:00:00;0.8;5.1;14.8;20.0;21.0;51.0;16.75;711.4;0.0;61.0;2.3;0.157;26.8;4.3;36.0
5720;2023-08-27 09:00:00;0.75;6.8;15.2;22.2;29.0;53.0;16.93;711.5;0.0;54.0;2.5;0.377;28.66;5.2;40.0
5721;2023-08-27 10:00:00;0.78;7.7;17.2;25.2;37.0;60.0;18.12;711.5;0.0;49.0;2.7;0.594;29.95;7.9;28.0
5722;2023-08-27 11:00:00;0.76;2.5;5.4;8.2;51.0;59.0;13.24;711.3;0.0;42.0;2.8;0.42;30.97;7.8;28.0
5723;2023-08-27 12:00:00;0.71;2.2;5.0;7.4;61.0;39.0;11.99;710.9;0.0;38.0;2.8;0.945;32.11;8.1;354.0
5724;2023-08-27 13:00:00;0.69;2.9;7.3;10.4;58.0;38.0;11.95;710.4;0.0;31.0;3.0;0.933;33.01;10.2;32.0
5725;2023-08-27 14:00:00;0.68;2.7;6.4;9.3;60.0;35.0;9.8;709.7;0.0;26.0;3.1;0.911;34.0;10.0;42.0
5726;2023-08-27 15:00:00;0.68;2.2;4.4;6.8;61.0;35.0;9.0;709.2;0.0;23.0;3.0;0.748;34.95;10.2;37.0
5727;2023-08-27 16:00:00;0.65;2.0;3.4;5.6;60.0;28.0;9.64;708.7;0.0;25.0;2.6;0.728;35.25;14.3;77.0
5728;2023-08-27 17:00:00;0.66;2.0;3.4;5.7;52.0;32.0;8.97;708.4;0.0;23.0;2.4;0.533;35.47;14.7;81.0
5729;2023-08-27 18:00:00;0.63;2.1;4.4;6.6;50.0;28.0;10.53;708.3;0.0;25.0;3.1;0.165;34.38;15.7;87.0
5730;2023-08-27 19:00:00;0.61;1.8;5.4;7.4;46.0;34.0;11.2;708.4;0.0;27.0;3.3;0.039;33.45;11.7;97.0
5731;2023-08-27 20:00:00;0.65;1.7;5.9;7.8;41.0;33.0;9.1;708.8;0.0;33.0;2.8;0.0;31.83;10.6;116.0
5732;2023-08-27 21:00:00;0.66;1.7;5.4;7.3;40.0;34.0;9.33;709.3;0.0;37.0;2.4;0.0;30.77;9.5;117.0
5733;2023-08-27 22:00:00;0.65;;4.7;6.6;40.0;27.0;9.43;709.7;0.0;37.0;2.2;0.0;30.58;10.2;117.0
5734;2023-08-27 23:00:00;0.65;;3.5;5.4;41.0;29.0;8.85;710.0;0.0;37.0;2.2;0.0;30.01;11.1;108.0
5735;2023-08-28 00:00:00;0.64;;2.8;4.7;42.0;30.0;8.77;710.0;0.0;37.0;2.3;0.0;29.79;9.9;94.0
5736;2023-08-28 01:00:00;0.6;1.6;2.8;4.6;40.0;27.0;;;0.0;35.0;2.1;0.0;27.87;8.6;86.0
5737;2023-08-28 02:00:00;0.62;1.6;3.0;4.9;42.0;27.0;;709.2;0.0;36.0;2.2;0.0;29.17;7.5;76.0
5738;2023-08-28 03:00:00;0.62;2.3;13.6;16.2;25.0;25.0;;709.2;0.0;42.0;2.2;0.0;28.01;4.0;11.0
5739;2023-08-28 04:00:00;0.74;4.2;27.8;32.3;9.0;43.0;;709.3;0.0;47.0;2.4;0.0;27.24;5.7;27.0
5740;2023-08-28 05:00:00;0.87;2.2;23.8;26.2;12.0;63.0;;709.4;0.0;51.0;2.9;0.0;26.29;3.1;94.0
5741;2023-08-28 06:00:00;1.04;3.3;23.9;27.4;10.0;52.0;;709.6;0.0;51.0;3.1;0.0;25.82;2.6;224.0
5742;2023-08-28 07:00:00;1.04;8.8;23.7;32.7;9.0;49.0;;709.9;0.0;50.0;2.9;0.022;26.0;2.3;269.0
5743;2023-08-28 08:00:00;1.02;12.6;23.1;35.9;16.0;47.0;;710.1;0.0;41.0;4.4;0.159;28.2;5.4;277.0
5744;2023-08-28 09:00:00;0.99;12.5;22.4;35.2;25.0;55.0;;710.5;0.0;39.0;4.6;0.36;29.99;4.4;16.0
5745;2023-08-28 10:00:00;0.97;5.8;16.9;22.9;40.0;51.0;;710.6;0.0;33.0;4.1;0.334;31.47;4.8;52.0
5746;2023-08-28 11:00:00;0.93;10.7;23.1;34.0;40.0;46.0;;710.6;0.0;31.0;5.5;0.401;32.53;7.9;56.0
5747;2023-08-28 12:00:00;0.89;6.4;19.3;25.8;63.0;45.0;;710.2;0.0;27.0;6.9;0.881;33.93;9.6;63.0
5748;2023-08-28 13:00:00;0.86;3.2;11.4;14.8;75.0;48.0;;709.9;0.0;22.0;4.0;0.927;34.97;12.3;51.0
5749;2023-08-28 14:00:00;0.83;2.8;9.2;12.2;79.0;46.0;;709.5;0.0;18.0;3.9;0.91;36.09;13.6;45.0
5750;2023-08-28 15:00:00;0.77;2.3;6.4;8.9;77.0;50.0;;709.1;0.0;17.0;5.0;0.832;36.54;13.2;51.0
5751;2023-08-28 16:00:00;0.76;2.4;5.7;8.3;67.0;42.0;;708.5;0.0;15.0;4.4;0.692;37.13;13.4;60.0
5752;2023-08-28 17:00:00;0.72;2.6;6.9;9.7;61.0;44.0;;708.1;0.0;14.0;3.8;0.492;37.41;13.7;57.0
5753;2023-08-28 18:00:00;0.71;2.4;8.2;10.7;58.0;35.0;10.93;708.0;0.0;14.0;3.8;0.136;37.18;12.7;75.0
5754;2023-08-28 19:00:00;0.69;2.0;10.3;12.4;57.0;38.0;13.61;708.1;0.0;15.0;3.8;0.023;36.12;12.0;88.0
5755;2023-08-28 20:00:00;0.72;1.8;14.9;16.8;47.0;35.0;16.08;708.5;0.0;16.0;3.7;0.0;35.06;9.1;97.0
5756;2023-08-28 21:00:00;0.74;1.8;14.5;16.4;42.0;37.0;12.99;709.1;0.0;17.0;2.6;0.0;34.06;7.6;128.0
5757;2023-08-28 22:00:00;0.73;1.7;8.3;10.2;48.0;35.0;11.72;709.5;0.0;19.0;2.9;0.0;33.48;6.2;141.0
5758;2023-08-28 23:00:00;0.72;1.8;16.2;18.1;32.0;35.0;11.87;709.7;0.0;21.0;2.5;0.0;31.88;2.8;214.0
5759;2023-08-29 00:00:00;0.72;1.8;20.2;22.1;26.0;34.0;12.48;709.4;0.0;23.0;2.5;0.0;30.71;2.0;218.0
5760;2023-08-29 01:00:00;0.73;2.2;20.8;23.2;24.0;34.0;13.19;709.2;0.0;25.0;2.3;0.0;30.56;4.5;324.0
5761;2023-08-29 02:00:00;0.85;4.3;37.4;41.9;10.0;36.0;21.18;709.3;0.0;29.0;3.8;0.0;29.99;4.5;25.0
5762;2023-08-29 03:00:00;1.05;2.2;28.8;31.1;14.0;71.0;22.49;709.3;0.0;34.0;3.9;0.0;29.0;3.9;62.0
5763;2023-08-29 04:00:00;1.07;2.0;24.8;27.0;15.0;60.0;19.93;709.1;0.0;38.0;4.4;0.0;28.12;3.5;91.0
5764;2023-08-29 05:00:00;1.03;2.5;28.3;30.9;10.0;61.0;21.21;709.2;0.0;39.0;4.8;0.0;27.67;2.9;200.0
5765;2023-08-29 06:00:00;1.02;3.4;29.9;33.5;9.0;65.0;20.41;709.6;0.0;36.0;5.3;0.0;27.39;3.2;239.0
5766;2023-08-29 07:00:00;1.01;16.2;30.5;46.9;9.0;55.0;19.88;710.2;0.0;37.0;4.5;0.02;27.65;4.1;143.0
5767;2023-08-29 08:00:00;1.01;4.1;17.7;22.1;37.0;73.0;16.11;710.7;0.0;47.0;3.2;0.144;28.46;9.3;46.0
5768;2023-08-29 09:00:00;0.98;6.8;20.1;27.1;36.0;55.0;16.12;711.0;0.0;44.0;3.4;0.343;29.47;7.8;67.0
5769;2023-08-29 10:00:00;0.95;4.3;13.0;17.5;52.0;82.0;16.55;711.2;0.0;39.0;3.2;0.46;31.0;7.3;44.0
5770;2023-08-29 11:00:00;0.92;2.9;9.6;12.7;64.0;79.0;16.44;711.2;0.0;36.0;2.8;0.438;32.37;7.7;42.0
5771;2023-08-29 12:00:00;0.84;2.5;7.1;9.8;69.0;71.0;14.59;710.8;0.0;35.0;2.6;0.828;33.1;11.9;13.0
5772;2023-08-29 13:00:00;0.82;2.6;6.4;9.2;69.0;67.0;14.21;710.2;0.0;32.0;2.6;0.839;33.87;11.3;16.0
5773;2023-08-29 14:00:00;0.78;2.7;6.5;9.4;67.0;53.0;14.15;709.8;0.0;30.0;2.5;0.8;34.54;11.5;348.0
5774;2023-08-29 15:00:00;0.74;3.0;7.5;10.8;57.0;53.0;12.74;709.5;0.0;34.0;2.3;0.703;32.97;14.0;315.0
5775;2023-08-29 16:00:00;0.74;2.8;7.4;10.4;62.0;47.0;12.72;709.1;0.0;34.0;2.4;0.666;33.68;13.4;13.0
5776;2023-08-29 17:00:00;0.74;2.5;9.3;12.0;62.0;59.0;13.32;709.0;0.0;35.0;2.4;0.19;33.01;11.7;89.0
5777;2023-08-29 18:00:00;0.73;2.8;11.5;14.5;50.0;53.0;14.89;709.4;0.0;57.0;2.2;0.068;28.04;11.1;193.0
5778;2023-08-29 19:00:00;0.79;2.8;14.3;17.3;43.0;66.0;15.28;710.1;0.0;65.0;2.1;0.025;26.26;11.5;1.0
5779;2023-08-29 20:00:00;0.8;2.0;15.1;17.2;36.0;51.0;11.08;710.8;0.0;74.0;2.0;0.0;24.12;5.9;191.0
5780;2023-08-29 21:00:00;0.8;2.1;15.2;17.5;31.0;48.0;10.57;710.7;0.0;71.0;2.1;0.0;25.36;6.7;203.0
5781;2023-08-29 22:00:00;0.82;2.1;17.0;19.2;30.0;45.0;13.69;710.8;0.0;63.0;2.1;0.0;26.7;6.2;192.0
5782;2023-08-29 23:00:00;0.82;2.2;17.5;19.7;27.0;41.0;12.86;710.9;0.0;61.0;2.0;0.0;26.95;4.7;128.0
5783;2023-08-30 00:00:00;0.79;2.4;14.1;16.5;31.0;48.0;14.0;710.9;0.0;58.0;2.0;0.0;27.14;3.2;224.0
5784;2023-08-30 01:00:00;0.76;2.4;14.5;17.0;28.0;43.0;12.0;710.7;0.0;58.0;2.0;0.0;27.01;2.5;236.0
5785;2023-08-30 02:00:00;0.73;2.3;13.9;16.3;31.0;33.0;12.0;710.5;0.0;56.0;1.9;0.0;27.16;3.8;214.0
5786;2023-08-30 03:00:00;0.71;2.4;15.6;18.0;29.0;33.0;;710.3;0.0;57.0;2.0;0.0;26.89;4.4;208.0
5787;2023-08-30 04:00:00;0.69;2.5;13.8;16.4;26.0;42.0;13.0;710.2;0.0;60.0;2.0;0.0;26.39;5.8;215.0
5788;2023-08-30 05:00:00;0.68;2.4;13.2;15.6;26.0;47.0;15.0;710.3;0.0;60.0;2.1;0.0;26.06;3.4;235.0
5789;2023-08-30 06:00:00;0.67;2.7;15.2;17.8;22.0;44.0;14.0;710.5;0.0;61.0;2.0;0.0;25.75;4.9;226.0
5790;2023-08-30 07:00:00;0.68;4.6;19.3;23.9;21.0;38.0;14.0;710.7;0.0;56.0;2.1;0.022;26.37;6.9;220.0
5791;2023-08-30 08:00:00;0.72;9.4;24.6;34.0;20.0;52.0;;711.1;0.0;50.0;2.4;0.139;28.05;5.8;224.0
5792;2023-08-30 09:00:00;0.73;6.5;21.1;27.6;38.0;61.0;17.0;711.4;0.0;41.0;3.2;0.312;30.23;5.0;208.0
5793;2023-08-30 10:00:00;0.75;3.4;12.1;15.4;70.0;53.0;12.0;711.6;0.0;30.0;3.3;0.589;32.81;0.9;319.0
5794;2023-08-30 11:00:00;0.71;2.7;8.6;11.3;85.0;41.0;13.0;711.8;0.0;27.0;2.6;0.363;33.33;5.1;15.0
5795;2023-08-30 12:00:00;0.73;2.5;7.4;9.9;86.0;37.0;12.0;711.6;0.0;27.0;2.5;0.732;33.19;6.3;26.0
5796;2023-08-30 13:00:00;0.69;2.6;7.0;9.5;82.0;44.0;15.0;711.0;0.0;25.0;2.5;0.806;33.8;5.8;17.0
5797;2023-08-30 14:00:00;0.51;2.8;8.4;11.2;78.0;42.0;17.0;710.3;0.0;22.0;2.6;0.827;34.89;6.0;35.0
5798;2023-08-30 15:00:00;0.47;2.5;6.3;8.8;75.0;41.0;14.0;709.6;0.0;20.0;2.4;0.636;35.01;8.3;21.0
5799;2023-08-30 16:00:00;0.42;2.4;5.5;7.9;70.0;30.0;10.0;709.1;0.0;16.0;2.3;0.665;35.9;6.9;28.0
5800;2023-08-30 17:00:00;0.48;2.9;7.5;10.4;66.0;31.0;11.0;708.8;0.0;17.0;2.4;0.397;35.73;8.0;23.0
5801;2023-08-30 18:00:00;0.49;2.8;10.0;12.8;62.0;34.0;11.0;708.7;0.0;18.0;2.5;0.197;35.48;10.1;23.0
5802;2023-08-30 19:00:00;0.57;2.3;13.4;15.7;58.0;36.0;12.0;708.9;0.0;22.0;2.3;0.052;34.21;10.9;79.0
5803;2023-08-30 20:00:00;0.54;1.9;12.2;14.1;52.0;40.0;13.0;709.4;0.0;22.0;2.2;0.001;32.85;12.6;97.0
5804;2023-08-30 21:00:00;0.51;1.9;12.8;14.7;50.0;36.0;12.0;710.0;0.0;22.0;2.2;0.0;32.37;9.0;101.0
5805;2023-08-30 22:00:00;0.51;1.8;11.7;13.6;49.0;32.0;12.0;710.2;0.0;23.0;2.4;0.0;31.75;8.3;104.0
5806;2023-08-30 23:00:00;0.5;1.8;13.3;15.1;44.0;37.0;11.0;710.5;0.0;24.0;4.1;0.0;30.93;9.4;104.0
5807;2023-08-31 00:00:00;0.45;;6.0;7.8;54.0;34.0;11.0;710.7;0.0;28.0;2.6;0.0;29.56;10.3;104.0
5808;2023-08-31 01:00:00;0.51;;3.7;5.5;56.0;43.0;13.0;710.4;0.0;40.0;2.3;0.0;28.18;10.9;123.0
5809;2023-08-31 02:00:00;0.51;;3.2;5.0;57.0;45.0;13.0;710.0;0.0;41.0;2.2;0.0;27.64;8.2;129.0
5810;2023-08-31 03:00:00;0.5;;2.9;4.7;56.0;38.0;12.0;709.9;0.0;42.0;2.2;0.0;27.35;7.9;122.0
5811;2023-08-31 04:00:00;0.5;1.9;5.5;7.4;48.0;37.0;12.0;709.9;0.0;42.0;2.2;0.0;26.6;1.9;190.0
5812;2023-08-31 05:00:00;0.51;1.9;13.7;15.6;34.0;34.0;14.0;709.7;0.0;40.0;2.2;0.0;26.2;5.2;201.0
5813;2023-08-31 06:00:00;0.54;3.9;15.6;19.5;29.0;46.0;17.0;709.7;0.0;39.0;3.4;0.0;25.87;2.9;240.0
5814;2023-08-31 07:00:00;1.11;26.6;39.3;65.9;8.0;56.0;25.0;710.1;0.0;44.0;4.3;0.015;25.2;2.6;357.0
5815;2023-08-31 08:00:00;0.95;16.8;32.5;49.3;15.0;82.0;25.0;710.4;0.0;40.0;5.7;0.135;27.13;2.1;325.0
5816;2023-08-31 09:00:00;0.92;13.3;29.8;43.1;27.0;88.0;22.0;710.5;0.0;37.0;5.6;0.348;29.13;3.1;30.0
5817;2023-08-31 10:00:00;0.93;7.6;23.2;30.8;47.0;87.0;22.0;710.8;0.0;34.0;4.5;0.548;30.46;4.9;19.0
5818;2023-08-31 11:00:00;1.05;9.2;31.1;40.3;54.0;82.0;23.0;710.7;0.0;29.0;8.3;0.284;32.24;4.8;40.0
5819;2023-08-31 12:00:00;0.75;3.8;17.0;20.9;81.0;76.0;19.0;710.5;0.0;25.0;4.9;0.851;33.46;6.7;65.0
5820;2023-08-31 13:00:00;0.56;2.5;9.0;11.5;86.0;58.0;15.0;710.1;0.0;21.0;3.3;0.917;34.27;10.7;63.0
5821;2023-08-31 14:00:00;0.5;2.6;7.4;9.9;78.0;49.0;13.0;709.6;0.0;19.0;2.9;0.921;35.03;12.2;54.0
5822;2023-08-31 15:00:00;0.47;2.6;7.2;9.8;77.0;36.0;13.0;709.0;0.0;18.0;3.3;0.844;35.65;11.9;56.0
5823;2023-08-31 16:00:00;0.47;2.4;7.0;9.5;80.0;36.0;;708.7;0.0;17.0;3.6;0.704;36.18;10.6;49.0
5824;2023-08-31 17:00:00;0.48;2.4;7.4;9.8;76.0;36.0;;708.4;0.0;17.0;3.6;0.44;36.14;10.0;63.0
5825;2023-08-31 18:00:00;0.5;2.3;9.1;11.4;69.0;37.0;;708.3;0.0;17.0;3.8;0.161;35.92;11.5;79.0
5826;2023-08-31 19:00:00;0.55;2.1;12.2;14.2;61.0;40.0;14.0;708.3;0.0;18.0;3.1;0.029;35.0;9.5;103.0
5827;2023-08-31 20:00:00;0.59;1.9;12.8;14.7;56.0;38.0;15.0;708.7;0.0;21.0;2.7;0.001;33.83;10.6;91.0
5828;2023-08-31 21:00:00;0.54;1.8;11.6;13.4;55.0;42.0;14.0;709.3;0.0;22.0;2.7;0.0;32.99;7.7;116.0
5829;2023-08-31 22:00:00;0.55;1.8;12.4;14.2;52.0;37.0;15.0;709.7;0.0;24.0;3.3;0.0;32.04;10.2;108.0
5830;2023-08-31 23:00:00;0.51;;5.5;7.3;57.0;54.0;14.0;710.2;0.0;31.0;2.6;0.0;30.3;13.3;125.0
5831;2023-09-01 00:00:00;;;;;;;;;;;;0.0;;;
5832;2023-09-01 01:00:00;0.58;1.8;9.8;11.6;44.0;42.0;15.0;710.6;0.0;40.0;2.4;0.0;28.07;7.4;23.0
5833;2023-09-01 02:00:00;0.59;2.0;19.3;21.3;32.0;43.0;19.0;710.6;0.0;42.0;2.8;0.0;27.43;6.0;2.0
5834;2023-09-01 03:00:00;0.57;2.5;14.2;16.8;40.0;57.0;19.0;710.5;0.0;41.0;2.9;0.0;27.27;6.6;28.0
5835;2023-09-01 04:00:00;0.61;3.0;32.3;35.3;20.0;54.0;23.0;710.6;0.0;46.0;4.9;0.0;25.91;6.1;28.0
5836;2023-09-01 05:00:00;0.66;2.1;24.5;26.6;27.0;64.0;24.0;710.6;0.0;49.0;5.4;0.0;25.4;5.0;9.0
5837;2023-09-01 06:00:00;0.73;1.9;18.9;20.8;29.0;55.0;20.0;711.0;0.0;51.0;3.6;0.0;24.84;3.1;22.0
5838;2023-09-01 07:00:00;1.03;5.4;28.4;33.9;16.0;50.0;21.0;711.3;0.0;54.0;3.2;0.014;24.44;2.2;337.0
5839;2023-09-01 08:00:00;1.02;11.2;30.5;41.7;19.0;56.0;23.0;711.5;0.0;48.0;3.8;0.132;26.43;3.2;22.0
5840;2023-09-01 09:00:00;1.13;14.7;32.4;47.1;26.0;64.0;25.0;711.8;0.0;43.0;4.3;0.34;27.99;3.0;22.0
5841;2023-09-01 10:00:00;1.07;13.8;33.3;47.1;37.0;71.0;25.0;712.0;0.0;37.0;4.4;0.526;30.09;4.4;14.0
5842;2023-09-01 11:00:00;1.08;11.9;32.9;44.8;56.0;78.0;29.0;712.1;0.0;33.0;7.0;0.275;31.38;8.6;46.0
5843;2023-09-01 12:00:00;0.67;3.0;11.3;14.3;78.0;76.0;19.0;712.0;0.0;28.0;3.6;0.846;32.83;14.2;60.0
5844;2023-09-01 13:00:00;0.58;2.9;8.1;10.9;72.0;64.0;16.0;711.6;0.0;25.0;3.0;0.915;33.91;14.7;62.0
5845;2023-09-01 14:00:00;0.57;2.8;7.9;10.6;72.0;49.0;17.0;711.2;0.0;24.0;2.8;0.9;34.35;15.3;67.0
5846;2023-09-01 15:00:00;0.55;2.6;7.0;9.6;73.0;50.0;17.0;710.8;0.0;22.0;3.2;0.804;35.1;12.0;68.0
5847;2023-09-01 16:00:00;0.54;2.3;7.0;9.3;71.0;46.0;;710.3;0.0;22.0;3.1;0.39;34.95;13.1;76.0
5848;2023-09-01 17:00:00;0.57;2.5;8.6;11.1;68.0;47.0;18.0;710.1;0.0;23.0;3.5;0.283;34.66;12.9;82.0
5849;2023-09-01 18:00:00;0.58;2.2;9.6;11.8;65.0;49.0;18.0;710.1;0.0;23.0;3.6;0.138;34.52;12.5;85.0
5850;2023-09-01 19:00:00;0.58;2.1;10.5;12.6;62.0;47.0;17.0;710.2;0.0;22.0;3.2;0.047;34.11;13.1;85.0
5851;2023-09-01 20:00:00;0.62;1.9;14.7;16.6;56.0;44.0;18.0;710.6;0.0;21.0;2.4;0.001;33.22;12.6;82.0
5852;2023-09-01 21:00:00;0.59;1.9;11.2;13.1;62.0;42.0;18.0;711.2;0.0;23.0;2.3;0.0;32.35;10.7;98.0
5853;2023-09-01 22:00:00;0.56;;8.4;10.3;66.0;46.0;19.0;712.1;0.0;27.0;2.6;0.0;31.27;11.9;96.0
5854;2023-09-01 23:00:00;0.58;;5.4;7.2;50.0;54.0;16.0;712.8;0.0;41.0;2.5;0.0;29.14;12.3;102.0
5855;2023-09-02 00:00:00;0.6;;4.4;6.3;46.0;52.0;15.0;713.1;0.0;49.0;2.2;0.0;27.97;10.3;87.0
5856;2023-09-02 01:00:00;0.6;1.8;3.4;5.2;46.0;46.0;14.0;713.3;0.0;53.0;2.2;0.0;27.15;8.5;100.0
5857;2023-09-02 02:00:00;0.59;1.8;2.9;4.7;44.0;34.0;14.0;713.1;0.0;56.0;2.1;0.0;26.37;8.6;124.0
5858;2023-09-02 03:00:00;0.58;;2.8;4.6;45.0;42.0;15.0;712.8;0.0;55.0;2.1;0.0;26.11;8.4;121.0
5859;2023-09-02 04:00:00;0.58;;2.8;4.6;45.0;39.0;15.0;712.5;0.0;56.0;2.1;0.0;25.89;4.3;100.0
5860;2023-09-02 05:00:00;0.58;;3.1;4.9;45.0;36.0;;712.4;0.0;54.0;2.1;0.0;25.94;3.4;94.0
5861;2023-09-02 06:00:00;0.62;;5.5;7.4;38.0;39.0;;712.6;0.0;56.0;2.1;0.0;25.67;3.4;34.0
5862;2023-09-02 07:00:00;0.65;2.1;9.7;11.8;31.0;38.0;16.0;712.8;0.0;58.0;2.1;0.014;25.11;1.2;51.0
5863;2023-09-02 08:00:00;0.76;4.7;18.3;23.0;25.0;42.0;16.0;713.1;0.0;52.0;2.1;0.13;26.97;3.1;147.0
5864;2023-09-02 09:00:00;0.69;4.1;12.9;17.0;40.0;47.0;18.0;713.2;0.0;41.0;3.5;0.343;29.37;0.5;144.0
5865;2023-09-02 10:00:00;0.66;3.6;11.0;14.6;54.0;45.0;18.0;713.2;0.0;35.0;3.8;0.521;31.44;2.6;69.0
5866;2023-09-02 11:00:00;0.58;2.8;8.2;11.1;69.0;42.0;17.0;713.1;0.0;27.0;2.9;0.263;32.93;4.3;30.0
5867;2023-09-02 12:00:00;0.57;3.1;10.8;13.9;78.0;42.0;19.0;712.8;0.0;22.0;3.6;0.847;32.87;9.2;6.0
5868;2023-09-02 13:00:00;0.56;2.3;7.3;9.7;90.0;49.0;19.0;712.4;0.0;21.0;3.3;0.912;33.29;8.6;7.0
5869;2023-09-02 14:00:00;0.52;2.1;5.7;7.8;92.0;50.0;18.0;711.8;0.0;19.0;3.2;0.91;34.32;6.2;354.0
5870;2023-09-02 15:00:00;0.49;2.2;6.6;8.8;91.0;47.0;18.0;711.2;0.0;16.0;2.9;0.825;35.27;6.3;23.0
5871;2023-09-02 16:00:00;0.46;2.2;6.7;8.8;90.0;49.0;17.0;710.7;0.0;14.0;2.8;0.656;35.9;6.4;63.0
5872;2023-09-02 17:00:00;0.43;2.1;5.6;7.7;84.0;44.0;16.0;710.4;0.0;13.0;2.5;0.477;36.08;8.4;8.0
5873;2023-09-02 18:00:00;0.44;2.2;8.1;10.2;78.0;45.0;16.0;710.3;0.0;14.0;2.7;0.136;35.96;8.8;33.0
5874;2023-09-02 19:00:00;0.53;1.9;8.7;10.6;67.0;49.0;17.0;710.6;0.0;21.0;2.3;0.03;34.19;13.7;80.0
5875;2023-09-02 20:00:00;0.56;1.9;9.4;11.2;58.0;49.0;16.0;711.2;0.0;26.0;2.3;0.001;32.58;14.9;73.0
5876;2023-09-02 21:00:00;0.57;1.8;9.0;10.9;55.0;45.0;17.0;711.8;0.0;26.0;2.2;0.0;31.79;10.8;95.0
5877;2023-09-02 22:00:00;0.53;1.8;7.0;8.8;57.0;42.0;16.0;712.4;0.0;26.0;2.3;0.0;31.19;9.5;93.0
5878;2023-09-02 23:00:00;0.59;;9.8;11.6;49.0;38.0;18.0;712.5;0.0;31.0;4.7;0.0;30.12;7.9;82.0
5879;2023-09-03 00:00:00;0.59;;3.7;5.5;43.0;51.0;14.0;712.7;0.0;49.0;2.5;0.0;27.77;11.7;110.0
5880;2023-09-03 01:00:00;0.63;;4.3;6.1;40.0;43.0;14.0;712.7;0.0;54.0;2.2;0.0;26.91;10.8;58.0
5881;2023-09-03 02:00:00;0.63;2.2;11.4;13.6;32.0;38.0;17.0;712.7;0.0;57.0;2.3;0.0;25.71;10.2;35.0
5882;2023-09-03 03:00:00;0.63;2.7;19.8;22.5;23.0;44.0;18.0;712.4;0.0;58.0;2.6;0.0;25.28;6.0;31.0
5883;2023-09-03 04:00:00;0.66;1.9;16.0;17.8;26.0;43.0;19.0;712.1;0.0;60.0;3.3;0.0;24.78;4.6;39.0
5884;2023-09-03 05:00:00;0.65;1.8;12.0;13.9;30.0;49.0;18.0;712.1;0.0;62.0;2.9;0.0;24.46;5.4;66.0
5885;2023-09-03 06:00:00;0.7;2.0;14.6;16.6;25.0;44.0;18.0;712.1;0.0;65.0;2.6;0.0;23.9;1.7;218.0
5886;2023-09-03 07:00:00;0.78;2.3;23.0;25.3;15.0;43.0;20.0;712.2;0.0;65.0;2.7;0.013;23.91;1.9;235.0
5887;2023-09-03 08:00:00;0.78;4.6;17.3;21.9;22.0;46.0;20.0;712.5;0.0;58.0;3.1;0.126;26.09;0.9;195.0
5888;2023-09-03 09:00:00;0.8;5.4;13.6;19.0;31.0;52.0;22.0;712.5;0.0;52.0;3.6;0.33;27.73;2.9;36.0
5889;2023-09-03 10:00:00;0.85;3.7;9.9;13.7;48.0;56.0;22.0;712.5;0.0;47.0;3.8;0.485;29.07;4.8;6.0
5890;2023-09-03 11:00:00;0.82;3.4;11.5;15.0;61.0;57.0;23.0;712.2;0.0;39.0;4.4;0.261;31.04;2.7;62.0
5891;2023-09-03 12:00:00;0.85;6.1;19.9;26.1;57.0;57.0;23.0;711.8;0.0;37.0;7.3;0.836;32.05;7.7;49.0
5892;2023-09-03 13:00:00;0.61;2.7;9.4;12.1;79.0;60.0;20.0;711.2;0.0;31.0;5.5;0.892;33.18;5.5;46.0
5893;2023-09-03 14:00:00;0.6;2.3;7.8;10.1;89.0;46.0;20.0;710.5;0.0;28.0;4.3;0.875;34.21;6.6;55.0
5894;2023-09-03 15:00:00;0.63;2.1;7.3;9.5;97.0;48.0;21.0;709.9;0.0;27.0;3.7;0.781;35.14;7.7;61.0
5895;2023-09-03 16:00:00;0.6;2.0;5.1;7.1;88.0;50.0;21.0;709.3;0.0;28.0;3.0;0.634;35.23;9.4;62.0
5896;2023-09-03 17:00:00;0.58;1.9;4.3;6.2;79.0;46.0;20.0;708.9;0.0;28.0;3.1;0.373;35.46;9.1;83.0
5897;2023-09-03 18:00:00;0.56;1.9;4.4;6.3;64.0;43.0;19.0;708.8;0.0;28.0;2.9;0.144;35.15;9.7;115.0
5898;2023-09-03 19:00:00;0.58;1.8;4.7;6.5;57.0;41.0;17.0;708.8;0.0;29.0;2.5;0.041;34.5;10.2;119.0
5899;2023-09-03 20:00:00;0.59;1.8;5.2;7.0;55.0;38.0;19.0;708.9;0.0;30.0;2.3;0.0;33.86;7.3;113.0
5900;2023-09-03 21:00:00;0.62;;7.1;8.9;50.0;42.0;19.0;709.2;0.0;31.0;2.5;0.0;33.48;7.6;97.0
5901;2023-09-03 22:00:00;0.63;;6.3;8.1;39.0;42.0;18.0;709.6;0.0;38.0;3.4;0.0;32.03;12.5;76.0
5902;2023-09-03 23:00:00;0.63;;4.3;6.2;32.0;54.0;15.0;709.9;0.0;48.0;2.4;0.0;30.56;9.9;91.0
5903;2023-09-04 00:00:00;0.64;;5.5;7.3;28.0;47.0;14.0;709.9;0.0;51.0;2.2;0.0;29.52;9.9;62.0
5904;2023-09-04 01:00:00;0.63;;6.1;7.9;26.0;44.0;15.0;709.9;0.0;53.0;2.3;0.0;28.78;9.0;54.0
5905;2023-09-04 02:00:00;0.58;;4.8;6.6;26.0;46.0;13.0;709.7;0.0;57.0;2.2;0.0;27.78;11.7;48.0
5906;2023-09-04 03:00:00;0.58;1.9;6.8;8.7;20.0;41.0;13.0;709.7;0.0;62.0;2.2;0.0;26.76;7.9;38.0
5907;2023-09-04 04:00:00;0.58;3.0;12.2;15.2;12.0;37.0;14.0;709.7;0.0;66.0;2.2;0.0;26.01;7.6;13.0
5908;2023-09-04 05:00:00;0.61;3.9;16.1;20.1;8.0;46.0;17.0;709.6;0.0;70.0;2.2;0.0;25.44;6.0;9.0
5909;2023-09-04 06:00:00;0.63;8.8;19.1;27.9;6.0;59.0;18.0;709.6;0.0;71.0;2.2;0.0;25.13;4.2;35.0
5910;2023-09-04 07:00:00;0.72;11.6;18.5;30.0;7.0;67.0;19.0;709.7;0.0;72.0;2.2;0.011;24.96;4.1;43.0
5911;2023-09-04 08:00:00;0.88;21.8;19.1;40.9;8.0;61.0;20.0;709.8;0.0;69.0;2.2;0.116;25.84;3.2;35.0
5912;2023-09-04 09:00:00;1.02;14.1;17.8;31.8;16.0;75.0;21.0;709.9;0.0;64.0;2.0;0.311;27.36;3.4;43.0
5913;2023-09-04 10:00:00;1.15;9.3;19.4;28.7;28.0;79.0;20.0;709.9;0.0;57.0;2.1;0.448;29.2;3.5;1.0
5914;2023-09-04 11:00:00;1.33;7.6;25.4;33.0;46.0;76.0;26.0;709.7;0.0;52.0;2.1;0.277;30.49;5.3;22.0
5915;2023-09-04 12:00:00;1.07;7.2;30.4;37.5;59.0;100.0;30.0;709.4;0.0;46.0;2.0;0.799;32.06;5.6;38.0
5916;2023-09-04 13:00:00;0.9;4.3;23.6;27.9;83.0;114.0;29.0;708.9;0.0;39.0;2.1;0.874;33.7;6.5;62.0
5917;2023-09-04 14:00:00;0.78;3.1;14.4;17.5;86.0;93.0;26.0;708.2;0.0;33.0;5.7;0.874;34.95;7.0;63.0
5918;2023-09-04 15:00:00;0.68;2.2;7.9;10.1;90.0;67.0;25.0;707.6;0.0;28.0;9.1;0.72;36.2;7.3;59.0
5919;2023-09-04 16:00:00;0.64;2.3;7.7;10.1;74.0;63.0;23.0;707.1;0.0;28.0;8.7;0.352;36.17;9.7;60.0
5920;2023-09-04 17:00:00;0.64;2.3;9.0;11.3;64.0;59.0;24.0;706.8;0.0;29.0;7.9;0.184;35.98;7.4;104.0
5921;2023-09-04 18:00:00;0.59;2.1;7.9;10.0;54.0;69.0;17.0;706.7;0.0;27.0;4.8;0.116;36.18;6.2;113.0
5922;2023-09-04 19:00:00;0.66;2.1;11.1;13.2;45.0;46.0;14.0;706.6;0.0;27.0;3.2;0.029;35.81;5.1;110.0
5923;2023-09-04 20:00:00;0.71;2.0;15.1;17.1;40.0;36.0;15.0;706.8;0.0;28.0;2.8;0.0;35.21;6.1;133.0
5924;2023-09-04 21:00:00;0.57;1.9;8.6;10.4;39.0;40.0;12.0;707.3;0.0;28.0;2.7;0.0;34.37;8.9;129.0
5925;2023-09-04 22:00:00;0.61;2.0;13.3;15.4;29.0;38.0;12.0;707.7;0.0;30.0;2.6;0.0;33.42;8.6;86.0
5926;2023-09-04 23:00:00;0.53;2.2;8.6;10.9;29.0;40.0;10.0;708.2;0.0;33.0;2.4;0.0;32.09;9.0;63.0
5927;2023-09-05 00:00:00;0.55;2.2;9.8;12.0;21.0;55.0;14.0;708.4;0.0;44.0;2.5;0.0;30.63;9.0;40.0
5928;2023-09-05 01:00:00;0.55;1.9;6.1;8.0;24.0;37.0;12.0;708.7;0.0;46.0;2.6;0.0;29.96;8.4;45.0
5929;2023-09-05 02:00:00;0.57;2.0;6.1;8.2;21.0;35.0;13.0;708.7;0.0;54.0;2.5;0.0;29.04;9.2;49.0
5930;2023-09-05 03:00:00;0.57;1.8;3.1;4.9;22.0;26.0;13.0;708.5;0.0;61.0;2.3;0.0;27.81;9.3;57.0
5931;2023-09-05 04:00:00;0.57;1.8;3.3;5.1;19.0;26.0;14.0;708.5;0.0;66.0;2.1;0.0;26.96;6.7;51.0
5932;2023-09-05 05:00:00;0.57;1.8;2.7;4.6;19.0;28.0;15.0;708.5;0.0;70.0;2.0;0.0;26.1;6.9;47.0
5933;2023-09-05 06:00:00;0.58;8.8;9.4;18.1;11.0;32.0;16.0;708.6;0.0;71.0;2.1;0.0;25.61;6.3;35.0
5934;2023-09-05 07:00:00;0.67;37.0;14.3;51.3;6.0;52.0;19.0;708.8;0.0;73.0;2.2;0.012;25.18;5.0;34.0
5935;2023-09-05 08:00:00;0.84;32.7;14.1;46.8;7.0;60.0;19.0;709.1;0.0;70.0;2.2;0.119;25.95;4.8;58.0
5936;2023-09-05 09:00:00;1.09;22.2;17.0;39.3;12.0;67.0;21.0;709.3;0.0;64.0;2.1;0.328;27.5;4.8;18.0
5937;2023-09-05 10:00:00;1.2;13.7;24.2;37.9;25.0;96.0;33.0;709.7;0.0;58.0;2.1;0.425;28.76;6.1;39.0
5938;2023-09-05 11:00:00;1.19;12.3;28.4;40.7;32.0;103.0;31.0;709.8;0.0;52.0;2.1;0.255;30.2;7.3;67.0
5939;2023-09-05 12:00:00;0.92;13.7;31.0;44.6;34.0;86.0;27.0;709.7;0.0;46.0;2.1;0.821;31.7;7.6;33.0
5940;2023-09-05 13:00:00;0.78;5.8;21.0;26.7;63.0;70.0;29.0;709.4;0.0;39.0;2.0;0.886;33.24;8.0;43.0
5941;2023-09-05 14:00:00;0.73;2.7;11.6;14.3;68.0;50.0;20.0;708.9;0.0;34.0;2.3;0.895;34.76;10.2;65.0
5942;2023-09-05 15:00:00;0.7;2.9;11.1;13.9;58.0;44.0;17.0;708.4;0.0;31.0;3.6;0.823;36.18;11.6;55.0
5943;2023-09-05 16:00:00;0.66;3.0;7.3;10.3;51.0;41.0;15.0;708.0;0.0;28.0;4.8;0.681;37.15;13.8;58.0
5944;2023-09-05 17:00:00;0.59;2.9;7.2;10.1;45.0;42.0;13.0;707.9;0.0;26.0;3.8;0.445;37.61;12.6;79.0
5945;2023-09-05 18:00:00;0.57;2.9;8.3;11.1;40.0;38.0;13.0;707.9;0.0;24.0;3.5;0.136;37.3;13.8;79.0
5946;2023-09-05 19:00:00;0.56;2.8;11.6;14.4;32.0;32.0;11.0;708.1;0.0;20.0;3.1;0.025;36.79;11.5;85.0
5947;2023-09-05 20:00:00;0.63;2.8;15.5;18.3;24.0;32.0;11.0;708.5;0.0;22.0;2.9;0.0;35.66;11.4;80.0
5948;2023-09-05 21:00:00;0.62;2.3;8.4;10.7;20.0;54.0;12.0;709.3;0.0;38.0;2.9;0.0;33.33;13.8;87.0
5949;2023-09-05 22:00:00;0.63;2.3;5.7;8.0;18.0;46.0;12.0;710.0;0.0;53.0;2.5;0.0;30.91;14.2;77.0
5950;2023-09-05 23:00:00;0.64;2.1;5.5;7.7;16.0;36.0;13.0;710.3;0.0;58.0;2.3;0.0;29.42;12.7;62.0
5951;2023-09-06 00:00:00;0.62;1.9;3.9;6.0;17.0;28.59;13.99;710.3;0.0;63.0;2.3;0.0;28.38;12.7;63.0
5952;2023-09-06 01:00:00;0.6;1.9;3.2;5.3;16.0;23.51;11.42;710.3;0.0;66.0;2.1;0.0;27.61;11.2;54.0
5953;2023-09-06 02:00:00;0.59;1.8;3.2;5.2;15.0;23.73;12.45;710.2;0.0;68.0;2.2;0.0;27.1;9.9;50.0
5954;2023-09-06 03:00:00;0.59;2.7;5.1;8.0;13.0;24.55;12.89;710.2;0.0;70.0;2.0;0.0;26.59;9.1;40.0
5955;2023-09-06 04:00:00;0.58;1.9;2.9;4.9;15.0;24.77;14.32;710.2;0.0;73.0;2.0;0.0;26.08;8.7;51.0
5956;2023-09-06 05:00:00;0.59;1.8;3.3;5.4;14.0;25.33;15.08;710.3;0.0;74.0;2.0;0.0;25.87;8.2;66.0
5957;2023-09-06 06:00:00;0.6;1.9;4.1;6.2;13.0;27.03;16.66;710.6;0.0;75.0;2.1;0.0;25.56;8.4;56.0
5958;2023-09-06 07:00:00;0.65;3.5;6.2;10.0;11.0;29.02;19.28;710.9;0.0;76.0;2.0;0.015;25.3;8.1;62.0
5959;2023-09-06 08:00:00;0.83;26.6;11.9;38.8;7.0;54.05;19.26;711.3;0.0;74.0;2.2;0.089;25.88;7.0;47.0
5960;2023-09-06 09:00:00;0.94;23.6;13.9;37.7;9.0;63.79;20.95;711.7;0.0;70.0;2.1;0.191;26.6;6.1;31.0
5961;2023-09-06 10:00:00;0.92;18.0;16.2;34.5;15.0;67.12;34.46;712.1;0.0;63.0;2.1;0.324;28.19;8.0;41.0
5962;2023-09-06 11:00:00;0.94;15.3;22.4;37.9;24.0;75.65;30.19;711.9;0.0;57.0;2.1;0.356;29.76;8.6;53.0
5963;2023-09-06 12:00:00;0.79;7.2;18.4;25.9;41.0;61.72;26.06;711.7;0.0;52.0;2.1;0.831;31.0;9.9;64.0
5964;2023-09-06 13:00:00;0.74;3.4;10.1;13.7;57.0;56.26;28.83;711.3;0.0;45.0;2.1;0.885;32.55;13.6;59.0
5965;2023-09-06 14:00:00;0.68;3.5;8.5;12.3;41.0;;19.54;710.6;0.0;38.0;2.0;0.69;33.87;16.1;53.0
5966;2023-09-06 15:00:00;0.63;2.8;6.2;9.3;40.0;;16.82;710.1;0.0;36.0;2.0;0.574;34.42;15.8;62.0
5967;2023-09-06 16:00:00;0.63;2.7;6.4;9.4;38.0;;14.82;709.7;0.0;34.0;2.1;0.301;34.59;16.2;63.0
5968;2023-09-06 17:00:00;0.65;2.9;7.8;11.0;33.0;;13.3;709.7;0.0;31.0;2.7;0.171;34.67;15.9;75.0
5969;2023-09-06 18:00:00;0.68;2.9;8.3;11.5;30.0;;12.66;709.7;0.0;30.0;4.5;0.07;34.42;16.0;71.0
5970;2023-09-06 19:00:00;0.73;3.0;12.6;15.8;23.0;;10.83;709.8;0.0;28.0;4.9;0.009;34.31;11.9;81.0
5971;2023-09-06 20:00:00;0.66;2.6;10.6;13.4;22.0;;11.0;710.1;0.0;28.0;3.5;0.0;33.86;14.5;84.0
5972;2023-09-06 21:00:00;0.6;2.2;7.3;9.7;23.0;;11.46;710.5;0.0;34.0;3.1;0.0;33.13;12.5;96.0
5973;2023-09-06 22:00:00;0.61;2.1;4.8;7.2;20.0;;12.68;711.1;0.0;50.0;2.7;0.0;30.47;16.4;123.0
5974;2023-09-06 23:00:00;0.61;2.0;3.9;6.1;21.0;;12.47;711.5;0.0;57.0;2.3;0.0;28.62;12.2;103.0
5975;2023-09-07 00:00:00;0.59;1.8;2.9;5.0;19.0;33.0;10.65;711.6;0.0;61.0;2.3;0.0;28.06;12.1;114.0
5976;2023-09-07 01:00:00;0.58;1.9;2.8;4.9;17.0;30.0;9.86;711.4;0.0;65.0;2.1;0.0;27.35;11.2;116.0
5977;2023-09-07 02:00:00;0.58;1.9;4.5;6.6;15.0;29.0;9.32;711.2;0.0;66.0;2.1;0.0;27.08;7.0;93.0
5978;2023-09-07 03:00:00;0.59;1.8;2.9;4.9;15.0;34.0;10.34;711.1;0.0;67.0;2.1;0.0;26.63;8.1;60.0
5979;2023-09-07 04:00:00;0.59;5.4;6.3;12.0;11.0;29.0;10.14;711.0;0.0;71.0;2.1;0.0;25.85;9.1;32.0
5980;2023-09-07 05:00:00;0.59;2.8;4.7;7.7;12.0;33.0;10.7;711.2;0.0;72.0;2.0;0.0;25.47;8.4;45.0
5981;2023-09-07 06:00:00;0.61;4.9;5.9;11.0;10.0;28.0;11.63;711.3;0.0;75.0;2.0;0.0;25.06;6.4;43.0
5982;2023-09-07 07:00:00;0.69;17.4;10.7;28.4;6.0;34.0;12.07;711.5;0.0;75.0;2.2;0.019;25.22;5.0;45.0
5983;2023-09-07 08:00:00;0.8;22.2;11.9;34.3;8.0;54.0;17.63;711.7;0.0;72.0;2.2;0.09;25.96;4.9;52.0
5984;2023-09-07 09:00:00;0.93;9.2;10.4;19.8;13.0;56.0;23.22;711.8;0.0;69.0;2.1;0.184;26.66;4.3;10.0
5985;2023-09-07 10:00:00;0.98;9.8;13.4;23.4;23.0;45.0;29.93;712.0;0.0;56.0;2.1;0.336;29.82;4.8;18.0
5986;2023-09-07 11:00:00;1.04;14.1;23.4;37.7;30.0;43.0;32.49;712.1;0.0;52.0;2.1;0.327;30.66;9.1;66.0
5987;2023-09-07 12:00:00;0.89;3.5;9.8;13.5;51.0;71.0;25.99;711.7;0.0;48.0;2.0;0.832;31.44;11.3;61.0
5988;2023-09-07 13:00:00;0.73;2.9;6.1;9.3;46.0;58.0;25.42;711.1;0.0;43.0;2.0;0.89;32.66;14.2;55.0
5989;2023-09-07 14:00:00;0.7;3.0;5.1;8.4;36.0;44.0;;710.4;0.0;38.0;2.0;0.68;33.57;14.8;66.0
5990;2023-09-07 15:00:00;0.73;3.0;5.6;8.8;41.0;34.0;;709.8;0.0;34.0;2.0;0.675;34.51;15.2;63.0
5991;2023-09-07 16:00:00;0.69;3.0;7.3;10.6;35.0;43.0;;709.4;0.0;31.0;2.0;0.339;34.73;14.1;68.0
5992;2023-09-07 17:00:00;0.69;2.9;7.8;11.0;32.0;34.0;;709.2;0.0;32.0;2.1;0.211;34.59;14.3;81.0
5993;2023-09-07 18:00:00;0.72;3.0;8.7;11.9;28.0;39.0;;709.2;0.0;33.0;2.9;0.073;34.16;12.2;75.0
5994;2023-09-07 19:00:00;0.71;2.6;8.8;11.6;25.0;35.0;;709.5;0.0;37.0;3.2;0.028;32.56;12.4;124.0
5995;2023-09-07 20:00:00;0.69;2.3;7.8;10.3;23.0;52.0;;710.0;0.0;43.0;2.8;0.0;30.93;14.2;124.0
5996;2023-09-07 21:00:00;0.64;2.0;4.2;6.5;24.0;35.0;;710.3;0.0;50.0;2.4;0.0;29.74;13.5;132.0
5997;2023-09-07 22:00:00;0.66;2.1;6.7;9.0;21.0;35.0;;710.6;0.0;52.0;2.3;0.0;29.46;11.8;103.0
5998;2023-09-07 23:00:00;0.7;2.4;11.8;14.4;15.0;29.0;;711.1;0.0;52.0;2.2;0.0;29.51;7.8;88.0
5999;2023-09-08 00:00:00;0.64;1.9;4.9;6.9;21.0;31.0;;711.4;0.0;54.0;2.2;0.0;28.8;9.4;73.0
6000;2023-09-08 01:00:00;0.63;1.8;3.7;5.7;20.0;26.0;;711.3;0.0;58.0;2.1;0.0;28.12;8.6;70.0
6001;2023-09-08 02:00:00;0.62;1.8;3.3;5.3;20.0;24.0;;711.4;0.0;60.0;2.1;0.0;27.54;9.4;72.0
6002;2023-09-08 03:00:00;0.62;1.8;3.5;5.5;19.0;32.0;;711.3;0.0;62.0;2.1;0.0;27.05;9.2;62.0
6003;2023-09-08 04:00:00;0.63;5.6;8.2;14.0;13.0;32.0;;711.1;0.0;66.0;2.1;0.0;26.41;6.1;43.0
6004;2023-09-08 05:00:00;0.64;2.3;5.8;8.3;14.0;36.0;;711.0;0.0;68.0;2.1;0.0;25.96;5.6;66.0
6005;2023-09-08 06:00:00;0.71;5.9;11.8;17.9;8.0;33.0;;711.2;0.0;70.0;2.1;0.0;25.7;5.3;355.0
6006;2023-09-08 07:00:00;1.06;7.0;12.7;20.0;8.0;44.0;;711.4;0.0;71.0;2.1;0.017;25.59;4.5;350.0
6007;2023-09-08 08:00:00;1.1;12.5;11.8;24.6;11.0;52.0;;711.3;0.0;66.0;2.1;0.144;27.27;4.3;278.0
6008;2023-09-08 09:00:00;1.0;13.2;13.5;27.0;16.0;43.0;;711.4;0.0;60.0;2.2;0.376;28.58;6.5;348.0
6009;2023-09-08 10:00:00;1.04;11.2;17.4;28.8;25.0;81.0;;711.8;0.0;55.0;2.1;0.304;30.16;7.7;37.0
6010;2023-09-08 11:00:00;0.94;11.6;20.7;32.5;30.0;93.0;;711.9;0.0;49.0;2.1;0.301;31.35;8.3;43.0
6011;2023-09-08 12:00:00;0.86;4.8;14.2;19.2;54.0;76.0;;711.5;0.0;42.0;2.0;0.833;32.99;9.2;59.0
6012;2023-09-08 13:00:00;0.8;3.3;10.0;13.4;;63.0;11.0;711.1;0.0;36.0;2.0;0.886;33.98;9.4;46.0
6013;2023-09-08 14:00:00;0.77;2.6;9.9;12.5;44.0;44.0;11.0;710.5;0.0;32.0;2.2;0.862;35.04;10.7;57.0
6014;2023-09-08 15:00:00;0.72;2.7;6.4;9.1;56.0;41.0;12.0;709.9;0.0;28.0;5.1;0.821;35.74;14.2;59.0
6015;2023-09-08 16:00:00;0.66;2.8;6.7;9.5;52.0;44.0;13.0;709.4;0.0;26.0;4.8;0.463;36.03;14.4;62.0
6016;2023-09-08 17:00:00;0.65;3.0;7.8;10.7;46.0;45.0;11.0;709.1;0.0;24.0;4.5;0.268;35.99;13.2;73.0
6017;2023-09-08 18:00:00;0.67;3.0;8.4;11.3;40.0;40.0;10.0;709.3;0.0;25.0;4.9;0.132;35.87;14.3;76.0
6018;2023-09-08 19:00:00;0.67;2.6;10.6;13.1;36.0;41.0;9.0;709.6;0.0;23.0;5.0;0.018;35.15;13.5;87.0
6019;2023-09-08 20:00:00;0.87;3.3;15.3;18.5;31.0;40.0;16.0;709.9;0.0;21.0;3.4;0.0;34.4;10.4;90.0
6020;2023-09-08 21:00:00;0.94;2.6;13.7;16.3;29.0;34.0;9.0;710.4;0.0;24.0;2.9;0.0;33.77;8.3;100.0
6021;2023-09-08 22:00:00;0.75;2.3;8.1;10.5;29.0;28.0;9.0;711.0;0.0;35.0;2.8;0.0;32.16;13.0;116.0
6022;2023-09-08 23:00:00;0.69;2.1;5.2;7.2;27.0;41.0;;711.4;0.0;43.0;2.4;0.0;30.59;13.4;124.0
6023;2023-09-09 00:00:00;0.69;2.0;4.4;6.4;24.0;40.0;;711.5;0.0;49.0;2.3;0.0;29.65;10.9;117.0
6024;2023-09-09 01:00:00;0.7;2.1;5.6;7.7;21.0;37.0;;711.5;0.0;52.0;2.2;0.0;28.8;10.2;81.0
6025;2023-09-09 02:00:00;0.71;2.1;5.8;7.9;16.0;36.0;;711.3;0.0;57.0;2.2;0.0;27.82;8.9;47.0
6026;2023-09-09 03:00:00;0.68;;4.4;6.5;15.0;34.0;;711.1;0.0;61.0;2.1;0.0;26.81;8.5;57.0
6027;2023-09-09 04:00:00;0.69;8.4;9.3;17.7;10.0;32.0;11.0;710.9;0.0;66.0;2.1;0.0;26.05;7.6;34.0
6028;2023-09-09 05:00:00;0.69;11.3;11.4;22.7;7.0;42.0;13.0;711.2;0.0;72.0;2.2;0.0;25.14;7.3;35.0
6029;2023-09-09 06:00:00;0.69;16.1;12.3;28.5;6.0;68.0;16.0;711.6;0.0;75.0;2.2;0.0;24.71;5.5;45.0
6030;2023-09-09 07:00:00;0.72;13.1;13.5;26.6;6.0;49.0;19.0;712.1;0.0;76.0;2.2;0.007;24.64;4.5;30.0
6031;2023-09-09 08:00:00;0.78;13.8;11.3;25.0;8.0;67.0;18.0;712.5;0.0;74.0;2.1;0.137;25.53;3.2;69.0
6032;2023-09-09 09:00:00;1.0;9.6;10.4;20.0;15.0;57.0;22.0;712.6;0.0;68.0;2.1;0.283;26.53;4.7;352.0
6033;2023-09-09 10:00:00;1.17;9.9;14.1;24.0;23.0;64.0;23.0;713.1;0.0;61.0;2.1;0.337;28.32;5.4;10.0
6034;2023-09-09 11:00:00;0.99;12.2;21.2;33.5;30.0;68.0;24.0;713.0;0.0;54.0;2.1;0.245;29.89;8.0;36.0
6035;2023-09-09 12:00:00;0.86;4.2;12.4;16.6;53.0;81.0;18.0;712.7;0.0;47.0;2.1;0.837;31.35;11.4;60.0
6036;2023-09-09 13:00:00;0.82;2.6;7.7;10.3;63.0;64.0;16.0;712.3;0.0;40.0;2.0;0.888;32.96;12.8;57.0
6037;2023-09-09 14:00:00;0.76;2.9;9.8;12.7;50.0;57.0;11.0;711.5;0.0;29.0;2.2;0.9;34.85;13.2;64.0
6038;2023-09-09 15:00:00;0.67;2.6;5.2;7.8;51.0;45.0;9.0;711.0;0.0;22.0;2.9;0.831;36.27;11.6;92.0
6039;2023-09-09 16:00:00;0.61;2.8;5.7;8.5;49.0;34.0;9.0;710.7;0.0;20.0;2.6;0.684;36.7;15.6;92.0
6040;2023-09-09 17:00:00;0.58;2.4;4.4;6.9;47.0;48.0;8.0;710.5;0.0;21.0;2.5;0.464;36.6;14.2;104.0
6041;2023-09-09 18:00:00;0.57;2.2;4.0;6.2;46.0;35.0;8.0;710.3;0.0;21.0;2.4;0.133;36.23;12.4;101.0
6042;2023-09-09 19:00:00;0.58;2.1;6.2;8.3;43.0;31.0;7.0;710.6;0.0;22.0;2.4;0.017;35.29;11.9;97.0
6043;2023-09-09 20:00:00;0.62;1.9;6.5;8.4;40.0;29.0;7.0;710.9;0.0;25.0;2.3;0.0;34.14;12.5;90.0
6044;2023-09-09 21:00:00;0.6;1.9;6.1;8.0;40.0;27.0;6.0;711.6;0.0;26.0;2.3;0.0;33.7;10.8;110.0
6045;2023-09-09 22:00:00;0.64;;6.8;8.7;34.0;28.0;8.0;712.1;0.0;33.0;2.4;0.0;32.59;10.1;133.0
6046;2023-09-09 23:00:00;0.65;;8.2;10.1;29.0;31.0;7.0;712.2;0.0;37.0;2.3;0.0;31.43;13.0;117.0
6047;2023-09-10 00:00:00;0.67;;7.2;9.1;28.0;30.0;7.0;712.3;0.0;41.0;2.3;0.0;30.52;8.2;120.0
6048;2023-09-10 01:00:00;0.68;;6.8;8.7;26.0;27.0;;712.4;0.0;44.0;2.2;0.0;29.65;5.7;85.0
6049;2023-09-10 02:00:00;0.67;;6.3;8.2;23.0;30.0;8.0;712.4;0.0;47.0;2.3;0.0;28.07;9.7;44.0
6050;2023-09-10 03:00:00;0.68;;6.5;8.5;19.0;34.0;7.0;712.3;0.0;51.0;2.3;0.0;27.28;6.7;32.0
6051;2023-09-10 04:00:00;0.67;2.7;7.5;10.3;16.0;32.0;7.0;712.1;0.0;56.0;2.3;0.0;26.53;6.9;39.0
6052;2023-09-10 05:00:00;0.68;13.9;14.3;28.2;8.0;32.0;9.0;712.4;0.0;59.0;2.7;0.0;25.87;6.5;38.0
6053;2023-09-10 06:00:00;0.72;11.7;15.8;27.5;7.0;54.0;11.0;712.5;0.0;60.0;3.4;0.0;25.45;3.9;41.0
6054;2023-09-10 07:00:00;0.79;7.5;15.7;23.2;7.0;54.0;12.0;712.6;0.0;61.0;2.9;0.012;25.33;1.5;26.0
6055;2023-09-10 08:00:00;0.94;8.6;13.0;21.7;13.0;57.0;10.0;712.8;0.0;56.0;3.0;0.127;27.11;2.1;40.0
6056;2023-09-10 09:00:00;1.12;11.0;14.7;25.7;18.0;45.0;11.0;713.1;0.0;53.0;3.4;0.34;27.91;4.3;2.0
6057;2023-09-10 10:00:00;1.39;8.2;15.7;23.9;30.0;46.0;13.0;713.2;0.0;47.0;4.0;0.296;29.79;3.8;8.0
6058;2023-09-10 11:00:00;1.12;12.6;23.5;36.1;31.0;56.0;15.0;713.3;0.0;43.0;4.7;0.225;30.98;7.7;24.0
6059;2023-09-10 12:00:00;0.83;8.1;17.5;25.6;46.0;67.0;12.0;713.1;0.0;38.0;5.3;0.834;32.53;10.0;49.0
6060;2023-09-10 13:00:00;0.73;2.4;5.8;8.2;62.0;51.0;10.0;712.4;0.0;30.0;4.2;0.899;34.45;12.2;61.0
6061;2023-09-10 14:00:00;0.65;2.5;4.8;7.2;58.0;36.0;9.0;711.8;0.0;22.0;3.1;0.893;36.11;12.8;56.0
6062;2023-09-10 15:00:00;0.59;2.4;3.8;6.1;55.0;31.0;7.0;711.1;0.0;18.0;2.5;0.823;37.03;13.8;69.0
6063;2023-09-10 16:00:00;0.57;2.3;3.7;6.1;55.0;30.0;7.0;710.6;0.0;16.0;2.4;0.678;37.48;13.6;71.0
6064;2023-09-10 17:00:00;0.56;2.3;4.2;6.5;55.0;28.0;8.0;710.4;0.0;15.0;2.6;0.457;37.64;13.3;76.0
6065;2023-09-10 18:00:00;0.54;2.2;4.4;6.6;53.0;31.0;6.0;710.5;0.0;14.0;2.4;0.133;37.14;13.6;93.0
6066;2023-09-10 19:00:00;0.55;2.0;6.2;8.3;49.0;29.0;6.0;710.7;0.0;15.0;2.4;0.017;36.09;10.5;101.0
6067;2023-09-10 20:00:00;0.64;2.1;10.6;12.7;42.0;28.0;10.0;711.0;0.0;18.0;2.3;0.0;34.73;9.9;75.0
6068;2023-09-10 21:00:00;0.68;1.9;10.4;12.3;41.0;38.0;11.0;711.6;0.0;21.0;2.3;0.0;33.82;7.8;95.0
6069;2023-09-10 22:00:00;0.66;1.9;6.7;8.6;43.0;33.0;14.0;712.0;0.0;25.0;2.8;0.0;33.14;9.0;112.0
6070;2023-09-10 23:00:00;0.68;;6.1;8.0;34.0;32.0;8.0;712.1;0.0;37.0;2.5;0.0;31.43;11.1;76.0
6071;2023-09-11 00:00:00;0.69;1.9;3.8;5.7;30.0;38.0;7.0;712.3;0.0;47.0;2.4;0.0;29.52;11.6;78.0
6072;2023-09-11 01:00:00;0.69;1.9;3.6;5.5;28.0;36.0;6.0;712.2;0.0;55.0;2.3;0.0;28.12;10.3;56.0
6073;2023-09-11 02:00:00;0.65;1.9;3.5;5.4;31.0;32.0;6.0;711.9;0.0;49.0;2.2;0.0;27.8;6.1;49.0
6074;2023-09-11 03:00:00;0.66;2.1;7.6;9.7;25.0;29.0;7.0;711.6;0.0;54.0;2.3;0.0;27.14;6.7;40.0
6075;2023-09-11 04:00:00;0.65;1.9;4.0;5.9;28.0;34.0;7.0;711.6;0.0;56.0;2.3;0.0;26.48;7.7;44.0
6076;2023-09-11 05:00:00;0.68;2.8;9.3;12.1;18.0;34.0;9.0;711.6;0.0;66.0;2.2;0.0;25.46;5.4;35.0
6077;2023-09-11 06:00:00;0.69;2.0;5.1;7.1;21.0;34.0;7.0;711.7;0.0;68.0;2.2;0.0;24.94;4.3;55.0
6078;2023-09-11 07:00:00;0.76;14.2;17.0;31.2;9.0;;10.0;712.1;0.0;72.0;2.2;0.011;24.74;3.4;30.0
6079;2023-09-11 08:00:00;0.89;22.7;18.4;41.1;8.0;44.0;13.0;712.6;0.0;72.0;2.3;0.103;25.63;4.3;57.0
6080;2023-09-11 09:00:00;1.09;15.5;18.3;33.8;15.0;83.0;17.0;712.7;0.0;67.0;2.3;0.304;27.12;2.3;62.0
6081;2023-09-11 10:00:00;1.17;15.7;24.8;40.4;23.0;77.0;21.0;712.7;0.0;58.0;2.1;0.278;28.81;5.6;54.0
6082;2023-09-11 11:00:00;1.0;9.9;21.4;31.3;38.0;94.0;18.0;712.6;0.0;51.0;2.1;0.229;30.09;7.2;44.0
6083;2023-09-11 12:00:00;0.9;4.2;14.1;18.3;57.0;67.0;13.0;712.1;0.0;41.0;2.2;0.833;32.01;8.0;47.0
6084;2023-09-11 13:00:00;0.78;2.9;7.4;10.4;58.0;57.0;10.0;711.4;0.0;32.0;2.9;0.898;33.95;9.7;50.0
6085;2023-09-11 14:00:00;0.72;3.4;7.5;10.9;54.0;42.0;11.0;710.7;0.0;27.0;2.8;0.884;35.33;13.3;59.0
6086;2023-09-11 15:00:00;0.68;3.0;6.6;9.6;52.0;38.0;9.0;710.2;0.0;23.0;2.5;0.808;36.05;15.0;64.0
6087;2023-09-11 16:00:00;0.66;2.9;6.5;9.4;53.0;45.0;9.0;709.8;0.0;22.0;2.8;0.661;36.29;15.7;72.0
6088;2023-09-11 17:00:00;0.66;3.0;7.0;9.9;50.0;45.0;;709.7;0.0;21.0;3.0;0.438;36.35;15.8;80.0
6089;2023-09-11 18:00:00;0.67;2.7;8.1;10.8;46.0;43.0;;709.7;0.0;22.0;3.2;0.117;35.94;13.9;85.0
6090;2023-09-11 19:00:00;0.7;2.3;11.1;13.4;40.0;40.0;;709.7;0.0;23.0;3.2;0.018;34.9;11.6;84.0
6091;2023-09-11 20:00:00;0.73;2.1;15.2;17.3;35.0;36.0;;710.1;0.0;24.0;2.7;0.0;33.81;12.2;76.0
6092;2023-09-11 21:00:00;0.67;1.9;10.4;12.3;38.0;42.0;8.0;710.5;0.0;25.0;2.5;0.0;33.05;7.9;113.0
6093;2023-09-11 22:00:00;0.63;1.8;8.3;10.1;40.0;34.0;7.0;710.7;0.0;28.0;2.4;0.0;32.42;8.9;120.0
6094;2023-09-11 23:00:00;0.66;1.9;5.8;7.7;36.0;35.0;7.0;710.7;0.0;42.0;2.4;0.0;30.84;10.4;112.0
6095;2023-09-12 00:00:00;0.68;1.9;4.7;6.6;33.0;36.0;;711.0;0.0;48.0;2.2;0.0;29.51;8.8;84.0
6096;2023-09-12 01:00:00;0.69;;3.7;5.6;30.0;39.0;;711.0;0.0;58.0;2.2;0.0;27.91;9.4;57.0
6097;2023-09-12 02:00:00;0.69;;3.4;5.3;34.0;34.0;;710.9;0.0;58.0;2.2;0.0;26.96;10.0;41.0
6098;2023-09-12 03:00:00;0.66;1.8;3.1;4.9;36.0;31.0;;710.7;0.0;57.0;2.2;0.0;26.34;7.3;40.0
6099;2023-09-12 04:00:00;0.65;1.8;3.1;4.9;34.0;32.0;;710.5;0.0;59.0;2.2;0.0;25.9;5.7;45.0
6100;2023-09-12 05:00:00;0.67;3.0;15.1;18.1;20.0;35.0;10.0;710.7;0.0;61.0;2.2;0.0;25.54;4.4;20.0
6101;2023-09-12 06:00:00;0.68;6.0;19.1;25.1;14.0;42.0;11.0;710.9;0.0;63.0;2.4;0.0;24.98;5.6;48.0
6102;2023-09-12 07:00:00;0.76;9.2;20.8;30.0;10.0;42.0;13.0;711.1;0.0;67.0;2.5;0.011;24.55;4.2;56.0
6103;2023-09-12 08:00:00;0.97;15.3;21.8;37.1;12.0;58.0;16.0;711.6;0.0;66.0;2.7;0.118;25.58;4.4;72.0
6104;2023-09-12 09:00:00;1.11;13.9;21.3;35.3;21.0;74.0;17.0;711.8;0.0;62.0;2.9;0.314;26.93;4.9;12.0
6105;2023-09-12 10:00:00;0.53;2.6;5.7;8.3;34.0;68.0;16.0;712.2;0.0;58.0;1.0;0.279;27.96;5.6;1.0
6106;2023-09-12 11:00:00;0.55;4.6;9.1;13.7;25.0;68.0;17.0;712.4;0.0;51.0;1.6;0.234;29.82;4.6;13.0
6107;2023-09-12 12:00:00;1.07;6.7;21.2;27.9;22.0;62.0;18.0;712.2;0.0;45.0;3.7;0.814;30.65;7.9;35.0
6108;2023-09-12 13:00:00;0.71;4.9;17.5;22.4;70.0;72.0;17.0;711.8;0.0;40.0;3.5;0.871;31.94;10.8;46.0
6109;2023-09-12 14:00:00;0.66;3.7;9.9;13.6;65.0;70.0;12.0;711.1;0.0;34.0;3.1;0.875;33.48;12.1;56.0
6110;2023-09-12 15:00:00;0.63;2.9;6.3;9.3;64.0;53.0;12.0;710.3;0.0;29.0;3.4;0.803;34.55;13.8;59.0
6111;2023-09-12 16:00:00;0.62;3.0;6.9;9.9;62.0;52.0;15.0;709.7;0.0;24.0;5.6;0.651;35.41;13.6;76.0
6112;2023-09-12 17:00:00;0.6;3.5;8.0;11.4;56.0;51.0;12.0;709.6;0.0;23.0;4.1;0.431;35.5;14.1;76.0
6113;2023-09-12 18:00:00;0.62;3.1;8.6;11.7;51.0;47.0;10.0;709.6;0.0;26.0;3.6;0.113;34.76;15.5;77.0
6114;2023-09-12 19:00:00;0.63;2.7;10.2;12.8;46.0;42.0;10.0;697.9;0.0;26.0;4.0;0.018;33.22;13.7;79.0
6115;2023-09-12 20:00:00;0.67;2.5;14.4;16.9;39.0;44.0;;710.1;0.0;29.0;3.3;0.0;32.92;11.4;79.0
6116;2023-09-12 21:00:00;0.67;2.3;14.3;16.6;38.0;42.0;11.0;710.5;0.0;29.0;2.8;0.0;32.46;7.8;85.0
6117;2023-09-12 22:00:00;0.62;2.2;7.3;9.5;39.0;43.0;10.0;711.1;0.0;39.0;2.5;0.0;31.28;10.4;127.0
6118;2023-09-12 23:00:00;0.64;2.5;6.4;8.9;34.0;48.0;10.0;711.5;0.0;49.0;2.2;0.0;29.71;12.0;74.0
6119;2023-09-13 00:00:00;0.62;2.2;4.1;6.3;34.0;46.0;;711.6;0.0;54.0;2.1;0.0;28.46;13.7;63.0
6120;2023-09-13 01:00:00;0.61;2.2;3.3;5.4;35.0;40.0;9.0;711.6;0.0;56.0;2.1;0.0;27.78;9.7;64.0
6121;2023-09-13 02:00:00;0.59;2.1;3.3;5.4;34.0;43.0;9.0;711.5;0.0;57.0;2.1;0.0;27.32;8.3;76.0
6122;2023-09-13 03:00:00;0.59;2.3;6.4;8.7;28.0;40.0;10.0;711.4;0.0;60.0;2.1;0.0;26.38;7.5;38.0
6123;2023-09-13 04:00:00;0.59;2.1;3.6;5.7;30.0;45.0;11.0;711.3;0.0;63.0;2.1;0.0;25.72;7.5;43.0
6124;2023-09-13 05:00:00;0.6;6.6;18.9;25.5;13.0;46.0;14.0;711.3;0.0;65.0;2.1;0.0;25.36;5.8;37.0
6125;2023-09-13 06:00:00;0.62;9.0;17.9;26.9;13.0;63.0;13.0;711.2;0.0;68.0;2.3;0.0;24.99;5.6;44.0
6126;2023-09-13 07:00:00;0.67;12.8;17.4;30.2;13.0;;;;;;2.4;;24.57;6.4;46.0
6127;2023-09-13 08:00:00;;;;;;;;;;;;;;;
6128;2023-09-13 09:00:00;1.17;16.4;20.8;37.2;21.0;68.0;17.0;711.9;0.0;62.0;2.3;0.299;27.19;3.8;6.0
6129;2023-09-13 10:00:00;1.27;13.3;22.8;36.2;29.0;74.0;17.0;712.2;0.0;56.0;2.3;0.262;28.75;4.2;30.0
6130;2023-09-13 11:00:00;1.11;9.6;21.5;31.1;42.0;77.0;;712.1;0.0;49.0;2.3;0.24;30.24;5.2;19.0
6131;2023-09-13 12:00:00;0.91;7.5;20.7;28.3;56.0;81.0;18.0;711.5;0.0;43.0;2.5;0.802;31.45;7.3;41.0
6132;2023-09-13 13:00:00;0.78;5.5;16.8;22.2;61.0;77.0;16.0;710.9;0.0;39.0;2.8;0.819;32.36;11.1;56.0
6133;2023-09-13 14:00:00;0.73;3.0;8.9;11.9;77.0;70.0;15.0;710.0;0.0;35.0;3.1;0.855;33.62;10.9;62.0
6134;2023-09-13 15:00:00;0.7;3.1;7.5;10.6;63.0;53.0;14.0;709.1;0.0;31.0;4.6;0.784;34.71;13.6;60.0
6135;2023-09-13 16:00:00;0.65;3.1;6.6;9.7;52.0;51.0;11.0;708.7;0.0;30.0;3.4;0.492;34.95;12.7;81.0
6136;2023-09-13 17:00:00;0.66;3.2;9.0;12.2;45.0;47.0;11.0;708.3;0.0;29.0;2.8;0.141;34.43;10.9;97.0
6137;2023-09-13 18:00:00;0.64;3.3;8.5;11.8;44.0;45.0;10.0;708.1;0.0;28.0;2.6;0.152;34.88;12.5;77.0
6138;2023-09-13 19:00:00;0.64;2.9;11.0;13.9;40.0;42.0;10.0;708.1;0.0;26.0;2.6;0.017;33.95;13.0;79.0
6139;2023-09-13 20:00:00;0.63;2.5;12.6;15.1;38.0;42.0;9.0;708.4;0.0;24.0;2.6;0.0;33.26;10.4;79.0
6140;2023-09-13 21:00:00;0.62;2.5;12.5;15.0;36.0;36.0;9.0;708.9;0.0;26.0;2.3;0.0;32.51;6.5;118.0
6141;2023-09-13 22:00:00;0.6;2.4;7.5;9.9;34.0;30.0;11.0;709.6;0.0;37.0;2.2;0.0;30.86;12.7;76.0
6142;2023-09-13 23:00:00;0.61;2.3;5.3;7.6;29.0;52.0;10.0;710.1;0.0;47.0;2.2;0.0;29.32;11.0;74.0
6143;2023-09-14 00:00:00;0.6;2.2;4.6;6.8;28.0;45.0;10.0;710.3;0.0;52.0;2.2;0.0;28.16;8.1;67.0
6144;2023-09-14 01:00:00;0.6;2.2;4.8;7.1;27.0;39.0;19.0;710.4;0.0;58.0;2.1;0.0;27.06;10.9;57.0
6145;2023-09-14 02:00:00;0.6;;3.7;5.9;26.0;46.0;10.0;710.4;0.0;62.0;2.1;0.0;26.31;10.6;47.0
6146;2023-09-14 03:00:00;0.59;2.1;2.8;5.0;26.0;37.0;10.0;710.5;0.0;65.0;2.1;0.0;25.69;9.0;54.0
6147;2023-09-14 04:00:00;0.63;2.4;9.6;12.0;19.0;39.0;13.0;710.4;0.0;68.0;2.1;0.0;25.29;5.3;16.0
6148;2023-09-14 05:00:00;0.63;4.8;14.4;19.2;13.0;44.0;13.0;710.3;0.0;69.0;2.1;0.0;25.04;4.4;65.0
6149;2023-09-14 06:00:00;0.68;8.9;17.7;26.6;10.0;48.0;16.0;710.4;0.0;70.0;2.2;0.0;24.76;1.9;11.0
6150;2023-09-14 07:00:00;0.83;6.2;15.6;21.7;12.0;61.0;15.0;710.4;0.0;71.0;2.2;0.01;24.61;1.4;308.0
6151;2023-09-14 08:00:00;0.82;9.8;15.1;24.9;15.0;62.0;15.0;710.6;0.0;66.0;2.2;0.112;26.32;3.0;12.0
6152;2023-09-14 09:00:00;0.87;13.1;16.1;29.2;19.0;59.0;18.0;710.6;0.0;60.0;2.2;0.287;27.7;4.9;15.0
6153;2023-09-14 10:00:00;0.92;13.3;21.9;35.1;28.0;84.0;21.0;710.6;0.0;53.0;2.4;0.259;29.47;4.0;2.0
6154;2023-09-14 11:00:00;1.12;17.0;39.2;56.2;37.0;90.0;29.0;710.6;0.0;48.0;2.5;0.261;30.89;4.2;46.0
6155;2023-09-14 12:00:00;1.11;8.9;35.8;44.8;63.0;118.0;30.0;710.2;0.0;41.0;2.8;0.788;32.33;6.0;71.0
6156;2023-09-14 13:00:00;0.92;4.0;20.2;24.2;97.0;112.0;23.0;709.7;0.0;35.0;3.8;0.855;33.57;8.3;62.0
6157;2023-09-14 14:00:00;0.8;3.4;13.6;17.0;90.0;83.0;18.0;709.2;0.0;33.0;3.3;0.864;34.56;9.9;55.0
6158;2023-09-14 15:00:00;0.77;2.9;10.1;12.9;87.0;69.0;16.0;708.8;0.0;30.0;4.1;0.81;35.66;11.3;68.0
6159;2023-09-14 16:00:00;0.73;2.8;8.2;10.9;74.0;62.0;14.0;708.3;0.0;29.0;4.6;0.682;36.13;11.0;120.0
6160;2023-09-14 17:00:00;0.7;3.1;8.5;11.6;63.0;54.0;13.0;708.1;0.0;30.0;3.8;0.339;35.48;10.3;135.0
6161;2023-09-14 18:00:00;0.67;3.1;8.7;11.7;52.0;52.0;12.0;708.1;0.0;29.0;3.0;0.102;35.26;10.0;134.0
6162;2023-09-14 19:00:00;0.68;2.6;11.0;13.6;46.0;48.0;12.0;708.1;0.0;31.0;2.6;0.018;34.13;8.5;121.0
6163;2023-09-14 20:00:00;0.74;2.3;16.8;19.2;39.0;40.0;;708.4;0.0;31.0;2.5;0.0;33.38;6.9;117.0
6164;2023-09-14 21:00:00;0.71;2.5;15.4;17.8;37.0;40.0;;709.0;0.0;31.0;2.4;0.0;32.92;5.0;109.0
6165;2023-09-14 22:00:00;0.68;2.3;12.3;14.7;33.0;37.0;13.0;709.5;0.0;32.0;2.5;0.0;32.51;6.6;105.0
6166;2023-09-14 23:00:00;0.65;2.3;6.1;8.4;28.0;47.0;11.0;709.8;0.0;46.0;2.2;0.0;30.64;9.3;99.0
6167;2023-09-15 00:00:00;0.65;;5.1;7.4;25.0;49.0;11.0;710.0;0.0;53.0;2.1;0.0;29.3;10.3;78.0
6168;2023-09-15 01:00:00;0.65;2.2;5.2;7.4;24.0;51.0;12.0;709.9;0.0;57.0;2.1;0.0;28.34;9.0;56.0
6169;2023-09-15 02:00:00;0.65;2.4;5.7;8.1;23.0;47.0;14.0;709.8;0.0;60.0;2.0;0.0;27.63;9.7;44.0
6170;2023-09-15 03:00:00;0.63;2.2;4.8;7.0;24.0;46.0;15.0;709.8;0.0;62.0;2.1;0.0;26.84;8.3;35.0
6171;2023-09-15 04:00:00;0.62;2.2;3.9;6.1;24.0;48.0;14.0;710.1;0.0;65.0;2.0;0.0;26.13;7.9;49.0
6172;2023-09-15 05:00:00;0.61;2.3;5.1;7.4;22.0;44.0;13.0;710.2;0.0;67.0;2.0;0.0;25.54;5.5;45.0
6173;2023-09-15 06:00:00;0.63;8.6;13.4;22.0;13.0;40.0;14.0;710.3;0.0;68.0;2.0;0.0;25.3;4.6;41.0
6174;2023-09-15 07:00:00;0.71;11.0;17.4;28.4;10.0;50.0;17.0;710.6;0.0;69.0;2.1;0.01;25.2;3.6;52.0
6175;2023-09-15 08:00:00;0.88;18.2;17.2;35.3;12.0;57.0;17.0;710.8;0.0;65.0;2.2;0.11;26.34;3.9;31.0
6176;2023-09-15 09:00:00;0.96;19.0;19.7;38.7;17.0;60.0;18.0;711.0;0.0;60.0;2.2;0.272;27.86;2.9;5.0
6177;2023-09-15 10:00:00;1.05;13.3;23.5;36.8;29.0;77.0;20.0;711.0;0.0;54.0;2.1;0.252;29.81;2.7;13.0
6178;2023-09-15 11:00:00;1.1;11.4;30.3;41.8;43.0;82.0;24.0;711.1;0.0;47.0;2.1;0.252;31.45;4.5;39.0
6179;2023-09-15 12:00:00;1.18;8.6;33.6;42.2;64.0;111.0;33.0;710.8;0.0;42.0;2.1;0.761;32.56;7.8;45.0
6180;2023-09-15 13:00:00;0.94;4.0;18.0;22.0;84.0;125.0;25.0;710.4;0.0;37.0;2.5;0.84;33.52;10.0;65.0
6181;2023-09-15 14:00:00;0.8;4.4;14.2;18.6;59.0;90.0;16.0;709.8;0.0;33.0;3.3;0.439;34.4;10.7;52.0
6182;2023-09-15 15:00:00;0.79;3.0;11.3;14.3;50.0;57.0;16.0;709.5;0.0;33.0;4.0;0.113;33.67;11.9;75.0
6183;2023-09-15 16:00:00;0.74;3.5;10.0;13.6;43.0;54.0;14.0;708.9;0.0;32.0;3.6;0.213;33.98;11.4;78.0
6184;2023-09-15 17:00:00;0.72;4.0;8.9;12.8;44.0;45.0;15.0;708.7;0.0;32.0;3.1;0.408;34.73;13.6;84.0
6185;2023-09-15 18:00:00;0.69;3.7;10.1;13.8;41.0;77.0;12.0;709.2;0.0;37.0;2.8;0.16;31.71;13.2;119.0
6186;2023-09-15 19:00:00;0.74;2.9;15.6;18.5;31.0;58.0;11.0;709.6;0.0;35.0;2.5;0.013;31.69;8.1;112.0
6187;2023-09-15 20:00:00;0.83;3.9;20.9;24.8;22.0;43.0;17.0;710.0;0.0;34.0;2.5;0.0;32.2;4.8;119.0
6188;2023-09-15 21:00:00;1.06;8.0;29.1;37.2;13.0;39.0;17.0;710.2;0.0;34.0;2.5;0.0;32.17;2.8;111.0
6189;2023-09-15 22:00:00;1.09;5.0;18.2;23.2;22.0;51.0;20.0;710.4;0.0;37.0;2.4;0.0;31.33;7.9;111.0
6190;2023-09-15 23:00:00;0.86;3.3;6.7;10.0;29.0;54.0;10.0;710.6;0.0;48.0;2.2;0.0;29.37;11.1;89.0
6191;2023-09-16 00:00:00;0.8;2.9;6.4;9.4;24.0;42.0;10.0;711.0;0.0;56.0;2.2;0.0;28.5;8.5;65.0
6192;2023-09-16 01:00:00;0.77;2.8;6.3;9.2;20.0;40.0;;711.7;0.0;64.0;2.1;0.0;27.23;13.4;53.0
6193;2023-09-16 02:00:00;0.89;2.4;6.5;8.9;24.0;34.0;9.0;712.0;0.0;73.0;2.1;0.0;24.62;13.4;17.0
6194;2023-09-16 03:00:00;0.68;2.9;8.7;11.6;26.0;58.0;5.0;712.8;0.0;81.0;2.0;0.0;22.2;11.0;52.0
6195;2023-09-16 04:00:00;0.67;2.5;6.0;8.5;32.0;32.0;3.0;713.3;0.0;82.0;1.9;0.0;21.29;10.2;78.0
6196;2023-09-16 05:00:00;0.65;2.3;2.9;5.2;33.0;25.0;3.0;713.3;0.0;78.0;2.0;0.0;21.86;9.5;94.0
6197;2023-09-16 06:00:00;0.63;2.3;3.1;5.4;34.0;20.0;2.0;713.3;0.0;76.0;2.0;0.0;22.04;9.1;105.0
6198;2023-09-16 07:00:00;0.61;;4.4;6.7;34.0;20.0;3.0;713.4;0.0;72.0;2.0;0.002;22.35;10.7;117.0
6199;2023-09-16 08:00:00;0.61;2.5;4.6;7.0;36.0;21.0;4.0;713.0;0.0;72.0;2.0;0.04;22.33;9.6;110.0
6200;2023-09-16 09:00:00;0.64;4.0;8.3;12.2;32.0;23.0;4.0;712.2;0.0;62.0;2.0;0.257;24.68;3.0;183.0
6201;2023-09-16 10:00:00;0.66;4.7;8.7;13.4;36.0;25.0;5.0;712.0;0.0;55.0;2.1;0.303;26.29;6.0;314.0
6202;2023-09-16 11:00:00;0.62;4.2;7.6;11.8;45.0;27.0;5.0;711.8;0.0;45.0;2.2;0.236;28.7;7.5;349.0
6203;2023-09-16 12:00:00;0.77;5.3;12.7;18.0;51.0;34.0;8.0;711.7;0.0;41.0;2.3;0.677;30.41;6.4;12.0
6204;2023-09-16 13:00:00;0.83;6.2;18.2;24.4;58.0;44.0;12.0;711.5;0.0;40.0;2.5;0.776;31.46;6.8;39.0
6205;2023-09-16 14:00:00;0.72;4.2;15.6;19.8;70.0;57.0;11.0;711.2;0.0;37.0;2.9;0.605;31.92;9.1;58.0
6206;2023-09-16 15:00:00;0.7;2.7;9.0;11.7;69.0;49.0;7.0;710.5;0.0;40.0;2.8;0.262;31.0;13.7;67.0
6207;2023-09-16 16:00:00;0.7;2.7;8.2;10.9;56.0;42.0;7.0;710.4;0.0;45.0;2.6;0.173;30.12;14.1;70.0
6208;2023-09-16 17:00:00;0.72;2.5;8.5;11.1;54.0;38.0;;710.7;0.0;49.0;2.3;0.098;29.59;10.7;69.0
6209;2023-09-16 18:00:00;0.71;2.5;9.0;11.5;46.0;35.0;;711.1;0.0;51.0;2.2;0.04;28.84;11.6;69.0
6210;2023-09-16 19:00:00;0.71;2.2;9.0;11.2;45.0;28.0;;711.5;0.0;49.0;2.2;0.006;28.51;9.7;74.0
6211;2023-09-16 20:00:00;0.76;2.4;13.0;15.4;36.0;32.0;8.0;712.3;0.0;55.0;2.2;0.0;27.56;6.6;73.0
6212;2023-09-16 21:00:00;0.81;2.2;12.7;14.9;33.0;36.0;9.0;713.1;0.0;57.0;2.1;0.0;27.13;4.5;68.0
6213;2023-09-16 22:00:00;0.74;2.3;9.9;12.2;33.0;37.0;8.0;713.2;0.0;56.0;2.2;0.0;26.93;0.7;17.0
6214;2023-09-16 23:00:00;0.8;2.8;18.8;21.6;21.0;29.0;9.0;713.2;0.0;60.0;2.1;0.0;26.72;2.2;106.0
6215;2023-09-17 00:00:00;0.68;2.3;7.8;10.1;29.0;35.0;8.0;713.5;0.0;65.0;2.0;0.0;25.64;13.4;72.0
6216;2023-09-17 01:00:00;0.65;2.2;4.6;6.7;34.0;27.0;6.0;713.1;0.0;72.0;2.1;0.0;23.8;7.1;95.0
6217;2023-09-17 02:00:00;0.62;2.2;3.9;6.1;37.0;24.0;5.0;712.6;0.0;68.0;2.0;0.0;23.66;1.7;108.0
6218;2023-09-17 03:00:00;0.69;4.8;14.3;19.1;20.0;21.0;13.0;712.9;0.0;74.0;2.0;0.0;23.65;7.0;81.0
6219;2023-09-17 04:00:00;0.79;5.6;21.5;27.1;10.0;56.0;23.0;712.9;0.0;80.0;2.0;0.0;23.01;1.4;44.0
6220;2023-09-17 05:00:00;0.82;5.2;21.7;26.9;9.0;83.0;20.0;712.7;0.0;80.0;2.0;0.0;23.2;3.9;81.0
6221;2023-09-17 06:00:00;0.87;9.3;22.2;31.5;9.0;68.0;21.0;712.8;0.0;79.0;2.0;0.0;23.13;1.5;23.0
6222;2023-09-17 07:00:00;0.99;5.0;20.8;25.8;10.0;84.0;21.0;713.0;0.0;79.0;2.1;0.003;23.11;0.4;342.0
6223;2023-09-17 08:00:00;0.81;4.1;14.6;18.7;16.0;73.0;16.0;713.4;0.0;77.0;1.9;0.043;23.59;3.5;307.0
6224;2023-09-17 09:00:00;0.8;7.6;13.3;20.9;22.0;54.0;16.0;713.7;0.0;67.0;1.9;0.279;25.97;2.5;348.0
6225;2023-09-17 10:00:00;0.83;4.4;10.3;14.7;34.0;49.0;12.0;714.0;0.0;60.0;1.9;0.24;26.72;3.3;31.0
6226;2023-09-17 11:00:00;0.8;7.6;15.5;23.0;35.0;44.0;15.0;714.1;0.0;55.0;2.1;0.329;28.11;5.2;27.0
6227;2023-09-17 12:00:00;0.67;4.5;9.5;14.1;48.0;49.0;9.0;713.8;0.0;50.0;2.1;0.717;29.2;5.0;49.0
6228;2023-09-17 13:00:00;0.64;3.7;7.4;11.2;55.0;34.0;9.0;713.3;0.0;42.0;2.5;0.889;30.79;5.7;81.0
6229;2023-09-17 14:00:00;0.6;2.8;4.9;7.7;63.0;30.0;7.0;712.7;0.0;38.0;2.4;0.956;31.52;10.1;65.0
6230;2023-09-17 15:00:00;0.59;2.8;5.5;8.3;63.0;28.0;6.0;712.1;0.0;36.0;2.5;0.636;31.68;12.3;62.0
6231;2023-09-17 16:00:00;0.6;2.6;5.8;8.4;56.0;31.0;6.0;711.8;0.0;41.0;2.2;0.148;30.45;12.4;58.0
6232;2023-09-17 17:00:00;0.65;3.0;9.3;12.3;40.0;35.0;7.0;711.9;0.0;47.0;2.2;0.109;29.13;1.4;89.0
6233;2023-09-17 18:00:00;0.62;2.2;4.6;6.8;43.0;29.0;7.0;712.6;0.0;66.0;2.1;0.012;24.65;2.1;191.0
6234;2023-09-17 19:00:00;;;;;;;;;;;;0.0;;;
6235;2023-09-17 20:00:00;;;;;;;;;;;;0.0;;;
6236;2023-09-17 21:00:00;;;;;;;;;;;;0.0;;;
6237;2023-09-17 22:00:00;;;;;;;;;;;;0.0;;;
6238;2023-09-17 23:00:00;;;;;;;;;;;;0.0;;;
6239;2023-09-18 00:00:00;;;;;;;;;;;;;;;
6240;2023-09-18 01:00:00;;;;;;;;;;;;;;;
6241;2023-09-18 02:00:00;;;;;;;;;;;;;;;
6242;2023-09-18 03:00:00;;;;;;;;;;;;;;;
6243;2023-09-18 04:00:00;;;;;;;;;;;;;;;
6244;2023-09-18 05:00:00;;;;;;;;;;;;;;;
6245;2023-09-18 06:00:00;;;;;;;;;;;;;;;
6246;2023-09-18 07:00:00;;;;;;;;;;;;;;;
6247;2023-09-18 08:00:00;;;;;;;;;;;;;;;
6248;2023-09-18 09:00:00;0.71;12.9;19.4;32.2;24.0;51.0;12.0;713.5;0.0;62.0;2.3;0.211;26.37;2.7;321.0
6249;2023-09-18 10:00:00;0.84;18.8;29.6;48.4;29.0;50.0;20.0;713.6;0.0;58.0;2.7;0.268;27.1;5.6;30.0
6250;2023-09-18 11:00:00;0.78;8.4;22.3;30.7;51.0;69.0;19.0;713.5;0.0;52.0;3.0;0.315;28.18;6.5;51.0
6251;2023-09-18 12:00:00;0.58;3.5;10.0;13.6;70.0;59.0;11.0;713.2;0.0;46.0;2.8;0.766;29.07;9.1;62.0
6252;2023-09-18 13:00:00;0.55;3.1;8.7;11.8;77.0;44.0;11.0;712.7;0.0;44.0;2.5;0.864;29.77;9.9;61.0
6253;2023-09-18 14:00:00;0.5;3.0;7.8;10.8;77.0;44.0;10.0;712.0;0.0;39.0;2.7;0.838;30.72;9.2;59.0
6254;2023-09-18 15:00:00;0.5;3.0;8.2;11.2;77.0;40.0;12.0;711.3;0.0;36.0;3.3;0.796;31.48;10.1;68.0
6255;2023-09-18 16:00:00;0.46;2.9;6.7;9.6;72.0;42.0;12.0;711.0;0.0;34.0;3.3;0.657;31.88;10.6;91.0
6256;2023-09-18 17:00:00;0.46;2.9;7.4;10.2;68.0;39.0;;710.8;0.0;34.0;3.4;0.39;31.61;12.3;101.0
6257;2023-09-18 18:00:00;0.46;;7.9;10.8;62.0;39.0;8.0;710.8;0.0;37.0;2.6;0.133;31.14;11.3;123.0
6258;2023-09-18 19:00:00;0.5;2.8;11.0;13.7;54.0;36.0;8.0;711.0;0.0;41.0;2.3;0.017;29.43;9.8;126.0
6259;2023-09-18 20:00:00;0.54;2.5;14.4;16.9;48.0;34.0;9.0;711.3;0.0;45.0;2.2;0.001;28.23;9.5;113.0
6260;2023-09-18 21:00:00;0.51;2.4;14.7;17.1;47.0;32.0;9.0;711.5;0.0;47.0;2.1;0.001;27.72;7.7;100.0
6261;2023-09-18 22:00:00;0.49;2.6;10.0;12.6;49.0;29.0;;711.8;0.0;51.0;2.0;0.001;27.0;7.2;119.0
6262;2023-09-18 23:00:00;0.49;2.4;10.1;12.5;48.0;28.0;8.0;711.6;0.0;52.0;2.1;0.001;26.57;7.7;114.0
6263;2023-09-19 00:00:00;0.45;2.3;5.3;7.7;49.0;31.0;8.0;711.6;0.0;58.0;2.0;0.001;25.48;9.7;104.0
6264;2023-09-19 01:00:00;0.47;2.3;6.1;8.4;43.0;35.0;;711.6;0.0;64.0;1.9;0.001;24.9;8.4;48.0
6265;2023-09-19 02:00:00;0.48;;6.8;9.1;38.0;33.0;9.0;711.4;0.0;71.0;2.0;0.001;24.08;5.9;45.0
6266;2023-09-19 03:00:00;0.5;2.6;17.1;19.7;25.0;35.0;11.0;711.3;0.0;73.0;1.9;0.001;23.84;5.1;24.0
6267;2023-09-19 04:00:00;0.48;2.6;6.7;9.3;34.0;38.0;10.0;711.1;0.0;74.0;2.0;0.001;23.37;2.4;36.0
6268;2023-09-19 05:00:00;0.48;2.9;9.6;12.5;28.0;38.0;10.0;711.0;0.0;74.0;2.0;0.001;23.04;1.5;329.0
6269;2023-09-19 06:00:00;0.49;2.8;12.1;14.9;24.0;40.0;;711.1;0.0;73.0;2.1;0.001;22.94;1.4;115.0
6270;2023-09-19 07:00:00;0.66;7.4;21.8;29.2;13.0;37.0;12.0;711.3;0.0;74.0;2.0;0.009;22.94;1.5;107.0
6271;2023-09-19 08:00:00;0.72;11.6;21.5;33.1;16.0;49.0;13.0;711.3;0.0;71.0;2.0;0.111;24.27;3.0;135.0
6272;2023-09-19 09:00:00;0.68;13.4;21.0;34.4;25.0;48.0;16.0;711.5;0.0;61.0;2.1;0.284;26.44;3.4;4.0
6273;2023-09-19 10:00:00;0.86;19.9;31.8;51.8;29.0;50.0;25.0;711.6;0.0;60.0;2.4;0.26;27.01;5.9;15.0
6274;2023-09-19 11:00:00;0.81;9.0;23.5;32.5;50.0;81.0;23.0;711.5;0.0;54.0;2.5;0.311;28.09;7.9;38.0
6275;2023-09-19 12:00:00;0.59;3.8;10.3;14.1;66.0;63.0;12.0;711.2;0.0;47.0;2.4;0.82;29.22;8.3;46.0
6276;2023-09-19 13:00:00;0.56;3.5;9.7;13.2;71.0;49.0;11.0;710.7;0.0;43.0;2.6;0.882;30.63;8.7;40.0
6277;2023-09-19 14:00:00;0.53;3.3;8.1;11.4;68.0;39.0;9.0;710.2;0.0;40.0;2.5;0.877;31.41;9.5;69.0
6278;2023-09-19 15:00:00;0.51;3.1;7.1;10.2;68.0;35.0;8.0;709.6;0.0;37.0;2.2;0.789;32.09;8.9;59.0
6279;2023-09-19 16:00:00;0.52;3.3;7.8;11.1;67.0;33.0;9.0;709.1;0.0;36.0;2.2;0.641;32.65;11.3;51.0
6280;2023-09-19 17:00:00;;;;;;;;;;;;0.0;;;
6281;2023-09-19 18:00:00;;;;;;;;;;;;0.0;;;
6282;2023-09-19 19:00:00;;;;;;;;;;;;0.0;;;
6283;2023-09-19 20:00:00;;;;;;;;;;;;0.0;;;
6284;2023-09-19 21:00:00;;;;;;;;;;;;0.0;;;
6285;2023-09-19 22:00:00;;;;;;;;;;;;0.0;;;
6286;2023-09-19 23:00:00;;;;;;;;;;;;0.0;;;
6287;2023-09-20 00:00:00;;;;;;;;;;;;0.0;;;
6288;2023-09-20 01:00:00;;;;;;;;;;;;0.0;;;
6289;2023-09-20 02:00:00;;;;;;;;;;;;0.0;;;
6290;2023-09-20 03:00:00;;;;;;;;;;;;0.0;;;
6291;2023-09-20 04:00:00;;;;;;;;;;;;0.0;;;
6292;2023-09-20 05:00:00;;;;;;;;;;;;0.0;;;
6293;2023-09-20 06:00:00;;;;;;;;;;;;0.0;;;
6294;2023-09-20 07:00:00;;;;;;;;;;;;0.0;;;
6295;2023-09-20 08:00:00;;;;;;;;;;;;0.0;;;
6296;2023-09-20 09:00:00;0.84;14.9;21.3;36.2;23.0;61.0;19.0;710.6;0.0;65.0;2.5;0.285;25.99;3.6;33.0
6297;2023-09-20 10:00:00;0.82;10.4;21.7;32.1;37.0;70.0;21.0;710.7;0.0;55.0;2.6;0.249;27.85;4.0;22.0
6298;2023-09-20 11:00:00;1.0;15.8;40.1;55.9;44.0;83.0;30.0;710.8;0.0;48.0;2.9;0.293;29.55;3.9;59.0
6299;2023-09-20 12:00:00;0.97;7.2;30.3;37.5;74.0;123.0;32.0;710.6;0.0;45.0;3.6;0.819;30.5;6.9;59.0
6300;2023-09-20 13:00:00;0.8;6.2;25.6;31.7;78.0;101.0;23.0;710.0;0.0;40.0;3.4;0.889;31.74;8.9;57.0
6301;2023-09-20 14:00:00;0.72;4.4;19.1;23.6;91.0;74.0;19.0;709.4;0.0;36.0;4.2;0.876;32.95;9.4;46.0
6302;2023-09-20 15:00:00;0.69;2.9;12.7;15.6;106.0;65.0;19.0;708.8;0.0;33.0;5.9;0.783;33.8;10.7;63.0
6303;2023-09-20 16:00:00;0.62;3.0;10.9;13.9;92.0;60.0;16.0;708.4;0.0;32.0;6.8;0.635;34.19;11.5;46.0
6304;2023-09-20 17:00:00;0.59;3.0;10.2;13.3;76.0;54.0;12.0;708.3;0.0;30.0;4.5;0.371;34.64;11.4;74.0
6305;2023-09-20 18:00:00;0.57;2.9;11.2;14.1;66.0;46.0;10.0;708.4;0.0;28.0;3.1;0.098;34.6;9.8;90.0
6306;2023-09-20 19:00:00;0.61;2.5;13.7;16.2;53.0;38.0;9.0;708.5;0.0;32.0;2.6;0.011;32.87;9.5;94.0
6307;2023-09-20 20:00:00;0.63;2.4;19.2;21.6;42.0;39.0;9.0;708.8;0.0;36.0;2.4;0.001;31.68;7.8;111.0
6308;2023-09-20 21:00:00;0.57;2.4;14.8;17.2;42.0;39.0;;709.2;0.0;39.0;2.2;0.001;30.73;8.3;113.0
6309;2023-09-20 22:00:00;0.54;2.3;10.0;12.3;47.0;33.0;;709.6;0.0;39.0;2.2;0.001;30.07;7.1;115.0
6310;2023-09-20 23:00:00;0.53;2.4;12.9;15.3;42.0;35.0;;709.8;0.0;40.0;2.2;0.001;29.62;6.0;82.0
6311;2023-09-21 00:00:00;0.57;2.3;11.7;14.1;36.0;37.0;11.0;709.7;0.0;48.0;2.4;0.001;27.78;3.7;61.0
6312;2023-09-21 01:00:00;0.55;2.4;9.9;12.2;31.0;39.0;9.0;709.7;0.0;55.0;2.2;0.001;26.89;3.2;24.0
6313;2023-09-21 02:00:00;0.54;2.3;8.8;11.1;29.0;32.0;8.0;709.6;0.0;60.0;2.1;0.001;26.18;4.5;18.0
6314;2023-09-21 03:00:00;0.56;3.3;14.4;17.7;19.0;35.0;9.0;709.6;0.0;66.0;2.0;0.001;25.34;5.2;36.0
6315;2023-09-21 04:00:00;0.56;4.9;17.4;22.3;13.0;45.0;12.0;709.7;0.0;72.0;2.0;0.001;24.49;5.2;64.0
6316;2023-09-21 05:00:00;0.57;8.4;19.0;27.3;11.0;49.0;13.0;710.0;0.0;74.0;2.2;0.001;24.01;3.9;60.0
6317;2023-09-21 06:00:00;0.6;3.7;18.1;21.8;11.0;53.0;12.0;710.5;0.0;76.0;2.2;0.001;23.58;2.4;60.0
6318;2023-09-21 07:00:00;0.7;11.1;20.7;31.8;9.0;51.0;13.0;711.0;0.0;77.0;2.2;0.008;23.61;3.1;6.0
6319;2023-09-21 08:00:00;0.84;12.6;19.1;31.7;12.0;54.0;15.0;711.4;0.0;76.0;2.4;0.049;23.97;4.0;8.0
6320;2023-09-21 09:00:00;0.85;11.3;18.4;29.7;18.0;57.0;22.0;711.8;0.0;72.0;2.5;0.151;25.17;1.4;24.0
6321;2023-09-21 10:00:00;0.99;23.0;29.0;52.0;23.0;56.0;27.0;712.0;0.0;60.0;2.8;0.331;27.73;3.6;10.0
6322;2023-09-21 11:00:00;0.98;19.6;34.9;54.6;32.0;79.0;28.0;712.1;0.0;57.0;4.2;0.372;28.37;7.7;41.0
6323;2023-09-21 12:00:00;0.74;10.7;22.7;33.4;54.0;89.0;20.0;711.8;0.0;49.0;5.9;0.828;29.61;10.4;49.0
6324;2023-09-21 13:00:00;0.6;3.5;9.4;12.9;69.0;67.0;13.0;711.3;0.0;39.0;5.7;0.887;31.39;13.0;44.0
6325;2023-09-21 14:00:00;0.55;3.5;7.3;10.7;60.0;54.0;10.0;710.7;0.0;35.0;3.7;0.879;32.62;12.8;57.0
6326;2023-09-21 15:00:00;0.51;3.4;6.4;9.8;58.0;41.0;10.0;710.1;0.0;32.0;2.8;0.792;33.25;13.2;66.0
6327;2023-09-21 16:00:00;0.5;3.4;6.8;10.2;58.0;39.0;9.0;709.7;0.0;30.0;2.6;0.64;33.86;12.7;73.0
6328;2023-09-21 17:00:00;0.55;3.5;8.7;12.2;57.0;41.0;10.0;709.6;0.0;31.0;2.6;0.354;33.99;13.4;83.0
6329;2023-09-21 18:00:00;0.57;3.1;9.8;12.8;52.0;38.0;10.0;709.6;0.0;32.0;2.7;0.091;33.51;12.7;82.0
6330;2023-09-21 19:00:00;0.59;2.8;11.7;14.5;43.0;39.0;;709.8;0.0;36.0;3.0;0.012;32.12;12.6;76.0
6331;2023-09-21 20:00:00;0.58;2.5;12.6;15.1;39.0;42.0;;710.0;0.0;35.0;3.0;0.001;31.47;8.9;92.0
6332;2023-09-21 21:00:00;0.58;2.4;15.0;17.4;35.0;33.0;;710.3;0.0;36.0;2.5;0.001;30.9;7.2;96.0
6333;2023-09-21 22:00:00;0.57;2.4;13.9;16.3;35.0;33.0;;710.6;0.0;39.0;2.4;0.001;30.39;7.5;72.0
6334;2023-09-21 23:00:00;0.57;2.5;10.0;12.5;33.0;41.0;11.0;710.7;0.0;46.0;2.5;0.001;29.24;7.8;103.0
6335;2023-09-22 00:00:00;0.53;3.7;6.9;10.6;28.0;40.0;11.0;710.7;0.0;55.0;2.4;0.001;27.91;8.2;67.0
6336;2023-09-22 01:00:00;0.52;2.4;5.6;7.9;27.0;35.0;;710.9;0.0;61.0;2.2;0.001;26.45;10.5;52.0
6337;2023-09-22 02:00:00;0.52;2.3;5.6;7.9;25.0;36.0;;710.8;0.0;65.0;2.2;0.001;25.63;7.9;56.0
6338;2023-09-22 03:00:00;0.52;2.6;7.2;9.9;22.0;37.0;13.0;710.8;0.0;69.0;2.1;0.001;24.89;7.6;50.0
6339;2023-09-22 04:00:00;0.53;2.5;7.3;9.8;20.0;40.0;14.0;710.6;0.0;73.0;2.1;0.001;24.16;4.5;35.0
6340;2023-09-22 05:00:00;0.56;5.1;15.1;20.2;12.0;44.0;17.0;710.5;0.0;75.0;2.3;0.001;23.98;4.5;360.0
6341;2023-09-22 06:00:00;0.62;3.5;15.7;19.2;11.0;52.0;19.0;710.8;0.0;76.0;2.4;0.001;23.9;3.8;29.0
6342;2023-09-22 07:00:00;0.65;5.0;15.2;20.2;12.0;51.0;20.0;711.3;0.0;75.0;2.4;0.004;24.17;3.1;22.0
6343;2023-09-22 08:00:00;0.73;5.9;11.5;17.5;18.0;56.0;24.0;711.6;0.0;72.0;2.5;0.075;24.67;4.1;8.0
6344;2023-09-22 09:00:00;0.8;10.2;14.3;24.4;19.0;59.0;27.0;711.8;0.0;67.0;2.8;0.227;25.97;5.0;13.0
6345;2023-09-22 10:00:00;0.91;16.1;22.3;38.3;22.0;62.0;30.0;711.9;0.0;63.0;2.9;0.206;26.92;4.3;24.0
6346;2023-09-22 11:00:00;0.92;21.7;31.5;53.2;28.0;78.0;38.0;711.9;0.0;56.0;3.8;0.37;28.83;5.0;46.0
6347;2023-09-22 12:00:00;0.81;9.4;24.0;33.4;47.0;88.0;28.0;711.4;0.0;49.0;4.0;0.811;30.19;8.0;63.0
6348;2023-09-22 13:00:00;0.71;4.8;15.4;20.2;68.0;73.0;24.0;710.8;0.0;42.0;3.7;0.862;31.64;8.5;53.0
6349;2023-09-22 14:00:00;0.64;3.4;9.9;13.3;73.0;61.0;23.0;710.2;0.0;37.0;4.3;0.856;33.04;11.5;56.0
6350;2023-09-22 15:00:00;0.61;3.3;8.5;11.8;65.0;61.0;20.0;709.7;0.0;36.0;4.6;0.757;33.6;12.0;50.0
6351;2023-09-22 16:00:00;0.57;3.2;7.2;10.4;61.0;51.0;18.0;709.2;0.0;34.0;3.6;0.613;34.18;9.2;83.0
6352;2023-09-22 17:00:00;0.56;3.0;7.2;10.2;56.0;44.0;17.0;709.0;0.0;33.0;3.1;0.337;34.59;9.3;105.0
6353;2023-09-22 18:00:00;0.56;2.9;8.3;11.2;50.0;42.0;17.0;709.0;0.0;32.0;2.6;0.098;34.36;9.4;106.0
6354;2023-09-22 19:00:00;0.6;2.6;11.6;14.2;41.0;40.0;;709.3;0.0;32.0;2.5;0.012;33.19;10.8;90.0
6355;2023-09-22 20:00:00;0.66;2.7;17.4;20.1;31.0;40.0;;709.6;0.0;33.0;2.4;0.001;32.36;7.6;91.0
6356;2023-09-22 21:00:00;0.66;2.7;18.7;21.3;27.0;41.0;19.0;710.0;0.0;34.0;2.4;0.001;31.69;6.4;77.0
6357;2023-09-22 22:00:00;0.59;2.4;14.8;17.2;30.0;45.0;18.0;710.2;0.0;36.0;2.4;0.001;30.97;5.1;109.0
6358;2023-09-22 23:00:00;0.61;3.0;13.9;16.9;26.0;40.0;17.0;710.3;0.0;43.0;2.4;0.001;29.95;9.7;62.0
6359;2023-09-23 00:00:00;0.6;2.6;11.2;13.8;20.0;42.0;12.0;710.4;0.0;55.0;2.3;0.001;28.31;5.4;51.0
6360;2023-09-23 01:00:00;0.62;2.6;10.9;13.5;18.0;45.0;13.0;710.4;0.0;59.0;2.1;0.001;27.48;5.4;37.0
6361;2023-09-23 02:00:00;0.61;4.0;13.6;17.6;15.0;42.0;14.0;710.2;0.0;63.0;2.2;0.001;26.68;2.4;337.0
6362;2023-09-23 03:00:00;0.65;4.0;16.9;20.9;11.0;49.0;15.0;710.0;0.0;66.0;2.1;0.001;26.32;5.0;17.0
6363;2023-09-23 04:00:00;0.64;7.1;15.8;22.9;10.0;56.0;14.0;709.8;0.0;69.0;2.2;0.001;25.63;3.7;62.0
6364;2023-09-23 05:00:00;0.65;11.6;16.0;27.6;9.0;55.0;15.0;709.8;0.0;72.0;2.2;0.001;24.83;1.1;247.0
6365;2023-09-23 06:00:00;0.67;9.4;16.4;25.8;9.0;59.0;16.0;709.9;0.0;73.0;2.3;0.001;24.4;1.5;277.0
6366;2023-09-23 07:00:00;0.75;12.7;15.4;28.1;9.0;55.0;14.0;710.0;0.0;74.0;2.3;0.009;24.28;1.4;315.0
6367;2023-09-23 08:00:00;0.83;24.5;18.8;43.2;12.0;52.0;17.0;710.4;0.0;69.0;2.4;0.108;26.09;3.4;22.0
6368;2023-09-23 09:00:00;0.96;30.7;26.2;56.9;16.0;66.0;24.0;710.9;0.0;64.0;2.8;0.271;27.55;5.0;60.0
6369;2023-09-23 10:00:00;1.13;22.1;32.5;54.6;25.0;97.0;28.0;711.1;0.0;59.0;3.2;0.268;28.79;4.8;52.0
6370;2023-09-23 11:00:00;0.97;19.7;34.6;54.2;32.0;104.0;27.0;710.8;0.0;51.0;4.9;0.34;30.29;5.8;49.0
6371;2023-09-23 12:00:00;0.8;7.5;22.6;30.1;56.0;91.0;23.0;710.5;0.0;44.0;5.0;0.806;31.57;8.1;50.0
6372;2023-09-23 13:00:00;0.69;5.2;15.1;20.3;63.0;77.0;18.0;709.9;0.0;37.0;3.9;0.865;33.03;10.7;51.0
6373;2023-09-23 14:00:00;0.64;3.2;11.6;14.7;85.0;56.0;18.0;709.3;0.0;34.0;3.9;0.852;34.25;11.4;49.0
6374;2023-09-23 15:00:00;0.64;3.2;11.0;14.2;81.0;55.0;19.0;708.6;0.0;31.0;5.7;0.764;35.08;11.7;56.0
6375;2023-09-23 16:00:00;0.59;3.0;8.4;11.4;73.0;57.0;17.0;708.3;0.0;30.0;5.0;0.612;35.38;14.1;54.0
6376;2023-09-23 17:00:00;0.54;2.8;6.6;9.4;61.0;56.0;15.0;708.2;0.0;28.0;3.9;0.336;35.85;11.4;96.0
6377;2023-09-23 18:00:00;0.53;2.7;6.9;9.6;50.0;42.0;15.0;708.3;0.0;29.0;2.9;0.092;35.49;10.8;91.0
6378;2023-09-23 19:00:00;0.54;2.5;9.1;11.7;40.0;39.0;;708.5;0.0;30.0;2.6;0.011;33.98;12.3;70.0
6379;2023-09-23 20:00:00;0.57;2.6;11.4;14.0;33.0;42.0;;708.9;0.0;32.0;2.5;0.001;33.04;8.4;85.0
6380;2023-09-23 21:00:00;0.57;2.4;10.2;12.5;33.0;40.0;16.0;709.1;0.0;35.0;2.4;0.001;32.32;7.5;108.0
6381;2023-09-23 22:00:00;0.57;2.3;9.8;12.2;32.0;38.0;19.0;709.2;0.0;36.0;2.4;0.001;31.79;6.7;86.0
6382;2023-09-23 23:00:00;0.56;2.5;7.7;10.2;25.0;45.0;13.0;709.2;0.0;47.0;2.2;0.001;29.93;9.7;55.0
6383;2023-09-24 00:00:00;0.57;2.5;8.2;10.7;22.0;41.0;11.0;709.3;0.0;52.0;2.2;0.001;28.71;9.2;42.0
6384;2023-09-24 01:00:00;0.59;2.6;8.3;10.9;19.0;39.0;10.0;709.4;0.0;60.0;2.1;0.001;27.26;8.1;39.0
6385;2023-09-24 02:00:00;0.6;2.6;9.3;11.9;17.0;35.0;10.0;709.2;0.0;64.0;2.1;0.001;26.54;5.1;34.0
6386;2023-09-24 03:00:00;0.65;7.4;16.2;23.6;10.0;41.0;14.0;709.1;0.0;67.0;2.2;0.001;26.02;4.4;56.0
6387;2023-09-24 04:00:00;0.65;7.7;15.6;23.3;10.0;55.0;15.0;708.9;0.0;69.0;2.5;0.001;25.51;3.8;51.0
6388;2023-09-24 05:00:00;0.65;15.3;15.3;30.6;9.0;53.0;16.0;709.0;0.0;71.0;2.5;0.001;25.17;4.5;46.0
6389;2023-09-24 06:00:00;0.65;14.4;14.9;29.3;9.0;53.0;16.0;709.2;0.0;74.0;2.7;0.001;24.62;0.7;96.0
6390;2023-09-24 07:00:00;0.71;9.6;14.4;24.0;10.0;57.0;15.0;709.6;0.0;75.0;2.5;0.008;24.5;1.4;342.0
6391;2023-09-24 08:00:00;0.7;9.5;13.5;23.0;14.0;56.0;14.0;709.7;0.0;67.0;2.6;0.111;26.49;0.6;218.0
6392;2023-09-24 09:00:00;0.75;10.5;14.7;25.1;22.0;50.0;16.0;710.0;0.0;59.0;3.0;0.278;28.36;3.9;1.0
6393;2023-09-24 10:00:00;1.14;10.4;20.3;30.7;32.0;64.0;24.0;710.2;0.0;57.0;3.2;0.266;29.0;4.2;345.0
6394;2023-09-24 11:00:00;1.0;8.1;21.2;29.2;46.0;76.0;26.0;698.3;0.0;47.0;3.9;0.354;30.51;3.5;2.0
6395;2023-09-24 12:00:00;1.05;7.9;27.8;35.7;58.0;76.0;28.0;709.9;0.0;42.0;4.3;0.792;32.75;6.1;60.0
6396;2023-09-24 13:00:00;0.72;3.9;14.1;18.0;82.0;94.0;21.0;709.5;0.0;37.0;5.3;0.856;33.68;8.6;64.0
6397;2023-09-24 14:00:00;0.76;2.7;11.9;14.6;112.0;70.0;22.0;709.1;0.0;37.0;4.1;0.837;34.5;10.7;55.0
6398;2023-09-24 15:00:00;0.62;2.6;8.0;10.6;91.0;66.0;17.0;708.6;0.0;32.0;4.0;0.758;35.59;13.2;58.0
6399;2023-09-24 16:00:00;0.57;2.6;7.3;9.9;84.0;54.0;16.0;708.4;0.0;29.0;5.6;0.611;36.34;12.6;67.0
6400;2023-09-24 17:00:00;0.53;2.5;4.6;7.1;66.0;49.0;13.0;708.4;0.0;29.0;3.9;0.333;36.41;12.1;103.0
6401;2023-09-24 18:00:00;0.53;2.6;5.0;7.5;48.0;37.0;12.0;708.5;0.0;30.0;2.9;0.09;35.93;12.0;77.0
6402;2023-09-24 19:00:00;0.54;2.5;6.3;8.8;39.0;41.0;13.0;708.8;0.0;33.0;2.7;0.013;34.3;14.0;74.0
6403;2023-09-24 20:00:00;0.54;2.3;7.4;9.8;37.0;38.0;12.0;709.2;0.0;34.0;2.9;0.001;33.53;11.1;98.0
6404;2023-09-24 21:00:00;0.52;2.3;6.9;9.2;36.0;33.0;12.0;709.5;0.0;34.0;2.6;0.001;32.98;9.0;114.0
6405;2023-09-24 22:00:00;0.53;;7.1;9.4;34.0;36.0;;709.5;0.0;36.0;2.5;0.001;32.34;9.1;103.0
6406;2023-09-24 23:00:00;0.56;2.4;8.2;10.6;27.0;34.0;11.0;709.8;0.0;42.0;2.3;0.001;30.93;7.2;66.0
6407;2023-09-25 00:00:00;0.56;2.6;7.6;10.2;23.0;38.0;10.0;709.6;0.0;49.0;2.1;0.001;29.64;8.8;57.0
6408;2023-09-25 01:00:00;0.57;10.7;14.3;25.0;12.0;37.0;12.0;710.0;0.0;56.0;2.5;0.001;27.92;8.7;37.0
6409;2023-09-25 02:00:00;0.55;5.8;12.4;18.1;13.0;41.0;11.0;710.0;0.0;62.0;3.0;0.001;26.62;7.0;37.0
6410;2023-09-25 03:00:00;0.56;28.5;15.5;44.0;9.0;49.0;15.0;709.6;0.0;65.0;3.7;0.001;26.14;3.2;44.0
6411;2023-09-25 04:00:00;0.57;10.0;15.6;25.6;9.0;59.0;14.0;709.4;0.0;65.0;3.6;0.001;25.98;2.6;33.0
6412;2023-09-25 05:00:00;0.68;3.6;14.6;18.2;10.0;62.0;13.0;709.6;0.0;67.0;2.8;0.001;25.67;3.5;11.0
6413;2023-09-25 06:00:00;0.65;6.8;15.2;22.0;9.0;55.0;14.0;710.0;0.0;67.0;2.8;0.001;25.49;3.9;48.0
6414;2023-09-25 07:00:00;0.8;17.6;15.7;33.2;9.0;59.0;16.0;710.3;0.0;68.0;2.9;0.007;25.12;3.7;34.0
6415;2023-09-25 08:00:00;0.82;28.3;14.8;43.1;11.0;65.0;15.0;710.8;0.0;67.0;3.1;0.104;25.69;5.9;70.0
6416;2023-09-25 09:00:00;1.01;44.5;22.2;66.7;14.0;57.0;20.0;711.4;0.0;62.0;4.8;0.268;27.17;6.4;52.0
6417;2023-09-25 10:00:00;0.91;23.4;24.5;47.9;20.0;78.0;17.0;711.9;0.0;59.0;4.7;0.262;28.1;6.3;47.0
6418;2023-09-25 11:00:00;0.83;17.9;26.3;44.1;28.0;76.0;19.0;712.0;0.0;55.0;5.5;0.404;29.33;7.6;60.0
6419;2023-09-25 12:00:00;0.79;12.3;26.2;38.5;42.0;93.0;21.0;711.9;0.0;50.0;5.9;0.785;30.66;8.8;48.0
6420;2023-09-25 13:00:00;0.72;6.8;18.4;25.2;55.0;82.0;16.0;711.6;0.0;44.0;5.1;0.848;32.24;11.6;50.0
6421;2023-09-25 14:00:00;0.65;3.7;10.3;13.9;68.0;64.0;16.0;711.2;0.0;37.0;6.0;0.832;33.84;14.9;65.0
6422;2023-09-25 15:00:00;0.59;3.6;6.8;10.3;47.0;66.0;13.0;710.7;0.0;35.0;5.0;0.749;34.42;17.0;71.0
6423;2023-09-25 16:00:00;0.58;3.7;6.6;10.3;45.0;55.0;12.0;710.3;0.0;35.0;3.5;0.672;34.63;17.8;70.0
6424;2023-09-25 17:00:00;0.57;3.9;7.3;11.2;41.0;47.0;10.0;710.2;0.0;33.0;3.8;0.318;34.43;15.8;78.0
6425;2023-09-25 18:00:00;0.56;3.5;7.7;11.2;36.0;43.0;10.0;710.2;0.0;33.0;3.3;0.084;34.12;12.7;96.0
6426;2023-09-25 19:00:00;0.59;3.3;10.0;13.3;32.0;38.0;9.0;710.3;0.0;33.0;2.6;0.009;33.17;11.1;93.0
6427;2023-09-25 20:00:00;0.58;2.6;11.6;14.2;29.0;35.0;9.0;710.9;0.0;32.0;2.6;0.001;32.5;6.0;127.0
6428;2023-09-25 21:00:00;0.59;3.4;19.0;22.4;21.0;32.0;11.0;711.5;0.0;31.0;2.7;0.001;31.88;7.1;66.0
6429;2023-09-25 22:00:00;0.57;2.8;13.1;15.9;25.0;48.0;10.0;712.0;0.0;35.0;3.6;0.001;30.74;9.5;81.0
6430;2023-09-25 23:00:00;0.52;3.0;10.4;13.5;29.0;42.0;8.0;712.7;0.0;38.0;2.6;0.001;29.89;7.7;57.0
6431;2023-09-26 00:00:00;0.52;2.4;6.8;9.2;33.0;39.0;8.0;712.7;0.0;42.0;2.5;0.001;28.57;10.2;53.0
6432;2023-09-26 01:00:00;0.51;2.3;6.5;8.8;33.0;36.0;9.0;712.5;0.0;45.0;2.4;0.001;27.54;9.2;44.0
6433;2023-09-26 02:00:00;0.5;2.3;5.8;8.1;32.0;32.0;9.0;712.2;0.0;48.0;2.6;0.001;26.65;7.8;44.0
6434;2023-09-26 03:00:00;0.5;5.0;15.7;20.7;21.0;35.0;12.0;712.2;0.0;51.0;2.9;0.001;25.9;7.7;29.0
6435;2023-09-26 04:00:00;0.52;6.1;16.0;22.1;20.0;43.0;11.0;712.6;0.0;56.0;3.4;0.001;25.09;7.0;37.0
6436;2023-09-26 05:00:00;0.52;3.0;11.3;14.3;24.0;44.0;10.0;712.8;0.0;60.0;2.8;0.001;24.39;5.1;67.0
6437;2023-09-26 06:00:00;0.57;3.8;19.9;23.7;14.0;38.0;13.0;713.0;0.0;63.0;2.8;0.001;24.19;4.1;78.0
6438;2023-09-26 07:00:00;0.73;5.4;21.1;26.4;13.0;42.0;16.0;713.1;0.0;68.0;2.6;0.007;23.87;4.3;40.0
6439;2023-09-26 08:00:00;0.88;12.7;21.7;34.4;16.0;59.0;16.0;713.4;0.0;71.0;2.9;0.089;24.23;5.6;20.0
6440;2023-09-26 09:00:00;0.9;15.7;22.4;38.1;20.0;58.0;17.0;713.8;0.0;65.0;3.4;0.255;25.67;4.3;74.0
6441;2023-09-26 10:00:00;0.88;10.5;20.7;31.2;34.0;66.0;17.0;713.7;0.0;55.0;3.9;0.261;27.84;3.1;331.0
6442;2023-09-26 11:00:00;0.86;6.9;19.0;26.0;50.0;63.0;16.0;713.5;0.0;46.0;3.8;0.448;29.81;2.6;26.0
6443;2023-09-26 12:00:00;0.87;9.5;28.8;38.3;56.0;60.0;20.0;713.2;0.0;39.0;4.5;0.786;31.25;6.6;63.0
6444;2023-09-26 13:00:00;0.72;4.3;15.3;19.6;75.0;73.0;17.0;712.6;0.0;36.0;4.0;0.845;31.64;13.5;56.0
6445;2023-09-26 14:00:00;0.6;3.4;9.1;12.5;70.0;64.0;13.0;712.0;0.0;29.0;5.7;0.835;32.72;15.3;59.0
6446;2023-09-26 15:00:00;0.55;3.5;6.9;10.4;56.0;57.0;12.0;711.4;0.0;28.0;5.4;0.749;33.09;14.9;69.0
6447;2023-09-26 16:00:00;0.5;3.6;6.0;9.6;47.0;44.0;9.0;711.1;0.0;27.0;2.8;0.612;33.77;10.9;100.0
6448;2023-09-26 17:00:00;0.52;3.8;7.3;11.1;45.0;37.0;9.0;710.9;0.0;28.0;2.4;0.357;33.73;11.3;96.0
6449;2023-09-26 18:00:00;0.58;3.3;8.8;12.1;43.0;39.0;10.0;710.9;0.0;32.0;2.7;0.078;32.77;13.8;80.0
6450;2023-09-26 19:00:00;0.61;2.8;10.2;13.1;38.0;44.0;10.0;711.0;0.0;36.0;2.7;0.01;31.45;12.3;80.0
6451;2023-09-26 20:00:00;0.59;2.6;9.4;12.1;38.0;42.0;9.0;711.4;0.0;37.0;2.4;0.001;30.78;12.0;72.0
6452;2023-09-26 21:00:00;0.6;2.5;12.4;14.9;34.0;33.0;10.0;711.7;0.0;36.0;2.3;0.001;30.4;8.3;107.0
6453;2023-09-26 22:00:00;0.55;2.4;10.2;12.6;38.0;33.0;10.0;712.1;0.0;37.0;2.3;0.001;30.03;8.1;116.0
6454;2023-09-26 23:00:00;0.53;2.3;6.9;9.2;43.0;32.0;;712.3;0.0;40.0;2.6;0.001;29.46;7.1;126.0
6455;2023-09-27 00:00:00;0.55;2.4;7.4;9.8;43.0;35.0;;712.2;0.0;44.0;2.3;0.001;28.55;11.0;66.0
6456;2023-09-27 01:00:00;0.59;2.3;10.0;12.3;35.0;44.0;13.0;711.9;0.0;50.0;2.7;0.001;27.12;8.0;49.0
6457;2023-09-27 02:00:00;0.58;2.3;7.8;10.1;32.0;43.0;12.0;711.5;0.0;53.0;2.8;0.001;26.44;6.8;35.0
6458;2023-09-27 03:00:00;0.56;2.8;17.2;20.0;21.0;40.0;10.0;711.4;0.0;59.0;2.5;0.001;25.47;5.6;20.0
6459;2023-09-27 04:00:00;0.58;2.5;16.5;19.0;20.0;48.0;13.0;711.3;0.0;60.0;2.7;0.001;25.06;5.7;23.0
6460;2023-09-27 05:00:00;0.57;4.4;18.0;22.3;16.0;48.0;14.0;711.5;0.0;62.0;2.7;0.001;24.43;3.6;58.0
6461;2023-09-27 06:00:00;0.62;3.1;21.4;24.5;13.0;44.0;15.0;711.9;0.0;65.0;2.9;0.001;24.28;3.5;20.0
6462;2023-09-27 07:00:00;0.87;3.8;16.9;20.6;16.0;54.0;17.0;712.1;0.0;70.0;2.6;0.008;23.85;1.8;340.0
6463;2023-09-27 08:00:00;0.91;12.6;20.5;33.1;15.0;53.0;16.0;712.3;0.0;65.0;2.7;0.102;25.64;1.4;351.0
6464;2023-09-27 09:00:00;0.91;13.0;20.3;33.4;24.0;55.0;17.0;712.5;0.0;56.0;3.3;0.289;27.51;4.0;357.0
6465;2023-09-27 10:00:00;0.87;9.7;20.2;29.9;37.0;74.0;19.0;712.5;0.0;50.0;3.6;0.263;28.6;5.6;8.0
6466;2023-09-27 11:00:00;0.92;8.2;23.2;31.4;50.0;112.0;21.0;712.3;0.0;44.0;3.5;0.505;30.13;6.3;36.0
6467;2023-09-27 12:00:00;0.79;6.6;21.2;27.8;61.0;103.0;22.0;711.9;0.0;39.0;4.1;0.78;31.44;7.0;62.0
6468;2023-09-27 13:00:00;0.74;3.6;14.5;18.1;90.0;83.0;19.0;711.3;0.0;36.0;3.7;0.84;32.28;7.3;58.0
6469;2023-09-27 14:00:00;0.69;2.9;10.7;13.6;96.0;69.0;19.0;710.4;0.0;33.0;3.2;0.763;33.22;6.1;58.0
6470;2023-09-27 15:00:00;0.63;2.9;8.7;11.7;72.0;56.0;16.0;709.7;0.0;33.0;3.6;0.493;33.36;11.8;74.0
6471;2023-09-27 16:00:00;0.6;3.5;8.5;11.9;46.0;55.0;31.0;710.6;0.0;46.0;3.1;0.081;28.16;13.5;6.0
6472;2023-09-27 17:00:00;0.65;3.7;11.1;14.8;38.0;;25.0;711.6;0.0;61.0;2.3;0.031;23.99;3.1;92.0
6473;2023-09-27 18:00:00;0.7;4.2;13.0;17.1;32.0;;10.0;711.3;0.0;68.0;2.2;0.097;23.63;8.2;129.0
6474;2023-09-27 19:00:00;0.64;2.8;10.8;13.6;34.0;;9.0;711.5;0.0;63.0;2.1;0.007;23.23;10.6;105.0
6475;2023-09-27 20:00:00;0.63;2.9;12.0;14.9;31.0;;7.0;711.0;0.0;58.0;2.1;0.001;23.63;6.1;112.0
6476;2023-09-27 21:00:00;0.73;4.2;22.0;26.1;17.0;;9.0;711.1;0.0;60.0;2.1;0.001;23.69;2.7;152.0
6477;2023-09-27 22:00:00;0.73;3.4;23.8;27.2;16.0;;10.0;711.8;0.0;59.0;2.2;0.001;23.6;3.5;88.0
6478;2023-09-27 23:00:00;0.65;2.8;20.8;23.6;21.0;;8.0;712.2;0.0;59.0;2.2;0.001;23.36;4.7;88.0
6479;2023-09-28 00:00:00;0.63;3.3;20.1;23.4;19.0;32.0;7.0;712.1;0.0;61.0;2.1;0.001;22.79;3.0;90.0
6480;2023-09-28 01:00:00;0.8;13.9;30.2;44.2;10.0;34.0;11.0;711.5;0.0;66.0;2.2;0.001;22.31;2.1;22.0
6481;2023-09-28 02:00:00;0.98;22.6;33.7;56.3;10.0;48.0;18.0;711.3;0.0;70.0;2.3;0.001;22.08;2.2;18.0
6482;2023-09-28 03:00:00;1.02;24.1;31.8;55.9;10.0;65.0;21.0;711.0;0.0;71.0;2.3;0.001;21.8;1.8;211.0
6483;2023-09-28 04:00:00;1.0;31.9;29.1;61.0;9.0;59.0;18.0;710.9;0.0;71.0;2.5;0.001;21.81;1.9;3.0
6484;2023-09-28 05:00:00;1.12;51.2;28.0;79.2;10.0;79.0;27.0;711.0;0.0;75.0;2.5;0.001;21.12;1.0;235.0
6485;2023-09-28 06:00:00;1.03;38.8;26.2;65.0;9.0;83.0;27.0;711.1;0.0;76.0;2.4;0.001;21.02;1.5;250.0
6486;2023-09-28 07:00:00;1.12;47.3;23.2;70.6;10.0;65.0;21.0;711.3;0.0;74.0;2.5;0.009;21.24;0.7;259.0
6487;2023-09-28 08:00:00;1.11;45.1;28.6;73.7;11.0;75.0;24.0;711.4;0.0;66.0;2.7;0.103;23.61;2.4;46.0
6488;2023-09-28 09:00:00;1.09;25.6;31.7;57.3;20.0;81.0;25.0;711.6;0.0;50.0;3.5;0.297;26.42;2.1;22.0
6489;2023-09-28 10:00:00;1.05;22.8;35.0;57.7;28.0;91.0;22.0;711.7;0.0;44.0;4.4;0.267;27.94;4.1;29.0
6490;2023-09-28 11:00:00;1.23;43.4;56.2;99.6;25.0;95.0;35.0;711.7;0.0;41.0;8.5;0.592;28.89;4.6;39.0
6491;2023-09-28 12:00:00;0.85;9.3;27.4;36.7;55.0;107.0;27.0;711.5;0.0;39.0;7.1;0.804;29.55;7.2;55.0
6492;2023-09-28 13:00:00;0.74;5.5;19.1;24.7;69.0;65.0;16.0;711.1;0.0;36.0;5.7;0.861;30.47;7.7;59.0
6493;2023-09-28 14:00:00;0.65;3.7;11.5;15.1;75.0;55.0;14.0;710.4;0.0;33.0;6.5;0.858;31.56;7.1;74.0
6494;2023-09-28 15:00:00;0.61;4.8;15.7;20.5;69.0;47.0;12.0;709.7;0.0;31.0;5.3;0.754;32.03;7.4;37.0
6495;2023-09-28 16:00:00;0.58;5.1;16.3;21.4;62.0;44.0;11.0;709.3;0.0;27.0;4.8;0.604;32.42;7.7;44.0
6496;2023-09-28 17:00:00;;;;;;;;;;;;0.0;;;
6497;2023-09-28 18:00:00;;;;;;;;;;;;0.0;;;
6498;2023-09-28 19:00:00;0.69;2.6;15.7;18.3;69.0;40.0;13.0;709.6;0.0;34.0;5.5;0.009;30.55;9.2;116.0
6499;2023-09-28 20:00:00;0.72;2.5;17.5;20.0;63.0;49.0;20.0;710.0;0.0;38.0;10.3;0.001;29.35;8.6;124.0
6500;2023-09-28 21:00:00;0.67;2.4;14.4;16.8;61.0;52.0;19.0;710.5;0.0;39.0;9.3;0.001;28.74;8.6;99.0
6501;2023-09-28 22:00:00;0.62;2.4;12.8;15.1;54.0;50.0;17.0;710.9;0.0;41.0;6.6;0.001;28.08;9.8;76.0
6502;2023-09-28 23:00:00;0.61;;9.9;12.3;43.0;48.0;12.0;711.2;0.0;50.0;3.6;0.001;26.73;9.5;101.0
6503;2023-09-29 00:00:00;0.58;;5.5;7.8;41.0;45.0;10.0;711.1;0.0;58.0;2.8;0.001;25.6;9.2;94.0
6504;2023-09-29 01:00:00;0.55;2.3;3.8;6.1;40.0;40.0;9.0;711.0;0.0;62.0;2.4;0.001;25.05;12.0;109.0
6505;2023-09-29 02:00:00;0.55;2.3;3.6;5.9;40.0;37.0;9.0;711.0;0.0;63.0;2.3;0.001;24.81;6.6;82.0
6506;2023-09-29 03:00:00;0.57;;6.9;9.2;35.0;36.0;;710.7;0.0;64.0;2.2;0.001;24.56;4.7;30.0
6507;2023-09-29 04:00:00;0.62;2.5;13.2;15.7;24.0;44.0;13.0;710.4;0.0;69.0;2.3;0.001;23.75;5.5;34.0
6508;2023-09-29 05:00:00;0.63;4.6;18.2;22.8;16.0;48.0;15.0;710.4;0.0;75.0;2.3;0.001;22.88;3.7;43.0
6509;2023-09-29 06:00:00;0.63;4.9;22.5;27.4;11.0;48.0;17.0;710.7;0.0;77.0;2.5;0.001;22.38;1.3;2.0
6510;2023-09-29 07:00:00;0.77;13.7;24.8;38.5;10.0;57.0;18.0;710.7;0.0;79.0;2.6;0.008;22.25;1.3;275.0
6511;2023-09-29 08:00:00;0.81;15.3;23.7;39.0;13.0;68.0;18.0;711.1;0.0;73.0;3.0;0.086;23.68;2.3;204.0
6512;2023-09-29 09:00:00;0.89;15.1;23.9;39.0;22.0;66.0;19.0;711.4;0.0;62.0;3.8;0.282;26.06;2.3;56.0
6513;2023-09-29 10:00:00;1.06;17.1;32.7;49.7;30.0;72.0;23.0;711.6;0.0;58.0;3.8;0.271;27.34;2.6;57.0
6514;2023-09-29 11:00:00;1.22;17.5;35.4;52.8;36.0;86.0;35.0;711.7;0.0;54.0;4.5;0.619;28.25;5.5;44.0
6515;2023-09-29 12:00:00;0.85;8.6;24.5;33.1;56.0;103.0;26.0;699.6;0.0;48.0;5.8;0.76;28.63;8.1;47.0
6516;2023-09-29 13:00:00;0.8;5.2;17.6;22.7;69.0;78.0;20.0;711.1;0.0;44.0;4.3;0.842;30.17;10.9;57.0
6517;2023-09-29 14:00:00;0.66;3.6;9.4;13.0;71.0;60.0;14.0;710.5;0.0;38.0;3.6;0.839;31.14;12.6;49.0
6518;2023-09-29 15:00:00;0.65;3.3;9.2;12.5;74.0;43.0;14.0;710.0;0.0;35.0;5.7;0.754;31.87;13.2;63.0
6519;2023-09-29 16:00:00;0.61;3.3;8.1;11.4;61.0;49.0;16.0;709.8;0.0;35.0;6.0;0.573;31.94;14.1;75.0
6520;2023-09-29 17:00:00;0.61;;8.3;11.6;54.0;47.0;13.0;709.8;0.0;36.0;4.5;0.219;31.33;15.2;77.0
6521;2023-09-29 18:00:00;0.63;3.1;10.5;13.6;49.0;43.0;11.0;710.0;0.0;36.0;4.4;0.059;30.91;12.3;74.0
6522;2023-09-29 19:00:00;0.62;2.6;10.5;13.1;46.0;39.0;9.0;710.2;0.0;38.0;3.5;0.01;30.09;11.4;86.0
6523;2023-09-29 20:00:00;0.62;2.5;10.6;13.1;44.0;35.0;9.0;710.4;0.0;39.0;3.8;0.001;29.48;10.9;92.0
6524;2023-09-29 21:00:00;0.62;2.5;11.9;14.4;39.0;32.0;8.0;710.7;0.0;41.0;2.9;0.001;29.02;7.9;116.0
6525;2023-09-29 22:00:00;0.59;;11.1;13.6;37.0;25.0;8.0;711.0;0.0;42.0;2.5;0.001;28.65;6.9;115.0
6526;2023-09-29 23:00:00;0.57;2.4;9.4;11.8;39.0;26.0;;711.2;0.0;44.0;2.4;0.001;28.36;8.2;122.0
6527;2023-09-30 00:00:00;0.57;2.4;6.2;8.6;44.0;31.0;9.0;711.2;0.0;53.0;2.2;0.001;27.43;10.1;119.0
6528;2023-09-30 01:00:00;0.57;2.3;5.4;7.7;40.0;37.0;10.0;711.2;0.0;57.0;2.2;0.001;26.6;8.2;104.0
6529;2023-09-30 02:00:00;0.6;2.4;7.0;9.3;33.0;36.0;10.0;711.2;0.0;62.0;2.2;0.001;25.61;8.3;57.0
6530;2023-09-30 03:00:00;0.58;2.3;5.6;8.0;31.0;35.0;;711.1;0.0;67.0;2.1;0.001;24.51;8.6;51.0
6531;2023-09-30 04:00:00;0.58;3.7;13.6;17.3;21.0;37.0;;710.9;0.0;68.0;2.1;0.001;24.3;5.0;25.0
6532;2023-09-30 05:00:00;0.6;5.8;19.9;25.7;13.0;37.0;13.0;711.0;0.0;71.0;2.6;0.001;23.75;5.2;30.0
6533;2023-09-30 06:00:00;0.65;4.5;20.5;25.0;12.0;53.0;14.0;711.2;0.0;73.0;3.0;0.001;23.48;5.1;17.0
6534;2023-09-30 07:00:00;0.74;4.3;19.0;23.3;13.0;52.0;13.0;711.4;0.0;74.0;2.7;0.006;23.35;5.0;52.0
6535;2023-09-30 08:00:00;0.78;12.0;20.8;32.8;13.0;58.0;16.0;711.9;0.0;75.0;2.6;0.074;23.6;4.9;33.0
6536;2023-09-30 09:00:00;0.85;12.5;19.2;31.7;19.0;66.0;20.0;712.2;0.0;73.0;2.6;0.169;24.39;6.1;6.0
6537;2023-09-30 10:00:00;0.8;28.7;24.7;53.4;18.0;61.0;21.0;712.4;0.0;66.0;3.6;0.288;26.12;6.5;45.0
6538;2023-09-30 11:00:00;0.81;18.3;26.8;45.1;31.0;74.0;26.0;712.5;0.0;60.0;6.1;0.649;27.46;7.6;50.0
6539;2023-09-30 12:00:00;0.71;5.5;13.7;19.1;53.0;73.0;21.0;712.3;0.0;51.0;5.7;0.715;29.2;9.2;72.0
6540;2023-09-30 13:00:00;0.64;3.2;8.3;11.5;62.0;50.0;13.0;711.7;0.0;44.0;5.3;0.531;29.83;12.6;64.0
6541;2023-09-30 14:00:00;0.62;3.1;7.4;10.5;62.0;44.0;13.0;711.3;0.0;42.0;5.6;0.585;30.4;14.0;71.0
6542;2023-09-30 15:00:00;0.61;3.1;8.2;11.4;56.0;46.0;12.0;710.8;0.0;40.0;6.8;0.306;30.52;13.3;76.0
6543;2023-09-30 16:00:00;0.62;;8.8;11.9;51.0;44.0;12.0;710.5;0.0;40.0;5.7;0.257;30.5;12.6;82.0
6544;2023-09-30 17:00:00;0.58;3.0;6.6;9.5;48.0;40.0;11.0;710.3;0.0;39.0;4.0;0.273;31.25;9.9;111.0
6545;2023-09-30 18:00:00;0.55;2.6;6.4;9.0;45.0;32.0;9.0;710.2;0.0;41.0;2.8;0.077;30.35;10.5;127.0
6546;2023-09-30 19:00:00;0.57;2.5;8.6;11.0;41.0;31.0;9.0;710.5;0.0;41.0;2.7;0.007;29.75;9.2;102.0
6547;2023-09-30 20:00:00;0.55;2.4;6.9;9.3;42.0;33.0;8.0;710.7;0.0;41.0;3.3;0.001;29.55;12.3;102.0
6548;2023-09-30 21:00:00;0.57;2.4;8.2;10.6;37.0;30.0;9.0;711.2;0.0;47.0;2.6;0.001;28.43;7.7;122.0
6549;2023-09-30 22:00:00;0.59;;9.4;11.8;35.0;27.0;9.0;711.4;0.0;48.0;2.4;0.001;28.12;7.9;101.0
6550;2023-09-30 23:00:00;0.59;2.3;7.9;10.2;35.0;30.0;;711.6;0.0;49.0;2.5;0.001;27.96;9.4;96.0
6551;2023-10-01 00:00:00;;;;;;;;;;;;0.0;;;
6552;2023-10-01 01:00:00;0.55;2.4;4.4;6.7;29.0;27.0;6.0;712.0;0.0;63.0;2.2;0.001;25.61;10.7;69.0
6553;2023-10-01 02:00:00;0.56;2.4;5.3;7.7;27.0;29.0;6.0;711.6;0.0;66.0;2.2;0.001;25.09;7.9;60.0
6554;2023-10-01 03:00:00;0.56;;5.3;7.7;26.0;30.0;;711.3;0.0;69.0;2.0;0.001;24.5;7.7;47.0
6555;2023-10-01 04:00:00;0.56;;4.6;7.0;26.0;32.0;;711.1;0.0;73.0;2.1;0.001;23.81;8.3;47.0
6556;2023-10-01 05:00:00;0.55;2.3;4.3;6.6;26.0;29.0;;711.3;0.0;76.0;2.0;0.001;23.25;8.1;41.0
6557;2023-10-01 06:00:00;0.56;2.9;8.5;11.3;20.0;27.0;8.0;711.7;0.0;77.0;2.1;0.001;23.12;5.8;50.0
6558;2023-10-01 07:00:00;0.56;2.4;4.7;7.1;24.0;27.0;8.0;712.1;0.0;78.0;2.2;0.004;23.0;6.0;63.0
6559;2023-10-01 08:00:00;0.56;3.0;6.4;9.4;24.0;31.0;10.0;712.4;0.0;77.0;2.1;0.067;23.33;6.0;42.0
6560;2023-10-01 09:00:00;0.58;3.4;5.8;9.3;26.0;34.0;10.0;712.7;0.0;73.0;2.1;0.162;24.1;6.1;61.0
6561;2023-10-01 10:00:00;0.56;4.7;6.0;10.7;31.0;34.0;9.0;712.9;0.0;66.0;2.1;0.333;25.93;7.2;51.0
6562;2023-10-01 11:00:00;0.55;4.0;5.8;9.8;38.0;31.0;8.0;712.9;0.0;58.0;2.3;0.677;27.42;8.2;47.0
6563;2023-10-01 12:00:00;0.55;3.6;5.1;8.6;41.0;32.0;8.0;712.7;0.0;54.0;2.2;0.772;28.37;12.1;40.0
6564;2023-10-01 13:00:00;0.54;3.1;4.5;7.6;44.0;33.0;;712.1;0.0;49.0;2.3;0.6;29.34;13.3;53.0
6565;2023-10-01 14:00:00;0.54;2.9;4.4;7.3;44.0;35.0;;711.5;0.0;46.0;2.1;0.373;29.76;13.5;64.0
6566;2023-10-01 15:00:00;0.55;2.9;4.6;7.6;44.0;35.0;;711.0;0.0;44.0;2.1;0.435;30.37;12.1;72.0
6567;2023-10-01 16:00:00;0.54;2.8;4.2;7.0;45.0;32.0;7.0;710.5;0.0;43.0;2.2;0.314;30.73;11.2;63.0
6568;2023-10-01 17:00:00;0.54;2.8;5.4;8.2;43.0;34.0;8.0;710.3;0.0;41.0;2.0;0.162;30.8;10.3;79.0
6569;2023-10-01 18:00:00;0.53;2.6;4.7;7.3;42.0;34.0;7.0;710.4;0.0;41.0;2.1;0.066;30.88;9.8;114.0
6570;2023-10-01 19:00:00;0.55;2.3;6.3;8.6;39.0;28.0;7.0;710.7;0.0;43.0;2.1;0.007;30.0;7.9;108.0
6571;2023-10-01 20:00:00;0.6;2.4;8.1;10.5;35.0;29.0;8.0;710.9;0.0;46.0;2.0;0.001;29.49;7.9;109.0
6572;2023-10-01 21:00:00;0.62;2.4;9.2;11.6;33.0;32.0;8.0;711.5;0.0;47.0;2.0;0.001;29.19;9.2;97.0
6573;2023-10-01 22:00:00;0.59;;5.4;7.7;36.0;34.0;;712.1;0.0;57.0;2.0;0.001;27.56;13.1;84.0
6574;2023-10-01 23:00:00;0.59;;5.5;7.8;34.0;36.0;;712.2;0.0;63.0;2.5;0.001;26.79;10.9;81.0
6575;2023-10-02 00:00:00;0.6;;5.1;7.5;32.0;33.0;7.0;712.3;0.0;70.0;2.5;0.001;25.55;10.5;76.0
6576;2023-10-02 01:00:00;0.55;2.2;2.5;4.7;36.0;32.0;8.0;700.6;0.0;83.0;2.0;0.001;21.59;9.6;111.0
6577;2023-10-02 02:00:00;0.55;2.3;2.3;4.6;36.0;21.0;3.0;712.1;0.0;86.0;2.0;0.001;21.78;9.4;97.0
6578;2023-10-02 03:00:00;0.56;2.4;6.1;8.5;28.0;19.0;3.0;711.8;0.0;87.0;2.0;0.001;22.02;3.0;3.0
6579;2023-10-02 04:00:00;0.59;2.4;4.8;7.1;25.0;22.0;4.0;711.4;0.0;87.0;1.9;0.001;22.63;3.9;26.0
6580;2023-10-02 05:00:00;0.58;;3.6;6.0;22.0;23.0;5.0;711.4;0.0;86.0;1.9;0.001;23.11;3.7;31.0
6581;2023-10-02 06:00:00;0.58;2.6;5.9;8.5;19.0;30.0;5.0;711.6;0.0;86.0;2.0;0.001;23.22;3.9;48.0
6582;2023-10-02 07:00:00;0.66;4.8;10.0;14.9;15.0;28.0;5.0;711.7;0.0;86.0;2.0;0.006;23.12;3.2;25.0
6583;2023-10-02 08:00:00;0.79;11.3;14.3;25.5;13.0;34.0;6.0;711.9;0.0;85.0;2.0;0.113;23.71;6.0;63.0
6584;2023-10-02 09:00:00;0.78;16.0;13.8;29.8;17.0;14.0;7.0;712.2;0.0;77.0;2.0;0.284;24.99;6.5;54.0
6585;2023-10-02 10:00:00;0.76;23.0;17.6;40.6;19.0;38.0;10.0;712.3;0.0;67.0;2.3;0.383;26.46;6.1;37.0
6586;2023-10-02 11:00:00;0.72;7.1;11.2;18.3;35.0;52.0;11.0;712.2;0.0;61.0;2.5;0.601;27.62;7.4;52.0
6587;2023-10-02 12:00:00;0.64;4.4;6.8;11.2;38.0;40.0;7.0;711.8;0.0;57.0;2.2;0.668;28.38;10.4;41.0
6588;2023-10-02 13:00:00;0.61;3.9;6.0;9.9;38.0;33.0;6.0;711.3;0.0;52.0;2.2;0.574;29.13;11.0;48.0
6589;2023-10-02 14:00:00;0.6;4.1;6.1;10.2;38.0;29.0;5.0;710.8;0.0;47.0;2.1;0.677;30.41;10.3;66.0
6590;2023-10-02 15:00:00;0.58;3.7;5.5;9.2;40.0;29.0;5.0;710.2;0.0;42.0;2.1;0.709;31.37;9.7;86.0
6591;2023-10-02 16:00:00;0.55;3.3;5.6;8.8;36.0;29.0;4.0;709.6;0.0;43.0;2.0;0.351;31.18;11.0;123.0
6592;2023-10-02 17:00:00;0.6;3.5;6.9;10.4;34.0;31.0;5.0;709.4;0.0;45.0;2.1;0.137;30.62;10.3;120.0
6593;2023-10-02 18:00:00;0.62;3.5;7.6;11.1;32.0;33.0;9.0;709.5;0.0;46.0;2.0;0.103;30.64;9.1;121.0
6594;2023-10-02 19:00:00;0.74;3.6;13.8;17.4;25.0;38.0;6.0;709.7;0.0;50.0;2.0;0.016;29.59;7.1;121.0
6595;2023-10-02 20:00:00;0.75;3.2;15.4;18.6;23.0;42.0;8.0;710.0;0.0;49.0;2.0;0.001;29.52;6.9;117.0
6596;2023-10-02 21:00:00;0.66;2.8;10.4;13.1;27.0;39.0;6.0;710.7;0.0;53.0;2.0;0.001;28.51;10.1;78.0
6597;2023-10-02 22:00:00;0.65;2.6;10.2;12.8;29.0;33.0;5.0;711.3;0.0;67.0;2.0;0.001;25.87;10.3;64.0
6598;2023-10-02 23:00:00;0.64;2.6;9.1;11.7;32.0;38.0;6.0;711.0;0.0;70.0;1.9;0.001;25.69;9.3;62.0
6599;2023-10-03 00:00:00;0.59;2.4;6.3;8.6;31.0;31.0;5.0;711.0;0.0;69.0;2.0;0.001;25.52;10.9;61.0
6600;2023-10-03 01:00:00;0.58;2.3;5.3;7.6;27.0;31.0;4.0;710.7;0.0;71.0;2.1;0.001;24.96;11.1;70.0
6601;2023-10-03 02:00:00;0.55;2.3;4.0;6.3;25.0;27.0;4.0;710.6;0.0;71.0;2.1;0.001;24.69;7.6;58.0
6602;2023-10-03 03:00:00;0.54;;3.7;6.0;22.0;26.0;4.0;710.3;0.0;71.0;2.1;0.001;24.34;6.3;52.0
6603;2023-10-03 04:00:00;0.54;3.0;6.9;9.9;17.0;27.0;4.0;709.9;0.0;73.0;2.0;0.001;24.0;4.0;9.0
6604;2023-10-03 05:00:00;0.58;4.1;13.6;17.7;11.0;31.0;7.0;709.9;0.0;75.0;2.0;0.001;23.74;2.8;35.0
6605;2023-10-03 06:00:00;0.59;3.7;12.5;16.3;11.0;40.0;6.0;709.8;0.0;76.0;2.0;0.001;23.39;2.7;50.0
6606;2023-10-03 07:00:00;0.64;16.9;13.6;30.6;9.0;38.0;6.0;710.1;0.0;77.0;2.1;0.004;23.35;3.3;47.0
6607;2023-10-03 08:00:00;0.75;18.8;13.7;32.5;10.0;38.0;11.0;710.6;0.0;77.0;2.1;0.041;23.59;4.5;64.0
6608;2023-10-03 09:00:00;0.89;23.4;16.3;39.7;11.0;52.0;12.0;711.1;0.0;76.0;2.3;0.098;24.13;4.1;53.0
6609;2023-10-03 10:00:00;0.92;14.1;15.5;29.6;18.0;64.0;17.0;711.4;0.0;70.0;2.4;0.261;25.37;5.4;26.0
6610;2023-10-03 11:00:00;0.83;15.1;17.5;32.7;20.0;70.0;19.0;711.3;0.0;68.0;2.7;0.281;25.89;6.8;26.0
6611;2023-10-03 12:00:00;0.82;10.0;19.7;29.6;31.0;72.0;27.0;711.0;0.0;63.0;3.1;0.428;27.16;6.1;19.0
6612;2023-10-03 13:00:00;0.74;4.2;13.2;17.4;59.0;70.0;27.0;710.4;0.0;56.0;2.7;0.645;28.84;5.1;75.0
6613;2023-10-03 14:00:00;0.69;3.6;9.7;13.2;57.0;56.0;25.0;709.7;0.0;52.0;2.5;0.532;29.84;6.0;57.0
6614;2023-10-03 15:00:00;0.6;3.3;7.4;10.6;50.0;44.0;10.0;709.1;0.0;47.0;2.5;0.59;30.91;11.0;107.0
6615;2023-10-03 16:00:00;0.59;3.5;7.4;10.8;39.0;35.0;7.0;708.8;0.0;47.0;2.4;0.39;30.6;11.5;116.0
6616;2023-10-03 17:00:00;0.63;3.7;9.9;13.5;33.0;38.0;7.0;708.5;0.0;50.0;2.3;0.113;29.85;9.7;105.0
6617;2023-10-03 18:00:00;0.68;3.6;9.8;13.4;30.0;42.0;;708.5;0.0;51.0;2.4;0.062;29.89;9.1;84.0
6618;2023-10-03 19:00:00;0.71;3.5;11.9;15.4;26.0;43.0;;708.6;0.0;54.0;2.4;0.009;29.08;6.8;134.0
6619;2023-10-03 20:00:00;0.72;3.1;13.5;16.6;24.0;36.0;;708.7;0.0;53.0;2.4;0.001;28.88;6.1;125.0
6620;2023-10-03 21:00:00;0.68;2.7;12.2;14.9;25.0;39.0;;709.0;0.0;54.0;2.4;0.001;28.65;8.6;119.0
6621;2023-10-03 22:00:00;0.63;2.4;12.3;14.7;26.0;34.0;;709.0;0.0;55.0;2.3;0.001;28.44;5.7;100.0
6622;2023-10-03 23:00:00;0.64;2.9;12.8;15.7;20.0;35.0;8.0;709.2;0.0;55.0;2.3;0.001;28.01;7.5;64.0
6623;2023-10-04 00:00:00;0.64;2.5;10.7;13.2;19.0;35.0;9.0;709.2;0.0;60.0;2.2;0.001;27.32;4.9;75.0
6624;2023-10-04 01:00:00;0.59;2.3;7.3;9.5;20.0;36.0;6.0;709.3;0.0;65.0;2.1;0.001;26.54;6.9;51.0
6625;2023-10-04 02:00:00;0.57;2.3;5.0;7.3;20.0;31.0;5.0;709.1;0.0;70.0;2.0;0.001;25.7;6.8;55.0
6626;2023-10-04 03:00:00;0.56;2.2;4.1;6.4;20.0;30.0;5.0;708.9;0.0;72.0;2.0;0.001;25.21;5.7;53.0
6627;2023-10-04 04:00:00;0.56;2.8;7.0;9.8;16.0;27.0;5.0;708.9;0.0;74.0;2.1;0.001;24.76;4.7;13.0
6628;2023-10-04 05:00:00;0.59;5.0;11.7;16.7;11.0;28.0;7.0;708.9;0.0;77.0;2.3;0.001;24.36;4.6;24.0
6629;2023-10-04 06:00:00;0.58;2.9;6.3;9.2;16.0;36.0;7.0;709.1;0.0;79.0;2.1;0.001;24.05;6.0;70.0
6630;2023-10-04 07:00:00;0.64;3.9;9.6;13.5;12.0;28.0;6.0;709.4;0.0;80.0;2.2;0.004;23.96;4.8;71.0
6631;2023-10-04 08:00:00;0.74;11.9;11.8;23.8;12.0;39.0;6.0;709.8;0.0;79.0;2.5;0.066;24.4;1.5;28.0
6632;2023-10-04 09:00:00;0.88;15.6;15.0;30.6;15.0;42.0;7.0;710.0;0.0;73.0;2.7;0.159;25.58;4.1;354.0
6633;2023-10-04 10:00:00;0.89;12.4;15.9;28.3;21.0;52.0;7.0;710.2;0.0;68.0;2.6;0.233;26.48;5.4;8.0
6634;2023-10-04 11:00:00;0.86;9.5;17.0;26.5;29.0;52.0;16.0;710.1;0.0;62.0;2.5;0.449;27.89;3.8;12.0
6635;2023-10-04 12:00:00;0.92;9.2;22.6;31.8;39.0;60.0;19.0;709.9;0.0;57.0;2.6;0.511;29.17;4.3;37.0
6636;2023-10-04 13:00:00;0.91;6.9;22.3;29.2;55.0;71.0;21.0;709.4;0.0;56.0;2.8;0.568;29.5;8.2;79.0
6637;2023-10-04 14:00:00;0.81;3.3;12.4;15.6;73.0;73.0;24.0;708.8;0.0;54.0;2.6;0.489;30.09;8.0;57.0
6638;2023-10-04 15:00:00;0.69;3.4;9.9;13.2;53.0;55.0;12.0;708.3;0.0;51.0;2.4;0.368;30.61;8.1;81.0
6639;2023-10-04 16:00:00;0.61;3.4;7.4;10.8;49.0;44.0;7.0;708.0;0.0;45.0;2.3;0.559;32.1;11.0;104.0
6640;2023-10-04 17:00:00;0.71;3.3;10.0;13.3;41.0;40.0;6.0;707.7;0.0;47.0;2.4;0.122;31.65;9.1;93.0
6641;2023-10-04 18:00:00;0.7;3.1;9.7;12.9;32.0;40.0;7.0;707.7;0.0;48.0;2.4;0.053;31.26;9.6;95.0
6642;2023-10-04 19:00:00;0.78;2.9;15.4;18.3;26.0;40.0;10.0;707.9;0.0;50.0;2.4;0.005;30.87;6.7;103.0
6643;2023-10-04 20:00:00;0.89;3.3;22.2;25.5;19.0;38.0;9.0;708.1;0.0;51.0;2.5;0.001;30.43;4.9;122.0
6644;2023-10-04 21:00:00;0.86;2.8;20.9;23.7;19.0;43.0;9.0;708.3;0.0;53.0;2.4;0.001;29.94;4.1;113.0
6645;2023-10-04 22:00:00;0.74;2.8;14.5;17.3;19.0;47.0;11.0;708.6;0.0;55.0;2.3;0.001;29.27;8.8;66.0
6646;2023-10-04 23:00:00;0.6;3.4;5.9;9.3;20.0;48.0;7.0;709.1;0.0;61.0;2.1;0.001;28.14;11.4;71.0
6647;2023-10-05 00:00:00;0.62;3.1;8.8;11.9;16.0;37.0;5.0;709.2;0.0;63.0;2.1;0.001;27.48;7.7;53.0
6648;2023-10-05 01:00:00;0.63;2.6;8.5;11.1;15.0;37.0;5.0;709.2;0.0;66.0;2.1;0.001;26.74;6.4;40.0
6649;2023-10-05 02:00:00;0.62;2.9;9.0;12.0;14.0;34.0;5.0;709.2;0.0;69.0;2.2;0.001;25.95;4.3;34.0
6650;2023-10-05 03:00:00;0.63;5.4;12.7;18.1;10.0;38.0;7.0;709.2;0.0;72.0;2.3;0.001;25.41;4.1;35.0
6651;2023-10-05 04:00:00;0.63;5.6;11.2;16.8;11.0;43.0;7.0;709.0;0.0;74.0;2.4;0.001;25.03;2.3;54.0
6652;2023-10-05 05:00:00;0.65;7.1;11.8;18.9;10.0;41.0;;709.1;0.0;75.0;2.5;0.001;24.9;4.1;13.0
6653;2023-10-05 06:00:00;0.68;5.9;12.3;18.1;9.0;48.0;;709.2;0.0;76.0;2.6;0.001;24.54;2.5;46.0
6654;2023-10-05 07:00:00;0.82;17.8;12.3;30.1;9.0;38.0;8.0;709.5;0.0;78.0;2.6;0.006;24.2;1.6;354.0
6655;2023-10-05 08:00:00;0.93;22.0;14.2;36.2;10.0;50.0;8.0;709.9;0.0;77.0;3.2;0.062;24.91;3.5;19.0
6656;2023-10-05 09:00:00;1.02;25.1;17.1;42.2;14.0;54.0;;710.4;0.0;71.0;2.9;0.236;26.54;3.3;11.0
6657;2023-10-05 10:00:00;1.14;21.3;22.9;44.2;20.0;74.0;;710.7;0.0;63.0;2.7;0.301;28.33;5.0;15.0
6658;2023-10-05 11:00:00;1.0;17.3;22.6;39.9;26.0;93.0;11.0;710.7;0.0;61.0;2.8;0.627;28.76;7.0;59.0
6659;2023-10-05 12:00:00;0.89;7.9;19.0;26.8;46.0;76.0;19.0;710.5;0.0;57.0;3.0;0.766;29.9;7.6;35.0
6660;2023-10-05 13:00:00;0.78;4.9;13.7;18.6;51.0;75.0;20.0;710.1;0.0;53.0;2.8;0.581;30.6;8.4;45.0
6661;2023-10-05 14:00:00;0.75;4.9;16.6;21.5;48.0;65.0;16.0;709.7;0.0;50.0;2.8;0.261;30.7;7.7;74.0
6662;2023-10-05 15:00:00;0.71;6.0;15.3;21.4;30.0;50.0;10.0;709.9;0.0;54.0;2.8;0.132;28.92;12.0;22.0
6663;2023-10-05 16:00:00;0.6;3.6;8.0;11.6;33.0;132.0;7.0;710.7;0.0;57.0;2.4;0.052;26.75;7.1;299.0
6664;2023-10-05 17:00:00;0.79;4.1;11.8;15.9;25.0;53.0;7.0;711.8;0.0;77.0;2.4;0.021;23.36;11.6;14.0
6665;2023-10-05 18:00:00;0.87;5.5;19.0;24.5;19.0;28.0;;712.4;0.0;85.0;2.6;0.008;21.8;11.3;51.0
6666;2023-10-05 19:00:00;0.76;3.3;17.5;20.8;23.0;37.0;;713.2;0.0;87.0;2.4;0.001;20.65;8.7;31.0
6667;2023-10-05 20:00:00;0.76;3.2;18.6;21.8;21.0;30.0;4.0;713.7;0.0;88.0;2.4;0.001;20.45;3.2;91.0
6668;2023-10-05 21:00:00;0.66;3.1;13.3;16.4;26.0;28.0;4.0;714.2;0.0;88.0;2.1;0.001;20.14;4.1;186.0
6669;2023-10-05 22:00:00;0.66;2.4;12.4;14.8;27.0;26.0;4.0;714.4;0.0;88.0;2.2;0.001;20.13;2.9;116.0
6670;2023-10-05 23:00:00;0.73;2.9;16.3;19.1;22.0;23.0;4.0;714.4;0.0;88.0;2.2;0.001;20.24;4.3;75.0
6671;2023-10-06 00:00:00;0.77;2.5;19.7;22.2;19.0;31.0;10.0;714.3;0.0;87.0;2.3;0.001;20.12;4.5;96.0
6672;2023-10-06 01:00:00;0.72;2.4;18.3;20.7;18.0;36.0;11.0;714.0;0.0;88.0;2.2;0.001;20.04;2.3;119.0
6673;2023-10-06 02:00:00;0.73;2.3;17.2;19.5;21.0;34.0;7.0;713.8;0.0;87.0;2.1;0.001;20.12;4.0;74.0
6674;2023-10-06 03:00:00;0.69;2.3;13.8;16.1;22.0;35.0;7.0;713.5;0.0;86.0;2.1;0.001;20.24;3.6;104.0
6675;2023-10-06 04:00:00;0.64;;11.6;13.9;23.0;32.0;;713.4;0.0;85.0;2.1;0.001;20.18;2.5;124.0
6676;2023-10-06 05:00:00;0.61;;10.6;12.9;24.0;30.0;;713.3;0.0;85.0;2.1;0.001;20.32;1.2;143.0
6677;2023-10-06 06:00:00;0.57;2.8;11.3;14.1;24.0;29.0;;713.7;0.0;84.0;2.1;0.001;20.0;2.3;165.0
6678;2023-10-06 07:00:00;0.65;3.7;11.7;15.4;24.0;32.0;6.0;714.0;0.0;85.0;2.1;0.001;19.88;4.4;212.0
6679;2023-10-06 08:00:00;0.72;5.2;15.5;20.7;21.0;27.0;7.0;714.5;0.0;84.0;2.1;0.008;20.09;0.6;115.0
6680;2023-10-06 09:00:00;0.81;6.4;19.2;25.6;18.0;27.0;6.0;715.0;0.0;82.0;2.3;0.018;20.5;2.1;242.0
6681;2023-10-06 10:00:00;0.72;5.2;13.4;18.6;30.0;25.0;6.0;715.5;0.0;84.0;2.2;0.055;19.53;6.1;208.0
6682;2023-10-06 11:00:00;0.82;5.1;14.2;19.3;31.0;28.0;;715.5;0.0;83.0;2.2;0.088;19.7;6.8;208.0
6683;2023-10-06 12:00:00;0.75;5.4;13.5;18.8;34.0;32.0;;715.4;0.0;76.0;2.2;0.155;21.24;5.0;208.0
6684;2023-10-06 13:00:00;0.7;3.9;11.9;15.8;40.0;31.0;;715.1;0.0;67.0;2.2;0.168;22.48;3.8;201.0
6685;2023-10-06 14:00:00;0.7;4.5;13.1;17.6;41.0;38.0;8.0;714.6;0.0;62.0;2.2;0.138;22.99;3.5;243.0
6686;2023-10-06 15:00:00;0.77;4.1;14.9;19.0;36.0;40.0;8.0;714.3;0.0;75.0;2.3;0.06;20.39;6.0;230.0
6687;2023-10-06 16:00:00;0.87;6.7;21.9;28.6;28.0;35.0;;714.2;0.0;70.0;2.4;0.127;21.95;5.3;226.0
6688;2023-10-06 17:00:00;0.84;8.1;25.5;33.6;25.0;41.0;10.0;714.2;0.0;63.0;2.3;0.04;22.59;5.3;227.0
6689;2023-10-06 18:00:00;1.09;12.9;32.1;45.1;13.0;47.0;10.0;714.4;0.0;64.0;2.6;0.009;22.27;2.0;218.0
6690;2023-10-06 19:00:00;1.01;9.7;29.4;39.2;16.0;50.0;;714.8;0.0;70.0;2.5;0.002;21.84;4.4;5.0
6691;2023-10-06 20:00:00;0.8;2.9;22.9;25.8;23.0;53.0;9.0;715.3;0.0;80.0;2.3;0.001;20.44;5.9;358.0
6692;2023-10-06 21:00:00;0.84;2.4;13.6;16.1;35.0;41.0;9.0;716.0;0.0;82.0;2.3;0.001;19.25;3.2;333.0
6693;2023-10-06 22:00:00;0.61;2.4;7.3;9.7;45.0;34.0;10.0;716.3;0.0;84.0;2.1;0.001;18.36;5.1;271.0
6694;2023-10-06 23:00:00;0.56;2.2;6.5;8.8;44.0;30.0;10.0;716.2;0.0;83.0;2.1;0.001;18.03;5.7;233.0
6695;2023-10-07 00:00:00;0.63;2.8;14.7;17.5;35.0;27.0;;715.8;0.0;80.0;2.1;0.001;19.06;7.4;221.0
6696;2023-10-07 01:00:00;0.67;2.4;18.9;21.3;28.0;31.0;9.0;715.6;0.0;77.0;2.1;0.001;19.41;3.7;235.0
6697;2023-10-07 02:00:00;0.7;2.3;15.4;17.7;27.0;33.0;9.0;715.7;0.0;76.0;2.2;0.001;19.49;3.2;208.0
6698;2023-10-07 03:00:00;0.59;2.3;10.2;12.5;31.0;36.0;;715.7;0.0;73.0;2.1;0.001;19.52;4.4;213.0
6699;2023-10-07 04:00:00;0.57;2.2;9.3;11.6;31.0;39.0;10.0;715.7;0.0;72.0;2.0;0.001;19.61;4.9;214.0
6700;2023-10-07 05:00:00;0.61;2.2;9.6;11.9;36.0;39.0;10.0;715.8;0.0;72.0;2.1;0.001;19.52;5.0;176.0
6701;2023-10-07 06:00:00;0.59;2.3;8.0;10.3;37.0;30.0;;716.0;0.0;69.0;2.1;0.001;19.68;1.3;117.0
6702;2023-10-07 07:00:00;0.62;2.4;9.0;11.4;36.0;26.0;6.0;716.5;0.0;70.0;2.1;0.001;19.76;3.6;21.0
6703;2023-10-07 08:00:00;0.58;2.3;6.4;8.7;44.0;29.0;6.0;717.1;0.0;76.0;2.2;0.012;19.08;3.7;19.0
6704;2023-10-07 09:00:00;0.72;2.6;9.3;11.9;44.0;27.0;7.0;717.5;0.0;73.0;2.3;0.032;18.72;2.4;39.0
6705;2023-10-07 10:00:00;0.74;3.2;15.0;18.2;40.0;31.0;7.0;717.7;0.0;67.0;2.5;0.06;19.5;3.3;100.0
6706;2023-10-07 11:00:00;0.77;4.5;18.1;22.5;38.0;33.0;;717.8;0.0;64.0;2.5;0.12;20.26;1.3;22.0
6707;2023-10-07 12:00:00;0.75;4.9;14.2;19.1;44.0;39.0;;717.5;0.0;59.0;2.4;0.249;21.21;4.8;346.0
6708;2023-10-07 13:00:00;0.75;5.0;16.8;21.8;44.0;35.0;3.0;716.9;0.0;53.0;2.7;0.248;22.21;3.6;351.0
6709;2023-10-07 14:00:00;0.76;5.0;18.3;23.4;43.0;41.0;;716.4;0.0;51.0;2.9;0.157;21.91;9.2;6.0
6710;2023-10-07 15:00:00;0.62;3.8;11.5;15.3;46.0;45.0;;716.0;0.0;49.0;2.6;0.186;21.88;9.1;4.0
6711;2023-10-07 16:00:00;0.66;3.3;11.6;14.9;43.0;40.0;;716.0;0.0;48.0;2.7;0.092;21.49;8.1;360.0
6712;2023-10-07 17:00:00;0.64;2.9;12.4;15.3;42.0;36.0;;716.1;0.0;54.0;2.5;0.053;21.04;9.5;8.0
6713;2023-10-07 18:00:00;0.7;2.6;12.9;15.5;39.0;36.0;;716.2;0.0;58.0;2.4;0.017;20.81;7.4;17.0
6714;2023-10-07 19:00:00;0.62;2.4;12.0;14.4;38.0;34.0;;716.3;0.0;64.0;2.3;0.002;20.24;7.5;17.0
6715;2023-10-07 20:00:00;0.98;2.4;14.3;16.7;35.0;37.0;;716.6;0.0;68.0;2.6;0.001;19.38;7.7;24.0
6716;2023-10-07 21:00:00;1.04;2.3;15.8;18.2;34.0;41.0;;716.9;0.0;64.0;2.5;0.001;19.02;4.6;62.0
6717;2023-10-07 22:00:00;0.71;2.7;15.5;18.3;36.0;40.0;;716.9;0.0;62.0;2.4;0.001;19.12;6.0;59.0
6718;2023-10-07 23:00:00;0.66;2.4;14.2;16.6;34.0;37.0;;716.8;0.0;67.0;2.4;0.001;18.49;7.4;61.0
6719;2023-10-08 00:00:00;0.65;2.8;21.2;24.0;25.0;40.0;;716.4;0.0;70.0;2.6;0.001;17.71;6.0;29.0
6720;2023-10-08 01:00:00;1.07;2.2;9.7;11.9;41.0;43.0;;716.2;0.0;69.0;2.5;0.001;17.31;5.6;53.0
6721;2023-10-08 02:00:00;0.67;2.2;9.5;11.7;40.0;34.0;;715.9;0.0;66.0;2.5;0.001;17.73;5.2;54.0
6722;2023-10-08 03:00:00;0.73;;;;40.0;33.0;;715.9;0.0;68.0;2.4;0.001;17.56;5.1;43.0
6723;2023-10-08 04:00:00;0.74;;;;37.0;32.0;;715.7;0.0;74.0;2.3;0.001;16.76;3.9;32.0
6724;2023-10-08 05:00:00;0.59;;;;30.0;28.0;;715.6;0.0;79.0;2.4;0.001;15.66;0.4;352.0
6725;2023-10-08 06:00:00;0.66;2.3;11.8;14.0;28.0;28.0;;715.8;0.0;82.0;2.2;0.001;15.58;2.2;202.0
6726;2023-10-08 07:00:00;0.67;2.7;16.1;18.9;23.0;31.0;;716.1;0.0;82.0;2.2;0.002;15.75;1.8;185.0
6727;2023-10-08 08:00:00;0.66;2.8;18.1;20.9;21.0;35.0;;716.3;0.0;82.0;2.3;0.01;15.93;1.1;195.0
6728;2023-10-08 09:00:00;0.73;5.2;22.0;27.1;17.0;35.0;;716.8;0.0;83.0;2.5;0.017;16.1;3.1;24.0
6729;2023-10-08 10:00:00;0.64;2.9;17.4;20.4;23.0;42.0;;717.0;0.0;84.0;2.6;0.009;15.62;5.1;3.0
6730;2023-10-08 11:00:00;0.69;3.5;17.7;21.1;24.0;31.0;;716.9;0.0;85.0;2.5;0.032;15.46;1.8;359.0
6731;2023-10-08 12:00:00;0.81;7.4;21.7;29.1;22.0;27.0;;716.6;0.0;85.0;2.7;0.066;15.73;4.6;359.0
6732;2023-10-08 13:00:00;0.71;4.3;13.6;17.9;38.0;37.0;;715.9;0.0;86.0;2.7;0.155;15.64;6.0;52.0
6733;2023-10-08 14:00:00;0.74;4.5;14.6;19.1;39.0;34.0;;715.0;0.0;84.0;2.8;0.143;16.24;5.6;44.0
6734;2023-10-08 15:00:00;0.78;4.2;15.4;19.6;38.0;39.0;;714.6;0.0;83.0;4.0;0.098;16.53;5.4;55.0
6735;2023-10-08 16:00:00;0.74;3.0;10.9;14.0;42.0;50.0;;714.4;0.0;83.0;3.1;0.082;16.22;5.6;68.0
6736;2023-10-08 17:00:00;0.72;3.1;16.1;19.3;37.0;37.0;;714.1;0.0;81.0;2.9;0.035;15.87;2.9;28.0
6737;2023-10-08 18:00:00;0.82;6.0;35.8;41.8;15.0;36.0;;714.0;0.0;80.0;3.6;0.008;16.36;4.1;330.0
6738;2023-10-08 19:00:00;0.9;3.0;29.8;32.8;17.0;51.0;;713.9;0.0;80.0;3.0;0.001;16.58;2.3;360.0
6739;2023-10-08 20:00:00;1.1;5.4;34.8;40.2;12.0;41.0;;714.2;0.0;82.0;3.1;0.001;16.17;1.6;295.0
6740;2023-10-08 21:00:00;1.01;2.6;28.4;31.0;14.0;47.0;;714.3;0.0;84.0;2.7;0.001;15.97;2.0;261.0
6741;2023-10-08 22:00:00;0.92;2.5;21.3;23.8;20.0;46.0;;714.3;0.0;85.0;2.5;0.001;15.61;2.7;260.0
6742;2023-10-08 23:00:00;0.84;2.5;20.9;23.4;20.0;43.0;;714.0;0.0;86.0;2.5;0.001;15.73;3.1;233.0
6743;2023-10-09 00:00:00;0.89;;25.1;27.6;14.0;47.0;;713.6;0.0;86.0;2.6;0.001;15.84;1.9;253.0
6744;2023-10-09 01:00:00;0.97;2.8;24.4;27.2;14.0;48.0;;712.8;0.0;86.0;2.5;0.001;15.88;1.8;334.0
6745;2023-10-09 02:00:00;0.91;2.7;22.9;25.6;14.0;40.0;;712.5;0.0;86.0;2.5;0.001;15.8;0.9;268.0
6746;2023-10-09 03:00:00;0.95;3.5;25.9;29.4;10.0;44.0;;711.8;0.0;86.0;2.6;0.001;16.08;0.7;303.0
6747;2023-10-09 04:00:00;0.91;2.9;24.4;27.3;11.0;49.0;;711.6;0.0;86.0;2.5;0.001;16.16;0.6;36.0
6748;2023-10-09 05:00:00;0.85;2.6;18.9;21.5;13.0;50.0;;711.6;0.0;86.0;2.6;0.001;16.3;2.3;91.0
6749;2023-10-09 06:00:00;0.63;2.4;9.6;12.0;20.0;52.0;;711.7;0.0;85.0;2.3;0.001;16.3;2.7;66.0
6750;2023-10-09 07:00:00;0.71;3.9;14.4;18.3;17.0;38.0;;711.9;0.0;83.0;2.4;0.002;16.32;3.2;38.0
6751;2023-10-09 08:00:00;0.85;10.9;19.5;30.4;13.0;33.0;;712.2;0.0;82.0;2.6;0.021;16.56;2.3;20.0
6752;2023-10-09 09:00:00;0.99;16.1;22.8;38.9;15.0;43.0;;712.6;0.0;80.0;2.9;0.11;17.13;1.7;6.0
6753;2023-10-09 10:00:00;0.92;14.1;21.0;35.1;20.0;54.0;;712.5;0.0;73.0;3.1;0.213;18.5;0.8;331.0
6754;2023-10-09 11:00:00;0.84;9.2;17.2;26.4;26.0;51.0;;712.3;0.0;70.0;2.8;0.236;19.05;2.7;55.0
6755;2023-10-09 12:00:00;0.92;11.6;21.5;33.0;29.0;46.0;;711.8;0.0;65.0;2.9;0.373;20.12;1.7;310.0
6756;2023-10-09 13:00:00;1.04;12.8;30.2;42.9;34.0;56.0;;711.1;0.0;62.0;3.1;0.358;21.06;2.2;8.0
6757;2023-10-09 14:00:00;1.14;12.3;36.4;48.7;42.0;75.0;;710.4;0.0;59.0;3.7;0.421;21.73;3.5;33.0
6758;2023-10-09 15:00:00;1.23;8.2;36.8;45.0;46.0;94.0;;709.9;0.0;59.0;4.2;0.237;21.42;5.6;2.0
6759;2023-10-09 16:00:00;1.07;4.5;30.1;34.6;51.0;97.0;;709.8;0.0;61.0;3.8;0.093;21.03;5.9;357.0
6760;2023-10-09 17:00:00;1.11;4.3;31.8;36.1;40.0;85.0;;709.8;0.0;65.0;3.6;0.053;20.71;4.0;19.0
6761;2023-10-09 18:00:00;1.15;4.3;30.4;34.8;27.0;81.0;;710.1;0.0;71.0;3.1;0.026;20.19;3.4;47.0
6762;2023-10-09 19:00:00;1.25;9.7;45.2;54.9;13.0;72.0;;710.2;0.0;73.0;3.4;0.002;19.95;3.3;31.0
6763;2023-10-09 20:00:00;1.34;12.5;39.1;51.6;9.0;83.0;;710.4;0.0;74.0;3.5;0.001;19.82;2.3;41.0
6764;2023-10-09 21:00:00;1.32;10.8;34.5;45.3;9.0;80.0;;710.5;0.0;76.0;3.1;0.001;19.67;1.4;9.0
6765;2023-10-09 22:00:00;1.17;7.8;31.3;39.1;10.0;71.0;;710.5;0.0;77.0;2.8;0.001;19.56;1.2;30.0
6766;2023-10-09 23:00:00;1.32;14.3;31.6;45.9;9.0;64.0;;710.3;0.0;78.0;3.2;0.001;19.35;1.1;266.0
6767;2023-10-10 00:00:00;1.47;23.4;35.0;58.4;9.0;78.0;;710.0;0.0;79.0;3.6;0.001;19.21;1.5;360.0
6768;2023-10-10 01:00:00;1.44;22.9;38.6;61.5;10.0;84.0;;709.7;0.0;79.0;3.5;0.001;19.08;2.1;317.0
6769;2023-10-10 02:00:00;1.72;30.8;35.3;66.0;10.0;99.0;;709.4;0.0;80.0;4.1;0.001;19.13;1.5;12.0
6770;2023-10-10 03:00:00;1.68;25.5;36.6;62.1;10.0;104.0;;709.2;0.0;80.0;3.9;0.001;19.07;1.5;40.0
6771;2023-10-10 04:00:00;1.38;21.8;33.4;55.2;9.0;108.0;;708.9;0.0;81.0;3.5;0.001;18.79;1.3;331.0
6772;2023-10-10 05:00:00;1.32;19.5;31.5;51.0;9.0;102.0;;708.8;0.0;83.0;3.5;0.001;18.68;1.3;1.0
6773;2023-10-10 06:00:00;1.2;15.1;33.4;48.4;9.0;98.0;;709.0;0.0;84.0;3.2;0.001;18.65;1.6;351.0
6774;2023-10-10 07:00:00;1.39;26.5;30.7;57.2;;95.0;;709.0;0.0;83.0;3.6;0.001;18.75;1.3;246.0
6775;2023-10-10 08:00:00;1.66;41.5;33.5;74.9;10.0;97.0;;709.2;0.0;83.0;3.8;0.01;18.77;1.7;321.0
6776;2023-10-10 09:00:00;1.78;43.6;36.8;80.4;10.0;100.0;;709.6;0.0;83.0;3.8;0.022;18.88;2.6;359.0
6777;2023-10-10 10:00:00;1.9;42.3;35.8;78.0;10.0;116.0;;709.8;0.0;83.0;4.1;0.012;18.86;3.2;9.0
6778;2023-10-10 11:00:00;1.72;39.8;33.5;73.3;;125.0;;709.7;0.0;84.0;4.2;0.035;18.42;2.1;61.0
6779;2023-10-10 12:00:00;1.64;36.5;37.5;74.0;12.0;102.0;;709.4;0.0;85.0;4.0;0.082;18.36;2.4;32.0
6780;2023-10-10 13:00:00;1.9;44.4;42.5;86.9;12.0;100.0;;708.9;0.0;86.0;4.3;0.093;18.68;3.0;48.0
6781;2023-10-10 14:00:00;1.95;46.9;42.6;89.5;11.0;;54.0;708.3;0.0;87.0;4.4;0.063;18.71;5.2;58.0
6782;2023-10-10 15:00:00;1.72;38.3;40.7;79.1;11.0;;48.0;707.9;0.0;88.0;4.2;0.041;18.54;3.7;43.0
6783;2023-10-10 16:00:00;1.68;36.4;41.0;77.4;11.0;69.0;43.0;707.5;0.0;88.0;4.1;0.062;18.7;4.4;45.0
6784;2023-10-10 17:00:00;1.5;24.5;39.9;64.4;10.0;61.0;35.0;707.2;0.0;88.0;3.8;0.022;18.67;4.6;55.0
6785;2023-10-10 18:00:00;1.36;16.4;36.4;52.8;10.0;57.0;29.0;707.4;0.0;88.0;3.6;0.009;18.7;4.7;43.0
6786;2023-10-10 19:00:00;1.37;13.2;35.3;48.6;10.0;48.0;23.0;707.6;0.0;89.0;3.6;0.002;18.74;4.7;54.0
6787;2023-10-10 20:00:00;;;;;;;;;;;;;;;
6788;2023-10-10 21:00:00;1.17;7.8;30.7;38.5;10.0;28.0;14.0;707.9;0.0;89.0;3.0;0.001;18.64;3.8;63.0
6789;2023-10-10 22:00:00;1.15;7.5;29.4;36.8;10.0;33.0;14.0;707.9;0.0;89.0;2.9;0.001;18.62;4.3;73.0
6790;2023-10-10 23:00:00;0.88;3.5;18.8;22.3;21.0;29.0;12.0;707.7;0.0;89.0;2.6;0.001;18.41;4.3;49.0
6791;2023-10-11 00:00:00;0.7;2.6;12.8;15.4;28.0;25.0;6.0;707.4;0.0;89.0;2.3;0.001;18.08;2.8;50.0
6792;2023-10-11 01:00:00;0.73;2.8;19.1;21.9;20.0;22.0;9.0;707.2;0.0;90.0;2.4;0.001;18.19;3.4;332.0
6793;2023-10-11 02:00:00;0.72;2.7;20.0;22.7;18.0;23.0;14.0;706.8;0.0;90.0;2.6;0.001;18.23;2.0;288.0
6794;2023-10-11 03:00:00;0.73;2.9;19.8;22.7;17.0;32.0;18.0;706.3;0.0;90.0;2.6;0.001;18.28;2.7;331.0
6795;2023-10-11 04:00:00;0.75;3.5;24.6;28.1;12.0;36.0;18.0;706.1;0.0;90.0;2.8;0.001;18.3;3.3;340.0
6796;2023-10-11 05:00:00;0.79;2.7;13.9;16.6;21.0;33.0;;706.1;0.0;90.0;2.5;0.001;18.24;3.2;349.0
6797;2023-10-11 06:00:00;0.73;2.9;12.4;15.3;22.0;36.0;13.0;706.1;0.0;90.0;2.4;0.001;18.23;2.7;51.0
6798;2023-10-11 07:00:00;0.74;3.3;15.9;19.2;20.0;30.0;7.0;706.4;0.0;90.0;2.3;0.002;18.14;3.0;70.0
6799;2023-10-11 08:00:00;0.88;6.5;17.9;24.4;18.0;25.0;7.0;706.6;0.0;;2.4;0.021;18.24;0.4;346.0
6800;2023-10-11 09:00:00;0.98;13.4;22.0;35.4;14.0;22.0;15.0;706.9;0.0;;2.6;0.059;18.51;2.6;334.0
6801;2023-10-11 10:00:00;1.09;14.1;21.5;35.5;15.0;37.0;23.0;707.3;0.0;;2.7;0.096;19.0;1.6;351.0
6802;2023-10-11 11:00:00;1.14;14.3;21.9;36.1;21.0;43.0;27.0;707.2;0.0;88.0;2.7;0.272;20.43;1.4;355.0
6803;2023-10-11 12:00:00;1.12;11.6;22.4;34.0;35.0;53.0;33.0;706.8;0.0;77.0;2.6;0.556;22.75;3.2;17.0
6804;2023-10-11 13:00:00;1.22;10.1;30.2;40.3;54.0;51.0;34.0;706.1;0.0;62.0;2.7;0.757;24.81;4.7;71.0
6805;2023-10-11 14:00:00;1.38;12.5;42.5;55.0;57.0;63.0;46.0;705.5;0.0;61.0;2.9;0.744;25.34;7.0;77.0
6806;2023-10-11 15:00:00;1.04;6.4;23.6;30.0;65.0;80.0;29.0;705.0;0.0;60.0;2.9;0.673;25.51;8.8;63.0
6807;2023-10-11 16:00:00;0.79;5.2;12.8;18.1;49.0;50.0;11.0;704.7;0.0;62.0;2.8;0.511;24.99;10.6;58.0
6808;2023-10-11 17:00:00;0.85;5.3;13.8;19.1;40.0;36.0;10.0;704.7;0.0;66.0;2.7;0.208;24.46;9.4;51.0
6809;2023-10-11 18:00:00;0.82;4.1;13.7;17.8;36.0;36.0;9.0;704.8;0.0;66.0;2.5;0.047;23.96;9.5;73.0
6810;2023-10-11 19:00:00;0.78;3.4;12.3;15.6;31.0;36.0;8.0;705.2;0.0;70.0;2.5;0.005;22.51;9.3;87.0
6811;2023-10-11 20:00:00;0.77;3.1;12.2;15.3;29.0;;8.0;705.6;0.0;73.0;2.4;0.001;21.95;8.3;90.0
6812;2023-10-11 21:00:00;0.79;3.0;13.6;16.6;25.0;33.0;9.0;706.0;0.0;74.0;2.4;0.001;21.67;7.0;83.0
6813;2023-10-11 22:00:00;0.88;6.1;19.9;26.0;15.0;35.0;10.0;706.1;0.0;77.0;2.6;0.001;21.29;3.9;40.0
6814;2023-10-11 23:00:00;0.88;5.4;21.4;26.8;12.0;36.0;10.0;706.1;0.0;79.0;2.6;0.001;21.09;5.1;42.0
6815;2023-10-12 00:00:00;0.79;3.3;14.5;17.8;17.0;37.0;9.0;705.8;0.0;80.0;2.4;0.001;20.9;3.2;70.0
6816;2023-10-12 01:00:00;0.66;2.7;7.4;10.1;25.0;28.0;9.0;705.7;0.0;76.0;2.3;0.001;21.05;4.8;96.0
6817;2023-10-12 02:00:00;0.63;2.6;6.3;8.8;25.0;22.0;8.0;705.5;0.0;77.0;2.2;0.001;20.83;4.4;107.0
6818;2023-10-12 03:00:00;0.62;2.5;5.9;8.4;27.0;19.0;9.0;705.2;0.0;75.0;2.3;0.001;20.67;3.8;72.0
6819;2023-10-12 04:00:00;0.6;2.5;5.8;8.3;27.0;19.0;8.0;705.0;0.0;75.0;2.2;0.001;20.53;2.1;57.0
6820;2023-10-12 05:00:00;0.62;2.6;6.5;9.0;23.0;27.0;9.0;705.0;0.0;76.0;2.2;0.001;20.25;1.5;28.0
6821;2023-10-12 06:00:00;0.67;3.4;8.4;11.8;16.0;25.0;9.0;705.3;0.0;80.0;2.3;0.001;19.73;1.5;203.0
6822;2023-10-12 07:00:00;0.94;12.0;16.5;28.4;10.0;32.0;21.0;705.6;0.0;80.0;2.7;0.005;19.09;1.4;232.0
6823;2023-10-12 08:00:00;1.08;25.0;19.2;44.3;11.0;48.0;26.0;706.0;0.0;77.0;2.9;0.085;20.31;3.7;217.0
6824;2023-10-12 09:00:00;1.11;24.9;23.8;48.6;16.0;69.0;38.0;706.2;0.0;66.0;2.9;0.241;23.05;2.3;238.0
6825;2023-10-12 10:00:00;1.15;21.4;27.1;48.5;24.0;98.0;46.0;706.2;0.0;59.0;3.0;0.384;24.61;3.6;353.0
6826;2023-10-12 11:00:00;1.13;13.3;27.7;40.9;39.0;103.0;56.0;705.9;0.0;54.0;2.9;0.635;26.25;3.5;16.0
6827;2023-10-12 12:00:00;1.09;8.7;29.5;38.2;60.0;;50.0;705.5;0.0;44.0;3.1;0.753;28.21;3.8;37.0
6828;2023-10-12 13:00:00;1.69;12.8;59.7;72.6;71.0;178.0;74.0;704.9;0.0;44.0;4.2;0.772;28.99;7.9;70.0
6829;2023-10-12 14:00:00;1.26;5.5;33.8;39.3;111.0;101.0;43.0;704.4;0.0;44.0;4.0;0.759;29.71;8.4;61.0
6830;2023-10-12 15:00:00;1.02;4.2;21.4;25.6;107.0;59.0;23.0;703.9;0.0;44.0;3.3;0.668;30.32;10.4;51.0
6831;2023-10-12 16:00:00;0.93;4.1;18.4;22.5;94.0;46.0;17.0;703.8;0.0;42.0;3.2;0.528;31.1;11.5;48.0
6832;2023-10-12 17:00:00;0.78;3.9;13.3;17.2;68.0;35.0;12.0;703.7;0.0;38.0;3.1;0.203;31.34;11.2;89.0
6833;2023-10-12 18:00:00;0.7;3.3;12.6;16.0;55.0;31.0;9.0;704.0;0.0;37.0;3.0;0.04;30.37;9.0;96.0
6834;2023-10-12 19:00:00;0.75;3.0;13.5;16.5;47.0;27.0;9.0;704.6;0.0;45.0;2.9;0.004;28.52;8.8;92.0
6835;2023-10-12 20:00:00;0.82;3.0;16.2;19.2;36.0;29.0;;705.1;0.0;52.0;2.7;0.001;27.54;8.1;87.0
6836;2023-10-12 21:00:00;0.92;3.6;23.0;26.6;24.0;31.0;;705.5;0.0;56.0;2.9;0.001;26.82;4.6;69.0
6837;2023-10-12 22:00:00;0.97;4.4;26.6;31.0;14.0;31.0;10.0;705.9;0.0;60.0;3.0;0.001;25.95;1.0;62.0
6838;2023-10-12 23:00:00;1.06;14.4;27.6;42.0;9.0;45.0;12.0;706.2;0.0;67.0;3.4;0.001;24.67;1.6;280.0
6839;2023-10-13 00:00:00;1.04;8.0;26.9;34.9;10.0;36.0;11.0;706.1;0.0;66.0;3.0;0.001;24.65;2.3;289.0
6840;2023-10-13 01:00:00;1.12;13.1;26.3;39.5;9.0;38.0;12.0;706.1;0.0;69.0;3.3;0.001;23.88;2.4;267.0
6841;2023-10-13 02:00:00;0.98;9.6;24.8;34.5;9.0;47.0;14.0;706.0;0.0;75.0;3.7;0.001;22.98;1.3;275.0
6842;2023-10-13 03:00:00;1.02;18.9;22.8;41.7;9.0;66.0;17.0;705.9;0.0;78.0;4.0;0.001;22.42;1.3;292.0
6843;2023-10-13 04:00:00;1.02;19.9;21.4;41.3;;71.0;18.0;705.8;0.0;81.0;4.1;0.001;21.92;1.6;254.0
6844;2023-10-13 05:00:00;0.99;21.3;21.3;42.6;;55.0;16.0;706.1;0.0;83.0;4.0;0.001;21.64;1.9;258.0
6845;2023-10-13 06:00:00;0.96;16.1;23.3;39.4;10.0;50.0;16.0;706.5;0.0;79.0;3.5;0.001;21.4;2.1;236.0
6846;2023-10-13 07:00:00;1.05;24.5;25.4;49.9;10.0;57.0;17.0;706.9;0.0;72.0;4.0;0.004;21.65;1.1;346.0
6847;2023-10-13 08:00:00;1.29;44.8;28.6;73.3;11.0;86.0;19.0;707.1;0.0;60.0;4.3;0.084;24.12;1.3;206.0
6848;2023-10-13 09:00:00;1.15;27.4;30.7;58.0;19.0;73.0;19.0;707.6;0.0;46.0;3.6;0.275;27.24;4.4;15.0
6849;2023-10-13 10:00:00;1.35;29.8;40.9;70.7;25.0;139.0;42.0;708.2;0.0;47.0;3.8;0.381;28.34;3.8;33.0
6850;2023-10-13 11:00:00;1.2;14.8;37.9;52.7;46.0;104.0;35.0;708.2;0.0;38.0;3.9;0.647;31.22;3.6;31.0
6851;2023-10-13 12:00:00;1.45;13.1;52.3;65.4;61.0;116.0;37.0;708.0;0.0;37.0;4.7;0.748;32.15;5.9;97.0
6852;2023-10-13 13:00:00;1.04;6.5;30.5;36.9;87.0;97.0;24.0;707.7;0.0;35.0;5.3;0.8;33.27;6.9;69.0
6853;2023-10-13 14:00:00;0.95;5.2;26.3;31.6;103.0;81.0;22.0;707.4;0.0;35.0;5.0;0.786;33.71;9.0;77.0
6854;2023-10-13 15:00:00;0.84;5.3;21.5;26.9;85.0;50.0;16.0;707.2;0.0;35.0;4.0;0.698;33.63;10.6;76.0
6855;2023-10-13 16:00:00;0.8;4.4;14.9;19.3;77.0;40.0;13.0;707.4;0.0;40.0;3.8;0.542;33.34;12.6;69.0
6856;2023-10-13 17:00:00;0.85;4.1;14.3;18.4;61.0;44.0;14.0;707.6;0.0;47.0;3.6;0.13;31.72;13.9;67.0
6857;2023-10-13 18:00:00;0.86;3.9;15.0;18.9;51.0;37.0;12.0;708.2;0.0;50.0;3.4;0.05;30.63;12.8;70.0
6858;2023-10-13 19:00:00;0.91;3.2;15.1;18.3;44.0;31.0;11.0;708.8;0.0;54.0;3.3;0.004;29.66;9.5;91.0
6859;2023-10-13 20:00:00;0.87;3.3;14.0;17.3;33.0;28.0;10.0;709.7;0.0;59.0;3.2;0.001;28.76;11.2;68.0
6860;2023-10-13 21:00:00;0.88;3.1;14.3;17.4;30.0;30.0;11.0;710.3;0.0;63.0;3.0;0.001;27.99;8.8;52.0
6861;2023-10-13 22:00:00;1.24;2.9;16.5;19.5;28.0;43.0;14.0;710.8;0.0;67.0;3.1;0.001;26.47;7.5;9.0
6862;2023-10-13 23:00:00;0.95;3.3;13.7;17.0;31.0;42.0;12.0;711.1;0.0;66.0;3.0;0.001;26.47;8.1;23.0
6863;2023-10-14 00:00:00;;;;;;;;;;;;0.0;;;
6864;2023-10-14 01:00:00;;;;;;;;;;;;0.0;;;
6865;2023-10-14 02:00:00;;;;;;;;;;;;0.0;;;
6866;2023-10-14 03:00:00;;;;;;;;;;;;0.0;;;
6867;2023-10-14 04:00:00;;;;;;;;;;;;0.0;;;
6868;2023-10-14 05:00:00;;;;;;;;;;;;0.0;;;
6869;2023-10-14 06:00:00;;;;;;;;;;;;0.0;;;
6870;2023-10-14 07:00:00;;;;;;;;;;;;0.0;;;
6871;2023-10-14 08:00:00;;;;;;;;;;;;0.0;;;
6872;2023-10-14 09:00:00;;;;;;;;;;;;0.0;;;
6873;2023-10-14 10:00:00;0.66;14.0;26.6;40.7;17.0;50.0;22.0;714.9;0.0;80.0;3.3;0.136;23.84;9.4;21.0
6874;2023-10-14 11:00:00;0.62;6.5;16.5;23.0;23.0;37.0;12.0;714.9;0.0;77.0;3.0;0.102;21.72;14.4;358.0
6875;2023-10-14 12:00:00;0.44;3.5;12.2;15.7;29.0;22.0;6.0;715.3;0.0;78.0;2.7;0.032;19.15;10.1;36.0
6876;2023-10-14 13:00:00;0.59;5.3;14.1;19.4;30.0;26.0;6.0;715.3;0.0;74.0;2.8;0.118;19.25;11.9;46.0
6877;2023-10-14 14:00:00;0.61;10.7;21.9;32.6;21.0;40.0;10.0;715.3;0.0;76.0;3.1;0.108;18.81;10.3;74.0
6878;2023-10-14 15:00:00;0.74;10.6;24.1;34.6;18.0;33.0;11.0;715.3;0.0;81.0;3.3;0.053;17.09;9.4;68.0
6879;2023-10-14 16:00:00;0.81;18.9;27.3;46.2;14.0;22.0;14.0;715.3;0.0;86.0;3.5;0.064;16.11;5.5;62.0
6880;2023-10-14 17:00:00;0.85;13.2;26.4;39.6;16.0;21.0;13.0;715.2;0.0;88.0;3.4;0.077;16.24;6.3;67.0
6881;2023-10-14 18:00:00;0.85;11.4;30.2;41.6;12.0;39.0;21.0;715.4;0.0;88.0;3.6;0.011;16.27;5.5;81.0
6882;2023-10-14 19:00:00;0.86;6.0;30.4;36.3;11.0;36.0;17.0;715.6;0.0;87.0;3.5;0.002;16.39;5.5;95.0
6883;2023-10-14 20:00:00;0.91;4.6;30.8;35.4;12.0;40.0;14.0;715.7;0.0;77.0;3.4;0.001;16.96;3.4;90.0
6884;2023-10-14 21:00:00;1.13;5.0;30.8;35.8;11.0;46.0;16.0;716.0;0.0;70.0;3.6;0.001;17.31;1.4;86.0
6885;2023-10-14 22:00:00;1.13;4.5;21.4;25.9;21.0;42.0;15.0;716.3;0.0;70.0;3.4;0.001;17.54;3.7;27.0
6886;2023-10-14 23:00:00;0.85;2.3;8.9;11.1;34.0;29.0;10.0;716.3;0.0;71.0;3.3;0.001;17.55;3.9;323.0
6887;2023-10-15 00:00:00;0.74;2.2;10.3;12.5;29.0;26.0;10.0;716.0;0.0;73.0;3.2;0.001;17.48;1.2;140.0
6888;2023-10-15 01:00:00;0.84;2.3;17.6;19.9;21.0;36.0;14.0;716.0;0.0;74.0;3.0;0.001;17.59;2.2;340.0
6889;2023-10-15 02:00:00;0.83;2.3;17.9;20.2;19.0;38.0;15.0;716.0;0.0;74.0;3.0;0.001;17.59;1.9;352.0
6890;2023-10-15 03:00:00;0.79;;15.9;18.2;21.0;36.0;14.0;716.0;0.0;73.0;2.9;0.001;17.63;1.0;175.0
6891;2023-10-15 04:00:00;0.68;;12.2;14.5;26.0;35.0;13.0;716.0;0.0;70.0;2.8;0.001;17.69;2.5;149.0
6892;2023-10-15 05:00:00;0.65;2.2;12.1;14.3;27.0;34.0;12.0;715.8;0.0;70.0;2.8;0.001;17.61;2.7;225.0
6893;2023-10-15 06:00:00;0.67;2.3;13.6;15.9;23.0;33.0;13.0;716.0;0.0;71.0;2.8;0.001;17.66;1.7;170.0
6894;2023-10-15 07:00:00;0.7;2.4;15.1;17.5;21.0;36.0;14.0;716.0;0.0;71.0;2.9;0.001;17.87;2.2;29.0
6895;2023-10-15 08:00:00;1.0;5.7;24.7;30.4;13.0;51.0;19.0;716.7;0.0;74.0;3.0;0.012;17.55;2.9;4.0
6896;2023-10-15 09:00:00;0.96;7.6;19.7;27.4;16.0;36.0;18.0;717.3;0.0;83.0;2.9;0.079;16.51;3.3;209.0
6897;2023-10-15 10:00:00;0.78;6.8;13.8;20.6;25.0;29.0;14.0;717.4;0.0;82.0;2.9;0.231;17.68;2.3;91.0
6898;2023-10-15 11:00:00;0.72;4.6;9.3;13.9;37.0;27.0;10.0;717.3;0.0;68.0;2.9;0.387;20.02;6.9;50.0
6899;2023-10-15 12:00:00;0.72;4.9;13.3;18.2;39.0;43.0;15.0;717.2;0.0;58.0;3.0;0.261;20.44;7.8;70.0
6900;2023-10-15 13:00:00;0.7;3.9;12.9;16.8;45.0;44.0;13.0;716.9;0.0;50.0;3.4;0.192;20.81;8.2;61.0
6901;2023-10-15 14:00:00;0.71;3.4;12.2;15.5;50.0;45.0;14.0;716.6;0.0;49.0;3.3;0.198;21.04;7.1;66.0
6902;2023-10-15 15:00:00;0.68;3.0;9.2;12.2;54.0;45.0;14.0;716.2;0.0;50.0;3.2;0.274;21.4;6.1;65.0
6903;2023-10-15 16:00:00;0.68;2.8;8.9;11.7;53.0;44.0;;716.2;0.0;52.0;3.4;0.218;21.32;6.2;77.0
6904;2023-10-15 17:00:00;0.68;2.5;9.0;11.5;49.0;45.0;17.0;716.3;0.0;55.0;3.8;0.105;20.85;7.4;107.0
6905;2023-10-15 18:00:00;0.69;2.5;9.7;12.2;44.0;45.0;17.0;716.4;0.0;59.0;3.8;0.036;20.22;9.0;116.0
6906;2023-10-15 19:00:00;0.75;2.3;12.5;14.8;39.0;47.0;19.0;716.4;0.0;59.0;3.8;0.002;20.06;5.3;93.0
6907;2023-10-15 20:00:00;0.82;2.3;16.2;18.4;33.0;48.0;20.0;716.7;0.0;60.0;3.5;0.001;19.95;3.9;110.0
6908;2023-10-15 21:00:00;0.89;;18.7;21.0;29.0;53.0;26.0;717.0;0.0;59.0;3.5;0.001;19.99;4.0;113.0
6909;2023-10-15 22:00:00;0.78;2.2;14.1;16.4;34.0;50.0;19.0;717.4;0.0;61.0;3.4;0.001;19.68;4.9;99.0
6910;2023-10-15 23:00:00;0.78;2.3;14.0;16.3;34.0;53.0;19.0;717.5;0.0;62.0;3.2;0.001;19.36;5.4;59.0
6911;2023-10-16 00:00:00;0.75;2.3;15.9;18.1;31.0;50.0;17.0;717.6;0.0;59.0;3.4;0.001;19.04;5.6;29.0
6912;2023-10-16 01:00:00;0.68;2.4;19.7;22.0;29.0;45.0;13.0;717.6;0.0;53.0;4.2;0.001;19.06;5.6;32.0
6913;2023-10-16 02:00:00;0.79;2.5;24.7;27.2;20.0;50.0;15.0;717.7;0.0;58.0;4.3;0.001;18.6;4.6;5.0
6914;2023-10-16 03:00:00;0.71;2.3;16.5;18.7;27.0;33.0;9.0;717.7;0.0;56.0;4.0;0.001;18.5;1.9;229.0
6915;2023-10-16 04:00:00;0.78;2.3;19.9;22.2;20.0;42.0;13.0;717.5;0.0;59.0;4.0;0.001;18.54;2.5;219.0
6916;2023-10-16 05:00:00;0.8;;20.3;22.6;18.0;41.0;14.0;717.5;0.0;60.0;3.7;0.001;18.61;1.4;273.0
6917;2023-10-16 06:00:00;0.99;2.6;23.1;25.8;17.0;41.0;16.0;717.8;0.0;57.0;3.9;0.001;18.78;3.0;356.0
6918;2023-10-16 07:00:00;1.07;7.9;26.1;34.0;22.0;45.0;12.0;718.1;0.0;50.0;4.6;0.003;19.08;4.5;28.0
6919;2023-10-16 08:00:00;0.85;4.2;17.2;21.3;34.0;44.0;8.0;718.5;0.0;46.0;3.8;0.043;18.49;6.5;32.0
6920;2023-10-16 09:00:00;0.98;5.2;16.0;21.2;32.0;49.0;8.0;719.0;0.0;43.0;3.6;0.117;18.26;6.7;16.0
6921;2023-10-16 10:00:00;0.78;8.9;20.3;29.2;26.0;58.0;9.0;719.2;0.0;44.0;3.6;0.175;18.32;6.6;20.0
6922;2023-10-16 11:00:00;0.74;7.8;17.5;25.3;31.0;50.0;10.0;719.2;0.0;41.0;4.0;0.248;18.65;8.3;55.0
6923;2023-10-16 12:00:00;0.66;7.2;15.1;22.3;37.0;44.0;8.0;719.0;0.0;38.0;5.0;0.421;19.48;7.8;57.0
6924;2023-10-16 13:00:00;0.63;5.5;11.6;17.0;49.0;38.0;8.0;718.3;0.0;33.0;4.6;0.721;21.07;5.3;18.0
6925;2023-10-16 14:00:00;0.64;4.0;8.5;12.6;54.0;31.0;6.0;717.5;0.0;32.0;3.5;0.794;22.06;6.8;8.0
6926;2023-10-16 15:00:00;0.74;5.1;14.3;19.4;57.0;41.0;9.0;716.8;0.0;34.0;4.1;0.75;22.67;6.5;35.0
6927;2023-10-16 16:00:00;0.75;5.2;18.4;23.5;61.0;48.0;12.0;716.3;0.0;36.0;4.3;0.528;22.37;8.3;45.0
6928;2023-10-16 17:00:00;0.75;4.2;18.7;23.0;60.0;47.0;12.0;716.0;0.0;36.0;4.3;0.206;22.53;6.0;64.0
6929;2023-10-16 18:00:00;0.76;3.1;17.0;20.0;56.0;40.0;11.0;716.0;0.0;41.0;4.2;0.037;21.49;8.5;76.0
6930;2023-10-16 19:00:00;0.77;2.4;14.5;16.9;52.0;29.0;9.0;716.1;0.0;49.0;3.6;0.003;19.83;8.5;117.0
6931;2023-10-16 20:00:00;0.76;2.3;14.0;16.2;49.0;28.0;9.0;716.4;0.0;52.0;3.3;0.001;19.04;7.8;112.0
6932;2023-10-16 21:00:00;0.73;2.2;12.2;14.4;48.0;32.0;11.0;716.6;0.0;52.0;3.3;0.001;18.56;6.6;105.0
6933;2023-10-16 22:00:00;0.76;2.3;15.4;17.7;39.0;29.0;11.0;716.8;0.0;55.0;3.2;0.001;17.85;3.0;117.0
6934;2023-10-16 23:00:00;0.88;2.5;23.9;26.4;25.0;31.0;12.0;716.9;0.0;58.0;3.0;0.001;17.24;2.8;115.0
6935;2023-10-17 00:00:00;0.81;2.3;17.4;19.7;29.0;29.0;11.0;716.7;0.0;60.0;2.9;0.001;16.57;0.5;84.0
6936;2023-10-17 01:00:00;0.79;2.2;16.6;18.9;26.0;26.0;10.0;716.3;0.0;64.0;2.9;0.001;15.96;1.8;213.0
6937;2023-10-17 02:00:00;0.81;2.3;21.0;23.3;22.0;27.0;10.0;716.1;0.0;64.0;2.8;0.001;15.7;1.4;188.0
6938;2023-10-17 03:00:00;0.77;2.3;16.6;18.9;24.0;26.0;11.0;715.8;0.0;66.0;2.9;0.001;15.46;2.3;236.0
6939;2023-10-17 04:00:00;0.75;;16.7;18.9;22.0;31.0;12.0;715.6;0.0;67.0;2.9;0.001;15.11;1.9;235.0
6940;2023-10-17 05:00:00;0.77;2.5;20.8;23.2;19.0;46.0;17.0;715.6;0.0;68.0;3.0;0.001;14.97;5.2;220.0
6941;2023-10-17 06:00:00;0.81;5.5;28.3;33.8;13.0;69.0;25.0;715.7;0.0;67.0;3.4;0.001;14.87;4.7;219.0
6942;2023-10-17 07:00:00;0.92;11.1;26.5;37.5;12.0;55.0;20.0;715.8;0.0;68.0;3.3;0.004;14.47;2.6;241.0
6943;2023-10-17 08:00:00;1.15;22.1;29.1;51.2;13.0;71.0;26.0;716.0;0.0;61.0;6.0;0.083;16.91;2.4;200.0
6944;2023-10-17 09:00:00;1.15;26.9;29.1;56.0;19.0;76.0;25.0;716.1;0.0;51.0;3.8;0.229;19.4;2.3;20.0
6945;2023-10-17 10:00:00;0.97;13.4;23.4;36.8;35.0;50.0;16.0;716.2;0.0;47.0;3.8;0.45;19.81;5.8;69.0
6946;2023-10-17 11:00:00;1.06;13.0;29.5;42.5;43.0;65.0;22.0;716.0;0.0;44.0;4.0;0.656;20.67;7.3;45.0
6947;2023-10-17 12:00:00;0.89;8.4;21.8;30.2;53.0;63.0;20.0;715.7;0.0;41.0;4.4;0.768;21.26;8.7;40.0
6948;2023-10-17 13:00:00;0.75;5.5;14.4;19.9;60.0;42.0;13.0;714.9;0.0;38.0;4.6;0.826;22.13;8.9;49.0
6949;2023-10-17 14:00:00;0.73;3.9;11.4;15.3;67.0;34.0;11.0;714.2;0.0;38.0;4.6;0.801;22.77;10.6;44.0
6950;2023-10-17 15:00:00;0.74;3.9;10.8;14.7;64.0;34.0;10.0;713.7;0.0;38.0;4.3;0.703;23.63;10.0;42.0
6951;2023-10-17 16:00:00;0.73;4.1;10.8;14.9;59.0;30.0;10.0;713.3;0.0;38.0;3.9;0.526;23.94;11.2;48.0
6952;2023-10-17 17:00:00;0.74;3.9;11.4;15.3;53.0;28.0;8.0;713.0;0.0;38.0;3.6;0.188;23.84;9.0;84.0
6953;2023-10-17 18:00:00;0.73;2.7;10.6;13.3;52.0;28.0;8.0;713.0;0.0;40.0;3.4;0.041;23.22;8.6;105.0
6954;2023-10-17 19:00:00;0.86;2.6;17.7;20.3;41.0;32.0;;713.0;0.0;42.0;3.3;0.004;21.81;7.2;96.0
6955;2023-10-17 20:00:00;0.81;2.4;16.1;18.5;40.0;30.0;;713.3;0.0;43.0;3.2;0.001;20.9;6.6;103.0
6956;2023-10-17 21:00:00;0.71;2.4;12.0;14.4;43.0;22.0;;713.3;0.0;44.0;3.1;0.001;20.3;7.6;100.0
6957;2023-10-17 22:00:00;0.67;2.3;9.9;12.2;43.0;21.0;;713.5;0.0;44.0;3.0;0.001;19.73;6.8;97.0
6958;2023-10-17 23:00:00;0.64;2.3;8.6;10.9;44.0;20.0;7.0;713.4;0.0;41.0;2.9;0.001;19.55;5.9;116.0
6959;2023-10-18 00:00:00;0.78;2.4;17.5;19.9;28.0;26.0;10.0;713.2;0.0;49.0;2.9;0.001;18.33;4.0;223.0
6960;2023-10-18 01:00:00;0.89;4.9;30.7;35.6;15.0;48.0;16.0;712.8;0.0;53.0;3.1;0.001;17.69;3.8;219.0
6961;2023-10-18 02:00:00;0.92;6.2;34.0;40.2;10.0;62.0;18.0;712.7;0.0;57.0;3.4;0.001;16.76;1.6;247.0
6962;2023-10-18 03:00:00;0.84;2.7;26.1;28.8;17.0;50.0;16.0;712.5;0.0;56.0;3.2;0.001;15.99;1.2;16.0
6963;2023-10-18 04:00:00;0.81;3.0;23.3;26.3;17.0;47.0;16.0;712.2;0.0;56.0;3.3;0.001;15.17;2.2;257.0
6964;2023-10-18 05:00:00;0.9;19.3;34.5;53.9;10.0;72.0;22.0;712.0;0.0;58.0;4.4;0.001;15.3;0.6;325.0
6965;2023-10-18 06:00:00;1.19;32.9;33.8;66.7;10.0;100.0;31.0;712.2;0.0;63.0;4.3;0.001;14.57;2.9;340.0
6966;2023-10-18 07:00:00;1.72;46.7;32.6;79.3;10.0;108.0;38.0;712.4;0.0;66.0;5.0;0.004;14.08;1.8;277.0
6967;2023-10-18 08:00:00;2.17;76.4;34.4;110.8;11.0;133.0;41.0;712.5;0.0;62.0;5.3;0.063;15.67;2.5;351.0
6968;2023-10-18 09:00:00;1.51;53.1;35.0;88.1;15.0;152.0;38.0;712.7;0.0;54.0;4.8;0.191;17.72;4.7;15.0
6969;2023-10-18 10:00:00;1.43;32.2;39.3;71.5;19.0;160.0;44.0;712.8;0.0;49.0;4.8;0.241;18.79;2.2;14.0
6970;2023-10-18 11:00:00;1.41;24.5;41.1;65.6;29.0;161.0;49.0;712.6;0.0;41.0;5.5;0.462;21.15;2.2;29.0
6971;2023-10-18 12:00:00;1.36;22.7;48.5;71.1;38.0;150.0;52.0;712.4;0.0;36.0;5.9;0.662;23.16;4.1;24.0
6972;2023-10-18 13:00:00;1.55;32.7;66.7;99.5;35.0;195.0;67.0;712.0;0.0;36.0;9.9;0.694;23.96;5.4;50.0
6973;2023-10-18 14:00:00;1.24;16.0;55.1;71.1;56.0;148.0;52.0;711.3;0.0;34.0;11.2;0.768;24.98;6.9;65.0
6974;2023-10-18 15:00:00;1.19;6.5;39.0;45.5;80.0;108.0;41.0;710.9;0.0;35.0;9.1;0.565;25.32;8.6;76.0
6975;2023-10-18 16:00:00;1.15;5.1;33.1;38.3;89.0;97.0;36.0;710.7;0.0;36.0;7.3;0.492;25.71;8.4;58.0
6976;2023-10-18 17:00:00;1.06;3.8;25.2;29.0;91.0;70.0;25.0;710.6;0.0;39.0;5.9;0.179;25.68;9.4;57.0
6977;2023-10-18 18:00:00;1.11;2.9;27.1;30.0;83.0;67.0;24.0;710.6;0.0;42.0;5.1;0.049;24.84;7.0;67.0
6978;2023-10-18 19:00:00;0.98;2.5;21.3;23.8;67.0;44.0;15.0;710.8;0.0;42.0;4.6;0.003;23.9;6.6;87.0
6979;2023-10-18 20:00:00;1.04;2.5;26.3;28.8;55.0;47.0;17.0;711.2;0.0;45.0;4.3;0.001;23.23;5.5;60.0
6980;2023-10-18 21:00:00;1.08;;28.9;31.4;41.0;43.0;16.0;711.5;0.0;48.0;4.1;0.001;22.35;3.1;40.0
6981;2023-10-18 22:00:00;1.26;2.8;38.1;40.9;25.0;58.0;23.0;711.7;0.0;53.0;4.0;0.001;21.15;3.1;227.0
6982;2023-10-18 23:00:00;1.3;3.5;42.8;46.3;20.0;68.0;28.0;711.6;0.0;55.0;4.0;0.001;20.34;3.8;212.0
6983;2023-10-19 00:00:00;1.31;2.9;46.0;48.9;18.0;82.0;33.0;711.4;0.0;56.0;4.0;0.001;19.98;2.5;223.0
6984;2023-10-19 01:00:00;1.16;2.6;41.5;44.1;21.0;82.0;32.0;711.2;0.0;55.0;4.0;0.001;19.81;3.5;227.0
6985;2023-10-19 02:00:00;1.17;3.0;43.0;45.9;15.0;89.0;33.0;711.1;0.0;58.0;4.0;0.001;18.92;0.8;237.0
6986;2023-10-19 03:00:00;1.36;15.2;45.7;60.9;11.0;81.0;32.0;710.9;0.0;62.0;4.2;0.001;18.11;2.2;251.0
6987;2023-10-19 04:00:00;1.28;11.6;43.2;54.8;11.0;84.0;33.0;710.9;0.0;63.0;4.3;0.001;17.85;2.6;221.0
6988;2023-10-19 05:00:00;1.01;2.8;35.7;38.5;18.0;81.0;31.0;711.0;0.0;58.0;4.1;0.001;18.04;2.7;270.0
6989;2023-10-19 06:00:00;1.02;5.2;39.1;44.2;12.0;92.0;32.0;711.3;0.0;57.0;4.1;0.001;17.93;1.0;327.0
6990;2023-10-19 07:00:00;1.2;15.9;40.0;55.9;11.0;107.0;33.0;711.6;0.0;51.0;4.5;0.003;18.11;2.0;245.0
6991;2023-10-19 08:00:00;1.24;33.8;38.4;72.2;12.0;140.0;31.0;712.0;0.0;46.0;4.9;0.043;18.97;0.6;276.0
6992;2023-10-19 09:00:00;1.62;59.4;44.3;103.7;15.0;128.0;31.0;712.4;0.0;38.0;5.5;0.201;22.22;2.9;269.0
6993;2023-10-19 10:00:00;1.14;19.6;37.9;57.5;29.0;82.0;21.0;712.8;0.0;26.0;5.6;0.46;26.15;3.8;230.0
6994;2023-10-19 11:00:00;1.07;13.3;35.4;48.7;46.0;69.0;19.0;712.8;0.0;22.0;5.1;0.652;29.38;2.4;59.0
6995;2023-10-19 12:00:00;1.15;7.2;28.3;35.5;60.0;79.0;25.0;713.0;0.0;24.0;5.1;0.46;28.33;9.4;17.0
6996;2023-10-19 13:00:00;0.97;6.9;24.6;31.5;60.0;82.0;21.0;712.8;0.0;26.0;5.2;0.56;28.19;8.1;45.0
6997;2023-10-19 14:00:00;1.03;8.4;30.6;39.0;60.0;105.0;26.0;712.2;0.0;27.0;6.6;0.658;29.06;7.6;59.0
6998;2023-10-19 15:00:00;0.83;5.0;16.2;21.1;67.0;68.0;15.0;711.8;0.0;27.0;5.4;0.694;29.89;8.9;41.0
6999;2023-10-19 16:00:00;0.72;4.6;14.3;18.9;64.0;46.0;11.0;711.7;0.0;23.0;5.6;0.509;30.11;7.4;41.0
7000;2023-10-19 17:00:00;0.86;4.4;20.5;24.9;65.0;53.0;14.0;711.7;0.0;27.0;5.2;0.207;29.7;9.1;69.0
7001;2023-10-19 18:00:00;0.9;3.9;28.2;32.0;45.0;55.0;13.0;711.9;0.0;30.0;5.0;0.06;28.41;9.1;66.0
7002;2023-10-19 19:00:00;1.04;3.6;28.1;31.7;36.0;61.0;14.0;712.1;0.0;38.0;4.2;0.003;26.59;3.5;82.0
7003;2023-10-19 20:00:00;1.0;2.6;22.4;25.0;49.0;49.0;16.0;712.5;0.0;43.0;4.1;0.001;25.78;6.1;107.0
7004;2023-10-19 21:00:00;0.96;2.9;19.7;22.6;43.0;36.0;15.0;712.9;0.0;47.0;4.2;0.001;24.83;4.3;123.0
7005;2023-10-19 22:00:00;0.98;2.6;21.1;23.7;36.0;40.0;15.0;713.1;0.0;48.0;4.1;0.001;24.02;2.8;83.0
7006;2023-10-19 23:00:00;0.92;3.2;18.9;22.1;33.0;36.0;14.0;713.4;0.0;51.0;4.1;0.001;23.37;0.2;99.0
7007;2023-10-20 00:00:00;1.13;3.3;34.1;37.4;15.0;47.0;17.0;713.3;0.0;53.0;4.1;0.001;22.46;2.1;231.0
7008;2023-10-20 01:00:00;1.23;8.8;39.9;48.7;10.0;53.0;19.0;713.0;0.0;54.0;4.3;0.001;21.96;3.4;235.0
7009;2023-10-20 02:00:00;1.15;6.5;35.5;42.0;12.0;56.0;20.0;712.9;0.0;56.0;4.2;0.001;21.44;3.5;238.0
7010;2023-10-20 03:00:00;1.05;7.6;35.6;43.2;13.0;98.0;27.0;712.6;0.0;56.0;4.4;0.001;21.28;7.1;223.0
7011;2023-10-20 04:00:00;0.99;7.6;35.7;43.3;12.0;133.0;31.0;712.5;0.0;56.0;4.6;0.001;20.92;7.4;217.0
7012;2023-10-20 05:00:00;0.9;2.8;29.4;32.2;19.0;103.0;28.0;712.5;0.0;54.0;4.6;0.001;20.5;1.0;267.0
7013;2023-10-20 06:00:00;0.86;2.7;22.1;24.8;25.0;74.0;24.0;712.7;0.0;53.0;4.4;0.001;20.1;1.4;303.0
7014;2023-10-20 07:00:00;0.94;4.3;29.3;33.6;20.0;63.0;20.0;713.0;0.0;50.0;4.5;0.004;19.96;1.4;245.0
7015;2023-10-20 08:00:00;1.09;12.4;34.9;47.2;17.0;73.0;21.0;713.2;0.0;45.0;5.1;0.065;21.41;6.2;213.0
7016;2023-10-20 09:00:00;1.22;20.6;36.8;57.4;23.0;89.0;22.0;713.5;0.0;34.0;5.5;0.186;25.34;2.2;195.0
7017;2023-10-20 10:00:00;1.09;13.0;34.5;47.5;37.0;89.0;25.0;713.8;0.0;32.0;5.8;0.455;26.88;2.4;188.0
7018;2023-10-20 11:00:00;1.05;8.7;27.6;36.3;56.0;80.0;26.0;713.5;0.0;32.0;4.4;0.645;27.8;4.2;359.0
7019;2023-10-20 12:00:00;1.02;6.3;24.9;31.3;67.0;64.0;25.0;713.1;0.0;28.0;5.4;0.727;29.01;2.4;49.0
7020;2023-10-20 13:00:00;1.55;11.9;57.6;69.5;68.0;163.0;60.0;712.2;0.0;29.0;8.3;0.752;29.57;6.7;49.0
7021;2023-10-20 14:00:00;1.12;6.7;37.1;43.8;91.0;113.0;42.0;711.4;0.0;24.0;8.0;0.752;30.16;6.9;41.0
7022;2023-10-20 15:00:00;1.02;4.3;25.4;29.7;107.0;88.0;30.0;710.8;0.0;23.0;5.8;0.676;30.57;7.9;45.0
7023;2023-10-20 16:00:00;0.97;3.8;23.3;27.1;109.0;69.0;23.0;710.4;0.0;25.0;4.7;0.502;30.72;9.4;67.0
7024;2023-10-20 17:00:00;1.0;3.3;21.5;24.8;113.0;75.0;24.0;710.2;0.0;30.0;4.3;0.181;30.0;11.8;68.0
7025;2023-10-20 18:00:00;1.05;2.9;22.4;25.3;100.0;63.0;23.0;710.3;0.0;31.0;4.2;0.035;29.17;9.4;83.0
7026;2023-10-20 19:00:00;1.0;2.7;20.0;22.6;77.0;48.0;17.0;710.7;0.0;34.0;3.9;0.003;27.73;8.1;104.0
7027;2023-10-20 20:00:00;1.01;2.7;19.6;22.3;75.0;53.0;22.0;711.0;0.0;37.0;7.6;0.001;26.69;7.7;88.0
7028;2023-10-20 21:00:00;0.94;2.6;18.2;20.9;68.0;47.0;19.0;711.3;0.0;39.0;6.0;0.001;25.92;6.9;81.0
7029;2023-10-20 22:00:00;0.92;2.6;18.7;21.3;61.0;49.0;19.0;711.5;0.0;41.0;5.4;0.001;25.13;3.3;89.0
7030;2023-10-20 23:00:00;1.08;3.5;30.2;33.7;35.0;53.0;21.0;711.6;0.0;47.0;4.0;0.001;23.2;1.6;234.0
7031;2023-10-21 00:00:00;1.22;2.8;34.3;37.2;26.0;53.0;25.0;711.4;0.0;50.0;3.5;0.001;22.42;2.2;235.0
7032;2023-10-21 01:00:00;1.27;6.0;49.6;55.6;13.0;52.0;25.0;711.3;0.0;50.0;3.6;0.001;21.95;1.3;232.0
7033;2023-10-21 02:00:00;1.16;3.2;40.1;43.4;18.0;49.0;23.0;711.2;0.0;52.0;3.5;0.001;21.33;2.5;251.0
7034;2023-10-21 03:00:00;1.14;4.1;42.5;46.6;16.0;81.0;28.0;710.8;0.0;51.0;3.7;0.001;21.28;6.6;215.0
7035;2023-10-21 04:00:00;0.9;2.9;29.3;32.2;29.0;84.0;28.0;710.5;0.0;47.0;4.8;0.001;21.28;8.7;211.0
7036;2023-10-21 05:00:00;0.78;2.8;17.8;20.6;38.0;62.0;21.0;710.4;0.0;45.0;3.8;0.001;21.13;6.6;210.0
7037;2023-10-21 06:00:00;0.76;2.9;17.3;20.2;35.0;52.0;19.0;710.5;0.0;45.0;3.5;0.001;20.44;1.6;225.0
7038;2023-10-21 07:00:00;0.78;2.8;21.4;24.2;30.0;41.0;17.0;710.7;0.0;45.0;3.4;0.003;19.98;4.7;217.0
7039;2023-10-21 08:00:00;0.94;10.3;31.0;41.3;20.0;47.0;17.0;710.8;0.0;40.0;3.9;0.075;21.52;4.4;219.0
7040;2023-10-21 09:00:00;0.97;13.3;30.4;43.8;25.0;64.0;;711.0;0.0;34.0;4.2;0.178;24.03;4.6;230.0
7041;2023-10-21 10:00:00;1.12;11.4;31.4;42.8;44.0;75.0;23.0;711.0;0.0;32.0;5.2;0.469;27.01;2.8;9.0
7042;2023-10-21 11:00:00;1.14;10.4;32.1;42.5;56.0;75.0;25.0;710.7;0.0;33.0;5.7;0.642;27.53;6.7;50.0
7043;2023-10-21 12:00:00;1.03;6.8;25.1;31.9;71.0;62.0;22.0;710.4;0.0;33.0;5.1;0.754;28.24;8.3;50.0
7044;2023-10-21 13:00:00;0.89;4.6;16.1;20.7;77.0;57.0;20.0;709.7;0.0;32.0;5.3;0.756;29.04;10.9;46.0
7045;2023-10-21 14:00:00;0.9;4.4;15.0;19.4;78.0;56.0;20.0;708.9;0.0;30.0;6.9;0.724;29.69;13.0;49.0
7046;2023-10-21 15:00:00;0.89;3.6;13.7;17.3;89.0;57.0;23.0;708.5;0.0;31.0;9.9;0.61;29.82;12.2;76.0
7047;2023-10-21 16:00:00;0.82;3.3;10.4;13.7;74.0;41.0;16.0;708.4;0.0;33.0;5.8;0.389;29.61;11.5;82.0
7048;2023-10-21 17:00:00;0.8;3.5;9.3;12.8;57.0;32.0;12.0;708.4;0.0;33.0;3.6;0.206;29.7;12.2;67.0
7049;2023-10-21 18:00:00;0.83;3.0;10.7;13.7;49.0;36.0;12.0;708.5;0.0;36.0;3.1;0.038;28.79;11.3;75.0
7050;2023-10-21 19:00:00;0.86;2.7;13.3;16.0;42.0;35.0;13.0;708.9;0.0;38.0;3.0;0.002;27.87;6.6;74.0
7051;2023-10-21 20:00:00;0.9;2.9;14.6;17.5;38.0;35.0;13.0;709.2;0.0;39.0;3.5;0.001;27.17;6.7;68.0
7052;2023-10-21 21:00:00;1.03;2.8;21.5;24.3;26.0;34.0;16.0;709.4;0.0;43.0;3.1;0.001;25.71;1.3;195.0
7053;2023-10-21 22:00:00;0.98;2.8;17.4;20.2;27.0;35.0;16.0;709.6;0.0;47.0;2.8;0.001;24.9;1.2;354.0
7054;2023-10-21 23:00:00;1.04;3.0;21.0;23.9;25.0;60.0;24.0;709.7;0.0;52.0;3.1;0.001;24.81;7.6;49.0
7055;2023-10-22 00:00:00;0.91;2.8;11.1;13.9;31.0;43.0;19.0;709.6;0.0;66.0;2.8;0.001;23.27;8.5;61.0
7056;2023-10-22 01:00:00;0.88;2.7;9.5;12.2;31.0;34.0;18.0;709.5;0.0;73.0;2.6;0.001;22.48;6.7;62.0
7057;2023-10-22 02:00:00;0.9;2.7;8.1;10.8;30.0;36.0;20.0;709.5;0.0;78.0;2.6;0.001;21.71;6.6;50.0
7058;2023-10-22 03:00:00;0.85;2.6;5.9;8.5;31.0;38.0;25.0;709.3;0.0;80.0;2.6;0.001;21.34;6.5;59.0
7059;2023-10-22 04:00:00;0.85;2.6;7.9;10.5;28.0;43.0;28.0;709.2;0.0;80.0;2.8;0.001;21.14;4.1;58.0
7060;2023-10-22 05:00:00;0.85;;10.2;12.8;23.0;37.0;26.0;709.2;0.0;81.0;2.8;0.001;20.72;1.5;68.0
7061;2023-10-22 06:00:00;0.86;;13.1;15.7;19.0;41.0;27.0;709.3;0.0;82.0;2.6;0.001;20.62;1.8;76.0
7062;2023-10-22 07:00:00;0.92;2.7;10.8;13.5;20.0;45.0;27.0;709.5;0.0;82.0;2.5;0.003;20.4;1.7;90.0
7063;2023-10-22 08:00:00;0.94;4.4;13.2;17.5;18.0;45.0;;709.6;0.0;82.0;2.6;0.071;20.78;0.8;32.0
7064;2023-10-22 09:00:00;1.12;4.7;12.3;17.0;25.0;56.0;30.0;709.8;0.0;77.0;2.7;0.108;21.75;3.2;28.0
7065;2023-10-22 10:00:00;1.09;8.8;15.6;24.4;25.0;59.0;32.0;709.9;0.0;72.0;2.9;0.303;22.84;6.0;67.0
7066;2023-10-22 11:00:00;1.05;15.3;21.6;36.9;26.0;77.0;40.0;709.7;0.0;65.0;3.5;0.485;24.23;5.3;28.0
7067;2023-10-22 12:00:00;0.96;13.2;23.3;36.5;34.0;72.0;38.0;709.3;0.0;60.0;4.8;0.678;25.15;7.2;42.0
7068;2023-10-22 13:00:00;0.91;4.5;11.7;16.2;57.0;52.0;30.0;708.7;0.0;59.0;4.5;0.711;25.64;8.4;67.0
7069;2023-10-22 14:00:00;0.88;3.7;9.9;13.7;59.0;43.0;26.0;708.2;0.0;57.0;3.7;0.47;26.13;8.7;57.0
7070;2023-10-22 15:00:00;0.85;3.0;7.0;10.0;51.0;37.0;21.0;707.8;0.0;55.0;3.3;0.197;26.31;11.1;51.0
7071;2023-10-22 16:00:00;0.85;2.9;7.0;9.9;46.0;35.0;20.0;707.7;0.0;53.0;3.1;0.131;26.62;10.4;82.0
7072;2023-10-22 17:00:00;0.81;2.8;5.7;8.6;46.0;30.0;17.0;707.6;0.0;49.0;2.9;0.179;27.34;9.5;97.0
7073;2023-10-22 18:00:00;0.82;2.6;6.7;9.3;42.0;30.0;17.0;707.7;0.0;50.0;2.8;0.041;26.9;9.6;95.0
7074;2023-10-22 19:00:00;0.84;2.5;9.1;11.6;37.0;29.0;16.0;707.8;0.0;50.0;2.8;0.002;26.29;8.0;74.0
7075;2023-10-22 20:00:00;0.86;2.5;10.5;13.0;35.0;30.0;17.0;707.9;0.0;50.0;2.6;0.001;26.29;5.6;96.0
7076;2023-10-22 21:00:00;0.87;2.6;12.5;15.1;34.0;31.0;17.0;708.0;0.0;48.0;2.7;0.001;26.34;5.8;84.0
7077;2023-10-22 22:00:00;0.97;3.7;18.4;22.2;24.0;43.0;21.0;708.1;0.0;53.0;2.8;0.001;25.46;7.5;45.0
7078;2023-10-22 23:00:00;0.91;4.4;16.8;21.2;22.0;51.0;21.0;708.2;0.0;58.0;3.6;0.001;24.22;6.2;45.0
7079;2023-10-23 00:00:00;0.79;2.5;6.5;9.0;35.0;34.0;16.0;708.1;0.0;56.0;3.2;0.001;24.06;8.3;101.0
7080;2023-10-23 01:00:00;0.75;2.3;4.5;6.9;37.0;29.0;15.0;708.1;0.0;59.0;2.8;0.001;23.41;7.7;82.0
7081;2023-10-23 02:00:00;0.76;2.4;5.9;8.3;34.0;28.0;15.0;708.0;0.0;64.0;2.6;0.001;22.62;7.1;51.0
7082;2023-10-23 03:00:00;0.75;2.6;6.9;9.4;33.0;30.0;16.0;708.0;0.0;67.0;2.6;0.001;22.24;5.5;53.0
7083;2023-10-23 04:00:00;0.77;2.3;4.2;6.4;33.0;27.0;16.0;707.9;0.0;72.0;2.5;0.001;21.46;7.4;50.0
7084;2023-10-23 05:00:00;0.77;2.3;4.7;7.0;31.0;27.0;17.0;708.0;0.0;75.0;2.4;0.001;21.01;5.5;62.0
7085;2023-10-23 06:00:00;0.77;;5.5;7.8;30.0;27.0;17.0;708.1;0.0;75.0;2.4;0.001;20.94;3.9;20.0
7086;2023-10-23 07:00:00;0.86;5.0;18.7;23.7;16.0;43.0;22.0;708.3;0.0;74.0;2.6;0.002;20.89;5.6;28.0
7087;2023-10-23 08:00:00;1.06;9.0;20.6;29.6;14.0;52.0;23.0;708.7;0.0;76.0;3.2;0.027;20.75;5.7;36.0
7088;2023-10-23 09:00:00;1.1;8.1;19.0;27.1;19.0;51.0;22.0;709.0;0.0;74.0;3.5;0.092;21.41;4.8;51.0
7089;2023-10-23 10:00:00;1.05;7.5;17.3;24.8;23.0;71.0;26.0;709.1;0.0;71.0;3.6;0.131;22.01;6.2;55.0
7090;2023-10-23 11:00:00;0.97;7.9;18.6;26.6;26.0;54.0;29.0;709.2;0.0;67.0;3.9;0.151;22.75;4.9;62.0
7091;2023-10-23 12:00:00;1.01;7.3;20.7;28.0;25.0;63.0;32.0;709.1;0.0;68.0;4.0;0.091;22.92;4.7;35.0
7092;2023-10-23 13:00:00;1.0;5.8;18.1;23.9;33.0;62.0;33.0;708.6;0.0;67.0;3.6;0.16;23.24;3.5;31.0
7093;2023-10-23 14:00:00;1.06;6.8;21.6;28.4;38.0;69.0;35.0;708.0;0.0;62.0;3.9;0.259;24.48;4.1;339.0
7094;2023-10-23 15:00:00;1.11;5.8;18.8;24.6;49.0;65.0;34.0;707.4;0.0;57.0;3.9;0.418;25.89;5.8;353.0
7095;2023-10-23 16:00:00;1.03;7.8;18.0;25.8;38.0;62.0;31.0;706.9;0.0;56.0;3.8;0.371;26.32;9.5;42.0
7096;2023-10-23 17:00:00;1.08;13.2;25.2;38.4;23.0;79.0;34.0;706.9;0.0;58.0;4.8;0.221;26.13;10.9;39.0
7097;2023-10-23 18:00:00;1.02;5.1;18.3;23.4;27.0;64.0;30.0;707.2;0.0;63.0;4.8;0.052;25.17;10.5;49.0
7098;2023-10-23 19:00:00;1.15;4.0;22.9;26.9;22.0;60.0;30.0;707.2;0.0;64.0;4.7;0.002;24.9;7.7;52.0
7099;2023-10-23 20:00:00;1.25;4.7;27.6;32.2;16.0;63.0;;707.5;0.0;65.0;5.2;0.001;24.64;5.3;58.0
7100;2023-10-23 21:00:00;1.08;3.3;20.6;23.9;22.0;50.0;27.0;707.8;0.0;64.0;4.0;0.001;24.71;6.0;77.0
7101;2023-10-23 22:00:00;1.08;3.3;20.3;23.6;19.0;50.0;28.0;708.1;0.0;65.0;4.1;0.001;24.25;2.2;100.0
7102;2023-10-23 23:00:00;0.9;2.6;8.2;10.8;33.0;38.0;25.0;708.1;0.0;63.0;3.2;0.001;24.62;6.3;102.0
7103;2023-10-24 00:00:00;0.92;2.5;7.7;10.3;29.0;47.0;26.0;708.1;0.0;68.0;3.3;0.001;24.01;7.4;67.0
7104;2023-10-24 01:00:00;0.89;2.7;6.4;9.1;26.0;45.0;23.0;708.2;0.0;73.0;3.0;0.001;23.1;7.5;52.0
7105;2023-10-24 02:00:00;0.87;2.4;5.6;8.1;25.0;37.0;19.0;708.1;0.0;75.0;2.7;0.001;22.76;6.6;52.0
7106;2023-10-24 03:00:00;0.86;2.4;5.2;7.6;25.0;33.0;16.0;708.2;0.0;75.0;2.5;0.001;22.6;5.1;51.0
7107;2023-10-24 04:00:00;0.84;;4.2;6.6;27.0;28.0;14.0;708.2;0.0;77.0;2.4;0.001;22.39;4.6;40.0
7108;2023-10-24 05:00:00;0.86;2.5;5.4;8.0;25.0;28.0;14.0;708.1;0.0;78.0;2.3;0.001;22.25;4.8;65.0
7109;2023-10-24 06:00:00;0.88;2.5;6.9;9.3;24.0;28.0;15.0;708.4;0.0;79.0;2.5;0.001;21.98;6.1;72.0
7110;2023-10-24 07:00:00;0.94;3.3;13.7;17.0;17.0;34.0;18.0;708.8;0.0;80.0;2.8;0.002;21.67;4.9;65.0
7111;2023-10-24 08:00:00;1.09;7.6;17.3;24.8;16.0;47.0;22.0;709.3;0.0;79.0;3.2;0.068;22.05;4.5;55.0
7112;2023-10-24 09:00:00;1.2;26.4;23.4;49.8;13.0;68.0;31.0;709.7;0.0;73.0;3.8;0.178;23.31;4.5;37.0
7113;2023-10-24 10:00:00;1.29;15.0;21.5;36.4;21.0;83.0;38.0;709.9;0.0;69.0;4.2;0.302;24.03;6.2;49.0
7114;2023-10-24 11:00:00;1.24;14.8;23.5;38.3;23.0;81.0;39.0;;0.0;52.0;4.5;0.298;10.57;4.9;51.0
7115;2023-10-24 12:00:00;1.23;10.8;25.8;36.7;31.0;92.0;44.0;709.5;0.0;61.0;4.6;0.34;25.67;4.8;48.0
7116;2023-10-24 13:00:00;1.26;7.4;22.0;29.4;52.0;83.0;43.0;708.9;0.0;56.0;4.5;0.665;27.15;5.2;48.0
7117;2023-10-24 14:00:00;1.12;4.0;12.5;16.5;66.0;62.0;33.0;708.3;0.0;55.0;3.5;0.622;27.82;7.9;58.0
7118;2023-10-24 15:00:00;1.01;3.8;8.6;12.4;53.0;50.0;24.0;707.8;0.0;52.0;3.1;0.53;28.68;7.1;84.0
7119;2023-10-24 16:00:00;0.97;3.6;6.9;10.5;44.0;44.0;22.0;707.5;0.0;48.0;2.9;0.487;29.53;10.7;106.0
7120;2023-10-24 17:00:00;1.0;3.3;7.1;10.4;41.0;46.0;23.0;707.5;0.0;52.0;2.7;0.17;28.73;12.9;112.0
7121;2023-10-24 18:00:00;1.06;3.1;9.8;12.9;37.0;44.0;24.0;707.6;0.0;56.0;2.8;0.042;28.01;12.0;111.0
7122;2023-10-24 19:00:00;1.1;2.8;10.4;13.2;34.0;50.0;25.0;707.8;0.0;59.0;2.7;0.002;27.35;12.2;112.0
7123;2023-10-24 20:00:00;1.06;2.7;9.4;12.1;35.0;43.0;25.0;708.0;0.0;58.0;2.7;0.001;27.03;11.0;122.0
7124;2023-10-24 21:00:00;1.0;2.6;6.6;9.1;40.0;43.0;26.0;708.2;0.0;57.0;2.7;0.001;26.93;12.6;117.0
7125;2023-10-24 22:00:00;0.98;2.4;7.0;9.4;41.0;42.0;28.0;708.6;0.0;56.0;2.7;0.001;26.67;8.5;109.0
7126;2023-10-24 23:00:00;0.98;2.4;5.8;8.3;40.0;43.0;29.0;709.0;0.0;60.0;2.7;0.001;25.97;9.4;100.0
7127;2023-10-25 00:00:00;0.98;2.7;6.2;8.9;31.0;34.0;20.0;709.1;0.0;68.0;2.5;0.001;24.93;10.2;71.0
7128;2023-10-25 01:00:00;0.97;2.3;4.5;6.9;29.0;30.0;18.0;709.1;0.0;71.0;2.3;0.001;24.5;7.6;70.0
7129;2023-10-25 02:00:00;0.96;2.3;3.4;5.7;27.0;26.0;15.0;709.0;0.0;76.0;2.2;0.001;23.8;8.8;59.0
7130;2023-10-25 03:00:00;0.95;2.2;3.0;5.3;27.0;25.0;16.0;708.8;0.0;79.0;2.2;0.001;23.41;8.0;50.0
7131;2023-10-25 04:00:00;0.95;2.3;2.9;5.1;28.0;31.0;21.0;708.7;0.0;79.0;2.2;0.001;23.27;8.5;46.0
7132;2023-10-25 05:00:00;0.96;2.3;3.0;5.2;28.0;34.0;24.0;708.8;0.0;79.0;2.2;0.001;23.1;7.8;56.0
7133;2023-10-25 06:00:00;0.97;;5.3;7.6;25.0;36.0;25.0;709.1;0.0;80.0;2.3;0.001;22.93;6.4;57.0
7134;2023-10-25 07:00:00;1.06;3.7;11.3;15.0;19.0;41.0;26.0;709.6;0.0;80.0;2.4;0.002;22.87;5.2;59.0
7135;2023-10-25 08:00:00;1.25;7.9;16.3;24.2;15.0;50.0;28.0;710.0;0.0;80.0;2.6;0.042;22.97;5.9;58.0
7136;2023-10-25 09:00:00;1.4;13.7;17.8;31.6;15.0;58.0;27.0;710.4;0.0;78.0;2.7;0.144;23.61;5.8;29.0
7137;2023-10-25 10:00:00;1.3;15.5;19.0;34.5;17.0;64.0;31.0;710.6;0.0;74.0;3.0;0.193;24.36;7.2;53.0
7138;2023-10-25 11:00:00;1.22;9.0;17.6;26.6;24.0;58.0;30.0;710.7;0.0;72.0;3.0;0.253;24.81;5.7;44.0
7139;2023-10-25 12:00:00;1.16;5.6;16.3;21.9;32.0;59.0;32.0;710.5;0.0;66.0;3.2;0.172;25.63;7.0;44.0
7140;2023-10-25 13:00:00;1.15;4.1;11.5;15.6;46.0;59.0;33.0;709.9;0.0;64.0;3.1;0.334;26.29;7.5;61.0
7141;2023-10-25 14:00:00;1.1;3.8;8.9;12.8;45.0;54.0;30.0;709.4;0.0;61.0;2.8;0.389;27.05;9.3;69.0
7142;2023-10-25 15:00:00;1.14;3.3;11.1;14.4;43.0;51.0;30.0;709.1;0.0;60.0;2.9;0.127;26.78;9.4;86.0
7143;2023-10-25 16:00:00;1.09;3.3;8.9;12.2;39.0;50.0;27.0;708.9;0.0;62.0;3.1;0.14;26.57;10.3;118.0
7144;2023-10-25 17:00:00;1.1;3.4;9.5;12.9;38.0;46.0;27.0;708.9;0.0;62.0;2.6;0.081;26.36;9.3;111.0
7145;2023-10-25 18:00:00;1.14;3.2;12.6;15.8;31.0;47.0;;708.8;0.0;63.0;2.6;0.046;26.23;8.8;105.0
7146;2023-10-25 19:00:00;1.14;3.4;11.9;15.3;30.0;40.0;25.0;709.0;0.0;64.0;2.7;0.003;25.79;8.8;114.0
7147;2023-10-25 20:00:00;1.11;2.9;10.8;13.7;28.0;40.0;24.0;709.3;0.0;66.0;2.6;0.001;25.7;9.9;107.0
7148;2023-10-25 21:00:00;1.0;2.9;6.5;9.4;28.0;31.0;17.0;709.8;0.0;65.0;2.4;0.001;25.45;10.1;130.0
7149;2023-10-25 22:00:00;1.0;2.6;6.2;8.9;26.0;25.0;14.0;710.0;0.0;66.0;2.4;0.001;25.03;6.9;109.0
7150;2023-10-25 23:00:00;0.99;2.4;5.9;8.3;26.0;21.0;12.0;710.4;0.0;68.0;2.2;0.001;24.46;7.4;83.0
7151;2023-10-26 00:00:00;0.99;2.5;5.9;8.4;25.0;21.0;12.0;710.3;0.0;70.0;2.2;0.001;24.19;6.8;86.0
7152;2023-10-26 01:00:00;0.98;2.3;5.3;7.7;24.0;19.0;;710.1;0.0;72.0;2.2;0.001;23.95;5.8;69.0
7153;2023-10-26 02:00:00;0.98;2.3;5.2;7.5;23.0;19.0;;709.8;0.0;74.0;2.1;0.001;23.64;5.3;65.0
7154;2023-10-26 03:00:00;0.95;;3.9;6.2;25.0;18.0;10.0;709.5;0.0;75.0;2.1;0.001;23.14;3.9;65.0
7155;2023-10-26 04:00:00;0.97;2.7;7.6;10.4;19.0;19.0;12.0;709.4;0.0;77.0;2.2;0.001;22.95;4.9;60.0
7156;2023-10-26 05:00:00;0.96;2.3;4.2;6.5;23.0;16.0;10.0;709.5;0.0;80.0;2.1;0.001;22.61;4.2;62.0
7157;2023-10-26 06:00:00;0.97;2.3;5.6;7.9;21.0;17.0;10.0;709.7;0.0;81.0;2.1;0.001;22.56;3.6;36.0
7158;2023-10-26 07:00:00;1.04;8.0;14.3;22.3;12.0;26.0;12.0;710.0;0.0;81.0;2.4;0.001;22.46;4.2;38.0
7159;2023-10-26 08:00:00;1.26;17.1;16.6;33.7;9.0;30.0;13.0;710.6;0.0;82.0;2.6;0.016;22.48;3.3;40.0
7160;2023-10-26 09:00:00;1.45;31.3;18.1;49.4;10.0;59.0;20.0;711.0;0.0;80.0;3.3;0.047;22.9;5.9;57.0
7161;2023-10-26 10:00:00;1.37;19.8;17.9;37.7;12.0;48.0;20.0;711.4;0.0;79.0;3.0;0.093;23.15;4.8;62.0
7162;2023-10-26 11:00:00;1.35;27.8;20.2;48.0;13.0;69.0;25.0;711.3;0.0;75.0;3.3;0.136;23.89;4.0;13.0
7163;2023-10-26 12:00:00;1.58;9.2;18.7;27.8;24.0;64.0;29.0;711.1;0.0;70.0;3.0;0.209;24.92;4.6;12.0
7164;2023-10-26 13:00:00;1.47;7.9;20.6;28.5;31.0;72.0;31.0;710.5;0.0;66.0;3.0;0.245;25.78;4.6;22.0
7165;2023-10-26 14:00:00;1.29;8.1;25.3;33.4;31.0;77.0;31.0;710.1;0.0;62.0;3.0;0.2;26.5;4.6;57.0
7166;2023-10-26 15:00:00;1.34;6.0;25.6;31.5;34.0;64.0;29.0;709.8;0.0;62.0;2.9;0.153;26.5;6.0;115.0
7167;2023-10-26 16:00:00;1.35;4.7;22.8;27.4;45.0;62.0;29.0;709.7;0.0;60.0;2.8;0.148;26.63;6.7;71.0
7168;2023-10-26 17:00:00;1.36;3.5;20.7;24.1;48.0;61.0;31.0;709.6;0.0;61.0;2.7;0.081;26.55;6.2;81.0
7169;2023-10-26 18:00:00;1.25;3.0;16.0;19.0;38.0;46.0;24.0;709.6;0.0;65.0;2.6;0.039;26.03;6.0;109.0
7170;2023-10-26 19:00:00;1.18;2.7;12.6;15.3;36.0;34.0;19.0;709.8;0.0;65.0;2.6;0.002;25.75;6.6;108.0
7171;2023-10-26 20:00:00;1.27;2.7;17.2;19.9;28.0;35.0;18.0;710.2;0.0;67.0;2.5;0.001;25.59;4.7;91.0
7172;2023-10-26 21:00:00;1.12;2.6;11.8;14.3;27.0;31.0;14.0;710.6;0.0;67.0;2.3;0.001;25.61;4.9;105.0
7173;2023-10-26 22:00:00;1.09;2.5;10.2;12.6;28.0;28.0;14.0;710.8;0.0;67.0;2.3;0.001;25.54;5.6;89.0
7174;2023-10-26 23:00:00;1.06;2.5;8.6;11.0;28.0;31.0;15.0;711.0;0.0;69.0;2.3;0.001;25.28;5.2;82.0
7175;2023-10-27 00:00:00;1.04;2.4;8.6;11.0;20.0;19.0;9.0;711.1;0.0;75.0;2.2;0.001;24.36;6.7;53.0
7176;2023-10-27 01:00:00;1.03;2.4;7.4;9.8;19.0;17.0;9.0;711.0;0.0;78.0;2.2;0.001;23.79;7.4;55.0
7177;2023-10-27 02:00:00;1.0;;5.2;7.6;20.0;18.0;8.0;711.0;0.0;81.0;2.1;0.001;23.31;6.7;66.0
7178;2023-10-27 03:00:00;0.98;2.3;3.8;6.1;20.0;16.0;8.0;710.8;0.0;83.0;2.1;0.001;22.98;7.7;58.0
7179;2023-10-27 04:00:00;0.97;2.3;3.8;6.1;19.0;13.0;7.0;710.7;0.0;84.0;2.1;0.001;22.75;7.2;73.0
7180;2023-10-27 05:00:00;0.96;;3.3;5.6;20.0;13.0;7.0;710.9;0.0;85.0;2.1;0.001;22.48;9.2;64.0
7181;2023-10-27 06:00:00;0.97;2.5;5.0;7.4;18.0;12.0;;711.1;0.0;85.0;2.2;0.001;22.3;7.9;64.0
7182;2023-10-27 07:00:00;1.04;4.2;9.7;13.9;14.0;17.0;9.0;711.4;0.0;85.0;2.1;0.002;22.27;6.3;67.0
7183;2023-10-27 08:00:00;1.18;8.1;11.8;19.9;12.0;23.0;10.0;711.8;0.0;84.0;2.5;0.026;22.45;7.9;65.0
7184;2023-10-27 09:00:00;1.25;9.9;11.9;21.9;14.0;24.0;11.0;712.3;0.0;83.0;2.4;0.079;22.79;7.6;52.0
7185;2023-10-27 10:00:00;1.24;10.3;10.6;20.9;16.0;27.0;13.0;712.6;0.0;79.0;2.5;0.165;23.72;9.1;49.0
7186;2023-10-27 11:00:00;1.16;8.7;9.1;17.9;20.0;27.0;12.0;712.8;0.0;74.0;2.5;0.319;24.65;8.8;55.0
7187;2023-10-27 12:00:00;1.12;6.5;8.6;15.1;24.0;27.0;11.0;712.6;0.0;66.0;2.4;0.29;26.1;6.1;89.0
7188;2023-10-27 13:00:00;1.09;5.7;8.1;13.8;27.0;25.0;12.0;712.1;0.0;63.0;2.4;0.344;26.63;8.6;98.0
7189;2023-10-27 14:00:00;1.07;4.7;7.1;11.8;29.0;26.0;12.0;711.5;0.0;61.0;2.4;0.373;27.15;9.8;104.0
7190;2023-10-27 15:00:00;1.1;3.9;8.4;12.3;28.0;29.0;;711.1;0.0;62.0;2.4;0.101;26.81;8.3;104.0
7191;2023-10-27 16:00:00;1.09;3.7;8.9;12.6;27.0;25.0;11.0;711.0;0.0;62.0;2.4;0.073;26.77;9.1;121.0
7192;2023-10-27 17:00:00;1.14;4.6;11.0;15.6;25.0;28.0;11.0;710.7;0.0;62.0;2.5;0.048;26.63;9.0;119.0
7193;2023-10-27 18:00:00;1.19;5.5;13.9;19.4;23.0;29.0;;710.9;0.0;61.0;2.5;0.04;26.71;9.5;118.0
7194;2023-10-27 19:00:00;1.24;4.3;16.1;20.4;21.0;29.0;10.0;711.0;0.0;60.0;2.5;0.002;26.52;8.8;122.0
7195;2023-10-27 20:00:00;1.18;3.7;15.8;19.6;20.0;28.0;11.0;711.3;0.0;59.0;2.4;0.001;26.41;7.7;125.0
7196;2023-10-27 21:00:00;1.11;2.9;13.2;16.1;22.0;26.0;10.0;711.7;0.0;56.0;2.2;0.001;26.46;8.6;100.0
7197;2023-10-27 22:00:00;1.06;2.5;8.9;11.4;26.0;32.0;10.0;712.2;0.0;63.0;2.2;0.001;25.43;10.8;93.0
7198;2023-10-27 23:00:00;1.08;3.0;9.2;12.1;24.0;29.0;11.0;712.3;0.0;69.0;2.3;0.001;24.46;10.0;95.0
7199;2023-10-28 00:00:00;1.05;2.4;8.7;11.1;24.0;25.0;10.0;712.3;0.0;73.0;2.2;0.001;23.79;6.2;64.0
7200;2023-10-28 01:00:00;1.06;2.8;10.0;12.9;21.0;27.0;11.0;712.2;0.0;77.0;2.3;0.001;22.93;6.4;42.0
7201;2023-10-28 02:00:00;1.03;3.1;9.1;12.2;21.0;26.0;10.0;712.0;0.0;80.0;2.2;0.001;22.05;6.0;44.0
7202;2023-10-28 03:00:00;1.01;5.7;13.4;19.1;16.0;28.0;13.0;711.8;0.0;81.0;2.4;0.001;21.34;6.8;34.0
7203;2023-10-28 04:00:00;0.99;5.2;11.7;16.9;17.0;29.0;12.0;711.8;0.0;82.0;2.5;0.001;20.91;5.4;17.0
7204;2023-10-28 05:00:00;1.02;7.4;19.2;26.5;10.0;50.0;16.0;711.8;0.0;81.0;2.8;0.001;20.86;5.7;1.0
7205;2023-10-28 06:00:00;1.01;4.9;17.2;22.1;12.0;36.0;13.0;711.8;0.0;81.0;2.6;0.001;20.92;4.1;23.0
7206;2023-10-28 07:00:00;1.05;5.9;17.2;23.1;10.0;28.0;12.0;712.0;0.0;81.0;2.7;0.002;20.72;3.7;24.0
7207;2023-10-28 08:00:00;1.16;11.0;16.6;27.6;12.0;33.0;12.0;712.4;0.0;82.0;2.6;0.051;20.91;3.6;45.0
7208;2023-10-28 09:00:00;1.21;19.6;18.0;37.6;14.0;43.0;16.0;712.7;0.0;78.0;2.8;0.146;21.94;3.8;23.0
7209;2023-10-28 10:00:00;1.2;12.8;16.9;29.7;20.0;50.0;20.0;712.8;0.0;70.0;2.8;0.241;23.16;2.4;338.0
7210;2023-10-28 11:00:00;1.32;17.6;20.9;38.5;23.0;67.0;27.0;712.7;0.0;65.0;3.0;0.466;24.27;6.4;20.0
7211;2023-10-28 12:00:00;1.14;7.4;14.1;21.5;38.0;46.0;20.0;712.1;0.0;61.0;3.0;0.499;25.24;7.2;60.0
7212;2023-10-28 13:00:00;1.06;4.8;10.0;14.9;41.0;39.0;13.0;711.3;0.0;58.0;2.7;0.459;25.91;7.1;30.0
7213;2023-10-28 14:00:00;0.98;3.4;5.5;8.8;43.0;25.0;9.0;710.5;0.0;49.0;2.7;0.667;27.69;9.1;113.0
7214;2023-10-28 15:00:00;0.97;3.1;4.6;7.7;43.0;20.0;9.0;709.9;0.0;46.0;2.5;0.645;28.42;9.5;110.0
7215;2023-10-28 16:00:00;0.97;3.1;4.8;7.9;42.0;21.0;;709.5;0.0;46.0;2.4;0.452;28.69;8.9;122.0
7216;2023-10-28 17:00:00;0.96;2.9;4.3;7.2;42.0;20.0;;709.2;0.0;46.0;2.4;0.169;28.63;9.0;128.0
7217;2023-10-28 18:00:00;1.0;2.8;6.8;9.7;37.0;22.0;8.0;709.2;0.0;48.0;2.3;0.029;27.86;8.3;124.0
7218;2023-10-28 19:00:00;1.04;2.5;10.2;12.7;32.0;23.0;9.0;709.4;0.0;51.0;2.3;0.002;26.97;8.3;107.0
7219;2023-10-28 20:00:00;1.07;2.7;11.3;14.1;29.0;22.0;10.0;709.6;0.0;54.0;2.3;0.001;26.57;7.7;100.0
7220;2023-10-28 21:00:00;1.04;2.4;8.6;11.0;30.0;23.0;9.0;709.8;0.0;55.0;2.2;0.001;26.26;8.9;119.0
7221;2023-10-28 22:00:00;1.02;2.4;7.4;9.8;29.0;24.0;9.0;710.1;0.0;56.0;2.2;0.001;25.72;11.2;122.0
7222;2023-10-28 23:00:00;1.04;;9.4;11.8;26.0;18.0;7.0;710.2;0.0;57.0;2.3;0.001;25.12;5.2;83.0
7223;2023-10-29 00:00:00;0.99;2.3;6.4;8.7;29.0;15.0;6.0;710.2;0.0;60.0;2.2;0.001;24.67;6.6;91.0
7224;2023-10-29 01:00:00;1.01;2.3;7.0;9.3;27.0;15.0;6.0;710.0;0.0;63.0;2.2;0.001;24.08;5.9;75.0
7225;2023-10-29 02:00:00;1.03;;8.0;10.3;24.0;18.0;7.0;709.8;0.0;68.0;2.2;0.001;23.04;7.3;40.0
7226;2023-10-29 03:00:00;1.02;;7.1;9.4;23.0;20.0;8.0;709.7;0.0;73.0;2.2;0.001;21.78;4.6;47.0
7227;2023-10-29 04:00:00;1.0;2.8;11.4;14.2;18.0;23.0;10.0;709.6;0.0;77.0;2.2;0.001;21.23;3.8;353.0
7228;2023-10-29 05:00:00;1.01;5.3;18.1;23.4;11.0;36.0;12.0;709.6;0.0;79.0;2.5;0.001;21.03;3.2;336.0
7229;2023-10-29 06:00:00;1.04;2.7;13.1;15.8;16.0;31.0;11.0;709.6;0.0;80.0;2.4;0.001;21.06;3.4;30.0
7230;2023-10-29 07:00:00;1.05;8.8;16.2;25.0;11.0;30.0;13.0;709.8;0.0;80.0;2.6;0.001;21.05;3.8;66.0
7231;2023-10-29 08:00:00;1.12;8.8;16.7;25.5;11.0;31.0;13.0;710.0;0.0;79.0;2.7;0.012;21.22;3.1;61.0
7232;2023-10-29 09:00:00;1.15;14.0;16.8;30.9;12.0;37.0;16.0;710.2;0.0;78.0;2.9;0.058;21.47;4.2;44.0
7233;2023-10-29 10:00:00;1.21;17.7;17.8;35.5;14.0;49.0;22.0;710.4;0.0;76.0;3.2;0.153;22.16;4.6;46.0
7234;2023-10-29 11:00:00;1.2;10.2;15.5;25.7;18.0;41.0;19.0;710.6;0.0;76.0;3.1;0.124;22.32;5.3;64.0
7235;2023-10-29 12:00:00;1.24;7.4;15.3;22.6;21.0;41.0;21.0;710.3;0.0;72.0;2.9;0.16;22.91;4.4;51.0
7236;2023-10-29 13:00:00;1.24;13.1;20.6;33.7;21.0;55.0;26.0;709.7;0.0;69.0;3.1;0.225;23.71;4.8;9.0
7237;2023-10-29 14:00:00;1.19;5.6;16.0;21.7;33.0;47.0;22.0;709.2;0.0;66.0;2.9;0.189;24.23;5.0;12.0
7238;2023-10-29 15:00:00;1.18;3.9;11.3;15.2;40.0;41.0;21.0;708.8;0.0;63.0;2.9;0.227;25.12;4.6;34.0
7239;2023-10-29 16:00:00;1.15;3.6;9.6;13.2;45.0;35.0;19.0;708.6;0.0;58.0;2.7;0.268;26.4;4.9;24.0
7240;2023-10-29 17:00:00;1.14;3.1;8.1;11.3;45.0;30.0;14.0;708.6;0.0;56.0;2.7;0.201;27.05;6.9;35.0
7241;2023-10-29 18:00:00;1.14;2.5;9.7;12.2;39.0;25.0;13.0;709.0;0.0;58.0;2.5;0.032;26.32;5.1;54.0
7242;2023-10-29 19:00:00;1.27;2.7;16.5;19.1;26.0;36.0;15.0;709.3;0.0;59.0;2.8;0.001;26.03;4.4;49.0
7243;2023-10-29 20:00:00;1.37;3.0;22.5;25.5;15.0;33.0;15.0;709.8;0.0;60.0;2.7;0.001;26.01;1.8;103.0
7244;2023-10-29 21:00:00;1.42;5.3;23.2;28.6;13.0;37.0;16.0;710.2;0.0;61.0;2.7;0.001;25.96;3.5;46.0
7245;2023-10-29 22:00:00;1.23;8.5;20.7;29.2;16.0;64.0;18.0;710.7;0.0;61.0;3.0;0.001;25.54;10.9;59.0
7246;2023-10-29 23:00:00;1.01;2.4;5.5;7.9;33.0;33.0;9.0;711.4;0.0;66.0;3.1;0.001;23.94;15.8;67.0
7247;2023-10-30 00:00:00;1.03;2.9;7.1;10.0;24.0;121.0;13.0;712.3;0.0;64.0;3.4;0.001;20.04;14.5;15.0
7248;2023-10-30 01:00:00;1.07;2.4;5.9;8.4;19.0;64.0;10.0;713.4;0.0;74.0;3.0;0.001;15.73;12.3;52.0
7249;2023-10-30 02:00:00;0.91;2.6;6.0;8.6;19.0;34.0;9.0;713.7;0.0;81.0;2.7;0.001;12.85;16.2;69.0
7250;2023-10-30 03:00:00;0.94;2.5;5.0;7.5;20.0;27.0;7.0;714.1;0.0;83.0;2.5;0.001;11.29;15.0;49.0
7251;2023-10-30 04:00:00;0.91;4.6;9.8;14.4;14.0;16.0;6.0;714.5;0.0;86.0;2.6;0.001;10.24;11.8;86.0
7252;2023-10-30 05:00:00;0.9;5.8;10.1;15.9;14.0;14.0;7.0;715.1;0.0;86.0;2.7;0.001;9.09;11.0;79.0
7253;2023-10-30 06:00:00;0.9;3.5;9.2;12.8;15.0;11.0;7.0;715.6;0.0;87.0;2.5;0.001;8.21;10.4;80.0
7254;2023-10-30 07:00:00;0.97;7.9;14.1;22.0;11.0;17.0;10.0;716.4;0.0;87.0;2.6;0.001;7.62;7.1;119.0
7255;2023-10-30 08:00:00;1.21;9.4;14.2;23.6;12.0;18.0;9.0;717.1;0.0;88.0;2.6;0.013;7.94;5.4;74.0
7256;2023-10-30 09:00:00;1.15;7.9;12.3;20.2;15.0;17.0;7.0;717.6;0.0;88.0;2.7;0.038;7.37;11.3;29.0
7257;2023-10-30 10:00:00;1.05;8.7;13.6;22.2;15.0;25.0;6.0;718.3;0.0;85.0;2.7;0.046;7.29;7.5;31.0
7258;2023-10-30 11:00:00;1.05;8.6;13.2;21.8;19.0;45.0;7.0;718.5;0.0;77.0;2.8;0.089;7.78;9.4;31.0
7259;2023-10-30 12:00:00;1.21;7.8;12.5;20.4;21.0;47.0;9.0;718.3;0.0;73.0;3.3;0.103;7.64;11.1;24.0
7260;2023-10-30 13:00:00;1.21;7.8;13.3;21.1;21.0;43.0;9.0;717.8;0.0;71.0;3.4;0.077;7.86;9.0;22.0
7261;2023-10-30 14:00:00;1.12;8.2;13.4;21.6;22.0;53.0;;717.3;0.0;67.0;3.3;0.105;8.24;8.6;22.0
7262;2023-10-30 15:00:00;1.18;6.6;13.6;20.3;23.0;49.0;10.0;716.9;0.0;66.0;3.5;0.081;8.49;6.9;27.0
7263;2023-10-30 16:00:00;1.16;8.7;16.5;25.2;20.0;60.0;11.0;716.8;0.0;65.0;3.9;0.068;8.71;8.1;16.0
7264;2023-10-30 17:00:00;1.23;7.8;16.3;24.1;20.0;58.0;11.0;716.7;0.0;65.0;3.7;0.055;8.63;8.0;24.0
7265;2023-10-30 18:00:00;1.13;6.5;17.6;24.1;18.0;56.0;10.0;717.0;0.0;66.0;3.3;0.018;8.19;8.9;23.0
7266;2023-10-30 19:00:00;1.11;6.0;20.8;26.8;15.0;54.0;11.0;717.4;0.0;67.0;3.7;0.001;7.81;6.7;34.0
7267;2023-10-30 20:00:00;1.05;4.3;18.7;23.0;17.0;47.0;10.0;717.8;0.0;68.0;5.0;0.001;7.69;6.5;47.0
7268;2023-10-30 21:00:00;0.95;3.2;16.1;19.3;19.0;35.0;10.0;718.2;0.0;68.0;3.7;0.001;7.56;6.8;43.0
7269;2023-10-30 22:00:00;0.99;2.9;14.6;17.4;21.0;34.0;11.0;718.5;0.0;68.0;4.2;0.001;7.66;6.2;33.0
7270;2023-10-30 23:00:00;0.96;3.2;13.2;16.3;22.0;34.0;12.0;718.5;0.0;69.0;3.9;0.001;7.59;6.3;40.0
7271;2023-10-31 00:00:00;1.18;2.4;11.8;14.2;24.0;33.0;15.0;718.5;0.0;68.0;4.6;0.001;7.66;5.6;39.0
7272;2023-10-31 01:00:00;0.87;2.3;9.0;11.3;26.0;36.0;12.0;718.5;0.0;68.0;3.4;0.001;7.45;7.2;31.0
7273;2023-10-31 02:00:00;0.87;2.2;7.3;9.5;28.0;34.0;12.0;718.3;0.0;68.0;3.4;0.001;7.02;7.0;32.0
7274;2023-10-31 03:00:00;1.0;2.2;8.0;10.2;28.0;30.0;;718.2;0.0;66.0;4.2;0.001;7.1;6.6;29.0
7275;2023-10-31 04:00:00;0.93;;7.8;10.0;28.0;29.0;13.0;718.2;0.0;66.0;3.8;0.001;7.04;6.3;36.0
7276;2023-10-31 05:00:00;0.98;;8.8;11.0;27.0;36.0;13.0;718.2;0.0;66.0;3.5;0.001;6.93;6.2;37.0
7277;2023-10-31 06:00:00;0.98;;9.5;11.7;27.0;31.0;12.0;718.6;0.0;66.0;3.5;0.001;6.96;6.6;37.0
7278;2023-10-31 07:00:00;0.94;3.1;13.3;16.4;23.0;35.0;12.0;719.1;0.0;65.0;4.4;0.001;6.79;6.2;40.0
7279;2023-10-31 08:00:00;1.18;5.3;18.3;23.5;19.0;39.0;13.0;719.7;0.0;63.0;7.2;0.014;6.96;4.9;58.0
7280;2023-10-31 09:00:00;1.22;7.9;18.5;26.3;19.0;39.0;14.0;720.3;0.0;64.0;5.1;0.05;7.12;5.9;38.0
7281;2023-10-31 10:00:00;1.13;11.0;18.9;29.9;20.0;36.0;14.0;720.8;0.0;66.0;3.6;0.125;7.31;6.7;56.0
7282;2023-10-31 11:00:00;1.18;11.5;19.1;30.7;22.0;44.0;17.0;721.0;0.0;65.0;3.6;0.162;7.87;4.1;88.0
7283;2023-10-31 12:00:00;1.23;11.5;17.5;29.0;24.0;50.0;19.0;720.7;0.0;60.0;3.4;0.216;8.95;5.2;32.0
7284;2023-10-31 13:00:00;1.12;8.9;15.3;24.3;27.0;44.0;15.0;720.2;0.0;57.0;3.2;0.198;9.49;6.7;21.0
7285;2023-10-31 14:00:00;1.21;9.8;16.4;26.2;27.0;45.0;16.0;719.6;0.0;54.0;3.3;0.215;10.21;7.3;32.0
7286;2023-10-31 15:00:00;1.16;9.3;17.7;27.0;26.0;43.0;16.0;719.4;0.0;53.0;3.1;0.167;10.67;6.0;25.0
7287;2023-10-31 16:00:00;1.1;7.8;19.0;26.8;24.0;44.0;;719.1;0.0;51.0;3.1;0.11;11.23;3.3;18.0
7288;2023-10-31 18:00:00;1.0;7.1;18.2;25.3;23.0;31.0;9.0;719.4;0.0;47.0;3.3;0.02;11.31;7.5;338.0
7289;2023-10-31 19:00:00;1.28;8.8;27.3;36.2;15.0;48.0;14.0;719.8;0.0;45.0;3.3;0.001;11.0;6.6;9.0
7290;2023-10-31 20:00:00;1.21;12.5;29.1;41.6;13.0;36.0;12.0;720.2;0.0;45.0;3.6;0.001;11.06;3.6;57.0
7291;2023-10-31 21:00:00;1.32;20.6;32.7;53.3;10.0;59.0;16.0;720.6;0.0;45.0;4.4;0.001;10.76;4.3;106.0
7292;2023-10-31 22:00:00;1.15;12.4;29.5;41.9;13.0;48.0;14.0;721.0;0.0;43.0;3.7;0.001;10.94;3.6;30.0
7293;2023-10-31 23:00:00;1.09;6.4;28.1;34.5;14.0;37.0;13.0;721.0;0.0;42.0;3.3;0.001;10.91;5.1;19.0
7294;2023-11-01 00:00:00;;;;;;;;;;;;0.0;;;
7295;2023-11-01 01:00:00;0.86;2.3;16.4;18.7;26.0;26.0;9.0;720.8;0.0;38.0;2.6;0.001;10.96;4.7;324.0
7296;2023-11-01 02:00:00;0.83;2.3;13.4;15.7;29.0;19.0;7.0;720.8;0.0;38.0;2.5;0.001;10.99;3.6;317.0
7297;2023-11-01 03:00:00;0.83;;14.3;16.6;26.0;19.0;8.0;720.7;0.0;39.0;2.6;0.001;11.03;1.7;238.0
7298;2023-11-01 04:00:00;0.85;;16.0;18.3;23.0;21.0;8.0;720.6;0.0;40.0;2.6;0.001;11.16;1.5;312.0
7299;2023-11-01 05:00:00;0.79;;12.4;14.6;26.0;18.0;7.0;720.5;0.0;38.0;2.6;0.001;11.18;1.7;8.0
7300;2023-11-01 06:00:00;0.85;2.2;10.5;12.8;34.0;20.0;9.0;720.7;0.0;34.0;2.8;0.001;11.39;2.2;23.0
7301;2023-11-01 07:00:00;0.89;3.3;18.8;22.0;27.0;26.0;9.0;720.9;0.0;34.0;2.9;0.002;11.37;1.9;37.0
7302;2023-11-01 08:00:00;1.03;5.9;18.0;23.8;31.0;29.0;;721.4;0.0;32.0;2.9;0.034;11.47;5.4;22.0
7303;2023-11-01 09:00:00;1.12;6.5;16.7;23.2;32.0;34.0;10.0;721.5;0.0;33.0;3.3;0.131;11.53;7.1;8.0
7304;2023-11-01 10:00:00;0.96;10.4;17.6;27.9;33.0;51.0;12.0;721.6;0.0;32.0;5.8;0.351;12.6;6.7;39.0
7305;2023-11-01 11:00:00;0.92;8.8;13.3;22.1;39.0;46.0;11.0;721.3;0.0;30.0;3.3;0.598;13.77;8.0;12.0
7306;2023-11-01 12:00:00;0.92;10.2;16.3;26.5;39.0;46.0;15.0;720.7;0.0;32.0;4.3;0.696;14.18;6.9;40.0
7307;2023-11-01 13:00:00;0.91;7.8;13.7;21.4;43.0;41.0;16.0;720.0;0.0;34.0;6.9;0.744;14.47;10.8;52.0
7308;2023-11-01 14:00:00;0.9;6.0;10.8;16.8;47.0;34.0;12.0;719.3;0.0;35.0;5.6;0.725;14.85;11.2;48.0
7309;2023-11-01 15:00:00;0.89;5.2;10.4;15.6;50.0;31.0;11.0;718.6;0.0;34.0;3.4;0.629;15.54;12.3;50.0
7310;2023-11-01 16:00:00;0.87;4.5;9.9;14.4;52.0;29.0;11.0;718.2;0.0;33.0;3.2;0.407;15.74;12.9;49.0
7311;2023-11-01 17:00:00;0.92;4.1;12.5;16.6;49.0;27.0;10.0;718.1;0.0;32.0;3.1;0.177;15.87;9.2;73.0
7312;2023-11-01 18:00:00;0.88;3.1;12.3;15.4;47.0;25.0;9.0;718.3;0.0;35.0;2.9;0.038;14.96;8.1;106.0
7313;2023-11-01 19:00:00;0.91;2.6;14.1;16.7;44.0;24.0;10.0;718.4;0.0;36.0;3.0;0.001;13.79;9.4;119.0
7314;2023-11-01 20:00:00;0.89;2.3;13.8;16.2;44.0;22.0;10.0;718.6;0.0;34.0;3.0;0.001;13.37;7.3;110.0
7315;2023-11-01 21:00:00;0.87;2.3;13.3;15.6;44.0;25.0;11.0;718.7;0.0;35.0;3.1;0.001;12.86;7.6;104.0
7316;2023-11-01 22:00:00;0.86;2.2;12.5;14.7;;25.0;11.0;718.6;0.0;37.0;3.0;0.001;12.61;5.7;89.0
7317;2023-11-01 23:00:00;0.88;2.3;14.1;16.4;39.0;25.0;;718.4;0.0;41.0;2.8;0.001;12.0;3.4;60.0
7318;2023-11-02 00:00:00;0.86;2.3;12.4;14.7;40.0;23.0;;718.1;0.0;42.0;2.8;0.001;11.58;3.3;52.0
7319;2023-11-02 01:00:00;0.81;2.2;7.9;10.1;45.0;21.0;10.0;717.8;0.0;40.0;2.7;0.001;11.54;4.5;49.0
7320;2023-11-02 02:00:00;0.77;2.2;6.0;8.2;44.0;18.0;9.0;717.6;0.0;41.0;2.6;0.001;11.15;3.0;15.0
7321;2023-11-02 03:00:00;0.8;;12.1;14.3;35.0;18.0;10.0;717.2;0.0;43.0;2.6;0.001;10.5;1.8;271.0
7322;2023-11-02 04:00:00;0.94;2.3;24.8;27.1;21.0;40.0;16.0;717.1;0.0;46.0;2.8;0.001;9.95;2.1;216.0
7323;2023-11-02 05:00:00;0.93;5.8;24.2;30.0;18.0;80.0;20.0;717.3;0.0;50.0;3.0;0.001;9.59;1.9;323.0
7324;2023-11-02 06:00:00;1.05;19.6;32.9;52.5;11.0;82.0;27.0;717.5;0.0;53.0;3.5;0.001;8.98;1.9;218.0
7325;2023-11-02 07:00:00;1.05;21.6;29.5;51.1;11.0;53.0;20.0;717.7;0.0;56.0;3.2;0.002;8.71;1.9;252.0
7326;2023-11-02 08:00:00;1.24;37.8;30.3;68.0;11.0;78.0;22.0;718.0;0.0;52.0;4.0;0.034;10.42;4.1;221.0
7327;2023-11-02 09:00:00;1.3;33.8;35.0;68.8;17.0;115.0;34.0;718.3;0.0;41.0;5.8;0.148;13.6;1.9;240.0
7328;2023-11-02 10:00:00;1.16;21.6;31.3;52.9;30.0;88.0;30.0;718.5;0.0;32.0;5.7;0.43;15.14;2.8;20.0
7329;2023-11-02 11:00:00;0.99;10.6;21.1;31.8;42.0;55.0;23.0;718.4;0.0;29.0;4.0;0.603;16.48;2.6;77.0
7330;2023-11-02 12:00:00;0.93;7.1;16.0;23.1;51.0;38.0;17.0;717.9;0.0;28.0;4.0;0.713;16.75;7.0;59.0
7331;2023-11-02 13:00:00;0.88;5.9;14.1;20.0;55.0;42.0;15.0;717.2;0.0;28.0;5.1;0.763;17.85;6.1;40.0
7332;2023-11-02 14:00:00;0.87;5.6;13.2;18.7;55.0;34.0;11.0;716.5;0.0;29.0;4.2;0.74;18.97;6.9;48.0
7333;2023-11-02 15:00:00;0.88;4.3;10.1;14.4;57.0;33.0;11.0;716.0;0.0;33.0;3.2;0.624;19.34;10.0;53.0
7334;2023-11-02 16:00:00;0.91;4.5;11.5;16.1;54.0;31.0;;715.7;0.0;35.0;3.3;0.415;19.76;10.9;39.0
7335;2023-11-02 17:00:00;0.95;4.0;12.5;16.5;52.0;34.0;;715.9;0.0;36.0;3.0;0.164;19.81;10.7;55.0
7336;2023-11-02 18:00:00;0.98;3.2;15.4;18.6;44.0;34.0;12.0;716.2;0.0;42.0;3.0;0.028;18.66;9.8;63.0
7337;2023-11-02 19:00:00;1.05;2.8;18.8;21.6;36.0;39.0;13.0;716.5;0.0;49.0;3.1;0.002;17.44;8.9;65.0
7338;2023-11-02 20:00:00;1.02;2.6;17.0;19.6;36.0;32.0;12.0;716.8;0.0;53.0;3.4;0.001;16.74;7.7;71.0
7339;2023-11-02 21:00:00;0.95;2.4;11.1;13.5;40.0;26.0;10.0;717.0;0.0;57.0;3.0;0.001;16.13;6.7;97.0
7340;2023-11-02 22:00:00;0.89;2.3;7.3;9.6;42.0;23.0;9.0;717.1;0.0;60.0;2.8;0.001;15.74;8.2;116.0
7341;2023-11-02 23:00:00;0.87;2.3;6.0;8.4;43.0;23.0;9.0;716.9;0.0;62.0;2.6;0.001;15.43;7.8;118.0
7342;2023-11-03 00:00:00;0.89;2.4;8.4;10.7;38.0;23.0;;716.6;0.0;63.0;2.6;0.001;15.09;5.0;123.0
7343;2023-11-03 01:00:00;1.01;2.7;17.5;20.2;22.0;28.0;12.0;716.3;0.0;67.0;2.6;0.001;13.83;2.2;238.0
7344;2023-11-03 02:00:00;1.16;5.9;30.9;36.8;10.0;55.0;21.0;716.1;0.0;69.0;3.0;0.001;13.38;3.1;213.0
7345;2023-11-03 03:00:00;1.13;10.6;30.9;41.5;10.0;85.0;27.0;716.0;0.0;70.0;3.3;0.001;12.76;2.2;215.0
7346;2023-11-03 04:00:00;1.11;13.7;30.7;44.5;10.0;96.0;33.0;715.9;0.0;70.0;3.6;0.001;12.52;3.4;215.0
7347;2023-11-03 05:00:00;1.01;5.6;27.2;32.8;12.0;88.0;31.0;716.0;0.0;69.0;3.5;0.001;12.42;3.6;227.0
7348;2023-11-03 06:00:00;0.97;3.5;22.8;26.3;15.0;82.0;26.0;716.1;0.0;67.0;3.4;0.001;12.78;5.9;221.0
7349;2023-11-03 07:00:00;1.14;25.5;26.9;52.4;10.0;113.0;34.0;716.3;0.0;67.0;4.6;0.002;12.89;5.9;221.0
7350;2023-11-03 08:00:00;1.36;38.3;28.6;66.9;11.0;125.0;39.0;716.7;0.0;66.0;5.0;0.032;13.07;6.0;214.0
7351;2023-11-03 09:00:00;1.45;39.7;31.6;71.3;14.0;109.0;39.0;716.9;0.0;59.0;5.4;0.14;15.65;6.5;224.0
7352;2023-11-03 10:00:00;1.34;22.4;31.0;53.4;25.0;92.0;;717.0;0.0;52.0;5.5;0.42;18.67;1.6;23.0
7353;2023-11-03 11:00:00;1.21;13.1;23.5;36.6;37.0;67.0;28.0;716.9;0.0;51.0;4.5;0.584;19.95;3.6;58.0
7354;2023-11-03 12:00:00;1.16;9.5;19.5;29.0;44.0;51.0;23.0;716.6;0.0;51.0;4.4;0.692;20.65;6.2;52.0
7355;2023-11-03 13:00:00;1.08;5.1;12.0;17.2;53.0;41.0;17.0;715.9;0.0;50.0;3.6;0.743;21.58;5.6;46.0
7356;2023-11-03 14:00:00;1.04;4.7;10.4;15.1;56.0;32.0;14.0;715.2;0.0;48.0;3.4;0.699;22.5;5.7;45.0
7357;2023-11-03 15:00:00;1.04;4.0;9.1;13.1;55.0;31.0;13.0;714.8;0.0;48.0;2.7;0.618;23.02;7.8;49.0
7358;2023-11-03 16:00:00;1.05;4.2;10.0;14.3;51.0;31.0;12.0;714.6;0.0;48.0;2.7;0.398;23.33;9.4;53.0
7359;2023-11-03 17:00:00;1.08;4.0;11.3;15.3;48.0;32.0;12.0;714.6;0.0;50.0;2.6;0.17;23.09;9.1;74.0
7360;2023-11-03 18:00:00;1.08;3.0;11.9;15.0;44.0;31.0;;714.7;0.0;54.0;2.5;0.029;21.82;9.1;109.0
7361;2023-11-03 19:00:00;1.11;2.6;13.9;16.5;38.0;32.0;;714.9;0.0;59.0;2.4;0.002;20.39;8.3;96.0
7362;2023-11-03 20:00:00;1.15;2.6;15.8;18.4;33.0;31.0;;715.1;0.0;61.0;2.4;0.001;19.75;6.1;85.0
7363;2023-11-03 21:00:00;1.16;2.7;17.9;20.6;29.0;32.0;14.0;715.3;0.0;62.0;2.4;0.001;19.33;4.7;81.0
7364;2023-11-03 22:00:00;1.1;2.7;15.7;18.4;28.0;29.0;12.0;715.4;0.0;64.0;2.4;0.001;18.97;5.2;100.0
7365;2023-11-03 23:00:00;1.0;3.0;11.3;14.3;31.0;22.0;10.0;715.3;0.0;65.0;2.4;0.001;18.95;5.7;104.0
7366;2023-11-04 00:00:00;1.11;3.1;19.2;22.3;18.0;25.0;12.0;715.1;0.0;69.0;2.3;0.001;17.5;2.3;224.0
7367;2023-11-04 01:00:00;1.38;12.8;27.1;39.9;10.0;40.0;18.0;714.8;0.0;71.0;2.4;0.001;16.75;3.5;224.0
7368;2023-11-04 02:00:00;1.29;13.2;28.1;41.3;10.0;64.0;23.0;714.6;0.0;72.0;2.4;0.001;16.23;3.6;222.0
7369;2023-11-04 03:00:00;1.27;17.3;28.0;45.3;9.0;91.0;30.0;714.6;0.0;72.0;2.6;0.001;15.85;3.2;224.0
7370;2023-11-04 04:00:00;1.21;15.8;27.7;43.5;9.0;109.0;31.0;714.5;0.0;73.0;2.6;0.001;15.5;4.2;223.0
7371;2023-11-04 05:00:00;1.14;10.2;28.9;39.2;10.0;103.0;34.0;714.5;0.0;71.0;2.9;0.001;15.19;1.1;252.0
7372;2023-11-04 06:00:00;1.1;6.7;25.0;31.7;10.0;82.0;27.0;714.8;0.0;73.0;2.8;0.001;14.69;2.8;237.0
7373;2023-11-04 07:00:00;1.16;25.7;25.4;51.2;10.0;78.0;29.0;715.2;0.0;72.0;3.0;0.002;14.37;2.9;222.0
7374;2023-11-04 08:00:00;1.29;37.1;23.5;60.6;;104.0;33.0;715.7;0.0;70.0;3.2;0.037;15.16;2.3;216.0
7375;2023-11-04 09:00:00;1.54;44.8;28.5;73.2;13.0;92.0;30.0;716.0;0.0;63.0;3.2;0.132;18.58;2.4;7.0
7376;2023-11-04 10:00:00;1.47;20.1;24.1;44.2;23.0;104.0;39.0;716.2;0.0;66.0;3.3;0.358;19.35;3.5;10.0
7377;2023-11-04 11:00:00;1.63;10.0;19.8;29.7;36.0;95.0;43.0;716.2;0.0;66.0;4.2;0.471;19.97;4.8;359.0
7378;2023-11-04 12:00:00;1.76;16.7;28.2;44.9;31.0;93.0;48.0;715.8;0.0;63.0;5.3;0.548;20.94;5.7;12.0
7379;2023-11-04 13:00:00;1.45;16.3;31.8;48.2;37.0;91.0;45.0;715.1;0.0;57.0;5.6;0.653;22.66;4.8;30.0
7380;2023-11-04 14:00:00;1.3;5.9;22.6;28.4;65.0;85.0;45.0;714.4;0.0;52.0;5.1;0.625;24.0;3.7;65.0
7381;2023-11-04 15:00:00;1.17;3.8;14.2;18.1;69.0;57.0;32.0;713.8;0.0;50.0;4.3;0.499;24.23;7.1;57.0
7382;2023-11-04 16:00:00;1.18;3.4;13.7;17.1;72.0;52.0;27.0;713.5;0.0;52.0;3.6;0.326;24.11;10.0;49.0
7383;2023-11-04 17:00:00;1.14;3.0;12.5;15.4;70.0;51.0;28.0;713.7;0.0;51.0;3.2;0.175;24.04;7.3;77.0
7384;2023-11-04 18:00:00;1.08;2.5;11.0;13.5;59.0;38.0;19.0;713.8;0.0;53.0;2.8;0.034;23.19;6.6;105.0
7385;2023-11-04 19:00:00;1.1;2.4;13.9;16.4;39.0;29.0;15.0;714.0;0.0;56.0;2.6;0.001;22.12;4.9;99.0
7386;2023-11-04 20:00:00;1.2;2.4;18.7;21.1;28.0;27.0;16.0;714.2;0.0;60.0;2.6;0.001;21.01;1.7;118.0
7387;2023-11-04 21:00:00;1.42;6.9;32.3;39.2;11.0;40.0;20.0;714.4;0.0;65.0;2.5;0.001;20.08;2.6;236.0
7388;2023-11-04 22:00:00;1.51;7.3;32.6;39.9;11.0;43.0;21.0;714.6;0.0;66.0;2.5;0.001;19.62;2.7;200.0
7389;2023-11-04 23:00:00;1.39;4.9;31.4;36.3;12.0;34.0;20.0;714.6;0.0;66.0;2.5;0.001;18.93;1.4;228.0
7390;2023-11-05 00:00:00;1.55;14.3;29.5;43.8;11.0;42.0;25.0;714.6;0.0;68.0;2.6;0.001;18.46;1.5;201.0
7391;2023-11-05 01:00:00;1.54;13.2;30.3;43.5;10.0;54.0;30.0;714.4;0.0;69.0;2.5;0.001;18.08;3.5;223.0
7392;2023-11-05 02:00:00;1.28;3.2;26.5;29.7;13.0;57.0;27.0;714.3;0.0;70.0;2.5;0.001;17.43;0.8;285.0
7393;2023-11-05 03:00:00;1.34;4.9;27.6;32.5;10.0;53.0;27.0;714.2;0.0;72.0;2.5;0.001;16.93;0.9;287.0
7394;2023-11-05 04:00:00;1.61;25.0;26.8;51.8;9.0;60.0;29.0;714.0;0.0;75.0;2.7;0.001;16.27;2.6;246.0
7395;2023-11-05 05:00:00;1.5;15.5;25.6;41.1;10.0;68.0;32.0;714.0;0.0;75.0;2.6;0.001;15.98;2.0;256.0
7396;2023-11-05 06:00:00;1.25;5.2;22.2;27.4;12.0;52.0;27.0;714.2;0.0;74.0;2.6;0.001;15.48;2.1;255.0
7397;2023-11-05 07:00:00;1.64;28.2;23.8;52.1;9.0;55.0;28.0;714.6;0.0;75.0;2.6;0.001;15.26;1.5;197.0
7398;2023-11-05 08:00:00;1.47;22.3;23.3;45.7;12.0;64.0;30.0;714.9;0.0;72.0;2.6;0.045;15.79;2.8;227.0
7399;2023-11-05 09:00:00;1.16;10.8;20.6;31.4;20.0;55.0;25.0;715.2;0.0;58.0;3.2;0.148;18.19;4.1;225.0
7400;2023-11-05 10:00:00;1.34;15.7;24.0;39.7;24.0;59.0;27.0;715.3;0.0;55.0;3.4;0.375;20.59;2.6;316.0
7401;2023-11-05 11:00:00;1.3;8.9;18.8;27.6;38.0;73.0;34.0;715.2;0.0;57.0;3.7;0.497;22.08;3.1;25.0
7402;2023-11-05 12:00:00;1.3;8.1;18.1;26.2;44.0;61.0;28.0;714.8;0.0;53.0;4.6;0.637;23.5;3.9;17.0
7403;2023-11-05 13:00:00;1.26;11.4;23.8;35.2;41.0;63.0;27.0;714.1;0.0;50.0;7.3;0.618;24.14;5.5;59.0
7404;2023-11-05 14:00:00;1.15;4.4;14.1;18.4;68.0;47.0;23.0;713.5;0.0;48.0;5.6;0.669;24.89;7.3;51.0
7405;2023-11-05 15:00:00;1.08;3.2;9.2;12.3;72.0;46.0;21.0;712.9;0.0;46.0;4.5;0.564;25.37;10.5;57.0
7406;2023-11-05 16:00:00;1.04;3.2;8.7;11.9;68.0;32.0;17.0;712.6;0.0;43.0;4.1;0.389;25.87;10.3;47.0
7407;2023-11-05 17:00:00;1.0;2.9;7.9;10.8;60.0;29.0;15.0;712.7;0.0;43.0;4.2;0.146;25.45;11.7;67.0
7408;2023-11-05 18:00:00;1.06;2.5;8.6;11.1;64.0;30.0;16.0;712.9;0.0;47.0;3.5;0.033;24.43;8.6;101.0
7409;2023-11-05 19:00:00;1.1;2.4;11.5;13.9;56.0;32.0;19.0;713.1;0.0;50.0;3.0;0.001;23.41;6.8;102.0
7410;2023-11-05 20:00:00;1.12;3.0;15.9;18.9;41.0;31.0;17.0;713.3;0.0;53.0;2.8;0.001;22.61;5.0;78.0
7411;2023-11-05 21:00:00;1.09;2.5;13.4;15.9;35.0;30.0;16.0;713.3;0.0;55.0;2.5;0.001;22.01;4.4;83.0
7412;2023-11-05 22:00:00;0.99;2.4;9.3;11.8;36.0;25.0;13.0;713.3;0.0;54.0;2.5;0.001;21.91;7.4;117.0
7413;2023-11-05 23:00:00;0.93;2.4;6.7;9.1;38.0;15.0;9.0;713.2;0.0;53.0;2.4;0.001;21.86;7.3;120.0
7414;2023-11-06 00:00:00;1.02;2.5;13.6;16.1;28.0;20.0;10.0;713.2;0.0;56.0;2.4;0.001;21.04;3.2;59.0
7415;2023-11-06 01:00:00;1.17;3.5;26.9;30.4;11.0;36.0;15.0;713.1;0.0;64.0;2.4;0.001;19.28;2.6;274.0
7416;2023-11-06 02:00:00;1.26;4.9;27.3;32.2;12.0;48.0;19.0;712.9;0.0;68.0;2.4;0.001;18.2;3.2;219.0
7417;2023-11-06 03:00:00;1.07;2.4;16.0;18.5;23.0;51.0;21.0;712.6;0.0;67.0;2.4;0.001;17.68;0.9;255.0
7418;2023-11-06 04:00:00;1.03;2.4;14.6;17.1;22.0;43.0;19.0;712.5;0.0;70.0;2.4;0.001;16.88;1.9;268.0
7419;2023-11-06 05:00:00;1.12;4.4;21.2;25.5;13.0;41.0;18.0;712.5;0.0;72.0;2.4;0.001;16.39;0.6;291.0
7420;2023-11-06 06:00:00;1.08;4.5;20.4;24.9;10.0;43.0;20.0;712.5;0.0;77.0;2.4;0.001;15.89;2.0;277.0
7421;2023-11-06 07:00:00;1.3;19.6;20.1;39.7;9.0;42.0;18.0;712.8;0.0;79.0;2.6;0.002;15.64;1.1;233.0
7422;2023-11-06 08:00:00;1.77;55.8;22.3;78.1;10.0;59.0;20.0;713.0;0.0;77.0;2.8;0.031;16.94;1.2;293.0
7423;2023-11-06 09:00:00;1.69;49.9;27.3;77.2;13.0;68.0;22.0;713.3;0.0;63.0;3.4;0.133;20.38;2.0;332.0
7424;2023-11-06 10:00:00;1.5;25.8;27.8;53.6;22.0;86.0;26.0;713.4;0.0;55.0;4.0;0.416;21.66;3.3;2.0
7425;2023-11-06 11:00:00;1.49;16.1;28.7;44.9;34.0;104.0;33.0;713.5;0.0;49.0;4.4;0.57;23.48;3.1;40.0
7426;2023-11-06 12:00:00;1.26;7.6;18.8;26.5;49.0;84.0;28.0;713.3;0.0;46.0;4.7;0.677;24.52;3.3;21.0
7427;2023-11-06 13:00:00;1.53;13.6;35.0;48.6;43.0;86.0;30.0;712.6;0.0;45.0;6.1;0.632;25.03;5.4;77.0
7428;2023-11-06 14:00:00;1.28;8.3;26.2;34.4;60.0;87.0;33.0;711.8;0.0;40.0;6.3;0.709;26.08;6.3;50.0
7429;2023-11-06 15:00:00;1.31;4.5;23.4;27.8;79.0;72.0;27.0;711.2;0.0;41.0;4.5;0.385;26.03;9.1;46.0
7430;2023-11-06 16:00:00;1.28;3.9;19.6;23.5;83.0;69.0;26.0;711.0;0.0;44.0;4.1;0.35;26.27;9.5;50.0
7431;2023-11-06 17:00:00;1.26;3.3;20.1;23.4;74.0;53.0;23.0;711.1;0.0;45.0;3.6;0.131;25.77;8.6;53.0
7432;2023-11-06 18:00:00;1.13;2.8;14.8;17.6;62.0;45.0;17.0;711.4;0.0;44.0;3.2;0.037;25.24;7.3;91.0
7433;2023-11-06 19:00:00;1.19;2.6;19.7;22.3;46.0;37.0;14.0;711.7;0.0;45.0;2.9;0.001;24.42;5.7;102.0
7434;2023-11-06 20:00:00;1.16;2.6;19.9;22.5;40.0;36.0;13.0;711.7;0.0;47.0;2.7;0.001;23.84;4.3;94.0
7435;2023-11-06 21:00:00;1.11;3.1;18.7;21.7;36.0;34.0;13.0;712.1;0.0;47.0;2.6;0.001;23.58;2.8;59.0
7436;2023-11-06 22:00:00;1.14;3.0;19.0;21.9;28.0;33.0;12.0;712.2;0.0;52.0;2.6;0.001;22.3;1.4;286.0
7437;2023-11-06 23:00:00;1.32;4.4;30.1;34.5;18.0;36.0;15.0;712.0;0.0;54.0;2.5;0.001;21.57;3.3;206.0
7438;2023-11-07 00:00:00;1.3;3.1;30.9;34.0;15.0;43.0;16.0;712.1;0.0;56.0;2.4;0.001;21.09;2.1;213.0
7439;2023-11-07 01:00:00;1.34;6.4;32.3;38.7;13.0;40.0;17.0;711.9;0.0;58.0;2.4;0.001;20.48;1.1;245.0
7440;2023-11-07 02:00:00;1.46;15.2;37.4;52.6;9.0;60.0;22.0;711.7;0.0;61.0;2.5;0.001;19.85;0.3;312.0
7441;2023-11-07 03:00:00;1.51;33.0;33.6;66.6;10.0;71.0;25.0;711.6;0.0;65.0;2.7;0.001;19.16;2.2;287.0
7442;2023-11-07 04:00:00;1.37;22.5;29.1;51.6;9.0;81.0;29.0;711.3;0.0;69.0;2.6;0.001;18.55;1.5;245.0
7443;2023-11-07 05:00:00;1.52;21.2;27.7;48.8;9.0;74.0;26.0;711.3;0.0;71.0;2.6;0.001;18.22;2.2;291.0
7444;2023-11-07 06:00:00;1.38;26.1;27.7;53.7;9.0;75.0;27.0;711.3;0.0;71.0;2.7;0.001;17.85;1.7;271.0
7445;2023-11-07 07:00:00;1.41;16.3;29.0;45.3;10.0;76.0;26.0;711.4;0.0;69.0;2.6;0.003;17.75;0.6;233.0
7446;2023-11-07 08:00:00;1.77;54.6;33.7;88.4;11.0;99.0;26.0;711.7;0.0;61.0;2.9;0.037;19.49;0.7;200.0
7447;2023-11-07 09:00:00;1.46;22.0;35.6;57.6;20.0;100.0;24.0;712.0;0.0;42.0;3.4;0.166;23.62;2.3;245.0
7448;2023-11-07 10:00:00;1.66;27.5;44.7;72.2;25.0;97.0;25.0;712.1;0.0;36.0;4.0;0.383;26.03;1.4;6.0
7449;2023-11-07 11:00:00;1.57;13.2;41.9;55.1;41.0;93.0;29.0;712.2;0.0;36.0;4.1;0.407;26.86;2.6;356.0
7450;2023-11-07 12:00:00;1.83;13.9;54.1;68.0;50.0;112.0;42.0;711.9;0.0;34.0;5.0;0.509;28.15;1.9;39.0
7451;2023-11-07 13:00:00;1.62;12.6;52.4;65.1;52.0;104.0;38.0;711.4;0.0;33.0;5.7;0.457;28.13;5.2;84.0
7452;2023-11-07 14:00:00;1.46;5.9;42.8;48.6;78.0;86.0;34.0;710.8;0.0;32.0;5.3;0.307;28.22;6.3;58.0
7453;2023-11-07 15:00:00;1.37;3.9;28.3;32.2;95.0;95.0;35.0;710.3;0.0;36.0;3.9;0.293;28.03;7.6;57.0
7454;2023-11-07 16:00:00;1.25;3.4;19.9;23.4;97.0;81.0;27.0;709.9;0.0;37.0;4.2;0.367;28.57;9.4;70.0
7455;2023-11-07 17:00:00;1.29;3.1;20.0;23.1;89.0;60.0;26.0;710.0;0.0;40.0;4.1;0.13;27.61;8.5;87.0
7456;2023-11-07 18:00:00;1.24;2.7;19.6;22.2;83.0;57.0;23.0;710.2;0.0;42.0;4.8;0.042;26.81;8.4;89.0
7457;2023-11-07 19:00:00;1.3;2.5;21.8;24.3;76.0;58.0;23.0;710.2;0.0;46.0;5.0;0.001;25.84;8.2;90.0
7458;2023-11-07 20:00:00;1.32;2.6;23.5;26.1;71.0;63.0;24.0;710.5;0.0;47.0;4.1;0.001;25.15;5.8;81.0
7459;2023-11-07 21:00:00;1.33;2.9;25.2;28.1;56.0;55.0;22.0;710.7;0.0;47.0;3.3;0.001;24.31;2.2;49.0
7460;2023-11-07 22:00:00;1.41;3.3;34.6;37.9;33.0;46.0;22.0;710.8;0.0;50.0;2.9;0.001;23.44;2.1;301.0
7461;2023-11-07 23:00:00;1.82;8.7;58.1;66.8;11.0;70.0;31.0;710.8;0.0;52.0;3.0;0.001;22.97;2.5;238.0
7462;2023-11-08 00:00:00;2.05;17.4;55.6;73.0;11.0;75.0;33.0;710.6;0.0;55.0;3.0;0.001;22.32;1.6;255.0
7463;2023-11-08 01:00:00;1.88;15.9;53.4;69.2;10.0;92.0;35.0;710.6;0.0;57.0;3.0;0.001;21.73;2.0;279.0
7464;2023-11-08 02:00:00;1.84;36.3;46.8;83.1;10.0;86.0;34.0;710.4;0.0;60.0;3.0;0.001;21.27;2.5;268.0
7465;2023-11-08 03:00:00;1.65;33.1;38.6;71.7;9.0;99.0;39.0;710.2;0.0;65.0;2.9;0.001;20.28;1.0;2.0
7466;2023-11-08 04:00:00;1.33;11.0;27.4;38.5;9.0;75.0;31.0;710.1;0.0;72.0;2.7;0.001;19.3;1.1;265.0
7467;2023-11-08 05:00:00;1.24;14.8;24.7;39.5;9.0;69.0;24.0;710.1;0.0;77.0;2.6;0.001;18.64;1.5;240.0
7468;2023-11-08 06:00:00;1.23;24.1;23.2;47.3;;62.0;23.0;710.3;0.0;79.0;2.7;0.001;18.42;1.5;289.0
7469;2023-11-08 07:00:00;1.41;34.7;22.7;57.4;;56.0;22.0;710.6;0.0;81.0;2.7;0.001;17.96;1.7;245.0
7470;2023-11-08 08:00:00;1.94;66.9;31.6;98.5;10.0;77.0;26.0;710.8;0.0;76.0;3.0;0.025;18.7;1.7;270.0
7471;2023-11-08 09:00:00;2.04;66.1;41.9;108.0;13.0;108.0;33.0;711.0;0.0;60.0;3.4;0.116;22.3;2.8;354.0
7472;2023-11-08 10:00:00;1.91;37.5;50.6;88.1;22.0;137.0;39.0;711.2;0.0;48.0;4.0;0.362;25.01;2.3;59.0
7473;2023-11-08 11:00:00;1.84;20.0;49.5;69.5;36.0;151.0;50.0;711.2;0.0;47.0;4.7;0.488;26.02;2.2;63.0
7474;2023-11-08 12:00:00;2.15;19.7;64.2;83.9;43.0;155.0;60.0;710.7;0.0;44.0;5.7;0.493;27.45;3.5;65.0
7475;2023-11-08 13:00:00;1.82;11.4;54.7;66.1;67.0;164.0;60.0;709.9;0.0;38.0;7.4;0.616;28.41;4.3;65.0
7476;2023-11-08 14:00:00;1.56;6.3;42.8;49.1;95.0;145.0;53.0;709.2;0.0;37.0;7.1;0.645;29.17;8.2;80.0
7477;2023-11-08 15:00:00;1.55;3.9;31.9;35.8;128.0;122.0;48.0;708.6;0.0;36.0;5.7;0.487;29.45;8.5;70.0
7478;2023-11-08 16:00:00;1.62;3.3;30.4;33.7;127.0;110.0;47.0;708.4;0.0;46.0;3.7;0.22;28.66;9.2;59.0
7479;2023-11-08 17:00:00;1.55;3.5;27.0;30.4;107.0;103.0;43.0;708.4;0.0;47.0;3.3;0.137;28.32;11.0;45.0
7480;2023-11-08 18:00:00;1.49;3.0;28.7;31.6;86.0;77.0;36.0;708.5;0.0;48.0;3.4;0.03;27.08;9.8;58.0
7481;2023-11-08 19:00:00;1.38;2.7;21.7;24.4;74.0;66.0;29.0;708.8;0.0;49.0;3.1;0.001;26.42;8.2;82.0
7482;2023-11-08 20:00:00;1.37;2.8;23.4;26.1;67.0;56.0;24.0;709.1;0.0;50.0;3.0;0.001;25.77;5.9;47.0
7483;2023-11-08 21:00:00;1.42;2.8;27.0;29.8;50.0;60.0;25.0;709.4;0.0;52.0;2.9;0.001;24.98;3.2;52.0
7484;2023-11-08 22:00:00;1.37;;27.2;30.0;39.0;52.0;23.0;709.5;0.0;54.0;2.8;0.001;24.59;4.6;26.0
7485;2023-11-08 23:00:00;1.4;2.7;25.2;27.9;42.0;51.0;23.0;709.4;0.0;56.0;2.7;0.001;23.77;1.5;356.0
7486;2023-11-09 00:00:00;1.38;7.8;31.9;39.6;19.0;47.0;;709.3;0.0;60.0;2.7;0.001;23.09;3.0;353.0
7487;2023-11-09 01:00:00;1.15;6.7;22.8;29.5;15.0;50.0;;709.1;0.0;69.0;2.6;0.001;22.08;5.8;8.0
7488;2023-11-09 02:00:00;1.15;5.2;24.2;29.4;10.0;50.0;19.0;709.0;0.0;75.0;2.7;0.001;21.24;4.1;1.0
7489;2023-11-09 03:00:00;1.11;3.2;17.7;20.8;14.0;50.0;17.0;708.8;0.0;78.0;2.7;0.001;20.76;2.9;43.0
7490;2023-11-09 04:00:00;1.12;3.0;17.4;20.4;12.0;23.0;14.0;708.6;0.0;81.0;2.6;0.001;20.22;1.9;34.0
7491;2023-11-09 05:00:00;1.2;3.0;18.1;21.1;12.0;25.0;17.0;708.7;0.0;82.0;2.6;0.001;20.19;3.3;326.0
7492;2023-11-09 06:00:00;1.05;3.2;15.2;18.4;14.0;34.0;24.0;708.8;0.0;82.0;2.6;0.001;20.0;5.8;313.0
7493;2023-11-09 07:00:00;1.14;4.7;15.8;20.5;13.0;54.0;31.0;709.3;0.0;82.0;2.6;0.003;20.02;3.5;306.0
7494;2023-11-09 08:00:00;1.25;14.6;19.2;33.8;10.0;78.0;32.0;709.9;0.0;80.0;2.6;0.06;20.56;2.7;274.0
7495;2023-11-09 09:00:00;1.41;17.0;20.5;37.5;14.0;130.0;35.0;710.4;0.0;75.0;2.7;0.122;21.98;3.0;335.0
7496;2023-11-09 10:00:00;1.39;14.2;20.5;34.7;24.0;91.0;32.0;710.7;0.0;63.0;3.0;0.388;24.21;4.6;346.0
7497;2023-11-09 11:00:00;1.41;10.9;23.3;34.1;37.0;91.0;33.0;710.8;0.0;54.0;3.3;0.533;26.24;3.7;349.0
7498;2023-11-09 12:00:00;1.18;5.5;13.8;19.2;55.0;71.0;25.0;710.4;0.0;45.0;3.6;0.577;27.96;4.9;13.0
7499;2023-11-09 13:00:00;1.09;3.9;9.7;13.7;60.0;46.0;19.0;709.9;0.0;44.0;3.4;0.422;28.0;6.3;19.0
7500;2023-11-09 14:00:00;1.13;4.1;13.3;17.4;52.0;44.0;17.0;709.3;0.0;47.0;3.2;0.204;27.52;8.5;63.0
7501;2023-11-09 15:00:00;1.13;4.2;13.2;17.4;48.0;58.0;16.0;709.2;0.0;53.0;3.0;0.228;26.68;11.2;79.0
7502;2023-11-09 16:00:00;1.21;3.9;15.5;19.4;40.0;60.0;16.0;709.3;0.0;56.0;3.0;0.05;25.95;8.8;60.0
7503;2023-11-09 17:00:00;1.27;3.8;16.2;20.0;43.0;32.0;18.0;709.5;0.0;59.0;3.5;0.047;25.68;8.3;82.0
7504;2023-11-09 18:00:00;1.21;3.3;14.6;17.9;36.0;44.0;21.0;710.1;0.0;61.0;3.9;0.014;25.03;7.3;91.0
7505;2023-11-09 19:00:00;1.59;4.8;23.6;28.4;21.0;51.0;18.0;710.6;0.0;62.0;3.6;0.001;24.47;7.3;7.0
7506;2023-11-09 20:00:00;1.38;6.0;24.8;30.8;16.0;70.0;17.0;711.1;0.0;63.0;3.7;0.001;24.2;7.1;20.0
7507;2023-11-09 21:00:00;1.24;5.7;22.4;28.1;15.0;69.0;16.0;711.3;0.0;65.0;3.2;0.001;23.76;6.7;53.0
7508;2023-11-09 22:00:00;1.3;9.7;25.6;35.3;10.0;79.0;18.0;711.3;0.0;67.0;2.9;0.001;23.42;3.7;96.0
7509;2023-11-09 23:00:00;1.29;6.5;21.6;28.0;16.0;;;710.8;0.0;67.0;2.8;0.001;23.44;5.0;87.0
7510;2023-11-10 00:00:00;1.36;7.4;18.9;26.2;18.0;52.0;;711.2;0.0;69.0;2.8;0.001;22.77;9.0;27.0
7511;2023-11-10 01:00:00;1.32;3.6;14.5;18.1;19.0;63.0;;711.4;0.0;78.0;2.7;0.001;20.54;8.7;55.0
7512;2023-11-10 02:00:00;1.09;3.1;10.6;13.7;22.0;46.0;;711.5;0.0;81.0;2.6;0.001;19.31;9.9;67.0
7513;2023-11-10 03:00:00;1.15;2.9;8.7;11.6;24.0;39.0;;711.5;0.0;83.0;2.5;0.001;18.76;9.7;68.0
7514;2023-11-10 04:00:00;1.11;3.1;10.2;13.3;19.0;31.0;;711.8;0.0;83.0;2.4;0.001;18.46;8.9;60.0
7515;2023-11-10 05:00:00;1.02;3.0;9.5;12.5;22.0;32.0;;712.0;0.0;84.0;2.4;0.001;17.62;9.6;63.0
7516;2023-11-10 06:00:00;1.03;3.0;10.8;13.8;22.0;24.0;;712.3;0.0;85.0;2.4;0.001;17.11;7.9;64.0
7517;2023-11-10 07:00:00;1.03;3.9;12.4;16.3;17.0;25.0;;712.8;0.0;86.0;2.4;0.001;16.38;7.8;39.0
7518;2023-11-10 08:00:00;1.11;8.4;15.2;23.6;13.0;28.0;;713.3;0.0;86.0;2.4;0.003;15.84;6.7;53.0
7519;2023-11-10 09:00:00;1.21;14.7;16.4;31.1;10.0;27.0;;713.6;0.0;86.0;2.4;0.009;15.59;8.0;93.0
7520;2023-11-10 10:00:00;1.29;18.3;16.0;34.3;10.0;30.0;;714.0;0.0;86.0;2.4;0.016;15.56;6.0;96.0
7521;2023-11-10 11:00:00;1.35;24.2;15.8;39.9;10.0;28.0;;714.1;0.0;86.0;2.5;0.024;15.48;7.1;97.0
7522;2023-11-10 12:00:00;1.23;21.4;16.0;37.4;;30.0;;714.1;0.0;87.0;2.6;0.022;15.07;7.0;57.0
7523;2023-11-10 13:00:00;1.21;16.6;16.4;33.1;11.0;33.0;;713.7;0.0;87.0;2.4;0.03;14.62;6.5;49.0
7524;2023-11-10 14:00:00;1.27;16.8;15.6;32.4;12.0;31.0;;713.4;0.0;87.0;2.4;0.035;14.36;6.3;65.0
7525;2023-11-10 15:00:00;1.25;16.4;16.2;32.6;12.0;32.0;;713.0;0.0;87.0;2.4;0.042;14.28;5.7;57.0
7526;2023-11-10 16:00:00;1.34;19.1;18.2;37.3;12.0;31.0;;713.0;0.0;87.0;2.4;0.038;14.41;4.9;50.0
7527;2023-11-10 17:00:00;1.45;17.3;19.0;36.3;11.0;38.0;;713.2;0.0;88.0;2.4;0.025;14.46;4.3;45.0
7528;2023-11-10 18:00:00;1.3;10.5;19.1;29.6;11.0;39.0;;713.3;0.0;88.0;2.3;0.007;14.37;5.2;31.0
7529;2023-11-10 19:00:00;1.31;13.9;19.6;33.5;10.0;30.0;;713.6;0.0;88.0;2.3;0.001;14.31;6.0;33.0
7530;2023-11-10 20:00:00;1.25;15.0;18.2;33.2;10.0;26.0;;714.2;0.0;88.0;2.3;0.001;14.16;6.5;55.0
7531;2023-11-10 21:00:00;1.23;20.5;17.4;37.9;9.0;27.0;;714.6;0.0;88.0;2.3;0.001;14.01;6.2;73.0
7532;2023-11-10 22:00:00;1.09;10.7;15.5;26.1;10.0;36.0;;714.8;0.0;89.0;2.3;0.001;13.42;5.9;37.0
7533;2023-11-10 23:00:00;1.08;10.6;16.0;26.6;10.0;29.0;;715.0;0.0;89.0;2.3;0.001;13.25;7.3;73.0
7534;2023-11-11 00:00:00;1.03;8.7;16.1;24.8;11.0;29.0;;715.1;0.0;89.0;2.3;0.001;13.08;5.6;51.0
7535;2023-11-11 01:00:00;0.99;5.7;13.3;19.0;13.0;32.0;;715.0;0.0;89.0;2.2;0.001;12.76;6.7;82.0
7536;2023-11-11 02:00:00;1.1;5.2;12.5;17.7;14.0;26.0;;715.0;0.0;90.0;2.3;0.001;12.7;3.9;78.0
7537;2023-11-11 03:00:00;1.16;3.1;12.1;15.2;15.0;28.0;;715.0;0.0;90.0;2.3;0.001;12.84;3.4;98.0
7538;2023-11-11 04:00:00;1.11;8.8;17.9;26.8;10.0;24.0;;714.5;0.0;90.0;2.3;0.001;12.84;3.3;59.0
7539;2023-11-11 05:00:00;1.14;11.1;16.6;27.7;10.0;34.0;;714.6;0.0;90.0;2.4;0.001;12.88;3.7;35.0
7540;2023-11-11 06:00:00;1.08;3.8;14.2;18.0;13.0;30.0;;714.6;0.0;90.0;2.3;0.001;12.78;4.5;47.0
7541;2023-11-11 07:00:00;1.0;5.5;13.7;19.2;12.0;27.0;;715.0;0.0;90.0;2.2;0.001;12.62;6.4;80.0
7542;2023-11-11 08:00:00;1.1;10.7;17.2;27.9;10.0;24.0;;715.4;0.0;90.0;2.3;0.003;12.52;4.6;58.0
7543;2023-11-11 09:00:00;1.15;14.3;16.9;31.2;11.0;29.0;;715.9;0.0;;2.3;0.013;12.48;4.6;61.0
7544;2023-11-11 10:00:00;1.1;9.1;13.7;22.8;15.0;28.0;;716.4;0.0;;2.3;0.056;12.41;6.4;46.0
7545;2023-11-11 11:00:00;1.08;8.9;11.9;20.8;17.0;29.0;7.0;716.7;0.0;;2.2;0.102;12.82;6.8;42.0
7546;2023-11-11 12:00:00;1.24;9.7;13.2;22.9;17.0;30.0;12.0;716.5;0.0;89.0;3.0;0.102;13.23;4.2;48.0
7547;2023-11-11 13:00:00;1.27;14.5;16.1;30.5;15.0;34.0;13.0;716.0;0.0;88.0;5.5;0.112;13.78;3.0;75.0
7548;2023-11-11 14:00:00;1.35;23.4;18.8;42.3;12.0;37.0;19.0;715.4;0.0;87.0;3.4;0.103;13.89;3.3;115.0
7549;2023-11-11 15:00:00;1.44;28.1;20.7;48.8;12.0;40.0;23.0;714.9;0.0;85.0;3.0;0.088;14.15;4.1;98.0
7550;2023-11-11 16:00:00;1.44;21.8;21.3;43.1;11.0;46.0;19.0;714.8;0.0;86.0;2.8;0.034;13.78;4.0;104.0
7551;2023-11-11 17:00:00;1.36;17.3;20.7;38.0;10.0;37.0;15.0;714.9;0.0;87.0;2.6;0.012;13.69;3.9;75.0
7552;2023-11-11 18:00:00;1.33;14.3;20.4;34.7;9.0;38.0;17.0;715.1;0.0;89.0;2.5;0.003;13.57;2.9;100.0
7553;2023-11-11 19:00:00;1.31;14.2;18.8;33.0;9.0;29.0;13.0;715.4;0.0;90.0;2.5;0.001;13.58;5.1;74.0
7554;2023-11-11 20:00:00;1.13;8.4;16.8;25.2;10.0;28.0;9.0;716.1;0.0;90.0;2.4;0.001;13.34;4.5;16.0
7555;2023-11-11 21:00:00;1.47;5.1;16.4;21.5;13.0;25.0;12.0;716.2;0.0;90.0;2.4;0.001;13.2;5.0;28.0
7556;2023-11-11 22:00:00;1.47;4.2;17.7;21.8;13.0;23.0;14.0;716.4;0.0;90.0;2.4;0.001;13.11;4.6;19.0
7557;2023-11-11 23:00:00;1.29;3.5;13.9;17.5;17.0;30.0;11.0;716.5;0.0;90.0;2.3;0.001;13.04;6.4;17.0
7558;2023-11-12 00:00:00;1.23;3.0;13.8;16.8;16.0;28.0;9.0;716.8;0.0;90.0;2.3;0.001;12.98;2.1;15.0
7559;2023-11-12 01:00:00;1.35;4.6;17.1;21.8;12.0;29.0;11.0;716.6;0.0;90.0;2.3;0.001;13.13;2.3;150.0
7560;2023-11-12 02:00:00;1.5;4.3;18.0;22.3;10.0;28.0;14.0;716.5;0.0;91.0;2.4;0.001;13.2;1.3;149.0
7561;2023-11-12 03:00:00;1.48;5.1;17.5;22.7;10.0;26.0;12.0;716.0;0.0;91.0;2.2;0.001;13.24;2.4;98.0
7562;2023-11-12 04:00:00;1.23;4.1;15.8;19.9;12.0;26.0;9.0;715.7;0.0;91.0;2.3;0.001;13.21;5.5;84.0
7563;2023-11-12 05:00:00;1.04;3.0;9.6;12.6;17.0;22.0;7.0;715.5;0.0;91.0;2.2;0.001;13.1;5.0;66.0
7564;2023-11-12 06:00:00;1.04;2.8;9.6;12.4;17.0;22.0;9.0;715.5;0.0;91.0;2.3;0.001;13.14;4.8;57.0
7565;2023-11-12 07:00:00;1.08;3.5;12.4;15.9;14.0;23.0;11.0;715.8;0.0;91.0;2.3;0.001;13.11;5.6;49.0
7566;2023-11-12 08:00:00;1.32;4.0;13.0;16.9;15.0;26.0;11.0;716.3;0.0;91.0;2.5;0.004;12.84;7.1;14.0
7567;2023-11-12 09:00:00;1.09;4.2;10.9;15.2;16.0;26.0;6.0;716.9;0.0;92.0;2.3;0.02;12.77;4.6;23.0
7568;2023-11-12 10:00:00;1.08;6.9;12.3;19.1;14.0;23.0;6.0;716.9;0.0;92.0;2.3;0.038;12.92;3.4;84.0
7569;2023-11-12 11:00:00;1.09;8.0;12.4;20.4;13.0;23.0;7.0;717.1;0.0;92.0;2.3;0.041;13.09;4.5;67.0
7570;2023-11-12 12:00:00;1.13;10.5;12.9;23.4;13.0;24.0;8.0;717.2;0.0;92.0;2.3;0.041;13.08;5.8;82.0
7571;2023-11-12 13:00:00;1.15;10.3;13.7;23.9;12.0;26.0;9.0;717.1;0.0;92.0;3.7;0.036;13.15;1.4;51.0
7572;2023-11-12 14:00:00;1.17;10.0;13.9;23.8;12.0;24.0;7.0;716.8;0.0;92.0;3.3;0.036;13.23;2.9;240.0
7573;2023-11-12 15:00:00;1.28;12.8;14.5;27.4;12.0;25.0;8.0;716.4;0.0;92.0;2.9;0.06;13.33;1.8;321.0
7574;2023-11-12 16:00:00;1.35;12.1;15.4;27.6;;27.0;9.0;716.2;0.0;;2.7;0.058;13.75;0.8;154.0
7575;2023-11-12 17:00:00;1.6;17.3;18.3;35.6;10.0;25.0;15.0;716.3;0.0;;2.6;0.026;13.87;1.1;76.0
7576;2023-11-12 18:00:00;1.87;22.4;19.6;41.9;9.0;30.0;20.0;716.4;0.0;;2.5;0.005;13.89;1.4;55.0
7577;2023-11-12 19:00:00;2.04;39.8;19.3;59.1;9.0;34.0;21.0;716.7;0.0;;2.7;0.001;14.01;1.9;70.0
7578;2023-11-12 20:00:00;1.95;34.1;18.6;52.7;9.0;35.0;21.0;717.3;0.0;;2.6;0.001;14.05;3.0;222.0
7579;2023-11-12 21:00:00;1.4;15.0;18.3;33.3;;31.0;12.0;717.3;0.0;;2.4;0.001;14.2;2.7;200.0
7580;2023-11-12 22:00:00;1.48;19.1;18.9;38.0;;28.0;11.0;717.4;0.0;;2.4;0.001;14.62;0.7;54.0
7581;2023-11-12 23:00:00;1.84;46.4;19.9;66.4;;30.0;16.0;717.7;0.0;;2.5;0.001;14.77;0.8;45.0
7582;2023-11-13 00:00:00;1.63;32.7;21.4;54.1;;33.0;15.0;717.5;0.0;;2.5;0.001;14.77;0.9;84.0
7583;2023-11-13 01:00:00;1.49;7.2;15.9;23.1;14.0;30.0;12.0;717.3;0.0;;2.3;0.001;14.03;3.7;70.0
7584;2023-11-13 02:00:00;1.18;6.5;17.8;24.4;11.0;31.0;9.0;717.0;0.0;93.0;2.2;0.001;13.83;4.3;116.0
7585;2023-11-13 03:00:00;1.06;3.2;12.7;15.8;13.0;25.0;5.0;716.9;0.0;93.0;2.2;0.001;13.66;3.9;96.0
7586;2023-11-13 04:00:00;1.07;4.4;13.3;17.7;11.0;22.0;5.0;716.8;0.0;93.0;2.3;0.001;13.65;4.8;93.0
7587;2023-11-13 05:00:00;1.1;4.2;12.7;16.9;13.0;21.0;7.0;716.7;0.0;93.0;2.3;0.001;13.41;6.7;85.0
7588;2023-11-13 06:00:00;1.19;4.3;14.3;18.5;12.0;29.0;8.0;717.0;0.0;93.0;2.2;0.001;13.38;5.9;117.0
7589;2023-11-13 07:00:00;1.15;7.2;15.1;22.3;10.0;26.0;7.0;717.2;0.0;93.0;2.2;0.001;13.38;4.1;132.0
7590;2023-11-13 08:00:00;1.3;18.6;16.8;35.4;9.0;22.0;11.0;717.5;0.0;93.0;2.3;0.007;13.55;0.8;193.0
7591;2023-11-13 09:00:00;1.46;28.8;16.8;45.7;10.0;27.0;11.0;717.8;0.0;;2.4;0.049;14.05;1.4;5.0
7592;2023-11-13 10:00:00;1.54;29.1;16.9;46.0;11.0;28.0;7.0;718.0;0.0;;2.4;0.097;14.37;2.4;22.0
7593;2023-11-13 11:00:00;1.46;21.1;15.7;36.7;13.0;24.0;8.0;717.9;0.0;;2.4;0.15;14.63;3.9;5.0
7594;2023-11-13 12:00:00;1.47;21.4;16.7;38.1;14.0;26.0;10.0;717.6;0.0;92.0;2.3;0.199;15.18;3.0;302.0
7595;2023-11-13 13:00:00;1.25;11.9;13.2;25.1;18.0;28.0;8.0;717.0;0.0;92.0;2.3;0.194;15.58;4.4;349.0
7596;2023-11-13 14:00:00;1.64;15.2;18.8;34.1;16.0;28.0;18.0;716.3;0.0;91.0;2.3;0.114;15.79;7.0;21.0
7597;2023-11-13 15:00:00;1.52;10.7;15.6;26.4;17.0;31.0;11.0;715.9;0.0;90.0;2.4;0.087;15.65;6.5;20.0
7598;2023-11-13 16:00:00;1.79;11.1;18.0;29.1;14.0;35.0;15.0;715.8;0.0;90.0;2.2;0.052;15.55;3.6;54.0
7599;2023-11-13 17:00:00;1.75;11.2;19.7;30.9;14.0;36.0;13.0;715.9;0.0;90.0;2.3;0.03;15.49;5.0;46.0
7600;2023-11-13 18:00:00;1.4;9.7;18.7;28.4;12.0;41.0;9.0;716.2;0.0;92.0;2.3;0.01;15.11;6.3;36.0
7601;2023-11-13 19:00:00;1.5;17.6;20.5;38.1;10.0;34.0;9.0;716.5;0.0;92.0;2.3;0.001;14.83;4.2;88.0
7602;2023-11-13 20:00:00;1.61;23.6;20.7;44.3;9.0;32.0;11.0;716.8;0.0;92.0;2.4;0.001;14.81;4.6;113.0
7603;2023-11-13 21:00:00;1.5;21.3;20.3;41.7;9.0;31.0;13.0;717.1;0.0;92.0;2.4;0.001;14.73;4.6;93.0
7604;2023-11-13 22:00:00;1.29;6.1;18.5;24.6;12.0;33.0;12.0;717.4;0.0;93.0;2.3;0.001;14.42;4.6;54.0
7605;2023-11-13 23:00:00;1.23;10.2;21.1;31.3;11.0;36.0;11.0;717.6;0.0;93.0;2.3;0.001;14.36;3.7;72.0
7606;2023-11-14 00:00:00;1.17;10.1;21.1;31.2;9.0;29.0;12.0;717.4;0.0;93.0;2.3;0.001;14.31;4.7;106.0
7607;2023-11-14 01:00:00;1.17;4.6;17.4;22.1;12.0;31.0;12.0;717.1;0.0;93.0;2.3;0.001;14.29;3.7;74.0
7608;2023-11-14 02:00:00;1.14;3.9;15.0;18.9;14.0;34.0;14.0;717.0;0.0;93.0;2.3;0.001;14.2;3.2;56.0
7609;2023-11-14 03:00:00;1.18;2.9;12.6;15.6;16.0;33.0;15.0;716.8;0.0;93.0;2.3;0.001;14.12;2.1;30.0
7610;2023-11-14 04:00:00;1.23;2.9;14.5;17.5;14.0;30.0;17.0;716.5;0.0;93.0;2.3;0.001;14.06;2.8;41.0
7611;2023-11-14 05:00:00;1.22;2.8;13.0;15.8;16.0;32.0;15.0;716.7;0.0;;2.2;0.001;13.79;3.3;80.0
7612;2023-11-14 06:00:00;1.18;5.1;18.0;23.1;10.0;33.0;15.0;716.8;0.0;;2.3;0.001;13.8;3.3;126.0
7613;2023-11-14 07:00:00;1.22;10.8;19.0;29.8;9.0;35.0;11.0;717.1;0.0;;2.3;0.001;13.83;2.9;118.0
7614;2023-11-14 08:00:00;1.51;20.5;20.3;40.8;9.0;33.0;19.0;717.4;0.0;;2.3;0.003;13.84;2.9;69.0
7615;2023-11-14 09:00:00;1.54;31.8;21.8;53.5;10.0;42.0;14.0;717.7;0.0;;2.4;0.018;13.85;4.3;77.0
7616;2023-11-14 10:00:00;1.48;19.7;22.5;42.2;12.0;38.0;13.0;718.0;0.0;;2.4;0.05;13.75;4.3;83.0
7617;2023-11-14 11:00:00;1.55;23.1;23.0;46.1;12.0;38.0;15.0;718.0;0.0;;2.5;0.073;13.99;4.7;105.0
7618;2023-11-14 12:00:00;1.55;23.0;23.7;46.6;12.0;36.0;16.0;717.7;0.0;;2.4;0.073;14.31;2.8;149.0
7619;2023-11-14 13:00:00;1.54;21.2;23.3;44.5;;39.0;17.0;717.0;0.0;;2.4;0.075;14.79;2.5;119.0
7620;2023-11-14 14:00:00;1.42;9.9;17.6;27.5;17.0;43.0;20.0;716.3;0.0;91.0;2.3;0.088;15.72;1.1;7.0
7621;2023-11-14 15:00:00;0.43;3.1;5.2;8.2;6.0;14.0;8.0;;0.0;26.0;0.7;0.043;4.99;0.1;260.0
7622;2023-11-14 16:00:00;1.08;13.2;14.1;27.3;13.0;13.0;;;0.0;62.0;2.0;0.094;13.98;3.0;206.0
7623;2023-11-14 17:00:00;1.26;11.2;23.7;34.9;14.0;58.0;31.0;715.5;0.0;76.0;2.3;0.049;17.33;1.3;243.0
7624;2023-11-14 18:00:00;1.12;13.8;25.2;39.0;10.0;59.0;29.0;715.5;0.0;77.0;2.3;0.012;17.15;1.1;280.0
7625;2023-11-14 19:00:00;1.35;30.7;28.8;60.0;9.0;64.0;34.0;715.6;0.0;79.0;2.6;0.001;16.8;2.0;43.0
7626;2023-11-14 20:00:00;1.24;31.0;27.2;58.2;9.0;69.0;33.0;715.9;0.0;86.0;2.5;0.001;15.76;2.3;150.0
7627;2023-11-14 21:00:00;1.07;21.1;24.9;46.0;9.0;65.0;26.0;716.1;0.0;88.0;2.4;0.001;15.48;2.9;132.0
7628;2023-11-14 22:00:00;0.91;11.5;20.4;31.9;11.0;56.0;21.0;716.3;0.0;89.0;2.4;0.001;15.4;3.1;84.0
7629;2023-11-14 23:00:00;0.7;3.4;15.9;19.3;15.0;41.0;15.0;716.1;0.0;89.0;2.3;0.001;15.14;2.6;77.0
7630;2023-11-15 00:00:00;0.54;4.6;13.5;18.2;16.0;39.0;13.0;716.0;0.0;90.0;2.2;0.001;15.02;2.4;295.0
7631;2023-11-15 01:00:00;0.63;17.5;22.5;40.0;9.0;30.0;18.0;715.6;0.0;90.0;2.3;0.001;15.08;2.2;323.0
7632;2023-11-15 02:00:00;0.65;6.0;20.8;26.9;10.0;38.0;19.0;715.4;0.0;90.0;2.3;0.001;15.12;2.4;329.0
7633;2023-11-15 03:00:00;0.76;9.4;20.1;29.5;9.0;40.0;20.0;715.3;0.0;91.0;2.3;0.001;15.16;3.4;12.0
7634;2023-11-15 04:00:00;0.54;4.0;12.0;16.0;15.0;37.0;15.0;715.2;0.0;91.0;2.2;0.001;15.07;2.0;10.0
7635;2023-11-15 05:00:00;0.8;13.6;19.0;32.5;10.0;32.0;20.0;715.2;0.0;91.0;2.3;0.001;15.01;2.5;17.0
7636;2023-11-15 06:00:00;0.64;10.9;19.1;30.1;9.0;44.0;21.0;715.2;0.0;91.0;2.3;0.001;14.96;3.9;14.0
7637;2023-11-15 07:00:00;0.7;8.9;19.9;28.8;10.0;43.0;19.0;715.3;0.0;91.0;2.3;0.001;14.67;3.5;23.0
7638;2023-11-15 08:00:00;0.85;20.0;23.8;43.8;9.0;39.0;23.0;715.6;0.0;90.0;2.3;0.008;14.69;2.3;65.0
7639;2023-11-15 09:00:00;1.15;32.3;23.8;56.1;10.0;45.0;25.0;715.9;0.0;90.0;2.5;0.035;15.02;2.8;41.0
7640;2023-11-15 10:00:00;1.09;24.3;22.1;46.4;12.0;48.0;20.0;716.3;0.0;88.0;2.4;0.082;15.51;3.8;59.0
7641;2023-11-15 11:00:00;1.31;37.4;25.9;63.3;11.0;46.0;25.0;716.5;0.0;84.0;2.4;0.107;16.21;3.8;14.0
7642;2023-11-15 12:00:00;1.27;35.9;30.3;66.2;13.0;60.0;36.0;716.2;0.0;82.0;2.5;0.141;16.52;3.8;355.0
7643;2023-11-15 13:00:00;1.1;23.6;27.6;51.2;17.0;75.0;36.0;715.6;0.0;76.0;2.5;0.216;17.41;3.7;9.0
7644;2023-11-15 14:00:00;1.09;16.8;27.2;44.1;19.0;80.0;33.0;715.0;0.0;72.0;2.4;0.183;17.98;2.7;4.0
7645;2023-11-15 15:00:00;1.14;16.2;29.3;45.5;21.0;70.0;38.0;714.5;0.0;67.0;2.4;0.238;19.17;2.5;78.0
7646;2023-11-15 16:00:00;1.27;14.8;36.0;50.7;18.0;82.0;45.0;714.3;0.0;70.0;2.4;0.112;18.7;2.9;105.0
7647;2023-11-15 17:00:00;1.33;15.7;38.6;54.3;14.0;83.0;46.0;714.3;0.0;70.0;2.5;0.053;18.51;4.5;82.0
7648;2023-11-15 18:00:00;1.38;9.8;36.9;46.7;13.0;87.0;41.0;714.4;0.0;71.0;2.5;0.009;18.08;5.1;77.0
7649;2023-11-15 19:00:00;1.46;16.8;34.3;51.1;10.0;91.0;34.0;714.5;0.0;73.0;2.4;0.001;17.75;5.2;72.0
7650;2023-11-15 20:00:00;1.33;11.9;29.5;41.4;10.0;72.0;30.0;714.8;0.0;75.0;2.4;0.001;17.55;5.8;90.0
7651;2023-11-15 21:00:00;1.18;9.0;24.2;33.2;9.0;65.0;21.0;715.3;0.0;77.0;2.3;0.001;17.31;3.8;89.0
7652;2023-11-15 22:00:00;1.26;15.9;23.2;39.1;9.0;57.0;20.0;715.3;0.0;78.0;2.3;0.001;17.19;2.5;94.0
7653;2023-11-15 23:00:00;1.14;11.9;21.3;33.2;9.0;57.0;20.0;715.3;0.0;79.0;2.3;0.001;16.98;3.6;98.0
7654;2023-11-16 00:00:00;1.12;8.2;21.6;29.8;;49.0;27.0;715.3;0.0;75.0;2.3;0.001;16.85;1.0;182.0
7655;2023-11-16 01:00:00;1.09;5.8;22.4;28.2;;54.0;32.0;714.9;0.0;74.0;2.3;0.001;16.63;0.3;201.0
7656;2023-11-16 02:00:00;1.12;6.2;20.4;26.6;10.0;57.0;31.0;714.5;0.0;76.0;2.3;0.001;16.37;1.7;111.0
7657;2023-11-16 03:00:00;1.07;3.9;15.5;19.4;10.0;56.0;28.0;714.2;0.0;79.0;2.2;0.001;15.89;0.9;288.0
7658;2023-11-16 04:00:00;1.05;6.2;15.6;21.8;11.0;50.0;25.0;714.1;0.0;78.0;2.2;0.001;16.04;2.3;218.0
7659;2023-11-16 05:00:00;1.12;7.5;20.9;28.4;9.0;51.0;32.0;714.0;0.0;78.0;2.2;0.001;15.46;2.4;242.0
7660;2023-11-16 06:00:00;1.17;20.2;21.9;42.1;9.0;57.0;39.0;714.2;0.0;81.0;2.4;0.001;14.69;2.2;227.0
7661;2023-11-16 07:00:00;1.32;28.2;18.5;46.7;9.0;78.0;39.0;714.4;0.0;82.0;2.6;0.001;14.63;1.3;250.0
7662;2023-11-16 08:00:00;1.44;42.6;17.1;59.7;;72.0;37.0;714.6;0.0;79.0;2.6;0.025;15.19;2.3;237.0
7663;2023-11-16 09:00:00;1.52;42.7;20.9;63.6;11.0;84.0;42.0;714.6;0.0;71.0;3.1;0.104;16.87;4.0;229.0
7664;2023-11-16 10:00:00;1.39;26.7;26.5;53.3;18.0;95.0;53.0;714.6;0.0;63.0;3.4;0.314;18.9;2.5;123.0
7665;2023-11-16 11:00:00;1.43;24.0;31.0;55.0;24.0;98.0;58.0;714.3;0.0;60.0;3.3;0.493;19.64;3.3;60.0
7666;2023-11-16 12:00:00;1.33;13.7;26.6;40.3;37.0;99.0;50.0;713.8;0.0;57.0;3.3;0.615;20.53;4.6;31.0
7667;2023-11-16 13:00:00;1.38;14.2;34.3;48.5;42.0;85.0;57.0;712.8;0.0;54.0;3.7;0.661;21.4;4.9;56.0
7668;2023-11-16 14:00:00;1.33;9.5;29.9;39.4;54.0;90.0;51.0;712.1;0.0;52.0;3.8;0.635;22.2;5.6;60.0
7669;2023-11-16 15:00:00;1.2;5.4;20.2;25.6;64.0;87.0;36.0;711.7;0.0;52.0;3.6;0.54;22.58;5.9;76.0
7670;2023-11-16 16:00:00;1.12;4.7;18.1;22.8;61.0;72.0;26.0;711.5;0.0;52.0;3.5;0.38;22.78;6.5;50.0
7671;2023-11-16 17:00:00;1.13;4.2;18.0;22.2;50.0;61.0;21.0;711.6;0.0;54.0;3.4;0.147;22.32;6.3;74.0
7672;2023-11-16 18:00:00;1.26;3.9;21.5;25.4;32.0;55.0;16.0;711.6;0.0;62.0;2.8;0.032;21.13;6.4;72.0
7673;2023-11-16 19:00:00;1.54;8.3;32.4;40.7;16.0;54.0;16.0;711.7;0.0;66.0;2.6;0.001;20.31;5.0;50.0
7674;2023-11-16 20:00:00;1.7;12.0;34.2;46.2;11.0;62.0;18.0;711.7;0.0;68.0;2.6;0.001;19.32;1.5;109.0
7675;2023-11-16 21:00:00;1.81;21.5;32.0;53.5;9.0;64.0;21.0;712.0;0.0;72.0;2.5;0.001;18.57;2.6;232.0
7676;2023-11-16 22:00:00;1.86;28.7;31.5;60.2;9.0;62.0;27.0;712.2;0.0;75.0;2.5;0.001;17.92;2.9;210.0
7677;2023-11-16 23:00:00;1.99;40.5;29.0;69.5;9.0;76.0;27.0;712.2;0.0;78.0;2.6;0.001;17.33;1.4;222.0
7678;2023-11-17 00:00:00;1.86;39.5;28.3;67.7;;79.0;29.0;712.0;0.0;79.0;2.6;0.001;16.86;2.9;218.0
7679;2023-11-17 01:00:00;1.66;21.7;31.7;53.3;;81.0;40.0;711.8;0.0;78.0;2.4;0.001;16.62;2.0;232.0
7680;2023-11-17 02:00:00;1.63;28.9;30.1;59.0;;88.0;44.0;711.5;0.0;80.0;2.5;0.001;16.07;1.5;226.0
7681;2023-11-17 03:00:00;1.57;22.6;28.2;50.9;;92.0;42.0;711.3;0.0;82.0;2.6;0.001;15.61;1.0;327.0
7682;2023-11-17 04:00:00;1.46;17.7;26.9;44.6;;84.0;45.0;711.2;0.0;81.0;2.6;0.001;15.48;1.4;262.0
7683;2023-11-17 05:00:00;1.42;17.0;23.7;40.7;;79.0;46.0;710.9;0.0;82.0;2.6;0.001;14.98;1.0;230.0
7684;2023-11-17 06:00:00;1.37;18.2;23.0;41.2;;82.0;48.0;710.7;0.0;84.0;2.6;0.001;14.61;1.2;220.0
7685;2023-11-17 07:00:00;1.51;29.6;22.2;51.8;;81.0;45.0;710.9;0.0;83.0;2.6;0.001;14.45;0.6;253.0
7686;2023-11-17 08:00:00;1.79;55.9;24.5;80.4;10.0;86.0;37.0;711.3;0.0;75.0;2.8;0.021;15.54;1.8;216.0
7687;2023-11-17 09:00:00;1.64;39.0;27.8;66.7;13.0;86.0;35.0;711.6;0.0;55.0;3.1;0.07;20.17;3.0;192.0
7688;2023-11-17 10:00:00;1.53;30.8;30.8;61.7;18.0;84.0;26.0;711.9;0.0;44.0;4.8;0.348;22.58;2.5;203.0
7689;2023-11-17 11:00:00;1.42;21.1;31.4;52.6;27.0;85.0;26.0;711.8;0.0;38.0;5.8;0.542;24.45;3.4;183.0
7690;2023-11-17 12:00:00;1.4;16.7;35.2;51.8;38.0;80.0;25.0;711.6;0.0;33.0;5.5;0.649;26.35;3.7;10.0
7691;2023-11-17 13:00:00;1.78;18.8;54.3;73.2;46.0;83.0;55.0;711.2;0.0;34.0;6.3;0.674;27.61;4.3;39.0
7692;2023-11-17 14:00:00;1.95;10.1;54.0;64.1;74.0;118.0;76.0;710.6;0.0;34.0;5.2;0.626;28.4;5.4;29.0
7693;2023-11-17 15:00:00;1.87;6.5;50.9;57.4;93.0;143.0;68.0;710.2;0.0;33.0;4.9;0.521;29.18;4.5;77.0
7694;2023-11-17 16:00:00;1.36;4.5;21.5;26.0;76.0;145.0;24.0;710.0;0.0;30.0;3.9;0.394;30.24;3.1;42.0
7695;2023-11-17 17:00:00;1.3;4.5;21.8;26.3;56.0;71.0;13.0;710.2;0.0;31.0;3.2;0.172;29.99;3.5;31.0
7696;2023-11-17 18:00:00;1.75;3.6;40.8;44.4;65.0;66.0;31.0;710.4;0.0;45.0;3.0;0.022;27.1;7.1;76.0
7697;2023-11-17 19:00:00;1.84;4.4;41.3;45.7;42.0;91.0;28.0;710.8;0.0;55.0;2.7;0.001;24.6;5.1;52.0
7698;2023-11-17 20:00:00;1.96;4.1;51.7;55.8;27.0;87.0;35.0;711.5;0.0;60.0;2.7;0.001;23.36;4.1;20.0
7699;2023-11-17 21:00:00;2.0;4.1;54.8;58.9;17.0;94.0;42.0;712.0;0.0;66.0;2.7;0.001;21.97;2.6;273.0
7700;2023-11-17 22:00:00;2.07;10.9;63.1;74.0;10.0;98.0;51.0;712.4;0.0;71.0;2.8;0.001;20.97;2.5;276.0
7701;2023-11-17 23:00:00;2.34;27.3;59.8;87.1;9.0;132.0;54.0;712.5;0.0;72.0;2.9;0.001;20.27;1.6;247.0
7702;2023-11-18 00:00:00;2.22;23.7;56.1;79.9;9.0;128.0;51.0;712.6;0.0;73.0;2.8;0.001;19.9;1.7;232.0
7703;2023-11-18 01:00:00;2.09;25.6;49.8;75.5;9.0;116.0;49.0;712.6;0.0;71.0;2.9;0.001;19.88;3.8;220.0
7704;2023-11-18 02:00:00;1.68;19.6;43.8;63.4;10.0;122.0;50.0;712.3;0.0;64.0;4.7;0.001;19.86;6.3;222.0
7705;2023-11-18 03:00:00;1.38;4.2;34.9;39.1;13.0;113.0;33.0;712.1;0.0;59.0;5.5;0.001;19.89;6.1;219.0
7706;2023-11-18 04:00:00;1.22;3.5;24.1;27.6;20.0;87.0;25.0;712.0;0.0;55.0;5.4;0.001;19.89;2.5;234.0
7707;2023-11-18 05:00:00;1.33;8.1;29.3;37.3;12.0;64.0;26.0;712.4;0.0;62.0;4.1;0.001;18.65;1.9;214.0
7708;2023-11-18 06:00:00;1.38;3.7;24.4;28.1;14.0;67.0;30.0;712.9;0.0;67.0;3.5;0.001;17.95;1.6;275.0
7709;2023-11-18 07:00:00;1.4;9.7;28.4;38.1;9.0;71.0;30.0;713.3;0.0;67.0;3.2;0.001;17.59;0.6;239.0
7710;2023-11-18 08:00:00;1.43;12.4;25.6;38.0;11.0;65.0;22.0;713.6;0.0;67.0;3.1;0.018;18.12;0.5;183.0
7711;2023-11-18 09:00:00;1.98;50.8;37.4;88.2;13.0;61.0;33.0;713.9;0.0;56.0;3.5;0.064;22.11;2.8;57.0
7712;2023-11-18 10:00:00;1.79;29.5;41.9;71.4;22.0;91.0;42.0;714.1;0.0;55.0;4.1;0.324;23.1;5.7;66.0
7713;2023-11-18 11:00:00;1.52;30.6;34.7;65.2;23.0;134.0;38.0;714.1;0.0;57.0;5.2;0.512;22.63;8.4;55.0
7714;2023-11-18 12:00:00;1.23;15.0;24.8;39.8;36.0;128.0;25.0;713.6;0.0;52.0;6.3;0.624;23.73;7.9;49.0
7715;2023-11-18 13:00:00;1.22;6.7;18.1;24.8;56.0;88.0;21.0;712.9;0.0;51.0;5.1;0.654;24.39;8.8;55.0
7716;2023-11-18 14:00:00;1.21;5.3;15.9;21.2;67.0;72.0;20.0;712.0;0.0;50.0;5.7;0.633;25.14;9.9;50.0
7717;2023-11-18 15:00:00;1.23;4.3;13.9;18.2;75.0;67.0;22.0;711.2;0.0;50.0;5.3;0.52;25.74;9.6;56.0
7718;2023-11-18 16:00:00;1.23;3.8;12.8;16.6;61.0;63.0;20.0;711.1;0.0;57.0;4.1;0.216;24.5;11.2;61.0
7719;2023-11-18 17:00:00;1.2;3.7;10.7;14.3;50.0;55.0;18.0;711.0;0.0;61.0;3.3;0.15;23.89;8.9;85.0
7720;2023-11-18 18:00:00;1.16;3.1;9.9;13.0;45.0;51.0;18.0;711.1;0.0;65.0;2.9;0.025;22.76;9.5;112.0
7721;2023-11-18 19:00:00;1.26;3.2;16.2;19.5;36.0;47.0;19.0;711.5;0.0;69.0;2.7;0.001;21.64;8.9;69.0
7722;2023-11-18 20:00:00;1.29;3.2;18.6;21.8;31.0;50.0;21.0;711.7;0.0;73.0;2.6;0.001;20.52;7.6;48.0
7723;2023-11-18 21:00:00;1.27;3.7;17.4;21.1;31.0;54.0;20.0;711.8;0.0;74.0;2.5;0.001;20.22;8.3;80.0
7724;2023-11-18 22:00:00;1.23;2.9;13.7;16.6;35.0;51.0;20.0;711.9;0.0;74.0;2.4;0.001;20.22;7.4;81.0
7725;2023-11-18 23:00:00;1.28;5.8;23.8;29.6;21.0;47.0;27.0;712.0;0.0;76.0;2.5;0.001;19.65;7.0;48.0
7726;2023-11-19 00:00:00;1.23;3.2;16.5;19.7;27.0;59.0;25.0;711.7;0.0;79.0;2.6;0.001;18.68;3.8;31.0
7727;2023-11-19 01:00:00;1.23;3.4;18.6;22.1;24.0;56.0;26.0;711.1;0.0;78.0;2.6;0.001;18.98;4.2;26.0
7728;2023-11-19 02:00:00;1.2;3.3;18.3;21.6;23.0;54.0;24.0;710.8;0.0;79.0;2.6;0.001;18.82;4.2;38.0
7729;2023-11-19 03:00:00;1.13;2.7;8.7;11.3;34.0;53.0;18.0;710.4;0.0;79.0;2.6;0.001;18.95;5.4;52.0
7730;2023-11-19 04:00:00;1.12;2.6;7.7;10.4;36.0;44.0;20.0;710.3;0.0;82.0;2.4;0.001;17.97;6.4;60.0
7731;2023-11-19 05:00:00;1.12;2.9;11.4;14.3;31.0;45.0;22.0;710.3;0.0;83.0;2.4;0.001;17.73;3.9;45.0
7732;2023-11-19 06:00:00;1.14;3.4;20.9;24.2;20.0;52.0;28.0;710.2;0.0;83.0;2.5;0.001;17.71;3.2;51.0
7733;2023-11-19 07:00:00;1.15;5.2;28.7;33.9;11.0;60.0;31.0;710.2;0.0;84.0;2.7;0.001;17.69;1.3;40.0
7734;2023-11-19 08:00:00;1.22;10.8;28.5;39.3;11.0;59.0;34.0;710.1;0.0;83.0;2.8;0.02;18.05;1.4;5.0
7735;2023-11-19 09:00:00;1.32;15.3;24.1;39.4;14.0;76.0;37.0;710.1;0.0;82.0;2.9;0.101;18.1;5.1;67.0
7736;2023-11-19 10:00:00;1.4;24.7;26.5;51.2;14.0;86.0;51.0;710.0;0.0;79.0;3.2;0.161;18.86;4.5;64.0
7737;2023-11-19 11:00:00;1.48;23.6;27.3;50.9;19.0;95.0;53.0;709.9;0.0;75.0;3.3;0.324;19.89;5.7;50.0
7738;2023-11-19 12:00:00;1.5;14.2;23.2;37.4;27.0;104.0;51.0;709.3;0.0;71.0;3.3;0.375;20.72;5.5;24.0
7739;2023-11-19 13:00:00;1.49;9.9;23.0;33.0;42.0;98.0;54.0;708.4;0.0;64.0;3.1;0.603;22.46;3.9;20.0
7740;2023-11-19 14:00:00;1.54;14.6;37.6;52.2;43.0;96.0;62.0;707.4;0.0;58.0;3.7;0.596;24.05;4.2;71.0
7741;2023-11-19 15:00:00;1.57;6.4;27.6;34.0;67.0;110.0;60.0;706.7;0.0;59.0;3.9;0.505;24.1;7.2;71.0
7742;2023-11-19 16:00:00;1.43;4.7;20.0;24.7;64.0;99.0;44.0;706.4;0.0;62.0;3.3;0.357;23.97;8.1;61.0
7743;2023-11-19 17:00:00;1.31;4.4;15.6;20.0;47.0;78.0;27.0;706.4;0.0;66.0;2.9;0.14;23.13;8.1;62.0
7744;2023-11-19 18:00:00;1.34;3.5;16.9;20.4;34.0;59.0;25.0;706.4;0.0;71.0;2.7;0.023;21.98;6.2;67.0
7745;2023-11-19 19:00:00;1.41;3.4;23.1;26.5;22.0;56.0;27.0;706.9;0.0;74.0;2.6;0.001;21.07;4.7;65.0
7746;2023-11-19 20:00:00;1.58;4.4;26.4;30.7;14.0;62.0;32.0;707.0;0.0;77.0;2.6;0.001;20.47;4.2;91.0
7747;2023-11-19 21:00:00;1.74;10.7;27.9;38.6;9.0;65.0;34.0;707.1;0.0;80.0;2.5;0.001;19.71;1.3;243.0
7748;2023-11-19 22:00:00;1.77;15.7;26.1;41.9;9.0;67.0;34.0;706.9;0.0;82.0;2.4;0.001;19.34;0.6;225.0
7749;2023-11-19 23:00:00;1.94;25.5;24.4;49.8;9.0;67.0;36.0;706.6;0.0;84.0;2.5;0.001;18.95;1.6;218.0
7750;2023-11-20 00:00:00;2.11;36.1;24.7;60.8;;70.0;43.0;706.2;0.0;84.0;2.6;0.001;18.64;1.5;246.0
7751;2023-11-20 01:00:00;2.24;36.4;23.5;60.0;;78.0;48.0;705.9;0.0;85.0;2.6;0.001;18.38;1.5;273.0
7752;2023-11-20 02:00:00;2.2;31.8;24.2;56.0;;88.0;59.0;705.4;0.0;86.0;2.6;0.001;18.03;1.0;237.0
7753;2023-11-20 03:00:00;2.15;35.0;20.6;55.6;;93.0;52.0;705.3;0.0;87.0;2.5;0.001;17.59;0.9;218.0
7754;2023-11-20 04:00:00;2.07;29.9;21.9;51.7;;85.0;51.0;704.9;0.0;87.0;2.5;0.001;17.61;1.2;230.0
7755;2023-11-20 05:00:00;1.89;22.9;21.4;44.3;;78.0;50.0;704.7;0.0;86.0;2.4;0.001;17.47;1.6;281.0
7756;2023-11-20 06:00:00;1.63;12.6;23.3;35.9;;79.0;46.0;704.7;0.0;83.0;2.3;0.001;17.46;1.0;242.0
7757;2023-11-20 07:00:00;1.52;17.2;23.2;40.4;;82.0;38.0;704.7;0.0;75.0;2.4;0.001;17.88;1.9;298.0
7758;2023-11-20 08:00:00;1.48;30.0;21.4;51.4;10.0;75.0;32.0;705.1;0.0;72.0;2.5;0.016;18.04;1.0;250.0
7759;2023-11-20 09:00:00;1.29;16.6;21.8;38.5;17.0;74.0;18.0;705.6;0.0;49.0;3.1;0.057;22.96;4.2;213.0
7760;2023-11-20 10:00:00;1.18;9.3;20.6;29.9;32.0;62.0;15.0;705.9;0.0;36.0;4.0;0.335;26.99;2.6;250.0
7761;2023-11-20 11:00:00;1.18;12.5;20.1;32.6;33.0;68.0;12.0;706.2;0.0;27.0;4.3;0.563;30.63;3.7;1.0
7762;2023-11-20 12:00:00;0.93;4.4;6.7;11.1;41.0;62.0;6.0;706.1;0.0;21.0;2.7;0.682;31.8;11.4;311.0
7763;2023-11-20 13:00:00;0.9;4.0;6.2;10.2;43.0;53.0;5.0;706.0;0.0;18.0;2.4;0.724;32.73;8.1;295.0
7764;2023-11-20 14:00:00;;;;;;;;;;;;0.0;;;
7765;2023-11-20 15:00:00;;;;;;;;;;;;0.0;;;
7766;2023-11-20 16:00:00;;;;;;;;;;;;0.0;;;
7767;2023-11-20 17:00:00;;;;;;;;;;;;0.0;;;
7768;2023-11-20 18:00:00;;;;;;;;;;;;0.0;;;
7769;2023-11-20 19:00:00;;;;;;;;;;;;0.0;;;
7770;2023-11-20 20:00:00;;;;;;;;;;;;0.0;;;
7771;2023-11-20 21:00:00;;;;;;;;;;;;0.0;;;
7772;2023-11-20 22:00:00;;;;;;;;;;;;0.0;;;
7773;2023-11-20 23:00:00;;;;;;;;;;;;0.0;;;
7774;2023-11-21 00:00:00;;;;;;;;;;;;0.0;;;
7775;2023-11-21 01:00:00;;;;;;;;;;;;0.0;;;
7776;2023-11-21 02:00:00;;;;;;;;;;;;0.0;;;
7777;2023-11-21 03:00:00;;;;;;;;;;;;0.0;;;
7778;2023-11-21 04:00:00;;;;;;;;;;;;0.0;;;
7779;2023-11-21 05:00:00;;;;;;;;;;;;0.0;;;
7780;2023-11-21 06:00:00;;;;;;;;;;;;0.0;;;
7781;2023-11-21 07:00:00;;;;;;;;;;;;0.0;;;
7782;2023-11-21 08:00:00;;;;;;;;;;;;0.0;;;
7783;2023-11-21 09:00:00;;;;;;;;;;;;0.0;;;
7784;2023-11-21 10:00:00;0.45;4.7;15.9;20.5;27.0;50.0;12.0;718.3;0.0;50.0;2.4;0.045;15.91;8.0;19.0
7785;2023-11-21 11:00:00;0.41;3.9;14.2;18.2;28.0;98.0;12.0;718.6;0.0;47.0;2.3;0.04;15.11;7.9;18.0
7786;2023-11-21 12:00:00;0.4;3.2;11.4;14.6;30.0;102.0;9.0;718.4;0.0;48.0;2.3;0.035;14.74;3.0;25.0
7787;2023-11-21 13:00:00;0.41;4.2;12.1;16.3;28.0;66.0;9.0;718.0;0.0;50.0;2.3;0.079;14.88;2.4;93.0
7788;2023-11-21 14:00:00;0.48;5.8;16.5;22.3;25.0;55.0;11.0;717.4;0.0;54.0;2.3;0.096;14.6;6.1;216.0
7789;2023-11-21 15:00:00;0.45;5.8;15.9;21.8;26.0;64.0;11.0;716.9;0.0;50.0;2.3;0.131;15.32;5.8;261.0
7790;2023-11-21 16:00:00;0.42;4.8;13.4;18.2;29.0;63.0;10.0;716.9;0.0;44.0;2.7;0.092;15.85;6.8;280.0
7791;2023-11-21 17:00:00;0.5;3.8;12.1;15.9;30.0;58.0;8.0;717.3;0.0;43.0;2.3;0.032;15.9;5.9;278.0
7792;2023-11-21 18:00:00;0.43;3.5;12.3;15.8;29.0;54.0;7.0;717.6;0.0;42.0;2.3;0.008;15.83;6.5;287.0
7793;2023-11-21 19:00:00;0.47;3.6;14.7;18.3;27.0;45.0;7.0;718.1;0.0;41.0;2.4;0.001;15.86;5.8;291.0
7794;2023-11-21 20:00:00;0.47;3.3;16.5;19.8;25.0;40.0;;718.5;0.0;43.0;2.2;0.001;15.45;5.8;349.0
7795;2023-11-21 21:00:00;0.43;3.0;13.6;16.5;28.0;47.0;6.0;719.0;0.0;48.0;2.2;0.001;14.44;10.2;1.0
7796;2023-11-21 22:00:00;0.4;2.5;11.0;13.5;31.0;43.0;5.0;719.3;0.0;47.0;2.2;0.001;14.35;8.2;10.0
7797;2023-11-21 23:00:00;0.38;2.3;7.6;9.9;35.0;32.0;4.0;719.6;0.0;45.0;2.3;0.001;14.04;8.7;15.0
7798;2023-11-22 00:00:00;0.38;3.2;10.6;13.8;31.0;33.0;5.0;719.5;0.0;46.0;2.5;0.001;13.55;6.6;18.0
7799;2023-11-22 01:00:00;0.44;2.2;8.8;11.0;33.0;30.0;5.0;719.4;0.0;47.0;2.8;0.001;13.15;7.7;25.0
7800;2023-11-22 02:00:00;0.39;2.2;7.8;10.0;34.0;32.0;5.0;719.2;0.0;47.0;2.6;0.001;12.73;7.3;10.0
7801;2023-11-22 03:00:00;0.44;;10.0;12.1;32.0;30.0;5.0;719.2;0.0;47.0;2.7;0.001;12.69;5.0;36.0
7802;2023-11-22 04:00:00;0.55;;10.4;12.6;30.0;28.0;6.0;719.1;0.0;48.0;4.1;0.001;12.6;2.0;147.0
7803;2023-11-22 05:00:00;0.49;;9.7;11.9;29.0;26.0;6.0;719.1;0.0;48.0;3.0;0.001;12.56;4.4;133.0
7804;2023-11-22 06:00:00;0.52;;11.4;13.7;27.0;28.0;;719.2;0.0;49.0;3.3;0.001;12.51;3.4;187.0
7805;2023-11-22 07:00:00;0.59;3.4;15.1;18.5;24.0;30.0;;719.2;0.0;48.0;3.2;0.001;12.64;2.1;219.0
7806;2023-11-22 08:00:00;0.65;9.2;16.6;25.9;24.0;32.0;;719.3;0.0;45.0;2.9;0.007;12.87;2.0;50.0
7807;2023-11-22 09:00:00;0.83;12.7;22.9;35.6;20.0;35.0;10.0;719.5;0.0;44.0;3.2;0.084;13.39;6.8;66.0
7808;2023-11-22 10:00:00;0.71;10.5;18.4;28.9;26.0;51.0;10.0;719.6;0.0;43.0;3.7;0.178;13.69;7.1;70.0
7809;2023-11-22 11:00:00;0.68;7.7;13.6;21.3;32.0;48.0;9.0;719.3;0.0;41.0;3.2;0.336;14.36;4.6;28.0
7810;2023-11-22 12:00:00;0.72;9.5;19.8;29.3;27.0;44.0;12.0;718.7;0.0;41.0;4.7;0.225;14.46;5.1;73.0
7811;2023-11-22 13:00:00;0.71;9.8;17.1;27.0;31.0;55.0;12.0;717.7;0.0;39.0;5.0;0.382;14.96;5.6;52.0
7812;2023-11-22 14:00:00;0.68;7.0;16.2;23.2;32.0;55.0;10.0;716.8;0.0;38.0;4.5;0.198;14.79;6.4;61.0
7813;2023-11-22 15:00:00;0.72;5.5;18.4;23.9;29.0;48.0;10.0;716.4;0.0;43.0;3.8;0.087;13.96;7.3;76.0
7814;2023-11-22 16:00:00;0.76;4.5;17.6;22.0;30.0;48.0;;715.9;0.0;46.0;2.8;0.057;13.47;5.6;110.0
7815;2023-11-22 17:00:00;0.88;5.2;19.9;25.1;23.0;43.0;14.0;715.7;0.0;58.0;2.6;0.044;12.91;9.0;114.0
7816;2023-11-22 18:00:00;0.97;4.9;22.7;27.5;19.0;43.0;14.0;715.7;0.0;66.0;2.4;0.007;11.95;4.4;70.0
7817;2023-11-22 19:00:00;1.23;16.1;27.9;44.0;11.0;40.0;19.0;715.6;0.0;73.0;2.5;0.001;11.41;6.0;81.0
7818;2023-11-22 20:00:00;1.14;10.1;25.7;35.8;12.0;42.0;18.0;715.3;0.0;75.0;2.4;0.001;11.03;3.5;130.0
7819;2023-11-22 21:00:00;;;;;;;;;;;;0.0;;;
7820;2023-11-22 22:00:00;;;;;;;;;;;;0.0;;;
7821;2023-11-22 23:00:00;;;;;;;;;;;;0.0;;;
7822;2023-11-23 00:00:00;;;;;;;;;;;;0.0;;;
7823;2023-11-23 01:00:00;;;;;;;;;;;;0.0;;;
7824;2023-11-23 02:00:00;;;;;;;;;;;;0.0;;;
7825;2023-11-23 03:00:00;;;;;;;;;;;;0.0;;;
7826;2023-11-23 04:00:00;;;;;;;;;;;;0.0;;;
7827;2023-11-23 05:00:00;;;;;;;;;;;;0.0;;;
7828;2023-11-23 06:00:00;;;;;;;;;;;;0.0;;;
7829;2023-11-23 07:00:00;;;;;;;;;;;;0.0;;;
7830;2023-11-23 08:00:00;;;;;;;;;;;;0.0;;;
7831;2023-11-23 09:00:00;;;;;;;;;;;;0.0;;;
7832;2023-11-23 10:00:00;;;;;;;;;;;;0.0;;;
7833;2023-11-23 11:00:00;;;;;;;;;;;;0.0;;;
7834;2023-11-23 12:00:00;;;;;;;;;;;;0.0;;;
7835;2023-11-23 13:00:00;;;;;;;;;;;;0.0;;;
7836;2023-11-23 14:00:00;;;;;;;;;;;;0.0;;;
7837;2023-11-23 15:00:00;;;;;;;;;;;;0.0;;;
7838;2023-11-23 16:00:00;;;;;;;;;;;;0.0;;;
7839;2023-11-23 17:00:00;;;;;;;;;;;;0.0;;;
7840;2023-11-23 18:00:00;0.67;2.7;13.9;16.6;38.0;42.0;16.0;711.4;0.0;62.0;2.2;0.012;15.88;10.2;109.0
7841;2023-11-23 19:00:00;0.55;2.5;15.2;17.7;38.0;39.0;17.0;711.3;0.0;62.0;2.2;0.001;15.32;10.3;115.0
7842;2023-11-23 20:00:00;0.43;2.7;14.3;17.1;38.0;34.0;15.0;711.9;0.0;62.0;2.2;0.001;14.86;8.6;103.0
7843;2023-11-23 21:00:00;0.47;3.5;19.6;23.1;29.0;35.0;16.0;712.4;0.0;63.0;2.2;0.001;14.41;5.7;118.0
7844;2023-11-23 22:00:00;0.57;4.6;24.1;28.8;20.0;38.0;18.0;712.7;0.0;67.0;2.3;0.001;13.47;1.7;64.0
7845;2023-11-23 23:00:00;0.84;15.2;30.4;45.6;11.0;39.0;23.0;712.7;0.0;73.0;2.4;0.001;12.54;1.4;293.0
7846;2023-11-24 00:00:00;0.88;22.5;31.8;54.2;10.0;52.0;28.0;712.6;0.0;76.0;2.5;0.001;11.9;1.7;311.0
7847;2023-11-24 01:00:00;0.79;10.5;31.2;41.7;10.0;63.0;25.0;712.4;0.0;78.0;2.4;0.001;11.42;1.9;299.0
7848;2023-11-24 02:00:00;0.87;14.8;31.0;45.8;10.0;60.0;26.0;712.2;0.0;80.0;2.5;0.001;10.79;0.8;234.0
7849;2023-11-24 03:00:00;0.97;22.7;28.3;51.0;;62.0;28.0;712.2;0.0;81.0;2.5;0.001;10.75;1.6;224.0
7850;2023-11-24 04:00:00;0.95;18.7;23.0;41.8;;64.0;25.0;712.2;0.0;82.0;2.5;0.001;10.53;1.6;275.0
7851;2023-11-24 05:00:00;0.86;16.9;21.1;38.0;;56.0;26.0;712.1;0.0;82.0;2.5;0.001;10.41;2.8;259.0
7852;2023-11-24 06:00:00;0.91;28.6;19.3;47.8;;55.0;35.0;712.1;0.0;82.0;2.8;0.001;10.19;1.4;250.0
7853;2023-11-24 07:00:00;1.07;42.7;19.9;62.6;;68.0;36.0;712.6;0.0;83.0;2.8;0.001;9.91;1.8;237.0
7854;2023-11-24 08:00:00;1.67;92.4;20.3;112.8;;78.0;40.0;712.9;0.0;83.0;3.3;0.017;10.19;1.2;226.0
7855;2023-11-24 09:00:00;1.56;95.5;28.7;124.1;11.0;96.0;46.0;713.1;0.0;67.0;4.6;0.053;14.19;0.9;297.0
7856;2023-11-24 10:00:00;1.48;52.8;33.9;86.7;18.0;102.0;53.0;713.6;0.0;60.0;4.9;0.275;15.71;3.8;31.0
7857;2023-11-24 11:00:00;1.42;28.1;36.1;64.2;27.0;106.0;54.0;713.8;0.0;53.0;5.0;0.504;17.5;2.8;34.0
7858;2023-11-24 12:00:00;;;;;;;;;;;;;;;
7859;2023-11-24 13:00:00;0.6;27.4;39.5;65.5;31.0;;46.0;713.0;0.0;49.0;7.1;0.645;18.78;6.3;63.0
7860;2023-11-24 14:00:00;;;;;;;;;;;;;;;
7861;2023-11-24 15:00:00;;;;;;;;;;;;;;;
7862;2023-11-24 16:00:00;0.46;13.9;20.6;34.6;51.0;76.0;14.0;711.9;0.0;55.0;3.5;0.339;19.58;10.0;62.0
7863;2023-11-24 17:00:00;0.75;5.1;20.3;25.4;45.0;63.0;20.0;712.2;0.0;58.0;3.2;0.118;18.71;11.2;55.0
7864;2023-11-24 18:00:00;1.0;4.7;26.2;31.0;28.0;60.0;18.0;712.5;0.0;63.0;3.6;0.025;17.69;10.6;61.0
7865;2023-11-24 19:00:00;1.04;4.5;24.0;28.4;20.0;59.0;13.0;712.9;0.0;68.0;3.7;0.001;16.53;10.1;52.0
7866;2023-11-24 20:00:00;0.97;3.4;18.5;21.9;25.0;51.0;13.0;713.4;0.0;70.0;3.3;0.001;16.28;9.2;65.0
7867;2023-11-24 21:00:00;0.94;3.0;15.4;18.4;27.0;46.0;12.0;713.8;0.0;71.0;3.0;0.001;16.05;9.2;66.0
7868;2023-11-24 22:00:00;0.94;2.6;13.9;16.5;26.0;37.0;11.0;714.0;0.0;73.0;2.8;0.001;15.86;6.1;64.0
7869;2023-11-24 23:00:00;0.92;2.9;11.3;14.2;27.0;36.0;10.0;714.0;0.0;76.0;2.6;0.001;15.46;7.8;54.0
7870;2023-11-25 00:00:00;0.94;2.5;11.1;13.6;25.0;33.0;9.0;713.9;0.0;80.0;2.6;0.001;15.13;6.0;69.0
7871;2023-11-25 01:00:00;0.94;2.8;10.9;13.7;24.0;26.0;9.0;713.5;0.0;82.0;2.6;0.001;14.94;6.0;62.0
7872;2023-11-25 02:00:00;0.98;2.5;10.6;13.1;24.0;31.0;10.0;713.0;0.0;85.0;2.5;0.001;14.64;5.9;31.0
7873;2023-11-25 03:00:00;0.93;2.5;7.0;9.5;27.0;30.0;10.0;712.7;0.0;84.0;2.5;0.001;14.58;7.3;44.0
7874;2023-11-25 04:00:00;0.92;2.6;6.8;9.3;28.0;29.0;11.0;712.6;0.0;85.0;2.5;0.001;14.59;7.5;41.0
7875;2023-11-25 05:00:00;0.92;2.4;4.4;6.8;30.0;28.0;9.0;712.5;0.0;87.0;2.5;0.001;14.37;7.2;50.0
7876;2023-11-25 06:00:00;0.95;2.4;6.5;8.9;26.0;29.0;10.0;712.4;0.0;88.0;2.4;0.001;14.33;5.0;49.0
7877;2023-11-25 07:00:00;1.01;2.8;12.3;15.1;21.0;35.0;8.0;712.5;0.0;88.0;2.5;0.001;14.45;5.5;57.0
7878;2023-11-25 08:00:00;1.05;3.1;12.7;15.9;24.0;29.0;10.0;712.6;0.0;89.0;2.4;0.005;14.27;6.5;63.0
7879;2023-11-25 09:00:00;1.16;5.4;17.7;23.1;19.0;28.0;8.0;712.7;0.0;87.0;2.5;0.036;14.61;4.1;50.0
7880;2023-11-25 10:00:00;1.26;10.2;18.9;29.0;17.0;33.0;10.0;712.8;0.0;84.0;2.5;0.086;15.27;5.4;49.0
7881;2023-11-25 11:00:00;1.29;18.8;20.9;39.7;16.0;39.0;14.0;712.8;0.0;80.0;2.6;0.139;15.88;5.2;41.0
7882;2023-11-25 12:00:00;1.31;24.5;25.0;49.5;14.0;46.0;22.0;712.4;0.0;78.0;2.9;0.116;16.33;5.0;47.0
7883;2023-11-25 13:00:00;1.33;9.1;23.0;32.1;16.0;62.0;25.0;711.9;0.0;79.0;2.8;0.044;16.11;4.7;352.0
7884;2023-11-25 14:00:00;1.42;13.3;25.4;38.7;18.0;62.0;32.0;711.0;0.0;75.0;2.8;0.12;16.88;4.5;46.0
7885;2023-11-25 15:00:00;1.46;16.5;26.4;42.9;18.0;63.0;28.0;710.5;0.0;73.0;2.9;0.178;17.46;4.2;77.0
7886;2023-11-25 16:00:00;1.5;19.7;30.5;50.2;16.0;62.0;34.0;710.1;0.0;70.0;3.1;0.155;18.22;1.9;114.0
7887;2023-11-25 17:00:00;1.48;14.9;30.8;45.7;18.0;65.0;36.0;709.9;0.0;66.0;3.1;0.101;18.56;2.6;328.0
7888;2023-11-25 18:00:00;1.51;13.9;34.3;48.1;12.0;65.0;40.0;709.9;0.0;67.0;3.1;0.026;18.08;2.2;345.0
7889;2023-11-25 19:00:00;1.76;15.2;34.6;49.8;9.0;69.0;41.0;710.1;0.0;76.0;2.8;0.001;16.49;1.5;46.0
7890;2023-11-25 20:00:00;1.97;24.7;33.5;58.2;9.0;75.0;43.0;710.5;0.0;77.0;2.8;0.001;16.63;1.8;239.0
7891;2023-11-25 21:00:00;1.88;25.9;30.2;56.0;9.0;84.0;39.0;710.7;0.0;75.0;2.9;0.001;16.56;3.7;212.0
7892;2023-11-25 22:00:00;2.06;41.2;31.2;72.3;10.0;71.0;43.0;710.6;0.0;77.0;3.0;0.001;15.99;2.6;210.0
7893;2023-11-25 23:00:00;2.05;39.4;33.1;72.5;9.0;81.0;45.0;710.6;0.0;77.0;2.9;0.001;16.12;0.6;19.0
7894;2023-11-26 00:00:00;1.94;32.7;30.6;63.4;9.0;80.0;42.0;710.6;0.0;76.0;2.8;0.001;16.19;3.6;220.0
7895;2023-11-26 01:00:00;1.9;28.1;29.5;57.6;9.0;82.0;50.0;710.5;0.0;75.0;3.4;0.001;16.25;6.1;215.0
7896;2023-11-26 02:00:00;1.96;31.1;28.4;59.5;;94.0;54.0;710.5;0.0;74.0;5.6;0.001;16.37;5.4;214.0
7897;2023-11-26 03:00:00;1.71;15.4;27.4;42.8;;94.0;48.0;710.5;0.0;73.0;5.8;0.001;16.53;5.5;218.0
7898;2023-11-26 04:00:00;1.57;10.5;24.0;34.5;;90.0;46.0;710.7;0.0;74.0;6.4;0.001;16.49;1.0;229.0
7899;2023-11-26 05:00:00;1.59;12.9;21.8;34.7;;88.0;39.0;711.1;0.0;75.0;5.1;0.001;16.41;2.0;207.0
7900;2023-11-26 06:00:00;1.47;5.5;19.6;25.1;10.0;75.0;37.0;711.5;0.0;75.0;4.7;0.001;16.35;0.3;191.0
7901;2023-11-26 07:00:00;1.54;9.1;19.6;28.7;9.0;66.0;36.0;712.0;0.0;78.0;4.0;0.001;15.46;1.3;211.0
7902;2023-11-26 08:00:00;1.69;18.8;18.7;37.5;9.0;62.0;41.0;712.7;0.0;82.0;3.4;0.024;14.7;0.4;300.0
7903;2023-11-26 09:00:00;1.86;31.7;21.3;53.0;10.0;64.0;46.0;713.4;0.0;79.0;3.4;0.072;16.14;0.9;98.0
7904;2023-11-26 10:00:00;1.84;32.7;23.8;56.5;11.0;90.0;50.0;714.1;0.0;76.0;3.4;0.104;16.95;3.2;92.0
7905;2023-11-26 11:00:00;1.85;25.2;24.6;49.7;14.0;98.0;51.0;714.6;0.0;71.0;3.9;0.176;17.92;3.0;76.0
7906;2023-11-26 12:00:00;1.84;17.1;24.6;41.7;20.0;87.0;50.0;714.8;0.0;66.0;4.0;0.275;18.97;3.2;64.0
7907;2023-11-26 13:00:00;1.39;5.9;9.6;15.4;30.0;82.0;21.0;714.5;0.0;66.0;3.6;0.309;18.82;8.4;18.0
7908;2023-11-26 14:00:00;1.28;4.5;7.1;11.5;34.0;51.0;11.0;714.0;0.0;65.0;3.3;0.307;18.88;9.6;25.0
7909;2023-11-26 15:00:00;1.3;4.3;7.4;11.7;34.0;38.0;10.0;713.8;0.0;64.0;3.1;0.267;18.91;9.2;20.0
7910;2023-11-26 16:00:00;1.23;4.0;8.4;12.4;33.0;39.0;10.0;714.0;0.0;65.0;3.0;0.146;18.14;11.9;33.0
7911;2023-11-26 17:00:00;1.26;3.4;10.6;14.0;27.0;42.0;;714.7;0.0;73.0;2.9;0.032;16.49;11.5;33.0
7912;2023-11-26 18:00:00;1.26;3.0;9.5;12.5;26.0;37.0;9.0;715.4;0.0;75.0;2.8;0.005;15.68;9.6;29.0
7913;2023-11-26 19:00:00;1.29;3.4;13.5;16.8;21.0;32.0;7.0;715.8;0.0;75.0;2.8;0.001;15.51;8.9;31.0
7914;2023-11-26 20:00:00;1.3;2.9;11.6;14.5;21.0;35.0;6.0;716.3;0.0;77.0;2.7;0.001;14.99;7.6;31.0
7915;2023-11-26 21:00:00;1.25;2.9;10.0;12.9;22.0;29.0;5.0;716.9;0.0;79.0;2.6;0.001;14.37;7.0;12.0
7916;2023-11-26 22:00:00;1.31;2.7;10.0;12.6;21.0;25.0;6.0;717.4;0.0;85.0;2.7;0.001;13.39;8.7;13.0
7917;2023-11-26 23:00:00;1.63;2.8;10.0;12.8;20.0;27.0;10.0;717.5;0.0;88.0;2.6;0.001;12.87;7.6;357.0
7918;2023-11-27 00:00:00;1.71;3.0;11.0;14.0;16.0;25.0;11.0;717.3;0.0;89.0;2.6;0.001;12.56;7.6;7.0
7919;2023-11-27 01:00:00;1.66;3.1;11.9;15.0;15.0;26.0;12.0;717.1;0.0;90.0;2.6;0.001;12.33;5.8;349.0
7920;2023-11-27 02:00:00;1.22;2.4;4.7;7.1;27.0;31.0;3.0;716.7;0.0;88.0;2.6;0.001;12.52;7.7;74.0
7921;2023-11-27 03:00:00;1.21;2.5;7.8;10.2;22.0;19.0;5.0;716.5;0.0;87.0;2.5;0.001;12.16;4.6;32.0
7922;2023-11-27 04:00:00;1.18;2.3;3.8;6.1;25.0;24.0;3.0;716.4;0.0;85.0;2.6;0.001;11.82;9.6;59.0
7923;2023-11-27 05:00:00;1.17;2.3;5.7;8.0;29.0;23.0;8.0;716.6;0.0;88.0;2.7;0.001;10.32;10.4;55.0
7924;2023-11-27 06:00:00;1.18;2.8;8.8;11.6;26.0;26.0;9.0;717.0;0.0;90.0;2.6;0.001;9.89;9.7;40.0
7925;2023-11-27 07:00:00;1.23;5.5;13.6;19.1;22.0;28.0;12.0;717.5;0.0;90.0;2.6;0.001;9.62;9.5;43.0
7926;2023-11-27 08:00:00;1.36;9.1;21.8;30.9;14.0;30.0;15.0;717.7;0.0;91.0;2.8;0.003;9.66;7.7;40.0
7927;2023-11-27 09:00:00;1.38;5.2;18.5;23.7;21.0;33.0;12.0;718.0;0.0;91.0;2.9;0.016;9.32;9.0;47.0
7928;2023-11-27 10:00:00;1.71;15.9;21.6;37.5;14.0;32.0;16.0;718.3;0.0;90.0;3.0;0.024;8.87;9.4;25.0
7929;2023-11-27 11:00:00;1.52;20.0;23.2;43.1;12.0;37.0;17.0;718.5;0.0;89.0;2.9;0.037;8.02;8.5;11.0
7930;2023-11-27 12:00:00;1.39;19.5;22.6;42.1;12.0;39.0;23.0;718.3;0.0;87.0;3.9;0.038;7.76;7.6;42.0
7931;2023-11-27 13:00:00;1.48;22.1;21.7;43.7;12.0;43.0;20.0;718.0;0.0;88.0;3.8;0.062;7.55;5.7;36.0
7932;2023-11-27 14:00:00;1.47;19.8;21.2;41.1;13.0;43.0;22.0;717.6;0.0;87.0;3.6;0.064;7.67;4.5;45.0
7933;2023-11-27 15:00:00;1.51;19.6;21.5;41.0;12.0;47.0;22.0;717.2;0.0;82.0;3.6;0.061;8.32;5.8;56.0
7934;2023-11-27 16:00:00;1.64;30.0;23.4;53.3;11.0;45.0;29.0;717.1;0.0;84.0;3.4;0.036;8.32;4.7;17.0
7935;2023-11-27 17:00:00;1.74;31.6;24.2;55.8;10.0;72.0;33.0;717.2;0.0;87.0;3.3;0.013;8.21;4.9;37.0
7936;2023-11-27 18:00:00;1.8;41.3;26.2;67.5;9.0;64.0;39.0;717.6;0.0;88.0;3.2;0.005;8.27;3.9;1.0
7937;2023-11-27 19:00:00;1.77;23.8;29.1;52.9;10.0;65.0;27.0;718.0;0.0;87.0;3.0;0.001;8.73;3.7;28.0
7938;2023-11-27 20:00:00;1.78;21.8;29.8;51.5;9.0;54.0;28.0;718.4;0.0;85.0;3.0;0.001;9.0;4.6;48.0
7939;2023-11-27 21:00:00;1.85;36.1;29.5;65.6;10.0;66.0;45.0;718.9;0.0;84.0;3.3;0.001;9.17;4.6;59.0
7940;2023-11-27 22:00:00;1.65;17.5;27.8;45.4;9.0;88.0;33.0;719.3;0.0;82.0;3.4;0.001;8.99;6.0;73.0
7941;2023-11-27 23:00:00;1.35;3.7;17.4;21.1;22.0;80.0;22.0;719.4;0.0;84.0;3.3;0.001;8.7;5.0;58.0
7942;2023-11-28 00:00:00;1.29;3.1;19.6;22.6;21.0;47.0;23.0;719.4;0.0;83.0;3.3;0.001;8.7;2.3;32.0
7943;2023-11-28 01:00:00;1.27;2.5;13.5;16.0;24.0;47.0;21.0;719.2;0.0;83.0;3.2;0.001;8.41;3.1;95.0
7944;2023-11-28 02:00:00;1.32;2.6;17.1;19.6;18.0;47.0;25.0;719.0;0.0;87.0;3.1;0.001;8.19;1.4;153.0
7945;2023-11-28 03:00:00;1.37;3.4;22.4;25.8;12.0;45.0;33.0;718.6;0.0;88.0;2.9;0.001;8.26;2.6;95.0
7946;2023-11-28 04:00:00;1.35;2.6;18.8;21.4;15.0;49.0;33.0;718.3;0.0;89.0;2.9;0.001;8.17;3.2;70.0
7947;2023-11-28 05:00:00;1.34;2.9;18.6;21.5;15.0;47.0;30.0;718.4;0.0;90.0;2.9;0.001;8.23;3.5;51.0
7948;2023-11-28 06:00:00;1.47;8.6;24.3;32.9;10.0;44.0;37.0;718.7;0.0;90.0;2.9;0.001;8.16;3.6;45.0
7949;2023-11-28 07:00:00;1.41;8.3;20.9;29.2;10.0;57.0;28.0;719.1;0.0;90.0;2.8;0.001;8.04;5.8;72.0
7950;2023-11-28 08:00:00;1.52;15.3;24.2;39.6;10.0;45.0;28.0;719.5;0.0;90.0;2.9;0.004;7.93;5.9;68.0
7951;2023-11-28 09:00:00;1.66;22.4;20.6;43.1;;45.0;22.0;720.0;0.0;91.0;2.9;0.026;8.01;6.5;61.0
7952;2023-11-28 10:00:00;1.66;21.9;20.2;42.1;11.0;37.0;20.0;720.5;0.0;91.0;2.9;0.037;8.08;5.9;61.0
7953;2023-11-28 11:00:00;1.7;24.9;22.0;46.9;11.0;33.0;21.0;720.7;0.0;92.0;2.9;0.057;8.28;5.4;71.0
7954;2023-11-28 12:00:00;1.8;28.0;23.5;51.5;11.0;35.0;19.0;720.4;0.0;92.0;3.0;0.064;8.39;4.7;16.0
7955;2023-11-28 13:00:00;1.84;29.9;23.4;53.3;;34.0;19.0;719.8;0.0;92.0;3.0;0.061;8.48;5.9;5.0
7956;2023-11-28 14:00:00;1.67;23.9;24.0;47.9;12.0;31.0;20.0;719.0;0.0;92.0;2.9;0.067;8.64;5.2;39.0
7957;2023-11-28 15:00:00;1.65;17.4;24.4;41.7;13.0;38.0;24.0;718.5;0.0;92.0;3.2;0.059;8.8;4.4;53.0
7958;2023-11-28 16:00:00;1.71;14.5;24.6;39.1;13.0;40.0;28.0;718.2;0.0;92.0;4.4;0.041;8.98;5.0;68.0
7959;2023-11-28 17:00:00;1.75;14.3;25.8;40.1;12.0;46.0;27.0;718.1;0.0;92.0;4.8;0.02;9.2;5.3;58.0
7960;2023-11-28 18:00:00;1.7;10.7;25.8;36.5;12.0;41.0;23.0;717.9;0.0;;3.8;0.006;9.25;6.7;57.0
7961;2023-11-28 19:00:00;1.75;11.9;27.8;39.7;11.0;33.0;21.0;717.9;0.0;;3.3;0.001;9.18;6.9;52.0
7962;2023-11-28 20:00:00;1.71;10.0;27.2;37.2;11.0;40.0;23.0;718.1;0.0;;3.1;0.001;9.2;5.6;44.0
7963;2023-11-28 21:00:00;1.53;4.8;22.2;27.0;15.0;43.0;22.0;718.2;0.0;;2.9;0.001;9.21;6.1;43.0
7964;2023-11-28 22:00:00;1.5;10.8;25.8;36.6;11.0;41.0;27.0;718.1;0.0;;3.1;0.001;9.33;5.7;27.0
7965;2023-11-28 23:00:00;1.45;6.9;22.6;29.6;13.0;48.0;23.0;717.8;0.0;;3.2;0.001;9.59;3.6;29.0
7966;2023-11-29 00:00:00;1.41;3.4;17.4;20.8;15.0;43.0;17.0;717.2;0.0;90.0;3.0;0.001;9.88;4.2;23.0
7967;2023-11-29 01:00:00;1.37;3.5;19.1;22.6;14.0;36.0;15.0;716.8;0.0;87.0;3.2;0.001;10.05;3.8;15.0
7968;2023-11-29 02:00:00;1.36;3.3;21.7;25.0;16.0;40.0;19.0;716.2;0.0;87.0;3.3;0.001;9.81;5.2;358.0
7969;2023-11-29 03:00:00;1.32;2.7;17.4;20.1;23.0;45.0;25.0;715.8;0.0;88.0;3.0;0.001;9.48;5.6;355.0
7970;2023-11-29 04:00:00;1.31;2.8;16.3;19.1;22.0;38.0;26.0;715.5;0.0;89.0;3.1;0.001;9.37;3.9;40.0
7971;2023-11-29 05:00:00;1.36;2.8;17.9;20.7;18.0;37.0;18.0;715.2;0.0;90.0;3.0;0.001;9.28;3.4;355.0
7972;2023-11-29 06:00:00;1.5;;17.7;20.5;18.0;31.0;19.0;715.1;0.0;90.0;2.9;0.001;9.23;1.7;359.0
7973;2023-11-29 07:00:00;1.72;4.3;22.4;26.6;13.0;36.0;22.0;715.4;0.0;90.0;3.0;0.001;9.3;1.1;9.0
7974;2023-11-29 08:00:00;1.9;20.6;26.6;47.3;9.0;33.0;26.0;715.6;0.0;91.0;3.0;0.005;9.45;2.3;7.0
7975;2023-11-29 09:00:00;2.06;40.2;28.4;68.6;10.0;39.0;27.0;715.7;0.0;92.0;3.2;0.021;9.59;1.7;20.0
7976;2023-11-29 10:00:00;2.27;44.5;28.6;73.0;10.0;45.0;33.0;715.8;0.0;92.0;3.2;0.028;9.83;2.1;54.0
7977;2023-11-29 11:00:00;2.13;41.4;30.1;71.6;10.0;47.0;34.0;715.8;0.0;92.0;3.2;0.039;9.94;1.6;315.0
7978;2023-11-29 12:00:00;1.98;39.1;31.4;70.5;11.0;52.0;36.0;715.1;0.0;92.0;3.5;0.07;10.24;1.9;22.0
7979;2023-11-29 13:00:00;1.97;28.7;31.0;59.6;12.0;53.0;28.0;714.2;0.0;92.0;3.7;0.045;10.33;2.3;65.0
7980;2023-11-29 14:00:00;2.12;49.1;35.3;84.4;11.0;48.0;42.0;713.2;0.0;92.0;4.1;0.059;10.56;2.0;65.0
7981;2023-11-29 15:00:00;2.17;48.0;34.8;82.8;11.0;65.0;49.0;712.7;0.0;92.0;3.8;0.06;10.66;3.8;83.0
7982;2023-11-29 16:00:00;2.17;46.7;34.6;81.3;11.0;66.0;59.0;712.2;0.0;;3.7;0.06;10.92;1.6;72.0
7983;2023-11-29 17:00:00;2.29;54.2;36.8;91.0;10.0;84.0;81.0;711.8;0.0;;4.7;0.041;11.2;2.1;14.0
7984;2023-11-29 18:00:00;2.57;56.8;36.7;93.5;9.0;111.0;87.0;711.8;0.0;;5.7;0.007;11.32;3.2;14.0
7985;2023-11-29 19:00:00;2.76;53.0;34.0;87.0;9.0;123.0;61.0;712.0;0.0;;4.8;0.001;11.28;1.4;28.0
7986;2023-11-29 20:00:00;2.78;60.4;33.3;93.7;9.0;91.0;60.0;712.0;0.0;;4.2;0.001;11.39;0.9;10.0
7987;2023-11-29 21:00:00;2.89;66.9;33.4;100.3;;90.0;62.0;712.0;0.0;91.0;3.9;0.001;11.6;1.7;10.0
7988;2023-11-29 22:00:00;2.7;67.7;30.0;97.8;;97.0;60.0;711.8;0.0;91.0;3.7;0.001;11.71;1.2;187.0
7989;2023-11-29 23:00:00;2.87;82.2;30.0;112.2;;108.0;62.0;711.7;0.0;91.0;3.6;0.001;11.99;0.9;341.0
7990;2023-11-30 00:00:00;2.64;78.8;27.9;106.7;;118.0;57.0;711.2;0.0;90.0;3.5;0.001;12.09;0.4;291.0
7991;2023-11-30 01:00:00;2.56;75.1;25.6;100.7;;107.0;54.0;710.5;0.0;90.0;3.5;0.001;12.19;1.0;324.0
7992;2023-11-30 02:00:00;2.5;72.5;22.6;95.1;;97.0;56.0;709.5;0.0;89.0;3.4;0.001;11.93;1.0;221.0
7993;2023-11-30 03:00:00;2.37;67.5;22.1;89.6;;96.0;60.0;708.9;0.0;89.0;3.3;0.001;11.91;1.7;215.0
7994;2023-11-30 04:00:00;2.06;48.1;24.7;72.8;;100.0;71.0;708.2;0.0;88.0;3.3;0.001;12.15;2.9;224.0
7995;2023-11-30 05:00:00;1.89;32.5;23.9;56.4;;138.0;85.0;707.8;0.0;88.0;3.1;0.001;12.09;3.6;215.0
7996;2023-11-30 06:00:00;1.9;29.7;22.1;51.9;;129.0;77.0;707.4;0.0;88.0;3.1;0.001;11.57;3.0;224.0
7997;2023-11-30 07:00:00;2.08;48.6;22.0;70.6;10.0;117.0;103.0;707.1;0.0;89.0;3.3;0.001;11.19;2.5;243.0
7998;2023-11-30 08:00:00;2.33;76.5;21.7;98.2;10.0;141.0;103.0;707.2;0.0;90.0;3.5;0.021;10.8;2.2;275.0
7999;2023-11-30 09:00:00;2.84;117.0;25.2;142.2;10.0;128.0;105.0;707.5;0.0;89.0;4.0;0.096;12.31;0.9;295.0
8000;2023-11-30 10:00:00;2.97;110.7;32.7;143.4;11.0;143.0;79.0;707.7;0.0;72.0;4.2;0.219;16.43;2.2;71.0
8001;2023-11-30 11:00:00;2.77;83.1;44.7;127.8;14.0;133.0;78.0;707.7;0.0;62.0;4.4;0.429;18.47;3.3;38.0
8002;2023-11-30 12:00:00;2.87;67.8;60.3;128.2;19.0;143.0;88.0;707.1;0.0;54.0;4.8;0.53;21.24;3.2;29.0
8003;2023-11-30 13:00:00;2.93;53.1;75.0;128.1;25.0;140.0;89.0;706.3;0.0;47.0;5.0;0.582;23.5;2.4;33.0
8004;2023-11-30 14:00:00;2.98;42.4;84.8;127.2;30.0;150.0;91.0;705.7;0.0;43.0;6.5;0.503;24.95;4.6;91.0
8005;2023-11-30 15:00:00;2.67;21.8;63.7;85.5;36.0;147.0;59.0;705.3;0.0;43.0;5.1;0.41;25.41;3.9;92.0
8006;2023-11-30 16:00:00;2.42;12.5;49.9;62.4;50.0;118.0;50.0;705.2;0.0;38.0;4.5;0.415;26.83;4.7;79.0
8007;2023-11-30 17:00:00;2.54;11.5;57.2;68.7;39.0;104.0;46.0;705.5;0.0;43.0;3.9;0.152;26.17;5.0;64.0
8008;2023-11-30 18:00:00;3.1;37.3;48.6;86.0;13.0;112.0;34.0;705.8;0.0;61.0;3.6;0.018;23.27;0.1;181.0
8009;2023-11-30 19:00:00;3.21;51.8;45.7;97.5;9.0;115.0;39.0;706.2;0.0;73.0;3.6;0.001;20.45;2.4;287.0
8010;2023-11-30 20:00:00;3.54;80.4;45.1;125.5;9.0;133.0;47.0;706.7;0.0;79.0;3.8;0.001;19.04;2.3;287.0
8011;2023-11-30 21:00:00;3.32;78.6;40.7;119.3;9.0;165.0;61.0;707.1;0.0;84.0;3.7;0.001;17.6;1.5;247.0
8012;2023-11-30 22:00:00;3.67;108.5;34.8;143.3;;167.0;62.0;707.4;0.0;85.0;4.0;0.001;16.88;0.9;283.0
8013;2023-11-30 23:00:00;3.53;100.0;33.2;133.2;;165.0;53.0;707.6;0.0;82.0;3.9;0.001;15.99;1.1;281.0
8014;2023-12-01 00:00:00;;;;;;;;;;;;;;;
8015;2023-12-01 01:00:00;3.79;118.4;26.3;144.6;9.0;140.0;71.0;707.6;0.0;87.0;3.9;0.001;14.98;0.7;296.0
8016;2023-12-01 02:00:00;3.69;99.7;23.2;122.9;9.0;136.0;68.0;707.6;0.0;88.0;3.8;0.001;14.58;1.0;181.0
8017;2023-12-01 03:00:00;3.74;78.2;24.3;102.6;9.0;127.0;77.0;707.6;0.0;89.0;3.5;0.001;14.38;0.9;223.0
8018;2023-12-01 04:00:00;3.41;62.4;27.4;89.8;;128.0;73.0;707.5;0.0;88.0;3.4;0.001;14.07;0.4;293.0
8019;2023-12-01 05:00:00;3.4;71.3;23.5;94.8;;118.0;65.0;707.6;0.0;89.0;3.4;0.001;13.97;1.3;237.0
8020;2023-12-01 06:00:00;2.81;50.3;23.3;73.6;;108.0;65.0;707.8;0.0;89.0;3.2;0.001;14.7;1.6;198.0
8021;2023-12-01 07:00:00;2.77;43.2;25.5;68.8;;110.0;68.0;708.2;0.0;89.0;3.3;0.001;14.36;0.7;232.0
8022;2023-12-01 08:00:00;2.7;44.0;28.6;72.6;;117.0;83.0;708.6;0.0;89.0;3.4;0.012;14.45;3.8;218.0
8023;2023-12-01 09:00:00;2.93;52.5;28.3;80.7;10.0;142.0;83.0;708.9;0.0;90.0;3.6;0.074;14.57;1.0;206.0
8024;2023-12-01 10:00:00;3.23;57.1;40.0;97.1;10.0;124.0;91.0;709.5;0.0;88.0;3.7;0.08;15.64;1.9;347.0
8025;2023-12-01 11:00:00;2.93;71.8;44.5;116.3;12.0;169.0;102.0;709.7;0.0;81.0;4.2;0.222;16.78;3.2;65.0
8026;2023-12-01 12:00:00;2.22;37.2;33.8;70.9;16.0;191.0;61.0;709.7;0.0;72.0;4.9;0.344;17.47;7.7;88.0
8027;2023-12-01 13:00:00;1.71;15.8;19.7;35.5;22.0;123.0;30.0;709.5;0.0;66.0;5.1;0.396;18.24;7.7;92.0
8028;2023-12-01 14:00:00;1.65;12.8;17.9;30.7;27.0;85.0;22.0;708.9;0.0;60.0;5.0;0.488;19.85;5.5;65.0
8029;2023-12-01 15:00:00;1.66;11.4;18.6;30.0;31.0;82.0;20.0;708.6;0.0;54.0;4.5;0.473;21.39;5.1;25.0
8030;2023-12-01 16:00:00;1.71;11.9;24.2;36.0;26.0;80.0;23.0;708.4;0.0;55.0;4.6;0.269;21.26;5.7;70.0
8031;2023-12-01 17:00:00;1.72;8.5;24.0;32.5;27.0;83.0;22.0;708.3;0.0;56.0;4.9;0.142;20.96;5.0;87.0
8032;2023-12-01 18:00:00;1.94;10.1;32.4;42.5;17.0;80.0;23.0;708.6;0.0;61.0;4.2;0.028;19.82;3.5;98.0
8033;2023-12-01 19:00:00;2.57;31.3;37.6;68.9;9.0;79.0;29.0;709.0;0.0;69.0;3.7;0.002;18.48;2.7;97.0
8034;2023-12-01 20:00:00;2.97;45.0;38.5;83.5;9.0;99.0;45.0;709.5;0.0;76.0;3.5;0.002;17.4;1.0;42.0
8035;2023-12-01 21:00:00;2.7;35.5;35.2;70.7;9.0;114.0;57.0;709.6;0.0;80.0;4.0;0.002;16.94;1.4;348.0
8036;2023-12-01 22:00:00;2.61;40.5;30.4;70.9;;112.0;50.0;709.8;0.0;83.0;3.2;0.002;16.04;1.6;222.0
8037;2023-12-01 23:00:00;2.85;61.3;26.8;88.1;;101.0;48.0;709.7;0.0;85.0;3.4;0.002;15.2;1.9;284.0
8038;2023-12-02 00:00:00;3.23;88.3;24.2;112.5;;102.0;60.0;709.6;0.0;87.0;3.5;0.002;14.91;1.7;251.0
8039;2023-12-02 01:00:00;3.09;85.2;24.6;109.8;;127.0;51.0;709.4;0.0;87.0;3.5;0.002;14.52;1.7;245.0
8040;2023-12-02 02:00:00;2.77;67.8;24.6;92.4;;105.0;50.0;709.5;0.0;85.0;3.4;0.002;14.18;0.8;281.0
8041;2023-12-02 03:00:00;2.78;79.9;27.1;107.0;10.0;109.0;56.0;709.6;0.0;84.0;3.4;0.002;13.97;0.6;253.0
8042;2023-12-02 04:00:00;2.5;75.8;29.0;104.8;10.0;129.0;64.0;709.4;0.0;82.0;3.7;0.002;13.74;1.2;293.0
8043;2023-12-02 05:00:00;2.63;80.1;22.3;102.4;10.0;127.0;61.0;709.5;0.0;84.0;3.8;0.002;13.19;1.0;295.0
8044;2023-12-02 06:00:00;2.43;71.1;23.8;94.9;9.0;117.0;57.0;709.6;0.0;84.0;3.7;0.002;13.09;1.4;272.0
8045;2023-12-02 07:00:00;2.45;64.8;21.0;85.8;9.0;131.0;52.0;710.1;0.0;85.0;3.6;0.002;12.6;0.5;186.0
8046;2023-12-02 08:00:00;3.38;95.8;17.8;113.5;10.0;118.0;65.0;710.6;0.0;87.0;3.6;0.011;12.34;1.0;286.0
8047;2023-12-02 09:00:00;2.9;97.4;28.8;126.2;10.0;121.0;52.0;711.0;0.0;75.0;3.8;0.043;15.23;0.7;31.0
8048;2023-12-02 10:00:00;2.77;80.8;41.3;122.1;13.0;117.0;51.0;711.4;0.0;56.0;4.4;0.237;19.36;2.6;51.0
8049;2023-12-02 11:00:00;3.08;69.7;63.6;133.3;18.0;124.0;79.0;711.7;0.0;53.0;5.0;0.418;20.88;4.5;44.0
8050;2023-12-02 12:00:00;3.41;87.8;78.4;166.2;18.0;164.0;130.0;711.5;0.0;54.0;9.1;0.515;21.56;5.5;71.0
8051;2023-12-02 13:00:00;2.46;28.4;51.6;80.0;30.0;222.0;76.0;711.2;0.0;50.0;7.4;0.552;22.89;6.0;77.0
8052;2023-12-02 14:00:00;2.13;15.5;40.0;55.5;39.0;167.0;55.0;710.7;0.0;50.0;5.7;0.508;23.52;6.0;76.0
8053;2023-12-02 15:00:00;1.81;10.8;24.4;35.2;42.0;129.0;29.0;710.5;0.0;47.0;5.5;0.473;24.37;7.7;37.0
8054;2023-12-02 16:00:00;1.91;9.1;28.5;37.6;44.0;92.0;36.0;710.5;0.0;48.0;4.8;0.322;24.18;6.8;69.0
8055;2023-12-02 17:00:00;1.8;6.3;24.7;31.0;42.0;91.0;31.0;710.8;0.0;49.0;4.4;0.123;23.32;6.5;78.0
8056;2023-12-02 18:00:00;1.93;5.3;31.4;36.8;31.0;74.0;33.0;711.4;0.0;56.0;4.0;0.024;22.0;6.9;67.0
8057;2023-12-02 19:00:00;2.31;9.1;45.8;54.9;12.0;89.0;64.0;712.2;0.0;74.0;3.7;0.002;19.44;4.6;50.0
8058;2023-12-02 20:00:00;2.21;22.6;44.9;67.5;9.0;111.0;69.0;712.8;0.0;76.0;4.0;0.002;18.62;4.3;334.0
8059;2023-12-02 21:00:00;2.18;18.9;40.6;59.5;9.0;127.0;61.0;713.2;0.0;78.0;3.8;0.002;17.77;2.0;232.0
8060;2023-12-02 22:00:00;2.18;20.0;37.1;57.1;9.0;117.0;52.0;713.4;0.0;78.0;3.6;0.002;17.25;1.3;263.0
8061;2023-12-02 23:00:00;2.23;16.0;31.8;47.8;11.0;112.0;58.0;713.6;0.0;81.0;3.5;0.002;16.71;0.5;339.0
8062;2023-12-03 00:00:00;1.79;4.5;17.2;21.7;21.0;86.0;38.0;713.6;0.0;75.0;3.3;0.002;17.07;1.6;68.0
8063;2023-12-03 01:00:00;1.56;3.9;8.9;12.8;34.0;62.0;19.0;713.4;0.0;70.0;3.2;0.002;17.58;6.3;93.0
8064;2023-12-03 02:00:00;1.86;4.6;22.8;27.4;14.0;42.0;28.0;713.4;0.0;77.0;3.1;0.002;16.28;0.4;175.0
8065;2023-12-03 03:00:00;1.74;4.0;17.9;21.8;16.0;54.0;25.0;713.4;0.0;78.0;3.0;0.002;15.94;0.6;118.0
8066;2023-12-03 04:00:00;2.09;26.3;29.7;56.1;10.0;51.0;;713.6;0.0;82.0;3.1;0.002;15.79;1.9;343.0
8067;2023-12-03 05:00:00;2.08;21.9;26.1;48.0;9.0;110.0;61.0;713.8;0.0;85.0;3.1;0.002;15.19;0.7;82.0
8068;2023-12-03 06:00:00;2.1;22.6;22.2;44.8;9.0;105.0;59.0;713.9;0.0;86.0;3.1;0.002;14.86;1.4;45.0
8069;2023-12-03 07:00:00;2.02;20.9;21.3;42.1;9.0;94.0;56.0;714.3;0.0;87.0;3.1;0.002;14.59;1.2;229.0
8070;2023-12-03 08:00:00;2.01;24.6;20.1;44.6;;93.0;56.0;714.7;0.0;88.0;3.0;0.016;14.51;1.2;220.0
8071;2023-12-03 09:00:00;2.26;41.7;25.2;67.0;10.0;96.0;58.0;715.2;0.0;86.0;3.1;0.087;15.48;0.5;73.0
8072;2023-12-03 10:00:00;2.3;42.6;36.3;78.9;13.0;103.0;62.0;715.6;0.0;77.0;3.3;0.163;16.99;3.1;2.0
8073;2023-12-03 11:00:00;1.72;11.9;20.7;32.6;27.0;108.0;24.0;715.7;0.0;55.0;3.9;0.238;18.57;4.6;64.0
8074;2023-12-03 12:00:00;1.72;13.6;27.3;40.8;29.0;69.0;30.0;715.4;0.0;49.0;5.5;0.284;19.51;6.2;39.0
8075;2023-12-03 13:00:00;1.69;8.5;20.0;28.5;40.0;76.0;23.0;714.7;0.0;44.0;4.4;0.337;20.15;6.2;63.0
8076;2023-12-03 14:00:00;1.62;6.6;16.8;23.5;45.0;67.0;19.0;713.8;0.0;41.0;3.6;0.301;20.3;8.0;53.0
8077;2023-12-03 15:00:00;1.58;5.5;14.7;20.2;46.0;62.0;17.0;713.4;0.0;42.0;3.4;0.237;20.22;7.2;62.0
8078;2023-12-03 16:00:00;1.58;4.8;14.9;19.8;43.0;55.0;16.0;713.2;0.0;44.0;3.2;0.149;19.81;6.9;69.0
8079;2023-12-03 17:00:00;1.49;4.2;12.8;16.9;39.0;51.0;12.0;713.1;0.0;46.0;3.0;0.07;19.33;7.3;106.0
8080;2023-12-03 18:00:00;1.52;3.9;15.5;19.4;33.0;47.0;13.0;713.2;0.0;52.0;2.9;0.016;18.56;6.1;116.0
8081;2023-12-03 19:00:00;1.55;3.8;19.4;23.2;28.0;44.0;13.0;713.3;0.0;50.0;2.8;0.002;17.95;5.5;109.0
8082;2023-12-03 20:00:00;1.64;3.7;22.8;26.5;20.0;46.0;14.0;713.7;0.0;51.0;2.7;0.002;17.03;1.8;227.0
8083;2023-12-03 21:00:00;1.74;4.7;25.1;29.9;15.0;43.0;14.0;713.8;0.0;56.0;2.8;0.002;16.58;1.9;223.0
8084;2023-12-03 22:00:00;1.98;15.7;32.6;48.3;9.0;49.0;24.0;713.9;0.0;59.0;2.9;0.002;16.24;3.2;252.0
8085;2023-12-03 23:00:00;2.17;31.5;32.8;64.3;10.0;63.0;33.0;713.8;0.0;62.0;3.3;0.002;16.04;2.2;232.0
8086;2023-12-04 00:00:00;2.3;41.7;30.7;72.4;9.0;86.0;38.0;713.6;0.0;65.0;3.4;0.002;15.54;2.2;249.0
8087;2023-12-04 01:00:00;2.18;32.4;31.0;63.4;9.0;81.0;32.0;713.5;0.0;65.0;3.5;0.002;15.23;1.2;270.0
8088;2023-12-04 02:00:00;2.01;20.5;30.3;50.8;9.0;73.0;28.0;713.3;0.0;65.0;3.6;0.002;15.23;2.6;248.0
8089;2023-12-04 03:00:00;1.85;12.5;29.7;42.2;10.0;75.0;30.0;713.3;0.0;64.0;4.5;0.002;15.3;2.2;234.0
8090;2023-12-04 04:00:00;1.71;5.4;27.3;32.7;11.0;68.0;25.0;713.2;0.0;62.0;6.1;0.002;15.56;3.1;274.0
8091;2023-12-04 05:00:00;1.8;11.9;27.2;39.1;9.0;70.0;27.0;713.3;0.0;68.0;4.8;0.002;14.59;1.2;267.0
8092;2023-12-04 06:00:00;1.81;10.3;25.2;35.6;9.0;72.0;31.0;713.4;0.0;70.0;4.1;0.002;14.01;2.2;276.0
8093;2023-12-04 07:00:00;1.92;21.8;25.2;47.0;9.0;79.0;33.0;713.8;0.0;69.0;3.7;0.002;14.1;1.5;289.0
8094;2023-12-04 08:00:00;2.49;59.9;25.9;85.8;;88.0;34.0;714.4;0.0;69.0;3.8;0.022;14.15;2.7;261.0
8095;2023-12-04 09:00:00;3.02;95.7;30.5;126.2;10.0;105.0;40.0;714.9;0.0;61.0;4.1;0.095;16.79;2.4;332.0
8096;2023-12-04 10:00:00;2.75;68.4;37.1;105.5;12.0;137.0;42.0;715.5;0.0;52.0;4.3;0.161;18.87;1.9;289.0
8097;2023-12-04 11:00:00;2.34;33.8;38.6;72.3;19.0;123.0;36.0;715.7;0.0;40.0;4.9;0.348;21.89;2.2;75.0
8098;2023-12-04 12:00:00;2.15;24.2;33.7;57.9;32.0;105.0;30.0;715.4;0.0;34.0;5.9;0.59;22.77;5.6;65.0
8099;2023-12-04 13:00:00;1.78;8.0;16.5;24.5;46.0;86.0;16.0;715.0;0.0;30.0;4.6;0.525;23.35;6.5;40.0
8100;2023-12-04 14:00:00;1.77;9.8;29.7;39.4;39.0;70.0;23.0;714.1;0.0;32.0;5.3;0.303;23.46;5.3;90.0
8101;2023-12-04 15:00:00;1.68;9.4;26.3;35.7;40.0;101.0;18.0;713.8;0.0;32.0;4.4;0.258;23.01;7.6;77.0
8102;2023-12-04 16:00:00;1.76;7.6;29.9;37.5;35.0;85.0;16.0;713.8;0.0;33.0;4.1;0.119;22.34;8.3;81.0
8103;2023-12-04 17:00:00;1.93;8.2;32.2;40.4;33.0;77.0;22.0;713.9;0.0;47.0;7.6;0.084;20.97;7.7;61.0
8104;2023-12-04 18:00:00;1.93;10.4;32.9;43.3;25.0;84.0;21.0;714.3;0.0;50.0;5.3;0.023;20.26;8.6;69.0
8105;2023-12-04 19:00:00;1.76;6.1;22.7;28.8;29.0;76.0;14.0;714.8;0.0;51.0;4.5;0.002;18.89;7.3;65.0
8106;2023-12-04 20:00:00;1.65;4.5;19.5;24.0;31.0;57.0;14.0;715.2;0.0;51.0;3.9;0.002;18.45;9.1;81.0
8107;2023-12-04 21:00:00;1.57;3.5;15.2;18.7;32.0;54.0;12.0;715.5;0.0;57.0;3.5;0.002;17.74;7.4;114.0
8108;2023-12-04 22:00:00;1.57;3.4;15.0;18.4;31.0;44.0;15.0;715.5;0.0;59.0;3.5;0.002;17.34;6.9;81.0
8109;2023-12-04 23:00:00;1.86;13.2;29.8;42.9;13.0;46.0;19.0;715.7;0.0;64.0;3.4;0.002;16.15;0.8;293.0
8110;2023-12-05 00:00:00;2.25;26.8;32.2;59.0;9.0;67.0;25.0;715.7;0.0;67.0;3.3;0.002;15.46;2.9;239.0
8111;2023-12-05 01:00:00;2.15;27.2;31.1;58.3;9.0;74.0;23.0;715.6;0.0;68.0;3.3;0.002;15.24;3.7;223.0
8112;2023-12-05 02:00:00;2.09;49.5;34.2;83.8;10.0;74.0;37.0;715.2;0.0;67.0;4.5;0.002;15.39;2.9;236.0
8113;2023-12-05 03:00:00;2.08;44.5;30.6;75.0;9.0;103.0;33.0;715.1;0.0;69.0;4.9;0.002;14.96;1.0;283.0
8114;2023-12-05 04:00:00;2.18;48.0;29.2;77.1;9.0;107.0;35.0;715.2;0.0;72.0;4.6;0.002;14.6;1.4;245.0
8115;2023-12-05 05:00:00;2.19;50.7;28.4;79.1;9.0;101.0;35.0;715.3;0.0;73.0;4.3;0.002;14.46;1.8;277.0
8116;2023-12-05 06:00:00;2.22;39.1;29.0;68.1;;103.0;33.0;715.4;0.0;72.0;3.9;0.002;14.37;2.2;229.0
8117;2023-12-05 07:00:00;2.27;50.4;27.7;78.1;;98.0;32.0;715.8;0.0;74.0;3.8;0.002;14.14;1.3;293.0
8118;2023-12-05 08:00:00;2.51;73.7;26.2;99.8;;94.0;31.0;716.2;0.0;76.0;3.8;0.013;13.78;1.7;218.0
8119;2023-12-05 09:00:00;2.6;86.2;32.7;119.0;10.0;109.0;37.0;716.4;0.0;66.0;4.6;0.084;15.74;3.0;216.0
8120;2023-12-05 10:00:00;2.65;74.2;48.6;122.8;13.0;141.0;61.0;716.8;0.0;53.0;8.7;0.204;18.86;0.4;274.0
8121;2023-12-05 11:00:00;3.0;57.2;61.3;118.6;19.0;155.0;70.0;717.0;0.0;51.0;19.7;0.375;19.59;4.4;12.0
8122;2023-12-05 12:00:00;3.1;59.7;80.6;140.3;19.0;171.0;98.0;716.7;0.0;51.0;14.5;0.327;19.96;5.4;78.0
8123;2023-12-05 13:00:00;2.85;42.4;75.1;117.5;24.0;226.0;105.0;716.3;0.0;48.0;14.9;0.37;20.34;5.9;87.0
8124;2023-12-05 14:00:00;1.98;11.6;37.0;48.6;41.0;204.0;45.0;715.8;0.0;39.0;10.5;0.281;20.61;6.8;72.0
8125;2023-12-05 15:00:00;1.79;11.3;31.9;43.2;39.0;105.0;27.0;715.8;0.0;37.0;11.0;0.277;20.97;6.5;68.0
8126;2023-12-05 16:00:00;1.82;8.0;28.5;36.6;45.0;77.0;27.0;716.0;0.0;41.0;10.0;0.237;20.92;6.7;79.0
8127;2023-12-05 17:00:00;1.96;7.0;35.3;42.3;38.0;89.0;37.0;716.2;0.0;52.0;12.3;0.07;19.98;7.8;69.0
8128;2023-12-05 18:00:00;1.93;6.2;33.6;39.9;28.0;103.0;30.0;716.6;0.0;56.0;18.0;0.014;19.24;7.5;83.0
8129;2023-12-05 19:00:00;1.8;5.0;22.7;27.7;30.0;84.0;19.0;717.0;0.0;60.0;7.0;0.002;18.59;7.9;87.0
8130;2023-12-05 20:00:00;1.79;4.3;22.6;27.0;30.0;63.0;22.0;717.4;0.0;63.0;6.1;0.002;18.16;6.6;83.0
8131;2023-12-05 21:00:00;1.86;4.7;29.1;33.8;22.0;62.0;30.0;717.8;0.0;65.0;6.0;0.002;17.68;4.1;64.0
8132;2023-12-05 22:00:00;1.9;4.9;32.5;37.4;16.0;73.0;35.0;718.3;0.0;67.0;6.6;0.002;17.29;3.5;31.0
8133;2023-12-05 23:00:00;1.95;8.2;33.0;41.2;12.0;72.0;32.0;718.4;0.0;71.0;5.7;0.002;16.66;0.5;66.0
8134;2023-12-06 00:00:00;1.77;5.0;23.2;28.4;18.0;73.0;25.95;718.2;0.0;72.0;4.9;0.002;16.33;2.7;275.0
8135;2023-12-06 01:00:00;1.82;5.1;28.0;33.3;11.0;57.0;24.2;718.0;0.0;75.0;4.4;0.002;15.64;2.1;285.0
8136;2023-12-06 02:00:00;1.84;6.5;24.5;31.1;14.0;54.0;24.2;718.2;0.0;73.0;4.1;0.002;15.78;2.9;215.0
8137;2023-12-06 03:00:00;1.74;3.8;22.8;26.8;15.0;50.0;21.4;718.3;0.0;69.0;4.2;0.002;15.97;3.9;211.0
8138;2023-12-06 04:00:00;1.72;3.9;24.8;28.9;14.0;53.0;23.79;718.2;0.0;70.0;4.0;0.002;15.75;2.8;175.0
8139;2023-12-06 05:00:00;1.7;4.2;25.0;29.5;13.0;61.0;19.77;718.3;0.0;70.0;3.9;0.002;15.92;2.5;19.0
8140;2023-12-06 06:00:00;1.71;6.0;24.7;31.0;11.0;52.0;18.15;718.5;0.0;70.0;3.7;0.002;15.93;2.6;157.0
8141;2023-12-06 07:00:00;1.73;8.2;25.8;34.2;12.0;51.0;18.99;718.8;0.0;72.0;3.6;0.002;15.93;2.9;96.0
8142;2023-12-06 08:00:00;2.01;25.4;27.3;52.9;10.0;52.0;19.24;719.2;0.0;72.0;3.7;0.016;15.99;3.3;24.0
8143;2023-12-06 09:00:00;2.23;32.8;30.0;63.0;12.0;65.0;23.97;719.5;0.0;73.0;3.6;0.085;16.85;3.1;120.0
8144;2023-12-06 10:00:00;2.07;19.5;25.9;45.5;21.0;66.0;27.88;719.6;0.0;69.0;3.6;0.202;18.11;6.1;69.0
8145;2023-12-06 11:00:00;1.86;9.6;21.7;31.6;26.0;75.0;23.99;719.3;0.0;72.0;3.6;0.153;18.09;8.8;74.0
8146;2023-12-06 12:00:00;;;;;;;;;;;;;;;
8147;2023-12-06 13:00:00;0.87;2.6;8.1;10.8;21.0;651.0;;;0.0;56.0;2.7;0.062;10.41;8.6;65.0
8148;2023-12-06 14:00:00;1.35;5.4;17.5;23.1;31.0;;16.62;717.9;0.0;84.0;4.7;0.114;16.5;10.6;55.0
8149;2023-12-06 15:00:00;1.34;4.8;20.2;25.2;29.0;39.0;15.64;717.5;0.0;85.0;4.2;0.029;16.31;10.6;48.0
8150;2023-12-06 16:00:00;1.38;5.9;23.6;29.7;25.0;43.0;15.0;717.4;0.0;88.0;3.7;0.027;15.9;9.5;49.0
8151;2023-12-06 17:00:00;1.36;4.3;22.0;26.6;24.0;29.0;11.14;717.4;0.0;89.0;3.0;0.013;15.58;9.2;54.0
8152;2023-12-06 18:00:00;1.56;5.9;27.7;33.8;16.0;29.0;12.26;717.4;0.0;90.0;3.1;0.003;15.62;7.8;52.0
8153;2023-12-06 19:00:00;1.54;4.6;24.8;29.6;20.0;33.0;13.07;717.6;0.0;90.0;3.2;0.001;15.49;8.6;50.0
8154;2023-12-06 20:00:00;1.42;3.2;19.8;23.2;26.0;35.0;8.56;717.7;0.0;90.0;3.1;0.001;15.36;6.6;69.0
8155;2023-12-06 21:00:00;1.29;2.8;12.7;15.7;32.0;24.0;5.71;717.6;0.0;88.0;3.0;0.001;15.49;6.5;84.0
8156;2023-12-06 22:00:00;1.34;3.2;15.0;18.3;28.0;22.0;6.1;717.6;0.0;87.0;3.0;0.001;15.61;5.0;26.0
8157;2023-12-06 23:00:00;1.32;3.3;19.8;23.3;21.0;22.0;7.12;717.2;0.0;89.0;2.9;0.001;15.51;3.6;4.0
8158;2023-12-07 00:00:00;1.33;3.7;23.5;27.3;16.0;26.0;7.64;716.8;0.0;89.0;2.8;0.001;15.56;4.9;6.0
8159;2023-12-07 01:00:00;1.23;2.6;11.1;13.9;25.0;29.0;8.04;716.4;0.0;89.0;2.9;0.001;15.53;3.2;8.0
8160;2023-12-07 02:00:00;1.22;2.5;8.9;11.6;26.0;26.0;6.82;716.0;0.0;90.0;2.8;0.001;15.5;4.4;24.0
8161;2023-12-07 03:00:00;1.22;2.7;17.9;20.8;16.0;26.0;10.68;715.6;0.0;90.0;2.9;0.001;15.53;2.2;336.0
8162;2023-12-07 04:00:00;1.2;2.4;9.4;12.1;28.0;27.0;10.24;715.1;0.0;90.0;2.8;0.001;15.42;3.6;38.0
8163;2023-12-07 05:00:00;1.19;2.4;5.4;8.1;34.0;31.0;8.86;714.9;0.0;90.0;2.8;0.001;15.27;3.2;43.0
8164;2023-12-07 06:00:00;1.23;2.5;7.4;10.2;29.0;28.0;8.27;714.7;0.0;90.0;2.8;0.001;15.18;2.1;15.0
8165;2023-12-07 07:00:00;1.34;4.3;19.1;23.6;17.0;33.0;10.25;714.6;0.0;90.0;2.7;0.001;15.22;3.1;43.0
8166;2023-12-07 08:00:00;1.51;8.4;23.1;31.7;14.0;34.0;10.22;714.5;0.0;90.0;2.8;0.014;15.25;4.2;63.0
8167;2023-12-07 09:00:00;1.59;10.1;21.9;32.3;16.0;27.0;9.27;714.6;0.0;89.0;2.8;0.055;15.78;3.0;13.0
8168;2023-12-07 10:00:00;1.64;14.6;24.4;39.2;13.0;31.0;10.43;714.8;0.0;86.0;2.8;0.061;16.31;2.6;3.0
8169;2023-12-07 11:00:00;1.7;18.2;25.0;43.3;13.0;39.0;14.81;714.7;0.0;86.0;2.9;0.053;16.27;5.1;340.0
8170;2023-12-07 12:00:00;1.69;16.9;24.6;41.8;14.0;50.0;14.58;714.1;0.0;85.0;2.9;0.099;16.51;4.8;350.0
8171;2023-12-07 13:00:00;1.76;17.0;24.2;41.4;18.0;50.0;18.69;713.3;0.0;80.0;3.0;0.162;17.27;3.9;28.0
8172;2023-12-07 14:00:00;1.83;23.1;28.8;52.1;16.0;53.0;25.36;712.4;0.0;78.0;3.0;0.158;17.7;5.2;28.0
8173;2023-12-07 15:00:00;1.77;23.5;29.3;52.9;14.0;70.0;29.3;711.9;0.0;78.0;3.1;0.103;17.56;5.5;66.0
8174;2023-12-07 16:00:00;1.89;27.5;31.1;58.8;13.0;72.0;35.17;711.5;0.0;79.0;3.3;0.09;17.61;5.9;64.0
8175;2023-12-07 17:00:00;1.92;21.6;31.5;53.4;12.0;87.0;36.28;711.4;0.0;80.0;3.3;0.045;17.44;6.3;74.0
8176;2023-12-07 18:00:00;1.86;14.1;31.2;45.5;11.0;76.0;31.45;711.4;0.0;80.0;3.2;0.008;17.29;5.5;71.0
8177;2023-12-07 19:00:00;2.02;20.0;30.5;50.7;10.0;71.0;23.7;711.4;0.0;81.0;3.1;0.001;17.22;3.5;55.0
8178;2023-12-07 20:00:00;2.08;23.1;28.3;51.6;9.0;64.0;25.16;711.4;0.0;81.0;3.1;0.001;17.22;2.9;31.0
8179;2023-12-07 21:00:00;1.89;18.3;25.5;44.0;9.0;68.0;21.79;711.7;0.0;81.0;3.1;0.001;17.16;3.2;91.0
8180;2023-12-07 22:00:00;1.58;6.8;21.6;28.6;10.0;57.0;23.08;711.7;0.0;77.0;2.9;0.001;17.11;2.7;175.0
8181;2023-12-07 23:00:00;1.6;7.6;23.3;31.1;10.0;47.0;24.7;711.6;0.0;78.0;2.8;0.001;16.91;3.0;164.0
8182;2023-12-08 00:00:00;1.64;8.1;22.5;30.9;9.0;48.0;25.32;711.2;0.0;79.0;2.8;0.001;16.74;2.3;300.0
8183;2023-12-08 01:00:00;1.7;12.6;21.9;34.8;9.0;51.0;28.66;710.8;0.0;81.0;2.9;0.001;16.39;2.9;231.0
8184;2023-12-08 02:00:00;1.87;23.5;21.4;45.2;9.0;60.0;34.61;710.5;0.0;83.0;3.0;0.001;15.79;3.6;224.0
8185;2023-12-08 03:00:00;1.87;24.8;24.4;49.3;;75.0;42.53;710.0;0.0;84.0;3.0;0.001;15.51;2.3;278.0
8186;2023-12-08 04:00:00;1.84;29.1;24.0;53.3;;89.0;51.36;709.8;0.0;85.0;3.0;0.001;15.03;2.6;231.0
8187;2023-12-08 05:00:00;1.89;38.2;19.2;57.7;10.0;111.0;53.98;709.5;0.0;87.0;3.2;0.001;14.4;2.4;276.0
8188;2023-12-08 06:00:00;1.79;36.0;19.9;56.2;10.0;103.0;49.91;709.3;0.0;85.0;3.2;0.001;14.53;2.8;276.0
8189;2023-12-08 07:00:00;1.95;46.8;17.5;64.6;10.0;98.0;;709.4;0.0;79.0;3.4;0.001;14.97;2.8;298.0
8190;2023-12-08 08:00:00;2.43;89.6;18.0;108.0;;79.0;36.83;709.8;0.0;83.0;3.6;0.014;14.77;1.9;275.0
8191;2023-12-08 09:00:00;2.84;110.1;27.8;138.3;11.0;116.0;39.02;710.0;0.0;69.0;3.7;0.048;18.49;3.4;326.0
8192;2023-12-08 10:00:00;2.95;97.6;38.4;136.4;13.0;132.0;50.71;710.1;0.0;59.0;3.7;0.234;20.85;4.9;340.0
8193;2023-12-08 11:00:00;2.45;58.3;45.9;104.5;18.0;125.0;50.29;710.0;0.0;46.0;3.7;0.505;24.56;4.4;8.0
8194;2023-12-08 12:00:00;1.98;32.8;43.1;76.1;26.0;112.0;38.69;709.6;0.0;36.0;4.8;0.614;27.15;5.1;37.0
8195;2023-12-08 13:00:00;1.96;33.5;50.7;84.4;28.0;92.0;27.85;709.0;0.0;33.0;6.5;0.649;28.21;6.0;62.0
8196;2023-12-08 14:00:00;2.42;23.5;68.1;91.8;41.0;106.0;30.07;708.3;0.0;34.0;7.6;0.598;28.74;7.4;91.0
8197;2023-12-08 15:00:00;2.26;9.8;52.0;62.0;68.0;143.0;46.45;707.9;0.0;35.0;6.1;0.497;28.74;9.2;81.0
8198;2023-12-08 16:00:00;1.84;6.3;29.0;35.5;67.0;124.0;50.78;707.7;0.0;33.0;5.3;0.351;28.95;9.7;73.0
8199;2023-12-08 17:00:00;1.57;5.4;19.2;24.9;46.0;78.0;14.84;707.7;0.0;35.0;4.0;0.116;28.53;8.0;87.0
8200;2023-12-08 18:00:00;1.69;4.3;23.3;27.8;40.0;40.0;;708.0;0.0;38.0;3.7;0.013;26.47;8.0;77.0
8201;2023-12-08 19:00:00;2.01;12.8;35.2;48.2;19.0;51.0;;708.3;0.0;41.0;3.4;0.001;24.53;5.2;165.0
8202;2023-12-08 20:00:00;3.2;80.4;42.8;123.5;10.0;63.0;;708.8;0.0;49.0;3.8;0.001;22.65;3.4;215.0
8203;2023-12-08 21:00:00;2.45;40.1;41.5;81.8;10.0;98.0;;709.2;0.0;51.0;3.4;0.001;21.94;3.4;237.0
8204;2023-12-08 22:00:00;2.84;54.7;40.9;95.9;10.0;72.0;;709.5;0.0;53.0;3.6;0.001;21.11;3.3;286.0
8205;2023-12-08 23:00:00;2.71;63.8;39.8;104.0;;99.0;;709.8;0.0;58.0;3.7;0.001;19.8;3.1;214.0
8206;2023-12-09 00:00:00;2.23;38.3;35.5;74.0;;123.0;;709.8;0.0;58.0;3.6;0.001;19.27;2.7;262.0
8207;2023-12-09 01:00:00;2.04;28.2;33.9;62.3;;89.0;;709.7;0.0;55.0;3.8;0.001;19.41;3.8;230.0
8208;2023-12-09 02:00:00;2.12;34.2;30.5;64.8;;75.0;;709.6;0.0;57.0;3.9;0.001;18.91;2.8;297.0
8209;2023-12-09 03:00:00;1.62;16.0;24.3;40.6;14.0;72.0;;709.5;0.0;49.0;4.0;0.001;19.48;5.4;216.0
8210;2023-12-09 04:00:00;1.51;9.5;24.6;34.3;14.0;62.0;;709.3;0.0;48.0;4.3;0.001;19.61;4.2;272.0
8211;2023-12-09 05:00:00;1.5;10.1;24.8;35.1;14.0;59.0;;709.3;0.0;47.0;4.1;0.001;19.27;4.4;274.0
8212;2023-12-09 06:00:00;1.24;3.8;12.4;16.4;25.0;57.0;;709.6;0.0;42.0;5.1;0.001;19.89;8.3;210.0
8213;2023-12-09 07:00:00;1.42;11.0;23.3;34.4;13.0;46.0;;710.2;0.0;47.0;4.5;0.001;18.64;4.1;288.0
8214;2023-12-09 08:00:00;1.51;20.5;26.3;47.0;12.0;45.0;;710.7;0.0;43.0;4.8;0.013;19.36;6.6;226.0
8215;2023-12-09 09:00:00;1.85;47.8;27.7;75.7;15.0;64.0;;711.2;0.0;39.0;5.1;0.043;22.02;5.0;258.0
8216;2023-12-09 10:00:00;1.88;39.9;28.5;68.7;20.0;78.0;;711.7;0.0;32.0;5.1;0.235;24.77;5.2;283.0
8217;2023-12-09 11:00:00;2.33;50.8;48.1;99.2;21.0;85.0;;711.6;0.0;31.0;4.9;0.515;26.7;4.7;347.0
8218;2023-12-09 12:00:00;1.77;20.1;35.3;55.6;35.0;124.0;;711.3;0.0;24.0;4.7;0.624;28.9;4.8;11.0
8219;2023-12-09 13:00:00;1.52;10.3;25.2;35.7;50.0;75.0;;710.6;0.0;19.0;4.6;0.669;30.59;4.8;14.0
8220;2023-12-09 14:00:00;2.07;8.7;36.8;45.7;68.0;55.0;;710.1;0.0;22.0;4.9;0.601;30.56;7.0;23.0
8221;2023-12-09 15:00:00;1.68;8.2;31.3;39.7;61.0;107.0;;710.0;0.0;20.0;6.6;0.501;30.8;8.0;63.0
8222;2023-12-09 16:00:00;1.41;5.3;19.3;24.9;65.0;96.0;;710.0;0.0;17.0;4.6;0.35;30.93;7.4;84.0
8223;2023-12-09 17:00:00;1.54;4.5;17.4;22.1;57.0;61.0;;710.6;0.0;36.0;3.6;0.118;28.21;13.5;26.0
8224;2023-12-09 18:00:00;1.5;4.1;15.6;19.9;35.0;96.0;;711.8;0.0;52.0;3.4;0.015;24.62;11.0;359.0
8225;2023-12-09 19:00:00;1.48;3.5;14.1;17.8;38.0;69.0;;713.0;0.0;57.0;3.6;0.001;22.52;10.8;15.0
8226;2023-12-09 20:00:00;1.41;3.2;14.9;18.3;37.0;64.0;;714.0;0.0;59.0;4.0;0.001;21.13;10.9;54.0
8227;2023-12-09 21:00:00;1.46;3.0;12.9;16.1;37.0;57.0;;715.1;0.0;52.0;4.3;0.001;20.78;7.2;46.0
8228;2023-12-09 22:00:00;1.32;3.6;8.4;12.3;44.0;56.0;;716.2;0.0;27.0;3.7;0.001;20.58;6.8;1.0
8229;2023-12-09 23:00:00;1.18;2.5;8.9;11.8;44.0;56.0;;717.2;0.0;20.0;3.7;0.001;19.44;6.4;90.0
8230;2023-12-10 00:00:00;1.11;2.5;12.1;14.8;41.0;53.0;;717.9;0.0;20.0;5.0;0.001;18.4;9.1;79.0
8231;2023-12-10 01:00:00;1.14;2.6;14.1;16.9;37.0;81.0;;718.4;0.0;24.0;4.4;0.001;17.12;6.4;89.0
8232;2023-12-10 02:00:00;1.12;2.5;8.2;10.9;42.0;77.0;;718.9;0.0;28.0;4.7;0.001;15.72;7.6;57.0
8233;2023-12-10 03:00:00;1.13;2.4;5.6;8.3;44.0;59.0;;719.4;0.0;25.0;3.5;0.001;14.69;7.6;55.0
8234;2023-12-10 04:00:00;1.05;2.3;4.4;6.9;46.0;48.0;;719.7;0.0;20.0;3.4;0.001;13.94;10.4;36.0
8235;2023-12-10 05:00:00;1.03;2.3;4.2;6.7;45.0;43.0;;720.0;0.0;21.0;2.9;0.001;13.11;14.3;25.0
8236;2023-12-10 06:00:00;1.16;;6.7;9.2;39.0;48.0;;720.5;0.0;29.0;3.6;0.001;11.53;12.9;41.0
8237;2023-12-10 07:00:00;1.15;2.4;15.2;17.8;29.0;51.0;;720.9;0.0;36.0;3.5;0.001;10.59;9.7;88.0
8238;2023-12-10 08:00:00;1.17;3.4;17.2;20.8;27.0;39.0;;721.2;0.0;40.0;4.4;0.014;9.92;10.3;100.0
8239;2023-12-10 09:00:00;1.19;5.6;14.0;19.8;30.0;43.0;;721.4;0.0;38.0;3.7;0.047;10.81;9.7;111.0
8240;2023-12-10 10:00:00;1.22;6.7;12.5;19.5;33.0;37.0;;721.5;0.0;36.0;3.8;0.223;12.03;8.1;108.0
8241;2023-12-10 11:00:00;1.2;4.7;8.1;13.1;39.0;42.0;;721.4;0.0;33.0;3.2;0.508;13.35;7.6;19.0
8242;2023-12-10 12:00:00;1.19;4.4;7.9;12.6;42.0;42.0;;720.6;0.0;32.0;3.2;0.617;14.12;6.4;26.0
8243;2023-12-10 13:00:00;1.21;4.7;9.0;14.0;44.0;39.0;;719.3;0.0;31.0;3.2;0.664;14.61;6.5;105.0
8244;2023-12-10 14:00:00;1.24;4.8;9.9;15.0;47.0;44.0;;718.2;0.0;29.0;3.5;0.637;15.77;6.0;53.0
8245;2023-12-10 15:00:00;1.27;5.8;13.6;19.7;45.0;45.0;;717.5;0.0;29.0;4.4;0.536;16.06;7.7;80.0
8246;2023-12-10 16:00:00;1.25;5.3;14.4;19.9;44.0;54.0;;717.4;0.0;29.0;4.7;0.38;16.18;8.1;72.0
8247;2023-12-10 17:00:00;1.26;3.8;14.3;18.3;46.0;53.0;;717.4;0.0;30.0;3.8;0.13;15.81;7.7;66.0
8248;2023-12-10 18:00:00;1.31;2.7;15.0;17.8;46.0;56.0;;717.6;0.0;34.0;3.2;0.014;14.6;9.7;88.0
8249;2023-12-10 19:00:00;1.29;2.5;13.8;16.5;45.0;53.0;;717.8;0.0;38.0;3.0;0.001;13.58;9.4;105.0
8250;2023-12-10 20:00:00;1.21;2.4;9.4;12.0;43.0;47.0;;717.8;0.0;40.0;2.8;0.001;12.64;10.8;120.0
8251;2023-12-10 21:00:00;1.18;2.4;7.2;9.7;42.0;39.0;;717.7;0.0;42.0;2.9;0.001;12.12;10.7;124.0
8252;2023-12-10 22:00:00;1.18;2.3;7.4;9.9;41.0;36.0;;717.7;0.0;43.0;2.8;0.001;11.82;7.8;127.0
8253;2023-12-10 23:00:00;1.23;2.8;11.1;14.1;34.0;30.0;;717.4;0.0;46.0;2.9;0.001;11.26;4.5;126.0
8254;2023-12-11 00:00:00;1.38;2.5;20.3;23.0;24.0;31.0;9.14;717.1;0.0;49.0;2.9;0.001;10.96;4.6;115.0
8255;2023-12-11 01:00:00;1.35;2.4;16.3;18.8;24.0;39.0;10.37;716.5;0.0;53.0;2.9;0.001;10.16;2.8;290.0
8256;2023-12-11 02:00:00;1.46;2.7;27.3;30.2;14.0;45.0;16.13;716.2;0.0;51.0;2.9;0.001;9.99;3.2;331.0
8257;2023-12-11 03:00:00;1.61;13.3;29.5;43.0;11.0;60.0;21.84;715.7;0.0;55.0;3.2;0.001;9.41;2.0;2.0
8258;2023-12-11 04:00:00;1.54;11.6;28.2;40.0;10.0;71.0;24.82;715.3;0.0;57.0;3.1;0.001;8.85;1.9;277.0
8259;2023-12-11 05:00:00;1.48;9.9;27.6;37.7;10.0;72.0;25.34;714.9;0.0;59.0;3.4;0.001;8.67;2.6;247.0
8260;2023-12-11 06:00:00;1.58;16.3;28.5;45.0;10.0;98.0;46.42;715.1;0.0;59.0;4.4;0.001;8.84;2.2;269.0
8261;2023-12-11 07:00:00;1.7;28.9;28.5;57.6;;136.0;;715.4;0.0;58.0;4.4;0.001;8.92;1.8;222.0
8262;2023-12-11 08:00:00;1.86;53.4;27.8;81.4;;115.0;;715.4;0.0;60.0;4.3;0.017;8.99;2.1;291.0
8263;2023-12-11 09:00:00;2.34;80.6;28.9;109.9;11.0;110.0;;715.7;0.0;57.0;4.3;0.077;10.06;1.9;199.0
8264;2023-12-11 10:00:00;2.55;91.1;37.5;128.9;12.0;130.0;;716.0;0.0;51.0;4.7;0.156;11.53;3.3;13.0
8265;2023-12-11 11:00:00;2.33;70.9;44.4;115.6;14.0;145.0;;716.2;0.0;43.0;5.2;0.256;13.38;4.2;81.0
8266;2023-12-11 12:00:00;2.73;84.0;56.2;140.6;15.0;134.0;;715.7;0.0;42.0;7.9;0.323;14.1;6.0;57.0
8267;2023-12-11 13:00:00;2.5;68.8;57.8;126.9;18.0;200.0;;715.0;0.0;39.0;9.0;0.393;15.32;6.7;72.0
8268;2023-12-11 14:00:00;2.05;33.0;47.3;80.5;25.0;168.0;;714.3;0.0;37.0;7.2;0.358;15.98;8.8;53.0
8269;2023-12-11 15:00:00;1.79;19.9;36.8;56.9;28.0;136.0;;714.1;0.0;41.0;6.3;0.345;16.22;8.6;57.0
8270;2023-12-11 16:00:00;1.71;14.9;33.2;48.3;28.0;110.0;;714.1;0.0;44.0;5.1;0.272;16.0;9.9;58.0
8271;2023-12-11 17:00:00;1.67;11.9;32.5;44.6;24.0;97.0;;714.4;0.0;46.0;4.9;0.108;15.17;9.8;43.0
8272;2023-12-11 18:00:00;1.63;7.5;32.3;40.0;20.0;88.0;;714.7;0.0;48.0;6.7;0.02;14.06;7.8;55.0
8273;2023-12-11 19:00:00;1.65;4.9;28.0;33.1;22.0;62.0;;715.0;0.0;53.0;5.1;0.001;13.66;10.8;84.0
8274;2023-12-11 20:00:00;1.73;9.6;32.2;42.1;12.0;70.0;;715.4;0.0;57.0;4.4;0.001;12.78;7.3;50.0
8275;2023-12-11 21:00:00;1.6;11.3;29.4;40.9;15.0;61.0;;715.5;0.0;58.0;4.2;0.001;12.54;6.5;38.0
8276;2023-12-11 22:00:00;1.68;17.7;31.5;49.5;10.0;66.0;;715.5;0.0;60.0;3.9;0.001;12.19;6.0;16.0
8277;2023-12-11 23:00:00;1.82;21.2;29.5;50.9;12.0;75.0;;715.4;0.0;62.0;3.7;0.001;12.09;5.4;13.0
8278;2023-12-12 00:00:00;1.9;29.4;31.8;61.5;10.0;71.0;;715.2;0.0;62.0;3.8;0.001;12.06;4.5;347.0
8279;2023-12-12 01:00:00;1.83;36.9;30.1;67.2;10.0;86.0;;715.0;0.0;66.0;3.6;0.001;11.32;3.3;314.0
8280;2023-12-12 02:00:00;1.58;22.3;28.3;50.8;10.0;101.0;;715.0;0.0;69.0;3.6;0.001;10.53;2.9;275.0
8281;2023-12-12 03:00:00;1.55;12.7;26.8;39.6;;86.0;;715.2;0.0;70.0;3.3;0.001;10.08;2.8;230.0
8282;2023-12-12 04:00:00;1.61;18.7;25.5;44.4;;69.0;;715.2;0.0;72.0;3.3;0.001;9.7;2.6;256.0
8283;2023-12-12 05:00:00;1.69;30.1;25.7;55.9;;66.0;;715.3;0.0;72.0;3.5;0.001;9.83;5.4;223.0
8284;2023-12-12 06:00:00;1.65;32.9;25.5;58.5;;93.0;;715.3;0.0;72.0;3.9;0.001;9.65;4.2;207.0
8285;2023-12-12 07:00:00;1.81;48.1;24.2;72.6;;112.0;;715.5;0.0;74.0;3.8;0.001;9.15;2.2;256.0
8286;2023-12-12 08:00:00;2.09;83.7;23.9;107.9;;133.0;;715.9;0.0;74.0;4.1;0.018;9.48;2.0;254.0
8287;2023-12-12 09:00:00;2.22;78.1;27.9;106.2;11.0;125.0;;716.3;0.0;63.0;4.6;0.063;12.22;3.3;237.0
8288;2023-12-12 10:00:00;2.49;58.9;34.5;93.7;13.0;111.0;;716.9;0.0;60.0;6.1;0.156;12.88;2.9;36.0
8289;2023-12-12 11:00:00;2.45;46.2;37.4;83.9;14.0;106.0;;717.1;0.0;60.0;7.0;0.169;13.66;6.6;6.0
8290;2023-12-12 12:00:00;1.98;57.3;40.3;97.9;15.0;122.0;;717.0;0.0;62.0;8.5;0.249;14.57;8.1;29.0
8291;2023-12-12 13:00:00;1.72;17.1;28.4;45.6;21.0;142.0;;716.4;0.0;66.0;6.1;0.156;15.01;10.5;41.0
8292;2023-12-12 14:00:00;1.6;10.5;22.9;33.7;25.0;96.0;;716.0;0.0;67.0;5.0;0.107;14.78;11.8;41.0
8293;2023-12-12 15:00:00;1.61;8.2;22.1;30.5;24.0;72.0;;715.6;0.0;68.0;4.5;0.064;14.64;11.1;56.0
8294;2023-12-12 16:00:00;1.69;8.9;26.8;35.9;20.0;75.0;;715.4;0.0;70.0;4.1;0.037;14.61;9.6;53.0
8295;2023-12-12 17:00:00;1.65;7.3;24.5;31.9;20.0;75.0;;715.5;0.0;74.0;3.8;0.016;14.14;9.8;72.0
8296;2023-12-12 18:00:00;1.63;6.2;22.0;28.4;19.0;72.0;;715.8;0.0;80.0;3.5;0.003;13.31;8.1;58.0
8297;2023-12-12 19:00:00;1.64;5.9;22.2;28.4;17.0;59.0;;716.0;0.0;78.0;3.4;0.001;13.43;8.4;50.0
8298;2023-12-12 20:00:00;1.6;5.6;22.2;28.1;16.0;56.0;;716.2;0.0;79.0;3.3;0.001;13.17;8.4;45.0
8299;2023-12-12 21:00:00;1.66;12.3;24.5;37.0;11.0;63.0;;716.2;0.0;84.0;3.3;0.001;12.93;6.9;26.0
8300;2023-12-12 22:00:00;1.65;11.2;24.6;35.9;9.0;63.0;;716.4;0.0;85.0;3.3;0.001;13.14;4.0;340.0
8301;2023-12-12 23:00:00;1.52;6.7;19.3;26.3;14.0;56.0;;716.3;0.0;86.0;3.2;0.001;13.33;6.0;21.0
8302;2023-12-13 00:00:00;1.59;12.2;24.2;36.5;10.0;48.0;;716.1;0.0;87.0;3.2;0.001;13.23;8.0;1.0
8303;2023-12-13 01:00:00;1.45;7.8;22.4;30.4;12.0;57.0;;715.8;0.0;88.0;3.2;0.001;13.34;6.5;28.0
8304;2023-12-13 02:00:00;1.37;3.9;12.8;16.9;20.0;50.0;;715.4;0.0;88.0;3.2;0.001;13.41;5.4;44.0
8305;2023-12-13 03:00:00;1.38;3.6;11.4;15.3;19.0;40.0;;715.4;0.0;90.0;3.2;0.001;13.36;4.6;39.0
8306;2023-12-13 04:00:00;1.36;3.0;6.9;10.2;23.0;40.0;;715.3;0.0;90.0;3.1;0.001;13.45;5.6;53.0
8307;2023-12-13 05:00:00;1.33;2.7;5.4;8.4;26.0;55.0;;715.5;0.0;90.0;3.2;0.001;13.35;5.6;55.0
8308;2023-12-13 06:00:00;1.35;2.9;8.0;11.1;23.0;44.0;;715.6;0.0;91.0;3.2;0.001;13.24;6.1;64.0
8309;2023-12-13 07:00:00;1.43;4.1;15.2;19.6;17.0;37.0;;716.0;0.0;91.0;3.1;0.001;13.29;6.5;64.0
8310;2023-12-13 08:00:00;1.53;6.4;18.2;24.9;15.0;39.0;;716.4;0.0;90.0;3.1;0.004;13.35;6.0;67.0
8311;2023-12-13 09:00:00;1.66;9.8;20.4;30.6;14.0;44.0;;716.9;0.0;90.0;3.2;0.015;13.54;4.9;64.0
8312;2023-12-13 10:00:00;1.8;15.7;22.5;38.5;12.0;51.0;;717.4;0.0;89.0;3.1;0.042;13.84;3.9;40.0
8313;2023-12-13 11:00:00;1.99;31.6;26.1;57.9;12.0;57.0;;717.3;0.0;87.0;3.4;0.075;14.44;3.6;1.0
8314;2023-12-13 12:00:00;1.74;21.3;24.3;45.9;17.0;105.0;;717.0;0.0;82.0;3.5;0.137;15.12;7.1;39.0
8315;2023-12-13 13:00:00;1.61;10.1;18.3;28.6;25.0;76.0;;716.6;0.0;78.0;3.8;0.172;15.66;8.9;60.0
8316;2023-12-13 14:00:00;1.61;8.3;18.2;26.8;26.0;55.0;;716.0;0.0;77.0;3.9;0.135;15.95;8.0;67.0
8317;2023-12-13 15:00:00;1.67;9.2;20.6;30.1;22.0;60.0;;715.7;0.0;78.0;3.6;0.084;15.88;8.5;53.0
8318;2023-12-13 16:00:00;1.72;15.0;24.0;39.2;15.0;61.0;;715.5;0.0;83.0;3.5;0.053;15.37;5.9;49.0
8319;2023-12-13 17:00:00;1.92;17.7;26.4;44.2;11.0;55.0;;715.7;0.0;83.0;3.5;0.019;15.54;4.5;34.0
8320;2023-12-13 18:00:00;2.0;33.4;29.5;63.1;9.0;44.0;;715.9;0.0;85.0;3.6;0.004;15.46;4.0;21.0
8321;2023-12-13 19:00:00;2.11;31.1;31.2;62.5;9.0;63.0;;716.0;0.0;86.0;3.7;0.001;15.39;4.7;348.0
8322;2023-12-13 20:00:00;2.32;46.4;31.6;78.4;10.0;72.0;;716.2;0.0;86.0;3.9;0.001;15.57;5.3;19.0
8323;2023-12-13 21:00:00;2.17;42.1;30.3;72.7;9.0;88.0;;716.4;0.0;87.0;3.9;0.001;15.49;6.8;34.0
8324;2023-12-13 22:00:00;1.7;13.3;26.2;39.7;10.0;74.0;;716.5;0.0;88.0;3.6;0.001;15.25;7.8;38.0
8325;2023-12-13 23:00:00;1.62;12.1;22.8;35.1;11.0;57.0;;716.5;0.0;89.0;3.8;0.001;15.3;7.3;21.0
8326;2023-12-14 00:00:00;1.48;4.1;13.6;18.0;19.0;52.0;28.11;716.3;0.0;87.0;4.0;0.001;15.71;6.5;34.0
8327;2023-12-14 01:00:00;1.44;3.2;8.7;12.2;22.0;37.0;13.04;716.3;0.0;86.0;3.7;0.001;15.93;5.8;42.0
8328;2023-12-14 02:00:00;1.41;2.8;7.6;10.6;24.0;24.0;9.6;716.4;0.0;88.0;3.3;0.001;15.68;5.8;38.0
8329;2023-12-14 03:00:00;1.41;2.7;7.8;10.8;23.0;28.0;8.24;716.2;0.0;88.0;3.2;0.001;15.69;5.4;24.0
8330;2023-12-14 04:00:00;1.41;3.9;10.2;14.3;20.0;25.0;9.59;716.0;0.0;89.0;3.1;0.001;15.76;5.2;14.0
8331;2023-12-14 05:00:00;1.44;11.6;20.0;31.9;11.0;27.0;13.17;716.0;0.0;89.0;3.1;0.001;15.81;4.7;346.0
8332;2023-12-14 06:00:00;1.43;3.0;11.1;14.4;18.0;34.0;10.4;716.3;0.0;90.0;3.1;0.001;15.73;3.0;15.0
8333;2023-12-14 07:00:00;1.63;12.5;18.5;31.4;10.0;23.0;6.72;716.5;0.0;90.0;3.0;0.001;15.72;2.3;10.0
8334;2023-12-14 08:00:00;1.74;18.9;19.5;38.8;10.0;26.0;6.66;716.8;0.0;90.0;3.2;0.004;15.79;3.4;4.0
8335;2023-12-14 09:00:00;2.0;30.7;20.8;51.7;10.0;30.0;5.8;717.1;0.0;90.0;3.1;0.029;16.02;3.0;34.0
8336;2023-12-14 10:00:00;1.96;25.6;20.3;46.1;11.0;27.0;5.76;717.3;0.0;90.0;3.1;0.077;16.32;5.2;29.0
8337;2023-12-14 11:00:00;1.8;17.3;17.5;35.2;14.0;26.0;5.72;717.5;0.0;89.0;3.0;0.122;16.73;7.0;35.0
8338;2023-12-14 12:00:00;1.79;18.8;18.9;38.0;16.0;31.0;;717.1;0.0;89.0;3.0;0.146;17.08;7.3;37.0
8339;2023-12-14 13:00:00;1.78;12.7;18.7;31.7;18.0;26.0;;716.3;0.0;87.0;2.9;0.128;17.33;8.5;46.0
8340;2023-12-14 14:00:00;1.73;10.4;16.5;27.2;19.0;28.0;;715.7;0.0;87.0;3.0;0.101;17.39;7.6;47.0
8341;2023-12-14 15:00:00;1.8;10.4;18.8;29.6;17.0;29.0;;715.2;0.0;86.0;2.9;0.062;17.68;6.7;41.0
8342;2023-12-14 16:00:00;1.72;7.4;17.0;24.7;22.0;28.0;;715.0;0.0;86.0;2.8;0.046;17.38;10.0;49.0
8343;2023-12-14 17:00:00;1.7;6.0;16.1;22.4;23.0;31.0;;714.9;0.0;88.0;2.8;0.041;17.0;10.0;54.0
8344;2023-12-14 18:00:00;1.79;6.0;20.0;26.2;18.0;32.0;;715.0;0.0;89.0;2.9;0.006;16.97;7.3;61.0
8345;2023-12-14 19:00:00;1.77;4.9;19.6;24.7;19.0;34.0;;715.2;0.0;87.0;2.8;0.001;17.14;5.7;71.0
8346;2023-12-14 20:00:00;1.6;3.8;15.2;19.2;25.0;25.0;;715.4;0.0;83.0;2.8;0.001;17.36;8.4;77.0
8347;2023-12-14 21:00:00;1.68;4.8;19.9;24.9;16.0;25.0;;715.4;0.0;87.0;2.8;0.001;16.81;7.7;45.0
8348;2023-12-14 22:00:00;1.56;3.7;16.2;20.1;19.0;28.0;;715.4;0.0;89.0;2.7;0.001;16.51;7.0;29.0
8349;2023-12-14 23:00:00;1.54;6.0;19.6;25.8;15.0;28.0;;715.1;0.0;89.0;2.8;0.001;16.26;5.7;23.0
8350;2023-12-15 00:00:00;1.53;5.7;19.1;25.0;15.0;28.0;;714.9;0.0;89.0;2.7;0.001;15.98;5.5;23.0
8351;2023-12-15 01:00:00;1.44;3.5;17.0;20.7;17.0;30.0;;714.9;0.0;89.0;2.8;0.001;15.81;4.1;21.0
8352;2023-12-15 02:00:00;1.48;3.8;17.0;21.0;16.0;27.0;;714.8;0.0;89.0;2.9;0.001;15.56;2.4;7.0
8353;2023-12-15 03:00:00;1.48;3.9;17.2;21.3;13.0;31.0;;714.6;0.0;89.0;2.8;0.001;15.6;1.8;318.0
8354;2023-12-15 04:00:00;1.5;4.2;21.9;26.4;11.0;27.0;;714.3;0.0;89.0;2.9;0.001;15.65;2.2;326.0
8355;2023-12-15 05:00:00;1.47;3.4;19.9;23.5;13.0;40.0;;714.0;0.0;;2.8;0.001;15.62;2.2;336.0
8356;2023-12-15 06:00:00;1.48;5.0;22.7;27.9;10.0;35.0;;714.0;0.0;;2.8;0.001;15.62;2.4;324.0
8357;2023-12-15 07:00:00;1.64;13.3;22.2;35.8;9.0;37.0;;714.3;0.0;;2.9;0.001;15.65;2.6;352.0
8358;2023-12-15 08:00:00;1.88;33.2;23.7;57.1;9.0;45.0;;714.6;0.0;;2.9;0.005;15.68;2.2;32.0
8359;2023-12-15 09:00:00;2.04;44.3;24.5;69.1;10.0;54.0;;714.7;0.0;88.0;3.0;0.038;16.02;1.6;290.0
8360;2023-12-15 10:00:00;2.23;34.3;27.2;61.8;11.0;60.0;;714.9;0.0;84.0;3.0;0.081;16.65;3.5;325.0
8361;2023-12-15 11:00:00;2.37;27.1;27.8;55.0;13.0;65.0;;715.3;0.0;80.0;3.0;0.109;17.24;4.7;336.0
8362;2023-12-15 12:00:00;2.54;21.5;28.1;49.7;15.0;64.0;;715.2;0.0;77.0;3.0;0.099;17.68;4.7;353.0
8363;2023-12-15 13:00:00;2.05;13.4;26.0;39.6;17.0;66.0;;714.7;0.0;74.0;3.0;0.091;17.92;4.6;337.0
8364;2023-12-15 14:00:00;1.64;8.1;16.3;24.6;25.0;59.0;;714.2;0.0;68.0;2.9;0.117;18.56;5.4;283.0
8365;2023-12-15 15:00:00;1.57;7.8;15.1;23.2;26.0;40.0;;714.1;0.0;65.0;2.9;0.122;19.09;4.6;252.0
8366;2023-12-15 16:00:00;1.71;11.4;21.7;33.4;17.0;46.0;;714.0;0.0;66.0;2.9;0.075;18.95;4.6;237.0
8367;2023-12-15 17:00:00;1.82;10.9;23.2;34.4;17.0;75.0;;714.2;0.0;65.0;3.0;0.025;19.0;2.4;296.0
8368;2023-12-15 18:00:00;1.99;23.3;26.8;50.3;11.0;57.0;;714.4;0.0;67.0;3.0;0.005;18.69;2.0;228.0
8369;2023-12-15 19:00:00;2.49;50.6;28.1;79.0;9.0;65.0;;714.8;0.0;69.0;3.2;0.001;18.41;2.5;239.0
8370;2023-12-15 20:00:00;2.39;46.6;23.7;70.6;9.0;88.0;;715.3;0.0;72.0;3.1;0.001;18.17;1.9;233.0
8371;2023-12-15 21:00:00;2.83;73.3;25.1;98.6;10.0;84.0;;715.7;0.0;74.0;3.3;0.001;17.96;1.8;234.0
8372;2023-12-15 22:00:00;2.68;61.6;26.7;88.6;9.0;119.0;;716.0;0.0;75.0;3.2;0.001;17.95;3.5;31.0
8373;2023-12-15 23:00:00;2.14;27.1;26.0;53.2;9.0;115.0;;716.2;0.0;77.0;2.9;0.001;17.77;3.3;46.0
8374;2023-12-16 00:00:00;1.74;9.4;18.7;28.4;16.0;85.0;;716.2;0.0;77.0;2.8;0.001;17.55;6.3;47.0
8375;2023-12-16 01:00:00;1.74;4.1;17.0;21.2;16.0;49.0;;716.2;0.0;80.0;2.7;0.001;16.81;6.0;77.0
8376;2023-12-16 02:00:00;1.71;3.2;14.3;17.8;20.0;46.0;;716.2;0.0;77.0;2.8;0.001;16.38;6.4;87.0
8377;2023-12-16 03:00:00;1.59;3.6;17.5;21.3;16.0;40.0;;716.1;0.0;77.0;2.9;0.001;16.13;5.7;109.0
8378;2023-12-16 04:00:00;1.57;3.6;16.7;20.5;15.0;39.0;;716.1;0.0;77.0;2.9;0.001;15.96;6.5;92.0
8379;2023-12-16 05:00:00;1.65;2.8;9.6;12.7;24.0;37.0;;716.3;0.0;74.0;2.9;0.001;15.63;7.1;58.0
8380;2023-12-16 06:00:00;1.49;2.9;13.9;16.9;23.0;36.0;;716.7;0.0;67.0;3.1;0.001;15.47;5.4;138.0
8381;2023-12-16 07:00:00;1.45;3.8;20.9;25.0;17.0;41.0;;717.1;0.0;64.0;3.1;0.001;15.28;6.7;141.0
8382;2023-12-16 08:00:00;1.67;7.0;24.9;32.1;14.0;39.0;;717.6;0.0;61.0;3.1;0.007;15.31;5.1;142.0
8383;2023-12-16 09:00:00;1.61;13.0;25.4;38.6;14.0;54.0;;718.1;0.0;59.0;3.2;0.053;15.41;4.8;168.0
8384;2023-12-16 10:00:00;1.78;16.9;23.7;40.8;19.0;49.0;;718.6;0.0;54.0;3.4;0.187;16.19;5.1;55.0
8385;2023-12-16 11:00:00;1.61;13.6;19.8;33.7;27.0;67.0;;718.4;0.0;45.0;3.5;0.404;18.56;5.0;327.0
8386;2023-12-16 12:00:00;1.33;5.8;9.6;15.6;42.0;60.0;;717.7;0.0;33.0;3.1;0.604;20.31;7.3;5.0
8387;2023-12-16 13:00:00;1.3;4.7;8.1;13.1;46.0;43.0;;716.6;0.0;30.0;3.1;0.651;20.9;8.7;336.0
8388;2023-12-16 14:00:00;1.3;4.6;8.0;12.9;47.0;30.0;;715.7;0.0;30.0;2.9;0.635;21.3;12.3;335.0
8389;2023-12-16 15:00:00;1.31;3.6;6.7;10.6;49.0;32.0;;715.2;0.0;29.0;3.0;0.544;21.84;10.5;332.0
8390;2023-12-16 16:00:00;1.32;3.7;8.8;12.7;47.0;32.0;;714.7;0.0;28.0;2.9;0.392;22.35;8.5;306.0
8391;2023-12-16 17:00:00;1.43;5.0;17.3;22.5;39.0;30.0;;714.7;0.0;27.0;3.0;0.139;21.97;8.9;32.0
8392;2023-12-16 18:00:00;1.41;4.1;23.5;27.8;30.0;48.0;;715.2;0.0;27.0;2.9;0.014;19.67;8.6;54.0
8393;2023-12-16 19:00:00;1.5;4.3;29.9;34.4;20.0;47.0;;715.7;0.0;30.0;4.1;0.001;18.36;6.3;57.0
8394;2023-12-16 20:00:00;1.65;6.6;34.4;41.2;13.0;57.0;;716.4;0.0;33.0;3.4;0.001;17.37;4.7;64.0
8395;2023-12-16 21:00:00;1.88;18.7;35.4;54.3;10.0;57.0;;716.9;0.0;38.0;3.4;0.001;15.82;3.3;117.0
8396;2023-12-16 22:00:00;1.94;19.1;34.0;53.4;10.0;65.0;;717.1;0.0;39.0;3.2;0.001;15.08;3.3;168.0
8397;2023-12-16 23:00:00;1.78;15.6;33.2;49.0;10.0;59.0;;717.1;0.0;41.0;3.2;0.001;14.23;3.1;218.0
8398;2023-12-17 00:00:00;1.67;16.7;32.4;49.3;;49.0;;716.8;0.0;46.0;3.0;0.001;13.66;2.8;229.0
8399;2023-12-17 01:00:00;1.76;17.0;29.1;46.3;;36.0;;716.7;0.0;52.0;3.1;0.001;12.77;2.5;278.0
8400;2023-12-17 02:00:00;1.74;19.7;27.4;47.2;;53.0;;716.3;0.0;56.0;3.2;0.001;12.33;3.0;279.0
8401;2023-12-17 03:00:00;1.58;8.9;25.7;34.8;;75.0;;716.0;0.0;57.0;3.1;0.001;12.23;3.3;272.0
8402;2023-12-17 04:00:00;1.53;7.3;24.3;31.8;;57.0;;715.8;0.0;58.0;3.0;0.001;11.95;3.0;260.0
8403;2023-12-17 05:00:00;1.52;7.9;22.2;30.4;;54.0;;715.6;0.0;61.0;3.0;0.001;11.18;2.8;283.0
8404;2023-12-17 06:00:00;1.43;3.2;19.0;22.4;13.0;52.0;;715.7;0.0;58.0;2.9;0.001;11.12;2.6;263.0
8405;2023-12-17 07:00:00;1.39;3.9;18.1;22.1;14.0;39.0;;715.8;0.0;59.0;3.0;0.001;11.0;3.5;212.0
8406;2023-12-17 08:00:00;1.41;5.8;18.6;24.7;14.0;44.0;;716.0;0.0;58.0;3.2;0.011;11.09;2.7;47.0
8407;2023-12-17 09:00:00;1.45;11.7;17.6;29.7;18.0;43.0;;716.2;0.0;47.0;3.4;0.042;14.42;5.2;201.0
8408;2023-12-17 10:00:00;1.42;10.7;14.5;25.6;25.0;46.0;;716.4;0.0;38.0;3.6;0.207;17.29;4.1;189.0
8409;2023-12-17 11:00:00;1.42;9.2;13.7;23.1;34.0;35.0;;716.2;0.0;33.0;3.9;0.502;18.68;5.0;67.0
8410;2023-12-17 12:00:00;1.45;7.5;13.9;21.6;41.0;40.0;;715.5;0.0;31.0;3.7;0.614;19.79;4.9;96.0
8411;2023-12-17 13:00:00;1.5;6.9;15.2;22.4;49.0;37.0;;714.5;0.0;28.0;3.9;0.663;20.47;5.4;70.0
8412;2023-12-17 14:00:00;1.48;6.0;15.0;21.2;55.0;41.0;;713.6;0.0;27.0;3.5;0.64;21.44;6.3;60.0
8413;2023-12-17 15:00:00;1.46;5.0;13.4;18.6;59.0;38.0;;713.0;0.0;28.0;3.5;0.543;22.18;7.7;58.0
8414;2023-12-17 16:00:00;1.45;4.6;12.5;17.4;58.0;36.0;;712.5;0.0;31.0;3.5;0.388;22.49;8.5;51.0
8415;2023-12-17 17:00:00;1.41;3.4;9.9;13.6;55.0;46.0;;712.4;0.0;33.0;3.4;0.139;22.15;8.1;78.0
8416;2023-12-17 18:00:00;1.46;2.8;12.6;15.6;49.0;33.0;;712.6;0.0;39.0;3.2;0.015;20.36;7.4;69.0
8417;2023-12-17 19:00:00;1.58;2.9;18.6;21.6;35.0;34.0;;713.0;0.0;44.0;3.1;0.001;19.04;5.1;68.0
8418;2023-12-17 20:00:00;1.7;3.2;23.6;27.0;21.0;36.0;;713.4;0.0;51.0;3.0;0.001;17.11;2.5;296.0
8419;2023-12-17 21:00:00;1.91;10.2;33.3;43.7;12.0;47.0;;713.8;0.0;54.0;3.0;0.001;16.61;3.9;264.0
8420;2023-12-17 22:00:00;2.01;14.5;35.4;50.2;10.0;60.0;;714.1;0.0;56.0;3.1;0.001;15.9;4.2;229.0
8421;2023-12-17 23:00:00;1.91;12.1;34.2;46.5;10.0;66.0;;714.1;0.0;58.0;3.1;0.001;15.17;3.3;252.0
8422;2023-12-18 00:00:00;1.91;12.3;33.1;45.6;10.0;67.0;;714.3;0.0;58.0;3.2;0.001;14.75;3.9;230.0
8423;2023-12-18 01:00:00;1.75;7.1;30.3;37.6;11.0;71.0;;714.3;0.0;58.0;3.1;0.001;14.5;4.1;231.0
8424;2023-12-18 02:00:00;1.76;9.8;30.1;40.1;10.0;61.0;;714.2;0.0;60.0;3.1;0.001;13.71;2.5;265.0
8425;2023-12-18 03:00:00;1.72;9.4;27.4;37.0;11.0;61.0;;714.2;0.0;62.0;3.1;0.001;13.11;2.9;239.0
8426;2023-12-18 04:00:00;1.59;5.2;23.8;29.2;12.0;66.0;;714.5;0.0;62.0;3.0;0.001;13.17;3.3;277.0
8427;2023-12-18 05:00:00;1.75;15.3;25.6;41.1;10.0;52.0;;714.8;0.0;67.0;3.1;0.001;12.52;2.4;354.0
8428;2023-12-18 06:00:00;1.56;6.4;22.0;28.7;13.0;60.0;;715.0;0.0;61.0;3.0;0.001;12.92;3.2;286.0
8429;2023-12-18 07:00:00;1.66;13.9;25.4;39.5;11.0;51.0;;715.4;0.0;60.0;3.1;0.001;12.84;2.9;330.0
8430;2023-12-18 08:00:00;2.11;59.7;27.2;87.2;10.0;62.0;;715.8;0.0;59.0;3.4;0.011;13.01;2.5;295.0
8431;2023-12-18 09:00:00;1.94;46.5;28.3;75.1;12.0;85.0;;716.2;0.0;48.0;3.8;0.043;16.52;4.6;243.0
8432;2023-12-18 10:00:00;1.96;42.0;30.5;72.8;16.0;72.0;;716.6;0.0;41.0;4.0;0.206;19.37;4.8;234.0
8433;2023-12-18 11:00:00;1.89;19.4;30.1;49.8;29.0;74.0;;716.6;0.0;35.0;4.7;0.416;21.92;4.3;29.0
8434;2023-12-18 12:00:00;1.86;12.6;28.3;41.1;37.0;73.0;;716.3;0.0;34.0;5.2;0.406;21.3;7.1;22.0
8435;2023-12-18 13:00:00;1.68;18.3;33.1;51.6;38.0;84.0;;715.8;0.0;33.0;6.6;0.7;22.04;9.3;46.0
8436;2023-12-18 14:00:00;1.79;12.8;31.8;44.8;46.0;104.0;;715.1;0.0;36.0;5.0;0.614;21.8;13.2;59.0
8437;2023-12-18 15:00:00;1.49;6.3;15.5;22.1;53.0;101.0;;714.9;0.0;33.0;5.0;0.475;21.69;14.4;47.0
8438;2023-12-18 16:00:00;1.49;5.7;14.8;20.7;49.0;63.0;;714.8;0.0;34.0;5.5;0.355;21.39;14.5;63.0
8439;2023-12-18 17:00:00;1.51;4.8;16.8;21.9;46.0;50.0;;715.1;0.0;36.0;11.6;0.123;20.64;12.1;68.0
8440;2023-12-18 18:00:00;1.52;4.0;16.7;20.9;40.0;56.0;;715.5;0.0;41.0;8.5;0.03;19.6;11.8;74.0
8441;2023-12-18 19:00:00;1.6;3.6;21.1;25.0;31.0;43.0;;715.6;0.0;45.0;5.3;0.001;18.44;8.6;83.0
8442;2023-12-18 20:00:00;1.47;3.3;14.4;17.9;38.0;54.0;;716.2;0.0;44.0;4.0;0.001;17.87;8.7;105.0
8443;2023-12-18 21:00:00;1.39;3.0;10.2;13.4;41.0;30.0;;716.6;0.0;46.0;3.5;0.001;17.27;8.9;83.0
8444;2023-12-18 22:00:00;1.39;3.1;11.8;15.1;39.0;34.0;;716.7;0.0;48.0;3.2;0.001;16.79;7.8;71.0
8445;2023-12-18 23:00:00;1.36;2.8;8.6;11.7;40.0;37.0;;716.9;0.0;47.0;3.2;0.001;16.25;5.3;50.0
8446;2023-12-19 00:00:00;;;;;;;;;;;;;;;
8447;2023-12-19 01:00:00;1.63;14.4;30.2;44.6;13.0;32.0;19.0;716.3;0.0;56.0;3.1;0.001;14.2;2.8;315.0
8448;2023-12-19 02:00:00;1.98;48.4;37.5;86.0;10.0;69.0;49.0;715.9;0.0;60.0;3.4;0.001;13.39;2.3;295.0
8449;2023-12-19 03:00:00;1.89;40.4;36.6;77.0;9.0;129.0;51.0;715.7;0.0;61.0;3.4;0.001;12.86;3.3;316.0
8450;2023-12-19 04:00:00;1.64;15.8;34.6;50.4;9.0;113.0;39.0;715.6;0.0;61.0;3.4;0.001;12.46;2.1;301.0
8451;2023-12-19 05:00:00;1.55;6.3;32.8;39.1;9.0;71.0;29.0;715.4;0.0;63.0;3.4;0.001;11.91;2.5;213.0
8452;2023-12-19 06:00:00;1.62;14.1;30.5;44.6;;56.0;30.0;715.4;0.0;67.0;3.4;0.001;11.5;0.6;132.0
8453;2023-12-19 07:00:00;1.85;38.5;29.5;68.0;;65.0;42.0;715.6;0.0;69.0;3.5;0.001;11.26;1.9;232.0
8454;2023-12-19 08:00:00;1.87;53.5;31.8;85.4;;82.0;32.0;715.9;0.0;65.0;3.7;0.01;12.06;3.3;214.0
8455;2023-12-19 09:00:00;2.09;48.1;34.7;82.8;11.0;78.0;32.0;715.9;0.0;58.0;4.3;0.066;13.24;2.9;350.0
8456;2023-12-19 10:00:00;2.47;54.0;42.2;96.2;15.0;83.0;47.0;716.1;0.0;50.0;5.5;0.147;15.23;3.7;41.0
8457;2023-12-19 11:00:00;2.06;52.5;44.1;96.5;17.0;98.0;49.0;715.7;0.0;47.0;6.9;0.35;16.63;5.7;15.0
8458;2023-12-19 12:00:00;1.73;19.0;29.3;48.3;29.0;124.0;30.0;715.2;0.0;47.0;5.2;0.425;17.94;6.7;29.0
8459;2023-12-19 13:00:00;1.38;4.7;8.0;12.7;45.0;79.0;9.0;714.7;0.0;45.0;4.1;0.37;18.92;10.1;114.0
8460;2023-12-19 14:00:00;1.42;4.7;9.0;13.7;44.0;39.0;9.0;713.9;0.0;49.0;3.6;0.296;18.54;12.1;118.0
8461;2023-12-19 15:00:00;1.49;4.9;11.3;16.2;42.0;41.0;13.0;713.4;0.0;53.0;3.3;0.225;18.45;11.2;91.0
8462;2023-12-19 16:00:00;1.54;4.8;14.7;19.5;36.0;46.0;14.0;713.3;0.0;55.0;3.4;0.087;18.12;8.7;89.0
8463;2023-12-19 17:00:00;1.55;4.8;15.2;20.0;34.0;49.0;13.0;713.3;0.0;55.0;3.3;0.051;17.89;9.3;87.0
8464;2023-12-19 18:00:00;1.52;4.3;15.2;19.5;33.0;44.0;12.0;713.3;0.0;54.0;3.3;0.038;17.82;8.6;88.0
8465;2023-12-19 19:00:00;1.52;3.7;14.7;18.5;33.0;40.0;13.0;713.6;0.0;56.0;3.2;0.001;17.47;6.9;96.0
8466;2023-12-19 20:00:00;1.7;4.3;24.9;29.2;21.0;43.0;17.0;713.9;0.0;59.0;3.3;0.001;16.62;5.5;71.0
8467;2023-12-19 21:00:00;1.58;4.0;21.3;25.3;24.0;47.0;18.0;714.0;0.0;60.0;4.4;0.001;16.24;8.2;50.0
8468;2023-12-19 22:00:00;1.46;3.4;15.0;18.4;30.0;46.0;12.0;714.3;0.0;60.0;4.3;0.001;15.9;7.0;52.0
8469;2023-12-19 23:00:00;1.49;3.4;18.2;21.6;26.0;39.0;12.0;714.3;0.0;64.0;3.6;0.001;15.34;5.3;55.0
8470;2023-12-20 00:00:00;1.5;5.2;22.4;27.6;19.0;39.0;15.0;714.2;0.0;70.0;3.3;0.001;14.3;3.5;354.0
8471;2023-12-20 01:00:00;1.56;4.8;26.9;31.7;15.0;46.0;17.0;714.0;0.0;73.0;3.3;0.001;13.73;4.1;321.0
8472;2023-12-20 02:00:00;1.59;3.9;28.8;32.6;13.0;54.0;18.0;713.6;0.0;76.0;3.1;0.001;13.24;5.0;324.0
8473;2023-12-20 03:00:00;1.64;3.5;24.9;28.4;14.0;58.0;19.0;713.5;0.0;79.0;3.1;0.001;12.58;0.8;296.0
8474;2023-12-20 04:00:00;1.67;8.9;23.7;32.7;11.0;53.0;21.0;713.4;0.0;81.0;3.0;0.001;11.94;0.6;5.0
8475;2023-12-20 05:00:00;1.6;24.0;27.5;51.5;9.0;59.0;26.0;713.3;0.0;84.0;3.1;0.001;11.53;1.2;304.0
8476;2023-12-20 06:00:00;1.58;23.5;25.4;48.9;9.0;68.0;28.0;713.4;0.0;86.0;3.1;0.001;11.24;1.0;293.0
8477;2023-12-20 07:00:00;1.74;31.8;23.2;55.0;9.0;68.0;28.0;713.8;0.0;86.0;3.1;0.001;11.16;1.8;307.0
8478;2023-12-20 08:00:00;1.72;16.9;24.3;41.2;10.0;68.0;35.0;714.4;0.0;87.0;3.0;0.012;11.31;3.8;300.0
8479;2023-12-20 09:00:00;1.78;18.9;24.2;43.1;12.0;;39.0;714.7;0.0;86.0;3.0;0.072;11.98;2.8;313.0
8480;2023-12-20 10:00:00;1.92;18.2;26.2;44.4;13.0;72.0;40.0;714.9;0.0;82.0;3.1;0.073;12.71;3.9;344.0
8481;2023-12-20 11:00:00;1.78;16.0;25.0;41.0;16.0;75.0;41.0;715.0;0.0;79.0;3.0;0.122;13.27;4.3;315.0
8482;2023-12-20 12:00:00;1.68;14.2;22.9;37.1;23.0;83.0;40.0;714.9;0.0;73.0;3.6;0.197;14.41;3.2;340.0
8483;2023-12-20 13:00:00;1.57;8.4;16.7;25.1;33.0;75.0;32.0;714.2;0.0;67.0;4.8;0.29;15.66;2.5;27.0
8484;2023-12-20 14:00:00;1.71;17.1;28.4;45.5;25.0;64.0;45.0;713.6;0.0;66.0;4.6;0.138;15.84;2.8;20.0
8485;2023-12-20 15:00:00;2.0;18.7;38.0;56.7;21.0;95.0;63.0;713.2;0.0;66.0;4.5;0.142;16.18;5.8;61.0
8486;2023-12-20 16:00:00;1.85;13.5;31.1;44.6;27.0;110.0;52.0;713.0;0.0;62.0;4.3;0.239;17.58;5.4;38.0
8487;2023-12-20 17:00:00;1.69;6.4;21.0;27.4;36.0;91.0;38.0;713.1;0.0;61.0;4.0;0.171;18.24;6.8;65.0
8488;2023-12-20 18:00:00;1.76;10.0;29.1;39.1;24.0;75.0;31.0;713.4;0.0;64.0;4.3;0.039;17.6;6.8;60.0
8489;2023-12-20 19:00:00;1.82;9.9;32.2;42.0;14.0;70.0;23.0;713.8;0.0;66.0;4.6;0.001;16.93;6.9;37.0
8490;2023-12-20 20:00:00;1.97;22.9;33.9;56.8;11.0;75.0;27.0;714.2;0.0;68.0;4.5;0.001;16.51;5.5;21.0
8491;2023-12-20 21:00:00;2.3;40.8;33.7;74.6;9.0;86.0;33.0;714.3;0.0;73.0;4.0;0.001;15.32;2.1;286.0
8492;2023-12-20 22:00:00;2.07;26.7;34.7;61.4;9.0;100.0;34.0;714.6;0.0;71.0;3.8;0.001;15.45;3.7;310.0
8493;2023-12-20 23:00:00;2.17;29.7;33.9;63.5;9.0;92.0;32.0;714.6;0.0;73.0;3.7;0.001;15.2;3.1;311.0
8494;2023-12-21 00:00:00;1.78;13.5;28.7;42.2;13.0;82.0;23.0;714.4;0.0;72.0;4.1;0.001;15.52;4.0;5.0
8495;2023-12-21 01:00:00;1.67;9.5;28.9;38.4;10.0;58.0;26.0;714.2;0.0;78.0;3.8;0.001;14.69;3.7;333.0
8496;2023-12-21 02:00:00;1.71;8.0;29.4;37.4;9.0;66.0;25.0;713.8;0.0;82.0;3.6;0.001;14.16;3.0;341.0
8497;2023-12-21 03:00:00;1.71;13.9;27.2;41.1;9.0;66.0;27.0;713.7;0.0;84.0;3.4;0.001;13.54;1.1;164.0
8498;2023-12-21 04:00:00;1.73;16.2;26.4;42.6;9.0;62.0;26.0;713.6;0.0;85.0;3.3;0.001;13.62;1.6;1.0
8499;2023-12-21 05:00:00;1.83;13.3;29.0;42.2;;61.0;34.0;713.9;0.0;85.0;3.6;0.001;13.65;3.0;356.0
8500;2023-12-21 06:00:00;1.66;6.8;25.5;32.3;10.0;65.0;31.0;714.1;0.0;85.0;4.1;0.001;13.41;2.6;355.0
8501;2023-12-21 07:00:00;1.92;9.1;23.7;32.8;10.0;62.0;33.0;714.2;0.0;86.0;3.9;0.001;13.25;0.6;329.0
8502;2023-12-21 08:00:00;1.56;5.8;16.1;21.9;17.0;62.0;38.0;714.7;0.0;83.0;3.8;0.005;13.61;4.5;293.0
8503;2023-12-21 09:00:00;1.53;6.3;14.2;20.5;22.0;55.0;28.0;715.0;0.0;79.0;3.8;0.032;14.01;4.7;294.0
8504;2023-12-21 10:00:00;1.83;21.4;24.3;45.7;13.0;56.0;49.0;715.6;0.0;77.0;3.9;0.073;14.52;4.3;247.0
8505;2023-12-21 11:00:00;1.69;14.9;19.5;34.4;21.0;97.0;56.0;715.7;0.0;71.0;3.9;0.262;15.89;2.0;286.0
8506;2023-12-21 12:00:00;1.56;8.8;15.9;24.7;29.0;83.0;37.0;715.7;0.0;67.0;5.1;0.366;16.99;5.5;315.0
8507;2023-12-21 13:00:00;1.6;8.8;16.4;25.2;35.0;72.0;41.0;715.3;0.0;63.0;6.4;0.484;18.45;5.2;344.0
8508;2023-12-21 14:00:00;1.58;7.3;15.0;22.3;43.0;78.0;40.0;714.5;0.0;57.0;8.2;0.544;19.92;2.8;22.0
8509;2023-12-21 15:00:00;1.83;7.8;25.2;33.0;40.0;76.0;47.0;714.3;0.0;57.0;7.3;0.213;19.59;4.8;16.0
8510;2023-12-21 16:00:00;1.9;7.4;29.9;37.4;40.0;102.0;51.0;714.1;0.0;57.0;6.5;0.187;19.49;3.5;39.0
8511;2023-12-21 17:00:00;1.78;5.2;27.1;32.2;45.0;110.0;49.0;714.2;0.0;57.0;6.0;0.089;19.31;5.5;85.0
8512;2023-12-21 18:00:00;1.83;4.2;28.6;32.8;36.0;89.0;47.0;714.4;0.0;59.0;5.3;0.017;19.06;5.0;109.0
8513;2023-12-21 19:00:00;1.92;4.4;33.2;37.7;25.0;90.0;48.0;714.6;0.0;61.0;4.4;0.001;18.58;3.9;112.0
8514;2023-12-21 20:00:00;2.18;7.6;38.7;46.3;12.0;88.0;52.0;714.8;0.0;67.0;3.9;0.001;17.38;1.8;241.0
8515;2023-12-21 21:00:00;2.23;25.1;38.8;63.9;9.0;97.0;51.0;715.3;0.0;69.0;3.8;0.001;17.01;2.6;164.0
8516;2023-12-21 22:00:00;2.13;26.3;35.1;61.4;9.0;100.0;52.0;715.3;0.0;72.0;3.6;0.001;16.2;2.0;242.0
8517;2023-12-21 23:00:00;2.15;18.9;34.6;53.5;9.0;84.0;58.0;715.4;0.0;71.0;3.5;0.001;16.22;1.7;214.0
8518;2023-12-22 00:00:00;2.19;21.0;36.5;57.6;;96.0;63.0;715.0;0.0;70.0;3.5;0.001;16.29;3.2;222.0
8519;2023-12-22 01:00:00;2.25;26.9;36.6;63.5;;116.0;70.0;714.8;0.0;70.0;3.6;0.001;16.33;0.3;7.0
8520;2023-12-22 02:00:00;2.6;55.9;34.8;90.7;;120.0;70.0;714.6;0.0;72.0;3.7;0.001;16.32;2.3;236.0
8521;2023-12-22 03:00:00;2.41;42.8;33.1;75.9;;131.0;66.0;714.5;0.0;72.0;3.6;0.001;16.16;2.2;233.0
8522;2023-12-22 04:00:00;2.62;55.1;33.7;88.8;;131.0;74.0;714.2;0.0;74.0;3.6;0.001;15.9;2.4;223.0
8523;2023-12-22 05:00:00;2.3;35.2;31.8;67.0;;137.0;63.0;714.4;0.0;73.0;3.5;0.001;16.02;1.3;238.0
8524;2023-12-22 06:00:00;2.25;33.5;28.2;61.7;;123.0;60.0;714.5;0.0;75.0;3.4;0.001;15.73;2.3;219.0
8525;2023-12-22 07:00:00;2.4;49.4;28.8;78.2;;118.0;68.0;714.8;0.0;74.0;3.6;0.001;15.8;2.2;224.0
8526;2023-12-22 08:00:00;2.58;64.6;30.9;95.5;;132.0;69.0;715.0;0.0;74.0;3.6;0.004;15.9;2.1;221.0
8527;2023-12-22 09:00:00;2.8;78.2;31.2;109.4;;143.0;69.0;715.4;0.0;74.0;3.8;0.024;16.27;0.3;176.0
8528;2023-12-22 10:00:00;3.18;90.6;32.4;123.0;;149.0;70.0;716.0;0.0;80.0;3.8;0.021;16.46;3.5;7.0
8529;2023-12-22 11:00:00;2.93;88.4;32.6;121.0;;147.0;67.0;716.1;0.0;86.0;3.7;0.03;15.8;2.5;1.0
8530;2023-12-22 12:00:00;2.79;66.2;34.4;100.6;10.0;124.0;62.0;715.8;0.0;87.0;3.5;0.099;16.03;2.2;305.0
8531;2023-12-22 13:00:00;2.31;29.0;30.3;59.3;15.0;110.0;55.0;715.1;0.0;82.0;3.3;0.168;17.29;2.0;302.0
8532;2023-12-22 14:00:00;2.2;18.3;31.4;49.7;19.0;82.0;53.0;714.2;0.0;75.0;3.4;0.175;18.4;2.9;62.0
8533;2023-12-22 15:00:00;2.2;25.3;37.9;63.2;15.0;84.0;61.0;713.8;0.0;74.0;3.8;0.129;18.4;4.6;50.0
8534;2023-12-22 16:00:00;1.98;13.4;34.0;47.4;18.0;108.0;51.0;713.5;0.0;72.0;3.9;0.065;18.59;5.7;68.0
8535;2023-12-22 17:00:00;2.04;8.9;33.1;42.0;22.0;102.0;51.0;713.6;0.0;73.0;4.2;0.041;18.49;6.8;64.0
8536;2023-12-22 18:00:00;1.91;6.3;26.9;33.1;21.0;110.0;42.0;713.9;0.0;77.0;6.1;0.007;17.99;7.8;57.0
8537;2023-12-22 19:00:00;1.88;5.8;24.5;30.4;21.0;82.0;39.0;713.8;0.0;76.0;4.8;0.001;17.86;7.3;63.0
8538;2023-12-22 20:00:00;1.87;5.3;24.5;29.8;18.0;68.0;39.0;714.1;0.0;78.0;4.2;0.001;17.66;5.9;66.0
8539;2023-12-22 21:00:00;1.79;4.7;20.6;25.4;18.0;71.0;37.0;714.5;0.0;81.0;3.9;0.001;17.23;5.7;58.0
8540;2023-12-22 22:00:00;1.7;4.2;17.4;21.6;20.0;57.0;28.0;714.5;0.0;84.0;3.6;0.001;16.84;5.9;59.0
8541;2023-12-22 23:00:00;1.64;3.7;14.9;18.6;21.0;46.0;29.0;714.4;0.0;83.0;3.3;0.001;16.88;3.8;39.0
8542;2023-12-23 00:00:00;1.57;3.5;10.4;13.9;26.0;49.0;26.0;714.0;0.0;81.0;3.3;0.001;17.01;3.9;93.0
8543;2023-12-23 01:00:00;1.5;2.9;6.3;9.2;30.0;43.0;24.0;713.6;0.0;81.0;3.1;0.001;16.86;4.8;101.0
8544;2023-12-23 02:00:00;1.53;2.9;8.7;11.5;27.0;42.0;25.0;713.2;0.0;81.0;3.0;0.001;16.88;3.8;36.0
8545;2023-12-23 03:00:00;1.57;3.1;12.1;15.3;21.0;48.0;27.0;712.9;0.0;82.0;3.0;0.001;16.7;4.6;41.0
8546;2023-12-23 04:00:00;1.59;3.0;12.4;15.4;19.0;46.0;28.0;712.7;0.0;84.0;3.0;0.001;16.39;2.6;39.0
8547;2023-12-23 05:00:00;1.59;3.0;10.7;13.8;20.0;54.0;30.0;712.3;0.0;87.0;3.0;0.001;16.06;2.2;63.0
8548;2023-12-23 06:00:00;1.58;3.0;10.3;13.3;19.0;49.0;31.0;712.1;0.0;88.0;2.9;0.001;15.99;1.4;56.0
8549;2023-12-23 07:00:00;1.61;4.0;16.2;20.2;14.0;50.0;30.0;712.3;0.0;88.0;2.9;0.001;16.06;1.6;43.0
8550;2023-12-23 08:00:00;1.7;9.7;20.7;30.4;10.0;54.0;35.0;712.5;0.0;88.0;2.9;0.002;16.06;3.0;57.0
8551;2023-12-23 09:00:00;1.77;13.4;20.0;33.4;11.0;67.0;37.0;712.5;0.0;88.0;3.0;0.018;16.04;3.3;72.0
8552;2023-12-23 10:00:00;1.95;22.6;20.9;43.5;10.0;70.0;38.0;712.5;0.0;87.0;3.1;0.044;16.39;3.2;358.0
8553;2023-12-23 11:00:00;1.98;25.7;21.7;47.4;11.0;74.0;36.0;712.7;0.0;84.0;3.1;0.062;16.77;4.6;21.0
8554;2023-12-23 12:00:00;1.97;20.3;19.1;39.4;12.0;67.0;26.0;712.5;0.0;83.0;3.1;0.078;16.84;5.0;58.0
8555;2023-12-23 13:00:00;1.96;20.7;17.9;38.5;12.0;56.0;27.0;711.9;0.0;83.0;3.1;0.108;16.92;5.1;42.0
8556;2023-12-23 14:00:00;1.91;37.6;21.4;59.0;12.0;56.0;34.0;710.8;0.0;78.0;3.4;0.184;17.99;2.4;16.0
8557;2023-12-23 15:00:00;1.92;13.0;20.7;33.6;17.0;63.0;31.0;710.1;0.0;75.0;3.5;0.097;18.11;5.0;59.0
8558;2023-12-23 16:00:00;1.8;7.5;16.9;24.4;19.0;58.0;28.0;709.6;0.0;76.0;3.3;0.061;17.87;4.8;41.0
8559;2023-12-23 17:00:00;1.82;16.9;25.6;42.5;11.0;57.0;37.0;709.8;0.0;79.0;3.3;0.022;17.54;3.8;10.0
8560;2023-12-23 18:00:00;1.98;19.1;27.1;46.3;10.0;64.0;40.0;709.5;0.0;78.0;3.4;0.027;17.69;3.7;30.0
8561;2023-12-23 19:00:00;2.07;16.7;26.9;43.6;9.0;76.0;41.0;709.8;0.0;80.0;3.2;0.001;17.4;4.6;73.0
8562;2023-12-23 20:00:00;2.17;17.4;25.8;43.2;9.0;75.0;43.0;709.8;0.0;82.0;3.1;0.001;17.16;4.2;56.0
8563;2023-12-23 21:00:00;2.19;19.9;24.8;44.7;9.0;79.0;43.0;709.6;0.0;82.0;3.1;0.001;16.92;1.2;68.0
8564;2023-12-23 22:00:00;2.11;17.3;22.0;39.3;;77.0;46.0;709.4;0.0;85.0;3.1;0.001;16.41;4.6;83.0
8565;2023-12-23 23:00:00;1.78;5.9;18.1;23.9;12.0;76.0;37.0;709.2;0.0;85.0;3.0;0.001;16.1;3.0;78.0
8566;2023-12-24 00:00:00;1.79;12.2;22.1;34.3;9.0;56.0;40.0;708.9;0.0;85.0;3.0;0.001;16.09;1.6;58.0
8567;2023-12-24 01:00:00;1.8;10.7;22.0;32.7;9.0;62.0;42.0;708.4;0.0;85.0;3.1;0.001;16.09;1.0;89.0
8568;2023-12-24 02:00:00;1.88;14.8;21.0;35.8;9.0;68.0;46.0;708.1;0.0;85.0;3.2;0.001;16.07;0.3;191.0
8569;2023-12-24 03:00:00;1.91;14.2;20.9;35.1;;74.0;48.0;707.9;0.0;85.0;3.3;0.001;16.1;1.2;244.0
8570;2023-12-24 04:00:00;1.88;7.4;23.2;30.5;;71.0;51.0;707.9;0.0;81.0;3.2;0.001;16.2;2.5;288.0
8571;2023-12-24 05:00:00;1.98;19.5;22.9;42.4;;84.0;68.0;708.0;0.0;82.0;3.3;0.001;15.55;2.1;266.0
8572;2023-12-24 06:00:00;2.03;23.1;21.4;44.4;;108.0;70.0;708.2;0.0;84.0;3.2;0.001;14.8;2.3;208.0
8573;2023-12-24 07:00:00;1.93;20.4;18.4;38.8;;99.0;54.0;708.3;0.0;84.0;3.1;0.001;14.4;1.8;168.0
8574;2023-12-24 08:00:00;2.13;36.9;19.6;56.5;;81.0;53.0;708.6;0.0;82.0;3.2;0.005;14.72;2.6;161.0
8575;2023-12-24 09:00:00;2.19;46.4;23.6;70.0;10.0;80.0;50.0;709.1;0.0;70.0;3.3;0.036;16.98;3.5;119.0
8576;2023-12-24 10:00:00;1.93;34.5;21.9;56.4;15.0;87.0;39.0;709.4;0.0;54.0;3.7;0.132;20.17;4.0;123.0
8577;2023-12-24 11:00:00;1.47;7.6;10.5;18.1;34.0;68.0;11.0;709.4;0.0;29.0;3.8;0.398;24.95;1.9;297.0
8578;2023-12-24 12:00:00;1.33;3.8;5.1;8.9;42.0;42.0;5.0;709.2;0.0;24.0;3.1;0.537;25.68;11.7;296.0
8579;2023-12-24 13:00:00;1.32;3.5;5.0;8.5;44.0;50.0;5.0;708.6;0.0;23.0;2.9;0.643;25.86;14.6;299.0
8580;2023-12-24 14:00:00;1.32;3.4;4.9;8.3;45.0;45.0;5.0;707.8;0.0;22.0;2.8;0.64;26.15;16.5;306.0
8581;2023-12-24 15:00:00;1.32;3.2;5.0;8.3;45.0;47.0;5.0;707.4;0.0;21.0;2.9;0.562;26.52;16.7;299.0
8582;2023-12-24 16:00:00;1.3;3.1;5.1;8.2;47.0;44.0;5.0;707.5;0.0;18.0;2.8;0.424;26.59;15.1;307.0
8583;2023-12-24 17:00:00;1.3;2.8;5.9;8.7;47.0;34.0;5.0;707.7;0.0;18.0;2.8;0.197;26.07;12.2;295.0
8584;2023-12-24 18:00:00;1.39;2.7;10.4;13.0;39.0;34.0;7.0;708.2;0.0;21.0;2.9;0.03;24.56;0.9;251.0
8585;2023-12-24 19:00:00;1.55;2.9;21.3;24.2;24.0;36.0;10.0;709.0;0.0;26.0;3.1;0.001;22.86;2.5;167.0
8586;2023-12-24 20:00:00;1.83;5.2;28.7;33.9;15.0;42.0;23.0;709.7;0.0;37.0;3.0;0.001;21.31;3.6;18.0
8587;2023-12-24 21:00:00;2.36;4.4;25.1;29.5;13.0;58.0;48.0;710.3;0.0;61.0;3.2;0.001;19.78;3.6;339.0
8588;2023-12-24 22:00:00;2.26;4.3;23.2;27.4;12.0;74.0;48.0;710.7;0.0;65.0;3.2;0.001;18.63;2.1;327.0
8589;2023-12-24 23:00:00;1.95;4.3;21.1;25.5;12.0;67.0;43.0;711.1;0.0;67.0;3.2;0.001;18.04;4.0;316.0
8590;2023-12-25 00:00:00;2.0;5.0;22.1;27.1;10.0;67.0;55.0;711.3;0.0;70.0;3.2;0.001;17.25;2.9;290.0
8591;2023-12-25 01:00:00;1.98;6.7;21.7;28.5;10.0;66.0;50.0;711.3;0.0;70.0;3.1;0.001;16.53;1.5;255.0
8592;2023-12-25 02:00:00;2.3;17.5;21.7;39.2;10.0;65.0;;711.4;0.0;74.0;3.3;0.001;16.07;1.9;292.0
8593;2023-12-25 03:00:00;2.51;12.8;23.0;35.8;;88.0;86.0;711.5;0.0;75.0;3.2;0.001;15.73;2.1;284.0
8594;2023-12-25 04:00:00;2.21;8.4;23.5;31.9;9.0;90.0;64.0;711.4;0.0;74.0;3.1;0.001;15.97;1.5;313.0
8595;2023-12-25 05:00:00;2.06;10.2;23.0;33.3;9.0;82.0;61.0;711.5;0.0;74.0;3.1;0.001;15.94;0.4;68.0
8596;2023-12-25 06:00:00;1.61;4.3;13.3;17.6;22.0;76.0;29.0;711.7;0.0;69.0;3.2;0.001;16.64;4.9;24.0
8597;2023-12-25 07:00:00;1.48;3.5;6.8;10.4;32.0;47.0;14.0;712.0;0.0;66.0;3.7;0.001;16.98;5.7;41.0
8598;2023-12-25 08:00:00;1.5;3.3;9.5;12.8;30.0;36.0;14.0;712.6;0.0;67.0;3.9;0.004;17.03;5.7;49.0
8599;2023-12-25 09:00:00;1.46;3.4;8.3;11.7;34.0;33.0;11.0;713.0;0.0;59.0;4.8;0.035;17.42;5.3;79.0
8600;2023-12-25 10:00:00;1.4;2.8;4.3;7.1;40.0;29.0;9.0;713.6;0.0;56.0;4.9;0.079;17.47;9.4;93.0
8601;2023-12-25 11:00:00;1.39;2.9;4.7;7.6;41.0;27.0;8.0;713.8;0.0;50.0;6.3;0.149;17.15;12.0;65.0
8602;2023-12-25 12:00:00;1.43;3.6;7.2;10.7;36.0;29.0;10.0;713.7;0.0;53.0;4.3;0.153;16.34;11.8;67.0
8603;2023-12-25 13:00:00;1.43;3.7;7.3;11.0;38.0;28.0;9.0;712.9;0.0;51.0;5.4;0.192;16.62;9.6;50.0
8604;2023-12-25 14:00:00;1.43;3.4;6.7;10.1;38.0;32.0;10.0;712.3;0.0;52.0;5.6;0.177;16.58;8.4;57.0
8605;2023-12-25 15:00:00;1.41;3.2;6.9;10.1;40.0;31.0;7.0;712.2;0.0;47.0;6.2;0.125;16.5;8.4;58.0
8606;2023-12-25 16:00:00;1.47;3.5;9.6;13.1;36.0;27.0;8.0;712.2;0.0;50.0;4.6;0.092;16.16;7.7;59.0
8607;2023-12-25 17:00:00;1.49;3.6;11.4;15.0;34.0;32.0;10.0;712.4;0.0;54.0;6.3;0.064;15.62;9.6;46.0
8608;2023-12-25 18:00:00;1.47;3.3;11.6;14.9;31.0;35.0;11.0;712.8;0.0;57.0;8.4;0.02;15.15;7.4;44.0
8609;2023-12-25 19:00:00;1.44;3.0;7.2;10.2;32.0;35.0;9.0;713.0;0.0;62.0;4.3;0.001;14.54;8.6;77.0
8610;2023-12-25 20:00:00;1.45;2.6;6.7;9.3;30.0;30.0;9.0;713.4;0.0;66.0;3.5;0.001;13.85;8.1;83.0
8611;2023-12-25 21:00:00;1.47;2.7;7.4;10.1;29.0;34.0;12.0;713.7;0.0;67.0;3.3;0.001;13.33;8.0;74.0
8612;2023-12-25 22:00:00;1.43;2.6;6.2;8.9;30.0;32.0;8.0;713.8;0.0;68.0;3.1;0.001;13.01;8.9;93.0
8613;2023-12-25 23:00:00;1.41;2.5;4.9;7.4;32.0;28.0;8.0;713.9;0.0;69.0;3.0;0.001;12.73;9.9;87.0
8614;2023-12-26 00:00:00;1.4;2.4;4.6;7.1;33.0;27.0;;713.6;0.0;69.0;3.0;0.001;12.47;11.1;99.0
8615;2023-12-26 01:00:00;1.39;2.3;4.2;6.5;34.0;33.0;7.0;713.6;0.0;68.0;2.9;0.001;12.36;9.4;88.0
8616;2023-12-26 02:00:00;1.4;2.4;4.9;7.3;31.0;29.0;8.0;713.5;0.0;70.0;2.9;0.001;12.24;6.8;71.0
8617;2023-12-26 03:00:00;1.41;2.4;5.2;7.6;29.0;28.0;9.0;713.2;0.0;72.0;2.9;0.001;12.03;6.4;96.0
8618;2023-12-26 04:00:00;1.41;2.4;4.0;6.4;30.0;30.0;9.0;713.1;0.0;80.0;2.9;0.001;11.31;6.4;95.0
8619;2023-12-26 05:00:00;1.39;2.3;3.4;5.7;32.0;26.0;6.0;712.8;0.0;79.0;2.8;0.001;11.04;7.5;93.0
8620;2023-12-26 06:00:00;1.39;2.3;3.9;6.2;31.0;25.0;6.0;712.7;0.0;78.0;2.9;0.001;10.82;8.2;86.0
8621;2023-12-26 07:00:00;1.39;2.4;5.6;8.1;29.0;25.0;;712.8;0.0;75.0;2.8;0.001;10.79;6.5;95.0
8622;2023-12-26 08:00:00;1.42;2.8;8.0;10.8;26.0;28.0;7.0;712.9;0.0;74.0;2.8;0.004;10.72;8.7;104.0
8623;2023-12-26 09:00:00;1.46;3.6;9.6;13.1;23.0;33.0;8.0;712.9;0.0;75.0;2.9;0.032;10.88;8.5;102.0
8624;2023-12-26 10:00:00;1.49;4.5;9.8;14.3;23.0;32.0;10.0;713.1;0.0;74.0;2.8;0.066;11.18;6.5;94.0
8625;2023-12-26 11:00:00;1.54;5.7;11.6;17.3;22.0;;11.0;713.0;0.0;72.0;2.8;0.075;11.71;4.5;58.0
8626;2023-12-26 12:00:00;1.53;7.4;12.3;19.8;21.0;207.0;12.0;712.7;0.0;70.0;2.9;0.118;12.1;2.8;32.0
8627;2023-12-26 13:00:00;1.55;7.3;13.0;20.3;21.0;39.0;13.0;711.9;0.0;67.0;2.9;0.144;12.75;2.2;52.0
8628;2023-12-26 14:00:00;1.6;9.5;15.2;24.7;22.0;38.0;21.0;711.1;0.0;65.0;2.9;0.211;13.46;2.3;62.0
8629;2023-12-26 15:00:00;1.7;17.8;22.8;40.6;19.0;46.0;31.0;710.8;0.0;61.0;3.0;0.225;14.26;1.9;11.0
8630;2023-12-26 16:00:00;1.8;22.0;28.3;50.3;17.0;58.0;35.0;710.7;0.0;59.0;3.4;0.186;14.48;2.0;11.0
8631;2023-12-26 17:00:00;1.96;27.4;35.1;62.5;14.0;71.0;37.0;710.5;0.0;58.0;3.9;0.106;14.47;3.5;63.0
8632;2023-12-26 18:00:00;2.01;26.2;36.5;62.7;11.0;87.0;35.0;710.6;0.0;60.0;3.8;0.033;13.88;4.7;72.0
8633;2023-12-26 19:00:00;1.99;17.7;32.4;50.1;10.0;83.0;28.0;711.0;0.0;66.0;3.4;0.001;13.19;5.9;65.0
8634;2023-12-26 20:00:00;1.79;7.8;24.0;31.8;11.0;72.0;22.0;711.3;0.0;71.0;3.0;0.001;12.47;3.8;68.0
8635;2023-12-26 21:00:00;1.76;8.8;22.8;31.6;9.0;52.0;19.0;711.6;0.0;74.0;3.0;0.001;11.83;0.7;264.0
8636;2023-12-26 22:00:00;1.86;19.2;21.7;40.9;9.0;50.0;20.0;711.7;0.0;75.0;3.0;0.001;11.94;2.1;38.0
8637;2023-12-26 23:00:00;1.92;23.4;20.1;43.6;9.0;50.0;23.0;712.2;0.0;77.0;3.0;0.001;11.5;1.2;286.0
8638;2023-12-27 00:00:00;1.88;29.4;21.3;50.7;;52.0;27.0;712.3;0.0;77.0;3.1;0.001;11.37;1.6;281.0
8639;2023-12-27 01:00:00;2.21;49.5;23.8;73.4;;65.0;39.0;712.4;0.0;78.0;3.3;0.001;10.85;1.3;281.0
8640;2023-12-27 02:00:00;2.21;50.3;24.9;75.1;;93.0;41.0;712.4;0.0;79.0;3.4;0.001;10.7;1.5;234.0
8641;2023-12-27 03:00:00;2.18;52.2;21.9;74.0;;100.0;37.0;712.3;0.0;80.0;3.3;0.001;10.51;0.2;313.0
8642;2023-12-27 04:00:00;2.26;61.2;22.8;84.0;;82.0;42.0;712.3;0.0;81.0;3.4;0.001;10.35;1.6;264.0
8643;2023-12-27 05:00:00;2.25;71.0;25.3;96.4;10.0;99.0;60.0;712.1;0.0;78.0;3.6;0.001;10.68;2.8;260.0
8644;2023-12-27 06:00:00;2.13;75.2;25.5;100.8;10.0;135.0;78.0;712.1;0.0;77.0;3.9;0.001;10.66;3.9;258.0
8645;2023-12-27 07:00:00;2.31;88.8;26.8;115.7;10.0;144.0;87.0;712.5;0.0;77.0;4.4;0.001;10.35;1.0;316.0
8646;2023-12-27 08:00:00;2.59;120.0;23.7;143.7;;174.0;88.0;712.9;0.0;79.0;4.5;0.004;9.78;1.6;243.0
8647;2023-12-27 09:00:00;2.96;88.5;25.6;114.0;;182.0;71.0;713.3;0.0;70.0;4.7;0.037;12.19;4.7;222.0
8648;2023-12-27 10:00:00;2.51;64.1;31.1;95.2;13.0;119.0;48.0;713.6;0.0;55.0;5.4;0.125;15.37;4.2;260.0
8649;2023-12-27 11:00:00;2.57;58.6;38.8;97.4;16.0;117.0;62.0;713.9;0.0;47.0;6.0;0.43;17.89;4.0;63.0
8650;2023-12-27 12:00:00;2.45;55.2;44.0;99.2;18.0;125.0;82.0;713.7;0.0;50.0;6.9;0.536;17.57;6.4;67.0
8651;2023-12-27 13:00:00;2.11;41.9;40.3;82.3;21.0;140.0;59.0;712.8;0.0;45.0;8.1;0.602;18.93;4.9;65.0
8652;2023-12-27 14:00:00;1.83;13.1;25.2;38.3;37.0;123.0;32.0;712.1;0.0;38.0;5.6;0.606;19.96;5.9;63.0
8653;2023-12-27 15:00:00;1.67;9.0;20.9;29.9;42.0;94.0;20.0;711.6;0.0;33.0;5.1;0.534;20.56;5.6;74.0
8654;2023-12-27 16:00:00;1.59;8.6;23.2;31.8;40.0;72.0;16.0;711.4;0.0;31.0;5.7;0.385;20.94;7.0;88.0
8655;2023-12-27 17:00:00;1.62;4.5;18.9;23.5;47.0;66.0;15.0;711.6;0.0;34.0;4.2;0.155;20.21;6.6;105.0
8656;2023-12-27 18:00:00;1.87;9.1;32.3;41.4;30.0;59.0;17.0;711.9;0.0;38.0;4.2;0.023;18.72;2.2;97.0
8657;2023-12-27 19:00:00;2.06;13.1;37.5;50.6;21.0;66.0;22.0;712.3;0.0;48.0;4.2;0.002;17.26;4.5;94.0
8658;2023-12-27 20:00:00;1.74;3.4;22.6;26.0;32.0;66.0;19.0;713.0;0.0;56.0;4.5;0.001;16.82;9.2;57.0
8659;2023-12-27 21:00:00;1.64;3.5;17.8;21.2;31.0;53.0;16.0;713.6;0.0;58.0;4.6;0.001;16.18;7.5;45.0
8660;2023-12-27 22:00:00;1.58;3.3;14.1;17.4;31.0;38.0;13.0;714.2;0.0;60.0;4.1;0.001;15.55;4.5;69.0
8661;2023-12-27 23:00:00;1.72;8.3;19.2;27.6;20.0;37.0;14.0;714.5;0.0;67.0;3.6;0.001;14.05;2.3;283.0
8662;2023-12-28 00:00:00;2.06;25.8;31.3;57.1;9.0;49.0;26.0;714.6;0.0;72.0;3.6;0.001;13.4;1.4;200.0
8663;2023-12-28 01:00:00;2.07;31.5;28.9;60.4;9.0;65.0;24.0;714.6;0.0;74.0;3.5;0.001;12.76;1.3;242.0
8664;2023-12-28 02:00:00;2.28;34.8;31.1;65.9;10.0;68.0;32.0;714.6;0.0;70.0;3.7;0.001;13.33;4.0;353.0
8665;2023-12-28 03:00:00;2.35;3.4;23.8;27.2;21.0;73.0;19.0;714.7;0.0;47.0;4.1;0.001;13.82;2.2;139.0
8666;2023-12-28 04:00:00;1.61;3.3;25.5;28.8;18.0;48.0;14.0;714.7;0.0;45.0;3.8;0.001;13.02;4.1;82.0
8667;2023-12-28 05:00:00;1.49;3.1;22.3;25.4;25.0;47.0;9.0;714.9;0.0;36.0;4.8;0.001;12.28;6.8;88.0
8668;2023-12-28 06:00:00;1.4;3.4;22.5;25.9;22.0;46.0;9.0;714.8;0.0;36.0;6.0;0.001;11.14;7.2;119.0
8669;2023-12-28 07:00:00;1.41;3.3;20.1;23.5;24.0;38.0;7.0;715.1;0.0;39.0;4.4;0.001;10.33;7.3;127.0
8670;2023-12-28 08:00:00;1.49;5.3;25.4;30.8;19.0;33.0;7.0;715.5;0.0;39.0;4.8;0.007;10.16;5.6;131.0
8671;2023-12-28 09:00:00;1.57;11.2;25.3;36.5;20.0;36.0;10.0;715.7;0.0;36.0;5.9;0.042;11.71;4.0;131.0
8672;2023-12-28 10:00:00;1.55;15.7;23.5;39.2;24.0;44.0;13.0;715.9;0.0;33.0;8.7;0.127;13.76;3.9;108.0
8673;2023-12-28 11:00:00;1.69;29.6;29.4;59.0;22.0;46.0;20.0;704.1;0.0;32.0;11.8;0.428;14.46;5.2;64.0
8674;2023-12-28 12:00:00;1.74;33.2;33.2;66.5;23.0;75.0;32.0;715.6;0.0;34.0;12.0;0.555;15.32;7.0;70.0
8675;2023-12-28 13:00:00;1.55;11.0;19.5;30.5;39.0;99.0;19.0;714.7;0.0;32.0;6.2;0.622;15.99;7.0;66.0
8676;2023-12-28 14:00:00;1.52;7.4;15.7;23.2;46.0;75.0;13.0;713.9;0.0;31.0;5.4;0.627;16.93;6.7;69.0
8677;2023-12-28 15:00:00;1.54;6.8;16.3;23.1;49.0;60.0;14.0;713.4;0.0;31.0;5.1;0.536;17.45;7.6;59.0
8678;2023-12-28 16:00:00;1.52;5.3;15.1;20.4;57.0;60.0;12.0;713.2;0.0;32.0;10.4;0.408;17.6;9.9;48.0
8679;2023-12-28 17:00:00;1.56;4.9;15.4;20.3;51.0;57.0;11.0;713.3;0.0;35.0;5.3;0.207;17.36;10.3;50.0
8680;2023-12-28 18:00:00;1.56;3.6;15.3;18.8;48.0;54.0;11.0;713.5;0.0;39.0;4.7;0.03;16.11;7.6;82.0
8681;2023-12-28 19:00:00;1.61;3.2;18.7;21.9;43.0;46.0;12.0;714.0;0.0;43.0;4.4;0.002;15.05;7.9;80.0
8682;2023-12-28 20:00:00;1.59;3.8;17.4;21.2;42.0;49.0;11.0;714.4;0.0;45.0;4.3;0.001;14.4;8.4;63.0
8683;2023-12-28 21:00:00;1.61;3.3;19.9;23.2;36.0;48.0;12.0;715.0;0.0;48.0;3.9;0.001;13.82;7.4;62.0
8684;2023-12-28 22:00:00;1.55;3.2;15.2;18.3;39.0;46.0;11.0;715.2;0.0;49.0;3.7;0.001;13.34;8.0;75.0
8685;2023-12-28 23:00:00;1.49;3.1;8.9;12.0;44.0;43.0;9.0;715.7;0.0;49.0;3.6;0.001;12.97;3.9;61.0
8686;2023-12-29 00:00:00;1.56;3.0;15.9;18.9;34.0;39.0;10.0;716.0;0.0;51.0;3.3;0.001;12.5;4.2;64.0
8687;2023-12-29 01:00:00;1.65;7.5;22.2;29.7;27.0;37.0;13.0;716.1;0.0;53.0;3.5;0.001;12.04;2.7;17.0
8688;2023-12-29 02:00:00;2.22;24.2;37.8;62.0;10.0;56.0;36.0;716.1;0.0;59.0;3.6;0.001;10.74;0.7;255.0
8689;2023-12-29 03:00:00;2.02;10.8;34.5;45.3;10.0;80.0;27.0;716.2;0.0;61.0;3.3;0.001;10.29;2.7;267.0
8690;2023-12-29 04:00:00;2.01;14.3;34.3;48.6;9.0;65.0;26.0;716.4;0.0;61.0;3.3;0.001;10.14;2.3;247.0
8691;2023-12-29 05:00:00;1.67;4.7;29.4;34.1;12.0;62.0;24.0;716.5;0.0;64.0;3.3;0.001;9.46;3.6;221.0
8692;2023-12-29 06:00:00;1.55;3.9;24.6;28.5;14.0;69.0;23.0;716.9;0.0;64.0;3.4;0.001;9.24;2.5;232.0
8693;2023-12-29 07:00:00;1.58;6.1;24.6;30.7;12.0;70.0;20.0;717.1;0.0;64.0;3.3;0.001;9.13;5.1;219.0
8694;2023-12-29 08:00:00;1.8;33.0;29.3;62.3;10.0;75.0;29.0;717.5;0.0;63.0;3.8;0.007;9.41;4.8;222.0
8695;2023-12-29 09:00:00;1.82;29.1;28.5;57.6;12.0;91.0;25.0;717.9;0.0;58.0;4.0;0.042;10.8;4.9;223.0
8696;2023-12-29 10:00:00;1.83;22.4;27.8;50.2;20.0;78.0;28.0;718.4;0.0;45.0;4.7;0.131;14.72;0.8;322.0
8697;2023-12-29 11:00:00;1.77;19.8;27.1;46.9;25.0;89.0;30.0;706.4;0.0;40.0;5.0;0.432;15.51;1.6;34.0
8698;2023-12-29 12:00:00;2.06;15.5;25.8;41.3;35.0;93.0;32.0;718.2;0.0;40.0;6.3;0.502;16.12;6.8;18.0
8699;2023-12-29 13:00:00;1.58;7.9;16.0;23.9;46.0;81.0;14.0;717.7;0.0;36.0;5.8;0.586;16.83;7.6;29.0
8700;2023-12-29 14:00:00;1.52;7.7;16.7;24.3;47.0;64.0;13.0;717.0;0.0;34.0;6.3;0.606;17.43;6.5;52.0
8701;2023-12-29 15:00:00;1.47;6.4;15.8;22.2;50.0;57.0;13.0;704.6;0.0;32.0;5.9;0.525;17.53;6.6;65.0
8702;2023-12-29 16:00:00;1.49;4.9;14.3;19.1;54.0;53.0;;716.4;0.0;32.0;4.6;0.396;17.99;6.4;65.0
8703;2023-12-29 17:00:00;1.54;4.5;16.6;21.2;54.0;50.0;;716.4;0.0;33.0;4.3;0.198;17.87;6.8;55.0
8704;2023-12-29 18:00:00;1.52;3.5;17.2;20.8;48.0;57.0;11.0;716.6;0.0;36.0;4.7;0.028;16.66;8.7;71.0
8705;2023-12-29 19:00:00;1.61;3.2;21.8;25.0;34.0;52.0;11.0;716.9;0.0;43.0;5.9;0.002;15.33;7.9;89.0
8706;2023-12-29 20:00:00;1.54;3.1;14.7;17.8;40.0;54.0;9.0;717.4;0.0;46.0;4.5;0.001;14.49;7.7;95.0
8707;2023-12-29 21:00:00;1.46;2.9;11.1;14.0;41.0;38.0;8.0;717.7;0.0;47.0;3.9;0.001;13.72;6.6;93.0
8708;2023-12-29 22:00:00;1.52;2.8;12.8;15.7;36.0;32.0;8.0;717.9;0.0;50.0;3.4;0.001;12.83;3.3;104.0
8709;2023-12-29 23:00:00;1.66;3.5;25.7;29.2;19.0;32.0;13.0;718.1;0.0;56.0;3.3;0.001;11.64;3.2;200.0
8710;2023-12-30 00:00:00;1.75;9.1;32.8;41.9;9.0;48.0;19.0;718.2;0.0;59.0;3.2;0.001;11.09;4.8;219.0
8711;2023-12-30 01:00:00;1.77;9.7;35.3;45.0;10.0;59.0;27.0;717.9;0.0;59.0;3.9;0.001;10.82;5.8;229.0
8712;2023-12-30 02:00:00;1.56;4.2;31.5;35.6;11.0;68.0;23.0;705.5;0.0;57.0;3.5;0.001;10.13;3.7;216.0
8713;2023-12-30 03:00:00;1.69;3.7;32.1;35.8;14.0;67.0;27.0;717.3;0.0;60.0;3.9;0.001;9.78;1.2;290.0
8714;2023-12-30 04:00:00;1.56;5.1;25.6;30.7;14.0;54.0;22.0;;0.0;57.0;3.3;0.001;8.72;1.9;236.0
8715;2023-12-30 05:00:00;1.52;3.1;21.5;24.6;20.0;56.0;21.0;693.2;0.0;57.0;3.6;0.001;8.91;1.5;248.0
8716;2023-12-30 06:00:00;1.5;3.2;20.8;24.0;20.0;55.0;23.0;693.2;0.0;55.0;3.6;0.001;8.81;3.2;208.0
8717;2023-12-30 07:00:00;1.5;3.2;21.2;24.4;21.0;54.0;18.0;705.4;0.0;52.0;4.0;0.001;9.37;4.8;213.0
8718;2023-12-30 08:00:00;1.7;16.5;30.8;47.3;13.0;57.0;19.0;717.6;0.0;54.0;4.0;0.006;9.18;2.0;254.0
8719;2023-12-30 09:00:00;1.68;17.5;28.9;46.3;16.0;63.0;21.0;705.9;0.0;43.0;4.3;0.035;11.67;1.6;216.0
8720;2023-12-30 10:00:00;1.65;17.2;26.9;44.2;22.0;65.0;18.0;706.1;0.0;34.0;4.4;0.122;14.57;3.6;213.0
8721;2023-12-30 11:00:00;1.61;14.5;23.8;38.2;31.0;65.0;24.0;706.0;0.0;29.0;4.7;0.448;16.8;2.8;33.0
8722;2023-12-30 12:00:00;1.78;17.8;30.9;48.7;34.0;68.0;39.0;705.3;0.0;28.0;5.3;0.57;17.59;3.5;21.0
8723;2023-12-30 13:00:00;1.67;12.7;26.2;38.9;41.0;73.0;31.0;692.8;0.0;26.0;4.8;0.626;18.24;4.3;53.0
8724;2023-12-30 14:00:00;1.6;6.4;17.3;23.7;55.0;62.0;25.0;691.7;0.0;27.0;4.2;0.607;18.74;6.4;46.0
8725;2023-12-30 15:00:00;1.44;5.2;12.4;17.6;54.0;59.0;12.0;;0.0;21.0;4.1;0.542;19.63;4.7;49.0
8726;2023-12-30 16:00:00;1.46;4.3;11.4;15.6;58.0;46.0;10.0;690.7;0.0;22.0;3.7;0.386;19.94;8.1;56.0
8727;2023-12-30 17:00:00;1.47;3.7;9.6;13.3;60.0;44.0;9.0;714.4;0.0;25.0;3.4;0.221;20.61;7.3;104.0
8728;2023-12-30 18:00:00;1.45;2.9;9.2;12.1;59.0;36.0;9.0;702.6;0.0;29.0;3.5;0.029;18.48;8.2;122.0
8729;2023-12-30 19:00:00;1.57;2.8;15.6;18.4;51.0;38.0;14.0;702.9;0.0;34.0;3.6;0.002;17.28;6.8;93.0
8730;2023-12-30 20:00:00;1.64;2.9;16.7;19.6;46.0;45.0;14.0;715.1;0.0;37.0;3.5;0.001;16.6;5.2;89.0
8731;2023-12-30 21:00:00;1.62;2.9;17.9;20.8;38.0;43.0;13.0;703.2;0.0;38.0;3.4;0.001;15.69;2.6;130.0
8732;2023-12-30 22:00:00;1.67;3.3;24.6;27.9;24.0;38.0;14.0;691.6;0.0;44.0;3.2;0.001;13.54;2.7;236.0
8733;2023-12-30 23:00:00;2.06;13.8;41.3;55.1;10.0;43.0;26.0;703.5;0.0;45.0;3.5;0.001;13.25;3.2;224.0
8734;2023-12-31 00:00:00;2.07;17.8;41.7;59.5;10.0;68.0;37.0;703.2;0.0;46.0;3.7;0.001;12.6;3.0;235.0
8735;2023-12-31 01:00:00;1.95;15.9;40.2;56.0;10.0;83.0;37.0;702.9;0.0;48.0;4.2;0.001;11.87;2.9;220.0
8736;2023-12-31 02:00:00;1.67;5.4;32.7;38.1;13.0;68.0;25.0;;0.0;45.0;3.5;0.001;11.41;4.3;215.0
8737;2023-12-31 03:00:00;1.66;3.3;23.6;26.9;22.0;68.0;24.0;714.0;0.0;48.0;3.5;0.001;11.56;2.7;240.0
8738;2023-12-31 04:00:00;1.6;3.1;21.8;25.0;21.0;55.0;21.0;701.5;0.0;48.0;3.5;0.001;11.08;3.7;229.0
8739;2023-12-31 05:00:00;1.6;3.1;19.4;22.5;24.0;54.0;25.0;713.4;0.0;50.0;3.6;0.001;10.96;5.5;214.0
8740;2023-12-31 06:00:00;1.51;3.4;15.8;19.2;26.0;70.0;25.0;701.2;0.0;49.0;3.7;0.001;10.54;1.5;296.0
8741;2023-12-31 07:00:00;1.54;3.4;16.8;20.3;23.0;69.0;20.0;713.4;0.0;52.0;3.4;0.001;10.09;1.4;266.0
8742;2023-12-31 08:00:00;1.52;;19.0;22.3;21.0;60.0;16.0;701.6;0.0;51.0;3.4;0.006;9.79;1.4;241.0
8743;2023-12-31 09:00:00;1.6;8.2;20.6;28.8;23.0;49.0;16.0;713.8;0.0;43.0;3.9;0.041;12.42;1.0;336.0
8744;2023-12-31 10:00:00;1.62;10.3;18.5;28.8;30.0;47.0;15.0;714.1;0.0;35.0;4.0;0.132;15.9;3.1;241.0
8745;2023-12-31 11:00:00;1.5;5.4;10.9;16.3;41.0;46.0;10.0;714.3;0.0;29.0;3.7;0.421;18.7;2.6;178.0
8746;2023-12-31 12:00:00;1.59;7.5;15.5;23.1;44.0;38.0;11.0;714.0;0.0;26.0;3.7;0.567;20.7;3.6;79.0
8747;2023-12-31 13:00:00;1.64;10.6;22.3;32.9;43.0;37.0;17.0;713.1;0.0;25.0;4.9;0.644;21.35;6.4;83.0
8748;2023-12-31 14:00:00;1.72;13.7;29.2;43.0;41.0;41.0;26.0;712.0;0.0;25.0;8.0;0.634;22.7;7.0;72.0
8749;2023-12-31 15:00:00;1.74;6.1;17.8;23.9;60.0;60.0;25.0;711.4;0.0;30.0;4.5;0.566;23.22;8.2;62.0
8750;2023-12-31 16:00:00;1.66;4.3;12.4;16.8;66.0;56.0;16.0;711.4;0.0;30.0;4.0;0.428;23.28;8.5;51.0
8751;2023-12-31 17:00:00;1.71;3.8;14.2;18.0;67.0;52.0;19.0;711.6;0.0;32.0;4.2;0.221;23.31;6.7;58.0
8752;2023-12-31 18:00:00;1.78;3.5;18.3;21.8;58.0;53.0;23.0;712.0;0.0;34.0;3.8;0.041;21.75;5.4;66.0
8753;2023-12-31 19:00:00;1.85;3.1;22.9;25.9;41.0;55.0;26.0;712.5;0.0;39.0;3.6;0.002;19.53;1.2;288.0
8754;2023-12-31 20:00:00;2.12;3.7;42.2;45.9;17.0;65.0;34.0;712.9;0.0;44.0;3.8;0.001;18.17;3.5;227.0
8755;2023-12-31 21:00:00;2.08;3.6;38.4;42.0;18.0;60.0;31.0;713.3;0.0;46.0;3.7;0.001;17.43;3.7;225.0
8756;2023-12-31 22:00:00;2.21;3.7;37.6;41.3;17.0;64.0;60.0;713.4;0.0;46.0;3.9;0.001;16.92;3.6;215.0
8757;2023-12-31 23:00:00;2.43;5.6;39.8;45.5;15.0;81.0;100.0;713.6;0.0;44.0;4.0;0.001;16.64;4.1;232.0
