;CO;NO;NO2;NOX;O3;PM10;PM2.5;PRS;RAINF;RH;SO2;SR;TOUT;WSR;WDR
0;2.6;3.5;44.9;48.5;15.0;134.0;91.0;705.5;0.0;46.0;5.3;0.0;21.37;3.4;267.0
1;2.23;2.9;32.9;36.0;19.0;141.0;112.61;705.2;0.0;48.0;6.1;0.0;20.83;3.3;259.0
2;1.99;2.9;27.6;30.7;21.0;117.0;92.46;705.1;0.0;46.0;5.8;0.0;20.52;5.9;233.0
3;2.03;;;;18.0;108.0;69.2;704.8;0.0;46.0;6.0;0.0;20.12;5.1;220.0
4;1.86;;;;20.0;106.0;68.03;704.8;0.0;46.0;5.6;0.0;19.85;4.7;244.0
5;1.76;;;;20.0;81.0;49.64;704.7;0.0;42.0;5.3;0.0;19.8;4.2;132.0
6;1.55;2.8;16.4;19.4;22.0;71.0;39.01;704.9;0.0;37.0;4.9;0.0;20.05;4.3;235.0
7;1.41;2.9;13.5;16.5;21.0;59.0;26.4;705.3;0.0;31.0;4.6;0.0;21.15;5.1;222.0
8;1.31;3.0;13.1;16.3;17.0;57.0;16.85;705.7;0.0;26.0;4.1;0.008;22.53;5.9;209.0
9;1.39;6.6;16.5;23.4;13.0;52.0;10.42;706.2;0.0;27.0;3.9;0.038;23.41;4.2;97.0
10;1.58;17.1;23.5;40.8;12.0;54.0;9.79;706.8;0.0;23.0;4.1;0.122;27.53;4.5;148.0
11;1.32;5.8;11.7;17.7;26.0;68.0;15.87;707.1;0.0;18.0;3.6;0.488;30.19;8.5;123.0
12;1.29;5.5;10.8;16.5;30.0;62.0;9.12;706.8;0.0;17.0;5.1;0.605;30.99;10.7;104.0
13;1.26;3.6;7.0;10.9;39.0;67.0;7.94;706.1;0.0;16.0;3.9;0.67;31.97;11.2;115.0
14;1.27;3.6;7.7;11.5;43.0;61.0;6.74;705.4;0.0;13.0;4.4;0.675;33.48;7.5;134.0
15;1.24;3.2;6.4;9.9;51.0;58.0;6.65;705.1;0.0;11.0;4.0;0.599;34.34;6.4;87.0
16;1.16;2.8;4.0;7.0;43.0;54.0;5.98;705.0;0.0;6.0;3.0;0.246;34.16;10.2;284.0
17;1.18;2.7;5.2;8.2;43.0;48.0;5.17;705.2;0.0;8.0;3.1;0.056;33.81;6.1;219.0
18;1.29;2.8;9.5;12.5;41.0;42.0;9.76;705.7;0.0;14.0;3.3;0.019;30.95;4.5;103.0
19;1.43;2.6;15.4;18.2;29.0;47.0;9.75;706.2;0.0;13.0;3.2;0.001;28.54;5.5;180.0
20;1.44;3.1;26.3;29.6;14.0;42.0;10.18;706.8;0.0;14.0;3.2;0.0;26.66;3.6;216.0
21;1.38;2.9;21.0;24.0;17.0;38.0;7.51;707.2;0.0;15.0;3.0;0.0;25.14;3.7;228.0
22;1.45;2.8;24.7;27.6;15.0;36.0;7.79;707.5;0.0;16.0;4.4;0.0;24.69;4.3;200.0
23;1.36;2.7;17.4;20.3;21.0;43.0;12.3;707.8;0.0;16.0;4.0;0.0;24.63;4.8;188.0
24;1.44;2.9;26.6;29.7;12.0;40.0;11.04;708.0;0.0;18.0;5.5;0.0;23.42;4.3;220.0
25;1.48;3.1;28.0;31.3;10.0;48.0;13.76;708.4;0.0;21.0;5.3;0.0;22.27;4.0;222.0
26;1.25;2.6;13.9;16.7;23.0;43.0;8.68;708.7;0.0;19.0;7.2;0.0;22.96;7.1;216.0
27;1.29;2.6;18.0;20.8;18.0;40.0;9.25;709.2;0.0;20.0;6.0;0.0;22.11;4.4;241.0
28;1.27;;14.0;16.8;23.0;47.0;15.41;710.2;0.0;20.0;5.6;0.0;21.67;9.3;321.0
29;1.2;2.5;5.2;7.9;36.0;141.0;17.95;712.1;0.0;20.0;4.2;0.0;20.02;11.2;22.0
30;1.16;2.5;4.0;6.7;37.0;186.0;12.07;713.3;0.0;20.0;4.3;0.0;18.5;12.7;18.0
31;1.26;;6.5;9.2;31.0;109.0;13.47;714.4;0.0;27.0;5.5;0.0;16.16;11.2;22.0
32;1.22;2.8;8.5;11.4;27.0;123.0;18.13;715.8;0.0;35.0;4.4;0.008;13.39;12.1;38.0
33;1.23;5.6;14.7;20.4;22.0;140.0;17.49;717.3;0.0;36.0;5.8;0.043;11.48;14.5;67.0
34;1.19;7.3;10.6;18.1;22.0;147.0;15.66;718.7;0.0;37.0;8.6;0.112;9.87;13.8;75.0
35;1.21;7.5;9.8;17.5;23.0;122.0;14.41;719.7;0.0;35.0;6.9;0.467;10.03;11.7;63.0
36;1.18;6.5;8.8;15.6;27.0;114.0;13.03;719.7;0.0;30.0;5.4;0.599;11.0;9.9;30.0
37;1.19;5.3;7.7;13.2;30.0;112.0;11.83;719.3;0.0;29.0;4.5;0.666;12.21;9.8;25.0
38;1.19;4.6;7.1;11.9;33.0;82.0;10.52;718.7;0.0;27.0;3.6;0.663;13.08;10.1;26.0
39;1.21;4.6;7.6;12.5;33.0;74.0;9.57;718.5;0.0;25.0;3.7;0.587;13.64;10.9;22.0
40;1.19;4.2;7.6;12.1;33.0;64.0;9.0;718.7;0.0;24.0;4.6;0.244;13.64;11.5;22.0
41;1.17;4.0;7.8;12.0;;66.0;8.74;719.0;0.0;24.0;4.7;0.055;12.83;12.4;18.0
42;1.15;3.0;8.7;12.0;32.0;66.0;9.06;719.6;0.0;24.0;4.4;0.02;11.7;11.0;36.0
43;1.19;2.5;12.8;15.5;29.0;62.0;9.98;720.1;0.0;24.0;4.6;0.001;10.83;10.4;47.0
44;1.18;2.9;17.3;20.3;26.0;64.0;8.8;720.8;0.0;23.0;4.8;0.0;9.86;9.6;41.0
45;1.25;2.6;16.0;18.7;27.0;51.0;8.45;721.4;0.0;22.0;5.3;0.0;9.35;8.9;55.0
46;1.2;2.5;14.2;16.8;29.0;52.0;8.07;721.8;0.0;21.0;5.0;0.0;8.93;7.6;53.0
47;1.22;2.5;20.1;22.7;23.0;44.0;7.63;722.0;0.0;21.0;4.5;0.0;8.58;6.0;24.0
48;1.2;2.5;12.7;15.4;29.0;40.0;7.72;722.0;0.0;25.0;4.8;0.0;8.6;8.6;45.0
49;1.11;2.3;6.5;9.1;33.0;42.0;6.14;721.8;0.0;27.0;3.2;0.001;8.09;9.9;115.0
50;1.1;2.4;6.2;8.8;33.0;32.0;5.72;721.6;0.0;28.0;3.0;0.001;7.63;9.9;101.0
51;1.07;2.3;3.9;6.5;36.0;34.0;5.01;721.5;0.0;28.0;3.0;0.0;6.95;10.0;100.0
52;1.05;2.3;3.2;5.7;37.0;33.0;4.22;721.2;0.0;27.0;2.9;0.001;6.75;10.2;111.0
53;1.05;2.3;3.5;6.0;37.0;29.0;4.34;720.8;0.0;28.0;2.9;0.001;6.38;10.7;104.0
54;1.07;2.3;5.0;7.6;35.0;28.0;4.22;720.9;0.0;28.0;;0.001;6.21;8.6;97.0
55;1.11;2.5;10.7;13.4;30.0;28.0;4.69;721.3;0.0;28.0;;0.0;6.22;5.7;81.0
56;1.31;8.4;25.2;33.8;14.0;31.0;6.24;721.7;0.0;31.0;3.1;0.007;5.63;4.3;95.0
57;1.41;17.1;27.4;44.8;15.0;39.0;9.98;721.9;0.0;27.0;3.4;0.034;7.91;4.6;40.0
58;1.28;9.7;18.0;28.1;25.0;59.0;7.34;722.3;0.0;25.0;3.0;0.111;8.7;7.0;94.0
59;1.32;12.3;19.2;31.8;27.0;44.0;10.33;722.1;0.0;24.0;4.0;0.482;9.5;7.7;53.0
60;1.24;9.0;14.9;24.2;33.0;47.0;11.31;721.5;0.0;23.0;4.5;0.609;10.31;9.1;45.0
61;1.21;7.7;13.3;21.3;36.0;56.0;11.41;720.4;0.0;23.0;5.0;0.672;11.47;10.1;48.0
62;1.22;6.8;12.2;19.2;38.0;53.0;10.03;719.1;0.0;23.0;4.0;0.662;12.87;11.3;35.0
63;1.23;5.7;11.2;17.1;40.0;56.0;9.03;718.2;0.0;22.0;3.4;0.582;13.83;13.1;45.0
64;1.24;4.8;11.2;16.3;41.0;55.0;8.91;717.7;0.0;22.0;3.2;0.252;14.35;12.7;56.0
65;1.25;4.8;13.2;18.2;37.0;52.0;8.1;717.9;0.0;21.0;3.0;0.053;14.32;12.1;60.0
66;1.25;3.7;14.9;18.8;33.0;52.0;6.95;717.8;0.0;22.0;3.0;0.019;13.33;11.1;62.0
67;1.32;3.5;21.7;25.4;25.0;49.0;8.04;717.9;0.0;23.0;;0.001;12.29;9.6;70.0
68;1.3;3.1;21.8;25.2;23.0;45.0;7.68;718.2;0.0;23.0;;0.0;11.59;7.7;82.0
69;1.18;2.9;12.3;15.4;32.0;35.0;6.09;718.2;0.0;23.0;2.9;0.0;11.09;8.7;102.0
70;1.12;2.5;8.0;10.8;35.0;35.0;5.35;718.1;0.0;24.0;2.9;0.0;10.56;8.5;106.0
71;1.1;2.4;6.2;8.8;36.0;32.0;4.72;717.5;0.0;24.0;;0.0;10.49;9.8;113.0
72;1.13;2.5;10.2;12.8;32.0;28.0;11.1;717.2;0.0;25.0;3.0;0.0;10.07;8.4;82.0
73;1.19;3.0;25.1;28.3;16.0;40.0;26.81;716.8;0.0;29.0;4.3;0.0;8.74;4.2;319.0
74;1.25;2.5;23.3;26.0;16.0;48.0;11.8;716.4;0.0;33.0;3.4;0.001;7.76;3.3;255.0
75;1.3;2.6;16.9;19.7;20.0;46.0;11.08;715.9;0.0;35.0;3.4;0.001;7.23;3.1;267.0
76;1.28;2.8;23.9;26.8;15.0;47.0;13.76;715.9;0.0;38.0;3.5;0.001;7.33;4.6;322.0
77;2.18;23.9;39.3;63.4;4.0;52.0;31.75;716.1;0.0;42.0;7.1;0.001;6.47;2.8;321.0
78;1.51;10.8;31.0;42.0;8.0;70.0;25.44;716.2;0.0;40.0;6.9;0.001;6.3;3.7;306.0
79;1.37;7.6;31.2;39.0;4.0;63.0;19.08;716.0;0.0;39.0;5.5;0.001;6.07;2.5;247.0
80;1.67;37.1;34.4;71.7;4.0;57.0;24.65;715.7;0.0;40.0;5.7;0.007;6.27;2.6;12.0
81;1.76;30.4;33.0;63.6;9.0;88.0;28.98;716.2;0.0;34.0;9.7;0.038;9.25;3.8;286.0
82;1.76;35.3;35.5;70.9;11.0;86.0;29.27;716.2;0.0;29.0;7.7;0.114;11.46;4.6;150.0
83;1.71;30.7;34.4;65.3;18.0;88.0;30.51;716.0;0.0;25.0;6.9;0.448;13.52;4.5;25.0
84;1.66;21.9;35.3;57.3;25.0;93.0;32.85;715.1;0.0;21.0;6.3;0.577;15.23;5.4;78.0
85;1.85;29.6;45.1;74.9;24.0;86.0;47.84;714.1;0.0;21.0;9.9;0.638;16.84;6.2;77.0
86;1.81;18.8;41.8;60.8;32.0;101.0;48.51;713.1;0.0;21.0;7.4;0.634;18.63;5.6;81.0
87;1.78;13.4;41.4;55.0;40.0;95.0;52.73;712.3;0.0;19.0;6.7;0.553;20.0;6.7;64.0
88;1.72;8.8;36.8;45.9;47.0;97.0;45.07;712.0;0.0;20.0;6.0;0.248;20.81;8.3;52.0
89;1.67;6.1;33.3;39.5;44.0;101.0;32.44;711.9;0.0;21.0;5.3;0.058;20.92;7.8;68.0
90;1.76;4.7;40.2;45.1;31.0;92.0;23.75;711.9;0.0;25.0;5.0;0.021;19.68;5.7;68.0
91;1.77;4.0;42.1;46.3;26.0;83.0;22.91;712.1;0.0;28.0;4.7;0.001;18.05;5.3;61.0
92;2.14;18.0;63.6;81.8;4.0;74.0;28.61;712.5;0.0;32.0;5.3;0.0;16.01;3.1;279.0
93;2.39;46.1;66.7;113.0;3.0;86.0;32.95;712.6;0.0;35.0;5.8;0.001;14.99;3.5;240.0
94;2.6;62.9;62.2;125.4;4.0;96.0;40.6;712.6;0.0;39.0;6.5;0.001;14.23;3.5;236.0
95;2.58;62.1;62.6;124.9;4.0;107.0;63.24;712.5;0.0;39.0;7.4;0.001;13.66;4.5;216.0
96;2.55;72.5;63.1;135.9;5.0;152.0;71.33;712.4;0.0;41.0;8.0;0.0;12.83;2.9;204.0
97;2.26;51.9;60.6;112.7;4.0;173.0;69.22;712.1;0.0;41.0;7.6;0.001;12.58;3.4;241.0
98;;;;;;;;;;;;0.0;;;
99;1.97;30.2;55.5;85.9;4.0;178.0;76.24;711.2;0.0;38.0;11.8;0.0;12.59;4.0;231.0
100;1.64;9.5;47.7;57.4;5.0;165.0;58.59;710.9;0.0;35.0;13.5;0.001;13.25;6.6;209.0
101;1.41;3.5;35.7;39.4;10.0;142.0;34.72;710.7;0.0;32.0;9.3;0.0;13.46;4.0;332.0
102;1.45;12.5;37.8;50.6;8.0;93.0;32.07;710.7;0.0;32.0;7.5;0.0;12.92;6.4;243.0
103;1.35;5.2;33.4;38.8;11.0;98.0;20.5;710.8;0.0;27.0;6.5;0.0;14.14;6.4;234.0
104;1.57;18.5;38.7;57.5;5.0;67.0;19.72;710.8;0.0;26.0;6.0;0.007;14.07;5.4;236.0
105;1.76;34.0;38.1;72.3;8.0;79.0;19.6;710.9;0.0;21.0;5.9;0.033;17.1;4.8;249.0
106;1.7;30.9;37.4;68.4;11.0;78.0;17.58;711.2;0.0;18.0;5.3;0.117;20.14;5.7;208.0
107;1.61;21.7;34.3;56.2;18.0;84.0;15.11;711.1;0.0;13.0;5.0;0.502;22.91;5.7;189.0
108;1.41;12.2;24.9;37.3;32.0;75.0;12.83;710.7;0.0;9.0;4.7;0.626;25.41;4.5;25.0
109;1.55;20.1;41.9;62.2;32.0;64.0;19.99;709.9;0.0;8.0;19.8;0.685;26.76;5.1;61.0
110;1.47;8.9;27.6;36.7;48.0;70.0;16.82;709.0;0.0;9.0;6.1;0.677;26.83;9.4;68.0
111;1.39;4.9;17.8;22.9;58.0;64.0;12.95;708.4;0.0;9.0;3.7;0.591;27.34;10.1;63.0
112;1.43;4.3;19.2;23.7;64.0;56.0;15.96;708.0;0.0;10.0;4.1;0.263;27.29;12.1;58.0
113;1.41;3.4;19.3;22.8;68.0;69.0;17.56;708.0;0.0;12.0;8.0;0.053;26.51;12.8;71.0
114;1.56;2.8;29.1;32.0;62.0;63.0;23.24;708.4;0.0;17.0;7.8;0.021;24.57;9.6;80.0
115;1.83;4.7;45.0;49.9;34.0;72.0;20.59;708.7;0.0;21.0;5.7;0.001;22.77;6.0;89.0
116;1.66;5.4;36.1;41.7;29.0;66.0;16.5;709.1;0.0;23.0;4.6;0.0;21.27;3.7;73.0
117;1.64;2.8;36.9;39.8;24.0;57.0;17.01;709.6;0.0;26.0;4.4;0.0;19.77;2.9;301.0
118;1.66;2.6;37.8;40.6;25.0;53.0;20.07;709.5;0.0;28.0;4.4;0.0;18.74;3.3;243.0
119;1.86;6.7;46.4;53.3;15.0;58.0;25.49;709.6;0.0;32.0;5.2;0.0;17.33;4.0;224.0
120;1.63;3.1;41.1;44.4;21.0;67.0;27.23;709.7;0.0;31.0;5.3;0.001;17.4;6.8;220.0
121;1.52;2.7;42.3;45.2;19.0;84.0;26.93;709.5;0.0;30.0;7.0;0.001;17.11;8.2;216.0
122;1.46;2.4;38.6;41.1;21.0;82.0;25.97;709.4;0.0;30.0;7.4;0.0;16.59;4.5;199.0
123;1.47;2.4;38.4;40.9;17.0;75.0;26.01;709.4;0.0;33.0;6.7;0.0;15.55;3.8;262.0
124;1.39;;31.3;33.8;24.0;76.0;26.44;709.4;0.0;32.0;9.5;0.0;15.26;4.4;250.0
125;1.41;2.5;38.6;41.2;16.0;71.0;29.23;709.5;0.0;32.0;7.6;0.0;14.84;3.9;263.0
126;1.33;2.4;34.3;36.9;18.0;98.0;25.53;709.6;0.0;29.0;7.4;0.0;15.06;5.0;225.0
127;1.38;4.5;35.6;40.3;16.0;97.0;20.81;709.9;0.0;28.0;8.2;0.0;15.06;4.3;291.0
128;1.7;30.0;45.1;75.3;6.0;72.0;21.51;710.2;0.0;29.0;7.9;0.007;14.41;3.3;266.0
129;2.14;63.3;47.6;111.1;7.0;82.0;28.25;710.6;0.0;25.0;7.4;0.034;16.8;5.8;253.0
130;2.39;70.7;54.1;125.1;9.0;121.0;43.48;711.3;0.0;23.0;8.3;0.126;19.84;4.2;267.0
131;1.68;19.5;40.7;60.4;23.0;152.0;22.17;711.4;0.0;17.0;8.6;0.49;22.87;5.4;214.0
132;1.53;10.8;32.2;43.2;42.0;93.0;21.05;711.1;0.0;14.0;7.3;0.619;25.53;4.5;8.0
133;1.79;8.7;35.2;44.1;58.0;85.0;33.11;710.7;0.0;13.0;6.8;0.681;26.09;5.3;42.0
134;1.99;9.7;48.0;57.9;63.0;88.0;45.11;710.0;0.0;12.0;11.4;0.648;27.28;6.2;56.0
135;1.81;5.2;41.0;46.4;88.0;109.0;55.84;709.7;0.0;12.0;10.9;0.573;27.53;7.3;96.0
136;1.6;3.7;29.7;33.5;90.0;113.0;33.36;709.6;0.0;10.0;8.5;0.264;27.75;8.2;103.0
137;1.49;2.8;24.2;27.2;86.0;83.0;26.04;709.8;0.0;10.0;5.7;0.059;27.41;7.9;105.0
138;1.83;5.8;50.7;56.6;45.0;84.0;25.43;710.1;0.0;13.0;6.1;0.023;25.31;3.6;162.0
139;2.33;14.1;71.8;86.0;28.0;77.0;28.21;710.6;0.0;19.0;8.2;0.002;23.32;4.7;107.0
140;1.91;3.2;49.3;52.7;46.0;80.0;27.91;711.1;0.0;24.0;7.9;0.0;22.59;4.5;87.0
141;1.69;3.8;33.4;37.3;38.0;71.0;21.6;711.8;0.0;30.0;5.4;0.0;21.03;3.1;117.0
142;1.84;10.5;43.4;54.1;23.0;57.0;25.4;712.3;0.0;33.0;5.3;0.0;19.9;3.5;288.0
143;2.55;50.1;65.0;115.2;1.0;67.0;48.14;712.6;0.0;38.0;6.1;0.0;18.72;3.2;279.0
144;2.34;30.1;62.8;93.0;2.0;118.0;43.41;712.7;0.0;41.0;6.0;0.0;18.3;3.1;270.0
145;1.92;3.9;43.1;47.2;13.0;102.0;29.75;712.8;0.0;44.0;5.4;0.0;17.78;5.9;312.0
146;1.63;2.4;18.1;20.7;29.0;71.0;20.13;713.1;0.0;53.0;4.8;0.0;17.01;6.6;8.0
147;1.44;2.4;14.0;16.6;32.0;60.0;18.65;713.0;0.0;54.0;4.4;0.0;16.17;8.1;9.0
148;1.33;;10.6;13.2;35.0;57.0;15.44;713.0;0.0;52.0;4.0;0.0;15.19;10.0;41.0
149;1.6;2.7;23.7;26.6;19.0;57.0;23.01;713.2;0.0;58.0;7.2;0.0;13.83;9.1;78.0
150;1.47;2.5;17.1;19.8;23.0;115.0;20.48;713.3;0.0;60.0;4.6;0.0;13.25;9.0;50.0
151;1.4;4.0;21.7;25.9;17.0;98.0;19.19;713.7;0.0;65.0;5.8;0.0;12.31;8.4;56.0
152;1.5;6.1;25.9;32.1;11.0;72.0;18.86;714.2;0.0;62.0;6.9;0.003;11.9;8.1;58.0
153;1.67;12.4;31.5;44.1;6.0;69.0;21.18;714.7;0.0;60.0;6.2;0.021;11.63;8.0;58.0
154;1.64;23.6;30.9;54.7;5.0;84.0;32.8;715.2;0.0;73.0;8.2;0.051;10.62;7.4;65.0
155;1.8;26.8;29.9;56.8;6.0;89.0;36.03;715.3;0.0;77.0;10.8;0.115;10.53;3.9;78.0
156;1.86;26.7;28.7;55.6;10.0;74.0;39.07;714.7;0.0;73.0;10.2;0.247;12.16;4.0;
157;1.84;24.7;28.1;52.9;13.0;78.0;45.6;714.0;0.0;69.0;8.2;0.345;13.28;6.8;71.0
158;1.94;30.9;32.9;64.0;9.0;76.0;49.15;713.0;0.0;68.0;9.7;0.215;12.95;9.0;65.0
159;1.84;32.7;32.0;65.0;10.0;86.0;45.11;712.3;0.0;66.0;14.5;0.263;12.9;8.8;64.0
160;2.0;35.1;36.5;71.8;11.0;90.0;49.68;711.9;0.0;65.0;13.4;0.266;13.61;8.7;59.0
161;1.99;31.4;38.7;70.3;9.0;111.0;54.0;711.7;0.0;67.0;12.6;0.157;13.64;8.4;68.0
162;1.97;26.7;38.5;65.4;4.0;117.0;47.98;711.8;0.0;72.0;10.4;0.029;12.63;7.6;72.0
163;1.92;13.2;34.2;47.6;3.0;97.0;36.14;711.9;0.0;76.0;5.9;0.001;11.73;6.6;75.0
164;1.95;19.0;30.7;49.9;2.0;77.0;37.43;712.2;0.0;75.0;4.9;0.0;11.38;5.6;74.0
165;1.84;12.1;29.8;42.1;3.0;79.0;38.28;712.4;0.0;77.0;4.5;0.0;11.2;4.1;39.0
166;1.81;14.6;30.1;44.9;2.0;81.0;36.56;712.4;0.0;76.0;4.3;0.0;11.43;3.0;35.0
167;1.75;7.4;29.0;36.6;3.0;72.0;35.8;712.2;0.0;74.0;4.1;0.0;11.74;3.5;54.0
168;1.65;2.8;24.2;27.2;6.0;77.0;36.43;712.0;0.0;72.0;4.0;0.0;11.68;3.8;80.0
169;1.62;2.9;24.5;27.5;5.0;67.0;32.53;711.6;0.0;72.0;3.7;0.0;11.44;3.5;33.0
170;1.66;7.4;26.8;34.4;2.0;70.0;32.91;711.4;0.0;73.0;3.7;0.0;11.21;3.1;57.0
171;1.68;12.9;27.9;41.0;2.0;70.0;36.15;711.0;0.0;73.0;4.0;0.0;11.45;2.3;75.0
172;1.75;17.8;28.7;46.7;2.0;76.0;39.7;710.6;0.0;72.0;4.1;0.0;11.39;2.1;343.0
173;1.76;18.8;27.2;46.2;;86.0;38.55;710.6;0.0;74.0;3.8;0.0;10.92;2.2;149.0
174;1.79;21.2;25.1;46.5;;80.0;35.92;710.8;0.0;75.0;3.8;0.0;10.94;2.9;173.0
175;1.92;25.8;28.0;53.9;;68.0;51.97;711.1;0.0;76.0;3.7;0.0;11.27;2.9;220.0
176;2.12;45.6;27.3;73.1;;95.0;56.34;711.5;0.0;79.0;3.8;0.01;10.77;2.8;208.0
177;2.23;53.4;28.9;82.5;3.0;102.0;59.72;712.0;0.0;76.0;3.9;0.083;12.48;2.0;212.0
178;2.05;29.9;32.0;62.1;8.0;111.0;67.67;712.4;0.0;70.0;4.0;0.213;14.32;2.8;337.0
179;2.19;30.2;40.8;71.2;13.0;119.0;72.51;712.5;0.0;61.0;4.5;0.339;16.49;3.9;35.0
180;2.46;34.6;57.4;92.1;22.0;139.0;81.15;712.0;0.0;53.0;5.2;0.546;18.88;3.9;14.0
181;2.36;21.7;55.7;77.5;30.0;156.0;79.04;711.2;0.0;49.0;5.8;0.566;20.05;6.1;95.0
182;2.44;13.6;55.3;69.1;39.0;154.0;70.36;710.3;0.0;46.0;7.2;0.372;21.3;6.1;73.0
183;2.34;10.3;50.0;60.5;43.0;138.0;68.48;709.8;0.0;46.0;6.4;0.35;22.33;5.1;59.0
184;2.15;5.7;39.0;44.9;46.0;142.0;47.69;709.7;0.0;47.0;5.7;0.165;22.38;6.3;66.0
185;2.17;4.2;42.7;47.1;54.0;116.0;44.99;710.0;0.0;49.0;5.1;0.106;21.89;6.1;56.0
186;2.18;3.5;61.7;65.4;50.0;122.0;50.97;710.5;0.0;49.0;8.1;0.046;21.67;3.7;333.0
187;2.27;3.5;61.4;65.1;36.0;131.0;49.51;711.1;0.0;54.0;7.0;0.001;20.12;2.4;272.0
188;2.55;2.8;67.3;70.3;20.0;126.0;62.85;711.6;0.0;58.0;6.1;0.0;19.07;1.8;261.0
189;2.69;5.9;70.6;76.8;5.0;132.0;60.44;712.1;0.0;62.0;5.2;0.0;18.24;2.0;302.0
190;2.67;14.3;58.3;72.8;2.0;122.0;66.73;712.4;0.0;70.0;4.6;0.0;17.17;2.0;258.0
191;2.97;37.8;59.8;97.8;2.0;125.0;73.33;712.7;0.0;74.0;4.5;0.0;16.46;2.5;250.0
192;3.44;44.6;66.7;111.4;3.0;139.0;82.86;712.7;0.0;70.0;4.5;0.0;16.32;2.1;79.0
193;3.52;60.4;67.3;127.9;4.0;172.0;107.22;712.7;0.0;68.0;5.2;0.0;15.78;2.0;247.0
194;2.95;35.3;62.3;97.7;3.0;175.0;91.03;712.8;0.0;66.0;6.3;0.0;15.7;1.9;298.0
195;2.99;53.5;60.4;114.1;4.0;152.0;99.03;712.7;0.0;64.0;7.1;0.0;15.18;2.0;265.0
196;2.86;50.5;56.7;107.5;3.0;166.0;97.36;712.7;0.0;64.0;8.3;0.0;14.58;2.0;248.0
197;2.36;26.5;50.1;76.9;3.0;182.0;78.77;712.8;0.0;62.0;9.3;0.0;14.24;1.9;322.0
198;2.25;24.5;47.1;71.8;3.0;141.0;72.65;712.9;0.0;61.0;10.2;0.0;14.16;2.4;257.0
199;1.91;10.8;40.0;51.0;4.0;135.0;49.61;713.2;0.0;52.0;17.5;0.0;14.63;3.5;267.0
200;2.05;31.1;39.4;70.7;4.0;98.0;50.57;713.6;0.0;49.0;17.3;0.007;14.43;2.6;232.0
201;2.23;47.9;39.2;87.4;5.0;120.0;49.48;714.2;0.0;45.0;13.7;0.045;16.69;2.1;321.0
202;2.0;33.6;40.9;74.7;11.0;121.0;42.95;714.8;0.0;34.0;17.8;0.147;21.02;2.4;21.0
203;1.97;13.5;35.1;48.8;30.0;100.0;53.85;715.2;0.0;36.0;17.7;0.447;22.65;3.7;33.0
204;2.63;8.7;39.1;48.0;54.0;110.0;82.52;715.2;0.0;40.0;13.7;0.559;23.11;6.4;28.0
205;1.8;5.6;24.0;29.8;62.0;148.0;40.23;715.0;0.0;35.0;11.9;0.63;24.25;8.9;40.0
206;1.77;4.1;19.2;23.5;70.0;93.0;35.62;714.6;0.0;46.0;11.4;0.614;24.78;9.0;56.0
207;1.69;3.4;14.9;18.4;68.0;97.0;33.03;714.4;0.0;50.0;10.2;0.535;25.51;8.0;82.0
208;1.64;3.6;13.8;17.6;50.0;81.0;25.83;714.6;0.0;47.0;10.0;0.219;25.08;10.3;42.0
209;1.59;5.2;14.6;20.0;38.0;70.0;18.69;715.2;0.0;43.0;7.5;0.088;24.04;11.8;24.0
210;1.65;3.1;15.3;18.6;29.0;68.0;22.29;716.1;0.0;59.0;6.2;0.028;21.84;9.2;52.0
211;1.66;2.7;15.8;18.6;27.0;72.0;18.64;717.0;0.0;55.0;7.3;0.001;20.82;8.1;29.0
212;1.66;2.8;17.9;20.9;24.0;57.0;17.14;718.0;0.0;57.0;6.0;0.0;20.02;6.9;40.0
213;1.7;2.8;14.5;17.5;28.0;55.0;16.83;718.8;0.0;59.0;5.2;0.0;19.19;5.8;44.0
214;1.59;2.5;10.0;12.8;33.0;50.0;15.52;719.5;0.0;64.0;4.9;0.0;18.51;8.9;33.0
215;1.58;2.4;8.9;11.6;38.0;45.0;14.84;719.7;0.0;55.0;5.4;0.0;18.43;6.9;31.0
216;1.29;2.4;9.3;11.9;33.0;58.0;11.18;720.1;0.0;33.0;5.4;0.0;17.66;9.9;35.0
217;1.28;;9.8;12.3;29.0;85.0;10.38;720.3;0.0;31.0;4.6;0.0;16.49;8.8;56.0
218;1.42;2.3;8.2;10.7;28.0;71.0;10.86;720.2;0.0;32.0;4.1;0.0;15.5;9.0;34.0
219;1.38;2.3;7.4;9.9;28.0;87.0;13.92;720.3;0.0;34.0;3.6;0.0;14.25;9.4;52.0
220;1.48;;9.2;11.7;25.0;132.0;11.37;720.4;0.0;34.0;4.1;0.0;13.5;10.1;56.0
221;1.42;;8.2;10.7;25.0;76.0;9.95;721.1;0.0;35.0;4.6;0.0;12.72;8.5;48.0
222;1.4;;10.8;13.3;22.0;71.0;8.9;721.6;0.0;39.0;5.0;0.0;11.84;8.9;45.0
223;1.32;3.4;18.8;22.4;14.0;61.0;9.11;722.3;0.0;43.0;5.7;0.0;11.08;10.5;75.0
224;1.35;4.5;20.7;25.4;11.0;57.0;8.13;722.8;0.0;44.0;5.2;0.004;10.59;8.3;69.0
225;1.65;7.9;22.5;30.7;9.0;49.0;10.5;723.4;0.0;43.0;6.8;0.022;10.62;5.5;73.0
226;1.61;22.4;27.4;50.0;5.0;61.0;14.17;723.5;0.0;42.0;10.4;0.061;10.87;6.2;106.0
227;1.6;16.5;25.5;42.1;9.0;68.0;15.09;723.9;0.0;41.0;5.1;0.085;11.06;6.2;42.0
228;1.63;14.9;22.6;37.7;12.0;94.0;16.54;723.7;0.0;40.0;5.1;0.106;11.01;9.3;24.0
229;1.54;9.1;17.9;27.2;17.0;91.0;14.08;723.2;0.0;39.0;;0.173;11.2;8.7;46.0
230;1.53;12.0;23.2;35.5;13.0;81.0;15.2;722.4;0.0;38.0;6.2;0.126;11.57;8.2;75.0
231;1.49;12.3;26.3;38.8;11.0;78.0;14.98;722.1;0.0;37.0;6.3;0.067;11.39;7.4;53.0
232;1.49;9.2;24.9;34.3;13.0;70.0;13.84;721.8;0.0;37.0;5.6;0.066;11.64;6.3;49.0
233;1.47;6.9;22.7;29.8;15.0;73.0;12.95;721.6;0.0;36.0;5.9;0.045;12.01;5.0;28.0
234;1.44;5.1;24.8;30.2;13.0;63.0;11.04;721.9;0.0;36.0;5.1;0.011;12.16;5.3;36.0
235;1.49;6.2;27.7;34.2;10.0;64.0;11.58;722.1;0.0;36.0;6.2;0.001;11.86;8.8;51.0
236;1.49;5.2;27.4;32.7;10.0;53.0;10.06;722.8;0.0;34.0;6.5;0.0;11.08;8.5;49.0
237;1.43;4.2;25.0;29.3;12.0;57.0;10.47;723.2;0.0;35.0;5.5;0.0;10.7;7.5;46.0
238;1.34;2.7;17.5;20.4;19.0;53.0;8.1;723.5;0.0;38.0;3.9;0.0;10.49;6.9;41.0
239;1.52;2.5;17.9;20.6;18.0;40.0;9.53;723.6;0.0;41.0;4.6;0.0;10.57;3.9;41.0
240;1.61;2.3;11.9;14.3;26.0;44.0;10.09;723.4;0.0;45.0;4.6;0.0;10.65;4.5;27.0
241;1.61;2.2;11.4;13.8;26.0;40.0;9.94;723.1;0.0;47.0;;0.0;10.66;4.2;28.0
242;1.41;2.3;15.9;18.3;22.0;42.0;10.59;722.7;0.0;46.0;4.9;0.0;10.72;4.5;20.0
243;1.42;2.2;13.2;15.6;25.0;41.0;9.03;722.3;0.0;45.0;4.1;0.0;10.76;5.1;9.0
244;1.33;2.2;12.6;15.1;27.0;39.0;9.46;722.0;0.0;44.0;3.9;0.0;10.78;5.8;26.0
245;1.26;;10.5;12.9;29.0;41.0;8.59;721.8;0.0;42.0;3.5;0.0;10.71;7.6;22.0
246;1.5;2.4;16.7;19.2;23.0;36.0;8.92;721.7;0.0;38.0;4.5;0.0;10.41;8.1;13.0
247;1.7;2.7;19.6;22.4;19.0;35.0;12.14;721.8;0.0;37.0;6.1;0.0;10.08;7.2;15.0
248;1.55;5.6;24.7;30.6;13.0;45.0;10.44;722.1;0.0;38.0;5.2;0.004;9.79;7.1;14.0
249;1.62;15.5;30.7;46.3;6.0;45.0;11.85;722.4;0.0;41.0;4.6;0.031;9.79;5.4;356.0
250;1.65;27.6;31.8;59.6;6.0;57.0;16.97;722.6;0.0;41.0;7.3;0.094;10.26;4.8;6.0
251;1.75;26.1;30.7;57.0;9.0;72.0;19.42;722.5;0.0;39.0;7.8;0.153;10.97;5.0;350.0
252;1.87;22.7;31.0;53.9;12.0;74.0;20.45;722.1;0.0;37.0;9.3;0.193;11.27;7.8;10.0
253;1.74;18.3;27.1;45.6;19.0;76.0;22.43;721.3;0.0;38.0;8.1;0.373;12.11;8.1;35.0
254;1.49;8.9;18.4;27.6;33.0;82.0;21.45;720.2;0.0;41.0;6.3;0.648;13.19;9.8;77.0
255;1.44;6.6;15.4;22.2;37.0;67.0;18.79;719.6;0.0;41.0;5.1;0.472;13.29;10.3;70.0
256;1.41;5.3;14.6;20.0;38.0;59.0;16.03;719.2;0.0;38.0;6.3;0.334;13.63;10.9;48.0
257;1.42;4.9;14.4;19.5;36.0;58.0;13.33;719.1;0.0;38.0;5.0;0.17;13.44;12.9;49.0
258;1.45;3.9;18.0;22.1;30.0;65.0;12.18;719.1;0.0;40.0;4.4;0.041;12.65;11.6;55.0
259;1.52;3.5;21.7;25.4;24.0;55.0;11.34;719.3;0.0;40.0;3.8;0.001;11.91;10.3;70.0
260;1.46;2.8;20.6;23.6;23.0;47.0;10.02;719.6;0.0;41.0;3.9;0.0;11.3;7.6;86.0
261;1.36;2.5;12.3;14.9;30.0;41.0;9.47;719.8;0.0;42.0;3.5;0.0;10.77;7.3;94.0
262;;;;;;;;;;;;0.0;;;
263;1.31;2.2;8.9;11.3;31.0;33.0;9.43;719.9;0.0;47.0;3.4;0.0;9.98;6.1;110.0
264;1.31;2.2;9.5;11.9;29.0;26.0;10.35;719.8;0.0;48.0;3.3;0.0;9.52;4.3;119.0
265;1.39;2.3;17.5;19.9;18.0;35.0;10.95;719.2;0.0;51.0;3.2;0.001;8.9;2.1;176.0
266;1.4;2.2;17.8;20.2;16.0;35.0;10.85;718.8;0.0;53.0;3.4;0.001;8.76;2.1;177.0
267;1.42;3.4;20.4;23.9;13.0;21.0;12.18;718.4;0.0;55.0;3.8;0.001;8.37;4.0;219.0
268;1.54;16.1;34.0;50.3;3.0;41.0;24.97;718.1;0.0;56.0;8.5;0.001;8.16;3.7;222.0
269;1.55;13.4;33.7;47.2;3.0;74.0;26.98;717.9;0.0;56.0;13.0;0.001;7.95;3.8;215.0
270;1.59;23.1;34.9;58.3;3.0;82.0;34.92;718.2;0.0;56.0;19.5;0.0;8.2;3.2;255.0
271;1.66;33.3;33.8;67.3;;90.0;36.13;718.4;0.0;55.0;16.7;0.0;8.45;3.4;207.0
272;1.71;27.6;34.0;61.8;4.0;100.0;33.71;718.5;0.0;54.0;14.4;0.005;8.9;2.7;253.0
273;1.99;52.7;36.2;89.2;4.0;119.0;36.99;718.9;0.0;51.0;14.3;0.042;9.67;2.4;250.0
274;1.93;41.7;35.7;77.8;7.0;118.0;34.22;719.0;0.0;46.0;11.1;0.171;11.32;2.8;63.0
275;1.89;32.2;37.0;69.4;9.0;76.0;34.95;718.8;0.0;43.0;10.6;0.175;12.01;4.1;21.0
276;1.91;29.3;39.4;68.9;11.0;101.0;41.16;718.2;0.0;41.0;10.4;0.172;12.66;4.5;15.0
277;2.11;31.0;44.0;75.2;8.0;111.0;51.85;717.9;0.0;40.0;8.9;0.103;12.9;5.6;12.0
278;2.24;36.1;46.3;82.7;10.0;123.0;62.66;717.2;0.0;39.0;11.1;0.181;13.55;4.4;57.0
279;2.27;39.7;50.2;90.2;14.0;130.0;73.9;716.6;0.0;35.0;17.6;0.361;15.52;5.3;77.0
280;2.1;29.3;53.9;83.4;12.0;141.0;77.42;716.8;0.0;36.0;21.9;0.157;15.4;5.3;90.0
281;2.01;12.8;45.8;58.8;17.0;133.0;58.5;716.6;0.0;35.0;10.7;0.098;16.1;4.0;210.0
282;1.81;7.6;41.9;49.8;18.0;109.0;30.21;716.4;0.0;35.0;10.6;0.042;16.18;4.2;75.0
283;2.37;29.1;53.5;82.8;5.0;73.0;30.73;716.5;0.0;40.0;7.2;0.002;14.74;3.3;121.0
284;2.66;50.2;55.4;105.8;3.0;80.0;44.95;717.1;0.0;44.0;6.0;0.0;13.48;2.6;319.0
285;2.17;18.4;47.3;65.9;4.0;100.0;45.49;717.7;0.0;55.0;5.5;0.0;12.72;4.6;47.0
286;1.91;11.8;38.4;50.4;4.0;99.0;31.77;717.7;0.0;62.0;4.7;0.0;11.37;2.9;252.0
287;2.06;29.6;40.1;69.9;3.0;73.0;41.46;717.7;0.0;65.0;5.2;0.0;10.64;2.6;273.0
288;2.29;43.7;42.1;86.1;3.0;83.0;45.89;717.8;0.0;66.0;5.0;0.001;10.35;2.6;244.0
289;2.49;59.7;44.9;104.8;3.0;90.0;51.68;717.6;0.0;65.0;5.1;0.001;10.03;2.3;269.0
290;2.51;54.7;44.6;99.5;;97.0;53.71;717.3;0.0;66.0;5.5;0.001;9.65;2.4;237.0
291;2.55;73.5;50.0;123.7;4.0;110.0;72.22;717.0;0.0;60.0;10.2;0.0;10.14;4.1;250.0
292;2.62;91.3;51.0;142.6;4.0;189.0;87.44;716.9;0.0;60.0;9.3;0.001;9.74;3.6;244.0
293;2.26;47.4;44.5;92.1;3.0;248.0;67.77;716.6;0.0;60.0;10.8;0.001;10.08;3.8;227.0
294;1.92;14.5;36.2;50.9;3.0;143.0;46.07;716.5;0.0;59.0;11.0;0.0;10.42;3.3;251.0
295;1.94;28.1;34.4;62.7;3.0;97.0;42.09;716.8;0.0;62.0;8.1;0.0;9.74;2.7;303.0
296;2.28;67.9;35.3;103.5;;86.0;36.99;717.1;0.0;61.0;7.6;0.006;10.02;3.3;312.0
297;2.65;93.9;37.7;131.9;4.0;95.0;37.61;717.5;0.0;52.0;10.1;0.036;13.53;4.0;270.0
298;2.28;53.0;39.5;92.9;8.0;110.0;37.79;717.7;0.0;39.0;13.0;0.147;17.63;3.8;210.0
299;1.93;26.7;37.3;64.3;18.0;105.0;37.35;717.6;0.0;34.0;12.0;0.474;19.6;4.7;70.0
300;1.88;19.5;37.5;57.2;26.0;98.0;37.32;717.1;0.0;30.0;9.6;0.605;20.86;5.6;76.0
301;1.98;18.6;44.9;63.7;33.0;85.0;;716.2;0.0;29.0;10.4;0.661;21.85;5.8;71.0
302;1.81;12.2;39.3;51.7;41.0;95.0;;715.1;0.0;26.0;12.0;0.654;22.85;6.4;78.0
303;1.76;9.3;36.1;45.6;47.0;91.0;;714.5;0.0;25.0;12.9;0.567;23.72;7.1;84.0
304;1.85;7.2;36.5;43.9;53.0;97.0;;714.1;0.0;23.0;13.4;0.303;24.38;6.7;56.0
305;1.78;4.7;32.9;37.8;56.0;101.0;;713.9;0.0;23.0;9.4;0.068;24.1;7.4;68.0
306;1.94;5.0;41.7;46.9;46.0;91.0;;713.8;0.0;27.0;5.3;0.027;22.47;6.0;120.0
307;2.29;12.0;63.7;75.8;14.0;90.0;;713.9;0.0;33.0;5.4;0.002;19.95;3.4;252.0
308;2.01;5.1;46.7;52.0;31.0;87.0;;714.2;0.0;35.0;5.5;0.0;19.5;5.5;45.0
309;2.03;4.8;55.9;60.8;14.0;70.0;;714.4;0.0;38.0;6.4;0.0;17.49;3.3;279.0
310;1.98;5.8;56.0;62.1;7.0;73.0;;714.5;0.0;40.0;8.7;0.001;16.06;3.5;254.0
311;2.19;13.0;59.9;73.0;4.0;78.0;;714.5;0.0;42.0;7.9;0.001;15.94;5.0;228.0
312;2.16;7.8;61.4;69.4;4.0;91.0;;714.3;0.0;45.0;13.1;0.0;14.98;3.2;230.0
313;2.35;31.5;61.8;93.5;4.0;107.0;;714.1;0.0;48.0;15.6;0.001;14.06;2.3;233.0
314;2.32;44.5;61.2;106.0;;129.0;;713.8;0.0;48.0;15.3;0.0;13.61;3.7;203.0
315;2.03;13.3;51.1;64.6;5.0;143.0;;713.5;0.0;48.0;10.7;0.0;13.12;2.8;322.0
316;1.8;7.2;47.0;54.4;5.0;112.0;37.17;713.1;0.0;46.0;11.1;0.0;12.85;2.8;244.0
317;1.73;2.6;37.3;40.1;11.0;107.0;34.44;712.7;0.0;46.0;12.4;0.0;12.59;4.0;235.0
318;1.71;2.7;35.4;38.2;11.0;88.0;36.03;712.4;0.0;46.0;11.4;0.0;12.19;3.5;236.0
319;1.8;11.8;43.7;55.8;4.0;88.0;42.31;712.5;0.0;44.0;10.2;0.0;11.91;2.2;346.0
320;2.02;39.7;44.9;84.7;4.0;107.0;33.81;712.6;0.0;42.0;10.7;0.006;12.07;3.7;233.0
321;2.28;56.2;44.7;101.1;6.0;113.0;30.27;712.6;0.0;35.0;11.3;0.038;15.25;3.3;239.0
322;2.1;36.4;44.8;81.4;10.0;117.0;26.71;712.7;0.0;28.0;11.8;0.156;18.39;4.6;231.0
323;2.17;34.0;50.9;85.1;19.0;110.0;34.44;712.4;0.0;25.0;11.5;0.468;20.47;5.0;292.0
324;2.02;18.5;44.4;63.1;38.0;126.0;44.06;711.7;0.0;23.0;8.9;0.594;22.44;4.6;28.0
325;1.87;12.8;43.9;56.9;47.0;125.0;41.9;710.6;0.0;19.0;9.7;0.654;23.83;5.1;65.0
326;2.16;18.9;66.0;85.1;45.0;101.0;70.5;709.5;0.0;20.0;22.3;0.625;24.67;6.7;73.0
327;2.18;7.6;51.1;58.9;73.0;139.0;70.47;708.6;0.0;20.0;9.6;0.557;25.31;6.9;80.0
328;2.05;5.0;39.6;44.8;80.0;134.0;47.93;708.0;0.0;21.0;8.0;0.3;25.95;7.6;50.0
329;1.85;3.8;32.0;36.0;76.0;118.0;26.28;707.7;0.0;24.0;6.7;0.068;25.82;7.5;52.0
330;2.05;3.9;41.7;45.7;57.0;88.0;23.25;707.5;0.0;26.0;6.1;0.026;24.95;5.6;65.0
331;2.59;16.1;74.1;90.4;13.0;79.0;24.9;707.7;0.0;29.0;5.7;0.002;22.03;3.7;203.0
332;2.78;23.7;84.0;107.8;4.0;85.0;27.66;708.1;0.0;34.0;6.2;0.0;20.01;2.7;225.0
333;2.76;19.8;82.4;102.4;4.0;94.0;38.41;708.2;0.0;35.0;8.3;0.001;19.69;5.6;226.0
334;2.68;25.0;83.1;108.1;4.0;121.0;54.44;708.3;0.0;33.0;17.0;0.001;19.19;7.0;217.0
335;2.29;8.7;71.6;80.5;8.0;158.0;54.54;708.5;0.0;32.0;16.9;0.0;18.75;5.7;226.0
336;2.18;5.9;65.2;71.2;8.0;132.0;49.57;708.7;0.0;33.0;14.4;0.0;18.0;3.9;249.0
337;2.03;2.9;55.4;58.5;10.0;117.0;41.3;708.5;0.0;32.0;12.5;0.001;17.91;5.7;206.0
338;1.87;2.7;47.3;50.1;11.0;106.0;36.47;708.2;0.0;30.0;11.2;0.0;18.15;3.9;223.0
339;1.53;2.4;25.8;28.3;25.0;102.0;22.04;708.1;0.0;24.0;12.1;0.001;19.5;6.5;212.0
340;1.44;2.4;17.9;20.4;27.0;69.0;14.31;708.1;0.0;24.0;8.2;0.0;19.23;4.7;217.0
341;1.47;2.5;22.1;24.8;19.0;46.0;14.49;708.7;0.0;28.0;7.7;0.0;17.76;3.9;261.0
342;1.59;5.0;32.2;37.4;12.0;67.0;28.29;710.2;0.0;28.0;7.8;0.001;18.04;6.2;127.0
343;1.38;2.4;12.1;14.7;30.0;169.0;100.89;712.1;0.0;25.0;4.3;0.0;17.03;12.3;27.0
344;1.33;2.5;10.0;12.7;28.0;;55.01;713.5;0.0;28.0;3.4;0.008;15.7;10.5;19.0
345;1.35;4.7;11.7;16.6;25.0;448.0;35.1;714.5;0.0;30.0;3.3;0.055;15.38;9.7;14.0
346;1.36;5.0;10.6;15.8;27.0;277.0;32.62;715.6;0.0;32.0;3.4;0.184;15.47;11.8;346.0
347;1.39;5.5;9.9;15.6;30.0;284.0;31.54;716.3;0.0;30.0;3.7;0.433;15.36;15.4;355.0
348;1.46;5.3;9.1;14.6;32.0;313.0;32.35;716.7;0.0;27.0;4.5;0.553;15.35;17.2;6.0
349;1.36;5.4;9.7;15.4;33.0;332.0;19.73;716.5;0.0;22.0;3.5;0.472;15.89;16.7;6.0
350;1.32;4.9;8.5;13.6;35.0;172.0;18.15;715.7;0.0;20.0;3.5;0.628;17.34;13.9;326.0
351;1.29;3.6;6.8;10.7;36.0;171.0;16.16;715.3;0.0;20.0;3.1;0.374;17.01;15.9;313.0
352;1.29;3.5;6.7;10.5;35.0;153.0;15.25;715.0;0.0;20.0;3.1;0.344;17.34;14.7;323.0
353;1.39;3.9;9.9;14.0;33.0;132.0;17.47;715.0;0.0;21.0;4.1;0.1;17.12;10.7;337.0
354;1.3;2.9;9.1;12.2;32.0;131.0;17.56;715.1;0.0;22.0;3.5;0.032;16.79;7.5;307.0
355;1.38;2.6;13.2;16.0;30.0;124.0;21.75;715.7;0.0;17.0;4.4;0.002;14.85;12.2;21.0
356;1.37;2.3;16.0;18.4;27.0;165.0;27.82;716.5;0.0;18.0;4.6;0.0;13.24;5.1;145.0
357;1.38;3.3;27.2;30.7;17.0;166.0;33.03;717.1;0.0;19.0;9.0;0.0;12.49;9.5;98.0
358;1.4;2.5;24.1;26.8;18.0;185.0;32.43;717.4;0.0;20.0;5.5;0.001;11.72;8.8;121.0
359;1.38;2.3;19.0;21.4;22.0;174.0;31.2;717.8;0.0;21.0;4.1;0.001;11.38;8.5;126.0
360;1.33;2.2;14.1;16.5;26.0;164.0;29.06;717.9;0.0;22.0;3.9;0.001;11.03;5.4;130.0
361;1.32;2.1;13.7;16.0;24.0;142.0;26.96;717.8;0.0;23.0;3.3;0.001;10.45;3.4;145.0
362;1.34;2.2;13.4;15.7;22.0;127.0;26.45;717.5;0.0;26.0;3.4;0.001;9.69;3.0;92.0
363;1.38;2.2;15.7;18.1;19.0;123.0;26.74;717.5;0.0;28.0;3.2;0.001;9.23;4.7;119.0
364;1.34;;17.9;20.3;19.0;127.0;23.64;717.5;0.0;26.0;3.7;0.001;8.82;4.6;136.0
365;1.28;2.1;11.3;13.6;25.0;111.0;20.18;717.0;0.0;27.0;4.8;0.001;8.47;3.2;169.0
366;1.27;2.1;9.4;11.8;24.0;124.0;19.98;716.8;0.0;30.0;3.7;0.001;7.76;2.8;234.0
367;1.36;3.1;17.3;20.5;14.0;95.0;20.73;716.8;0.0;35.0;3.6;0.001;7.38;2.5;232.0
368;1.49;8.7;23.6;32.5;7.0;97.0;21.95;717.1;0.0;38.0;4.1;0.008;6.99;2.5;183.0
369;1.52;12.2;23.5;36.0;13.0;93.0;21.4;717.4;0.0;29.0;4.3;0.047;9.99;3.0;96.0
370;1.37;7.1;14.3;21.7;26.0;102.0;20.91;717.6;0.0;23.0;4.2;0.189;11.68;5.0;100.0
371;1.32;5.9;11.8;17.9;33.0;108.0;16.68;717.5;0.0;20.0;3.7;0.488;12.47;6.9;97.0
372;1.36;7.0;13.7;20.9;35.0;94.0;18.41;716.9;0.0;18.0;4.3;0.614;13.85;7.0;70.0
373;1.37;6.2;12.9;19.3;39.0;105.0;20.5;716.0;0.0;17.0;4.8;0.676;15.22;6.4;51.0
374;1.43;7.4;16.7;24.4;40.0;106.0;24.82;714.8;0.0;17.0;6.0;0.675;16.47;6.3;35.0
375;1.7;6.2;17.1;23.5;46.0;109.0;36.64;713.9;0.0;16.0;5.4;0.603;17.56;6.7;71.0
376;1.63;4.5;14.5;19.2;50.0;117.0;38.43;713.3;0.0;15.0;5.1;0.343;18.5;7.2;56.0
377;1.57;4.0;12.0;16.2;47.0;112.0;23.38;713.1;0.0;17.0;4.0;0.079;18.27;9.4;62.0
378;1.58;3.1;12.6;15.9;42.0;96.0;18.21;713.1;0.0;19.0;3.6;0.027;17.25;8.3;73.0
379;1.48;2.4;15.6;18.1;37.0;87.0;18.3;713.2;0.0;21.0;3.5;0.002;15.67;7.2;109.0
380;1.58;2.3;26.6;29.1;22.0;79.0;21.49;713.4;0.0;24.0;3.6;0.001;14.16;4.0;173.0
381;1.7;2.5;34.0;36.7;14.0;73.0;22.15;713.7;0.0;27.0;3.7;0.001;13.68;3.1;207.0
382;1.93;4.6;43.3;48.0;5.0;80.0;30.53;713.9;0.0;30.0;6.1;0.001;12.65;3.7;214.0
383;1.96;6.2;44.1;50.5;4.0;89.0;37.51;713.8;0.0;30.0;11.6;0.001;12.2;3.7;248.0
384;2.01;13.5;43.6;57.4;3.0;104.0;35.82;713.8;0.0;34.0;9.2;0.001;11.01;2.9;263.0
385;2.32;36.9;44.6;81.8;4.0;100.0;52.52;713.7;0.0;36.0;7.9;0.001;10.13;2.9;244.0
386;2.07;29.3;44.5;74.0;3.0;116.0;43.85;713.7;0.0;35.0;12.8;0.001;10.08;2.9;294.0
387;1.9;31.7;44.8;76.7;3.0;121.0;51.43;713.5;0.0;34.0;20.4;0.001;9.77;3.4;265.0
388;1.77;17.5;43.8;61.5;3.0;172.0;49.64;713.4;0.0;32.0;17.9;0.001;9.55;2.7;276.0
389;1.64;7.0;36.6;43.9;6.0;161.0;38.4;713.5;0.0;32.0;14.4;0.0;9.45;2.8;11.0
390;1.52;3.1;31.5;34.8;8.0;115.0;28.81;713.4;0.0;31.0;11.1;0.0;9.44;3.6;214.0
391;1.54;7.6;37.0;44.8;5.0;93.0;24.14;713.7;0.0;29.0;12.4;0.001;9.52;3.6;211.0
392;1.71;20.5;39.2;59.9;4.0;85.0;23.75;714.1;0.0;27.0;12.2;0.006;10.02;4.0;214.0
393;1.95;46.0;40.2;86.5;6.0;99.0;25.19;714.5;0.0;22.0;12.0;0.039;12.92;5.5;232.0
394;1.93;42.1;42.7;85.1;10.0;109.0;26.48;714.7;0.0;16.0;12.0;0.194;16.14;6.5;219.0
395;1.82;30.7;40.2;71.1;18.0;121.0;24.27;714.8;0.0;12.0;11.6;0.51;19.4;5.0;147.0
396;1.94;41.3;48.3;89.8;21.0;113.0;40.0;714.5;0.0;11.0;14.4;0.629;20.68;5.6;9.0
397;1.94;24.9;48.0;73.1;32.0;117.0;46.44;713.8;0.0;9.0;14.8;0.681;21.47;8.9;60.0
398;1.66;10.9;32.5;43.5;46.0;124.0;33.2;713.0;0.0;9.0;7.0;0.681;21.88;9.7;59.0
399;1.54;6.6;22.6;29.4;53.0;91.0;23.65;712.2;0.0;11.0;5.5;0.61;22.42;11.5;50.0
400;1.53;4.3;19.9;24.4;66.0;91.0;22.79;712.0;0.0;11.0;6.7;0.356;22.79;12.4;60.0
401;1.52;3.5;20.7;24.4;69.0;99.0;18.94;711.9;0.0;12.0;7.5;0.076;22.71;11.5;76.0
402;1.55;2.9;24.6;27.7;61.0;83.0;19.37;712.1;0.0;14.0;7.4;0.031;21.41;11.4;64.0
403;1.56;2.8;25.9;28.9;37.0;86.0;17.24;712.3;0.0;18.0;4.8;0.002;19.41;9.9;63.0
404;1.68;3.8;38.4;42.4;16.0;80.0;15.49;712.9;0.0;18.0;4.0;0.0;18.0;6.2;73.0
405;1.52;2.9;29.1;32.2;25.0;63.0;15.11;713.1;0.0;18.0;3.8;0.0;17.23;5.8;69.0
406;1.59;2.6;31.1;33.9;21.0;60.0;16.21;713.2;0.0;24.0;4.7;0.0;15.52;3.6;216.0
407;1.77;4.5;44.6;49.3;7.0;62.0;19.55;713.1;0.0;27.0;4.9;0.001;14.04;3.3;263.0
408;1.71;10.2;42.8;53.2;7.0;67.0;25.48;713.0;0.0;35.0;6.2;0.001;12.82;3.3;279.0
409;1.64;2.6;35.2;38.0;9.0;75.0;27.5;712.8;0.0;52.0;4.8;0.001;12.0;3.4;281.0
410;1.62;2.4;27.4;29.9;12.0;77.0;30.59;712.4;0.0;59.0;4.5;0.001;11.28;2.2;269.0
411;1.65;2.7;27.1;30.0;10.0;82.0;27.25;711.9;0.0;62.0;4.2;0.001;10.55;2.6;250.0
412;1.77;7.5;36.3;44.0;3.0;78.0;27.7;711.6;0.0;62.0;4.3;0.001;10.16;1.8;270.0
413;1.79;16.7;38.5;55.5;3.0;77.0;32.71;711.4;0.0;60.0;4.6;0.001;9.67;2.5;262.0
414;1.86;39.8;45.0;85.0;3.0;94.0;50.2;711.3;0.0;49.0;9.9;0.001;9.5;2.7;266.0
415;1.9;35.4;39.1;74.8;;148.0;40.18;711.6;0.0;56.0;6.5;0.001;9.3;2.3;250.0
416;2.26;86.6;43.5;130.4;;115.0;55.29;711.6;0.0;49.0;8.3;0.007;9.31;2.1;278.0
417;2.74;94.8;45.5;140.6;5.0;175.0;53.75;711.8;0.0;38.0;11.7;0.04;13.2;2.7;240.0
418;2.47;83.2;54.2;137.6;9.0;168.0;51.12;711.9;0.0;26.0;15.3;0.205;16.95;4.1;65.0
419;2.86;96.6;77.1;173.9;12.0;149.0;78.04;712.0;0.0;23.0;15.1;0.468;18.64;6.0;74.0
420;2.63;65.6;79.2;145.0;17.0;195.0;104.74;711.7;0.0;22.0;18.3;0.579;19.93;7.1;78.0
421;2.16;28.3;63.8;92.2;31.0;211.0;93.69;711.1;0.0;19.0;16.2;0.641;21.03;6.4;85.0
422;2.11;16.8;60.7;77.8;44.0;170.0;85.84;710.1;0.0;17.0;13.2;0.628;22.97;6.4;80.0
423;2.06;8.8;47.6;56.6;62.0;169.0;73.73;709.5;0.0;17.0;7.8;0.56;24.32;8.4;77.0
424;1.82;4.9;29.0;34.0;70.0;145.0;39.46;709.3;0.0;18.0;6.5;0.346;25.07;9.7;62.0
425;1.81;4.2;30.8;35.2;68.0;115.0;28.77;709.1;0.0;20.0;6.2;0.083;25.28;8.5;58.0
426;2.02;3.8;46.3;50.2;54.0;101.0;26.93;709.1;0.0;22.0;6.7;0.032;24.15;7.8;48.0
427;2.24;5.7;66.2;72.1;28.0;101.0;30.0;709.3;0.0;25.0;7.1;0.002;21.55;4.7;351.0
428;2.56;13.5;89.1;102.8;4.0;105.0;36.75;709.9;0.0;28.0;10.4;0.0;19.42;3.2;248.0
429;2.44;7.4;78.4;86.0;8.0;126.0;34.94;710.3;0.0;29.0;8.6;0.001;18.78;3.5;228.0
430;2.56;19.9;79.9;100.0;4.0;112.0;45.44;710.4;0.0;31.0;15.6;0.001;18.06;4.1;234.0
431;2.54;23.4;76.0;99.6;3.0;134.0;49.94;710.5;0.0;33.0;19.3;0.0;17.16;3.2;239.0
432;2.36;20.1;70.0;90.3;3.0;135.0;50.95;710.6;0.0;33.0;15.2;0.0;16.58;3.6;277.0
433;2.29;31.9;68.1;100.2;3.0;128.0;53.16;710.3;0.0;33.0;18.4;0.0;16.07;3.1;328.0
434;1.92;6.8;57.7;64.7;5.0;146.0;41.13;710.2;0.0;32.0;13.8;0.0;16.09;3.4;287.0
435;1.89;6.9;56.3;63.4;3.0;109.0;40.97;710.1;0.0;33.0;11.3;0.0;15.05;2.8;243.0
436;1.78;3.4;45.7;49.2;6.0;117.0;39.03;710.2;0.0;35.0;10.4;0.0;14.82;3.2;269.0
437;1.7;8.0;44.3;52.6;5.0;110.0;35.3;710.1;0.0;33.0;10.9;0.0;14.84;2.5;272.0
438;1.53;2.5;26.8;29.5;16.0;114.0;24.16;710.0;0.0;30.0;10.4;0.0;15.44;3.8;237.0
439;1.64;15.2;36.8;52.2;6.0;85.0;26.0;710.3;0.0;31.0;8.6;0.0;14.64;2.9;239.0
440;2.23;66.1;42.5;108.9;3.0;97.0;37.7;710.6;0.0;34.0;8.3;0.006;14.2;3.8;267.0
441;2.86;118.6;50.5;169.4;5.0;137.0;61.44;710.9;0.0;30.0;10.3;0.04;17.11;4.2;332.0
442;2.41;85.6;43.0;128.9;12.0;191.0;44.77;711.2;0.0;21.0;9.2;0.201;22.45;9.5;193.0
443;1.37;5.5;10.2;16.0;30.0;193.0;9.72;711.3;0.0;16.0;4.5;0.495;26.83;13.5;273.0
444;1.36;4.5;7.5;12.2;32.0;101.0;7.27;711.1;0.0;15.0;3.8;0.611;27.73;11.8;303.0
445;1.39;5.5;8.9;14.7;32.0;68.0;7.88;710.4;0.0;14.0;3.8;0.678;28.24;14.3;314.0
446;1.39;4.6;7.9;12.8;35.0;79.0;5.85;709.5;0.0;12.0;3.6;0.69;28.88;14.3;317.0
447;1.39;5.0;8.3;13.5;34.0;57.0;5.5;708.7;0.0;12.0;3.6;0.617;29.3;14.5;312.0
448;1.39;4.2;8.5;13.0;33.0;48.0;4.75;708.5;0.0;11.0;3.7;0.396;29.97;11.1;309.0
449;1.44;5.3;10.5;16.1;33.0;41.0;4.46;708.5;0.0;9.0;3.6;0.075;30.2;7.3;298.0
450;1.5;3.4;16.2;19.8;36.0;36.0;6.53;708.6;0.0;11.0;3.8;0.028;28.94;7.0;36.0
451;1.73;3.1;28.3;31.5;34.0;42.0;14.54;709.2;0.0;20.0;12.2;0.002;25.94;8.7;97.0
452;1.59;2.4;17.6;20.2;45.0;66.0;14.62;710.1;0.0;22.0;9.5;0.0;24.65;8.6;93.0
453;1.68;3.1;23.0;26.2;37.0;54.0;16.49;710.8;0.0;25.0;6.0;0.0;23.16;4.9;61.0
454;1.59;2.5;19.6;22.3;30.0;54.0;15.82;711.3;0.0;28.0;13.4;0.0;22.38;4.6;90.0
455;1.72;2.7;27.5;30.4;20.0;48.0;17.76;711.7;0.0;32.0;9.9;0.0;20.56;2.8;305.0
456;1.67;3.0;30.5;33.7;16.0;50.0;16.42;712.1;0.0;31.0;10.8;0.0;20.89;5.4;37.0
457;1.46;2.3;16.5;19.0;26.0;58.0;9.96;712.2;0.0;31.0;6.7;0.0;19.89;4.0;293.0
458;1.59;2.4;28.8;31.4;13.0;37.0;11.78;712.4;0.0;34.0;7.9;0.0;18.98;3.4;299.0
459;1.64;2.4;26.2;28.8;13.0;48.0;11.67;712.5;0.0;35.0;6.6;0.001;18.43;2.6;157.0
460;1.5;2.3;15.7;18.2;22.0;41.0;8.82;712.6;0.0;36.0;5.5;0.0;17.9;2.5;203.0
461;1.42;2.4;11.8;14.3;25.0;40.0;14.34;713.1;0.0;38.0;4.9;0.0;16.52;9.4;40.0
462;1.48;2.3;9.8;12.4;28.0;138.0;13.83;714.1;0.0;40.0;4.5;0.0;14.77;11.4;60.0
463;1.45;2.6;12.2;15.0;28.0;96.0;13.02;714.6;0.0;40.0;4.4;0.0;13.83;13.0;40.0
464;1.46;3.8;15.4;19.4;21.0;88.0;19.47;715.5;0.0;42.0;5.2;0.007;12.15;11.8;43.0
465;1.45;5.9;16.8;22.9;18.0;127.0;27.11;716.4;0.0;42.0;4.7;0.066;10.57;13.1;50.0
466;1.52;7.2;17.6;25.1;19.0;196.0;24.78;717.3;0.0;40.0;4.8;0.107;9.82;12.4;51.0
467;1.49;7.8;14.2;22.2;23.0;163.0;21.43;717.7;0.0;39.0;4.8;0.298;10.04;13.8;56.0
468;1.48;7.9;13.3;21.4;24.0;137.0;19.05;717.7;0.0;36.0;4.6;0.389;10.79;12.5;41.0
469;1.52;8.6;13.0;21.9;25.0;111.0;19.37;717.1;0.0;34.0;4.6;0.504;11.21;11.4;35.0
470;1.55;7.3;14.1;21.6;27.0;116.0;19.02;716.4;0.0;33.0;;0.361;11.72;9.1;34.0
471;1.49;7.9;14.9;23.1;25.0;104.0;17.04;715.8;0.0;32.0;4.8;0.355;11.8;12.1;53.0
472;1.56;9.7;17.0;27.0;21.0;101.0;20.48;715.9;0.0;31.0;5.3;0.26;11.12;12.3;46.0
473;1.54;8.9;19.2;28.3;17.0;125.0;16.93;716.1;0.0;33.0;5.4;0.109;9.78;11.2;39.0
474;1.53;7.6;21.5;29.4;14.0;110.0;20.7;716.6;0.0;34.0;7.4;0.04;8.24;12.5;51.0
475;1.5;6.6;23.4;30.3;11.0;112.0;15.97;717.3;0.0;36.0;7.9;0.003;7.12;10.7;69.0
476;1.44;4.7;22.4;27.4;12.0;89.0;14.42;717.8;0.0;37.0;8.0;0.0;6.63;10.5;76.0
477;1.4;3.8;21.2;25.3;13.0;68.0;15.66;718.3;0.0;37.0;8.6;0.0;6.11;11.0;82.0
478;1.46;3.9;21.2;25.3;12.0;68.0;14.55;718.7;0.0;36.0;9.0;0.0;5.48;9.5;63.0
479;1.39;4.0;21.4;25.6;12.0;68.0;13.48;718.9;0.0;37.0;10.4;0.0;5.04;8.0;59.0
480;1.38;3.5;22.7;26.5;11.0;65.0;13.44;718.9;0.0;37.0;9.5;0.0;4.87;7.6;79.0
481;1.47;2.5;16.9;19.6;17.0;65.0;11.76;718.8;0.0;38.0;5.7;0.0;4.58;8.0;41.0
482;1.45;2.4;14.3;16.9;19.0;59.0;10.79;718.5;0.0;47.0;4.7;0.0;3.92;9.1;42.0
483;1.62;3.0;20.9;24.1;11.0;64.0;12.21;718.3;0.0;62.0;5.1;0.0;2.88;5.6;65.0
484;1.47;3.1;24.9;28.1;6.0;61.0;15.29;718.1;0.0;67.0;6.3;0.0;2.71;3.3;36.0
485;1.72;3.2;19.4;22.8;10.0;56.0;17.87;717.9;0.0;76.0;4.6;0.0;2.41;7.6;39.0
486;1.71;2.5;16.1;18.8;12.0;47.0;19.68;718.1;0.0;82.0;4.5;0.0;1.78;6.0;20.0
487;1.71;13.3;26.9;40.4;3.0;44.0;20.9;718.2;0.0;82.0;4.5;0.0;1.65;6.6;53.0
488;1.73;13.1;25.0;38.3;4.0;50.0;14.93;718.6;0.0;80.0;4.9;0.001;1.52;6.3;91.0
489;1.76;28.9;26.4;55.5;3.0;46.0;20.25;719.0;0.0;79.0;6.3;0.01;1.87;6.4;71.0
490;2.06;33.6;27.2;61.0;4.0;47.0;24.59;719.3;0.0;79.0;6.9;0.04;1.78;7.3;67.0
491;1.77;32.8;26.1;59.1;6.0;68.0;23.42;719.6;0.0;76.0;9.8;0.076;2.08;6.4;55.0
492;1.88;37.5;27.5;65.2;8.0;62.0;31.1;719.4;0.0;73.0;9.3;0.18;3.21;4.5;104.0
493;1.93;35.9;27.7;63.7;9.0;72.0;39.52;718.7;0.0;69.0;7.2;0.232;4.48;4.7;21.0
494;2.06;42.6;31.4;74.3;12.0;78.0;51.55;717.8;0.0;64.0;7.4;0.484;6.52;5.3;19.0
495;2.18;39.3;40.8;80.3;10.0;99.0;64.73;717.3;0.0;62.0;7.1;0.206;6.74;5.6;18.0
496;2.29;51.4;42.5;94.2;10.0;120.0;69.51;716.8;0.0;59.0;12.3;0.266;7.19;8.2;64.0
497;2.21;33.6;41.5;75.3;9.0;123.0;60.13;716.6;0.0;57.0;9.7;0.14;7.73;7.5;90.0
498;2.18;31.7;42.9;74.8;5.0;111.0;57.48;716.7;0.0;59.0;7.6;0.044;7.17;8.0;64.0
499;2.09;24.2;40.0;64.5;3.0;108.0;54.63;717.0;0.0;64.0;5.4;0.002;6.5;8.3;74.0
500;1.94;25.3;32.6;58.0;3.0;92.0;45.23;717.6;0.0;72.0;4.8;0.0;5.53;7.4;58.0
501;1.79;17.3;28.8;46.4;3.0;66.0;46.83;717.8;0.0;76.0;4.8;0.0;4.78;6.1;39.0
502;1.74;14.7;24.2;39.0;;64.0;56.28;717.9;0.0;78.0;6.1;0.0;4.5;6.9;59.0
503;1.65;15.8;22.4;38.5;;70.0;58.4;718.0;0.0;79.0;7.0;0.0;4.27;6.3;56.0
504;1.6;4.6;21.4;26.2;4.0;78.0;54.11;717.8;0.0;79.0;33.4;0.0;4.46;5.8;48.0
505;1.64;12.8;21.1;34.1;4.0;74.0;63.47;717.5;0.0;77.0;73.9;0.0;4.72;6.5;36.0
506;1.55;5.9;18.0;24.1;8.0;78.0;47.22;717.4;0.0;76.0;48.8;0.0;4.58;7.4;44.0
507;1.5;4.3;16.6;21.2;10.0;60.0;39.28;717.2;0.0;72.0;35.8;0.0;4.6;7.6;51.0
508;1.5;2.7;14.3;17.1;12.0;52.0;41.47;717.0;0.0;73.0;15.2;0.0;4.53;7.4;51.0
509;1.43;2.6;12.9;15.7;19.0;56.0;27.51;717.0;0.0;68.0;13.5;0.0;4.38;6.9;65.0
510;1.43;2.5;14.9;17.5;19.0;48.0;25.15;717.1;0.0;64.0;14.7;0.0;4.34;6.0;80.0
511;1.46;3.3;23.5;27.0;10.0;50.0;30.77;717.7;0.0;63.0;15.0;0.0;4.45;4.1;78.0
512;1.53;6.2;28.2;34.6;4.0;55.0;33.37;718.1;0.0;64.0;12.4;0.003;4.55;5.0;65.0
513;1.77;15.1;29.7;45.1;5.0;61.0;37.19;718.8;0.0;65.0;13.2;0.024;4.56;6.4;71.0
514;1.87;24.1;31.5;55.8;6.0;71.0;51.37;719.3;0.0;70.0;14.3;0.056;4.37;5.5;70.0
515;2.01;35.8;33.3;69.3;6.0;91.0;68.42;719.7;0.0;77.0;12.8;0.095;4.19;4.8;57.0
516;2.14;46.7;35.8;82.8;6.0;105.0;87.12;719.4;0.0;81.0;13.4;0.103;4.39;4.1;83.0
517;2.35;50.6;38.9;89.8;5.0;107.0;98.16;718.7;0.0;82.0;12.9;0.068;4.82;4.6;57.0
518;2.19;35.5;36.4;72.1;5.0;115.0;71.3;718.1;0.0;84.0;9.0;0.06;4.96;4.8;11.0
519;2.12;26.9;33.6;60.7;5.0;81.0;48.35;717.5;0.0;85.0;6.3;0.052;5.23;5.5;27.0
520;2.0;26.3;34.1;60.6;;61.0;51.4;717.2;0.0;86.0;5.8;0.051;5.34;6.6;61.0
521;1.87;16.4;32.0;48.7;;67.0;36.36;717.2;0.0;87.0;5.4;0.032;5.44;6.2;56.0
522;1.84;15.1;33.4;48.7;4.0;48.0;28.41;717.4;0.0;87.0;4.9;0.011;5.65;5.6;61.0
523;1.86;18.3;35.5;54.0;2.0;42.0;26.27;717.5;0.0;88.0;4.8;0.001;5.75;5.4;64.0
524;1.84;11.5;32.2;43.9;3.0;42.0;18.42;717.8;0.0;88.0;4.5;0.0;5.8;5.1;44.0
525;1.72;4.8;25.0;30.0;7.0;34.0;14.22;718.1;0.0;88.0;4.4;0.0;5.93;5.7;35.0
526;1.68;4.8;23.6;28.6;8.0;32.0;17.03;718.2;0.0;89.0;4.5;0.0;6.0;5.9;31.0
527;1.64;6.8;24.2;31.1;7.0;31.0;21.35;718.3;0.0;89.0;5.0;0.0;6.05;7.0;31.0
528;1.79;9.5;25.9;35.6;3.0;37.0;20.8;718.2;0.0;89.0;5.5;0.0;5.82;7.5;6.0
529;2.18;8.1;25.1;33.4;4.0;36.0;22.66;717.7;0.0;90.0;5.6;0.0;5.54;7.9;1.0
530;1.93;5.1;25.6;30.9;4.0;32.0;20.38;717.3;0.0;90.0;5.0;0.0;5.52;5.6;6.0
531;1.97;6.6;25.7;32.5;3.0;32.0;21.9;717.0;0.0;90.0;5.3;0.0;5.62;3.3;10.0
532;1.94;7.2;26.3;33.8;2.0;39.0;24.38;716.6;0.0;90.0;5.6;0.0;5.65;2.1;31.0
533;1.88;5.8;25.2;31.2;3.0;39.0;26.45;716.6;0.0;90.0;5.6;0.0;5.77;2.0;13.0
534;1.6;3.4;17.2;20.8;9.0;41.0;19.45;716.5;0.0;90.0;4.8;0.0;5.76;3.8;47.0
535;1.57;2.6;14.6;17.4;10.0;38.0;15.62;716.6;0.0;91.0;4.7;0.0;5.73;3.4;68.0
536;1.61;4.5;20.2;24.9;6.0;32.0;19.59;717.0;0.0;91.0;4.7;0.002;5.79;3.7;54.0
537;1.62;6.7;20.8;27.8;7.0;30.0;17.13;717.3;0.0;91.0;4.4;0.02;5.68;4.6;23.0
538;1.91;9.8;21.1;31.2;8.0;29.0;20.11;717.6;0.0;91.0;4.5;0.046;5.77;5.1;12.0
539;1.84;5.4;15.5;21.1;16.0;36.0;17.86;717.7;0.0;91.0;4.5;0.068;5.76;6.1;8.0
540;1.64;5.8;14.9;21.0;15.0;28.0;14.17;717.3;0.0;91.0;4.3;0.082;5.9;5.9;7.0
541;1.72;8.2;19.5;27.9;13.0;28.0;26.37;716.6;0.0;91.0;4.3;0.093;6.24;4.4;12.0
542;1.72;8.3;21.5;30.0;13.0;36.0;27.67;715.7;0.0;;4.5;0.075;6.43;4.4;54.0
543;1.73;11.6;25.9;37.8;9.0;41.0;35.97;714.9;0.0;;4.9;0.071;6.69;2.3;101.0
544;1.81;12.3;27.6;40.1;8.0;53.0;46.34;714.3;0.0;;5.6;0.049;6.86;3.5;56.0
545;1.83;8.0;27.1;35.2;9.0;65.0;35.05;714.0;0.0;;4.8;0.026;7.11;5.5;53.0
546;1.86;5.2;27.3;32.7;9.0;46.0;32.11;713.8;0.0;;4.4;0.008;7.18;5.0;60.0
547;1.9;5.0;29.4;34.6;6.0;45.0;28.88;713.6;0.0;;4.3;0.001;7.3;5.6;50.0
548;1.8;3.7;23.0;26.9;12.0;34.0;24.9;713.6;0.0;;4.2;0.0;7.33;6.4;52.0
549;1.78;3.0;16.2;19.4;15.0;38.0;24.5;713.6;0.0;;4.2;0.0;7.32;4.6;55.0
550;;;;;;;;;;;;;;;
551;;;;;;;;;;;;;;;
552;;;;;;;;;;;;;;;
553;;;;;;;;;;;;;;;
554;;;;;;;;;;;;;;;
555;;;;;;;;;;;;;;;
556;;;;;;;;;;;;;;;
557;;;;;;;;;;;;;;;
558;;;;;;;;;;;;;;;
559;;;;;;;;;;;;;;;
560;;;;;;;;;;;;;;;
561;;;;;;;;;;;;;;;
562;;;;;;;;;;;;;;;
563;;;;;;;63.47;;;;;;;;
564;1.57;59.8;25.7;85.8;3.0;100.0;71.64;711.0;0.0;91.0;6.1;0.083;8.62;2.6;6.0
565;1.89;71.7;29.2;101.2;3.0;112.0;77.91;710.1;0.0;91.0;5.8;0.083;9.0;4.6;94.0
566;1.88;60.7;30.5;91.5;4.0;126.0;64.88;709.3;0.0;91.0;5.4;0.153;9.99;3.3;94.0
567;1.79;52.8;34.5;87.7;6.0;94.0;64.43;708.7;0.0;87.0;5.3;0.197;11.54;3.4;324.0
568;1.63;42.0;35.4;77.7;5.0;97.0;66.37;708.5;0.0;80.0;5.1;0.119;12.24;3.3;217.0
569;1.97;57.8;39.8;97.9;4.0;101.0;74.45;708.4;0.0;77.0;5.1;0.077;12.88;3.0;229.0
570;2.12;70.8;41.0;112.0;3.0;119.0;85.03;708.4;0.0;79.0;;0.019;12.69;3.4;230.0
571;2.46;90.8;44.3;135.4;2.0;135.0;105.87;708.5;0.0;79.0;5.6;0.002;12.68;3.9;225.0
572;2.95;126.6;41.0;167.9;3.0;164.0;108.14;708.9;0.0;79.0;6.3;0.001;12.64;3.6;214.0
573;2.64;108.3;32.1;140.7;3.0;174.0;86.44;709.4;0.0;81.0;6.0;0.001;12.39;3.4;199.0
574;2.56;113.9;34.1;148.3;3.0;141.0;98.33;709.8;0.0;79.0;6.2;0.001;12.4;3.2;221.0
575;2.33;101.5;30.2;132.0;2.0;172.0;88.92;710.4;0.0;78.0;6.1;0.001;12.59;3.3;216.0
576;1.83;71.5;26.5;98.3;2.0;158.0;67.33;710.6;0.0;79.0;5.7;0.001;12.48;3.9;260.0
577;1.58;63.4;24.3;88.0;2.0;114.0;50.72;710.2;0.0;80.0;5.5;0.001;12.17;3.7;160.0
578;1.26;38.1;22.3;60.7;;83.0;38.9;710.0;0.0;80.0;5.2;0.001;11.73;3.3;244.0
579;1.32;45.6;19.9;65.9;;69.0;37.95;710.0;0.0;83.0;4.9;0.001;10.85;3.5;276.0
580;1.56;72.8;20.7;93.9;;68.0;48.98;710.3;0.0;86.0;5.0;0.001;10.29;3.4;259.0
581;1.57;61.7;18.9;81.1;;82.0;51.74;710.5;0.0;87.0;4.9;0.001;9.71;2.7;247.0
582;1.48;53.7;18.9;73.0;;76.0;49.09;710.7;0.0;88.0;4.7;0.001;9.45;2.6;271.0
583;1.45;65.1;18.0;83.5;;76.0;49.22;711.2;0.0;88.0;4.8;0.001;9.35;2.6;290.0
584;1.99;99.3;18.5;118.1;3.0;75.0;55.25;711.6;0.0;88.0;5.1;0.008;9.25;2.9;243.0
585;2.09;126.0;29.0;155.4;3.0;92.0;48.49;712.1;0.0;81.0;5.4;0.045;12.24;2.9;12.0
586;1.93;95.6;36.8;132.7;5.0;101.0;43.62;712.3;0.0;60.0;6.3;0.242;16.41;3.5;84.0
587;1.23;30.9;28.1;59.3;13.0;104.0;38.11;712.3;0.0;48.0;7.9;0.507;18.51;4.1;32.0
588;1.49;38.3;40.8;79.2;16.0;86.0;50.82;712.1;0.0;45.0;11.6;0.628;19.5;5.8;52.0
589;1.48;31.3;43.9;75.5;23.0;106.0;60.16;711.6;0.0;44.0;14.6;0.703;19.93;8.1;69.0
590;1.05;11.3;27.5;39.1;36.0;110.0;33.45;710.8;0.0;33.0;8.6;0.707;21.1;8.6;61.0
591;0.99;8.1;25.9;34.2;45.0;82.0;32.68;710.3;0.0;31.0;6.1;0.621;21.74;9.6;71.0
592;0.9;5.8;19.6;25.7;46.0;71.0;23.04;710.1;0.0;31.0;5.7;0.409;21.99;11.0;67.0
593;0.95;4.6;22.4;27.3;52.0;63.0;24.82;710.1;0.0;34.0;8.1;0.089;21.69;11.4;80.0
594;0.93;3.2;23.8;27.2;58.0;70.0;20.05;710.3;0.0;36.0;15.6;0.042;20.84;9.2;91.0
595;1.0;3.1;29.5;32.8;33.0;63.0;14.93;710.9;0.0;40.0;7.2;0.004;19.14;7.4;81.0
596;0.9;2.7;21.7;24.6;34.0;52.0;11.75;711.8;0.0;40.0;5.6;0.001;18.12;6.8;92.0
597;0.78;2.8;15.7;18.7;32.0;40.0;9.68;712.4;0.0;43.0;4.9;0.001;17.35;9.4;82.0
598;0.78;2.9;13.9;17.0;32.0;38.0;11.32;713.0;0.0;56.0;4.8;0.001;15.34;9.3;58.0
599;0.76;2.7;12.3;15.1;31.0;46.0;10.91;713.3;0.0;61.0;4.6;0.001;14.62;8.4;84.0
600;0.72;2.6;8.5;11.3;34.0;37.0;10.1;713.5;0.0;64.0;4.4;0.001;13.9;10.2;78.0
601;0.75;2.5;9.1;11.8;33.0;42.0;15.21;713.8;0.0;75.0;4.3;0.001;12.51;8.5;47.0
602;0.74;2.5;6.6;9.4;30.0;34.0;18.35;713.8;0.0;84.0;4.3;0.001;11.59;8.8;62.0
603;0.73;;5.7;8.4;27.0;39.0;18.04;714.0;0.0;86.0;4.2;0.001;11.19;9.1;51.0
604;0.74;;7.3;10.0;22.0;35.0;21.23;714.1;0.0;88.0;4.4;0.001;10.47;9.4;46.0
605;0.74;;6.6;9.3;24.0;39.0;18.66;714.3;0.0;89.0;4.4;0.001;10.24;8.5;55.0
606;0.74;;8.9;11.6;23.0;36.0;16.89;714.5;0.0;89.0;4.7;0.001;10.1;9.7;67.0
607;0.79;2.9;14.1;17.1;19.0;28.0;16.34;714.8;0.0;89.0;4.7;0.001;10.12;10.1;62.0
608;0.92;5.1;22.0;27.3;11.0;35.0;10.39;715.2;0.0;89.0;4.5;0.003;10.1;7.4;51.0
609;1.02;8.5;24.6;33.3;9.0;29.0;10.45;715.8;0.0;89.0;4.2;0.022;10.21;8.7;54.0
610;0.97;5.5;20.5;26.3;19.0;29.0;11.07;716.2;0.0;88.0;4.4;0.04;10.35;10.3;54.0
611;0.97;6.9;19.9;27.1;18.0;34.0;10.87;716.5;0.0;86.0;4.9;0.078;10.61;10.3;41.0
612;0.99;7.0;20.3;27.6;18.0;32.0;10.56;716.3;0.0;84.0;5.2;0.085;10.96;9.6;48.0
613;0.98;8.3;19.7;28.3;19.0;31.0;10.79;715.8;0.0;79.0;6.5;0.169;12.06;7.9;56.0
614;0.93;7.3;17.4;25.0;23.0;41.0;9.43;714.9;0.0;73.0;5.6;0.209;13.01;8.0;69.0
615;0.97;6.5;18.7;25.5;23.0;30.0;9.51;714.3;0.0;74.0;4.9;0.109;12.75;9.6;42.0
616;1.01;5.9;21.0;27.2;20.0;33.0;10.18;714.1;0.0;79.0;4.5;0.063;12.14;10.7;50.0
617;0.99;5.0;19.9;25.1;21.0;39.0;10.64;714.1;0.0;81.0;4.5;0.037;11.65;12.4;57.0
618;1.08;6.0;25.8;32.0;13.0;38.0;17.63;714.5;0.0;83.0;5.5;0.015;11.42;10.0;51.0
619;1.22;9.7;30.7;40.6;6.0;42.0;14.28;714.7;0.0;84.0;5.4;0.002;11.4;6.1;40.0
620;1.22;12.8;32.2;45.2;4.0;41.0;16.23;715.0;0.0;82.0;5.0;0.001;11.76;4.8;32.0
621;1.21;17.7;34.2;52.1;4.0;46.0;21.67;715.4;0.0;82.0;4.9;0.001;11.88;5.8;357.0
622;1.24;14.2;37.9;52.3;2.0;56.0;23.01;715.5;0.0;82.0;4.7;0.001;11.92;6.2;350.0
623;1.14;11.3;33.6;45.1;6.0;59.0;24.14;715.6;0.0;83.0;4.6;0.001;12.0;5.1;11.0
624;0.98;3.9;28.9;33.0;9.0;58.0;24.01;715.7;0.0;84.0;4.4;0.001;11.91;5.8;19.0
625;0.94;5.2;31.2;36.6;5.0;47.0;32.58;715.4;0.0;87.0;4.7;0.001;11.67;4.5;31.0
626;0.86;2.5;12.1;14.8;22.0;50.0;13.91;715.4;0.0;88.0;4.5;0.001;11.55;5.7;39.0
627;0.83;2.4;8.4;11.0;26.0;28.0;8.5;715.3;0.0;89.0;4.3;0.001;11.57;4.5;51.0
628;0.81;2.4;7.6;10.2;27.0;25.0;7.94;715.1;0.0;89.0;4.2;0.001;11.62;5.5;50.0
629;0.89;3.0;20.9;24.0;7.0;26.0;;715.3;0.0;90.0;4.6;0.001;11.48;4.9;17.0
630;0.83;2.9;17.8;20.9;9.0;44.0;20.32;715.4;0.0;90.0;4.3;0.001;11.33;5.2;4.0
631;0.95;9.7;23.8;33.6;4.0;32.0;19.84;715.4;0.0;90.0;4.2;0.001;11.4;3.9;33.0
632;1.05;17.1;25.7;43.0;3.0;35.0;16.9;715.7;0.0;90.0;4.6;0.003;11.4;5.9;49.0
633;1.12;12.5;24.5;37.3;5.0;36.0;12.97;716.1;0.0;91.0;4.4;0.023;11.44;5.1;46.0
634;1.31;20.9;24.8;45.9;4.0;28.0;14.8;716.6;0.0;91.0;4.3;0.041;11.67;4.5;47.0
635;1.26;21.1;23.3;44.7;7.0;35.0;17.48;716.7;0.0;91.0;4.4;0.108;11.92;5.1;42.0
636;1.25;14.6;22.7;37.6;10.0;41.0;15.7;716.1;0.0;90.0;4.4;0.122;12.33;5.9;55.0
637;1.1;11.7;20.3;32.2;11.0;33.0;15.1;715.7;0.0;89.0;;0.096;12.59;6.3;38.0
638;1.23;16.3;21.2;37.7;10.0;34.0;21.43;714.9;0.0;88.0;4.5;0.144;12.87;6.4;47.0
639;1.19;18.7;24.7;43.6;8.0;45.0;30.38;714.2;0.0;85.0;5.9;0.115;13.19;7.8;44.0
640;1.15;9.0;20.2;29.5;12.0;54.0;21.58;714.0;0.0;83.0;5.2;0.086;13.15;8.5;58.0
641;1.19;17.8;29.3;47.3;6.0;50.0;35.49;714.1;0.0;84.0;5.7;0.034;13.08;7.3;40.0
642;1.17;8.4;26.4;35.0;10.0;68.0;34.73;714.3;0.0;84.0;6.3;0.021;12.96;7.8;53.0
643;1.22;8.0;26.2;34.4;7.0;64.0;31.25;714.6;0.0;85.0;6.0;0.002;12.76;7.2;53.0
644;1.22;9.4;25.4;34.9;4.0;60.0;21.64;714.8;0.0;86.0;5.2;0.001;12.65;7.5;60.0
645;1.19;12.0;23.3;35.5;3.0;50.0;25.65;715.3;0.0;86.0;5.1;0.001;12.69;6.5;46.0
646;1.08;8.1;20.1;28.5;4.0;58.0;26.27;715.5;0.0;87.0;4.8;0.001;12.46;5.2;29.0
647;1.09;17.4;21.9;39.6;2.0;52.0;37.54;715.7;0.0;88.0;4.9;0.001;12.41;5.7;360.0
648;1.11;10.2;20.7;31.2;2.0;77.0;34.48;715.8;0.0;89.0;4.7;0.001;12.28;5.4;41.0
649;0.99;3.3;16.3;19.8;5.0;70.0;21.77;715.6;0.0;89.0;4.4;0.001;12.07;5.1;64.0
650;1.0;5.5;17.7;23.4;3.0;45.0;25.56;715.7;0.0;89.0;4.4;0.001;12.11;4.0;39.0
651;1.06;6.1;20.9;27.3;3.0;55.0;26.56;715.9;0.0;89.0;4.6;0.001;12.16;5.5;29.0
652;1.2;3.4;17.9;21.5;7.0;50.0;12.9;716.1;0.0;90.0;4.5;0.001;11.81;5.6;24.0
653;1.06;2.5;14.3;17.0;8.0;29.0;9.44;716.3;0.0;90.0;4.3;0.001;11.93;3.6;52.0
654;0.89;2.5;8.7;11.4;14.0;25.0;6.48;716.9;0.0;90.0;4.1;0.001;11.73;7.0;28.0
655;0.94;2.7;8.3;11.3;15.0;24.0;5.15;717.8;0.0;90.0;4.1;0.001;11.38;7.0;32.0
656;1.17;4.4;16.8;21.4;9.0;25.0;7.22;718.9;0.0;90.0;4.0;0.001;11.03;4.8;68.0
657;1.12;4.7;16.8;21.7;11.0;26.0;8.16;720.1;0.0;89.0;4.0;0.008;10.37;8.5;32.0
658;1.09;7.5;26.6;34.3;9.0;26.0;8.52;721.4;0.0;89.0;3.9;0.018;9.78;6.4;98.0
659;1.02;5.8;21.5;27.5;13.0;35.0;7.79;722.4;0.0;89.0;4.0;0.028;9.47;8.1;25.0
660;0.96;4.1;18.7;23.1;20.0;31.0;6.54;723.1;0.0;89.0;3.9;0.027;8.3;9.2;23.0
661;1.02;5.3;22.0;27.6;16.0;29.0;10.16;722.9;0.0;90.0;3.8;0.029;7.87;7.7;68.0
662;0.98;6.1;21.7;28.1;16.0;31.0;15.53;722.4;0.0;90.0;4.1;0.033;7.42;7.3;59.0
663;0.99;6.0;20.8;27.0;13.0;31.0;10.23;721.9;0.0;90.0;3.9;0.04;7.28;3.8;35.0
664;1.11;9.1;25.1;34.3;7.0;30.0;23.53;721.6;0.0;90.0;4.0;0.027;7.31;4.7;103.0
665;1.19;14.5;25.3;39.9;6.0;42.0;21.21;721.5;0.0;90.0;4.0;0.027;7.23;6.5;26.0
666;1.26;11.6;25.3;37.1;6.0;43.0;26.92;721.6;0.0;89.0;;0.014;7.2;5.9;17.0
667;1.37;16.7;27.6;44.5;3.0;50.0;28.7;721.9;0.0;87.0;;0.002;7.43;5.3;26.0
668;1.28;16.5;27.5;44.2;3.0;60.0;27.29;722.2;0.0;85.0;;0.001;7.6;4.4;32.0
669;1.45;24.2;26.4;50.7;3.0;55.0;34.59;722.3;0.0;84.0;;0.001;7.57;2.7;71.0
670;1.51;38.0;25.9;64.0;;62.0;37.34;722.5;0.0;83.0;4.6;0.001;7.69;2.8;93.0
671;1.44;34.7;27.7;62.6;;72.0;39.26;722.6;0.0;83.0;4.6;0.001;7.77;5.9;51.0
672;1.06;11.6;25.4;37.2;;85.0;31.6;722.5;0.0;82.0;4.4;0.001;7.49;5.6;73.0
673;1.06;11.7;24.9;36.7;2.0;78.0;27.32;722.2;0.0;81.0;5.1;0.001;7.5;3.5;130.0
674;1.04;4.7;24.0;28.9;6.0;57.0;23.26;721.9;0.0;77.0;5.2;0.001;7.71;2.4;93.0
675;1.0;5.2;23.1;28.5;6.0;45.0;22.79;721.5;0.0;75.0;4.9;0.001;7.89;2.5;125.0
676;0.89;2.6;20.0;22.7;12.0;44.0;21.39;721.2;0.0;71.0;5.3;0.001;8.05;3.4;64.0
677;0.86;2.5;17.9;20.7;14.0;51.0;21.8;720.8;0.0;69.0;4.9;0.001;7.82;5.0;71.0
678;0.93;5.9;23.0;29.1;6.0;43.0;25.43;720.8;0.0;73.0;5.0;0.001;7.58;4.6;83.0
679;0.91;5.4;25.2;30.8;4.0;58.0;22.89;721.0;0.0;76.0;5.2;0.001;7.38;4.5;99.0
680;0.96;13.7;26.2;40.1;3.0;46.0;31.8;721.3;0.0;77.0;5.3;0.006;7.43;4.1;19.0
681;1.14;28.4;27.1;55.6;5.0;62.0;27.5;721.4;0.0;75.0;5.1;0.063;7.78;3.9;
682;1.07;18.3;20.2;38.7;12.0;66.0;28.32;721.4;0.0;70.0;5.1;0.191;9.47;4.5;56.0
683;0.99;9.7;14.8;24.7;22.0;59.0;23.16;721.2;0.0;61.0;4.8;0.464;10.91;7.3;60.0
684;0.75;3.6;7.2;10.9;38.0;44.0;7.16;720.5;0.0;35.0;3.9;0.499;12.03;10.9;125.0
685;0.74;3.2;6.5;10.0;42.0;30.0;7.14;719.9;0.0;34.0;3.9;0.67;12.76;9.6;118.0
686;0.76;3.1;6.9;10.3;45.0;27.0;8.68;718.9;0.0;35.0;;0.561;13.32;6.7;74.0
687;0.81;3.4;7.9;11.6;44.0;30.0;9.7;717.8;0.0;37.0;4.0;0.649;13.93;8.6;77.0
688;0.83;3.4;8.6;12.3;44.0;31.0;10.43;717.1;0.0;38.0;4.2;0.446;14.68;7.4;71.0
689;0.82;3.0;8.3;11.6;43.0;27.0;10.24;716.9;0.0;39.0;4.1;0.081;14.86;7.7;90.0
690;0.82;2.5;7.7;10.4;40.0;31.0;9.13;716.8;0.0;43.0;4.0;0.038;14.14;9.2;127.0
691;0.88;2.3;12.1;14.6;36.0;31.0;11.3;716.9;0.0;46.0;3.9;0.005;12.91;8.5;111.0
692;1.0;2.5;19.6;22.3;28.0;33.0;14.74;717.2;0.0;47.0;3.9;0.001;12.52;5.7;92.0
693;0.99;2.5;20.2;22.8;26.0;40.0;17.42;717.4;0.0;49.0;4.0;0.001;11.71;6.6;55.0
694;0.88;2.3;11.4;13.8;32.0;36.0;14.18;717.3;0.0;53.0;3.9;0.001;11.13;8.1;105.0
695;0.98;2.4;17.1;19.6;21.0;33.0;15.4;717.2;0.0;57.0;3.8;0.001;10.33;4.1;161.0
696;1.19;3.9;29.2;33.2;5.0;39.0;22.14;717.0;0.0;63.0;3.9;0.001;9.35;2.0;174.0
697;1.19;3.6;25.8;29.6;7.0;40.0;39.29;716.6;0.0;66.0;3.8;0.001;8.74;1.8;274.0
698;1.32;14.5;31.0;45.7;3.0;50.0;31.41;716.4;0.0;67.0;4.0;0.001;8.59;1.9;254.0
699;;;;;;;;;;;;;;;
700;;;;;;;;;;;;;;;
701;;;;;;;;;;;;;;;
702;;;;;;;;;;;;;;;
703;;;;;;;;;;;;;;;
704;;;;;;;;;;;;;;;
705;;;;;;;;;;;;;;;
706;;;;;;;;;;;;;;;
707;;;;;;;;;;;;;;;
708;;;;;;;;;;;;;;;
709;;;;;;;;;;;;;;;
710;;;;;;;;;;;;;;;
711;;;;;;;;;;;;;;;
712;1.19;3.9;17.9;22.0;69.0;87.0;;712.1;0.0;38.0;6.3;0.439;19.22;10.7;54.0
713;1.11;3.1;15.4;18.7;62.0;75.0;32.53;711.6;0.0;39.0;5.8;0.114;19.34;11.2;45.0
714;0.99;2.4;10.4;13.1;52.0;63.0;18.2;711.3;0.0;39.0;5.2;0.044;19.65;11.0;103.0
715;1.02;2.3;12.7;15.2;39.0;42.0;16.1;711.5;0.0;44.0;4.8;0.007;18.3;7.7;91.0
716;1.04;2.3;14.6;17.1;32.0;43.0;15.5;711.5;0.0;47.0;4.6;0.001;17.62;7.4;79.0
717;1.17;4.1;26.9;31.3;17.0;40.0;22.86;711.8;0.0;52.0;4.7;0.001;16.74;7.2;19.0
718;1.39;8.4;37.3;46.0;5.0;53.0;32.88;712.0;0.0;59.0;5.8;0.001;15.59;5.6;22.0
719;1.3;7.7;35.3;43.2;6.0;76.0;29.92;712.0;0.0;62.0;6.7;0.001;15.09;3.9;345.0
720;1.15;2.9;27.5;30.5;9.0;72.0;21.77;711.7;0.0;69.0;5.4;0.001;14.3;2.9;316.0
721;1.11;2.7;26.4;29.3;10.0;53.0;19.54;711.3;0.0;77.0;4.8;0.001;13.84;4.8;345.0
722;1.06;2.4;15.8;18.3;13.0;48.0;16.37;710.9;0.0;82.0;4.5;0.001;12.98;2.4;268.0
723;1.28;2.5;18.7;21.3;9.0;39.0;20.01;710.5;0.0;84.0;4.3;0.001;12.39;2.4;243.0
724;1.24;3.1;22.1;25.5;4.0;45.0;27.18;710.4;0.0;84.0;4.3;0.001;11.76;2.2;291.0
725;1.11;2.6;15.4;18.1;8.0;54.0;39.19;710.1;0.0;85.0;;0.001;11.64;3.0;263.0
726;1.12;3.0;16.4;19.5;9.0;71.0;38.37;710.0;0.0;86.0;4.4;0.001;11.28;3.9;258.0
727;1.32;17.3;21.0;38.5;4.0;62.0;38.81;710.0;0.0;85.0;4.3;0.001;10.67;2.9;230.0
728;1.69;49.8;25.4;75.4;3.0;72.0;43.92;710.4;0.0;84.0;4.5;0.01;10.82;3.1;299.0
729;2.09;62.3;28.9;91.5;5.0;90.0;45.7;711.0;0.0;81.0;4.6;0.065;13.15;2.9;125.0
730;1.78;39.9;32.7;72.7;8.0;104.0;47.02;711.3;0.0;74.0;5.6;0.292;15.18;5.2;133.0
731;1.72;25.4;32.3;57.9;16.0;99.0;48.09;711.3;0.0;60.0;7.3;0.492;17.42;5.0;121.0
732;1.59;13.6;29.0;42.7;29.0;100.0;48.78;710.8;0.0;46.0;6.6;0.629;20.23;4.9;98.0
733;1.53;13.1;33.2;46.5;35.0;96.0;47.61;709.7;0.0;40.0;8.0;0.704;21.37;6.4;105.0
734;1.33;7.1;25.4;32.7;49.0;98.0;35.68;708.6;0.0;34.0;8.0;0.721;23.1;7.0;126.0
735;1.17;4.9;19.4;24.5;55.0;88.0;22.12;707.7;0.0;27.0;5.5;0.658;24.94;6.8;127.0
736;1.08;4.2;16.9;21.3;54.0;69.0;14.84;707.1;0.0;22.0;5.1;0.462;25.39;8.9;117.0
737;1.08;3.9;17.3;21.4;55.0;60.0;13.64;706.9;0.0;22.0;4.7;0.086;25.55;7.8;88.0
738;1.19;5.1;26.3;31.6;46.0;62.0;14.61;707.1;0.0;23.0;4.7;0.037;24.92;6.4;78.0
739;2.14;30.9;56.4;87.5;9.0;61.0;20.69;707.5;0.0;32.0;4.8;0.005;21.38;3.2;138.0
740;1.75;12.0;48.5;60.7;13.0;84.0;23.47;708.3;0.0;42.0;5.0;0.001;20.43;5.5;43.0
741;1.76;15.3;48.3;63.7;5.0;68.0;24.25;709.0;0.0;49.0;4.7;0.001;18.73;3.1;124.0
742;1.6;6.9;41.2;48.3;10.0;67.0;25.97;709.4;0.0;51.0;4.6;0.001;17.9;2.9;76.0
743;1.3;3.5;26.9;30.6;16.0;68.0;20.82;709.6;0.0;57.0;4.3;0.001;16.93;1.8;267.0
744;;;;;;;;;;;;0.0;;;
745;1.6;15.1;43.3;58.5;3.0;74.0;29.04;709.7;0.0;63.0;4.4;0.001;15.59;1.9;214.0
746;1.45;15.3;38.2;53.7;6.0;63.0;27.54;709.4;0.0;63.0;5.1;0.001;15.03;3.3;210.0
747;1.52;30.5;41.9;72.6;3.0;78.0;32.05;709.3;0.0;63.0;8.2;0.001;14.54;3.6;200.0
748;1.39;16.4;36.3;52.8;3.0;128.0;52.17;709.1;0.0;67.0;6.6;0.001;13.37;1.8;194.0
749;1.22;3.1;31.6;34.9;6.0;88.0;39.73;708.8;0.0;66.0;6.4;0.001;13.23;1.9;223.0
750;1.22;4.9;33.9;39.0;4.0;68.0;29.04;708.7;0.0;65.0;7.3;0.001;12.66;1.8;13.0
751;1.27;5.0;33.1;38.3;4.0;70.0;31.44;709.0;0.0;63.0;8.7;0.001;12.39;1.9;313.0
752;1.47;30.0;35.7;66.0;4.0;68.0;29.01;709.3;0.0;58.0;9.0;0.009;12.36;2.7;267.0
753;1.6;43.3;37.0;80.5;6.0;83.0;27.91;709.5;0.0;45.0;10.9;0.059;15.68;3.5;238.0
754;1.67;35.5;39.4;75.1;13.0;91.0;28.76;709.6;0.0;42.0;11.0;0.317;18.68;2.3;62.0
755;1.98;41.9;52.4;94.5;16.0;103.0;37.45;709.6;0.0;41.0;13.3;0.515;20.26;2.3;6.0
756;1.94;33.9;57.1;91.2;25.0;126.0;53.34;709.2;0.0;37.0;12.0;0.645;21.29;3.4;32.0
757;1.44;10.0;29.8;40.1;46.0;118.0;57.01;708.5;0.0;39.0;8.2;0.728;21.94;5.0;73.0
758;1.24;5.4;19.1;24.6;57.0;74.0;33.93;707.6;0.0;43.0;8.7;0.729;22.69;7.0;73.0
759;1.16;4.2;14.6;19.0;60.0;69.0;23.73;706.7;0.0;38.0;7.0;0.661;23.66;8.1;50.0
760;1.12;3.9;12.4;16.5;54.0;59.0;20.03;706.3;0.0;36.0;5.5;0.459;24.43;10.9;57.0
761;1.16;4.1;15.2;19.5;50.0;47.0;16.16;706.1;0.0;34.0;5.1;0.086;24.94;10.4;74.0
762;1.08;2.9;13.8;16.9;51.0;51.0;16.6;705.9;0.0;31.0;4.6;0.037;24.47;10.0;122.0
763;1.25;2.9;25.0;28.2;34.0;43.0;14.97;706.2;0.0;34.0;4.4;0.005;22.67;6.3;98.0
764;1.3;3.6;28.5;32.3;24.0;46.0;15.32;706.6;0.0;36.0;4.5;0.001;21.67;5.5;94.0
765;1.29;3.1;28.3;31.5;21.0;47.0;15.17;706.9;0.0;39.0;4.3;0.001;20.47;3.4;77.0
766;1.17;2.4;20.7;23.3;25.0;42.0;15.85;706.9;0.0;44.0;4.3;0.001;19.62;4.6;77.0
767;1.03;2.5;9.5;12.2;36.0;46.0;15.73;706.9;0.0;52.0;;0.001;19.63;7.3;101.0
768;1.02;2.3;7.0;9.5;36.0;41.0;14.67;706.7;0.0;56.0;;0.001;19.07;5.5;84.0
769;1.25;2.9;28.3;31.3;11.0;43.0;23.33;706.5;0.0;66.0;;0.001;17.25;3.4;340.0
770;1.19;3.0;22.7;25.9;13.0;58.0;27.66;706.4;0.0;76.0;4.8;0.001;16.22;5.3;52.0
771;1.14;3.2;19.9;23.3;13.0;62.0;35.71;706.1;0.0;82.0;4.9;0.001;15.5;3.0;17.0
772;1.25;2.5;23.0;25.7;8.0;62.0;51.51;705.7;0.0;84.0;5.0;0.001;15.04;2.8;302.0
773;1.25;2.6;21.1;23.9;7.0;79.0;45.81;705.6;0.0;85.0;4.9;0.001;14.71;2.4;239.0
774;1.22;3.4;25.0;28.5;6.0;79.0;41.45;705.5;0.0;81.0;5.1;0.001;14.51;4.0;244.0
775;1.3;7.6;21.4;29.2;7.0;87.0;49.15;705.5;0.0;82.0;4.8;0.001;14.29;4.2;261.0
776;1.64;43.9;28.6;72.7;2.0;94.0;61.07;705.8;0.0;81.0;5.0;0.007;13.93;4.5;227.0
777;1.66;35.7;27.5;63.5;5.0;170.0;63.64;706.1;0.0;78.0;4.9;0.077;14.62;3.9;237.0
778;1.55;18.0;23.3;41.5;14.0;159.0;56.56;706.3;0.0;71.0;4.8;0.295;17.28;2.8;336.0
779;1.46;13.0;23.5;36.7;25.0;119.0;49.46;706.5;0.0;61.0;5.0;0.498;18.91;5.2;342.0
780;1.63;11.5;25.8;37.5;34.0;106.0;48.85;706.4;0.0;53.0;5.4;0.633;20.56;5.7;9.0
781;1.62;10.5;29.9;40.6;43.0;101.0;46.76;705.7;0.0;44.0;6.5;0.702;22.34;6.1;45.0
782;1.53;14.9;37.6;52.7;39.0;106.0;49.27;705.0;0.0;44.0;12.2;0.693;23.31;7.8;51.0
783;1.4;5.4;24.2;29.8;63.0;127.0;43.26;704.4;0.0;42.0;7.6;0.621;23.84;9.8;63.0
784;1.38;4.6;22.5;27.3;67.0;104.0;39.97;704.1;0.0;40.0;6.2;0.436;24.61;11.6;57.0
785;1.34;5.0;21.6;26.9;49.0;105.0;31.14;704.0;0.0;39.0;5.5;0.108;24.97;12.3;51.0
786;1.34;5.3;29.3;34.9;34.0;86.0;30.77;704.3;0.0;41.0;6.0;0.045;24.22;11.6;46.0
787;1.5;4.1;38.2;42.5;22.0;89.0;33.23;704.8;0.0;50.0;7.4;0.004;22.49;8.5;45.0
788;1.51;5.4;43.1;48.7;18.0;100.0;39.23;705.4;0.0;53.0;15.6;0.0;21.35;6.9;41.0
789;1.63;3.1;47.8;51.1;15.0;89.0;47.02;705.8;0.0;56.0;9.7;0.001;20.52;3.8;20.0
790;1.82;15.1;49.8;65.0;5.0;105.0;52.55;706.3;0.0;59.0;7.8;0.001;19.9;3.0;350.0
791;1.61;9.3;36.5;46.0;9.0;112.0;42.91;706.9;0.0;63.0;6.2;0.001;19.07;2.9;31.0
792;1.43;5.0;28.6;33.9;11.0;92.0;34.41;707.3;0.0;66.0;5.7;0.001;18.63;4.1;87.0
793;1.29;2.5;15.8;18.5;17.0;77.0;27.17;707.4;0.0;71.0;5.4;0.001;16.9;10.1;77.0
794;1.25;3.1;16.7;20.0;13.0;67.0;26.92;707.7;0.0;74.0;5.4;0.001;15.41;11.8;87.0
795;1.21;3.4;17.4;21.0;12.0;64.0;23.76;708.0;0.0;72.0;5.9;0.001;14.5;10.6;85.0
796;1.05;3.8;14.7;18.8;11.0;68.0;19.2;708.5;0.0;72.0;5.6;0.001;12.83;12.5;87.0
797;1.11;3.3;14.9;18.4;10.0;65.0;18.5;708.7;0.0;71.0;5.7;0.001;11.96;10.5;81.0
798;1.13;2.7;12.7;15.7;12.0;66.0;14.38;709.1;0.0;72.0;5.2;0.001;10.94;9.7;79.0
799;1.18;5.4;16.8;22.4;7.0;47.0;15.15;710.0;0.0;73.0;4.9;0.001;10.05;11.9;88.0
800;1.19;13.6;16.1;29.8;6.0;59.0;14.69;711.1;0.0;74.0;6.2;0.004;8.91;11.1;52.0
801;1.16;8.7;14.8;23.7;7.0;63.0;11.5;712.2;0.0;74.0;5.1;0.012;7.66;12.5;57.0
802;1.18;15.5;17.3;33.0;5.0;80.0;15.77;713.3;0.0;79.0;5.2;0.027;6.94;9.9;71.0
803;1.19;13.9;16.6;30.8;6.0;78.0;15.24;714.0;0.0;81.0;4.6;0.047;6.24;10.3;58.0
804;1.23;16.3;16.2;32.7;8.0;57.0;15.94;714.1;0.0;78.0;4.9;0.105;6.03;9.6;44.0
805;1.22;11.2;15.8;27.3;9.0;62.0;14.07;713.9;0.0;74.0;4.8;0.084;6.26;9.1;43.0
806;1.27;11.2;15.4;26.8;9.0;65.0;14.28;713.4;0.0;75.0;4.5;0.086;6.1;9.1;46.0
807;1.18;17.5;18.0;35.7;8.0;62.0;18.16;713.1;0.0;75.0;4.3;0.103;5.94;8.6;39.0
808;1.24;17.9;20.1;38.3;7.0;73.0;21.56;713.1;0.0;74.0;4.4;0.076;6.23;7.8;49.0
809;1.09;10.6;18.4;29.3;9.0;68.0;15.3;713.6;0.0;71.0;4.1;0.033;5.71;9.6;34.0
810;1.15;8.5;20.5;29.2;8.0;67.0;13.8;714.2;0.0;69.0;4.0;0.014;5.33;8.4;44.0
811;1.22;16.0;24.9;41.0;6.0;59.0;15.99;714.8;0.0;67.0;5.4;0.002;4.94;10.9;55.0
812;1.04;4.7;19.7;24.6;12.0;69.0;11.28;715.6;0.0;68.0;4.1;0.001;3.97;9.9;60.0
813;1.06;3.4;17.9;21.5;15.0;39.0;11.58;716.4;0.0;69.0;4.1;0.001;3.35;12.4;60.0
814;1.0;4.1;20.7;25.0;11.0;38.0;12.31;717.4;0.0;68.0;4.6;0.001;3.31;10.4;70.0
815;0.93;3.1;18.4;21.7;14.0;41.0;11.76;718.0;0.0;65.0;4.7;0.001;3.21;8.3;53.0
816;0.91;2.4;11.2;13.7;21.0;39.0;9.84;718.5;0.0;66.0;4.0;0.001;2.92;8.6;40.0
817;1.07;2.3;12.6;15.2;19.0;29.0;13.57;718.8;0.0;72.0;4.2;0.001;2.3;7.3;50.0
818;0.94;2.7;14.3;17.2;16.0;42.0;13.97;719.1;0.0;79.0;4.3;0.001;1.73;8.1;60.0
819;0.9;2.3;10.8;13.3;21.0;42.0;11.98;719.4;0.0;83.0;3.9;0.001;0.93;10.0;44.0
820;0.96;2.3;9.1;11.5;23.0;37.0;12.09;719.6;0.0;84.0;3.9;0.001;0.38;9.5;32.0
821;1.11;2.2;9.7;12.1;21.0;30.0;14.04;719.9;0.0;84.0;;0.001;-0.12;7.3;56.0
822;0.88;2.2;9.2;11.6;22.0;41.0;12.48;720.4;0.0;85.0;3.8;0.001;-0.51;7.1;81.0
823;1.06;2.6;14.6;17.4;17.0;35.0;16.64;721.1;0.0;85.0;3.9;0.001;-0.33;6.4;71.0
824;1.23;4.0;19.8;24.0;12.0;35.0;18.21;721.8;0.0;85.0;3.9;0.004;-0.19;5.5;69.0
825;1.32;8.7;25.2;34.1;9.0;41.0;18.69;722.4;0.0;85.0;4.4;0.025;0.1;5.9;54.0
826;1.67;18.2;26.4;44.8;9.0;44.0;29.39;723.0;0.0;84.0;5.0;0.105;0.96;4.2;67.0
827;1.41;18.1;22.7;41.0;12.0;59.0;26.21;723.6;0.0;76.0;5.2;0.199;2.59;4.2;16.0
828;1.18;16.0;20.1;36.4;14.0;58.0;24.67;723.5;0.0;69.0;4.3;0.239;3.73;6.5;1.0
829;1.01;8.3;12.4;20.9;22.0;54.0;13.76;723.2;0.0;57.0;4.2;0.311;5.5;10.9;339.0
830;0.93;5.3;9.0;14.6;28.0;43.0;9.14;722.6;0.0;46.0;4.1;0.353;6.8;11.3;316.0
831;0.9;4.8;9.1;14.1;30.0;42.0;8.98;722.3;0.0;41.0;4.2;0.299;7.6;8.2;317.0
832;0.92;5.0;9.7;14.9;30.0;36.0;8.21;722.1;0.0;38.0;4.2;0.226;8.15;9.0;331.0
833;1.01;5.5;12.0;17.7;27.0;36.0;8.32;722.2;0.0;39.0;4.1;0.129;8.35;7.8;319.0
834;0.96;4.2;12.5;16.9;26.0;42.0;8.06;722.5;0.0;41.0;3.8;0.057;8.41;6.4;14.0
835;1.11;5.5;20.9;26.6;18.0;36.0;10.96;722.9;0.0;42.0;3.9;0.006;7.89;8.0;12.0
836;1.12;4.5;21.7;26.4;21.0;44.0;11.47;723.4;0.0;35.0;4.5;0.001;6.57;9.0;22.0
837;1.04;2.7;23.5;26.4;19.0;58.0;10.44;724.2;0.0;36.0;5.0;0.001;5.6;8.2;88.0
838;0.95;2.6;22.3;25.0;21.0;50.0;10.33;724.6;0.0;36.0;5.2;0.001;5.18;9.8;106.0
839;0.97;2.8;26.6;29.5;17.0;46.0;11.04;724.8;0.0;37.0;6.4;0.001;4.93;8.0;83.0
840;0.96;2.8;26.7;29.6;16.0;49.0;12.69;724.9;0.0;38.0;7.7;0.001;4.45;8.0;80.0
841;1.0;2.5;24.2;26.9;19.0;47.0;11.85;724.8;0.0;41.0;8.5;0.001;3.38;8.2;66.0
842;0.88;2.3;22.5;25.0;20.0;60.0;11.41;724.6;0.0;43.0;8.1;0.001;2.89;7.0;102.0
843;0.95;2.3;23.9;26.4;20.0;48.0;11.74;724.3;0.0;43.0;8.3;0.001;2.65;6.2;74.0
844;0.92;;25.3;27.8;19.0;57.0;11.14;724.0;0.0;43.0;9.8;0.001;2.59;5.7;74.0
845;0.89;2.2;16.2;18.6;27.0;42.0;9.01;723.9;0.0;45.0;9.5;0.001;2.35;5.6;81.0
846;0.82;2.2;11.9;14.2;30.0;40.0;6.85;723.6;0.0;45.0;5.1;0.001;2.41;5.5;124.0
847;0.86;;14.6;16.9;27.0;32.0;7.65;723.4;0.0;46.0;4.4;0.001;2.12;4.9;142.0
848;0.93;2.7;20.2;23.0;19.0;37.0;8.21;723.3;0.0;48.0;4.3;0.011;2.11;3.1;196.0
849;1.05;10.3;25.4;36.0;19.0;35.0;10.45;723.4;0.0;40.0;4.8;0.11;4.81;4.1;131.0
850;1.36;36.8;34.8;71.8;14.0;37.0;25.58;723.4;0.0;41.0;5.6;0.304;5.11;6.8;63.0
851;1.16;22.5;28.0;50.7;22.0;76.0;22.66;723.1;0.0;37.0;6.3;0.53;6.34;6.1;46.0
852;1.06;12.8;20.5;33.5;31.0;68.0;18.04;722.5;0.0;34.0;5.7;0.664;7.32;8.4;47.0
853;1.08;10.6;19.2;30.1;35.0;54.0;21.32;721.5;0.0;34.0;5.9;0.729;8.12;11.0;60.0
854;1.01;8.9;17.3;26.4;38.0;68.0;19.83;720.3;0.0;32.0;5.5;0.735;9.25;9.7;57.0
855;1.0;6.4;15.1;21.7;44.0;62.0;20.01;719.2;0.0;31.0;5.1;0.647;10.17;11.5;53.0
856;0.98;4.8;15.7;20.7;56.0;56.0;16.54;718.3;0.0;30.0;8.8;0.489;10.82;12.3;44.0
857;0.97;4.0;13.5;17.7;50.0;47.0;12.51;717.8;0.0;31.0;6.4;0.109;11.3;12.6;49.0
858;0.96;3.5;14.1;17.8;43.0;45.0;11.12;717.4;0.0;31.0;5.2;0.04;11.01;11.0;73.0
859;0.94;2.5;14.1;16.8;37.0;41.0;9.46;717.2;0.0;33.0;4.4;0.006;9.46;10.5;70.0
860;0.97;2.6;18.1;20.9;30.0;43.0;8.46;717.5;0.0;33.0;4.1;0.001;8.67;8.6;61.0
861;0.94;2.3;12.6;15.0;36.0;35.0;10.49;717.6;0.0;34.0;4.1;0.001;8.23;9.2;97.0
862;0.88;2.2;8.7;11.1;38.0;37.0;7.92;717.4;0.0;35.0;4.0;0.001;7.57;10.3;104.0
863;0.86;2.2;7.0;9.3;39.0;28.0;6.4;716.9;0.0;36.0;3.9;0.001;7.04;9.9;109.0
864;0.87;;7.4;9.7;37.0;26.0;7.55;716.7;0.0;38.0;3.9;0.001;6.67;8.6;109.0
865;0.91;;9.7;12.1;33.0;28.0;8.16;716.2;0.0;40.0;4.0;0.001;6.4;5.5;120.0
866;0.99;;18.6;21.0;23.0;32.0;12.23;716.0;0.0;42.0;5.8;0.001;5.68;4.4;359.0
867;1.04;2.5;29.1;31.7;13.0;38.0;19.72;715.5;0.0;44.0;5.0;0.001;5.16;3.8;330.0
868;1.03;2.3;25.1;27.5;14.0;50.0;25.21;715.0;0.0;47.0;4.1;0.001;4.49;2.6;299.0
869;1.14;2.3;25.2;27.6;13.0;52.0;21.87;714.7;0.0;50.0;4.2;0.001;4.09;2.0;260.0
870;1.33;2.5;25.8;28.4;10.0;50.0;22.33;714.5;0.0;50.0;4.5;0.001;4.18;1.8;265.0
871;1.25;4.5;30.8;35.5;5.0;55.0;29.52;714.6;0.0;52.0;7.5;0.001;4.14;2.9;255.0
872;1.26;11.7;31.4;43.3;4.0;63.0;33.72;714.8;0.0;51.0;7.1;0.012;4.52;2.0;235.0
873;1.29;17.8;28.1;46.1;11.0;71.0;34.53;715.2;0.0;45.0;15.5;0.137;7.06;3.0;293.0
874;1.25;14.7;24.4;39.3;21.0;78.0;30.66;715.5;0.0;37.0;8.9;0.26;8.65;4.2;2.0
875;1.31;11.3;21.8;33.4;29.0;66.0;31.43;715.5;0.0;33.0;8.1;0.455;10.27;3.5;1.0
876;1.55;25.7;39.9;65.8;25.0;68.0;54.38;715.1;0.0;31.0;16.7;0.54;11.88;4.1;70.0
877;1.55;27.5;44.7;72.5;25.0;101.0;60.38;714.3;0.0;29.0;23.3;0.478;12.93;5.8;73.0
878;1.43;22.7;42.4;65.4;32.0;99.0;61.72;713.5;0.0;28.0;25.7;0.503;13.55;8.3;73.0
879;1.37;13.3;39.1;52.6;38.0;97.0;53.0;712.8;0.0;26.0;26.7;0.415;14.65;7.5;28.0
880;1.27;8.5;31.7;40.5;52.0;89.0;55.1;712.3;0.0;24.0;13.5;0.488;16.31;7.4;48.0
881;1.31;4.1;26.2;30.6;68.0;82.0;68.21;712.1;0.0;25.0;9.4;0.112;16.7;8.8;53.0
882;1.25;2.5;24.0;26.7;78.0;93.0;43.44;712.4;0.0;28.0;21.2;0.05;16.01;9.0;71.0
883;1.25;2.3;24.4;26.8;77.0;81.0;29.92;712.7;0.0;31.0;33.9;0.005;14.8;10.2;61.0
884;1.17;2.3;20.0;22.5;54.0;81.0;26.3;713.2;0.0;36.0;16.7;0.001;13.89;10.1;59.0
885;1.26;2.6;21.6;24.4;18.0;61.0;25.39;714.9;0.0;60.0;5.6;0.001;11.41;3.9;235.0
886;1.42;2.6;29.1;31.8;11.0;58.0;29.01;715.6;0.0;78.0;4.3;0.001;9.68;2.4;168.0
887;1.42;2.5;25.5;28.1;15.0;49.0;35.07;715.6;0.0;81.0;4.4;0.001;9.28;3.3;136.0
888;1.46;2.4;26.4;29.0;11.0;54.0;37.78;716.4;0.0;83.0;4.2;0.001;9.08;3.4;243.0
889;1.41;2.3;24.0;26.6;13.0;51.0;42.55;716.5;0.0;83.0;4.5;0.001;9.36;2.5;243.0
890;1.46;2.4;25.5;28.1;10.0;52.0;45.64;716.4;0.0;83.0;4.7;0.001;9.63;2.5;197.0
891;1.49;2.5;25.5;28.2;7.0;55.0;45.64;716.2;0.0;83.0;4.7;0.001;9.64;2.4;245.0
892;1.7;12.2;29.8;42.2;2.0;55.0;47.23;716.6;0.0;84.0;;0.001;9.43;3.1;336.0
893;1.67;9.4;26.6;36.1;3.0;64.0;53.43;716.7;0.0;85.0;4.5;0.001;9.41;3.4;226.0
894;1.73;3.9;31.2;35.3;4.0;66.0;;717.2;0.0;82.0;5.6;0.001;9.73;3.2;306.0
895;1.62;2.6;22.7;25.5;5.0;149.0;71.75;717.8;0.0;80.0;4.9;0.001;9.68;2.3;229.0
896;1.81;15.4;30.3;45.9;3.0;73.0;;718.4;0.0;79.0;4.8;0.005;10.11;3.3;233.0
897;1.85;28.7;30.4;59.4;3.0;93.0;80.57;718.9;0.0;77.0;5.1;0.027;10.52;3.0;212.0
898;1.99;37.7;34.8;72.7;4.0;88.0;;719.6;0.0;76.0;5.6;0.066;11.07;2.0;16.0
899;1.9;32.7;35.3;68.3;6.0;105.0;68.42;720.0;0.0;70.0;6.2;0.118;11.53;5.3;105.0
900;1.4;12.7;24.2;37.2;15.0;91.0;30.83;720.1;0.0;61.0;7.1;0.149;11.46;8.5;86.0
901;1.22;6.8;22.1;29.2;24.0;63.0;17.21;719.9;0.0;51.0;7.6;0.15;11.93;7.7;88.0
902;1.29;7.6;25.6;33.4;24.0;51.0;16.89;719.4;0.0;46.0;9.4;0.163;12.21;6.2;104.0
903;1.19;6.1;22.6;29.0;28.0;61.0;16.0;718.8;0.0;45.0;8.5;0.168;12.29;6.4;105.0
904;1.17;4.2;17.9;22.2;33.0;50.0;14.27;718.6;0.0;43.0;7.1;0.138;12.52;5.6;112.0
905;1.14;3.5;17.9;21.6;31.0;44.0;11.9;718.6;0.0;41.0;5.7;0.066;12.24;4.2;57.0
906;1.18;3.5;22.3;26.0;26.0;49.0;13.15;718.6;0.0;41.0;6.3;0.028;12.19;2.9;45.0
907;1.25;2.5;26.1;28.7;20.0;55.0;15.06;718.9;0.0;44.0;5.9;0.003;11.77;2.1;225.0
908;1.35;2.8;32.0;35.0;11.0;47.0;16.81;719.4;0.0;48.0;5.5;0.001;11.51;2.2;151.0
909;1.33;3.0;32.9;36.1;13.0;49.0;18.48;719.9;0.0;45.0;5.3;0.001;11.25;2.9;14.0
910;1.58;5.5;37.6;43.3;6.0;55.0;19.41;720.2;0.0;46.0;5.4;0.001;10.93;2.9;142.0
911;1.44;5.7;38.2;44.2;4.0;57.0;20.8;720.5;0.0;48.0;6.1;0.001;10.71;3.0;187.0
912;1.35;5.9;36.3;42.3;4.0;59.0;17.8;720.5;0.0;51.0;6.6;0.001;10.27;2.4;169.0
913;1.38;7.0;35.2;42.5;4.0;50.0;20.06;720.1;0.0;56.0;6.1;0.001;9.17;2.4;223.0
914;1.39;5.0;30.4;35.5;6.0;46.0;22.15;719.7;0.0;58.0;5.2;0.001;8.73;3.2;213.0
915;1.26;3.4;24.6;28.1;11.0;51.0;26.16;719.3;0.0;58.0;6.4;0.001;8.39;3.3;221.0
916;1.25;3.4;29.5;33.0;6.0;64.0;33.26;718.8;0.0;60.0;7.6;0.001;8.06;6.4;218.0
917;1.21;2.7;27.3;30.2;8.0;81.0;31.61;718.5;0.0;57.0;8.5;0.001;8.0;5.3;240.0
918;1.23;2.7;22.0;24.9;10.0;71.0;24.71;718.3;0.0;59.0;5.5;0.001;6.65;2.0;263.0
919;1.27;9.9;27.9;38.0;6.0;69.0;27.15;718.4;0.0;61.0;6.2;0.001;6.56;2.7;305.0
920;1.65;56.4;34.8;91.5;3.0;67.0;32.07;718.6;0.0;60.0;6.6;0.012;6.94;2.2;308.0
921;1.62;39.0;32.3;71.5;7.0;92.0;26.46;718.8;0.0;50.0;9.5;0.143;10.24;4.4;190.0
922;1.47;27.1;31.2;58.5;15.0;72.0;28.97;719.0;0.0;39.0;9.5;0.305;12.76;2.9;346.0
923;1.32;14.5;24.9;39.6;28.0;79.0;27.37;719.0;0.0;32.0;6.5;0.557;14.04;3.4;7.0
924;1.32;9.8;22.2;32.2;38.0;60.0;23.25;718.4;0.0;29.0;7.2;0.694;15.02;4.8;26.0
925;1.31;10.6;25.1;36.0;40.0;57.0;28.15;717.5;0.0;28.0;7.8;0.766;15.72;6.4;41.0
926;1.27;9.0;23.8;33.0;47.0;59.0;32.65;716.7;0.0;27.0;6.3;0.764;16.57;7.2;49.0
927;1.25;6.7;22.4;29.4;54.0;61.0;38.55;715.7;0.0;26.0;6.3;0.683;17.09;9.0;55.0
928;1.22;5.3;20.0;25.6;57.0;;32.62;715.1;0.0;25.0;5.0;0.52;17.55;10.5;47.0
929;1.23;4.1;20.4;24.7;66.0;66.0;26.95;714.9;0.0;26.0;8.0;0.128;17.53;12.0;59.0
930;1.21;2.9;20.5;23.6;65.0;69.0;17.8;714.9;0.0;27.0;9.3;0.046;17.04;10.6;79.0
931;1.21;2.6;19.9;22.7;52.0;53.0;12.08;714.9;0.0;31.0;6.6;0.007;15.54;8.7;123.0
932;1.22;2.7;22.5;25.3;40.0;43.0;10.59;714.9;0.0;32.0;5.2;0.001;14.52;7.7;103.0
933;1.09;2.3;13.6;16.0;45.0;37.0;8.63;715.2;0.0;33.0;4.8;0.001;14.08;8.9;119.0
934;1.07;2.3;11.5;13.9;45.0;30.0;7.79;715.4;0.0;34.0;4.7;0.001;13.65;8.8;115.0
935;1.1;2.2;13.6;16.0;36.0;29.0;7.66;715.3;0.0;37.0;4.5;0.001;12.41;3.3;179.0
936;1.43;9.1;39.4;48.7;9.0;35.0;15.84;715.4;0.0;43.0;4.7;0.001;10.98;3.8;257.0
937;1.48;7.0;43.6;50.8;4.0;51.0;22.24;715.1;0.0;47.0;5.0;0.001;10.04;3.8;258.0
938;1.29;2.4;32.5;35.1;11.0;60.0;26.52;714.9;0.0;51.0;4.5;0.001;9.34;3.0;276.0
939;1.4;2.5;31.7;34.4;9.0;60.0;26.34;714.9;0.0;55.0;4.5;0.001;8.43;2.1;278.0
940;1.47;6.9;36.8;43.9;3.0;60.0;25.31;714.7;0.0;59.0;;0.001;7.81;1.9;207.0
941;1.4;9.2;37.6;47.0;3.0;64.0;33.3;714.6;0.0;62.0;5.3;0.001;7.42;2.3;302.0
942;1.33;9.1;38.0;47.3;3.0;85.0;38.41;714.7;0.0;61.0;5.5;0.001;7.44;2.3;189.0
943;1.46;16.5;37.7;54.4;;90.0;37.08;714.8;0.0;62.0;5.4;0.001;7.25;2.3;300.0
944;1.92;67.2;38.2;105.7;;96.0;38.66;715.1;0.0;65.0;5.3;0.013;7.12;1.8;291.0
945;2.08;75.4;42.9;118.6;6.0;104.0;41.5;715.4;0.0;53.0;6.9;0.15;10.8;2.8;4.0
946;2.0;58.7;46.9;105.9;13.0;126.0;;715.4;0.0;41.0;8.6;0.301;13.55;3.1;17.0
947;1.71;31.3;44.8;76.2;24.0;127.0;50.87;715.3;0.0;35.0;8.2;0.558;15.46;4.0;29.0
948;1.45;14.3;34.7;49.2;39.0;125.0;48.94;714.9;0.0;30.0;7.2;0.693;17.48;4.4;34.0
949;1.73;25.5;51.5;77.2;34.0;93.0;59.21;714.2;0.0;28.0;18.5;0.754;18.19;7.4;35.0
950;1.23;8.3;26.9;35.5;53.0;129.0;32.13;713.4;0.0;24.0;10.7;0.756;19.08;9.4;64.0
951;1.27;6.4;25.5;32.1;61.0;72.0;35.42;712.6;0.0;25.0;7.3;0.675;19.67;9.3;61.0
952;1.3;4.3;21.5;26.1;69.0;76.0;38.9;712.1;0.0;25.0;5.4;0.52;20.22;11.0;65.0
953;1.3;3.6;24.2;28.0;83.0;88.0;28.1;711.9;0.0;26.0;14.1;0.14;20.38;11.6;64.0
954;1.3;2.7;23.5;26.4;82.0;84.0;19.95;712.0;0.0;28.0;17.3;0.054;19.68;12.5;69.0
955;1.41;2.3;30.3;32.7;58.0;71.0;21.08;712.2;0.0;32.0;7.7;0.007;18.3;7.3;99.0
956;1.43;2.7;36.4;39.3;43.0;55.0;19.48;712.6;0.0;33.0;7.1;0.001;17.39;7.3;86.0
957;1.29;2.6;22.3;25.1;35.0;56.0;13.58;713.0;0.0;38.0;6.1;0.001;16.55;8.6;70.0
958;1.24;2.3;18.0;20.4;35.0;45.0;11.43;713.0;0.0;41.0;5.6;0.001;15.74;5.9;75.0
959;1.22;2.6;16.9;19.7;29.0;40.0;13.42;713.0;0.0;52.0;5.2;0.001;14.08;7.9;54.0
960;1.17;2.3;12.8;15.3;32.0;53.0;10.11;712.9;0.0;57.0;4.8;0.001;13.43;6.5;50.0
961;1.19;2.3;15.9;18.4;27.0;31.0;15.18;712.8;0.0;66.0;4.7;0.0;12.15;8.0;21.0
962;1.24;2.4;23.1;25.7;19.0;38.0;21.73;712.7;0.0;73.0;6.3;0.001;10.88;3.8;36.0
963;1.2;2.3;19.7;22.2;18.0;56.0;18.55;712.6;0.0;76.0;6.0;0.001;10.16;2.5;357.0
964;1.16;2.3;17.4;19.8;17.0;43.0;19.51;712.4;0.0;78.0;5.0;0.001;9.54;2.0;19.0
965;1.25;2.4;23.2;25.8;13.0;43.0;20.41;712.5;0.0;79.0;4.7;0.001;9.56;2.4;197.0
966;1.3;2.7;21.7;24.5;10.0;47.0;26.5;712.6;0.0;80.0;4.6;0.001;9.33;1.8;236.0
967;1.4;11.2;26.8;38.1;5.0;43.0;30.09;713.0;0.0;80.0;4.6;0.001;9.37;1.9;252.0
968;1.79;56.2;33.4;90.0;2.0;54.0;52.34;713.6;0.0;78.0;5.8;0.011;9.41;2.7;224.0
969;1.89;60.2;37.3;97.7;5.0;113.0;65.84;713.9;0.0;72.0;8.1;0.135;11.17;4.4;246.0
970;1.72;26.6;31.9;58.7;15.0;134.0;46.79;714.2;0.0;64.0;10.0;0.28;13.65;4.7;342.0
971;1.56;15.5;27.0;42.8;26.0;88.0;50.39;714.4;0.0;60.0;10.1;0.527;14.74;6.2;359.0
972;1.72;12.6;33.6;46.4;40.0;90.0;59.65;714.2;0.0;54.0;10.8;0.606;16.86;4.8;21.0
973;1.64;10.7;35.6;46.5;44.0;98.0;57.39;713.7;0.0;50.0;10.6;0.492;17.64;6.0;33.0
974;1.54;14.7;42.2;57.1;37.0;99.0;54.19;712.9;0.0;49.0;17.2;0.516;17.88;7.6;30.0
975;1.39;11.7;34.2;46.1;45.0;97.0;42.07;712.3;0.0;46.0;17.6;0.637;18.59;9.2;42.0
976;1.35;3.9;26.4;30.4;89.0;83.0;38.33;712.1;0.0;44.0;21.2;0.463;19.42;7.1;47.0
977;1.33;3.0;15.6;18.7;71.0;79.0;30.0;712.0;0.0;42.0;12.6;0.183;19.51;6.8;89.0
978;1.42;2.9;21.1;24.2;60.0;64.0;34.3;712.0;0.0;46.0;8.5;0.069;18.76;8.6;85.0
979;1.4;2.6;18.7;21.4;51.0;69.0;30.97;712.2;0.0;51.0;6.9;0.007;17.63;9.8;125.0
980;1.44;3.0;23.6;26.8;32.0;56.0;26.44;712.5;0.0;54.0;5.9;0.001;17.07;8.5;85.0
981;1.4;2.9;22.8;25.9;25.0;55.0;20.5;712.8;0.0;60.0;5.2;0.001;16.21;8.6;52.0
982;1.33;2.6;16.7;19.4;28.0;49.0;15.09;713.2;0.0;70.0;4.8;0.001;15.12;9.6;54.0
983;1.29;2.4;12.8;15.4;29.0;43.0;15.43;713.2;0.0;74.0;4.6;0.001;14.46;8.8;72.0
984;1.21;2.4;7.1;9.7;34.0;40.0;15.33;713.1;0.0;73.0;4.4;0.001;14.27;9.6;81.0
985;1.24;;8.1;10.7;32.0;36.0;15.26;713.0;0.0;79.0;4.2;0.001;13.63;8.0;42.0
986;1.23;2.3;7.3;9.8;31.0;31.0;14.88;712.8;0.0;83.0;4.3;0.001;13.24;5.6;44.0
987;1.22;2.3;6.5;9.0;31.0;36.0;15.81;712.7;0.0;81.0;4.2;0.001;13.46;4.9;51.0
988;1.19;;5.3;7.7;32.0;33.0;18.08;712.4;0.0;77.0;4.2;0.001;13.57;3.7;110.0
989;1.21;;6.8;9.2;30.0;34.0;19.07;712.0;0.0;75.0;;0.001;13.61;3.7;116.0
990;1.21;2.7;8.6;11.5;24.0;31.0;20.74;711.9;0.0;76.0;4.1;0.001;13.19;2.2;160.0
991;1.37;4.2;18.5;22.9;11.0;37.0;27.52;712.1;0.0;77.0;4.0;0.001;12.72;2.6;219.0
992;1.74;24.9;29.9;54.9;4.0;45.0;36.66;712.4;0.0;78.0;4.2;0.01;12.26;3.4;197.0
993;1.74;28.6;31.0;59.8;7.0;71.0;45.36;712.7;0.0;70.0;4.5;0.143;14.74;2.0;36.0
994;2.09;55.3;39.2;94.8;8.0;81.0;49.8;712.9;0.0;66.0;5.0;0.306;15.72;5.2;9.0
995;1.63;22.0;32.9;55.2;21.0;114.0;49.29;712.7;0.0;59.0;5.2;0.516;17.42;4.8;347.0
996;1.61;13.1;29.9;43.2;35.0;85.0;51.72;712.1;0.0;50.0;5.2;0.652;19.0;6.0;29.0
997;1.9;28.6;56.3;85.0;31.0;87.0;80.45;711.4;0.0;47.0;13.2;0.695;19.86;8.4;62.0
998;1.76;14.6;47.0;61.9;50.0;127.0;77.71;710.4;0.0;43.0;15.1;0.695;20.81;8.2;47.0
999;1.5;4.4;21.9;26.5;75.0;116.0;47.47;709.5;0.0;41.0;7.1;0.634;21.91;7.8;61.0
1000;1.4;3.6;15.8;19.6;68.0;81.0;28.79;709.0;0.0;41.0;5.6;0.481;22.48;9.6;56.0
1001;1.43;4.3;18.1;22.5;52.0;66.0;23.6;708.8;0.0;39.0;5.0;0.175;22.67;10.8;57.0
1002;1.44;3.6;19.4;23.2;42.0;58.0;19.99;709.0;0.0;43.0;4.7;0.061;21.88;10.4;64.0
1003;1.53;3.3;25.1;28.5;30.0;52.0;18.68;709.3;0.0;49.0;4.6;0.008;20.41;8.8;81.0
1004;1.64;4.0;28.5;32.7;17.0;46.0;14.17;709.9;0.0;61.0;4.3;0.001;18.83;8.1;63.0
1005;1.58;3.5;24.2;28.0;18.0;46.0;15.24;710.4;0.0;66.0;4.2;0.001;17.67;6.8;56.0
1006;1.5;2.7;18.2;21.1;20.0;50.0;17.21;710.7;0.0;66.0;4.2;0.001;17.04;4.3;42.0
1007;1.58;3.2;25.8;29.1;11.0;40.0;19.94;711.0;0.0;73.0;4.0;0.0;15.94;5.4;27.0
1008;1.46;2.5;18.8;21.6;16.0;50.0;18.23;711.4;0.0;80.0;4.0;0.001;14.85;4.8;25.0
1009;1.43;2.4;18.3;20.9;14.0;44.0;24.36;711.6;0.0;83.0;;0.001;14.66;2.9;168.0
1010;1.54;2.4;22.9;25.5;10.0;47.0;41.47;711.5;0.0;83.0;;0.001;14.72;3.9;13.0
1011;1.79;2.4;23.1;25.7;9.0;66.0;42.52;711.5;0.0;82.0;;0.001;14.76;3.1;299.0
1012;1.6;8.7;31.0;39.9;3.0;68.0;48.25;711.4;0.0;81.0;4.3;0.001;14.2;4.1;227.0
1013;1.65;17.9;30.6;48.7;3.0;79.0;58.47;711.5;0.0;80.0;4.9;0.001;13.55;3.7;236.0
1014;1.74;43.8;32.8;76.9;2.0;113.0;78.4;711.7;0.0;81.0;5.0;0.001;12.73;4.2;215.0
1015;1.78;46.2;33.7;80.3;2.0;164.0;95.95;712.2;0.0;81.0;5.1;0.001;12.06;3.3;211.0
1016;1.65;34.0;34.0;68.2;3.0;182.0;63.3;712.6;0.0;71.0;5.4;0.016;12.5;2.6;286.0
1017;2.12;69.5;35.8;105.6;5.0;122.0;78.3;713.1;0.0;62.0;6.0;0.158;16.03;2.4;30.0
1018;1.95;35.9;36.8;73.0;12.0;162.0;53.88;713.9;0.0;50.0;6.6;0.27;17.88;7.7;35.0
1019;1.78;13.5;24.1;37.8;24.0;130.0;43.82;714.8;0.0;57.0;5.9;0.526;18.23;9.8;80.0
1020;1.49;6.6;15.5;22.4;38.0;120.0;36.29;715.2;0.0;50.0;5.9;0.657;19.6;9.8;47.0
1021;1.31;5.2;11.6;17.1;41.0;142.0;29.54;715.0;0.0;41.0;5.3;0.726;20.54;15.1;33.0
1022;1.29;4.7;9.6;14.6;41.0;198.0;24.58;715.0;0.0;36.0;4.9;0.733;20.26;19.0;11.0
1023;1.29;4.4;8.8;13.5;41.0;197.0;17.24;715.0;0.0;32.0;4.9;0.661;20.23;19.0;6.0
1024;1.25;3.9;8.2;12.3;40.0;140.0;15.37;715.4;0.0;31.0;4.5;0.515;19.62;19.7;4.0
1025;1.29;3.5;9.2;12.9;38.0;132.0;16.32;716.1;0.0;32.0;4.6;0.183;18.46;19.1;4.0
1026;1.22;3.3;10.4;14.0;37.0;130.0;14.98;717.1;0.0;31.0;4.5;0.05;17.3;18.4;11.0
1027;1.38;2.7;11.6;14.5;37.0;130.0;13.27;718.3;0.0;31.0;5.6;0.006;16.28;13.4;11.0
1028;1.25;2.4;13.5;16.1;35.0;109.0;12.94;719.5;0.0;32.0;5.3;0.001;15.08;9.4;62.0
1029;1.12;2.4;15.4;17.9;32.0;88.0;11.74;720.5;0.0;31.0;5.6;0.001;14.25;9.8;65.0
1030;1.17;;17.7;20.2;28.0;90.0;11.69;721.2;0.0;30.0;7.0;0.001;13.91;7.3;71.0
1031;1.1;2.3;13.1;15.6;31.0;72.0;10.53;721.6;0.0;32.0;5.5;0.001;13.19;9.5;42.0
1032;1.12;2.9;19.1;22.2;23.0;63.0;11.9;722.0;0.0;41.0;5.0;0.0;11.66;10.1;21.0
1033;1.12;3.8;22.7;26.7;18.0;71.0;14.82;722.1;0.0;49.0;7.7;0.001;9.61;8.6;27.0
1034;1.13;2.9;23.3;26.4;16.0;65.0;15.55;722.0;0.0;51.0;8.9;0.001;8.72;6.3;38.0
1035;1.11;3.9;17.0;21.1;24.0;65.0;11.82;721.8;0.0;46.0;6.7;0.001;8.27;6.4;16.0
1036;1.09;2.2;10.8;13.3;30.0;57.0;9.42;721.8;0.0;46.0;4.7;0.001;7.96;5.4;27.0
1037;1.33;2.2;14.1;16.4;27.0;49.0;10.2;721.7;0.0;48.0;5.4;0.001;7.46;4.0;34.0
1038;1.07;;7.2;9.6;34.0;45.0;7.45;721.9;0.0;45.0;4.3;0.001;7.36;4.0;351.0
1039;1.03;;7.9;10.3;32.0;37.0;6.46;722.1;0.0;46.0;4.1;0.001;6.95;3.2;314.0
1040;1.09;2.6;12.1;14.8;28.0;37.0;6.83;722.6;0.0;46.0;3.9;0.019;7.28;3.0;339.0
1041;1.17;5.6;16.0;21.8;26.0;34.0;8.44;722.9;0.0;38.0;4.1;0.172;10.41;3.3;77.0
1042;1.2;13.2;20.1;33.5;26.0;44.0;13.85;723.1;0.0;37.0;6.3;0.298;11.31;5.5;56.0
1043;1.35;27.5;29.1;56.8;21.0;54.0;30.21;723.3;0.0;37.0;14.8;0.546;11.67;7.4;59.0
1044;1.21;10.9;18.8;29.9;34.0;77.0;20.86;722.9;0.0;34.0;7.2;0.721;12.41;8.9;60.0
1045;1.11;7.3;14.5;22.0;39.0;67.0;13.12;722.2;0.0;30.0;6.9;0.715;13.5;8.7;53.0
1046;1.13;5.3;13.0;18.5;45.0;45.0;13.39;721.2;0.0;31.0;6.1;0.556;14.04;8.6;45.0
1047;1.13;3.9;9.7;13.8;48.0;58.0;10.82;720.2;0.0;32.0;4.5;0.585;14.63;9.5;60.0
1048;1.13;3.6;9.0;12.9;46.0;50.0;10.58;719.7;0.0;31.0;4.3;0.467;15.18;11.4;51.0
1049;1.16;3.4;9.2;12.9;44.0;47.0;12.27;719.5;0.0;32.0;4.2;0.202;14.97;11.6;55.0
1050;1.18;2.9;11.7;14.8;40.0;44.0;14.28;719.5;0.0;33.0;4.6;0.077;14.23;11.2;60.0
1051;1.13;2.3;9.3;11.8;40.0;51.0;10.52;719.7;0.0;34.0;4.5;0.011;13.65;9.9;108.0
1052;1.14;2.2;9.3;11.7;39.0;41.0;10.66;719.9;0.0;35.0;4.5;0.001;12.76;9.6;96.0
1053;1.12;2.2;8.7;11.1;39.0;44.0;9.53;720.2;0.0;35.0;4.4;0.001;12.1;9.6;94.0
1054;1.09;;7.3;9.7;39.0;39.0;7.07;720.3;0.0;34.0;4.1;0.001;11.61;11.5;112.0
1055;1.03;2.1;5.5;7.9;41.0;38.0;4.75;720.3;0.0;32.0;3.9;0.001;11.21;11.3;119.0
1056;1.08;2.1;9.5;11.9;35.0;26.0;5.11;720.3;0.0;34.0;3.9;0.001;10.63;5.8;131.0
1057;1.18;2.2;14.5;16.8;24.0;32.0;7.01;719.9;0.0;42.0;;0.001;9.29;2.5;199.0
1058;1.3;2.3;24.8;27.2;13.0;34.0;11.46;719.5;0.0;43.0;4.3;0.001;8.9;3.2;212.0
1059;1.36;2.4;29.5;32.1;8.0;43.0;22.54;719.1;0.0;46.0;4.6;0.001;8.47;1.8;230.0
1060;1.34;3.4;33.3;36.9;5.0;53.0;22.91;718.7;0.0;46.0;5.0;0.001;7.89;3.2;305.0
1061;1.56;17.6;37.7;55.5;3.0;57.0;39.12;718.8;0.0;44.0;5.2;0.001;7.0;2.9;359.0
1062;1.5;18.0;35.1;53.3;3.0;80.0;37.87;718.7;0.0;48.0;5.2;0.001;6.09;3.3;261.0
1063;1.52;27.9;34.2;62.3;4.0;72.0;38.07;718.7;0.0;51.0;10.4;0.001;6.68;4.6;319.0
1064;1.67;46.0;35.8;82.0;4.0;123.0;31.36;719.0;0.0;46.0;7.0;0.021;6.51;2.1;290.0
1065;1.85;56.1;40.3;96.7;8.0;90.0;32.11;719.1;0.0;38.0;9.5;0.168;9.6;4.1;341.0
1066;2.12;58.2;43.7;102.1;12.0;113.0;46.65;719.0;0.0;34.0;10.0;0.295;11.86;5.0;3.0
1067;1.95;29.4;38.5;68.1;23.0;151.0;46.48;718.9;0.0;31.0;8.3;0.561;13.88;4.6;348.0
1068;2.05;36.0;49.6;85.8;25.0;118.0;57.92;718.4;0.0;28.0;16.4;0.688;15.29;6.8;32.0
1069;1.71;17.2;39.3;56.7;38.0;128.0;51.14;717.7;0.0;27.0;9.0;0.766;16.09;7.8;50.0
1070;1.45;10.2;27.5;37.8;45.0;104.0;35.35;716.8;0.0;26.0;7.5;0.773;17.29;11.0;44.0
1071;1.37;5.9;22.3;28.4;61.0;87.0;24.52;715.9;0.0;26.0;11.8;0.704;18.38;11.8;44.0
1072;1.34;5.4;19.7;25.3;55.0;76.0;21.49;715.3;0.0;25.0;8.5;0.569;19.42;11.6;48.0
1073;1.27;4.1;14.5;18.8;50.0;67.0;12.13;715.0;0.0;26.0;6.0;0.195;20.01;11.5;80.0
1074;1.31;4.3;17.0;21.4;37.0;53.0;9.96;715.0;0.0;29.0;4.7;0.06;19.25;12.8;66.0
1075;1.39;3.8;22.6;26.6;28.0;48.0;12.19;715.2;0.0;32.0;4.8;0.009;17.72;12.2;65.0
1076;1.29;2.6;16.8;19.6;32.0;52.0;11.02;715.4;0.0;34.0;4.6;0.001;16.96;10.4;105.0
1077;1.22;2.4;11.9;14.5;36.0;44.0;10.6;715.7;0.0;37.0;4.5;0.001;16.21;12.8;113.0
1078;1.17;2.3;9.0;11.5;39.0;42.0;10.82;715.8;0.0;39.0;4.6;0.001;15.77;11.3;116.0
1079;1.35;2.8;23.8;26.8;20.0;42.0;18.24;715.8;0.0;47.0;4.5;0.0;13.76;7.7;38.0
1080;1.21;2.7;18.6;21.4;23.0;52.0;12.4;716.1;0.0;56.0;4.7;0.0;11.98;7.7;22.0
1081;1.22;3.1;28.5;31.8;12.0;44.0;15.73;715.8;0.0;61.0;6.6;0.0;11.11;5.3;10.0
1082;1.25;2.5;24.0;26.6;15.0;47.0;16.07;715.6;0.0;64.0;6.4;0.001;10.39;3.9;34.0
1083;1.24;2.4;24.0;26.6;11.0;64.0;17.93;715.1;0.0;67.0;5.9;0.001;9.56;2.1;304.0
1084;1.31;2.8;27.3;30.3;7.0;58.0;22.66;714.8;0.0;69.0;5.0;0.001;9.16;1.9;285.0
1085;1.34;2.5;25.8;28.4;8.0;74.0;21.38;714.5;0.0;70.0;4.8;0.001;8.83;2.1;290.0
1086;1.31;2.6;24.1;26.9;8.0;54.0;20.06;714.4;0.0;71.0;4.9;0.001;8.51;1.8;261.0
1087;1.44;9.7;29.1;39.0;3.0;62.0;27.44;714.6;0.0;72.0;4.8;0.001;8.19;2.0;257.0
1088;1.85;48.3;31.3;80.0;3.0;111.0;35.67;714.8;0.0;72.0;5.0;0.023;8.66;1.8;346.0
1089;1.71;31.1;32.3;63.6;8.0;140.0;35.2;715.2;0.0;62.0;6.6;0.165;12.14;2.5;354.0
1090;1.9;38.2;39.4;77.9;13.0;107.0;44.43;715.3;0.0;53.0;8.2;0.289;13.97;4.1;12.0
1091;2.41;66.9;63.5;130.6;15.0;120.0;70.45;715.3;0.0;47.0;12.3;0.545;15.61;5.3;34.0
1092;2.08;48.6;64.0;112.8;24.0;147.0;86.51;715.0;0.0;44.0;23.1;0.675;16.55;7.5;58.0
1093;1.78;17.3;46.5;63.9;41.0;156.0;62.68;714.3;0.0;40.0;11.5;0.753;17.7;9.2;65.0
1094;1.58;9.5;31.2;41.0;53.0;123.0;45.38;713.4;0.0;39.0;9.7;0.763;18.89;10.5;44.0
1095;1.42;5.2;20.6;26.0;65.0;109.0;26.24;712.4;0.0;35.0;9.2;0.706;20.64;11.6;36.0
1096;1.41;4.1;17.8;22.0;69.0;82.0;23.93;711.8;0.0;32.0;7.5;0.57;22.18;11.2;39.0
1097;1.37;3.6;14.9;18.7;62.0;73.0;18.29;711.3;0.0;29.0;5.8;0.2;23.43;11.2;85.0
1098;1.32;2.9;12.0;15.1;50.0;62.0;14.97;711.2;0.0;31.0;5.2;0.056;22.91;13.4;102.0
1099;1.39;2.6;16.7;19.6;40.0;45.0;14.87;711.2;0.0;34.0;5.0;0.008;21.43;11.5;109.0
1100;1.37;2.6;17.0;19.7;36.0;49.0;15.08;711.3;0.0;37.0;4.8;0.001;20.34;13.2;113.0
1101;1.31;2.4;12.4;14.9;38.0;52.0;20.69;711.5;0.0;39.0;4.8;0.001;19.68;13.2;118.0
1102;1.27;2.3;7.0;9.5;45.0;53.0;29.34;711.7;0.0;41.0;;0.001;19.37;15.1;132.0
1103;1.28;3.1;9.2;12.5;42.0;55.0;32.49;711.6;0.0;42.0;;0.001;19.03;10.7;100.0
1104;1.41;9.0;36.4;45.6;6.0;47.0;32.21;711.6;0.0;55.0;7.4;0.0;16.36;7.8;4.0
1105;1.32;4.8;25.9;30.9;12.0;73.0;22.39;711.5;0.0;63.0;6.9;0.0;14.84;7.7;14.0
1106;1.35;3.7;27.6;31.5;7.0;54.0;20.05;711.3;0.0;70.0;7.3;0.001;13.8;5.4;340.0
1107;1.35;2.7;22.3;25.2;11.0;57.0;18.24;711.1;0.0;74.0;6.1;0.0;13.2;4.0;355.0
1108;1.34;2.5;23.0;25.6;7.0;49.0;19.3;710.6;0.0;77.0;5.3;0.001;12.44;2.6;345.0
1109;1.33;2.5;22.8;25.5;6.0;50.0;19.41;710.4;0.0;79.0;4.9;0.001;11.87;1.9;306.0
1110;1.42;5.1;25.4;30.7;;55.0;21.07;710.2;0.0;81.0;4.8;0.001;11.46;1.9;228.0
1111;1.52;12.5;24.4;37.1;;49.0;22.88;710.3;0.0;82.0;4.7;0.001;11.09;2.2;276.0
1112;1.95;49.5;25.6;75.4;3.0;54.0;27.1;710.5;0.0;83.0;4.8;0.024;11.44;2.9;272.0
1113;2.32;86.7;37.6;124.6;5.0;87.0;51.45;710.5;0.0;71.0;6.5;0.166;14.48;2.2;310.0
1114;2.34;57.6;42.7;100.6;10.0;136.0;50.37;710.4;0.0;63.0;7.6;0.288;16.18;4.7;25.0
1115;2.35;39.7;54.9;94.8;20.0;122.0;75.48;710.2;0.0;52.0;10.1;0.556;18.9;4.4;48.0
1116;2.3;29.0;63.0;92.1;33.0;167.0;86.06;709.6;0.0;41.0;11.2;0.694;21.41;5.3;58.0
1117;2.26;19.4;59.5;79.0;48.0;140.0;84.09;708.9;0.0;38.0;12.8;0.761;23.04;8.2;70.0
1118;2.14;8.5;47.0;55.7;77.0;145.0;73.39;708.0;0.0;35.0;9.4;0.759;25.08;9.2;58.0
1119;1.77;4.7;28.5;33.4;89.0;139.0;44.89;707.0;0.0;32.0;8.1;0.698;26.59;11.1;57.0
1120;1.64;3.7;22.0;25.9;92.0;100.0;34.08;706.3;0.0;31.0;7.6;0.566;27.4;11.3;59.0
1121;1.6;4.2;22.5;26.9;73.0;88.0;24.73;705.7;0.0;26.0;6.9;0.212;28.4;10.0;45.0
1122;1.54;3.2;20.3;23.7;60.0;74.0;20.46;705.3;0.0;26.0;5.6;0.06;28.72;10.5;94.0
1123;1.63;3.1;25.2;28.5;39.0;58.0;20.93;705.3;0.0;32.0;5.3;0.008;26.96;8.2;70.0
1124;2.06;28.2;47.4;75.8;9.0;61.0;24.77;705.5;0.0;38.0;5.4;0.0;24.99;3.5;47.0
1125;1.79;20.0;30.4;50.6;27.0;67.0;30.9;705.6;0.0;40.0;5.2;0.001;24.09;6.9;72.0
1126;2.01;18.2;39.6;58.0;13.0;69.0;39.26;705.9;0.0;46.0;5.1;0.0;22.27;3.9;273.0
1127;2.29;23.9;50.8;74.9;3.0;83.0;44.55;705.9;0.0;50.0;5.3;0.001;21.08;3.6;263.0
1128;2.25;22.4;47.1;69.6;3.0;94.0;46.5;705.7;0.0;54.0;5.0;0.001;20.12;3.4;269.0
1129;2.26;24.9;46.2;71.3;3.0;102.0;48.64;705.8;0.0;58.0;5.0;0.001;19.08;3.0;256.0
1130;2.05;12.4;44.0;56.6;2.0;97.0;47.3;705.7;0.0;61.0;4.8;0.001;18.07;2.4;245.0
1131;2.03;12.9;41.1;54.2;3.0;94.0;43.38;705.9;0.0;63.0;4.8;0.001;17.54;3.5;231.0
1132;2.04;12.9;40.3;53.4;2.0;91.0;45.27;706.0;0.0;65.0;;0.001;17.02;2.6;243.0
1133;1.83;4.5;38.3;43.0;4.0;90.0;42.96;706.2;0.0;62.0;5.1;0.001;17.43;4.5;210.0
1134;1.76;6.1;38.6;45.0;5.0;91.0;48.63;706.7;0.0;52.0;6.9;0.001;18.4;4.3;238.0
1135;1.83;18.7;35.3;54.3;3.0;106.0;42.83;707.8;0.0;54.0;6.6;0.001;16.84;3.2;123.0
1136;2.14;63.6;31.3;95.2;4.0;101.0;31.45;708.8;0.0;42.0;6.8;0.027;18.19;3.6;269.0
1137;1.99;48.2;30.1;78.5;12.0;116.0;42.9;709.7;0.0;34.0;10.7;0.179;21.53;7.9;18.0
1138;1.44;9.5;18.1;27.8;24.0;240.0;58.89;711.0;0.0;36.0;5.7;0.283;20.5;13.7;79.0
1139;1.31;6.6;12.3;19.1;34.0;406.0;52.65;711.6;0.0;27.0;4.4;0.543;21.69;11.1;42.0
1140;1.44;6.5;13.3;20.0;38.0;323.0;44.85;711.5;0.0;23.0;4.4;0.687;23.44;8.9;44.0
1141;1.29;7.7;16.1;24.0;37.0;271.0;40.49;711.3;0.0;21.0;8.4;0.756;24.46;10.7;75.0
1142;1.27;7.6;16.9;24.8;41.0;220.0;36.39;710.7;0.0;19.0;8.5;0.756;25.66;10.6;40.0
1143;1.28;6.1;15.9;22.2;46.0;201.0;33.04;710.1;0.0;18.0;7.8;0.679;26.47;10.6;40.0
1144;1.31;4.4;13.3;18.0;53.0;188.0;29.55;709.8;0.0;21.0;5.9;0.545;26.77;14.5;56.0
1145;1.35;4.1;12.7;17.0;47.0;177.0;28.82;709.9;0.0;24.0;5.0;0.224;26.17;14.4;74.0
1146;1.33;3.4;13.1;16.7;45.0;170.0;27.36;710.6;0.0;24.0;4.9;0.072;24.98;16.4;71.0
1147;1.37;2.9;15.8;18.9;40.0;160.0;25.92;711.3;0.0;24.0;6.6;0.011;23.74;14.5;78.0
1148;1.28;2.6;14.1;16.9;38.0;143.0;18.87;712.2;0.0;19.0;5.1;0.001;22.98;13.1;92.0
1149;1.17;2.3;10.0;12.6;42.0;103.0;;713.1;0.0;15.0;3.8;0.001;22.45;12.1;97.0
1150;1.13;2.3;7.9;10.4;47.0;73.0;;713.8;0.0;14.0;3.9;0.001;21.91;11.6;92.0
1151;1.23;;18.1;20.6;37.0;60.0;;714.3;0.0;14.0;4.2;0.0;20.7;8.8;42.0
1152;1.17;2.3;11.6;14.1;40.0;65.0;;715.0;0.0;15.0;3.9;0.0;19.53;10.3;349.0
1153;1.24;2.3;9.2;11.7;32.0;64.0;20.83;715.8;0.0;31.0;4.0;0.0;16.08;10.9;32.0
1154;1.19;2.3;9.5;12.0;28.0;169.0;15.69;716.4;0.0;38.0;4.0;0.001;14.19;11.5;47.0
1155;1.18;2.3;10.0;12.5;25.0;108.0;13.81;716.7;0.0;41.0;;0.001;12.47;10.0;38.0
1156;1.21;2.2;7.7;10.2;26.0;77.0;11.22;716.8;0.0;43.0;4.1;0.001;11.06;10.4;46.0
1157;1.18;2.3;10.9;13.3;23.0;55.0;10.63;716.9;0.0;43.0;4.2;0.001;10.0;12.1;66.0
1158;1.26;3.1;20.3;23.6;14.0;50.0;13.22;717.0;0.0;44.0;5.8;0.001;9.45;9.6;70.0
1159;1.24;3.5;21.0;24.7;13.0;59.0;12.5;717.6;0.0;46.0;4.8;0.001;8.76;8.3;58.0
1160;1.33;6.9;22.7;29.9;12.0;50.0;12.85;718.2;0.0;46.0;4.5;0.026;8.41;7.5;63.0
1161;1.39;11.9;21.3;33.5;17.0;62.0;15.85;718.8;0.0;41.0;4.8;0.178;9.43;8.3;70.0
1162;1.41;20.0;22.0;42.2;18.0;70.0;19.26;718.9;0.0;39.0;8.1;0.291;10.07;8.9;68.0
1163;1.38;20.4;22.1;42.7;20.0;93.0;20.9;719.0;0.0;35.0;10.1;0.557;11.71;8.9;73.0
1164;1.31;10.0;15.9;26.2;30.0;90.0;17.12;718.6;0.0;30.0;5.6;0.688;13.4;7.7;53.0
1165;1.24;6.2;11.3;17.8;38.0;73.0;13.73;717.9;0.0;28.0;4.8;0.76;14.5;9.6;21.0
1166;1.27;7.0;14.9;22.1;41.0;73.0;15.06;717.0;0.0;26.0;7.8;0.767;15.67;8.5;46.0
1167;1.26;6.0;15.1;21.3;47.0;68.0;16.22;716.2;0.0;26.0;7.9;0.698;16.63;9.5;49.0
1168;1.27;4.8;14.8;19.8;52.0;73.0;15.92;715.7;0.0;25.0;6.5;0.565;17.43;9.2;52.0
1169;1.32;5.3;18.2;23.7;51.0;65.0;16.72;715.5;0.0;24.0;6.4;0.218;17.68;10.0;39.0
1170;1.34;3.1;17.2;20.5;56.0;71.0;16.8;715.5;0.0;27.0;10.3;0.056;17.11;11.8;62.0
1171;1.38;2.6;20.4;23.2;48.0;75.0;15.23;715.9;0.0;31.0;14.6;0.009;16.01;13.2;74.0
1172;1.27;2.6;14.5;17.3;34.0;68.0;9.88;716.4;0.0;26.0;9.5;0.001;14.9;15.5;78.0
1173;1.21;2.3;10.7;13.3;35.0;59.0;7.75;717.1;0.0;26.0;4.9;0.001;14.27;11.6;101.0
1174;1.17;2.3;7.9;10.3;37.0;43.0;7.1;717.6;0.0;27.0;3.9;0.001;13.81;12.3;96.0
1175;1.16;2.2;6.6;9.0;38.0;36.0;7.79;717.7;0.0;28.0;3.9;0.001;13.46;12.1;105.0
1176;1.15;2.2;5.6;7.9;38.0;47.0;6.96;717.9;0.0;30.0;;0.001;12.95;11.1;90.0
1177;1.16;;5.4;7.8;37.0;31.0;6.35;718.0;0.0;32.0;;0.001;12.56;7.8;87.0
1178;1.14;;4.6;6.9;38.0;33.0;5.58;717.6;0.0;32.0;;0.001;12.22;8.1;99.0
1179;1.14;;4.8;7.2;38.0;32.0;5.3;717.7;0.0;33.0;;0.001;11.68;5.2;64.0
1180;1.3;2.9;21.5;24.6;21.0;32.0;12.09;717.6;0.0;38.0;5.7;0.001;11.11;5.3;32.0
1181;1.36;9.9;37.7;47.8;6.0;46.0;26.48;717.7;0.0;43.0;23.0;0.001;10.39;5.7;41.0
1182;1.32;2.6;25.0;27.8;15.0;88.0;23.15;718.0;0.0;45.0;7.4;0.001;9.84;4.2;21.0
1183;1.41;4.2;35.7;40.1;4.0;51.0;37.02;718.6;0.0;49.0;6.1;0.001;8.97;2.2;306.0
1184;1.5;11.3;33.8;45.3;6.0;64.0;29.71;719.1;0.0;46.0;5.6;0.024;9.45;3.0;91.0
1185;1.57;23.8;30.2;54.2;14.0;53.0;21.61;719.6;0.0;37.0;6.0;0.184;11.91;5.9;40.0
1186;1.63;32.7;33.1;66.0;19.0;59.0;31.25;720.1;0.0;39.0;17.6;0.281;11.75;10.2;51.0
1187;1.38;9.6;19.9;29.8;35.0;95.0;19.95;720.3;0.0;37.0;18.7;0.586;12.93;9.5;59.0
1188;1.31;5.8;13.0;19.0;44.0;70.0;18.36;719.9;0.0;30.0;6.7;0.706;14.8;9.5;49.0
1189;1.26;4.2;9.8;14.3;50.0;54.0;13.77;719.1;0.0;26.0;4.9;0.777;15.76;12.4;57.0
1190;1.3;4.4;12.1;16.8;56.0;46.0;13.45;718.3;0.0;26.0;7.4;0.753;16.6;13.9;56.0
1191;1.3;3.6;12.3;16.1;67.0;51.0;15.18;717.5;0.0;25.0;18.7;0.708;17.45;15.5;60.0
1192;1.28;3.7;10.8;14.8;56.0;64.0;14.0;716.9;0.0;25.0;11.6;0.582;17.9;15.7;65.0
1193;1.27;3.3;9.1;12.6;50.0;55.0;12.36;716.6;0.0;26.0;4.5;0.238;18.08;14.9;79.0
1194;1.28;3.1;10.2;13.5;47.0;46.0;11.69;716.5;0.0;27.0;4.3;0.071;17.6;15.4;71.0
1195;1.31;2.5;11.7;14.4;44.0;47.0;11.97;716.7;0.0;29.0;4.5;0.01;16.42;14.7;70.0
1196;1.31;2.3;11.9;14.4;42.0;41.0;12.71;716.9;0.0;32.0;4.8;0.001;15.39;14.6;75.0
1197;1.27;2.2;9.2;11.6;42.0;41.0;13.45;717.4;0.0;34.0;4.2;0.001;14.6;10.3;113.0
1198;1.25;2.2;8.0;10.4;43.0;41.0;9.88;717.3;0.0;34.0;4.3;0.001;14.43;12.1;117.0
1199;1.25;;7.5;9.9;42.0;38.0;11.03;717.1;0.0;35.0;4.3;0.001;14.11;11.6;119.0
1200;1.23;;6.1;8.5;43.0;35.0;10.42;717.0;0.0;38.0;4.4;0.001;13.9;11.3;119.0
1201;1.24;;4.9;7.2;46.0;35.0;9.76;716.8;0.0;45.0;4.4;0.001;13.71;12.0;120.0
1202;1.27;;5.9;8.2;44.0;36.0;10.44;716.2;0.0;47.0;4.5;0.001;13.63;8.8;99.0
1203;1.39;;13.2;15.6;31.0;38.0;20.65;716.0;0.0;52.0;4.8;0.001;12.19;7.2;52.0
1204;1.38;2.7;27.7;30.6;15.0;55.0;27.0;715.6;0.0;57.0;11.2;0.001;11.01;4.4;24.0
1205;1.38;2.5;24.7;27.3;16.0;63.0;27.18;715.3;0.0;60.0;13.1;0.001;10.65;3.3;344.0
1206;1.48;2.3;20.9;23.4;17.0;66.0;27.8;715.2;0.0;61.0;12.1;0.001;10.5;2.2;273.0
1207;1.54;2.5;22.0;24.6;14.0;59.0;27.84;715.4;0.0;63.0;9.9;0.001;10.03;1.8;300.0
1208;1.57;5.1;28.0;33.3;10.0;53.0;29.87;715.3;0.0;64.0;8.4;0.029;10.42;2.3;349.0
1209;1.8;13.9;28.1;42.2;15.0;55.0;47.12;715.4;0.0;56.0;8.5;0.176;12.7;4.3;12.0
1210;1.89;15.0;29.3;44.5;25.0;73.0;48.92;715.5;0.0;49.0;10.8;0.278;14.92;3.8;47.0
1211;1.85;24.1;39.6;64.0;27.0;80.0;60.53;715.6;0.0;45.0;19.6;0.524;16.04;5.0;34.0
1212;1.66;10.1;26.6;36.9;42.0;109.0;40.72;715.1;0.0;40.0;10.5;0.637;17.52;5.1;45.0
1213;1.65;11.8;31.8;43.9;43.0;84.0;42.32;714.4;0.0;37.0;14.7;0.746;18.67;6.5;76.0
1214;1.57;7.5;27.7;35.5;60.0;83.0;39.69;713.4;0.0;35.0;15.1;0.739;19.61;7.6;59.0
1215;1.62;4.7;20.5;25.4;74.0;80.0;42.42;712.6;0.0;35.0;9.9;0.656;20.69;9.0;49.0
1216;1.6;4.9;18.7;23.8;53.0;73.0;29.95;712.1;0.0;34.0;9.3;0.404;21.73;9.1;33.0
1217;1.55;4.7;17.6;22.6;47.0;66.0;23.33;711.7;0.0;32.0;8.8;0.226;23.01;9.8;29.0
1218;1.64;3.2;13.9;17.3;45.0;59.0;18.42;711.6;0.0;33.0;5.8;0.063;23.44;8.8;53.0
1219;1.59;2.6;15.7;18.5;35.0;53.0;18.79;711.9;0.0;40.0;9.1;0.01;21.96;10.0;42.0
1220;1.67;2.5;19.0;21.6;23.0;56.0;19.76;712.2;0.0;45.0;7.0;0.001;20.93;5.3;60.0
1221;1.83;6.5;33.9;40.6;5.0;54.0;25.73;712.7;0.0;50.0;6.1;0.001;19.85;3.2;332.0
1222;1.99;13.6;37.4;51.2;2.0;65.0;32.72;712.9;0.0;54.0;5.8;0.001;18.91;3.3;248.0
1223;2.01;11.0;34.2;45.4;3.0;78.0;27.72;713.1;0.0;58.0;5.4;0.001;18.25;3.0;308.0
1224;1.72;3.5;26.4;30.0;7.0;62.0;21.52;713.1;0.0;68.0;5.1;0.001;18.19;4.3;303.0
1225;1.78;4.8;28.7;33.6;3.0;59.0;20.23;713.0;0.0;73.0;5.1;0.001;17.05;3.0;216.0
1226;1.76;4.2;29.4;33.8;3.0;61.0;22.03;712.7;0.0;70.0;5.4;0.001;16.67;2.9;214.0
1227;1.7;2.9;27.3;30.3;11.0;58.0;32.74;712.1;0.0;62.0;7.9;0.001;16.46;4.7;234.0
1228;1.6;2.4;19.2;21.8;21.0;75.0;32.54;711.7;0.0;56.0;10.6;0.001;16.4;4.8;219.0
1229;1.6;2.5;23.0;25.7;16.0;66.0;32.39;711.4;0.0;55.0;9.1;0.001;16.47;4.0;272.0
1230;1.58;3.0;23.0;26.2;14.0;68.0;31.32;711.2;0.0;58.0;7.9;0.001;15.64;4.2;212.0
1231;1.67;6.3;29.2;35.8;8.0;73.0;29.3;711.5;0.0;59.0;7.9;0.001;15.28;3.0;221.0
1232;2.09;36.7;36.8;73.7;3.0;67.0;31.78;711.6;0.0;58.0;8.4;0.025;15.66;2.8;272.0
1233;2.29;53.9;39.6;93.8;6.0;87.0;34.72;711.6;0.0;48.0;10.5;0.185;19.49;3.3;198.0
1234;2.13;34.7;40.6;75.5;15.0;101.0;;711.6;0.0;41.0;11.2;0.285;21.86;4.1;9.0
1235;2.4;33.7;55.9;89.8;22.0;107.0;61.68;711.4;0.0;40.0;10.5;0.558;23.04;4.9;54.0
1236;2.33;31.7;57.7;89.7;30.0;139.0;35.36;710.9;0.0;39.0;14.5;0.684;24.39;6.4;67.0
1237;1.94;6.7;28.9;35.9;65.0;124.0;27.01;710.1;0.0;42.0;8.9;0.757;25.27;8.9;58.0
1238;1.76;3.6;19.0;22.8;81.0;88.0;25.97;709.1;0.0;41.0;8.5;0.778;26.75;9.7;39.0
1239;1.71;3.8;15.7;19.6;65.0;83.0;21.44;708.2;0.0;38.0;8.1;0.695;28.32;10.9;50.0
1240;1.7;4.1;14.4;18.7;52.0;67.0;15.69;707.6;0.0;34.0;6.9;0.47;29.33;10.2;42.0
1241;1.67;4.6;15.0;19.9;46.0;60.0;14.08;707.1;0.0;31.0;6.0;0.229;30.17;12.4;71.0
1242;1.59;3.1;14.6;17.9;43.0;54.0;12.06;707.1;0.0;26.0;4.9;0.057;30.02;11.6;115.0
1243;1.88;3.7;27.3;31.2;26.0;48.0;16.01;707.4;0.0;33.0;5.0;0.008;27.94;7.9;67.0
1244;1.85;4.3;27.0;31.4;23.0;56.0;17.62;707.6;0.0;37.0;4.8;0.0;26.67;7.4;77.0
1245;1.59;2.4;10.2;12.8;38.0;54.0;17.2;707.9;0.0;41.0;4.8;0.001;25.68;9.6;90.0
1246;1.64;2.4;14.3;16.9;31.0;53.0;17.67;708.3;0.0;43.0;;0.0;24.88;5.3;85.0
1247;1.88;4.0;32.2;36.4;9.0;46.0;20.28;708.4;0.0;49.0;4.7;0.001;22.74;3.5;266.0
1248;1.96;4.2;38.3;42.8;4.0;57.0;25.57;708.7;0.0;51.0;4.9;0.001;22.38;3.6;262.0
1249;1.86;2.7;30.7;33.5;8.0;63.0;29.97;708.9;0.0;54.0;4.8;0.001;21.54;4.3;291.0
1250;1.79;2.7;28.5;31.4;7.0;62.0;32.47;709.0;0.0;59.0;4.6;0.001;20.31;3.2;296.0
1251;1.7;2.7;26.9;29.9;7.0;71.0;31.42;709.0;0.0;65.0;4.5;0.001;19.25;2.5;246.0
1252;1.74;2.9;26.2;29.3;5.0;68.0;31.41;709.0;0.0;68.0;4.4;0.001;18.34;1.8;258.0
1253;1.75;4.2;28.9;33.2;4.0;66.0;29.83;709.1;0.0;63.0;4.6;0.001;17.96;2.9;245.0
1254;1.68;3.4;22.5;26.1;8.0;85.0;32.78;709.4;0.0;68.0;4.5;0.001;17.87;2.6;235.0
1255;1.8;14.8;31.7;46.7;3.0;69.0;37.65;709.7;0.0;60.0;5.6;0.001;18.23;3.2;280.0
1256;2.1;45.8;34.2;80.3;3.0;105.0;38.26;710.1;0.0;43.0;8.9;0.03;20.31;3.8;250.0
1257;2.2;51.4;36.9;88.6;7.0;118.0;31.65;710.4;0.0;31.0;11.6;0.198;24.0;5.0;183.0
1258;1.92;28.1;30.9;59.2;17.0;144.0;22.92;710.7;0.0;21.0;8.7;0.281;28.57;3.7;52.0
1259;1.72;12.8;25.3;38.3;28.0;85.0;17.17;710.8;0.0;18.0;5.5;0.586;30.86;5.7;56.0
1260;1.51;6.6;14.6;21.4;38.0;70.0;15.01;710.4;0.0;16.0;5.1;0.719;32.54;5.5;24.0
1261;1.34;3.7;6.1;10.1;39.0;61.0;10.73;709.6;0.0;15.0;4.1;0.789;32.67;9.9;344.0
1262;;;;;;;;;;;;;;;
1263;1.51;3.3;11.2;14.7;69.0;62.0;;708.4;0.0;14.0;4.9;0.715;33.45;10.3;91.0
1264;1.49;2.7;9.6;12.5;74.0;55.0;;708.1;0.0;15.0;4.8;0.57;33.79;10.2;89.0
1265;1.49;2.8;10.7;13.8;66.0;49.0;;707.9;0.0;15.0;4.8;0.23;33.44;12.5;118.0
1266;1.49;2.7;10.3;13.3;54.0;50.0;15.61;708.0;0.0;18.0;;0.063;32.56;13.0;131.0
1267;1.52;2.6;8.7;11.5;50.0;50.0;18.17;708.4;0.0;23.0;5.0;0.011;30.95;14.0;134.0
1268;1.58;2.4;12.9;15.4;39.0;52.0;17.48;708.8;0.0;24.0;4.9;0.001;30.06;10.8;125.0
1269;1.55;2.6;12.5;15.2;35.0;47.0;18.15;709.3;0.0;26.0;4.9;0.001;29.19;9.7;112.0
1270;1.65;2.3;18.0;20.5;26.0;49.0;22.03;709.6;0.0;30.0;;0.0;27.88;6.3;99.0
1271;1.58;2.3;11.9;14.4;30.0;52.0;21.75;709.8;0.0;34.0;;0.0;27.17;7.6;70.0
1272;1.74;5.7;28.6;34.4;10.0;49.0;28.59;710.0;0.0;41.0;5.4;0.0;25.29;5.7;330.0
1273;1.85;2.6;26.9;29.6;8.0;67.0;29.97;710.0;0.0;46.0;5.7;0.0;24.33;5.6;299.0
1274;1.83;4.0;29.1;33.3;5.0;64.0;34.67;709.9;0.0;52.0;5.3;0.0;23.39;6.9;347.0
1275;1.72;5.1;24.1;29.4;4.0;90.0;35.63;709.9;0.0;66.0;5.7;0.0;21.15;5.3;41.0
1276;1.7;3.7;15.2;19.0;9.0;78.0;35.14;709.8;0.0;74.0;6.7;0.0;19.84;4.7;68.0
1277;1.69;3.7;16.5;20.4;4.0;71.0;36.91;709.9;0.0;78.0;5.8;0.0;19.0;3.3;47.0
1278;1.69;3.3;17.3;20.8;3.0;64.0;38.71;710.1;0.0;81.0;5.6;0.001;18.4;2.8;31.0
1279;1.82;14.4;21.8;36.4;1.0;71.0;45.73;710.6;0.0;83.0;5.4;0.001;17.94;2.7;18.0
1280;2.36;22.0;23.8;45.9;2.0;91.0;59.55;711.3;0.0;84.0;5.2;0.013;18.27;5.4;13.0
1281;2.12;21.2;23.7;45.1;3.0;120.0;68.01;712.1;0.0;82.0;5.2;0.058;18.59;6.3;4.0
1282;1.84;8.3;16.5;25.0;12.0;145.0;49.32;712.9;0.0;78.0;;0.092;19.03;9.7;28.0
1283;1.84;8.5;18.5;27.2;12.0;183.0;41.81;713.3;0.0;79.0;5.1;0.126;19.22;7.7;101.0
1284;1.8;8.2;17.3;25.8;15.0;81.0;44.9;713.3;0.0;71.0;5.6;0.242;20.63;6.8;119.0
1285;1.76;6.8;14.6;21.6;22.0;88.0;39.81;712.8;0.0;63.0;6.3;0.313;22.23;6.0;61.0
1286;1.78;6.0;15.7;21.9;23.0;74.0;35.26;712.2;0.0;59.0;6.6;0.21;22.66;9.8;62.0
1287;1.74;8.9;16.5;25.7;18.0;87.0;23.8;711.7;0.0;63.0;5.8;0.216;20.49;13.3;9.0
1288;1.85;9.7;20.5;30.5;16.0;93.0;28.06;711.2;0.0;60.0;5.3;0.167;20.44;11.1;12.0
1289;1.85;15.4;24.0;39.7;10.0;100.0;30.3;711.3;0.0;59.0;5.1;0.113;19.08;10.0;33.0
1290;1.93;17.6;29.6;47.4;5.0;134.0;31.59;711.7;0.0;60.0;5.0;0.027;17.82;8.1;35.0
1291;2.0;16.4;28.7;45.3;4.0;120.0;32.73;711.8;0.0;62.0;4.8;0.002;16.73;9.6;29.0
1292;1.86;12.6;27.9;40.8;3.0;110.0;29.66;712.2;0.0;64.0;4.9;0.001;15.45;9.0;23.0
1293;1.81;11.0;25.4;36.5;5.0;90.0;29.9;712.8;0.0;67.0;4.8;0.001;13.96;10.4;29.0
1294;1.59;6.1;19.7;26.0;8.0;95.0;27.16;713.2;0.0;70.0;4.8;0.001;12.45;12.4;20.0
1295;1.53;9.3;19.7;29.2;7.0;82.0;27.5;713.4;0.0;67.0;5.4;0.001;12.0;10.0;21.0
1296;1.5;4.4;15.4;20.0;11.0;71.0;23.34;713.4;0.0;68.0;5.1;0.001;11.22;10.0;20.0
1297;1.49;6.0;14.8;21.0;11.0;68.0;24.07;713.2;0.0;71.0;4.9;0.001;10.22;8.8;22.0
1298;1.48;15.4;19.7;35.3;6.0;61.0;31.38;712.8;0.0;75.0;7.5;0.001;9.23;7.0;39.0
1299;1.47;7.2;12.3;19.7;11.0;53.0;24.84;712.2;0.0;77.0;5.7;0.001;8.81;6.7;48.0
1300;1.54;28.5;21.1;49.8;3.0;47.0;45.96;712.2;0.0;81.0;12.7;0.001;8.1;6.8;48.0
1301;1.56;16.8;20.1;37.2;3.0;66.0;48.37;712.2;0.0;84.0;12.6;0.001;7.78;5.5;42.0
1302;1.62;10.9;20.0;31.2;2.0;79.0;47.12;712.3;0.0;85.0;8.6;0.001;7.82;5.4;42.0
1303;1.67;13.3;19.5;33.2;2.0;79.0;41.19;712.4;0.0;86.0;6.5;0.001;7.97;4.4;49.0
1304;1.77;19.9;19.6;39.8;3.0;70.0;38.42;712.8;0.0;86.0;5.7;0.01;8.41;3.4;8.0
1305;2.05;46.6;21.1;68.1;4.0;75.0;43.04;713.0;0.0;84.0;5.7;0.084;9.41;4.1;359.0
1306;2.41;81.1;25.1;106.5;4.0;86.0;47.31;713.4;0.0;78.0;7.8;0.182;10.47;5.1;47.0
1307;2.4;98.4;27.9;126.5;5.0;105.0;63.33;713.6;0.0;72.0;15.0;0.278;11.33;7.2;47.0
1308;2.2;75.7;28.9;104.8;8.0;115.0;62.38;713.2;0.0;67.0;20.3;0.499;12.61;7.0;48.0
1309;2.17;55.2;34.6;90.2;12.0;109.0;63.91;712.4;0.0;61.0;17.9;0.73;14.94;6.8;42.0
1310;2.1;37.4;39.8;77.4;18.0;101.0;67.34;711.6;0.0;56.0;16.2;0.733;16.77;8.6;52.0
1311;2.0;24.1;36.7;61.0;24.0;108.0;60.55;711.1;0.0;54.0;12.8;0.663;17.34;10.9;66.0
1312;1.91;12.2;30.5;42.9;33.0;112.0;52.16;710.8;0.0;52.0;10.2;0.526;18.25;9.7;62.0
1313;1.85;6.4;24.3;30.9;40.0;90.0;44.31;710.8;0.0;53.0;8.5;0.228;18.27;10.6;68.0
1314;1.82;4.7;22.8;27.7;33.0;87.0;27.7;711.3;0.0;56.0;12.0;0.074;17.0;11.4;68.0
1315;1.82;4.7;21.4;26.3;18.0;67.0;19.95;712.1;0.0;62.0;8.6;0.012;14.91;10.9;60.0
1316;1.82;4.2;23.1;27.5;13.0;56.0;21.53;712.8;0.0;66.0;6.3;0.001;13.89;10.1;56.0
1317;1.72;5.3;20.7;26.2;11.0;59.0;22.5;713.7;0.0;67.0;5.7;0.001;12.54;10.6;35.0
1318;1.63;2.9;14.4;17.5;16.0;57.0;17.21;714.9;0.0;68.0;7.4;0.001;11.85;11.1;47.0
1319;1.59;3.4;13.8;17.4;16.0;45.0;17.15;715.5;0.0;69.0;8.0;0.001;11.61;11.0;47.0
1320;1.59;3.3;17.1;20.6;13.0;37.0;19.08;715.9;0.0;69.0;9.3;0.001;11.48;10.4;30.0
1321;1.56;3.6;17.8;21.5;11.0;17.0;;716.1;0.0;66.0;8.8;0.001;10.66;10.8;25.0
1322;1.52;2.7;15.1;18.0;12.0;47.0;16.4;716.5;0.0;66.0;6.0;0.001;9.56;9.1;25.0
1323;1.59;4.3;20.6;25.1;7.0;46.0;20.37;716.3;0.0;66.0;5.6;0.001;9.39;6.2;72.0
1324;1.64;2.6;19.8;22.5;8.0;41.0;21.24;716.1;0.0;68.0;6.1;0.001;9.35;3.7;122.0
1325;1.59;2.4;18.3;20.9;10.0;56.0;20.25;716.2;0.0;68.0;5.9;0.001;9.37;3.9;283.0
1326;1.61;2.3;8.5;10.9;22.0;54.0;16.96;716.7;0.0;74.0;5.0;0.001;8.91;4.1;27.0
1327;1.68;3.1;15.8;19.1;13.0;61.0;21.07;717.1;0.0;79.0;4.8;0.001;8.41;5.7;27.0
1328;1.66;8.1;23.1;31.4;5.0;53.0;23.63;717.7;0.0;75.0;5.1;0.006;8.76;5.6;52.0
1329;1.73;15.2;22.9;38.3;5.0;38.0;28.76;718.4;0.0;77.0;5.4;0.029;8.33;7.3;74.0
1330;1.76;20.8;23.1;44.1;5.0;69.0;30.76;718.9;0.0;78.0;7.1;0.064;8.39;6.0;80.0
1331;1.83;22.2;22.9;45.3;7.0;67.0;30.41;719.1;0.0;68.0;7.2;0.126;9.66;5.0;36.0
1332;1.76;19.1;20.2;39.6;10.0;73.0;28.43;718.8;0.0;61.0;6.6;0.207;10.3;6.8;352.0
1333;1.72;15.9;18.6;34.8;14.0;83.0;26.01;718.1;0.0;56.0;6.3;0.313;11.38;5.8;4.0
1334;1.75;18.1;21.8;40.1;17.0;76.0;27.18;717.1;0.0;51.0;8.6;0.435;12.57;7.2;34.0
1335;1.79;14.7;22.5;37.4;17.0;84.0;;716.6;0.0;58.0;7.2;0.294;12.24;10.2;57.0
1336;1.81;12.0;18.5;30.8;15.0;104.0;42.44;716.2;0.0;66.0;5.5;0.253;11.4;12.0;71.0
1337;1.79;9.1;19.5;28.9;13.0;84.0;37.61;716.3;0.0;68.0;5.3;0.116;10.85;10.1;76.0
1338;1.82;9.2;20.7;30.2;9.0;54.0;31.37;716.4;0.0;71.0;5.0;0.044;10.41;9.8;60.0
1339;1.85;8.8;21.8;30.8;7.0;57.0;31.65;716.5;0.0;74.0;4.7;0.007;10.37;7.9;82.0
1340;1.76;5.0;18.3;23.6;8.0;58.0;21.78;717.0;0.0;76.0;4.5;0.001;9.86;8.3;78.0
1341;1.82;7.5;21.3;29.1;5.0;41.0;32.91;717.4;0.0;79.0;4.3;0.001;9.02;9.9;49.0
1342;1.7;4.6;17.0;21.9;6.0;24.0;;717.7;0.0;82.0;4.2;0.001;8.11;9.4;43.0
1343;1.66;3.9;15.5;19.5;7.0;59.0;30.07;717.7;0.0;82.0;4.3;0.001;7.76;9.3;43.0
1344;1.62;3.3;13.5;17.0;7.0;53.0;29.61;717.6;0.0;82.0;4.1;0.001;7.23;9.7;42.0
1345;;;;;;;;;;;;0.0;;;
1346;;;;;;;;;;;;0.0;;;
1347;;;;;;;;;;;;0.0;;;
1348;;;;;;;;;;;;0.0;;;
1349;;;;;;;;;;;;0.0;;;
1350;;;;;;;;;;;;0.0;;;
1351;0.38;3.8;;4.2;;81.0;;;0.0;19.0;1.6;0.0;1.33;0.7;79.0
1352;2.23;24.5;12.3;37.0;2.0;;;716.6;0.0;89.0;4.9;0.006;6.19;4.9;70.0
1353;2.0;45.4;17.2;62.9;3.0;55.0;47.26;717.2;0.0;89.0;5.8;0.027;6.26;5.5;75.0
1354;2.06;57.1;18.1;75.6;3.0;57.0;52.55;717.5;0.0;89.0;7.2;0.07;6.51;4.7;61.0
1355;2.29;60.4;20.1;80.9;4.0;61.0;;717.6;0.0;89.0;8.6;0.097;6.91;5.9;66.0
1356;2.18;59.5;21.8;81.6;5.0;85.0;68.06;717.3;0.0;89.0;10.7;0.162;7.56;6.0;58.0
1357;1.99;47.6;23.5;71.3;5.0;85.0;64.03;716.9;0.0;86.0;15.0;0.156;8.36;6.6;55.0
1358;1.9;35.4;22.8;58.4;5.0;87.0;50.01;716.4;0.0;82.0;10.4;0.126;8.55;7.4;62.0
1359;1.81;19.6;21.7;41.6;7.0;70.0;49.09;715.9;0.0;81.0;7.4;0.093;8.31;7.8;69.0
1360;1.83;15.6;33.0;48.8;10.0;70.0;;715.5;0.0;82.0;7.5;0.066;8.31;6.4;75.0
1361;1.84;6.6;37.6;44.4;19.0;93.0;91.53;715.4;0.0;82.0;12.2;0.051;8.41;6.5;79.0
1362;1.88;10.4;41.8;52.5;9.0;118.0;100.58;715.4;0.0;82.0;17.9;0.028;8.46;5.3;91.0
1363;1.96;18.8;38.5;57.5;4.0;124.0;95.43;715.7;0.0;82.0;16.9;0.004;8.53;3.9;49.0
1364;1.94;28.5;35.4;64.1;3.0;121.0;90.01;716.1;0.0;83.0;16.0;0.001;8.6;3.3;50.0
1365;1.99;30.8;30.1;61.1;3.0;117.0;79.14;716.5;0.0;83.0;11.8;0.001;8.73;4.9;67.0
1366;1.87;20.2;24.7;45.1;3.0;103.0;72.81;716.8;0.0;84.0;8.6;0.001;8.42;6.8;63.0
1367;1.59;8.3;19.6;28.2;;87.0;51.85;716.8;0.0;86.0;6.7;0.001;7.61;7.6;66.0
1368;1.34;2.9;11.6;14.7;14.0;62.0;35.82;717.1;0.0;87.0;6.0;0.001;7.01;8.1;59.0
1369;1.37;7.4;22.6;30.2;8.0;57.0;46.61;717.3;0.0;85.0;7.3;0.001;7.07;5.7;42.0
1370;1.36;4.3;20.4;24.8;8.0;67.0;44.61;717.5;0.0;85.0;6.4;0.001;6.92;4.5;52.0
1371;1.44;7.1;23.8;31.1;3.0;61.0;44.16;717.5;0.0;86.0;6.4;0.001;6.94;3.5;153.0
1372;1.5;6.4;22.1;28.8;3.0;61.0;41.06;717.6;0.0;87.0;5.5;0.001;6.77;2.8;244.0
1373;1.51;4.1;19.3;23.6;4.0;59.0;41.22;718.0;0.0;87.0;5.0;0.001;6.94;3.3;348.0
1374;1.54;6.1;22.4;28.7;5.0;52.0;38.76;718.4;0.0;86.0;5.0;0.001;6.74;5.2;14.0
1375;1.98;4.8;21.8;26.8;7.0;56.0;34.66;719.2;0.0;78.0;5.2;0.001;6.66;5.5;81.0
1376;1.61;7.6;23.0;30.8;5.0;64.0;31.72;719.8;0.0;74.0;6.1;0.011;6.83;6.0;97.0
1377;1.51;8.3;23.4;31.9;7.0;80.0;29.52;720.4;0.0;71.0;7.2;0.034;7.0;5.8;103.0
1378;1.38;8.0;20.3;28.6;12.0;57.0;22.47;720.9;0.0;68.0;7.1;0.11;7.56;5.9;122.0
1379;1.42;9.9;17.3;27.4;20.0;52.0;28.93;720.9;0.0;60.0;7.7;0.375;10.15;4.6;93.0
1380;1.49;8.4;15.3;24.0;28.0;67.0;48.12;720.4;0.0;56.0;7.2;0.673;12.24;5.5;4.0
1381;1.48;6.3;15.7;22.2;38.0;84.0;49.4;719.6;0.0;50.0;6.6;0.746;13.76;5.6;249.0
1382;1.42;4.2;13.9;18.3;52.0;74.0;42.55;718.7;0.0;43.0;6.4;0.751;15.62;6.2;316.0
1383;1.38;3.5;11.6;15.4;57.0;75.0;29.1;718.0;0.0;37.0;5.6;0.692;16.98;6.7;6.0
1384;1.35;4.0;13.7;17.9;52.0;61.0;23.78;717.5;0.0;34.0;6.3;0.567;17.97;6.7;48.0
1385;1.31;5.0;17.9;23.1;41.0;58.0;21.4;717.4;0.0;32.0;9.2;0.253;18.22;8.2;103.0
1386;1.25;3.4;14.6;18.2;38.0;57.0;16.83;717.6;0.0;32.0;7.0;0.072;18.04;8.9;65.0
1387;1.26;2.9;18.8;21.9;25.0;50.0;13.4;718.1;0.0;34.0;5.4;0.011;16.21;9.3;35.0
1388;1.29;2.8;19.0;22.0;21.0;44.0;16.57;718.7;0.0;40.0;5.4;0.001;14.69;9.1;45.0
1389;1.35;3.3;21.4;24.9;17.0;45.0;20.81;719.4;0.0;47.0;5.9;0.001;13.05;6.2;58.0
1390;1.35;4.1;29.4;33.8;9.0;48.0;21.39;719.8;0.0;48.0;10.2;0.0;12.36;5.1;14.0
1391;1.44;3.6;28.5;32.3;9.0;56.0;26.99;720.1;0.0;49.0;5.9;0.001;11.9;6.4;345.0
1392;1.42;3.4;28.4;31.9;8.0;99.0;27.79;720.0;0.0;52.0;5.1;0.001;11.13;3.9;358.0
1393;1.44;2.6;24.2;27.0;8.0;101.0;21.07;719.5;0.0;58.0;4.7;0.001;9.99;2.0;183.0
1394;1.45;2.5;23.1;25.7;9.0;57.0;16.47;719.3;0.0;57.0;4.9;0.001;9.26;2.0;244.0
1395;1.63;12.5;28.6;41.3;5.0;52.0;18.89;719.1;0.0;59.0;5.5;0.001;8.86;2.2;299.0
1396;1.79;24.3;33.0;57.4;3.0;47.0;26.11;718.9;0.0;61.0;6.0;0.001;8.46;2.0;280.0
1397;1.52;12.3;27.3;39.8;6.0;63.0;23.19;718.8;0.0;61.0;5.4;0.001;8.21;2.5;232.0
1398;1.39;6.2;25.5;31.9;5.0;48.0;20.22;718.8;0.0;61.0;5.2;0.001;8.13;2.3;279.0
1399;1.54;19.2;30.0;49.4;3.0;59.0;30.35;719.0;0.0;61.0;5.6;0.001;8.0;2.9;228.0
1400;1.8;50.4;31.5;82.2;5.0;81.0;38.12;719.4;0.0;58.0;7.8;0.045;9.17;2.7;261.0
1401;1.89;47.8;32.0;80.1;9.0;108.0;31.81;719.7;0.0;46.0;8.4;0.222;12.44;3.7;12.0
1402;2.01;66.1;44.5;110.9;11.0;95.0;41.48;720.0;0.0;39.0;17.0;0.262;13.75;5.7;60.0
1403;1.53;25.9;33.6;59.7;23.0;99.0;30.06;719.7;0.0;34.0;13.2;0.603;14.26;7.4;60.0
1404;1.44;13.8;26.5;40.5;34.0;79.0;27.41;719.3;0.0;34.0;8.1;0.744;15.22;8.9;55.0
1405;1.32;7.5;19.2;26.9;49.0;71.0;21.77;718.3;0.0;31.0;8.6;0.814;16.36;12.3;49.0
1406;1.27;4.7;17.1;22.0;67.0;64.0;15.69;717.2;0.0;28.0;14.1;0.816;17.7;15.4;44.0
1407;1.24;4.8;14.4;19.3;57.0;63.0;12.7;716.3;0.0;25.0;7.9;0.735;18.85;15.7;57.0
1408;1.2;4.4;12.4;17.0;52.0;57.0;11.76;715.6;0.0;23.0;5.9;0.605;19.32;17.0;64.0
1409;1.19;4.2;12.3;16.8;49.0;56.0;9.81;715.1;0.0;21.0;4.7;0.29;19.63;15.8;66.0
1410;1.2;4.0;14.3;18.5;43.0;49.0;8.64;715.2;0.0;20.0;4.1;0.07;19.17;15.7;64.0
1411;;;;;;;;;;;;0.0;;;
1412;1.26;3.3;22.9;26.3;32.0;42.0;9.17;715.7;0.0;18.0;4.3;0.001;16.7;10.0;75.0
1413;1.22;2.5;19.9;22.6;34.0;39.0;9.58;716.1;0.0;22.0;5.2;0.001;15.7;8.1;76.0
1414;1.12;2.3;12.3;14.8;42.0;33.0;8.7;716.3;0.0;23.0;4.0;0.001;15.22;9.6;87.0
1415;1.09;2.3;9.5;12.0;43.0;32.0;8.15;716.3;0.0;24.0;3.9;0.001;14.68;8.2;92.0
1416;;;;;;;;;;;;;;;
1417;1.07;2.2;7.3;9.6;45.0;28.0;8.69;715.6;0.0;26.0;4.0;0.001;13.53;7.6;91.0
1418;1.05;2.1;5.5;7.8;50.0;28.0;9.45;715.4;0.0;29.0;4.0;0.001;12.82;9.5;91.0
1419;1.2;2.2;17.0;19.4;37.0;35.0;15.69;715.4;0.0;33.0;5.0;0.0;11.74;5.7;26.0
1420;1.3;2.5;32.2;34.9;21.0;55.0;27.95;715.4;0.0;39.0;6.8;0.001;9.91;3.7;359.0
1421;1.33;2.3;27.0;29.3;19.0;75.0;23.41;715.3;0.0;43.0;5.3;0.001;8.88;1.9;324.0
1422;1.34;2.5;36.3;38.9;9.0;71.0;25.35;715.5;0.0;45.0;5.5;0.001;8.57;1.8;313.0
1423;1.41;9.0;40.5;49.8;4.0;63.0;27.0;715.8;0.0;48.0;5.3;0.001;8.04;1.8;341.0
1424;1.76;56.6;44.7;101.5;4.0;58.0;31.79;716.2;0.0;49.0;5.9;0.041;9.25;3.1;40.0
1425;1.97;60.8;47.7;108.8;8.0;89.0;40.33;716.5;0.0;42.0;7.4;0.214;12.34;3.6;67.0
1426;2.11;84.6;59.5;144.3;12.0;105.0;68.76;716.6;0.0;39.0;26.4;0.262;13.92;4.3;29.0
1427;1.98;59.7;57.5;117.4;18.0;135.0;74.05;716.7;0.0;38.0;37.9;0.568;14.77;8.6;68.0
1428;1.67;32.8;47.9;80.9;28.0;137.0;57.14;716.3;0.0;38.0;22.6;0.718;15.76;9.2;43.0
1429;1.36;6.7;25.6;32.6;73.0;123.0;28.49;715.6;0.0;34.0;23.8;0.793;17.25;9.5;51.0
1430;1.3;4.5;15.4;20.1;64.0;79.0;21.0;714.7;0.0;31.0;10.7;0.8;19.11;11.7;35.0
1431;1.29;4.2;12.9;17.4;57.0;61.0;16.53;714.0;0.0;29.0;7.3;0.726;20.45;13.5;51.0
1432;;;;;;;;;;;;;;;
1433;1.33;4.3;13.6;18.1;51.0;54.0;15.29;713.5;0.0;30.0;5.4;0.294;21.21;16.0;59.0
1434;1.36;3.5;15.0;18.8;47.0;57.0;15.69;713.4;0.0;32.0;6.4;0.068;20.96;15.0;67.0
1435;1.42;3.0;18.8;21.9;40.0;55.0;15.17;713.7;0.0;34.0;6.5;0.012;19.8;14.1;69.0
1436;1.46;3.1;23.3;26.6;31.0;55.0;15.5;714.2;0.0;36.0;8.2;0.001;18.86;11.8;69.0
1437;1.44;2.5;21.8;24.5;31.0;49.0;15.2;714.7;0.0;37.0;5.7;0.001;18.17;7.8;74.0
1438;1.36;2.3;15.8;18.3;34.0;50.0;14.67;715.0;0.0;40.0;5.2;0.001;17.78;5.5;93.0
1439;1.37;2.4;18.1;20.7;30.0;42.0;17.25;715.0;0.0;45.0;6.2;0.001;17.08;8.7;62.0
1440;1.3;2.4;11.1;13.6;34.0;48.0;15.52;714.8;0.0;53.0;5.4;0.001;15.85;7.0;60.0
1441;1.32;2.6;14.0;16.8;29.0;43.0;18.52;714.8;0.0;59.0;5.4;0.001;15.09;8.4;45.0
1442;1.34;2.7;22.3;25.2;18.0;40.0;21.46;714.7;0.0;68.0;6.4;0.0;13.41;6.7;19.0
1443;1.29;2.4;19.0;21.5;21.0;56.0;18.27;714.3;0.0;73.0;6.3;0.001;12.38;5.9;31.0
1444;1.32;2.4;18.8;21.3;19.0;55.0;21.69;714.0;0.0;76.0;7.9;0.001;11.71;3.4;55.0
1445;1.31;2.4;19.8;22.3;13.0;73.0;23.08;714.1;0.0;79.0;6.7;0.001;11.16;1.8;246.0
1446;1.39;2.5;21.8;24.4;10.0;57.0;25.37;714.2;0.0;80.0;5.7;0.001;11.08;1.9;255.0
1447;1.57;10.0;24.6;34.9;5.0;63.0;26.53;714.5;0.0;80.0;5.3;0.001;11.04;1.9;294.0
1448;1.79;34.8;32.3;67.3;4.0;56.0;31.63;714.9;0.0;78.0;5.5;0.044;11.64;2.4;342.0
1449;1.84;30.8;31.6;62.6;9.0;79.0;36.95;715.3;0.0;70.0;6.2;0.2;13.94;2.2;18.0
1450;2.02;18.6;26.6;45.4;24.0;76.0;43.53;715.6;0.0;63.0;7.1;0.28;15.79;4.9;17.0
1451;1.98;22.7;36.2;59.2;22.0;87.0;49.51;715.7;0.0;62.0;10.7;0.503;16.48;6.5;50.0
1452;1.84;19.3;34.3;53.8;29.0;91.0;50.75;715.5;0.0;59.0;16.6;0.675;17.67;8.2;30.0
1453;1.54;15.8;27.6;43.6;33.0;101.0;42.67;715.0;0.0;56.0;16.2;0.756;18.57;10.4;57.0
1454;1.52;4.6;17.3;22.1;65.0;63.0;35.67;714.3;0.0;52.0;13.6;0.659;19.56;12.4;61.0
1455;1.45;4.1;11.9;16.2;51.0;78.0;28.9;713.6;0.0;50.0;11.9;0.598;20.43;12.9;62.0
1456;1.45;4.2;11.9;16.3;46.0;72.0;27.47;713.2;0.0;49.0;8.0;0.457;20.75;13.4;59.0
1457;1.46;4.1;;16.2;42.0;66.0;27.42;713.0;0.0;50.0;6.6;0.312;20.53;13.9;68.0
1458;1.48;3.6;14.5;18.2;36.0;62.0;28.04;713.0;0.0;53.0;5.8;0.088;19.5;12.3;75.0
1459;1.46;2.9;13.6;16.7;33.0;68.0;26.59;713.3;0.0;57.0;5.3;0.02;18.48;10.6;111.0
1460;1.46;2.4;14.3;16.9;32.0;64.0;30.35;713.6;0.0;59.0;4.9;0.001;17.84;8.3;106.0
1461;1.57;2.5;19.6;22.2;25.0;59.0;33.64;713.9;0.0;61.0;4.7;0.001;17.45;7.0;90.0
1462;1.49;2.5;14.7;17.4;29.0;64.0;35.21;714.2;0.0;63.0;4.6;0.001;17.04;9.3;102.0
1463;1.36;2.3;7.0;9.4;35.0;65.0;30.92;714.2;0.0;64.0;4.6;0.001;16.87;10.4;122.0
1464;1.38;2.3;7.7;10.2;33.0;54.0;28.76;714.1;0.0;65.0;4.5;0.001;16.84;8.0;90.0
1465;1.37;;6.1;8.6;34.0;52.0;27.4;714.1;0.0;65.0;4.5;0.001;16.92;5.8;80.0
1466;1.32;2.2;5.0;7.5;35.0;37.0;24.14;713.8;0.0;65.0;;0.001;16.83;3.9;208.0
1467;1.35;2.3;6.5;9.0;30.0;6.0;;713.6;0.0;66.0;4.4;0.001;16.37;2.0;245.0
1468;1.37;2.3;7.6;10.0;27.0;40.0;25.18;713.6;0.0;69.0;4.4;0.001;16.18;4.6;56.0
1469;1.37;;8.8;11.3;25.0;52.0;19.58;713.6;0.0;73.0;4.5;0.001;15.73;3.1;84.0
1470;1.39;;13.9;16.4;19.0;46.0;20.64;713.8;0.0;75.0;4.8;0.001;15.65;1.8;14.0
1471;1.45;2.7;23.4;26.3;11.0;55.0;21.54;714.2;0.0;75.0;5.3;0.001;15.76;2.9;63.0
1472;1.59;7.0;27.5;34.7;9.0;53.0;19.1;714.5;0.0;77.0;5.0;0.022;15.56;2.8;66.0
1473;1.74;13.8;30.2;44.3;8.0;63.0;22.59;715.0;0.0;76.0;5.1;0.085;16.29;2.1;78.0
1474;1.85;14.1;30.3;44.6;12.0;40.0;28.4;715.3;0.0;73.0;5.9;0.147;16.88;5.2;69.0
1475;1.87;12.1;25.5;37.8;20.0;83.0;35.41;715.4;0.0;68.0;7.0;0.254;18.07;4.8;38.0
1476;1.75;12.3;25.7;38.3;23.0;78.0;34.79;715.2;0.0;64.0;8.4;0.311;18.65;8.6;65.0
1477;1.61;6.9;19.8;27.0;31.0;43.0;29.52;714.7;0.0;64.0;8.3;0.276;18.81;8.8;69.0
1478;1.58;5.2;18.8;24.2;41.0;69.0;32.01;714.2;0.0;61.0;8.6;0.259;19.39;8.0;61.0
1479;1.6;4.0;17.1;21.2;48.0;75.0;36.27;713.5;0.0;60.0;9.4;0.21;19.71;9.3;70.0
1480;1.61;3.4;17.8;21.4;47.0;78.0;44.59;713.1;0.0;59.0;17.2;0.136;19.84;9.1;64.0
1481;1.53;3.3;12.8;16.3;42.0;83.0;41.08;712.8;0.0;56.0;15.8;0.139;20.47;7.4;89.0
1482;1.56;3.7;16.0;19.9;38.0;76.0;41.47;712.7;0.0;52.0;10.3;0.092;21.42;7.8;49.0
1483;1.66;3.1;21.1;24.4;29.0;73.0;38.24;712.8;0.0;54.0;8.9;0.017;20.96;7.4;91.0
1484;1.63;2.9;18.6;21.7;28.0;68.0;35.67;713.0;0.0;56.0;7.6;0.001;20.44;3.9;100.0
1485;1.69;2.6;21.4;24.2;22.0;73.0;35.08;713.4;0.0;56.0;7.0;0.001;20.47;3.2;114.0
1486;1.54;2.6;13.8;16.7;26.0;63.0;23.87;713.6;0.0;61.0;6.0;0.001;20.37;9.4;64.0
1487;1.46;;8.6;11.4;26.0;54.0;10.46;713.7;0.0;71.0;5.1;0.001;19.19;10.7;61.0
1488;1.44;2.3;7.5;10.0;25.0;38.0;8.06;713.4;0.0;74.0;4.7;0.001;18.64;9.0;56.0
1489;1.44;2.3;7.0;9.5;24.0;32.0;8.52;713.2;0.0;76.0;4.5;0.001;18.28;8.0;57.0
1490;1.43;2.3;6.0;8.5;24.0;28.0;9.35;713.0;0.0;79.0;4.3;0.001;17.89;8.9;54.0
1491;1.41;2.3;6.8;9.3;22.0;34.0;14.71;712.9;0.0;81.0;4.4;0.001;17.62;7.9;44.0
1492;1.41;2.2;5.6;8.1;21.0;33.0;13.47;712.8;0.0;82.0;4.4;0.001;17.32;5.8;54.0
1493;1.39;2.2;4.6;7.0;21.0;31.0;11.73;712.6;0.0;82.0;4.2;0.001;17.15;4.1;41.0
1494;1.41;2.3;7.3;9.8;18.0;32.0;13.39;712.8;0.0;82.0;4.1;0.001;17.01;5.8;50.0
1495;1.48;3.0;15.0;18.2;10.0;29.0;14.29;713.2;0.0;84.0;4.2;0.001;16.71;4.9;48.0
1496;1.7;10.9;23.0;34.1;3.0;19.0;14.62;713.6;0.0;84.0;4.2;0.006;16.69;4.4;36.0
1497;1.91;18.9;23.0;42.1;3.0;43.0;18.01;714.0;0.0;85.0;;0.022;16.67;5.0;55.0
1498;1.94;25.0;24.3;49.5;3.0;51.0;28.08;714.5;0.0;85.0;;0.04;16.74;3.9;11.0
1499;1.93;21.2;24.7;46.1;7.0;56.0;36.68;714.6;0.0;84.0;;0.122;17.25;5.1;5.0
1500;1.89;17.2;22.2;39.7;11.0;74.0;32.07;714.2;0.0;80.0;4.3;0.224;18.12;6.3;69.0
1501;1.73;8.9;17.1;26.2;23.0;67.0;28.66;713.5;0.0;72.0;4.4;0.367;19.6;8.1;74.0
1502;1.68;6.2;14.9;21.3;28.0;57.0;24.79;712.6;0.0;65.0;4.5;0.325;20.67;8.3;94.0
1503;1.52;5.6;9.0;14.8;27.0;45.0;16.6;711.6;0.0;60.0;4.5;0.738;21.85;12.7;126.0
1504;1.47;4.0;7.2;11.4;32.0;33.0;14.77;710.8;0.0;55.0;;0.568;22.81;12.5;107.0
1505;1.56;4.9;12.6;17.8;34.0;40.0;17.37;710.2;0.0;50.0;;0.259;24.19;10.1;67.0
1506;1.57;4.5;15.2;20.0;30.0;48.0;19.18;709.9;0.0;44.0;4.7;0.085;25.62;7.1;86.0
1507;1.66;3.8;20.4;24.4;22.0;50.0;18.9;709.8;0.0;45.0;4.6;0.014;24.81;6.9;83.0
1508;1.59;2.7;16.2;19.0;24.0;49.0;17.43;709.8;0.0;45.0;4.4;0.001;24.19;8.5;113.0
1509;1.49;2.6;11.6;14.4;28.0;43.0;18.9;710.1;0.0;45.0;4.2;0.001;23.61;9.6;122.0
1510;1.66;6.4;21.5;28.2;14.0;41.0;22.37;710.4;0.0;54.0;4.6;0.0;21.96;11.6;61.0
1511;1.64;9.1;26.5;35.8;5.0;57.0;21.35;710.7;0.0;65.0;7.6;0.0;20.01;7.9;17.0
1512;1.66;6.9;27.4;34.5;3.0;54.0;19.91;710.8;0.0;69.0;8.5;0.0;19.12;7.2;344.0
1513;1.64;7.8;26.4;34.4;3.0;61.0;19.93;710.6;0.0;73.0;7.7;0.0;18.25;5.7;6.0
1514;1.64;4.6;23.5;28.3;5.0;57.0;19.21;710.3;0.0;76.0;7.5;0.001;17.55;5.4;315.0
1515;1.59;3.7;21.9;25.8;5.0;42.0;18.59;709.9;0.0;78.0;6.1;0.001;17.04;5.5;336.0
1516;1.51;6.6;24.3;31.1;3.0;57.0;20.95;709.6;0.0;80.0;6.2;0.001;16.65;4.7;8.0
1517;1.59;2.8;20.0;23.0;6.0;53.0;21.14;709.9;0.0;80.0;6.2;0.001;16.51;6.0;318.0
1518;1.72;2.5;16.7;19.3;8.0;46.0;23.91;710.0;0.0;80.0;5.6;0.001;16.69;4.5;342.0
1519;1.62;2.9;17.9;21.0;7.0;34.0;23.05;710.1;0.0;80.0;5.4;0.001;16.48;2.9;36.0
1520;1.71;10.6;21.5;32.4;4.0;28.0;26.48;710.2;0.0;80.0;5.2;0.023;16.43;2.0;60.0
1521;1.89;22.0;24.6;46.8;5.0;62.0;30.9;710.5;0.0;79.0;5.2;0.085;17.11;2.9;93.0
1522;1.96;26.1;27.6;53.9;9.0;71.0;45.87;710.8;0.0;73.0;5.7;0.223;18.66;3.6;42.0
1523;2.01;26.9;31.5;58.6;17.0;88.0;56.23;710.7;0.0;63.0;6.9;0.509;20.81;5.2;49.0
1524;1.97;14.7;29.7;44.6;30.0;102.0;53.42;710.4;0.0;57.0;7.6;0.688;22.1;7.5;51.0
1525;1.78;6.6;19.9;26.7;49.0;103.0;45.87;709.9;0.0;53.0;7.0;0.761;23.49;9.2;45.0
1526;1.68;4.4;15.2;19.7;60.0;95.0;36.17;709.3;0.0;45.0;6.6;0.756;25.77;9.6;48.0
1527;1.67;4.1;14.9;19.2;61.0;78.0;31.78;708.8;0.0;40.0;6.2;0.69;27.25;10.4;52.0
1528;1.66;3.9;13.9;18.0;55.0;72.0;27.83;708.3;0.0;38.0;5.9;0.53;28.41;10.8;51.0
1529;1.61;3.4;12.1;15.7;53.0;65.0;25.75;708.0;0.0;37.0;5.3;0.34;28.56;11.7;73.0
1530;1.59;3.4;14.7;18.3;45.0;58.0;24.45;708.0;0.0;35.0;5.3;0.093;28.64;10.7;60.0
1531;;;;;;;;;;;;0.0;;;
1532;1.63;2.3;14.5;16.9;36.0;7.0;;708.4;0.0;38.0;4.7;0.001;26.86;6.3;90.0
1533;1.6;2.2;11.1;13.5;35.0;58.0;25.4;708.9;0.0;40.0;4.5;0.001;26.23;6.4;123.0
1534;1.69;2.3;13.6;16.1;28.0;56.0;30.96;709.1;0.0;44.0;4.4;0.0;25.44;4.7;65.0
1535;1.76;6.1;24.2;30.5;10.0;54.0;35.91;709.6;0.0;55.0;4.7;0.0;23.52;9.7;38.0
1536;1.66;6.6;24.1;30.8;5.0;75.0;31.62;709.6;0.0;63.0;6.9;0.0;22.22;8.8;2.0
1537;1.64;3.8;20.6;24.6;7.0;65.0;28.72;709.7;0.0;68.0;7.0;0.0;21.22;7.7;346.0
1538;1.61;2.7;15.2;18.1;11.0;61.0;28.49;709.7;0.0;70.0;6.1;0.0;20.38;6.0;340.0
1539;1.64;2.6;17.2;19.9;9.0;56.0;31.0;709.3;0.0;73.0;5.3;0.0;19.81;4.3;9.0
1540;1.65;2.6;17.3;20.1;9.0;60.0;31.81;708.9;0.0;76.0;5.0;0.0;19.2;5.2;29.0
1541;1.61;3.2;17.8;21.1;8.0;61.0;32.45;708.8;0.0;79.0;4.8;0.001;18.56;4.5;15.0
1542;1.77;2.4;12.6;15.1;12.0;61.0;32.44;709.2;0.0;80.0;4.7;0.001;18.46;4.4;349.0
1543;1.71;2.4;11.7;14.3;10.0;57.0;42.71;709.4;0.0;80.0;4.7;0.001;18.37;4.0;311.0
1544;1.73;4.3;14.5;19.1;8.0;75.0;40.39;709.8;0.0;79.0;;0.018;18.65;4.8;358.0
1545;1.62;3.7;10.9;14.8;15.0;48.0;39.24;710.1;0.0;78.0;4.6;0.081;19.0;4.3;307.0
1546;1.73;7.0;13.8;21.0;17.0;72.0;38.06;710.3;0.0;72.0;4.7;0.24;20.25;4.5;355.0
1547;1.79;9.2;16.6;26.1;23.0;77.0;44.81;710.2;0.0;66.0;4.8;0.432;21.67;5.8;31.0
1548;1.89;14.3;25.2;39.8;32.0;77.0;58.03;709.8;0.0;58.0;6.3;0.704;23.63;7.1;50.0
1549;1.85;5.4;19.3;24.9;58.0;99.0;51.46;709.1;0.0;54.0;6.8;0.775;24.94;9.0;70.0
1550;1.83;3.4;14.5;18.1;75.0;89.0;49.6;708.3;0.0;50.0;5.9;0.767;26.18;10.0;51.0
1551;1.7;3.0;11.7;14.9;72.0;88.0;42.21;707.7;0.0;45.0;6.8;0.698;27.88;11.8;50.0
1552;1.67;3.1;10.1;13.5;61.0;67.0;36.15;707.1;0.0;41.0;6.8;0.566;29.37;12.6;49.0
1553;1.66;3.0;10.9;14.2;60.0;67.0;33.95;706.8;0.0;36.0;6.0;0.283;30.43;11.3;59.0
1554;1.57;2.4;8.3;10.9;60.0;62.0;29.56;706.7;0.0;32.0;5.2;0.099;30.42;11.9;103.0
1555;1.54;2.3;7.4;9.8;53.0;26.0;;706.9;0.0;34.0;4.8;0.017;29.38;11.6;110.0
1556;1.54;2.2;6.7;9.1;42.0;46.0;25.78;707.2;0.0;38.0;4.6;0.001;28.37;10.3;116.0
1557;1.56;2.3;7.3;9.7;37.0;19.0;;707.6;0.0;42.0;4.5;0.001;27.83;11.5;113.0
1558;1.58;2.2;8.6;11.0;35.0;53.0;26.07;707.9;0.0;43.0;4.4;0.001;27.17;8.4;143.0
1559;1.8;2.3;19.7;22.2;20.0;48.0;28.76;708.1;0.0;47.0;4.4;0.001;24.62;3.1;231.0
1560;1.99;3.2;25.5;28.9;8.0;56.0;33.29;708.0;0.0;58.0;4.3;0.001;23.57;2.8;254.0
1561;2.01;2.7;26.6;29.4;5.0;31.0;;707.8;0.0;63.0;4.2;0.001;22.69;1.8;270.0
1562;1.94;3.9;26.5;30.5;5.0;68.0;35.16;707.6;0.0;63.0;4.3;0.001;21.99;1.9;252.0
1563;1.97;8.4;30.3;38.9;3.0;43.0;37.02;707.6;0.0;63.0;4.4;0.001;21.06;1.8;294.0
1564;1.97;7.8;27.6;35.5;2.0;77.0;42.54;707.8;0.0;73.0;4.3;0.001;20.2;2.5;266.0
1565;1.82;3.8;19.5;23.5;8.0;81.0;41.42;708.5;0.0;74.0;4.2;0.001;19.96;3.1;118.0
1566;1.89;3.8;24.3;28.2;5.0;102.0;42.87;709.4;0.0;75.0;4.2;0.001;20.08;6.1;139.0
1567;1.83;5.2;22.7;28.1;5.0;84.0;37.62;710.3;0.0;74.0;4.4;0.001;20.04;5.2;115.0
1568;1.84;6.7;19.7;26.7;11.0;102.0;35.2;711.3;0.0;63.0;5.1;0.033;20.44;5.9;47.0
1569;2.0;16.6;26.2;42.9;11.0;140.0;36.52;712.3;0.0;46.0;6.0;0.17;22.14;4.8;188.0
1570;1.61;8.1;14.3;22.6;28.0;166.0;33.29;713.3;0.0;25.0;5.8;0.271;22.45;14.8;17.0
1571;1.45;6.6;11.0;17.9;29.0;283.0;33.86;714.1;0.0;29.0;4.9;0.455;21.28;16.8;28.0
1572;1.43;5.8;8.7;14.8;30.0;313.0;23.9;714.4;0.0;35.0;4.8;0.719;19.87;16.5;22.0
1573;1.48;5.6;9.3;15.2;34.0;213.0;17.13;714.0;0.0;37.0;4.8;0.794;19.79;15.3;20.0
1574;1.57;5.0;9.2;14.4;38.0;136.0;15.33;713.2;0.0;36.0;5.3;0.793;20.71;13.7;22.0
1575;1.52;5.2;9.7;15.2;38.0;109.0;13.37;712.5;0.0;35.0;4.6;0.677;21.24;13.5;33.0
1576;1.49;6.2;11.6;17.9;34.0;99.0;12.61;712.2;0.0;34.0;4.4;0.563;20.47;14.0;35.0
1577;1.47;5.5;11.1;16.9;33.0;92.0;11.08;712.1;0.0;33.0;4.2;0.336;19.7;13.8;27.0
1578;1.52;5.8;15.1;21.1;28.0;76.0;10.63;712.3;0.0;34.0;4.4;0.097;18.89;12.6;23.0
1579;1.62;5.0;21.1;26.4;21.0;75.0;11.64;712.7;0.0;35.0;4.3;0.016;17.37;11.3;16.0
1580;1.52;4.5;21.4;26.1;19.0;75.0;11.09;713.0;0.0;37.0;4.1;0.0;15.86;11.9;5.0
1581;1.5;3.5;15.7;19.4;23.0;68.0;11.23;713.2;0.0;47.0;4.6;0.001;14.69;12.2;71.0
1582;1.4;2.3;6.8;9.3;31.0;54.0;8.6;713.3;0.0;52.0;4.0;0.001;13.4;13.9;100.0
1583;1.38;2.3;6.1;8.6;31.0;51.0;8.97;713.2;0.0;55.0;3.9;0.001;12.53;13.0;92.0
1584;1.36;2.2;5.2;7.6;31.0;45.0;8.52;713.0;0.0;58.0;3.9;0.001;11.73;11.5;90.0
1585;1.36;2.2;5.2;7.7;30.0;44.0;8.63;712.7;0.0;60.0;;0.001;11.27;10.9;87.0
1586;1.36;2.2;5.9;8.3;28.0;40.0;8.34;712.5;0.0;59.0;;0.001;10.71;9.1;48.0
1587;1.37;2.3;12.5;15.0;21.0;46.0;10.63;712.4;0.0;59.0;4.3;0.001;10.36;5.9;21.0
1588;1.46;2.5;17.9;20.5;16.0;44.0;12.42;711.9;0.0;60.0;4.4;0.0;10.03;6.2;11.0
1589;1.52;3.2;28.2;31.6;7.0;47.0;18.41;711.7;0.0;60.0;4.6;0.001;9.73;4.1;353.0
1590;1.55;2.7;27.6;30.5;7.0;62.0;19.05;711.6;0.0;61.0;4.5;0.001;9.26;2.0;264.0
1591;1.55;4.0;27.3;31.5;6.0;57.0;18.11;711.6;0.0;62.0;4.5;0.001;9.44;2.7;31.0
1592;1.68;13.1;25.4;38.8;7.0;56.0;11.99;711.6;0.0;59.0;4.2;0.052;10.4;5.1;74.0
1593;1.73;25.0;24.7;49.8;10.0;55.0;18.96;711.5;0.0;54.0;5.9;0.225;12.55;3.9;57.0
1594;1.76;34.7;27.3;62.1;12.0;62.0;28.34;711.4;0.0;50.0;12.0;0.259;13.89;4.5;84.0
1595;1.92;40.3;35.0;75.5;16.0;76.0;37.09;711.1;0.0;46.0;17.9;0.375;14.67;6.7;53.0
1596;1.87;27.7;36.6;64.6;24.0;97.0;39.6;710.6;0.0;43.0;18.2;0.736;15.63;7.7;43.0
1597;1.82;17.6;35.6;53.4;35.0;109.0;41.41;709.9;0.0;40.0;15.5;0.785;16.9;8.0;33.0
1598;1.75;15.2;35.4;50.8;37.0;105.0;36.37;709.2;0.0;37.0;15.4;0.777;18.39;7.6;49.0
1599;1.71;9.9;33.0;43.1;51.0;83.0;34.55;708.4;0.0;35.0;14.3;0.695;19.41;8.9;67.0
1600;1.65;4.8;29.8;34.8;85.0;102.0;28.65;708.0;0.0;35.0;19.4;0.577;20.41;8.4;39.0
1601;;;;;;;;;;;;0.0;;;
1602;1.63;3.7;22.4;26.3;59.0;93.0;21.46;707.9;0.0;36.0;19.9;0.094;20.45;12.1;47.0
1603;1.7;3.3;22.6;26.1;36.0;94.0;22.83;708.4;0.0;39.0;14.7;0.013;18.82;13.9;55.0
1604;;;;;;;;;;;;0.0;;;
1605;1.61;2.9;18.9;22.0;24.0;65.0;15.27;710.0;0.0;46.0;8.1;0.001;15.65;11.3;52.0
1606;;;;;;;;;;;;0.0;;;
1607;1.57;3.5;21.1;24.7;20.0;63.0;14.79;711.1;0.0;52.0;5.9;0.001;13.74;9.3;45.0
1608;1.51;2.3;12.3;14.7;27.0;47.0;12.36;711.4;0.0;56.0;4.9;0.001;12.95;7.3;48.0
1609;1.44;2.2;5.7;8.1;33.0;49.0;9.39;711.5;0.0;57.0;4.6;0.001;12.68;7.5;90.0
1610;1.46;2.5;9.6;12.3;27.0;38.0;12.34;711.4;0.0;61.0;4.4;0.001;11.57;9.2;57.0
1611;1.49;9.9;24.1;34.1;8.0;42.0;24.88;711.5;0.0;71.0;5.5;0.001;9.71;7.3;30.0
1612;1.5;10.8;27.3;38.3;4.0;54.0;26.72;711.4;0.0;76.0;7.6;0.001;9.02;4.9;18.0
1613;1.5;4.8;27.3;32.3;4.0;61.0;25.62;711.3;0.0;77.0;5.4;0.001;8.67;2.1;277.0
1614;1.55;5.6;29.5;35.3;3.0;55.0;26.84;711.7;0.0;78.0;5.1;0.001;8.93;2.9;34.0
1615;1.79;16.8;30.4;47.4;3.0;58.0;40.38;712.3;0.0;77.0;5.7;0.001;8.95;6.0;28.0
1616;2.01;10.8;27.2;38.2;11.0;80.0;27.65;712.7;0.0;73.0;7.4;0.058;9.64;4.7;30.0
1617;2.04;17.6;27.2;45.0;16.0;65.0;25.34;713.1;0.0;60.0;8.1;0.239;11.85;6.4;30.0
1618;2.09;15.5;24.1;39.8;24.0;69.0;24.53;713.3;0.0;54.0;8.7;0.256;12.69;8.8;44.0
1619;1.69;22.6;28.7;51.5;22.0;75.0;28.71;713.1;0.0;52.0;12.7;0.312;13.59;8.7;42.0
1620;1.74;14.6;29.7;44.5;35.0;75.0;39.88;712.4;0.0;47.0;12.0;0.706;15.04;8.8;59.0
1621;1.61;5.8;18.3;24.3;53.0;79.0;28.15;711.6;0.0;40.0;9.3;0.663;15.72;10.2;57.0
1622;1.54;4.4;13.7;18.3;61.0;76.0;21.01;710.5;0.0;36.0;8.0;0.806;16.79;10.3;44.0
1623;1.51;3.9;11.8;15.9;60.0;64.0;15.97;709.6;0.0;32.0;6.1;0.743;17.73;11.6;56.0
1624;1.49;4.1;11.4;15.7;55.0;60.0;12.49;709.1;0.0;28.0;5.2;0.616;18.47;12.6;56.0
1625;1.52;3.9;12.3;16.4;55.0;59.0;14.09;708.8;0.0;28.0;6.3;0.379;18.89;13.0;57.0
1626;1.57;3.4;16.6;20.1;59.0;67.0;18.07;708.6;0.0;29.0;18.8;0.093;18.77;12.6;56.0
1627;1.6;3.1;18.7;22.0;42.0;67.0;13.2;708.9;0.0;32.0;10.8;0.014;17.55;12.6;63.0
1628;1.55;2.8;16.2;19.1;36.0;63.0;10.5;709.4;0.0;34.0;5.3;0.001;16.54;9.8;92.0
1629;1.5;2.3;11.3;13.8;37.0;47.0;9.47;709.8;0.0;36.0;4.7;0.001;15.89;9.8;94.0
1630;1.46;2.2;9.1;11.5;38.0;43.0;9.4;710.1;0.0;38.0;4.5;0.001;14.98;10.7;97.0
1631;1.49;2.2;11.4;13.8;34.0;42.0;10.78;710.2;0.0;41.0;4.4;0.001;14.1;8.9;76.0
1632;1.45;2.2;7.4;9.8;36.0;50.0;10.4;709.9;0.0;44.0;4.3;0.001;13.43;8.9;100.0
1633;1.45;2.2;6.9;9.2;34.0;39.0;10.22;709.8;0.0;48.0;4.3;0.001;12.58;5.2;128.0
1634;1.47;2.2;9.7;12.1;28.0;42.0;10.86;709.6;0.0;51.0;;0.001;11.85;3.3;89.0
1635;1.57;3.9;29.7;33.8;9.0;58.0;20.48;709.3;0.0;53.0;5.9;0.001;11.18;2.3;33.0
1636;1.61;4.0;31.4;35.6;6.0;77.0;22.06;708.9;0.0;56.0;5.2;0.001;10.47;1.8;296.0
1637;1.65;4.1;33.0;37.4;3.0;70.0;22.3;708.9;0.0;57.0;4.8;0.001;10.41;1.9;288.0
1638;1.66;6.2;30.8;37.1;4.0;64.0;22.36;709.0;0.0;59.0;4.5;0.001;9.91;1.9;300.0
1639;1.88;32.0;32.9;65.1;3.0;65.0;34.5;709.3;0.0;60.0;4.7;0.002;9.56;2.1;6.0
1640;2.22;83.4;37.2;120.9;5.0;87.0;44.71;709.6;0.0;57.0;5.7;0.061;11.11;2.1;322.0
1641;2.22;65.6;41.5;107.3;8.0;121.0;46.18;710.2;0.0;45.0;7.4;0.246;14.34;3.8;29.0
1642;2.94;41.0;43.1;84.2;16.0;128.0;50.87;710.4;0.0;41.0;15.3;0.248;15.64;4.5;10.0
1643;3.6;57.1;61.7;119.0;18.0;126.0;81.97;710.5;0.0;39.0;22.9;0.261;16.93;6.9;59.0
1644;2.37;38.8;60.2;99.2;26.0;169.0;74.21;710.1;0.0;38.0;23.2;0.744;17.98;9.0;51.0
1645;1.94;14.0;38.6;52.8;50.0;151.0;41.24;709.6;0.0;37.0;17.3;0.815;19.53;8.6;49.0
1646;1.86;5.1;27.9;33.2;83.0;103.0;35.39;708.7;0.0;36.0;11.6;0.804;21.06;9.2;53.0
1647;1.72;4.2;16.2;20.5;65.0;94.0;20.23;708.0;0.0;35.0;7.8;0.736;22.46;11.8;52.0
1648;1.71;4.2;13.8;18.2;54.0;73.0;16.15;707.4;0.0;34.0;6.7;0.6;23.64;13.6;53.0
1649;1.74;4.8;15.4;20.5;47.0;70.0;15.39;707.1;0.0;34.0;6.0;0.348;24.08;14.5;52.0
1650;1.75;4.2;17.0;21.5;41.0;69.0;16.33;707.2;0.0;35.0;5.3;0.101;23.81;15.2;63.0
1651;1.8;3.4;19.2;22.8;31.0;66.0;14.93;707.5;0.0;41.0;5.2;0.015;22.23;14.5;65.0
1652;1.81;2.9;18.4;21.5;26.0;57.0;12.86;707.9;0.0;48.0;5.3;0.001;20.98;9.8;76.0
1653;1.73;2.5;13.6;16.3;27.0;53.0;11.81;708.3;0.0;54.0;4.8;0.001;20.24;10.6;82.0
1654;1.8;2.9;15.5;18.6;18.0;41.0;10.76;708.7;0.0;74.0;4.6;0.001;17.98;9.9;46.0
1655;1.8;2.7;13.7;16.6;17.0;43.0;12.96;708.9;0.0;80.0;4.5;0.001;17.29;8.2;49.0
1656;1.81;2.4;13.6;16.2;16.0;35.0;11.84;708.6;0.0;80.0;4.4;0.001;17.35;6.5;57.0
1657;1.73;2.3;9.9;12.4;20.0;33.0;11.3;708.2;0.0;77.0;4.4;0.001;17.45;5.7;116.0
1658;1.82;2.7;20.4;23.3;7.0;36.0;19.57;708.0;0.0;77.0;;0.001;16.37;4.4;206.0
1659;1.76;2.6;16.2;18.9;12.0;47.0;21.63;707.7;0.0;77.0;;0.001;16.26;4.5;207.0
1660;1.74;2.4;16.5;19.0;12.0;42.0;27.46;707.4;0.0;75.0;4.5;0.001;15.91;5.3;217.0
1661;1.76;2.5;20.7;23.3;12.0;51.0;36.81;707.5;0.0;71.0;5.5;0.001;15.35;6.7;216.0
1662;1.72;2.8;21.7;24.6;10.0;72.0;33.08;707.6;0.0;69.0;5.5;0.001;14.95;6.2;214.0
1663;1.81;5.5;23.6;29.3;8.0;75.0;28.65;708.0;0.0;69.0;5.1;0.002;14.46;2.7;237.0
1664;2.02;23.7;30.1;54.0;5.0;67.0;32.25;708.4;0.0;63.0;5.4;0.066;15.63;3.8;222.0
1665;2.17;31.3;33.7;65.2;10.0;77.0;36.46;708.6;0.0;50.0;6.8;0.26;18.48;6.0;221.0
1666;2.41;34.5;41.9;76.6;16.0;92.0;38.2;708.9;0.0;45.0;6.5;0.237;21.14;5.3;323.0
1667;2.22;16.5;32.3;49.0;32.0;100.0;41.88;708.8;0.0;39.0;6.0;0.211;23.5;6.2;3.0
1668;2.06;7.9;25.0;33.1;50.0;97.0;32.36;708.6;0.0;26.0;5.5;0.785;26.36;6.1;35.0
1669;1.99;6.6;25.8;32.6;59.0;95.0;27.92;708.2;0.0;21.0;7.7;0.827;28.2;7.6;103.0
1670;1.7;5.3;13.9;19.4;48.0;109.0;20.38;707.8;0.0;28.0;5.9;0.797;27.92;15.3;52.0
1671;1.66;4.6;10.4;15.2;48.0;126.0;15.88;707.6;0.0;29.0;5.6;0.729;27.1;16.8;10.0
1672;1.81;4.6;10.8;15.6;43.0;90.0;27.71;708.0;0.0;31.0;5.5;0.574;25.73;17.8;4.0
1673;1.8;6.2;13.8;20.2;33.0;197.0;42.23;708.9;0.0;37.0;5.2;0.312;22.3;18.2;29.0
1674;1.68;5.9;16.2;22.3;26.0;335.0;32.11;710.2;0.0;39.0;4.9;0.104;19.66;15.3;45.0
1675;1.64;4.1;16.0;20.3;25.0;227.0;30.96;712.0;0.0;39.0;4.4;0.019;16.32;15.2;44.0
1676;1.57;3.0;14.5;17.8;27.0;224.0;27.32;713.8;0.0;40.0;4.2;0.001;13.56;14.9;45.0
1677;1.49;2.9;11.1;14.2;31.0;196.0;22.46;715.7;0.0;39.0;4.3;0.001;12.33;13.3;37.0
1678;;;;;;;;;;;;0.0;;;
1679;1.48;2.3;10.1;12.7;34.0;144.0;22.69;718.6;0.0;36.0;4.8;0.001;12.16;11.1;17.0
1680;1.45;2.2;8.4;10.8;37.0;147.0;18.14;719.3;0.0;34.0;4.9;0.001;11.29;12.3;24.0
1681;1.45;2.2;7.7;10.1;38.0;107.0;13.92;719.9;0.0;33.0;5.5;0.001;10.55;10.1;22.0
1682;1.42;;8.7;11.0;37.0;60.0;12.59;720.3;0.0;32.0;6.7;0.001;10.07;10.6;50.0
1683;1.41;;7.1;9.4;39.0;67.0;11.17;720.5;0.0;32.0;5.3;0.001;9.58;11.6;30.0
1684;1.38;2.1;6.9;9.2;37.0;27.0;10.17;720.7;0.0;34.0;5.3;0.001;8.74;10.8;8.0
1685;1.43;2.2;14.5;16.8;28.0;23.0;11.3;720.9;0.0;35.0;7.0;0.001;8.26;7.7;33.0
1686;1.44;2.3;14.2;16.6;29.0;20.0;11.03;721.4;0.0;35.0;6.5;0.001;7.74;9.3;46.0
1687;1.46;2.4;12.4;14.9;31.0;56.0;10.26;721.9;0.0;35.0;4.8;0.002;7.08;9.7;36.0
1688;1.46;3.8;15.5;19.5;27.0;51.0;9.54;722.2;0.0;36.0;5.3;0.053;6.76;9.3;59.0
1689;1.5;10.5;20.5;31.2;23.0;36.0;12.63;722.6;0.0;35.0;9.7;0.247;7.59;9.0;75.0
1690;1.64;18.9;24.2;43.3;22.0;60.0;17.4;722.7;0.0;33.0;12.0;0.226;8.63;7.8;69.0
1691;1.56;12.6;17.9;30.7;30.0;65.0;15.88;722.5;0.0;31.0;8.3;0.205;9.9;8.3;82.0
1692;1.54;7.6;13.5;21.3;39.0;62.0;15.59;722.1;0.0;28.0;4.8;0.776;11.26;10.0;46.0
1693;1.54;6.0;13.5;19.7;45.0;67.0;16.63;721.2;0.0;26.0;4.9;0.826;12.48;11.4;78.0
1694;1.55;5.5;13.1;18.8;49.0;65.0;19.18;720.2;0.0;25.0;4.8;0.833;13.66;12.8;57.0
1695;1.53;4.2;12.0;16.5;58.0;77.0;18.73;719.2;0.0;24.0;7.1;0.742;14.19;18.6;56.0
1696;1.5;3.6;10.5;14.3;58.0;99.0;13.52;718.6;0.0;24.0;7.7;0.617;14.14;20.7;68.0
1697;1.48;3.5;9.2;12.9;50.0;85.0;12.98;718.3;0.0;24.0;5.3;0.34;14.1;18.4;77.0
1698;1.45;3.1;8.4;11.7;44.0;63.0;8.99;718.3;0.0;23.0;4.2;0.105;13.67;16.1;76.0
1699;1.45;2.6;9.6;12.4;41.0;45.0;7.78;718.4;0.0;23.0;4.0;0.015;12.54;16.7;71.0
1700;1.44;2.3;10.2;12.7;40.0;41.0;7.75;718.6;0.0;21.0;3.9;0.001;11.57;14.8;71.0
1701;1.38;2.2;6.1;8.5;44.0;35.0;6.18;718.7;0.0;20.0;3.9;0.001;11.08;15.0;95.0
1702;1.4;2.1;7.4;9.7;42.0;30.0;6.41;718.8;0.0;21.0;3.8;0.001;10.45;12.5;106.0
1703;1.38;2.0;6.4;8.6;43.0;3.0;;718.6;0.0;22.0;3.8;0.001;10.03;11.4;109.0
1704;1.36;2.0;4.8;7.1;44.0;28.0;5.42;718.0;0.0;22.0;3.9;0.001;9.68;14.1;112.0
1705;1.35;;4.3;6.5;44.0;34.0;5.22;717.7;0.0;22.0;3.8;0.001;9.33;11.5;117.0
1706;1.43;2.2;8.1;10.4;38.0;29.0;9.79;717.3;0.0;25.0;4.0;0.001;8.15;9.5;46.0
1707;1.43;2.6;19.1;21.9;26.0;40.0;13.42;717.0;0.0;30.0;8.9;0.001;6.65;7.6;20.0
1708;1.5;2.4;21.3;23.8;23.0;42.0;16.78;716.7;0.0;35.0;6.8;0.001;6.08;6.1;346.0
1709;1.54;2.2;16.2;18.4;28.0;50.0;16.29;716.5;0.0;39.0;4.9;0.001;5.89;4.8;354.0
1710;1.59;2.3;22.5;24.9;21.0;44.0;18.44;716.7;0.0;40.0;5.4;0.001;5.7;3.8;24.0
1711;1.82;2.4;27.7;30.3;15.0;57.0;21.78;716.9;0.0;45.0;7.3;0.002;5.52;3.8;11.0
1712;2.03;7.1;27.0;34.3;17.0;62.0;24.28;717.2;0.0;43.0;8.5;0.065;6.57;2.3;65.0
1713;2.09;20.3;31.0;51.4;18.0;57.0;33.34;717.5;0.0;36.0;11.1;0.247;9.2;4.5;42.0
1714;1.79;26.5;32.7;59.4;21.0;69.0;36.45;717.7;0.0;37.0;16.6;0.213;9.65;7.2;45.0
1715;1.57;8.2;16.0;24.4;38.0;82.0;20.22;717.3;0.0;36.0;6.9;0.18;11.17;6.5;59.0
1716;1.56;7.9;16.4;24.5;42.0;51.0;20.15;716.8;0.0;34.0;10.0;0.775;12.51;7.1;24.0
1717;1.55;4.5;10.9;15.6;52.0;50.0;19.94;715.9;0.0;31.0;5.9;0.841;14.01;8.6;37.0
1718;1.54;4.7;10.8;15.7;50.0;42.0;16.9;715.0;0.0;29.0;7.4;0.834;15.65;10.8;38.0
1719;1.61;3.9;8.1;12.2;51.0;6.0;;714.0;0.0;31.0;5.0;0.759;17.51;11.4;48.0
1720;1.72;3.5;8.1;11.8;49.0;60.0;27.94;713.3;0.0;32.0;4.8;0.621;18.55;13.3;46.0
1721;1.69;3.3;7.2;10.6;48.0;46.0;21.75;712.9;0.0;30.0;4.6;0.35;19.38;12.9;74.0
1722;1.61;2.6;6.0;8.8;48.0;;12.55;712.8;0.0;30.0;4.5;0.107;19.69;11.4;103.0
1723;1.6;2.3;7.7;10.3;46.0;4.0;;713.0;0.0;31.0;4.6;0.015;18.84;10.1;112.0
1724;1.64;2.3;10.5;12.9;41.0;43.0;14.0;713.1;0.0;33.0;4.7;0.001;17.96;9.3;108.0
1725;1.68;2.4;12.8;15.4;36.0;41.0;16.12;713.2;0.0;38.0;4.7;0.001;17.46;11.3;82.0
1726;1.63;2.3;8.3;10.8;36.0;48.0;9.56;713.3;0.0;56.0;4.4;0.001;15.69;11.7;53.0
1727;1.66;2.7;20.5;23.4;22.0;46.0;12.01;713.4;0.0;61.0;4.6;0.0;14.73;6.8;20.0
1728;1.66;2.5;21.3;24.0;20.0;45.0;12.74;713.2;0.0;65.0;4.8;0.0;14.0;4.7;3.0
1729;1.69;2.3;17.2;19.6;22.0;42.0;14.06;713.1;0.0;69.0;4.7;0.001;13.33;5.7;327.0
1730;1.69;2.2;15.5;17.8;23.0;44.0;14.75;713.1;0.0;72.0;4.5;0.001;12.77;3.8;323.0
1731;1.79;2.2;12.2;14.5;21.0;49.0;17.19;712.6;0.0;75.0;4.4;0.001;11.84;2.0;218.0
1732;1.77;;13.0;15.3;17.0;48.0;16.95;712.1;0.0;76.0;4.3;0.001;11.44;1.9;303.0
1733;1.75;2.3;12.5;14.9;16.0;44.0;27.64;712.0;0.0;78.0;4.2;0.001;11.16;2.0;304.0
1734;1.79;2.3;14.0;16.5;13.0;60.0;40.76;712.1;0.0;79.0;4.3;0.001;10.79;1.9;252.0
1735;1.94;11.4;22.5;34.1;6.0;68.0;30.04;712.5;0.0;80.0;4.3;0.002;10.59;1.8;260.0
1736;2.5;65.8;29.7;95.8;4.0;80.0;34.12;712.8;0.0;76.0;4.8;0.069;12.32;2.2;255.0
1737;2.07;19.2;26.1;45.6;14.0;79.0;31.62;713.0;0.0;57.0;6.1;0.259;15.46;4.3;28.0
1738;2.23;20.7;29.6;50.6;21.0;84.0;36.74;713.2;0.0;48.0;6.9;0.227;16.86;5.0;21.0
1739;2.66;25.4;45.0;70.7;27.0;93.0;55.18;713.2;0.0;43.0;7.7;0.178;18.9;5.6;23.0
1740;2.61;19.8;44.1;64.2;35.0;121.0;56.04;713.0;0.0;39.0;9.6;0.766;20.28;7.7;62.0
1741;2.25;16.3;41.7;58.2;41.0;132.0;49.25;712.3;0.0;35.0;14.0;0.827;21.93;8.2;57.0
1742;2.05;8.7;32.3;41.2;59.0;118.0;38.44;711.5;0.0;30.0;10.6;0.829;24.05;8.9;61.0
1743;1.95;6.2;27.5;34.0;72.0;101.0;29.01;710.9;0.0;24.0;11.1;0.754;26.05;9.3;59.0
1744;1.88;4.2;23.3;27.7;84.0;93.0;27.49;710.4;0.0;22.0;8.8;0.585;27.24;9.2;64.0
1745;1.94;3.1;19.6;22.8;99.0;73.0;25.43;710.3;0.0;22.0;6.1;0.364;27.9;11.3;54.0
1746;1.96;2.7;20.9;23.7;92.0;86.0;23.66;710.5;0.0;24.0;6.2;0.109;27.82;10.7;82.0
1747;1.94;2.3;21.0;23.5;77.0;79.0;20.39;710.8;0.0;25.0;5.9;0.016;26.49;9.4;109.0
1748;2.09;3.2;34.8;38.1;58.0;73.0;22.87;711.4;0.0;27.0;6.3;0.0;24.95;6.0;64.0
1749;2.11;2.6;36.3;39.0;49.0;74.0;24.18;712.1;0.0;28.0;7.0;0.001;24.01;4.6;26.0
1750;2.67;16.9;71.2;88.3;7.0;65.0;41.6;712.9;0.0;33.0;8.5;0.001;21.71;3.5;267.0
1751;2.61;17.3;56.1;73.6;4.0;127.0;38.88;713.6;0.0;36.0;7.1;0.001;21.45;5.0;257.0
1752;2.29;3.2;49.6;53.0;11.0;98.0;37.11;714.0;0.0;37.0;6.8;0.001;20.36;3.3;312.0
1753;2.45;15.3;57.1;72.6;4.0;85.0;44.67;714.8;0.0;39.0;6.8;0.001;19.64;3.6;194.0
1754;2.21;5.0;46.6;51.7;8.0;99.0;41.51;715.3;0.0;40.0;6.4;0.001;19.46;4.2;261.0
1755;1.9;2.7;16.2;19.1;30.0;81.0;21.5;716.0;0.0;33.0;6.1;0.001;19.78;5.1;163.0
1756;1.64;2.2;5.8;8.2;44.0;80.0;12.55;716.2;0.0;21.0;4.9;0.001;20.38;5.4;92.0
1757;1.79;2.2;8.9;11.2;42.0;86.0;12.96;716.4;0.0;17.0;5.8;0.001;19.93;6.9;80.0
1758;1.58;2.4;22.7;25.2;26.0;86.0;16.25;717.0;0.0;18.0;7.6;0.001;18.98;6.1;111.0
1759;1.69;3.7;24.8;28.7;23.0;100.0;17.54;717.5;0.0;20.0;6.8;0.002;18.13;6.6;109.0
1760;1.83;7.1;27.7;35.1;20.0;114.0;23.81;717.8;0.0;21.0;7.0;0.07;18.58;6.4;111.0
1761;1.79;10.0;26.2;36.4;23.0;150.0;25.83;718.2;0.0;20.0;6.9;0.255;20.06;8.5;118.0
1762;1.75;10.2;21.5;31.9;31.0;161.0;22.31;718.6;0.0;17.0;5.9;0.257;21.48;6.9;91.0
1763;1.61;4.8;9.7;14.8;44.0;144.0;15.26;718.5;0.0;14.0;4.5;0.179;22.45;8.6;37.0
1764;1.6;4.0;8.3;12.5;50.0;113.0;14.49;718.1;0.0;13.0;4.8;0.79;23.33;6.7;25.0
1765;1.62;4.1;9.9;14.3;54.0;96.0;14.79;717.2;0.0;12.0;5.1;0.852;24.1;7.7;47.0
1766;1.64;4.2;11.7;16.1;58.0;92.0;15.01;716.1;0.0;11.0;5.6;0.847;24.98;7.3;75.0
1767;1.64;4.1;12.7;17.0;63.0;94.0;15.52;715.2;0.0;11.0;5.7;0.77;25.58;8.5;83.0
1768;1.66;4.5;16.6;21.3;64.0;92.0;16.41;714.4;0.0;10.0;6.8;0.63;26.52;6.9;37.0
1769;1.68;4.6;21.3;26.1;62.0;98.0;16.61;713.9;0.0;9.0;8.3;0.377;26.93;7.7;70.0
1770;1.71;3.1;18.4;21.7;65.0;95.0;15.56;713.8;0.0;9.0;5.1;0.111;26.65;8.0;78.0
1771;1.82;2.6;25.9;28.6;56.0;94.0;15.69;713.8;0.0;10.0;4.6;0.019;25.3;9.5;82.0
1772;2.0;2.8;38.9;41.8;41.0;96.0;20.52;714.1;0.0;13.0;4.6;0.001;23.93;5.2;102.0
1773;1.8;2.5;27.1;29.7;49.0;86.0;19.36;714.4;0.0;14.0;4.5;0.001;23.04;7.3;97.0
1774;1.66;2.2;16.3;18.6;48.0;84.0;15.91;714.8;0.0;14.0;4.4;0.001;22.31;7.1;101.0
1775;1.58;2.1;9.4;11.7;50.0;74.0;16.28;714.8;0.0;15.0;4.5;0.001;21.86;9.5;101.0
1776;1.55;2.1;7.0;9.3;49.0;72.0;17.08;714.6;0.0;16.0;4.4;0.001;21.18;9.2;111.0
1777;1.55;;6.7;8.9;46.0;65.0;16.45;714.4;0.0;16.0;4.2;0.001;20.28;5.2;88.0
1778;1.55;;6.3;8.6;39.0;56.0;15.1;714.0;0.0;19.0;4.1;0.001;18.21;2.5;322.0
1779;1.56;;5.4;7.7;39.0;50.0;23.86;713.5;0.0;20.0;4.2;0.001;17.72;2.4;15.0
1780;1.56;;5.6;7.9;38.0;59.0;29.63;712.8;0.0;21.0;4.1;0.001;17.22;2.4;228.0
1781;1.63;2.3;16.4;18.8;27.0;57.0;29.26;712.6;0.0;24.0;5.3;0.001;16.16;2.9;251.0
1782;1.73;2.5;23.8;26.4;24.0;57.0;35.38;712.6;0.0;27.0;10.2;0.001;15.24;3.7;231.0
1783;1.8;3.7;32.9;36.8;20.0;87.0;36.35;712.8;0.0;26.0;9.8;0.003;15.03;3.2;261.0
1784;2.08;23.7;47.1;70.9;9.0;100.0;41.53;713.1;0.0;24.0;9.6;0.079;16.86;3.2;224.0
1785;2.28;35.2;48.3;83.8;14.0;117.0;41.57;713.2;0.0;19.0;10.5;0.274;19.97;4.6;277.0
1786;2.57;34.0;48.2;82.4;23.0;182.0;42.71;713.1;0.0;15.0;10.6;0.28;22.1;4.9;9.0
1787;2.82;39.0;62.1;101.3;25.0;141.0;55.37;712.9;0.0;15.0;19.3;0.176;23.0;7.4;18.0
1788;1.9;8.7;28.0;37.0;54.0;164.0;28.29;712.4;0.0;16.0;7.0;0.778;24.09;9.0;57.0
1789;1.76;3.9;14.2;18.3;70.0;116.0;19.71;711.4;0.0;18.0;7.0;0.836;25.44;11.1;57.0
1790;1.73;3.7;12.3;16.2;68.0;94.0;20.55;710.4;0.0;17.0;5.4;0.836;26.31;14.6;55.0
1791;1.73;3.5;11.7;15.5;67.0;109.0;21.41;709.4;0.0;16.0;5.2;0.734;27.56;14.9;76.0
1792;1.73;3.1;8.7;12.1;57.0;99.0;19.86;708.6;0.0;20.0;4.7;0.613;28.23;12.9;100.0
1793;1.72;3.0;9.5;12.7;55.0;81.0;24.05;708.2;0.0;19.0;4.6;0.302;28.17;15.4;115.0
1794;1.74;2.8;11.2;14.2;53.0;87.0;20.1;707.8;0.0;20.0;4.8;0.146;27.62;16.0;110.0
1795;1.8;2.6;15.0;17.8;48.0;91.0;17.67;707.7;0.0;21.0;4.9;0.027;26.83;13.7;118.0
1796;1.78;2.4;14.9;17.5;43.0;74.0;16.86;707.8;0.0;22.0;4.7;0.001;25.61;14.0;92.0
1797;1.71;2.4;10.4;12.9;41.0;100.0;13.67;708.3;0.0;29.0;4.4;0.001;22.82;14.9;66.0
1798;1.74;2.3;12.8;15.3;37.0;83.0;13.01;708.5;0.0;32.0;4.6;0.001;21.52;11.2;67.0
1799;1.75;2.3;13.8;16.3;34.0;63.0;13.2;708.3;0.0;35.0;4.6;0.001;20.55;8.5;53.0
1800;1.78;;22.7;25.1;24.0;56.0;15.08;708.0;0.0;37.0;5.9;0.0;19.81;7.1;12.0
1801;1.8;2.9;30.5;33.6;16.0;66.0;19.0;707.9;0.0;40.0;8.8;0.0;18.56;4.8;6.0
1802;1.79;2.3;25.9;28.4;16.0;74.0;19.13;707.3;0.0;43.0;6.9;0.001;17.48;2.7;4.0
1803;1.81;2.3;23.6;26.1;16.0;68.0;21.69;706.7;0.0;46.0;5.9;0.001;16.65;2.4;29.0
1804;1.85;2.4;28.3;30.8;10.0;71.0;24.07;706.1;0.0;49.0;5.6;0.001;15.91;2.0;314.0
1805;1.87;2.8;35.7;38.7;4.0;74.0;25.35;705.7;0.0;51.0;5.5;0.001;15.37;1.9;193.0
1806;1.96;13.1;35.1;48.4;3.0;73.0;40.26;705.5;0.0;50.0;7.5;0.001;15.46;2.9;296.0
1807;2.05;20.5;35.2;55.9;3.0;153.0;42.07;705.7;0.0;50.0;8.5;0.003;15.3;3.8;227.0
1808;2.18;27.5;37.3;65.0;7.0;155.0;56.55;706.0;0.0;40.0;19.2;0.082;17.67;7.2;221.0
1809;2.61;53.7;48.6;102.6;10.0;162.0;67.15;706.3;0.0;30.0;18.2;0.279;21.98;5.1;131.0
1810;2.24;31.2;37.7;69.1;27.0;205.0;39.23;706.4;0.0;14.0;10.6;0.321;28.08;9.2;337.0
1811;1.54;4.0;7.7;11.9;49.0;152.0;11.34;706.5;0.0;3.0;4.3;0.161;31.65;11.7;306.0
1812;1.55;4.2;8.1;12.5;49.0;101.0;12.88;706.1;0.0;2.0;4.3;0.832;32.18;16.9;314.0
1813;1.54;3.9;7.4;11.5;50.0;138.0;11.94;705.4;0.0;2.0;4.2;0.893;32.91;18.9;312.0
1814;1.52;3.9;7.3;11.5;51.0;127.0;10.98;704.6;0.0;1.0;4.1;0.891;33.68;20.8;309.0
1815;1.5;3.6;6.9;10.7;52.0;126.0;9.39;704.0;0.0;1.0;4.0;0.819;34.21;20.8;312.0
1816;1.52;3.8;7.8;11.9;50.0;107.0;7.94;703.5;0.0;1.0;4.0;0.678;34.7;18.4;310.0
1817;1.58;4.1;9.3;13.7;49.0;74.0;7.54;703.4;0.0;1.0;3.9;0.402;35.23;13.6;317.0
1818;1.57;3.9;10.5;14.6;46.0;57.0;7.41;703.7;0.0;1.0;4.1;0.109;35.28;11.2;279.0
1819;1.55;3.7;11.1;15.1;44.0;51.0;6.38;704.4;0.0;1.0;4.2;0.018;33.58;8.8;250.0
1820;2.24;18.7;50.7;69.7;9.0;49.0;17.73;705.5;0.0;7.0;5.5;0.001;30.58;4.9;244.0
1821;2.49;30.1;58.5;88.7;4.0;78.0;24.88;706.3;0.0;12.0;8.5;0.001;28.51;4.6;176.0
1822;2.44;17.8;56.2;74.3;3.0;87.0;22.14;706.9;0.0;13.0;6.4;0.001;27.02;4.5;255.0
1823;2.57;25.6;54.6;80.5;4.0;76.0;27.69;707.5;0.0;18.0;6.1;0.001;25.63;4.0;161.0
1824;2.22;6.8;48.9;55.9;5.0;82.0;22.62;707.7;0.0;19.0;5.5;0.001;24.75;3.7;222.0
1825;2.3;14.5;49.9;64.7;4.0;69.0;31.03;708.3;0.0;25.0;7.8;0.001;23.88;3.9;294.0
1826;2.3;16.2;48.6;65.1;3.0;83.0;37.48;708.8;0.0;27.0;9.5;0.001;23.55;4.1;155.0
1827;1.97;3.8;27.8;31.8;24.0;98.0;23.47;709.1;0.0;25.0;7.4;0.001;23.69;3.9;255.0
1828;1.79;2.3;18.0;20.4;31.0;73.0;16.32;709.5;0.0;27.0;5.9;0.001;22.96;4.1;162.0
1829;1.86;2.3;8.2;10.7;40.0;59.0;15.72;710.6;0.0;27.0;6.0;0.001;22.74;10.9;36.0
1830;1.69;2.2;6.5;8.9;42.0;71.0;17.13;711.4;0.0;19.0;5.1;0.001;21.9;7.7;45.0
1831;1.77;2.7;11.9;14.8;35.0;100.0;18.88;712.2;0.0;14.0;5.3;0.002;20.79;5.8;41.0
1832;1.81;4.5;15.4;20.1;31.0;115.0;25.25;713.0;0.0;17.0;5.6;0.072;20.31;6.6;19.0
1833;1.86;7.4;15.6;23.3;29.0;153.0;52.85;713.8;0.0;21.0;5.9;0.239;19.94;8.9;27.0
1834;1.78;9.0;16.0;25.3;27.0;333.0;84.12;714.3;0.0;24.0;6.6;0.332;19.91;9.6;31.0
1835;1.73;8.0;14.6;22.9;30.0;463.0;83.39;714.3;0.0;24.0;5.7;0.264;20.67;7.9;30.0
1836;1.69;6.7;12.5;19.4;35.0;455.0;69.5;713.9;0.0;21.0;5.1;0.724;21.93;10.4;42.0
1837;1.66;4.9;9.1;14.2;42.0;385.0;49.29;713.2;0.0;19.0;4.7;0.792;22.77;12.3;28.0
1838;1.65;5.0;11.2;16.5;48.0;288.0;31.86;712.3;0.0;16.0;5.8;0.796;24.03;10.0;40.0
1839;1.67;5.0;12.6;17.9;53.0;194.0;24.84;711.7;0.0;14.0;6.1;0.722;24.99;12.7;31.0
1840;1.67;3.4;11.2;14.8;65.0;196.0;30.4;711.1;0.0;14.0;8.8;0.578;25.54;14.8;68.0
1841;1.69;3.4;10.4;14.1;54.0;184.0;32.74;711.0;0.0;16.0;6.5;0.341;25.38;15.6;89.0
1842;1.66;2.7;8.6;11.6;48.0;189.0;23.75;711.3;0.0;16.0;4.6;0.117;24.56;13.7;108.0
1843;1.69;2.6;10.6;13.4;43.0;135.0;19.55;711.7;0.0;16.0;4.2;0.02;23.26;13.4;105.0
1844;1.7;2.5;14.0;16.8;37.0;105.0;17.27;712.3;0.0;18.0;4.0;0.001;22.19;12.3;117.0
1845;1.67;2.5;12.8;15.4;36.0;98.0;15.15;712.9;0.0;19.0;4.0;0.001;21.18;13.0;118.0
1846;1.64;2.3;11.2;13.7;36.0;87.0;13.94;713.4;0.0;19.0;3.9;0.001;20.55;11.3;114.0
1847;1.62;2.2;8.8;11.2;39.0;55.0;14.71;713.7;0.0;19.0;3.9;0.001;20.15;9.2;110.0
1848;1.59;2.1;7.0;9.3;41.0;80.0;12.54;713.8;0.0;19.0;4.0;0.001;19.75;8.1;112.0
1849;1.6;2.1;8.0;10.3;39.0;77.0;13.5;713.8;0.0;21.0;4.1;0.001;19.02;5.4;97.0
1850;1.57;;6.6;8.9;42.0;71.0;12.57;713.8;0.0;22.0;6.2;0.001;18.62;6.2;118.0
1851;1.56;;4.9;7.2;47.0;76.0;12.12;713.9;0.0;21.0;5.2;0.001;18.59;7.8;89.0
1852;1.59;;6.3;8.6;44.0;81.0;12.74;713.9;0.0;23.0;6.1;0.001;17.52;4.1;72.0
1853;1.65;2.2;13.0;15.4;33.0;76.0;17.83;713.9;0.0;29.0;7.3;0.001;16.32;6.9;61.0
1854;1.73;3.8;27.6;31.6;17.0;94.0;27.31;714.5;0.0;37.0;9.2;0.0;15.34;5.6;19.0
1855;1.71;2.3;17.5;19.9;28.0;107.0;20.58;715.3;0.0;41.0;7.4;0.003;14.81;4.3;14.0
1856;1.8;4.9;24.8;30.0;25.0;85.0;14.1;715.9;0.0;37.0;21.0;0.078;16.09;6.5;40.0
1857;1.71;4.4;13.1;17.7;39.0;75.0;13.52;716.5;0.0;32.0;12.3;0.263;17.87;7.8;82.0
1858;1.75;4.7;11.2;16.1;43.0;79.0;11.97;716.8;0.0;34.0;5.3;0.369;18.35;14.8;61.0
1859;1.69;4.0;8.3;12.5;47.0;80.0;10.27;716.8;0.0;29.0;4.6;0.189;19.3;15.5;76.0
1860;1.68;3.8;7.8;11.9;49.0;74.0;10.62;716.5;0.0;27.0;4.4;0.779;20.52;13.2;76.0
1861;1.7;3.6;7.4;11.3;50.0;67.0;10.63;716.1;0.0;26.0;4.4;0.834;21.25;16.1;64.0
1862;1.71;3.6;7.3;11.1;50.0;70.0;10.33;715.4;0.0;25.0;;0.826;22.14;15.6;70.0
1863;1.7;3.0;6.3;9.5;53.0;68.0;10.77;714.6;0.0;25.0;4.3;0.75;22.89;13.8;92.0
1864;1.71;3.0;6.5;9.7;52.0;62.0;10.63;714.0;0.0;25.0;4.6;0.61;23.54;14.4;96.0
1865;1.7;2.8;6.2;9.2;52.0;60.0;10.11;713.6;0.0;25.0;4.4;0.367;23.76;15.3;86.0
1866;1.72;2.7;7.3;10.2;51.0;50.0;10.73;713.5;0.0;25.0;4.5;0.111;23.47;15.7;81.0
1867;1.75;2.3;9.0;11.5;48.0;21.0;11.37;713.7;0.0;27.0;4.6;0.021;22.52;16.0;79.0
1868;1.77;2.3;10.1;12.6;45.0;45.0;13.02;714.0;0.0;30.0;7.4;0.001;21.39;16.4;72.0
1869;1.74;2.2;8.6;11.0;46.0;69.0;11.74;714.6;0.0;30.0;4.7;0.001;21.02;11.8;95.0
1870;1.69;2.1;6.0;8.4;48.0;53.0;10.22;715.0;0.0;31.0;4.4;0.001;20.44;13.6;96.0
1871;1.71;2.2;5.8;8.1;44.0;52.0;12.01;715.0;0.0;35.0;4.5;0.001;19.25;13.3;92.0
1872;1.7;2.1;4.1;6.4;44.0;50.0;10.94;715.1;0.0;42.0;4.7;0.001;18.02;15.2;93.0
1873;1.7;2.2;3.9;6.2;43.0;35.0;8.69;715.2;0.0;48.0;4.7;0.001;16.78;12.1;82.0
1874;1.69;2.1;3.7;6.0;42.0;39.0;8.55;715.0;0.0;50.0;4.6;0.001;16.08;10.2;97.0
1875;1.71;2.1;4.6;6.9;40.0;41.0;9.26;714.7;0.0;52.0;4.5;0.001;15.53;7.5;58.0
1876;1.72;2.2;13.9;16.3;31.0;23.0;11.2;714.4;0.0;53.0;5.7;0.0;14.96;7.5;25.0
1877;1.76;2.2;15.5;17.9;27.0;52.0;13.83;714.3;0.0;55.0;5.4;0.0;14.18;6.4;16.0
1878;1.83;2.4;19.1;21.7;22.0;58.0;15.48;714.5;0.0;59.0;5.9;0.001;13.54;5.8;30.0
1879;1.96;2.4;18.5;21.0;22.0;64.0;20.62;714.6;0.0;62.0;5.3;0.003;13.07;4.3;10.0
1880;1.94;6.8;26.2;33.2;17.0;60.0;20.37;714.8;0.0;62.0;5.5;0.085;13.67;5.3;31.0
1881;1.92;10.7;25.5;36.4;21.0;66.0;21.59;715.0;0.0;61.0;7.3;0.223;14.4;7.4;33.0
1882;1.87;14.3;27.1;41.6;28.0;84.0;27.67;715.0;0.0;55.0;15.1;0.379;15.77;8.5;46.0
1883;1.88;10.2;26.4;36.8;42.0;85.0;28.61;714.7;0.0;53.0;21.4;0.204;17.31;8.0;17.0
1884;1.82;4.1;11.7;16.0;52.0;82.0;18.85;714.1;0.0;43.0;11.9;0.77;19.43;11.2;50.0
1885;1.77;2.8;5.6;8.7;49.0;59.0;13.33;713.2;0.0;36.0;6.1;0.829;21.64;14.1;73.0
1886;1.76;2.8;5.0;7.9;48.0;56.0;12.97;712.4;0.0;33.0;5.3;0.797;23.16;15.6;84.0
1887;1.77;3.0;5.7;9.0;49.0;61.0;11.15;711.5;0.0;29.0;5.2;0.759;24.58;16.0;68.0
1888;1.76;3.1;6.4;9.8;50.0;54.0;12.29;710.5;0.0;25.0;5.4;0.624;26.03;16.3;61.0
1889;1.76;2.8;5.7;8.7;48.0;65.0;11.1;709.9;0.0;25.0;4.5;0.372;26.61;16.2;82.0
1890;1.78;2.3;4.5;7.0;48.0;66.0;13.82;709.5;0.0;30.0;5.0;0.111;26.36;18.1;103.0
1891;1.81;2.2;5.2;7.6;46.0;61.0;14.41;709.4;0.0;34.0;5.1;0.019;25.33;17.3;108.0
1892;1.85;2.2;6.1;8.5;41.0;55.0;14.22;709.5;0.0;40.0;5.1;0.001;24.14;15.2;92.0
1893;1.87;;5.9;8.4;34.0;60.0;10.24;709.7;0.0;55.0;4.9;0.001;21.85;14.4;73.0
1894;1.9;;6.3;8.8;32.0;54.0;10.83;709.8;0.0;63.0;4.7;0.001;20.23;13.5;65.0
1895;1.9;2.3;6.9;9.4;30.0;47.0;10.6;709.6;0.0;66.0;4.5;0.001;19.42;12.1;57.0
1896;1.88;2.2;6.3;8.7;29.0;39.0;9.47;709.4;0.0;72.0;4.5;0.001;18.39;11.5;56.0
1897;1.87;2.2;5.1;7.5;29.0;39.0;8.94;709.2;0.0;75.0;4.4;0.001;17.91;8.3;51.0
1898;1.86;;4.9;7.2;27.0;33.0;9.84;708.9;0.0;76.0;4.4;0.001;17.55;7.6;68.0
1899;1.85;;4.2;6.5;27.0;39.0;9.39;708.3;0.0;78.0;4.3;0.001;17.21;4.8;58.0
1900;1.84;;3.5;5.9;28.0;35.0;9.99;707.7;0.0;78.0;4.3;0.001;17.17;4.1;23.0
1901;1.85;;7.2;9.6;24.0;38.0;12.06;707.1;0.0;78.0;;0.001;17.09;4.4;56.0
1902;1.88;2.3;13.0;15.4;19.0;45.0;20.43;706.6;0.0;77.0;4.4;0.001;17.17;3.7;41.0
1903;1.97;3.6;24.6;28.3;7.0;54.0;39.61;706.6;0.0;76.0;4.5;0.002;17.2;3.7;317.0
1904;2.01;3.5;15.1;18.8;15.0;73.0;31.78;706.6;0.0;75.0;4.5;0.034;17.27;4.0;249.0
1905;1.98;6.6;15.5;22.3;15.0;69.0;37.11;706.6;0.0;71.0;4.7;0.144;18.12;4.8;267.0
1906;2.05;8.1;15.3;23.6;20.0;77.0;39.24;706.3;0.0;66.0;5.1;0.292;19.54;4.9;48.0
1907;2.22;19.4;25.0;44.6;20.0;81.0;48.23;705.9;0.0;57.0;7.3;0.252;21.63;5.8;49.0
1908;2.45;24.0;36.7;60.9;26.0;94.0;53.76;705.4;0.0;48.0;16.7;0.799;24.29;7.4;29.0
1909;2.48;16.3;43.2;59.8;44.0;115.0;50.79;704.8;0.0;38.0;26.3;0.835;26.91;7.6;53.0
1910;2.21;4.6;22.5;27.3;78.0;118.0;38.85;703.8;0.0;28.0;12.3;0.815;29.72;7.1;92.0
1911;2.02;3.1;14.0;17.3;85.0;95.0;28.28;702.9;0.0;20.0;6.2;0.715;31.66;10.6;68.0
1912;1.93;2.8;12.3;15.4;80.0;99.0;23.88;702.1;0.0;17.0;5.8;0.489;32.8;11.4;68.0
1913;1.84;3.6;13.7;17.5;72.0;101.0;19.71;701.3;0.0;14.0;6.5;0.351;33.66;13.0;100.0
1914;1.75;3.2;8.8;12.2;54.0;104.0;16.82;701.0;0.0;14.0;4.6;0.113;33.07;15.3;124.0
1915;1.84;2.3;10.4;12.8;44.0;91.0;15.34;701.1;0.0;17.0;4.7;0.038;32.08;9.0;104.0
1916;1.89;2.3;11.3;13.7;39.0;64.0;18.04;701.0;0.0;23.0;5.1;0.001;30.8;8.9;106.0
1917;1.98;;10.0;12.4;33.0;66.0;22.49;701.8;0.0;31.0;5.8;0.0;29.39;5.1;94.0
1918;2.2;2.7;26.1;28.9;16.0;66.0;23.39;702.5;0.0;33.0;5.5;0.001;27.96;6.3;218.0
1919;2.31;4.7;27.6;32.5;13.0;74.0;28.07;703.7;0.0;36.0;6.1;0.0;27.35;8.8;335.0
1920;2.07;2.2;10.2;12.6;34.0;103.0;23.73;704.7;0.0;22.0;6.5;0.0;26.99;5.8;2.0
1921;1.77;2.1;5.8;8.1;47.0;125.0;33.23;705.6;0.0;6.0;5.8;0.0;25.72;8.9;359.0
1922;1.7;2.1;8.3;10.6;42.0;288.0;30.75;706.4;0.0;6.0;6.3;0.0;23.72;7.3;66.0
1923;1.77;;8.9;11.2;41.0;225.0;15.56;706.3;0.0;8.0;7.0;0.001;22.36;7.4;93.0
1924;1.7;;11.2;13.6;35.0;102.0;15.44;706.5;0.0;10.0;7.0;0.001;21.2;5.8;155.0
1925;1.65;2.6;10.3;13.1;34.0;89.0;14.54;706.7;0.0;13.0;5.7;0.001;19.99;4.6;183.0
1926;1.7;2.5;15.5;18.2;27.0;84.0;15.83;707.3;0.0;14.0;5.4;0.001;19.06;4.6;165.0
1927;2.0;9.3;38.6;48.1;6.0;91.0;19.49;707.9;0.0;16.0;9.0;0.006;18.45;4.7;112.0
1928;2.11;22.8;37.1;60.1;8.0;100.0;20.18;708.3;0.0;15.0;8.0;0.095;19.34;5.4;123.0
1929;2.21;29.4;36.0;65.6;14.0;117.0;22.32;708.6;0.0;13.0;12.3;0.295;21.82;6.4;102.0
1930;2.08;18.1;30.1;48.4;25.0;115.0;21.13;708.7;0.0;10.0;7.6;0.469;24.01;7.6;80.0
1931;1.67;4.3;7.5;12.0;47.0;121.0;14.74;708.6;0.0;7.0;4.0;0.207;24.83;14.9;321.0
1932;1.65;3.5;5.3;9.0;51.0;118.0;12.13;708.1;0.0;7.0;4.0;0.818;25.58;12.6;345.0
1933;1.65;3.3;4.7;8.2;53.0;82.0;10.66;707.5;0.0;7.0;3.9;0.873;26.6;10.2;337.0
1934;1.65;3.1;4.9;8.3;54.0;70.0;9.81;706.7;0.0;6.0;3.9;0.866;27.93;9.3;347.0
1935;1.65;3.2;5.3;8.7;54.0;64.0;9.01;706.1;0.0;5.0;4.0;0.792;28.77;10.9;359.0
1936;1.66;3.1;6.2;9.6;54.0;57.0;8.75;705.9;0.0;4.0;4.1;0.658;29.79;11.1;353.0
1937;1.8;4.4;14.2;18.8;58.0;60.0;13.09;705.9;0.0;5.0;4.7;0.402;29.46;11.7;56.0
1938;1.84;3.6;13.4;17.2;49.0;84.0;24.04;706.9;0.0;12.0;5.5;0.11;27.13;19.5;66.0
1939;1.9;3.2;17.2;20.6;40.0;154.0;32.57;708.1;0.0;16.0;5.7;0.02;24.82;16.3;47.0
1940;1.83;4.2;18.3;22.7;33.0;103.0;13.38;709.3;0.0;19.0;5.2;0.0;22.09;14.6;12.0
1941;1.76;2.6;12.1;14.9;36.0;113.0;13.29;710.6;0.0;22.0;4.6;0.0;19.76;16.1;15.0
1942;1.82;2.4;14.9;17.4;31.0;125.0;15.9;711.8;0.0;24.0;4.9;0.001;18.3;11.3;48.0
1943;1.77;2.2;14.1;16.5;33.0;117.0;18.88;712.7;0.0;25.0;5.4;0.001;16.89;11.3;46.0
1944;1.74;2.1;9.7;12.0;38.0;126.0;20.94;713.4;0.0;26.0;4.7;0.0;15.68;9.8;34.0
1945;1.67;2.1;7.1;9.4;43.0;110.0;14.36;713.9;0.0;25.0;4.4;0.001;15.02;7.4;55.0
1946;1.69;;10.5;12.7;40.0;87.0;14.47;713.9;0.0;26.0;4.6;0.001;14.63;6.9;64.0
1947;1.67;;8.7;10.9;41.0;95.0;16.62;714.0;0.0;25.0;4.7;0.001;14.4;7.2;39.0
1948;1.64;2.0;6.9;9.2;42.0;111.0;22.03;714.0;0.0;25.0;4.1;0.001;13.95;6.0;28.0
1949;1.68;2.1;6.0;8.3;43.0;134.0;25.09;714.0;0.0;25.0;4.2;0.001;13.59;5.6;18.0
1950;1.72;2.0;5.6;7.9;42.0;145.0;25.79;714.2;0.0;26.0;4.6;0.001;13.04;3.3;48.0
1951;1.84;2.8;10.2;13.2;36.0;141.0;30.27;714.3;0.0;26.0;4.7;0.005;12.57;2.9;279.0
1952;2.07;3.8;13.6;17.7;35.0;165.0;37.6;714.4;0.0;24.0;6.4;0.087;13.93;3.5;50.0
1953;1.82;4.9;11.7;16.8;39.0;216.0;42.09;714.6;0.0;20.0;4.9;0.266;15.17;7.4;7.0
1954;1.72;5.0;9.1;14.3;42.0;267.0;36.26;714.5;0.0;19.0;4.2;0.459;15.51;10.1;5.0
1955;1.69;5.0;8.9;14.2;43.0;232.0;29.82;714.0;0.0;18.0;4.3;0.23;16.53;9.2;26.0
1956;1.69;5.4;10.5;16.1;45.0;196.0;29.11;713.5;0.0;16.0;6.2;0.783;17.76;9.9;79.0
1957;1.7;4.1;8.2;12.5;51.0;174.0;27.21;712.7;0.0;16.0;5.6;0.831;18.34;9.7;46.0
1958;1.72;3.9;9.6;13.7;57.0;164.0;26.9;712.0;0.0;17.0;5.4;0.813;19.42;8.6;44.0
1959;1.76;3.9;12.8;17.0;64.0;159.0;26.4;711.3;0.0;17.0;7.7;0.729;20.05;8.8;63.0
1960;1.77;3.7;14.0;17.9;67.0;157.0;26.04;710.9;0.0;17.0;7.0;0.594;20.75;8.6;98.0
1961;1.81;3.3;15.5;19.0;69.0;141.0;26.53;710.9;0.0;16.0;8.1;0.366;21.1;7.9;92.0
1962;1.83;2.8;16.3;19.3;71.0;128.0;26.08;711.2;0.0;17.0;6.8;0.118;21.07;7.2;92.0
1963;1.9;2.5;21.8;24.5;58.0;150.0;26.84;711.9;0.0;17.0;6.8;0.023;20.16;8.8;71.0
1964;1.83;4.3;21.8;26.0;32.0;149.0;19.38;712.8;0.0;15.0;5.5;0.001;19.21;11.4;33.0
1965;1.84;2.5;21.6;24.3;31.0;135.0;17.8;713.8;0.0;16.0;4.9;0.001;18.27;9.7;64.0
1966;1.8;2.5;20.3;22.9;31.0;105.0;12.42;714.6;0.0;17.0;6.7;0.0;17.28;11.1;360.0
1967;1.98;2.3;16.6;19.1;34.0;86.0;10.52;715.3;0.0;18.0;6.6;0.0;16.11;9.0;351.0
1968;1.92;2.1;11.7;14.0;39.0;76.0;8.21;715.5;0.0;21.0;6.1;0.001;15.09;5.0;347.0
1969;2.05;2.0;8.6;10.8;40.0;53.0;8.12;715.6;0.0;23.0;7.0;0.001;14.11;2.3;238.0
1970;1.79;2.1;17.9;20.1;27.0;47.0;8.51;715.0;0.0;25.0;5.8;0.001;13.52;4.0;203.0
1971;1.77;2.1;18.6;20.8;24.0;51.0;9.2;714.6;0.0;26.0;5.6;0.001;13.14;3.2;202.0
1972;1.75;;15.6;17.8;26.0;53.0;9.3;714.4;0.0;27.0;5.8;0.001;12.77;4.8;221.0
1973;1.81;2.3;23.2;25.6;19.0;52.0;16.12;714.5;0.0;27.0;10.1;0.001;12.3;3.7;229.0
1974;1.87;3.2;39.6;43.1;7.0;76.0;27.56;714.7;0.0;27.0;12.3;0.001;12.15;4.6;238.0
1975;1.96;17.6;41.5;59.2;4.0;105.0;23.58;715.2;0.0;28.0;12.4;0.006;11.6;3.6;229.0
1976;2.27;44.8;41.4;86.5;6.0;110.0;28.85;715.6;0.0;25.0;10.1;0.105;14.06;3.2;281.0
1977;2.22;30.1;36.1;66.4;14.0;144.0;22.15;715.9;0.0;20.0;8.6;0.307;16.89;4.2;40.0
1978;2.11;21.5;30.0;51.7;26.0;107.0;24.62;715.7;0.0;16.0;8.1;0.52;18.86;7.4;5.0
1979;1.7;3.6;7.6;11.4;49.0;131.0;13.2;715.4;0.0;10.0;5.3;0.195;21.37;12.9;272.0
1980;;;;;;;;;;;;0.0;;;
1981;0.47;1.1;1.9;3.1;15.0;21.0;;;0.0;1.0;;0.257;6.83;3.8;322.0
1982;1.67;3.6;5.8;9.6;54.0;57.0;;713.4;0.0;3.0;1.8;0.897;24.49;13.1;349.0
1983;1.72;4.2;6.8;11.3;53.0;52.0;;712.6;0.0;2.0;4.2;0.826;25.3;14.0;346.0
1984;1.65;3.2;5.6;9.0;55.0;49.0;;712.1;0.0;1.0;4.1;0.691;25.9;13.0;347.0
1985;1.7;3.8;9.0;13.1;52.0;41.0;;711.9;0.0;1.0;4.3;0.447;26.72;9.2;2.0
1986;1.75;4.5;16.6;21.3;43.0;44.0;;711.9;0.0;2.0;6.2;0.119;26.6;9.5;52.0
1987;1.84;2.9;21.7;24.8;37.0;49.0;;712.1;0.0;3.0;4.9;0.017;25.01;7.4;89.0
1988;2.32;8.6;49.5;58.3;9.0;53.0;;712.3;0.0;6.0;4.3;0.001;22.75;4.4;125.0
1989;1.93;2.4;25.6;28.1;37.0;65.0;;712.7;0.0;6.0;4.4;0.001;21.97;5.0;107.0
1990;1.94;2.7;26.4;29.3;33.0;66.0;;713.1;0.0;9.0;4.3;0.001;20.21;2.9;264.0
1991;2.22;10.7;45.9;56.8;12.0;74.0;;713.3;0.0;11.0;4.5;0.001;19.28;3.5;210.0
1992;2.18;4.8;45.5;50.5;8.0;65.0;;713.4;0.0;12.0;6.3;0.001;18.26;4.7;222.0
1993;1.96;2.3;37.2;39.6;14.0;63.0;;713.5;0.0;12.0;7.9;0.001;17.71;3.8;212.0
1994;1.88;2.2;32.9;35.3;18.0;62.0;;713.5;0.0;12.0;8.2;0.001;17.17;4.6;232.0
1995;1.81;2.2;34.2;36.6;17.0;66.0;26.61;713.4;0.0;12.0;8.7;0.001;16.21;3.4;228.0
1996;1.76;2.1;24.8;27.1;24.0;63.0;28.61;713.4;0.0;12.0;8.0;0.001;15.62;2.8;261.0
1997;1.72;2.2;20.2;22.5;26.0;61.0;30.15;713.6;0.0;12.0;7.3;0.001;15.06;2.5;258.0
1998;1.73;2.2;25.3;27.6;23.0;60.0;36.53;713.8;0.0;11.0;8.8;0.001;15.42;4.1;245.0
1999;2.06;18.6;39.7;58.6;9.0;72.0;35.37;714.2;0.0;14.0;7.7;0.008;14.94;3.7;295.0
2000;1.96;13.6;35.5;49.3;16.0;82.0;73.23;714.6;0.0;8.0;8.5;0.12;17.67;7.1;218.0
2001;2.82;76.9;48.2;125.4;11.0;80.0;;715.0;0.0;9.0;7.8;0.335;20.5;4.4;347.0
2002;2.09;21.7;33.3;55.2;26.0;118.0;56.36;715.2;0.0;4.0;6.2;0.553;23.72;5.4;315.0
2003;1.98;10.7;28.4;39.4;44.0;77.0;36.22;715.1;0.0;4.0;5.6;0.228;25.81;4.5;22.0
2004;1.93;8.9;25.9;35.0;49.0;74.0;59.01;714.6;0.0;2.0;6.3;0.819;27.25;7.7;55.0
2005;1.91;5.6;20.2;26.1;61.0;60.0;44.92;713.9;0.0;3.0;5.4;0.778;28.04;10.0;43.0
2006;1.79;3.4;11.0;14.6;72.0;74.0;;713.1;0.0;2.0;5.1;0.827;29.09;11.0;53.0
2007;1.75;3.1;8.6;12.0;67.0;68.0;;712.5;0.0;1.0;4.6;0.784;29.63;12.5;60.0
2008;1.76;2.8;8.6;11.7;71.0;48.0;;712.0;0.0;1.0;5.3;0.635;30.02;12.1;77.0
2009;1.85;3.2;12.0;15.4;64.0;54.0;;711.7;0.0;1.0;5.1;0.393;29.96;12.6;86.0
2010;1.81;3.2;13.1;16.5;52.0;62.0;;711.7;0.0;3.0;5.4;0.121;29.54;12.6;87.0
2011;1.92;2.7;22.2;25.1;39.0;57.0;;711.9;0.0;4.0;4.3;0.021;28.34;9.0;93.0
2012;2.12;4.0;33.5;37.7;24.0;54.0;;712.3;0.0;5.0;4.3;0.001;26.5;5.4;121.0
2013;1.85;2.2;16.9;19.2;40.0;55.0;;712.6;0.0;5.0;4.2;0.001;26.15;8.5;121.0
2014;1.84;2.3;16.5;19.0;39.0;48.0;;713.0;0.0;7.0;4.4;0.001;25.35;8.3;94.0
2015;1.93;2.4;19.0;21.5;34.0;52.0;;713.2;0.0;12.0;4.4;0.001;23.66;7.2;78.0
2016;1.84;2.4;18.3;20.8;35.0;66.0;;713.2;0.0;15.0;7.8;0.0;22.45;8.2;28.0
2017;1.95;2.8;40.0;43.0;11.0;67.0;;713.4;0.0;19.0;11.2;0.0;20.13;5.2;344.0
2018;2.0;2.3;31.5;34.0;18.0;84.0;;713.2;0.0;20.0;7.9;0.0;19.05;5.4;359.0
2019;2.09;2.3;33.5;36.0;14.0;78.0;;713.0;0.0;22.0;8.9;0.001;17.53;3.1;291.0
2020;2.12;2.3;31.1;33.5;15.0;73.0;;712.7;0.0;23.0;7.2;0.001;16.53;3.0;257.0
2021;2.13;4.3;37.6;42.0;9.0;66.0;;712.7;0.0;25.0;7.2;0.001;16.08;2.2;244.0
2022;2.17;6.2;37.2;43.6;5.0;75.0;;713.0;0.0;27.0;8.5;0.001;15.41;2.5;256.0
2023;2.17;9.9;33.6;43.8;8.0;75.0;;713.4;0.0;27.0;7.3;0.011;15.29;2.8;278.0
2024;2.48;58.4;45.4;104.0;6.0;82.0;;713.7;0.0;23.0;20.4;0.086;17.1;3.2;262.0
2025;2.57;50.6;48.7;99.6;10.0;162.0;;714.1;0.0;18.0;26.3;0.27;19.51;5.6;240.0
2026;2.46;32.5;47.3;80.1;21.0;173.0;;714.1;0.0;14.0;14.5;0.502;22.26;5.1;17.0
2027;2.34;15.2;37.5;52.9;37.0;121.0;;714.0;0.0;12.0;10.2;0.22;24.39;5.4;11.0
2028;2.4;19.7;49.1;69.0;43.0;92.0;;713.7;0.0;11.0;19.0;0.807;25.97;10.0;35.0
2029;2.09;4.8;20.4;25.5;72.0;139.0;;712.9;0.0;10.0;7.0;0.814;28.52;11.8;72.0
2030;1.91;2.8;10.2;13.2;74.0;109.0;33.01;712.2;0.0;8.0;5.1;0.66;29.55;11.8;122.0
2031;1.9;2.7;8.4;11.3;73.0;74.0;35.4;711.4;0.0;8.0;5.1;0.712;30.07;11.9;105.0
2032;1.83;2.6;6.2;9.0;62.0;69.0;31.46;710.9;0.0;7.0;4.6;0.572;30.43;13.0;121.0
2033;1.83;2.6;6.9;9.8;59.0;66.0;28.76;710.6;0.0;7.0;4.6;0.343;29.89;14.4;116.0
2034;1.84;2.5;8.0;10.8;57.0;65.0;26.27;710.6;0.0;7.0;4.5;0.122;29.57;13.6;90.0
2035;1.91;2.3;14.0;16.5;50.0;60.0;25.68;710.7;0.0;7.0;5.6;0.021;28.23;11.4;79.0
2036;1.99;2.2;18.5;20.8;42.0;61.0;28.44;710.9;0.0;9.0;5.2;0.001;26.91;6.2;101.0
2037;1.97;2.2;16.9;19.2;42.0;54.0;27.23;711.2;0.0;10.0;4.5;0.001;25.87;6.0;104.0
2038;1.91;2.2;12.8;15.2;42.0;59.0;19.14;711.6;0.0;17.0;4.4;0.001;24.73;7.0;77.0
2039;2.01;2.2;15.0;17.4;35.0;57.0;18.57;711.8;0.0;26.0;4.7;0.0;22.88;5.2;39.0
2040;2.04;3.8;31.1;35.1;18.0;56.0;23.49;711.6;0.0;32.0;11.3;0.0;21.67;7.5;22.0
2041;2.09;2.5;28.1;30.8;19.0;71.0;27.22;711.4;0.0;37.0;11.2;0.0;20.15;5.6;13.0
2042;2.12;2.5;29.5;32.2;16.0;73.0;29.21;711.2;0.0;42.0;15.3;0.0;18.99;4.5;24.0
2043;2.19;2.4;27.9;30.4;16.0;78.0;25.55;710.8;0.0;45.0;8.6;0.001;18.23;3.5;54.0
2044;2.23;2.3;28.3;30.8;13.0;73.0;24.68;710.5;0.0;47.0;7.2;0.001;17.74;2.9;321.0
2045;2.31;2.3;22.8;25.3;19.0;71.0;18.91;710.5;0.0;48.0;7.6;0.001;17.63;4.4;356.0
2046;2.19;2.3;22.9;25.4;15.0;57.0;19.12;710.8;0.0;51.0;6.4;0.001;16.81;2.1;10.0
2047;2.11;2.5;23.3;26.0;16.0;60.0;21.6;711.4;0.0;50.0;8.2;0.006;16.99;4.3;318.0
2048;2.11;5.0;23.7;28.9;19.0;63.0;21.55;711.7;0.0;50.0;8.6;0.087;17.37;4.1;323.0
2049;2.13;6.6;19.8;26.6;28.0;68.0;23.38;712.1;0.0;44.0;13.5;0.267;19.59;4.3;350.0
2050;2.21;6.3;18.1;24.7;38.0;71.0;26.76;712.1;0.0;40.0;15.4;0.475;21.37;5.1;24.0
2051;2.53;9.1;26.6;36.0;43.0;76.0;38.61;712.0;0.0;36.0;16.2;0.251;22.97;6.2;27.0
2052;2.31;11.0;33.3;44.5;48.0;87.0;44.49;711.9;0.0;34.0;20.8;0.783;24.22;8.4;46.0
2053;2.14;6.5;25.1;31.8;62.0;114.0;37.12;711.4;0.0;30.0;18.3;0.841;25.22;10.1;63.0
2054;2.08;3.5;13.4;17.1;76.0;87.0;34.96;710.6;0.0;26.0;9.0;0.823;26.78;10.5;76.0
2055;2.15;2.8;12.5;15.5;90.0;70.0;46.02;710.0;0.0;24.0;18.4;0.735;27.87;12.9;48.0
2056;2.1;2.7;11.1;14.1;82.0;93.0;43.74;709.5;0.0;22.0;11.1;0.492;28.75;13.7;60.0
2057;2.07;2.6;9.0;11.8;73.0;92.0;46.8;709.3;0.0;21.0;7.2;0.294;28.97;13.4;73.0
2058;2.06;2.4;8.4;11.0;62.0;81.0;47.12;709.4;0.0;21.0;5.7;0.104;28.42;11.3;92.0
2059;2.08;2.3;10.6;13.1;56.0;69.0;48.62;709.6;0.0;21.0;5.1;0.029;27.79;9.9;83.0
2060;2.08;2.2;11.9;14.3;49.0;87.0;42.27;709.8;0.0;22.0;4.7;0.001;26.63;7.1;101.0
2061;2.07;2.2;12.4;14.8;46.0;60.0;39.27;710.2;0.0;23.0;4.7;0.001;25.8;6.4;95.0
2062;2.06;2.3;13.6;16.1;35.0;59.0;23.2;710.6;0.0;32.0;5.2;0.0;24.16;8.0;50.0
2063;2.06;2.3;13.0;15.4;31.0;69.0;13.07;710.7;0.0;40.0;5.4;0.0;22.43;8.8;49.0
2064;2.05;2.4;15.5;18.1;26.0;54.0;12.58;710.7;0.0;45.0;5.3;0.0;21.3;7.3;26.0
2065;2.09;2.9;17.2;20.2;23.0;50.0;14.6;710.7;0.0;53.0;5.7;0.0;19.68;7.7;41.0
2066;2.1;2.5;20.1;22.7;18.0;53.0;18.44;710.4;0.0;58.0;6.9;0.0;18.43;5.6;41.0
2067;2.1;2.4;21.1;23.7;16.0;54.0;15.29;710.3;0.0;62.0;9.3;0.0;17.67;4.8;33.0
2068;2.14;2.4;23.9;26.5;11.0;65.0;17.55;710.0;0.0;64.0;7.4;0.001;17.08;2.5;299.0
2069;2.29;2.8;21.2;24.2;14.0;60.0;15.88;710.1;0.0;64.0;7.1;0.001;16.99;2.8;338.0
2070;2.16;2.5;18.0;20.6;14.0;46.0;12.77;710.3;0.0;66.0;7.0;0.001;16.4;2.7;339.0
2071;2.49;9.9;29.5;39.6;4.0;50.0;15.87;710.6;0.0;68.0;7.3;0.008;16.08;2.3;325.0
2072;2.47;26.2;31.3;57.7;7.0;62.0;19.09;710.8;0.0;63.0;8.2;0.108;17.75;3.8;9.0
2073;2.56;20.4;31.1;51.7;13.0;76.0;25.61;711.2;0.0;54.0;9.4;0.298;20.15;4.0;6.0
2074;3.0;27.1;44.5;71.8;20.0;85.0;46.46;711.4;0.0;48.0;10.6;0.473;21.77;5.4;28.0
2075;2.95;24.7;43.4;68.2;25.0;119.0;46.37;711.6;0.0;44.0;11.0;0.25;22.98;7.5;24.0
2076;2.48;19.2;40.9;60.3;32.0;128.0;43.69;711.2;0.0;39.0;17.0;0.773;24.51;8.4;51.0
2077;2.33;11.2;35.3;46.7;48.0;121.0;41.37;710.7;0.0;35.0;17.5;0.83;25.74;9.3;47.0
2078;2.29;9.9;31.7;41.8;53.0;110.0;39.88;710.0;0.0;32.0;15.0;0.814;27.08;10.5;53.0
2079;2.32;3.5;18.6;22.3;91.0;93.0;43.8;709.3;0.0;30.0;24.2;0.722;28.5;12.4;59.0
2080;2.26;3.3;15.9;19.4;87.0;112.0;36.81;708.7;0.0;27.0;14.7;0.578;29.49;13.7;50.0
2081;2.25;3.2;15.5;18.9;78.0;97.0;38.43;708.5;0.0;25.0;10.5;0.358;30.02;14.9;58.0
2082;2.24;3.0;15.9;19.1;54.0;88.0;42.14;708.6;0.0;27.0;7.0;0.109;29.01;14.2;67.0
2083;2.28;2.6;17.9;20.7;48.0;82.0;44.86;708.6;0.0;27.0;5.8;0.03;28.33;11.5;74.0
2084;2.24;2.4;17.6;20.1;44.0;71.0;44.25;708.7;0.0;28.0;5.3;0.001;27.69;9.0;96.0
2085;2.12;2.3;10.9;13.3;48.0;66.0;36.43;709.0;0.0;29.0;5.2;0.001;26.92;11.7;119.0
2086;2.14;2.5;15.1;17.8;34.0;67.0;29.46;709.2;0.0;38.0;5.5;0.0;25.39;9.6;72.0
2087;2.14;2.4;11.6;14.1;29.0;75.0;23.33;709.4;0.0;51.0;5.4;0.0;23.28;7.7;44.0
2088;2.15;2.4;13.3;15.9;24.0;65.0;24.47;709.4;0.0;57.0;5.3;0.0;21.93;6.6;30.0
2089;2.13;2.8;17.8;20.8;17.0;60.0;26.26;709.2;0.0;63.0;5.3;0.0;20.61;7.7;29.0
2090;2.14;2.7;24.0;26.8;11.0;53.0;29.8;708.8;0.0;66.0;6.5;0.0;19.79;6.2;15.0
2091;2.15;2.4;20.1;22.6;14.0;62.0;30.46;708.1;0.0;69.0;7.9;0.0;19.01;5.5;37.0
2092;2.17;2.7;22.8;25.7;10.0;69.0;32.66;707.7;0.0;71.0;9.2;0.0;18.37;5.3;26.0
2093;2.22;2.7;21.3;24.2;11.0;82.0;32.51;707.5;0.0;73.0;7.7;0.0;17.93;4.4;360.0
2094;2.26;2.5;22.3;25.0;11.0;66.0;34.5;707.5;0.0;75.0;6.4;0.0;17.52;4.8;7.0
2095;2.37;5.4;26.8;32.3;7.0;75.0;42.01;707.8;0.0;76.0;6.1;0.008;17.12;4.6;20.0
2096;2.54;16.5;28.8;45.5;7.0;79.0;38.46;708.0;0.0;74.0;6.3;0.102;17.91;5.0;357.0
2097;2.69;19.8;29.8;49.7;14.0;94.0;44.38;708.0;0.0;67.0;7.5;0.295;19.73;6.0;16.0
2098;2.74;18.4;35.9;54.6;25.0;105.0;53.37;707.6;0.0;60.0;7.7;0.466;21.51;6.0;22.0
2099;3.01;22.1;52.0;74.3;31.0;113.0;74.22;707.3;0.0;53.0;11.7;0.266;23.34;7.1;51.0
2100;2.85;11.5;43.4;55.0;56.0;149.0;76.12;706.6;0.0;48.0;15.7;0.762;24.88;8.6;70.0
2101;2.58;4.6;25.9;30.7;87.0;141.0;64.09;705.7;0.0;41.0;10.1;0.822;26.95;10.5;60.0
2102;2.42;3.6;19.5;23.3;94.0;124.0;56.94;704.6;0.0;35.0;9.7;0.806;29.59;10.6;47.0
2103;2.35;3.7;18.1;22.0;85.0;107.0;54.28;703.7;0.0;30.0;8.5;0.734;31.28;12.0;47.0
2104;2.31;3.6;14.2;18.0;74.0;98.0;48.8;702.8;0.0;26.0;6.6;0.583;32.44;13.5;53.0
2105;2.22;3.2;12.5;15.8;65.0;101.0;43.56;701.9;0.0;22.0;5.4;0.391;33.53;14.2;90.0
2106;2.21;2.7;11.7;14.6;59.0;93.0;40.63;701.7;0.0;23.0;5.0;0.116;33.13;12.9;120.0
2107;2.29;2.7;15.4;18.3;46.0;79.0;36.62;701.6;0.0;29.0;5.3;0.02;31.57;10.5;118.0
2108;2.27;2.5;15.6;18.3;40.0;80.0;32.39;701.6;0.0;31.0;5.2;0.001;30.41;12.1;114.0
2109;2.18;2.3;7.8;10.2;47.0;79.0;35.27;701.8;0.0;34.0;5.2;0.001;29.31;13.8;124.0
2110;2.19;2.3;9.0;11.5;44.0;83.0;35.21;702.0;0.0;36.0;;0.0;28.39;8.9;117.0
2111;2.33;2.3;17.9;20.4;28.0;69.0;37.2;702.1;0.0;40.0;5.0;0.001;26.6;3.1;282.0
2112;2.32;2.6;29.3;32.0;17.0;69.0;45.07;702.3;0.0;45.0;6.4;0.0;25.81;6.2;344.0
2113;2.28;2.4;24.5;27.0;16.0;90.0;43.57;702.1;0.0;52.0;7.6;0.0;24.17;3.9;344.0
2114;2.27;2.3;17.6;20.1;21.0;80.0;41.52;701.7;0.0;58.0;7.5;0.0;23.11;5.0;332.0
2115;2.39;2.4;19.9;22.5;16.0;89.0;45.62;701.3;0.0;63.0;6.1;0.001;21.96;2.8;326.0
2116;;;;;;;;;;;;0.0;;;
2117;2.44;4.5;30.1;34.7;5.0;96.0;48.96;701.2;0.0;68.0;5.3;0.001;20.55;3.8;299.0
2118;2.67;6.7;35.0;41.9;2.0;93.0;50.85;701.8;0.0;68.0;5.5;0.001;20.35;4.8;95.0
2119;2.56;15.5;34.2;49.9;3.0;102.0;56.67;703.2;0.0;61.0;7.0;0.007;21.06;8.0;113.0
2120;2.2;9.1;26.0;35.2;12.0;207.0;103.46;704.9;0.0;38.0;10.9;0.092;22.41;11.8;108.0
2121;2.19;11.8;23.9;36.0;19.0;735.0;59.94;705.8;0.0;28.0;8.3;0.281;23.94;9.9;97.0
2122;2.11;8.5;16.6;25.3;29.0;372.0;40.48;705.9;0.0;24.0;5.4;0.479;25.53;10.2;65.0
2123;2.07;8.5;16.8;25.6;34.0;261.0;31.85;705.8;0.0;16.0;7.1;0.273;28.48;7.7;125.0
2124;2.07;6.1;14.8;21.2;41.0;196.0;27.51;705.5;0.0;13.0;4.7;0.813;29.78;11.6;70.0
2125;1.84;3.6;5.9;9.7;45.0;193.0;16.48;705.0;0.0;5.0;4.1;0.892;31.53;18.8;302.0
2126;1.85;3.7;6.2;10.2;47.0;202.0;15.14;704.1;0.0;4.0;4.2;0.886;31.98;22.7;303.0
2127;1.83;3.5;6.8;10.6;51.0;205.0;15.53;703.5;0.0;2.0;4.0;0.805;32.59;21.6;306.0
2128;1.83;3.3;7.2;10.7;56.0;195.0;12.73;703.0;0.0;1.0;4.0;0.671;32.99;20.8;306.0
2129;1.84;3.6;7.6;11.5;56.0;142.0;14.25;702.9;0.0;1.0;4.1;0.45;32.93;21.1;306.0
2130;1.83;3.0;8.6;11.8;59.0;140.0;18.55;703.0;0.0;1.0;4.0;0.125;32.58;18.1;297.0
2131;1.83;3.9;9.7;13.7;60.0;119.0;17.56;703.6;0.0;1.0;4.3;0.024;31.27;12.1;275.0
2132;2.13;4.7;30.9;35.8;32.0;94.0;23.27;704.4;0.0;2.0;4.4;0.001;29.44;5.9;159.0
2133;2.18;2.8;28.5;31.4;29.0;107.0;36.94;705.0;0.0;9.0;4.4;0.001;27.79;6.0;125.0
2134;2.02;2.3;15.2;17.6;38.0;122.0;21.24;705.8;0.0;15.0;4.3;0.001;27.57;11.5;103.0
2135;1.87;2.2;5.8;8.2;48.0;120.0;15.57;706.3;0.0;11.0;4.3;0.001;27.07;14.4;111.0
2136;1.82;2.2;4.8;7.1;47.0;102.0;9.13;706.7;0.0;8.0;6.0;0.001;26.33;14.7;100.0
2137;1.9;3.7;27.0;31.0;24.0;67.0;12.72;707.0;0.0;13.0;22.2;0.0;24.47;11.4;41.0
2138;1.93;2.3;24.5;27.0;24.0;71.0;12.81;706.9;0.0;16.0;12.6;0.0;22.53;4.4;328.0
2139;2.0;2.3;20.6;23.0;26.0;68.0;13.46;707.0;0.0;20.0;5.4;0.0;21.59;7.2;14.0
2140;2.03;2.5;33.5;36.2;13.0;64.0;20.01;707.0;0.0;27.0;6.6;0.0;20.3;5.1;15.0
2141;2.06;3.7;25.2;29.1;17.0;75.0;27.73;707.3;0.0;30.0;6.4;0.001;19.23;3.3;290.0
2142;2.12;2.6;24.5;27.3;15.0;85.0;28.35;707.7;0.0;36.0;5.8;0.001;18.55;2.5;316.0
2143;2.34;12.3;31.8;44.2;8.0;86.0;30.19;708.3;0.0;37.0;6.1;0.011;18.51;2.9;197.0
2144;2.55;31.7;36.6;68.5;7.0;101.0;29.77;708.7;0.0;32.0;8.6;0.106;20.32;3.1;237.0
2145;2.8;28.6;39.6;68.4;14.0;119.0;32.48;709.0;0.0;29.0;13.1;0.304;22.49;4.7;33.0
2146;2.82;13.8;28.6;42.6;30.0;127.0;27.76;709.3;0.0;28.0;11.7;0.484;23.11;9.2;21.0
2147;2.24;9.6;26.2;36.0;42.0;130.0;27.14;709.4;0.0;23.0;15.9;0.276;24.8;8.3;32.0
2148;2.2;6.1;20.5;26.8;57.0;107.0;26.55;709.2;0.0;21.0;10.4;0.789;26.02;8.9;54.0
2149;2.11;3.5;11.2;14.9;69.0;97.0;26.22;708.7;0.0;17.0;7.5;0.798;27.09;10.9;56.0
2150;2.09;3.2;11.1;14.6;76.0;98.0;26.15;708.1;0.0;15.0;11.3;0.779;28.02;10.7;54.0
2151;2.11;3.1;9.6;12.8;73.0;94.0;27.16;707.5;0.0;16.0;7.2;0.687;28.49;10.9;38.0
2152;2.08;3.2;9.4;12.7;64.0;95.0;27.49;706.8;0.0;15.0;5.1;0.567;28.9;13.2;64.0
2153;2.11;3.3;10.8;14.4;58.0;90.0;30.6;706.7;0.0;15.0;4.7;0.343;28.89;13.6;75.0
2154;2.15;2.9;13.7;16.8;54.0;87.0;30.81;706.7;0.0;16.0;5.8;0.131;28.35;12.5;81.0
2155;2.18;2.6;15.5;18.3;46.0;95.0;22.54;706.8;0.0;19.0;4.4;0.026;27.69;11.3;92.0
2156;2.19;2.6;19.0;21.8;39.0;80.0;18.23;707.3;0.0;19.0;4.4;0.001;26.91;10.5;101.0
2157;2.1;2.2;13.4;15.8;43.0;71.0;17.47;707.8;0.0;19.0;4.3;0.001;26.28;11.1;112.0
2158;2.03;2.2;7.3;9.7;48.0;74.0;19.67;708.1;0.0;24.0;4.5;0.001;25.07;13.4;118.0
2159;2.05;;8.9;11.2;43.0;105.0;18.16;708.3;0.0;28.0;4.6;0.001;23.69;11.5;82.0
2160;;;;;;;;;;;;0.0;;;
2161;2.07;2.2;8.9;11.3;39.0;67.0;17.26;708.6;0.0;38.0;4.9;0.0;20.4;10.0;38.0
2162;2.05;2.3;13.2;15.7;32.0;64.0;16.09;708.5;0.0;47.0;5.3;0.0;18.91;9.8;29.0
2163;2.12;2.5;20.3;22.9;22.0;63.0;20.13;708.4;0.0;57.0;7.2;0.0;17.77;8.8;15.0
2164;2.14;2.3;16.4;18.8;23.0;68.0;19.54;708.4;0.0;67.0;6.8;0.0;16.99;8.0;9.0
2165;2.14;2.5;15.3;17.9;23.0;71.0;19.76;708.6;0.0;74.0;6.4;0.001;16.27;7.6;30.0
2166;2.14;2.9;17.2;20.3;20.0;58.0;23.69;708.9;0.0;77.0;6.9;0.001;15.94;6.5;56.0
2167;2.2;3.2;18.9;22.3;18.0;65.0;26.4;709.3;0.0;78.0;6.7;0.008;15.74;6.4;58.0
2168;2.26;3.9;15.2;19.3;22.0;72.0;27.49;710.0;0.0;78.0;6.3;0.047;16.07;8.3;63.0
2169;2.3;6.2;13.9;20.3;27.0;70.0;23.53;710.4;0.0;71.0;6.5;0.304;17.82;8.1;39.0
2170;2.28;6.5;12.6;19.3;32.0;73.0;23.44;710.8;0.0;60.0;6.8;0.488;19.52;10.2;51.0
2171;2.24;6.8;12.9;19.9;36.0;69.0;24.79;710.8;0.0;55.0;6.5;0.34;20.75;9.2;38.0
2172;2.2;4.4;8.8;13.5;42.0;68.0;22.93;710.6;0.0;50.0;6.0;0.739;21.93;11.2;43.0
2173;2.21;4.1;8.2;12.5;44.0;70.0;23.56;709.9;0.0;45.0;5.7;0.835;23.86;11.4;39.0
2174;2.2;3.2;6.1;9.5;46.0;62.0;27.74;709.3;0.0;39.0;5.6;0.835;25.76;10.2;97.0
2175;2.25;3.3;6.8;10.3;45.0;58.0;35.48;708.5;0.0;40.0;5.2;0.723;26.62;11.4;101.0
2176;2.22;3.0;6.3;9.6;45.0;64.0;35.15;708.0;0.0;38.0;5.1;0.612;27.51;11.2;107.0
2177;2.23;3.2;7.7;11.1;42.0;63.0;30.89;707.6;0.0;37.0;5.0;0.425;28.07;12.8;112.0
2178;2.24;3.0;7.8;11.0;39.0;69.0;27.91;707.6;0.0;37.0;4.9;0.142;28.04;13.1;98.0
2179;2.36;3.1;13.6;16.9;31.0;67.0;26.85;707.8;0.0;41.0;4.8;0.024;27.06;13.9;77.0
2180;2.36;2.9;13.3;16.3;29.0;74.0;24.52;708.3;0.0;46.0;4.7;0.001;25.81;13.5;75.0
2181;2.29;2.3;9.3;11.8;32.0;68.0;22.24;708.8;0.0;50.0;4.6;0.001;25.06;10.6;103.0
2182;2.26;2.3;6.8;9.3;33.0;62.0;19.93;709.2;0.0;57.0;4.6;0.001;23.93;13.1;112.0
2183;2.24;;5.9;8.3;33.0;56.0;18.85;709.3;0.0;60.0;4.5;0.001;23.39;12.7;92.0
2184;2.29;;9.2;11.6;28.0;52.0;19.64;709.5;0.0;67.0;4.4;0.001;22.08;10.5;55.0
2185;2.31;;8.8;11.2;27.0;65.0;19.49;709.6;0.0;73.0;4.5;0.0;21.06;9.5;39.0
2186;2.29;2.2;8.8;11.2;26.0;51.0;19.03;709.4;0.0;77.0;4.4;0.001;20.21;6.4;48.0
2187;2.3;2.3;11.5;13.9;23.0;55.0;18.79;709.2;0.0;79.0;4.2;0.001;20.09;5.6;50.0
2188;2.29;2.3;11.0;13.4;23.0;54.0;18.53;709.2;0.0;78.0;4.3;0.001;20.11;5.7;49.0
2189;2.27;2.2;8.6;11.0;24.0;55.0;19.6;709.3;0.0;79.0;4.3;0.001;19.96;5.4;46.0
2190;2.34;2.4;19.6;22.2;14.0;61.0;31.18;710.1;0.0;79.0;4.2;0.001;20.09;5.3;42.0
2191;2.5;2.9;21.1;24.2;13.0;86.0;34.46;710.7;0.0;77.0;4.3;0.004;20.3;5.6;31.0
2192;2.86;5.1;21.7;27.0;13.0;89.0;34.11;711.3;0.0;77.0;4.3;0.065;20.41;4.6;38.0
2193;2.81;10.6;22.5;33.4;17.0;84.0;37.75;711.8;0.0;69.0;4.5;0.254;22.3;4.4;47.0
2194;2.67;10.4;22.1;32.8;27.0;97.0;41.27;712.2;0.0;60.0;4.8;0.467;23.93;6.6;49.0
2195;2.55;9.3;24.1;33.6;36.0;100.0;45.0;712.5;0.0;56.0;5.6;0.277;24.66;8.5;62.0
2196;2.32;5.0;13.5;18.7;49.0;105.0;34.01;712.4;0.0;50.0;6.5;0.724;25.69;10.6;47.0
2197;2.29;3.6;10.7;14.5;56.0;84.0;33.0;712.0;0.0;48.0;6.1;0.71;26.28;10.8;53.0
2198;2.3;3.7;10.0;14.0;55.0;76.0;30.65;711.4;0.0;44.0;6.1;0.792;27.27;14.1;56.0
2199;2.3;3.3;8.8;12.4;54.0;73.0;33.99;710.8;0.0;43.0;5.7;0.724;27.7;16.2;65.0
2200;2.29;3.4;8.6;12.2;49.0;79.0;32.02;710.2;0.0;42.0;6.0;0.575;27.82;17.3;68.0
2201;2.29;3.0;8.8;12.0;48.0;76.0;36.07;709.9;0.0;44.0;9.7;0.323;27.49;17.5;75.0
2202;2.26;2.8;7.4;10.5;40.0;86.0;27.35;710.2;0.0;47.0;7.5;0.122;26.63;16.8;77.0
2203;2.29;2.4;8.7;11.3;36.0;81.0;25.0;710.4;0.0;48.0;5.9;0.028;25.89;14.3;83.0
2204;2.29;2.3;9.3;11.8;35.0;70.0;23.61;710.6;0.0;49.0;5.4;0.001;25.31;11.4;82.0
2205;2.26;2.2;8.0;10.4;36.0;61.0;23.37;711.1;0.0;49.0;6.0;0.001;25.04;9.6;109.0
2206;2.27;2.2;7.3;9.7;36.0;63.0;23.51;711.5;0.0;50.0;5.3;0.001;24.6;8.4;134.0
2207;2.26;;6.3;8.7;36.0;52.0;23.4;711.6;0.0;52.0;4.8;0.001;24.18;9.8;127.0
2208;2.24;2.2;6.1;8.5;37.0;55.0;22.28;711.3;0.0;52.0;4.7;0.001;24.04;10.2;127.0
2209;2.24;2.2;6.8;9.2;35.0;56.0;21.6;711.0;0.0;54.0;4.6;0.001;23.69;8.5;122.0
2210;2.27;2.2;8.9;11.3;31.0;52.0;23.78;710.6;0.0;57.0;4.4;0.0;22.62;8.0;53.0
2211;2.25;;7.9;10.3;32.0;63.0;21.96;710.3;0.0;57.0;4.4;0.001;22.49;5.8;92.0
2212;;;;;;;;;;;;0.0;;;
2213;2.32;2.8;17.6;20.6;12.0;65.0;25.85;710.2;0.0;74.0;4.5;0.0;19.92;6.2;47.0
2214;2.39;2.9;21.0;24.1;9.0;64.0;24.79;710.3;0.0;77.0;4.8;0.001;19.37;6.0;58.0
2215;2.42;3.2;19.8;23.1;10.0;73.0;25.01;710.5;0.0;78.0;4.8;0.011;18.94;5.9;65.0
2216;2.49;11.1;23.8;35.0;8.0;69.0;29.82;710.8;0.0;77.0;5.0;0.074;19.2;5.4;49.0
2217;2.58;12.8;23.2;36.3;11.0;76.0;38.95;711.1;0.0;75.0;5.3;0.166;19.78;6.2;53.0
2218;2.47;11.4;24.0;35.7;17.0;89.0;49.7;711.1;0.0;74.0;6.2;0.207;20.09;8.0;57.0
2219;2.42;8.2;20.4;28.8;29.0;102.0;52.98;711.1;0.0;72.0;10.3;0.348;20.88;9.8;41.0
2220;2.39;4.6;14.6;19.4;42.0;95.0;48.26;710.8;0.0;69.0;15.6;0.324;21.54;8.4;51.0
2221;2.37;3.4;8.0;11.6;40.0;83.0;32.91;710.1;0.0;62.0;14.9;0.509;23.38;11.2;44.0
2222;2.34;2.9;6.6;9.7;38.0;71.0;26.39;709.4;0.0;55.0;9.5;0.289;24.85;11.0;75.0
2223;2.29;2.6;4.4;7.3;34.0;58.0;23.05;708.7;0.0;52.0;7.4;0.339;25.48;13.4;128.0
2224;2.31;2.7;4.5;7.4;34.0;51.0;22.6;708.0;0.0;52.0;6.3;0.361;25.75;12.8;126.0
2225;2.28;2.6;4.3;7.1;35.0;59.0;22.03;707.5;0.0;50.0;5.6;0.287;26.12;13.4;123.0
2226;2.3;2.5;4.5;7.1;35.0;51.0;21.69;707.2;0.0;48.0;5.2;0.121;26.48;13.5;123.0
2227;2.29;2.5;5.1;7.8;35.0;54.0;21.49;707.1;0.0;47.0;5.1;0.025;25.92;12.9;119.0
2228;2.31;2.2;6.7;9.1;32.0;57.0;20.63;707.2;0.0;49.0;4.8;0.001;25.27;11.4;110.0
2229;2.32;2.2;7.4;9.8;30.0;54.0;20.65;707.4;0.0;50.0;4.7;0.001;24.84;10.1;112.0
2230;2.3;2.3;6.6;9.1;32.0;54.0;19.72;707.3;0.0;49.0;4.6;0.001;24.66;9.3;90.0
2231;2.28;2.2;5.0;7.4;31.0;53.0;18.2;707.3;0.0;55.0;4.5;0.001;23.48;11.0;107.0
2232;2.24;2.2;3.3;5.7;30.0;49.0;16.44;707.2;0.0;62.0;4.3;0.001;22.51;11.9;116.0
2233;2.24;;3.6;6.0;28.0;52.0;15.96;706.9;0.0;67.0;4.3;0.001;21.78;10.1;72.0
2234;2.27;;5.5;7.8;23.0;43.0;17.71;706.5;0.0;74.0;4.2;0.0;20.39;6.9;34.0
2235;2.26;;3.8;6.2;23.0;49.0;17.21;706.2;0.0;79.0;4.2;0.001;19.54;6.0;50.0
2236;2.26;2.3;4.2;6.7;22.0;44.0;18.71;705.9;0.0;81.0;4.1;0.001;19.26;5.1;60.0
2237;2.28;2.4;10.5;13.0;15.0;47.0;26.92;705.6;0.0;82.0;4.2;0.001;19.22;5.3;46.0
2238;2.38;4.6;18.1;22.9;7.0;57.0;30.44;705.5;0.0;82.0;4.3;0.001;19.31;5.8;49.0
2239;;;;;;;;;;;;0.0;;;
2240;2.78;18.1;23.1;41.4;3.0;77.0;32.42;706.1;0.0;81.0;4.5;0.033;19.43;6.5;50.0
2241;2.88;20.9;23.4;44.5;6.0;75.0;32.62;706.3;0.0;76.0;4.8;0.14;20.28;6.0;61.0
2242;2.76;15.3;22.7;38.3;13.0;83.0;38.83;706.3;0.0;69.0;5.2;0.229;21.48;6.6;45.0
2243;2.78;15.4;24.0;39.5;24.0;89.0;43.94;706.2;0.0;62.0;5.6;0.417;23.41;7.9;34.0
2244;2.83;13.3;29.2;42.7;35.0;115.0;50.67;705.9;0.0;58.0;6.3;0.746;24.3;9.0;49.0
2245;2.67;5.9;18.4;24.5;52.0;108.0;40.17;705.3;0.0;55.0;6.3;0.812;25.1;11.6;61.0
2246;2.6;4.1;14.2;18.5;60.0;92.0;36.66;704.6;0.0;52.0;5.8;0.8;26.17;11.9;54.0
2247;2.54;3.6;11.5;15.3;57.0;88.0;31.33;703.7;0.0;47.0;6.1;0.736;27.86;12.3;47.0
2248;2.54;4.4;12.1;16.7;49.0;82.0;26.74;702.9;0.0;41.0;6.2;0.612;29.59;12.2;40.0
2249;2.55;4.1;13.1;17.4;47.0;71.0;25.27;702.4;0.0;35.0;6.0;0.422;31.06;12.6;56.0
2250;2.54;3.5;13.8;17.4;47.0;67.0;23.94;702.3;0.0;32.0;5.0;0.115;31.29;12.9;74.0
2251;2.51;2.9;14.2;17.2;40.0;74.0;26.4;702.5;0.0;35.0;4.8;0.02;30.17;13.3;65.0
2252;2.46;2.4;13.5;16.1;32.0;123.0;25.58;702.9;0.0;36.0;4.8;0.001;29.26;10.8;71.0
2253;2.53;2.3;16.5;18.9;25.0;76.0;24.18;703.4;0.0;35.0;4.9;0.0;28.61;4.8;78.0
2254;2.52;2.3;13.8;16.3;25.0;60.0;25.91;703.8;0.0;40.0;4.7;0.0;28.04;8.5;56.0
2255;2.5;2.4;11.1;13.7;20.0;63.0;30.82;704.1;0.0;55.0;4.5;0.0;25.98;10.7;36.0
2256;2.52;2.3;6.6;9.1;21.0;70.0;33.41;704.4;0.0;65.0;4.3;0.0;24.1;9.1;53.0
2257;2.57;2.5;13.8;16.5;12.0;65.0;37.2;704.8;0.0;71.0;4.2;0.0;23.03;8.1;359.0
2258;2.52;2.3;11.2;13.7;13.0;78.0;39.67;705.2;0.0;76.0;4.2;0.0;22.02;4.9;60.0
2259;2.59;2.6;15.7;18.4;7.0;90.0;41.89;705.2;0.0;79.0;4.3;0.001;21.35;1.9;172.0
2260;2.65;2.6;15.4;18.2;6.0;83.0;42.62;705.0;0.0;80.0;4.3;0.001;21.08;2.1;214.0
2261;2.65;3.7;16.8;20.7;4.0;79.0;43.01;705.0;0.0;81.0;;0.001;20.97;3.6;221.0
2262;2.75;8.9;18.7;27.8;3.0;83.0;43.45;705.4;0.0;79.0;;0.001;20.89;2.9;208.0
2263;3.08;42.0;19.9;62.2;2.0;89.0;48.88;705.9;0.0;79.0;4.6;0.008;20.83;2.7;298.0
2264;3.53;58.7;27.4;86.4;3.0;114.0;55.33;706.3;0.0;76.0;4.6;0.105;22.44;3.5;75.0
2265;3.53;46.1;35.4;81.7;7.0;132.0;54.13;706.5;0.0;65.0;4.7;0.304;24.79;4.3;75.0
2266;3.25;24.2;40.8;65.2;19.0;129.0;55.06;706.4;0.0;54.0;6.7;0.485;26.74;6.8;85.0
2267;3.25;14.9;40.4;55.5;30.0;143.0;52.17;706.2;0.0;45.0;8.2;0.443;28.04;8.2;89.0
2268;2.88;8.6;31.0;39.8;53.0;139.0;43.47;705.5;0.0;30.0;9.3;0.862;31.48;8.6;98.0
2269;2.25;4.5;10.4;15.1;51.0;140.0;16.44;704.7;0.0;6.0;4.8;0.884;34.49;12.9;311.0
2270;2.16;3.9;7.7;11.9;49.0;140.0;15.54;703.9;0.0;2.0;4.3;0.869;35.37;14.9;319.0
2271;2.15;3.6;7.6;11.4;51.0;98.0;17.42;703.2;0.0;2.0;4.4;0.793;36.16;13.7;326.0
2272;2.21;4.6;8.3;13.2;45.0;85.0;10.84;702.5;0.0;2.0;4.2;0.653;36.7;14.9;327.0
2273;2.15;3.7;8.4;12.4;47.0;85.0;13.7;702.3;0.0;1.0;4.2;0.436;36.79;13.0;300.0
2274;2.16;3.1;8.5;11.8;47.0;93.0;10.41;702.6;0.0;1.0;;0.118;36.21;13.5;298.0
2275;2.17;2.6;8.9;11.7;44.0;68.0;9.8;703.1;0.0;2.0;4.3;0.02;34.98;10.1;291.0
2276;2.24;3.3;17.6;21.1;34.0;66.0;14.16;703.9;0.0;5.0;5.0;0.001;33.27;7.9;310.0
2277;2.54;3.5;29.1;32.8;15.0;67.0;23.44;704.8;0.0;19.0;6.0;0.0;30.9;3.6;170.0
2278;2.62;3.5;32.7;36.4;13.0;76.0;23.85;705.3;0.0;17.0;5.5;0.001;29.42;4.0;216.0
2279;2.49;2.5;26.1;28.8;17.0;78.0;22.48;705.4;0.0;18.0;5.4;0.001;28.22;3.8;196.0
2280;2.46;2.5;15.1;17.8;26.0;79.0;25.88;705.4;0.0;31.0;5.8;0.001;27.62;2.4;194.0
2281;;;;;;;;;;;;0.0;;;
2282;2.28;2.2;24.3;26.7;21.0;86.0;26.56;705.0;0.0;14.0;7.8;0.001;26.33;4.6;172.0
2283;2.25;2.3;31.9;34.4;12.0;113.0;31.14;705.1;0.0;14.0;8.1;0.001;25.04;3.3;216.0
2284;2.23;2.6;24.8;27.6;19.0;117.0;23.04;705.3;0.0;13.0;8.2;0.001;24.63;4.9;233.0
2285;2.24;2.7;21.1;24.0;23.0;92.0;22.54;705.4;0.0;14.0;8.0;0.001;24.62;6.4;214.0
2286;2.34;5.6;25.9;31.7;19.0;104.0;21.22;705.8;0.0;15.0;6.8;0.001;24.01;5.6;216.0
2287;2.56;11.9;38.8;51.0;7.0;94.0;22.15;706.5;0.0;15.0;7.3;0.017;23.91;5.4;196.0
2288;2.69;24.1;39.7;64.1;10.0;105.0;22.3;707.0;0.0;13.0;9.4;0.149;26.11;7.4;194.0
2289;2.85;28.4;42.4;71.0;16.0;108.0;23.72;707.4;0.0;9.0;9.4;0.352;29.85;4.6;131.0
2290;2.48;12.7;25.5;38.5;36.0;126.0;15.09;707.6;0.0;4.0;5.1;0.557;34.07;5.9;326.0
2291;2.17;3.7;7.0;11.0;52.0;84.0;9.21;707.6;0.0;2.0;4.5;0.383;34.94;12.4;285.0
2292;2.2;4.2;8.1;12.6;53.0;65.0;8.1;707.5;0.0;2.0;4.2;0.855;35.33;16.2;306.0
2293;2.15;3.6;6.7;10.6;54.0;58.0;7.36;707.2;0.0;2.0;4.2;0.91;35.75;13.9;323.0
2294;2.13;3.3;6.0;9.4;55.0;48.0;6.6;706.7;0.0;2.0;4.1;0.886;36.44;12.4;314.0
2295;2.2;4.1;8.7;13.1;51.0;75.0;35.65;706.8;0.0;9.0;4.5;0.724;34.56;20.9;12.0
2296;2.28;4.5;10.6;15.3;48.0;386.0;37.41;707.2;0.0;11.0;4.8;0.571;32.91;19.1;20.0
2297;2.28;4.6;12.4;17.2;48.0;343.0;36.57;707.6;0.0;12.0;5.5;0.38;31.71;17.2;14.0
2298;2.34;3.9;15.7;19.9;44.0;306.0;31.52;708.3;0.0;12.0;5.4;0.119;30.52;14.4;33.0
2299;2.31;3.5;16.8;20.4;41.0;227.0;28.59;709.2;0.0;12.0;5.1;0.028;28.71;12.6;34.0
2300;2.28;2.7;18.5;21.4;36.0;170.0;17.82;710.3;0.0;13.0;4.8;0.001;27.15;10.3;40.0
2301;2.22;2.2;17.5;19.9;35.0;120.0;14.86;711.5;0.0;14.0;4.8;0.0;26.01;9.3;52.0
2302;2.2;2.2;16.1;18.4;36.0;94.0;13.27;712.7;0.0;14.0;5.2;0.001;25.46;7.1;69.0
2303;2.14;2.1;9.1;11.4;41.0;86.0;10.96;713.3;0.0;16.0;4.5;0.001;24.59;4.4;70.0
2304;2.18;2.1;7.2;9.5;42.0;74.0;10.9;713.5;0.0;16.0;4.1;0.001;23.72;4.2;329.0
2305;2.2;2.1;6.9;9.2;42.0;68.0;10.33;713.8;0.0;16.0;4.3;0.001;23.26;5.2;8.0
2306;2.16;2.1;7.5;9.8;42.0;66.0;9.48;713.9;0.0;18.0;4.3;0.001;22.67;6.8;9.0
2307;2.17;2.2;14.1;16.5;32.0;65.0;10.28;713.9;0.0;20.0;4.8;0.0;21.34;7.3;346.0
2308;2.13;2.2;11.2;13.6;40.0;70.0;10.92;714.2;0.0;25.0;5.6;0.001;20.43;8.1;101.0
2309;2.09;2.1;4.0;6.3;52.0;73.0;9.57;714.6;0.0;29.0;5.1;0.001;19.71;12.4;105.0
2310;2.12;2.2;6.7;9.1;49.0;62.0;8.47;715.3;0.0;30.0;5.0;0.001;18.86;13.2;105.0
2311;2.19;2.4;12.1;14.7;43.0;57.0;8.32;716.0;0.0;30.0;5.0;0.015;18.23;12.0;106.0
2312;2.2;3.2;12.2;15.6;43.0;66.0;8.88;716.9;0.0;29.0;4.2;0.132;18.18;15.2;103.0
2313;2.16;3.8;10.1;14.2;48.0;74.0;8.95;717.6;0.0;23.0;4.5;0.33;18.38;17.6;77.0
2314;2.12;3.9;8.5;12.7;50.0;93.0;8.81;717.9;0.0;20.0;4.6;0.522;18.89;19.3;67.0
2315;2.12;3.8;8.1;12.2;54.0;91.0;8.64;717.7;0.0;18.0;5.2;0.422;20.05;14.8;58.0
2316;2.11;3.4;7.8;11.4;61.0;68.0;10.7;717.2;0.0;17.0;6.4;0.813;20.91;13.2;48.0
2317;2.14;3.5;8.8;12.6;68.0;65.0;16.79;716.6;0.0;16.0;8.5;0.855;21.97;13.0;41.0
2318;2.16;3.5;9.2;12.9;69.0;70.0;29.7;715.8;0.0;15.0;8.6;0.827;23.02;14.0;50.0
2319;2.18;3.0;8.4;11.6;68.0;82.0;41.46;715.2;0.0;13.0;8.7;0.729;23.6;15.3;67.0
2320;2.2;3.0;8.6;11.9;63.0;89.0;46.44;714.7;0.0;12.0;7.2;0.583;24.07;15.3;85.0
2321;2.19;3.4;9.9;13.5;56.0;107.0;30.21;714.4;0.0;12.0;5.3;0.416;24.12;15.8;76.0
2322;2.16;3.0;10.0;13.3;51.0;97.0;13.5;714.3;0.0;12.0;4.4;0.121;23.84;14.8;78.0
2323;2.16;2.6;12.0;14.7;48.0;94.0;11.18;714.4;0.0;11.0;4.3;0.027;22.97;13.5;81.0
2324;2.14;2.2;10.6;12.9;49.0;97.0;10.68;714.8;0.0;11.0;4.1;0.001;22.1;12.5;81.0
2325;2.15;2.1;10.7;13.0;47.0;78.0;10.61;715.3;0.0;13.0;4.1;0.001;21.52;9.1;104.0
2326;2.12;2.0;9.6;11.8;47.0;72.0;10.67;715.7;0.0;14.0;4.2;0.001;21.04;8.1;106.0
2327;2.12;2.0;8.4;10.7;48.0;69.0;10.42;715.9;0.0;15.0;4.1;0.001;20.47;7.1;113.0
2328;2.1;;6.0;8.2;50.0;66.0;10.58;715.8;0.0;15.0;4.3;0.001;20.11;7.9;89.0
2329;2.12;;6.2;8.5;45.0;77.0;14.73;715.8;0.0;22.0;4.2;0.001;18.38;6.5;74.0
2330;2.13;2.1;5.9;8.2;44.0;93.0;15.43;715.9;0.0;26.0;4.4;0.001;17.74;7.6;59.0
2331;2.19;2.4;24.3;26.9;21.0;91.0;20.98;715.7;0.0;35.0;9.6;0.0;16.14;6.8;4.0
2332;2.21;2.4;20.9;23.4;23.0;104.0;20.38;715.6;0.0;37.0;6.7;0.0;15.61;7.4;11.0
2333;2.28;2.3;23.5;25.9;19.0;103.0;17.13;715.7;0.0;41.0;5.7;0.0;14.79;7.1;18.0
2334;2.36;5.7;35.7;41.6;10.0;95.0;20.0;716.1;0.0;38.0;7.0;0.0;14.27;6.4;20.0
2335;2.4;9.6;33.1;42.9;12.0;101.0;22.45;716.5;0.0;38.0;8.8;0.016;13.96;5.6;24.0
2336;2.52;16.5;36.4;53.1;14.0;101.0;23.28;716.8;0.0;36.0;14.1;0.15;15.08;6.1;351.0
2337;2.61;20.1;37.7;58.0;17.0;104.0;24.53;717.0;0.0;35.0;10.4;0.245;16.39;5.5;348.0
2338;2.69;23.2;39.9;63.4;22.0;113.0;28.69;716.9;0.0;33.0;11.7;0.413;17.88;6.3;5.0
2339;2.61;16.8;33.0;50.1;35.0;141.0;27.43;716.7;0.0;26.0;11.0;0.46;21.02;8.7;20.0
2340;2.31;5.0;12.5;17.8;53.0;128.0;21.24;716.2;0.0;22.0;5.6;0.778;23.02;11.7;83.0
2341;2.27;2.9;6.3;9.4;59.0;87.0;28.93;715.5;0.0;22.0;4.5;0.82;24.41;12.0;107.0
2342;2.26;3.0;6.5;9.7;59.0;93.0;32.01;714.8;0.0;19.0;4.4;0.793;25.68;12.1;108.0
2343;2.29;3.0;6.8;10.0;57.0;100.0;30.56;714.1;0.0;20.0;4.4;0.729;26.49;13.0;115.0
2344;2.35;3.5;7.6;11.4;56.0;88.0;37.76;713.4;0.0;22.0;4.5;0.561;26.59;14.8;122.0
2345;2.35;2.7;7.7;10.7;56.0;91.0;40.12;713.0;0.0;22.0;4.6;0.404;26.48;15.2;124.0
2346;2.37;2.7;8.8;11.8;55.0;91.0;35.57;712.8;0.0;21.0;4.4;0.121;26.09;15.6;115.0
2347;2.33;2.4;9.5;12.1;53.0;85.0;34.46;712.9;0.0;21.0;4.4;0.026;25.39;15.1;103.0
2348;2.29;2.1;8.0;10.4;52.0;79.0;28.19;713.3;0.0;20.0;4.3;0.001;24.64;15.8;95.0
2349;2.25;2.2;9.6;12.0;46.0;87.0;14.89;714.0;0.0;22.0;4.3;0.001;22.48;13.1;85.0
2350;2.2;2.1;5.4;7.7;50.0;95.0;12.18;714.6;0.0;24.0;;0.001;21.02;14.1;84.0
2351;2.21;2.2;7.1;9.4;47.0;83.0;10.36;715.0;0.0;26.0;;0.001;19.62;11.6;56.0
2352;2.26;2.2;14.4;16.7;37.0;66.0;12.09;715.5;0.0;29.0;13.5;0.001;18.31;10.7;35.0
2353;2.24;2.3;16.5;18.9;33.0;71.0;11.79;715.5;0.0;32.0;11.7;0.0;17.47;8.1;26.0
2354;2.22;2.2;16.9;19.2;32.0;59.0;12.09;715.3;0.0;34.0;11.2;0.0;16.79;6.0;25.0
2355;2.22;2.2;22.4;24.7;25.0;59.0;14.4;715.2;0.0;36.0;10.6;0.0;16.45;5.3;354.0
2356;2.25;;19.1;21.4;26.0;70.0;14.6;714.6;0.0;38.0;7.5;0.001;15.88;3.4;350.0
2357;2.28;;18.4;20.7;24.0;68.0;14.89;714.4;0.0;39.0;7.4;0.001;15.41;3.0;10.0
2358;2.33;2.7;29.3;32.2;14.0;67.0;17.63;714.4;0.0;41.0;7.5;0.001;15.16;2.8;329.0
2359;2.4;3.4;29.5;33.1;14.0;76.0;19.74;714.3;0.0;44.0;6.2;0.015;14.91;2.2;317.0
2360;2.69;13.3;35.5;49.0;14.0;80.0;24.28;714.2;0.0;39.0;7.3;0.131;17.06;3.1;32.0
2361;2.87;29.9;41.7;71.9;;91.0;31.47;714.0;0.0;35.0;8.6;0.299;18.58;4.9;30.0
2362;2.92;30.2;46.7;77.1;19.0;112.0;42.95;714.0;0.0;32.0;9.7;0.477;20.12;5.0;31.0
2363;3.16;21.4;49.6;71.2;33.0;132.0;67.29;713.9;0.0;31.0;11.3;0.497;21.65;6.4;2.0
2364;2.83;13.6;44.9;58.7;50.0;149.0;78.85;713.3;0.0;28.0;16.9;0.694;22.96;8.8;63.0
2365;2.57;5.9;24.1;30.2;67.0;148.0;47.65;712.5;0.0;27.0;9.0;0.815;24.38;10.1;49.0
2366;2.43;3.4;10.6;14.3;64.0;121.0;51.56;711.4;0.0;26.0;5.7;0.802;26.74;12.7;70.0
2367;2.42;2.7;7.5;10.4;62.0;105.0;62.99;710.5;0.0;25.0;5.4;0.684;28.15;11.8;102.0
2368;2.4;2.5;6.4;9.1;61.0;91.0;68.89;709.7;0.0;25.0;5.1;0.546;28.27;15.5;128.0
2369;2.37;2.4;6.1;8.7;59.0;106.0;48.61;709.2;0.0;26.0;5.0;0.342;27.92;16.0;122.0
2370;2.42;2.3;7.1;9.6;58.0;91.0;59.0;708.7;0.0;30.0;5.3;0.113;26.81;18.7;118.0
2371;2.42;2.2;8.2;10.6;53.0;111.0;47.83;708.5;0.0;33.0;5.5;0.022;25.86;15.6;109.0
2372;2.39;2.1;7.0;9.3;50.0;90.0;41.1;708.7;0.0;34.0;5.2;0.001;25.32;13.3;111.0
2373;2.4;2.2;8.6;10.9;47.0;81.0;42.5;710.0;0.0;34.0;5.1;0.001;24.99;7.7;27.0
2374;2.51;2.3;10.2;12.7;42.0;73.0;56.23;710.4;0.0;44.0;4.8;0.001;23.49;6.7;274.0
2375;2.55;2.2;13.7;16.1;35.0;78.0;60.63;709.9;0.0;42.0;5.1;0.001;23.79;6.8;176.0
2376;2.5;2.2;11.4;13.7;36.0;80.0;55.09;709.1;0.0;40.0;5.0;0.001;23.97;6.0;159.0
2377;2.53;;17.0;19.4;27.0;74.0;51.96;708.6;0.0;40.0;5.2;0.001;23.73;6.5;333.0
2378;2.49;2.4;21.9;24.4;18.0;73.0;31.71;708.5;0.0;44.0;5.6;0.0;21.87;6.1;36.0
2379;2.49;2.3;15.8;18.2;19.0;78.0;33.28;707.9;0.0;53.0;5.5;0.001;20.37;2.5;341.0
2380;2.51;2.4;23.2;25.7;12.0;65.0;37.94;707.6;0.0;58.0;5.0;0.001;20.07;4.4;
2381;2.51;2.3;19.3;21.7;15.0;74.0;28.96;707.6;0.0;63.0;4.9;0.001;19.43;3.3;14.0
2382;2.53;3.1;23.2;26.5;9.0;64.0;28.54;707.5;0.0;66.0;5.0;0.001;18.74;2.5;30.0
2383;2.59;5.8;23.3;29.3;6.0;71.0;32.88;707.5;0.0;67.0;4.9;0.018;18.52;2.0;270.0
2384;2.79;15.4;28.0;43.6;9.0;73.0;38.42;707.6;0.0;55.0;6.1;0.14;21.77;2.6;63.0
2385;2.95;19.6;34.7;54.4;18.0;83.0;44.99;707.6;0.0;43.0;9.2;0.342;24.69;4.0;86.0
2386;3.09;15.7;40.1;56.0;34.0;106.0;44.61;707.6;0.0;37.0;9.1;0.545;27.49;5.1;76.0
2387;2.93;15.9;44.3;60.5;42.0;;;;;;;0.0;;;
2388;2.88;8.7;38.4;47.3;66.0;104.0;47.87;706.9;0.0;26.0;17.9;0.796;31.31;8.4;86.0
2389;2.58;3.2;16.1;19.4;94.0;97.0;36.61;706.0;0.0;20.0;9.0;0.857;33.38;9.8;77.0
2390;2.45;2.8;11.3;14.3;92.0;70.0;30.22;705.2;0.0;16.0;7.3;0.889;35.46;10.1;86.0
2391;2.37;2.4;8.2;10.9;86.0;60.0;27.56;704.6;0.0;14.0;6.8;0.646;35.59;13.3;113.0
2392;2.37;2.4;7.9;10.5;78.0;59.0;33.91;704.1;0.0;15.0;9.2;0.336;34.86;13.5;127.0
2393;2.37;;8.0;10.5;75.0;58.0;35.63;703.8;0.0;16.0;9.4;0.271;34.54;12.0;127.0
2394;2.38;2.3;8.3;10.8;67.0;64.0;34.91;703.8;0.0;18.0;7.4;0.071;33.29;11.1;127.0
2395;2.27;2.2;5.8;8.1;50.0;62.0;24.35;704.1;0.0;18.0;5.3;0.03;32.65;11.6;168.0
2396;2.29;2.2;6.8;9.2;43.0;79.0;19.82;704.4;0.0;22.0;5.0;0.001;31.2;9.1;188.0
2397;2.39;;4.6;6.9;45.0;40.0;28.29;704.8;0.0;34.0;5.4;0.001;29.33;13.2;139.0
2398;2.38;;3.6;6.0;46.0;64.0;25.86;705.2;0.0;35.0;5.4;0.001;28.78;14.7;144.0
2399;2.47;3.2;15.1;18.4;29.0;75.0;27.71;705.7;0.0;40.0;5.2;0.0;27.79;7.2;52.0
2400;2.59;3.0;22.9;26.0;12.0;72.0;28.53;706.0;0.0;58.0;5.2;0.0;24.68;8.2;28.0
2401;2.55;2.7;25.2;28.1;10.0;83.0;29.06;706.2;0.0;67.0;5.9;0.0;22.53;6.4;22.0
2402;2.52;2.3;19.2;21.7;15.0;78.0;29.8;706.0;0.0;69.0;7.0;0.001;21.55;4.6;58.0
2403;2.56;2.9;25.1;28.2;9.0;79.0;34.31;705.8;0.0;70.0;8.8;0.0;21.29;4.7;15.0
2404;2.66;2.4;20.3;22.9;12.0;93.0;33.94;705.7;0.0;72.0;8.0;0.001;20.77;3.6;60.0
2405;2.63;2.9;18.5;21.6;11.0;89.0;38.1;705.8;0.0;74.0;7.0;0.001;20.22;2.8;189.0
2406;2.71;6.0;26.4;32.6;3.0;74.0;36.27;706.1;0.0;75.0;6.4;0.001;20.08;2.7;237.0
2407;2.97;29.7;28.1;58.0;2.0;83.0;38.26;706.5;0.0;69.0;7.0;0.013;20.84;2.8;234.0
2408;3.2;43.2;31.2;74.7;4.0;112.0;43.65;706.9;0.0;54.0;10.5;0.07;22.9;4.1;189.0
2409;3.02;38.5;25.6;64.4;11.0;147.0;27.94;707.1;0.0;29.0;11.9;0.248;27.8;7.1;263.0
2410;2.19;4.4;5.3;10.0;23.0;120.0;5.3;707.1;0.0;17.0;5.1;0.514;31.69;15.5;289.0
2411;2.21;4.7;6.0;11.0;25.0;;5.34;707.1;0.0;15.0;4.6;0.551;32.5;12.8;285.0
2412;2.21;4.1;5.6;10.0;30.0;46.0;5.62;706.8;0.0;13.0;4.5;0.89;33.78;15.2;300.0
2413;2.17;3.7;5.6;9.5;38.0;51.0;6.34;706.5;0.0;10.0;4.1;0.841;34.32;16.9;310.0
2414;2.17;3.6;6.0;9.9;43.0;56.0;6.24;705.9;0.0;7.0;4.1;0.818;35.12;16.4;313.0
2415;2.17;3.4;5.5;9.2;46.0;50.0;5.64;705.4;0.0;5.0;;0.699;35.39;15.8;313.0
2416;2.19;3.8;6.6;10.6;45.0;;5.6;705.1;0.0;5.0;4.0;0.688;35.94;14.3;306.0
2417;2.14;2.9;5.7;8.8;44.0;;5.38;705.0;0.0;5.0;4.1;0.429;35.92;12.5;297.0
2418;2.15;2.8;7.0;10.0;44.0;;5.42;705.1;0.0;5.0;4.0;0.128;35.1;11.8;295.0
2419;2.15;2.3;9.7;12.2;42.0;;5.87;705.5;0.0;4.0;4.1;0.024;33.98;7.6;316.0
2420;2.29;2.4;13.9;16.6;35.0;;11.66;705.9;0.0;13.0;5.2;0.001;32.63;7.9;60.0
2421;2.44;2.3;14.6;17.1;29.0;;17.55;706.6;0.0;26.0;6.7;0.0;31.29;9.8;92.0
2422;2.36;2.3;10.9;13.3;33.0;;18.57;707.5;0.0;28.0;7.2;0.0;30.72;6.4;96.0
2423;2.43;;13.8;16.3;29.0;;20.28;707.8;0.0;32.0;10.8;0.001;29.63;5.7;72.0
2424;2.49;2.2;14.0;16.4;28.0;;23.54;707.8;0.0;37.0;12.1;0.0;28.64;7.0;69.0
2425;2.5;2.2;11.0;13.4;26.0;;22.66;707.5;0.0;43.0;8.3;0.0;27.05;4.0;102.0
2426;2.41;;8.2;10.6;29.0;;24.59;707.1;0.0;38.0;8.1;0.001;26.74;3.5;108.0
2427;2.43;2.3;11.4;13.8;25.0;;26.11;706.9;0.0;41.0;7.3;0.001;26.51;5.6;70.0
2428;2.52;2.4;8.5;11.1;20.0;;29.91;706.6;0.0;61.0;5.7;0.001;23.39;5.3;357.0
2429;2.6;4.2;19.8;24.1;10.0;;31.14;706.5;0.0;67.0;5.0;0.001;23.19;5.3;35.0
2430;2.58;4.4;18.2;22.7;8.0;;28.83;707.0;0.0;75.0;4.7;0.001;21.85;4.9;57.0
2431;2.75;25.0;26.2;51.2;2.0;;35.66;707.2;0.0;79.0;4.6;0.02;21.48;3.4;28.0
2432;3.0;30.1;30.6;60.9;5.0;;37.87;707.6;0.0;73.0;4.7;0.156;23.27;3.7;357.0
2433;3.25;22.9;37.0;60.2;8.0;;38.34;708.1;0.0;69.0;4.9;0.171;23.98;4.3;349.0
2434;3.52;26.2;47.3;73.7;13.0;;51.13;707.9;0.0;68.0;4.9;0.394;24.73;6.4;44.0
2435;3.41;27.5;60.9;88.5;29.0;;69.55;707.5;0.0;53.0;7.7;0.7;28.02;5.6;54.0
2436;2.96;8.4;35.2;43.8;69.0;178.0;65.69;706.9;0.0;35.0;15.4;0.859;30.23;8.5;66.0
2437;2.63;3.3;16.3;19.8;86.0;121.0;39.18;706.1;0.0;25.0;9.5;0.776;32.52;9.7;75.0
2438;2.39;3.1;11.8;15.1;60.0;77.0;20.33;705.5;0.0;21.0;7.0;0.39;32.9;10.7;78.0
2439;2.45;3.2;12.0;15.3;58.0;52.0;25.98;704.7;0.0;24.0;9.7;0.423;32.65;12.0;90.0
2440;2.47;3.2;11.0;14.4;50.0;72.0;35.86;704.1;0.0;25.0;8.2;0.389;33.14;10.1;127.0
2441;2.47;3.4;11.4;15.0;41.0;60.0;31.62;703.5;0.0;25.0;5.8;0.103;32.55;8.2;164.0
2442;2.45;5.1;13.2;18.6;33.0;56.0;;703.3;0.0;25.0;5.3;0.1;32.45;6.3;226.0
2443;2.44;2.5;9.8;12.5;38.0;52.0;;703.6;0.0;31.0;5.3;0.036;30.95;8.6;138.0
2444;2.41;2.3;7.3;9.8;38.0;51.0;;704.1;0.0;35.0;5.1;0.001;29.65;12.0;128.0
2445;2.4;2.3;5.7;8.2;40.0;54.0;;704.8;0.0;40.0;5.2;0.0;28.08;12.3;104.0
2446;2.41;;5.0;7.5;39.0;48.0;;705.3;0.0;42.0;5.0;0.001;27.82;11.8;117.0
2447;2.49;;9.0;11.5;32.0;54.0;;705.5;0.0;44.0;4.9;0.0;27.14;6.3;89.0
2448;2.68;4.7;23.4;28.3;12.0;48.0;;705.3;0.0;53.0;5.2;0.0;25.37;5.7;64.0
2449;2.6;2.6;18.8;21.6;13.0;70.0;27.9;705.2;0.0;60.0;5.1;0.0;23.95;4.7;43.0
2450;2.57;5.7;30.2;36.0;2.0;61.0;30.3;705.0;0.0;65.0;5.3;0.001;22.86;2.3;299.0
2451;2.58;3.7;26.8;30.7;4.0;67.0;30.23;704.8;0.0;69.0;5.3;0.001;22.16;2.1;294.0
2452;2.61;4.4;25.1;29.7;3.0;75.0;31.01;704.6;0.0;70.0;5.1;0.001;21.78;2.5;245.0
2453;2.67;6.7;25.8;32.7;2.0;71.0;33.57;704.7;0.0;69.0;5.2;0.001;21.33;2.7;220.0
2454;2.37;7.0;15.2;22.5;24.0;70.0;20.35;704.7;0.0;28.0;5.0;0.001;27.18;10.9;249.0
2455;2.08;4.9;5.5;10.6;41.0;84.0;7.58;705.1;0.0;4.0;4.1;0.025;31.42;15.8;260.0
2456;2.11;3.6;5.5;9.3;41.0;61.0;6.94;705.8;0.0;4.0;4.0;0.18;31.82;14.1;266.0
2457;2.09;3.1;4.8;8.1;43.0;51.0;7.16;706.2;0.0;5.0;4.2;0.415;32.36;17.0;280.0
2458;2.09;3.6;4.9;8.8;44.0;56.0;7.14;706.5;0.0;3.0;4.2;0.639;33.12;17.4;270.0
2459;2.09;4.1;5.4;9.4;44.0;63.0;6.9;706.7;0.0;2.0;;0.82;33.97;15.6;274.0
2460;2.07;3.5;5.0;8.7;43.0;65.0;5.96;706.8;0.0;1.0;;0.949;34.56;19.6;302.0
2461;2.08;3.7;5.7;9.7;43.0;56.0;5.26;706.5;0.0;1.0;;1.011;35.37;18.0;308.0
2462;2.07;3.7;5.3;9.2;43.0;50.0;4.63;705.9;0.0;1.0;4.0;1.01;35.88;18.1;306.0
2463;2.07;;5.9;9.8;44.0;40.0;4.32;705.3;0.0;1.0;4.3;0.928;36.68;17.0;306.0
2464;2.13;4.2;6.9;11.3;42.0;32.0;4.43;704.9;0.0;1.0;4.1;0.771;36.97;16.0;315.0
2465;2.1;4.0;7.3;11.6;40.0;38.0;4.15;704.8;0.0;1.0;4.1;0.549;37.45;11.7;328.0
2466;2.08;4.2;7.4;11.9;40.0;34.0;3.96;705.0;0.0;1.0;;0.142;37.15;10.8;2.0
2467;2.15;3.1;16.5;19.8;32.0;27.0;5.63;705.5;0.0;;4.9;0.023;36.3;7.9;34.0
2468;2.32;4.9;32.8;37.9;14.0;33.0;10.1;706.2;0.0;;5.1;0.001;33.49;6.4;73.0
2469;2.24;2.3;11.0;13.5;35.0;48.0;12.13;707.5;0.0;11.0;4.4;0.0;32.24;13.1;94.0
2470;2.24;2.2;10.4;12.8;37.0;52.0;13.92;708.4;0.0;15.0;4.6;0.001;31.2;8.5;117.0
2471;;;;;;;;;;;;0.0;;;
2472;2.32;2.2;10.5;12.8;35.0;45.0;16.07;708.9;0.0;20.0;5.0;0.001;29.58;10.3;101.0
2473;2.31;2.2;7.2;9.7;36.0;49.0;18.33;708.8;0.0;26.0;7.2;0.001;28.79;8.2;84.0
2474;2.39;2.3;8.5;10.9;29.0;53.0;23.15;708.6;0.0;37.0;8.3;0.0;27.39;8.4;57.0
2475;2.45;2.3;10.0;12.4;25.0;65.0;25.63;708.3;0.0;46.0;8.8;0.0;26.05;7.6;37.0
2476;2.45;2.3;8.3;10.8;26.0;71.0;23.42;708.5;0.0;54.0;6.8;0.0;25.24;8.0;41.0
2477;2.43;2.3;5.2;7.8;31.0;58.0;22.95;708.7;0.0;55.0;5.9;0.001;25.13;10.9;58.0
2478;2.45;2.3;7.7;10.3;29.0;61.0;22.95;709.1;0.0;54.0;6.0;0.001;25.06;10.5;78.0
2479;2.47;2.4;7.1;9.7;31.0;56.0;24.36;709.7;0.0;57.0;6.1;0.009;24.66;13.0;81.0
2480;2.5;2.9;9.6;12.8;28.0;60.0;25.94;710.3;0.0;54.0;6.9;0.101;24.85;10.6;85.0
2481;2.48;3.2;8.3;11.7;33.0;60.0;23.62;710.4;0.0;53.0;8.5;0.194;25.29;11.0;95.0
2482;2.49;3.3;8.2;11.7;37.0;56.0;24.76;710.6;0.0;55.0;9.2;0.267;25.24;16.5;69.0
2483;2.5;3.1;7.8;11.1;36.0;71.0;28.87;710.7;0.0;57.0;9.3;0.239;25.21;16.8;72.0
2484;;;;;;;;;;;;0.0;;;
2485;2.52;3.3;7.3;10.8;38.0;64.0;30.6;709.9;0.0;55.0;6.9;0.437;26.29;15.7;71.0
2486;2.5;3.2;6.5;9.9;39.0;60.0;33.26;709.3;0.0;51.0;7.6;0.449;27.33;15.6;74.0
2487;2.5;2.8;6.8;9.8;38.0;69.0;30.53;708.9;0.0;51.0;7.2;0.181;27.16;14.1;81.0
2488;2.5;2.6;6.9;9.8;37.0;64.0;26.95;708.5;0.0;50.0;7.1;0.065;26.94;14.6;86.0
2489;2.5;2.4;8.0;10.7;35.0;58.0;25.15;708.3;0.0;52.0;7.1;0.019;26.64;9.9;121.0
2490;2.48;2.4;7.4;10.0;34.0;53.0;25.02;708.3;0.0;54.0;6.2;0.036;26.06;8.9;138.0
2491;2.46;2.3;5.7;8.2;36.0;53.0;24.26;708.4;0.0;53.0;5.8;0.013;26.33;10.6;133.0
2492;2.49;2.3;7.2;9.7;33.0;58.0;24.67;708.6;0.0;52.0;5.2;0.001;26.31;8.8;122.0
2493;2.52;;7.3;9.8;27.0;52.0;25.35;709.3;0.0;65.0;4.6;0.001;25.0;15.6;68.0
2494;2.54;2.4;7.1;9.7;14.0;61.0;24.85;710.0;0.0;79.0;4.2;0.001;22.86;13.2;69.0
2495;2.48;2.4;3.9;6.5;15.0;51.0;19.2;710.1;0.0;79.0;4.0;0.001;22.33;13.0;74.0
2496;2.47;2.3;3.3;5.8;17.0;34.0;20.03;709.9;0.0;79.0;4.1;0.001;21.87;10.8;80.0
2497;2.46;2.3;2.8;5.3;17.0;41.0;18.79;709.6;0.0;83.0;4.1;0.001;21.1;10.0;76.0
2498;2.46;;3.1;5.6;15.0;32.0;16.32;709.1;0.0;83.0;;0.001;21.14;8.1;81.0
2499;2.45;;3.4;5.9;14.0;35.0;15.61;708.6;0.0;83.0;;0.001;21.12;7.6;52.0
2500;2.44;;3.3;5.8;15.0;31.0;22.32;708.3;0.0;83.0;;0.001;21.22;5.5;62.0
2501;2.45;;3.8;6.3;14.0;47.0;23.69;708.4;0.0;82.0;4.0;0.001;21.3;8.0;72.0
2502;2.5;2.5;7.4;10.2;11.0;49.0;26.71;708.7;0.0;82.0;4.0;0.001;21.18;7.9;55.0
2503;2.54;2.9;9.8;12.9;9.0;56.0;25.97;709.1;0.0;85.0;;0.007;20.8;8.7;62.0
2504;2.57;4.0;10.5;14.8;9.0;52.0;27.11;709.5;0.0;85.0;3.9;0.05;20.92;7.5;63.0
2505;2.58;5.3;9.9;15.4;11.0;56.0;26.68;709.7;0.0;83.0;4.0;0.13;21.48;8.4;58.0
2506;2.6;5.6;10.3;16.1;13.0;56.0;29.81;709.9;0.0;78.0;4.0;0.168;22.37;6.5;57.0
2507;2.62;13.4;16.6;30.3;12.0;65.0;39.58;709.9;0.0;73.0;4.1;0.339;23.46;7.3;58.0
2508;2.64;11.3;18.0;29.5;26.0;72.0;45.08;709.6;0.0;63.0;4.2;0.716;25.74;7.5;65.0
2509;2.64;6.7;18.7;25.6;45.0;76.0;51.53;709.1;0.0;56.0;4.7;0.834;26.94;8.8;50.0
2510;2.63;3.3;12.0;15.5;73.0;84.0;50.43;708.5;0.0;51.0;5.8;0.851;28.25;8.4;65.0
2511;2.6;2.9;10.7;13.7;77.0;84.0;45.19;707.9;0.0;48.0;5.6;0.665;29.07;9.1;50.0
2512;2.55;3.0;9.2;12.4;57.0;69.0;34.66;707.3;0.0;47.0;5.0;0.511;29.68;10.2;43.0
2513;2.53;3.2;8.8;12.2;48.0;58.0;;706.9;0.0;43.0;5.0;0.422;30.77;10.1;58.0
2514;2.52;2.5;5.7;8.4;45.0;57.0;;706.9;0.0;43.0;4.7;0.163;30.86;10.7;93.0
2515;2.53;2.3;5.2;7.6;42.0;52.0;;707.1;0.0;45.0;4.6;0.038;30.1;11.4;102.0
2516;2.57;2.2;8.5;10.9;31.0;57.0;;707.4;0.0;48.0;4.6;0.001;29.27;9.7;88.0
2517;2.58;2.3;8.7;11.2;26.0;60.0;;708.0;0.0;51.0;4.4;0.001;28.59;9.0;88.0
2518;2.56;2.3;7.5;10.0;26.0;55.0;;708.6;0.0;53.0;4.4;0.001;28.25;9.4;75.0
2519;2.55;;7.3;9.8;15.0;55.0;;708.7;0.0;63.0;4.2;0.0;26.22;12.1;65.0
2520;2.55;;6.3;8.7;14.0;67.0;;708.7;0.0;67.0;4.1;0.0;25.2;7.3;59.0
2521;2.52;;6.2;8.7;14.0;55.0;24.99;708.6;0.0;69.0;4.2;0.0;24.38;8.3;49.0
2522;2.53;;7.8;10.3;12.0;48.0;25.68;708.2;0.0;72.0;4.1;0.0;23.72;4.7;30.0
2523;2.5;;6.4;8.9;13.0;57.0;26.79;708.1;0.0;75.0;4.1;0.0;22.74;5.8;55.0
2524;2.51;2.8;9.1;12.1;9.0;60.0;30.92;708.0;0.0;78.0;4.2;0.001;22.03;3.6;75.0
2525;2.51;2.3;8.3;10.8;8.0;46.0;32.19;708.1;0.0;80.0;4.1;0.001;21.73;2.4;330.0
2526;2.59;5.8;15.3;21.4;2.0;52.0;33.55;708.6;0.0;80.0;4.1;0.001;21.65;2.0;229.0
2527;2.72;15.5;16.6;32.3;2.0;67.0;36.17;708.9;0.0;80.0;4.2;0.02;21.79;2.7;340.0
2528;3.03;31.0;21.8;52.9;4.0;75.0;41.72;709.2;0.0;76.0;4.3;0.143;23.32;2.7;9.0
2529;3.07;13.2;19.0;32.5;14.0;100.0;43.84;709.2;0.0;68.0;4.2;0.351;25.26;3.7;
2530;3.01;10.1;22.6;32.9;28.0;92.0;45.44;709.4;0.0;59.0;4.2;0.546;27.58;5.6;46.0
2531;3.31;13.6;38.1;52.0;37.0;93.0;56.61;709.6;0.0;57.0;4.3;0.705;28.39;9.4;55.0
2532;2.8;7.2;27.4;34.9;54.0;137.0;49.3;709.5;0.0;52.0;4.6;0.833;29.49;10.2;45.0
2533;2.68;3.2;13.7;17.1;75.0;100.0;42.37;709.0;0.0;50.0;5.0;0.822;30.42;11.1;72.0
2534;2.62;2.6;8.7;11.5;74.0;82.0;40.7;708.4;0.0;45.0;5.2;0.695;31.5;9.3;58.0
2535;2.62;2.5;8.7;11.4;81.0;74.0;43.84;707.8;0.0;40.0;5.5;0.792;33.1;10.6;65.0
2536;2.59;2.5;9.2;11.9;79.0;74.0;48.51;707.3;0.0;38.0;9.3;0.511;33.35;13.7;62.0
2537;2.54;;6.6;9.3;62.0;87.0;45.21;707.0;0.0;34.0;11.4;0.433;33.86;15.2;65.0
2538;2.56;2.4;6.6;9.2;53.0;67.0;48.14;707.0;0.0;36.0;9.4;0.136;33.48;13.0;85.0
2539;2.61;2.3;7.9;10.4;40.0;78.0;45.26;707.3;0.0;40.0;7.0;0.034;32.43;13.3;81.0
2540;2.58;2.2;7.7;10.0;33.0;68.0;40.78;707.9;0.0;42.0;8.7;0.001;31.33;12.2;88.0
2541;2.55;2.2;6.2;8.6;34.0;65.0;38.28;708.4;0.0;43.0;7.5;0.0;30.74;14.4;82.0
2542;2.58;;6.4;8.8;29.0;58.0;36.67;708.9;0.0;48.0;6.2;0.0;29.89;12.2;83.0
2543;2.53;;5.0;7.4;18.0;61.0;27.28;709.2;0.0;58.0;4.9;0.0;27.71;12.6;66.0
2544;2.51;;5.0;7.5;17.0;62.0;24.78;709.0;0.0;61.0;4.6;0.0;26.76;10.6;65.0
2545;2.5;;3.8;6.2;18.0;51.0;24.26;708.6;0.0;63.0;4.5;0.001;26.29;7.4;78.0
2546;2.53;2.4;5.9;8.5;14.0;51.0;22.31;708.3;0.0;67.0;4.4;0.0;24.84;9.4;40.0
2547;2.51;3.3;7.8;11.3;11.0;50.0;21.32;708.2;0.0;71.0;4.4;0.0;23.64;6.0;39.0
2548;2.49;5.0;12.6;17.8;7.0;57.0;22.99;707.9;0.0;74.0;;0.001;23.06;4.3;51.0
2549;2.51;3.4;15.5;19.0;4.0;43.0;22.99;707.7;0.0;75.0;;0.001;22.9;2.6;316.0
2550;2.59;10.6;18.1;28.9;2.0;58.0;25.07;708.0;0.0;74.0;4.5;0.001;23.12;3.8;36.0
2551;2.67;13.2;16.2;29.7;2.0;72.0;26.78;708.5;0.0;75.0;4.6;0.022;22.87;5.3;51.0
2552;2.74;13.7;16.2;30.2;6.0;74.0;27.14;709.2;0.0;75.0;4.4;0.131;23.44;3.8;41.0
2553;2.93;13.6;17.9;31.8;12.0;59.0;29.27;709.3;0.0;68.0;4.6;0.337;25.44;4.3;42.0
2554;2.96;17.0;26.3;43.5;18.0;81.0;37.4;709.4;0.0;64.0;4.6;0.531;26.66;6.9;48.0
2555;2.92;10.3;23.8;34.3;32.0;90.0;38.21;709.2;0.0;59.0;5.2;0.706;28.13;7.3;42.0
2556;2.81;7.5;22.5;30.2;47.0;91.0;39.54;709.0;0.0;54.0;6.1;0.829;29.4;9.2;57.0
2557;2.83;4.3;16.8;21.3;65.0;84.0;39.26;708.6;0.0;50.0;7.1;0.883;30.48;9.4;47.0
2558;2.66;4.8;16.5;21.5;57.0;80.0;38.83;708.3;0.0;47.0;7.9;0.882;31.52;9.7;57.0
2559;2.6;4.0;12.9;17.1;59.0;71.0;40.89;707.8;0.0;41.0;9.0;0.723;32.76;9.7;44.0
2560;2.58;2.5;6.1;8.9;62.0;75.0;41.47;707.3;0.0;38.0;7.8;0.639;33.54;10.1;34.0
2561;2.55;2.3;5.3;7.8;63.0;71.0;40.78;706.9;0.0;36.0;8.2;0.429;34.14;9.6;55.0
2562;2.56;2.3;6.5;9.0;55.0;67.0;39.59;707.1;0.0;36.0;7.6;0.142;33.83;12.0;63.0
2563;2.61;;7.1;9.6;40.0;71.0;38.59;707.5;0.0;40.0;7.1;0.053;32.73;14.9;76.0
2564;2.55;;9.0;11.5;32.0;71.0;33.83;708.7;0.0;42.0;6.0;0.001;30.31;14.7;50.0
2565;2.52;2.2;16.7;19.1;27.0;91.0;22.25;709.9;0.0;42.0;6.0;0.001;27.55;4.3;298.0
2566;2.55;2.2;14.1;16.4;27.0;58.0;25.19;710.3;0.0;46.0;5.8;0.001;27.57;6.8;96.0
2567;2.54;;5.9;8.3;32.0;67.0;27.87;710.5;0.0;53.0;5.3;0.0;27.12;5.8;76.0
2568;2.56;2.3;9.7;12.2;25.0;80.0;25.42;710.8;0.0;53.0;4.9;0.001;27.22;4.4;39.0
2569;2.6;2.2;7.8;10.1;24.0;63.0;27.84;710.8;0.0;56.0;4.9;0.0;26.9;3.9;31.0
2570;2.53;2.2;6.4;8.8;21.0;59.0;23.01;710.6;0.0;57.0;4.8;0.001;26.43;7.2;82.0
2571;2.49;;4.9;7.2;20.0;61.0;18.71;710.3;0.0;58.0;4.8;0.0;25.88;5.4;69.0
2572;2.54;2.9;12.8;15.8;13.0;48.0;20.71;710.3;0.0;60.0;5.0;0.0;25.41;4.9;30.0
2573;2.57;4.4;20.6;25.2;4.0;62.0;22.71;710.6;0.0;62.0;5.0;0.001;24.89;3.7;38.0
2574;2.61;5.8;19.0;25.0;4.0;61.0;20.4;711.2;0.0;62.0;8.2;0.001;24.87;5.8;81.0
2575;2.71;12.6;20.6;33.5;3.0;66.0;21.54;711.8;0.0;62.0;18.2;0.013;24.95;4.7;52.0
2576;3.04;41.1;25.3;66.7;4.0;72.0;27.93;712.4;0.0;61.0;15.4;0.124;25.79;5.0;26.0
2577;2.9;21.1;24.6;45.9;8.0;87.0;25.27;712.8;0.0;57.0;12.3;0.208;26.8;9.4;59.0
2578;2.73;8.3;15.7;24.2;18.0;81.0;24.41;713.2;0.0;56.0;8.7;0.15;26.33;12.2;71.0
2579;2.54;3.6;7.9;11.7;29.0;76.0;20.47;713.5;0.0;49.0;8.0;0.204;27.02;12.6;78.0
2580;2.56;4.0;7.4;11.6;31.0;54.0;22.03;713.4;0.0;50.0;6.9;0.647;27.66;14.1;87.0
2581;2.53;3.5;6.0;9.8;33.0;58.0;23.78;713.0;0.0;48.0;6.8;0.764;28.5;14.6;100.0
2582;2.54;3.8;6.4;10.5;28.0;56.0;20.36;712.7;0.0;53.0;5.7;0.522;27.62;16.8;92.0
2583;2.53;3.6;5.8;9.6;30.0;55.0;20.05;712.3;0.0;49.0;5.6;0.634;28.5;15.5;98.0
2584;2.57;3.7;7.7;11.6;31.0;59.0;23.59;712.0;0.0;50.0;5.2;0.276;27.99;16.4;81.0
2585;2.55;3.1;6.7;10.0;30.0;55.0;23.13;711.7;0.0;51.0;5.0;0.208;27.73;13.6;113.0
2586;2.55;3.4;6.8;10.5;28.0;50.0;22.66;711.7;0.0;52.0;4.8;0.168;27.58;11.4;135.0
2587;2.54;2.4;6.3;8.9;28.0;50.0;23.36;711.8;0.0;54.0;4.8;0.045;26.89;12.2;127.0
2588;2.55;2.3;6.8;9.3;26.0;48.0;23.29;712.1;0.0;56.0;4.7;0.001;26.35;12.4;106.0
2589;2.52;2.2;6.0;8.3;27.0;55.0;23.84;712.4;0.0;55.0;4.6;0.001;26.29;10.7;117.0
2590;2.52;2.4;4.3;6.9;26.0;50.0;23.86;712.8;0.0;59.0;4.6;0.001;25.32;13.5;100.0
2591;2.54;2.2;3.3;5.7;19.0;51.0;21.01;713.0;0.0;73.0;4.3;0.001;23.43;13.6;92.0
2592;2.54;2.2;2.8;5.2;19.0;46.0;21.41;713.0;0.0;76.0;4.2;0.001;22.81;12.8;78.0
2593;2.53;2.2;2.4;4.8;18.0;45.0;19.55;712.9;0.0;79.0;4.3;0.001;22.16;13.4;74.0
2594;2.51;2.1;2.2;4.6;17.0;44.0;16.0;712.9;0.0;81.0;4.3;0.001;21.69;12.2;69.0
2595;2.5;2.1;2.2;4.5;18.0;33.0;11.13;712.5;0.0;81.0;4.2;0.001;21.53;10.7;70.0
2596;2.5;2.1;2.1;4.5;18.0;25.0;10.43;712.2;0.0;81.0;4.2;0.001;21.38;10.4;67.0
2597;2.51;2.2;3.3;5.7;17.0;30.0;14.9;712.2;0.0;81.0;;0.001;21.37;8.4;62.0
2598;2.55;2.7;7.2;10.1;14.0;35.0;17.69;712.2;0.0;81.0;;0.001;21.36;8.6;69.0
2599;;;;;;;;;;;;;;;
2600;;;;;;;15.7;;;;;;;;
2601;;;;;;;13.67;;;;;;;;
2602;0.61;1.4;1.9;3.4;4.0;11.0;;;0.0;17.0;1.1;0.089;5.85;3.0;104.0
2603;2.33;4.5;5.7;10.5;20.0;43.0;;712.4;0.0;66.0;4.2;0.546;24.03;14.7;113.0
2604;2.24;4.3;5.2;9.7;24.0;41.0;13.14;712.0;0.0;63.0;4.3;0.754;24.54;15.4;117.0
2605;2.13;3.8;4.8;8.8;26.0;40.0;13.32;711.5;0.0;60.0;4.3;0.847;25.16;16.9;110.0
2606;2.04;3.6;4.8;8.6;27.0;41.0;11.6;711.0;0.0;58.0;;0.723;25.83;16.4;115.0
2607;1.99;3.7;5.3;9.2;29.0;44.0;10.78;710.1;0.0;54.0;;0.817;26.81;18.7;111.0
2608;1.93;3.7;5.2;9.1;30.0;44.0;12.59;709.4;0.0;52.0;;0.706;27.24;20.3;118.0
2609;1.89;3.5;5.3;9.0;30.0;40.0;14.44;709.0;0.0;51.0;4.4;0.439;27.4;19.1;119.0
2610;1.89;3.1;6.9;10.2;29.0;40.0;15.76;708.7;0.0;53.0;4.3;0.132;26.67;17.9;119.0
2611;1.86;2.7;7.7;10.6;29.0;41.0;15.9;708.6;0.0;52.0;4.3;0.042;26.44;15.1;111.0
2612;1.85;2.4;8.4;11.0;27.0;41.0;15.78;708.8;0.0;52.0;;0.001;26.31;13.4;91.0
2613;1.8;2.5;5.8;8.5;18.0;41.0;10.44;709.3;0.0;60.0;;0.0;24.57;15.4;65.0
2614;1.74;2.3;4.0;6.5;21.0;;9.81;709.4;0.0;57.0;;0.001;24.6;12.0;94.0
2615;1.75;2.3;4.3;6.8;18.0;38.0;8.47;709.4;0.0;61.0;;0.001;23.76;13.1;69.0
2616;1.74;;3.5;6.0;19.0;35.0;8.64;708.9;0.0;63.0;;0.001;23.12;10.1;76.0
2617;1.75;2.5;6.3;9.0;16.0;34.0;10.18;708.7;0.0;65.0;;0.001;22.86;8.1;56.0
2618;1.78;3.1;9.4;12.7;12.0;33.0;11.62;708.9;0.0;70.0;;0.001;22.01;9.2;11.0
2619;1.82;2.5;8.0;10.7;13.0;38.0;11.49;708.3;0.0;72.0;;0.001;21.55;7.7;50.0
2620;1.76;2.4;5.3;7.9;15.0;44.0;15.5;708.1;0.0;73.0;;0.001;20.96;7.3;40.0
2621;1.85;3.7;11.8;15.7;9.0;48.0;18.63;708.9;0.0;74.0;;0.001;20.89;7.3;32.0
2622;1.85;3.7;13.0;16.9;7.0;53.0;16.65;708.3;0.0;75.0;4.5;0.001;20.52;7.2;74.0
2623;1.97;13.4;16.8;30.5;4.0;53.0;16.64;708.7;0.0;75.0;4.5;0.011;20.43;6.2;38.0
2624;2.09;30.6;18.0;48.9;4.0;57.0;21.45;709.1;0.0;74.0;4.8;0.076;20.86;4.1;47.0
2625;2.17;32.8;18.8;51.9;5.0;68.0;24.44;709.4;0.0;71.0;5.4;0.192;21.89;6.3;39.0
2626;2.08;23.0;17.8;41.0;8.0;80.0;27.72;709.8;0.0;68.0;6.3;0.297;22.42;7.9;47.0
2627;2.06;20.9;20.5;41.7;12.0;78.0;36.11;710.0;0.0;65.0;8.2;0.405;23.42;8.4;46.0
2628;2.07;13.4;24.0;37.7;25.0;86.0;38.69;709.9;0.0;63.0;9.8;0.501;24.14;9.9;24.0
2629;2.03;7.4;23.2;30.8;47.0;94.0;39.7;709.7;0.0;58.0;10.6;0.691;25.58;9.0;45.0
2630;2.01;3.6;16.4;20.2;67.0;89.0;36.21;709.2;0.0;54.0;8.8;0.583;26.86;8.2;50.0
2631;2.02;5.0;22.2;27.4;64.0;83.0;38.14;708.8;0.0;53.0;8.0;0.669;27.55;11.8;22.0
2632;1.98;4.3;20.8;25.3;55.0;92.0;33.3;708.3;0.0;50.0;8.4;0.324;28.23;11.8;46.0
2633;1.89;2.4;10.8;13.4;40.0;79.0;24.08;708.7;0.0;50.0;7.3;0.025;27.84;11.8;97.0
2634;1.96;3.1;12.6;15.9;29.0;58.0;22.9;709.1;0.0;57.0;5.8;0.014;26.48;7.6;140.0
2635;2.02;3.1;15.5;18.8;21.0;65.0;22.04;708.8;0.0;64.0;4.6;0.012;25.33;6.7;80.0
2636;1.91;2.3;13.6;16.0;28.0;53.0;20.8;709.0;0.0;59.0;4.8;0.001;24.49;7.7;102.0
2637;1.93;2.3;14.2;16.6;23.0;45.0;21.46;709.4;0.0;61.0;4.8;0.001;24.09;3.4;63.0
2638;2.02;2.7;20.4;23.3;16.0;55.0;23.72;710.1;0.0;63.0;4.7;0.001;23.8;5.8;23.0
2639;2.02;2.9;19.2;22.2;13.0;57.0;25.83;710.5;0.0;68.0;4.6;0.001;23.49;4.6;91.0
2640;1.78;2.2;5.2;7.5;28.0;55.0;20.59;710.5;0.0;65.0;4.6;0.001;23.35;7.2;93.0
2641;1.78;2.2;4.9;7.3;24.0;44.0;19.82;710.4;0.0;70.0;;0.001;22.55;4.2;93.0
2642;1.77;2.2;4.5;6.9;23.0;42.0;19.57;710.1;0.0;71.0;4.5;0.001;22.06;3.0;121.0
2643;1.81;2.9;9.1;12.2;15.0;46.0;20.6;710.0;0.0;75.0;4.5;0.001;21.72;6.1;44.0
2644;1.82;2.4;9.0;11.6;12.0;50.0;22.87;710.0;0.0;81.0;4.4;0.001;21.21;6.0;77.0
2645;1.79;6.8;12.4;19.5;9.0;64.0;28.33;710.1;0.0;82.0;4.4;0.001;21.06;3.8;40.0
2646;1.87;8.5;19.4;28.1;2.0;78.0;36.67;710.4;0.0;82.0;4.3;0.001;21.17;4.1;12.0
2647;1.95;9.4;18.5;28.1;3.0;83.0;30.48;710.8;0.0;82.0;4.4;0.012;21.35;3.8;39.0
2648;2.09;14.1;19.2;33.5;5.0;81.0;28.48;711.3;0.0;80.0;4.5;0.07;21.7;5.0;7.0
2649;2.18;16.8;20.7;37.8;9.0;85.0;30.06;711.5;0.0;76.0;4.5;0.202;22.54;5.1;22.0
2650;2.19;25.1;24.3;49.6;12.0;83.0;41.92;711.7;0.0;68.0;4.6;0.502;24.25;8.7;45.0
2651;2.1;16.8;23.0;40.0;18.0;97.0;42.13;711.9;0.0;64.0;6.3;0.534;25.05;10.4;44.0
2652;1.98;7.1;15.7;23.1;30.0;98.0;32.75;711.8;0.0;63.0;7.3;0.408;25.29;10.0;54.0
2653;1.91;4.1;10.0;14.3;44.0;71.0;28.43;711.3;0.0;54.0;6.3;0.795;27.56;9.5;40.0
2654;1.86;3.3;6.6;10.1;42.0;64.0;26.97;710.8;0.0;47.0;6.0;0.965;29.52;14.2;92.0
2655;1.91;3.5;7.4;11.1;40.0;61.0;31.85;710.5;0.0;49.0;5.4;0.635;29.42;16.4;75.0
2656;1.91;3.8;7.9;11.9;39.0;73.0;32.41;710.1;0.0;46.0;5.1;0.641;30.24;16.2;76.0
2657;1.92;3.8;8.6;12.6;37.0;65.0;31.74;709.9;0.0;44.0;5.2;0.433;30.61;16.8;75.0
2658;1.92;3.4;9.1;12.7;35.0;75.0;30.63;710.0;0.0;43.0;5.1;0.174;30.52;15.5;78.0
2659;1.92;2.5;9.6;12.3;33.0;73.0;30.74;710.5;0.0;45.0;4.9;0.015;29.73;15.5;83.0
2660;1.89;2.5;7.1;9.8;28.0;69.0;22.57;711.4;0.0;58.0;4.6;0.001;27.35;19.5;69.0
2661;1.87;2.2;5.4;7.8;29.0;73.0;21.82;712.2;0.0;62.0;4.5;0.001;25.97;19.2;76.0
2662;1.88;2.2;5.8;8.2;27.0;66.0;22.6;712.7;0.0;67.0;4.4;0.001;24.94;14.3;79.0
2663;1.89;;4.7;7.0;27.0;48.0;22.14;712.4;0.0;69.0;4.4;0.001;24.55;13.4;81.0
2664;1.87;2.1;4.0;6.3;27.0;54.0;23.1;712.2;0.0;69.0;4.3;0.001;24.49;9.5;77.0
2665;1.85;2.1;4.0;6.2;26.0;54.0;23.54;712.1;0.0;70.0;4.3;0.001;24.31;9.1;84.0
2666;1.86;;3.7;6.0;26.0;51.0;26.05;711.7;0.0;73.0;4.2;0.001;23.62;6.5;52.0
2667;1.85;;3.0;5.3;27.0;53.0;28.81;711.4;0.0;75.0;4.2;0.001;23.01;9.6;63.0
2668;1.84;;2.5;4.8;28.0;69.0;28.62;711.4;0.0;74.0;;0.001;22.96;10.3;115.0
2669;1.85;;3.8;6.1;27.0;51.0;29.41;711.6;0.0;74.0;;0.001;23.01;8.4;111.0
2670;1.97;2.5;10.8;13.5;19.0;60.0;34.51;711.7;0.0;76.0;;0.001;22.85;7.3;55.0
2671;2.07;3.3;13.5;17.1;18.0;75.0;40.95;712.1;0.0;78.0;;0.01;22.52;10.1;53.0
2672;2.14;4.8;15.9;20.9;17.0;74.0;42.82;712.5;0.0;78.0;;0.051;22.21;11.5;51.0
2673;2.17;7.0;15.3;22.5;19.0;79.0;42.64;712.8;0.0;75.0;4.3;0.201;22.68;12.3;55.0
2674;2.12;6.5;12.7;19.4;23.0;81.0;41.14;713.0;0.0;71.0;4.3;0.32;23.47;13.5;66.0
2675;2.08;5.2;11.2;16.7;27.0;76.0;38.67;713.0;0.0;66.0;;0.363;24.36;12.7;61.0
2676;2.01;3.9;8.5;12.7;36.0;65.0;35.37;712.6;0.0;57.0;;0.504;26.25;10.5;59.0
2677;1.92;3.1;6.3;9.7;38.0;63.0;30.84;712.0;0.0;49.0;;0.401;27.51;11.3;103.0
2678;1.91;3.0;6.0;9.2;39.0;52.0;29.91;711.5;0.0;47.0;4.4;0.504;28.21;13.2;118.0
2679;1.9;2.8;5.5;8.6;44.0;56.0;30.26;710.7;0.0;43.0;4.4;0.65;29.84;12.6;120.0
2680;1.93;3.0;6.5;9.7;45.0;52.0;29.55;709.8;0.0;38.0;;0.596;31.17;13.6;115.0
2681;1.9;3.1;6.9;10.2;44.0;56.0;28.39;709.3;0.0;34.0;;0.399;31.66;16.5;119.0
2682;1.91;3.1;8.7;12.1;41.0;70.0;27.09;709.0;0.0;33.0;4.6;0.124;31.42;15.2;120.0
2683;1.86;2.5;7.1;9.8;41.0;59.0;24.97;709.1;0.0;32.0;4.6;0.031;30.59;16.9;124.0
2684;1.86;2.5;7.6;10.4;35.0;63.0;24.31;709.4;0.0;38.0;;0.001;28.91;17.6;103.0
2685;1.87;2.3;5.7;8.2;28.0;63.0;16.99;709.8;0.0;52.0;4.4;0.0;26.03;18.9;67.0
2686;1.87;2.2;6.0;8.4;27.0;69.0;16.33;710.2;0.0;56.0;4.4;0.0;24.88;13.9;68.0
2687;1.85;2.1;4.4;6.7;29.0;56.0;16.65;710.3;0.0;57.0;4.3;0.0;24.58;13.1;81.0
2688;1.87;2.1;4.6;6.9;27.0;47.0;15.22;710.0;0.0;62.0;4.3;0.0;23.3;10.5;57.0
2689;1.86;2.2;5.1;7.4;26.0;53.0;16.09;709.6;0.0;65.0;;0.0;22.78;8.2;63.0
2690;1.86;2.3;4.2;6.6;26.0;47.0;16.19;709.1;0.0;68.0;4.2;0.001;22.23;9.4;54.0
2691;1.84;2.1;3.1;5.4;26.0;46.0;15.91;708.8;0.0;71.0;4.2;0.001;21.79;8.8;57.0
2692;1.85;2.2;4.5;6.9;23.0;44.0;16.78;708.8;0.0;73.0;4.3;0.001;21.48;8.5;56.0
2693;1.88;2.2;5.6;8.0;22.0;48.0;16.66;708.9;0.0;75.0;4.3;0.001;20.9;9.1;45.0
2694;1.91;2.4;10.0;12.5;17.0;48.0;17.24;708.9;0.0;76.0;4.2;0.001;20.55;6.6;40.0
2695;1.96;3.2;14.4;17.8;13.0;51.0;19.0;709.1;0.0;76.0;4.2;0.011;20.47;7.0;42.0
2696;2.05;5.5;16.8;22.5;10.0;56.0;20.29;709.4;0.0;76.0;4.3;0.04;20.52;5.5;41.0
2697;2.15;15.8;20.9;37.0;8.0;54.0;25.59;709.5;0.0;74.0;4.4;0.107;21.07;6.4;30.0
2698;2.16;14.2;22.4;36.9;8.0;71.0;28.43;709.7;0.0;72.0;4.6;0.101;21.55;5.3;360.0
2699;2.15;8.6;16.5;25.3;17.0;75.0;30.01;709.7;0.0;68.0;5.0;0.25;22.57;5.3;338.0
2700;2.22;8.0;16.4;24.7;28.0;73.0;33.24;709.4;0.0;60.0;5.0;0.484;24.36;6.5;7.0
2701;2.14;5.7;14.5;20.5;48.0;72.0;;708.8;0.0;53.0;5.1;0.924;26.31;9.3;34.0
2702;2.05;3.1;8.7;12.0;58.0;71.0;26.64;707.9;0.0;45.0;5.1;0.944;28.73;13.0;58.0
2703;1.91;2.7;5.1;8.0;39.0;65.0;20.32;707.2;0.0;43.0;5.0;0.593;28.8;13.9;124.0
2704;1.98;3.2;7.8;11.2;35.0;53.0;21.13;706.7;0.0;45.0;4.6;0.328;28.43;11.2;114.0
2705;1.95;2.6;6.1;8.9;36.0;51.0;21.62;706.3;0.0;43.0;4.7;0.201;28.8;12.2;108.0
2706;1.96;2.5;6.7;9.4;37.0;52.0;22.44;706.1;0.0;40.0;4.6;0.087;29.07;9.6;106.0
2707;1.95;2.3;6.7;9.2;36.0;45.0;23.01;706.0;0.0;39.0;4.6;0.059;29.21;10.0;116.0
2708;;;;;;;;;;;;0.0;;;
2709;2.1;2.4;14.3;16.9;22.0;55.0;26.23;706.5;0.0;47.0;4.6;0.0;27.61;10.4;60.0
2710;2.05;2.8;11.4;14.4;18.0;65.0;21.64;707.0;0.0;58.0;4.6;0.0;25.74;12.7;55.0
2711;2.02;2.3;8.5;10.9;20.0;65.0;17.1;707.0;0.0;64.0;;0.0;24.32;12.1;69.0
2712;1.99;2.3;7.5;10.0;20.0;59.0;16.54;707.1;0.0;67.0;4.8;0.0;23.58;11.4;49.0
2713;1.97;2.2;4.9;7.2;22.0;53.0;15.52;706.9;0.0;69.0;4.7;0.001;23.19;8.2;68.0
2714;2.02;2.3;9.3;11.7;16.0;45.0;16.04;706.8;0.0;71.0;4.6;0.0;22.52;8.5;36.0
2715;1.97;2.3;5.7;8.1;20.0;49.0;15.31;706.7;0.0;74.0;4.5;0.001;21.8;7.3;41.0
2716;;;;;;;;;;;;0.0;;;
2717;;;;;;;;;;;;0.0;;;
2718;;;;;;;;;;;;0.0;;;
2719;;;;;;;;;;;;0.0;;;
2720;2.14;13.2;18.4;31.8;7.0;55.0;21.34;707.3;0.0;72.0;5.9;0.085;20.91;5.9;57.0
2721;2.13;10.0;17.5;27.9;12.0;62.0;22.63;707.6;0.0;70.0;7.0;0.146;21.57;5.7;49.0
2722;2.19;11.5;18.2;30.0;16.0;71.0;26.46;707.7;0.0;67.0;6.6;0.305;22.67;5.9;75.0
2723;2.19;10.9;17.8;29.0;24.0;68.0;35.25;707.7;0.0;60.0;7.1;0.634;24.34;8.0;52.0
2724;2.17;7.3;17.0;24.5;43.0;74.0;36.4;707.5;0.0;55.0;9.3;0.854;26.07;7.8;56.0
2725;2.1;3.3;10.3;13.8;63.0;69.0;30.21;707.0;0.0;49.0;7.4;0.924;27.91;9.4;47.0
2726;2.09;3.5;8.0;11.7;51.0;64.0;25.3;706.5;0.0;42.0;6.6;0.933;29.84;11.8;31.0
2727;;;;;;;;;;;;0.0;;;
2728;2.12;2.7;6.0;8.9;41.0;60.0;22.0;705.8;0.0;42.0;5.4;0.084;29.12;11.6;115.0
2729;2.12;2.4;6.6;9.3;38.0;50.0;20.84;705.6;0.0;44.0;5.0;0.012;28.31;11.5;108.0
2730;2.19;3.8;11.0;15.0;30.0;51.0;22.94;705.1;0.0;44.0;4.8;0.093;29.36;7.2;68.0
2731;;;;;;;;;;;;0.0;;;
2732;2.11;2.4;18.9;21.5;21.0;47.0;21.43;706.2;0.0;39.0;5.3;0.002;28.97;6.4;77.0
2733;2.1;2.5;13.5;16.2;26.0;57.0;16.97;706.6;0.0;35.0;6.0;0.001;28.17;9.1;82.0
2734;2.05;2.3;8.1;10.5;24.0;51.0;16.6;707.1;0.0;49.0;5.7;0.0;26.9;10.5;71.0
2735;2.05;2.3;6.9;9.4;21.0;47.0;17.84;707.2;0.0;61.0;4.8;0.0;25.42;12.1;50.0
2736;2.04;2.2;6.1;8.5;23.0;49.0;18.27;707.4;0.0;63.0;4.8;0.0;24.76;9.9;53.0
2737;2.03;2.2;8.7;11.1;21.0;52.0;20.9;707.6;0.0;65.0;;0.0;23.82;9.4;36.0
2738;2.07;2.3;11.3;13.7;17.0;50.0;23.86;708.0;0.0;71.0;;0.0;23.09;7.9;9.0
2739;2.12;2.3;10.6;13.1;15.0;55.0;24.69;708.2;0.0;75.0;4.7;0.001;22.81;4.5;54.0
2740;2.06;;5.5;8.0;20.0;64.0;24.28;708.3;0.0;77.0;4.6;0.001;22.58;9.1;69.0
2741;2.05;2.2;5.6;8.0;20.0;57.0;25.92;708.5;0.0;78.0;4.6;0.001;22.24;9.1;64.0
2742;2.09;2.7;9.2;12.1;17.0;56.0;27.28;708.7;0.0;78.0;;0.001;21.96;11.3;68.0
2743;2.21;4.2;13.3;17.6;14.0;57.0;29.44;709.2;0.0;78.0;;0.016;21.83;11.4;60.0
2744;2.22;5.1;13.0;18.3;16.0;54.0;30.13;709.6;0.0;76.0;;0.082;22.21;9.7;54.0
2745;2.32;8.7;14.9;23.8;14.0;59.0;30.39;709.9;0.0;73.0;;0.198;22.84;8.3;52.0
2746;2.37;14.3;19.7;34.3;12.0;67.0;33.76;710.3;0.0;69.0;4.8;0.225;23.68;7.5;14.0
2747;2.33;16.4;22.0;38.6;14.0;82.0;37.24;710.6;0.0;65.0;6.0;0.302;24.4;7.3;16.0
2748;2.15;7.7;14.3;22.2;31.0;79.0;33.39;710.6;0.0;55.0;8.3;0.711;26.61;7.6;73.0
2749;2.19;6.2;17.8;24.2;40.0;67.0;36.69;710.5;0.0;52.0;7.7;0.485;26.98;8.9;29.0
2750;2.15;3.4;15.9;19.5;46.0;72.0;36.98;710.4;0.0;51.0;6.9;0.184;26.69;8.3;17.0
2751;2.18;3.0;16.2;19.4;44.0;78.0;36.14;710.3;0.0;51.0;6.8;0.076;26.75;6.9;86.0
2752;2.18;3.2;12.2;15.6;40.0;67.0;32.08;709.8;0.0;50.0;6.1;0.137;26.94;8.7;117.0
2753;2.13;2.9;10.1;13.2;32.0;61.0;28.5;709.6;0.0;52.0;5.6;0.074;26.35;9.3;104.0
2754;2.19;3.0;12.1;15.4;28.0;60.0;27.64;710.3;0.0;53.0;5.3;0.043;26.18;9.0;121.0
2755;2.16;2.6;13.9;16.6;25.0;56.0;27.63;710.3;0.0;53.0;4.9;0.02;25.9;4.6;164.0
2756;2.24;2.9;18.8;21.8;19.0;59.0;29.74;710.8;0.0;54.0;5.0;0.001;25.76;4.2;141.0
2757;2.17;2.3;16.6;19.1;18.0;82.0;26.31;711.6;0.0;53.0;4.9;0.001;25.87;4.0;172.0
2758;2.09;2.4;9.7;12.3;24.0;56.0;13.83;712.7;0.0;72.0;5.0;0.0;21.89;16.5;33.0
2759;2.0;2.1;5.6;7.9;34.0;69.0;5.97;714.5;0.0;79.0;5.0;0.001;18.65;5.4;146.0
2760;2.0;2.1;5.5;7.8;30.0;28.0;5.88;715.6;0.0;83.0;4.7;0.001;18.31;13.6;87.0
2761;1.94;2.2;3.2;5.6;33.0;24.0;2.57;715.5;0.0;75.0;4.6;0.001;18.83;10.2;84.0
2762;1.92;2.2;4.1;6.4;33.0;19.0;3.43;715.1;0.0;70.0;4.5;0.001;19.17;6.8;47.0
2763;1.92;2.4;4.5;7.1;29.0;23.0;3.75;714.7;0.0;71.0;4.7;0.001;19.06;6.3;121.0
2764;1.91;2.4;3.7;6.3;32.0;22.0;3.71;713.9;0.0;70.0;4.5;0.001;19.01;7.2;130.0
2765;2.05;2.7;14.4;17.2;21.0;24.0;7.08;714.5;0.0;70.0;4.6;0.0;18.93;7.8;40.0
2766;2.12;3.8;24.1;28.1;9.0;33.0;13.96;715.9;0.0;79.0;4.5;0.001;17.82;8.0;24.0
2767;2.2;6.5;24.6;31.3;8.0;43.0;14.94;716.9;0.0;80.0;4.6;0.021;17.78;4.7;66.0
2768;2.36;13.8;26.8;40.7;8.0;56.0;16.32;717.1;0.0;76.0;4.8;0.065;18.72;2.2;5.0
2769;2.16;11.1;15.9;27.2;24.0;65.0;10.06;716.9;0.0;65.0;5.2;0.361;20.47;6.3;114.0
2770;2.02;4.4;7.7;12.3;37.0;42.0;6.32;716.5;0.0;56.0;6.2;0.632;22.36;7.6;73.0
2771;2.18;8.8;16.6;25.6;36.0;29.0;9.9;716.3;0.0;51.0;6.8;0.795;23.83;12.1;59.0
2772;2.14;6.1;13.4;19.8;38.0;44.0;14.31;716.5;0.0;56.0;6.7;0.563;23.31;15.0;34.0
2773;2.11;5.0;12.5;17.7;34.0;53.0;8.31;716.2;0.0;56.0;5.7;0.303;22.94;15.0;28.0
2774;2.12;4.3;12.1;16.6;36.0;45.0;9.06;715.8;0.0;56.0;5.3;0.217;23.05;14.1;39.0
2775;2.17;4.8;14.8;19.8;35.0;40.0;9.5;715.3;0.0;57.0;5.1;0.229;23.05;13.0;26.0
2776;2.17;4.7;13.6;18.5;42.0;46.0;13.61;714.6;0.0;55.0;5.1;0.366;23.86;14.2;51.0
2777;2.22;4.1;17.4;21.7;36.0;51.0;14.07;714.4;0.0;55.0;5.6;0.13;23.71;13.9;41.0
2778;2.29;6.4;24.4;31.0;19.0;54.0;9.93;714.6;0.0;62.0;5.4;0.031;21.9;14.5;25.0
2779;2.55;3.8;19.5;23.5;18.0;66.0;9.45;715.0;0.0;69.0;5.2;0.01;19.99;12.9;
2780;2.34;2.8;18.1;21.0;17.0;53.0;9.45;715.4;0.0;71.0;4.9;0.001;19.33;9.4;3.0
2781;2.24;3.6;24.1;27.8;10.0;44.0;11.23;716.0;0.0;73.0;4.8;0.001;19.18;6.7;6.0
2782;2.17;5.7;19.7;25.6;19.0;47.0;12.08;716.4;0.0;71.0;4.8;0.001;19.89;10.2;66.0
2783;2.07;2.2;6.1;8.4;33.0;45.0;9.16;716.4;0.0;71.0;;0.001;20.03;10.3;85.0
2784;2.05;2.2;3.7;6.0;33.0;32.0;7.85;716.4;0.0;80.0;4.7;0.001;18.61;6.7;83.0
2785;2.05;;3.4;5.8;33.0;24.0;8.04;716.1;0.0;84.0;4.5;0.001;18.11;8.1;72.0
2786;2.06;2.1;3.6;5.9;;27.0;9.9;715.7;0.0;86.0;4.4;0.001;17.7;8.2;58.0
2787;2.07;2.1;4.1;6.4;31.0;28.0;9.09;715.3;0.0;87.0;4.5;0.001;17.63;7.0;47.0
2788;2.07;2.2;3.8;6.2;32.0;29.0;8.66;715.0;0.0;88.0;4.4;0.001;17.42;8.4;55.0
2789;2.08;2.2;5.2;7.6;30.0;25.0;7.42;714.6;0.0;88.0;4.4;0.001;17.39;8.0;64.0
2790;2.12;2.4;9.2;11.8;27.0;25.0;7.42;714.6;0.0;88.0;;0.001;17.29;8.5;62.0
2791;2.29;3.6;16.1;19.9;19.0;30.0;7.19;714.7;0.0;88.0;4.5;0.011;17.39;7.3;62.0
2792;2.37;5.5;18.4;24.1;17.0;27.0;8.23;715.0;0.0;88.0;4.3;0.04;17.65;7.6;45.0
2793;2.38;6.3;17.0;23.5;19.0;31.0;7.43;715.2;0.0;87.0;4.3;0.084;17.81;8.0;54.0
2794;2.4;6.8;16.6;23.6;19.0;33.0;10.74;715.3;0.0;85.0;4.4;0.142;18.4;9.7;50.0
2795;2.3;6.5;13.1;19.7;25.0;35.0;12.04;715.1;0.0;78.0;4.3;0.347;19.99;10.2;58.0
2796;2.26;5.4;11.8;17.4;26.0;43.0;10.65;714.8;0.0;72.0;4.4;0.309;20.68;11.1;80.0
2797;2.2;4.6;8.8;13.6;33.0;40.0;9.21;714.1;0.0;66.0;4.3;0.521;21.92;11.8;97.0
2798;2.13;3.6;6.1;9.9;40.0;36.0;8.29;713.5;0.0;58.0;4.3;0.993;23.86;14.4;112.0
2799;2.11;3.2;6.0;9.4;41.0;37.0;8.05;712.7;0.0;54.0;4.4;0.58;24.75;13.1;119.0
2800;2.13;3.3;7.0;10.5;40.0;34.0;7.34;712.1;0.0;53.0;4.3;0.222;24.55;10.9;130.0
2801;2.16;3.7;7.6;11.5;40.0;31.0;6.18;711.7;0.0;50.0;4.3;0.377;25.28;12.0;126.0
2802;2.17;3.3;9.7;13.2;39.0;27.0;6.07;711.6;0.0;49.0;4.4;0.135;25.55;11.4;117.0
2803;2.22;3.0;11.9;15.1;34.0;37.0;6.13;711.4;0.0;49.0;4.4;0.037;25.22;11.4;116.0
2804;2.19;2.3;10.6;13.1;31.0;32.0;6.97;711.4;0.0;53.0;4.3;0.002;24.53;10.7;89.0
2805;2.15;2.3;7.9;10.4;27.0;32.0;7.02;711.7;0.0;58.0;4.3;0.001;23.68;10.6;91.0
2806;2.11;;6.4;8.9;26.0;27.0;6.19;711.9;0.0;58.0;4.2;0.001;23.24;9.6;102.0
2807;2.11;2.2;6.1;8.5;24.0;28.0;6.38;712.0;0.0;62.0;4.2;0.001;22.39;8.0;81.0
2808;2.12;2.3;7.3;9.7;19.0;27.0;7.38;712.1;0.0;68.0;;0.0;21.28;7.3;41.0
2809;2.1;2.2;5.1;7.5;18.0;31.0;6.5;711.9;0.0;74.0;;0.0;20.45;7.3;42.0
2810;2.08;2.3;4.9;7.4;18.0;30.0;5.56;711.5;0.0;77.0;4.3;0.0;19.59;4.8;30.0
2811;2.09;2.3;7.4;9.9;15.0;31.0;5.81;711.3;0.0;77.0;4.2;0.001;19.25;4.1;7.0
2812;2.12;3.1;13.2;16.5;10.0;30.0;8.25;711.2;0.0;77.0;4.3;0.001;19.23;5.5;39.0
2813;2.1;2.7;8.8;11.7;13.0;35.0;6.9;711.0;0.0;78.0;4.3;0.001;19.09;4.2;62.0
2814;2.2;5.0;14.8;20.0;6.0;32.0;7.59;710.7;0.0;79.0;4.4;0.001;18.85;4.4;53.0
2815;2.41;13.8;17.5;31.6;4.0;38.0;8.75;710.8;0.0;80.0;4.3;0.017;18.93;4.4;26.0
2816;2.62;29.7;19.2;49.0;4.0;44.0;13.38;711.0;0.0;79.0;4.5;0.091;19.57;3.6;44.0
2817;2.55;22.9;19.8;43.0;7.0;62.0;17.57;711.1;0.0;74.0;4.6;0.136;20.3;4.8;8.0
2818;2.48;16.9;20.9;38.1;10.0;66.0;25.34;711.3;0.0;68.0;4.6;0.22;21.4;5.2;55.0
2819;2.47;19.5;21.4;41.1;14.0;68.0;27.99;711.3;0.0;66.0;4.9;0.429;22.07;7.1;21.0
2820;2.39;13.8;18.8;32.8;26.0;76.0;26.32;710.9;0.0;59.0;6.5;0.778;23.8;8.6;40.0
2821;2.25;4.9;9.6;14.7;41.0;70.0;12.71;710.3;0.0;54.0;6.2;0.955;25.32;9.3;45.0
2822;2.22;5.0;10.2;15.4;42.0;41.0;12.18;709.6;0.0;48.0;5.8;0.94;27.01;11.7;42.0
2823;2.21;4.1;8.7;13.1;44.0;49.0;11.52;708.7;0.0;43.0;5.5;0.857;28.62;13.6;65.0
2824;2.15;2.9;5.6;8.7;47.0;42.0;10.44;707.9;0.0;37.0;5.3;0.718;29.99;13.5;113.0
2825;2.18;3.3;6.9;10.4;47.0;31.0;11.7;707.4;0.0;36.0;5.0;0.489;30.46;13.8;124.0
2826;2.19;3.2;7.8;11.3;45.0;40.0;12.66;707.1;0.0;36.0;4.8;0.193;30.49;13.9;124.0
2827;2.18;2.6;7.4;10.2;42.0;42.0;13.4;707.2;0.0;38.0;4.7;0.028;29.22;13.7;127.0
2828;2.23;2.3;10.8;13.3;35.0;37.0;14.67;707.7;0.0;42.0;4.6;0.002;28.04;11.9;104.0
2829;2.24;2.5;8.1;10.8;21.0;50.0;12.42;708.1;0.0;58.0;4.4;0.0;26.08;14.0;66.0
2830;2.25;2.3;8.2;10.8;18.0;50.0;13.63;708.3;0.0;63.0;4.5;0.0;24.69;11.2;59.0
2831;2.24;2.3;8.4;10.9;15.0;43.0;11.2;708.4;0.0;67.0;4.5;0.0;23.49;10.8;53.0
2832;2.22;2.2;7.3;9.7;14.0;45.0;9.8;708.2;0.0;72.0;;0.0;22.42;9.2;47.0
2833;2.21;2.2;6.9;9.3;13.0;43.0;9.28;707.8;0.0;75.0;;0.001;21.71;8.6;52.0
2834;2.18;;5.6;8.0;13.0;33.0;10.15;707.4;0.0;75.0;;0.001;21.52;7.6;61.0
2835;2.19;4.5;10.7;15.4;8.0;39.0;12.15;707.2;0.0;76.0;4.4;0.001;21.03;7.0;40.0
2836;2.21;7.5;14.7;22.4;4.0;41.0;15.5;707.1;0.0;78.0;4.6;0.001;20.71;4.5;26.0
2837;2.26;6.6;16.7;23.5;3.0;47.0;19.86;707.2;0.0;78.0;4.8;0.001;20.69;4.3;28.0
2838;2.3;9.8;17.5;27.6;2.0;60.0;20.74;707.4;0.0;79.0;5.0;0.001;20.76;4.2;33.0
2839;2.5;17.7;17.3;35.2;3.0;63.0;25.84;707.5;0.0;79.0;4.9;0.017;20.77;2.9;54.0
2840;2.63;20.9;18.2;39.3;4.0;75.0;27.52;707.8;0.0;77.0;4.9;0.062;21.33;3.7;56.0
2841;2.73;30.9;20.7;51.7;4.0;83.0;28.15;708.1;0.0;74.0;;0.124;21.78;6.0;59.0
2842;2.73;19.8;21.9;42.0;11.0;87.0;32.22;708.2;0.0;69.0;5.0;0.319;23.02;5.0;15.0
2843;2.85;26.9;28.5;55.5;16.0;92.0;46.14;708.0;0.0;62.0;5.8;0.717;24.56;7.7;47.0
2844;2.78;11.7;26.7;38.6;37.0;117.0;42.33;707.6;0.0;56.0;8.3;0.866;26.07;9.1;67.0
2845;2.65;6.8;23.5;30.5;56.0;104.0;38.26;707.0;0.0;52.0;7.0;0.938;27.55;9.0;55.0
2846;2.54;4.1;20.2;24.5;83.0;89.0;37.73;706.4;0.0;47.0;6.9;0.935;29.13;11.5;46.0
2847;2.36;3.0;12.0;15.2;69.0;91.0;25.92;705.8;0.0;38.0;8.3;0.655;30.96;13.3;78.0
2848;2.4;2.6;14.6;17.4;44.0;70.0;19.64;705.7;0.0;41.0;6.4;0.048;29.09;9.3;99.0
2849;2.38;9.7;22.4;32.3;33.0;55.0;16.38;704.5;0.0;28.0;8.4;0.428;31.4;10.6;62.0
2850;2.36;5.2;16.9;22.3;37.0;64.0;15.74;704.7;0.0;28.0;8.4;0.2;31.71;9.1;63.0
2851;2.41;3.5;21.7;25.4;33.0;53.0;14.03;704.9;0.0;28.0;5.7;0.033;30.85;8.3;64.0
2852;2.53;2.8;28.4;31.3;20.0;49.0;16.17;705.3;0.0;29.0;5.4;0.002;29.11;4.3;76.0
2853;2.43;3.3;23.8;27.3;20.0;58.0;15.0;706.4;0.0;35.0;5.1;0.0;28.31;10.7;57.0
2854;2.32;2.3;10.9;13.4;19.0;61.0;15.1;706.9;0.0;58.0;5.0;0.0;26.03;10.0;61.0
2855;2.33;2.3;10.3;12.8;18.0;53.0;14.88;707.0;0.0;59.0;5.3;0.0;25.43;7.6;55.0
2856;2.38;5.0;14.2;19.4;10.0;49.0;20.98;706.9;0.0;69.0;4.8;0.0;24.0;7.1;39.0
2857;2.34;2.3;9.3;11.9;13.0;47.0;20.77;706.5;0.0;73.0;4.7;0.0;23.02;6.3;29.0
2858;2.34;3.3;11.3;14.8;10.0;48.0;25.45;706.4;0.0;77.0;4.5;0.0;22.16;6.3;21.0
2859;2.4;3.2;16.6;19.9;8.0;59.0;25.85;706.3;0.0;79.0;4.6;0.001;21.51;6.0;7.0
2860;2.34;2.3;14.2;16.6;11.0;62.0;22.54;706.4;0.0;77.0;4.6;0.0;21.07;3.9;56.0
2861;2.38;2.6;16.3;19.0;7.0;58.0;24.84;706.4;0.0;80.0;;0.001;20.76;2.4;80.0
2862;2.49;6.6;21.2;28.0;3.0;59.0;28.17;706.6;0.0;80.0;;0.001;21.15;3.1;69.0
2863;2.67;9.6;19.9;29.8;4.0;72.0;32.94;707.0;0.0;79.0;4.7;0.034;21.33;2.2;239.0
2864;2.46;9.9;14.8;25.0;11.0;73.0;32.56;707.3;0.0;73.0;4.6;0.167;22.33;3.6;323.0
2865;2.66;13.4;17.0;30.7;16.0;63.0;32.35;707.7;0.0;69.0;4.7;0.389;23.14;7.5;25.0
2866;2.61;13.0;19.4;32.7;21.0;84.0;33.66;707.9;0.0;64.0;4.9;0.572;24.63;7.6;37.0
2867;2.53;10.1;19.8;30.2;30.0;99.0;34.52;708.3;0.0;58.0;5.1;0.767;25.97;8.7;63.0
2868;2.47;5.6;14.8;20.6;47.0;94.0;31.92;708.2;0.0;51.0;5.6;0.894;27.53;8.5;50.0
2869;2.49;5.2;16.2;21.6;55.0;91.0;28.89;707.7;0.0;44.0;6.6;0.946;29.38;9.0;41.0
2870;2.43;4.2;14.7;19.1;65.0;79.0;30.12;707.5;0.0;43.0;7.3;0.929;29.99;11.4;58.0
2871;2.32;3.1;8.9;12.2;60.0;76.0;26.0;706.9;0.0;40.0;6.7;0.852;30.87;12.0;68.0
2872;2.31;3.2;8.5;12.0;56.0;65.0;23.48;706.5;0.0;37.0;6.0;0.692;31.82;13.7;55.0
2873;2.33;3.2;10.2;13.7;60.0;60.0;25.71;706.4;0.0;38.0;6.1;0.488;32.05;14.2;54.0
2874;2.33;2.6;8.6;11.4;53.0;68.0;26.39;706.6;0.0;40.0;7.8;0.201;31.43;16.5;70.0
2875;2.35;2.5;9.8;12.5;35.0;69.0;24.24;706.9;0.0;45.0;6.8;0.046;30.2;17.3;70.0
2876;2.33;2.3;8.2;10.6;32.0;64.0;25.85;707.4;0.0;49.0;5.5;0.002;28.92;16.7;71.0
2877;2.35;2.2;7.5;10.0;29.0;60.0;26.55;708.1;0.0;55.0;5.1;0.001;28.04;15.9;68.0
2878;2.25;2.2;4.4;6.8;33.0;59.0;19.05;709.0;0.0;61.0;4.8;0.001;24.94;21.4;107.0
2879;2.19;2.1;4.6;6.9;40.0;83.0;7.92;709.1;0.0;59.0;4.8;0.001;23.14;11.4;86.0
2880;;;;;;;;;;;;;;;
2881;2.27;2.2;6.2;8.6;25.0;23.0;14.11;708.7;0.0;70.0;4.6;0.0;23.25;9.3;39.0
2882;2.32;2.1;6.2;8.5;22.0;36.0;15.64;708.6;0.0;76.0;4.5;0.001;22.62;8.4;52.0
2883;2.26;2.1;4.2;6.5;30.0;44.0;16.77;708.4;0.0;73.0;4.5;0.001;22.48;9.3;51.0
2884;2.25;2.1;4.1;6.4;32.0;36.0;16.02;708.4;0.0;71.0;4.4;0.001;22.4;7.8;79.0
2885;2.24;2.1;3.6;5.9;32.0;35.0;15.66;708.3;0.0;70.0;4.4;0.001;22.38;9.4;73.0
2886;2.28;2.2;7.0;9.3;24.0;34.0;18.68;708.5;0.0;73.0;4.5;0.001;22.43;7.1;59.0
2887;2.36;2.6;10.3;13.1;16.0;40.0;23.99;708.8;0.0;79.0;4.3;0.022;22.13;8.3;42.0
2888;2.37;4.1;11.5;15.8;16.0;53.0;26.06;709.2;0.0;80.0;4.3;0.057;21.96;7.7;51.0
2889;2.42;4.3;10.1;14.6;18.0;57.0;25.07;709.4;0.0;77.0;4.4;0.148;22.61;7.3;59.0
2890;2.38;4.5;8.2;13.0;24.0;57.0;24.77;709.5;0.0;72.0;4.3;0.341;23.74;9.1;57.0
2891;2.4;8.6;11.6;20.4;24.0;51.0;29.96;709.5;0.0;66.0;4.4;0.635;25.14;8.8;41.0
2892;2.38;4.7;8.5;13.4;33.0;62.0;28.97;709.3;0.0;61.0;4.6;0.509;25.86;10.3;57.0
2893;2.33;2.7;5.4;8.3;41.0;57.0;26.59;708.9;0.0;55.0;4.7;0.398;27.0;9.3;66.0
2894;2.31;2.6;4.5;7.3;42.0;51.0;28.2;708.4;0.0;50.0;4.7;0.663;28.68;11.4;94.0
2895;2.34;3.0;5.2;8.5;41.0;52.0;30.14;707.7;0.0;49.0;;0.493;29.54;11.8;76.0
2896;2.35;2.6;5.3;8.2;41.0;61.0;29.82;707.1;0.0;48.0;4.6;0.371;30.32;12.0;99.0
2897;2.36;2.5;6.5;9.2;45.0;56.0;30.67;706.7;0.0;46.0;4.6;0.219;30.56;11.3;89.0
2898;2.37;2.3;5.7;8.2;42.0;60.0;29.23;706.4;0.0;46.0;4.8;0.125;30.83;12.0;117.0
2899;2.36;2.4;5.6;8.2;24.0;57.0;19.58;706.6;0.0;54.0;4.4;0.033;29.15;18.3;72.0
2900;2.36;2.4;5.5;8.0;18.0;59.0;13.2;707.0;0.0;61.0;4.5;0.001;27.16;17.6;73.0
2901;2.37;2.3;5.5;7.9;18.0;58.0;13.65;707.1;0.0;64.0;4.4;0.0;26.19;13.2;78.0
2902;2.34;2.2;4.4;6.8;18.0;67.0;13.21;707.3;0.0;68.0;4.4;0.001;25.21;12.2;67.0
2903;2.35;2.2;5.0;7.3;17.0;45.0;14.81;707.2;0.0;69.0;;0.001;24.93;10.9;58.0
2904;2.32;2.1;3.9;6.2;18.0;46.0;20.29;706.9;0.0;70.0;4.3;0.001;24.57;9.2;58.0
2905;2.31;2.1;3.7;6.0;18.0;48.0;15.26;707.0;0.0;71.0;4.4;0.001;24.3;9.2;37.0
2906;2.32;2.6;8.7;11.5;14.0;42.0;17.3;707.3;0.0;73.0;4.4;0.001;23.68;11.0;29.0
2907;2.32;2.7;8.5;11.3;14.0;38.0;15.66;707.3;0.0;76.0;;0.001;22.75;7.6;30.0
2908;2.3;2.2;4.3;6.7;18.0;50.0;17.93;707.2;0.0;79.0;4.3;0.001;22.26;6.8;40.0
2909;2.36;3.1;11.3;14.5;11.0;48.0;23.81;707.3;0.0;80.0;4.3;0.001;22.2;6.1;34.0
2910;2.38;6.1;16.9;23.3;5.0;50.0;26.94;707.8;0.0;79.0;4.4;0.001;22.28;5.3;41.0
2911;2.5;8.7;19.7;28.6;4.0;55.0;30.11;708.3;0.0;79.0;4.6;0.014;22.43;5.2;61.0
2912;2.66;13.9;19.0;33.2;5.0;73.0;30.64;708.6;0.0;77.0;4.5;0.082;22.83;5.6;60.0
2913;2.8;18.9;20.2;39.4;8.0;77.0;33.94;708.8;0.0;72.0;4.7;0.217;23.93;6.5;37.0
2914;2.7;11.0;19.6;30.9;16.0;77.0;33.84;708.8;0.0;66.0;4.8;0.337;25.12;5.6;79.0
2915;2.7;11.4;23.1;34.7;25.0;76.0;39.63;708.5;0.0;57.0;4.8;0.527;27.14;6.3;39.0
2916;2.67;7.7;22.2;30.2;46.0;86.0;44.02;708.2;0.0;52.0;5.6;0.846;28.43;6.9;41.0
2917;2.67;3.9;16.9;21.0;75.0;89.0;42.01;707.4;0.0;46.0;5.9;0.92;30.25;8.1;65.0
2918;2.58;2.9;12.9;16.0;89.0;92.0;40.72;706.7;0.0;42.0;5.8;0.906;31.55;10.0;62.0
2919;2.53;3.1;12.9;16.2;83.0;83.0;38.97;706.2;0.0;38.0;6.1;0.824;33.04;11.4;49.0
2920;2.46;2.9;9.9;13.0;70.0;76.0;32.51;705.6;0.0;33.0;5.9;0.686;34.11;12.2;62.0
2921;2.34;2.6;7.5;10.4;57.0;64.0;26.22;705.5;0.0;27.0;5.5;0.502;35.02;13.5;125.0
2922;2.39;3.0;8.9;12.1;50.0;54.0;26.83;705.4;0.0;29.0;5.2;0.2;34.62;14.3;119.0
2923;2.4;2.2;7.6;10.0;48.0;55.0;29.08;705.5;0.0;34.0;4.9;0.034;33.79;12.1;126.0
2924;2.41;2.1;7.8;10.1;44.0;56.0;31.57;705.9;0.0;38.0;4.7;0.002;32.67;9.2;115.0
2925;2.48;2.5;11.6;14.3;26.0;60.0;26.18;706.6;0.0;45.0;4.7;0.0;31.1;14.3;67.0
2926;2.41;2.5;8.1;10.8;16.0;68.0;15.59;707.2;0.0;57.0;4.4;0.0;28.48;12.9;50.0
2927;2.41;2.3;6.9;9.4;17.0;63.0;15.21;707.6;0.0;60.0;4.4;0.0;27.37;10.2;51.0
2928;2.38;2.1;6.8;9.1;17.0;39.0;16.5;707.6;0.0;62.0;;0.0;26.49;9.1;44.0
2929;2.45;4.1;14.8;19.0;9.0;49.0;19.54;707.6;0.0;65.0;4.5;0.0;25.6;6.9;38.0
2930;2.41;4.0;17.4;21.7;6.0;57.0;19.86;707.4;0.0;66.0;4.8;0.0;24.85;6.3;15.0
2931;2.42;2.7;15.2;18.0;8.0;63.0;22.07;707.0;0.0;69.0;5.3;0.0;24.18;5.5;32.0
2932;2.41;2.7;13.4;16.3;10.0;65.0;21.96;706.9;0.0;71.0;5.3;0.0;23.6;3.7;45.0
2933;2.41;2.4;13.3;15.8;9.0;53.0;22.34;707.2;0.0;73.0;5.1;0.001;23.11;3.3;72.0
2934;2.54;9.4;20.4;30.1;3.0;63.0;24.35;707.7;0.0;76.0;5.0;0.001;22.6;1.8;336.0
2935;2.64;14.1;20.4;34.7;4.0;70.0;25.45;708.0;0.0;76.0;4.9;0.041;22.89;1.8;317.0
2936;2.91;26.4;21.9;48.6;6.0;80.0;26.07;708.4;0.0;70.0;5.0;0.187;24.37;5.1;33.0
2937;3.05;32.5;29.7;62.3;10.0;74.0;34.65;708.6;0.0;67.0;5.2;0.403;25.26;6.4;58.0
2938;3.04;24.5;34.0;58.7;17.0;109.0;38.04;709.0;0.0;62.0;5.1;0.583;26.66;8.2;56.0
2939;2.83;13.7;28.0;42.0;29.0;112.0;35.15;709.2;0.0;59.0;5.9;0.762;27.71;10.9;69.0
2940;2.61;6.9;17.8;24.9;46.0;97.0;31.75;709.3;0.0;56.0;5.8;0.883;28.57;11.6;63.0
2941;2.62;4.1;17.8;22.1;76.0;92.0;38.77;708.9;0.0;53.0;5.5;0.923;29.65;10.8;52.0
2942;2.58;3.2;14.3;17.7;80.0;97.0;41.56;708.3;0.0;49.0;6.4;0.902;30.83;11.6;43.0
2943;2.53;3.2;10.0;13.4;60.0;87.0;34.31;707.7;0.0;44.0;7.2;0.815;32.27;15.5;53.0
2944;2.51;3.3;8.2;11.8;49.0;82.0;32.3;707.1;0.0;40.0;6.7;0.66;33.1;16.7;73.0
2945;2.46;2.8;7.0;10.0;50.0;75.0;31.63;706.7;0.0;36.0;6.4;0.464;33.84;12.8;102.0
2946;2.47;2.9;7.6;10.8;46.0;77.0;33.22;706.4;0.0;37.0;5.8;0.185;33.52;14.3;113.0
2947;2.49;2.5;8.8;11.6;36.0;62.0;31.43;706.6;0.0;40.0;5.2;0.038;32.57;14.9;90.0
2948;2.48;2.4;7.2;9.8;24.0;70.0;29.98;707.0;0.0;55.0;4.6;0.002;29.88;18.6;74.0
2949;2.46;2.3;6.7;9.1;22.0;75.0;27.28;707.9;0.0;60.0;4.4;0.001;28.69;17.2;69.0
2950;2.44;2.3;6.4;8.9;17.0;64.0;22.7;708.3;0.0;67.0;4.4;0.001;27.21;16.5;65.0
2951;2.44;2.2;4.8;7.2;17.0;69.0;21.93;708.6;0.0;71.0;;0.001;26.09;13.6;56.0
2952;2.44;2.1;5.1;7.4;17.0;56.0;22.78;708.3;0.0;70.0;;0.001;25.95;9.3;57.0
2953;2.41;2.1;3.6;5.9;18.0;65.0;22.96;708.1;0.0;72.0;4.3;0.001;25.11;9.7;57.0
2954;2.41;;3.1;5.4;18.0;48.0;22.08;707.6;0.0;75.0;4.3;0.001;24.35;10.5;37.0
2955;2.4;3.1;7.8;11.0;12.0;60.0;23.19;707.2;0.0;78.0;;0.001;23.71;11.0;32.0
2956;2.45;4.4;13.9;18.5;6.0;53.0;25.95;707.0;0.0;80.0;;0.001;23.4;8.7;16.0
2957;2.47;6.6;14.4;21.3;5.0;76.0;28.36;707.1;0.0;81.0;4.4;0.001;23.32;7.4;42.0
2958;2.53;5.8;17.5;23.6;4.0;61.0;32.86;707.3;0.0;81.0;4.4;0.001;23.5;6.1;41.0
2959;2.68;8.8;18.5;27.6;3.0;76.0;34.89;707.6;0.0;80.0;;0.006;23.55;5.6;48.0
2960;2.81;8.0;19.4;27.6;5.0;99.0;34.36;708.0;0.0;79.0;;0.021;23.71;6.7;59.0
2961;2.85;8.3;19.8;28.4;9.0;65.0;40.65;708.3;0.0;78.0;;0.07;23.8;8.2;60.0
2962;2.75;9.2;18.7;28.1;14.0;83.0;46.41;708.4;0.0;75.0;;0.165;24.34;8.6;51.0
2963;2.77;16.0;24.2;40.4;14.0;109.0;49.5;708.6;0.0;70.0;;0.28;25.49;8.5;43.0
2964;2.66;4.2;12.9;17.4;35.0;101.0;41.6;708.4;0.0;64.0;;0.407;26.78;10.4;73.0
2965;2.63;3.6;10.6;14.4;45.0;83.0;41.02;707.8;0.0;57.0;4.3;0.489;28.1;11.3;64.0
2966;2.55;2.8;7.6;10.6;49.0;79.0;37.62;707.3;0.0;50.0;4.4;0.709;29.76;10.1;97.0
2967;2.53;2.8;6.2;9.3;43.0;76.0;33.02;706.8;0.0;45.0;4.4;0.761;31.02;13.6;119.0
2968;2.54;;7.1;10.2;45.0;66.0;38.18;706.2;0.0;44.0;;0.589;31.55;16.6;116.0
2969;2.58;3.0;7.6;10.8;44.0;77.0;39.42;705.7;0.0;42.0;;0.362;32.23;14.7;124.0
2970;2.58;2.9;8.8;12.0;43.0;78.0;38.08;705.5;0.0;42.0;4.7;0.173;32.34;13.5;123.0
2971;2.6;2.3;9.1;11.6;42.0;75.0;37.28;705.6;0.0;42.0;4.7;0.039;31.81;11.8;115.0
2972;2.56;2.7;10.9;13.8;18.0;75.0;28.7;705.8;0.0;55.0;4.6;0.002;29.71;14.7;71.0
2973;2.51;2.3;8.8;11.3;19.0;73.0;27.83;706.0;0.0;59.0;4.5;0.0;28.29;12.8;60.0
2974;2.5;2.3;9.7;12.2;19.0;68.0;26.79;706.3;0.0;60.0;4.5;0.0;27.62;10.4;57.0
2975;2.52;6.4;19.6;26.3;7.0;65.0;28.59;706.6;0.0;62.0;4.6;0.0;26.98;9.3;33.0
2976;2.57;3.2;18.0;21.3;9.0;62.0;28.74;706.8;0.0;63.0;4.6;0.0;26.47;8.0;356.0
2977;2.54;2.2;14.8;17.1;13.0;70.0;28.77;707.0;0.0;65.0;4.8;0.0;25.77;7.9;345.0
2978;2.53;2.2;11.7;14.0;16.0;54.0;28.66;706.8;0.0;68.0;4.8;0.0;24.86;7.4;36.0
2979;2.47;;8.4;10.7;19.0;68.0;29.69;706.7;0.0;71.0;4.7;0.0;24.17;5.7;71.0
2980;2.48;;11.6;14.0;16.0;46.0;32.38;706.9;0.0;72.0;4.7;0.001;23.89;5.7;59.0
2981;2.54;2.3;18.9;21.3;10.0;71.0;34.78;707.4;0.0;72.0;;0.001;24.05;4.9;11.0
2982;2.68;2.5;15.9;18.6;11.0;75.0;35.07;707.8;0.0;72.0;;0.001;23.98;3.6;47.0
2983;2.73;6.7;20.0;26.9;7.0;64.0;36.64;708.1;0.0;73.0;;0.021;23.99;4.8;68.0
2984;2.8;9.8;20.6;30.7;10.0;84.0;38.46;708.5;0.0;71.0;;0.118;24.45;6.4;53.0
2985;2.82;11.3;19.1;30.7;17.0;90.0;42.0;708.7;0.0;64.0;4.8;0.381;26.57;4.1;359.0
2986;2.88;14.0;26.1;40.4;24.0;86.0;46.25;708.9;0.0;58.0;4.7;0.579;27.89;6.9;41.0
2987;2.79;8.4;24.3;32.9;44.0;98.0;49.49;708.9;0.0;54.0;5.3;0.74;28.83;8.6;57.0
2988;2.69;3.4;14.9;18.5;73.0;104.0;46.83;708.4;0.0;47.0;6.0;0.839;30.43;8.1;56.0
2989;2.65;2.9;12.8;15.9;82.0;92.0;47.17;707.9;0.0;43.0;6.3;0.912;31.66;9.9;63.0
2990;2.59;2.9;11.4;14.6;79.0;92.0;46.56;707.5;0.0;38.0;6.7;0.889;32.9;11.8;49.0
2991;2.54;2.8;9.5;12.6;77.0;96.0;41.61;707.0;0.0;33.0;7.1;0.803;34.3;12.0;60.0
2992;2.53;2.9;9.5;12.6;71.0;90.0;38.76;706.4;0.0;31.0;6.6;0.636;35.29;13.3;73.0
2993;2.49;2.7;8.3;11.2;67.0;82.0;35.82;706.2;0.0;29.0;6.1;0.454;35.58;12.1;123.0
2994;2.48;2.9;11.7;14.8;61.0;68.0;33.48;706.2;0.0;27.0;5.7;0.191;35.2;12.4;125.0
2995;2.48;2.4;11.4;14.0;49.0;66.0;33.39;706.6;0.0;28.0;5.3;0.038;34.46;12.4;100.0
2996;2.52;2.2;12.1;14.5;38.0;63.0;37.99;707.5;0.0;34.0;5.2;0.002;32.79;13.3;69.0
2997;2.7;2.3;11.6;14.2;28.0;84.0;30.73;708.5;0.0;44.0;5.0;0.0;30.08;10.7;349.0
2998;2.78;2.3;17.2;19.6;22.0;86.0;31.1;708.8;0.0;46.0;4.9;0.0;29.72;8.2;4.0
2999;2.56;2.8;19.1;22.1;12.0;74.0;29.44;709.0;0.0;52.0;4.7;0.0;29.43;9.8;20.0
3000;2.52;2.2;15.4;17.8;20.0;68.0;31.53;709.1;0.0;53.0;4.9;0.0;28.88;8.1;60.0
3001;2.5;2.1;9.6;12.0;23.0;72.0;29.56;709.0;0.0;56.0;5.0;0.0;28.29;4.8;51.0
3002;2.54;2.2;15.3;17.6;16.0;66.0;31.32;709.0;0.0;57.0;4.8;0.0;28.03;6.1;39.0
3003;2.53;2.9;20.1;23.1;10.0;77.0;32.04;709.0;0.0;59.0;4.7;0.0;27.62;4.4;37.0
3004;2.79;2.1;12.9;15.3;20.0;73.0;31.98;709.1;0.0;58.0;4.7;0.0;27.23;5.2;51.0
3005;2.87;2.2;9.6;12.0;26.0;57.0;31.56;709.3;0.0;58.0;4.9;0.0;27.2;4.0;23.0
3006;2.98;4.6;18.1;22.9;16.0;74.0;33.74;709.5;0.0;59.0;4.8;0.001;26.81;2.6;133.0
3007;3.05;10.7;27.9;38.8;7.0;69.0;35.22;709.9;0.0;59.0;4.8;0.028;26.99;3.5;156.0
3008;2.92;10.0;27.2;37.5;12.0;80.0;38.42;710.3;0.0;56.0;;0.12;28.02;4.3;113.0
3009;3.06;12.4;28.4;41.1;19.0;77.0;37.99;710.4;0.0;51.0;5.4;0.319;29.37;5.8;83.0
3010;2.77;8.8;20.8;29.8;34.0;88.0;37.61;710.3;0.0;46.0;6.1;0.573;30.77;7.6;58.0
3011;2.7;4.3;13.9;18.4;53.0;88.0;36.29;710.1;0.0;44.0;6.1;0.735;31.57;11.1;60.0
3012;2.69;3.8;13.7;17.7;64.0;80.0;39.09;709.7;0.0;42.0;5.7;0.784;32.4;12.4;44.0
3013;2.63;2.7;11.0;13.8;85.0;86.0;40.64;709.3;0.0;40.0;6.6;0.846;33.21;12.9;59.0
3014;2.57;2.6;8.1;10.9;66.0;90.0;40.45;708.8;0.0;40.0;9.2;0.764;33.38;13.5;83.0
3015;2.52;2.8;6.5;9.5;52.0;78.0;35.13;708.4;0.0;41.0;6.9;0.758;33.4;16.0;126.0
3016;2.57;3.4;7.9;11.6;41.0;74.0;32.91;707.9;0.0;47.0;5.4;0.694;32.04;16.3;120.0
3017;2.57;3.3;7.6;11.1;37.0;71.0;31.28;707.2;0.0;47.0;5.2;0.459;31.37;17.4;120.0
3018;2.49;3.0;8.4;11.6;41.0;76.0;27.31;707.7;0.0;36.0;5.5;0.193;32.1;16.1;119.0
3019;2.53;2.6;7.5;10.3;35.0;56.0;31.49;708.1;0.0;42.0;5.1;0.042;31.26;15.2;117.0
3020;2.64;2.7;8.8;11.7;31.0;51.0;31.96;708.5;0.0;48.0;4.8;0.002;30.12;14.6;115.0
3021;2.78;2.6;7.2;10.0;32.0;61.0;44.05;708.6;0.0;49.0;4.7;0.0;29.36;10.9;99.0
3022;2.53;2.3;5.0;7.5;35.0;69.0;31.32;708.6;0.0;46.0;4.8;0.001;29.1;9.9;132.0
3023;2.51;2.2;6.7;9.1;32.0;49.0;29.83;708.5;0.0;46.0;4.7;0.001;28.74;4.1;125.0
3024;2.65;2.4;14.3;16.8;21.0;51.0;29.81;708.5;0.0;48.0;4.7;0.001;27.97;6.0;98.0
3025;2.73;5.8;26.3;32.2;9.0;58.0;34.19;708.4;0.0;52.0;4.9;0.0;26.87;6.7;42.0
3026;2.5;2.6;12.1;14.9;20.0;70.0;29.33;708.2;0.0;60.0;5.7;0.0;25.15;7.7;24.0
3027;2.52;4.1;22.3;26.5;7.0;77.0;30.0;708.0;0.0;66.0;5.7;0.0;24.09;4.5;336.0
3028;2.66;2.2;14.6;17.0;13.0;76.0;28.04;708.1;0.0;67.0;5.4;0.001;23.71;3.7;337.0
3029;2.76;2.4;15.5;18.0;11.0;65.0;29.3;708.1;0.0;69.0;5.1;0.001;23.07;2.0;250.0
3030;2.79;5.0;21.4;26.5;5.0;65.0;30.22;708.3;0.0;69.0;4.9;0.001;23.37;3.1;351.0
3031;2.83;14.4;23.2;37.8;4.0;65.0;31.35;708.5;0.0;70.0;4.8;0.049;23.47;2.6;287.0
3032;2.93;21.8;26.4;48.4;9.0;74.0;36.8;708.6;0.0;64.0;5.1;0.204;25.13;4.0;4.0
3033;2.95;15.7;30.1;46.0;21.0;95.0;40.58;708.5;0.0;52.0;6.4;0.413;27.85;3.9;36.0
3034;2.75;8.7;23.9;32.9;38.0;118.0;38.71;708.5;0.0;40.0;8.0;0.624;30.45;3.3;28.0
3035;2.87;7.8;33.2;41.3;57.0;102.0;45.12;708.0;0.0;31.0;8.4;0.773;32.9;4.2;337.0
3036;2.97;7.0;35.9;43.1;78.0;112.0;44.03;707.5;0.0;26.0;11.6;0.894;34.79;7.5;59.0
3037;2.73;3.1;21.1;24.5;117.0;106.0;42.22;707.0;0.0;24.0;9.1;0.942;35.72;9.7;62.0
3038;2.56;2.6;10.9;13.8;95.0;89.0;31.99;706.3;0.0;21.0;6.6;0.924;37.11;12.5;54.0
3039;2.4;2.7;7.3;10.2;65.0;66.0;25.63;705.7;0.0;17.0;5.5;0.848;38.24;13.9;99.0
3040;2.31;2.4;5.5;8.1;60.0;55.0;21.52;705.1;0.0;14.0;4.9;0.703;38.46;15.2;122.0
3041;2.32;2.3;5.3;7.8;61.0;47.0;21.64;704.7;0.0;16.0;4.9;0.493;38.34;13.3;125.0
3042;2.38;2.3;5.9;8.4;58.0;44.0;25.35;704.6;0.0;19.0;5.0;0.2;37.57;14.0;122.0
3043;2.33;2.2;5.2;7.6;54.0;50.0;22.67;704.8;0.0;17.0;4.8;0.04;36.38;12.3;129.0
3044;2.44;2.2;8.9;11.3;44.0;48.0;25.56;705.0;0.0;23.0;4.8;0.003;35.03;13.9;91.0
3045;2.62;2.3;8.1;10.5;27.0;64.0;35.38;705.5;0.0;45.0;;0.0;32.33;14.5;70.0
3046;2.63;2.2;8.5;10.9;25.0;82.0;35.65;705.9;0.0;49.0;4.6;0.0;31.18;11.1;64.0
3047;2.67;2.5;12.3;14.9;19.0;71.0;36.75;706.1;0.0;53.0;4.6;0.0;30.11;7.0;28.0
3048;2.65;4.1;15.3;19.6;12.0;72.0;39.38;706.0;0.0;59.0;4.5;0.0;28.71;11.2;39.0
3049;2.62;2.2;6.4;8.8;17.0;83.0;37.27;705.8;0.0;68.0;4.4;0.0;26.85;8.9;43.0
3050;2.61;2.1;5.3;7.6;17.0;78.0;37.63;705.5;0.0;74.0;4.4;0.0;25.47;8.1;40.0
3051;2.59;2.1;4.6;6.9;16.0;59.0;39.12;705.2;0.0;78.0;;0.0;24.5;6.3;37.0
3052;2.62;5.7;17.4;23.3;4.0;88.0;43.79;705.1;0.0;80.0;;0.001;24.17;4.0;39.0
3053;2.71;2.8;19.0;22.0;3.0;110.0;46.98;705.1;0.0;79.0;4.5;0.0;24.13;2.9;340.0
3054;2.82;2.9;18.0;21.0;4.0;73.0;46.37;705.1;0.0;79.0;4.5;0.001;24.2;4.0;45.0
3055;2.98;3.0;12.2;15.4;10.0;105.0;46.06;705.5;0.0;77.0;;0.029;24.37;3.4;39.0
3056;3.01;5.1;11.1;16.4;14.0;77.0;47.84;705.8;0.0;73.0;;0.182;25.54;3.4;9.0
3057;2.99;7.2;14.8;22.3;21.0;76.0;50.33;705.8;0.0;65.0;;0.393;27.31;5.0;3.0
3058;3.12;15.7;32.4;48.3;25.0;105.0;62.27;705.8;0.0;60.0;;0.585;28.73;7.8;55.0
3059;3.07;8.4;30.0;38.6;47.0;135.0;60.25;705.7;0.0;52.0;;0.755;30.47;8.2;70.0
3060;2.93;3.5;18.3;22.0;79.0;124.0;51.49;705.5;0.0;44.0;;0.872;32.16;8.9;60.0
3061;2.86;2.7;14.3;17.2;98.0;97.0;50.35;704.9;0.0;37.0;;0.92;34.15;12.0;48.0
3062;2.73;2.5;11.5;14.2;100.0;97.0;48.67;704.4;0.0;28.0;7.7;0.908;36.52;11.8;57.0
3063;2.6;2.5;8.0;10.7;87.0;86.0;43.65;703.7;0.0;24.0;12.3;0.812;37.88;14.3;57.0
3064;2.52;2.3;5.6;8.1;73.0;79.0;36.77;703.2;0.0;23.0;7.9;0.659;38.75;14.1;111.0
3065;2.49;2.3;4.7;7.1;64.0;65.0;34.83;702.9;0.0;24.0;6.5;0.476;38.36;14.8;123.0
3066;2.49;2.2;4.6;7.0;61.0;62.0;35.92;702.8;0.0;25.0;5.7;0.199;37.27;15.5;127.0
3067;2.53;2.1;5.4;7.7;57.0;63.0;38.69;703.0;0.0;28.0;5.6;0.039;36.06;14.9;123.0
3068;2.55;2.1;6.7;9.0;53.0;71.0;38.63;703.4;0.0;30.0;5.4;0.002;35.17;13.1;112.0
3069;2.65;2.2;7.7;10.0;29.0;68.0;35.96;704.2;0.0;46.0;4.8;0.0;32.92;13.4;56.0
3070;2.66;2.1;7.5;9.9;23.0;83.0;33.75;704.9;0.0;56.0;4.7;0.0;30.76;12.9;50.0
3071;2.66;2.1;7.3;9.6;21.0;66.0;36.94;705.3;0.0;62.0;4.5;0.0;29.17;12.4;54.0
3072;2.64;;4.7;7.0;22.0;71.0;36.8;705.3;0.0;67.0;4.4;0.0;27.86;11.5;51.0
3073;2.63;;4.2;6.5;20.0;74.0;36.84;705.2;0.0;72.0;4.5;0.0;26.63;10.2;45.0
3074;2.6;;3.9;6.2;20.0;72.0;37.29;705.0;0.0;76.0;4.5;0.0;25.63;8.3;44.0
3075;2.6;;3.7;6.0;20.0;70.0;38.83;704.8;0.0;78.0;4.4;0.001;25.07;8.1;57.0
3076;2.66;2.6;13.9;16.7;11.0;54.0;45.91;704.8;0.0;78.0;4.4;0.001;25.01;5.5;36.0
3077;2.8;2.2;9.0;11.5;15.0;106.0;48.19;705.0;0.0;77.0;4.5;0.001;25.19;5.0;14.0
3078;2.88;4.3;18.1;22.6;7.0;98.0;50.87;705.1;0.0;77.0;4.5;0.001;25.2;5.8;50.0
3079;2.93;10.2;21.8;32.3;4.0;116.0;52.41;705.5;0.0;77.0;;0.024;25.38;4.9;46.0
3080;3.1;15.3;22.4;37.9;5.0;83.0;52.7;706.0;0.0;74.0;;0.111;25.95;4.7;70.0
3081;3.12;11.6;18.6;30.5;15.0;124.0;53.96;706.6;0.0;68.0;4.6;0.33;27.18;7.0;8.0
3082;3.13;12.1;22.3;34.6;22.0;93.0;55.89;707.0;0.0;64.0;4.5;0.537;28.27;8.8;53.0
3083;3.06;11.6;27.1;38.9;31.0;116.0;62.46;707.1;0.0;60.0;4.6;0.694;29.15;9.9;51.0
3084;3.07;4.3;19.6;24.1;69.0;131.0;60.53;707.0;0.0;53.0;4.5;0.826;30.88;9.4;72.0
3085;3.1;2.9;16.7;19.8;91.0;118.0;59.77;706.7;0.0;48.0;4.4;0.899;32.34;12.0;77.0
3086;2.98;2.8;14.9;17.8;74.0;113.0;55.78;706.5;0.0;48.0;4.4;0.554;32.46;14.1;100.0
3087;2.98;2.6;14.3;17.0;69.0;107.0;52.87;706.1;0.0;46.0;4.3;0.267;32.14;10.7;113.0
3088;2.81;2.7;12.1;15.1;65.0;90.0;45.86;705.8;0.0;37.0;4.4;0.415;33.74;10.9;113.0
3089;2.79;2.7;12.7;15.6;56.0;80.0;42.78;705.6;0.0;36.0;4.5;0.214;33.91;13.6;117.0
3090;2.74;;9.7;12.7;47.0;82.0;40.42;705.5;0.0;38.0;4.5;0.229;34.01;16.2;115.0
3091;2.75;2.4;11.5;14.1;44.0;78.0;41.68;705.8;0.0;40.0;;0.039;33.37;15.1;96.0
3092;2.75;2.3;12.2;14.7;33.0;77.0;39.67;706.6;0.0;44.0;;0.002;32.6;12.6;84.0
3093;2.71;2.4;11.5;14.1;20.0;79.0;34.28;707.6;0.0;57.0;4.4;0.0;30.31;15.4;56.0
3094;2.63;2.3;8.2;10.7;22.0;82.0;30.39;708.7;0.0;62.0;4.4;0.0;28.87;15.7;54.0
3095;2.63;2.2;5.9;8.3;23.0;84.0;31.3;708.6;0.0;63.0;;0.0;28.35;10.3;83.0
3096;2.6;2.1;3.6;5.9;24.0;51.0;30.43;708.6;0.0;64.0;;0.0;28.09;12.5;100.0
3097;2.61;2.2;4.7;7.0;22.0;77.0;43.92;708.5;0.0;68.0;;0.0;26.98;8.6;50.0
3098;2.61;4.2;17.7;22.1;8.0;76.0;38.29;708.0;0.0;68.0;;0.0;26.66;8.0;26.0
3099;2.62;2.8;10.9;13.8;14.0;65.0;34.43;707.8;0.0;69.0;4.5;0.0;26.5;8.0;24.0
3100;2.59;2.3;7.4;9.9;17.0;76.0;31.44;707.8;0.0;71.0;4.4;0.0;26.06;8.1;22.0
3101;2.59;4.0;11.3;15.5;10.0;59.0;27.29;708.0;0.0;75.0;4.5;0.0;24.98;7.5;22.0
3102;2.65;4.5;12.3;17.1;9.0;68.0;24.4;708.6;0.0;76.0;4.5;0.001;24.62;8.5;23.0
3103;2.74;7.7;14.4;22.4;6.0;33.0;24.41;709.3;0.0;76.0;;0.012;24.31;9.5;41.0
3104;2.88;7.7;14.1;22.0;6.0;57.0;24.32;709.9;0.0;78.0;;0.027;24.16;10.6;60.0
3105;2.88;7.9;14.4;22.5;7.0;62.0;25.77;710.5;0.0;78.0;;0.048;24.14;7.7;57.0
3106;2.8;5.4;11.0;16.6;16.0;63.0;28.58;710.9;0.0;73.0;4.4;0.201;25.37;8.3;56.0
3107;2.7;4.0;8.7;13.0;24.0;79.0;27.39;711.0;0.0;65.0;4.5;0.308;27.27;5.4;34.0
3108;2.73;3.9;8.7;12.7;29.0;51.0;28.39;711.0;0.0;58.0;4.4;0.303;28.61;6.5;27.0
3109;2.71;3.2;8.2;11.7;32.0;62.0;33.26;710.8;0.0;53.0;4.4;0.203;29.25;9.7;110.0
3110;2.69;3.0;7.8;11.0;31.0;58.0;32.87;710.7;0.0;55.0;;0.089;28.91;10.8;142.0
3111;2.74;2.8;10.4;13.5;27.0;59.0;33.96;710.2;0.0;57.0;;0.033;28.32;12.8;109.0
3112;2.74;2.8;10.2;13.3;30.0;62.0;34.7;709.6;0.0;55.0;;0.029;28.38;15.1;71.0
3113;2.72;2.5;10.7;13.4;31.0;74.0;34.35;709.5;0.0;50.0;4.5;0.046;29.24;8.4;115.0
3114;3.02;3.5;24.0;27.7;18.0;71.0;38.26;709.6;0.0;48.0;4.5;0.017;29.7;6.1;41.0
3115;2.85;2.7;17.6;20.4;23.0;77.0;43.41;710.2;0.0;54.0;;0.003;28.82;12.5;54.0
3116;2.78;2.4;13.4;15.9;23.0;85.0;42.72;711.1;0.0;56.0;4.4;0.0;28.58;7.3;47.0
3117;2.82;3.3;20.1;23.6;13.0;83.0;39.42;711.0;0.0;59.0;4.4;0.0;27.91;11.6;28.0
3118;2.61;2.3;6.2;8.7;16.0;86.0;21.24;712.1;0.0;69.0;;0.001;26.47;17.1;65.0
3119;2.58;2.2;5.0;7.4;16.0;63.0;20.81;712.6;0.0;73.0;;0.001;25.33;14.9;74.0
3120;2.59;2.1;4.6;6.9;15.0;52.0;18.73;712.6;0.0;73.0;;0.001;25.09;10.3;65.0
3121;2.55;2.1;4.4;6.7;14.0;55.0;16.53;712.9;0.0;74.0;4.3;0.001;24.71;8.8;48.0
3122;2.53;2.2;4.9;7.3;13.0;65.0;16.87;712.9;0.0;77.0;4.5;0.001;24.09;10.7;56.0
3123;2.53;2.1;4.2;6.5;15.0;42.0;18.21;712.9;0.0;80.0;4.4;0.001;23.4;11.2;58.0
3124;2.53;2.1;3.8;6.1;16.0;53.0;13.98;712.9;0.0;83.0;4.4;0.001;22.83;9.1;61.0
3125;2.55;2.2;5.3;7.6;14.0;42.0;15.44;712.9;0.0;84.0;;0.001;22.84;8.2;72.0
3126;2.63;3.2;9.5;12.9;10.0;30.0;11.55;712.8;0.0;82.0;;0.001;23.25;6.4;57.0
3127;2.74;5.0;12.4;17.5;8.0;18.0;12.4;713.5;0.0;82.0;;0.011;22.96;9.2;53.0
3128;2.94;7.9;13.2;21.4;7.0;40.0;13.43;713.6;0.0;85.0;4.5;0.074;22.86;4.6;46.0
3129;2.81;8.5;9.8;18.6;11.0;51.0;11.99;713.3;0.0;80.0;4.5;0.209;24.07;9.9;94.0
3130;2.69;5.7;7.1;13.1;15.0;43.0;13.36;713.1;0.0;71.0;4.4;0.497;25.55;12.5;100.0
3131;2.66;4.7;6.9;11.8;23.0;39.0;17.35;712.9;0.0;63.0;4.4;0.629;27.2;13.7;92.0
3132;2.63;3.6;5.5;9.4;29.0;51.0;19.94;712.7;0.0;56.0;;0.888;28.85;13.3;110.0
3133;2.66;3.3;5.6;9.1;34.0;50.0;22.48;712.3;0.0;49.0;;0.899;30.34;14.7;102.0
3134;2.65;3.3;6.5;10.1;36.0;55.0;22.4;711.8;0.0;41.0;;0.985;32.12;14.4;107.0
3135;2.62;3.0;5.7;9.0;38.0;52.0;22.57;711.1;0.0;38.0;;0.924;32.82;15.7;112.0
3136;2.61;3.0;5.9;9.2;37.0;51.0;23.46;710.6;0.0;39.0;4.5;0.662;32.61;17.4;133.0
3137;2.62;3.3;8.8;12.3;35.0;58.0;25.32;710.5;0.0;38.0;4.4;0.354;31.98;18.6;129.0
3138;2.61;3.2;6.9;10.4;35.0;53.0;24.78;710.6;0.0;36.0;4.5;0.235;32.26;16.2;127.0
3139;2.55;2.5;7.5;10.2;35.0;56.0;23.23;710.8;0.0;34.0;4.6;0.053;31.9;13.9;123.0
3140;2.56;2.4;6.7;9.3;23.0;50.0;14.97;711.1;0.0;47.0;4.6;0.003;29.37;18.5;78.0
3141;2.57;2.3;5.5;8.0;22.0;65.0;13.17;711.4;0.0;53.0;;0.0;27.48;18.0;78.0
3142;2.56;2.1;4.5;6.9;22.0;53.0;12.25;712.2;0.0;58.0;4.5;0.001;26.13;15.2;76.0
3143;2.52;2.2;3.7;6.1;23.0;46.0;11.71;712.6;0.0;62.0;4.5;0.001;25.01;13.5;70.0
3144;2.5;2.1;2.9;5.2;23.0;42.0;11.58;712.9;0.0;66.0;;0.001;23.95;15.5;60.0
3145;2.5;2.1;3.5;5.8;22.0;38.0;11.63;713.2;0.0;68.0;;0.001;23.49;10.3;47.0
3146;2.53;2.6;10.0;12.8;15.0;42.0;14.06;712.9;0.0;71.0;4.4;0.001;23.05;7.8;43.0
3147;2.52;3.9;14.9;19.0;9.0;47.0;17.2;712.6;0.0;72.0;4.6;0.001;22.71;4.4;53.0
3148;2.55;2.5;13.8;16.4;10.0;59.0;21.68;712.0;0.0;74.0;4.8;0.001;22.32;4.3;76.0
3149;2.65;2.2;9.3;11.7;13.0;57.0;28.22;711.5;0.0;75.0;4.8;0.001;22.03;5.7;73.0
3150;2.64;4.7;14.4;19.4;7.0;67.0;16.98;711.5;0.0;76.0;4.7;0.001;21.78;6.8;33.0
3151;2.81;11.1;15.9;27.2;6.0;48.0;15.54;711.5;0.0;78.0;4.7;0.057;21.36;6.5;36.0
3152;2.89;24.5;18.8;43.5;7.0;57.0;19.98;711.9;0.0;76.0;4.9;0.174;22.29;5.3;7.0
3153;2.99;24.5;20.7;45.4;10.0;66.0;23.77;712.1;0.0;73.0;5.1;0.333;23.07;7.5;355.0
3154;3.0;22.9;23.2;46.3;15.0;76.0;32.72;712.2;0.0;67.0;5.1;0.6;24.47;8.7;9.0
3155;2.86;21.8;25.8;47.8;22.0;87.0;29.97;712.1;0.0;60.0;5.9;0.784;26.29;9.7;57.0
3156;2.74;4.9;12.2;17.3;44.0;83.0;23.54;711.6;0.0;56.0;5.6;0.901;27.48;11.2;50.0
3157;2.68;4.4;9.2;13.9;41.0;65.0;20.85;710.9;0.0;46.0;5.6;0.96;29.98;15.2;56.0
3158;2.56;3.0;5.1;8.3;39.0;64.0;15.96;710.3;0.0;35.0;;0.959;32.5;13.3;104.0
3159;2.54;2.8;4.9;8.0;41.0;53.0;15.87;709.5;0.0;31.0;5.4;0.861;33.91;12.7;108.0
3160;2.51;3.0;5.8;9.0;45.0;47.0;15.75;708.9;0.0;25.0;5.1;0.682;34.59;16.3;106.0
3161;2.5;3.0;6.7;10.0;46.0;48.0;16.09;708.5;0.0;23.0;4.8;0.431;34.56;15.6;122.0
3162;2.5;3.2;7.7;11.1;45.0;48.0;14.95;708.3;0.0;21.0;4.8;0.225;34.42;16.8;123.0
3163;2.49;2.6;7.7;10.5;44.0;51.0;13.91;708.4;0.0;19.0;4.7;0.043;33.76;14.6;123.0
3164;2.55;2.4;8.5;11.1;30.0;44.0;14.56;708.9;0.0;35.0;4.7;0.003;31.29;16.3;81.0
3165;2.58;2.3;5.3;7.8;25.0;58.0;14.1;709.4;0.0;49.0;;0.0;28.79;17.6;74.0
3166;2.59;2.2;5.7;8.1;23.0;64.0;13.28;709.7;0.0;53.0;4.8;0.0;27.57;10.5;71.0
3167;2.58;2.2;5.1;7.5;23.0;44.0;13.2;709.6;0.0;55.0;4.7;0.0;26.84;10.7;68.0
3168;2.58;2.1;4.8;7.2;20.0;47.0;12.44;709.7;0.0;64.0;4.6;0.0;24.77;12.7;45.0
3169;2.58;2.1;4.8;7.2;20.0;46.0;12.28;709.5;0.0;70.0;4.6;0.0;23.61;10.8;48.0
3170;2.58;2.2;6.0;8.3;18.0;41.0;13.59;709.2;0.0;74.0;;0.0;22.72;9.1;41.0
3171;2.59;2.8;11.4;14.4;12.0;33.0;15.78;708.9;0.0;76.0;;0.001;22.34;6.7;31.0
3172;2.6;2.3;8.2;10.8;15.0;49.0;15.51;708.6;0.0;76.0;4.7;0.001;22.27;6.6;43.0
3173;2.58;2.2;6.4;8.8;16.0;52.0;13.96;708.6;0.0;76.0;4.7;0.001;22.43;5.2;32.0
3174;2.64;2.7;10.1;13.1;13.0;47.0;14.63;708.9;0.0;76.0;;0.002;22.39;6.7;59.0
3175;2.81;6.8;15.8;22.9;9.0;52.0;16.02;709.2;0.0;76.0;4.6;0.044;22.34;5.9;55.0
3176;2.92;13.5;18.9;32.7;10.0;57.0;20.22;709.6;0.0;72.0;4.7;0.196;23.3;6.2;38.0
3177;2.93;17.7;23.2;41.1;10.0;55.0;29.02;709.7;0.0;68.0;4.9;0.202;24.11;6.0;70.0
3178;3.0;14.1;23.2;37.5;21.0;74.0;34.59;709.8;0.0;61.0;5.1;0.495;25.49;7.5;41.0
3179;3.08;10.6;25.5;36.3;36.0;86.0;39.65;709.8;0.0;56.0;5.4;0.77;27.01;8.0;46.0
3180;2.93;6.2;22.6;29.0;59.0;97.0;38.26;709.5;0.0;49.0;5.9;0.883;28.53;8.7;50.0
3181;2.83;3.6;15.3;19.1;75.0;92.0;32.73;709.2;0.0;46.0;5.8;0.932;29.79;10.9;53.0
3182;2.72;3.3;12.0;15.5;67.0;79.0;27.9;708.8;0.0;40.0;6.8;0.922;31.3;12.9;40.0
3183;2.66;3.8;9.1;13.2;50.0;67.0;21.56;708.1;0.0;34.0;6.5;0.842;32.88;14.7;47.0
3184;2.61;3.4;7.8;11.5;47.0;56.0;20.07;707.7;0.0;27.0;5.7;0.698;34.22;14.3;98.0
3185;2.61;2.9;10.8;13.9;42.0;54.0;20.33;707.6;0.0;24.0;5.2;0.15;34.0;12.9;89.0
3186;2.69;3.6;15.3;19.1;30.0;53.0;20.36;707.7;0.0;28.0;5.4;0.068;32.7;16.1;60.0
3187;2.64;4.2;19.0;23.4;25.0;59.0;19.2;708.7;0.0;29.0;7.0;0.052;32.32;14.8;53.0
3188;2.64;2.5;9.9;12.6;29.0;58.0;16.34;709.1;0.0;38.0;5.6;0.002;30.78;15.2;97.0
3189;2.61;2.1;5.1;7.4;29.0;54.0;14.58;709.4;0.0;47.0;5.2;0.001;29.2;13.1;115.0
3190;2.67;2.2;7.8;10.3;24.0;52.0;14.68;709.9;0.0;52.0;4.8;0.0;27.93;11.9;70.0
3191;2.63;2.1;4.9;7.2;26.0;51.0;13.89;709.6;0.0;55.0;4.7;0.0;27.2;10.8;96.0
3192;2.66;2.4;10.3;12.9;20.0;40.0;16.02;709.4;0.0;59.0;4.8;0.0;26.0;9.9;48.0
3193;2.67;2.1;7.1;9.5;22.0;49.0;13.0;708.8;0.0;64.0;4.7;0.0;24.74;6.5;94.0
3194;2.69;2.3;11.7;14.2;16.0;40.0;15.03;708.1;0.0;63.0;4.7;0.0;24.72;5.9;8.0
3195;2.62;2.1;5.2;7.6;23.0;45.0;13.92;708.5;0.0;69.0;4.6;0.0;23.25;10.3;46.0
3196;2.64;2.4;13.1;15.6;16.0;50.0;16.85;709.0;0.0;71.0;4.7;0.001;22.67;7.5;29.0
3197;2.62;2.2;6.8;9.3;21.0;55.0;17.52;709.5;0.0;73.0;4.9;0.001;22.43;7.9;77.0
3198;2.64;2.1;11.1;13.4;17.0;47.0;21.64;709.9;0.0;74.0;4.9;0.001;22.36;3.9;75.0
3199;2.72;3.1;16.9;20.1;11.0;56.0;25.61;710.4;0.0;73.0;5.0;0.019;22.69;3.0;10.0
3200;2.86;12.5;22.0;34.8;7.0;67.0;25.99;710.7;0.0;72.0;5.1;0.066;23.1;6.5;50.0
3201;2.95;14.8;21.9;37.0;11.0;74.0;30.18;711.1;0.0;70.0;5.3;0.212;23.63;7.1;61.0
3202;2.98;17.9;22.6;40.7;18.0;90.0;34.99;711.3;0.0;63.0;6.4;0.616;25.3;9.0;50.0
3203;3.02;12.9;24.6;37.7;28.0;95.0;38.3;711.2;0.0;60.0;7.3;0.771;26.18;9.7;71.0
3204;2.96;9.8;27.9;37.8;44.0;87.0;39.23;710.7;0.0;54.0;8.1;0.879;27.7;9.5;53.0
3205;2.91;5.0;21.0;26.1;72.0;104.0;39.52;710.3;0.0;49.0;8.6;0.928;29.21;10.2;51.0
3206;2.83;3.1;13.8;17.1;85.0;104.0;35.44;709.9;0.0;44.0;8.5;0.923;30.47;13.5;55.0
3207;2.74;2.9;11.7;14.7;80.0;82.0;34.9;709.5;0.0;38.0;14.5;0.841;31.65;15.4;55.0
3208;2.66;2.9;8.3;11.4;62.0;87.0;26.7;709.0;0.0;31.0;11.0;0.706;33.16;13.5;53.0
3209;2.57;2.8;6.2;9.3;50.0;59.0;20.36;708.7;0.0;27.0;7.7;0.512;33.64;13.6;79.0
3210;2.58;2.5;5.5;8.1;49.0;50.0;18.37;708.7;0.0;27.0;5.9;0.23;33.88;10.8;103.0
3211;2.57;2.2;6.7;9.1;46.0;46.0;17.66;709.1;0.0;26.0;5.3;0.04;33.05;10.9;116.0
3212;2.65;2.2;9.5;11.9;35.0;44.0;18.26;709.6;0.0;30.0;5.3;0.004;31.42;13.5;81.0
3213;2.62;2.1;6.5;8.8;33.0;52.0;14.62;710.2;0.0;38.0;5.2;0.0;30.11;15.5;99.0
3214;2.64;2.1;4.7;6.9;30.0;49.0;10.27;710.9;0.0;50.0;5.2;0.0;28.06;13.6;87.0
3215;2.63;;4.1;6.4;30.0;48.0;9.5;711.3;0.0;53.0;5.0;0.001;26.87;11.7;83.0
3216;2.64;;4.8;7.1;28.0;46.0;9.86;711.3;0.0;57.0;4.8;0.0;25.56;11.7;57.0
3217;2.65;2.2;5.3;7.6;27.0;45.0;9.68;711.1;0.0;62.0;4.8;0.0;24.33;10.9;30.0
3218;2.65;2.2;5.8;8.2;26.0;36.0;10.32;710.9;0.0;65.0;4.7;0.0;23.6;8.3;34.0
3219;2.64;2.5;10.6;13.3;20.0;38.0;12.34;710.7;0.0;69.0;4.7;0.0;22.66;7.3;48.0
3220;2.68;2.2;11.3;13.7;18.0;50.0;13.71;710.5;0.0;72.0;4.8;0.001;22.0;3.7;108.0
3221;2.7;2.3;12.1;14.6;15.0;55.0;14.82;710.5;0.0;74.0;4.8;0.001;21.5;2.1;269.0
3222;2.8;2.7;22.1;25.0;7.0;63.0;18.69;710.6;0.0;73.0;4.9;0.002;21.94;3.6;7.0
3223;2.82;4.2;15.7;20.1;13.0;60.0;15.86;711.0;0.0;72.0;4.9;0.06;22.43;2.7;15.0
3224;2.87;8.0;15.7;23.9;17.0;53.0;17.77;711.2;0.0;66.0;5.1;0.233;23.92;4.3;16.0
3225;2.91;8.4;16.2;24.8;24.0;65.0;22.64;711.5;0.0;60.0;5.4;0.443;25.36;4.9;2.0
3226;3.32;9.0;22.6;31.9;35.0;89.0;26.82;711.6;0.0;54.0;5.9;0.639;27.21;6.3;35.0
3227;3.23;10.2;27.4;37.8;40.0;84.0;29.37;711.4;0.0;47.0;6.5;0.811;29.12;6.7;35.0
3228;2.86;7.7;23.8;31.7;51.0;90.0;26.77;711.2;0.0;36.0;10.4;0.928;31.1;8.7;55.0
3229;2.78;2.8;11.5;14.5;89.0;73.0;25.85;710.6;0.0;33.0;9.0;0.98;32.53;10.7;53.0
3230;2.71;2.7;7.4;10.3;80.0;66.0;27.17;709.9;0.0;27.0;9.1;0.962;33.83;14.8;53.0
3231;2.77;2.6;7.0;9.9;72.0;67.0;30.57;709.4;0.0;22.0;13.0;0.874;34.81;15.5;63.0
3232;2.59;3.0;5.4;8.7;55.0;61.0;21.48;708.8;0.0;17.0;7.0;0.73;35.63;13.5;78.0
3233;2.57;2.7;5.3;8.2;51.0;48.0;14.07;708.4;0.0;15.0;5.2;0.537;36.03;13.7;81.0
3234;2.49;2.5;5.8;8.5;49.0;42.0;13.22;708.3;0.0;12.0;4.9;0.225;36.1;12.0;106.0
3235;2.51;2.3;6.5;9.0;46.0;34.0;13.57;708.5;0.0;14.0;5.0;0.031;35.12;12.0;104.0
3236;2.61;2.4;10.1;12.7;38.0;38.0;14.4;708.9;0.0;17.0;5.5;0.003;33.53;12.2;85.0
3237;2.63;2.3;6.1;8.6;34.0;47.0;16.26;709.6;0.0;34.0;5.9;0.0;30.79;17.1;94.0
3238;2.66;2.2;5.6;8.0;32.0;72.0;16.34;710.2;0.0;40.0;5.3;0.0;29.25;12.5;75.0
3239;2.68;2.2;6.5;9.0;29.0;52.0;17.43;710.6;0.0;47.0;5.0;0.0;27.69;10.7;62.0
3240;2.68;;7.2;9.5;26.0;50.0;17.57;710.7;0.0;52.0;4.9;0.0;26.32;10.4;39.0
3241;2.71;3.1;15.6;18.9;16.0;48.0;19.48;710.7;0.0;57.0;5.2;0.0;25.18;7.7;33.0
3242;2.71;2.5;12.8;15.5;18.0;51.0;19.5;710.5;0.0;60.0;5.9;0.0;24.42;5.9;60.0
3243;2.73;2.4;16.3;18.9;13.0;54.0;22.25;710.2;0.0;62.0;5.8;0.0;23.85;3.2;39.0
3244;2.75;2.5;18.6;21.3;9.0;63.0;23.36;710.2;0.0;64.0;6.3;0.0;23.47;2.5;54.0
3245;2.84;2.6;12.3;15.1;12.0;64.0;22.72;710.3;0.0;67.0;5.8;0.001;22.65;1.8;303.0
3246;2.88;9.8;19.3;29.3;6.0;51.0;24.2;710.5;0.0;69.0;5.4;0.002;22.32;1.8;308.0
3247;3.02;22.7;23.6;46.6;4.0;58.0;23.42;710.7;0.0;64.0;5.7;0.058;23.29;1.9;242.0
3248;3.09;22.4;25.6;48.2;9.0;62.0;26.65;711.0;0.0;57.0;6.8;0.228;25.29;3.2;2.0
3249;3.49;41.5;39.0;80.8;11.0;78.0;34.52;711.1;0.0;52.0;7.9;0.436;26.85;4.6;47.0
3250;3.61;42.8;55.6;98.5;19.0;93.0;48.87;711.1;0.0;45.0;17.0;0.631;28.77;5.7;46.0
3251;3.35;13.1;44.7;58.1;50.0;136.0;43.67;711.0;0.0;37.0;14.9;0.805;30.56;10.2;45.0
3252;3.05;5.4;25.7;31.3;71.0;114.0;36.52;710.7;0.0;34.0;10.8;0.931;32.27;12.0;51.0
3253;2.75;3.6;12.5;16.4;64.0;104.0;26.58;710.1;0.0;25.0;10.1;0.98;34.11;18.9;63.0
3254;2.61;3.3;7.3;10.8;50.0;86.0;21.27;709.6;0.0;21.0;6.9;0.968;35.01;19.6;76.0
3255;2.61;3.2;7.6;11.1;51.0;76.0;24.82;709.2;0.0;19.0;8.3;0.872;35.52;19.7;78.0
3256;2.63;3.3;7.8;11.4;48.0;72.0;24.15;708.8;0.0;20.0;7.4;0.703;35.95;15.9;86.0
3257;2.62;2.9;7.8;11.0;49.0;61.0;24.1;708.4;0.0;18.0;8.0;0.515;36.0;14.6;91.0
3258;2.57;2.9;8.6;11.7;49.0;56.0;23.16;708.3;0.0;14.0;5.1;0.222;36.19;14.7;105.0
3259;2.56;2.3;8.8;11.4;47.0;48.0;22.73;708.5;0.0;15.0;5.0;0.042;35.21;13.5;112.0
3260;2.59;2.2;9.8;12.2;44.0;48.0;24.27;708.9;0.0;17.0;5.0;0.003;34.16;12.6;106.0
3261;2.71;2.2;8.0;10.4;34.0;49.0;;709.4;0.0;31.0;5.4;0.0;32.19;14.1;83.0
3262;2.71;;6.2;8.6;29.0;56.0;;710.0;0.0;43.0;5.3;0.0;29.5;14.0;74.0
3263;2.7;2.3;9.6;12.1;25.0;60.0;;710.3;0.0;46.0;5.2;0.0;28.2;10.6;41.0
3264;2.68;2.3;12.7;15.1;22.0;47.0;;710.4;0.0;47.0;5.7;0.0;27.17;11.3;36.0
3265;2.69;2.8;17.3;20.3;18.0;57.0;27.41;710.2;0.0;48.0;6.2;0.0;26.37;9.1;31.0
3266;2.72;2.3;18.8;21.2;15.0;55.0;24.46;709.9;0.0;56.0;7.3;0.0;25.15;8.5;22.0
3267;2.74;2.7;19.9;22.8;11.0;62.0;23.2;709.6;0.0;61.0;7.2;0.0;24.28;6.7;34.0
3268;2.75;2.8;19.3;22.4;10.0;59.0;22.82;709.6;0.0;64.0;7.5;0.0;23.63;5.7;41.0
3269;2.78;2.6;18.8;21.6;10.0;67.0;22.18;709.7;0.0;68.0;6.7;0.0;22.87;4.2;33.0
3270;2.87;6.9;25.2;32.3;4.0;70.0;24.41;709.9;0.0;70.0;6.1;0.001;22.31;3.6;16.0
3271;3.1;11.6;24.0;35.8;6.0;79.0;25.95;710.2;0.0;71.0;5.9;0.057;22.46;2.8;323.0
3272;3.5;19.3;26.7;46.1;10.0;80.0;27.54;710.5;0.0;66.0;6.7;0.22;23.78;5.3;13.0
3273;3.69;21.2;31.9;53.3;16.0;82.0;30.16;710.6;0.0;62.0;7.7;0.418;24.78;7.2;2.0
3274;3.27;14.9;30.9;46.0;26.0;92.0;32.27;710.7;0.0;57.0;8.6;0.612;26.32;7.6;34.0
3275;3.11;12.4;36.8;49.4;41.0;97.0;38.35;710.6;0.0;49.0;11.2;0.754;28.02;8.5;35.0
3276;2.95;4.2;22.9;27.2;88.0;100.0;40.38;710.4;0.0;40.0;17.3;0.887;29.87;10.4;48.0
3277;2.75;3.3;10.2;13.8;62.0;99.0;31.07;709.8;0.0;28.0;11.6;0.912;33.0;12.0;83.0
3278;2.69;2.8;6.5;9.5;55.0;64.0;28.94;709.3;0.0;24.0;6.6;0.857;34.49;12.4;108.0
3279;2.67;2.6;5.5;8.3;57.0;52.0;30.29;708.7;0.0;22.0;5.8;0.81;35.86;10.7;109.0
3280;2.67;2.7;7.7;10.6;55.0;51.0;30.79;708.1;0.0;19.0;5.2;0.437;36.46;13.1;120.0
3281;2.7;2.8;9.7;12.8;53.0;54.0;32.2;707.9;0.0;18.0;4.9;0.227;36.01;14.0;117.0
3282;2.76;3.1;12.8;16.0;48.0;56.0;33.31;707.8;0.0;18.0;5.0;0.123;35.53;13.3;124.0
3283;2.66;2.4;11.7;14.3;47.0;59.0;29.34;708.0;0.0;16.0;4.8;0.051;34.94;13.1;121.0
3284;2.6;2.2;10.0;12.4;50.0;55.0;29.46;708.4;0.0;14.0;4.8;0.003;34.25;14.0;108.0
3285;2.8;2.3;11.8;14.2;33.0;68.0;30.44;708.9;0.0;35.0;6.2;0.0;31.46;14.7;67.0
3286;2.75;2.2;7.6;10.0;32.0;93.0;26.3;709.4;0.0;41.0;6.1;0.0;29.84;9.9;72.0
3287;2.73;2.1;6.6;8.9;35.0;69.0;26.53;709.7;0.0;39.0;5.8;0.0;29.55;8.7;78.0
3288;2.84;2.1;8.3;10.6;33.0;59.0;37.29;709.7;0.0;50.0;5.3;0.0;27.67;10.2;38.0
3289;2.9;2.2;11.9;14.3;27.0;64.0;46.02;709.8;0.0;56.0;5.2;0.0;26.3;9.5;11.0
3290;2.86;2.3;15.4;18.0;17.0;71.0;34.12;709.6;0.0;59.0;6.1;0.0;25.43;7.4;50.0
3291;2.76;2.2;9.1;11.4;20.0;71.0;23.7;708.9;0.0;63.0;6.6;0.0;24.44;7.1;57.0
3292;2.75;2.6;17.6;20.4;11.0;64.0;22.86;708.9;0.0;67.0;6.2;0.0;23.5;6.6;23.0
3293;2.77;2.6;18.4;21.2;10.0;66.0;21.58;709.1;0.0;68.0;5.9;0.0;23.01;6.6;14.0
3294;2.81;4.4;21.1;25.7;7.0;70.0;22.18;709.5;0.0;71.0;5.7;0.001;22.47;6.6;32.0
3295;3.0;11.2;24.1;35.5;5.0;62.0;24.72;710.0;0.0;73.0;5.5;0.028;22.16;6.0;36.0
3296;3.15;20.6;25.4;46.1;8.0;75.0;28.23;710.5;0.0;71.0;5.8;0.198;22.77;7.2;65.0
3297;3.2;19.0;27.0;46.2;14.0;84.0;31.32;710.4;0.0;66.0;6.7;0.389;24.36;5.1;59.0
3298;3.34;14.1;32.8;47.2;25.0;95.0;36.19;710.4;0.0;59.0;7.5;0.455;26.07;5.6;29.0
3299;3.45;15.3;41.9;57.5;36.0;106.0;46.76;710.1;0.0;52.0;8.1;0.722;28.02;7.5;51.0
3300;3.29;10.5;39.8;50.5;53.0;131.0;50.18;709.9;0.0;47.0;10.6;0.837;29.46;9.0;60.0
3301;3.16;4.1;25.8;30.1;101.0;129.0;49.78;709.3;0.0;43.0;11.8;0.896;30.89;10.4;64.0
3302;3.05;2.6;16.8;19.5;115.0;122.0;53.47;708.7;0.0;39.0;14.7;0.881;32.59;12.1;52.0
3303;2.95;2.7;12.3;15.2;84.0;119.0;41.7;707.9;0.0;35.0;12.6;0.813;34.3;14.6;69.0
3304;2.88;2.5;9.3;12.0;71.0;100.0;34.52;707.5;0.0;35.0;7.9;0.652;34.03;16.1;112.0
3305;2.86;2.6;9.4;12.2;68.0;93.0;35.43;707.1;0.0;31.0;6.7;0.501;34.07;14.4;99.0
3306;2.86;2.6;9.5;12.2;52.0;101.0;33.42;707.1;0.0;35.0;5.9;0.162;32.74;15.6;107.0
3307;2.84;2.3;8.1;10.5;41.0;87.0;33.47;708.0;0.0;40.0;5.4;0.008;30.99;13.8;116.0
3308;2.66;2.1;6.7;9.0;46.0;71.0;23.33;706.9;0.0;24.0;5.2;0.001;33.01;15.0;137.0
3309;2.73;2.1;10.7;13.0;39.0;71.0;25.29;707.5;0.0;23.0;5.5;0.0;33.51;12.4;258.0
3310;2.75;2.2;16.0;18.4;29.0;101.0;27.22;707.5;0.0;32.0;5.5;0.0;31.63;11.4;358.0
3311;2.82;2.2;14.6;17.0;19.0;99.0;25.38;708.4;0.0;52.0;5.4;0.0;27.77;9.6;333.0
3312;2.87;;14.0;16.4;18.0;80.0;24.16;708.2;0.0;55.0;6.7;0.001;27.0;9.3;301.0
3313;2.83;;15.7;18.1;16.0;69.0;27.29;708.0;0.0;57.0;7.3;0.0;26.4;8.6;9.0
3314;2.79;2.3;16.7;19.2;14.0;65.0;26.73;707.7;0.0;63.0;7.0;0.0;25.22;7.3;17.0
3315;2.82;2.3;20.0;22.4;10.0;67.0;26.88;707.4;0.0;66.0;6.3;0.0;24.6;4.9;354.0
3316;2.89;2.4;20.4;23.0;10.0;63.0;27.86;707.3;0.0;68.0;5.7;0.0;24.2;5.5;20.0
3317;2.9;3.5;23.6;27.3;6.0;70.0;28.58;707.2;0.0;71.0;5.5;0.0;23.48;4.8;46.0
3318;2.9;4.1;22.2;26.5;6.0;79.0;26.12;707.2;0.0;74.0;5.3;0.002;22.71;2.7;42.0
3319;3.08;16.3;26.1;42.5;4.0;68.0;28.63;707.3;0.0;74.0;5.2;0.057;23.18;2.1;33.0
3320;3.25;20.0;27.1;47.2;8.0;77.0;31.85;707.5;0.0;68.0;5.4;0.184;24.6;3.8;21.0
3321;3.38;19.4;31.1;50.7;16.0;94.0;36.4;707.6;0.0;63.0;5.8;0.407;25.92;5.2;32.0
3322;3.62;20.8;44.1;65.1;24.0;116.0;46.57;707.5;0.0;56.0;7.1;0.59;27.79;6.4;72.0
3323;3.5;13.9;43.5;57.6;43.0;143.0;52.06;707.3;0.0;49.0;10.4;0.753;29.29;9.0;52.0
3324;3.25;4.9;27.9;32.9;82.0;137.0;46.58;706.8;0.0;40.0;12.6;0.868;31.23;9.9;48.0
3325;3.06;2.9;17.5;20.6;104.0;122.0;43.53;706.2;0.0;33.0;12.2;0.928;33.53;12.4;52.0
3326;2.94;2.7;15.2;18.0;108.0;114.0;45.73;705.5;0.0;27.0;13.5;0.888;35.18;14.5;60.0
3327;2.89;2.5;12.0;14.8;98.0;106.0;42.66;705.0;0.0;26.0;14.5;0.772;36.18;16.7;87.0
3328;2.83;2.3;10.6;13.1;67.0;99.0;35.85;704.7;0.0;28.0;8.1;0.096;34.18;14.1;126.0
3329;2.87;2.8;11.4;14.4;61.0;81.0;37.12;704.1;0.0;29.0;6.7;0.399;34.08;13.4;116.0
3330;2.85;3.3;10.5;14.0;57.0;78.0;36.07;703.8;0.0;26.0;6.0;0.225;34.87;11.3;113.0
3331;2.83;2.2;10.3;12.7;52.0;72.0;36.0;704.0;0.0;28.0;5.5;0.042;33.56;10.7;118.0
3332;2.85;2.2;10.7;13.2;43.0;70.0;33.37;704.6;0.0;31.0;5.4;0.005;32.97;10.2;92.0
3333;2.91;;8.2;10.7;29.0;67.0;36.21;704.8;0.0;45.0;5.4;0.0;31.2;14.2;69.0
3334;2.94;;8.5;10.9;25.0;90.0;38.95;704.8;0.0;52.0;5.2;0.0;29.77;10.8;81.0
3335;2.9;2.1;5.7;7.9;28.0;75.0;38.48;704.7;0.0;52.0;5.6;0.0;29.27;7.9;87.0
3336;2.96;2.1;11.3;13.7;21.0;76.0;43.46;704.6;0.0;57.0;5.1;0.0;28.35;7.5;37.0
3337;2.96;;6.9;9.1;24.0;77.0;45.9;704.5;0.0;63.0;4.8;0.0;26.91;8.4;69.0
3338;2.96;5.1;22.7;28.0;10.0;80.0;49.9;704.4;0.0;66.0;4.8;0.0;26.14;6.6;40.0
3339;2.97;7.9;30.8;38.9;3.0;112.0;50.67;703.9;0.0;68.0;;0.0;25.48;2.7;58.0
3340;3.04;5.2;28.0;33.4;5.0;99.0;50.8;703.7;0.0;69.0;5.1;0.0;25.3;3.4;2.0
3341;3.08;2.6;18.8;21.5;9.0;110.0;49.49;703.8;0.0;71.0;4.9;0.001;24.83;2.0;296.0
3342;3.15;6.1;22.0;28.3;4.0;76.0;50.24;703.9;0.0;71.0;5.0;0.002;24.71;2.0;290.0
3343;3.39;22.9;25.9;49.0;3.0;94.0;50.67;704.1;0.0;70.0;5.0;0.056;25.32;2.6;109.0
3344;4.05;45.0;38.5;83.8;6.0;101.0;57.3;704.3;0.0;64.0;5.1;0.235;27.04;5.6;94.0
3345;4.1;36.7;55.7;92.6;13.0;122.0;59.38;704.2;0.0;45.0;6.2;0.361;30.7;5.6;84.0
3346;3.34;20.7;34.9;55.9;35.0;161.0;43.12;704.2;0.0;21.0;7.7;0.346;34.8;10.7;274.0
3347;;;;;;;;;;;;0.0;;;
3348;2.54;3.2;7.0;10.4;60.0;106.0;26.6;703.8;0.0;6.0;5.0;0.897;38.41;21.0;305.0
3349;2.53;3.1;7.4;10.7;62.0;153.0;23.67;703.2;0.0;4.0;5.1;0.953;39.32;19.5;305.0
3350;2.55;2.9;7.5;10.7;64.0;101.0;26.46;702.6;0.0;4.0;5.2;0.895;40.43;15.8;289.0
3351;2.86;2.5;12.1;14.8;88.0;88.0;54.24;702.6;0.0;13.0;7.8;0.693;39.74;11.2;113.0
3352;2.88;2.5;14.6;17.2;90.0;100.0;42.69;702.2;0.0;15.0;7.3;0.446;38.87;15.7;116.0
3353;2.83;;14.8;17.5;86.0;96.0;36.28;702.2;0.0;12.0;6.6;0.327;39.02;14.0;122.0
3354;2.84;2.6;14.2;16.9;86.0;85.0;34.53;702.2;0.0;13.0;6.4;0.19;38.74;12.7;128.0
3355;2.76;2.3;11.3;13.8;82.0;79.0;33.36;702.4;0.0;14.0;6.1;0.053;37.92;12.1;134.0
3356;2.86;2.2;15.8;18.1;66.0;78.0;34.97;702.8;0.0;17.0;5.9;0.005;36.58;8.2;128.0
3357;3.06;2.3;15.5;17.9;46.0;75.0;41.72;703.5;0.0;28.0;5.7;0.0;34.73;10.2;76.0
3358;2.99;2.2;10.7;13.1;38.0;94.0;44.15;704.5;0.0;34.0;5.6;0.0;32.92;10.1;72.0
3359;2.91;2.5;26.7;29.4;23.0;103.0;37.85;705.2;0.0;29.0;8.7;0.0;31.89;7.4;31.0
3360;2.83;2.4;26.8;29.4;23.0;84.0;34.95;705.4;0.0;30.0;14.8;0.0;30.83;9.0;33.0
3361;2.81;2.3;14.6;17.0;32.0;75.0;32.51;705.1;0.0;34.0;18.8;0.0;29.86;7.5;30.0
3362;2.87;2.1;6.2;8.5;36.0;68.0;37.38;705.2;0.0;50.0;7.7;0.0;27.84;7.6;44.0
3363;2.9;2.1;6.2;8.5;33.0;73.0;39.7;705.4;0.0;56.0;5.7;0.0;27.11;5.9;18.0
3364;2.94;;7.9;10.2;26.0;71.0;43.24;705.8;0.0;66.0;4.9;0.0;25.74;7.8;40.0
3365;2.96;3.1;16.3;19.5;16.0;77.0;46.98;706.2;0.0;68.0;5.0;0.0;24.86;6.6;43.0
3366;2.99;6.2;28.2;34.5;6.0;87.0;49.19;706.6;0.0;70.0;5.4;0.002;24.3;6.2;46.0
3367;3.03;10.8;29.1;40.1;6.0;78.0;47.03;707.0;0.0;70.0;5.7;0.053;24.21;3.3;357.0
3368;3.17;13.8;26.9;40.9;11.0;91.0;50.11;707.3;0.0;65.0;6.2;0.207;25.59;4.5;344.0
3369;3.45;15.1;29.8;45.1;18.0;100.0;54.8;707.6;0.0;59.0;6.4;0.393;27.28;4.8;17.0
3370;3.48;20.0;38.8;59.1;22.0;104.0;60.67;707.6;0.0;55.0;7.6;0.585;28.46;6.9;19.0
3371;3.37;10.8;34.5;45.5;41.0;124.0;60.64;707.5;0.0;48.0;9.7;0.745;30.14;8.1;51.0
3372;3.24;4.9;24.5;29.6;72.0;121.0;57.69;707.4;0.0;39.0;11.3;0.848;32.05;8.3;67.0
3373;3.13;2.9;14.4;17.5;88.0;115.0;51.55;707.0;0.0;35.0;8.2;0.915;33.87;10.8;50.0
3374;3.03;2.6;12.8;15.7;99.0;97.0;51.13;706.7;0.0;28.0;7.6;0.897;35.84;10.9;51.0
3375;2.96;2.5;10.2;12.9;95.0;94.0;47.8;706.5;0.0;23.0;7.1;0.79;37.2;12.8;57.0
3376;2.91;2.4;8.6;11.1;86.0;87.0;46.73;706.1;0.0;20.0;7.1;0.614;38.1;12.8;67.0
3377;2.76;2.2;6.0;8.5;74.0;78.0;40.36;706.0;0.0;18.0;5.9;0.396;38.25;11.8;130.0
3378;2.73;2.2;6.6;9.0;71.0;64.0;37.8;706.2;0.0;16.0;6.0;0.191;37.98;12.6;116.0
3379;2.89;;11.0;13.4;66.0;61.0;42.76;706.6;0.0;19.0;8.6;0.054;37.03;12.9;79.0
3380;3.05;;11.2;13.5;49.0;75.0;47.69;707.3;0.0;26.0;5.8;0.004;35.03;14.0;72.0
3381;3.02;;11.5;13.9;46.0;87.0;48.39;708.1;0.0;30.0;5.5;0.0;34.02;10.7;77.0
3382;3.03;;10.2;12.5;31.0;80.0;40.63;708.5;0.0;38.0;5.3;0.0;32.5;12.3;62.0
3383;2.97;;10.8;13.1;29.0;81.0;;708.8;0.0;37.0;6.3;0.0;31.64;10.3;55.0
3384;2.93;2.1;9.4;11.7;26.0;68.0;;708.8;0.0;42.0;6.7;0.0;30.19;11.6;55.0
3385;2.89;2.2;8.4;10.8;23.0;67.0;28.57;708.9;0.0;50.0;6.2;0.0;28.24;12.6;50.0
3386;2.92;2.1;7.6;9.9;23.0;63.0;26.19;708.8;0.0;55.0;5.8;0.0;26.94;9.6;60.0
3387;2.87;2.1;4.8;7.0;23.0;54.0;24.6;709.3;0.0;63.0;5.4;0.0;25.78;11.9;52.0
3388;2.87;;4.4;6.6;;52.0;24.67;709.6;0.0;68.0;5.2;0.0;25.06;9.3;44.0
3389;2.87;;3.7;6.0;21.0;57.0;24.21;710.4;0.0;75.0;4.9;0.001;24.01;12.2;60.0
3390;2.88;2.7;10.6;13.5;16.0;48.0;31.56;711.5;0.0;75.0;4.7;0.001;24.06;10.8;47.0
3391;2.92;2.2;6.7;9.1;20.0;71.0;29.82;712.5;0.0;78.0;4.7;0.001;23.62;8.6;69.0
3392;2.96;2.5;8.4;11.1;18.0;58.0;31.27;712.9;0.0;84.0;4.5;0.025;22.95;10.4;73.0
3393;2.99;2.5;5.6;8.4;21.0;43.0;33.6;713.2;0.0;82.0;4.5;0.085;23.29;11.0;81.0
3394;2.98;2.8;6.0;9.0;23.0;66.0;34.35;713.4;0.0;75.0;4.6;0.147;24.36;7.2;96.0
3395;2.92;2.6;5.1;8.0;27.0;74.0;35.09;713.4;0.0;70.0;4.5;0.146;24.92;9.1;110.0
3396;2.93;2.7;5.4;8.4;27.0;59.0;32.08;713.4;0.0;69.0;4.5;0.272;25.28;8.2;115.0
3397;2.9;2.7;4.5;7.4;32.0;51.0;32.66;713.1;0.0;60.0;4.4;0.574;27.02;12.1;119.0
3398;2.91;;5.3;8.3;34.0;56.0;36.07;712.8;0.0;55.0;4.6;0.459;27.89;9.9;135.0
3399;2.89;2.6;4.6;7.4;36.0;58.0;37.0;712.2;0.0;50.0;4.7;0.451;29.23;11.7;129.0
3400;2.88;2.7;6.1;9.0;37.0;68.0;33.99;711.8;0.0;50.0;4.7;0.291;28.58;16.6;98.0
3401;2.89;2.6;5.4;8.1;37.0;76.0;25.55;712.1;0.0;62.0;;0.182;25.27;16.1;75.0
3402;2.85;2.5;5.3;8.0;35.0;56.0;24.43;711.4;0.0;60.0;4.6;0.1;25.68;11.3;94.0
3403;2.88;2.4;6.7;9.2;32.0;48.0;21.61;711.5;0.0;62.0;4.8;0.04;25.03;13.4;79.0
3404;2.84;2.2;5.7;8.1;30.0;51.0;21.49;711.8;0.0;61.0;4.7;0.003;25.15;10.7;98.0
3405;2.89;2.2;5.9;8.3;27.0;51.0;23.57;712.5;0.0;72.0;4.6;0.001;24.03;12.6;91.0
3406;2.88;;5.1;7.5;28.0;47.0;19.28;713.1;0.0;78.0;4.6;0.001;22.96;9.9;82.0
3407;2.87;;4.8;7.2;27.0;51.0;20.33;713.3;0.0;79.0;4.5;0.001;22.59;10.1;82.0
3408;2.83;2.1;3.6;5.9;27.0;50.0;16.18;713.0;0.0;82.0;4.5;0.001;21.91;13.2;78.0
3409;2.79;2.1;3.6;5.9;31.0;48.0;10.5;712.9;0.0;87.0;4.6;0.001;20.27;15.1;67.0
3410;2.79;;2.2;4.5;31.0;28.0;8.85;711.9;0.0;86.0;4.6;0.001;20.59;11.1;72.0
3411;2.81;;2.8;5.1;27.0;32.0;9.81;711.2;0.0;83.0;;0.001;21.16;6.8;37.0
3412;2.79;2.3;3.5;6.0;24.0;36.0;11.66;710.8;0.0;83.0;4.5;0.001;21.22;7.1;70.0
3413;2.81;2.5;6.1;8.8;21.0;37.0;12.76;710.8;0.0;85.0;4.6;0.001;20.94;8.5;44.0
3414;2.89;2.6;10.7;13.6;17.0;44.0;12.83;711.0;0.0;87.0;4.5;0.001;20.75;8.9;51.0
3415;3.06;5.1;17.8;23.2;11.0;41.0;9.19;711.2;0.0;87.0;4.5;0.009;20.95;7.6;49.0
3416;3.18;6.7;18.3;25.2;10.0;30.0;10.65;711.5;0.0;86.0;4.6;0.035;21.31;8.9;49.0
3417;3.13;5.8;15.7;21.7;13.0;38.0;12.0;711.6;0.0;86.0;4.5;0.078;21.53;9.5;68.0
3418;3.05;4.9;11.8;17.0;18.0;32.0;11.65;711.5;0.0;84.0;4.5;0.15;21.78;9.9;68.0
3419;3.08;5.5;11.3;17.1;20.0;42.0;11.96;711.4;0.0;84.0;;0.224;22.02;11.2;69.0
3420;3.13;5.1;11.7;17.0;21.0;39.0;14.99;710.9;0.0;83.0;;0.193;22.33;10.6;66.0
3421;3.12;6.1;11.5;17.8;23.0;42.0;17.19;710.3;0.0;82.0;;0.396;23.09;13.0;60.0
3422;3.11;5.0;11.6;16.8;23.0;49.0;19.38;709.8;0.0;79.0;;0.207;23.23;11.0;71.0
3423;3.18;7.4;17.0;24.6;20.0;57.0;20.91;709.1;0.0;79.0;;0.209;23.56;8.8;50.0
3424;3.31;11.2;29.1;40.5;11.0;46.0;20.85;708.5;0.0;80.0;4.6;0.083;23.7;6.9;4.0
3425;3.41;9.8;31.0;41.0;9.0;90.0;21.67;708.0;0.0;82.0;4.6;0.055;23.37;3.7;13.0
3426;3.41;8.6;24.4;33.2;13.0;62.0;21.19;707.8;0.0;84.0;;0.093;23.37;8.0;39.0
3427;3.21;4.7;20.3;25.2;13.0;59.0;20.08;707.7;0.0;83.0;4.5;0.024;23.1;10.0;54.0
3428;3.04;3.0;15.0;18.2;16.0;42.0;19.05;707.8;0.0;83.0;4.5;0.002;22.89;8.6;44.0
3429;3.04;8.8;21.7;30.7;8.0;39.0;23.59;707.8;0.0;83.0;;0.001;22.88;7.7;28.0
3430;3.03;5.2;24.7;30.1;5.0;71.0;23.69;708.0;0.0;83.0;;0.001;22.99;7.0;36.0
3431;2.98;3.7;20.5;24.5;7.0;71.0;24.14;708.2;0.0;83.0;;0.001;23.09;8.4;35.0
3432;2.91;2.6;11.3;14.0;16.0;46.0;17.03;708.2;0.0;83.0;4.4;0.001;22.07;11.7;13.0
3433;3.0;2.3;7.5;10.0;24.0;44.0;11.23;707.9;0.0;82.0;4.5;0.001;20.77;10.1;352.0
3434;3.18;2.3;12.5;14.9;23.0;34.0;11.69;707.9;0.0;81.0;4.5;0.001;20.62;7.8;357.0
3435;3.13;2.4;14.6;17.2;21.0;39.0;13.08;707.7;0.0;82.0;;0.001;20.39;5.6;13.0
3436;2.91;2.6;14.4;17.2;17.0;35.0;10.26;707.8;0.0;86.0;4.6;0.001;19.92;7.3;34.0
3437;2.83;2.3;7.7;10.2;24.0;35.0;3.59;707.4;0.0;88.0;4.5;0.001;19.59;8.3;60.0
3438;2.88;2.7;11.2;14.1;21.0;22.0;4.27;707.4;0.0;88.0;4.6;0.001;19.42;10.7;57.0
3439;3.09;4.5;20.4;25.1;12.0;21.0;5.82;707.6;0.0;89.0;4.5;0.005;19.35;8.0;61.0
3440;3.02;4.5;14.3;19.0;18.0;24.0;5.65;707.6;0.0;88.0;4.6;0.069;19.39;9.3;73.0
3441;3.07;8.2;14.0;22.4;19.0;26.0;6.24;707.4;0.0;83.0;4.6;0.249;20.91;8.0;48.0
3442;3.07;15.0;21.7;36.9;13.0;33.0;12.25;707.2;0.0;77.0;;0.25;21.54;8.6;33.0
3443;3.06;7.7;15.6;23.5;18.0;48.0;11.2;707.1;0.0;79.0;;0.19;21.31;8.7;53.0
3444;3.05;5.5;14.2;19.9;18.0;43.0;11.75;707.1;0.0;81.0;;0.116;20.75;8.5;45.0
3445;3.07;6.2;13.1;19.6;23.0;39.0;10.26;706.9;0.0;78.0;;0.241;21.77;8.8;58.0
3446;3.02;6.2;11.7;18.1;25.0;38.0;10.37;706.4;0.0;75.0;4.5;0.354;22.59;10.7;39.0
3447;3.02;7.4;13.7;21.4;23.0;47.0;13.41;705.8;0.0;71.0;4.5;0.335;23.99;9.1;54.0
3448;3.05;4.5;12.9;17.6;20.0;50.0;11.94;705.4;0.0;71.0;4.6;0.087;23.97;7.9;94.0
3449;3.29;12.6;23.0;35.9;14.0;46.0;17.42;705.1;0.0;75.0;4.6;0.271;24.25;6.8;53.0
3450;3.46;12.8;29.9;43.0;15.0;60.0;22.8;704.4;0.0;67.0;4.5;0.191;26.0;6.6;340.0
3451;3.61;9.0;34.9;44.1;14.0;78.0;25.39;704.1;0.0;67.0;4.5;0.048;25.86;7.4;338.0
3452;3.47;4.7;36.5;41.4;9.0;91.0;26.89;704.3;0.0;70.0;;0.005;25.27;6.4;332.0
3453;3.54;6.9;36.2;43.4;3.0;93.0;27.85;704.5;0.0;72.0;4.6;0.0;24.88;5.7;325.0
3454;3.25;4.9;24.0;29.1;11.0;79.0;26.97;704.8;0.0;69.0;4.5;0.001;25.01;4.0;303.0
3455;3.35;9.8;31.9;41.9;2.0;79.0;31.01;705.8;0.0;75.0;4.6;0.001;23.98;3.5;2.0
3456;3.15;8.6;28.4;37.2;2.0;83.0;30.69;705.6;0.0;78.0;4.6;0.0;23.66;4.6;358.0
3457;3.18;7.9;23.0;31.1;2.0;99.0;32.04;705.1;0.0;81.0;;0.001;22.87;2.5;290.0
3458;3.13;5.1;20.2;25.6;3.0;87.0;32.55;704.8;0.0;83.0;4.5;0.001;22.41;3.2;300.0
3459;3.01;4.5;18.5;23.3;3.0;112.0;29.32;704.6;0.0;83.0;4.5;0.001;22.44;3.3;358.0
3460;3.02;7.6;18.3;26.2;2.0;87.0;31.73;705.2;0.0;83.0;;0.001;22.36;4.3;359.0
3461;2.96;4.3;16.8;21.2;3.0;95.0;29.95;706.3;0.0;82.0;;0.001;22.27;4.1;8.0
3462;3.03;4.8;13.6;18.6;4.0;105.0;29.93;707.9;0.0;82.0;4.4;0.001;22.16;6.6;29.0
3463;3.18;8.9;14.6;23.7;5.0;82.0;30.91;708.6;0.0;81.0;4.6;0.01;22.41;3.4;136.0
3464;3.29;10.0;14.5;24.7;7.0;90.0;33.86;709.3;0.0;78.0;4.6;0.076;23.29;3.7;22.0
3465;3.31;11.8;14.2;26.3;10.0;95.0;19.0;709.9;0.0;77.0;4.7;0.099;22.33;11.9;10.0
3466;3.12;5.1;14.7;20.0;23.0;66.0;6.36;710.5;0.0;71.0;4.6;0.11;21.1;11.6;39.0
3467;2.96;6.8;16.7;23.7;23.0;44.0;8.21;710.7;0.0;70.0;4.7;0.189;21.3;9.0;59.0
3468;3.02;5.3;16.8;22.4;22.0;46.0;11.86;710.9;0.0;78.0;4.6;0.097;20.36;6.3;38.0
3469;2.92;4.6;10.0;14.8;29.0;42.0;10.04;710.5;0.0;73.0;4.6;0.281;21.63;10.8;82.0
3470;2.84;4.4;8.1;12.7;35.0;39.0;7.32;710.2;0.0;63.0;;0.565;23.39;11.9;76.0
3471;2.94;6.0;13.8;20.1;41.0;43.0;14.91;709.7;0.0;58.0;4.7;0.621;24.59;8.2;47.0
3472;2.88;4.6;12.0;16.9;53.0;48.0;9.99;709.2;0.0;50.0;4.8;0.703;25.86;10.1;60.0
3473;2.89;4.3;12.0;16.5;51.0;45.0;9.13;708.9;0.0;51.0;4.8;0.519;26.5;9.2;49.0
3474;2.93;4.4;13.4;18.0;43.0;41.0;8.94;708.8;0.0;50.0;;0.216;27.08;9.8;44.0
3475;2.92;3.1;10.9;14.3;42.0;44.0;7.99;709.1;0.0;53.0;4.7;0.036;26.3;10.6;67.0
3476;2.86;2.4;8.1;10.8;41.0;42.0;8.56;709.7;0.0;56.0;4.6;0.005;25.16;9.9;120.0
3477;2.86;2.3;8.5;11.1;36.0;36.0;;710.3;0.0;60.0;4.6;0.001;24.49;10.2;116.0
3478;2.87;2.3;10.0;12.5;37.0;30.0;;710.9;0.0;60.0;;0.001;24.32;8.6;85.0
3479;2.8;;7.6;10.1;39.0;36.0;;711.3;0.0;59.0;4.7;0.001;23.92;10.1;59.0
3480;2.83;;5.9;8.4;38.0;39.0;;711.5;0.0;60.0;5.1;0.001;23.4;8.9;55.0
3481;2.77;;4.9;7.4;40.0;35.0;;711.7;0.0;62.0;5.5;0.001;23.26;7.1;61.0
3482;2.76;2.2;3.8;6.2;41.0;30.0;;711.7;0.0;62.0;5.1;0.001;23.34;7.7;90.0
3483;2.76;2.1;3.5;5.8;40.0;36.0;;711.6;0.0;63.0;4.9;0.001;23.19;6.9;105.0
3484;2.77;2.1;3.4;5.8;41.0;34.0;;711.5;0.0;64.0;4.8;0.001;22.99;8.1;106.0
3485;2.78;;4.3;6.7;40.0;32.0;;711.5;0.0;64.0;4.7;0.001;22.89;7.3;105.0
3486;2.92;2.7;16.3;19.1;27.0;27.0;;711.9;0.0;67.0;4.7;0.002;22.39;4.5;64.0
3487;2.96;3.3;15.5;18.9;30.0;36.0;;712.2;0.0;66.0;4.6;0.058;22.75;4.4;55.0
3488;2.9;3.4;10.7;14.3;37.0;44.0;;712.5;0.0;62.0;4.6;0.178;24.12;4.5;49.0
3489;2.94;3.6;11.1;14.9;39.0;47.0;;712.7;0.0;60.0;;0.185;24.81;4.9;116.0
3490;3.0;4.4;12.5;17.2;42.0;40.0;;712.6;0.0;57.0;4.7;0.487;25.99;6.8;98.0
3491;2.97;3.8;9.8;13.8;50.0;45.0;;712.4;0.0;55.0;4.7;0.68;26.9;8.8;37.0
3492;2.9;3.4;7.8;11.4;53.0;53.0;;712.1;0.0;50.0;4.6;0.918;28.26;8.8;31.0
3493;2.92;3.9;9.8;14.0;53.0;49.0;;711.6;0.0;47.0;4.7;0.953;29.19;9.8;33.0
3494;2.92;3.3;8.2;11.7;55.0;46.0;;711.0;0.0;45.0;4.7;0.939;30.42;9.8;55.0
3495;2.93;3.7;8.6;12.5;51.0;44.0;13.63;710.5;0.0;43.0;4.8;0.858;31.37;11.6;51.0
3496;2.88;3.0;6.0;9.2;53.0;49.0;12.36;709.9;0.0;39.0;4.8;0.719;32.56;11.1;116.0
3497;2.89;2.9;6.2;9.3;50.0;48.0;12.18;709.6;0.0;37.0;;0.534;33.21;10.7;114.0
3498;2.89;2.9;6.7;9.9;46.0;40.0;11.21;709.5;0.0;37.0;4.7;0.22;33.03;13.5;99.0
3499;2.89;2.6;7.2;10.0;41.0;43.0;11.24;709.6;0.0;38.0;4.7;0.035;32.53;13.1;102.0
3500;2.92;2.3;9.0;11.5;37.0;42.0;12.89;710.0;0.0;40.0;;0.005;31.58;10.0;102.0
3501;2.94;2.3;10.3;12.8;31.0;63.0;14.22;710.4;0.0;42.0;4.6;0.0;30.9;9.5;99.0
3502;2.89;;7.5;10.0;29.0;184.0;13.47;710.8;0.0;43.0;4.6;0.0;30.14;11.2;103.0
3503;2.97;;7.5;10.0;27.0;38.0;16.84;711.0;0.0;51.0;;0.0;28.94;7.8;69.0
3504;2.87;2.2;4.3;6.7;27.0;54.0;17.88;711.2;0.0;58.0;4.5;0.001;27.75;11.7;100.0
3505;2.89;2.3;4.1;6.6;23.0;52.0;20.61;711.2;0.0;65.0;4.6;0.001;26.52;12.0;90.0
3506;2.9;2.2;4.1;6.4;20.0;55.0;23.04;711.1;0.0;71.0;4.5;0.0;25.51;9.0;64.0
3507;2.89;2.2;4.7;7.1;17.0;82.0;27.42;711.0;0.0;76.0;4.6;0.0;24.59;8.4;40.0
3508;2.92;;4.8;7.2;14.0;58.0;29.53;711.0;0.0;78.0;4.5;0.0;24.09;6.8;53.0
3509;2.94;2.3;7.4;9.8;10.0;62.0;31.18;711.2;0.0;81.0;4.5;0.001;23.67;6.1;55.0
3510;3.03;3.1;12.3;15.6;6.0;81.0;34.38;711.4;0.0;81.0;;0.002;23.51;5.7;74.0
3511;3.17;8.4;14.9;23.5;4.0;70.0;36.61;711.7;0.0;81.0;4.6;0.037;23.5;5.6;61.0
3512;3.24;12.1;15.1;27.5;6.0;100.0;39.55;712.2;0.0;80.0;4.7;0.102;23.75;7.0;46.0
3513;3.22;13.5;15.6;29.4;10.0;83.0;42.84;712.7;0.0;74.0;4.6;0.296;24.92;7.0;49.0
3514;3.17;11.6;16.5;28.4;17.0;109.0;43.85;713.0;0.0;66.0;4.6;0.547;26.3;9.5;44.0
3515;3.14;7.8;16.8;24.9;29.0;100.0;43.49;713.0;0.0;59.0;;0.629;27.65;8.3;54.0
3516;3.11;5.7;15.2;21.2;41.0;97.0;40.96;712.7;0.0;56.0;4.5;0.872;28.71;10.9;46.0
3517;3.06;4.4;12.0;16.6;45.0;96.0;35.57;712.2;0.0;53.0;4.6;0.926;29.64;13.6;45.0
3518;3.02;3.5;8.4;12.2;43.0;85.0;29.8;711.6;0.0;47.0;4.6;0.908;31.19;13.8;43.0
3519;2.99;3.0;6.3;9.6;42.0;70.0;26.98;711.0;0.0;40.0;4.7;0.84;32.69;13.8;88.0
3520;2.97;3.0;6.2;9.5;42.0;68.0;30.46;710.4;0.0;36.0;4.9;0.691;33.64;12.0;89.0
3521;2.95;3.1;6.8;10.1;42.0;66.0;32.17;709.8;0.0;33.0;5.0;0.483;34.23;11.6;83.0
3522;2.95;3.2;8.6;12.0;40.0;61.0;34.9;709.5;0.0;34.0;5.1;0.217;33.92;14.5;68.0
3523;2.94;2.6;8.5;11.3;38.0;71.0;32.54;709.8;0.0;33.0;5.5;0.047;33.13;16.3;73.0
3524;2.97;2.3;11.2;13.7;29.0;70.0;27.67;710.2;0.0;37.0;5.8;0.005;32.02;16.2;76.0
3525;2.89;2.2;6.6;9.0;30.0;62.0;24.75;710.5;0.0;41.0;5.2;0.0;30.5;14.7;120.0
3526;2.87;2.1;5.6;7.9;29.0;69.0;22.12;710.8;0.0;45.0;4.8;0.0;29.62;12.0;107.0
3527;2.86;2.1;4.5;6.8;28.0;54.0;22.57;711.0;0.0;49.0;4.8;0.0;28.14;12.2;114.0
3528;2.88;;5.3;7.6;27.0;52.0;23.22;710.9;0.0;51.0;4.7;0.001;27.47;8.5;80.0
3529;2.93;;7.7;10.0;19.0;51.0;22.51;710.7;0.0;59.0;4.7;0.0;26.31;7.7;39.0
3530;2.92;2.6;10.0;12.7;16.0;54.0;23.19;710.4;0.0;61.0;;0.0;25.58;8.4;44.0
3531;2.92;3.6;9.5;13.3;11.0;55.0;22.79;710.2;0.0;68.0;;0.0;24.45;7.2;34.0
3532;2.92;3.8;8.0;12.1;9.0;59.0;20.76;710.3;0.0;74.0;;0.001;23.47;6.9;58.0
3533;2.97;8.5;15.2;24.0;2.0;70.0;26.55;710.3;0.0;78.0;4.6;0.001;22.91;2.8;113.0
3534;3.06;7.6;15.8;23.7;2.0;61.0;28.35;710.4;0.0;80.0;4.6;0.003;22.43;1.8;238.0
3535;3.2;6.5;14.5;21.2;5.0;60.0;31.39;710.7;0.0;79.0;4.7;0.05;23.03;1.9;299.0
3536;3.22;9.5;13.1;22.9;9.0;87.0;31.49;710.9;0.0;74.0;4.7;0.196;24.05;4.5;357.0
3537;3.22;10.1;14.9;25.2;16.0;71.0;36.63;711.0;0.0;67.0;4.8;0.441;25.63;5.6;14.0
3538;3.57;16.1;26.8;43.2;21.0;88.0;45.05;710.8;0.0;62.0;5.0;0.613;27.14;6.9;55.0
3539;3.6;18.8;36.5;55.5;26.0;118.0;50.09;710.4;0.0;57.0;5.3;0.776;28.27;9.0;55.0
3540;3.35;7.6;26.3;34.1;53.0;136.0;45.9;710.0;0.0;51.0;6.0;0.891;29.57;9.8;44.0
3541;3.17;3.4;14.3;17.9;70.0;111.0;38.22;709.4;0.0;43.0;5.9;0.951;31.28;12.8;59.0
3542;2.99;3.3;10.2;13.7;60.0;97.0;31.16;708.7;0.0;32.0;7.0;0.95;33.51;14.1;53.0
3543;2.78;2.7;5.5;8.4;51.0;72.0;20.51;708.0;0.0;22.0;5.8;0.891;34.88;13.3;111.0
3544;2.78;2.5;4.7;7.4;49.0;50.0;20.65;707.2;0.0;23.0;5.3;0.744;35.38;12.5;102.0
3545;2.77;2.5;4.7;7.4;48.0;49.0;22.14;706.6;0.0;22.0;5.2;0.53;35.59;14.2;105.0
3546;2.73;2.4;;7.3;49.0;47.0;22.04;706.4;0.0;19.0;5.1;0.243;35.64;14.9;102.0
3547;2.68;2.2;5.1;7.5;49.0;47.0;18.36;706.4;0.0;15.0;5.0;0.039;34.86;16.1;101.0
3548;2.74;2.1;7.6;9.9;45.0;47.0;18.64;706.5;0.0;18.0;4.9;0.005;33.5;13.2;116.0
3549;2.91;2.2;11.7;14.1;31.0;51.0;21.19;706.8;0.0;29.0;5.1;0.0;31.92;12.4;83.0
3550;2.9;2.2;6.2;8.6;23.0;54.0;18.28;707.2;0.0;44.0;5.3;0.0;29.67;14.4;74.0
3551;2.89;;5.0;7.4;19.0;52.0;15.9;707.5;0.0;52.0;4.9;0.0;28.12;13.1;61.0
3552;2.91;2.1;6.3;8.6;18.0;51.0;15.55;707.5;0.0;52.0;4.9;0.0;27.52;9.5;59.0
3553;2.94;2.2;6.7;9.0;16.0;52.0;15.74;707.3;0.0;56.0;;0.0;26.57;8.3;45.0
3554;2.94;2.5;8.4;11.2;13.0;47.0;19.49;706.9;0.0;61.0;4.8;0.0;25.58;7.7;34.0
3555;2.99;3.8;14.9;18.9;6.0;57.0;27.83;706.7;0.0;66.0;4.8;0.0;24.71;6.2;15.0
3556;3.03;4.8;15.4;20.3;5.0;81.0;22.08;706.6;0.0;69.0;4.9;0.0;24.06;5.7;7.0
3557;3.11;2.4;13.3;15.9;7.0;95.0;21.76;706.7;0.0;72.0;4.9;0.0;23.56;4.5;12.0
3558;3.19;5.6;17.6;23.4;3.0;70.0;19.97;706.7;0.0;74.0;;0.002;23.11;4.8;28.0
3559;3.17;16.5;16.4;33.2;3.0;72.0;22.24;706.7;0.0;76.0;5.0;0.058;22.91;5.0;48.0
3560;3.38;14.5;16.0;30.8;8.0;73.0;26.26;706.9;0.0;75.0;5.0;0.152;23.44;5.4;5.0
3561;3.47;7.7;14.1;21.9;16.0;83.0;30.69;707.0;0.0;71.0;;0.316;24.37;5.0;17.0
3562;3.42;9.6;17.5;27.4;23.0;82.0;34.12;706.8;0.0;64.0;5.1;0.612;26.0;7.3;35.0
3563;3.27;10.6;22.6;33.4;30.0;86.0;36.81;706.6;0.0;58.0;5.5;0.772;27.25;8.8;40.0
3564;3.14;6.5;20.4;27.1;49.0;89.0;36.2;706.3;0.0;50.0;6.6;0.879;28.72;9.0;54.0
3565;3.07;3.1;13.3;16.6;75.0;86.0;36.56;705.7;0.0;42.0;12.9;0.929;30.64;9.3;54.0
3566;3.03;2.8;8.4;11.4;64.0;79.0;26.92;704.9;0.0;39.0;9.3;0.932;32.38;11.7;44.0
3567;2.91;2.5;5.9;8.6;56.0;61.0;21.3;704.2;0.0;29.0;7.2;0.776;34.87;13.3;76.0
3568;2.86;2.5;5.6;8.4;44.0;49.0;18.59;703.7;0.0;27.0;6.0;0.152;34.35;13.8;90.0
3569;2.88;2.3;5.8;8.3;40.0;40.0;18.57;703.5;0.0;28.0;5.6;0.089;34.15;12.9;109.0
3570;2.84;2.3;4.9;7.4;40.0;44.0;18.75;703.0;0.0;27.0;5.4;0.121;34.03;16.4;104.0
3571;2.85;2.2;4.7;7.2;37.0;51.0;23.14;703.3;0.0;28.0;5.5;0.051;33.06;15.5;120.0
3572;2.86;2.2;5.7;8.1;35.0;57.0;22.34;703.5;0.0;30.0;5.4;0.007;32.19;14.8;114.0
3573;2.87;2.1;6.7;9.0;33.0;52.0;21.29;703.9;0.0;31.0;5.3;0.001;31.6;12.0;118.0
3574;2.97;2.2;9.6;12.0;25.0;49.0;24.14;704.3;0.0;37.0;5.3;0.0;30.25;10.8;58.0
3575;2.94;2.2;8.2;10.6;20.0;70.0;22.14;705.0;0.0;46.0;;0.0;28.87;9.2;45.0
3576;2.93;2.1;6.7;9.0;20.0;65.0;20.04;704.8;0.0;49.0;5.6;0.0;27.92;9.2;48.0
3577;2.93;2.2;6.0;8.3;16.0;61.0;19.08;704.8;0.0;58.0;5.2;0.0;26.48;10.4;28.0
3578;2.92;2.5;8.1;10.8;10.0;45.0;18.96;704.9;0.0;65.0;5.0;0.0;25.16;8.1;22.0
3579;2.9;2.1;3.4;5.8;13.0;44.0;16.48;704.8;0.0;69.0;4.9;0.0;24.24;6.9;24.0
3580;2.91;3.8;9.7;13.7;7.0;51.0;17.98;704.6;0.0;70.0;4.9;0.0;23.73;6.5;350.0
3581;2.96;7.2;12.0;19.4;4.0;51.0;18.68;704.7;0.0;71.0;;0.0;23.34;5.4;322.0
3582;3.02;11.0;13.6;24.8;2.0;53.0;19.68;704.9;0.0;72.0;5.0;0.002;23.14;6.6;358.0
3583;3.16;19.7;13.5;33.5;3.0;57.0;20.06;705.4;0.0;72.0;5.0;0.025;23.12;7.3;43.0
3584;3.21;18.3;13.9;32.5;4.0;61.0;22.08;705.8;0.0;72.0;5.1;0.076;23.32;7.1;65.0
3585;3.28;16.7;14.6;31.6;6.0;69.0;24.81;706.1;0.0;69.0;5.3;0.159;24.13;5.8;78.0
3586;3.26;14.8;15.4;30.5;10.0;86.0;30.84;706.1;0.0;65.0;5.4;0.348;24.96;8.0;62.0
3587;3.23;13.9;17.3;31.4;18.0;71.0;33.7;706.2;0.0;59.0;5.5;0.749;26.32;8.7;29.0
3588;3.19;9.4;19.4;29.2;32.0;85.0;32.16;706.1;0.0;54.0;6.2;0.865;27.79;9.1;45.0
3589;3.18;3.8;12.6;16.6;55.0;78.0;28.62;705.7;0.0;51.0;5.8;0.916;29.3;9.8;51.0
3590;3.1;3.4;10.0;13.6;55.0;73.0;27.16;705.2;0.0;44.0;5.6;0.909;31.52;11.8;44.0
3591;3.07;3.5;10.0;13.7;54.0;61.0;25.62;704.7;0.0;37.0;5.8;0.835;33.61;12.6;42.0
3592;2.94;3.0;6.9;10.1;48.0;70.0;20.51;704.4;0.0;28.0;5.8;0.709;35.12;14.4;108.0
3593;2.94;2.8;6.4;9.4;45.0;65.0;18.75;704.0;0.0;28.0;5.4;0.507;35.49;13.6;110.0
3594;2.95;2.7;6.8;9.7;42.0;50.0;17.76;704.0;0.0;28.0;5.3;0.22;35.55;13.7;101.0
3595;2.91;2.5;6.3;9.0;37.0;47.0;16.62;704.3;0.0;29.0;5.2;0.045;34.83;13.8;114.0
3596;2.97;2.6;7.2;10.1;23.0;53.0;20.8;704.8;0.0;42.0;5.0;0.005;32.52;19.6;82.0
3597;2.96;2.4;4.3;6.9;17.0;98.0;19.98;705.7;0.0;55.0;4.9;0.0;29.49;21.0;77.0
3598;2.98;2.3;4.7;7.2;17.0;78.0;21.02;706.3;0.0;62.0;4.9;0.001;27.69;18.2;68.0
3599;2.96;2.1;3.3;5.7;18.0;67.0;21.79;706.7;0.0;65.0;4.7;0.001;26.9;15.9;68.0
3600;2.94;2.0;2.6;4.9;20.0;62.0;23.04;706.9;0.0;66.0;4.6;0.001;26.32;13.3;70.0
3601;2.95;2.1;2.4;4.7;20.0;51.0;25.38;706.8;0.0;68.0;4.6;0.001;25.88;13.0;65.0
3602;2.95;2.0;2.3;4.6;21.0;57.0;28.1;706.5;0.0;70.0;4.7;0.001;25.63;12.0;61.0
3603;2.94;2.0;2.4;4.6;19.0;71.0;27.63;706.4;0.0;71.0;4.7;0.001;25.32;10.0;61.0
3604;2.94;2.0;2.4;4.6;19.0;45.0;25.36;706.4;0.0;73.0;;0.001;24.84;10.4;64.0
3605;2.96;2.2;4.2;6.6;17.0;45.0;25.64;706.5;0.0;74.0;4.6;0.001;24.62;8.9;52.0
3606;;;;;;;29.37;;;;;;;;
3607;;;;;;;;;;;;;;;
3608;;;;;;;;;;;;;;;
3609;;;;;;;;;;;;;;;
3610;2.07;4.5;7.2;11.9;17.0;52.0;;;0.0;45.0;3.3;0.452;18.66;7.8;55.0
3611;2.9;5.4;9.8;15.5;31.0;62.0;;708.1;0.0;58.0;4.7;0.764;27.97;11.7;47.0
3612;;;;;;;;;;;;0.0;;;
3613;2.83;3.3;5.6;9.2;35.0;63.0;;707.5;0.0;44.0;4.9;0.866;30.92;15.0;75.0
3614;2.79;3.1;5.1;8.4;37.0;60.0;;707.1;0.0;39.0;5.0;0.871;32.22;13.7;98.0
3615;2.72;2.8;4.5;7.6;37.0;59.0;;706.6;0.0;33.0;5.0;0.882;33.67;13.9;114.0
3616;2.72;3.2;5.0;8.3;35.0;53.0;;706.3;0.0;29.0;5.1;0.768;34.86;13.7;121.0
3617;2.7;3.0;5.0;8.2;36.0;47.0;;706.0;0.0;27.0;5.0;0.554;35.29;13.8;118.0
3618;2.72;3.1;7.0;10.4;33.0;46.0;;706.0;0.0;25.0;4.9;0.178;34.98;13.5;107.0
3619;2.8;2.9;7.7;10.9;22.0;43.0;;706.3;0.0;35.0;5.0;0.059;33.45;17.9;86.0
3620;2.83;2.4;5.1;7.7;18.0;63.0;;707.0;0.0;52.0;4.7;0.009;30.4;18.0;92.0
3621;2.81;2.3;4.8;7.3;17.0;56.0;;707.8;0.0;60.0;4.6;0.001;28.48;14.1;97.0
3622;2.84;2.2;4.0;6.3;17.0;48.0;;708.5;0.0;64.0;4.6;0.001;27.35;16.3;81.0
3623;2.82;2.1;2.9;5.2;16.0;46.0;;708.9;0.0;68.0;;0.001;26.24;15.4;76.0
3624;;;;;;;;;;;;;;;
3625;2.82;2.1;2.1;4.4;16.0;38.0;11.0;708.8;0.0;71.0;4.6;0.001;25.38;12.5;68.0
3626;2.81;2.1;2.1;4.3;16.0;41.0;10.43;708.4;0.0;73.0;4.6;0.001;24.82;12.4;67.0
3627;2.83;2.1;2.1;4.4;16.0;28.0;10.45;708.1;0.0;72.0;;0.001;24.83;8.8;70.0
3628;2.84;2.1;2.2;4.5;;31.0;10.33;708.2;0.0;72.0;;0.001;24.43;10.2;61.0
3629;2.86;2.2;3.7;6.1;14.0;33.0;12.34;708.2;0.0;73.0;4.5;0.001;24.11;10.0;62.0
3630;2.92;2.9;7.4;10.5;11.0;33.0;11.52;708.5;0.0;74.0;4.6;0.002;23.72;10.8;56.0
3631;3.07;5.8;11.6;17.6;7.0;38.0;11.43;709.0;0.0;75.0;4.7;0.017;23.64;10.3;58.0
3632;3.13;7.5;11.6;19.3;8.0;52.0;12.37;709.4;0.0;74.0;4.7;0.096;23.87;10.9;56.0
3633;3.14;8.5;10.1;18.8;12.0;47.0;13.88;709.6;0.0;71.0;;0.306;24.65;11.6;61.0
3634;3.11;8.6;9.8;18.6;16.0;49.0;15.65;709.7;0.0;67.0;4.6;0.595;25.85;11.3;45.0
3635;3.06;6.8;9.1;16.1;23.0;41.0;16.93;709.6;0.0;59.0;4.7;0.761;27.26;11.0;37.0
3636;3.03;4.1;7.2;11.5;28.0;44.0;17.47;709.3;0.0;51.0;4.7;0.617;28.86;13.2;56.0
3637;3.02;3.8;6.0;10.0;30.0;43.0;18.12;708.9;0.0;47.0;;0.752;30.09;16.4;71.0
3638;3.01;3.8;6.2;10.3;30.0;43.0;17.74;708.4;0.0;43.0;;0.855;31.65;15.4;80.0
3639;2.97;3.6;5.6;9.5;29.0;45.0;15.74;707.9;0.0;38.0;4.8;0.58;32.42;15.7;82.0
3640;2.97;3.6;6.0;9.9;29.0;42.0;15.9;707.4;0.0;34.0;5.0;0.702;33.64;16.7;89.0
3641;2.97;3.8;6.2;10.2;28.0;44.0;14.66;707.0;0.0;32.0;5.0;0.513;34.05;16.9;84.0
3642;3.0;3.8;7.1;11.2;23.0;46.0;11.02;706.7;0.0;33.0;4.9;0.189;33.62;17.6;86.0
3643;2.99;3.7;7.1;11.0;18.0;44.0;7.94;706.8;0.0;40.0;4.8;0.04;31.89;20.8;79.0
3644;2.98;2.5;4.7;7.4;17.0;52.0;7.25;707.6;0.0;57.0;4.8;0.003;28.43;19.3;100.0
3645;;;;;;;;;;;;;;;
3646;;;;;;;;;;;;;;;
3647;;;;;;;;;;;;;;;
3648;;;;;;;;;;;;;;;
3649;;;;;;;;;;;;;;;
3650;;;;;;;;;;;;;;;
3651;;;;;;;;;;;;;;;
3652;;;;;;;;;;;;;;;
3653;;;;;;;;;;;;;;;
3654;;;;;;;;;;;;;;;
3655;;;;;;;;;;;;;;;
3656;;;;;;;;;;;;;;;
3657;;;;;;;;;;;;;;;
3658;2.95;5.4;8.6;14.3;14.0;39.0;5.36;710.4;0.0;68.0;4.7;0.194;24.87;8.4;79.0
3659;2.94;4.7;7.2;12.0;20.0;36.0;6.59;710.4;0.0;62.0;4.7;0.385;26.02;5.9;41.0
3660;2.93;4.4;7.2;11.9;29.0;39.0;8.27;710.1;0.0;55.0;;0.841;27.73;9.8;37.0
3661;2.92;3.8;6.0;10.0;31.0;35.0;9.02;709.7;0.0;51.0;;0.89;29.0;11.5;57.0
3662;2.89;3.5;5.2;8.9;30.0;37.0;7.9;709.1;0.0;44.0;;0.831;30.62;10.6;92.0
3663;2.9;3.4;5.2;8.8;30.0;35.0;8.21;708.7;0.0;41.0;;0.628;31.51;13.4;70.0
3664;2.9;3.6;5.5;9.3;28.0;38.0;8.62;708.2;0.0;36.0;4.8;0.57;32.37;13.1;80.0
3665;2.91;3.6;6.6;10.4;26.0;40.0;8.29;707.8;0.0;34.0;4.8;0.256;32.49;14.5;84.0
3666;2.94;4.0;8.2;12.4;22.0;41.0;6.62;707.7;0.0;33.0;5.1;0.115;32.06;13.6;98.0
3667;2.94;3.3;9.1;12.6;19.0;33.0;6.7;707.8;0.0;34.0;5.1;0.041;31.49;15.7;78.0
3668;2.9;2.4;6.2;8.8;21.0;42.0;7.31;708.3;0.0;43.0;4.9;0.003;29.19;17.9;113.0
3669;2.94;2.3;4.6;7.0;19.0;43.0;5.6;709.3;0.0;70.0;4.6;0.0;24.31;15.6;111.0
3670;2.96;2.2;4.1;6.5;17.0;34.0;6.42;709.9;0.0;69.0;4.6;0.001;24.8;11.2;114.0
3671;2.92;2.2;2.7;5.1;17.0;33.0;6.39;710.4;0.0;68.0;;0.001;24.58;12.9;122.0
3672;2.91;2.2;2.4;4.8;18.0;41.0;6.27;710.6;0.0;69.0;;0.001;23.98;14.3;118.0
3673;2.93;2.1;2.4;4.7;17.0;27.0;5.43;710.4;0.0;73.0;;0.001;23.26;10.6;112.0
3674;2.93;2.1;2.2;4.5;17.0;24.0;5.77;710.3;0.0;72.0;;0.001;23.26;7.0;95.0
3675;2.94;2.1;2.4;4.7;17.0;29.0;6.23;710.0;0.0;71.0;;0.001;23.25;7.1;46.0
3676;2.97;2.2;4.9;7.2;14.0;41.0;7.51;709.8;0.0;72.0;;0.001;23.04;4.1;24.0
3677;3.06;7.7;17.4;25.3;3.0;36.0;11.16;709.5;0.0;74.0;4.7;0.001;22.79;4.8;359.0
3678;3.27;5.4;17.1;22.7;3.0;57.0;12.21;709.6;0.0;75.0;4.7;0.002;22.59;3.9;350.0
3679;3.5;12.9;17.9;31.1;3.0;57.0;14.37;709.8;0.0;74.0;4.8;0.032;22.84;3.3;34.0
3680;3.74;28.6;21.0;49.8;;58.0;16.45;709.9;0.0;72.0;4.9;0.052;23.16;5.6;39.0
3681;3.76;32.0;24.9;57.0;6.0;85.0;19.89;710.3;0.0;70.0;5.0;0.163;23.64;6.1;50.0
3682;3.65;22.1;25.2;47.4;12.0;94.0;20.33;710.4;0.0;65.0;5.1;0.376;24.9;6.4;67.0
3683;3.63;11.7;26.8;38.7;18.0;90.0;19.61;710.5;0.0;60.0;5.2;0.224;25.82;4.8;23.0
3684;3.73;16.1;36.6;52.9;24.0;91.0;26.45;710.3;0.0;57.0;5.3;0.442;26.74;7.1;41.0
3685;3.39;8.3;23.8;32.3;38.0;109.0;20.35;709.9;0.0;49.0;5.9;0.627;28.18;7.9;70.0
3686;3.2;3.3;10.6;14.1;52.0;87.0;12.52;709.5;0.0;45.0;5.6;0.593;29.1;8.8;73.0
3687;3.18;3.1;9.0;12.3;43.0;56.0;12.06;709.2;0.0;45.0;5.3;0.35;29.58;9.8;82.0
3688;3.16;3.2;8.0;11.4;38.0;48.0;11.25;709.0;0.0;48.0;5.0;0.245;28.91;11.3;133.0
3689;3.22;3.3;9.1;12.6;35.0;38.0;10.85;708.6;0.0;49.0;5.0;0.216;28.67;11.9;121.0
3690;3.3;3.4;13.9;17.5;27.0;39.0;10.71;708.4;0.0;51.0;4.9;0.077;28.06;12.1;126.0
3691;3.22;2.9;12.7;15.8;22.0;41.0;9.1;708.4;0.0;49.0;4.9;0.039;27.7;11.9;116.0
3692;3.13;2.3;8.7;11.2;24.0;37.0;8.48;708.6;0.0;46.0;4.8;0.004;27.63;10.8;119.0
3693;3.11;2.3;8.9;11.3;23.0;30.0;9.14;708.8;0.0;42.0;4.8;0.001;27.77;7.8;132.0
3694;3.24;;14.2;16.7;16.0;32.0;10.38;709.2;0.0;46.0;;0.001;27.29;6.2;82.0
3695;3.07;2.2;5.3;7.6;24.0;42.0;7.72;709.7;0.0;49.0;4.7;0.001;26.64;11.0;95.0
3696;3.07;2.1;4.9;7.2;24.0;37.0;7.19;709.6;0.0;53.0;4.7;0.001;25.73;8.9;85.0
3697;3.08;2.1;4.9;7.2;22.0;30.0;7.3;709.3;0.0;56.0;;0.001;25.18;7.7;67.0
3698;3.11;;7.3;9.6;18.0;29.0;7.65;709.2;0.0;58.0;;0.0;24.56;6.1;36.0
3699;3.17;3.4;20.0;23.6;5.0;32.0;11.3;709.1;0.0;61.0;;0.0;23.8;4.7;333.0
3700;3.22;3.0;19.2;22.4;5.0;56.0;11.74;709.1;0.0;63.0;;0.001;23.35;4.1;354.0
3701;3.26;3.4;18.2;21.8;4.0;55.0;13.17;709.3;0.0;66.0;4.8;0.001;22.67;3.1;61.0
3702;3.3;7.0;20.0;27.3;3.0;59.0;13.69;709.5;0.0;68.0;4.8;0.003;22.22;2.2;276.0
3703;3.38;12.9;19.1;32.3;5.0;60.0;15.49;709.6;0.0;66.0;;0.071;23.05;3.1;2.0
3704;3.53;17.1;21.7;39.0;11.0;63.0;19.33;710.0;0.0;61.0;5.0;0.244;24.47;4.4;14.0
3705;4.03;17.6;30.0;47.8;19.0;79.0;26.02;710.4;0.0;56.0;5.3;0.439;25.95;5.3;19.0
3706;3.88;9.1;25.4;34.7;37.0;108.0;39.57;710.6;0.0;53.0;5.6;0.616;26.8;7.9;7.0
3707;3.34;8.8;19.3;28.3;32.0;100.0;15.51;710.2;0.0;46.0;6.0;0.808;28.58;7.5;68.0
3708;3.34;5.0;16.0;21.2;55.0;66.0;15.47;709.8;0.0;41.0;6.7;0.908;30.11;8.2;49.0
3709;3.31;3.1;12.0;15.3;73.0;58.0;22.31;709.2;0.0;39.0;8.6;0.951;31.06;10.2;55.0
3710;3.25;2.5;8.4;11.1;70.0;64.0;21.01;708.4;0.0;36.0;14.4;0.95;32.02;10.6;53.0
3711;3.21;2.8;7.3;10.4;58.0;65.0;14.59;707.7;0.0;32.0;9.7;0.877;33.32;10.7;55.0
3712;3.14;2.5;5.0;7.7;49.0;51.0;10.21;707.2;0.0;30.0;7.2;0.744;34.04;9.9;99.0
3713;3.11;2.5;3.7;6.4;42.0;41.0;8.85;706.7;0.0;29.0;5.9;0.561;34.44;10.0;120.0
3714;3.13;2.4;4.3;6.9;43.0;37.0;8.82;706.3;0.0;27.0;5.5;0.243;34.53;10.5;126.0
3715;3.14;2.2;5.1;7.5;47.0;34.0;9.66;706.3;0.0;29.0;5.3;0.033;33.64;10.5;128.0
3716;3.18;2.1;7.1;9.4;41.0;34.0;10.13;706.5;0.0;30.0;5.3;0.005;32.41;9.3;122.0
3717;3.28;2.1;12.0;14.3;33.0;36.0;12.4;706.8;0.0;32.0;5.2;0.001;31.64;8.0;103.0
3718;3.25;;9.6;11.8;33.0;36.0;12.14;707.0;0.0;34.0;5.1;0.0;30.93;7.5;87.0
3719;3.31;2.2;11.1;13.5;24.0;36.0;11.15;707.4;0.0;37.0;5.1;0.001;29.96;8.2;68.0
3720;3.22;2.1;7.0;9.3;20.0;39.0;7.96;707.7;0.0;46.0;5.0;0.0;28.26;9.6;62.0
3721;3.26;2.3;7.5;10.1;17.0;38.0;7.63;707.4;0.0;50.0;4.9;0.0;27.12;8.3;36.0
3722;3.26;2.2;7.3;9.7;16.0;36.0;7.5;707.4;0.0;55.0;4.8;0.0;25.74;9.5;50.0
3723;3.22;2.1;5.0;7.3;17.0;36.0;7.69;707.2;0.0;60.0;4.8;0.0;24.54;6.7;49.0
3724;3.29;2.7;13.3;16.2;9.0;35.0;9.25;707.1;0.0;63.0;;0.0;23.83;5.6;340.0
3725;3.29;6.5;18.9;25.7;4.0;48.0;11.35;707.0;0.0;67.0;4.9;0.0;23.34;3.8;347.0
3726;3.35;11.4;20.1;31.8;2.0;49.0;12.15;707.1;0.0;70.0;5.0;0.003;22.8;2.6;353.0
3727;3.46;13.5;18.5;32.2;4.0;55.0;13.94;707.3;0.0;68.0;5.0;0.073;23.67;2.0;303.0
3728;3.5;14.9;17.3;32.5;10.0;63.0;13.84;707.3;0.0;61.0;5.3;0.252;25.29;3.9;323.0
3729;3.52;8.6;17.0;25.8;24.0;58.0;14.41;707.3;0.0;53.0;5.8;0.469;26.98;5.4;14.0
3730;3.54;5.3;15.5;21.0;43.0;58.0;19.18;707.1;0.0;44.0;6.5;0.661;29.12;6.2;13.0
3731;3.91;4.0;17.6;21.7;69.0;65.0;25.08;707.0;0.0;37.0;7.7;0.818;31.58;5.1;21.0
3732;3.81;4.6;29.2;33.9;88.0;83.0;33.36;706.7;0.0;31.0;9.3;0.92;33.35;8.2;48.0
3733;3.52;2.8;16.2;19.2;111.0;97.0;25.29;706.2;0.0;25.0;9.1;0.973;34.89;9.1;61.0
3734;3.5;2.3;11.9;14.3;123.0;73.0;23.5;705.6;0.0;24.0;8.7;0.95;36.11;10.7;57.0
3735;3.27;2.3;8.0;10.6;92.0;67.0;23.37;705.3;0.0;18.0;16.0;0.886;37.28;13.4;54.0
3736;3.18;;5.8;8.3;78.0;56.0;14.93;704.9;0.0;15.0;10.0;0.745;38.36;12.0;78.0
3737;3.12;;4.5;7.0;59.0;41.0;9.91;704.5;0.0;14.0;6.5;0.566;38.6;11.7;124.0
3738;3.12;2.2;3.8;6.2;50.0;37.0;8.92;704.3;0.0;15.0;5.5;0.251;38.41;11.1;127.0
3739;3.17;2.2;5.7;8.1;49.0;35.0;10.59;704.4;0.0;16.0;5.4;0.037;37.57;13.0;115.0
3740;3.23;2.1;6.7;9.0;42.0;35.0;13.6;704.7;0.0;21.0;5.4;0.005;35.67;12.0;103.0
3741;3.3;2.1;5.7;8.0;33.0;47.0;20.24;705.2;0.0;33.0;5.6;0.0;33.3;12.7;89.0
3742;3.33;;6.3;8.6;31.0;63.0;22.73;705.7;0.0;37.0;5.6;0.0;31.82;8.5;64.0
3743;3.32;;7.0;9.3;26.0;60.0;17.17;705.9;0.0;38.0;;0.001;30.55;11.5;74.0
3744;3.3;2.2;9.8;12.3;20.0;57.0;14.71;706.0;0.0;40.0;;0.0;29.03;10.4;45.0
3745;3.33;2.5;13.7;16.3;15.0;50.0;14.37;705.8;0.0;43.0;5.9;0.0;27.87;7.7;28.0
3746;3.33;3.6;24.1;27.9;5.0;49.0;15.28;705.6;0.0;44.0;6.6;0.0;27.12;5.5;14.0
3747;3.35;3.3;21.4;24.9;7.0;60.0;14.62;705.3;0.0;47.0;6.7;0.0;26.47;5.3;19.0
3748;3.37;2.7;18.4;21.2;8.0;62.0;13.54;705.2;0.0;50.0;6.6;0.001;25.79;4.1;41.0
3749;3.41;5.6;18.6;24.4;6.0;56.0;13.91;705.2;0.0;53.0;6.6;0.001;25.26;3.9;19.0
3750;3.58;14.2;23.2;37.7;3.0;55.0;17.19;705.5;0.0;55.0;6.4;0.003;24.92;4.7;13.0
3751;3.94;21.2;23.1;44.4;4.0;80.0;17.12;705.8;0.0;55.0;6.5;0.067;24.93;5.2;4.0
3752;3.88;25.0;24.6;49.7;8.0;81.0;19.59;706.3;0.0;52.0;7.2;0.241;26.02;5.7;10.0
3753;3.84;16.9;26.7;43.7;17.0;90.0;20.68;706.5;0.0;46.0;7.4;0.434;27.81;5.4;356.0
3754;3.96;13.8;33.0;46.9;30.0;97.0;25.9;706.2;0.0;40.0;8.5;0.642;30.28;5.1;22.0
3755;3.94;10.7;40.5;51.5;48.0;117.0;29.86;706.0;0.0;33.0;9.7;0.806;32.83;6.6;46.0
3756;4.21;8.5;49.6;58.3;78.0;116.0;36.67;706.0;0.0;29.0;12.9;0.906;34.8;10.0;70.0
3757;3.85;3.0;23.7;26.8;126.0;133.0;30.42;705.7;0.0;26.0;8.8;0.966;36.13;11.1;63.0
3758;3.4;2.6;11.1;13.9;94.0;102.0;18.65;705.1;0.0;16.0;7.0;0.974;38.48;10.6;59.0
3759;3.4;2.5;10.4;13.0;99.0;61.0;18.04;704.6;0.0;16.0;6.7;0.891;39.29;11.4;60.0
3760;3.4;2.5;10.0;12.7;89.0;64.0;17.64;704.2;0.0;16.0;7.6;0.744;39.82;14.2;94.0
3761;3.34;;7.8;10.5;71.0;61.0;15.94;704.1;0.0;16.0;6.5;0.559;39.96;12.7;124.0
3762;3.36;2.9;8.6;11.7;59.0;51.0;16.41;703.9;0.0;17.0;5.7;0.245;39.78;12.6;122.0
3763;3.3;2.3;8.2;10.6;54.0;48.0;16.04;704.0;0.0;15.0;5.2;0.043;38.96;12.5;129.0
3764;3.33;2.2;10.6;12.9;43.0;46.0;17.52;704.4;0.0;17.0;5.1;0.006;37.34;12.3;96.0
3765;3.37;2.4;6.4;8.9;28.0;51.0;19.1;705.2;0.0;35.0;5.3;0.0;34.33;17.3;76.0
3766;3.41;2.2;5.8;8.1;22.0;88.0;18.82;705.8;0.0;44.0;5.2;0.0;32.2;14.8;90.0
3767;3.39;2.1;4.6;6.9;23.0;75.0;18.93;705.9;0.0;43.0;5.1;0.0;31.78;9.8;90.0
3768;3.4;2.1;6.3;8.6;20.0;71.0;20.75;706.0;0.0;47.0;5.2;0.0;30.7;11.7;52.0
3769;3.41;3.4;8.6;12.2;16.0;65.0;25.52;706.0;0.0;54.0;5.1;0.0;28.74;9.4;38.0
3770;3.44;2.2;8.1;10.4;17.0;63.0;29.69;705.8;0.0;59.0;5.0;0.0;27.33;7.8;50.0
3771;3.47;2.7;17.1;19.9;9.0;70.0;34.25;705.8;0.0;63.0;5.3;0.0;26.37;6.8;34.0
3772;3.48;3.3;18.7;22.1;7.0;95.0;37.85;706.0;0.0;66.0;6.0;0.0;25.56;5.6;44.0
3773;3.52;6.2;21.0;27.5;4.0;105.0;39.29;706.4;0.0;70.0;6.3;0.0;24.93;5.8;46.0
3774;3.62;10.9;22.8;33.9;2.0;104.0;40.0;706.7;0.0;73.0;6.0;0.003;24.36;4.2;36.0
3775;3.86;18.2;22.4;40.9;4.0;109.0;39.14;707.1;0.0;74.0;5.6;0.066;24.65;3.8;13.0
3776;4.01;16.5;23.5;40.2;9.0;89.0;37.76;707.6;0.0;70.0;5.3;0.223;25.68;5.7;16.0
3777;4.21;23.2;33.1;56.4;13.0;102.0;44.95;707.9;0.0;68.0;5.2;0.429;26.49;7.6;45.0
3778;4.18;18.8;37.5;56.6;22.0;134.0;51.78;708.0;0.0;62.0;5.1;0.619;27.9;7.2;60.0
3779;4.16;12.1;41.4;53.7;41.0;154.0;56.2;707.8;0.0;55.0;5.1;0.785;29.57;9.1;69.0
3780;3.94;6.9;34.1;41.2;67.0;147.0;50.01;707.6;0.0;47.0;6.7;0.906;31.48;9.7;51.0
3781;3.78;3.1;19.5;22.9;100.0;136.0;43.9;707.2;0.0;39.0;8.8;0.958;33.47;11.0;48.0
3782;3.57;2.8;13.1;16.1;83.0;106.0;34.18;706.8;0.0;29.0;12.8;0.966;36.17;13.6;63.0
3783;3.35;2.5;6.1;8.9;58.0;82.0;21.69;706.5;0.0;22.0;8.4;0.903;37.55;16.6;113.0
3784;3.33;2.7;6.4;9.3;52.0;60.0;22.37;706.1;0.0;18.0;6.3;0.748;38.59;15.2;121.0
3785;3.3;3.0;7.0;10.3;48.0;57.0;22.49;705.9;0.0;14.0;5.6;0.556;38.97;17.0;115.0
3786;3.27;3.0;7.7;10.9;47.0;55.0;19.91;705.8;0.0;12.0;5.3;0.251;38.74;15.5;117.0
3787;3.28;2.4;8.2;10.8;44.0;46.0;18.95;706.0;0.0;13.0;6.2;0.041;37.93;15.5;98.0
3788;3.34;2.3;8.2;10.7;35.0;55.0;25.07;706.5;0.0;24.0;6.7;0.006;35.64;18.5;80.0
3789;3.43;2.3;6.9;9.4;27.0;91.0;32.86;707.5;0.0;39.0;6.6;0.0;32.74;15.0;75.0
3790;3.39;2.2;5.0;7.3;28.0;88.0;33.88;708.0;0.0;43.0;6.1;0.0;30.56;16.0;73.0
3791;3.39;2.1;3.9;6.1;29.0;72.0;39.04;708.2;0.0;45.0;6.0;0.001;29.32;13.4;92.0
3792;3.4;2.0;3.4;5.7;28.0;78.0;36.91;708.4;0.0;50.0;5.7;0.001;28.29;11.8;76.0
3793;3.4;2.1;3.7;6.0;24.0;65.0;36.16;708.3;0.0;58.0;5.4;0.0;26.88;10.9;48.0
3794;3.41;2.1;4.3;6.6;20.0;61.0;37.32;708.2;0.0;68.0;5.2;0.0;25.06;10.6;36.0
3795;3.43;2.4;6.3;8.9;18.0;61.0;35.54;708.2;0.0;73.0;5.0;0.001;24.0;11.2;41.0
3796;3.41;2.1;4.9;7.2;19.0;64.0;33.87;708.2;0.0;75.0;4.9;0.0;23.51;9.1;34.0
3797;3.43;2.4;9.6;12.2;16.0;63.0;33.66;708.4;0.0;75.0;5.0;0.001;23.23;8.3;36.0
3798;3.52;3.5;17.3;21.0;8.0;72.0;36.27;709.0;0.0;75.0;5.1;0.002;23.35;6.3;16.0
3799;3.71;10.3;20.8;31.3;6.0;77.0;39.93;709.3;0.0;74.0;5.2;0.031;23.61;5.9;32.0
3800;3.81;14.1;21.6;36.0;7.0;95.0;40.48;709.4;0.0;71.0;5.3;0.137;24.32;5.3;81.0
3801;3.89;19.7;24.4;44.3;12.0;92.0;45.7;709.4;0.0;65.0;5.6;0.369;25.82;5.7;54.0
3802;3.96;24.7;33.5;58.3;17.0;97.0;53.5;709.2;0.0;59.0;8.0;0.588;27.15;7.8;38.0
3803;3.79;5.9;20.1;26.3;50.0;113.0;46.01;709.4;0.0;55.0;8.3;0.763;28.44;9.4;45.0
3804;3.68;4.2;16.8;21.2;66.0;94.0;44.95;709.1;0.0;51.0;6.9;0.888;29.66;9.7;27.0
3805;3.57;3.4;10.2;13.8;56.0;92.0;39.08;708.5;0.0;43.0;6.8;0.957;31.58;11.8;42.0
3806;3.48;3.3;7.7;11.3;47.0;87.0;34.76;708.0;0.0;34.0;6.8;0.951;33.47;15.1;61.0
3807;3.42;2.9;6.3;9.4;50.0;73.0;33.2;707.6;0.0;28.0;6.3;0.862;34.89;14.5;75.0
3808;3.43;3.1;6.9;10.3;47.0;70.0;33.7;707.4;0.0;26.0;6.1;0.701;35.51;16.8;71.0
3809;3.41;3.0;7.7;10.9;45.0;69.0;31.14;707.3;0.0;23.0;6.3;0.474;35.83;15.5;88.0
3810;3.44;3.4;10.5;14.1;41.0;62.0;28.04;707.2;0.0;22.0;6.5;0.235;35.86;14.2;86.0
3811;3.37;2.5;8.5;11.3;40.0;59.0;26.69;707.3;0.0;23.0;6.7;0.053;35.09;15.4;87.0
3812;3.43;2.4;6.1;8.7;24.0;63.0;20.3;707.9;0.0;42.0;5.4;0.007;32.29;21.8;77.0
3813;3.45;2.3;4.1;6.7;19.0;93.0;15.59;708.9;0.0;50.0;5.2;0.001;30.17;21.2;88.0
3814;3.42;2.2;3.3;5.8;19.0;67.0;13.87;709.8;0.0;54.0;5.2;0.001;28.7;20.5;78.0
3815;3.39;2.2;2.9;5.3;18.0;57.0;12.15;710.2;0.0;56.0;5.1;0.001;27.79;16.7;77.0
3816;3.39;;2.8;5.2;15.0;39.0;10.57;710.2;0.0;60.0;5.1;0.001;26.83;13.2;76.0
3817;3.4;2.1;2.5;4.8;15.0;39.0;11.53;709.9;0.0;65.0;4.9;0.001;26.11;11.3;75.0
3818;3.4;2.2;2.4;4.7;14.0;36.0;15.08;709.7;0.0;70.0;4.8;0.001;25.43;13.3;65.0
3819;3.41;2.1;2.0;4.3;14.0;37.0;19.17;709.7;0.0;72.0;4.8;0.001;24.9;13.6;74.0
3820;3.41;2.1;2.2;4.5;15.0;44.0;20.32;709.6;0.0;70.0;;0.001;25.0;10.4;90.0
3821;3.42;2.3;3.7;6.2;13.0;56.0;19.8;709.8;0.0;71.0;;0.001;24.86;9.1;58.0
3822;3.49;3.2;8.6;12.0;9.0;37.0;19.32;710.2;0.0;74.0;;0.001;24.58;9.6;57.0
3823;3.64;5.9;11.4;17.5;7.0;53.0;20.25;710.7;0.0;75.0;4.7;0.073;24.43;9.8;56.0
3824;3.66;7.3;11.8;19.3;8.0;58.0;22.35;711.1;0.0;75.0;4.8;0.126;24.49;9.4;58.0
3825;3.64;7.7;10.9;18.8;12.0;64.0;22.61;711.6;0.0;70.0;4.7;0.302;25.5;8.9;62.0
3826;3.67;10.1;15.1;25.5;18.0;61.0;28.94;711.7;0.0;62.0;4.8;0.484;27.13;8.2;36.0
3827;3.64;4.3;9.7;14.3;37.0;73.0;28.97;711.7;0.0;56.0;5.3;0.8;28.36;12.2;51.0
3828;3.55;3.5;7.1;10.8;37.0;68.0;27.81;711.4;0.0;50.0;5.5;0.89;29.64;14.1;63.0
3829;3.47;3.1;5.0;8.4;33.0;66.0;24.66;710.9;0.0;40.0;5.6;0.889;31.36;14.6;101.0
3830;3.43;3.1;4.7;8.0;34.0;54.0;24.32;710.3;0.0;36.0;5.5;0.956;32.78;14.8;105.0
3831;3.44;;5.2;8.6;33.0;51.0;25.28;709.6;0.0;35.0;5.4;0.741;33.55;13.3;80.0
3832;3.42;3.5;5.5;9.3;30.0;53.0;19.65;709.2;0.0;32.0;5.3;0.601;34.21;15.4;75.0
3833;3.46;3.3;5.9;9.5;27.0;45.0;15.77;709.3;0.0;34.0;5.3;0.327;33.44;17.9;90.0
3834;3.46;3.7;6.4;10.3;25.0;48.0;13.58;709.5;0.0;38.0;5.1;0.234;31.62;18.4;103.0
3835;3.46;3.0;6.4;9.7;23.0;45.0;11.84;709.7;0.0;44.0;5.0;0.047;30.09;16.1;89.0
3836;3.5;2.5;8.2;10.9;21.0;41.0;11.41;709.9;0.0;50.0;4.9;0.006;28.78;12.4;85.0
3837;3.47;2.3;7.4;9.9;22.0;42.0;11.05;710.1;0.0;51.0;4.9;0.001;28.16;11.9;76.0
3838;3.46;2.2;6.6;9.0;22.0;40.0;12.22;710.5;0.0;53.0;;0.001;27.72;10.0;96.0
3839;3.42;2.1;4.2;6.5;23.0;36.0;11.96;710.7;0.0;55.0;;0.001;27.22;11.5;104.0
3840;3.46;2.1;5.9;8.2;19.0;37.0;11.67;710.6;0.0;60.0;4.8;0.001;26.48;11.2;64.0
3841;3.47;;5.8;8.2;15.0;44.0;10.92;710.4;0.0;68.0;4.8;0.001;25.34;10.5;55.0
3842;3.46;;5.6;8.0;12.0;35.0;10.73;709.9;0.0;71.0;4.7;0.001;24.72;8.6;51.0
3843;3.47;2.9;9.1;12.2;10.0;34.0;13.67;709.7;0.0;71.0;4.8;0.0;24.59;8.3;24.0
3844;3.62;9.4;13.9;23.6;3.0;47.0;17.45;709.7;0.0;75.0;4.9;0.0;23.97;7.2;33.0
3845;3.6;7.0;14.3;21.5;3.0;57.0;17.26;710.0;0.0;78.0;4.9;0.001;23.47;5.6;25.0
3846;3.62;5.2;14.8;20.2;3.0;77.0;17.32;710.4;0.0;77.0;;0.002;23.71;5.3;15.0
3847;3.79;19.7;16.6;36.6;;69.0;21.38;710.8;0.0;77.0;5.0;0.034;23.73;6.6;24.0
3848;3.89;24.1;17.4;41.7;;58.0;23.02;711.1;0.0;76.0;5.0;0.092;24.03;6.5;47.0
3849;3.87;22.3;18.0;40.6;6.0;89.0;26.79;711.2;0.0;72.0;5.1;0.279;25.02;6.5;37.0
3850;3.87;17.8;20.6;38.7;14.0;84.0;30.33;711.0;0.0;64.0;5.3;0.539;26.62;7.6;48.0
3851;3.88;10.1;22.3;32.7;32.0;90.0;33.61;710.6;0.0;56.0;5.7;0.774;28.31;6.7;43.0
3852;3.95;7.8;29.5;37.6;51.0;88.0;38.18;709.9;0.0;49.0;7.6;0.876;29.92;7.8;37.0
3853;3.86;4.0;21.3;25.6;82.0;;34.24;709.4;0.0;41.0;10.0;0.937;31.69;10.0;61.0
3854;3.69;2.6;12.8;15.7;91.0;86.0;26.8;708.8;0.0;35.0;8.1;0.931;33.28;11.1;60.0
3855;3.61;2.6;11.4;14.3;85.0;66.0;25.33;708.4;0.0;31.0;7.0;0.855;34.55;13.6;59.0
3856;3.53;2.7;9.5;12.5;68.0;64.0;19.86;708.1;0.0;27.0;6.6;0.715;35.61;12.9;69.0
3857;3.48;3.0;8.6;11.9;51.0;55.0;15.82;707.8;0.0;24.0;6.8;0.473;36.15;12.0;75.0
3858;3.49;3.0;8.6;11.8;44.0;46.0;13.74;707.6;0.0;26.0;5.8;0.201;35.97;10.3;117.0
3859;3.48;2.5;8.1;10.8;39.0;34.0;13.31;707.5;0.0;27.0;5.5;0.055;35.65;10.2;106.0
3860;3.47;2.3;8.4;11.0;29.0;36.0;14.85;707.7;0.0;30.0;5.5;0.011;34.23;15.1;89.0
3861;3.46;2.3;5.7;8.2;21.0;83.0;14.17;708.5;0.0;41.0;5.6;0.0;31.05;18.7;82.0
3862;3.47;;5.3;7.8;20.0;65.0;13.09;709.2;0.0;47.0;5.4;0.0;29.37;15.5;72.0
3863;3.46;2.1;4.7;7.0;20.0;56.0;12.58;709.5;0.0;49.0;5.2;0.001;28.98;9.6;88.0
3864;3.53;2.3;7.5;10.0;15.0;39.0;14.43;709.6;0.0;55.0;5.2;0.0;27.7;10.3;45.0
3865;3.53;3.3;10.1;13.6;11.0;45.0;16.27;709.5;0.0;59.0;;0.0;26.71;10.3;40.0
3866;3.53;4.1;10.7;15.1;9.0;42.0;14.89;709.2;0.0;62.0;5.5;0.0;25.81;9.1;36.0
3867;3.54;5.0;11.9;17.1;6.0;55.0;19.12;708.9;0.0;66.0;5.8;0.0;24.98;6.5;29.0
3868;3.59;9.0;15.9;25.1;3.0;52.0;26.57;708.9;0.0;68.0;6.0;0.001;24.58;6.6;43.0
3869;3.6;6.0;15.2;21.5;3.0;71.0;18.77;708.9;0.0;69.0;7.0;0.001;24.24;4.6;55.0
3870;3.63;7.5;14.4;22.1;3.0;65.0;17.98;709.1;0.0;70.0;6.4;0.003;23.93;5.3;54.0
3871;3.73;15.9;16.6;32.8;4.0;41.0;21.23;709.5;0.0;71.0;6.1;0.064;24.16;4.8;38.0
3872;4.0;15.7;18.4;34.4;9.0;72.0;23.21;709.7;0.0;68.0;6.1;0.223;25.02;4.8;3.0
3873;4.09;13.3;20.8;34.4;16.0;72.0;22.4;709.9;0.0;66.0;5.9;0.417;25.9;6.9;19.0
3874;4.05;9.8;22.8;32.8;28.0;79.0;27.55;709.8;0.0;61.0;6.0;0.613;27.31;7.6;44.0
3875;4.01;8.6;25.6;34.4;39.0;79.0;33.3;709.7;0.0;56.0;5.9;0.777;28.71;8.1;44.0
3876;3.93;6.8;28.6;35.5;57.0;92.0;35.8;709.4;0.0;49.0;8.0;0.872;30.28;9.0;42.0
3877;3.79;3.0;16.1;19.2;88.0;100.0;30.39;708.9;0.0;44.0;8.8;0.924;31.68;10.9;53.0
3878;3.6;2.8;9.1;12.2;60.0;79.0;21.41;708.3;0.0;36.0;8.7;0.937;33.67;12.7;66.0
3879;3.44;2.5;4.1;6.8;38.0;65.0;13.37;707.6;0.0;29.0;6.9;0.883;35.44;12.7;111.0
3880;3.44;2.4;3.9;6.5;40.0;42.0;14.26;707.1;0.0;28.0;6.1;0.737;36.49;11.4;115.0
3881;3.42;2.4;3.8;6.4;37.0;43.0;13.01;706.7;0.0;24.0;5.7;0.547;37.22;12.3;122.0
3882;3.38;;4.2;6.9;34.0;97.0;10.18;706.5;0.0;21.0;5.4;0.223;37.16;13.9;118.0
3883;3.35;;5.1;7.7;31.0;30.0;8.13;706.6;0.0;19.0;5.1;0.039;36.67;13.9;114.0
3884;3.37;2.2;6.4;8.8;32.0;30.0;8.58;706.8;0.0;21.0;5.1;0.007;35.6;11.8;90.0
3885;3.45;2.2;8.8;11.2;27.0;29.0;13.05;707.2;0.0;25.0;;0.0;34.55;14.2;83.0
3886;3.46;;4.3;6.7;23.0;56.0;22.07;708.0;0.0;36.0;5.3;0.001;32.18;14.0;99.0
3887;3.48;;5.2;7.5;20.0;62.0;23.51;708.5;0.0;40.0;5.4;0.001;30.81;15.1;56.0
3888;3.5;;4.6;7.0;17.0;62.0;27.65;708.6;0.0;49.0;5.2;0.0;29.33;17.1;62.0
3889;3.51;;4.7;7.0;16.0;67.0;27.73;708.6;0.0;53.0;5.2;0.001;28.11;15.6;66.0
3890;3.52;;5.9;8.2;14.0;63.0;27.02;708.4;0.0;56.0;;0.0;27.24;10.2;51.0
3891;3.53;2.3;6.3;8.8;11.0;68.0;26.65;708.2;0.0;61.0;5.3;0.0;26.16;9.4;36.0
3892;3.57;4.6;10.1;14.9;6.0;70.0;28.06;708.2;0.0;67.0;5.3;0.0;25.1;8.2;29.0
3893;3.56;8.7;13.0;21.9;3.0;86.0;28.51;708.6;0.0;72.0;5.6;0.0;24.32;7.4;28.0
3894;3.57;8.4;13.3;21.9;2.0;71.0;28.47;708.9;0.0;75.0;5.8;0.003;23.87;6.0;11.0
3895;3.62;17.0;13.5;30.8;3.0;99.0;32.06;709.3;0.0;75.0;5.6;0.04;23.87;5.2;20.0
3896;3.74;12.7;12.6;25.6;5.0;76.0;35.59;709.5;0.0;73.0;5.6;0.13;24.48;6.1;41.0
3897;3.78;9.9;12.3;22.4;10.0;88.0;39.99;709.7;0.0;69.0;;0.259;25.5;5.7;24.0
3898;3.78;11.0;15.5;26.7;18.0;89.0;41.87;709.7;0.0;63.0;;0.592;26.72;7.8;18.0
3899;3.72;8.8;16.6;25.6;29.0;100.0;41.15;709.5;0.0;56.0;7.5;0.791;28.36;8.7;32.0
3900;3.59;3.5;8.3;12.1;41.0;90.0;32.84;709.2;0.0;45.0;7.7;0.912;30.81;9.7;36.0
3901;3.48;2.7;4.6;7.5;40.0;76.0;25.9;708.5;0.0;34.0;7.1;0.965;33.44;12.3;55.0
3902;3.47;2.5;3.9;6.6;43.0;53.0;24.74;707.8;0.0;28.0;6.4;0.961;35.54;10.0;99.0
3903;3.37;2.4;3.4;6.0;44.0;50.0;19.29;707.0;0.0;20.0;5.7;0.895;37.0;14.0;110.0
3904;3.28;2.3;2.9;5.4;45.0;46.0;12.46;706.6;0.0;12.0;5.1;0.774;37.77;18.1;114.0
3905;;;;;;;;;;;;;;;
3906;3.26;2.3;3.6;6.1;39.0;46.0;12.4;706.2;0.0;11.0;4.9;0.266;37.31;18.7;111.0
3907;3.28;2.3;4.2;6.6;33.0;56.0;14.08;706.5;0.0;14.0;5.0;0.043;36.18;18.5;105.0
3908;3.29;2.1;4.3;6.6;30.0;55.0;14.96;707.0;0.0;16.0;5.0;0.007;34.77;18.8;108.0
3909;3.3;2.1;5.0;7.3;30.0;58.0;14.94;707.5;0.0;16.0;4.8;0.001;33.87;14.8;108.0
3910;3.35;;5.8;8.1;28.0;53.0;20.39;708.1;0.0;21.0;5.1;0.001;32.77;15.0;100.0
3911;3.38;;4.7;7.0;28.0;63.0;24.8;708.6;0.0;28.0;5.2;0.001;31.61;15.3;120.0
3912;3.46;;3.6;5.9;24.0;72.0;30.64;709.0;0.0;43.0;5.4;0.001;29.67;14.6;119.0
3913;3.48;;2.7;5.0;22.0;83.0;30.13;709.0;0.0;51.0;5.2;0.001;28.47;12.6;119.0
3914;3.49;2.0;2.2;4.5;21.0;75.0;28.11;708.8;0.0;56.0;5.2;0.001;27.11;17.4;117.0
3915;3.49;2.0;2.1;4.3;20.0;68.0;25.1;708.7;0.0;59.0;5.1;0.0;25.95;10.3;76.0
3916;3.48;;2.2;4.4;20.0;65.0;22.43;708.7;0.0;62.0;5.1;0.0;25.15;8.7;37.0
3917;3.49;2.2;3.0;5.5;19.0;70.0;20.4;708.8;0.0;64.0;;0.001;24.43;11.2;57.0
3918;3.55;3.3;6.6;10.1;15.0;57.0;21.33;709.0;0.0;64.0;;0.002;24.06;10.1;62.0
3919;3.78;11.0;17.3;28.6;6.0;67.0;26.11;709.5;0.0;63.0;5.2;0.064;24.21;6.6;1.0
3920;4.04;12.0;16.0;28.3;8.0;84.0;27.82;710.0;0.0;61.0;5.4;0.169;24.58;7.6;15.0
3921;4.07;12.3;15.7;28.3;16.0;101.0;28.63;710.2;0.0;56.0;5.6;0.47;26.0;7.0;357.0
3922;4.16;9.5;19.0;28.7;27.0;109.0;40.11;710.2;0.0;50.0;5.9;0.622;27.48;7.4;342.0
3923;3.85;9.7;22.9;32.9;36.0;257.0;34.69;710.2;0.0;44.0;8.8;0.778;29.07;8.0;41.0
3924;3.67;4.3;12.8;17.3;50.0;115.0;30.71;709.7;0.0;37.0;8.6;0.91;31.18;8.2;47.0
3925;3.51;3.0;6.1;9.3;46.0;95.0;23.78;709.1;0.0;28.0;6.9;0.968;33.41;10.2;50.0
3926;3.48;2.9;5.2;8.3;43.0;72.0;22.56;708.5;0.0;25.0;6.0;0.806;35.0;9.8;76.0
3927;3.5;3.8;6.1;10.1;30.0;71.0;22.86;707.9;0.0;27.0;5.6;0.68;34.67;19.1;87.0
3928;3.54;3.4;6.0;9.7;24.0;115.0;24.85;708.1;0.0;36.0;5.5;0.308;32.07;19.2;114.0
3929;3.57;3.7;7.5;11.4;24.0;104.0;22.19;707.6;0.0;37.0;5.3;0.24;31.52;14.3;104.0
3930;3.6;3.8;9.1;13.1;23.0;78.0;20.97;707.4;0.0;35.0;5.4;0.149;31.56;13.1;86.0
3931;3.54;2.8;5.9;9.0;23.0;76.0;21.14;707.5;0.0;41.0;5.2;0.056;30.06;17.1;109.0
3932;3.51;2.3;4.7;7.2;25.0;72.0;20.67;707.9;0.0;46.0;5.1;0.007;28.74;17.0;117.0
3933;3.5;2.3;4.4;6.9;27.0;63.0;19.96;708.5;0.0;46.0;5.1;0.001;28.54;16.4;106.0
3934;3.49;2.1;3.8;6.1;26.0;53.0;16.94;708.9;0.0;46.0;;0.001;28.34;13.6;105.0
3935;3.48;2.1;3.6;5.8;24.0;49.0;14.23;709.2;0.0;48.0;;0.001;27.83;11.9;114.0
3936;3.47;2.0;3.1;5.4;25.0;48.0;18.37;709.3;0.0;50.0;;0.001;27.23;14.5;120.0
3937;3.47;2.0;2.5;4.8;26.0;54.0;23.49;709.3;0.0;54.0;5.2;0.001;26.45;15.3;106.0
3938;3.47;;2.3;4.6;24.0;68.0;22.58;709.0;0.0;58.0;5.2;0.001;25.71;14.6;112.0
3939;3.48;2.1;2.5;4.8;21.0;65.0;21.86;708.8;0.0;61.0;;0.001;25.19;11.4;91.0
3940;3.49;2.1;4.5;6.7;19.0;68.0;21.96;708.9;0.0;61.0;5.1;0.0;24.91;6.9;31.0
3941;3.54;2.6;9.1;11.9;13.0;64.0;23.31;709.0;0.0;60.0;5.3;0.0;24.64;5.8;352.0
3942;3.64;11.2;17.9;29.3;5.0;75.0;26.88;709.2;0.0;59.0;5.6;0.002;24.42;5.1;13.0
3943;3.76;17.6;19.3;37.2;4.0;86.0;30.69;709.5;0.0;57.0;6.7;0.056;24.42;5.5;12.0
3944;3.86;16.3;17.4;34.0;9.0;105.0;31.98;709.9;0.0;55.0;6.8;0.212;25.23;6.1;9.0
3945;4.02;16.7;20.4;37.4;13.0;111.0;34.36;710.4;0.0;55.0;6.7;0.339;25.64;6.5;21.0
3946;4.01;11.3;19.5;31.1;23.0;112.0;33.89;710.5;0.0;51.0;6.9;0.621;27.17;7.1;359.0
3947;3.83;9.2;24.1;33.6;37.0;116.0;35.3;710.5;0.0;46.0;9.0;0.765;28.85;8.1;29.0
3948;3.8;4.5;17.5;22.3;60.0;119.0;33.87;710.1;0.0;40.0;10.3;0.883;30.48;9.3;58.0
3949;3.58;3.3;8.8;12.4;52.0;102.0;25.18;709.5;0.0;32.0;8.0;0.945;32.81;12.2;59.0
3950;3.48;2.9;4.9;8.1;38.0;83.0;20.43;708.8;0.0;27.0;6.3;0.932;34.61;11.3;102.0
3951;3.48;3.0;5.1;8.4;34.0;68.0;18.6;708.2;0.0;26.0;5.6;0.797;35.16;14.6;95.0
3952;3.48;3.2;5.0;8.4;32.0;64.0;13.86;707.7;0.0;26.0;5.5;0.734;35.34;16.2;110.0
3953;3.53;3.5;7.0;10.7;33.0;58.0;8.39;707.5;0.0;28.0;5.3;0.515;34.35;17.2;94.0
3954;3.48;2.8;5.4;8.5;34.0;61.0;7.17;707.3;0.0;27.0;5.2;0.257;33.76;16.7;96.0
3955;3.47;2.6;7.2;10.1;34.0;40.0;5.62;707.6;0.0;26.0;5.1;0.028;32.59;14.7;94.0
3956;3.47;2.2;5.5;7.8;32.0;39.0;5.94;708.3;0.0;36.0;5.1;0.005;29.99;14.9;103.0
3957;3.46;2.1;4.6;6.9;32.0;30.0;4.74;708.8;0.0;40.0;;0.001;28.23;19.1;114.0
3958;3.45;2.1;3.6;5.9;31.0;36.0;5.55;709.3;0.0;45.0;5.0;0.001;26.62;17.4;127.0
3959;3.44;2.0;3.1;5.4;30.0;43.0;4.91;709.9;0.0;49.0;5.0;0.001;25.64;14.3;122.0
3960;3.46;2.1;2.9;5.2;27.0;31.0;5.71;710.3;0.0;56.0;;0.001;24.82;11.3;119.0
3961;3.47;2.0;2.6;4.8;25.0;24.0;6.46;710.3;0.0;61.0;4.9;0.001;24.07;14.1;127.0
3962;3.48;2.0;2.4;4.6;24.0;28.0;6.74;710.2;0.0;64.0;4.9;0.001;23.79;10.4;105.0
3963;3.49;;2.2;4.5;23.0;24.0;7.13;710.1;0.0;65.0;;0.001;23.72;8.7;106.0
3964;3.49;;2.2;4.4;23.0;22.0;7.24;710.0;0.0;67.0;4.8;0.001;23.63;9.5;104.0
3965;3.5;2.1;3.0;5.3;22.0;23.0;7.08;709.9;0.0;66.0;4.9;0.001;23.67;7.6;77.0
3966;3.58;5.0;14.3;19.6;9.0;22.0;11.14;710.0;0.0;70.0;4.9;0.003;23.42;8.3;21.0
3967;3.71;7.4;15.2;22.8;9.0;40.0;12.08;710.3;0.0;70.0;5.2;0.038;23.4;7.8;30.0
3968;3.72;14.2;17.9;32.4;8.0;49.0;14.9;710.8;0.0;68.0;5.6;0.128;24.08;6.3;34.0
3969;3.77;10.2;14.5;25.0;13.0;45.0;12.49;711.2;0.0;65.0;6.8;0.196;24.65;7.7;62.0
3970;3.65;4.9;7.5;12.7;23.0;55.0;10.9;711.3;0.0;59.0;6.0;0.62;26.2;9.4;79.0
3971;3.55;3.5;4.8;8.5;25.0;31.0;10.04;711.2;0.0;52.0;6.0;0.74;27.81;14.3;114.0
3972;3.55;3.4;4.6;8.2;28.0;33.0;11.96;710.8;0.0;47.0;5.7;0.834;29.28;11.6;109.0
3973;3.53;2.9;3.9;7.1;31.0;36.0;11.67;710.2;0.0;39.0;5.7;0.973;31.5;10.5;114.0
3974;2.82;2.9;4.0;7.1;29.0;40.0;12.52;709.7;0.0;35.0;5.6;0.958;32.85;12.9;113.0
3975;1.8;;4.2;7.4;29.0;43.0;10.89;709.1;0.0;32.0;5.6;0.873;33.86;16.9;106.0
3976;1.8;3.3;5.0;8.6;29.0;48.0;8.94;708.6;0.0;29.0;5.4;0.743;34.47;18.4;112.0
3977;1.8;3.2;5.0;8.4;28.0;45.0;10.13;708.6;0.0;28.0;5.2;0.5;34.4;18.9;112.0
3978;1.82;3.2;6.2;9.7;25.0;44.0;12.6;708.6;0.0;31.0;5.1;0.11;33.04;17.6;111.0
3979;1.78;2.9;5.7;8.8;23.0;51.0;16.14;708.9;0.0;30.0;5.1;0.068;32.59;18.4;112.0
3980;1.73;2.6;4.9;7.7;20.0;68.0;24.37;709.4;0.0;29.0;5.0;0.009;31.1;19.0;111.0
3981;1.73;2.6;4.3;7.1;19.0;98.0;26.3;709.9;0.0;32.0;5.0;0.001;29.84;15.3;110.0
3982;1.73;2.2;3.7;6.1;21.0;104.0;27.4;710.7;0.0;36.0;;0.001;28.72;15.9;114.0
3983;1.75;2.1;3.8;6.1;20.0;94.0;27.26;711.4;0.0;40.0;5.1;0.001;27.67;15.9;119.0
3984;1.75;2.1;3.2;5.5;21.0;85.0;27.49;711.8;0.0;44.0;5.1;0.001;26.91;15.9;113.0
3985;1.76;2.0;2.6;4.9;20.0;84.0;28.0;711.8;0.0;51.0;;0.001;26.18;15.3;109.0
3986;1.8;2.0;2.8;5.1;17.0;82.0;28.38;711.7;0.0;62.0;5.0;0.001;25.07;15.4;112.0
3987;1.82;2.1;2.9;5.2;16.0;96.0;28.92;711.6;0.0;67.0;4.8;0.001;24.36;10.8;110.0
3988;1.82;2.1;2.6;4.9;16.0;87.0;29.38;711.4;0.0;68.0;5.0;0.001;23.74;9.7;112.0
3989;1.82;2.2;3.2;5.6;15.0;91.0;29.3;711.5;0.0;68.0;4.9;0.001;23.48;9.3;48.0
3990;1.86;2.8;5.8;8.9;13.0;93.0;29.44;711.7;0.0;69.0;4.9;0.003;23.16;10.2;60.0
3991;2.0;7.7;9.9;17.9;8.0;89.0;29.34;712.2;0.0;69.0;;0.072;23.23;8.6;33.0
3992;2.07;16.6;13.6;30.5;7.0;97.0;32.87;712.6;0.0;66.0;5.4;0.208;23.88;8.1;21.0
3993;2.09;15.0;12.9;28.2;11.0;114.0;32.64;712.7;0.0;61.0;6.2;0.429;25.11;7.9;33.0
3994;1.96;7.1;8.9;16.3;19.0;107.0;30.94;712.7;0.0;52.0;6.1;0.627;26.85;10.0;46.0
3995;1.87;4.4;6.3;10.9;27.0;103.0;30.22;712.5;0.0;42.0;5.9;0.792;28.99;12.3;49.0
3996;1.81;3.3;4.7;8.2;28.0;105.0;29.43;712.1;0.0;34.0;5.7;0.908;31.24;13.9;114.0
3997;1.79;3.7;5.4;9.3;27.0;99.0;28.17;711.5;0.0;26.0;5.4;0.962;33.31;15.2;121.0
3998;1.7;3.9;4.8;9.0;24.0;109.0;26.02;711.1;0.0;18.0;5.0;0.962;34.55;20.5;102.0
3999;1.68;3.6;4.4;8.2;25.0;119.0;23.41;710.8;0.0;16.0;5.0;0.89;34.98;21.1;101.0
4000;1.68;3.5;4.5;8.3;24.0;114.0;22.86;710.5;0.0;16.0;;0.748;35.16;19.1;102.0
4001;1.68;3.8;5.2;9.2;24.0;92.0;21.35;710.2;0.0;16.0;5.1;0.558;35.17;19.0;106.0
4002;1.69;3.6;5.5;9.3;23.0;87.0;19.8;710.0;0.0;16.0;4.9;0.264;34.63;19.4;105.0
4003;1.69;2.9;6.1;9.3;23.0;83.0;24.47;710.2;0.0;17.0;5.0;0.051;33.92;17.6;116.0
4004;1.75;2.5;6.9;9.6;22.0;84.0;31.72;710.7;0.0;25.0;5.1;0.009;32.32;18.0;100.0
4005;1.8;2.4;6.0;8.6;17.0;105.0;30.29;711.7;0.0;35.0;5.8;0.001;29.63;17.8;81.0
4006;1.81;2.3;4.9;7.4;18.0;135.0;29.17;712.3;0.0;40.0;5.2;0.001;28.22;15.5;88.0
4007;1.81;2.2;4.3;6.7;18.0;115.0;29.22;712.7;0.0;44.0;5.1;0.001;27.23;12.6;73.0
4008;1.79;2.2;3.4;5.7;17.0;110.0;;712.9;0.0;49.0;5.0;0.001;26.06;12.3;57.0
4009;1.8;2.7;7.1;10.1;13.0;101.0;30.65;712.7;0.0;53.0;5.1;0.001;25.46;10.3;38.0
4010;1.81;2.1;3.7;6.0;15.0;106.0;39.63;712.4;0.0;57.0;5.1;0.001;24.73;9.3;52.0
4011;1.83;2.2;4.0;6.4;14.0;115.0;31.61;712.2;0.0;60.0;;0.001;24.2;8.8;38.0
4012;1.83;2.1;4.2;6.5;14.0;102.0;29.83;712.1;0.0;63.0;5.0;0.001;23.65;9.3;46.0
4013;1.9;4.2;10.6;15.1;7.0;103.0;34.2;712.2;0.0;68.0;5.0;0.001;22.85;9.1;41.0
4014;1.96;4.5;11.8;16.6;5.0;104.0;29.85;712.3;0.0;71.0;5.1;0.003;22.34;7.6;38.0
4015;2.12;21.3;15.2;36.8;3.0;98.0;34.3;712.4;0.0;72.0;5.3;0.059;22.39;6.6;27.0
4016;2.29;20.2;15.9;36.4;6.0;122.0;35.93;712.5;0.0;71.0;6.2;0.142;22.93;6.5;6.0
4017;2.32;14.3;15.7;30.4;9.0;123.0;39.33;712.7;0.0;70.0;5.8;0.168;23.41;6.8;20.0
4018;2.28;13.7;17.9;32.0;17.0;129.0;45.29;712.6;0.0;63.0;5.7;0.593;25.13;7.4;10.0
4019;2.13;8.0;16.6;24.8;32.0;131.0;39.95;712.5;0.0;56.0;6.8;0.781;26.97;9.9;46.0
4020;1.96;4.2;7.7;12.2;32.0;123.0;29.76;712.3;0.0;47.0;6.5;0.898;29.1;14.2;55.0
4021;1.9;3.5;5.1;8.9;30.0;101.0;25.17;711.9;0.0;40.0;6.1;0.911;30.73;15.5;68.0
4022;1.86;3.7;5.3;9.2;29.0;87.0;21.77;711.2;0.0;32.0;5.8;0.877;32.49;15.9;69.0
4023;1.84;3.7;5.8;9.7;30.0;83.0;19.87;710.6;0.0;30.0;6.3;0.84;33.12;19.0;72.0
4024;1.84;4.1;6.2;10.5;28.0;80.0;16.76;710.2;0.0;26.0;6.3;0.713;33.96;17.6;82.0
4025;1.82;4.2;6.6;11.1;25.0;69.0;13.83;709.7;0.0;23.0;5.8;0.518;34.62;15.1;105.0
4026;1.84;4.1;7.3;11.7;23.0;54.0;13.79;709.5;0.0;26.0;5.8;0.243;34.05;15.9;90.0
4027;1.83;3.4;7.4;11.1;20.0;57.0;15.47;709.6;0.0;27.0;6.0;0.056;33.24;16.5;87.0
4028;1.81;2.6;5.9;8.7;20.0;68.0;14.34;710.0;0.0;33.0;5.5;0.007;31.55;16.0;121.0
4029;1.83;2.3;4.7;7.2;21.0;61.0;12.48;710.5;0.0;42.0;5.3;0.001;29.54;14.6;122.0
4030;1.83;2.2;3.3;5.7;20.0;50.0;12.2;711.1;0.0;46.0;5.1;0.001;28.6;16.1;99.0
4031;1.83;2.1;3.2;5.5;18.0;49.0;12.88;711.4;0.0;50.0;5.1;0.001;27.61;14.8;106.0
4032;1.83;2.1;3.4;5.7;17.0;45.0;12.34;711.5;0.0;52.0;5.0;0.001;26.9;12.1;87.0
4033;1.83;2.2;3.4;5.8;14.0;44.0;12.06;711.5;0.0;58.0;5.0;0.001;25.62;14.8;67.0
4034;1.84;2.1;3.2;5.6;14.0;44.0;12.31;711.3;0.0;62.0;4.9;0.001;24.77;12.6;58.0
4035;1.83;2.1;3.3;5.7;13.0;42.0;12.02;711.1;0.0;66.0;5.0;0.001;24.02;10.8;51.0
4036;1.84;;3.5;5.9;12.0;47.0;12.13;711.0;0.0;68.0;4.8;0.001;23.59;10.2;51.0
4037;1.86;2.3;5.6;8.1;9.0;44.0;12.86;711.0;0.0;71.0;4.9;0.001;22.96;8.5;48.0
4038;1.92;3.1;8.8;12.2;6.0;53.0;13.59;711.1;0.0;74.0;4.8;0.003;22.56;6.8;39.0
4039;2.0;11.1;13.2;24.5;3.0;45.0;18.78;711.5;0.0;75.0;4.9;0.035;22.74;6.0;34.0
4040;2.12;14.0;12.1;26.3;6.0;66.0;23.41;711.8;0.0;71.0;5.2;0.149;23.44;6.1;23.0
4041;2.15;12.4;12.9;25.5;11.0;83.0;25.77;711.9;0.0;66.0;5.4;0.318;24.54;6.8;18.0
4042;2.07;15.0;14.9;30.1;15.0;76.0;24.85;711.9;0.0;61.0;6.6;0.597;26.07;8.6;46.0
4043;1.97;5.4;8.1;13.8;25.0;79.0;18.67;712.0;0.0;55.0;7.0;0.797;27.55;12.5;52.0
4044;1.93;4.2;6.2;10.7;27.0;65.0;16.96;711.6;0.0;47.0;6.1;0.868;29.22;17.1;59.0
4045;1.91;3.8;5.9;10.0;30.0;62.0;15.77;711.2;0.0;42.0;5.8;0.918;30.48;17.5;63.0
4046;1.87;3.5;5.6;9.3;32.0;62.0;13.09;710.6;0.0;36.0;5.6;0.774;31.63;17.7;69.0
4047;1.82;3.2;5.3;8.7;30.0;48.0;10.61;710.0;0.0;31.0;5.5;0.449;32.33;17.0;75.0
4048;1.77;3.1;4.3;7.6;29.0;48.0;8.67;709.8;0.0;27.0;5.3;0.595;33.18;18.6;80.0
4049;1.8;3.0;4.4;7.7;25.0;34.0;10.28;709.7;0.0;32.0;5.2;0.308;32.29;19.5;97.0
4050;1.86;3.3;5.4;9.0;21.0;69.0;8.18;710.4;0.0;45.0;5.1;0.185;28.75;18.1;76.0
4051;1.88;2.8;6.8;9.9;20.0;35.0;8.13;710.6;0.0;45.0;5.1;0.052;28.18;13.8;89.0
4052;1.87;2.3;6.5;9.0;21.0;33.0;7.52;710.8;0.0;48.0;5.0;0.01;27.39;13.0;90.0
4053;1.96;2.3;9.2;11.7;16.0;31.0;10.04;711.0;0.0;55.0;5.0;0.001;26.61;13.4;72.0
4054;2.02;2.4;10.9;13.5;12.0;36.0;11.31;711.3;0.0;64.0;;0.001;25.38;11.7;58.0
4055;1.92;2.2;6.8;9.2;17.0;51.0;8.93;711.6;0.0;61.0;;0.001;25.73;11.4;76.0
4056;1.88;2.1;4.7;7.0;19.0;25.0;7.99;711.6;0.0;60.0;;0.001;25.93;12.6;95.0
4057;1.9;2.1;5.7;8.0;17.0;28.0;8.23;711.5;0.0;62.0;5.1;0.001;25.44;9.8;74.0
4058;1.92;2.2;8.0;10.4;13.0;27.0;8.54;711.2;0.0;66.0;5.0;0.001;24.65;9.1;37.0
4059;1.9;2.5;8.0;10.7;13.0;34.0;8.0;710.9;0.0;69.0;4.9;0.001;23.98;10.1;34.0
4060;1.89;3.3;8.2;11.7;11.0;26.0;9.12;710.9;0.0;73.0;5.0;0.001;23.24;9.1;38.0
4061;1.89;3.5;8.1;11.8;10.0;32.0;7.91;711.1;0.0;76.0;5.0;0.0;22.56;8.1;22.0
4062;1.94;6.1;13.9;20.2;4.0;28.0;11.45;711.4;0.0;77.0;;0.002;22.23;7.0;7.0
4063;1.94;10.5;12.0;22.8;5.0;31.0;11.52;711.8;0.0;78.0;5.1;0.064;22.34;6.0;16.0
4064;1.98;11.9;12.1;24.3;7.0;43.0;15.93;712.4;0.0;76.0;5.4;0.162;22.93;7.9;8.0
4065;1.97;14.2;11.4;25.9;9.0;49.0;16.26;712.6;0.0;71.0;6.0;0.449;24.02;10.3;23.0
4066;1.93;6.8;8.6;15.7;19.0;47.0;12.46;712.7;0.0;63.0;6.9;0.574;25.68;10.1;38.0
4067;1.89;3.8;5.8;9.9;27.0;36.0;10.63;712.5;0.0;57.0;6.2;0.748;26.99;11.3;39.0
4068;1.86;2.7;3.7;6.7;29.0;34.0;8.55;712.2;0.0;46.0;6.2;0.912;29.34;14.0;89.0
4069;1.83;2.8;3.3;6.3;30.0;29.0;9.36;711.7;0.0;40.0;5.9;0.991;31.07;13.5;97.0
4070;1.95;3.3;4.5;8.0;29.0;28.0;11.18;711.1;0.0;34.0;5.6;0.922;32.57;15.6;82.0
4071;2.04;3.3;5.1;8.6;30.0;34.0;22.5;710.6;0.0;32.0;5.5;0.779;32.96;19.2;75.0
4072;1.98;3.0;3.9;7.2;31.0;45.0;7.87;710.3;0.0;30.0;5.3;0.662;33.25;17.9;85.0
4073;1.82;2.6;3.2;6.0;31.0;29.0;7.19;710.1;0.0;27.0;5.2;0.476;33.75;16.2;114.0
4074;1.82;2.5;3.5;6.2;33.0;26.0;8.88;709.9;0.0;29.0;5.2;0.202;32.77;18.6;106.0
4075;1.84;2.4;5.0;7.6;28.0;41.0;8.81;710.2;0.0;39.0;5.1;0.075;29.39;13.7;125.0
4076;1.83;2.2;5.1;7.5;27.0;30.0;8.68;710.3;0.0;38.0;5.1;0.006;29.32;11.9;131.0
4077;1.85;2.2;4.9;7.3;25.0;31.0;8.02;710.8;0.0;43.0;;0.001;28.47;13.2;122.0
4078;1.88;2.1;5.1;7.5;24.0;32.0;8.53;711.1;0.0;45.0;5.0;0.001;28.03;9.4;115.0
4079;1.84;2.1;4.0;6.3;24.0;27.0;7.56;711.6;0.0;48.0;5.0;0.001;27.36;15.2;113.0
4080;1.81;2.1;3.0;5.3;22.0;26.0;7.04;711.9;0.0;50.0;;0.001;26.48;12.9;117.0
4081;1.83;2.1;3.1;5.4;21.0;25.0;6.93;711.9;0.0;52.0;4.9;0.001;25.98;10.7;76.0
4082;1.83;2.1;2.6;5.0;20.0;29.0;7.63;711.8;0.0;57.0;4.9;0.001;25.07;9.8;80.0
4083;1.84;2.1;3.0;5.3;18.0;24.0;7.88;711.8;0.0;63.0;;0.001;24.23;8.8;53.0
4084;1.86;2.1;3.0;5.3;17.0;25.0;7.84;711.9;0.0;67.0;;0.001;23.64;8.6;78.0
4085;1.86;2.4;3.5;6.1;16.0;29.0;7.77;712.0;0.0;69.0;;0.001;23.3;9.0;69.0
4086;1.91;2.7;5.6;8.5;13.0;28.0;8.2;712.3;0.0;71.0;;0.003;22.92;7.7;41.0
4087;1.99;4.8;8.3;13.3;11.0;27.0;8.75;712.7;0.0;71.0;4.8;0.057;23.12;5.8;36.0
4088;2.04;7.5;9.4;17.1;12.0;27.0;9.64;713.2;0.0;68.0;4.9;0.215;23.97;6.3;34.0
4089;2.07;12.4;12.9;25.5;14.0;40.0;12.91;713.3;0.0;63.0;5.1;0.413;25.13;7.1;24.0
4090;2.07;7.6;10.9;18.7;23.0;50.0;13.41;713.4;0.0;58.0;5.6;0.641;26.58;11.4;40.0
4091;1.95;4.1;6.8;11.1;30.0;46.0;11.53;713.1;0.0;49.0;5.6;0.782;28.67;14.2;50.0
4092;1.9;3.6;5.8;9.7;34.0;44.0;10.34;712.6;0.0;37.0;;0.885;31.14;15.0;81.0
4093;1.84;3.1;4.7;8.1;37.0;41.0;8.95;712.1;0.0;28.0;5.4;0.964;33.2;15.6;101.0
4094;1.81;3.1;4.8;8.2;37.0;35.0;9.25;711.6;0.0;25.0;5.2;0.899;33.82;19.1;93.0
4095;1.82;3.3;5.6;9.1;37.0;42.0;9.72;711.2;0.0;25.0;5.1;0.821;34.14;20.0;91.0
4096;;;;;;;15.59;;;;;;;;
4097;;;;;;;15.47;;;;;;;;
4098;;;;;;;;;;;;;;;
4099;;;;;;;;;;;;;;;
4100;;;;;;;;;;;;;;;
4101;;;;;;;;;;;;;;;
4102;;;;;;;;;;;;;;;
4103;;;;;;;;;;;;;;;
4104;;;;;;;;;;;;;;;
4105;;;;;;;;;;;;;;;
4106;;;;;;;;;;;;;;;
4107;;;;;;;;;;;;;;;
4108;;;;;;;;;;;;;;;
4109;;;;;;;;;;;;;;;
4110;;;;;;;;;;;;;;;
4111;;;;;;;;;;;;;;;
4112;;;;;;;;;;;;;;;
4113;1.01;4.8;7.2;12.1;12.0;32.0;;;0.0;39.0;3.0;0.292;15.11;5.8;34.0
4114;1.59;5.6;8.9;14.8;26.0;55.0;15.0;714.2;0.0;58.0;4.9;0.62;26.87;13.1;37.0
4115;1.52;4.2;7.1;11.5;30.0;48.0;16.0;714.2;0.0;49.0;4.9;0.779;28.72;15.1;64.0
4116;1.46;3.6;5.5;9.3;33.0;54.0;14.0;713.9;0.0;42.0;;0.876;30.0;17.4;72.0
4117;1.4;3.3;4.9;8.5;35.0;41.0;12.0;713.3;0.0;35.0;;0.964;31.63;16.9;76.0
4118;1.35;3.3;5.0;8.6;35.0;38.0;11.0;712.8;0.0;31.0;5.0;0.816;32.47;17.6;70.0
4119;1.35;3.4;5.7;9.3;35.0;45.0;;712.3;0.0;29.0;4.9;0.675;33.05;18.6;75.0
4120;1.34;3.3;5.6;9.1;;40.0;;711.8;0.0;29.0;5.1;0.548;33.2;18.5;75.0
4121;1.33;3.3;6.1;9.6;34.0;44.0;11.64;711.6;0.0;28.0;5.5;0.41;33.44;17.0;82.0
4122;1.38;3.2;8.0;11.4;30.0;39.0;13.11;711.8;0.0;33.0;6.2;0.144;32.25;20.4;83.0
4123;1.4;2.6;5.7;8.6;26.0;76.0;10.65;712.7;0.0;52.0;5.2;0.065;28.52;22.2;81.0
4124;1.41;2.4;5.1;7.7;20.0;53.0;;713.3;0.0;65.0;4.8;0.007;26.14;15.0;103.0
4125;1.39;2.4;4.8;7.4;21.0;46.0;;713.7;0.0;66.0;4.7;0.0;25.54;13.1;123.0
4126;1.38;2.2;4.4;6.8;20.0;21.0;;714.1;0.0;73.0;4.7;0.0;23.96;10.1;99.0
4127;1.35;2.2;3.3;5.7;23.0;26.0;;714.4;0.0;70.0;;0.0;23.99;8.4;111.0
4128;1.34;2.4;3.4;6.0;20.0;26.0;;714.3;0.0;74.0;;0.0;23.71;7.8;120.0
4129;1.36;2.2;4.5;6.9;19.0;19.0;6.33;713.8;0.0;75.0;4.8;0.0;23.67;7.8;77.0
4130;1.37;2.4;5.2;7.8;16.0;33.0;6.83;713.5;0.0;77.0;4.7;0.0;23.28;4.3;70.0
4131;1.34;2.2;5.1;7.4;17.0;9.0;8.81;713.1;0.0;75.0;4.7;0.0;23.34;7.7;51.0
4132;1.33;2.2;5.0;7.4;14.0;38.0;13.75;712.8;0.0;82.0;;0.0;22.4;7.3;30.0
4133;1.36;2.5;7.4;10.1;11.0;25.0;12.64;713.0;0.0;83.0;;0.0;22.18;6.8;49.0
4134;1.4;3.3;11.8;15.3;7.0;40.0;9.74;713.3;0.0;82.0;;0.002;22.19;8.9;60.0
4135;1.5;8.0;12.6;20.8;7.0;31.0;9.49;713.8;0.0;79.0;;0.029;22.52;7.3;54.0
4136;1.63;15.5;12.6;28.4;6.0;39.0;10.66;714.1;0.0;78.0;;0.158;23.07;8.7;39.0
4137;1.53;10.3;10.3;20.8;12.0;46.0;9.92;714.3;0.0;72.0;4.8;0.39;24.35;11.6;54.0
4138;1.43;6.4;8.6;15.3;16.0;29.0;10.17;714.4;0.0;64.0;4.7;0.358;25.54;13.1;73.0
4139;1.38;4.8;7.4;12.4;20.0;35.0;11.76;714.4;0.0;58.0;4.7;0.322;26.72;12.7;79.0
4140;1.32;3.8;5.4;9.5;24.0;47.0;11.92;714.1;0.0;51.0;;0.697;28.51;10.8;102.0
4141;1.26;3.6;4.6;8.5;26.0;44.0;13.15;713.5;0.0;40.0;;0.931;30.23;15.5;85.0
4142;1.2;3.8;4.5;8.5;25.0;53.0;13.92;712.9;0.0;33.0;4.9;0.978;31.66;16.9;101.0
4143;1.19;3.7;4.5;8.4;25.0;51.0;13.92;712.5;0.0;32.0;4.8;0.922;32.29;18.6;114.0
4144;1.16;3.8;4.7;8.8;25.0;57.0;14.85;712.0;0.0;28.0;4.9;0.77;32.82;17.9;119.0
4145;1.19;3.6;5.3;9.2;27.0;57.0;15.2;711.7;0.0;29.0;4.8;0.556;32.96;16.6;112.0
4146;1.2;3.4;5.6;9.3;27.0;57.0;15.35;711.8;0.0;33.0;4.8;0.295;31.83;17.2;110.0
4147;1.19;3.0;5.4;8.6;25.0;64.0;15.38;712.0;0.0;37.0;4.7;0.067;30.49;15.4;128.0
4148;1.18;2.3;5.1;7.6;26.0;56.0;13.2;712.2;0.0;42.0;4.7;0.008;28.85;15.9;116.0
4149;1.2;2.2;5.3;7.6;25.0;46.0;12.71;712.5;0.0;49.0;;0.0;27.46;13.2;121.0
4150;1.2;2.1;4.8;7.1;23.0;50.0;12.43;712.9;0.0;53.0;;0.0;26.61;11.3;128.0
4151;1.19;2.1;4.1;6.4;23.0;40.0;12.19;713.1;0.0;57.0;4.8;0.0;25.87;9.6;114.0
4152;1.16;;3.5;5.8;23.0;42.0;10.38;713.0;0.0;55.0;4.8;0.0;25.61;7.2;110.0
4153;1.19;;5.5;7.8;19.0;34.0;10.8;712.7;0.0;58.0;;0.0;24.91;9.6;47.0
4154;1.19;2.2;7.4;9.9;15.0;37.0;11.91;712.6;0.0;65.0;4.7;0.0;23.51;8.3;37.0
4155;1.19;2.4;9.4;12.0;12.0;37.0;11.88;712.5;0.0;69.0;4.7;0.0;22.62;8.1;40.0
4156;1.22;4.9;17.5;22.6;6.0;39.0;13.93;712.5;0.0;72.0;4.9;0.0;22.0;5.5;43.0
4157;1.31;4.2;18.9;23.2;4.0;41.0;13.7;712.6;0.0;74.0;5.0;0.0;21.47;2.4;114.0
4158;1.44;5.9;18.9;25.1;3.0;51.0;14.32;712.7;0.0;74.0;5.0;0.002;21.47;2.4;2.0
4159;1.54;14.7;18.8;33.7;5.0;57.0;14.51;713.1;0.0;71.0;5.1;0.061;22.22;5.0;15.0
4160;1.89;24.8;21.7;46.7;7.0;46.0;18.52;713.3;0.0;68.0;5.6;0.221;23.05;5.5;12.0
4161;2.18;30.1;29.4;59.6;11.0;69.0;24.55;713.4;0.0;63.0;6.4;0.425;24.56;6.0;16.0
4162;1.73;19.1;30.0;49.3;21.0;93.0;27.08;713.1;0.0;57.0;7.7;0.623;25.94;8.1;38.0
4163;1.41;8.7;19.0;27.9;34.0;97.0;22.16;712.9;0.0;48.0;9.1;0.796;27.74;11.0;35.0
4164;1.22;6.2;9.9;16.4;35.0;81.0;18.31;712.4;0.0;38.0;7.8;0.918;29.71;15.3;64.0
4165;1.13;4.0;6.2;10.4;30.0;71.0;17.26;711.8;0.0;30.0;6.2;0.972;31.3;14.8;90.0
4166;1.11;3.4;5.2;8.8;31.0;60.0;18.46;711.1;0.0;29.0;5.6;0.958;32.35;14.3;85.0
4167;1.07;3.4;4.9;8.5;30.0;67.0;18.94;710.5;0.0;25.0;5.3;0.892;33.43;13.5;118.0
4168;1.05;3.1;4.6;7.9;31.0;70.0;20.87;710.0;0.0;23.0;5.3;0.748;33.81;13.9;104.0
4169;1.07;3.6;5.8;9.7;30.0;73.0;23.58;709.6;0.0;21.0;;0.555;34.17;13.9;113.0
4170;1.04;3.1;6.1;9.5;28.0;73.0;22.37;709.5;0.0;20.0;;0.261;33.87;13.2;108.0
4171;1.02;2.6;5.8;8.7;27.0;67.0;20.43;709.4;0.0;21.0;5.1;0.049;33.17;13.2;109.0
4172;1.04;2.3;6.1;8.6;26.0;66.0;18.43;709.7;0.0;25.0;5.1;0.008;32.08;13.2;107.0
4173;1.07;2.6;9.1;11.9;20.0;61.0;18.52;709.9;0.0;25.0;5.0;0.0;31.25;9.6;128.0
4174;1.13;2.3;7.0;9.5;21.0;63.0;18.29;710.2;0.0;38.0;5.1;0.0;29.72;15.2;81.0
4175;1.11;2.1;4.1;6.4;19.0;70.0;17.38;710.8;0.0;45.0;5.3;0.0;28.02;15.5;74.0
4176;1.07;2.1;3.5;5.8;18.0;65.0;17.53;711.0;0.0;46.0;5.1;0.0;26.85;12.3;73.0
4177;1.09;;3.7;5.9;16.0;59.0;17.68;710.9;0.0;50.0;5.1;0.0;25.81;10.2;68.0
4178;1.09;;3.8;6.1;16.0;66.0;18.14;710.8;0.0;53.0;5.0;0.0;25.25;8.4;60.0
4179;1.09;;4.8;7.1;14.0;62.0;18.48;710.6;0.0;57.0;5.0;0.0;24.56;8.5;33.0
4180;1.12;3.6;10.3;14.2;7.0;63.0;21.07;710.4;0.0;59.0;5.1;0.0;23.9;7.5;28.0
4181;1.16;4.0;11.4;15.6;6.0;67.0;22.25;710.4;0.0;63.0;5.3;0.0;23.23;6.1;53.0
4182;1.26;10.8;15.8;26.8;3.0;89.0;23.95;710.5;0.0;66.0;5.6;0.002;22.76;4.3;38.0
4183;1.43;22.8;16.7;39.7;3.0;93.0;24.57;710.9;0.0;66.0;5.7;0.064;23.18;3.4;52.0
4184;1.58;23.0;17.7;40.9;7.0;89.0;25.74;711.1;0.0;62.0;6.0;0.236;24.38;4.9;27.0
4185;1.55;23.8;20.7;44.1;13.0;88.0;24.9;711.3;0.0;56.0;6.5;0.448;25.71;5.8;2.0
4186;1.82;15.0;24.1;39.2;21.0;99.0;29.09;711.3;0.0;50.0;6.8;0.628;27.18;7.6;14.0
4187;1.55;14.3;30.2;44.7;30.0;112.0;32.45;711.1;0.0;45.0;9.3;0.796;28.84;9.5;35.0
4188;1.32;5.4;15.4;21.1;53.0;122.0;26.12;710.7;0.0;39.0;11.1;0.912;30.25;13.1;56.0
4189;1.12;3.3;8.6;12.1;49.0;92.0;18.47;710.0;0.0;29.0;9.9;0.981;32.4;14.2;83.0
4190;1.06;2.9;5.7;8.9;39.0;66.0;15.47;709.4;0.0;26.0;6.5;0.976;33.96;11.7;125.0
4191;1.03;2.8;5.4;8.4;39.0;54.0;15.48;708.9;0.0;24.0;5.9;0.897;34.73;13.3;109.0
4192;1.03;3.5;6.8;10.5;39.0;56.0;13.21;708.6;0.0;19.0;5.4;0.761;35.81;14.8;115.0
4193;0.99;3.3;6.8;10.3;;45.0;11.25;708.3;0.0;16.0;5.2;0.572;35.73;14.9;117.0
4194;0.97;3.2;7.6;11.0;;36.0;10.61;708.1;0.0;14.0;5.1;0.276;35.65;15.2;121.0
4195;0.99;2.5;7.2;9.9;37.0;40.0;11.56;708.2;0.0;17.0;5.1;0.041;34.95;14.2;121.0
4196;1.02;2.2;7.6;10.0;31.0;39.0;13.17;708.4;0.0;22.0;6.2;0.007;33.42;14.6;94.0
4197;1.11;2.2;6.2;8.6;28.0;50.0;12.64;709.1;0.0;35.0;5.9;0.0;31.22;17.5;88.0
4198;1.12;;5.9;8.3;25.0;56.0;11.07;709.7;0.0;40.0;5.7;0.0;29.55;12.8;91.0
4199;1.11;2.1;5.5;7.8;23.0;39.0;11.19;710.0;0.0;47.0;5.3;0.0;27.8;14.3;74.0
4200;1.13;2.1;5.7;8.0;22.0;39.0;10.71;710.2;0.0;50.0;5.3;0.0;27.01;12.0;74.0
4201;1.12;2.0;4.2;6.4;24.0;41.0;11.2;710.2;0.0;52.0;;0.0;26.61;9.5;111.0
4202;1.11;2.1;4.0;6.3;23.0;31.0;11.65;710.1;0.0;56.0;5.2;0.0;25.68;10.7;74.0
4203;1.13;2.0;4.5;6.7;20.0;32.0;12.22;710.2;0.0;62.0;5.1;0.0;24.63;8.7;45.0
4204;1.13;2.1;5.1;7.4;19.0;32.0;11.0;710.1;0.0;65.0;5.0;0.0;24.08;7.2;40.0
4205;1.15;2.2;6.6;9.0;17.0;30.0;11.57;710.2;0.0;70.0;5.1;0.0;23.26;6.9;47.0
4206;1.23;7.2;18.4;25.9;5.0;36.0;15.86;710.5;0.0;72.0;5.1;0.002;22.83;6.5;50.0
4207;1.25;5.5;14.8;20.6;8.0;60.0;16.03;710.9;0.0;73.0;5.3;0.031;22.68;6.8;72.0
4208;1.31;10.0;16.2;26.5;9.0;45.0;19.24;711.4;0.0;72.0;5.3;0.163;23.25;6.1;45.0
4209;1.37;8.3;14.1;22.7;17.0;46.0;22.42;711.5;0.0;66.0;5.6;0.23;24.21;6.4;16.0
4210;1.41;13.9;19.2;33.3;20.0;54.0;25.97;711.6;0.0;60.0;5.9;0.627;25.65;8.2;31.0
4211;1.34;11.9;22.2;34.4;27.0;59.0;27.83;711.5;0.0;55.0;9.0;0.794;27.04;8.8;39.0
4212;1.28;4.2;12.0;16.5;49.0;68.0;24.0;711.3;0.0;49.0;8.9;0.908;28.61;10.3;47.0
4213;1.19;3.5;7.5;11.2;42.0;61.0;19.44;710.8;0.0;43.0;7.0;0.958;30.15;14.2;46.0
4214;1.16;3.4;6.4;10.1;40.0;51.0;17.12;710.3;0.0;36.0;6.3;0.959;31.99;14.7;65.0
4215;1.11;2.8;5.3;8.3;42.0;42.0;15.3;709.8;0.0;33.0;5.9;0.799;33.01;15.3;69.0
4216;1.06;2.8;4.5;7.5;41.0;42.0;14.01;709.4;0.0;29.0;5.6;0.66;33.9;13.5;102.0
4217;1.04;2.6;4.4;7.2;39.0;36.0;12.55;709.1;0.0;26.0;5.4;0.57;34.86;13.6;114.0
4218;1.01;2.5;4.5;7.2;39.0;37.0;12.42;709.0;0.0;24.0;5.4;0.262;34.74;14.7;102.0
4219;1.01;2.3;5.1;7.6;37.0;31.0;11.79;709.1;0.0;23.0;;0.05;34.29;14.1;101.0
4220;1.09;2.3;6.2;8.7;34.0;32.0;13.83;709.5;0.0;30.0;5.9;0.008;32.53;18.9;79.0
4221;1.13;2.1;4.5;6.9;32.0;50.0;14.37;710.5;0.0;40.0;5.5;0.0;30.19;20.7;89.0
4222;1.15;2.1;4.0;6.3;29.0;57.0;13.22;711.4;0.0;49.0;5.2;0.0;28.33;19.0;73.0
4223;1.16;2.0;3.3;5.5;28.0;47.0;11.66;712.1;0.0;54.0;5.1;0.0;27.17;17.3;76.0
4224;1.12;2.0;2.9;5.2;28.0;35.0;11.24;712.4;0.0;55.0;5.1;0.0;26.71;15.2;104.0
4225;1.14;;3.3;5.6;26.0;32.0;11.79;712.4;0.0;60.0;5.0;0.0;25.69;13.6;79.0
4226;1.15;;3.0;5.3;26.0;37.0;11.14;712.3;0.0;62.0;5.0;0.0;24.98;13.4;90.0
4227;1.13;;2.6;4.8;26.0;29.0;11.84;712.1;0.0;63.0;;0.0;24.61;9.8;90.0
4228;1.13;;3.1;5.3;24.0;28.0;12.06;712.0;0.0;67.0;;0.0;24.01;6.2;71.0
4229;1.14;;3.6;5.8;24.0;37.0;11.57;712.0;0.0;68.0;;0.0;23.78;6.4;56.0
4230;1.16;2.2;6.4;8.8;20.0;25.0;13.23;712.2;0.0;70.0;5.0;0.001;23.55;6.3;48.0
4231;1.23;3.1;10.6;13.9;15.0;34.0;15.51;712.4;0.0;72.0;;0.057;23.52;6.1;55.0
4232;1.29;8.7;17.4;26.3;11.0;43.0;19.5;712.7;0.0;69.0;5.2;0.156;24.36;6.3;39.0
4233;1.31;8.2;14.7;23.1;18.0;46.0;22.27;712.9;0.0;66.0;5.6;0.363;25.14;7.9;41.0
4234;1.39;5.6;13.1;18.9;29.0;48.0;30.11;713.0;0.0;61.0;5.8;0.407;26.17;7.8;36.0
4235;1.33;7.3;16.9;24.3;36.0;61.0;29.57;713.1;0.0;56.0;6.7;0.726;27.41;9.5;33.0
4236;1.21;2.9;7.8;10.9;54.0;59.0;27.23;713.1;0.0;49.0;7.9;0.916;28.93;13.1;60.0
4237;1.15;2.4;5.8;8.4;54.0;49.0;29.74;712.9;0.0;42.0;13.1;0.959;30.43;16.4;57.0
4238;1.12;2.6;4.0;6.8;40.0;54.0;18.35;712.5;0.0;38.0;9.5;0.933;31.68;16.3;62.0
4239;1.07;2.6;3.7;6.6;40.0;41.0;16.93;712.0;0.0;33.0;7.4;0.839;32.7;17.1;72.0
4240;1.05;2.4;3.7;6.2;44.0;38.0;17.75;711.7;0.0;31.0;9.7;0.678;33.19;16.7;77.0
4241;1.03;2.3;3.5;6.0;43.0;41.0;14.65;711.4;0.0;29.0;9.9;0.484;33.37;16.3;87.0
4242;1.01;2.4;3.5;6.1;39.0;29.0;11.76;711.3;0.0;28.0;9.5;0.293;33.57;16.3;83.0
4243;1.02;2.2;3.9;6.3;37.0;33.0;10.56;711.4;0.0;28.0;8.0;0.058;33.0;15.8;87.0
4244;1.07;2.2;6.2;8.6;32.0;28.0;10.69;711.8;0.0;31.0;6.3;0.007;32.0;17.7;75.0
4245;1.15;2.3;3.6;6.1;24.0;34.0;12.49;712.8;0.0;66.0;5.3;0.0;25.73;11.2;57.0
4246;1.22;2.4;6.7;9.3;20.0;67.0;9.47;713.3;0.0;61.0;5.0;0.0;26.48;6.8;105.0
4247;1.19;2.2;5.6;8.0;25.0;23.0;9.62;713.8;0.0;52.0;5.1;0.0;27.5;10.8;80.0
4248;1.14;2.1;3.6;6.0;26.0;35.0;9.09;714.0;0.0;53.0;5.0;0.0;27.11;7.9;97.0
4249;1.12;2.1;3.9;6.2;25.0;35.0;8.64;713.9;0.0;55.0;5.0;0.0;26.66;6.6;48.0
4250;1.11;2.0;4.2;6.4;24.0;24.0;8.7;713.8;0.0;58.0;;0.0;25.9;8.0;39.0
4251;1.11;2.0;4.1;6.4;23.0;25.0;10.79;713.6;0.0;59.0;;0.0;25.46;7.5;52.0
4252;1.1;2.1;3.5;5.8;22.0;30.0;10.3;713.6;0.0;62.0;;0.0;24.84;8.2;54.0
4253;1.15;2.3;7.3;9.9;15.0;29.0;12.73;713.8;0.0;67.0;4.9;0.0;24.13;6.9;44.0
4254;1.24;8.3;16.3;24.8;6.0;45.0;20.33;713.9;0.0;71.0;5.0;0.001;23.61;3.2;32.0
4255;1.39;17.0;19.3;36.6;4.0;50.0;16.67;714.3;0.0;71.0;5.2;0.057;23.95;3.0;59.0
4256;1.54;21.3;20.5;42.0;6.0;57.0;17.67;714.6;0.0;69.0;5.4;0.163;24.76;5.0;56.0
4257;1.62;16.2;19.8;36.3;15.0;66.0;20.06;714.7;0.0;65.0;5.8;0.414;25.8;5.8;25.0
4258;1.59;12.9;25.9;39.1;24.0;64.0;26.67;714.6;0.0;58.0;5.9;0.591;27.66;6.4;23.0
4259;1.4;12.2;26.8;39.2;30.0;83.0;24.9;714.4;0.0;52.0;8.4;0.793;29.15;8.4;54.0
4260;1.25;3.7;11.0;15.0;53.0;67.0;20.23;714.1;0.0;45.0;9.5;0.96;30.4;11.5;63.0
4261;1.2;2.5;7.1;9.8;59.0;52.0;24.9;713.6;0.0;40.0;11.3;1.001;31.52;11.9;79.0
4262;1.15;2.7;6.2;9.1;52.0;53.0;28.08;713.0;0.0;37.0;15.0;0.942;32.57;11.1;125.0
4263;1.1;2.7;4.8;7.7;42.0;49.0;19.58;712.6;0.0;33.0;9.2;0.64;32.99;10.3;101.0
4264;1.1;3.0;6.0;9.2;45.0;36.0;20.36;712.1;0.0;29.0;9.0;0.694;33.75;12.3;71.0
4265;1.17;3.1;7.4;10.7;34.0;35.0;16.77;712.1;0.0;42.0;7.9;0.221;30.02;15.0;135.0
4266;1.21;3.9;10.1;14.1;29.0;44.0;14.48;711.7;0.0;38.0;6.5;0.177;30.94;9.3;132.0
4267;1.2;3.0;10.4;13.5;29.0;32.0;13.68;711.7;0.0;36.0;6.4;0.054;31.42;10.4;127.0
4268;1.15;2.4;7.8;10.3;29.0;29.0;12.26;711.8;0.0;39.0;5.8;0.007;29.94;12.5;113.0
4269;1.12;2.2;5.5;7.9;28.0;35.0;11.82;712.6;0.0;44.0;5.5;0.0;28.31;11.8;109.0
4270;1.15;2.2;6.6;8.9;26.0;40.0;11.79;713.5;0.0;48.0;5.5;0.0;27.6;11.3;111.0
4271;1.09;2.3;3.7;6.2;26.0;31.0;10.52;714.2;0.0;52.0;5.2;0.0;26.92;13.7;115.0
4272;1.11;2.0;4.1;6.4;23.0;34.0;10.88;714.6;0.0;55.0;5.3;0.0;26.59;10.1;103.0
4273;1.11;2.0;3.1;5.4;22.0;35.0;12.05;714.4;0.0;60.0;5.2;0.0;25.95;8.7;93.0
4274;1.12;;3.0;5.3;23.0;36.0;11.43;714.3;0.0;61.0;5.1;0.0;25.42;11.1;85.0
4275;1.15;;4.4;6.6;16.0;29.0;12.93;713.9;0.0;67.0;5.2;0.0;24.77;7.6;85.0
4276;1.12;;3.1;5.4;22.0;31.0;12.52;713.4;0.0;65.0;5.1;0.0;24.36;6.4;72.0
4277;1.13;2.3;5.6;8.1;19.0;29.0;12.03;713.6;0.0;67.0;5.2;0.0;23.83;4.3;63.0
4278;1.26;5.6;14.7;20.5;5.0;34.0;16.67;714.1;0.0;71.0;5.2;0.001;23.96;7.4;43.0
4279;1.32;19.0;16.3;35.6;3.0;58.0;17.46;714.6;0.0;74.0;;0.042;23.78;5.6;51.0
4280;1.44;11.5;15.7;27.4;8.0;48.0;17.25;715.0;0.0;69.0;5.6;0.11;24.38;5.3;1.0
4281;1.61;9.7;14.5;24.4;15.0;50.0;20.96;715.2;0.0;62.0;6.2;0.305;25.8;6.3;19.0
4282;1.37;10.5;17.0;27.8;20.0;56.0;24.36;715.1;0.0;55.0;7.4;0.508;27.21;7.5;28.0
4283;1.29;5.7;12.7;18.7;37.0;57.0;20.75;714.8;0.0;48.0;8.6;0.795;28.88;9.5;60.0
4284;1.22;3.5;9.1;12.9;49.0;53.0;19.23;714.4;0.0;42.0;7.5;0.911;29.97;11.0;58.0
4285;1.2;3.1;7.9;11.2;54.0;52.0;21.72;713.9;0.0;38.0;8.1;0.935;31.15;12.6;50.0
4286;1.16;2.6;7.8;10.7;58.0;54.0;27.45;713.3;0.0;35.0;11.6;0.608;31.84;13.0;73.0
4287;1.11;2.9;6.2;9.3;37.0;54.0;16.01;712.9;0.0;34.0;9.8;0.217;31.54;10.3;124.0
4288;1.14;3.0;6.0;9.3;39.0;31.0;12.88;712.5;0.0;33.0;7.0;0.446;32.29;10.7;84.0
4289;1.18;2.9;8.0;11.2;40.0;38.0;15.54;711.9;0.0;34.0;7.5;0.243;32.0;11.6;79.0
4290;1.21;3.1;10.8;14.1;35.0;40.0;14.55;711.9;0.0;35.0;7.0;0.134;31.86;11.1;86.0
4291;1.16;2.8;8.9;11.9;34.0;42.0;13.11;711.8;0.0;33.0;6.4;0.067;31.86;10.4;90.0
4292;1.13;2.2;7.3;9.7;34.0;36.0;13.32;712.1;0.0;35.0;6.1;0.007;31.08;10.9;117.0
4293;1.16;2.1;9.0;11.3;31.0;30.0;14.11;712.7;0.0;38.0;5.5;0.0;30.14;9.1;102.0
4294;1.18;2.2;13.1;15.4;32.0;29.0;17.26;713.7;0.0;47.0;5.7;0.0;28.09;15.4;40.0
4295;1.2;2.0;4.7;7.0;40.0;89.0;12.3;715.2;0.0;78.0;5.2;0.0;22.78;15.6;71.0
4296;1.19;2.0;3.5;5.7;40.0;39.0;8.14;716.1;0.0;85.0;5.0;0.0;20.76;9.5;161.0
4297;1.17;;4.8;7.1;39.0;16.0;3.85;716.1;0.0;87.0;5.0;0.0;20.31;5.8;229.0
4298;1.2;;7.5;9.8;36.0;83.0;7.78;715.3;0.0;87.0;4.9;0.0;20.48;5.6;187.0
4299;1.16;;3.9;6.1;40.0;33.0;7.28;714.5;0.0;87.0;4.9;0.0;20.41;7.4;83.0
4300;1.23;2.1;9.9;12.3;30.0;22.0;9.96;714.3;0.0;86.0;;0.0;20.92;5.7;129.0
4301;1.19;2.2;5.3;7.7;31.0;37.0;7.45;714.0;0.0;84.0;5.0;0.0;20.64;3.5;179.0
4302;1.28;3.8;14.3;18.2;20.0;20.0;9.43;714.1;0.0;83.0;4.9;0.002;20.7;4.8;214.0
4303;1.49;6.1;23.2;29.6;14.0;29.0;14.62;714.2;0.0;80.0;5.0;0.047;21.77;3.7;269.0
4304;1.64;11.5;27.0;38.7;15.0;47.0;15.54;714.5;0.0;74.0;5.0;0.139;22.86;3.5;22.0
4305;1.64;11.5;27.2;38.9;22.0;57.0;18.95;714.9;0.0;67.0;;0.313;24.14;3.3;28.0
4306;1.75;13.6;31.7;45.6;30.0;55.0;23.15;715.1;0.0;57.0;5.3;0.623;26.21;6.1;42.0
4307;1.41;6.5;19.3;26.0;47.0;76.0;14.78;715.2;0.0;48.0;5.7;0.793;27.61;8.3;55.0
4308;1.23;5.6;16.0;21.8;49.0;41.0;15.12;715.1;0.0;44.0;6.9;0.895;28.78;9.4;61.0
4309;1.26;3.1;10.6;13.9;71.0;48.0;16.59;714.6;0.0;39.0;7.5;0.906;29.94;8.9;73.0
4310;1.2;2.7;7.6;10.5;70.0;45.0;16.5;714.3;0.0;37.0;6.1;0.949;30.63;12.5;69.0
4311;1.17;2.8;7.3;10.3;62.0;39.0;14.57;713.8;0.0;35.0;5.7;0.862;31.18;14.9;57.0
4312;1.2;3.0;7.8;11.0;64.0;38.0;20.66;713.4;0.0;34.0;6.6;0.775;31.71;13.2;49.0
4313;1.18;2.7;7.2;10.0;59.0;39.0;19.11;712.9;0.0;35.0;6.7;0.46;31.53;11.9;90.0
4314;1.24;3.7;12.4;16.3;45.0;36.0;14.12;712.9;0.0;42.0;5.9;0.282;30.2;14.7;79.0
4315;1.3;2.9;14.1;17.2;44.0;40.0;13.34;713.0;0.0;47.0;5.7;0.053;29.03;11.6;57.0
4316;1.35;2.3;17.7;20.2;39.0;37.0;13.97;713.3;0.0;48.0;5.5;0.007;28.46;8.8;71.0
4317;1.25;2.1;10.1;12.4;45.0;45.0;13.38;713.4;0.0;48.0;5.3;0.0;28.19;9.5;111.0
4318;1.33;2.7;19.1;21.9;32.0;31.0;16.38;713.6;0.0;52.0;5.2;0.0;27.41;9.3;83.0
4319;1.3;2.1;14.8;17.1;29.0;50.0;16.85;714.0;0.0;56.0;5.3;0.0;26.59;8.0;57.0
4320;1.3;2.1;12.0;14.3;30.0;47.0;15.98;714.0;0.0;57.0;5.3;0.0;26.08;5.5;81.0
4321;1.17;2.0;5.5;7.8;41.0;40.0;13.5;713.7;0.0;55.0;5.2;0.0;26.15;7.1;105.0
4322;1.15;2.0;3.7;5.9;43.0;25.0;12.73;713.5;0.0;57.0;5.1;0.0;25.94;8.6;113.0
4323;1.21;;7.3;9.5;36.0;34.0;13.44;713.2;0.0;59.0;5.1;0.0;25.79;6.2;50.0
4324;1.24;2.1;17.8;20.1;23.0;35.0;16.98;713.2;0.0;64.0;5.2;0.0;25.14;6.6;30.0
4325;1.31;2.7;22.1;24.9;16.0;49.0;26.03;713.1;0.0;66.0;5.4;0.0;24.72;4.5;46.0
4326;1.36;2.8;28.3;31.3;10.0;81.0;26.52;713.3;0.0;67.0;5.7;0.002;24.56;3.8;34.0
4327;1.52;8.0;29.6;37.8;9.0;62.0;21.35;713.5;0.0;66.0;5.7;0.071;25.12;2.5;275.0
4328;1.55;10.6;28.3;39.1;16.0;69.0;22.21;713.6;0.0;61.0;6.6;0.18;26.41;3.8;12.0
4329;1.57;11.8;29.4;41.4;21.0;72.0;24.04;713.6;0.0;57.0;7.2;0.341;27.35;4.4;279.0
4330;1.5;6.9;22.1;29.2;42.0;67.0;21.67;713.3;0.0;50.0;7.5;0.601;29.03;5.5;55.0
4331;1.63;8.1;30.9;39.2;46.0;55.0;26.0;713.0;0.0;44.0;10.0;0.69;30.41;6.8;10.0
4332;1.5;4.9;21.7;26.8;70.0;79.0;26.62;712.6;0.0;38.0;11.1;0.848;31.46;8.3;82.0
4333;1.36;2.9;13.9;16.9;95.0;66.0;24.99;712.1;0.0;35.0;9.2;0.866;32.4;8.6;53.0
4334;1.32;2.4;10.2;12.8;91.0;60.0;21.93;711.5;0.0;35.0;7.3;0.728;32.62;11.9;120.0
4335;1.3;2.6;11.0;13.9;65.0;55.0;18.45;711.3;0.0;40.0;6.2;0.269;31.13;11.4;132.0
4336;1.28;2.6;11.9;14.7;57.0;44.0;16.0;710.9;0.0;39.0;5.8;0.151;30.54;11.5;118.0
4337;1.3;3.1;12.5;15.9;54.0;40.0;15.14;710.8;0.0;37.0;5.7;0.371;31.02;10.1;122.0
4338;1.23;2.8;10.4;13.3;56.0;34.0;15.95;710.7;0.0;32.0;6.0;0.308;32.44;9.7;116.0
4339;1.18;2.3;8.4;10.9;54.0;35.0;14.24;710.5;0.0;34.0;5.7;0.058;31.43;11.5;130.0
4340;1.23;2.2;8.6;11.0;45.0;28.0;12.76;710.6;0.0;49.0;5.3;0.01;28.06;12.8;118.0
4341;1.25;2.1;9.6;11.9;43.0;37.0;12.98;710.6;0.0;51.0;5.2;0.0;27.21;8.6;101.0
4342;1.3;2.1;12.3;14.5;37.0;39.0;12.98;710.9;0.0;52.0;5.1;0.0;27.06;4.9;110.0
4343;1.31;2.2;12.3;14.7;33.0;26.0;13.77;711.1;0.0;52.0;5.2;0.0;27.0;3.4;52.0
4344;;;;;;;;;;;;;;;
4345;1.3;2.1;12.0;14.3;31.0;27.0;13.34;711.3;0.0;52.0;5.1;0.0;26.46;3.7;126.0
4346;1.39;2.4;28.0;30.6;15.0;26.0;;711.2;0.0;57.0;5.2;0.0;25.62;6.6;45.0
4347;1.33;2.4;25.2;27.8;15.0;76.0;24.42;711.1;0.0;63.0;5.7;0.0;24.36;2.9;106.0
4348;1.47;2.3;29.4;31.9;10.0;55.0;27.25;711.0;0.0;64.0;5.9;0.0;24.04;2.4;229.0
4349;1.61;2.4;28.9;31.5;7.0;71.0;28.61;711.0;0.0;64.0;5.9;0.0;24.06;1.9;267.0
4350;2.02;14.2;34.3;48.7;4.0;68.0;25.48;711.1;0.0;65.0;;0.001;23.92;1.9;321.0
4351;2.16;22.1;36.8;59.2;6.0;67.0;27.78;711.3;0.0;64.0;6.0;0.058;24.63;2.1;4.0
4352;1.95;24.1;36.8;61.1;12.0;80.0;27.97;711.4;0.0;59.0;6.5;0.226;26.09;4.7;4.0
4353;1.82;10.3;27.5;38.0;30.0;79.0;25.75;711.5;0.0;54.0;8.0;0.438;27.14;6.7;26.0
4354;1.68;6.4;22.4;29.0;48.0;79.0;24.09;711.4;0.0;47.0;9.0;0.63;28.99;5.5;353.0
4355;1.66;4.8;19.6;24.6;60.0;67.0;23.2;711.1;0.0;42.0;8.8;0.79;30.49;7.4;8.0
4356;1.43;4.1;16.4;20.7;65.0;73.0;20.46;710.9;0.0;37.0;9.0;0.904;31.7;8.9;45.0
4357;1.36;3.5;17.3;21.0;81.0;66.0;22.02;710.4;0.0;35.0;9.7;0.942;32.83;9.3;64.0
4358;1.28;3.4;15.3;18.9;81.0;64.0;22.12;709.9;0.0;32.0;11.2;0.935;33.81;8.8;37.0
4359;1.26;2.7;9.9;12.8;79.0;56.0;18.73;709.3;0.0;31.0;9.1;0.881;34.67;10.9;82.0
4360;1.27;2.4;9.0;11.6;82.0;46.0;20.32;708.9;0.0;30.0;8.8;0.672;35.02;12.4;96.0
4361;1.35;2.4;11.0;13.5;91.0;47.0;25.15;708.6;0.0;34.0;10.2;0.423;33.95;13.8;128.0
4362;1.35;2.4;10.5;13.1;87.0;55.0;21.02;708.5;0.0;33.0;8.8;0.289;33.75;13.5;128.0
4363;1.26;2.2;9.8;12.2;70.0;47.0;15.75;708.4;0.0;32.0;6.9;0.046;33.22;11.9;127.0
4364;1.26;2.2;10.3;12.7;58.0;36.0;15.05;708.7;0.0;36.0;6.1;0.007;31.99;10.7;122.0
4365;1.3;2.0;10.9;13.2;55.0;44.0;16.1;709.0;0.0;38.0;5.7;0.0;31.22;8.1;122.0
4366;1.33;2.0;11.3;13.5;41.0;47.0;17.63;709.1;0.0;42.0;5.7;0.0;30.7;9.3;88.0
4367;1.23;;7.6;9.8;36.0;43.0;15.68;709.5;0.0;44.0;5.8;0.0;29.9;8.4;104.0
4368;1.22;;6.4;8.6;35.0;31.0;15.87;709.6;0.0;46.0;5.6;0.0;29.47;9.7;68.0
4369;1.25;2.1;8.1;10.4;22.0;30.0;17.04;709.7;0.0;55.0;5.3;0.0;27.82;9.8;49.0
4370;1.24;2.9;11.7;14.8;13.0;43.0;19.61;709.9;0.0;63.0;5.3;0.0;26.71;8.6;25.0
4371;1.26;3.6;15.6;19.4;6.0;48.0;34.34;709.9;0.0;68.0;5.1;0.0;26.01;7.1;25.0
4372;1.25;7.9;16.1;24.3;3.0;91.0;31.99;709.9;0.0;71.0;5.2;0.0;25.41;6.3;36.0
4373;1.23;4.3;12.8;17.3;4.0;71.0;27.31;709.8;0.0;73.0;5.1;0.0;24.86;5.1;45.0
4374;1.26;3.3;11.0;14.5;5.0;36.0;21.64;710.1;0.0;74.0;5.1;0.001;24.33;5.3;62.0
4375;1.34;16.9;15.1;32.2;3.0;69.0;23.28;710.3;0.0;74.0;;0.044;24.38;3.5;45.0
4376;1.48;21.4;15.9;37.5;4.0;52.0;24.9;710.4;0.0;72.0;5.2;0.111;24.83;5.2;69.0
4377;1.55;19.9;18.3;38.4;7.0;67.0;27.03;710.6;0.0;66.0;5.5;0.298;26.29;4.9;77.0
4378;1.67;12.7;22.2;35.2;17.0;77.0;30.77;710.4;0.0;61.0;5.6;0.428;27.54;5.6;14.0
4379;1.69;11.6;31.1;42.9;29.0;86.0;32.33;710.5;0.0;55.0;6.6;0.528;28.67;8.5;79.0
4380;1.5;4.6;23.7;28.5;52.0;97.0;29.08;710.6;0.0;54.0;8.9;0.398;28.89;9.7;92.0
4381;1.42;3.8;16.5;20.5;53.0;85.0;31.61;710.4;0.0;52.0;8.5;0.505;29.26;8.6;69.0
4382;1.4;3.1;13.1;16.3;66.0;71.0;27.0;709.9;0.0;47.0;9.2;0.529;30.72;8.4;47.0
4383;1.45;2.3;13.7;16.1;75.0;63.0;32.37;709.6;0.0;49.0;8.7;0.113;30.18;8.5;77.0
4384;1.38;2.1;11.1;13.4;58.0;80.0;30.57;709.6;0.0;56.0;6.1;0.04;29.22;7.7;113.0
4385;1.42;2.3;11.9;14.3;49.0;70.0;27.99;709.3;0.0;61.0;5.3;0.071;28.54;6.5;124.0
4386;1.43;2.3;12.9;15.3;46.0;60.0;25.38;709.1;0.0;59.0;5.2;0.056;28.44;4.5;202.0
4387;1.47;;17.4;19.7;46.0;51.0;25.96;708.9;0.0;53.0;5.1;0.039;28.96;2.9;151.0
4388;1.5;2.2;19.1;21.4;40.0;51.0;24.31;709.0;0.0;49.0;5.1;0.007;28.85;4.9;174.0
4389;1.74;2.3;22.7;25.2;31.0;47.0;27.01;709.4;0.0;51.0;5.7;0.0;28.41;5.7;95.0
4390;1.7;2.2;18.7;21.1;28.0;57.0;29.41;709.8;0.0;55.0;5.5;0.0;28.32;4.4;134.0
4391;1.51;2.4;9.4;12.0;21.0;70.0;21.33;710.1;0.0;58.0;5.3;0.0;28.15;7.6;67.0
4392;1.34;2.2;7.0;9.4;14.0;53.0;19.04;710.4;0.0;62.0;5.1;0.0;27.41;5.7;65.0
4393;1.29;2.2;5.4;7.8;15.0;46.0;18.08;710.4;0.0;63.0;5.1;0.0;26.95;7.8;88.0
4394;1.3;2.3;5.9;8.4;10.0;41.0;16.06;710.2;0.0;66.0;;0.0;26.11;8.1;55.0
4395;1.22;2.2;5.0;7.4;10.0;53.0;13.29;710.4;0.0;67.0;5.0;0.0;25.57;7.7;35.0
4396;1.22;2.2;4.0;6.4;11.0;31.0;12.25;710.3;0.0;70.0;5.1;0.0;24.85;8.8;56.0
4397;1.22;2.1;4.3;6.6;10.0;28.0;12.53;710.4;0.0;72.0;5.1;0.0;24.5;5.6;43.0
4398;1.22;2.3;6.3;8.7;8.0;37.0;13.46;710.8;0.0;74.0;5.1;0.001;24.1;5.1;36.0
4399;1.26;4.4;9.1;13.8;6.0;26.0;15.77;711.1;0.0;75.0;;0.034;23.92;5.2;52.0
4400;1.3;8.0;10.1;18.3;6.0;35.0;17.18;711.6;0.0;75.0;;0.032;23.94;6.5;64.0
4401;1.33;10.9;11.7;22.9;5.0;52.0;19.35;711.8;0.0;73.0;5.2;0.102;24.28;5.3;72.0
4402;1.38;13.5;13.3;27.1;7.0;43.0;23.8;711.8;0.0;70.0;5.2;0.234;25.28;5.5;64.0
4403;1.42;11.4;14.6;26.3;16.0;56.0;27.07;711.9;0.0;64.0;5.3;0.523;27.02;5.3;42.0
4404;1.55;3.9;11.1;15.2;37.0;55.0;27.48;711.7;0.0;58.0;5.3;0.46;28.11;6.3;344.0
4405;1.44;5.5;16.4;22.2;47.0;60.0;29.85;711.5;0.0;53.0;5.5;0.741;29.31;7.8;54.0
4406;1.29;2.5;6.2;8.9;53.0;70.0;21.61;711.1;0.0;47.0;5.8;0.612;31.08;8.1;66.0
4407;1.19;2.3;4.1;6.6;35.0;54.0;16.89;710.7;0.0;42.0;5.8;0.283;31.78;10.1;74.0
4408;1.2;2.4;5.2;7.9;31.0;36.0;16.81;710.3;0.0;45.0;5.5;0.037;31.04;7.2;169.0
4409;1.23;2.5;6.7;9.4;29.0;38.0;16.51;710.0;0.0;45.0;5.5;0.06;30.87;6.3;159.0
4410;1.26;2.7;6.7;9.7;30.0;37.0;16.96;709.5;0.0;44.0;5.3;0.196;31.6;9.6;131.0
4411;1.22;2.4;6.3;8.9;30.0;31.0;14.93;709.6;0.0;41.0;5.3;0.077;31.52;12.0;113.0
4412;1.19;2.2;6.7;9.1;25.0;37.0;13.0;709.9;0.0;39.0;;0.009;31.23;13.1;101.0
4413;1.2;2.1;4.0;6.4;19.0;34.0;11.03;710.7;0.0;50.0;5.1;0.0;29.85;12.6;93.0
4414;1.2;2.0;3.5;5.8;19.0;38.0;10.88;711.3;0.0;53.0;5.2;0.0;28.87;12.3;83.0
4415;1.19;2.0;3.4;5.6;19.0;29.0;11.93;711.7;0.0;54.0;5.1;0.0;28.36;10.9;83.0
4416;1.17;;2.8;5.1;18.0;29.0;11.23;711.8;0.0;57.0;5.1;0.0;27.44;10.5;72.0
4417;1.16;;2.8;5.1;17.0;36.0;10.47;711.8;0.0;58.0;;0.0;26.51;8.7;54.0
4418;1.14;2.1;3.3;5.6;16.0;31.0;11.41;711.7;0.0;61.0;;0.0;25.62;8.8;44.0
4419;1.14;2.0;3.0;5.3;15.0;31.0;12.23;711.6;0.0;64.0;;0.0;24.95;8.6;45.0
4420;1.16;2.1;3.7;6.1;13.0;34.0;14.87;711.6;0.0;68.0;;0.0;24.25;6.6;29.0
4421;1.19;3.3;9.9;13.4;6.0;36.0;16.64;711.5;0.0;71.0;;0.0;23.83;5.7;19.0
4422;1.24;6.4;11.0;17.7;5.0;41.0;17.48;711.8;0.0;74.0;;0.001;23.11;5.8;27.0
4423;1.39;15.7;14.1;30.1;3.0;47.0;19.85;712.1;0.0;74.0;5.3;0.049;23.34;4.4;6.0
4424;1.55;9.9;12.0;22.1;7.0;44.0;21.42;712.2;0.0;72.0;5.4;0.122;23.91;6.3;6.0
4425;1.63;11.9;14.7;26.9;8.0;60.0;23.87;712.4;0.0;69.0;5.3;0.167;24.66;5.1;351.0
4426;1.59;16.3;18.2;34.8;11.0;67.0;29.25;712.5;0.0;65.0;5.3;0.342;25.81;7.2;50.0
4427;1.46;16.1;18.4;34.8;19.0;66.0;31.5;712.6;0.0;60.0;5.7;0.7;27.0;8.9;48.0
4428;1.36;4.4;9.8;14.4;38.0;68.0;23.04;712.3;0.0;53.0;6.1;0.906;28.83;9.7;43.0
4429;1.26;3.0;6.3;9.6;41.0;52.0;19.38;711.7;0.0;42.0;6.0;0.953;31.32;10.2;96.0
4430;1.2;2.8;4.6;7.6;36.0;40.0;15.54;711.1;0.0;37.0;5.8;0.971;32.91;10.9;97.0
4431;1.16;3.0;4.5;7.8;35.0;36.0;13.17;710.5;0.0;31.0;5.7;0.898;34.39;11.8;117.0
4432;1.16;3.5;5.4;9.1;31.0;35.0;11.14;710.0;0.0;29.0;5.6;0.763;35.29;13.5;116.0
4433;1.15;3.2;5.2;8.6;29.0;33.0;10.74;709.7;0.0;28.0;5.4;0.542;35.16;17.0;111.0
4434;1.14;3.0;5.2;8.5;27.0;38.0;11.15;709.5;0.0;29.0;5.4;0.242;34.62;17.7;106.0
4435;1.14;2.8;5.5;8.5;26.0;36.0;12.8;709.6;0.0;30.0;;0.047;33.83;16.1;107.0
4436;1.11;2.3;5.2;7.7;24.0;42.0;11.55;709.8;0.0;31.0;5.3;0.007;32.9;16.0;112.0
4437;1.13;2.2;5.5;7.9;22.0;37.0;12.26;710.3;0.0;33.0;5.3;0.0;31.95;13.7;117.0
4438;1.2;2.3;4.1;6.6;14.0;37.0;14.11;711.0;0.0;49.0;5.2;0.0;29.79;16.0;65.0
4439;1.19;2.2;3.3;5.8;12.0;63.0;14.09;711.6;0.0;58.0;5.1;0.0;28.39;13.9;73.0
4440;1.19;2.1;3.0;5.3;14.0;67.0;16.14;711.9;0.0;59.0;5.1;0.0;27.87;10.5;80.0
4441;1.19;2.1;2.3;4.6;17.0;53.0;15.18;711.8;0.0;61.0;;0.0;27.44;11.9;106.0
4442;1.19;2.0;2.5;4.8;16.0;54.0;14.68;711.6;0.0;63.0;;0.0;26.65;7.7;72.0
4443;1.19;2.0;2.7;4.9;14.0;38.0;14.9;711.5;0.0;65.0;;0.0;25.95;9.0;52.0
4444;1.19;2.1;3.1;5.4;13.0;38.0;13.89;711.4;0.0;68.0;5.0;0.0;25.15;9.3;57.0
4445;1.2;2.2;4.9;7.3;10.0;54.0;13.86;711.4;0.0;70.0;5.0;0.0;24.55;8.8;50.0
4446;1.25;3.1;7.5;10.8;8.0;40.0;16.34;711.7;0.0;73.0;;0.001;24.07;8.9;58.0
4447;1.38;8.6;10.9;19.8;5.0;47.0;16.11;711.8;0.0;73.0;5.1;0.04;24.07;7.6;56.0
4448;1.46;18.5;12.4;31.2;6.0;56.0;19.06;711.9;0.0;71.0;5.2;0.207;24.65;6.7;39.0
4449;1.52;11.9;11.9;24.1;12.0;63.0;21.48;711.9;0.0;66.0;5.3;0.436;25.78;6.9;10.0
4450;1.56;12.1;15.2;27.6;17.0;62.0;25.33;711.8;0.0;61.0;5.5;0.602;27.01;8.2;23.0
4451;1.51;11.9;20.1;32.3;24.0;79.0;31.6;711.8;0.0;56.0;6.1;0.743;28.28;8.2;53.0
4452;1.38;4.6;11.7;16.6;40.0;81.0;24.57;711.6;0.0;52.0;6.2;0.901;29.45;8.8;72.0
4453;1.33;3.1;8.0;11.3;49.0;69.0;22.39;711.1;0.0;46.0;6.0;0.95;31.18;9.7;48.0
4454;1.25;2.7;5.0;8.0;42.0;56.0;16.91;710.6;0.0;41.0;5.7;0.902;32.51;10.9;109.0
4455;1.21;2.7;4.6;7.5;36.0;43.0;15.76;710.1;0.0;37.0;5.7;0.923;33.8;12.9;121.0
4456;1.21;2.9;4.7;7.8;37.0;45.0;15.73;709.6;0.0;34.0;5.5;0.783;34.71;13.2;119.0
4457;1.19;2.8;4.9;7.9;35.0;47.0;14.27;709.0;0.0;30.0;5.5;0.605;35.5;13.4;128.0
4458;1.16;3.5;6.1;9.8;29.0;35.0;15.3;708.5;0.0;27.0;5.4;0.284;35.46;15.6;119.0
4459;1.11;2.8;5.9;8.9;26.0;46.0;15.28;708.6;0.0;25.0;5.3;0.042;34.68;15.9;116.0
4460;1.12;2.6;6.8;9.6;23.0;55.0;14.65;708.8;0.0;26.0;5.2;0.006;33.41;13.5;123.0
4461;1.12;2.3;6.4;8.9;20.0;53.0;16.51;709.3;0.0;29.0;5.2;0.0;32.13;13.5;108.0
4462;1.13;2.3;4.2;6.6;16.0;63.0;18.4;710.3;0.0;37.0;;0.0;30.17;13.7;82.0
4463;1.12;2.2;4.0;6.3;15.0;69.0;17.57;710.9;0.0;40.0;;0.0;29.03;10.5;78.0
4464;1.15;2.1;3.7;6.0;16.0;60.0;18.14;710.9;0.0;44.0;;0.0;28.39;10.3;78.0
4465;1.14;2.1;3.2;5.5;16.0;56.0;19.43;710.7;0.0;49.0;;0.0;27.29;10.1;80.0
4466;1.15;2.0;3.3;5.6;15.0;62.0;19.4;710.4;0.0;53.0;;0.0;26.44;9.9;70.0
4467;1.13;2.0;2.8;5.1;14.0;61.0;18.05;710.2;0.0;55.0;5.1;0.0;25.38;8.4;32.0
4468;1.13;2.1;4.5;6.8;12.0;46.0;18.42;710.1;0.0;58.0;5.2;0.0;24.75;6.3;28.0
4469;1.17;3.3;9.3;12.8;7.0;56.0;18.7;710.4;0.0;61.0;5.2;0.0;24.04;5.9;25.0
4470;1.27;10.8;15.4;26.5;2.0;61.0;20.77;710.7;0.0;64.0;5.4;0.001;23.63;3.9;19.0
4471;1.43;15.4;15.1;30.8;4.0;68.0;21.92;711.1;0.0;63.0;5.4;0.055;23.97;4.6;14.0
4472;1.53;14.8;15.1;30.2;9.0;78.0;22.03;711.5;0.0;60.0;5.8;0.224;25.04;5.1;2.0
4473;1.53;14.1;18.8;33.1;16.0;74.0;24.82;711.6;0.0;56.0;6.1;0.423;26.15;5.6;22.0
4474;1.81;22.7;32.8;55.8;17.0;89.0;;711.6;0.0;53.0;7.0;0.526;27.48;7.4;51.0
4475;1.54;10.3;26.3;36.8;36.0;119.0;32.93;711.6;0.0;48.0;10.8;0.76;28.77;8.0;37.0
4476;1.38;3.9;13.8;17.8;58.0;133.0;26.28;711.5;0.0;43.0;10.3;0.91;30.12;10.6;59.0
4477;1.32;2.8;10.3;13.3;62.0;83.0;27.48;711.0;0.0;40.0;14.2;0.689;31.38;12.5;63.0
4478;1.25;3.2;7.3;10.8;44.0;80.0;20.05;710.6;0.0;36.0;10.3;0.911;32.33;14.0;47.0
4479;1.19;2.7;5.6;8.6;43.0;57.0;17.86;710.1;0.0;32.0;8.1;0.841;33.57;12.9;79.0
4480;1.19;2.8;5.4;8.4;38.0;60.0;17.14;709.6;0.0;32.0;6.6;0.691;34.03;13.2;111.0
4481;1.18;2.6;5.0;7.8;38.0;54.0;16.48;709.2;0.0;30.0;6.1;0.573;34.94;11.0;120.0
4482;1.2;3.4;6.3;10.0;35.0;49.0;16.47;709.0;0.0;29.0;5.8;0.319;34.9;14.3;117.0
4483;1.15;2.4;5.8;8.4;33.0;50.0;15.44;709.0;0.0;27.0;5.7;0.062;34.29;14.5;115.0
4484;1.13;2.3;6.9;9.4;28.0;45.0;15.02;709.1;0.0;28.0;5.4;0.007;33.17;11.8;117.0
4485;1.18;2.2;8.0;10.4;23.0;43.0;14.94;709.4;0.0;32.0;5.4;0.0;32.16;11.2;112.0
4486;1.19;2.3;3.9;6.4;18.0;51.0;14.25;709.9;0.0;46.0;;0.0;30.13;17.1;82.0
4487;1.21;2.1;3.8;6.1;16.0;56.0;14.15;710.4;0.0;52.0;5.3;0.0;28.85;12.8;81.0
4488;1.21;2.0;3.7;5.9;15.0;34.0;13.38;710.5;0.0;55.0;5.3;0.0;28.03;9.9;79.0
4489;1.21;2.1;3.3;5.6;16.0;44.0;13.48;710.5;0.0;58.0;5.1;0.0;27.27;9.0;56.0
4490;1.19;2.1;3.3;5.6;15.0;35.0;13.58;710.5;0.0;62.0;5.2;0.0;26.44;10.1;55.0
4491;1.21;3.4;6.8;10.4;11.0;27.0;14.48;710.7;0.0;64.0;5.1;0.0;25.83;8.9;37.0
4492;1.26;5.7;13.5;19.4;4.0;37.0;16.88;710.8;0.0;68.0;5.5;0.0;24.99;7.5;24.0
4493;1.29;7.6;15.1;22.9;3.0;53.0;16.64;710.9;0.0;71.0;5.8;0.0;24.46;6.6;8.0
4494;1.37;11.4;15.6;27.3;2.0;53.0;18.23;711.0;0.0;72.0;5.9;0.001;24.26;6.0;44.0
4495;1.49;25.1;15.6;40.9;3.0;52.0;20.9;711.3;0.0;73.0;6.1;0.037;24.27;4.8;48.0
4496;1.6;23.8;16.9;40.9;5.0;66.0;21.56;711.7;0.0;70.0;6.2;0.163;25.08;5.0;49.0
4497;1.59;14.6;17.9;32.7;13.0;77.0;25.45;711.8;0.0;64.0;6.1;0.374;26.4;5.4;14.0
4498;1.74;11.7;22.8;34.8;24.0;79.0;28.8;711.8;0.0;58.0;6.4;0.615;27.98;7.2;46.0
4499;1.66;9.6;28.1;37.9;42.0;85.0;32.93;711.9;0.0;52.0;7.6;0.763;29.2;8.6;49.0
4500;1.46;3.8;15.4;19.4;67.0;95.0;24.92;711.7;0.0;47.0;8.3;0.884;30.43;10.4;54.0
4501;1.33;2.8;10.0;13.1;70.0;72.0;26.81;711.2;0.0;40.0;11.5;0.95;32.01;12.3;55.0
4502;1.24;2.8;6.7;9.7;50.0;67.0;20.25;710.6;0.0;34.0;13.3;0.947;33.77;12.2;95.0
4503;1.21;3.0;6.0;9.2;43.0;44.0;17.24;710.2;0.0;32.0;9.7;0.775;34.29;12.3;117.0
4504;1.19;3.1;5.0;8.3;41.0;44.0;14.07;709.8;0.0;28.0;7.0;0.728;35.18;13.1;127.0
4505;1.17;2.8;5.3;8.4;39.0;36.0;14.76;709.6;0.0;27.0;6.1;0.528;35.72;12.7;117.0
4506;1.16;3.5;6.7;10.4;39.0;36.0;12.24;709.2;0.0;25.0;5.7;0.299;35.64;15.9;118.0
4507;1.16;2.6;6.3;9.1;38.0;37.0;11.13;709.1;0.0;26.0;5.5;0.056;35.12;12.6;127.0
4508;1.14;2.2;6.3;8.7;33.0;32.0;10.49;709.4;0.0;28.0;5.5;0.007;33.79;10.1;135.0
4509;1.16;2.4;8.0;10.7;27.0;35.0;10.14;709.5;0.0;31.0;;0.0;32.76;9.7;131.0
4510;1.23;2.9;9.1;12.2;20.0;33.0;14.3;710.2;0.0;37.0;8.4;0.0;31.53;14.0;81.0
4511;1.19;2.1;4.2;6.5;22.0;66.0;12.32;710.6;0.0;43.0;7.4;0.0;30.13;11.4;89.0
4512;1.2;2.1;4.0;6.3;22.0;46.0;13.59;710.8;0.0;46.0;6.2;0.0;29.29;10.9;91.0
4513;1.18;2.0;3.7;5.9;23.0;41.0;15.2;711.0;0.0;48.0;5.8;0.0;28.58;9.8;94.0
4514;1.18;2.1;3.7;6.0;20.0;39.0;15.24;711.1;0.0;53.0;5.5;0.0;27.51;10.7;53.0
4515;1.18;2.0;3.2;5.5;19.0;38.0;14.84;711.1;0.0;57.0;5.5;0.0;26.53;9.6;51.0
4516;1.21;3.3;8.7;12.2;12.0;46.0;17.32;711.5;0.0;61.0;;0.0;25.71;8.9;31.0
4517;1.22;3.9;10.2;14.3;9.0;42.0;16.98;711.7;0.0;64.0;5.7;0.0;25.04;7.9;22.0
4518;1.28;5.3;13.7;19.3;5.0;42.0;16.18;711.9;0.0;67.0;6.0;0.001;24.52;6.3;40.0
4519;1.37;9.3;12.5;21.9;6.0;55.0;14.44;712.2;0.0;68.0;5.9;0.053;24.43;7.2;64.0
4520;1.53;18.3;15.4;33.9;8.0;42.0;18.54;712.7;0.0;66.0;6.1;0.217;25.17;6.3;52.0
4521;1.57;13.4;17.7;31.4;17.0;74.0;20.46;712.8;0.0;62.0;6.3;0.423;26.38;6.2;16.0
4522;1.74;7.5;19.0;26.8;35.0;76.0;21.42;712.9;0.0;55.0;6.1;0.62;28.1;5.8;357.0
4523;1.67;6.0;21.1;27.4;51.0;72.0;22.69;712.9;0.0;49.0;6.4;0.772;29.86;6.6;21.0
4524;1.46;4.8;19.2;24.2;68.0;79.0;25.52;712.8;0.0;45.0;8.6;0.891;30.66;10.7;55.0
4525;1.33;2.8;9.7;12.7;71.0;83.0;19.38;712.4;0.0;39.0;9.8;0.956;32.23;12.0;51.0
4526;1.22;3.1;6.2;9.6;42.0;70.0;13.19;712.2;0.0;32.0;8.7;0.956;33.98;13.3;91.0
4527;1.19;3.0;4.9;8.1;38.0;41.0;13.22;711.9;0.0;32.0;6.7;0.779;34.52;11.7;98.0
4528;1.21;3.0;4.9;8.1;38.0;41.0;13.44;711.5;0.0;30.0;6.3;0.774;35.56;11.7;122.0
4529;1.19;3.2;5.7;9.1;35.0;41.0;12.61;711.2;0.0;28.0;6.0;0.527;35.94;13.3;109.0
4530;1.19;3.7;6.4;10.4;33.0;38.0;10.7;710.9;0.0;26.0;5.7;0.239;35.74;12.5;107.0
4531;1.13;2.5;5.5;8.2;34.0;34.0;8.01;710.9;0.0;24.0;5.5;0.037;35.53;11.5;113.0
4532;1.11;2.1;5.6;8.0;33.0;30.0;7.94;711.2;0.0;25.0;5.4;0.006;34.53;11.9;111.0
4533;1.24;2.5;5.7;8.4;20.0;26.0;18.7;711.7;0.0;41.0;5.9;0.0;32.18;19.4;84.0
4534;1.22;2.2;3.9;6.2;19.0;97.0;18.63;712.2;0.0;47.0;5.7;0.0;30.78;13.1;101.0
4535;1.23;2.2;3.5;5.8;17.0;53.0;16.63;712.4;0.0;52.0;5.6;0.0;29.24;15.2;86.0
4536;1.2;2.1;3.6;6.0;15.0;52.0;16.27;712.7;0.0;55.0;5.4;0.0;27.96;11.3;50.0
4537;1.22;2.1;3.5;5.8;14.0;48.0;14.96;712.9;0.0;58.0;5.3;0.0;27.23;10.0;48.0
4538;1.22;2.3;4.7;7.2;12.0;44.0;16.8;713.0;0.0;60.0;5.3;0.0;26.73;10.4;40.0
4539;1.24;5.0;11.4;16.7;5.0;47.0;18.0;713.1;0.0;62.0;5.8;0.0;26.01;7.7;14.0
4540;1.26;8.2;14.7;23.2;2.0;72.0;19.33;712.9;0.0;64.0;6.5;0.0;25.46;6.4;24.0
4541;1.28;13.4;15.0;28.7;2.0;66.0;20.92;713.0;0.0;65.0;6.9;0.0;25.15;4.0;21.0
4542;1.39;3.9;13.6;17.7;3.0;63.0;20.34;713.1;0.0;67.0;6.4;0.001;24.84;2.9;356.0
4543;1.51;13.5;15.2;28.9;4.0;79.0;21.86;713.6;0.0;65.0;6.3;0.053;25.53;4.7;16.0
4544;1.56;16.9;16.0;33.2;8.0;71.0;22.63;714.0;0.0;61.0;6.9;0.215;26.53;5.1;21.0
4545;1.59;11.2;18.6;30.1;19.0;83.0;23.5;714.1;0.0;57.0;7.2;0.421;27.85;5.6;19.0
4546;1.79;14.1;31.1;45.4;27.0;73.0;31.24;714.0;0.0;51.0;7.8;0.602;29.65;6.4;42.0
4547;1.71;10.3;31.9;42.4;45.0;110.0;34.95;713.9;0.0;48.0;11.9;0.764;30.75;9.3;48.0
4548;1.49;3.9;16.7;20.8;69.0;108.0;26.82;713.5;0.0;43.0;10.1;0.886;32.07;9.7;64.0
4549;1.36;2.8;9.9;13.0;70.0;83.0;22.31;713.0;0.0;36.0;9.1;0.948;33.77;13.4;65.0
4550;1.27;2.7;7.4;10.4;59.0;65.0;22.49;712.4;0.0;32.0;12.2;0.931;34.94;15.4;66.0
4551;1.19;2.9;5.2;8.4;40.0;59.0;17.16;712.1;0.0;29.0;11.2;0.876;35.71;16.3;60.0
4552;1.2;2.8;5.1;8.0;40.0;47.0;15.85;711.8;0.0;29.0;7.1;0.604;36.06;15.0;71.0
4553;1.19;2.8;5.3;8.4;39.0;43.0;15.31;711.4;0.0;28.0;7.1;0.435;36.04;14.7;84.0
4554;1.15;2.5;4.6;7.3;37.0;46.0;14.22;711.4;0.0;25.0;;0.213;36.24;12.8;98.0
4555;1.15;2.3;4.5;7.0;34.0;37.0;14.03;711.2;0.0;27.0;6.3;0.05;35.74;12.1;121.0
4556;1.17;2.2;6.2;8.5;30.0;39.0;14.14;711.4;0.0;28.0;5.9;0.007;34.67;10.7;104.0
4557;1.2;2.2;8.5;11.0;25.0;40.0;15.09;711.7;0.0;28.0;5.8;0.0;34.04;13.1;78.0
4558;1.2;;4.3;6.7;19.0;41.0;12.93;712.3;0.0;39.0;5.6;0.0;31.8;13.1;112.0
4559;1.22;2.1;3.6;5.9;17.0;44.0;11.98;712.6;0.0;45.0;5.6;0.0;30.51;13.7;82.0
4560;1.21;2.1;3.7;6.0;15.0;48.0;11.65;712.9;0.0;50.0;5.5;0.0;29.16;10.9;89.0
4561;1.23;;4.2;6.5;13.0;44.0;11.8;712.7;0.0;53.0;5.5;0.0;28.28;10.4;65.0
4562;1.24;;4.7;7.0;11.0;41.0;11.67;712.3;0.0;57.0;5.4;0.0;27.21;10.2;43.0
4563;1.24;3.1;6.1;9.4;9.0;39.0;12.47;712.3;0.0;61.0;5.3;0.0;26.36;9.4;30.0
4564;1.27;6.4;10.8;17.5;4.0;41.0;13.37;712.5;0.0;64.0;5.8;0.0;25.68;7.3;38.0
4565;1.35;7.8;13.5;21.5;2.0;54.0;15.77;712.5;0.0;66.0;6.3;0.0;25.35;5.0;42.0
4566;1.43;8.0;13.6;21.8;2.0;53.0;15.91;712.7;0.0;67.0;6.0;0.001;25.08;3.7;21.0
4567;1.48;7.2;11.5;18.9;4.0;46.0;14.94;712.7;0.0;67.0;6.0;0.057;25.52;2.8;349.0
4568;1.45;8.4;10.1;18.7;10.0;49.0;15.74;713.0;0.0;61.0;6.4;0.222;26.86;5.0;349.0
4569;1.41;6.3;9.7;16.2;19.0;41.0;16.7;713.2;0.0;57.0;6.9;0.431;27.96;5.4;355.0
4570;1.39;4.5;9.7;14.4;32.0;58.0;18.75;713.1;0.0;51.0;7.0;0.627;29.9;4.6;327.0
4571;1.37;3.4;9.2;12.8;48.0;56.0;19.62;712.9;0.0;43.0;7.3;0.794;31.97;5.9;31.0
4572;1.53;5.4;16.7;22.4;49.0;57.0;21.62;712.5;0.0;36.0;9.6;0.903;33.56;7.7;70.0
4573;1.24;3.7;10.3;14.2;55.0;77.0;17.48;711.9;0.0;28.0;10.8;0.976;35.03;8.8;64.0
4574;1.37;2.6;6.4;9.3;66.0;47.0;21.67;711.4;0.0;24.0;7.8;0.972;35.91;9.7;62.0
4575;1.2;2.5;4.3;6.9;59.0;50.0;11.01;710.8;0.0;21.0;6.6;0.906;36.52;11.6;51.0
4576;1.19;2.7;4.7;7.6;52.0;35.0;9.46;710.2;0.0;19.0;6.0;0.776;37.43;10.7;64.0
4577;1.15;2.3;3.6;6.2;51.0;24.0;11.04;709.9;0.0;19.0;5.7;0.588;37.6;11.1;85.0
4578;1.13;2.5;3.8;6.5;43.0;35.0;9.46;709.4;0.0;19.0;6.7;0.315;37.55;11.6;82.0
4579;1.11;2.2;4.1;6.5;39.0;32.0;11.18;709.0;0.0;21.0;10.3;0.054;36.29;12.8;121.0
4580;1.14;2.2;5.6;8.0;32.0;28.0;9.81;709.1;0.0;24.0;8.2;0.01;35.19;10.7;120.0
4581;1.19;2.1;8.1;10.5;27.0;32.0;9.72;709.5;0.0;24.0;7.4;0.0;34.39;7.7;114.0
4582;1.15;2.1;6.3;8.6;28.0;32.0;8.9;709.8;0.0;25.0;5.8;0.0;33.68;8.0;124.0
4583;1.24;2.2;5.2;7.5;20.0;24.0;10.58;710.3;0.0;38.0;6.0;0.0;31.63;11.9;68.0
4584;1.24;2.2;3.6;6.0;17.0;48.0;10.23;710.7;0.0;47.0;5.7;0.0;29.92;12.1;77.0
4585;1.24;2.3;4.1;6.6;14.0;34.0;10.76;710.6;0.0;54.0;5.4;0.0;28.58;10.0;47.0
4586;1.26;2.8;7.0;10.0;11.0;41.0;12.78;710.3;0.0;57.0;5.7;0.0;27.78;9.6;30.0
4587;1.24;2.2;5.4;7.7;13.0;35.0;11.83;709.9;0.0;57.0;6.0;0.0;27.47;6.9;26.0
4588;1.24;2.2;5.7;8.0;11.0;35.0;12.02;709.7;0.0;59.0;5.8;0.0;26.8;5.0;21.0
4589;1.33;7.7;14.6;22.5;3.0;38.0;15.59;709.6;0.0;61.0;5.8;0.0;26.43;5.0;27.0
4590;1.43;12.1;16.6;29.0;2.0;62.0;17.2;709.7;0.0;63.0;6.2;0.001;25.96;3.0;8.0
4591;1.54;14.3;15.3;29.8;4.0;59.0;17.95;709.9;0.0;61.0;6.1;0.056;26.68;3.7;267.0
4592;1.57;17.1;15.6;32.9;8.0;78.0;17.18;710.1;0.0;56.0;6.9;0.222;27.83;6.2;321.0
4593;1.62;12.6;18.0;31.0;17.0;65.0;18.68;710.2;0.0;51.0;7.6;0.433;29.43;6.1;357.0
4594;1.6;13.2;22.0;35.5;23.0;84.0;20.61;710.2;0.0;44.0;9.6;0.631;31.32;7.1;351.0
4595;1.41;6.7;14.8;21.7;38.0;83.0;18.09;710.0;0.0;34.0;10.3;0.802;33.84;6.4;19.0
4596;1.36;3.9;11.0;15.1;51.0;61.0;17.25;709.8;0.0;28.0;10.2;0.899;35.06;9.5;34.0
4597;1.27;3.1;9.2;12.6;62.0;60.0;21.68;709.4;0.0;24.0;8.9;0.955;35.97;9.1;67.0
4598;1.21;2.8;8.6;11.6;69.0;55.0;20.78;708.8;0.0;19.0;8.8;0.965;36.88;9.5;70.0
4599;1.17;2.4;7.0;9.6;78.0;49.0;17.96;708.3;0.0;18.0;7.4;0.886;37.56;9.8;82.0
4600;1.16;2.5;6.6;9.3;72.0;40.0;16.03;707.9;0.0;17.0;6.1;0.767;38.23;11.8;89.0
4601;1.16;2.4;5.8;8.5;62.0;36.0;16.1;707.5;0.0;16.0;5.8;0.59;38.59;10.7;102.0
4602;1.23;2.7;8.5;11.4;49.0;39.0;16.23;707.2;0.0;18.0;8.1;0.267;38.12;12.5;88.0
4603;1.2;2.6;8.6;11.5;37.0;40.0;13.42;707.3;0.0;21.0;11.3;0.052;36.68;15.6;90.0
4604;1.17;2.1;7.8;10.1;33.0;42.0;11.07;707.6;0.0;22.0;13.7;0.006;35.47;11.8;99.0
4605;1.16;2.2;8.4;10.9;30.0;39.0;8.99;708.0;0.0;23.0;8.3;0.0;34.94;10.3;106.0
4606;1.24;2.2;6.6;9.0;21.0;28.0;15.93;708.7;0.0;38.0;6.7;0.0;32.57;14.7;112.0
4607;1.24;2.1;3.7;6.0;19.0;71.0;17.58;709.2;0.0;47.0;5.9;0.0;30.67;14.8;86.0
4608;1.26;2.0;3.2;5.5;18.0;48.0;15.98;709.3;0.0;51.0;5.6;0.0;29.42;11.2;65.0
4609;1.25;2.6;7.0;9.7;14.0;49.0;15.72;709.3;0.0;53.0;5.6;0.0;28.54;11.0;39.0
4610;1.26;2.2;5.8;8.2;15.0;37.0;15.1;709.2;0.0;55.0;;0.0;27.89;9.0;42.0
4611;1.28;2.4;6.8;9.3;13.0;49.0;16.68;708.9;0.0;58.0;;0.0;27.19;7.0;29.0
4612;1.32;2.6;13.6;16.4;5.0;48.0;18.38;708.7;0.0;62.0;5.7;0.0;26.51;3.0;323.0
4613;1.36;6.0;16.9;23.1;2.0;50.0;19.11;708.8;0.0;63.0;6.2;0.0;26.23;2.5;241.0
4614;1.49;12.8;17.5;30.6;2.0;58.0;20.2;709.0;0.0;62.0;6.6;0.001;26.4;2.8;221.0
4615;1.69;17.1;17.3;34.6;3.0;75.0;22.1;709.2;0.0;61.0;6.3;0.038;26.92;3.7;359.0
4616;1.7;18.0;18.5;36.7;8.0;58.0;21.15;709.4;0.0;57.0;6.1;0.202;28.05;4.5;24.0
4617;1.76;15.0;22.1;37.3;17.0;61.0;24.25;709.6;0.0;52.0;6.9;0.421;29.4;5.8;15.0
4618;1.77;10.5;25.4;36.1;31.0;94.0;29.34;709.6;0.0;46.0;7.5;0.614;31.18;5.0;34.0
4619;1.91;11.4;34.5;46.1;46.0;119.0;36.17;709.8;0.0;42.0;11.0;0.773;32.58;8.8;58.0
4620;1.54;3.4;15.2;18.8;74.0;113.0;26.37;709.8;0.0;38.0;9.0;0.893;33.75;11.0;75.0
4621;1.34;2.8;8.1;11.1;64.0;85.0;17.52;709.4;0.0;32.0;7.7;0.96;34.95;11.3;70.0
4622;1.28;2.6;7.0;9.9;66.0;50.0;17.06;708.8;0.0;26.0;7.4;0.965;36.19;10.7;57.0
4623;1.25;2.8;7.8;10.8;63.0;55.0;19.77;708.3;0.0;24.0;11.5;0.885;36.93;15.6;66.0
4624;1.25;2.8;7.8;10.8;53.0;54.0;19.38;708.2;0.0;25.0;13.3;0.593;36.93;15.1;68.0
4625;1.28;3.9;10.6;14.7;40.0;59.0;16.68;708.0;0.0;25.0;8.1;0.388;36.66;15.3;62.0
4626;1.25;3.6;9.0;12.8;37.0;54.0;14.4;707.8;0.0;26.0;7.2;0.273;36.3;16.0;67.0
4627;1.26;2.6;8.0;10.8;35.0;46.0;14.59;708.1;0.0;28.0;6.2;0.046;35.06;12.1;109.0
4628;1.19;2.2;6.5;8.8;33.0;44.0;13.49;708.5;0.0;26.0;7.4;0.008;34.82;12.7;99.0
4629;1.24;2.1;6.1;8.4;27.0;37.0;14.71;709.0;0.0;34.0;6.3;0.0;33.47;13.9;101.0
4630;1.25;2.1;4.0;6.3;25.0;48.0;15.12;709.7;0.0;42.0;5.7;0.0;31.64;12.6;128.0
4631;1.26;;3.7;6.0;25.0;46.0;16.26;710.4;0.0;44.0;5.7;0.0;30.84;13.9;79.0
4632;1.24;2.0;3.8;6.1;28.0;47.0;15.22;710.6;0.0;43.0;;0.0;30.04;11.4;97.0
4633;1.22;2.0;3.0;5.3;30.0;37.0;15.16;710.4;0.0;46.0;5.5;0.0;29.13;10.7;104.0
4634;1.25;;3.4;5.6;28.0;43.0;16.85;710.1;0.0;52.0;5.4;0.0;28.19;9.9;53.0
4635;1.25;;3.4;5.7;25.0;46.0;17.01;710.1;0.0;57.0;5.4;0.0;27.26;9.6;38.0
4636;1.3;3.2;9.7;13.1;11.0;45.0;18.61;710.4;0.0;64.0;;0.0;26.16;9.0;41.0
4637;1.36;5.2;12.7;18.1;6.0;44.0;22.03;710.8;0.0;69.0;5.5;0.0;25.42;6.9;47.0
4638;1.35;2.6;9.9;12.8;7.0;54.0;22.98;710.9;0.0;73.0;5.4;0.001;24.95;5.0;63.0
4639;1.48;11.5;14.4;26.1;4.0;54.0;24.93;711.3;0.0;74.0;5.3;0.022;24.95;6.4;53.0
4640;1.54;9.9;15.0;25.1;5.0;55.0;28.78;711.7;0.0;73.0;5.2;0.089;25.5;5.1;85.0
4641;1.6;13.6;17.0;30.9;8.0;55.0;33.81;712.0;0.0;68.0;5.2;0.183;26.5;6.0;17.0
4642;1.63;10.0;17.7;28.0;19.0;73.0;36.04;711.9;0.0;62.0;;0.447;27.8;5.7;359.0
4643;1.68;12.0;25.3;37.5;30.0;84.0;38.76;712.1;0.0;55.0;5.3;0.702;29.67;7.8;36.0
4644;1.55;5.5;18.6;24.4;53.0;109.0;36.07;712.0;0.0;49.0;5.4;0.884;31.08;8.4;54.0
4645;1.45;2.8;9.6;12.6;69.0;83.0;34.22;711.5;0.0;42.0;7.8;0.953;32.48;10.1;50.0
4646;1.36;2.6;7.1;9.9;62.0;69.0;32.34;711.0;0.0;33.0;16.1;0.943;34.15;12.3;70.0
4647;1.24;2.8;6.4;9.4;54.0;68.0;26.1;710.7;0.0;27.0;15.9;0.8;35.33;13.6;60.0
4648;1.22;2.6;5.7;8.5;51.0;56.0;21.36;710.2;0.0;25.0;12.2;0.768;35.77;15.4;88.0
4649;1.24;3.1;6.5;9.8;44.0;45.0;18.69;709.8;0.0;25.0;9.4;0.562;35.98;15.4;70.0
4650;1.22;3.2;7.2;10.6;38.0;46.0;14.72;709.7;0.0;25.0;6.7;0.253;35.39;15.5;76.0
4651;1.22;2.7;7.9;10.8;36.0;42.0;13.72;709.7;0.0;24.0;6.2;0.044;34.81;13.1;86.0
4652;1.3;2.3;9.6;12.2;28.0;31.0;16.61;710.0;0.0;35.0;6.4;0.007;31.89;14.1;92.0
4653;1.28;2.2;7.1;9.5;28.0;67.0;16.54;710.9;0.0;41.0;6.0;0.0;29.86;13.3;110.0
4654;1.22;2.0;4.0;6.3;31.0;47.0;12.74;711.6;0.0;45.0;5.9;0.0;28.51;15.8;106.0
4655;1.25;2.0;5.3;7.5;29.0;37.0;11.81;711.9;0.0;47.0;5.7;0.0;27.78;12.7;82.0
4656;1.26;2.1;5.8;8.1;26.0;33.0;12.41;712.1;0.0;51.0;5.5;0.0;26.9;9.9;43.0
4657;1.32;3.0;13.6;16.8;14.0;38.0;15.84;711.9;0.0;56.0;5.8;0.0;26.5;7.6;32.0
4658;1.31;2.7;14.9;17.8;12.0;39.0;18.34;711.6;0.0;57.0;7.1;0.0;26.12;7.6;34.0
4659;1.3;2.4;9.7;12.2;15.0;55.0;16.28;711.4;0.0;60.0;6.9;0.0;25.41;6.7;80.0
4660;1.34;3.5;14.5;18.2;10.0;36.0;18.53;711.3;0.0;61.0;6.8;0.0;25.04;6.2;60.0
4661;1.36;2.4;10.8;13.4;13.0;49.0;18.08;711.3;0.0;63.0;6.6;0.0;24.41;3.2;94.0
4662;1.4;4.1;20.0;24.3;5.0;41.0;20.12;711.8;0.0;62.0;6.6;0.001;24.54;6.1;50.0
4663;1.52;13.9;21.9;36.0;6.0;48.0;20.05;712.3;0.0;62.0;6.7;0.053;24.51;6.0;58.0
4664;1.68;22.1;24.8;47.0;10.0;55.0;25.15;712.8;0.0;61.0;10.0;0.206;25.37;5.9;31.0
4665;1.81;11.9;20.3;32.5;20.0;82.0;22.88;713.1;0.0;58.0;10.2;0.406;26.31;7.2;11.0
4666;1.67;10.2;21.2;31.6;30.0;62.0;23.89;713.2;0.0;54.0;10.9;0.602;27.78;6.9;33.0
4667;1.56;9.3;22.8;32.4;38.0;65.0;25.44;713.1;0.0;48.0;12.6;0.764;29.02;8.7;37.0
4668;1.46;4.2;14.7;19.1;64.0;81.0;26.85;712.9;0.0;45.0;15.0;0.884;30.27;9.0;70.0
4669;1.38;2.7;8.9;11.8;70.0;76.0;26.26;712.5;0.0;40.0;14.8;0.938;31.74;10.5;52.0
4670;1.3;2.6;7.0;9.8;64.0;64.0;27.91;711.9;0.0;34.0;22.4;0.946;33.09;12.9;60.0
4671;1.25;2.8;5.7;8.8;51.0;67.0;;711.3;0.0;31.0;24.1;0.833;34.03;14.2;66.0
4672;1.27;3.2;6.2;9.7;43.0;54.0;;710.7;0.0;29.0;12.0;0.727;34.69;15.0;65.0
4673;1.28;3.1;6.3;9.7;38.0;48.0;;710.5;0.0;30.0;7.5;0.412;34.33;16.2;96.0
4674;1.3;2.9;6.1;9.2;35.0;43.0;;710.4;0.0;34.0;6.6;0.189;33.19;14.2;132.0
4675;1.3;2.5;6.3;9.0;33.0;40.0;;710.8;0.0;39.0;6.3;0.063;31.32;15.7;119.0
4676;1.3;2.3;6.3;8.7;32.0;64.0;;711.6;0.0;46.0;5.9;0.02;28.89;14.9;114.0
4677;1.28;2.1;5.5;7.8;30.0;39.0;;711.9;0.0;45.0;5.8;0.0;29.0;13.0;110.0
4678;1.28;2.0;4.8;7.0;28.0;24.0;;712.3;0.0;49.0;5.7;0.0;27.97;14.1;106.0
4679;1.27;2.0;4.1;6.4;28.0;33.0;;712.6;0.0;52.0;5.6;0.0;27.26;10.2;95.0
4680;1.35;3.8;11.9;16.0;17.0;32.0;;712.9;0.0;54.0;5.5;0.0;26.86;8.1;47.0
4681;1.41;4.1;16.9;21.1;10.0;37.0;;712.9;0.0;58.0;6.6;0.0;25.7;7.8;38.0
4682;1.38;4.5;19.3;24.0;6.0;43.0;;712.7;0.0;60.0;7.1;0.0;25.2;6.1;55.0
4683;1.44;2.6;20.0;22.8;5.0;55.0;;712.1;0.0;62.0;7.1;0.0;24.89;5.8;38.0
4684;1.41;3.8;15.8;19.8;6.0;62.0;;712.0;0.0;65.0;6.5;0.0;24.47;6.8;75.0
4685;1.59;5.2;18.1;23.5;4.0;51.0;;712.3;0.0;67.0;6.4;0.0;24.14;5.6;36.0
4686;1.55;10.5;20.4;31.2;3.0;50.0;;712.4;0.0;68.0;6.2;0.001;23.88;6.3;61.0
4687;1.96;22.1;22.1;44.5;4.0;63.0;;713.0;0.0;69.0;6.5;0.051;23.83;6.0;19.0
4688;1.88;17.5;23.3;41.0;10.0;70.0;;713.4;0.0;66.0;8.0;0.205;24.63;7.4;26.0
4689;1.92;13.7;26.4;40.3;24.0;69.0;;713.6;0.0;63.0;8.8;0.402;25.34;7.5;15.0
4690;1.64;5.8;25.2;31.2;62.0;87.0;;713.6;0.0;57.0;11.3;0.591;26.77;8.3;32.0
4691;1.51;4.3;23.9;28.3;81.0;80.0;;713.5;0.0;51.0;12.1;0.761;28.09;8.9;59.0
4692;1.46;3.4;14.0;17.7;71.0;65.0;;713.2;0.0;46.0;12.8;0.882;29.73;11.4;56.0
4693;1.33;3.1;7.3;10.6;48.0;70.0;;712.7;0.0;37.0;13.6;0.941;31.47;13.5;74.0
4694;1.28;3.0;5.1;8.4;38.0;53.0;;712.2;0.0;33.0;8.0;0.802;32.38;13.5;73.0
4695;1.28;3.2;5.2;8.6;37.0;35.0;;711.6;0.0;30.0;6.7;0.808;33.59;13.2;88.0
4696;1.26;3.1;5.2;8.6;36.0;43.0;6.42;711.3;0.0;28.0;6.1;0.677;33.92;14.4;103.0
4697;1.28;3.1;6.2;9.5;36.0;34.0;6.46;711.2;0.0;28.0;5.8;0.45;33.81;13.4;104.0
4698;1.28;3.1;6.5;9.7;38.0;27.0;6.36;711.1;0.0;28.0;5.8;0.21;33.74;12.6;124.0
4699;1.31;2.6;7.3;10.1;40.0;32.0;17.97;711.0;0.0;28.0;;0.034;33.18;13.5;113.0
4700;1.26;2.1;7.3;9.6;38.0;35.0;;711.2;0.0;31.0;5.6;0.005;32.11;12.1;106.0
4701;1.27;2.1;6.4;8.7;36.0;29.0;;711.4;0.0;34.0;5.5;0.0;31.21;13.5;101.0
4702;1.28;2.1;4.2;6.5;33.0;28.0;;711.9;0.0;43.0;5.6;0.0;29.14;15.3;118.0
4703;1.3;2.0;4.7;7.0;30.0;40.0;;712.2;0.0;50.0;5.7;0.0;27.79;14.8;110.0
4704;1.3;2.0;3.6;5.9;30.0;37.0;;712.3;0.0;52.0;5.6;0.0;27.19;10.6;97.0
4705;1.32;2.3;7.5;10.0;23.0;29.0;;712.1;0.0;55.0;5.5;0.0;26.57;9.7;48.0
4706;1.34;2.0;5.7;7.9;23.0;39.0;;711.8;0.0;57.0;5.7;0.0;26.22;8.9;35.0
4707;1.31;2.0;4.8;7.1;22.0;42.0;;711.5;0.0;58.0;5.6;0.0;25.77;8.3;37.0
4708;1.4;2.9;11.7;14.8;12.0;47.0;;711.4;0.0;62.0;5.7;0.0;25.06;7.6;18.0
4709;1.36;3.0;11.1;14.2;12.0;54.0;;711.5;0.0;65.0;6.7;0.0;24.38;6.8;27.0
4710;1.41;4.1;15.9;20.2;8.0;57.0;;711.7;0.0;68.0;6.2;0.001;23.72;6.5;42.0
4711;1.49;11.7;17.7;29.7;6.0;59.0;;712.0;0.0;68.0;7.2;0.051;23.63;7.3;48.0
4712;1.55;12.2;16.8;29.4;10.0;75.0;;712.4;0.0;66.0;7.5;0.175;24.22;6.0;34.0
4713;1.68;10.5;15.4;26.2;18.0;85.0;;712.5;0.0;62.0;7.2;0.401;25.32;6.7;24.0
4714;1.73;8.9;17.4;26.6;28.0;80.0;;712.4;0.0;58.0;7.0;0.598;26.59;7.5;12.0
4715;1.66;7.4;19.1;26.8;39.0;89.0;;712.4;0.0;53.0;7.2;0.753;27.99;8.2;34.0
4716;1.61;6.9;23.5;30.6;52.0;93.0;;712.2;0.0;48.0;11.0;0.876;29.56;9.2;69.0
4717;1.51;4.5;18.0;22.7;67.0;104.0;;711.7;0.0;41.0;14.2;0.929;31.05;10.3;51.0
4718;1.44;2.8;11.2;14.3;79.0;93.0;;711.3;0.0;36.0;13.8;0.906;32.58;9.7;51.0
4719;1.35;2.7;8.6;11.5;72.0;80.0;;710.8;0.0;31.0;15.3;0.78;33.59;10.8;56.0
4720;1.29;2.3;5.1;7.6;54.0;62.0;;710.4;0.0;31.0;9.2;0.221;33.31;11.3;82.0
4721;1.29;2.4;6.1;8.7;35.0;55.0;;710.3;0.0;30.0;6.8;0.032;32.93;12.0;128.0
4722;1.39;2.5;11.4;14.1;38.0;71.0;;710.0;0.0;36.0;6.4;0.06;31.21;7.8;185.0
4723;1.33;2.5;9.5;12.2;30.0;78.0;;709.8;0.0;32.0;6.6;0.056;31.45;11.4;132.0
4724;1.27;2.6;6.0;8.8;26.0;91.0;;709.9;0.0;31.0;6.1;0.007;31.2;15.6;123.0
4725;1.24;2.1;4.5;6.9;26.0;101.0;;710.0;0.0;32.0;5.8;0.0;30.47;15.4;115.0
4726;1.27;2.1;5.1;7.5;25.0;98.0;;710.3;0.0;33.0;5.8;0.0;29.88;12.7;119.0
4727;1.26;2.1;3.6;5.8;25.0;91.0;;710.7;0.0;38.0;5.6;0.0;28.81;13.3;123.0
4728;1.3;2.1;3.0;5.3;21.0;88.0;;710.8;0.0;50.0;5.6;0.0;27.46;12.8;128.0
4729;1.33;2.1;3.3;5.6;18.0;83.0;;710.8;0.0;56.0;5.5;0.0;26.7;10.6;76.0
4730;1.37;2.3;5.8;8.4;15.0;79.0;;710.7;0.0;59.0;5.5;0.0;26.15;6.9;56.0
4731;1.38;2.1;5.7;8.0;14.0;86.0;;710.4;0.0;63.0;;0.0;25.35;6.2;35.0
4732;1.4;5.6;14.1;19.9;5.0;83.0;;710.2;0.0;66.0;5.6;0.0;24.74;5.5;26.0
4733;1.41;4.4;12.4;16.9;6.0;86.0;;710.3;0.0;68.0;6.2;0.0;24.13;6.1;55.0
4734;1.43;5.1;10.7;16.0;7.0;85.0;;710.8;0.0;70.0;6.1;0.001;23.56;6.1;62.0
4735;1.47;12.5;14.3;27.1;4.0;90.0;;711.4;0.0;72.0;6.3;0.044;23.26;6.6;60.0
4736;1.57;13.9;13.7;27.9;8.0;87.0;;711.7;0.0;70.0;7.3;0.187;24.02;5.3;37.0
4737;1.61;7.6;11.8;19.6;18.0;103.0;;711.8;0.0;66.0;7.4;0.384;25.13;6.1;358.0
4738;1.68;7.3;15.6;23.1;28.0;100.0;;711.7;0.0;61.0;7.0;0.576;26.54;6.5;35.0
4739;1.67;8.7;20.7;29.6;35.0;100.0;;711.7;0.0;54.0;8.6;0.752;28.48;6.5;38.0
4740;1.55;6.4;17.0;23.6;47.0;114.0;;711.6;0.0;48.0;10.6;0.872;29.76;8.8;60.0
4741;1.5;2.5;10.4;13.1;85.0;104.0;;711.1;0.0;43.0;12.0;0.928;31.16;9.7;41.0
4742;1.43;2.3;7.5;10.0;76.0;108.0;;710.4;0.0;37.0;23.8;0.93;32.97;12.4;50.0
4743;1.29;2.3;3.5;6.0;45.0;103.0;;709.9;0.0;29.0;14.0;0.881;34.44;13.3;121.0
4744;1.22;2.3;2.9;5.4;37.0;68.0;;709.3;0.0;23.0;6.8;0.728;35.5;14.3;107.0
4745;1.2;2.4;2.9;5.5;32.0;61.0;;709.0;0.0;20.0;5.9;0.555;35.99;15.0;115.0
4746;1.2;2.5;3.2;5.8;32.0;68.0;;708.9;0.0;21.0;5.7;0.263;35.5;15.9;110.0
4747;1.2;2.3;4.0;6.6;30.0;65.0;;709.1;0.0;21.0;5.6;0.048;34.81;15.3;118.0
4748;1.2;2.1;4.9;7.2;27.0;73.0;;709.4;0.0;21.0;5.5;0.007;33.7;13.5;118.0
4749;1.25;2.2;6.5;8.9;23.0;66.0;;709.7;0.0;26.0;5.6;0.0;32.49;12.2;102.0
4750;1.35;2.2;4.2;6.6;16.0;66.0;;710.3;0.0;43.0;6.1;0.0;30.19;13.9;83.0
4751;1.36;2.2;4.1;6.5;13.0;95.0;;711.0;0.0;50.0;5.8;0.0;28.76;14.6;75.0
4752;1.35;2.1;3.3;5.6;13.0;90.0;;711.3;0.0;53.0;5.8;0.0;27.67;13.7;70.0
4753;1.34;2.1;3.4;5.7;13.0;82.0;;711.0;0.0;55.0;5.6;0.0;26.88;12.4;56.0
4754;1.35;2.1;3.9;6.2;12.0;80.0;;711.1;0.0;57.0;5.5;0.0;26.14;10.0;41.0
4755;1.37;5.3;11.2;16.7;4.0;88.0;;710.9;0.0;59.0;5.9;0.0;25.58;7.8;13.0
4756;1.39;3.9;11.4;15.6;5.0;103.0;;710.8;0.0;61.0;6.6;0.0;25.05;6.5;9.0
4757;1.64;6.7;12.6;19.6;3.0;103.0;;710.9;0.0;63.0;6.3;0.0;24.52;5.5;48.0
4758;1.57;12.7;14.5;27.5;2.0;150.0;;711.2;0.0;65.0;6.2;0.001;24.2;5.2;13.0
4759;1.68;12.9;12.9;26.1;3.0;115.0;;711.5;0.0;66.0;6.1;0.048;24.23;5.0;6.0
4760;1.66;15.9;12.3;28.5;7.0;119.0;;711.8;0.0;63.0;6.4;0.205;25.22;5.2;3.0
4761;1.68;13.7;14.8;28.8;13.0;114.0;;712.0;0.0;58.0;6.5;0.41;26.53;5.5;21.0
4762;2.06;15.9;25.4;41.5;21.0;115.0;36.41;712.0;0.0;54.0;7.1;0.597;28.21;6.8;25.0
4763;1.71;10.2;23.6;34.1;34.0;138.0;;712.1;0.0;49.0;8.8;0.768;29.12;9.7;74.0
4764;1.55;4.5;13.3;18.0;55.0;120.0;;711.9;0.0;43.0;9.0;0.895;30.56;11.1;57.0
4765;1.47;3.0;9.1;12.3;62.0;100.0;;711.4;0.0;36.0;20.0;0.905;32.37;14.2;53.0
4766;1.38;3.6;6.0;9.8;37.0;104.0;;711.0;0.0;31.0;10.2;0.943;33.72;15.4;66.0
4767;1.33;3.1;4.8;8.1;36.0;72.0;;710.5;0.0;27.0;7.2;0.876;35.05;12.9;101.0
4768;1.32;3.1;5.1;8.5;36.0;64.0;;710.0;0.0;25.0;6.4;0.714;35.88;11.5;104.0
4769;1.32;3.4;6.3;10.0;33.0;61.0;;709.6;0.0;23.0;6.2;0.488;35.93;13.9;104.0
4770;1.34;3.5;6.3;10.0;31.0;57.0;15.1;709.4;0.0;22.0;5.8;0.266;36.04;11.8;116.0
4771;1.31;2.8;6.8;9.8;29.0;44.0;;709.4;0.0;22.0;5.6;0.042;35.45;12.2;106.0
4772;1.28;2.3;6.8;9.3;27.0;41.0;;709.5;0.0;23.0;5.5;0.006;34.38;10.5;96.0
4773;1.32;2.3;6.3;8.8;22.0;43.0;;709.9;0.0;31.0;5.6;0.0;33.11;11.1;118.0
4774;1.37;2.4;4.4;7.0;18.0;56.0;;710.6;0.0;43.0;5.7;0.0;30.5;16.7;76.0
4775;1.36;2.2;3.6;6.0;17.0;69.0;;710.8;0.0;48.0;5.7;0.0;29.05;13.4;84.0
4776;1.35;2.1;3.6;5.9;16.0;56.0;;711.0;0.0;51.0;5.6;0.0;28.21;9.8;57.0
4777;1.36;2.0;3.6;5.8;14.0;57.0;;711.0;0.0;55.0;5.5;0.0;27.25;10.4;52.0
4778;1.38;2.1;4.0;6.3;13.0;78.0;;710.8;0.0;59.0;5.8;0.0;26.52;9.9;48.0
4779;1.39;4.8;10.3;15.3;6.0;51.0;;710.7;0.0;65.0;6.3;0.0;25.56;7.7;30.0
4780;1.43;9.0;14.7;23.9;2.0;58.0;;710.8;0.0;68.0;6.5;0.0;25.03;6.3;11.0
4781;1.48;10.9;15.6;26.8;2.0;72.0;;711.0;0.0;69.0;6.4;0.0;24.8;4.6;13.0
4782;1.6;10.4;15.6;26.3;2.0;91.0;;711.2;0.0;70.0;6.2;0.001;24.64;4.5;6.0
4783;1.78;8.8;13.7;22.7;5.0;77.0;;711.4;0.0;70.0;6.0;0.045;24.87;4.1;3.0
4784;1.79;14.3;14.9;29.5;8.0;67.0;;711.7;0.0;66.0;6.1;0.201;25.98;4.9;14.0
4785;1.79;13.8;17.5;31.5;14.0;70.0;;711.7;0.0;59.0;6.5;0.408;27.57;5.1;28.0
4786;1.85;16.0;27.0;43.1;24.0;80.0;;711.6;0.0;51.0;6.9;0.598;29.43;6.5;6.0
4787;2.02;15.3;40.9;56.4;40.0;95.0;;711.3;0.0;47.0;8.8;0.754;31.0;8.0;68.0
4788;1.88;6.8;33.4;40.4;69.0;136.0;;711.0;0.0;39.0;14.6;0.878;32.75;8.6;67.0
4789;1.55;4.1;16.9;21.2;66.0;118.0;;710.5;0.0;31.0;19.7;0.789;34.46;10.4;60.0
4790;1.48;2.6;11.3;14.1;61.0;78.0;19.67;710.0;0.0;31.0;8.2;0.188;34.01;10.3;70.0
4791;1.49;2.6;9.4;12.2;69.0;61.0;19.32;709.6;0.0;32.0;7.8;0.48;34.78;10.1;86.0
4792;1.47;2.4;8.8;11.4;66.0;74.0;20.43;709.1;0.0;29.0;12.3;0.309;35.4;12.0;112.0
4793;1.43;2.6;7.9;10.7;45.0;71.0;22.88;709.0;0.0;29.0;8.3;0.163;34.53;11.6;135.0
4794;1.47;3.7;10.7;14.6;40.0;51.0;15.72;708.6;0.0;29.0;7.1;0.066;34.62;10.9;121.0
4795;1.43;2.4;7.1;9.7;38.0;52.0;15.33;708.6;0.0;33.0;6.3;0.043;33.99;12.6;128.0
4796;1.42;2.2;6.9;9.2;37.0;47.0;17.59;708.5;0.0;33.0;6.0;0.007;33.61;10.2;125.0
4797;1.38;2.1;5.3;7.6;32.0;42.0;17.56;708.8;0.0;35.0;5.9;0.0;32.73;10.5;116.0
4798;1.39;2.1;5.8;8.0;29.0;43.0;18.51;709.3;0.0;37.0;5.9;0.0;31.92;11.8;113.0
4799;1.35;2.1;2.9;5.2;31.0;41.0;18.72;709.7;0.0;38.0;5.8;0.0;31.39;11.4;131.0
4800;1.37;2.0;4.4;6.7;29.0;46.0;18.56;709.9;0.0;39.0;5.8;0.0;30.95;7.3;34.0
4801;1.4;2.1;6.8;9.1;24.0;39.0;21.32;709.8;0.0;42.0;5.7;0.0;29.78;7.6;32.0
4802;1.4;2.1;9.1;11.4;18.0;43.0;23.85;709.5;0.0;48.0;5.6;0.0;28.52;6.3;12.0
4803;1.42;2.5;13.3;16.0;12.0;54.0;24.75;709.4;0.0;53.0;6.0;0.0;27.65;6.7;30.0
4804;1.41;3.1;12.9;16.1;10.0;66.0;24.9;709.3;0.0;55.0;6.6;0.0;26.77;5.7;51.0
4805;1.45;4.9;16.8;21.9;5.0;56.0;27.68;709.4;0.0;56.0;7.0;0.0;26.24;5.2;44.0
4806;1.56;12.5;18.7;31.5;2.0;65.0;29.16;709.7;0.0;57.0;7.5;0.001;25.87;4.4;36.0
4807;1.8;15.7;18.5;34.6;4.0;65.0;30.18;710.1;0.0;57.0;7.4;0.04;25.84;5.4;11.0
4808;1.83;18.4;19.1;37.7;8.0;75.0;29.18;710.4;0.0;55.0;8.0;0.197;26.9;5.2;20.0
4809;1.8;14.8;21.2;36.3;16.0;74.0;32.25;710.5;0.0;50.0;8.4;0.397;28.37;5.8;4.0
4810;2.21;21.3;37.5;59.0;22.0;104.0;40.91;710.3;0.0;46.0;9.7;0.583;29.95;6.9;20.0
4811;2.0;14.5;40.9;55.6;43.0;133.0;43.87;710.2;0.0;42.0;12.9;0.742;31.58;8.2;52.0
4812;1.79;6.8;32.4;39.5;72.0;125.0;40.84;710.0;0.0;38.0;15.1;0.862;33.04;9.4;55.0
4813;1.62;5.1;24.1;29.4;78.0;119.0;34.31;709.6;0.0;34.0;14.1;0.927;34.68;10.8;56.0
4814;1.54;3.4;14.9;18.5;78.0;102.0;29.56;709.0;0.0;30.0;11.6;0.73;35.99;11.3;55.0
4815;1.55;2.4;11.2;13.9;80.0;74.0;29.7;708.7;0.0;30.0;9.8;0.289;36.18;11.9;70.0
4816;1.56;2.4;10.9;13.5;91.0;79.0;34.11;708.2;0.0;31.0;13.4;0.492;36.61;12.4;127.0
4817;1.55;2.3;9.7;12.2;93.0;72.0;35.57;708.0;0.0;31.0;15.4;0.398;36.6;12.1;131.0
4818;1.57;2.4;11.2;13.8;78.0;85.0;30.51;708.1;0.0;30.0;12.4;0.121;35.87;10.3;132.0
4819;1.52;2.2;10.0;12.4;64.0;70.0;25.63;707.9;0.0;30.0;9.3;0.04;35.34;9.8;127.0
4820;1.46;2.0;8.0;10.2;56.0;65.0;23.31;707.8;0.0;31.0;8.4;0.004;34.71;10.1;119.0
4821;1.51;2.0;10.8;13.0;48.0;54.0;23.02;708.0;0.0;32.0;7.7;0.0;34.2;8.3;93.0
4822;1.49;2.1;9.4;11.7;36.0;59.0;24.58;708.6;0.0;37.0;6.9;0.0;33.43;10.8;97.0
4823;1.47;2.1;7.0;9.3;13.0;84.0;30.36;709.0;0.0;55.0;5.5;0.0;30.73;13.3;55.0
4824;1.49;;6.4;8.8;11.0;112.0;29.56;709.1;0.0;60.0;5.3;0.0;29.61;9.6;52.0
4825;1.45;;5.3;7.6;14.0;118.0;24.32;709.0;0.0;60.0;5.3;0.0;29.1;11.2;47.0
4826;1.47;2.3;6.6;9.1;12.0;58.0;26.22;708.9;0.0;65.0;5.2;0.0;27.73;10.0;36.0
4827;1.5;4.1;12.5;16.8;6.0;78.0;28.55;708.9;0.0;68.0;5.2;0.0;26.92;8.8;31.0
4828;1.48;3.1;11.6;14.9;7.0;81.0;24.04;709.0;0.0;68.0;;0.0;26.57;7.4;30.0
4829;1.5;3.1;9.4;12.8;10.0;59.0;23.42;709.2;0.0;68.0;;0.0;26.18;7.5;40.0
4830;1.54;8.9;15.5;24.6;3.0;60.0;26.47;709.4;0.0;69.0;;0.0;25.73;7.5;54.0
4831;1.64;9.3;15.0;24.5;4.0;65.0;26.15;709.8;0.0;70.0;5.3;0.054;25.59;7.0;72.0
4832;1.78;19.4;17.7;37.3;6.0;61.0;31.42;710.3;0.0;68.0;5.4;0.196;26.3;6.9;46.0
4833;1.84;16.7;20.7;37.6;12.0;95.0;33.09;710.4;0.0;64.0;5.3;0.372;27.37;6.4;33.0
4834;1.94;10.8;24.8;35.8;27.0;107.0;37.52;710.4;0.0;58.0;5.4;0.557;28.82;8.1;32.0
4835;1.85;7.8;25.9;33.9;45.0;109.0;40.01;710.6;0.0;55.0;5.3;0.734;29.83;9.9;51.0
4836;1.75;3.8;19.4;23.4;78.0;118.0;38.76;710.3;0.0;51.0;5.2;0.842;31.09;9.7;70.0
4837;1.68;3.0;14.8;17.9;90.0;109.0;40.32;709.8;0.0;45.0;5.2;0.891;32.53;11.5;51.0
4838;1.63;2.8;10.4;13.4;77.0;92.0;39.18;709.2;0.0;40.0;5.5;0.897;34.07;13.9;47.0
4839;1.56;2.9;6.8;9.9;48.0;94.0;27.8;708.6;0.0;36.0;5.9;0.836;35.35;15.0;61.0
4840;1.55;2.9;6.2;9.3;40.0;70.0;23.27;708.3;0.0;32.0;7.1;0.557;35.98;15.7;90.0
4841;1.54;2.8;6.3;9.4;35.0;68.0;21.85;707.9;0.0;31.0;7.8;0.429;36.24;13.7;110.0
4842;1.51;3.3;6.5;10.0;35.0;57.0;21.23;707.9;0.0;31.0;6.7;0.275;35.86;15.8;128.0
4843;1.49;2.5;8.3;11.0;34.0;69.0;19.89;708.1;0.0;32.0;6.3;0.037;34.41;11.4;130.0
4844;1.48;2.3;8.6;11.1;26.0;52.0;23.19;708.4;0.0;35.0;6.8;0.004;33.55;13.4;95.0
4845;1.4;2.4;5.2;7.8;19.0;85.0;21.73;709.1;0.0;38.0;9.0;0.0;31.68;17.6;76.0
4846;1.38;2.3;4.4;6.9;19.0;111.0;19.47;710.0;0.0;39.0;7.2;0.0;30.49;16.0;68.0
4847;1.38;2.2;5.2;7.5;17.0;75.0;18.87;710.5;0.0;41.0;6.6;0.0;29.65;11.7;58.0
4848;1.38;2.1;5.1;7.4;16.0;72.0;19.0;710.5;0.0;44.0;6.2;0.0;28.72;11.1;63.0
4849;1.41;2.1;5.7;8.0;14.0;58.0;18.82;710.4;0.0;52.0;7.0;0.0;27.4;11.3;52.0
4850;1.41;;4.8;7.1;13.0;62.0;19.79;710.1;0.0;57.0;8.0;0.0;26.48;10.7;54.0
4851;1.42;;4.6;6.8;13.0;66.0;19.41;709.9;0.0;60.0;8.4;0.0;25.88;10.5;62.0
4852;1.42;2.0;4.0;6.3;13.0;59.0;19.04;710.0;0.0;63.0;7.5;0.0;25.26;9.0;51.0
4853;1.44;2.4;5.2;7.8;12.0;61.0;17.3;710.4;0.0;67.0;6.3;0.0;24.52;8.1;49.0
4854;1.51;8.2;12.3;20.7;5.0;50.0;20.5;711.0;0.0;69.0;6.0;0.0;24.01;7.2;50.0
4855;1.61;15.3;14.3;29.8;4.0;57.0;23.72;711.5;0.0;69.0;6.4;0.038;23.84;6.6;61.0
4856;1.73;18.0;14.8;33.1;6.0;70.0;24.53;711.9;0.0;68.0;6.8;0.154;24.46;6.0;70.0
4857;1.85;18.0;17.9;36.1;11.0;72.0;29.01;711.9;0.0;64.0;7.2;0.386;25.79;7.0;50.0
4858;1.81;15.4;20.6;36.3;18.0;89.0;32.55;711.8;0.0;60.0;7.3;0.579;26.88;8.0;46.0
4859;1.74;13.6;25.0;38.8;29.0;93.0;34.95;711.7;0.0;55.0;10.6;0.73;28.32;8.4;39.0
4860;1.68;4.6;15.6;20.5;58.0;97.0;29.15;711.5;0.0;50.0;9.3;0.856;29.76;9.2;44.0
4861;1.62;3.5;10.9;14.7;58.0;67.0;27.58;711.0;0.0;44.0;7.9;0.915;31.47;10.1;43.0
4862;1.51;3.3;6.1;9.6;41.0;80.0;24.39;710.6;0.0;36.0;7.5;0.926;33.37;15.0;61.0
4863;1.44;3.0;5.4;8.6;38.0;74.0;21.25;710.0;0.0;30.0;6.9;0.637;34.56;13.5;100.0
4864;1.41;3.2;5.0;8.5;36.0;58.0;19.05;709.7;0.0;26.0;6.4;0.549;35.34;13.2;118.0
4865;1.41;3.4;6.1;9.8;34.0;52.0;16.68;709.3;0.0;24.0;6.1;0.504;35.86;14.0;120.0
4866;1.37;3.2;6.6;10.1;35.0;48.0;15.45;709.0;0.0;22.0;5.8;0.279;35.96;14.8;123.0
4867;1.33;2.8;6.2;9.2;35.0;46.0;13.88;709.0;0.0;20.0;5.6;0.05;35.53;15.0;120.0
4868;1.4;2.6;6.5;9.3;27.0;43.0;15.78;709.3;0.0;31.0;5.7;0.011;33.62;15.4;113.0
4869;1.46;2.3;4.8;7.3;24.0;59.0;17.17;710.2;0.0;44.0;5.7;0.0;31.04;15.7;99.0
4870;1.47;2.2;4.4;6.8;21.0;50.0;15.02;710.9;0.0;50.0;5.5;0.0;29.72;17.5;78.0
4871;1.48;2.2;3.4;5.8;18.0;48.0;13.45;711.4;0.0;56.0;5.5;0.0;28.53;15.2;78.0
4872;1.45;2.1;2.8;5.1;20.0;42.0;15.5;711.3;0.0;57.0;5.4;0.0;28.18;14.3;100.0
4873;1.44;2.2;2.6;5.0;19.0;60.0;15.03;711.0;0.0;59.0;5.3;0.0;27.51;12.8;91.0
4874;1.46;2.1;3.0;5.4;18.0;46.0;15.19;710.8;0.0;61.0;5.4;0.0;26.73;8.2;107.0
4875;1.45;2.0;3.1;5.4;17.0;41.0;13.7;710.8;0.0;61.0;5.5;0.0;26.04;9.3;55.0
4876;1.43;2.1;3.5;5.8;16.0;38.0;13.36;710.8;0.0;62.0;5.4;0.0;25.23;9.4;58.0
4877;1.43;2.1;4.8;7.2;14.0;47.0;12.25;711.0;0.0;63.0;5.4;0.0;24.72;8.3;45.0
4878;1.46;5.8;11.2;17.2;7.0;35.0;14.04;711.2;0.0;64.0;5.5;0.0;24.11;7.7;36.0
4879;1.62;17.4;15.8;33.4;3.0;37.0;17.2;711.6;0.0;65.0;6.0;0.045;24.13;6.3;20.0
4880;1.76;21.7;16.2;38.2;6.0;60.0;21.16;711.9;0.0;62.0;7.4;0.198;24.86;6.6;51.0
4881;1.76;17.2;16.5;33.9;12.0;79.0;20.71;712.3;0.0;59.0;9.2;0.398;25.65;7.5;34.0
4882;1.68;11.6;17.2;29.1;21.0;73.0;22.12;712.3;0.0;55.0;8.5;0.592;27.01;8.1;42.0
4883;1.68;10.3;19.4;30.0;29.0;77.0;23.91;712.3;0.0;51.0;10.3;0.753;28.41;8.3;30.0
4884;1.61;4.1;12.3;16.6;54.0;84.0;22.58;712.0;0.0;46.0;10.4;0.873;29.99;9.2;43.0
4885;1.51;3.2;6.4;9.8;41.0;68.0;20.17;711.2;0.0;38.0;7.9;0.938;32.04;12.6;47.0
4886;1.46;2.8;5.0;8.0;39.0;55.0;18.65;710.6;0.0;33.0;6.9;0.912;33.89;12.0;100.0
4887;1.42;2.6;4.2;7.0;39.0;50.0;19.59;710.1;0.0;29.0;6.4;0.866;35.16;12.7;105.0
4888;1.35;2.6;3.6;6.4;36.0;49.0;17.47;709.7;0.0;24.0;6.0;0.701;36.0;14.6;107.0
4889;1.34;;3.8;6.6;33.0;44.0;16.58;709.4;0.0;23.0;5.8;0.495;35.88;17.0;114.0
4890;1.34;2.5;3.8;6.5;33.0;57.0;13.24;709.4;0.0;24.0;5.8;0.239;35.0;16.5;109.0
4891;1.36;2.3;4.3;6.8;32.0;40.0;12.85;709.4;0.0;25.0;5.7;0.036;34.43;16.6;103.0
4892;1.42;2.2;6.0;8.5;27.0;41.0;17.86;709.6;0.0;30.0;5.6;0.004;33.26;15.3;126.0
4893;1.42;2.2;4.2;6.6;27.0;49.0;19.12;710.1;0.0;36.0;5.7;0.0;31.62;16.5;127.0
4894;1.44;2.1;5.3;7.6;26.0;50.0;18.44;710.5;0.0;38.0;5.7;0.0;30.79;15.8;115.0
4895;1.47;2.1;4.3;6.6;22.0;46.0;14.99;711.1;0.0;49.0;5.6;0.0;28.75;14.0;75.0
4896;1.43;;3.2;5.4;25.0;54.0;15.15;711.3;0.0;48.0;5.6;0.0;28.35;13.0;96.0
4897;1.43;2.0;2.7;4.9;24.0;36.0;15.44;711.2;0.0;52.0;;0.0;27.42;11.4;106.0
4898;1.45;2.0;3.1;5.3;22.0;32.0;14.26;711.2;0.0;56.0;;0.0;26.57;8.4;87.0
4899;1.44;;2.7;4.9;21.0;41.0;14.43;711.1;0.0;58.0;5.5;0.0;25.93;7.7;82.0
4900;1.47;;3.4;5.7;20.0;28.0;13.45;711.1;0.0;63.0;5.5;0.0;25.27;8.3;50.0
4901;1.47;;4.0;6.2;18.0;28.0;16.27;711.3;0.0;67.0;5.4;0.0;24.47;7.5;49.0
4902;1.53;5.3;17.2;22.7;5.0;38.0;17.91;711.5;0.0;69.0;5.5;0.0;24.11;4.9;12.0
4903;1.61;5.3;14.8;20.4;7.0;55.0;19.13;711.7;0.0;70.0;5.6;0.038;24.1;6.1;26.0
4904;1.6;6.8;12.2;19.2;12.0;52.0;19.3;712.1;0.0;68.0;5.7;0.135;24.71;5.5;87.0
4905;1.66;8.1;13.0;21.3;17.0;59.0;22.28;712.3;0.0;63.0;6.1;0.337;26.01;5.2;63.0
4906;1.78;5.5;11.8;17.5;31.0;49.0;23.92;712.2;0.0;56.0;6.6;0.597;27.91;6.2;62.0
4907;1.77;6.3;18.7;25.3;45.0;56.0;28.33;712.3;0.0;52.0;7.6;0.744;28.71;9.3;40.0
4908;1.61;3.7;12.7;16.5;63.0;68.0;24.95;712.1;0.0;46.0;9.8;0.871;30.17;8.8;37.0
4909;1.55;2.7;7.8;10.8;62.0;56.0;;711.5;0.0;40.0;9.9;0.923;31.66;10.3;37.0
4910;1.47;2.6;4.7;7.5;48.0;50.0;;710.7;0.0;33.0;7.6;0.933;33.84;11.1;59.0
4911;1.41;2.3;2.9;5.4;40.0;44.0;;710.1;0.0;29.0;6.6;0.799;35.25;11.7;108.0
4912;1.37;2.4;2.9;5.5;38.0;37.0;;709.5;0.0;24.0;5.9;0.694;36.1;13.9;113.0
4913;1.35;2.4;2.8;5.3;35.0;32.0;;709.4;0.0;22.0;5.8;0.616;36.37;17.6;116.0
4914;1.34;;3.0;5.6;34.0;30.0;;709.2;0.0;23.0;5.6;0.3;35.54;19.1;121.0
4915;1.36;2.2;3.2;5.6;33.0;43.0;;709.2;0.0;25.0;5.6;0.061;34.31;17.6;131.0
4916;1.36;2.1;3.6;5.9;32.0;43.0;;709.5;0.0;27.0;5.5;0.009;33.01;15.5;126.0
4917;1.41;2.1;5.1;7.3;29.0;30.0;;709.9;0.0;32.0;5.6;0.0;31.94;14.3;119.0
4918;1.42;2.0;3.3;5.6;31.0;40.0;;710.8;0.0;38.0;5.6;0.0;30.35;13.9;97.0
4919;1.43;2.0;2.8;5.1;29.0;36.0;;711.4;0.0;44.0;;0.0;29.12;14.5;96.0
4920;1.46;;2.4;4.7;26.0;38.0;;711.6;0.0;52.0;5.5;0.0;27.99;14.7;103.0
4921;1.46;;2.4;4.6;24.0;30.0;11.28;711.5;0.0;57.0;5.4;0.0;26.9;12.9;118.0
4922;1.46;;2.2;4.4;23.0;36.0;10.04;711.2;0.0;59.0;5.4;0.0;26.11;8.9;88.0
4923;1.47;;2.9;5.1;23.0;31.0;9.35;711.0;0.0;62.0;;0.0;25.49;9.6;49.0
4924;1.47;;2.6;4.9;22.0;29.0;9.77;711.0;0.0;63.0;;0.0;25.1;7.1;62.0
4925;1.49;2.2;4.9;7.3;20.0;30.0;9.8;711.0;0.0;68.0;;0.0;24.31;8.8;51.0
4926;1.58;2.9;8.2;11.2;17.0;27.0;10.9;711.2;0.0;70.0;5.3;0.0;23.85;6.8;45.0
4927;1.67;12.0;19.4;31.6;6.0;30.0;13.89;711.5;0.0;70.0;5.4;0.026;23.73;5.8;6.0
4928;1.88;10.8;16.5;27.5;12.0;42.0;14.71;711.9;0.0;67.0;5.8;0.182;24.45;6.3;9.0
4929;1.9;7.8;13.4;21.4;22.0;53.0;17.54;712.2;0.0;63.0;6.0;0.404;25.59;6.6;28.0
4930;1.97;7.3;17.1;24.7;30.0;47.0;20.3;712.4;0.0;59.0;6.0;0.401;26.79;6.7;11.0
4931;1.97;10.7;25.5;36.4;29.0;58.0;24.05;712.5;0.0;56.0;6.1;0.339;27.3;7.2;30.0
4932;1.78;5.7;18.5;24.5;50.0;80.0;21.91;712.4;0.0;50.0;7.3;0.598;28.84;8.3;45.0
4933;1.66;3.6;10.9;14.7;57.0;69.0;17.57;712.0;0.0;47.0;7.1;0.829;30.06;11.8;63.0
4934;1.62;3.5;9.3;13.1;54.0;55.0;16.94;711.4;0.0;40.0;7.0;0.748;31.59;12.3;37.0
4935;1.56;2.9;6.7;9.8;42.0;52.0;15.79;710.8;0.0;38.0;6.5;0.321;31.55;15.0;89.0
4936;1.49;2.8;5.5;8.6;41.0;47.0;12.13;710.4;0.0;33.0;6.1;0.618;32.73;12.9;117.0
4937;1.5;3.3;5.8;9.4;34.0;35.0;12.84;709.8;0.0;31.0;6.0;0.388;33.64;13.8;130.0
4938;1.52;3.1;7.5;10.8;26.0;42.0;14.29;709.5;0.0;32.0;6.2;0.071;32.34;15.7;128.0
4939;1.46;2.8;6.4;9.4;26.0;70.0;14.13;709.7;0.0;32.0;6.0;0.051;31.51;15.7;117.0
4940;1.47;2.2;7.2;9.6;26.0;41.0;11.83;709.8;0.0;34.0;6.2;0.004;31.16;12.0;105.0
4941;1.48;2.2;7.6;10.0;24.0;39.0;12.82;710.0;0.0;34.0;5.8;0.0;30.97;10.8;118.0
4942;1.46;2.0;3.7;6.0;27.0;38.0;10.26;710.5;0.0;42.0;5.9;0.0;29.82;15.1;102.0
4943;1.47;2.0;2.9;5.1;25.0;36.0;10.29;711.0;0.0;48.0;5.5;0.0;28.65;13.2;125.0
4944;1.49;;2.9;5.2;23.0;35.0;9.66;711.2;0.0;53.0;5.4;0.0;27.7;10.1;121.0
4945;1.49;;2.6;4.9;22.0;32.0;10.71;711.1;0.0;56.0;5.4;0.0;27.04;9.1;95.0
4946;1.5;;2.7;4.9;20.0;31.0;11.31;711.1;0.0;60.0;;0.0;26.41;7.6;47.0
4947;1.51;;3.4;5.7;17.0;31.0;10.83;710.9;0.0;63.0;5.3;0.0;25.83;7.2;37.0
4948;1.51;;2.9;5.2;16.0;25.0;11.61;710.9;0.0;67.0;5.3;0.0;24.95;8.2;51.0
4949;1.53;2.6;5.1;8.0;13.0;29.0;11.52;711.1;0.0;70.0;;0.0;24.25;7.1;48.0
4950;1.6;8.3;12.7;21.3;6.0;28.0;14.02;711.5;0.0;72.0;5.4;0.0;23.89;6.4;46.0
4951;1.7;12.8;15.8;28.9;4.0;31.0;14.99;711.8;0.0;72.0;5.6;0.05;23.96;5.5;58.0
4952;1.86;20.4;17.4;38.0;7.0;47.0;18.9;712.2;0.0;68.0;6.0;0.212;25.03;5.7;63.0
4953;1.98;17.3;19.9;37.5;13.0;63.0;21.36;712.4;0.0;64.0;6.1;0.365;26.04;6.7;50.0
4954;2.05;10.4;20.4;31.1;27.0;66.0;22.75;712.5;0.0;59.0;6.1;0.564;27.41;7.1;20.0
4955;2.04;8.2;24.9;33.2;44.0;75.0;26.04;712.3;0.0;52.0;6.3;0.75;29.48;6.5;26.0
4956;1.99;6.8;27.1;34.1;60.0;80.0;30.68;712.0;0.0;44.0;8.4;0.819;31.11;9.2;58.0
4957;1.7;3.5;14.2;17.9;72.0;101.0;21.35;711.6;0.0;38.0;9.3;0.884;32.25;12.2;52.0
4958;1.56;2.6;8.4;11.2;72.0;62.0;20.13;711.1;0.0;33.0;16.5;0.935;33.61;13.2;52.0
4959;1.5;2.8;5.8;8.9;50.0;64.0;14.48;710.4;0.0;29.0;11.9;0.852;34.85;13.9;63.0
4960;1.52;3.0;6.6;9.8;37.0;40.0;10.84;709.9;0.0;28.0;7.8;0.236;34.66;13.0;88.0
4961;1.5;3.2;6.8;10.2;32.0;41.0;7.81;709.5;0.0;26.0;6.3;0.235;34.9;11.5;122.0
4962;1.5;3.3;7.3;10.8;31.0;34.0;9.91;709.2;0.0;24.0;5.8;0.221;35.34;13.0;125.0
4963;1.46;2.7;6.6;9.5;31.0;32.0;8.46;709.1;0.0;24.0;5.8;0.071;34.93;14.6;114.0
4964;1.51;2.4;5.3;7.9;24.0;36.0;13.93;709.6;0.0;36.0;5.9;0.006;32.52;17.7;94.0
4965;1.53;2.3;4.9;7.4;21.0;130.0;10.6;710.3;0.0;42.0;5.9;0.0;30.85;13.5;92.0
4966;1.53;2.2;5.1;7.6;19.0;36.0;10.68;710.9;0.0;47.0;5.8;0.0;29.53;13.3;70.0
4967;1.52;2.1;3.4;5.8;21.0;40.0;10.96;711.1;0.0;49.0;5.6;0.0;28.9;11.2;92.0
4968;1.5;2.0;2.7;5.0;21.0;31.0;11.84;711.1;0.0;52.0;5.6;0.0;27.99;11.9;113.0
4969;1.52;2.0;3.0;5.3;20.0;40.0;10.94;711.0;0.0;56.0;5.5;0.0;27.24;8.6;61.0
4970;1.51;;2.8;5.0;20.0;38.0;10.06;710.9;0.0;59.0;5.3;0.0;26.39;9.6;57.0
4971;1.51;;2.6;4.9;19.0;29.0;11.42;710.8;0.0;62.0;5.4;0.0;25.71;8.8;54.0
4972;1.52;;3.1;5.3;18.0;25.0;12.25;710.6;0.0;64.0;5.4;0.0;25.26;7.5;61.0
4973;1.54;2.5;5.0;7.7;15.0;24.0;9.43;710.7;0.0;67.0;;0.0;24.54;7.7;51.0
4974;1.63;6.6;13.7;20.5;6.0;29.0;12.07;711.1;0.0;69.0;;0.0;24.11;6.8;43.0
4975;1.69;10.6;14.7;25.5;4.0;36.0;13.86;711.3;0.0;70.0;5.7;0.039;23.94;6.0;83.0
4976;1.81;15.6;15.2;31.2;7.0;49.0;15.7;711.5;0.0;67.0;5.9;0.157;24.78;6.2;50.0
4977;1.89;15.7;17.2;33.2;9.0;48.0;21.3;712.0;0.0;65.0;6.3;0.218;25.25;7.1;50.0
4978;1.93;13.5;18.0;31.7;19.0;65.0;30.16;712.0;0.0;59.0;6.9;0.579;27.19;5.8;43.0
4979;1.94;12.1;25.7;37.9;31.0;76.0;32.17;712.0;0.0;54.0;8.0;0.727;28.52;8.5;57.0
4980;1.73;3.8;12.8;16.8;61.0;88.0;25.49;711.9;0.0;49.0;8.4;0.867;29.64;12.2;57.0
4981;1.64;3.5;8.1;11.8;47.0;61.0;21.62;711.5;0.0;43.0;10.7;0.896;31.35;14.6;58.0
4982;1.57;3.2;5.1;8.6;33.0;57.0;13.86;710.8;0.0;36.0;8.0;0.773;32.78;14.9;82.0
4983;1.54;3.2;5.0;8.4;35.0;39.0;13.81;710.2;0.0;32.0;6.6;0.742;33.9;14.6;95.0
4984;1.55;3.1;5.8;9.2;31.0;42.0;14.14;709.8;0.0;31.0;6.1;0.287;33.68;16.3;83.0
4985;1.56;3.2;6.2;9.7;29.0;63.0;10.81;709.3;0.0;32.0;6.1;0.205;33.25;15.5;116.0
4986;1.59;3.4;7.4;11.0;26.0;60.0;9.32;709.4;0.0;35.0;5.9;0.111;31.87;15.2;128.0
4987;1.55;2.6;6.5;9.4;27.0;36.0;11.63;709.5;0.0;34.0;5.7;0.08;31.69;14.3;115.0
4988;1.56;2.4;8.2;10.8;24.0;32.0;11.59;709.8;0.0;34.0;5.7;0.007;31.47;11.3;111.0
4989;1.59;2.3;6.6;9.1;22.0;32.0;12.21;710.0;0.0;42.0;5.6;0.0;30.3;13.7;80.0
4990;1.55;2.2;5.4;7.8;23.0;39.0;11.79;710.7;0.0;45.0;5.6;0.0;29.13;12.7;102.0
4991;1.56;2.0;5.1;7.4;23.0;34.0;10.91;711.2;0.0;47.0;;0.0;28.49;10.2;91.0
4992;1.56;2.1;5.2;7.5;22.0;32.0;10.95;711.1;0.0;52.0;5.5;0.0;27.55;14.1;61.0
4993;1.54;2.1;4.5;6.7;21.0;28.0;12.24;711.1;0.0;54.0;5.5;0.0;26.76;12.7;61.0
4994;1.54;2.0;3.8;6.0;21.0;37.0;12.13;710.9;0.0;56.0;;0.0;26.3;9.6;51.0
4995;1.55;2.0;4.4;6.6;20.0;27.0;12.24;710.7;0.0;59.0;;0.0;25.62;8.5;50.0
4996;1.56;;4.2;6.4;20.0;29.0;15.46;710.6;0.0;62.0;5.4;0.0;25.12;7.5;38.0
4997;1.59;3.0;11.6;14.7;13.0;33.0;15.01;710.6;0.0;67.0;5.4;0.0;24.26;7.2;14.0
4998;1.69;3.8;15.3;19.4;10.0;42.0;16.64;711.0;0.0;70.0;5.5;0.0;23.65;7.3;356.0
4999;1.84;10.5;21.3;32.1;5.0;48.0;19.68;711.4;0.0;69.0;5.6;0.042;23.74;5.2;13.0
5000;1.93;15.2;19.7;35.2;10.0;49.0;20.86;711.5;0.0;66.0;5.7;0.188;24.54;6.6;19.0
5001;1.98;15.5;21.5;37.2;17.0;73.0;24.17;711.6;0.0;63.0;6.3;0.388;25.62;6.8;40.0
5002;1.98;13.6;22.8;36.6;23.0;74.0;25.77;711.7;0.0;58.0;7.3;0.556;26.86;8.2;37.0
5003;1.95;9.4;22.8;32.5;33.0;80.0;25.54;711.7;0.0;53.0;9.5;0.632;28.13;7.3;27.0
5004;1.86;4.4;17.7;22.3;69.0;79.0;26.39;711.5;0.0;46.0;15.6;0.853;29.92;9.6;28.0
5005;1.68;3.1;9.9;13.2;62.0;75.0;18.98;711.1;0.0;40.0;14.0;0.933;31.22;11.0;55.0
5006;1.61;3.2;6.2;9.6;45.0;54.0;15.89;710.5;0.0;35.0;8.5;0.908;32.65;15.0;58.0
5007;1.56;2.8;5.6;8.7;43.0;48.0;14.69;710.0;0.0;31.0;6.8;0.516;33.42;13.5;85.0
5008;1.66;3.5;7.4;10.9;38.0;40.0;13.8;710.1;0.0;50.0;6.1;0.029;28.07;13.5;132.0
5009;1.72;4.9;14.0;18.8;32.0;69.0;11.91;709.8;0.0;53.0;5.8;0.075;26.86;12.5;235.0
5010;1.85;6.4;19.2;25.8;26.0;36.0;10.88;709.4;0.0;43.0;5.8;0.143;28.93;7.1;201.0
5011;1.88;5.5;22.7;28.5;22.0;47.0;15.57;709.3;0.0;44.0;;0.058;29.08;7.3;207.0
5012;1.95;4.7;27.9;32.8;13.0;51.0;17.61;709.6;0.0;44.0;6.0;0.005;28.65;5.1;186.0
5013;1.63;2.8;9.8;12.8;24.0;56.0;15.44;710.0;0.0;40.0;6.0;0.0;29.87;10.2;124.0
5014;1.57;2.4;6.5;9.1;27.0;45.0;15.67;710.4;0.0;42.0;5.8;0.0;29.16;12.5;115.0
5015;1.55;2.1;5.2;7.4;31.0;32.0;13.45;710.9;0.0;42.0;5.8;0.0;28.42;11.8;95.0
5016;1.6;2.1;7.1;9.4;25.0;34.0;13.22;710.9;0.0;48.0;5.6;0.0;27.06;8.2;59.0
5017;1.59;2.2;5.6;8.1;25.0;29.0;11.56;710.7;0.0;50.0;5.6;0.0;26.57;6.3;71.0
5018;1.57;2.2;8.1;10.6;20.0;32.0;10.69;710.7;0.0;53.0;5.5;0.0;26.0;9.0;33.0
5019;1.57;2.8;10.1;13.2;17.0;31.0;12.34;710.9;0.0;56.0;5.7;0.0;25.19;7.6;37.0
5020;1.62;2.6;14.5;17.2;13.0;32.0;12.97;711.1;0.0;58.0;5.9;0.0;24.57;4.3;5.0
5021;1.64;3.1;16.4;19.7;11.0;39.0;12.39;711.1;0.0;59.0;5.8;0.0;24.28;4.5;2.0
5022;1.7;4.5;20.4;25.2;8.0;45.0;13.32;711.2;0.0;59.0;5.9;0.0;24.01;5.7;356.0
5023;1.82;8.2;22.9;31.4;6.0;44.0;14.77;711.7;0.0;59.0;6.0;0.026;23.95;5.0;352.0
5024;1.88;14.8;21.5;36.6;9.0;43.0;15.43;711.9;0.0;57.0;6.3;0.139;24.77;3.5;37.0
5025;1.98;17.8;24.2;42.2;15.0;46.0;17.01;712.2;0.0;54.0;6.8;0.41;25.9;5.8;2.0
5026;2.1;19.8;31.2;51.2;20.0;69.0;23.74;712.2;0.0;50.0;10.9;0.535;26.77;8.4;54.0
5027;1.88;6.9;20.7;27.8;44.0;81.0;18.96;712.4;0.0;48.0;14.6;0.558;27.76;8.7;58.0
5028;1.75;4.1;12.5;16.8;56.0;62.0;15.96;712.3;0.0;42.0;10.0;0.901;29.69;10.4;42.0
5029;1.63;3.2;6.5;9.9;45.0;49.0;12.32;711.7;0.0;35.0;7.8;0.991;31.97;12.7;83.0
5030;1.58;3.1;5.4;8.8;41.0;32.0;12.52;710.9;0.0;29.0;6.7;0.979;33.55;15.4;115.0
5031;1.57;3.2;5.6;9.1;38.0;36.0;10.3;710.2;0.0;26.0;6.1;0.906;34.49;17.0;108.0
5032;1.57;3.1;5.1;8.5;37.0;40.0;9.18;709.8;0.0;26.0;5.9;0.77;34.69;18.9;107.0
5033;1.57;3.2;6.0;9.5;36.0;34.0;10.06;709.5;0.0;26.0;5.8;0.578;34.68;17.8;107.0
5034;1.58;3.3;6.7;10.2;34.0;40.0;10.59;709.4;0.0;25.0;5.7;0.267;34.34;17.9;114.0
5035;1.5;2.4;5.5;8.2;35.0;44.0;10.6;709.8;0.0;24.0;5.6;0.02;33.11;20.3;106.0
5036;1.52;2.3;5.3;7.8;29.0;36.0;12.37;710.3;0.0;29.0;5.6;0.003;32.07;16.6;104.0
5037;1.59;2.2;5.5;7.9;27.0;35.0;15.39;710.9;0.0;38.0;;0.0;30.3;13.1;106.0
5038;1.61;2.2;4.8;7.2;26.0;40.0;13.55;711.4;0.0;46.0;5.5;0.0;28.62;14.9;109.0
5039;1.6;2.1;4.6;6.9;26.0;42.0;12.33;711.8;0.0;48.0;5.6;0.0;27.7;13.6;100.0
5040;1.58;2.1;4.1;6.3;27.0;29.0;13.85;712.3;0.0;48.0;5.5;0.0;26.95;12.4;102.0
5041;1.57;;3.6;5.8;27.0;33.0;12.94;712.4;0.0;51.0;5.5;0.0;26.22;12.6;94.0
5042;1.57;;3.1;5.4;26.0;34.0;15.18;712.3;0.0;55.0;;0.0;25.33;12.2;97.0
5043;1.6;;3.3;5.6;25.0;84.0;14.35;712.3;0.0;59.0;5.4;0.0;24.67;8.1;53.0
5044;1.65;2.4;7.7;10.3;17.0;33.0;13.47;712.3;0.0;66.0;5.5;0.0;24.12;8.6;38.0
5045;1.82;3.1;14.6;17.9;8.0;36.0;16.56;712.5;0.0;69.0;5.9;0.0;23.67;7.0;29.0
5046;1.74;3.3;15.5;19.0;7.0;49.0;18.54;712.9;0.0;70.0;6.6;0.0;23.35;6.8;28.0
5047;1.78;6.8;16.2;23.2;6.0;50.0;17.78;713.4;0.0;71.0;6.0;0.045;23.29;6.4;32.0
5048;1.92;15.8;18.6;34.7;7.0;43.0;21.5;713.8;0.0;70.0;6.2;0.13;23.79;5.3;8.0
5049;2.0;8.6;14.2;22.9;18.0;72.0;22.57;714.1;0.0;67.0;6.4;0.274;24.65;6.8;10.0
5050;2.01;8.3;16.4;24.9;25.0;59.0;28.11;714.3;0.0;61.0;6.3;0.521;26.08;6.9;21.0
5051;1.95;9.7;21.8;31.8;33.0;67.0;30.77;714.1;0.0;54.0;7.2;0.766;27.68;7.5;25.0
5052;1.81;3.9;11.8;16.0;54.0;74.0;23.42;713.7;0.0;47.0;7.9;0.895;29.4;9.6;49.0
5053;1.66;3.4;6.0;9.6;39.0;61.0;14.98;713.1;0.0;37.0;6.9;0.953;31.48;15.4;69.0
5054;1.59;2.9;4.7;7.9;37.0;48.0;15.22;712.5;0.0;28.0;6.3;0.971;33.35;14.0;100.0
5055;1.51;3.0;4.4;7.6;33.0;43.0;16.44;712.0;0.0;21.0;5.7;0.902;34.68;16.2;109.0
5056;1.47;2.9;3.8;6.9;32.0;50.0;18.29;711.6;0.0;18.0;5.5;0.765;35.13;15.9;116.0
5057;1.47;2.7;3.6;6.5;31.0;56.0;15.46;711.4;0.0;18.0;5.5;0.582;35.24;16.0;120.0
5058;1.53;2.7;4.7;7.7;30.0;55.0;17.61;711.2;0.0;24.0;;0.256;34.35;16.8;104.0
5059;1.52;2.4;4.3;6.9;31.0;59.0;17.2;711.3;0.0;26.0;5.6;0.054;33.39;16.4;112.0
5060;1.55;2.3;5.1;7.6;28.0;45.0;16.93;711.7;0.0;29.0;5.7;0.007;32.18;17.0;117.0
5061;1.59;2.2;4.4;6.8;24.0;53.0;17.21;712.3;0.0;37.0;5.7;0.0;30.3;16.8;118.0
5062;1.59;2.1;4.4;6.8;24.0;57.0;16.6;713.1;0.0;40.0;5.6;0.0;29.4;15.9;116.0
5063;1.61;2.1;3.6;5.9;23.0;45.0;16.8;713.6;0.0;45.0;5.5;0.0;28.25;13.7;117.0
5064;1.61;2.1;3.5;5.8;22.0;46.0;15.1;713.7;0.0;49.0;5.6;0.0;27.41;14.3;114.0
5065;1.61;2.1;3.7;5.9;22.0;45.0;13.95;713.7;0.0;52.0;5.5;0.0;26.71;10.7;120.0
5066;1.59;2.1;2.6;4.9;22.0;41.0;13.49;713.6;0.0;54.0;5.5;0.0;26.02;12.4;130.0
5067;1.59;2.1;2.5;4.8;;38.0;12.08;713.3;0.0;57.0;5.4;0.0;25.45;12.0;111.0
5068;1.6;2.1;2.7;4.9;20.0;38.0;11.56;713.0;0.0;60.0;5.4;0.0;24.84;8.9;95.0
5069;1.61;2.1;2.5;4.8;19.0;35.0;13.55;713.0;0.0;63.0;;0.0;24.24;8.1;63.0
5070;1.71;4.6;12.0;16.9;7.0;41.0;15.95;713.2;0.0;68.0;;0.0;23.69;7.4;27.0
5071;;;;;;;;;;;;;;;
5072;;;;;;;;;;;;;;;
5073;;;;;;;;;;;;;;;
5074;;;;;;;;;;;;;;;
5075;;;;;;;;;;;;;;;
5076;0.69;1.1;1.5;2.7;12.0;15.0;13.52;;0.0;16.0;2.4;0.354;11.15;5.7;48.0
5077;1.7;2.9;3.8;6.9;32.0;36.0;;713.5;0.0;38.0;6.0;0.795;31.11;14.6;61.0
5078;1.57;2.8;3.6;6.5;33.0;41.0;;712.9;0.0;34.0;5.9;0.868;32.28;14.9;70.0
5079;1.61;3.7;5.1;9.1;32.0;36.0;;712.2;0.0;29.0;5.8;0.862;33.3;16.4;75.0
5080;1.52;2.9;4.4;7.5;33.0;39.0;;712.0;0.0;26.0;6.1;0.653;33.73;16.9;70.0
5081;1.39;2.9;4.0;7.1;34.0;48.0;;711.7;0.0;25.0;7.2;0.461;34.09;16.5;72.0
5082;1.3;2.8;4.5;7.6;31.0;31.0;;711.4;0.0;25.0;6.9;0.213;33.81;14.8;92.0
5083;1.25;2.5;4.5;7.3;26.0;33.0;;711.8;0.0;37.0;6.1;0.072;31.25;21.0;82.0
5084;1.25;2.3;4.1;6.7;24.0;74.0;;712.4;0.0;46.0;6.0;0.005;28.9;17.3;89.0
5085;1.12;2.2;3.5;5.8;31.0;34.0;;712.8;0.0;44.0;5.7;0.0;28.45;14.4;114.0
5086;1.1;2.1;3.4;5.7;31.0;25.0;;713.2;0.0;45.0;5.5;0.0;27.87;12.5;103.0
5087;1.08;2.0;3.8;6.1;30.0;25.0;;713.5;0.0;47.0;5.5;0.0;27.35;11.6;102.0
5088;;;;;;;;;;;;;;;
5089;1.06;2.0;4.3;6.5;30.0;25.0;8.0;713.2;0.0;51.0;5.3;0.0;25.76;7.9;56.0
5090;1.03;2.0;3.8;6.1;28.0;25.0;8.0;713.0;0.0;54.0;5.3;0.0;25.37;7.4;42.0
5091;1.03;2.0;5.3;7.5;25.0;26.0;;712.7;0.0;57.0;;0.0;24.91;8.0;46.0
5092;1.07;2.8;12.3;15.3;14.0;32.0;9.0;712.6;0.0;63.0;5.4;0.0;24.16;7.8;29.0
5093;1.11;3.9;17.1;21.2;8.0;32.0;12.0;712.7;0.0;66.0;6.4;0.0;23.55;5.9;31.0
5094;;;;;;;13.0;;;;;;;;
5095;;;;;;;13.0;;;;;;;;
5096;;;;;;;17.0;;;;;;;;
5097;;;;;;;15.1;;;;;;;;
5098;2.13;14.4;25.0;39.6;24.0;63.0;21.0;713.6;0.0;55.0;8.1;0.596;27.27;6.9;47.0
5099;2.02;10.7;23.3;34.2;36.0;80.0;23.0;713.6;0.0;52.0;10.7;0.754;28.34;9.7;64.0
5100;1.86;5.3;14.6;20.1;54.0;66.0;23.0;713.4;0.0;48.0;8.5;0.852;29.57;10.3;44.0
5101;1.74;3.2;6.9;10.3;45.0;56.0;18.0;712.6;0.0;41.0;8.8;0.957;31.19;14.0;54.0
5102;1.66;3.1;4.5;7.9;40.0;42.0;11.0;712.1;0.0;32.0;7.0;1.057;33.12;12.2;125.0
5103;1.67;2.6;4.9;7.8;39.0;31.0;10.92;711.7;0.0;33.0;6.2;0.422;32.98;12.6;128.0
5104;1.72;3.0;6.8;10.0;35.0;41.0;13.0;711.8;0.0;46.0;5.9;0.117;28.21;14.9;137.0
5105;1.75;3.9;10.2;14.3;32.0;36.0;9.0;711.2;0.0;37.0;5.7;0.206;30.2;6.2;190.0
5106;1.82;3.6;11.0;14.8;32.0;29.0;10.0;711.0;0.0;37.0;5.7;0.122;31.19;8.8;130.0
5107;1.76;2.8;10.0;13.1;33.0;28.0;8.0;710.8;0.0;34.0;;0.062;31.59;9.8;122.0
5108;1.8;2.2;12.5;14.9;28.0;29.0;10.0;710.8;0.0;37.0;5.5;0.004;30.28;7.2;122.0
5109;1.77;2.1;10.7;13.0;29.0;25.0;12.0;711.1;0.0;39.0;5.4;0.001;29.49;5.1;111.0
5110;1.78;2.1;10.7;13.0;27.0;26.0;10.0;711.7;0.0;40.0;5.4;0.001;28.96;4.2;108.0
5111;1.71;2.1;5.8;8.0;31.0;32.0;14.65;712.0;0.0;41.0;5.5;0.001;28.68;11.2;133.0
5112;1.71;2.0;3.8;6.0;30.0;30.0;12.69;712.1;0.0;47.0;5.4;0.001;27.62;13.4;131.0
5113;1.72;2.0;3.3;5.5;29.0;31.0;12.29;712.0;0.0;51.0;5.4;0.001;26.82;12.5;128.0
5114;1.74;2.1;2.9;5.2;26.0;33.0;13.08;711.8;0.0;55.0;;0.001;25.75;12.0;124.0
5115;1.74;2.0;2.5;4.8;25.0;32.0;12.57;711.8;0.0;58.0;5.3;0.001;25.15;10.0;67.0
5116;1.74;2.0;2.9;5.2;23.0;31.0;11.77;711.7;0.0;59.0;5.3;0.0;24.7;7.8;50.0
5117;1.85;2.8;13.4;16.4;12.0;32.0;12.88;711.8;0.0;60.0;5.6;0.0;24.22;5.4;6.0
5118;1.97;6.5;18.0;24.7;7.0;43.0;14.8;712.0;0.0;60.0;5.9;0.001;23.7;6.0;8.0
5119;2.03;14.7;21.6;36.6;4.0;43.0;15.02;712.3;0.0;61.0;6.3;0.042;23.66;4.9;21.0
5120;2.19;13.4;16.9;30.5;11.0;51.0;14.59;712.6;0.0;60.0;6.3;0.197;24.27;6.6;19.0
5121;2.17;13.0;18.3;31.6;18.0;56.0;16.19;712.9;0.0;57.0;6.6;0.4;25.26;6.0;356.0
5122;2.17;7.9;17.6;25.7;32.0;57.0;17.86;712.9;0.0;52.0;7.0;0.602;26.96;6.2;355.0
5123;2.15;11.5;26.8;38.6;35.0;63.0;26.01;712.9;0.0;49.0;9.9;0.76;28.28;8.1;37.0
5124;2.07;4.5;17.1;21.8;66.0;92.0;21.32;712.5;0.0;44.0;11.0;0.884;29.67;8.6;50.0
5125;2.02;2.7;11.6;14.5;87.0;63.0;21.87;711.7;0.0;39.0;10.0;0.931;31.3;9.1;59.0
5126;1.93;2.9;9.7;12.7;74.0;59.0;17.74;711.0;0.0;33.0;9.3;0.956;33.09;10.0;53.0
5127;1.85;2.7;7.5;10.4;65.0;54.0;14.38;710.4;0.0;29.0;7.3;0.839;34.6;9.9;73.0
5128;1.85;2.9;7.3;10.4;53.0;38.0;14.71;709.8;0.0;28.0;6.4;0.485;35.15;8.8;74.0
5129;1.8;2.7;6.5;9.5;43.0;42.0;11.63;709.3;0.0;25.0;6.0;0.39;35.48;11.5;121.0
5130;1.79;3.4;7.1;10.5;36.0;34.0;11.0;709.0;0.0;23.0;5.8;0.258;35.65;9.8;110.0
5131;1.78;2.8;7.5;10.2;31.0;30.0;11.0;708.9;0.0;25.0;5.6;0.055;34.96;11.6;112.0
5132;1.78;2.5;6.6;9.2;28.0;38.0;12.0;709.1;0.0;30.0;5.6;0.006;33.29;13.8;121.0
5133;1.77;2.2;5.1;7.3;26.0;43.0;13.0;709.4;0.0;35.0;5.7;0.0;31.76;13.4;121.0
5134;1.77;2.2;4.3;6.5;26.0;37.0;15.0;709.8;0.0;37.0;5.7;0.0;30.8;12.3;115.0
5135;1.76;2.1;3.7;5.9;25.0;41.0;14.0;710.1;0.0;40.0;5.5;0.0;29.9;12.0;106.0
5136;1.76;2.1;3.2;5.3;26.0;34.0;16.0;710.3;0.0;42.0;5.5;0.001;29.05;11.3;128.0
5137;1.77;2.1;3.0;5.1;25.0;38.0;17.0;710.3;0.0;45.0;;0.0;28.3;7.2;95.0
5138;1.77;2.1;2.7;4.8;26.0;29.0;16.0;709.9;0.0;48.0;;0.0;27.66;7.0;81.0
5139;1.78;2.1;3.4;5.5;23.0;35.0;15.0;709.6;0.0;51.0;;0.0;27.04;6.5;49.0
5140;1.82;2.1;3.5;5.6;24.0;39.0;14.0;709.6;0.0;59.0;;0.0;25.92;6.6;53.0
5141;1.86;2.7;8.8;11.5;17.0;37.0;15.0;709.6;0.0;61.0;;0.0;25.45;5.0;12.0
5142;1.94;3.9;17.5;21.3;7.0;46.0;16.0;709.7;0.0;63.0;5.6;0.0;24.95;5.1;14.0
5143;2.06;21.2;21.3;42.6;3.0;59.0;20.0;710.0;0.0;64.0;6.4;0.033;24.6;5.2;42.0
5144;2.18;17.7;18.6;36.3;7.0;56.0;19.0;710.3;0.0;62.0;7.4;0.175;25.22;4.9;61.0
5145;2.31;14.3;20.9;35.2;16.0;58.0;23.0;710.5;0.0;58.0;7.4;0.378;26.43;4.6;6.0
5146;2.61;12.9;27.9;40.8;27.0;86.0;30.0;710.4;0.0;53.0;7.3;0.578;28.04;3.6;23.0
5147;2.37;12.7;33.4;46.1;38.0;114.0;37.0;710.4;0.0;46.0;8.7;0.749;29.99;5.3;52.0
5148;2.15;4.3;18.5;22.8;71.0;100.0;26.0;710.1;0.0;40.0;8.9;0.884;31.63;7.0;54.0
5149;2.07;3.6;17.0;20.6;85.0;77.0;26.0;709.5;0.0;35.0;9.3;0.947;33.37;8.9;52.0
5150;2.01;2.8;12.2;14.9;96.0;70.0;27.0;708.9;0.0;30.0;12.4;0.954;35.12;10.8;62.0
5151;1.93;3.0;9.8;12.9;72.0;74.0;23.0;708.2;0.0;27.0;11.1;0.883;36.45;13.4;57.0
5152;1.83;3.0;6.8;9.8;49.0;68.0;15.0;707.6;0.0;23.0;6.7;0.74;37.29;13.5;68.0
5153;1.84;3.2;6.5;9.7;41.0;52.0;14.0;707.2;0.0;21.0;6.0;0.528;38.0;10.0;97.0
5154;1.83;3.5;7.6;11.1;36.0;37.0;12.0;706.9;0.0;21.0;5.8;0.242;37.71;11.3;124.0
5155;1.82;3.1;8.7;11.9;29.0;37.0;14.0;707.0;0.0;20.0;5.7;0.057;36.59;12.6;123.0
5156;1.78;2.6;5.9;8.5;27.0;49.0;14.0;707.5;0.0;24.0;5.7;0.006;34.65;13.5;127.0
5157;1.78;2.3;4.6;7.0;26.0;55.0;17.0;708.0;0.0;29.0;5.8;0.0;33.08;12.3;129.0
5158;1.81;2.2;5.4;7.6;25.0;61.0;17.0;708.4;0.0;32.0;5.8;0.0;31.94;10.8;107.0
5159;1.79;2.1;4.0;6.2;27.0;53.0;19.0;708.7;0.0;34.0;5.7;0.0;31.09;9.7;102.0
5160;1.8;2.1;4.0;6.1;27.0;52.0;19.0;708.9;0.0;36.0;5.7;0.0;30.45;9.2;65.0
5161;1.8;2.1;3.3;5.4;25.0;46.0;18.0;708.9;0.0;40.0;5.5;0.0;29.31;11.4;71.0
5162;1.82;2.2;3.9;6.1;20.0;49.0;19.0;709.1;0.0;47.0;5.5;0.0;27.91;7.4;45.0
5163;1.86;2.3;6.8;9.1;16.0;53.0;21.0;709.1;0.0;53.0;5.7;0.0;26.92;7.3;26.0
5164;1.88;3.3;11.4;14.6;10.0;57.0;22.0;709.0;0.0;58.0;6.0;0.0;25.93;6.4;9.0
5165;1.9;4.9;12.7;17.6;7.0;61.0;22.0;709.3;0.0;60.0;6.9;0.0;25.31;6.0;24.0
5166;1.93;4.5;12.7;17.2;5.0;59.0;;709.4;0.0;63.0;7.0;0.0;24.66;6.3;50.0
5167;2.01;6.7;12.0;18.7;6.0;65.0;21.0;709.7;0.0;66.0;6.3;0.033;24.33;6.0;72.0
5168;2.13;16.6;14.3;30.9;6.0;58.0;25.0;710.0;0.0;65.0;6.4;0.168;24.93;4.9;57.0
5169;2.3;17.8;18.6;36.4;11.0;68.0;27.0;710.2;0.0;61.0;7.4;0.367;26.17;4.3;45.0
5170;2.33;12.0;21.8;33.8;23.0;100.0;30.0;710.5;0.0;56.0;7.3;0.572;27.66;4.0;46.0
5171;2.33;10.3;26.0;36.3;38.0;97.0;33.0;710.5;0.0;52.0;7.5;0.739;29.06;5.8;30.0
5172;2.23;7.9;27.4;35.4;54.0;111.0;34.0;710.3;0.0;47.0;9.3;0.862;30.34;7.1;44.0
5173;2.14;4.8;23.5;28.3;79.0;117.0;33.0;710.0;0.0;40.0;11.9;0.928;31.9;8.5;35.0
5174;2.03;3.1;14.6;17.7;89.0;102.0;36.0;709.6;0.0;35.0;21.4;0.917;33.73;7.4;38.0
5175;1.95;2.8;9.4;12.2;72.0;93.0;26.0;709.1;0.0;30.0;18.5;0.864;34.96;10.1;53.0
5176;1.9;3.0;7.3;10.3;51.0;71.0;20.0;708.4;0.0;27.0;10.3;0.741;36.01;10.0;61.0
5177;1.89;3.0;6.3;9.3;40.0;56.0;20.0;708.2;0.0;26.0;7.5;0.499;36.45;9.5;92.0
5178;1.94;3.4;8.1;11.5;32.0;56.0;;707.8;0.0;26.0;6.5;0.22;36.22;12.5;98.0
5179;1.86;2.7;7.2;10.0;30.0;52.0;18.0;708.0;0.0;25.0;6.0;0.043;35.65;13.5;116.0
5180;1.82;2.4;7.0;9.4;29.0;55.0;17.0;708.5;0.0;24.0;5.9;0.005;34.4;9.9;129.0
5181;1.82;2.3;7.5;9.8;26.0;54.0;18.0;709.0;0.0;26.0;5.7;0.001;33.51;9.6;127.0
5182;1.89;2.3;8.8;11.1;21.0;54.0;22.0;709.4;0.0;31.0;6.1;0.0;32.3;9.5;97.0
5183;1.86;2.2;5.2;7.4;22.0;68.0;23.0;709.9;0.0;36.0;6.1;0.0;30.98;10.6;81.0
5184;1.84;2.1;3.9;6.2;25.0;75.0;21.95;710.3;0.0;39.0;5.9;0.001;29.87;10.7;125.0
5185;1.88;2.1;3.4;5.7;20.0;57.0;25.65;710.4;0.0;49.0;5.7;0.001;28.6;9.6;133.0
5186;1.91;2.0;2.9;5.2;18.0;66.0;27.7;710.1;0.0;55.0;5.7;0.0;27.73;9.5;95.0
5187;1.92;2.1;3.1;5.4;17.0;60.0;27.91;709.8;0.0;61.0;5.5;0.0;26.84;9.7;59.0
5188;1.92;2.0;3.1;5.3;15.0;61.0;26.58;709.9;0.0;64.0;5.4;0.0;26.05;9.3;57.0
5189;1.96;2.7;5.8;8.7;11.0;54.0;26.17;710.0;0.0;68.0;5.4;0.001;25.11;9.5;45.0
5190;2.01;2.9;8.5;11.7;8.0;60.0;26.15;710.5;0.0;72.0;5.3;0.001;24.42;9.0;36.0
5191;2.09;11.1;13.0;24.4;4.0;67.0;27.54;710.8;0.0;73.0;5.4;0.024;24.22;8.5;21.0
5192;2.17;8.4;11.3;19.9;7.0;73.0;26.35;711.4;0.0;71.0;5.5;0.115;24.55;8.0;57.0
5193;2.16;12.5;12.7;25.5;11.0;69.0;28.87;711.8;0.0;66.0;5.7;0.341;25.8;8.8;40.0
5194;2.15;12.2;15.9;28.4;15.0;76.0;31.61;711.9;0.0;62.0;6.3;0.371;26.53;8.7;41.0
5195;2.2;9.5;18.3;28.1;28.0;83.0;34.93;711.7;0.0;56.0;7.1;0.662;27.99;7.4;8.0
5196;2.13;6.1;15.7;22.1;44.0;98.0;33.16;711.5;0.0;50.0;8.0;0.822;29.32;10.4;47.0
5197;2.03;3.4;7.6;11.2;46.0;86.0;28.99;711.1;0.0;44.0;7.2;0.915;30.84;11.5;49.0
5198;1.99;3.4;6.6;10.2;41.0;73.0;25.43;710.5;0.0;36.0;6.8;0.942;32.8;13.4;56.0
5199;1.94;3.3;5.8;9.3;39.0;74.0;23.72;709.9;0.0;31.0;6.4;0.787;34.03;15.8;66.0
5200;1.9;3.4;6.3;10.0;36.0;64.0;21.0;709.3;0.0;25.0;6.1;0.68;35.04;16.0;90.0
5201;1.85;3.6;6.2;10.0;35.0;59.0;19.0;709.0;0.0;21.0;5.8;0.55;35.59;15.6;106.0
5202;1.86;3.3;7.3;10.8;34.0;58.0;17.0;708.9;0.0;20.0;5.6;0.291;35.61;13.5;103.0
5203;1.86;2.8;7.7;10.7;31.0;62.0;18.0;709.1;0.0;22.0;5.6;0.055;34.9;14.3;106.0
5204;1.86;2.6;7.6;10.4;25.0;52.0;19.0;709.4;0.0;24.0;;0.006;33.67;14.8;90.0
5205;1.92;2.3;5.3;7.9;21.0;55.0;23.0;710.1;0.0;37.0;6.4;0.0;31.27;19.3;87.0
5206;1.93;2.2;3.4;5.8;21.0;100.0;22.0;710.7;0.0;46.0;5.7;0.0;29.86;17.9;96.0
5207;1.91;2.1;3.5;5.8;24.0;71.0;22.0;711.1;0.0;47.0;5.7;0.001;29.01;15.0;105.0
5208;1.92;2.1;2.9;5.2;22.0;63.0;29.0;711.1;0.0;54.0;5.4;0.001;28.0;14.8;104.0
5209;1.93;2.0;3.0;5.2;18.0;65.0;18.0;710.9;0.0;59.0;5.4;0.001;27.3;13.0;95.0
5210;1.94;2.0;3.0;5.2;15.0;65.0;17.0;710.6;0.0;61.0;5.5;0.0;26.36;8.4;67.0
5211;1.92;2.1;3.5;5.8;14.0;65.0;15.0;710.5;0.0;63.0;5.4;0.001;25.61;7.9;62.0
5212;1.92;2.2;3.6;6.0;13.0;63.0;15.0;710.5;0.0;64.0;5.4;0.001;25.06;9.2;42.0
5213;1.92;2.2;4.3;6.6;11.0;63.0;;710.7;0.0;66.0;5.5;0.001;24.26;9.9;49.0
5214;1.95;5.3;9.0;14.5;7.0;62.0;16.0;711.2;0.0;67.0;5.5;0.001;23.77;8.6;29.0
5215;2.01;16.1;14.3;30.7;3.0;67.0;17.0;711.8;0.0;66.0;6.1;0.024;23.62;7.3;29.0
5216;2.1;12.8;11.8;24.9;7.0;81.0;21.0;712.2;0.0;65.0;7.6;0.164;24.07;7.3;77.0
5217;2.18;16.9;14.2;31.4;10.0;72.0;23.0;712.5;0.0;61.0;8.2;0.349;25.37;6.6;56.0
5218;2.21;11.0;15.3;26.5;21.0;91.0;26.0;712.6;0.0;57.0;8.3;0.574;26.81;6.6;19.0
5219;2.2;6.5;16.3;23.0;38.0;87.0;23.0;712.5;0.0;52.0;8.0;0.738;28.18;7.9;20.0
5220;2.1;7.4;18.0;25.6;43.0;94.0;19.0;712.3;0.0;49.0;9.7;0.849;29.13;9.4;41.0
5221;2.03;3.0;8.9;12.2;59.0;90.0;19.0;711.7;0.0;42.0;9.8;0.949;30.67;12.7;54.0
5222;1.93;3.2;5.5;9.0;37.0;85.0;20.0;711.1;0.0;33.0;7.5;0.923;32.88;13.5;92.0
5223;1.84;2.5;3.5;6.2;40.0;64.0;15.0;710.3;0.0;28.0;6.5;0.826;34.14;11.4;104.0
5224;1.79;2.6;3.7;6.5;38.0;52.0;19.0;709.9;0.0;23.0;5.9;0.673;35.2;13.7;117.0
5225;1.75;2.4;3.8;6.4;35.0;47.0;13.0;709.7;0.0;21.0;5.6;0.177;34.59;15.2;115.0
5226;1.76;2.8;4.8;7.8;32.0;46.0;12.0;709.7;0.0;20.0;5.5;0.195;34.84;14.8;114.0
5227;1.78;2.3;4.0;6.5;30.0;31.0;14.0;709.7;0.0;24.0;5.6;0.049;34.1;17.4;104.0
5228;1.88;2.3;4.7;7.1;26.0;56.0;18.0;710.2;0.0;35.0;5.7;0.004;31.8;18.5;100.0
5229;1.88;2.0;4.1;6.3;29.0;72.0;20.0;710.9;0.0;41.0;5.7;0.0;30.04;16.3;107.0
5230;1.89;2.1;3.4;5.6;29.0;56.0;19.0;711.6;0.0;47.0;;0.001;28.7;18.3;119.0
5231;1.89;2.0;3.4;5.7;28.0;58.0;19.0;712.1;0.0;50.0;5.6;0.001;27.86;14.2;115.0
5232;1.87;2.0;2.8;5.0;27.0;46.0;18.0;712.4;0.0;51.0;5.5;0.001;27.29;13.7;107.0
5233;1.88;2.0;2.4;4.7;24.0;37.0;18.0;712.4;0.0;54.0;5.5;0.001;26.66;11.7;101.0
5234;1.88;2.0;2.5;4.8;21.0;37.0;17.0;712.0;0.0;57.0;;0.001;25.95;9.7;103.0
5235;1.88;2.0;2.6;4.8;17.0;42.0;15.0;711.8;0.0;60.0;;0.001;25.27;8.5;82.0
5236;1.89;2.0;2.5;4.7;16.0;41.0;15.0;711.8;0.0;63.0;5.4;0.001;24.64;6.6;98.0
5237;1.87;2.0;2.2;4.4;16.0;42.0;;711.9;0.0;65.0;5.4;0.001;24.07;6.9;97.0
5238;1.91;2.2;4.6;7.0;12.0;40.0;16.0;712.3;0.0;68.0;5.3;0.001;23.76;7.8;43.0
5239;1.95;4.2;7.4;11.8;9.0;46.0;17.0;712.9;0.0;70.0;5.4;0.036;23.4;7.6;43.0
5240;2.05;15.9;12.2;28.4;6.0;46.0;21.0;713.4;0.0;68.0;6.3;0.172;24.08;7.2;48.0
5241;2.12;9.1;11.5;20.7;15.0;66.0;23.0;713.7;0.0;64.0;7.4;0.352;24.98;7.6;17.0
5242;2.05;8.6;14.1;22.9;20.0;63.0;26.0;713.8;0.0;61.0;6.7;0.446;25.86;8.4;21.0
5243;1.99;5.1;9.8;15.2;34.0;68.0;23.0;713.7;0.0;56.0;7.8;0.7;27.36;8.5;48.0
5244;1.94;3.1;5.0;8.3;35.0;54.0;19.0;713.3;0.0;50.0;6.9;0.876;28.84;11.7;44.0
5245;1.88;2.8;3.6;6.7;33.0;52.0;19.0;712.7;0.0;40.0;6.3;0.927;30.98;12.6;77.0
5246;1.88;2.4;3.2;5.9;37.0;38.0;20.0;712.1;0.0;35.0;6.2;0.838;32.46;11.7;80.0
5247;1.84;2.4;2.9;5.5;36.0;41.0;15.0;711.2;0.0;29.0;6.0;0.882;34.2;12.6;109.0
5248;1.81;2.4;2.7;5.3;36.0;34.0;14.0;710.8;0.0;27.0;5.8;0.771;34.74;14.8;113.0
5249;1.81;2.4;2.9;5.5;34.0;34.0;14.0;710.5;0.0;26.0;5.8;0.521;34.95;15.5;115.0
5250;1.81;2.3;3.1;5.6;33.0;32.0;13.0;710.4;0.0;26.0;5.5;0.221;34.48;14.4;129.0
5251;1.82;2.3;4.0;6.4;31.0;30.0;13.0;710.7;0.0;27.0;5.6;0.062;33.96;16.2;104.0
5252;1.91;2.2;5.7;8.1;24.0;33.0;17.0;711.2;0.0;39.0;6.0;0.008;30.97;20.0;74.0
5253;1.91;2.2;3.9;6.3;20.0;78.0;15.0;711.7;0.0;43.0;5.8;0.001;29.82;16.1;75.0
5254;1.88;2.2;3.4;5.7;19.0;48.0;13.0;712.0;0.0;43.0;5.6;0.001;28.79;16.9;70.0
5255;1.84;2.1;3.1;5.5;18.0;49.0;11.5;712.3;0.0;43.0;5.5;0.001;27.89;15.9;69.0
5256;1.86;2.0;2.6;4.8;19.0;46.0;11.86;712.4;0.0;46.0;5.5;0.001;27.42;13.9;87.0
5257;1.85;2.1;2.4;4.7;18.0;41.0;13.5;712.6;0.0;50.0;;0.001;26.6;11.5;74.0
5258;1.84;2.0;2.6;4.9;16.0;38.0;13.7;712.6;0.0;53.0;5.4;0.001;25.85;9.2;65.0
5259;1.85;2.0;2.6;4.9;16.0;40.0;12.86;712.5;0.0;57.0;5.4;0.001;25.18;7.4;60.0
5260;1.87;2.0;2.7;5.0;15.0;34.0;12.54;712.5;0.0;61.0;;0.001;24.77;8.4;43.0
5261;1.92;2.4;5.9;8.5;12.0;37.0;13.49;712.5;0.0;64.0;;0.001;24.23;8.2;41.0
5262;1.99;4.2;11.2;15.6;5.0;43.0;15.0;712.6;0.0;68.0;;0.001;23.63;6.3;38.0
5263;2.14;13.5;14.0;27.8;3.0;41.0;15.39;712.8;0.0;70.0;5.5;0.033;23.51;6.3;29.0
5264;2.21;21.8;15.1;37.1;5.0;50.0;20.23;713.2;0.0;68.0;5.7;0.159;24.27;6.0;30.0
5265;2.31;10.6;14.0;24.9;11.0;65.0;20.23;713.3;0.0;68.0;6.0;0.133;24.33;6.3;359.0
5266;2.26;7.6;12.2;20.0;23.0;65.0;23.02;713.3;0.0;60.0;6.0;0.563;26.45;6.8;12.0
5267;2.37;7.2;16.5;24.0;34.0;53.0;26.24;713.3;0.0;53.0;6.1;0.69;28.25;7.0;21.0
5268;2.17;6.0;16.8;23.0;51.0;67.0;27.81;713.2;0.0;49.0;7.1;0.849;29.26;10.9;44.0
5269;1.99;2.9;7.9;11.0;55.0;70.0;27.22;712.8;0.0;40.0;10.7;0.882;31.03;16.8;60.0
5270;1.94;3.2;5.3;8.8;34.0;63.0;19.71;712.0;0.0;36.0;8.5;0.7;32.17;16.4;69.0
5271;1.9;3.4;5.6;9.3;32.0;43.0;14.83;711.4;0.0;32.0;7.0;0.568;32.68;18.8;67.0
5272;1.86;3.3;5.4;8.9;32.0;53.0;11.57;710.8;0.0;28.0;7.9;0.496;33.45;16.7;67.0
5273;1.88;3.7;5.7;9.7;29.0;39.0;11.67;710.4;0.0;26.0;6.5;0.524;34.16;15.1;99.0
5274;1.86;3.2;4.9;8.4;29.0;32.0;10.97;710.3;0.0;26.0;5.9;0.286;34.26;11.7;119.0
5275;1.9;3.3;6.8;10.3;26.0;33.0;13.46;710.6;0.0;36.0;5.7;0.051;31.19;19.5;120.0
5276;1.88;2.2;6.1;8.5;27.0;79.0;8.82;711.1;0.0;40.0;5.6;0.005;28.61;14.8;114.0
5277;1.87;2.1;5.3;7.6;26.0;35.0;9.4;711.7;0.0;41.0;5.5;0.001;28.39;12.8;101.0
5278;1.86;2.0;3.6;5.8;25.0;30.0;10.68;711.9;0.0;45.0;5.6;0.001;28.16;15.1;114.0
5279;1.87;2.0;4.2;6.4;23.0;33.0;11.68;712.2;0.0;47.0;5.4;0.001;27.85;10.5;90.0
5280;1.91;;3.4;5.7;21.0;29.0;10.89;712.4;0.0;52.0;5.4;0.001;26.95;12.5;87.0
5281;1.88;;3.7;5.9;20.0;37.0;11.5;712.4;0.0;54.0;5.5;0.001;26.28;8.1;109.0
5282;1.88;;3.6;5.8;20.0;30.0;13.04;712.1;0.0;57.0;5.4;0.001;25.69;9.0;63.0
5283;1.89;;3.4;5.6;18.0;34.0;12.86;712.1;0.0;62.0;5.3;0.001;24.96;9.9;58.0
5284;1.92;;5.1;7.3;14.0;33.0;13.73;712.0;0.0;68.0;5.4;0.001;24.4;8.3;57.0
5285;1.95;2.4;7.2;9.7;10.0;40.0;15.58;712.1;0.0;71.0;5.4;0.001;23.93;6.0;42.0
5286;1.99;3.7;9.8;13.7;8.0;34.0;13.45;712.2;0.0;72.0;5.3;0.001;23.57;6.1;43.0
5287;1.95;14.5;16.1;30.8;3.0;39.0;16.19;712.6;0.0;72.0;5.4;0.032;23.52;5.2;16.0
5288;1.07;18.2;16.0;34.5;7.0;46.0;19.23;713.0;0.0;70.0;5.7;0.17;24.41;4.7;359.0
5289;1.41;13.6;18.5;32.4;16.0;61.0;18.7;713.1;0.0;64.0;6.0;0.379;25.81;5.1;37.0
5290;1.26;16.7;26.6;43.5;22.0;56.0;25.02;713.3;0.0;58.0;6.2;0.572;27.34;7.7;34.0
5291;1.01;11.4;24.9;36.5;34.0;86.0;25.63;713.3;0.0;52.0;8.6;0.752;28.52;10.3;45.0
5292;0.77;3.6;9.7;13.5;52.0;80.0;16.6;713.1;0.0;44.0;8.0;0.882;30.16;12.8;52.0
5293;0.67;3.5;6.0;9.7;38.0;54.0;13.08;712.5;0.0;36.0;7.3;0.948;31.76;15.5;53.0
5294;0.66;3.2;5.4;8.8;41.0;40.0;14.19;711.7;0.0;33.0;6.4;0.91;32.91;16.5;59.0
5295;0.66;3.3;6.0;9.5;40.0;38.0;11.82;711.2;0.0;32.0;6.1;0.688;33.38;17.8;69.0
5296;0.65;3.1;6.3;9.7;41.0;48.0;11.58;710.7;0.0;29.0;6.5;0.549;33.78;17.3;71.0
5297;0.62;3.0;6.5;9.8;40.0;38.0;12.22;710.5;0.0;28.0;6.8;0.391;33.88;14.7;78.0
5298;0.66;3.2;8.3;11.8;34.0;32.0;11.41;710.2;0.0;27.0;7.0;0.212;33.85;15.0;85.0
5299;0.62;2.5;6.4;9.2;33.0;38.0;12.03;710.3;0.0;32.0;6.5;0.065;32.28;16.7;126.0
5300;0.67;2.6;9.5;12.3;29.0;44.0;12.44;710.7;0.0;35.0;5.8;0.004;30.88;10.3;126.0
5301;0.64;2.0;7.2;9.5;30.0;32.0;12.83;710.8;0.0;36.0;5.7;0.001;30.34;9.3;123.0
5302;0.64;2.2;6.3;8.7;25.0;31.0;15.36;711.6;0.0;40.0;5.5;0.001;29.9;10.6;112.0
5303;0.66;2.1;3.9;6.2;22.0;41.0;16.6;712.1;0.0;51.0;5.5;0.001;28.51;9.6;84.0
5304;0.67;2.0;3.8;6.1;20.0;33.0;14.91;712.4;0.0;52.0;;0.001;27.85;9.4;72.0
5305;0.66;2.0;4.5;6.7;19.0;32.0;13.88;712.6;0.0;54.0;5.4;0.0;27.06;10.4;44.0
5306;0.67;4.0;12.5;16.7;10.0;35.0;18.16;712.8;0.0;59.0;5.8;0.001;25.74;10.6;41.0
5307;0.64;2.1;5.4;7.7;16.0;41.0;15.72;712.6;0.0;62.0;6.3;0.001;25.16;9.9;46.0
5308;0.65;2.0;5.0;7.3;16.0;31.0;18.37;712.8;0.0;67.0;6.0;0.001;24.26;9.4;39.0
5309;0.67;3.1;8.3;11.7;12.0;36.0;18.42;712.9;0.0;69.0;5.7;0.001;23.7;7.6;30.0
5310;0.72;5.5;15.9;21.6;5.0;38.0;19.95;713.0;0.0;71.0;5.8;0.001;23.36;5.3;44.0
5311;0.84;17.0;18.6;35.8;3.0;45.0;21.84;713.3;0.0;72.0;6.0;0.032;23.34;4.3;36.0
5312;0.98;18.0;17.6;35.8;8.0;46.0;23.44;713.6;0.0;68.0;7.0;0.168;24.55;4.2;18.0
5313;1.17;10.8;16.3;27.4;18.0;57.0;20.61;713.7;0.0;63.0;7.3;0.373;25.73;5.9;21.0
5314;1.12;7.8;16.7;24.8;30.0;54.0;21.2;713.7;0.0;56.0;7.2;0.583;27.53;5.9;26.0
5315;1.1;10.2;26.7;37.1;38.0;51.0;26.91;713.6;0.0;49.0;8.1;0.742;29.25;7.5;16.0
5316;0.92;5.3;20.0;25.6;60.0;83.0;25.11;713.3;0.0;45.0;9.7;0.875;30.39;11.6;44.0
5317;0.72;3.3;8.2;11.7;53.0;68.0;16.56;713.0;0.0;37.0;9.0;0.943;31.77;15.4;57.0
5318;0.67;3.2;6.7;10.1;43.0;55.0;14.7;712.5;0.0;33.0;8.9;0.952;33.27;15.7;62.0
5319;0.66;3.1;5.8;9.1;39.0;50.0;13.7;712.0;0.0;30.0;7.3;0.773;34.09;16.3;70.0
5320;0.61;3.3;5.8;9.4;37.0;45.0;12.62;711.4;0.0;25.0;6.4;0.583;34.78;15.9;74.0
5321;0.62;3.3;6.9;10.5;38.0;36.0;10.74;710.8;0.0;23.0;6.9;0.536;35.34;15.8;90.0
5322;0.61;3.2;7.3;10.8;35.0;38.0;9.91;710.5;0.0;21.0;6.7;0.273;35.47;13.9;93.0
5323;0.6;2.9;7.9;11.0;32.0;33.0;9.3;710.6;0.0;22.0;6.0;0.029;34.76;14.8;75.0
5324;0.6;2.4;9.7;12.3;26.0;34.0;9.82;711.0;0.0;23.0;6.8;0.003;33.74;14.5;77.0
5325;0.65;2.9;11.6;14.7;19.0;34.0;12.65;711.5;0.0;27.0;6.0;0.001;32.78;11.5;82.0
5326;0.62;2.2;4.3;6.7;20.0;32.0;14.0;712.4;0.0;39.0;5.9;0.0;31.09;14.7;117.0
5327;0.63;2.1;3.2;5.6;18.0;48.0;12.51;713.1;0.0;47.0;5.8;0.001;29.59;15.7;81.0
5328;0.62;2.0;2.3;4.5;18.0;39.0;11.55;713.5;0.0;51.0;5.6;0.001;28.38;15.6;75.0
5329;0.63;2.0;2.8;5.0;18.0;36.0;13.86;713.6;0.0;52.0;5.6;0.001;27.7;10.0;75.0
5330;0.64;2.0;2.4;4.6;17.0;41.0;15.14;713.2;0.0;57.0;5.5;0.001;27.02;9.2;91.0
5331;0.63;2.0;2.0;4.2;17.0;40.0;;712.7;0.0;58.0;5.5;0.001;26.71;9.6;101.0
5332;0.63;2.0;2.1;4.3;18.0;32.0;12.65;712.3;0.0;60.0;;0.001;26.31;9.2;82.0
5333;0.75;4.5;8.2;13.0;9.0;42.0;16.91;712.0;0.0;65.0;;0.0;25.63;7.2;40.0
5334;0.85;7.7;15.4;23.3;2.0;38.0;20.13;712.3;0.0;70.0;;0.001;24.77;7.3;27.0
5335;1.04;10.4;15.4;26.1;3.0;52.0;16.91;712.4;0.0;71.0;5.6;0.03;24.66;5.1;4.0
5336;1.12;16.9;16.1;33.3;6.0;40.0;17.55;712.6;0.0;66.0;5.8;0.17;26.18;5.0;280.0
5337;0.98;11.2;13.8;25.2;15.0;55.0;18.36;712.9;0.0;61.0;6.1;0.379;27.22;5.8;352.0
5338;0.94;7.9;14.7;22.8;27.0;65.0;19.92;712.9;0.0;52.0;6.4;0.59;29.41;5.8;20.0
5339;1.08;9.3;23.6;33.1;37.0;71.0;26.14;712.9;0.0;45.0;7.3;0.752;30.97;8.4;39.0
5340;0.83;4.2;12.8;17.3;51.0;90.0;20.22;712.7;0.0;37.0;8.4;0.888;32.37;10.5;80.0
5341;0.69;4.6;10.5;15.4;45.0;60.0;15.16;712.2;0.0;30.0;7.6;0.952;33.86;11.1;55.0
5342;0.63;3.4;8.5;12.2;55.0;46.0;13.38;711.7;0.0;26.0;7.0;0.961;34.79;13.6;56.0
5343;0.59;2.9;6.2;9.3;54.0;38.0;10.08;711.1;0.0;23.0;6.1;0.891;35.47;14.5;57.0
5344;0.59;2.9;5.8;8.9;49.0;34.0;11.68;710.5;0.0;23.0;5.9;0.762;35.79;15.0;65.0
5345;0.6;;6.8;9.9;51.0;37.0;12.48;710.0;0.0;22.0;6.8;0.544;35.94;14.7;75.0
5346;0.67;3.0;9.5;12.7;47.0;37.0;10.94;709.8;0.0;25.0;7.9;0.195;35.1;15.7;74.0
5347;0.66;2.5;8.5;11.2;42.0;37.0;11.84;709.9;0.0;26.0;8.3;0.046;34.74;15.0;87.0
5348;0.66;2.1;8.7;11.0;37.0;34.0;10.64;710.2;0.0;27.0;8.0;0.004;33.68;12.3;86.0
5349;0.61;2.0;6.2;8.4;35.0;33.0;12.03;710.6;0.0;27.0;7.0;0.001;33.26;11.6;86.0
5350;0.64;2.1;6.8;9.1;26.0;30.0;10.27;711.4;0.0;31.0;6.2;0.001;32.47;14.6;76.0
5351;0.63;2.0;3.7;5.9;20.0;42.0;9.57;712.1;0.0;41.0;5.8;0.001;30.52;13.8;91.0
5352;0.63;2.0;2.9;5.1;17.0;29.0;9.16;712.0;0.0;46.0;5.7;0.001;29.31;11.9;94.0
5353;0.61;;2.7;4.9;17.0;33.0;11.46;711.6;0.0;48.0;5.5;0.001;28.54;10.5;91.0
5354;0.62;2.1;3.8;6.1;15.0;29.0;11.0;711.5;0.0;51.0;5.5;0.0;27.63;9.5;48.0
5355;0.65;3.5;6.6;10.4;10.0;39.0;12.3;711.5;0.0;55.0;5.6;0.001;26.85;8.6;32.0
5356;0.68;4.3;9.2;13.7;6.0;29.0;12.94;711.5;0.0;60.0;5.6;0.001;26.01;7.3;33.0
5357;0.76;8.1;14.1;22.4;3.0;38.0;15.12;711.6;0.0;62.0;6.0;0.001;25.63;5.6;40.0
5358;0.88;9.8;15.2;25.2;2.0;62.0;15.69;711.7;0.0;64.0;5.9;0.001;25.31;3.8;47.0
5359;1.06;16.6;15.2;32.1;3.0;57.0;17.38;712.1;0.0;65.0;6.0;0.015;25.49;5.1;9.0
5360;1.11;16.5;14.4;31.2;5.0;50.0;14.12;712.5;0.0;63.0;6.0;0.143;26.29;3.8;1.0
5361;1.1;17.8;17.2;35.2;11.0;48.0;15.77;712.6;0.0;57.0;6.5;0.37;27.75;5.7;10.0
5362;1.02;10.4;17.0;27.8;22.0;64.0;18.49;712.5;0.0;51.0;6.6;0.566;29.19;6.8;8.0
5363;1.12;9.6;22.1;32.0;33.0;;19.91;712.3;0.0;44.0;7.1;0.743;31.21;7.0;10.0
5364;0.92;7.9;20.6;28.8;44.0;81.0;21.94;712.0;0.0;38.0;10.0;0.83;32.55;9.8;46.0
5365;0.71;3.8;10.2;14.3;54.0;71.0;14.38;711.6;0.0;33.0;8.8;0.923;33.4;12.2;53.0
5366;0.7;4.1;10.2;14.5;46.0;43.0;13.23;711.1;0.0;33.0;7.1;0.707;33.52;14.7;63.0
5367;0.7;2.9;6.6;9.7;40.0;52.0;16.19;710.9;0.0;38.0;6.6;0.41;32.12;16.4;112.0
5368;0.74;3.3;9.6;13.2;38.0;46.0;16.7;710.8;0.0;41.0;6.8;0.195;30.99;9.5;133.0
5369;0.74;3.0;9.1;12.4;36.0;46.0;17.02;710.5;0.0;39.0;6.8;0.172;31.36;12.4;92.0
5370;0.83;3.6;14.8;18.6;27.0;85.0;14.64;711.6;0.0;55.0;6.0;0.062;27.4;13.3;46.0
5371;0.88;2.8;12.1;15.1;25.0;60.0;12.18;712.7;0.0;79.0;5.4;0.003;22.59;9.2;115.0
5372;0.82;2.6;12.5;15.3;23.0;32.0;9.91;713.1;0.0;83.0;5.4;0.001;21.93;6.7;185.0
5373;0.85;2.7;16.3;19.1;14.0;24.0;9.76;712.7;0.0;84.0;5.3;0.001;22.29;3.1;187.0
5374;0.86;2.4;13.6;16.2;16.0;28.0;12.86;712.2;0.0;84.0;5.3;0.001;22.57;5.1;152.0
5375;0.81;2.4;10.4;13.0;17.0;20.0;12.25;711.6;0.0;81.0;5.4;0.001;23.01;4.2;91.0
5376;0.79;2.2;10.0;12.4;19.0;34.0;10.92;711.7;0.0;77.0;5.3;0.001;23.1;4.7;114.0
5377;1.09;8.0;22.1;30.3;7.0;12.0;;711.8;0.0;77.0;5.4;0.001;23.32;3.5;26.0
5378;1.2;8.9;25.9;35.0;2.0;49.0;18.82;711.9;0.0;81.0;5.4;0.001;22.89;2.7;225.0
5379;0.95;6.7;25.1;31.9;2.0;39.0;14.92;711.8;0.0;80.0;5.3;0.001;22.83;1.8;201.0
5380;1.07;6.0;25.1;31.3;2.0;43.0;18.84;711.7;0.0;79.0;5.4;0.001;23.23;2.3;164.0
5381;0.99;5.2;20.8;26.2;4.0;67.0;16.75;711.7;0.0;78.0;5.4;0.001;23.13;2.7;231.0
5382;0.96;6.1;22.3;28.6;4.0;26.0;20.21;711.8;0.0;75.0;5.3;0.001;23.59;4.3;276.0
5383;1.03;10.5;23.9;34.6;3.0;76.0;22.71;712.1;0.0;74.0;5.4;0.017;23.68;2.2;224.0
5384;1.04;12.7;23.0;36.0;7.0;82.0;20.27;712.4;0.0;69.0;5.4;0.099;24.88;2.2;18.0
5385;1.2;18.7;26.1;45.0;14.0;87.0;24.78;712.7;0.0;59.0;5.5;0.378;26.9;3.7;23.0
5386;0.92;7.5;17.1;24.9;33.0;85.0;18.07;712.8;0.0;47.0;5.7;0.576;29.09;4.7;16.0
5387;1.02;5.5;14.9;20.6;44.0;52.0;17.87;712.8;0.0;45.0;5.8;0.733;29.62;7.6;7.0
5388;0.8;4.1;11.3;15.5;52.0;57.0;19.58;712.6;0.0;42.0;5.8;0.811;30.29;10.0;44.0
5389;0.72;3.4;9.5;13.2;60.0;53.0;16.34;712.1;0.0;37.0;5.9;0.841;31.3;8.3;31.0
5390;0.72;2.9;9.6;12.8;71.0;45.0;19.67;711.6;0.0;35.0;6.1;0.826;32.27;9.7;46.0
5391;0.78;3.5;12.4;16.1;66.0;43.0;18.69;711.1;0.0;41.0;6.0;0.7;31.73;12.6;53.0
5392;0.73;3.4;13.7;17.3;68.0;44.0;20.46;710.6;0.0;38.0;6.2;0.573;32.08;9.8;66.0
5393;0.72;2.6;9.0;11.8;73.0;44.0;21.43;710.2;0.0;35.0;6.6;0.495;32.91;9.4;84.0
5394;0.71;3.0;11.3;14.6;55.0;35.0;18.16;710.5;0.0;42.0;5.9;0.114;30.15;16.8;44.0
5395;0.77;2.3;11.0;13.5;43.0;66.0;12.24;711.3;0.0;59.0;5.5;0.023;26.46;9.5;46.0
5396;0.79;2.0;9.1;11.3;40.0;34.0;16.4;711.4;0.0;62.0;5.4;0.004;26.16;7.7;88.0
5397;0.76;2.1;6.7;9.0;37.0;29.0;15.55;711.3;0.0;66.0;5.3;0.001;25.56;7.4;128.0
5398;0.81;2.1;10.7;12.9;32.0;29.0;14.78;711.0;0.0;64.0;5.4;0.001;25.82;4.8;132.0
5399;0.82;;9.6;12.0;31.0;28.0;14.86;711.2;0.0;66.0;5.3;0.001;25.33;4.1;103.0
5400;1.2;4.0;28.1;32.3;9.0;36.0;22.82;711.4;0.0;69.0;5.4;0.001;25.17;6.3;12.0
5401;1.08;3.1;26.3;29.6;6.0;56.0;22.24;711.3;0.0;75.0;5.4;0.0;24.03;3.9;342.0
5402;1.14;3.4;28.0;31.6;3.0;62.0;23.14;710.7;0.0;76.0;5.3;0.001;24.07;2.7;279.0
5403;1.19;2.5;25.1;27.8;6.0;61.0;23.82;710.7;0.0;75.0;5.4;0.001;24.15;3.9;331.0
5404;1.08;2.6;21.7;24.5;10.0;54.0;24.33;710.3;0.0;72.0;5.4;0.001;24.36;5.4;230.0
5405;1.09;3.0;24.2;27.3;6.0;50.0;28.73;710.2;0.0;69.0;5.4;0.001;24.77;5.6;289.0
5406;1.03;3.5;23.7;27.3;6.0;84.0;28.04;710.4;0.0;69.0;;0.001;24.62;3.7;205.0
5407;1.01;3.7;22.1;26.0;7.0;59.0;24.14;710.4;0.0;66.0;;0.007;25.12;3.6;330.0
5408;1.09;6.7;22.8;29.7;8.0;60.0;27.89;710.6;0.0;65.0;;0.063;25.45;4.3;348.0
5409;1.05;6.8;19.6;26.7;16.0;72.0;26.66;710.8;0.0;59.0;;0.146;26.59;4.3;8.0
5410;0.95;5.9;17.4;23.6;26.0;74.0;24.03;711.1;0.0;52.0;;0.263;28.28;3.9;46.0
5411;1.11;6.9;24.8;31.9;27.0;55.0;23.4;711.4;0.0;50.0;5.5;0.249;28.71;5.7;62.0
5412;1.0;5.7;18.0;23.9;40.0;66.0;20.14;711.3;0.0;46.0;5.7;0.481;29.77;7.5;63.0
5413;0.79;3.7;10.6;14.6;54.0;54.0;16.62;710.7;0.0;42.0;6.1;0.825;31.15;7.8;50.0
5414;0.78;3.0;9.4;12.6;64.0;43.0;17.81;710.0;0.0;40.0;6.2;0.779;31.8;8.0;24.0
5415;0.8;2.2;6.2;8.6;70.0;40.0;16.56;709.4;0.0;40.0;6.2;0.507;31.73;6.6;316.0
5416;0.78;2.2;5.9;8.3;70.0;28.0;17.54;708.9;0.0;38.0;5.9;0.341;32.48;5.2;55.0
5417;0.76;;9.2;11.6;50.0;25.0;15.45;709.1;0.0;52.0;5.7;0.039;28.09;11.7;289.0
5418;0.78;;8.1;10.5;42.0;46.0;12.61;709.1;0.0;63.0;5.4;0.054;25.14;8.1;131.0
5419;0.8;2.1;8.8;11.2;39.0;25.0;13.6;709.3;0.0;62.0;5.5;0.056;25.27;7.4;107.0
5420;0.81;2.0;8.8;11.0;37.0;29.0;14.31;709.6;0.0;64.0;5.4;0.015;25.01;7.7;115.0
5421;0.83;2.0;10.1;12.3;34.0;31.0;13.47;709.7;0.0;62.0;5.3;0.001;25.27;6.7;85.0
5422;0.98;2.2;17.3;19.7;18.0;20.0;17.85;710.1;0.0;71.0;5.4;0.001;24.16;6.3;31.0
5423;0.93;2.4;16.3;18.9;22.0;42.0;14.71;709.9;0.0;71.0;5.4;0.001;23.99;4.4;4.0
5424;0.84;2.0;12.0;14.2;26.0;25.0;10.27;709.6;0.0;68.0;5.3;0.001;24.08;3.9;285.0
5425;0.86;2.0;16.2;18.4;22.0;31.0;15.34;709.4;0.0;67.0;5.4;0.001;24.25;5.0;351.0
5426;0.88;2.1;13.6;15.9;22.0;32.0;13.96;709.2;0.0;70.0;5.4;0.001;23.83;5.9;54.0
5427;0.99;2.3;26.0;28.5;11.0;37.0;28.93;709.1;0.0;73.0;;0.001;23.52;4.2;48.0
5428;1.16;2.2;25.1;27.5;9.0;87.0;44.28;708.8;0.0;75.0;;0.001;23.38;3.5;357.0
5429;1.16;2.4;21.0;23.6;9.0;93.0;29.25;708.8;0.0;77.0;;0.001;23.23;5.5;16.0
5430;1.03;3.0;19.9;23.2;8.0;65.0;27.19;708.9;0.0;79.0;;0.001;23.05;5.4;360.0
5431;0.98;4.2;18.2;22.6;12.0;57.0;24.98;709.2;0.0;77.0;;0.014;23.16;6.5;338.0
5432;1.04;5.4;16.3;21.9;17.0;50.0;21.14;709.2;0.0;76.0;5.3;0.101;23.61;5.0;12.0
5433;1.37;13.9;24.3;38.4;15.0;48.0;27.95;709.2;0.0;70.0;5.5;0.235;25.08;6.1;54.0
5434;1.3;11.3;22.7;34.3;21.0;71.0;30.58;709.5;0.0;67.0;5.6;0.425;25.91;6.5;29.0
5435;1.16;8.4;20.6;29.3;36.0;81.0;34.49;709.6;0.0;59.0;5.6;0.67;28.05;6.7;42.0
5436;1.04;7.2;19.8;27.3;42.0;82.0;35.05;709.6;0.0;56.0;;0.746;28.65;7.6;39.0
5437;1.0;4.5;17.9;22.5;58.0;84.0;33.25;709.2;0.0;52.0;5.7;0.568;29.44;8.2;35.0
5438;0.91;3.6;14.5;18.3;73.0;80.0;30.54;708.8;0.0;48.0;5.9;0.632;30.34;9.0;46.0
5439;0.98;2.2;12.6;15.0;88.0;64.0;33.49;708.3;0.0;50.0;5.8;0.139;29.96;10.1;85.0
5440;0.94;2.4;10.0;12.6;69.0;70.0;26.24;708.0;0.0;51.0;5.5;0.162;29.95;8.5;136.0
5441;0.87;2.5;8.7;11.5;59.0;44.0;21.62;707.7;0.0;48.0;5.5;0.272;30.16;13.7;125.0
5442;0.84;2.7;8.7;11.6;42.0;45.0;14.05;707.8;0.0;56.0;;0.23;28.03;11.5;98.0
5443;0.88;2.3;10.3;12.8;34.0;45.0;14.97;707.5;0.0;57.0;5.4;0.027;27.52;9.7;112.0
5444;1.14;5.3;26.7;32.2;15.0;38.0;19.87;708.0;0.0;60.0;5.4;0.002;26.88;9.5;63.0
5445;0.84;2.3;11.9;14.4;27.0;48.0;16.48;709.1;0.0;65.0;;0.001;25.45;12.9;70.0
5446;0.78;2.1;7.2;9.5;28.0;42.0;16.81;709.9;0.0;63.0;;0.001;25.92;9.5;89.0
5447;0.75;2.0;5.6;7.9;28.0;29.0;16.27;709.9;0.0;63.0;;0.001;26.03;6.5;89.0
5448;0.77;2.0;5.5;7.7;26.0;27.0;15.62;709.7;0.0;66.0;;0.001;25.66;6.8;71.0
5449;0.76;;4.9;7.1;24.0;32.0;17.27;709.2;0.0;69.0;5.3;0.001;25.26;6.9;69.0
5450;0.74;2.1;5.1;7.4;20.0;39.0;17.82;708.9;0.0;73.0;5.3;0.001;24.7;8.0;41.0
5451;0.73;2.0;4.1;6.3;18.0;38.0;18.46;708.9;0.0;74.0;;0.001;24.65;6.4;39.0
5452;0.71;2.0;3.1;5.4;18.0;41.0;19.41;708.6;0.0;73.0;;0.001;24.73;5.8;61.0
5453;0.75;2.4;8.0;10.6;12.0;31.0;21.43;708.7;0.0;73.0;;0.001;24.73;6.8;41.0
5454;0.81;4.6;10.7;15.6;8.0;45.0;20.5;709.0;0.0;73.0;;0.001;24.59;5.4;40.0
5455;0.96;11.0;13.9;25.2;2.0;48.0;25.73;709.6;0.0;77.0;5.4;0.013;24.32;8.5;50.0
5456;1.01;11.7;12.2;24.1;4.0;56.0;26.9;710.1;0.0;79.0;5.3;0.073;24.14;8.5;72.0
5457;1.04;13.0;11.3;24.6;7.0;55.0;28.36;710.2;0.0;77.0;5.4;0.225;24.64;9.5;68.0
5458;0.97;9.4;10.3;19.9;13.0;65.0;28.7;710.2;0.0;71.0;5.4;0.382;25.71;10.1;54.0
5459;0.93;8.5;12.3;21.0;21.0;66.0;30.62;710.2;0.0;62.0;;0.628;27.72;7.7;49.0
5460;0.86;4.7;9.6;14.5;34.0;69.0;28.44;710.0;0.0;57.0;5.3;0.67;28.67;9.6;64.0
5461;0.83;3.7;7.4;11.4;33.0;57.0;24.94;709.7;0.0;54.0;5.3;0.438;29.33;13.4;59.0
5462;0.86;4.0;8.5;12.7;32.0;53.0;24.21;709.5;0.0;52.0;;0.395;29.64;13.9;78.0
5463;0.83;3.0;6.8;10.0;36.0;50.0;21.12;709.1;0.0;47.0;5.4;0.408;30.57;11.7;95.0
5464;0.8;3.2;6.5;9.9;38.0;49.0;19.23;708.8;0.0;43.0;5.5;0.487;31.48;14.1;118.0
5465;0.81;2.9;7.0;10.1;39.0;38.0;18.64;708.5;0.0;43.0;5.5;0.26;31.28;14.8;131.0
5466;0.8;3.3;7.2;10.7;38.0;36.0;12.52;708.4;0.0;42.0;;0.128;31.09;12.4;136.0
5467;0.78;2.9;7.5;10.6;38.0;31.0;13.76;708.6;0.0;42.0;;0.054;31.06;11.9;135.0
5468;0.77;2.3;8.7;11.2;34.0;31.0;15.02;709.0;0.0;44.0;5.4;0.003;30.06;11.9;104.0
5469;0.79;2.3;9.6;12.1;24.0;33.0;13.7;709.6;0.0;51.0;5.4;0.001;28.39;12.1;72.0
5470;0.74;2.1;6.3;8.7;26.0;35.0;14.25;710.1;0.0;54.0;;0.001;27.94;10.7;101.0
5471;0.7;2.0;3.7;6.0;25.0;31.0;14.08;710.7;0.0;58.0;5.3;0.001;27.44;11.3;111.0
5472;0.72;2.0;3.6;5.9;23.0;29.0;14.79;710.8;0.0;62.0;5.3;0.001;26.71;10.9;86.0
5473;0.73;;3.3;5.5;20.0;32.0;15.23;710.8;0.0;65.0;;0.001;26.12;11.7;99.0
5474;0.72;2.1;3.9;6.2;15.0;24.0;14.23;710.6;0.0;69.0;;0.001;25.41;11.2;77.0
5475;0.71;2.1;4.1;6.4;11.0;25.0;12.64;710.5;0.0;74.0;;0.001;24.63;6.9;36.0
5476;0.72;4.2;8.9;13.3;7.0;27.0;14.58;710.6;0.0;75.0;;0.001;24.41;8.2;22.0
5477;0.8;5.4;11.7;17.3;4.0;31.0;16.87;710.9;0.0;78.0;;0.001;23.92;7.2;56.0
5478;0.84;4.2;11.5;16.0;4.0;48.0;17.86;711.1;0.0;80.0;;0.001;23.41;5.9;62.0
5479;0.95;16.8;13.6;30.8;2.0;36.0;21.5;711.4;0.0;81.0;5.4;0.019;23.48;3.2;41.0
5480;1.17;24.9;14.4;39.5;3.0;33.0;26.05;711.7;0.0;79.0;5.5;0.102;24.13;5.3;46.0
5481;1.15;27.1;15.7;43.0;6.0;89.0;30.85;711.9;0.0;74.0;5.4;0.303;25.13;6.5;46.0
5482;1.14;16.5;18.7;35.4;13.0;65.0;32.0;711.7;0.0;66.0;5.4;0.428;26.78;5.8;11.0
5483;1.2;11.2;22.2;33.7;26.0;76.0;34.16;711.7;0.0;57.0;;0.661;28.7;7.5;59.0
5484;1.03;7.5;21.3;29.0;38.0;79.0;34.93;711.7;0.0;55.0;5.5;0.522;28.75;10.9;34.0
5485;0.92;4.1;12.4;16.8;53.0;84.0;26.72;711.6;0.0;51.0;5.6;0.811;29.87;11.7;59.0
5486;0.85;2.8;7.3;10.3;54.0;55.0;24.3;711.1;0.0;47.0;6.0;0.642;30.97;12.0;67.0
5487;0.83;3.2;6.8;10.2;42.0;47.0;19.99;710.6;0.0;42.0;6.0;0.622;31.95;13.4;76.0
5488;0.8;3.0;6.1;9.4;39.0;47.0;19.27;710.2;0.0;40.0;5.9;0.462;32.14;14.0;77.0
5489;0.8;3.2;7.1;10.5;36.0;39.0;17.7;709.8;0.0;38.0;5.9;0.302;32.46;14.2;81.0
5490;0.8;3.2;7.8;11.2;32.0;35.0;17.55;709.7;0.0;38.0;5.7;0.161;32.59;11.5;94.0
5491;0.78;2.6;8.0;10.8;28.0;34.0;17.56;709.6;0.0;38.0;5.7;0.041;32.24;9.3;125.0
5492;0.79;2.3;10.2;12.8;24.0;40.0;16.86;709.8;0.0;39.0;5.6;0.003;31.22;7.1;125.0
5493;0.77;2.6;8.5;11.3;24.0;40.0;18.08;710.2;0.0;42.0;5.7;0.001;31.09;13.8;86.0
5494;0.76;2.1;4.3;6.6;21.0;43.0;19.2;710.9;0.0;54.0;5.5;0.001;29.36;15.3;89.0
5495;0.78;2.1;3.9;6.2;18.0;43.0;17.25;711.2;0.0;56.0;5.5;0.001;28.51;11.2;88.0
5496;0.75;;3.6;5.9;16.0;39.0;18.32;711.0;0.0;60.0;;0.001;27.47;10.0;70.0
5497;0.75;2.0;3.8;6.0;14.0;28.0;15.41;711.0;0.0;62.0;5.4;0.001;26.87;8.1;72.0
5498;0.72;2.1;3.8;6.1;12.0;31.0;14.53;711.1;0.0;67.0;5.4;0.001;25.99;8.4;51.0
5499;0.74;2.8;5.8;8.9;8.0;35.0;15.0;710.8;0.0;70.0;5.3;0.0;25.38;7.7;38.0
5500;0.75;2.4;6.0;8.7;7.0;31.0;12.85;710.8;0.0;73.0;5.3;0.001;24.7;6.3;36.0
5501;0.82;6.9;10.6;17.8;3.0;47.0;17.24;710.9;0.0;75.0;5.4;0.001;24.29;4.6;355.0
5502;0.91;15.5;13.5;29.3;2.0;39.0;19.77;711.1;0.0;77.0;5.4;0.001;24.12;3.8;11.0
5503;1.01;19.7;12.6;32.6;2.0;47.0;18.42;711.2;0.0;77.0;;0.027;24.14;3.1;56.0
5504;1.13;19.8;13.4;33.5;4.0;66.0;20.44;711.3;0.0;73.0;5.5;0.163;25.25;4.7;26.0
5505;1.19;19.7;16.2;36.2;9.0;50.0;20.38;711.2;0.0;67.0;5.5;0.35;26.52;6.0;18.0
5506;1.16;13.5;18.3;32.1;19.0;60.0;22.16;711.1;0.0;60.0;;0.572;28.13;5.7;16.0
5507;1.41;10.4;28.9;39.6;37.0;60.0;28.63;711.0;0.0;53.0;5.4;0.72;29.93;6.8;21.0
5508;1.23;7.0;26.4;33.7;59.0;88.0;31.3;710.7;0.0;45.0;5.8;0.867;31.42;9.0;55.0
5509;0.99;4.1;14.7;18.9;63.0;95.0;24.22;710.4;0.0;41.0;6.1;0.936;32.26;12.4;55.0
5510;0.86;3.0;9.4;12.6;64.0;68.0;22.55;709.8;0.0;36.0;6.6;0.911;33.5;15.3;61.0
5511;0.79;3.1;8.9;12.3;41.0;56.0;18.74;709.3;0.0;36.0;7.5;0.239;32.88;15.4;67.0
5512;0.76;3.1;7.0;10.3;43.0;49.0;18.6;708.9;0.0;35.0;6.5;0.321;33.08;11.5;54.0
5513;0.74;;6.8;10.1;38.0;42.0;18.31;708.5;0.0;31.0;6.3;0.354;34.18;13.0;85.0
5514;0.78;;8.7;12.1;34.0;37.0;18.82;708.5;0.0;31.0;6.3;0.105;33.88;12.3;101.0
5515;0.76;2.7;8.4;11.3;32.0;32.0;16.11;708.6;0.0;33.0;5.9;0.026;32.96;9.1;137.0
5516;0.8;2.2;10.7;13.1;28.0;40.0;17.74;708.8;0.0;36.0;5.8;0.001;32.04;7.8;119.0
5517;0.79;2.2;9.4;11.8;25.0;43.0;18.33;709.2;0.0;39.0;5.7;0.001;31.13;10.7;87.0
5518;0.77;;7.0;9.4;22.0;46.0;17.53;710.0;0.0;45.0;5.6;0.0;29.93;15.8;82.0
5519;0.75;2.1;3.5;5.8;20.0;54.0;17.7;710.4;0.0;53.0;5.6;0.001;28.52;14.0;88.0
5520;0.76;2.1;4.1;6.3;18.0;46.0;17.59;710.2;0.0;57.0;;0.001;27.73;9.7;84.0
5521;0.78;2.1;4.9;7.2;16.0;47.0;17.03;710.0;0.0;60.0;5.4;0.001;27.09;8.4;61.0
5522;0.75;3.6;5.9;9.8;12.0;41.0;16.49;710.0;0.0;65.0;5.4;0.0;26.03;10.6;40.0
5523;0.73;2.5;4.1;6.8;12.0;38.0;19.09;709.9;0.0;68.0;;0.001;25.32;9.2;46.0
5524;0.74;2.1;3.2;5.5;12.0;45.0;19.82;709.7;0.0;72.0;;0.001;24.73;8.3;44.0
5525;0.76;2.3;4.8;7.3;10.0;35.0;20.93;709.8;0.0;75.0;5.3;0.001;24.28;6.9;50.0
5526;0.88;12.4;13.3;26.0;2.0;48.0;24.25;710.1;0.0;76.0;5.4;0.001;24.22;5.4;42.0
5527;0.96;17.1;13.5;30.9;2.0;52.0;27.94;710.5;0.0;77.0;5.5;0.012;24.11;5.4;73.0
5528;1.13;22.3;14.5;37.1;3.0;55.0;29.07;710.7;0.0;76.0;5.5;0.08;24.5;5.0;44.0
5529;1.17;14.0;15.6;29.8;10.0;71.0;30.85;710.7;0.0;71.0;;0.244;25.76;5.0;10.0
5530;1.16;10.1;17.5;28.0;21.0;81.0;31.27;710.6;0.0;61.0;5.4;0.486;27.82;5.6;53.0
5531;1.21;8.1;21.1;29.4;36.0;72.0;33.31;710.3;0.0;54.0;5.6;0.672;29.26;6.5;37.0
5532;1.24;7.7;26.1;34.0;53.0;99.0;37.15;710.0;0.0;49.0;5.9;0.839;30.48;8.4;49.0
5533;1.07;3.5;15.5;19.2;79.0;92.0;31.48;709.6;0.0;44.0;6.1;0.926;31.79;10.4;56.0
5534;0.88;2.9;9.1;12.3;61.0;74.0;23.16;709.0;0.0;38.0;6.1;0.92;32.95;13.9;74.0
5535;0.77;3.0;6.4;9.7;39.0;61.0;18.13;708.5;0.0;34.0;6.2;0.617;33.86;14.1;86.0
5536;0.81;3.4;7.9;11.5;37.0;43.0;19.56;708.0;0.0;35.0;5.9;0.272;33.24;15.9;71.0
5537;0.77;3.6;7.5;11.3;32.0;46.0;17.97;707.9;0.0;34.0;5.9;0.206;32.86;12.5;138.0
5538;0.78;3.3;7.1;10.7;30.0;44.0;17.82;707.9;0.0;36.0;5.8;0.175;31.92;12.8;141.0
5539;0.88;2.9;12.5;15.6;23.0;40.0;15.79;708.1;0.0;40.0;5.7;0.04;30.78;9.9;126.0
5540;0.79;2.4;9.8;12.4;24.0;41.0;19.3;708.3;0.0;38.0;5.6;0.002;30.67;11.0;126.0
5541;0.76;2.2;7.6;10.0;23.0;39.0;18.38;709.1;0.0;42.0;5.6;0.001;29.89;9.6;120.0
5542;0.73;2.2;5.6;8.0;18.0;36.0;18.33;709.7;0.0;42.0;;0.001;29.31;11.6;105.0
5543;0.69;2.2;4.9;7.3;16.0;45.0;16.99;710.0;0.0;44.0;;0.001;28.15;13.9;73.0
5544;0.7;2.2;5.1;7.5;15.0;52.0;15.95;710.3;0.0;46.0;5.5;0.001;27.34;9.9;74.0
5545;0.75;2.1;5.5;7.9;15.0;50.0;17.39;710.1;0.0;51.0;5.6;0.001;26.63;9.6;67.0
5546;0.72;2.1;4.2;6.5;17.0;49.0;20.15;710.0;0.0;54.0;5.5;0.001;25.85;8.2;92.0
5547;0.71;2.0;3.2;5.5;17.0;41.0;18.41;709.9;0.0;58.0;5.5;0.001;25.17;8.4;89.0
5548;0.75;2.6;6.3;9.2;13.0;43.0;15.74;709.9;0.0;65.0;;0.0;24.46;7.4;38.0
5549;0.77;2.4;7.6;10.3;11.0;43.0;17.86;710.1;0.0;69.0;;0.001;24.08;6.4;38.0
5550;0.85;7.4;14.1;21.8;4.0;41.0;18.59;710.6;0.0;73.0;;0.001;23.62;5.5;52.0
5551;0.93;9.4;14.9;24.5;3.0;46.0;18.92;711.2;0.0;74.0;5.4;0.014;23.58;6.3;58.0
5552;0.98;9.4;12.9;22.5;6.0;44.0;15.65;711.6;0.0;73.0;5.5;0.142;24.13;6.1;68.0
5553;1.04;16.6;15.6;32.5;7.0;46.0;22.06;711.8;0.0;68.0;5.7;0.221;25.25;5.3;44.0
5554;1.08;15.8;17.7;33.7;12.0;57.0;27.78;711.9;0.0;62.0;5.8;0.381;26.55;5.5;16.0
5555;1.07;15.3;22.4;38.0;22.0;67.0;30.46;711.8;0.0;56.0;6.4;0.728;27.96;8.0;36.0
5556;1.03;5.0;16.0;21.2;53.0;71.0;26.29;711.4;0.0;51.0;6.8;0.858;29.44;9.7;51.0
5557;0.87;3.3;8.3;11.8;48.0;61.0;19.29;711.0;0.0;44.0;6.4;0.934;30.94;12.1;54.0
5558;0.77;2.8;4.9;8.0;40.0;53.0;17.32;710.6;0.0;36.0;6.3;0.929;32.48;13.5;84.0
5559;0.8;3.2;6.2;9.6;39.0;41.0;18.97;710.2;0.0;36.0;6.2;0.777;33.01;16.3;69.0
5560;0.74;3.1;5.6;8.9;35.0;48.0;14.35;709.7;0.0;32.0;6.3;0.704;33.85;14.9;90.0
5561;0.69;2.5;3.9;6.6;34.0;31.0;12.37;709.3;0.0;30.0;6.0;0.476;33.99;12.6;110.0
5562;0.68;2.6;4.1;6.9;32.0;34.0;11.63;709.1;0.0;30.0;5.8;0.228;33.92;13.1;116.0
5563;0.69;2.4;5.2;7.8;29.0;36.0;11.32;709.2;0.0;30.0;5.7;0.046;33.17;12.9;116.0
5564;0.73;2.1;6.6;8.9;27.0;27.0;13.6;709.4;0.0;33.0;5.6;0.003;31.93;10.4;123.0
5565;0.76;2.1;7.1;9.4;21.0;33.0;14.24;710.0;0.0;38.0;5.6;0.001;31.15;8.3;124.0
5566;0.79;;4.5;6.8;23.0;29.0;13.16;710.8;0.0;53.0;5.5;0.001;29.07;16.8;84.0
5567;0.78;2.0;3.5;5.7;23.0;38.0;14.08;711.3;0.0;59.0;5.4;0.001;27.88;14.5;91.0
5568;0.81;2.0;3.9;6.2;22.0;24.0;13.7;711.2;0.0;61.0;5.4;0.001;27.3;9.9;84.0
5569;0.82;2.1;6.0;8.4;18.0;35.0;11.78;711.1;0.0;64.0;;0.001;26.3;9.1;52.0
5570;0.85;3.2;12.1;15.6;11.0;27.0;13.0;711.0;0.0;67.0;5.5;0.001;25.73;8.7;27.0
5571;0.87;3.7;16.3;20.2;6.0;30.0;14.34;710.8;0.0;70.0;5.5;0.001;25.29;6.5;10.0
5572;0.91;2.2;13.8;16.2;9.0;45.0;12.92;710.7;0.0;72.0;;0.001;25.04;4.2;23.0
5573;0.88;2.2;11.8;14.2;9.0;40.0;11.19;710.8;0.0;72.0;;0.001;24.85;5.7;69.0
5574;0.85;2.2;9.5;11.9;10.0;34.0;12.36;711.0;0.0;74.0;5.4;0.001;24.38;4.8;65.0
5575;0.86;2.7;9.4;12.3;10.0;32.0;12.79;711.4;0.0;75.0;5.5;0.017;24.23;6.3;52.0
5576;0.86;3.7;7.2;11.2;13.0;31.0;10.59;711.9;0.0;74.0;5.4;0.12;24.84;4.5;59.0
5577;0.92;7.6;9.8;17.7;14.0;28.0;16.26;712.1;0.0;67.0;5.4;0.318;26.62;5.4;10.0
5578;1.04;8.9;11.8;20.9;19.0;45.0;22.67;712.3;0.0;63.0;;0.54;27.35;7.2;12.0
5579;1.12;5.1;10.9;16.2;37.0;55.0;24.81;712.2;0.0;55.0;;0.741;29.46;6.5;35.0
5580;1.19;4.5;14.7;19.4;54.0;47.0;24.55;711.8;0.0;48.0;5.6;0.861;31.06;7.9;39.0
5581;0.92;2.8;8.3;11.4;60.0;64.0;22.86;711.3;0.0;43.0;6.1;0.869;31.96;9.9;73.0
5582;0.84;2.6;6.3;9.1;60.0;47.0;17.04;710.8;0.0;36.0;6.5;0.909;33.4;10.1;48.0
5583;0.75;2.7;5.9;8.9;51.0;36.0;15.85;710.4;0.0;32.0;6.8;0.724;33.72;11.5;44.0
5584;0.77;2.4;5.5;8.1;60.0;41.0;18.74;709.7;0.0;32.0;7.2;0.689;34.58;11.0;49.0
5585;0.77;2.4;4.7;7.2;51.0;39.0;20.58;709.2;0.0;33.0;6.6;0.508;34.79;12.8;72.0
5586;0.79;;5.5;8.1;43.0;40.0;22.03;709.2;0.0;35.0;6.5;0.201;34.08;14.1;74.0
5587;0.81;2.3;6.5;9.0;40.0;48.0;20.58;709.2;0.0;36.0;6.7;0.053;33.41;13.1;74.0
5588;0.81;2.0;7.5;9.8;33.0;47.0;18.16;709.6;0.0;35.0;6.6;0.002;32.69;10.9;77.0
5589;0.85;2.0;10.4;12.7;27.0;39.0;19.33;710.0;0.0;33.0;6.4;0.001;32.41;7.5;88.0
5590;0.89;2.1;9.9;12.2;21.0;34.0;20.3;710.4;0.0;44.0;6.0;0.0;30.76;11.3;68.0
5591;0.83;2.0;6.9;9.1;21.0;51.0;20.31;710.8;0.0;53.0;5.8;0.0;28.75;11.1;51.0
5592;0.84;2.0;5.7;8.0;21.0;40.0;18.11;711.0;0.0;55.0;5.8;0.0;28.01;8.6;51.0
5593;0.81;2.1;5.4;7.7;20.0;38.0;18.56;710.9;0.0;59.0;5.5;0.0;27.11;9.8;43.0
5594;0.8;2.0;4.9;7.1;18.0;33.0;17.61;710.7;0.0;64.0;5.5;0.001;26.2;8.0;51.0
5595;0.81;2.6;7.7;10.6;12.0;32.0;20.1;710.6;0.0;68.0;;0.001;25.75;6.7;47.0
5596;0.85;5.1;12.3;17.7;5.0;46.0;20.66;710.3;0.0;71.0;;0.001;25.31;5.7;44.0
5597;0.89;11.8;14.6;26.7;2.0;39.0;23.27;710.2;0.0;74.0;;0.001;24.96;3.5;59.0
5598;0.99;7.7;14.1;22.0;2.0;53.0;23.49;710.3;0.0;75.0;5.4;0.001;24.9;5.0;54.0
5599;1.14;18.0;15.0;33.4;2.0;49.0;25.08;710.6;0.0;76.0;5.6;0.012;24.92;5.4;31.0
5600;1.21;22.2;15.5;37.9;3.0;63.0;27.71;710.9;0.0;74.0;5.6;0.083;25.29;4.6;51.0
5601;1.17;13.2;14.5;28.1;11.0;64.0;27.47;710.9;0.0;68.0;5.5;0.354;26.74;6.4;2.0
5602;1.14;8.6;15.1;24.0;22.0;56.0;27.54;711.0;0.0;60.0;5.5;0.541;28.45;6.7;19.0
5603;1.32;7.0;19.7;26.9;40.0;64.0;29.96;710.9;0.0;55.0;;0.709;29.9;7.2;349.0
5604;1.19;6.1;21.0;27.4;51.0;78.0;31.91;710.5;0.0;49.0;;0.836;31.21;8.3;55.0
5605;1.07;4.6;18.6;23.4;62.0;91.0;31.14;709.9;0.0;44.0;;0.883;32.18;10.4;62.0
5606;1.01;3.4;12.6;16.2;72.0;76.0;28.13;709.2;0.0;39.0;6.0;0.881;33.52;9.2;57.0
5607;0.94;2.3;8.3;10.9;80.0;65.0;27.01;708.4;0.0;34.0;7.4;0.753;34.45;9.4;82.0
5608;0.91;2.4;9.0;11.6;82.0;66.0;26.8;707.7;0.0;33.0;7.3;0.565;35.13;9.5;85.0
5609;0.91;2.3;9.0;11.5;80.0;58.0;26.71;707.4;0.0;34.0;6.6;0.332;34.83;10.3;83.0
5610;0.9;2.3;8.6;11.1;69.0;55.0;26.36;707.4;0.0;34.0;6.5;0.179;34.91;9.8;123.0
5611;0.85;2.1;8.2;10.5;53.0;51.0;22.03;707.5;0.0;33.0;6.2;0.034;34.33;6.9;131.0
5612;0.83;2.1;8.7;11.0;43.0;45.0;20.84;708.0;0.0;37.0;6.0;0.001;32.96;9.8;96.0
5613;0.8;2.3;5.0;7.5;30.0;49.0;20.75;708.8;0.0;60.0;5.5;0.001;26.81;10.5;199.0
5614;0.85;2.1;9.0;11.4;24.0;51.0;18.36;709.5;0.0;66.0;5.4;0.001;25.71;9.4;206.0
5615;0.92;2.2;14.3;16.6;17.0;43.0;20.14;709.9;0.0;71.0;5.4;0.001;25.53;5.2;215.0
5616;0.84;3.0;10.0;13.2;11.0;44.0;18.81;710.3;0.0;65.0;;0.001;27.11;10.1;44.0
5617;0.98;2.1;6.0;8.3;22.0;31.0;17.23;710.6;0.0;64.0;;0.001;26.32;12.3;4.0
5618;1.02;2.0;7.5;9.7;21.0;63.0;13.35;709.9;0.0;67.0;5.5;0.001;25.6;5.5;94.0
5619;0.83;2.1;8.0;10.3;20.0;38.0;14.94;709.2;0.0;68.0;5.4;0.001;25.35;5.4;23.0
5620;0.9;2.1;11.6;13.9;15.0;43.0;16.28;709.2;0.0;68.0;5.5;0.001;25.47;6.6;356.0
5621;0.89;2.4;12.6;15.2;10.0;39.0;16.66;709.3;0.0;68.0;5.4;0.001;25.43;5.5;349.0
5622;0.93;3.6;14.6;18.5;8.0;42.0;19.49;709.4;0.0;69.0;5.4;0.001;25.23;6.1;355.0
5623;1.08;6.7;17.4;24.4;5.0;40.0;17.19;709.7;0.0;68.0;5.6;0.011;25.33;6.5;9.0
5624;1.19;9.5;17.2;27.1;7.0;43.0;18.66;710.0;0.0;68.0;5.6;0.071;25.44;6.6;19.0
5625;1.2;11.3;16.2;27.8;11.0;62.0;18.49;710.1;0.0;66.0;5.5;0.218;26.04;6.3;356.0
5626;1.11;9.1;14.3;23.7;18.0;53.0;21.15;710.2;0.0;61.0;5.5;0.407;27.69;5.6;44.0
5627;1.04;8.0;15.7;24.0;23.0;62.0;22.54;710.4;0.0;58.0;5.6;0.381;28.23;8.2;43.0
5628;0.96;4.2;12.2;16.6;41.0;68.0;24.39;710.0;0.0;52.0;5.6;0.426;29.36;8.2;31.0
5629;0.97;4.0;11.8;16.0;50.0;63.0;21.57;709.5;0.0;48.0;5.7;0.604;30.56;10.6;23.0
5630;0.91;3.7;10.5;14.5;50.0;57.0;21.56;709.1;0.0;45.0;5.7;0.614;31.24;12.0;38.0
5631;0.86;2.8;7.2;10.2;49.0;51.0;20.81;708.5;0.0;42.0;5.8;0.408;31.68;13.4;72.0
5632;0.87;3.1;8.5;11.8;42.0;49.0;25.1;708.0;0.0;42.0;5.9;0.307;31.75;13.5;74.0
5633;0.85;3.2;7.3;10.8;32.0;47.0;18.91;707.9;0.0;40.0;6.1;0.295;31.93;13.4;82.0
5634;0.87;3.3;8.3;11.8;30.0;47.0;16.82;707.8;0.0;38.0;5.9;0.17;32.27;9.9;88.0
5635;0.87;2.6;9.3;12.2;27.0;36.0;17.96;707.8;0.0;38.0;5.8;0.043;31.82;10.2;97.0
5636;0.84;2.6;10.1;12.9;24.0;41.0;17.96;708.4;0.0;38.0;5.9;0.002;31.41;11.2;78.0
5637;0.84;2.3;12.5;15.0;20.0;32.0;17.5;708.9;0.0;40.0;5.7;0.001;31.11;10.6;74.0
5638;0.87;2.2;13.9;16.3;17.0;36.0;17.89;709.5;0.0;43.0;5.7;0.001;30.62;10.4;77.0
5639;0.79;2.1;5.5;7.8;25.0;44.0;16.02;709.9;0.0;45.0;5.6;0.001;29.87;12.1;81.0
5640;0.77;2.0;3.6;5.8;25.0;38.0;16.42;710.0;0.0;49.0;5.6;0.001;29.03;10.4;100.0
5641;0.76;2.0;3.2;5.4;25.0;35.0;16.59;710.0;0.0;55.0;5.5;0.001;27.71;11.3;64.0
5642;0.76;;3.1;5.3;24.0;33.0;13.86;709.8;0.0;59.0;5.6;0.001;26.79;11.3;56.0
5643;0.78;;2.7;4.9;23.0;32.0;14.66;709.7;0.0;64.0;5.5;0.001;26.06;9.1;51.0
5644;0.79;2.1;5.2;7.6;18.0;28.0;17.24;709.6;0.0;67.0;5.5;0.001;25.59;7.6;44.0
5645;0.83;4.5;12.4;17.1;10.0;33.0;20.01;709.7;0.0;70.0;5.4;0.001;25.12;5.7;57.0
5646;0.94;3.7;17.4;21.3;5.0;29.0;18.07;710.0;0.0;73.0;5.4;0.001;24.85;3.0;12.0
5647;1.34;6.8;17.5;24.6;5.0;53.0;19.23;710.4;0.0;74.0;5.5;0.024;24.87;2.9;9.0
5648;1.23;10.0;15.5;25.7;8.0;61.0;20.42;710.8;0.0;71.0;5.6;0.142;25.79;4.1;9.0
5649;1.01;7.2;12.4;19.8;16.0;39.0;20.34;711.0;0.0;65.0;5.5;0.266;26.79;7.2;2.0
5650;1.21;5.9;10.9;17.1;24.0;44.0;21.76;711.1;0.0;61.0;5.6;0.413;27.84;5.5;353.0
5651;1.06;4.8;10.9;15.9;35.0;69.0;23.0;711.2;0.0;55.0;5.5;0.536;29.45;6.4;26.0
5652;1.05;3.5;11.0;14.8;48.0;57.0;23.89;710.9;0.0;51.0;5.5;0.471;30.27;7.0;23.0
5653;0.97;3.2;10.9;14.4;64.0;66.0;24.75;710.4;0.0;44.0;5.7;0.764;31.8;8.1;74.0
5654;0.99;2.5;9.9;12.6;68.0;66.0;24.32;709.9;0.0;43.0;6.0;0.383;31.79;9.7;117.0
5655;0.94;2.4;7.9;10.5;71.0;59.0;27.87;709.5;0.0;41.0;6.2;0.508;32.55;7.8;128.0
5656;0.85;2.4;6.4;9.0;63.0;58.0;30.35;708.9;0.0;36.0;6.4;0.582;33.62;8.9;107.0
5657;0.87;;7.1;9.7;58.0;61.0;27.24;708.5;0.0;36.0;6.1;0.292;33.51;8.9;126.0
5658;0.94;2.7;10.1;13.1;37.0;48.0;25.4;708.7;0.0;44.0;5.7;0.079;31.18;9.3;113.0
5659;1.08;3.0;15.6;18.8;22.0;55.0;23.14;709.2;0.0;60.0;5.5;0.021;27.79;11.5;324.0
5660;1.0;2.4;12.8;15.4;21.0;54.0;18.77;709.6;0.0;58.0;5.4;0.001;27.53;6.0;271.0
5661;1.23;4.4;24.3;28.9;7.0;41.0;19.76;710.1;0.0;61.0;5.5;0.001;27.64;5.5;325.0
5662;1.07;2.7;15.9;18.8;18.0;39.0;18.87;710.9;0.0;59.0;5.5;0.001;27.78;5.7;34.0
5663;0.95;2.5;19.3;22.0;14.0;32.0;18.31;711.2;0.0;57.0;;0.001;28.04;6.3;31.0
5664;0.95;2.1;13.1;15.5;17.0;46.0;16.4;711.4;0.0;60.0;5.4;0.001;27.59;5.7;99.0
5665;0.98;2.1;12.0;14.3;14.0;38.0;16.31;710.9;0.0;63.0;5.5;0.001;27.02;4.5;66.0
5666;0.83;2.0;5.3;7.6;16.0;32.0;16.48;710.6;0.0;55.0;5.4;0.001;27.0;9.4;60.0
5667;0.78;2.0;3.5;5.7;17.0;28.0;14.62;710.6;0.0;57.0;5.5;0.001;26.46;7.6;52.0
5668;0.8;;4.4;6.7;14.0;28.0;13.91;710.7;0.0;64.0;5.5;0.001;25.67;6.5;57.0
5669;0.88;3.0;8.7;11.9;8.0;29.0;16.65;711.0;0.0;68.0;;0.001;25.15;5.7;46.0
5670;0.9;4.0;10.4;14.6;5.0;36.0;16.77;711.3;0.0;73.0;5.4;0.001;24.65;5.6;55.0
5671;1.02;9.4;13.2;22.9;3.0;36.0;18.11;711.6;0.0;76.0;5.5;0.022;24.31;3.5;50.0
5672;1.12;16.7;13.9;30.9;5.0;33.0;22.66;712.0;0.0;73.0;5.5;0.123;25.04;4.2;5.0
5673;1.26;12.1;14.6;27.1;11.0;59.0;25.28;712.2;0.0;65.0;5.6;0.336;26.99;5.0;334.0
5674;1.19;9.1;15.2;24.6;19.0;47.0;22.77;712.4;0.0;58.0;5.5;0.44;28.16;7.3;352.0
5675;1.12;6.5;15.4;22.1;27.0;54.0;23.62;712.5;0.0;55.0;5.7;0.401;28.88;6.1;337.0
5676;1.16;5.1;14.9;20.2;38.0;62.0;25.76;712.5;0.0;50.0;6.0;0.451;29.92;6.7;19.0
5677;1.06;4.3;14.5;19.0;57.0;66.0;32.82;711.7;0.0;44.0;7.8;0.622;31.36;7.4;83.0
5678;0.92;2.8;8.8;11.9;62.0;90.0;24.75;711.1;0.0;39.0;6.4;0.76;32.77;10.7;82.0
5679;0.9;4.2;10.9;15.3;45.0;61.0;26.66;710.5;0.0;39.0;6.8;0.577;32.56;14.0;51.0
5680;0.93;4.3;11.4;15.9;35.0;83.0;27.99;710.2;0.0;41.0;7.2;0.367;32.02;15.6;57.0
5681;0.94;4.5;11.7;16.4;25.0;76.0;24.74;710.3;0.0;45.0;7.3;0.158;30.78;16.1;63.0
5682;0.95;3.1;10.1;13.5;25.0;70.0;19.05;710.8;0.0;48.0;5.7;0.044;29.83;16.1;81.0
5683;0.92;2.5;6.7;9.4;28.0;41.0;16.0;711.8;0.0;73.0;5.5;0.005;24.1;11.3;81.0
5684;1.08;2.8;14.2;17.2;16.0;44.0;18.28;712.1;0.0;80.0;5.5;0.001;23.59;4.6;76.0
5685;1.06;2.7;14.6;17.5;13.0;18.0;;712.5;0.0;79.0;;0.001;23.89;3.3;334.0
5686;1.06;2.6;15.0;17.8;11.0;30.0;17.77;712.7;0.0;78.0;5.4;0.001;24.13;3.3;291.0
5687;1.03;2.8;20.0;23.0;7.0;25.0;19.88;712.6;0.0;75.0;5.5;0.001;24.47;2.4;211.0
5688;1.05;2.7;17.4;20.4;8.0;31.0;20.53;712.4;0.0;73.0;5.4;0.001;24.76;3.9;81.0
5689;0.95;2.3;8.8;11.3;17.0;42.0;17.38;712.4;0.0;76.0;5.4;0.001;24.45;9.7;59.0
5690;0.88;2.2;5.7;8.1;17.0;30.0;18.6;712.1;0.0;79.0;5.3;0.001;23.76;6.9;49.0
5691;0.87;2.1;5.3;7.7;17.0;27.0;17.03;711.8;0.0;78.0;5.4;0.001;23.85;6.3;80.0
5692;0.88;2.2;5.3;7.8;13.0;32.0;17.77;711.4;0.0;80.0;5.4;0.001;23.29;2.9;64.0
5693;0.93;2.4;7.6;10.2;11.0;39.0;18.83;711.5;0.0;83.0;;0.001;23.29;4.3;66.0
5694;0.99;3.5;11.0;14.7;7.0;23.0;18.68;711.5;0.0;84.0;5.5;0.001;23.36;4.3;64.0
5695;1.08;9.0;13.3;22.5;2.0;44.0;14.71;711.9;0.0;84.0;5.4;0.002;23.59;6.6;64.0
5696;1.18;14.1;13.6;28.0;3.0;26.0;16.9;712.1;0.0;85.0;5.5;0.015;23.42;7.1;39.0
5697;1.25;18.1;14.7;33.0;3.0;25.0;15.14;712.4;0.0;85.0;5.5;0.063;23.26;7.3;6.0
5698;1.19;14.9;14.3;29.5;8.0;39.0;18.29;712.4;0.0;83.0;5.6;0.238;24.22;5.5;3.0
5699;1.2;14.6;16.1;31.0;10.0;46.0;21.39;712.3;0.0;76.0;5.9;0.245;25.65;4.5;26.0
5700;1.19;9.7;17.1;27.2;23.0;70.0;31.5;712.1;0.0;65.0;6.4;0.489;27.7;5.1;72.0
5701;1.22;7.7;17.8;25.8;43.0;68.0;31.48;711.6;0.0;57.0;5.8;0.871;29.62;6.7;79.0
5702;1.08;3.6;10.3;14.2;59.0;76.0;26.47;710.9;0.0;52.0;5.5;0.622;30.11;9.2;78.0
5703;0.97;3.1;7.7;11.0;44.0;53.0;23.16;710.5;0.0;53.0;5.5;0.294;29.71;10.7;105.0
5704;0.96;3.6;8.9;12.7;32.0;35.0;28.18;710.0;0.0;53.0;6.4;0.156;29.01;8.6;110.0
5705;1.09;4.8;14.1;19.2;20.0;68.0;19.39;710.4;0.0;62.0;5.6;0.035;27.38;11.7;41.0
5706;1.09;3.6;12.5;16.3;21.0;46.0;15.58;711.0;0.0;83.0;5.5;0.014;22.79;6.2;307.0
5707;1.26;7.6;21.2;29.1;9.0;25.0;15.61;710.7;0.0;84.0;5.5;0.022;23.07;2.9;3.0
5708;1.55;10.9;26.6;37.7;2.0;43.0;16.0;710.8;0.0;84.0;;0.001;23.52;3.0;121.0
5709;1.47;7.4;21.9;29.5;3.0;32.0;16.82;711.0;0.0;82.0;;0.001;24.16;3.0;22.0
5710;1.43;19.1;24.9;44.2;2.0;23.0;21.52;711.4;0.0;79.0;5.6;0.001;24.5;4.2;21.0
5711;1.17;5.4;21.3;26.8;5.0;52.0;20.14;711.6;0.0;79.0;5.5;0.001;24.38;5.3;53.0
5712;1.05;4.7;17.2;22.2;6.0;30.0;15.93;711.7;0.0;80.0;5.4;0.001;24.05;2.6;326.0
5713;1.12;5.2;21.3;26.7;2.0;39.0;16.64;711.6;0.0;81.0;5.5;0.001;24.15;2.4;341.0
5714;1.26;7.3;22.4;30.0;2.0;37.0;17.71;711.1;0.0;80.0;5.5;0.001;24.25;3.4;16.0
5715;1.27;7.9;21.0;29.2;2.0;61.0;19.02;710.6;0.0;81.0;5.4;0.001;24.08;3.5;7.0
5716;1.1;3.5;14.5;18.2;6.0;46.0;16.18;710.3;0.0;81.0;5.4;0.001;23.68;4.4;36.0
5717;1.0;3.0;11.1;14.4;7.0;33.0;17.45;710.3;0.0;81.0;5.5;0.001;23.46;6.1;68.0
5718;1.04;4.9;14.9;20.0;3.0;54.0;20.48;710.4;0.0;83.0;5.5;0.001;23.02;4.7;57.0
5719;1.15;15.5;15.8;31.6;2.0;41.0;19.89;710.6;0.0;84.0;5.6;0.021;22.87;3.2;19.0
5720;1.3;27.3;17.2;44.8;4.0;52.0;29.0;710.7;0.0;83.0;5.6;0.137;23.68;3.6;
5721;1.19;16.0;16.5;32.8;12.0;80.0;28.73;710.4;0.0;74.0;5.5;0.374;25.69;4.9;14.0
5722;1.26;9.8;16.2;26.3;23.0;52.0;28.47;710.3;0.0;63.0;5.8;0.498;27.19;6.0;19.0
5723;1.31;7.6;16.0;23.9;36.0;64.0;29.68;710.2;0.0;59.0;6.0;0.693;28.38;7.1;18.0
5724;1.34;7.7;21.2;29.2;43.0;75.0;37.53;709.9;0.0;55.0;6.5;0.683;29.35;7.0;17.0
5725;1.22;5.0;17.2;22.4;70.0;98.0;30.2;709.4;0.0;51.0;5.6;0.772;30.41;8.6;53.0
5726;1.13;3.8;13.7;17.7;76.0;75.0;27.56;708.7;0.0;47.0;5.5;0.891;31.41;10.4;58.0
5727;1.0;3.2;8.3;11.8;53.0;60.0;24.11;708.0;0.0;42.0;5.5;0.719;32.34;13.9;70.0
5728;0.94;3.0;7.4;10.6;43.0;43.0;21.18;707.5;0.0;41.0;;0.538;32.25;14.7;90.0
5729;0.91;2.6;8.1;10.9;40.0;34.0;18.79;707.3;0.0;43.0;;0.17;31.58;12.1;115.0
5730;0.92;2.7;9.2;12.1;35.0;33.0;15.43;707.5;0.0;51.0;;0.089;28.89;15.9;121.0
5731;0.94;2.5;10.8;13.5;31.0;39.0;15.01;707.4;0.0;50.0;5.4;0.03;28.37;9.1;101.0
5732;0.96;2.5;13.5;16.2;28.0;28.0;16.01;707.7;0.0;44.0;5.4;0.001;29.26;7.7;100.0
5733;0.97;;13.9;16.5;26.0;24.0;16.44;708.0;0.0;46.0;5.5;0.001;29.17;10.7;103.0
5734;0.88;2.4;7.2;9.8;25.0;29.0;13.48;708.7;0.0;53.0;5.4;0.001;28.2;13.2;109.0
5735;0.88;2.2;5.8;8.3;22.0;25.0;11.17;708.9;0.0;58.0;5.4;0.001;27.29;10.9;97.0
5736;0.89;2.3;5.7;8.2;19.0;23.0;13.12;708.9;0.0;61.0;;0.001;26.72;6.6;93.0
5737;0.9;2.3;5.1;7.6;19.0;23.0;11.19;708.8;0.0;63.0;5.5;0.001;26.16;7.1;102.0
5738;0.92;;7.2;9.7;16.0;29.0;11.59;708.6;0.0;66.0;5.5;0.001;25.47;6.4;48.0
5739;0.89;;5.3;7.8;16.0;31.0;11.18;708.3;0.0;70.0;5.4;0.001;24.76;6.1;44.0
5740;0.88;2.5;5.6;8.3;14.0;22.0;10.5;708.3;0.0;73.0;5.4;0.001;24.16;4.2;38.0
5741;0.93;3.1;11.9;15.3;7.0;19.0;11.86;708.3;0.0;76.0;5.5;0.001;23.73;3.3;41.0
5742;1.01;3.1;13.2;16.5;5.0;40.0;13.62;708.3;0.0;77.0;5.4;0.001;23.41;2.2;68.0
5743;1.01;7.3;15.3;22.8;3.0;33.0;14.63;708.5;0.0;78.0;5.5;0.025;23.55;1.9;318.0
5744;1.08;10.1;13.2;23.6;8.0;39.0;16.95;708.6;0.0;73.0;5.4;0.154;25.05;3.3;7.0
5745;1.17;8.5;12.1;20.8;17.0;31.0;17.06;708.7;0.0;68.0;5.6;0.364;26.14;5.6;12.0
5746;1.37;12.9;20.2;33.4;21.0;42.0;23.19;708.9;0.0;63.0;5.5;0.509;27.51;6.1;14.0
5747;;;;;;;;;;;;;;;
5748;1.21;4.5;13.5;18.2;54.0;68.0;24.86;708.7;0.0;54.0;5.4;0.83;29.71;9.6;65.0
5749;1.04;4.1;10.3;14.6;52.0;54.0;20.8;708.4;0.0;50.0;5.5;0.911;30.8;11.9;53.0
5750;1.07;3.6;8.6;12.4;49.0;42.0;24.54;707.9;0.0;46.0;5.5;0.547;31.29;14.4;57.0
5751;1.25;3.3;6.5;10.0;35.0;47.0;17.43;707.5;0.0;46.0;5.6;0.304;31.08;14.7;66.0
5752;1.1;3.0;4.6;7.8;36.0;38.0;19.74;706.9;0.0;41.0;5.6;0.532;32.47;11.0;68.0
5753;1.09;2.7;4.6;7.6;34.0;28.0;14.95;706.7;0.0;41.0;5.7;0.207;32.09;13.3;92.0
5754;0.89;2.5;4.3;7.0;31.0;35.0;11.71;706.9;0.0;52.0;5.6;0.098;28.82;10.2;154.0
5755;0.95;2.3;5.5;8.1;29.0;29.0;11.69;706.9;0.0;54.0;5.4;0.04;28.78;11.3;120.0
5756;1.01;2.3;7.1;9.6;26.0;27.0;16.61;707.0;0.0;51.0;5.6;0.001;28.51;6.0;106.0
5757;1.0;2.4;8.2;10.8;18.0;23.0;13.88;707.1;0.0;51.0;5.5;0.001;28.81;2.5;144.0
5758;1.05;2.5;11.1;13.8;18.0;35.0;14.95;707.5;0.0;52.0;5.5;0.001;28.62;6.7;103.0
5759;0.93;2.2;4.7;7.1;24.0;31.0;13.39;707.6;0.0;53.0;;0.001;28.32;9.5;93.0
5760;0.98;2.2;6.4;8.8;18.0;27.0;13.86;708.0;0.0;58.0;;0.001;27.54;5.9;58.0
5761;0.9;;3.6;6.0;18.0;30.0;12.86;708.2;0.0;63.0;5.4;0.001;26.66;8.3;52.0
5762;0.88;2.1;3.6;5.9;16.0;29.0;14.76;708.3;0.0;66.0;5.5;0.001;26.05;8.1;37.0
5763;0.92;2.5;6.7;9.4;12.0;27.0;14.24;708.3;0.0;69.0;5.5;0.001;25.45;6.5;41.0
5764;0.96;4.3;12.6;17.1;5.0;28.0;16.67;708.5;0.0;72.0;5.4;0.001;24.93;4.7;16.0
5765;0.97;3.1;10.1;13.4;7.0;50.0;18.45;708.6;0.0;74.0;5.5;0.001;24.56;4.3;25.0
5766;1.02;4.4;11.4;16.0;5.0;32.0;14.35;708.8;0.0;75.0;5.4;0.001;24.37;3.4;17.0
5767;1.15;8.0;13.3;21.4;4.0;32.0;14.9;709.2;0.0;75.0;5.5;0.017;24.32;4.5;41.0
5768;1.26;14.2;15.0;29.4;4.0;45.0;18.48;709.7;0.0;75.0;5.5;0.062;24.71;2.9;26.0
5769;1.3;19.3;16.4;36.0;5.0;63.0;24.61;709.9;0.0;74.0;5.6;0.157;25.44;3.2;41.0
5770;1.29;13.7;15.6;29.6;16.0;52.0;26.73;710.0;0.0;65.0;5.5;0.529;27.95;4.3;33.0
5771;1.31;10.1;16.4;26.8;31.0;65.0;26.12;709.9;0.0;56.0;5.5;0.713;29.53;5.5;10.0
5772;1.4;7.1;21.9;29.2;54.0;59.0;32.12;709.8;0.0;51.0;;0.806;30.89;8.7;58.0
5773;1.15;3.8;13.2;17.2;63.0;87.0;24.34;709.4;0.0;49.0;;0.83;31.4;10.9;58.0
5774;1.05;3.1;8.1;11.5;52.0;65.0;22.94;708.9;0.0;45.0;;0.556;32.11;13.0;62.0
5775;0.98;3.0;6.6;9.8;39.0;52.0;21.03;708.4;0.0;41.0;5.8;0.228;32.64;9.4;82.0
5776;0.98;3.3;6.6;10.1;37.0;38.0;17.02;707.7;0.0;39.0;5.9;0.431;33.44;11.7;94.0
5777;0.98;3.2;6.1;9.6;36.0;32.0;18.15;707.7;0.0;41.0;5.8;0.408;32.99;15.2;121.0
5778;1.0;2.9;7.5;10.6;34.0;39.0;18.96;707.9;0.0;40.0;5.6;0.111;32.15;12.3;130.0
5779;0.96;2.5;6.8;9.5;33.0;32.0;18.97;708.2;0.0;49.0;5.7;0.026;29.35;15.2;123.0
5780;0.95;2.4;6.8;9.4;32.0;33.0;12.81;708.5;0.0;49.0;5.6;0.001;28.45;9.4;129.0
5781;0.96;2.2;8.0;10.4;29.0;27.0;17.12;708.9;0.0;47.0;5.6;0.001;28.98;8.5;107.0
5782;1.05;2.6;12.8;15.6;20.0;25.0;17.47;709.4;0.0;50.0;5.5;0.001;28.63;3.6;4.0
5783;1.01;2.4;9.5;12.1;22.0;32.0;16.16;709.7;0.0;51.0;5.6;0.001;28.51;4.7;67.0
5784;0.95;2.2;7.5;10.0;23.0;36.0;18.41;709.8;0.0;54.0;5.6;0.001;27.99;6.0;49.0
5785;0.95;2.3;6.9;9.3;19.0;31.0;26.56;709.7;0.0;61.0;5.5;0.0;27.06;8.8;48.0
5786;0.92;2.3;4.6;7.1;18.0;49.0;26.2;709.7;0.0;67.0;5.5;0.001;26.15;8.5;52.0
5787;0.91;2.2;4.1;6.5;17.0;40.0;22.6;709.8;0.0;70.0;;0.001;25.34;7.1;51.0
5788;0.92;2.2;5.8;8.2;14.0;40.0;22.49;709.9;0.0;74.0;;0.0;24.9;5.2;14.0
5789;0.94;2.5;8.6;11.3;11.0;39.0;22.9;709.9;0.0;76.0;5.4;0.001;24.53;5.2;35.0
5790;1.05;4.3;14.2;18.8;5.0;38.0;25.78;710.1;0.0;78.0;5.5;0.001;24.43;4.6;44.0
5791;1.21;8.9;16.2;25.4;3.0;44.0;27.62;710.4;0.0;78.0;5.5;0.009;24.38;6.6;59.0
5792;1.36;14.5;15.8;30.6;6.0;42.0;27.04;710.6;0.0;77.0;5.6;0.137;24.79;6.2;57.0
5793;1.26;10.2;15.2;25.7;11.0;65.0;29.06;710.8;0.0;72.0;5.5;0.192;25.48;8.0;47.0
5794;1.26;10.7;15.7;26.7;18.0;68.0;33.38;711.2;0.0;67.0;5.5;0.39;26.47;8.4;27.0
5795;1.24;6.0;15.6;21.8;28.0;70.0;33.53;711.4;0.0;63.0;;0.271;27.05;8.1;21.0
5796;1.21;5.8;15.9;21.9;45.0;76.0;36.28;711.2;0.0;57.0;5.4;0.646;28.52;10.4;43.0
5797;1.09;3.7;9.9;13.8;52.0;67.0;31.68;710.7;0.0;53.0;5.4;0.806;29.76;12.0;56.0
5798;1.04;3.0;7.3;10.5;43.0;58.0;26.14;710.2;0.0;48.0;5.5;0.447;30.52;12.8;73.0
5799;1.02;3.0;8.5;11.8;38.0;44.0;23.63;709.8;0.0;44.0;5.5;0.253;31.21;11.5;68.0
5800;1.05;3.4;7.6;11.3;37.0;40.0;23.99;709.6;0.0;43.0;5.6;0.305;31.48;12.1;79.0
5801;1.02;3.3;6.6;10.2;36.0;42.0;23.16;709.3;0.0;42.0;5.7;0.173;31.68;8.8;119.0
5802;1.13;5.4;10.1;15.6;29.0;34.0;21.16;709.6;0.0;51.0;5.6;0.05;29.61;9.2;177.0
5803;1.18;3.0;14.4;17.7;21.0;38.0;15.46;709.9;0.0;57.0;5.6;0.018;27.13;6.7;131.0
5804;1.15;3.3;13.8;17.3;18.0;40.0;18.77;710.3;0.0;57.0;5.5;0.001;27.58;11.0;351.0
5805;1.07;2.5;7.0;9.7;23.0;43.0;16.89;711.6;0.0;68.0;5.5;0.001;25.51;18.3;4.0
5806;0.97;2.7;7.0;9.9;22.0;86.0;14.81;712.3;0.0;75.0;;0.001;23.95;14.0;44.0
5807;0.97;2.2;5.1;7.5;23.0;35.0;13.56;712.9;0.0;83.0;5.6;0.001;22.25;9.2;78.0
5808;0.97;2.2;5.3;7.7;21.0;36.0;11.6;713.1;0.0;85.0;5.5;0.001;22.03;4.6;96.0
5809;0.95;2.1;3.5;5.9;24.0;15.0;10.11;713.1;0.0;86.0;5.5;0.001;21.63;6.4;73.0
5810;0.91;2.1;2.9;5.2;23.0;31.0;9.79;712.8;0.0;86.0;;0.001;21.34;6.9;79.0
5811;0.92;2.1;2.6;4.9;24.0;7.0;;712.4;0.0;86.0;5.4;0.001;21.46;6.1;58.0
5812;0.91;2.1;2.8;5.1;21.0;21.0;11.77;711.9;0.0;84.0;5.5;0.001;21.98;4.5;42.0
5813;0.94;2.1;3.7;6.1;20.0;19.0;8.72;711.8;0.0;81.0;5.4;0.001;22.12;5.1;78.0
5814;1.04;6.0;14.0;20.2;7.0;17.0;13.88;711.8;0.0;82.0;5.5;0.001;22.12;4.6;23.0
5815;1.28;10.2;18.4;28.9;5.0;22.0;13.57;711.8;0.0;82.0;5.5;0.018;22.09;5.3;37.0
5816;1.34;12.2;16.9;29.3;9.0;31.0;13.44;712.1;0.0;77.0;;0.144;23.34;4.5;31.0
5817;1.36;12.0;16.8;29.1;11.0;31.0;15.13;712.3;0.0;69.0;5.6;0.196;24.52;5.5;47.0
5818;1.24;11.9;16.1;28.3;11.0;43.0;14.47;712.4;0.0;68.0;5.6;0.168;24.74;5.6;26.0
5819;1.18;11.1;13.9;25.1;14.0;42.0;17.2;712.7;0.0;68.0;5.5;0.268;24.87;9.7;35.0
5820;1.22;11.1;13.3;24.7;15.0;36.0;17.14;712.7;0.0;67.0;5.6;0.327;25.49;9.8;46.0
5821;;;;;;;;;;;;;;;
5822;0.89;4.3;7.1;11.6;21.0;34.0;17.99;;0.0;48.0;4.5;0.474;22.01;8.7;45.0
5823;1.09;4.5;9.5;14.2;27.0;42.0;;711.2;0.0;60.0;5.5;0.263;27.53;13.5;51.0
5824;1.05;4.2;8.5;13.0;28.0;39.0;;710.7;0.0;55.0;5.5;0.439;28.49;12.9;64.0
5825;1.06;3.8;7.3;11.4;27.0;32.0;;710.3;0.0;52.0;;0.311;29.18;13.1;66.0
5826;1.05;3.6;8.1;12.0;25.0;34.0;16.38;710.1;0.0;50.0;;0.138;29.73;9.0;102.0
5827;1.08;2.8;9.3;12.3;22.0;35.0;17.57;710.1;0.0;54.0;;0.028;28.92;8.3;114.0
5828;1.07;2.4;12.1;14.7;18.0;33.0;13.98;710.6;0.0;55.0;;0.001;27.82;11.3;88.0
5829;1.03;2.4;9.7;12.2;19.0;33.0;12.05;711.4;0.0;59.0;5.6;0.001;26.46;8.2;73.0
5830;0.97;2.1;4.8;7.1;20.0;25.0;12.01;711.9;0.0;68.0;5.4;0.0;25.35;11.8;107.0
5831;0.95;2.1;3.5;5.8;18.0;23.0;10.2;711.9;0.0;79.0;5.5;0.001;23.31;11.2;111.0
5832;;;;;;;;;;;;;;;
5833;1.05;2.2;10.3;12.7;10.0;17.0;16.03;712.0;0.0;85.0;5.4;0.001;22.88;6.5;59.0
5834;0.98;2.0;5.5;7.8;13.0;22.0;16.58;712.0;0.0;85.0;5.5;0.001;22.8;7.0;46.0
5835;0.94;2.0;2.4;4.7;16.0;24.0;16.09;711.9;0.0;85.0;5.5;0.001;22.27;7.8;91.0
5836;0.92;2.0;2.2;4.5;19.0;19.0;11.18;711.5;0.0;85.0;5.6;0.001;21.77;8.8;103.0
5837;0.97;2.1;4.3;6.6;16.0;15.0;9.3;711.3;0.0;83.0;5.5;0.001;22.09;5.6;75.0
5838;1.13;7.6;13.3;21.1;6.0;23.0;11.59;711.1;0.0;84.0;5.5;0.001;22.29;4.2;350.0
5839;1.49;28.6;18.6;47.4;2.0;25.0;16.68;711.7;0.0;84.0;5.7;0.011;22.25;5.6;14.0
5840;1.58;38.8;19.7;58.8;3.0;56.0;21.12;712.1;0.0;84.0;5.7;0.096;22.1;5.5;22.0
5841;1.61;39.3;23.4;63.0;5.0;50.0;24.81;712.5;0.0;80.0;5.8;0.181;23.02;4.4;359.0
5842;1.47;32.8;24.6;57.6;9.0;68.0;29.99;712.8;0.0;72.0;5.7;0.434;24.71;7.0;25.0
5843;1.36;18.8;24.5;43.5;19.0;70.0;31.02;712.7;0.0;65.0;5.7;0.505;25.99;7.2;10.0
5844;1.19;7.9;14.7;22.9;29.0;65.0;19.6;712.2;0.0;59.0;5.6;0.72;27.47;9.6;39.0
5845;1.06;4.3;6.6;11.2;28.0;54.0;12.77;711.6;0.0;57.0;5.6;0.658;28.11;13.4;53.0
5846;1.05;4.0;5.8;10.0;27.0;38.0;14.38;711.0;0.0;51.0;;0.755;29.06;14.3;70.0
5847;1.04;4.0;6.0;10.3;25.0;28.0;17.09;710.4;0.0;48.0;;0.584;29.71;14.1;77.0
5848;1.03;4.1;6.1;10.4;24.0;28.0;17.05;709.7;0.0;46.0;5.7;0.51;30.17;13.1;89.0
5849;1.03;3.7;6.5;10.4;25.0;28.0;13.85;709.3;0.0;44.0;5.6;0.31;30.44;11.7;112.0
5850;1.05;3.7;7.0;11.0;24.0;32.0;13.78;709.1;0.0;44.0;5.6;0.122;30.26;11.5;124.0
5851;1.01;2.5;7.2;9.9;25.0;26.0;13.6;709.0;0.0;46.0;5.7;0.033;29.68;9.1;118.0
5852;1.02;2.3;8.3;10.8;24.0;29.0;12.32;709.6;0.0;52.0;5.6;0.001;28.47;12.4;87.0
5853;0.97;2.1;5.9;8.2;24.0;31.0;11.55;710.2;0.0;54.0;5.5;0.001;27.89;11.3;127.0
5854;0.94;2.0;4.1;6.3;24.0;24.0;10.05;710.7;0.0;59.0;5.5;0.001;27.16;11.9;108.0
5855;0.95;2.0;3.1;5.3;25.0;23.0;11.8;710.9;0.0;64.0;5.6;0.001;26.15;11.8;110.0
5856;0.97;;3.6;5.8;23.0;23.0;10.08;711.1;0.0;69.0;5.4;0.001;25.72;9.9;91.0
5857;0.98;;3.5;5.8;20.0;23.0;14.56;710.9;0.0;76.0;5.5;0.001;24.78;9.7;74.0
5858;0.96;;2.6;4.8;21.0;26.0;12.5;710.9;0.0;78.0;5.5;0.001;24.29;10.5;60.0
5859;0.96;;3.2;5.4;18.0;24.0;16.0;710.8;0.0;79.0;;0.001;24.15;8.5;53.0
5860;0.97;;3.3;5.5;16.0;25.0;13.54;710.6;0.0;80.0;;0.001;23.91;7.7;51.0
5861;1.0;;5.2;7.5;13.0;26.0;13.27;710.6;0.0;81.0;5.4;0.001;23.68;6.6;44.0
5862;1.12;12.5;14.7;27.4;3.0;31.0;19.49;710.9;0.0;81.0;5.5;0.001;23.57;5.7;38.0
5863;1.3;20.6;16.0;36.9;2.0;39.0;18.28;711.1;0.0;82.0;5.6;0.025;23.3;5.2;34.0
5864;1.36;29.1;16.9;46.2;4.0;39.0;23.74;711.2;0.0;80.0;5.7;0.132;23.95;4.5;31.0
5865;1.37;18.0;15.9;34.2;10.0;61.0;22.43;711.4;0.0;72.0;5.7;0.377;25.47;6.6;11.0
5866;1.39;16.3;17.8;34.4;15.0;56.0;22.28;711.7;0.0;65.0;5.6;0.521;26.79;8.9;22.0
5867;1.22;9.8;14.2;24.3;27.0;61.0;24.39;711.8;0.0;61.0;5.6;0.558;27.55;10.5;54.0
5868;1.13;3.7;8.4;12.4;39.0;52.0;17.12;711.4;0.0;57.0;;0.618;28.33;11.7;56.0
5869;1.09;3.7;7.3;11.2;34.0;35.0;15.08;711.0;0.0;52.0;5.5;0.661;29.41;12.8;73.0
5870;1.09;3.8;7.8;11.8;32.0;30.0;14.55;710.7;0.0;49.0;5.5;0.592;30.08;13.9;73.0
5871;1.06;3.5;8.1;11.8;32.0;27.0;13.94;710.1;0.0;46.0;5.6;0.74;30.87;13.9;93.0
5872;1.09;3.8;7.5;11.6;33.0;25.0;13.88;709.6;0.0;41.0;5.6;0.601;31.68;13.8;76.0
5873;1.11;3.6;8.6;12.5;34.0;29.0;12.59;709.5;0.0;44.0;5.8;0.259;30.98;15.5;70.0
5874;1.12;3.5;9.7;13.5;32.0;29.0;13.4;709.5;0.0;45.0;5.8;0.163;30.79;14.3;75.0
5875;1.12;2.7;10.3;13.3;27.0;35.0;13.54;709.9;0.0;46.0;5.9;0.027;30.04;13.7;77.0
5876;1.11;3.3;12.9;16.3;20.0;33.0;16.87;710.6;0.0;52.0;5.9;0.001;28.94;14.8;73.0
5877;1.07;2.5;9.3;12.0;17.0;37.0;15.9;711.4;0.0;68.0;5.6;0.001;26.17;13.5;76.0
5878;1.07;2.3;6.7;9.1;18.0;32.0;10.97;712.2;0.0;78.0;5.5;0.001;24.34;10.8;88.0
5879;1.0;2.1;3.7;6.0;21.0;31.0;13.86;712.5;0.0;83.0;5.5;0.001;23.05;5.4;73.0
5880;1.06;2.2;6.8;9.3;17.0;19.0;12.81;712.6;0.0;84.0;5.6;0.001;23.22;5.7;63.0
5881;1.08;2.3;9.2;11.7;13.0;22.0;15.81;712.5;0.0;86.0;5.5;0.001;23.19;5.7;48.0
5882;1.07;2.1;7.0;9.3;13.0;38.0;15.29;711.9;0.0;87.0;5.5;0.001;23.17;5.2;26.0
5883;1.01;2.0;4.7;6.9;14.0;16.0;12.98;711.8;0.0;87.0;;0.001;23.11;7.5;53.0
5884;1.02;2.1;4.7;7.0;12.0;19.0;;711.7;0.0;87.0;;0.001;23.17;7.9;58.0
5885;1.03;2.2;6.3;8.7;9.0;30.0;13.84;711.9;0.0;86.0;;0.001;23.23;8.2;47.0
5886;1.06;2.9;8.7;11.9;6.0;26.0;15.02;712.1;0.0;86.0;;0.001;23.25;6.3;64.0
5887;1.18;8.1;11.3;19.7;3.0;23.0;14.53;712.3;0.0;86.0;5.6;0.008;23.2;5.3;46.0
5888;1.3;13.7;11.1;25.2;4.0;33.0;15.63;712.8;0.0;85.0;5.7;0.08;23.55;6.6;53.0
5889;1.25;9.7;9.5;19.5;8.0;50.0;17.59;713.2;0.0;83.0;5.6;0.207;24.19;8.1;54.0
5890;1.19;7.5;7.5;15.3;14.0;34.0;14.72;713.5;0.0;76.0;5.6;0.459;25.26;10.9;59.0
5891;1.09;4.6;5.3;10.1;22.0;35.0;10.41;713.4;0.0;66.0;;0.497;27.1;10.5;55.0
5892;1.11;3.7;5.2;9.2;25.0;32.0;13.84;712.9;0.0;60.0;5.5;0.594;27.92;11.5;59.0
5893;1.07;3.3;4.7;8.2;27.0;18.0;13.32;712.3;0.0;56.0;5.5;0.598;28.6;11.6;57.0
5894;1.09;3.6;5.6;9.4;26.0;22.0;16.13;711.6;0.0;53.0;5.6;0.501;29.21;13.1;70.0
5895;1.1;3.0;6.0;9.3;27.0;22.0;13.38;711.0;0.0;52.0;5.5;0.221;29.28;13.8;87.0
5896;1.04;2.8;5.1;8.2;22.0;30.0;13.77;711.3;0.0;71.0;5.5;0.084;25.4;17.8;114.0
5897;1.06;2.6;5.1;8.0;20.0;27.0;9.72;711.6;0.0;79.0;;0.097;23.15;8.9;101.0
5898;1.1;2.4;5.9;8.5;18.0;23.0;15.36;711.7;0.0;76.0;;0.035;23.81;5.9;94.0
5899;1.12;2.2;7.1;9.5;15.0;22.0;10.46;711.9;0.0;76.0;;0.008;23.75;3.7;96.0
5900;1.13;2.4;7.9;10.5;17.0;24.0;14.65;712.5;0.0;81.0;5.6;0.0;22.99;11.4;66.0
5901;1.15;2.3;9.6;12.1;15.0;19.0;18.76;712.9;0.0;84.0;5.4;0.0;22.28;8.7;58.0
5902;1.2;2.6;12.2;15.0;10.0;37.0;21.48;713.0;0.0;85.0;5.5;0.0;22.43;7.8;38.0
5903;1.15;2.4;10.3;12.9;12.0;21.0;20.55;712.9;0.0;86.0;5.6;0.0;22.29;9.3;44.0
5904;1.12;2.1;6.6;8.9;15.0;37.0;13.79;712.9;0.0;86.0;5.5;0.0;22.36;8.3;46.0
5905;1.09;2.1;6.2;8.5;14.0;30.0;13.45;712.5;0.0;86.0;5.6;0.0;22.17;6.2;38.0
5906;1.12;3.7;15.6;19.5;4.0;23.0;14.63;712.2;0.0;85.0;5.6;0.0;22.09;4.4;333.0
5907;1.08;2.6;11.2;14.0;8.0;35.0;14.14;712.0;0.0;84.0;5.5;0.0;22.14;4.9;16.0
5908;1.05;2.1;6.4;8.7;13.0;19.0;10.02;712.0;0.0;84.0;5.5;0.0;22.06;5.5;51.0
5909;1.06;2.1;6.6;8.8;12.0;26.0;9.7;712.0;0.0;84.0;5.4;0.0;21.92;5.0;10.0
5910;1.09;2.7;12.4;15.2;6.0;33.0;13.99;712.1;0.0;84.0;5.5;0.0;22.08;4.5;26.0
5911;1.14;3.3;10.5;14.0;7.0;29.0;13.95;712.3;0.0;84.0;5.6;0.012;22.16;5.1;46.0
5912;1.16;5.4;8.9;14.6;9.0;35.0;14.02;712.5;0.0;83.0;5.5;0.09;22.42;4.9;49.0
5913;1.13;5.1;6.2;11.6;12.0;33.0;14.4;712.7;0.0;79.0;5.5;0.208;23.35;6.6;36.0
5914;1.12;5.9;6.2;12.3;16.0;32.0;17.9;712.8;0.0;71.0;;0.509;24.86;9.1;43.0
5915;1.09;4.1;5.4;9.7;20.0;38.0;15.8;712.7;0.0;65.0;5.6;0.454;26.01;12.1;52.0
5916;1.12;4.0;6.0;10.3;21.0;35.0;16.59;712.4;0.0;64.0;5.5;0.413;26.32;11.6;59.0
5917;1.08;3.3;5.3;8.8;22.0;38.0;13.9;711.8;0.0;63.0;5.5;0.307;26.42;11.0;64.0
5918;1.11;3.6;5.3;9.2;25.0;39.0;17.05;711.0;0.0;61.0;;0.7;27.37;12.9;58.0
5919;1.07;3.2;5.0;8.4;23.0;31.0;17.05;710.6;0.0;61.0;;0.347;27.18;14.4;54.0
5920;1.1;3.3;6.5;10.0;20.0;33.0;17.98;710.3;0.0;66.0;5.6;0.132;26.06;12.6;68.0
5921;1.14;3.5;7.9;11.7;19.0;27.0;18.14;710.3;0.0;71.0;5.6;0.099;25.14;10.8;68.0
5922;1.09;2.4;5.7;8.3;19.0;38.0;12.18;710.7;0.0;78.0;5.5;0.036;22.84;10.4;92.0
5923;1.09;2.1;5.4;7.7;20.0;21.0;10.81;711.2;0.0;84.0;5.5;0.005;21.6;5.9;142.0
5924;1.1;2.1;6.7;9.0;18.0;26.0;10.76;711.2;0.0;86.0;;0.0;21.21;3.9;145.0
5925;1.11;2.2;7.7;10.1;17.0;23.0;12.47;711.5;0.0;87.0;5.6;0.0;21.37;7.3;79.0
5926;1.11;2.3;10.2;12.7;17.0;21.0;13.76;712.1;0.0;88.0;5.6;0.0;20.91;8.0;19.0
5927;1.44;2.7;12.4;15.3;15.0;25.0;12.12;712.2;0.0;89.0;5.5;0.0;20.42;5.1;34.0
5928;1.56;2.3;10.4;12.8;12.0;20.0;10.18;712.1;0.0;89.0;5.5;0.0;20.65;7.1;356.0
5929;1.22;2.1;8.5;10.8;13.0;15.0;12.05;712.0;0.0;89.0;;0.0;20.66;5.1;40.0
5930;1.09;2.0;6.6;8.8;17.0;17.0;9.84;711.7;0.0;89.0;;0.0;20.33;3.7;44.0
5931;1.08;2.0;4.4;6.6;19.0;17.0;11.06;711.6;0.0;89.0;;0.0;20.29;2.5;10.0
5932;1.06;;3.2;5.4;21.0;23.0;8.53;711.3;0.0;90.0;;0.0;20.25;4.8;30.0
5933;1.11;2.3;10.7;13.1;12.0;18.0;11.49;711.2;0.0;90.0;;0.0;20.26;4.5;309.0
5934;1.23;3.8;17.3;21.3;5.0;27.0;12.04;711.2;0.0;90.0;5.6;0.0;20.38;4.0;338.0
5935;1.43;11.8;21.3;33.3;3.0;25.0;13.48;711.5;0.0;90.0;5.6;0.004;20.37;5.0;342.0
5936;1.75;19.8;21.2;41.2;3.0;21.0;19.92;711.9;0.0;89.0;5.7;0.021;20.67;4.1;358.0
5937;1.58;24.7;19.7;44.7;4.0;35.0;20.45;712.2;0.0;89.0;5.7;0.101;21.27;5.3;3.0
5938;1.55;25.9;21.1;47.2;5.0;33.0;20.55;712.5;0.0;87.0;5.6;0.1;21.76;5.8;346.0
5939;1.55;25.8;20.7;46.5;8.0;43.0;20.64;712.5;0.0;83.0;5.7;0.225;22.79;5.7;11.0
5940;1.3;9.1;12.1;21.5;17.0;56.0;17.38;712.4;0.0;74.0;5.6;0.415;24.24;8.4;39.0
5941;1.23;6.1;9.9;16.3;21.0;44.0;15.74;712.1;0.0;70.0;5.6;0.344;24.75;9.9;46.0
5942;1.25;4.7;10.4;15.3;21.0;37.0;16.09;711.8;0.0;72.0;5.5;0.176;24.26;9.1;52.0
5943;1.33;6.7;17.1;23.9;15.0;39.0;19.54;711.5;0.0;78.0;5.6;0.074;23.36;7.6;55.0
5944;1.34;16.4;17.8;34.4;9.0;43.0;17.24;711.2;0.0;84.0;5.6;0.122;22.25;5.8;35.0
5945;1.28;4.8;13.7;18.7;11.0;32.0;15.13;711.4;0.0;85.0;5.5;0.021;21.63;7.0;65.0
5946;1.27;6.5;14.9;21.6;9.0;31.0;13.65;711.6;0.0;87.0;5.5;0.014;20.82;3.8;320.0
5947;1.35;10.5;21.6;32.4;3.0;8.0;;711.7;0.0;89.0;5.6;0.013;20.91;2.1;235.0
5948;1.37;7.5;20.3;28.1;3.0;31.0;12.83;712.1;0.0;89.0;5.5;0.0;21.05;3.6;140.0
5949;1.18;2.5;10.0;12.8;14.0;25.0;11.46;712.6;0.0;89.0;5.5;0.0;20.82;7.8;91.0
5950;1.11;2.0;6.1;8.4;17.0;22.0;9.74;713.0;0.0;89.0;5.6;0.0;20.62;5.4;105.0
5951;1.04;2.0;3.0;5.2;24.0;19.0;9.66;713.0;0.0;90.0;5.5;0.0;19.78;14.5;115.0
5952;1.02;;1.8;4.0;26.0;14.0;10.51;712.5;0.0;90.0;5.5;0.0;19.5;12.3;121.0
5953;1.11;;6.2;8.4;21.0;17.0;12.71;712.3;0.0;86.0;;0.0;20.26;8.9;359.0
5954;1.2;2.1;12.4;14.7;12.0;20.0;13.72;712.1;0.0;84.0;;0.0;20.54;3.7;2.0
5955;1.12;2.5;14.8;17.4;8.0;24.0;12.62;712.0;0.0;85.0;5.6;0.0;20.31;5.6;344.0
5956;1.12;2.2;12.9;15.3;8.0;23.0;17.74;712.2;0.0;86.0;5.6;0.0;20.22;5.3;
5957;1.08;2.2;11.4;13.7;8.0;35.0;21.05;712.3;0.0;86.0;5.5;0.0;20.2;3.1;42.0
5958;1.17;4.9;14.5;19.6;5.0;23.0;19.26;712.6;0.0;87.0;5.5;0.0;20.23;4.6;11.0
5959;1.36;14.4;18.3;33.0;2.0;35.0;15.83;712.8;0.0;87.0;5.6;0.003;20.26;3.8;40.0
5960;1.45;21.5;19.1;40.9;3.0;37.0;19.37;713.2;0.0;86.0;5.7;0.024;20.44;4.5;8.0
5961;1.72;22.0;18.6;40.8;6.0;37.0;18.46;713.7;0.0;83.0;5.7;0.162;21.29;3.9;18.0
5962;1.37;12.4;14.4;27.0;10.0;54.0;16.59;714.2;0.0;76.0;5.6;0.206;22.56;4.0;13.0
5963;1.6;25.2;21.4;46.8;12.0;40.0;26.21;714.4;0.0;70.0;5.8;0.213;23.86;5.2;67.0
5964;1.63;23.5;27.8;51.5;18.0;69.0;34.17;714.3;0.0;65.0;5.8;0.604;25.05;7.0;72.0
5965;1.61;12.7;33.7;46.6;24.0;75.0;39.0;714.0;0.0;64.0;;0.307;25.35;5.9;58.0
5966;1.54;6.9;31.8;38.9;35.0;85.0;36.32;713.5;0.0;62.0;;0.228;25.88;3.8;41.0
5967;1.44;5.5;26.8;32.5;33.0;67.0;30.65;713.1;0.0;61.0;;0.171;25.86;4.7;17.0
5968;1.42;4.7;21.6;26.5;41.0;66.0;25.22;712.8;0.0;59.0;5.7;0.215;26.46;4.4;31.0
5969;1.37;3.4;22.1;25.7;38.0;65.0;30.62;712.9;0.0;62.0;5.6;0.098;25.96;5.2;69.0
5970;1.52;3.5;22.3;26.0;24.0;70.0;26.78;713.1;0.0;69.0;5.6;0.036;24.92;5.8;103.0
5971;1.33;6.9;17.4;24.5;5.0;51.0;18.64;713.4;0.0;75.0;;0.006;24.03;6.8;59.0
5972;1.41;10.5;18.1;28.8;2.0;55.0;17.31;713.9;0.0;82.0;;0.0;22.73;5.9;85.0
5973;1.25;3.2;12.0;15.4;8.0;28.0;15.19;714.5;0.0;84.0;5.5;0.0;22.34;7.4;76.0
5974;1.16;2.3;7.8;10.3;14.0;25.0;11.19;714.8;0.0;84.0;5.5;0.0;21.93;7.5;87.0
5975;1.09;2.1;4.9;7.2;17.0;22.0;9.41;715.0;0.0;86.0;5.6;0.0;21.25;8.2;80.0
5976;1.06;2.0;3.7;6.0;19.0;19.0;10.28;714.7;0.0;87.0;5.5;0.0;20.71;5.2;96.0
5977;1.06;2.0;3.5;5.8;17.0;14.0;10.28;714.0;0.0;87.0;5.5;0.0;20.78;4.6;174.0
5978;1.09;2.1;6.2;8.4;10.0;16.0;9.12;713.6;0.0;86.0;;0.0;21.08;2.6;212.0
5979;1.13;2.1;8.0;10.3;9.0;18.0;11.67;713.6;0.0;86.0;;0.0;21.17;2.3;299.0
5980;1.16;2.3;9.6;12.1;5.0;28.0;16.55;713.3;0.0;86.0;5.6;0.0;21.07;1.9;301.0
5981;1.17;2.9;11.5;14.6;3.0;26.0;15.79;713.0;0.0;86.0;5.5;0.0;20.88;2.3;271.0
5982;1.3;12.5;11.4;24.1;2.0;22.0;14.02;713.2;0.0;87.0;5.6;0.0;20.72;1.8;245.0
5983;1.72;38.4;13.7;52.3;2.0;34.0;16.94;713.5;0.0;87.0;5.8;0.01;20.85;1.9;247.0
5984;1.68;36.2;15.1;51.6;3.0;39.0;23.55;713.8;0.0;86.0;5.7;0.061;21.49;3.2;240.0
5985;1.79;39.6;19.5;59.5;4.0;62.0;25.45;714.2;0.0;81.0;5.8;0.205;22.98;3.1;311.0
5986;1.53;25.0;17.6;42.8;9.0;65.0;23.34;714.3;0.0;65.0;5.6;0.446;26.21;3.5;14.0
5987;1.33;14.1;16.1;30.5;15.0;59.0;18.79;714.1;0.0;55.0;5.6;0.466;27.35;4.6;325.0
5988;1.24;6.6;10.4;17.3;29.0;38.0;18.44;713.7;0.0;48.0;5.7;0.797;28.42;5.9;334.0
5989;1.27;5.5;10.9;16.7;44.0;40.0;15.23;713.2;0.0;45.0;5.7;0.749;29.39;6.0;356.0
5990;1.21;4.5;10.8;15.5;46.0;36.0;18.74;712.7;0.0;43.0;5.6;0.803;30.13;6.5;48.0
5991;1.12;3.9;10.0;14.2;44.0;40.0;10.73;712.0;0.0;40.0;5.7;0.609;30.48;7.5;74.0
5992;1.17;3.5;13.0;16.7;41.0;41.0;17.09;711.4;0.0;47.0;5.7;0.159;29.28;10.1;63.0
5993;1.22;2.9;12.0;15.1;43.0;36.0;16.47;711.2;0.0;50.0;5.6;0.108;28.71;8.5;98.0
5994;1.38;3.5;20.3;23.9;31.0;42.0;13.91;711.2;0.0;58.0;5.7;0.034;27.22;5.4;260.0
5995;1.32;3.1;14.8;18.1;32.0;38.0;14.85;711.7;0.0;78.0;5.6;0.006;22.98;8.8;211.0
5996;1.33;4.0;16.7;20.9;20.0;40.0;16.21;712.0;0.0;82.0;5.5;0.0;22.47;4.2;219.0
5997;1.42;2.4;20.7;23.3;14.0;31.0;16.05;712.1;0.0;80.0;5.6;0.0;22.96;5.8;190.0
5998;1.37;2.2;17.2;19.6;12.0;36.0;19.15;712.4;0.0;77.0;5.6;0.0;23.07;3.6;210.0
5999;1.25;2.3;14.2;16.6;11.0;34.0;14.9;712.8;0.0;75.0;;0.0;22.95;2.7;232.0
6000;1.29;2.4;16.4;19.0;8.0;24.0;14.94;712.5;0.0;75.0;5.5;0.001;22.64;6.1;212.0
6001;1.17;2.1;11.0;13.3;16.0;36.0;15.33;711.7;0.0;71.0;5.5;0.0;23.22;8.2;215.0
6002;1.16;2.1;8.9;11.2;13.0;32.0;14.82;711.5;0.0;73.0;;0.0;22.4;3.0;210.0
6003;1.08;2.0;6.6;8.8;16.0;28.0;14.11;711.3;0.0;69.0;5.6;0.001;22.42;6.7;207.0
6004;1.08;2.1;9.3;11.6;13.0;33.0;15.37;711.0;0.0;66.0;5.6;0.0;22.49;7.3;232.0
6005;1.1;2.6;10.8;13.6;11.0;38.0;14.44;710.7;0.0;66.0;;0.0;22.01;6.0;224.0
6006;1.45;18.5;17.6;36.3;3.0;41.0;17.92;710.7;0.0;71.0;5.7;0.0;21.13;3.2;225.0
6007;1.73;34.1;19.6;54.0;3.0;57.0;20.6;710.9;0.0;66.0;5.8;0.016;21.16;5.9;207.0
6008;1.83;42.0;22.8;65.2;4.0;60.0;22.71;711.0;0.0;57.0;6.1;0.132;23.61;4.7;273.0
6009;1.37;17.7;19.8;37.8;11.0;71.0;17.74;711.2;0.0;46.0;6.4;0.332;25.5;7.5;211.0
6010;1.4;19.2;22.1;41.5;17.0;54.0;15.12;711.2;0.0;39.0;7.0;0.475;27.92;4.7;309.0
6011;1.29;9.5;18.9;28.6;31.0;51.0;21.2;711.1;0.0;37.0;6.6;0.413;29.88;3.5;8.0
6012;1.45;11.9;20.2;32.3;41.0;45.0;20.15;710.6;0.0;37.0;6.5;0.821;30.51;4.9;34.0
6013;1.22;3.8;17.5;21.5;44.0;62.0;19.21;709.9;0.0;33.0;6.6;0.89;31.1;7.7;59.0
6014;1.11;3.0;10.0;13.3;72.0;52.0;20.31;709.3;0.0;31.0;6.2;0.868;31.3;8.4;39.0
6015;1.15;2.8;10.6;13.7;80.0;49.0;25.94;708.5;0.0;31.0;6.1;0.775;31.84;8.5;63.0
6016;1.18;2.5;10.2;12.9;86.0;45.0;23.8;707.8;0.0;31.0;6.1;0.658;32.41;7.4;110.0
6017;1.21;2.5;12.0;14.7;81.0;41.0;22.62;707.4;0.0;32.0;6.0;0.36;31.98;9.5;82.0
6018;1.24;;13.0;15.6;73.0;44.0;20.57;707.4;0.0;35.0;5.9;0.124;31.17;11.0;81.0
6019;1.25;2.1;12.3;14.7;68.0;42.0;23.0;707.4;0.0;41.0;6.0;0.019;29.64;8.7;120.0
6020;1.26;2.0;12.6;14.8;63.0;40.0;26.03;707.3;0.0;44.0;6.1;0.0;28.47;8.1;119.0
6021;1.27;2.0;13.4;15.6;55.0;45.0;20.09;707.7;0.0;46.0;6.0;0.0;27.6;4.2;120.0
6022;1.25;2.1;12.3;14.6;46.0;47.0;23.13;708.1;0.0;48.0;5.9;0.0;27.07;4.0;61.0
6023;1.28;2.0;13.1;15.3;38.0;43.0;24.17;708.2;0.0;50.0;5.9;0.0;26.56;3.0;13.0
6024;1.26;2.1;11.2;13.5;35.0;45.0;22.26;707.8;0.0;52.0;5.8;0.0;26.13;3.4;207.0
6025;1.4;2.1;19.1;21.3;27.0;36.0;27.46;707.5;0.0;56.0;5.7;0.0;25.14;4.3;199.0
6026;1.24;2.0;12.4;14.6;33.0;45.0;23.16;707.4;0.0;56.0;5.9;0.0;24.74;3.6;209.0
6027;1.21;2.0;11.9;14.1;33.0;47.0;24.42;707.2;0.0;55.0;6.0;0.0;24.62;4.0;249.0
6028;1.28;2.2;19.0;21.3;16.0;55.0;24.11;707.1;0.0;63.0;6.0;0.0;23.72;2.6;105.0
6029;1.33;2.6;20.3;23.1;10.0;46.0;24.67;707.0;0.0;67.0;5.9;0.0;23.11;1.9;223.0
6030;1.5;8.4;28.8;37.4;3.0;57.0;25.55;707.2;0.0;67.0;5.8;0.0;22.79;2.0;250.0
6031;1.7;23.5;30.8;54.6;3.0;60.0;30.67;707.4;0.0;64.0;6.0;0.021;23.1;2.5;254.0
6032;1.84;32.6;31.3;64.1;4.0;78.0;30.34;707.7;0.0;62.0;6.1;0.086;24.73;1.9;290.0
6033;1.9;30.5;34.6;65.3;10.0;77.0;31.56;708.0;0.0;52.0;6.4;0.274;26.47;2.9;277.0
6034;1.92;20.6;37.8;58.6;24.0;88.0;33.55;708.1;0.0;49.0;6.5;0.414;28.2;4.6;23.0
6035;1.83;12.3;39.4;51.9;42.0;84.0;34.03;708.2;0.0;43.0;6.4;0.354;29.72;6.8;33.0
6036;1.67;7.2;29.8;37.2;62.0;86.0;33.78;708.0;0.0;41.0;6.5;0.793;30.31;8.7;45.0
6037;1.34;2.9;13.0;16.2;82.0;84.0;27.35;707.5;0.0;37.0;6.3;0.636;31.07;8.0;66.0
6038;1.33;2.8;12.5;15.5;91.0;54.0;29.7;707.0;0.0;36.0;6.1;0.814;31.76;9.3;56.0
6039;1.26;2.7;11.1;14.1;85.0;43.0;28.44;706.5;0.0;34.0;6.3;0.816;32.17;11.2;57.0
6040;1.23;2.8;10.0;13.0;76.0;46.0;24.89;706.2;0.0;34.0;6.3;0.654;32.42;12.8;71.0
6041;1.21;2.6;9.0;11.8;70.0;43.0;24.34;706.0;0.0;34.0;;0.417;32.17;12.8;80.0
6042;1.26;2.7;11.6;14.5;58.0;46.0;20.76;706.2;0.0;38.0;6.2;0.093;31.31;12.7;77.0
6043;1.24;2.3;11.3;13.8;49.0;40.0;21.13;706.4;0.0;41.0;6.0;0.019;30.2;10.5;94.0
6044;1.23;2.0;10.9;13.1;42.0;39.0;19.61;706.6;0.0;44.0;5.8;0.0;29.2;7.8;111.0
6045;1.24;2.0;10.6;12.9;38.0;35.0;19.9;707.1;0.0;45.0;5.8;0.0;28.65;8.0;92.0
6046;1.19;;8.0;10.2;39.0;71.0;19.88;707.6;0.0;46.0;5.9;0.0;28.26;9.1;91.0
6047;1.23;;11.1;13.3;31.0;50.0;19.34;708.1;0.0;48.0;5.7;0.0;27.45;4.9;72.0
6048;1.17;;7.5;9.7;34.0;42.0;19.6;708.3;0.0;53.0;5.7;0.0;26.54;7.8;45.0
6049;1.17;;7.7;10.0;28.0;27.0;21.35;708.5;0.0;62.0;;0.0;25.13;6.5;27.0
6050;1.25;2.1;17.3;19.6;15.0;42.0;30.76;708.6;0.0;66.0;;0.0;24.33;5.7;21.0
6051;1.22;2.1;12.5;14.8;17.0;63.0;21.8;708.6;0.0;70.0;5.8;0.0;23.58;5.2;58.0
6052;1.21;;13.3;15.6;15.0;45.0;19.42;708.7;0.0;74.0;5.8;0.0;22.96;4.7;52.0
6053;1.21;2.4;15.7;18.3;8.0;53.0;23.29;708.9;0.0;77.0;5.7;0.0;22.18;1.8;238.0
6054;1.32;3.1;18.7;22.0;5.0;39.0;24.86;709.2;0.0;79.0;5.7;0.0;22.16;3.0;352.0
6055;1.58;4.8;20.6;25.7;4.0;53.0;22.37;709.6;0.0;79.0;;0.013;22.34;2.9;5.0
6056;1.87;11.6;20.6;32.5;9.0;47.0;26.58;710.2;0.0;75.0;5.8;0.094;23.3;3.1;20.0
6057;2.14;13.1;20.5;33.8;18.0;58.0;24.09;710.6;0.0;67.0;6.0;0.364;25.27;5.8;37.0
6058;1.97;17.7;28.6;46.5;21.0;67.0;32.08;710.8;0.0;61.0;6.3;0.472;26.7;5.3;23.0
6059;1.89;12.7;27.3;40.3;32.0;82.0;35.22;711.0;0.0;57.0;6.9;0.383;27.46;8.2;12.0
6060;1.42;5.9;19.7;25.8;57.0;91.0;36.18;710.9;0.0;54.0;6.9;0.849;28.49;9.8;47.0
6061;1.27;2.9;8.7;11.9;63.0;72.0;25.18;710.5;0.0;46.0;6.6;0.895;29.98;11.8;70.0
6062;1.19;3.1;6.6;10.0;47.0;46.0;23.73;710.2;0.0;42.0;6.3;0.753;30.64;13.6;72.0
6063;1.16;2.9;5.9;9.1;45.0;42.0;18.91;709.9;0.0;40.0;6.1;0.664;30.99;13.3;75.0
6064;1.18;2.9;7.0;10.2;45.0;35.0;19.67;709.7;0.0;41.0;6.0;0.373;30.78;13.1;76.0
6065;1.19;2.7;7.6;10.6;44.0;32.0;22.67;709.8;0.0;41.0;5.9;0.218;30.54;12.5;89.0
6066;1.25;2.7;10.8;13.7;38.0;39.0;22.38;710.0;0.0;44.0;5.8;0.131;30.07;8.6;131.0
6067;1.28;2.3;13.9;16.4;32.0;42.0;19.34;710.3;0.0;47.0;5.8;0.021;29.23;6.6;101.0
6068;1.35;2.2;17.3;19.6;25.0;40.0;23.18;710.8;0.0;48.0;6.1;0.0;28.8;7.4;94.0
6069;1.28;2.1;10.0;12.2;30.0;43.0;25.91;711.4;0.0;53.0;6.0;0.0;27.63;7.7;98.0
6070;1.38;2.1;16.0;18.3;22.0;40.0;26.11;712.0;0.0;55.0;5.8;0.0;26.96;8.0;97.0
6071;1.2;2.0;6.9;9.1;30.0;40.0;18.77;712.5;0.0;58.0;5.9;0.0;26.47;11.0;117.0
6072;1.13;2.0;3.8;6.0;34.0;32.0;13.98;712.8;0.0;60.0;5.9;0.0;25.92;12.0;95.0
6073;1.14;;4.0;6.2;31.0;28.0;14.84;712.9;0.0;65.0;5.7;0.0;24.9;11.3;58.0
6074;1.17;2.1;5.4;7.7;26.0;26.0;16.4;712.9;0.0;70.0;5.6;0.0;23.98;7.0;44.0
6075;1.18;2.1;5.9;8.2;27.0;25.0;18.71;712.8;0.0;69.0;5.6;0.0;23.93;4.4;31.0
6076;1.21;;10.8;13.1;18.0;25.0;14.76;712.9;0.0;72.0;5.7;0.0;23.56;6.9;3.0
6077;1.26;;12.1;14.4;14.0;44.0;18.59;713.0;0.0;77.0;5.7;0.0;23.03;4.9;16.0
6078;1.28;2.3;13.0;15.4;13.0;37.0;17.09;713.1;0.0;77.0;;0.0;22.8;4.9;15.0
6079;1.48;3.7;17.5;21.4;8.0;36.0;21.04;713.5;0.0;79.0;;0.01;22.69;4.2;25.0
6080;1.8;5.7;14.2;20.1;13.0;43.0;21.27;714.0;0.0;79.0;5.6;0.112;22.96;5.8;13.0
6081;1.75;8.4;14.6;23.3;20.0;43.0;26.4;714.3;0.0;70.0;5.8;0.364;25.35;5.2;28.0
6082;1.43;8.7;17.4;26.3;29.0;39.0;24.79;714.7;0.0;61.0;6.1;0.472;26.66;5.8;11.0
6083;1.28;7.4;16.3;24.0;40.0;55.0;27.19;714.9;0.0;51.0;7.2;0.377;28.14;7.9;47.0
6084;1.25;2.9;8.6;11.8;65.0;49.0;20.21;714.7;0.0;43.0;7.5;0.856;29.48;8.5;50.0
6085;1.11;2.4;4.8;7.4;63.0;43.0;22.2;714.3;0.0;35.0;7.6;0.908;30.34;11.1;52.0
6086;1.05;2.4;4.5;7.2;62.0;40.0;23.35;713.9;0.0;30.0;7.7;0.905;30.93;13.0;62.0
6087;1.03;2.3;4.0;6.5;61.0;34.0;20.31;713.5;0.0;28.0;7.1;0.81;31.25;12.9;67.0
6088;1.05;2.3;4.4;7.0;59.0;27.0;19.19;713.2;0.0;28.0;6.2;0.689;31.58;12.7;96.0
6089;1.05;2.2;3.9;6.4;55.0;30.0;19.62;713.0;0.0;30.0;6.1;0.393;31.27;13.1;88.0
6090;1.06;2.2;4.3;6.6;50.0;31.0;17.25;713.1;0.0;33.0;5.9;0.122;30.72;13.0;90.0
6091;1.08;2.0;4.3;6.6;46.0;26.0;18.13;713.2;0.0;37.0;5.9;0.016;29.41;12.7;95.0
6092;1.09;2.0;4.4;;46.0;26.0;17.91;713.6;0.0;39.0;6.0;0.0;28.78;12.2;103.0
6093;1.15;;7.2;9.4;41.0;25.0;20.54;714.1;0.0;40.0;7.0;0.0;28.35;8.3;117.0
6094;1.11;;5.7;7.9;43.0;32.0;18.21;714.5;0.0;39.0;7.6;0.0;28.14;7.0;126.0
6095;1.1;;5.3;7.4;43.0;28.0;16.08;714.5;0.0;39.0;6.6;0.0;27.98;9.6;102.0
6096;1.13;;4.4;6.6;38.0;27.0;20.46;714.5;0.0;50.0;6.2;0.0;26.32;11.4;103.0
6097;1.13;;2.8;5.0;36.0;36.0;18.19;714.4;0.0;59.0;5.9;0.0;25.03;13.3;119.0
6098;1.13;1.9;2.1;4.3;37.0;32.0;19.83;714.0;0.0;62.0;5.9;0.0;24.45;11.9;117.0
6099;1.13;2.0;2.1;4.3;37.0;26.0;18.09;713.8;0.0;63.0;5.8;0.0;24.08;7.5;92.0
6100;1.13;2.0;2.4;4.5;35.0;24.0;20.34;713.5;0.0;63.0;5.7;0.0;23.85;3.9;64.0
6101;1.49;2.7;11.5;14.4;22.0;33.0;21.21;713.4;0.0;65.0;5.7;0.0;23.5;5.8;30.0
6102;2.06;9.0;25.4;34.6;4.0;35.0;25.87;713.5;0.0;72.0;6.4;0.0;22.32;3.2;48.0
6103;1.9;33.1;26.4;59.7;3.0;64.0;30.68;713.6;0.0;74.0;6.5;0.013;22.38;2.5;26.0
6104;2.18;36.0;29.4;65.7;6.0;86.0;27.98;714.0;0.0;67.0;6.6;0.132;24.15;4.5;26.0
6105;2.23;22.5;29.8;52.5;14.0;99.0;31.75;714.1;0.0;60.0;7.5;0.337;25.89;4.0;336.0
6106;1.91;19.3;30.9;50.3;23.0;73.0;34.02;714.1;0.0;53.0;8.1;0.458;27.37;6.0;32.0
6107;1.37;5.1;13.8;19.1;48.0;89.0;26.23;713.9;0.0;44.0;8.1;0.374;28.66;7.7;74.0
6108;1.25;3.3;9.5;13.1;63.0;57.0;24.75;713.5;0.0;39.0;6.9;0.854;28.92;11.0;66.0
6109;1.22;3.1;8.6;11.9;69.0;47.0;26.24;712.9;0.0;37.0;6.6;0.922;29.62;11.7;46.0
6110;1.2;2.7;7.4;10.3;72.0;46.0;27.47;712.3;0.0;36.0;6.6;0.886;30.13;13.8;60.0
6111;1.19;2.7;7.4;10.4;68.0;43.0;24.53;711.6;0.0;35.0;7.2;0.73;30.61;13.6;72.0
6112;1.16;2.6;7.9;10.8;66.0;48.0;28.85;711.2;0.0;33.0;11.2;0.417;30.56;13.4;65.0
6113;1.2;2.6;9.7;12.6;57.0;51.0;25.97;710.9;0.0;33.0;12.1;0.198;30.2;12.5;81.0
6114;1.16;2.5;8.6;11.3;51.0;38.0;20.57;710.9;0.0;33.0;8.6;0.105;29.87;11.3;93.0
6115;1.16;2.1;9.1;11.4;47.0;33.0;23.48;710.8;0.0;34.0;7.2;0.023;29.29;9.4;97.0
6116;1.19;2.1;9.5;11.8;41.0;27.0;21.58;711.0;0.0;38.0;6.5;0.0;28.29;7.0;133.0
6117;1.16;2.0;7.2;9.4;42.0;41.0;22.39;711.4;0.0;39.0;6.1;0.0;27.75;7.6;133.0
6118;1.16;2.0;7.2;9.4;40.0;39.0;20.0;711.5;0.0;42.0;5.9;0.0;27.3;7.4;116.0
6119;1.14;;5.2;7.3;42.0;34.0;21.9;711.5;0.0;43.0;5.9;0.0;26.86;8.5;118.0
6120;1.16;2.0;5.8;8.0;37.0;46.0;21.73;711.4;0.0;48.0;;0.0;26.12;6.4;109.0
6121;1.14;2.0;3.6;5.7;36.0;38.0;20.47;711.4;0.0;55.0;5.8;0.0;24.96;10.1;110.0
6122;1.17;2.2;9.1;11.5;25.0;32.0;19.51;711.2;0.0;63.0;5.7;0.0;23.99;8.9;45.0
6123;1.2;2.4;17.0;19.5;13.0;30.0;21.2;711.1;0.0;71.0;6.1;0.0;23.1;6.8;34.0
6124;1.27;2.2;16.3;18.7;13.0;43.0;22.57;710.8;0.0;74.0;6.2;0.0;22.72;3.5;358.0
6125;1.3;2.2;14.8;17.2;12.0;42.0;25.38;710.7;0.0;76.0;6.1;0.0;22.21;2.3;237.0
6126;1.41;5.4;15.2;20.8;10.0;39.0;22.5;710.9;0.0;75.0;5.9;0.0;22.1;3.7;211.0
6127;1.84;13.9;22.6;36.7;4.0;36.0;24.64;711.2;0.0;74.0;6.0;0.015;22.29;2.4;268.0
6128;1.66;20.8;24.3;45.3;6.0;66.0;28.32;711.3;0.0;64.0;6.8;0.133;24.11;4.7;232.0
6129;1.78;21.2;26.3;47.7;13.0;75.0;29.77;711.4;0.0;57.0;7.9;0.341;26.27;4.3;28.0
6130;1.92;25.3;35.0;60.4;18.0;80.0;35.35;711.7;0.0;56.0;7.8;0.441;26.88;6.9;22.0
6131;1.62;9.4;23.8;33.3;39.0;110.0;31.0;711.8;0.0;53.0;8.1;0.364;27.47;10.6;52.0
6132;1.39;4.7;13.1;18.0;51.0;87.0;28.28;711.5;0.0;48.0;7.0;0.747;28.41;12.7;56.0
6133;1.29;3.3;8.4;11.9;52.0;55.0;19.47;711.0;0.0;43.0;6.5;0.769;29.42;13.8;69.0
6134;1.23;3.2;7.5;10.9;44.0;38.0;19.73;710.7;0.0;42.0;6.4;0.281;29.01;14.8;67.0
6135;1.21;3.1;6.8;10.1;42.0;35.0;18.37;710.2;0.0;40.0;6.1;0.372;29.33;14.1;83.0
6136;1.2;2.9;6.8;9.9;44.0;39.0;18.12;709.8;0.0;38.0;6.1;0.352;29.79;11.9;110.0
6137;1.21;3.0;7.1;10.3;42.0;28.0;18.23;709.7;0.0;38.0;5.9;0.268;29.61;12.4;129.0
6138;1.24;3.2;8.3;11.7;40.0;35.0;19.0;709.6;0.0;39.0;5.9;0.106;29.65;10.8;131.0
6139;1.24;2.3;8.9;11.4;39.0;28.0;21.1;709.6;0.0;41.0;;0.02;28.57;10.1;135.0
6140;1.23;2.1;8.8;11.0;38.0;30.0;21.97;709.7;0.0;44.0;5.8;0.0;27.8;8.3;133.0
6141;1.27;2.0;12.2;14.4;31.0;34.0;20.76;710.0;0.0;45.0;5.7;0.0;27.3;5.3;114.0
6142;1.23;2.0;7.5;9.7;34.0;40.0;21.73;710.4;0.0;50.0;5.8;0.0;27.05;10.8;118.0
6143;1.19;2.0;4.7;6.9;35.0;39.0;21.25;710.6;0.0;56.0;5.7;0.0;26.08;11.3;122.0
6144;1.19;1.9;3.5;5.7;36.0;40.0;21.0;710.6;0.0;58.0;5.7;0.0;25.52;9.5;91.0
6145;1.17;2.0;3.4;5.6;34.0;26.0;21.0;710.5;0.0;60.0;;0.0;24.83;6.9;86.0
6146;1.19;2.0;3.8;6.0;30.0;30.0;25.0;710.5;0.0;66.0;;0.0;23.74;7.8;47.0
6147;1.2;2.1;9.0;11.4;23.0;31.0;23.0;710.6;0.0;69.0;5.8;0.0;23.23;7.1;32.0
6148;1.2;2.0;4.1;6.2;28.0;33.0;19.0;710.7;0.0;72.0;5.8;0.0;22.79;7.4;41.0
6149;1.22;2.0;6.8;9.0;24.0;28.0;19.0;710.9;0.0;77.0;5.7;0.0;22.21;7.7;41.0
6150;1.29;2.5;10.8;13.5;18.0;26.0;22.0;711.2;0.0;78.0;5.8;0.0;21.96;7.4;65.0
6151;1.42;8.0;20.7;28.9;7.0;39.0;27.0;711.5;0.0;79.0;5.9;0.016;21.86;4.7;51.0
6152;1.48;11.8;19.4;31.5;11.0;42.0;26.0;711.7;0.0;73.0;6.2;0.134;23.58;3.8;37.0
6153;1.54;6.9;13.2;20.4;24.0;46.0;26.0;711.9;0.0;60.0;6.4;0.355;25.59;5.4;58.0
6154;1.42;5.7;11.5;17.4;33.0;37.0;21.0;712.1;0.0;57.0;6.1;0.472;26.34;8.6;70.0
6155;1.3;3.5;7.1;10.8;42.0;36.0;16.0;712.3;0.0;56.0;5.9;0.306;26.69;11.3;56.0
6156;1.31;3.6;7.7;11.5;42.0;36.0;21.0;712.1;0.0;53.0;5.8;0.531;27.19;12.8;68.0
6157;1.31;3.5;6.8;10.6;41.0;36.0;18.0;711.6;0.0;50.0;5.8;0.667;27.96;14.2;69.0
6158;1.26;3.6;6.2;10.1;40.0;32.0;23.0;711.2;0.0;46.0;;0.794;28.91;15.0;70.0
6159;1.24;3.3;6.2;9.8;41.0;31.0;20.0;710.6;0.0;42.0;;0.651;29.55;13.7;74.0
6160;1.2;3.0;5.3;8.6;42.0;34.0;16.0;710.1;0.0;37.0;;0.682;30.46;13.4;109.0
6161;1.19;3.1;6.2;9.6;41.0;32.0;18.0;709.8;0.0;35.0;;0.365;30.47;12.6;114.0
6162;1.25;3.6;8.2;12.1;38.0;26.0;;709.9;0.0;37.0;5.7;0.075;30.07;11.8;113.0
6163;1.29;2.3;8.5;11.1;35.0;27.0;20.0;710.0;0.0;46.0;5.8;0.018;28.42;14.9;88.0
6164;1.26;2.1;6.8;9.1;39.0;36.0;21.0;710.5;0.0;51.0;5.7;0.0;27.19;11.9;121.0
6165;1.23;2.0;4.6;6.8;38.0;35.0;19.0;711.0;0.0;55.0;5.7;0.0;26.71;12.8;117.0
6166;1.24;2.0;4.3;6.5;37.0;35.0;15.0;711.7;0.0;62.0;5.6;0.0;25.5;11.7;94.0
6167;1.23;2.0;3.6;5.8;29.0;38.0;18.0;712.4;0.0;80.0;5.7;0.0;22.27;9.2;120.0
6168;1.24;2.0;3.2;5.4;25.0;29.0;15.0;712.5;0.0;83.0;5.6;0.0;21.68;7.1;121.0
6169;1.24;2.0;3.8;6.0;21.0;24.0;18.0;712.2;0.0;82.0;5.7;0.0;22.09;4.2;70.0
6170;1.23;2.0;3.2;5.4;20.0;22.0;14.0;712.0;0.0;77.0;5.7;0.0;22.72;5.8;65.0
6171;1.23;2.1;4.1;6.4;15.0;22.0;14.0;711.8;0.0;79.0;5.6;0.0;22.21;4.3;36.0
6172;1.24;2.0;5.2;7.4;17.0;18.0;15.0;711.8;0.0;79.0;5.7;0.0;22.01;5.3;37.0
6173;1.25;2.1;6.8;9.0;14.0;33.0;17.0;711.8;0.0;81.0;5.7;0.0;21.73;5.6;48.0
6174;1.32;3.9;9.2;13.4;11.0;23.0;14.0;712.0;0.0;82.0;;0.0;21.43;3.0;37.0
6175;1.56;12.5;15.0;27.7;3.0;32.0;14.0;712.3;0.0;82.0;;0.014;21.47;2.2;249.0
6176;1.44;8.6;11.6;20.4;9.0;40.0;;712.7;0.0;73.0;5.6;0.113;23.89;2.3;18.0
6177;1.6;18.4;16.7;35.3;10.0;27.0;17.0;713.0;0.0;65.0;5.8;0.361;25.19;4.6;26.0
6178;1.57;17.0;18.1;35.3;15.0;42.0;28.0;713.1;0.0;64.0;6.2;0.426;25.65;7.5;55.0
6179;1.44;12.1;16.6;28.9;21.0;58.0;35.0;713.0;0.0;63.0;6.9;0.447;25.67;9.2;36.0
6180;1.4;6.8;12.2;19.3;32.0;50.0;29.0;712.8;0.0;59.0;6.8;0.678;26.74;11.0;46.0
6181;1.31;3.8;6.0;10.0;33.0;54.0;18.0;712.5;0.0;55.0;6.3;0.695;27.41;13.3;63.0
6182;1.27;3.5;5.5;9.3;31.0;36.0;12.0;711.9;0.0;53.0;6.0;0.622;27.95;13.3;68.0
6183;1.26;3.6;5.9;9.7;30.0;19.0;14.0;711.4;0.0;51.0;5.8;0.42;28.34;12.5;64.0
6184;1.29;3.5;6.4;10.2;29.0;34.0;18.0;711.1;0.0;51.0;6.3;0.338;28.46;13.8;82.0
6185;1.29;3.3;6.4;9.9;25.0;30.0;12.0;711.2;0.0;52.0;6.2;0.191;28.28;10.3;127.0
6186;1.33;3.8;7.7;11.8;25.0;25.0;14.0;711.2;0.0;53.0;5.9;0.091;28.28;10.3;127.0
6187;1.29;2.6;6.3;9.1;21.0;27.0;16.0;712.0;0.0;72.0;5.7;0.02;24.18;15.1;118.0
6188;1.32;2.3;7.4;10.0;18.0;31.0;14.0;712.0;0.0;80.0;5.6;0.0;22.21;8.3;110.0
6189;1.33;2.4;8.1;10.7;15.0;24.0;13.0;712.1;0.0;75.0;5.7;0.0;23.18;7.0;60.0
6190;1.49;3.8;14.7;18.7;5.0;21.0;16.0;712.4;0.0;75.0;5.7;0.0;23.11;3.7;217.0
6191;1.4;2.8;10.2;13.2;10.0;23.0;14.0;712.1;0.0;74.0;5.8;0.0;23.25;3.0;64.0
6192;1.53;7.4;13.2;20.8;7.0;27.0;16.0;712.0;0.0;76.0;5.7;0.0;22.88;4.1;52.0
6193;1.71;11.6;19.1;30.9;2.0;35.0;20.0;712.0;0.0;79.0;5.8;0.0;22.68;4.9;35.0
6194;1.48;10.2;18.0;28.5;2.0;64.0;22.0;711.9;0.0;80.0;5.8;0.0;22.54;3.2;32.0
6195;1.4;4.3;17.7;22.2;3.0;42.0;23.0;711.7;0.0;81.0;5.7;0.0;22.55;3.7;52.0
6196;1.41;3.2;16.2;19.5;3.0;45.0;20.0;711.5;0.0;81.0;5.8;0.0;22.4;5.7;91.0
6197;1.31;2.2;8.8;11.1;9.0;33.0;25.0;711.7;0.0;81.0;5.7;0.0;22.12;7.0;68.0
6198;1.34;2.7;9.5;12.4;7.0;36.0;23.0;711.9;0.0;82.0;5.7;0.0;21.68;5.9;59.0
6199;1.41;6.1;12.6;19.0;3.0;41.0;22.0;712.3;0.0;83.0;5.9;0.01;21.55;4.9;66.0
6200;1.38;9.5;12.4;22.1;6.0;40.0;19.0;712.8;0.0;82.0;5.8;0.115;21.99;4.8;72.0
6201;1.45;17.2;13.4;30.9;8.0;36.0;24.0;713.1;0.0;74.0;5.9;0.318;23.82;6.1;64.0
6202;1.41;20.1;16.9;37.3;10.0;57.0;27.0;713.2;0.0;68.0;6.1;0.347;24.57;7.1;53.0
6203;1.36;16.0;16.8;33.1;15.0;59.0;29.0;713.3;0.0;65.0;6.6;0.408;25.2;8.2;43.0
6204;1.32;5.3;9.7;15.2;32.0;43.0;24.0;713.0;0.0;61.0;6.5;0.599;26.19;9.6;62.0
6205;1.28;4.2;8.2;12.6;34.0;40.0;20.0;712.5;0.0;58.0;6.0;0.665;27.01;10.8;35.0
6206;1.26;2.9;4.7;7.9;36.0;38.0;16.0;711.8;0.0;52.0;6.1;0.843;28.17;10.5;64.0
6207;1.2;2.5;3.3;6.1;32.0;25.0;18.0;711.2;0.0;46.0;6.0;0.845;29.4;11.7;117.0
6208;1.21;2.5;3.3;6.0;33.0;23.0;17.0;710.8;0.0;47.0;6.0;0.661;29.63;12.4;125.0
6209;1.21;2.5;3.5;6.2;32.0;21.0;16.0;710.6;0.0;47.0;5.8;0.329;29.63;13.9;123.0
6210;1.21;2.3;4.3;6.8;31.0;24.0;14.0;710.8;0.0;49.0;5.8;0.037;28.69;8.9;144.0
6211;1.29;2.2;6.3;8.6;28.0;23.0;15.0;710.9;0.0;52.0;;0.008;27.89;8.6;129.0
6212;1.41;2.1;8.2;10.5;23.0;25.0;;711.0;0.0;54.0;5.7;0.0;27.53;9.9;119.0
6213;1.36;2.1;7.8;10.1;23.0;32.0;18.0;711.3;0.0;55.0;5.7;0.0;27.19;9.1;118.0
6214;1.34;2.1;7.2;9.5;22.0;30.0;15.0;711.5;0.0;57.0;;0.0;26.62;5.8;135.0
6215;1.37;2.1;7.3;9.6;21.0;26.0;12.0;711.5;0.0;58.0;5.8;0.0;26.17;5.1;84.0
6216;1.3;2.0;5.0;7.2;24.0;26.0;15.0;711.2;0.0;57.0;5.7;0.0;26.09;7.3;98.0
6217;1.31;2.8;9.3;12.3;16.0;24.0;17.0;711.1;0.0;61.0;5.7;0.0;25.18;7.1;38.0
6218;1.31;5.0;17.1;22.3;5.0;22.0;20.0;711.0;0.0;66.0;5.9;0.0;23.88;6.7;17.0
6219;1.3;3.4;14.7;18.3;7.0;45.0;22.0;710.8;0.0;68.0;6.1;0.0;23.22;4.7;33.0
6220;1.27;3.8;13.0;17.0;8.0;39.0;17.0;710.6;0.0;69.0;6.2;0.0;22.74;3.6;72.0
6221;1.32;4.9;16.9;22.0;4.0;145.0;16.0;710.7;0.0;73.0;6.1;0.0;22.43;5.1;30.0
6222;1.37;10.0;18.1;28.4;2.0;48.0;17.0;711.0;0.0;76.0;6.0;0.0;21.91;4.9;26.0
6223;1.39;8.6;16.7;25.6;3.0;46.0;16.0;711.6;0.0;79.0;5.9;0.008;21.54;5.1;356.0
6224;1.44;13.7;14.8;28.8;5.0;44.0;20.0;712.0;0.0;78.0;6.0;0.082;21.76;5.5;5.0
6225;1.5;9.7;12.7;22.7;10.0;51.0;24.0;712.2;0.0;74.0;6.0;0.188;22.82;4.6;20.0
6226;1.49;10.5;13.3;24.0;17.0;45.0;26.0;712.4;0.0;67.0;;0.348;24.46;6.4;14.0
6227;1.49;9.3;17.3;26.8;29.0;52.0;26.0;712.5;0.0;60.0;6.3;0.368;26.07;7.9;18.0
6228;1.39;4.2;9.9;14.3;42.0;57.0;19.0;712.1;0.0;55.0;6.2;0.85;27.41;12.5;53.0
6229;1.29;3.7;5.4;9.3;31.0;41.0;18.0;711.5;0.0;49.0;6.1;0.933;28.79;16.2;81.0
6230;1.27;3.3;4.6;8.1;30.0;33.0;11.0;710.8;0.0;44.0;6.0;0.917;30.17;15.0;104.0
6231;1.21;2.9;3.4;6.5;27.0;25.0;14.0;710.2;0.0;41.0;5.9;0.863;30.95;14.7;123.0
6232;1.19;2.7;3.1;6.0;26.0;23.0;;709.9;0.0;40.0;5.8;0.688;30.77;16.3;122.0
6233;1.19;2.6;3.0;5.8;25.0;18.0;10.0;709.7;0.0;40.0;5.8;0.375;30.72;14.6;128.0
6234;1.2;2.5;3.6;6.3;24.0;20.0;10.0;709.6;0.0;42.0;;0.078;30.3;13.0;130.0
6235;1.25;2.3;5.1;7.6;21.0;23.0;15.0;709.7;0.0;48.0;;0.012;28.69;10.7;132.0
6236;1.27;2.2;6.2;8.5;19.0;22.0;14.0;709.9;0.0;52.0;;0.0;27.99;11.3;120.0
6237;1.29;2.2;6.8;9.2;19.0;21.0;14.0;710.4;0.0;53.0;5.7;0.0;27.07;13.8;121.0
6238;1.3;2.2;7.4;9.8;18.0;26.0;12.0;710.9;0.0;55.0;5.6;0.0;26.5;12.3;106.0
6239;1.32;2.1;7.1;9.4;18.0;34.0;15.0;711.2;0.0;61.0;5.7;0.0;25.49;11.1;88.0
6240;1.31;2.1;7.1;9.3;17.0;27.0;14.0;711.2;0.0;62.0;5.7;0.0;25.18;9.2;92.0
6241;1.36;2.1;8.5;10.7;13.0;25.0;15.0;710.9;0.0;71.0;;0.0;23.67;9.2;62.0
6242;1.34;2.5;9.3;11.9;11.0;31.0;21.0;710.8;0.0;73.0;5.8;0.0;23.0;9.0;43.0
6243;1.32;5.0;11.2;16.4;7.0;40.0;21.0;710.6;0.0;74.0;6.0;0.0;22.85;6.3;29.0
6244;1.32;7.3;13.6;21.1;5.0;30.0;22.0;710.4;0.0;76.0;6.3;0.0;22.63;6.8;33.0
6245;1.34;5.1;13.3;18.5;4.0;37.0;21.0;710.5;0.0;77.0;6.3;0.0;22.46;6.8;36.0
6246;1.32;4.2;9.7;14.2;7.0;34.0;17.0;711.1;0.0;79.0;6.1;0.0;22.2;6.1;62.0
6247;1.35;6.8;13.3;20.3;3.0;22.0;;711.4;0.0;79.0;6.1;0.008;22.08;4.9;27.0
6248;1.38;9.1;10.3;19.6;7.0;30.0;18.0;711.6;0.0;76.0;6.0;0.156;22.92;6.3;33.0
6249;1.43;12.6;11.4;24.3;10.0;31.0;21.0;711.8;0.0;72.0;6.3;0.333;23.87;7.3;11.0
6250;1.42;13.4;12.9;26.5;16.0;44.0;26.0;712.1;0.0;66.0;6.5;0.461;25.3;8.8;47.0
6251;1.38;5.3;8.2;13.8;29.0;47.0;22.0;712.2;0.0;62.0;6.5;0.419;26.42;10.0;56.0
6252;1.29;3.1;4.1;7.5;29.0;38.0;14.0;711.8;0.0;54.0;6.2;0.856;27.88;14.3;56.0
6253;1.23;2.9;3.2;6.4;26.0;21.0;14.0;711.3;0.0;47.0;6.0;0.931;29.31;14.0;95.0
6254;1.25;2.8;3.0;6.1;25.0;19.0;9.0;710.7;0.0;47.0;5.9;0.951;29.91;14.9;87.0
6255;1.25;2.8;3.1;6.1;24.0;21.0;11.0;710.2;0.0;46.0;5.9;0.83;30.46;14.1;90.0
6256;1.25;2.8;3.3;6.3;22.0;22.0;16.0;709.9;0.0;47.0;5.8;0.356;30.06;14.0;94.0
6257;1.25;2.6;3.3;6.1;21.0;21.0;14.0;710.0;0.0;48.0;5.8;0.167;29.6;13.8;101.0
6258;1.25;2.4;3.7;6.3;20.0;23.0;14.0;710.0;0.0;50.0;;0.059;29.05;11.1;127.0
6259;1.27;2.2;4.2;6.7;20.0;20.0;16.0;709.9;0.0;53.0;5.7;0.013;28.06;11.7;130.0
6260;1.29;2.2;5.7;8.1;18.0;16.0;13.0;710.1;0.0;55.0;5.8;0.0;27.44;12.3;128.0
6261;1.32;2.2;6.2;8.6;15.0;22.0;16.0;710.5;0.0;59.0;5.8;0.0;26.88;12.7;123.0
6262;1.32;2.1;5.6;7.9;16.0;24.0;14.0;711.1;0.0;62.0;;0.0;26.36;11.6;120.0
6263;1.3;2.1;5.3;7.6;16.0;26.0;12.0;711.3;0.0;62.0;5.7;0.0;26.14;9.2;96.0
6264;1.35;2.3;7.9;10.4;11.0;26.0;14.0;711.3;0.0;67.0;5.7;0.0;25.36;9.1;61.0
6265;1.3;2.0;5.0;7.3;13.0;25.0;15.0;711.2;0.0;71.0;;0.0;24.49;8.3;74.0
6266;1.29;2.0;4.4;6.6;12.0;24.0;16.0;711.2;0.0;72.0;5.6;0.0;24.07;7.2;30.0
6267;1.3;4.8;8.2;13.3;7.0;33.0;18.0;711.3;0.0;79.0;5.7;0.0;22.99;8.7;34.0
6268;1.27;2.0;3.8;6.1;11.0;32.0;16.0;711.3;0.0;81.0;5.7;0.0;22.63;7.5;56.0
6269;1.31;2.2;6.2;8.5;8.0;27.0;16.0;711.3;0.0;81.0;;0.0;22.57;6.8;37.0
6270;1.39;9.1;11.9;21.2;3.0;39.0;;711.4;0.0;82.0;5.8;0.0;22.52;4.8;27.0
6271;1.68;21.1;13.4;34.8;2.0;31.0;17.0;711.5;0.0;80.0;5.9;0.013;22.75;5.7;10.0
6272;1.77;29.5;14.2;43.9;3.0;43.0;21.0;711.9;0.0;79.0;5.9;0.107;23.17;6.4;10.0
6273;1.79;31.0;14.9;46.1;6.0;58.0;30.0;712.3;0.0;72.0;6.0;0.355;24.85;7.4;56.0
6274;1.54;14.6;12.0;26.9;13.0;62.0;23.0;712.5;0.0;67.0;6.2;0.46;25.67;8.2;38.0
6275;1.42;6.3;8.7;15.3;24.0;46.0;19.0;712.4;0.0;61.0;6.2;0.384;26.87;8.9;41.0
6276;1.41;5.2;8.0;13.5;29.0;38.0;18.0;712.0;0.0;57.0;6.1;0.81;27.94;12.6;56.0
6277;1.37;4.3;5.9;10.5;30.0;42.0;16.0;711.5;0.0;51.0;6.0;0.915;29.25;15.2;63.0
6278;1.32;3.8;5.0;9.1;27.0;32.0;15.0;711.0;0.0;48.0;5.9;0.768;29.84;16.1;68.0
6279;1.32;3.9;5.5;9.6;26.0;27.0;12.0;710.5;0.0;47.0;5.9;0.543;30.28;14.6;78.0
6280;1.33;3.9;5.7;9.8;23.0;31.0;15.0;710.1;0.0;46.0;5.8;0.438;30.3;15.1;83.0
6281;1.33;3.9;5.2;9.5;24.0;27.0;15.0;710.1;0.0;45.0;5.8;0.331;30.64;14.7;128.0
6282;1.33;3.9;6.3;10.5;24.0;31.0;16.0;710.2;0.0;46.0;5.9;0.045;29.9;13.0;132.0
6283;1.31;2.7;6.8;9.8;22.0;29.0;16.0;710.7;0.0;46.0;5.8;0.009;28.61;12.1;132.0
6284;1.3;2.3;7.7;10.3;20.0;28.0;;710.8;0.0;49.0;5.8;0.0;27.79;9.9;116.0
6285;1.31;2.1;7.1;9.4;20.0;25.0;14.0;711.1;0.0;52.0;;0.0;27.21;11.2;118.0
6286;1.28;2.1;4.8;7.1;23.0;23.0;13.0;711.5;0.0;55.0;5.7;0.0;26.81;10.0;120.0
6287;1.25;2.0;3.3;5.6;24.0;21.0;20.0;711.8;0.0;57.0;5.7;0.0;26.5;10.9;132.0
6288;1.24;2.0;2.6;4.8;22.0;25.0;13.0;711.9;0.0;60.0;;0.0;25.91;10.3;130.0
6289;1.27;2.0;4.2;6.4;18.0;22.0;14.0;711.9;0.0;63.0;;0.0;25.32;9.0;73.0
6290;1.31;2.0;5.0;7.2;13.0;27.0;18.0;712.0;0.0;72.0;5.8;0.0;23.8;8.8;42.0
6291;1.29;2.0;4.3;6.5;12.0;31.0;18.0;712.0;0.0;76.0;5.7;0.0;23.03;8.1;46.0
6292;1.32;4.4;8.4;13.0;7.0;26.0;;711.8;0.0;79.0;5.8;0.0;22.63;6.3;36.0
6293;1.39;14.5;14.6;29.4;2.0;33.0;28.0;711.9;0.0;80.0;5.9;0.0;22.65;5.4;32.0
6294;1.4;6.8;13.4;20.4;2.0;54.0;23.0;712.1;0.0;80.0;6.0;0.0;22.65;3.9;61.0
6295;1.55;12.6;15.0;27.9;2.0;40.0;26.0;712.4;0.0;79.0;6.0;0.008;22.84;4.1;21.0
6296;1.77;21.8;15.9;38.0;4.0;61.0;27.0;712.8;0.0;76.0;6.1;0.082;23.43;5.6;33.0
6297;1.75;27.4;18.6;46.2;6.0;68.0;29.0;713.0;0.0;73.0;6.0;0.197;24.37;6.0;31.0
6298;1.67;26.7;20.1;47.0;9.0;80.0;31.0;713.2;0.0;68.0;6.3;0.317;25.31;8.1;34.0
6299;1.53;12.7;16.2;29.1;21.0;76.0;32.0;713.2;0.0;63.0;6.4;0.426;26.67;9.6;25.0
6300;1.48;4.9;10.9;16.1;38.0;68.0;24.22;713.0;0.0;56.0;6.3;0.691;28.0;13.1;54.0
6301;1.38;3.8;6.4;10.4;31.0;51.0;24.11;712.2;0.0;49.0;6.4;0.879;29.01;13.6;71.0
6302;1.34;3.8;5.7;9.7;28.0;38.0;19.69;711.8;0.0;48.0;6.2;0.631;29.27;15.5;62.0
6303;1.33;4.0;5.3;9.5;25.0;40.0;20.76;711.4;0.0;46.0;6.0;0.629;29.78;14.0;70.0
6304;1.34;4.1;5.5;9.8;26.0;32.0;18.46;711.0;0.0;44.0;6.0;0.627;30.43;12.9;77.0
6305;1.36;3.8;6.5;10.5;22.0;41.0;16.57;710.9;0.0;46.0;5.9;0.208;30.18;14.1;97.0
6306;1.44;4.5;8.9;13.7;15.0;38.0;19.56;711.2;0.0;56.0;7.1;0.071;28.26;14.0;84.0
6307;1.39;3.4;7.0;10.6;14.0;35.0;14.73;711.5;0.0;60.0;6.8;0.013;27.17;12.1;112.0
6308;1.35;2.5;6.3;9.0;17.0;28.0;11.47;711.7;0.0;63.0;6.1;0.0;25.37;10.8;113.0
6309;1.36;2.3;7.6;10.2;15.0;27.0;18.04;712.0;0.0;62.0;6.0;0.0;25.46;7.5;82.0
6310;1.34;2.2;6.3;8.7;15.0;21.0;17.72;712.1;0.0;63.0;6.0;0.0;25.61;7.6;79.0
6311;1.31;2.1;4.8;7.0;16.0;23.0;11.8;712.2;0.0;64.0;5.8;0.0;25.4;6.8;88.0
6312;1.34;2.1;5.6;7.9;14.0;;18.47;711.9;0.0;66.0;5.8;0.0;24.95;7.6;55.0
6313;1.39;4.8;11.0;16.1;6.0;33.0;16.78;711.8;0.0;72.0;;0.0;24.04;6.4;39.0
6314;1.42;10.0;12.5;22.8;4.0;42.0;22.14;711.8;0.0;75.0;6.0;0.0;23.46;7.1;46.0
6315;1.39;5.4;12.6;18.2;3.0;63.0;34.05;711.7;0.0;77.0;6.2;0.0;22.97;5.4;30.0
6316;1.58;3.7;14.5;18.3;3.0;32.0;19.19;711.6;0.0;77.0;6.1;0.0;22.83;5.4;15.0
6317;1.44;9.4;14.5;24.1;2.0;40.0;21.73;711.6;0.0;78.0;6.0;0.0;22.7;6.3;56.0
6318;1.44;11.3;13.3;24.8;2.0;41.0;24.44;712.0;0.0;79.0;6.2;0.0;22.49;6.3;62.0
6319;1.52;10.8;12.9;24.0;2.0;37.0;24.06;712.3;0.0;79.0;6.1;0.007;22.38;5.6;45.0
6320;1.68;23.0;13.9;37.2;3.0;50.0;23.77;712.7;0.0;77.0;6.1;0.077;22.8;6.2;19.0
6321;1.66;17.7;14.6;32.6;6.0;44.0;26.71;713.0;0.0;74.0;6.2;0.151;23.51;7.1;9.0
6322;1.63;15.8;15.5;31.7;11.0;51.0;23.78;713.3;0.0;70.0;6.1;0.309;24.69;7.6;359.0
6323;1.56;10.4;13.6;24.3;22.0;47.0;23.3;713.2;0.0;63.0;6.2;0.402;26.17;9.7;45.0
6324;1.41;4.5;7.3;12.1;30.0;42.0;19.9;712.9;0.0;58.0;6.1;0.817;27.16;12.3;57.0
6325;1.4;4.0;6.5;10.8;27.0;31.0;18.29;712.3;0.0;52.0;6.0;0.564;28.15;13.4;61.0
6326;1.35;4.0;6.3;10.5;26.0;35.0;14.72;711.8;0.0;49.0;6.0;0.412;28.37;13.9;65.0
6327;1.38;3.8;6.5;10.6;28.0;13.0;;711.4;0.0;49.0;5.9;0.434;28.74;13.7;73.0
6328;1.4;3.8;6.5;10.5;29.0;;17.31;710.9;0.0;46.0;6.1;0.446;29.14;13.7;81.0
6329;1.4;;6.8;10.8;28.0;40.0;15.63;710.8;0.0;44.0;6.1;0.238;29.35;13.8;87.0
6330;1.4;3.3;7.4;10.9;26.0;24.0;16.7;711.0;0.0;42.0;5.9;0.063;29.41;12.5;98.0
6331;1.42;2.4;9.1;11.7;24.0;28.0;13.99;711.1;0.0;45.0;5.9;0.009;28.16;10.1;111.0
6332;1.41;2.2;9.5;11.9;23.0;30.0;16.66;711.4;0.0;47.0;5.8;0.0;27.56;8.2;121.0
6333;1.42;2.1;9.3;11.6;23.0;29.0;18.51;711.8;0.0;48.0;5.9;0.0;27.09;7.7;118.0
6334;1.38;2.0;7.7;9.9;24.0;26.0;13.41;712.0;0.0;49.0;5.9;0.0;26.7;7.6;109.0
6335;1.36;2.0;6.4;8.6;26.0;25.0;17.19;712.1;0.0;48.0;;0.0;26.45;6.8;98.0
6336;1.43;2.1;9.8;12.1;23.0;25.0;24.55;712.2;0.0;53.0;;0.0;25.49;8.7;86.0
6337;1.34;1.9;2.8;5.0;32.0;43.0;18.04;712.3;0.0;61.0;;0.0;24.61;9.3;111.0
6338;1.35;1.9;2.8;5.0;29.0;31.0;17.82;712.3;0.0;65.0;5.8;0.0;23.7;7.2;105.0
6339;1.35;;3.0;5.1;27.0;26.0;18.87;712.1;0.0;67.0;5.8;0.0;23.15;5.8;79.0
6340;1.37;;3.5;5.6;27.0;27.0;21.57;711.9;0.0;69.0;;0.0;22.82;5.4;55.0
6341;1.38;3.0;4.3;7.5;22.0;25.0;18.28;712.1;0.0;71.0;5.7;0.0;22.17;3.1;146.0
6342;1.5;5.2;12.5;17.9;11.0;21.0;15.14;712.2;0.0;73.0;5.8;0.0;21.55;2.7;203.0
6343;1.88;21.9;20.9;43.1;3.0;37.0;23.0;712.6;0.0;73.0;5.9;0.008;21.68;2.5;283.0
6344;2.34;32.2;26.6;58.9;4.0;41.0;34.59;713.0;0.0;76.0;6.0;0.061;22.48;3.3;5.0
6345;2.19;27.1;27.9;55.1;9.0;79.0;39.82;713.3;0.0;70.0;6.2;0.207;24.33;3.0;9.0
6346;2.12;24.0;31.2;55.4;17.0;89.0;41.25;713.3;0.0;59.0;6.6;0.374;26.88;4.8;11.0
6347;1.83;13.8;24.8;38.8;32.0;80.0;32.27;713.2;0.0;52.0;7.5;0.386;28.14;6.7;53.0
6348;1.59;3.9;12.0;16.0;57.0;74.0;26.03;713.0;0.0;46.0;7.0;0.7;28.57;9.5;65.0
6349;1.43;2.7;6.9;9.9;62.0;53.0;26.59;712.4;0.0;38.0;6.5;0.949;29.72;11.5;83.0
6350;1.39;2.7;6.6;9.5;63.0;46.0;23.83;711.8;0.0;35.0;6.5;0.916;30.13;13.6;72.0
6351;1.37;;6.5;9.5;58.0;40.0;22.9;711.3;0.0;33.0;6.8;0.762;30.49;13.4;67.0
6352;1.4;2.5;8.4;11.2;63.0;40.0;36.35;711.0;0.0;36.0;9.6;0.394;30.06;14.1;87.0
6353;1.44;2.9;9.7;12.8;48.0;60.0;25.07;711.0;0.0;38.0;10.3;0.151;29.59;13.1;84.0
6354;1.42;2.7;9.7;12.6;43.0;48.0;23.15;710.9;0.0;35.0;11.4;0.049;29.7;13.2;90.0
6355;1.45;2.2;11.1;13.6;32.0;37.0;17.72;711.1;0.0;39.0;8.3;0.008;28.31;9.2;118.0
6356;1.44;2.1;10.4;12.8;33.0;29.0;21.27;711.5;0.0;41.0;6.7;0.0;27.5;8.3;123.0
6357;1.45;2.0;10.5;12.7;31.0;32.0;19.7;711.9;0.0;43.0;6.3;0.0;26.85;6.9;127.0
6358;1.42;2.1;8.7;11.0;31.0;27.0;19.45;712.2;0.0;44.0;6.0;0.0;26.29;6.5;130.0
6359;1.36;2.0;5.7;7.9;33.0;33.0;21.68;712.3;0.0;45.0;6.0;0.0;25.99;7.7;135.0
6360;1.44;2.0;10.6;12.8;26.0;28.0;23.52;712.4;0.0;44.0;6.1;0.0;25.68;7.9;69.0
6361;1.41;;7.3;9.5;28.0;39.0;18.89;712.4;0.0;48.0;6.2;0.0;24.82;4.8;113.0
6362;1.4;;4.9;7.1;30.0;34.0;20.23;712.2;0.0;59.0;6.0;0.0;24.32;8.3;63.0
6363;1.44;;6.2;8.4;24.0;31.0;27.07;712.2;0.0;69.0;5.9;0.0;22.91;7.4;37.0
6364;1.5;2.6;17.2;19.9;11.0;39.0;28.51;712.1;0.0;72.0;6.1;0.0;22.5;4.9;2.0
6365;1.62;2.4;16.7;19.2;12.0;52.0;24.35;712.1;0.0;74.0;6.3;0.0;22.29;5.2;22.0
6366;1.79;3.6;22.4;26.2;6.0;45.0;22.23;712.4;0.0;75.0;6.3;0.0;22.01;3.5;1.0
6367;1.88;12.4;22.2;34.8;4.0;43.0;24.73;712.7;0.0;76.0;6.2;0.011;21.76;3.5;211.0
6368;1.92;20.2;22.1;42.5;6.0;54.0;31.19;713.0;0.0;67.0;6.7;0.09;23.52;4.8;231.0
6369;1.97;19.4;21.9;41.5;15.0;63.0;30.95;713.2;0.0;59.0;8.3;0.328;25.64;4.9;349.0
6370;1.79;10.3;20.8;31.3;27.0;65.0;31.19;713.4;0.0;54.0;7.2;0.353;27.49;4.5;34.0
6371;2.03;12.7;31.2;44.1;35.0;58.0;34.61;713.3;0.0;51.0;8.6;0.325;27.96;8.8;68.0
6372;1.7;4.3;15.6;20.1;60.0;79.0;32.35;713.0;0.0;49.0;7.1;0.792;28.46;11.8;46.0
6373;1.55;3.1;10.3;13.7;64.0;58.0;28.28;712.4;0.0;43.0;7.0;0.677;29.22;13.3;64.0
6374;1.48;2.7;8.4;11.3;61.0;54.0;29.65;711.9;0.0;40.0;8.3;0.486;29.32;14.5;72.0
6375;1.45;2.9;7.5;10.7;47.0;51.0;21.27;711.3;0.0;38.0;7.4;0.39;29.47;14.0;78.0
6376;1.48;3.3;9.2;12.8;42.0;40.0;24.97;711.1;0.0;37.0;6.7;0.262;29.43;12.6;84.0
6377;1.46;3.1;8.0;11.4;41.0;40.0;21.89;710.9;0.0;36.0;6.3;0.218;29.87;11.0;107.0
6378;1.47;3.5;8.7;12.4;37.0;32.0;23.87;710.9;0.0;37.0;6.1;0.074;29.0;8.8;140.0
6379;1.5;2.3;11.1;13.6;35.0;33.0;21.63;711.1;0.0;37.0;6.0;0.007;28.56;9.0;123.0
6380;1.48;2.1;11.2;13.5;34.0;38.0;21.02;711.4;0.0;39.0;6.0;0.0;28.12;7.8;124.0
6381;1.48;2.0;10.7;12.9;33.0;34.0;23.66;711.8;0.0;41.0;;0.0;27.52;7.4;117.0
6382;1.49;2.0;10.9;13.1;33.0;36.0;22.43;712.0;0.0;42.0;;0.0;27.18;7.3;94.0
6383;1.54;;12.3;14.5;29.0;39.0;26.72;712.1;0.0;48.0;6.8;0.0;26.33;8.1;79.0
6384;1.46;1.9;5.2;7.3;35.0;51.0;26.52;712.3;0.0;58.0;6.4;0.0;25.34;9.8;119.0
6385;1.46;1.9;4.0;6.2;35.0;38.0;22.83;712.2;0.0;62.0;6.0;0.0;24.69;7.0;93.0
6386;1.46;2.0;4.3;6.5;35.0;32.0;25.14;712.2;0.0;65.0;5.8;0.0;24.29;7.2;52.0
6387;1.48;1.9;5.8;7.9;31.0;36.0;22.19;712.1;0.0;68.0;5.8;0.0;23.77;6.0;45.0
6388;1.46;2.0;4.4;6.6;30.0;32.0;24.12;711.8;0.0;69.0;;0.0;23.3;2.7;327.0
6389;1.55;2.0;12.5;14.7;19.0;36.0;25.39;711.8;0.0;73.0;5.7;0.0;23.02;3.1;345.0
6390;1.64;2.3;15.0;17.5;14.0;42.0;27.33;712.1;0.0;74.0;5.8;0.0;22.63;3.1;270.0
6391;1.65;4.6;21.7;26.5;6.0;47.0;29.72;712.3;0.0;67.0;6.0;0.01;22.39;3.9;233.0
6392;1.81;21.6;24.7;46.5;5.0;54.0;30.23;712.6;0.0;60.0;6.5;0.087;24.25;3.8;235.0
6393;1.82;15.0;23.4;38.7;14.0;63.0;29.16;713.0;0.0;56.0;6.6;0.303;26.8;3.2;145.0
6394;1.74;7.4;16.7;24.4;31.0;67.0;29.47;713.0;0.0;55.0;6.3;0.305;27.41;4.9;9.0
6395;1.74;5.8;16.9;22.9;46.0;82.0;28.94;713.0;0.0;49.0;6.5;0.363;28.7;5.3;27.0
6396;2.0;6.1;23.8;30.1;59.0;69.0;37.91;712.6;0.0;47.0;8.0;0.801;29.4;8.2;53.0
6397;1.76;3.1;14.3;17.7;84.0;88.0;36.65;712.1;0.0;44.0;7.2;0.844;29.83;11.4;61.0
6398;1.6;2.5;9.3;12.0;79.0;71.0;32.82;711.5;0.0;43.0;6.9;0.693;30.26;12.0;74.0
6399;1.53;2.3;6.6;9.1;63.0;57.0;32.55;710.9;0.0;45.0;6.7;0.467;29.86;11.7;129.0
6400;1.49;2.2;5.5;8.0;56.0;49.0;29.68;710.6;0.0;43.0;6.6;0.506;29.8;11.2;134.0
6401;1.47;2.3;5.2;7.7;50.0;41.0;28.93;710.4;0.0;44.0;6.2;0.193;29.52;9.9;135.0
6402;1.47;2.1;5.1;7.4;48.0;35.0;31.12;710.5;0.0;45.0;6.1;0.111;29.25;9.6;139.0
6403;1.47;2.0;5.4;7.6;47.0;41.0;28.11;710.7;0.0;48.0;6.1;0.015;27.45;10.5;122.0
6404;1.56;2.1;9.2;11.4;37.0;36.0;25.64;710.9;0.0;52.0;5.9;0.0;26.59;7.3;94.0
6405;1.59;2.0;11.1;13.3;35.0;35.0;32.32;711.2;0.0;49.0;5.9;0.0;26.55;4.6;149.0
6406;1.68;2.0;16.9;19.1;26.0;32.0;26.74;711.4;0.0;51.0;6.0;0.0;26.14;3.9;192.0
6407;1.71;2.1;17.1;19.4;24.0;45.0;30.06;711.6;0.0;53.0;6.0;0.0;25.85;5.2;142.0
6408;1.67;2.1;17.7;20.0;17.0;40.0;28.61;711.5;0.0;59.0;;0.0;25.36;3.9;84.0
6409;1.61;;12.6;14.8;17.0;41.0;29.81;711.4;0.0;65.0;6.2;0.0;25.06;5.6;53.0
6410;1.63;2.0;11.6;13.8;14.0;45.0;27.46;711.1;0.0;68.0;6.2;0.0;24.14;2.5;34.0
6411;1.71;2.1;15.6;17.9;8.0;42.0;29.24;710.9;0.0;70.0;;0.0;23.49;2.2;244.0
6412;1.67;2.2;17.9;20.2;7.0;39.0;32.76;710.7;0.0;69.0;6.3;0.0;23.15;2.5;235.0
6413;1.6;2.1;15.9;18.1;10.0;47.0;31.05;710.8;0.0;67.0;6.2;0.0;22.77;2.9;216.0
6414;1.55;2.4;14.0;16.6;12.0;46.0;28.49;710.9;0.0;63.0;6.5;0.0;22.74;3.3;201.0
6415;1.57;2.8;16.3;19.2;10.0;40.0;30.34;711.1;0.0;62.0;6.7;0.009;22.45;3.4;218.0
6416;1.61;5.6;15.4;21.3;12.0;42.0;27.14;711.3;0.0;56.0;7.5;0.089;24.24;4.8;208.0
6417;1.62;7.1;12.7;20.0;20.0;45.0;25.62;711.5;0.0;55.0;7.8;0.305;26.77;3.7;25.0
6418;1.66;4.7;11.2;16.2;33.0;48.0;30.5;711.7;0.0;57.0;6.9;0.26;27.76;4.5;353.0
6419;1.97;6.3;18.4;24.9;43.0;55.0;33.02;711.7;0.0;54.0;6.6;0.395;28.76;5.8;23.0
6420;1.79;5.6;19.2;25.1;54.0;65.0;34.28;711.4;0.0;49.0;7.5;0.794;29.57;7.6;45.0
6421;1.61;2.4;7.9;10.4;81.0;65.0;32.68;710.9;0.0;45.0;7.6;0.876;30.47;9.6;75.0
6422;1.7;2.9;9.1;12.2;74.0;48.0;37.15;710.4;0.0;41.0;7.0;0.742;31.18;10.1;57.0
6423;1.58;3.5;8.1;11.8;42.0;55.0;25.88;710.0;0.0;45.0;6.6;0.56;29.21;15.1;8.0
6424;1.56;3.2;7.3;10.7;45.0;57.0;21.86;709.8;0.0;45.0;6.3;0.562;29.81;12.2;11.0
6425;1.62;2.7;7.3;10.3;45.0;43.0;20.77;709.7;0.0;44.0;6.7;0.184;29.93;11.5;78.0
6426;1.58;2.6;8.3;11.1;39.0;43.0;24.22;710.1;0.0;45.0;6.3;0.047;29.1;11.8;84.0
6427;1.5;2.1;5.2;7.5;37.0;36.0;19.21;710.9;0.0;56.0;6.2;0.006;25.5;16.3;115.0
6428;1.51;2.1;5.6;7.9;37.0;57.0;17.96;711.4;0.0;58.0;6.0;0.0;24.37;9.1;95.0
6429;1.54;;8.5;10.8;34.0;27.0;18.77;711.9;0.0;53.0;6.1;0.0;25.03;6.5;80.0
6430;1.53;2.0;9.2;11.4;32.0;25.0;18.66;712.0;0.0;54.0;6.0;0.0;24.85;5.5;44.0
6431;1.56;2.1;9.1;11.4;28.0;28.0;17.49;712.4;0.0;58.0;6.0;0.0;24.17;7.3;48.0
6432;1.57;2.9;23.3;26.4;13.0;27.0;26.58;712.2;0.0;63.0;7.5;0.0;23.18;5.9;350.0
6433;1.61;2.0;16.5;18.7;18.0;59.0;24.24;712.0;0.0;64.0;7.9;0.0;22.79;2.9;279.0
6434;1.67;2.0;16.1;18.3;15.0;63.0;30.15;711.7;0.0;66.0;7.3;0.0;22.51;2.9;219.0
6435;1.63;2.1;17.1;19.3;11.0;55.0;26.08;711.7;0.0;67.0;6.9;0.0;22.43;2.6;293.0
6436;1.9;2.3;21.0;23.5;9.0;46.0;27.15;711.6;0.0;67.0;6.7;0.0;22.58;5.0;84.0
6437;1.59;2.2;17.1;19.4;10.0;49.0;23.39;711.6;0.0;68.0;6.6;0.0;21.96;3.0;167.0
6438;1.76;6.6;21.6;28.4;5.0;39.0;26.09;711.8;0.0;69.0;6.5;0.0;21.72;2.1;279.0
6439;2.1;30.8;25.5;56.5;3.0;47.0;27.52;712.4;0.0;69.0;6.6;0.005;21.83;3.0;358.0
6440;2.21;36.2;26.6;62.9;4.0;66.0;27.44;713.0;0.0;66.0;6.5;0.054;22.43;4.1;68.0
6441;2.31;43.9;34.5;78.7;5.0;63.0;33.95;713.5;0.0;64.0;6.9;0.132;23.38;3.2;24.0
6442;2.36;33.5;38.8;72.6;9.0;82.0;34.06;713.8;0.0;59.0;9.4;0.211;24.55;3.8;344.0
6443;2.02;11.9;25.3;37.4;29.0;87.0;27.94;713.8;0.0;49.0;10.1;0.358;26.47;4.6;355.0
6444;1.88;5.4;19.5;25.1;48.0;54.0;28.83;713.4;0.0;42.0;8.5;0.543;27.86;5.5;4.0
6445;1.61;4.5;16.6;21.3;46.0;52.0;21.5;712.9;0.0;44.0;9.4;0.347;27.59;8.3;29.0
6446;1.55;4.1;10.7;15.0;34.0;54.0;20.28;712.5;0.0;50.0;7.7;0.213;26.88;10.1;21.0
6447;1.53;3.7;10.8;14.6;32.0;48.0;20.01;712.1;0.0;50.0;6.9;0.12;26.79;8.4;57.0
6448;1.6;3.5;12.9;16.6;33.0;33.0;23.4;712.3;0.0;56.0;6.5;0.088;25.15;7.4;214.0
6449;1.66;4.2;10.1;14.5;26.0;39.0;19.76;713.0;0.0;74.0;6.1;0.05;21.36;12.8;335.0
6450;1.69;4.2;14.0;18.5;21.0;43.0;22.08;713.0;0.0;82.0;5.9;0.035;20.06;10.1;155.0
6451;1.62;2.5;10.2;12.9;23.0;28.0;19.82;713.6;0.0;82.0;5.9;0.004;20.05;10.6;120.0
6452;1.65;2.6;13.0;15.9;17.0;28.0;19.44;713.7;0.0;84.0;5.8;0.0;19.82;3.9;144.0
6453;1.78;2.5;19.8;22.4;10.0;23.0;21.79;714.0;0.0;85.0;5.8;0.0;20.13;3.0;271.0
6454;1.79;2.8;18.6;21.5;8.0;31.0;23.52;714.2;0.0;85.0;;0.0;20.41;2.5;191.0
6455;1.84;7.8;23.2;31.2;4.0;33.0;24.66;714.2;0.0;84.0;5.9;0.0;20.87;4.6;1.0
6456;1.91;3.4;21.2;24.8;4.0;30.0;27.73;714.2;0.0;85.0;5.8;0.0;20.28;3.1;28.0
6457;1.98;4.8;19.4;24.5;2.0;47.0;27.59;714.0;0.0;86.0;5.8;0.0;19.89;1.9;242.0
6458;1.85;6.9;17.8;24.9;4.0;56.0;27.01;713.8;0.0;86.0;5.9;0.0;19.67;3.9;204.0
6459;1.62;2.5;13.8;16.5;6.0;45.0;23.06;713.5;0.0;85.0;5.8;0.0;19.52;5.5;215.0
6460;1.68;3.5;18.0;21.7;3.0;39.0;27.66;713.5;0.0;83.0;5.9;0.0;19.62;3.6;237.0
6461;1.58;2.6;15.2;18.0;7.0;50.0;23.67;713.6;0.0;80.0;5.8;0.0;19.51;3.4;225.0
6462;1.65;5.0;16.8;22.0;6.0;50.0;20.73;713.7;0.0;74.0;5.8;0.0;19.86;2.7;282.0
6463;1.86;17.2;22.3;39.7;3.0;45.0;19.88;714.0;0.0;68.0;6.0;0.002;20.32;2.7;302.0
6464;2.36;48.2;21.2;69.8;2.0;41.0;25.83;714.7;0.0;73.0;6.1;0.015;20.37;3.5;185.0
6465;2.39;39.8;26.4;66.4;4.0;57.0;29.08;715.1;0.0;76.0;6.0;0.103;20.63;3.5;175.0
6466;2.13;14.9;23.3;38.4;20.0;64.0;23.01;715.3;0.0;59.0;6.0;0.22;24.8;4.7;129.0
6467;1.94;11.6;23.2;35.0;29.0;47.0;27.17;715.2;0.0;54.0;6.1;0.393;25.98;6.2;51.0
6468;1.6;6.8;15.7;22.7;40.0;57.0;28.74;714.9;0.0;50.0;6.6;0.808;26.71;7.7;44.0
6469;1.54;3.9;11.8;15.9;56.0;56.0;28.89;714.5;0.0;45.0;7.2;0.83;27.55;7.9;54.0
6470;1.55;4.0;13.6;17.8;59.0;42.0;24.91;714.0;0.0;44.0;8.0;0.779;28.01;9.7;30.0
6471;1.56;3.4;11.5;15.2;63.0;47.0;28.28;713.5;0.0;44.0;7.2;0.592;27.91;10.8;31.0
6472;1.56;3.8;12.0;15.9;51.0;48.0;26.35;713.5;0.0;43.0;6.6;0.472;27.6;11.9;33.0
6473;1.57;3.5;17.2;20.9;43.0;51.0;25.79;713.6;0.0;45.0;6.6;0.079;26.69;8.5;38.0
6474;1.62;3.3;20.4;23.8;40.0;45.0;26.94;713.6;0.0;45.0;6.7;0.048;26.75;7.4;21.0
6475;1.66;2.5;22.2;24.9;33.0;50.0;26.15;713.9;0.0;46.0;6.7;0.007;26.43;7.5;28.0
6476;1.65;2.6;21.9;24.6;38.0;50.0;27.83;714.2;0.0;49.0;6.9;0.0;26.0;7.4;11.0
6477;1.67;2.3;24.7;27.2;35.0;56.0;29.13;714.6;0.0;50.0;6.5;0.0;25.56;6.2;357.0
6478;1.74;2.2;28.2;30.6;24.0;62.0;29.23;714.8;0.0;54.0;6.6;0.0;25.21;5.5;39.0
6479;1.52;2.0;7.5;9.7;44.0;65.0;23.74;715.3;0.0;59.0;6.6;0.0;24.04;10.6;86.0
6480;1.48;2.0;4.7;6.9;45.0;42.0;19.96;715.5;0.0;63.0;6.3;0.0;23.08;7.5;90.0
6481;1.48;;4.0;6.1;47.0;32.0;20.72;715.3;0.0;67.0;6.1;0.0;22.45;9.0;95.0
6482;1.48;;4.3;6.5;43.0;26.0;;715.3;0.0;68.0;5.9;0.0;22.01;3.5;105.0
6483;1.5;;5.3;7.5;39.0;31.0;23.19;715.2;0.0;70.0;5.9;0.0;21.87;2.7;36.0
6484;1.58;;10.1;12.3;31.0;25.0;;715.2;0.0;74.0;;0.0;21.63;6.2;55.0
6485;1.56;;9.3;11.5;34.0;48.0;25.69;715.3;0.0;77.0;6.0;0.0;21.06;8.3;66.0
6486;1.63;2.3;15.8;18.2;27.0;34.0;25.47;715.6;0.0;79.0;5.9;0.0;20.83;6.7;71.0
6487;1.76;3.1;21.5;24.9;23.0;38.0;29.99;716.0;0.0;76.0;5.9;0.01;20.79;7.1;54.0
6488;1.7;4.0;17.4;21.6;32.0;56.0;23.85;716.4;0.0;67.0;;0.098;21.23;9.6;53.0
6489;1.67;4.3;14.0;18.5;39.0;49.0;17.67;716.8;0.0;62.0;;0.191;22.24;8.9;53.0
6490;1.63;4.0;13.1;17.3;53.0;47.0;21.95;717.2;0.0;58.0;6.3;0.191;23.45;8.3;51.0
6491;1.52;2.8;7.2;10.2;65.0;49.0;24.61;717.4;0.0;51.0;8.0;0.406;24.63;9.8;60.0
6492;1.51;2.7;8.3;11.2;70.0;49.0;28.07;717.2;0.0;46.0;8.3;0.841;25.27;10.7;73.0
6493;1.49;3.0;8.3;11.5;69.0;54.0;22.11;716.9;0.0;39.0;7.2;0.886;25.86;12.3;57.0
6494;1.43;2.9;7.7;10.9;68.0;48.0;26.41;716.5;0.0;34.0;6.6;0.86;26.42;11.1;62.0
6495;1.42;2.9;8.1;11.2;68.0;42.0;28.37;716.0;0.0;30.0;6.4;0.721;26.86;11.6;68.0
6496;1.42;2.8;8.1;11.1;67.0;36.0;23.77;715.8;0.0;31.0;6.3;0.576;27.05;12.9;69.0
6497;1.45;2.7;9.9;12.8;60.0;42.0;21.06;715.8;0.0;31.0;6.8;0.137;26.33;13.0;85.0
6498;1.48;2.6;10.9;13.6;59.0;37.0;26.88;715.8;0.0;33.0;8.6;0.036;26.06;12.0;103.0
6499;1.5;2.2;11.2;13.6;53.0;39.0;23.35;716.0;0.0;39.0;8.3;0.006;24.33;8.2;142.0
6500;1.52;2.0;12.4;14.6;49.0;39.0;25.6;716.2;0.0;40.0;7.8;0.0;23.66;7.9;128.0
6501;1.47;2.0;11.2;13.4;48.0;46.0;26.87;716.5;0.0;40.0;7.6;0.0;23.28;5.0;129.0
6502;1.45;;9.1;11.3;48.0;32.0;24.8;716.7;0.0;39.0;7.1;0.0;23.62;6.1;128.0
6503;1.44;;8.2;10.4;48.0;39.0;30.04;716.7;0.0;40.0;7.1;0.0;23.47;6.2;101.0
6504;1.48;;9.1;11.3;36.0;34.0;25.65;717.0;0.0;54.0;6.5;0.0;22.25;14.2;75.0
6505;1.42;;4.0;6.2;40.0;50.0;20.17;717.0;0.0;58.0;7.3;0.0;21.61;13.7;112.0
6506;1.41;1.9;3.3;5.5;40.0;38.0;22.47;716.8;0.0;60.0;6.4;0.0;21.02;10.8;99.0
6507;1.42;2.0;3.3;5.5;39.0;34.0;20.06;716.6;0.0;61.0;6.2;0.0;20.52;7.8;111.0
6508;1.41;2.0;2.9;5.1;39.0;36.0;19.04;716.5;0.0;63.0;6.0;0.0;20.38;7.3;102.0
6509;1.5;2.1;5.4;7.7;34.0;29.0;21.9;716.5;0.0;64.0;5.9;0.0;20.02;5.2;44.0
6510;1.53;2.7;16.5;19.4;24.0;37.0;20.77;716.7;0.0;66.0;6.0;0.0;19.66;6.2;40.0
6511;1.81;6.6;29.1;35.9;11.0;41.0;20.88;717.0;0.0;67.0;6.4;0.012;19.64;7.6;49.0
6512;2.05;21.2;33.1;54.5;8.0;47.0;28.76;717.2;0.0;66.0;7.4;0.112;20.42;6.8;39.0
6513;1.68;6.6;15.5;22.4;28.0;83.0;24.51;717.3;0.0;61.0;7.0;0.22;21.44;7.6;57.0
6514;1.66;5.5;14.3;20.1;36.0;43.0;22.68;717.4;0.0;57.0;6.5;0.153;22.27;6.8;77.0
6515;1.48;3.0;5.9;9.1;48.0;52.0;23.54;717.3;0.0;49.0;6.2;0.418;23.65;8.9;92.0
6516;1.48;3.2;7.8;11.3;55.0;39.0;22.53;716.8;0.0;39.0;6.2;0.855;25.03;8.8;92.0
6517;1.45;3.2;7.6;11.0;58.0;39.0;21.68;716.1;0.0;33.0;6.1;0.905;25.81;10.2;74.0
6518;1.45;2.9;7.3;10.4;64.0;42.0;21.76;715.4;0.0;32.0;6.5;0.881;26.4;10.8;51.0
6519;1.44;2.8;9.3;12.3;74.0;45.0;23.5;714.8;0.0;30.0;9.0;0.777;26.91;13.2;57.0
6520;1.46;3.0;9.3;12.6;63.0;47.0;21.42;714.4;0.0;32.0;9.4;0.608;26.85;16.5;65.0
6521;1.45;2.9;8.6;11.7;55.0;57.0;21.96;714.3;0.0;32.0;7.1;0.158;26.63;14.9;79.0
6522;1.52;2.5;10.7;13.4;55.0;43.0;24.9;714.1;0.0;36.0;10.6;0.038;25.98;12.3;87.0
6523;1.51;2.2;11.2;13.6;43.0;46.0;;714.1;0.0;38.0;8.1;0.006;24.62;9.4;119.0
6524;1.51;2.1;11.9;14.2;39.0;39.0;;714.3;0.0;41.0;6.6;0.0;23.79;8.7;111.0
6525;1.54;2.0;12.1;14.3;36.0;36.0;;714.6;0.0;44.0;6.2;0.0;23.18;7.1;123.0
6526;1.52;2.0;10.4;12.7;34.0;35.0;;714.5;0.0;47.0;6.0;0.0;22.39;3.8;114.0
6527;1.49;;8.4;10.6;34.0;37.0;;714.4;0.0;50.0;6.0;0.0;21.64;2.4;96.0
6528;1.5;2.6;8.2;11.0;34.0;36.0;;714.1;0.0;51.0;5.9;0.0;21.25;1.9;105.0
6529;1.45;2.0;6.5;8.7;33.0;31.0;17.88;713.9;0.0;51.0;5.9;0.0;21.12;1.8;288.0
6530;1.47;2.0;9.6;11.9;27.0;31.0;17.87;713.7;0.0;53.0;;0.0;20.67;2.0;333.0
6531;1.63;5.1;28.0;33.3;10.0;33.0;28.75;713.5;0.0;56.0;6.0;0.0;20.25;3.1;27.0
6532;1.55;2.1;16.7;18.9;16.0;66.0;26.45;713.3;0.0;59.0;5.9;0.0;19.32;1.8;206.0
6533;1.62;2.8;24.2;27.2;8.0;41.0;22.52;713.2;0.0;61.0;5.9;0.0;18.89;3.4;214.0
6534;1.62;4.9;27.7;32.8;5.0;46.0;25.27;713.3;0.0;59.0;7.3;0.0;18.77;3.6;219.0
6535;1.78;13.5;28.4;42.1;4.0;50.0;23.38;713.4;0.0;55.0;8.3;0.01;18.93;4.6;224.0
6536;1.98;26.3;28.9;55.4;6.0;52.0;26.98;713.4;0.0;46.0;9.8;0.107;21.47;4.9;204.0
6537;1.86;17.5;27.2;44.8;16.0;61.0;27.88;713.5;0.0;40.0;9.0;0.201;23.6;5.4;107.0
6538;2.1;17.2;35.5;53.0;27.0;61.0;35.68;713.6;0.0;39.0;8.1;0.145;25.3;4.8;26.0
6539;2.14;22.8;47.2;70.2;32.0;86.0;42.54;713.4;0.0;37.0;14.2;0.421;26.12;7.0;35.0
6540;1.82;6.9;24.7;31.7;59.0;112.0;34.94;713.0;0.0;35.0;9.9;0.836;26.81;11.2;55.0
6541;1.56;3.4;11.0;14.5;63.0;76.0;25.58;712.3;0.0;29.0;7.2;0.904;28.22;12.1;100.0
6542;1.47;2.7;7.5;10.4;64.0;42.0;20.96;711.6;0.0;27.0;6.5;0.89;28.58;13.8;115.0
6543;1.44;2.8;7.2;10.2;56.0;36.0;20.14;711.0;0.0;26.0;6.2;0.787;28.94;13.6;120.0
6544;1.44;2.9;6.9;10.1;51.0;37.0;23.46;710.7;0.0;27.0;6.2;0.607;28.98;13.9;102.0
6545;1.42;2.6;6.5;9.4;52.0;35.0;18.6;710.4;0.0;26.0;6.1;0.159;28.69;14.5;103.0
6546;1.48;2.6;9.0;11.8;50.0;34.0;19.59;710.4;0.0;27.0;6.1;0.034;28.13;13.4;96.0
6547;1.51;2.3;11.8;14.3;45.0;41.0;25.62;710.4;0.0;30.0;;0.006;26.58;11.0;121.0
6548;1.51;2.1;12.5;14.8;41.0;40.0;24.77;710.4;0.0;33.0;6.0;0.0;25.68;9.3;124.0
6549;1.53;2.0;13.4;15.6;39.0;39.0;21.78;710.7;0.0;34.0;6.1;0.0;25.19;8.2;104.0
6550;1.6;2.1;16.3;18.5;33.0;38.0;22.36;710.9;0.0;36.0;6.1;0.0;24.47;6.6;90.0
6551;1.45;2.0;8.3;10.5;46.0;42.0;21.47;711.0;0.0;36.0;6.0;0.0;24.23;8.1;106.0
6552;;;;;;;;;;;;;;;
6553;1.48;2.0;9.4;11.6;41.0;37.0;22.28;710.7;0.0;40.0;6.0;0.0;22.62;3.9;40.0
6554;1.63;2.2;30.3;32.6;17.0;36.0;;710.7;0.0;45.0;6.7;0.0;21.73;4.1;359.0
6555;1.69;2.2;34.2;36.6;9.0;66.0;;710.6;0.0;51.0;6.8;0.0;20.39;2.6;338.0
6556;1.77;2.7;34.1;36.9;5.0;68.0;;710.6;0.0;55.0;6.5;0.0;19.96;2.3;324.0
6557;1.72;2.5;26.8;29.5;8.0;67.0;;710.9;0.0;57.0;6.4;0.0;19.35;1.8;29.0
6558;1.77;7.1;34.7;42.0;3.0;63.0;;711.3;0.0;58.0;6.5;0.0;18.88;1.8;318.0
6559;1.87;14.8;37.1;52.1;3.0;60.0;;711.6;0.0;59.0;7.1;0.009;18.71;1.8;260.0
6560;1.95;18.6;33.8;52.6;9.0;65.0;;711.9;0.0;50.0;10.0;0.107;21.74;2.7;345.0
6561;1.89;13.8;29.4;43.4;22.0;65.0;;712.2;0.0;43.0;11.8;0.181;23.69;4.2;35.0
6562;2.17;13.2;32.8;46.2;33.0;69.0;;712.3;0.0;40.0;11.3;0.156;24.62;5.3;18.0
6563;2.0;17.2;37.5;54.9;40.0;76.0;;712.4;0.0;37.0;15.4;0.438;25.74;8.5;44.0
6564;1.83;5.9;23.9;29.9;63.0;96.0;;712.2;0.0;34.0;8.8;0.825;27.04;9.3;69.0
6565;1.49;2.8;7.7;10.7;61.0;82.0;;711.8;0.0;28.0;7.0;0.904;28.35;11.9;133.0
6566;1.46;2.9;6.7;9.8;62.0;42.0;;711.3;0.0;26.0;6.6;0.882;28.91;12.5;117.0
6567;1.47;2.9;7.2;10.3;57.0;38.0;;711.0;0.0;26.0;6.7;0.774;28.95;15.0;88.0
6568;1.46;2.7;6.6;9.6;58.0;39.0;;710.8;0.0;29.0;6.5;0.593;28.57;16.9;83.0
6569;1.48;2.5;6.7;9.4;58.0;46.0;;710.8;0.0;32.0;7.0;0.161;28.07;16.3;75.0
6570;1.52;2.3;7.8;10.3;53.0;46.0;;711.0;0.0;35.0;7.6;0.041;27.44;15.1;79.0
6571;1.56;2.1;9.1;11.4;49.0;48.0;;711.3;0.0;38.0;7.6;0.005;26.34;13.3;86.0
6572;1.54;2.0;7.9;10.1;47.0;45.0;;711.6;0.0;39.0;6.7;0.0;25.53;8.1;126.0
6573;1.51;2.0;6.2;8.4;48.0;37.0;;711.9;0.0;40.0;6.2;0.0;25.19;9.2;137.0
6574;1.51;;6.5;8.7;46.0;43.0;;712.3;0.0;42.0;6.2;0.0;24.92;7.9;112.0
6575;1.56;;7.7;10.0;41.0;39.0;;712.5;0.0;47.0;6.9;0.0;23.93;11.4;75.0
6576;1.51;;4.8;7.0;43.0;50.0;;712.7;0.0;60.0;6.4;0.0;22.29;12.2;83.0
6577;1.49;1.9;3.5;5.7;47.0;39.0;22.1;712.8;0.0;60.0;6.1;0.0;21.86;11.2;90.0
6578;1.51;2.0;4.8;7.0;41.0;32.0;;712.8;0.0;65.0;6.1;0.0;21.21;8.8;69.0
6579;1.51;2.0;4.2;6.4;39.0;32.0;;712.7;0.0;71.0;5.9;0.0;20.15;9.9;45.0
6580;1.51;;4.6;6.8;37.0;28.0;;712.7;0.0;72.0;6.0;0.0;19.59;7.9;35.0
6581;1.51;;5.3;7.5;36.0;29.0;;712.9;0.0;72.0;6.2;0.0;19.33;6.5;49.0
6582;1.58;;13.3;15.5;27.0;29.0;;713.2;0.0;72.0;6.6;0.0;19.38;3.7;18.0
6583;1.62;3.1;20.3;23.6;18.0;32.0;;713.7;0.0;72.0;7.4;0.006;19.5;6.1;49.0
6584;1.69;6.7;23.0;29.9;15.0;48.0;34.05;714.1;0.0;70.0;8.7;0.099;20.0;4.5;71.0
6585;1.7;7.0;19.7;27.0;24.0;43.0;31.81;714.6;0.0;67.0;8.5;0.177;20.78;6.8;16.0
6586;1.63;6.6;15.3;22.1;33.0;50.0;38.57;714.8;0.0;63.0;9.0;0.28;22.15;7.4;63.0
6587;1.6;5.2;11.5;17.0;43.0;45.0;41.74;714.8;0.0;58.0;8.4;0.481;23.34;7.6;56.0
6588;1.6;2.8;6.9;10.0;59.0;43.0;41.16;714.4;0.0;53.0;7.0;0.84;24.8;9.2;52.0
6589;1.53;2.4;5.1;7.8;57.0;45.0;24.08;714.1;0.0;49.0;6.6;0.631;25.28;12.3;60.0
6590;1.52;2.5;4.8;7.5;56.0;47.0;26.34;713.5;0.0;44.0;6.5;0.664;26.0;14.8;64.0
6591;1.51;2.5;5.6;8.3;54.0;45.0;29.33;713.3;0.0;44.0;6.7;0.363;25.97;15.1;69.0
6592;1.52;;6.2;8.9;55.0;38.0;20.44;713.3;0.0;43.0;8.1;0.288;25.94;14.0;72.0
6593;1.51;2.6;7.1;9.9;52.0;45.0;26.3;713.4;0.0;42.0;9.2;0.116;25.82;12.6;78.0
6594;1.49;2.1;6.1;8.4;52.0;43.0;25.49;713.6;0.0;42.0;9.8;0.077;25.57;13.1;93.0
6595;1.51;2.0;7.7;9.9;44.0;38.0;27.19;713.9;0.0;41.0;8.4;0.008;25.0;11.6;91.0
6596;1.51;2.0;8.1;10.3;44.0;35.0;27.55;714.1;0.0;40.0;6.6;0.0;24.51;10.1;99.0
6597;1.5;;8.6;10.7;42.0;32.0;24.79;714.5;0.0;41.0;6.9;0.0;24.16;7.7;117.0
6598;1.48;;6.1;8.2;43.0;30.0;26.35;714.6;0.0;45.0;6.4;0.0;23.78;7.2;119.0
6599;1.53;;9.2;11.4;39.0;26.0;;714.5;0.0;46.0;6.2;0.0;23.55;7.7;82.0
6600;1.52;;10.0;12.1;39.0;40.0;20.16;714.3;0.0;44.0;6.1;0.0;23.53;6.4;68.0
6601;1.74;2.1;25.6;27.9;19.0;33.0;19.33;714.2;0.0;48.0;6.9;0.0;22.69;6.3;5.0
6602;1.48;2.2;9.3;11.7;35.0;52.0;16.56;714.2;0.0;57.0;6.5;0.0;21.55;10.3;57.0
6603;1.49;2.2;10.9;13.2;30.0;34.0;18.54;713.9;0.0;62.0;7.4;0.0;20.74;8.4;46.0
6604;1.49;2.0;4.7;6.9;35.0;39.0;19.88;714.0;0.0;68.0;6.8;0.0;20.4;7.9;57.0
6605;1.52;2.0;6.6;8.9;32.0;30.0;19.08;714.2;0.0;76.0;6.4;0.0;19.8;7.7;50.0
6606;1.58;2.3;10.5;13.0;29.0;35.0;21.85;714.4;0.0;78.0;6.4;0.0;19.49;7.7;74.0
6607;1.77;3.4;19.9;23.5;17.0;40.0;23.6;714.8;0.0;79.0;6.5;0.005;19.45;5.9;41.0
6608;1.89;8.1;24.8;33.0;12.0;46.0;28.29;715.0;0.0;77.0;7.1;0.051;19.78;5.5;35.0
6609;1.82;6.7;16.9;23.9;22.0;54.0;25.67;715.1;0.0;73.0;7.2;0.212;20.61;8.3;66.0
6610;1.71;6.0;15.8;22.0;26.0;48.0;28.77;715.3;0.0;68.0;6.8;0.214;21.35;6.7;39.0
6611;1.72;10.5;22.0;32.8;23.0;47.0;29.74;715.4;0.0;64.0;7.8;0.325;22.15;7.5;9.0
6612;1.68;7.8;16.2;24.2;36.0;55.0;28.47;715.0;0.0;58.0;9.3;0.456;23.44;7.2;17.0
6613;1.65;3.7;9.7;13.6;40.0;52.0;28.82;714.6;0.0;59.0;6.9;0.335;23.48;10.2;64.0
6614;1.61;3.4;8.8;12.4;39.0;42.0;25.39;714.2;0.0;56.0;6.5;0.279;23.85;9.0;49.0
6615;1.61;3.3;9.7;13.3;37.0;33.0;27.58;713.8;0.0;54.0;6.2;0.181;24.06;8.6;72.0
6616;1.6;3.1;8.4;11.7;38.0;38.0;29.52;713.5;0.0;53.0;6.1;0.2;24.29;8.3;74.0
6617;1.63;3.0;10.5;13.7;39.0;38.0;25.17;713.5;0.0;53.0;6.4;0.102;24.08;8.5;61.0
6618;1.66;2.6;11.7;14.5;34.0;39.0;28.94;713.7;0.0;54.0;6.8;0.035;23.82;7.4;100.0
6619;1.68;2.6;13.9;16.6;30.0;36.0;23.16;713.6;0.0;57.0;7.3;0.003;23.42;7.0;117.0
6620;1.6;2.1;10.4;12.6;32.0;38.0;19.34;713.8;0.0;58.0;7.3;0.0;23.22;6.0;129.0
6621;1.54;2.0;7.9;10.1;34.0;37.0;24.89;714.2;0.0;58.0;7.6;0.0;23.18;5.9;111.0
6622;1.56;2.0;8.8;11.0;31.0;30.0;17.47;714.2;0.0;59.0;9.8;0.0;23.13;7.2;111.0
6623;1.54;;7.2;9.4;32.0;33.0;22.08;714.0;0.0;59.0;8.6;0.0;23.0;7.3;116.0
6624;1.51;;4.7;6.8;34.0;32.0;19.42;713.8;0.0;61.0;7.2;0.0;22.77;7.2;103.0
6625;1.5;;5.2;7.3;37.0;31.0;27.57;713.5;0.0;58.0;6.9;0.0;22.57;9.2;78.0
6626;1.49;;3.8;6.0;38.0;34.0;24.13;713.2;0.0;59.0;7.4;0.0;22.15;7.3;102.0
6627;1.49;1.9;3.3;5.5;37.0;35.0;24.13;713.2;0.0;63.0;6.6;0.0;21.74;9.2;90.0
6628;1.51;2.0;5.3;7.5;36.0;32.0;19.33;713.2;0.0;67.0;6.2;0.0;21.2;8.1;47.0
6629;1.52;2.0;10.1;12.3;34.0;28.0;21.97;713.1;0.0;69.0;6.7;0.0;20.43;8.5;58.0
6630;1.57;2.3;11.2;13.7;33.0;35.0;25.26;713.3;0.0;72.0;6.5;0.0;20.05;7.2;51.0
6631;1.77;3.3;21.1;24.6;21.0;33.0;24.71;713.4;0.0;73.0;6.3;0.003;20.02;6.2;51.0
6632;1.86;7.0;29.0;36.1;13.0;35.0;30.34;713.8;0.0;72.0;7.5;0.03;20.26;6.1;36.0
6633;1.89;6.3;22.9;29.4;20.0;53.0;25.47;713.9;0.0;71.0;8.5;0.086;20.6;5.8;55.0
6634;1.8;4.6;17.3;22.1;25.0;50.0;22.52;714.2;0.0;70.0;7.3;0.106;21.03;4.9;38.0
6635;1.84;6.5;16.7;23.4;23.0;40.0;30.49;714.2;0.0;72.0;6.6;0.247;21.4;4.6;66.0
6636;1.7;3.8;11.1;15.1;35.0;45.0;26.43;713.9;0.0;68.0;6.4;0.241;22.27;5.3;84.0
6637;1.82;6.8;22.8;29.8;34.0;40.0;22.86;713.4;0.0;63.0;8.2;0.244;22.82;5.8;31.0
6638;1.81;4.2;15.6;19.9;44.0;51.0;26.86;712.9;0.0;61.0;7.5;0.245;22.84;8.8;62.0
6639;1.73;3.4;12.4;16.0;43.0;43.0;26.63;712.4;0.0;61.0;6.7;0.216;23.0;7.7;65.0
6640;1.75;4.0;12.2;16.3;35.0;41.0;24.24;712.3;0.0;64.0;6.3;0.224;23.1;8.9;66.0
6641;1.72;3.6;12.0;15.8;36.0;43.0;21.14;712.2;0.0;63.0;6.1;0.159;23.01;10.9;60.0
6642;1.69;2.8;12.9;15.8;32.0;36.0;25.86;712.3;0.0;59.0;6.1;0.02;22.5;8.6;93.0
6643;1.64;2.4;11.3;13.9;31.0;29.0;24.69;712.6;0.0;56.0;6.0;0.001;22.14;6.6;117.0
6644;1.53;2.2;9.4;11.8;35.0;30.0;27.23;712.8;0.0;50.0;6.1;0.0;21.99;8.2;120.0
6645;1.51;2.1;6.0;8.3;37.0;30.0;21.59;713.2;0.0;58.0;6.0;0.0;20.9;9.5;122.0
6646;1.49;2.0;4.7;7.0;38.0;28.0;;713.3;0.0;64.0;5.9;0.0;20.23;10.1;125.0
6647;1.48;2.0;3.4;5.6;39.0;27.0;24.45;713.3;0.0;66.0;5.8;0.0;20.34;10.3;114.0
6648;1.47;1.9;3.4;5.6;39.0;25.0;21.84;713.2;0.0;63.0;5.9;0.0;20.78;8.5;107.0
6649;1.45;1.9;2.9;5.0;40.0;25.0;22.3;712.8;0.0;58.0;5.9;0.0;21.32;8.2;106.0
6650;1.45;;2.9;5.0;39.0;24.0;22.82;712.6;0.0;58.0;;0.0;21.39;6.0;82.0
6651;1.53;2.0;9.3;11.5;28.0;21.0;;712.5;0.0;62.0;;0.0;20.8;6.0;57.0
6652;1.53;2.0;10.2;12.4;25.0;39.0;27.38;712.4;0.0;65.0;6.1;0.0;20.24;4.2;6.0
6653;1.54;2.1;10.3;12.6;25.0;35.0;19.86;712.5;0.0;65.0;6.3;0.0;20.42;2.9;4.0
6654;1.62;3.5;16.2;19.9;17.0;33.0;25.84;712.7;0.0;65.0;6.3;0.0;20.43;2.1;25.0
6655;1.67;2.9;16.7;19.7;21.0;40.0;22.63;713.0;0.0;64.0;6.2;0.005;20.65;4.5;68.0
6656;1.83;5.3;22.2;27.7;17.0;36.0;24.83;713.5;0.0;65.0;6.1;0.031;20.89;5.5;41.0
6657;1.96;9.2;24.1;33.6;16.0;36.0;21.95;714.0;0.0;66.0;6.2;0.118;21.04;8.1;51.0
6658;1.75;5.8;16.1;22.1;25.0;50.0;24.18;714.4;0.0;67.0;7.1;0.253;21.39;7.8;70.0
6659;1.81;7.2;19.6;27.1;30.0;47.0;27.33;714.5;0.0;63.0;8.8;0.307;22.38;8.8;53.0
6660;1.77;5.2;18.1;23.5;37.0;46.0;24.35;714.2;0.0;64.0;9.9;0.287;22.28;9.8;60.0
6661;1.65;4.0;9.5;13.7;34.0;59.0;32.4;713.9;0.0;58.0;7.4;0.293;22.99;9.6;91.0
6662;1.53;3.2;5.4;8.8;39.0;36.0;28.31;713.0;0.0;50.0;6.3;0.787;24.44;12.9;112.0
6663;1.52;3.2;5.4;8.9;40.0;26.0;;712.7;0.0;47.0;6.3;0.494;24.71;10.4;117.0
6664;1.54;3.0;5.9;9.1;38.0;29.0;25.18;712.5;0.0;47.0;6.2;0.319;24.84;9.7;136.0
6665;1.56;3.2;7.4;10.8;35.0;30.0;28.47;712.4;0.0;47.0;6.1;0.169;24.61;10.4;125.0
6666;1.63;3.1;11.7;15.1;30.0;31.0;21.59;712.6;0.0;48.0;6.0;0.057;23.88;9.5;123.0
6667;1.63;2.5;12.7;15.4;27.0;31.0;22.86;712.8;0.0;50.0;6.0;0.004;23.41;11.2;118.0
6668;1.62;2.3;11.3;13.7;26.0;34.0;21.25;713.1;0.0;52.0;;0.0;23.36;10.1;124.0
6669;1.61;2.2;9.9;12.2;27.0;32.0;20.71;713.4;0.0;51.0;;0.0;23.52;9.1;119.0
6670;1.53;2.0;8.2;10.4;28.0;37.0;21.22;713.7;0.0;48.0;;0.0;23.77;6.6;119.0
6671;1.7;4.2;21.1;25.6;15.0;28.0;17.75;713.9;0.0;49.0;6.1;0.0;23.76;4.7;67.0
6672;1.84;4.7;29.6;34.5;5.0;45.0;21.9;713.9;0.0;52.0;6.4;0.0;23.31;5.6;65.0
6673;1.7;2.2;20.3;22.6;14.0;61.0;13.74;714.0;0.0;53.0;6.3;0.0;22.94;4.4;49.0
6674;1.59;2.1;11.7;14.0;22.0;49.0;16.76;714.0;0.0;57.0;9.2;0.0;22.45;8.6;37.0
6675;1.58;2.0;9.4;11.6;21.0;39.0;23.55;713.8;0.0;62.0;10.5;0.0;21.73;4.4;22.0
6676;1.61;2.1;11.8;14.1;15.0;41.0;24.69;713.6;0.0;64.0;7.3;0.0;21.48;3.5;3.0
6677;1.66;2.4;14.5;17.1;12.0;39.0;23.98;713.7;0.0;67.0;6.8;0.0;21.22;6.2;45.0
6678;1.73;4.0;19.8;24.0;8.0;48.0;23.92;714.0;0.0;72.0;7.1;0.0;20.8;6.0;63.0
6679;1.9;9.7;24.5;34.4;4.0;52.0;22.94;714.4;0.0;72.0;7.3;0.002;20.77;5.9;57.0
6680;2.03;15.6;25.7;41.5;4.0;46.0;26.9;714.8;0.0;73.0;7.2;0.026;20.76;5.7;25.0
6681;2.08;29.2;25.6;54.8;6.0;59.0;25.5;715.3;0.0;71.0;7.8;0.148;21.27;5.8;37.0
6682;1.95;20.1;25.3;45.5;7.0;70.0;28.84;715.4;0.0;69.0;8.1;0.105;21.6;5.8;44.0
6683;2.01;16.2;25.3;41.7;9.0;56.0;30.15;715.5;0.0;67.0;7.7;0.145;21.84;7.2;65.0
6684;1.98;11.0;22.5;33.7;18.0;57.0;30.97;715.4;0.0;64.0;7.4;0.249;22.67;7.4;65.0
6685;1.93;7.0;20.1;27.4;22.0;58.0;21.46;715.0;0.0;63.0;6.7;0.186;22.75;8.0;84.0
6686;1.74;4.8;13.2;18.2;27.0;48.0;20.88;714.5;0.0;57.0;6.5;0.162;23.15;8.1;81.0
6687;1.9;5.6;20.7;26.6;29.0;35.0;21.46;714.2;0.0;60.0;6.3;0.175;23.13;7.8;61.0
6688;1.86;4.5;16.4;21.1;29.0;60.0;17.95;714.0;0.0;62.0;6.3;0.149;23.04;7.5;79.0
6689;1.8;4.0;15.6;19.9;24.0;49.0;19.77;714.0;0.0;64.0;6.1;0.059;22.82;8.5;57.0
6690;1.93;4.0;20.6;24.8;14.0;48.0;18.04;714.3;0.0;71.0;6.1;0.006;21.95;8.4;75.0
6691;1.99;4.5;22.4;27.1;11.0;46.0;19.23;714.7;0.0;77.0;6.0;0.0;20.51;5.4;317.0
6692;1.88;3.1;19.5;22.8;12.0;55.0;20.43;715.2;0.0;82.0;6.0;0.0;19.58;3.8;264.0
6693;1.97;3.7;24.6;28.5;5.0;32.0;27.3;715.6;0.0;83.0;5.9;0.0;19.55;4.8;241.0
6694;1.83;3.0;19.2;22.4;12.0;30.0;21.66;716.2;0.0;84.0;5.9;0.0;18.77;6.6;210.0
6695;1.63;2.2;10.8;13.2;19.0;35.0;23.87;716.4;0.0;84.0;;0.0;17.89;4.6;223.0
6696;1.6;2.1;10.5;12.8;20.0;32.0;;716.5;0.0;84.0;6.0;0.0;17.2;4.4;206.0
6697;1.53;2.1;12.5;14.7;20.0;30.0;;716.3;0.0;84.0;5.9;0.0;16.37;3.5;187.0
6698;1.5;2.2;14.8;17.1;18.0;25.0;;716.1;0.0;85.0;5.9;0.0;15.98;2.7;163.0
6699;1.51;2.0;8.0;10.2;25.0;27.0;;715.7;0.0;86.0;;0.0;16.1;2.6;35.0
6700;1.53;2.0;4.9;7.1;28.0;31.0;28.31;715.7;0.0;86.0;;0.0;16.23;3.0;42.0
6701;1.53;2.6;5.1;7.9;25.0;27.0;;715.7;0.0;86.0;;0.0;16.23;2.7;84.0
6702;1.66;4.6;12.9;17.8;14.0;23.0;;716.0;0.0;87.0;;0.0;16.37;3.2;203.0
6703;1.76;8.3;19.2;27.7;8.0;23.0;;716.4;0.0;86.0;5.8;0.003;16.56;3.4;208.0
6704;1.98;17.7;23.2;41.1;4.0;33.0;27.42;716.6;0.0;85.0;5.9;0.036;17.17;3.0;223.0
6705;2.19;27.3;26.9;54.4;6.0;40.0;32.1;717.0;0.0;81.0;6.0;0.15;18.54;2.1;261.0
6706;2.54;29.4;33.8;63.4;12.0;54.0;33.27;717.0;0.0;73.0;6.4;0.316;20.34;4.1;45.0
6707;2.11;26.6;34.1;60.9;20.0;75.0;32.41;716.8;0.0;62.0;9.6;0.505;22.14;6.8;27.0
6708;1.85;17.8;32.2;50.3;25.0;75.0;34.95;716.8;0.0;59.0;11.1;0.487;22.31;8.5;31.0
6709;1.82;7.7;20.0;27.9;44.0;61.0;32.65;716.3;0.0;54.0;8.8;0.636;23.31;8.7;58.0
6710;1.84;5.1;18.8;24.2;49.0;53.0;25.65;715.8;0.0;54.0;7.1;0.399;23.27;9.9;71.0
6711;1.81;3.9;16.3;20.3;47.0;54.0;34.45;715.4;0.0;56.0;6.6;0.233;22.97;9.5;74.0
6712;1.79;3.7;15.6;19.5;47.0;45.0;32.96;715.2;0.0;55.0;6.4;0.216;23.07;8.6;71.0
6713;1.77;2.8;14.9;17.9;44.0;48.0;24.46;715.2;0.0;56.0;6.6;0.077;22.74;8.6;80.0
6714;1.73;2.5;12.9;15.6;39.0;38.0;27.41;715.3;0.0;58.0;6.4;0.034;22.3;7.3;125.0
6715;1.73;2.2;12.5;14.8;39.0;39.0;24.3;715.5;0.0;59.0;6.3;0.002;21.93;7.3;111.0
6716;1.87;2.7;21.1;24.0;22.0;38.0;24.17;716.1;0.0;65.0;6.3;0.0;21.42;8.2;54.0
6717;1.79;4.7;23.4;28.3;13.0;60.0;31.37;716.7;0.0;74.0;6.5;0.0;20.47;7.6;42.0
6718;1.63;2.4;12.2;14.7;25.0;42.0;29.18;717.0;0.0;75.0;6.3;0.0;20.12;7.9;50.0
6719;1.54;2.0;6.7;9.0;34.0;26.0;23.64;717.1;0.0;69.0;6.1;0.0;20.25;9.5;59.0
6720;1.57;2.0;6.9;9.1;30.0;27.0;21.26;717.1;0.0;74.0;6.1;0.0;19.85;7.2;52.0
6721;1.59;;6.3;8.6;27.0;28.0;21.31;717.0;0.0;75.0;;0.0;19.72;4.8;116.0
6722;1.53;;4.9;7.1;30.0;32.0;17.34;717.0;0.0;77.0;6.0;0.0;19.0;2.4;187.0
6723;1.53;;6.1;8.3;29.0;23.0;16.75;716.9;0.0;78.0;6.0;0.0;18.95;2.7;197.0
6724;1.52;;3.5;5.7;35.0;24.0;19.33;716.7;0.0;79.0;;0.0;18.83;3.7;117.0
6725;1.53;;4.4;6.6;32.0;28.0;20.26;716.7;0.0;79.0;;0.0;18.75;4.5;75.0
6726;1.58;2.1;8.0;10.3;26.0;24.0;21.18;716.9;0.0;79.0;5.9;0.0;18.59;4.6;125.0
6727;1.66;2.2;13.6;15.9;18.0;20.0;;717.2;0.0;80.0;5.9;0.003;18.69;3.2;117.0
6728;1.85;4.9;22.1;27.1;11.0;22.0;;717.6;0.0;78.0;6.0;0.037;19.22;2.9;103.0
6729;1.92;7.5;24.6;32.2;11.0;36.0;26.14;718.0;0.0;76.0;6.0;0.057;19.61;4.8;96.0
6730;2.0;10.1;28.0;38.3;14.0;39.0;;718.2;0.0;72.0;6.1;0.096;20.16;6.3;74.0
6731;1.95;8.9;23.1;32.2;22.0;50.0;41.33;718.2;0.0;71.0;6.2;0.163;20.32;9.2;77.0
6732;1.89;5.6;19.5;25.4;27.0;49.0;35.41;718.2;0.0;78.0;6.1;0.117;19.24;10.0;61.0
6733;1.84;4.3;14.8;19.3;31.0;41.0;31.66;717.8;0.0;82.0;6.0;0.182;18.78;4.8;104.0
6734;1.67;3.6;10.7;14.6;32.0;29.0;;717.0;0.0;67.0;6.0;0.184;20.08;9.7;109.0
6735;1.65;3.3;8.9;12.4;34.0;28.0;;716.5;0.0;72.0;5.9;0.194;19.36;10.7;105.0
6736;1.62;3.1;8.9;12.2;34.0;30.0;28.06;716.1;0.0;64.0;5.9;0.173;20.53;8.2;106.0
6737;1.61;2.6;10.1;12.9;31.0;28.0;27.47;716.1;0.0;59.0;;0.062;20.84;6.6;118.0
6738;1.62;2.3;10.6;13.1;31.0;28.0;;715.9;0.0;56.0;;0.02;20.62;6.8;94.0
6739;1.61;2.1;11.8;14.1;28.0;25.0;22.48;716.2;0.0;56.0;;0.001;20.26;6.1;107.0
6740;1.71;2.1;15.6;17.9;23.0;31.0;22.7;716.6;0.0;57.0;;0.0;20.16;5.7;110.0
6741;1.76;2.7;17.3;20.1;16.0;32.0;21.67;716.8;0.0;64.0;;0.0;19.42;3.3;154.0
6742;1.6;2.1;9.3;11.6;31.0;31.0;22.02;717.0;0.0;63.0;5.8;0.0;19.76;5.0;80.0
6743;1.55;2.0;6.2;8.4;33.0;23.0;13.2;717.1;0.0;62.0;5.8;0.0;19.54;5.1;71.0
6744;1.57;2.0;6.4;8.6;29.0;22.0;21.71;716.9;0.0;66.0;;0.0;19.38;3.0;123.0
6745;1.67;2.1;11.2;13.5;20.0;25.0;;716.6;0.0;69.0;;0.0;18.99;3.2;67.0
6746;1.59;2.1;8.3;10.6;26.0;32.0;17.96;716.4;0.0;66.0;;0.0;19.15;7.0;98.0
6747;1.97;3.7;23.6;27.5;4.0;27.0;19.01;716.2;0.0;76.0;5.9;0.0;18.49;3.1;76.0
6748;1.96;3.7;22.1;26.0;3.0;39.0;18.41;716.0;0.0;80.0;5.8;0.0;18.06;2.2;141.0
6749;1.9;2.6;19.2;22.1;4.0;47.0;14.63;716.1;0.0;80.0;5.9;0.0;17.78;2.1;217.0
6750;1.92;2.9;19.2;22.4;4.0;43.0;22.6;716.3;0.0;81.0;5.9;0.0;17.55;2.1;201.0
6751;1.9;8.1;22.9;31.2;3.0;39.0;21.41;716.6;0.0;80.0;;0.003;17.59;2.5;213.0
6752;1.93;13.6;22.5;36.3;5.0;43.0;22.95;716.9;0.0;77.0;;0.041;17.87;2.1;235.0
6753;2.03;14.4;22.8;37.4;9.0;45.0;24.3;717.3;0.0;71.0;6.2;0.157;19.41;2.2;207.0
6754;2.03;14.3;25.8;40.3;24.0;55.0;30.86;717.5;0.0;60.0;8.3;0.362;22.14;5.1;343.0
6755;1.86;8.4;22.0;30.6;42.0;63.0;29.26;717.5;0.0;55.0;10.0;0.679;23.44;6.3;2.0
6756;1.65;2.8;7.6;10.6;59.0;54.0;29.48;717.1;0.0;52.0;7.7;0.614;23.98;9.7;52.0
6757;1.56;2.6;5.3;8.1;55.0;42.0;25.36;716.4;0.0;47.0;6.7;0.763;24.65;13.2;70.0
6758;1.57;2.7;5.1;8.0;51.0;36.0;24.44;715.6;0.0;44.0;6.5;0.889;25.92;11.3;76.0
6759;1.54;2.4;4.0;6.6;47.0;36.0;22.24;715.1;0.0;42.0;6.2;0.632;26.33;10.9;119.0
6760;1.53;2.2;3.6;6.0;47.0;33.0;19.74;714.7;0.0;46.0;6.1;0.25;25.33;12.0;129.0
6761;1.54;2.2;4.0;6.4;48.0;28.0;16.31;714.6;0.0;45.0;6.0;0.16;25.47;12.8;127.0
6762;1.56;2.1;5.5;7.8;45.0;32.0;20.18;714.6;0.0;46.0;5.8;0.05;24.71;11.1;127.0
6763;1.64;2.0;6.9;9.2;46.0;27.0;19.8;714.7;0.0;55.0;5.8;0.002;23.96;11.4;78.0
6764;1.65;2.0;7.1;9.3;45.0;42.0;18.77;715.0;0.0;58.0;;0.0;23.55;9.2;112.0
6765;1.68;;7.5;9.7;43.0;39.0;22.66;715.4;0.0;62.0;6.0;0.0;22.77;12.8;91.0
6766;1.65;;4.9;7.1;48.0;42.0;21.5;715.7;0.0;68.0;6.0;0.0;21.83;11.0;87.0
6767;1.64;;4.4;6.6;46.0;36.0;19.51;715.8;0.0;70.0;5.9;0.0;21.33;8.3;115.0
6768;1.63;;3.5;5.6;48.0;37.0;18.85;715.6;0.0;71.0;5.8;0.0;21.19;8.3;104.0
6769;1.61;;2.6;4.8;48.0;31.0;18.92;715.3;0.0;73.0;5.8;0.0;20.96;10.0;114.0
6770;1.64;1.9;4.2;6.4;41.0;33.0;23.8;715.0;0.0;76.0;;0.0;20.44;7.1;51.0
6771;1.63;1.9;4.1;6.2;41.0;41.0;28.52;714.6;0.0;78.0;;0.0;20.13;5.3;47.0
6772;1.64;2.0;8.3;10.5;34.0;37.0;29.96;714.4;0.0;81.0;5.9;0.0;19.5;7.5;34.0
6773;1.66;2.1;7.8;10.1;32.0;42.0;32.48;714.5;0.0;83.0;6.0;0.0;19.25;5.4;38.0
6774;1.72;2.4;19.0;21.6;20.0;45.0;28.81;714.7;0.0;83.0;6.2;0.0;19.25;5.9;58.0
6775;1.88;4.3;27.6;32.1;11.0;52.0;30.11;714.9;0.0;83.0;6.2;0.002;19.29;4.7;42.0
6776;2.13;12.9;34.8;47.9;6.0;63.0;30.04;715.3;0.0;82.0;6.6;0.032;19.66;5.0;51.0
6777;2.21;14.6;33.5;48.4;9.0;79.0;35.89;715.7;0.0;79.0;6.6;0.083;20.18;5.5;51.0
6778;2.04;7.5;25.8;33.6;18.0;86.0;40.65;716.0;0.0;78.0;6.4;0.09;20.38;6.9;64.0
6779;1.93;5.3;18.1;23.6;31.0;63.0;40.29;715.9;0.0;75.0;6.4;0.197;21.12;10.1;61.0
6780;1.86;4.1;15.2;19.5;36.0;61.0;31.07;715.5;0.0;71.0;;0.148;21.59;11.4;58.0
6781;1.81;3.4;11.9;15.5;39.0;59.0;29.6;714.9;0.0;69.0;6.2;0.155;21.95;12.6;61.0
6782;1.76;3.0;10.5;13.7;39.0;53.0;26.78;714.3;0.0;66.0;6.1;0.118;22.47;9.3;62.0
6783;1.75;2.7;9.8;12.6;35.0;43.0;23.91;713.9;0.0;66.0;6.0;0.076;22.52;6.6;104.0
6784;1.79;2.8;11.9;14.9;31.0;41.0;26.0;713.6;0.0;71.0;5.9;0.03;21.71;5.6;119.0
6785;1.88;3.0;15.7;18.8;25.0;40.0;29.39;713.6;0.0;74.0;5.9;0.027;21.46;4.1;109.0
6786;1.84;3.1;13.5;16.8;27.0;40.0;27.02;713.4;0.0;70.0;6.0;0.013;21.84;7.1;124.0
6787;1.68;2.2;8.6;10.9;35.0;40.0;31.76;713.4;0.0;66.0;5.9;0.001;21.7;9.5;129.0
6788;1.65;2.1;7.2;9.5;35.0;30.0;27.09;713.6;0.0;69.0;5.9;0.0;21.36;9.5;135.0
6789;1.62;2.0;6.1;8.3;37.0;28.0;;713.7;0.0;68.0;;0.0;21.49;10.7;129.0
6790;1.6;2.0;4.2;6.3;37.0;32.0;;713.7;0.0;66.0;5.8;0.0;21.66;7.7;147.0
6791;1.63;2.5;8.0;10.7;28.0;35.0;32.21;713.7;0.0;68.0;5.9;0.0;20.8;3.5;119.0
6792;1.8;6.9;21.5;28.5;11.0;35.0;30.12;713.5;0.0;70.0;5.9;0.0;20.48;4.5;335.0
6793;1.85;8.8;21.8;30.8;10.0;49.0;31.9;713.1;0.0;73.0;;0.0;20.05;3.8;353.0
6794;1.73;4.2;25.4;29.8;5.0;54.0;36.03;712.9;0.0;74.0;6.1;0.0;20.15;5.5;335.0
6795;1.64;2.4;19.2;21.7;9.0;55.0;33.29;712.7;0.0;76.0;6.5;0.0;19.49;3.6;357.0
6796;1.65;2.3;17.5;20.0;8.0;46.0;35.5;712.8;0.0;80.0;6.4;0.0;18.85;2.3;297.0
6797;1.69;2.4;13.8;16.4;11.0;46.0;35.05;712.8;0.0;82.0;6.1;0.0;18.69;2.7;300.0
6798;1.78;5.9;21.2;27.3;6.0;42.0;36.61;713.2;0.0;82.0;6.0;0.0;18.62;2.8;333.0
6799;2.01;16.9;24.0;41.1;3.0;48.0;37.67;713.5;0.0;83.0;6.1;0.004;18.55;1.8;288.0
6800;2.17;24.3;27.0;51.4;4.0;61.0;40.96;713.9;0.0;83.0;6.2;0.04;19.18;2.6;330.0
6801;2.43;41.1;30.7;72.0;4.0;66.0;44.85;714.2;0.0;79.0;6.4;0.097;19.96;4.9;357.0
6802;2.24;26.5;31.7;58.3;9.0;89.0;40.99;714.5;0.0;74.0;6.5;0.21;20.97;6.3;6.0
6803;2.05;22.0;31.6;53.8;14.0;95.0;35.59;714.5;0.0;68.0;7.3;0.282;22.06;7.5;14.0
6804;1.87;4.6;19.1;23.9;29.0;92.0;33.26;714.2;0.0;68.0;7.2;0.108;22.07;6.6;14.0
6805;1.85;4.4;16.8;21.4;34.0;66.0;31.73;713.7;0.0;65.0;6.7;0.147;22.91;4.5;173.0
6806;1.86;4.2;14.8;19.2;39.0;60.0;26.28;713.0;0.0;60.0;6.4;0.308;24.17;5.1;57.0
6807;1.76;3.1;10.6;13.9;38.0;51.0;29.68;712.4;0.0;60.0;6.3;0.18;23.94;7.1;93.0
6808;1.7;3.1;7.7;11.1;33.0;47.0;29.87;712.1;0.0;61.0;6.1;0.218;23.83;10.5;115.0
6809;1.69;2.9;7.6;10.7;34.0;38.0;29.1;711.9;0.0;61.0;6.1;0.149;23.66;11.7;119.0
6810;1.74;2.8;10.1;13.1;31.0;46.0;23.76;711.8;0.0;63.0;6.0;0.041;23.16;10.7;114.0
6811;1.8;2.6;14.0;16.7;26.0;40.0;20.66;711.8;0.0;65.0;6.0;0.002;22.84;7.8;86.0
6812;1.82;2.3;15.6;18.0;20.0;42.0;21.28;712.0;0.0;66.0;;0.0;22.39;4.7;92.0
6813;1.79;2.1;14.0;16.3;17.0;39.0;21.77;712.3;0.0;69.0;5.9;0.0;21.75;2.9;304.0
6814;1.94;4.7;25.6;30.4;5.0;41.0;21.25;712.3;0.0;70.0;5.9;0.0;21.6;3.6;347.0
6815;1.87;3.2;21.1;24.5;8.0;42.0;27.82;712.4;0.0;70.0;;0.0;21.3;3.8;219.0
6816;1.91;4.6;25.1;29.8;4.0;39.0;31.8;712.1;0.0;71.0;6.0;0.0;21.09;4.2;214.0
6817;1.88;8.1;25.6;33.9;3.0;53.0;34.81;711.6;0.0;72.0;6.1;0.0;20.85;4.8;232.0
6818;1.84;12.6;25.4;38.2;2.0;62.0;31.42;711.5;0.0;73.0;6.3;0.0;20.52;3.7;243.0
6819;1.82;17.7;24.0;41.9;2.0;84.0;32.91;711.5;0.0;75.0;6.3;0.0;19.96;2.3;228.0
6820;1.71;4.5;19.8;24.5;3.0;76.0;28.96;711.4;0.0;75.0;;0.0;19.76;2.0;255.0
6821;1.71;8.8;19.8;28.9;3.0;47.0;30.55;711.4;0.0;75.0;6.2;0.0;19.61;2.1;317.0
6822;1.83;18.2;19.0;37.5;2.0;51.0;31.59;711.4;0.0;76.0;6.2;0.0;19.44;2.7;243.0
6823;2.42;56.6;20.0;77.0;2.0;51.0;34.21;712.0;0.0;76.0;6.5;0.005;19.49;2.2;235.0
6824;2.43;56.4;22.5;79.2;3.0;64.0;32.14;712.4;0.0;68.0;6.6;0.096;21.81;3.4;224.0
6825;2.58;60.6;32.1;93.0;5.0;83.0;38.28;712.5;0.0;60.0;7.4;0.294;23.96;5.1;211.0
6826;2.41;31.1;34.2;65.5;15.0;116.0;40.77;712.7;0.0;53.0;8.4;0.319;26.26;4.4;1.0
6827;1.99;7.9;18.6;26.7;35.0;110.0;39.2;712.6;0.0;51.0;7.3;0.665;26.75;5.8;2.0
6828;2.25;8.4;29.7;38.3;48.0;59.0;27.91;712.2;0.0;48.0;7.3;0.752;27.77;6.3;344.0
6829;2.2;5.8;27.1;33.0;67.0;89.0;29.99;711.7;0.0;45.0;;0.788;28.83;6.6;24.0
6830;2.01;3.4;17.2;20.8;87.0;95.0;29.19;711.0;0.0;41.0;7.4;0.785;30.02;6.2;30.0
6831;1.91;2.8;14.4;17.4;95.0;75.0;30.14;710.5;0.0;37.0;7.3;0.667;30.92;7.5;20.0
6832;1.83;3.5;17.9;21.6;76.0;82.0;26.91;710.3;0.0;35.0;8.8;0.496;31.59;7.5;59.0
6833;1.71;3.7;15.3;19.1;53.0;80.0;23.71;710.2;0.0;30.0;10.3;0.092;31.9;7.9;55.0
6834;1.73;3.1;16.6;19.9;44.0;54.0;20.58;710.3;0.0;32.0;8.7;0.033;31.12;7.9;56.0
6835;2.13;3.2;30.5;33.8;35.0;47.0;25.21;710.6;0.0;39.0;7.6;0.002;28.58;4.2;128.0
6836;2.08;2.4;24.0;26.6;64.0;54.0;26.45;711.1;0.0;51.0;6.7;0.0;27.16;4.8;114.0
6837;2.04;2.4;25.8;28.3;38.0;74.0;25.09;711.4;0.0;51.0;6.4;0.0;25.81;2.5;235.0
6838;2.07;2.7;27.3;30.2;27.0;49.0;28.81;711.5;0.0;53.0;6.3;0.0;25.02;2.7;209.0
6839;1.96;2.2;20.3;22.7;22.0;60.0;24.79;711.7;0.0;51.0;6.4;0.0;24.69;2.1;249.0
6840;1.93;2.4;21.3;23.7;18.0;45.0;30.47;711.6;0.0;52.0;6.4;0.0;24.25;2.9;236.0
6841;1.91;2.3;23.4;25.9;15.0;44.0;33.12;711.5;0.0;53.0;6.7;0.0;23.66;2.9;41.0
6842;1.99;2.4;25.3;27.9;15.0;46.0;36.86;711.6;0.0;60.0;6.9;0.0;23.0;3.6;214.0
6843;1.84;2.4;19.0;21.5;18.0;61.0;37.57;711.2;0.0;59.0;6.7;0.0;22.53;4.8;220.0
6844;1.66;2.3;12.2;14.7;24.0;51.0;27.19;710.9;0.0;54.0;7.6;0.0;22.42;5.4;220.0
6845;1.58;2.8;9.7;12.7;28.0;48.0;29.06;710.8;0.0;47.0;8.4;0.001;22.99;6.9;215.0
6846;1.88;7.2;24.8;32.2;10.0;52.0;31.11;711.1;0.0;49.0;7.9;0.0;22.29;3.1;314.0
6847;2.38;53.6;32.3;86.1;3.0;47.0;33.75;711.4;0.0;49.0;7.9;0.006;22.28;3.0;321.0
6848;2.68;56.3;32.5;89.1;5.0;69.0;33.85;711.7;0.0;45.0;8.2;0.104;24.6;3.1;346.0
6849;2.93;17.4;24.4;41.9;14.0;93.0;40.47;712.0;0.0;35.0;9.2;0.311;26.97;6.1;216.0
6850;2.78;26.1;35.9;62.2;20.0;76.0;40.3;712.4;0.0;32.0;9.0;0.327;29.24;4.7;337.0
6851;2.73;11.0;37.5;48.7;45.0;108.0;27.97;712.4;0.0;33.0;8.1;0.66;30.44;5.3;13.0
6852;1.7;3.4;6.8;10.4;50.0;100.0;38.46;712.1;0.0;25.0;7.3;0.803;31.33;7.1;45.0
6853;1.59;3.1;7.5;10.9;57.0;36.0;;711.6;0.0;23.0;6.9;0.845;32.1;6.8;1.0
6854;1.59;3.3;8.3;11.8;60.0;38.0;37.21;710.9;0.0;24.0;7.0;0.812;32.2;8.1;21.0
6855;1.57;3.3;7.8;11.3;54.0;51.0;34.92;710.2;0.0;24.0;7.4;0.675;32.49;9.0;38.0
6856;1.57;3.4;8.0;11.6;53.0;42.0;33.47;709.7;0.0;23.0;7.2;0.485;32.42;9.6;11.0
6857;1.59;3.3;10.7;14.2;48.0;35.0;23.54;709.7;0.0;25.0;6.6;0.096;31.57;9.5;51.0
6858;1.76;2.8;13.9;16.9;61.0;38.0;24.03;709.7;0.0;34.0;6.8;0.039;29.93;9.4;128.0
6859;1.75;2.3;12.7;15.2;56.0;53.0;27.48;710.0;0.0;38.0;7.3;0.002;28.76;8.9;137.0
6860;1.85;2.4;17.4;20.0;54.0;45.0;32.79;710.5;0.0;42.0;7.2;0.0;27.7;4.3;139.0
6861;1.92;2.3;20.1;22.6;45.0;55.0;34.53;710.9;0.0;44.0;6.9;0.0;26.62;2.1;199.0
6862;1.97;2.9;28.4;31.5;28.0;57.0;30.05;711.2;0.0;43.0;6.9;0.0;26.0;2.7;225.0
6863;1.84;2.4;20.3;22.8;27.0;46.0;30.26;711.3;0.0;42.0;;0.0;25.46;3.7;305.0
6864;2.09;13.7;38.5;52.5;4.0;41.0;28.57;711.2;0.0;49.0;7.2;0.0;24.68;2.6;292.0
6865;2.12;15.8;34.6;50.7;2.0;72.0;26.32;710.8;0.0;53.0;7.2;0.0;23.78;3.0;243.0
6866;2.15;22.0;31.9;54.0;2.0;76.0;32.53;710.7;0.0;59.0;;0.0;23.23;5.7;3.0
6867;2.01;23.9;28.4;52.4;2.0;93.0;30.34;710.6;0.0;65.0;7.1;0.0;22.2;3.0;357.0
6868;1.93;22.5;25.7;48.3;;93.0;33.72;710.4;0.0;71.0;6.7;0.0;21.44;2.1;309.0
6869;1.9;13.8;24.2;38.1;;83.0;29.77;710.5;0.0;72.0;6.4;0.0;21.22;2.2;350.0
6870;2.03;18.8;22.5;41.5;;68.0;23.08;710.9;0.0;74.0;6.5;0.0;20.93;1.9;321.0
6871;2.39;40.7;23.5;64.5;;58.0;32.42;711.3;0.0;74.0;6.6;0.005;20.94;2.0;236.0
6872;2.57;52.4;26.7;79.4;3.0;65.0;31.08;712.0;0.0;71.0;6.8;0.087;22.5;3.1;328.0
6873;2.67;44.0;34.4;78.7;7.0;85.0;27.63;712.3;0.0;62.0;7.1;0.278;25.25;3.7;43.0
6874;2.75;30.5;42.6;73.3;17.0;;28.22;712.3;0.0;58.0;7.6;0.318;25.85;5.7;18.0
6875;2.35;21.9;44.8;66.9;31.0;172.0;41.01;712.2;0.0;52.0;10.8;0.634;27.11;8.3;46.0
6876;2.0;6.9;21.7;28.8;56.0;105.0;24.92;711.8;0.0;54.0;8.1;0.759;27.22;11.5;56.0
6877;1.88;3.9;16.2;20.3;81.0;67.0;17.59;711.0;0.0;51.0;8.2;0.809;27.96;13.1;50.0
6878;1.81;3.8;12.0;16.0;66.0;61.0;27.79;710.3;0.0;48.0;9.3;0.68;28.92;15.0;72.0
6879;1.72;3.3;7.1;10.6;53.0;55.0;18.05;709.9;0.0;46.0;8.1;0.683;29.23;14.3;106.0
6880;1.72;3.2;6.8;10.3;46.0;39.0;18.28;709.7;0.0;45.0;7.6;0.533;29.5;13.3;131.0
6881;1.73;3.4;7.4;11.0;41.0;39.0;25.74;709.8;0.0;45.0;7.0;0.095;29.26;12.4;119.0
6882;1.75;3.2;9.3;12.7;36.0;29.0;;709.7;0.0;46.0;6.6;0.044;28.56;10.9;111.0
6883;1.77;2.6;10.8;13.6;30.0;29.0;25.44;709.9;0.0;48.0;6.5;0.002;27.6;9.4;103.0
6884;1.8;2.6;12.8;15.6;25.0;27.0;;710.2;0.0;51.0;6.3;0.0;27.13;8.4;99.0
6885;1.75;;10.5;13.3;24.0;31.0;;710.7;0.0;52.0;6.3;0.0;26.71;6.5;122.0
6886;1.74;2.5;8.8;11.5;25.0;34.0;31.23;711.0;0.0;53.0;6.1;0.0;26.46;5.9;67.0
6887;1.75;2.4;10.0;12.6;21.0;32.0;26.2;711.1;0.0;55.0;6.2;0.0;25.85;5.4;54.0
6888;1.72;2.5;8.6;11.3;15.0;23.0;;711.0;0.0;63.0;6.1;0.0;24.62;8.5;40.0
6889;1.69;2.4;7.0;9.6;14.0;24.0;;711.0;0.0;69.0;6.0;0.0;23.68;6.5;35.0
6890;1.71;4.7;13.0;17.9;6.0;21.0;;711.1;0.0;73.0;6.1;0.0;22.85;6.1;9.0
6891;1.69;3.5;11.1;14.8;7.0;27.0;;711.0;0.0;77.0;6.1;0.0;22.2;5.1;22.0
6892;1.68;2.7;7.6;10.5;10.0;24.0;;710.9;0.0;80.0;6.0;0.0;21.86;6.4;54.0
6893;1.66;2.3;5.1;7.7;13.0;29.0;;710.9;0.0;81.0;6.0;0.0;21.7;6.6;68.0
6894;1.69;2.4;8.3;10.9;10.0;23.0;;711.2;0.0;80.0;5.9;0.0;21.72;5.7;80.0
6895;1.74;4.0;12.3;16.4;7.0;19.0;;711.7;0.0;80.0;6.0;0.004;21.71;5.7;69.0
6896;1.89;13.8;16.2;30.3;4.0;25.0;;711.9;0.0;79.0;6.1;0.079;22.17;4.3;65.0
6897;1.92;16.0;17.2;33.5;7.0;36.0;34.12;712.3;0.0;73.0;6.2;0.195;23.29;4.8;93.0
6898;;;;;;;41.56;;;;;0.0;;;
6899;;;;;;;46.14;;;;;0.0;;;
6900;;;;;;;32.52;;;;;0.0;;;
6901;;;;;;;32.72;;;;;0.0;;;
6902;;;;;;;30.25;;;;;0.0;;;
6903;;;;;;;31.62;;;;;0.0;;;
6904;;;;;;;30.97;;;;;0.0;;;
6905;;;;;;;26.6;;;;;0.0;;;
6906;;;;;;;24.5;;;;;0.0;;;
6907;;;;;;;17.65;;;;;0.0;;;
6908;;;;;;;21.45;;;;;0.0;;;
6909;;;;;;;22.36;;;;;0.0;;;
6910;;;;;;;20.9;;;;;0.0;;;
6911;;;;;;;27.48;;;;;0.0;;;
6912;;;;;;;19.75;;;;;0.0;;;
6913;;;;;;;16.18;;;;;0.0;;;
6914;;;;;;;25.86;;;;;0.0;;;
6915;;;;;;;26.45;;;;;0.0;;;
6916;;;;;;;21.14;;;;;0.0;;;
6917;;;;;;;16.93;;;;;0.0;;;
6918;;;;;;;16.16;;;;;0.0;;;
6919;;;;;;;18.26;;;;;0.0;;;
6920;;;;;;;27.19;;;;;0.0;;;
6921;1.8;50.7;2.8;53.8;;;25.76;710.7;0.0;69.0;8.7;0.306;25.3;4.7;19.0
6922;2.19;10.7;9.9;20.9;11.0;;;710.8;0.0;70.0;5.9;0.309;24.69;6.0;20.0
6923;2.09;10.5;15.8;26.5;19.0;24.0;;710.8;0.0;64.0;5.2;0.512;25.61;8.1;45.0
6924;1.87;6.5;16.1;22.9;30.0;44.0;32.08;710.6;0.0;62.0;5.7;0.362;25.94;7.2;27.0
6925;1.59;3.4;11.7;15.3;47.0;47.0;34.87;710.1;0.0;60.0;6.0;0.352;26.29;7.6;348.0
6926;1.27;2.9;9.8;12.9;60.0;42.0;33.07;709.5;0.0;55.0;5.9;0.558;27.64;8.2;36.0
6927;1.08;2.6;6.9;9.7;53.0;41.0;30.5;709.1;0.0;54.0;5.7;0.426;28.17;10.0;51.0
6928;0.88;2.8;6.4;9.4;36.0;34.0;;709.0;0.0;53.0;5.5;0.216;28.35;9.8;66.0
6929;0.78;2.4;4.8;7.5;32.0;40.0;;709.0;0.0;52.0;5.5;0.138;28.75;9.4;120.0
6930;0.75;2.3;6.0;8.5;31.0;28.0;;709.0;0.0;53.0;5.4;0.04;28.4;7.7;123.0
6931;0.81;2.1;9.9;12.2;27.0;27.0;;709.2;0.0;55.0;5.5;0.002;27.43;6.4;112.0
6932;0.88;2.1;13.8;16.1;20.0;27.0;;709.5;0.0;57.0;5.4;0.001;26.96;4.3;107.0
6933;0.92;2.3;15.2;17.6;15.0;40.0;;709.7;0.0;60.0;5.4;0.001;26.19;2.6;192.0
6934;0.96;2.2;14.2;16.6;13.0;33.0;;709.9;0.0;60.0;5.5;0.001;26.15;6.1;43.0
6935;0.65;2.2;4.0;6.4;18.0;37.0;;710.0;0.0;66.0;5.5;0.001;25.09;12.7;73.0
6936;0.66;2.1;4.7;7.0;15.0;27.0;;710.1;0.0;68.0;;0.001;24.22;7.4;63.0
6937;0.65;2.2;5.3;7.7;13.0;30.0;;709.9;0.0;72.0;;0.001;23.46;8.3;55.0
6938;0.64;2.1;3.9;6.2;13.0;25.0;;709.7;0.0;76.0;;0.001;22.82;8.8;49.0
6939;0.65;2.0;3.2;5.5;12.0;21.0;;709.6;0.0;77.0;;0.001;22.8;6.5;53.0
6940;0.65;4.2;7.4;11.9;7.0;18.0;;709.6;0.0;79.0;;0.001;22.66;6.3;47.0
6941;0.67;2.3;4.7;7.3;9.0;29.0;;709.7;0.0;81.0;;0.001;22.36;6.1;63.0
6942;0.74;3.0;8.4;11.7;7.0;28.0;;709.8;0.0;82.0;;0.001;22.31;6.4;55.0
6943;0.94;8.4;14.6;23.3;3.0;29.0;;710.1;0.0;81.0;5.6;0.004;22.37;6.1;44.0
6944;1.04;13.0;15.9;29.2;4.0;47.0;;710.5;0.0;81.0;5.6;0.049;22.57;5.4;36.0
6945;1.05;15.6;16.6;32.6;6.0;51.0;;711.0;0.0;77.0;5.7;0.126;23.24;6.2;15.0
6946;1.03;9.6;17.2;27.1;12.0;57.0;;711.5;0.0;72.0;5.6;0.147;24.04;7.6;11.0
6947;0.94;6.5;15.3;22.0;22.0;56.0;;711.5;0.0;68.0;5.7;0.245;24.62;9.0;356.0
6948;0.86;4.8;11.9;16.9;38.0;56.0;;711.2;0.0;59.0;5.7;0.571;26.43;10.3;57.0
6949;0.89;3.0;9.3;12.5;48.0;49.0;;710.8;0.0;55.0;6.0;0.33;27.0;10.3;62.0
6950;0.82;2.9;8.4;11.5;39.0;46.0;;710.4;0.0;54.0;6.2;0.237;27.0;8.5;104.0
6951;0.8;2.9;5.4;8.5;37.0;43.0;;709.9;0.0;50.0;6.3;0.639;28.23;8.6;122.0
6952;0.76;3.1;5.6;8.9;36.0;33.0;;709.9;0.0;48.0;6.4;0.423;28.62;8.8;116.0
6953;0.97;4.3;11.2;15.7;20.0;46.0;;710.4;0.0;65.0;5.9;0.087;25.12;14.2;14.0
6954;0.97;3.2;10.0;13.4;19.0;89.0;;711.2;0.0;71.0;5.8;0.006;22.25;13.6;1.0
6955;0.92;2.8;9.6;12.5;21.0;74.0;;712.0;0.0;70.0;5.9;0.001;21.37;9.3;27.0
6956;0.87;2.2;8.0;10.4;22.0;56.0;;712.7;0.0;73.0;5.8;0.001;20.41;7.8;8.0
6957;0.84;2.1;6.7;9.0;23.0;23.0;;713.3;0.0;78.0;5.8;0.001;19.59;7.4;10.0
6958;0.86;2.3;11.8;14.3;14.0;20.0;;713.7;0.0;84.0;;0.001;18.66;7.3;46.0
6959;0.83;2.7;12.0;14.9;11.0;20.0;;714.0;0.0;86.0;;0.001;18.06;8.4;63.0
6960;0.76;2.3;9.4;11.8;18.0;21.0;;714.3;0.0;87.0;5.7;0.001;16.71;11.7;47.0
6961;0.81;2.0;5.7;7.9;28.0;18.0;;714.5;0.0;87.0;5.8;0.001;14.32;13.5;16.0
6962;0.64;2.0;3.1;5.3;33.0;21.0;;714.5;0.0;87.0;5.7;0.001;14.0;10.2;21.0
6963;0.67;;3.6;5.8;33.0;20.0;;714.4;0.0;87.0;5.7;0.001;13.83;8.7;38.0
6964;0.71;;3.9;6.1;34.0;17.0;;714.7;0.0;87.0;;0.001;13.53;7.6;4.0
6965;0.68;;4.2;6.5;35.0;25.0;;715.2;0.0;87.0;;0.001;13.22;6.9;16.0
6966;0.79;2.2;6.2;8.6;33.0;22.0;;715.9;0.0;86.0;5.8;0.001;12.92;6.3;5.0
6967;0.86;3.2;11.7;15.1;28.0;28.0;;716.4;0.0;86.0;5.7;0.001;12.5;4.5;147.0
6968;0.92;5.0;17.8;23.0;20.0;25.0;;717.2;0.0;86.0;5.7;0.005;12.51;5.2;180.0
6969;0.83;4.1;13.9;18.2;23.0;30.0;;717.7;0.0;81.0;5.8;0.039;13.12;4.0;246.0
6970;0.81;4.3;13.6;18.1;25.0;37.0;;718.0;0.0;67.0;5.8;0.09;14.27;8.0;19.0
6971;0.75;4.7;13.2;18.1;28.0;31.0;;718.2;0.0;60.0;5.9;0.124;13.47;11.9;354.0
6972;1.0;6.0;15.2;21.4;26.0;39.0;;718.0;0.0;61.0;6.4;0.211;13.69;6.4;7.0
6973;0.89;4.8;13.1;18.2;29.0;39.0;;717.3;0.0;58.0;6.4;0.228;14.78;4.9;332.0
6974;0.98;6.9;18.6;25.8;24.0;36.0;23.04;716.9;0.0;64.0;6.2;0.16;14.27;9.8;18.0
6975;1.0;9.0;22.4;31.6;19.0;51.0;25.59;716.6;0.0;65.0;6.1;0.159;14.35;7.7;19.0
6976;1.15;14.8;28.5;43.4;12.0;55.0;29.19;716.6;0.0;68.0;6.3;0.121;14.16;8.2;52.0
6977;1.14;15.5;32.1;47.8;7.0;87.0;30.44;716.9;0.0;69.0;7.7;0.038;13.75;6.7;60.0
6978;1.11;8.5;27.3;36.1;10.0;76.0;28.96;717.2;0.0;74.0;6.9;0.008;13.15;7.1;47.0
6979;0.88;3.3;19.5;23.0;18.0;59.0;19.25;717.6;0.0;77.0;6.2;0.001;12.38;7.2;18.0
6980;0.97;4.0;23.1;27.2;13.0;31.0;19.87;718.3;0.0;79.0;6.1;0.001;12.13;6.9;87.0
6981;0.91;3.0;22.2;25.3;13.0;33.0;19.99;718.7;0.0;79.0;6.2;0.001;12.42;3.1;145.0
6982;0.88;2.7;25.2;28.1;10.0;36.0;23.04;718.9;0.0;69.0;6.5;0.001;13.44;4.1;97.0
6983;0.87;2.5;22.5;25.2;13.0;36.0;17.16;719.2;0.0;61.0;8.1;0.001;14.04;5.2;113.0
6984;0.79;2.2;14.6;16.9;21.0;35.0;14.8;719.1;0.0;58.0;8.0;0.001;14.26;5.3;90.0
6985;0.79;2.1;15.5;17.7;22.0;27.0;20.63;718.9;0.0;58.0;9.3;0.001;14.3;6.2;77.0
6986;0.77;2.1;15.6;17.8;21.0;40.0;20.62;718.9;0.0;60.0;8.6;0.001;14.16;4.9;102.0
6987;0.8;2.1;14.8;17.1;19.0;36.0;19.63;718.7;0.0;60.0;7.9;0.001;14.12;3.4;130.0
6988;0.84;2.1;14.4;16.7;18.0;36.0;16.45;718.5;0.0;59.0;7.3;0.001;14.07;3.6;186.0
6989;0.87;2.1;13.1;15.3;20.0;25.0;14.83;718.5;0.0;55.0;7.2;0.001;14.24;4.0;105.0
6990;0.91;3.0;21.9;25.1;10.0;27.0;16.94;718.7;0.0;58.0;7.0;0.001;14.24;4.5;106.0
6991;1.0;5.9;27.1;33.2;6.0;38.0;16.57;718.9;0.0;56.0;7.5;0.003;14.26;4.9;124.0
6992;1.11;14.9;27.7;42.8;7.0;41.0;23.07;719.1;0.0;54.0;7.4;0.049;14.63;5.8;72.0
6993;1.11;15.9;27.6;43.7;10.0;48.0;23.7;719.5;0.0;51.0;7.2;0.124;15.16;6.6;91.0
6994;1.1;15.3;27.3;42.7;15.0;54.0;27.14;719.7;0.0;48.0;7.0;0.234;15.82;7.3;68.0
6995;0.8;5.9;12.6;18.7;32.0;64.0;13.23;719.5;0.0;39.0;8.0;0.374;16.61;8.9;107.0
6996;0.73;3.8;8.6;12.7;39.0;37.0;8.72;719.1;0.0;36.0;7.6;0.606;17.68;9.8;115.0
6997;0.78;4.1;9.8;14.2;43.0;36.0;11.54;718.4;0.0;35.0;7.5;0.702;18.7;8.2;99.0
6998;0.8;4.6;11.9;16.7;49.0;25.0;13.2;717.7;0.0;35.0;7.7;0.73;19.23;8.7;53.0
6999;0.82;4.0;11.6;15.7;50.0;30.0;17.91;717.1;0.0;38.0;7.5;0.498;19.54;10.8;47.0
7000;0.87;4.2;13.0;17.4;45.0;38.0;15.43;717.0;0.0;40.0;7.0;0.348;19.53;11.1;50.0
7001;0.92;4.3;14.5;19.0;41.0;38.0;15.99;717.0;0.0;42.0;6.8;0.103;19.12;11.7;53.0
7002;0.95;3.1;14.9;18.3;37.0;35.0;15.03;717.0;0.0;46.0;6.5;0.027;18.17;9.3;87.0
7003;0.88;2.4;12.5;15.1;36.0;35.0;16.28;717.1;0.0;50.0;6.3;0.002;16.9;9.9;109.0
7004;0.83;2.2;9.7;12.0;33.0;32.0;16.14;717.4;0.0;53.0;6.2;0.001;16.24;9.0;103.0
7005;0.83;2.2;9.8;12.2;34.0;31.0;15.57;717.7;0.0;54.0;6.1;0.001;15.92;8.4;91.0
7006;0.79;2.1;6.9;9.3;35.0;27.0;17.27;717.7;0.0;56.0;6.1;0.001;15.49;8.3;88.0
7007;0.82;2.1;9.3;11.6;28.0;24.0;15.12;717.4;0.0;57.0;6.0;0.001;14.9;3.0;170.0
7008;0.97;2.3;17.6;20.0;14.0;22.0;19.53;717.1;0.0;61.0;5.9;0.001;14.27;3.6;188.0
7009;0.95;2.2;16.2;18.4;14.0;29.0;17.99;716.7;0.0;63.0;5.9;0.001;13.97;3.7;206.0
7010;0.95;3.4;26.5;30.1;7.0;34.0;23.09;716.3;0.0;61.0;6.9;0.001;14.02;4.6;218.0
7011;0.91;2.6;22.2;25.0;8.0;54.0;24.01;716.0;0.0;62.0;8.0;0.001;13.67;4.8;216.0
7012;0.87;2.4;18.8;21.4;10.0;52.0;21.76;715.6;0.0;63.0;7.4;0.001;13.32;3.9;227.0
7013;0.91;7.2;26.6;34.0;3.0;46.0;25.31;715.5;0.0;64.0;7.0;0.001;12.98;2.9;256.0
7014;0.97;10.9;25.6;36.6;3.0;70.0;20.71;715.4;0.0;64.0;7.1;0.001;12.81;2.7;263.0
7015;1.3;38.9;25.9;64.9;3.0;44.0;23.47;715.4;0.0;63.0;7.5;0.004;13.02;2.5;290.0
7016;1.4;44.0;25.6;69.8;4.0;59.0;27.28;715.4;0.0;56.0;8.4;0.094;15.7;2.6;225.0
7017;1.32;32.7;27.7;60.6;10.0;66.0;29.76;715.7;0.0;46.0;8.8;0.25;17.8;4.1;1.0
7018;1.35;28.9;32.2;61.2;16.0;91.0;35.58;715.8;0.0;39.0;8.5;0.431;19.45;4.5;23.0
7019;1.2;23.7;33.0;56.9;21.0;107.0;34.89;715.5;0.0;35.0;8.4;0.665;20.88;5.2;51.0
7020;1.59;29.3;49.2;78.7;25.0;84.0;54.63;715.1;0.0;33.0;16.7;0.759;21.95;6.7;73.0
7021;1.27;9.3;29.1;38.6;50.0;127.0;40.6;714.3;0.0;31.0;9.8;0.816;22.7;9.1;72.0
7022;1.11;5.0;20.8;26.1;67.0;83.0;29.6;713.4;0.0;29.0;7.6;0.775;23.75;9.7;60.0
7023;1.25;4.7;23.9;28.8;71.0;70.0;34.29;712.7;0.0;31.0;8.0;0.649;24.63;9.0;61.0
7024;1.1;4.0;20.0;24.2;66.0;79.0;28.16;712.4;0.0;31.0;7.8;0.456;25.01;9.7;53.0
7025;1.05;3.5;18.3;22.0;59.0;68.0;24.03;712.5;0.0;32.0;7.5;0.076;24.65;10.4;56.0
7026;1.14;2.6;19.4;22.2;57.0;56.0;26.55;712.4;0.0;37.0;7.0;0.028;23.55;9.4;84.0
7027;1.12;2.1;17.4;19.7;50.0;53.0;19.29;712.4;0.0;42.0;6.7;0.002;22.1;7.2;95.0
7028;1.09;2.2;16.8;19.1;44.0;38.0;20.77;712.9;0.0;45.0;6.5;0.001;21.23;5.2;82.0
7029;1.03;2.2;14.1;16.5;43.0;39.0;23.21;713.2;0.0;45.0;6.4;0.001;20.88;5.7;68.0
7030;1.19;2.3;24.7;27.2;24.0;56.0;26.6;713.4;0.0;51.0;6.3;0.001;19.62;3.6;94.0
7031;1.31;2.9;30.6;33.6;12.0;45.0;26.98;713.5;0.0;56.0;6.1;0.001;18.31;2.9;233.0
7032;1.36;3.7;33.3;37.1;10.0;42.0;27.61;713.3;0.0;58.0;6.2;0.001;17.88;4.2;221.0
7033;1.25;2.3;31.2;33.7;13.0;46.0;29.45;713.0;0.0;58.0;6.3;0.001;17.51;4.0;221.0
7034;1.18;2.3;28.1;30.5;13.0;61.0;28.95;712.7;0.0;60.0;6.3;0.001;16.84;2.6;264.0
7035;1.11;2.2;23.4;25.8;17.0;64.0;28.75;712.5;0.0;59.0;6.2;0.001;16.69;4.5;229.0
7036;1.08;2.4;22.2;24.8;17.0;55.0;26.21;712.2;0.0;59.0;6.4;0.001;16.63;4.0;259.0
7037;1.09;2.6;23.9;26.6;13.0;56.0;28.36;712.0;0.0;61.0;6.3;0.001;16.02;2.8;279.0
7038;1.23;11.5;27.7;39.4;7.0;61.0;29.05;712.2;0.0;63.0;6.4;0.001;15.56;2.9;238.0
7039;1.82;52.6;34.2;87.1;3.0;52.0;38.02;712.5;0.0;64.0;6.6;0.004;15.76;3.6;218.0
7040;1.76;43.5;34.2;78.0;5.0;91.0;30.22;712.8;0.0;52.0;6.9;0.093;18.56;4.3;243.0
7041;1.49;26.6;;61.0;12.0;72.0;33.4;713.3;0.0;43.0;8.3;0.239;21.05;5.6;244.0
7042;1.32;13.0;29.0;42.2;27.0;82.0;26.73;713.6;0.0;36.0;8.0;0.454;24.09;4.1;184.0
7043;1.44;10.5;31.9;42.7;44.0;60.0;29.64;713.4;0.0;32.0;7.9;0.665;25.53;4.7;27.0
7044;1.44;9.7;35.4;45.2;52.0;71.0;38.8;712.8;0.0;30.0;12.8;0.749;26.01;7.2;43.0
7045;1.11;5.3;21.0;26.5;63.0;87.0;25.15;712.2;0.0;28.0;10.5;0.815;26.36;8.7;74.0
7046;1.15;3.6;18.3;22.1;82.0;60.0;29.87;711.5;0.0;29.0;8.1;0.759;26.76;9.2;69.0
7047;1.27;2.9;19.9;23.0;112.0;68.0;39.13;710.9;0.0;33.0;9.0;0.636;26.85;10.8;53.0
7048;1.32;2.5;21.7;24.4;129.0;82.0;49.0;710.7;0.0;37.0;14.2;0.439;26.6;11.9;68.0
7049;1.19;2.5;14.3;17.0;85.0;89.0;31.23;710.6;0.0;39.0;8.7;0.074;26.49;10.5;103.0
7050;1.19;2.3;15.2;17.6;70.0;50.0;26.67;710.7;0.0;41.0;7.1;0.028;25.34;9.1;115.0
7051;1.19;2.2;16.4;18.8;62.0;49.0;27.64;710.9;0.0;42.0;7.2;0.002;23.98;9.1;112.0
7052;1.15;2.3;16.1;18.5;58.0;48.0;26.02;711.2;0.0;43.0;7.1;0.001;23.4;8.2;104.0
7053;1.11;2.2;12.1;14.4;59.0;43.0;22.58;711.4;0.0;44.0;7.0;0.001;23.1;8.2;88.0
7054;1.09;2.3;11.6;14.1;50.0;41.0;21.42;711.4;0.0;46.0;6.7;0.001;22.58;6.8;99.0
7055;1.27;2.3;23.0;25.5;29.0;40.0;25.91;711.5;0.0;52.0;6.5;0.001;20.81;2.8;246.0
7056;1.37;2.4;25.3;27.8;23.0;43.0;29.38;711.3;0.0;56.0;6.3;0.001;19.99;3.6;220.0
7057;1.38;2.9;26.9;29.9;20.0;47.0;32.06;710.9;0.0;59.0;6.2;0.001;19.12;2.5;263.0
7058;1.47;7.7;34.4;42.3;10.0;60.0;35.39;710.6;0.0;62.0;6.3;0.001;18.51;3.2;258.0
7059;1.44;8.0;34.0;42.2;12.0;56.0;36.34;710.2;0.0;62.0;6.4;0.001;18.25;3.7;251.0
7060;1.26;2.6;27.4;30.2;16.0;72.0;33.27;710.0;0.0;62.0;6.3;0.001;17.91;2.0;48.0
7061;1.3;3.7;28.5;32.4;10.0;60.0;34.43;709.9;0.0;66.0;6.3;0.001;17.14;2.5;283.0
7062;1.35;11.0;28.7;39.9;8.0;66.0;34.64;710.2;0.0;66.0;;0.001;16.96;2.5;268.0
7063;1.51;24.5;33.4;58.1;3.0;81.0;36.85;710.4;0.0;69.0;;0.004;16.53;3.0;266.0
7064;1.75;44.0;37.4;81.7;6.0;90.0;37.91;710.6;0.0;56.0;6.7;0.091;19.49;3.3;255.0
7065;1.34;13.9;30.2;44.3;19.0;90.0;28.34;710.9;0.0;39.0;7.2;0.231;22.78;5.5;234.0
7066;1.67;25.4;40.0;65.6;23.0;69.0;35.26;711.1;0.0;36.0;7.5;0.474;24.8;4.7;29.0
7067;1.4;11.1;33.5;44.8;42.0;90.0;32.27;711.0;0.0;31.0;8.0;0.674;26.51;6.1;81.0
7068;1.59;10.2;40.1;50.5;57.0;73.0;41.23;710.4;0.0;31.0;9.0;0.774;27.59;7.8;77.0
7069;1.42;5.1;21.9;27.1;74.0;90.0;39.19;709.7;0.0;40.0;7.1;0.814;27.53;9.6;52.0
7070;1.36;3.9;17.7;21.8;84.0;72.0;35.29;709.0;0.0;38.0;6.9;0.777;28.39;10.5;49.0
7071;1.31;3.7;16.3;20.2;80.0;68.0;32.96;708.4;0.0;36.0;6.9;0.661;29.11;12.5;57.0
7072;1.22;3.3;13.3;16.8;73.0;61.0;27.71;708.2;0.0;34.0;6.6;0.465;29.65;11.1;66.0
7073;1.21;3.2;13.3;16.8;54.0;55.0;23.87;708.5;0.0;38.0;6.4;0.085;28.43;10.7;76.0
7074;1.14;2.4;9.3;12.0;52.0;39.0;22.34;708.6;0.0;43.0;6.2;0.04;27.0;10.5;114.0
7075;1.16;2.4;9.3;11.8;41.0;38.0;22.98;708.7;0.0;50.0;6.1;0.001;25.67;11.3;106.0
7076;1.14;;7.8;10.3;34.0;43.0;21.6;709.1;0.0;54.0;6.1;0.001;24.76;10.7;107.0
7077;1.12;2.3;6.8;9.3;31.0;33.0;19.37;709.4;0.0;57.0;;0.001;23.99;9.2;113.0
7078;1.15;2.3;7.2;9.7;29.0;39.0;19.0;709.5;0.0;58.0;5.9;0.001;23.47;6.8;90.0
7079;1.21;2.5;11.1;13.8;21.0;35.0;21.96;709.6;0.0;61.0;6.1;0.001;22.54;2.8;11.0
7080;1.32;3.0;17.2;20.4;12.0;30.0;21.23;709.5;0.0;65.0;5.9;0.001;21.35;2.6;298.0
7081;1.4;5.4;24.6;30.2;5.0;32.0;;709.3;0.0;70.0;6.2;0.001;20.91;5.2;34.0
7082;1.29;5.7;24.1;30.0;4.0;67.0;48.33;709.0;0.0;75.0;8.4;0.001;19.81;3.4;35.0
7083;1.27;4.2;23.0;27.4;4.0;89.0;34.18;708.7;0.0;77.0;7.8;0.001;19.42;3.5;5.0
7084;1.41;3.8;20.9;24.9;4.0;61.0;31.95;708.4;0.0;79.0;7.0;0.001;18.87;2.9;342.0
7085;1.43;3.8;20.0;24.0;4.0;51.0;28.23;708.3;0.0;80.0;6.6;0.001;18.61;3.7;21.0
7086;1.42;5.3;19.8;25.4;3.0;47.0;28.29;708.4;0.0;81.0;6.5;0.001;18.25;3.1;3.0
7087;1.23;4.1;18.0;22.3;5.0;47.0;26.25;708.6;0.0;81.0;6.4;0.003;18.16;4.5;344.0
7088;1.23;6.1;14.2;20.5;9.0;39.0;29.55;708.7;0.0;81.0;6.2;0.083;18.6;4.3;323.0
7089;1.31;9.9;14.7;24.9;12.0;50.0;36.57;709.0;0.0;78.0;6.4;0.181;19.28;5.7;348.0
7090;1.39;9.3;18.1;27.7;16.0;64.0;41.55;709.3;0.0;73.0;6.3;0.181;20.44;4.2;7.0
7091;1.63;14.9;26.2;41.3;17.0;78.0;47.63;709.1;0.0;70.0;6.6;0.267;21.18;4.7;358.0
7092;1.89;17.5;31.8;49.5;24.0;97.0;53.0;708.7;0.0;64.0;8.5;0.435;22.9;6.1;53.0
7093;1.66;7.6;29.2;37.0;43.0;105.0;52.41;708.3;0.0;62.0;8.1;0.279;23.58;6.8;41.0
7094;1.5;4.3;16.2;20.7;63.0;102.0;45.85;707.5;0.0;60.0;7.6;0.577;24.59;8.8;53.0
7095;1.41;3.6;14.5;18.3;70.0;83.0;41.05;707.1;0.0;56.0;7.4;0.417;25.69;8.3;48.0
7096;1.32;3.4;11.1;14.7;50.0;64.0;30.13;707.0;0.0;58.0;6.8;0.214;25.41;9.0;54.0
7097;1.32;3.2;10.6;14.1;34.0;45.0;29.06;707.2;0.0;64.0;6.5;0.13;24.71;8.8;51.0
7098;1.34;2.8;12.5;15.5;26.0;47.0;26.78;707.2;0.0;67.0;6.2;0.021;24.03;8.5;54.0
7099;1.28;2.4;8.4;11.0;31.0;46.0;23.01;707.8;0.0;67.0;6.2;0.001;23.74;6.5;113.0
7100;1.3;2.4;9.7;12.3;25.0;35.0;24.01;708.4;0.0;67.0;6.1;0.001;23.75;4.9;118.0
7101;1.26;;7.9;10.5;18.0;38.0;21.25;708.8;0.0;72.0;6.0;0.001;23.08;4.8;72.0
7102;1.38;2.6;11.7;14.5;12.0;38.0;21.67;708.7;0.0;75.0;6.0;0.001;22.83;3.2;115.0
7103;1.61;5.8;19.4;25.4;4.0;24.0;;708.8;0.0;77.0;;0.001;22.41;3.0;280.0
7104;1.66;6.0;21.1;27.3;3.0;42.0;32.79;708.6;0.0;79.0;5.9;0.001;21.81;3.4;255.0
7105;1.7;5.9;20.9;27.1;2.0;50.0;33.7;708.3;0.0;80.0;6.0;0.001;21.28;2.6;285.0
7106;1.43;3.6;18.1;21.9;4.0;44.0;28.29;708.1;0.0;81.0;6.0;0.001;20.91;2.9;300.0
7107;1.3;3.8;18.8;22.8;4.0;47.0;27.77;708.0;0.0;81.0;;0.001;20.61;3.1;302.0
7108;1.32;3.7;15.2;19.0;5.0;48.0;28.95;707.8;0.0;82.0;5.9;0.001;20.24;2.7;10.0
7109;1.34;6.0;16.5;22.8;3.0;44.0;26.38;707.8;0.0;83.0;6.0;0.001;19.96;2.3;293.0
7110;1.53;9.5;16.4;26.2;2.0;38.0;28.12;707.8;0.0;84.0;6.0;0.001;19.89;1.9;253.0
7111;1.96;28.5;17.2;46.0;2.0;51.0;33.17;707.6;0.0;85.0;6.1;0.004;19.76;2.3;259.0
7112;2.33;47.8;20.4;68.5;3.0;64.0;33.27;708.2;0.0;84.0;6.3;0.063;20.32;4.6;330.0
7113;1.89;25.2;20.2;45.6;7.0;72.0;36.45;708.7;0.0;79.0;6.1;0.172;21.78;4.4;360.0
7114;1.76;19.2;22.9;42.4;15.0;83.0;41.36;708.8;0.0;68.0;6.0;0.44;24.34;4.5;4.0
7115;1.8;14.5;28.9;43.7;27.0;88.0;43.77;708.4;0.0;55.0;6.2;0.56;27.06;5.3;62.0
7116;2.16;17.7;46.3;64.3;33.0;87.0;48.98;707.7;0.0;48.0;6.6;0.641;28.85;7.3;68.0
7117;1.77;9.6;34.2;44.0;56.0;114.0;46.41;707.2;0.0;42.0;8.9;0.762;29.96;8.3;91.0
7118;1.59;4.9;21.4;26.6;86.0;90.0;34.17;706.2;0.0;36.0;8.3;0.74;31.48;9.3;68.0
7119;1.8;3.9;21.8;25.9;117.0;78.0;42.38;705.6;0.0;41.0;7.1;0.574;31.6;11.1;48.0
7120;1.66;3.5;17.2;20.9;97.0;93.0;35.81;705.3;0.0;39.0;7.1;0.433;32.3;9.1;93.0
7121;1.43;3.0;11.6;14.8;68.0;67.0;22.59;705.3;0.0;37.0;6.7;0.063;32.09;10.6;105.0
7122;1.49;2.8;14.0;17.0;59.0;43.0;25.18;705.6;0.0;45.0;6.4;0.023;29.96;9.4;91.0
7123;1.49;2.7;15.0;17.8;49.0;51.0;26.33;706.2;0.0;51.0;6.2;0.001;28.51;8.3;114.0
7124;1.57;2.9;18.5;21.5;32.0;50.0;27.47;706.9;0.0;53.0;6.1;0.001;27.44;5.0;63.0
7125;1.53;2.9;21.6;24.7;23.0;44.0;27.21;707.5;0.0;57.0;6.1;0.001;26.73;3.8;357.0
7126;1.83;5.6;36.3;42.2;5.0;46.0;30.5;707.9;0.0;58.0;;0.001;25.36;3.3;226.0
7127;1.72;4.1;34.6;38.9;7.0;55.0;30.06;708.2;0.0;59.0;;0.001;25.12;3.4;245.0
7128;1.72;5.2;37.3;42.6;5.0;54.0;31.85;708.5;0.0;60.0;6.3;0.001;24.48;3.3;236.0
7129;1.61;5.1;33.1;38.4;6.0;71.0;33.06;708.5;0.0;58.0;6.7;0.001;24.16;3.6;277.0
7130;1.36;9.8;20.7;30.7;17.0;74.0;33.14;710.0;0.0;54.0;7.3;0.001;22.82;12.2;25.0
7131;1.0;2.7;11.2;14.2;27.0;149.0;21.02;711.3;0.0;35.0;7.4;0.001;20.92;12.0;74.0
7132;0.97;2.5;11.7;14.4;28.0;113.0;15.09;711.9;0.0;30.0;8.0;0.001;20.18;10.0;73.0
7133;0.95;2.5;14.0;16.7;28.0;86.0;15.37;712.3;0.0;26.0;8.2;0.001;19.78;8.7;75.0
7134;0.96;2.7;12.6;15.4;33.0;59.0;9.64;713.0;0.0;22.0;6.2;0.001;19.27;10.2;49.0
7135;1.13;3.3;15.7;19.2;30.0;49.0;10.0;713.6;0.0;18.0;6.3;0.003;18.88;9.5;42.0
7136;1.27;4.7;17.9;22.8;27.0;55.0;8.55;714.3;0.0;18.0;6.7;0.058;18.7;7.7;19.0
7137;1.33;6.1;17.3;23.6;28.0;51.0;10.76;714.9;0.0;17.0;7.4;0.157;19.08;7.3;15.0
7138;1.17;8.4;15.9;24.5;30.0;57.0;11.87;715.3;0.0;15.0;7.8;0.465;20.48;8.1;24.0
7139;1.0;7.5;14.6;22.4;33.0;60.0;14.44;715.2;0.0;15.0;10.1;0.632;21.56;7.8;74.0
7140;0.99;6.6;12.8;19.6;37.0;57.0;11.58;714.6;0.0;15.0;9.9;0.747;22.24;8.6;62.0
7141;0.99;5.5;11.6;17.3;20.0;49.0;13.01;713.8;0.0;15.0;9.3;0.778;22.9;8.1;45.0
7142;1.0;5.4;12.8;18.4;32.0;51.0;13.56;713.0;0.0;16.0;9.2;0.753;23.57;7.7;69.0
7143;1.04;5.4;14.1;19.7;34.0;53.0;18.8;712.4;0.0;16.0;11.8;0.653;24.59;8.2;39.0
7144;1.1;3.8;13.0;17.0;37.0;51.0;13.63;712.0;0.0;16.0;6.9;0.437;24.69;8.5;62.0
7145;1.16;3.3;14.9;18.4;27.0;57.0;14.75;711.7;0.0;20.0;8.8;0.068;24.37;9.2;67.0
7146;1.2;3.2;14.1;17.5;9.0;56.0;13.86;711.8;0.0;27.0;6.9;0.023;22.92;8.4;128.0
7147;1.16;2.5;13.0;15.6;2.0;50.0;15.4;712.1;0.0;30.0;6.4;0.002;21.4;11.2;130.0
7148;1.09;2.3;9.7;12.2;;58.0;15.71;712.4;0.0;29.0;6.3;0.001;20.77;11.7;125.0
7149;1.06;2.3;8.4;10.9;;45.0;14.73;712.5;0.0;28.0;6.3;0.001;20.57;10.2;114.0
7150;1.04;2.2;6.5;8.8;;39.0;10.4;712.5;0.0;28.0;6.2;0.001;20.26;11.3;121.0
7151;1.02;2.1;5.7;8.1;;36.0;10.31;712.6;0.0;28.0;6.0;0.001;19.97;10.6;119.0
7152;1.02;2.1;5.3;7.6;;31.0;14.8;712.4;0.0;28.0;6.0;0.001;19.84;8.2;121.0
7153;1.11;2.2;10.5;12.9;;32.0;15.35;712.1;0.0;33.0;;0.001;18.93;4.1;205.0
7154;1.2;2.3;18.5;20.9;;39.0;14.3;712.0;0.0;38.0;6.2;0.001;17.99;3.9;208.0
7155;1.23;2.4;28.2;30.7;1.0;44.0;19.97;711.7;0.0;39.0;6.5;0.001;17.42;3.9;177.0
7156;1.17;2.3;18.1;20.5;;58.0;25.43;711.5;0.0;37.0;7.2;0.001;17.01;4.6;48.0
7157;1.18;4.4;26.8;31.4;1.0;67.0;26.26;711.5;0.0;40.0;15.5;0.001;16.22;3.7;10.0
7158;1.43;16.8;34.1;51.1;2.0;63.0;27.94;711.9;0.0;45.0;13.2;0.001;15.82;4.5;353.0
7159;1.79;32.1;35.2;67.5;2.0;75.0;26.18;712.5;0.0;49.0;10.4;0.003;15.69;5.8;35.0
7160;1.85;38.8;34.9;74.0;2.0;85.0;25.73;712.8;0.0;53.0;8.7;0.07;16.06;4.9;2.0
7161;1.88;40.8;36.0;77.1;1.0;81.0;32.17;713.0;0.0;46.0;9.5;0.194;17.75;5.5;3.0
7162;1.6;24.3;30.9;55.4;;99.0;30.83;713.2;0.0;43.0;10.9;0.47;18.98;7.0;39.0
7163;1.32;10.9;21.0;32.2;;79.0;25.18;713.2;0.0;43.0;12.2;0.645;20.14;8.2;32.0
7164;1.29;6.8;14.4;21.5;;67.0;22.41;712.7;0.0;37.0;9.3;0.755;21.73;9.2;35.0
7165;1.28;4.8;11.0;16.1;;56.0;20.84;712.0;0.0;36.0;7.5;0.789;22.56;11.0;43.0
7166;1.23;3.5;7.6;11.4;;53.0;18.67;711.2;0.0;36.0;6.9;0.76;23.77;9.9;100.0
7167;1.24;3.2;7.1;10.5;;39.0;17.94;710.5;0.0;37.0;6.7;0.654;24.45;11.0;126.0
7168;1.27;2.9;7.1;10.3;;39.0;14.59;710.2;0.0;39.0;6.7;0.432;24.58;11.2;124.0
7169;1.3;2.9;8.3;11.5;;40.0;15.07;710.1;0.0;39.0;6.5;0.067;24.55;10.2;134.0
7170;1.34;3.0;10.4;13.6;;42.0;15.55;710.2;0.0;42.0;6.5;0.022;23.61;9.6;122.0
7171;1.37;2.6;13.6;16.3;;43.0;16.35;710.3;0.0;45.0;6.3;0.001;22.69;8.7;115.0
7172;1.33;2.7;11.6;14.5;;45.0;16.17;710.6;0.0;47.0;6.3;0.001;22.16;8.8;118.0
7173;1.28;2.4;8.8;11.4;1.0;38.0;17.18;710.7;0.0;49.0;6.2;0.001;21.78;8.2;121.0
7174;1.24;2.3;5.8;8.2;1.0;33.0;15.8;710.7;0.0;48.0;6.2;0.001;21.56;10.7;128.0
7175;1.22;2.2;4.2;6.6;2.0;39.0;13.3;710.8;0.0;52.0;6.1;0.001;20.96;11.7;118.0
7176;1.28;2.2;7.2;9.6;2.0;35.0;10.0;710.6;0.0;58.0;6.1;0.001;20.03;8.2;43.0
7177;1.28;2.3;7.7;10.2;1.0;28.0;14.15;710.3;0.0;61.0;;0.001;19.3;7.4;33.0
7178;1.26;2.3;7.9;10.4;1.0;35.0;15.55;710.0;0.0;64.0;6.0;0.001;18.64;7.8;44.0
7179;1.31;2.6;19.6;22.4;1.0;31.0;17.58;709.9;0.0;72.0;6.5;0.001;17.66;5.9;5.0
7180;1.35;2.5;18.3;21.0;;48.0;20.83;709.6;0.0;77.0;7.0;0.001;16.88;4.0;41.0
7181;1.36;3.9;25.0;29.1;2.0;60.0;24.11;709.4;0.0;80.0;8.4;0.001;16.39;3.2;13.0
7182;1.57;7.9;25.0;33.1;2.0;48.0;25.76;709.5;0.0;82.0;7.2;0.001;16.11;2.6;346.0
7183;1.77;14.5;27.5;42.1;4.0;58.0;27.87;709.8;0.0;83.0;6.8;0.003;16.02;2.9;15.0
7184;1.98;26.1;27.4;53.6;6.0;54.0;30.78;710.1;0.0;80.0;6.7;0.056;16.84;3.5;
7185;2.37;23.5;31.3;55.0;7.0;87.0;40.13;710.5;0.0;76.0;6.9;0.108;17.67;3.9;340.0
7186;2.54;22.1;31.3;53.6;15.0;107.0;54.51;710.7;0.0;70.0;7.4;0.265;19.4;3.7;58.0
7187;2.23;24.1;36.6;61.0;22.0;131.0;55.71;710.5;0.0;63.0;9.5;0.571;20.89;6.3;18.0
7188;1.96;13.6;31.3;45.1;39.0;125.0;51.24;710.1;0.0;59.0;8.7;0.695;21.95;7.3;5.0
7189;1.74;7.4;23.3;30.9;54.0;110.0;;709.5;0.0;55.0;8.2;0.73;23.15;7.1;7.0
7190;1.67;6.9;25.7;32.9;63.0;83.0;;708.8;0.0;53.0;10.0;0.7;24.14;8.2;60.0
7191;1.62;4.5;16.2;20.9;72.0;80.0;;708.4;0.0;53.0;8.3;0.597;25.01;7.9;49.0
7192;1.6;4.4;15.8;20.5;62.0;69.0;;708.2;0.0;52.0;7.3;0.388;25.75;8.7;48.0
7193;1.6;3.8;14.8;18.8;58.0;65.0;;708.0;0.0;51.0;7.0;0.07;26.14;7.8;41.0
7194;1.55;2.9;11.7;14.8;47.0;50.0;;708.2;0.0;53.0;6.6;0.023;25.3;6.6;105.0
7195;1.76;3.2;23.3;26.7;24.0;45.0;;708.7;0.0;60.0;6.3;0.001;24.08;6.8;82.0
7196;1.59;2.7;13.2;16.1;33.0;55.0;;709.1;0.0;62.0;6.2;0.001;23.52;5.0;94.0
7197;1.55;2.5;10.4;13.1;30.0;46.0;;709.3;0.0;64.0;6.2;0.001;23.28;4.0;76.0
7198;1.64;3.2;16.7;20.1;21.0;42.0;;709.5;0.0;65.0;;0.001;22.79;3.6;208.0
7199;1.72;3.2;22.8;26.2;13.0;38.0;;709.5;0.0;65.0;;0.001;22.25;3.2;251.0
7200;1.92;5.4;34.6;40.2;4.0;43.0;;709.5;0.0;68.0;;0.001;21.28;3.3;214.0
7201;1.89;4.9;36.6;41.7;4.0;59.0;;709.6;0.0;69.0;6.4;0.001;20.55;3.0;238.0
7202;1.78;3.9;29.2;33.3;7.0;78.0;;709.5;0.0;70.0;6.8;0.001;20.11;4.0;235.0
7203;1.65;3.4;23.5;27.2;15.0;64.0;;709.3;0.0;67.0;7.8;0.001;19.78;4.8;220.0
7204;1.58;3.4;20.6;24.2;19.0;68.0;;709.2;0.0;64.0;9.0;0.001;19.59;3.3;251.0
7205;1.64;4.0;28.0;32.1;8.0;92.0;;709.3;0.0;68.0;8.0;0.001;19.05;4.6;220.0
7206;1.8;27.5;32.8;60.6;4.0;105.0;;709.6;0.0;67.0;8.5;0.001;19.04;5.4;226.0
7207;1.94;36.2;33.9;70.3;3.0;109.0;;710.1;0.0;60.0;9.8;0.003;18.96;5.4;219.0
7208;2.24;64.3;35.3;99.9;4.0;105.0;;710.6;0.0;51.0;12.3;0.063;20.68;3.5;246.0
7209;2.31;47.8;37.8;85.9;7.0;134.0;;711.5;0.0;45.0;12.4;0.187;23.37;4.7;190.0
7210;1.94;23.7;32.7;56.5;16.0;114.0;;712.0;0.0;43.0;10.1;0.461;25.3;4.5;304.0
7211;1.8;11.6;23.1;34.9;36.0;91.0;;712.1;0.0;42.0;8.7;0.605;26.5;10.1;41.0
7212;1.59;6.0;12.0;18.2;45.0;108.0;;711.9;0.0;44.0;8.4;0.711;26.38;15.0;19.0
7213;1.49;5.8;10.6;16.7;40.0;104.0;;711.8;0.0;43.0;8.0;0.748;26.53;14.1;34.0
7214;1.45;5.6;10.3;16.0;40.0;93.0;;711.5;0.0;38.0;8.0;0.704;27.05;12.6;39.0
7215;1.38;4.1;8.6;13.0;43.0;61.0;;711.5;0.0;36.0;8.1;0.543;26.53;11.9;45.0
7216;1.41;5.4;11.4;17.0;40.0;65.0;;711.6;0.0;32.0;7.7;0.389;26.47;12.5;16.0
7217;1.38;5.1;12.1;17.5;38.0;69.0;;712.1;0.0;29.0;7.1;0.067;25.42;12.0;10.0
7218;1.42;4.2;18.3;22.7;30.0;64.0;;712.7;0.0;29.0;7.1;0.024;24.5;9.5;36.0
7219;1.37;3.2;17.7;21.1;29.0;67.0;;713.7;0.0;28.0;8.1;0.001;23.0;11.3;29.0
7220;1.36;2.9;18.6;21.7;27.0;59.0;;714.5;0.0;27.0;7.8;0.001;21.93;8.4;32.0
7221;1.26;2.6;16.0;18.8;30.0;53.0;;715.3;0.0;24.0;8.1;0.001;20.92;7.8;40.0
7222;1.27;2.9;17.6;20.7;29.0;53.0;;715.8;0.0;28.0;7.7;0.001;19.82;7.3;44.0
7223;1.34;2.8;21.1;24.1;23.0;53.0;;716.0;0.0;33.0;11.6;0.001;18.96;6.6;99.0
7224;1.38;2.7;20.8;23.6;23.0;54.0;;715.9;0.0;35.0;8.1;0.001;18.43;6.6;103.0
7225;1.38;2.7;20.4;23.3;23.0;45.0;;715.7;0.0;38.0;7.8;0.001;17.7;5.0;120.0
7226;1.34;;16.6;19.5;26.0;39.0;;715.6;0.0;41.0;7.1;0.001;17.0;4.5;151.0
7227;1.34;;15.6;18.4;27.0;38.0;;715.5;0.0;42.0;7.1;0.001;16.63;4.0;143.0
7228;1.29;2.6;10.9;13.7;34.0;43.0;;715.4;0.0;42.0;6.7;0.001;16.7;6.4;104.0
7229;1.32;2.7;13.9;16.8;30.0;33.0;;715.5;0.0;45.0;6.6;0.001;16.11;4.6;108.0
7230;1.34;3.1;21.9;25.3;17.0;33.0;;715.4;0.0;50.0;6.5;0.001;14.97;4.2;210.0
7231;1.45;5.3;30.0;35.4;7.0;34.0;;715.5;0.0;52.0;6.9;0.003;14.56;4.8;210.0
7232;1.65;22.1;32.2;54.5;6.0;43.0;;715.7;0.0;47.0;15.5;0.06;16.12;4.8;224.0
7233;1.78;28.5;33.8;62.6;11.0;66.0;;715.8;0.0;37.0;14.4;0.19;19.29;4.0;265.0
7234;1.83;17.2;28.5;45.9;24.0;101.0;;716.0;0.0;33.0;9.9;0.474;20.69;4.6;16.0
7235;1.74;15.0;31.2;46.4;32.0;100.0;;715.7;0.0;30.0;9.4;0.632;21.86;4.7;28.0
7236;1.93;21.4;45.2;66.9;31.0;90.0;;715.2;0.0;29.0;15.7;0.699;22.4;7.1;47.0
7237;1.81;12.1;37.0;49.4;46.0;110.0;;714.5;0.0;28.0;12.3;0.737;22.72;9.1;66.0
7238;1.66;7.3;28.1;35.6;62.0;113.0;;713.7;0.0;29.0;10.0;0.694;23.33;9.1;51.0
7239;1.52;4.6;17.0;21.9;71.0;104.0;;713.1;0.0;31.0;7.7;0.591;23.54;11.0;51.0
7240;1.49;3.6;14.2;18.0;78.0;79.0;;712.9;0.0;32.0;8.1;0.383;23.74;11.0;54.0
7241;1.44;3.0;11.9;15.1;73.0;71.0;;712.6;0.0;34.0;8.7;0.066;23.45;10.3;87.0
7242;1.38;2.4;8.3;10.9;63.0;52.0;;712.7;0.0;38.0;7.9;0.029;22.02;9.9;135.0
7243;1.4;2.4;10.0;12.6;57.0;45.0;;713.0;0.0;39.0;7.6;0.001;21.07;11.0;121.0
7244;1.4;;9.9;12.4;52.0;46.0;;713.3;0.0;41.0;7.4;0.001;20.47;10.7;117.0
7245;1.38;;8.6;11.2;48.0;41.0;;713.5;0.0;41.0;6.9;0.001;20.03;10.5;104.0
7246;1.38;2.3;8.7;11.2;45.0;40.0;;713.6;0.0;41.0;6.9;0.001;19.7;7.8;93.0
7247;1.42;2.3;11.2;13.8;40.0;36.0;;713.7;0.0;43.0;6.6;0.001;19.14;5.8;49.0
7248;1.47;2.4;13.5;16.1;33.0;33.0;;713.4;0.0;47.0;6.6;0.001;18.29;3.6;360.0
7249;1.43;2.5;10.9;13.6;35.0;32.0;;713.0;0.0;48.0;6.4;0.001;17.89;3.5;50.0
7250;1.38;2.4;8.6;11.2;37.0;33.0;15.31;712.9;0.0;49.0;6.4;0.001;17.5;3.5;6.0
7251;1.47;2.4;14.5;17.1;26.0;32.0;17.99;712.8;0.0;53.0;;0.001;16.49;2.7;205.0
7252;1.56;2.6;19.5;22.3;18.0;28.0;23.63;712.8;0.0;57.0;6.5;0.001;15.83;3.8;268.0
7253;1.6;2.8;25.4;28.5;12.0;40.0;30.5;712.9;0.0;58.0;7.9;0.001;15.24;4.0;224.0
7254;1.64;2.9;26.3;29.4;10.0;63.0;34.32;713.1;0.0;59.0;11.4;0.001;14.86;4.3;212.0
7255;1.58;3.2;23.7;27.2;14.0;78.0;36.95;713.3;0.0;58.0;12.3;0.003;14.84;6.4;212.0
7256;1.58;5.2;23.0;28.5;16.0;83.0;33.78;713.4;0.0;55.0;10.4;0.05;15.76;5.5;218.0
7257;1.58;8.1;20.7;29.1;24.0;78.0;28.98;713.4;0.0;47.0;11.9;0.176;18.82;4.4;156.0
7258;1.51;6.6;17.0;23.8;42.0;74.0;25.47;713.6;0.0;43.0;14.2;0.472;19.75;6.2;56.0
7259;1.49;5.1;14.7;19.9;55.0;39.0;22.84;713.5;0.0;42.0;12.8;0.631;20.54;8.0;37.0
7260;1.43;3.6;10.0;13.8;61.0;43.0;19.89;713.0;0.0;42.0;11.7;0.736;21.46;9.0;39.0
7261;1.41;3.2;7.5;10.9;56.0;40.0;20.84;712.1;0.0;41.0;8.7;0.775;22.41;8.6;49.0
7262;1.42;3.4;8.1;11.8;54.0;38.0;15.98;711.2;0.0;40.0;8.1;0.737;23.18;10.5;42.0
7263;1.44;3.4;8.2;11.8;53.0;39.0;19.33;710.6;0.0;39.0;7.9;0.632;23.75;11.5;42.0
7264;1.46;3.3;8.4;12.0;52.0;44.0;19.77;710.2;0.0;39.0;7.2;0.387;24.06;11.7;52.0
7265;1.48;3.0;8.2;11.4;49.0;40.0;18.56;710.2;0.0;41.0;6.8;0.055;23.76;12.0;65.0
7266;1.5;2.6;9.3;12.2;44.0;39.0;18.35;710.4;0.0;45.0;6.6;0.021;22.63;10.0;82.0
7267;1.53;2.4;11.1;13.8;40.0;38.0;21.15;710.7;0.0;48.0;6.5;0.001;21.64;6.7;99.0
7268;1.6;2.5;14.8;17.5;34.0;38.0;25.07;710.9;0.0;50.0;6.5;0.001;21.11;5.7;107.0
7269;1.57;2.4;12.6;15.2;35.0;40.0;22.39;710.9;0.0;52.0;6.4;0.001;20.59;5.0;84.0
7270;1.53;2.4;10.7;13.3;35.0;36.0;21.56;710.8;0.0;55.0;6.4;0.001;20.24;4.4;76.0
7271;1.48;2.3;7.6;10.1;38.0;33.0;18.71;710.8;0.0;56.0;6.3;0.001;20.3;6.9;103.0
7272;1.61;3.8;16.0;19.8;25.0;30.0;22.0;710.7;0.0;59.0;6.3;0.001;19.47;3.5;38.0
7273;1.78;4.3;26.8;31.1;11.0;41.0;32.0;710.5;0.0;64.0;6.7;0.001;18.44;5.5;26.0
7274;1.64;3.4;23.3;26.7;11.0;63.0;27.0;710.4;0.0;70.0;9.1;0.001;17.43;6.0;15.0
7275;1.61;2.8;18.7;21.5;15.0;50.0;27.0;710.3;0.0;74.0;9.0;0.001;16.86;5.7;3.0
7276;1.56;2.9;15.2;18.0;18.0;47.0;26.0;710.3;0.0;76.0;8.3;0.001;16.52;4.7;346.0
7277;1.56;2.9;14.8;17.7;19.0;49.0;33.0;710.2;0.0;77.0;7.7;0.001;16.59;4.7;357.0
7278;1.58;2.9;11.3;14.1;20.0;50.0;32.0;710.6;0.0;76.0;7.3;0.001;16.69;2.4;263.0
7279;1.71;4.4;18.3;22.7;11.0;53.0;40.0;710.9;0.0;74.0;7.4;0.001;16.98;3.8;206.0
7280;1.88;10.5;24.3;34.8;4.0;73.0;45.0;711.3;0.0;76.0;7.4;0.009;16.74;3.7;213.0
7281;1.94;16.2;26.3;42.5;4.0;87.0;44.0;711.7;0.0;80.0;;0.034;16.3;3.3;213.0
7282;2.04;19.7;27.7;47.4;5.0;83.0;43.0;711.8;0.0;80.0;7.6;0.065;16.98;1.9;204.0
7283;2.09;19.5;27.9;47.5;9.0;79.0;43.0;711.8;0.0;78.0;7.5;0.15;18.01;3.2;349.0
7284;2.17;13.1;27.5;40.6;12.0;70.0;41.0;711.5;0.0;77.0;7.1;0.108;18.24;6.1;9.0
7285;2.41;14.5;31.9;46.4;9.0;65.0;41.0;711.1;0.0;74.0;6.9;0.095;18.69;5.6;23.0
7286;2.46;17.7;29.7;47.4;16.0;76.0;44.0;710.5;0.0;73.0;7.5;0.276;19.51;7.8;52.0
7287;2.36;14.1;25.5;39.6;21.0;84.0;41.0;710.1;0.0;71.0;8.5;0.346;20.02;8.3;41.0
7288;2.36;11.3;23.5;34.8;25.0;62.0;39.0;709.6;0.0;70.0;7.5;0.281;20.3;9.7;46.0
7289;2.36;8.6;22.3;31.0;22.0;62.0;35.0;709.6;0.0;70.0;7.1;0.087;20.19;10.9;40.0
7290;2.34;6.0;23.6;29.6;15.0;55.0;32.0;710.1;0.0;74.0;7.5;0.022;19.45;10.2;48.0
7291;2.38;5.5;24.9;30.4;11.0;56.0;23.0;710.6;0.0;79.0;7.1;0.001;18.72;7.8;51.0
7292;;;;;;;;;;;;0.0;;;
7293;;;;;;;;;;;;0.0;;;
7294;;;;;;;;;;;;0.0;;;
7295;;;;;;;;;;;;0.0;;;
7296;;;;;;;;;;;;;;;
7297;2.11;2.8;13.5;16.6;21.0;22.0;14.0;711.5;0.0;87.0;6.5;0.001;17.53;9.6;7.0
7298;1.96;2.6;7.5;10.4;28.0;23.0;12.0;711.5;0.0;87.0;6.4;0.001;17.23;6.0;339.0
7299;1.96;2.4;5.0;7.7;29.0;25.0;9.0;711.5;0.0;87.0;6.2;0.001;17.26;1.9;184.0
7300;1.99;2.4;7.5;10.2;27.0;21.0;15.0;711.6;0.0;88.0;6.1;0.001;17.29;3.0;183.0
7301;2.05;2.4;8.2;10.8;25.0;23.0;20.0;711.7;0.0;88.0;6.0;0.001;17.35;4.2;130.0
7302;2.03;2.5;7.9;10.6;23.0;28.0;18.0;712.2;0.0;88.0;6.1;0.001;17.37;2.3;67.0
7303;2.13;3.5;15.7;19.4;13.0;25.0;17.0;712.7;0.0;88.0;6.0;0.001;17.67;2.1;120.0
7304;2.44;14.0;27.8;42.0;3.0;27.0;20.0;713.3;0.0;87.0;6.1;0.009;17.77;4.3;82.0
7305;2.44;11.4;24.4;36.0;5.0;28.0;20.0;714.0;0.0;87.0;6.2;0.022;17.76;5.7;16.0
7306;2.79;15.1;24.9;40.3;7.0;31.0;24.0;714.5;0.0;87.0;6.4;0.072;17.85;5.5;24.0
7307;2.33;7.5;17.1;24.9;15.0;37.0;22.0;714.7;0.0;86.0;6.4;0.109;18.2;3.1;67.0
7308;2.46;10.6;23.6;34.4;11.0;31.0;26.0;714.6;0.0;85.0;;0.056;18.55;5.0;52.0
7309;2.23;5.4;16.2;21.9;23.0;34.0;17.0;714.1;0.0;80.0;;0.107;19.64;3.7;39.0
7310;2.39;8.8;23.1;32.0;16.0;36.0;21.0;713.6;0.0;74.0;;0.142;20.3;3.9;174.0
7311;2.32;6.6;22.2;29.0;20.0;43.0;23.0;713.3;0.0;70.0;6.5;0.125;20.94;3.8;143.0
7312;2.25;6.5;20.3;27.0;26.0;44.0;18.0;713.2;0.0;65.0;6.6;0.195;21.88;4.2;22.0
7313;2.23;6.0;21.0;27.3;24.0;72.0;19.0;713.5;0.0;63.0;6.5;0.083;21.91;5.9;26.0
7314;2.24;4.9;22.0;27.1;20.0;52.0;20.19;713.8;0.0;65.0;6.4;0.009;21.34;7.5;22.0
7315;2.21;5.0;23.6;28.8;17.0;48.0;15.46;714.3;0.0;68.0;6.2;0.001;20.37;10.2;23.0
7316;2.25;5.4;25.0;30.6;12.0;47.0;18.77;714.8;0.0;74.0;6.6;0.001;19.69;7.8;9.0
7317;2.12;4.5;16.6;21.3;19.0;39.0;16.51;715.1;0.0;77.0;6.7;0.001;19.28;6.4;59.0
7318;1.98;2.4;6.3;8.9;28.0;37.0;13.78;715.2;0.0;76.0;6.4;0.001;19.14;5.2;117.0
7319;2.0;2.4;6.7;9.2;28.0;22.0;13.21;715.3;0.0;77.0;6.3;0.001;18.96;6.8;85.0
7320;1.96;2.3;5.8;8.3;28.0;21.0;14.03;715.2;0.0;78.0;6.1;0.001;18.64;8.0;76.0
7321;1.96;2.3;5.0;7.4;27.0;20.0;13.6;715.0;0.0;83.0;6.1;0.001;17.98;7.9;71.0
7322;1.97;2.3;5.6;8.2;25.0;17.0;12.85;714.8;0.0;85.0;6.0;0.001;17.72;7.3;59.0
7323;1.98;2.4;5.7;8.3;24.0;27.0;15.8;714.6;0.0;86.0;6.0;0.001;17.65;6.7;55.0
7324;1.95;2.3;4.3;6.8;23.0;27.0;11.57;714.5;0.0;86.0;;0.001;17.61;6.2;46.0
7325;1.93;2.2;3.5;5.9;23.0;21.0;9.93;714.7;0.0;86.0;;0.001;17.53;6.0;47.0
7326;1.95;2.3;5.0;7.4;24.0;17.0;13.84;715.0;0.0;86.0;5.9;0.001;17.32;5.5;55.0
7327;1.99;2.5;10.7;13.4;17.0;17.0;13.37;715.4;0.0;87.0;5.9;0.002;17.31;3.2;39.0
7328;2.15;4.8;18.4;23.4;10.0;22.0;17.29;715.8;0.0;87.0;6.0;0.027;17.51;2.9;54.0
7329;2.28;12.5;21.0;33.8;10.0;37.0;19.08;715.9;0.0;85.0;6.1;0.141;18.29;3.6;71.0
7330;2.22;8.9;15.2;24.4;18.0;32.0;15.01;716.0;0.0;77.0;6.3;0.252;19.74;4.7;72.0
7331;2.27;8.1;17.5;25.8;21.0;32.0;25.61;716.0;0.0;73.0;6.7;0.244;19.98;7.4;67.0
7332;2.25;6.7;16.8;23.8;21.0;44.0;27.13;715.6;0.0;74.0;7.6;0.154;19.91;6.4;59.0
7333;2.25;6.2;16.0;22.5;22.0;50.0;27.18;715.0;0.0;72.0;7.0;0.159;20.24;7.6;70.0
7334;2.21;6.2;14.0;20.4;21.0;39.0;21.68;714.5;0.0;71.0;6.8;0.126;20.21;8.3;69.0
7335;2.16;4.9;12.3;17.5;19.0;34.0;15.54;714.1;0.0;69.0;6.5;0.094;20.54;6.6;97.0
7336;2.27;6.1;16.4;22.7;16.0;28.0;19.11;714.0;0.0;72.0;6.2;0.09;20.23;7.5;56.0
7337;2.27;5.4;17.1;22.7;15.0;37.0;22.21;713.9;0.0;75.0;6.2;0.044;19.81;7.6;58.0
7338;2.37;6.3;22.4;28.9;9.0;32.0;17.98;714.0;0.0;75.0;;0.011;19.73;4.8;41.0
7339;2.43;5.8;23.9;29.9;6.0;43.0;21.78;714.1;0.0;78.0;6.1;0.001;19.41;5.6;53.0
7340;2.38;6.0;22.9;29.1;6.0;38.0;22.46;714.5;0.0;80.0;6.0;0.001;19.38;5.7;61.0
7341;2.4;7.0;23.0;30.3;4.0;36.0;21.25;714.6;0.0;82.0;6.0;0.001;19.23;4.6;46.0
7342;2.26;4.4;18.7;23.3;6.0;36.0;23.25;714.6;0.0;82.0;;0.001;19.24;5.5;43.0
7343;2.16;3.1;13.2;16.5;12.0;35.0;20.53;714.5;0.0;83.0;5.9;0.001;19.05;5.8;75.0
7344;2.02;2.4;5.6;8.3;19.0;33.0;16.33;714.2;0.0;82.0;5.8;0.001;19.26;7.5;100.0
7345;2.0;2.3;4.4;7.0;18.0;17.0;11.4;713.8;0.0;80.0;5.9;0.001;19.52;5.4;109.0
7346;1.99;2.3;3.7;6.1;20.0;18.0;12.58;713.4;0.0;79.0;5.9;0.001;19.72;5.2;89.0
7347;2.0;2.3;4.4;6.9;18.0;18.0;13.65;713.0;0.0;82.0;;0.001;19.4;4.9;55.0
7348;2.03;2.3;5.3;7.8;16.0;17.0;;712.7;0.0;83.0;;0.001;19.26;2.9;342.0
7349;2.04;2.4;7.1;9.8;13.0;19.0;14.35;712.6;0.0;84.0;;0.001;19.27;2.4;341.0
7350;2.09;2.8;10.6;13.6;9.0;26.0;14.43;712.7;0.0;84.0;;0.001;19.35;2.1;35.0
7351;2.21;10.3;17.9;28.5;2.0;27.0;21.69;712.9;0.0;85.0;;0.002;19.22;2.5;17.0
7352;2.32;19.4;17.7;37.4;3.0;46.0;21.29;713.1;0.0;86.0;6.0;0.032;19.22;1.9;337.0
7353;2.46;21.8;18.8;40.9;6.0;42.0;25.46;713.2;0.0;78.0;6.3;0.149;20.25;2.7;251.0
7354;2.56;28.3;22.4;50.9;8.0;52.0;28.68;713.3;0.0;69.0;6.5;0.252;21.92;3.6;12.0
7355;2.43;20.4;22.3;42.9;15.0;64.0;30.34;713.0;0.0;63.0;6.8;0.52;23.21;6.3;51.0
7356;2.56;29.5;27.5;57.1;15.0;63.0;36.34;712.4;0.0;62.0;8.4;0.656;23.73;8.3;17.0
7357;2.43;19.7;27.7;47.6;23.0;81.0;36.62;711.6;0.0;59.0;11.7;0.706;24.43;8.3;31.0
7358;2.31;7.5;17.2;24.9;40.0;68.0;30.53;710.9;0.0;60.0;9.9;0.678;24.91;9.9;62.0
7359;2.23;6.0;13.2;19.4;37.0;57.0;27.55;710.4;0.0;59.0;7.6;0.574;25.72;9.7;36.0
7360;2.17;4.2;9.0;13.4;38.0;61.0;23.02;709.9;0.0;56.0;7.1;0.32;26.59;9.6;60.0
7361;2.13;3.2;7.5;10.9;33.0;50.0;19.87;709.7;0.0;56.0;6.6;0.067;26.5;12.3;123.0
7362;2.19;3.5;9.4;13.2;26.0;43.0;20.62;709.7;0.0;60.0;6.3;0.02;25.35;10.6;121.0
7363;2.27;3.0;13.8;17.0;21.0;42.0;22.07;709.9;0.0;63.0;6.2;0.001;24.83;8.9;91.0
7364;2.3;3.1;16.1;19.4;16.0;45.0;28.29;710.0;0.0;63.0;6.1;0.001;24.58;5.5;72.0
7365;2.32;2.9;16.0;19.1;11.0;40.0;22.92;710.1;0.0;66.0;6.1;0.001;23.72;1.9;358.0
7366;2.34;7.2;19.5;26.9;6.0;29.0;26.76;710.1;0.0;68.0;6.2;0.001;23.02;6.6;28.0
7367;2.21;17.6;19.6;37.5;2.0;62.0;26.35;710.0;0.0;73.0;6.7;0.001;21.82;4.4;341.0
7368;2.17;13.3;17.7;31.3;3.0;49.0;23.24;709.8;0.0;77.0;7.7;0.001;20.99;4.8;5.0
7369;2.1;3.7;10.9;14.9;8.0;43.0;19.53;709.5;0.0;79.0;7.1;0.001;20.43;4.4;351.0
7370;2.08;3.3;11.2;14.7;7.0;30.0;22.87;709.1;0.0;81.0;6.7;0.001;20.26;5.2;12.0
7371;2.04;4.1;11.2;15.5;7.0;32.0;28.11;708.7;0.0;82.0;6.6;0.001;20.12;4.3;21.0
7372;2.1;3.9;14.8;18.9;3.0;44.0;31.48;708.6;0.0;82.0;6.6;0.001;20.09;3.9;330.0
7373;2.13;3.5;13.8;17.5;3.0;73.0;29.74;708.4;0.0;83.0;6.4;0.001;19.79;3.0;292.0
7374;2.15;4.7;12.8;17.7;3.0;69.0;31.3;708.4;0.0;84.0;6.3;0.001;19.71;2.1;341.0
7375;2.18;8.0;12.9;21.1;4.0;57.0;31.06;708.6;0.0;82.0;6.2;0.002;19.83;2.6;256.0
7376;2.59;42.5;18.0;60.8;3.0;75.0;37.91;708.9;0.0;79.0;6.7;0.044;20.1;4.0;224.0
7377;2.5;25.4;20.9;46.5;7.0;109.0;39.73;709.0;0.0;66.0;7.2;0.162;22.4;6.2;242.0
7378;2.66;25.4;28.5;54.1;13.0;96.0;40.44;709.1;0.0;53.0;8.2;0.438;25.16;4.9;82.0
7379;2.8;21.3;34.0;55.4;21.0;91.0;40.0;709.0;0.0;52.0;7.8;0.599;26.34;7.4;81.0
7380;2.63;12.3;33.1;45.6;39.0;20.0;;708.4;0.0;50.0;7.2;0.701;27.64;8.0;56.0
7381;2.25;7.1;24.0;31.3;55.0;108.0;38.0;707.6;0.0;47.0;6.8;0.736;28.74;8.9;57.0
7382;2.11;5.4;18.3;24.0;60.0;84.0;32.0;706.8;0.0;48.0;6.6;0.694;29.58;10.0;33.0
7383;2.03;5.0;17.3;22.5;62.0;68.0;34.0;706.2;0.0;43.0;6.5;0.595;30.72;10.6;50.0
7384;1.98;4.9;20.0;25.1;59.0;66.0;32.0;706.0;0.0;35.0;6.8;0.316;32.18;9.1;68.0
7385;1.77;3.3;12.6;16.0;55.0;57.0;26.0;706.0;0.0;33.0;6.6;0.067;31.55;10.0;118.0
7386;1.77;2.9;14.3;17.4;49.0;46.0;22.0;706.3;0.0;33.0;6.5;0.018;29.73;8.7;120.0
7387;1.89;3.4;20.1;23.7;33.0;39.0;24.0;706.9;0.0;37.0;6.3;0.001;28.29;7.0;58.0
7388;2.53;14.6;43.0;57.8;9.0;42.0;33.0;707.5;0.0;46.0;6.4;0.0;27.61;7.5;13.0
7389;2.84;26.4;45.0;71.6;2.0;76.0;37.0;708.2;0.0;50.0;6.5;0.001;26.13;3.5;140.0
7390;2.79;33.6;42.7;76.4;2.0;77.0;36.0;708.6;0.0;53.0;6.6;0.001;24.69;3.1;236.0
7391;2.55;32.7;30.8;63.8;8.0;72.0;35.0;709.2;0.0;57.0;6.5;0.001;24.03;6.2;343.0
7392;1.58;3.0;5.2;8.4;29.0;81.0;20.0;710.4;0.0;49.0;6.5;0.001;22.85;11.6;358.0
7393;1.65;2.6;6.8;9.6;28.0;68.0;18.0;710.7;0.0;46.0;;0.001;22.39;7.7;78.0
7394;1.67;2.5;10.4;13.1;25.0;43.0;19.0;710.7;0.0;43.0;6.9;0.001;22.07;7.7;61.0
7395;1.55;2.4;6.9;9.5;30.0;46.0;17.0;711.0;0.0;38.0;6.9;0.001;21.52;9.0;46.0
7396;1.52;2.3;6.2;8.7;32.0;58.0;17.0;711.1;0.0;33.0;;0.001;20.92;7.2;37.0
7397;1.49;2.3;8.6;11.0;36.0;68.0;10.0;711.1;0.0;22.0;6.3;0.001;20.58;8.1;39.0
7398;1.5;2.2;11.3;13.6;36.0;106.0;12.0;711.3;0.0;17.0;6.2;0.001;20.05;7.7;64.0
7399;1.56;2.3;17.2;19.7;30.0;42.0;13.0;711.7;0.0;14.0;6.7;0.002;19.62;7.9;59.0
7400;1.73;2.9;16.3;19.4;32.0;36.0;13.0;711.9;0.0;13.0;6.3;0.035;19.45;5.9;59.0
7401;1.61;4.4;14.2;18.8;36.0;34.0;12.0;712.1;0.0;13.0;6.0;0.151;20.18;7.8;24.0
7402;1.64;5.4;12.3;17.8;39.0;33.0;12.0;712.2;0.0;12.0;6.1;0.461;22.22;7.2;25.0
7403;1.76;5.7;12.6;18.6;41.0;37.0;11.0;712.2;0.0;13.0;6.5;0.623;22.73;7.0;23.0
7404;1.71;4.6;9.9;14.7;45.0;47.0;17.0;711.5;0.0;14.0;6.3;0.727;23.22;7.9;63.0
7405;1.76;5.9;15.1;21.2;44.0;45.0;10.0;710.6;0.0;14.0;7.3;0.755;24.36;6.4;2.0
7406;1.85;7.0;20.7;27.9;46.0;46.0;18.0;709.8;0.0;15.0;10.7;0.72;25.07;7.2;42.0
7407;1.84;3.8;14.9;18.8;61.0;47.0;18.0;709.2;0.0;17.0;7.6;0.613;25.83;7.1;98.0
7408;1.87;3.2;14.6;18.0;69.0;42.0;17.0;708.8;0.0;19.0;7.2;0.313;26.06;8.1;78.0
7409;1.89;2.9;13.3;16.3;65.0;44.0;21.0;708.6;0.0;23.0;6.5;0.064;25.35;10.0;78.0
7410;1.83;2.5;9.6;12.3;58.0;51.0;16.0;708.8;0.0;28.0;6.2;0.017;23.45;11.0;125.0
7411;1.83;2.2;10.2;12.6;49.0;34.0;16.0;709.3;0.0;28.0;6.2;0.001;22.13;12.1;112.0
7412;1.82;2.2;9.2;11.6;45.0;36.0;17.0;709.7;0.0;27.0;;0.001;21.47;9.8;105.0
7413;1.8;2.2;7.6;10.0;45.0;29.0;16.0;709.9;0.0;26.0;;0.001;21.23;12.1;112.0
7414;1.8;2.1;7.6;9.9;44.0;33.0;13.0;710.0;0.0;25.0;6.1;0.001;21.01;9.5;138.0
7415;2.06;2.2;19.8;22.1;25.0;36.0;20.0;710.1;0.0;33.0;6.2;0.001;19.58;4.5;172.0
7416;2.3;3.2;37.4;40.8;7.0;38.0;28.0;710.2;0.0;37.0;8.3;0.001;18.62;3.9;206.0
7417;2.23;2.4;33.1;35.7;10.0;69.0;33.0;709.9;0.0;38.0;11.0;0.001;18.06;4.3;229.0
7418;2.2;2.7;32.2;35.0;11.0;71.0;33.0;709.4;0.0;39.0;14.1;0.001;17.75;5.3;212.0
7419;2.21;3.1;34.2;37.4;8.0;80.0;32.0;709.1;0.0;40.0;15.4;0.001;17.35;5.6;230.0
7420;2.1;2.3;22.4;24.9;17.0;79.0;26.0;708.9;0.0;42.0;11.4;0.001;17.03;4.4;231.0
7421;2.16;2.4;29.3;31.9;9.0;68.0;28.0;709.0;0.0;45.0;11.6;0.001;16.38;3.3;258.0
7422;2.08;2.6;21.5;24.2;16.0;76.0;27.0;709.1;0.0;48.0;11.5;0.001;16.09;3.5;269.0
7423;2.24;6.8;29.4;36.4;9.0;59.0;29.0;709.4;0.0;47.0;14.4;0.002;16.02;3.3;280.0
7424;2.2;8.0;25.8;34.0;11.0;72.0;26.0;709.9;0.0;44.0;10.3;0.028;17.79;3.4;261.0
7425;2.2;11.0;24.2;35.3;17.0;61.0;27.0;710.4;0.0;36.0;9.2;0.13;21.17;3.9;213.0
7426;2.17;8.9;19.8;28.9;31.0;63.0;27.0;710.7;0.0;30.0;9.3;0.466;23.37;3.9;9.0
7427;2.09;6.0;16.6;22.8;44.0;66.0;28.0;710.8;0.0;23.0;8.7;0.632;24.78;4.8;17.0
7428;2.42;6.2;25.3;31.8;60.0;55.0;44.0;710.5;0.0;23.0;9.0;0.728;25.74;5.5;353.0
7429;2.34;5.1;21.9;27.2;66.0;77.0;37.0;709.9;0.0;23.0;8.3;0.767;27.04;5.4;52.0
7430;2.26;9.6;36.1;45.9;51.0;67.0;29.0;709.4;0.0;20.0;18.7;0.725;28.19;6.5;67.0
7431;2.2;6.2;29.2;35.6;70.0;83.0;33.0;709.1;0.0;20.0;15.8;0.624;28.9;8.0;44.0
7432;2.52;3.3;20.7;24.2;100.0;67.0;32.0;709.0;0.0;22.0;8.9;0.317;28.99;9.3;60.0
7433;2.68;2.7;21.9;24.8;110.0;65.0;53.0;709.2;0.0;27.0;8.2;0.059;28.29;10.2;57.0
7434;2.6;2.5;17.7;20.4;76.0;89.0;30.0;709.4;0.0;33.0;7.4;0.016;26.83;8.5;63.0
7435;2.41;2.3;19.1;21.6;56.0;54.0;26.0;709.8;0.0;36.0;7.1;0.001;25.4;7.0;44.0
7436;2.39;2.3;23.2;25.7;35.0;54.0;27.0;710.3;0.0;40.0;6.9;0.001;24.08;3.7;92.0
7437;2.54;2.3;29.4;31.9;22.0;50.0;31.0;710.8;0.0;45.0;6.6;0.001;23.03;2.8;352.0
7438;2.62;6.1;34.1;40.3;18.0;47.0;33.0;711.2;0.0;47.0;6.7;0.001;22.96;3.5;307.0
7439;3.1;15.3;50.8;66.3;3.0;66.0;53.0;711.5;0.0;50.0;6.9;0.001;22.49;3.5;333.0
7440;2.57;3.8;34.3;38.3;7.0;89.0;35.0;711.8;0.0;55.0;6.8;0.001;21.8;3.3;352.0
7441;2.48;6.5;30.5;37.2;4.0;51.0;29.0;711.8;0.0;63.0;7.8;0.001;21.65;4.6;316.0
7442;2.57;5.7;30.9;36.7;2.0;60.0;35.0;711.8;0.0;69.0;7.5;0.001;20.87;3.6;326.0
7443;2.47;5.7;27.9;33.8;2.0;71.0;33.0;711.8;0.0;74.0;6.9;0.001;19.87;2.3;358.0
7444;2.39;9.5;24.9;34.5;2.0;54.0;30.0;711.7;0.0;78.0;6.7;0.001;19.13;2.2;285.0
7445;2.4;7.4;25.5;33.1;;55.0;32.0;711.8;0.0;76.0;6.8;0.001;18.46;2.3;234.0
7446;2.32;4.5;25.7;30.3;6.0;61.0;36.0;712.1;0.0;61.0;10.8;0.001;18.16;3.1;217.0
7447;2.38;10.5;30.8;41.5;4.0;78.0;43.0;712.6;0.0;56.0;16.1;0.002;18.25;4.4;213.0
7448;2.7;33.5;29.0;62.7;3.0;157.0;40.0;713.2;0.0;63.0;13.5;0.031;18.88;2.9;245.0
7449;2.97;48.1;30.1;78.4;5.0;102.0;38.0;713.8;0.0;62.0;12.2;0.128;20.76;4.6;233.0
7450;2.74;25.4;32.6;58.2;13.0;93.0;39.0;714.1;0.0;64.0;9.3;0.397;22.91;6.3;351.0
7451;2.53;17.9;24.2;42.3;18.0;104.0;36.0;714.2;0.0;65.0;8.8;0.618;23.44;9.1;10.0
7452;2.34;10.0;19.1;29.4;28.0;86.0;33.0;713.9;0.0;65.0;7.9;0.676;24.28;10.7;39.0
7453;2.26;5.5;10.0;15.8;31.0;78.0;24.0;713.4;0.0;60.0;7.5;0.623;25.41;13.1;47.0
7454;2.21;4.3;7.8;12.4;32.0;55.0;22.0;712.9;0.0;55.0;7.1;0.561;26.55;14.4;76.0
7455;2.23;4.5;8.7;13.5;28.0;37.0;22.0;712.5;0.0;58.0;6.6;0.455;26.62;14.8;63.0
7456;2.23;4.5;8.8;13.5;23.0;50.0;;712.1;0.0;57.0;6.4;0.171;26.98;12.0;72.0
7457;2.26;4.6;11.2;16.0;19.0;46.0;23.0;712.2;0.0;57.0;6.3;0.07;27.12;9.4;83.0
7458;2.25;4.1;11.0;15.3;16.0;46.0;19.0;712.4;0.0;58.0;6.2;0.031;26.92;9.9;105.0
7459;2.23;3.5;8.5;12.3;10.0;36.0;17.0;712.9;0.0;70.0;6.0;0.001;24.8;10.9;88.0
7460;2.24;4.2;9.6;14.0;7.0;46.0;18.0;713.6;0.0;74.0;6.0;0.001;23.74;8.4;109.0
7461;2.22;3.5;9.8;13.6;8.0;20.0;15.0;714.1;0.0;77.0;5.9;0.001;23.15;8.2;63.0
7462;2.19;3.3;8.7;12.2;8.0;33.0;19.0;714.4;0.0;79.0;6.0;0.001;22.87;8.9;69.0
7463;2.15;2.9;7.3;10.4;9.0;26.0;19.0;714.5;0.0;81.0;5.9;0.001;22.39;10.2;63.0
7464;2.11;2.4;4.9;7.5;14.0;25.0;16.0;714.7;0.0;83.0;5.9;0.001;21.62;9.7;61.0
7465;2.08;2.4;3.7;6.2;17.0;21.0;16.0;714.5;0.0;79.0;6.0;0.001;21.62;11.7;73.0
7466;2.06;2.2;3.8;6.2;16.0;26.0;18.0;714.4;0.0;80.0;5.9;0.001;21.41;7.3;73.0
7467;2.03;2.2;3.3;5.7;17.0;24.0;15.0;714.1;0.0;79.0;6.0;0.001;21.35;6.3;59.0
7468;2.03;2.2;3.3;5.7;16.0;26.0;15.0;714.0;0.0;82.0;5.9;0.001;20.77;7.0;43.0
7469;2.03;2.2;3.3;5.7;16.0;25.0;17.0;714.0;0.0;82.0;5.9;0.001;20.51;4.0;57.0
7470;2.01;2.3;3.6;6.1;17.0;21.0;17.0;714.2;0.0;79.0;;0.001;20.7;4.8;35.0
7471;2.11;3.8;11.1;15.1;10.0;22.0;;714.5;0.0;78.0;;0.002;20.84;2.8;82.0
7472;2.25;6.3;13.4;19.9;8.0;36.0;20.0;715.0;0.0;77.0;6.0;0.021;20.99;5.8;70.0
7473;2.26;7.2;12.6;20.0;9.0;34.0;15.0;715.4;0.0;75.0;6.1;0.093;21.38;6.9;90.0
7474;2.13;4.8;6.7;11.7;17.0;36.0;11.0;715.5;0.0;68.0;6.0;0.272;22.69;9.5;110.0
7475;2.07;4.2;4.8;9.3;20.0;26.0;13.0;715.4;0.0;64.0;5.9;0.499;23.76;10.6;115.0
7476;2.09;3.8;4.7;8.7;24.0;22.0;13.0;715.1;0.0;58.0;6.0;0.808;25.28;11.8;112.0
7477;0.11;;;;24.0;26.0;14.0;714.6;0.0;58.0;;0.737;25.68;13.3;92.0
7478;0.58;8.2;10.5;15.5;5.0;29.0;15.0;713.9;0.0;61.0;2.3;0.61;25.52;14.2;62.0
7479;0.6;4.6;7.0;11.9;16.0;38.0;18.0;713.4;0.0;56.0;2.0;0.546;26.45;14.6;72.0
7480;0.59;4.1;7.8;12.2;21.0;32.0;16.0;713.2;0.0;54.0;1.9;0.203;26.32;13.9;88.0
7481;0.58;3.8;9.0;13.0;21.0;29.0;16.0;713.4;0.0;52.0;1.8;0.079;26.11;14.1;83.0
7482;0.61;3.3;11.2;14.8;18.0;34.0;;713.7;0.0;53.0;1.8;0.022;25.78;9.4;118.0
7483;0.69;3.4;14.6;18.2;14.0;27.0;15.0;713.9;0.0;53.0;1.7;0.001;25.46;8.9;111.0
7484;0.59;2.9;10.5;13.6;17.0;28.0;17.0;714.2;0.0;54.0;1.7;0.001;25.21;10.9;122.0
7485;0.55;2.5;8.6;11.3;19.0;27.0;18.0;714.4;0.0;54.0;1.8;0.001;24.87;11.5;114.0
7486;0.56;2.4;8.6;11.2;19.0;24.0;21.0;714.5;0.0;60.0;1.7;0.001;24.17;9.2;86.0
7487;0.54;2.2;5.4;7.9;21.0;25.0;15.0;714.6;0.0;67.0;1.8;0.001;23.18;10.0;105.0
7488;0.53;2.2;5.5;7.9;20.0;24.0;15.0;714.6;0.0;70.0;1.7;0.001;22.54;8.2;85.0
7489;0.53;2.2;5.1;7.6;19.0;35.0;16.0;714.4;0.0;76.0;1.7;0.001;21.53;7.6;56.0
7490;0.34;2.2;4.0;6.4;18.0;23.0;19.0;714.3;0.0;80.0;;0.001;20.87;7.7;41.0
7491;0.17;2.2;3.8;6.1;18.0;23.0;17.0;714.0;0.0;82.0;1.8;0.001;20.49;6.1;40.0
7492;0.19;2.2;5.4;7.7;15.0;27.0;22.0;713.7;0.0;82.0;1.7;0.001;20.12;4.8;39.0
7493;0.39;2.2;5.0;7.3;14.0;23.0;14.0;713.5;0.0;83.0;1.7;0.001;19.67;4.1;31.0
7494;0.58;2.5;6.3;9.0;13.0;21.0;16.0;713.4;0.0;85.0;;0.001;19.43;5.3;42.0
7495;0.69;5.3;15.7;21.2;6.0;28.0;20.0;713.7;0.0;85.0;;0.002;19.24;4.9;2.0
7496;0.93;14.1;17.3;31.7;6.0;45.0;24.0;714.0;0.0;83.0;1.8;0.03;19.43;5.6;342.0
7497;1.0;16.5;16.2;33.0;9.0;54.0;21.0;714.3;0.0;78.0;1.8;0.139;20.46;6.1;357.0
7498;1.12;11.8;14.3;26.4;15.0;56.0;27.0;714.6;0.0;69.0;;0.424;22.26;6.5;348.0
7499;0.93;20.4;20.1;40.7;14.0;44.0;29.0;714.4;0.0;64.0;2.1;0.562;23.29;7.8;19.0
7500;0.81;15.3;18.9;34.5;19.0;73.0;30.0;714.0;0.0;61.0;3.1;0.639;23.9;9.8;44.0
7501;0.71;5.8;12.2;18.3;25.0;60.0;21.0;713.5;0.0;62.0;2.6;0.364;23.81;10.5;55.0
7502;0.74;4.9;11.2;16.3;25.0;38.0;2.0;712.8;0.0;61.0;2.1;0.333;24.28;10.8;51.0
7503;0.71;4.4;9.8;14.4;24.0;42.0;8.0;712.4;0.0;58.0;2.1;0.261;24.88;11.5;61.0
7504;0.7;4.2;9.6;14.1;21.0;38.0;7.0;712.1;0.0;58.0;1.9;0.174;25.01;9.6;75.0
7505;0.7;4.1;9.8;14.0;21.0;28.0;6.0;711.8;0.0;56.0;1.8;0.072;25.39;9.7;105.0
7506;0.74;3.2;11.6;15.0;19.0;35.0;6.0;711.6;0.0;60.0;1.8;0.016;24.43;9.6;111.0
7507;0.74;2.5;10.9;13.7;19.0;35.0;7.0;711.5;0.0;63.0;;0.001;23.7;8.9;102.0
7508;0.73;2.7;12.1;15.0;17.0;31.0;7.0;711.7;0.0;62.0;;0.001;23.5;7.5;99.0
7509;0.85;4.0;19.9;24.1;9.0;30.0;8.0;711.8;0.0;64.0;;0.001;22.86;2.7;57.0
7510;0.83;3.8;19.1;23.1;7.0;36.0;8.0;711.9;0.0;66.0;1.7;0.001;22.55;4.9;353.0
7511;0.66;2.5;9.0;11.7;16.0;38.0;7.0;711.9;0.0;71.0;1.7;0.001;22.17;7.7;63.0
7512;0.65;2.2;9.0;11.4;15.0;33.0;6.0;711.8;0.0;74.0;;0.001;21.68;5.2;40.0
7513;0.64;2.2;7.1;9.6;15.0;30.0;6.0;711.6;0.0;76.0;;0.001;21.07;5.0;39.0
7514;0.61;2.2;5.3;7.7;16.0;31.0;;711.1;0.0;78.0;;0.001;20.5;6.8;65.0
7515;0.6;2.1;4.4;6.7;16.0;26.0;7.0;710.5;0.0;79.0;;0.001;20.18;5.7;66.0
7516;0.58;2.1;4.6;6.9;15.0;32.0;8.0;710.2;0.0;77.0;1.6;0.001;19.96;4.2;41.0
7517;0.58;2.1;4.3;6.6;16.0;31.0;7.0;709.9;0.0;78.0;1.7;0.001;19.73;5.4;55.0
7518;0.58;2.4;5.1;7.7;14.0;32.0;7.0;709.8;0.0;78.0;1.6;0.001;19.74;3.4;53.0
7519;0.67;4.7;14.3;19.3;7.0;27.0;8.0;709.9;0.0;78.0;1.6;0.001;19.75;3.5;40.0
7520;0.85;17.3;19.1;36.7;4.0;28.0;10.0;710.2;0.0;77.0;1.8;0.032;19.75;2.6;121.0
7521;1.02;31.0;20.9;52.1;5.0;43.0;15.0;710.5;0.0;67.0;2.4;0.087;20.88;2.0;246.0
7522;1.08;25.4;20.8;46.4;8.0;60.0;18.0;710.6;0.0;66.0;2.4;0.287;22.2;4.5;9.0
7523;1.03;16.8;21.2;38.2;15.0;68.0;20.0;710.3;0.0;59.0;2.3;0.519;24.04;5.7;355.0
7524;1.0;12.6;22.9;35.8;24.0;65.0;22.0;709.8;0.0;56.0;2.1;0.669;24.82;6.4;24.0
7525;1.13;12.3;33.6;46.2;33.0;82.0;29.0;709.0;0.0;53.0;2.3;0.682;25.39;8.1;52.0
7526;1.01;12.2;39.8;52.2;38.0;93.0;32.0;708.2;0.0;50.0;5.0;0.646;26.23;8.4;70.0
7527;0.9;4.4;22.9;27.6;61.0;104.0;23.0;707.6;0.0;48.0;3.9;0.538;26.83;9.0;60.0
7528;0.97;3.2;21.3;24.7;72.0;72.0;26.0;707.3;0.0;51.0;2.6;0.267;26.87;10.0;60.0
7529;0.91;2.8;20.1;23.1;61.0;84.0;26.0;707.2;0.0;55.0;2.3;0.073;26.07;10.3;55.0
7530;0.96;2.6;22.6;25.4;41.0;75.0;16.0;707.2;0.0;59.0;2.1;0.019;25.06;9.7;60.0
7531;0.94;2.6;21.2;23.9;28.0;65.0;14.0;707.3;0.0;60.0;2.0;0.001;24.45;9.5;78.0
7532;0.81;2.6;15.2;18.0;24.0;56.0;10.0;707.6;0.0;60.0;2.0;0.001;23.94;6.7;86.0
7533;0.74;2.3;13.1;15.6;23.0;45.0;12.0;707.7;0.0;59.0;1.9;0.001;23.66;5.9;83.0
7534;0.84;2.4;18.1;20.5;15.0;41.0;12.0;707.7;0.0;61.0;1.9;0.001;22.97;2.7;349.0
7535;0.88;3.4;18.9;22.4;10.0;44.0;14.0;707.6;0.0;65.0;;0.001;22.14;1.8;273.0
7536;1.02;14.1;26.1;40.3;5.0;42.0;;707.5;0.0;67.0;;0.001;21.67;1.9;275.0
7537;1.3;36.8;30.1;67.2;3.0;57.0;23.0;707.1;0.0;70.0;2.1;0.001;20.94;2.3;259.0
7538;0.96;12.8;24.3;37.3;3.0;82.0;20.0;706.9;0.0;72.0;2.0;0.001;20.6;2.2;320.0
7539;0.78;3.0;16.5;19.6;7.0;57.0;15.0;706.7;0.0;74.0;1.8;0.001;20.25;3.4;43.0
7540;0.83;6.0;21.2;27.4;4.0;45.0;20.0;706.5;0.0;77.0;1.8;0.001;20.02;3.3;68.0
7541;0.91;16.7;23.7;40.6;3.0;59.0;35.0;706.6;0.0;77.0;2.0;0.001;20.04;2.4;165.0
7542;0.98;11.4;21.2;32.9;3.0;92.0;27.0;706.8;0.0;77.0;2.0;0.001;19.56;3.6;285.0
7543;0.92;16.7;19.1;36.2;3.0;65.0;21.0;707.1;0.0;78.0;2.1;0.002;18.85;2.9;279.0
7544;1.04;18.5;22.1;40.9;4.0;57.0;32.0;707.3;0.0;79.0;2.0;0.029;19.05;3.3;298.0
7545;1.19;35.7;25.6;61.5;5.0;125.0;52.0;707.5;0.0;77.0;2.1;0.117;19.94;3.7;320.0
7546;1.11;26.6;25.2;52.0;10.0;172.0;37.0;707.8;0.0;67.0;2.0;0.378;22.29;4.5;315.0
7547;1.16;20.4;32.3;52.9;18.0;112.0;32.0;707.6;0.0;56.0;2.0;0.559;24.92;4.8;23.0
7548;1.28;26.8;49.0;76.0;25.0;102.0;40.0;707.5;0.0;50.0;2.3;0.65;26.34;7.2;70.0
7549;1.06;8.7;35.8;44.8;46.0;137.0;34.0;707.0;0.0;43.0;3.3;0.69;27.8;8.0;63.0
7550;0.98;8.0;37.9;46.1;51.0;115.0;33.0;706.4;0.0;35.0;7.2;0.659;29.51;8.3;64.0
7551;0.82;4.2;21.4;25.9;63.0;115.0;25.0;706.2;0.0;33.0;6.0;0.555;30.5;7.5;49.0
7552;0.79;3.3;20.5;24.0;63.0;91.0;23.0;706.2;0.0;33.0;5.1;0.258;30.6;8.5;85.0
7553;0.93;3.2;24.3;27.7;53.0;79.0;24.0;706.8;0.0;43.0;3.2;0.072;28.61;12.6;66.0
7554;0.99;2.5;28.5;31.1;59.0;91.0;31.0;707.6;0.0;52.0;2.9;0.022;26.7;11.5;63.0
7555;0.98;2.3;23.7;26.2;58.0;100.0;29.0;708.3;0.0;54.0;3.2;0.001;26.21;10.2;97.0
7556;0.77;2.2;13.7;16.1;47.0;88.0;24.0;709.2;0.0;54.0;2.8;0.001;25.78;10.5;88.0
7557;0.64;2.9;12.1;15.2;19.0;59.0;15.0;710.3;0.0;56.0;2.9;0.001;24.0;13.9;10.0
7558;0.64;2.4;8.0;10.6;21.0;72.0;13.0;711.2;0.0;58.0;2.6;0.001;22.13;14.2;16.0
7559;0.67;2.4;7.9;10.5;23.0;73.0;12.0;712.2;0.0;52.0;2.6;0.001;20.11;11.1;17.0
7560;0.53;2.3;11.3;13.8;22.0;77.0;9.0;712.7;0.0;49.0;2.9;0.001;19.32;9.0;55.0
7561;0.45;2.2;7.9;10.3;28.0;60.0;11.0;713.2;0.0;39.0;4.1;0.001;18.8;6.9;25.0
7562;0.45;2.2;8.0;10.4;28.0;57.0;6.0;713.5;0.0;34.0;3.6;0.001;18.09;7.7;16.0
7563;0.44;2.2;13.4;15.8;22.0;45.0;7.0;713.9;0.0;34.0;4.6;0.001;17.27;8.2;67.0
7564;0.4;2.2;9.9;12.3;25.0;50.0;7.0;714.3;0.0;34.0;3.2;0.001;16.31;8.2;43.0
7565;0.47;2.2;11.7;14.1;21.0;47.0;6.0;714.7;0.0;39.0;2.8;0.001;15.33;8.7;44.0
7566;0.51;2.2;12.3;14.6;20.0;49.0;7.0;715.0;0.0;39.0;3.2;0.001;14.72;8.4;43.0
7567;0.44;2.8;14.8;17.8;16.0;47.0;6.0;715.7;0.0;39.0;3.0;0.002;14.0;9.5;44.0
7568;0.49;6.6;18.9;25.8;10.0;43.0;7.0;716.5;0.0;41.0;4.8;0.034;13.09;9.7;52.0
7569;0.55;10.3;18.1;28.6;12.0;53.0;8.0;717.1;0.0;42.0;3.8;0.069;12.44;9.6;53.0
7570;0.62;15.2;17.5;32.9;12.0;58.0;9.0;717.6;0.0;40.0;5.5;0.245;12.47;10.4;68.0
7571;0.57;16.4;15.9;32.5;15.0;70.0;10.0;717.6;0.0;37.0;6.6;0.585;13.76;10.7;61.0
7572;0.56;15.7;17.0;33.0;18.0;72.0;10.0;717.2;0.0;35.0;6.5;0.694;14.61;9.9;44.0
7573;0.51;16.5;19.3;36.0;19.0;72.0;;716.5;0.0;32.0;10.3;0.736;15.57;10.6;67.0
7574;0.48;8.1;13.1;21.5;28.0;60.0;7.0;715.8;0.0;29.0;4.6;0.704;16.51;10.5;44.0
7575;0.46;5.3;10.8;16.4;32.0;50.0;6.0;715.3;0.0;27.0;3.3;0.598;17.2;10.9;44.0
7576;0.44;5.2;12.6;18.0;32.0;39.0;5.0;715.1;0.0;26.0;4.0;0.274;17.75;10.0;33.0
7577;0.45;4.8;15.2;20.3;30.0;37.0;6.0;715.2;0.0;26.0;4.5;0.049;17.73;10.1;43.0
7578;0.5;3.6;16.3;20.1;26.0;35.0;6.0;715.4;0.0;30.0;3.4;0.014;16.58;9.5;23.0
7579;0.51;2.6;14.3;17.2;24.0;43.0;7.0;715.9;0.0;37.0;3.2;0.001;15.28;9.2;83.0
7580;0.44;2.4;8.6;11.3;21.0;39.0;6.0;716.3;0.0;37.0;2.6;0.001;14.11;11.8;100.0
7581;0.42;2.4;7.6;10.1;24.0;46.0;6.0;716.6;0.0;35.0;2.0;0.001;13.28;13.4;118.0
7582;0.4;2.2;6.8;9.1;27.0;39.0;;716.8;0.0;34.0;1.8;0.001;12.64;14.3;109.0
7583;0.39;2.2;6.8;9.2;26.0;39.0;5.0;716.7;0.0;35.0;1.8;0.001;12.14;10.4;114.0
7584;0.38;2.2;6.2;8.6;29.0;28.0;4.0;716.7;0.0;34.0;1.7;0.001;11.88;9.5;117.0
7585;0.38;2.1;6.1;8.5;29.0;29.0;4.0;716.6;0.0;35.0;1.8;0.001;11.56;9.0;122.0
7586;0.37;2.1;5.5;7.8;30.0;32.0;4.0;716.4;0.0;36.0;1.8;0.001;11.32;8.3;117.0
7587;0.37;2.1;5.2;7.6;29.0;23.0;4.01;716.3;0.0;38.0;1.9;0.001;11.0;6.5;107.0
7588;0.37;2.1;5.6;7.9;29.0;21.0;4.02;716.3;0.0;40.0;2.6;0.001;10.74;8.1;55.0
7589;0.37;2.1;6.0;8.3;27.0;22.0;5.0;716.2;0.0;42.0;3.5;0.001;10.28;6.3;59.0
7590;0.37;2.1;6.0;8.3;26.0;28.0;4.0;716.1;0.0;43.0;2.0;0.001;10.13;6.7;57.0
7591;0.37;2.2;5.8;8.2;26.0;23.0;4.0;716.2;0.0;43.0;1.9;0.002;9.96;6.1;96.0
7592;0.4;2.7;8.7;11.6;25.0;21.0;4.01;716.5;0.0;41.0;1.9;0.025;10.63;5.6;81.0
7593;0.41;3.5;7.6;11.4;27.0;20.0;4.02;716.6;0.0;37.0;;0.071;12.03;8.3;75.0
7594;0.41;4.0;7.2;11.5;30.0;19.0;4.03;716.5;0.0;36.0;2.0;0.399;12.68;9.5;55.0
7595;0.42;4.3;7.6;12.1;31.0;26.0;4.04;716.1;0.0;35.0;2.4;0.595;13.41;11.0;33.0
7596;0.41;4.1;7.2;11.5;33.0;34.0;5.0;715.5;0.0;34.0;2.5;0.702;14.22;10.0;38.0
7597;0.41;3.5;6.4;10.2;35.0;25.0;5.0;714.5;0.0;33.0;2.1;0.74;14.95;11.4;42.0
7598;0.42;3.3;6.2;9.7;36.0;34.0;5.01;713.5;0.0;32.0;2.0;0.709;15.48;13.3;45.0
7599;0.42;2.9;5.9;9.1;36.0;28.0;5.02;712.8;0.0;32.0;1.9;0.607;16.29;11.9;87.0
7600;0.42;2.6;5.5;8.4;36.0;31.0;5.03;712.3;0.0;34.0;1.9;0.29;16.73;11.6;108.0
7601;0.44;2.5;6.3;9.0;;25.0;6.0;712.1;0.0;35.0;2.0;0.051;16.64;12.2;95.0
7602;0.46;2.3;8.1;10.6;32.0;25.0;6.0;712.2;0.0;36.0;1.9;0.014;15.81;10.3;116.0
7603;0.49;2.1;10.6;12.9;28.0;25.0;6.1;712.2;0.0;37.0;1.9;0.001;15.22;9.0;112.0
7604;0.52;2.4;12.2;14.7;26.0;27.0;7.0;712.5;0.0;42.0;;0.001;14.97;9.8;82.0
7605;0.51;2.2;8.9;11.4;25.0;30.0;7.0;712.6;0.0;56.0;2.0;0.001;13.83;9.8;79.0
7606;0.5;2.1;7.1;9.4;25.0;37.0;7.01;712.4;0.0;59.0;1.9;0.001;13.41;10.4;101.0
7607;0.5;2.2;6.3;8.7;25.0;35.0;7.02;712.1;0.0;62.0;1.9;0.001;13.13;9.6;103.0
7608;0.47;2.1;4.8;7.1;26.0;33.0;6.0;711.7;0.0;64.0;;0.001;12.95;8.8;111.0
7609;0.47;2.1;5.4;7.7;24.0;30.0;6.0;711.1;0.0;64.0;;0.001;12.6;5.8;144.0
7610;0.54;2.2;13.4;15.7;14.0;29.0;8.0;710.6;0.0;65.0;;0.001;11.8;3.6;213.0
7611;0.59;2.2;17.2;19.6;11.0;42.0;13.0;710.2;0.0;66.0;2.1;0.001;11.67;5.0;218.0
7612;0.55;2.1;13.7;16.0;13.0;57.0;15.0;709.8;0.0;66.0;2.8;0.001;11.42;4.9;221.0
7613;0.53;2.1;13.0;15.3;13.0;61.0;15.0;709.6;0.0;65.0;2.7;0.001;10.98;2.9;219.0
7614;0.52;3.4;12.4;16.0;12.0;55.0;12.0;709.5;0.0;65.0;2.4;0.001;10.72;2.5;256.0
7615;0.62;8.4;22.4;31.0;6.0;49.0;14.0;709.6;0.0;64.0;3.2;0.002;10.86;6.1;236.0
7616;0.91;38.1;26.6;64.9;5.0;58.0;23.0;709.6;0.0;59.0;5.2;0.024;11.96;6.2;233.0
7617;1.13;53.6;30.6;84.5;7.0;89.0;27.0;709.6;0.0;48.0;6.0;0.062;15.26;4.9;306.0
7618;1.22;46.0;33.4;79.7;10.0;109.0;30.0;709.6;0.0;43.0;5.8;0.397;17.3;5.5;35.0
7619;1.34;32.9;35.3;68.4;15.0;119.0;36.0;709.5;0.0;38.0;5.5;0.586;19.65;4.6;36.0
7620;1.2;27.0;39.4;66.6;20.0;102.0;32.0;708.8;0.0;32.0;4.9;0.696;22.24;5.6;32.0
7621;1.66;50.9;73.4;124.5;20.0;111.0;50.0;708.4;0.0;29.0;17.2;0.716;24.33;6.6;57.0
7622;1.41;20.4;58.9;79.4;33.0;146.0;47.0;708.1;0.0;27.0;11.0;0.676;25.25;8.2;72.0
7623;1.18;7.9;42.4;50.5;53.0;134.0;33.0;707.7;0.0;24.0;7.4;0.57;26.64;8.1;59.0
7624;1.21;9.1;51.9;61.3;49.0;117.0;36.0;707.8;0.0;25.0;9.0;0.276;27.0;8.8;48.0
7625;1.04;4.5;36.7;41.4;50.0;133.0;26.0;708.5;0.0;31.0;5.0;0.06;25.54;11.7;67.0
7626;0.87;3.0;28.3;31.5;44.0;111.0;16.0;709.4;0.0;37.0;5.5;0.015;23.71;10.9;50.0
7627;0.75;3.5;20.1;23.9;17.0;77.0;10.0;710.6;0.0;46.0;3.5;0.001;20.74;10.9;23.0
7628;0.73;3.0;22.3;25.5;17.0;62.0;9.0;711.6;0.0;47.0;2.9;0.001;19.61;9.9;66.0
7629;0.68;3.0;24.0;27.2;15.0;60.0;10.0;712.5;0.0;47.0;2.9;0.001;19.14;8.6;58.0
7630;0.7;2.8;19.0;22.0;18.0;54.0;9.0;713.5;0.0;48.0;2.7;0.001;18.51;9.1;70.0
7631;0.65;2.3;18.0;20.5;19.0;50.0;9.0;714.1;0.0;46.0;2.7;0.001;17.72;5.3;84.0
7632;0.72;2.2;10.0;12.4;27.0;46.0;10.0;714.4;0.0;45.0;3.4;0.001;16.79;3.6;351.0
7633;0.7;2.2;20.5;22.8;18.0;37.0;10.0;714.5;0.0;42.0;3.5;0.001;16.82;4.3;151.0
7634;0.54;2.1;11.8;14.2;24.0;35.0;8.0;714.8;0.0;37.0;3.0;0.001;17.01;3.2;209.0
7635;0.53;2.1;6.3;8.6;30.0;28.0;6.0;714.9;0.0;35.0;2.7;0.001;17.67;3.9;19.0
7636;0.49;2.2;10.9;13.3;28.0;28.0;7.0;715.2;0.0;36.0;3.1;0.001;16.94;8.5;33.0
7637;0.4;2.2;11.0;13.4;29.0;40.0;8.0;715.7;0.0;36.0;3.0;0.001;15.01;9.1;50.0
7638;0.46;2.3;18.3;20.8;21.0;47.0;8.0;716.0;0.0;35.0;4.6;0.001;13.76;7.7;76.0
7639;0.47;3.0;21.5;24.6;19.0;53.0;8.01;716.5;0.0;32.0;3.0;0.001;12.86;9.5;71.0
7640;0.62;7.1;25.2;32.5;15.0;65.0;10.0;717.1;0.0;32.0;3.7;0.023;12.73;12.2;77.0
7641;0.57;7.0;16.9;24.1;22.0;70.0;11.0;717.9;0.0;35.0;2.4;0.086;13.28;9.1;53.0
7642;0.6;13.1;21.6;34.9;19.0;82.0;14.0;718.0;0.0;36.0;3.1;0.337;14.08;8.2;42.0
7643;0.59;14.2;21.1;35.5;21.0;99.0;16.0;717.7;0.0;35.0;6.6;0.535;15.36;9.5;66.0
7644;0.59;10.4;18.7;29.4;27.0;99.0;16.0;717.1;0.0;34.0;4.2;0.667;16.32;9.5;53.0
7645;0.55;6.8;14.4;21.5;34.0;97.0;11.0;716.3;0.0;36.0;3.3;0.701;17.48;13.0;36.0
7646;0.53;4.8;11.3;16.4;36.0;68.0;9.0;715.8;0.0;35.0;2.3;0.65;17.93;16.1;65.0
7647;0.52;4.6;10.5;15.4;36.0;67.0;8.0;715.4;0.0;34.0;2.2;0.709;18.32;15.1;86.0
7648;0.5;3.4;10.3;14.0;35.0;50.0;8.0;715.6;0.0;38.0;2.1;0.261;17.48;14.1;104.0
7649;0.49;3.4;10.2;13.8;35.0;47.0;;715.7;0.0;39.0;2.1;0.103;16.67;14.4;113.0
7650;0.54;3.1;13.0;16.2;31.0;45.0;9.0;715.8;0.0;41.0;;0.01;15.99;12.9;84.0
7651;0.57;2.8;13.8;16.7;29.0;54.0;10.0;716.6;0.0;43.0;2.8;0.001;15.4;13.8;83.0
7652;0.52;2.7;12.6;15.5;28.0;51.0;10.0;717.3;0.0;44.0;4.3;0.001;14.86;14.1;83.0
7653;0.51;2.4;11.3;13.9;28.0;43.0;11.0;717.7;0.0;46.0;4.3;0.001;14.35;13.2;81.0
7654;0.46;2.2;8.6;11.0;30.0;41.0;10.0;718.0;0.0;47.0;6.2;0.001;13.96;12.2;92.0
7655;0.44;2.2;5.7;8.1;33.0;42.0;8.0;718.1;0.0;51.0;2.9;0.001;13.36;11.8;112.0
7656;0.43;2.1;5.9;8.2;33.0;43.0;9.0;717.9;0.0;48.0;2.9;0.001;13.3;12.9;91.0
7657;0.42;2.1;6.4;8.7;29.0;36.0;9.0;717.7;0.0;47.0;4.2;0.001;12.69;12.4;64.0
7658;0.4;2.1;6.5;8.8;26.0;32.0;8.0;717.8;0.0;47.0;5.2;0.001;12.02;12.4;64.0
7659;0.4;2.1;5.0;7.3;27.0;31.0;8.0;717.6;0.0;49.0;2.5;0.001;11.7;12.1;63.0
7660;0.41;2.1;6.5;8.8;23.0;31.0;8.01;717.7;0.0;52.0;3.2;0.001;11.25;11.2;56.0
7661;0.41;2.1;5.2;7.5;24.0;39.0;9.0;718.0;0.0;53.0;2.7;0.001;11.17;7.9;68.0
7662;0.5;2.9;16.8;19.9;14.0;32.0;11.0;718.4;0.0;52.0;6.9;0.001;10.82;9.6;32.0
7663;0.49;3.5;19.9;23.6;13.0;48.0;11.0;718.7;0.0;55.0;4.2;0.001;10.17;8.7;36.0
7664;0.59;10.3;25.8;36.3;8.0;44.0;11.01;719.1;0.0;55.0;5.8;0.008;9.82;10.0;21.0
7665;0.57;7.1;20.1;27.4;13.0;38.0;10.0;719.6;0.0;55.0;2.7;0.028;9.18;10.6;9.0
7666;0.66;14.6;24.3;39.1;10.0;42.0;13.0;719.9;0.0;55.0;3.7;0.104;9.71;8.4;36.0
7667;0.71;14.5;24.4;39.2;12.0;66.0;17.0;720.1;0.0;54.0;4.1;0.111;9.86;9.7;15.0
7668;0.65;8.3;16.7;25.2;18.0;82.0;15.0;719.9;0.0;53.0;2.9;0.16;9.94;8.9;17.0
7669;0.59;13.4;22.9;36.6;15.0;68.0;18.0;719.3;0.0;52.0;4.8;0.219;10.91;6.2;65.0
7670;0.68;14.2;25.9;40.4;14.0;73.0;21.0;718.5;0.0;51.0;4.3;0.18;11.22;7.1;51.0
7671;0.65;14.1;25.9;40.3;13.0;79.0;20.0;718.3;0.0;50.0;6.1;0.136;11.32;8.0;40.0
7672;0.59;7.9;22.1;30.2;15.0;81.0;15.0;718.2;0.0;51.0;3.3;0.071;10.97;9.3;27.0
7673;0.62;6.0;24.5;30.7;15.0;69.0;15.0;718.2;0.0;52.0;3.3;0.029;10.69;8.8;36.0
7674;0.62;6.3;23.7;30.2;13.0;69.0;13.0;718.6;0.0;50.0;2.6;0.005;10.4;9.4;12.0
7675;0.59;5.5;21.0;26.8;13.0;60.0;11.0;719.1;0.0;51.0;2.3;0.001;9.91;10.4;11.0
7676;0.57;4.2;21.5;26.0;12.0;54.0;12.0;719.5;0.0;52.0;2.2;0.001;9.46;9.7;14.0
7677;0.57;3.5;22.1;25.8;12.0;52.0;13.0;720.0;0.0;53.0;2.4;0.001;9.01;9.0;21.0
7678;0.51;3.3;20.5;24.0;13.0;50.0;11.0;720.2;0.0;50.0;2.5;0.001;8.67;8.6;14.0
7679;0.42;2.4;12.9;15.6;19.0;43.0;9.0;720.3;0.0;50.0;2.1;0.001;8.24;8.1;18.0
7680;0.44;2.3;12.4;14.9;19.0;42.0;10.0;720.2;0.0;54.0;2.2;0.001;7.91;8.3;21.0
7681;0.54;2.2;9.7;12.0;21.0;43.0;11.0;720.1;0.0;60.0;2.1;0.001;7.32;8.2;11.0
7682;0.65;2.1;9.4;11.8;22.0;43.0;14.0;720.0;0.0;65.0;2.1;0.001;6.75;9.1;6.0
7683;0.66;2.2;8.9;11.3;22.0;49.0;13.0;720.1;0.0;74.0;2.0;0.001;5.64;7.8;11.0
7684;0.43;2.1;5.8;8.1;24.0;35.0;11.0;720.1;0.0;78.0;2.0;0.001;5.16;5.7;
7685;0.39;2.1;5.7;8.1;24.0;23.0;10.0;720.4;0.0;79.0;1.9;0.001;5.18;3.9;334.0
7686;0.41;2.2;6.4;8.8;23.0;31.0;11.0;720.6;0.0;79.0;1.9;0.001;5.01;3.0;329.0
7687;0.68;3.2;11.6;14.9;19.0;28.0;14.0;720.8;0.0;79.0;2.0;0.001;5.1;2.7;358.0
7688;0.63;4.5;16.0;20.6;14.0;36.0;14.0;721.0;0.0;80.0;2.0;0.008;5.37;2.4;272.0
7689;0.65;6.2;20.3;26.7;11.0;29.0;12.0;721.4;0.0;80.0;;0.02;5.78;4.5;17.0
7690;0.78;14.9;25.1;40.2;7.0;26.0;24.0;721.5;0.0;80.0;2.1;0.051;6.09;4.7;344.0
7691;0.76;14.9;24.9;40.0;9.0;43.0;22.0;721.3;0.0;80.0;2.0;0.079;6.44;3.9;349.0
7692;0.69;10.8;21.4;32.5;12.0;43.0;22.0;720.8;0.0;79.0;2.1;0.112;6.95;3.4;14.0
7693;0.65;8.7;20.0;28.9;16.0;49.0;23.0;720.0;0.0;77.0;2.0;0.137;7.66;2.4;26.0
7694;0.67;8.1;19.2;27.6;18.0;54.0;21.0;719.2;0.0;72.0;2.0;0.161;8.52;2.9;17.0
7695;0.65;8.4;20.0;28.7;18.0;52.0;30.0;718.5;0.0;66.0;;0.159;9.26;3.8;48.0
7696;0.67;8.4;22.6;31.3;16.0;51.0;25.0;718.1;0.0;64.0;2.1;0.109;9.44;4.9;70.0
7697;0.83;16.9;33.7;50.8;7.0;47.0;31.0;718.0;0.0;67.0;2.8;0.047;9.18;5.8;78.0
7698;0.8;9.5;33.4;43.2;6.0;68.0;26.0;718.1;0.0;71.0;2.7;0.011;8.66;4.9;93.0
7699;0.89;11.7;31.6;43.5;4.0;55.0;21.0;718.3;0.0;77.0;2.3;0.001;8.29;5.4;101.0
7700;0.83;8.0;28.8;37.0;5.0;43.0;16.0;718.5;0.0;77.0;2.2;0.001;8.42;5.6;81.0
7701;0.71;3.7;22.6;26.5;12.0;39.0;16.0;718.6;0.0;79.0;2.2;0.001;8.35;6.2;52.0
7702;0.61;2.7;18.2;21.0;16.0;35.0;17.0;718.5;0.0;81.0;3.7;0.001;8.22;7.7;43.0
7703;0.54;2.4;13.7;16.2;20.0;37.0;12.0;718.3;0.0;82.0;3.1;0.001;8.16;8.0;45.0
7704;0.52;2.3;10.9;13.4;21.0;23.0;10.0;717.8;0.0;83.0;2.6;0.001;8.13;7.7;37.0
7705;0.52;2.3;8.9;11.4;19.0;21.0;7.0;717.4;0.0;84.0;2.4;0.001;7.96;8.5;39.0
7706;0.51;2.2;8.2;10.7;17.0;21.0;7.0;717.2;0.0;84.0;3.1;0.001;7.83;7.3;41.0
7707;0.52;3.7;13.2;17.2;12.0;21.0;8.0;716.9;0.0;84.0;4.0;0.001;7.81;5.5;39.0
7708;0.5;6.5;19.5;26.3;8.0;;15.0;716.6;0.0;85.0;4.0;0.001;7.75;5.3;45.0
7709;0.47;2.5;11.0;13.7;16.0;32.0;9.0;716.5;0.0;85.0;3.4;0.001;7.57;6.0;57.0
7710;0.46;2.3;7.7;10.2;20.0;18.0;7.0;716.5;0.0;85.0;2.6;0.001;7.45;6.0;52.0
7711;0.5;3.2;14.4;17.7;14.0;18.0;7.0;716.7;0.0;85.0;2.6;0.001;7.45;5.8;55.0
7712;0.63;6.6;20.3;27.1;8.0;21.0;8.0;716.9;0.0;86.0;3.5;0.007;7.54;4.7;69.0
7713;0.72;14.7;22.7;37.6;7.0;21.0;11.0;716.9;0.0;86.0;4.4;0.046;7.77;3.8;18.0
7714;0.93;47.3;26.9;74.5;5.0;29.0;;717.1;0.0;86.0;7.9;0.076;8.28;3.3;18.0
7715;1.03;54.0;29.4;83.7;5.0;73.0;32.0;717.0;0.0;86.0;6.8;0.088;8.74;3.6;346.0
7716;1.01;38.9;30.5;69.7;7.0;65.0;29.0;716.4;0.0;86.0;6.2;0.129;9.07;4.6;360.0
7717;1.33;22.0;35.7;57.9;9.0;55.0;25.0;715.7;0.0;86.0;4.7;0.096;9.42;5.0;1.0
7718;1.39;20.1;37.1;57.4;9.0;44.0;25.0;715.0;0.0;86.0;4.0;0.083;9.81;3.8;12.0
7719;1.15;23.2;38.4;61.9;6.0;45.0;20.0;714.5;0.0;87.0;3.1;0.043;10.09;4.0;360.0
7720;1.0;21.8;36.1;58.1;6.0;40.0;18.0;714.5;0.0;87.0;3.1;0.037;10.38;4.8;46.0
7721;1.08;18.2;31.2;49.6;5.0;34.0;;714.6;0.0;87.0;3.0;0.018;10.49;4.8;36.0
7722;1.33;12.4;36.2;48.9;6.0;;;715.0;0.0;87.0;3.0;0.006;10.53;5.2;72.0
7723;1.22;16.7;32.6;49.6;4.0;37.0;;715.3;0.0;87.0;2.7;0.001;10.34;6.3;22.0
7724;1.72;14.0;29.9;44.1;4.0;28.0;;715.5;0.0;87.0;2.5;0.001;9.92;8.1;10.0
7725;1.66;17.3;29.9;47.4;4.0;31.0;;715.8;0.0;87.0;2.4;0.001;9.66;8.0;8.0
7726;1.12;10.2;26.2;36.7;7.0;34.0;;715.8;0.0;;2.2;0.001;9.37;8.6;11.0
7727;1.34;3.5;21.1;24.8;11.0;26.0;;716.0;0.0;;2.2;0.001;9.1;9.9;6.0
7728;1.37;2.6;18.3;21.0;14.0;26.0;;716.0;0.0;;;0.001;9.07;7.9;15.0
7729;1.13;2.4;14.6;17.3;16.0;30.0;;715.7;0.0;;2.1;0.001;9.12;6.6;42.0
7730;1.09;2.3;11.8;14.3;17.0;24.0;;715.5;0.0;;2.0;0.001;9.05;6.4;66.0
7731;1.27;2.3;11.9;14.4;17.0;20.0;;715.4;0.0;;2.0;0.001;9.04;6.4;67.0
7732;1.06;2.2;9.2;11.6;19.0;26.0;;715.3;0.0;;2.1;0.001;8.94;7.3;68.0
7733;1.05;2.3;7.6;10.1;21.0;25.0;;715.3;0.0;88.0;2.0;0.001;8.68;6.3;75.0
7734;1.21;2.3;8.7;11.3;20.0;21.0;;715.5;0.0;88.0;2.1;0.001;8.43;5.6;59.0
7735;1.04;2.5;11.2;13.9;18.0;15.0;;715.8;0.0;88.0;2.1;0.001;8.1;9.0;33.0
7736;0.9;3.0;13.6;16.7;16.0;24.0;;716.3;0.0;88.0;;0.006;7.89;8.4;15.0
7737;0.97;5.8;18.7;24.7;11.0;21.0;;716.7;0.0;88.0;2.0;0.026;7.69;6.5;38.0
7738;1.03;11.3;19.6;31.2;11.0;19.0;;717.2;0.0;88.0;2.0;0.108;7.8;7.8;16.0
7739;1.07;11.8;20.5;32.6;11.0;23.0;;717.6;0.0;88.0;;0.106;8.1;7.2;19.0
7740;1.07;11.3;19.1;30.7;12.0;22.0;;717.6;0.0;;;0.135;8.38;7.2;21.0
7741;1.09;13.1;20.4;33.8;12.0;21.0;;717.2;0.0;;2.2;0.127;8.55;7.8;20.0
7742;1.09;11.6;20.7;32.6;11.0;26.0;;716.8;0.0;;2.1;0.091;8.22;8.2;25.0
7743;1.05;8.7;20.0;29.0;12.0;27.0;;716.6;0.0;;2.0;0.066;7.7;8.4;26.0
7744;1.03;7.1;20.1;27.5;13.0;25.0;;716.8;0.0;;2.0;0.056;7.55;8.0;32.0
7745;1.0;5.4;19.0;24.7;13.0;23.0;;717.1;0.0;;1.9;0.032;7.35;7.1;37.0
7746;0.98;4.0;19.6;23.9;12.0;28.0;;717.8;0.0;;2.0;0.004;7.04;7.8;49.0
7747;0.99;4.1;22.1;26.4;11.0;30.0;;718.7;0.0;;1.9;0.001;6.7;7.7;64.0
7748;1.04;3.7;23.8;27.7;9.0;27.0;;719.4;0.0;;2.1;0.001;6.6;7.0;107.0
7749;1.01;3.2;22.8;26.2;9.0;28.0;;719.9;0.0;;2.0;0.001;6.53;5.9;108.0
7750;0.95;2.8;17.4;20.3;14.0;35.0;;720.1;0.0;;2.1;0.001;6.29;6.2;57.0
7751;0.91;3.2;16.4;19.7;13.0;29.0;;720.1;0.0;;2.1;0.001;6.24;6.5;52.0
7752;0.88;2.5;11.0;13.7;16.0;26.0;;720.2;0.0;;2.0;0.001;5.93;7.7;23.0
7753;0.84;2.3;8.2;10.7;18.0;22.0;;720.2;0.0;;1.9;0.001;5.41;7.6;32.0
7754;0.83;2.3;9.4;11.9;17.0;22.0;;719.9;0.0;;1.9;0.001;5.44;5.4;47.0
7755;0.86;2.3;11.6;14.1;15.0;19.0;;719.5;0.0;;;0.001;5.49;5.6;63.0
7756;0.87;2.2;8.8;11.2;17.0;17.0;;719.2;0.0;;1.8;0.001;5.39;5.3;38.0
7757;1.04;2.2;8.8;11.2;18.0;16.0;;719.2;0.0;;1.8;0.001;5.42;6.0;56.0
7758;0.91;2.2;9.3;11.8;17.0;14.0;;719.3;0.0;;1.9;0.001;5.42;6.0;45.0
7759;0.82;2.3;10.3;12.8;16.0;15.0;;719.6;0.0;;1.9;0.001;5.19;6.4;37.0
7760;0.87;3.7;17.9;21.8;10.0;15.0;;719.9;0.0;;;0.005;5.13;6.5;70.0
7761;0.88;5.7;17.5;23.5;10.0;13.0;;720.1;0.0;;;0.032;5.19;6.8;71.0
7762;0.87;4.7;13.2;18.1;14.0;18.0;;720.5;0.0;;;0.055;5.23;7.0;43.0
7763;0.84;4.1;8.9;13.3;18.0;20.0;;720.6;0.0;;1.8;0.103;5.41;6.4;37.0
7764;0.86;4.8;9.3;14.3;18.0;17.0;;720.1;0.0;;1.8;0.109;5.45;7.8;23.0
7765;0.89;4.9;11.4;16.5;17.0;16.0;;719.4;0.0;;1.9;0.096;5.61;6.7;19.0
7766;1.0;5.4;13.1;18.7;16.0;18.0;;718.6;0.0;;1.9;0.08;5.69;7.8;15.0
7767;0.9;4.7;14.2;19.0;14.0;20.0;;718.0;0.0;;;0.05;5.83;6.5;19.0
7768;0.95;6.1;15.5;21.7;12.0;21.0;;717.8;0.0;;;0.036;5.78;6.7;18.0
7769;0.88;4.1;11.6;16.0;15.0;23.0;;717.7;0.0;;1.8;0.025;5.76;6.7;23.0
7770;0.95;4.6;17.4;22.2;10.0;21.0;;717.9;0.0;;1.9;0.005;5.77;6.4;37.0
7771;0.9;3.1;15.6;18.9;11.0;25.0;;718.2;0.0;;1.8;0.001;5.51;7.9;11.0
7772;0.88;2.7;13.8;16.7;12.0;21.0;;718.4;0.0;;1.8;0.001;5.35;7.6;12.0
7773;0.95;3.1;16.0;19.3;9.0;20.0;;718.5;0.0;;1.9;0.001;5.29;5.8;17.0
7774;1.11;3.6;17.9;21.7;8.0;21.0;;718.7;0.0;;1.9;0.001;5.33;5.7;54.0
7775;1.2;3.8;17.9;21.9;9.0;21.0;;718.7;0.0;;2.3;0.001;5.31;6.0;46.0
7776;1.24;3.1;19.0;22.4;9.0;22.0;;718.6;0.0;;2.4;0.001;5.27;5.4;40.0
7777;1.26;2.3;13.6;16.0;13.0;22.0;;718.3;0.0;;2.4;0.001;5.25;4.6;44.0
7778;1.23;2.3;13.1;15.6;14.0;30.0;;718.2;0.0;;;0.001;5.25;3.2;50.0
7779;1.09;2.4;17.7;20.2;9.0;25.0;;718.1;0.0;;2.3;0.001;5.38;2.9;46.0
7780;1.12;2.3;13.7;16.2;13.0;27.0;;717.8;0.0;;2.1;0.001;5.42;4.1;23.0
7781;1.1;2.3;11.2;13.7;14.0;25.0;;717.8;0.0;;2.0;0.001;5.36;4.1;21.0
7782;1.01;2.3;13.1;15.6;13.0;23.0;;717.8;0.0;;2.1;0.001;5.37;4.0;18.0
7783;0.99;2.6;15.5;18.2;10.0;22.0;;718.1;0.0;;2.1;0.001;5.46;4.0;27.0
7784;1.03;3.8;16.4;20.3;10.0;21.0;;718.5;0.0;;;0.01;5.49;4.1;23.0
7785;1.07;6.2;17.8;24.3;9.0;24.0;;718.9;0.0;;2.0;0.036;5.62;4.3;33.0
7786;1.22;9.2;16.5;26.0;10.0;24.0;;719.2;0.0;;2.0;0.095;5.89;3.7;28.0
7787;1.33;17.0;18.9;36.2;9.0;24.0;;719.2;0.0;;2.2;0.136;6.53;3.6;59.0
7788;1.22;16.9;18.6;35.7;8.0;35.0;;718.9;0.0;87.0;2.1;0.146;7.06;2.3;61.0
7789;1.16;15.5;16.4;32.2;11.0;36.0;;718.3;0.0;87.0;2.1;0.242;7.92;3.0;20.0
7790;1.14;14.1;16.6;31.0;11.0;31.0;;717.6;0.0;86.0;;0.219;9.01;3.0;2.0
7791;1.16;13.3;18.8;32.4;11.0;30.0;;717.2;0.0;82.0;;0.172;10.02;3.2;24.0
7792;1.29;18.8;24.5;43.4;7.0;31.0;;717.2;0.0;77.0;2.5;0.09;9.86;5.4;82.0
7793;1.2;11.3;23.4;35.0;6.0;58.0;;717.2;0.0;78.0;3.0;0.039;9.56;5.2;91.0
7794;1.23;9.5;24.7;34.4;5.0;53.0;;717.5;0.0;81.0;2.5;0.003;9.2;5.7;90.0
7795;1.28;11.8;24.3;36.3;4.0;49.0;;718.0;0.0;85.0;2.3;0.001;8.82;4.5;91.0
7796;1.19;8.8;23.1;32.1;4.0;35.0;;718.5;0.0;85.0;2.1;0.001;8.82;4.5;81.0
7797;1.05;7.8;21.6;29.7;5.0;29.0;;718.8;0.0;86.0;3.7;0.001;8.64;4.3;41.0
7798;1.06;9.7;22.0;31.9;5.0;43.0;;718.9;0.0;87.0;3.2;0.001;8.53;4.7;36.0
7799;1.28;13.5;22.5;36.3;3.0;29.0;;718.7;0.0;87.0;2.6;0.001;8.39;4.1;356.0
7800;1.47;15.4;22.4;38.0;4.0;27.0;;718.4;0.0;87.0;2.5;0.001;8.38;3.7;53.0
7801;1.09;14.7;21.9;36.8;3.0;48.0;;718.1;0.0;88.0;2.7;0.001;8.29;4.5;70.0
7802;1.07;14.0;21.6;35.9;3.0;55.0;;717.7;0.0;88.0;2.5;0.001;8.22;2.8;82.0
7803;1.14;15.4;21.0;36.7;3.0;51.0;;717.4;0.0;88.0;3.0;0.001;8.29;2.7;65.0
7804;1.46;10.0;20.7;30.9;4.0;48.0;;717.3;0.0;88.0;2.6;0.001;8.33;2.9;60.0
7805;1.37;11.1;20.8;32.2;4.0;37.0;;717.4;0.0;88.0;2.5;0.001;8.38;3.6;84.0
7806;1.31;5.5;20.6;26.4;4.0;38.0;;717.4;0.0;88.0;2.4;0.001;8.45;3.0;120.0
7807;1.0;5.1;20.4;25.9;5.0;28.0;;717.7;0.0;88.0;2.3;0.001;8.58;3.0;75.0
7808;1.17;23.1;21.6;44.9;4.0;26.0;;717.9;0.0;;2.8;0.017;8.72;2.4;81.0
7809;1.58;53.4;22.8;76.5;4.0;36.0;;718.3;0.0;;4.2;0.082;9.35;2.1;64.0
7810;1.56;42.2;24.0;66.4;6.0;45.0;;718.5;0.0;;4.1;0.18;10.13;2.7;79.0
7811;1.58;39.4;28.5;68.1;8.0;43.0;;718.3;0.0;87.0;3.4;0.225;10.89;3.3;36.0
7812;1.81;50.4;34.5;85.2;7.0;51.0;30.0;717.8;0.0;85.0;3.2;0.234;11.97;3.3;84.0
7813;1.88;36.6;35.1;71.9;9.0;76.0;43.0;717.2;0.0;76.0;3.5;0.231;12.96;4.5;78.0
7814;1.75;31.7;33.6;65.5;9.0;86.0;39.0;716.5;0.0;71.0;4.3;0.227;13.55;4.5;60.0
7815;1.56;25.1;35.8;61.2;9.0;84.0;38.0;715.9;0.0;70.0;4.5;0.157;13.92;4.7;70.0
7816;1.44;13.7;32.4;46.3;11.0;83.0;27.0;715.8;0.0;71.0;3.3;0.115;13.9;4.6;96.0
7817;1.47;11.6;33.3;45.1;11.0;66.0;26.0;715.5;0.0;70.0;2.9;0.066;13.94;4.4;85.0
7818;1.6;14.2;36.9;51.3;6.0;68.0;25.0;715.5;0.0;72.0;2.7;0.012;13.7;4.4;59.0
7819;1.63;13.6;35.9;49.8;5.0;66.0;25.0;715.6;0.0;74.0;2.5;0.001;13.5;4.9;86.0
7820;1.52;11.3;30.8;42.3;5.0;61.0;21.0;715.8;0.0;78.0;2.4;0.001;13.12;6.1;62.0
7821;1.51;13.5;26.7;40.4;4.0;56.0;23.0;715.9;0.0;84.0;2.3;0.001;12.38;4.9;74.0
7822;1.34;7.2;23.9;31.3;4.0;42.0;17.0;715.9;0.0;85.0;2.2;0.001;12.16;4.6;75.0
7823;1.19;5.5;20.5;26.3;5.0;36.0;19.0;715.8;0.0;86.0;2.2;0.001;12.13;5.0;48.0
7824;1.11;4.8;17.5;22.6;5.0;33.0;12.0;715.7;0.0;86.0;2.0;0.001;12.0;3.9;29.0
7825;1.07;5.5;16.7;22.5;5.0;21.0;11.0;715.2;0.0;86.0;2.3;0.001;11.89;3.5;33.0
7826;1.04;3.3;15.0;18.4;6.0;32.0;12.0;714.9;0.0;86.0;2.4;0.001;11.82;3.8;33.0
7827;1.02;4.1;15.6;19.9;5.0;29.0;15.0;714.4;0.0;86.0;2.7;0.001;11.69;3.9;13.0
7828;1.02;7.4;18.0;25.7;3.0;31.0;16.0;713.9;0.0;87.0;3.3;0.001;11.59;2.9;357.0
7829;1.01;10.2;19.0;29.5;3.0;35.0;18.0;713.7;0.0;87.0;3.0;0.001;11.56;2.5;9.0
7830;1.0;3.5;14.4;18.1;5.0;43.0;14.0;713.7;0.0;87.0;2.6;0.001;11.45;3.7;77.0
7831;1.06;11.7;16.1;28.0;3.0;34.0;11.0;713.7;0.0;87.0;2.7;0.001;11.42;1.9;68.0
7832;1.25;39.0;17.5;56.8;4.0;31.0;19.0;714.0;0.0;87.0;4.4;0.009;11.55;1.8;19.0
7833;1.52;58.1;18.5;76.9;4.0;39.0;20.0;714.4;0.0;87.0;4.3;0.045;11.85;1.8;18.0
7834;1.52;35.4;19.2;54.9;5.0;47.0;25.0;714.5;0.0;87.0;3.5;0.091;12.29;2.0;201.0
7835;1.62;42.9;22.1;65.3;5.0;58.0;23.0;714.3;0.0;;3.3;0.139;12.98;2.1;2.0
7836;2.05;66.6;30.6;97.5;5.0;54.0;33.0;713.7;0.0;86.0;3.3;0.121;13.36;3.0;46.0
7837;2.32;60.5;36.8;97.6;6.0;67.0;47.0;712.8;0.0;84.0;;0.171;14.12;4.1;40.0
7838;2.37;53.8;41.0;95.0;7.0;94.0;46.0;711.7;0.0;78.0;3.1;0.2;14.88;4.0;69.0
7839;2.19;50.4;46.1;96.8;6.0;97.0;59.0;711.2;0.0;77.0;4.1;0.106;14.97;4.3;92.0
7840;2.1;44.0;47.3;91.5;5.0;119.0;48.0;711.1;0.0;77.0;3.6;0.071;14.92;4.1;99.0
7841;1.99;37.8;43.5;81.5;5.0;111.0;41.0;711.0;0.0;78.0;3.1;0.042;14.86;4.0;95.0
7842;2.06;38.5;40.4;79.2;4.0;98.0;39.0;711.1;0.0;80.0;3.0;0.01;14.74;4.3;78.0
7843;2.11;40.5;36.4;77.3;3.0;97.0;39.0;711.3;0.0;81.0;2.8;0.001;14.57;3.8;85.0
7844;1.94;32.9;32.2;65.3;3.0;89.0;36.0;711.5;0.0;82.0;2.7;0.001;14.4;3.0;51.0
7845;1.88;34.5;29.4;64.1;3.0;86.0;36.0;711.5;0.0;83.0;2.6;0.001;14.41;1.8;3.0
7846;2.06;44.3;28.3;72.9;;83.0;34.0;711.5;0.0;84.0;2.6;0.001;14.42;1.8;3.0
7847;2.2;54.7;27.8;82.8;4.0;90.0;37.0;711.4;0.0;84.0;2.7;0.001;14.44;2.2;150.0
7848;2.11;59.7;23.3;83.2;3.0;94.0;37.0;710.9;0.0;84.0;2.7;0.001;14.43;2.1;110.0
7849;1.94;51.9;18.9;71.2;3.0;95.0;29.0;710.4;0.0;84.0;2.6;0.001;14.4;2.1;77.0
7850;1.9;47.1;21.3;68.7;3.0;68.0;28.0;709.9;0.0;84.0;2.5;0.001;14.38;1.9;69.0
7851;1.79;38.1;26.3;64.6;;77.0;33.0;709.5;0.0;85.0;2.4;0.001;14.31;1.9;41.0
7852;1.69;35.5;23.8;59.5;;76.0;32.0;709.2;0.0;85.0;2.4;0.001;14.3;1.9;276.0
7853;1.61;26.0;26.1;52.3;;80.0;37.0;709.0;0.0;84.0;;0.001;14.23;3.1;239.0
7854;1.58;27.8;29.9;57.8;4.0;102.0;49.0;709.0;0.0;82.0;2.6;0.001;14.4;5.1;233.0
7855;1.6;33.3;25.8;59.3;4.0;111.0;55.0;709.0;0.0;80.0;2.6;0.001;14.47;4.4;228.0
7856;1.56;35.2;23.3;58.7;3.0;117.0;50.0;709.3;0.0;80.0;2.7;0.007;14.56;3.9;239.0
7857;1.49;28.9;21.3;50.4;4.0;100.0;31.0;709.5;0.0;80.0;2.5;0.071;14.72;3.8;273.0
7858;1.64;38.9;24.3;63.5;8.0;75.0;34.0;709.5;0.0;72.0;2.6;0.284;16.79;4.9;357.0
7859;1.76;37.8;33.5;71.5;12.0;89.0;42.0;709.3;0.0;62.0;2.7;0.527;19.36;4.9;20.0
7860;1.86;32.6;41.1;73.9;17.0;110.0;47.0;708.6;0.0;53.0;2.8;0.641;22.14;5.1;14.0
7861;2.07;46.0;62.5;108.7;17.0;117.0;58.0;708.0;0.0;47.0;3.6;0.659;24.16;5.9;51.0
7862;2.55;22.2;78.7;101.1;36.0;146.0;75.0;707.5;0.0;47.0;5.6;0.6;24.92;8.1;81.0
7863;1.97;11.3;50.6;62.1;45.0;189.0;56.0;707.0;0.0;47.0;4.7;0.504;25.32;9.3;65.0
7864;1.73;8.0;36.4;44.6;39.0;142.0;36.0;707.1;0.0;51.0;3.5;0.242;25.17;9.9;56.0
7865;1.77;6.9;39.4;46.5;32.0;110.0;35.0;707.3;0.0;58.0;2.9;0.059;23.59;8.5;33.0
7866;1.73;5.0;46.1;51.2;40.0;114.0;40.0;708.0;0.0;67.0;3.1;0.013;21.43;9.6;35.0
7867;1.44;5.1;34.5;39.8;17.0;121.0;33.0;708.8;0.0;75.0;4.9;0.0;19.37;9.6;46.0
7868;1.33;11.2;26.9;38.2;4.0;93.0;23.0;709.6;0.0;77.0;5.1;0.0;18.16;8.3;39.0
7869;1.2;10.0;21.5;31.8;4.0;81.0;19.0;710.4;0.0;78.0;3.8;0.0;17.47;10.0;21.0
7870;1.14;4.9;16.2;21.2;7.0;67.0;10.0;711.3;0.0;79.0;3.1;0.0;16.47;9.4;55.0
7871;1.18;3.8;14.9;18.8;9.0;40.0;9.0;711.7;0.0;78.0;2.7;0.0;16.44;7.7;74.0
7872;1.13;3.2;12.6;15.9;13.0;34.0;9.0;711.9;0.0;74.0;2.8;0.0;16.57;8.8;68.0
7873;1.02;3.1;13.8;17.0;14.0;39.0;10.0;712.1;0.0;68.0;2.8;0.0;16.59;7.7;84.0
7874;1.02;2.9;14.6;17.6;14.0;39.0;10.0;712.0;0.0;65.0;2.9;0.0;16.31;7.6;112.0
7875;0.99;2.9;13.3;16.4;15.0;46.0;10.01;711.8;0.0;64.0;2.8;0.0;16.23;6.4;121.0
7876;0.95;2.9;13.5;16.6;15.0;39.0;10.02;711.9;0.0;60.0;2.8;0.0;15.97;4.4;149.0
7877;1.06;2.9;14.8;17.9;13.0;41.0;9.0;712.0;0.0;62.0;2.6;0.001;15.71;3.5;188.0
7878;1.07;3.5;20.0;23.6;10.0;33.0;12.0;712.2;0.0;61.0;2.6;0.0;15.44;5.3;125.0
7879;1.19;9.4;26.3;35.9;4.0;50.0;14.0;712.7;0.0;68.0;2.5;0.001;14.48;4.9;213.0
7880;1.3;13.8;26.6;40.5;5.0;60.0;15.0;713.1;0.0;70.0;2.5;0.007;14.38;5.4;141.0
7881;1.43;28.1;29.3;57.6;5.0;61.0;17.0;713.4;0.0;65.0;2.8;0.052;14.83;5.0;108.0
7882;1.53;41.3;32.7;74.2;6.0;74.0;20.0;713.6;0.0;55.0;3.4;0.12;15.85;4.1;75.0
7883;1.4;32.2;34.6;67.0;8.0;106.0;24.0;713.5;0.0;50.0;3.8;0.183;16.99;3.9;101.0
7884;1.4;23.2;34.6;58.0;11.0;109.0;23.0;712.9;0.0;47.0;3.3;0.187;17.55;4.7;53.0
7885;1.2;15.1;25.5;40.7;13.0;106.0;19.0;712.3;0.0;51.0;3.0;0.2;17.13;8.2;50.0
7886;1.28;17.6;25.7;43.5;9.0;109.0;17.0;711.6;0.0;55.0;2.9;0.124;16.59;7.5;56.0
7887;1.21;15.0;23.2;38.4;9.0;100.0;16.0;711.3;0.0;58.0;2.9;0.102;16.02;8.5;62.0
7888;1.18;14.4;20.7;35.3;8.0;88.0;12.0;711.3;0.0;62.0;2.7;0.081;15.43;9.0;57.0
7889;1.18;15.7;20.9;37.0;6.0;74.0;11.0;711.4;0.0;64.0;2.8;0.031;14.74;9.7;55.0
7890;1.15;12.2;19.6;32.0;6.0;64.0;9.0;711.7;0.0;67.0;3.2;0.008;14.01;9.2;49.0
7891;1.19;11.2;18.4;29.9;5.0;54.0;8.0;712.3;0.0;75.0;2.9;0.001;12.61;9.3;58.0
7892;1.18;13.0;18.6;31.9;4.0;43.0;10.0;712.9;0.0;81.0;3.0;0.001;11.76;6.4;77.0
7893;1.17;16.7;18.8;35.8;3.0;34.0;9.0;713.2;0.0;83.0;2.5;0.001;11.42;5.6;96.0
7894;1.2;30.0;18.8;49.0;3.0;33.0;17.0;713.6;0.0;84.0;2.7;0.001;11.38;3.2;70.0
7895;1.24;29.1;17.9;47.2;3.0;39.0;17.0;713.7;0.0;85.0;2.4;0.001;11.56;1.9;225.0
7896;1.32;26.0;18.0;44.2;;31.0;12.0;713.5;0.0;85.0;2.4;0.001;11.9;2.1;43.0
7897;1.4;29.6;18.3;48.1;;29.0;14.0;713.2;0.0;85.0;;0.001;12.03;2.5;75.0
7898;1.37;28.8;18.5;47.5;;34.0;15.0;713.0;0.0;85.0;;0.001;11.99;4.5;90.0
7899;1.08;9.0;17.8;27.0;4.0;38.0;8.0;713.0;0.0;82.0;2.1;0.001;11.68;5.7;102.0
7900;1.07;16.4;17.4;34.1;3.0;30.0;11.0;712.7;0.0;82.0;2.4;0.001;11.14;6.3;100.0
7901;1.02;7.2;15.7;23.1;4.0;35.0;9.0;712.3;0.0;82.0;2.2;0.001;10.67;5.6;137.0
7902;1.02;5.3;16.6;22.1;6.0;33.0;10.0;712.2;0.0;73.0;2.3;0.001;11.43;5.8;131.0
7903;1.01;7.0;18.0;25.3;6.0;46.0;10.0;712.3;0.0;63.0;2.2;0.001;11.78;5.2;137.0
7904;1.21;21.7;18.9;40.8;4.0;62.0;13.0;712.6;0.0;71.0;2.2;0.016;11.45;4.7;87.0
7905;1.24;24.0;15.7;39.9;6.0;58.0;14.0;713.0;0.0;68.0;2.3;0.044;13.49;7.4;92.0
7906;1.17;18.4;15.7;34.5;10.0;55.0;14.0;713.2;0.0;61.0;2.3;0.253;14.61;9.0;105.0
7907;1.22;18.8;21.1;40.1;16.0;56.0;16.0;713.1;0.0;48.0;2.5;0.544;15.61;9.8;73.0
7908;1.19;14.5;19.2;34.0;19.0;82.0;15.0;712.4;0.0;48.0;2.5;0.65;16.2;9.9;71.0
7909;1.13;10.3;17.6;28.2;25.0;71.0;16.0;711.6;0.0;44.0;2.6;0.689;17.15;8.4;61.0
7910;1.24;11.9;22.2;34.4;26.0;67.0;18.0;710.9;0.0;43.0;2.4;0.653;18.46;8.9;60.0
7911;1.22;9.3;21.0;30.6;29.0;73.0;20.0;710.5;0.0;44.0;2.3;0.545;19.06;9.3;68.0
7912;1.23;7.9;21.5;29.7;29.0;70.0;19.0;710.2;0.0;43.0;2.3;0.252;20.49;8.4;60.0
7913;1.19;5.4;18.2;23.7;28.0;68.0;15.0;710.0;0.0;46.0;2.2;0.049;20.66;8.4;80.0
7914;1.26;4.1;24.1;28.4;19.0;54.0;14.0;710.0;0.0;52.0;2.1;0.011;18.83;6.0;80.0
7915;1.43;6.5;32.2;38.9;7.0;49.0;15.0;710.2;0.0;60.0;2.1;0.001;16.28;3.3;260.0
7916;1.74;21.9;39.5;61.6;4.0;53.0;23.0;710.7;0.0;65.0;2.2;0.001;15.3;3.0;246.0
7917;1.59;15.0;33.0;48.2;4.0;69.0;22.0;711.1;0.0;67.0;2.1;0.001;14.21;2.4;221.0
7918;2.02;56.5;33.1;89.9;4.0;59.0;26.0;711.1;0.0;67.0;2.3;0.001;13.51;3.9;244.0
7919;1.96;50.5;32.8;83.6;;82.0;27.0;711.0;0.0;63.0;2.2;0.001;13.31;3.1;282.0
7920;1.7;34.8;31.5;66.5;;76.0;24.0;711.0;0.0;53.0;2.5;0.001;13.21;3.3;215.0
7921;1.6;34.8;32.6;67.7;;71.0;29.0;710.8;0.0;46.0;3.1;0.001;13.26;4.3;269.0
7922;1.19;7.3;29.7;37.1;5.0;87.0;16.0;710.6;0.0;41.0;2.5;0.001;13.09;3.7;174.0
7923;1.09;4.0;27.4;31.5;7.0;59.0;14.0;710.4;0.0;39.0;2.8;0.001;13.28;4.1;288.0
7924;1.21;12.6;30.4;43.2;5.0;54.0;14.0;710.3;0.0;42.0;2.5;0.001;12.41;3.1;318.0
7925;1.02;4.8;24.8;29.8;10.0;58.0;15.0;710.3;0.0;35.0;2.7;0.001;12.96;4.5;337.0
7926;1.04;3.7;26.5;30.3;7.0;74.0;13.0;710.3;0.0;38.0;2.4;0.001;12.17;3.2;321.0
7927;1.02;8.3;27.8;36.3;7.0;59.0;12.0;710.4;0.0;35.0;2.5;0.001;12.11;4.1;316.0
7928;1.02;11.3;26.2;37.7;10.0;64.0;11.0;710.7;0.0;32.0;2.6;0.015;12.84;4.5;323.0
7929;1.07;18.1;27.0;45.3;12.0;61.0;12.0;710.9;0.0;25.0;2.9;0.037;17.01;4.5;281.0
7930;1.37;29.1;30.8;60.1;13.0;65.0;18.0;711.1;0.0;24.0;3.5;0.249;19.67;4.0;10.0
7931;1.01;10.3;21.6;32.2;24.0;80.0;11.0;710.8;0.0;15.0;3.5;0.586;23.64;4.5;239.0
7932;0.94;8.2;18.4;26.9;33.0;60.0;8.0;710.5;0.0;12.0;3.2;0.696;25.81;5.3;10.0
7933;1.36;7.7;24.7;32.6;46.0;50.0;15.0;710.2;0.0;9.0;3.2;0.729;26.91;5.1;52.0
7934;1.84;6.5;30.6;37.4;60.0;54.0;19.0;709.6;0.0;9.0;4.7;0.682;28.72;4.3;57.0
7935;1.67;7.9;37.2;45.4;49.0;62.0;24.0;709.1;0.0;9.0;7.2;0.568;28.69;6.7;99.0
7936;1.01;4.3;17.4;21.9;52.0;67.0;8.0;708.9;0.0;7.0;2.2;0.262;28.88;6.9;81.0
7937;1.12;4.0;25.7;29.9;49.0;40.0;11.0;709.0;0.0;11.0;2.3;0.049;28.0;6.9;70.0
7938;1.21;3.5;33.8;37.5;30.0;47.0;11.0;709.3;0.0;17.0;2.3;0.011;25.17;5.0;50.0
7939;1.31;6.4;39.6;46.3;12.0;45.0;9.0;709.8;0.0;24.0;2.2;0.001;21.38;3.2;208.0
7940;1.7;18.4;52.9;71.5;4.0;38.0;17.0;710.5;0.0;31.0;2.7;0.001;19.65;3.9;262.0
7941;1.87;6.3;60.8;67.3;10.0;62.0;34.0;711.0;0.0;38.0;4.2;0.001;18.71;3.6;240.0
7942;1.67;5.2;52.9;58.3;10.0;97.0;26.0;711.2;0.0;37.0;4.6;0.001;18.29;4.1;242.0
7943;1.65;19.4;47.5;67.1;7.0;72.0;24.0;711.3;0.0;34.0;4.8;0.001;17.14;5.3;214.0
7944;1.5;14.8;47.1;62.1;4.0;77.0;22.0;711.2;0.0;33.0;4.5;0.001;16.37;4.3;230.0
7945;1.67;16.3;47.4;63.9;4.0;82.0;28.0;711.3;0.0;40.0;4.1;0.001;15.61;3.3;301.0
7946;1.28;4.4;39.2;43.8;6.0;85.0;19.0;711.3;0.0;35.0;3.9;0.001;15.27;3.9;246.0
7947;1.16;8.0;40.4;48.6;5.0;65.0;20.0;711.3;0.0;31.0;8.3;0.001;14.96;4.0;261.0
7948;1.02;4.3;33.4;37.8;8.0;94.0;18.0;711.2;0.0;30.0;11.1;0.001;14.71;4.0;255.0
7949;1.0;4.7;34.3;39.3;7.0;85.0;18.0;711.2;0.0;30.0;12.5;0.001;14.12;3.8;13.0
7950;0.98;5.0;31.5;36.7;8.0;79.0;18.01;711.3;0.0;30.0;12.1;0.001;13.71;4.5;217.0
7951;1.01;7.6;31.9;39.7;6.0;80.0;15.0;711.6;0.0;29.0;11.7;0.001;13.79;4.6;230.0
7952;1.29;34.2;35.3;69.7;5.0;79.0;15.0;712.0;0.0;29.0;11.0;0.016;14.28;4.3;224.0
7953;1.55;58.5;38.5;97.2;7.0;81.0;18.0;712.2;0.0;26.0;13.4;0.04;17.62;4.6;225.0
7954;1.57;47.6;43.8;91.7;9.0;90.0;20.0;712.2;0.0;25.0;12.0;0.24;20.71;3.9;213.0
7955;1.53;33.9;45.5;79.6;17.0;93.0;24.0;711.9;0.0;34.0;11.3;0.539;22.48;4.3;16.0
7956;1.35;12.2;28.8;41.2;32.0;88.0;18.0;711.2;0.0;41.0;7.4;0.637;22.65;6.5;48.0
7957;1.27;7.4;21.4;29.0;41.0;54.0;14.68;710.3;0.0;45.0;5.9;0.666;22.77;7.8;47.0
7958;1.2;5.2;15.6;21.0;46.0;62.0;12.37;709.4;0.0;46.0;4.8;0.636;23.47;8.4;79.0
7959;1.24;5.2;18.7;24.2;53.0;53.0;13.65;708.8;0.0;45.0;4.2;0.531;23.99;9.1;46.0
7960;1.22;4.2;17.4;21.8;58.0;58.0;12.71;708.5;0.0;46.0;4.4;0.245;24.23;9.4;42.0
7961;1.18;3.8;15.2;19.2;48.0;52.0;11.44;708.4;0.0;49.0;3.9;0.052;23.57;9.0;85.0
7962;1.28;3.3;20.5;24.0;36.0;51.0;11.39;708.4;0.0;55.0;3.2;0.012;22.28;6.7;103.0
7963;1.35;3.2;22.4;25.7;29.0;46.0;12.18;708.5;0.0;60.0;3.0;0.001;21.21;7.5;94.0
7964;1.43;3.5;25.6;29.3;23.0;45.0;13.46;708.6;0.0;64.0;2.8;0.001;20.58;7.5;82.0
7965;1.14;3.0;11.7;14.9;28.0;50.0;12.04;708.7;0.0;68.0;2.6;0.001;19.87;8.8;107.0
7966;1.42;3.5;29.8;33.4;10.0;43.0;15.05;708.9;0.0;69.0;2.5;0.001;18.38;3.5;211.0
7967;1.53;8.8;32.2;41.2;5.0;49.0;15.88;708.8;0.0;74.0;2.5;0.001;17.56;3.7;215.0
7968;1.54;11.8;36.8;48.8;4.0;55.0;21.2;708.5;0.0;72.0;;0.001;17.63;3.4;224.0
7969;1.42;6.4;36.6;43.1;6.0;72.0;26.3;708.1;0.0;67.0;4.3;0.001;17.42;6.7;220.0
7970;1.33;11.3;38.2;49.7;5.0;92.0;30.15;707.9;0.0;65.0;5.1;0.001;16.71;7.8;217.0
7971;1.22;8.9;35.9;45.0;5.0;93.0;31.09;707.7;0.0;65.0;5.9;0.001;16.52;7.2;217.0
7972;1.15;4.8;31.3;36.4;8.0;98.0;29.25;707.4;0.0;66.0;5.7;0.001;15.81;3.9;230.0
7973;1.1;3.4;24.3;27.9;12.0;87.0;25.04;707.3;0.0;63.0;5.9;0.001;15.56;4.3;223.0
7974;1.07;3.4;18.9;22.5;15.0;77.0;19.6;707.3;0.0;60.0;6.2;0.001;15.34;5.3;216.0
7975;1.19;7.9;29.5;37.6;7.0;59.0;20.51;707.6;0.0;59.0;6.4;0.001;15.22;4.1;216.0
7976;1.44;31.0;32.9;64.2;5.0;69.0;21.9;707.9;0.0;58.0;5.2;0.024;15.72;3.8;250.0
7977;1.78;58.5;37.5;96.3;5.0;78.0;25.49;708.4;0.0;52.0;6.0;0.066;17.53;4.1;236.0
7978;2.16;62.9;50.4;113.6;7.0;98.0;32.0;708.5;0.0;43.0;8.2;0.165;19.8;5.6;181.0
7979;1.86;49.7;51.2;101.1;12.0;132.0;25.95;708.5;0.0;33.0;8.6;0.505;24.17;4.7;148.0
7980;1.73;30.0;47.0;77.2;19.0;112.0;18.44;708.2;0.0;29.0;5.6;0.618;26.75;6.2;85.0
7981;1.59;18.0;40.2;58.4;27.0;82.0;16.77;707.6;0.0;29.0;4.0;0.677;28.05;7.2;85.0
7982;1.39;9.2;30.8;40.1;39.0;79.0;15.49;707.0;0.0;23.0;4.4;0.658;29.1;8.3;95.0
7983;1.25;7.2;24.9;32.3;43.0;78.0;11.37;706.6;0.0;22.0;3.6;0.553;30.34;8.8;84.0
7984;1.19;5.4;20.7;26.3;45.0;59.0;9.98;706.6;0.0;24.0;2.9;0.251;30.71;9.0;86.0
7985;1.11;4.7;19.8;24.8;37.0;51.0;7.84;706.8;0.0;22.0;2.6;0.045;30.21;7.4;88.0
7986;1.74;29.8;47.7;77.8;9.0;43.0;10.26;707.3;0.0;25.0;2.7;0.011;27.2;4.2;148.0
7987;2.38;71.3;49.6;121.2;4.0;59.0;12.15;708.0;0.0;31.0;3.1;0.001;23.72;3.1;266.0
7988;2.47;76.3;47.9;124.5;4.0;77.0;12.76;708.9;0.0;36.0;3.0;0.001;22.26;3.6;300.0
7989;1.95;36.8;44.8;81.8;4.0;81.0;12.66;709.7;0.0;41.0;2.6;0.001;21.3;4.0;251.0
7990;2.01;45.9;46.9;93.0;;61.0;18.65;710.1;0.0;42.0;2.9;0.001;20.88;4.0;227.0
7991;1.81;52.9;44.6;97.7;;87.0;21.89;710.5;0.0;34.0;7.7;0.001;20.61;5.6;227.0
7992;1.63;53.6;44.2;98.1;;108.0;23.76;710.8;0.0;32.0;9.1;0.001;20.17;4.7;243.0
7993;1.48;40.2;39.7;80.2;;115.0;19.8;711.0;0.0;34.0;5.6;0.001;19.18;3.3;245.0
7994;1.36;14.2;38.7;53.2;;92.0;18.46;711.1;0.0;42.0;4.4;0.001;18.95;3.7;250.0
7995;1.26;11.1;36.1;47.4;5.0;77.0;19.11;711.2;0.0;37.0;6.3;0.001;18.51;3.2;261.0
7996;1.2;12.0;33.3;45.4;5.0;75.0;17.97;711.5;0.0;35.0;7.7;0.001;18.17;3.6;281.0
7997;1.18;6.5;30.6;37.3;6.0;80.0;16.0;711.9;0.0;38.0;8.1;0.001;17.84;3.9;234.0
7998;1.15;21.0;35.5;56.7;4.0;66.0;24.39;712.4;0.0;34.0;15.3;0.001;17.61;3.9;243.0
7999;1.33;32.9;34.6;67.7;4.0;112.0;24.28;713.3;0.0;41.0;9.8;0.001;16.73;3.5;221.0
8000;2.03;63.1;35.8;99.2;4.0;105.0;23.22;713.8;0.0;53.0;5.8;0.018;16.99;2.6;276.0
8001;2.64;118.3;44.7;163.4;5.0;99.0;27.76;714.3;0.0;44.0;5.9;0.044;21.62;2.5;27.0
8002;2.08;55.3;40.4;96.0;11.0;132.0;27.04;715.0;0.0;49.0;5.8;0.252;22.65;10.0;22.0
8003;1.17;9.7;14.6;24.6;22.0;167.0;19.67;715.9;0.0;60.0;4.2;0.486;20.24;13.1;41.0
8004;1.12;9.7;14.4;24.4;20.0;168.0;18.4;716.2;0.0;62.0;3.7;0.389;18.63;13.5;52.0
8005;1.11;10.0;16.6;26.7;17.0;125.0;17.14;716.1;0.0;63.0;3.3;0.156;17.39;11.3;49.0
8006;1.18;16.2;22.1;38.5;16.0;107.0;19.17;715.2;0.0;57.0;4.5;0.355;18.59;9.8;52.0
8007;1.12;8.9;18.9;28.2;17.0;92.0;15.06;715.0;0.0;55.0;3.8;0.123;18.21;10.4;31.0
8008;1.03;6.6;16.7;23.5;16.0;82.0;12.19;715.2;0.0;56.0;2.9;0.049;16.75;11.7;13.0
8009;1.11;7.0;20.1;27.4;13.0;72.0;12.7;715.5;0.0;59.0;2.6;0.016;15.5;11.4;20.0
8010;1.12;6.4;23.9;30.6;10.0;80.0;13.4;716.2;0.0;67.0;2.5;0.003;14.02;10.5;36.0
8011;1.23;9.7;27.7;37.5;6.0;69.0;15.52;716.7;0.0;72.0;2.5;0.001;13.09;10.5;359.0
8012;1.23;8.2;25.9;34.3;6.0;69.0;14.49;717.4;0.0;80.0;2.3;0.001;12.19;9.4;7.0
8013;1.21;5.4;23.0;28.6;7.0;46.0;13.59;718.0;0.0;83.0;2.2;0.001;11.09;6.1;310.0
8014;0.94;3.4;8.4;12.0;21.0;42.0;9.19;718.3;0.0;79.0;2.1;0.001;11.49;12.3;95.0
8015;0.87;2.8;5.8;8.8;25.0;30.0;9.64;718.5;0.0;69.0;2.1;0.001;11.78;13.7;104.0
8016;;;;;;;;;;;;;;;
8017;0.85;2.4;4.7;7.4;27.0;38.0;8.25;718.2;0.0;69.0;2.0;0.001;11.11;8.9;85.0
8018;0.85;2.4;6.6;9.3;26.0;28.0;8.86;717.9;0.0;73.0;2.2;0.001;10.47;8.8;53.0
8019;0.85;2.4;6.5;9.1;27.0;32.0;8.65;717.6;0.0;76.0;2.2;0.001;10.19;7.5;29.0
8020;0.9;2.6;20.4;23.2;15.0;32.0;13.33;717.2;0.0;71.0;3.4;0.001;10.38;6.1;22.0
8021;0.91;2.6;17.7;20.5;16.0;40.0;15.24;717.2;0.0;72.0;3.3;0.001;10.41;3.8;13.0
8022;0.94;2.7;17.1;20.0;15.0;49.0;21.39;717.3;0.0;76.0;2.7;0.001;9.97;2.3;236.0
8023;1.02;3.4;19.8;23.4;11.0;56.0;22.53;717.7;0.0;81.0;2.3;0.001;9.55;2.1;231.0
8024;1.14;7.8;25.7;33.7;6.0;52.0;23.36;718.0;0.0;83.0;2.3;0.004;9.73;1.8;198.0
8025;1.28;12.3;27.1;39.6;6.0;45.0;24.63;718.0;0.0;83.0;;0.022;10.06;1.9;188.0
8026;1.57;12.8;25.6;38.6;8.0;49.0;30.61;717.9;0.0;82.0;2.5;0.057;10.61;2.0;26.0
8027;1.81;30.7;30.3;61.3;6.0;62.0;40.04;717.7;0.0;79.0;2.8;0.068;11.55;3.0;360.0
8028;1.88;56.7;36.6;93.7;4.0;83.0;45.17;717.5;0.0;77.0;2.9;0.055;11.88;5.0;351.0
8029;2.15;53.0;38.2;91.6;5.0;116.0;55.24;716.8;0.0;76.0;3.1;0.074;12.25;3.3;36.0
8030;2.27;49.5;40.2;90.0;5.0;131.0;52.53;716.1;0.0;76.0;3.2;0.079;12.75;2.5;81.0
8031;2.27;76.5;46.1;122.9;4.0;123.0;60.23;715.6;0.0;76.0;3.5;0.07;13.0;3.8;74.0
8032;2.33;88.5;46.8;135.6;4.0;158.0;63.98;715.3;0.0;78.0;3.5;0.049;12.66;5.1;98.0
8033;2.48;85.7;44.6;130.6;4.0;181.0;66.94;715.0;0.0;82.0;3.3;0.02;12.31;4.1;115.0
8034;2.32;74.1;42.5;116.9;;154.0;54.93;715.2;0.0;83.0;3.1;0.003;12.35;4.2;85.0
8035;1.99;52.9;37.2;90.5;3.0;106.0;42.16;715.2;0.0;84.0;2.9;0.001;12.23;3.2;67.0
8036;1.72;36.3;30.7;67.1;3.0;70.0;23.04;715.5;0.0;84.0;2.6;0.001;12.23;2.8;68.0
8037;1.73;34.0;28.0;62.2;3.0;42.0;22.13;715.7;0.0;85.0;2.5;0.001;12.24;2.0;35.0
8038;1.72;36.7;27.0;63.9;;39.0;20.87;715.7;0.0;86.0;2.6;0.001;12.29;1.8;141.0
8039;1.87;47.8;28.6;76.6;;39.0;24.22;715.5;0.0;86.0;2.6;0.001;12.47;1.8;42.0
8040;1.94;51.8;29.1;81.2;;45.0;27.25;715.2;0.0;86.0;2.7;0.001;12.61;2.0;20.0
8041;1.7;49.3;23.3;72.9;;54.0;30.21;714.9;0.0;86.0;2.5;0.001;12.51;3.2;54.0
8042;1.46;33.5;19.6;53.3;;70.0;30.27;714.5;0.0;86.0;2.4;0.001;12.27;3.3;73.0
8043;1.32;29.8;17.5;47.5;;61.0;33.24;714.3;0.0;86.0;2.4;0.001;12.21;2.6;36.0
8044;1.32;31.8;18.0;50.0;;65.0;35.18;714.2;0.0;87.0;;0.001;12.34;2.0;41.0
8045;1.34;33.1;18.7;52.0;;69.0;36.36;714.2;0.0;87.0;;0.001;12.5;2.4;60.0
8046;1.24;22.3;18.2;40.8;;72.0;43.14;714.2;0.0;87.0;;0.001;12.55;2.4;39.0
8047;1.34;31.9;18.1;50.2;;85.0;42.92;714.4;0.0;87.0;;0.001;12.68;1.9;85.0
8048;1.74;66.3;20.4;87.0;;82.0;38.61;714.6;0.0;86.0;2.8;0.007;13.04;2.2;260.0
8049;1.79;63.1;24.9;88.2;;79.0;34.46;714.9;0.0;86.0;2.6;0.038;13.46;2.6;331.0
8050;1.87;64.4;28.0;92.6;4.0;84.0;37.51;715.1;0.0;84.0;2.7;0.114;14.22;4.1;356.0
8051;1.95;66.9;34.3;101.5;6.0;96.0;47.79;715.0;0.0;75.0;2.7;0.375;16.22;3.7;347.0
8052;2.09;55.1;51.1;106.5;11.0;121.0;56.5;714.5;0.0;65.0;2.6;0.545;18.55;5.1;72.0
8053;2.27;58.2;72.4;130.9;14.0;136.0;74.86;713.9;0.0;60.0;2.9;0.586;19.75;6.1;79.0
8054;2.48;63.9;88.2;152.2;15.0;161.0;;713.2;0.0;57.0;4.2;0.535;20.87;7.2;55.0
8055;2.32;48.8;81.4;130.4;16.0;205.0;93.62;713.0;0.0;58.0;5.2;0.438;20.79;8.3;59.0
8056;2.2;29.3;74.3;103.7;20.0;187.0;81.1;712.8;0.0;57.0;5.3;0.224;21.52;6.5;66.0
8057;2.12;17.3;69.7;87.2;18.0;157.0;73.49;713.0;0.0;61.0;4.4;0.065;20.53;7.7;69.0
8058;1.92;7.2;59.7;67.1;17.0;151.0;52.91;713.5;0.0;66.0;3.6;0.013;19.26;5.8;89.0
8059;2.2;19.2;61.9;81.4;6.0;127.0;47.02;714.0;0.0;70.0;3.1;0.001;18.49;2.8;91.0
8060;2.21;18.1;55.2;73.5;3.0;121.0;44.22;714.6;0.0;74.0;2.9;0.001;17.54;1.9;284.0
8061;2.28;38.5;45.6;84.4;3.0;109.0;43.9;715.1;0.0;77.0;2.9;0.001;17.29;4.1;66.0
8062;1.61;34.9;26.9;61.9;3.0;103.0;43.69;715.4;0.0;82.0;2.7;0.001;16.17;4.5;54.0
8063;1.49;53.0;26.4;79.6;;83.0;60.85;715.7;0.0;85.0;3.2;0.001;15.86;3.0;68.0
8064;1.57;49.0;27.0;76.2;;113.0;60.69;715.8;0.0;85.0;3.8;0.001;15.87;2.5;28.0
8065;1.61;25.4;27.4;53.0;2.0;110.0;43.04;715.7;0.0;86.0;3.3;0.001;15.81;2.9;276.0
8066;1.68;13.9;25.8;39.9;3.0;80.0;35.73;715.8;0.0;86.0;2.9;0.001;15.73;3.3;290.0
8067;1.98;22.9;33.8;56.9;3.0;74.0;47.49;715.9;0.0;86.0;2.9;0.001;15.44;4.3;306.0
8068;1.83;25.1;32.7;58.1;3.0;92.0;44.3;716.1;0.0;86.0;2.6;0.001;15.34;3.1;296.0
8069;1.84;30.6;32.6;63.4;;87.0;56.86;716.3;0.0;86.0;2.7;0.001;15.42;3.2;205.0
8070;2.21;57.7;38.7;96.7;4.0;125.0;92.8;716.5;0.0;86.0;2.9;0.001;15.25;3.6;221.0
8071;2.52;80.7;42.8;123.8;4.0;214.0;112.42;717.0;0.0;85.0;3.1;0.001;15.09;6.5;222.0
8072;2.01;51.2;41.1;92.5;4.0;247.0;81.62;717.4;0.0;84.0;3.0;0.009;15.51;7.5;220.0
8073;1.83;46.9;38.6;85.7;;147.0;70.26;718.0;0.0;81.0;2.9;0.033;16.56;4.2;232.0
8074;1.89;48.9;37.7;86.8;;133.0;74.83;718.4;0.0;77.0;3.2;0.068;17.21;3.5;229.0
8075;1.47;19.5;25.2;44.9;7.0;156.0;36.18;718.4;0.0;71.0;3.2;0.134;18.57;2.8;104.0
8076;1.49;19.7;27.7;47.6;7.0;78.0;31.0;718.3;0.0;71.0;3.3;0.096;18.75;5.0;84.0
8077;1.42;16.4;26.9;43.5;8.0;77.0;23.48;718.4;0.0;72.0;3.3;0.052;18.62;6.6;63.0
8078;1.76;24.5;33.4;58.1;9.0;66.0;34.05;717.7;0.0;73.0;3.2;0.156;18.84;6.1;52.0
8079;1.74;17.2;35.5;52.9;8.0;89.0;37.16;717.2;0.0;72.0;3.1;0.069;18.96;8.3;55.0
8080;1.61;13.6;30.6;44.4;11.0;85.0;33.73;716.8;0.0;74.0;3.0;0.076;18.93;9.7;39.0
8081;1.45;6.9;27.8;34.9;14.0;84.0;30.14;717.0;0.0;77.0;3.1;0.021;18.51;11.2;42.0
8082;1.31;7.2;21.0;28.4;7.0;79.0;18.81;717.2;0.0;80.0;3.4;0.003;18.01;10.6;60.0
8083;1.38;8.4;22.7;31.3;5.0;54.0;17.67;717.4;0.0;82.0;3.5;0.001;17.89;7.5;54.0
8084;1.3;5.5;19.3;25.1;7.0;54.0;13.85;717.7;0.0;81.0;3.2;0.001;18.06;7.8;47.0
8085;1.27;5.3;16.6;22.1;7.0;42.0;14.05;718.1;0.0;82.0;2.9;0.001;18.05;8.3;67.0
8086;1.18;4.4;13.0;17.6;7.0;40.0;10.8;718.2;0.0;83.0;2.9;0.001;17.87;8.7;51.0
8087;1.14;3.9;13.5;17.6;;29.0;7.77;718.2;0.0;84.0;2.8;0.001;17.78;7.7;34.0
8088;1.12;3.4;13.4;17.0;6.0;26.0;6.71;718.0;0.0;84.0;2.6;0.001;17.7;4.3;359.0
8089;1.27;8.3;16.2;24.8;3.0;31.0;11.22;717.7;0.0;84.0;2.6;0.001;17.61;4.7;300.0
8090;1.11;8.0;14.8;23.0;4.0;34.0;7.47;717.4;0.0;84.0;2.4;0.001;17.69;3.7;17.0
8091;1.17;5.9;12.7;18.8;5.0;33.0;6.47;717.1;0.0;84.0;2.3;0.001;17.63;3.3;332.0
8092;1.13;5.8;12.3;18.3;4.0;34.0;5.72;716.8;0.0;83.0;2.3;0.001;17.71;3.8;341.0
8093;1.29;10.0;13.7;24.0;3.0;28.0;6.99;716.7;0.0;85.0;;0.001;17.02;5.1;348.0
8094;1.42;8.8;13.7;22.7;3.0;28.0;7.58;716.7;0.0;85.0;2.2;0.001;16.77;3.0;335.0
8095;1.22;9.9;13.2;23.4;3.0;23.0;6.56;716.8;0.0;86.0;2.2;0.001;16.78;1.9;308.0
8096;1.26;13.2;12.9;26.4;;28.0;10.02;716.9;0.0;86.0;2.3;0.006;16.91;2.2;7.0
8097;1.19;10.5;12.0;22.8;4.0;31.0;7.31;717.1;0.0;86.0;2.2;0.038;17.03;4.6;50.0
8098;1.15;9.3;9.9;19.5;6.0;22.0;2.64;717.2;0.0;85.0;2.2;0.078;17.21;5.9;57.0
8099;1.17;10.5;9.7;20.5;6.0;20.0;3.81;717.2;0.0;84.0;;0.118;17.74;5.2;36.0
8100;1.19;15.3;11.3;26.9;7.0;19.0;7.94;716.7;0.0;80.0;;0.186;18.6;5.5;35.0
8101;1.17;17.9;16.5;34.8;7.0;27.0;18.98;716.0;0.0;78.0;2.5;0.15;18.68;7.4;45.0
8102;1.21;14.1;16.8;31.2;9.0;47.0;22.48;715.0;0.0;77.0;3.4;0.18;18.86;7.7;42.0
8103;1.22;9.6;12.6;22.4;10.0;54.0;17.81;714.2;0.0;76.0;3.6;0.155;19.21;8.6;53.0
8104;1.22;8.6;14.4;23.3;9.0;45.0;17.85;713.9;0.0;78.0;3.4;0.071;18.76;8.7;42.0
8105;1.26;18.9;19.3;38.5;4.0;45.0;22.42;713.8;0.0;79.0;4.2;0.026;18.66;6.0;45.0
8106;1.29;18.3;20.2;38.8;3.0;68.0;26.11;713.7;0.0;79.0;4.6;0.007;18.65;4.6;25.0
8107;1.37;17.6;21.8;39.6;3.0;60.0;26.67;713.6;0.0;80.0;3.8;0.001;18.52;3.9;31.0
8108;1.42;10.7;24.6;35.5;3.0;71.0;27.92;713.9;0.0;81.0;4.0;0.001;18.52;2.9;19.0
8109;1.51;14.2;25.1;39.4;;73.0;31.71;713.8;0.0;81.0;3.8;0.001;18.44;3.9;54.0
8110;1.51;29.3;23.9;53.4;;82.0;37.72;713.8;0.0;82.0;3.7;0.001;18.39;2.4;336.0
8111;1.52;34.8;21.4;56.4;;88.0;33.22;713.6;0.0;82.0;3.4;0.001;18.41;2.0;128.0
8112;1.62;39.5;20.2;59.9;;95.0;33.22;713.1;0.0;82.0;3.2;0.001;18.43;1.8;27.0
8113;1.67;42.8;17.7;60.8;;83.0;34.03;712.7;0.0;82.0;3.0;0.001;18.36;1.8;229.0
8114;1.66;39.8;16.6;56.6;;89.0;32.79;712.3;0.0;83.0;2.9;0.001;18.29;1.8;293.0
8115;1.72;47.5;16.2;64.0;;90.0;30.6;711.9;0.0;83.0;2.8;0.001;18.22;;231.0
8116;1.58;35.1;14.6;50.0;;81.0;26.52;711.5;0.0;83.0;2.6;0.001;18.01;2.0;236.0
8117;1.34;17.6;13.1;30.9;;68.0;23.43;711.3;0.0;82.0;2.5;0.001;17.17;2.6;219.0
8118;1.17;6.0;13.9;20.0;4.0;57.0;22.64;711.2;0.0;80.0;2.4;0.001;16.69;3.2;226.0
8119;1.22;13.5;13.7;27.5;4.0;46.0;20.78;711.3;0.0;79.0;2.4;0.001;16.2;3.0;219.0
8120;1.42;31.5;15.3;47.0;4.0;50.0;21.56;711.4;0.0;77.0;2.5;0.03;16.55;4.1;226.0
8121;1.61;47.2;17.9;65.4;;72.0;22.9;711.6;0.0;69.0;2.6;0.09;18.32;4.9;214.0
8122;1.78;50.8;23.1;74.3;6.0;73.0;26.75;711.6;0.0;66.0;2.8;0.259;20.18;4.3;329.0
8123;1.62;23.5;24.8;48.0;13.0;87.0;34.39;711.6;0.0;63.0;2.5;0.47;21.54;5.1;360.0
8124;1.69;24.8;37.2;62.2;18.0;87.0;40.51;711.1;0.0;57.0;2.7;0.57;23.27;5.2;45.0
8125;2.14;42.1;62.0;104.3;17.0;105.0;60.01;710.4;0.0;56.0;3.3;0.585;23.77;6.9;60.0
8126;1.97;18.6;51.1;70.0;29.0;152.0;54.07;709.7;0.0;56.0;3.6;0.549;24.24;8.3;76.0
8127;1.77;11.3;41.9;53.4;39.0;136.0;42.94;709.1;0.0;56.0;3.2;0.446;24.47;8.6;62.0
8128;1.63;8.7;34.7;43.6;36.0;116.0;35.06;709.0;0.0;60.0;2.9;0.216;24.23;8.9;60.0
8129;1.43;5.6;23.6;29.4;37.0;103.0;23.85;709.2;0.0;65.0;2.8;0.07;23.16;9.0;58.0
8130;1.42;4.7;25.2;30.1;24.0;75.0;18.83;709.6;0.0;69.0;2.5;0.014;21.88;7.7;58.0
8131;1.61;5.8;33.8;39.8;11.0;65.0;21.16;709.9;0.0;72.0;3.2;0.001;21.04;5.8;37.0
8132;1.71;14.0;31.7;45.9;3.0;72.0;14.62;710.2;0.0;74.0;3.2;0.001;20.7;4.3;12.0
8133;1.69;21.7;27.3;49.2;3.0;58.0;15.49;710.5;0.0;77.0;2.9;0.001;19.96;2.9;283.0
8134;1.82;30.2;30.3;60.7;3.0;66.0;19.01;710.6;0.0;79.0;2.8;0.001;19.23;2.4;234.0
8135;1.79;26.1;28.5;54.7;;75.0;22.31;710.6;0.0;80.0;2.5;0.001;18.91;2.5;231.0
8136;1.77;27.1;27.0;54.2;;67.0;23.74;710.5;0.0;81.0;2.5;0.001;18.58;2.9;224.0
8137;1.68;23.1;25.8;49.1;;73.0;24.72;710.3;0.0;82.0;2.4;0.001;18.21;2.6;254.0
8138;1.54;12.4;25.3;37.9;;66.0;23.93;710.0;0.0;81.0;2.3;0.001;17.79;2.7;222.0
8139;1.44;8.5;24.1;32.8;4.0;69.0;26.17;709.9;0.0;81.0;2.3;0.001;17.56;2.7;247.0
8140;1.46;14.0;25.5;39.7;4.0;72.0;31.9;709.9;0.0;80.0;2.4;0.001;17.4;2.6;239.0
8141;1.39;14.2;27.0;41.4;4.0;83.0;34.99;709.8;0.0;78.0;2.4;0.001;17.46;4.1;230.0
8142;1.38;24.0;26.7;50.8;;96.0;38.39;709.8;0.0;76.0;2.5;0.001;17.0;3.0;227.0
8143;1.68;50.5;26.4;77.1;;118.0;45.5;710.1;0.0;77.0;2.7;0.001;17.32;2.7;249.0
8144;2.04;91.6;28.7;120.6;;142.0;53.49;710.6;0.0;74.0;3.0;0.015;17.56;4.3;224.0
8145;2.26;101.2;30.8;132.3;;177.0;50.53;711.1;0.0;70.0;3.0;0.07;19.46;3.2;202.0
8146;1.85;43.9;32.2;76.4;8.0;160.0;46.0;711.3;0.0;63.0;2.6;0.18;22.14;3.7;11.0
8147;1.98;32.7;42.8;75.6;13.0;116.0;46.41;711.3;0.0;59.0;2.4;0.452;23.44;4.5;10.0
8148;2.15;22.2;47.4;69.7;23.0;134.0;48.85;711.0;0.0;56.0;2.7;0.548;24.78;5.6;51.0
8149;1.63;17.7;40.2;58.1;27.0;137.0;45.46;710.5;0.0;58.0;3.2;0.587;24.44;8.5;65.0
8150;1.61;11.9;35.1;47.2;36.0;131.0;40.51;710.0;0.0;58.0;3.7;0.557;24.46;9.0;62.0
8151;1.55;8.1;30.3;38.6;46.0;122.0;41.88;709.7;0.0;56.0;3.8;0.454;24.8;10.2;55.0
8152;1.57;7.5;29.8;37.5;41.0;122.0;40.39;709.7;0.0;60.0;3.0;0.217;24.49;11.2;58.0
8153;1.51;5.8;27.8;33.8;38.0;117.0;38.08;710.0;0.0;66.0;2.6;0.072;23.48;10.4;53.0
8154;1.61;5.6;41.9;47.7;23.0;115.0;36.62;710.2;0.0;66.0;2.5;0.014;22.84;7.3;9.0
8155;1.57;4.1;28.8;33.1;30.0;114.0;26.09;710.6;0.0;66.0;2.5;0.001;22.68;6.7;65.0
8156;1.91;9.6;55.1;64.9;6.0;79.0;35.03;711.0;0.0;68.0;;0.0;22.02;7.6;11.0
8157;1.68;7.7;48.6;56.5;9.0;124.0;37.07;711.4;0.0;71.0;;0.001;21.52;6.1;360.0
8158;1.6;10.2;41.8;52.2;5.0;119.0;31.24;711.7;0.0;75.0;2.6;0.001;20.77;2.4;324.0
8159;1.58;14.2;36.0;50.5;3.0;99.0;26.06;712.1;0.0;77.0;2.4;0.001;20.43;2.8;248.0
8160;1.57;11.6;32.4;44.2;3.0;80.0;26.76;712.4;0.0;78.0;2.4;0.001;20.06;1.8;224.0
8161;1.52;14.5;33.8;48.5;3.0;81.0;29.85;712.6;0.0;79.0;2.3;0.001;19.78;2.9;42.0
8162;1.56;20.1;31.3;51.6;;85.0;32.7;712.6;0.0;80.0;2.5;0.001;19.23;2.3;80.0
8163;1.43;19.9;27.6;47.7;;91.0;33.22;712.6;0.0;82.0;2.4;0.001;19.07;4.6;23.0
8164;1.14;4.6;15.1;19.8;8.0;97.0;25.67;712.7;0.0;82.0;2.2;0.001;18.77;5.2;25.0
8165;1.09;3.9;14.4;18.4;9.0;69.0;21.89;713.0;0.0;83.0;2.2;0.001;18.65;5.3;16.0
8166;1.06;3.4;12.1;15.7;10.0;60.0;20.26;713.3;0.0;83.0;2.1;0.001;18.55;4.4;7.0
8167;1.12;6.0;16.7;22.9;6.0;57.0;17.97;713.8;0.0;85.0;2.1;0.001;18.46;4.5;6.0
8168;1.3;13.5;19.6;33.4;4.0;50.0;13.45;714.2;0.0;85.0;2.2;0.003;18.44;4.8;8.0
8169;1.55;22.8;21.7;44.7;3.0;43.0;14.96;714.7;0.0;85.0;2.1;0.017;18.51;4.7;6.0
8170;1.62;23.1;22.6;45.8;4.0;47.0;19.0;715.2;0.0;85.0;2.2;0.026;18.58;4.8;10.0
8171;1.65;24.1;24.2;48.4;4.0;61.0;25.49;715.4;0.0;84.0;2.3;0.054;19.03;4.6;22.0
8172;1.53;26.4;27.6;54.1;5.0;85.0;26.85;715.2;0.0;81.0;2.3;0.099;19.43;3.7;61.0
8173;1.62;22.8;32.1;55.0;8.0;78.0;30.11;714.7;0.0;75.0;;0.151;20.58;3.8;76.0
8174;1.62;17.3;31.6;49.2;11.0;85.0;32.98;714.2;0.0;72.0;2.4;0.157;21.18;5.9;104.0
8175;1.35;7.7;17.7;25.7;21.0;85.0;21.39;713.9;0.0;69.0;2.3;0.213;21.72;7.6;66.0
8176;1.27;5.4;16.0;21.5;25.0;48.0;17.85;713.9;0.0;65.0;2.3;0.119;22.23;5.6;61.0
8177;1.28;5.1;17.3;22.7;22.0;53.0;17.78;713.9;0.0;62.0;;0.091;22.51;5.7;90.0
8178;1.26;3.8;16.6;20.7;20.0;49.0;15.16;714.0;0.0;63.0;;0.016;21.93;5.8;93.0
8179;1.66;11.2;30.1;41.5;6.0;41.0;17.98;714.2;0.0;67.0;2.2;0.001;21.05;4.3;58.0
8180;1.59;9.7;27.6;37.5;5.0;54.0;18.72;714.6;0.0;67.0;2.2;0.001;20.68;3.6;119.0
8181;1.94;35.7;27.5;63.4;3.0;46.0;21.72;714.7;0.0;72.0;2.3;0.001;19.55;2.2;244.0
8182;2.39;67.4;29.4;97.1;3.0;63.0;32.33;714.9;0.0;75.0;2.5;0.001;19.23;3.0;273.0
8183;1.91;40.6;26.1;66.9;3.0;100.0;28.67;715.0;0.0;77.0;2.3;0.001;18.94;2.5;267.0
8184;1.95;47.8;25.5;73.5;;81.0;28.24;715.0;0.0;77.0;2.3;0.001;18.78;2.8;251.0
8185;1.83;42.8;24.6;67.6;;80.0;27.17;714.9;0.0;78.0;2.2;0.001;18.42;2.2;272.0
8186;1.66;34.3;23.5;58.0;;73.0;32.55;714.7;0.0;79.0;2.3;0.001;18.45;3.1;315.0
8187;1.29;13.1;21.3;34.7;;92.0;32.13;714.5;0.0;80.0;2.1;0.001;18.64;2.8;310.0
8188;1.26;14.8;20.1;35.2;;71.0;30.77;714.3;0.0;81.0;2.0;0.001;18.49;2.8;36.0
8189;1.2;11.2;17.8;29.3;;63.0;34.24;714.2;0.0;81.0;2.1;0.001;18.31;2.6;60.0
8190;1.14;4.9;15.1;20.1;4.0;72.0;31.06;714.1;0.0;82.0;2.1;0.001;18.21;2.5;55.0
8191;1.17;6.7;14.6;21.5;5.0;70.0;26.83;714.2;0.0;82.0;;0.001;18.12;1.9;67.0
8192;1.54;43.5;19.8;63.5;3.0;57.0;32.09;714.5;0.0;80.0;2.5;0.009;18.04;1.8;239.0
8193;1.61;31.1;21.6;52.9;4.0;88.0;29.36;714.8;0.0;79.0;2.4;0.025;18.53;2.8;359.0
8194;1.81;39.1;23.9;63.2;4.0;83.0;29.97;715.3;0.0;77.0;2.5;0.089;18.98;3.4;5.0
8195;1.64;25.6;22.6;48.3;7.0;91.0;30.84;715.4;0.0;74.0;2.3;0.146;19.51;5.5;343.0
8196;1.38;14.8;19.7;34.7;12.0;100.0;31.7;715.3;0.0;67.0;2.3;0.228;20.51;5.5;359.0
8197;1.37;10.8;18.4;29.4;15.0;85.0;32.01;714.8;0.0;64.0;2.4;0.202;21.01;5.7;10.0
8198;1.26;8.3;15.4;23.9;21.0;86.0;31.71;714.2;0.0;59.0;2.6;0.292;21.88;4.7;341.0
8199;1.21;6.9;14.3;21.4;31.0;73.0;33.08;713.8;0.0;52.0;2.6;0.416;23.97;4.1;350.0
8200;1.36;10.6;30.5;41.2;26.0;78.0;38.92;713.4;0.0;50.0;2.8;0.22;24.04;5.1;26.0
8201;1.53;8.9;34.8;43.9;25.0;96.0;37.85;713.3;0.0;52.0;4.8;0.074;23.56;6.7;75.0
8202;1.63;4.8;36.6;41.6;28.0;109.0;42.62;713.6;0.0;57.0;3.5;0.017;22.32;6.5;78.0
8203;1.74;7.7;36.7;44.5;26.0;104.0;39.58;713.8;0.0;61.0;2.8;0.001;21.52;5.3;73.0
8204;1.8;8.3;41.2;49.7;16.0;98.0;37.53;714.1;0.0;65.0;2.5;0.001;20.59;3.6;144.0
8205;1.95;11.2;46.4;57.8;5.0;86.0;37.93;714.3;0.0;69.0;2.4;0.001;19.58;2.4;312.0
8206;2.39;28.3;54.3;82.8;4.0;87.0;47.42;714.4;0.0;69.0;2.5;0.001;19.37;2.9;238.0
8207;1.97;14.6;47.6;62.4;4.0;117.0;43.76;714.4;0.0;68.0;2.3;0.001;19.16;3.6;232.0
8208;1.82;12.6;41.5;54.3;4.0;99.0;44.95;714.2;0.0;69.0;2.3;0.001;18.59;4.2;219.0
8209;1.81;15.0;40.6;55.9;;109.0;50.78;714.0;0.0;69.0;2.5;0.001;18.34;2.8;195.0
8210;1.65;8.6;35.1;43.9;;118.0;45.25;713.7;0.0;71.0;2.6;0.001;17.63;2.5;237.0
8211;1.52;7.8;33.1;41.1;;102.0;47.14;713.5;0.0;71.0;2.9;0.001;17.25;3.3;241.0
8212;1.43;5.5;28.9;34.6;5.0;106.0;45.01;713.3;0.0;71.0;3.1;0.001;16.67;2.8;235.0
8213;1.44;8.1;27.9;36.2;4.0;101.0;44.93;713.0;0.0;74.0;2.9;0.001;16.09;2.0;278.0
8214;1.41;7.9;25.6;33.7;4.0;91.0;43.84;713.0;0.0;73.0;2.9;0.001;16.41;1.8;230.0
8215;1.89;30.6;29.9;60.7;3.0;101.0;51.53;713.1;0.0;76.0;;0.001;16.93;2.8;241.0
8216;2.05;44.7;31.5;76.5;4.0;117.0;56.68;713.4;0.0;77.0;;0.006;16.67;5.2;213.0
8217;1.72;36.9;31.9;69.0;5.0;143.0;50.04;713.7;0.0;64.0;5.2;0.048;17.04;7.5;230.0
8218;2.03;67.7;37.0;105.0;5.0;134.0;46.89;714.1;0.0;60.0;8.4;0.099;18.1;4.6;227.0
8219;2.03;51.1;38.4;89.7;6.0;148.0;44.31;714.2;0.0;67.0;5.2;0.146;19.44;4.3;297.0
8220;1.52;18.3;29.1;47.6;14.0;131.0;45.75;713.9;0.0;68.0;3.5;0.251;20.04;5.7;17.0
8221;1.57;12.4;26.4;39.0;20.0;97.0;39.99;713.2;0.0;62.0;3.3;0.268;21.27;5.3;53.0
8222;1.46;14.4;30.0;44.6;21.0;95.0;39.99;712.4;0.0;60.0;3.8;0.363;21.53;7.4;27.0
8223;1.46;10.2;29.7;40.1;34.0;100.0;43.36;711.9;0.0;56.0;4.6;0.343;22.34;8.1;47.0
8224;1.5;6.2;29.3;35.8;48.0;103.0;46.44;711.7;0.0;58.0;3.7;0.165;21.88;8.9;57.0
8225;1.53;4.8;27.6;32.7;55.0;110.0;44.27;711.6;0.0;58.0;3.4;0.087;22.06;7.9;55.0
8226;1.48;4.6;25.0;29.9;35.0;108.0;;711.7;0.0;58.0;3.2;0.018;21.66;7.3;69.0
8227;1.67;6.1;35.4;41.7;19.0;76.0;32.31;711.8;0.0;60.0;3.1;0.001;21.15;5.5;25.0
8228;1.86;12.2;47.6;60.1;4.0;77.0;38.06;711.9;0.0;65.0;2.7;0.001;20.04;2.8;342.0
8229;2.27;22.4;53.5;76.1;4.0;91.0;46.04;712.1;0.0;67.0;2.8;0.001;19.61;2.8;293.0
8230;2.31;28.3;49.6;78.1;4.0;112.0;45.76;712.3;0.0;70.0;2.7;0.001;19.16;2.9;292.0
8231;2.24;40.3;46.9;87.4;3.0;116.0;45.46;712.4;0.0;70.0;2.7;0.001;19.35;3.0;243.0
8232;2.11;40.5;45.0;85.7;3.0;116.0;47.63;712.4;0.0;70.0;;0.001;19.33;3.0;332.0
8233;1.8;26.3;41.5;68.0;3.0;122.0;46.37;712.1;0.0;74.0;2.4;0.001;18.7;2.6;317.0
8234;1.41;5.0;22.8;28.0;10.0;115.0;32.29;711.8;0.0;75.0;2.2;0.001;18.94;3.2;341.0
8235;1.48;10.9;26.0;37.1;7.0;70.0;40.46;711.6;0.0;76.0;2.3;0.001;18.74;2.3;238.0
8236;1.72;19.1;37.7;57.1;4.0;92.0;48.19;711.4;0.0;71.0;3.2;0.001;18.54;2.0;244.0
8237;1.71;26.1;34.9;61.1;4.0;113.0;47.2;711.3;0.0;71.0;3.7;0.001;18.49;2.5;221.0
8238;1.39;4.3;25.0;29.5;8.0;120.0;43.31;711.2;0.0;68.0;5.5;0.001;17.86;2.9;198.0
8239;1.37;5.7;26.5;32.4;7.0;91.0;41.68;711.5;0.0;67.0;6.4;0.001;17.52;4.6;205.0
8240;1.48;18.3;29.5;48.0;4.0;94.0;37.57;711.9;0.0;67.0;6.8;0.009;17.2;3.6;218.0
8241;1.62;30.4;31.1;61.6;5.0;87.0;40.19;712.3;0.0;66.0;7.3;0.053;17.65;4.4;226.0
8242;1.71;38.8;32.2;71.2;6.0;106.0;39.81;712.5;0.0;66.0;6.3;0.151;19.53;3.1;297.0
8243;1.7;30.6;25.2;55.9;8.0;119.0;33.47;712.5;0.0;70.0;4.0;0.289;20.39;5.4;15.0
8244;1.52;18.9;25.0;44.0;13.0;102.0;33.51;712.3;0.0;65.0;3.8;0.354;21.44;6.7;61.0
8245;1.52;20.6;30.6;51.4;17.0;100.0;40.1;711.7;0.0;62.0;4.5;0.452;22.04;6.9;52.0
8246;1.62;12.2;32.1;44.5;33.0;109.0;46.67;710.9;0.0;58.0;5.8;0.512;22.96;8.4;59.0
8247;1.6;7.8;29.3;37.3;45.0;113.0;47.21;710.4;0.0;57.0;4.2;0.415;23.51;8.4;66.0
8248;1.48;6.1;22.4;28.8;44.0;110.0;39.67;710.3;0.0;58.0;3.6;0.216;23.6;10.7;50.0
8249;1.42;4.5;21.1;25.9;43.0;93.0;33.32;710.5;0.0;58.0;3.0;0.071;23.37;9.2;46.0
8250;1.5;3.9;27.0;31.1;34.0;81.0;33.83;710.9;0.0;61.0;2.8;0.015;22.45;7.7;54.0
8251;1.49;5.3;27.4;32.8;21.0;72.0;29.42;711.4;0.0;63.0;2.7;0.001;21.64;6.8;48.0
8252;1.56;4.6;32.2;37.0;7.0;67.0;27.77;711.9;0.0;65.0;2.5;0.001;20.87;2.9;306.0
8253;1.68;10.9;37.1;48.2;4.0;69.0;29.5;712.2;0.0;69.0;2.4;0.001;19.97;2.8;209.0
8254;1.52;4.0;32.0;36.2;11.0;76.0;30.57;712.4;0.0;69.0;2.4;0.001;19.72;4.6;214.0
8255;1.58;5.2;34.1;39.5;6.0;67.0;32.1;712.4;0.0;71.0;2.3;0.001;19.17;4.1;213.0
8256;1.61;5.3;31.4;36.9;6.0;75.0;32.77;712.4;0.0;72.0;2.3;0.001;18.8;3.8;233.0
8257;1.64;8.0;30.5;38.7;6.0;75.0;34.44;712.5;0.0;73.0;;0.001;18.56;3.6;213.0
8258;1.78;13.5;33.0;46.7;4.0;74.0;42.06;712.5;0.0;74.0;2.6;0.001;18.3;2.5;294.0
8259;1.95;25.6;33.6;59.3;4.0;101.0;41.66;712.3;0.0;74.0;2.7;0.001;18.46;2.5;203.0
8260;1.88;25.1;32.9;58.2;3.0;96.0;39.94;712.3;0.0;73.0;2.9;0.001;18.86;2.7;139.0
8261;1.63;13.8;29.6;43.6;3.0;90.0;32.35;712.3;0.0;72.0;3.0;0.001;19.11;3.2;198.0
8262;1.62;13.4;32.2;45.8;4.0;76.0;42.95;712.2;0.0;72.0;3.7;0.001;18.35;3.4;218.0
8263;1.55;9.6;29.9;39.8;5.0;102.0;44.15;712.6;0.0;72.0;5.4;0.001;17.53;4.0;217.0
8264;1.42;6.4;26.2;32.8;6.0;98.0;36.19;713.1;0.0;68.0;5.9;0.01;17.87;4.4;205.0
8265;1.48;10.9;24.9;36.0;8.0;86.0;36.36;713.5;0.0;65.0;5.2;0.066;18.71;4.2;222.0
8266;1.44;10.6;22.8;33.6;11.0;100.0;33.25;713.9;0.0;59.0;5.3;0.155;20.34;3.7;206.0
8267;1.55;12.2;27.5;39.9;12.0;89.0;36.27;714.0;0.0;59.0;5.2;0.155;21.09;3.7;163.0
8268;1.47;10.1;23.5;33.8;16.0;95.0;29.33;713.7;0.0;62.0;4.8;0.187;21.59;5.4;89.0
8269;1.39;6.2;12.3;18.8;24.0;82.0;24.48;713.1;0.0;59.0;4.2;0.29;22.18;5.7;2.0
8270;1.26;7.8;17.2;25.3;19.0;60.0;23.84;712.4;0.0;58.0;4.5;0.209;22.81;4.8;89.0
8271;1.24;4.9;13.2;18.3;25.0;66.0;21.28;711.8;0.0;57.0;4.6;0.25;22.91;7.6;129.0
8272;1.18;4.0;10.0;14.2;27.0;56.0;19.51;711.6;0.0;55.0;3.6;0.179;23.13;6.6;117.0
8273;1.26;4.2;14.6;18.9;22.0;47.0;22.07;711.6;0.0;57.0;3.1;0.069;22.65;7.8;118.0
8274;1.29;3.4;15.9;19.5;18.0;51.0;22.95;711.6;0.0;60.0;2.7;0.017;21.66;6.3;115.0
8275;1.29;2.9;15.1;18.2;19.0;48.0;22.57;711.8;0.0;62.0;2.7;0.001;21.04;6.5;106.0
8276;1.26;2.8;13.9;16.9;20.0;54.0;21.65;711.9;0.0;64.0;2.5;0.001;20.66;8.1;109.0
8277;1.22;2.7;11.5;14.4;21.0;47.0;20.54;712.1;0.0;65.0;2.4;0.001;20.43;7.0;104.0
8278;1.24;2.8;13.9;16.8;17.0;50.0;20.11;712.3;0.0;66.0;2.4;0.001;20.17;5.5;67.0
8279;1.25;2.8;15.2;18.2;14.0;47.0;19.01;712.1;0.0;68.0;2.3;0.001;19.7;3.8;59.0
8280;1.25;2.9;15.3;18.3;11.0;44.0;18.08;711.8;0.0;71.0;2.3;0.001;18.83;2.3;351.0
8281;1.26;3.4;15.9;19.5;8.0;42.0;17.07;711.5;0.0;73.0;2.2;0.001;18.72;2.9;301.0
8282;1.34;4.9;22.6;27.7;4.0;38.0;18.84;711.2;0.0;73.0;2.2;0.001;18.82;2.3;224.0
8283;1.34;7.7;23.4;31.2;4.0;47.0;21.92;710.9;0.0;73.0;2.3;0.001;18.13;3.2;212.0
8284;1.27;4.1;21.8;26.2;6.0;51.0;29.89;710.7;0.0;72.0;3.2;0.001;17.11;2.8;212.0
8285;1.17;3.3;14.6;18.0;10.0;75.0;25.96;710.6;0.0;71.0;5.0;0.001;16.79;3.3;243.0
8286;1.16;3.8;17.2;21.1;9.0;64.0;27.23;710.6;0.0;69.0;5.6;0.001;16.76;6.1;218.0
8287;1.26;8.9;20.7;29.8;6.0;78.0;24.87;710.5;0.0;68.0;5.3;0.001;16.49;6.6;215.0
8288;1.45;25.3;24.0;49.5;4.0;68.0;24.84;710.6;0.0;68.0;5.4;0.019;16.32;3.8;243.0
8289;1.71;46.4;25.6;72.2;4.0;75.0;26.61;711.0;0.0;63.0;5.9;0.085;17.74;5.7;213.0
8290;1.64;35.8;28.8;64.8;7.0;87.0;27.82;711.2;0.0;61.0;6.2;0.209;19.69;4.7;236.0
8291;1.4;14.8;20.2;35.2;19.0;99.0;25.18;710.9;0.0;62.0;5.0;0.36;21.7;4.3;10.0
8292;1.41;9.3;23.3;32.8;26.0;71.0;30.46;710.2;0.0;60.0;5.2;0.335;22.0;5.5;33.0
8293;1.66;18.5;39.4;58.1;21.0;83.0;42.89;709.3;0.0;62.0;6.1;0.385;22.04;7.8;50.0
8294;1.61;18.4;40.4;59.0;19.0;125.0;46.74;708.7;0.0;62.0;8.9;0.327;22.08;6.5;64.0
8295;1.66;12.5;39.9;52.6;24.0;120.0;44.7;707.9;0.0;60.0;8.0;0.253;22.49;6.6;74.0
8296;1.65;7.9;33.5;41.6;35.0;108.0;42.2;707.5;0.0;62.0;4.7;0.217;22.53;8.1;68.0
8297;1.61;6.3;31.1;37.6;34.0;108.0;37.01;707.3;0.0;65.0;3.5;0.087;22.13;7.9;44.0
8298;1.69;4.7;32.6;37.5;31.0;105.0;33.23;707.2;0.0;67.0;3.0;0.026;21.75;6.9;46.0
8299;1.78;4.7;37.1;42.0;21.0;99.0;31.16;707.2;0.0;68.0;2.8;0.001;21.12;6.2;65.0
8300;1.48;3.8;25.9;29.9;20.0;83.0;26.19;707.2;0.0;68.0;2.7;0.001;20.58;4.7;67.0
8301;1.78;6.4;43.0;49.7;7.0;69.0;33.07;707.3;0.0;73.0;2.5;0.001;19.54;3.2;263.0
8302;1.85;8.7;45.1;54.0;4.0;93.0;35.89;707.1;0.0;75.0;2.5;0.001;18.98;4.3;216.0
8303;1.87;14.0;41.4;55.6;4.0;90.0;38.91;706.9;0.0;75.0;;0.001;18.57;5.1;218.0
8304;1.89;22.9;42.1;65.2;4.0;106.0;49.49;706.8;0.0;74.0;2.9;0.001;18.07;3.6;260.0
8305;1.7;13.4;37.3;50.9;;144.0;44.68;706.5;0.0;75.0;3.1;0.001;17.59;3.6;229.0
8306;1.53;9.3;35.2;44.8;;117.0;42.47;706.2;0.0;73.0;3.4;0.001;17.5;3.3;270.0
8307;1.41;4.7;30.1;35.0;5.0;150.0;37.18;706.1;0.0;71.0;3.4;0.001;17.12;3.2;244.0
8308;1.35;3.9;26.0;30.0;8.0;108.0;36.37;705.9;0.0;69.0;3.6;0.001;16.76;4.2;232.0
8309;1.34;6.0;29.2;35.4;5.0;105.0;37.61;705.8;0.0;69.0;5.0;0.001;16.11;3.5;218.0
8310;1.35;10.2;30.7;41.2;4.0;110.0;39.15;705.5;0.0;67.0;5.0;0.001;15.84;3.8;190.0
8311;1.43;17.6;28.1;45.9;4.0;110.0;39.24;705.6;0.0;71.0;4.1;0.001;14.77;2.6;242.0
8312;1.9;61.9;31.6;93.8;4.0;123.0;41.41;705.9;0.0;58.0;4.6;0.009;16.28;3.5;190.0
8313;2.06;67.9;34.7;102.9;5.0;196.0;32.59;706.3;0.0;45.0;6.4;0.038;18.93;4.5;207.0
8314;1.85;56.2;45.4;101.8;8.0;134.0;30.53;706.6;0.0;31.0;10.3;0.122;21.81;4.5;257.0
8315;2.06;47.5;63.5;111.2;15.0;146.0;30.75;706.5;0.0;23.0;9.2;0.516;26.89;3.9;81.0
8316;1.59;22.5;40.4;63.1;21.0;147.0;20.93;706.1;0.0;23.0;5.1;0.601;26.7;7.8;90.0
8317;1.6;10.9;35.2;46.3;38.0;86.0;26.18;705.4;0.0;28.0;4.5;0.639;27.59;8.3;97.0
8318;1.21;7.3;20.2;27.8;39.0;96.0;15.39;704.6;0.0;19.0;3.4;0.617;29.35;9.8;75.0
8319;1.18;6.0;20.3;26.6;46.0;62.0;15.05;704.1;0.0;18.0;3.2;0.487;29.93;10.0;77.0
8320;1.14;4.9;16.0;21.2;47.0;67.0;14.65;704.0;0.0;20.0;3.1;0.249;29.93;9.8;86.0
8321;1.16;4.6;18.1;22.9;43.0;59.0;13.92;704.0;0.0;22.0;2.9;0.058;28.83;9.1;98.0
8322;1.32;5.9;27.4;33.5;33.0;47.0;15.01;704.2;0.0;25.0;3.0;0.014;26.37;5.9;97.0
8323;1.8;16.5;48.1;64.8;10.0;57.0;17.07;704.6;0.0;26.0;3.0;0.001;24.48;4.3;35.0
8324;2.25;45.7;54.3;100.2;4.0;64.0;19.89;705.0;0.0;30.0;3.3;0.001;22.98;4.8;299.0
8325;2.84;89.4;56.6;146.2;4.0;89.0;28.62;705.2;0.0;35.0;4.3;0.001;21.96;2.9;207.0
8326;2.67;86.4;53.3;140.0;4.0;112.0;28.1;705.3;0.0;36.0;4.2;0.001;21.13;1.8;248.0
8327;3.07;110.5;55.3;166.1;;105.0;39.76;705.5;0.0;40.0;4.4;0.001;20.47;2.1;245.0
8328;2.18;53.5;49.6;103.3;;141.0;33.28;705.6;0.0;35.0;5.3;0.001;19.86;3.5;212.0
8329;1.83;34.1;45.5;79.7;;112.0;26.48;705.6;0.0;39.0;6.8;0.001;18.9;2.7;227.0
8330;1.52;22.7;32.8;55.8;7.0;91.0;23.85;705.9;0.0;56.0;4.4;0.001;18.67;7.4;112.0
8331;1.12;4.0;18.3;22.4;14.0;89.0;15.83;705.9;0.0;58.0;4.7;0.001;17.26;7.2;125.0
8332;1.1;4.2;17.9;22.3;13.0;73.0;16.86;706.0;0.0;58.0;4.2;0.001;16.57;7.6;105.0
8333;1.08;4.2;21.1;25.5;11.0;88.0;13.96;706.4;0.0;52.0;5.3;0.001;15.97;8.5;113.0
8334;1.13;3.9;21.9;26.1;12.0;75.0;10.99;706.9;0.0;47.0;5.0;0.001;15.38;8.6;112.0
8335;1.16;5.8;27.4;33.5;10.0;63.0;9.5;707.6;0.0;42.0;4.8;0.001;15.04;9.2;102.0
8336;1.32;23.4;36.7;60.3;5.0;66.0;10.21;708.5;0.0;42.0;4.9;0.015;14.81;7.7;132.0
8337;1.45;25.9;32.8;58.9;9.0;77.0;10.12;709.4;0.0;37.0;4.9;0.044;16.49;8.5;113.0
8338;1.22;10.3;18.6;29.2;22.0;79.0;7.91;710.2;0.0;33.0;3.3;0.13;17.52;11.0;55.0
8339;1.05;7.7;12.5;20.4;28.0;71.0;8.65;710.7;0.0;28.0;2.5;0.475;17.86;11.4;23.0
8340;1.05;6.2;9.7;16.1;33.0;104.0;6.6;710.3;0.0;27.0;2.5;0.59;18.27;10.3;13.0
8341;1.06;7.8;14.4;22.4;32.0;73.0;7.33;709.5;0.0;26.0;5.5;0.638;18.96;8.8;63.0
8342;1.04;7.5;16.0;23.6;31.0;66.0;;706.2;0.0;24.0;6.1;0.599;18.24;7.8;66.0
8343;0.57;6.7;17.0;24.0;34.0;62.0;;708.3;0.0;25.0;6.7;0.508;20.34;8.8;87.0
8344;0.57;5.8;18.3;24.3;37.0;61.0;;708.3;0.0;25.0;5.0;0.247;20.71;8.0;83.0
8345;0.62;5.4;23.4;29.1;33.0;61.0;;708.7;0.0;26.0;6.1;0.053;20.32;6.7;62.0
8346;0.9;7.9;38.1;46.3;20.0;62.0;;709.1;0.0;31.0;3.1;0.014;19.09;5.3;136.0
8347;1.14;11.5;44.7;56.3;11.0;65.0;;709.6;0.0;37.0;2.8;0.001;17.48;4.3;144.0
8348;1.05;6.5;39.3;46.0;12.0;64.0;;710.0;0.0;41.0;2.8;0.001;16.61;2.9;158.0
8349;0.89;4.4;30.2;34.8;18.0;61.0;;710.5;0.0;43.0;;0.001;16.39;4.6;86.0
8350;0.95;5.0;40.1;45.3;9.0;61.0;;711.1;0.0;46.0;2.7;0.001;15.94;4.2;56.0
8351;1.0;6.1;36.0;42.3;9.0;68.0;;711.3;0.0;47.0;2.7;0.001;14.96;3.7;270.0
8352;0.86;3.6;25.4;29.2;17.0;57.0;;711.6;0.0;48.0;2.6;0.001;14.61;3.6;110.0
8353;0.85;3.7;26.7;30.6;15.0;52.0;;711.8;0.0;46.0;2.9;0.001;14.76;4.4;148.0
8354;1.15;38.6;40.0;78.8;5.0;55.0;;711.7;0.0;51.0;2.9;0.001;13.62;3.6;335.0
8355;1.17;54.2;40.8;95.2;4.0;112.0;;711.8;0.0;52.0;3.1;0.001;12.8;2.9;252.0
8356;1.21;55.6;39.6;95.5;4.0;125.0;;711.7;0.0;54.0;3.1;0.001;12.72;3.5;312.0
8357;1.17;33.3;36.8;70.3;4.0;116.0;;711.8;0.0;52.0;3.0;0.001;12.7;3.3;282.0
8358;0.89;17.5;34.0;51.7;;92.0;;711.9;0.0;51.0;3.9;0.001;12.17;3.1;291.0
8359;0.98;30.4;34.2;64.8;;67.0;;712.1;0.0;53.0;5.9;0.001;11.48;4.1;227.0
8360;1.48;73.8;35.9;110.0;5.0;69.0;;712.3;0.0;55.0;8.4;0.011;11.44;3.9;228.0
8361;1.57;73.6;38.9;112.8;6.0;132.0;;712.7;0.0;45.0;14.7;0.037;14.23;5.4;211.0
8362;1.36;46.3;45.3;91.8;10.0;147.0;;712.9;0.0;35.0;19.6;0.132;16.96;3.8;18.0
8363;1.43;44.4;51.1;95.7;15.0;109.0;;712.7;0.0;34.0;18.4;0.47;17.52;6.5;38.0
8364;0.98;10.5;25.2;35.9;34.0;112.0;;712.1;0.0;32.0;8.2;0.589;17.92;7.8;51.0
8365;0.85;8.2;16.1;24.6;34.0;70.0;;711.3;0.0;31.0;4.9;0.64;19.0;7.6;28.0
8366;0.81;6.4;13.1;19.8;37.0;55.0;;710.5;0.0;30.0;3.8;0.618;19.93;7.3;53.0
8367;0.82;5.5;11.7;17.4;40.0;46.0;;710.0;0.0;31.0;3.3;0.514;20.6;8.1;72.0
8368;0.82;5.3;12.1;17.7;39.0;47.0;;709.8;0.0;31.0;3.2;0.249;21.25;7.8;83.0
8369;0.83;3.9;11.5;15.6;39.0;43.0;;709.8;0.0;33.0;3.2;0.052;20.66;9.8;117.0
8370;0.93;3.7;17.2;21.1;30.0;50.0;;710.0;0.0;36.0;3.1;0.014;19.36;8.6;111.0
8371;0.97;3.4;19.8;23.5;26.0;48.0;;710.4;0.0;38.0;3.0;0.001;18.45;8.4;108.0
8372;1.01;3.5;22.6;26.2;22.0;48.0;;710.6;0.0;39.0;2.8;0.001;17.92;6.3;104.0
8373;1.08;4.7;28.8;33.7;15.0;47.0;;710.8;0.0;41.0;2.7;0.001;17.24;4.4;72.0
8374;1.09;4.2;27.9;32.3;13.0;50.0;;710.9;0.0;44.0;2.7;0.001;16.13;3.5;75.0
8375;0.98;3.6;20.3;24.0;18.0;45.0;;711.0;0.0;45.0;2.6;0.001;15.93;3.1;46.0
8376;1.05;5.5;30.8;36.6;9.0;38.0;;711.1;0.0;51.0;2.7;0.001;15.15;4.4;329.0
8377;1.07;4.0;30.3;34.5;8.0;53.0;;711.1;0.0;58.0;2.8;0.001;13.89;3.3;247.0
8378;1.27;22.3;36.0;58.5;4.0;61.0;;710.9;0.0;60.0;3.4;0.001;13.02;3.2;224.0
8379;1.21;17.7;35.7;53.7;4.0;74.0;;710.7;0.0;56.0;4.5;0.001;12.68;3.5;245.0
8380;1.2;14.4;33.0;47.6;4.0;84.0;;710.7;0.0;61.0;3.4;0.001;12.11;2.9;255.0
8381;1.06;7.9;33.1;41.2;;76.0;;710.6;0.0;59.0;3.7;0.001;11.59;2.5;239.0
8382;1.05;14.6;32.3;47.1;;77.0;;710.7;0.0;59.0;4.1;0.001;11.54;3.4;255.0
8383;1.17;33.4;31.8;65.3;;103.0;;711.1;0.0;60.0;4.5;0.001;11.23;3.6;251.0
8384;1.39;59.8;35.1;95.1;;87.0;;711.4;0.0;56.0;6.4;0.011;11.44;3.0;271.0
8385;1.51;61.7;36.5;98.5;6.0;120.0;;711.9;0.0;47.0;8.0;0.042;15.31;3.1;283.0
8386;1.73;58.5;41.0;99.7;8.0;119.0;;712.2;0.0;46.0;6.4;0.13;17.2;4.4;306.0
8387;1.49;25.0;33.8;58.9;18.0;114.0;;712.3;0.0;42.0;6.1;0.453;18.37;5.0;25.0
8388;1.29;13.3;27.7;41.2;28.0;113.0;;711.8;0.0;39.0;6.3;0.561;19.71;5.1;338.0
8389;1.35;10.3;27.2;37.7;36.0;92.0;;711.1;0.0;40.0;7.3;0.599;20.65;5.2;13.0
8390;1.18;7.2;19.0;26.5;43.0;92.0;;710.3;0.0;41.0;6.3;0.59;21.56;6.2;35.0
8391;1.14;8.3;24.0;32.5;37.0;;;709.9;0.0;41.0;5.4;0.489;22.1;7.0;54.0
8392;1.11;6.2;20.9;27.3;38.0;83.0;;709.8;0.0;42.0;5.1;0.198;21.98;7.6;39.0
8393;1.18;4.6;24.4;29.2;37.0;83.0;;709.9;0.0;43.0;4.3;0.067;21.21;8.2;94.0
8394;1.32;5.2;35.1;40.5;24.0;89.0;;710.3;0.0;44.0;3.4;0.021;20.52;8.0;77.0
8395;1.32;4.1;31.9;36.1;28.0;78.0;;710.7;0.0;50.0;3.9;0.001;19.83;11.0;79.0
8396;1.35;3.6;32.2;36.0;30.0;78.0;;711.2;0.0;52.0;4.6;0.001;19.24;6.6;112.0
8397;1.21;5.0;28.1;33.3;34.0;75.0;;711.9;0.0;53.0;7.2;0.001;18.95;7.6;41.0
8398;0.94;3.7;16.9;20.8;25.0;74.0;;712.3;0.0;49.0;4.5;0.001;18.12;10.2;7.0
8399;0.86;3.1;14.5;17.8;31.0;52.0;;712.7;0.0;41.0;3.5;0.001;17.29;6.8;46.0
8400;0.89;3.0;16.0;19.2;29.0;72.0;;712.8;0.0;39.0;3.3;0.001;16.26;8.8;73.0
8401;0.9;3.0;20.4;23.6;21.0;58.0;;712.7;0.0;38.0;3.5;0.001;14.99;10.7;80.0
8402;0.82;2.8;10.0;13.0;27.0;57.0;;712.8;0.0;35.0;3.9;0.001;13.76;12.7;60.0
8403;0.82;2.7;13.3;16.2;24.0;72.0;;712.8;0.0;36.0;3.9;0.001;13.67;9.7;75.0
8404;0.8;2.7;15.0;17.9;21.0;86.0;;712.9;0.0;37.0;4.5;0.001;13.57;9.1;118.0
8405;0.83;3.2;19.4;22.7;16.0;55.0;;713.4;0.0;37.0;4.5;0.001;12.86;9.5;62.0
8406;0.79;2.8;14.6;17.6;19.0;62.0;;713.8;0.0;40.0;2.8;0.001;11.84;9.0;58.0
8407;0.86;3.5;19.3;23.1;13.0;52.0;;714.5;0.0;46.0;3.6;0.001;11.09;9.3;75.0
8408;0.89;5.8;21.3;27.4;10.0;54.0;;715.2;0.0;52.0;3.2;0.007;10.08;10.4;59.0
8409;0.88;6.8;18.2;25.2;12.0;49.0;;715.9;0.0;52.0;2.7;0.052;9.64;9.9;43.0
8410;0.96;9.4;18.2;27.9;14.0;49.0;;716.5;0.0;47.0;2.8;0.141;10.04;9.3;59.0
8411;0.89;9.2;14.9;24.3;18.0;60.0;;716.8;0.0;46.0;2.9;0.244;10.58;10.0;38.0
8412;0.98;12.0;15.7;27.9;19.0;58.0;;716.2;0.0;42.0;3.1;0.479;11.78;9.5;51.0
8413;0.97;11.1;14.6;25.9;22.0;56.0;;715.4;0.0;39.0;3.1;0.589;12.35;9.9;37.0
8414;0.96;12.9;18.1;31.4;22.0;61.0;;714.5;0.0;35.0;5.2;0.603;13.27;9.0;61.0
8415;0.93;10.8;22.5;33.6;20.0;64.0;;714.1;0.0;34.0;7.5;0.199;12.93;8.8;44.0
8416;0.89;13.8;25.1;39.1;19.0;61.0;;714.1;0.0;33.0;9.3;0.254;13.5;9.1;44.0
8417;0.98;7.9;24.4;32.5;20.0;62.0;;714.3;0.0;36.0;5.8;0.067;13.4;9.3;51.0
8418;1.01;4.6;20.8;25.7;18.0;63.0;;714.6;0.0;46.0;3.2;0.014;11.84;11.1;66.0
8419;1.04;4.2;24.1;28.5;13.0;65.0;;714.8;0.0;45.0;3.0;0.001;11.52;9.4;74.0
8420;0.97;4.0;19.3;23.5;16.0;50.0;;715.2;0.0;45.0;2.6;0.001;10.89;10.8;75.0
8421;0.85;3.0;11.2;14.5;22.0;49.0;;715.5;0.0;47.0;2.6;0.001;10.39;11.8;101.0
8422;0.81;2.8;8.9;11.9;23.0;42.0;;715.6;0.0;45.0;2.5;0.001;9.88;10.8;107.0
8423;0.79;2.6;8.2;11.0;24.0;39.0;;715.7;0.0;43.0;2.4;0.001;9.53;9.5;104.0
8424;0.82;2.5;8.8;11.6;23.0;35.0;;715.6;0.0;44.0;2.4;0.001;9.69;7.2;86.0
8425;0.8;2.5;8.4;11.1;24.0;32.0;;715.3;0.0;43.0;2.5;0.001;9.78;7.5;45.0
8426;0.77;;7.5;10.2;27.0;42.0;;715.2;0.0;38.0;2.4;0.001;9.83;7.5;59.0
8427;0.76;2.4;6.1;8.8;26.0;30.0;;715.1;0.0;42.0;2.4;0.001;9.61;6.4;73.0
8428;0.76;2.4;7.6;10.2;24.0;32.0;;715.0;0.0;43.0;2.7;0.001;9.53;6.4;45.0
8429;0.74;2.5;11.3;14.0;23.0;33.0;;714.8;0.0;37.0;3.6;0.001;9.64;6.8;41.0
8430;0.73;2.4;8.6;11.2;25.0;31.0;;714.9;0.0;36.0;2.8;0.001;9.52;7.5;38.0
8431;0.76;2.5;9.5;12.2;24.0;28.0;;715.1;0.0;38.0;2.3;0.001;9.28;8.7;49.0
8432;0.77;2.6;10.0;12.8;23.0;33.0;;715.5;0.0;42.0;2.2;0.005;8.96;9.1;52.0
8433;0.78;2.6;6.7;9.5;27.0;32.0;;715.9;0.0;53.0;2.3;0.024;9.0;9.5;93.0
8434;0.8;2.8;6.8;9.8;27.0;38.0;;716.3;0.0;59.0;2.3;0.057;8.66;9.4;80.0
8435;0.83;3.1;8.2;11.5;25.0;40.0;;716.3;0.0;66.0;;0.07;8.18;7.9;56.0
8436;0.91;6.7;18.2;25.2;17.0;38.0;;715.9;0.0;71.0;3.4;0.069;7.82;6.0;43.0
8437;1.0;6.8;19.7;26.8;15.0;53.0;;715.3;0.0;82.0;2.7;0.07;6.98;4.0;357.0
8438;1.12;14.0;24.2;38.5;11.0;46.0;;714.5;0.0;85.0;2.6;0.079;7.34;3.4;55.0
8439;1.3;21.1;31.4;52.7;7.0;43.0;;713.8;0.0;86.0;2.6;0.052;7.86;4.8;58.0
8440;;;;;;;;;;;;0.0;;;
8441;1.19;17.5;32.6;50.2;5.0;67.0;;713.5;0.0;88.0;4.7;0.016;8.11;6.2;51.0
8442;1.19;11.6;32.5;44.4;4.0;59.0;;713.7;0.0;89.0;3.8;0.002;8.38;3.3;9.0
8443;1.25;12.1;32.0;44.4;4.0;48.0;;713.8;0.0;89.0;3.1;0.001;8.67;2.9;16.0
8444;1.19;4.6;27.1;31.8;7.0;40.0;;714.1;0.0;89.0;2.8;0.001;8.84;3.2;51.0
8445;1.11;3.1;18.9;22.2;12.0;34.0;;714.1;0.0;90.0;2.8;0.001;8.9;3.0;41.0
8446;1.13;7.6;24.9;32.7;6.0;30.0;;714.0;0.0;90.0;3.4;0.001;9.04;3.5;27.0
8447;1.06;5.7;27.0;33.0;5.0;45.0;;713.9;0.0;90.0;6.2;0.001;9.18;4.0;31.0
8448;1.05;4.5;26.1;30.8;5.0;48.0;;713.5;0.0;91.0;11.0;0.001;9.15;2.1;78.0
8449;1.1;5.4;27.4;33.0;3.0;50.0;;713.1;0.0;91.0;10.6;0.001;9.33;1.8;191.0
8450;1.17;10.9;26.4;37.5;3.0;56.0;;712.8;0.0;92.0;6.4;0.001;9.63;2.1;240.0
8451;1.23;12.2;24.9;37.3;3.0;44.0;;712.7;0.0;92.0;4.8;0.001;9.87;1.7;284.0
8452;1.34;7.4;24.1;31.7;;47.0;;712.7;0.0;92.0;3.9;0.001;10.13;1.8;318.0
8453;1.27;9.7;22.4;32.4;;49.0;;712.7;0.0;92.0;3.6;0.001;10.34;2.0;314.0
8454;1.21;9.5;19.8;29.6;;51.0;;712.7;0.0;92.0;3.3;0.001;10.58;1.9;166.0
8455;1.23;14.6;19.1;34.0;4.0;58.0;;713.0;0.0;91.0;3.2;0.001;10.77;2.8;225.0
8456;1.3;25.2;19.5;44.9;3.0;57.0;;713.4;0.0;88.0;3.5;0.01;11.18;3.5;210.0
8457;1.45;41.8;21.4;63.5;4.0;61.0;;713.8;0.0;82.0;3.8;0.052;12.28;3.5;211.0
8458;1.51;39.2;23.4;62.8;5.0;69.0;;714.0;0.0;75.0;4.2;0.148;13.86;2.0;358.0
8459;1.75;50.7;29.0;80.0;7.0;75.0;6.0;713.9;0.0;70.0;3.8;0.398;15.72;4.9;32.0
8460;1.56;27.6;29.1;56.8;12.0;101.0;47.0;713.4;0.0;66.0;3.7;0.519;16.83;5.6;59.0
8461;1.4;19.7;27.0;46.9;17.0;85.0;46.0;712.7;0.0;62.0;3.9;0.595;17.93;5.7;27.0
8462;1.64;33.5;40.6;74.4;15.0;82.0;61.0;712.0;0.0;60.0;7.5;0.55;18.69;8.5;56.0
8463;1.39;16.2;33.1;49.5;22.0;127.0;53.0;711.7;0.0;59.0;7.6;0.454;19.11;8.9;57.0
8464;1.41;10.7;33.4;44.3;26.0;117.0;50.0;711.7;0.0;58.0;5.3;0.234;19.42;8.6;67.0
8465;1.38;10.8;37.4;48.4;20.0;108.0;44.0;712.1;0.0;61.0;6.2;0.069;19.06;8.9;59.0
8466;1.52;5.5;41.1;46.8;20.0;109.0;32.0;712.6;0.0;72.0;6.0;0.017;17.1;6.4;84.0
8467;1.79;24.1;37.5;61.8;5.0;98.0;35.0;713.3;0.0;78.0;5.7;0.001;15.64;4.5;67.0
8468;2.26;67.9;28.7;96.8;4.0;93.0;51.0;714.0;0.0;81.0;4.5;0.001;14.34;4.4;55.0
8469;2.03;95.6;26.0;121.9;4.0;104.0;69.0;714.7;0.0;85.0;5.1;0.001;13.2;5.0;59.0
8470;1.96;81.4;25.4;107.1;3.0;130.0;90.0;715.3;0.0;88.0;5.8;0.001;12.54;2.9;86.0
8471;2.07;77.0;20.1;97.5;3.0;135.0;72.0;715.6;0.0;89.0;4.6;0.001;12.13;1.8;60.0
8472;2.0;76.8;18.1;95.2;3.0;108.0;65.0;715.9;0.0;90.0;3.9;0.001;11.9;1.9;291.0
8473;2.21;92.4;18.8;111.6;;105.0;78.0;715.9;0.0;90.0;3.8;0.001;11.64;1.9;272.0
8474;2.15;73.7;18.9;93.0;;117.0;65.0;716.1;0.0;89.0;3.4;0.001;11.2;1.8;246.0
8475;1.89;66.0;20.1;86.4;4.0;93.0;52.0;716.0;0.0;87.0;3.2;0.001;10.96;1.9;290.0
8476;1.76;71.5;24.1;95.9;4.0;112.0;65.0;716.2;0.0;85.0;3.3;0.001;10.94;2.0;243.0
8477;1.46;44.4;30.9;75.6;4.0;204.0;61.0;716.4;0.0;73.0;3.3;0.001;11.81;2.8;306.0
8478;1.19;16.9;32.5;49.6;;141.0;40.0;716.7;0.0;64.0;3.9;0.001;12.4;4.6;263.0
8479;1.19;18.5;30.9;49.6;;89.0;30.0;717.1;0.0;60.0;5.2;0.001;12.56;3.5;303.0
8480;1.33;34.4;31.0;65.6;;73.0;26.0;717.5;0.0;60.0;5.3;0.01;12.3;3.7;253.0
8481;1.51;44.2;31.8;76.3;5.0;73.0;29.0;717.9;0.0;49.0;6.0;0.036;15.56;4.8;219.0
8482;1.66;35.1;34.2;69.5;8.0;88.0;29.0;718.5;0.0;40.0;7.0;0.126;18.46;5.1;211.0
8483;1.33;15.7;25.9;41.9;19.0;97.0;24.0;718.6;0.0;31.0;5.4;0.479;20.97;2.9;7.0
8484;1.53;32.9;42.7;75.8;18.0;77.0;31.0;718.3;0.0;29.0;10.2;0.569;21.51;5.1;35.0
8485;1.24;21.4;33.4;55.0;23.0;87.0;36.0;717.8;0.0;26.0;13.6;0.622;21.48;8.0;50.0
8486;1.01;8.5;20.3;29.1;32.0;94.0;20.0;717.0;0.0;27.0;4.9;0.661;22.01;9.4;53.0
8487;0.94;7.2;18.2;25.6;33.0;71.0;15.0;716.5;0.0;25.0;5.1;0.488;22.24;9.6;52.0
8488;1.03;5.4;19.0;24.6;40.0;54.0;16.0;716.3;0.0;30.0;4.7;0.259;22.09;10.6;66.0
8489;1.09;5.2;20.2;25.6;32.0;59.0;15.0;716.5;0.0;39.0;5.3;0.068;20.43;12.1;71.0
8490;1.0;3.7;15.0;18.9;27.0;56.0;12.0;716.7;0.0;43.0;3.8;0.02;18.8;11.6;106.0
8491;1.06;3.7;17.2;21.1;23.0;46.0;10.0;717.0;0.0;47.0;3.3;0.001;17.55;10.1;99.0
8492;1.0;3.4;15.1;18.8;23.0;37.0;9.0;717.4;0.0;49.0;2.9;0.001;16.67;10.6;102.0
8493;1.0;3.6;15.9;19.7;21.0;35.0;11.0;717.7;0.0;53.0;2.9;0.001;15.96;9.4;92.0
8494;0.96;3.4;14.9;18.5;22.0;41.0;12.0;718.0;0.0;55.0;2.8;0.001;15.09;7.5;89.0
8495;0.92;3.0;11.6;14.8;25.0;35.0;11.0;718.0;0.0;60.0;2.9;0.001;14.27;7.6;88.0
8496;0.97;3.0;15.3;18.6;19.0;35.0;14.0;717.7;0.0;72.0;4.1;0.001;12.7;7.8;25.0
8497;0.95;3.0;10.8;14.0;19.0;33.0;14.0;717.3;0.0;78.0;3.0;0.001;11.57;7.3;33.0
8498;0.93;3.0;8.7;11.9;17.0;39.0;16.0;717.0;0.0;82.0;2.8;0.001;10.76;6.5;28.0
8499;0.92;2.9;7.7;10.8;16.0;37.0;19.0;716.8;0.0;84.0;2.6;0.001;10.47;8.6;48.0
8500;0.92;2.7;6.6;9.6;15.0;35.0;16.0;716.6;0.0;85.0;2.5;0.001;9.95;9.0;48.0
8501;0.9;2.7;6.4;9.3;14.0;28.0;12.0;716.5;0.0;86.0;2.5;0.001;9.36;9.9;46.0
8502;0.91;3.0;8.7;11.9;11.0;24.0;9.0;716.5;0.0;87.0;2.4;0.001;9.12;8.9;53.0
8503;0.98;5.2;14.7;20.1;7.0;25.0;8.0;716.3;0.0;85.0;2.4;0.001;9.43;7.7;46.0
8504;1.03;6.6;15.2;22.0;6.0;27.0;8.0;716.4;0.0;86.0;2.2;0.004;9.2;8.1;46.0
8505;1.14;11.9;16.4;28.6;6.0;24.0;9.0;716.4;0.0;86.0;2.4;0.02;9.25;6.3;47.0
8506;1.26;20.3;17.8;38.4;5.0;31.0;10.0;716.5;0.0;87.0;2.4;0.04;9.45;5.4;34.0
8507;1.24;17.2;17.3;34.8;6.0;33.0;11.0;716.1;0.0;86.0;2.3;0.064;9.91;5.6;42.0
8508;1.16;14.9;17.9;33.1;9.0;41.0;12.0;715.4;0.0;79.0;2.5;0.138;10.91;5.3;20.0
8509;1.18;13.6;19.7;33.6;12.0;34.0;14.0;714.5;0.0;75.0;2.5;0.166;11.41;7.7;39.0
8510;1.17;10.6;18.4;29.3;12.0;41.0;14.0;713.6;0.0;77.0;2.4;0.112;11.17;8.0;56.0
8511;1.24;14.2;21.9;36.3;8.0;40.0;20.0;713.2;0.0;79.0;2.7;0.073;11.03;6.6;63.0
8512;1.29;18.0;24.8;43.0;5.0;45.0;28.0;713.0;0.0;80.0;3.0;0.027;10.9;5.9;59.0
8513;1.37;22.7;25.0;47.8;5.0;59.0;30.0;712.8;0.0;79.0;3.3;0.036;11.01;6.6;49.0
8514;1.51;30.9;26.4;57.5;4.0;67.0;37.0;712.9;0.0;79.0;3.8;0.005;11.12;5.3;32.0
8515;1.6;33.5;25.1;58.8;4.0;76.0;25.0;713.0;0.0;81.0;3.3;0.001;11.04;4.3;55.0
8516;1.58;39.9;24.8;64.9;4.0;58.0;33.0;713.4;0.0;82.0;3.3;0.001;10.97;2.8;42.0
8517;1.66;44.0;24.7;68.9;;64.0;37.0;713.3;0.0;82.0;3.4;0.001;11.06;2.5;45.0
8518;1.63;39.9;22.3;62.5;;67.0;28.0;713.0;0.0;80.0;3.1;0.001;11.2;4.2;107.0
8519;1.5;28.3;21.3;49.8;;52.0;29.0;712.8;0.0;82.0;2.9;0.001;11.11;3.3;83.0
8520;1.33;16.6;20.1;36.9;;58.0;25.0;712.4;0.0;81.0;2.7;0.001;11.11;2.0;129.0
8521;1.03;3.5;13.1;16.8;9.0;46.0;18.0;712.1;0.0;77.0;2.5;0.001;11.18;1.8;197.0
8522;1.17;9.4;19.6;29.2;5.0;35.0;23.0;711.9;0.0;77.0;2.6;0.001;11.31;3.2;289.0
8523;1.29;17.9;25.4;43.5;4.0;48.0;42.0;711.5;0.0;77.0;2.7;0.001;11.15;3.9;256.0
8524;1.33;31.6;27.0;58.7;4.0;82.0;69.0;711.2;0.0;79.0;2.8;0.001;10.12;3.4;247.0
8525;1.34;30.2;23.5;53.9;3.0;131.0;72.0;711.3;0.0;82.0;2.6;0.001;9.55;2.1;240.0
8526;1.38;37.6;22.7;60.5;3.0;123.0;73.0;711.3;0.0;84.0;2.6;0.001;9.03;2.5;236.0
8527;1.51;54.0;21.7;76.0;4.0;109.0;70.0;711.1;0.0;84.0;2.8;0.001;8.84;3.0;244.0
8528;1.68;70.4;22.2;92.9;4.0;105.0;74.0;711.1;0.0;83.0;2.9;0.01;8.99;3.5;254.0
8529;1.94;88.4;27.3;116.0;4.0;125.0;70.0;711.3;0.0;68.0;3.4;0.042;12.6;2.7;284.0
8530;2.05;92.0;40.0;132.3;6.0;126.0;73.5;711.5;0.0;54.0;4.7;0.113;15.69;4.6;20.0
8531;1.89;60.3;45.8;106.4;10.0;146.0;74.49;711.4;0.0;41.0;6.0;0.45;18.97;4.0;52.0
8532;2.05;58.2;59.5;117.9;13.0;144.0;78.45;710.9;0.0;34.0;7.5;0.576;21.4;4.3;78.0
8533;1.59;23.3;44.7;68.2;24.0;137.0;50.02;710.3;0.0;29.0;4.8;0.648;22.76;7.0;96.0
8534;1.58;13.2;44.3;57.7;37.0;92.0;52.49;709.6;0.0;29.0;4.1;0.61;24.26;7.8;76.0
8535;1.48;10.7;42.3;53.3;42.0;112.0;48.69;709.4;0.0;25.0;3.5;0.507;25.37;8.3;66.0
8536;1.35;6.8;28.9;35.9;39.0;105.0;35.08;709.5;0.0;32.0;3.6;0.251;25.53;8.5;94.0
8537;1.51;9.6;40.0;49.8;26.0;88.0;26.9;709.7;0.0;32.0;3.5;0.056;25.55;7.2;35.0
8538;1.65;7.9;48.9;57.0;22.0;83.0;30.78;710.4;0.0;38.0;4.7;0.014;23.08;8.9;41.0
8539;1.54;3.7;48.0;51.9;42.0;90.0;45.4;711.5;0.0;48.0;11.7;0.001;20.73;10.1;43.0
8540;1.39;3.6;33.9;37.7;33.0;112.0;37.06;712.8;0.0;50.0;9.6;0.001;19.7;9.7;56.0
8541;1.32;5.9;28.5;34.5;20.0;80.0;27.75;714.5;0.0;56.0;6.3;0.001;18.39;12.6;31.0
8542;1.0;4.3;15.5;20.0;21.0;77.0;17.16;715.8;0.0;64.0;4.2;0.001;16.52;14.6;14.0
8543;0.99;3.3;10.9;14.5;23.0;75.0;21.92;717.0;0.0;66.0;3.4;0.001;14.31;13.2;11.0
8544;0.99;3.5;9.8;13.6;12.0;136.0;22.99;718.0;0.0;59.0;2.7;0.001;9.46;16.2;50.0
8545;0.83;4.4;11.8;16.4;9.0;178.0;17.12;718.7;0.0;56.0;2.6;0.001;7.11;14.6;72.0
8546;0.81;3.1;7.7;11.0;13.0;117.0;14.24;719.7;0.0;56.0;2.2;0.001;4.8;13.9;36.0
8547;0.76;3.0;8.3;11.5;13.0;89.0;12.46;720.6;0.0;61.0;2.2;0.001;2.73;13.6;52.0
8548;0.74;2.8;7.2;10.3;15.0;74.0;10.64;721.5;0.0;64.0;;0.001;0.54;13.1;56.0
8549;0.77;3.0;10.0;13.2;13.0;63.0;10.83;722.0;0.0;73.0;;0.001;-0.88;11.5;58.0
8550;0.78;3.0;10.7;14.0;13.0;56.0;11.22;722.4;0.0;70.0;;0.001;-1.4;10.8;45.0
8551;0.83;4.3;15.0;19.5;9.0;62.0;12.11;722.7;0.0;69.0;2.4;0.001;-1.89;10.3;59.0
8552;0.88;5.7;16.7;22.6;8.0;68.0;12.1;723.1;0.0;65.0;2.6;0.005;-1.82;9.3;50.0
8553;0.95;11.3;19.1;30.7;7.0;76.0;13.64;723.5;0.0;63.0;2.8;0.032;-1.79;9.5;54.0
8554;1.05;14.1;18.7;33.1;8.0;85.0;15.55;724.0;0.0;58.0;3.2;0.071;-1.75;9.2;64.0
8555;0.98;13.8;17.5;31.6;10.0;89.0;17.54;724.1;0.0;56.0;3.1;0.109;-1.37;8.8;46.0
8556;0.95;10.7;15.3;26.2;12.0;90.0;19.85;723.7;0.0;56.0;2.8;0.137;-0.89;6.5;26.0
8557;0.99;11.9;16.3;28.4;13.0;87.0;21.79;723.0;0.0;54.0;2.9;0.169;-0.17;5.5;37.0
8558;0.98;10.4;15.6;26.3;15.0;91.0;21.7;722.1;0.0;50.0;2.8;0.178;0.32;6.2;10.0
8559;0.98;8.5;14.5;23.2;17.0;86.0;19.56;721.7;0.0;46.0;3.1;0.169;0.79;6.2;9.0
8560;0.97;13.4;20.4;34.1;12.0;84.0;19.3;721.5;0.0;40.0;5.9;0.136;1.12;7.7;63.0
8561;0.9;10.6;21.7;32.5;11.0;77.0;19.06;721.6;0.0;38.0;6.8;0.074;0.94;6.4;88.0
8562;0.93;5.6;21.6;27.4;11.0;73.0;17.24;721.7;0.0;39.0;3.6;0.017;0.87;7.2;99.0
8563;0.94;3.5;20.6;24.3;12.0;65.0;20.08;721.9;0.0;46.0;2.8;0.001;0.93;7.1;105.0
8564;1.02;6.2;22.9;29.4;7.0;65.0;30.02;722.1;0.0;57.0;2.9;0.001;0.66;9.2;74.0
8565;1.01;8.9;23.3;32.4;6.0;78.0;25.76;722.6;0.0;59.0;4.6;0.001;0.17;9.5;51.0
8566;0.97;8.6;22.7;31.4;6.0;69.0;26.89;723.1;0.0;62.0;6.9;0.001;-0.3;8.5;58.0
8567;0.91;6.0;21.1;27.4;7.0;65.0;24.3;723.2;0.0;60.0;8.4;0.001;-0.34;7.6;62.0
8568;0.86;3.8;17.1;21.0;10.0;63.0;20.29;723.0;0.0;57.0;6.4;0.001;-0.58;9.1;71.0
8569;0.78;2.7;10.8;13.7;16.0;55.0;13.11;722.8;0.0;48.0;4.2;0.001;-0.98;8.3;84.0
8570;0.75;3.0;11.9;15.0;16.0;42.0;12.5;722.9;0.0;44.0;5.1;0.001;-1.1;7.1;64.0
8571;0.77;3.2;18.7;22.1;10.0;43.0;14.81;722.8;0.0;43.0;5.3;0.001;-1.12;5.9;50.0
8572;0.77;3.1;17.2;20.4;12.0;56.0;14.16;722.8;0.0;41.0;4.1;0.001;-1.24;6.7;47.0
8573;0.77;2.4;13.9;16.5;14.0;50.0;9.77;722.6;0.0;38.0;3.9;0.001;-1.17;5.6;29.0
8574;0.88;2.5;10.7;13.3;19.0;42.0;7.78;722.7;0.0;31.0;4.0;0.001;-1.09;6.5;19.0
8575;0.8;2.9;14.2;17.3;17.0;36.0;6.98;722.7;0.0;28.0;4.1;0.001;-1.08;6.4;38.0
8576;0.81;4.1;20.1;24.4;12.0;47.0;8.58;722.7;0.0;29.0;5.8;0.01;-1.06;6.6;45.0
8577;0.82;7.7;18.9;26.9;13.0;50.0;10.87;722.9;0.0;28.0;8.5;0.066;-0.8;7.3;35.0
8578;0.85;12.9;19.5;32.7;13.0;55.0;11.41;723.1;0.0;27.0;11.9;0.157;-0.38;6.5;33.0
8579;0.88;17.5;21.1;38.8;14.0;57.0;14.14;723.2;0.0;26.0;9.3;0.245;0.64;6.5;60.0
8580;0.92;20.6;21.5;42.4;14.0;69.0;18.33;722.8;0.0;27.0;11.6;0.345;1.76;6.5;63.0
8581;0.95;21.3;19.9;41.4;17.0;82.0;20.63;722.1;0.0;29.0;12.5;0.631;3.11;7.3;41.0
8582;0.93;15.4;18.3;34.0;20.0;86.0;23.01;721.0;0.0;31.0;9.0;0.622;4.0;7.2;38.0
8583;0.97;13.7;19.4;33.4;21.0;81.0;23.46;720.4;0.0;30.0;7.2;0.508;4.69;7.9;22.0
8584;0.98;11.0;21.7;32.9;23.0;75.0;27.24;720.1;0.0;30.0;6.6;0.255;5.52;7.9;68.0
8585;0.99;11.5;28.6;40.3;18.0;80.0;30.26;720.0;0.0;30.0;7.0;0.065;5.51;6.8;60.0
8586;1.0;4.3;24.4;28.8;22.0;73.0;31.51;719.8;0.0;33.0;3.4;0.017;4.73;7.8;58.0
8587;0.97;3.0;21.5;24.7;23.0;77.0;26.49;719.9;0.0;36.0;6.8;0.001;4.14;8.4;73.0
8588;0.91;2.6;15.9;18.7;23.0;71.0;25.15;720.0;0.0;43.0;7.3;0.001;3.57;8.3;107.0
8589;0.88;2.6;12.2;15.0;23.0;59.0;25.0;720.2;0.0;44.0;4.5;0.001;2.88;9.1;100.0
8590;0.87;2.7;11.7;14.6;22.0;50.0;25.87;720.2;0.0;45.0;4.0;0.001;2.49;8.5;65.0
8591;0.93;3.2;18.7;22.1;16.0;57.0;27.75;720.5;0.0;42.0;3.7;0.001;1.87;6.8;31.0
8592;0.97;3.3;24.9;28.3;12.0;51.0;35.65;720.6;0.0;36.0;4.2;0.001;1.26;5.5;343.0
8593;1.07;3.4;27.2;30.7;9.0;67.0;47.58;720.4;0.0;36.0;3.3;0.001;0.89;5.5;329.0
8594;1.04;2.8;22.6;25.5;12.0;76.0;50.02;720.3;0.0;37.0;2.8;0.001;0.24;3.7;341.0
8595;1.49;11.1;28.7;40.0;7.0;79.0;;720.2;0.0;41.0;3.2;0.001;-0.07;3.2;46.0
8596;1.44;9.2;29.2;38.5;6.0;115.0;111.86;719.9;0.0;43.0;3.2;0.001;-0.64;2.2;8.0
8597;1.43;8.2;28.5;36.8;6.0;122.0;110.96;719.8;0.0;44.0;;0.001;-0.97;1.9;328.0
8598;1.42;8.3;27.4;35.9;5.0;112.0;100.33;719.9;0.0;45.0;3.1;0.001;-0.68;2.4;357.0
8599;1.45;10.3;26.8;37.3;5.0;101.0;;720.0;0.0;45.0;3.1;0.001;-0.65;2.5;247.0
8600;1.52;18.7;26.8;45.8;5.0;101.0;85.2;720.3;0.0;50.0;;0.009;-0.42;2.2;272.0
8601;1.47;20.1;24.9;45.1;8.0;97.0;96.32;721.1;0.0;40.0;4.1;0.041;3.31;2.5;28.0
8602;1.37;16.2;22.8;39.3;14.0;103.0;93.8;721.4;0.0;34.0;7.8;0.103;5.01;4.3;41.0
8603;1.35;19.5;26.4;46.0;18.0;112.0;90.57;721.2;0.0;32.0;8.4;0.432;6.22;5.6;43.0
8604;1.49;46.6;41.7;88.5;15.0;112.0;109.64;720.6;0.0;30.0;15.8;0.543;7.17;7.5;62.0
8605;0.97;15.1;23.7;39.0;24.0;148.0;45.73;719.8;0.0;26.0;7.6;0.622;8.24;7.4;35.0
8606;0.93;11.4;21.3;32.9;28.0;72.0;39.07;719.0;0.0;24.0;7.3;0.608;9.29;8.2;80.0
8607;0.93;9.9;21.8;31.9;30.0;69.0;36.56;718.6;0.0;23.0;6.8;0.519;10.22;8.4;73.0
8608;0.94;6.8;20.6;27.6;33.0;62.0;36.19;718.3;0.0;22.0;5.5;0.258;11.29;5.7;64.0
8609;1.03;4.1;19.4;23.8;42.0;68.0;54.37;717.8;0.0;24.0;4.0;0.067;11.05;6.6;70.0
8610;1.0;3.0;18.9;22.0;39.0;80.0;42.43;717.6;0.0;27.0;4.1;0.017;10.1;6.5;59.0
8611;1.1;2.8;25.4;28.4;34.0;68.0;48.45;717.6;0.0;32.0;7.4;0.001;8.97;7.0;58.0
8612;1.13;2.8;25.9;28.8;28.0;72.0;50.17;717.9;0.0;34.0;7.0;0.001;7.66;4.9;31.0
8613;1.21;3.3;34.4;37.9;13.0;73.0;51.29;718.0;0.0;37.0;4.9;0.001;6.39;3.5;298.0
8614;1.18;6.0;39.1;45.4;5.0;73.0;41.36;718.0;0.0;36.0;4.2;0.001;5.48;3.3;251.0
8615;1.32;24.6;39.4;64.2;4.0;69.0;39.55;717.6;0.0;40.0;3.9;0.001;5.26;3.2;225.0
8616;1.37;26.2;40.7;67.1;4.0;63.0;49.05;717.0;0.0;46.0;4.0;0.001;4.55;2.6;237.0
8617;1.36;13.7;39.9;53.8;4.0;69.0;58.27;716.7;0.0;45.0;3.8;0.001;4.52;3.1;243.0
8618;1.5;22.7;40.0;62.9;;76.0;64.05;716.4;0.0;46.0;3.7;0.001;4.46;3.3;249.0
8619;1.49;24.9;41.7;66.8;;85.0;76.25;716.1;0.0;48.0;4.0;0.001;4.06;3.5;224.0
8620;1.34;12.7;40.5;53.5;5.0;105.0;73.33;715.9;0.0;46.0;5.4;0.001;4.17;3.5;313.0
8621;1.32;9.4;40.1;49.6;5.0;113.0;78.9;715.7;0.0;44.0;7.5;0.001;4.53;4.2;265.0
8622;1.19;6.1;39.4;45.7;5.0;136.0;75.94;715.5;0.0;43.0;6.8;0.001;4.75;3.4;250.0
8623;1.24;16.9;38.7;55.9;;136.0;70.2;715.4;0.0;45.0;6.1;0.001;4.83;3.8;240.0
8624;1.69;63.1;37.6;101.0;4.0;129.0;66.86;715.5;0.0;50.0;4.9;0.009;4.36;3.2;306.0
8625;1.9;90.9;39.3;130.5;5.0;128.0;63.09;716.1;0.0;41.0;5.2;0.038;8.29;3.4;26.0
8626;1.45;42.1;35.8;78.1;10.0;120.0;48.21;716.1;0.0;32.0;5.3;0.102;12.4;4.4;191.0
8627;1.29;25.0;33.8;59.0;17.0;87.0;46.93;716.0;0.0;27.0;5.1;0.45;15.25;4.3;29.0
8628;1.4;26.6;39.2;66.0;19.0;86.0;53.81;715.4;0.0;24.0;5.9;0.574;16.78;5.8;82.0
8629;1.44;38.3;49.6;88.1;18.0;92.0;70.9;715.1;0.0;23.0;11.4;0.63;18.2;6.7;57.0
8630;1.34;19.9;43.9;64.1;28.0;105.0;66.25;714.7;0.0;22.0;8.7;0.604;19.36;7.2;77.0
8631;1.34;9.3;36.5;46.0;40.0;106.0;61.03;714.4;0.0;21.0;4.4;0.515;20.89;6.7;93.0
8632;1.3;10.2;37.7;48.1;35.0;98.0;49.4;714.5;0.0;20.0;5.7;0.255;21.66;7.6;60.0
8633;1.22;5.9;34.0;40.1;38.0;98.0;42.52;714.8;0.0;21.0;5.1;0.068;21.36;6.5;73.0
8634;1.53;13.8;49.6;63.7;17.0;90.0;36.23;715.3;0.0;26.0;4.3;0.017;18.82;4.0;208.0
8635;1.8;20.5;56.8;77.4;10.0;81.0;37.25;716.1;0.0;32.0;5.1;0.001;16.6;5.1;27.0
8636;1.43;8.6;54.9;63.7;12.0;88.0;35.43;717.1;0.0;34.0;8.7;0.001;16.9;7.6;20.0
8637;1.39;4.4;36.9;41.5;12.0;86.0;22.07;718.0;0.0;35.0;5.4;0.001;15.0;5.2;319.0
8638;1.66;9.5;43.5;53.3;5.0;66.0;21.85;718.4;0.0;40.0;5.3;0.001;13.38;3.1;183.0
8639;1.69;21.7;44.2;66.1;4.0;62.0;23.56;718.8;0.0;37.0;5.0;0.001;12.6;3.0;218.0
8640;1.29;9.6;41.8;51.6;4.0;69.0;20.81;719.0;0.0;36.0;5.2;0.001;12.04;3.8;167.0
8641;1.28;11.5;39.4;51.1;5.0;61.0;20.99;718.7;0.0;34.0;4.4;0.001;11.91;4.3;145.0
8642;0.97;3.1;22.1;25.4;16.0;54.0;14.07;718.7;0.0;31.0;3.4;0.001;11.57;4.5;173.0
8643;0.87;2.9;16.3;19.4;19.0;40.0;10.99;718.5;0.0;32.0;3.3;0.001;10.46;3.3;218.0
8644;0.86;2.9;16.5;19.5;18.0;35.0;10.63;718.4;0.0;37.0;3.5;0.001;9.69;3.7;247.0
8645;1.04;3.5;31.6;35.2;8.0;36.0;26.12;718.3;0.0;44.0;7.1;0.001;8.94;3.5;225.0
8646;1.07;6.3;36.5;43.0;5.0;67.0;36.53;718.3;0.0;45.0;10.1;0.001;8.57;4.1;238.0
8647;1.1;10.0;31.9;42.2;6.0;88.0;30.33;718.4;0.0;48.0;8.6;0.001;8.35;4.0;279.0
8648;1.39;31.5;34.5;66.3;4.0;70.0;27.51;718.6;0.0;50.0;6.3;0.008;8.12;3.9;206.0
8649;1.44;38.6;36.3;75.2;7.0;76.0;30.72;718.8;0.0;41.0;11.1;0.034;11.89;4.4;204.0
8650;1.37;44.8;39.8;84.8;10.0;90.0;29.33;718.8;0.0;28.0;11.9;0.092;14.94;4.7;95.0
8651;1.33;36.8;40.6;77.7;15.0;82.0;28.77;718.5;0.0;25.0;8.1;0.44;15.28;6.8;56.0
8652;0.98;17.9;29.3;47.4;24.0;103.0;21.42;717.9;0.0;23.0;7.6;0.574;16.18;6.7;38.0
8653;0.98;10.2;23.4;33.8;32.0;69.0;19.44;717.0;0.0;22.0;5.1;0.641;16.72;7.0;76.0
8654;1.08;10.3;28.6;39.0;37.0;65.0;29.0;716.0;0.0;22.0;4.8;0.618;17.53;7.9;57.0
8655;1.03;6.5;22.4;29.1;46.0;74.0;27.11;715.0;0.0;23.0;4.3;0.529;18.17;8.8;59.0
8656;0.96;4.7;17.4;22.3;50.0;73.0;15.65;714.4;0.0;24.0;5.0;0.264;18.57;10.5;49.0
8657;0.96;4.1;16.7;21.0;47.0;60.0;12.33;714.0;0.0;25.0;4.3;0.063;18.4;10.4;80.0
8658;0.98;3.3;18.9;22.4;40.0;52.0;12.11;714.0;0.0;28.0;3.8;0.016;16.86;6.8;92.0
8659;1.12;3.3;27.5;30.9;31.0;49.0;13.64;714.2;0.0;31.0;3.6;0.001;15.62;7.4;84.0
8660;1.11;3.1;27.4;30.6;28.0;56.0;15.19;714.2;0.0;34.0;3.8;0.001;14.67;6.2;96.0
8661;1.09;3.2;24.8;28.1;26.0;54.0;25.54;714.1;0.0;37.0;3.8;0.001;13.86;6.1;170.0
8662;1.33;4.2;44.2;48.5;8.0;60.0;22.08;714.2;0.0;42.0;3.6;0.001;12.27;3.8;197.0
8663;1.47;10.6;48.5;59.4;4.0;57.0;26.82;714.0;0.0;44.0;3.7;0.001;11.49;3.3;182.0
8664;1.34;6.1;44.3;50.6;5.0;71.0;25.13;713.5;0.0;48.0;3.5;0.001;10.53;3.8;252.0
8665;1.29;6.4;41.5;48.1;7.0;63.0;28.03;712.8;0.0;47.0;6.5;0.001;10.16;4.5;221.0
8666;1.35;32.8;48.0;81.0;4.0;77.0;37.46;712.2;0.0;48.0;7.3;0.001;9.93;3.7;281.0
8667;1.31;27.7;45.7;73.6;4.0;101.0;36.63;711.7;0.0;50.0;9.2;0.001;9.15;3.5;228.0
8668;1.26;36.4;46.6;83.2;5.0;98.0;45.64;711.1;0.0;50.0;13.7;0.001;8.99;4.7;243.0
8669;1.07;7.0;38.8;46.1;7.0;146.0;36.89;710.6;0.0;48.0;12.9;0.001;9.2;4.7;252.0
8670;1.42;27.7;44.1;72.0;4.0;138.0;58.28;710.2;0.0;52.0;8.6;0.001;8.74;3.0;286.0
8671;1.56;30.8;39.7;70.7;4.0;241.0;56.49;710.1;0.0;54.0;5.9;0.001;8.3;2.9;334.0
8672;1.84;77.9;40.1;118.3;4.0;188.0;52.66;710.2;0.0;54.0;6.9;0.008;8.32;3.3;292.0
8673;2.05;99.2;43.1;142.6;5.0;179.0;48.6;710.3;0.0;39.0;10.0;0.032;13.3;3.4;324.0
8674;1.69;63.7;44.4;108.4;9.0;156.0;35.8;710.4;0.0;28.0;9.9;0.083;17.71;4.7;304.0
8675;1.52;38.8;45.5;84.5;15.0;126.0;26.0;710.4;0.0;21.0;8.8;0.457;21.7;4.2;26.0
8676;1.52;30.6;49.8;80.6;21.0;107.0;26.02;709.9;0.0;17.0;7.1;0.59;24.12;4.5;36.0
8677;1.7;52.0;64.9;117.1;19.0;95.0;47.57;709.2;0.0;16.0;10.6;0.646;25.16;7.3;79.0
8678;1.5;12.4;47.6;60.2;44.0;146.0;43.34;708.4;0.0;17.0;4.6;0.636;25.96;8.4;93.0
8679;1.32;8.1;34.7;43.0;50.0;102.0;29.95;707.8;0.0;15.0;3.7;0.543;27.5;8.1;79.0
8680;1.13;5.1;22.5;27.9;54.0;96.0;18.57;707.5;0.0;15.0;3.3;0.267;27.93;8.5;86.0
8681;1.21;4.9;27.8;32.9;45.0;78.0;15.77;707.4;0.0;18.0;3.3;0.065;27.37;7.8;81.0
8682;1.15;3.7;25.1;29.0;43.0;64.0;13.06;707.5;0.0;19.0;3.0;0.016;25.32;8.4;59.0
8683;1.31;3.6;31.3;35.1;35.0;57.0;14.99;707.9;0.0;23.0;3.4;0.001;23.15;6.1;24.0
8684;1.92;28.3;66.9;95.4;6.0;63.0;24.92;708.6;0.0;28.0;5.0;0.001;20.83;6.4;300.0
8685;2.08;35.5;64.9;100.5;4.0;84.0;33.86;709.1;0.0;32.0;5.8;0.001;19.3;4.1;249.0
8686;1.92;25.3;59.4;84.8;4.0;89.0;30.73;709.2;0.0;36.0;5.3;0.001;17.33;3.5;252.0
8687;2.39;63.5;57.1;120.9;4.0;83.0;41.05;709.2;0.0;40.0;5.0;0.001;16.36;3.7;255.0
8688;1.87;39.5;54.1;93.7;;99.0;39.5;709.2;0.0;37.0;6.9;0.001;16.25;4.1;225.0
8689;1.82;45.4;51.9;97.5;;103.0;52.22;709.2;0.0;36.0;11.8;0.001;15.78;3.7;262.0
8690;1.6;42.1;49.4;91.7;;138.0;48.94;709.2;0.0;38.0;12.1;0.001;15.26;4.2;250.0
8691;1.62;46.2;46.1;92.6;;135.0;47.49;709.0;0.0;45.0;8.8;0.001;14.01;3.6;273.0
8692;1.45;19.4;42.7;62.3;;135.0;45.54;708.8;0.0;43.0;7.6;0.001;14.0;3.3;266.0
8693;1.33;6.0;38.3;44.5;6.0;140.0;41.6;708.8;0.0;37.0;8.2;0.001;14.78;4.6;237.0
8694;0.93;3.5;22.2;25.9;15.0;119.0;22.18;708.6;0.0;26.0;8.1;0.001;18.9;9.7;242.0
8695;0.86;4.7;19.9;24.8;16.0;117.0;13.31;708.8;0.0;21.0;6.5;0.001;20.74;12.6;234.0
8696;0.95;5.9;26.0;32.0;13.0;117.0;15.92;709.3;0.0;21.0;9.4;0.009;20.68;12.3;239.0
8697;1.04;14.1;28.1;42.4;12.0;104.0;15.72;709.7;0.0;19.0;8.5;0.056;22.22;9.3;222.0
8698;1.07;16.1;27.6;43.8;16.0;117.0;16.32;710.1;0.0;14.0;7.3;0.165;25.89;3.9;189.0
8699;1.0;12.1;21.2;33.5;22.0;101.0;11.83;710.3;0.0;12.0;3.8;0.323;26.78;5.7;53.0
8700;1.13;15.9;28.2;44.3;17.0;84.0;12.26;710.2;0.0;13.0;3.7;0.258;25.51;6.6;77.0
8701;0.9;6.6;14.8;21.6;26.0;81.0;7.25;709.7;0.0;12.0;2.8;0.274;25.64;5.4;360.0
8702;0.93;6.8;16.0;23.0;28.0;45.0;7.29;709.0;0.0;11.0;2.8;0.311;26.55;5.6;50.0
8703;0.95;6.0;20.5;26.7;26.0;46.0;8.37;708.9;0.0;11.0;3.2;0.191;26.13;5.3;103.0
8704;1.23;12.0;38.4;50.6;13.0;51.0;12.36;708.9;0.0;13.0;3.8;0.088;25.4;4.9;91.0
8705;2.03;57.5;50.9;108.6;5.0;76.0;19.79;709.0;0.0;15.0;3.5;0.053;24.3;4.9;108.0
8706;2.15;58.5;56.6;115.4;4.0;111.0;23.75;709.2;0.0;19.0;4.0;0.033;23.35;3.0;211.0
8707;2.18;83.7;47.9;131.9;4.0;107.0;24.97;709.9;0.0;23.0;4.9;0.001;21.21;4.4;327.0
8708;1.6;36.3;39.9;76.5;3.0;114.0;23.16;710.6;0.0;30.0;5.2;0.001;19.92;3.9;251.0
8709;1.44;7.9;32.0;40.2;9.0;94.0;19.39;711.2;0.0;38.0;4.8;0.001;19.14;7.1;75.0
8710;1.32;12.0;36.4;48.6;4.0;74.0;23.18;711.5;0.0;43.0;9.0;0.001;17.84;4.8;106.0
8711;1.35;13.3;35.9;49.4;3.0;76.0;21.81;711.7;0.0;41.0;6.9;0.001;17.35;3.9;115.0
8712;1.43;17.5;35.3;53.0;4.0;66.0;23.69;711.7;0.0;43.0;5.5;0.001;16.54;3.0;95.0
8713;1.45;13.4;36.6;50.3;4.0;70.0;23.61;711.8;0.0;45.0;5.9;0.001;16.2;3.2;189.0
8714;1.5;19.8;35.6;55.7;3.0;71.0;24.76;711.6;0.0;47.0;6.7;0.001;15.64;3.2;234.0
8715;1.37;9.4;33.9;43.4;4.0;68.0;22.77;711.5;0.0;45.0;6.7;0.001;16.02;4.6;214.0
8716;1.35;11.3;34.9;46.4;4.0;71.0;28.15;711.2;0.0;45.0;8.4;0.001;15.88;4.7;169.0
8717;1.32;12.6;34.4;47.2;4.0;81.0;27.9;710.9;0.0;48.0;8.1;0.001;15.21;4.4;303.0
8718;1.47;32.7;35.1;68.1;3.0;77.0;34.49;711.0;0.0;52.0;6.3;0.001;14.7;4.3;182.0
8719;1.3;18.0;30.1;48.3;3.0;90.0;22.25;711.0;0.0;57.0;4.7;0.001;14.15;3.7;248.0
8720;1.54;35.0;29.5;64.8;4.0;69.0;23.09;711.1;0.0;56.0;4.6;0.008;14.17;3.4;215.0
8721;1.6;48.5;33.2;82.1;5.0;107.0;27.24;711.5;0.0;48.0;6.1;0.043;16.18;5.3;213.0
8722;1.63;50.5;38.7;89.4;8.0;97.0;35.72;711.6;0.0;35.0;13.6;0.116;19.89;4.5;212.0
8723;1.52;38.9;42.9;82.0;13.0;116.0;32.0;711.7;0.0;28.0;25.6;0.374;22.07;5.0;68.0
8724;1.68;36.3;49.1;85.6;15.0;112.0;42.32;711.3;0.0;27.0;14.6;0.432;22.1;6.8;70.0
8725;1.19;12.3;28.2;40.6;25.0;147.0;23.12;710.8;0.0;24.0;9.0;0.294;22.21;7.5;73.0
8726;1.24;7.7;29.6;37.5;34.0;88.0;23.95;710.2;0.0;25.0;4.4;0.198;22.62;7.1;61.0
8727;1.3;6.6;31.9;38.7;34.0;81.0;25.36;709.8;0.0;26.0;4.0;0.148;22.63;8.1;68.0
8728;1.27;7.2;31.5;38.9;29.0;86.0;19.91;709.7;0.0;25.0;4.0;0.136;22.79;7.3;62.0
8729;1.24;6.3;28.3;34.8;30.0;88.0;17.52;709.8;0.0;28.0;3.9;0.072;22.91;7.2;67.0
8730;1.32;5.0;36.1;41.2;25.0;72.0;18.22;710.1;0.0;31.0;4.5;0.014;21.68;6.4;70.0
8731;1.52;4.3;50.1;54.6;26.0;76.0;28.65;710.8;0.0;36.0;17.6;0.001;20.04;5.2;59.0
8732;1.64;6.7;56.6;63.5;9.0;92.0;28.95;711.5;0.0;41.0;13.1;0.001;18.41;3.7;266.0
8733;1.27;4.1;30.4;34.7;20.0;83.0;20.76;711.9;0.0;43.0;8.2;0.001;18.75;5.7;88.0
8734;1.02;3.5;13.5;17.2;28.0;59.0;14.86;712.2;0.0;45.0;5.8;0.001;18.74;7.2;116.0
8735;0.97;3.3;10.0;13.6;31.0;48.0;14.57;712.3;0.0;46.0;5.3;0.001;18.51;8.9;118.0
8736;1.41;6.1;38.2;44.5;6.0;50.0;25.32;712.3;0.0;51.0;5.2;0.001;16.37;3.5;260.0
8737;1.44;8.9;39.5;48.5;4.0;67.0;26.45;712.2;0.0;56.0;5.8;0.001;14.97;2.7;240.0
8738;1.38;9.4;39.6;49.2;4.0;68.0;27.57;712.2;0.0;55.0;8.0;0.001;14.53;2.7;271.0
8739;1.52;37.7;43.2;81.1;4.0;65.0;43.68;712.1;0.0;54.0;13.2;0.001;14.18;4.0;216.0
8740;1.41;30.1;41.4;71.7;;114.0;46.16;712.2;0.0;55.0;15.1;0.001;13.78;3.4;222.0
8741;1.24;12.8;38.3;51.3;;119.0;43.48;712.4;0.0;55.0;13.1;0.001;13.37;3.0;261.0
8742;1.16;7.0;32.6;39.9;5.0;110.0;37.48;712.7;0.0;54.0;13.3;0.001;13.23;4.9;220.0
8743;1.14;7.3;30.8;38.4;6.0;90.0;30.13;712.7;0.0;56.0;17.2;0.001;13.03;5.0;211.0
8744;1.2;8.4;30.3;38.8;6.0;85.0;30.23;712.8;0.0;53.0;12.4;0.007;12.96;5.0;224.0
8745;1.17;12.4;26.9;39.4;10.0;69.0;20.67;713.2;0.0;46.0;7.2;0.031;15.45;8.5;219.0
8746;1.14;11.0;23.1;34.3;18.0;70.0;20.57;713.4;0.0;39.0;6.8;0.085;18.78;6.0;242.0
8747;1.07;8.2;16.8;25.2;29.0;76.0;19.01;713.4;0.0;36.0;7.5;0.439;21.04;4.3;
8748;1.17;9.2;22.0;31.5;32.0;60.0;18.5;712.9;0.0;35.0;6.7;0.566;22.2;5.2;93.0
8749;1.17;6.3;16.7;23.2;44.0;59.0;18.49;711.9;0.0;36.0;5.0;0.633;22.85;6.3;45.0
8750;1.15;5.1;15.1;20.4;53.0;52.0;21.84;711.0;0.0;35.0;4.8;0.62;23.86;6.5;43.0
8751;1.09;4.5;12.3;17.0;52.0;55.0;18.58;710.3;0.0;33.0;4.1;0.539;24.66;7.7;71.0
8752;1.08;4.1;10.8;15.1;50.0;48.0;18.58;709.8;0.0;33.0;3.7;0.282;25.27;7.9;54.0
8753;1.09;5.3;13.9;19.4;41.0;51.0;16.2;709.8;0.0;33.0;3.8;0.063;25.44;7.8;36.0
8754;1.09;3.5;14.8;18.5;35.0;49.0;15.9;710.0;0.0;35.0;3.4;0.015;23.9;5.4;73.0
8755;1.22;3.3;23.4;26.9;26.0;48.0;17.71;710.3;0.0;40.0;3.4;0.001;21.6;3.9;28.0
8756;1.32;3.6;26.5;30.3;18.0;46.0;23.32;710.6;0.0;44.0;;0.001;19.98;3.6;273.0
8757;1.61;13.2;38.3;51.7;7.0;55.0;34.85;710.7;0.0;47.0;;0.001;18.98;3.7;238.0
8758;1.9;15.6;41.1;56.9;5.0;73.0;55.44;710.9;0.0;47.0;3.5;0.001;18.28;3.9;237.0
8759;1.85;9.0;37.6;46.8;7.0;87.0;;711.1;0.0;45.0;3.5;0.001;18.25;6.7;219.0
