;Fecha y hora;CO;NO;NO2;NOX;O3;PM10;PM2.5;PRS;RAINF;RH;SO2;SR;TOUT;WSR;WDR
0;2020-01-01 00:00:00;;;;;;66.0;54.23;;;;;0.0;;;
1;2020-01-01 01:00:00;2.11;;;;19.0;57.0;;735.7;0.0;96.0;5.4;0.01;11.2;8.1;
2;2020-01-01 02:00:00;2.06;;;;19.0;68.0;53.84;734.8;0.0;96.0;5.5;0.01;11.26;5.5;
3;2020-01-01 03:00:00;1.96;;;;19.0;68.0;36.47;734.2;0.0;96.0;5.4;0.01;11.35;3.8;
4;2020-01-01 04:00:00;1.98;;;;16.0;48.0;33.59;733.9;0.0;96.0;5.5;0.01;11.47;3.3;
5;2020-01-01 05:00:00;2.06;;;;13.0;42.0;33.42;733.8;0.02;96.0;5.4;0.01;11.69;3.5;
6;2020-01-01 06:00:00;1.94;;;;15.0;38.0;20.2;733.8;0.1;96.0;5.4;0.01;11.71;2.9;
7;2020-01-01 07:00:00;2.06;;;;10.0;33.0;23.84;733.6;0.06;96.0;;0.01;11.84;3.8;
8;2020-01-01 08:00:00;1.94;;;;12.0;36.0;15.65;733.6;0.02;;;0.012;11.89;3.0;
9;2020-01-01 09:00:00;2.03;;;;7.0;21.0;;734.3;0.04;;;0.021;12.29;11.2;
10;2020-01-01 10:00:00;2.04;;;;8.0;35.0;28.25;734.5;0.06;;;0.041;12.82;13.0;
11;2020-01-01 11:00:00;1.98;;;;9.0;37.0;20.68;734.4;0.04;;;0.074;13.58;4.4;
12;2020-01-01 12:00:00;1.97;;;;10.0;31.0;15.39;733.6;0.02;95.0;;0.103;14.67;6.3;
13;2020-01-01 13:00:00;2.07;;;;8.0;28.0;15.13;732.6;0.02;95.0;5.5;0.074;15.35;7.6;
14;2020-01-01 14:00:00;1.9;;;;16.0;26.0;11.15;731.7;0.0;93.0;5.4;0.07;15.45;10.5;
15;2020-01-01 15:00:00;1.78;;;;25.0;21.0;4.98;730.7;0.0;86.0;5.4;0.046;15.62;15.9;
16;2020-01-01 16:00:00;1.78;;;;24.0;15.0;3.68;730.8;0.02;83.0;5.3;0.019;15.63;16.6;
17;2020-01-01 17:00:00;1.81;;;;24.0;10.0;5.25;731.2;0.11;89.0;5.3;0.022;14.56;10.3;
18;2020-01-01 18:00:00;1.76;;;;27.0;9.0;3.58;731.1;0.04;89.0;;0.016;14.22;17.7;
19;2020-01-01 19:00:00;1.79;;;;26.0;14.0;3.66;731.1;0.04;87.0;;0.01;14.22;13.2;
20;2020-01-01 20:00:00;1.84;;;;21.0;9.0;4.49;731.4;0.06;89.0;5.4;0.01;13.84;9.1;
21;2020-01-01 21:00:00;1.76;;;;28.0;10.0;3.02;731.4;0.07;89.0;5.3;0.01;13.6;13.3;
22;2020-01-01 22:00:00;1.71;;;;32.0;10.0;2.15;731.0;0.06;86.0;5.2;0.01;13.64;14.1;
23;2020-01-01 23:00:00;1.71;;;;30.0;9.0;;730.5;0.0;84.0;5.2;0.01;13.66;9.5;
24;2020-01-02 00:00:00;1.74;;;;27.0;10.0;;729.8;0.0;83.0;5.3;0.009;13.68;10.1;
25;2020-01-02 01:00:00;1.7;;;;30.0;7.0;;729.2;0.0;79.0;5.4;0.008;14.28;12.5;
26;2020-01-02 02:00:00;1.72;;;;26.0;3.0;2.31;728.2;0.0;80.0;5.2;0.008;14.41;15.2;
27;2020-01-02 03:00:00;1.68;;;;27.0;9.0;2.28;728.0;0.0;73.0;5.3;0.007;15.09;18.2;
28;2020-01-02 04:00:00;1.66;;;;29.0;10.0;2.32;727.5;0.0;71.0;5.3;0.007;15.04;16.3;
29;2020-01-02 05:00:00;1.66;;;;33.0;12.0;2.18;726.9;0.0;69.0;;0.007;14.91;14.4;
30;2020-01-02 06:00:00;1.72;;;;24.0;15.0;2.85;726.5;0.0;74.0;;0.007;14.02;12.2;
31;2020-01-02 07:00:00;1.81;;;;7.0;17.0;3.62;726.3;0.0;83.0;;0.01;12.78;7.9;
32;2020-01-02 08:00:00;1.85;;;;9.0;20.0;3.91;726.2;0.0;83.0;;0.011;13.09;11.3;
33;2020-01-02 09:00:00;2.12;;;;5.0;16.0;4.63;726.4;0.0;80.0;5.4;0.082;14.31;7.7;
34;2020-01-02 10:00:00;2.18;;;;7.0;23.0;5.45;726.8;0.0;77.0;5.4;0.072;15.34;5.1;
35;2020-01-02 11:00:00;2.06;;;;22.0;19.0;4.86;727.8;0.0;62.0;;0.342;19.27;9.5;
36;2020-01-02 12:00:00;1.91;;;;28.0;24.0;4.55;727.4;0.0;57.0;;0.431;21.89;11.6;
37;2020-01-02 13:00:00;1.85;;;;30.0;21.0;3.65;726.2;0.0;51.0;;0.401;23.01;15.9;
38;2020-01-02 14:00:00;1.88;;;;34.0;21.0;3.62;725.8;0.0;42.0;;0.312;24.32;11.7;
39;2020-01-02 15:00:00;1.82;;;;34.0;21.0;3.53;725.2;0.0;46.0;;0.319;24.04;14.2;
40;2020-01-02 16:00:00;1.92;;;;31.0;18.0;5.58;725.2;0.0;52.0;5.3;0.101;22.31;13.7;
41;2020-01-02 17:00:00;1.91;;;;32.0;34.0;6.49;725.5;0.0;56.0;6.0;0.09;22.61;13.9;
42;2020-01-02 18:00:00;2.02;;;;23.0;37.0;8.62;726.0;0.0;57.0;6.9;0.049;22.09;6.8;
43;2020-01-02 19:00:00;2.35;;;;4.0;41.0;8.4;725.8;0.0;65.0;6.0;0.008;18.57;2.9;
44;2020-01-02 20:00:00;2.9;;;;3.0;43.0;11.25;727.2;0.0;70.0;5.9;0.007;17.02;2.9;
45;2020-01-02 21:00:00;2.87;;;;3.0;53.0;11.47;727.4;0.0;71.0;5.9;0.007;16.17;2.9;
46;2020-01-02 22:00:00;2.53;;;;3.0;50.0;10.79;727.6;0.0;74.0;5.6;0.007;15.58;4.5;
47;2020-01-02 23:00:00;2.06;;;;6.0;35.0;8.6;728.1;0.0;69.0;5.4;0.007;15.99;9.8;
48;2020-01-03 00:00:00;2.02;;;;6.0;37.0;7.82;728.4;0.0;71.0;5.4;0.007;15.3;9.5;
49;2020-01-03 01:00:00;2.0;;;;7.0;32.0;8.58;729.0;0.0;64.0;5.6;0.007;15.96;12.1;
50;2020-01-03 02:00:00;2.19;;;;3.0;42.0;14.96;729.5;0.0;65.0;5.6;0.007;15.35;8.2;
51;2020-01-03 03:00:00;2.08;;;;4.0;59.0;12.27;730.0;0.0;64.0;5.7;0.007;15.21;8.5;
52;2020-01-03 04:00:00;2.13;;;;3.0;57.0;11.71;730.0;0.0;72.0;5.6;0.007;13.61;4.0;
53;2020-01-03 05:00:00;1.88;;;;9.0;46.0;8.01;726.5;0.0;68.0;5.5;0.007;13.76;8.8;
54;2020-01-03 06:00:00;1.72;;;;19.0;22.0;4.54;726.6;0.0;50.0;5.5;0.007;15.89;9.9;
55;2020-01-03 07:00:00;1.83;;;;9.0;21.0;4.67;727.1;0.0;56.0;5.6;0.007;14.53;8.3;
56;2020-01-03 08:00:00;2.05;;;;6.0;31.0;6.3;727.6;0.0;59.0;5.7;0.01;13.89;10.7;
57;2020-01-03 09:00:00;1.91;;;;18.0;48.0;5.35;729.4;0.0;43.0;6.0;0.1;17.35;15.7;
58;2020-01-03 10:00:00;1.9;;;;26.0;63.0;6.76;734.0;0.0;36.0;6.5;0.242;19.85;18.2;
59;2020-01-03 11:00:00;1.75;;;;32.0;77.0;5.87;735.4;0.0;32.0;7.2;0.352;20.86;30.0;
60;2020-01-03 12:00:00;1.72;;;;35.0;99.0;5.55;735.7;0.0;33.0;6.4;0.23;19.75;37.8;
61;2020-01-03 13:00:00;1.72;;;;37.0;96.0;4.61;735.5;0.0;32.0;6.1;0.42;20.51;29.6;
62;2020-01-03 14:00:00;;;;;;;;;;;;0.0;;;
63;2020-01-03 15:00:00;1.72;;;;43.0;36.0;4.73;735.2;0.0;26.0;5.5;0.417;21.46;26.1;
64;2020-01-03 16:00:00;1.72;;;;42.0;66.0;4.26;735.8;0.0;24.0;5.5;0.318;21.64;30.6;
65;2020-01-03 17:00:00;1.7;;;;41.0;44.0;3.46;736.5;0.0;24.0;5.6;0.188;21.29;27.1;
66;2020-01-03 18:00:00;1.73;;;;36.0;20.0;3.64;737.1;0.0;25.0;5.8;0.053;20.42;20.1;
67;2020-01-03 19:00:00;1.72;;;;38.0;28.0;3.46;737.7;0.0;27.0;5.4;0.008;19.39;22.5;
68;2020-01-03 20:00:00;1.88;;;;19.0;23.0;6.36;738.5;0.0;31.0;6.3;0.007;18.25;21.5;
69;2020-01-03 21:00:00;1.85;;;;26.0;48.0;6.74;739.3;0.0;32.0;5.6;0.007;17.63;22.6;
70;2020-01-03 22:00:00;1.79;;;;15.0;97.0;7.31;;0.0;33.0;6.9;0.007;16.62;14.3;
71;2020-01-03 23:00:00;1.77;;;;17.0;44.0;6.8;;0.0;36.0;5.6;0.007;15.27;5.6;
72;2020-01-04 00:00:00;1.81;;;;17.0;33.0;9.07;;0.0;43.0;5.6;0.007;13.79;7.2;
73;2020-01-04 01:00:00;1.81;;;;19.0;37.0;13.68;738.6;0.0;49.0;5.7;0.007;12.63;6.1;
74;2020-01-04 02:00:00;1.83;;;;11.0;26.0;11.77;736.7;0.0;57.0;5.4;0.007;10.82;2.9;
75;2020-01-04 03:00:00;1.84;;;;6.0;25.0;7.78;;0.0;64.0;5.3;0.007;9.63;2.9;
76;2020-01-04 04:00:00;1.81;;;;5.0;25.0;7.86;;0.0;65.0;5.4;0.007;9.46;3.3;
77;2020-01-04 05:00:00;1.78;;;;7.0;21.0;9.01;;0.0;69.0;5.3;0.007;8.73;3.8;
78;2020-01-04 06:00:00;1.78;;;;5.0;23.0;7.99;;0.0;75.0;5.3;0.007;7.84;3.4;
79;2020-01-04 07:00:00;1.85;;;;3.0;19.0;6.57;;0.0;73.0;;0.007;7.81;3.5;
80;2020-01-04 08:00:00;2.03;;;;3.0;23.0;6.99;;0.0;71.0;5.6;0.012;8.1;2.9;
81;2020-01-04 09:00:00;2.09;;;;6.0;27.0;8.72;;0.0;58.0;5.6;0.12;11.7;2.9;
82;2020-01-04 10:00:00;2.05;;;;14.0;34.0;7.21;;0.0;43.0;;0.249;16.24;3.9;
83;2020-01-04 11:00:00;1.89;;;;26.0;32.0;6.51;;0.0;35.0;5.7;0.356;18.17;7.3;
84;2020-01-04 12:00:00;2.0;;;;35.0;26.0;12.56;;0.0;33.0;5.9;0.43;18.8;5.9;
85;2020-01-04 13:00:00;1.88;;;;41.0;35.0;12.19;;0.0;32.0;5.7;0.463;19.51;4.4;
86;2020-01-04 14:00:00;1.83;;;;44.0;40.0;11.82;;0.0;31.0;5.9;0.451;20.32;9.5;
87;2020-01-04 15:00:00;1.81;;;;48.0;37.0;10.89;;0.0;30.0;5.7;0.397;21.21;7.9;
88;2020-01-04 16:00:00;1.82;;;;51.0;32.0;10.59;;0.0;30.0;5.7;0.301;21.17;9.5;
89;2020-01-04 17:00:00;1.84;;;;47.0;27.0;9.15;;0.0;31.0;5.8;0.182;21.37;6.8;
90;2020-01-04 18:00:00;1.85;;;;43.0;38.0;9.22;;0.0;34.0;6.1;0.051;19.84;5.7;
91;2020-01-04 19:00:00;2.09;;;;18.0;30.0;10.27;;0.0;43.0;5.7;0.008;16.64;3.0;
92;2020-01-04 20:00:00;2.25;;;;3.0;38.0;10.86;;0.0;52.0;5.5;0.007;14.28;2.9;
93;2020-01-04 21:00:00;2.37;;;;3.0;34.0;12.39;;0.0;59.0;5.5;0.007;12.94;2.9;
94;2020-01-04 22:00:00;2.59;;;;3.0;35.0;20.62;;0.0;61.0;5.6;0.007;12.5;2.9;
95;2020-01-04 23:00:00;2.54;;;;;45.0;22.98;;0.0;67.0;5.6;0.007;11.25;;
96;2020-01-05 00:00:00;2.63;;;;;47.0;25.44;;0.0;69.0;5.7;0.007;10.77;;
97;2020-01-05 01:00:00;2.74;;;;;54.0;29.93;;0.0;70.0;5.7;0.007;10.45;;
98;2020-01-05 02:00:00;2.04;;;;7.0;47.0;13.27;;0.0;67.0;5.4;0.007;10.38;4.6;
99;2020-01-05 03:00:00;1.99;;;;5.0;36.0;10.73;;0.0;72.0;5.4;0.007;9.42;2.9;
100;2020-01-05 04:00:00;2.02;;;;3.0;29.0;11.44;;0.0;75.0;5.5;0.007;9.22;2.9;
101;2020-01-05 05:00:00;2.18;;;;3.0;30.0;23.1;;0.0;68.0;5.6;0.007;10.1;3.2;
102;2020-01-05 06:00:00;2.08;;;;3.0;49.0;23.4;;0.0;67.0;5.6;0.007;9.92;3.5;
103;2020-01-05 07:00:00;2.12;;;;;46.0;21.1;;0.0;69.0;5.7;0.007;9.41;2.9;
104;2020-01-05 08:00:00;1.89;;;;7.0;47.0;15.49;;0.0;60.0;5.9;0.012;10.6;11.2;
105;2020-01-05 09:00:00;1.9;;;;12.0;67.0;12.5;;0.0;50.0;6.3;0.121;13.23;12.2;
106;2020-01-05 10:00:00;1.95;;;;17.0;39.0;12.61;;0.0;42.0;6.7;0.25;15.78;12.0;
107;2020-01-05 11:00:00;2.01;;;;20.0;43.0;20.39;;0.0;33.0;8.3;0.358;19.11;6.4;
108;2020-01-05 12:00:00;2.1;;;;32.0;49.0;26.14;;0.0;32.0;7.9;0.431;20.64;7.7;
109;2020-01-05 13:00:00;2.06;;;;46.0;60.0;29.21;;0.0;32.0;7.0;0.464;21.79;7.7;
110;2020-01-05 14:00:00;1.91;;;;53.0;64.0;19.99;;0.0;31.0;6.5;0.455;22.96;11.7;
111;2020-01-05 15:00:00;1.89;;;;58.0;49.0;15.92;739.8;0.0;29.0;6.4;0.401;23.82;13.1;
112;2020-01-05 16:00:00;1.89;;;;61.0;41.0;11.68;737.9;0.0;28.0;6.2;0.292;24.41;13.4;
113;2020-01-05 17:00:00;1.89;;;;60.0;43.0;10.94;737.1;0.0;30.0;6.0;0.186;23.91;14.3;
114;2020-01-05 18:00:00;1.93;;;;50.0;35.0;11.69;738.4;0.0;32.0;5.8;0.054;22.37;6.9;
115;2020-01-05 19:00:00;2.53;;;;8.0;40.0;15.9;738.6;0.0;43.0;5.7;0.008;18.24;3.5;
116;2020-01-05 20:00:00;2.75;;;;4.0;54.0;19.73;738.7;0.0;50.0;5.6;0.007;16.36;3.4;
117;2020-01-05 21:00:00;2.74;;;;3.0;55.0;20.97;738.6;0.0;57.0;5.6;0.007;14.62;3.1;
118;2020-01-05 22:00:00;2.62;;;;3.0;53.0;23.37;738.2;0.0;58.0;5.7;0.007;14.17;2.9;
119;2020-01-05 23:00:00;2.26;;;;3.0;45.0;14.98;738.4;0.0;58.0;5.4;0.007;13.39;4.9;
120;2020-01-06 00:00:00;2.27;;;;5.0;35.0;13.83;738.3;0.0;62.0;5.6;0.007;12.65;9.2;
121;2020-01-06 01:00:00;1.97;;;;15.0;35.0;11.54;737.9;0.0;56.0;5.6;0.007;13.42;8.0;
122;2020-01-06 02:00:00;1.94;;;;12.0;25.0;11.87;737.3;0.0;60.0;;0.007;12.57;7.7;
123;2020-01-06 03:00:00;1.88;;;;13.0;25.0;9.71;736.8;0.0;64.0;5.4;0.007;11.74;8.6;
124;2020-01-06 04:00:00;1.85;;;;16.0;26.0;10.64;736.3;0.0;60.0;5.5;0.007;12.31;12.5;
125;2020-01-06 05:00:00;1.8;;;;20.0;34.0;10.09;735.9;0.0;56.0;5.7;0.007;12.76;12.6;
126;2020-01-06 06:00:00;1.79;;;;19.0;30.0;9.04;735.7;0.0;58.0;5.6;0.007;12.08;10.6;
127;2020-01-06 07:00:00;1.84;;;;10.0;25.0;7.27;735.7;0.0;58.0;5.6;0.007;11.76;11.0;
128;2020-01-06 08:00:00;2.04;;;;5.0;28.0;6.87;735.8;0.0;59.0;5.7;0.012;11.38;12.7;
129;2020-01-06 09:00:00;2.39;;;;6.0;31.0;7.94;736.4;0.0;51.0;5.8;0.124;14.33;6.4;
130;2020-01-06 10:00:00;2.63;;;;11.0;35.0;15.01;737.0;0.0;37.0;6.2;0.251;19.18;3.5;
131;2020-01-06 11:00:00;2.41;;;;20.0;52.0;20.5;736.3;0.0;29.0;7.4;0.356;22.53;7.1;
132;2020-01-06 12:00:00;2.62;;;;26.0;73.0;35.48;734.8;0.0;27.0;9.7;0.433;23.93;7.7;
133;2020-01-06 13:00:00;2.38;;;;50.0;;33.03;735.1;0.0;26.0;8.0;0.469;24.97;5.1;
134;2020-01-06 14:00:00;2.14;;;;61.0;;23.71;734.7;0.0;24.0;7.0;0.457;25.87;7.7;
135;2020-01-06 15:00:00;2.05;;;;69.0;;17.15;734.5;0.0;22.0;6.6;0.405;27.28;4.8;
136;2020-01-06 16:00:00;2.01;;;;74.0;;14.1;733.9;0.0;24.0;6.6;0.305;27.6;6.3;
137;2020-01-06 17:00:00;2.06;;;;71.0;;16.01;734.2;0.0;26.0;7.3;0.181;27.06;8.4;
138;2020-01-06 18:00:00;2.25;;;;54.0;;20.66;734.8;0.0;30.0;8.0;0.05;24.96;3.6;
139;2020-01-06 19:00:00;2.56;;;;21.0;;25.17;735.8;0.0;35.0;7.3;0.007;21.46;2.9;
140;2020-01-06 20:00:00;2.96;;;;5.0;;24.27;736.1;0.0;42.0;6.4;0.007;19.17;2.9;
141;2020-01-06 21:00:00;3.09;;;;3.0;39.95;23.6;737.2;0.0;45.0;6.3;0.007;17.76;2.9;
142;2020-01-06 22:00:00;2.35;;;;7.0;43.09;14.98;738.5;0.0;40.0;6.4;0.007;18.42;4.5;
143;2020-01-06 23:00:00;1.94;;;;15.0;32.07;9.27;739.4;0.0;39.0;6.0;0.007;18.57;3.0;
144;2020-01-07 00:00:00;2.03;;;;14.0;28.64;9.62;739.8;0.0;41.0;5.9;0.007;17.87;4.6;
145;2020-01-07 01:00:00;1.85;;;;29.0;25.95;7.36;;0.0;31.0;6.1;0.007;19.48;5.5;
146;2020-01-07 02:00:00;1.7;;;;41.0;24.71;5.3;;0.0;26.0;6.9;0.007;20.02;4.4;
147;2020-01-07 03:00:00;1.69;;;;37.0;22.51;6.02;;0.0;28.0;7.1;0.007;18.93;5.3;
148;2020-01-07 04:00:00;1.66;;;;38.0;26.31;6.55;;0.0;28.0;7.2;0.007;17.76;6.3;
149;2020-01-07 05:00:00;1.66;;;;37.0;26.31;5.94;;0.0;29.0;6.9;0.007;16.51;5.4;
150;2020-01-07 06:00:00;1.64;;;;33.0;24.18;5.3;;0.0;30.0;6.4;0.007;15.53;2.9;
151;2020-01-07 07:00:00;1.67;;;;30.0;20.57;5.39;;0.0;33.0;6.1;0.007;14.97;5.3;
152;2020-01-07 08:00:00;1.69;;;;27.0;23.48;5.5;;0.0;34.0;6.3;0.013;14.43;5.3;
153;2020-01-07 09:00:00;1.76;;;;25.0;26.02;6.5;;0.0;36.0;6.7;0.087;14.29;10.3;
154;2020-01-07 10:00:00;1.75;;;;32.0;51.05;6.17;;0.0;34.0;6.2;0.227;15.58;10.6;
155;2020-01-07 11:00:00;1.74;;;;37.0;59.0;5.68;;0.0;32.0;5.9;0.331;17.05;7.2;
156;2020-01-07 12:00:00;1.78;;;;41.0;83.23;5.24;;0.0;30.0;5.9;0.429;18.75;9.1;
157;2020-01-07 13:00:00;1.77;;;;47.0;80.06;6.12;;0.0;30.0;6.0;0.459;19.65;4.2;
158;2020-01-07 14:00:00;1.78;;;;52.0;73.25;8.15;;0.0;31.0;6.4;0.444;20.09;8.5;
159;2020-01-07 15:00:00;1.81;;;;60.0;42.0;12.65;;0.0;31.0;6.2;0.384;20.16;14.1;
160;2020-01-07 16:00:00;1.84;;;;64.0;42.0;16.23;;0.0;30.0;6.0;0.291;20.51;15.7;
161;2020-01-07 17:00:00;1.8;;;;57.0;52.0;7.39;;0.0;33.0;12.3;0.181;20.24;19.8;
162;2020-01-07 18:00:00;1.84;;;;45.0;57.0;6.95;;0.0;38.0;10.3;0.054;18.62;17.7;
163;2020-01-07 19:00:00;1.84;;;;42.0;44.0;7.36;;0.0;44.0;7.7;0.008;16.66;16.5;
164;2020-01-07 20:00:00;1.79;;;;43.0;34.0;6.78;;0.0;49.0;5.9;0.007;15.75;17.1;
165;2020-01-07 21:00:00;1.77;;;;43.0;29.0;6.51;;0.0;52.0;5.7;0.007;15.22;13.6;
166;2020-01-07 22:00:00;1.79;;;;40.0;20.0;8.25;;0.0;59.0;5.7;0.007;14.8;11.8;
167;2020-01-07 23:00:00;1.81;;;;37.0;29.0;9.69;;0.0;59.0;5.6;0.007;14.6;12.4;
168;2020-01-08 00:00:00;1.88;;;;25.0;30.0;11.8;;0.0;63.0;5.6;0.007;14.13;8.7;
169;2020-01-08 01:00:00;1.78;;;;37.0;37.0;10.41;;0.0;63.0;5.5;0.007;14.47;13.3;
170;2020-01-08 02:00:00;1.73;;;;44.0;22.0;8.25;;0.0;66.0;5.4;0.007;13.93;22.4;
171;2020-01-08 03:00:00;1.74;;;;41.0;36.0;8.15;739.7;0.0;69.0;5.5;0.007;13.2;19.8;
172;2020-01-08 04:00:00;1.74;;;;40.0;32.0;8.37;739.6;0.0;69.0;5.5;0.007;13.08;11.9;
173;2020-01-08 05:00:00;1.75;;;;37.0;28.0;8.95;739.4;0.0;69.0;;0.007;12.96;11.6;
174;2020-01-08 06:00:00;1.79;;;;28.0;28.0;11.13;738.2;0.0;74.0;5.4;0.007;12.18;7.9;
175;2020-01-08 07:00:00;1.87;;;;20.0;32.0;11.81;737.5;0.0;76.0;5.8;0.007;12.2;9.4;
176;2020-01-08 08:00:00;2.01;;;;9.0;46.0;12.44;737.9;0.0;79.0;5.6;0.011;11.76;5.2;
177;2020-01-08 09:00:00;2.1;;;;9.0;55.0;13.86;738.2;0.0;78.0;5.5;0.044;12.24;4.5;
178;2020-01-08 10:00:00;2.29;;;;14.0;62.0;17.08;738.4;0.0;69.0;5.9;0.183;14.56;4.8;
179;2020-01-08 11:00:00;2.34;;;;20.0;71.0;21.63;738.5;0.0;66.0;6.3;0.239;15.69;5.9;
180;2020-01-08 12:00:00;1.95;;;;40.0;80.0;16.51;738.8;0.0;61.0;6.5;0.409;17.77;10.2;
181;2020-01-08 13:00:00;1.84;;;;46.0;52.0;11.81;737.9;0.0;59.0;6.1;0.415;18.57;17.4;
182;2020-01-08 14:00:00;1.87;;;;46.0;35.0;11.65;737.0;0.0;57.0;5.9;0.334;19.29;17.0;
183;2020-01-08 15:00:00;1.89;;;;44.0;37.0;12.03;736.4;0.0;59.0;5.8;0.332;19.63;18.7;
184;2020-01-08 16:00:00;1.91;;;;44.0;45.0;14.33;736.0;0.0;61.0;6.7;0.26;19.45;20.6;
185;2020-01-08 17:00:00;1.92;;;;40.0;48.0;12.95;735.6;0.0;62.0;7.5;0.089;19.23;18.4;
186;2020-01-08 18:00:00;1.98;;;;33.0;49.0;12.27;734.0;0.0;58.0;6.4;0.033;19.52;13.9;
187;2020-01-08 19:00:00;2.13;;;;22.0;44.0;12.07;733.8;0.0;55.0;6.0;0.007;19.73;12.4;
188;2020-01-08 20:00:00;2.41;;;;9.0;42.0;22.4;733.8;0.0;62.0;6.0;0.007;18.68;8.4;
189;2020-01-08 21:00:00;2.57;;;;4.0;88.0;25.03;733.3;0.0;66.0;5.9;0.007;17.81;4.9;
190;2020-01-08 22:00:00;2.46;;;;10.0;84.0;20.05;734.3;0.0;68.0;5.8;0.007;17.74;7.8;
191;2020-01-08 23:00:00;2.26;;;;8.0;71.0;17.89;734.3;0.0;74.0;6.0;0.007;17.45;11.2;
192;2020-01-09 00:00:00;1.98;;;;16.0;60.0;8.97;734.3;0.0;85.0;5.7;0.007;16.34;7.8;
193;2020-01-09 01:00:00;2.11;;;;6.0;33.0;13.06;733.1;0.0;86.0;5.7;0.007;15.03;3.3;
194;2020-01-09 02:00:00;2.19;;;;2.0;37.0;16.3;730.4;0.0;88.0;;0.007;14.77;3.0;
195;2020-01-09 03:00:00;2.12;;;;3.0;44.0;17.45;730.4;0.0;90.0;5.6;0.007;14.66;3.2;
196;2020-01-09 04:00:00;2.12;;;;3.0;48.0;24.38;730.2;0.0;83.0;5.7;0.007;15.24;9.6;
197;2020-01-09 05:00:00;2.08;;;;3.0;68.0;27.57;730.0;0.0;83.0;6.0;0.007;14.99;11.6;
198;2020-01-09 06:00:00;2.07;;;;;76.0;28.19;729.9;0.0;84.0;6.2;0.007;14.61;9.0;
199;2020-01-09 07:00:00;2.16;;;;;84.0;28.97;728.4;0.0;88.0;6.2;0.007;13.76;3.8;
200;2020-01-09 08:00:00;2.5;;;;;74.0;28.25;728.7;0.0;90.0;;0.01;12.93;2.9;
201;2020-01-09 09:00:00;2.97;;;;;63.0;26.81;729.1;0.0;89.0;6.3;0.037;13.62;3.0;
202;2020-01-09 10:00:00;3.73;;;;;80.0;36.54;729.3;0.0;83.0;6.5;0.075;15.4;3.9;
203;2020-01-09 11:00:00;3.63;;;;5.0;173.0;42.0;729.0;0.0;78.0;6.7;0.094;16.8;7.9;
204;2020-01-09 12:00:00;2.99;;;;11.0;144.0;45.53;730.9;0.0;74.0;6.6;0.186;17.96;5.0;
205;2020-01-09 13:00:00;2.47;;;;23.0;142.0;39.05;733.0;0.0;69.0;6.5;0.292;19.69;8.7;
206;2020-01-09 14:00:00;2.2;;;;35.0;108.0;30.09;730.9;0.0;61.0;7.0;0.444;22.09;15.8;
207;2020-01-09 15:00:00;2.14;;;;47.0;90.0;25.1;731.5;0.0;54.0;7.1;0.348;23.55;11.5;
208;2020-01-09 16:00:00;2.21;;;;48.0;78.0;25.15;731.5;0.0;52.0;7.3;0.165;24.21;9.3;
209;2020-01-09 17:00:00;2.08;;;;43.0;93.0;27.3;731.5;0.0;54.0;14.4;0.129;23.59;12.1;
210;2020-01-09 18:00:00;1.98;;;;33.0;90.0;27.43;730.6;0.0;59.0;8.6;0.051;22.58;6.5;
211;2020-01-09 19:00:00;2.15;;;;13.0;73.0;27.94;731.5;0.0;64.0;7.1;0.008;20.51;3.0;
212;2020-01-09 20:00:00;2.9;;;;3.0;65.0;28.87;731.7;0.0;68.0;6.2;0.007;19.54;2.9;
213;2020-01-09 21:00:00;3.3;;;;3.0;84.0;33.32;732.0;0.0;72.0;6.1;0.007;18.94;2.9;
214;2020-01-09 22:00:00;3.3;;;;3.0;107.0;38.79;732.0;0.0;78.0;6.2;0.007;17.5;2.9;
215;2020-01-09 23:00:00;3.48;;;;;101.0;41.21;732.0;0.0;82.0;6.2;0.007;16.59;;
216;2020-01-10 00:00:00;3.28;;;;;86.0;40.85;731.6;0.0;83.0;;0.007;15.89;;
217;2020-01-10 01:00:00;3.1;;;;;72.0;37.38;730.7;0.0;85.0;6.0;0.007;15.41;;
218;2020-01-10 02:00:00;2.88;;;;;75.0;37.5;729.9;0.0;85.0;6.0;0.007;15.31;4.1;
219;2020-01-10 03:00:00;2.72;;;;2.0;76.0;35.32;729.6;0.0;89.0;;0.008;14.08;2.9;
220;2020-01-10 04:00:00;2.68;;;;3.0;61.0;32.84;728.0;0.0;91.0;;0.008;13.54;3.0;
221;2020-01-10 05:00:00;2.6;;;;3.0;53.0;31.46;726.7;0.0;91.0;5.9;0.01;13.17;2.9;
222;2020-01-10 06:00:00;2.49;;;;2.0;59.0;34.24;726.8;0.0;92.0;5.9;0.01;13.26;2.9;
223;2020-01-10 07:00:00;2.52;;;;2.0;69.0;38.08;727.3;0.0;93.0;6.0;0.01;12.69;3.1;
224;2020-01-10 08:00:00;2.96;;;;3.0;73.0;39.73;727.9;0.0;93.0;6.1;0.014;14.12;3.9;
225;2020-01-10 09:00:00;2.51;;;;3.0;88.0;48.17;728.2;0.0;91.0;5.9;0.037;15.3;5.5;
226;2020-01-10 10:00:00;2.62;;;;6.0;96.0;51.56;728.2;0.0;83.0;6.0;0.17;17.16;5.4;
227;2020-01-10 11:00:00;2.71;;;;12.0;118.0;56.96;728.9;0.0;69.0;6.3;0.261;19.71;5.5;
228;2020-01-10 12:00:00;2.92;;;;16.0;153.0;72.91;729.3;0.0;68.0;7.3;0.286;20.53;9.9;
229;2020-01-10 13:00:00;2.93;;;;28.0;185.0;76.09;728.0;0.0;64.0;7.2;0.295;21.8;10.8;
230;2020-01-10 14:00:00;2.78;;;;40.0;202.0;71.5;726.6;0.0;59.0;7.1;0.229;23.07;16.2;
231;2020-01-10 15:00:00;2.49;;;;41.0;200.0;46.01;725.7;0.0;53.0;7.0;0.202;24.24;11.1;
232;2020-01-10 16:00:00;2.48;;;;37.0;128.0;37.88;724.5;0.0;53.0;6.7;0.226;25.66;12.0;
233;2020-01-10 17:00:00;2.35;;;;37.0;115.0;31.03;724.1;0.0;52.0;6.7;0.101;26.29;14.3;
234;2020-01-10 18:00:00;2.36;;;;25.0;110.0;31.94;722.7;0.0;60.0;7.8;0.034;23.99;8.0;
235;2020-01-10 19:00:00;2.87;;;;6.0;108.0;36.5;725.0;0.0;67.0;6.9;0.008;22.09;6.8;
236;2020-01-10 20:00:00;3.42;;;;3.0;113.0;39.29;725.3;0.0;74.0;6.7;0.007;20.19;7.7;
237;2020-01-10 21:00:00;4.04;;;;3.0;107.0;44.99;726.5;0.0;78.0;6.7;0.007;19.23;7.1;
238;2020-01-10 22:00:00;2.34;;;;17.0;128.0;35.17;729.3;0.0;51.0;7.2;0.007;22.1;11.9;
239;2020-01-10 23:00:00;1.85;;;;29.0;211.0;18.74;730.8;0.0;37.0;6.9;0.007;21.44;12.4;
240;2020-01-11 00:00:00;1.81;;;;28.0;116.0;14.26;731.5;0.0;37.0;6.2;0.007;20.03;10.3;
241;2020-01-11 01:00:00;1.77;;;;32.0;79.0;10.13;732.2;0.0;32.0;5.8;0.007;18.87;9.7;
242;2020-01-11 02:00:00;1.72;;;;30.0;57.0;8.06;730.1;0.0;31.0;5.5;0.007;18.01;8.8;
243;2020-01-11 03:00:00;1.72;;;;30.0;44.0;7.85;731.4;0.0;33.0;6.5;0.007;17.18;4.7;
244;2020-01-11 04:00:00;1.81;;;;18.0;37.0;8.47;731.8;0.0;40.0;9.6;0.007;14.82;2.9;
245;2020-01-11 05:00:00;1.84;;;;17.0;42.0;9.39;734.4;0.0;40.0;9.7;0.007;14.29;4.0;
246;2020-01-11 06:00:00;1.84;;;;16.0;48.0;8.07;735.1;0.0;37.0;9.6;0.007;14.55;8.2;
247;2020-01-11 07:00:00;1.92;;;;5.0;42.0;8.15;735.8;0.0;38.0;9.9;0.007;13.17;5.9;
248;2020-01-11 08:00:00;2.12;;;;4.0;48.0;8.83;736.6;0.0;37.0;10.4;0.014;12.62;7.7;
249;2020-01-11 09:00:00;2.1;;;;9.0;54.0;9.23;737.6;0.0;31.0;9.9;0.115;15.44;4.7;
250;2020-01-11 10:00:00;2.0;;;;20.0;65.0;8.72;735.4;0.0;25.0;9.9;0.245;18.3;4.8;
251;2020-01-11 11:00:00;2.0;;;;26.0;67.0;9.62;738.6;0.0;20.0;;0.353;20.67;4.1;
252;2020-01-11 12:00:00;1.84;;;;37.0;65.0;7.24;738.6;0.0;19.0;7.2;0.434;21.1;14.9;
253;2020-01-11 13:00:00;1.81;;;;41.0;70.0;6.69;737.3;0.0;18.0;10.1;0.469;22.22;10.2;
254;2020-01-11 14:00:00;1.84;;;;44.0;60.0;6.87;736.7;0.0;17.0;9.9;0.462;23.37;8.1;
255;2020-01-11 15:00:00;1.85;;;;47.0;57.0;6.5;736.6;0.0;16.0;9.7;0.409;23.51;14.5;
256;2020-01-11 16:00:00;1.89;;;;48.0;51.0;6.98;735.8;0.0;16.0;9.9;0.315;23.98;11.8;
257;2020-01-11 17:00:00;1.92;;;;48.0;50.0;9.41;735.7;0.0;18.0;9.9;0.19;23.29;13.0;
258;2020-01-11 18:00:00;1.97;;;;46.0;57.0;10.55;735.8;0.0;21.0;9.8;0.06;21.69;14.3;
259;2020-01-11 19:00:00;1.89;;;;43.0;63.0;11.02;736.4;0.0;24.0;9.8;0.008;19.62;22.1;
260;2020-01-11 20:00:00;1.78;;;;41.0;92.0;6.88;737.0;0.0;24.0;10.0;0.007;18.49;23.5;
261;2020-01-11 21:00:00;1.76;;;;44.0;42.0;6.16;736.7;0.0;23.0;9.9;0.007;18.07;25.7;
262;2020-01-11 22:00:00;1.76;;;;42.0;46.0;6.74;737.0;0.0;26.0;9.5;0.007;16.92;23.4;
263;2020-01-11 23:00:00;1.72;;;;43.0;36.0;5.09;737.2;0.0;27.0;9.4;0.007;16.85;22.9;
264;2020-01-12 00:00:00;1.76;;;;41.0;41.0;4.93;737.2;0.0;28.0;9.4;0.007;16.69;18.7;
265;2020-01-12 01:00:00;1.75;;;;42.0;34.0;4.76;736.9;0.0;28.0;;0.007;16.0;17.6;
266;2020-01-12 02:00:00;1.75;;;;41.0;156.0;4.62;736.4;0.0;29.0;9.3;0.007;15.32;14.7;
267;2020-01-12 03:00:00;1.82;;;;33.0;34.0;7.71;736.1;0.0;34.0;9.4;0.007;13.18;14.5;
268;2020-01-12 04:00:00;1.82;;;;30.0;38.0;8.19;736.0;0.0;39.0;10.4;0.007;11.63;13.1;
269;2020-01-12 05:00:00;1.85;;;;23.0;38.0;9.74;736.0;0.0;47.0;10.2;0.007;9.88;4.7;
270;2020-01-12 06:00:00;1.9;;;;13.0;32.0;9.89;735.9;0.0;52.0;9.8;0.007;9.22;3.4;
271;2020-01-12 07:00:00;1.99;;;;5.0;29.0;12.35;736.1;0.0;53.0;10.0;0.007;9.19;4.3;
272;2020-01-12 08:00:00;2.08;;;;4.0;46.0;13.52;735.9;0.0;56.0;9.7;0.016;8.99;3.5;
273;2020-01-12 09:00:00;2.18;;;;6.0;45.0;15.91;736.3;0.0;52.0;10.0;0.069;10.75;4.2;
274;2020-01-12 10:00:00;2.52;;;;11.0;74.0;26.56;736.6;0.0;41.0;12.3;0.222;13.8;7.8;
275;2020-01-12 11:00:00;2.9;;;;16.0;97.0;37.25;737.2;0.0;35.0;16.8;0.316;16.41;5.6;
276;2020-01-12 12:00:00;2.62;;;;27.0;104.0;32.15;737.3;0.0;33.0;16.3;0.424;18.12;7.7;
277;2020-01-12 13:00:00;2.49;;;;41.0;102.0;35.53;736.4;0.0;31.0;14.3;0.46;19.27;7.8;
278;2020-01-12 14:00:00;2.41;;;;44.0;99.0;37.01;735.5;0.0;32.0;14.6;0.405;20.24;8.5;
279;2020-01-12 15:00:00;2.05;;;;56.0;93.0;18.44;735.2;0.0;36.0;11.4;0.341;20.93;8.6;
280;2020-01-12 16:00:00;2.0;;;;55.0;66.0;14.98;735.2;0.0;35.0;10.8;0.234;21.31;6.6;
281;2020-01-12 17:00:00;1.94;;;;52.0;62.0;12.54;735.3;0.0;31.0;10.7;0.158;22.07;7.5;
282;2020-01-12 18:00:00;2.0;;;;47.0;49.0;13.71;735.2;0.0;34.0;10.5;0.051;21.08;4.1;
283;2020-01-12 19:00:00;2.28;;;;27.0;51.0;27.77;735.6;0.0;42.0;10.5;0.008;19.13;9.6;
284;2020-01-12 20:00:00;2.42;;;;19.0;98.0;27.94;735.6;0.0;47.0;11.7;0.007;17.9;8.9;
285;2020-01-12 21:00:00;2.68;;;;3.0;72.0;26.45;735.7;0.0;53.0;10.6;0.007;15.86;6.0;
286;2020-01-12 22:00:00;2.73;;;;3.0;71.0;27.46;734.3;0.0;56.0;10.6;0.007;15.54;5.8;
287;2020-01-12 23:00:00;2.46;;;;4.0;72.0;20.47;734.1;0.0;57.0;10.7;0.007;15.62;6.2;
288;2020-01-13 00:00:00;2.4;;;;3.0;58.0;17.04;733.4;0.0;60.0;10.8;0.007;15.16;5.6;
289;2020-01-13 01:00:00;2.38;;;;3.0;57.0;16.37;733.2;0.0;65.0;10.6;0.007;14.14;4.0;
290;2020-01-13 02:00:00;2.37;;;;3.0;43.0;17.19;732.3;0.0;70.0;10.8;0.007;13.39;5.6;
291;2020-01-13 03:00:00;2.34;;;;;51.0;20.48;732.3;0.0;73.0;7.9;0.007;12.85;5.8;
292;2020-01-13 04:00:00;2.25;;;;;46.0;20.91;732.1;0.0;71.0;7.5;0.007;13.38;7.0;
293;2020-01-13 05:00:00;2.2;;;;;52.0;23.03;732.0;0.0;69.0;9.6;0.007;13.88;4.1;
294;2020-01-13 06:00:00;2.2;;;;;54.0;22.7;732.3;0.0;71.0;10.8;0.007;13.52;3.7;
295;2020-01-13 07:00:00;2.32;;;;;57.0;21.49;732.6;0.0;75.0;8.1;0.007;12.94;3.5;
296;2020-01-13 08:00:00;3.11;;;;;56.0;28.86;733.0;0.0;72.0;6.9;0.011;13.47;5.9;
297;2020-01-13 09:00:00;3.77;;;;4.0;104.0;37.21;733.5;0.0;72.0;7.0;0.064;14.32;3.2;
298;2020-01-13 10:00:00;3.66;;;;4.0;157.0;43.69;736.1;0.0;61.0;7.5;0.124;16.97;4.7;
299;2020-01-13 11:00:00;3.56;;;;6.0;145.0;44.89;737.6;0.0;56.0;8.9;0.184;18.45;7.7;
300;2020-01-13 12:00:00;2.85;;;;10.0;140.0;38.48;737.3;0.0;53.0;10.6;0.224;19.86;7.1;
301;2020-01-13 13:00:00;2.36;;;;16.0;122.0;33.45;736.6;0.0;47.0;16.9;0.286;21.57;8.3;
302;2020-01-13 14:00:00;2.42;;;;23.0;115.0;32.91;736.0;0.0;43.0;18.7;0.293;22.83;7.5;
303;2020-01-13 15:00:00;2.54;;;;28.0;116.0;34.47;735.4;0.0;43.0;17.2;0.233;22.99;8.4;
304;2020-01-13 16:00:00;2.4;;;;42.0;124.0;31.15;734.4;0.0;40.0;13.6;0.24;24.13;7.3;
305;2020-01-13 17:00:00;2.41;;;;40.0;117.0;31.0;735.4;0.0;40.0;12.2;0.111;23.6;4.1;
306;2020-01-13 18:00:00;2.51;;;;27.0;108.0;32.32;735.4;0.0;45.0;9.9;0.037;22.38;3.8;
307;2020-01-13 19:00:00;2.99;;;;4.0;130.0;33.35;735.7;0.0;53.0;8.3;0.008;20.12;3.9;
308;2020-01-13 20:00:00;3.23;;;;3.0;126.0;31.77;735.2;0.0;59.0;7.4;0.007;18.51;4.3;
309;2020-01-13 21:00:00;3.44;;;;3.0;119.0;37.17;736.4;0.0;62.0;7.4;0.007;17.88;6.3;
310;2020-01-13 22:00:00;3.34;;;;3.0;123.0;38.82;736.4;0.0;65.0;7.2;0.007;16.92;4.6;
311;2020-01-13 23:00:00;3.15;;;;;125.0;35.38;736.4;0.0;70.0;6.9;0.007;16.14;5.6;
312;2020-01-14 00:00:00;2.96;;;;;106.0;35.44;736.2;0.0;68.0;6.8;0.007;16.53;5.4;
313;2020-01-14 01:00:00;2.52;;;;5.0;88.0;30.08;735.8;0.0;68.0;6.6;0.007;16.4;6.1;
314;2020-01-14 02:00:00;2.4;;;;6.0;65.0;27.75;735.7;0.0;70.0;6.4;0.007;15.78;6.2;
315;2020-01-14 03:00:00;2.38;;;;4.0;68.0;28.01;735.7;0.0;76.0;6.3;0.007;14.52;3.1;
316;2020-01-14 04:00:00;2.36;;;;4.0;58.0;28.99;735.4;0.0;74.0;6.4;0.007;14.84;7.7;
317;2020-01-14 05:00:00;2.36;;;;4.0;63.0;30.85;735.2;0.0;75.0;6.4;0.007;14.43;7.0;
318;2020-01-14 06:00:00;2.32;;;;;74.0;28.08;735.4;0.0;75.0;6.5;0.007;14.54;8.7;
319;2020-01-14 07:00:00;2.31;;;;2.0;71.0;24.89;735.8;0.0;79.0;6.6;0.007;13.79;4.4;
320;2020-01-14 08:00:00;2.58;;;;3.0;58.0;24.46;736.2;0.0;79.0;6.5;0.015;14.0;7.1;
321;2020-01-14 09:00:00;3.07;;;;4.0;61.0;29.34;736.6;0.0;68.0;6.9;0.086;16.74;5.1;
322;2020-01-14 10:00:00;3.03;;;;8.0;77.0;45.88;737.0;0.0;51.0;8.4;0.205;20.43;6.3;
323;2020-01-14 11:00:00;3.62;;;;12.0;235.0;61.33;737.1;0.0;43.0;16.5;0.304;23.25;3.9;
324;2020-01-14 12:00:00;3.36;;;;31.0;199.0;76.6;737.0;0.0;46.0;13.9;0.372;23.48;8.7;
325;2020-01-14 13:00:00;2.72;;;;59.0;204.0;62.94;736.2;0.0;43.0;13.3;0.378;24.84;7.8;
326;2020-01-14 14:00:00;2.67;;;;80.0;164.0;62.04;735.3;0.0;42.0;12.3;0.393;25.57;10.5;
327;2020-01-14 15:00:00;2.58;;;;90.0;168.0;56.44;734.6;0.0;43.0;11.2;0.297;26.26;11.1;
328;2020-01-14 16:00:00;2.32;;;;79.0;162.0;33.67;734.1;0.0;46.0;9.8;0.163;26.56;7.4;
329;2020-01-14 17:00:00;2.28;;;;75.0;102.0;29.43;733.7;0.0;46.0;9.2;0.111;26.72;7.7;
330;2020-01-14 18:00:00;2.3;;;;51.0;89.0;26.13;733.6;0.0;51.0;8.2;0.041;25.54;11.8;
331;2020-01-14 19:00:00;2.47;;;;39.0;96.0;32.68;733.8;0.0;55.0;9.8;0.008;24.2;10.6;
332;2020-01-14 20:00:00;2.98;;;;13.0;123.0;36.19;734.1;0.0;59.0;10.4;0.007;23.29;6.7;
333;2020-01-14 21:00:00;2.77;;;;11.0;52.0;37.75;734.3;0.0;65.0;8.6;0.007;21.79;4.0;
334;2020-01-14 22:00:00;2.87;;;;5.0;82.0;32.97;734.3;0.0;69.0;7.7;0.007;20.64;4.8;
335;2020-01-14 23:00:00;2.86;;;;2.0;90.0;30.14;734.4;0.0;72.0;7.2;0.007;19.76;5.6;
336;2020-01-15 00:00:00;2.69;;;;2.0;80.0;26.04;734.3;0.0;76.0;7.0;0.007;18.9;3.5;
337;2020-01-15 01:00:00;2.9;;;;2.0;64.0;28.99;734.2;0.0;79.0;6.9;0.007;18.43;2.9;
338;2020-01-15 02:00:00;2.71;;;;;65.0;31.36;734.2;0.0;82.0;6.7;0.007;17.79;2.9;
339;2020-01-15 03:00:00;2.63;;;;;64.0;31.3;734.1;0.0;84.0;6.6;0.007;17.17;2.9;
340;2020-01-15 04:00:00;2.65;;;;;65.0;34.38;734.1;0.0;86.0;6.7;0.007;16.58;;
341;2020-01-15 05:00:00;2.76;;;;;68.0;38.17;733.8;0.0;87.0;6.6;0.007;16.18;;
342;2020-01-15 06:00:00;2.88;;;;;86.0;41.95;733.8;0.0;87.0;6.6;0.007;16.46;;
343;2020-01-15 07:00:00;3.02;;;;;93.0;43.04;733.8;0.0;84.0;6.7;0.007;17.4;;
344;2020-01-15 08:00:00;3.06;;;;3.0;106.0;44.49;734.1;0.0;79.0;6.8;0.008;18.21;;
345;2020-01-15 09:00:00;3.09;;;;3.0;109.0;43.22;734.5;0.0;80.0;6.8;0.023;18.8;3.2;
346;2020-01-15 10:00:00;3.03;;;;3.0;97.0;39.25;735.0;0.0;82.0;7.1;0.056;19.6;7.0;
347;2020-01-15 11:00:00;2.37;;;;14.0;120.0;32.24;735.0;0.0;81.0;10.9;0.116;20.25;10.8;
348;2020-01-15 12:00:00;2.19;;;;24.0;76.0;28.73;735.3;0.0;74.0;10.9;0.185;21.47;8.1;
349;2020-01-15 13:00:00;2.18;;;;30.0;62.0;30.41;734.8;0.0;70.0;;0.276;22.6;11.3;
350;2020-01-15 14:00:00;2.13;;;;32.0;72.0;28.19;734.2;0.0;69.0;10.7;0.29;23.02;12.8;
351;2020-01-15 15:00:00;2.14;;;;45.0;76.0;31.83;733.9;0.0;66.0;8.6;0.246;23.65;11.3;
352;2020-01-15 16:00:00;2.17;;;;55.0;78.0;33.06;733.8;0.0;61.0;7.0;0.193;24.81;6.5;
353;2020-01-15 17:00:00;2.27;;;;56.0;75.0;35.2;733.9;0.0;60.0;6.9;0.121;24.97;6.2;
354;2020-01-15 18:00:00;2.53;;;;39.0;96.0;40.86;734.1;0.0;64.0;6.7;0.039;23.9;5.2;
355;2020-01-15 19:00:00;3.11;;;;5.0;127.0;57.76;734.2;0.0;71.0;7.1;0.008;22.0;5.5;
356;2020-01-15 20:00:00;3.42;;;;2.0;149.0;60.57;734.6;0.0;75.0;7.3;0.007;21.01;5.0;
357;2020-01-15 21:00:00;3.56;;;;2.0;158.0;61.25;735.1;0.0;76.0;7.0;0.007;20.79;6.2;
358;2020-01-15 22:00:00;3.49;;;;2.0;141.0;57.43;735.3;0.0;80.0;7.0;0.007;19.86;3.7;
359;2020-01-15 23:00:00;3.44;;;;;132.0;56.15;735.4;0.0;82.0;6.8;0.007;19.32;3.7;
360;2020-01-16 00:00:00;3.04;;;;;120.0;46.36;735.5;0.0;83.0;6.6;0.007;19.06;4.5;
361;2020-01-16 01:00:00;2.74;;;;;91.0;39.71;735.5;0.0;82.0;6.3;0.007;19.3;5.3;
362;2020-01-16 02:00:00;2.47;;;;5.0;78.0;33.59;735.4;0.0;84.0;6.5;0.007;19.36;5.6;
363;2020-01-16 03:00:00;1.96;;;;13.0;70.0;12.45;735.3;0.0;88.0;6.6;0.007;20.01;8.5;
364;2020-01-16 04:00:00;2.18;;;;6.0;34.0;21.91;735.3;0.0;88.0;6.6;0.007;19.37;3.3;
365;2020-01-16 05:00:00;2.36;;;;5.0;67.0;28.63;735.6;0.0;86.0;;0.007;19.51;3.7;
366;2020-01-16 06:00:00;1.96;;;;10.0;63.0;11.93;735.8;0.0;91.0;6.7;0.007;19.71;5.3;
367;2020-01-16 07:00:00;2.06;;;;7.0;23.0;10.35;736.2;0.0;91.0;6.4;0.007;19.7;9.3;
368;2020-01-16 08:00:00;2.18;;;;4.0;23.0;12.6;736.7;0.0;92.0;6.4;0.009;19.66;7.3;
369;2020-01-16 09:00:00;2.15;;;;7.0;30.0;14.29;737.3;0.0;90.0;6.7;0.019;19.83;5.9;
370;2020-01-16 10:00:00;2.19;;;;8.0;55.0;11.28;737.9;0.0;90.0;6.7;0.046;19.94;7.2;
371;2020-01-16 11:00:00;2.2;;;;8.0;31.0;15.93;738.2;0.01;92.0;7.1;0.048;19.76;10.5;
372;2020-01-16 12:00:00;2.11;;;;14.0;30.0;12.35;738.0;0.01;93.0;7.7;0.072;19.52;17.1;
373;2020-01-16 13:00:00;2.0;;;;20.0;21.0;12.71;737.3;0.01;86.0;7.6;0.096;20.25;22.6;
374;2020-01-16 14:00:00;1.94;;;;24.0;27.0;10.65;736.8;0.0;70.0;6.5;0.137;22.5;7.4;
375;2020-01-16 15:00:00;2.02;;;;22.0;32.0;12.42;736.4;0.0;70.0;6.1;0.133;23.22;12.0;
376;2020-01-16 16:00:00;1.96;;;;25.0;26.0;11.47;736.1;0.0;61.0;6.2;0.078;23.74;12.0;
377;2020-01-16 17:00:00;1.96;;;;25.0;32.0;11.12;736.0;0.0;60.0;6.1;0.035;23.93;7.4;
378;2020-01-16 18:00:00;2.16;;;;14.0;31.0;13.56;736.0;0.0;63.0;6.1;0.016;23.42;3.4;
379;2020-01-16 19:00:00;2.26;;;;15.0;39.0;13.5;736.1;0.0;59.0;6.2;0.007;23.77;6.4;
380;2020-01-16 20:00:00;2.53;;;;10.0;49.0;17.31;736.6;0.0;61.0;6.3;0.007;23.45;14.0;
381;2020-01-16 21:00:00;2.17;;;;14.0;76.0;17.53;737.0;0.0;66.0;6.3;0.007;22.8;20.2;
382;2020-01-16 22:00:00;2.01;;;;17.0;50.0;11.2;737.2;0.0;75.0;6.0;0.007;21.88;17.7;
383;2020-01-16 23:00:00;1.98;;;;18.0;34.0;10.48;737.5;0.04;84.0;6.0;0.007;20.77;18.7;
384;2020-01-17 00:00:00;1.95;;;;18.0;28.0;9.94;737.4;0.0;87.0;6.1;0.007;20.34;21.6;
385;2020-01-17 01:00:00;1.92;;;;19.0;22.0;9.18;737.2;0.0;88.0;6.1;0.007;20.01;26.3;
386;2020-01-17 02:00:00;1.91;;;;19.0;16.0;9.45;737.1;0.0;89.0;6.0;0.007;19.64;27.1;
387;2020-01-17 03:00:00;1.9;;;;19.0;26.0;14.32;736.8;0.0;90.0;5.9;0.007;19.39;21.0;
388;2020-01-17 04:00:00;1.91;;;;;31.0;8.21;736.4;0.04;92.0;7.0;0.01;19.34;18.0;
389;2020-01-17 05:00:00;1.92;;;;20.0;13.0;5.81;736.3;0.09;92.0;6.4;0.01;19.34;13.6;
390;2020-01-17 06:00:00;1.93;;;;19.0;7.0;;736.1;0.02;92.0;6.3;0.01;19.24;15.8;
391;2020-01-17 07:00:00;1.95;;;;19.0;20.0;8.95;736.2;0.02;90.0;6.0;0.011;19.42;21.0;
392;2020-01-17 08:00:00;2.04;;;;18.0;19.0;7.21;736.4;0.01;93.0;6.1;0.012;19.03;21.0;
393;2020-01-17 09:00:00;2.06;;;;18.0;20.0;6.1;736.7;0.0;93.0;5.9;0.038;18.75;18.2;
394;2020-01-17 10:00:00;2.06;;;;19.0;9.0;5.52;737.2;0.0;91.0;5.8;0.069;18.98;14.1;
395;2020-01-17 11:00:00;2.15;;;;17.0;12.0;5.11;737.5;0.0;92.0;6.3;0.11;19.12;14.9;
396;2020-01-17 12:00:00;2.13;;;;17.0;13.0;7.92;737.1;0.02;92.0;6.3;0.106;19.25;15.2;
397;2020-01-17 13:00:00;2.12;;;;20.0;16.0;10.16;736.5;0.02;92.0;6.0;0.149;19.41;17.5;
398;2020-01-17 14:00:00;2.22;;;;15.0;18.0;9.57;735.9;0.0;89.0;6.1;0.096;19.84;9.5;
399;2020-01-17 15:00:00;2.25;;;;15.0;26.0;11.65;735.5;0.0;87.0;6.2;0.109;20.37;10.3;
400;2020-01-17 16:00:00;2.24;;;;9.0;26.0;12.01;735.3;0.06;89.0;6.4;0.03;19.75;10.9;
401;2020-01-17 17:00:00;2.33;;;;4.0;28.0;16.66;735.4;0.0;93.0;6.1;0.023;18.83;9.9;
402;2020-01-17 18:00:00;2.34;;;;3.0;34.0;15.7;735.6;0.02;93.0;6.0;0.013;18.63;7.7;
403;2020-01-17 19:00:00;2.48;;;;2.0;38.0;14.31;735.9;0.0;94.0;6.1;0.01;18.6;5.7;
404;2020-01-17 20:00:00;2.68;;;;2.0;42.0;16.62;736.1;0.02;94.0;6.0;0.01;18.5;5.4;
405;2020-01-17 21:00:00;2.77;;;;2.0;47.0;19.84;736.2;0.0;94.0;6.1;0.01;18.64;3.3;
406;2020-01-17 22:00:00;2.49;;;;;40.0;20.12;736.4;0.0;94.0;6.1;0.01;18.79;4.7;
407;2020-01-17 23:00:00;2.47;;;;;41.0;19.14;737.1;0.1;95.0;;0.009;18.82;4.2;
408;2020-01-18 00:00:00;2.82;;;;;44.0;25.85;737.3;0.3;95.0;6.0;0.008;18.86;3.5;
409;2020-01-18 01:00:00;2.67;;;;;40.0;19.03;736.7;0.04;95.0;6.2;0.008;18.67;4.4;
410;2020-01-18 02:00:00;2.69;;;;;23.0;21.84;736.2;0.0;95.0;6.3;0.009;18.56;2.9;
411;2020-01-18 03:00:00;2.45;;;;;41.0;15.55;735.4;0.0;95.0;6.0;0.01;18.31;5.4;
412;2020-01-18 04:00:00;2.28;;;;;24.0;11.75;735.0;0.0;95.0;6.1;0.01;18.25;4.4;
413;2020-01-18 05:00:00;2.22;;;;3.0;16.0;11.01;735.1;0.0;95.0;6.1;0.01;18.09;4.3;
414;2020-01-18 06:00:00;2.53;;;;2.0;18.0;;735.4;0.02;;6.4;0.01;17.87;4.8;
415;2020-01-18 07:00:00;2.66;;;;2.0;41.0;;736.0;0.0;96.0;6.6;0.01;17.73;5.5;
416;2020-01-18 08:00:00;2.98;;;;2.0;49.0;;736.2;0.0;96.0;6.7;0.012;17.54;3.3;
417;2020-01-18 09:00:00;3.48;;;;3.0;62.0;;737.1;0.0;96.0;7.2;0.05;17.8;3.2;
418;2020-01-18 10:00:00;2.75;;;;4.0;61.0;;738.0;0.0;94.0;7.1;0.164;18.88;7.0;
419;2020-01-18 11:00:00;2.23;;;;9.0;58.0;;738.7;0.0;86.0;6.5;0.127;19.21;11.2;
420;2020-01-18 12:00:00;2.09;;;;16.0;42.0;;739.0;0.0;77.0;6.5;0.267;20.4;9.5;
421;2020-01-18 13:00:00;2.2;;;;23.0;40.0;;738.6;0.0;66.0;;0.443;23.35;9.2;
422;2020-01-18 14:00:00;2.15;;;;35.0;47.0;;737.9;0.0;62.0;6.6;0.412;23.95;9.1;
423;2020-01-18 15:00:00;2.16;;;;41.0;44.0;;737.5;0.0;59.0;6.9;0.294;24.96;7.8;
424;2020-01-18 16:00:00;2.22;;;;36.0;55.0;;737.2;0.0;62.0;6.7;0.236;24.15;12.2;
425;2020-01-18 17:00:00;2.19;;;;36.0;72.0;;737.4;0.0;61.0;6.6;0.13;24.27;8.0;
426;2020-01-18 18:00:00;2.18;;;;31.0;61.0;;737.5;0.0;64.0;6.5;0.031;23.47;5.5;
427;2020-01-18 19:00:00;2.09;;;;27.0;53.0;;738.3;0.0;66.0;6.3;0.008;21.69;19.7;
428;2020-01-18 20:00:00;;;;;;;;;;;;0.0;;;
429;2020-01-18 21:00:00;2.09;;;;21.0;35.0;;739.8;0.0;76.0;6.1;0.007;19.14;6.7;
430;2020-01-18 22:00:00;2.02;;;;25.0;32.0;;;0.0;76.0;6.0;0.007;19.15;8.9;
431;2020-01-18 23:00:00;1.98;;;;23.0;17.0;;;0.0;79.0;6.0;0.007;18.72;7.6;
432;2020-01-19 00:00:00;1.99;;;;22.0;16.0;;;0.0;80.0;;0.007;18.48;3.6;
433;2020-01-19 01:00:00;1.98;;;;19.0;21.0;9.32;;0.0;80.0;;0.007;18.34;3.1;
434;2020-01-19 02:00:00;1.96;;;;22.0;17.0;10.48;;0.0;80.0;5.9;0.007;17.86;11.8;
435;2020-01-19 03:00:00;1.91;;;;26.0;23.0;9.87;;0.0;71.0;6.3;0.007;17.03;13.4;
436;2020-01-19 04:00:00;1.89;;;;29.0;25.0;7.66;;0.0;65.0;6.7;0.007;16.67;11.9;
437;2020-01-19 05:00:00;1.89;;;;29.0;23.0;7.09;;0.0;64.0;6.7;0.007;16.04;15.3;
438;2020-01-19 06:00:00;1.89;;;;27.0;26.0;7.32;;0.0;67.0;6.8;0.007;15.17;12.4;
439;2020-01-19 07:00:00;1.88;;;;25.0;20.0;7.59;;0.0;67.0;6.8;0.007;14.5;11.8;
440;2020-01-19 08:00:00;1.89;;;;24.0;25.0;7.57;;0.0;67.0;7.4;0.008;13.43;13.4;
441;2020-01-19 09:00:00;1.89;;;;21.0;23.0;7.23;;0.0;68.0;6.7;0.035;12.97;11.7;
442;2020-01-19 10:00:00;1.9;;;;22.0;24.0;8.16;;0.0;69.0;6.5;0.067;12.56;12.0;
443;2020-01-19 11:00:00;1.92;;;;21.0;22.0;8.2;;0.0;67.0;6.3;0.101;12.58;9.6;
444;2020-01-19 12:00:00;1.93;;;;23.0;32.0;8.13;;0.0;64.0;6.4;0.168;12.85;6.1;
445;2020-01-19 13:00:00;1.93;;;;24.0;27.0;8.63;;0.0;62.0;6.3;0.19;13.35;6.4;
446;2020-01-19 14:00:00;1.98;;;;24.0;24.0;10.03;;0.0;61.0;9.1;0.167;13.72;10.5;
447;2020-01-19 15:00:00;2.03;;;;22.0;30.0;11.75;;0.0;61.0;10.4;0.123;13.94;9.0;
448;2020-01-19 16:00:00;2.02;;;;22.0;30.0;12.45;;0.0;61.0;10.3;0.055;14.0;4.0;
449;2020-01-19 17:00:00;2.05;;;;21.0;35.0;12.69;;0.0;59.0;10.5;0.044;14.23;4.1;
450;2020-01-19 18:00:00;1.99;;;;23.0;33.0;10.14;;0.0;58.0;10.9;0.023;14.26;6.6;
451;2020-01-19 19:00:00;1.98;;;;23.0;26.0;9.87;;0.0;57.0;7.6;0.007;14.2;9.4;
452;2020-01-19 20:00:00;1.97;;;;24.0;30.0;8.9;;0.0;53.0;8.1;0.007;13.83;12.0;
453;2020-01-19 21:00:00;2.03;;;;20.0;28.0;10.58;;0.0;56.0;7.6;0.007;13.59;10.3;
454;2020-01-19 22:00:00;1.99;;;;22.0;22.0;10.6;;0.0;60.0;6.9;0.007;13.42;7.7;
455;2020-01-19 23:00:00;1.92;;;;28.0;29.0;6.68;;0.0;55.0;7.2;0.007;13.18;13.1;
456;2020-01-20 00:00:00;1.88;;;;30.0;17.0;6.04;;0.0;56.0;8.2;0.007;13.24;10.4;
457;2020-01-20 01:00:00;1.83;;;;36.0;17.0;5.05;;0.0;51.0;9.5;0.007;13.54;13.8;
458;2020-01-20 02:00:00;1.84;;;;38.0;11.0;4.69;;0.0;50.0;8.4;0.007;13.35;10.4;
459;2020-01-20 03:00:00;1.84;;;;38.0;15.0;4.19;;0.0;50.0;9.0;0.007;13.12;11.3;
460;2020-01-20 04:00:00;1.82;;;;38.0;15.0;4.09;;0.0;49.0;8.4;0.007;12.88;13.0;
461;2020-01-20 05:00:00;1.82;;;;34.0;14.0;4.18;;0.0;53.0;7.2;0.007;12.25;15.1;
462;2020-01-20 06:00:00;1.85;;;;29.0;14.0;4.73;;0.0;59.0;7.9;0.007;11.69;15.4;
463;2020-01-20 07:00:00;1.94;;;;23.0;20.0;5.66;;0.0;64.0;6.7;0.007;11.33;13.7;
464;2020-01-20 08:00:00;1.99;;;;19.0;22.0;6.69;;0.0;68.0;6.5;0.013;11.17;14.2;
465;2020-01-20 09:00:00;1.97;;;;24.0;28.0;6.81;;0.0;69.0;6.4;0.058;11.13;12.2;
466;2020-01-20 10:00:00;1.93;;;;36.0;19.0;5.62;;0.0;58.0;6.4;0.163;11.77;11.6;
467;2020-01-20 11:00:00;1.88;;;;40.0;36.0;4.38;;0.0;51.0;6.2;0.217;12.62;15.8;
468;2020-01-20 12:00:00;1.86;;;;43.0;23.0;5.24;;0.0;48.0;6.4;0.286;13.43;21.2;
469;2020-01-20 13:00:00;1.88;;;;43.0;23.0;4.84;;0.0;46.0;6.1;0.394;14.41;20.1;
470;2020-01-20 14:00:00;1.89;;;;44.0;17.0;5.04;;0.0;45.0;6.1;0.304;14.56;15.0;
471;2020-01-20 15:00:00;1.9;;;;43.0;20.0;4.92;;0.0;46.0;;0.213;14.62;18.7;
472;2020-01-20 16:00:00;1.9;;;;43.0;13.0;5.09;;0.0;46.0;6.2;0.177;14.82;18.9;
473;2020-01-20 17:00:00;1.9;;;;43.0;20.0;5.38;;0.0;47.0;6.3;0.107;14.7;18.9;
474;2020-01-20 18:00:00;1.9;;;;42.0;19.0;5.69;;0.0;48.0;6.2;0.051;14.26;17.7;
475;2020-01-20 19:00:00;1.89;;;;41.0;23.0;5.49;;0.0;50.0;6.1;0.008;13.74;17.6;
476;2020-01-20 20:00:00;1.91;;;;42.0;22.0;5.58;;0.0;49.0;6.0;0.007;13.8;15.9;
477;2020-01-20 21:00:00;1.9;;;;43.0;22.0;5.18;;0.0;49.0;6.1;0.007;13.67;18.0;
478;2020-01-20 22:00:00;1.9;;;;39.0;24.0;6.51;;0.0;54.0;6.1;0.007;12.99;19.2;
479;2020-01-20 23:00:00;1.91;;;;36.0;28.0;7.85;;0.0;59.0;6.2;0.007;12.8;19.6;
480;2020-01-21 00:00:00;1.88;;;;40.0;25.0;5.32;;0.0;61.0;6.1;0.007;12.88;20.3;
481;2020-01-21 01:00:00;1.86;;;;43.0;23.0;4.82;;0.0;61.0;6.1;0.007;12.98;17.5;
482;2020-01-21 02:00:00;1.85;;;;43.0;15.0;4.64;;0.0;62.0;;0.007;12.99;15.9;
483;2020-01-21 03:00:00;1.86;;;;42.0;15.0;4.79;;0.0;65.0;6.0;0.007;12.52;21.1;
484;2020-01-21 04:00:00;1.86;;;;35.0;16.0;5.51;;0.0;72.0;6.0;0.007;11.5;23.2;
485;2020-01-21 05:00:00;1.86;;;;35.0;20.0;5.48;;0.0;76.0;6.1;0.007;11.15;21.7;
486;2020-01-21 06:00:00;1.88;;;;34.0;17.0;6.06;;0.0;77.0;6.0;0.007;10.9;18.9;
487;2020-01-21 07:00:00;1.93;;;;29.0;22.0;6.59;;0.0;82.0;5.7;0.007;10.34;17.5;
488;2020-01-21 08:00:00;1.97;;;;29.0;25.0;5.9;;0.0;85.0;5.7;0.009;9.94;18.7;
489;2020-01-21 09:00:00;1.96;;;;29.0;26.0;5.87;;0.0;87.0;;0.031;9.82;20.4;
490;2020-01-21 10:00:00;1.97;;;;28.0;21.0;5.6;;0.0;90.0;5.8;0.074;9.86;25.8;
491;2020-01-21 11:00:00;1.95;;;;29.0;23.0;5.06;;0.0;89.0;5.7;0.103;10.15;27.2;
492;2020-01-21 12:00:00;1.97;;;;30.0;21.0;6.73;;0.0;89.0;5.7;0.086;10.19;27.3;
493;2020-01-21 13:00:00;1.99;;;;31.0;23.0;6.66;;0.0;88.0;;0.06;10.5;10.6;
494;2020-01-21 14:00:00;1.94;;;;34.0;25.0;6.61;;0.0;78.0;5.8;0.079;12.21;18.7;
495;2020-01-21 15:00:00;1.94;;;;37.0;28.0;6.44;739.8;0.0;79.0;5.8;0.077;12.32;26.3;
496;2020-01-21 16:00:00;2.02;;;;34.0;22.0;7.2;739.5;0.0;84.0;6.0;0.042;12.03;25.3;
497;2020-01-21 17:00:00;1.98;;;;34.0;24.0;7.11;739.1;0.0;86.0;6.1;0.025;11.82;21.6;
498;2020-01-21 18:00:00;1.97;;;;34.0;21.0;5.96;739.3;0.0;86.0;6.2;0.015;11.94;20.6;
499;2020-01-21 19:00:00;2.0;;;;33.0;15.0;6.26;738.9;0.0;86.0;6.3;0.008;12.29;21.4;
500;2020-01-21 20:00:00;1.97;;;;35.0;14.0;3.94;738.4;0.0;87.0;6.3;0.008;12.47;21.6;
501;2020-01-21 21:00:00;1.95;;;;36.0;10.0;3.76;738.0;0.0;86.0;6.2;0.008;12.86;22.1;
502;2020-01-21 22:00:00;1.94;;;;33.0;13.0;4.78;737.8;0.0;84.0;5.9;0.007;13.27;16.9;
503;2020-01-21 23:00:00;1.93;;;;33.0;18.0;5.95;737.3;0.0;86.0;5.8;0.007;12.98;17.8;
504;2020-01-22 00:00:00;1.95;;;;31.0;13.0;6.5;736.5;0.0;87.0;5.9;0.007;12.96;12.0;
505;2020-01-22 01:00:00;1.97;;;;25.0;13.0;6.22;735.7;0.0;89.0;5.7;0.007;12.83;6.5;
506;2020-01-22 02:00:00;1.97;;;;20.0;9.0;6.49;735.3;0.0;91.0;5.9;0.007;12.73;4.2;
507;2020-01-22 03:00:00;2.0;;;;15.0;15.0;6.33;734.8;0.0;92.0;5.9;0.007;12.71;4.1;
508;2020-01-22 04:00:00;2.03;;;;12.0;11.0;;734.5;0.0;90.0;6.0;0.007;12.98;7.3;
509;2020-01-22 05:00:00;2.01;;;;14.0;25.0;17.66;734.1;0.0;85.0;5.8;0.007;13.25;9.1;
510;2020-01-22 06:00:00;2.06;;;;8.0;32.0;19.23;734.1;0.0;85.0;5.9;0.007;13.38;7.3;
511;2020-01-22 07:00:00;2.11;;;;4.0;35.0;23.55;734.1;0.0;83.0;6.0;0.007;13.62;10.6;
512;2020-01-22 08:00:00;2.19;;;;5.0;49.0;23.92;733.7;0.0;80.0;6.0;0.01;13.92;7.5;
513;2020-01-22 09:00:00;2.65;;;;4.0;59.0;22.14;734.4;0.0;79.0;6.2;0.024;14.12;7.6;
514;2020-01-22 10:00:00;2.84;;;;4.0;57.0;23.97;734.4;0.0;80.0;6.3;0.072;14.44;4.2;
515;2020-01-22 11:00:00;2.72;;;;6.0;71.0;27.83;734.6;0.0;73.0;6.5;0.129;15.64;4.7;
516;2020-01-22 12:00:00;2.31;;;;12.0;77.0;21.62;734.1;0.0;71.0;6.2;0.126;15.92;8.1;
517;2020-01-22 13:00:00;2.38;;;;14.0;60.0;24.3;733.3;0.0;70.0;6.4;0.181;16.51;7.7;
518;2020-01-22 14:00:00;2.62;;;;10.0;65.0;34.4;731.6;0.0;74.0;6.3;0.088;16.33;11.4;
519;2020-01-22 15:00:00;2.57;;;;9.0;77.0;32.89;732.1;0.0;76.0;6.4;0.068;15.86;7.4;
520;2020-01-22 16:00:00;2.51;;;;9.0;94.0;30.11;731.9;0.0;74.0;6.6;0.064;16.06;4.4;
521;2020-01-22 17:00:00;2.72;;;;5.0;78.0;29.22;731.5;0.0;75.0;6.7;0.037;16.08;11.1;
522;2020-01-22 18:00:00;2.77;;;;4.0;90.0;29.98;731.6;0.0;74.0;6.7;0.026;16.08;7.6;
523;2020-01-22 19:00:00;3.22;;;;3.0;93.0;33.34;731.5;0.0;77.0;;0.008;15.59;5.6;
524;2020-01-22 20:00:00;3.41;;;;3.0;113.0;33.78;731.9;0.0;82.0;;0.007;14.89;4.5;
525;2020-01-22 21:00:00;3.62;;;;3.0;111.0;35.84;731.8;0.0;85.0;6.9;0.007;14.17;4.3;
526;2020-01-22 22:00:00;3.68;;;;;102.0;36.45;732.1;0.0;88.0;7.0;0.007;13.75;3.0;
527;2020-01-22 23:00:00;3.68;;;;;112.0;38.0;732.1;0.0;89.0;7.0;0.007;13.37;3.2;
528;2020-01-23 00:00:00;3.56;;;;;116.0;40.76;732.2;0.0;89.0;6.9;0.007;13.17;3.3;
529;2020-01-23 01:00:00;2.76;;;;;95.0;28.69;731.9;0.0;89.0;6.7;0.007;13.08;3.7;
530;2020-01-23 02:00:00;2.4;;;;;56.0;18.64;731.6;0.0;88.0;6.5;0.007;12.94;3.3;
531;2020-01-23 03:00:00;2.28;;;;;49.0;17.75;731.3;0.0;87.0;6.5;0.007;12.8;3.3;
532;2020-01-23 04:00:00;2.14;;;;;37.0;13.08;731.4;0.0;89.0;6.3;0.008;11.8;2.9;
533;2020-01-23 05:00:00;2.14;;;;;27.0;13.39;731.5;0.0;91.0;6.3;0.008;10.88;2.9;
534;2020-01-23 06:00:00;2.28;;;;;25.0;16.02;731.8;0.0;93.0;6.4;0.009;10.94;3.0;
535;2020-01-23 07:00:00;2.84;;;;;41.0;31.97;732.6;0.0;91.0;6.6;0.01;11.51;3.0;
536;2020-01-23 08:00:00;3.24;;;;;73.0;27.93;733.5;0.0;80.0;6.7;0.018;13.78;2.9;
537;2020-01-23 09:00:00;3.29;;;;4.0;78.0;34.66;734.2;0.0;75.0;6.9;0.111;14.63;7.0;
538;2020-01-23 10:00:00;2.82;;;;6.0;113.0;29.56;734.9;;63.0;7.1;0.231;17.38;6.2;
539;2020-01-23 11:00:00;2.98;;;;11.0;105.0;39.25;735.5;0.0;55.0;10.8;0.34;19.66;9.9;
540;2020-01-23 12:00:00;2.1;;;;27.0;118.0;16.05;735.6;0.0;47.0;8.2;0.423;21.6;9.4;
541;2020-01-23 13:00:00;2.05;;;;38.0;57.0;10.93;734.9;0.0;40.0;7.8;0.461;23.27;13.4;
542;2020-01-23 14:00:00;2.0;;;;43.0;36.0;8.3;734.1;0.0;37.0;9.5;0.456;23.98;12.6;
543;2020-01-23 15:00:00;1.98;;;;45.0;29.0;7.43;733.2;0.0;35.0;10.5;0.402;25.04;10.9;
544;2020-01-23 16:00:00;1.98;;;;48.0;29.0;7.14;732.5;0.0;33.0;10.6;0.315;25.5;10.7;
545;2020-01-23 17:00:00;2.04;;;;50.0;28.0;8.15;731.0;0.0;35.0;10.7;0.191;25.11;11.6;
546;2020-01-23 18:00:00;2.12;;;;39.0;38.0;9.25;732.1;0.0;37.0;10.2;0.067;23.77;9.2;
547;2020-01-23 19:00:00;2.15;;;;32.0;42.0;9.15;733.2;0.0;43.0;10.9;0.009;21.72;12.5;
548;2020-01-23 20:00:00;2.04;;;;36.0;42.0;6.51;733.9;0.0;39.0;10.6;0.007;21.03;18.2;
549;2020-01-23 21:00:00;2.01;;;;38.0;27.0;6.78;734.7;0.0;38.0;10.4;0.007;20.3;14.7;
550;2020-01-23 22:00:00;1.93;;;;39.0;19.0;5.76;735.3;0.0;38.0;14.6;0.007;19.92;14.7;
551;2020-01-23 23:00:00;1.95;;;;37.0;18.0;5.17;735.7;0.0;38.0;19.6;0.007;19.62;12.5;
552;2020-01-24 00:00:00;1.88;;;;43.0;18.0;3.87;735.7;0.0;36.0;10.7;0.007;19.76;15.9;
553;2020-01-24 01:00:00;1.91;;;;39.0;11.0;4.27;735.4;0.0;40.0;10.1;0.007;18.82;8.8;
554;2020-01-24 02:00:00;1.99;;;;30.0;10.0;7.24;735.3;0.0;49.0;10.1;0.007;17.0;13.0;
555;2020-01-24 03:00:00;1.95;;;;32.0;20.0;8.8;734.6;0.0;56.0;10.5;0.007;16.13;21.4;
556;2020-01-24 04:00:00;1.93;;;;38.0;26.0;9.14;734.8;0.0;69.0;12.0;0.007;15.59;20.1;
557;2020-01-24 05:00:00;1.95;;;;37.0;28.0;9.43;734.8;0.0;78.0;10.8;0.007;15.07;16.7;
558;2020-01-24 06:00:00;1.99;;;;26.0;21.0;10.67;735.8;0.0;80.0;10.0;0.007;13.88;8.4;
559;2020-01-24 07:00:00;2.11;;;;9.0;21.0;11.59;736.0;0.0;81.0;9.9;0.007;12.82;6.3;
560;2020-01-24 08:00:00;2.38;;;;3.0;32.0;;736.7;0.0;75.0;9.8;0.013;12.55;5.8;
561;2020-01-24 09:00:00;2.51;;;;14.0;39.0;;737.6;0.0;73.0;10.0;0.105;14.46;12.5;
562;2020-01-24 10:00:00;2.08;;;;30.0;54.0;;737.8;0.0;78.0;10.0;0.219;15.37;20.3;
563;2020-01-24 11:00:00;2.06;;;;35.0;40.0;;738.2;0.0;70.0;9.9;0.268;16.6;16.6;
564;2020-01-24 12:00:00;2.03;;;;41.0;34.0;;738.2;0.0;63.0;10.0;0.407;18.27;15.8;
565;2020-01-24 13:00:00;2.04;;;;43.0;30.0;;737.4;0.0;58.0;9.9;0.257;18.67;13.0;
566;2020-01-24 14:00:00;2.0;;;;46.0;28.0;;736.6;0.0;52.0;9.7;0.275;19.19;15.7;
567;2020-01-24 15:00:00;2.0;;;;45.0;31.0;;736.1;0.0;47.0;9.6;0.3;19.92;23.2;
568;2020-01-24 16:00:00;1.99;;;;44.0;21.0;;735.7;0.0;49.0;9.6;0.117;19.45;22.7;
569;2020-01-24 17:00:00;2.0;;;;43.0;31.0;9.08;735.6;0.0;51.0;;0.105;19.2;22.9;
570;2020-01-24 18:00:00;2.03;;;;39.0;31.0;9.1;735.5;0.0;55.0;9.5;0.075;18.93;21.0;
571;2020-01-24 19:00:00;2.03;;;;38.0;23.0;8.84;735.6;0.0;59.0;9.5;0.008;18.07;21.9;
572;2020-01-24 20:00:00;2.03;;;;37.0;22.0;8.24;735.9;0.0;60.0;;0.007;17.89;24.7;
573;2020-01-24 21:00:00;2.01;;;;36.0;31.0;7.89;736.2;0.0;65.0;9.7;0.007;17.45;21.9;
574;2020-01-24 22:00:00;2.0;;;;36.0;27.0;8.04;736.2;0.0;67.0;9.6;0.007;17.32;19.4;
575;2020-01-24 23:00:00;1.98;;;;37.0;18.0;7.32;736.1;0.0;66.0;9.6;0.007;17.33;16.9;
576;2020-01-25 00:00:00;2.01;;;;35.0;14.0;7.73;735.8;0.0;74.0;9.7;0.007;16.78;15.9;
577;2020-01-25 01:00:00;1.93;;;;32.0;29.0;8.5;735.3;0.0;76.0;9.6;0.007;16.52;15.4;
578;2020-01-25 02:00:00;1.86;;;;33.0;19.0;8.6;735.0;0.0;81.0;9.6;0.007;15.99;13.7;
579;2020-01-25 03:00:00;1.83;;;;32.0;19.0;8.83;734.6;0.0;84.0;9.9;0.007;15.61;12.9;
580;2020-01-25 04:00:00;1.81;;;;31.0;20.0;9.39;734.5;0.0;86.0;9.8;0.007;15.31;13.6;
581;2020-01-25 05:00:00;1.81;;;;27.0;20.0;9.17;734.3;0.0;90.0;9.8;0.007;14.13;11.0;
582;2020-01-25 06:00:00;1.79;;;;24.0;18.0;10.74;734.3;0.0;91.0;9.7;0.007;14.15;6.5;
583;2020-01-25 07:00:00;1.83;;;;21.0;19.0;11.56;734.3;0.0;92.0;9.5;0.007;14.32;5.2;
584;2020-01-25 08:00:00;1.86;;;;18.0;24.0;12.23;735.0;0.0;91.0;9.6;0.008;14.56;3.1;
585;2020-01-25 09:00:00;1.99;;;;10.0;14.0;;735.3;0.0;90.0;9.7;0.019;14.82;3.8;
586;2020-01-25 10:00:00;2.11;;;;8.0;29.0;17.99;735.7;0.0;89.0;9.9;0.038;15.25;3.2;
587;2020-01-25 11:00:00;2.21;;;;6.0;37.0;24.4;736.0;0.0;87.0;9.9;0.041;15.83;3.4;
588;2020-01-25 12:00:00;2.24;;;;6.0;56.0;27.52;735.8;0.0;86.0;10.1;0.046;16.03;2.9;
589;2020-01-25 13:00:00;2.46;;;;9.0;56.0;32.88;735.2;0.0;80.0;10.2;0.123;17.14;4.3;
590;2020-01-25 14:00:00;2.48;;;;13.0;72.0;36.32;734.3;0.0;74.0;10.5;0.202;18.35;4.6;
591;2020-01-25 15:00:00;2.51;;;;15.0;85.0;46.88;733.6;0.0;75.0;10.4;0.161;18.31;7.0;
592;2020-01-25 16:00:00;2.6;;;;11.0;102.0;50.76;733.4;0.0;75.0;10.2;0.065;18.2;6.4;
593;2020-01-25 17:00:00;2.68;;;;7.0;110.0;53.68;733.5;0.0;78.0;10.3;0.049;17.89;6.5;
594;2020-01-25 18:00:00;2.63;;;;6.0;124.0;57.48;733.7;0.0;81.0;10.3;0.031;17.51;5.1;
595;2020-01-25 19:00:00;2.81;;;;3.0;112.0;51.02;733.7;0.0;84.0;9.9;0.008;16.85;3.7;
596;2020-01-25 20:00:00;3.02;;;;3.0;117.0;52.64;734.0;0.0;85.0;9.9;0.007;16.68;3.2;
597;2020-01-25 21:00:00;3.28;;;;3.0;113.0;57.0;734.1;0.0;86.0;10.1;0.007;16.6;6.6;
598;2020-01-25 22:00:00;3.65;;;;;126.0;62.34;734.2;0.0;85.0;10.0;0.007;16.84;3.2;
599;2020-01-25 23:00:00;3.82;;;;;134.0;67.17;734.3;0.0;82.0;10.3;0.007;17.15;4.1;
600;2020-01-26 00:00:00;3.59;;;;;148.0;62.43;734.4;0.0;82.0;10.3;0.007;16.96;3.0;
601;2020-01-26 01:00:00;3.98;;;;;130.0;72.57;734.2;0.0;85.0;10.4;0.007;16.6;2.9;
602;2020-01-26 02:00:00;3.77;;;;2.0;126.0;66.21;734.1;0.0;86.0;10.3;0.007;16.43;3.4;
603;2020-01-26 03:00:00;2.74;;;;2.0;121.0;39.25;733.8;0.0;81.0;10.1;0.007;16.76;8.6;
604;2020-01-26 04:00:00;2.48;;;;2.0;79.0;30.01;733.8;0.0;76.0;10.1;0.007;17.12;11.6;
605;2020-01-26 05:00:00;2.4;;;;3.0;57.0;25.62;733.6;0.0;76.0;10.0;0.007;16.96;8.6;
606;2020-01-26 06:00:00;2.69;;;;3.0;60.0;32.61;733.7;0.0;82.0;9.9;0.007;16.05;5.0;
607;2020-01-26 07:00:00;2.55;;;;3.0;66.0;26.67;734.0;0.0;80.0;9.8;0.007;16.23;7.7;
608;2020-01-26 08:00:00;2.53;;;;;52.0;24.99;734.4;0.0;80.0;10.0;0.013;15.96;6.9;
609;2020-01-26 09:00:00;2.39;;;;5.0;53.0;15.64;735.0;0.0;66.0;10.2;0.061;18.45;9.9;
610;2020-01-26 10:00:00;2.38;;;;9.0;38.0;13.17;735.7;0.0;51.0;10.5;0.236;22.23;5.8;
611;2020-01-26 11:00:00;2.22;;;;16.0;41.0;11.93;736.0;0.0;41.0;11.8;0.239;24.15;8.6;
612;2020-01-26 12:00:00;2.26;;;;21.0;43.0;11.66;735.7;0.0;38.0;13.7;0.347;25.36;10.9;
613;2020-01-26 13:00:00;2.21;;;;38.0;40.0;10.12;735.0;0.0;36.0;12.4;0.414;26.72;10.1;
614;2020-01-26 14:00:00;2.09;;;;51.0;37.0;7.99;734.2;0.0;31.0;11.1;0.471;28.06;13.3;
615;2020-01-26 15:00:00;2.0;;;;52.0;27.0;6.55;733.8;0.0;26.0;10.8;0.419;29.18;12.3;
616;2020-01-26 16:00:00;1.94;;;;50.0;21.0;5.54;731.5;0.0;24.0;10.6;0.33;29.43;11.3;
617;2020-01-26 17:00:00;1.94;;;;47.0;28.0;5.54;728.3;0.0;21.0;10.3;0.212;29.42;8.2;
618;2020-01-26 18:00:00;2.06;;;;36.0;25.0;6.66;731.1;0.0;23.0;10.1;0.084;28.1;9.9;
619;2020-01-26 19:00:00;2.05;;;;35.0;32.0;8.33;733.1;0.0;35.0;11.8;0.009;24.93;18.6;
620;2020-01-26 20:00:00;1.98;;;;38.0;30.0;6.17;733.8;0.0;35.0;10.4;0.007;24.32;21.7;
621;2020-01-26 21:00:00;1.97;;;;38.0;22.0;5.36;734.2;0.0;34.0;10.4;0.007;23.89;18.4;
622;2020-01-26 22:00:00;2.04;;;;32.0;21.0;6.5;734.5;0.0;38.0;10.3;0.007;22.93;15.5;
623;2020-01-26 23:00:00;2.27;;;;12.0;28.0;9.49;734.5;0.0;47.0;9.9;0.007;20.74;7.6;
624;2020-01-27 00:00:00;2.48;;;;4.0;32.0;11.27;734.6;0.0;57.0;8.7;0.007;18.34;3.3;
625;2020-01-27 01:00:00;2.4;;;;4.0;41.0;9.48;734.4;0.0;62.0;10.0;0.007;17.15;3.8;
626;2020-01-27 02:00:00;2.23;;;;5.0;22.0;8.59;734.2;0.0;66.0;10.1;0.007;16.39;4.8;
627;2020-01-27 03:00:00;2.07;;;;13.0;24.0;7.68;733.9;0.0;67.0;7.3;0.007;15.99;5.7;
628;2020-01-27 04:00:00;1.96;;;;22.0;17.0;7.02;733.8;0.0;65.0;7.3;0.007;16.26;8.3;
629;2020-01-27 05:00:00;1.96;;;;20.0;10.0;6.93;733.7;0.0;67.0;7.0;0.007;15.67;6.4;
630;2020-01-27 06:00:00;2.04;;;;8.0;12.0;7.73;733.7;0.0;70.0;6.8;0.007;14.88;3.6;
631;2020-01-27 07:00:00;2.17;;;;3.0;22.0;7.74;733.8;0.0;73.0;6.8;0.007;14.13;4.3;
632;2020-01-27 08:00:00;2.56;;;;3.0;22.0;9.02;734.1;0.0;70.0;6.6;0.016;14.52;7.8;
633;2020-01-27 09:00:00;3.07;;;;5.0;45.0;11.44;734.5;0.0;57.0;7.0;0.125;18.07;7.0;
634;2020-01-27 10:00:00;2.48;;;;16.0;43.0;10.7;734.9;0.0;40.0;7.6;0.252;22.24;6.5;
635;2020-01-27 11:00:00;2.67;;;;26.0;43.0;16.17;734.9;0.0;38.0;9.9;0.36;23.56;5.9;
636;2020-01-27 12:00:00;2.44;;;;38.0;59.0;16.95;734.6;0.0;38.0;11.1;0.438;23.96;10.2;
637;2020-01-27 13:00:00;2.69;;;;45.0;60.0;33.55;733.7;0.0;37.0;9.9;0.47;25.34;12.3;
638;2020-01-27 14:00:00;2.39;;;;55.0;106.0;22.3;732.9;0.0;37.0;9.3;0.464;26.06;14.4;
639;2020-01-27 15:00:00;2.14;;;;66.0;80.0;13.66;732.0;0.0;35.0;10.5;0.416;27.16;13.2;
640;2020-01-27 16:00:00;2.09;;;;71.0;57.0;10.38;728.1;0.0;33.0;10.5;0.325;27.99;13.5;
641;2020-01-27 17:00:00;2.08;;;;59.0;47.0;9.0;726.0;0.0;32.0;8.9;0.207;28.19;17.2;
642;2020-01-27 18:00:00;2.1;;;;47.0;29.0;8.59;728.5;0.0;35.0;7.3;0.08;27.41;13.5;
643;2020-01-27 19:00:00;2.18;;;;31.0;29.0;11.9;730.8;0.0;43.0;7.0;0.009;25.3;14.8;
644;2020-01-27 20:00:00;2.11;;;;34.0;46.0;8.94;730.9;0.0;42.0;6.8;0.007;24.87;19.4;
645;2020-01-27 21:00:00;2.06;;;;36.0;30.0;8.24;731.2;0.0;47.0;6.6;0.007;24.29;22.3;
646;2020-01-27 22:00:00;2.06;;;;36.0;34.0;8.44;731.4;0.0;51.0;6.3;0.007;23.08;22.4;
647;2020-01-27 23:00:00;2.07;;;;33.0;32.0;8.97;731.5;0.0;58.0;6.2;0.007;21.37;15.2;
648;2020-01-28 00:00:00;2.09;;;;29.0;17.0;10.5;731.3;0.0;66.0;6.0;0.007;19.94;14.5;
649;2020-01-28 01:00:00;2.09;;;;25.0;18.0;13.14;731.1;0.0;79.0;6.1;0.007;18.13;18.0;
650;2020-01-28 02:00:00;2.03;;;;27.0;27.0;11.82;730.8;0.0;85.0;6.2;0.007;17.11;11.7;
651;2020-01-28 03:00:00;2.03;;;;27.0;23.0;11.46;730.8;0.0;88.0;6.0;0.007;16.58;8.0;
652;2020-01-28 04:00:00;2.07;;;;14.0;19.0;18.6;730.9;0.0;90.0;6.0;0.007;16.35;6.8;
653;2020-01-28 05:00:00;2.26;;;;2.0;40.0;31.79;730.4;0.0;90.0;6.1;0.007;16.35;7.0;
654;2020-01-28 06:00:00;2.35;;;;3.0;75.0;28.97;730.5;0.0;90.0;6.2;0.007;16.05;7.0;
655;2020-01-28 07:00:00;2.41;;;;4.0;72.0;29.81;731.6;0.0;90.0;6.1;0.008;15.96;7.5;
656;2020-01-28 08:00:00;2.3;;;;5.0;67.0;24.86;732.3;0.0;87.0;6.1;0.017;16.13;5.2;
657;2020-01-28 09:00:00;2.38;;;;11.0;56.0;18.88;732.9;0.0;68.0;;0.114;19.2;7.2;
658;2020-01-28 10:00:00;2.38;;;;19.0;57.0;16.31;733.2;0.0;50.0;6.5;0.244;21.86;9.3;
659;2020-01-28 11:00:00;2.1;;;;32.0;79.0;10.32;;;;6.5;;;;
660;2020-01-28 12:00:00;2.02;;;;40.0;57.0;8.77;733.2;0.0;34.0;6.3;0.435;25.02;16.9;
661;2020-01-28 13:00:00;1.99;;;;43.0;48.0;8.03;732.8;0.0;32.0;6.3;0.477;25.62;16.7;
662;2020-01-28 14:00:00;2.0;;;;45.0;44.0;7.17;731.9;0.0;28.0;;0.476;27.01;13.7;
663;2020-01-28 15:00:00;2.01;;;;45.0;41.0;7.44;731.4;0.0;20.0;6.5;0.425;28.66;16.8;
664;2020-01-28 16:00:00;1.98;;;;42.0;62.0;6.34;731.2;0.0;14.0;6.6;0.34;29.31;22.4;
665;2020-01-28 17:00:00;1.98;;;;38.0;68.0;5.71;730.0;0.0;14.0;7.9;0.224;29.2;22.5;
666;2020-01-28 19:00:00;2.21;;;;14.0;40.0;7.99;732.2;0.0;21.0;8.4;0.01;25.38;11.2;
667;2020-01-28 20:00:00;2.06;;;;34.0;46.0;8.13;733.3;0.0;35.0;8.7;0.007;23.44;13.7;
668;2020-01-28 21:00:00;2.17;;;;24.0;39.0;8.88;734.5;0.0;36.0;7.8;0.007;22.21;9.2;
669;2020-01-28 22:00:00;2.11;;;;26.0;40.0;8.41;735.4;0.0;31.0;8.4;0.007;21.37;10.5;
670;2020-01-28 23:00:00;1.96;;;;34.0;41.0;5.54;736.4;0.0;28.0;7.3;0.007;19.4;6.7;
671;2020-01-29 00:00:00;1.92;;;;34.0;32.0;4.68;736.9;0.0;31.0;6.3;0.007;17.88;10.2;
672;2020-01-29 01:00:00;1.9;;;;33.0;40.0;5.21;737.0;0.0;35.0;6.6;0.007;15.99;6.6;
673;2020-01-29 02:00:00;1.9;;;;32.0;33.0;6.23;736.8;0.0;37.0;6.2;0.007;14.79;3.9;
674;2020-01-29 03:00:00;1.89;;;;33.0;48.0;6.41;736.5;0.0;37.0;6.4;0.007;14.49;3.9;
675;2020-01-29 04:00:00;1.89;;;;35.0;46.0;6.44;736.4;0.0;36.0;7.2;0.007;14.3;6.1;
676;2020-01-29 05:00:00;1.89;;;;35.0;44.0;6.18;736.7;0.0;36.0;7.2;0.007;14.1;6.3;
677;2020-01-29 06:00:00;1.87;;;;33.0;49.0;6.49;737.0;0.0;36.0;6.9;0.007;13.81;7.1;
678;2020-01-29 07:00:00;1.91;;;;25.0;48.0;9.85;737.3;0.0;40.0;6.3;0.007;12.58;5.2;
679;2020-01-29 08:00:00;2.1;;;;12.0;70.0;13.19;737.7;0.0;42.0;6.3;0.018;12.1;7.3;
680;2020-01-29 09:00:00;2.23;;;;15.0;102.0;16.88;738.2;0.0;36.0;6.4;0.124;14.2;10.7;
681;2020-01-29 10:00:00;2.1;;;;27.0;124.0;17.25;738.3;0.0;28.0;6.5;0.255;16.52;10.0;
682;2020-01-29 11:00:00;2.04;;;;33.0;127.0;17.22;738.3;0.0;28.0;6.4;0.368;17.61;10.5;
683;2020-01-29 12:00:00;2.0;;;;39.0;132.0;13.82;737.6;0.0;26.0;6.5;0.453;18.64;9.9;
684;2020-01-29 13:00:00;2.1;;;;44.0;98.0;14.62;736.5;0.0;27.0;6.5;0.491;19.97;11.9;
685;2020-01-29 14:00:00;2.02;;;;49.0;102.0;8.87;735.3;0.0;29.0;6.7;0.486;20.73;19.2;
686;2020-01-29 15:00:00;2.0;;;;49.0;66.0;9.26;734.5;0.0;28.0;6.4;0.433;21.31;23.1;
687;2020-01-29 16:00:00;2.0;;;;51.0;81.0;10.99;733.8;0.0;27.0;6.4;0.339;21.2;24.9;
688;2020-01-29 17:00:00;2.0;;;;48.0;82.0;10.53;733.4;0.0;26.0;6.2;0.218;20.96;25.3;
689;2020-01-29 18:00:00;2.02;;;;42.0;71.0;9.58;733.3;0.0;27.0;6.2;0.075;20.14;19.6;
690;2020-01-29 19:00:00;2.05;;;;37.0;64.0;9.33;733.3;0.0;29.0;;0.008;18.68;15.2;
691;2020-01-29 20:00:00;2.02;;;;38.0;69.0;9.27;733.5;0.0;29.0;6.4;0.007;18.05;14.1;
692;2020-01-29 21:00:00;1.96;;;;41.0;57.0;8.21;733.7;0.0;29.0;6.4;0.007;17.84;16.9;
693;2020-01-29 22:00:00;1.97;;;;40.0;45.0;7.86;733.9;0.0;29.0;6.3;0.007;17.4;19.2;
694;2020-01-29 23:00:00;1.99;;;;37.0;48.0;9.0;733.8;0.0;32.0;6.2;0.007;16.84;23.4;
695;2020-01-30 00:00:00;1.95;;;;40.0;55.0;6.73;733.4;0.0;31.0;6.1;0.007;16.55;21.1;
696;2020-01-30 01:00:00;1.95;;;;37.0;42.0;8.27;733.0;0.0;32.0;6.1;0.007;15.31;29.9;
697;2020-01-30 02:00:00;1.97;;;;33.0;41.0;8.69;732.7;0.0;36.0;6.5;0.007;13.86;11.0;
698;2020-01-30 03:00:00;1.91;;;;30.0;34.0;7.79;732.3;0.0;42.0;9.2;0.007;12.45;15.6;
699;2020-01-30 04:00:00;1.91;;;;32.0;41.0;7.09;732.1;0.0;46.0;6.7;0.007;11.77;12.4;
700;2020-01-30 05:00:00;1.93;;;;31.0;26.0;7.17;732.2;0.0;52.0;6.3;0.007;11.29;11.3;
701;2020-01-30 06:00:00;1.91;;;;32.0;38.0;6.69;732.4;0.0;58.0;6.3;0.007;11.08;9.6;
702;2020-01-30 07:00:00;2.02;;;;25.0;32.0;7.41;733.0;0.0;62.0;6.4;0.007;11.04;12.0;
703;2020-01-30 08:00:00;2.27;;;;14.0;32.0;10.09;733.5;0.0;69.0;6.6;0.019;10.83;12.7;
704;2020-01-30 09:00:00;2.2;;;;25.0;54.0;13.22;734.2;0.0;73.0;7.1;0.096;11.95;10.7;
705;2020-01-30 10:00:00;2.09;;;;38.0;48.0;17.63;734.4;0.0;69.0;8.7;0.267;13.58;11.4;
706;2020-01-30 11:00:00;2.08;;;;41.0;50.0;27.68;734.3;0.0;72.0;13.6;0.164;13.29;13.1;
707;2020-01-30 12:00:00;2.1;;;;41.0;60.0;30.55;734.2;0.0;72.0;13.4;0.255;13.66;19.5;
708;2020-01-30 13:00:00;2.08;;;;43.0;60.0;25.54;733.8;0.0;65.0;10.5;0.243;14.82;17.0;
709;2020-01-30 14:00:00;2.1;;;;44.0;58.0;24.16;732.9;0.0;63.0;9.6;0.136;15.21;16.7;
710;2020-01-30 15:00:00;2.14;;;;42.0;50.0;25.5;732.5;0.0;65.0;10.4;0.051;14.87;18.7;
711;2020-01-30 16:00:00;2.12;;;;37.0;65.0;21.93;732.5;0.0;66.0;11.8;0.033;14.95;8.6;
712;2020-01-30 17:00:00;2.23;;;;17.0;53.0;23.83;732.8;0.0;69.0;9.6;0.025;14.23;15.2;
713;2020-01-30 18:00:00;2.26;;;;10.0;71.0;19.13;733.3;0.0;71.0;9.3;0.025;13.59;13.5;
714;2020-01-30 19:00:00;2.26;;;;6.0;61.0;18.27;733.5;0.0;72.0;10.2;0.009;13.18;8.2;
715;2020-01-30 20:00:00;2.39;;;;4.0;67.0;17.94;734.1;0.0;73.0;9.7;0.007;12.94;14.9;
716;2020-01-30 21:00:00;2.2;;;;6.0;56.0;14.4;735.3;0.0;76.0;11.2;0.007;12.16;12.5;
717;2020-01-30 22:00:00;2.12;;;;9.0;43.0;12.7;736.1;0.0;79.0;10.8;0.007;11.51;8.2;
718;2020-01-30 23:00:00;2.1;;;;9.0;29.0;13.06;736.5;0.0;80.0;10.7;0.007;11.32;2.9;
719;2020-01-31 00:00:00;2.1;;;;9.0;24.0;12.41;736.7;0.0;80.0;10.6;0.007;11.2;3.8;
720;2020-01-31 01:00:00;2.23;;;;3.0;28.0;16.78;736.1;0.0;82.0;10.6;0.007;10.84;3.9;
721;2020-01-31 02:00:00;2.05;;;;8.0;37.0;14.48;736.0;0.0;83.0;;0.007;10.07;7.9;
722;2020-01-31 03:00:00;2.02;;;;8.0;27.0;13.11;735.8;0.0;86.0;;0.007;9.1;2.9;
723;2020-01-31 04:00:00;2.08;;;;5.0;24.0;14.47;735.1;0.0;88.0;10.4;0.007;8.69;2.9;
724;2020-01-31 05:00:00;2.11;;;;4.0;24.0;15.29;734.2;0.0;88.0;7.6;0.007;8.95;6.7;
725;2020-01-31 06:00:00;2.06;;;;4.0;36.0;16.79;734.8;0.0;88.0;9.2;0.007;8.84;8.9;
726;2020-01-31 07:00:00;2.09;;;;4.0;34.0;16.55;735.4;0.0;88.0;10.6;0.007;8.82;6.7;
727;2020-01-31 08:00:00;2.22;;;;3.0;42.0;17.13;735.8;0.0;87.0;10.6;0.011;8.89;5.0;
728;2020-01-31 09:00:00;2.44;;;;4.0;35.0;20.37;737.0;0.0;85.0;;0.041;9.64;3.5;
729;2020-01-31 10:00:00;2.42;;;;5.0;51.0;24.83;738.7;0.0;83.0;10.7;0.077;10.42;3.5;
730;2020-01-31 11:00:00;2.37;;;;8.0;60.0;30.63;739.0;0.0;79.0;10.5;0.132;11.51;4.7;
731;2020-01-31 12:00:00;2.4;;;;12.0;59.0;33.88;738.6;0.0;72.0;10.5;0.245;13.12;7.7;
732;2020-01-31 13:00:00;2.47;;;;20.0;64.0;45.86;738.1;0.0;66.0;11.2;0.437;15.03;10.3;
733;2020-01-31 14:00:00;2.26;;;;34.0;101.0;39.51;737.4;0.0;64.0;12.0;0.454;15.96;12.0;
734;2020-01-31 15:00:00;2.19;;;;44.0;81.0;32.98;736.8;0.0;60.0;13.1;0.401;16.9;14.9;
735;2020-01-31 16:00:00;2.17;;;;47.0;72.0;32.43;736.7;0.0;59.0;12.7;0.262;16.98;18.6;
736;2020-01-31 17:00:00;2.15;;;;47.0;64.0;32.83;736.9;0.0;61.0;12.2;0.168;16.61;20.2;
737;2020-01-31 18:00:00;2.15;;;;45.0;57.0;34.22;737.4;0.0;64.0;14.1;0.051;15.33;19.4;
738;2020-01-31 19:00:00;2.16;;;;38.0;62.0;33.35;738.2;0.0;66.0;14.5;0.01;14.75;19.1;
739;2020-01-31 20:00:00;2.15;;;;31.0;77.0;23.08;738.9;0.0;70.0;12.1;0.007;14.07;21.2;
740;2020-01-31 21:00:00;2.18;;;;22.0;52.0;19.1;739.9;0.0;74.0;11.5;0.007;13.04;23.8;
741;2020-01-31 22:00:00;2.13;;;;25.0;45.0;16.76;;0.0;75.0;11.1;0.007;12.42;16.4;
742;2020-01-31 23:00:00;2.08;;;;22.0;38.0;;;0.0;74.0;11.0;0.007;12.38;14.0;
743;2020-02-01 00:00:00;;;;;;;;;;;;;;;
744;2020-02-01 01:00:00;2.02;;;;24.0;39.0;13.43;;0.0;70.0;10.8;0.007;11.94;10.4;
745;2020-02-01 02:00:00;2.01;;;;23.0;33.0;13.38;;0.0;68.0;10.9;0.007;11.88;6.7;
746;2020-02-01 03:00:00;2.08;;;;18.0;29.0;16.26;;0.0;70.0;7.4;0.007;11.96;12.9;
747;2020-02-01 04:00:00;2.07;;;;17.0;37.0;18.16;;0.0;71.0;7.2;0.007;11.65;9.7;
748;2020-02-01 05:00:00;2.01;;;;16.0;42.0;15.4;;0.0;72.0;9.0;0.007;10.73;4.7;
749;2020-02-01 06:00:00;2.07;;;;9.0;35.0;17.24;;0.0;76.0;8.0;0.007;10.37;4.2;
750;2020-02-01 07:00:00;2.26;;;;3.0;31.0;20.61;;0.0;78.0;7.6;0.007;10.35;4.6;
751;2020-02-01 08:00:00;2.49;;;;3.0;46.0;23.6;;0.0;80.0;7.5;0.017;10.14;3.9;
752;2020-02-01 09:00:00;2.58;;;;5.0;52.0;26.85;;0.0;72.0;7.4;0.095;12.02;5.5;
753;2020-02-01 10:00:00;2.53;;;;12.0;78.0;27.24;;0.0;59.0;7.5;0.191;14.16;7.9;
754;2020-02-01 11:00:00;2.17;;;;26.0;76.0;14.89;;0.0;50.0;7.1;0.247;15.09;8.1;
755;2020-02-01 12:00:00;2.31;;;;27.0;52.0;23.95;;0.0;50.0;7.9;0.364;16.33;11.8;
756;2020-02-01 13:00:00;2.38;;;;35.0;80.0;31.74;;0.0;45.0;9.6;0.408;18.18;9.6;
757;2020-02-01 14:00:00;2.33;;;;39.0;86.0;29.11;;0.0;40.0;10.6;0.337;19.01;7.1;
758;2020-02-01 15:00:00;2.32;;;;45.0;76.0;27.88;;0.0;37.0;10.8;0.293;20.19;8.5;
759;2020-02-01 16:00:00;2.17;;;;51.0;74.0;19.05;;0.0;33.0;8.1;0.202;20.64;7.7;
760;2020-02-01 17:00:00;2.18;;;;50.0;65.0;17.26;;0.0;32.0;7.4;0.106;20.39;6.1;
761;2020-02-01 18:00:00;2.24;;;;44.0;56.0;17.58;;0.0;32.0;7.5;0.062;20.14;6.0;
762;2020-02-01 19:00:00;2.26;;;;25.0;55.0;15.45;;0.0;36.0;6.9;0.009;18.26;4.3;
763;2020-02-01 20:00:00;2.38;;;;26.0;60.0;24.1;;0.0;40.0;10.8;0.007;17.68;13.9;
764;2020-02-01 21:00:00;2.22;;;;33.0;66.0;18.8;;0.0;43.0;11.3;0.007;16.93;12.8;
765;2020-02-01 22:00:00;2.32;;;;26.0;44.0;25.32;;0.0;47.0;10.7;0.007;15.97;8.0;
766;2020-02-01 23:00:00;2.5;;;;10.0;55.0;29.8;;0.0;54.0;10.6;0.007;14.43;3.4;
767;2020-02-02 00:00:00;2.83;;;;3.0;72.0;30.56;;0.0;60.0;10.6;0.007;12.99;2.9;
768;2020-02-02 01:00:00;2.71;;;;3.0;66.0;28.19;;0.0;68.0;10.4;0.007;11.88;2.9;
769;2020-02-02 02:00:00;2.44;;;;7.0;49.0;24.62;;0.0;67.0;10.2;0.007;12.17;7.3;
770;2020-02-02 03:00:00;2.44;;;;5.0;48.0;24.4;;0.0;71.0;10.2;0.007;11.08;4.2;
771;2020-02-02 04:00:00;2.36;;;;6.0;52.0;24.26;;0.0;73.0;10.1;0.007;10.44;6.4;
772;2020-02-02 05:00:00;2.34;;;;7.0;163.0;23.8;740.0;0.0;72.0;10.1;0.007;10.38;5.6;
773;2020-02-02 06:00:00;2.32;;;;6.0;54.0;21.67;739.4;0.0;72.0;10.4;0.007;10.13;6.8;
774;2020-02-02 07:00:00;2.33;;;;5.0;41.0;21.28;739.4;0.0;72.0;10.3;0.007;10.17;7.0;
775;2020-02-02 08:00:00;2.35;;;;5.0;45.0;20.28;739.7;0.0;71.0;10.4;0.019;10.3;7.1;
776;2020-02-02 09:00:00;2.39;;;;12.0;38.0;20.49;739.9;0.0;56.0;10.6;0.125;13.95;7.5;
777;2020-02-02 10:00:00;2.39;;;;22.0;46.0;26.51;;0.0;42.0;13.5;0.225;17.46;8.2;
778;2020-02-02 11:00:00;2.51;;;;24.0;70.0;37.76;740.0;0.0;36.0;16.8;0.359;20.39;6.9;
779;2020-02-02 12:00:00;2.47;;;;40.0;91.0;36.54;739.4;0.0;34.0;14.8;0.424;21.38;10.1;
780;2020-02-02 13:00:00;2.44;;;;52.0;79.0;35.65;738.4;0.0;33.0;13.7;0.434;22.24;13.6;
781;2020-02-02 14:00:00;2.32;;;;56.0;86.0;25.25;737.3;0.0;35.0;13.9;0.338;22.67;13.7;
782;2020-02-02 15:00:00;2.26;;;;64.0;67.0;20.15;736.3;0.0;36.0;15.4;0.208;22.31;15.1;
783;2020-02-02 16:00:00;2.23;;;;58.0;59.0;20.47;735.6;0.0;37.0;12.0;0.116;21.68;16.5;
784;2020-02-02 17:00:00;2.21;;;;52.0;61.0;18.68;735.2;0.0;39.0;11.5;0.055;21.08;14.7;
785;2020-02-02 18:00:00;2.23;;;;40.0;42.0;19.73;734.9;0.0;44.0;11.2;0.033;20.46;12.7;
786;2020-02-02 19:00:00;2.33;;;;32.0;36.0;26.01;734.9;0.0;47.0;11.0;0.009;19.61;6.1;
787;2020-02-02 20:00:00;2.64;;;;11.0;59.0;34.89;735.3;0.0;51.0;10.9;0.007;18.61;3.8;
788;2020-02-02 21:00:00;2.88;;;;4.0;68.0;43.34;735.3;0.0;54.0;10.8;0.007;18.1;3.6;
789;2020-02-02 22:00:00;3.05;;;;3.0;77.0;48.95;735.0;0.0;57.0;10.8;0.007;17.15;2.9;
790;2020-02-02 23:00:00;2.99;;;;3.0;82.0;43.85;734.7;0.0;58.0;;0.007;16.73;2.9;
791;2020-02-03 00:00:00;3.04;;;;3.0;92.0;41.54;734.3;0.0;61.0;10.9;0.007;16.47;2.9;
792;2020-02-03 01:00:00;2.91;;;;;85.0;38.88;733.7;0.0;67.0;10.8;0.007;15.71;4.0;
793;2020-02-03 02:00:00;2.89;;;;;76.0;37.21;733.2;0.0;71.0;10.9;0.007;15.14;4.6;
794;2020-02-03 03:00:00;2.95;;;;;67.0;33.62;732.8;0.0;73.0;10.9;0.007;14.71;5.3;
795;2020-02-03 04:00:00;2.9;;;;;71.0;35.72;732.1;0.0;71.0;10.8;0.007;14.77;4.5;
796;2020-02-03 05:00:00;2.85;;;;;73.0;37.18;731.9;0.0;73.0;10.6;0.007;14.26;3.9;
797;2020-02-03 06:00:00;2.78;;;;;67.0;35.61;731.6;0.0;75.0;10.9;0.007;14.13;6.1;
798;2020-02-03 07:00:00;2.71;;;;;78.0;34.65;731.6;0.0;69.0;11.0;0.007;14.5;8.2;
799;2020-02-03 08:00:00;2.61;;;;;69.0;29.58;731.5;0.0;69.0;10.9;0.012;13.96;7.0;
800;2020-02-03 09:00:00;2.89;;;;4.0;64.0;31.76;732.1;0.0;67.0;10.9;0.043;14.96;5.0;
801;2020-02-03 10:00:00;3.37;;;;7.0;76.0;41.88;732.7;0.0;62.0;11.3;0.176;17.16;6.0;
802;2020-02-03 11:00:00;3.26;;;;12.0;109.0;49.3;733.1;0.0;52.0;11.6;0.219;19.91;4.1;
803;2020-02-03 12:00:00;3.05;;;;19.0;114.0;44.58;733.1;0.0;43.0;11.6;0.159;22.48;6.5;
804;2020-02-03 13:00:00;3.24;;;;28.0;106.0;60.1;732.2;0.0;47.0;11.5;0.186;22.15;12.2;
805;2020-02-03 14:00:00;2.64;;;;55.0;165.0;40.97;730.6;0.0;41.0;11.9;0.416;25.31;15.4;
806;2020-02-03 15:00:00;2.44;;;;56.0;118.0;26.37;730.2;0.0;37.0;13.9;0.231;25.47;19.0;
807;2020-02-03 16:00:00;2.5;;;;52.0;79.0;35.6;729.5;0.0;39.0;25.9;0.133;24.61;17.7;
808;2020-02-03 17:00:00;2.52;;;;52.0;111.0;33.26;729.3;0.0;39.0;27.5;0.091;24.36;18.4;
809;2020-02-03 18:00:00;2.43;;;;39.0;99.0;23.12;728.7;0.0;43.0;19.1;0.05;23.67;17.9;
810;2020-02-03 19:00:00;2.4;;;;22.0;82.0;20.39;729.2;0.0;53.0;14.2;0.012;21.78;10.1;
811;2020-02-03 20:00:00;2.59;;;;6.0;68.0;19.85;729.8;0.0;61.0;12.4;0.007;20.04;6.1;
812;2020-02-03 21:00:00;2.82;;;;3.0;71.0;23.29;730.0;0.0;66.0;11.4;0.007;19.07;6.8;
813;2020-02-03 22:00:00;3.08;;;;3.0;63.0;27.7;729.8;0.0;67.0;11.3;0.007;18.83;10.2;
814;2020-02-03 23:00:00;3.26;;;;3.0;77.0;27.94;729.9;0.0;68.0;11.3;0.007;18.58;9.5;
815;2020-02-04 00:00:00;3.05;;;;;84.0;25.37;730.0;0.0;68.0;11.4;0.007;18.27;10.1;
816;2020-02-04 01:00:00;2.75;;;;2.0;64.0;19.45;729.9;0.0;71.0;11.1;0.007;17.32;7.4;
817;2020-02-04 02:00:00;2.87;;;;3.0;45.0;22.44;729.7;0.0;74.0;11.2;0.007;16.66;11.1;
818;2020-02-04 03:00:00;2.83;;;;3.0;58.0;25.09;729.2;0.0;74.0;11.2;0.007;16.24;8.8;
819;2020-02-04 04:00:00;2.65;;;;3.0;58.0;20.47;728.9;0.0;70.0;11.4;0.007;15.77;8.3;
820;2020-02-04 05:00:00;2.3;;;;4.0;50.0;11.89;728.9;0.0;64.0;11.2;0.007;15.35;8.3;
821;2020-02-04 06:00:00;2.16;;;;6.0;35.0;7.23;729.0;0.0;55.0;11.0;0.007;16.02;8.5;
822;2020-02-04 07:00:00;2.37;;;;3.0;28.0;7.3;729.4;0.0;59.0;11.1;0.007;15.0;7.4;
823;2020-02-04 08:00:00;2.89;;;;3.0;31.0;8.52;729.6;0.0;59.0;11.2;0.011;14.84;7.9;
824;2020-02-04 09:00:00;2.97;;;;4.0;55.0;10.22;729.9;0.0;50.0;11.1;0.052;16.94;11.7;
825;2020-02-04 10:00:00;3.08;;;;6.0;70.0;11.82;730.5;0.0;40.0;11.6;0.114;20.05;10.1;
826;2020-02-04 11:00:00;3.07;;;;6.0;92.0;13.63;730.8;0.0;39.0;11.8;0.204;21.96;6.5;
827;2020-02-04 12:00:00;2.69;;;;16.0;95.0;10.79;730.6;0.0;29.0;12.5;0.316;26.64;3.3;
828;2020-02-04 13:00:00;2.31;;;;29.0;63.0;6.16;730.0;0.0;24.0;11.7;0.323;28.26;6.2;
829;2020-02-04 14:00:00;2.31;;;;38.0;49.0;7.6;729.1;0.0;23.0;11.7;0.403;28.76;11.7;
830;2020-02-04 15:00:00;2.24;;;;50.0;46.0;6.79;728.4;0.0;21.0;11.5;0.426;30.11;14.1;
831;2020-02-04 16:00:00;2.22;;;;54.0;42.0;7.13;728.0;0.0;20.0;11.8;0.295;30.45;14.5;
832;2020-02-04 17:00:00;2.22;;;;50.0;50.0;7.58;727.6;0.0;21.0;12.3;0.139;29.63;13.2;
833;2020-02-04 18:00:00;2.32;;;;36.0;60.0;7.79;727.5;0.0;23.0;14.1;0.045;27.92;9.0;
834;2020-02-04 19:00:00;2.39;;;;23.0;53.0;8.68;727.4;0.0;24.0;21.9;0.01;26.58;8.5;
835;2020-02-04 20:00:00;2.65;;;;8.0;57.0;10.09;727.7;0.0;30.0;15.1;0.007;24.45;8.3;
836;2020-02-04 21:00:00;2.95;;;;4.0;55.0;13.78;727.8;0.0;33.0;12.2;0.007;23.01;7.1;
837;2020-02-04 22:00:00;3.02;;;;4.0;71.0;13.55;727.9;0.0;35.0;15.7;0.007;22.31;10.4;
838;2020-02-04 23:00:00;2.78;;;;3.0;68.0;12.27;727.8;0.0;38.0;14.0;0.007;21.15;5.2;
839;2020-02-05 00:00:00;2.77;;;;3.0;56.0;12.02;727.9;0.0;44.0;12.6;0.007;19.81;3.8;
840;2020-02-05 01:00:00;2.49;;;;4.0;53.0;9.94;727.5;0.0;47.0;12.1;0.007;19.02;7.2;
841;2020-02-05 02:00:00;2.37;;;;4.0;45.0;9.46;727.2;0.0;49.0;12.0;0.007;18.53;8.3;
842;2020-02-05 03:00:00;2.25;;;;6.0;39.0;8.49;727.0;0.0;51.0;11.8;0.007;17.88;6.3;
843;2020-02-05 04:00:00;2.14;;;;12.0;39.0;6.88;726.7;0.0;49.0;11.6;0.007;18.2;8.3;
844;2020-02-05 05:00:00;2.23;;;;9.0;27.0;8.24;726.6;0.0;50.0;11.8;0.007;17.69;8.1;
845;2020-02-05 06:00:00;2.19;;;;9.0;40.0;10.65;727.0;0.0;50.0;12.3;0.007;18.08;11.6;
846;2020-02-05 07:00:00;2.09;;;;14.0;83.0;11.33;727.7;0.0;56.0;11.8;0.007;15.67;8.3;
847;2020-02-05 08:00:00;2.14;;;;9.0;89.0;9.61;728.5;0.0;61.0;11.5;0.014;13.74;9.8;
848;2020-02-05 09:00:00;2.15;;;;12.0;64.0;10.83;729.3;0.0;64.0;11.3;0.077;12.75;14.6;
849;2020-02-05 10:00:00;2.13;;;;15.0;73.0;11.79;730.2;0.0;66.0;11.7;0.18;12.53;9.9;
850;2020-02-05 11:00:00;2.13;;;;17.0;62.0;11.7;730.4;0.0;62.0;12.1;0.269;13.21;11.9;
851;2020-02-05 12:00:00;2.12;;;;19.0;62.0;11.51;730.1;0.0;61.0;11.5;0.254;13.3;9.9;
852;2020-02-05 13:00:00;2.13;;;;21.0;54.0;11.28;729.4;0.0;59.0;11.3;0.227;13.78;6.6;
853;2020-02-05 14:00:00;2.15;;;;23.0;52.0;12.33;728.3;0.0;55.0;11.5;0.288;15.29;8.6;
854;2020-02-05 15:00:00;2.21;;;;26.0;44.0;14.73;727.2;0.0;54.0;11.6;0.194;15.78;11.6;
855;2020-02-05 16:00:00;2.24;;;;28.0;52.0;16.37;726.6;0.0;53.0;11.6;0.157;16.47;9.1;
856;2020-02-05 17:00:00;2.15;;;;30.0;73.0;13.14;726.2;0.0;57.0;11.3;0.141;16.24;22.7;
857;2020-02-05 18:00:00;2.15;;;;28.0;66.0;10.74;726.4;0.0;57.0;11.2;0.058;15.15;26.4;
858;2020-02-05 19:00:00;2.12;;;;25.0;59.0;9.12;726.8;0.0;58.0;11.3;0.01;13.12;23.8;
859;2020-02-05 20:00:00;2.1;;;;24.0;72.0;6.71;728.3;0.0;59.0;11.0;0.007;11.89;22.6;
860;2020-02-05 21:00:00;2.06;;;;20.0;39.0;8.69;730.5;0.0;53.0;12.1;0.007;10.21;20.8;
861;2020-02-05 22:00:00;2.01;;;;24.0;67.0;6.53;731.1;0.0;53.0;12.0;0.007;9.19;13.1;
862;2020-02-05 23:00:00;2.01;;;;23.0;40.0;6.52;731.2;0.0;53.0;12.0;0.007;9.33;7.1;
863;2020-02-06 00:00:00;2.02;;;;21.0;25.0;7.17;731.8;0.0;52.0;11.7;0.007;9.37;13.7;
864;2020-02-06 01:00:00;1.98;;;;27.0;34.0;5.69;730.4;0.0;53.0;11.6;0.007;7.52;16.3;
865;2020-02-06 02:00:00;1.92;;;;29.0;23.0;5.21;729.1;0.0;55.0;12.0;0.007;6.17;10.6;
866;2020-02-06 03:00:00;1.97;;;;26.0;21.0;6.8;730.1;0.0;58.0;11.5;0.007;5.45;6.3;
867;2020-02-06 04:00:00;1.93;;;;24.0;30.0;7.13;734.6;0.0;60.0;11.5;0.007;4.9;7.3;
868;2020-02-06 05:00:00;1.92;;;;20.0;20.0;7.02;734.8;0.0;61.0;11.8;0.007;4.58;7.7;
869;2020-02-06 06:00:00;1.92;;;;19.0;26.0;7.77;734.1;0.0;64.0;10.3;0.007;4.22;5.5;
870;2020-02-06 07:00:00;2.03;;;;11.0;25.0;8.68;733.9;0.0;67.0;7.7;0.007;3.67;2.9;
871;2020-02-06 08:00:00;2.07;;;;6.0;24.0;9.31;733.9;0.0;70.0;7.7;0.021;4.04;2.9;
872;2020-02-06 09:00:00;2.4;;;;9.0;32.0;17.63;734.7;0.0;55.0;8.6;0.134;7.65;7.0;
873;2020-02-06 10:00:00;2.63;;;;10.0;60.0;21.36;734.4;0.0;48.0;11.2;0.261;10.84;10.5;
874;2020-02-06 11:00:00;2.77;;;;15.0;74.0;23.81;735.5;0.0;44.0;10.1;0.374;11.81;14.3;
875;2020-02-06 12:00:00;2.43;;;;24.0;87.0;20.89;734.7;0.0;39.0;9.0;0.449;14.35;15.4;
876;2020-02-06 13:00:00;2.34;;;;32.0;93.0;19.54;732.9;0.0;33.0;8.5;0.491;17.07;19.9;
877;2020-02-06 14:00:00;2.22;;;;39.0;144.0;16.2;731.4;0.0;28.0;8.4;0.494;19.04;22.8;
878;2020-02-06 15:00:00;2.2;;;;43.0;141.0;14.62;728.7;0.0;25.0;7.6;0.446;20.88;22.7;
879;2020-02-06 16:00:00;2.13;;;;42.0;146.0;14.63;730.5;0.0;13.0;6.9;0.349;23.38;24.0;
880;2020-02-06 17:00:00;2.11;;;;42.0;237.0;8.99;730.2;0.0;10.0;6.8;0.235;23.65;27.4;
881;2020-02-06 18:00:00;2.12;;;;40.0;122.0;8.43;730.7;0.0;14.0;7.0;0.105;22.69;16.9;
882;2020-02-06 19:00:00;2.2;;;;35.0;91.0;11.15;731.0;0.0;22.0;7.0;0.011;19.61;10.2;
883;2020-02-06 20:00:00;2.31;;;;29.0;91.0;13.97;731.9;0.0;31.0;7.2;0.007;16.88;16.9;
884;2020-02-06 21:00:00;2.17;;;;34.0;84.0;10.74;732.1;0.0;35.0;6.9;0.007;15.46;15.1;
885;2020-02-06 22:00:00;2.2;;;;30.0;52.0;11.31;731.6;0.0;35.0;6.9;0.007;14.78;14.3;
886;2020-02-06 23:00:00;2.34;;;;16.0;65.0;15.48;732.5;0.0;39.0;;0.007;12.97;9.8;
887;2020-02-07 00:00:00;2.5;;;;5.0;71.0;22.97;733.4;0.0;45.0;6.8;0.007;11.2;4.5;
888;2020-02-07 01:00:00;2.63;;;;3.0;87.0;22.05;733.6;0.0;52.0;6.7;0.007;9.77;3.4;
889;2020-02-07 02:00:00;2.56;;;;3.0;72.0;19.09;733.8;0.0;56.0;6.8;0.007;9.26;6.0;
890;2020-02-07 03:00:00;2.41;;;;3.0;63.0;18.55;733.8;0.0;53.0;6.8;0.007;9.87;6.1;
891;2020-02-07 04:00:00;2.31;;;;;69.0;15.77;733.4;0.0;56.0;6.9;0.007;9.08;7.6;
892;2020-02-07 05:00:00;2.17;;;;6.0;56.0;12.23;733.3;0.0;54.0;6.8;0.007;8.84;8.1;
893;2020-02-07 06:00:00;2.25;;;;6.0;46.0;13.0;733.5;0.0;53.0;6.9;0.007;8.79;6.0;
894;2020-02-07 07:00:00;2.53;;;;3.0;53.0;14.94;732.6;0.0;57.0;7.0;0.007;8.2;6.8;
895;2020-02-07 08:00:00;2.69;;;;4.0;61.0;15.7;732.5;0.0;54.0;7.0;0.023;8.94;6.8;
896;2020-02-07 09:00:00;2.84;;;;7.0;78.0;23.67;734.0;0.0;42.0;7.5;0.144;12.42;9.7;
897;2020-02-07 10:00:00;2.88;;;;11.0;92.0;22.87;734.0;0.0;30.0;10.1;0.276;16.82;9.0;
898;2020-02-07 11:00:00;3.82;;;;12.0;93.0;61.39;735.6;0.0;28.0;17.5;0.381;19.08;11.2;
899;2020-02-07 12:00:00;3.59;;;;21.0;213.0;67.51;735.7;0.0;25.0;15.0;0.464;21.06;8.7;
900;2020-02-07 13:00:00;2.69;;;;34.0;180.0;41.42;733.7;0.0;20.0;11.4;0.507;22.98;8.3;
901;2020-02-07 14:00:00;2.71;;;;51.0;123.0;49.83;734.3;0.0;20.0;9.9;0.494;23.83;12.2;
902;2020-02-07 15:00:00;2.38;;;;56.0;134.0;21.8;734.1;0.0;20.0;8.7;0.445;25.48;18.0;
903;2020-02-07 16:00:00;2.22;;;;63.0;102.0;13.12;732.9;0.0;22.0;7.3;0.361;26.61;19.8;
904;2020-02-07 17:00:00;2.15;;;;55.0;70.0;9.61;732.6;0.0;22.0;6.8;0.238;26.59;20.6;
905;2020-02-07 18:00:00;2.16;;;;45.0;51.0;8.19;732.8;0.0;23.0;6.6;0.107;25.51;20.8;
906;2020-02-07 19:00:00;2.14;;;;44.0;50.0;7.96;733.0;0.0;28.0;6.5;0.011;23.72;19.1;
907;2020-02-07 20:00:00;2.17;;;;38.0;43.0;7.65;734.3;0.0;33.0;6.7;0.007;22.7;16.0;
908;2020-02-07 21:00:00;2.43;;;;18.0;35.0;11.37;732.9;0.0;36.0;6.6;0.007;21.25;11.1;
909;2020-02-07 22:00:00;2.73;;;;4.0;45.0;18.85;735.7;0.0;42.0;6.7;0.007;18.7;7.1;
910;2020-02-07 23:00:00;2.92;;;;4.0;65.0;28.01;736.0;0.0;49.0;6.8;0.007;17.22;7.1;
911;2020-02-08 00:00:00;2.71;;;;3.0;81.0;19.94;736.3;0.0;53.0;6.7;0.007;16.43;5.8;
912;2020-02-08 01:00:00;2.69;;;;3.0;53.0;16.47;735.8;0.0;58.0;6.6;0.007;15.23;7.9;
913;2020-02-08 02:00:00;2.56;;;;4.0;47.0;14.04;736.2;0.0;59.0;6.6;0.007;14.69;5.6;
914;2020-02-08 03:00:00;2.59;;;;3.0;45.0;14.85;736.0;0.0;67.0;6.7;0.007;13.15;3.2;
915;2020-02-08 04:00:00;2.6;;;;3.0;56.0;18.4;735.3;0.0;71.0;6.7;0.007;12.22;2.9;
916;2020-02-08 05:00:00;2.54;;;;3.0;52.0;17.34;735.9;0.0;71.0;6.6;0.007;11.98;6.1;
917;2020-02-08 06:00:00;2.63;;;;;46.0;22.79;736.3;0.0;71.0;6.8;0.007;12.61;7.5;
918;2020-02-08 07:00:00;2.45;;;;;71.0;20.82;736.7;0.0;70.0;6.8;0.007;13.3;9.6;
919;2020-02-08 08:00:00;2.98;;;;;55.0;24.03;737.1;0.0;74.0;7.0;0.023;12.23;3.0;
920;2020-02-08 09:00:00;3.5;;;;5.0;76.0;29.9;737.6;0.0;55.0;7.9;0.139;16.89;3.5;
921;2020-02-08 10:00:00;2.98;;;;12.0;108.0;27.09;738.3;0.0;51.0;8.5;0.268;19.31;7.7;
922;2020-02-08 11:00:00;2.8;;;;20.0;91.0;32.15;738.6;0.0;52.0;9.0;0.382;20.07;9.3;
923;2020-02-08 12:00:00;2.69;;;;39.0;95.0;33.9;738.4;0.0;47.0;10.0;0.461;21.25;11.1;
924;2020-02-08 13:00:00;2.71;;;;47.0;104.0;38.63;737.7;0.0;45.0;9.8;0.492;22.48;17.2;
925;2020-02-08 14:00:00;2.4;;;;57.0;117.0;23.29;736.6;0.0;40.0;9.5;0.489;23.93;21.8;
926;2020-02-08 15:00:00;2.25;;;;59.0;85.0;12.2;736.1;0.0;35.0;8.6;0.444;26.16;22.1;
927;2020-02-08 16:00:00;2.2;;;;47.0;60.0;8.86;736.3;0.0;35.0;7.7;0.357;27.25;21.5;
928;2020-02-08 17:00:00;2.21;;;;46.0;38.0;9.36;735.8;0.0;36.0;7.4;0.238;27.44;21.6;
929;2020-02-08 18:00:00;2.25;;;;42.0;39.0;9.55;735.7;0.0;39.0;7.3;0.104;26.71;19.7;
930;2020-02-08 19:00:00;2.26;;;;39.0;34.0;10.06;735.7;0.0;45.0;7.1;0.012;25.0;17.8;
931;2020-02-08 20:00:00;2.3;;;;29.0;43.0;12.06;736.0;0.0;63.0;6.8;0.007;23.07;21.7;
932;2020-02-08 21:00:00;2.23;;;;30.0;51.0;9.1;736.1;0.0;72.0;6.7;0.007;21.46;26.5;
933;2020-02-08 22:00:00;2.22;;;;30.0;37.0;8.67;736.4;0.0;75.0;6.7;0.007;20.74;26.5;
934;2020-02-08 23:00:00;2.2;;;;30.0;31.0;8.41;736.6;0.0;78.0;6.6;0.007;20.22;24.0;
935;2020-02-09 00:00:00;2.19;;;;;30.0;8.02;736.6;0.0;82.0;6.5;0.007;19.76;21.4;
936;2020-02-09 01:00:00;2.2;;;;27.0;23.0;8.3;736.2;0.0;85.0;6.5;0.007;19.23;18.1;
937;2020-02-09 02:00:00;2.17;;;;27.0;28.0;8.37;735.7;0.0;88.0;6.4;0.007;18.86;13.4;
938;2020-02-09 03:00:00;2.16;;;;28.0;27.0;10.15;735.4;0.0;88.0;6.2;0.007;18.71;12.7;
939;2020-02-09 04:00:00;2.17;;;;27.0;22.0;11.56;735.0;0.0;89.0;6.2;0.007;18.68;7.9;
940;2020-02-09 05:00:00;2.18;;;;25.0;27.0;12.12;734.9;0.0;89.0;6.1;0.007;18.57;3.4;
941;2020-02-09 06:00:00;2.2;;;;20.0;25.0;13.75;734.9;0.0;89.0;6.1;0.007;18.61;2.9;
942;2020-02-09 07:00:00;2.2;;;;20.0;33.0;14.22;734.9;0.0;90.0;;0.007;18.55;3.7;
943;2020-02-09 08:00:00;2.25;;;;19.0;26.0;14.59;735.2;0.0;90.0;6.3;0.016;18.46;5.0;
944;2020-02-09 09:00:00;2.31;;;;18.0;31.0;15.49;735.5;0.0;89.0;6.2;0.047;18.78;5.1;
945;2020-02-09 10:00:00;2.34;;;;17.0;36.0;17.77;735.4;0.0;87.0;6.2;0.073;19.21;4.0;
946;2020-02-09 11:00:00;2.46;;;;16.0;48.0;20.28;735.9;0.0;81.0;6.3;0.144;20.27;5.6;
947;2020-02-09 12:00:00;2.52;;;;29.0;57.0;29.31;735.5;0.0;64.0;6.4;0.448;23.74;9.2;
948;2020-02-09 13:00:00;2.56;;;;45.0;80.0;32.17;735.0;0.0;58.0;6.9;0.499;24.9;11.6;
949;2020-02-09 14:00:00;2.42;;;;58.0;87.0;26.83;734.3;0.0;51.0;7.0;0.483;26.0;12.4;
950;2020-02-09 15:00:00;2.41;;;;69.0;76.0;25.62;733.9;0.0;42.0;7.1;0.453;27.99;13.2;
951;2020-02-09 16:00:00;2.41;;;;74.0;76.0;22.49;732.8;0.0;36.0;7.3;0.319;29.08;14.8;
952;2020-02-09 17:00:00;2.34;;;;67.0;71.0;20.29;732.7;0.0;34.0;7.3;0.232;29.73;15.4;
953;2020-02-09 18:00:00;2.36;;;;60.0;66.0;22.21;733.2;0.0;36.0;8.4;0.076;28.97;14.5;
954;2020-02-09 19:00:00;2.53;;;;56.0;77.0;32.68;733.3;0.0;45.0;17.6;0.012;26.48;7.3;
955;2020-02-09 20:00:00;2.92;;;;15.0;115.0;34.72;733.4;0.0;45.0;12.4;0.007;24.41;5.3;
956;2020-02-09 21:00:00;2.71;;;;19.0;99.0;25.55;733.7;0.0;44.0;9.1;0.007;24.06;4.6;
957;2020-02-09 22:00:00;2.99;;;;6.0;68.0;28.82;734.1;0.0;47.0;7.9;0.007;23.59;6.1;
958;2020-02-09 23:00:00;3.0;;;;10.0;73.0;30.93;734.0;0.0;52.0;7.4;0.007;23.44;8.3;
959;2020-02-10 00:00:00;2.85;;;;15.0;79.0;34.46;733.6;0.0;57.0;7.5;0.007;22.79;13.8;
960;2020-02-10 01:00:00;2.59;;;;24.0;99.0;27.4;733.5;0.0;59.0;7.6;0.007;22.2;8.9;
961;2020-02-10 02:00:00;2.63;;;;15.0;66.0;28.71;733.4;0.0;64.0;7.4;0.007;21.03;4.7;
962;2020-02-10 03:00:00;2.45;;;;19.0;67.0;25.24;733.3;0.0;70.0;6.9;0.007;19.74;3.6;
963;2020-02-10 04:00:00;2.53;;;;10.0;59.0;25.32;733.1;0.0;76.0;6.6;0.007;18.52;2.9;
964;2020-02-10 05:00:00;2.59;;;;5.0;66.0;25.9;732.5;0.0;79.0;6.5;0.007;18.2;2.9;
965;2020-02-10 06:00:00;2.59;;;;3.0;58.0;28.29;732.5;0.0;83.0;6.4;0.007;17.74;2.9;
966;2020-02-10 07:00:00;2.68;;;;2.0;62.0;29.6;732.8;0.0;86.0;6.7;0.007;17.07;;
967;2020-02-10 08:00:00;3.06;;;;2.0;64.0;31.23;733.3;0.0;89.0;6.8;0.019;17.12;3.1;
968;2020-02-10 09:00:00;3.3;;;;3.0;77.0;37.05;734.2;0.0;85.0;6.8;0.086;19.41;4.8;
969;2020-02-10 10:00:00;3.16;;;;9.0;103.0;41.12;734.6;0.0;77.0;;0.201;21.53;7.8;
970;2020-02-10 11:00:00;3.06;;;;18.0;108.0;41.53;734.9;0.0;68.0;7.0;0.35;23.86;6.8;
971;2020-02-10 12:00:00;2.9;;;;35.0;127.0;43.5;734.6;0.0;58.0;7.8;0.41;25.95;10.5;
972;2020-02-10 13:00:00;2.71;;;;55.0;116.0;41.55;734.1;0.0;51.0;8.7;0.478;27.29;16.7;
973;2020-02-10 14:00:00;2.63;;;;75.0;124.0;40.36;733.1;0.0;46.0;8.7;0.465;29.31;17.4;
974;2020-02-10 15:00:00;2.61;;;;97.0;124.0;33.7;730.6;0.0;39.0;8.6;0.411;31.31;17.3;
975;2020-02-10 16:00:00;2.45;;;;94.0;94.0;28.7;732.2;0.0;37.0;8.5;0.355;31.81;18.9;
976;2020-02-10 17:00:00;2.37;;;;84.0;76.0;24.1;731.4;0.0;35.0;9.9;0.205;31.63;20.2;
977;2020-02-10 18:00:00;2.32;;;;74.0;71.0;20.02;732.1;0.0;35.0;11.0;0.076;30.39;20.7;
978;2020-02-10 19:00:00;2.39;;;;59.0;73.0;18.1;732.4;0.0;35.0;10.2;0.012;29.11;14.1;
979;2020-02-10 20:00:00;2.57;;;;36.0;63.0;17.56;732.7;0.0;36.0;8.7;0.007;28.18;10.5;
980;2020-02-10 21:00:00;2.6;;;;27.0;62.0;17.26;733.2;0.0;39.0;7.7;0.007;26.93;5.2;
981;2020-02-10 22:00:00;2.4;;;;30.0;60.0;18.39;733.5;0.0;45.0;7.2;0.007;27.19;9.9;
982;2020-02-10 23:00:00;2.61;;;;16.0;55.0;21.52;733.7;0.0;47.0;6.9;0.007;26.26;8.9;
983;2020-02-11 00:00:00;2.63;;;;10.0;76.0;27.51;734.1;0.0;53.0;6.8;0.007;24.8;10.7;
984;2020-02-11 01:00:00;2.32;;;;16.0;86.0;24.64;734.2;0.0;64.0;6.7;0.007;23.34;11.2;
985;2020-02-11 02:00:00;2.29;;;;13.0;59.0;23.08;734.2;0.0;72.0;6.6;0.007;22.46;7.6;
986;2020-02-11 03:00:00;2.24;;;;11.0;60.0;18.06;733.8;0.0;67.0;6.6;0.007;21.01;5.4;
987;2020-02-11 04:00:00;2.2;;;;12.0;48.0;16.07;733.2;0.0;70.0;6.5;0.007;19.91;3.9;
988;2020-02-11 05:00:00;2.19;;;;12.0;36.0;15.21;732.2;0.0;74.0;6.2;0.007;18.97;4.2;
989;2020-02-11 06:00:00;2.22;;;;7.0;36.0;16.01;733.4;0.0;75.0;6.2;0.007;18.65;3.6;
990;2020-02-11 07:00:00;2.26;;;;7.0;35.0;15.72;733.8;0.0;76.0;;0.007;18.32;4.8;
991;2020-02-11 08:00:00;2.5;;;;3.0;39.0;19.05;734.0;0.0;78.0;;0.016;18.08;6.5;
992;2020-02-11 09:00:00;2.51;;;;5.0;62.0;21.0;734.4;0.0;77.0;6.4;0.039;18.34;7.8;
993;2020-02-11 10:00:00;2.48;;;;7.0;72.0;22.82;734.9;0.0;76.0;6.6;0.077;18.58;3.9;
994;2020-02-11 11:00:00;2.4;;;;9.0;85.0;22.69;735.4;0.0;75.0;6.7;0.102;18.76;11.5;
995;2020-02-11 12:00:00;2.38;;;;11.0;86.0;24.76;735.4;0.0;78.0;6.7;0.109;18.44;12.2;
996;2020-02-11 13:00:00;2.35;;;;14.0;97.0;23.98;735.1;0.0;77.0;7.0;0.127;18.65;12.3;
997;2020-02-11 14:00:00;2.31;;;;18.0;89.0;19.96;734.4;0.0;74.0;7.1;0.161;19.26;12.0;
998;2020-02-11 15:00:00;2.31;;;;20.0;72.0;19.83;734.0;0.0;72.0;7.0;0.119;19.57;10.9;
999;2020-02-11 16:00:00;2.3;;;;18.0;63.0;19.0;733.5;0.0;73.0;6.9;0.08;19.04;15.0;
1000;2020-02-11 17:00:00;2.33;;;;13.0;62.0;17.45;733.4;0.0;74.0;6.8;0.051;18.26;18.0;
1001;2020-02-11 18:00:00;2.28;;;;9.0;62.0;10.9;734.2;0.0;80.0;6.9;0.013;15.54;21.2;
1002;2020-02-11 19:00:00;2.31;;;;6.0;52.0;7.48;734.8;0.0;88.0;6.6;0.007;13.54;14.3;
1003;2020-02-11 20:00:00;2.3;;;;5.0;30.0;6.37;735.0;0.0;91.0;6.5;0.007;12.67;6.6;
1004;2020-02-11 21:00:00;2.24;;;;7.0;17.0;6.12;735.7;0.02;91.0;6.2;0.009;12.31;6.1;
1005;2020-02-11 22:00:00;2.21;;;;8.0;24.0;5.16;735.7;0.0;92.0;6.3;0.01;12.0;6.0;
1006;2020-02-11 23:00:00;2.19;;;;8.0;9.0;4.02;735.7;0.01;92.0;6.1;0.01;11.68;9.0;
1007;2020-02-12 00:00:00;2.16;;;;8.0;17.0;2.4;735.8;0.0;89.0;6.1;0.013;11.66;5.9;
1008;2020-02-12 01:00:00;2.15;;;;7.0;4.0;;735.7;0.0;86.0;;0.011;11.95;9.7;
1009;2020-02-12 02:00:00;2.14;;;;9.0;3.0;;735.6;0.0;89.0;6.2;0.013;11.06;10.4;
1010;2020-02-12 03:00:00;2.15;;;;9.0;17.0;10.33;734.9;0.0;92.0;6.2;0.015;10.72;3.7;
1011;2020-02-12 04:00:00;2.16;;;;6.0;18.0;12.64;734.2;0.0;92.0;6.5;0.014;10.95;4.1;
1012;2020-02-12 05:00:00;2.17;;;;4.0;27.0;12.13;733.9;0.0;90.0;6.3;0.014;11.06;7.5;
1013;2020-02-12 06:00:00;2.19;;;;3.0;25.0;13.98;733.8;0.0;90.0;6.2;0.016;11.04;5.7;
1014;2020-02-12 07:00:00;2.31;;;;2.0;33.0;15.72;733.1;0.0;90.0;6.2;0.016;11.06;7.6;
1015;2020-02-12 08:00:00;2.31;;;;3.0;35.0;12.84;732.7;0.0;93.0;;0.021;10.86;10.9;
1016;2020-02-12 09:00:00;2.34;;;;4.0;29.0;9.93;732.8;0.0;95.0;;0.049;11.01;8.4;
1017;2020-02-12 10:00:00;2.42;;;;4.0;27.0;13.25;733.4;0.0;95.0;6.3;0.084;11.57;9.7;
1018;2020-02-12 11:00:00;2.46;;;;5.0;35.0;18.34;734.0;0.0;92.0;6.4;0.087;12.08;8.9;
1019;2020-02-12 12:00:00;2.54;;;;5.0;54.0;28.13;734.0;0.0;87.0;6.7;0.102;12.94;7.0;
1020;2020-02-12 13:00:00;2.57;;;;8.0;57.0;27.2;733.5;0.0;76.0;6.7;0.217;14.9;7.3;
1021;2020-02-12 14:00:00;2.4;;;;11.0;73.0;21.94;733.1;0.0;72.0;;0.199;15.54;10.4;
1022;2020-02-12 15:00:00;2.39;;;;12.0;61.0;20.56;733.0;0.0;71.0;6.5;0.169;15.52;16.0;
1023;2020-02-12 16:00:00;2.36;;;;11.0;57.0;18.2;733.2;0.0;70.0;6.5;0.135;15.18;16.8;
1024;2020-02-12 17:00:00;2.33;;;;15.0;54.0;19.19;733.5;0.0;71.0;6.4;0.099;15.3;12.1;
1025;2020-02-12 18:00:00;2.5;;;;8.0;53.0;28.54;734.1;0.0;75.0;9.6;0.046;14.94;10.4;
1026;2020-02-12 19:00:00;2.53;;;;3.0;66.0;26.1;734.9;0.0;86.0;11.6;0.014;12.82;6.7;
1027;2020-02-12 20:00:00;2.51;;;;3.0;60.0;26.38;735.9;0.0;90.0;10.5;0.007;11.63;3.9;
1028;2020-02-12 21:00:00;2.54;;;;3.0;47.0;28.3;736.8;0.0;93.0;8.6;0.008;11.01;2.9;
1029;2020-02-12 22:00:00;2.59;;;;;53.0;29.19;737.2;0.0;93.0;7.7;0.009;10.83;2.9;
1030;2020-02-12 23:00:00;2.83;;;;;61.0;30.08;737.2;0.0;94.0;7.5;0.01;10.91;2.9;
1031;2020-02-13 00:00:00;2.95;;;;;57.0;28.08;737.5;0.0;94.0;7.5;0.01;10.77;;
1032;2020-02-13 01:00:00;2.55;;;;;55.0;20.91;737.7;0.0;93.0;7.2;0.011;10.6;;
1033;2020-02-13 02:00:00;2.79;;;;;34.0;29.38;738.1;0.0;94.0;7.0;0.012;10.49;;
1034;2020-02-13 03:00:00;2.93;;;;;71.0;38.99;738.3;0.0;94.0;7.2;0.011;10.04;;
1035;2020-02-13 04:00:00;2.68;;;;2.0;82.0;27.17;738.3;0.0;94.0;7.1;0.012;9.82;3.2;
1036;2020-02-13 05:00:00;2.33;;;;2.0;52.0;13.88;738.6;0.0;93.0;6.6;0.013;9.71;3.0;
1037;2020-02-13 06:00:00;2.27;;;;3.0;25.0;10.67;738.9;0.0;93.0;6.5;0.013;9.47;3.2;
1038;2020-02-13 07:00:00;2.45;;;;3.0;22.0;9.55;739.6;0.0;92.0;6.6;0.015;9.8;3.4;
1039;2020-02-13 08:00:00;2.97;;;;3.0;26.0;9.88;;0.0;90.0;6.9;0.036;10.25;2.9;
1040;2020-02-13 09:00:00;2.92;;;;7.0;34.0;11.12;;0.0;69.0;7.2;0.151;14.2;3.2;
1041;2020-02-13 10:00:00;2.24;;;;23.0;43.0;6.51;;0.0;50.0;7.2;0.292;16.32;7.4;
1042;2020-02-13 11:00:00;2.15;;;;30.0;27.0;5.63;;0.0;46.0;7.7;0.313;16.17;7.3;
1043;2020-02-13 12:00:00;2.14;;;;36.0;38.0;4.97;;0.0;42.0;8.1;0.273;16.98;11.9;
1044;2020-02-13 13:00:00;2.21;;;;41.0;26.0;6.74;;0.0;42.0;8.3;0.318;18.1;15.1;
1045;2020-02-13 14:00:00;2.21;;;;43.0;34.0;7.58;;0.0;43.0;9.0;0.323;18.8;18.1;
1046;2020-02-13 15:00:00;2.2;;;;44.0;37.0;9.96;739.8;0.0;45.0;7.0;0.194;18.38;18.3;
1047;2020-02-13 16:00:00;2.15;;;;44.0;30.0;5.79;739.8;0.0;42.0;6.2;0.193;18.69;19.7;
1048;2020-02-13 17:00:00;2.16;;;;43.0;23.0;5.04;739.8;0.0;39.0;6.8;0.247;19.57;20.5;
1049;2020-02-13 18:00:00;2.17;;;;41.0;23.0;5.75;739.0;0.0;39.0;5.8;0.108;18.88;19.7;
1050;2020-02-13 19:00:00;2.2;;;;37.0;22.0;6.23;740.0;0.0;40.0;5.6;0.015;17.63;18.8;
1051;2020-02-13 20:00:00;2.2;;;;36.0;24.0;6.04;;0.0;41.0;5.6;0.007;16.91;16.3;
1052;2020-02-13 21:00:00;2.17;;;;40.0;24.0;4.96;;0.0;41.0;5.7;0.007;16.47;17.4;
1053;2020-02-13 22:00:00;2.14;;;;39.0;20.0;4.77;;0.0;42.0;6.2;0.007;16.04;17.5;
1054;2020-02-13 23:00:00;2.13;;;;40.0;19.0;4.76;;0.0;42.0;5.8;0.007;15.6;16.0;
1055;2020-02-14 00:00:00;2.11;;;;42.0;21.0;6.64;;0.0;51.0;8.8;0.007;14.46;27.0;
1056;2020-02-14 01:00:00;2.12;;;;39.0;32.0;8.85;;0.0;57.0;5.7;0.007;13.03;22.4;
1057;2020-02-14 02:00:00;2.14;;;;37.0;24.0;9.55;;0.0;65.0;5.7;0.007;12.68;22.1;
1058;2020-02-14 03:00:00;2.14;;;;30.0;27.0;12.55;;0.0;68.0;5.6;0.007;11.15;25.7;
1059;2020-02-14 04:00:00;2.12;;;;31.0;33.0;10.87;;0.0;73.0;5.7;0.007;10.84;26.3;
1060;2020-02-14 05:00:00;2.11;;;;36.0;28.0;11.55;;0.0;75.0;5.6;0.007;10.82;23.9;
1061;2020-02-14 06:00:00;2.13;;;;40.0;25.0;12.18;;0.0;73.0;5.6;0.007;10.96;24.5;
1062;2020-02-14 07:00:00;2.17;;;;35.0;25.0;14.49;;0.0;75.0;5.7;0.007;10.74;19.6;
1063;2020-02-14 08:00:00;2.22;;;;36.0;23.0;20.36;;0.0;78.0;5.6;0.011;10.39;20.0;
1064;2020-02-14 09:00:00;2.22;;;;33.0;38.0;16.63;;0.0;77.0;5.6;0.037;10.58;16.2;
1065;2020-02-14 10:00:00;2.23;;;;36.0;32.0;19.68;;0.0;79.0;5.7;0.082;10.71;17.2;
1066;2020-02-14 11:00:00;2.22;;;;32.0;42.0;21.01;;0.0;82.0;5.5;0.114;10.63;16.7;
1067;2020-02-14 12:00:00;2.21;;;;31.0;37.0;21.86;;0.0;85.0;5.5;0.134;9.9;19.0;
1068;2020-02-14 13:00:00;2.23;;;;30.0;32.0;20.5;;0.0;85.0;5.4;0.193;10.18;19.6;
1069;2020-02-14 14:00:00;2.25;;;;34.0;23.0;19.98;;0.0;80.0;5.4;0.217;11.08;20.8;
1070;2020-02-14 15:00:00;2.27;;;;34.0;26.0;20.08;;0.0;77.0;;0.177;11.68;26.0;
1071;2020-02-14 16:00:00;2.28;;;;30.0;36.0;22.62;;0.0;79.0;5.5;0.119;11.38;27.7;
1072;2020-02-14 17:00:00;2.22;;;;36.0;46.0;16.0;;0.0;78.0;5.5;0.065;11.46;27.3;
1073;2020-02-14 18:00:00;2.22;;;;35.0;34.0;17.56;;0.0;79.0;;0.025;11.25;26.8;
1074;2020-02-14 19:00:00;2.21;;;;34.0;35.0;18.07;;0.0;77.0;;0.009;11.48;26.6;
1075;2020-02-14 20:00:00;2.29;;;;31.0;45.0;19.01;;0.0;74.0;;0.007;12.15;24.0;
1076;2020-02-14 21:00:00;2.31;;;;29.0;40.0;19.71;;0.0;74.0;;0.007;12.19;26.0;
1077;2020-02-14 22:00:00;2.41;;;;22.0;39.0;23.23;;0.0;74.0;;0.007;12.44;22.0;
1078;2020-02-14 23:00:00;2.36;;;;23.0;45.0;24.03;;0.0;75.0;;0.007;12.1;29.1;
1079;2020-02-15 00:00:00;2.31;;;;27.0;26.96;19.84;;0.0;74.0;5.4;0.007;12.33;26.3;
1080;2020-02-15 01:00:00;2.2;;;;33.0;23.38;17.38;;0.0;73.0;5.5;0.007;12.85;24.0;
1081;2020-02-15 02:00:00;2.17;;;;34.0;28.02;14.45;;0.0;74.0;5.5;0.007;12.86;23.9;
1082;2020-02-15 03:00:00;2.18;;;;33.0;28.06;14.2;;0.0;76.0;5.4;0.007;12.57;17.5;
1083;2020-02-15 04:00:00;2.19;;;;31.0;26.96;15.68;;0.0;77.0;5.4;0.007;12.18;13.1;
1084;2020-02-15 05:00:00;2.2;;;;29.0;21.36;15.68;;0.0;78.0;;0.007;11.8;11.5;
1085;2020-02-15 06:00:00;2.19;;;;27.0;19.58;14.55;;0.0;81.0;;0.007;11.7;9.4;
1086;2020-02-15 07:00:00;2.24;;;;21.0;23.66;13.89;;0.0;84.0;5.5;0.007;11.63;6.2;
1087;2020-02-15 08:00:00;2.35;;;;14.0;33.06;15.32;;0.0;85.0;5.5;0.012;11.65;4.4;
1088;2020-02-15 09:00:00;2.42;;;;11.0;30.52;17.33;;0.0;83.0;5.6;0.045;12.39;3.5;
1089;2020-02-15 10:00:00;2.61;;;;8.0;34.51;25.22;;0.0;75.0;6.2;0.087;13.6;4.5;
1090;2020-02-15 11:00:00;2.76;;;;10.0;38.32;28.21;;0.0;73.0;6.4;0.153;14.46;8.0;
1091;2020-02-15 12:00:00;2.7;;;;18.0;33.18;30.66;;0.0;70.0;6.0;0.313;15.53;9.3;
1092;2020-02-15 13:00:00;2.59;;;;25.0;28.04;;;0.0;68.0;6.1;0.471;16.91;14.8;
1093;2020-02-15 14:00:00;2.39;;;;32.0;27.88;23.35;739.9;0.0;68.0;6.1;0.49;17.28;16.1;
1094;2020-02-15 15:00:00;2.38;;;;42.0;33.45;23.07;739.3;0.0;61.0;5.9;0.431;19.07;13.9;
1095;2020-02-15 16:00:00;2.39;;;;50.0;43.21;23.21;738.7;0.0;61.0;6.4;0.285;19.45;16.2;
1096;2020-02-15 17:00:00;2.4;;;;48.0;27.57;22.66;738.6;0.0;59.0;6.4;0.253;20.11;13.8;
1097;2020-02-15 18:00:00;2.44;;;;43.0;29.07;22.41;738.4;0.0;59.0;6.6;0.112;20.14;10.3;
1098;2020-02-15 19:00:00;2.52;;;;33.0;35.15;25.87;738.0;0.0;64.0;6.5;0.015;18.7;7.0;
1099;2020-02-15 20:00:00;2.57;;;;25.0;32.04;29.85;738.3;0.0;66.0;8.5;0.007;18.0;6.3;
1100;2020-02-15 21:00:00;2.82;;;;8.0;32.15;31.17;738.6;0.0;72.0;7.6;0.007;16.55;3.6;
1101;2020-02-15 22:00:00;3.15;;;;3.0;42.69;38.19;738.4;0.0;76.0;6.6;0.007;15.74;6.4;
1102;2020-02-15 23:00:00;2.93;;;;5.0;43.64;;738.3;0.0;75.0;6.4;0.007;16.04;5.2;
1103;2020-02-16 00:00:00;2.99;;;;3.0;37.48;;738.3;0.0;79.0;6.2;0.007;15.14;2.9;
1104;2020-02-16 01:00:00;3.09;;;;3.0;29.4;;738.1;0.0;78.0;6.4;0.007;15.45;3.9;
1105;2020-02-16 02:00:00;3.1;;;;3.0;27.79;;737.6;0.0;78.0;6.4;0.007;15.19;2.9;
1106;2020-02-16 03:00:00;3.08;;;;;24.8;;737.5;0.0;82.0;6.5;0.007;14.23;2.9;
1107;2020-02-16 04:00:00;2.86;;;;;26.6;;737.2;0.0;85.0;6.7;0.007;13.7;3.1;
1108;2020-02-16 05:00:00;2.64;;;;;27.24;;737.4;0.0;83.0;6.8;0.007;14.03;4.0;
1109;2020-02-16 06:00:00;2.73;;;;;34.95;;737.4;0.0;83.0;6.4;0.007;14.0;5.6;
1110;2020-02-16 07:00:00;2.9;;;;;38.46;;737.4;0.0;81.0;6.8;0.007;14.36;6.8;
1111;2020-02-16 08:00:00;3.0;;;;;47.17;43.96;738.0;0.0;81.0;6.9;0.024;14.45;8.7;
1112;2020-02-16 09:00:00;2.85;;;;7.0;42.59;36.55;738.5;0.0;72.0;7.1;0.131;16.94;5.1;
1113;2020-02-16 10:00:00;2.87;;;;13.0;57.17;46.22;739.1;0.0;58.0;8.7;0.253;20.59;5.4;
1114;2020-02-16 11:00:00;2.86;;;;30.0;62.83;37.79;739.3;0.0;53.0;10.7;0.355;22.39;8.8;
1115;2020-02-16 12:00:00;2.45;;;;51.0;63.79;24.9;739.1;0.0;49.0;9.6;0.432;23.73;9.6;
1116;2020-02-16 13:00:00;2.39;;;;62.0;71.39;21.71;738.2;0.0;46.0;9.1;0.437;24.86;10.5;
1117;2020-02-16 14:00:00;2.41;;;;68.0;46.61;19.79;737.2;0.0;43.0;8.3;0.376;25.65;11.1;
1118;2020-02-16 15:00:00;2.5;;;;84.0;43.38;22.57;736.5;0.0;41.0;7.9;0.466;26.74;13.6;
1119;2020-02-16 16:00:00;2.5;;;;85.0;46.34;23.46;735.9;0.0;42.0;7.9;0.233;26.63;13.8;
1120;2020-02-16 17:00:00;2.39;;;;74.0;46.56;18.8;735.7;0.0;41.0;11.7;0.248;27.16;17.7;
1121;2020-02-16 18:00:00;2.41;;;;69.0;49.21;20.51;735.5;0.0;43.0;13.8;0.093;26.38;17.1;
1122;2020-02-16 19:00:00;2.45;;;;61.0;74.22;21.44;735.3;0.0;48.0;10.8;0.011;24.56;14.3;
1123;2020-02-16 20:00:00;2.76;;;;33.0;63.83;26.2;735.4;0.0;55.0;8.8;0.007;22.45;6.0;
1124;2020-02-16 21:00:00;3.28;;;;6.0;53.98;38.67;735.6;0.0;60.0;7.7;0.007;21.22;5.3;
1125;2020-02-16 22:00:00;3.18;;;;6.0;66.4;33.47;735.7;0.0;64.0;7.0;0.007;20.17;5.8;
1126;2020-02-16 23:00:00;3.09;;;;6.0;74.68;32.02;735.5;0.0;66.0;6.8;0.007;19.7;6.3;
1127;2020-02-17 00:00:00;2.98;;;;;71.64;27.8;735.3;0.0;68.0;6.6;0.007;19.34;5.3;
1128;2020-02-17 01:00:00;2.76;;;;12.0;73.38;23.47;734.9;0.0;71.0;6.7;0.007;18.43;3.6;
1129;2020-02-17 02:00:00;2.71;;;;7.0;79.39;21.64;734.5;0.0;76.0;6.9;0.007;17.3;3.3;
1130;2020-02-17 03:00:00;2.65;;;;6.0;70.69;20.88;734.1;0.0;79.0;6.9;0.007;16.53;3.3;
1131;2020-02-17 04:00:00;2.47;;;;17.0;52.4;19.79;733.8;0.0;75.0;6.8;0.007;17.21;7.8;
1132;2020-02-17 05:00:00;2.42;;;;19.0;55.61;20.16;733.7;0.0;74.0;6.6;0.007;17.34;8.5;
1133;2020-02-17 06:00:00;2.44;;;;9.0;55.82;20.41;733.8;0.0;77.0;6.9;0.007;16.53;4.8;
1134;2020-02-17 07:00:00;2.74;;;;3.0;63.27;23.69;734.0;0.0;76.0;7.3;0.007;16.77;5.4;
1135;2020-02-17 08:00:00;3.36;;;;3.0;75.09;33.1;734.2;0.0;77.0;7.9;0.021;16.59;4.8;
1136;2020-02-17 09:00:00;4.06;;;;5.0;62.92;41.23;734.2;0.0;67.0;7.5;0.125;19.36;6.4;
1137;2020-02-17 10:00:00;3.58;;;;10.0;87.38;48.98;734.6;0.0;55.0;8.1;0.255;22.51;8.9;
1138;2020-02-17 11:00:00;3.82;;;;16.0;71.56;51.94;734.6;0.0;53.0;10.3;0.274;24.03;5.2;
1139;2020-02-17 12:00:00;3.52;;;;34.0;49.38;;734.3;0.0;50.0;12.0;0.454;25.55;10.8;
1140;2020-02-17 13:00:00;3.16;;;;61.0;44.99;44.66;733.7;0.0;48.0;10.9;0.511;27.02;17.3;
1141;2020-02-17 14:00:00;2.85;;;;70.0;42.21;33.7;732.8;0.0;46.0;9.9;0.443;28.42;17.0;
1142;2020-02-17 15:00:00;2.57;;;;82.0;51.08;25.76;732.1;0.0;41.0;9.7;0.439;29.52;20.5;
1143;2020-02-17 16:00:00;2.5;;;;84.0;54.31;22.98;731.7;0.0;39.0;9.0;0.349;30.2;21.7;
1144;2020-02-17 17:00:00;2.39;;;;57.0;44.4;16.59;731.5;0.0;41.0;8.1;0.216;29.97;20.2;
1145;2020-02-17 18:00:00;2.41;;;;43.0;48.72;15.59;731.5;0.0;43.0;7.6;0.082;28.99;21.4;
1146;2020-02-17 19:00:00;2.45;;;;33.0;55.05;16.17;731.5;0.0;50.0;7.2;0.014;26.88;20.8;
1147;2020-02-17 20:00:00;2.52;;;;28.0;55.67;16.78;731.9;0.0;52.0;7.1;0.007;26.01;11.5;
1148;2020-02-17 21:00:00;2.79;;;;9.0;64.9;19.21;732.4;0.0;57.0;6.9;0.007;24.6;7.4;
1149;2020-02-17 22:00:00;2.94;;;;2.0;57.54;20.78;732.7;0.0;60.0;6.7;0.007;24.0;5.2;
1150;2020-02-17 23:00:00;3.07;;;;2.0;70.81;22.47;732.7;0.0;62.0;6.9;0.007;23.32;4.2;
1151;2020-02-18 00:00:00;2.93;;;;4.0;53.93;22.42;732.7;0.0;66.0;6.6;0.007;22.39;6.6;
1152;2020-02-18 01:00:00;2.56;;;;9.0;46.85;22.1;732.6;0.0;70.0;6.5;0.007;21.85;6.3;
1153;2020-02-18 02:00:00;2.58;;;;5.0;44.73;21.08;732.4;0.0;76.0;6.6;0.007;20.16;4.0;
1154;2020-02-18 03:00:00;2.69;;;;2.0;38.58;22.04;732.3;0.0;79.0;6.6;0.007;19.62;3.1;
1155;2020-02-18 04:00:00;2.71;;;;2.0;34.75;21.34;732.2;0.0;82.0;6.5;0.007;18.62;3.2;
1156;2020-02-18 05:00:00;2.68;;;;2.0;39.53;21.99;732.3;0.0;84.0;6.8;0.007;18.51;3.1;
1157;2020-02-18 06:00:00;2.62;;;;;46.01;24.86;732.3;0.0;84.0;6.7;0.007;18.87;2.9;
1158;2020-02-18 07:00:00;2.71;;;;;57.48;25.03;732.6;0.0;84.0;6.6;0.007;18.72;2.9;
1159;2020-02-18 08:00:00;3.11;;;;;77.68;26.45;733.3;0.0;84.0;6.8;0.02;19.11;3.0;
1160;2020-02-18 09:00:00;3.43;;;;3.0;107.64;29.05;734.0;0.0;81.0;7.0;0.067;20.25;3.3;
1161;2020-02-18 10:00:00;3.2;;;;6.0;126.05;27.48;734.6;0.0;72.0;6.8;0.15;22.43;3.9;
1162;2020-02-18 11:00:00;3.17;;;;11.0;126.18;33.39;735.0;0.0;69.0;7.0;0.193;23.04;6.7;
1163;2020-02-18 12:00:00;2.7;;;;24.0;115.97;27.44;735.3;0.0;60.0;7.5;0.27;25.05;7.0;
1164;2020-02-18 13:00:00;2.57;;;;38.0;108.39;26.92;734.8;0.0;55.0;7.9;0.265;25.9;10.2;
1165;2020-02-18 14:00:00;2.5;;;;55.0;101.41;24.19;734.5;0.0;49.0;7.0;0.507;27.91;13.2;
1166;2020-02-18 15:00:00;2.46;;;;62.0;64.03;23.24;734.5;0.0;45.0;7.0;0.448;29.65;12.2;
1167;2020-02-18 16:00:00;2.43;;;;66.0;57.41;22.75;733.9;0.0;42.0;7.2;0.351;30.8;12.5;
1168;2020-02-18 17:00:00;2.37;;;;55.0;40.24;20.79;733.3;0.0;42.0;7.2;0.217;30.91;15.9;
1169;2020-02-18 18:00:00;2.36;;;;47.0;43.02;20.87;734.2;0.0;44.0;6.7;0.083;29.98;15.3;
1170;2020-02-18 19:00:00;2.44;;;;32.0;60.56;;735.7;0.0;48.0;6.7;0.012;28.51;18.1;
1171;2020-02-18 20:00:00;2.41;;;;27.0;54.38;19.76;736.7;0.0;50.0;6.8;0.007;27.48;15.0;
1172;2020-02-18 21:00:00;2.34;;;;27.0;48.38;23.3;737.8;0.0;59.0;6.7;0.007;25.78;19.1;
1173;2020-02-18 22:00:00;;;;;;51.15;;;;;;0.0;;;
1174;2020-02-18 23:00:00;2.29;;;;24.0;57.7;22.16;739.2;0.0;69.0;6.7;0.007;23.28;11.5;
1175;2020-02-19 00:00:00;2.28;;;;19.0;54.18;19.97;739.6;0.0;73.0;6.5;0.007;22.09;9.5;
1176;2020-02-19 01:00:00;2.28;;;;16.0;60.09;18.73;739.8;0.0;77.0;6.5;0.007;20.45;8.5;
1177;2020-02-19 02:00:00;2.26;;;;15.0;48.26;15.8;739.7;0.0;81.0;6.4;0.007;18.54;9.3;
1178;2020-02-19 03:00:00;2.22;;;;17.0;55.92;14.57;739.5;0.0;77.0;6.2;0.007;18.09;9.4;
1179;2020-02-19 04:00:00;2.23;;;;16.0;43.03;13.62;739.5;0.03;85.0;6.2;0.008;16.39;5.1;
1180;2020-02-19 05:00:00;2.25;;;;15.0;46.74;11.77;739.8;0.03;90.0;6.0;0.011;15.31;3.7;
1181;2020-02-19 06:00:00;2.22;;;;16.0;56.03;10.56;739.6;0.02;92.0;5.8;0.01;14.42;4.4;
1182;2020-02-19 07:00:00;2.25;;;;14.0;53.88;9.77;;0.02;93.0;5.9;0.01;13.84;5.4;
1183;2020-02-19 08:00:00;2.33;;;;10.0;66.98;10.65;;0.03;94.0;6.0;0.012;13.42;5.9;
1184;2020-02-19 09:00:00;2.35;;;;10.0;90.02;9.96;;0.03;94.0;5.9;0.021;13.21;4.3;
1185;2020-02-19 10:00:00;2.39;;;;8.0;70.58;12.58;;0.01;95.0;5.9;0.033;13.22;4.6;
1186;2020-02-19 11:00:00;2.39;;;;8.0;88.13;12.17;;0.01;95.0;6.0;0.046;13.12;4.6;
1187;2020-02-19 12:00:00;2.38;;;;9.0;67.49;10.74;;0.01;95.0;5.9;0.057;13.21;3.6;
1188;2020-02-19 13:00:00;2.37;;;;11.0;78.28;10.81;;0.01;95.0;6.1;0.062;13.42;4.0;
1189;2020-02-19 14:00:00;2.41;;;;10.0;58.89;11.59;;0.0;95.0;6.4;0.055;13.65;3.6;
1190;2020-02-19 15:00:00;2.39;;;;9.0;52.38;13.69;740.0;0.0;95.0;6.4;0.052;13.82;2.9;
1191;2020-02-19 16:00:00;2.39;;;;9.0;52.76;11.84;739.5;0.0;95.0;6.5;0.05;13.96;3.6;
1192;2020-02-19 17:00:00;2.43;;;;7.0;51.63;18.13;739.0;0.0;94.0;6.5;0.038;14.21;3.1;
1193;2020-02-19 18:00:00;2.46;;;;5.0;56.63;19.86;739.0;0.0;93.0;;0.03;14.5;3.1;
1194;2020-02-19 19:00:00;2.58;;;;3.0;70.52;20.45;739.2;0.0;92.0;6.6;0.015;14.39;2.9;
1195;2020-02-19 20:00:00;2.67;;;;3.0;42.98;;739.4;0.01;94.0;6.4;0.013;14.26;5.9;
1196;2020-02-19 21:00:00;2.37;;;;8.0;91.88;7.39;739.8;0.0;95.0;6.2;0.011;13.97;15.1;
1197;2020-02-19 22:00:00;2.4;;;;9.0;58.54;7.57;;0.0;95.0;6.1;0.01;13.85;13.8;
1198;2020-02-19 23:00:00;2.33;;;;15.0;38.62;10.53;;0.0;95.0;6.2;0.01;13.42;12.5;
1199;2020-02-20 00:00:00;2.27;;;;18.0;37.02;11.5;739.8;0.0;95.0;6.2;0.01;13.19;12.5;
1200;2020-02-20 01:00:00;2.23;;;;19.0;37.15;11.02;739.7;0.01;95.0;;0.01;13.04;7.3;
1201;2020-02-20 02:00:00;2.24;;;;20.0;31.4;11.34;739.8;0.0;95.0;5.9;0.01;12.93;3.9;
1202;2020-02-20 03:00:00;2.25;;;;18.0;32.44;10.42;739.8;0.02;96.0;6.0;0.009;12.91;6.7;
1203;2020-02-20 04:00:00;2.23;;;;16.0;27.34;10.85;739.7;0.01;96.0;6.2;0.008;12.84;3.6;
1204;2020-02-20 05:00:00;2.22;;;;12.0;22.65;9.48;739.8;0.0;96.0;6.2;0.008;12.96;4.1;
1205;2020-02-20 06:00:00;2.24;;;;12.0;18.04;8.25;739.8;0.0;96.0;6.0;0.008;12.45;5.8;
1206;2020-02-20 07:00:00;2.31;;;;7.0;16.25;9.73;;0.02;96.0;5.9;0.008;12.43;2.9;
1207;2020-02-20 08:00:00;2.42;;;;5.0;17.47;8.46;;0.0;96.0;5.9;0.011;12.34;5.3;
1208;2020-02-20 09:00:00;2.49;;;;4.0;16.97;7.87;;0.0;96.0;;0.024;12.4;3.2;
1209;2020-02-20 10:00:00;2.47;;;;6.0;19.96;8.64;;0.0;;5.8;0.035;12.65;4.4;
1210;2020-02-20 11:00:00;2.37;;;;11.0;20.08;9.22;;0.0;94.0;5.8;0.041;13.02;4.4;
1211;2020-02-20 12:00:00;2.33;;;;17.0;18.67;11.96;;0.0;86.0;;0.057;14.02;7.1;
1212;2020-02-20 13:00:00;2.32;;;;16.0;16.7;11.88;;0.0;82.0;;0.054;14.38;5.0;
1213;2020-02-20 14:00:00;2.33;;;;16.0;18.88;10.08;;0.0;81.0;;0.045;14.24;6.0;
1214;2020-02-20 15:00:00;2.3;;;;16.0;17.68;6.7;;0.0;81.0;5.9;0.042;14.07;12.8;
1215;2020-02-20 16:00:00;2.31;;;;13.0;16.63;5.37;;0.0;85.0;5.9;0.036;13.39;6.7;
1216;2020-02-20 17:00:00;2.29;;;;13.0;25.04;7.82;;0.0;84.0;5.8;0.024;13.04;13.0;
1217;2020-02-20 18:00:00;2.29;;;;10.0;32.1;7.7;;0.0;86.0;5.9;0.015;11.77;13.0;
1218;2020-02-20 19:00:00;2.26;;;;9.0;34.01;6.22;;0.0;88.0;5.8;0.01;10.51;10.1;
1219;2020-02-20 20:00:00;2.33;;;;7.0;26.84;7.18;;0.02;90.0;5.8;0.01;10.15;4.2;
1220;2020-02-20 21:00:00;2.29;;;;9.0;10.3;5.78;;0.0;90.0;;0.009;9.74;5.7;
1221;2020-02-20 22:00:00;2.31;;;;9.0;10.53;5.7;;0.04;92.0;;0.01;9.42;7.5;
1222;2020-02-20 23:00:00;2.23;;;;15.0;15.95;3.88;;0.05;93.0;5.7;0.009;8.86;15.0;
1223;2020-02-21 00:00:00;2.17;;;;21.0;18.55;2.8;;0.04;93.0;5.7;0.008;8.28;10.8;
1224;2020-02-21 01:00:00;2.14;;;;29.0;19.07;2.5;;0.04;93.0;;0.01;7.58;9.7;
1225;2020-02-21 02:00:00;2.15;;;;33.0;20.68;2.2;;0.0;92.0;;0.009;7.4;6.2;
1226;2020-02-21 03:00:00;2.15;;;;31.0;15.79;2.59;;0.0;90.0;;0.009;7.46;8.3;
1227;2020-02-21 04:00:00;2.13;;;;31.0;14.98;4.68;;0.0;87.0;5.6;0.009;7.12;4.4;
1228;2020-02-21 05:00:00;2.14;;;;32.0;12.82;6.63;;0.0;88.0;5.6;0.01;6.82;6.4;
1229;2020-02-21 06:00:00;2.14;;;;32.0;13.52;8.9;;0.0;85.0;5.7;0.01;6.94;6.1;
1230;2020-02-21 07:00:00;2.14;;;;31.0;14.51;9.35;;0.0;79.0;5.7;0.01;7.23;6.2;
1231;2020-02-21 08:00:00;2.28;;;;25.0;14.76;9.71;;0.0;78.0;5.5;0.013;7.48;6.5;
1232;2020-02-21 09:00:00;2.24;;;;28.0;15.74;9.01;;0.0;73.0;5.6;0.037;7.99;4.9;
1233;2020-02-21 10:00:00;2.23;;;;29.0;17.01;9.98;;0.0;69.0;5.7;0.086;8.85;4.9;
1234;2020-02-21 11:00:00;2.21;;;;32.0;21.55;10.03;;0.0;65.0;5.8;0.167;9.89;6.3;
1235;2020-02-21 12:00:00;2.21;;;;33.0;26.11;10.97;;0.0;65.0;5.9;0.168;10.14;8.6;
1236;2020-02-21 13:00:00;2.19;;;;35.0;28.15;11.18;;0.0;63.0;5.9;0.144;10.35;8.3;
1237;2020-02-21 14:00:00;2.23;;;;34.0;23.25;13.66;;0.0;62.0;5.8;0.163;11.0;6.0;
1238;2020-02-21 15:00:00;2.3;;;;33.0;17.6;17.27;;0.0;60.0;5.7;0.178;11.61;5.8;
1239;2020-02-21 16:00:00;2.33;;;;32.0;14.96;;;0.0;62.0;5.7;0.099;11.34;6.2;
1240;2020-02-21 17:00:00;2.28;;;;32.0;18.45;;;0.0;64.0;6.2;0.067;11.3;11.4;
1241;2020-02-21 18:00:00;2.28;;;;32.0;16.99;;;0.0;66.0;6.1;0.035;10.93;13.5;
1242;2020-02-21 19:00:00;2.28;;;;33.0;14.67;;;0.0;68.0;5.7;0.011;10.5;15.9;
1243;2020-02-21 20:00:00;2.22;;;;37.0;14.56;;;0.0;64.0;5.7;0.007;10.58;16.1;
1244;2020-02-21 21:00:00;2.22;;;;35.0;10.76;;;0.0;65.0;5.8;0.007;10.44;14.1;
1245;2020-02-21 22:00:00;2.24;;;;35.0;10.2;;;0.0;66.0;5.9;0.007;10.27;16.7;
1246;2020-02-21 23:00:00;2.19;;;;36.0;7.48;;;0.0;65.0;5.9;0.007;10.17;17.8;
1247;2020-02-22 00:00:00;2.2;;;;35.0;6.19;;;0.0;67.0;;0.007;9.94;16.5;
1248;2020-02-22 01:00:00;2.2;;;;35.0;5.83;;;0.0;68.0;5.8;0.007;9.77;16.2;
1249;2020-02-22 02:00:00;2.16;;;;34.0;4.59;;;0.0;69.0;5.8;0.007;9.58;15.7;
1250;2020-02-22 03:00:00;2.15;;;;35.0;4.82;;;0.0;69.0;5.7;0.007;9.55;12.0;
1251;2020-02-22 04:00:00;2.15;;;;33.0;9.07;;;0.0;70.0;5.7;0.007;9.33;11.5;
1252;2020-02-22 05:00:00;2.16;;;;31.0;10.84;;;0.0;72.0;5.8;0.007;9.18;10.0;
1253;2020-02-22 06:00:00;2.16;;;;26.0;13.59;12.98;;0.0;75.0;5.7;0.007;8.95;7.3;
1254;2020-02-22 07:00:00;2.23;;;;20.0;15.51;13.13;;0.0;76.0;5.8;0.007;8.67;10.5;
1255;2020-02-22 08:00:00;2.28;;;;16.0;18.92;;;0.0;76.0;5.7;0.021;8.74;6.6;
1256;2020-02-22 09:00:00;2.46;;;;13.0;17.63;;;0.0;73.0;5.8;0.098;9.55;9.3;
1257;2020-02-22 10:00:00;2.44;;;;21.0;19.18;16.47;;0.0;67.0;5.9;0.198;10.97;10.9;
1258;2020-02-22 11:00:00;2.36;;;;28.0;20.87;16.73;;0.0;64.0;5.8;0.198;11.69;11.0;
1259;2020-02-22 12:00:00;2.23;;;;36.0;22.37;12.33;;0.0;57.0;5.8;0.451;14.04;13.5;
1260;2020-02-22 13:00:00;2.23;;;;38.0;22.69;;;0.0;55.0;;0.504;15.03;13.2;
1261;2020-02-22 14:00:00;2.26;;;;40.0;28.12;15.62;;0.0;54.0;;0.515;15.66;14.1;
1262;2020-02-22 15:00:00;2.29;;;;41.0;30.01;14.55;;0.0;50.0;;0.463;17.58;14.4;
1263;2020-02-22 16:00:00;2.31;;;;43.0;37.46;14.43;;0.0;49.0;;0.271;18.11;20.6;
1264;2020-02-22 17:00:00;2.3;;;;43.0;40.45;;;0.0;48.0;5.9;0.204;18.72;18.7;
1265;2020-02-22 18:00:00;2.28;;;;43.0;39.2;11.56;;0.0;48.0;5.8;0.102;18.8;15.1;
1266;2020-02-22 19:00:00;2.34;;;;35.0;35.64;12.59;;0.0;51.0;5.9;0.015;17.74;19.7;
1267;2020-02-22 20:00:00;2.33;;;;33.0;23.62;10.99;;0.0;54.0;5.8;0.007;17.0;24.7;
1268;2020-02-22 21:00:00;2.32;;;;33.0;24.32;;;0.0;59.0;5.8;0.007;16.29;26.1;
1269;2020-02-22 22:00:00;2.25;;;;37.0;27.22;8.62;;0.0;62.0;;0.007;16.16;24.1;
1270;2020-02-22 23:00:00;2.27;;;;36.0;22.43;8.84;;0.0;66.0;;0.007;15.93;18.3;
1271;2020-02-23 00:00:00;2.37;;;;29.0;23.17;9.73;;0.0;72.0;;0.007;15.06;13.5;
1272;2020-02-23 01:00:00;2.44;;;;19.0;24.08;;;0.0;77.0;;0.007;13.88;6.4;
1273;2020-02-23 02:00:00;2.54;;;;10.0;20.73;13.32;;0.0;82.0;5.9;0.007;12.84;3.8;
1274;2020-02-23 03:00:00;2.54;;;;6.0;20.45;13.34;739.7;0.0;84.0;5.9;0.007;12.29;3.3;
1275;2020-02-23 04:00:00;2.54;;;;6.0;19.15;12.92;739.0;0.0;86.0;;0.007;12.31;6.5;
1276;2020-02-23 05:00:00;2.56;;;;5.0;20.77;;738.4;0.0;84.0;;0.007;12.84;8.0;
1277;2020-02-23 06:00:00;2.61;;;;3.0;20.05;19.97;738.3;0.0;85.0;;0.007;12.48;4.9;
1278;2020-02-23 07:00:00;2.69;;;;3.0;23.92;21.18;738.3;0.0;87.0;;0.007;11.9;4.2;
1279;2020-02-23 08:00:00;2.76;;;;3.0;33.96;25.98;738.4;0.0;84.0;6.1;0.035;12.67;3.5;
1280;2020-02-23 09:00:00;2.74;;;;6.0;42.49;;738.7;0.0;71.0;6.3;0.119;15.21;4.9;
1281;2020-02-23 10:00:00;2.78;;;;12.0;37.06;32.32;738.9;0.0;65.0;6.8;0.201;16.85;5.0;
1282;2020-02-23 11:00:00;2.63;;;;16.0;39.37;31.16;739.0;0.0;63.0;8.5;0.278;18.18;6.5;
1283;2020-02-23 12:00:00;2.7;;;;18.0;23.84;;738.4;0.0;57.0;11.1;0.296;19.59;6.7;
1284;2020-02-23 13:00:00;2.75;;;;31.0;22.8;;737.6;0.0;57.0;9.1;0.276;20.05;12.8;
1285;2020-02-23 14:00:00;2.68;;;;44.0;27.73;;736.6;0.0;53.0;8.0;0.243;21.37;14.9;
1286;2020-02-23 15:00:00;2.49;;;;54.0;26.69;19.81;736.0;0.0;48.0;7.6;0.374;23.33;16.6;
1287;2020-02-23 16:00:00;2.44;;;;60.0;30.03;18.0;735.6;0.0;44.0;8.7;0.366;24.81;19.4;
1288;2020-02-23 17:00:00;2.42;;;;63.0;23.93;17.79;735.0;0.0;41.0;10.3;0.237;25.75;20.0;
1289;2020-02-23 18:00:00;2.49;;;;61.0;22.3;19.48;734.9;0.0;42.0;8.7;0.098;25.3;15.2;
1290;2020-02-23 19:00:00;2.68;;;;35.0;31.04;24.61;734.9;0.0;52.0;7.2;0.016;23.12;6.3;
1291;2020-02-23 20:00:00;2.98;;;;11.0;22.78;;734.9;0.0;58.0;6.5;0.007;21.24;6.8;
1292;2020-02-23 21:00:00;3.13;;;;5.0;24.82;;735.3;0.0;63.0;6.2;0.007;20.12;6.6;
1293;2020-02-23 22:00:00;3.33;;;;3.0;22.45;;735.0;0.0;69.0;6.2;0.007;18.67;4.2;
1294;2020-02-23 23:00:00;3.34;;;;3.0;20.0;;734.7;0.0;74.0;6.3;0.007;17.82;2.9;
1295;2020-02-24 00:00:00;3.19;;;;3.0;24.0;;734.5;0.0;77.0;6.2;0.007;17.13;2.9;
1296;2020-02-24 01:00:00;3.03;;;;2.0;32.3;20.89;734.0;0.0;78.0;6.3;0.007;16.64;2.9;
1297;2020-02-24 02:00:00;2.93;;;;3.0;32.72;21.72;733.3;0.0;82.0;6.2;0.007;15.77;4.1;
1298;2020-02-24 03:00:00;2.8;;;;3.0;29.4;23.69;733.2;0.0;78.0;6.1;0.007;16.64;9.8;
1299;2020-02-24 04:00:00;3.15;;;;4.0;27.87;;732.9;0.0;72.0;6.3;0.007;17.52;11.6;
1300;2020-02-24 05:00:00;2.78;;;;10.0;37.4;36.02;732.7;0.0;67.0;6.4;0.007;18.14;13.3;
1301;2020-02-24 06:00:00;2.81;;;;7.0;40.63;37.43;733.1;0.0;68.0;6.6;0.007;17.96;10.4;
1302;2020-02-24 07:00:00;2.73;;;;3.0;42.2;32.77;733.8;0.0;73.0;6.4;0.007;16.67;6.7;
1303;2020-02-24 08:00:00;3.49;;;;3.0;51.25;34.19;734.2;0.0;76.0;6.5;0.023;16.19;6.8;
1304;2020-02-24 09:00:00;3.52;;;;10.0;64.49;32.75;735.3;0.0;56.0;6.8;0.153;20.85;9.5;
1305;2020-02-24 10:00:00;2.51;;;;28.0;61.84;19.71;736.2;0.0;50.0;6.9;0.281;23.13;9.0;
1306;2020-02-24 11:00:00;2.39;;;;36.0;61.04;15.55;736.4;0.0;47.0;7.3;0.393;24.22;16.2;
1307;2020-02-24 12:00:00;2.35;;;;40.0;70.84;12.67;736.1;0.0;41.0;7.2;0.477;25.8;21.1;
1308;2020-02-24 13:00:00;;;;;;74.86;;;;;;0.0;;;
1309;2020-02-24 14:00:00;2.3;;;;46.0;70.2;9.63;734.7;0.0;33.0;6.7;0.515;27.88;18.3;
1310;2020-02-24 15:00:00;2.29;;;;50.0;44.22;10.18;734.0;0.0;33.0;6.9;0.463;28.34;15.9;
1311;2020-02-24 16:00:00;2.3;;;;53.0;40.46;10.16;730.9;0.0;30.0;6.8;0.373;29.34;12.5;
1312;2020-02-24 17:00:00;2.31;;;;53.0;40.38;10.65;731.3;0.0;30.0;6.7;0.242;29.37;14.1;
1313;2020-02-24 18:00:00;2.38;;;;45.0;41.07;;733.6;0.0;33.0;6.7;0.048;27.55;9.4;
1314;2020-02-24 19:00:00;2.51;;;;33.0;49.16;12.45;734.1;0.0;36.0;6.5;0.012;26.18;8.9;
1315;2020-02-24 20:00:00;2.34;;;;40.0;52.23;9.74;734.7;0.0;37.0;6.5;0.007;25.39;15.7;
1316;2020-02-24 21:00:00;2.34;;;;39.0;50.04;9.27;735.1;0.0;38.0;6.4;0.007;24.88;14.3;
1317;2020-02-24 22:00:00;2.27;;;;42.0;53.44;;735.3;0.0;36.0;6.4;0.007;24.81;14.5;
1318;2020-02-24 23:00:00;2.27;;;;41.0;50.96;8.91;735.1;0.0;36.0;6.3;0.007;24.34;14.3;
1319;2020-02-25 00:00:00;2.24;;;;45.0;45.79;8.64;735.2;0.0;36.0;6.3;0.007;23.46;22.8;
1320;2020-02-25 01:00:00;2.2;;;;45.0;36.87;7.33;735.0;0.0;30.0;16.4;0.007;22.42;26.5;
1321;2020-02-25 02:00:00;2.2;;;;43.0;37.91;;734.8;0.0;33.0;8.6;0.007;21.14;18.8;
1322;2020-02-25 03:00:00;2.21;;;;40.0;47.58;7.46;734.5;0.0;37.0;6.1;0.007;20.21;15.9;
1323;2020-02-25 04:00:00;2.23;;;;36.0;94.76;8.56;734.3;0.0;44.0;6.2;0.007;19.4;11.2;
1324;2020-02-25 05:00:00;2.23;;;;32.0;69.39;8.86;734.2;0.0;49.0;6.0;0.007;18.61;5.6;
1325;2020-02-25 06:00:00;2.27;;;;22.0;77.67;8.97;734.2;0.0;56.0;5.9;0.007;17.52;4.3;
1326;2020-02-25 07:00:00;2.59;;;;5.0;61.16;11.57;734.2;0.0;61.0;6.1;0.007;16.79;3.1;
1327;2020-02-25 08:00:00;3.15;;;;3.0;73.95;15.91;734.6;0.0;63.0;6.3;0.022;16.88;3.3;
1328;2020-02-25 09:00:00;3.33;;;;5.0;84.45;19.52;735.3;0.0;59.0;6.7;0.103;18.75;8.2;
1329;2020-02-25 10:00:00;2.86;;;;13.0;99.39;17.53;735.9;0.0;44.0;8.0;0.276;22.35;9.5;
1330;2020-02-25 11:00:00;3.34;;;;11.0;78.16;33.85;736.4;0.0;46.0;14.2;0.269;23.51;12.7;
1331;2020-02-25 12:00:00;2.7;;;;29.0;63.92;24.32;736.2;0.0;34.0;13.7;0.466;25.26;15.3;
1332;2020-02-25 13:00:00;2.33;;;;51.0;45.25;8.71;735.6;0.0;19.0;8.0;0.548;27.87;10.0;
1333;2020-02-25 14:00:00;2.32;;;;62.0;32.66;9.93;735.0;0.0;19.0;8.1;0.539;28.58;12.0;
1334;2020-02-25 15:00:00;2.28;;;;69.0;28.64;9.17;734.4;0.0;17.0;7.5;0.489;29.46;11.0;
1335;2020-02-25 16:00:00;2.3;;;;74.0;28.87;9.26;733.8;0.0;15.0;7.4;0.39;30.52;9.8;
1336;2020-02-25 17:00:00;2.3;;;;75.0;33.81;9.07;733.4;0.0;14.0;7.0;0.262;30.26;11.6;
1337;2020-02-25 18:00:00;2.31;;;;71.0;40.52;9.02;733.8;0.0;14.0;6.9;0.125;29.81;9.9;
1338;2020-02-25 19:00:00;2.45;;;;46.0;50.55;11.79;734.4;0.0;22.0;6.8;0.019;27.04;11.9;
1339;2020-02-25 20:00:00;2.41;;;;28.0;35.21;10.11;735.6;0.0;22.0;7.4;0.007;24.2;16.0;
1340;2020-02-25 21:00:00;2.33;;;;29.0;32.25;8.08;737.4;0.0;26.0;7.8;0.007;22.06;9.3;
1341;2020-02-25 22:00:00;2.23;;;;37.0;33.85;7.62;739.0;0.0;28.0;7.5;0.007;21.01;11.3;
1342;2020-02-25 23:00:00;2.21;;;;38.0;36.47;7.67;;0.0;29.0;6.3;0.007;19.81;14.8;
1343;2020-02-26 00:00:00;2.18;;;;40.0;40.2;7.6;;0.0;34.0;6.6;0.007;17.88;11.5;
1344;2020-02-26 01:00:00;2.18;;;;41.0;37.78;7.05;;0.0;38.0;6.8;0.007;16.24;20.7;
1345;2020-02-26 02:00:00;2.16;;;;42.0;28.3;6.12;;0.0;43.0;6.2;0.007;14.5;22.0;
1346;2020-02-26 03:00:00;2.15;;;;41.0;31.0;4.63;;0.0;43.0;6.4;0.007;13.75;15.5;
1347;2020-02-26 04:00:00;2.14;;;;41.0;30.86;3.45;;0.0;40.0;5.8;0.007;13.35;12.6;
1348;2020-02-26 05:00:00;2.12;;;;42.0;27.51;3.16;;0.0;35.0;5.8;0.007;13.03;16.4;
1349;2020-02-26 06:00:00;2.13;;;;39.0;26.49;3.26;;0.0;34.0;6.1;0.007;12.87;12.0;
1350;2020-02-26 07:00:00;2.15;;;;37.0;40.35;3.1;;0.0;31.0;5.9;0.007;12.69;17.3;
1351;2020-02-26 08:00:00;2.18;;;;31.0;66.03;3.82;;0.0;30.0;5.9;0.016;12.13;21.2;
1352;2020-02-26 09:00:00;2.21;;;;28.0;80.1;9.45;;0.0;27.0;6.7;0.067;11.44;21.0;
1353;2020-02-26 10:00:00;2.17;;;;31.0;68.55;12.93;;0.0;27.0;6.5;0.126;11.01;19.1;
1354;2020-02-26 11:00:00;2.15;;;;37.0;109.55;9.76;;0.0;23.0;6.0;0.201;11.12;21.9;
1355;2020-02-26 12:00:00;2.18;;;;37.0;72.97;8.04;;0.0;23.0;6.0;0.301;12.49;18.1;
1356;2020-02-26 13:00:00;2.16;;;;42.0;36.28;7.29;;0.0;22.0;5.9;0.532;14.36;14.5;
1357;2020-02-26 14:00:00;2.16;;;;45.0;37.46;6.28;;0.0;20.0;6.0;0.54;15.39;15.7;
1358;2020-02-26 15:00:00;2.18;;;;45.0;33.42;5.72;;0.0;19.0;5.9;0.488;15.93;21.1;
1359;2020-02-26 16:00:00;2.18;;;;46.0;44.0;5.17;;0.0;19.0;5.9;0.395;16.3;18.3;
1360;2020-02-26 17:00:00;2.18;;;;44.0;35.0;4.8;;0.0;18.0;5.8;0.27;16.49;10.3;
1361;2020-02-26 18:00:00;2.17;;;;44.0;32.0;4.25;;0.0;18.0;5.8;0.132;15.79;19.4;
1362;2020-02-26 19:00:00;2.21;;;;39.0;20.0;4.58;;0.0;19.0;5.9;0.019;14.43;20.3;
1363;2020-02-26 20:00:00;2.2;;;;38.0;31.0;4.77;;0.0;18.0;5.9;0.007;13.13;16.0;
1364;2020-02-26 21:00:00;2.17;;;;37.0;29.0;4.15;;0.0;19.0;5.8;0.007;12.12;15.2;
1365;2020-02-26 22:00:00;2.17;;;;37.0;24.0;4.64;;0.0;20.0;5.9;0.007;11.15;11.1;
1366;2020-02-26 23:00:00;2.22;;;;26.0;17.0;5.17;;0.0;25.0;6.1;0.007;9.9;5.2;
1367;2020-02-27 00:00:00;2.25;;;;19.0;26.0;5.77;;0.0;30.0;6.0;0.007;8.98;4.2;
1368;2020-02-27 01:00:00;2.24;;;;17.0;23.0;5.36;;0.0;34.0;6.0;0.007;8.15;4.8;
1369;2020-02-27 02:00:00;2.25;;;;17.0;19.0;5.45;;0.0;36.0;5.9;0.007;7.66;5.6;
1370;2020-02-27 03:00:00;2.17;;;;20.0;21.0;5.82;;0.0;41.0;6.0;0.007;6.45;4.1;
1371;2020-02-27 04:00:00;2.17;;;;17.0;26.0;6.03;;0.0;46.0;6.1;0.007;5.69;3.2;
1372;2020-02-27 05:00:00;2.37;;;;15.0;18.0;7.33;;0.0;39.0;6.1;0.007;6.23;5.2;
1373;2020-02-27 06:00:00;2.3;;;;16.0;29.0;6.67;;0.0;46.0;6.0;0.007;5.17;4.5;
1374;2020-02-27 07:00:00;2.43;;;;6.0;26.0;6.53;;0.0;48.0;6.1;0.007;4.81;4.7;
1375;2020-02-27 08:00:00;2.68;;;;5.0;31.0;7.63;;0.0;45.0;6.3;0.024;5.64;5.2;
1376;2020-02-27 09:00:00;2.92;;;;9.0;39.0;17.44;;0.0;32.0;6.6;0.161;10.39;5.4;
1377;2020-02-27 10:00:00;2.52;;;;22.0;120.0;13.06;;0.0;29.0;6.9;0.313;11.0;14.5;
1378;2020-02-27 11:00:00;2.25;;;;38.0;72.0;9.33;;0.0;27.0;9.4;0.405;11.77;16.4;
1379;2020-02-27 12:00:00;2.2;;;;47.0;44.0;7.64;;0.0;25.0;6.8;0.511;13.46;18.5;
1380;2020-02-27 13:00:00;2.21;;;;50.0;31.0;9.19;;0.0;24.0;6.3;0.543;14.67;20.5;
1381;2020-02-27 14:00:00;2.22;;;;52.0;32.0;7.65;;0.0;23.0;6.3;0.541;15.96;17.9;
1382;2020-02-27 15:00:00;2.22;;;;53.0;29.0;6.38;;0.0;22.0;6.1;0.493;17.29;16.6;
1383;2020-02-27 16:00:00;2.24;;;;53.0;27.0;6.57;;0.0;21.0;6.1;0.401;18.29;20.9;
1384;2020-02-27 17:00:00;2.24;;;;52.0;34.0;7.34;;0.0;20.0;;0.275;18.83;19.6;
1385;2020-02-27 18:00:00;2.24;;;;51.0;32.0;8.1;;0.0;21.0;;0.136;18.35;20.8;
1386;2020-02-27 19:00:00;2.24;;;;47.0;33.0;6.98;;0.0;23.0;;0.02;16.9;19.4;
1387;2020-02-27 20:00:00;2.25;;;;44.0;42.0;6.4;;0.0;24.0;;0.007;16.07;16.6;
1388;2020-02-27 21:00:00;2.25;;;;43.0;29.0;6.33;;0.0;25.0;;0.007;15.74;16.6;
1389;2020-02-27 22:00:00;2.35;;;;31.0;24.0;7.04;;0.0;28.0;6.0;0.007;14.62;10.6;
1390;2020-02-27 23:00:00;2.51;;;;13.0;28.0;9.18;;0.0;32.0;6.1;0.007;13.08;8.0;
1391;2020-02-28 00:00:00;2.45;;;;13.0;41.0;8.96;;0.0;35.0;6.1;0.007;12.1;7.1;
1392;2020-02-28 01:00:00;2.39;;;;17.0;36.0;8.7;;0.0;38.0;;0.007;11.09;7.3;
1393;2020-02-28 02:00:00;2.39;;;;13.0;28.0;10.49;;0.0;45.0;6.0;0.007;9.37;5.4;
1394;2020-02-28 03:00:00;2.49;;;;5.0;36.0;13.77;;0.0;44.0;6.1;0.007;9.29;6.7;
1395;2020-02-28 04:00:00;2.41;;;;5.0;45.0;13.48;;0.0;52.0;6.2;0.007;7.91;4.3;
1396;2020-02-28 05:00:00;2.43;;;;5.0;38.0;15.12;;0.0;54.0;6.5;0.007;7.58;7.5;
1397;2020-02-28 06:00:00;2.5;;;;3.0;50.0;17.44;;0.0;58.0;6.4;0.007;7.16;6.0;
1398;2020-02-28 07:00:00;2.5;;;;3.0;52.0;12.6;;0.0;56.0;6.3;0.007;7.64;9.7;
1399;2020-02-28 08:00:00;3.06;;;;4.0;40.0;17.95;;0.0;53.0;6.5;0.026;8.51;8.1;
1400;2020-02-28 09:00:00;3.06;;;;8.0;68.0;21.18;;0.0;39.0;8.0;0.181;12.84;9.6;
1401;2020-02-28 10:00:00;3.54;;;;9.0;78.0;36.87;;0.0;30.0;13.2;0.313;16.73;6.4;
1402;2020-02-28 11:00:00;3.24;;;;18.0;130.0;47.27;;0.0;26.0;16.3;0.425;18.53;9.4;
1403;2020-02-28 12:00:00;2.65;;;;42.0;139.0;25.82;;0.0;22.0;8.8;0.509;19.62;16.1;
1404;2020-02-28 13:00:00;2.35;;;;53.0;83.0;13.19;;0.0;17.0;7.4;0.531;20.86;18.0;
1405;2020-02-28 14:00:00;2.37;;;;56.0;57.0;13.55;;0.0;17.0;8.9;0.53;21.58;20.2;
1406;2020-02-28 15:00:00;2.31;;;;60.0;65.0;9.7;;0.0;16.0;14.0;0.485;22.72;12.6;
1407;2020-02-28 16:00:00;2.28;;;;66.0;47.0;8.67;;0.0;15.0;15.7;0.393;23.01;19.9;
1408;2020-02-28 17:00:00;2.27;;;;63.0;39.0;7.16;;0.0;15.0;20.1;0.27;23.35;13.2;
1409;2020-02-28 18:00:00;2.29;;;;56.0;39.0;7.49;;0.0;15.0;12.8;0.132;22.89;16.2;
1410;2020-02-28 19:00:00;2.36;;;;45.0;29.0;7.85;;0.0;18.0;6.9;0.02;20.94;13.2;
1411;2020-02-28 20:00:00;2.36;;;;40.0;35.0;7.96;;0.0;19.0;6.3;0.007;19.78;14.6;
1412;2020-02-28 21:00:00;2.28;;;;42.0;31.0;7.46;;0.0;23.0;8.5;0.007;19.26;17.2;
1413;2020-02-28 22:00:00;2.25;;;;44.0;22.0;7.14;;0.0;22.0;6.3;0.007;19.02;15.2;
1414;2020-02-28 23:00:00;2.33;;;;40.0;23.0;8.89;;0.0;23.0;6.2;0.007;18.43;16.9;
1415;2020-02-29 00:00:00;2.32;;;;39.0;28.0;8.62;;0.0;29.0;6.3;0.007;16.59;13.9;
1416;2020-02-29 01:00:00;2.4;;;;29.0;30.0;11.7;;0.0;37.0;6.3;0.007;15.16;14.8;
1417;2020-02-29 02:00:00;2.37;;;;24.0;39.0;13.78;;0.0;54.0;7.4;0.007;13.34;14.8;
1418;2020-02-29 03:00:00;2.31;;;;26.0;49.0;12.23;;0.0;65.0;6.8;0.007;11.99;13.3;
1419;2020-02-29 04:00:00;2.3;;;;20.0;44.0;13.56;;0.0;71.0;6.4;0.007;10.72;4.7;
1420;2020-02-29 05:00:00;2.35;;;;13.0;37.0;13.01;;0.0;74.0;6.1;0.007;9.81;2.9;
1421;2020-02-29 06:00:00;2.39;;;;9.0;30.0;14.68;;0.0;78.0;6.2;0.007;9.73;3.9;
1422;2020-02-29 07:00:00;2.41;;;;4.0;41.0;16.69;;0.0;82.0;6.3;0.007;9.18;4.5;
1423;2020-02-29 08:00:00;2.63;;;;4.0;40.0;20.36;;0.0;83.0;6.2;0.022;9.58;3.8;
1424;2020-02-29 09:00:00;2.67;;;;13.0;58.0;21.02;;0.0;75.0;6.7;0.148;13.39;6.3;
1425;2020-02-29 10:00:00;2.67;;;;20.0;57.0;27.88;;0.0;75.0;6.8;0.182;13.74;10.0;
1426;2020-02-29 11:00:00;2.75;;;;24.0;66.0;35.98;;0.0;66.0;7.4;0.377;15.68;8.3;
1427;2020-02-29 12:00:00;2.68;;;;38.0;77.0;34.16;;0.0;59.0;8.0;0.487;16.97;15.3;
1428;2020-02-29 13:00:00;2.46;;;;53.0;73.0;21.2;;0.0;51.0;10.1;0.524;19.05;15.5;
1429;2020-02-29 14:00:00;2.41;;;;57.0;70.0;15.44;;0.0;43.0;7.8;0.531;20.96;20.3;
1430;2020-02-29 15:00:00;2.41;;;;58.0;62.0;12.55;;0.0;35.0;7.2;0.483;23.33;22.5;
1431;2020-02-29 16:00:00;2.4;;;;51.0;47.0;11.99;;0.0;37.0;6.8;0.291;23.86;23.0;
1432;2020-02-29 17:00:00;2.41;;;;48.0;44.0;12.53;;0.0;38.0;6.8;0.174;23.95;22.0;
1433;2020-02-29 18:00:00;2.38;;;;48.0;40.0;12.37;;0.0;36.0;6.7;0.151;24.72;17.5;
1434;2020-02-29 19:00:00;2.37;;;;46.0;30.0;9.95;739.8;0.0;38.0;6.4;0.028;23.98;15.8;
1435;2020-02-29 20:00:00;2.41;;;;42.0;36.0;10.98;739.9;0.0;42.0;6.6;0.007;23.04;19.4;
1436;2020-02-29 21:00:00;2.37;;;;44.0;36.0;9.38;739.8;0.0;43.0;6.5;0.007;22.88;19.1;
1437;2020-02-29 22:00:00;2.5;;;;32.0;32.0;16.96;739.9;0.0;52.0;6.3;0.007;20.51;21.3;
1438;2020-02-29 23:00:00;2.39;;;;36.0;50.0;12.05;740.0;0.0;59.0;6.4;0.007;19.03;20.9;
1439;2020-03-01 00:00:00;;;;;;;;;;;;;;;
1440;2020-03-01 01:00:00;2.41;;;;32.0;31.0;11.04;739.8;0.0;72.0;6.2;0.007;16.95;17.4;
1441;2020-03-01 02:00:00;2.41;;;;32.0;27.0;12.54;739.4;0.0;76.0;6.2;0.007;16.15;12.3;
1442;2020-03-01 03:00:00;2.37;;;;33.0;28.0;10.7;739.1;0.0;79.0;;0.007;15.47;7.0;
1443;2020-03-01 04:00:00;2.42;;;;23.0;24.0;12.46;738.8;0.0;83.0;;0.007;14.38;4.0;
1444;2020-03-01 05:00:00;2.45;;;;17.0;25.0;13.85;738.7;0.0;86.0;6.0;0.007;13.66;3.2;
1445;2020-03-01 06:00:00;2.49;;;;6.0;24.0;15.19;738.6;0.0;89.0;6.1;0.007;12.76;2.9;
1446;2020-03-01 07:00:00;2.58;;;;3.0;27.0;16.6;738.7;0.0;90.0;6.1;0.007;12.69;3.3;
1447;2020-03-01 08:00:00;2.76;;;;4.0;45.0;22.86;738.4;0.0;89.0;6.2;0.024;13.35;3.1;
1448;2020-03-01 09:00:00;2.82;;;;10.0;54.0;26.28;738.7;0.0;79.0;6.3;0.141;16.08;6.1;
1449;2020-03-01 10:00:00;2.74;;;;20.0;57.0;34.76;739.2;0.0;63.0;7.0;0.285;18.98;5.5;
1450;2020-03-01 11:00:00;2.74;;;;28.0;78.0;39.92;738.9;0.0;52.0;8.7;0.397;21.83;9.1;
1451;2020-03-01 12:00:00;2.89;;;;39.0;90.0;45.15;738.5;0.0;48.0;10.6;0.481;23.57;11.4;
1452;2020-03-01 13:00:00;2.85;;;;64.0;104.0;39.06;737.8;0.0;42.0;9.5;0.529;26.04;13.9;
1453;2020-03-01 14:00:00;2.78;;;;82.0;105.0;36.71;737.0;0.0;38.0;9.3;0.529;27.87;22.9;
1454;2020-03-01 15:00:00;2.62;;;;85.0;100.0;22.97;736.2;0.0;34.0;8.6;0.474;29.8;21.2;
1455;2020-03-01 16:00:00;2.5;;;;73.0;73.0;18.49;735.1;0.0;30.0;7.6;0.397;31.38;21.0;
1456;2020-03-01 17:00:00;2.45;;;;62.0;63.0;15.55;735.0;0.0;29.0;7.1;0.276;31.68;23.7;
1457;2020-03-01 18:00:00;2.42;;;;57.0;54.0;13.79;734.7;0.0;29.0;6.6;0.12;31.15;22.9;
1458;2020-03-01 19:00:00;2.47;;;;49.0;44.0;14.24;735.5;0.0;31.0;6.6;0.02;29.52;15.5;
1459;2020-03-01 20:00:00;2.72;;;;32.0;45.0;23.1;736.1;0.0;33.0;6.4;0.007;28.35;14.4;
1460;2020-03-01 21:00:00;2.96;;;;18.0;64.0;31.25;736.5;0.0;35.0;6.4;0.007;27.25;15.7;
1461;2020-03-01 22:00:00;2.56;;;;35.0;79.0;18.08;736.8;0.0;35.0;7.2;0.007;26.53;13.4;
1462;2020-03-01 23:00:00;2.38;;;;42.0;43.0;9.22;736.7;0.0;33.0;7.4;0.007;26.71;17.9;
1463;2020-03-02 00:00:00;2.51;;;;30.0;28.0;10.5;736.4;0.0;38.0;8.2;0.007;24.89;11.9;
1464;2020-03-02 01:00:00;2.56;;;;20.0;39.0;12.75;736.1;0.0;48.0;6.9;0.007;22.0;5.6;
1465;2020-03-02 02:00:00;2.61;;;;11.0;40.0;14.33;735.8;0.0;57.0;6.4;0.007;20.06;7.1;
1466;2020-03-02 03:00:00;2.65;;;;6.0;42.0;15.0;735.4;0.0;63.0;6.3;0.007;19.27;4.1;
1467;2020-03-02 04:00:00;2.58;;;;7.0;45.0;15.02;735.1;0.0;72.0;6.2;0.007;17.59;3.2;
1468;2020-03-02 05:00:00;2.63;;;;3.0;40.0;14.71;734.7;0.0;71.0;6.1;0.007;17.67;8.4;
1469;2020-03-02 06:00:00;2.73;;;;3.0;43.0;16.58;734.9;0.0;70.0;6.2;0.007;18.26;8.5;
1470;2020-03-02 07:00:00;2.96;;;;3.0;47.0;19.71;734.9;0.0;68.0;6.4;0.007;18.15;8.9;
1471;2020-03-02 08:00:00;3.48;;;;;68.0;24.56;735.3;0.0;65.0;6.7;0.02;18.38;8.3;
1472;2020-03-02 09:00:00;3.37;;;;6.0;98.0;21.83;735.6;0.0;44.0;7.6;0.17;22.75;12.1;
1473;2020-03-02 10:00:00;2.88;;;;16.0;81.0;14.23;735.9;0.0;30.0;8.4;0.307;27.92;11.2;
1474;2020-03-02 11:00:00;3.01;;;;25.0;75.0;18.51;736.2;0.0;28.0;9.9;0.423;29.81;12.5;
1475;2020-03-02 12:00:00;2.68;;;;45.0;146.0;16.04;735.9;0.0;23.0;7.5;0.504;32.07;7.2;
1476;2020-03-02 13:00:00;2.41;;;;53.0;82.0;11.23;735.3;0.0;19.0;6.9;0.557;34.46;8.9;
1477;2020-03-02 14:00:00;2.42;;;;65.0;59.0;9.37;734.4;0.0;17.0;7.0;0.522;35.7;12.0;
1478;2020-03-02 15:00:00;2.41;;;;72.0;44.0;8.94;733.7;0.0;16.0;7.6;0.444;36.33;15.2;
1479;2020-03-02 16:00:00;2.43;;;;54.0;49.0;16.24;733.1;0.0;28.0;14.1;0.322;33.94;26.9;
1480;2020-03-02 17:00:00;2.43;;;;48.0;83.0;14.39;733.0;0.0;31.0;15.3;0.165;32.26;25.6;
1481;2020-03-02 18:00:00;2.44;;;;43.0;65.0;13.85;733.2;0.0;32.0;9.6;0.072;31.05;22.2;
1482;2020-03-02 19:00:00;2.5;;;;33.0;47.0;12.14;733.9;0.0;30.0;7.1;0.017;29.67;21.8;
1483;2020-03-02 20:00:00;2.49;;;;35.0;43.0;12.8;734.4;0.0;37.0;7.6;0.007;28.44;18.1;
1484;2020-03-02 21:00:00;2.44;;;;40.0;37.0;13.08;734.7;0.0;42.0;7.3;0.007;27.51;17.4;
1485;2020-03-02 22:00:00;2.41;;;;39.0;38.0;12.52;735.0;0.0;43.0;11.7;0.007;26.92;10.0;
1486;2020-03-02 23:00:00;2.42;;;;39.0;29.0;13.09;735.2;0.0;45.0;10.8;0.007;26.43;13.8;
1487;2020-03-03 00:00:00;2.43;;;;37.0;32.0;15.13;735.3;0.0;55.0;8.8;0.007;24.77;17.3;
1488;2020-03-03 01:00:00;2.5;;;;31.0;38.0;18.34;735.1;0.0;60.0;7.7;0.007;23.45;10.2;
1489;2020-03-03 02:00:00;2.47;;;;29.0;49.0;19.24;734.8;0.0;65.0;6.9;0.007;22.4;9.2;
1490;2020-03-03 03:00:00;2.5;;;;24.0;41.0;20.14;734.3;0.0;75.0;6.5;0.007;21.34;7.7;
1491;2020-03-03 04:00:00;2.47;;;;21.0;46.0;23.65;734.0;0.0;79.0;6.4;0.007;20.48;6.1;
1492;2020-03-03 05:00:00;2.47;;;;14.0;45.0;23.54;733.4;0.0;82.0;6.1;0.007;19.53;3.4;
1493;2020-03-03 06:00:00;2.56;;;;6.0;36.0;23.56;733.4;0.0;83.0;6.2;0.007;19.06;3.3;
1494;2020-03-03 07:00:00;2.72;;;;3.0;41.0;23.85;733.5;0.0;85.0;6.2;0.007;18.89;4.1;
1495;2020-03-03 08:00:00;3.45;;;;2.0;56.0;30.75;733.9;0.0;88.0;6.4;0.025;18.95;4.9;
1496;2020-03-03 09:00:00;3.2;;;;7.0;97.0;27.22;734.2;0.0;87.0;6.4;0.095;19.23;5.7;
1497;2020-03-03 10:00:00;2.62;;;;16.0;86.0;33.76;734.7;0.0;86.0;6.3;0.17;19.98;7.9;
1498;2020-03-03 11:00:00;2.7;;;;22.0;79.0;39.96;735.0;0.0;80.0;7.0;0.264;21.34;13.7;
1499;2020-03-03 12:00:00;2.62;;;;29.0;81.0;40.95;734.8;0.0;81.0;7.6;0.264;21.27;19.1;
1500;2020-03-03 13:00:00;2.6;;;;30.0;71.0;42.38;734.1;0.0;82.0;7.5;0.178;21.2;18.1;
1501;2020-03-03 14:00:00;2.64;;;;30.0;88.0;42.73;733.2;0.0;82.0;7.1;0.159;21.35;15.5;
1502;2020-03-03 15:00:00;2.65;;;;37.0;91.0;43.65;732.5;0.0;77.0;7.1;0.254;22.38;18.4;
1503;2020-03-03 16:00:00;2.58;;;;43.0;88.0;44.32;732.1;0.0;75.0;7.4;0.213;22.71;18.5;
1504;2020-03-03 17:00:00;2.5;;;;41.0;76.0;30.84;731.9;0.0;68.0;7.9;0.139;23.55;15.2;
1505;2020-03-03 18:00:00;2.6;;;;36.0;48.0;27.61;731.6;0.0;65.0;7.6;0.061;24.14;10.6;
1506;2020-03-03 19:00:00;2.65;;;;33.0;62.0;30.69;731.8;0.0;66.0;7.3;0.013;23.86;8.9;
1507;2020-03-03 20:00:00;2.57;;;;32.0;62.0;25.24;732.3;0.0;62.0;7.3;0.007;24.5;9.3;
1508;2020-03-03 21:00:00;2.63;;;;28.0;54.0;26.66;732.8;0.0;63.0;7.8;0.007;24.35;12.7;
1509;2020-03-03 22:00:00;2.55;;;;33.0;53.0;26.59;733.0;0.0;64.0;8.1;0.007;24.18;12.9;
1510;2020-03-03 23:00:00;2.51;;;;35.0;51.0;25.5;733.2;0.0;65.0;7.8;0.007;24.0;11.9;
1511;2020-03-04 00:00:00;2.52;;;;33.0;53.0;26.22;733.3;0.0;67.0;7.3;0.007;23.61;15.4;
1512;2020-03-04 01:00:00;2.55;;;;26.0;52.0;31.64;733.3;0.0;72.0;7.0;0.007;22.84;10.3;
1513;2020-03-04 02:00:00;2.48;;;;24.0;62.0;29.84;733.2;0.0;79.0;6.8;0.007;22.26;5.8;
1514;2020-03-04 03:00:00;2.49;;;;15.0;55.0;27.27;732.9;0.0;83.0;6.4;0.007;21.04;2.9;
1515;2020-03-04 04:00:00;2.49;;;;12.0;47.0;27.03;732.5;0.0;86.0;6.3;0.007;20.37;4.0;
1516;2020-03-04 05:00:00;2.47;;;;11.0;44.0;28.69;732.7;0.0;87.0;6.3;0.007;20.58;2.9;
1517;2020-03-04 06:00:00;2.48;;;;13.0;48.0;26.3;733.4;0.0;78.0;;0.007;21.19;10.3;
1518;2020-03-04 07:00:00;2.47;;;;18.0;48.0;21.27;734.6;0.0;74.0;6.5;0.007;20.88;10.0;
1519;2020-03-04 08:00:00;2.56;;;;14.0;47.0;22.02;735.7;0.0;74.0;6.4;0.026;20.63;5.9;
1520;2020-03-04 09:00:00;2.72;;;;12.0;53.0;24.49;736.7;0.0;68.0;6.5;0.123;21.79;9.9;
1521;2020-03-04 10:00:00;2.54;;;;27.0;80.0;19.81;737.4;0.0;54.0;6.7;0.292;23.31;20.5;
1522;2020-03-04 11:00:00;2.48;;;;34.0;94.0;13.47;737.8;0.0;37.0;6.7;0.369;24.65;17.2;
1523;2020-03-04 12:00:00;2.38;;;;40.0;94.0;9.64;737.6;0.0;28.0;6.3;0.469;26.12;22.0;
1524;2020-03-04 13:00:00;2.36;;;;43.0;76.0;7.59;737.4;0.0;25.0;6.4;0.48;26.38;24.3;
1525;2020-03-04 14:00:00;2.33;;;;45.0;89.0;6.87;737.1;0.0;24.0;6.1;0.453;27.33;15.8;
1526;2020-03-04 15:00:00;2.33;;;;44.0;55.0;7.07;736.6;0.0;19.0;6.2;0.426;29.33;20.2;
1527;2020-03-04 16:00:00;2.35;;;;42.0;76.0;6.64;736.3;0.0;18.0;6.7;0.34;30.14;18.5;
1528;2020-03-04 17:00:00;2.39;;;;45.0;65.0;8.16;736.3;0.0;20.0;6.5;0.182;29.28;14.0;
1529;2020-03-04 18:00:00;2.37;;;;45.0;87.0;8.01;736.9;0.0;18.0;6.4;0.144;29.86;11.4;
1530;2020-03-04 19:00:00;2.45;;;;43.0;65.0;8.67;737.3;0.0;22.0;6.4;0.031;27.86;5.8;
1531;2020-03-04 20:00:00;2.49;;;;36.0;68.0;8.38;738.4;0.0;25.0;6.3;0.007;25.46;6.4;
1532;2020-03-04 21:00:00;2.66;;;;16.0;53.0;9.44;739.4;0.0;27.0;6.1;0.007;23.78;3.1;
1533;2020-03-04 22:00:00;2.63;;;;17.0;46.0;9.27;;0.0;25.0;6.1;0.007;23.15;7.0;
1534;2020-03-04 23:00:00;2.33;;;;38.0;46.0;5.01;;0.0;20.0;6.4;0.007;21.94;8.3;
1535;2020-03-05 00:00:00;2.28;;;;41.0;20.0;4.21;;0.0;29.0;6.3;0.007;20.04;7.7;
1536;2020-03-05 01:00:00;2.26;;;;41.0;26.0;3.5;;0.0;32.0;6.5;0.007;18.77;7.7;
1537;2020-03-05 02:00:00;2.23;;;;42.0;15.0;3.36;;0.0;35.0;6.2;0.007;17.94;8.8;
1538;2020-03-05 03:00:00;2.25;;;;44.0;14.0;3.39;;0.0;41.0;6.4;0.007;16.96;14.3;
1539;2020-03-05 04:00:00;2.24;;;;44.0;14.0;2.99;;0.0;52.0;6.2;0.007;15.31;14.2;
1540;2020-03-05 05:00:00;2.24;;;;42.0;15.0;2.49;;0.0;58.0;6.6;0.007;14.07;11.0;
1541;2020-03-05 06:00:00;2.24;;;;37.0;9.0;3.12;;0.0;61.0;6.7;0.007;13.15;11.3;
1542;2020-03-05 07:00:00;2.28;;;;31.0;8.0;3.64;;0.0;64.0;6.4;0.007;12.39;10.5;
1543;2020-03-05 08:00:00;2.34;;;;28.0;13.0;4.27;;0.0;65.0;6.4;0.02;12.28;5.9;
1544;2020-03-05 09:00:00;2.39;;;;31.0;17.0;5.32;;0.0;60.0;7.1;0.182;14.19;11.3;
1545;2020-03-05 10:00:00;2.57;;;;36.0;25.0;5.34;;0.0;56.0;7.5;0.309;15.54;13.0;
1546;2020-03-05 11:00:00;2.33;;;;41.0;25.0;4.87;;0.0;50.0;7.2;0.412;17.14;10.1;
1547;2020-03-05 12:00:00;2.41;;;;44.0;17.0;6.88;;0.0;46.0;6.8;0.48;18.38;8.7;
1548;2020-03-05 13:00:00;2.38;;;;50.0;27.0;6.13;;0.0;42.0;6.5;0.528;19.62;13.3;
1549;2020-03-05 14:00:00;2.36;;;;54.0;26.0;5.34;;0.0;37.0;6.4;0.526;21.55;11.6;
1550;2020-03-05 15:00:00;2.37;;;;56.0;28.0;5.56;;0.0;35.0;6.4;0.488;22.49;12.7;
1551;2020-03-05 16:00:00;2.34;;;;54.0;30.0;4.66;;0.0;31.0;6.3;0.353;23.85;11.0;
1552;2020-03-05 17:00:00;2.34;;;;50.0;26.0;4.47;;0.0;30.0;6.2;0.238;24.19;12.7;
1553;2020-03-05 18:00:00;2.36;;;;44.0;26.0;4.15;;0.0;32.0;6.4;0.089;22.4;18.1;
1554;2020-03-05 19:00:00;2.4;;;;39.0;23.0;5.23;;0.0;32.0;6.1;0.017;21.53;15.5;
1555;2020-03-05 20:00:00;2.4;;;;36.0;29.0;5.66;;0.0;34.0;6.0;0.007;20.42;16.5;
1556;2020-03-05 21:00:00;2.33;;;;40.0;26.0;5.56;;0.0;35.0;7.4;0.007;19.79;16.9;
1557;2020-03-05 22:00:00;2.33;;;;40.0;27.0;4.9;;0.0;37.0;9.5;0.007;19.0;14.7;
1558;2020-03-05 23:00:00;2.32;;;;38.0;21.0;4.45;;0.0;38.0;11.9;0.007;18.48;11.6;
1559;2020-03-06 00:00:00;2.31;;;;39.0;21.0;4.25;;0.0;40.0;11.7;0.007;17.93;11.4;
1560;2020-03-06 01:00:00;2.26;;;;47.0;19.0;3.82;;0.0;40.0;11.4;0.007;18.0;15.3;
1561;2020-03-06 02:00:00;2.24;;;;50.0;8.0;4.05;;0.0;40.0;15.3;0.007;18.01;16.7;
1562;2020-03-06 03:00:00;2.23;;;;50.0;9.0;3.56;;0.0;41.0;7.6;0.007;17.75;12.9;
1563;2020-03-06 04:00:00;2.25;;;;49.0;8.0;3.52;;0.0;43.0;6.5;0.007;17.29;10.0;
1564;2020-03-06 05:00:00;2.25;;;;47.0;5.0;3.84;;0.0;45.0;6.4;0.007;16.93;8.5;
1565;2020-03-06 06:00:00;2.49;;;;7.0;13.0;;;0.0;56.0;6.3;0.007;14.16;3.7;
1566;2020-03-06 07:00:00;2.61;;;;3.0;42.0;17.84;;0.0;59.0;6.5;0.007;13.36;2.9;
1567;2020-03-06 08:00:00;3.07;;;;4.0;56.0;19.35;;0.0;57.0;7.0;0.033;13.9;3.2;
1568;2020-03-06 09:00:00;3.61;;;;6.0;85.0;25.99;;0.0;49.0;7.8;0.123;16.33;9.6;
1569;2020-03-06 10:00:00;2.75;;;;26.0;119.0;13.83;;0.0;43.0;8.5;0.236;18.33;22.2;
1570;2020-03-06 11:00:00;2.42;;;;44.0;85.0;9.82;;0.0;39.0;12.1;0.368;19.69;18.7;
1571;2020-03-06 12:00:00;2.36;;;;54.0;57.0;8.78;;0.0;35.0;14.2;0.395;20.55;24.1;
1572;2020-03-06 13:00:00;2.34;;;;54.0;54.0;8.27;;0.0;32.0;7.7;0.433;21.81;20.3;
1573;2020-03-06 14:00:00;2.33;;;;56.0;40.0;7.54;;0.0;27.0;8.5;0.54;22.6;24.6;
1574;2020-03-06 15:00:00;2.34;;;;55.0;42.0;8.28;;0.0;24.0;9.0;0.408;23.49;18.5;
1575;2020-03-06 16:00:00;2.34;;;;54.0;63.0;7.44;;0.0;22.0;9.1;0.392;23.77;26.1;
1576;2020-03-06 17:00:00;2.34;;;;53.0;60.0;7.79;;0.0;22.0;8.1;0.275;23.59;28.6;
1577;2020-03-06 18:00:00;2.34;;;;51.0;56.0;7.07;;0.0;22.0;7.1;0.129;23.18;25.3;
1578;2020-03-06 19:00:00;2.37;;;;48.0;47.0;6.84;;0.0;21.0;6.7;0.026;21.99;20.9;
1579;2020-03-06 20:00:00;2.33;;;;50.0;43.0;5.47;;0.0;20.0;8.3;0.007;21.23;18.7;
1580;2020-03-06 21:00:00;2.32;;;;51.0;29.0;5.84;;0.0;22.0;6.3;0.007;20.92;17.6;
1581;2020-03-06 22:00:00;2.35;;;;48.0;24.0;6.99;;0.0;25.0;6.2;0.007;19.89;19.9;
1582;2020-03-06 23:00:00;2.31;;;;48.0;32.0;7.97;;0.0;31.0;6.3;0.007;18.79;24.8;
1583;2020-03-07 00:00:00;2.33;;;;46.0;47.0;7.88;;0.0;38.0;6.3;0.007;17.27;29.6;
1584;2020-03-07 01:00:00;2.34;;;;46.0;38.0;7.92;;0.0;46.0;6.4;0.007;16.2;21.6;
1585;2020-03-07 02:00:00;2.32;;;;48.0;31.0;8.06;;0.0;53.0;6.3;0.007;15.5;23.1;
1586;2020-03-07 03:00:00;2.3;;;;51.0;25.0;7.18;;0.0;60.0;6.4;0.007;14.91;21.0;
1587;2020-03-07 04:00:00;2.32;;;;53.0;15.0;7.97;;0.0;69.0;6.1;0.007;14.33;17.5;
1588;2020-03-07 05:00:00;2.33;;;;51.0;18.0;8.57;;0.0;72.0;6.3;0.007;13.88;14.3;
1589;2020-03-07 06:00:00;2.35;;;;46.0;19.0;9.22;;0.0;73.0;6.2;0.007;13.38;10.1;
1590;2020-03-07 07:00:00;2.39;;;;40.0;20.0;10.77;;0.0;75.0;6.2;0.007;13.15;14.5;
1591;2020-03-07 08:00:00;2.45;;;;37.0;28.0;14.93;;0.0;79.0;6.3;0.044;13.26;13.6;
1592;2020-03-07 09:00:00;2.46;;;;42.0;37.0;16.82;;0.0;76.0;6.5;0.147;14.47;13.2;
1593;2020-03-07 10:00:00;2.44;;;;48.0;46.0;13.88;;0.0;71.0;6.5;0.132;14.75;16.0;
1594;2020-03-07 11:00:00;2.45;;;;47.0;53.0;14.74;;0.0;67.0;6.7;0.133;15.63;15.3;
1595;2020-03-07 12:00:00;2.4;;;;50.0;48.0;12.74;;0.0;62.0;6.6;0.203;16.55;18.6;
1596;2020-03-07 13:00:00;2.41;;;;51.0;36.0;12.11;;0.0;58.0;6.5;0.288;17.51;20.0;
1597;2020-03-07 14:00:00;2.42;;;;53.0;41.0;13.78;;0.0;55.0;6.5;0.456;18.89;23.1;
1598;2020-03-07 15:00:00;2.42;;;;54.0;46.0;14.39;;0.0;53.0;6.6;0.346;19.64;23.6;
1599;2020-03-07 16:00:00;2.42;;;;51.0;47.0;12.06;;0.0;48.0;6.5;0.242;20.82;21.9;
1600;2020-03-07 17:00:00;2.4;;;;50.0;36.0;9.98;;0.0;40.0;6.4;0.244;22.28;21.3;
1601;2020-03-07 18:00:00;2.42;;;;49.0;33.0;10.0;;0.0;36.0;6.4;0.14;22.86;19.7;
1602;2020-03-07 19:00:00;;;;;;;;;;;;;;;
1603;2020-03-07 20:00:00;2.49;;;;43.0;31.0;17.64;;0.0;36.0;6.3;0.007;21.41;16.1;
1604;2020-03-07 21:00:00;2.44;;;;45.0;46.0;14.59;;0.0;48.0;6.4;0.007;20.11;22.4;
1605;2020-03-07 22:00:00;2.42;;;;46.0;44.0;16.64;;0.0;61.0;6.1;0.007;18.52;27.3;
1606;2020-03-07 23:00:00;2.4;;;;48.0;55.0;15.92;;0.0;68.0;6.2;0.007;17.55;28.5;
1607;2020-03-08 00:00:00;2.41;;;;47.0;40.0;15.26;;0.0;71.0;6.1;0.007;16.71;23.6;
1608;2020-03-08 01:00:00;2.4;;;;45.0;25.0;15.62;;0.0;73.0;6.1;0.007;16.34;18.3;
1609;2020-03-08 02:00:00;2.42;;;;42.0;29.0;15.97;;0.0;76.0;;0.007;15.74;17.8;
1610;2020-03-08 03:00:00;2.4;;;;43.0;32.0;15.67;;0.0;78.0;6.2;0.007;15.23;11.5;
1611;2020-03-08 04:00:00;2.39;;;;42.0;27.0;15.6;;0.0;79.0;6.1;0.007;15.05;10.7;
1612;2020-03-08 05:00:00;2.4;;;;42.0;30.0;16.08;;0.0;81.0;6.2;0.007;15.02;10.1;
1613;2020-03-08 06:00:00;2.41;;;;40.0;30.0;17.26;;0.0;81.0;6.1;0.007;15.22;7.3;
1614;2020-03-08 07:00:00;2.41;;;;39.0;30.0;16.57;;0.0;81.0;6.3;0.007;15.21;9.1;
1615;2020-03-08 08:00:00;2.44;;;;35.0;34.0;16.44;;0.0;81.0;6.2;0.022;15.23;8.4;
1616;2020-03-08 09:00:00;2.47;;;;34.0;37.0;16.02;;0.0;80.0;6.3;0.064;15.54;9.9;
1617;2020-03-08 10:00:00;2.5;;;;38.0;36.0;17.53;;0.0;78.0;6.1;0.103;16.16;10.1;
1618;2020-03-08 11:00:00;2.52;;;;40.0;43.0;17.71;;0.0;73.0;6.1;0.198;17.57;9.4;
1619;2020-03-08 12:00:00;2.54;;;;43.0;43.0;20.14;;0.0;67.0;6.3;0.242;18.85;9.6;
1620;2020-03-08 13:00:00;2.51;;;;45.0;38.0;20.19;;0.0;64.0;6.2;0.271;19.54;15.1;
1621;2020-03-08 14:00:00;2.47;;;;43.0;47.0;17.58;;0.0;59.0;6.2;0.286;20.53;21.2;
1622;2020-03-08 15:00:00;2.48;;;;44.0;47.0;16.0;;0.0;56.0;6.1;0.239;21.74;21.0;
1623;2020-03-08 16:00:00;2.52;;;;42.0;41.0;19.24;;0.0;60.0;6.3;0.144;21.28;21.7;
1624;2020-03-08 17:00:00;2.52;;;;41.0;47.0;19.08;;0.0;58.0;6.1;0.1;21.88;15.7;
1625;2020-03-08 18:00:00;2.54;;;;40.0;47.0;19.4;;0.0;57.0;6.3;0.044;22.09;12.4;
1626;2020-03-08 19:00:00;2.53;;;;39.0;47.0;20.34;;0.0;56.0;6.2;0.02;22.06;14.4;
1627;2020-03-08 20:00:00;2.66;;;;30.0;54.0;23.38;;0.0;58.0;6.4;0.007;21.48;15.1;
1628;2020-03-08 21:00:00;2.54;;;;34.0;63.0;16.36;;0.0;60.0;6.8;0.007;21.33;17.3;
1629;2020-03-08 22:00:00;2.43;;;;36.0;43.0;7.84;;0.0;66.0;6.3;0.007;20.54;21.6;
1630;2020-03-08 23:00:00;2.4;;;;36.0;33.0;7.01;;0.0;69.0;6.2;0.007;19.91;23.0;
1631;2020-03-09 00:00:00;2.41;;;;35.0;25.0;6.95;;0.0;71.0;6.2;0.007;19.42;21.1;
1632;2020-03-09 01:00:00;2.41;;;;35.0;20.0;6.94;;0.0;74.0;6.1;0.007;18.9;18.2;
1633;2020-03-09 02:00:00;2.39;;;;36.0;20.0;6.68;;0.0;77.0;6.0;0.007;18.44;15.3;
1634;2020-03-09 03:00:00;2.4;;;;33.0;21.0;7.78;;0.0;79.0;6.1;0.007;17.88;13.4;
1635;2020-03-09 04:00:00;2.39;;;;33.0;19.0;8.1;;0.0;80.0;6.1;0.007;17.67;9.5;
1636;2020-03-09 05:00:00;2.39;;;;33.0;18.0;8.38;;0.0;80.0;6.0;0.007;17.75;8.0;
1637;2020-03-09 06:00:00;2.42;;;;31.0;13.0;8.46;;0.0;81.0;6.1;0.007;17.66;7.5;
1638;2020-03-09 07:00:00;2.48;;;;20.0;19.0;10.37;;0.0;82.0;6.1;0.007;17.36;8.4;
1639;2020-03-09 08:00:00;2.58;;;;13.0;27.0;10.96;;0.0;82.0;;0.015;17.37;5.2;
1640;2020-03-09 09:00:00;2.62;;;;12.0;38.0;11.6;;0.0;79.0;6.2;0.034;18.0;3.8;
1641;2020-03-09 10:00:00;2.66;;;;16.0;43.0;13.37;;0.0;76.0;6.3;0.073;18.71;6.7;
1642;2020-03-09 11:00:00;2.56;;;;23.0;42.0;16.31;;0.0;73.0;6.4;0.124;19.52;9.3;
1643;2020-03-09 12:00:00;2.62;;;;29.0;49.0;20.78;;0.0;65.0;6.6;0.37;21.59;10.0;
1644;2020-03-09 13:00:00;2.71;;;;37.0;63.0;28.99;;0.0;59.0;6.8;0.342;23.11;9.3;
1645;2020-03-09 14:00:00;2.61;;;;47.0;72.0;25.06;;0.0;55.0;6.7;0.199;23.95;8.4;
1646;2020-03-09 15:00:00;2.55;;;;44.0;60.0;22.33;;0.0;59.0;6.6;0.124;22.99;9.3;
1647;2020-03-09 16:00:00;2.53;;;;37.0;65.0;20.19;;0.0;59.0;6.7;0.195;23.26;15.1;
1648;2020-03-09 17:00:00;2.53;;;;37.0;59.0;20.09;;0.0;59.0;6.7;0.115;23.03;12.6;
1649;2020-03-09 18:00:00;2.52;;;;34.0;55.0;15.71;;0.0;59.0;6.6;0.041;22.58;13.4;
1650;2020-03-09 19:00:00;2.59;;;;29.0;40.0;16.46;;0.0;61.0;6.4;0.012;22.24;7.6;
1651;2020-03-09 20:00:00;2.7;;;;20.0;60.0;17.87;;0.0;62.0;6.4;0.007;21.83;3.8;
1652;2020-03-09 21:00:00;2.81;;;;10.0;64.0;20.36;;0.0;64.0;6.3;0.007;21.44;3.2;
1653;2020-03-09 22:00:00;2.59;;;;27.0;58.0;16.51;;0.0;62.0;6.1;0.007;21.88;10.5;
1654;2020-03-09 23:00:00;2.58;;;;26.0;42.0;18.3;;0.0;62.0;7.4;0.007;21.91;9.0;
1655;2020-03-10 00:00:00;2.47;;;;32.0;48.0;12.48;;0.0;61.0;7.5;0.007;21.95;13.0;
1656;2020-03-10 01:00:00;2.49;;;;29.0;32.0;15.66;;0.0;67.0;7.4;0.007;20.97;14.8;
1657;2020-03-10 02:00:00;2.46;;;;27.0;38.0;12.8;;0.0;74.0;6.9;0.007;20.07;13.4;
1658;2020-03-10 03:00:00;2.46;;;;24.0;30.0;12.45;;0.0;77.0;6.6;0.007;19.44;7.6;
1659;2020-03-10 04:00:00;2.47;;;;20.0;29.0;11.44;;0.0;83.0;6.4;0.007;18.76;4.8;
1660;2020-03-10 05:00:00;2.45;;;;18.0;36.0;10.44;;0.0;86.0;6.3;0.007;18.32;3.5;
1661;2020-03-10 06:00:00;2.46;;;;11.0;35.0;10.55;;0.0;87.0;6.3;0.007;17.99;2.9;
1662;2020-03-10 07:00:00;2.57;;;;6.0;27.0;11.77;;0.0;86.0;6.2;0.007;18.31;3.0;
1663;2020-03-10 08:00:00;2.93;;;;3.0;34.0;15.12;;0.0;85.0;6.4;0.022;18.75;4.1;
1664;2020-03-10 09:00:00;3.22;;;;3.0;52.0;19.57;;0.0;83.0;6.6;0.036;19.42;4.9;
1665;2020-03-10 10:00:00;3.01;;;;6.0;73.0;18.86;;0.0;82.0;6.4;0.086;19.67;3.9;
1666;2020-03-10 11:00:00;2.94;;;;10.0;75.0;19.52;;0.0;76.0;6.4;0.132;20.87;5.3;
1667;2020-03-10 12:00:00;2.87;;;;18.0;66.0;23.02;;0.0;70.0;7.1;0.257;22.21;6.5;
1668;2020-03-10 13:00:00;2.82;;;;32.0;76.0;26.02;;0.0;65.0;8.7;0.213;22.95;9.6;
1669;2020-03-10 14:00:00;2.83;;;;37.0;89.0;27.77;;0.0;64.0;8.9;0.207;23.18;12.0;
1670;2020-03-10 15:00:00;2.69;;;;41.0;90.0;25.32;;0.0;64.0;8.5;0.21;23.61;14.8;
1671;2020-03-10 16:00:00;2.62;;;;44.0;81.0;22.81;;0.0;64.0;10.9;0.162;23.54;17.0;
1672;2020-03-10 17:00:00;2.6;;;;48.0;78.0;23.12;;0.0;63.0;12.2;0.12;23.76;19.1;
1673;2020-03-10 18:00:00;2.59;;;;49.0;66.0;22.93;;0.0;61.0;10.8;0.07;23.73;17.9;
1674;2020-03-10 19:00:00;2.62;;;;35.0;58.0;19.83;;0.0;60.0;9.6;0.016;23.55;16.9;
1675;2020-03-10 20:00:00;2.62;;;;19.0;57.0;12.58;;0.0;64.0;8.0;0.007;22.76;20.0;
1676;2020-03-10 21:00:00;2.5;;;;24.0;50.0;11.1;;0.0;65.0;7.3;0.007;22.41;17.9;
1677;2020-03-10 22:00:00;2.46;;;;26.0;33.0;11.06;;0.0;66.0;7.0;0.007;22.3;15.9;
1678;2020-03-10 23:00:00;2.47;;;;25.0;27.0;13.71;;0.0;71.0;6.8;0.007;21.78;20.3;
1679;2020-03-11 00:00:00;2.49;;;;23.0;27.0;15.4;;0.0;79.0;6.6;0.007;20.93;16.8;
1680;2020-03-11 01:00:00;2.47;;;;24.0;31.0;15.31;;0.0;87.0;6.3;0.007;20.13;12.5;
1681;2020-03-11 02:00:00;2.44;;;;25.0;21.0;12.14;;0.0;91.0;6.3;0.007;19.48;14.9;
1682;2020-03-11 03:00:00;2.45;;;;25.0;19.0;16.2;;0.0;92.0;6.1;0.007;19.24;12.4;
1683;2020-03-11 04:00:00;2.45;;;;25.0;28.0;15.01;;0.0;92.0;6.1;0.007;18.94;13.3;
1684;2020-03-11 05:00:00;2.43;;;;;29.0;13.46;;0.0;94.0;;0.007;18.64;11.0;
1685;2020-03-11 06:00:00;2.45;;;;22.0;22.0;11.29;;0.0;94.0;6.0;0.007;18.62;3.3;
1686;2020-03-11 07:00:00;2.53;;;;15.0;13.0;;;0.0;94.0;6.0;0.007;18.7;3.5;
1687;2020-03-11 08:00:00;2.72;;;;8.0;18.0;15.61;;0.0;94.0;;0.016;18.76;4.9;
1688;2020-03-11 09:00:00;2.87;;;;6.0;34.0;19.31;;0.0;93.0;6.1;0.073;19.31;4.4;
1689;2020-03-11 10:00:00;2.89;;;;9.0;43.0;24.11;;0.0;86.0;6.3;0.16;20.57;7.9;
1690;2020-03-11 11:00:00;2.87;;;;16.0;62.0;29.53;;0.0;81.0;6.2;0.2;21.41;11.2;
1691;2020-03-11 12:00:00;2.82;;;;17.0;80.0;28.51;;0.0;78.0;6.2;0.228;22.16;12.3;
1692;2020-03-11 13:00:00;2.69;;;;26.0;75.0;31.92;;0.0;69.0;6.3;0.476;23.73;14.1;
1693;2020-03-11 14:00:00;2.64;;;;44.0;66.0;29.32;;0.0;65.0;6.4;0.523;24.92;16.3;
1694;2020-03-11 15:00:00;2.58;;;;54.0;68.0;23.97;;0.0;57.0;6.3;0.448;27.02;15.4;
1695;2020-03-11 16:00:00;2.54;;;;45.0;61.0;16.44;;0.0;50.0;6.4;0.318;28.04;18.0;
1696;2020-03-11 17:00:00;2.52;;;;37.0;39.0;13.84;740.0;0.0;47.0;6.4;0.284;28.9;19.5;
1697;2020-03-11 18:00:00;2.53;;;;36.0;36.0;14.51;739.7;0.0;46.0;6.3;0.139;28.82;17.9;
1698;2020-03-11 19:00:00;2.53;;;;38.0;43.0;13.82;739.4;0.0;47.0;6.3;0.018;27.82;18.1;
1699;2020-03-11 20:00:00;2.5;;;;36.0;37.0;14.59;739.4;0.0;46.0;6.2;0.007;27.59;18.7;
1700;2020-03-11 21:00:00;2.47;;;;36.0;37.0;13.8;739.7;0.0;45.0;6.2;0.007;27.76;19.4;
1701;2020-03-11 22:00:00;2.64;;;;23.0;36.0;16.62;739.8;0.0;52.0;;0.007;25.9;22.5;
1702;2020-03-11 23:00:00;2.51;;;;26.0;53.0;11.23;739.8;0.0;58.0;;0.007;24.06;23.5;
1703;2020-03-12 00:00:00;2.5;;;;25.0;44.0;10.14;739.5;0.0;62.0;6.1;0.007;23.0;20.8;
1704;2020-03-12 01:00:00;2.54;;;;20.0;39.0;10.56;739.1;0.0;66.0;6.2;0.007;21.98;9.2;
1705;2020-03-12 02:00:00;2.51;;;;21.0;36.0;10.77;738.8;0.0;69.0;6.1;0.007;21.18;11.8;
1706;2020-03-12 03:00:00;2.51;;;;15.0;39.0;13.05;738.4;0.0;75.0;6.1;0.007;20.11;11.2;
1707;2020-03-12 04:00:00;2.51;;;;13.0;41.0;12.27;738.1;0.0;79.0;;0.007;19.19;5.3;
1708;2020-03-12 05:00:00;2.51;;;;10.0;34.0;12.16;737.8;0.0;83.0;;0.007;18.53;3.2;
1709;2020-03-12 06:00:00;2.55;;;;7.0;27.0;12.43;737.9;0.0;84.0;;0.007;18.29;3.6;
1710;2020-03-12 07:00:00;2.64;;;;3.0;29.0;12.99;737.9;0.0;85.0;;0.007;18.08;2.9;
1711;2020-03-12 08:00:00;3.18;;;;3.0;36.0;17.49;738.3;0.0;83.0;6.4;0.029;18.63;3.2;
1712;2020-03-12 09:00:00;3.2;;;;6.0;59.0;19.46;738.8;0.0;78.0;6.5;0.107;20.02;5.9;
1713;2020-03-12 10:00:00;3.06;;;;12.0;68.0;22.3;739.4;0.0;72.0;6.4;0.199;21.58;6.4;
1714;2020-03-12 11:00:00;3.03;;;;18.0;78.0;23.69;739.6;0.0;66.0;6.5;0.276;23.1;7.9;
1715;2020-03-12 12:00:00;3.13;;;;30.0;85.0;31.19;739.3;0.0;60.0;6.8;0.348;24.86;8.7;
1716;2020-03-12 13:00:00;2.99;;;;55.0;108.0;32.13;738.9;0.0;54.0;7.1;0.487;26.74;11.6;
1717;2020-03-12 14:00:00;2.88;;;;67.0;97.0;29.24;738.2;0.0;49.0;7.4;0.398;28.15;8.9;
1718;2020-03-12 15:00:00;2.84;;;;79.0;91.0;30.19;737.4;0.0;48.0;7.3;0.272;28.45;14.7;
1719;2020-03-12 16:00:00;2.71;;;;78.0;102.0;26.73;736.8;0.0;44.0;8.1;0.236;29.47;20.8;
1720;2020-03-12 17:00:00;2.62;;;;58.0;97.0;22.65;736.3;0.0;39.0;11.2;0.241;30.69;21.7;
1721;2020-03-12 18:00:00;2.58;;;;51.0;71.0;22.71;736.1;0.0;38.0;10.0;0.099;30.97;19.6;
1722;2020-03-12 19:00:00;2.61;;;;35.0;59.0;19.35;736.4;0.0;41.0;8.1;0.027;29.82;20.1;
1723;2020-03-12 20:00:00;2.59;;;;36.0;58.0;19.4;736.5;0.0;44.0;7.0;0.007;28.8;18.9;
1724;2020-03-12 21:00:00;;;;;;;;;;;;0.0;;;
1725;2020-03-12 22:00:00;2.98;;;;6.0;51.0;24.29;737.3;0.0;54.0;6.6;0.007;26.06;6.9;
1726;2020-03-12 23:00:00;2.86;;;;10.0;67.0;24.79;737.6;0.0;58.0;6.5;0.007;25.07;20.4;
1727;2020-03-13 00:00:00;2.56;;;;22.0;97.0;15.34;737.5;0.0;64.0;6.4;0.007;23.96;20.5;
1728;2020-03-13 01:00:00;2.52;;;;23.0;42.0;13.5;737.4;0.0;68.0;6.4;0.007;22.93;18.7;
1729;2020-03-13 02:00:00;2.49;;;;23.0;34.0;12.9;737.1;0.0;71.0;6.3;0.007;22.14;15.2;
1730;2020-03-13 03:00:00;2.48;;;;22.0;31.0;12.4;737.0;0.0;76.0;6.4;0.007;21.0;12.6;
1731;2020-03-13 04:00:00;2.48;;;;20.0;38.0;11.66;736.9;0.0;79.0;6.2;0.007;20.13;5.5;
1732;2020-03-13 05:00:00;2.5;;;;13.0;19.0;12.9;736.9;0.0;83.0;6.2;0.007;19.27;3.1;
1733;2020-03-13 06:00:00;2.56;;;;7.0;25.0;14.07;737.0;0.0;84.0;6.1;0.007;19.38;4.6;
1734;2020-03-13 07:00:00;2.68;;;;3.0;36.0;14.82;737.2;0.0;85.0;6.3;0.007;19.01;2.9;
1735;2020-03-13 08:00:00;2.95;;;;4.0;39.0;15.99;737.6;0.0;85.0;6.5;0.051;19.6;2.9;
1736;2020-03-13 09:00:00;3.45;;;;6.0;52.0;21.45;738.2;0.0;71.0;9.7;0.182;23.08;4.2;
1737;2020-03-13 10:00:00;3.16;;;;14.0;75.0;24.48;738.7;0.0;64.0;9.9;0.289;24.63;8.0;
1738;2020-03-13 11:00:00;2.98;;;;25.0;83.0;28.39;739.0;0.0;60.0;10.3;0.332;25.88;12.0;
1739;2020-03-13 12:00:00;3.04;;;;43.0;109.0;34.63;739.0;0.0;57.0;10.9;0.44;26.96;15.1;
1740;2020-03-13 13:00:00;2.99;;;;62.0;115.0;32.68;738.7;0.0;52.0;11.1;0.466;28.68;17.9;
1741;2020-03-13 14:00:00;2.76;;;;85.0;124.0;31.41;738.3;0.0;42.0;11.8;0.53;31.09;21.9;
1742;2020-03-13 15:00:00;2.66;;;;98.0;116.0;31.63;738.0;0.0;39.0;19.6;0.467;31.96;23.3;
1743;2020-03-13 16:00:00;2.59;;;;77.0;120.0;28.84;737.6;0.0;35.0;21.2;0.387;32.9;26.4;
1744;2020-03-13 17:00:00;2.56;;;;61.0;101.0;21.06;737.5;0.0;33.0;13.6;0.287;33.68;11.0;
1745;2020-03-13 18:00:00;2.59;;;;50.0;65.0;21.35;737.4;0.0;34.0;11.6;0.07;32.59;19.2;
1746;2020-03-13 19:00:00;2.67;;;;38.0;63.0;21.16;737.6;0.0;37.0;10.8;0.024;31.84;16.4;
1747;2020-03-13 20:00:00;2.72;;;;24.0;73.0;23.24;738.2;0.0;40.0;10.3;0.007;30.05;8.7;
1748;2020-03-13 21:00:00;2.67;;;;24.0;77.0;21.41;738.8;0.0;42.0;9.9;0.007;29.31;14.0;
1749;2020-03-13 22:00:00;2.65;;;;23.0;65.0;24.05;739.5;0.0;56.0;10.3;0.007;27.57;24.6;
1750;2020-03-13 23:00:00;2.64;;;;23.0;74.0;26.73;739.8;0.0;62.0;10.1;0.007;26.42;23.0;
1751;2020-03-14 00:00:00;2.59;;;;23.0;68.0;32.37;739.8;0.0;68.0;9.9;0.007;24.8;22.7;
1752;2020-03-14 01:00:00;2.56;;;;25.0;65.0;33.29;739.8;0.0;72.0;9.9;0.007;23.82;21.1;
1753;2020-03-14 02:00:00;2.58;;;;21.0;70.0;33.3;739.5;0.0;74.0;9.8;0.007;23.36;12.4;
1754;2020-03-14 03:00:00;2.6;;;;18.0;77.0;31.55;739.2;0.0;75.0;9.8;0.007;23.13;10.9;
1755;2020-03-14 04:00:00;2.61;;;;20.0;64.0;33.16;739.1;0.0;77.0;9.7;0.007;22.52;8.3;
1756;2020-03-14 05:00:00;2.57;;;;16.0;60.0;35.38;739.2;0.0;80.0;9.6;0.007;21.69;3.2;
1757;2020-03-14 06:00:00;2.57;;;;16.0;67.0;39.7;739.6;0.0;82.0;9.5;0.007;21.29;3.5;
1758;2020-03-14 07:00:00;2.58;;;;22.0;62.0;37.2;;0.0;81.0;9.4;0.007;21.32;4.9;
1759;2020-03-14 08:00:00;2.63;;;;21.0;59.0;34.49;;0.0;78.0;9.4;0.027;21.9;4.2;
1760;2020-03-14 09:00:00;2.68;;;;21.0;66.0;34.41;;0.0;77.0;9.6;0.071;22.32;6.8;
1761;2020-03-14 10:00:00;2.71;;;;24.0;76.0;36.35;;0.0;72.0;9.6;0.225;23.88;9.1;
1762;2020-03-14 11:00:00;2.78;;;;31.0;74.0;40.86;;0.0;65.0;9.9;0.296;25.62;9.5;
1763;2020-03-14 12:00:00;2.66;;;;43.0;81.0;40.6;;0.0;60.0;10.2;0.49;27.16;12.9;
1764;2020-03-14 13:00:00;2.66;;;;57.0;78.0;40.87;;0.0;55.0;10.5;0.521;28.41;12.1;
1765;2020-03-14 14:00:00;2.69;;;;74.0;79.0;41.1;;0.0;49.0;11.0;0.511;29.88;10.5;
1766;2020-03-14 15:00:00;2.77;;;;96.0;86.0;44.03;;0.0;47.0;10.9;0.356;30.64;12.7;
1767;2020-03-14 16:00:00;2.66;;;;83.0;100.0;37.8;;0.0;41.0;12.2;0.354;32.02;16.7;
1768;2020-03-14 17:00:00;2.61;;;;64.0;94.0;33.25;;0.0;38.0;13.4;0.191;32.02;19.2;
1769;2020-03-14 18:00:00;2.6;;;;60.0;78.0;30.63;;0.0;37.0;12.4;0.105;31.9;15.3;
1770;2020-03-14 19:00:00;2.65;;;;36.0;69.0;25.19;;0.0;40.0;11.1;0.029;30.87;16.2;
1771;2020-03-14 20:00:00;2.66;;;;34.0;66.0;27.99;;0.0;42.0;10.3;0.007;29.89;13.5;
1772;2020-03-14 21:00:00;2.78;;;;23.0;76.0;28.17;;0.0;45.0;10.0;0.007;29.16;19.5;
1773;2020-03-14 22:00:00;2.6;;;;23.0;78.0;18.54;;0.0;52.0;9.8;0.007;27.61;26.1;
1774;2020-03-14 23:00:00;2.55;;;;24.0;63.0;13.85;;0.0;62.0;9.6;0.007;26.03;28.2;
1775;2020-03-15 00:00:00;2.56;;;;22.0;51.0;12.8;;0.0;67.0;9.5;0.007;24.74;26.1;
1776;2020-03-15 01:00:00;2.5;;;;24.0;32.0;12.75;;0.0;69.0;9.5;0.007;23.76;24.5;
1777;2020-03-15 02:00:00;2.47;;;;24.0;38.0;12.91;;0.0;74.0;9.4;0.007;22.76;21.1;
1778;2020-03-15 03:00:00;2.49;;;;22.0;30.0;13.51;;0.0;80.0;9.4;0.007;21.88;17.3;
1779;2020-03-15 04:00:00;2.5;;;;22.0;30.0;14.49;;0.0;83.0;;0.007;21.46;13.3;
1780;2020-03-15 05:00:00;2.49;;;;21.0;36.0;19.43;;0.0;83.0;9.6;0.007;21.49;12.0;
1781;2020-03-15 06:00:00;2.49;;;;21.0;38.0;19.76;;0.0;83.0;9.7;0.007;21.39;13.9;
1782;2020-03-15 07:00:00;2.51;;;;21.0;35.0;18.76;;0.0;86.0;9.7;0.007;21.1;13.3;
1783;2020-03-15 08:00:00;2.53;;;;20.0;30.0;19.41;;0.0;88.0;9.5;0.018;20.91;9.7;
1784;2020-03-15 09:00:00;2.56;;;;19.0;34.0;24.35;;0.01;92.0;9.4;0.022;20.56;12.1;
1785;2020-03-15 10:00:00;2.6;;;;18.0;51.0;24.2;;0.03;93.0;9.3;0.044;20.66;9.4;
1786;2020-03-15 11:00:00;2.66;;;;19.0;44.0;26.52;;0.02;91.0;9.3;0.148;21.39;12.6;
1787;2020-03-15 12:00:00;2.56;;;;24.0;48.0;23.35;;0.0;78.0;9.1;0.211;23.36;21.7;
1788;2020-03-15 13:00:00;2.58;;;;23.0;38.0;24.35;;0.0;75.0;9.3;0.088;23.67;20.6;
1789;2020-03-15 14:00:00;2.56;;;;27.0;42.0;24.56;;0.0;71.0;9.3;0.149;24.08;21.7;
1790;2020-03-15 15:00:00;2.56;;;;30.0;41.0;25.17;;0.0;66.0;;0.178;25.44;20.2;
1791;2020-03-15 16:00:00;2.59;;;;27.0;43.0;25.52;;0.0;67.0;9.2;0.057;25.11;15.9;
1792;2020-03-15 17:00:00;2.6;;;;26.0;50.0;26.41;;0.0;65.0;9.2;0.025;25.24;11.1;
1793;2020-03-15 18:00:00;2.57;;;;27.0;48.0;23.59;;0.0;60.0;;0.031;25.68;12.6;
1794;2020-03-15 19:00:00;2.53;;;;28.0;42.0;18.19;;0.0;54.0;;0.01;26.18;12.1;
1795;2020-03-15 20:00:00;2.62;;;;24.0;35.0;19.79;;0.0;56.0;9.3;0.007;25.89;20.4;
1796;2020-03-15 21:00:00;2.51;;;;26.0;45.0;11.22;;0.0;60.0;9.2;0.007;24.56;25.6;
1797;2020-03-15 22:00:00;2.58;;;;22.0;30.0;12.93;;0.08;70.0;9.1;0.007;22.94;19.9;
1798;2020-03-15 23:00:00;2.59;;;;18.0;32.0;12.61;;0.0;74.0;9.1;0.008;22.43;14.9;
1799;2020-03-16 00:00:00;2.59;;;;13.0;26.0;9.94;;0.0;82.0;;0.008;21.01;10.4;
1800;2020-03-16 01:00:00;2.53;;;;17.0;20.0;9.33;;0.0;82.0;;0.008;20.84;17.2;
1801;2020-03-16 02:00:00;2.46;;;;23.0;15.0;14.1;;0.0;84.0;8.9;0.008;20.49;21.9;
1802;2020-03-16 03:00:00;2.47;;;;21.0;23.0;16.07;;0.04;89.0;8.9;0.012;19.73;10.2;
1803;2020-03-16 04:00:00;2.47;;;;21.0;19.0;10.36;;0.12;93.0;8.8;0.011;19.26;10.9;
1804;2020-03-16 05:00:00;2.48;;;;22.0;11.0;8.45;;0.02;94.0;8.9;0.009;19.09;9.1;
1805;2020-03-16 06:00:00;2.48;;;;22.0;8.0;;;0.1;94.0;9.0;0.008;19.03;6.3;
1806;2020-03-16 07:00:00;2.51;;;;18.0;12.0;8.24;;0.04;94.0;8.9;0.008;19.01;7.1;
1807;2020-03-16 08:00:00;2.54;;;;19.0;9.0;5.76;;0.0;94.0;9.0;0.02;19.11;7.8;
1808;2020-03-16 09:00:00;2.54;;;;22.0;6.0;;;0.0;90.0;8.9;0.048;19.71;11.8;
1809;2020-03-16 10:00:00;2.52;;;;24.0;5.0;;;0.0;84.0;8.9;0.094;20.56;17.9;
1810;2020-03-16 11:00:00;2.58;;;;22.0;12.0;7.52;;0.0;87.0;;0.195;20.73;15.7;
1811;2020-03-16 12:00:00;2.6;;;;23.0;11.0;7.92;;0.0;82.0;;0.201;21.83;14.1;
1812;2020-03-16 13:00:00;2.59;;;;24.0;10.0;;;0.0;80.0;9.0;0.29;22.33;15.6;
1813;2020-03-16 14:00:00;2.57;;;;24.0;17.0;12.68;;0.0;76.0;9.2;0.268;23.38;15.7;
1814;2020-03-16 15:00:00;2.54;;;;25.0;13.0;10.08;;0.0;71.0;9.1;0.109;23.89;8.8;
1815;2020-03-16 16:00:00;2.58;;;;25.0;12.0;8.15;;0.0;69.0;9.3;0.165;24.48;7.7;
1816;2020-03-16 17:00:00;2.57;;;;23.0;15.0;8.18;;0.0;70.0;9.1;0.069;24.23;7.1;
1817;2020-03-16 18:00:00;2.68;;;;18.0;16.0;10.36;;0.0;73.0;9.0;0.042;23.66;14.8;
1818;2020-03-16 19:00:00;2.71;;;;15.0;25.0;12.5;;0.0;73.0;9.1;0.015;23.35;11.4;
1819;2020-03-16 20:00:00;2.76;;;;11.0;24.0;13.47;;0.0;74.0;9.0;0.007;23.05;10.8;
1820;2020-03-16 21:00:00;2.64;;;;16.0;26.0;12.47;;0.0;75.0;8.9;0.007;22.62;10.5;
1821;2020-03-16 22:00:00;2.69;;;;11.0;25.0;12.89;;0.0;75.0;8.8;0.007;22.27;6.2;
1822;2020-03-16 23:00:00;2.7;;;;8.0;21.0;12.89;;0.0;77.0;8.8;0.007;21.92;5.8;
1823;2020-03-17 00:00:00;3.0;;;;2.0;28.0;16.58;;0.0;82.0;8.9;0.007;20.98;3.7;
1824;2020-03-17 01:00:00;2.98;;;;2.0;41.0;17.57;;0.0;83.0;8.9;0.007;21.09;6.3;
1825;2020-03-17 02:00:00;2.98;;;;2.0;46.0;19.83;;0.0;82.0;9.1;0.007;21.26;4.8;
1826;2020-03-17 03:00:00;2.69;;;;6.0;49.0;18.96;;0.0;81.0;8.9;0.007;21.43;7.2;
1827;2020-03-17 04:00:00;2.66;;;;4.0;32.0;17.22;;0.0;86.0;8.9;0.007;20.54;3.4;
1828;2020-03-17 05:00:00;2.67;;;;3.0;29.0;17.18;;0.0;89.0;8.7;0.007;19.52;3.0;
1829;2020-03-17 06:00:00;2.65;;;;5.0;26.0;17.04;;0.0;90.0;8.7;0.008;19.57;4.4;
1830;2020-03-17 07:00:00;2.69;;;;7.0;29.0;16.1;;0.0;89.0;8.8;0.009;19.59;10.6;
1831;2020-03-17 08:00:00;2.61;;;;14.0;32.0;9.59;;0.0;84.0;9.0;0.029;19.76;13.3;
1832;2020-03-17 09:00:00;2.64;;;;17.0;19.0;;;0.0;82.0;9.3;0.095;20.33;13.6;
1833;2020-03-17 10:00:00;2.58;;;;21.0;17.0;12.03;;0.0;81.0;9.4;0.141;20.78;12.3;
1834;2020-03-17 11:00:00;2.54;;;;26.0;26.0;15.75;;0.0;73.0;9.9;0.318;22.61;12.6;
1835;2020-03-17 12:00:00;2.56;;;;36.0;28.0;16.04;;0.0;63.0;10.2;0.443;25.01;8.8;
1836;2020-03-17 13:00:00;2.64;;;;50.0;30.0;18.36;;0.0;58.0;10.0;0.563;26.41;12.0;
1837;2020-03-17 14:00:00;2.56;;;;49.0;41.0;17.6;;0.0;52.0;9.7;0.553;28.17;21.1;
1838;2020-03-17 15:00:00;2.56;;;;48.0;39.0;17.54;;0.0;50.0;9.8;0.503;29.13;24.4;
1839;2020-03-17 16:00:00;2.53;;;;48.0;34.0;18.45;;0.0;46.0;9.9;0.401;30.03;20.7;
1840;2020-03-17 17:00:00;2.53;;;;47.0;35.0;15.44;739.8;0.0;43.0;9.7;0.196;30.32;18.9;
1841;2020-03-17 18:00:00;2.53;;;;42.0;24.0;12.61;739.3;0.0;42.0;9.2;0.063;29.67;11.5;
1842;2020-03-17 19:00:00;2.54;;;;40.0;19.0;13.5;739.1;0.0;43.0;9.1;0.035;29.44;18.7;
1843;2020-03-17 20:00:00;2.59;;;;33.0;23.0;13.99;739.2;0.0;50.0;9.1;0.007;28.23;22.1;
1844;2020-03-17 21:00:00;2.55;;;;24.0;37.0;13.81;739.2;0.0;62.0;9.0;0.007;26.09;28.5;
1845;2020-03-17 22:00:00;2.54;;;;20.0;34.0;13.66;739.3;0.0;69.0;8.9;0.007;24.76;33.9;
1846;2020-03-17 23:00:00;2.59;;;;16.0;28.0;15.07;739.9;0.0;74.0;8.8;0.007;23.67;26.6;
1847;2020-03-18 00:00:00;2.53;;;;18.0;31.0;14.74;;0.0;77.0;8.7;0.007;23.08;18.3;
1848;2020-03-18 01:00:00;2.54;;;;14.0;30.0;15.37;;0.0;80.0;8.5;0.007;22.44;12.9;
1849;2020-03-18 02:00:00;2.51;;;;15.0;30.0;14.62;;0.0;84.0;8.7;0.007;21.61;13.1;
1850;2020-03-18 03:00:00;2.49;;;;16.0;24.0;15.2;;0.0;83.0;8.7;0.007;21.51;12.9;
1851;2020-03-18 04:00:00;2.48;;;;18.0;22.0;13.96;;0.0;86.0;8.6;0.007;20.76;14.5;
1852;2020-03-18 05:00:00;2.48;;;;15.0;16.0;14.88;;0.0;89.0;8.8;0.007;20.3;16.7;
1853;2020-03-18 06:00:00;2.48;;;;17.0;21.0;10.46;;0.0;88.0;8.8;0.007;20.23;16.5;
1854;2020-03-18 07:00:00;2.54;;;;13.0;11.0;6.61;;0.0;90.0;8.6;0.007;19.83;19.0;
1855;2020-03-18 08:00:00;2.62;;;;7.0;7.0;5.71;;0.0;89.0;8.6;0.022;20.18;6.1;
1856;2020-03-18 09:00:00;2.74;;;;7.0;6.0;;;0.0;87.0;8.8;0.075;20.9;8.4;
1857;2020-03-18 10:00:00;2.78;;;;10.0;14.0;8.34;;0.0;84.0;8.7;0.148;21.73;8.6;
1858;2020-03-18 11:00:00;2.7;;;;14.0;27.0;9.09;;0.0;77.0;8.6;0.297;23.4;10.3;
1859;2020-03-18 12:00:00;2.65;;;;18.0;24.0;11.04;;0.0;74.0;8.5;0.247;24.22;12.1;
1860;2020-03-18 13:00:00;2.58;;;;28.0;27.0;13.39;;0.0;69.0;8.5;0.478;25.54;19.0;
1861;2020-03-18 14:00:00;2.57;;;;30.0;26.0;13.64;;0.0;63.0;8.7;0.548;26.94;24.7;
1862;2020-03-18 15:00:00;2.57;;;;35.0;34.0;15.43;740.0;0.0;57.0;8.9;0.5;28.3;23.1;
1863;2020-03-18 16:00:00;2.57;;;;39.0;29.0;17.37;739.7;0.0;53.0;8.8;0.41;29.62;20.6;
1864;2020-03-18 17:00:00;2.57;;;;40.0;29.0;17.1;739.4;0.0;49.0;8.7;0.278;30.4;18.9;
1865;2020-03-18 18:00:00;2.55;;;;39.0;31.0;16.27;739.0;0.0;48.0;8.6;0.156;30.33;18.6;
1866;2020-03-18 19:00:00;2.58;;;;38.0;24.0;17.11;738.6;0.0;50.0;8.6;0.03;29.36;16.1;
1867;2020-03-18 20:00:00;2.52;;;;41.0;34.0;16.32;738.6;0.0;46.0;8.5;0.007;29.21;21.8;
1868;2020-03-18 21:00:00;2.52;;;;39.0;36.0;15.42;738.5;0.0;44.0;8.6;0.007;29.37;22.8;
1869;2020-03-18 22:00:00;2.61;;;;35.0;39.0;18.71;738.7;0.0;54.0;8.6;0.007;27.65;13.7;
1870;2020-03-18 23:00:00;2.63;;;;29.0;34.0;21.14;738.7;0.0;61.0;;0.007;25.97;25.6;
1871;2020-03-19 00:00:00;2.54;;;;32.0;44.0;19.43;738.7;0.0;62.0;8.5;0.007;25.4;18.8;
1872;2020-03-19 01:00:00;2.53;;;;28.0;33.0;16.93;738.8;0.0;68.0;8.4;0.007;24.24;13.9;
1873;2020-03-19 02:00:00;2.54;;;;22.0;26.0;17.6;738.8;0.0;74.0;8.4;0.007;22.68;13.9;
1874;2020-03-19 03:00:00;2.53;;;;18.0;35.0;15.76;738.6;0.0;77.0;8.6;0.007;21.67;10.3;
1875;2020-03-19 04:00:00;2.51;;;;18.0;33.0;19.06;738.4;0.0;80.0;8.6;0.007;20.62;9.3;
1876;2020-03-19 05:00:00;2.52;;;;15.0;41.0;19.14;738.5;0.0;84.0;8.8;0.007;19.73;4.5;
1877;2020-03-19 06:00:00;2.53;;;;9.0;40.0;17.48;738.7;0.0;87.0;8.9;0.007;19.15;2.9;
1878;2020-03-19 07:00:00;2.61;;;;3.0;26.0;17.26;739.0;0.0;88.0;8.9;0.008;18.92;2.9;
1879;2020-03-19 08:00:00;2.89;;;;3.0;34.0;20.36;739.5;0.0;86.0;9.0;0.027;19.97;3.3;
1880;2020-03-19 09:00:00;3.16;;;;6.0;56.0;25.8;;0.0;77.0;9.0;0.173;22.45;4.7;
1881;2020-03-19 10:00:00;3.1;;;;17.0;79.0;27.04;;0.0;67.0;8.9;0.328;24.93;8.1;
1882;2020-03-19 11:00:00;3.03;;;;28.0;73.0;30.7;;0.0;61.0;9.0;0.451;26.66;14.3;
1883;2020-03-19 12:00:00;2.81;;;;42.0;82.0;28.4;;0.0;51.0;10.0;0.53;29.26;17.7;
1884;2020-03-19 13:00:00;2.7;;;;57.0;73.0;24.44;740.0;0.0;44.0;10.6;0.56;30.96;21.0;
1885;2020-03-19 14:00:00;2.64;;;;66.0;59.0;22.55;739.5;0.0;40.0;10.6;0.559;32.46;21.5;
1886;2020-03-19 15:00:00;2.57;;;;62.0;51.0;21.42;738.9;0.0;34.0;11.8;0.497;33.81;24.1;
1887;2020-03-19 16:00:00;2.53;;;;54.0;56.0;16.66;738.7;0.0;29.0;11.1;0.412;34.83;21.0;
1888;2020-03-19 17:00:00;2.53;;;;47.0;40.0;17.16;738.7;0.0;30.0;9.7;0.26;34.74;19.8;
1889;2020-03-19 18:00:00;2.58;;;;44.0;41.0;17.57;738.3;0.0;33.0;9.3;0.06;33.06;17.3;
1890;2020-03-19 19:00:00;2.61;;;;42.0;39.0;17.2;738.3;0.0;34.0;9.2;0.02;32.3;14.4;
1891;2020-03-19 20:00:00;2.58;;;;43.0;36.0;17.48;738.9;0.0;37.0;9.0;0.007;31.8;15.4;
1892;2020-03-19 21:00:00;2.57;;;;42.0;39.0;17.28;739.5;0.0;39.0;8.9;0.007;30.98;13.3;
1893;2020-03-19 22:00:00;2.65;;;;32.0;30.0;19.46;;0.0;45.0;9.1;0.007;29.61;17.6;
1894;2020-03-19 23:00:00;2.62;;;;24.0;44.0;20.16;;0.0;58.0;8.8;0.007;27.64;15.3;
1895;2020-03-20 00:00:00;2.65;;;;20.0;44.0;21.06;;0.0;62.0;8.8;0.007;26.75;17.6;
1896;2020-03-20 01:00:00;2.64;;;;20.0;47.0;20.26;;0.0;66.0;;0.007;25.62;11.8;
1897;2020-03-20 02:00:00;2.62;;;;16.0;46.0;22.49;;0.0;70.0;;0.007;24.59;7.2;
1898;2020-03-20 03:00:00;2.63;;;;14.0;43.0;23.57;;0.0;73.0;8.7;0.007;23.97;6.7;
1899;2020-03-20 04:00:00;2.65;;;;16.0;45.0;24.87;;0.0;76.0;8.9;0.007;23.38;4.2;
1900;2020-03-20 05:00:00;2.61;;;;15.0;40.0;26.28;;0.0;77.0;8.9;0.007;23.0;5.2;
1901;2020-03-20 06:00:00;2.55;;;;14.0;45.0;18.35;;0.0;74.0;;0.007;22.73;5.7;
1902;2020-03-20 07:00:00;2.63;;;;8.0;34.0;17.84;;0.0;77.0;8.7;0.008;22.13;6.7;
1903;2020-03-20 08:00:00;2.71;;;;7.0;36.0;19.95;;0.0;77.0;8.7;0.029;22.64;6.4;
1904;2020-03-20 09:00:00;2.72;;;;12.0;47.0;23.62;;0.0;74.0;8.8;0.084;23.62;5.3;
1905;2020-03-20 10:00:00;2.83;;;;16.0;55.0;25.48;;0.0;71.0;9.0;0.132;24.4;8.8;
1906;2020-03-20 11:00:00;2.72;;;;17.0;68.0;22.97;;0.0;73.0;9.1;0.055;24.01;11.4;
1907;2020-03-20 12:00:00;2.62;;;;19.0;64.0;16.43;;0.0;73.0;9.1;0.044;23.83;12.7;
1908;2020-03-20 13:00:00;2.61;;;;21.0;42.0;12.94;;0.0;71.0;;0.05;23.64;12.5;
1909;2020-03-20 14:00:00;2.6;;;;24.0;51.0;10.31;;0.0;70.0;9.0;0.052;23.72;13.1;
1910;2020-03-20 15:00:00;2.62;;;;24.0;29.0;7.86;;0.0;74.0;9.0;0.062;22.84;12.3;
1911;2020-03-20 16:00:00;2.67;;;;18.0;21.0;6.85;;0.04;86.0;;0.042;20.83;4.8;
1912;2020-03-20 17:00:00;2.7;;;;14.0;14.0;7.9;;0.0;85.0;;0.039;21.0;3.2;
1913;2020-03-20 18:00:00;2.72;;;;12.0;27.0;8.58;;0.0;82.0;8.8;0.017;21.04;5.7;
1914;2020-03-20 19:00:00;2.65;;;;17.0;36.0;6.9;;0.08;86.0;8.8;0.01;19.71;3.0;
1915;2020-03-20 20:00:00;2.72;;;;14.0;16.0;8.05;;0.09;90.0;8.6;0.009;18.78;6.0;
1916;2020-03-20 21:00:00;2.74;;;;13.0;15.0;10.58;;0.01;92.0;8.8;0.008;18.67;7.3;
1917;2020-03-20 22:00:00;2.69;;;;15.0;13.0;10.78;;0.05;92.0;8.8;0.01;18.43;6.0;
1918;2020-03-20 23:00:00;2.57;;;;18.0;14.0;7.5;;0.03;93.0;8.7;0.008;17.62;7.0;
1919;2020-03-21 00:00:00;2.54;;;;22.0;10.0;7.6;;0.06;93.0;8.7;0.008;17.26;2.9;
1920;2020-03-21 01:00:00;2.51;;;;25.0;10.0;3.71;;0.04;94.0;;0.008;16.76;4.0;
1921;2020-03-21 02:00:00;2.51;;;;23.0;4.0;3.36;;0.06;94.0;;0.008;16.32;5.4;
1922;2020-03-21 03:00:00;2.48;;;;22.0;2.0;;;0.02;94.0;;0.008;15.92;4.2;
1923;2020-03-21 04:00:00;2.49;;;;21.0;2.0;;;0.02;95.0;8.6;0.008;15.67;5.0;
1924;2020-03-21 05:00:00;2.49;;;;20.0;3.0;2.3;;0.04;95.0;8.7;0.008;15.54;5.4;
1925;2020-03-21 06:00:00;2.51;;;;18.0;;4.29;;0.0;95.0;8.7;0.008;15.44;4.1;
1926;2020-03-21 07:00:00;2.53;;;;12.0;7.0;;;0.04;95.0;;0.009;15.52;2.9;
1927;2020-03-21 08:00:00;2.62;;;;6.0;8.0;;;0.01;95.0;8.8;0.016;15.72;3.6;
1928;2020-03-21 09:00:00;2.68;;;;8.0;10.0;5.41;;0.0;95.0;8.7;0.033;16.12;8.5;
1929;2020-03-21 10:00:00;2.68;;;;12.0;7.0;3.33;;0.0;95.0;8.6;0.061;16.4;10.3;
1930;2020-03-21 11:00:00;2.6;;;;15.0;5.0;3.12;;0.0;;8.7;0.086;16.07;18.3;
1931;2020-03-21 12:00:00;2.59;;;;15.0;3.0;;;0.0;;8.7;0.115;16.11;15.0;
1932;2020-03-21 13:00:00;2.56;;;;20.0;3.0;;;0.0;88.0;8.6;0.203;17.25;19.0;
1933;2020-03-21 14:00:00;2.59;;;;21.0;3.0;;;0.0;84.0;8.8;0.109;17.74;18.4;
1934;2020-03-21 15:00:00;2.62;;;;18.0;5.0;;;0.0;86.0;8.8;0.064;17.02;15.5;
1935;2020-03-21 16:00:00;2.6;;;;19.0;8.0;7.4;;0.0;89.0;8.7;0.052;16.36;10.4;
1936;2020-03-21 17:00:00;2.63;;;;16.0;10.0;7.02;;0.0;88.0;8.7;0.037;16.4;14.5;
1937;2020-03-21 18:00:00;2.65;;;;14.0;11.0;8.87;;0.0;90.0;;0.015;15.97;13.4;
1938;2020-03-21 19:00:00;2.66;;;;14.0;11.0;8.71;;0.0;91.0;;0.011;15.7;12.3;
1939;2020-03-21 20:00:00;2.64;;;;14.0;9.0;;;0.0;91.0;8.8;0.007;15.51;14.3;
1940;2020-03-21 21:00:00;2.6;;;;15.0;10.0;9.11;;0.0;93.0;8.7;0.007;15.16;13.8;
1941;2020-03-21 22:00:00;2.62;;;;14.0;12.0;9.69;;0.01;94.0;8.8;0.008;15.01;11.1;
1942;2020-03-21 23:00:00;2.63;;;;11.0;7.0;;;0.0;94.0;8.7;0.008;14.88;8.0;
1943;2020-03-22 00:00:00;2.57;;;;14.0;10.0;7.96;;0.0;95.0;8.7;0.008;14.56;11.1;
1944;2020-03-22 01:00:00;2.52;;;;16.0;7.0;3.54;;0.01;95.0;;0.008;14.43;8.5;
1945;2020-03-22 02:00:00;2.55;;;;13.0;2.0;;;0.0;95.0;;0.008;14.56;3.4;
1946;2020-03-22 03:00:00;2.55;;;;12.0;;2.99;;0.01;95.0;8.5;0.008;14.57;2.9;
1947;2020-03-22 04:00:00;2.57;;;;6.0;;6.2;;0.0;95.0;8.6;0.008;14.64;4.9;
1948;2020-03-22 05:00:00;2.54;;;;8.0;5.0;;;0.0;96.0;8.8;0.008;14.4;3.5;
1949;2020-03-22 06:00:00;2.56;;;;7.0;12.0;7.36;;0.0;96.0;8.8;0.008;14.33;3.1;
1950;2020-03-22 07:00:00;2.57;;;;6.0;9.0;7.98;;0.0;96.0;9.0;0.009;14.36;2.9;
1951;2020-03-22 08:00:00;2.6;;;;6.0;7.0;;;0.0;95.0;9.1;0.022;14.43;3.0;
1952;2020-03-22 09:00:00;2.67;;;;7.0;8.0;;;0.0;95.0;9.4;0.056;14.82;3.5;
1953;2020-03-22 10:00:00;2.69;;;;7.0;17.0;;;0.0;94.0;10.1;0.108;15.68;4.2;
1954;2020-03-22 11:00:00;2.75;;;;9.0;33.0;21.23;;0.0;85.0;9.9;0.194;17.67;3.5;
1955;2020-03-22 12:00:00;2.87;;;;13.0;31.0;24.82;;0.0;75.0;10.4;0.254;19.33;5.1;
1956;2020-03-22 13:00:00;2.84;;;;18.0;39.0;27.44;;0.0;71.0;10.2;0.238;20.42;5.8;
1957;2020-03-22 14:00:00;2.84;;;;25.0;42.0;33.51;;0.0;68.0;9.7;0.23;20.92;6.5;
1958;2020-03-22 15:00:00;2.9;;;;26.0;58.0;32.08;;0.0;70.0;9.6;0.219;20.98;9.4;
1959;2020-03-22 16:00:00;2.92;;;;32.0;59.0;36.2;;0.0;69.0;9.4;0.321;21.85;9.4;
1960;2020-03-22 17:00:00;2.77;;;;37.0;65.0;25.35;;0.0;73.0;9.3;0.122;21.1;11.9;
1961;2020-03-22 18:00:00;2.69;;;;42.0;43.0;23.36;;0.0;72.0;9.4;0.15;21.88;14.2;
1962;2020-03-22 19:00:00;2.69;;;;34.0;42.0;23.14;;0.0;76.0;9.8;0.033;20.79;15.9;
1963;2020-03-22 20:00:00;2.68;;;;30.0;41.0;22.17;;0.0;82.0;9.5;0.007;19.4;12.3;
1964;2020-03-22 21:00:00;2.63;;;;28.0;36.0;21.79;;0.0;83.0;9.2;0.007;18.98;10.8;
1965;2020-03-22 22:00:00;2.67;;;;26.0;39.0;22.61;;0.0;84.0;9.0;0.007;18.92;7.9;
1966;2020-03-22 23:00:00;2.63;;;;25.0;39.0;20.38;;0.0;84.0;9.0;0.007;18.99;8.5;
1967;2020-03-23 00:00:00;2.61;;;;25.0;36.0;16.99;;0.0;83.0;;0.007;18.95;10.5;
1968;2020-03-23 01:00:00;2.57;;;;22.0;32.0;16.55;;0.0;86.0;8.8;0.007;18.59;7.4;
1969;2020-03-23 02:00:00;2.56;;;;21.0;24.0;14.26;;0.0;86.0;8.8;0.007;18.27;9.0;
1970;2020-03-23 03:00:00;2.57;;;;18.0;22.0;12.91;;0.0;88.0;8.5;0.007;17.9;8.2;
1971;2020-03-23 04:00:00;2.55;;;;17.0;26.0;14.58;;0.0;89.0;8.6;0.007;17.77;5.3;
1972;2020-03-23 05:00:00;2.58;;;;15.0;25.0;13.36;;0.0;91.0;8.8;0.007;17.51;2.9;
1973;2020-03-23 06:00:00;2.6;;;;12.0;28.0;14.23;;0.0;92.0;8.5;0.007;17.51;3.3;
1974;2020-03-23 07:00:00;2.65;;;;8.0;29.0;16.28;;0.0;92.0;8.7;0.008;17.61;2.9;
1975;2020-03-23 08:00:00;2.84;;;;4.0;34.0;15.99;;0.0;92.0;8.6;0.024;17.85;3.2;
1976;2020-03-23 09:00:00;3.01;;;;5.0;37.0;18.06;;0.0;90.0;8.6;0.048;18.35;4.4;
1977;2020-03-23 10:00:00;2.96;;;;8.0;50.0;20.96;;0.0;87.0;8.7;0.07;18.88;3.6;
1978;2020-03-23 11:00:00;3.04;;;;11.0;56.0;26.53;;0.0;82.0;8.9;0.116;19.95;3.7;
1979;2020-03-23 12:00:00;3.02;;;;25.0;64.0;31.11;;0.0;72.0;9.1;0.302;22.11;7.4;
1980;2020-03-23 13:00:00;3.0;;;;38.0;125.0;35.63;;0.0;68.0;9.2;0.405;23.1;11.6;
1981;2020-03-23 14:00:00;3.07;;;;56.0;82.0;41.12;;0.0;64.0;9.1;0.541;24.51;11.7;
1982;2020-03-23 15:00:00;3.0;;;;64.0;87.0;45.46;;0.0;62.0;9.2;0.489;25.53;17.6;
1983;2020-03-23 16:00:00;2.76;;;;76.0;99.0;33.19;;0.0;58.0;9.5;0.397;26.76;15.5;
1984;2020-03-23 17:00:00;2.7;;;;72.0;66.0;29.07;;0.0;55.0;9.7;0.276;28.09;15.3;
1985;2020-03-23 18:00:00;2.68;;;;60.0;51.0;22.53;;0.0;54.0;9.7;0.139;28.29;14.9;
1986;2020-03-23 19:00:00;2.75;;;;49.0;41.0;22.1;739.9;0.0;57.0;9.2;0.025;27.22;8.8;
1987;2020-03-23 20:00:00;2.91;;;;26.0;38.0;21.72;739.8;0.0;65.0;9.5;0.007;25.11;4.2;
1988;2020-03-23 21:00:00;3.1;;;;11.0;46.0;21.29;739.7;0.0;66.0;9.1;0.007;24.87;7.0;
1989;2020-03-23 22:00:00;3.03;;;;9.0;52.0;20.59;739.8;0.0;68.0;9.2;0.007;24.29;2.9;
1990;2020-03-23 23:00:00;2.82;;;;18.0;44.0;18.62;;0.0;69.0;9.2;0.007;24.44;10.1;
1991;2020-03-24 00:00:00;2.7;;;;19.0;39.0;17.4;;0.0;74.0;9.1;0.007;23.5;4.8;
1992;2020-03-24 01:00:00;2.79;;;;9.0;38.0;16.8;739.8;0.0;80.0;9.0;0.007;22.09;2.9;
1993;2020-03-24 02:00:00;2.8;;;;5.0;33.0;17.95;739.3;0.0;84.0;9.1;0.007;20.66;2.9;
1994;2020-03-24 03:00:00;2.81;;;;3.0;35.0;19.15;738.8;0.0;88.0;9.2;0.007;19.5;2.9;
1995;2020-03-24 04:00:00;2.8;;;;3.0;29.0;19.1;738.3;0.0;89.0;9.0;0.007;19.3;;
1996;2020-03-24 05:00:00;2.81;;;;3.0;28.0;20.63;738.2;0.0;90.0;9.0;0.008;19.1;;
1997;2020-03-24 06:00:00;2.94;;;;;34.0;22.57;739.2;0.0;91.0;;0.008;19.36;12.6;
1998;2020-03-24 07:00:00;2.96;;;;;52.0;24.5;738.8;0.0;87.0;9.1;0.01;20.32;11.8;
1999;2020-03-24 08:00:00;3.26;;;;4.0;57.0;26.62;739.8;0.0;83.0;9.1;0.054;21.26;5.1;
2000;2020-03-24 09:00:00;3.44;;;;8.0;70.0;27.99;;0.0;69.0;9.2;0.212;24.72;6.8;
2001;2020-03-24 10:00:00;3.88;;;;12.0;95.0;36.84;;0.0;58.0;10.5;0.351;27.4;6.8;
2002;2020-03-24 11:00:00;3.23;;;;43.0;122.0;33.37;;0.0;49.0;14.5;0.464;29.43;13.8;
2003;2020-03-24 12:00:00;2.83;;;;62.0;114.0;27.21;;0.0;46.0;11.4;0.541;30.88;13.7;
2004;2020-03-24 13:00:00;2.73;;;;72.0;89.0;22.81;;0.0;40.0;11.0;0.581;33.32;12.7;
2005;2020-03-24 14:00:00;2.66;;;;73.0;68.0;19.96;;0.0;35.0;10.8;0.569;34.69;13.3;
2006;2020-03-24 15:00:00;2.62;;;;73.0;58.0;17.75;739.8;0.0;31.0;10.3;0.513;35.86;13.2;
2007;2020-03-24 16:00:00;2.6;;;;70.0;49.0;14.85;734.6;0.0;27.0;10.1;0.419;36.67;13.2;
2008;2020-03-24 17:00:00;2.6;;;;71.0;43.0;15.97;733.1;0.0;29.0;10.4;0.291;36.54;15.5;
2009;2020-03-24 18:00:00;2.61;;;;53.0;51.0;15.08;734.0;0.0;33.0;11.1;0.146;34.88;19.2;
2010;2020-03-24 19:00:00;2.61;;;;42.0;44.0;13.14;739.2;0.0;36.0;9.8;0.025;32.63;20.9;
2011;2020-03-24 20:00:00;2.57;;;;40.0;35.0;11.5;740.0;0.0;37.0;9.5;0.007;31.24;20.7;
2012;2020-03-24 21:00:00;2.56;;;;41.0;35.0;12.13;;0.0;40.0;9.3;0.007;30.33;19.1;
2013;2020-03-24 22:00:00;2.57;;;;39.0;27.0;12.54;;0.0;44.0;9.6;0.007;29.31;14.3;
2014;2020-03-24 23:00:00;2.58;;;;45.0;25.0;13.99;;0.0;48.0;9.6;0.007;28.65;14.0;
2015;2020-03-25 00:00:00;2.6;;;;45.0;26.0;15.15;;0.0;51.0;9.8;0.007;27.98;9.1;
2016;2020-03-25 01:00:00;2.58;;;;44.0;27.0;14.81;;0.0;53.0;9.9;0.007;27.21;9.1;
2017;2020-03-25 02:00:00;2.56;;;;42.0;27.0;14.85;;0.0;55.0;9.5;0.007;26.89;12.8;
2018;2020-03-25 03:00:00;2.57;;;;35.0;27.0;14.27;740.0;0.0;59.0;9.4;0.007;25.53;8.5;
2019;2020-03-25 04:00:00;2.57;;;;29.0;28.0;14.54;739.8;0.0;65.0;9.2;0.007;24.21;6.7;
2020;2020-03-25 05:00:00;2.76;;;;12.0;24.0;20.82;739.8;0.0;70.0;9.4;0.007;23.34;4.6;
2021;2020-03-25 06:00:00;2.77;;;;4.0;58.0;22.64;;0.0;76.0;9.2;0.007;22.19;4.7;
2022;2020-03-25 07:00:00;2.86;;;;3.0;49.0;24.25;;0.0;78.0;9.1;0.009;21.78;2.9;
2023;2020-03-25 08:00:00;3.04;;;;5.0;52.0;23.49;;0.0;73.0;9.2;0.056;23.25;6.9;
2024;2020-03-25 09:00:00;2.85;;;;22.0;57.0;19.17;;0.0;57.0;9.1;0.218;27.33;8.8;
2025;2020-03-25 10:00:00;2.9;;;;35.0;51.0;20.88;;0.0;48.0;10.2;0.348;30.44;5.2;
2026;2020-03-25 11:00:00;2.89;;;;49.0;49.0;23.5;;0.0;47.0;11.2;0.458;31.25;8.5;
2027;2020-03-25 12:00:00;2.75;;;;69.0;63.0;22.53;;0.0;44.0;10.9;0.538;32.09;14.3;
2028;2020-03-25 13:00:00;2.67;;;;72.0;68.0;22.77;740.0;0.0;40.0;10.8;0.573;33.29;20.9;
2029;2020-03-25 14:00:00;2.6;;;;60.0;58.0;18.49;739.7;0.0;35.0;10.9;0.567;34.61;10.3;
2030;2020-03-25 15:00:00;2.58;;;;55.0;45.0;16.09;738.7;0.0;32.0;10.5;0.516;35.72;21.3;
2031;2020-03-25 16:00:00;2.59;;;;50.0;41.0;16.39;732.7;0.0;31.0;10.1;0.423;36.76;21.2;
2032;2020-03-25 17:00:00;2.63;;;;46.0;42.0;18.59;731.9;0.0;34.0;11.2;0.296;36.31;23.1;
2033;2020-03-25 18:00:00;2.62;;;;41.0;44.0;17.98;731.8;0.0;35.0;11.1;0.154;35.49;20.1;
2034;2020-03-25 19:00:00;2.66;;;;37.0;43.0;17.82;736.3;0.0;35.0;10.6;0.025;34.2;16.7;
2035;2020-03-25 20:00:00;2.71;;;;33.0;43.0;17.85;738.4;0.0;36.0;9.9;0.007;32.73;11.1;
2036;2020-03-25 21:00:00;2.65;;;;31.0;42.0;17.63;739.0;0.0;44.0;9.6;0.007;31.1;21.9;
2037;2020-03-25 22:00:00;2.64;;;;29.0;50.0;17.95;739.4;0.0;52.0;9.3;0.007;28.83;24.2;
2038;2020-03-25 23:00:00;2.61;;;;28.0;44.0;15.56;739.6;0.0;58.0;9.3;0.007;26.98;28.2;
2039;2020-03-26 00:00:00;2.59;;;;29.0;32.0;15.2;739.6;0.0;63.0;;0.007;25.35;21.5;
2040;2020-03-26 01:00:00;2.59;;;;27.0;36.0;19.69;739.4;0.0;70.0;;0.007;23.95;18.9;
2041;2020-03-26 02:00:00;2.58;;;;26.0;39.0;22.7;739.1;0.0;77.0;9.1;0.007;22.8;15.3;
2042;2020-03-26 03:00:00;2.57;;;;24.0;33.0;24.31;738.7;0.0;82.0;9.2;0.007;21.99;13.0;
2043;2020-03-26 04:00:00;2.57;;;;23.0;40.0;24.42;738.3;0.0;85.0;9.2;0.007;21.44;9.0;
2044;2020-03-26 05:00:00;2.57;;;;21.0;37.0;25.35;738.1;0.0;87.0;9.1;0.007;20.94;4.6;
2045;2020-03-26 06:00:00;2.59;;;;15.0;40.0;26.12;738.3;0.0;89.0;9.1;0.007;20.52;2.9;
2046;2020-03-26 07:00:00;2.69;;;;5.0;38.0;27.29;738.7;0.0;89.0;;0.009;20.69;2.9;
2047;2020-03-26 08:00:00;2.92;;;;8.0;46.0;34.72;739.0;0.0;86.0;;0.041;21.81;3.2;
2048;2020-03-26 09:00:00;3.36;;;;11.0;70.0;41.79;739.4;0.0;76.0;9.2;0.153;23.95;3.1;
2049;2020-03-26 10:00:00;3.43;;;;18.0;88.0;44.48;739.5;0.0;72.0;9.3;0.279;25.08;7.4;
2050;2020-03-26 11:00:00;3.12;;;;31.0;98.0;45.14;739.7;0.0;68.0;9.8;0.449;26.31;13.4;
2051;2020-03-26 12:00:00;3.06;;;;52.0;109.0;46.22;738.0;0.0;64.0;9.8;0.533;27.44;12.9;
2052;2020-03-26 13:00:00;2.93;;;;69.0;122.0;46.54;736.4;0.0;58.0;9.6;0.567;29.15;19.6;
2053;2020-03-26 14:00:00;2.74;;;;69.0;115.0;36.63;736.9;0.0;49.0;9.8;0.559;31.24;19.9;
2054;2020-03-26 15:00:00;2.67;;;;59.0;82.0;29.03;737.5;0.0;40.0;10.0;0.508;33.67;16.8;
2055;2020-03-26 16:00:00;2.61;;;;53.0;62.0;24.0;734.7;0.0;30.0;10.1;0.426;35.96;15.9;
2056;2020-03-26 17:00:00;2.61;;;;54.0;47.0;24.54;730.4;0.0;25.0;10.3;0.3;37.35;19.4;
2057;2020-03-26 18:00:00;2.61;;;;52.0;57.0;22.66;729.0;0.0;25.0;10.2;0.154;36.8;18.4;
2058;2020-03-26 19:00:00;2.65;;;;48.0;50.0;22.2;732.1;0.0;27.0;10.0;0.026;35.22;14.9;
2059;2020-03-26 20:00:00;2.61;;;;47.0;47.0;20.07;734.2;0.0;27.0;9.9;0.007;34.02;14.2;
2060;2020-03-26 21:00:00;2.55;;;;51.0;47.0;19.37;734.5;0.0;25.0;9.8;0.007;33.64;26.3;
2061;2020-03-26 22:00:00;2.58;;;;51.0;67.0;20.68;735.0;0.0;28.0;10.0;0.007;32.65;24.4;
2062;2020-03-26 23:00:00;2.61;;;;45.0;51.0;21.37;735.7;0.0;31.0;9.7;0.007;30.24;17.3;
2063;2020-03-27 00:00:00;2.64;;;;35.0;45.0;20.26;735.7;0.0;40.0;9.8;0.007;28.1;17.3;352.0
2064;2020-03-27 01:00:00;2.61;;;;22.0;51.0;14.43;735.6;0.0;54.0;9.8;0.007;25.43;15.0;352.0
2065;2020-03-27 02:00:00;2.61;;;;21.0;43.0;12.98;735.7;0.0;61.0;;0.007;23.6;8.1;352.0
2066;2020-03-27 03:00:00;2.62;;;;19.0;41.0;12.68;735.3;0.0;65.0;9.5;0.007;22.6;4.7;
2067;2020-03-27 04:00:00;2.58;;;;21.0;29.0;14.0;734.7;0.0;66.0;9.4;0.007;22.11;5.4;
2068;2020-03-27 05:00:00;2.62;;;;16.0;35.0;14.78;734.7;0.0;70.0;9.3;0.007;21.39;5.0;
2069;2020-03-27 06:00:00;2.64;;;;13.0;33.0;15.81;735.0;0.0;70.0;9.1;0.007;21.09;3.5;
2070;2020-03-27 07:00:00;2.79;;;;4.0;37.0;17.92;735.6;0.0;72.0;9.2;0.013;20.61;3.8;
2071;2020-03-27 08:00:00;2.98;;;;5.0;47.0;20.44;736.2;0.0;65.0;9.2;0.062;22.55;4.4;354.0
2072;2020-03-27 09:00:00;3.13;;;;13.0;69.0;30.98;736.9;0.0;55.0;9.5;0.214;25.25;7.4;352.0
2073;2020-03-27 10:00:00;3.09;;;;25.0;96.0;34.1;737.3;0.0;52.0;11.0;0.348;26.37;12.2;352.0
2074;2020-03-27 11:00:00;2.97;;;;44.0;104.0;32.42;737.7;0.0;43.0;13.9;0.462;29.22;8.7;352.0
2075;2020-03-27 12:00:00;2.9;;;;69.0;86.0;29.71;737.5;0.0;35.0;14.0;0.542;31.89;11.1;
2076;2020-03-27 13:00:00;2.85;;;;95.0;81.0;30.23;737.1;0.0;28.0;13.1;0.574;34.28;14.3;
2077;2020-03-27 14:00:00;2.74;;;;99.0;82.0;28.72;733.9;0.0;25.0;12.5;0.563;35.8;18.5;
2078;2020-03-27 15:00:00;2.66;;;;89.0;74.0;27.98;734.0;0.0;22.0;15.0;0.473;37.49;18.0;
2079;2020-03-27 16:00:00;2.65;;;;82.0;75.0;33.97;734.3;0.0;24.0;20.8;0.269;36.99;19.2;353.0
2080;2020-03-27 17:00:00;2.62;;;;62.0;79.0;26.34;734.9;0.0;23.0;16.8;0.21;37.07;16.2;352.0
2081;2020-03-27 18:00:00;2.65;;;;52.0;57.0;22.53;734.8;0.0;23.0;11.7;0.087;36.29;17.2;352.0
2082;2020-03-27 19:00:00;2.71;;;;45.0;50.0;21.62;734.9;0.0;24.0;10.7;0.016;35.34;14.9;352.0
2083;2020-03-27 20:00:00;2.63;;;;46.0;52.0;17.66;735.1;0.0;26.0;10.9;0.007;34.03;18.5;
2084;2020-03-27 21:00:00;2.63;;;;41.0;40.0;17.89;735.4;0.0;30.0;10.7;0.007;33.26;21.3;
2085;2020-03-27 22:00:00;2.69;;;;30.0;48.0;21.12;735.9;0.0;48.0;10.0;0.007;30.33;26.0;
2086;2020-03-27 23:00:00;2.71;;;;24.0;50.0;21.48;736.6;0.0;62.0;9.5;0.007;28.19;21.8;
2087;2020-03-28 00:00:00;2.72;;;;22.0;47.0;27.27;736.3;0.0;69.0;9.3;0.007;26.67;20.4;
2088;2020-03-28 01:00:00;2.71;;;;22.0;49.0;23.42;736.0;0.0;73.0;9.2;0.007;25.64;15.1;
2089;2020-03-28 02:00:00;2.71;;;;20.0;49.0;23.47;736.4;0.0;77.0;9.2;0.007;24.55;6.8;
2090;2020-03-28 03:00:00;2.71;;;;14.0;40.0;23.87;736.3;0.0;80.0;;0.007;24.06;4.3;
2091;2020-03-28 04:00:00;2.82;;;;10.0;46.0;27.44;736.1;0.0;79.0;9.3;0.007;24.52;11.0;
2092;2020-03-28 05:00:00;2.91;;;;7.0;63.0;28.17;736.0;0.0;76.0;9.2;0.007;25.02;13.2;
2093;2020-03-28 06:00:00;2.94;;;;4.0;78.0;27.11;736.5;0.0;76.0;9.2;0.007;24.75;5.8;
2094;2020-03-28 07:00:00;3.03;;;;2.0;68.0;29.2;737.2;0.0;79.0;9.5;0.009;23.81;3.7;
2095;2020-03-28 08:00:00;3.17;;;;3.0;74.0;27.75;737.9;0.0;76.0;9.5;0.041;24.22;5.9;
2096;2020-03-28 09:00:00;3.13;;;;9.0;68.0;30.23;738.7;0.0;54.0;10.0;0.216;28.82;7.2;
2097;2020-03-28 10:00:00;3.08;;;;15.0;91.0;30.95;739.3;0.0;42.0;12.8;0.22;30.87;8.4;
2098;2020-03-28 11:00:00;2.9;;;;28.0;116.0;28.46;739.8;0.0;43.0;12.2;0.288;30.78;13.5;
2099;2020-03-28 12:00:00;2.8;;;;41.0;95.0;27.21;739.5;0.0;35.0;12.0;0.272;32.28;8.6;
2100;2020-03-28 13:00:00;2.59;;;;47.0;77.0;18.0;739.4;0.0;26.0;11.5;0.415;33.82;12.8;
2101;2020-03-28 14:00:00;2.62;;;;46.0;53.0;20.08;739.4;0.0;34.0;11.0;0.393;33.13;21.8;
2102;2020-03-28 15:00:00;2.64;;;;44.0;62.0;23.37;739.2;0.0;40.0;10.7;0.35;32.25;19.4;
2103;2020-03-28 16:00:00;2.64;;;;49.0;62.0;25.94;739.4;0.0;41.0;11.2;0.358;31.37;23.1;
2104;2020-03-28 17:00:00;2.63;;;;47.0;82.0;22.93;739.8;0.0;37.0;11.7;0.28;31.84;17.4;
2105;2020-03-28 18:00:00;2.6;;;;46.0;70.0;21.09;740.0;0.0;37.0;10.9;0.137;30.67;20.7;
2106;2020-03-28 19:00:00;2.59;;;;44.0;64.0;19.6;;0.0;38.0;10.2;0.021;28.61;23.7;
2107;2020-03-28 20:00:00;2.6;;;;44.0;63.0;19.68;;0.0;41.0;9.7;0.007;27.33;16.7;
2108;2020-03-28 21:00:00;2.59;;;;46.0;53.0;19.47;;0.0;42.0;9.5;0.007;26.18;14.6;
2109;2020-03-28 22:00:00;2.6;;;;45.0;62.0;20.22;;0.0;40.0;9.3;0.007;25.72;8.7;
2110;2020-03-28 23:00:00;2.63;;;;41.0;65.0;21.65;;0.0;46.0;9.3;0.007;25.51;12.3;
2111;2020-03-29 00:00:00;2.56;;;;42.0;68.0;19.26;;0.0;48.0;9.6;0.007;24.88;18.5;352.0
2112;2020-03-29 01:00:00;2.55;;;;41.0;61.0;17.02;;0.0;51.0;11.7;0.007;24.19;18.7;352.0
2113;2020-03-29 02:00:00;2.57;;;;39.0;51.0;18.01;;0.0;58.0;11.3;0.007;23.67;16.0;352.0
2114;2020-03-29 03:00:00;2.57;;;;38.0;44.0;16.47;;0.0;62.0;11.3;0.007;23.63;16.4;
2115;2020-03-29 04:00:00;2.56;;;;35.0;33.0;14.36;;0.0;61.0;10.9;0.007;22.23;17.9;
2116;2020-03-29 05:00:00;2.57;;;;33.0;35.0;12.61;;0.01;73.0;9.9;0.007;20.59;13.2;
2117;2020-03-29 06:00:00;2.58;;;;27.0;27.0;12.75;;0.0;79.0;9.5;0.007;20.03;6.8;
2118;2020-03-29 07:00:00;2.59;;;;29.0;22.0;13.96;;0.0;75.0;9.4;0.008;20.48;6.7;
2119;2020-03-29 08:00:00;2.58;;;;30.0;30.0;14.43;;0.0;72.0;9.3;0.018;20.75;6.7;
2120;2020-03-29 09:00:00;2.57;;;;30.0;35.0;14.78;;0.0;72.0;9.3;0.047;20.85;6.4;
2121;2020-03-29 10:00:00;2.57;;;;32.0;35.0;14.57;;0.0;68.0;9.8;0.064;21.28;14.3;
2122;2020-03-29 11:00:00;2.58;;;;33.0;37.0;16.18;;0.0;68.0;10.3;0.069;21.49;10.0;
2123;2020-03-29 12:00:00;2.61;;;;34.0;44.0;14.38;;0.0;68.0;10.2;0.117;21.1;16.0;
2124;2020-03-29 13:00:00;2.64;;;;34.0;40.0;12.81;;0.0;69.0;9.8;0.079;20.87;14.9;
2125;2020-03-29 14:00:00;2.71;;;;30.0;41.0;;;0.0;78.0;9.5;0.062;19.79;16.7;
2126;2020-03-29 15:00:00;2.67;;;;33.0;30.0;14.29;;0.0;80.0;9.4;0.075;19.56;9.1;
2127;2020-03-29 16:00:00;2.74;;;;30.0;32.0;16.24;;0.0;79.0;9.3;0.068;19.7;14.2;
2128;2020-03-29 17:00:00;2.68;;;;30.0;30.0;16.58;;0.0;84.0;9.2;0.026;18.83;14.1;353.0
2129;2020-03-29 18:00:00;2.68;;;;30.0;32.0;15.09;;0.0;85.0;9.1;0.02;18.59;10.9;352.0
2130;2020-03-29 19:00:00;2.66;;;;31.0;31.0;17.19;;0.0;83.0;9.1;0.01;18.71;10.3;352.0
2131;2020-03-29 20:00:00;2.66;;;;29.0;34.0;20.85;;0.0;84.0;9.4;0.007;18.46;14.8;352.0
2132;2020-03-29 21:00:00;2.68;;;;29.0;49.0;17.76;;0.0;85.0;9.4;0.007;17.88;12.7;
2133;2020-03-29 22:00:00;2.65;;;;30.0;41.0;15.35;;0.0;85.0;9.2;0.007;17.75;11.3;
2134;2020-03-29 23:00:00;2.64;;;;30.0;39.0;14.37;;0.0;81.0;9.4;0.007;17.72;11.5;
2135;2020-03-30 00:00:00;2.58;;;;31.0;35.0;12.77;;0.0;81.0;9.3;0.007;17.56;14.8;
2136;2020-03-30 01:00:00;2.56;;;;30.0;29.0;12.64;;0.0;80.0;9.4;0.007;17.5;11.3;
2137;2020-03-30 02:00:00;2.59;;;;29.0;29.0;12.63;;0.0;79.0;9.8;0.007;17.45;5.8;
2138;2020-03-30 03:00:00;2.57;;;;25.0;31.0;13.45;;0.0;85.0;9.8;0.007;16.55;4.7;
2139;2020-03-30 04:00:00;2.6;;;;21.0;31.0;15.35;;0.0;89.0;;0.007;16.33;2.9;
2140;2020-03-30 05:00:00;2.67;;;;17.0;33.0;20.54;;0.0;91.0;9.7;0.007;16.54;3.7;351.0
2141;2020-03-30 06:00:00;2.6;;;;18.0;36.0;18.33;;0.01;93.0;9.6;0.007;16.24;3.9;352.0
2142;2020-03-30 07:00:00;2.64;;;;12.0;21.0;;;0.0;93.0;9.5;0.008;16.22;2.9;351.0
2143;2020-03-30 08:00:00;2.72;;;;10.0;34.0;28.46;;0.0;93.0;9.3;0.036;16.83;2.9;351.0
2144;2020-03-30 09:00:00;2.84;;;;9.0;33.0;;;0.0;88.0;9.5;0.092;18.16;3.4;3.0
2145;2020-03-30 10:00:00;3.17;;;;6.0;42.0;;;0.0;78.0;15.3;0.156;20.17;4.4;
2146;2020-03-30 11:00:00;3.34;;;;9.0;93.0;50.36;;0.0;68.0;31.0;0.301;22.58;6.5;352.0
2147;2020-03-30 12:00:00;3.31;;;;21.0;117.0;49.96;;0.0;64.0;26.2;0.41;23.89;10.8;351.0
2148;2020-03-30 13:00:00;3.25;;;;39.0;101.0;46.83;;0.0;60.0;18.6;0.449;25.17;10.2;352.0
2149;2020-03-30 14:00:00;3.03;;;;49.0;102.0;32.64;;0.0;61.0;15.3;0.424;25.9;13.1;352.0
2150;2020-03-30 15:00:00;2.85;;;;64.0;76.0;23.83;;0.0;57.0;13.5;0.367;26.91;14.5;352.0
2151;2020-03-30 16:00:00;2.76;;;;67.0;62.0;22.47;;0.0;56.0;12.0;0.287;27.59;12.4;
2152;2020-03-30 17:00:00;2.74;;;;56.0;51.0;19.02;739.8;0.0;55.0;11.5;0.194;28.1;13.5;
2153;2020-03-30 18:00:00;2.76;;;;47.0;42.0;19.4;736.3;0.0;58.0;10.7;0.093;27.6;11.5;
2154;2020-03-30 19:00:00;2.8;;;;40.0;46.0;22.57;;0.0;61.0;10.3;0.028;26.7;9.3;
2155;2020-03-30 20:00:00;2.91;;;;31.0;55.0;22.99;;0.0;64.0;10.4;0.007;25.77;7.0;
2156;2020-03-30 21:00:00;3.0;;;;19.0;55.0;26.79;;0.0;68.0;10.7;0.007;24.86;3.9;
2157;2020-03-30 22:00:00;3.05;;;;15.0;64.0;29.26;;0.0;70.0;10.8;0.007;24.46;5.0;
2158;2020-03-30 23:00:00;3.13;;;;12.0;65.0;29.87;;0.0;73.0;10.3;0.007;23.46;4.9;
2159;2020-03-31 00:00:00;2.98;;;;14.0;64.0;28.59;;0.0;76.0;9.7;0.007;22.99;8.3;352.0
2160;2020-03-31 01:00:00;3.23;;;;6.0;48.0;31.78;;0.0;77.0;9.8;0.007;22.88;4.0;352.0
2161;2020-03-31 02:00:00;3.28;;;;4.0;78.0;33.23;;0.0;81.0;9.8;0.007;22.09;3.7;352.0
2162;2020-03-31 03:00:00;3.04;;;;5.0;70.0;;;0.0;81.0;9.6;0.007;21.69;5.6;359.0
2163;2020-03-31 04:00:00;2.94;;;;5.0;60.0;29.77;;0.0;80.0;9.6;0.007;21.92;8.5;353.0
2164;2020-03-31 05:00:00;2.63;;;;21.0;64.0;17.54;;0.0;76.0;9.7;0.007;22.04;5.3;1.0
2165;2020-03-31 06:00:00;2.66;;;;17.0;35.0;17.53;;0.0;74.0;9.5;0.007;22.26;8.1;353.0
2166;2020-03-31 07:00:00;2.64;;;;17.0;38.0;15.63;;0.0;71.0;9.7;0.012;22.35;8.5;352.0
2167;2020-03-31 08:00:00;2.69;;;;17.0;33.0;13.66;;0.0;69.0;9.5;0.055;22.71;5.2;353.0
2168;2020-03-31 09:00:00;2.68;;;;27.0;32.0;11.91;;0.0;58.0;9.7;0.215;25.48;7.6;352.0
2169;2020-03-31 10:00:00;2.61;;;;40.0;35.0;10.81;;0.0;40.0;10.2;0.325;27.29;12.3;356.0
2170;2020-03-31 11:00:00;2.55;;;;48.0;35.0;9.38;;0.0;35.0;10.0;0.466;28.33;14.5;353.0
2171;2020-03-31 12:00:00;2.53;;;;53.0;37.0;8.97;;0.0;31.0;10.0;0.516;29.14;14.1;353.0
2172;2020-03-31 13:00:00;2.49;;;;57.0;31.0;7.99;;0.0;25.0;9.6;0.407;29.13;14.5;352.0
2173;2020-03-31 14:00:00;2.52;;;;62.0;28.0;8.95;;0.0;24.0;9.7;0.452;30.43;9.7;350.0
2174;2020-03-31 15:00:00;2.55;;;;67.0;27.0;9.69;;0.0;26.0;10.0;0.455;30.73;12.0;352.0
2175;2020-03-31 16:00:00;2.58;;;;72.0;33.0;11.5;;0.0;28.0;9.7;0.411;31.0;15.3;352.0
2176;2020-03-31 17:00:00;2.59;;;;61.0;41.0;14.8;;0.0;31.0;12.8;0.245;30.71;17.5;352.0
2177;2020-03-31 18:00:00;2.55;;;;55.0;52.0;11.92;;0.0;26.0;12.8;0.116;29.73;19.0;
2178;2020-03-31 19:00:00;2.58;;;;50.0;40.0;9.59;;0.0;24.0;17.7;0.033;28.78;16.1;
2179;2020-03-31 20:00:00;2.55;;;;51.0;37.0;8.74;;0.0;24.0;10.6;0.007;27.88;17.3;
2180;2020-03-31 21:00:00;2.52;;;;55.0;26.0;7.6;;0.0;23.0;9.3;0.007;27.43;16.5;
2181;2020-03-31 22:00:00;2.51;;;;56.0;24.0;7.39;;0.0;22.0;9.1;0.007;27.09;12.2;
2182;2020-03-31 23:00:00;2.52;;;;55.0;24.0;8.22;;0.0;24.0;9.0;0.007;26.25;9.4;
2183;2020-04-01 00:00:00;;;;;;;;;;;;;;;
2184;2020-04-01 01:00:00;2.58;;;;37.0;47.0;13.43;;0.0;57.0;9.4;0.007;23.04;25.4;352.0
2185;2020-04-01 02:00:00;2.51;;;;45.0;39.0;10.26;;0.0;41.0;9.1;0.007;22.09;24.6;
2186;2020-04-01 03:00:00;2.47;;;;49.0;34.0;7.88;;0.0;37.0;9.0;0.007;21.67;19.7;
2187;2020-04-01 04:00:00;2.49;;;;47.0;23.0;8.55;;0.0;48.0;8.9;0.007;20.59;19.4;
2188;2020-04-01 05:00:00;2.55;;;;49.0;22.0;11.0;;0.0;70.0;8.9;0.007;19.4;20.4;
2189;2020-04-01 06:00:00;2.58;;;;47.0;18.0;13.33;;0.0;78.0;8.8;0.007;18.72;19.4;
2190;2020-04-01 07:00:00;2.61;;;;43.0;26.0;14.82;;0.0;82.0;8.9;0.011;18.37;19.7;
2191;2020-04-01 08:00:00;2.66;;;;40.0;31.0;16.73;;0.0;84.0;8.9;0.022;18.42;13.6;
2192;2020-04-01 09:00:00;2.78;;;;35.0;36.0;17.27;;0.0;88.0;9.0;0.038;18.06;11.5;
2193;2020-04-01 10:00:00;3.28;;;;37.0;34.0;16.56;;0.0;85.0;9.2;0.103;18.58;11.4;
2194;2020-04-01 11:00:00;2.63;;;;42.0;37.0;12.12;;0.0;77.0;9.2;0.238;19.93;18.0;
2195;2020-04-01 12:00:00;2.63;;;;42.0;31.0;11.6;;0.0;71.0;9.1;0.304;21.31;18.5;
2196;2020-04-01 13:00:00;2.61;;;;42.0;28.0;12.16;;0.0;60.0;9.2;0.407;23.46;20.5;
2197;2020-04-01 14:00:00;;;;;43.0;31.0;13.2;;0.0;55.0;9.3;0.492;25.05;21.0;
2198;2020-04-01 15:00:00;;;;;44.0;32.0;13.32;;0.0;54.0;9.2;0.251;25.42;16.1;
2199;2020-04-01 16:00:00;0.41;;;;46.0;28.0;13.84;;0.0;52.0;9.1;0.204;26.16;21.4;
2200;2020-04-01 17:00:00;0.41;;;;46.0;32.0;13.88;737.6;0.0;53.0;9.1;0.155;25.96;21.2;
2201;2020-04-01 18:00:00;0.42;;;;44.0;32.0;13.53;739.6;0.0;52.0;9.2;0.112;26.58;18.3;
2202;2020-04-01 19:00:00;0.43;;;;42.0;34.0;13.7;739.3;0.02;56.0;9.1;0.026;25.81;19.3;
2203;2020-04-01 20:00:00;0.44;;;;41.0;39.0;13.66;739.4;0.0;56.0;8.9;0.007;25.62;17.1;
2204;2020-04-01 21:00:00;0.45;;;;41.0;37.0;14.01;739.9;0.0;62.0;8.8;0.007;24.93;23.4;
2205;2020-04-01 22:00:00;0.42;;;;38.0;36.0;12.72;;0.0;71.0;9.0;0.007;23.55;27.0;
2206;2020-04-01 23:00:00;0.4;;;;34.0;33.0;12.49;;0.0;78.0;9.0;0.007;22.66;26.6;
2207;2020-04-02 00:00:00;0.41;;;;32.0;25.0;12.81;;0.0;84.0;8.9;0.007;21.76;24.7;
2208;2020-04-02 01:00:00;0.41;;;;31.0;24.0;13.7;739.9;0.0;86.0;8.9;0.007;21.48;18.5;
2209;2020-04-02 02:00:00;0.4;;;;29.0;24.0;14.68;739.8;0.0;88.0;;0.007;21.33;12.1;
2210;2020-04-02 03:00:00;0.42;;;;24.0;24.0;9.93;739.6;0.01;92.0;8.8;0.009;21.02;5.5;
2211;2020-04-02 04:00:00;0.42;;;;22.0;13.0;8.09;739.3;0.0;93.0;8.9;0.01;20.97;5.6;
2212;2020-04-02 05:00:00;0.4;;;;20.0;11.0;10.4;739.4;0.01;93.0;8.9;0.01;20.79;6.4;
2213;2020-04-02 06:00:00;0.42;;;;16.0;9.0;;739.5;0.0;93.0;8.5;0.01;20.81;4.0;
2214;2020-04-02 07:00:00;0.46;;;;12.0;7.0;;739.6;0.0;93.0;8.5;0.011;20.86;7.2;
2215;2020-04-02 08:00:00;0.52;;;;13.0;17.0;13.6;739.9;0.01;93.0;8.8;0.047;21.0;7.2;
2216;2020-04-02 09:00:00;0.64;;;;13.0;19.0;16.79;;0.0;90.0;8.8;0.126;21.86;8.4;
2217;2020-04-02 10:00:00;0.57;;;;15.0;31.0;19.28;;0.0;80.0;8.9;0.29;24.0;9.6;
2218;2020-04-02 11:00:00;0.62;;;;22.0;32.0;23.26;;0.0;72.0;8.4;0.47;25.61;12.0;
2219;2020-04-02 12:00:00;0.58;;;;33.0;41.0;25.1;740.0;0.0;67.0;8.5;0.524;26.38;16.7;
2220;2020-04-02 13:00:00;0.53;;;;45.0;50.0;26.6;739.5;0.0;62.0;8.5;0.563;27.48;21.0;
2221;2020-04-02 14:00:00;0.49;;;;49.0;49.0;26.48;739.1;0.0;59.0;;0.546;28.41;21.1;
2222;2020-04-02 15:00:00;0.48;;;;54.0;52.0;24.13;738.6;0.0;54.0;8.6;0.487;29.78;20.2;
2223;2020-04-02 16:00:00;0.48;;;;57.0;48.0;26.56;738.4;0.0;47.0;8.7;0.398;31.2;20.2;
2224;2020-04-02 17:00:00;0.45;;;;53.0;53.0;24.99;738.2;0.0;45.0;9.4;0.267;31.24;20.8;
2225;2020-04-02 18:00:00;0.44;;;;47.0;47.0;20.04;737.9;0.0;45.0;9.3;0.138;30.87;20.4;
2226;2020-04-02 19:00:00;0.5;;;;39.0;42.0;22.22;738.0;0.0;48.0;8.8;0.029;29.92;14.2;
2227;2020-04-02 20:00:00;0.55;;;;30.0;40.0;25.23;738.2;0.0;52.0;8.9;0.007;28.91;12.9;
2228;2020-04-02 21:00:00;0.5;;;;29.0;56.0;24.78;738.9;0.0;52.0;9.0;0.007;28.4;10.1;
2229;2020-04-02 22:00:00;0.47;;;;25.0;43.0;22.74;739.2;0.0;60.0;8.8;0.007;27.63;19.1;
2230;2020-04-02 23:00:00;0.44;;;;21.0;45.0;17.51;739.2;0.0;74.0;9.2;0.007;25.25;27.0;
2231;2020-04-03 00:00:00;0.42;;;;20.0;29.0;16.36;739.6;0.0;80.0;9.0;0.007;23.85;23.7;
2232;2020-04-03 01:00:00;0.42;;;;19.0;26.0;16.29;739.7;0.0;82.0;8.3;0.007;23.44;17.0;
2233;2020-04-03 02:00:00;0.42;;;;18.0;29.0;18.34;739.2;0.0;83.0;8.9;0.007;23.11;14.6;
2234;2020-04-03 03:00:00;0.42;;;;18.0;36.0;20.26;739.1;0.0;85.0;8.8;0.007;22.85;10.9;
2235;2020-04-03 04:00:00;0.41;;;;18.0;44.0;22.94;739.0;0.0;85.0;8.7;0.007;22.72;11.4;
2236;2020-04-03 05:00:00;0.41;;;;;43.0;21.72;738.8;0.0;85.0;8.4;0.007;22.56;10.2;
2237;2020-04-03 06:00:00;0.41;;;;17.0;40.0;19.47;739.0;0.0;86.0;7.8;0.007;22.47;8.8;
2238;2020-04-03 07:00:00;0.45;;;;13.0;45.0;21.96;739.4;0.0;86.0;8.0;0.008;22.45;6.2;
2239;2020-04-03 08:00:00;0.54;;;;8.0;51.0;28.5;739.8;0.0;85.0;8.0;0.022;22.76;5.3;
2240;2020-04-03 09:00:00;0.59;;;;8.0;70.0;27.42;;0.0;84.0;8.1;0.032;23.09;7.8;
2241;2020-04-03 10:00:00;0.62;;;;8.0;82.0;27.0;;0.0;84.0;8.2;0.033;23.13;7.4;
2242;2020-04-03 11:00:00;0.58;;;;13.0;68.0;22.83;;0.0;85.0;7.8;0.075;23.19;11.0;
2243;2020-04-03 12:00:00;0.53;;;;15.0;47.0;22.14;;0.0;82.0;7.4;0.135;23.94;12.3;
2244;2020-04-03 13:00:00;0.51;;;;22.0;39.0;18.83;;0.0;76.0;7.2;0.287;25.58;16.6;
2245;2020-04-03 14:00:00;0.53;;;;26.0;39.0;20.43;733.2;0.0;73.0;7.8;0.331;26.19;20.7;
2246;2020-04-03 15:00:00;0.51;;;;28.0;42.0;21.38;737.5;0.0;70.0;7.4;0.399;26.75;22.9;
2247;2020-04-03 16:00:00;0.48;;;;30.0;43.0;20.03;738.6;0.0;66.0;7.3;0.358;27.57;26.1;
2248;2020-04-03 17:00:00;0.48;;;;29.0;43.0;20.45;738.2;0.0;70.0;7.3;0.151;26.57;27.1;
2249;2020-04-03 18:00:00;0.48;;;;28.0;42.0;19.98;737.9;0.0;70.0;7.4;0.065;26.3;22.8;
2250;2020-04-03 19:00:00;0.49;;;;28.0;34.0;20.92;737.9;0.0;69.0;7.2;0.026;26.15;20.3;
2251;2020-04-03 20:00:00;0.52;;;;26.0;41.0;21.98;738.2;0.0;70.0;7.3;0.007;25.74;17.5;
2252;2020-04-03 21:00:00;0.59;;;;21.0;40.0;24.38;738.9;0.0;71.0;7.3;0.007;25.46;19.4;
2253;2020-04-03 22:00:00;0.65;;;;17.0;52.0;26.83;739.8;0.0;71.0;7.4;0.007;25.28;15.8;
2254;2020-04-03 23:00:00;0.57;;;;22.0;62.0;25.55;;0.0;72.0;7.3;0.007;25.22;13.7;
2255;2020-04-04 00:00:00;0.49;;;;18.0;54.0;21.23;;0.13;84.0;7.4;0.008;23.28;14.8;352.0
2256;2020-04-04 01:00:00;0.43;;;;19.0;38.0;17.94;;0.08;89.0;7.5;0.01;22.63;18.6;352.0
2257;2020-04-04 02:00:00;0.3;;;;15.0;29.0;;738.0;0.35;91.0;7.3;0.008;22.28;15.2;354.0
2258;2020-04-04 03:00:00;;;;;;;;;;;;;;;
2259;2020-04-04 04:00:00;;;;;;;;;;;;;;;
2260;2020-04-04 05:00:00;;;;;;;;;;;;;;;
2261;2020-04-04 06:00:00;;;;;;;;;;;;;;;
2262;2020-04-04 07:00:00;;;;;;;;;;;;;;;
2263;2020-04-04 08:00:00;;;;;;;;;;;;;;;
2264;2020-04-04 09:00:00;;;;;;;;;;;;;;;
2265;2020-04-04 10:00:00;;;;;;;;;;;;;;;
2266;2020-04-04 11:00:00;;;;;;;;;;;;;;;
2267;2020-04-04 12:00:00;;;;;;;;;;;;;;;
2268;2020-04-04 13:00:00;0.53;;;;;24.0;9.37;;5.61;25.0;5.1;0.061;7.46;2.1;352.0
2269;2020-04-04 14:00:00;0.77;;;;17.0;;9.38;724.0;0.0;73.0;8.8;0.17;22.75;5.9;
2270;2020-04-04 15:00:00;0.5;;;;19.0;81.0;12.28;723.6;0.0;74.0;9.1;0.144;22.83;5.8;
2271;2020-04-04 16:00:00;0.35;;;;21.0;30.0;12.25;723.2;0.0;76.0;9.3;0.087;22.32;9.5;
2272;2020-04-04 17:00:00;0.25;;;;16.0;26.0;12.43;723.5;0.0;73.0;9.2;0.051;22.01;14.2;
2273;2020-04-04 18:00:00;0.14;;;;13.0;23.0;10.69;724.5;0.0;76.0;9.4;0.022;19.75;16.9;
2274;2020-04-04 19:00:00;0.05;;;;14.0;14.0;9.58;725.4;0.0;78.0;9.2;0.012;18.06;12.1;
2275;2020-04-04 20:00:00;;;;;13.0;17.0;9.24;726.1;0.0;79.0;9.1;0.007;17.72;6.0;
2276;2020-04-04 21:00:00;;;;;16.0;13.0;8.21;726.5;0.0;79.0;9.0;0.007;17.63;7.2;
2277;2020-04-04 22:00:00;;;;;30.0;8.0;5.11;727.0;0.0;78.0;9.2;0.007;17.61;10.3;
2278;2020-04-04 23:00:00;;;;;29.0;4.0;;727.4;0.0;87.0;9.2;0.007;16.16;7.9;
2279;2020-04-05 00:00:00;;;;;26.0;10.0;4.62;727.4;0.01;93.0;;0.007;15.77;11.1;352.0
2280;2020-04-05 01:00:00;;;;;25.0;7.0;5.85;727.3;0.0;93.0;;0.007;16.01;8.4;350.0
2281;2020-04-05 02:00:00;;;;;19.0;4.0;;727.1;0.0;91.0;9.3;0.008;16.28;3.1;350.0
2282;2020-04-05 03:00:00;;;;;16.0;7.0;;726.7;0.02;93.0;9.5;0.008;16.24;2.9;350.0
2283;2020-04-05 04:00:00;;;;;18.0;11.0;;726.2;0.0;94.0;9.4;0.008;16.31;3.5;349.0
2284;2020-04-05 05:00:00;;;;;27.0;9.0;4.78;726.0;0.0;94.0;9.1;0.008;16.44;9.6;349.0
2285;2020-04-05 06:00:00;;;;;21.0;6.0;;726.3;0.0;95.0;9.3;0.008;16.03;9.4;350.0
2286;2020-04-05 07:00:00;;;;;19.0;15.0;13.43;726.7;0.02;95.0;9.5;0.009;15.82;7.6;350.0
2287;2020-04-05 08:00:00;;;;;20.0;11.0;8.32;727.2;0.0;95.0;9.7;0.015;15.92;4.4;350.0
2288;2020-04-05 09:00:00;;;;;18.0;14.0;10.07;727.6;0.01;95.0;9.7;0.035;16.24;3.5;
2289;2020-04-05 10:00:00;;;;;19.0;15.0;8.87;727.8;0.01;95.0;9.5;0.111;16.79;4.2;347.0
2290;2020-04-05 11:00:00;;;;;21.0;10.0;;728.1;0.0;94.0;9.2;0.151;17.6;7.3;347.0
2291;2020-04-05 12:00:00;;;;;26.0;12.0;;727.8;0.0;88.0;9.1;0.119;18.56;10.0;349.0
2292;2020-04-05 13:00:00;;;;;31.0;13.0;;727.4;0.0;86.0;9.2;0.093;18.67;13.8;350.0
2293;2020-04-05 14:00:00;;;;;33.0;12.0;;727.0;0.0;84.0;11.2;0.123;18.94;17.4;350.0
2294;2020-04-05 15:00:00;;;;;34.0;23.0;16.6;726.5;0.0;84.0;10.6;0.142;19.1;19.2;350.0
2295;2020-04-05 16:00:00;;;;;29.0;21.0;14.87;726.3;0.0;86.0;9.9;0.107;18.89;20.0;351.0
2296;2020-04-05 17:00:00;;;;;24.0;13.0;8.38;726.2;0.0;90.0;9.3;0.048;18.01;17.7;351.0
2297;2020-04-05 18:00:00;;;;;23.0;9.0;;726.2;0.0;93.0;9.4;0.029;17.48;17.7;352.0
2298;2020-04-05 19:00:00;;;;;23.0;5.0;;726.3;0.0;93.0;9.3;0.014;17.25;17.5;351.0
2299;2020-04-05 20:00:00;;;;;26.0;5.0;;726.4;0.0;94.0;9.1;0.007;17.02;19.8;351.0
2300;2020-04-05 21:00:00;;;;;29.0;5.0;;726.8;0.0;94.0;8.5;0.007;16.98;16.9;
2301;2020-04-05 22:00:00;;;;;29.0;4.0;;727.0;0.0;94.0;8.8;0.007;16.99;17.4;
2302;2020-04-05 23:00:00;;;;;27.0;3.0;;727.4;0.0;94.0;9.0;0.007;16.99;15.7;
2303;2020-04-06 00:00:00;;;;;25.0;;4.09;727.1;0.0;94.0;9.0;0.007;17.05;11.9;
2304;2020-04-06 01:00:00;;;;;22.0;;4.42;726.9;0.0;94.0;9.3;0.007;17.22;6.2;
2305;2020-04-06 02:00:00;;;;;19.0;;4.52;726.3;0.0;93.0;9.5;0.007;17.36;7.7;
2306;2020-04-06 03:00:00;;;;;22.0;3.0;;726.0;0.0;92.0;9.0;0.007;17.24;9.4;
2307;2020-04-06 04:00:00;;;;;20.0;4.0;;725.7;0.0;93.0;9.4;0.007;17.1;7.6;
2308;2020-04-06 05:00:00;;;;;15.0;6.0;;725.6;0.0;94.0;9.4;0.007;17.11;4.2;
2309;2020-04-06 06:00:00;;;;;11.0;8.0;;725.8;0.0;94.0;9.5;0.008;17.24;3.0;
2310;2020-04-06 07:00:00;;;;;6.0;18.0;;726.2;0.0;94.0;9.5;0.009;17.37;2.9;
2311;2020-04-06 08:00:00;;;;;4.0;37.0;23.22;726.9;0.0;94.0;9.9;0.021;17.6;2.9;
2312;2020-04-06 09:00:00;0.07;;;;5.0;29.0;25.23;727.2;0.0;94.0;10.1;0.048;18.13;3.8;
2313;2020-04-06 10:00:00;0.25;;;;6.0;34.0;32.52;727.4;0.0;92.0;9.7;0.106;19.14;4.2;
2314;2020-04-06 11:00:00;0.16;;;;15.0;49.0;34.53;727.5;0.0;82.0;10.3;0.253;21.15;7.3;
2315;2020-04-06 12:00:00;;;;;25.0;45.0;29.45;727.5;0.0;75.0;10.6;0.299;22.41;11.8;
2316;2020-04-06 13:00:00;;;;;32.0;42.0;30.09;727.1;0.0;75.0;10.3;0.237;22.52;13.0;
2317;2020-04-06 14:00:00;;;;;42.0;46.0;30.84;726.7;0.0;72.0;9.4;0.272;23.16;12.9;
2318;2020-04-06 15:00:00;;;;;50.0;43.0;27.81;726.3;0.0;70.0;8.7;0.259;23.8;13.7;
2319;2020-04-06 16:00:00;;;;;53.0;50.0;25.88;726.3;0.0;71.0;8.1;0.191;23.7;13.8;
2320;2020-04-06 17:00:00;;;;;;;;;;;;0.0;;;
2321;2020-04-06 18:00:00;;;;;41.0;43.0;25.94;726.2;0.0;74.0;7.9;0.048;23.02;14.1;
2322;2020-04-06 19:00:00;;;;;35.0;37.0;22.89;726.4;0.0;77.0;7.6;0.018;22.49;11.7;
2323;2020-04-06 20:00:00;;;;;35.0;28.0;21.56;726.7;0.0;78.0;7.7;0.007;22.15;15.3;
2324;2020-04-06 21:00:00;;;;;26.0;28.0;17.33;727.3;0.0;83.0;7.8;0.007;21.46;14.4;
2325;2020-04-06 22:00:00;;;;;25.0;21.0;10.46;727.9;0.0;86.0;8.2;0.007;21.18;13.9;
2326;2020-04-06 23:00:00;;;;;27.0;12.0;10.96;728.1;0.0;84.0;8.4;0.007;21.4;9.5;
2327;2020-04-07 00:00:00;;;;;21.0;18.0;11.27;728.3;0.0;85.0;8.7;0.007;21.36;8.2;
2328;2020-04-07 01:00:00;;;;;24.0;18.0;14.01;728.5;0.0;85.0;8.6;0.007;21.3;5.6;
2329;2020-04-07 02:00:00;;;;;25.0;14.0;12.96;728.3;0.0;88.0;8.7;0.007;20.89;6.5;
2330;2020-04-07 03:00:00;;;;;21.0;15.0;11.69;727.7;0.02;91.0;8.9;0.007;20.48;4.1;
2331;2020-04-07 04:00:00;;;;;21.0;12.0;11.7;727.4;0.03;93.0;8.9;0.008;20.31;2.9;
2332;2020-04-07 05:00:00;;;;;18.0;17.0;13.62;727.5;0.04;94.0;9.1;0.008;20.33;2.9;
2333;2020-04-07 06:00:00;;;;;12.0;6.0;;727.7;0.01;94.0;9.2;0.008;20.44;2.9;
2334;2020-04-07 07:00:00;;;;;5.0;7.0;;728.0;0.0;94.0;9.4;0.009;20.51;3.2;
2335;2020-04-07 08:00:00;;;;;5.0;20.0;15.98;728.4;0.01;94.0;9.6;0.017;20.67;2.9;
2336;2020-04-07 09:00:00;;;;;10.0;15.0;;728.9;0.01;94.0;9.7;0.041;20.85;3.0;
2337;2020-04-07 10:00:00;;;;;8.0;21.0;;729.2;0.0;94.0;9.6;0.06;21.19;3.7;
2338;2020-04-07 11:00:00;;;;;17.0;29.0;;728.9;0.0;92.0;9.7;0.192;22.35;7.1;
2339;2020-04-07 12:00:00;;;;;30.0;38.0;29.81;728.8;0.0;79.0;9.6;0.263;24.88;7.3;
2340;2020-04-07 13:00:00;;;;;40.0;46.0;25.79;728.2;0.0;68.0;9.3;0.56;26.91;11.7;
2341;2020-04-07 14:00:00;;;;;50.0;40.0;21.55;727.4;0.0;65.0;8.3;0.579;27.78;17.4;
2342;2020-04-07 15:00:00;;;;;50.0;34.0;18.32;726.6;0.0;65.0;7.2;0.446;27.94;21.0;
2343;2020-04-07 16:00:00;;;;;47.0;36.0;17.24;726.1;0.0;65.0;6.5;0.257;27.7;22.2;
2344;2020-04-07 17:00:00;;;;;47.0;29.0;17.45;725.6;0.0;64.0;6.4;0.191;27.81;19.7;
2345;2020-04-07 18:00:00;;;;;45.0;25.0;24.48;725.5;0.0;68.0;7.6;0.076;27.03;20.3;
2346;2020-04-07 19:00:00;;;;;45.0;35.0;28.75;725.7;0.0;70.0;7.9;0.023;26.46;15.8;
2347;2020-04-07 20:00:00;;;;;39.0;40.0;26.65;726.0;0.0;73.0;7.6;0.007;25.59;17.0;
2348;2020-04-07 21:00:00;;;;;33.0;33.0;23.78;726.5;0.0;76.0;7.3;0.007;24.77;14.2;
2349;2020-04-07 22:00:00;;;;;28.0;25.0;20.87;726.9;0.0;78.0;6.8;0.007;24.05;11.3;
2350;2020-04-07 23:00:00;;;;;22.0;36.0;23.22;726.9;0.0;81.0;7.2;0.007;23.44;6.4;
2351;2020-04-08 00:00:00;;;;;11.0;36.0;24.45;726.6;0.0;86.0;7.6;0.007;22.29;4.7;352.0
2352;2020-04-08 01:00:00;;;;;13.0;39.0;24.73;726.5;0.0;87.0;8.0;0.007;22.25;4.1;352.0
2353;2020-04-08 02:00:00;;;;;9.0;32.0;23.84;726.0;0.0;89.0;8.2;0.007;21.48;3.3;351.0
2354;2020-04-08 03:00:00;;;;;5.0;29.0;23.6;725.5;0.0;91.0;8.3;0.007;20.94;3.3;351.0
2355;2020-04-08 04:00:00;;;;;11.0;28.0;22.62;725.5;0.0;90.0;8.3;0.008;20.96;7.5;351.0
2356;2020-04-08 05:00:00;;;;;12.0;28.0;27.39;726.0;0.0;87.0;8.7;0.008;21.77;11.6;
2357;2020-04-08 06:00:00;;;;;15.0;38.0;35.19;726.2;0.0;82.0;9.1;0.007;22.59;10.1;352.0
2358;2020-04-08 07:00:00;;;;;5.0;48.0;36.2;726.5;0.0;85.0;9.1;0.011;21.96;9.2;351.0
2359;2020-04-08 08:00:00;;;;;10.0;55.0;33.01;727.0;0.0;72.0;9.9;0.089;24.29;10.6;1.0
2360;2020-04-08 09:00:00;;;;;15.0;60.0;38.48;727.8;0.0;65.0;10.5;0.226;26.62;6.4;355.0
2361;2020-04-08 10:00:00;;;;;34.0;78.0;28.09;728.0;0.0;57.0;10.1;0.361;29.09;9.2;357.0
2362;2020-04-08 11:00:00;;;;;49.0;56.0;25.25;727.7;0.0;51.0;9.3;0.466;30.69;8.8;359.0
2363;2020-04-08 12:00:00;;;;;62.0;50.0;18.53;727.3;0.0;43.0;7.9;0.542;32.39;10.9;355.0
2364;2020-04-08 13:00:00;;;;;62.0;47.0;13.93;726.6;0.0;38.0;6.5;0.582;33.49;11.5;351.0
2365;2020-04-08 14:00:00;;;;;59.0;30.0;11.65;726.3;0.0;35.0;5.4;0.531;34.69;12.4;353.0
2366;2020-04-08 15:00:00;;;;;63.0;24.0;12.65;725.2;0.0;35.0;5.1;0.347;34.72;14.0;353.0
2367;2020-04-08 16:00:00;;;;;54.0;37.0;19.19;724.5;0.0;46.0;8.2;0.263;32.99;22.9;353.0
2368;2020-04-08 17:00:00;;;;;52.0;48.0;19.36;724.1;0.0;47.0;8.8;0.203;32.31;20.9;
2369;2020-04-08 18:00:00;;;;;48.0;37.0;17.73;724.2;0.0;47.0;6.7;0.101;32.0;18.8;
2370;2020-04-08 19:00:00;;;;;46.0;38.0;16.64;724.7;0.0;48.0;4.8;0.034;31.05;14.3;
2371;2020-04-08 20:00:00;;;;;38.0;35.0;13.83;725.2;0.0;48.0;4.4;0.008;30.35;9.8;
2372;2020-04-08 21:00:00;;;;;35.0;25.0;14.76;726.0;0.0;50.0;4.4;0.007;29.94;12.0;352.0
2373;2020-04-08 22:00:00;;;;;32.0;30.0;16.0;726.4;0.0;51.0;4.9;0.007;29.63;13.0;353.0
2374;2020-04-08 23:00:00;;;;;28.0;39.0;20.19;726.6;0.0;55.0;5.5;0.007;28.72;19.4;353.0
2375;2020-04-09 00:00:00;;;;;28.0;43.0;19.93;726.3;0.0;62.0;6.0;0.007;27.64;20.7;353.0
2376;2020-04-09 01:00:00;;;;;25.0;42.0;23.1;726.2;0.0;68.0;6.7;0.007;26.44;16.2;352.0
2377;2020-04-09 02:00:00;;;;;23.0;35.0;23.0;725.8;0.0;74.0;6.7;0.007;25.48;8.2;352.0
2378;2020-04-09 03:00:00;;;;;16.0;32.0;24.54;725.5;0.0;79.0;6.9;0.007;24.37;4.4;352.0
2379;2020-04-09 04:00:00;;;;;14.0;28.0;15.04;725.2;0.0;79.0;7.1;0.007;24.37;9.2;
2380;2020-04-09 05:00:00;;;;;11.0;41.0;;725.1;0.0;77.0;7.7;0.007;24.45;9.2;
2381;2020-04-09 06:00:00;;;;;7.0;44.0;;725.1;0.0;77.0;8.0;0.007;23.89;9.0;
2382;2020-04-09 07:00:00;;;;;5.0;36.0;;725.3;0.0;74.0;8.6;0.015;24.15;9.3;
2383;2020-04-09 08:00:00;;;;;10.0;42.0;;725.6;0.0;68.0;8.8;0.065;25.07;10.7;357.0
2384;2020-04-09 09:00:00;;;;;22.0;50.0;;725.9;0.0;59.0;9.2;0.182;27.14;11.7;352.0
2385;2020-04-09 10:00:00;;;;;34.0;47.0;;725.9;0.0;49.0;9.3;0.301;29.88;9.6;352.0
2386;2020-04-09 11:00:00;;;;;46.0;46.0;;725.9;0.0;44.0;9.6;0.43;32.05;10.2;357.0
2387;2020-04-09 12:00:00;;;;;79.0;72.0;;725.7;0.0;39.0;9.1;0.527;34.24;8.3;351.0
2388;2020-04-09 13:00:00;;;;;71.0;78.0;;725.0;0.0;31.0;6.3;0.442;35.38;9.1;354.0
2389;2020-04-09 14:00:00;;;;;76.0;41.0;;724.2;0.0;32.0;4.9;0.299;35.13;10.3;353.0
2390;2020-04-09 15:00:00;;;;;74.0;51.0;;723.4;0.0;27.0;4.2;0.342;35.55;11.7;353.0
2391;2020-04-09 16:00:00;;;;;77.0;45.0;;722.6;0.0;27.0;4.3;0.349;36.4;10.0;353.0
2392;2020-04-09 17:00:00;;;;;66.0;42.0;;721.9;0.0;34.0;12.1;0.189;34.99;16.5;
2393;2020-04-09 18:00:00;;;;;55.0;53.0;;720.8;0.0;33.0;6.6;0.142;35.0;16.3;
2394;2020-04-09 19:00:00;;;;;51.0;46.0;;721.4;0.0;37.0;4.6;0.029;33.74;15.1;
2395;2020-04-09 20:00:00;;;;;37.0;40.0;;723.2;0.0;53.0;3.5;0.007;28.84;13.7;
2396;2020-04-09 21:00:00;;;;;29.0;90.0;;724.2;0.0;59.0;3.6;0.007;26.8;6.7;
2397;2020-04-09 22:00:00;;;;;30.0;45.0;;725.0;0.0;59.0;4.4;0.007;26.59;8.8;
2398;2020-04-09 23:00:00;;;;;40.0;34.0;;725.8;0.0;60.0;5.0;0.007;26.61;11.6;
2399;2020-04-10 00:00:00;;;;;34.0;32.0;;725.9;0.0;65.0;5.7;0.007;25.45;3.0;
2400;2020-04-10 01:00:00;;;;;32.0;34.0;19.52;726.3;0.0;65.0;6.5;0.007;25.66;11.0;
2401;2020-04-10 02:00:00;;;;;31.0;37.0;16.65;726.3;0.0;68.0;7.4;0.007;24.99;7.4;
2402;2020-04-10 03:00:00;;;;;34.0;27.0;13.44;726.5;0.0;70.0;7.0;0.007;24.32;9.8;
2403;2020-04-10 04:00:00;;;;;31.0;19.0;14.0;726.6;0.0;74.0;7.6;0.007;23.75;7.5;
2404;2020-04-10 05:00:00;;;;;27.0;21.0;15.84;726.6;0.0;75.0;7.7;0.007;23.61;8.8;
2405;2020-04-10 06:00:00;;;;;24.0;22.0;15.54;726.9;0.0;77.0;7.9;0.007;23.09;8.7;
2406;2020-04-10 07:00:00;;;;;19.0;21.0;15.76;727.1;0.0;79.0;8.1;0.02;22.66;4.9;
2407;2020-04-10 08:00:00;;;;;18.0;31.0;18.46;727.4;0.0;76.0;8.4;0.07;23.66;4.5;
2408;2020-04-10 09:00:00;;;;;27.0;40.0;20.27;727.4;0.0;70.0;8.9;0.226;25.82;9.9;
2409;2020-04-10 10:00:00;;;;;34.0;38.0;19.75;727.4;0.0;65.0;9.3;0.35;27.45;15.3;
2410;2020-04-10 11:00:00;;;;;39.0;36.0;19.61;727.4;0.0;63.0;8.5;0.331;27.97;17.8;
2411;2020-04-10 12:00:00;;;;;41.0;39.0;22.51;726.8;0.0;60.0;7.9;0.417;28.89;21.1;
2412;2020-04-10 13:00:00;;;;;43.0;45.0;25.46;726.2;0.0;59.0;8.4;0.255;28.95;23.2;
2413;2020-04-10 14:00:00;;;;;43.0;46.0;30.44;725.2;0.0;57.0;13.6;0.2;28.86;23.2;
2414;2020-04-10 15:00:00;;;;;38.0;57.0;28.35;724.7;0.0;60.0;11.0;0.121;27.84;24.4;
2415;2020-04-10 16:00:00;;;;;38.0;53.0;20.6;724.7;0.0;59.0;6.3;0.161;27.03;21.5;
2416;2020-04-10 17:00:00;;;;;37.0;31.0;18.95;724.6;0.0;62.0;5.7;0.072;26.85;20.3;
2417;2020-04-10 18:00:00;;;;;29.0;31.0;17.56;725.3;0.03;79.0;6.0;0.014;24.2;11.2;
2418;2020-04-10 19:00:00;;;;;21.0;24.0;8.27;725.9;0.03;88.0;6.2;0.008;21.95;11.4;
2419;2020-04-10 20:00:00;;;;;27.0;11.0;;726.3;0.13;91.0;6.7;0.008;21.51;19.7;
2420;2020-04-10 21:00:00;;;;;34.0;16.0;6.28;726.3;0.08;90.0;8.3;0.008;20.92;22.2;
2421;2020-04-10 22:00:00;;;;;35.0;7.0;6.52;727.0;0.01;90.0;8.0;0.008;20.37;19.7;
2422;2020-04-10 23:00:00;;;;;35.0;9.0;6.6;726.9;0.0;79.0;8.4;0.008;21.74;22.2;
2423;2020-04-11 00:00:00;;;;;36.0;7.0;;726.8;0.0;70.0;9.0;0.008;22.93;22.7;
2424;2020-04-11 01:00:00;;;;;35.0;16.0;;726.2;0.0;68.0;9.2;0.008;23.64;25.4;
2425;2020-04-11 02:00:00;;;;;33.0;27.0;20.55;725.4;0.0;70.0;9.4;0.007;23.54;22.8;
2426;2020-04-11 03:00:00;;;;;27.0;29.0;18.97;724.8;0.0;79.0;9.5;0.007;22.09;14.0;
2427;2020-04-11 04:00:00;;;;;25.0;21.0;16.71;724.3;0.0;84.0;9.6;0.007;21.25;16.4;
2428;2020-04-11 05:00:00;;;;;22.0;19.0;14.18;723.8;0.0;86.0;9.8;0.007;20.88;9.9;
2429;2020-04-11 07:00:00;;;;;15.0;14.0;13.41;724.3;0.0;90.0;10.1;0.018;20.09;3.6;
2430;2020-04-11 08:00:00;;;;;15.0;18.0;15.04;724.3;0.0;89.0;10.3;0.094;21.06;4.2;
2431;2020-04-11 09:00:00;;;;;17.0;23.0;16.68;724.4;0.0;83.0;10.3;0.139;22.54;5.8;
2432;2020-04-11 10:00:00;;;;;20.0;28.0;20.15;724.5;0.0;77.0;10.0;0.174;23.33;8.0;
2433;2020-04-11 11:00:00;;;;;23.0;37.0;25.77;724.4;0.0;74.0;9.8;0.265;24.22;8.5;
2434;2020-04-11 12:00:00;;;;;28.0;41.0;29.85;723.9;0.0;71.0;9.3;0.292;25.07;9.2;
2435;2020-04-11 13:00:00;;;;;41.0;50.0;32.1;723.2;0.0;69.0;8.9;0.523;26.05;13.4;
2436;2020-04-11 14:00:00;;;;;60.0;53.0;31.52;722.2;0.0;65.0;8.2;0.537;27.48;15.6;
2437;2020-04-11 15:00:00;;;;;69.0;55.0;31.43;721.2;0.0;62.0;12.8;0.393;28.56;20.7;
2438;2020-04-11 16:00:00;;;;;54.0;57.0;23.84;720.4;0.0;59.0;16.9;0.258;29.27;21.0;
2439;2020-04-11 17:00:00;;;;;49.0;52.0;20.96;719.7;0.0;58.0;7.6;0.144;29.15;20.5;
2440;2020-04-11 18:00:00;;;;;44.0;39.0;17.39;719.5;0.0;59.0;6.3;0.045;28.63;19.4;
2441;2020-04-11 19:00:00;;;;;39.0;29.0;15.7;719.0;0.0;59.0;6.2;0.023;28.28;19.9;
2442;2020-04-11 20:00:00;;;;;37.0;27.0;18.17;718.6;0.0;56.0;6.5;0.007;28.61;23.0;
2443;2020-04-11 21:00:00;;;;;40.0;32.0;21.75;718.5;0.0;58.0;6.7;0.007;28.69;27.9;
2444;2020-04-11 22:00:00;;;;;32.0;40.0;22.72;718.8;0.0;66.0;6.9;0.007;27.43;12.4;
2445;2020-04-11 23:00:00;;;;;24.0;31.0;23.89;719.1;0.0;71.0;7.1;0.007;26.49;7.1;
2446;2020-04-12 00:00:00;;;;;16.0;34.0;23.86;718.8;0.0;76.0;7.1;0.007;25.18;2.9;
2447;2020-04-12 01:00:00;;;;;11.0;34.0;24.02;718.6;0.0;82.0;;0.007;23.73;2.9;
2448;2020-04-12 02:00:00;;;;;8.0;25.0;;718.2;0.0;87.0;8.0;0.007;23.07;4.0;
2449;2020-04-12 03:00:00;;;;;5.0;46.0;33.03;717.8;0.0;89.0;8.5;0.007;22.32;4.6;
2450;2020-04-12 04:00:00;;;;;4.0;43.0;31.84;717.6;0.0;90.0;8.9;0.007;21.93;6.8;
2451;2020-04-12 05:00:00;;;;;3.0;53.0;32.06;717.8;0.0;90.0;9.2;0.008;21.46;3.9;
2452;2020-04-12 06:00:00;;;;;3.0;52.0;27.54;718.0;0.0;90.0;9.5;0.008;20.2;2.9;
2453;2020-04-12 07:00:00;;;;;5.0;49.0;20.39;718.4;0.0;87.0;9.8;0.013;19.5;4.9;
2454;2020-04-12 08:00:00;;;;;14.0;29.0;10.88;719.0;0.0;49.0;10.1;0.113;25.01;6.1;
2455;2020-04-12 09:00:00;;;;;22.0;27.0;9.84;719.5;0.0;33.0;10.5;0.279;30.83;3.6;
2456;2020-04-12 10:00:00;;;;;46.0;38.0;5.23;719.6;0.0;15.0;10.0;0.416;33.97;13.7;
2457;2020-04-12 11:00:00;;;;;55.0;32.0;5.86;719.8;0.0;8.0;8.7;0.523;35.36;25.9;
2458;2020-04-12 12:00:00;;;;;55.0;67.0;9.0;719.6;0.0;7.0;7.4;0.592;35.91;34.0;
2459;2020-04-12 13:00:00;;;;;55.0;122.0;9.02;719.6;0.0;7.0;5.9;0.622;36.05;38.1;
2460;2020-04-12 14:00:00;;;;;;126.0;7.27;719.6;0.0;6.0;5.1;0.613;36.5;38.8;
2461;2020-04-12 15:00:00;;;;;57.0;88.0;11.0;719.5;0.0;5.0;4.4;0.551;36.52;41.9;
2462;2020-04-12 16:00:00;;;;;59.0;113.0;12.3;719.5;0.0;4.0;3.9;0.451;36.38;39.3;
2463;2020-04-12 17:00:00;;;;;57.0;115.0;8.9;719.3;0.0;3.0;3.4;0.333;36.11;39.6;
2464;2020-04-12 18:00:00;;;;;57.0;84.0;8.7;719.8;0.0;3.0;3.3;0.162;35.8;31.5;
2465;2020-04-12 19:00:00;;;;;54.0;73.0;9.57;720.7;0.0;3.0;3.8;0.037;34.57;21.3;
2466;2020-04-12 20:00:00;;;;;44.0;64.0;11.99;722.0;0.0;13.0;3.9;0.008;30.94;11.0;
2467;2020-04-12 21:00:00;;;;;32.0;58.0;11.23;723.2;0.0;24.0;4.6;0.007;28.2;5.0;
2468;2020-04-12 22:00:00;;;;;26.0;42.0;12.07;724.0;0.0;26.0;5.3;0.007;27.13;6.4;
2469;2020-04-12 23:00:00;;;;;55.0;38.0;5.98;724.4;0.0;13.0;6.1;0.007;29.49;23.3;
2470;2020-04-13 00:00:00;;;;;59.0;48.0;4.73;724.6;0.0;11.0;6.5;0.007;29.61;30.4;353.0
2471;2020-04-13 01:00:00;;;;;58.0;36.0;4.57;724.9;0.0;13.0;7.0;0.007;28.65;27.1;353.0
2472;2020-04-13 02:00:00;;;;;57.0;26.0;4.56;725.0;0.0;13.0;7.3;0.007;27.94;26.6;352.0
2473;2020-04-13 03:00:00;;;;;53.0;31.0;4.03;725.1;0.0;13.0;7.7;0.007;26.15;8.3;352.0
2474;2020-04-13 04:00:00;;;;;36.0;24.0;4.99;725.1;0.0;24.0;8.1;0.007;22.81;2.9;352.0
2475;2020-04-13 05:00:00;;;;;24.0;25.0;7.46;725.5;0.0;31.0;9.6;0.007;21.39;7.1;
2476;2020-04-13 06:00:00;;;;;10.0;34.0;8.91;726.1;0.0;39.0;9.7;0.007;19.39;5.6;
2477;2020-04-13 07:00:00;;;;;4.0;36.0;8.9;726.5;0.0;43.0;10.3;0.015;18.45;5.7;
2478;2020-04-13 08:00:00;;;;;8.0;42.0;9.52;727.1;0.0;38.0;11.5;0.114;21.96;5.0;
2479;2020-04-13 09:00:00;;;;;18.0;43.0;11.58;727.4;0.0;29.0;12.2;0.264;25.7;4.7;
2480;2020-04-13 10:00:00;;;;;33.0;61.0;17.21;727.4;0.0;31.0;11.6;0.397;26.97;13.4;
2481;2020-04-13 11:00:00;;;;;53.0;81.0;17.82;727.5;0.0;36.0;10.8;0.506;28.09;27.0;
2482;2020-04-13 12:00:00;;;;;54.0;54.0;16.5;727.4;0.0;36.0;11.8;0.569;28.93;25.8;
2483;2020-04-13 13:00:00;;;;;54.0;48.0;13.93;727.0;0.0;32.0;9.6;0.601;30.06;22.8;
2484;2020-04-13 14:00:00;;;;;53.0;40.0;12.06;726.6;0.0;32.0;7.2;0.587;29.59;30.0;
2485;2020-04-13 15:00:00;;;;;53.0;52.0;10.8;726.2;0.0;30.0;6.4;0.533;29.83;23.4;
2486;2020-04-13 16:00:00;;;;;55.0;40.0;11.01;725.7;0.0;31.0;8.4;0.408;29.6;23.7;
2487;2020-04-13 17:00:00;;;;;58.0;42.0;;725.2;0.0;33.0;7.8;0.306;29.08;25.7;
2488;2020-04-13 18:00:00;;;;;58.0;46.0;10.34;725.2;0.0;34.0;6.4;0.13;28.11;22.5;
2489;2020-04-13 19:00:00;;;;;55.0;40.0;9.86;725.8;0.0;36.0;9.9;0.032;26.9;17.1;
2490;2020-04-13 20:00:00;;;;;54.0;40.0;9.58;726.1;0.0;38.0;12.8;0.008;25.55;21.3;
2491;2020-04-13 21:00:00;;;;;53.0;43.0;9.21;726.4;0.0;40.0;12.8;0.007;24.85;21.3;
2492;2020-04-13 22:00:00;;;;;50.0;38.0;8.9;726.6;0.0;49.0;7.2;0.007;23.6;28.7;
2493;2020-04-13 23:00:00;;;;;47.0;46.0;9.33;726.6;0.0;57.0;7.8;0.007;22.43;27.1;
2494;2020-04-14 00:00:00;;;;;45.0;37.0;10.06;726.6;0.0;66.0;8.3;0.007;21.11;26.1;
2495;2020-04-14 01:00:00;;;;;41.0;33.0;11.25;726.4;0.0;74.0;8.8;0.007;19.7;24.3;
2496;2020-04-14 02:00:00;;;;;38.0;27.0;12.27;726.2;0.0;80.0;9.4;0.007;18.54;23.5;
2497;2020-04-14 03:00:00;;;;;35.0;25.0;13.22;725.9;0.0;85.0;10.0;0.007;17.62;18.4;
2498;2020-04-14 04:00:00;;;;;33.0;27.0;14.08;725.9;0.0;87.0;10.6;0.007;17.28;11.0;
2499;2020-04-14 05:00:00;;;;;31.0;28.0;14.83;726.4;0.0;87.0;10.9;0.007;17.33;8.1;
2500;2020-04-14 06:00:00;;;;;27.0;36.0;14.96;726.8;0.0;85.0;11.3;0.007;17.87;3.9;
2501;2020-04-14 07:00:00;;;;;23.0;34.0;22.14;727.4;0.0;85.0;11.5;0.011;18.05;9.9;
2502;2020-04-14 08:00:00;;;;;24.0;46.0;20.65;728.3;0.0;86.0;11.6;0.022;18.05;10.2;
2503;2020-04-14 09:00:00;;;;;24.0;50.0;17.43;729.0;0.0;86.0;11.4;0.06;18.21;11.8;
2504;2020-04-14 10:00:00;;;;;25.0;32.0;11.89;729.6;0.0;84.0;11.4;0.096;17.86;16.9;
2505;2020-04-14 11:00:00;;;;;29.0;20.0;11.98;729.9;0.0;79.0;11.3;0.098;18.1;15.6;
2506;2020-04-14 12:00:00;;;;;30.0;28.0;9.11;729.9;0.0;75.0;11.4;0.221;18.55;13.5;
2507;2020-04-14 13:00:00;;;;;39.0;29.0;7.92;729.3;0.0;65.0;11.3;0.359;20.61;13.5;
2508;2020-04-14 14:00:00;;;;;42.0;23.0;7.9;728.7;0.0;63.0;11.0;0.257;20.73;15.9;
2509;2020-04-14 15:00:00;;;;;41.0;24.0;8.43;728.0;0.0;65.0;10.4;0.103;19.94;17.9;
2510;2020-04-14 16:00:00;;;;;37.0;25.0;11.37;727.7;0.0;74.0;10.0;0.064;19.07;16.5;
2511;2020-04-14 17:00:00;;;;;37.0;32.0;15.57;727.5;0.0;82.0;10.4;0.055;18.08;14.2;
2512;2020-04-14 18:00:00;;;;;39.0;30.0;10.38;727.8;0.0;78.0;10.4;0.028;18.4;13.5;
2513;2020-04-14 19:00:00;;;;;25.0;27.0;12.79;728.5;0.0;83.0;10.6;0.011;17.43;12.9;
2514;2020-04-14 20:00:00;;;;;30.0;20.0;10.29;729.1;0.0;88.0;10.9;0.007;15.85;14.5;
2515;2020-04-14 21:00:00;;;;;31.0;14.0;10.5;729.6;0.0;88.0;11.1;0.007;15.48;10.4;
2516;2020-04-14 22:00:00;;;;;40.0;15.0;10.21;730.0;0.0;86.0;11.2;0.007;15.76;15.0;
2517;2020-04-14 23:00:00;;;;;42.0;15.0;12.81;730.3;0.0;84.0;14.8;0.007;15.95;14.6;
2518;2020-04-15 00:00:00;;;;;40.0;25.0;11.77;730.4;0.0;81.0;14.9;0.007;15.88;15.0;
2519;2020-04-15 01:00:00;;;;;41.0;22.0;9.4;730.4;0.0;83.0;11.9;0.007;15.25;16.5;
2520;2020-04-15 02:00:00;;;;;38.0;12.0;6.22;730.4;0.0;87.0;11.4;0.007;14.45;12.1;
2521;2020-04-15 03:00:00;;;;;41.0;8.0;;730.1;0.02;86.0;11.5;0.008;14.03;17.7;
2522;2020-04-15 04:00:00;;;;;43.0;14.0;10.56;730.1;0.0;87.0;11.3;0.008;13.45;12.8;
2523;2020-04-15 05:00:00;;;;;38.0;18.0;11.0;730.3;0.04;91.0;11.2;0.009;13.06;10.8;
2524;2020-04-15 06:00:00;;;;;35.0;11.0;;730.5;0.08;93.0;11.1;0.008;12.31;15.3;
2525;2020-04-15 07:00:00;;;;;33.0;16.0;10.48;730.9;0.13;94.0;11.0;0.01;11.98;15.7;
2526;2020-04-15 08:00:00;;;;;35.0;13.0;8.71;731.2;0.02;94.0;11.1;0.026;11.95;14.7;
2527;2020-04-15 09:00:00;;;;;32.0;10.0;8.89;731.6;0.0;94.0;11.6;0.055;12.12;14.3;
2528;2020-04-15 10:00:00;;;;;31.0;10.0;8.63;731.9;0.0;93.0;11.6;0.101;12.53;15.1;
2529;2020-04-15 11:00:00;;;;;29.0;9.0;;732.0;0.0;91.0;11.2;0.067;12.88;13.8;
2530;2020-04-15 12:00:00;;;;;24.0;12.0;;731.7;0.0;90.0;12.1;0.041;12.7;9.6;
2531;2020-04-15 13:00:00;;;;;28.0;23.0;;731.2;0.0;90.0;20.4;0.071;12.82;12.4;
2532;2020-04-15 14:00:00;;;;;30.0;33.0;29.18;730.5;0.0;89.0;16.5;0.094;13.29;12.0;
2533;2020-04-15 15:00:00;;;;;30.0;43.0;21.02;729.9;9.02;86.0;12.6;0.231;14.46;13.2;
2534;2020-04-15 16:00:00;;;;;33.0;;;;;;;0.0;;;
2535;2020-04-15 17:00:00;;;;;;;;;;;;0.0;;;
2536;2020-04-15 18:00:00;;;;;33.0;12.0;9.97;728.6;0.0;74.0;11.4;0.103;16.73;10.2;
2537;2020-04-15 19:00:00;;;;;29.0;13.0;9.92;728.6;0.0;77.0;11.3;0.031;16.18;6.9;
2538;2020-04-15 20:00:00;;;;;28.0;17.0;9.96;728.9;0.0;78.0;11.2;0.007;15.71;12.4;
2539;2020-04-15 21:00:00;;;;;29.0;19.0;9.88;729.0;0.0;78.0;11.2;0.007;15.68;7.5;
2540;2020-04-15 22:00:00;;;;;27.0;14.0;11.15;729.4;0.0;78.0;11.3;0.007;15.68;6.0;
2541;2020-04-15 23:00:00;;;;;29.0;19.0;10.09;729.6;0.0;79.0;11.2;0.007;15.46;9.8;
2542;2020-04-16 00:00:00;;;;;27.0;14.0;9.58;729.4;0.0;79.0;11.4;0.007;15.56;6.6;
2543;2020-04-16 01:00:00;;;;;32.0;12.0;9.1;729.0;0.0;77.0;11.4;0.007;15.7;8.3;
2544;2020-04-16 02:00:00;;;;;34.0;10.0;7.59;728.7;0.0;79.0;11.3;0.007;15.31;9.5;
2545;2020-04-16 03:00:00;;;;;34.0;11.0;6.28;728.2;0.0;79.0;11.5;0.007;15.48;9.4;
2546;2020-04-16 04:00:00;;;;;33.0;11.0;5.41;728.2;0.0;80.0;11.4;0.007;15.19;11.9;
2547;2020-04-16 05:00:00;;;;;25.0;13.0;7.27;728.4;0.0;83.0;11.3;0.007;14.55;10.6;
2548;2020-04-16 06:00:00;;;;;15.0;11.0;10.65;728.7;0.0;88.0;11.3;0.007;14.06;16.1;
2549;2020-04-16 07:00:00;;;;;13.0;14.0;11.68;729.0;0.02;93.0;11.5;0.012;13.58;22.6;
2550;2020-04-16 08:00:00;;;;;15.0;12.0;6.19;729.7;0.0;94.0;11.4;0.04;13.84;13.1;
2551;2020-04-16 09:00:00;;;;;15.0;9.0;6.07;730.2;0.0;93.0;11.4;0.054;14.31;7.4;
2552;2020-04-16 10:00:00;;;;;18.0;9.0;5.8;730.4;0.0;91.0;;0.079;14.85;10.5;
2553;2020-04-16 11:00:00;;;;;20.0;10.0;6.01;730.3;0.0;89.0;;0.082;15.5;12.9;
2554;2020-04-16 12:00:00;;;;;26.0;10.0;5.06;730.0;0.0;86.0;;0.148;16.23;16.1;
2555;2020-04-16 13:00:00;;;;;30.0;7.0;4.71;729.5;0.0;82.0;11.5;0.172;17.18;16.4;
2556;2020-04-16 14:00:00;;;;;33.0;10.0;5.27;729.0;0.0;79.0;11.3;0.213;18.0;17.6;
2557;2020-04-16 15:00:00;;;;;33.0;13.0;5.25;728.7;0.0;79.0;11.5;0.234;18.48;19.8;
2558;2020-04-16 16:00:00;;;;;34.0;11.0;4.59;728.0;0.0;76.0;11.4;0.275;19.37;24.5;
2559;2020-04-16 17:00:00;;;;;32.0;14.0;4.39;727.7;0.0;79.0;11.4;0.18;18.69;30.0;
2560;2020-04-16 18:00:00;;;;;32.0;11.0;3.95;727.4;0.0;83.0;11.5;0.084;18.01;27.5;
2561;2020-04-16 19:00:00;;;;;34.0;13.0;3.39;727.5;0.0;84.0;11.4;0.029;17.65;20.5;
2562;2020-04-16 20:00:00;;;;;30.0;8.0;3.58;727.8;0.0;86.0;11.4;0.007;17.44;15.7;
2563;2020-04-16 21:00:00;;;;;26.0;6.0;5.12;728.1;0.0;86.0;;0.007;17.35;15.2;
2564;2020-04-16 22:00:00;;;;;24.0;10.0;5.52;728.2;0.0;87.0;11.3;0.007;17.38;13.9;
2565;2020-04-16 23:00:00;;;;;23.0;12.0;6.22;728.3;0.0;88.0;11.4;0.007;17.28;16.3;
2566;2020-04-17 00:00:00;;;;;21.0;12.0;6.74;728.1;0.0;89.0;11.2;0.007;17.15;10.4;
2567;2020-04-17 01:00:00;;;;;22.0;9.0;5.73;727.6;0.0;90.0;11.0;0.007;17.01;7.7;
2568;2020-04-17 02:00:00;;;;;21.0;6.0;5.61;727.4;0.0;89.0;10.9;0.007;17.05;5.0;
2569;2020-04-17 03:00:00;;;;;17.0;6.0;;726.9;0.0;89.0;11.0;0.007;17.28;5.6;
2570;2020-04-17 04:00:00;;;;;15.0;12.0;11.64;726.3;0.0;88.0;11.0;0.007;17.4;3.0;
2571;2020-04-17 05:00:00;;;;;13.0;17.0;12.38;726.2;0.0;88.0;10.9;0.007;17.5;4.4;
2572;2020-04-17 06:00:00;;;;;7.0;20.0;16.72;726.2;0.0;88.0;11.2;0.007;17.64;4.5;
2573;2020-04-17 07:00:00;;;;;4.0;20.0;17.95;726.3;0.0;89.0;11.1;0.018;17.35;3.8;
2574;2020-04-17 08:00:00;;;;;6.0;30.0;19.44;726.6;0.0;86.0;11.3;0.082;18.99;3.1;
2575;2020-04-17 09:00:00;;;;;10.0;36.0;24.51;727.0;0.0;75.0;11.5;0.136;20.24;6.4;
2576;2020-04-17 10:00:00;;;;;14.0;46.0;21.91;727.1;0.0;70.0;12.1;0.185;21.44;7.9;
2577;2020-04-17 11:00:00;;;;;19.0;37.0;29.36;727.2;0.0;64.0;16.0;0.453;23.17;11.2;
2578;2020-04-17 12:00:00;;;;;41.0;48.0;33.13;726.8;0.0;58.0;15.1;0.558;25.58;9.9;
2579;2020-04-17 13:00:00;;;;;59.0;65.0;33.27;726.3;0.0;55.0;10.8;0.553;26.68;11.7;
2580;2020-04-17 14:00:00;;;;;76.0;54.0;26.76;726.0;0.0;52.0;9.4;0.437;27.65;12.3;
2581;2020-04-17 15:00:00;;;;;84.0;64.0;18.2;725.7;0.0;47.0;8.5;0.577;29.38;16.3;
2582;2020-04-17 16:00:00;;;;;81.0;50.0;15.76;725.5;0.0;46.0;8.2;0.436;30.4;14.4;
2583;2020-04-17 17:00:00;;;;;62.0;39.0;13.77;725.4;0.0;51.0;9.3;0.291;30.13;18.1;
2584;2020-04-17 18:00:00;;;;;47.0;39.0;13.36;725.6;0.0;60.0;8.2;0.059;27.89;20.7;
2585;2020-04-17 19:00:00;;;;;40.0;34.0;11.98;726.2;0.0;64.0;10.0;0.026;26.68;17.7;
2586;2020-04-17 20:00:00;;;;;35.0;30.0;9.78;726.5;0.0;69.0;12.1;0.008;25.57;17.4;
2587;2020-04-17 21:00:00;;;;;32.0;18.0;10.27;726.9;0.0;73.0;8.4;0.007;24.92;13.6;
2588;2020-04-17 22:00:00;;;;;26.0;21.0;14.08;727.4;0.0;76.0;8.3;0.007;23.92;7.1;
2589;2020-04-17 23:00:00;;;;;28.0;23.0;14.29;727.4;0.0;75.0;9.9;0.007;23.91;9.5;
2590;2020-04-18 00:00:00;;;;;28.0;24.0;9.54;727.3;0.0;77.0;10.3;0.007;23.58;5.4;
2591;2020-04-18 01:00:00;;;;;22.0;19.0;11.9;727.1;0.0;81.0;9.0;0.007;22.85;3.3;
2592;2020-04-18 02:00:00;;;;;24.0;18.0;12.25;727.0;0.0;82.0;9.1;0.007;22.75;3.2;
2593;2020-04-18 03:00:00;;;;;10.0;18.0;14.0;726.6;0.0;80.0;9.0;0.007;22.85;3.6;
2594;2020-04-18 04:00:00;;;;;14.0;28.0;12.76;726.3;0.0;81.0;9.0;0.007;22.46;4.9;
2595;2020-04-18 05:00:00;;;;;17.0;32.0;8.89;726.3;0.0;80.0;8.9;0.007;22.12;5.3;
2596;2020-04-18 06:00:00;;;;;19.0;18.0;8.26;726.6;0.0;80.0;8.9;0.007;22.06;4.6;
2597;2020-04-18 07:00:00;;;;;14.0;11.0;9.14;726.6;0.0;82.0;9.1;0.012;21.73;3.0;
2598;2020-04-18 08:00:00;;;;;13.0;20.0;10.16;727.1;0.0;82.0;9.4;0.039;22.22;3.3;
2599;2020-04-18 09:00:00;;;;;16.0;21.0;11.6;727.4;0.0;76.0;9.5;0.096;23.45;4.0;
2600;2020-04-18 10:00:00;;;;;23.0;28.0;13.9;727.4;0.0;71.0;9.2;0.17;24.85;5.4;
2601;2020-04-18 11:00:00;;;;;34.0;32.0;17.29;727.3;0.0;71.0;9.0;0.138;25.4;11.0;
2602;2020-04-18 12:00:00;;;;;38.0;42.0;15.64;726.9;0.0;69.0;9.2;0.241;26.25;15.5;
2603;2020-04-18 13:00:00;;;;;40.0;34.0;16.04;726.2;0.0;66.0;10.6;0.29;26.98;18.9;
2604;2020-04-18 14:00:00;;;;;39.0;36.0;13.13;725.2;0.0;64.0;7.9;0.398;27.58;19.4;
2605;2020-04-18 15:00:00;;;;;39.0;28.0;14.95;724.4;0.0;61.0;7.3;0.485;28.63;22.0;
2606;2020-04-18 16:00:00;;;;;38.0;24.0;16.26;723.7;0.0;59.0;6.5;0.35;28.88;23.8;
2607;2020-04-18 17:00:00;;;;;37.0;24.0;13.87;723.1;0.0;58.0;5.9;0.14;28.48;20.0;
2608;2020-04-18 18:00:00;;;;;37.0;27.0;12.75;722.5;0.0;57.0;5.7;0.13;28.48;16.6;
2609;2020-04-18 19:00:00;;;;;35.0;19.0;12.59;722.3;0.0;59.0;5.9;0.03;27.79;18.9;
2610;2020-04-18 20:00:00;;;;;34.0;16.0;13.91;722.4;0.0;60.0;6.2;0.007;27.23;15.2;
2611;2020-04-18 21:00:00;;;;;28.0;24.0;22.01;722.8;0.0;66.0;6.4;0.007;26.0;16.4;
2612;2020-04-18 22:00:00;;;;;21.0;36.0;27.85;723.1;0.0;72.0;6.8;0.007;24.88;10.9;
2613;2020-04-18 23:00:00;;;;;22.0;47.0;25.58;723.1;0.0;74.0;7.3;0.007;24.73;11.4;
2614;2020-04-19 00:00:00;;;;;19.0;39.0;23.97;722.7;0.0;81.0;7.6;0.007;23.56;8.8;
2615;2020-04-19 01:00:00;;;;;15.0;35.0;22.44;722.3;0.0;84.0;7.9;0.007;22.81;3.1;
2616;2020-04-19 02:00:00;;;;;11.0;35.0;20.86;722.0;0.0;86.0;8.2;0.007;22.3;2.9;
2617;2020-04-19 03:00:00;;;;;11.0;28.0;21.45;721.4;0.0;87.0;8.4;0.007;22.31;6.4;
2618;2020-04-19 04:00:00;;;;;13.0;30.0;21.43;721.0;0.0;87.0;8.9;0.007;22.4;9.1;
2619;2020-04-19 05:00:00;;;;;14.0;28.0;25.79;720.9;0.0;83.0;9.8;0.007;22.56;10.1;
2620;2020-04-19 06:00:00;;;;;10.0;39.0;26.18;721.0;0.0;86.0;9.8;0.007;21.76;4.3;
2621;2020-04-19 07:00:00;;;;;11.0;30.0;25.46;721.6;0.0;84.0;;0.019;22.29;4.9;
2622;2020-04-19 08:00:00;;;;;12.0;34.0;23.37;722.5;0.0;75.0;10.1;0.127;24.52;6.0;
2623;2020-04-19 09:00:00;;;;;25.0;31.0;21.69;723.0;0.0;60.0;10.3;0.27;27.5;7.5;
2624;2020-04-19 10:00:00;;;;;37.0;41.0;21.02;723.4;0.0;49.0;9.8;0.342;30.46;6.5;
2625;2020-04-19 11:00:00;;;;;48.0;52.0;21.92;723.5;0.0;46.0;8.6;0.357;31.06;10.1;
2626;2020-04-19 12:00:00;;;;;33.0;53.0;8.1;723.0;0.0;19.0;7.4;0.5;35.71;18.8;
2627;2020-04-19 13:00:00;;;;;32.0;34.0;6.07;722.2;0.0;14.0;6.3;0.574;37.14;26.2;
2628;2020-04-19 14:00:00;;;;;45.0;40.0;8.28;721.7;0.0;19.0;5.4;0.58;36.42;16.1;
2629;2020-04-19 15:00:00;;;;;43.0;35.0;13.87;721.1;0.0;33.0;4.6;0.513;35.35;26.1;
2630;2020-04-19 16:00:00;;;;;44.0;51.0;14.62;720.7;0.0;33.0;4.4;0.424;35.16;23.4;
2631;2020-04-19 17:00:00;;;;;46.0;37.0;11.56;720.3;0.0;27.0;3.8;0.305;34.67;28.0;
2632;2020-04-19 18:00:00;;;;;46.0;42.0;9.82;720.6;0.0;27.0;3.5;0.139;33.66;27.1;
2633;2020-04-19 19:00:00;;;;;45.0;29.0;8.92;721.3;0.0;28.0;3.5;0.041;32.35;23.5;
2634;2020-04-19 20:00:00;;;;;45.0;29.0;7.86;722.0;0.0;29.0;3.7;0.008;31.11;21.7;
2635;2020-04-19 21:00:00;;;;;47.0;31.0;7.06;722.7;0.0;28.0;4.3;0.007;30.7;20.5;
2636;2020-04-19 22:00:00;;;;;48.0;21.0;6.55;723.2;0.0;28.0;4.7;0.007;30.33;17.1;
2637;2020-04-19 23:00:00;;;;;52.0;21.0;6.01;723.6;0.0;26.0;5.3;0.007;30.24;15.4;
2638;2020-04-20 00:00:00;;;;;51.0;18.0;6.07;723.4;0.0;25.0;5.6;0.007;30.05;15.3;355.0
2639;2020-04-20 01:00:00;;;;;47.0;74.0;6.67;723.3;0.0;28.0;6.1;0.007;28.84;11.7;356.0
2640;2020-04-20 02:00:00;;;;;38.0;26.0;8.52;723.0;0.0;35.0;6.5;0.007;26.72;12.4;354.0
2641;2020-04-20 03:00:00;;;;;41.0;34.0;8.7;722.9;0.0;34.0;6.8;0.007;26.43;13.7;350.0
2642;2020-04-20 04:00:00;;;;;33.0;36.0;7.96;722.9;0.0;43.0;7.3;0.007;24.33;7.0;5.0
2643;2020-04-20 05:00:00;;;;;22.0;23.0;8.42;723.1;0.0;51.0;7.7;0.007;22.44;5.5;7.0
2644;2020-04-20 06:00:00;;;;;14.0;23.0;9.05;723.5;0.0;55.0;8.2;0.007;21.85;6.8;7.0
2645;2020-04-20 07:00:00;;;;;7.0;25.0;11.0;723.8;0.0;55.0;9.0;0.02;21.59;6.6;7.0
2646;2020-04-20 08:00:00;;;;;9.0;38.0;14.85;724.4;0.0;49.0;9.9;0.123;25.01;5.1;2.0
2647;2020-04-20 09:00:00;;;;;30.0;62.0;13.09;724.8;0.0;37.0;11.5;0.275;28.54;5.9;4.0
2648;2020-04-20 10:00:00;;;;;39.0;41.0;18.08;725.3;0.0;36.0;10.8;0.393;29.53;9.6;352.0
2649;2020-04-20 11:00:00;;;;;67.0;68.0;19.07;725.5;0.0;34.0;9.3;0.493;31.6;8.7;353.0
2650;2020-04-20 12:00:00;;;;;67.0;61.0;18.66;725.0;0.0;33.0;7.8;0.564;32.82;16.6;353.0
2651;2020-04-20 13:00:00;;;;;59.0;53.0;16.15;724.6;0.0;30.0;6.2;0.594;33.75;20.9;352.0
2652;2020-04-20 14:00:00;;;;;53.0;36.0;17.21;724.0;0.0;31.0;5.3;0.576;34.58;22.8;353.0
2653;2020-04-20 15:00:00;;;;;51.0;37.0;18.07;723.4;0.0;31.0;4.5;0.518;35.32;20.3;353.0
2654;2020-04-20 16:00:00;;;;;51.0;32.0;15.65;722.7;0.0;25.0;4.5;0.428;35.96;19.4;353.0
2655;2020-04-20 17:00:00;;;;;52.0;29.0;12.21;722.3;0.0;21.0;4.9;0.314;36.05;21.4;
2656;2020-04-20 18:00:00;;;;;49.0;30.0;12.53;722.1;0.0;21.0;4.1;0.147;35.76;19.0;354.0
2657;2020-04-20 19:00:00;;;;;44.0;52.0;15.93;722.3;0.0;27.0;4.2;0.033;33.54;23.3;353.0
2658;2020-04-20 20:00:00;;;;;44.0;48.0;18.58;722.7;0.0;34.0;4.5;0.008;31.16;28.8;353.0
2659;2020-04-20 21:00:00;;;;;43.0;48.0;23.25;723.2;0.0;41.0;5.4;0.007;29.79;27.4;353.0
2660;2020-04-20 22:00:00;;;;;41.0;52.0;28.66;723.7;0.0;50.0;6.3;0.007;28.52;26.3;
2661;2020-04-20 23:00:00;;;;;41.0;52.0;33.74;723.9;0.0;54.0;7.1;0.007;27.93;16.7;
2662;2020-04-21 00:00:00;;;;;35.0;64.0;40.86;724.1;0.0;68.0;7.9;0.007;26.07;17.8;353.0
2663;2020-04-21 01:00:00;;;;;31.0;67.0;45.47;724.0;0.0;78.0;8.3;0.007;24.54;18.8;352.0
2664;2020-04-21 02:00:00;;;;;29.0;70.0;46.33;723.8;0.0;83.0;8.8;0.007;23.66;15.4;352.0
2665;2020-04-21 03:00:00;;;;;29.0;69.0;46.12;723.6;0.0;85.0;9.3;0.007;23.18;9.4;352.0
2666;2020-04-21 04:00:00;;;;;27.0;70.0;46.94;723.5;0.0;86.0;9.7;0.007;22.84;7.1;
2667;2020-04-21 05:00:00;;;;;27.0;66.0;45.63;723.8;0.0;86.0;9.9;0.007;22.88;6.1;351.0
2668;2020-04-21 06:00:00;;;;;25.0;66.0;44.12;724.2;0.0;83.0;10.2;0.007;23.3;3.7;351.0
2669;2020-04-21 07:00:00;;;;;15.0;84.0;53.33;724.6;0.0;83.0;10.6;0.013;23.57;7.6;352.0
2670;2020-04-21 08:00:00;;;;;14.0;79.0;58.55;725.0;0.0;83.0;10.6;0.061;23.93;7.2;352.0
2671;2020-04-21 09:00:00;;;;;20.0;105.0;56.32;725.3;0.0;75.0;;0.191;25.31;6.9;352.0
2672;2020-04-21 10:00:00;;;;;30.0;94.0;50.93;725.5;0.0;69.0;10.2;0.347;26.57;11.1;
2673;2020-04-21 11:00:00;;;;;40.0;84.0;49.52;725.7;0.0;65.0;9.0;0.465;27.68;11.8;
2674;2020-04-21 12:00:00;;;;;52.0;80.0;49.09;725.5;0.0;61.0;8.1;0.546;28.73;13.2;
2675;2020-04-21 13:00:00;;;;;55.0;81.0;46.51;724.9;0.0;59.0;6.6;0.578;29.67;18.0;
2676;2020-04-21 14:00:00;;;;;46.0;85.0;43.2;724.5;0.0;55.0;5.8;0.557;30.82;21.4;353.0
2677;2020-04-21 15:00:00;;;;;43.0;81.0;41.1;723.9;0.0;51.0;5.4;0.511;32.11;23.1;353.0
2678;2020-04-21 16:00:00;;;;;45.0;78.0;38.75;723.3;0.0;48.0;4.8;0.395;32.86;26.2;353.0
2679;2020-04-21 17:00:00;;;;;42.0;61.0;38.84;722.9;0.0;49.0;4.5;0.259;32.88;24.3;
2680;2020-04-21 18:00:00;;;;;38.0;62.0;37.69;722.8;0.0;50.0;4.9;0.125;32.18;23.8;
2681;2020-04-21 19:00:00;;;;;36.0;63.0;35.93;722.8;0.0;53.0;4.9;0.043;31.18;23.2;
2682;2020-04-21 20:00:00;;;;;36.0;66.0;35.76;723.0;0.0;59.0;5.6;0.007;29.72;25.8;
2683;2020-04-21 21:00:00;;;;;36.0;57.0;37.49;723.4;0.0;62.0;6.0;0.007;28.87;24.7;
2684;2020-04-21 22:00:00;;;;;34.0;58.0;40.0;723.9;0.0;71.0;6.5;0.007;27.41;30.6;
2685;2020-04-21 23:00:00;;;;;32.0;57.0;41.41;724.2;0.0;78.0;7.1;0.007;26.18;26.0;
2686;2020-04-22 00:00:00;;;;;32.0;56.0;41.09;723.7;0.0;85.0;7.5;0.007;24.85;24.4;352.0
2687;2020-04-22 01:00:00;;;;;31.0;60.0;43.42;723.3;0.0;84.0;8.0;0.007;25.04;19.0;352.0
2688;2020-04-22 02:00:00;;;;;30.0;61.0;43.46;722.8;0.0;84.0;8.5;0.007;24.97;14.6;351.0
2689;2020-04-22 03:00:00;;;;;29.0;60.0;43.9;722.5;0.0;87.0;8.9;0.007;24.69;10.5;351.0
2690;2020-04-22 04:00:00;;;;;27.0;60.0;42.01;722.1;0.0;88.0;9.0;0.007;24.55;10.8;351.0
2691;2020-04-22 05:00:00;;;;;28.0;52.0;39.81;722.1;0.0;88.0;8.9;0.007;24.33;11.1;
2692;2020-04-22 06:00:00;;;;;25.0;41.0;;722.1;0.0;88.0;8.9;0.007;24.33;9.7;
2693;2020-04-22 07:00:00;;;;;20.0;69.0;46.06;722.1;0.0;89.0;;0.016;24.09;10.7;
2694;2020-04-22 08:00:00;;;;;17.0;74.0;46.49;722.3;0.0;88.0;9.0;0.066;24.64;7.7;352.0
2695;2020-04-22 09:00:00;;;;;20.0;111.0;49.67;722.4;0.0;82.0;9.2;0.147;25.99;7.1;351.0
2696;2020-04-22 10:00:00;;;;;25.0;92.0;51.18;722.3;0.0;73.0;10.7;0.269;27.68;5.9;352.0
2697;2020-04-22 11:00:00;;;;;44.0;75.0;49.82;722.5;0.0;63.0;9.4;0.358;29.65;7.2;358.0
2698;2020-04-22 12:00:00;;;;;75.0;85.0;49.54;722.0;0.0;57.0;7.8;0.458;31.03;9.1;353.0
2699;2020-04-22 13:00:00;;;;;96.0;91.0;48.66;721.2;0.0;50.0;7.0;0.522;32.83;11.6;357.0
2700;2020-04-22 14:00:00;;;;;88.0;89.0;45.09;720.4;0.0;51.0;6.1;0.426;33.25;17.0;353.0
2701;2020-04-22 15:00:00;;;;;78.0;79.0;42.25;719.9;0.0;49.0;5.4;0.453;34.46;19.3;6.0
2702;2020-04-22 16:00:00;;;;;80.0;61.0;38.13;719.5;0.0;41.0;4.8;0.372;35.86;19.4;6.0
2703;2020-04-22 17:00:00;;;;;69.0;61.0;36.59;719.4;0.0;40.0;7.4;0.207;35.25;19.7;355.0
2704;2020-04-22 18:00:00;;;;;63.0;52.0;38.44;719.3;0.0;40.0;10.3;0.12;34.97;15.9;2.0
2705;2020-04-22 19:00:00;;;;;54.0;60.0;36.21;719.5;0.0;39.0;14.0;0.023;33.79;14.0;357.0
2706;2020-04-22 20:00:00;;;;;38.0;69.0;36.92;719.8;0.0;49.0;5.4;0.008;32.35;16.3;8.0
2707;2020-04-22 21:00:00;;;;;36.0;74.0;36.72;720.2;0.0;51.0;5.9;0.007;31.47;12.6;9.0
2708;2020-04-22 22:00:00;;;;;37.0;94.0;36.6;720.8;0.0;54.0;6.4;0.007;30.73;8.2;5.0
2709;2020-04-22 23:00:00;;;;;39.0;86.0;35.31;720.8;0.0;53.0;10.5;0.007;30.54;13.4;5.0
2710;2020-04-23 00:00:00;;;;;38.0;81.0;36.62;721.0;0.0;56.0;12.6;0.007;29.79;14.4;1.0
2711;2020-04-23 01:00:00;;;;;33.0;67.0;40.63;721.1;0.0;62.0;8.9;0.007;28.55;11.2;1.0
2712;2020-04-23 02:00:00;;;;;27.0;78.0;45.18;721.2;0.0;68.0;9.4;0.007;27.29;8.4;54.0
2713;2020-04-23 03:00:00;;;;;19.0;70.0;47.6;720.8;0.0;74.0;9.6;0.007;26.24;3.4;102.0
2714;2020-04-23 04:00:00;;;;;20.0;67.0;45.07;720.7;0.0;71.0;9.8;0.007;26.62;5.6;10.0
2715;2020-04-23 05:00:00;;;;;19.0;72.0;47.99;721.6;0.0;69.0;10.4;0.007;27.03;6.9;345.0
2716;2020-04-23 06:00:00;;;;;33.0;55.0;31.59;722.5;0.0;69.0;10.3;0.007;26.21;5.7;354.0
2717;2020-04-23 07:00:00;;;;;39.0;53.0;15.31;723.7;0.0;65.0;9.9;0.01;25.4;6.3;352.0
2718;2020-04-23 08:00:00;;;;;34.0;35.0;21.72;724.4;0.06;67.0;9.8;0.035;24.85;6.3;354.0
2719;2020-04-23 09:00:00;;;;;30.0;42.0;23.96;724.7;0.0;67.0;9.6;0.16;25.58;9.3;354.0
2720;2020-04-23 10:00:00;;;;;40.0;40.0;19.97;725.0;0.0;40.0;9.7;0.448;30.76;7.9;353.0
2721;2020-04-23 11:00:00;;;;;56.0;58.0;15.75;725.1;0.0;27.0;9.1;0.529;32.2;8.7;353.0
2722;2020-04-23 12:00:00;;;;;64.0;37.0;14.74;724.8;0.0;22.0;8.0;0.581;33.39;9.8;355.0
2723;2020-04-23 13:00:00;;;;;68.0;39.0;12.54;724.1;0.0;19.0;6.7;0.602;33.96;12.4;355.0
2724;2020-04-23 14:00:00;;;;;70.0;36.0;11.93;723.6;0.0;17.0;5.8;0.589;34.91;11.4;353.0
2725;2020-04-23 15:00:00;;;;;73.0;32.0;11.42;722.8;0.0;15.0;5.1;0.534;35.74;10.1;353.0
2726;2020-04-23 16:00:00;;;;;76.0;31.0;11.67;722.0;0.0;15.0;4.8;0.442;35.99;13.1;353.0
2727;2020-04-23 17:00:00;;;;;82.0;36.0;13.24;721.4;0.0;16.0;4.7;0.315;35.96;13.9;355.0
2728;2020-04-23 18:00:00;;;;;78.0;34.0;13.24;721.2;0.0;18.0;5.3;0.149;35.09;17.9;360.0
2729;2020-04-23 19:00:00;;;;;59.0;26.0;7.77;721.5;0.0;17.0;8.4;0.032;33.08;21.9;7.0
2730;2020-04-23 20:00:00;;;;;56.0;25.0;7.63;721.6;0.0;17.0;6.4;0.008;31.64;18.4;5.0
2731;2020-04-23 21:00:00;;;;;57.0;21.0;6.97;722.3;0.0;18.0;6.5;0.007;30.89;14.6;9.0
2732;2020-04-23 22:00:00;;;;;58.0;17.0;6.11;722.8;0.0;18.0;6.8;0.007;30.64;13.5;9.0
2733;2020-04-23 23:00:00;;;;;59.0;18.0;6.53;722.9;0.0;18.0;7.5;0.007;30.49;13.5;5.0
2734;2020-04-24 00:00:00;;;;;52.0;46.8;16.75;723.2;0.0;34.0;8.4;0.007;28.81;23.7;358.0
2735;2020-04-24 01:00:00;;;;;46.0;56.27;29.29;723.3;0.0;50.0;8.9;0.007;26.4;23.5;353.0
2736;2020-04-24 02:00:00;;;;;45.0;52.17;27.15;723.3;0.0;52.0;9.9;0.007;25.7;14.6;352.0
2737;2020-04-24 03:00:00;;;;;39.0;78.61;37.99;723.2;0.0;70.0;10.3;0.007;23.82;8.2;352.0
2738;2020-04-24 04:00:00;;;;;33.0;71.69;39.7;723.3;0.0;74.0;10.6;0.007;22.73;3.6;352.0
2739;2020-04-24 05:00:00;;;;;20.0;64.17;38.43;723.6;0.0;79.0;11.0;0.007;21.46;2.9;
2740;2020-04-24 06:00:00;;;;;10.0;59.96;36.98;723.6;0.0;80.0;11.7;0.007;20.84;2.9;
2741;2020-04-24 07:00:00;;;;;8.0;63.23;36.13;723.8;0.0;76.0;11.6;0.025;21.3;3.5;
2742;2020-04-24 08:00:00;;;;;16.0;64.72;27.19;724.5;0.0;52.0;12.3;0.141;24.58;6.4;358.0
2743;2020-04-24 09:00:00;;;;;22.0;84.88;33.44;724.7;0.0;48.0;14.1;0.278;26.71;8.3;353.0
2744;2020-04-24 10:00:00;;;;;28.0;126.05;54.0;724.8;0.0;50.0;18.8;0.402;28.76;5.4;354.0
2745;2020-04-24 11:00:00;;;;;47.0;111.0;48.18;724.7;0.0;41.0;16.5;0.513;30.87;7.3;353.0
2746;2020-04-24 12:00:00;0.29;;;;89.0;102.05;47.44;724.4;0.0;38.0;12.2;0.578;32.39;11.6;352.0
2747;2020-04-24 13:00:00;0.32;;;;137.0;89.56;43.68;723.8;0.0;33.0;11.6;0.61;33.97;15.9;351.0
2748;2020-04-24 14:00:00;;;;;111.0;65.89;25.45;723.2;0.0;21.0;11.7;0.605;36.03;18.4;352.0
2749;2020-04-24 15:00:00;;;;;81.0;36.04;13.49;722.5;0.0;13.0;11.5;0.544;37.49;16.5;
2750;2020-04-24 16:00:00;;;;;90.0;44.09;20.79;721.8;0.0;14.0;14.8;0.435;38.23;15.3;
2751;2020-04-24 17:00:00;;;;;94.0;48.82;25.02;721.1;0.0;14.0;18.3;0.309;38.18;16.9;
2752;2020-04-24 18:00:00;;;;;81.0;34.88;16.26;720.8;0.0;14.0;13.4;0.15;37.72;16.6;
2753;2020-04-24 19:00:00;;;;;61.0;31.98;13.17;721.0;0.0;15.0;11.6;0.03;36.21;15.0;
2754;2020-04-24 20:00:00;;;;;56.0;27.18;12.2;721.3;0.0;15.0;11.0;0.008;34.96;15.8;
2755;2020-04-24 21:00:00;;;;;49.0;38.47;15.23;721.9;0.0;18.0;11.2;0.007;33.88;13.4;
2756;2020-04-24 22:00:00;;;;;51.0;33.95;13.97;722.4;0.0;17.0;11.2;0.007;33.59;15.4;
2757;2020-04-24 23:00:00;;;;;43.0;46.62;17.64;722.7;0.0;24.0;11.3;0.007;31.68;10.2;
2758;2020-04-25 00:00:00;0.21;;;;29.0;43.0;25.78;722.9;0.0;31.0;11.1;0.007;29.63;14.9;350.0
2759;2020-04-25 01:00:00;0.18;;;;25.0;76.0;25.47;722.9;0.0;36.0;11.2;0.007;27.91;2.9;81.0
2760;2020-04-25 02:00:00;0.2;;;;16.0;52.0;28.24;722.7;0.0;49.0;11.3;0.007;25.66;2.9;352.0
2761;2020-04-25 03:00:00;0.22;;;;11.0;71.0;27.22;722.4;0.0;53.0;11.3;0.007;24.44;2.9;352.0
2762;2020-04-25 04:00:00;0.22;;;;9.0;53.0;;722.3;0.0;52.0;11.2;0.007;23.8;;352.0
2763;2020-04-25 05:00:00;0.21;;;;7.0;46.0;23.69;722.7;0.0;55.0;11.1;0.007;23.54;3.0;
2764;2020-04-25 06:00:00;0.38;;;;3.0;44.0;30.17;723.1;0.0;59.0;11.2;0.007;23.66;5.5;353.0
2765;2020-04-25 07:00:00;0.53;;;;4.0;68.0;34.86;724.2;0.0;59.0;11.2;0.026;24.36;3.4;357.0
2766;2020-04-25 08:00:00;0.26;;;;21.0;81.0;32.05;725.6;0.0;49.0;11.3;0.126;26.32;10.5;352.0
2767;2020-04-25 09:00:00;0.09;;;;35.0;81.0;19.77;726.3;0.0;35.0;11.3;0.256;27.65;13.6;352.0
2768;2020-04-25 10:00:00;0.09;;;;42.0;114.0;15.34;726.9;0.0;35.0;;0.335;28.33;20.3;352.0
2769;2020-04-25 11:00:00;0.12;;;;46.0;70.0;18.51;727.4;0.0;37.0;;0.36;28.93;20.1;
2770;2020-04-25 12:00:00;0.15;;;;49.0;61.0;20.32;727.4;0.0;39.0;11.0;0.378;30.13;15.8;
2771;2020-04-25 13:00:00;0.19;;;;52.0;53.0;25.47;727.4;0.0;41.0;11.1;0.484;30.62;12.2;353.0
2772;2020-04-25 14:00:00;0.22;;;;58.0;54.0;26.84;727.1;0.0;38.0;11.1;0.576;32.43;12.7;350.0
2773;2020-04-25 15:00:00;0.29;;;;54.0;49.0;33.97;726.4;0.0;43.0;11.2;0.34;31.45;17.8;353.0
2774;2020-04-25 16:00:00;0.29;;;;50.0;64.0;35.28;726.2;0.0;43.0;11.1;0.348;31.56;19.4;352.0
2775;2020-04-25 17:00:00;0.32;;;;42.0;68.0;40.91;726.1;0.0;49.0;11.0;0.184;30.23;21.3;352.0
2776;2020-04-25 18:00:00;0.35;;;;40.0;72.0;42.09;726.2;0.0;52.0;11.1;0.058;29.35;18.3;352.0
2777;2020-04-25 19:00:00;0.32;;;;40.0;74.0;42.03;726.2;0.0;55.0;11.1;0.034;28.72;13.9;359.0
2778;2020-04-25 20:00:00;0.35;;;;39.0;61.0;42.15;726.7;0.0;57.0;11.3;0.008;28.34;9.9;7.0
2779;2020-04-25 21:00:00;0.39;;;;36.0;66.0;42.44;727.6;0.0;58.0;11.0;0.007;28.24;12.1;7.0
2780;2020-04-25 22:00:00;0.37;;;;38.0;66.0;39.81;728.2;0.0;59.0;11.1;0.007;27.92;14.4;1.0
2781;2020-04-25 23:00:00;0.33;;;;33.0;65.0;29.52;728.7;0.0;72.0;11.1;0.007;25.41;22.8;
2782;2020-04-26 00:00:00;0.31;;;;35.0;46.0;23.11;729.4;0.0;80.0;;0.007;23.25;21.2;
2783;2020-04-26 01:00:00;0.29;;;;33.0;29.0;13.93;729.8;0.0;82.0;11.0;0.007;22.77;18.7;
2784;2020-04-26 02:00:00;0.29;;;;29.0;17.0;;730.0;0.0;87.0;10.9;0.007;22.2;19.9;
2785;2020-04-26 03:00:00;0.28;;;;28.0;21.0;17.21;730.0;0.02;91.0;11.1;0.007;21.47;17.5;
2786;2020-04-26 04:00:00;0.26;;;;33.0;20.0;12.73;730.1;0.05;92.0;10.9;0.008;21.19;15.5;
2787;2020-04-26 05:00:00;0.21;;;;43.0;15.0;11.68;730.6;0.16;93.0;10.9;0.008;19.97;17.6;
2788;2020-04-26 06:00:00;0.2;;;;46.0;17.0;8.35;731.3;0.13;93.0;11.1;0.008;19.29;16.3;
2789;2020-04-26 07:00:00;0.2;;;;49.0;10.0;6.2;731.7;0.1;92.0;10.9;0.011;18.92;18.0;
2790;2020-04-26 08:00:00;0.2;;;;48.0;6.0;5.04;732.3;0.03;93.0;10.9;0.028;18.86;18.5;
2791;2020-04-26 09:00:00;0.25;;;;46.0;3.0;;732.8;0.06;93.0;;0.054;18.93;15.5;
2792;2020-04-26 10:00:00;0.26;;;;48.0;3.0;;733.0;0.02;93.0;10.8;0.172;19.21;13.1;
2793;2020-04-26 11:00:00;0.28;;;;46.0;;5.92;732.9;0.0;91.0;10.9;0.145;19.5;13.4;
2794;2020-04-26 12:00:00;0.3;;;;45.0;2.0;;732.4;0.0;90.0;10.9;0.101;19.6;12.6;
2795;2020-04-26 13:00:00;0.31;;;;44.0;5.0;;731.7;0.0;86.0;10.8;0.155;20.96;10.8;
2796;2020-04-26 14:00:00;0.3;;;;46.0;8.0;;731.3;0.0;82.0;10.9;0.107;21.49;12.8;
2797;2020-04-26 15:00:00;0.3;;;;46.0;8.0;;730.6;0.0;81.0;10.8;0.237;21.9;18.9;
2798;2020-04-26 16:00:00;0.29;;;;46.0;9.0;;730.0;0.0;79.0;10.8;0.424;22.65;24.6;
2799;2020-04-26 17:00:00;0.27;;;;;26.0;11.1;729.5;0.0;74.0;10.9;0.3;23.48;27.4;
2800;2020-04-26 18:00:00;0.27;;;;44.0;22.0;11.19;729.2;0.0;73.0;11.0;0.114;23.65;27.7;
2801;2020-04-26 19:00:00;0.29;;;;42.0;26.0;12.65;729.0;0.0;72.0;10.9;0.022;23.5;18.7;
2802;2020-04-26 20:00:00;0.27;;;;45.0;15.0;12.19;729.1;0.0;69.0;10.9;0.007;24.17;15.6;
2803;2020-04-26 21:00:00;0.27;;;;46.0;23.0;10.82;729.6;0.0;65.0;11.0;0.007;24.91;20.6;
2804;2020-04-26 22:00:00;0.26;;;;45.0;25.0;11.26;729.9;0.0;64.0;10.8;0.007;25.12;17.2;
2805;2020-04-26 23:00:00;0.28;;;;42.0;18.0;11.41;730.0;0.0;67.0;10.7;0.007;24.71;19.8;
2806;2020-04-27 00:00:00;0.26;;;;42.0;26.0;10.65;730.2;0.0;75.0;10.7;0.007;23.28;27.2;
2807;2020-04-27 01:00:00;0.26;;;;37.0;18.0;11.02;730.0;0.0;82.0;10.6;0.007;22.11;20.6;
2808;2020-04-27 02:00:00;0.26;;;;37.0;25.0;10.21;729.3;0.0;82.0;10.6;0.007;21.85;19.6;
2809;2020-04-27 03:00:00;0.25;;;;37.0;22.0;10.12;728.9;0.0;84.0;10.5;0.007;21.41;15.4;
2810;2020-04-27 04:00:00;0.24;;;;38.0;19.0;9.97;729.1;0.0;83.0;10.7;0.007;21.31;10.5;
2811;2020-04-27 05:00:00;0.26;;;;33.0;27.0;11.07;729.1;0.0;85.0;10.8;0.007;21.27;8.9;
2812;2020-04-27 06:00:00;0.31;;;;29.0;24.0;10.5;728.8;0.0;87.0;10.7;0.007;21.02;8.3;
2813;2020-04-27 07:00:00;0.33;;;;30.0;21.0;10.86;728.6;0.0;87.0;10.9;0.025;21.0;9.5;
2814;2020-04-27 08:00:00;0.37;;;;30.0;29.0;11.2;729.0;0.0;84.0;10.9;0.076;21.77;9.4;
2815;2020-04-27 09:00:00;0.36;;;;30.0;31.0;10.71;729.2;0.0;84.0;11.0;0.088;21.94;9.9;
2816;2020-04-27 10:00:00;0.37;;;;31.0;25.0;10.06;729.4;0.0;84.0;11.0;0.103;21.98;13.9;
2817;2020-04-27 11:00:00;0.37;;;;31.0;25.0;10.1;729.6;0.0;80.0;;0.162;22.95;11.2;
2818;2020-04-27 12:00:00;0.39;;;;33.0;24.0;10.87;729.3;0.0;76.0;11.1;0.2;23.91;14.1;
2819;2020-04-27 13:00:00;0.4;;;;35.0;24.0;11.82;728.8;0.0;71.0;10.9;0.447;25.68;15.7;
2820;2020-04-27 14:00:00;0.37;;;;37.0;27.0;11.31;728.2;0.0;66.0;10.8;0.597;27.12;18.5;
2821;2020-04-27 15:00:00;0.37;;;;38.0;28.0;10.71;727.3;0.0;62.0;10.9;0.538;28.42;20.2;
2822;2020-04-27 16:00:00;0.38;;;;38.0;22.0;10.16;726.4;0.0;59.0;10.9;0.434;29.55;21.1;
2823;2020-04-27 17:00:00;0.37;;;;39.0;21.0;10.74;725.9;0.0;55.0;10.7;0.314;30.01;21.5;
2824;2020-04-27 18:00:00;0.35;;;;42.0;22.0;11.15;725.2;0.0;50.0;10.8;0.155;29.88;24.6;
2825;2020-04-27 19:00:00;0.34;;;;44.0;27.0;11.33;725.1;0.0;46.0;10.8;0.03;29.85;22.9;
2826;2020-04-27 20:00:00;0.28;;;;52.0;24.0;11.65;725.1;0.0;36.0;10.9;0.008;30.46;27.4;
2827;2020-04-27 21:00:00;0.27;;;;54.0;24.0;11.3;724.9;0.0;34.0;10.8;0.007;30.59;33.1;
2828;2020-04-27 22:00:00;0.3;;;;50.0;30.0;14.06;725.2;0.0;42.0;10.8;0.007;29.7;29.4;
2829;2020-04-27 23:00:00;0.33;;;;45.0;34.0;15.69;725.9;0.0;49.0;11.0;0.007;28.02;22.7;
2830;2020-04-28 00:00:00;0.39;;;;33.0;26.0;17.38;726.8;0.0;66.0;10.8;0.007;25.16;23.7;
2831;2020-04-28 01:00:00;0.39;;;;30.0;38.0;18.28;727.7;0.0;72.0;10.7;0.007;24.01;13.6;
2832;2020-04-28 02:00:00;0.37;;;;33.0;31.0;18.66;728.0;0.0;72.0;10.7;0.007;24.1;10.9;
2833;2020-04-28 03:00:00;0.37;;;;33.0;29.0;19.68;727.6;0.0;70.0;10.8;0.007;24.31;8.3;
2834;2020-04-28 04:00:00;0.37;;;;31.0;37.0;20.59;726.9;0.0;71.0;10.7;0.007;23.97;7.2;
2835;2020-04-28 05:00:00;0.38;;;;24.0;31.0;21.95;725.6;0.0;76.0;10.8;0.007;22.88;6.1;
2836;2020-04-28 06:00:00;0.42;;;;20.0;35.0;21.96;725.4;0.0;79.0;10.9;0.007;22.38;8.8;
2837;2020-04-28 07:00:00;0.5;;;;14.0;36.0;21.52;725.6;0.0;82.0;11.1;0.02;21.85;3.1;
2838;2020-04-28 08:00:00;0.7;;;;12.0;38.0;22.55;725.9;0.0;82.0;11.0;0.091;22.69;4.4;
2839;2020-04-28 09:00:00;0.81;;;;17.0;50.0;25.28;725.6;0.0;70.0;11.0;0.272;25.6;7.2;
2840;2020-04-28 10:00:00;0.95;;;;32.0;72.0;29.57;725.6;0.0;65.0;;0.406;26.98;8.6;
2841;2020-04-28 11:00:00;0.85;;;;60.0;68.0;32.11;725.5;0.0;58.0;11.1;0.496;28.59;6.8;
2842;2020-04-28 12:00:00;0.7;;;;86.0;70.0;31.42;725.1;0.0;55.0;11.2;0.561;29.61;14.3;
2843;2020-04-28 13:00:00;0.75;;;;102.0;81.0;30.75;724.6;0.0;52.0;11.2;0.592;31.31;14.9;
2844;2020-04-28 14:00:00;0.56;;;;79.0;80.0;27.23;724.0;0.0;47.0;11.1;0.581;32.79;19.7;
2845;2020-04-28 15:00:00;0.48;;;;71.0;67.0;24.47;723.4;0.0;44.0;11.2;0.54;33.8;22.0;
2846;2020-04-28 16:00:00;0.48;;;;60.0;62.0;23.09;722.8;0.0;49.0;11.5;0.311;32.39;22.7;
2847;2020-04-28 17:00:00;0.51;;;;48.0;49.0;21.66;722.8;0.0;52.0;11.6;0.054;30.34;17.3;
2848;2020-04-28 18:00:00;0.42;;;;52.0;41.0;15.3;722.6;0.0;37.0;11.6;0.1;31.85;18.1;
2849;2020-04-28 19:00:00;0.35;;;;55.0;33.0;7.71;722.7;0.0;23.0;11.4;0.012;32.98;20.4;
2850;2020-04-28 20:00:00;0.45;;;;43.0;24.0;11.17;725.5;0.0;34.0;11.6;0.007;30.3;9.8;
2851;2020-04-28 21:00:00;0.44;;;;45.0;35.0;10.17;725.0;0.0;35.0;11.4;0.007;28.92;9.7;
2852;2020-04-28 22:00:00;0.5;;;;37.0;23.0;8.99;725.1;0.0;36.0;11.1;0.007;28.36;7.5;
2853;2020-04-28 23:00:00;0.47;;;;37.0;27.0;9.04;725.6;0.0;38.0;10.8;0.007;27.4;8.0;
2854;2020-04-29 00:00:00;0.41;;;;39.0;29.0;7.29;725.7;0.0;42.0;11.0;0.007;26.25;8.8;
2855;2020-04-29 01:00:00;0.39;;;;42.0;21.0;7.1;724.9;0.0;41.0;10.9;0.007;26.18;8.5;
2856;2020-04-29 02:00:00;0.33;;;;46.0;17.0;5.86;723.9;0.0;39.0;11.5;0.007;26.18;9.2;
2857;2020-04-29 03:00:00;0.32;;;;42.0;16.0;5.87;723.6;0.0;45.0;11.1;0.007;24.41;5.4;
2858;2020-04-29 04:00:00;0.32;;;;42.0;13.0;5.87;723.1;0.0;44.0;11.3;0.007;24.59;14.1;
2859;2020-04-29 05:00:00;0.32;;;;43.0;15.0;6.36;723.0;0.0;38.0;11.5;0.007;25.88;17.0;
2860;2020-04-29 06:00:00;0.36;;;;37.0;15.0;6.66;723.1;0.0;38.0;11.3;0.007;25.75;15.5;
2861;2020-04-29 07:00:00;0.44;;;;30.0;18.0;7.42;723.2;0.0;37.0;11.5;0.028;25.95;15.3;
2862;2020-04-29 08:00:00;0.62;;;;20.0;27.0;10.43;724.2;0.0;36.0;11.9;0.153;27.54;10.1;
2863;2020-04-29 09:00:00;0.65;;;;29.0;45.0;9.65;724.7;0.0;32.0;11.9;0.289;29.76;12.5;
2864;2020-04-29 10:00:00;0.65;;;;34.0;;11.17;725.2;0.0;28.0;13.3;0.415;32.25;10.5;
2865;2020-04-29 11:00:00;0.6;;;;59.0;50.0;10.43;725.2;0.0;22.0;12.1;0.521;35.42;10.8;
2866;2020-04-29 12:00:00;0.49;;;;65.0;48.0;11.54;726.1;0.0;23.0;12.2;0.573;36.05;24.5;
2867;2020-04-29 13:00:00;0.43;;;;58.0;96.0;10.43;727.1;0.0;33.0;11.4;0.606;33.52;30.2;
2868;2020-04-29 14:00:00;0.43;;;;59.0;44.0;10.4;727.7;0.0;34.0;11.3;0.599;32.78;28.8;
2869;2020-04-29 15:00:00;0.45;;;;56.0;32.0;14.03;727.5;0.0;35.0;11.2;0.526;33.26;27.6;
2870;2020-04-29 16:00:00;0.48;;;;51.0;31.0;17.45;727.2;0.0;42.0;11.0;0.286;32.26;25.8;
2871;2020-04-29 17:00:00;0.49;;;;47.0;43.0;16.89;727.7;0.32;67.0;11.1;0.023;25.91;22.9;
2872;2020-04-29 18:00:00;0.52;;;;37.0;33.0;13.12;727.5;0.0;75.0;10.9;0.028;24.17;10.2;
2873;2020-04-29 19:00:00;0.44;;;;51.0;26.0;11.73;728.9;0.0;56.0;10.8;0.022;26.34;22.1;
2874;2020-04-29 20:00:00;0.46;;;;51.0;28.0;12.51;729.5;0.0;59.0;10.9;0.009;25.98;19.6;
2875;2020-04-29 21:00:00;0.45;;;;52.0;30.0;11.11;730.4;0.0;63.0;10.8;0.007;25.19;23.9;
2876;2020-04-29 22:00:00;0.43;;;;57.0;36.0;9.1;731.0;0.0;63.0;10.9;0.007;24.67;21.5;
2877;2020-04-29 23:00:00;0.43;;;;56.0;24.0;9.41;731.0;0.0;65.0;10.9;0.007;24.46;18.4;
2878;2020-04-30 00:00:00;0.47;;;;50.0;23.0;10.13;731.1;0.0;67.0;;0.007;24.2;11.1;
2879;2020-04-30 01:00:00;0.46;;;;48.0;22.0;10.32;731.0;0.0;71.0;10.7;0.007;23.72;9.7;
2880;2020-04-30 02:00:00;0.46;;;;46.0;23.0;10.53;730.6;0.0;74.0;10.9;0.007;23.41;14.4;
2881;2020-04-30 03:00:00;0.46;;;;45.0;12.0;11.16;730.4;0.0;74.0;10.6;0.007;23.42;16.8;
2882;2020-04-30 04:00:00;0.46;;;;45.0;23.0;11.25;730.1;0.0;76.0;10.7;0.007;23.07;15.8;
2883;2020-04-30 05:00:00;0.41;;;;49.0;23.0;9.69;730.1;0.0;63.0;10.8;0.007;23.23;14.2;
2884;2020-04-30 06:00:00;0.45;;;;42.0;24.0;10.68;730.3;0.0;71.0;10.7;0.007;22.99;12.2;
2885;2020-04-30 07:00:00;0.51;;;;34.0;23.0;12.15;730.7;0.04;83.0;10.7;0.012;21.99;12.3;
2886;2020-04-30 08:00:00;0.51;;;;39.0;26.0;8.3;731.3;0.0;83.0;10.8;0.032;20.63;15.5;
2887;2020-04-30 09:00:00;0.44;;;;53.0;13.0;6.1;731.5;0.0;67.0;10.8;0.08;22.14;18.1;
2888;2020-04-30 10:00:00;0.46;;;;51.0;21.0;8.13;731.7;0.0;65.0;10.7;0.098;23.26;16.0;
2889;2020-04-30 11:00:00;0.49;;;;48.0;30.0;9.14;731.8;0.0;68.0;10.8;0.18;23.79;12.0;
2890;2020-04-30 12:00:00;0.5;;;;45.0;25.0;8.93;731.5;0.0;69.0;10.7;0.172;24.22;14.2;
2891;2020-04-30 13:00:00;0.5;;;;45.0;17.0;9.17;730.7;0.0;64.0;10.9;0.295;25.68;15.7;
2892;2020-04-30 14:00:00;0.51;;;;44.0;14.0;9.73;730.0;0.0;68.0;10.9;0.253;25.25;22.8;
2893;2020-04-30 15:00:00;0.5;;;;46.0;18.0;9.64;729.2;0.0;60.0;;0.519;27.21;22.2;
2894;2020-04-30 16:00:00;0.48;;;;48.0;22.0;9.12;728.7;0.0;54.0;;0.254;27.72;21.3;
2895;2020-04-30 17:00:00;0.47;;;;51.0;19.0;8.73;727.9;0.0;48.0;10.7;0.262;28.13;20.7;
2896;2020-04-30 18:00:00;0.47;;;;50.0;19.0;8.82;727.4;0.0;49.0;10.9;0.111;27.65;22.6;
2897;2020-04-30 19:00:00;0.44;;;;52.0;16.0;7.93;727.4;0.0;45.0;10.9;0.038;27.59;22.8;
2898;2020-04-30 20:00:00;0.43;;;;54.0;23.0;8.65;727.4;0.0;47.0;10.8;0.009;27.09;22.0;
2899;2020-04-30 21:00:00;0.43;;;;57.0;16.0;8.52;727.6;0.0;44.0;10.8;0.007;27.38;22.7;
2900;2020-04-30 22:00:00;0.42;;;;58.0;21.0;7.67;727.6;0.0;42.0;;0.007;27.44;22.5;
2901;2020-04-30 23:00:00;0.46;;;;49.0;12.0;8.4;727.4;0.0;53.0;;0.007;25.45;26.4;
2902;2020-05-01 00:00:00;;;;;;;;;;;;;;;
2903;2020-05-01 01:00:00;0.42;;;;44.0;22.0;6.77;728.0;0.0;56.0;10.8;0.007;21.68;18.1;352.0
2904;2020-05-01 02:00:00;0.41;;;;44.0;25.0;6.33;727.9;0.0;59.0;10.8;0.007;20.86;12.1;352.0
2905;2020-05-01 03:00:00;0.42;;;;42.0;22.0;6.01;727.7;0.0;59.0;10.6;0.007;20.12;10.2;352.0
2906;2020-05-01 04:00:00;0.42;;;;37.0;22.0;5.89;727.4;0.0;61.0;10.8;0.007;19.11;4.8;
2907;2020-05-01 05:00:00;0.43;;;;28.0;16.0;8.01;727.4;0.0;65.0;10.6;0.007;17.92;2.9;
2908;2020-05-01 06:00:00;0.53;;;;11.0;24.0;8.61;727.4;0.0;70.0;10.7;0.007;17.47;3.3;
2909;2020-05-01 07:00:00;0.69;;;;5.0;30.0;9.85;727.7;0.0;68.0;10.8;0.03;18.08;3.2;
2910;2020-05-01 08:00:00;0.63;;;;20.0;40.0;9.49;728.2;0.0;49.0;10.9;0.154;22.76;4.1;
2911;2020-05-01 09:00:00;0.81;;;;26.0;39.0;13.41;728.5;0.0;43.0;11.9;0.29;24.46;4.1;
2912;2020-05-01 10:00:00;0.88;;;;37.0;56.0;14.0;728.6;0.0;43.0;12.6;0.416;25.1;8.7;
2913;2020-05-01 11:00:00;0.72;;;;56.0;49.0;10.95;728.7;0.0;42.0;12.2;0.518;26.21;10.7;
2914;2020-05-01 12:00:00;0.72;;;;76.0;48.0;11.98;728.4;0.0;40.0;11.9;0.583;28.02;12.6;
2915;2020-05-01 13:00:00;0.69;;;;86.0;47.0;12.28;727.7;0.0;41.0;11.6;0.608;29.34;16.7;
2916;2020-05-01 14:00:00;0.58;;;;74.0;54.0;10.38;727.1;0.0;40.0;11.6;0.591;30.74;24.0;
2917;2020-05-01 15:00:00;0.52;;;;59.0;41.0;8.96;726.4;0.0;38.0;11.4;0.536;32.16;24.6;
2918;2020-05-01 16:00:00;0.52;;;;56.0;27.0;9.02;726.0;0.0;37.0;11.2;0.444;32.87;23.1;
2919;2020-05-01 17:00:00;0.51;;;;56.0;23.0;9.42;725.5;0.0;37.0;11.1;0.323;33.04;23.6;
2920;2020-05-01 18:00:00;0.51;;;;56.0;18.0;9.02;725.2;0.0;37.0;11.1;0.158;32.73;20.8;
2921;2020-05-01 19:00:00;0.49;;;;57.0;17.0;9.03;725.4;0.0;37.0;11.2;0.029;31.76;19.6;
2922;2020-05-01 20:00:00;0.49;;;;57.0;21.0;9.28;725.5;0.0;35.0;11.1;0.008;31.55;17.3;
2923;2020-05-01 21:00:00;0.5;;;;54.0;19.0;10.35;725.9;0.0;36.0;11.1;0.007;31.17;10.2;
2924;2020-05-01 22:00:00;0.55;;;;45.0;23.0;10.89;726.5;0.0;50.0;11.0;0.007;28.66;21.9;
2925;2020-05-01 23:00:00;0.51;;;;44.0;31.0;7.86;726.7;0.0;61.0;10.9;0.007;26.74;25.5;
2926;2020-05-02 00:00:00;0.51;;;;42.0;18.0;7.14;726.6;0.0;67.0;11.0;0.007;25.27;20.0;352.0
2927;2020-05-02 01:00:00;0.5;;;;39.0;19.0;7.4;726.7;0.0;72.0;10.9;0.007;24.22;17.2;352.0
2928;2020-05-02 02:00:00;0.52;;;;36.0;23.0;8.0;726.6;0.0;75.0;10.8;0.007;23.26;14.6;352.0
2929;2020-05-02 03:00:00;0.51;;;;33.0;20.0;8.31;726.4;0.0;79.0;10.8;0.007;22.21;10.9;
2930;2020-05-02 04:00:00;0.5;;;;29.0;23.0;8.21;726.1;0.0;83.0;;0.007;21.45;10.7;
2931;2020-05-02 05:00:00;0.5;;;;26.0;19.0;9.41;726.2;0.0;85.0;10.9;0.007;20.88;4.3;
2932;2020-05-02 06:00:00;0.54;;;;18.0;19.0;10.72;726.2;0.0;87.0;11.0;0.007;20.44;2.9;
2933;2020-05-02 07:00:00;0.62;;;;13.0;19.0;11.19;726.5;0.0;88.0;10.8;0.031;20.56;3.2;
2934;2020-05-02 08:00:00;0.7;;;;19.0;29.0;15.48;727.0;0.0;80.0;10.9;0.141;22.91;5.2;350.0
2935;2020-05-02 09:00:00;1.0;;;;25.0;42.0;22.13;727.6;0.0;72.0;10.9;0.274;24.79;8.2;352.0
2936;2020-05-02 10:00:00;1.04;;;;33.0;56.0;25.77;727.8;0.0;69.0;10.8;0.409;25.75;10.3;352.0
2937;2020-05-02 11:00:00;0.83;;;;49.0;67.0;22.67;727.8;0.0;65.0;10.9;0.513;26.74;15.4;352.0
2938;2020-05-02 12:00:00;0.76;;;;59.0;64.0;25.01;727.5;0.0;61.0;11.0;0.58;28.07;18.2;
2939;2020-05-02 13:00:00;0.78;;;;74.0;61.0;25.7;727.2;0.0;57.0;11.0;0.605;29.48;19.7;
2940;2020-05-02 14:00:00;0.7;;;;72.0;65.0;20.75;726.8;0.0;53.0;11.1;0.59;31.14;20.4;
2941;2020-05-02 15:00:00;0.7;;;;77.0;49.0;19.22;726.3;0.0;48.0;11.0;0.536;32.66;21.5;
2942;2020-05-02 16:00:00;0.65;;;;73.0;56.0;18.45;725.8;0.0;42.0;11.1;0.446;33.65;21.6;
2943;2020-05-02 17:00:00;0.61;;;;66.0;41.0;15.7;725.3;0.0;36.0;11.2;0.326;34.31;20.5;
2944;2020-05-02 18:00:00;0.55;;;;57.0;31.0;12.4;725.0;0.0;33.0;11.3;0.151;34.27;15.9;
2945;2020-05-02 19:00:00;0.53;;;;56.0;24.0;11.47;725.0;0.0;32.0;11.2;0.027;33.52;13.2;
2946;2020-05-02 20:00:00;0.53;;;;50.0;23.0;11.03;725.3;0.0;35.0;11.0;0.008;32.42;10.9;
2947;2020-05-02 21:00:00;0.62;;;;39.0;23.0;12.59;726.0;0.0;49.0;11.0;0.007;30.48;24.3;
2948;2020-05-02 22:00:00;0.58;;;;34.0;49.0;10.36;726.5;0.0;62.0;10.9;0.007;27.92;31.0;
2949;2020-05-02 23:00:00;0.59;;;;33.0;33.0;9.56;727.0;0.0;68.0;10.9;0.007;26.38;28.3;
2950;2020-05-03 00:00:00;0.6;;;;30.0;28.0;9.66;727.2;0.0;73.0;;0.007;25.13;20.3;
2951;2020-05-03 01:00:00;0.57;;;;30.0;27.0;8.55;727.0;0.0;77.0;10.6;0.007;23.98;19.2;
2952;2020-05-03 02:00:00;0.55;;;;31.0;24.0;8.24;726.5;0.0;80.0;10.9;0.007;23.32;15.0;
2953;2020-05-03 03:00:00;0.53;;;;31.0;14.0;8.58;726.3;0.0;82.0;10.7;0.007;22.9;11.7;353.0
2954;2020-05-03 04:00:00;0.53;;;;29.0;18.0;9.55;726.1;0.0;83.0;10.7;0.007;22.69;9.5;353.0
2955;2020-05-03 05:00:00;0.55;;;;27.0;13.0;9.51;726.1;0.0;84.0;10.6;0.007;22.38;9.9;352.0
2956;2020-05-03 06:00:00;0.56;;;;26.0;21.0;10.14;726.4;0.0;84.0;10.7;0.007;22.56;6.5;352.0
2957;2020-05-03 07:00:00;0.6;;;;23.0;20.0;11.51;726.8;0.0;83.0;10.8;0.023;22.68;3.4;352.0
2958;2020-05-03 08:00:00;0.63;;;;24.0;34.0;13.8;727.2;0.0;79.0;10.8;0.115;23.98;4.0;
2959;2020-05-03 09:00:00;0.68;;;;27.0;34.0;18.81;727.4;0.0;70.0;;0.275;26.19;7.9;350.0
2960;2020-05-03 10:00:00;0.74;;;;36.0;45.0;22.77;727.4;0.0;65.0;10.9;0.408;27.17;10.6;352.0
2961;2020-05-03 11:00:00;0.77;;;;54.0;53.0;22.97;727.3;0.0;59.0;11.2;0.513;28.72;12.3;352.0
2962;2020-05-03 12:00:00;0.76;;;;71.0;50.0;23.78;726.8;0.0;54.0;11.2;0.576;30.26;14.0;352.0
2963;2020-05-03 13:00:00;0.72;;;;69.0;53.0;23.08;726.3;0.0;51.0;11.1;0.593;31.7;16.6;353.0
2964;2020-05-03 14:00:00;0.66;;;;69.0;53.0;20.83;725.8;0.0;43.0;11.6;0.534;33.13;20.1;353.0
2965;2020-05-03 15:00:00;0.59;;;;61.0;54.0;18.66;725.1;0.0;35.0;14.9;0.529;34.09;25.4;352.0
2966;2020-05-03 16:00:00;0.56;;;;48.0;43.0;13.07;724.6;0.0;33.0;12.8;0.451;34.77;24.5;352.0
2967;2020-05-03 17:00:00;0.55;;;;45.0;25.0;12.39;724.2;0.0;32.0;11.8;0.329;34.87;22.4;352.0
2968;2020-05-03 18:00:00;0.51;;;;48.0;30.0;10.63;723.7;0.0;27.0;11.5;0.165;34.32;22.0;
2969;2020-05-03 19:00:00;0.51;;;;48.0;19.0;11.57;724.0;0.0;30.0;11.4;0.03;33.39;18.9;
2970;2020-05-03 20:00:00;0.53;;;;46.0;19.0;13.57;724.0;0.0;33.0;11.3;0.008;32.5;15.0;
2971;2020-05-03 21:00:00;0.52;;;;45.0;24.0;12.52;724.3;0.0;32.0;11.3;0.007;32.35;12.1;353.0
2972;2020-05-03 22:00:00;0.59;;;;37.0;17.0;12.83;724.8;0.0;50.0;11.2;0.007;29.97;27.6;353.0
2973;2020-05-03 23:00:00;0.58;;;;34.0;38.0;12.32;725.0;0.0;59.0;11.1;0.007;28.19;27.7;353.0
2974;2020-05-04 00:00:00;0.59;;;;32.0;24.0;;725.2;0.0;64.0;11.0;0.007;26.89;20.8;
2975;2020-05-04 01:00:00;0.61;;;;30.0;32.0;13.47;724.9;0.0;68.0;10.9;0.007;25.83;16.7;
2976;2020-05-04 02:00:00;0.61;;;;27.0;31.0;15.47;724.5;0.0;70.0;10.8;0.007;24.81;12.6;354.0
2977;2020-05-04 03:00:00;0.6;;;;26.0;31.0;14.89;724.2;0.0;73.0;10.8;0.007;23.9;8.4;352.0
2978;2020-05-04 04:00:00;0.6;;;;25.0;28.0;16.14;724.0;0.0;75.0;;0.007;23.12;10.8;352.0
2979;2020-05-04 05:00:00;0.61;;;;21.0;19.0;18.43;724.2;0.0;76.0;11.0;0.007;22.88;6.7;352.0
2980;2020-05-04 06:00:00;0.65;;;;14.0;25.0;19.39;724.3;0.0;78.0;11.1;0.007;22.28;3.3;
2981;2020-05-04 07:00:00;0.79;;;;7.0;31.0;20.59;724.7;0.0;78.0;11.0;0.039;22.56;3.1;
2982;2020-05-04 08:00:00;0.88;;;;12.0;57.0;24.33;725.0;0.0;72.0;11.0;0.128;24.26;6.8;
2983;2020-05-04 09:00:00;0.96;;;;20.0;50.0;26.42;725.3;0.0;66.0;;0.288;26.15;4.8;
2984;2020-05-04 10:00:00;0.91;;;;34.0;54.0;21.17;725.5;0.0;64.0;12.1;0.373;27.14;11.0;
2985;2020-05-04 11:00:00;0.71;;;;54.0;62.0;;725.4;0.0;57.0;13.0;0.511;29.25;13.4;
2986;2020-05-04 12:00:00;0.46;;;;70.0;66.0;;724.9;0.0;50.0;10.1;0.558;30.89;16.7;
2987;2020-05-04 13:00:00;0.42;;;;66.0;71.0;17.64;724.3;0.0;42.0;4.4;0.588;32.99;18.2;
2988;2020-05-04 14:00:00;0.54;;;;55.0;46.0;16.75;723.7;0.0;36.0;1.1;0.592;34.28;23.0;
2989;2020-05-04 15:00:00;0.54;;;;49.0;39.0;14.53;723.2;0.0;31.0;;0.539;35.69;21.3;
2990;2020-05-04 16:00:00;0.56;;;;48.0;29.0;16.33;722.7;0.0;30.0;;0.443;36.21;22.0;
2991;2020-05-04 17:00:00;0.57;;;;50.0;30.0;16.22;722.3;0.0;29.0;;0.329;36.4;17.7;
2992;2020-05-04 18:00:00;0.56;;;;50.0;31.0;16.97;722.2;0.0;29.0;;0.138;35.52;16.4;
2993;2020-05-04 19:00:00;0.57;;;;47.0;32.0;17.8;722.2;0.0;32.0;;0.028;33.83;10.6;
2994;2020-05-04 20:00:00;0.56;;;;48.0;33.0;16.12;722.5;0.0;30.0;;0.009;33.41;13.3;
2995;2020-05-04 21:00:00;0.56;;;;46.0;31.0;16.51;722.8;0.0;30.0;;0.007;33.29;11.8;
2996;2020-05-04 22:00:00;0.64;;;;37.0;25.0;22.88;723.1;0.0;47.0;;0.007;30.92;24.9;
2997;2020-05-04 23:00:00;0.66;;;;32.0;61.0;27.25;723.5;0.0;61.0;;0.007;28.91;27.0;
2998;2020-05-05 00:00:00;0.67;;;;29.0;46.0;29.92;723.7;0.0;68.0;;0.007;27.4;19.5;
2999;2020-05-05 01:00:00;0.67;;;;28.0;43.0;29.39;723.6;0.0;71.0;;0.007;26.63;14.3;
3000;2020-05-05 02:00:00;0.7;;;;24.0;43.0;30.77;723.2;0.0;75.0;;0.007;25.71;11.1;
3001;2020-05-05 03:00:00;0.69;;;;21.0;54.0;30.02;723.0;0.0;80.0;;0.007;24.54;11.3;
3002;2020-05-05 04:00:00;0.69;;;;19.0;41.0;30.9;722.9;0.0;83.0;;0.007;23.8;4.3;
3003;2020-05-05 05:00:00;0.71;;;;15.0;39.0;31.16;722.9;0.0;84.0;;0.007;23.46;2.9;
3004;2020-05-05 06:00:00;0.76;;;;9.0;53.0;32.18;723.3;0.0;85.0;;0.007;23.02;2.9;
3005;2020-05-05 07:00:00;0.83;;;;5.0;51.0;34.21;723.7;0.0;86.0;;0.033;23.37;3.1;
3006;2020-05-05 08:00:00;1.02;;;;9.0;71.0;34.45;724.0;0.0;74.0;;0.149;26.81;7.0;
3007;2020-05-05 09:00:00;1.48;;;;19.0;68.0;39.86;724.1;0.0;65.0;;0.272;28.67;7.3;
3008;2020-05-05 10:00:00;1.53;;;;36.0;95.0;41.42;724.4;0.0;60.0;;0.403;30.27;7.0;
3009;2020-05-05 11:00:00;1.31;;;;73.0;107.0;44.55;724.7;0.0;55.0;;0.443;31.32;7.9;
3010;2020-05-05 12:00:00;0.99;;;;84.0;117.0;37.59;724.7;0.0;48.0;;0.548;32.8;15.6;
3011;2020-05-05 13:00:00;0.81;;;;86.0;94.0;31.63;724.4;0.0;38.0;;0.603;34.77;17.3;
3012;2020-05-05 14:00:00;0.69;;;;74.0;70.0;24.93;724.0;0.0;32.0;;0.598;36.39;21.0;
3013;2020-05-05 15:00:00;0.65;;;;52.0;53.0;22.3;724.4;0.0;33.0;1.4;0.519;36.44;27.2;
3014;2020-05-05 16:00:00;0.63;;;;43.0;56.0;19.65;724.2;0.0;35.0;;0.41;35.19;31.2;
3015;2020-05-05 17:00:00;0.64;;;;41.0;51.0;18.02;724.3;0.0;35.0;;0.149;34.03;24.3;
3016;2020-05-05 18:00:00;0.64;;;;40.0;36.0;17.85;724.9;0.0;35.0;;0.056;33.37;19.9;
3017;2020-05-05 19:00:00;0.68;;;;36.0;42.0;18.4;725.4;0.0;37.0;;0.017;32.78;16.2;
3018;2020-05-05 20:00:00;0.7;;;;35.0;42.0;22.65;726.6;0.0;48.0;;0.007;29.88;19.4;
3019;2020-05-05 21:00:00;0.65;;;;44.0;117.0;;727.8;0.08;66.0;;0.007;24.08;19.1;
3020;2020-05-05 22:00:00;0.61;;;;43.0;55.0;;729.2;0.02;67.0;;0.007;23.68;14.5;
3021;2020-05-05 23:00:00;0.64;;;;33.0;26.0;;729.8;0.0;82.0;;0.01;21.99;8.8;
3022;2020-05-06 00:00:00;0.63;;;;32.0;13.0;;730.4;0.02;76.0;;0.009;22.71;7.9;
3023;2020-05-06 01:00:00;0.58;;;;46.0;14.0;6.52;729.5;0.0;58.0;;0.007;24.52;14.3;
3024;2020-05-06 02:00:00;0.54;;;;54.0;14.0;6.58;729.1;0.0;54.0;;0.007;24.6;13.1;
3025;2020-05-06 03:00:00;0.54;;;;45.0;8.0;6.73;727.2;0.0;59.0;;0.007;23.41;13.9;
3026;2020-05-06 04:00:00;0.55;;;;40.0;6.0;;726.5;0.0;63.0;;0.007;22.64;12.3;
3027;2020-05-06 05:00:00;0.56;;;;44.0;15.0;9.73;728.5;0.0;54.0;;0.007;23.71;13.9;
3028;2020-05-06 06:00:00;0.56;;;;44.0;24.0;8.12;729.0;0.0;58.0;;0.007;23.42;10.3;
3029;2020-05-06 07:00:00;0.6;;;;47.0;12.0;8.97;729.7;0.0;58.0;;0.033;24.42;10.9;
3030;2020-05-06 08:00:00;0.65;;;;46.0;15.0;8.01;730.2;0.0;57.0;;0.145;25.16;11.6;
3031;2020-05-06 09:00:00;0.67;;;;48.0;14.0;7.6;730.8;0.0;53.0;;0.267;25.94;12.6;
3032;2020-05-06 10:00:00;0.62;;;;53.0;17.0;6.99;731.1;0.0;52.0;;0.401;26.59;10.2;
3033;2020-05-06 11:00:00;0.63;;;;61.0;14.0;7.79;730.8;0.0;46.0;;0.514;28.37;9.3;
3034;2020-05-06 12:00:00;0.64;;;;70.0;18.0;9.49;730.3;0.0;43.0;;0.576;29.51;12.8;
3035;2020-05-06 13:00:00;0.63;;;;74.0;19.0;9.97;730.0;0.0;39.0;;0.603;30.5;15.9;
3036;2020-05-06 14:00:00;0.63;;;;75.0;20.0;11.18;729.9;0.0;36.0;;0.615;31.86;16.2;
3037;2020-05-06 15:00:00;0.64;;;;65.0;22.0;12.35;729.4;0.0;41.0;;0.504;31.39;21.7;
3038;2020-05-06 16:00:00;0.64;;;;58.0;31.0;16.43;728.9;0.0;42.0;;0.462;31.52;20.7;
3039;2020-05-06 17:00:00;0.64;;;;54.0;36.0;16.99;728.6;0.0;42.0;;0.302;31.38;18.5;
3040;2020-05-06 18:00:00;0.65;;;;45.0;28.0;15.73;728.6;0.0;48.0;;0.115;29.79;23.2;
3041;2020-05-06 19:00:00;0.63;;;;42.0;32.0;12.23;729.0;0.0;56.0;;0.044;27.44;24.7;
3042;2020-05-06 20:00:00;0.59;;;;45.0;27.0;10.08;729.1;0.0;51.0;;0.009;26.84;19.3;
3043;2020-05-06 21:00:00;0.66;;;;40.0;19.0;9.31;729.3;0.0;54.0;;0.007;25.64;14.2;
3044;2020-05-06 22:00:00;0.7;;;;34.0;17.0;10.81;729.9;0.0;63.0;;0.007;23.77;10.1;
3045;2020-05-06 23:00:00;0.67;;;;34.0;23.0;9.81;729.7;0.0;69.0;;0.007;22.57;4.9;
3046;2020-05-07 00:00:00;0.64;;;;37.0;30.0;9.89;730.0;0.0;69.0;;0.007;22.81;19.4;
3047;2020-05-07 01:00:00;0.62;;;;38.0;17.0;9.3;730.3;0.0;73.0;;0.007;22.17;16.9;
3048;2020-05-07 02:00:00;0.62;;;;34.0;14.0;8.62;729.7;0.0;76.0;;0.007;21.52;11.7;
3049;2020-05-07 03:00:00;0.62;;;;35.0;11.0;9.5;729.3;0.0;77.0;;0.007;21.32;10.3;
3050;2020-05-07 04:00:00;0.63;;;;30.0;16.0;9.06;729.2;0.0;83.0;;0.007;20.52;12.1;
3051;2020-05-07 05:00:00;0.67;;;;19.0;12.0;10.88;729.3;0.0;86.0;;0.007;19.98;12.0;
3052;2020-05-07 06:00:00;0.74;;;;13.0;13.0;11.65;729.3;0.0;88.0;;0.007;19.73;6.6;
3053;2020-05-07 07:00:00;0.8;;;;8.0;27.0;12.51;729.7;0.0;88.0;;0.023;19.82;3.1;
3054;2020-05-07 08:00:00;0.85;;;;13.0;30.0;11.83;730.0;0.0;81.0;;0.072;21.45;3.6;
3055;2020-05-07 09:00:00;0.73;;;;32.0;26.0;13.11;730.0;0.0;72.0;;0.202;23.47;8.4;
3056;2020-05-07 10:00:00;0.67;;;;39.0;25.0;11.76;730.0;0.0;66.0;;0.334;24.73;11.8;
3057;2020-05-07 11:00:00;0.66;;;;42.0;27.0;11.03;729.5;0.0;57.0;;0.521;26.63;18.6;
3058;2020-05-07 12:00:00;0.64;;;;43.0;31.0;10.45;728.9;0.0;51.0;;0.584;28.01;25.3;
3059;2020-05-07 13:00:00;0.64;;;;47.0;22.0;11.17;728.3;0.0;46.0;;0.609;29.28;27.6;
3060;2020-05-07 14:00:00;0.64;;;;49.0;17.0;11.04;727.6;0.0;43.0;;0.593;30.63;26.0;
3061;2020-05-07 15:00:00;0.63;;;;52.0;13.0;9.59;726.9;0.0;37.0;;0.542;31.94;22.7;
3062;2020-05-07 16:00:00;0.63;;;;52.0;14.0;10.25;726.2;0.0;37.0;;0.45;32.43;24.4;
3063;2020-05-07 17:00:00;0.62;;;;52.0;15.0;10.15;725.6;0.0;35.0;;0.327;32.58;23.0;
3064;2020-05-07 18:00:00;0.63;;;;;18.0;10.75;724.9;0.0;35.0;;0.163;32.24;26.2;
3065;2020-05-07 19:00:00;0.61;;;;51.0;17.0;11.11;724.6;0.0;36.0;;0.028;31.39;26.8;
3066;2020-05-07 20:00:00;0.59;;;;50.0;22.0;11.33;724.4;0.0;36.0;;0.008;30.86;29.1;
3067;2020-05-07 21:00:00;0.62;;;;48.0;21.0;11.42;724.5;0.0;39.0;;0.007;30.21;28.5;
3068;2020-05-07 22:00:00;0.66;;;;38.0;27.0;13.53;725.0;0.0;50.0;;0.007;28.36;24.3;
3069;2020-05-07 23:00:00;0.65;;;;40.0;33.0;12.48;725.1;0.0;55.0;;0.007;27.46;25.4;
3070;2020-05-08 00:00:00;0.66;;;;37.0;21.0;12.24;725.4;0.0;63.0;;0.007;25.93;17.9;
3071;2020-05-08 01:00:00;0.66;;;;34.0;24.0;12.56;725.1;0.0;68.0;;0.007;24.89;12.5;
3072;2020-05-08 02:00:00;0.67;;;;32.0;18.0;14.35;724.8;0.0;72.0;;0.007;24.1;8.4;
3073;2020-05-08 03:00:00;0.65;;;;32.0;24.0;13.94;724.4;0.0;74.0;;0.007;23.45;5.3;
3074;2020-05-08 04:00:00;0.65;;;;29.0;21.0;13.43;724.0;0.0;76.0;;0.007;22.9;4.7;
3075;2020-05-08 05:00:00;0.67;;;;25.0;20.0;14.39;724.0;0.0;77.0;;0.007;22.02;4.0;
3076;2020-05-08 06:00:00;0.71;;;;18.0;21.0;14.16;724.1;0.0;80.0;;0.007;21.25;2.9;
3077;2020-05-08 07:00:00;0.8;;;;12.0;26.0;15.63;724.4;0.0;78.0;;0.037;22.05;6.4;
3078;2020-05-08 08:00:00;;;;;;;;;;;;0.0;;;
3079;2020-05-08 09:00:00;1.13;;;;18.0;55.0;23.64;724.4;0.0;66.0;;0.216;25.44;10.6;
3080;2020-05-08 10:00:00;1.15;;;;32.0;71.0;23.34;724.4;0.0;60.0;;0.313;27.38;7.5;
3081;2020-05-08 11:00:00;1.12;;;;48.0;72.0;25.71;724.4;0.0;55.0;;0.316;28.58;6.2;
3082;2020-05-08 12:00:00;0.93;;;;62.0;76.0;23.9;724.2;0.0;52.0;;0.48;30.37;12.7;
3083;2020-05-08 13:00:00;0.83;;;;72.0;55.0;20.55;723.5;0.0;43.0;;0.558;33.13;13.2;
3084;2020-05-08 14:00:00;0.82;;;;71.0;47.0;18.91;723.5;0.0;41.0;;0.275;33.32;19.5;
3085;2020-05-08 15:00:00;0.77;;;;70.0;48.0;18.44;723.4;0.0;38.0;;0.21;33.7;13.0;
3086;2020-05-08 16:00:00;0.76;;;;60.0;40.0;19.13;723.4;0.0;44.0;;0.119;31.39;24.0;
3087;2020-05-08 17:00:00;0.71;;;;49.0;94.0;14.96;725.8;0.69;79.0;;0.007;21.82;31.7;
3088;2020-05-08 18:00:00;0.68;;;;52.0;37.0;8.95;726.8;0.05;80.0;;0.009;20.22;24.3;
3089;2020-05-08 19:00:00;0.74;;;;45.0;12.0;7.62;726.5;0.0;73.0;;0.042;21.62;19.8;
3090;2020-05-08 20:00:00;0.73;;;;41.0;13.0;8.78;727.1;0.0;66.0;;0.01;23.02;13.6;
3091;2020-05-08 21:00:00;0.71;;;;39.0;21.0;7.88;728.3;0.0;70.0;;0.008;22.03;9.9;
3092;2020-05-08 22:00:00;0.73;;;;32.0;14.0;7.63;728.6;0.0;71.0;;0.008;21.72;5.6;
3093;2020-05-08 23:00:00;0.84;;;;27.0;19.0;11.92;729.5;0.0;70.0;;0.008;22.48;16.3;
3094;2020-05-09 00:00:00;0.86;;;;22.0;24.0;13.68;729.6;0.0;71.0;;0.008;22.57;14.7;350.0
3095;2020-05-09 01:00:00;0.64;;;;39.0;29.0;8.62;729.3;0.0;68.0;;0.008;22.33;16.0;351.0
3096;2020-05-09 02:00:00;0.67;;;;35.0;18.0;8.91;729.5;0.05;75.0;;0.008;21.3;8.3;350.0
3097;2020-05-09 03:00:00;0.65;;;;38.0;18.0;7.93;729.9;0.0;85.0;;0.008;20.0;7.2;353.0
3098;2020-05-09 04:00:00;0.66;;;;38.0;12.0;7.15;729.7;0.0;84.0;;0.008;20.21;6.4;351.0
3099;2020-05-09 05:00:00;0.67;;;;37.0;11.0;6.75;729.6;0.0;86.0;;0.008;20.0;10.1;354.0
3100;2020-05-09 06:00:00;0.67;;;;36.0;12.0;6.99;729.7;0.0;86.0;;0.008;19.35;12.0;357.0
3101;2020-05-09 07:00:00;0.67;;;;36.0;12.0;6.21;730.0;0.0;84.0;;0.013;18.9;7.8;359.0
3102;2020-05-09 08:00:00;0.8;;;;25.0;9.0;7.32;730.0;0.0;84.0;;0.039;19.04;8.7;352.0
3103;2020-05-09 09:00:00;0.9;;;;28.0;15.0;9.23;730.0;0.0;76.0;;0.199;21.66;6.2;349.0
3104;2020-05-09 10:00:00;0.92;;;;32.0;27.0;11.12;730.3;0.0;72.0;;0.217;22.17;10.6;352.0
3105;2020-05-09 11:00:00;0.73;;;;43.0;36.0;10.02;730.4;0.0;69.0;;0.271;22.73;14.1;352.0
3106;2020-05-09 12:00:00;0.67;;;;48.0;26.0;9.83;730.4;0.0;65.0;;0.272;23.1;16.6;352.0
3107;2020-05-09 13:00:00;0.75;;;;43.0;14.0;11.65;730.2;0.0;69.0;;0.277;23.08;19.7;
3108;2020-05-09 14:00:00;0.74;;;;41.0;28.0;16.35;730.1;0.0;75.0;;0.085;21.02;20.2;
3109;2020-05-09 15:00:00;0.76;;;;37.0;21.0;12.89;729.6;0.0;74.0;;0.117;21.6;9.6;
3110;2020-05-09 16:00:00;0.74;;;;40.0;16.0;10.29;728.9;0.0;71.0;;0.174;22.3;8.7;
3111;2020-05-09 17:00:00;0.74;;;;44.0;13.0;10.84;728.5;0.0;67.0;;0.155;23.14;6.4;
3112;2020-05-09 18:00:00;0.74;;;;43.0;14.0;10.47;728.9;0.0;67.0;;0.093;22.89;9.2;
3113;2020-05-09 19:00:00;0.75;;;;41.0;18.0;11.5;729.0;0.0;68.0;;0.038;22.44;8.1;
3114;2020-05-09 20:00:00;0.74;;;;41.0;13.0;;729.1;0.0;70.0;;0.009;21.59;9.5;
3115;2020-05-09 21:00:00;0.79;;;;37.0;22.0;14.22;729.6;0.0;70.0;;0.007;21.32;8.9;353.0
3116;2020-05-09 22:00:00;0.81;;;;34.0;22.0;13.88;730.3;0.0;73.0;;0.007;20.94;10.2;1.0
3117;2020-05-09 23:00:00;0.74;;;;37.0;19.0;10.87;730.5;0.0;72.0;;0.007;20.95;10.1;352.0
3118;2020-05-10 00:00:00;0.73;;;;34.0;19.0;10.29;730.7;0.0;75.0;;0.007;20.44;7.7;352.0
3119;2020-05-10 01:00:00;0.71;;;;34.0;19.0;9.02;730.4;0.0;76.0;;0.007;20.44;5.3;352.0
3120;2020-05-10 02:00:00;0.81;;;;31.0;13.0;12.08;729.9;0.0;76.0;;0.007;20.42;8.8;
3121;2020-05-10 03:00:00;0.67;;;;41.0;24.0;8.33;729.6;0.0;75.0;;0.007;20.38;16.4;
3122;2020-05-10 04:00:00;0.67;;;;34.0;9.0;;729.5;0.0;82.0;;0.007;19.54;14.7;
3123;2020-05-10 05:00:00;0.68;;;;30.0;18.0;10.75;729.8;0.0;85.0;;0.007;19.31;13.8;
3124;2020-05-10 06:00:00;0.68;;;;28.0;14.0;9.86;730.2;0.0;88.0;;0.007;19.1;12.4;351.0
3125;2020-05-10 07:00:00;0.67;;;;31.0;16.0;9.76;730.7;0.0;90.0;;0.016;18.76;12.7;351.0
3126;2020-05-10 08:00:00;0.67;;;;36.0;23.0;7.26;731.3;0.0;91.0;;0.05;18.54;11.2;351.0
3127;2020-05-10 09:00:00;0.71;;;;36.0;15.0;7.33;731.6;0.0;90.0;;0.076;18.56;15.6;
3128;2020-05-10 10:00:00;0.75;;;;33.0;12.0;5.77;731.9;0.0;90.0;;0.117;18.96;16.1;
3129;2020-05-10 11:00:00;0.76;;;;35.0;11.0;7.58;731.8;0.0;90.0;;0.192;19.1;20.7;352.0
3130;2020-05-10 12:00:00;0.75;;;;37.0;7.0;;731.8;0.0;91.0;;0.215;19.01;22.1;352.0
3131;2020-05-10 13:00:00;0.71;;;;38.0;32.0;12.48;731.5;0.0;84.0;;0.327;20.55;23.2;352.0
3132;2020-05-10 14:00:00;0.71;;;;42.0;14.0;8.82;731.4;0.0;75.0;;0.245;21.99;19.7;
3133;2020-05-10 15:00:00;0.71;;;;44.0;14.0;8.99;731.0;0.0;70.0;;0.2;22.73;15.5;
3134;2020-05-10 16:00:00;0.69;;;;44.0;13.0;9.1;730.4;0.0;67.0;;0.229;23.72;17.4;
3135;2020-05-10 17:00:00;0.7;;;;44.0;16.0;9.81;730.0;0.0;66.0;;0.232;24.11;18.5;
3136;2020-05-10 18:00:00;0.7;;;;;16.0;10.5;729.6;0.0;64.0;;0.131;24.31;16.0;353.0
3137;2020-05-10 19:00:00;0.7;;;;45.0;20.0;10.65;729.3;0.0;63.0;;0.032;24.11;16.7;352.0
3138;2020-05-10 20:00:00;0.71;;;;46.0;17.0;9.7;729.3;0.0;62.0;;0.009;23.96;13.0;352.0
3139;2020-05-10 21:00:00;0.72;;;;45.0;14.0;8.95;729.6;0.0;62.0;;0.007;24.07;12.8;352.0
3140;2020-05-10 22:00:00;0.74;;;;42.0;17.0;10.48;730.0;0.0;62.0;;0.007;24.0;10.2;
3141;2020-05-10 23:00:00;0.66;;;;46.0;17.0;7.36;730.1;0.0;60.0;;0.007;24.59;17.2;
3142;2020-05-11 00:00:00;0.67;;;;38.0;12.0;7.96;730.3;0.0;76.0;;0.007;22.6;24.4;
3143;2020-05-11 01:00:00;0.66;;;;36.0;17.0;7.89;730.2;0.02;82.0;;0.007;21.66;23.8;
3144;2020-05-11 02:00:00;0.66;;;;33.0;18.0;8.06;729.9;0.08;86.0;;0.008;21.0;18.7;
3145;2020-05-11 03:00:00;0.65;;;;34.0;12.0;6.7;729.5;0.07;90.0;;0.009;20.39;18.6;
3146;2020-05-11 04:00:00;0.65;;;;35.0;12.0;6.16;729.8;0.08;92.0;;0.008;20.09;20.8;
3147;2020-05-11 05:00:00;0.66;;;;33.0;10.0;6.46;730.0;0.02;92.0;;0.008;19.89;21.1;351.0
3148;2020-05-11 06:00:00;0.68;;;;32.0;10.0;6.72;730.1;0.05;93.0;;0.008;19.76;19.4;351.0
3149;2020-05-11 07:00:00;0.72;;;;30.0;11.0;6.84;730.1;0.04;93.0;;0.016;19.77;18.1;351.0
3150;2020-05-11 08:00:00;0.74;;;;30.0;10.0;6.84;730.5;0.03;93.0;;0.076;19.89;19.1;
3151;2020-05-11 09:00:00;0.74;;;;31.0;10.0;6.71;730.7;0.0;91.0;;0.098;20.56;18.2;
3152;2020-05-11 10:00:00;0.71;;;;34.0;13.0;6.67;730.5;0.0;80.0;;0.184;22.15;19.9;
3153;2020-05-11 11:00:00;0.7;;;;36.0;10.0;6.98;730.4;0.0;71.0;;0.247;23.58;18.2;352.0
3154;2020-05-11 12:00:00;0.68;;;;38.0;13.0;6.83;730.1;0.0;64.0;;0.353;25.25;20.4;352.0
3155;2020-05-11 13:00:00;0.67;;;;39.0;9.0;6.58;729.5;0.0;58.0;;0.549;26.77;22.6;352.0
3156;2020-05-11 14:00:00;0.66;;;;40.0;13.0;6.31;728.9;0.0;54.0;;0.471;27.7;21.4;
3157;2020-05-11 15:00:00;0.66;;;;40.0;14.0;6.58;728.4;0.0;52.0;0.8;0.271;27.63;15.3;
3158;2020-05-11 16:00:00;0.73;;;;35.0;12.0;5.9;727.4;0.0;62.0;4.7;0.13;26.32;10.9;
3159;2020-05-11 17:00:00;0.72;;;;34.0;16.0;4.55;726.7;0.0;58.0;4.6;0.077;26.5;16.9;
3160;2020-05-11 18:00:00;0.63;;;;45.0;12.0;5.62;725.0;0.0;45.0;4.6;0.133;27.92;41.6;
3161;2020-05-11 19:00:00;0.61;;;;49.0;25.0;5.03;724.7;0.0;43.0;4.8;0.054;27.87;34.2;
3162;2020-05-11 20:00:00;0.67;;;;39.0;15.0;5.1;725.1;0.0;64.0;4.7;0.011;24.54;33.1;
3163;2020-05-11 21:00:00;0.63;;;;50.0;15.0;7.05;725.5;0.0;51.0;4.7;0.007;25.26;34.6;
3164;2020-05-11 22:00:00;0.65;;;;46.0;14.0;7.38;725.7;0.0;52.0;4.8;0.007;25.04;20.0;
3165;2020-05-11 23:00:00;0.72;;;;30.0;12.0;;725.7;0.0;75.0;4.7;0.007;21.51;11.6;
3166;2020-05-12 00:00:00;0.72;;;;25.0;16.0;;725.9;0.0;81.0;4.7;0.007;20.73;7.7;
3167;2020-05-12 01:00:00;0.68;;;;27.0;20.0;;725.8;0.0;86.0;;0.007;20.45;8.8;
3168;2020-05-12 02:00:00;0.69;;;;23.0;17.0;7.84;725.6;0.0;87.0;4.8;0.007;20.41;3.5;
3169;2020-05-12 03:00:00;0.68;;;;24.0;14.0;8.62;725.4;0.0;85.0;4.7;0.007;20.75;3.0;
3170;2020-05-12 04:00:00;0.66;;;;28.0;13.0;8.65;725.5;0.0;85.0;4.8;0.007;20.89;3.9;
3171;2020-05-12 05:00:00;0.66;;;;25.0;15.0;8.01;725.8;0.0;86.0;4.8;0.007;20.62;8.1;
3172;2020-05-12 06:00:00;0.7;;;;21.0;14.0;6.78;726.2;0.0;85.0;4.9;0.007;20.58;5.0;
3173;2020-05-12 07:00:00;0.76;;;;19.0;16.0;7.65;726.6;0.0;84.0;5.0;0.013;20.78;4.0;
3174;2020-05-12 08:00:00;0.75;;;;22.0;26.0;8.73;727.1;0.0;82.0;4.7;0.029;21.11;3.1;
3175;2020-05-12 09:00:00;0.83;;;;21.0;16.0;9.91;727.4;0.0;78.0;4.7;0.065;21.86;3.6;
3176;2020-05-12 10:00:00;0.82;;;;27.0;22.0;14.76;727.4;0.0;71.0;4.8;0.225;23.64;6.0;
3177;2020-05-12 11:00:00;0.83;;;;34.0;32.0;12.88;727.4;0.0;66.0;4.8;0.356;24.87;9.7;
3178;2020-05-12 12:00:00;0.81;;;;50.0;38.0;14.26;726.8;0.0;60.0;4.7;0.542;26.44;14.3;
3179;2020-05-12 13:00:00;0.75;;;;52.0;35.0;13.2;726.1;0.0;58.0;4.6;0.576;27.21;15.8;
3180;2020-05-12 14:00:00;0.76;;;;58.0;25.0;;725.7;0.0;56.0;4.8;0.588;28.06;15.0;
3181;2020-05-12 15:00:00;0.75;;;;52.0;27.0;;725.0;0.0;55.0;4.9;0.531;28.96;17.4;
3182;2020-05-12 16:00:00;0.76;;;;55.0;25.0;;724.4;0.0;52.0;4.9;0.444;30.03;19.3;
3183;2020-05-12 17:00:00;0.76;;;;57.0;28.0;14.38;724.0;0.0;48.0;4.7;0.311;30.83;16.5;
3184;2020-05-12 18:00:00;0.75;;;;46.0;21.0;12.86;723.6;0.0;48.0;4.6;0.199;30.51;14.3;
3185;2020-05-12 19:00:00;0.73;;;;42.0;26.0;11.28;723.5;0.0;50.0;4.7;0.036;29.5;16.7;
3186;2020-05-12 20:00:00;0.77;;;;36.0;20.0;11.69;723.8;0.0;55.0;4.6;0.01;28.06;10.0;
3187;2020-05-12 21:00:00;0.87;;;;29.0;26.0;14.52;724.3;0.0;60.0;4.6;0.007;26.9;6.7;
3188;2020-05-12 22:00:00;0.82;;;;32.0;28.0;23.85;724.5;0.0;60.0;4.7;0.007;26.98;11.6;
3189;2020-05-12 23:00:00;0.73;;;;34.0;26.0;;724.7;0.0;68.0;4.6;0.007;25.97;21.4;
3190;2020-05-13 00:00:00;0.72;;;;33.0;14.0;;724.8;0.0;72.0;4.8;0.007;25.14;23.2;
3191;2020-05-13 01:00:00;0.71;;;;30.0;23.0;;724.9;0.0;76.0;4.8;0.007;24.17;13.1;
3192;2020-05-13 02:00:00;0.73;;;;24.0;50.0;;724.7;0.0;81.0;4.9;0.007;23.22;8.6;
3193;2020-05-13 03:00:00;0.72;;;;23.0;55.0;33.62;724.7;0.0;84.0;4.9;0.007;22.71;15.5;
3194;2020-05-13 04:00:00;0.7;;;;26.0;33.0;13.71;724.7;0.0;85.0;4.1;0.007;22.69;14.5;
3195;2020-05-13 05:00:00;0.7;;;;25.0;33.0;18.07;724.7;0.0;86.0;4.1;0.007;22.23;13.5;
3196;2020-05-13 06:00:00;0.74;;;;19.0;19.0;9.65;724.8;0.0;89.0;4.0;0.007;21.91;9.7;
3197;2020-05-13 07:00:00;0.78;;;;16.0;10.0;8.91;725.3;0.0;89.0;3.9;0.015;21.92;9.8;
3198;2020-05-13 08:00:00;0.82;;;;16.0;21.0;11.13;725.5;0.0;88.0;4.1;0.045;22.15;4.6;
3199;2020-05-13 09:00:00;0.83;;;;20.0;23.0;11.91;725.3;0.0;82.0;4.1;0.123;23.33;5.6;
3200;2020-05-13 10:00:00;0.84;;;;22.0;33.0;12.06;725.2;0.0;78.0;;0.159;24.33;10.0;
3201;2020-05-13 11:00:00;0.8;;;;27.0;31.0;13.24;725.1;0.0;73.0;4.0;0.153;25.09;8.1;
3202;2020-05-13 12:00:00;0.81;;;;34.0;26.0;13.09;725.0;0.0;67.0;4.0;0.231;26.79;8.8;
3203;2020-05-13 13:00:00;0.76;;;;35.0;29.0;13.76;724.7;0.0;63.0;4.1;0.549;28.37;19.8;
3204;2020-05-13 14:00:00;0.74;;;;37.0;24.0;13.7;724.3;0.0;56.0;4.1;0.617;30.07;20.8;
3205;2020-05-13 15:00:00;0.73;;;;38.0;19.0;12.59;723.8;0.0;49.0;4.2;0.552;31.5;18.8;
3206;2020-05-13 16:00:00;0.74;;;;39.0;21.0;12.93;723.3;0.0;47.0;4.2;0.416;32.25;16.8;
3207;2020-05-13 17:00:00;0.75;;;;38.0;19.0;12.5;722.7;0.0;48.0;;0.282;32.31;16.9;353.0
3208;2020-05-13 18:00:00;0.77;;;;38.0;21.0;11.92;722.3;0.0;48.0;4.1;0.16;32.22;16.6;352.0
3209;2020-05-13 19:00:00;0.74;;;;41.0;26.0;12.01;722.3;0.0;46.0;4.3;0.03;31.53;18.2;352.0
3210;2020-05-13 20:00:00;0.79;;;;34.0;19.0;12.38;722.4;0.0;54.0;4.2;0.009;30.13;20.1;352.0
3211;2020-05-13 21:00:00;0.71;;;;37.0;35.0;9.42;723.8;0.0;65.0;4.2;0.007;25.85;29.1;
3212;2020-05-13 22:00:00;0.74;;;;40.0;16.0;8.83;724.4;0.0;64.0;;0.007;23.98;15.9;
3213;2020-05-13 23:00:00;0.74;;;;38.0;13.0;8.62;724.5;0.0;69.0;4.3;0.007;23.55;20.5;
3214;2020-05-14 00:00:00;0.73;;;;35.0;15.0;7.89;724.7;0.0;74.0;4.4;0.007;23.29;15.3;
3215;2020-05-14 01:00:00;0.72;;;;30.0;19.0;10.18;724.5;0.0;81.0;4.4;0.007;23.25;13.5;
3216;2020-05-14 02:00:00;0.72;;;;29.0;17.0;11.08;724.3;0.0;79.0;;0.007;23.66;11.7;
3217;2020-05-14 03:00:00;0.73;;;;26.0;20.0;10.26;724.2;0.0;85.0;4.2;0.007;22.87;9.1;
3218;2020-05-14 04:00:00;0.74;;;;24.0;9.0;8.32;724.4;0.1;91.0;4.1;0.007;22.16;3.5;351.0
3219;2020-05-14 05:00:00;0.76;;;;21.0;26.0;6.65;724.4;0.17;92.0;4.3;0.008;22.22;3.3;351.0
3220;2020-05-14 06:00:00;0.77;;;;19.0;;8.87;724.7;0.32;93.0;4.1;0.008;22.25;11.6;352.0
3221;2020-05-14 07:00:00;0.78;;;;21.0;7.0;;725.2;0.05;93.0;4.1;0.02;22.07;13.8;352.0
3222;2020-05-14 08:00:00;0.82;;;;20.0;7.0;;725.5;0.0;93.0;;0.069;22.12;11.3;352.0
3223;2020-05-14 09:00:00;0.86;;;;20.0;6.0;;725.5;0.0;93.0;4.0;0.143;22.48;12.4;351.0
3224;2020-05-14 10:00:00;0.88;;;;18.0;4.0;;725.7;0.0;91.0;4.1;0.227;23.46;12.5;352.0
3225;2020-05-14 11:00:00;0.83;;;;21.0;4.0;;725.8;0.0;84.0;4.2;0.339;24.71;18.2;352.0
3226;2020-05-14 12:00:00;0.8;;;;24.0;13.0;8.88;725.5;0.0;78.0;4.3;0.555;26.3;18.7;352.0
3227;2020-05-14 13:00:00;0.79;;;;28.0;11.0;8.04;725.0;0.0;69.0;4.3;0.571;28.09;18.5;
3228;2020-05-14 14:00:00;0.77;;;;31.0;12.0;7.83;724.7;0.0;61.0;4.2;0.556;29.63;14.9;
3229;2020-05-14 15:00:00;0.76;;;;32.0;18.0;7.6;724.0;0.0;56.0;4.1;0.464;30.61;15.8;
3230;2020-05-14 16:00:00;0.77;;;;34.0;10.0;8.61;723.2;0.0;55.0;4.1;0.4;31.08;16.9;
3231;2020-05-14 17:00:00;0.78;;;;36.0;13.0;9.53;722.7;0.0;55.0;4.2;0.313;31.37;18.2;
3232;2020-05-14 18:00:00;0.78;;;;38.0;21.0;10.88;722.2;0.0;56.0;4.6;0.125;30.7;18.3;
3233;2020-05-14 19:00:00;0.79;;;;38.0;28.0;13.9;722.1;0.0;53.0;4.4;0.034;30.45;14.3;
3234;2020-05-14 20:00:00;0.77;;;;41.0;28.0;18.37;722.1;0.0;51.0;4.5;0.009;29.92;15.3;
3235;2020-05-14 21:00:00;0.8;;;;41.0;36.0;20.67;722.4;0.0;50.0;4.6;0.007;30.09;15.6;
3236;2020-05-14 22:00:00;0.8;;;;37.0;30.0;19.72;722.7;0.0;59.0;4.5;0.007;28.92;20.4;
3237;2020-05-14 23:00:00;0.78;;;;31.0;31.0;21.81;723.1;0.0;69.0;4.5;0.007;27.54;26.8;
3238;2020-05-15 00:00:00;0.77;;;;28.0;32.0;22.76;723.0;0.0;74.0;4.6;0.007;26.48;28.3;
3239;2020-05-15 01:00:00;0.77;;;;25.0;32.0;22.47;722.8;0.0;79.0;4.6;0.007;25.55;22.6;
3240;2020-05-15 02:00:00;0.78;;;;23.0;35.0;24.44;722.5;0.0;81.0;4.7;0.007;24.99;16.0;
3241;2020-05-15 03:00:00;0.78;;;;21.0;33.0;29.23;722.1;0.0;85.0;4.7;0.007;24.3;12.6;
3242;2020-05-15 04:00:00;0.77;;;;20.0;43.0;25.23;721.8;0.0;87.0;;0.007;23.89;15.5;
3243;2020-05-15 05:00:00;0.78;;;;19.0;35.0;25.23;721.8;0.0;88.0;;0.007;23.55;14.7;
3244;2020-05-15 06:00:00;0.83;;;;16.0;41.0;27.22;721.9;0.0;88.0;;0.007;23.44;8.8;
3245;2020-05-15 07:00:00;0.84;;;;18.0;44.0;27.47;722.3;0.0;88.0;;0.03;23.51;6.2;
3246;2020-05-15 08:00:00;0.96;;;;14.0;46.0;29.11;722.8;0.0;86.0;4.9;0.059;24.09;5.2;
3247;2020-05-15 09:00:00;1.06;;;;13.0;56.0;31.93;722.7;0.0;84.0;4.8;0.113;24.77;7.9;
3248;2020-05-15 10:00:00;1.03;;;;18.0;69.0;31.8;722.9;0.0;80.0;4.6;0.196;25.79;10.2;
3249;2020-05-15 11:00:00;1.02;;;;27.0;58.0;31.98;722.8;0.0;73.0;4.6;0.281;27.27;12.4;
3250;2020-05-15 12:00:00;0.93;;;;34.0;62.0;27.15;722.7;0.0;68.0;4.7;0.286;27.86;14.5;
3251;2020-05-15 13:00:00;0.88;;;;43.0;53.0;27.72;722.4;0.0;62.0;4.6;0.606;29.42;17.8;
3252;2020-05-15 14:00:00;0.87;;;;50.0;51.0;31.65;722.1;0.0;58.0;4.5;0.547;30.47;14.9;
3253;2020-05-15 15:00:00;0.88;;;;52.0;54.0;28.1;721.5;0.0;55.0;4.7;0.498;31.5;16.3;
3254;2020-05-15 16:00:00;0.87;;;;48.0;53.0;25.82;720.6;0.0;52.0;4.5;0.422;32.29;21.2;
3255;2020-05-15 17:00:00;0.86;;;;42.0;42.0;26.8;719.7;0.0;52.0;4.7;0.298;32.56;20.8;
3256;2020-05-15 18:00:00;0.86;;;;40.0;40.0;27.03;719.0;0.0;56.0;4.8;0.153;31.85;25.2;
3257;2020-05-15 19:00:00;0.86;;;;40.0;48.0;27.63;719.1;0.0;54.0;4.7;0.041;31.58;21.0;
3258;2020-05-15 20:00:00;0.84;;;;42.0;49.0;28.05;719.1;0.0;50.0;4.7;0.009;31.74;15.9;
3259;2020-05-15 21:00:00;0.92;;;;25.0;50.0;27.77;720.3;0.0;67.0;;0.007;29.69;21.6;
3260;2020-05-15 22:00:00;0.86;;;;25.0;60.0;25.95;720.8;0.02;75.0;4.6;0.007;27.44;21.1;
3261;2020-05-15 23:00:00;0.85;;;;23.0;44.0;25.72;720.4;0.0;78.0;4.7;0.007;26.99;15.3;
3262;2020-05-16 00:00:00;0.83;;;;22.0;42.0;24.7;720.0;0.0;82.0;4.7;0.007;26.13;16.4;
3263;2020-05-16 01:00:00;0.85;;;;20.0;38.0;23.52;720.2;0.0;83.0;4.8;0.007;25.45;11.9;
3264;2020-05-16 02:00:00;0.82;;;;20.0;43.0;23.92;720.2;0.0;84.0;4.7;0.007;25.29;11.2;
3265;2020-05-16 03:00:00;0.81;;;;20.0;41.0;23.63;720.4;0.0;85.0;4.7;0.007;25.28;8.5;
3266;2020-05-16 04:00:00;0.81;;;;;41.0;22.14;720.5;0.02;88.0;;0.008;24.76;4.9;
3267;2020-05-16 05:00:00;0.81;;;;;25.0;21.61;720.9;0.0;90.0;;0.008;24.54;7.2;
3268;2020-05-16 06:00:00;0.85;;;;16.0;37.0;24.27;721.4;0.0;90.0;4.8;0.009;24.76;3.4;
3269;2020-05-16 07:00:00;0.88;;;;15.0;34.0;26.77;721.8;0.0;88.0;4.7;0.022;24.9;5.6;
3270;2020-05-16 08:00:00;0.92;;;;17.0;56.0;15.93;722.1;0.0;82.0;4.8;0.085;24.36;9.1;
3271;2020-05-16 09:00:00;0.97;;;;19.0;28.0;16.66;722.3;0.0;74.0;4.7;0.145;26.4;5.8;
3272;2020-05-16 10:00:00;0.94;;;;22.0;34.0;18.71;722.8;0.0;72.0;4.9;0.223;26.61;10.5;
3273;2020-05-16 11:00:00;0.88;;;;35.0;47.0;17.67;722.9;0.0;66.0;4.9;0.411;28.43;13.7;
3274;2020-05-16 12:00:00;0.92;;;;50.0;42.0;21.07;722.8;0.0;61.0;4.8;0.55;30.01;16.6;
3275;2020-05-16 13:00:00;0.91;;;;59.0;47.0;24.35;722.2;0.0;56.0;4.9;0.596;31.18;15.1;
3276;2020-05-16 14:00:00;0.91;;;;61.0;50.0;24.7;721.7;0.0;54.0;4.8;0.587;32.32;15.6;
3277;2020-05-16 15:00:00;0.88;;;;47.0;43.0;23.2;721.1;0.0;59.0;4.8;0.316;31.36;21.3;
3278;2020-05-16 16:00:00;0.88;;;;45.0;42.0;22.89;720.8;0.0;59.0;4.9;0.272;31.06;22.2;
3279;2020-05-16 17:00:00;0.87;;;;46.0;43.0;24.85;720.6;0.0;57.0;4.9;0.214;31.18;20.9;
3280;2020-05-16 18:00:00;0.88;;;;44.0;47.0;29.59;721.0;0.0;58.0;4.7;0.096;30.41;21.4;
3281;2020-05-16 19:00:00;0.88;;;;40.0;49.0;20.44;721.8;0.0;59.0;4.7;0.046;30.08;19.4;
3282;2020-05-16 20:00:00;0.91;;;;38.0;34.0;17.95;722.5;0.1;70.0;4.6;0.009;27.28;22.4;
3283;2020-05-16 21:00:00;0.74;;;;57.0;34.0;7.79;723.2;0.0;42.0;4.6;0.007;26.49;36.5;
3284;2020-05-16 22:00:00;0.72;;;;54.0;34.0;8.14;723.7;0.0;39.0;;0.007;26.35;12.0;
3285;2020-05-16 23:00:00;0.9;;;;38.0;19.0;13.6;724.5;0.0;56.0;4.5;0.007;22.97;10.9;
3286;2020-05-17 00:00:00;0.89;;;;31.0;27.0;13.76;724.5;0.0;67.0;4.5;0.007;21.54;7.4;
3287;2020-05-17 01:00:00;0.84;;;;32.0;26.0;13.44;724.0;0.0;65.0;4.6;0.007;22.02;9.3;
3288;2020-05-17 02:00:00;0.88;;;;25.0;21.0;13.91;723.9;0.0;70.0;4.5;0.007;21.38;7.0;
3289;2020-05-17 03:00:00;0.88;;;;23.0;23.0;14.88;723.1;0.0;74.0;4.5;0.007;21.18;9.0;
3290;2020-05-17 04:00:00;0.93;;;;21.0;31.0;14.92;723.5;0.0;75.0;4.4;0.007;21.1;8.4;
3291;2020-05-17 05:00:00;1.03;;;;17.0;38.0;17.61;723.7;0.0;80.0;4.5;0.007;20.94;9.5;
3292;2020-05-17 06:00:00;1.05;;;;13.0;39.0;18.61;724.3;0.0;79.0;4.5;0.008;20.88;8.2;
3293;2020-05-17 07:00:00;1.14;;;;12.0;37.0;18.38;725.2;0.0;75.0;4.6;0.053;21.8;5.9;
3294;2020-05-17 08:00:00;0.88;;;;35.0;46.0;13.74;726.1;0.0;59.0;4.5;0.165;25.21;7.1;
3295;2020-05-17 09:00:00;0.77;;;;45.0;26.0;10.98;726.5;0.0;55.0;4.4;0.294;25.92;12.3;
3296;2020-05-17 10:00:00;0.81;;;;50.0;25.0;11.42;726.9;0.0;51.0;4.5;0.431;27.55;9.8;
3297;2020-05-17 11:00:00;0.81;;;;58.0;24.0;12.37;727.0;0.0;47.0;4.6;0.528;29.38;9.9;
3298;2020-05-17 12:00:00;0.81;;;;64.0;23.0;12.95;727.0;0.0;45.0;4.4;0.591;30.57;10.7;
3299;2020-05-17 13:00:00;0.84;;;;72.0;29.0;13.97;726.7;0.0;43.0;4.5;0.61;31.37;15.2;
3300;2020-05-17 14:00:00;0.85;;;;73.0;29.0;14.81;726.4;0.0;42.0;4.2;0.595;32.06;18.3;
3301;2020-05-17 15:00:00;0.78;;;;57.0;28.0;12.09;726.2;0.0;40.0;4.3;0.55;32.52;20.8;
3302;2020-05-17 16:00:00;0.77;;;;60.0;22.0;12.62;725.9;0.0;40.0;4.5;0.459;32.99;19.6;
3303;2020-05-17 17:00:00;0.77;;;;55.0;29.0;12.66;725.7;0.0;39.0;5.1;0.338;33.28;18.6;
3304;2020-05-17 18:00:00;0.78;;;;54.0;31.0;12.1;725.5;0.0;40.0;5.1;0.163;32.53;18.4;
3305;2020-05-17 19:00:00;0.82;;;;52.0;25.0;11.54;725.5;0.0;44.0;4.6;0.033;31.07;18.0;
3306;2020-05-17 20:00:00;0.84;;;;51.0;14.0;11.73;726.0;0.0;49.0;4.3;0.011;29.94;18.8;
3307;2020-05-17 21:00:00;0.79;;;;50.0;24.0;10.47;726.5;0.0;53.0;4.4;0.007;28.66;27.2;
3308;2020-05-17 22:00:00;0.79;;;;49.0;25.0;9.41;726.6;0.0;54.0;4.3;0.007;27.89;11.2;
3309;2020-05-17 23:00:00;0.9;;;;38.0;13.0;11.9;726.6;0.0;66.0;4.1;0.007;25.44;10.5;
3310;2020-05-18 00:00:00;0.93;;;;34.0;28.0;11.74;726.7;0.0;69.0;4.1;0.007;24.23;15.5;
3311;2020-05-18 01:00:00;0.89;;;;32.0;28.0;11.79;726.4;0.0;71.0;4.2;0.007;23.74;9.2;
3312;2020-05-18 02:00:00;0.81;;;;30.0;24.0;9.54;726.0;0.0;73.0;4.1;0.007;23.05;4.7;
3313;2020-05-18 03:00:00;0.79;;;;24.0;14.0;9.39;725.7;0.0;77.0;4.2;0.007;22.07;2.9;
3314;2020-05-18 04:00:00;0.81;;;;16.0;16.0;9.37;725.6;0.0;81.0;4.2;0.007;21.38;2.9;
3315;2020-05-18 05:00:00;0.86;;;;9.0;13.0;9.88;725.5;0.0;83.0;4.1;0.007;20.85;2.9;
3316;2020-05-18 06:00:00;0.96;;;;7.0;17.0;12.59;725.7;0.0;82.0;4.1;0.008;20.65;;
3317;2020-05-18 07:00:00;1.04;;;;10.0;32.0;13.06;726.2;0.0;79.0;4.0;0.045;21.63;3.7;
3318;2020-05-18 08:00:00;1.13;;;;18.0;36.0;12.89;726.8;0.0;66.0;4.0;0.174;25.06;3.9;
3319;2020-05-18 09:00:00;1.33;;;;22.0;41.0;16.91;727.0;0.0;66.0;4.2;0.307;25.31;9.5;
3320;2020-05-18 10:00:00;1.27;;;;36.0;68.0;16.78;727.0;0.0;60.0;4.4;0.435;27.17;7.7;
3321;2020-05-18 11:00:00;1.13;;;;48.0;58.0;16.65;727.0;0.0;55.0;4.9;0.532;28.56;13.2;
3322;2020-05-18 12:00:00;0.88;;;;63.0;54.0;13.48;726.7;0.0;45.0;6.3;0.595;30.17;17.6;
3323;2020-05-18 13:00:00;0.85;;;;64.0;51.0;12.19;726.3;0.0;46.0;6.0;0.615;31.03;22.5;
3324;2020-05-18 14:00:00;0.82;;;;56.0;40.0;10.45;725.9;0.0;40.0;5.1;0.606;32.78;24.1;
3325;2020-05-18 15:00:00;0.78;;;;55.0;29.0;9.75;725.3;0.0;35.0;4.9;0.56;33.71;25.6;
3326;2020-05-18 16:00:00;0.78;;;;52.0;24.0;9.93;724.6;0.0;32.0;4.8;0.471;34.74;23.0;
3327;2020-05-18 17:00:00;0.77;;;;52.0;18.0;9.75;724.3;0.0;31.0;4.5;0.349;35.14;20.5;
3328;2020-05-18 18:00:00;0.76;;;;54.0;21.0;8.97;724.0;0.0;27.0;4.5;0.18;35.05;19.2;
3329;2020-05-18 19:00:00;0.77;;;;55.0;21.0;11.3;724.0;0.0;30.0;4.4;0.028;34.14;14.9;
3330;2020-05-18 20:00:00;0.76;;;;54.0;24.0;12.6;724.1;0.0;32.0;4.3;0.01;33.21;15.1;
3331;2020-05-18 21:00:00;0.76;;;;53.0;18.0;9.72;724.4;0.0;32.0;4.2;0.007;32.89;12.2;
3332;2020-05-18 22:00:00;0.85;;;;44.0;15.0;11.93;724.7;0.0;38.0;4.3;0.007;31.4;20.2;
3333;2020-05-18 23:00:00;0.83;;;;36.0;32.0;11.45;724.9;0.0;55.0;4.1;0.007;28.7;29.2;
3334;2020-05-19 00:00:00;0.84;;;;32.0;32.0;11.7;724.9;0.0;62.0;4.1;0.007;27.25;18.3;353.0
3335;2020-05-19 01:00:00;0.83;;;;29.0;27.0;11.96;724.7;0.0;67.0;;0.007;26.13;16.2;353.0
3336;2020-05-19 02:00:00;0.84;;;;25.0;27.0;12.56;724.2;0.0;72.0;4.2;0.007;25.04;11.0;353.0
3337;2020-05-19 03:00:00;0.83;;;;24.0;30.0;13.13;723.8;0.0;75.0;4.1;0.007;24.03;11.3;
3338;2020-05-19 04:00:00;0.82;;;;23.0;29.0;13.81;723.6;0.0;79.0;4.1;0.007;23.23;6.5;
3339;2020-05-19 05:00:00;0.84;;;;15.0;25.0;13.02;723.6;0.0;82.0;4.2;0.007;22.54;2.9;
3340;2020-05-19 06:00:00;0.86;;;;7.0;22.0;13.26;723.6;0.0;85.0;4.2;0.008;21.92;2.9;352.0
3341;2020-05-19 07:00:00;1.03;;;;5.0;31.0;15.33;724.0;0.0;83.0;;0.046;23.08;3.4;353.0
3342;2020-05-19 08:00:00;1.25;;;;10.0;35.0;17.3;724.4;0.0;70.0;;0.169;26.47;7.2;351.0
3343;2020-05-19 09:00:00;1.44;;;;20.0;58.0;18.72;724.5;0.0;68.0;4.1;0.301;27.22;9.8;352.0
3344;2020-05-19 10:00:00;1.23;;;;32.0;65.0;;724.6;0.0;66.0;4.2;0.424;27.83;11.2;352.0
3345;2020-05-19 11:00:00;1.15;;;;49.0;62.0;22.42;724.4;0.0;63.0;4.3;0.524;28.8;12.9;352.0
3346;2020-05-19 12:00:00;1.12;;;;73.0;61.0;23.32;724.0;0.0;56.0;4.3;0.586;30.74;14.5;
3347;2020-05-19 13:00:00;1.1;;;;84.0;62.0;26.09;723.6;0.0;55.0;4.2;0.601;31.58;18.5;
3348;2020-05-19 14:00:00;1.02;;;;85.0;75.0;22.55;723.0;0.0;49.0;4.2;0.59;32.85;20.0;
3349;2020-05-19 15:00:00;0.95;;;;80.0;63.0;18.74;722.2;0.0;42.0;4.5;0.54;34.26;12.9;
3350;2020-05-19 16:00:00;0.9;;;;72.0;48.0;15.38;721.9;0.0;34.0;5.0;0.402;35.65;20.0;
3351;2020-05-19 17:00:00;0.86;;;;69.0;33.0;13.73;721.7;0.0;29.0;5.0;0.217;36.23;9.2;
3352;2020-05-19 18:00:00;0.89;;;;55.0;31.0;13.2;720.8;0.0;34.0;4.9;0.057;33.7;21.7;
3353;2020-05-19 19:00:00;0.77;;;;56.0;42.0;10.17;720.9;0.0;26.0;4.6;0.025;34.06;16.1;
3354;2020-05-19 20:00:00;0.82;;;;49.0;27.0;11.19;721.4;0.0;31.0;4.4;0.009;32.97;11.9;
3355;2020-05-19 21:00:00;0.97;;;;29.0;25.0;15.62;721.7;0.0;41.0;4.4;0.007;30.48;5.1;
3356;2020-05-19 22:00:00;0.97;;;;32.0;31.0;18.77;722.2;0.0;41.0;;0.007;30.77;14.3;
3357;2020-05-19 23:00:00;0.85;;;;37.0;49.0;17.18;722.2;0.0;48.0;;0.007;30.75;12.5;
3358;2020-05-20 00:00:00;;;;;;;;;;;;0.0;;;
3359;2020-05-20 01:00:00;;;;;;;;;;;;0.0;;;
3360;2020-05-20 02:00:00;;;;;;;;;;;;0.0;;;
3361;2020-05-20 03:00:00;;;;;;;;;;;;0.0;;;
3362;2020-05-20 04:00:00;;;;;;;;;;;;0.0;;;
3363;2020-05-20 05:00:00;;;;;;;;;;;;0.0;;;
3364;2020-05-20 06:00:00;;;;;;;;;;;;0.0;;;
3365;2020-05-20 07:00:00;;;;;;;;;;;;0.0;;;
3366;2020-05-20 08:00:00;;;;;;;;;;;;0.0;;;
3367;2020-05-20 09:00:00;;;;;;;;;;;;0.0;;;
3368;2020-05-20 10:00:00;;;;;;;;;;;;0.0;;;
3369;2020-05-20 11:00:00;1.04;;;;44.0;59.0;;723.2;0.0;65.0;4.2;0.505;28.65;16.9;
3370;2020-05-20 12:00:00;1.0;;;;56.0;64.0;;722.9;0.0;62.0;4.2;0.571;29.91;18.5;
3371;2020-05-20 13:00:00;0.97;;;;53.0;83.0;;722.4;0.0;57.0;4.0;0.551;31.15;19.7;
3372;2020-05-20 14:00:00;0.96;;;;45.0;57.0;;722.0;0.0;57.0;4.0;0.396;31.7;20.1;
3373;2020-05-20 15:00:00;0.97;;;;46.0;59.0;;721.5;0.0;56.0;3.9;0.568;32.26;16.9;
3374;2020-05-20 16:00:00;0.97;;;;51.0;48.0;;720.8;0.0;51.0;4.0;0.437;33.05;20.7;
3375;2020-05-20 17:00:00;0.94;;;;53.0;60.0;;720.1;0.0;48.0;4.1;0.328;33.32;22.6;
3376;2020-05-20 18:00:00;0.87;;;;53.0;48.0;;719.5;0.0;39.0;4.2;0.169;33.44;26.3;
3377;2020-05-20 19:00:00;0.89;;;;49.0;48.0;;719.5;0.0;39.0;4.4;0.037;32.95;23.3;
3378;2020-05-20 20:00:00;0.88;;;;48.0;44.0;;720.2;0.0;43.0;4.4;0.012;32.09;18.8;
3379;2020-05-20 21:00:00;0.83;;;;50.0;46.0;;720.6;0.0;40.0;4.3;0.007;32.44;14.5;
3380;2020-05-20 22:00:00;0.98;;;;39.0;28.0;;720.7;0.0;48.0;4.2;0.007;31.15;19.8;
3381;2020-05-20 23:00:00;0.94;;;;33.0;53.0;;721.0;0.0;62.0;4.1;0.007;29.24;24.6;
3382;2020-05-21 00:00:00;0.91;;;;31.0;47.0;;721.3;0.0;68.0;4.0;0.007;28.26;22.6;
3383;2020-05-21 01:00:00;0.92;;;;29.0;51.0;;721.1;0.0;72.0;4.0;0.007;27.42;17.1;
3384;2020-05-21 02:00:00;0.91;;;;30.0;41.0;;720.6;0.0;73.0;;0.007;26.97;13.0;
3385;2020-05-21 03:00:00;0.91;;;;27.0;46.0;;720.8;0.0;78.0;;0.007;25.88;14.7;
3386;2020-05-21 04:00:00;0.9;;;;26.0;46.0;;721.7;0.0;80.0;4.1;0.007;25.24;18.0;
3387;2020-05-21 05:00:00;0.89;;;;25.0;46.0;;722.0;0.0;82.0;4.0;0.007;24.99;15.6;
3388;2020-05-21 06:00:00;0.92;;;;26.0;47.0;;722.3;0.0;82.0;4.1;0.007;24.88;15.7;
3389;2020-05-21 07:00:00;0.95;;;;24.0;54.0;;722.7;0.04;88.0;4.0;0.01;24.02;11.4;
3390;2020-05-21 08:00:00;1.08;;;;21.0;50.0;;723.2;0.06;90.0;4.0;0.019;23.7;9.3;
3391;2020-05-21 09:00:00;1.01;;;;20.0;49.0;;724.2;0.13;91.0;3.9;0.029;23.76;15.4;
3392;2020-05-21 10:00:00;1.05;;;;22.0;48.0;;724.7;0.0;91.0;4.0;0.106;24.12;14.4;
3393;2020-05-21 11:00:00;0.98;;;;28.0;55.0;;724.6;0.0;82.0;4.1;0.254;25.94;15.2;
3394;2020-05-21 12:00:00;0.95;;;;37.0;55.0;;724.0;0.0;65.0;4.0;0.341;28.19;19.8;
3395;2020-05-21 13:00:00;0.94;;;;36.0;62.0;;723.1;0.0;62.0;4.0;0.602;29.81;23.3;
3396;2020-05-21 14:00:00;0.93;;;;36.0;42.0;;722.6;0.0;59.0;;0.591;30.78;24.5;
3397;2020-05-21 15:00:00;0.93;;;;36.0;38.0;;722.0;0.0;58.0;3.9;0.302;30.18;20.0;
3398;2020-05-21 16:00:00;0.95;;;;37.0;37.0;;721.4;0.0;57.0;4.1;0.231;30.64;11.7;
3399;2020-05-21 17:00:00;0.98;;;;39.0;42.0;;720.6;0.0;61.0;4.1;0.17;29.58;24.3;
3400;2020-05-21 18:00:00;0.96;;;;37.0;57.0;;720.9;0.0;63.0;4.0;0.149;29.5;22.9;
3401;2020-05-21 19:00:00;0.95;;;;36.0;53.0;;721.5;0.0;66.0;4.1;0.04;28.53;18.8;
3402;2020-05-21 20:00:00;0.92;;;;37.0;44.0;;722.7;0.0;66.0;4.0;0.01;27.93;18.8;
3403;2020-05-21 21:00:00;0.88;;;;42.0;40.0;;723.3;0.0;61.0;4.0;0.007;28.19;16.7;
3404;2020-05-21 22:00:00;0.89;;;;39.0;35.0;;723.4;0.0;62.0;;0.007;27.94;12.0;
3405;2020-05-21 23:00:00;0.96;;;;30.0;38.0;;723.6;0.0;68.0;;0.007;26.81;7.9;
3406;2020-05-22 00:00:00;0.95;;;;23.0;35.0;;723.2;0.0;74.0;;0.007;25.68;6.0;
3407;2020-05-22 01:00:00;0.97;;;;18.0;29.0;;722.6;0.0;77.0;3.9;0.007;24.97;6.8;
3408;2020-05-22 02:00:00;0.92;;;;23.0;37.0;;722.3;0.0;77.0;4.1;0.007;23.91;11.0;
3409;2020-05-22 03:00:00;0.89;;;;23.0;39.0;;721.9;0.0;80.0;4.0;0.007;23.14;7.2;
3410;2020-05-22 04:00:00;0.88;;;;24.0;30.0;;722.1;0.0;80.0;4.0;0.007;22.48;8.7;
3411;2020-05-22 05:00:00;0.86;;;;19.0;26.0;;722.1;0.0;84.0;4.1;0.007;21.72;3.7;
3412;2020-05-22 06:00:00;0.91;;;;12.0;21.0;;721.9;0.0;85.0;4.1;0.008;21.79;2.9;
3413;2020-05-22 07:00:00;1.15;;;;7.0;34.0;;722.4;0.0;82.0;;0.046;22.43;5.8;
3414;2020-05-22 08:00:00;1.28;;;;14.0;37.0;;723.3;0.0;72.0;4.3;0.162;24.58;9.1;
3415;2020-05-22 09:00:00;1.29;;;;26.0;47.0;;723.9;0.0;67.0;4.2;0.288;26.21;8.9;
3416;2020-05-22 10:00:00;1.13;;;;37.0;52.0;;724.4;0.0;68.0;4.3;0.398;26.68;11.4;
3417;2020-05-22 11:00:00;0.99;;;;50.0;41.0;;724.6;0.0;62.0;4.2;0.52;28.01;16.8;
3418;2020-05-22 12:00:00;0.92;;;;59.0;40.0;;724.4;0.0;57.0;4.8;0.58;29.11;16.9;
3419;2020-05-22 13:00:00;0.92;;;;59.0;46.0;23.87;724.2;0.0;53.0;5.3;0.602;30.45;18.0;
3420;2020-05-22 14:00:00;0.9;;;;54.0;47.0;19.29;723.8;0.0;47.0;5.4;0.562;31.78;19.3;
3421;2020-05-22 15:00:00;0.97;;;;69.0;31.0;24.79;723.3;0.0;49.0;4.6;0.427;32.25;21.3;
3422;2020-05-22 16:00:00;0.92;;;;66.0;46.0;21.84;722.7;0.0;43.0;4.6;0.424;33.16;20.3;
3423;2020-05-22 17:00:00;0.89;;;;54.0;33.0;17.91;722.2;0.0;42.0;;0.175;32.9;18.7;
3424;2020-05-22 18:00:00;0.89;;;;55.0;27.0;16.15;722.1;0.0;43.0;4.5;0.103;32.37;17.9;
3425;2020-05-22 19:00:00;0.9;;;;53.0;21.0;15.53;722.2;0.0;44.0;5.4;0.031;31.93;13.0;
3426;2020-05-22 20:00:00;0.88;;;;52.0;21.0;16.18;722.5;0.0;44.0;5.5;0.009;31.61;14.2;
3427;2020-05-22 21:00:00;0.9;;;;50.0;27.0;16.06;722.6;0.0;46.0;5.4;0.007;31.16;11.3;
3428;2020-05-22 22:00:00;0.89;;;;52.0;23.0;15.75;722.5;0.0;45.0;5.3;0.007;31.06;13.4;
3429;2020-05-22 23:00:00;0.91;;;;49.0;27.0;16.31;723.0;0.0;47.0;5.2;0.007;30.19;16.3;
3430;2020-05-23 00:00:00;0.91;;;;44.0;28.0;16.09;723.3;0.0;55.0;5.1;0.007;28.74;18.2;
3431;2020-05-23 01:00:00;0.92;;;;36.0;22.0;16.93;722.9;0.0;62.0;5.2;0.007;27.22;20.2;
3432;2020-05-23 02:00:00;0.9;;;;36.0;29.0;17.12;722.6;0.0;65.0;5.1;0.007;26.16;18.5;
3433;2020-05-23 03:00:00;0.87;;;;34.0;24.0;16.37;722.4;0.0;70.0;5.0;0.007;25.04;18.8;
3434;2020-05-23 04:00:00;0.87;;;;31.0;23.0;16.4;722.6;0.0;74.0;5.0;0.007;24.15;18.4;
3435;2020-05-23 05:00:00;0.87;;;;27.0;27.0;15.66;722.6;0.0;79.0;5.1;0.007;23.58;19.7;
3436;2020-05-23 06:00:00;0.87;;;;27.0;26.0;15.61;722.9;0.0;80.0;4.9;0.008;23.37;12.1;
3437;2020-05-23 07:00:00;0.9;;;;24.0;26.0;17.36;723.5;0.0;78.0;4.8;0.024;23.71;6.3;
3438;2020-05-23 08:00:00;0.96;;;;21.0;29.0;20.52;723.8;0.0;75.0;4.6;0.047;24.4;8.9;
3439;2020-05-23 09:00:00;0.98;;;;27.0;39.0;16.67;724.1;0.0;71.0;4.7;0.179;25.62;10.9;
3440;2020-05-23 10:00:00;0.98;;;;30.0;33.0;18.67;724.3;0.0;71.0;4.2;0.249;26.65;14.6;
3441;2020-05-23 11:00:00;0.91;;;;37.0;40.0;16.83;724.4;0.0;64.0;4.1;0.32;27.71;20.1;
3442;2020-05-23 12:00:00;0.89;;;;44.0;35.0;17.66;724.3;0.0;58.0;4.1;0.503;29.16;20.0;
3443;2020-05-23 13:00:00;0.89;;;;46.0;27.0;16.96;723.7;0.0;53.0;4.0;0.646;30.72;23.2;
3444;2020-05-23 14:00:00;0.88;;;;48.0;29.0;18.55;723.3;0.0;48.0;4.1;0.602;32.05;23.7;
3445;2020-05-23 15:00:00;0.87;;;;50.0;29.0;20.03;722.7;0.0;45.0;4.2;0.387;32.48;23.0;
3446;2020-05-23 16:00:00;0.89;;;;50.0;41.0;18.49;721.8;0.0;45.0;4.1;0.321;32.59;20.3;
3447;2020-05-23 17:00:00;0.86;;;;53.0;29.0;18.22;721.5;0.0;45.0;4.1;0.256;32.62;21.7;
3448;2020-05-23 18:00:00;0.85;;;;53.0;32.0;16.41;720.6;0.0;43.0;4.2;0.065;32.15;23.4;
3449;2020-05-23 19:00:00;0.86;;;;54.0;28.0;16.24;720.8;0.0;40.0;4.6;0.052;32.41;16.9;
3450;2020-05-23 20:00:00;1.03;;;;44.0;32.0;22.12;721.6;0.0;46.0;5.4;0.009;31.18;17.3;
3451;2020-05-23 21:00:00;0.91;;;;49.0;59.0;13.07;721.9;0.0;58.0;5.3;0.007;29.09;24.5;
3452;2020-05-23 22:00:00;0.85;;;;52.0;24.0;11.43;722.0;0.0;54.0;5.3;0.007;28.07;26.7;
3453;2020-05-23 23:00:00;0.85;;;;49.0;25.0;10.79;722.7;0.0;61.0;5.2;0.007;26.75;25.3;
3454;2020-05-24 00:00:00;0.86;;;;44.0;20.0;10.57;722.8;0.0;68.0;5.3;0.007;25.94;25.6;
3455;2020-05-24 01:00:00;0.87;;;;39.0;20.0;11.5;723.4;0.0;72.0;5.2;0.007;25.44;20.7;
3456;2020-05-24 02:00:00;0.87;;;;35.0;23.0;14.33;723.6;0.0;76.0;5.2;0.007;24.88;17.1;
3457;2020-05-24 03:00:00;0.87;;;;31.0;25.0;13.52;723.2;0.04;83.0;5.1;0.007;24.04;14.4;
3458;2020-05-24 04:00:00;0.86;;;;29.0;22.0;12.27;723.1;0.0;85.0;5.2;0.007;23.75;19.6;
3459;2020-05-24 05:00:00;0.86;;;;28.0;18.0;12.24;722.9;0.0;87.0;5.2;0.008;23.56;18.3;
3460;2020-05-24 06:00:00;0.87;;;;27.0;15.0;11.47;722.6;0.01;90.0;;0.008;23.02;21.7;
3461;2020-05-24 07:00:00;0.88;;;;27.0;10.0;;722.9;0.0;89.0;5.1;0.013;23.03;15.2;
3462;2020-05-24 08:00:00;0.92;;;;26.0;18.0;14.72;723.0;1.57;84.0;5.1;0.079;24.0;8.4;
3463;2020-05-24 09:00:00;0.92;;;;33.0;23.0;16.52;722.9;0.18;75.0;;0.18;25.88;13.7;
3464;2020-05-24 10:00:00;0.94;;;;39.0;24.0;18.84;722.9;0.0;69.0;5.0;0.272;27.21;9.5;
3465;2020-05-24 11:00:00;0.92;;;;43.0;27.0;16.73;722.7;0.0;59.0;5.0;0.432;29.51;12.4;
3466;2020-05-24 12:00:00;0.92;;;;43.0;14.0;;722.9;0.0;59.0;5.1;0.506;29.7;16.8;
3467;2020-05-24 13:00:00;0.9;;;;47.0;21.0;15.71;722.3;0.0;52.0;5.1;0.596;31.1;20.1;
3468;2020-05-24 14:00:00;0.9;;;;48.0;24.0;17.61;721.8;0.0;48.0;5.2;0.601;32.23;20.5;
3469;2020-05-24 15:00:00;0.88;;;;48.0;28.0;20.02;721.2;0.0;46.0;5.1;0.37;32.48;17.0;
3470;2020-05-24 16:00:00;0.91;;;;46.0;33.0;22.69;720.5;0.55;58.0;5.2;0.085;29.17;18.9;
3471;2020-05-24 17:00:00;1.0;;;;36.0;41.0;21.98;719.4;0.0;79.0;5.2;0.186;26.09;11.2;
3472;2020-05-24 18:00:00;1.05;;;;27.0;26.0;19.95;718.2;0.0;73.0;5.3;0.065;26.79;12.4;
3473;2020-05-24 19:00:00;1.08;;;;29.0;30.0;22.82;718.9;0.0;65.0;5.3;0.026;28.27;12.4;
3474;2020-05-24 20:00:00;0.9;;;;45.0;42.0;18.08;719.4;0.0;55.0;;0.012;28.19;15.3;
3475;2020-05-24 21:00:00;0.95;;;;41.0;30.0;14.9;719.2;0.0;60.0;5.2;0.007;26.4;12.9;
3476;2020-05-24 22:00:00;0.97;;;;39.0;26.0;11.08;720.5;0.0;66.0;5.3;0.007;24.43;15.5;
3477;2020-05-24 23:00:00;0.85;;;;45.0;20.0;8.46;720.8;0.0;62.0;5.5;0.007;24.15;25.3;
3478;2020-05-25 00:00:00;0.81;;;;51.0;16.0;7.55;720.5;0.0;54.0;5.7;0.007;25.42;18.3;
3479;2020-05-25 01:00:00;0.84;;;;44.0;12.0;8.11;720.0;0.0;63.0;5.6;0.007;23.7;11.8;
3480;2020-05-25 02:00:00;0.85;;;;39.0;16.0;9.75;720.2;0.0;73.0;5.4;0.007;22.17;12.6;
3481;2020-05-25 03:00:00;0.87;;;;32.0;12.0;11.14;720.5;0.0;79.0;5.4;0.007;21.47;12.8;
3482;2020-05-25 04:00:00;0.85;;;;35.0;16.0;11.83;721.0;0.0;79.0;5.3;0.007;21.59;12.6;
3483;2020-05-25 05:00:00;0.85;;;;34.0;17.0;11.88;721.7;0.0;76.0;5.2;0.007;22.19;12.4;
3484;2020-05-25 06:00:00;0.88;;;;30.0;17.0;13.69;721.8;0.0;78.0;5.3;0.007;22.66;10.6;
3485;2020-05-25 07:00:00;0.98;;;;22.0;24.0;14.99;721.9;0.0;85.0;5.2;0.021;22.43;9.4;
3486;2020-05-25 08:00:00;1.04;;;;22.0;27.0;15.77;721.9;0.0;86.0;5.2;0.076;22.47;7.3;
3487;2020-05-25 09:00:00;1.04;;;;26.0;27.0;15.77;722.1;0.0;82.0;;0.151;23.74;13.1;
3488;2020-05-25 10:00:00;0.99;;;;32.0;38.0;16.97;722.0;0.0;78.0;5.3;0.169;24.66;14.4;
3489;2020-05-25 11:00:00;0.94;;;;41.0;28.0;18.28;722.0;0.0;72.0;5.2;0.386;26.19;19.2;
3490;2020-05-25 12:00:00;0.91;;;;41.0;38.0;14.93;722.0;0.0;67.0;5.3;0.525;27.58;19.0;
3491;2020-05-25 13:00:00;0.9;;;;43.0;26.0;14.18;721.6;0.0;63.0;5.2;0.631;28.7;21.1;
3492;2020-05-25 14:00:00;0.9;;;;43.0;18.0;14.61;721.3;0.0;57.0;5.3;0.622;30.12;21.1;
3493;2020-05-25 15:00:00;0.9;;;;43.0;25.0;17.31;720.7;0.0;56.0;5.4;0.554;30.87;23.2;
3494;2020-05-25 16:00:00;0.9;;;;44.0;26.0;21.84;720.3;0.0;53.0;5.4;0.447;31.58;22.8;
3495;2020-05-25 17:00:00;0.91;;;;44.0;31.0;22.07;719.8;0.0;49.0;5.3;0.305;32.29;20.4;
3496;2020-05-25 18:00:00;0.91;;;;45.0;34.0;22.76;719.2;0.0;48.0;5.4;0.1;31.77;16.8;
3497;2020-05-25 19:00:00;0.95;;;;43.0;30.0;21.72;718.9;0.0;49.0;5.4;0.053;31.28;18.0;
3498;2020-05-25 20:00:00;0.93;;;;42.0;38.0;22.49;719.8;0.0;53.0;5.3;0.011;29.98;23.1;
3499;2020-05-25 21:00:00;0.87;;;;39.0;44.0;13.24;720.8;0.0;66.0;5.4;0.007;26.47;31.2;
3500;2020-05-25 22:00:00;0.86;;;;37.0;24.0;12.33;721.1;0.0;71.0;5.3;0.007;25.77;26.7;
3501;2020-05-25 23:00:00;0.88;;;;33.0;17.0;13.32;722.0;0.0;76.0;5.3;0.007;24.95;21.4;
3502;2020-05-26 00:00:00;0.86;;;;38.0;22.0;12.72;723.2;0.0;73.0;5.2;0.007;24.37;16.3;
3503;2020-05-26 01:00:00;0.87;;;;36.0;21.0;13.43;723.2;0.0;72.0;5.3;0.007;24.2;9.1;
3504;2020-05-26 02:00:00;0.87;;;;33.0;20.0;11.02;722.3;0.0;75.0;5.2;0.007;23.65;5.8;
3505;2020-05-26 03:00:00;0.83;;;;37.0;21.0;7.72;723.1;0.0;72.0;5.3;0.007;23.27;11.3;
3506;2020-05-26 04:00:00;0.82;;;;37.0;15.0;5.39;724.3;0.0;74.0;5.3;0.007;22.58;8.7;
3507;2020-05-26 05:00:00;0.82;;;;37.0;12.0;5.89;724.7;0.0;75.0;;0.007;22.76;7.7;
3508;2020-05-26 06:00:00;0.84;;;;36.0;11.0;6.12;725.0;0.0;74.0;;0.007;22.99;5.9;
3509;2020-05-26 07:00:00;0.86;;;;33.0;8.0;4.8;725.7;0.0;77.0;;0.009;22.68;6.4;
3510;2020-05-26 08:00:00;0.94;;;;25.0;10.0;4.26;726.3;0.17;86.0;5.1;0.014;21.14;4.4;
3511;2020-05-26 09:00:00;1.0;;;;25.0;8.0;4.96;726.8;0.1;91.0;5.3;0.034;20.84;4.5;
3512;2020-05-26 10:00:00;0.94;;;;39.0;5.0;4.56;727.0;0.02;90.0;5.3;0.104;21.25;7.2;
3513;2020-05-26 11:00:00;0.9;;;;43.0;4.0;;727.2;0.0;88.0;;0.17;21.65;12.1;
3514;2020-05-26 12:00:00;0.88;;;;45.0;3.0;;727.1;0.0;78.0;;0.32;24.04;13.9;
3515;2020-05-26 13:00:00;0.9;;;;42.0;;8.28;726.9;0.0;79.0;;0.174;23.22;15.2;
3516;2020-05-26 14:00:00;0.89;;;;45.0;4.0;;726.4;0.0;77.0;5.2;0.352;24.05;15.2;
3517;2020-05-26 15:00:00;0.9;;;;51.0;25.0;13.22;726.0;0.0;71.0;5.4;0.398;25.45;13.9;
3518;2020-05-26 16:00:00;0.9;;;;56.0;20.0;9.28;725.7;0.0;64.0;5.2;0.477;27.25;11.9;
3519;2020-05-26 17:00:00;0.91;;;;62.0;15.0;8.16;725.4;0.0;60.0;5.3;0.313;27.78;12.0;
3520;2020-05-26 18:00:00;0.92;;;;61.0;16.0;8.34;725.2;0.0;59.0;5.3;0.191;28.03;12.6;
3521;2020-05-26 19:00:00;0.92;;;;51.0;16.0;9.16;725.5;0.0;65.0;5.2;0.045;26.73;13.7;
3522;2020-05-26 20:00:00;0.89;;;;43.0;18.0;12.66;725.5;0.0;72.0;5.2;0.012;25.05;16.1;
3523;2020-05-26 21:00:00;0.88;;;;42.0;12.0;11.54;726.0;0.0;69.0;5.3;0.007;25.13;13.6;
3524;2020-05-26 22:00:00;0.85;;;;43.0;13.0;8.75;726.3;0.0;66.0;5.2;0.007;25.27;8.6;
3525;2020-05-26 23:00:00;0.85;;;;42.0;12.0;10.59;726.7;0.0;68.0;5.6;0.007;24.72;7.2;
3526;2020-05-27 00:00:00;0.83;;;;44.0;11.0;6.99;726.9;0.0;67.0;6.0;0.007;24.71;10.3;
3527;2020-05-27 01:00:00;0.84;;;;38.0;11.0;9.92;726.7;0.0;72.0;6.0;0.007;23.85;6.3;
3528;2020-05-27 02:00:00;0.86;;;;28.0;13.0;11.95;726.3;0.0;78.0;5.6;0.007;22.91;5.8;
3529;2020-05-27 03:00:00;0.86;;;;25.0;14.0;11.59;726.2;0.0;81.0;5.4;0.007;22.29;5.7;
3530;2020-05-27 04:00:00;0.86;;;;17.0;19.0;14.44;726.2;0.0;84.0;5.4;0.007;21.61;2.9;
3531;2020-05-27 05:00:00;0.86;;;;15.0;17.0;12.97;725.9;0.0;86.0;;0.007;21.14;3.0;
3532;2020-05-27 06:00:00;1.0;;;;7.0;14.0;;726.1;0.0;86.0;;0.008;21.32;4.6;
3533;2020-05-27 07:00:00;1.11;;;;6.0;42.0;17.5;726.2;0.0;85.0;;0.05;22.07;3.6;
3534;2020-05-27 08:00:00;1.2;;;;11.0;57.0;18.13;726.4;0.0;75.0;;0.117;24.19;3.7;
3535;2020-05-27 09:00:00;1.3;;;;19.0;53.0;18.64;726.7;0.0;73.0;5.5;0.169;24.57;6.3;
3536;2020-05-27 10:00:00;1.07;;;;41.0;57.0;12.3;726.6;0.0;67.0;5.5;0.322;26.09;10.8;
3537;2020-05-27 11:00:00;0.9;;;;48.0;37.0;9.05;726.3;0.0;62.0;;0.533;27.77;20.3;
3538;2020-05-27 12:00:00;0.88;;;;44.0;17.0;9.34;726.2;0.0;59.0;5.4;0.56;28.99;23.0;
3539;2020-05-27 13:00:00;0.87;;;;45.0;21.0;10.25;725.8;0.0;55.0;5.5;0.631;30.12;24.9;
3540;2020-05-27 14:00:00;0.88;;;;45.0;19.0;10.08;725.4;0.0;53.0;5.5;0.606;30.75;23.7;
3541;2020-05-27 15:00:00;0.87;;;;45.0;17.0;10.2;724.7;0.0;51.0;;0.55;31.24;24.3;
3542;2020-05-27 16:00:00;0.87;;;;43.0;15.0;10.35;724.0;0.0;50.0;5.4;0.46;31.51;25.5;
3543;2020-05-27 17:00:00;0.87;;;;41.0;19.0;10.34;723.4;0.0;51.0;5.3;0.34;31.36;26.1;
3544;2020-05-27 18:00:00;0.88;;;;41.0;15.0;9.88;723.0;0.0;53.0;5.4;0.193;30.88;24.5;
3545;2020-05-27 19:00:00;0.9;;;;39.0;16.0;9.99;722.8;0.0;56.0;5.4;0.028;29.64;22.0;
3546;2020-05-27 21:00:00;1.0;;;;30.0;18.0;12.15;723.6;0.0;60.0;5.3;0.007;28.04;13.3;
3547;2020-05-27 22:00:00;1.01;;;;25.0;21.0;12.9;723.6;0.0;66.0;5.4;0.007;26.76;7.2;
3548;2020-05-27 23:00:00;0.93;;;;30.0;25.0;11.57;723.7;0.0;69.0;5.4;0.007;26.1;10.5;
3549;2020-05-28 00:00:00;0.97;;;;20.0;20.0;12.0;723.8;0.0;75.0;;0.007;25.07;3.0;
3550;2020-05-28 01:00:00;0.99;;;;15.0;21.0;12.63;723.8;0.0;76.0;;0.007;24.81;3.0;
3551;2020-05-28 02:00:00;0.99;;;;17.0;26.0;13.16;723.7;0.0;78.0;5.6;0.007;24.58;3.5;
3552;2020-05-28 03:00:00;0.94;;;;18.0;29.0;13.19;723.7;0.0;79.0;5.4;0.007;24.11;8.6;
3553;2020-05-28 04:00:00;0.89;;;;23.0;27.0;12.06;724.7;0.0;81.0;5.4;0.007;23.67;15.7;
3554;2020-05-28 05:00:00;0.9;;;;27.0;17.0;12.47;725.9;0.0;81.0;5.3;0.007;23.81;7.6;
3555;2020-05-28 06:00:00;0.89;;;;24.0;24.0;12.75;725.6;0.0;81.0;5.3;0.007;23.77;7.2;
3556;2020-05-28 07:00:00;0.99;;;;18.0;21.0;17.03;725.3;0.0;82.0;5.4;0.025;23.78;6.9;
3557;2020-05-28 08:00:00;1.06;;;;17.0;28.0;16.59;726.1;0.0;83.0;5.5;0.058;23.69;14.1;
3558;2020-05-28 09:00:00;1.0;;;;24.0;35.0;16.47;726.7;0.0;82.0;5.3;0.139;24.08;14.3;
3559;2020-05-28 10:00:00;1.03;;;;30.0;32.0;21.24;727.0;0.0;74.0;5.4;0.334;26.09;15.1;
3560;2020-05-28 11:00:00;0.92;;;;38.0;31.0;21.05;726.9;0.0;64.0;5.5;0.283;27.33;14.9;
3561;2020-05-28 12:00:00;0.93;;;;40.0;29.0;19.45;727.4;0.0;64.0;5.5;0.343;27.66;15.8;
3562;2020-05-28 13:00:00;0.91;;;;44.0;31.0;20.12;726.4;0.0;55.0;5.7;0.621;29.81;22.5;
3563;2020-05-28 14:00:00;0.88;;;;52.0;46.0;18.26;725.9;0.0;41.0;6.7;0.602;32.94;13.9;
3564;2020-05-28 15:00:00;0.83;;;;55.0;34.0;11.42;725.0;0.0;30.0;6.6;0.391;34.89;8.2;
3565;2020-05-28 16:00:00;;;;;;;;;;;;0.0;;;
3566;2020-05-28 17:00:00;;;;;;;;;;;;0.0;;;
3567;2020-05-28 18:00:00;0.95;;;;47.0;34.0;13.77;723.7;0.0;32.0;5.7;0.1;33.46;15.7;
3568;2020-05-28 19:00:00;0.9;;;;46.0;46.0;10.75;724.3;0.0;31.0;6.1;0.046;32.34;15.5;
3569;2020-05-28 20:00:00;0.88;;;;44.0;30.0;11.06;724.9;0.0;33.0;8.3;0.01;31.59;14.9;
3570;2020-05-28 21:00:00;0.9;;;;41.0;21.0;11.52;725.9;0.0;38.0;7.7;0.007;30.62;10.8;
3571;2020-05-28 22:00:00;0.89;;;;39.0;23.0;12.01;726.9;0.0;42.0;8.0;0.007;29.65;6.1;
3572;2020-05-28 23:00:00;1.05;;;;26.0;21.0;15.05;727.8;0.0;45.0;6.9;0.007;28.76;9.2;
3573;2020-05-29 00:00:00;0.91;;;;40.0;30.0;22.78;729.5;0.02;60.0;6.5;0.007;25.3;22.0;
3574;2020-05-29 01:00:00;0.83;;;;46.0;244.0;6.56;731.2;0.64;83.0;5.7;0.007;20.14;16.2;
3575;2020-05-29 02:00:00;0.83;;;;43.0;17.0;5.27;729.8;0.06;87.0;5.6;0.007;19.5;13.6;
3576;2020-05-29 03:00:00;0.82;;;;36.0;8.0;4.48;727.7;0.02;84.0;5.5;0.007;20.0;6.7;
3577;2020-05-29 04:00:00;0.89;;;;29.0;5.0;;728.6;0.0;88.0;5.5;0.007;20.26;11.0;
3578;2020-05-29 05:00:00;0.88;;;;23.0;12.0;7.1;728.4;0.0;89.0;;0.008;19.97;3.8;
3579;2020-05-29 06:00:00;0.93;;;;12.0;10.0;6.86;728.4;0.0;90.0;;0.009;19.52;4.2;
3580;2020-05-29 07:00:00;1.12;;;;15.0;18.0;9.45;728.7;0.0;86.0;;0.043;20.64;6.2;
3581;2020-05-29 08:00:00;;;;;;;;;;;;0.0;;;
3582;2020-05-29 09:00:00;1.06;;;;32.0;31.0;8.4;730.5;0.0;53.0;5.9;0.289;26.14;8.6;
3583;2020-05-29 10:00:00;0.92;;;;38.0;28.0;7.05;731.0;0.0;55.0;6.0;0.418;26.59;9.8;
3584;2020-05-29 11:00:00;0.87;;;;48.0;14.0;6.02;731.1;0.0;54.0;5.7;0.525;26.94;19.1;
3585;2020-05-29 12:00:00;0.85;;;;56.0;10.0;4.95;731.0;0.0;50.0;5.5;0.55;27.52;15.7;
3586;2020-05-29 13:00:00;0.87;;;;61.0;8.0;5.32;730.8;0.0;44.0;5.7;0.557;28.77;17.8;
3587;2020-05-29 14:00:00;0.87;;;;55.0;10.0;6.21;730.7;0.0;49.0;5.7;0.454;28.11;19.0;
3588;2020-05-29 15:00:00;0.87;;;;51.0;11.0;6.24;730.4;0.0;54.0;6.9;0.372;27.32;24.7;
3589;2020-05-29 16:00:00;0.88;;;;48.0;10.0;6.31;729.7;0.0;55.0;6.2;0.316;27.15;16.9;
3590;2020-05-29 17:00:00;0.86;;;;50.0;6.0;;729.6;0.0;48.0;5.8;0.347;28.44;19.2;
3591;2020-05-29 18:00:00;0.86;;;;50.0;6.0;5.73;729.3;0.0;46.0;5.8;0.209;28.22;17.3;
3592;2020-05-29 19:00:00;0.87;;;;48.0;8.0;6.97;729.4;0.0;50.0;5.7;0.041;27.12;16.2;
3593;2020-05-29 20:00:00;0.88;;;;47.0;8.0;6.38;729.4;0.0;49.0;5.6;0.01;25.89;16.6;
3594;2020-05-29 21:00:00;0.98;;;;30.0;8.0;6.77;729.6;0.0;52.0;5.5;0.007;25.11;13.2;
3595;2020-05-29 22:00:00;1.17;;;;17.0;9.0;7.23;730.0;0.0;56.0;5.6;0.007;24.16;9.1;
3596;2020-05-29 23:00:00;1.16;;;;17.0;10.0;6.93;730.2;0.0;58.0;5.5;0.007;23.81;8.7;
3597;2020-05-30 00:00:00;1.13;;;;13.0;14.0;6.66;730.0;0.0;61.0;5.6;0.007;23.32;11.2;
3598;2020-05-30 01:00:00;1.19;;;;13.0;13.0;6.66;729.9;0.0;62.0;5.5;0.007;23.01;6.9;
3599;2020-05-30 02:00:00;1.18;;;;11.0;16.0;6.48;729.4;0.0;66.0;5.5;0.007;22.5;6.1;
3600;2020-05-30 03:00:00;1.23;;;;8.0;12.0;6.21;728.9;0.0;68.0;;0.007;22.18;2.9;
3601;2020-05-30 04:00:00;1.2;;;;7.0;10.0;5.64;729.1;0.0;68.0;;0.007;22.15;2.9;
3602;2020-05-30 05:00:00;1.16;;;;5.0;9.0;7.44;729.3;0.0;71.0;;0.007;21.85;2.9;
3603;2020-05-30 06:00:00;1.17;;;;5.0;12.0;7.09;729.3;0.0;71.0;;0.007;21.55;;
3604;2020-05-30 07:00:00;1.2;;;;5.0;13.0;6.92;729.7;0.0;73.0;;0.027;21.41;3.5;
3605;2020-05-30 08:00:00;1.35;;;;4.0;13.0;;730.1;0.0;68.0;;0.097;23.44;5.9;
3606;2020-05-30 09:00:00;1.14;;;;7.0;36.0;11.33;730.5;0.0;64.0;;0.134;24.3;11.2;
3607;2020-05-30 10:00:00;1.09;;;;9.0;31.0;7.29;730.9;0.0;72.0;5.4;0.08;22.91;11.2;
3608;2020-05-30 11:00:00;1.08;;;;28.0;14.0;8.5;730.9;0.0;70.0;5.4;0.102;22.81;8.3;
3609;2020-05-30 12:00:00;1.16;;;;41.0;14.0;10.99;730.6;0.0;62.0;5.5;0.23;24.61;9.5;
3610;2020-05-30 13:00:00;1.1;;;;48.0;27.0;12.34;730.3;0.0;56.0;5.8;0.248;26.06;9.1;
3611;2020-05-30 14:00:00;1.06;;;;60.0;25.0;12.96;729.5;0.0;48.0;6.2;0.463;27.93;11.1;
3612;2020-05-30 15:00:00;0.96;;;;63.0;21.0;11.77;728.9;0.0;45.0;6.0;0.162;27.7;8.1;
3613;2020-05-30 16:00:00;0.94;;;;52.0;22.0;9.98;728.5;0.0;49.0;5.7;0.107;27.09;10.5;
3614;2020-05-30 17:00:00;0.94;;;;48.0;53.0;10.17;728.2;0.0;54.0;5.7;0.103;25.93;7.5;
3615;2020-05-30 18:00:00;0.97;;;;48.0;19.0;10.27;728.0;0.0;51.0;5.5;0.105;26.84;5.1;
3616;2020-05-30 19:00:00;1.01;;;;46.0;19.0;11.49;728.1;0.0;50.0;5.5;0.04;26.96;5.3;
3617;2020-05-30 20:00:00;1.02;;;;39.0;23.0;13.75;728.5;0.0;54.0;5.6;0.011;25.58;3.8;
3618;2020-05-30 21:00:00;1.15;;;;23.0;23.0;15.08;728.6;0.0;59.0;5.5;0.007;24.24;3.0;
3619;2020-05-30 22:00:00;1.53;;;;17.0;32.0;;729.0;0.0;62.0;5.5;0.007;24.18;8.0;
3620;2020-05-30 23:00:00;0.99;;;;42.0;69.0;12.06;729.4;0.0;65.0;5.4;0.007;24.02;16.0;
3621;2020-05-31 00:00:00;1.0;;;;36.0;23.0;12.52;729.1;0.0;72.0;5.5;0.007;23.07;15.5;
3622;2020-05-31 01:00:00;0.96;;;;37.0;28.0;10.68;728.7;0.0;75.0;5.5;0.007;22.49;11.3;
3623;2020-05-31 02:00:00;0.96;;;;34.0;20.0;11.72;728.1;0.0;76.0;5.6;0.007;22.02;6.9;
3624;2020-05-31 03:00:00;0.99;;;;28.0;18.0;14.23;728.0;0.0;80.0;5.4;0.007;21.4;4.9;
3625;2020-05-31 04:00:00;1.01;;;;23.0;19.0;14.23;728.1;0.0;84.0;5.5;0.007;21.08;2.9;
3626;2020-05-31 05:00:00;1.04;;;;19.0;23.0;14.29;728.2;0.0;85.0;5.5;0.007;21.05;4.2;
3627;2020-05-31 06:00:00;1.11;;;;13.0;24.0;16.11;728.4;0.0;86.0;5.4;0.007;21.01;2.9;
3628;2020-05-31 07:00:00;1.24;;;;12.0;29.0;17.3;728.9;0.0;85.0;5.5;0.018;21.27;5.5;
3629;2020-05-31 08:00:00;1.13;;;;17.0;39.0;19.35;729.3;0.0;86.0;5.5;0.067;21.33;7.0;
3630;2020-05-31 09:00:00;1.21;;;;23.0;28.0;20.6;729.6;0.0;74.0;5.6;0.265;24.35;9.2;
3631;2020-05-31 10:00:00;1.16;;;;40.0;36.0;20.78;729.8;0.0;63.0;5.8;0.356;25.92;9.5;
3632;2020-05-31 11:00:00;0.94;;;;56.0;32.0;12.69;730.0;0.0;57.0;6.1;0.398;26.6;12.8;
3633;2020-05-31 12:00:00;0.93;;;;60.0;14.0;11.7;729.4;0.0;54.0;6.0;0.377;27.13;9.6;
3634;2020-05-31 13:00:00;0.94;;;;65.0;20.0;11.4;729.0;0.0;50.0;5.7;0.473;28.33;10.3;
3635;2020-05-31 14:00:00;0.98;;;;67.0;16.0;12.65;728.5;0.0;53.0;5.8;0.29;27.53;15.1;
3636;2020-05-31 15:00:00;0.95;;;;63.0;17.0;12.65;728.0;0.0;49.0;5.8;0.249;28.82;7.8;
3637;2020-05-31 16:00:00;0.93;;;;57.0;17.0;12.61;727.4;0.0;49.0;;0.14;28.38;12.5;
3638;2020-05-31 17:00:00;0.9;;;;54.0;21.0;13.38;727.4;0.0;50.0;6.4;0.226;28.64;13.5;
3639;2020-05-31 18:00:00;0.88;;;;54.0;18.0;11.03;727.1;0.0;46.0;8.9;0.229;29.5;15.7;
3640;2020-05-31 19:00:00;0.92;;;;41.0;18.0;8.29;727.7;1.02;71.0;6.7;0.029;24.66;25.1;
3641;2020-05-31 20:00:00;0.92;;;;39.0;17.0;5.51;728.7;0.54;93.0;5.8;0.008;20.48;19.7;
3642;2020-05-31 21:00:00;0.92;;;;38.0;;3.11;729.2;0.09;93.0;5.5;0.007;20.2;11.7;
3643;2020-05-31 22:00:00;0.94;;;;31.0;2.0;;729.5;0.05;94.0;5.4;0.007;20.28;5.5;
3644;2020-05-31 23:00:00;0.97;;;;27.0;4.0;3.64;729.2;0.01;94.0;5.4;0.007;20.49;4.6;
3645;2020-06-01 00:00:00;;;;;;;;;;;;;;;
3646;2020-06-01 01:00:00;0.92;;;;27.0;3.0;;729.1;0.0;95.0;5.2;0.007;20.67;4.7;351.0
3647;2020-06-01 02:00:00;0.91;;;;25.0;3.0;;728.9;0.0;95.0;5.2;0.007;20.37;5.2;69.0
3648;2020-06-01 03:00:00;0.9;;;;23.0;;4.13;728.5;0.0;95.0;5.3;0.007;19.99;3.7;101.0
3649;2020-06-01 04:00:00;0.91;;;;17.0;;4.67;728.5;0.0;95.0;5.2;0.007;20.33;3.1;348.0
3650;2020-06-01 05:00:00;0.89;;;;19.0;;4.19;728.4;0.0;95.0;5.2;0.007;19.75;4.1;348.0
3651;2020-06-01 06:00:00;0.95;;;;11.0;4.0;;728.3;0.0;95.0;5.3;0.008;19.43;6.9;171.0
3652;2020-06-01 07:00:00;1.0;;;;12.0;12.0;5.96;728.6;0.0;95.0;5.2;0.038;20.22;3.8;356.0
3653;2020-06-01 08:00:00;1.93;;;;15.0;14.0;;729.3;10.95;89.0;5.3;0.134;22.47;4.6;351.0
3654;2020-06-01 09:00:00;1.25;;;;23.0;50.0;11.08;729.9;17.98;78.0;5.2;0.158;23.5;4.5;351.0
3655;2020-06-01 10:00:00;1.06;;;;30.0;21.0;11.14;730.0;5.74;70.0;5.3;0.412;25.46;5.7;352.0
3656;2020-06-01 11:00:00;0.99;;;;45.0;21.0;10.58;729.8;0.0;65.0;5.3;0.223;25.8;8.8;352.0
3657;2020-06-01 12:00:00;0.99;;;;50.0;13.0;10.9;729.6;0.0;62.0;;0.201;26.5;7.2;352.0
3658;2020-06-01 13:00:00;1.01;;;;54.0;21.0;11.24;729.1;0.0;60.0;;0.331;27.55;11.6;
3659;2020-06-01 14:00:00;0.96;;;;55.0;24.0;11.54;728.8;0.0;57.0;5.4;0.558;28.69;15.6;
3660;2020-06-01 15:00:00;0.95;;;;50.0;19.0;12.55;728.3;0.0;57.0;5.4;0.356;28.85;12.6;
3661;2020-06-01 16:00:00;0.93;;;;45.0;14.0;;727.8;0.0;58.0;;0.313;28.59;16.0;
3662;2020-06-01 17:00:00;0.94;;;;42.0;17.0;14.22;727.5;0.0;57.0;5.5;0.258;28.99;16.4;
3663;2020-06-01 18:00:00;0.93;;;;38.0;10.0;;727.3;0.0;59.0;5.5;0.114;27.98;16.0;
3664;2020-06-01 19:00:00;0.89;;;;36.0;16.0;5.98;727.4;0.0;55.0;;0.054;27.97;14.9;
3665;2020-06-01 20:00:00;0.97;;;;26.0;6.0;5.12;727.9;0.0;73.0;;0.012;25.18;17.7;
3666;2020-06-01 21:00:00;0.94;;;;24.0;12.0;4.72;728.4;0.04;83.0;5.2;0.007;23.45;18.7;
3667;2020-06-01 22:00:00;0.93;;;;23.0;8.0;4.53;728.8;0.09;88.0;5.2;0.009;22.51;15.2;351.0
3668;2020-06-01 23:00:00;0.9;;;;24.0;3.0;;728.9;0.0;87.0;5.3;0.01;22.19;10.0;351.0
3669;2020-06-02 00:00:00;0.92;;;;22.0;;2.93;728.6;0.0;86.0;5.4;0.008;22.12;9.5;351.0
3670;2020-06-02 01:00:00;0.95;;;;19.0;;3.42;728.4;0.0;88.0;5.3;0.008;21.85;9.1;
3671;2020-06-02 02:00:00;0.91;;;;21.0;;5.38;728.2;2.79;91.0;5.4;0.008;21.5;10.5;
3672;2020-06-02 03:00:00;0.89;;;;20.0;3.0;;727.5;0.0;91.0;5.3;0.008;21.45;5.9;
3673;2020-06-02 04:00:00;0.87;;;;22.0;3.0;;727.4;0.0;91.0;5.3;0.008;21.35;4.5;
3674;2020-06-02 05:00:00;0.91;;;;18.0;;8.69;727.5;0.0;90.0;;0.008;21.45;9.4;
3675;2020-06-02 06:00:00;0.97;;;;10.0;7.0;;727.8;0.0;92.0;5.2;0.008;21.23;4.3;352.0
3676;2020-06-02 07:00:00;1.02;;;;9.0;17.0;11.92;728.4;0.0;90.0;5.5;0.034;21.61;5.0;352.0
3677;2020-06-02 08:00:00;1.1;;;;11.0;19.0;10.02;728.7;0.0;87.0;5.3;0.051;21.84;11.7;351.0
3678;2020-06-02 09:00:00;1.09;;;;17.0;36.0;12.91;729.2;0.0;83.0;5.4;0.164;22.85;11.2;351.0
3679;2020-06-02 10:00:00;0.97;;;;26.0;19.0;12.38;729.3;0.0;75.0;5.3;0.247;24.52;10.1;352.0
3680;2020-06-02 11:00:00;0.97;;;;31.0;14.0;;729.3;0.0;71.0;5.7;0.184;25.06;12.4;352.0
3681;2020-06-02 12:00:00;0.94;;;;30.0;23.0;9.58;729.1;0.0;69.0;6.0;0.294;26.15;13.8;352.0
3682;2020-06-02 13:00:00;0.92;;;;27.0;13.0;4.88;728.8;0.0;66.0;5.7;0.304;26.85;14.8;
3683;2020-06-02 14:00:00;0.91;;;;27.0;7.0;4.58;728.4;0.0;63.0;5.4;0.318;27.6;16.5;
3684;2020-06-02 15:00:00;0.9;;;;27.0;8.0;4.47;728.0;0.0;59.0;5.5;0.523;28.54;18.4;
3685;2020-06-02 16:00:00;0.89;;;;28.0;3.0;;727.5;0.0;56.0;5.4;0.492;29.49;20.4;
3686;2020-06-02 17:00:00;0.87;;;;30.0;;4.06;727.3;0.0;52.0;5.4;0.328;29.79;16.9;
3687;2020-06-02 18:00:00;0.88;;;;30.0;3.0;;727.0;0.0;52.0;5.3;0.216;29.56;17.8;
3688;2020-06-02 19:00:00;0.9;;;;29.0;2.0;;727.1;0.0;56.0;5.3;0.026;28.59;19.5;
3689;2020-06-02 20:00:00;0.88;;;;29.0;5.0;4.64;727.3;0.0;59.0;5.2;0.011;27.53;19.3;
3690;2020-06-02 21:00:00;0.91;;;;22.0;6.0;5.76;727.5;0.0;71.0;5.0;0.007;26.32;21.1;
3691;2020-06-02 22:00:00;0.9;;;;20.0;10.0;5.55;727.7;0.0;74.0;4.9;0.007;25.74;21.2;
3692;2020-06-02 23:00:00;0.88;;;;21.0;8.0;4.92;727.9;0.0;72.0;4.8;0.007;25.79;21.5;
3693;2020-06-03 00:00:00;0.89;;;;20.0;5.0;4.93;727.8;0.0;76.0;5.1;0.007;25.22;22.5;
3694;2020-06-03 01:00:00;0.89;;;;18.0;4.0;;727.4;0.0;81.0;5.1;0.007;24.22;18.2;
3695;2020-06-03 02:00:00;0.9;;;;15.0;6.0;5.44;727.0;0.0;84.0;5.3;0.007;23.67;10.4;
3696;2020-06-03 03:00:00;0.89;;;;15.0;7.0;5.98;726.7;0.0;87.0;5.3;0.007;23.0;11.2;
3697;2020-06-03 04:00:00;0.89;;;;14.0;7.0;6.75;726.6;0.0;89.0;;0.007;22.62;5.6;
3698;2020-06-03 05:00:00;0.9;;;;12.0;8.0;;726.6;0.0;90.0;5.4;0.007;22.65;3.7;
3699;2020-06-03 06:00:00;0.93;;;;8.0;10.0;;726.7;0.0;89.0;5.4;0.008;22.71;8.5;
3700;2020-06-03 07:00:00;0.99;;;;7.0;24.0;15.67;726.9;0.0;89.0;5.5;0.037;22.69;5.3;
3701;2020-06-03 08:00:00;1.08;;;;7.0;21.0;;727.3;0.0;84.0;5.4;0.116;23.83;5.7;
3702;2020-06-03 09:00:00;1.11;;;;11.0;33.0;21.55;727.4;0.0;77.0;5.5;0.151;25.13;9.2;
3703;2020-06-03 10:00:00;1.02;;;;15.0;;13.54;;;;;0.0;;;
3704;2020-06-03 11:00:00;0.98;;;;24.0;33.0;12.46;727.4;0.0;71.0;5.6;0.279;26.41;12.1;
3705;2020-06-03 12:00:00;0.95;;;;26.0;23.0;7.9;727.4;0.0;66.0;5.5;0.586;27.98;19.5;
3706;2020-06-03 13:00:00;0.93;;;;27.0;22.0;5.92;726.9;0.0;61.0;5.5;0.623;29.21;19.8;
3707;2020-06-03 14:00:00;0.92;;;;28.0;13.0;5.29;726.4;0.0;56.0;5.6;0.584;30.25;20.5;
3708;2020-06-03 15:00:00;0.92;;;;27.0;10.0;5.37;725.8;0.0;55.0;5.6;0.5;30.72;21.2;
3709;2020-06-03 16:00:00;0.92;;;;26.0;10.0;5.32;725.3;0.0;53.0;5.4;0.459;31.3;21.6;
3710;2020-06-03 17:00:00;0.92;;;;26.0;9.0;5.51;724.9;0.0;52.0;5.5;0.361;31.57;20.3;
3711;2020-06-03 18:00:00;0.93;;;;24.0;7.0;5.83;724.5;0.0;53.0;5.5;0.134;30.86;18.2;
3712;2020-06-03 19:00:00;0.92;;;;24.0;7.0;5.94;724.5;0.0;54.0;5.6;0.023;29.76;18.0;
3713;2020-06-03 20:00:00;0.9;;;;24.0;6.0;5.95;724.8;0.0;55.0;5.4;0.011;29.43;17.6;
3714;2020-06-03 21:00:00;0.9;;;;23.0;12.0;5.99;725.1;0.0;55.0;5.4;0.007;29.09;17.6;
3715;2020-06-03 22:00:00;0.92;;;;20.0;8.0;7.3;725.4;0.0;66.0;;0.007;27.51;26.2;
3716;2020-06-03 23:00:00;0.9;;;;20.0;13.0;7.87;725.5;0.0;71.0;5.5;0.007;26.52;25.9;
3717;2020-06-04 00:00:00;0.89;;;;19.0;12.0;7.9;725.5;0.0;75.0;5.4;0.007;25.62;24.4;352.0
3718;2020-06-04 01:00:00;0.89;;;;17.0;9.0;7.78;725.3;0.0;78.0;5.4;0.007;24.95;20.3;352.0
3719;2020-06-04 02:00:00;0.89;;;;16.0;13.0;7.5;725.0;0.0;80.0;5.3;0.007;24.38;13.3;352.0
3720;2020-06-04 03:00:00;0.89;;;;14.0;14.0;;724.7;0.0;84.0;5.3;0.007;23.54;14.9;
3721;2020-06-04 04:00:00;0.87;;;;14.0;26.0;18.71;724.7;0.0;85.0;;0.007;23.4;10.1;
3722;2020-06-04 05:00:00;0.89;;;;13.0;25.0;13.41;724.7;0.0;85.0;;0.007;23.4;8.2;
3723;2020-06-04 06:00:00;0.92;;;;8.0;16.0;10.84;724.7;0.0;86.0;5.2;0.008;23.21;11.4;
3724;2020-06-04 07:00:00;0.97;;;;7.0;27.0;13.2;725.0;0.0;87.0;5.2;0.034;23.09;5.1;351.0
3725;2020-06-04 08:00:00;1.04;;;;7.0;23.0;15.22;725.5;0.0;84.0;5.3;0.073;23.8;6.7;352.0
3726;2020-06-04 09:00:00;1.15;;;;11.0;32.0;17.92;725.9;0.0;77.0;5.5;0.24;25.47;8.1;352.0
3727;2020-06-04 10:00:00;1.24;;;;21.0;42.0;22.94;725.9;0.0;68.0;5.3;0.429;27.66;9.7;352.0
3728;2020-06-04 11:00:00;1.16;;;;40.0;47.0;18.79;725.9;0.0;63.0;5.4;0.363;28.58;8.2;
3729;2020-06-04 12:00:00;1.07;;;;49.0;45.0;15.64;725.6;0.0;59.0;5.3;0.58;29.78;18.8;
3730;2020-06-04 13:00:00;0.96;;;;39.0;44.0;11.33;725.2;0.0;57.0;5.3;0.616;30.51;23.9;
3731;2020-06-04 14:00:00;0.92;;;;29.0;28.0;8.03;724.9;0.0;55.0;;0.619;31.22;24.3;
3732;2020-06-04 15:00:00;0.92;;;;29.0;16.0;7.08;724.6;0.0;50.0;5.4;0.534;32.12;18.5;
3733;2020-06-04 16:00:00;;;;;;;;;;;;0.0;;;
3734;2020-06-04 17:00:00;0.92;;;;29.0;13.0;6.36;723.9;0.0;46.0;5.4;0.348;32.84;18.9;
3735;2020-06-04 18:00:00;0.92;;;;27.0;11.0;6.32;723.6;0.0;49.0;5.4;0.181;32.07;20.9;
3736;2020-06-04 19:00:00;0.93;;;;26.0;10.0;6.71;723.7;0.0;51.0;5.5;0.026;30.81;17.9;
3737;2020-06-04 20:00:00;0.92;;;;25.0;13.0;7.42;724.1;0.0;52.0;5.5;0.01;30.24;19.7;
3738;2020-06-04 21:00:00;0.93;;;;21.0;17.0;10.27;724.5;0.0;63.0;5.4;0.007;28.65;23.1;
3739;2020-06-04 22:00:00;0.97;;;;17.0;27.0;11.27;724.8;0.0;70.0;5.4;0.007;27.46;20.8;
3740;2020-06-04 23:00:00;0.93;;;;18.0;14.0;11.15;725.1;0.02;75.0;5.5;0.007;26.17;21.9;
3741;2020-06-05 00:00:00;0.91;;;;18.0;14.0;8.96;725.2;0.0;77.0;5.4;0.007;25.75;23.3;
3742;2020-06-05 01:00:00;0.89;;;;17.0;13.0;9.65;725.1;0.0;75.0;5.3;0.007;25.7;21.7;
3743;2020-06-05 02:00:00;0.91;;;;15.0;9.0;;725.1;0.0;80.0;5.3;0.007;25.01;21.4;
3744;2020-06-05 03:00:00;0.89;;;;13.0;26.0;11.05;725.0;0.0;83.0;5.5;0.007;24.26;15.1;
3745;2020-06-05 04:00:00;0.9;;;;12.0;13.0;10.69;725.1;0.0;85.0;5.4;0.007;23.77;16.4;
3746;2020-06-05 05:00:00;0.89;;;;11.0;13.0;11.67;725.3;0.0;87.0;5.4;0.007;23.36;12.3;
3747;2020-06-05 06:00:00;0.93;;;;9.0;17.0;12.58;725.1;0.0;88.0;5.2;0.008;23.03;8.9;
3748;2020-06-05 07:00:00;0.99;;;;7.0;21.0;14.45;725.6;0.0;87.0;5.3;0.029;23.33;6.6;
3749;2020-06-05 08:00:00;;;;;;;;;;;;0.0;;;
3750;2020-06-05 09:00:00;1.04;;;;10.0;27.0;;726.2;0.0;82.0;5.2;0.08;24.31;10.8;
3751;2020-06-05 10:00:00;1.02;;;;17.0;34.0;;726.0;0.0;75.0;5.4;0.332;26.02;9.4;
3752;2020-06-05 11:00:00;1.0;;;;25.0;32.0;;726.2;0.0;71.0;5.4;0.249;26.83;14.4;
3753;2020-06-05 12:00:00;0.98;;;;29.0;30.0;;726.2;0.0;66.0;;0.581;28.25;20.9;
3754;2020-06-05 13:00:00;0.96;;;;29.0;29.0;;726.1;0.0;61.0;;0.628;29.48;21.8;
3755;2020-06-05 14:00:00;0.92;;;;25.0;25.0;;726.1;0.0;54.0;5.3;0.604;30.62;23.4;
3756;2020-06-05 15:00:00;0.92;;;;26.0;12.0;;725.6;0.0;50.0;5.3;0.557;31.79;19.7;
3757;2020-06-05 16:00:00;0.92;;;;27.0;10.0;;725.0;0.0;49.0;;0.438;32.05;22.1;
3758;2020-06-05 17:00:00;0.92;;;;27.0;12.0;;724.7;0.0;49.0;;0.336;32.11;21.1;
3759;2020-06-05 18:00:00;0.92;;;;24.0;19.0;;724.4;0.0;50.0;5.4;0.192;31.74;19.9;
3760;2020-06-05 19:00:00;0.92;;;;21.0;14.0;;724.4;0.0;50.0;5.5;0.036;31.19;17.3;
3761;2020-06-05 20:00:00;0.94;;;;20.0;18.0;;724.7;0.0;50.0;5.4;0.011;30.4;14.3;
3762;2020-06-05 21:00:00;0.96;;;;19.0;10.0;;725.0;0.0;54.0;5.5;0.007;29.77;20.8;
3763;2020-06-05 22:00:00;0.92;;;;19.0;21.0;;725.7;0.0;60.0;5.4;0.007;28.68;19.4;
3764;2020-06-05 23:00:00;0.92;;;;18.0;14.0;;726.0;0.0;67.0;5.4;0.007;27.35;21.6;
3765;2020-06-06 00:00:00;0.9;;;;16.0;19.0;;725.9;0.0;71.0;;0.007;26.19;21.2;
3766;2020-06-06 01:00:00;0.89;;;;15.0;16.0;9.78;725.7;0.0;75.0;5.3;0.007;25.44;18.3;
3767;2020-06-06 02:00:00;0.89;;;;14.0;19.0;9.03;725.2;0.0;78.0;5.4;0.007;24.79;14.0;
3768;2020-06-06 03:00:00;0.89;;;;13.0;14.0;9.0;724.8;0.0;81.0;5.3;0.007;24.15;15.5;
3769;2020-06-06 04:00:00;0.9;;;;12.0;17.0;9.39;724.8;0.0;83.0;5.3;0.007;23.79;11.2;
3770;2020-06-06 05:00:00;0.9;;;;11.0;13.0;9.47;724.9;0.0;85.0;5.4;0.007;23.51;12.6;
3771;2020-06-06 06:00:00;0.93;;;;10.0;10.0;9.99;725.3;0.0;86.0;5.4;0.008;23.23;11.2;
3772;2020-06-06 07:00:00;0.98;;;;9.0;;10.37;725.8;0.0;84.0;;0.071;23.93;10.8;
3773;2020-06-06 08:00:00;1.05;;;;12.0;;11.53;726.0;0.0;77.0;5.3;0.181;25.76;11.6;
3774;2020-06-06 09:00:00;1.07;;;;17.0;;11.67;726.3;0.0;74.0;5.3;0.269;26.41;13.3;
3775;2020-06-06 10:00:00;1.07;;;;27.0;;12.36;726.2;0.0;68.0;5.4;0.407;27.68;10.0;
3776;2020-06-06 11:00:00;1.03;;;;38.0;;12.04;726.1;0.0;57.0;5.3;0.54;29.81;13.0;
3777;2020-06-06 12:00:00;0.98;;;;41.0;;10.97;725.7;0.0;50.0;5.3;0.591;30.46;17.5;
3778;2020-06-06 13:00:00;0.97;;;;44.0;;11.11;725.3;0.0;47.0;;0.613;31.65;17.1;
3779;2020-06-06 14:00:00;0.95;;;;47.0;;10.87;724.8;0.0;41.0;5.4;0.606;32.56;15.5;
3780;2020-06-06 15:00:00;0.94;;;;55.0;;15.68;724.5;0.0;40.0;6.1;0.559;33.24;15.6;
3781;2020-06-06 16:00:00;0.92;;;;48.0;;11.68;723.9;0.0;40.0;8.7;0.467;33.53;18.0;
3782;2020-06-06 17:00:00;0.91;;;;38.0;;7.85;723.5;0.0;38.0;8.3;0.356;33.45;18.7;
3783;2020-06-06 18:00:00;0.88;;;;38.0;;6.56;723.1;0.0;36.0;8.0;0.213;33.11;18.9;
3784;2020-06-06 19:00:00;0.88;;;;34.0;;6.2;723.2;0.0;37.0;7.7;0.025;32.14;17.5;
3785;2020-06-06 20:00:00;0.92;;;;33.0;;6.7;723.4;0.0;42.0;6.2;0.011;30.61;18.6;
3786;2020-06-06 21:00:00;0.93;;;;32.0;;6.81;723.6;0.0;46.0;5.9;0.007;29.76;17.1;
3787;2020-06-06 22:00:00;0.94;;;;31.0;;6.88;723.9;0.0;48.0;5.8;0.007;29.22;14.9;
3788;2020-06-06 23:00:00;0.92;;;;31.0;;5.79;724.5;0.0;50.0;5.7;0.007;28.73;15.8;
3789;2020-06-07 00:00:00;0.93;;;;30.0;;5.88;724.4;0.0;54.0;5.5;0.007;27.98;19.5;
3790;2020-06-07 01:00:00;0.91;;;;33.0;;5.65;724.1;0.0;61.0;5.6;0.007;27.04;21.1;
3791;2020-06-07 02:00:00;0.91;;;;30.0;;5.27;723.7;0.0;64.0;5.6;0.007;26.38;19.8;
3792;2020-06-07 03:00:00;0.9;;;;30.0;;5.16;723.3;0.0;64.0;;0.007;26.17;10.9;
3793;2020-06-07 04:00:00;0.93;;;;24.0;;6.07;722.9;0.0;70.0;5.5;0.007;25.08;6.5;
3794;2020-06-07 05:00:00;0.95;;;;21.0;;6.95;722.9;0.0;74.0;5.5;0.007;24.39;10.7;
3795;2020-06-07 06:00:00;0.95;;;;18.0;;7.72;723.2;0.0;77.0;;0.008;23.74;4.5;
3796;2020-06-07 07:00:00;1.03;;;;13.0;;9.21;723.6;0.0;75.0;5.4;0.059;24.67;5.9;
3797;2020-06-07 08:00:00;1.03;;;;19.0;;9.25;723.6;0.0;65.0;5.4;0.186;27.52;4.0;
3798;2020-06-07 09:00:00;1.07;;;;25.0;;11.42;723.8;0.0;63.0;;0.313;28.04;7.0;
3799;2020-06-07 10:00:00;1.02;;;;37.0;;9.31;723.6;0.0;59.0;5.6;0.427;29.01;9.8;
3800;2020-06-07 11:00:00;0.98;;;;45.0;;7.62;723.5;0.0;51.0;5.7;0.529;30.31;13.6;
3801;2020-06-07 12:00:00;0.98;;;;48.0;;8.52;723.1;0.0;49.0;5.6;0.591;31.24;16.5;
3802;2020-06-07 13:00:00;0.95;;;;44.0;;7.1;722.6;0.0;46.0;5.6;0.614;32.26;14.9;
3803;2020-06-07 14:00:00;0.97;;;;46.0;;8.03;722.1;0.0;44.0;5.5;0.607;33.18;15.3;
3804;2020-06-07 15:00:00;0.98;;;;48.0;;8.61;721.7;0.0;41.0;5.7;0.558;34.15;15.9;
3805;2020-06-07 16:00:00;0.95;;;;47.0;;8.57;721.2;0.0;38.0;5.7;0.471;34.89;14.9;
3806;2020-06-07 17:00:00;0.93;;;;45.0;;8.27;720.9;0.0;38.0;;0.357;35.21;13.7;
3807;2020-06-07 18:00:00;0.92;;;;43.0;;8.2;720.4;0.0;36.0;5.9;0.221;34.91;13.7;
3808;2020-06-07 19:00:00;0.94;;;;44.0;;8.38;720.3;0.0;37.0;6.3;0.025;33.85;16.8;
3809;2020-06-07 20:00:00;0.95;;;;39.0;;8.1;720.3;0.0;43.0;5.8;0.011;32.34;16.9;
3810;2020-06-07 21:00:00;0.92;;;;35.0;;7.11;720.6;0.0;43.0;5.7;0.007;31.84;16.6;
3811;2020-06-07 22:00:00;0.9;;;;35.0;;6.35;720.8;0.0;42.0;5.7;0.007;31.52;18.6;
3812;2020-06-07 23:00:00;0.93;;;;35.0;;7.95;721.2;0.0;50.0;5.6;0.007;29.73;25.0;
3813;2020-06-08 00:00:00;0.9;;;;39.0;;6.99;721.4;0.0;48.0;5.6;0.007;29.7;19.7;352.0
3814;2020-06-08 01:00:00;0.91;;;;31.0;;7.1;721.3;0.0;56.0;;0.007;28.08;10.5;353.0
3815;2020-06-08 02:00:00;0.91;;;;27.0;;6.92;720.9;0.0;63.0;5.5;0.007;26.56;9.4;352.0
3816;2020-06-08 03:00:00;0.9;;;;24.0;;7.13;720.6;0.0;68.0;5.6;0.007;25.59;8.5;352.0
3817;2020-06-08 04:00:00;0.91;;;;21.0;;7.25;720.5;0.0;72.0;5.4;0.007;24.55;3.8;352.0
3818;2020-06-08 05:00:00;0.93;;;;13.0;;7.63;720.6;0.0;76.0;5.3;0.007;23.88;3.4;
3819;2020-06-08 06:00:00;0.99;;;;8.0;;9.74;720.6;0.0;75.0;5.4;0.008;24.04;3.1;353.0
3820;2020-06-08 07:00:00;1.18;;;;5.0;;12.29;720.8;0.0;72.0;5.6;0.056;25.2;6.1;352.0
3821;2020-06-08 08:00:00;1.56;;;;9.0;;16.82;721.4;0.0;59.0;5.6;0.18;28.38;7.7;352.0
3822;2020-06-08 09:00:00;1.47;;;;17.0;;17.67;721.5;0.0;51.0;;0.307;30.3;9.5;352.0
3823;2020-06-08 10:00:00;1.45;;;;28.0;;20.45;721.4;0.0;48.0;6.6;0.427;31.64;8.9;
3824;2020-06-08 11:00:00;1.19;;;;54.0;;16.36;721.4;0.0;44.0;7.1;0.522;32.74;11.3;353.0
3825;2020-06-08 12:00:00;1.09;;;;65.0;;14.05;721.3;0.0;40.0;6.4;0.583;34.23;15.2;352.0
3826;2020-06-08 13:00:00;1.04;;;;64.0;31.0;13.93;720.9;0.0;40.0;6.1;0.606;35.0;18.9;353.0
3827;2020-06-08 14:00:00;1.02;;;;63.0;33.0;10.58;720.6;0.0;39.0;6.0;0.593;35.52;20.5;352.0
3828;2020-06-08 15:00:00;1.0;;;;60.0;38.0;9.83;720.4;0.0;36.0;6.5;0.541;36.47;18.9;353.0
3829;2020-06-08 16:00:00;0.98;;;;58.0;32.0;9.79;719.7;0.0;34.0;6.8;0.445;36.92;19.6;352.0
3830;2020-06-08 17:00:00;0.97;;;;56.0;21.0;10.4;719.3;0.0;33.0;6.7;0.343;37.04;19.5;353.0
3831;2020-06-08 18:00:00;0.98;;;;54.0;14.0;9.77;718.8;0.0;34.0;7.1;0.209;36.66;17.7;352.0
3832;2020-06-08 19:00:00;0.99;;;;46.0;17.0;10.28;718.8;0.0;40.0;6.4;0.032;35.19;21.3;352.0
3833;2020-06-08 20:00:00;0.99;;;;42.0;8.0;;719.3;0.0;42.0;5.9;0.011;34.01;21.1;352.0
3834;2020-06-08 21:00:00;0.97;;;;39.0;5.0;;719.5;0.0;41.0;5.8;0.007;33.79;20.5;353.0
3835;2020-06-08 22:00:00;0.97;;;;38.0;;13.83;720.0;0.0;39.0;5.9;0.007;33.76;15.9;353.0
3836;2020-06-08 23:00:00;1.05;;;;27.0;5.0;;720.2;0.0;53.0;5.6;0.007;30.86;20.3;353.0
3837;2020-06-09 00:00:00;0.98;;;;29.0;27.0;;720.3;0.0;55.0;5.8;0.007;29.77;18.2;
3838;2020-06-09 01:00:00;0.97;;;;28.0;13.0;12.0;720.3;0.0;60.0;5.7;0.007;28.63;16.2;
3839;2020-06-09 02:00:00;0.97;;;;26.0;10.0;;720.3;0.0;64.0;5.7;0.007;27.59;14.7;352.0
3840;2020-06-09 03:00:00;0.98;;;;23.0;7.0;;720.1;0.0;69.0;5.5;0.007;26.77;6.6;352.0
3841;2020-06-09 04:00:00;0.99;;;;21.0;10.0;;719.9;0.0;74.0;5.5;0.007;26.1;5.7;352.0
3842;2020-06-09 05:00:00;1.03;;;;14.0;15.0;;720.1;0.0;78.0;5.6;0.007;25.46;2.9;
3843;2020-06-09 06:00:00;1.1;;;;8.0;18.0;17.03;720.8;0.0;77.0;5.6;0.008;25.86;2.9;353.0
3844;2020-06-09 07:00:00;1.22;;;;7.0;16.0;;721.0;0.0;75.0;5.7;0.039;26.71;3.7;352.0
3845;2020-06-09 08:00:00;1.54;;;;8.0;31.0;19.16;721.2;0.0;72.0;5.8;0.113;28.0;6.1;352.0
3846;2020-06-09 09:00:00;1.5;;;;18.0;52.0;19.94;721.6;0.0;69.0;5.7;0.282;29.3;9.6;352.0
3847;2020-06-09 10:00:00;1.53;;;;34.0;61.0;22.06;721.9;0.0;60.0;5.7;0.44;31.52;7.1;353.0
3848;2020-06-09 11:00:00;1.43;;;;52.0;75.0;22.34;722.1;0.0;55.0;5.6;0.446;32.52;13.8;353.0
3849;2020-06-09 12:00:00;1.41;;;;79.0;71.0;23.98;722.1;0.0;51.0;5.7;0.327;33.7;10.7;357.0
3850;2020-06-09 13:00:00;1.3;;;;100.0;74.0;21.67;722.1;0.0;44.0;5.7;0.526;36.05;8.9;353.0
3851;2020-06-09 14:00:00;1.22;;;;97.0;67.0;19.99;722.1;0.0;43.0;;0.277;36.14;13.4;354.0
3852;2020-06-09 15:00:00;1.18;;;;72.0;61.0;18.18;722.4;0.0;44.0;5.6;0.191;35.71;11.2;353.0
3853;2020-06-09 16:00:00;1.11;;;;64.0;60.0;16.1;722.4;0.0;42.0;5.6;0.268;36.61;11.2;353.0
3854;2020-06-09 17:00:00;1.08;;;;43.0;33.0;13.29;722.1;0.0;43.0;6.1;0.275;36.57;13.9;353.0
3855;2020-06-09 18:00:00;1.08;;;;42.0;17.0;14.33;722.0;0.0;44.0;6.0;0.141;35.87;16.8;
3856;2020-06-09 19:00:00;1.05;;;;35.0;23.0;12.01;722.3;0.0;47.0;5.8;0.022;34.51;13.4;354.0
3857;2020-06-09 20:00:00;1.09;;;;36.0;14.0;;723.6;0.0;49.0;6.0;0.008;31.36;24.4;353.0
3858;2020-06-09 21:00:00;1.04;;;;36.0;161.0;11.95;727.1;0.83;89.0;6.6;0.007;21.12;27.2;353.0
3859;2020-06-09 22:00:00;1.0;;;;39.0;16.0;5.08;726.1;0.0;84.0;6.7;0.007;22.3;16.1;353.0
3860;2020-06-09 23:00:00;0.98;;;;36.0;4.0;;725.8;0.0;60.0;6.8;0.007;25.79;12.2;351.0
3861;2020-06-10 00:00:00;0.98;;;;28.0;15.36;5.88;725.7;0.0;65.0;6.7;0.007;24.8;7.7;351.0
3862;2020-06-10 01:00:00;0.98;;;;22.0;;;725.4;0.0;71.0;6.5;0.007;23.84;4.7;351.0
3863;2020-06-10 02:00:00;0.99;;;;16.0;;;725.0;0.0;75.0;6.7;0.007;23.16;4.6;
3864;2020-06-10 03:00:00;0.97;;;;19.0;;;724.6;0.0;69.0;6.8;0.007;23.53;3.6;350.0
3865;2020-06-10 04:00:00;0.97;;;;16.0;;;724.7;0.0;72.0;6.7;0.007;22.82;6.0;350.0
3866;2020-06-10 05:00:00;1.02;;;;19.0;14.33;5.67;725.5;0.0;67.0;6.8;0.007;23.56;6.9;350.0
3867;2020-06-10 06:00:00;0.99;;;;26.0;14.75;6.26;728.5;0.0;70.0;6.8;0.008;23.56;10.5;
3868;2020-06-10 07:00:00;1.01;;;;34.0;28.13;10.25;729.3;0.0;75.0;;0.037;23.28;10.0;
3869;2020-06-10 08:00:00;1.04;;;;35.0;24.73;11.17;729.6;0.0;68.0;6.7;0.107;25.44;17.4;352.0
3870;2020-06-10 09:00:00;1.0;;;;38.0;20.66;11.08;729.5;0.0;58.0;6.6;0.189;27.8;14.2;353.0
3871;2020-06-10 10:00:00;1.02;;;;43.0;16.99;8.28;729.0;0.0;46.0;6.7;0.382;30.13;13.1;353.0
3872;2020-06-10 11:00:00;1.04;;;;53.0;17.63;8.02;728.9;0.0;37.0;7.0;0.513;32.78;8.7;352.0
3873;2020-06-10 12:00:00;1.13;;;;64.0;26.38;10.33;729.1;0.0;39.0;7.2;0.578;32.92;20.6;352.0
3874;2020-06-10 13:00:00;1.02;;;;56.0;19.87;8.42;729.3;0.0;44.0;7.0;0.593;31.8;21.3;353.0
3875;2020-06-10 14:00:00;1.03;;;;62.0;21.17;9.22;729.1;0.0;43.0;6.8;0.547;32.81;19.4;353.0
3876;2020-06-10 15:00:00;1.03;;;;54.0;22.99;10.03;728.9;0.0;44.0;6.8;0.518;33.31;18.8;354.0
3877;2020-06-10 16:00:00;1.03;;;;48.0;21.81;11.64;728.5;0.0;43.0;6.7;0.452;33.56;19.0;353.0
3878;2020-06-10 17:00:00;1.04;;;;45.0;27.75;14.1;728.6;0.0;45.0;6.7;0.316;33.36;21.4;353.0
3879;2020-06-10 18:00:00;1.06;;;;39.0;24.92;10.65;728.9;0.18;68.0;;0.06;26.78;25.7;352.0
3880;2020-06-10 19:00:00;1.0;;;;43.0;16.02;9.64;729.2;0.0;60.0;6.5;0.067;27.34;21.7;351.0
3881;2020-06-10 20:00:00;1.03;;;;39.0;18.32;10.76;729.6;0.0;63.0;6.1;0.017;26.98;10.8;352.0
3882;2020-06-10 21:00:00;1.05;;;;32.0;13.74;7.08;729.9;0.0;76.0;6.4;0.007;24.35;9.9;
3883;2020-06-10 22:00:00;1.12;;;;24.0;28.63;11.68;730.6;0.0;74.0;6.7;0.007;25.09;8.0;
3884;2020-06-10 23:00:00;1.17;;;;23.0;35.77;14.77;730.7;0.0;74.0;6.7;0.007;25.24;11.2;
3885;2020-06-11 00:00:00;1.14;;;;25.0;29.89;13.74;730.9;0.0;76.0;6.8;0.007;24.91;16.2;
3886;2020-06-11 01:00:00;1.04;;;;32.0;18.62;10.93;730.7;0.0;73.0;6.7;0.007;25.18;19.7;
3887;2020-06-11 02:00:00;1.02;;;;32.0;18.47;11.96;730.7;0.0;74.0;6.6;0.007;25.11;18.8;
3888;2020-06-11 03:00:00;1.0;;;;35.0;29.16;18.08;730.6;0.0;74.0;6.5;0.007;24.93;18.8;
3889;2020-06-11 04:00:00;0.99;;;;32.0;17.71;11.08;730.8;0.0;76.0;6.5;0.007;24.85;14.1;
3890;2020-06-11 05:00:00;1.02;;;;30.0;20.11;11.24;731.1;0.0;77.0;6.6;0.007;24.87;6.4;
3891;2020-06-11 06:00:00;1.03;;;;26.0;20.55;11.41;731.3;0.0;80.0;6.6;0.007;24.38;6.1;
3892;2020-06-11 07:00:00;1.01;;;;29.0;19.34;9.96;732.0;0.99;88.0;6.5;0.008;22.23;10.0;
3893;2020-06-11 08:00:00;1.1;;;;25.0;12.87;6.47;732.8;0.36;94.0;6.5;0.01;20.85;8.2;
3894;2020-06-11 09:00:00;1.23;;;;17.0;15.53;7.32;733.1;0.01;95.0;6.0;0.023;21.41;5.6;
3895;2020-06-11 10:00:00;1.44;;;;10.0;18.51;9.95;733.4;0.02;95.0;6.3;0.062;22.16;3.1;
3896;2020-06-11 11:00:00;1.37;;;;19.0;21.57;11.08;733.3;0.02;94.0;6.5;0.164;22.5;3.6;
3897;2020-06-11 12:00:00;1.29;;;;29.0;24.99;13.78;733.5;0.0;88.0;6.6;0.283;24.18;15.8;
3898;2020-06-11 13:00:00;1.19;;;;28.0;27.86;15.09;733.3;0.0;80.0;6.5;0.365;25.44;17.6;
3899;2020-06-11 14:00:00;1.09;;;;42.0;28.07;16.72;733.0;0.0;71.0;6.7;0.48;27.05;21.7;
3900;2020-06-11 15:00:00;1.05;;;;41.0;29.25;18.21;733.0;0.0;68.0;6.5;0.206;27.37;17.7;
3901;2020-06-11 16:00:00;0.99;;;;39.0;23.67;13.52;732.8;0.42;71.0;6.6;0.104;25.41;20.8;
3902;2020-06-11 17:00:00;1.08;;;;32.0;15.15;7.75;732.8;0.0;79.0;6.6;0.088;23.48;9.7;
3903;2020-06-11 18:00:00;1.12;;;;23.0;14.54;7.22;732.4;0.0;83.0;6.3;0.083;23.47;5.5;
3904;2020-06-11 19:00:00;1.14;;;;22.0;17.94;9.15;732.4;0.0;79.0;6.3;0.046;23.77;5.2;
3905;2020-06-11 20:00:00;1.25;;;;18.0;28.13;11.74;732.4;0.0;77.0;6.0;0.015;23.68;6.5;
3906;2020-06-11 21:00:00;1.27;;;;10.0;31.57;12.85;732.6;0.0;83.0;5.7;0.007;22.54;3.3;
3907;2020-06-11 22:00:00;1.47;;;;3.0;44.31;16.71;732.6;0.0;86.0;5.6;0.008;22.16;3.0;
3908;2020-06-11 23:00:00;1.5;;;;3.0;38.1;17.17;732.8;0.0;89.0;5.7;0.008;21.58;2.9;
3909;2020-06-12 00:00:00;1.2;;;;5.0;26.27;12.63;733.0;0.0;88.0;5.6;0.008;21.38;2.9;
3910;2020-06-12 01:00:00;1.18;;;;6.0;28.57;12.92;733.0;0.0;88.0;5.5;0.008;21.26;2.9;
3911;2020-06-12 02:00:00;1.12;;;;7.0;27.4;12.47;733.0;0.02;89.0;5.6;0.008;20.98;;
3912;2020-06-12 03:00:00;1.12;;;;5.0;28.64;12.44;732.7;0.0;91.0;5.6;0.008;20.74;;
3913;2020-06-12 04:00:00;1.14;;;;5.0;29.02;13.06;732.6;0.0;90.0;;0.009;20.75;3.0;
3914;2020-06-12 05:00:00;1.07;;;;4.0;26.7;11.23;732.5;0.0;91.0;;0.01;20.34;2.9;
3915;2020-06-12 06:00:00;1.13;;;;3.0;28.55;11.36;732.8;0.0;90.0;;0.012;20.42;3.2;
3916;2020-06-12 07:00:00;1.34;;;;4.0;37.4;14.02;733.1;0.0;88.0;5.8;0.061;21.4;3.2;
3917;2020-06-12 08:00:00;1.36;;;;10.0;39.81;14.69;733.6;0.0;74.0;5.8;0.169;24.78;4.2;
3918;2020-06-12 09:00:00;1.26;;;;30.0;36.69;13.04;733.7;0.0;67.0;5.7;0.313;26.04;8.6;
3919;2020-06-12 10:00:00;1.05;;;;43.0;25.41;9.18;733.7;0.0;68.0;5.6;0.441;26.1;20.7;
3920;2020-06-12 11:00:00;1.02;;;;48.0;26.42;9.17;733.7;0.0;62.0;5.7;0.538;27.02;20.1;
3921;2020-06-12 12:00:00;1.0;;;;60.0;28.55;9.91;733.3;0.0;51.0;5.9;0.599;28.04;18.7;
3922;2020-06-12 13:00:00;0.99;;;;65.0;34.19;10.91;733.0;0.0;44.0;6.7;0.641;28.91;18.3;
3923;2020-06-12 14:00:00;0.99;;;;68.0;37.87;12.6;732.5;0.0;43.0;7.4;0.594;29.52;16.1;
3924;2020-06-12 15:00:00;1.0;;;;70.0;38.44;15.19;732.0;0.0;42.0;8.1;0.564;30.13;16.3;
3925;2020-06-12 16:00:00;0.98;;;;67.0;34.7;14.94;731.4;0.0;41.0;8.8;0.477;30.19;17.9;
3926;2020-06-12 17:00:00;0.97;;;;67.0;28.58;10.66;731.0;0.0;39.0;8.2;0.359;30.37;14.9;
3927;2020-06-12 18:00:00;0.96;;;;65.0;23.41;9.01;730.4;0.0;38.0;7.6;0.224;30.25;13.4;
3928;2020-06-12 19:00:00;0.93;;;;63.0;22.44;8.25;730.3;0.0;38.0;7.0;0.028;29.47;14.3;
3929;2020-06-12 20:00:00;0.94;;;;59.0;20.34;8.35;730.4;0.0;38.0;6.7;0.012;28.42;16.8;
3930;2020-06-12 21:00:00;0.92;;;;58.0;18.92;8.74;730.7;0.0;40.0;7.3;0.007;27.69;14.4;
3931;2020-06-12 22:00:00;0.98;;;;51.0;24.0;9.9;731.1;0.0;45.0;6.8;0.007;26.47;7.0;
3932;2020-06-12 23:00:00;0.97;;;;46.0;22.53;8.8;731.1;0.0;48.0;6.1;0.007;25.53;4.9;
3933;2020-06-13 00:00:00;1.03;;;;29.0;22.84;9.63;731.0;0.0;61.0;5.9;0.007;23.45;2.9;
3934;2020-06-13 01:00:00;1.07;;;;27.0;30.12;12.26;730.8;0.0;64.0;5.7;0.007;22.97;8.5;
3935;2020-06-13 02:00:00;0.92;;;;45.0;23.29;9.78;730.6;0.0;66.0;5.6;0.007;23.82;18.0;
3936;2020-06-13 03:00:00;0.93;;;;42.0;22.44;9.11;730.4;0.0;68.0;5.7;0.007;22.96;9.8;
3937;2020-06-13 04:00:00;0.94;;;;33.0;23.88;9.79;730.3;0.0;72.0;5.6;0.007;21.83;6.2;
3938;2020-06-13 05:00:00;0.95;;;;26.0;21.87;9.87;730.2;0.0;76.0;5.7;0.007;20.79;3.7;
3939;2020-06-13 06:00:00;1.03;;;;23.0;28.0;11.17;730.5;0.0;74.0;5.6;0.008;20.97;5.5;
3940;2020-06-13 07:00:00;1.03;;;;29.0;27.5;11.61;730.8;0.0;73.0;5.7;0.022;21.28;6.8;
3941;2020-06-13 08:00:00;1.16;;;;26.0;33.33;11.65;731.1;0.0;66.0;5.6;0.172;23.35;5.6;
3942;2020-06-13 09:00:00;1.0;;;;53.0;28.22;10.83;731.4;0.0;47.0;5.7;0.301;25.78;5.5;
3943;2020-06-13 10:00:00;0.92;;;;69.0;24.94;11.86;731.1;0.0;40.0;6.0;0.447;26.73;11.0;
3944;2020-06-13 11:00:00;0.94;;;;69.0;28.04;12.42;731.1;0.0;40.0;5.9;0.542;27.21;15.3;
3945;2020-06-13 12:00:00;0.96;;;;72.0;28.71;13.46;731.1;0.0;40.0;5.9;0.606;28.13;12.6;
3946;2020-06-13 13:00:00;0.99;;;;79.0;32.66;14.79;730.6;0.0;37.0;6.1;0.629;28.77;12.6;
3947;2020-06-13 14:00:00;0.95;;;;85.0;35.23;15.09;730.2;0.0;33.0;6.1;0.621;29.21;17.8;
3948;2020-06-13 15:00:00;0.96;;;;89.0;36.34;16.12;729.6;0.0;33.0;;0.567;29.92;16.8;
3949;2020-06-13 16:00:00;0.98;;;;88.0;39.5;17.24;729.0;0.0;33.0;6.2;0.478;30.59;14.6;
3950;2020-06-13 17:00:00;0.96;;;;78.0;34.6;15.93;728.5;0.0;34.0;6.0;0.358;30.78;14.1;
3951;2020-06-13 18:00:00;0.96;;;;77.0;31.28;15.65;727.9;0.0;35.0;5.9;0.223;30.19;15.4;
3952;2020-06-13 19:00:00;0.94;;;;71.0;33.08;14.41;727.8;0.0;34.0;6.1;0.03;29.63;12.3;
3953;2020-06-13 20:00:00;0.95;;;;65.0;27.31;13.87;728.1;0.0;36.0;6.8;0.012;28.3;10.8;
3954;2020-06-13 21:00:00;0.99;;;;61.0;;;728.2;0.0;40.0;7.2;0.007;26.75;4.8;
3955;2020-06-13 22:00:00;0.99;;;;62.0;;;728.6;0.0;40.0;6.4;0.007;26.67;7.2;
3956;2020-06-13 23:00:00;1.08;;;;60.0;;;728.9;0.0;41.0;6.3;0.007;26.4;9.5;
3957;2020-06-14 00:00:00;0.99;;;;59.0;;;728.9;0.0;44.0;6.0;0.007;25.98;7.7;
3958;2020-06-14 01:00:00;1.01;;;;43.0;26.97;11.3;729.0;0.0;63.0;5.6;0.007;23.51;23.4;
3959;2020-06-14 02:00:00;0.98;;;;46.0;19.12;8.69;728.9;0.0;69.0;5.7;0.007;22.75;20.6;
3960;2020-06-14 03:00:00;0.96;;;;55.0;16.81;7.74;728.9;0.0;69.0;5.6;0.007;22.9;20.0;
3961;2020-06-14 04:00:00;0.97;;;;54.0;18.29;9.17;728.8;0.0;68.0;5.6;0.007;22.81;11.6;
3962;2020-06-14 05:00:00;0.99;;;;43.0;19.81;10.08;728.9;0.0;71.0;;0.007;21.92;6.2;
3963;2020-06-14 06:00:00;1.0;;;;33.0;20.59;10.34;729.2;0.0;75.0;;0.008;21.17;3.3;
3964;2020-06-14 07:00:00;1.04;;;;30.0;23.52;10.68;729.7;0.0;75.0;5.5;0.028;21.45;3.7;
3965;2020-06-14 08:00:00;1.1;;;;38.0;30.84;11.63;730.0;0.0;66.0;5.6;0.133;24.06;3.7;
3966;2020-06-14 09:00:00;1.01;;;;56.0;22.04;9.97;730.3;0.0;49.0;5.6;0.319;26.3;7.7;
3967;2020-06-14 10:00:00;0.98;;;;67.0;20.46;9.55;730.3;0.0;42.0;5.9;0.443;26.8;10.8;
3968;2020-06-14 11:00:00;0.99;;;;73.0;20.83;10.36;730.0;0.0;40.0;5.8;0.541;27.87;9.8;
3969;2020-06-14 12:00:00;1.02;;;;81.0;25.04;12.44;729.9;0.0;39.0;6.0;0.605;28.67;11.3;
3970;2020-06-14 13:00:00;1.0;;;;83.0;25.76;12.57;729.5;0.0;37.0;6.1;0.621;29.38;13.1;
3971;2020-06-14 14:00:00;1.0;;;;86.0;27.48;13.45;729.1;0.0;34.0;6.1;0.615;30.14;13.7;
3972;2020-06-14 15:00:00;0.98;;;;85.0;26.85;12.9;728.8;0.0;32.0;6.0;0.558;30.6;16.0;
3973;2020-06-14 16:00:00;0.96;;;;78.0;25.14;11.91;728.6;0.0;31.0;6.0;0.472;31.22;15.4;
3974;2020-06-14 17:00:00;0.96;;;;74.0;23.51;11.87;728.2;0.0;32.0;;0.363;31.05;16.5;
3975;2020-06-14 18:00:00;0.96;;;;75.0;24.85;14.42;727.9;0.0;34.0;8.0;0.224;30.31;17.2;
3976;2020-06-14 19:00:00;0.93;;;;69.0;25.51;12.01;727.9;0.0;32.0;8.9;0.041;29.64;15.9;
3977;2020-06-14 20:00:00;0.92;;;;63.0;19.71;9.46;728.2;0.0;32.0;7.3;0.013;28.59;13.8;
3978;2020-06-14 21:00:00;0.96;;;;61.0;20.18;9.91;728.7;0.0;35.0;6.3;0.007;27.81;13.5;
3979;2020-06-14 22:00:00;0.92;;;;59.0;17.71;8.32;729.1;0.0;35.0;6.1;0.007;27.59;16.3;
3980;2020-06-14 23:00:00;0.97;;;;53.0;25.55;10.45;729.4;0.0;39.0;6.2;0.007;26.66;16.3;
3981;2020-06-15 00:00:00;0.93;;;;53.0;24.13;10.23;729.6;0.0;44.0;5.9;0.007;25.66;19.7;352.0
3982;2020-06-15 01:00:00;0.94;;;;50.0;20.9;9.02;729.5;0.0;55.0;5.7;0.007;24.87;19.3;352.0
3983;2020-06-15 02:00:00;0.94;;;;50.0;17.88;8.04;729.2;0.0;58.0;5.6;0.007;24.82;13.9;352.0
3984;2020-06-15 03:00:00;0.97;;;;37.0;25.71;10.91;729.3;0.0;70.0;5.7;0.007;22.37;17.1;
3985;2020-06-15 04:00:00;0.96;;;;36.0;22.08;10.21;729.3;0.0;74.0;5.7;0.007;21.81;11.0;
3986;2020-06-15 05:00:00;0.99;;;;31.0;20.87;10.5;729.5;0.0;74.0;;0.007;21.63;7.9;
3987;2020-06-15 06:00:00;1.04;;;;21.0;25.55;11.43;729.7;0.0;77.0;5.6;0.009;21.43;6.4;
3988;2020-06-15 07:00:00;1.14;;;;12.0;46.56;13.58;730.2;0.0;77.0;5.6;0.058;22.05;6.7;354.0
3989;2020-06-15 08:00:00;1.15;;;;23.0;38.22;13.43;730.4;0.0;69.0;5.8;0.179;24.04;6.4;352.0
3990;2020-06-15 09:00:00;1.21;;;;34.0;38.43;13.51;730.7;0.0;66.0;5.7;0.311;24.98;10.3;352.0
3991;2020-06-15 10:00:00;1.1;;;;48.0;32.13;12.14;730.7;0.0;62.0;5.8;0.446;25.72;17.7;352.0
3992;2020-06-15 11:00:00;1.04;;;;51.0;32.4;11.59;730.7;0.0;54.0;5.7;0.386;27.48;19.7;
3993;2020-06-15 12:00:00;0.99;;;;51.0;30.25;10.1;730.4;0.0;50.0;5.8;0.447;28.25;20.3;
3994;2020-06-15 13:00:00;0.98;;;;49.0;23.09;9.11;730.4;0.0;47.0;5.8;0.492;29.02;20.7;
3995;2020-06-15 14:00:00;0.99;;;;48.0;20.35;8.97;730.1;0.0;47.0;5.7;0.531;29.55;19.7;
3996;2020-06-15 15:00:00;1.0;;;;49.0;23.18;9.82;729.7;0.0;47.0;5.7;0.543;30.34;19.5;353.0
3997;2020-06-15 16:00:00;0.99;;;;49.0;21.01;9.42;729.4;0.0;44.0;;0.468;30.75;18.9;352.0
3998;2020-06-15 17:00:00;1.0;;;;49.0;24.62;9.94;729.0;0.0;42.0;5.8;0.342;30.91;19.8;352.0
3999;2020-06-15 18:00:00;0.99;;;;;21.53;9.86;728.8;0.0;42.0;5.8;0.167;30.38;19.1;352.0
4000;2020-06-15 19:00:00;0.99;;;;48.0;19.84;9.9;728.8;0.0;42.0;5.7;0.035;29.77;11.7;353.0
4001;2020-06-15 20:00:00;0.96;;;;49.0;20.07;9.24;728.9;0.0;41.0;5.7;0.012;29.16;14.5;353.0
4002;2020-06-15 21:00:00;1.01;;;;44.0;26.85;10.74;729.0;0.0;42.0;;0.007;28.61;12.6;353.0
4003;2020-06-15 22:00:00;1.03;;;;42.0;38.18;14.07;729.3;0.0;43.0;;0.007;28.11;13.2;352.0
4004;2020-06-15 23:00:00;0.95;;;;35.0;30.08;9.42;729.9;0.0;56.0;;0.007;27.01;25.0;352.0
4005;2020-06-16 00:00:00;0.94;;;;29.0;16.75;6.31;730.1;0.0;64.0;5.6;0.007;25.9;23.6;352.0
4006;2020-06-16 01:00:00;0.96;;;;27.0;16.77;6.69;729.9;0.0;69.0;5.6;0.007;24.98;22.4;
4007;2020-06-16 02:00:00;0.96;;;;23.0;14.85;6.27;729.5;0.0;75.0;;0.007;23.88;24.1;
4008;2020-06-16 03:00:00;0.95;;;;21.0;13.59;6.42;729.2;0.0;79.0;;0.007;23.26;23.4;
4009;2020-06-16 04:00:00;0.95;;;;19.0;14.03;6.27;729.2;0.0;82.0;5.7;0.007;22.73;16.8;
4010;2020-06-16 05:00:00;0.97;;;;18.0;16.64;6.78;729.2;0.0;84.0;5.6;0.007;22.45;10.8;
4011;2020-06-16 06:00:00;0.98;;;;18.0;19.39;7.06;729.4;0.0;84.0;5.6;0.008;22.16;10.0;
4012;2020-06-16 07:00:00;0.99;;;;19.0;18.67;7.3;729.9;0.0;83.0;5.7;0.024;22.22;9.3;
4013;2020-06-16 08:00:00;1.05;;;;17.0;22.0;8.04;730.1;0.0;81.0;5.6;0.086;22.97;9.1;
4014;2020-06-16 09:00:00;1.04;;;;21.0;23.4;8.54;730.4;0.0;73.0;5.6;0.251;24.93;13.8;
4015;2020-06-16 10:00:00;1.03;;;;27.0;31.26;9.68;730.4;0.0;67.0;;0.386;26.34;14.7;
4016;2020-06-16 11:00:00;1.01;;;;29.0;28.11;9.52;730.4;0.0;64.0;;0.336;27.0;19.2;
4017;2020-06-16 12:00:00;1.0;;;;32.0;23.42;8.56;730.1;0.0;57.0;;0.576;28.74;22.1;
4018;2020-06-16 13:00:00;1.0;;;;32.0;22.68;8.31;729.7;0.0;56.0;;0.551;29.54;20.2;
4019;2020-06-16 14:00:00;0.99;;;;30.0;23.71;7.8;729.2;0.0;54.0;5.7;0.458;30.15;20.6;
4020;2020-06-16 15:00:00;0.99;;;;30.0;21.12;7.76;728.6;0.0;51.0;5.6;0.522;31.05;21.7;
4021;2020-06-16 16:00:00;0.99;;;;29.0;20.51;7.2;727.9;0.0;48.0;5.7;0.477;31.66;24.5;
4022;2020-06-16 17:00:00;0.99;;;;30.0;20.42;7.58;727.2;0.0;45.0;5.7;0.349;31.95;24.3;
4023;2020-06-16 18:00:00;0.99;;;;31.0;19.57;7.52;726.7;0.0;43.0;;0.211;31.86;22.1;
4024;2020-06-16 19:00:00;0.99;;;;30.0;17.83;7.19;726.6;0.0;45.0;;0.038;31.29;18.1;
4025;2020-06-16 20:00:00;0.99;;;;26.0;34.06;7.54;726.9;0.0;52.0;5.8;0.013;29.65;20.5;
4026;2020-06-16 21:00:00;0.98;;;;25.0;20.88;5.15;727.4;0.0;64.0;5.7;0.007;27.32;23.0;
4027;2020-06-16 22:00:00;0.98;;;;22.0;18.01;5.23;728.0;0.0;67.0;5.6;0.007;27.0;24.2;
4028;2020-06-16 23:00:00;0.98;;;;20.0;19.72;5.26;728.5;0.0;72.0;5.7;0.007;26.41;22.3;
4029;2020-06-17 00:00:00;0.98;;;;17.0;15.72;5.21;728.5;0.0;76.0;5.6;0.007;25.7;22.6;
4030;2020-06-17 01:00:00;0.96;;;;16.0;15.2;5.06;728.4;0.0;79.0;5.5;0.007;25.04;20.6;
4031;2020-06-17 02:00:00;0.96;;;;17.0;11.69;5.1;727.8;0.0;80.0;5.6;0.007;24.65;24.3;
4032;2020-06-17 03:00:00;0.95;;;;15.0;13.15;5.29;727.5;0.0;83.0;5.7;0.007;24.11;21.4;
4033;2020-06-17 04:00:00;0.95;;;;14.0;15.06;5.64;727.6;0.0;84.0;5.7;0.007;23.76;15.3;
4034;2020-06-17 05:00:00;0.96;;;;14.0;14.89;5.83;727.8;0.0;84.0;5.6;0.007;23.56;14.9;
4035;2020-06-17 06:00:00;1.0;;;;9.0;20.33;7.29;727.8;0.0;85.0;5.6;0.008;23.28;13.2;
4036;2020-06-17 07:00:00;1.04;;;;7.0;22.73;7.98;728.1;0.0;86.0;5.7;0.021;23.31;13.7;
4037;2020-06-17 08:00:00;1.08;;;;9.0;27.98;10.18;728.4;0.0;84.0;5.6;0.063;23.79;10.9;
4038;2020-06-17 09:00:00;1.13;;;;11.0;32.16;11.39;728.8;0.0;79.0;5.7;0.18;25.07;11.7;
4039;2020-06-17 10:00:00;1.08;;;;17.0;35.47;11.09;728.8;0.0;74.0;5.7;0.253;26.13;16.5;
4040;2020-06-17 11:00:00;1.04;;;;23.0;33.45;11.69;728.6;0.0;70.0;;0.451;27.13;18.7;
4041;2020-06-17 12:00:00;1.02;;;;24.0;33.76;10.58;728.5;0.0;66.0;;0.5;28.23;17.8;
4042;2020-06-17 13:00:00;1.01;;;;26.0;25.24;9.11;728.2;0.0;62.0;5.6;0.399;28.88;17.4;
4043;2020-06-17 14:00:00;1.0;;;;28.0;21.95;8.47;727.6;0.0;58.0;5.5;0.433;29.82;9.5;
4044;2020-06-17 15:00:00;0.99;;;;29.0;21.89;7.61;727.1;0.0;51.0;5.7;0.503;31.27;19.4;
4045;2020-06-17 16:00:00;1.0;;;;30.0;20.71;7.24;726.6;0.0;49.0;5.7;0.481;32.24;19.2;
4046;2020-06-17 17:00:00;1.01;;;;31.0;20.1;7.38;726.2;0.0;48.0;;0.335;32.4;18.3;
4047;2020-06-17 18:00:00;1.02;;;;31.0;23.01;7.78;725.8;0.0;49.0;;0.214;32.29;17.8;
4048;2020-06-17 19:00:00;1.01;;;;30.0;18.2;7.79;725.8;0.0;50.0;;0.032;31.47;15.8;
4049;2020-06-17 20:00:00;1.0;;;;29.0;22.38;8.22;725.8;0.0;49.0;;0.009;30.6;12.0;
4050;2020-06-17 21:00:00;1.03;;;;25.0;30.91;8.89;726.1;0.0;50.0;5.8;0.007;30.05;13.2;
4051;2020-06-17 22:00:00;1.0;;;;19.0;29.65;7.73;726.6;0.0;67.0;5.7;0.007;27.98;25.4;
4052;2020-06-17 23:00:00;0.98;;;;17.0;22.03;6.68;726.7;0.0;73.0;5.7;0.007;27.06;27.3;
4053;2020-06-18 00:00:00;0.98;;;;14.0;17.19;6.69;726.5;0.0;76.0;5.6;0.007;26.28;23.4;
4054;2020-06-18 01:00:00;0.98;;;;13.0;25.18;9.53;726.2;0.0;80.0;5.6;0.007;25.49;18.8;
4055;2020-06-18 02:00:00;0.99;;;;13.0;25.71;12.57;726.2;0.0;82.0;;0.007;24.93;17.2;
4056;2020-06-18 03:00:00;0.98;;;;13.0;40.28;23.8;726.2;0.0;83.0;;0.007;24.48;16.0;
4057;2020-06-18 04:00:00;0.98;;;;12.0;28.13;15.73;726.2;0.0;83.0;;0.007;24.34;13.6;
4058;2020-06-18 05:00:00;0.99;;;;11.0;16.85;7.52;726.3;0.0;86.0;;0.007;23.97;13.5;
4059;2020-06-18 06:00:00;1.04;;;;7.0;21.12;8.7;726.3;0.0;87.0;5.7;0.008;23.78;11.8;
4060;2020-06-18 07:00:00;1.09;;;;6.0;26.37;10.01;726.6;0.0;87.0;5.7;0.032;23.71;8.8;
4061;2020-06-18 08:00:00;1.19;;;;9.0;25.92;11.36;727.0;0.0;83.0;5.8;0.13;24.8;11.5;
4062;2020-06-18 09:00:00;1.22;;;;12.0;33.92;13.09;727.4;0.0;78.0;5.7;0.224;25.91;7.9;
4063;2020-06-18 10:00:00;1.26;;;;25.0;34.35;16.26;727.2;0.0;69.0;5.6;0.419;27.79;10.4;
4064;2020-06-18 11:00:00;1.2;;;;39.0;36.94;15.05;727.0;0.0;65.0;5.7;0.476;28.87;15.0;
4065;2020-06-18 12:00:00;1.17;;;;47.0;38.22;16.91;726.9;0.0;61.0;5.6;0.549;30.02;16.3;
4066;2020-06-18 13:00:00;1.16;;;;63.0;41.94;18.71;726.3;0.0;58.0;5.6;0.595;31.04;18.1;
4067;2020-06-18 14:00:00;1.1;;;;55.0;43.62;18.16;725.7;0.0;55.0;5.7;0.589;31.78;25.7;
4068;2020-06-18 15:00:00;1.04;;;;39.0;36.35;12.2;725.3;0.0;51.0;5.8;0.528;32.44;25.9;
4069;2020-06-18 16:00:00;1.03;;;;33.0;29.35;9.8;725.0;0.0;51.0;5.7;0.337;32.36;23.6;
4070;2020-06-18 17:00:00;1.03;;;;30.0;26.59;9.71;724.8;0.0;51.0;5.7;0.233;32.03;22.8;
4071;2020-06-18 18:00:00;1.02;;;;31.0;23.64;9.12;724.5;0.0;47.0;5.6;0.133;32.0;15.3;
4072;2020-06-18 19:00:00;1.01;;;;33.0;31.12;9.72;723.8;0.0;43.0;5.7;0.032;32.4;15.0;
4073;2020-06-18 20:00:00;1.06;;;;30.0;35.87;11.44;724.3;0.0;51.0;5.7;0.01;30.81;21.6;
4074;2020-06-18 21:00:00;1.01;;;;30.0;62.99;10.29;725.8;0.0;62.0;5.6;0.007;27.37;32.2;
4075;2020-06-18 22:00:00;0.99;;;;34.0;40.46;5.59;727.6;0.0;74.0;5.7;0.007;23.95;27.8;
4076;2020-06-18 23:00:00;0.95;;;;41.0;13.97;4.28;727.9;0.0;56.0;5.6;0.007;26.26;18.5;
4077;2020-06-19 00:00:00;0.98;;;;38.0;12.4;3.65;727.1;0.0;60.0;5.5;0.007;25.44;11.7;
4078;2020-06-19 01:00:00;0.98;;;;32.0;10.83;3.29;726.1;0.0;68.0;5.6;0.007;24.21;7.5;
4079;2020-06-19 02:00:00;0.97;;;;30.0;7.28;2.73;724.9;0.0;72.0;6.1;0.007;23.44;12.3;
4080;2020-06-19 03:00:00;1.01;;;;21.0;16.92;5.42;725.0;0.0;74.0;5.6;0.007;22.96;14.2;
4081;2020-06-19 04:00:00;0.96;;;;29.0;12.49;4.8;725.4;0.0;80.0;5.6;0.007;21.78;15.7;
4082;2020-06-19 05:00:00;0.98;;;;24.0;14.24;4.52;725.7;0.0;82.0;5.8;0.007;21.49;8.0;
4083;2020-06-19 06:00:00;1.01;;;;16.0;15.42;4.97;726.2;0.0;84.0;6.3;0.008;21.23;3.7;
4084;2020-06-19 07:00:00;1.12;;;;11.0;26.16;7.7;726.5;0.0;78.0;6.5;0.058;23.0;3.2;
4085;2020-06-19 08:00:00;1.18;;;;19.0;28.34;7.74;727.1;0.0;68.0;6.4;0.182;25.58;6.7;
4086;2020-06-19 09:00:00;1.12;;;;24.0;22.61;6.44;727.3;0.0;65.0;6.6;0.318;27.05;10.8;
4087;2020-06-19 10:00:00;1.05;;;;26.0;21.41;6.73;727.2;0.0;67.0;6.3;0.413;27.1;15.1;
4088;2020-06-19 11:00:00;1.04;;;;33.0;20.17;6.97;727.1;0.0;63.0;6.2;0.502;28.34;13.6;
4089;2020-06-19 12:00:00;1.06;;;;43.0;28.85;8.08;727.0;0.0;60.0;6.4;0.569;29.05;18.0;
4090;2020-06-19 13:00:00;1.07;;;;49.0;43.22;9.78;726.8;0.0;59.0;6.3;0.579;29.51;22.0;
4091;2020-06-19 14:00:00;1.07;;;;43.0;33.04;10.14;726.4;0.0;57.0;6.1;0.596;30.9;22.5;
4092;2020-06-19 15:00:00;1.03;;;;39.0;34.56;10.5;726.2;0.0;55.0;6.4;0.56;31.55;26.7;
4093;2020-06-19 16:00:00;1.02;;;;33.0;27.83;11.74;726.0;0.0;53.0;6.2;0.477;32.1;24.7;
4094;2020-06-19 17:00:00;1.03;;;;31.0;27.87;10.89;725.4;0.0;53.0;5.6;0.363;32.17;23.6;
4095;2020-06-19 18:00:00;1.04;;;;29.0;26.21;9.86;725.0;0.0;57.0;5.9;0.192;31.43;23.1;
4096;2020-06-19 19:00:00;1.04;;;;28.0;19.07;9.06;725.1;0.0;58.0;6.2;0.036;30.93;19.1;
4097;2020-06-19 20:00:00;1.01;;;;29.0;43.86;10.38;725.7;0.0;63.0;6.3;0.012;28.3;30.2;
4098;2020-06-19 21:00:00;1.01;;;;30.0;23.59;7.78;725.6;0.0;60.0;6.4;0.007;28.29;22.1;
4099;2020-06-19 22:00:00;1.04;;;;27.0;24.83;9.21;726.7;0.0;72.0;6.5;0.007;25.64;24.5;
4100;2020-06-19 23:00:00;1.01;;;;28.0;18.77;7.61;727.4;0.0;74.0;6.4;0.007;25.09;19.7;
4101;2020-06-20 00:00:00;1.0;;;;27.0;18.63;7.19;727.0;0.0;77.0;6.5;0.007;24.96;23.2;
4102;2020-06-20 01:00:00;1.0;;;;25.0;16.64;7.11;726.8;0.0;78.0;6.4;0.007;24.5;20.0;
4103;2020-06-20 02:00:00;0.98;;;;24.0;16.62;7.02;726.3;0.0;80.0;6.5;0.007;24.28;14.9;
4104;2020-06-20 03:00:00;0.98;;;;21.0;17.31;7.14;726.2;0.0;81.0;6.4;0.007;24.18;10.9;
4105;2020-06-20 04:00:00;0.99;;;;19.0;22.71;8.92;726.2;0.0;82.0;6.3;0.007;24.18;7.5;
4106;2020-06-20 05:00:00;1.0;;;;14.0;21.07;9.33;726.3;0.0;86.0;6.3;0.007;23.94;9.1;
4107;2020-06-20 06:00:00;1.03;;;;10.0;17.01;8.41;726.8;0.0;87.0;6.4;0.008;23.88;10.8;
4108;2020-06-20 07:00:00;1.06;;;;10.0;23.72;10.55;727.1;0.0;86.0;6.3;0.033;23.96;12.0;
4109;2020-06-20 08:00:00;1.1;;;;11.0;26.86;11.23;727.5;0.0;84.0;6.3;0.096;24.53;13.0;
4110;2020-06-20 09:00:00;1.14;;;;12.0;27.0;9.61;727.9;0.0;78.0;6.5;0.213;25.9;12.3;
4111;2020-06-20 10:00:00;1.14;;;;17.0;40.97;11.07;728.3;0.0;75.0;6.4;0.257;26.65;14.8;
4112;2020-06-20 11:00:00;1.14;;;;23.0;38.42;14.37;728.6;0.0;70.0;6.1;0.354;27.72;13.1;
4113;2020-06-20 12:00:00;1.12;;;;38.0;35.58;16.45;728.6;0.0;63.0;5.7;0.421;29.27;12.4;
4114;2020-06-20 13:00:00;1.13;;;;49.0;37.51;17.93;728.4;0.0;60.0;5.9;0.352;29.82;12.8;
4115;2020-06-20 14:00:00;1.06;;;;41.0;32.62;13.18;727.9;0.0;55.0;6.0;0.514;31.04;17.5;
4116;2020-06-20 15:00:00;1.03;;;;34.0;28.11;9.61;727.3;0.0;52.0;5.9;0.541;31.93;20.8;
4117;2020-06-20 16:00:00;1.02;;;;36.0;27.91;10.22;726.7;0.0;50.0;5.8;0.48;32.51;20.4;
4118;2020-06-20 17:00:00;1.01;;;;35.0;20.88;8.89;726.2;0.0;48.0;5.9;0.36;32.75;20.7;
4119;2020-06-20 18:00:00;1.02;;;;33.0;19.06;8.93;725.6;0.0;49.0;5.9;0.202;32.27;20.3;
4120;2020-06-20 19:00:00;1.02;;;;32.0;20.96;9.13;725.5;0.0;51.0;5.8;0.031;31.46;15.8;
4121;2020-06-20 20:00:00;1.02;;;;31.0;22.55;9.46;725.8;0.0;53.0;5.8;0.012;30.52;13.5;
4122;2020-06-20 21:00:00;1.09;;;;28.0;32.33;11.67;726.3;0.0;55.0;5.7;0.007;29.94;12.6;
4123;2020-06-20 22:00:00;1.08;;;;16.0;32.47;11.35;726.7;0.0;70.0;5.6;0.007;28.06;23.8;
4124;2020-06-20 23:00:00;1.02;;;;14.0;25.57;8.34;726.6;0.0;74.0;5.6;0.007;27.1;28.0;
4125;2020-06-21 00:00:00;1.01;;;;13.0;21.21;7.48;727.2;0.0;77.0;5.5;0.007;26.36;23.1;
4126;2020-06-21 01:00:00;1.01;;;;12.0;21.75;7.35;727.2;0.0;79.0;5.4;0.007;25.73;14.9;
4127;2020-06-21 02:00:00;1.01;;;;12.0;25.4;7.59;727.1;0.0;81.0;5.5;0.007;25.43;12.0;
4128;2020-06-21 03:00:00;1.0;;;;10.0;27.56;8.12;727.2;0.0;82.0;5.4;0.007;25.14;4.3;
4129;2020-06-21 04:00:00;1.01;;;;7.0;29.52;8.47;726.4;0.0;84.0;5.5;0.007;24.63;3.5;
4130;2020-06-21 05:00:00;1.02;;;;8.0;22.56;8.96;726.1;0.0;84.0;5.6;0.007;24.67;13.0;
4131;2020-06-21 06:00:00;1.01;;;;9.0;20.52;9.53;726.2;0.0;85.0;5.6;0.008;24.43;7.6;
4132;2020-06-21 07:00:00;1.05;;;;7.0;29.22;10.26;726.2;0.0;84.0;5.5;0.021;24.63;6.0;
4133;2020-06-21 08:00:00;1.08;;;;8.0;42.19;10.67;727.0;0.0;85.0;5.6;0.067;24.64;11.2;
4134;2020-06-21 09:00:00;1.12;;;;11.0;37.94;16.06;727.4;0.0;81.0;5.6;0.186;25.66;8.8;
4135;2020-06-21 10:00:00;1.25;;;;20.0;40.61;22.2;727.2;0.0;72.0;;0.404;28.14;8.8;
4136;2020-06-21 11:00:00;1.23;;;;34.0;47.91;24.86;726.7;0.0;67.0;5.5;0.513;29.24;16.1;
4137;2020-06-21 12:00:00;1.17;;;;47.0;50.26;23.08;726.4;0.0;61.0;5.6;0.577;30.8;16.6;
4138;2020-06-21 13:00:00;1.14;;;;52.0;46.73;21.77;726.2;0.0;54.0;5.4;0.6;32.33;19.1;
4139;2020-06-21 14:00:00;1.09;;;;41.0;46.65;18.03;725.6;0.0;52.0;5.5;0.593;32.99;23.3;
4140;2020-06-21 15:00:00;1.05;;;;33.0;34.25;14.24;725.5;0.0;50.0;5.4;0.555;33.53;24.1;
4141;2020-06-21 16:00:00;1.04;;;;33.0;34.78;14.53;725.0;0.0;48.0;5.4;0.481;33.85;24.4;
4142;2020-06-21 17:00:00;1.03;;;;34.0;26.79;13.96;724.4;0.0;46.0;5.5;0.333;33.95;22.6;
4143;2020-06-21 18:00:00;1.05;;;;33.0;31.63;15.16;723.8;0.0;50.0;5.5;0.222;33.09;23.6;
4144;2020-06-21 19:00:00;1.03;;;;31.0;25.79;13.99;724.5;0.0;49.0;5.4;0.046;32.35;15.2;
4145;2020-06-21 20:00:00;1.12;;;;27.0;34.44;18.28;724.3;0.0;54.0;5.5;0.012;30.94;9.8;
4146;2020-06-21 21:00:00;1.02;;;;30.0;33.27;13.75;724.1;0.0;45.0;5.5;0.007;31.42;11.2;
4147;2020-06-21 22:00:00;1.07;;;;26.0;32.85;14.61;724.7;0.0;47.0;;0.007;31.31;16.4;
4148;2020-06-21 23:00:00;1.11;;;;16.0;36.86;14.72;725.7;0.0;67.0;5.6;0.007;28.35;22.8;
4149;2020-06-22 00:00:00;1.02;;;;17.0;23.91;10.06;725.9;0.0;71.0;5.5;0.007;27.36;20.7;
4150;2020-06-22 01:00:00;1.01;;;;15.0;20.05;8.93;725.6;0.0;76.0;5.5;0.007;26.43;17.5;
4151;2020-06-22 02:00:00;1.0;;;;14.0;19.05;8.28;725.4;0.0;80.0;5.6;0.007;25.65;14.9;
4152;2020-06-22 03:00:00;0.98;;;;12.0;19.5;7.73;725.3;0.0;82.0;5.4;0.007;25.04;12.1;
4153;2020-06-22 04:00:00;1.0;;;;10.0;21.91;8.09;725.1;0.0;83.0;5.5;0.007;24.68;9.3;
4154;2020-06-22 05:00:00;1.0;;;;9.0;22.98;7.99;725.1;0.0;84.0;5.4;0.007;24.34;11.6;
4155;2020-06-22 06:00:00;1.03;;;;7.0;26.19;8.62;725.2;0.0;82.0;5.5;0.008;24.42;9.7;
4156;2020-06-22 07:00:00;1.08;;;;7.0;43.48;11.11;725.4;0.0;81.0;5.5;0.051;24.72;4.8;
4157;2020-06-22 08:00:00;1.23;;;;8.0;35.0;11.51;726.0;0.0;73.0;5.6;0.138;26.72;4.3;
4158;2020-06-22 09:00:00;1.38;;;;12.0;48.28;20.68;726.2;0.0;69.0;5.6;0.237;27.75;5.8;
4159;2020-06-22 10:00:00;1.37;;;;23.0;54.8;22.44;726.2;0.0;66.0;5.5;0.42;28.59;13.1;
4160;2020-06-22 11:00:00;1.24;;;;44.0;48.85;21.52;726.2;0.0;60.0;5.5;0.515;30.08;11.5;
4161;2020-06-22 12:00:00;1.26;;;;71.0;56.44;22.15;725.7;0.0;56.0;5.7;0.582;31.62;14.8;
4162;2020-06-22 13:00:00;1.21;;;;76.0;51.96;21.82;725.3;0.0;53.0;5.5;0.608;32.8;17.4;
4163;2020-06-22 14:00:00;1.17;;;;77.0;45.89;20.05;725.0;0.0;49.0;5.5;0.597;33.63;19.2;
4164;2020-06-22 15:00:00;1.12;;;;71.0;47.2;18.63;724.8;0.0;44.0;;0.549;34.54;20.8;
4165;2020-06-22 16:00:00;1.07;;;;52.0;45.63;15.52;724.7;0.0;42.0;5.6;0.461;34.91;23.3;
4166;2020-06-22 17:00:00;1.02;;;;45.0;31.03;13.27;724.5;0.0;39.0;5.6;0.348;35.29;19.9;
4167;2020-06-22 18:00:00;1.02;;;;38.0;31.35;12.7;724.6;0.0;39.0;5.7;0.181;34.81;16.7;
4168;2020-06-22 19:00:00;1.02;;;;34.0;25.17;12.6;724.7;0.0;42.0;5.6;0.053;33.87;14.6;
4169;2020-06-22 20:00:00;1.01;;;;33.0;21.8;11.61;724.7;0.0;41.0;5.6;0.018;33.25;11.9;
4170;2020-06-22 21:00:00;1.01;;;;32.0;21.88;11.02;724.8;0.0;44.0;5.7;0.007;32.71;12.0;
4171;2020-06-22 22:00:00;1.04;;;;19.0;47.74;14.78;725.1;0.0;58.0;5.7;0.007;30.21;25.4;
4172;2020-06-22 23:00:00;1.0;;;;18.0;44.83;16.05;725.6;0.0;63.0;5.6;0.007;28.76;28.5;
4173;2020-06-23 00:00:00;0.99;;;;17.0;38.85;16.25;725.8;0.0;67.0;5.7;0.007;27.65;24.3;
4174;2020-06-23 01:00:00;0.99;;;;16.0;30.21;16.33;725.5;0.0;72.0;5.7;0.007;26.85;20.7;
4175;2020-06-23 02:00:00;1.0;;;;16.0;31.68;17.77;724.9;0.0;75.0;5.6;0.007;26.11;14.9;
4176;2020-06-23 03:00:00;1.0;;;;15.0;35.14;18.12;724.5;0.0;79.0;5.6;0.007;25.4;12.1;
4177;2020-06-23 04:00:00;1.0;;;;15.0;28.72;17.52;724.4;0.0;82.0;;0.007;24.88;9.9;
4178;2020-06-23 05:00:00;1.02;;;;12.0;32.41;18.8;724.4;0.0;84.0;;0.007;24.51;4.8;
4179;2020-06-23 06:00:00;1.08;;;;9.0;32.6;16.81;724.8;0.0;83.0;;0.007;25.0;3.6;
4180;2020-06-23 07:00:00;1.15;;;;6.0;61.4;21.52;725.4;0.0;82.0;;0.024;25.24;9.9;
4181;2020-06-23 08:00:00;1.21;;;;9.0;48.03;21.38;725.7;0.0;78.0;5.7;0.134;26.24;10.2;
4182;2020-06-23 09:00:00;1.25;;;;18.0;47.24;23.41;725.9;0.0;68.0;5.6;0.291;28.38;7.8;
4183;2020-06-23 10:00:00;1.29;;;;30.0;42.77;21.44;725.4;0.0;66.0;5.5;0.341;28.72;12.6;
4184;2020-06-23 11:00:00;1.21;;;;46.0;46.81;21.15;725.2;0.0;62.0;5.6;0.502;29.87;15.4;
4185;2020-06-23 12:00:00;1.11;;;;44.0;49.99;21.18;725.8;0.0;59.0;5.6;0.542;30.61;17.9;
4186;2020-06-23 13:00:00;;;;;;;;;;;;0.0;;;
4187;2020-06-23 14:00:00;;;;;;;;;;;;0.0;;;
4188;2020-06-23 15:00:00;;;;;;;;;;;;0.0;;;
4189;2020-06-23 16:00:00;;;;;;;;;;;;0.0;;;
4190;2020-06-23 17:00:00;;;;;;;;;;;;0.0;;;
4191;2020-06-23 18:00:00;;;;;;;;;;;;0.0;;;
4192;2020-06-23 19:00:00;;;;;;;;;;;;0.0;;;
4193;2020-06-23 20:00:00;;;;;;;;;;;;0.0;;;
4194;2020-06-23 21:00:00;;;;;;;;;;;;0.0;;;
4195;2020-06-23 22:00:00;;;;;;;;;;;;0.0;;;
4196;2020-06-23 23:00:00;;;;;;;;;;;;0.0;;;
4197;2020-06-24 00:00:00;;;;;;;;;;;;0.0;;;
4198;2020-06-24 01:00:00;;;;;;;;;;;;0.0;;;
4199;2020-06-24 02:00:00;;;;;;;;;;;;0.0;;;
4200;2020-06-24 03:00:00;;;;;;;;;;;;0.0;;;
4201;2020-06-24 04:00:00;;;;;;;;;;;;0.0;;;
4202;2020-06-24 05:00:00;;;;;;;;;;;;0.0;;;
4203;2020-06-24 06:00:00;;;;;;;;;;;;0.0;;;
4204;2020-06-24 07:00:00;;;;;;;;;;;;0.0;;;
4205;2020-06-24 08:00:00;;;;;;;;;;;;0.0;;;
4206;2020-06-24 09:00:00;;;;;;;;;;;;0.0;;;
4207;2020-06-24 10:00:00;;;;;;;;;;;;0.0;;;
4208;2020-06-24 11:00:00;1.21;;;;39.0;51.82;19.39;726.3;0.0;55.0;6.1;0.52;30.74;9.4;
4209;2020-06-24 12:00:00;1.16;;;;59.0;60.76;19.94;725.4;0.0;50.0;6.2;0.556;31.8;13.5;
4210;2020-06-24 13:00:00;1.1;;;;60.0;51.95;15.74;724.9;0.0;42.0;6.5;0.478;32.97;16.6;
4211;2020-06-24 14:00:00;1.11;;;;63.0;57.31;19.18;724.3;0.0;48.0;6.7;0.286;31.71;18.0;
4212;2020-06-24 15:00:00;1.08;;;;59.0;57.71;19.75;724.3;0.0;41.0;9.0;0.57;33.79;20.1;
4213;2020-06-24 16:00:00;1.05;;;;40.0;38.6;15.6;724.2;0.0;45.0;7.3;0.249;32.47;17.9;
4214;2020-06-24 17:00:00;1.04;;;;38.0;34.75;13.41;723.8;0.0;43.0;6.6;0.139;32.46;12.4;
4215;2020-06-24 19:00:00;1.12;;;;37.0;65.07;17.68;723.7;0.03;45.0;6.3;0.025;30.63;12.6;
4216;2020-06-24 20:00:00;1.09;;;;32.0;57.14;17.86;725.7;1.0;86.0;6.0;0.008;22.35;17.0;
4217;2020-06-24 21:00:00;1.06;;;;35.0;12.59;6.51;727.6;0.15;94.0;5.8;0.007;20.19;10.8;
4218;2020-06-24 22:00:00;1.04;;;;34.0;10.16;4.82;727.9;0.01;95.0;5.8;0.007;20.03;9.3;
4219;2020-06-24 23:00:00;1.03;;;;31.0;9.8;4.49;727.4;0.0;94.0;;0.007;20.48;5.7;
4220;2020-06-25 00:00:00;1.06;;;;22.0;13.43;5.02;726.4;0.0;93.0;5.7;0.007;20.97;3.1;
4221;2020-06-25 01:00:00;1.04;;;;24.0;12.44;5.42;725.5;0.0;90.0;5.6;0.008;21.15;14.1;
4222;2020-06-25 02:00:00;1.11;;;;13.0;14.56;5.93;725.4;0.0;88.0;5.7;0.008;21.23;3.7;
4223;2020-06-25 03:00:00;1.18;;;;10.0;20.0;9.78;725.8;0.01;89.0;5.7;0.008;20.95;3.3;
4224;2020-06-25 04:00:00;1.17;;;;7.0;22.3;10.38;725.9;0.0;89.0;;0.008;20.89;2.9;
4225;2020-06-25 05:00:00;1.15;;;;8.0;19.85;8.57;725.9;0.0;89.0;;0.008;20.51;2.9;
4226;2020-06-25 06:00:00;1.19;;;;6.0;21.49;8.63;726.0;0.0;87.0;;0.01;20.71;3.0;
4227;2020-06-25 07:00:00;1.3;;;;5.0;25.36;9.07;726.3;0.0;84.0;5.8;0.05;21.31;3.7;
4228;2020-06-25 08:00:00;1.43;;;;9.0;25.69;9.26;726.9;0.0;69.0;5.7;0.143;25.04;3.5;
4229;2020-06-25 09:00:00;1.46;;;;18.0;34.27;12.72;727.3;0.0;59.0;5.8;0.244;26.8;4.3;
4230;2020-06-25 10:00:00;1.57;;;;29.0;55.51;20.85;727.3;0.0;61.0;6.2;0.413;26.63;10.7;
4231;2020-06-25 11:00:00;1.43;;;;39.0;54.34;19.04;727.4;0.0;61.0;6.1;0.491;27.08;13.9;
4232;2020-06-25 12:00:00;1.32;;;;46.0;47.61;16.4;727.2;0.0;61.0;5.9;0.568;28.0;15.0;
4233;2020-06-25 13:00:00;1.19;;;;47.0;40.04;12.94;726.8;0.0;55.0;6.0;0.599;29.16;19.2;
4234;2020-06-25 14:00:00;1.12;;;;57.0;39.34;15.05;726.6;0.0;53.0;6.1;0.597;30.06;20.2;
4235;2020-06-25 15:00:00;1.1;;;;45.0;46.69;18.64;726.3;0.0;53.0;6.2;0.565;30.36;22.7;
4236;2020-06-25 16:00:00;1.09;;;;37.0;38.19;15.01;726.2;0.0;52.0;6.1;0.472;30.75;21.8;
4237;2020-06-25 17:00:00;1.08;;;;38.0;43.38;15.99;726.2;0.0;50.0;6.1;0.358;31.12;18.5;
4238;2020-06-25 18:00:00;1.09;;;;40.0;47.37;19.3;725.9;0.0;51.0;6.2;0.181;30.44;17.8;
4239;2020-06-25 19:00:00;1.12;;;;29.0;38.07;12.02;726.0;0.0;64.0;6.1;0.062;28.52;24.7;
4240;2020-06-25 20:00:00;1.11;;;;25.0;26.02;10.73;726.2;0.0;73.0;5.8;0.014;26.64;23.0;
4241;2020-06-25 21:00:00;1.1;;;;23.0;19.93;8.58;726.7;0.0;77.0;5.6;0.007;25.51;22.3;
4242;2020-06-25 22:00:00;1.07;;;;25.0;15.42;6.8;727.4;0.0;76.0;5.6;0.007;24.95;20.2;
4243;2020-06-25 23:00:00;1.07;;;;25.0;13.59;6.24;727.6;0.0;76.0;;0.007;24.65;18.9;
4244;2020-06-26 00:00:00;1.08;;;;20.0;15.22;7.21;727.4;0.0;84.0;5.8;0.007;23.55;15.9;
4245;2020-06-26 01:00:00;1.08;;;;18.0;16.69;7.73;727.1;0.0;86.0;5.6;0.007;23.05;8.9;
4246;2020-06-26 02:00:00;1.03;;;;20.0;15.18;6.86;727.0;0.0;86.0;5.7;0.007;22.84;11.6;
4247;2020-06-26 03:00:00;1.03;;;;20.0;17.22;7.91;727.0;0.0;87.0;5.7;0.007;22.65;14.6;
4248;2020-06-26 04:00:00;1.03;;;;20.0;16.97;7.89;727.2;0.0;87.0;;0.007;22.5;12.8;
4249;2020-06-26 05:00:00;1.04;;;;18.0;18.45;8.09;727.5;0.0;88.0;;0.007;22.35;10.2;
4250;2020-06-26 06:00:00;1.1;;;;12.0;26.71;9.24;727.7;0.0;88.0;;0.007;22.47;6.5;
4251;2020-06-26 07:00:00;1.21;;;;8.0;25.65;10.02;728.0;0.0;89.0;5.8;0.012;22.56;5.8;
4252;2020-06-26 08:00:00;1.29;;;;8.0;36.12;11.82;728.3;0.0;87.0;5.8;0.039;23.03;10.0;
4253;2020-06-26 09:00:00;1.23;;;;14.0;32.79;12.67;728.5;0.0;83.0;5.7;0.157;24.06;10.6;
4254;2020-06-26 10:00:00;1.21;;;;19.0;35.08;11.66;728.5;0.0;75.0;5.6;0.331;25.83;14.7;
4255;2020-06-26 11:00:00;1.14;;;;24.0;28.85;10.27;728.5;0.0;71.0;5.7;0.473;26.95;19.1;
4256;2020-06-26 12:00:00;1.12;;;;25.0;25.76;10.17;728.3;0.0;67.0;5.6;0.411;27.91;17.0;
4257;2020-06-26 13:00:00;1.13;;;;28.0;29.51;10.33;728.0;0.0;65.0;5.8;0.387;28.51;19.3;
4258;2020-06-26 14:00:00;1.12;;;;28.0;24.8;10.41;727.7;0.0;65.0;5.7;0.392;28.61;21.5;
4259;2020-06-26 15:00:00;1.11;;;;26.0;27.44;11.34;727.3;0.0;67.0;5.7;0.163;28.15;20.9;
4260;2020-06-26 16:00:00;1.12;;;;25.0;25.41;11.06;727.1;0.0;66.0;5.8;0.175;28.32;19.8;
4261;2020-06-26 17:00:00;1.12;;;;25.0;22.81;9.97;726.8;0.0;64.0;5.7;0.197;28.83;18.4;
4262;2020-06-26 18:00:00;1.13;;;;25.0;27.92;12.23;726.4;0.0;68.0;5.8;0.082;28.13;20.8;
4263;2020-06-26 19:00:00;1.13;;;;23.0;34.54;15.44;726.6;0.0;71.0;5.7;0.037;27.46;21.4;
4264;2020-06-26 20:00:00;1.13;;;;23.0;39.92;16.18;727.0;0.0;72.0;5.8;0.008;26.73;22.6;
4265;2020-06-26 21:00:00;1.12;;;;22.0;30.95;12.28;726.8;0.0;75.0;5.8;0.007;25.6;19.5;
4266;2020-06-26 22:00:00;1.11;;;;21.0;36.72;16.16;726.9;0.0;76.0;5.7;0.007;25.38;12.1;
4267;2020-06-26 23:00:00;1.13;;;;17.0;57.41;23.51;727.3;0.0;82.0;5.7;0.007;24.55;9.3;
4268;2020-06-27 00:00:00;1.11;;;;17.0;63.18;26.04;727.7;0.0;86.0;;0.007;24.0;11.1;
4269;2020-06-27 01:00:00;1.08;;;;17.0;66.57;27.77;727.5;0.0;85.0;5.8;0.007;24.08;11.6;
4270;2020-06-27 02:00:00;1.08;;;;;72.21;28.79;727.2;0.0;84.0;5.6;0.007;24.37;8.1;
4271;2020-06-27 03:00:00;1.08;;;;15.0;68.44;27.51;727.0;0.0;83.0;5.6;0.007;24.47;4.5;
4272;2020-06-27 04:00:00;1.08;;;;16.0;122.58;47.44;726.7;0.0;85.0;;0.007;24.44;7.2;
4273;2020-06-27 05:00:00;1.07;;;;13.0;178.85;66.17;726.7;0.0;89.0;;0.007;23.81;11.0;
4274;2020-06-27 06:00:00;1.11;;;;12.0;191.36;70.45;726.6;0.0;90.0;5.7;0.008;23.34;8.7;
4275;2020-06-27 07:00:00;1.14;;;;10.0;207.63;72.99;726.7;0.0;89.0;5.7;0.037;23.42;7.3;
4276;2020-06-27 08:00:00;1.21;;;;9.0;211.27;75.35;727.0;0.0;87.0;;0.065;23.96;7.8;
4277;2020-06-27 09:00:00;1.24;;;;10.0;207.82;75.72;727.1;0.0;84.0;;0.164;24.58;10.9;
4278;2020-06-27 10:00:00;1.24;;;;15.0;202.81;74.96;727.3;0.0;77.0;;0.336;26.47;13.4;
4279;2020-06-27 11:00:00;1.26;;;;18.0;209.88;79.82;727.5;0.0;74.0;;0.362;27.31;13.1;
4280;2020-06-27 12:00:00;1.27;;;;27.0;209.45;80.55;727.4;0.0;72.0;5.6;0.442;27.77;14.0;
4281;2020-06-27 13:00:00;1.28;;;;43.0;195.56;76.35;727.1;0.0;69.0;8.1;0.353;28.06;13.1;
4282;2020-06-27 14:00:00;1.31;;;;66.0;174.79;69.93;726.6;0.0;63.0;7.6;0.39;29.9;11.1;
4283;2020-06-27 15:00:00;1.31;;;;54.0;172.48;68.8;726.1;0.0;71.0;7.3;0.093;28.41;12.3;
4284;2020-06-27 16:00:00;1.38;;;;39.0;139.8;61.6;726.0;0.0;81.0;6.6;0.03;27.11;6.7;
4285;2020-06-27 17:00:00;1.65;;;;31.0;145.08;69.39;725.9;0.04;88.0;6.5;0.043;25.85;3.9;
4286;2020-06-27 18:00:00;1.43;;;;29.0;86.48;42.88;725.2;0.0;87.0;6.5;0.083;25.83;5.9;
4287;2020-06-27 19:00:00;1.38;;;;13.0;53.73;25.71;724.7;0.0;86.0;6.3;0.03;25.72;3.6;
4288;2020-06-27 20:00:00;1.39;;;;8.0;70.53;31.01;724.9;0.0;86.0;6.4;0.011;25.36;3.5;
4289;2020-06-27 21:00:00;1.37;;;;8.0;75.36;34.05;725.2;0.0;87.0;6.3;0.008;25.08;4.1;
4290;2020-06-27 22:00:00;1.4;;;;11.0;104.46;44.73;725.6;0.01;83.0;6.4;0.008;25.1;10.2;
4291;2020-06-27 23:00:00;1.25;;;;10.0;99.14;41.14;725.4;0.0;81.0;6.4;0.007;25.07;6.5;
4292;2020-06-28 00:00:00;1.28;;;;7.0;92.01;38.0;725.2;0.0;84.0;6.3;0.007;24.73;6.1;351.0
4293;2020-06-28 01:00:00;1.26;;;;6.0;94.49;39.38;725.1;0.0;85.0;6.2;0.008;24.66;2.9;351.0
4294;2020-06-28 02:00:00;1.25;;;;6.0;76.86;32.32;724.7;0.02;87.0;6.3;0.008;24.28;3.5;351.0
4295;2020-06-28 03:00:00;1.24;;;;7.0;83.78;35.49;724.6;0.01;90.0;6.4;0.009;23.73;3.5;
4296;2020-06-28 04:00:00;1.2;;;;7.0;69.34;29.75;724.4;0.02;91.0;6.4;0.009;23.46;3.0;
4297;2020-06-28 05:00:00;1.23;;;;5.0;59.99;25.87;724.4;0.0;92.0;;0.008;23.31;2.9;
4298;2020-06-28 06:00:00;1.24;;;;4.0;59.88;25.45;724.5;0.0;92.0;6.3;0.009;23.23;2.9;
4299;2020-06-28 07:00:00;1.28;;;;5.0;52.67;22.29;724.9;0.0;93.0;6.4;0.064;23.32;3.9;
4300;2020-06-28 08:00:00;1.25;;;;9.0;45.08;19.34;725.2;0.24;88.0;6.6;0.086;24.54;3.5;
4301;2020-06-28 09:00:00;1.41;;;;11.0;56.73;23.68;725.5;0.0;78.0;7.6;0.166;26.3;4.6;
4302;2020-06-28 10:00:00;1.51;;;;17.0;67.02;28.29;725.2;0.0;70.0;8.3;0.358;28.47;6.5;353.0
4303;2020-06-28 11:00:00;1.55;;;;31.0;74.59;33.37;725.0;0.0;64.0;8.0;0.42;30.02;7.6;352.0
4304;2020-06-28 12:00:00;1.48;;;;57.0;83.64;38.22;724.8;0.0;61.0;7.6;0.53;30.92;14.7;352.0
4305;2020-06-28 13:00:00;1.32;;;;56.0;70.12;33.12;724.4;0.0;62.0;6.2;0.449;31.34;14.6;352.0
4306;2020-06-28 14:00:00;1.23;;;;47.0;56.52;25.5;723.8;0.0;58.0;6.3;0.523;32.33;16.5;
4307;2020-06-28 15:00:00;1.18;;;;38.0;50.16;22.11;723.2;0.0;58.0;6.2;0.598;32.37;24.3;
4308;2020-06-28 16:00:00;1.14;;;;38.0;31.23;13.82;722.6;0.0;45.0;6.2;0.447;33.17;25.8;
4309;2020-06-28 17:00:00;1.13;;;;35.0;48.52;21.44;722.1;0.0;49.0;6.1;0.366;33.03;25.1;
4310;2020-06-28 18:00:00;1.13;;;;32.0;64.85;27.23;721.9;0.0;51.0;6.1;0.099;31.98;23.5;
4311;2020-06-28 19:00:00;1.14;;;;29.0;73.95;31.34;722.0;0.0;54.0;;0.05;31.51;19.3;
4312;2020-06-28 20:00:00;1.12;;;;32.0;64.61;27.54;722.2;0.0;43.0;;0.024;31.88;15.9;
4313;2020-06-28 21:00:00;1.15;;;;25.0;68.62;29.2;722.3;0.0;56.0;;0.007;30.23;11.7;
4314;2020-06-28 22:00:00;1.17;;;;21.0;69.66;29.95;722.9;0.0;62.0;6.0;0.007;29.22;9.8;
4315;2020-06-28 23:00:00;1.17;;;;18.0;72.48;30.36;723.3;0.0;73.0;5.9;0.007;27.49;8.9;
4316;2020-06-29 00:00:00;1.13;;;;16.0;68.69;29.44;723.4;0.0;73.0;6.0;0.007;26.6;12.4;
4317;2020-06-29 01:00:00;1.12;;;;17.0;67.81;29.35;723.6;0.0;73.0;6.1;0.007;26.3;13.0;
4318;2020-06-29 02:00:00;1.1;;;;14.0;57.47;28.76;723.3;0.0;79.0;6.1;0.007;25.9;11.9;
4319;2020-06-29 03:00:00;1.09;;;;13.0;50.13;25.68;723.2;0.0;82.0;6.0;0.007;25.48;10.4;
4320;2020-06-29 04:00:00;1.09;;;;13.0;47.7;24.65;723.3;0.0;83.0;6.0;0.007;25.13;6.6;
4321;2020-06-29 05:00:00;1.11;;;;12.0;47.66;25.23;723.7;0.0;83.0;5.9;0.007;25.04;6.5;
4322;2020-06-29 06:00:00;1.13;;;;8.0;54.72;26.73;724.0;0.0;83.0;6.0;0.008;24.83;9.5;
4323;2020-06-29 07:00:00;1.22;;;;7.0;66.8;28.56;724.1;0.0;83.0;6.1;0.045;24.92;7.6;
4324;2020-06-29 08:00:00;1.36;;;;8.0;67.8;28.64;724.4;0.0;79.0;6.0;0.119;26.11;8.0;
4325;2020-06-29 09:00:00;1.4;;;;11.0;79.6;29.58;724.7;0.0;77.0;6.1;0.222;26.86;11.7;
4326;2020-06-29 10:00:00;1.23;;;;17.0;55.82;24.6;724.7;0.0;73.0;6.0;0.351;27.96;16.9;
4327;2020-06-29 11:00:00;1.2;;;;28.0;50.07;24.67;724.6;0.0;68.0;6.0;0.479;30.14;18.6;
4328;2020-06-29 12:00:00;1.22;;;;38.0;47.83;24.0;724.2;0.0;61.0;;0.565;32.14;22.1;
4329;2020-06-29 13:00:00;1.21;;;;45.0;45.34;21.45;723.8;0.0;53.0;6.1;0.468;33.33;23.1;
4330;2020-06-29 14:00:00;1.24;;;;44.0;47.36;21.12;723.6;0.0;54.0;6.0;0.147;32.59;20.3;
4331;2020-06-29 15:00:00;1.21;;;;42.0;45.53;20.25;723.6;0.0;55.0;6.0;0.053;32.0;15.4;
4332;2020-06-29 16:00:00;1.23;;;;33.0;51.1;21.48;723.5;0.0;59.0;;0.022;31.0;8.0;
4333;2020-06-29 17:00:00;1.34;;;;24.0;52.17;20.53;723.5;0.01;68.0;;0.032;29.05;8.5;
4334;2020-06-29 18:00:00;1.47;;;;18.0;45.89;18.48;723.4;0.0;69.0;6.1;0.096;29.69;3.2;
4335;2020-06-29 19:00:00;1.33;;;;27.0;46.38;20.72;723.3;0.0;62.0;6.0;0.068;31.01;7.5;
4336;2020-06-29 20:00:00;1.36;;;;18.0;54.69;22.4;723.4;0.0;69.0;5.9;0.025;29.52;8.8;
4337;2020-06-29 21:00:00;1.36;;;;10.0;57.55;23.53;723.6;0.0;77.0;6.2;0.007;27.77;5.4;
4338;2020-06-29 22:00:00;1.58;;;;5.0;68.96;27.62;724.1;0.0;78.0;6.2;0.007;27.54;5.4;
4339;2020-06-29 23:00:00;1.4;;;;13.0;64.24;26.32;724.4;0.0;74.0;6.1;0.007;27.47;9.4;
4340;2020-06-30 00:00:00;1.16;;;;17.0;43.86;21.06;724.3;0.0;75.0;6.0;0.007;27.06;10.9;
4341;2020-06-30 01:00:00;1.13;;;;16.0;44.06;20.39;724.3;0.0;80.0;6.0;0.007;26.25;17.2;
4342;2020-06-30 02:00:00;1.12;;;;16.0;43.02;20.34;724.2;0.0;81.0;5.9;0.007;25.7;15.5;
4343;2020-06-30 03:00:00;1.1;;;;16.0;50.29;21.64;723.8;0.0;82.0;6.0;0.007;25.12;15.9;
4344;2020-06-30 04:00:00;1.06;;;;15.0;53.57;22.3;723.7;0.0;82.0;5.9;0.007;24.66;15.2;
4345;2020-06-30 05:00:00;1.06;;;;14.0;61.36;24.24;724.0;0.0;84.0;5.9;0.007;24.32;16.1;
4346;2020-06-30 06:00:00;1.08;;;;12.0;66.09;25.86;724.2;0.0;85.0;;0.007;24.03;12.5;
4347;2020-06-30 07:00:00;1.1;;;;11.0;76.77;27.82;724.5;0.0;86.0;6.0;0.018;23.93;8.1;
4348;2020-06-30 08:00:00;1.14;;;;11.0;78.49;29.73;724.9;0.0;85.0;5.9;0.068;24.41;7.7;
4349;2020-06-30 09:00:00;1.24;;;;11.0;89.21;32.04;725.2;0.0;81.0;6.0;0.092;25.29;8.2;
4350;2020-06-30 10:00:00;1.24;;;;13.0;91.6;33.05;725.3;0.0;80.0;6.0;0.205;25.89;12.4;
4351;2020-06-30 11:00:00;1.25;;;;21.0;88.68;35.39;725.4;0.0;73.0;;0.427;27.49;13.9;
4352;2020-06-30 12:00:00;1.25;;;;34.0;87.37;37.17;725.1;0.0;68.0;;0.515;29.03;13.3;
4353;2020-06-30 13:00:00;1.24;;;;54.0;78.98;33.53;724.8;0.0;66.0;;0.527;29.68;15.7;
4354;2020-06-30 14:00:00;1.21;;;;52.0;86.85;37.95;724.4;0.0;68.0;5.9;0.182;29.58;15.3;
4355;2020-06-30 15:00:00;1.19;;;;37.0;76.31;32.84;723.8;0.0;70.0;5.9;0.07;28.96;13.2;
4356;2020-06-30 16:00:00;1.23;;;;37.0;72.9;31.04;723.3;0.0;67.0;;0.107;29.98;7.1;
4357;2020-06-30 17:00:00;1.25;;;;39.0;57.43;26.64;723.2;0.0;63.0;;0.096;30.53;9.3;
4358;2020-06-30 18:00:00;1.25;;;;29.0;61.52;26.83;723.3;0.0;65.0;6.1;0.033;29.87;5.8;
4359;2020-06-30 19:00:00;1.24;;;;24.0;62.88;26.16;723.5;0.0;65.0;6.0;0.048;30.03;6.4;
4360;2020-06-30 20:00:00;1.26;;;;18.0;62.62;26.9;723.6;0.0;70.0;6.2;0.013;29.09;4.7;
4361;2020-06-30 21:00:00;1.31;;;;10.0;62.69;26.42;723.8;0.0;75.0;6.1;0.007;27.99;4.2;
4362;2020-06-30 22:00:00;1.41;;;;5.0;64.42;27.79;724.3;0.0;77.0;6.0;0.007;27.46;4.0;
4363;2020-06-30 23:00:00;1.53;;;;3.0;71.85;30.14;724.6;0.0;79.0;6.1;0.007;26.8;3.5;
4364;2020-07-01 00:00:00;;;;;;;;;;;;;;;
4365;2020-07-01 01:00:00;1.08;;;;21.0;54.81;27.07;724.6;0.0;76.0;5.8;0.007;26.63;15.5;352.0
4366;2020-07-01 02:00:00;1.07;;;;22.0;50.95;27.71;724.5;0.0;81.0;5.9;0.007;25.84;16.4;352.0
4367;2020-07-01 03:00:00;1.07;;;;21.0;50.43;27.8;724.5;0.0;84.0;5.9;0.007;25.28;11.3;352.0
4368;2020-07-01 04:00:00;1.06;;;;20.0;49.22;27.13;724.8;0.0;85.0;5.8;0.007;24.97;7.1;
4369;2020-07-01 05:00:00;1.08;;;;17.0;50.6;26.9;725.0;0.0;85.0;5.9;0.007;24.79;7.0;
4370;2020-07-01 06:00:00;1.1;;;;17.0;52.89;27.72;725.2;0.0;86.0;5.9;0.009;24.59;8.0;
4371;2020-07-01 07:00:00;1.19;;;;12.0;60.66;28.48;725.5;0.0;86.0;5.8;0.04;24.64;7.3;
4372;2020-07-01 08:00:00;1.27;;;;13.0;61.64;29.62;725.9;0.0;80.0;6.0;0.159;26.34;7.2;
4373;2020-07-01 09:00:00;1.24;;;;19.0;67.86;30.94;726.2;0.0;75.0;5.9;0.281;27.33;13.4;
4374;2020-07-01 10:00:00;1.26;;;;27.0;78.82;34.26;726.2;0.0;71.0;5.8;0.418;28.49;13.1;
4375;2020-07-01 11:00:00;1.23;;;;41.0;83.37;36.95;726.1;0.0;68.0;5.9;0.352;29.18;12.7;
4376;2020-07-01 12:00:00;1.17;;;;48.0;87.32;36.78;725.9;0.0;66.0;5.8;0.432;30.07;15.6;
4377;2020-07-01 13:00:00;1.17;;;;59.0;79.59;36.29;725.6;0.0;62.0;6.0;0.612;31.41;17.4;
4378;2020-07-01 14:00:00;1.15;;;;60.0;76.54;35.96;725.2;0.0;58.0;5.8;0.417;32.47;18.4;
4379;2020-07-01 15:00:00;1.13;;;;62.0;68.82;31.85;724.8;0.0;51.0;5.9;0.327;32.91;18.7;
4380;2020-07-01 16:00:00;1.09;;;;60.0;62.17;29.18;724.7;0.0;47.0;5.8;0.377;34.06;18.8;
4381;2020-07-01 17:00:00;1.09;;;;52.0;60.95;28.23;724.4;0.0;49.0;5.9;0.162;33.45;19.8;
4382;2020-07-01 18:00:00;1.1;;;;51.0;61.34;28.37;723.6;0.0;53.0;5.8;0.089;32.14;22.0;
4383;2020-07-01 19:00:00;1.05;;;;42.0;52.01;23.29;723.6;0.0;48.0;5.9;0.056;31.99;18.8;
4384;2020-07-01 20:00:00;1.06;;;;37.0;50.92;21.79;723.7;0.0;50.0;5.7;0.012;30.97;14.5;
4385;2020-07-01 21:00:00;1.03;;;;32.0;50.3;20.95;724.3;0.0;52.0;5.9;0.007;30.4;10.2;
4386;2020-07-01 22:00:00;1.02;;;;34.0;45.7;22.27;724.5;0.0;49.0;5.8;0.007;30.8;16.4;
4387;2020-07-01 23:00:00;1.04;;;;31.0;46.62;23.44;724.8;0.0;57.0;5.8;0.007;29.82;19.0;
4388;2020-07-02 00:00:00;1.06;;;;26.0;56.92;29.68;725.2;0.0;70.0;;0.007;28.44;16.1;352.0
4389;2020-07-02 01:00:00;1.06;;;;22.0;61.67;33.21;725.2;0.0;79.0;;0.007;27.05;19.3;352.0
4390;2020-07-02 02:00:00;1.06;;;;20.0;64.88;35.05;725.0;0.0;82.0;;0.007;26.31;15.9;352.0
4391;2020-07-02 03:00:00;1.05;;;;20.0;65.42;36.36;724.9;0.0;83.0;;0.007;25.62;16.6;
4392;2020-07-02 04:00:00;1.04;;;;20.0;63.7;34.84;724.8;0.0;83.0;;0.007;25.05;17.6;
4393;2020-07-02 05:00:00;1.04;;;;19.0;64.18;35.07;724.7;0.0;84.0;5.9;0.007;24.59;17.3;
4394;2020-07-02 06:00:00;1.07;;;;17.0;70.92;35.71;725.0;0.0;84.0;5.8;0.008;24.26;13.5;
4395;2020-07-02 07:00:00;1.13;;;;15.0;81.23;36.77;725.7;0.0;84.0;5.7;0.021;24.32;13.7;
4396;2020-07-02 08:00:00;1.19;;;;14.0;88.86;39.13;726.3;0.0;82.0;5.8;0.067;24.8;13.2;
4397;2020-07-02 09:00:00;1.24;;;;16.0;103.61;41.68;726.9;0.0;79.0;5.9;0.163;25.6;13.7;
4398;2020-07-02 10:00:00;1.19;;;;26.0;90.43;39.64;727.3;0.0;72.0;5.9;0.389;27.38;12.0;
4399;2020-07-02 11:00:00;1.15;;;;39.0;;;727.4;0.0;64.0;5.8;0.412;28.8;11.2;
4400;2020-07-02 12:00:00;1.15;;;;59.0;;;727.1;0.0;59.0;5.9;0.541;30.18;10.5;
4401;2020-07-02 13:00:00;1.21;;;;81.0;;;726.5;0.0;54.0;5.9;0.582;31.57;11.3;
4402;2020-07-02 14:00:00;1.24;;;;92.0;;;726.3;0.0;52.0;6.0;0.499;32.68;10.8;
4403;2020-07-02 15:00:00;1.19;;;;75.0;;;726.3;0.0;53.0;6.0;0.352;32.76;14.9;353.0
4404;2020-07-02 16:00:00;1.12;;;;52.0;;;726.0;0.0;52.0;5.9;0.262;32.96;17.0;352.0
4405;2020-07-02 17:00:00;1.08;;;;45.0;;;725.9;0.0;45.0;6.0;0.223;33.57;14.1;352.0
4406;2020-07-02 18:00:00;1.05;;;;40.0;;;725.6;0.0;43.0;5.9;0.109;33.67;9.8;352.0
4407;2020-07-02 19:00:00;1.03;;;;33.0;;;725.5;0.0;39.0;5.8;0.043;32.95;11.3;
4408;2020-07-02 20:00:00;0.99;;;;27.0;;;725.5;0.0;34.0;5.8;0.011;32.53;12.7;
4409;2020-07-02 21:00:00;1.02;;;;30.0;;;725.7;0.0;39.0;5.7;0.007;31.58;13.6;
4410;2020-07-02 22:00:00;1.06;;;;27.0;;;726.2;0.0;46.0;5.8;0.007;30.44;19.3;
4411;2020-07-02 23:00:00;1.03;;;;21.0;;;726.6;0.0;62.0;5.8;0.007;28.23;27.5;
4412;2020-07-03 00:00:00;1.03;;;;18.0;;;727.2;0.0;68.0;;0.007;27.13;27.8;353.0
4413;2020-07-03 01:00:00;1.03;;;;17.0;;;727.4;0.0;72.0;;0.007;26.3;28.8;353.0
4414;2020-07-03 02:00:00;1.04;;;;15.0;;;727.1;0.0;78.0;5.9;0.007;25.4;21.6;353.0
4415;2020-07-03 03:00:00;1.02;;;;14.0;;;726.4;0.0;83.0;5.8;0.007;24.57;12.8;
4416;2020-07-03 04:00:00;1.04;;;;13.0;;;726.3;0.0;85.0;5.9;0.007;24.14;11.6;
4417;2020-07-03 05:00:00;1.04;;;;13.0;;;726.5;0.0;86.0;5.9;0.007;23.94;11.2;352.0
4418;2020-07-03 06:00:00;1.07;;;;12.0;;;726.7;0.0;84.0;5.8;0.007;23.78;8.5;352.0
4419;2020-07-03 07:00:00;1.1;;;;12.0;;;727.1;0.0;80.0;6.0;0.046;24.25;5.3;352.0
4420;2020-07-03 08:00:00;1.13;;;;13.0;;;727.5;0.0;71.0;5.9;0.162;26.52;4.3;353.0
4421;2020-07-03 09:00:00;1.28;;;;14.0;;;728.0;0.0;67.0;6.0;0.255;27.72;5.9;352.0
4422;2020-07-03 10:00:00;1.34;;;;25.0;;;728.5;0.0;64.0;6.0;0.395;28.35;8.4;352.0
4423;2020-07-03 11:00:00;1.32;;;;43.0;;;728.5;0.0;60.0;5.9;0.517;29.37;10.8;353.0
4424;2020-07-03 12:00:00;1.29;;;;61.0;;;728.3;0.0;57.0;6.0;0.569;30.37;14.1;353.0
4425;2020-07-03 13:00:00;1.17;;;;69.0;;;728.0;0.0;52.0;6.0;0.598;31.2;17.5;353.0
4426;2020-07-03 14:00:00;1.1;;;;48.0;;;727.5;0.0;47.0;5.9;0.587;32.7;19.4;
4427;2020-07-03 15:00:00;1.03;;;;36.0;84.09;38.63;727.1;0.0;42.0;6.0;0.554;33.44;21.9;
4428;2020-07-03 16:00:00;1.02;;;;35.0;58.2;22.32;726.6;0.0;39.0;5.8;0.467;34.37;19.3;
4429;2020-07-03 17:00:00;1.01;;;;36.0;48.84;18.52;726.0;0.0;35.0;6.0;0.361;34.83;21.0;
4430;2020-07-03 18:00:00;1.01;;;;37.0;43.06;17.13;725.5;0.0;35.0;6.0;0.231;34.54;19.6;
4431;2020-07-03 19:00:00;1.0;;;;37.0;35.39;16.75;725.5;0.0;37.0;;0.035;33.6;17.8;
4432;2020-07-03 20:00:00;1.0;;;;34.0;35.61;15.86;725.7;0.0;37.0;;0.012;32.85;14.9;352.0
4433;2020-07-03 21:00:00;0.98;;;;33.0;42.16;17.11;725.9;0.0;37.0;5.9;0.007;32.56;21.1;352.0
4434;2020-07-03 22:00:00;1.04;;;;29.0;46.44;17.85;726.4;0.0;37.0;5.9;0.007;32.05;17.4;352.0
4435;2020-07-03 23:00:00;1.04;;;;27.0;59.61;19.39;727.1;0.0;59.0;6.1;0.007;29.0;24.1;
4436;2020-07-04 00:00:00;1.03;;;;24.0;43.57;17.39;727.4;0.0;67.0;5.9;0.007;27.74;26.6;
4437;2020-07-04 01:00:00;1.05;;;;24.0;47.02;21.14;727.1;0.0;69.0;5.9;0.007;27.03;17.9;
4438;2020-07-04 02:00:00;1.05;;;;24.0;54.46;21.96;726.8;0.0;75.0;6.0;0.007;26.17;16.3;
4439;2020-07-04 03:00:00;1.04;;;;22.0;43.82;20.95;726.5;0.0;79.0;6.1;0.007;25.37;12.7;
4440;2020-07-04 04:00:00;1.04;;;;20.0;38.64;18.75;726.3;0.0;83.0;5.9;0.007;24.57;10.7;
4441;2020-07-04 05:00:00;1.05;;;;18.0;42.02;19.31;726.3;0.0;84.0;6.1;0.007;24.16;6.0;
4442;2020-07-04 06:00:00;1.08;;;;12.0;43.24;19.25;726.5;0.0;84.0;6.0;0.008;23.69;2.9;
4443;2020-07-04 07:00:00;1.15;;;;7.0;53.35;19.15;726.8;0.0;86.0;6.1;0.031;23.94;3.4;
4444;2020-07-04 08:00:00;1.28;;;;10.0;53.47;21.83;727.3;0.0;78.0;6.0;0.149;26.05;8.5;
4445;2020-07-04 09:00:00;1.34;;;;15.0;66.43;26.21;727.7;0.0;72.0;6.0;0.294;27.47;10.3;
4446;2020-07-04 10:00:00;1.38;;;;25.0;67.73;30.55;727.6;0.0;64.0;6.1;0.416;29.03;8.6;
4447;2020-07-04 11:00:00;1.33;;;;47.0;69.36;29.46;727.6;0.0;53.0;6.1;0.515;30.97;9.0;
4448;2020-07-04 12:00:00;1.26;;;;72.0;59.93;27.46;727.4;0.0;44.0;6.3;0.583;32.71;11.4;
4449;2020-07-04 13:00:00;1.2;;;;90.0;66.54;27.16;726.9;0.0;39.0;6.3;0.6;33.74;18.7;
4450;2020-07-04 14:00:00;1.11;;;;73.0;65.57;22.28;726.6;0.0;35.0;;0.597;35.04;20.6;
4451;2020-07-04 15:00:00;1.06;;;;55.0;50.47;19.09;726.3;0.0;37.0;6.4;0.552;35.19;21.7;
4452;2020-07-04 16:00:00;1.01;;;;42.0;44.33;17.13;725.7;0.0;33.0;6.4;0.479;35.66;25.0;
4453;2020-07-04 17:00:00;0.99;;;;37.0;46.78;16.37;725.1;0.0;30.0;6.2;0.36;36.13;22.4;
4454;2020-07-04 18:00:00;0.98;;;;36.0;32.28;14.46;724.7;0.0;28.0;6.2;0.229;35.84;18.9;
4455;2020-07-04 19:00:00;0.98;;;;35.0;29.3;13.19;724.6;0.0;29.0;6.1;0.032;34.77;18.1;
4456;2020-07-04 20:00:00;0.97;;;;32.0;26.72;12.19;724.4;0.0;29.0;6.0;0.013;33.85;17.3;
4457;2020-07-04 21:00:00;0.97;;;;29.0;28.18;12.22;724.7;0.0;30.0;6.1;0.007;33.31;13.5;
4458;2020-07-04 22:00:00;0.97;;;;29.0;27.55;11.66;724.8;0.0;31.0;6.0;0.007;33.16;15.5;
4459;2020-07-04 23:00:00;1.14;;;;20.0;52.73;19.37;725.4;0.0;38.0;6.1;0.007;30.84;17.8;
4460;2020-07-05 00:00:00;1.05;;;;22.0;45.89;15.5;725.5;0.0;51.0;6.0;0.007;28.55;22.9;
4461;2020-07-05 01:00:00;1.07;;;;19.0;48.43;16.22;725.7;0.0;63.0;5.9;0.007;26.68;13.8;
4462;2020-07-05 02:00:00;1.04;;;;20.0;44.22;15.25;725.5;0.0;63.0;6.1;0.007;25.62;14.2;
4463;2020-07-05 03:00:00;1.04;;;;20.0;39.53;14.76;725.2;0.0;72.0;6.0;0.007;24.85;8.0;
4464;2020-07-05 04:00:00;1.07;;;;16.0;45.95;16.33;725.0;0.0;79.0;5.9;0.007;23.86;2.9;
4465;2020-07-05 05:00:00;1.09;;;;10.0;38.72;16.77;724.9;0.0;83.0;5.8;0.007;23.11;2.9;
4466;2020-07-05 06:00:00;1.13;;;;5.0;44.56;18.09;725.1;0.0;85.0;5.9;0.008;22.98;2.9;
4467;2020-07-05 07:00:00;1.14;;;;7.0;51.57;19.52;725.5;0.0;85.0;5.9;0.048;23.93;4.0;
4468;2020-07-05 08:00:00;1.27;;;;13.0;48.46;22.5;725.9;0.0;74.0;6.0;0.167;26.72;8.6;
4469;2020-07-05 09:00:00;1.34;;;;17.0;59.47;25.71;726.2;0.0;66.0;6.0;0.298;28.47;8.0;
4470;2020-07-05 10:00:00;1.43;;;;34.0;70.45;30.05;726.2;0.0;63.0;6.2;0.423;29.25;9.2;
4471;2020-07-05 11:00:00;1.29;;;;54.0;69.12;32.26;726.2;0.0;54.0;6.8;0.518;30.6;12.1;
4472;2020-07-05 12:00:00;1.27;;;;80.0;65.59;28.44;726.2;0.0;50.0;6.9;0.58;31.89;17.0;
4473;2020-07-05 13:00:00;1.19;;;;77.0;67.43;24.25;725.5;0.0;42.0;7.0;0.611;33.47;21.3;
4474;2020-07-05 14:00:00;1.12;;;;68.0;59.03;21.25;725.0;0.0;39.0;7.0;0.606;34.81;24.7;
4475;2020-07-05 15:00:00;1.03;;;;55.0;43.04;16.29;724.7;0.0;32.0;7.1;0.564;35.95;23.3;
4476;2020-07-05 16:00:00;0.98;;;;42.0;34.95;11.46;724.2;0.0;27.0;6.6;0.477;37.09;21.9;
4477;2020-07-05 17:00:00;0.98;;;;38.0;32.86;10.5;723.8;0.0;26.0;6.4;0.362;37.3;22.1;
4478;2020-07-05 18:00:00;0.98;;;;36.0;27.02;9.92;723.3;0.0;25.0;6.1;0.229;36.78;21.3;
4479;2020-07-05 19:00:00;0.97;;;;36.0;25.52;8.79;723.1;0.0;26.0;6.2;0.035;35.7;18.3;
4480;2020-07-05 20:00:00;0.93;;;;33.0;27.8;10.55;722.9;0.0;24.0;6.0;0.013;34.7;15.5;
4481;2020-07-05 21:00:00;0.96;;;;31.0;27.62;11.83;723.1;0.0;26.0;5.9;0.007;34.59;16.4;
4482;2020-07-05 22:00:00;1.02;;;;28.0;28.92;11.32;723.7;0.0;29.0;6.1;0.007;33.76;11.5;
4483;2020-07-05 23:00:00;1.26;;;;15.0;71.76;20.01;724.1;0.0;36.0;6.2;0.007;30.83;16.6;
4484;2020-07-06 00:00:00;1.04;;;;27.0;63.0;13.18;724.2;0.0;45.0;6.1;0.007;29.29;22.0;352.0
4485;2020-07-06 01:00:00;1.05;;;;24.0;39.0;13.46;724.1;0.0;53.0;6.1;0.007;27.55;17.6;352.0
4486;2020-07-06 02:00:00;1.05;;;;22.0;34.0;14.5;723.9;0.0;63.0;;0.007;26.35;20.3;352.0
4487;2020-07-06 03:00:00;1.04;;;;21.0;33.0;16.04;724.2;0.0;73.0;6.0;0.007;25.46;13.1;
4488;2020-07-06 04:00:00;1.06;;;;17.0;29.0;17.45;724.3;0.0;79.0;6.0;0.007;24.65;8.9;
4489;2020-07-06 05:00:00;1.08;;;;13.0;35.0;18.72;724.5;0.0;84.0;5.8;0.007;24.05;3.0;
4490;2020-07-06 06:00:00;1.12;;;;7.0;29.0;;724.7;0.0;85.0;5.9;0.008;24.03;3.0;
4491;2020-07-06 07:00:00;1.2;;;;6.0;34.0;22.56;724.9;0.0;83.0;5.9;0.029;24.52;5.3;
4492;2020-07-06 08:00:00;1.28;;;;9.0;65.0;24.78;725.4;0.0;74.0;6.0;0.147;26.65;4.1;
4493;2020-07-06 09:00:00;1.41;;;;13.0;51.0;29.88;725.6;0.0;66.0;6.1;0.289;28.44;7.9;
4494;2020-07-06 10:00:00;1.39;;;;23.0;64.0;29.52;726.0;0.0;65.0;6.3;0.409;28.71;10.6;
4495;2020-07-06 11:00:00;1.36;;;;40.0;65.0;31.74;726.2;0.0;59.0;6.8;0.507;29.95;14.0;
4496;2020-07-06 12:00:00;1.25;;;;52.0;83.0;27.82;726.0;0.0;53.0;7.2;0.56;31.17;16.5;
4497;2020-07-06 13:00:00;1.2;;;;72.0;69.0;28.52;725.7;0.0;48.0;7.9;0.578;32.52;21.5;
4498;2020-07-06 14:00:00;1.1;;;;60.0;83.0;23.28;725.3;0.0;42.0;8.0;0.576;33.86;25.9;
4499;2020-07-06 15:00:00;1.04;;;;37.0;61.0;17.52;725.1;0.0;37.0;7.2;0.549;35.37;22.1;
4500;2020-07-06 16:00:00;1.03;;;;33.0;38.0;15.21;724.8;0.0;34.0;5.7;0.466;36.22;21.2;
4501;2020-07-06 17:00:00;1.02;;;;31.0;39.0;13.39;724.6;0.0;33.0;5.3;0.354;36.36;21.3;
4502;2020-07-06 18:00:00;1.02;;;;30.0;31.0;12.9;724.0;0.0;33.0;5.0;0.221;35.88;21.1;
4503;2020-07-06 19:00:00;1.02;;;;31.0;30.0;13.96;723.8;0.0;33.0;5.0;0.033;35.0;17.8;
4504;2020-07-06 20:00:00;1.01;;;;30.0;28.0;12.03;723.9;0.0;35.0;4.9;0.013;34.11;18.0;
4505;2020-07-06 21:00:00;1.0;;;;29.0;25.0;11.5;724.2;0.0;36.0;4.9;0.007;33.48;17.1;
4506;2020-07-06 22:00:00;1.07;;;;23.0;18.0;15.95;724.9;0.0;45.0;;0.007;32.24;21.9;
4507;2020-07-06 23:00:00;1.08;;;;16.0;45.0;24.82;725.5;0.0;63.0;;0.007;29.23;25.4;
4508;2020-07-07 00:00:00;1.07;;;;16.0;59.0;23.63;725.7;0.0;68.0;;0.007;28.16;26.3;
4509;2020-07-07 01:00:00;1.07;;;;17.0;50.0;26.13;725.9;0.0;72.0;;0.007;27.37;22.2;
4510;2020-07-07 02:00:00;1.07;;;;17.0;50.0;27.09;725.7;0.0;77.0;4.7;0.007;26.47;18.5;
4511;2020-07-07 03:00:00;1.06;;;;15.0;44.0;23.02;725.5;0.0;80.0;4.7;0.007;25.78;17.7;
4512;2020-07-07 04:00:00;1.07;;;;15.0;33.0;22.49;725.2;0.0;81.0;4.6;0.007;25.43;13.6;
4513;2020-07-07 05:00:00;1.08;;;;13.0;30.0;21.72;725.2;0.0;83.0;4.7;0.007;24.97;10.7;
4514;2020-07-07 06:00:00;1.1;;;;11.0;35.0;21.11;725.6;0.0;81.0;4.8;0.007;25.14;9.6;
4515;2020-07-07 07:00:00;1.16;;;;9.0;36.0;20.94;726.0;0.0;82.0;4.7;0.032;25.21;8.2;
4516;2020-07-07 08:00:00;1.21;;;;11.0;39.0;22.31;726.6;0.0;77.0;4.7;0.111;26.18;7.9;
4517;2020-07-07 09:00:00;1.26;;;;16.0;52.0;25.7;726.7;0.0;72.0;;0.268;27.58;11.8;
4518;2020-07-07 10:00:00;1.27;;;;25.0;68.0;31.97;726.9;0.0;66.0;4.8;0.362;28.71;10.0;
4519;2020-07-07 11:00:00;1.27;;;;41.0;62.0;33.24;727.0;0.0;62.0;4.9;0.455;29.84;13.1;
4520;2020-07-07 12:00:00;1.22;;;;59.0;61.0;33.36;726.7;0.0;59.0;4.9;0.559;30.68;19.9;
4521;2020-07-07 13:00:00;1.14;;;;49.0;78.0;29.91;726.5;0.0;55.0;4.6;0.588;31.81;18.5;
4522;2020-07-07 14:00:00;1.12;;;;45.0;68.0;29.58;726.2;0.0;50.0;4.8;0.584;32.88;19.7;
4523;2020-07-07 15:00:00;1.09;;;;39.0;56.0;27.13;725.7;0.0;45.0;5.0;0.547;34.09;22.4;
4524;2020-07-07 16:00:00;1.07;;;;39.0;58.0;24.18;725.1;0.0;41.0;5.0;0.465;34.7;21.7;
4525;2020-07-07 17:00:00;1.09;;;;43.0;41.0;23.33;724.5;0.0;40.0;5.2;0.352;35.22;19.4;
4526;2020-07-07 18:00:00;1.08;;;;40.0;46.0;21.01;723.8;0.0;38.0;4.9;0.212;35.02;19.1;
4527;2020-07-07 19:00:00;1.07;;;;36.0;40.0;20.34;723.8;0.0;41.0;5.4;0.036;34.11;15.8;
4528;2020-07-07 20:00:00;1.06;;;;31.0;37.0;19.17;724.2;0.0;42.0;5.9;0.012;33.0;16.3;
4529;2020-07-07 21:00:00;1.06;;;;29.0;35.0;18.38;724.5;0.0;43.0;5.9;0.007;32.41;12.5;
4530;2020-07-07 22:00:00;1.04;;;;30.0;35.0;18.42;724.8;0.0;42.0;;0.007;32.16;14.5;
4531;2020-07-07 23:00:00;1.08;;;;25.0;34.0;21.88;725.4;0.0;54.0;;0.007;30.58;23.8;
4532;2020-07-08 00:00:00;1.08;;;;23.0;59.0;24.18;725.5;0.0;64.0;5.8;0.007;29.23;25.7;
4533;2020-07-08 01:00:00;1.08;;;;21.0;46.0;24.22;725.6;0.0;70.0;6.0;0.007;28.23;23.2;
4534;2020-07-08 02:00:00;1.08;;;;21.0;39.0;24.61;725.2;0.0;74.0;5.7;0.007;27.47;18.9;
4535;2020-07-08 03:00:00;1.08;;;;21.0;48.0;25.2;724.9;0.0;77.0;5.8;0.007;26.82;15.8;
4536;2020-07-08 04:00:00;1.08;;;;;41.0;24.92;724.9;0.0;80.0;5.8;0.007;25.99;16.4;
4537;2020-07-08 05:00:00;1.08;;;;;37.0;25.6;724.9;0.0;81.0;;0.007;25.57;15.0;
4538;2020-07-08 06:00:00;1.11;;;;19.0;44.0;23.24;725.1;0.0;80.0;;0.008;25.29;13.6;
4539;2020-07-08 07:00:00;1.14;;;;18.0;41.0;22.52;725.3;0.0;79.0;5.9;0.038;25.11;9.9;
4540;2020-07-08 08:00:00;1.22;;;;17.0;46.0;22.45;725.7;0.0;74.0;5.9;0.139;26.25;11.3;
4541;2020-07-08 09:00:00;1.28;;;;20.0;54.0;24.24;726.2;0.0;70.0;6.1;0.243;27.38;8.6;
4542;2020-07-08 10:00:00;1.28;;;;29.0;60.0;28.67;726.3;0.0;69.0;6.0;0.377;27.98;12.5;
4543;2020-07-08 11:00:00;1.24;;;;36.0;69.0;30.41;726.3;0.0;68.0;6.1;0.492;28.55;18.6;
4544;2020-07-08 12:00:00;1.21;;;;46.0;71.0;34.94;726.2;0.0;66.0;6.1;0.556;29.41;19.9;
4545;2020-07-08 13:00:00;1.2;;;;56.0;79.0;37.79;725.7;0.0;64.0;;0.583;30.43;20.5;
4546;2020-07-08 14:00:00;1.17;;;;53.0;83.0;33.37;725.1;0.0;58.0;6.0;0.578;32.37;23.3;
4547;2020-07-08 15:00:00;1.13;;;;52.0;74.0;29.93;724.8;0.0;50.0;6.1;0.527;33.79;24.0;
4548;2020-07-08 16:00:00;1.1;;;;45.0;57.0;24.57;724.1;0.0;45.0;6.3;0.456;34.53;23.8;
4549;2020-07-08 17:00:00;1.1;;;;41.0;45.0;22.44;723.6;0.0;42.0;6.3;0.305;34.62;24.7;
4550;2020-07-08 18:00:00;1.08;;;;39.0;44.0;20.29;723.3;0.0;43.0;6.1;0.159;34.12;22.4;
4551;2020-07-08 19:00:00;1.08;;;;38.0;39.0;19.65;723.7;0.0;43.0;6.0;0.039;33.5;14.8;
4552;2020-07-08 20:00:00;1.08;;;;37.0;37.0;21.18;724.0;0.0;44.0;6.1;0.009;32.75;10.0;
4553;2020-07-08 21:00:00;1.07;;;;37.0;60.0;18.61;724.1;0.0;39.0;6.0;0.007;33.03;12.3;
4554;2020-07-08 22:00:00;1.08;;;;37.0;40.0;18.41;724.0;0.0;43.0;6.0;0.007;32.15;14.3;
4555;2020-07-08 23:00:00;1.06;;;;39.0;34.0;17.98;724.3;0.0;45.0;;0.007;31.74;19.1;
4556;2020-07-09 00:00:00;1.08;;;;29.0;39.0;23.14;724.4;0.0;62.0;;0.007;29.23;25.5;
4557;2020-07-09 01:00:00;1.09;;;;22.0;53.0;28.95;724.7;0.0;71.0;;0.007;27.98;21.3;
4558;2020-07-09 02:00:00;1.09;;;;21.0;55.0;28.35;724.5;0.0;75.0;5.9;0.007;27.16;17.6;
4559;2020-07-09 03:00:00;1.08;;;;20.0;54.0;27.72;724.4;0.0;78.0;5.9;0.007;26.45;15.2;
4560;2020-07-09 04:00:00;1.08;;;;20.0;54.0;26.84;724.4;0.0;79.0;;0.007;25.93;12.8;
4561;2020-07-09 05:00:00;1.1;;;;18.0;51.0;26.01;724.7;0.0;79.0;;0.007;25.78;13.2;
4562;2020-07-09 06:00:00;1.13;;;;17.0;44.0;27.43;724.9;0.0;79.0;5.8;0.007;25.68;13.1;
4563;2020-07-09 07:00:00;1.17;;;;15.0;53.0;29.68;725.2;0.0;80.0;5.9;0.033;25.6;9.7;
4564;2020-07-09 08:00:00;1.25;;;;15.0;66.0;31.84;725.5;0.0;76.0;5.9;0.128;26.65;12.1;
4565;2020-07-09 09:00:00;1.28;;;;19.0;69.0;34.51;725.9;0.0;72.0;6.0;0.247;27.94;12.1;
4566;2020-07-09 10:00:00;1.28;;;;29.0;74.0;38.26;725.9;0.0;67.0;5.9;0.393;29.05;11.8;
4567;2020-07-09 11:00:00;1.25;;;;45.0;80.0;39.17;725.9;0.0;62.0;5.9;0.494;30.66;12.6;
4568;2020-07-09 12:00:00;1.23;;;;62.0;81.0;40.41;725.7;0.0;59.0;;0.558;31.67;18.5;
4569;2020-07-09 13:00:00;1.17;;;;58.0;90.0;29.92;725.4;0.0;53.0;5.8;0.589;33.51;20.0;
4570;2020-07-09 14:00:00;1.14;;;;62.0;77.0;25.19;724.9;0.0;45.0;5.9;0.594;34.98;24.7;
4571;2020-07-09 15:00:00;1.1;;;;60.0;76.0;22.41;724.7;0.0;39.0;6.2;0.552;36.1;22.7;
4572;2020-07-09 16:00:00;1.09;;;;51.0;62.0;19.87;724.4;0.0;37.0;6.2;0.466;36.75;20.0;
4573;2020-07-09 17:00:00;1.09;;;;48.0;55.0;19.43;724.1;0.0;34.0;6.1;0.35;37.02;20.8;
4574;2020-07-09 18:00:00;1.08;;;;45.0;58.0;15.84;723.6;0.0;33.0;6.0;0.217;36.66;24.2;
4575;2020-07-09 19:00:00;1.07;;;;44.0;43.0;14.8;723.6;0.0;34.0;6.0;0.031;35.78;19.5;
4576;2020-07-09 20:00:00;1.05;;;;43.0;30.0;14.43;723.7;0.0;35.0;5.9;0.011;34.73;16.8;
4577;2020-07-09 21:00:00;1.02;;;;42.0;32.0;12.74;724.1;0.0;34.0;6.0;0.007;34.67;22.4;
4578;2020-07-09 22:00:00;1.05;;;;41.0;31.0;11.27;724.5;0.0;35.0;6.1;0.007;34.0;17.5;
4579;2020-07-09 23:00:00;1.12;;;;35.0;25.0;16.94;724.9;0.0;49.0;5.9;0.007;31.06;23.7;
4580;2020-07-10 00:00:00;1.12;;;;29.0;46.0;25.57;725.2;0.0;62.0;5.9;0.007;29.65;24.3;
4581;2020-07-10 01:00:00;1.12;;;;26.0;44.0;26.6;725.6;0.0;68.0;5.8;0.007;28.81;17.1;
4582;2020-07-10 02:00:00;1.13;;;;22.0;43.0;25.65;725.7;0.0;72.0;5.8;0.007;27.85;16.7;
4583;2020-07-10 03:00:00;1.12;;;;21.0;44.0;22.87;725.8;0.0;74.0;5.9;0.007;26.8;16.4;
4584;2020-07-10 04:00:00;1.1;;;;19.0;41.0;21.06;725.9;0.0;76.0;5.8;0.007;25.9;16.3;
4585;2020-07-10 05:00:00;1.12;;;;17.0;35.0;21.02;726.2;0.0;78.0;5.9;0.007;25.36;14.3;
4586;2020-07-10 06:00:00;1.14;;;;15.0;36.0;21.7;726.5;0.0;79.0;6.0;0.008;25.03;10.1;
4587;2020-07-10 07:00:00;1.18;;;;11.0;45.0;22.37;727.1;0.0;80.0;6.0;0.03;24.93;5.2;
4588;2020-07-10 08:00:00;1.29;;;;11.0;46.0;25.14;727.6;0.0;74.0;;0.126;26.64;5.0;
4589;2020-07-10 09:00:00;1.4;;;;15.0;53.0;30.17;727.8;0.0;66.0;6.2;0.309;29.04;6.9;
4590;2020-07-10 10:00:00;1.46;;;;28.0;74.0;34.95;727.8;0.0;62.0;6.2;0.407;30.21;7.2;
4591;2020-07-10 11:00:00;1.5;;;;59.0;91.0;36.03;727.7;0.0;57.0;6.6;0.506;31.41;11.3;
4592;2020-07-10 12:00:00;1.39;;;;87.0;97.0;35.66;727.7;0.0;52.0;6.6;0.569;32.75;18.2;
4593;2020-07-10 13:00:00;1.25;;;;86.0;112.0;31.82;727.7;0.0;45.0;6.5;0.597;34.51;19.7;
4594;2020-07-10 14:00:00;1.18;;;;82.0;89.0;30.56;727.4;0.0;43.0;6.5;0.59;35.38;21.8;
4595;2020-07-10 15:00:00;1.13;;;;76.0;84.0;31.64;727.4;0.0;40.0;9.4;0.54;36.06;22.4;
4596;2020-07-10 16:00:00;1.09;;;;51.0;81.0;21.59;727.0;0.0;35.0;9.3;0.467;37.08;19.7;
4597;2020-07-10 17:00:00;1.09;;;;42.0;40.0;19.94;727.0;0.0;34.0;7.3;0.354;37.73;20.2;
4598;2020-07-10 18:00:00;1.07;;;;37.0;42.0;17.25;726.6;0.0;32.0;6.6;0.219;37.24;21.8;
4599;2020-07-10 19:00:00;1.04;;;;37.0;45.0;16.19;726.4;0.0;31.0;6.3;0.031;36.54;19.7;
4600;2020-07-10 20:00:00;1.05;;;;35.0;38.0;16.29;726.5;0.0;33.0;6.2;0.012;35.54;19.2;
4601;2020-07-10 21:00:00;;;;;;;;;;;;0.0;;;
4602;2020-07-10 22:00:00;1.08;;;;18.0;57.0;12.17;727.6;0.0;53.0;6.2;0.007;31.4;20.8;
4603;2020-07-10 23:00:00;1.09;;;;18.0;42.0;12.55;727.8;0.0;55.0;6.2;0.007;30.47;23.4;
4604;2020-07-11 00:00:00;1.08;;;;18.0;48.0;12.74;727.6;0.0;59.0;6.1;0.007;29.52;23.8;
4605;2020-07-11 01:00:00;1.08;;;;17.0;46.0;10.97;727.4;0.0;62.0;6.2;0.007;28.27;20.0;
4606;2020-07-11 02:00:00;1.07;;;;16.0;22.0;8.9;727.3;0.0;65.0;6.1;0.007;27.01;19.7;
4607;2020-07-11 03:00:00;1.06;;;;15.0;27.0;8.67;727.3;0.0;70.0;5.9;0.007;25.95;16.3;
4608;2020-07-11 04:00:00;1.07;;;;14.0;24.0;8.44;727.1;0.0;75.0;5.8;0.007;25.22;13.4;
4609;2020-07-11 05:00:00;1.08;;;;12.0;14.0;8.88;727.1;0.0;79.0;5.8;0.007;24.69;9.8;
4610;2020-07-11 06:00:00;1.1;;;;9.0;33.0;9.86;727.5;0.0;83.0;;0.008;24.2;4.0;
4611;2020-07-11 07:00:00;1.18;;;;6.0;26.0;12.36;727.9;0.0;81.0;5.9;0.027;24.84;3.3;
4612;2020-07-11 08:00:00;1.26;;;;7.0;36.0;15.55;728.7;0.0;78.0;5.9;0.076;25.63;5.7;
4613;2020-07-11 09:00:00;1.34;;;;12.0;36.0;20.35;729.0;0.0;71.0;;0.249;27.17;9.2;
4614;2020-07-11 10:00:00;1.37;;;;24.0;65.0;24.58;728.9;0.0;64.0;;0.409;28.86;8.9;
4615;2020-07-11 11:00:00;1.37;;;;47.0;63.0;26.7;728.9;0.0;58.0;6.2;0.511;30.21;11.2;
4616;2020-07-11 12:00:00;1.31;;;;64.0;71.0;26.95;728.9;0.0;52.0;6.1;0.58;31.75;16.1;
4617;2020-07-11 13:00:00;1.18;;;;61.0;87.0;23.46;728.6;0.0;44.0;6.4;0.607;33.35;22.0;
4618;2020-07-11 14:00:00;1.11;;;;46.0;77.0;19.83;728.3;0.0;39.0;6.8;0.611;34.72;25.2;
4619;2020-07-11 15:00:00;1.07;;;;34.0;57.0;14.9;727.9;0.0;32.0;6.6;0.562;36.71;22.7;
4620;2020-07-11 16:00:00;1.02;;;;33.0;39.0;11.07;727.4;0.0;24.0;6.2;0.483;38.05;24.6;
4621;2020-07-11 17:00:00;1.0;;;;32.0;42.0;8.4;727.0;0.0;20.0;6.2;0.37;38.22;26.8;
4622;2020-07-11 18:00:00;1.0;;;;31.0;34.0;6.8;726.6;0.0;21.0;6.1;0.234;37.84;23.8;
4623;2020-07-11 19:00:00;0.99;;;;31.0;27.0;6.92;726.6;0.0;23.0;6.1;0.029;36.57;22.0;
4624;2020-07-11 20:00:00;1.01;;;;28.0;20.0;8.23;726.9;0.0;28.0;6.2;0.014;35.57;19.7;
4625;2020-07-11 21:00:00;1.03;;;;27.0;24.0;9.9;727.3;0.0;30.0;6.1;0.007;34.63;17.3;
4626;2020-07-11 22:00:00;1.12;;;;23.0;31.0;13.16;727.7;0.0;42.0;6.1;0.007;32.11;23.1;
4627;2020-07-11 23:00:00;1.12;;;;18.0;41.0;13.43;727.9;0.0;55.0;;0.007;29.82;29.7;
4628;2020-07-12 00:00:00;1.13;;;;15.0;45.0;13.41;727.7;0.0;61.0;;0.007;28.6;24.4;
4629;2020-07-12 01:00:00;1.12;;;;14.0;35.0;12.81;727.4;0.0;67.0;6.0;0.007;27.38;17.7;
4630;2020-07-12 02:00:00;1.13;;;;15.0;31.0;15.23;726.7;0.0;69.0;6.0;0.007;26.85;9.1;
4631;2020-07-12 03:00:00;1.11;;;;16.0;48.0;15.85;726.3;0.0;73.0;;0.007;26.17;9.7;
4632;2020-07-12 04:00:00;1.13;;;;10.0;35.0;15.26;726.6;0.0;79.0;6.1;0.007;24.98;11.5;
4633;2020-07-12 05:00:00;1.12;;;;10.0;36.0;16.39;726.8;0.0;82.0;6.0;0.007;24.24;3.2;
4634;2020-07-12 06:00:00;1.13;;;;8.0;48.0;16.08;727.4;0.0;82.0;5.9;0.008;24.04;4.2;
4635;2020-07-12 07:00:00;1.14;;;;8.0;40.0;16.45;728.2;0.0;83.0;6.0;0.032;24.28;5.2;
4636;2020-07-12 08:00:00;1.14;;;;10.0;41.0;18.71;728.7;0.0;82.0;6.0;0.064;24.85;3.9;
4637;2020-07-12 09:00:00;1.23;;;;13.0;52.0;24.15;728.7;0.0;71.0;6.1;0.291;27.43;7.8;
4638;2020-07-12 10:00:00;1.42;;;;18.0;46.0;35.37;728.5;0.0;61.0;6.9;0.414;29.72;7.4;
4639;2020-07-12 11:00:00;1.41;;;;38.0;65.0;34.48;728.2;0.0;57.0;8.9;0.51;30.95;11.1;
4640;2020-07-12 12:00:00;1.25;;;;53.0;68.0;24.39;727.7;0.0;51.0;7.9;0.584;32.15;14.6;
4641;2020-07-12 13:00:00;1.18;;;;62.0;48.0;19.87;727.1;0.0;40.0;7.5;0.61;34.34;19.4;
4642;2020-07-12 14:00:00;1.11;;;;50.0;55.0;17.33;726.4;0.0;36.0;7.3;0.61;35.77;24.2;
4643;2020-07-12 15:00:00;1.07;;;;38.0;55.0;13.21;725.9;0.0;32.0;6.9;0.57;36.89;25.1;
4644;2020-07-12 16:00:00;1.03;;;;33.0;42.0;10.86;725.5;0.0;26.0;6.4;0.484;38.29;24.2;
4645;2020-07-12 17:00:00;1.0;;;;33.0;41.0;8.23;725.2;0.0;21.0;6.2;0.372;38.8;23.2;
4646;2020-07-12 18:00:00;0.99;;;;31.0;32.0;6.19;724.9;0.0;20.0;6.0;0.197;38.3;21.3;
4647;2020-07-12 19:00:00;0.99;;;;30.0;21.0;5.44;724.9;0.0;21.0;6.1;0.035;36.72;15.6;
4648;2020-07-12 20:00:00;1.01;;;;30.0;19.0;6.09;725.1;0.0;23.0;6.0;0.011;36.14;16.8;
4649;2020-07-12 21:00:00;1.13;;;;24.0;21.0;10.48;725.5;0.0;28.0;6.2;0.007;34.96;17.4;
4650;2020-07-12 22:00:00;1.09;;;;21.0;37.0;14.35;726.2;0.0;41.0;6.3;0.007;32.38;24.8;
4651;2020-07-12 23:00:00;1.09;;;;19.0;55.0;16.12;726.3;0.0;45.0;6.2;0.007;30.86;25.0;
4652;2020-07-13 00:00:00;1.1;;;;18.0;59.0;16.72;726.3;0.0;49.0;5.5;0.007;29.78;20.5;
4653;2020-07-13 01:00:00;1.11;;;;18.0;52.0;16.18;726.2;0.0;53.0;4.8;0.007;29.25;10.8;
4654;2020-07-13 02:00:00;1.12;;;;17.0;43.0;18.25;725.9;0.0;55.0;4.8;0.007;28.44;12.9;
4655;2020-07-13 03:00:00;1.13;;;;12.0;70.0;19.35;725.8;0.0;58.0;4.9;0.007;26.97;10.1;
4656;2020-07-13 04:00:00;1.09;;;;10.0;61.0;17.7;725.9;0.0;63.0;4.8;0.007;25.83;6.1;
4657;2020-07-13 05:00:00;1.13;;;;7.0;45.0;21.09;725.9;0.0;69.0;4.8;0.007;25.02;3.9;
4658;2020-07-13 06:00:00;1.17;;;;4.0;56.0;22.37;726.1;0.0;75.0;;0.008;24.11;2.9;
4659;2020-07-13 07:00:00;1.25;;;;4.0;60.0;25.15;726.2;0.0;72.0;;0.042;25.22;3.7;
4660;2020-07-13 08:00:00;1.53;;;;7.0;104.0;25.15;726.5;0.0;56.0;5.0;0.17;29.36;7.1;
4661;2020-07-13 09:00:00;1.67;;;;12.0;87.0;28.15;727.0;0.0;49.0;7.2;0.301;31.39;6.3;
4662;2020-07-13 10:00:00;1.87;;;;25.0;93.0;37.72;726.9;0.0;48.0;8.0;0.425;32.29;7.5;
4663;2020-07-13 11:00:00;1.46;;;;49.0;112.0;31.88;726.8;0.0;43.0;7.5;0.524;33.51;10.0;
4664;2020-07-13 12:00:00;1.34;;;;75.0;101.0;26.45;726.4;0.0;35.0;6.9;0.588;35.17;16.1;
4665;2020-07-13 13:00:00;1.21;;;;80.0;86.0;20.67;726.2;0.0;29.0;6.4;0.619;36.65;22.3;
4666;2020-07-13 14:00:00;1.09;;;;65.0;77.0;17.2;725.9;0.0;26.0;9.9;0.619;37.55;22.4;
4667;2020-07-13 15:00:00;1.06;;;;42.0;58.0;14.99;725.6;0.0;26.0;7.1;0.557;38.09;22.5;
4668;2020-07-13 16:00:00;1.02;;;;38.0;49.0;11.41;725.1;0.0;21.0;5.4;0.482;38.98;21.3;
4669;2020-07-13 17:00:00;1.02;;;;38.0;35.0;10.07;724.6;0.0;18.0;5.0;0.337;39.18;23.3;
4670;2020-07-13 18:00:00;1.04;;;;39.0;43.0;10.38;724.1;0.0;17.0;5.1;0.197;38.75;21.7;
4671;2020-07-13 19:00:00;1.02;;;;39.0;33.0;9.71;724.1;0.0;18.0;4.9;0.029;37.99;16.0;
4672;2020-07-13 20:00:00;1.02;;;;37.0;27.0;9.8;724.3;0.0;21.0;5.0;0.012;36.65;17.3;
4673;2020-07-13 21:00:00;1.07;;;;30.0;25.0;13.24;724.5;0.0;25.0;5.0;0.007;35.01;17.5;
4674;2020-07-13 22:00:00;1.1;;;;26.0;39.0;18.58;725.0;0.0;36.0;5.1;0.007;32.78;19.7;
4675;2020-07-13 23:00:00;1.1;;;;25.0;52.0;21.75;725.4;0.0;43.0;5.2;0.007;31.26;24.8;
4676;2020-07-14 00:00:00;1.12;;;;26.0;75.0;23.72;725.5;0.0;50.0;5.2;0.007;30.05;23.6;
4677;2020-07-14 01:00:00;;;;;;;;;;;;0.0;;;
4678;2020-07-14 02:00:00;1.13;;;;22.0;71.0;23.43;725.4;0.0;60.0;5.2;0.007;27.72;19.2;
4679;2020-07-14 03:00:00;1.13;;;;20.0;58.0;23.35;725.1;0.0;66.0;4.9;0.007;26.34;14.6;
4680;2020-07-14 04:00:00;1.13;;;;18.0;59.0;22.66;725.1;0.0;72.0;5.0;0.007;25.37;12.1;
4681;2020-07-14 05:00:00;1.17;;;;11.0;53.0;24.18;725.0;0.0;75.0;5.1;0.007;24.55;8.3;
4682;2020-07-14 06:00:00;1.21;;;;5.0;64.0;25.27;725.2;0.0;79.0;5.1;0.007;23.73;3.0;
4683;2020-07-14 07:00:00;1.28;;;;5.0;73.0;26.56;725.9;0.0;77.0;;0.042;24.31;4.4;
4684;2020-07-14 08:00:00;1.41;;;;8.0;90.0;27.62;726.3;0.0;67.0;5.2;0.166;27.37;5.6;
4685;2020-07-14 09:00:00;1.57;;;;15.0;79.0;32.21;726.7;0.0;64.0;5.9;0.295;28.08;9.5;
4686;2020-07-14 10:00:00;1.49;;;;30.0;108.0;30.97;726.8;0.0;59.0;6.4;0.422;29.22;9.4;
4687;2020-07-14 11:00:00;1.46;;;;47.0;101.0;33.23;726.8;0.0;53.0;6.7;0.521;30.66;13.8;
4688;2020-07-14 12:00:00;1.31;;;;55.0;105.0;30.25;726.6;0.0;44.0;7.1;0.592;32.66;18.1;
4689;2020-07-14 13:00:00;1.18;;;;65.0;104.0;26.59;726.3;0.0;37.0;7.3;0.63;34.32;26.3;
4690;2020-07-14 14:00:00;1.11;;;;47.0;101.0;23.31;726.2;0.0;31.0;6.3;0.623;35.67;26.8;
4691;2020-07-14 15:00:00;1.08;;;;44.0;70.0;21.88;725.8;0.0;27.0;5.5;0.574;37.1;25.7;
4692;2020-07-14 16:00:00;1.05;;;;46.0;62.0;18.86;725.4;0.0;21.0;5.2;0.49;38.16;23.4;
4693;2020-07-14 17:00:00;1.05;;;;47.0;51.0;17.75;724.9;0.0;19.0;5.1;0.372;38.22;25.1;
4694;2020-07-14 18:00:00;1.06;;;;44.0;35.0;17.47;724.7;0.0;21.0;5.0;0.225;37.41;26.3;
4695;2020-07-14 19:00:00;1.03;;;;44.0;49.0;16.15;724.5;0.0;22.0;5.1;0.031;36.48;22.7;
4696;2020-07-14 20:00:00;1.03;;;;39.0;34.0;16.43;724.5;0.0;25.0;5.1;0.012;35.42;24.9;
4697;2020-07-14 21:00:00;1.05;;;;34.0;52.0;13.44;724.6;0.0;24.0;4.9;0.007;34.7;18.9;
4698;2020-07-14 22:00:00;1.14;;;;27.0;33.0;23.2;725.2;0.0;40.0;5.1;0.007;31.78;23.5;
4699;2020-07-14 23:00:00;1.13;;;;22.0;67.0;30.28;725.9;0.0;53.0;5.3;0.007;30.02;22.3;
4700;2020-07-15 00:00:00;1.12;;;;20.0;63.0;31.87;725.9;0.0;58.0;5.2;0.007;28.73;27.7;352.0
4701;2020-07-15 01:00:00;1.12;;;;19.0;69.0;29.06;725.9;0.0;62.0;5.5;0.007;27.71;25.0;352.0
4702;2020-07-15 02:00:00;1.1;;;;20.0;56.0;21.54;725.6;0.0;63.0;5.9;0.007;26.76;22.9;352.0
4703;2020-07-15 03:00:00;1.1;;;;19.0;50.0;21.11;725.5;0.0;67.0;5.7;0.007;25.8;19.5;
4704;2020-07-15 04:00:00;1.12;;;;18.0;50.0;24.96;725.7;0.0;73.0;5.7;0.007;25.01;16.9;
4705;2020-07-15 05:00:00;1.13;;;;16.0;51.0;26.42;725.8;0.0;77.0;5.9;0.007;24.38;10.9;
4706;2020-07-15 06:00:00;1.17;;;;11.0;60.0;26.85;726.1;0.0;78.0;5.9;0.008;24.0;5.3;
4707;2020-07-15 07:00:00;1.19;;;;13.0;56.0;30.43;726.3;0.0;78.0;;0.041;24.29;7.9;
4708;2020-07-15 08:00:00;1.2;;;;15.0;78.0;31.24;726.7;0.0;73.0;5.4;0.157;25.87;10.7;353.0
4709;2020-07-15 09:00:00;1.21;;;;18.0;62.0;33.56;727.3;0.0;68.0;5.1;0.279;27.01;8.1;352.0
4710;2020-07-15 10:00:00;1.15;;;;25.0;74.0;35.23;727.5;0.0;63.0;5.3;0.412;27.84;16.3;352.0
4711;2020-07-15 11:00:00;1.14;;;;28.0;81.0;34.45;727.7;0.0;60.0;5.3;0.507;28.85;19.7;352.0
4712;2020-07-15 12:00:00;1.14;;;;32.0;73.0;31.38;727.4;0.0;54.0;5.1;0.565;30.16;20.5;
4713;2020-07-15 13:00:00;1.13;;;;35.0;83.0;27.67;727.3;0.0;47.0;5.0;0.58;31.55;22.1;
4714;2020-07-15 14:00:00;1.13;;;;38.0;68.0;26.92;726.8;0.0;42.0;5.0;0.527;33.1;21.0;
4715;2020-07-15 15:00:00;1.13;;;;39.0;72.0;26.43;726.3;0.0;40.0;5.1;0.512;34.37;21.7;
4716;2020-07-15 16:00:00;1.13;;;;40.0;63.0;25.77;725.8;0.0;37.0;5.1;0.457;35.37;20.5;
4717;2020-07-15 17:00:00;1.12;;;;38.0;65.0;23.81;725.5;0.0;34.0;5.0;0.353;35.92;20.2;
4718;2020-07-15 18:00:00;1.15;;;;36.0;60.0;25.69;725.1;0.0;37.0;5.1;0.147;35.16;21.1;
4719;2020-07-15 19:00:00;1.13;;;;36.0;65.0;23.67;725.1;0.0;37.0;5.1;0.054;34.6;18.5;
4720;2020-07-15 20:00:00;1.12;;;;36.0;50.0;23.02;725.1;0.0;38.0;5.0;0.014;33.74;17.2;
4721;2020-07-15 21:00:00;1.16;;;;29.0;61.0;;725.7;0.0;41.0;4.9;0.007;32.53;19.4;
4722;2020-07-15 22:00:00;1.14;;;;19.0;86.0;30.35;726.4;0.0;58.0;4.8;0.007;30.0;22.2;
4723;2020-07-15 23:00:00;1.14;;;;17.0;91.0;29.99;726.7;0.0;63.0;4.8;0.007;28.95;18.8;
4724;2020-07-16 00:00:00;1.13;;;;18.0;87.0;30.84;727.0;0.0;66.0;5.5;0.007;28.14;21.7;
4725;2020-07-16 01:00:00;1.13;;;;19.0;81.0;31.71;726.9;0.0;69.0;5.6;0.007;27.36;23.1;
4726;2020-07-16 02:00:00;1.13;;;;19.0;77.0;30.13;726.9;0.0;72.0;5.4;0.007;26.58;21.2;
4727;2020-07-16 03:00:00;1.13;;;;18.0;67.0;28.96;726.7;0.0;75.0;4.8;0.007;25.96;17.9;
4728;2020-07-16 04:00:00;1.13;;;;17.0;71.0;28.47;726.7;0.0;77.0;4.8;0.007;25.45;17.0;
4729;2020-07-16 05:00:00;1.15;;;;15.0;62.0;;727.0;0.0;79.0;4.9;0.007;25.05;16.7;
4730;2020-07-16 06:00:00;1.17;;;;14.0;68.0;27.19;727.4;0.0;80.0;4.9;0.008;24.88;11.0;
4731;2020-07-16 07:00:00;1.22;;;;12.0;70.0;27.35;727.4;0.0;79.0;4.8;0.043;25.09;8.8;355.0
4732;2020-07-16 08:00:00;1.3;;;;12.0;65.0;30.27;727.8;0.0;73.0;4.7;0.152;26.86;10.2;352.0
4733;2020-07-16 09:00:00;1.29;;;;18.0;97.0;31.12;728.1;0.0;69.0;4.8;0.291;27.86;9.5;352.0
4734;2020-07-16 10:00:00;1.32;;;;26.0;90.0;34.56;728.1;0.0;64.0;4.8;0.411;28.88;11.7;352.0
4735;2020-07-16 11:00:00;1.23;;;;36.0;85.0;34.59;728.3;0.0;60.0;5.0;0.512;29.83;17.3;
4736;2020-07-16 12:00:00;1.19;;;;36.0;110.0;31.89;728.2;0.0;55.0;5.1;0.566;31.37;19.0;
4737;2020-07-16 13:00:00;1.16;;;;35.0;99.0;28.47;727.8;0.0;46.0;5.1;0.59;33.19;23.0;
4738;2020-07-16 14:00:00;1.15;;;;36.0;81.0;26.62;727.4;0.0;42.0;4.9;0.607;34.65;20.7;
4739;2020-07-16 15:00:00;1.14;;;;34.0;68.0;21.79;726.9;0.0;38.0;5.1;0.582;35.95;20.4;
4740;2020-07-16 16:00:00;1.14;;;;31.0;56.0;20.54;726.3;0.0;35.0;5.2;0.415;36.7;19.5;
4741;2020-07-16 17:00:00;1.13;;;;28.0;55.0;19.74;726.2;0.0;35.0;5.1;0.279;36.04;21.9;
4742;2020-07-16 18:00:00;1.13;;;;27.0;57.0;18.85;726.0;0.0;33.0;5.1;0.189;36.13;20.5;
4743;2020-07-16 19:00:00;1.13;;;;27.0;53.0;21.17;726.0;0.0;32.0;;0.034;35.09;20.2;
4744;2020-07-16 20:00:00;1.12;;;;27.0;60.0;24.95;726.3;0.0;35.0;;0.009;34.2;21.2;
4745;2020-07-16 21:00:00;1.2;;;;16.0;83.0;31.28;727.4;0.0;61.0;4.9;0.007;31.08;29.4;
4746;2020-07-16 22:00:00;1.19;;;;16.0;125.0;25.49;727.8;0.0;68.0;4.9;0.007;29.41;25.8;
4747;2020-07-16 23:00:00;1.17;;;;18.0;81.0;24.0;728.1;0.0;69.0;;0.007;28.64;26.3;
4748;2020-07-17 00:00:00;1.17;;;;17.0;67.0;22.95;728.7;0.0;71.0;5.0;0.007;27.97;20.5;
4749;2020-07-17 01:00:00;1.17;;;;16.0;64.0;23.79;728.5;0.0;75.0;4.9;0.007;27.44;21.9;
4750;2020-07-17 02:00:00;1.17;;;;15.0;61.0;23.98;728.3;0.0;76.0;4.9;0.007;26.97;20.5;
4751;2020-07-17 03:00:00;1.17;;;;15.0;57.0;36.71;728.1;0.0;77.0;;0.007;26.49;18.5;
4752;2020-07-17 04:00:00;1.17;;;;15.0;79.0;26.84;727.9;0.0;77.0;;0.007;26.12;16.5;
4753;2020-07-17 05:00:00;1.17;;;;;62.0;27.45;727.8;0.0;78.0;4.8;0.007;25.62;13.6;
4754;2020-07-17 06:00:00;1.2;;;;12.0;66.0;28.43;727.9;0.0;79.0;5.0;0.007;25.31;11.6;
4755;2020-07-17 07:00:00;1.25;;;;10.0;76.0;30.08;728.5;0.0;79.0;5.1;0.027;25.3;9.5;
4756;2020-07-17 08:00:00;1.33;;;;9.0;89.0;32.22;728.8;0.0;77.0;5.0;0.081;25.79;5.5;
4757;2020-07-17 09:00:00;1.35;;;;15.0;101.0;33.11;728.9;0.0;70.0;5.1;0.278;27.59;9.1;
4758;2020-07-17 10:00:00;1.41;;;;22.0;99.0;38.99;728.9;0.0;63.0;5.3;0.384;29.23;6.9;
4759;2020-07-17 11:00:00;1.46;;;;44.0;109.0;43.04;728.7;0.0;59.0;6.2;0.493;30.61;11.5;
4760;2020-07-17 12:00:00;1.38;;;;65.0;119.0;41.87;728.3;0.0;53.0;6.4;0.557;31.97;13.9;
4761;2020-07-17 13:00:00;1.26;;;;58.0;115.0;35.65;727.9;0.0;48.0;6.1;0.592;33.16;17.8;
4762;2020-07-17 14:00:00;1.2;;;;52.0;107.0;34.49;727.6;0.0;41.0;6.5;0.598;34.84;18.7;
4763;2020-07-17 15:00:00;1.15;;;;50.0;107.0;35.82;727.3;0.0;36.0;13.8;0.556;35.5;20.0;
4764;2020-07-17 16:00:00;1.14;;;;45.0;118.0;33.85;726.7;0.0;35.0;14.5;0.387;35.63;19.1;
4765;2020-07-17 17:00:00;1.16;;;;38.0;99.0;31.45;726.3;0.0;35.0;10.9;0.307;35.84;16.4;
4766;2020-07-17 18:00:00;1.15;;;;32.0;90.0;28.15;726.2;0.0;38.0;8.2;0.076;33.64;20.5;
4767;2020-07-17 19:00:00;1.16;;;;27.0;74.0;31.39;726.3;0.0;37.0;8.2;0.03;33.31;13.1;
4768;2020-07-17 20:00:00;1.36;;;;19.0;87.0;25.13;726.3;0.0;48.0;6.8;0.009;30.18;6.7;
4769;2020-07-17 21:00:00;1.31;;;;17.0;76.0;35.16;726.6;0.0;51.0;6.1;0.007;30.33;19.4;
4770;2020-07-17 22:00:00;1.17;;;;21.0;134.0;33.62;727.5;0.0;59.0;5.7;0.007;29.26;22.8;
4771;2020-07-17 23:00:00;1.18;;;;19.0;85.0;29.84;727.8;0.0;66.0;5.5;0.007;28.11;22.3;
4772;2020-07-18 00:00:00;1.18;;;;17.0;86.0;25.26;728.1;0.0;71.0;5.2;0.007;27.14;23.4;
4773;2020-07-18 01:00:00;1.17;;;;15.0;68.0;23.32;727.8;0.0;74.0;5.4;0.007;26.61;19.5;
4774;2020-07-18 02:00:00;1.17;;;;14.0;67.0;23.09;727.7;0.0;75.0;5.4;0.007;26.44;17.2;
4775;2020-07-18 03:00:00;1.18;;;;15.0;64.0;30.5;727.3;0.01;79.0;5.7;0.007;25.81;16.7;
4776;2020-07-18 04:00:00;1.17;;;;15.0;77.0;22.65;726.9;0.01;82.0;5.8;0.007;25.09;16.9;
4777;2020-07-18 05:00:00;1.17;;;;14.0;48.0;21.64;726.8;0.0;81.0;5.6;0.007;24.96;15.9;
4778;2020-07-18 06:00:00;1.2;;;;14.0;46.0;22.0;726.9;0.0;81.0;5.7;0.007;24.77;15.9;
4779;2020-07-18 07:00:00;1.23;;;;13.0;49.0;22.24;727.4;0.0;80.0;5.3;0.022;24.95;9.5;
4780;2020-07-18 08:00:00;1.29;;;;11.0;52.0;24.23;727.8;0.0;79.0;5.3;0.099;25.49;12.9;
4781;2020-07-18 09:00:00;1.31;;;;14.0;65.0;27.18;728.2;0.0;75.0;5.2;0.161;26.54;9.4;
4782;2020-07-18 10:00:00;1.31;;;;19.0;71.0;28.73;728.4;0.0;71.0;5.3;0.215;27.21;13.3;
4783;2020-07-18 11:00:00;1.27;;;;25.0;98.0;30.39;728.5;0.0;68.0;5.4;0.305;28.04;13.6;
4784;2020-07-18 12:00:00;1.28;;;;35.0;81.0;34.91;728.3;0.0;61.0;5.4;0.558;29.93;16.0;
4785;2020-07-18 13:00:00;1.29;;;;50.0;88.0;39.93;727.6;0.0;57.0;5.6;0.593;30.67;17.6;
4786;2020-07-18 14:00:00;1.26;;;;55.0;92.0;44.05;726.9;0.0;50.0;6.1;0.595;32.44;17.0;
4787;2020-07-18 15:00:00;1.24;;;;54.0;106.0;44.07;726.3;0.0;47.0;6.6;0.278;32.85;15.2;
4788;2020-07-18 16:00:00;1.2;;;;49.0;97.0;41.39;725.6;0.0;42.0;7.2;0.157;33.04;11.7;
4789;2020-07-18 17:00:00;1.21;;;;38.0;99.0;26.93;725.9;0.01;56.0;6.2;0.034;28.81;18.1;
4790;2020-07-18 18:00:00;1.37;;;;31.0;67.0;22.77;726.6;0.04;85.0;5.8;0.013;22.87;14.1;
4791;2020-07-18 19:00:00;1.36;;;;24.0;32.0;19.5;727.4;0.16;88.0;5.4;0.01;22.54;3.7;
4792;2020-07-18 20:00:00;1.45;;;;21.0;39.0;23.59;727.9;0.1;89.0;5.4;0.009;22.68;15.4;
4793;2020-07-18 21:00:00;1.41;;;;18.0;31.0;22.63;727.6;0.04;90.0;5.5;0.01;22.54;3.7;
4794;2020-07-18 22:00:00;1.48;;;;12.0;39.0;22.68;727.5;0.01;91.0;5.5;0.01;22.69;5.4;
4795;2020-07-18 23:00:00;1.49;;;;10.0;39.0;22.77;727.8;0.0;90.0;5.8;0.011;22.67;11.3;
4796;2020-07-19 00:00:00;1.42;;;;11.0;39.0;23.06;727.6;0.0;91.0;5.8;0.012;22.6;10.9;
4797;2020-07-19 01:00:00;1.37;;;;13.0;43.0;22.07;727.4;0.0;90.0;5.7;0.011;22.51;9.6;
4798;2020-07-19 02:00:00;1.35;;;;13.0;34.0;20.31;727.4;0.0;90.0;5.5;0.009;22.49;10.0;
4799;2020-07-19 03:00:00;1.31;;;;15.0;32.0;20.32;727.1;0.0;90.0;5.7;0.008;22.6;8.1;
4800;2020-07-19 04:00:00;1.25;;;;15.0;34.0;18.91;726.9;0.0;89.0;5.5;0.008;22.68;9.3;
4801;2020-07-19 05:00:00;;;;;;;;;;;;0.0;;;
4802;2020-07-19 06:00:00;1.24;;;;9.0;39.0;22.65;726.8;0.01;89.0;5.5;0.008;22.85;6.2;
4803;2020-07-19 07:00:00;1.25;;;;7.0;39.0;24.33;727.2;0.02;91.0;5.8;0.016;22.73;3.1;
4804;2020-07-19 08:00:00;1.28;;;;7.0;41.0;22.59;727.5;0.03;92.0;5.7;0.036;22.85;3.5;
4805;2020-07-19 09:00:00;1.31;;;;7.0;44.0;22.04;727.9;0.04;92.0;5.7;0.053;23.12;2.9;
4806;2020-07-19 10:00:00;1.37;;;;9.0;46.0;23.87;727.8;0.01;91.0;5.8;0.115;23.57;3.1;
4807;2020-07-19 11:00:00;1.42;;;;12.0;53.0;29.53;728.1;0.0;85.0;5.8;0.215;25.57;3.2;
4808;2020-07-19 12:00:00;1.44;;;;15.0;47.0;34.93;728.3;0.0;76.0;5.9;0.232;26.65;6.3;
4809;2020-07-19 13:00:00;1.48;;;;33.0;56.0;39.48;728.2;0.0;71.0;5.9;0.307;27.59;8.1;
4810;2020-07-19 14:00:00;1.44;;;;53.0;71.0;36.6;727.8;0.0;66.0;6.0;0.536;28.64;13.9;
4811;2020-07-19 15:00:00;1.4;;;;71.0;70.0;35.13;727.3;0.0;60.0;6.0;0.55;30.02;17.3;
4812;2020-07-19 16:00:00;1.35;;;;71.0;74.0;32.57;726.6;0.0;55.0;5.8;0.315;30.65;16.5;
4813;2020-07-19 17:00:00;1.27;;;;56.0;65.0;32.58;726.2;0.0;56.0;5.8;0.124;30.04;14.4;
4814;2020-07-19 18:00:00;1.25;;;;47.0;58.0;33.58;725.9;0.0;55.0;6.7;0.093;29.98;9.8;
4815;2020-07-19 19:00:00;1.28;;;;37.0;67.0;30.47;725.9;0.0;55.0;8.2;0.064;30.16;7.1;
4816;2020-07-19 20:00:00;1.44;;;;21.0;62.0;;725.9;0.0;60.0;8.1;0.011;28.66;6.1;
4817;2020-07-19 21:00:00;1.3;;;;26.0;67.0;;726.3;0.0;51.0;8.1;0.007;29.71;16.8;
4818;2020-07-19 22:00:00;1.17;;;;26.0;83.0;;727.0;0.0;55.0;;0.007;28.83;19.7;
4819;2020-07-19 23:00:00;1.22;;;;24.0;57.0;;727.4;0.0;59.0;8.0;0.007;27.97;13.2;
4820;2020-07-20 00:00:00;1.18;;;;20.0;54.0;;727.4;0.0;60.0;7.6;0.007;27.51;16.9;
4821;2020-07-20 01:00:00;1.18;;;;17.0;42.0;19.12;727.3;0.0;68.0;7.6;0.007;26.23;21.9;
4822;2020-07-20 02:00:00;1.17;;;;14.0;45.0;18.22;726.9;0.0;73.0;7.7;0.007;25.38;17.9;
4823;2020-07-20 03:00:00;1.17;;;;12.0;44.0;14.95;726.7;0.0;77.0;7.6;0.007;24.82;13.4;
4824;2020-07-20 04:00:00;1.18;;;;11.0;26.0;14.15;726.6;0.0;81.0;7.4;0.007;24.22;9.2;
4825;2020-07-20 05:00:00;1.2;;;;9.0;37.0;14.62;726.6;0.0;83.0;7.2;0.007;23.76;6.0;
4826;2020-07-20 06:00:00;1.25;;;;5.0;30.0;14.33;726.7;0.0;85.0;7.5;0.007;23.59;6.6;
4827;2020-07-20 07:00:00;1.3;;;;4.0;41.0;15.37;727.0;0.0;84.0;7.5;0.024;23.95;3.7;
4828;2020-07-20 08:00:00;1.36;;;;6.0;43.0;18.33;727.3;0.0;78.0;;0.116;25.43;5.6;
4829;2020-07-20 09:00:00;1.52;;;;9.0;50.0;25.2;727.4;0.0;70.0;7.3;0.258;27.43;8.5;
4830;2020-07-20 10:00:00;1.61;;;;15.0;62.0;31.32;727.4;0.0;65.0;6.8;0.357;28.91;8.6;
4831;2020-07-20 11:00:00;1.57;;;;33.0;78.0;29.98;727.1;0.0;59.0;7.1;0.513;30.04;11.9;
4832;2020-07-20 12:00:00;1.36;;;;48.0;86.0;27.43;726.7;0.0;54.0;7.2;0.394;30.53;13.4;
4833;2020-07-20 13:00:00;1.28;;;;44.0;75.0;26.31;726.2;0.0;46.0;7.2;0.549;32.08;18.3;
4834;2020-07-20 14:00:00;1.21;;;;42.0;78.0;;725.9;0.0;43.0;7.7;0.561;32.94;20.5;
4835;2020-07-20 15:00:00;1.21;;;;40.0;75.0;;725.5;0.0;49.0;10.3;0.154;31.54;13.0;
4836;2020-07-20 16:00:00;1.19;;;;31.0;64.0;;725.0;0.0;48.0;8.5;0.108;30.94;13.5;
4837;2020-07-20 17:00:00;1.22;;;;33.0;53.0;;724.9;0.0;49.0;7.2;0.125;31.21;16.3;
4838;2020-07-20 18:00:00;1.22;;;;30.0;52.0;;724.7;0.0;49.0;6.7;0.033;30.7;12.0;
4839;2020-07-20 19:00:00;1.35;;;;20.0;53.0;;724.7;0.0;56.0;6.7;0.022;29.11;7.2;
4840;2020-07-20 20:00:00;1.34;;;;16.0;51.0;;724.7;0.0;58.0;6.6;0.01;28.07;6.2;
4841;2020-07-20 21:00:00;1.36;;;;14.0;40.0;;725.0;0.0;63.0;6.4;0.007;27.04;4.6;
4842;2020-07-20 22:00:00;1.37;;;;11.0;49.0;;725.3;0.0;60.0;6.3;0.007;27.3;5.7;
4843;2020-07-20 23:00:00;1.25;;;;22.0;56.0;;725.4;0.0;52.0;6.3;0.007;28.2;15.3;
4844;2020-07-21 00:00:00;1.21;;;;22.0;59.0;;725.2;0.0;54.0;;0.007;27.83;15.7;
4845;2020-07-21 01:00:00;1.24;;;;18.0;57.0;23.21;724.9;0.0;62.0;;0.007;26.8;16.5;
4846;2020-07-21 02:00:00;1.23;;;;14.0;51.0;21.88;724.8;0.0;70.0;6.2;0.007;25.36;13.4;
4847;2020-07-21 03:00:00;1.23;;;;11.0;50.0;20.1;725.0;0.0;75.0;6.3;0.007;24.55;9.1;
4848;2020-07-21 04:00:00;1.24;;;;10.0;43.0;17.62;725.2;0.0;78.0;6.2;0.007;24.06;4.2;
4849;2020-07-21 05:00:00;1.24;;;;8.0;38.0;16.46;725.2;0.0;80.0;6.2;0.007;23.93;2.9;
4850;2020-07-21 06:00:00;1.26;;;;5.0;26.0;15.98;725.4;0.0;81.0;;0.007;23.83;2.9;
4851;2020-07-21 07:00:00;1.4;;;;4.0;38.0;16.91;725.6;0.0;81.0;6.0;0.036;24.4;3.0;
4852;2020-07-21 08:00:00;1.54;;;;5.0;40.0;19.63;726.2;0.0;74.0;6.3;0.086;25.84;3.7;
4853;2020-07-21 09:00:00;1.66;;;;7.0;56.0;21.69;726.6;0.0;70.0;6.4;0.163;27.06;5.3;
4854;2020-07-21 10:00:00;1.64;;;;11.0;62.0;23.81;726.6;0.0;63.0;6.5;0.205;28.35;9.6;
4855;2020-07-21 11:00:00;1.6;;;;21.0;74.0;28.91;726.9;0.0;55.0;6.7;0.263;30.0;5.0;
4856;2020-07-21 12:00:00;1.56;;;;44.0;88.0;28.33;726.7;0.0;47.0;7.4;0.568;31.93;13.9;
4857;2020-07-21 13:00:00;1.32;;;;55.0;87.0;22.39;726.4;0.0;42.0;7.5;0.477;32.84;17.7;
4858;2020-07-21 14:00:00;1.22;;;;50.0;70.0;20.35;726.0;0.0;42.0;7.9;0.33;32.85;17.5;
4859;2020-07-21 15:00:00;1.19;;;;39.0;53.0;18.78;725.6;0.0;41.0;8.1;0.189;32.22;13.1;
4860;2020-07-21 16:00:00;1.2;;;;34.0;46.0;16.67;725.3;0.0;40.0;7.2;0.241;32.74;13.3;
4861;2020-07-21 17:00:00;1.22;;;;34.0;33.0;15.64;725.1;0.0;45.0;6.9;0.186;31.88;15.8;
4862;2020-07-21 18:00:00;1.22;;;;35.0;37.0;14.24;724.8;0.0;45.0;6.7;0.089;31.2;12.2;
4863;2020-07-21 19:00:00;1.24;;;;28.0;28.0;14.21;724.5;0.0;50.0;6.4;0.033;30.15;13.2;
4864;2020-07-21 20:00:00;1.37;;;;20.0;30.0;15.74;724.6;0.0;66.0;6.4;0.012;27.32;12.9;
4865;2020-07-21 21:00:00;1.34;;;;17.0;32.0;15.37;724.7;0.0;68.0;6.3;0.007;26.8;9.3;
4866;2020-07-21 22:00:00;1.38;;;;13.0;32.0;16.62;724.9;0.0;64.0;6.2;0.007;26.97;8.1;
4867;2020-07-21 23:00:00;1.4;;;;12.0;37.0;18.61;725.6;0.0;59.0;6.2;0.007;27.52;9.7;
4868;2020-07-22 00:00:00;1.2;;;;23.0;51.0;9.52;726.1;0.0;56.0;6.3;0.007;28.27;13.3;352.0
4869;2020-07-22 01:00:00;1.2;;;;23.0;20.0;10.05;726.0;0.0;60.0;6.2;0.007;27.51;18.5;352.0
4870;2020-07-22 02:00:00;1.22;;;;21.0;24.0;11.8;726.0;0.0;64.0;6.1;0.007;26.7;18.1;352.0
4871;2020-07-22 03:00:00;1.26;;;;16.0;33.0;15.43;726.1;0.0;71.0;6.1;0.007;25.36;17.4;
4872;2020-07-22 04:00:00;1.24;;;;15.0;35.0;15.17;726.0;0.0;76.0;;0.007;24.42;14.3;
4873;2020-07-22 05:00:00;1.25;;;;11.0;26.0;13.81;726.2;0.0;78.0;5.9;0.007;24.02;9.4;
4874;2020-07-22 06:00:00;1.27;;;;7.0;26.0;13.72;726.2;0.0;81.0;5.8;0.007;23.49;3.2;
4875;2020-07-22 07:00:00;1.37;;;;5.0;28.0;13.77;726.4;0.0;82.0;5.9;0.02;23.67;3.6;
4876;2020-07-22 08:00:00;1.42;;;;7.0;39.0;15.68;726.9;0.0;80.0;5.9;0.063;24.43;4.7;
4877;2020-07-22 09:00:00;1.53;;;;10.0;39.0;22.52;727.1;0.0;76.0;6.1;0.16;25.7;6.0;345.0
4878;2020-07-22 10:00:00;1.65;;;;21.0;54.0;28.62;727.0;0.0;66.0;6.3;0.404;28.26;6.1;353.0
4879;2020-07-22 11:00:00;1.63;;;;46.0;73.0;29.94;727.1;0.0;60.0;7.0;0.474;29.75;11.6;352.0
4880;2020-07-22 12:00:00;1.41;;;;56.0;73.0;23.63;726.9;0.0;54.0;6.7;0.562;31.13;18.5;352.0
4881;2020-07-22 13:00:00;1.29;;;;59.0;61.0;20.81;726.6;0.0;48.0;6.8;0.635;32.66;21.1;352.0
4882;2020-07-22 14:00:00;1.23;;;;43.0;53.0;16.74;726.1;0.0;43.0;10.3;0.272;32.83;16.8;
4883;2020-07-22 15:00:00;1.23;;;;34.0;44.0;12.24;725.8;0.0;46.0;7.7;0.112;31.9;15.1;
4884;2020-07-22 16:00:00;1.23;;;;33.0;23.0;10.37;725.5;0.0;43.0;6.9;0.108;32.02;15.2;
4885;2020-07-22 17:00:00;1.23;;;;32.0;25.0;10.82;725.1;0.0;42.0;6.4;0.103;32.38;12.5;
4886;2020-07-22 18:00:00;1.24;;;;30.0;23.0;10.31;725.0;0.0;40.0;6.9;0.088;32.57;9.5;
4887;2020-07-22 19:00:00;1.26;;;;28.0;28.0;10.96;724.9;0.0;42.0;6.8;0.044;32.1;8.1;
4888;2020-07-22 20:00:00;1.28;;;;17.0;20.0;11.11;725.2;0.0;48.0;6.8;0.011;30.59;3.2;
4889;2020-07-22 21:00:00;1.33;;;;11.0;32.0;12.28;725.5;0.0;53.0;6.4;0.007;28.96;2.9;
4890;2020-07-22 22:00:00;1.35;;;;14.0;28.0;9.0;725.7;0.0;52.0;6.2;0.007;28.95;9.4;
4891;2020-07-22 23:00:00;1.22;;;;22.0;30.0;8.35;726.4;0.0;54.0;6.2;0.007;29.45;23.3;
4892;2020-07-23 00:00:00;1.22;;;;19.0;23.0;;726.6;0.0;60.0;6.1;0.007;28.12;22.6;
4893;2020-07-23 01:00:00;1.22;;;;17.0;19.0;8.33;726.6;0.0;62.0;6.2;0.007;27.21;20.4;
4894;2020-07-23 02:00:00;1.22;;;;16.0;16.0;6.64;726.6;0.0;66.0;6.3;0.007;26.4;16.8;
4895;2020-07-23 03:00:00;1.21;;;;16.0;14.0;10.03;726.3;0.0;70.0;6.1;0.007;25.77;17.0;
4896;2020-07-23 04:00:00;1.23;;;;14.0;14.0;9.5;726.3;0.0;74.0;6.1;0.007;25.18;12.9;
4897;2020-07-23 05:00:00;1.24;;;;12.0;15.0;9.74;726.3;0.0;78.0;;0.007;24.58;9.9;
4898;2020-07-23 06:00:00;1.27;;;;9.0;17.0;13.45;726.2;0.0;80.0;6.0;0.007;24.19;7.2;
4899;2020-07-23 07:00:00;1.37;;;;6.0;17.0;11.13;726.4;0.0;80.0;6.1;0.023;24.16;4.2;
4900;2020-07-23 08:00:00;1.45;;;;8.0;31.0;16.88;726.9;0.0;76.0;6.2;0.122;25.56;6.2;
4901;2020-07-23 09:00:00;1.53;;;;11.0;34.0;17.8;727.2;0.0;72.0;6.2;0.211;26.72;6.1;
4902;2020-07-23 10:00:00;1.63;;;;23.0;34.0;14.87;727.3;0.0;66.0;6.3;0.375;28.41;9.4;
4903;2020-07-23 11:00:00;1.48;;;;40.0;51.0;7.54;727.4;0.0;60.0;6.3;0.527;30.18;10.8;
4904;2020-07-23 12:00:00;1.33;;;;47.0;56.0;8.46;727.1;0.0;55.0;7.1;0.516;30.9;20.1;
4905;2020-07-23 13:00:00;1.28;;;;54.0;52.0;6.93;726.8;0.0;49.0;12.1;0.608;32.71;19.3;
4906;2020-07-23 14:00:00;1.24;;;;46.0;63.0;6.79;726.4;0.0;42.0;15.5;0.623;34.31;19.3;
4907;2020-07-23 15:00:00;1.19;;;;34.0;46.0;10.43;725.9;0.0;36.0;11.0;0.572;35.24;19.5;
4908;2020-07-23 16:00:00;1.18;;;;31.0;20.0;6.88;725.2;0.0;34.0;8.3;0.37;35.58;17.7;
4909;2020-07-23 17:00:00;1.22;;;;30.0;23.0;5.58;724.7;0.0;37.0;7.6;0.084;34.36;14.1;
4910;2020-07-23 18:00:00;1.23;;;;27.0;25.0;5.57;724.5;0.0;38.0;7.4;0.064;33.78;14.2;
4911;2020-07-23 19:00:00;1.21;;;;25.0;13.0;5.66;724.5;0.0;38.0;7.4;0.043;33.46;14.1;
4912;2020-07-23 20:00:00;1.24;;;;23.0;22.0;5.86;725.0;0.0;39.0;7.8;0.011;32.59;9.1;
4913;2020-07-23 21:00:00;1.29;;;;20.0;13.0;7.96;725.7;0.0;53.0;7.0;0.007;30.41;20.6;
4914;2020-07-23 22:00:00;1.27;;;;20.0;51.0;8.72;726.2;0.0;62.0;6.6;0.007;28.58;16.3;
4915;2020-07-23 23:00:00;1.23;;;;21.0;13.0;8.27;726.6;0.0;57.0;6.3;0.007;29.35;21.9;
4916;2020-07-24 00:00:00;1.23;;;;19.0;14.0;13.25;726.8;0.0;61.0;6.3;0.007;28.43;25.2;
4917;2020-07-24 01:00:00;1.23;;;;18.0;13.0;;726.3;0.0;67.0;6.2;0.007;27.5;23.8;
4918;2020-07-24 02:00:00;1.24;;;;17.0;13.0;;726.2;0.0;70.0;6.1;0.007;27.0;19.6;
4919;2020-07-24 03:00:00;1.25;;;;16.0;15.0;;726.0;0.0;73.0;6.2;0.007;26.38;10.9;
4920;2020-07-24 04:00:00;1.25;;;;13.0;18.0;;725.8;0.0;78.0;6.1;0.007;25.4;9.9;
4921;2020-07-24 05:00:00;1.27;;;;10.0;17.0;;725.8;0.0;82.0;6.1;0.007;24.75;5.0;
4922;2020-07-24 06:00:00;1.31;;;;5.0;18.0;;726.1;0.0;83.0;6.0;0.007;24.41;3.0;
4923;2020-07-24 07:00:00;1.37;;;;5.0;17.0;;726.2;0.0;82.0;6.2;0.033;25.04;3.4;353.0
4924;2020-07-24 08:00:00;1.58;;;;7.0;17.0;;726.5;0.0;71.0;6.1;0.151;27.64;7.9;352.0
4925;2020-07-24 09:00:00;1.67;;;;12.0;47.0;15.38;726.7;0.0;64.0;6.2;0.28;29.45;8.8;352.0
4926;2020-07-24 10:00:00;1.68;;;;22.0;54.0;15.13;726.9;0.0;59.0;7.1;0.401;30.81;9.8;352.0
4927;2020-07-24 11:00:00;1.48;;;;37.0;53.0;13.59;727.0;0.0;54.0;7.4;0.507;31.63;11.1;
4928;2020-07-24 12:00:00;1.31;;;;50.0;47.0;11.23;726.7;0.0;47.0;7.6;0.585;33.16;14.6;
4929;2020-07-24 13:00:00;1.24;;;;50.0;43.0;9.56;726.3;0.0;42.0;7.2;0.582;33.89;15.9;
4930;2020-07-24 14:00:00;1.22;;;;47.0;31.0;7.82;726.0;0.0;37.0;6.8;0.622;35.41;14.0;
4931;2020-07-24 15:00:00;1.24;;;;45.0;35.0;9.43;725.3;0.0;40.0;6.9;0.537;35.07;21.9;
4932;2020-07-24 16:00:00;1.25;;;;50.0;38.0;9.94;724.8;0.0;40.0;6.8;0.351;34.68;16.5;353.0
4933;2020-07-24 17:00:00;1.26;;;;38.0;26.0;8.99;724.4;0.0;39.0;6.7;0.291;34.99;18.5;352.0
4934;2020-07-24 18:00:00;1.25;;;;35.0;25.0;8.18;724.1;0.0;37.0;6.5;0.157;35.12;13.6;352.0
4935;2020-07-24 19:00:00;1.24;;;;32.0;20.0;7.93;724.0;0.0;37.0;6.7;0.033;34.33;9.9;354.0
4936;2020-07-24 20:00:00;1.26;;;;30.0;20.0;8.61;724.3;0.0;38.0;6.9;0.011;33.41;7.5;353.0
4937;2020-07-24 21:00:00;1.24;;;;30.0;29.0;8.29;724.6;0.0;39.0;6.9;0.007;32.74;10.0;352.0
4938;2020-07-24 22:00:00;1.37;;;;21.0;21.0;11.14;724.7;0.0;46.0;6.8;0.007;31.44;4.6;352.0
4939;2020-07-24 23:00:00;1.48;;;;14.0;18.0;15.67;724.9;0.0;51.0;6.1;0.007;30.42;5.3;352.0
4940;2020-07-25 00:00:00;1.39;;;;17.0;49.0;;724.9;0.0;51.0;6.2;0.007;30.3;4.6;
4941;2020-07-25 01:00:00;1.33;;;;20.0;20.0;10.87;725.0;0.0;55.0;6.2;0.007;29.68;12.5;
4942;2020-07-25 02:00:00;1.28;;;;22.0;33.0;9.9;724.8;0.0;60.0;6.1;0.007;29.01;18.8;
4943;2020-07-25 03:00:00;1.25;;;;20.0;26.0;7.35;724.6;0.0;66.0;6.2;0.007;28.34;10.2;
4944;2020-07-25 04:00:00;1.27;;;;19.0;19.0;8.35;724.2;0.0;62.0;6.2;0.007;28.18;9.0;
4945;2020-07-25 05:00:00;1.31;;;;13.0;16.0;9.14;724.1;0.0;65.0;6.4;0.007;27.81;5.7;
4946;2020-07-25 06:00:00;1.35;;;;8.0;25.0;9.9;724.1;0.0;69.0;6.3;0.007;27.14;2.9;
4947;2020-07-25 07:00:00;1.45;;;;5.0;30.0;10.79;724.6;0.0;70.0;6.3;0.023;27.05;2.9;
4948;2020-07-25 08:00:00;1.47;;;;10.0;46.0;14.41;725.0;0.0;67.0;6.2;0.086;28.16;7.2;
4949;2020-07-25 09:00:00;1.49;;;;22.0;60.0;15.19;725.0;0.0;64.0;6.1;0.142;29.1;11.6;
4950;2020-07-25 10:00:00;1.44;;;;31.0;55.0;14.88;725.3;0.0;60.0;6.3;0.219;30.15;11.6;
4951;2020-07-25 11:00:00;1.37;;;;40.0;56.0;13.74;725.3;0.0;58.0;6.2;0.217;30.83;8.3;
4952;2020-07-25 12:00:00;1.36;;;;48.0;45.0;12.43;724.8;0.0;53.0;6.3;0.311;32.39;12.3;
4953;2020-07-25 13:00:00;;;;;;;;;;;;0.0;;;
4954;2020-07-25 14:00:00;1.44;;;;29.0;32.0;7.0;724.4;0.0;82.0;6.0;0.145;25.54;9.1;
4955;2020-07-25 15:00:00;1.54;;;;25.0;6.0;;723.9;0.04;79.0;6.2;0.203;26.75;6.7;
4956;2020-07-25 16:00:00;1.46;;;;31.0;20.0;9.63;723.5;0.0;74.0;6.0;0.258;28.22;12.4;
4957;2020-07-25 17:00:00;1.42;;;;38.0;17.0;10.88;722.8;0.0;64.0;6.1;0.193;29.76;12.5;
4958;2020-07-25 18:00:00;1.51;;;;33.0;21.0;13.72;722.4;0.0;59.0;6.1;0.13;31.13;7.5;
4959;2020-07-25 19:00:00;1.41;;;;27.0;30.0;10.99;722.9;0.09;69.0;;0.02;27.9;10.4;
4960;2020-07-25 20:00:00;1.43;;;;17.0;32.0;7.46;723.3;0.02;85.0;;0.008;24.83;8.0;
4961;2020-07-25 21:00:00;1.42;;;;18.0;15.0;7.54;722.8;0.0;81.0;;0.008;25.37;13.1;
4962;2020-07-25 22:00:00;1.42;;;;18.0;19.0;9.72;723.0;0.0;76.0;5.6;0.007;26.19;13.0;
4963;2020-07-25 23:00:00;1.51;;;;10.0;18.0;11.23;723.2;0.0;74.0;5.8;0.007;26.45;9.7;
4964;2020-07-26 00:00:00;1.38;;;;15.0;27.0;8.7;722.6;0.0;66.0;5.8;0.007;27.1;14.6;
4965;2020-07-26 01:00:00;1.25;;;;28.0;23.0;6.01;722.2;0.0;55.0;6.1;0.007;28.34;21.9;
4966;2020-07-26 02:00:00;1.23;;;;32.0;16.0;5.44;721.7;0.0;52.0;6.3;0.007;28.47;28.8;
4967;2020-07-26 03:00:00;1.23;;;;32.0;20.0;5.62;721.4;0.0;54.0;6.4;0.007;27.97;29.3;
4968;2020-07-26 04:00:00;1.23;;;;36.0;25.0;4.99;721.4;0.02;66.0;6.4;0.007;25.66;26.4;
4969;2020-07-26 05:00:00;1.23;;;;35.0;16.0;4.53;721.1;0.01;77.0;5.4;0.007;23.62;27.4;
4970;2020-07-26 06:00:00;1.23;;;;37.0;9.0;4.09;721.1;0.03;75.0;5.1;0.007;23.84;26.2;
4971;2020-07-26 07:00:00;1.25;;;;40.0;10.0;2.72;720.6;0.01;73.0;4.8;0.011;23.82;32.4;
4972;2020-07-26 08:00:00;1.24;;;;38.0;7.0;2.12;720.6;0.01;70.0;4.9;0.026;24.37;30.7;
4973;2020-07-26 09:00:00;1.24;;;;36.0;17.0;;720.2;0.0;67.0;4.8;0.026;25.17;35.4;
4974;2020-07-26 10:00:00;1.27;;;;33.0;3.0;;720.2;0.02;69.0;4.9;0.015;25.01;28.0;
4975;2020-07-26 11:00:00;1.28;;;;27.0;7.0;3.02;720.5;0.29;86.0;4.9;0.015;22.45;20.1;
4976;2020-07-26 12:00:00;1.28;;;;30.0;5.0;3.51;720.6;0.66;92.0;;0.021;21.72;22.5;
4977;2020-07-26 13:00:00;1.29;;;;29.0;3.0;2.75;721.2;0.5;94.0;5.1;0.039;21.6;16.8;
4978;2020-07-26 14:00:00;1.35;;;;27.0;5.0;3.81;721.7;0.11;95.0;5.8;0.146;22.16;10.7;
4979;2020-07-26 15:00:00;1.34;;;;29.0;3.0;;722.0;0.0;93.0;5.8;0.236;23.48;12.0;
4980;2020-07-26 16:00:00;1.36;;;;26.0;2.0;;722.2;0.18;84.0;6.0;0.095;24.94;12.7;
4981;2020-07-26 17:00:00;1.35;;;;30.0;5.0;;722.9;1.09;93.0;5.9;0.014;22.77;12.0;
4982;2020-07-26 18:00:00;;;;;;;;;;;;0.0;;;
4983;2020-07-26 19:00:00;;;;;;;;;;;;0.0;;;
4984;2020-07-26 20:00:00;;;;;;;;;;;;0.0;;;
4985;2020-07-26 21:00:00;;;;;;;;;;;;0.0;;;
4986;2020-07-26 22:00:00;;;;;;;;;;;;0.0;;;
4987;2020-07-26 23:00:00;;;;;;;;;;;;0.0;;;
4988;2020-07-27 00:00:00;;;;;;;;;;;;0.0;;;
4989;2020-07-27 01:00:00;;;;;;;;;;;;0.0;;;
4990;2020-07-27 02:00:00;;;;;;;;;;;;0.0;;;
4991;2020-07-27 03:00:00;;;;;;;;;;;;0.0;;;
4992;2020-07-27 04:00:00;;;;;;;;;;;;0.0;;;
4993;2020-07-27 05:00:00;;;;;;;;;;;;0.0;;;
4994;2020-07-27 06:00:00;;;;;;;;;;;;0.0;;;
4995;2020-07-27 07:00:00;;;;;;;;;;;;0.0;;;
4996;2020-07-27 08:00:00;;;;;;;;;;;;0.0;;;
4997;2020-07-27 09:00:00;;;;;;;;;;;;0.0;;;
4998;2020-07-27 10:00:00;;;;;;;;;;;;0.0;;;
4999;2020-07-27 11:00:00;;;;;;;;;;;;0.0;;;
5000;2020-07-27 12:00:00;;;;;;;;;;;;0.0;;;
5001;2020-07-27 13:00:00;;;;;;;;;;;;0.0;;;
5002;2020-07-27 14:00:00;;;;;;;;;;;;0.0;;;
5003;2020-07-27 15:00:00;;;;;;;;;;;;0.0;;;
5004;2020-07-27 16:00:00;;;;;;;;;;;;0.0;;;
5005;2020-07-27 17:00:00;;;;;;;;;;;;0.0;;;
5006;2020-07-27 18:00:00;;;;;;;;;;;;0.0;;;
5007;2020-07-27 19:00:00;;;;;;;;;;;;0.0;;;
5008;2020-07-27 20:00:00;;;;;;;;;;;;0.0;;;
5009;2020-07-27 21:00:00;;;;;;;;;;;;0.0;;;
5010;2020-07-27 22:00:00;;;;;;;;;;;;0.0;;;
5011;2020-07-27 23:00:00;;;;;;;;;;;;0.0;;;
5012;2020-07-28 00:00:00;;;;;;;;;;;;;;;
5013;2020-07-28 01:00:00;;;;;;;;;;;;;;;
5014;2020-07-28 02:00:00;;;;;;;;;;;;;;;
5015;2020-07-28 03:00:00;;;;;;;;;;;;;;;
5016;2020-07-28 04:00:00;;;;;;;;;;;;;;;
5017;2020-07-28 05:00:00;;;;;;;;;;;;;;;
5018;2020-07-28 06:00:00;;;;;;;;;;;;;;;
5019;2020-07-28 07:00:00;;;;;;;;;;;;;;;
5020;2020-07-28 08:00:00;;;;;;;;;;;;;;;
5021;2020-07-28 09:00:00;;;;;;;;;;;;;;;
5022;2020-07-28 10:00:00;;;;;;;;;;;;;;;
5023;2020-07-28 11:00:00;;;;;;;;;;;;;;;
5024;2020-07-28 12:00:00;;;;;;;;;;;;;;;
5025;2020-07-28 13:00:00;;;;;;;;;;;;;;;
5026;2020-07-28 14:00:00;2.32;;;;11.0;26.0;16.63;728.2;0.0;72.0;5.8;0.294;27.3;21.1;352.0
5027;2020-07-28 15:00:00;1.85;;;;23.0;;13.69;727.9;0.89;80.0;2.8;0.126;25.67;16.6;352.0
5028;2020-07-28 16:00:00;1.79;;;;19.0;9.0;;727.3;11.79;92.0;3.2;0.094;23.53;13.5;352.0
5029;2020-07-28 17:00:00;1.74;;;;19.0;10.0;8.81;727.2;17.99;86.0;3.8;0.127;24.28;11.5;
5030;2020-07-28 18:00:00;1.79;;;;15.0;11.0;7.62;727.0;17.98;85.0;4.1;0.083;24.54;9.4;351.0
5031;2020-07-28 19:00:00;1.77;;;;19.0;11.0;10.25;727.8;17.98;90.0;4.3;0.016;23.0;18.2;351.0
5032;2020-07-28 20:00:00;1.73;;;;19.0;9.0;;728.1;17.98;93.0;4.3;0.008;22.03;10.2;352.0
5033;2020-07-28 21:00:00;1.72;;;;20.0;9.0;7.28;728.3;17.99;95.0;4.1;0.007;22.04;15.9;352.0
5034;2020-07-28 22:00:00;1.64;;;;27.0;10.0;3.78;728.6;17.98;87.0;3.7;0.007;22.41;20.1;351.0
5035;2020-07-28 23:00:00;1.68;;;;24.0;8.0;3.73;728.5;17.98;88.0;3.6;0.008;21.62;9.9;351.0
5036;2020-07-29 00:00:00;1.67;;;;19.0;10.0;4.0;728.4;17.99;90.0;3.8;0.008;21.22;5.3;351.0
5037;2020-07-29 01:00:00;1.66;;;;19.0;9.0;5.97;728.4;17.98;92.0;4.3;0.008;21.08;9.1;
5038;2020-07-29 02:00:00;1.66;;;;18.0;11.0;9.59;728.2;17.98;93.0;4.7;0.008;21.05;4.9;352.0
5039;2020-07-29 03:00:00;1.64;;;;19.0;17.0;12.9;728.0;17.98;93.0;4.9;0.008;21.13;6.0;352.0
5040;2020-07-29 04:00:00;1.63;;;;17.0;14.0;13.9;727.8;17.98;93.0;4.7;0.008;21.15;3.7;352.0
5041;2020-07-29 05:00:00;1.64;;;;16.0;22.0;15.45;727.9;17.98;93.0;4.8;0.008;21.21;3.2;
5042;2020-07-29 06:00:00;1.64;;;;12.0;29.0;16.17;728.0;17.98;93.0;4.8;0.008;21.26;2.9;
5043;2020-07-29 07:00:00;1.64;;;;10.0;30.0;16.02;728.5;17.98;93.0;;0.021;21.45;2.9;
5044;2020-07-29 08:00:00;1.71;;;;8.0;27.0;19.61;729.0;17.99;90.0;4.9;0.029;22.14;3.4;
5045;2020-07-29 09:00:00;1.81;;;;6.0;40.0;19.42;729.6;17.98;89.0;4.8;0.037;22.22;5.6;
5046;2020-07-29 10:00:00;1.77;;;;13.0;43.0;16.37;729.9;17.98;88.0;4.6;0.08;22.84;5.9;351.0
5047;2020-07-29 11:00:00;1.79;;;;15.0;40.0;15.67;730.0;17.98;84.0;4.8;0.081;23.75;7.5;350.0
5048;2020-07-29 12:00:00;1.7;;;;24.0;32.0;13.65;729.5;17.98;81.0;4.9;0.186;24.94;6.5;351.0
5049;2020-07-29 13:00:00;1.66;;;;22.0;26.0;11.59;729.2;10.84;77.0;5.0;0.195;25.74;12.5;352.0
5050;2020-07-29 14:00:00;1.63;;;;24.0;37.0;11.39;728.8;0.0;72.0;4.8;0.318;27.06;12.3;352.0
5051;2020-07-29 15:00:00;1.62;;;;26.0;23.0;10.09;728.0;0.0;66.0;4.9;0.376;28.58;14.1;352.0
5052;2020-07-29 16:00:00;1.63;;;;25.0;15.0;9.14;727.5;0.0;68.0;4.9;0.13;27.92;16.5;
5053;2020-07-29 17:00:00;1.61;;;;20.0;24.0;8.35;727.4;0.0;71.0;;0.097;27.3;16.1;
5054;2020-07-29 18:00:00;1.6;;;;23.0;11.0;7.66;727.4;0.0;65.0;4.8;0.192;28.06;19.9;
5055;2020-07-29 19:00:00;1.6;;;;23.0;20.0;7.35;727.6;0.0;74.0;4.8;0.034;26.33;23.2;
5056;2020-07-29 20:00:00;1.59;;;;21.0;34.0;5.81;728.0;0.0;79.0;;0.009;24.59;21.7;
5057;2020-07-29 21:00:00;1.57;;;;23.0;8.0;5.0;728.6;0.0;76.0;5.0;0.007;24.62;21.6;
5058;2020-07-29 22:00:00;1.55;;;;22.0;14.0;5.99;729.0;0.0;79.0;4.9;0.007;24.33;18.3;
5059;2020-07-29 23:00:00;1.54;;;;;;;;;;;0.0;;;
5060;2020-07-30 00:00:00;1.52;;;;23.0;11.0;7.14;729.0;0.0;84.0;4.9;0.007;23.38;20.5;
5061;2020-07-30 01:00:00;1.54;;;;19.0;35.0;7.48;728.9;0.0;87.0;4.9;0.007;22.85;13.0;
5062;2020-07-30 02:00:00;1.53;;;;18.0;;6.9;728.5;0.0;89.0;5.0;0.007;22.52;10.6;
5063;2020-07-30 03:00:00;1.52;;;;17.0;;7.34;728.4;0.0;89.0;4.9;0.007;22.41;9.8;
5064;2020-07-30 04:00:00;1.53;;;;17.0;;7.55;728.2;0.0;90.0;5.0;0.007;22.33;8.8;
5065;2020-07-30 05:00:00;1.54;;;;14.0;;7.45;728.1;0.0;90.0;5.0;0.007;22.33;6.9;
5066;2020-07-30 06:00:00;1.56;;;;11.0;;7.4;728.3;0.0;90.0;4.9;0.007;22.26;3.7;
5067;2020-07-30 07:00:00;1.61;;;;8.0;;8.28;728.6;0.0;91.0;5.1;0.03;22.54;3.8;
5068;2020-07-30 08:00:00;1.73;;;;8.0;;10.88;728.9;0.0;86.0;5.0;0.069;23.61;4.0;
5069;2020-07-30 09:00:00;1.77;;;;11.0;;13.47;729.3;0.0;82.0;4.9;0.077;24.34;4.2;
5070;2020-07-30 10:00:00;1.86;;;;10.0;;16.05;729.5;0.0;80.0;4.9;0.061;24.62;3.6;
5071;2020-07-30 11:00:00;1.86;;;;13.0;;17.79;729.6;0.0;76.0;5.0;0.158;25.7;4.8;
5072;2020-07-30 12:00:00;1.77;;;;22.0;;19.81;729.6;0.0;70.0;5.0;0.215;26.96;6.0;
5073;2020-07-30 13:00:00;1.84;;;;37.0;;21.51;729.3;0.0;63.0;;0.414;28.92;6.2;
5074;2020-07-30 14:00:00;1.83;;;;55.0;;24.77;729.0;0.0;59.0;4.9;0.321;29.8;7.9;
5075;2020-07-30 15:00:00;1.75;;;;55.0;;19.15;728.6;0.0;60.0;5.0;0.275;29.68;8.7;
5076;2020-07-30 16:00:00;1.65;;;;36.0;;11.63;728.1;0.0;56.0;4.9;0.386;31.02;7.0;
5077;2020-07-30 17:00:00;1.61;;;;30.0;;10.89;727.8;0.0;60.0;4.9;0.166;29.99;10.9;
5078;2020-07-30 18:00:00;1.63;;;;24.0;;12.06;727.5;0.0;61.0;5.0;0.1;29.75;12.3;
5079;2020-07-30 19:00:00;1.62;;;;20.0;;16.45;727.7;0.0;62.0;5.0;0.039;29.36;9.9;
5080;2020-07-30 20:00:00;1.66;;;;17.0;;19.65;727.9;0.0;64.0;;0.009;28.88;13.6;
5081;2020-07-30 21:00:00;1.77;;;;12.0;;19.33;728.3;0.0;67.0;4.9;0.007;28.15;6.2;
5082;2020-07-30 22:00:00;1.75;;;;11.0;;19.24;728.5;0.0;68.0;5.0;0.007;27.35;8.2;
5083;2020-07-30 23:00:00;1.6;;;;17.0;;17.41;728.5;0.0;68.0;5.0;0.007;27.44;18.3;
5084;2020-07-31 00:00:00;1.56;;;;15.0;32.43;16.11;728.6;0.0;75.0;;0.007;26.34;16.4;352.0
5085;2020-07-31 01:00:00;1.56;;;;13.0;32.89;16.27;728.6;0.0;82.0;5.1;0.007;25.29;14.2;352.0
5086;2020-07-31 02:00:00;1.54;;;;11.0;30.94;15.33;728.2;0.0;86.0;4.9;0.007;24.57;9.0;352.0
5087;2020-07-31 03:00:00;1.52;;;;10.0;28.75;14.59;728.1;0.0;88.0;4.9;0.007;24.01;5.5;
5088;2020-07-31 04:00:00;1.54;;;;9.0;26.14;12.65;728.1;0.0;89.0;5.0;0.007;23.88;5.3;351.0
5089;2020-07-31 05:00:00;1.54;;;;8.0;26.89;13.04;728.1;0.0;89.0;5.0;0.007;24.11;4.7;351.0
5090;2020-07-31 06:00:00;1.61;;;;4.0;31.02;14.35;728.3;0.0;88.0;;0.007;24.13;4.1;351.0
5091;2020-07-31 07:00:00;1.69;;;;4.0;36.73;15.85;728.5;0.0;88.0;5.2;0.019;24.35;4.5;
5092;2020-07-31 08:00:00;1.78;;;;8.0;47.11;17.22;728.9;0.0;86.0;5.2;0.065;24.7;5.9;
5093;2020-07-31 09:00:00;1.81;;;;7.0;48.67;19.37;729.3;0.0;82.0;5.1;0.156;25.72;6.0;352.0
5094;2020-07-31 10:00:00;1.8;;;;13.0;55.05;22.93;729.8;0.0;76.0;5.1;0.317;27.19;6.6;352.0
5095;2020-07-31 11:00:00;1.86;;;;20.0;63.51;29.84;729.8;0.0;68.0;5.0;0.499;28.87;10.8;352.0
5096;2020-07-31 12:00:00;1.77;;;;33.0;61.61;29.52;730.0;0.0;66.0;5.1;0.477;29.29;16.0;
5097;2020-07-31 13:00:00;1.69;;;;45.0;54.67;26.2;729.6;0.0;61.0;5.1;0.599;30.73;11.8;
5098;2020-07-31 14:00:00;1.69;;;;52.0;48.38;24.74;729.3;0.0;57.0;;0.604;31.51;13.3;
5099;2020-07-31 15:00:00;1.67;;;;53.0;47.78;24.45;728.9;0.0;55.0;5.0;0.556;32.22;14.8;
5100;2020-07-31 16:00:00;1.7;;;;61.0;53.46;26.34;728.5;0.0;56.0;5.2;0.294;32.24;12.9;
5101;2020-07-31 17:00:00;1.73;;;;60.0;55.37;28.04;728.2;0.0;59.0;5.0;0.249;32.22;13.9;
5102;2020-07-31 18:00:00;1.74;;;;53.0;51.36;27.76;728.1;0.0;61.0;5.0;0.093;31.4;9.1;
5103;2020-07-31 19:00:00;1.75;;;;45.0;53.26;27.96;728.2;0.0;65.0;;0.027;30.27;4.2;
5104;2020-07-31 20:00:00;1.83;;;;33.0;60.22;29.63;728.1;0.0;69.0;5.1;0.009;29.47;4.6;
5105;2020-07-31 21:00:00;1.86;;;;25.0;57.18;30.45;728.1;0.0;70.0;5.1;0.007;28.8;2.9;
5106;2020-07-31 22:00:00;1.91;;;;19.0;53.89;30.85;728.2;0.0;72.0;5.0;0.007;28.24;4.1;
5107;2020-07-31 23:00:00;1.74;;;;17.0;39.04;21.71;728.5;0.0;68.0;4.9;0.007;28.56;7.0;
5108;2020-08-01 00:00:00;;;;;;;;;;;;;;;
5109;2020-08-01 01:00:00;1.66;;;;12.0;31.7;15.07;729.3;0.0;82.0;4.9;0.007;26.75;16.9;352.0
5110;2020-08-01 02:00:00;1.59;;;;11.0;28.32;13.64;729.0;0.0;85.0;4.9;0.007;26.1;9.0;352.0
5111;2020-08-01 03:00:00;1.61;;;;9.0;34.75;17.29;728.3;0.0;85.0;5.0;0.007;25.96;7.2;354.0
5112;2020-08-01 04:00:00;1.59;;;;9.0;28.97;13.4;728.6;0.0;88.0;5.0;0.007;25.49;10.5;352.0
5113;2020-08-01 05:00:00;1.59;;;;16.0;39.94;10.91;729.6;0.0;82.0;;0.007;24.5;20.2;352.0
5114;2020-08-01 06:00:00;1.59;;;;20.0;29.72;6.59;731.3;0.5;88.0;5.1;0.007;21.75;17.3;352.0
5115;2020-08-01 07:00:00;1.58;;;;25.0;11.15;4.59;731.5;0.02;90.0;5.2;0.01;20.84;16.1;
5116;2020-08-01 08:00:00;1.58;;;;29.0;9.14;4.23;731.3;0.04;84.0;5.0;0.032;21.29;14.0;351.0
5117;2020-08-01 09:00:00;1.57;;;;30.0;11.51;4.24;730.0;0.0;74.0;5.1;0.117;23.01;23.6;351.0
5118;2020-08-01 10:00:00;1.68;;;;24.0;19.16;6.38;729.4;0.05;66.0;5.3;0.167;24.72;14.9;351.0
5119;2020-08-01 11:00:00;1.77;;;;22.0;25.28;10.36;730.0;0.0;62.0;5.2;0.373;26.69;12.5;
5120;2020-08-01 12:00:00;1.62;;;;36.0;16.62;6.01;730.4;0.0;59.0;5.2;0.487;27.56;15.5;
5121;2020-08-01 13:00:00;1.58;;;;43.0;16.67;5.69;730.4;0.0;49.0;;0.603;29.85;14.0;
5122;2020-08-01 14:00:00;1.55;;;;46.0;14.53;5.04;730.3;0.0;45.0;5.0;0.653;30.82;16.1;
5123;2020-08-01 15:00:00;1.52;;;;45.0;15.14;4.96;729.6;0.0;45.0;5.0;0.514;30.58;15.4;
5124;2020-08-01 16:00:00;1.52;;;;46.0;12.88;4.63;728.9;0.0;44.0;;0.486;31.28;14.9;
5125;2020-08-01 17:00:00;1.51;;;;39.0;13.05;5.69;728.9;0.0;45.0;;0.277;31.06;13.7;
5126;2020-08-01 18:00:00;1.48;;;;37.0;12.62;5.64;728.8;0.0;42.0;5.1;0.202;31.62;5.7;
5127;2020-08-01 19:00:00;1.51;;;;36.0;16.64;6.52;728.4;0.0;44.0;4.9;0.025;30.64;8.0;
5128;2020-08-01 20:00:00;1.6;;;;34.0;25.33;9.43;728.8;0.0;56.0;5.0;0.009;28.21;8.8;
5129;2020-08-01 21:00:00;1.7;;;;28.0;34.44;13.22;729.2;0.0;60.0;5.3;0.007;27.4;7.6;
5130;2020-08-01 22:00:00;1.67;;;;32.0;25.51;11.5;729.8;0.0;62.0;5.1;0.007;27.28;10.1;
5131;2020-08-01 23:00:00;1.73;;;;20.0;29.27;14.55;730.1;0.0;73.0;5.2;0.007;25.65;10.1;
5132;2020-08-02 00:00:00;1.57;;;;25.0;17.65;7.67;730.2;0.0;77.0;5.1;0.007;24.88;16.5;352.0
5133;2020-08-02 01:00:00;1.56;;;;21.0;19.05;8.08;729.8;0.0;78.0;5.1;0.007;24.49;6.5;352.0
5134;2020-08-02 02:00:00;1.6;;;;14.0;22.26;9.84;729.4;0.0;84.0;5.2;0.007;23.63;6.6;352.0
5135;2020-08-02 03:00:00;1.62;;;;9.0;21.09;10.19;729.4;0.0;89.0;5.1;0.007;22.95;4.1;
5136;2020-08-02 04:00:00;1.63;;;;8.0;21.37;9.99;729.2;0.0;90.0;5.1;0.007;22.58;3.6;351.0
5137;2020-08-02 05:00:00;1.59;;;;12.0;18.68;8.69;729.3;0.0;90.0;5.2;0.007;22.58;7.4;351.0
5138;2020-08-02 06:00:00;1.61;;;;10.0;18.68;9.44;729.5;0.0;93.0;5.1;0.007;22.08;3.6;351.0
5139;2020-08-02 07:00:00;1.64;;;;8.0;22.05;9.9;729.8;0.0;90.0;5.1;0.03;22.65;7.9;
5140;2020-08-02 08:00:00;1.67;;;;13.0;29.23;12.62;730.2;0.0;75.0;5.2;0.15;25.12;6.1;
5141;2020-08-02 09:00:00;1.73;;;;20.0;;;730.4;0.0;65.0;5.1;0.286;27.0;13.0;352.0
5142;2020-08-02 10:00:00;1.79;;;;31.0;39.62;16.72;730.4;0.0;57.0;5.1;0.416;29.47;9.8;352.0
5143;2020-08-02 11:00:00;1.73;;;;35.0;37.55;18.16;730.7;0.0;47.0;5.2;0.508;31.7;7.1;352.0
5144;2020-08-02 12:00:00;1.6;;;;46.0;27.86;14.61;730.6;0.0;45.0;5.3;0.577;32.3;4.7;
5145;2020-08-02 13:00:00;1.52;;;;38.0;19.87;10.19;730.3;0.0;40.0;5.2;0.607;33.14;6.7;
5146;2020-08-02 14:00:00;1.51;;;;39.0;17.95;9.09;729.9;0.0;37.0;5.2;0.615;33.66;7.3;
5147;2020-08-02 15:00:00;1.5;;;;41.0;16.88;9.22;729.5;0.0;38.0;;0.504;34.08;7.4;
5148;2020-08-02 16:00:00;1.52;;;;41.0;17.47;8.53;729.0;0.0;40.0;;0.494;34.18;15.9;
5149;2020-08-02 17:00:00;1.6;;;;40.0;23.09;9.68;728.9;0.0;44.0;;0.346;33.3;18.0;
5150;2020-08-02 18:00:00;1.57;;;;37.0;21.3;9.25;728.5;0.0;46.0;;0.18;32.64;17.5;
5151;2020-08-02 19:00:00;1.59;;;;32.0;25.44;8.78;728.9;0.0;59.0;;0.036;30.07;18.3;
5152;2020-08-02 20:00:00;1.6;;;;29.0;19.33;8.78;729.2;0.0;61.0;;0.012;29.12;18.2;
5153;2020-08-02 21:00:00;1.55;;;;32.0;14.31;8.01;729.5;0.0;66.0;;0.007;26.66;12.4;
5154;2020-08-02 22:00:00;1.62;;;;26.0;16.72;8.62;729.7;0.0;75.0;5.3;0.007;24.9;7.7;
5155;2020-08-02 23:00:00;1.6;;;;21.0;15.98;8.41;730.3;0.0;76.0;5.3;0.007;24.6;6.3;
5156;2020-08-03 00:00:00;1.58;;;;18.0;;;730.4;0.0;78.0;;0.007;24.18;5.0;
5157;2020-08-03 01:00:00;1.55;;;;16.0;15.56;8.34;730.3;0.0;79.0;5.1;0.007;23.88;5.2;
5158;2020-08-03 02:00:00;1.56;;;;16.0;15.98;8.26;730.0;0.0;77.0;5.3;0.007;23.81;5.9;
5159;2020-08-03 03:00:00;1.64;;;;13.0;16.4;8.92;729.6;0.0;80.0;5.2;0.007;23.29;5.4;
5160;2020-08-03 04:00:00;1.57;;;;11.0;17.63;8.87;729.4;0.0;81.0;5.1;0.007;23.0;5.5;
5161;2020-08-03 05:00:00;1.6;;;;7.0;20.24;9.29;729.8;0.0;83.0;5.1;0.007;22.56;6.1;
5162;2020-08-03 06:00:00;1.64;;;;7.0;22.86;10.49;730.0;0.0;79.0;;0.007;22.88;8.6;
5163;2020-08-03 07:00:00;1.71;;;;5.0;26.25;11.76;730.3;0.0;78.0;5.2;0.028;23.18;8.9;
5164;2020-08-03 08:00:00;1.78;;;;13.0;38.46;15.14;730.7;0.0;66.0;5.1;0.157;26.11;13.5;
5165;2020-08-03 09:00:00;1.83;;;;18.0;42.07;16.84;730.8;0.0;59.0;5.1;0.296;28.1;9.8;
5166;2020-08-03 10:00:00;1.8;;;;25.0;43.95;16.1;730.9;0.0;50.0;;0.421;29.87;6.8;
5167;2020-08-03 11:00:00;1.9;;;;37.0;52.69;19.93;731.1;0.0;49.0;5.3;0.522;31.25;8.4;
5168;2020-08-03 12:00:00;1.63;;;;55.0;30.7;12.59;731.1;0.0;37.0;5.2;0.593;32.7;9.3;
5169;2020-08-03 13:00:00;1.61;;;;66.0;31.78;12.61;730.8;0.0;35.0;5.2;0.612;33.12;16.1;
5170;2020-08-03 14:00:00;1.58;;;;58.0;28.22;10.32;730.8;0.0;33.0;5.1;0.597;33.25;18.9;
5171;2020-08-03 15:00:00;1.52;;;;54.0;23.17;9.47;730.5;0.0;34.0;5.0;0.555;33.81;14.3;
5172;2020-08-03 16:00:00;1.5;;;;49.0;23.76;9.3;730.1;0.0;34.0;5.3;0.467;34.27;15.0;
5173;2020-08-03 17:00:00;1.55;;;;47.0;22.49;8.64;729.6;0.0;35.0;5.2;0.352;33.99;16.6;
5174;2020-08-03 18:00:00;1.57;;;;40.0;21.05;8.09;729.3;0.0;36.0;5.1;0.183;33.25;16.0;
5175;2020-08-03 19:00:00;1.55;;;;41.0;21.9;8.77;729.3;0.0;38.0;5.1;0.026;31.9;14.9;
5176;2020-08-03 20:00:00;1.55;;;;35.0;28.45;9.13;729.6;0.0;41.0;5.2;0.01;30.32;13.7;
5177;2020-08-03 21:00:00;1.57;;;;33.0;23.78;9.0;730.2;0.0;45.0;5.2;0.007;29.58;16.2;
5178;2020-08-03 22:00:00;1.49;;;;33.0;25.82;7.98;730.5;0.0;46.0;5.3;0.007;29.11;11.7;
5179;2020-08-03 23:00:00;1.5;;;;30.0;18.97;7.5;730.8;0.0;46.0;5.2;0.007;28.86;10.6;
5180;2020-08-04 00:00:00;1.5;;;;35.0;16.03;6.61;730.6;0.0;48.0;5.2;0.007;28.43;13.9;352.0
5181;2020-08-04 01:00:00;1.49;;;;27.0;16.56;7.45;730.3;0.0;56.0;5.3;0.007;27.11;9.2;352.0
5182;2020-08-04 02:00:00;1.51;;;;19.0;19.1;9.19;729.7;0.0;64.0;5.2;0.007;25.43;5.1;352.0
5183;2020-08-04 03:00:00;1.54;;;;17.0;26.24;10.71;729.4;0.0;73.0;5.2;0.007;24.78;9.3;
5184;2020-08-04 04:00:00;1.53;;;;8.0;28.85;11.17;729.6;0.0;86.0;;0.007;23.69;4.6;
5185;2020-08-04 05:00:00;1.54;;;;4.0;24.03;10.68;729.7;0.0;86.0;5.3;0.007;23.17;4.9;
5186;2020-08-04 06:00:00;1.63;;;;2.0;28.14;11.66;730.2;0.0;83.0;5.3;0.007;23.47;5.0;351.0
5187;2020-08-04 07:00:00;1.74;;;;6.0;31.81;12.33;730.4;0.0;82.0;;0.029;23.57;3.2;351.0
5188;2020-08-04 08:00:00;1.89;;;;8.0;39.29;14.23;730.6;0.0;71.0;;0.146;27.2;3.8;351.0
5189;2020-08-04 09:00:00;1.79;;;;10.0;;;730.8;0.0;68.0;4.4;0.277;28.41;4.5;353.0
5190;2020-08-04 10:00:00;0.1;;;;3.0;;;730.8;0.0;64.0;1.1;0.382;29.1;7.6;355.0
5191;2020-08-04 11:00:00;;;;;;;;;;;;;;;
5192;2020-08-04 12:00:00;;;;;;;;;;;;;;;
5193;2020-08-04 13:00:00;1.19;;;;12.0;30.38;14.26;730.0;0.0;48.0;3.6;0.605;31.76;19.9;353.0
5194;2020-08-04 14:00:00;1.23;;;;7.0;32.07;15.04;730.0;0.0;46.0;4.2;0.602;32.6;18.2;
5195;2020-08-04 15:00:00;0.97;;;;9.0;32.4;15.05;729.9;0.0;43.0;4.3;0.547;33.14;20.0;
5196;2020-08-04 16:00:00;0.73;;;;11.0;31.98;14.09;729.6;0.0;42.0;3.7;0.458;33.34;18.7;
5197;2020-08-04 17:00:00;0.56;;;;12.0;33.37;13.71;729.4;0.0;41.0;2.5;0.341;33.35;17.4;
5198;2020-08-04 18:00:00;0.4;;;;13.0;33.03;13.51;729.1;0.0;41.0;1.6;0.177;32.89;16.5;
5199;2020-08-04 19:00:00;0.32;;;;13.0;27.34;12.51;728.9;0.0;44.0;1.1;0.029;31.71;14.5;
5200;2020-08-04 20:00:00;0.24;;;;12.0;30.63;11.71;728.9;0.0;47.0;0.8;0.01;30.2;10.6;
5201;2020-08-04 21:00:00;0.2;;;;12.0;28.21;9.63;729.2;0.0;48.0;0.7;0.007;29.76;11.5;
5202;2020-08-04 22:00:00;0.17;;;;12.0;23.81;8.84;729.7;0.0;50.0;0.7;0.007;29.58;15.5;
5203;2020-08-04 23:00:00;0.11;;;;11.0;32.52;9.82;729.9;0.0;63.0;0.9;0.007;28.36;21.3;
5204;2020-08-05 00:00:00;0.08;;;;11.0;27.21;8.96;730.0;0.0;71.0;1.1;0.007;27.17;23.5;
5205;2020-08-05 01:00:00;;;;;10.0;25.58;9.3;729.7;0.0;75.0;1.1;0.007;26.39;20.3;
5206;2020-08-05 02:00:00;0.05;;;;10.0;24.25;9.76;729.5;0.0;81.0;1.3;0.007;25.41;14.5;
5207;2020-08-05 03:00:00;0.07;;;;10.0;24.62;10.7;729.2;0.0;84.0;1.5;0.007;24.71;12.3;
5208;2020-08-05 04:00:00;0.14;;;;;24.69;12.48;728.9;0.0;86.0;1.8;0.007;24.28;8.8;
5209;2020-08-05 05:00:00;0.16;;;;9.0;32.01;18.28;728.9;0.0;88.0;2.0;0.007;23.81;5.1;
5210;2020-08-05 06:00:00;0.19;;;;9.0;28.92;11.88;729.1;0.0;89.0;2.2;0.007;23.57;8.5;
5211;2020-08-05 07:00:00;0.24;;;;9.0;38.81;15.14;729.3;0.0;88.0;2.3;0.027;23.96;2.9;
5212;2020-08-05 08:00:00;0.32;;;;;42.25;21.37;729.5;0.0;80.0;2.4;0.082;25.53;3.7;
5213;2020-08-05 09:00:00;0.43;;;;10.0;58.88;31.35;729.9;0.0;74.0;2.4;0.171;27.02;6.1;
5214;2020-08-05 10:00:00;0.36;;;;10.0;73.18;34.68;730.4;0.0;72.0;2.3;0.284;27.59;10.1;
5215;2020-08-05 11:00:00;0.2;;;;11.0;76.1;36.97;730.7;0.0;68.0;1.9;0.439;28.51;14.9;
5216;2020-08-05 12:00:00;;;;;13.0;63.36;31.41;730.6;0.0;62.0;1.3;0.553;29.89;16.7;
5217;2020-08-05 13:00:00;;;;;15.0;59.45;29.81;730.4;0.0;56.0;0.6;0.611;31.07;22.5;
5218;2020-08-05 14:00:00;;;;;16.0;40.76;21.43;730.3;0.0;53.0;;0.621;31.97;21.7;
5219;2020-08-05 15:00:00;;;;;18.0;35.78;18.98;729.8;0.0;52.0;;0.56;32.8;20.6;
5220;2020-08-05 16:00:00;;;;;19.0;36.21;16.89;729.1;0.0;52.0;;0.405;32.63;20.4;
5221;2020-08-05 17:00:00;;;;;19.0;33.76;15.45;728.7;0.0;52.0;;0.188;32.04;21.2;
5222;2020-08-05 18:00:00;;;;;19.0;35.44;15.19;728.3;0.0;52.0;;0.144;31.92;18.7;
5223;2020-08-05 19:00:00;;;;;;36.37;14.79;728.1;0.0;53.0;;0.035;31.31;17.7;
5224;2020-08-05 20:00:00;;;;;18.0;40.14;14.68;728.3;0.0;54.0;;0.01;30.52;15.1;
5225;2020-08-05 21:00:00;;;;;17.0;35.28;15.74;728.5;0.0;55.0;;0.007;30.07;16.7;
5226;2020-08-05 22:00:00;;;;;17.0;30.4;13.49;728.7;0.0;54.0;;0.007;29.82;15.7;
5227;2020-08-05 23:00:00;;;;;16.0;36.62;14.7;729.0;0.0;63.0;;0.007;28.49;21.7;
5228;2020-08-06 00:00:00;;;;;15.0;33.21;12.75;729.1;0.0;71.0;;0.007;27.46;21.6;
5229;2020-08-06 01:00:00;;;;;14.0;31.04;12.31;729.2;0.0;77.0;;0.007;26.4;17.3;
5230;2020-08-06 02:00:00;;;;;13.0;26.78;11.46;729.0;0.0;79.0;;0.007;25.75;16.8;
5231;2020-08-06 03:00:00;;;;;13.0;29.21;10.11;728.9;0.0;82.0;0.9;0.007;24.92;16.3;
5232;2020-08-06 04:00:00;;;;;12.0;20.56;8.03;728.9;0.0;84.0;1.3;0.007;24.12;15.3;
5233;2020-08-06 05:00:00;;;;;12.0;25.38;10.22;728.9;0.0;86.0;1.9;0.007;23.86;12.0;
5234;2020-08-06 06:00:00;;;;;11.0;35.11;16.39;728.9;0.0;85.0;2.2;0.007;23.96;9.2;
5235;2020-08-06 07:00:00;;;;;11.0;38.7;16.16;729.2;0.0;86.0;2.3;0.021;23.79;10.1;
5236;2020-08-06 08:00:00;;;;;11.0;50.2;17.42;729.6;0.0;85.0;2.3;0.083;24.23;9.7;
5237;2020-08-06 09:00:00;;;;;;52.1;19.5;729.8;0.0;80.0;2.4;0.163;25.4;12.4;
5238;2020-08-06 10:00:00;;;;;;59.05;22.32;730.2;0.0;79.0;2.3;0.11;25.57;13.8;
5239;2020-08-06 11:00:00;;;;;;54.71;22.1;730.4;0.0;71.0;2.1;0.384;27.54;5.4;
5240;2020-08-06 12:00:00;;;;;12.0;53.09;19.68;730.0;0.0;63.0;1.6;0.608;29.82;23.1;
5241;2020-08-06 13:00:00;;;;;14.0;44.4;18.73;729.8;0.0;58.0;1.1;0.573;30.92;25.3;
5242;2020-08-06 14:00:00;;;;;15.0;41.38;18.98;729.6;0.0;56.0;0.5;0.547;31.86;21.9;
5243;2020-08-06 15:00:00;;;;;17.0;42.9;17.58;729.1;0.0;52.0;;0.474;32.49;23.7;
5244;2020-08-06 16:00:00;;;;;18.0;43.79;18.79;728.9;0.0;52.0;;0.375;32.69;22.3;
5245;2020-08-06 17:00:00;;;;;17.0;45.26;19.01;728.5;0.0;52.0;;0.176;32.03;19.9;
5246;2020-08-06 18:00:00;;;;;17.0;40.36;18.16;728.2;0.0;52.0;;0.095;31.7;18.7;
5247;2020-08-06 19:00:00;;;;;16.0;39.37;16.45;728.2;0.0;52.0;;0.034;31.34;19.1;
5248;2020-08-06 20:00:00;;;;;15.0;39.02;14.11;728.4;0.0;53.0;;0.01;30.6;17.2;
5249;2020-08-06 21:00:00;;;;;14.0;44.47;15.96;728.5;0.0;58.0;;0.007;29.8;17.0;
5250;2020-08-06 22:00:00;;;;;12.0;35.07;12.96;729.0;0.0;66.0;0.7;0.007;28.65;22.5;
5251;2020-08-06 23:00:00;;;;;11.0;33.62;11.05;729.4;0.0;71.0;1.0;0.007;27.64;24.3;
5252;2020-08-07 00:00:00;;;;;10.0;32.01;9.59;729.3;0.0;76.0;1.4;0.007;26.47;25.3;
5253;2020-08-07 01:00:00;;;;;10.0;27.82;9.79;729.3;0.0;79.0;1.8;0.007;25.72;21.1;
5254;2020-08-07 02:00:00;;;;;9.0;30.1;10.43;729.3;0.0;82.0;2.1;0.007;24.94;17.3;
5255;2020-08-07 03:00:00;;;;;9.0;30.4;11.27;729.3;0.0;84.0;2.8;0.007;24.54;16.5;
5256;2020-08-07 04:00:00;;;;;8.0;28.08;11.11;729.3;0.0;85.0;3.6;0.007;24.26;16.5;
5257;2020-08-07 05:00:00;;;;;8.0;27.93;11.84;729.3;0.0;87.0;4.3;0.007;23.96;12.0;
5258;2020-08-07 06:00:00;;;;;8.0;29.47;12.08;729.6;0.0;87.0;4.2;0.007;23.9;9.4;
5259;2020-08-07 07:00:00;0.06;;;;7.0;34.98;12.7;730.0;0.0;86.0;4.3;0.02;24.06;11.7;
5260;2020-08-07 08:00:00;0.14;;;;7.0;41.73;14.19;730.3;0.0;83.0;4.9;0.127;24.98;12.1;
5261;2020-08-07 09:00:00;0.16;;;;7.0;49.12;15.92;730.9;0.0;78.0;5.3;0.236;26.06;12.8;
5262;2020-08-07 10:00:00;0.07;;;;;47.41;17.44;731.1;0.0;74.0;5.3;0.31;26.84;14.9;
5263;2020-08-07 11:00:00;;;;;8.0;45.27;17.29;731.1;0.0;67.0;4.4;0.539;28.43;20.2;
5264;2020-08-07 12:00:00;;;;;9.0;41.47;17.28;730.9;0.0;63.0;4.0;0.553;29.45;22.8;
5265;2020-08-07 13:00:00;;;;;9.0;37.31;16.74;730.7;0.0;57.0;3.3;0.513;30.54;23.0;
5266;2020-08-07 14:00:00;;;;;10.0;35.4;13.64;730.4;0.0;55.0;2.6;0.432;31.54;20.4;
5267;2020-08-07 15:00:00;;;;;11.0;36.1;11.56;730.1;0.0;54.0;2.0;0.407;31.76;21.7;
5268;2020-08-07 16:00:00;;;;;11.0;36.59;11.26;729.7;0.0;52.0;1.6;0.336;32.05;22.2;
5269;2020-08-07 17:00:00;;;;;11.0;33.21;10.94;729.5;0.0;51.0;1.3;0.18;31.78;18.4;
5270;2020-08-07 18:00:00;;;;;12.0;31.31;10.68;729.3;0.0;49.0;1.4;0.125;31.87;17.5;
5271;2020-08-07 19:00:00;;;;;11.0;36.37;10.64;729.6;0.0;53.0;1.3;0.035;31.1;19.8;
5272;2020-08-07 20:00:00;;;;;11.0;28.84;8.87;730.0;0.0;61.0;1.6;0.008;29.22;21.7;
5273;2020-08-07 21:00:00;;;;;10.0;26.4;8.9;730.4;0.0;61.0;2.1;0.007;28.81;23.6;
5274;2020-08-07 22:00:00;;;;;10.0;26.08;8.56;730.6;0.0;64.0;2.1;0.007;28.11;24.9;
5275;2020-08-07 23:00:00;;;;;9.0;25.84;8.45;731.1;0.0;68.0;2.5;0.007;27.38;25.4;
5276;2020-08-08 00:00:00;;;;;8.0;22.97;7.83;731.1;0.0;71.0;3.1;0.007;26.65;21.4;
5277;2020-08-08 01:00:00;;;;;8.0;24.43;8.13;730.8;0.0;75.0;3.9;0.007;25.8;19.5;
5278;2020-08-08 02:00:00;;;;;8.0;23.44;8.18;730.6;0.0;78.0;4.2;0.007;25.16;16.5;
5279;2020-08-08 03:00:00;;;;;7.0;18.64;7.26;730.4;0.0;80.0;4.3;0.007;24.81;17.2;
5280;2020-08-08 04:00:00;;;;;7.0;18.53;7.13;730.4;0.0;84.0;4.9;0.007;24.24;15.0;
5281;2020-08-08 05:00:00;;;;;7.0;16.64;7.11;730.4;0.0;85.0;5.1;0.007;23.95;11.6;
5282;2020-08-08 06:00:00;;;;;;19.24;7.66;730.8;0.0;86.0;5.2;0.007;23.96;11.3;
5283;2020-08-08 07:00:00;0.11;;;;;29.82;8.55;731.1;0.0;87.0;5.0;0.017;23.78;13.3;
5284;2020-08-08 08:00:00;0.2;;;;6.0;32.5;10.86;731.5;0.0;86.0;5.3;0.039;23.97;12.1;
5285;2020-08-08 09:00:00;0.19;;;;6.0;33.07;9.93;731.8;0.0;80.0;5.4;0.11;25.05;11.1;
5286;2020-08-08 10:00:00;0.15;;;;6.0;28.45;9.11;731.9;0.0;69.0;5.6;0.411;27.39;16.8;
5287;2020-08-08 11:00:00;;;;;7.0;31.28;9.21;731.8;0.0;63.0;5.4;0.524;28.64;22.6;
5288;2020-08-08 12:00:00;;;;;8.0;29.17;9.19;731.8;0.0;58.0;4.8;0.616;30.35;21.6;
5289;2020-08-08 13:00:00;;;;;8.0;29.38;7.95;731.5;0.0;53.0;3.9;0.635;31.44;25.5;
5290;2020-08-08 14:00:00;;;;;9.0;31.98;7.17;731.0;0.0;49.0;3.3;0.634;32.26;26.4;
5291;2020-08-08 15:00:00;;;;;10.0;24.49;6.43;730.6;0.0;49.0;2.5;0.322;32.08;22.9;
5292;2020-08-08 16:00:00;;;;;10.0;23.23;7.04;730.4;0.0;46.0;2.3;0.297;32.5;16.0;
5293;2020-08-08 17:00:00;;;;;11.0;22.56;6.72;730.4;0.0;47.0;2.0;0.145;32.22;16.3;
5294;2020-08-08 18:00:00;;;;;11.0;23.49;8.58;730.3;0.0;49.0;1.8;0.139;32.07;17.5;
5295;2020-08-08 19:00:00;;;;;11.0;28.93;10.65;730.4;0.0;50.0;2.0;0.045;31.22;18.0;
5296;2020-08-08 20:00:00;;;;;10.0;19.45;8.16;730.6;0.0;50.0;1.9;0.011;30.68;23.7;
5297;2020-08-08 21:00:00;;;;;10.0;21.67;7.51;731.1;0.0;52.0;2.2;0.007;30.23;20.2;
5298;2020-08-08 22:00:00;;;;;10.0;39.75;11.63;731.6;0.0;57.0;2.6;0.007;29.19;16.1;
5299;2020-08-08 23:00:00;;;;;9.0;40.27;11.45;732.1;0.0;64.0;3.0;0.007;27.77;21.8;
5300;2020-08-09 00:00:00;;;;;9.0;30.22;8.47;731.9;0.0;63.0;3.3;0.007;26.89;23.8;
5301;2020-08-09 01:00:00;;;;;8.0;25.17;6.31;731.5;0.0;64.0;3.8;0.007;25.81;26.4;
5302;2020-08-09 02:00:00;;;;;8.0;23.91;6.0;731.2;0.0;66.0;3.7;0.007;24.9;22.4;
5303;2020-08-09 03:00:00;;;;;7.0;21.58;6.18;731.1;0.0;70.0;3.9;0.007;24.12;13.7;
5304;2020-08-09 04:00:00;;;;;7.0;30.54;6.88;731.1;0.0;73.0;4.3;0.007;23.54;8.8;
5305;2020-08-09 05:00:00;;;;;7.0;24.62;7.49;731.1;0.0;77.0;4.5;0.007;23.05;6.2;
5306;2020-08-09 06:00:00;;;;;;35.77;10.74;731.1;0.0;80.0;4.5;0.007;22.6;7.5;
5307;2020-08-09 07:00:00;0.15;;;;6.0;53.48;14.65;731.4;0.0;81.0;;0.026;22.55;7.8;
5308;2020-08-09 08:00:00;0.19;;;;6.0;46.43;14.83;731.8;0.0;76.0;;0.148;24.28;9.4;
5309;2020-08-09 09:00:00;0.19;;;;7.0;41.96;14.83;732.2;0.0;71.0;4.3;0.243;25.56;9.1;
5310;2020-08-09 10:00:00;0.11;;;;7.0;48.63;17.59;732.3;0.0;70.0;4.4;0.353;26.15;11.5;
5311;2020-08-09 11:00:00;;;;;7.0;32.01;10.97;731.9;0.0;61.0;4.2;0.493;28.11;16.4;
5312;2020-08-09 12:00:00;;;;;8.0;33.67;9.52;731.5;0.0;54.0;3.6;0.58;30.33;18.6;
5313;2020-08-09 13:00:00;;;;;9.0;32.09;8.6;731.4;0.0;49.0;2.6;0.607;31.45;24.1;
5314;2020-08-09 14:00:00;;;;;9.0;38.75;8.97;731.1;0.0;43.0;1.9;0.601;32.79;24.2;
5315;2020-08-09 15:00:00;;;;;10.0;56.73;11.56;730.9;0.0;41.0;1.3;0.572;33.18;28.3;
5316;2020-08-09 16:00:00;;;;;11.0;62.12;12.34;730.4;0.0;44.0;0.8;0.305;32.06;32.5;
5317;2020-08-09 17:00:00;;;;;11.0;59.56;10.45;730.1;0.0;39.0;0.6;0.362;32.21;33.1;
5318;2020-08-09 18:00:00;;;;;11.0;42.74;9.85;730.0;0.0;43.0;0.6;0.206;30.94;27.3;
5319;2020-08-09 19:00:00;;;;;10.0;45.91;12.21;730.0;0.0;49.0;0.7;0.047;30.06;19.3;
5320;2020-08-09 20:00:00;;;;;10.0;56.99;13.34;730.0;0.0;53.0;0.9;0.011;28.7;18.5;
5321;2020-08-09 21:00:00;;;;;9.0;42.93;9.16;730.3;0.0;55.0;1.3;0.007;27.83;21.8;
5322;2020-08-09 22:00:00;;;;;9.0;28.88;6.75;730.6;0.0;53.0;1.8;0.007;27.68;20.0;
5323;2020-08-09 23:00:00;;;;;9.0;31.37;5.65;730.7;0.0;60.0;2.3;0.007;25.98;23.4;
5324;2020-08-10 00:00:00;;;;;8.0;21.34;4.23;731.1;0.0;64.0;2.8;0.007;25.07;17.6;
5325;2020-08-10 01:00:00;;;;;8.0;24.3;4.88;730.8;0.0;65.0;3.3;0.007;24.71;15.0;
5326;2020-08-10 02:00:00;;;;;7.0;21.89;4.91;730.4;0.0;67.0;3.7;0.007;24.15;13.9;
5327;2020-08-10 03:00:00;;;;;7.0;25.2;5.7;730.4;0.0;69.0;4.1;0.007;23.62;16.3;
5328;2020-08-10 04:00:00;;;;;7.0;20.26;6.34;730.4;0.0;72.0;4.4;0.007;22.88;8.7;
5329;2020-08-10 05:00:00;;;;;;26.56;6.93;730.6;0.0;75.0;4.5;0.007;22.36;7.8;
5330;2020-08-10 06:00:00;0.15;;;;6.0;26.94;8.35;730.7;0.0;79.0;4.4;0.007;21.73;2.9;
5331;2020-08-10 07:00:00;0.25;;;;6.0;41.28;10.09;731.0;0.0;79.0;4.5;0.025;21.94;3.1;
5332;2020-08-10 08:00:00;0.4;;;;6.0;45.47;11.84;731.2;0.0;68.0;4.7;0.149;25.27;5.9;
5333;2020-08-10 09:00:00;0.41;;;;;43.23;12.25;731.5;0.0;66.0;4.7;0.284;25.83;10.2;
5334;2020-08-10 10:00:00;0.22;;;;;55.21;13.68;731.5;0.0;65.0;;0.407;26.6;15.1;
5335;2020-08-10 11:00:00;;;;;7.0;41.17;10.45;731.4;0.0;61.0;4.4;0.51;28.0;20.9;
5336;2020-08-10 12:00:00;;;;;7.0;28.94;7.42;731.1;0.0;56.0;3.9;0.578;29.62;26.0;
5337;2020-08-10 13:00:00;;;;;8.0;28.97;7.02;730.6;0.0;51.0;3.1;0.604;30.93;25.5;
5338;2020-08-10 14:00:00;;;;;8.0;23.3;6.5;730.2;0.0;45.0;2.4;0.593;32.18;22.7;
5339;2020-08-10 15:00:00;;;;;9.0;25.46;6.87;729.8;0.0;43.0;1.7;0.537;32.94;22.3;
5340;2020-08-10 16:00:00;;;;;10.0;29.41;8.96;729.4;0.0;45.0;1.2;0.296;32.74;22.8;
5341;2020-08-10 17:00:00;;;;;10.0;28.18;6.63;729.3;0.0;43.0;0.9;0.339;32.75;24.3;
5342;2020-08-10 18:00:00;;;;;10.0;27.28;7.27;728.9;0.0;46.0;0.8;0.14;31.7;24.6;
5343;2020-08-10 19:00:00;;;;;;29.29;8.2;728.9;0.0;52.0;0.7;0.026;30.31;24.6;
5344;2020-08-10 20:00:00;;;;;;22.79;7.13;728.9;0.0;50.0;1.0;0.009;29.36;18.9;
5345;2020-08-10 21:00:00;;;;;9.0;19.39;6.79;729.2;0.0;47.0;1.4;0.007;29.1;19.9;
5346;2020-08-10 22:00:00;;;;;9.0;17.4;6.43;729.5;0.0;44.0;1.9;0.007;29.2;18.9;
5347;2020-08-10 23:00:00;;;;;9.0;25.13;8.79;729.7;0.0;56.0;2.2;0.007;27.33;9.9;
5348;2020-08-11 00:00:00;;;;;8.0;25.82;9.0;729.7;0.0;64.0;2.6;0.007;25.99;7.6;
5349;2020-08-11 01:00:00;;;;;8.0;31.63;11.35;729.5;0.0;67.0;3.0;0.007;25.4;14.7;
5350;2020-08-11 02:00:00;;;;;7.0;33.56;12.32;729.3;0.0;70.0;3.4;0.007;24.69;16.4;
5351;2020-08-11 03:00:00;;;;;7.0;33.85;12.84;729.1;0.0;71.0;3.7;0.007;24.12;11.5;
5352;2020-08-11 04:00:00;;;;;7.0;32.41;12.38;728.9;0.0;72.0;3.3;0.007;23.73;13.7;
5353;2020-08-11 05:00:00;;;;;;31.76;12.88;729.1;0.0;75.0;3.6;0.007;23.1;7.8;
5354;2020-08-11 06:00:00;;;;;6.0;40.15;14.58;729.3;0.0;78.0;3.8;0.007;22.59;7.8;
5355;2020-08-11 07:00:00;0.09;;;;6.0;46.61;15.67;729.7;0.0;81.0;3.8;0.025;22.55;7.1;
5356;2020-08-11 08:00:00;0.19;;;;6.0;51.61;16.53;730.1;0.0;76.0;3.7;0.133;24.32;6.9;
5357;2020-08-11 09:00:00;0.22;;;;;57.34;19.97;730.4;0.0;74.0;3.9;0.209;25.11;9.4;
5358;2020-08-11 10:00:00;0.18;;;;;64.85;29.87;730.5;0.0;71.0;3.9;0.23;25.6;7.3;
5359;2020-08-11 11:00:00;0.14;;;;;71.22;34.29;730.3;0.0;67.0;;0.333;27.02;9.3;
5360;2020-08-11 12:00:00;;;;;7.0;63.5;32.5;730.0;0.0;62.0;3.4;0.557;28.33;12.2;
5361;2020-08-11 13:00:00;;;;;7.0;62.32;25.07;729.9;0.0;57.0;2.8;0.598;29.97;12.3;
5362;2020-08-11 14:00:00;;;;;8.0;49.02;17.7;729.4;0.0;52.0;1.9;0.588;31.49;16.5;
5363;2020-08-11 15:00:00;;;;;9.0;44.74;12.31;728.9;0.0;46.0;1.2;0.542;32.91;21.7;
5364;2020-08-11 16:00:00;;;;;9.0;34.42;10.85;728.4;0.0;45.0;0.6;0.318;33.41;18.1;
5365;2020-08-11 17:00:00;;;;;9.0;33.34;10.9;727.8;0.0;43.0;;0.285;33.94;19.1;
5366;2020-08-11 18:00:00;;;;;10.0;35.73;11.33;727.4;0.0;38.0;;0.084;33.77;20.2;
5367;2020-08-11 19:00:00;;;;;10.0;43.36;15.44;727.4;0.0;40.0;;0.027;33.09;18.8;
5368;2020-08-11 20:00:00;;;;;10.0;55.2;18.68;727.5;0.0;44.0;;0.009;31.72;17.2;
5369;2020-08-11 21:00:00;;;;;9.0;51.4;19.7;727.9;0.0;42.0;;0.007;31.44;18.8;
5370;2020-08-11 22:00:00;;;;;9.0;64.37;23.24;728.4;0.0;46.0;0.5;0.007;30.17;18.0;
5371;2020-08-11 23:00:00;;;;;9.0;65.19;23.63;728.9;0.0;53.0;0.9;0.007;28.52;20.2;
5372;2020-08-12 00:00:00;;;;;8.0;59.5;21.66;728.9;0.0;57.0;1.4;0.007;27.65;19.7;
5373;2020-08-12 01:00:00;;;;;8.0;44.98;18.01;728.9;0.0;62.0;1.7;0.007;27.12;18.1;
5374;2020-08-12 02:00:00;;;;;7.0;38.54;17.49;728.9;0.0;69.0;2.2;0.007;25.95;15.8;
5375;2020-08-12 03:00:00;;;;;7.0;42.19;18.03;728.9;0.0;74.0;2.5;0.007;25.11;12.6;
5376;2020-08-12 04:00:00;;;;;7.0;55.2;20.44;728.9;0.0;78.0;2.9;0.007;24.48;12.1;
5377;2020-08-12 05:00:00;;;;;6.0;54.03;24.1;728.9;0.0;81.0;3.3;0.007;24.01;9.0;
5378;2020-08-12 06:00:00;;;;;6.0;74.49;29.05;729.1;0.0;84.0;3.7;0.007;23.53;12.0;
5379;2020-08-12 07:00:00;0.07;;;;6.0;81.69;28.28;729.4;0.0;84.0;4.1;0.018;23.72;9.3;
5380;2020-08-12 08:00:00;0.16;;;;;90.21;27.04;729.6;0.0;81.0;4.0;0.072;24.52;8.6;
5381;2020-08-12 09:00:00;0.17;;;;;74.06;29.87;729.7;0.0;76.0;4.0;0.131;25.34;10.7;
5382;2020-08-12 10:00:00;0.19;;;;;80.2;39.81;729.7;0.0;68.0;;0.21;27.09;6.4;
5383;2020-08-12 11:00:00;0.15;;;;;87.78;43.64;729.8;0.0;61.0;;0.483;29.12;8.5;
5384;2020-08-12 12:00:00;;;;;7.0;90.66;43.47;729.7;0.0;59.0;3.2;0.566;29.93;12.2;
5385;2020-08-12 13:00:00;;;;;8.0;92.69;43.93;729.3;0.0;56.0;2.3;0.59;31.21;14.9;
5386;2020-08-12 14:00:00;;;;;9.0;86.29;35.31;729.0;0.0;54.0;1.5;0.59;32.07;18.5;
5387;2020-08-12 15:00:00;;;;;9.0;71.41;28.13;728.6;0.0;51.0;0.9;0.549;33.07;21.8;
5388;2020-08-12 16:00:00;;;;;9.0;47.66;19.83;728.3;0.0;46.0;;0.463;33.79;16.0;
5389;2020-08-12 17:00:00;;;;;;44.36;17.57;728.1;0.0;45.0;;0.317;34.15;18.4;
5390;2020-08-12 18:00:00;;;;;10.0;45.76;15.2;727.8;0.0;43.0;;0.084;33.53;16.2;
5391;2020-08-12 19:00:00;;;;;10.0;60.05;16.93;728.0;0.0;41.0;;0.034;33.11;19.9;
5392;2020-08-12 20:00:00;;;;;10.0;57.34;18.17;728.2;0.0;39.0;;0.009;32.33;22.7;
5393;2020-08-12 21:00:00;;;;;;52.87;17.76;728.5;0.0;38.0;;0.007;31.91;20.1;
5394;2020-08-12 22:00:00;;;;;;66.5;18.98;728.9;0.0;41.0;;0.007;30.75;21.2;
5395;2020-08-12 23:00:00;;;;;9.0;87.08;22.65;729.1;0.0;56.0;0.6;0.007;28.23;25.1;
5396;2020-08-13 00:00:00;;;;;8.0;71.86;23.67;729.3;0.0;69.0;1.1;0.007;26.95;26.0;
5397;2020-08-13 01:00:00;;;;;7.0;60.14;23.12;729.2;0.0;69.0;1.6;0.007;26.43;20.3;
5398;2020-08-13 02:00:00;;;;;7.0;75.33;24.25;728.9;0.0;71.0;2.1;0.007;25.87;15.7;
5399;2020-08-13 03:00:00;;;;;7.0;61.0;24.34;728.7;0.0;75.0;2.6;0.007;25.17;12.8;
5400;2020-08-13 04:00:00;;;;;;67.41;26.61;728.6;0.0;81.0;3.1;0.007;24.35;10.9;
5401;2020-08-13 05:00:00;;;;;6.0;67.86;28.35;728.9;0.0;86.0;3.4;0.007;23.64;9.1;
5402;2020-08-13 06:00:00;;;;;6.0;78.17;31.46;729.1;0.0;85.0;3.5;0.007;23.78;5.5;
5403;2020-08-13 07:00:00;;;;;6.0;84.59;28.36;729.5;0.0;85.0;3.9;0.021;23.9;6.5;
5404;2020-08-13 08:00:00;0.1;;;;;75.16;30.55;729.7;0.0;80.0;4.1;0.098;25.15;6.5;
5405;2020-08-13 09:00:00;0.12;;;;;76.52;33.54;729.9;0.0;77.0;4.0;0.144;25.71;8.5;
5406;2020-08-13 10:00:00;0.13;;;;;85.75;39.68;730.1;0.0;70.0;3.9;0.294;27.4;8.3;
5407;2020-08-13 11:00:00;0.11;;;;;100.8;48.12;730.2;0.0;64.0;3.6;0.484;28.98;5.4;
5408;2020-08-13 12:00:00;;;;;7.0;97.58;45.71;730.1;0.0;60.0;2.9;0.567;30.05;14.1;
5409;2020-08-13 13:00:00;;;;;7.0;91.94;43.48;729.9;0.0;59.0;2.0;0.59;30.78;18.0;
5410;2020-08-13 14:00:00;;;;;8.0;95.38;42.8;729.4;0.0;56.0;1.6;0.585;31.41;21.8;
5411;2020-08-13 15:00:00;;;;;9.0;89.49;41.07;728.9;0.0;52.0;1.5;0.524;32.09;23.9;
5412;2020-08-13 16:00:00;;;;;9.0;54.16;24.66;728.8;0.0;47.0;;0.435;32.96;19.8;
5413;2020-08-13 17:00:00;;;;;9.0;53.81;21.2;728.4;0.0;47.0;;0.333;33.47;20.5;
5414;2020-08-13 18:00:00;;;;;;55.06;17.75;728.1;0.0;44.0;;0.166;33.57;18.5;
5415;2020-08-13 19:00:00;;;;;10.0;42.9;15.83;728.1;0.0;44.0;;0.025;32.58;14.8;
5416;2020-08-13 20:00:00;;;;;10.0;39.99;14.58;728.4;0.0;43.0;;0.008;31.66;10.2;
5417;2020-08-13 21:00:00;;;;;9.0;38.41;13.39;728.7;0.0;43.0;;0.007;31.58;17.6;
5418;2020-08-13 22:00:00;;;;;9.0;54.33;15.01;728.9;0.0;55.0;;0.007;29.62;23.6;
5419;2020-08-13 23:00:00;;;;;8.0;59.24;15.16;729.1;0.0;61.0;0.8;0.007;28.37;29.3;
5420;2020-08-14 00:00:00;;;;;7.0;48.91;14.51;729.1;0.0;63.0;1.4;0.007;27.64;21.1;
5421;2020-08-14 01:00:00;;;;;7.0;44.95;15.13;728.9;0.0;68.0;2.0;0.007;26.55;14.9;
5422;2020-08-14 02:00:00;;;;;7.0;45.84;16.68;728.8;0.0;74.0;2.3;0.007;25.49;13.1;
5423;2020-08-14 03:00:00;;;;;;69.76;22.77;728.5;0.0;80.0;2.8;0.007;24.21;6.2;
5424;2020-08-14 04:00:00;;;;;6.0;57.89;22.33;728.4;0.0;83.0;3.3;0.007;23.65;3.0;
5425;2020-08-14 05:00:00;;;;;6.0;55.96;21.03;728.4;0.0;85.0;3.8;0.007;23.19;2.9;
5426;2020-08-14 06:00:00;;;;;6.0;50.16;20.0;728.8;0.0;86.0;4.0;0.007;23.04;3.2;
5427;2020-08-14 07:00:00;;;;;;51.65;19.93;729.1;0.0;87.0;4.5;0.027;22.97;3.3;
5428;2020-08-14 08:00:00;0.21;;;;;62.46;25.32;729.7;0.0;77.0;4.7;0.101;25.69;6.5;
5429;2020-08-14 09:00:00;0.27;;;;;75.47;32.97;730.0;0.0;76.0;4.9;0.166;25.7;9.6;
5430;2020-08-14 10:00:00;0.26;;;;;78.82;37.6;730.1;0.0;70.0;4.9;0.39;27.56;10.8;
5431;2020-08-14 11:00:00;0.1;;;;;91.84;41.17;730.3;0.0;63.0;4.4;0.498;29.01;10.5;
5432;2020-08-14 12:00:00;;;;;7.0;84.73;36.57;730.1;0.0;56.0;3.5;0.58;30.43;13.3;
5433;2020-08-14 13:00:00;;;;;7.0;65.35;27.68;730.0;0.0;51.0;3.0;0.604;31.34;18.3;
5434;2020-08-14 14:00:00;;;;;8.0;60.48;23.13;729.7;0.0;46.0;2.2;0.588;32.45;20.5;
5435;2020-08-14 15:00:00;;;;;8.0;65.07;24.18;729.0;0.0;47.0;1.9;0.539;32.93;22.5;
5436;2020-08-14 16:00:00;;;;;9.0;57.18;21.68;728.8;0.0;45.0;1.1;0.452;33.25;21.2;
5437;2020-08-14 17:00:00;;;;;9.0;46.62;18.55;728.5;0.0;44.0;;0.332;33.35;22.0;
5438;2020-08-14 18:00:00;;;;;9.0;43.35;16.16;727.9;0.0;39.0;;0.163;33.49;19.8;
5439;2020-08-14 19:00:00;;;;;;41.22;17.42;728.1;0.0;42.0;0.5;0.025;32.43;16.0;
5440;2020-08-14 20:00:00;;;;;;76.48;20.42;728.2;0.0;44.0;1.1;0.008;31.08;12.3;
5441;2020-08-14 21:00:00;;;;;;50.85;17.5;728.5;0.0;40.0;1.8;0.007;30.73;10.6;
5442;2020-08-14 22:00:00;;;;;;49.79;17.47;728.5;0.0;42.0;2.4;0.007;30.57;17.2;
5443;2020-08-14 23:00:00;;;;;8.0;59.44;18.29;728.5;0.0;57.0;3.0;0.007;28.7;26.0;
5444;2020-08-15 00:00:00;;;;;7.0;49.3;18.26;728.6;0.0;63.0;3.5;0.007;27.46;16.7;
5445;2020-08-15 01:00:00;;;;;7.0;55.97;19.16;728.6;0.0;68.0;4.1;0.007;26.42;16.1;
5446;2020-08-15 02:00:00;;;;;7.0;52.52;21.83;728.5;0.0;74.0;4.6;0.007;25.19;11.9;
5447;2020-08-15 03:00:00;;;;;;51.17;23.39;728.5;0.0;79.0;5.1;0.007;24.15;9.1;
5448;2020-08-15 04:00:00;;;;;6.0;53.57;24.0;728.6;0.0;82.0;5.4;0.007;23.49;3.5;
5449;2020-08-15 05:00:00;;;;;6.0;51.7;25.0;728.5;0.0;84.0;5.7;0.007;23.15;3.0;
5450;2020-08-15 06:00:00;;;;;6.0;46.42;24.81;728.8;0.0;85.0;6.1;0.007;22.93;3.3;
5451;2020-08-15 07:00:00;0.06;;;;;66.8;28.81;729.1;0.0;84.0;6.6;0.023;23.3;3.1;
5452;2020-08-15 08:00:00;0.23;;;;5.0;74.14;30.29;729.5;0.0;71.0;6.4;0.126;26.86;4.6;
5453;2020-08-15 09:00:00;0.28;;;;6.0;84.78;35.21;730.0;0.0;63.0;6.8;0.268;28.18;7.8;
5454;2020-08-15 10:00:00;0.36;;;;6.0;98.19;38.97;730.0;0.0;61.0;6.8;0.394;29.24;9.9;
5455;2020-08-15 11:00:00;;;;;6.0;96.46;37.34;730.2;0.0;58.0;6.0;0.488;29.9;12.8;
5456;2020-08-15 12:00:00;;;;;7.0;98.1;39.14;730.1;0.0;55.0;5.0;0.57;31.03;17.2;
5457;2020-08-15 13:00:00;;;;;8.0;90.8;33.72;729.7;0.0;49.0;3.9;0.596;32.32;21.5;
5458;2020-08-15 14:00:00;;;;;8.0;64.73;23.15;729.4;0.0;44.0;3.1;0.597;33.13;23.0;
5459;2020-08-15 15:00:00;;;;;9.0;52.23;18.59;729.1;0.0;38.0;2.6;0.55;33.98;21.4;
5460;2020-08-15 16:00:00;;;;;9.0;43.17;15.08;728.9;0.0;37.0;1.9;0.458;34.21;21.7;
5461;2020-08-15 17:00:00;;;;;10.0;42.24;16.3;728.8;0.0;38.0;1.4;0.331;34.19;19.9;
5462;2020-08-15 18:00:00;;;;;10.0;41.49;16.48;728.6;0.0;40.0;1.3;0.161;33.79;18.8;
5463;2020-08-15 19:00:00;;;;;10.0;38.43;17.45;728.6;0.0;43.0;1.6;0.024;32.47;17.6;
5464;2020-08-15 20:00:00;;;;;;35.13;15.55;728.8;0.0;42.0;1.5;0.008;31.42;13.6;
5465;2020-08-15 21:00:00;;;;;9.0;30.73;14.39;728.9;0.0;41.0;1.9;0.007;31.34;15.3;
5466;2020-08-15 22:00:00;;;;;9.0;46.55;14.9;729.5;0.0;49.0;2.4;0.007;30.29;18.6;
5467;2020-08-15 23:00:00;;;;;8.0;41.77;14.54;730.1;0.0;59.0;2.8;0.007;28.49;22.4;
5468;2020-08-16 00:00:00;;;;;8.0;42.48;13.23;730.3;0.0;66.0;3.2;0.007;27.48;23.3;
5469;2020-08-16 01:00:00;;;;;7.0;47.41;14.55;730.4;0.0;73.0;3.8;0.007;26.34;15.4;
5470;2020-08-16 02:00:00;;;;;7.0;55.23;17.94;730.2;0.0;76.0;4.3;0.007;25.57;12.8;
5471;2020-08-16 03:00:00;;;;;7.0;37.77;16.26;729.9;0.0;78.0;4.8;0.007;25.09;12.2;
5472;2020-08-16 04:00:00;;;;;6.0;40.58;17.01;730.0;0.0;80.0;5.2;0.007;24.65;9.0;
5473;2020-08-16 05:00:00;;;;;6.0;32.66;16.17;729.9;0.0;83.0;5.6;0.007;24.04;5.3;
5474;2020-08-16 06:00:00;;;;;6.0;34.47;17.23;730.3;0.0;86.0;5.7;0.007;23.54;2.9;
5475;2020-08-16 07:00:00;;;;;;45.49;18.54;730.6;0.0;85.0;6.4;0.024;23.79;2.9;
5476;2020-08-16 08:00:00;;;;;5.0;46.49;22.93;731.1;0.0;72.0;6.3;0.114;27.34;3.4;
5477;2020-08-16 09:00:00;;;;;6.0;56.27;26.4;731.4;0.0;67.0;6.4;0.264;28.56;6.0;
5478;2020-08-16 10:00:00;;;;;6.0;59.58;32.35;731.5;0.0;64.0;6.2;0.383;29.47;8.6;
5479;2020-08-16 11:00:00;;;;;6.0;54.57;30.77;731.5;0.0;62.0;5.3;0.463;29.72;12.9;
5480;2020-08-16 12:00:00;;;;;7.0;47.86;26.17;731.5;0.0;58.0;4.5;0.573;30.77;15.8;
5481;2020-08-16 13:00:00;;;;;7.0;57.7;26.54;731.5;0.0;50.0;4.3;0.605;31.87;20.1;
5482;2020-08-16 14:00:00;;;;;8.0;61.53;29.37;731.3;0.0;47.0;5.7;0.591;32.81;20.3;
5483;2020-08-16 15:00:00;;;;;8.0;39.49;20.24;730.8;0.0;42.0;2.9;0.546;33.52;20.6;
5484;2020-08-16 16:00:00;9.0;;;;9.0;32.55;18.67;730.4;0.0;41.0;1.9;0.466;33.89;20.3;
5485;2020-08-16 17:00:00;;;;;9.0;39.42;21.09;730.2;0.0;41.0;2.2;0.334;33.96;17.0;
5486;2020-08-16 18:00:00;9.0;;;;9.0;37.97;19.96;729.9;0.0;42.0;2.2;0.093;32.72;16.6;
5487;2020-08-16 19:00:00;;;;;;37.27;18.99;730.0;0.0;45.0;1.7;0.018;31.63;16.1;
5488;2020-08-16 20:00:00;;;;;;30.53;15.84;730.1;0.0;45.0;1.5;0.008;31.18;12.7;
5489;2020-08-16 21:00:00;;;;;;51.37;16.66;730.2;0.0;45.0;2.0;0.007;30.79;12.3;
5490;2020-08-16 22:00:00;;;;;;58.69;16.45;730.4;0.0;51.0;2.2;0.007;29.01;17.8;
5491;2020-08-16 23:00:00;;;;;8.0;38.71;12.17;730.7;0.0;57.0;2.7;0.007;27.26;18.0;
5492;2020-08-17 00:00:00;;;;;8.0;43.12;11.53;731.3;0.0;62.0;3.2;0.007;26.29;18.6;
5493;2020-08-17 01:00:00;;;;;7.0;37.63;11.08;731.4;0.0;68.0;4.1;0.007;25.57;17.6;
5494;2020-08-17 02:00:00;;;;;7.0;40.72;15.29;731.4;0.0;76.0;4.7;0.007;24.59;11.3;
5495;2020-08-17 03:00:00;;;;;6.0;37.33;14.92;731.5;0.0;81.0;5.3;0.007;23.99;7.2;
5496;2020-08-17 04:00:00;;;;;6.0;38.68;16.23;731.4;0.0;83.0;5.6;0.007;23.64;2.9;
5497;2020-08-17 05:00:00;;;;;6.0;40.42;16.26;731.4;0.0;84.0;5.8;0.007;23.47;3.1;
5498;2020-08-17 06:00:00;;;;;;35.87;14.86;731.5;0.0;83.0;6.4;0.007;23.44;4.9;
5499;2020-08-17 07:00:00;;;;;5.0;47.83;16.0;732.2;0.0;81.0;6.6;0.025;23.84;3.1;
5500;2020-08-17 08:00:00;0.08;;;;5.0;53.68;18.37;732.5;0.0;70.0;6.3;0.135;26.89;4.6;
5501;2020-08-17 09:00:00;0.23;;;;5.0;56.94;22.41;732.9;0.0;68.0;6.6;0.26;27.56;9.4;
5502;2020-08-17 10:00:00;;;;;6.0;51.68;21.14;733.5;0.0;66.0;6.5;0.383;27.91;11.9;
5503;2020-08-17 11:00:00;;;;;6.0;53.13;22.91;733.4;0.0;60.0;5.9;0.493;29.37;10.0;
5504;2020-08-17 12:00:00;;;;;6.0;48.04;19.53;733.1;0.0;54.0;5.3;0.563;30.55;15.2;
5505;2020-08-17 13:00:00;;;;;7.0;45.32;15.16;733.1;0.0;48.0;4.0;0.606;31.92;18.7;
5506;2020-08-17 14:00:00;;;;;7.0;44.52;15.51;732.8;0.0;45.0;3.8;0.626;32.8;21.4;
5507;2020-08-17 15:00:00;;;;;8.0;35.4;14.04;732.2;0.0;42.0;3.5;0.481;32.94;21.3;
5508;2020-08-17 16:00:00;;;;;8.0;31.0;10.82;731.6;0.0;44.0;2.1;0.226;32.05;17.9;
5509;2020-08-17 17:00:00;;;;;9.0;28.68;10.1;731.3;0.0;42.0;1.8;0.201;32.23;16.0;
5510;2020-08-17 18:00:00;;;;;9.0;25.82;7.8;731.0;0.0;38.0;1.6;0.14;32.53;14.7;
5511;2020-08-17 19:00:00;;;;;9.0;33.97;8.68;730.9;0.0;39.0;1.8;0.029;31.79;14.1;
5512;2020-08-17 20:00:00;;;;;;41.02;11.29;731.2;0.0;45.0;2.1;0.008;30.74;14.1;
5513;2020-08-17 21:00:00;;;;;;36.02;10.7;731.5;0.0;49.0;2.4;0.007;30.0;13.7;
5514;2020-08-17 22:00:00;;;;;8.0;36.62;9.34;731.8;0.0;53.0;2.8;0.007;29.26;13.9;
5515;2020-08-17 23:00:00;;;;;8.0;37.3;8.7;731.8;0.0;57.0;3.2;0.007;28.71;16.8;
5516;2020-08-18 00:00:00;;;;;7.0;30.29;9.15;731.8;0.0;60.0;3.6;0.007;27.89;11.4;
5517;2020-08-18 01:00:00;;;;;7.0;33.67;9.6;731.9;0.0;63.0;4.1;0.007;27.04;7.5;
5518;2020-08-18 02:00:00;;;;;7.0;54.0;13.96;731.8;0.0;68.0;4.5;0.007;26.16;7.1;
5519;2020-08-18 03:00:00;;;;;6.0;46.03;14.89;731.4;0.0;74.0;4.8;0.007;25.15;3.0;
5520;2020-08-18 04:00:00;;;;;6.0;57.14;16.53;731.1;0.0;77.0;5.1;0.007;24.67;3.8;
5521;2020-08-18 05:00:00;;;;;6.0;40.4;16.08;731.1;0.0;78.0;5.4;0.007;24.34;3.1;
5522;2020-08-18 06:00:00;;;;;;42.12;14.74;731.4;0.0;80.0;5.9;0.007;23.93;3.0;
5523;2020-08-18 07:00:00;;;;;;59.45;17.9;731.6;0.0;80.0;6.1;0.024;23.89;3.9;
5524;2020-08-18 08:00:00;0.17;;;;5.0;66.34;18.75;732.1;0.0;71.0;6.4;0.116;26.38;4.8;
5525;2020-08-18 09:00:00;0.36;;;;6.0;68.07;23.25;732.5;0.0;64.0;6.7;0.235;28.01;9.7;
5526;2020-08-18 10:00:00;0.2;;;;6.0;59.3;21.31;732.8;0.0;55.0;6.4;0.304;29.97;7.3;
5527;2020-08-18 11:00:00;;;;;6.0;44.68;15.71;732.7;0.0;52.0;5.7;0.328;30.48;8.8;
5528;2020-08-18 12:00:00;;;;;;50.53;15.57;732.6;0.0;49.0;4.9;0.428;31.22;11.8;
5529;2020-08-18 13:00:00;;;;;7.0;40.31;14.35;732.0;0.0;38.0;4.1;0.549;32.9;13.8;
5530;2020-08-18 14:00:00;;;;;7.0;34.82;14.23;731.4;0.0;36.0;3.2;0.478;32.86;17.8;
5531;2020-08-18 15:00:00;;;;;8.0;42.8;15.2;730.7;0.0;39.0;2.6;0.388;32.61;17.9;
5532;2020-08-18 16:00:00;;;;;8.0;74.89;19.28;730.1;0.0;39.0;3.1;0.35;32.73;18.3;
5533;2020-08-18 17:00:00;;;;;9.0;43.13;14.72;729.8;0.0;39.0;2.4;0.232;32.37;13.4;
5534;2020-08-18 18:00:00;;;;;9.0;48.11;14.39;730.0;0.0;40.0;2.9;0.124;31.87;16.0;
5535;2020-08-18 19:00:00;;;;;9.0;33.86;14.97;730.0;0.0;46.0;3.0;0.035;30.69;13.8;
5536;2020-08-18 20:00:00;;;;;8.0;34.76;13.2;730.1;0.0;50.0;2.5;0.008;29.47;11.4;
5537;2020-08-18 21:00:00;;;;;8.0;26.81;12.2;730.3;0.0;48.0;2.8;0.007;29.16;9.9;
5538;2020-08-18 22:00:00;;;;;8.0;66.68;17.49;730.5;0.0;51.0;3.1;0.007;28.63;13.1;
5539;2020-08-18 23:00:00;;;;;;37.47;15.88;730.7;0.0;54.0;4.0;0.007;28.0;11.9;
5540;2020-08-19 00:00:00;;;;;7.0;37.87;13.19;730.3;0.0;57.0;4.4;0.007;27.58;6.4;
5541;2020-08-19 01:00:00;;;;;7.0;56.3;14.36;729.9;0.0;60.0;4.5;0.007;26.8;7.4;
5542;2020-08-19 02:00:00;;;;;7.0;49.0;14.55;729.4;0.0;63.0;4.8;0.007;25.86;6.2;
5543;2020-08-19 03:00:00;;;;;6.0;53.83;14.73;729.3;0.0;65.0;5.1;0.007;25.83;6.8;
5544;2020-08-19 04:00:00;;;;;6.0;41.02;15.79;728.9;0.0;70.0;5.3;0.007;24.86;4.0;
5545;2020-08-19 05:00:00;;;;;6.0;50.07;14.95;728.9;0.0;72.0;5.6;0.007;24.37;3.4;
5546;2020-08-19 06:00:00;;;;;;38.1;14.75;729.1;0.0;73.0;5.9;0.007;24.04;3.3;
5547;2020-08-19 07:00:00;;;;;5.0;73.22;17.73;729.5;0.0;73.0;6.3;0.023;24.07;4.5;
5548;2020-08-19 08:00:00;0.16;;;;5.0;88.87;29.42;730.2;0.0;65.0;6.6;0.111;26.5;4.5;
5549;2020-08-19 09:00:00;0.2;;;;5.0;77.23;23.98;730.4;0.0;59.0;6.5;0.209;28.21;4.8;
5550;2020-08-19 10:00:00;;;;;;53.51;19.32;730.6;0.0;54.0;6.5;0.293;29.74;6.5;
5551;2020-08-19 11:00:00;;;;;6.0;56.99;19.69;730.5;0.0;53.0;6.1;0.346;29.94;11.1;
5552;2020-08-19 12:00:00;;;;;6.0;53.1;18.8;730.4;0.0;50.0;5.4;0.381;30.58;15.6;
5553;2020-08-19 13:00:00;;;;;6.0;44.83;16.14;730.1;0.0;48.0;4.5;0.392;31.1;15.5;
5554;2020-08-19 14:00:00;;;;;;51.5;17.4;729.8;0.0;45.0;3.9;0.565;32.14;10.6;
5555;2020-08-19 15:00:00;;;;;7.0;47.63;18.11;729.1;0.0;42.0;3.5;0.389;32.3;16.6;
5556;2020-08-19 16:00:00;;;;;7.0;46.7;17.65;728.6;0.0;40.0;3.3;0.408;32.69;15.5;
5557;2020-08-19 17:00:00;;;;;8.0;42.26;16.84;728.1;0.0;39.0;2.8;0.268;32.66;14.2;
5558;2020-08-19 18:00:00;;;;;8.0;35.83;16.78;727.9;0.0;42.0;2.6;0.141;32.08;14.2;
5559;2020-08-19 19:00:00;;;;;8.0;38.85;15.0;728.2;0.0;43.0;2.1;0.037;31.01;11.5;
5560;2020-08-19 20:00:00;;;;;;39.1;13.87;728.5;0.0;45.0;2.4;0.008;29.98;9.0;
5561;2020-08-19 21:00:00;;;;;;35.67;13.41;728.5;0.0;48.0;2.5;0.007;29.15;6.2;
5562;2020-08-19 22:00:00;;;;;7.0;50.98;16.71;728.8;0.0;57.0;3.0;0.007;27.88;4.8;
5563;2020-08-19 23:00:00;;;;;7.0;46.03;17.39;728.9;0.0;62.0;3.6;0.007;27.07;7.5;
5564;2020-08-20 00:00:00;;;;;7.0;42.24;17.02;728.8;0.0;66.0;4.1;0.007;26.27;3.8;
5565;2020-08-20 01:00:00;;;;;6.0;78.52;19.76;728.6;0.0;69.0;4.6;0.007;25.61;2.9;
5566;2020-08-20 02:00:00;;;;;6.0;49.19;19.4;728.3;0.0;72.0;5.1;0.007;24.81;2.9;
5567;2020-08-20 03:00:00;;;;;6.0;60.45;22.14;727.8;0.0;73.0;5.3;0.007;24.19;2.9;
5568;2020-08-20 04:00:00;;;;;;34.47;17.61;727.6;0.0;71.0;5.8;0.007;24.21;7.9;
5569;2020-08-20 05:00:00;;;;;;30.0;15.79;727.6;0.0;70.0;6.1;0.007;24.03;6.8;
5570;2020-08-20 06:00:00;;;;;5.0;35.25;16.53;727.8;0.0;70.0;6.4;0.007;23.69;6.8;
5571;2020-08-20 07:00:00;0.12;;;;5.0;52.47;20.8;728.0;0.0;63.0;6.5;0.021;24.61;9.2;
5572;2020-08-20 08:00:00;0.15;;;;5.0;66.15;20.44;728.6;0.0;53.0;6.9;0.136;26.92;12.1;
5573;2020-08-20 09:00:00;0.2;;;;;75.28;23.97;728.9;0.0;50.0;7.0;0.274;28.38;15.1;
5574;2020-08-20 10:00:00;0.17;;;;6.0;68.51;24.85;728.8;0.0;42.0;6.8;0.405;31.36;7.7;
5575;2020-08-20 11:00:00;;;;;6.0;65.79;24.95;728.7;0.0;40.0;6.2;0.502;32.62;10.4;
5576;2020-08-20 12:00:00;;;;;7.0;84.67;28.64;728.3;0.0;38.0;4.9;0.577;33.42;16.4;
5577;2020-08-20 13:00:00;;;;;7.0;60.41;19.58;727.9;0.0;32.0;3.6;0.603;34.5;19.1;
5578;2020-08-20 14:00:00;;;;;8.0;57.51;19.24;727.5;0.0;30.0;2.7;0.583;34.96;17.6;
5579;2020-08-20 15:00:00;;;;;8.0;45.68;16.25;727.2;0.0;27.0;2.1;0.532;35.56;13.2;
5580;2020-08-20 16:00:00;;;;;9.0;42.86;15.36;726.5;0.0;25.0;1.8;0.441;35.85;14.8;
5581;2020-08-20 17:00:00;;;;;10.0;43.34;15.67;726.1;0.0;25.0;1.9;0.317;35.81;15.0;
5582;2020-08-20 18:00:00;;;;;10.0;50.34;16.07;725.8;0.0;27.0;1.3;0.14;35.11;13.7;
5583;2020-08-20 19:00:00;;;;;10.0;40.29;15.58;725.7;0.0;29.0;1.1;0.026;33.4;12.4;
5584;2020-08-20 20:00:00;10.0;;;;;43.36;14.8;726.1;0.0;29.0;2.2;0.008;31.85;10.7;
5585;2020-08-20 21:00:00;;;;;;33.68;12.8;726.6;0.0;31.0;1.7;0.007;31.62;14.1;
5586;2020-08-20 22:00:00;;;;;9.0;31.67;12.51;727.0;0.0;33.0;2.0;0.007;31.27;15.1;
5587;2020-08-20 23:00:00;;;;;9.0;57.31;16.51;727.0;0.0;36.0;2.4;0.007;30.41;17.8;
5588;2020-08-21 00:00:00;;;;;8.0;36.56;15.29;726.6;0.0;38.0;2.9;0.007;29.96;12.0;
5589;2020-08-21 01:00:00;;;;;8.0;46.21;17.39;726.3;0.0;46.0;3.3;0.007;27.71;9.4;
5590;2020-08-21 02:00:00;;;;;7.0;61.11;23.75;726.3;0.0;58.0;3.7;0.007;25.87;6.7;
5591;2020-08-21 03:00:00;;;;;7.0;72.76;29.12;726.3;0.0;64.0;4.2;0.007;24.71;3.4;
5592;2020-08-21 04:00:00;;;;;6.0;91.45;39.99;726.2;0.0;68.0;4.7;0.007;23.94;3.3;
5593;2020-08-21 05:00:00;;;;;6.0;80.66;35.91;726.4;0.0;70.0;5.2;0.007;23.75;5.9;
5594;2020-08-21 06:00:00;;;;;6.0;50.64;24.14;726.7;0.0;73.0;5.7;0.007;23.46;3.2;
5595;2020-08-21 07:00:00;;;;;;69.05;27.47;726.9;0.0;74.0;6.0;0.021;23.47;2.9;
5596;2020-08-21 08:00:00;0.19;;;;5.0;92.43;33.29;727.0;0.0;61.0;6.6;0.128;27.28;4.8;
5597;2020-08-21 09:00:00;0.4;;;;5.0;105.47;40.9;727.4;0.0;57.0;6.9;0.26;28.75;7.6;
5598;2020-08-21 10:00:00;0.43;;;;6.0;114.78;46.48;727.7;0.0;54.0;6.5;0.386;29.83;5.2;
5599;2020-08-21 11:00:00;0.27;;;;6.0;105.27;44.7;727.7;0.0;48.0;5.9;0.483;31.12;5.2;
5600;2020-08-21 12:00:00;;;;;6.0;94.91;37.02;727.6;0.0;45.0;4.9;0.547;32.34;16.1;
5601;2020-08-21 13:00:00;;;;;7.0;96.09;28.92;727.3;0.0;40.0;3.7;0.577;33.5;20.6;
5602;2020-08-21 14:00:00;;;;;7.0;67.81;22.36;726.6;0.0;35.0;3.1;0.576;34.49;22.3;
5603;2020-08-21 15:00:00;;;;;8.0;49.16;18.98;725.5;0.0;32.0;2.5;0.428;35.13;19.6;
5604;2020-08-21 16:00:00;;;;;8.0;45.96;15.22;726.0;0.0;29.0;1.5;0.446;35.83;20.4;
5605;2020-08-21 17:00:00;;;;;9.0;41.32;14.79;726.1;0.0;30.0;1.1;0.306;35.84;19.6;
5606;2020-08-21 18:00:00;9.0;;;;9.0;54.28;18.39;725.8;0.0;33.0;1.0;0.132;35.06;17.2;
5607;2020-08-21 19:00:00;;;;;9.0;45.32;19.19;725.9;0.0;35.0;1.3;0.029;33.6;17.2;
5608;2020-08-21 20:00:00;;;;;;37.23;16.34;725.9;0.0;33.0;1.2;0.008;32.55;15.8;
5609;2020-08-21 21:00:00;;;;;;34.25;13.79;726.2;0.0;33.0;1.6;0.007;32.3;17.6;
5610;2020-08-21 22:00:00;;;;;;56.4;14.6;726.6;0.0;39.0;1.8;0.007;31.28;22.8;
5611;2020-08-21 23:00:00;;;;;8.0;70.12;13.83;726.6;0.0;48.0;2.2;0.007;29.74;25.2;
5612;2020-08-22 00:00:00;;;;;7.0;46.8;11.68;726.7;0.0;55.0;2.8;0.007;28.68;24.3;
5613;2020-08-22 01:00:00;;;;;7.0;33.69;10.29;726.9;0.0;60.0;3.4;0.007;27.36;21.9;
5614;2020-08-22 02:00:00;;;;;6.0;;;726.8;0.0;64.0;3.8;0.007;26.46;18.9;
5615;2020-08-22 03:00:00;;;;;6.0;;;726.7;0.0;68.0;4.1;0.007;25.38;17.1;
5616;2020-08-22 04:00:00;;;;;6.0;;;726.7;0.0;71.0;4.5;0.007;24.72;12.9;
5617;2020-08-22 05:00:00;;;;;;;;726.8;0.0;73.0;4.9;0.007;24.25;8.8;
5618;2020-08-22 06:00:00;;;;;5.0;;;727.0;0.0;78.0;5.2;0.007;23.6;8.4;
5619;2020-08-22 07:00:00;;;;;5.0;;;727.3;0.0;79.0;5.7;0.02;23.48;7.7;
5620;2020-08-22 08:00:00;;;;;5.0;;;727.7;0.0;78.0;6.1;0.11;24.61;6.7;
5621;2020-08-22 09:00:00;;;;;;;;728.1;0.0;69.0;6.2;0.237;26.82;6.5;
5622;2020-08-22 10:00:00;;;;;;;;728.4;0.0;65.0;6.0;0.362;28.17;9.0;
5623;2020-08-22 11:00:00;;;;;;;;728.1;0.0;62.0;5.4;0.468;29.27;10.2;
5624;2020-08-22 12:00:00;;;;;6.0;;;727.8;0.0;56.0;4.3;0.533;30.98;15.4;
5625;2020-08-22 13:00:00;;;;;6.0;;;727.8;0.0;47.0;3.7;0.568;32.61;21.2;
5626;2020-08-22 14:00:00;;;;;6.0;;;727.8;0.0;41.0;3.1;0.56;33.74;19.0;
5627;2020-08-22 15:00:00;8.0;;;;7.0;;;727.7;0.0;37.0;2.7;0.518;34.32;20.0;
5628;2020-08-22 16:00:00;;;;;8.0;;;727.5;0.0;33.0;2.2;0.418;35.12;16.9;
5629;2020-08-22 17:00:00;;;;;8.0;;;727.3;0.0;31.0;1.6;0.305;35.24;15.0;
5630;2020-08-22 18:00:00;;;;;8.0;;;726.8;0.0;32.0;1.2;0.129;34.21;16.5;
5631;2020-08-22 19:00:00;9.0;;;;9.0;;;726.9;0.0;34.0;1.9;0.029;32.8;15.7;
5632;2020-08-22 20:00:00;;;;;9.0;;;727.2;0.0;32.0;1.2;0.007;31.59;13.6;
5633;2020-08-22 21:00:00;;;;;9.0;;;727.5;0.0;37.0;1.6;0.007;31.07;14.6;
5634;2020-08-22 22:00:00;;;;;8.0;;;727.9;0.0;40.0;2.6;0.007;30.39;17.4;
5635;2020-08-22 23:00:00;;;;;8.0;;;728.4;0.0;50.0;3.5;0.007;28.8;21.1;
5636;2020-08-23 00:00:00;;;;;7.0;;;728.5;0.0;57.0;3.2;0.007;27.45;26.4;
5637;2020-08-23 01:00:00;;;;;6.0;41.65;9.82;728.5;0.0;64.0;3.8;0.007;26.61;22.1;
5638;2020-08-23 02:00:00;;;;;6.0;26.23;8.05;728.4;0.0;70.0;4.2;0.007;25.82;19.9;
5639;2020-08-23 03:00:00;;;;;6.0;28.37;8.71;728.5;0.0;75.0;4.7;0.007;25.2;15.9;
5640;2020-08-23 04:00:00;;;;;5.0;36.08;14.5;728.5;0.0;79.0;5.1;0.007;24.75;11.2;
5641;2020-08-23 05:00:00;;;;;5.0;25.81;9.55;728.6;0.0;80.0;5.4;0.007;24.42;9.9;
5642;2020-08-23 06:00:00;;;;;5.0;24.65;9.68;728.9;0.0;83.0;5.6;0.007;24.01;6.5;
5643;2020-08-23 07:00:00;;;;;;36.09;10.27;729.0;0.0;83.0;6.0;0.021;24.04;5.7;
5644;2020-08-23 08:00:00;;;;;;29.67;9.44;729.5;0.0;73.0;6.3;0.128;26.42;4.8;
5645;2020-08-23 09:00:00;;;;;;29.31;11.68;729.9;0.0;64.0;6.4;0.276;28.41;4.6;
5646;2020-08-23 10:00:00;;;;;;37.95;16.27;730.0;0.0;62.0;6.3;0.354;29.17;7.4;
5647;2020-08-23 11:00:00;;;;;;35.77;15.93;730.3;0.0;60.0;5.2;0.49;29.89;11.9;
5648;2020-08-23 12:00:00;;;;;;40.16;15.94;729.9;0.0;57.0;4.2;0.568;30.67;14.5;
5649;2020-08-23 13:00:00;;;;;6.0;38.04;15.62;729.2;0.0;51.0;3.6;0.612;31.89;15.2;
5650;2020-08-23 14:00:00;;;;;6.0;41.85;18.27;728.9;0.0;43.0;3.3;0.57;33.05;14.2;
5651;2020-08-23 15:00:00;;;;;7.0;48.59;17.72;728.9;0.0;40.0;2.6;0.491;33.42;17.3;
5652;2020-08-23 16:00:00;;;;;7.0;67.8;12.88;728.6;0.0;46.0;1.4;0.445;32.01;25.6;
5653;2020-08-23 17:00:00;;;;;7.0;38.87;10.51;728.6;0.0;45.0;1.1;0.223;31.24;21.8;
5654;2020-08-23 18:00:00;7.0;;;;;38.89;12.27;728.7;0.0;50.0;0.9;0.035;29.77;17.6;
5655;2020-08-23 19:00:00;;;;;;32.68;12.39;728.9;0.0;52.0;1.3;0.025;29.34;14.8;
5656;2020-08-23 20:00:00;;;;;;44.9;14.19;729.0;0.0;56.0;2.1;0.008;28.29;17.6;
5657;2020-08-23 21:00:00;;;;;;46.26;15.82;729.5;0.0;59.0;2.6;0.007;27.82;18.5;
5658;2020-08-23 22:00:00;;;;;;34.15;12.95;730.2;0.0;61.0;3.2;0.007;27.33;13.2;
5659;2020-08-23 23:00:00;;;;;;24.1;10.82;730.4;0.0;68.0;3.6;0.007;25.97;8.7;
5660;2020-08-24 00:00:00;;;;;6.0;23.96;10.95;730.2;0.0;74.0;4.0;0.007;25.11;6.4;353.0
5661;2020-08-24 01:00:00;;;;;6.0;19.82;10.33;729.7;0.0;77.0;4.4;0.007;24.19;6.1;352.0
5662;2020-08-24 02:00:00;;;;;6.0;38.12;11.61;729.6;0.0;76.0;5.0;0.007;24.26;16.4;352.0
5663;2020-08-24 03:00:00;;;;;5.0;26.89;10.8;728.9;0.0;79.0;5.1;0.007;23.53;6.8;352.0
5664;2020-08-24 04:00:00;;;;;5.0;21.94;10.07;729.1;0.0;79.0;5.7;0.007;23.38;5.8;
5665;2020-08-24 05:00:00;;;;;5.0;22.23;11.18;729.3;0.0;83.0;5.8;0.007;22.77;4.3;
5666;2020-08-24 06:00:00;;;;;;37.4;12.95;729.4;0.0;83.0;6.1;0.007;22.69;3.2;
5667;2020-08-24 07:00:00;;;;;;42.86;14.23;729.9;0.0;83.0;6.3;0.021;22.85;3.0;
5668;2020-08-24 08:00:00;0.21;;;;;44.21;16.1;730.3;0.0;70.0;6.4;0.12;25.95;3.8;
5669;2020-08-24 09:00:00;0.28;;;;;65.52;20.66;730.7;0.0;62.0;6.8;0.265;27.92;5.0;
5670;2020-08-24 10:00:00;0.05;;;;;39.3;14.2;731.1;0.0;59.0;6.6;0.368;28.38;9.8;
5671;2020-08-24 11:00:00;;;;;8.0;;;731.2;0.0;56.0;5.7;0.511;28.98;14.3;
5672;2020-08-24 12:00:00;0.14;;;;8.0;;;731.0;0.0;54.0;5.7;0.462;29.34;16.9;
5673;2020-08-24 13:00:00;0.54;;;;5.0;;;730.5;0.0;47.0;;0.51;30.53;16.2;
5674;2020-08-24 14:00:00;0.67;;;;5.0;32.18;11.83;730.3;0.0;41.0;;0.472;31.47;13.5;
5675;2020-08-24 15:00:00;0.72;;;;5.0;39.36;11.48;729.8;0.0;37.0;5.8;0.38;31.65;17.2;
5676;2020-08-24 16:00:00;0.76;;;;4.0;32.73;11.49;729.5;0.0;35.0;5.9;0.424;32.28;15.9;
5677;2020-08-24 17:00:00;0.81;;;;5.0;32.9;13.07;729.1;0.0;40.0;5.9;0.137;31.18;12.8;
5678;2020-08-24 18:00:00;0.86;;;;4.0;31.99;13.68;728.9;0.0;43.0;6.0;0.07;30.45;12.1;
5679;2020-08-24 19:00:00;0.85;;;;4.0;42.99;14.07;728.9;0.0;44.0;6.0;0.028;29.79;10.1;
5680;2020-08-24 20:00:00;0.89;;;;3.0;39.34;11.61;729.2;0.0;51.0;5.7;0.007;28.84;13.5;
5681;2020-08-24 21:00:00;0.92;;;;4.0;29.23;8.39;729.7;0.0;61.0;5.8;0.007;27.51;18.0;
5682;2020-08-24 22:00:00;0.89;;;;3.0;25.45;9.94;729.9;0.0;60.0;5.8;0.007;27.26;13.2;
5683;2020-08-24 23:00:00;0.9;;;;3.0;27.06;8.44;730.0;0.0;62.0;5.9;0.007;27.09;12.6;
5684;2020-08-25 00:00:00;0.9;;;;3.0;23.73;7.32;730.0;0.0;66.0;5.9;0.007;26.72;16.1;
5685;2020-08-25 01:00:00;0.9;;;;4.0;25.86;6.57;730.0;0.0;69.0;;0.007;26.14;15.6;
5686;2020-08-25 02:00:00;0.91;;;;4.0;23.33;6.19;729.7;0.0;72.0;;0.007;25.52;14.2;
5687;2020-08-25 03:00:00;0.91;;;;3.0;23.16;6.4;729.3;0.0;73.0;6.1;0.007;25.2;13.0;
5688;2020-08-25 04:00:00;0.92;;;;3.0;23.19;6.35;729.3;0.0;76.0;5.9;0.007;24.76;7.0;
5689;2020-08-25 05:00:00;0.94;;;;3.0;31.12;7.77;729.3;0.0;79.0;6.0;0.007;24.2;3.2;
5690;2020-08-25 06:00:00;0.98;;;;;31.55;9.86;729.2;0.0;81.0;6.1;0.007;23.49;3.0;
5691;2020-08-25 07:00:00;1.01;;;;;45.64;9.87;729.4;0.0;80.0;6.0;0.02;23.68;2.9;
5692;2020-08-25 08:00:00;1.17;;;;;42.55;11.98;729.9;0.0;69.0;6.2;0.121;26.66;4.0;
5693;2020-08-25 09:00:00;1.34;;;;;40.19;14.16;730.2;0.0;64.0;6.2;0.284;28.36;7.2;
5694;2020-08-25 10:00:00;1.17;;;;4.0;47.77;15.81;730.4;0.0;61.0;6.5;0.371;28.68;10.1;
5695;2020-08-25 11:00:00;1.07;;;;4.0;46.6;12.6;730.4;0.0;55.0;6.3;0.459;29.34;12.8;
5696;2020-08-25 12:00:00;1.01;;;;5.0;26.81;7.0;730.0;0.0;46.0;6.2;0.459;30.49;12.8;
5697;2020-08-25 13:00:00;1.0;;;;5.0;17.95;5.37;729.6;0.0;43.0;6.1;0.544;31.7;11.3;
5698;2020-08-25 14:00:00;1.01;;;;4.0;27.23;6.8;729.1;0.0;43.0;5.9;0.484;31.99;14.4;
5699;2020-08-25 15:00:00;1.04;;;;4.0;32.24;7.74;728.6;0.0;42.0;5.9;0.529;32.71;14.9;
5700;2020-08-25 16:00:00;1.06;;;;4.0;29.02;5.67;728.1;0.0;42.0;5.8;0.413;33.02;16.7;
5701;2020-08-25 17:00:00;1.05;;;;3.0;48.48;6.53;727.7;0.0;43.0;5.9;0.275;32.44;15.5;
5702;2020-08-25 18:00:00;1.08;;;;3.0;27.71;5.59;727.4;0.0;44.0;5.9;0.115;31.74;13.1;
5703;2020-08-25 19:00:00;1.07;;;;3.0;36.56;6.71;727.5;0.0;49.0;5.8;0.02;30.41;15.2;
5704;2020-08-25 20:00:00;1.1;;;;4.0;45.85;8.9;728.0;0.15;68.0;6.0;0.007;27.12;20.0;
5705;2020-08-25 21:00:00;1.1;;;;3.0;19.04;9.93;728.4;0.38;88.0;5.8;0.007;23.18;9.5;
5706;2020-08-25 22:00:00;1.11;;;;2.0;17.5;9.96;728.5;0.0;87.0;5.9;0.008;24.03;4.9;
5707;2020-08-25 23:00:00;1.13;;;;3.0;17.89;10.8;728.5;0.0;89.0;5.9;0.009;24.04;2.9;
5708;2020-08-26 00:00:00;1.14;;;;3.0;17.21;10.29;728.4;0.0;90.0;;0.012;24.03;3.0;
5709;2020-08-26 01:00:00;1.11;;;;2.0;17.46;9.21;728.1;0.0;88.0;;0.015;23.99;2.9;
5710;2020-08-26 02:00:00;1.12;;;;3.0;18.97;8.46;727.7;0.0;89.0;;0.014;24.23;2.9;
5711;2020-08-26 03:00:00;1.14;;;;3.0;16.85;8.02;727.3;0.0;85.0;5.8;0.011;23.93;2.9;
5712;2020-08-26 04:00:00;1.12;;;;2.0;16.86;7.7;727.0;0.0;86.0;6.0;0.01;23.39;;
5713;2020-08-26 05:00:00;1.14;;;;3.0;17.02;7.18;727.0;0.0;87.0;6.0;0.01;22.82;3.0;
5714;2020-08-26 06:00:00;1.17;;;;3.0;18.36;7.48;727.1;0.0;87.0;6.1;0.01;22.75;3.1;
5715;2020-08-26 07:00:00;1.33;;;;3.0;24.07;8.48;727.5;0.0;88.0;5.9;0.021;22.68;3.2;
5716;2020-08-26 08:00:00;;;;;;;;;;;;0.0;;;
5717;2020-08-26 09:00:00;1.53;;;;3.0;40.25;13.55;728.0;0.0;61.0;6.0;0.287;29.5;5.1;
5718;2020-08-26 10:00:00;1.79;;;;4.0;52.03;18.36;728.2;0.01;54.0;6.0;0.401;30.69;6.8;
5719;2020-08-26 11:00:00;1.4;;;;4.0;36.76;14.04;728.2;0.0;46.0;5.8;0.481;31.72;13.3;
5720;2020-08-26 12:00:00;1.24;;;;5.0;34.1;12.5;727.8;0.0;42.0;5.9;0.582;32.8;14.2;
5721;2020-08-26 13:00:00;1.16;;;;5.0;23.04;10.68;727.3;0.0;38.0;5.8;0.61;33.7;15.4;
5722;2020-08-26 14:00:00;1.16;;;;4.0;29.13;13.8;727.0;0.0;36.0;6.1;0.596;34.29;15.2;
5723;2020-08-26 15:00:00;1.19;;;;5.0;43.07;19.59;726.4;0.0;36.0;6.0;0.537;35.04;14.3;
5724;2020-08-26 16:00:00;1.21;;;;3.0;45.6;22.14;726.0;0.0;36.0;5.8;0.431;34.9;13.6;
5725;2020-08-26 17:00:00;1.21;;;;4.0;41.7;19.83;725.6;0.0;38.0;5.7;0.259;34.3;16.4;
5726;2020-08-26 18:00:00;1.22;;;;3.0;36.53;20.52;725.2;0.0;39.0;5.9;0.124;33.72;13.8;
5727;2020-08-26 19:00:00;1.2;;;;4.0;34.27;17.96;725.2;0.0;42.0;5.9;0.021;32.45;12.6;
5728;2020-08-26 20:00:00;1.21;;;;3.0;29.66;13.78;725.5;0.0;45.0;8.3;0.007;31.37;7.9;
5729;2020-08-26 21:00:00;1.24;;;;3.0;26.75;12.92;725.6;0.0;53.0;7.1;0.007;29.48;3.3;
5730;2020-08-26 22:00:00;1.31;;;;3.0;29.44;13.08;725.8;0.0;55.0;5.8;0.007;28.95;4.7;
5731;2020-08-26 23:00:00;1.28;;;;2.0;25.57;12.61;725.9;0.0;56.0;5.8;0.007;28.64;4.1;
5732;2020-08-27 00:00:00;1.26;;;;3.0;29.92;12.46;725.9;0.0;61.0;5.9;0.007;27.6;5.0;
5733;2020-08-27 01:00:00;1.26;;;;2.0;25.7;12.68;725.6;0.0;64.0;5.8;0.007;26.93;7.1;
5734;2020-08-27 02:00:00;1.23;;;;3.0;26.18;12.01;725.6;0.0;64.0;5.8;0.007;26.62;3.6;
5735;2020-08-27 03:00:00;1.27;;;;3.0;37.05;16.71;725.6;0.0;63.0;;0.007;26.64;6.0;
5736;2020-08-27 04:00:00;1.3;;;;3.0;38.08;18.34;725.5;0.0;71.0;5.4;0.007;25.38;3.9;
5737;2020-08-27 05:00:00;1.25;;;;;28.3;13.32;725.6;0.0;71.0;5.7;0.007;25.06;4.1;
5738;2020-08-27 06:00:00;1.28;;;;2.0;23.28;11.33;726.0;0.0;72.0;5.9;0.007;24.57;4.4;
5739;2020-08-27 07:00:00;1.42;;;;2.0;28.53;12.22;726.4;0.0;72.0;6.1;0.017;24.6;3.5;
5740;2020-08-27 08:00:00;1.59;;;;3.0;38.93;13.48;726.9;0.0;57.0;6.0;0.129;29.16;3.5;
5741;2020-08-27 09:00:00;1.93;;;;3.0;66.44;23.63;727.3;0.0;51.0;6.1;0.268;31.13;5.4;
5742;2020-08-27 10:00:00;1.93;;;;3.0;87.94;30.71;727.6;0.0;54.0;6.3;0.385;31.15;9.7;
5743;2020-08-27 11:00:00;1.63;;;;;69.46;23.62;727.7;0.0;51.0;6.1;0.483;32.01;13.3;
5744;2020-08-27 12:00:00;1.43;;;;6.0;49.74;18.63;727.4;0.0;43.0;6.1;0.57;33.6;18.1;
5745;2020-08-27 13:00:00;1.37;;;;4.0;31.98;13.15;727.1;0.0;38.0;6.2;0.599;34.58;20.2;
5746;2020-08-27 14:00:00;1.29;;;;5.0;29.09;11.86;726.8;0.0;36.0;5.8;0.59;35.14;20.7;
5747;2020-08-27 15:00:00;1.28;;;;4.0;25.4;10.01;726.3;0.0;36.0;6.0;0.49;35.85;18.2;
5748;2020-08-27 16:00:00;1.28;;;;3.0;25.41;9.37;725.8;0.0;36.0;6.1;0.306;35.54;18.8;
5749;2020-08-27 17:00:00;1.29;;;;3.0;23.59;9.43;725.5;0.0;37.0;5.9;0.159;35.12;15.9;
5750;2020-08-27 18:00:00;1.31;;;;3.0;24.49;10.35;725.2;0.0;38.0;5.8;0.06;34.04;13.0;
5751;2020-08-27 19:00:00;1.3;;;;;28.32;12.14;725.1;0.0;40.0;5.7;0.028;33.57;12.3;
5752;2020-08-27 20:00:00;1.29;;;;;27.41;11.73;725.3;0.0;42.0;5.7;0.007;32.91;13.1;
5753;2020-08-27 21:00:00;1.27;;;;4.0;21.22;10.12;725.6;0.0;40.0;5.8;0.007;32.89;12.6;
5754;2020-08-27 22:00:00;1.31;;;;4.0;32.26;12.11;726.0;0.0;42.0;6.0;0.007;32.38;15.4;
5755;2020-08-27 23:00:00;1.37;;;;3.0;46.83;15.43;726.3;0.0;53.0;5.8;0.007;30.37;18.4;
5756;2020-08-28 00:00:00;1.31;;;;3.0;35.15;13.48;726.3;0.0;57.0;6.0;0.007;29.34;17.6;
5757;2020-08-28 01:00:00;1.28;;;;3.0;25.28;11.37;726.3;0.0;60.0;5.6;0.007;28.56;12.5;
5758;2020-08-28 02:00:00;1.28;;;;;28.07;12.85;726.6;0.0;64.0;5.8;0.007;27.45;12.7;
5759;2020-08-28 03:00:00;1.3;;;;;46.28;22.97;726.6;0.0;72.0;6.0;0.007;26.36;10.8;
5760;2020-08-28 04:00:00;1.38;;;;2.0;39.27;19.58;726.6;0.0;78.0;6.0;0.007;25.46;7.1;
5761;2020-08-28 05:00:00;1.37;;;;3.0;47.38;23.89;726.6;0.0;80.0;5.9;0.007;25.01;6.4;
5762;2020-08-28 06:00:00;1.38;;;;3.0;51.15;25.22;726.9;0.0;82.0;5.8;0.007;24.68;3.5;
5763;2020-08-28 07:00:00;1.53;;;;3.0;54.32;25.7;727.0;0.0;84.0;6.0;0.018;24.4;3.4;
5764;2020-08-28 08:00:00;1.62;;;;;57.34;25.19;727.3;0.0;79.0;6.0;0.111;26.08;7.4;
5765;2020-08-28 09:00:00;1.64;;;;;57.59;29.7;727.7;0.0;73.0;5.9;0.245;27.82;7.9;
5766;2020-08-28 10:00:00;1.65;;;;;64.53;33.07;728.1;0.0;68.0;6.0;0.35;29.07;7.3;
5767;2020-08-28 11:00:00;1.58;;;;4.0;62.08;31.24;728.2;0.0;63.0;6.2;0.479;30.14;10.4;
5768;2020-08-28 12:00:00;1.49;;;;5.0;61.63;30.14;728.0;0.0;58.0;6.0;0.542;31.21;11.5;
5769;2020-08-28 13:00:00;1.51;;;;6.0;68.25;34.31;727.4;0.0;55.0;6.2;0.572;32.43;14.0;
5770;2020-08-28 14:00:00;1.46;;;;6.0;66.02;33.87;727.1;0.0;51.0;6.0;0.563;33.53;17.9;
5771;2020-08-28 15:00:00;1.4;;;;6.0;55.79;27.37;726.5;0.0;46.0;6.2;0.509;34.4;19.0;
5772;2020-08-28 16:00:00;1.39;;;;;45.31;24.2;726.0;0.0;43.0;6.1;0.402;34.84;19.8;
5773;2020-08-28 17:00:00;1.37;;;;5.0;41.17;22.73;725.9;0.0;42.0;5.7;0.243;34.93;16.6;
5774;2020-08-28 18:00:00;1.37;;;;5.0;32.18;18.81;725.5;0.0;42.0;6.0;0.114;34.84;13.4;
5775;2020-08-28 19:00:00;1.37;;;;3.0;32.55;18.59;725.5;0.0;44.0;5.9;0.023;33.65;9.9;
5776;2020-08-28 20:00:00;1.36;;;;4.0;34.1;16.75;725.5;0.0;42.0;5.8;0.007;32.96;13.0;
5777;2020-08-28 21:00:00;1.28;;;;3.0;23.91;13.85;726.0;0.0;39.0;5.9;0.007;32.9;8.3;
5778;2020-08-28 22:00:00;1.53;;;;3.0;53.49;21.63;726.6;0.0;47.0;5.8;0.007;31.27;12.4;
5779;2020-08-28 23:00:00;1.36;;;;3.0;32.65;15.65;727.1;0.0;53.0;5.9;0.007;30.02;23.4;
5780;2020-08-29 00:00:00;1.36;;;;;33.7;15.87;727.4;0.0;58.0;5.6;0.007;28.85;22.9;
5781;2020-08-29 01:00:00;1.35;;;;;29.08;15.03;727.3;0.0;64.0;5.8;0.007;27.86;14.7;
5782;2020-08-29 02:00:00;1.34;;;;;31.22;16.7;727.1;0.0;68.0;6.0;0.007;26.91;14.6;
5783;2020-08-29 03:00:00;1.36;;;;;28.42;17.94;726.8;0.0;73.0;6.1;0.007;26.04;12.8;
5784;2020-08-29 04:00:00;1.33;;;;;30.08;18.81;726.7;0.0;76.0;5.9;0.007;25.6;9.5;
5785;2020-08-29 05:00:00;1.34;;;;;30.92;19.31;726.6;0.0;79.0;5.7;0.007;25.0;4.6;
5786;2020-08-29 06:00:00;;;;;;;;;;;;0.0;;;
5787;2020-08-29 07:00:00;1.5;;;;3.0;45.31;23.28;727.0;0.0;87.0;6.0;0.013;24.57;3.4;
5788;2020-08-29 08:00:00;1.5;;;;2.0;44.94;26.03;727.6;0.0;84.0;6.1;0.028;25.23;2.9;
5789;2020-08-29 09:00:00;1.52;;;;3.0;49.8;25.89;728.0;0.0;80.0;6.3;0.142;26.3;4.7;
5790;2020-08-29 10:00:00;1.6;;;;3.0;55.63;32.72;728.1;0.0;67.0;6.4;0.391;29.59;7.4;
5791;2020-08-29 11:00:00;1.68;;;;4.0;65.25;35.32;728.2;0.0;65.0;6.2;0.413;29.8;10.8;
5792;2020-08-29 12:00:00;1.58;;;;4.0;61.79;34.16;728.0;0.0;60.0;6.2;0.566;30.94;12.7;
5793;2020-08-29 13:00:00;1.52;;;;6.0;58.32;30.97;727.5;0.0;56.0;;0.595;31.93;15.2;
5794;2020-08-29 14:00:00;1.47;;;;6.0;64.97;33.24;727.3;0.0;51.0;6.0;0.566;33.15;17.9;
5795;2020-08-29 15:00:00;1.46;;;;6.0;64.33;33.04;726.7;0.0;50.0;5.9;0.505;33.79;19.2;
5796;2020-08-29 16:00:00;1.43;;;;4.0;44.72;22.53;726.1;0.0;46.0;6.0;0.414;34.21;20.8;
5797;2020-08-29 17:00:00;1.43;;;;5.0;36.54;20.47;725.9;0.0;45.0;6.2;0.245;34.13;19.4;
5798;2020-08-29 18:00:00;1.41;;;;5.0;33.35;20.35;725.6;0.0;47.0;6.1;0.087;33.68;15.0;
5799;2020-08-29 19:00:00;1.42;;;;4.0;35.96;22.36;725.6;0.0;51.0;6.0;0.027;32.83;11.9;
5800;2020-08-29 20:00:00;1.44;;;;4.0;48.42;23.48;725.6;0.0;52.0;6.0;0.007;32.01;7.9;
5801;2020-08-29 21:00:00;1.49;;;;4.0;45.55;24.24;725.9;0.0;51.0;6.1;0.007;31.97;8.1;
5802;2020-08-29 22:00:00;1.5;;;;3.0;52.6;23.65;726.5;0.0;59.0;6.1;0.007;30.58;22.5;
5803;2020-08-29 23:00:00;1.43;;;;3.0;34.8;19.33;727.0;0.0;67.0;6.2;0.007;29.05;20.2;
5804;2020-08-30 00:00:00;1.4;;;;3.0;35.71;19.78;726.7;0.0;71.0;6.0;0.007;28.1;20.1;
5805;2020-08-30 01:00:00;1.4;;;;;37.83;20.19;726.4;0.0;74.0;5.9;0.007;27.29;14.9;
5806;2020-08-30 02:00:00;1.4;;;;;31.15;17.85;726.0;0.0;75.0;6.1;0.007;26.59;15.9;
5807;2020-08-30 03:00:00;1.38;;;;;29.38;16.65;725.5;0.0;78.0;6.2;0.007;25.88;12.8;
5808;2020-08-30 04:00:00;1.38;;;;;28.0;16.97;725.5;0.0;82.0;6.2;0.007;25.29;7.1;
5809;2020-08-30 05:00:00;1.46;;;;;34.89;17.8;725.6;0.0;85.0;5.8;0.007;24.77;2.9;
5810;2020-08-30 06:00:00;1.45;;;;;28.69;18.18;725.8;0.0;86.0;5.7;0.007;24.76;2.9;
5811;2020-08-30 07:00:00;1.43;;;;;37.05;19.79;725.9;0.0;85.0;6.0;0.02;24.87;2.9;
5812;2020-08-30 08:00:00;1.49;;;;;35.62;19.74;726.3;0.0;82.0;5.8;0.071;25.64;5.9;
5813;2020-08-30 09:00:00;1.55;;;;;34.12;21.04;726.4;0.0;78.0;5.7;0.17;26.55;7.8;
5814;2020-08-30 10:00:00;1.64;;;;4.0;48.49;28.99;726.6;0.0;70.0;5.7;0.259;28.26;6.8;
5815;2020-08-30 11:00:00;1.58;;;;4.0;45.81;29.31;726.7;0.0;64.0;5.9;0.47;29.73;10.0;
5816;2020-08-30 12:00:00;1.58;;;;5.0;45.66;29.59;726.3;0.0;59.0;6.1;0.561;31.24;11.0;
5817;2020-08-30 13:00:00;1.54;;;;5.0;50.3;29.52;725.7;0.0;55.0;6.0;0.584;32.35;15.3;
5818;2020-08-30 14:00:00;1.47;;;;6.0;45.61;26.49;725.2;0.0;50.0;5.9;0.571;33.17;18.5;
5819;2020-08-30 15:00:00;1.45;;;;6.0;49.2;27.8;724.6;0.0;47.0;6.0;0.508;34.06;18.2;
5820;2020-08-30 16:00:00;1.48;;;;6.0;40.29;22.19;724.1;0.0;43.0;6.0;0.413;34.9;17.7;
5821;2020-08-30 17:00:00;1.46;;;;4.0;34.53;18.6;723.7;0.0;42.0;;0.287;34.94;17.3;
5822;2020-08-30 18:00:00;1.44;;;;5.0;30.39;17.46;723.6;0.0;41.0;5.9;0.115;34.39;16.5;
5823;2020-08-30 19:00:00;1.42;;;;4.0;28.85;16.22;723.7;0.0;43.0;5.9;0.022;33.35;14.7;
5824;2020-08-30 20:00:00;1.44;;;;4.0;30.94;18.46;723.9;0.0;45.0;5.7;0.007;32.73;11.2;
5825;2020-08-30 21:00:00;1.47;;;;4.0;38.04;21.2;724.1;0.0;47.0;5.9;0.007;32.25;10.7;
5826;2020-08-30 22:00:00;1.4;;;;;26.83;17.12;724.4;0.0;45.0;5.9;0.007;32.12;11.0;
5827;2020-08-30 23:00:00;1.46;;;;;44.2;19.55;724.5;0.0;54.0;6.0;0.007;30.82;20.6;
5828;2020-08-31 00:00:00;1.42;;;;3.0;39.53;18.02;724.7;0.0;65.0;6.0;0.007;29.21;17.9;
5829;2020-08-31 01:00:00;1.45;;;;3.0;40.56;19.35;724.7;0.0;70.0;6.2;0.007;28.08;10.3;
5830;2020-08-31 02:00:00;1.42;;;;3.0;43.19;18.56;724.5;0.0;71.0;6.1;0.007;27.47;9.3;
5831;2020-08-31 03:00:00;1.42;;;;;39.15;22.24;724.4;0.0;73.0;6.0;0.007;26.79;9.1;
5832;2020-08-31 04:00:00;1.42;;;;;46.72;25.94;724.4;0.0;75.0;6.1;0.007;26.2;8.0;
5833;2020-08-31 05:00:00;1.46;;;;;36.29;20.52;724.5;0.0;78.0;6.2;0.007;25.57;11.1;
5834;2020-08-31 06:00:00;1.44;;;;;37.0;20.15;724.9;0.0;80.0;6.4;0.007;25.3;10.8;
5835;2020-08-31 07:00:00;1.57;;;;;62.27;23.4;725.4;0.0;81.0;6.4;0.023;25.02;8.8;
5836;2020-08-31 08:00:00;1.69;;;;;53.12;23.44;725.9;0.0;76.0;6.2;0.116;26.47;9.9;
5837;2020-08-31 09:00:00;1.64;;;;4.0;50.24;23.2;726.2;0.0;72.0;6.0;0.255;27.73;11.4;
5838;2020-08-31 10:00:00;1.66;;;;4.0;49.81;25.82;726.3;0.0;68.0;5.9;0.392;29.16;10.2;
5839;2020-08-31 11:00:00;1.6;;;;4.0;57.89;28.88;726.3;0.0;63.0;5.9;0.489;30.44;10.1;
5840;2020-08-31 12:00:00;1.58;;;;5.0;57.59;29.61;726.1;0.0;58.0;6.1;0.552;31.65;12.4;
5841;2020-08-31 13:00:00;1.58;;;;5.0;63.98;30.36;725.8;0.0;58.0;5.9;0.562;32.48;14.3;
5842;2020-08-31 14:00:00;1.63;;;;6.0;62.67;32.14;725.2;0.0;54.0;6.1;0.569;33.74;14.5;
5843;2020-08-31 15:00:00;1.6;;;;7.0;77.96;36.7;724.6;0.0;52.0;5.8;0.496;34.47;20.2;
5844;2020-08-31 16:00:00;1.58;;;;7.0;80.98;38.87;724.0;0.0;50.0;5.7;0.393;35.31;20.8;
5845;2020-08-31 17:00:00;1.57;;;;7.0;68.74;35.81;723.7;0.0;50.0;5.9;0.229;35.24;18.8;
5846;2020-08-31 18:00:00;1.56;;;;6.0;47.92;24.52;723.7;0.0;46.0;6.0;0.107;35.13;16.6;
5847;2020-08-31 19:00:00;1.52;;;;5.0;40.95;21.66;723.6;0.0;46.0;6.0;0.024;34.43;13.9;
5848;2020-08-31 20:00:00;1.51;;;;5.0;36.23;19.14;723.8;0.0;49.0;5.8;0.007;33.88;13.8;
5849;2020-08-31 21:00:00;1.52;;;;4.0;31.76;17.27;724.1;0.0;46.0;5.9;0.007;34.2;19.8;
5850;2020-08-31 22:00:00;1.54;;;;4.0;47.6;19.7;724.6;0.0;51.0;6.0;0.007;33.27;24.2;
5851;2020-08-31 23:00:00;1.49;;;;4.0;49.12;18.22;725.1;0.0;60.0;5.9;0.007;31.03;25.3;
5852;2020-09-01 00:00:00;;;;;;;;;;;;;;;
5853;2020-09-01 01:00:00;1.48;;;;4.0;39.62;16.06;725.2;0.0;67.0;6.0;0.007;29.15;19.2;352.0
5854;2020-09-01 02:00:00;1.46;;;;4.0;35.06;14.42;725.1;0.0;72.0;5.8;0.007;28.11;15.0;352.0
5855;2020-09-01 03:00:00;1.47;;;;3.0;;;725.1;0.0;75.0;5.9;0.007;27.11;12.7;352.0
5856;2020-09-01 04:00:00;1.53;;;;3.0;41.43;14.59;725.1;0.0;78.0;5.8;0.007;26.25;11.2;
5857;2020-09-01 05:00:00;1.48;;;;3.0;40.0;15.54;725.2;0.0;80.0;5.9;0.007;25.83;9.9;
5858;2020-09-01 06:00:00;1.49;;;;;37.64;15.14;725.7;0.0;82.0;5.9;0.007;25.65;7.6;
5859;2020-09-01 07:00:00;1.58;;;;;46.56;16.72;726.4;0.0;84.0;;0.018;25.52;5.9;
5860;2020-09-01 08:00:00;1.72;;;;;52.97;20.43;726.6;0.0;77.0;5.7;0.109;27.52;5.7;
5861;2020-09-01 09:00:00;1.76;;;;;74.57;26.58;726.7;0.0;73.0;6.0;0.252;28.8;9.4;
5862;2020-09-01 10:00:00;1.74;;;;4.0;70.48;28.32;727.0;0.0;69.0;5.9;0.374;30.03;10.5;
5863;2020-09-01 11:00:00;1.78;;;;5.0;70.51;30.48;727.0;0.0;63.0;6.0;0.487;31.66;13.0;
5864;2020-09-01 12:00:00;1.75;;;;4.0;87.76;35.48;726.8;0.0;59.0;6.1;0.55;32.82;17.7;
5865;2020-09-01 13:00:00;1.71;;;;6.0;81.64;36.48;726.5;0.0;56.0;5.9;0.574;34.42;18.6;
5866;2020-09-01 14:00:00;1.67;;;;7.0;68.26;32.74;726.1;0.0;52.0;5.8;0.558;35.76;20.0;
5867;2020-09-01 15:00:00;1.65;;;;7.0;62.15;28.04;725.6;0.0;47.0;5.8;0.439;36.78;20.0;
5868;2020-09-01 16:00:00;1.65;;;;7.0;54.32;26.85;724.9;0.0;44.0;;0.124;36.04;16.0;
5869;2020-09-01 17:00:00;1.57;;;;6.0;48.03;22.0;724.6;0.0;41.0;5.9;0.099;36.12;9.4;
5870;2020-09-01 18:00:00;1.61;;;;6.0;40.56;18.43;724.3;0.0;40.0;5.9;0.037;35.47;12.8;353.0
5871;2020-09-01 19:00:00;1.56;;;;6.0;39.9;18.33;724.1;0.0;41.0;6.0;0.017;35.2;21.5;
5872;2020-09-01 20:00:00;1.53;;;;5.0;33.09;16.67;724.5;0.0;41.0;6.1;0.007;35.0;18.2;
5873;2020-09-01 21:00:00;1.59;;;;4.0;38.0;16.38;725.1;0.0;45.0;5.9;0.007;32.93;6.5;
5874;2020-09-01 22:00:00;1.7;;;;4.0;54.28;20.81;726.0;0.0;50.0;6.2;0.007;31.72;12.6;
5875;2020-09-01 23:00:00;1.62;;;;4.0;80.5;30.92;727.3;0.0;52.0;5.9;0.007;31.52;19.9;
5876;2020-09-02 00:00:00;1.51;;;;;88.54;18.65;727.9;0.0;56.0;6.1;0.007;29.76;13.5;
5877;2020-09-02 01:00:00;1.5;;;;;78.55;18.21;728.0;0.0;61.0;6.1;0.007;28.5;9.1;
5878;2020-09-02 02:00:00;1.5;;;;;75.49;25.53;727.4;0.0;64.0;;0.007;28.37;20.0;
5879;2020-09-02 03:00:00;1.49;;;;;67.94;23.72;727.0;0.0;66.0;5.9;0.007;27.48;15.3;
5880;2020-09-02 04:00:00;1.48;;;;3.0;67.39;24.64;726.9;0.0;67.0;5.9;0.007;27.1;13.6;
5881;2020-09-02 05:00:00;1.48;;;;4.0;75.51;30.7;727.0;0.0;71.0;5.8;0.007;26.86;10.4;
5882;2020-09-02 06:00:00;1.5;;;;3.0;66.79;30.77;727.1;0.0;74.0;6.0;0.007;26.46;7.6;
5883;2020-09-02 07:00:00;1.55;;;;3.0;71.65;31.16;727.3;0.0;75.0;5.8;0.02;26.26;7.1;
5884;2020-09-02 08:00:00;1.63;;;;3.0;75.92;31.63;727.7;0.0;70.0;6.0;0.114;27.92;6.3;
5885;2020-09-02 09:00:00;1.73;;;;;81.68;33.91;728.2;0.0;62.0;6.0;0.253;30.32;6.7;
5886;2020-09-02 10:00:00;1.78;;;;4.0;102.49;39.42;728.9;0.0;62.0;5.9;0.337;30.17;12.1;
5887;2020-09-02 11:00:00;1.56;;;;4.0;80.43;35.17;728.9;0.0;61.0;6.0;0.415;30.51;10.1;
5888;2020-09-02 12:00:00;1.55;;;;5.0;67.71;31.13;728.8;0.0;56.0;6.1;0.508;31.85;13.3;
5889;2020-09-02 13:00:00;1.58;;;;6.0;68.16;32.78;728.3;0.0;49.0;5.8;0.624;33.97;12.0;
5890;2020-09-02 14:00:00;1.57;;;;6.0;66.21;32.31;727.9;0.0;46.0;5.8;0.424;34.58;9.7;
5891;2020-09-02 15:00:00;1.6;;;;6.0;76.22;34.07;727.1;0.0;51.0;6.0;0.119;33.45;13.6;
5892;2020-09-02 16:00:00;1.6;;;;5.0;78.95;34.75;726.6;0.0;53.0;5.8;0.078;32.96;12.0;
5893;2020-09-02 17:00:00;1.64;;;;5.0;75.05;33.36;726.5;0.0;54.0;6.0;0.104;32.81;15.1;
5894;2020-09-02 18:00:00;1.61;;;;5.0;75.28;35.01;726.7;0.0;54.0;5.9;0.075;32.69;11.1;
5895;2020-09-02 19:00:00;1.62;;;;4.0;71.21;35.01;726.9;0.0;55.0;5.9;0.019;32.09;8.2;
5896;2020-09-02 20:00:00;1.63;;;;4.0;85.43;36.47;727.0;0.0;58.0;;0.007;31.16;4.4;
5897;2020-09-02 21:00:00;1.72;;;;4.0;84.31;36.54;727.3;0.0;59.0;;0.007;30.98;6.5;
5898;2020-09-02 22:00:00;1.7;;;;3.0;73.78;35.61;727.8;0.0;61.0;;0.007;30.54;5.5;
5899;2020-09-02 23:00:00;1.57;;;;4.0;65.81;32.32;727.8;0.0;59.0;6.0;0.007;30.91;11.8;
5900;2020-09-03 00:00:00;1.54;;;;4.0;75.73;30.68;727.7;0.0;63.0;6.0;0.007;29.79;17.7;
5901;2020-09-03 01:00:00;1.53;;;;3.0;79.4;31.55;727.8;0.0;66.0;;0.007;28.68;12.8;
5902;2020-09-03 02:00:00;1.52;;;;3.0;80.39;31.55;727.6;0.0;68.0;6.1;0.007;27.92;10.7;
5903;2020-09-03 03:00:00;1.55;;;;3.0;88.68;33.51;727.4;0.0;72.0;6.1;0.007;27.11;11.8;
5904;2020-09-03 04:00:00;1.55;;;;;72.07;31.53;727.2;0.0;76.0;6.2;0.007;26.3;14.0;
5905;2020-09-03 05:00:00;1.56;;;;;76.96;31.56;727.2;0.0;79.0;5.9;0.007;25.58;11.6;
5906;2020-09-03 06:00:00;1.6;;;;;76.15;32.69;727.6;0.0;82.0;6.0;0.007;24.85;7.5;
5907;2020-09-03 07:00:00;1.62;;;;;82.97;33.44;728.2;0.0;83.0;6.0;0.022;24.68;3.3;
5908;2020-09-03 08:00:00;1.74;;;;;87.95;35.22;728.6;0.0;78.0;;0.105;26.29;3.2;
5909;2020-09-03 09:00:00;1.9;;;;;99.07;43.35;728.9;0.0;74.0;;0.169;27.53;6.3;
5910;2020-09-03 10:00:00;1.97;;;;;114.47;49.18;729.2;0.0;68.0;5.9;0.367;29.29;8.4;
5911;2020-09-03 11:00:00;1.97;;;;4.0;118.74;50.37;729.3;0.0;65.0;5.8;0.397;30.05;10.9;
5912;2020-09-03 12:00:00;1.82;;;;4.0;121.44;51.48;729.1;0.0;62.0;6.0;0.523;31.1;13.7;
5913;2020-09-03 13:00:00;1.76;;;;6.0;121.81;51.14;728.7;0.0;58.0;5.8;0.553;32.32;16.3;
5914;2020-09-03 14:00:00;1.73;;;;6.0;111.89;50.95;728.0;0.0;54.0;6.1;0.525;33.28;18.6;
5915;2020-09-03 15:00:00;1.66;;;;6.0;188.82;46.99;728.4;0.0;54.0;6.1;0.062;31.17;20.5;
5916;2020-09-03 16:00:00;1.61;;;;5.0;48.29;16.71;729.2;0.66;90.0;;0.021;22.21;28.3;
5917;2020-09-03 17:00:00;1.61;;;;4.0;21.14;13.07;728.1;0.0;73.0;;0.029;25.04;23.3;
5918;2020-09-03 18:00:00;1.67;;;;3.0;24.92;13.23;727.3;0.0;66.0;6.0;0.032;26.2;15.3;
5919;2020-09-03 19:00:00;1.87;;;;3.0;31.01;15.42;727.2;0.0;71.0;6.1;0.011;26.07;5.1;
5920;2020-09-03 20:00:00;1.84;;;;3.0;37.63;18.54;728.0;0.0;68.0;6.0;0.007;26.23;14.1;
5921;2020-09-03 21:00:00;;;;;;;;;;;;0.0;;;
5922;2020-09-03 22:00:00;1.95;;;;3.0;52.06;22.5;728.8;0.0;65.0;6.3;0.007;26.7;8.0;
5923;2020-09-03 23:00:00;;;;;;;;;;;;0.0;;;
5924;2020-09-04 00:00:00;1.99;;;;3.0;56.57;24.81;730.1;0.0;66.0;6.0;0.007;26.61;7.7;
5925;2020-09-04 01:00:00;1.72;;;;3.0;55.86;21.52;729.9;0.0;66.0;6.1;0.007;26.59;12.8;
5926;2020-09-04 02:00:00;1.61;;;;3.0;35.07;16.98;729.3;0.0;70.0;5.8;0.007;26.07;14.1;
5927;2020-09-04 03:00:00;1.6;;;;;44.22;21.28;729.3;0.0;73.0;5.6;0.007;25.35;11.3;
5928;2020-09-04 04:00:00;1.59;;;;;45.26;22.2;729.4;0.0;77.0;6.5;0.007;24.8;5.7;
5929;2020-09-04 05:00:00;1.6;;;;;41.2;20.99;729.6;0.0;78.0;6.0;0.007;24.59;3.3;
5930;2020-09-04 06:00:00;1.67;;;;;42.1;21.86;729.8;0.0;79.0;5.7;0.007;24.36;3.0;
5931;2020-09-04 07:00:00;1.71;;;;;37.52;17.28;730.3;0.0;78.0;5.6;0.014;24.68;8.2;
5932;2020-09-04 08:00:00;1.78;;;;;40.29;14.77;730.8;0.0;77.0;5.7;0.05;24.92;5.1;
5933;2020-09-04 09:00:00;1.84;;;;;44.61;16.46;731.3;0.0;74.0;5.7;0.099;25.77;7.9;
5934;2020-09-04 10:00:00;1.73;;;;;46.83;17.85;731.7;0.0;71.0;5.6;0.215;26.87;9.9;
5935;2020-09-04 11:00:00;1.67;;;;;51.38;20.39;731.9;0.0;70.0;5.8;0.227;27.71;10.6;
5936;2020-09-04 12:00:00;1.64;;;;4.0;52.62;26.68;731.7;0.0;66.0;5.4;0.391;28.91;14.1;
5937;2020-09-04 13:00:00;1.61;;;;4.0;51.31;28.36;731.4;0.0;60.0;5.6;0.497;30.41;17.0;
5938;2020-09-04 14:00:00;1.6;;;;5.0;48.77;28.44;730.9;0.0;54.0;5.8;0.594;31.9;19.0;
5939;2020-09-04 15:00:00;1.6;;;;5.0;37.73;20.4;730.3;0.0;48.0;5.7;0.525;32.75;19.7;
5940;2020-09-04 16:00:00;1.55;;;;3.0;35.11;17.8;729.8;0.0;41.0;5.7;0.352;33.29;18.7;
5941;2020-09-04 17:00:00;1.54;;;;4.0;37.58;16.68;729.6;0.0;40.0;5.8;0.209;33.17;15.0;
5942;2020-09-04 18:00:00;1.62;;;;4.0;38.93;15.12;729.9;0.0;42.0;5.9;0.072;32.24;9.2;
5943;2020-09-04 19:00:00;1.65;;;;3.0;68.68;17.33;730.5;0.09;64.0;5.8;0.015;27.92;20.8;
5944;2020-09-04 20:00:00;1.59;;;;3.0;27.32;10.49;731.3;0.0;64.0;5.8;0.007;27.47;16.5;
5945;2020-09-04 21:00:00;1.6;;;;3.0;29.63;11.6;732.1;0.03;75.0;;0.007;25.63;9.7;
5946;2020-09-04 22:00:00;1.67;;;;;23.68;11.15;732.8;0.0;81.0;5.7;0.007;24.62;5.7;
5947;2020-09-04 23:00:00;1.71;;;;;23.16;10.77;733.0;0.0;82.0;5.7;0.007;24.34;3.1;
5948;2020-09-05 00:00:00;1.66;;;;;33.5;13.49;733.0;0.0;77.0;5.6;0.007;24.67;8.9;
5949;2020-09-05 01:00:00;1.62;;;;;29.03;12.16;732.5;0.0;79.0;5.6;0.007;24.38;13.6;
5950;2020-09-05 02:00:00;1.58;;;;;24.55;10.38;732.2;0.0;80.0;5.7;0.007;23.87;6.8;
5951;2020-09-05 03:00:00;1.6;;;;;34.23;14.13;732.3;0.0;80.0;5.4;0.007;24.14;13.6;
5952;2020-09-05 04:00:00;1.6;;;;;36.9;15.08;732.6;0.0;79.0;5.6;0.007;24.23;6.8;
5953;2020-09-05 05:00:00;1.58;;;;;27.86;10.28;732.5;0.0;77.0;5.8;0.007;24.47;9.3;
5954;2020-09-05 06:00:00;1.56;;;;;23.69;9.74;732.8;0.02;79.0;5.7;0.007;24.24;8.5;
5955;2020-09-05 07:00:00;1.6;;;;;23.43;9.71;733.3;0.0;87.0;5.6;0.016;23.19;4.5;
5956;2020-09-05 08:00:00;1.65;;;;;25.85;10.01;733.9;0.0;86.0;5.6;0.044;23.79;10.9;
5957;2020-09-05 09:00:00;1.65;;;;;24.42;9.89;734.2;0.01;86.0;5.2;0.114;23.85;10.8;
5958;2020-09-05 10:00:00;1.68;;;;;34.75;13.75;734.6;0.0;78.0;5.3;0.141;25.31;6.8;
5959;2020-09-05 11:00:00;1.68;;;;;23.78;10.06;734.8;0.19;86.0;5.3;0.06;23.27;11.0;
5960;2020-09-05 12:00:00;1.64;;;;;12.82;5.88;734.9;0.65;91.0;5.4;0.087;21.88;16.5;
5961;2020-09-05 13:00:00;1.63;;;;;10.51;5.03;734.7;0.27;95.0;5.4;0.113;21.07;19.3;
5962;2020-09-05 14:00:00;1.66;;;;;11.54;5.02;734.6;0.02;94.0;5.3;0.162;21.55;16.3;
5963;2020-09-05 15:00:00;1.69;;;;;12.99;6.12;734.2;0.0;88.0;5.6;0.156;22.91;18.4;
5964;2020-09-05 16:00:00;1.64;;;;;14.24;6.94;733.8;0.12;86.0;5.4;0.089;23.24;17.1;
5965;2020-09-05 17:00:00;1.65;;;;;15.22;7.29;733.6;0.05;87.0;5.5;0.085;22.71;17.2;
5966;2020-09-05 18:00:00;1.63;;;;4.0;14.86;6.96;733.8;0.0;82.0;5.7;0.076;23.91;18.8;
5967;2020-09-05 19:00:00;1.65;;;;3.0;18.61;9.34;733.9;0.0;80.0;5.7;0.018;23.84;12.3;
5968;2020-09-05 20:00:00;1.73;;;;3.0;25.71;12.65;734.1;0.0;83.0;5.6;0.007;23.44;10.5;
5969;2020-09-05 21:00:00;1.67;;;;3.0;25.11;12.9;734.4;0.0;85.0;5.7;0.007;22.77;11.3;
5970;2020-09-05 22:00:00;1.68;;;;;23.3;11.7;734.9;0.0;85.0;5.7;0.007;22.44;8.7;
5971;2020-09-05 23:00:00;1.72;;;;;25.5;12.68;735.2;0.0;87.0;5.8;0.007;22.25;4.7;
5972;2020-09-06 00:00:00;1.66;;;;;24.78;11.62;735.0;0.0;88.0;5.8;0.007;22.1;8.4;
5973;2020-09-06 01:00:00;1.64;;;;;16.57;8.0;734.8;0.02;92.0;5.9;0.008;21.55;4.8;
5974;2020-09-06 02:00:00;1.63;;;;;12.75;6.86;734.5;0.1;94.0;5.9;0.007;21.5;7.4;
5975;2020-09-06 03:00:00;1.63;;;;;10.72;5.34;734.1;0.02;94.0;5.6;0.007;21.44;6.8;
5976;2020-09-06 04:00:00;1.63;;;;;9.58;4.93;734.0;0.08;95.0;5.7;0.007;21.24;6.2;
5977;2020-09-06 05:00:00;1.65;;;;;10.32;4.64;733.8;0.0;95.0;5.8;0.007;21.19;2.9;
5978;2020-09-06 06:00:00;1.66;;;;;10.85;5.16;733.9;0.0;96.0;5.9;0.007;21.3;4.0;
5979;2020-09-06 07:00:00;1.66;;;;;13.21;6.45;734.1;0.19;96.0;5.9;0.009;21.32;8.0;
5980;2020-09-06 08:00:00;1.62;;;;;9.54;4.44;734.4;0.06;96.0;5.8;0.033;20.95;8.4;
5981;2020-09-06 09:00:00;1.66;;;;;9.09;4.39;734.7;0.01;96.0;6.0;0.069;21.34;3.4;
5982;2020-09-06 10:00:00;1.64;;;;;9.4;4.19;734.9;0.0;95.0;5.9;0.078;21.65;4.2;
5983;2020-09-06 11:00:00;1.67;;;;;13.62;7.85;735.0;0.01;95.0;5.7;0.067;21.62;9.0;
5984;2020-09-06 12:00:00;1.66;;;;;9.36;4.31;734.8;0.03;95.0;5.8;0.087;21.4;12.7;
5985;2020-09-06 13:00:00;1.67;;;;;13.47;6.21;734.4;0.03;94.0;5.7;0.106;21.48;8.9;
5986;2020-09-06 14:00:00;1.67;;;;;14.18;7.38;733.6;0.0;88.0;5.7;0.184;22.87;7.0;
5987;2020-09-06 15:00:00;1.69;;;;;14.21;7.49;732.9;0.0;84.0;5.6;0.191;23.96;13.0;
5988;2020-09-06 16:00:00;1.69;;;;4.0;19.69;10.56;732.3;0.0;81.0;5.7;0.14;24.4;7.8;
5989;2020-09-06 17:00:00;1.69;;;;3.0;24.48;13.99;732.3;0.0;80.0;5.6;0.131;24.6;15.1;
5990;2020-09-06 18:00:00;1.67;;;;4.0;25.68;13.98;731.9;0.0;78.0;5.7;0.077;24.68;15.6;
5991;2020-09-06 19:00:00;1.65;;;;3.0;23.15;11.63;731.9;0.0;78.0;5.8;0.022;24.29;10.5;
5992;2020-09-06 20:00:00;1.73;;;;3.0;29.51;14.52;731.9;0.0;81.0;5.7;0.007;23.81;7.6;
5993;2020-09-06 21:00:00;1.71;;;;3.0;25.57;12.24;732.2;0.0;81.0;5.8;0.007;23.85;11.0;
5994;2020-09-06 22:00:00;1.7;;;;;25.56;12.7;732.4;0.0;82.0;6.0;0.007;23.67;7.0;
5995;2020-09-06 23:00:00;1.69;;;;;25.54;13.86;732.0;0.0;86.0;5.7;0.007;23.13;3.0;
5996;2020-09-07 00:00:00;1.7;;;;;24.08;13.79;731.6;0.0;88.0;5.9;0.007;22.86;4.4;
5997;2020-09-07 01:00:00;1.65;;;;;18.01;8.86;731.0;0.0;88.0;5.8;0.007;22.54;3.6;
5998;2020-09-07 02:00:00;1.63;;;;;13.8;6.61;730.5;0.0;88.0;5.9;0.007;22.43;3.1;
5999;2020-09-07 03:00:00;1.64;;;;;15.52;6.72;730.4;0.0;89.0;5.8;0.007;22.37;2.9;
6000;2020-09-07 04:00:00;1.63;;;;;15.11;6.32;730.1;0.0;86.0;6.0;0.007;22.76;9.5;
6001;2020-09-07 05:00:00;1.63;;;;;18.1;6.99;729.8;0.0;86.0;5.9;0.007;22.68;4.4;
6002;2020-09-07 06:00:00;1.65;;;;;17.54;7.31;729.7;0.0;89.0;5.8;0.007;22.22;3.2;
6003;2020-09-07 07:00:00;1.77;;;;;27.98;9.19;729.9;0.0;89.0;6.0;0.012;22.3;3.2;
6004;2020-09-07 08:00:00;1.92;;;;;47.1;12.79;730.0;0.0;89.0;6.1;0.043;22.66;5.2;
6005;2020-09-07 09:00:00;1.86;;;;;39.1;12.48;730.0;0.0;87.0;5.9;0.11;23.19;8.9;
6006;2020-09-07 10:00:00;1.76;;;;4.0;24.56;8.48;730.3;0.0;81.0;6.2;0.192;24.28;11.3;
6007;2020-09-07 11:00:00;1.69;;;;3.0;25.99;9.39;730.1;0.0;78.0;5.9;0.188;24.77;8.0;
6008;2020-09-07 12:00:00;1.67;;;;3.0;22.44;8.19;729.5;0.0;70.0;6.0;0.312;26.78;10.6;
6009;2020-09-07 13:00:00;1.67;;;;4.0;18.71;6.85;728.8;0.0;65.0;5.9;0.503;28.06;12.4;
6010;2020-09-07 14:00:00;1.66;;;;4.0;13.88;5.34;727.9;0.0;59.0;6.0;0.477;28.97;17.8;
6011;2020-09-07 15:00:00;1.64;;;;4.0;14.95;5.41;727.2;0.0;58.0;6.0;0.433;29.55;18.3;
6012;2020-09-07 16:00:00;1.62;;;;;14.5;5.29;726.5;0.0;61.0;5.8;0.193;28.91;14.9;
6013;2020-09-07 17:00:00;1.61;;;;3.0;14.76;5.23;726.3;0.0;61.0;5.9;0.072;28.29;12.5;
6014;2020-09-07 18:00:00;1.66;;;;4.0;16.4;5.68;726.2;0.0;64.0;5.8;0.043;27.87;6.9;
6015;2020-09-07 19:00:00;1.66;;;;4.0;17.21;6.14;725.9;0.0;64.0;5.9;0.013;27.65;7.2;
6016;2020-09-07 20:00:00;1.7;;;;3.0;19.04;7.05;725.9;0.0;66.0;5.8;0.007;27.39;9.3;
6017;2020-09-07 21:00:00;1.82;;;;3.0;19.93;7.95;726.3;0.0;76.0;5.9;0.007;25.97;5.7;
6018;2020-09-07 22:00:00;1.73;;;;3.0;17.65;6.99;726.5;0.0;77.0;5.8;0.007;25.44;5.9;
6019;2020-09-07 23:00:00;1.83;;;;;36.94;10.67;726.3;0.0;76.0;6.0;0.007;25.5;7.1;
6020;2020-09-08 00:00:00;1.79;;;;;40.74;12.06;726.0;0.0;77.0;5.9;0.007;25.47;10.3;
6021;2020-09-08 01:00:00;1.65;;;;;24.11;8.88;725.6;0.0;80.0;6.1;0.007;25.05;9.4;
6022;2020-09-08 02:00:00;1.62;;;;;25.63;10.69;725.5;0.0;87.0;6.0;0.007;24.23;11.9;
6023;2020-09-08 03:00:00;1.63;;;;;25.8;11.01;725.4;0.0;89.0;6.0;0.007;23.86;7.4;
6024;2020-09-08 04:00:00;1.59;;;;;26.65;11.47;725.2;0.0;89.0;5.8;0.007;23.61;4.1;
6025;2020-09-08 05:00:00;1.62;;;;;31.93;14.52;725.2;0.0;90.0;5.9;0.007;23.48;3.3;
6026;2020-09-08 06:00:00;1.66;;;;;35.12;15.77;725.2;0.0;90.0;5.7;0.007;23.51;4.0;
6027;2020-09-08 07:00:00;1.71;;;;;38.31;18.44;725.4;0.0;90.0;6.0;0.014;23.32;5.7;
6028;2020-09-08 08:00:00;1.76;;;;;33.38;16.53;725.5;0.0;90.0;5.9;0.048;23.39;5.2;
6029;2020-09-08 09:00:00;1.74;;;;4.0;38.56;18.6;725.8;0.0;89.0;5.8;0.123;23.81;11.0;
6030;2020-09-08 10:00:00;1.73;;;;3.0;30.01;14.59;726.0;0.0;83.0;6.0;0.331;25.36;14.0;
6031;2020-09-08 11:00:00;1.76;;;;4.0;39.43;18.14;726.2;0.0;76.0;6.1;0.424;27.03;12.8;
6032;2020-09-08 12:00:00;1.78;;;;4.0;41.69;21.95;725.9;0.0;69.0;6.1;0.505;28.45;13.7;
6033;2020-09-08 13:00:00;1.76;;;;4.0;45.66;20.83;725.6;0.0;70.0;6.2;0.495;28.47;16.0;
6034;2020-09-08 14:00:00;1.74;;;;5.0;43.23;20.26;725.2;0.0;70.0;6.1;0.307;28.55;14.2;
6035;2020-09-08 15:00:00;1.74;;;;4.0;37.46;18.12;724.7;0.02;77.0;6.1;0.12;27.3;11.1;
6036;2020-09-08 16:00:00;1.8;;;;4.0;32.06;18.7;724.3;0.02;79.0;6.2;0.145;27.42;4.2;
6037;2020-09-08 17:00:00;1.84;;;;4.0;36.06;21.25;724.1;0.0;72.0;6.3;0.181;28.79;5.7;
6038;2020-09-08 18:00:00;1.73;;;;;22.67;12.67;724.0;0.0;65.0;6.2;0.092;29.08;11.9;
6039;2020-09-08 19:00:00;1.82;;;;3.0;29.87;16.04;723.8;0.0;70.0;6.1;0.013;27.93;7.2;
6040;2020-09-08 20:00:00;1.97;;;;4.0;40.1;18.26;724.5;0.0;72.0;6.0;0.007;27.54;12.9;
6041;2020-09-08 21:00:00;1.84;;;;3.0;34.33;16.69;725.0;0.0;70.0;6.0;0.007;27.39;9.5;
6042;2020-09-08 22:00:00;1.81;;;;3.0;29.51;15.46;725.2;0.0;70.0;6.2;0.007;27.07;13.2;
6043;2020-09-08 23:00:00;1.65;;;;3.0;24.03;12.73;725.4;0.0;74.0;5.9;0.007;26.65;23.3;
6044;2020-09-09 00:00:00;1.63;;;;;24.25;12.54;725.3;0.0;78.0;5.9;0.007;25.81;25.8;
6045;2020-09-09 01:00:00;1.63;;;;;25.31;13.11;725.1;0.0;81.0;6.0;0.007;25.19;22.1;
6046;2020-09-09 02:00:00;1.61;;;;;30.43;16.95;724.9;0.0;83.0;5.9;0.007;24.59;17.3;
6047;2020-09-09 03:00:00;1.6;;;;;30.38;16.86;724.8;0.0;83.0;6.0;0.007;24.15;18.6;
6048;2020-09-09 04:00:00;1.61;;;;;26.99;14.96;725.0;0.0;83.0;6.0;0.007;23.78;17.4;
6049;2020-09-09 05:00:00;1.61;;;;;29.08;14.24;725.1;0.0;83.0;5.9;0.007;23.59;16.0;
6050;2020-09-09 06:00:00;1.64;;;;;31.35;14.42;725.5;0.0;83.0;5.8;0.007;23.41;13.5;
6051;2020-09-09 07:00:00;1.64;;;;;34.43;15.71;726.0;0.0;84.0;6.0;0.01;23.32;11.1;
6052;2020-09-09 08:00:00;1.75;;;;;46.52;18.0;726.6;0.0;84.0;6.2;0.042;23.36;13.4;
6053;2020-09-09 09:00:00;1.8;;;;;50.33;20.42;727.0;0.0;83.0;6.1;0.068;23.75;10.9;
6054;2020-09-09 10:00:00;1.88;;;;;57.03;22.94;727.5;0.0;79.0;6.4;0.187;25.0;9.1;
6055;2020-09-09 11:00:00;1.81;;;;4.0;52.23;23.31;728.0;0.0;72.0;6.0;0.42;26.8;10.1;
6056;2020-09-09 12:00:00;1.79;;;;4.0;52.44;26.14;728.2;0.0;68.0;5.9;0.359;27.79;11.1;
6057;2020-09-09 13:00:00;1.79;;;;4.0;57.17;29.22;728.2;0.0;66.0;6.0;0.483;28.72;11.4;
6058;2020-09-09 14:00:00;1.81;;;;;59.2;31.65;728.1;0.0;65.0;6.0;0.282;28.89;8.5;
6059;2020-09-09 15:00:00;1.85;;;;;65.13;34.05;727.7;0.0;67.0;6.3;0.096;28.09;6.2;
6060;2020-09-09 16:00:00;1.84;;;;;63.67;34.43;727.4;0.0;64.0;6.1;0.136;28.93;4.3;
6061;2020-09-09 17:00:00;1.87;;;;;63.65;35.87;727.4;0.0;65.0;6.2;0.094;28.51;4.3;
6062;2020-09-09 18:00:00;1.95;;;;;60.34;34.07;727.9;0.0;64.0;5.9;0.076;28.69;9.8;
6063;2020-09-09 19:00:00;1.93;;;;;61.51;28.76;728.5;0.58;75.0;5.8;0.011;27.03;8.3;
6064;2020-09-09 20:00:00;1.83;;;;3.0;23.15;13.0;729.5;0.62;94.0;5.9;0.007;23.02;7.6;
6065;2020-09-09 21:00:00;1.82;;;;3.0;17.74;10.12;730.5;0.23;95.0;5.9;0.007;21.91;6.3;
6066;2020-09-09 22:00:00;1.8;;;;3.0;16.05;8.48;731.5;0.32;96.0;;0.007;21.27;4.3;
6067;2020-09-09 23:00:00;1.77;;;;;11.73;6.35;732.3;0.08;96.0;;0.007;19.98;5.8;
6068;2020-09-10 00:00:00;1.78;;;;;10.4;5.08;732.3;0.11;96.0;6.0;0.007;19.35;3.8;351.0
6069;2020-09-10 01:00:00;1.77;;;;;10.68;5.24;732.3;0.1;97.0;5.9;0.007;19.36;2.9;352.0
6070;2020-09-10 02:00:00;1.74;;;;;10.24;5.17;732.1;0.08;97.0;5.9;0.007;18.78;3.9;351.0
6071;2020-09-10 03:00:00;1.72;;;;;9.13;4.77;732.1;0.04;97.0;;0.007;18.11;3.0;351.0
6072;2020-09-10 04:00:00;1.7;;;;;10.53;5.69;732.3;0.05;97.0;5.8;0.007;17.64;4.5;351.0
6073;2020-09-10 05:00:00;1.67;;;;;9.48;5.11;732.6;0.02;97.0;6.0;0.007;17.34;4.5;
6074;2020-09-10 06:00:00;1.68;;;;2.0;8.1;4.07;732.9;0.04;97.0;5.8;0.007;17.06;4.0;
6075;2020-09-10 07:00:00;1.69;;;;3.0;7.03;3.5;733.1;0.01;97.0;5.8;0.01;17.01;3.7;
6076;2020-09-10 08:00:00;;;;;;;;;;;;;;;
6077;2020-09-10 09:00:00;;;;;;;;;;;;;;;
6078;2020-09-10 10:00:00;0.65;;;;1.0;;;733.1;0.0;97.0;3.0;0.064;16.77;6.1;355.0
6079;2020-09-10 11:00:00;;;;;;;;;;;;;;;
6080;2020-09-10 12:00:00;;;;;;;;;;;;;;;
6081;2020-09-10 13:00:00;;;;;;;;;;;;;;;
6082;2020-09-10 14:00:00;;;;;;;;;;;;;;;
6083;2020-09-10 15:00:00;;;;;;;;;;;;;;;
6084;2020-09-10 16:00:00;;;;;;;;;;;;;;;
6085;2020-09-10 17:00:00;;;;;;;;;;;;;;;
6086;2020-09-10 18:00:00;;;;;;;;;;;;;;;
6087;2020-09-10 19:00:00;;;;;;;;;;;;;;;
6088;2020-09-10 20:00:00;;;;;;;;;;;;;;;
6089;2020-09-10 21:00:00;;;;;;;;;;;;;;;
6090;2020-09-10 22:00:00;;;;;;;;;;;;;;;
6091;2020-09-10 23:00:00;;;;;;;;;;;;;;;
6092;2020-09-11 00:00:00;;;;;;;;;;;;;;;
6093;2020-09-11 01:00:00;;;;;;;;;;;;;;;
6094;2020-09-11 02:00:00;;;;;;;;;;;;;;;
6095;2020-09-11 03:00:00;;;;;;;;;;;;;;;
6096;2020-09-11 04:00:00;;;;;;;;;;;;;;;
6097;2020-09-11 05:00:00;;;;;;;;;;;;;;;
6098;2020-09-11 06:00:00;;;;;;;;;;;;;;;
6099;2020-09-11 07:00:00;;;;;;;;;;;;;;;
6100;2020-09-11 08:00:00;;;;;;;;;;;;;;;
6101;2020-09-11 09:00:00;;;;;;;;;;;;;;;
6102;2020-09-11 10:00:00;;;;;;;;;;;;;;;
6103;2020-09-11 11:00:00;;;;;;;;;;;;;;;
6104;2020-09-11 12:00:00;;;;;;;;;;;;;;;
6105;2020-09-11 13:00:00;;;;;;;;;;;;;;;
6106;2020-09-11 14:00:00;;;;;;;;;;;;;;;
6107;2020-09-11 15:00:00;;;;;;;;;;;;;;;
6108;2020-09-11 16:00:00;;;;;;;;;;;;;;;
6109;2020-09-11 17:00:00;;;;;;;;;;;;;;;
6110;2020-09-11 18:00:00;;;;;;;;;;;;;;;
6111;2020-09-11 19:00:00;2.81;;;;2.0;46.65;27.81;729.7;0.0;83.0;7.7;0.011;21.56;7.5;352.0
6112;2020-09-11 20:00:00;2.3;;;;3.0;46.79;23.99;730.0;0.0;83.0;4.5;0.007;21.62;6.2;352.0
6113;2020-09-11 21:00:00;2.23;;;;2.0;38.64;15.62;730.3;0.0;85.0;5.0;0.007;21.68;9.8;352.0
6114;2020-09-11 22:00:00;2.22;;;;3.0;47.01;22.25;730.7;0.0;88.0;5.0;0.007;21.42;4.1;
6115;2020-09-11 23:00:00;2.19;;;;2.0;33.41;17.23;730.6;0.0;84.0;5.2;0.007;21.38;3.2;
6116;2020-09-12 00:00:00;2.19;;;;2.0;45.59;19.89;730.4;0.0;88.0;5.3;0.007;21.25;4.2;
6117;2020-09-12 01:00:00;2.17;;;;3.0;44.77;21.21;730.2;0.0;90.0;5.5;0.007;21.06;2.9;
6118;2020-09-12 02:00:00;2.16;;;;3.0;41.11;21.17;729.8;0.0;90.0;5.6;0.007;21.02;2.9;
6119;2020-09-12 03:00:00;2.17;;;;3.0;39.36;20.16;729.2;0.0;92.0;5.7;0.007;20.57;2.9;
6120;2020-09-12 04:00:00;2.17;;;;;40.4;19.52;728.9;0.0;94.0;5.6;0.007;20.16;;
6121;2020-09-12 05:00:00;2.16;;;;;40.38;19.01;728.9;0.0;92.0;5.7;0.007;20.27;;351.0
6122;2020-09-12 06:00:00;2.17;;;;;39.54;19.87;728.9;0.0;94.0;5.8;0.007;20.01;;351.0
6123;2020-09-12 07:00:00;2.17;;;;;39.22;19.17;729.1;0.0;93.0;6.0;0.011;20.48;;351.0
6124;2020-09-12 08:00:00;2.23;;;;;47.56;20.81;729.3;0.0;89.0;5.7;0.041;21.25;3.0;
6125;2020-09-12 09:00:00;2.31;;;;;57.58;23.56;729.7;0.0;84.0;5.9;0.055;22.03;2.9;
6126;2020-09-12 10:00:00;2.3;;;;;53.46;22.96;730.0;0.0;77.0;6.1;0.146;23.46;3.4;
6127;2020-09-12 11:00:00;2.19;;;;4.0;47.65;18.99;729.9;0.0;73.0;5.7;0.249;24.95;5.5;352.0
6128;2020-09-12 12:00:00;2.22;;;;3.0;56.75;25.41;729.5;0.0;71.0;5.9;0.176;25.22;7.2;352.0
6129;2020-09-12 13:00:00;2.14;;;;3.0;52.74;24.36;728.9;0.0;70.0;5.5;0.291;26.03;11.4;352.0
6130;2020-09-12 14:00:00;2.08;;;;4.0;45.77;24.0;728.5;0.0;65.0;5.6;0.453;27.29;13.5;
6131;2020-09-12 15:00:00;1.98;;;;4.0;35.79;25.57;727.9;0.0;61.0;5.6;0.467;28.36;13.2;
6132;2020-09-12 16:00:00;1.94;;;;4.0;38.72;29.63;727.4;0.0;62.0;;0.279;28.03;14.1;
6133;2020-09-12 17:00:00;1.89;;;;;43.84;33.31;727.0;0.0;65.0;5.8;0.079;26.89;13.6;
6134;2020-09-12 18:00:00;1.92;;;;3.0;46.68;33.97;726.9;0.0;66.0;5.6;0.048;26.6;13.1;
6135;2020-09-12 19:00:00;1.9;;;;3.0;40.37;29.7;727.1;0.0;66.0;5.5;0.014;26.1;13.2;
6136;2020-09-12 20:00:00;1.93;;;;3.0;36.46;22.93;727.4;0.0;67.0;5.6;0.007;25.42;8.0;
6137;2020-09-12 21:00:00;2.04;;;;;43.64;29.35;727.9;0.0;75.0;5.7;0.007;24.07;6.2;
6138;2020-09-12 22:00:00;2.04;;;;;36.82;24.76;728.4;0.0;80.0;5.6;0.007;22.77;3.4;
6139;2020-09-12 23:00:00;2.08;;;;;37.12;21.89;728.5;0.0;84.0;5.6;0.007;21.85;2.9;
6140;2020-09-13 00:00:00;2.06;;;;;28.23;15.87;728.4;0.0;84.0;;0.007;21.44;3.6;
6141;2020-09-13 01:00:00;2.07;;;;;26.66;14.36;728.2;0.0;85.0;;0.007;21.13;2.9;
6142;2020-09-13 02:00:00;2.05;;;;;26.63;14.35;728.1;0.0;86.0;;0.007;20.91;2.9;
6143;2020-09-13 03:00:00;2.03;;;;;28.03;15.7;727.8;0.0;88.0;;0.007;20.68;3.1;
6144;2020-09-13 04:00:00;2.04;;;;;29.07;16.63;727.5;0.0;89.0;5.8;0.007;20.62;3.4;
6145;2020-09-13 05:00:00;2.02;;;;;28.27;16.93;727.4;0.0;89.0;5.5;0.007;20.45;3.8;351.0
6146;2020-09-13 06:00:00;1.99;;;;;26.4;15.76;727.8;0.0;87.0;5.6;0.007;20.73;3.7;352.0
6147;2020-09-13 07:00:00;1.99;;;;;26.44;14.04;728.0;0.0;87.0;5.6;0.015;20.5;3.3;351.0
6148;2020-09-13 08:00:00;1.99;;;;;30.74;16.7;728.5;0.0;75.0;;0.116;23.76;7.8;351.0
6149;2020-09-13 09:00:00;2.02;;;;;31.42;17.25;729.4;0.0;68.0;5.8;0.141;26.02;5.3;351.0
6150;2020-09-13 10:00:00;2.05;;;;4.0;32.71;18.66;730.0;0.0;63.0;5.9;0.234;27.38;4.5;352.0
6151;2020-09-13 11:00:00;2.02;;;;4.0;36.56;21.34;730.0;0.0;54.0;5.8;0.486;29.6;6.1;352.0
6152;2020-09-13 12:00:00;1.88;;;;5.0;33.06;20.05;729.6;0.0;52.0;5.7;0.584;30.45;10.4;352.0
6153;2020-09-13 13:00:00;1.83;;;;5.0;32.98;19.97;729.0;0.0;47.0;5.4;0.527;31.6;10.1;
6154;2020-09-13 14:00:00;1.83;;;;5.0;36.92;21.13;728.5;0.0;49.0;5.5;0.409;31.2;10.2;
6155;2020-09-13 15:00:00;1.8;;;;;27.68;16.89;728.0;0.0;44.0;5.6;0.528;32.26;12.7;
6156;2020-09-13 16:00:00;1.79;;;;;28.02;17.09;727.7;0.0;46.0;5.4;0.381;31.98;15.9;
6157;2020-09-13 17:00:00;1.75;;;;;22.24;13.2;727.7;0.0;46.0;5.3;0.105;30.78;12.7;
6158;2020-09-13 18:00:00;1.79;;;;4.0;24.36;14.61;727.8;0.0;50.0;5.7;0.053;30.24;6.4;
6159;2020-09-13 19:00:00;1.95;;;;4.0;31.7;17.59;728.0;0.0;61.0;5.6;0.013;28.17;4.5;
6160;2020-09-13 20:00:00;2.01;;;;3.0;36.33;21.57;728.2;0.0;64.0;5.6;0.007;26.96;5.6;
6161;2020-09-13 21:00:00;2.08;;;;3.0;37.5;22.98;728.7;0.0;66.0;;0.007;26.41;10.0;
6162;2020-09-13 22:00:00;2.05;;;;3.0;32.51;19.35;729.2;0.0;66.0;;0.007;26.3;4.4;
6163;2020-09-13 23:00:00;2.03;;;;4.0;33.85;18.51;729.9;0.0;67.0;;0.007;26.23;7.7;
6164;2020-09-14 00:00:00;1.9;;;;3.0;32.61;17.68;730.4;0.0;68.0;5.4;0.007;26.53;11.7;
6165;2020-09-14 01:00:00;1.84;;;;4.0;24.12;13.49;730.4;0.0;73.0;5.4;0.007;25.47;11.0;
6166;2020-09-14 02:00:00;1.8;;;;3.0;20.87;12.75;729.9;0.0;76.0;5.6;0.007;24.82;5.8;
6167;2020-09-14 03:00:00;1.81;;;;3.0;21.05;13.3;729.7;0.0;79.0;5.6;0.007;24.32;6.7;
6168;2020-09-14 04:00:00;1.79;;;;3.0;21.23;12.85;729.8;0.0;76.0;5.5;0.007;24.72;6.1;
6169;2020-09-14 05:00:00;1.83;;;;;22.92;12.75;729.9;0.18;83.0;5.4;0.007;23.44;7.2;
6170;2020-09-14 06:00:00;1.84;;;;;20.44;11.85;730.2;0.0;90.0;5.5;0.007;22.4;4.6;
6171;2020-09-14 07:00:00;1.88;;;;;18.82;10.7;730.4;0.0;90.0;5.6;0.009;22.35;4.8;351.0
6172;2020-09-14 08:00:00;2.0;;;;;19.73;10.52;730.5;0.24;92.0;5.6;0.016;22.45;4.4;351.0
6173;2020-09-14 09:00:00;1.96;;;;;18.98;10.37;731.2;0.11;93.0;5.7;0.124;22.43;7.3;351.0
6174;2020-09-14 10:00:00;1.9;;;;7.0;13.91;7.56;731.5;0.0;90.0;5.6;0.218;24.21;3.8;
6175;2020-09-14 11:00:00;1.89;;;;6.0;20.3;11.22;731.8;0.0;78.0;5.4;0.222;25.53;6.9;
6176;2020-09-14 12:00:00;1.87;;;;8.0;27.75;14.14;731.6;0.0;72.0;5.6;0.249;26.82;7.5;352.0
6177;2020-09-14 13:00:00;1.85;;;;13.0;25.11;13.87;730.9;0.0;66.0;5.6;0.422;28.42;13.1;352.0
6178;2020-09-14 14:00:00;1.95;;;;10.0;31.02;18.6;730.3;0.06;74.0;;0.111;26.16;12.9;352.0
6179;2020-09-14 15:00:00;1.89;;;;8.0;25.82;12.19;729.7;0.0;76.0;;0.186;24.98;10.2;
6180;2020-09-14 16:00:00;1.87;;;;8.0;22.16;12.06;728.9;0.0;70.0;5.8;0.154;26.64;8.6;
6181;2020-09-14 17:00:00;1.93;;;;6.0;20.68;11.03;729.3;0.0;76.0;5.7;0.052;25.47;9.9;
6182;2020-09-14 18:00:00;1.97;;;;3.0;16.63;9.05;730.0;0.01;82.0;5.7;0.024;24.09;7.6;351.0
6183;2020-09-14 19:00:00;1.96;;;;4.0;16.71;9.6;730.4;0.04;89.0;;0.01;23.04;6.1;351.0
6184;2020-09-14 20:00:00;1.99;;;;4.0;16.77;9.41;730.8;0.07;90.0;5.8;0.007;22.83;3.5;351.0
6185;2020-09-14 21:00:00;2.09;;;;;20.91;9.18;731.3;0.0;91.0;5.8;0.007;22.95;2.9;
6186;2020-09-14 22:00:00;2.16;;;;;24.68;11.28;731.5;0.0;90.0;;0.007;23.01;3.1;
6187;2020-09-14 23:00:00;2.04;;;;;22.11;10.98;731.5;0.0;87.0;5.9;0.007;23.16;3.0;
6188;2020-09-15 00:00:00;1.96;;;;8.0;14.51;8.64;731.5;0.0;83.0;5.7;0.007;23.12;4.9;
6189;2020-09-15 01:00:00;1.92;;;;6.0;17.83;8.99;731.4;0.0;85.0;5.8;0.007;22.67;10.6;
6190;2020-09-15 02:00:00;1.93;;;;6.0;16.21;8.64;731.1;0.0;84.0;5.8;0.007;22.97;9.1;
6191;2020-09-15 03:00:00;1.88;;;;2.0;20.47;9.44;730.8;0.0;85.0;;0.007;23.1;4.9;
6192;2020-09-15 04:00:00;1.86;;;;;23.58;10.18;730.4;0.0;88.0;;0.007;22.96;4.2;
6193;2020-09-15 05:00:00;1.88;;;;;22.01;9.75;730.7;0.0;84.0;5.6;0.007;23.16;3.8;
6194;2020-09-15 06:00:00;1.89;;;;1.0;19.77;8.32;730.8;0.0;80.0;5.7;0.007;23.45;4.1;
6195;2020-09-15 07:00:00;1.93;;;;2.0;22.84;10.53;731.3;0.02;86.0;5.5;0.01;22.62;6.8;
6196;2020-09-15 08:00:00;1.94;;;;1.0;18.61;8.19;731.5;0.0;88.0;5.5;0.05;22.68;3.6;
6197;2020-09-15 09:00:00;2.2;;;;;22.89;10.96;731.9;0.0;84.0;5.7;0.063;23.84;3.2;
6198;2020-09-15 10:00:00;2.23;;;;2.0;23.14;12.45;732.3;0.03;86.0;5.9;0.098;23.7;4.1;
6199;2020-09-15 11:00:00;2.0;;;;9.0;16.23;8.3;732.6;0.0;87.0;5.7;0.139;23.08;11.3;
6200;2020-09-15 12:00:00;2.02;;;;12.0;17.57;9.49;732.4;0.0;80.0;5.9;0.204;24.4;5.3;
6201;2020-09-15 13:00:00;2.16;;;;11.0;27.31;13.48;731.9;0.0;76.0;5.8;0.206;25.35;7.5;
6202;2020-09-15 14:00:00;1.93;;;;18.0;18.84;9.94;731.1;0.0;74.0;5.8;0.169;26.04;4.9;
6203;2020-09-15 15:00:00;1.94;;;;18.0;18.84;9.84;730.6;0.0;68.0;5.7;0.216;27.13;8.1;352.0
6204;2020-09-15 16:00:00;2.02;;;;18.0;24.1;11.27;730.2;0.0;67.0;5.6;0.202;27.13;12.7;352.0
6205;2020-09-15 17:00:00;1.96;;;;16.0;27.44;13.31;730.0;0.0;61.0;5.5;0.2;28.18;9.0;352.0
6206;2020-09-15 18:00:00;1.94;;;;16.0;23.54;11.3;730.0;0.0;66.0;5.7;0.055;26.99;10.0;
6207;2020-09-15 19:00:00;1.94;;;;15.0;23.92;11.41;730.4;0.04;84.0;5.7;0.01;23.54;10.0;
6208;2020-09-15 20:00:00;1.95;;;;11.0;20.86;12.58;730.4;0.0;89.0;5.9;0.007;22.87;13.5;351.0
6209;2020-09-15 21:00:00;1.97;;;;7.0;25.54;15.2;730.4;0.0;85.0;5.8;0.007;23.29;4.4;351.0
6210;2020-09-15 22:00:00;2.0;;;;8.0;26.81;16.81;730.3;0.0;83.0;6.0;0.007;23.6;10.1;351.0
6211;2020-09-15 23:00:00;1.97;;;;7.0;25.94;14.94;730.4;0.0;85.0;5.9;0.007;23.32;12.4;
6212;2020-09-16 00:00:00;1.94;;;;9.0;24.85;13.63;730.1;0.0;81.0;5.6;0.007;23.69;9.4;352.0
6213;2020-09-16 01:00:00;1.95;;;;7.0;23.84;13.37;729.8;0.0;83.0;5.7;0.007;23.33;9.6;351.0
6214;2020-09-16 02:00:00;1.92;;;;7.0;26.37;14.08;729.4;0.0;83.0;5.6;0.007;23.25;10.0;351.0
6215;2020-09-16 03:00:00;1.9;;;;7.0;25.19;13.75;728.9;0.0;83.0;5.6;0.007;23.19;9.3;351.0
6216;2020-09-16 04:00:00;1.87;;;;6.0;27.53;14.15;728.7;0.0;83.0;5.7;0.007;23.06;8.3;
6217;2020-09-16 05:00:00;1.86;;;;5.0;26.96;14.34;728.7;0.0;80.0;5.9;0.007;23.34;7.4;354.0
6218;2020-09-16 06:00:00;1.9;;;;4.0;28.75;14.79;728.9;0.0;82.0;5.7;0.007;23.22;8.1;351.0
6219;2020-09-16 07:00:00;1.93;;;;3.0;31.38;16.19;729.1;0.0;81.0;5.7;0.01;23.38;8.6;351.0
6220;2020-09-16 08:00:00;2.04;;;;2.0;33.14;16.83;729.5;0.0;81.0;;0.023;23.46;6.8;351.0
6221;2020-09-16 09:00:00;2.15;;;;4.0;36.46;18.24;729.8;0.0;76.0;5.6;0.128;24.87;8.0;
6222;2020-09-16 10:00:00;2.04;;;;16.0;39.08;20.19;730.3;0.0;61.0;5.7;0.337;28.06;6.7;
6223;2020-09-16 11:00:00;1.86;;;;36.0;32.24;17.13;730.4;0.0;53.0;5.7;0.47;29.5;10.9;353.0
6224;2020-09-16 12:00:00;1.8;;;;43.0;29.09;15.97;730.1;0.0;52.0;;0.455;30.02;9.2;352.0
6225;2020-09-16 13:00:00;1.81;;;;45.0;27.0;15.13;729.4;0.0;49.0;;0.526;30.93;10.8;352.0
6226;2020-09-16 14:00:00;1.8;;;;50.0;29.43;15.5;728.8;0.0;48.0;5.8;0.533;31.52;11.2;
6227;2020-09-16 15:00:00;1.82;;;;52.0;30.44;15.87;728.0;0.0;48.0;5.6;0.504;31.53;15.0;
6228;2020-09-16 16:00:00;1.81;;;;47.0;26.23;14.05;727.6;0.0;49.0;5.8;0.418;31.88;14.7;
6229;2020-09-16 17:00:00;1.82;;;;41.0;25.47;12.68;727.5;0.0;53.0;5.7;0.229;31.03;15.2;
6230;2020-09-16 18:00:00;1.85;;;;36.0;25.44;12.52;727.4;0.0;55.0;5.9;0.071;29.79;12.1;
6231;2020-09-16 19:00:00;1.87;;;;25.0;26.63;12.5;727.5;0.0;58.0;5.9;0.012;28.53;8.1;
6232;2020-09-16 20:00:00;1.86;;;;23.0;25.31;12.22;728.1;0.0;60.0;5.8;0.007;28.23;10.5;
6233;2020-09-16 21:00:00;1.87;;;;20.0;26.21;12.45;729.0;0.0;75.0;5.6;0.007;26.22;13.8;
6234;2020-09-16 22:00:00;1.84;;;;19.0;19.48;10.85;729.3;0.0;73.0;5.7;0.007;26.36;9.5;
6235;2020-09-16 23:00:00;1.85;;;;14.0;21.04;12.27;729.4;0.0;74.0;5.7;0.007;26.14;7.4;
6236;2020-09-17 00:00:00;1.86;;;;13.0;23.7;14.05;729.3;0.05;80.0;6.0;0.007;24.8;8.0;
6237;2020-09-17 01:00:00;1.84;;;;14.0;17.33;10.76;728.9;0.01;89.0;6.0;0.008;22.98;8.9;
6238;2020-09-17 02:00:00;;;;;;;;;;;;0.0;;;
6239;2020-09-17 03:00:00;;;;;;;;;;;;;;;
6240;2020-09-17 04:00:00;1.82;;;;9.0;18.5;10.87;728.2;0.0;92.0;8.8;0.008;22.58;4.1;
6241;2020-09-17 05:00:00;;;;;;;;;;;;0.0;;;
6242;2020-09-17 06:00:00;;;;;;;;;;;;0.0;;;
6243;2020-09-17 07:00:00;;;;;;;;;;;;0.0;;;
6244;2020-09-17 08:00:00;;;;;;;;;;;;0.0;;;
6245;2020-09-17 09:00:00;2.14;;;;5.0;31.42;15.67;729.3;0.0;77.0;6.1;0.175;25.31;9.0;
6246;2020-09-17 10:00:00;2.35;;;;11.0;49.95;22.9;729.8;0.0;69.0;6.0;0.252;27.41;10.2;
6247;2020-09-17 11:00:00;1.9;;;;23.0;40.13;12.23;730.1;0.0;73.0;6.0;0.08;25.09;17.1;
6248;2020-09-17 12:00:00;1.83;;;;18.0;19.23;5.97;730.5;0.02;78.0;5.7;0.057;23.17;16.0;
6249;2020-09-17 13:00:00;;;;;;;;;;;;0.0;;;
6250;2020-09-17 14:00:00;;;;;;;;;;;;0.0;;;
6251;2020-09-17 15:00:00;;;;;;;;;;;;0.0;;;
6252;2020-09-17 16:00:00;;;;;;;;;;;;0.0;;;
6253;2020-09-17 17:00:00;;;;;;;;;;;;0.0;;;
6254;2020-09-17 18:00:00;;;;;;;;;;;;0.0;;;
6255;2020-09-17 19:00:00;;;;;;;;;;;;0.0;;;
6256;2020-09-17 20:00:00;;;;;;;;;;;;0.0;;;
6257;2020-09-17 21:00:00;;;;;;;;;;;;0.0;;;
6258;2020-09-17 22:00:00;;;;;;;;;;;;0.0;;;
6259;2020-09-17 23:00:00;1.91;;;;3.0;21.0;11.39;730.4;0.0;85.0;5.9;0.008;22.35;7.0;
6260;2020-09-18 00:00:00;1.91;;;;4.0;24.58;12.07;730.3;0.0;83.0;5.8;0.008;22.49;3.7;
6261;2020-09-18 01:00:00;1.93;;;;4.0;26.99;13.73;729.8;0.0;86.0;5.9;0.008;22.26;9.6;
6262;2020-09-18 02:00:00;1.93;;;;4.0;25.62;13.64;729.6;0.0;84.0;5.8;0.007;22.21;6.2;
6263;2020-09-18 03:00:00;1.92;;;;;31.09;15.51;729.9;0.0;85.0;5.8;0.007;22.15;3.5;
6264;2020-09-18 04:00:00;1.9;;;;;26.03;13.84;729.9;0.0;84.0;5.9;0.007;22.13;4.2;
6265;2020-09-18 05:00:00;1.94;;;;;30.43;14.64;730.0;0.0;85.0;5.9;0.007;22.07;2.9;
6266;2020-09-18 06:00:00;1.99;;;;3.0;36.31;17.12;730.0;0.0;87.0;5.8;0.007;21.75;4.3;
6267;2020-09-18 07:00:00;2.06;;;;3.0;38.96;17.18;730.3;0.0;89.0;6.1;0.018;21.66;2.9;
6268;2020-09-18 08:00:00;2.24;;;;4.0;51.14;19.97;730.7;0.0;82.0;5.9;0.046;22.87;6.9;
6269;2020-09-18 09:00:00;2.04;;;;4.0;34.24;13.18;731.4;0.0;82.0;6.0;0.054;22.19;11.5;
6270;2020-09-18 10:00:00;2.14;;;;4.0;32.75;14.59;731.6;0.0;77.0;5.9;0.161;23.67;6.7;
6271;2020-09-18 11:00:00;2.03;;;;;26.23;12.32;731.8;0.0;70.0;5.8;0.285;24.93;11.8;
6272;2020-09-18 12:00:00;1.98;;;;5.0;25.0;12.21;731.6;0.0;71.0;6.0;0.171;24.78;10.7;
6273;2020-09-18 13:00:00;1.91;;;;4.0;21.01;10.25;731.1;0.0;62.0;6.0;0.329;26.74;10.1;
6274;2020-09-18 14:00:00;1.97;;;;4.0;25.21;12.87;730.5;0.0;62.0;6.2;0.325;26.65;13.3;
6275;2020-09-18 15:00:00;1.96;;;;4.0;29.22;14.29;729.9;0.0;60.0;6.0;0.214;26.97;11.2;
6276;2020-09-18 16:00:00;1.93;;;;;27.24;13.11;729.6;0.0;57.0;6.2;0.174;27.46;11.3;
6277;2020-09-18 17:00:00;1.95;;;;;30.1;13.78;729.3;0.0;58.0;6.1;0.082;27.08;7.8;
6278;2020-09-18 18:00:00;1.97;;;;;31.52;14.81;729.5;0.0;61.0;6.2;0.058;26.76;9.1;
6279;2020-09-18 19:00:00;1.97;;;;;27.95;11.82;730.2;0.0;67.0;6.3;0.011;24.77;11.6;
6280;2020-09-18 20:00:00;1.98;;;;;27.49;12.27;730.8;0.07;75.0;6.2;0.007;23.58;14.8;
6281;2020-09-18 21:00:00;1.94;;;;;15.08;9.1;731.5;0.01;86.0;6.0;0.007;21.08;8.8;
6282;2020-09-18 22:00:00;1.92;;;;;18.15;10.76;731.9;0.0;85.0;6.0;0.008;21.42;11.5;
6283;2020-09-18 23:00:00;1.9;;;;;18.53;11.45;731.7;0.0;78.0;5.6;0.007;22.85;13.4;
6284;2020-09-19 00:00:00;1.95;;;;;21.29;12.45;731.4;0.0;83.0;5.8;0.007;22.13;11.8;351.0
6285;2020-09-19 01:00:00;1.92;;;;;19.64;11.63;731.0;0.0;82.0;5.8;0.007;22.14;11.9;351.0
6286;2020-09-19 02:00:00;1.92;;;;;20.43;11.29;730.6;0.0;85.0;;0.007;21.68;11.4;351.0
6287;2020-09-19 03:00:00;1.93;;;;;24.7;13.19;730.6;0.0;85.0;5.6;0.007;21.67;13.3;
6288;2020-09-19 04:00:00;1.95;;;;3.0;29.7;17.82;730.4;0.0;82.0;5.7;0.007;21.9;14.8;
6289;2020-09-19 05:00:00;1.96;;;;3.0;22.29;13.96;730.5;0.0;80.0;5.7;0.007;21.92;7.5;
6290;2020-09-19 06:00:00;1.94;;;;4.0;27.85;16.2;730.8;0.0;81.0;5.8;0.007;21.6;9.1;
6291;2020-09-19 07:00:00;1.97;;;;4.0;29.13;16.71;731.2;0.0;84.0;5.7;0.017;21.38;5.3;
6292;2020-09-19 08:00:00;2.13;;;;4.0;47.49;24.37;731.6;0.0;78.0;5.9;0.105;23.14;6.4;
6293;2020-09-19 09:00:00;2.02;;;;;33.49;18.98;732.0;0.0;64.0;5.8;0.274;25.77;7.0;
6294;2020-09-19 10:00:00;1.98;;;;;34.33;19.08;732.2;0.0;59.0;5.8;0.403;26.33;9.9;352.0
6295;2020-09-19 11:00:00;1.95;;;;5.0;41.32;22.27;731.9;0.0;55.0;5.7;0.501;27.3;7.5;352.0
6296;2020-09-19 12:00:00;1.97;;;;5.0;49.22;26.15;731.7;0.0;51.0;5.7;0.572;28.46;10.6;352.0
6297;2020-09-19 13:00:00;1.91;;;;5.0;40.91;23.56;731.3;0.0;48.0;;0.597;28.76;13.3;
6298;2020-09-19 14:00:00;1.9;;;;;36.41;20.61;730.8;0.0;49.0;5.6;0.591;28.89;16.0;
6299;2020-09-19 15:00:00;1.89;;;;;35.26;21.25;730.2;0.0;51.0;5.7;0.257;27.99;16.7;
6300;2020-09-19 16:00:00;1.9;;;;;37.37;22.37;729.9;0.0;52.0;5.6;0.238;27.7;14.8;
6301;2020-09-19 17:00:00;1.9;;;;4.0;36.77;21.55;729.9;0.0;53.0;5.7;0.067;26.63;18.2;
6302;2020-09-19 18:00:00;1.86;;;;4.0;34.5;20.53;730.1;0.0;52.0;5.7;0.038;26.24;13.8;
6303;2020-09-19 19:00:00;1.87;;;;3.0;39.42;22.87;730.1;0.0;56.0;5.8;0.01;25.59;4.9;
6304;2020-09-19 20:00:00;1.89;;;;4.0;41.85;24.97;730.4;0.0;55.0;5.8;0.007;25.44;8.4;
6305;2020-09-19 21:00:00;1.88;;;;4.0;43.63;26.85;730.9;0.0;54.0;5.7;0.007;25.51;9.6;
6306;2020-09-19 22:00:00;1.89;;;;4.0;48.15;28.57;731.3;0.0;57.0;5.9;0.007;25.06;3.9;
6307;2020-09-19 23:00:00;1.88;;;;3.0;43.6;25.96;731.5;0.0;57.0;5.8;0.007;24.89;3.5;
6308;2020-09-20 00:00:00;1.93;;;;4.0;41.52;26.16;731.3;0.0;59.0;5.7;0.007;24.45;3.7;
6309;2020-09-20 01:00:00;1.99;;;;4.0;43.48;26.75;730.8;0.0;67.0;5.8;0.007;22.89;2.9;
6310;2020-09-20 02:00:00;2.01;;;;4.0;43.06;26.93;730.8;0.0;76.0;5.8;0.007;21.41;2.9;
6311;2020-09-20 03:00:00;2.02;;;;3.0;43.64;27.61;730.5;0.0;74.0;;0.007;21.45;2.9;
6312;2020-09-20 04:00:00;2.02;;;;3.0;67.97;34.44;730.4;0.0;73.0;5.7;0.007;21.93;;
6313;2020-09-20 05:00:00;2.02;;;;3.0;48.74;29.58;730.4;0.0;72.0;5.6;0.007;22.1;;
6314;2020-09-20 06:00:00;2.03;;;;;51.43;30.25;730.7;0.0;78.0;5.7;0.007;21.26;;
6315;2020-09-20 07:00:00;2.07;;;;;;;731.2;0.0;79.0;6.0;0.016;20.53;5.1;
6316;2020-09-20 08:00:00;2.06;;;;;;;731.6;0.0;65.0;5.7;0.109;22.85;5.4;
6317;2020-09-20 09:00:00;2.02;;;;;;;731.9;0.0;57.0;5.9;0.258;25.08;6.5;
6318;2020-09-20 10:00:00;2.01;;;;4.0;;;732.0;0.0;54.0;5.8;0.392;26.12;9.5;
6319;2020-09-20 11:00:00;2.07;;;;3.0;;;731.9;0.0;50.0;5.9;0.493;27.43;9.7;
6320;2020-09-20 12:00:00;2.02;;;;5.0;;;731.6;0.0;46.0;5.9;0.526;28.42;10.9;
6321;2020-09-20 13:00:00;1.98;;;;6.0;;;731.0;0.0;41.0;5.7;0.583;28.57;13.4;
6322;2020-09-20 14:00:00;1.94;;;;6.0;;;730.4;0.0;41.0;5.6;0.555;28.87;16.1;
6323;2020-09-20 15:00:00;1.92;;;;6.0;;;730.1;0.0;40.0;5.9;0.485;29.25;16.2;
6324;2020-09-20 16:00:00;1.93;;;;5.0;;;729.9;0.0;42.0;5.7;0.378;29.11;17.2;
6325;2020-09-20 17:00:00;1.94;;;;5.0;;;729.7;0.0;47.0;5.8;0.238;28.7;15.5;
6326;2020-09-20 18:00:00;1.95;;;;4.0;;;729.7;0.0;50.0;5.7;0.085;27.41;15.8;
6327;2020-09-20 19:00:00;1.97;;;;4.0;;;729.7;0.0;55.0;5.8;0.014;25.86;12.0;
6328;2020-09-20 20:00:00;2.0;;;;4.0;;;730.2;0.0;57.0;5.8;0.007;24.69;5.9;
6329;2020-09-20 21:00:00;2.03;;;;;;;730.5;0.0;61.0;5.6;0.007;23.59;3.4;
6330;2020-09-20 22:00:00;2.07;;;;3.0;;;730.8;0.0;65.0;5.6;0.007;22.72;3.9;
6331;2020-09-20 23:00:00;2.08;;;;3.0;;;730.9;0.0;67.0;;0.007;21.98;6.7;
6332;2020-09-21 00:00:00;2.08;;;;4.0;14.0;;730.7;0.0;67.0;5.7;0.007;21.47;3.1;
6333;2020-09-21 01:00:00;2.09;;;;3.0;10.0;;730.4;0.0;72.0;5.8;0.007;20.86;5.6;
6334;2020-09-21 02:00:00;2.08;;;;3.0;4.0;;730.3;0.0;72.0;5.7;0.007;20.39;8.9;
6335;2020-09-21 03:00:00;2.02;;;;4.0;12.0;;730.0;0.0;69.0;5.9;0.007;20.32;10.4;
6336;2020-09-21 04:00:00;2.02;;;;3.0;18.0;;729.7;0.0;67.0;5.8;0.007;20.64;10.9;
6337;2020-09-21 05:00:00;2.01;;;;4.0;20.0;;729.6;0.0;66.0;5.7;0.007;20.83;12.9;
6338;2020-09-21 06:00:00;2.02;;;;3.0;21.0;;729.8;0.0;65.0;5.8;0.007;20.79;12.7;
6339;2020-09-21 07:00:00;2.06;;;;4.0;21.0;;730.2;0.0;65.0;5.8;0.014;20.7;11.6;
6340;2020-09-21 08:00:00;2.09;;;;3.0;24.0;;730.6;0.0;60.0;;0.106;22.09;10.1;
6341;2020-09-21 09:00:00;2.2;;;;4.0;42.0;;731.1;0.0;55.0;;0.246;24.55;6.2;
6342;2020-09-21 10:00:00;2.15;;;;4.0;54.0;40.18;731.4;0.0;52.0;;0.379;25.93;9.4;
6343;2020-09-21 11:00:00;2.11;;;;4.0;30.0;;731.3;0.0;49.0;;0.478;26.74;11.0;
6344;2020-09-21 12:00:00;2.07;;;;5.0;46.0;38.99;730.9;0.0;45.0;5.9;0.555;27.65;15.6;
6345;2020-09-21 13:00:00;2.03;;;;5.0;31.0;;730.3;0.0;39.0;6.0;0.574;28.59;17.7;
6346;2020-09-21 14:00:00;2.02;;;;5.0;31.0;;729.7;0.0;36.0;8.2;0.55;29.4;15.0;
6347;2020-09-21 15:00:00;1.97;;;;;25.0;;729.3;0.0;34.0;8.4;0.485;29.9;18.3;
6348;2020-09-21 16:00:00;1.98;;;;;33.0;;728.8;0.0;33.0;8.4;0.378;30.08;19.0;
6349;2020-09-21 17:00:00;1.99;;;;;30.0;;728.4;0.0;34.0;8.5;0.238;29.87;19.1;
6350;2020-09-21 18:00:00;1.98;;;;;40.0;33.92;728.6;0.0;38.0;8.5;0.085;28.94;16.0;
6351;2020-09-21 19:00:00;1.96;;;;4.0;72.0;33.57;728.9;0.0;43.0;;0.013;26.99;9.9;
6352;2020-09-21 20:00:00;1.97;;;;3.0;31.0;;729.4;0.0;45.0;;0.007;25.63;5.8;
6353;2020-09-21 21:00:00;2.04;;;;3.0;38.0;33.27;729.9;0.0;51.0;;0.007;23.97;4.1;
6354;2020-09-21 22:00:00;2.1;;;;3.0;33.0;32.85;730.2;0.0;56.0;;0.007;22.86;4.5;
6355;2020-09-21 23:00:00;2.12;;;;4.0;22.0;;730.3;0.0;64.0;8.1;0.007;21.55;2.9;
6356;2020-09-22 00:00:00;2.12;;;;3.0;36.0;32.19;730.4;0.0;67.0;8.5;0.007;20.77;5.8;
6357;2020-09-22 01:00:00;2.08;;;;4.0;30.0;;730.0;0.0;68.0;8.1;0.007;20.29;7.1;
6358;2020-09-22 02:00:00;2.05;;;;3.0;15.0;;729.7;0.0;63.0;7.4;0.007;20.76;10.3;
6359;2020-09-22 03:00:00;2.03;;;;4.0;22.0;;729.3;0.0;60.0;7.0;0.007;20.87;11.7;
6360;2020-09-22 04:00:00;1.97;;;;3.0;37.0;;729.2;0.0;59.0;6.0;0.007;20.43;14.7;
6361;2020-09-22 05:00:00;1.95;;;;4.0;33.0;;729.6;0.0;53.0;5.6;0.007;21.14;14.2;
6362;2020-09-22 06:00:00;1.97;;;;3.0;29.0;;729.7;0.0;55.0;5.6;0.007;20.25;12.3;
6363;2020-09-22 07:00:00;2.07;;;;4.0;33.0;31.19;730.3;0.0;63.0;5.8;0.017;19.11;9.6;
6364;2020-09-22 08:00:00;2.23;;;;3.0;27.0;;730.5;0.0;57.0;6.0;0.104;20.69;12.0;
6365;2020-09-22 09:00:00;2.21;;;;3.0;40.0;31.42;730.8;0.0;47.0;5.8;0.256;23.87;9.8;
6366;2020-09-22 10:00:00;2.19;;;;4.0;32.0;;731.1;0.0;41.0;5.7;0.39;25.51;13.5;
6367;2020-09-22 11:00:00;2.22;;;;4.0;60.0;36.44;730.9;0.0;37.0;5.7;0.493;27.42;12.8;
6368;2020-09-22 12:00:00;2.13;;;;5.0;34.0;;730.3;0.0;33.0;5.9;0.56;29.12;10.1;
6369;2020-09-22 13:00:00;2.11;;;;5.0;49.0;;729.6;0.0;31.0;5.9;0.586;30.38;8.7;
6370;2020-09-22 14:00:00;2.02;;;;5.0;43.0;;728.9;0.0;30.0;;0.562;31.69;6.8;
6371;2020-09-22 15:00:00;1.93;;;;;49.0;28.66;728.1;0.0;28.0;5.8;0.488;32.44;12.1;
6372;2020-09-22 16:00:00;1.83;;;;39.0;44.0;22.66;727.4;0.0;28.0;5.7;0.378;32.49;16.4;
6373;2020-09-22 17:00:00;1.83;;;;43.0;35.0;19.7;727.4;0.0;32.0;5.8;0.236;31.7;15.1;
6374;2020-09-22 18:00:00;1.84;;;;39.0;27.0;19.17;727.7;0.0;34.0;5.7;0.086;30.77;12.0;
6375;2020-09-22 19:00:00;1.99;;;;24.0;48.0;20.07;727.9;0.0;42.0;5.9;0.013;28.49;6.0;
6376;2020-09-22 20:00:00;2.07;;;;15.0;26.0;;728.3;0.0;53.0;5.9;0.007;25.88;5.4;
6377;2020-09-22 21:00:00;2.1;;;;15.0;35.0;22.6;728.9;0.0;58.0;5.8;0.007;24.59;5.7;
6378;2020-09-22 22:00:00;2.17;;;;13.0;36.0;28.14;729.2;0.0;61.0;6.0;0.007;23.81;7.0;
6379;2020-09-22 23:00:00;2.13;;;;15.0;45.0;29.05;728.9;0.0;63.0;5.9;0.007;23.24;8.8;
6380;2020-09-23 00:00:00;2.11;;;;18.0;39.0;27.77;728.5;0.0;63.0;6.0;0.007;22.92;9.6;352.0
6381;2020-09-23 01:00:00;2.09;;;;20.0;47.0;25.86;728.2;0.0;65.0;6.0;0.007;22.49;10.1;352.0
6382;2020-09-23 02:00:00;2.07;;;;19.0;33.0;24.79;728.0;0.0;67.0;6.1;0.007;22.02;10.8;352.0
6383;2020-09-23 03:00:00;2.02;;;;21.0;37.0;23.65;727.8;0.0;66.0;6.3;0.007;21.78;12.0;
6384;2020-09-23 04:00:00;2.04;;;;23.0;53.0;23.2;727.8;0.0;65.0;6.4;0.007;21.61;10.2;
6385;2020-09-23 05:00:00;1.99;;;;25.0;32.0;23.97;727.8;0.0;59.0;6.4;0.007;22.05;12.4;
6386;2020-09-23 06:00:00;2.01;;;;22.0;49.0;24.33;727.8;0.0;57.0;6.3;0.007;22.16;12.7;
6387;2020-09-23 07:00:00;2.05;;;;13.0;49.0;23.92;728.2;0.0;59.0;6.1;0.015;21.69;13.0;
6388;2020-09-23 08:00:00;2.11;;;;12.0;54.0;24.71;728.7;0.0;56.0;6.2;0.107;23.09;9.3;
6389;2020-09-23 09:00:00;2.22;;;;13.0;48.0;28.02;728.9;0.0;47.0;6.2;0.257;25.7;8.9;
6390;2020-09-23 10:00:00;2.47;;;;14.0;78.0;38.21;729.1;0.0;42.0;6.4;0.388;28.14;4.3;
6391;2020-09-23 11:00:00;2.42;;;;22.0;105.0;40.23;729.0;0.0;39.0;6.5;0.49;29.91;8.1;
6392;2020-09-23 12:00:00;2.28;;;;44.0;111.0;37.18;728.8;0.0;39.0;6.3;0.551;30.86;10.7;
6393;2020-09-23 13:00:00;2.19;;;;62.0;92.0;33.97;728.2;0.0;36.0;6.3;0.568;31.81;10.2;
6394;2020-09-23 14:00:00;2.14;;;;88.0;84.0;32.46;727.6;0.0;35.0;6.2;0.547;32.55;9.1;
6395;2020-09-23 15:00:00;2.09;;;;100.0;67.0;28.12;727.2;0.0;36.0;6.1;0.47;32.83;14.5;
6396;2020-09-23 16:00:00;2.12;;;;106.0;76.0;29.26;726.9;0.0;38.0;6.0;0.37;32.64;15.8;
6397;2020-09-23 17:00:00;2.11;;;;98.0;78.0;28.06;726.7;0.0;42.0;5.8;0.229;31.81;16.5;
6398;2020-09-23 18:00:00;2.07;;;;92.0;74.0;26.98;726.6;0.0;46.0;5.9;0.08;30.68;13.6;
6399;2020-09-23 19:00:00;2.12;;;;77.0;80.0;29.15;726.8;0.0;52.0;5.9;0.012;28.68;7.8;
6400;2020-09-23 20:00:00;2.23;;;;48.0;72.0;29.99;727.2;0.0;61.0;6.2;0.007;26.69;5.3;
6401;2020-09-23 21:00:00;2.21;;;;38.0;61.0;29.27;727.5;0.0;64.0;6.1;0.007;25.55;4.7;
6402;2020-09-23 22:00:00;2.24;;;;29.0;64.0;;727.9;0.0;66.0;5.5;0.007;24.79;4.5;
6403;2020-09-23 23:00:00;2.18;;;;33.0;62.0;;728.0;0.0;69.0;5.6;0.007;24.0;4.7;
6404;2020-09-24 00:00:00;2.15;;;;35.0;60.0;;727.8;0.0;68.0;5.8;0.007;24.03;6.2;
6405;2020-09-24 01:00:00;2.16;;;;31.0;47.0;30.92;727.5;0.0;70.0;5.9;0.007;23.46;7.0;
6406;2020-09-24 02:00:00;2.19;;;;26.0;29.0;;727.3;0.0;75.0;5.8;0.007;22.23;5.2;
6407;2020-09-24 03:00:00;2.19;;;;28.0;46.0;25.72;727.0;0.0;76.0;5.8;0.007;21.73;6.7;
6408;2020-09-24 04:00:00;2.19;;;;28.0;34.0;24.32;726.8;0.0;76.0;;0.007;21.46;5.1;
6409;2020-09-24 05:00:00;2.19;;;;23.0;46.0;;727.0;0.0;77.0;;0.007;21.02;3.1;
6410;2020-09-24 06:00:00;2.15;;;;8.0;49.0;25.55;727.3;0.0;80.0;5.5;0.007;20.35;3.5;
6411;2020-09-24 07:00:00;2.2;;;;8.0;50.0;28.03;727.7;0.0;74.0;5.4;0.015;20.91;6.5;
6412;2020-09-24 08:00:00;2.26;;;;9.0;59.0;30.4;728.4;0.0;64.0;5.5;0.101;23.1;7.5;
6413;2020-09-24 09:00:00;2.38;;;;24.0;81.0;33.87;728.7;0.0;50.0;5.5;0.251;26.17;7.2;
6414;2020-09-24 10:00:00;2.5;;;;38.0;92.0;40.81;728.9;0.0;47.0;5.7;0.382;28.86;6.8;
6415;2020-09-24 11:00:00;2.58;;;;46.0;102.0;52.78;728.9;0.0;49.0;5.5;0.469;28.83;11.7;
6416;2020-09-24 12:00:00;2.37;;;;61.0;134.0;47.55;728.9;0.0;53.0;5.6;0.531;29.39;15.0;
6417;2020-09-24 13:00:00;2.07;;;;69.0;123.0;34.94;728.5;0.0;53.0;5.5;0.56;30.11;17.5;
6418;2020-09-24 14:00:00;2.04;;;;53.0;73.0;27.46;727.9;0.0;50.0;5.7;0.535;30.83;19.8;
6419;2020-09-24 15:00:00;2.02;;;;51.0;64.0;;727.6;0.0;49.0;5.7;0.483;31.13;19.1;
6420;2020-09-24 16:00:00;1.98;;;;47.0;46.0;24.64;727.4;0.0;50.0;5.6;0.242;30.61;15.4;
6421;2020-09-24 17:00:00;1.97;;;;45.0;52.0;23.9;727.2;0.0;50.0;5.7;0.212;30.55;19.0;
6422;2020-09-24 18:00:00;1.99;;;;41.0;35.0;24.03;727.2;0.0;54.0;5.7;0.082;29.74;17.2;
6423;2020-09-24 19:00:00;1.98;;;;38.0;45.0;24.28;727.2;0.0;57.0;;0.012;28.33;14.4;
6424;2020-09-24 20:00:00;1.98;;;;39.0;43.0;24.01;727.5;0.0;59.0;;0.007;27.86;13.2;
6425;2020-09-24 21:00:00;1.95;;;;38.0;43.0;;728.0;0.0;60.0;;0.007;27.56;11.6;
6426;2020-09-24 22:00:00;1.95;;;;40.0;36.0;23.77;728.3;0.0;61.0;5.5;0.007;27.46;14.1;
6427;2020-09-24 23:00:00;1.94;;;;41.0;41.0;25.57;728.5;0.0;67.0;5.3;0.007;26.7;19.6;
6428;2020-09-25 00:00:00;1.92;;;;39.0;34.0;21.96;728.2;0.0;71.0;5.7;0.007;25.82;19.0;
6429;2020-09-25 01:00:00;1.91;;;;33.0;38.0;22.71;728.1;0.0;75.0;5.7;0.007;24.94;14.0;
6430;2020-09-25 02:00:00;1.91;;;;29.0;9.0;;728.0;0.0;78.0;5.6;0.007;24.3;8.6;
6431;2020-09-25 03:00:00;1.91;;;;26.0;47.0;;727.8;0.0;80.0;5.5;0.007;24.0;9.0;
6432;2020-09-25 04:00:00;1.96;;;;20.0;62.0;;727.6;0.0;82.0;5.6;0.007;23.38;10.0;
6433;2020-09-25 05:00:00;1.94;;;;15.0;116.0;22.28;727.8;0.0;85.0;5.9;0.007;22.5;3.1;
6434;2020-09-25 06:00:00;2.02;;;;10.0;50.0;21.51;728.2;0.0;88.0;5.7;0.007;22.08;2.9;
6435;2020-09-25 07:00:00;2.06;;;;4.0;38.0;24.99;728.6;0.0;90.0;5.7;0.014;21.96;3.0;
6436;2020-09-25 08:00:00;2.06;;;;11.0;58.0;29.8;729.0;0.0;88.0;5.6;0.052;22.76;2.9;
6437;2020-09-25 09:00:00;2.2;;;;9.0;55.0;39.7;729.6;0.0;81.0;5.6;0.111;24.07;4.5;
6438;2020-09-25 10:00:00;2.23;;;;15.0;99.0;44.41;729.9;0.0;76.0;5.7;0.204;25.23;7.6;
6439;2020-09-25 11:00:00;2.19;;;;28.0;101.0;42.31;730.0;0.0;68.0;5.9;0.473;27.26;10.3;
6440;2020-09-25 12:00:00;2.14;;;;35.0;84.0;39.33;729.7;0.0;63.0;5.6;0.53;28.62;13.7;
6441;2020-09-25 13:00:00;2.08;;;;52.0;75.0;35.77;729.1;0.0;59.0;5.8;0.558;29.41;14.1;
6442;2020-09-25 14:00:00;2.03;;;;63.0;57.0;35.63;728.7;0.0;56.0;5.7;0.533;30.55;6.0;
6443;2020-09-25 15:00:00;2.04;;;;64.0;69.0;;728.1;0.0;56.0;5.7;0.462;31.08;11.5;
6444;2020-09-25 16:00:00;2.04;;;;55.0;69.0;36.75;727.8;0.0;55.0;5.6;0.357;31.19;14.9;
6445;2020-09-25 17:00:00;2.02;;;;49.0;64.0;33.41;727.6;0.0;56.0;5.6;0.209;30.88;15.5;
6446;2020-09-25 18:00:00;2.0;;;;43.0;53.0;32.19;727.4;0.0;60.0;;0.041;29.22;14.7;
6447;2020-09-25 19:00:00;2.08;;;;38.0;63.0;35.71;727.4;0.0;63.0;5.7;0.011;28.26;9.4;
6448;2020-09-25 20:00:00;2.2;;;;27.0;54.0;;727.7;0.0;68.0;5.8;0.007;26.9;4.2;
6449;2020-09-25 21:00:00;2.27;;;;18.0;63.0;;728.0;0.0;70.0;5.8;0.007;25.99;4.3;
6450;2020-09-25 22:00:00;2.24;;;;13.0;64.0;40.38;728.4;0.0;75.0;;0.007;24.97;2.9;
6451;2020-09-25 23:00:00;2.23;;;;11.0;63.0;39.27;728.2;0.0;78.0;5.9;0.007;23.78;2.9;
6452;2020-09-26 00:00:00;2.2;;;;12.0;56.0;35.75;728.1;0.0;80.0;5.8;0.007;23.19;3.1;
6453;2020-09-26 01:00:00;2.15;;;;12.0;48.0;33.28;727.8;0.0;80.0;5.8;0.007;22.79;2.9;
6454;2020-09-26 02:00:00;2.16;;;;11.0;24.0;;727.5;0.0;80.0;;0.007;22.57;4.5;
6455;2020-09-26 03:00:00;2.18;;;;7.0;37.0;33.94;727.4;0.0;84.0;5.6;0.007;22.16;3.7;
6456;2020-09-26 04:00:00;2.2;;;;7.0;46.0;35.42;727.2;0.0;85.0;5.5;0.007;21.51;3.7;
6457;2020-09-26 05:00:00;2.2;;;;9.0;47.0;33.7;727.3;0.0;83.0;5.7;0.007;21.33;3.4;
6458;2020-09-26 06:00:00;2.2;;;;2.0;51.0;30.42;727.5;0.0;90.0;5.7;0.007;21.22;2.9;
6459;2020-09-26 07:00:00;2.22;;;;2.0;45.0;30.56;727.8;0.0;92.0;5.8;0.016;20.77;2.9;
6460;2020-09-26 08:00:00;2.28;;;;3.0;48.0;31.76;728.1;0.0;91.0;5.8;0.043;21.9;3.8;
6461;2020-09-26 09:00:00;2.42;;;;7.0;58.0;44.06;728.5;0.0;83.0;5.7;0.204;23.66;10.0;
6462;2020-09-26 10:00:00;2.39;;;;14.0;86.0;51.6;728.8;0.0;76.0;6.0;0.362;25.2;12.3;
6463;2020-09-26 11:00:00;2.4;;;;27.0;102.0;53.34;728.8;0.0;67.0;5.9;0.474;27.26;9.0;
6464;2020-09-26 12:00:00;2.31;;;;53.0;111.0;51.43;728.3;0.0;61.0;5.9;0.538;28.54;9.7;
6465;2020-09-26 13:00:00;2.34;;;;78.0;109.0;51.84;727.6;0.0;60.0;5.8;0.559;29.63;11.8;
6466;2020-09-26 14:00:00;2.31;;;;93.0;104.0;51.85;727.0;0.0;58.0;5.8;0.533;30.81;16.7;
6467;2020-09-26 15:00:00;2.23;;;;91.0;86.0;48.23;726.3;0.0;56.0;;0.451;31.28;12.2;
6468;2020-09-26 16:00:00;2.15;;;;75.0;80.0;38.17;725.8;0.0;52.0;;0.35;31.65;12.2;
6469;2020-09-26 17:00:00;2.06;;;;54.0;47.0;29.46;725.5;0.0;51.0;;0.219;31.62;17.1;
6470;2020-09-26 18:00:00;2.05;;;;47.0;35.0;28.21;725.2;0.0;53.0;5.9;0.077;30.86;13.4;
6471;2020-09-26 19:00:00;2.14;;;;44.0;61.0;33.81;725.3;0.0;60.0;5.8;0.012;28.77;7.0;
6472;2020-09-26 20:00:00;2.39;;;;22.0;53.0;38.17;725.4;0.0;66.0;5.6;0.007;27.25;5.5;
6473;2020-09-26 21:00:00;2.43;;;;14.0;50.0;40.7;725.8;0.0;71.0;5.6;0.007;25.93;4.9;
6474;2020-09-26 22:00:00;2.41;;;;12.0;51.0;41.87;725.9;0.0;72.0;;0.007;25.15;3.3;
6475;2020-09-26 23:00:00;2.46;;;;6.0;48.0;41.87;725.9;0.0;74.0;;0.007;24.44;3.6;
6476;2020-09-27 00:00:00;2.35;;;;7.0;52.0;32.69;725.9;0.0;75.0;5.8;0.007;23.68;2.9;
6477;2020-09-27 01:00:00;2.31;;;;7.0;35.0;28.4;725.7;0.0;74.0;5.7;0.007;23.49;2.9;
6478;2020-09-27 02:00:00;2.39;;;;3.0;19.0;;725.4;0.0;79.0;5.8;0.007;22.98;3.5;
6479;2020-09-27 03:00:00;2.32;;;;5.0;37.0;32.91;725.2;0.0;85.0;5.7;0.007;22.28;4.5;
6480;2020-09-27 04:00:00;2.33;;;;4.0;33.0;27.87;724.8;0.0;90.0;5.6;0.007;21.25;2.9;
6481;2020-09-27 05:00:00;;;;;;;;;;;;0.0;;;
6482;2020-09-27 06:00:00;;;;;;;;;;;;0.0;;;
6483;2020-09-27 07:00:00;2.35;;;;2.0;47.0;37.08;725.2;0.0;92.0;5.6;0.015;21.26;2.9;
6484;2020-09-27 08:00:00;2.49;;;;4.0;42.0;;725.4;0.0;86.0;5.9;0.097;23.5;4.8;
6485;2020-09-27 09:00:00;2.32;;;;17.0;52.0;37.38;725.5;0.0;59.0;5.8;0.262;26.46;10.8;
6486;2020-09-27 10:00:00;2.19;;;;30.0;54.0;36.93;725.8;0.0;43.0;5.8;0.397;29.24;8.3;
6487;2020-09-27 11:00:00;2.29;;;;31.0;58.0;44.06;725.6;0.0;38.0;5.7;0.5;31.71;6.7;
6488;2020-09-27 12:00:00;2.37;;;;50.0;79.0;46.01;725.4;0.0;35.0;5.8;0.562;33.7;7.1;
6489;2020-09-27 13:00:00;2.45;;;;99.0;84.0;48.35;724.8;0.0;36.0;5.7;0.577;34.61;9.3;
6490;2020-09-27 14:00:00;2.27;;;;100.0;77.0;38.97;724.1;0.0;41.0;5.8;0.55;34.81;10.8;
6491;2020-09-27 15:00:00;2.17;;;;83.0;59.0;33.2;723.4;0.0;41.0;5.7;0.48;35.1;12.2;
6492;2020-09-27 16:00:00;2.11;;;;78.0;27.0;;722.7;0.0;38.0;5.7;0.372;35.29;17.8;
6493;2020-09-27 17:00:00;2.13;;;;80.0;37.0;32.55;722.6;0.0;39.0;5.8;0.234;34.63;19.1;
6494;2020-09-27 18:00:00;2.14;;;;79.0;21.0;;722.9;0.0;42.0;5.7;0.08;33.42;17.5;
6495;2020-09-27 19:00:00;2.29;;;;56.0;73.0;38.4;722.9;0.0;50.0;5.7;0.01;30.81;6.6;
6496;2020-09-27 20:00:00;2.47;;;;27.0;29.0;;723.2;0.0;57.0;5.9;0.007;28.62;3.2;
6497;2020-09-27 21:00:00;2.41;;;;23.0;33.0;;723.6;0.0;63.0;5.8;0.007;26.61;2.9;
6498;2020-09-27 22:00:00;2.35;;;;25.0;22.0;;724.1;0.0;63.0;5.8;0.007;26.15;2.9;
6499;2020-09-27 23:00:00;2.41;;;;13.0;24.0;;724.1;0.0;66.0;5.7;0.007;25.51;4.1;
6500;2020-09-28 00:00:00;2.24;;;;20.0;21.0;;723.7;0.0;63.0;5.7;0.007;24.88;7.0;
6501;2020-09-28 01:00:00;2.12;;;;21.0;18.0;;723.6;0.0;62.0;5.5;0.007;24.55;4.2;
6502;2020-09-28 02:00:00;2.26;;;;12.0;12.0;;723.6;0.0;68.0;5.8;0.007;23.91;4.0;
6503;2020-09-28 03:00:00;2.31;;;;10.0;11.0;;723.6;0.0;73.0;5.7;0.007;23.08;5.0;
6504;2020-09-28 04:00:00;2.29;;;;12.0;18.0;;723.6;0.0;63.0;5.6;0.007;23.18;6.1;
6505;2020-09-28 05:00:00;2.3;;;;9.0;24.0;;723.9;0.0;59.0;5.6;0.007;23.42;8.7;
6506;2020-09-28 06:00:00;2.28;;;;7.0;34.0;24.56;724.3;0.0;53.0;5.7;0.007;23.78;10.2;
6507;2020-09-28 07:00:00;2.24;;;;14.0;40.0;19.59;724.7;0.0;42.0;5.6;0.016;24.46;12.7;
6508;2020-09-28 08:00:00;2.26;;;;11.0;33.0;18.9;725.2;0.0;36.0;5.7;0.098;26.47;12.4;
6509;2020-09-28 09:00:00;2.3;;;;17.0;35.0;26.08;727.1;0.0;50.0;5.7;0.243;27.8;13.6;
6510;2020-09-28 10:00:00;2.06;;;;25.0;58.0;32.77;729.1;0.0;66.0;;0.177;27.25;25.2;
6511;2020-09-28 11:00:00;2.05;;;;20.0;129.0;24.76;730.3;0.0;68.0;;0.084;25.22;24.5;
6512;2020-09-28 12:00:00;1.97;;;;24.0;75.0;22.8;731.0;0.0;64.0;;0.083;22.85;30.8;
6513;2020-09-28 13:00:00;1.98;;;;26.0;89.0;17.86;731.5;0.0;63.0;;0.073;22.09;13.8;
6514;2020-09-28 14:00:00;1.96;;;;28.0;53.0;15.84;731.0;0.0;60.0;;0.275;22.78;11.9;
6515;2020-09-28 15:00:00;1.96;;;;30.0;44.0;15.03;730.5;0.0;55.0;5.5;0.314;24.16;20.2;
6516;2020-09-28 16:00:00;1.95;;;;29.0;39.0;14.41;730.4;0.0;56.0;5.8;0.181;23.09;19.5;
6517;2020-09-28 17:00:00;1.95;;;;28.0;47.0;13.68;730.5;0.0;55.0;5.8;0.113;23.0;20.2;
6518;2020-09-28 18:00:00;1.95;;;;26.0;23.0;13.43;731.2;0.0;53.0;5.6;0.021;22.27;19.4;
6519;2020-09-28 19:00:00;1.95;;;;28.0;62.0;11.47;732.1;0.0;48.0;5.7;0.008;22.14;16.3;
6520;2020-09-28 20:00:00;1.95;;;;29.0;7.0;;733.0;0.0;42.0;5.7;0.007;22.34;13.3;
6521;2020-09-28 21:00:00;1.97;;;;25.0;7.0;;733.8;0.0;43.0;;0.007;22.28;4.9;
6522;2020-09-28 22:00:00;1.98;;;;26.0;8.0;;734.4;0.0;42.0;;0.007;22.48;5.2;
6523;2020-09-28 23:00:00;1.98;;;;28.0;9.0;;734.6;0.0;39.0;;0.007;22.4;4.0;
6524;2020-09-29 00:00:00;1.97;;;;30.0;12.0;9.0;734.5;0.0;39.0;5.4;0.007;22.28;3.4;352.0
6525;2020-09-29 01:00:00;1.97;;;;33.0;13.0;8.54;734.5;0.0;37.0;5.5;0.007;22.47;4.9;352.0
6526;2020-09-29 02:00:00;1.96;;;;27.0;7.0;;734.5;0.0;40.0;5.6;0.007;21.94;2.9;352.0
6527;2020-09-29 03:00:00;1.95;;;;29.0;9.0;;734.5;0.0;39.0;5.6;0.007;21.87;7.7;
6528;2020-09-29 04:00:00;1.95;;;;26.0;20.0;10.38;734.9;0.0;40.0;5.4;0.007;21.38;7.7;
6529;2020-09-29 05:00:00;1.95;;;;18.0;22.0;11.06;735.2;0.0;46.0;5.5;0.007;20.51;2.9;
6530;2020-09-29 06:00:00;1.96;;;;14.0;21.0;;735.7;0.0;48.0;5.6;0.007;20.11;2.9;
6531;2020-09-29 07:00:00;1.96;;;;15.0;20.0;10.37;736.1;0.0;45.0;5.6;0.014;20.07;3.4;
6532;2020-09-29 08:00:00;2.0;;;;17.0;16.0;9.5;736.3;0.0;39.0;5.4;0.107;21.4;6.1;
6533;2020-09-29 09:00:00;2.01;;;;29.0;23.0;9.33;736.6;0.0;33.0;5.5;0.271;23.51;6.6;353.0
6534;2020-09-29 10:00:00;1.98;;;;37.0;28.0;7.87;736.5;0.0;32.0;5.6;0.414;23.93;10.0;352.0
6535;2020-09-29 11:00:00;1.97;;;;43.0;23.0;6.84;736.2;0.0;30.0;5.7;0.494;24.65;10.6;352.0
6536;2020-09-29 12:00:00;1.96;;;;49.0;17.0;6.97;735.7;0.0;29.0;5.7;0.516;24.62;11.7;352.0
6537;2020-09-29 13:00:00;1.96;;;;52.0;11.0;7.41;735.1;0.0;29.0;5.6;0.577;25.2;13.1;
6538;2020-09-29 14:00:00;1.95;;;;55.0;17.0;7.34;734.5;0.0;28.0;5.7;0.562;25.72;16.0;
6539;2020-09-29 15:00:00;1.93;;;;51.0;15.0;6.51;734.0;0.0;27.0;5.6;0.49;26.5;14.0;
6540;2020-09-29 16:00:00;1.94;;;;50.0;12.0;6.4;733.5;0.0;25.0;5.5;0.339;26.49;12.4;
6541;2020-09-29 17:00:00;1.92;;;;48.0;19.0;6.72;733.4;0.0;25.0;5.6;0.246;26.49;13.3;
6542;2020-09-29 18:00:00;1.89;;;;44.0;28.0;7.28;733.4;0.0;27.0;5.7;0.082;25.71;11.5;
6543;2020-09-29 19:00:00;1.89;;;;32.0;51.0;8.34;733.4;0.0;32.0;5.7;0.01;23.39;6.9;
6544;2020-09-29 20:00:00;1.96;;;;34.0;19.0;10.18;733.6;0.0;35.0;5.8;0.007;22.59;10.7;
6545;2020-09-29 21:00:00;2.01;;;;32.0;37.0;9.66;733.9;0.0;39.0;5.5;0.007;21.82;9.8;
6546;2020-09-29 22:00:00;2.04;;;;22.0;27.0;11.52;733.9;0.0;49.0;5.6;0.007;19.88;5.8;
6547;2020-09-29 23:00:00;2.06;;;;17.0;24.0;14.28;733.8;0.0;58.0;5.6;0.007;17.98;3.9;
6548;2020-09-30 00:00:00;2.0;;;;17.0;22.0;9.73;733.3;0.0;58.0;;0.007;17.57;3.5;
6549;2020-09-30 01:00:00;1.96;;;;25.0;24.0;8.16;733.0;0.0;57.0;;0.007;17.6;7.6;
6550;2020-09-30 02:00:00;1.91;;;;26.0;18.0;7.89;733.0;0.0;56.0;;0.007;17.73;9.0;
6551;2020-09-30 03:00:00;1.89;;;;25.0;11.0;7.92;732.9;0.0;60.0;;0.007;16.92;8.4;
6552;2020-09-30 04:00:00;1.9;;;;22.0;12.0;8.19;732.6;0.0;63.0;;0.007;16.34;5.7;
6553;2020-09-30 05:00:00;1.87;;;;21.0;12.0;8.08;732.7;0.0;64.0;;0.007;15.84;6.6;
6554;2020-09-30 06:00:00;1.92;;;;14.0;6.0;;733.0;0.0;66.0;;0.007;15.57;8.1;
6555;2020-09-30 07:00:00;2.1;;;;7.0;10.0;;733.1;0.0;69.0;5.7;0.012;15.13;5.6;
6556;2020-09-30 08:00:00;2.27;;;;6.0;16.0;13.44;733.3;0.0;60.0;5.7;0.09;18.35;3.0;
6557;2020-09-30 09:00:00;2.27;;;;14.0;20.0;13.99;733.4;0.0;43.0;;0.28;23.06;4.9;
6558;2020-09-30 10:00:00;2.3;;;;28.0;13.0;;733.5;0.0;38.0;;0.403;23.79;9.3;
6559;2020-09-30 11:00:00;2.17;;;;49.0;11.0;;733.1;0.0;35.0;5.8;0.507;25.31;12.9;
6560;2020-09-30 12:00:00;2.05;;;;56.0;31.0;14.45;732.8;0.0;33.0;5.7;0.567;26.28;17.3;
6561;2020-09-30 13:00:00;1.96;;;;56.0;12.0;11.32;732.3;0.0;31.0;5.6;0.587;27.09;19.3;
6562;2020-09-30 14:00:00;1.96;;;;56.0;6.0;;731.7;0.0;31.0;5.7;0.56;27.51;13.4;
6563;2020-09-30 15:00:00;1.96;;;;53.0;;10.6;731.1;0.0;31.0;5.6;0.49;28.19;17.2;
6564;2020-09-30 16:00:00;1.93;;;;51.0;3.0;;730.8;0.0;29.0;5.5;0.381;28.59;18.3;
6565;2020-09-30 17:00:00;1.92;;;;51.0;4.0;;730.6;0.0;30.0;5.8;0.239;28.19;17.7;
6566;2020-09-30 18:00:00;1.94;;;;48.0;8.0;;730.4;0.0;31.0;5.7;0.083;27.28;14.5;
6567;2020-09-30 19:00:00;1.97;;;;42.0;59.0;10.66;730.8;0.0;32.0;5.7;0.01;25.35;13.5;
6568;2020-09-30 20:00:00;1.97;;;;40.0;7.0;;731.3;0.0;31.0;;0.007;24.62;11.7;
6569;2020-09-30 21:00:00;1.99;;;;37.0;5.0;;731.5;0.0;31.0;;0.007;23.79;9.3;
6570;2020-09-30 22:00:00;2.04;;;;26.0;6.0;;731.5;0.0;42.0;5.8;0.007;21.94;8.1;
6571;2020-09-30 23:00:00;2.05;;;;21.0;;10.39;731.6;0.0;49.0;5.7;0.007;19.74;6.4;
6572;2020-10-01 00:00:00;;;;;;;;;;;;;;;
6573;2020-10-01 01:00:00;2.06;;;;12.0;8.0;;731.5;0.0;54.0;5.7;0.007;18.45;5.9;352.0
6574;2020-10-01 02:00:00;2.01;;;;15.0;;10.22;731.5;0.0;63.0;5.7;0.007;16.96;3.9;352.0
6575;2020-10-01 03:00:00;1.96;;;;17.0;;8.75;731.3;0.0;66.0;5.6;0.007;16.09;5.8;352.0
6576;2020-10-01 04:00:00;1.93;;;;16.0;;8.48;731.5;0.0;66.0;5.6;0.007;15.92;3.5;
6577;2020-10-01 05:00:00;1.96;;;;9.0;;10.79;731.5;0.0;69.0;;0.007;15.27;5.4;
6578;2020-10-01 06:00:00;1.97;;;;6.0;;10.84;731.9;0.0;69.0;5.7;0.007;15.18;5.4;
6579;2020-10-01 07:00:00;2.05;;;;3.0;;12.6;732.4;0.0;75.0;5.9;0.012;14.51;3.6;
6580;2020-10-01 08:00:00;2.24;;;;5.0;;16.36;733.0;0.0;63.0;5.9;0.089;18.46;4.0;
6581;2020-10-01 09:00:00;2.28;;;;10.0;2.0;;733.4;0.0;47.0;5.8;0.272;22.38;8.3;
6582;2020-10-01 10:00:00;2.45;;;;11.0;18.0;;733.7;0.0;39.0;5.8;0.398;24.31;5.5;
6583;2020-10-01 11:00:00;2.58;;;;36.0;59.0;47.04;733.8;0.0;35.0;5.9;0.496;25.49;10.6;
6584;2020-10-01 12:00:00;2.33;;;;56.0;36.0;24.42;733.6;0.0;31.0;5.9;0.561;26.7;14.3;
6585;2020-10-01 13:00:00;2.03;;;;60.0;37.0;13.8;733.1;0.0;28.0;5.8;0.586;28.08;13.8;
6586;2020-10-01 14:00:00;2.04;;;;68.0;2.0;;732.6;0.0;28.0;5.6;0.558;28.78;8.8;
6587;2020-10-01 15:00:00;1.97;;;;69.0;4.0;;732.1;0.0;26.0;5.8;0.486;29.29;16.7;
6588;2020-10-01 16:00:00;2.02;;;;65.0;9.0;;731.9;0.0;20.0;5.6;0.382;29.66;16.7;
6589;2020-10-01 17:00:00;2.06;;;;59.0;10.0;8.22;731.9;0.0;20.0;5.5;0.241;29.02;18.9;
6590;2020-10-01 18:00:00;2.02;;;;51.0;6.0;;731.9;0.0;24.0;5.7;0.092;27.86;14.6;
6591;2020-10-01 19:00:00;2.03;;;;41.0;42.0;8.04;732.2;0.0;30.0;5.7;0.01;25.42;9.4;
6592;2020-10-01 20:00:00;2.01;;;;37.0;2.0;;732.3;0.0;33.0;5.8;0.007;24.52;8.5;
6593;2020-10-01 21:00:00;2.08;;;;23.0;;9.18;732.7;0.0;36.0;5.9;0.007;23.2;5.7;
6594;2020-10-01 22:00:00;2.21;;;;15.0;5.0;;733.2;0.0;38.0;6.0;0.007;23.5;13.3;
6595;2020-10-01 23:00:00;2.07;;;;38.0;39.0;12.14;733.4;0.0;44.0;5.2;0.007;23.35;14.4;
6596;2020-10-02 00:00:00;2.04;;;;59.0;22.0;9.99;733.4;0.0;48.0;4.4;0.007;23.33;16.3;
6597;2020-10-02 01:00:00;2.0;;;;56.0;13.0;8.92;733.4;0.0;48.0;4.6;0.007;23.1;14.2;
6598;2020-10-02 02:00:00;1.96;;;;55.0;;9.78;733.3;0.0;51.0;4.4;0.007;22.46;16.5;
6599;2020-10-02 03:00:00;1.98;;;;47.0;2.0;;733.0;0.0;58.0;4.2;0.007;20.69;8.8;
6600;2020-10-02 04:00:00;1.96;;;;29.0;;9.67;733.0;0.0;64.0;4.1;0.007;18.75;4.7;
6601;2020-10-02 05:00:00;1.98;;;;19.0;;14.2;733.1;0.0;70.0;4.1;0.007;17.94;4.0;
6602;2020-10-02 06:00:00;2.03;;;;4.0;;21.06;733.5;0.0;77.0;4.2;0.007;16.86;2.9;
6603;2020-10-02 07:00:00;2.17;;;;3.0;;21.71;733.9;0.0;79.0;4.3;0.011;16.54;2.9;
6604;2020-10-02 08:00:00;2.28;;;;5.0;14.0;;734.2;0.0;70.0;4.3;0.07;18.87;6.0;
6605;2020-10-02 09:00:00;2.21;;;;16.0;16.0;;734.3;0.0;54.0;4.7;0.251;22.74;7.8;
6606;2020-10-02 10:00:00;2.29;;;;20.0;23.0;;734.5;0.0;46.0;4.8;0.379;25.3;6.7;
6607;2020-10-02 11:00:00;2.21;;;;47.0;38.0;18.19;734.3;0.0;43.0;4.5;0.487;26.16;14.0;
6608;2020-10-02 12:00:00;2.05;;;;56.0;4.0;;733.9;0.0;41.0;4.6;0.556;26.97;14.6;
6609;2020-10-02 13:00:00;2.03;;;;56.0;12.0;11.97;733.2;0.0;39.0;4.5;0.579;27.64;20.1;
6610;2020-10-02 14:00:00;2.02;;;;56.0;14.0;10.26;732.7;0.0;36.0;4.5;0.553;28.22;17.3;
6611;2020-10-02 15:00:00;1.95;;;;44.0;11.0;7.41;732.0;0.0;33.0;;0.485;28.59;10.1;
6612;2020-10-02 16:00:00;1.96;;;;39.0;11.0;6.38;731.6;0.0;33.0;;0.377;28.45;22.3;
6613;2020-10-02 17:00:00;1.92;;;;34.0;7.0;5.97;731.5;0.0;32.0;4.6;0.242;28.06;22.7;
6614;2020-10-02 18:00:00;1.97;;;;31.0;3.0;;731.5;0.0;33.0;4.4;0.095;27.23;18.8;
6615;2020-10-02 19:00:00;1.98;;;;30.0;44.0;8.61;731.5;0.0;35.0;4.6;0.012;25.61;15.1;
6616;2020-10-02 20:00:00;1.97;;;;35.0;3.0;;731.5;0.0;35.0;4.6;0.007;25.15;15.6;
6617;2020-10-02 21:00:00;1.96;;;;39.0;14.0;8.05;731.8;0.0;35.0;4.5;0.007;25.01;16.9;
6618;2020-10-02 22:00:00;1.95;;;;36.0;18.0;9.21;732.0;0.0;40.0;4.5;0.007;24.53;15.9;
6619;2020-10-02 23:00:00;2.02;;;;27.0;25.0;16.12;732.0;0.0;42.0;4.4;0.007;22.61;15.3;
6620;2020-10-03 00:00:00;2.02;;;;28.0;23.0;19.07;731.7;0.0;45.0;4.5;0.007;22.15;15.0;
6621;2020-10-03 01:00:00;2.05;;;;22.0;43.0;;731.5;0.0;50.0;4.5;0.007;21.12;17.3;
6622;2020-10-03 02:00:00;2.03;;;;31.0;77.0;17.25;731.4;0.0;54.0;;0.007;20.74;23.9;
6623;2020-10-03 03:00:00;1.99;;;;37.0;36.0;11.65;731.1;0.0;62.0;;0.007;20.09;8.9;
6624;2020-10-03 04:00:00;1.98;;;;27.0;38.0;14.39;730.9;0.0;69.0;4.6;0.007;18.58;6.0;
6625;2020-10-03 05:00:00;2.0;;;;17.0;30.0;14.06;730.7;0.0;74.0;4.5;0.007;17.37;4.1;
6626;2020-10-03 06:00:00;2.04;;;;8.0;44.0;17.54;730.5;0.0;74.0;4.5;0.007;17.03;4.1;
6627;2020-10-03 07:00:00;2.1;;;;4.0;33.0;20.19;730.6;0.0;74.0;4.6;0.011;16.96;6.2;
6628;2020-10-03 08:00:00;2.16;;;;6.0;51.0;22.18;730.8;0.0;62.0;4.6;0.071;19.68;6.8;
6629;2020-10-03 09:00:00;2.22;;;;11.0;56.0;33.75;731.1;0.0;55.0;4.7;0.241;22.53;9.0;
6630;2020-10-03 10:00:00;2.37;;;;22.0;88.0;43.85;731.2;0.0;58.0;4.7;0.368;23.99;9.5;
6631;2020-10-03 11:00:00;2.34;;;;36.0;92.0;33.02;731.1;0.0;52.0;;0.474;25.08;10.3;
6632;2020-10-03 12:00:00;2.25;;;;49.0;88.0;23.43;730.8;0.0;43.0;4.5;0.545;26.54;8.8;
6633;2020-10-03 13:00:00;2.22;;;;61.0;66.0;24.75;730.3;0.0;40.0;4.6;0.559;27.54;12.8;
6634;2020-10-03 14:00:00;2.16;;;;73.0;71.0;24.49;729.8;0.0;40.0;4.5;0.534;28.27;15.8;
6635;2020-10-03 15:00:00;2.12;;;;76.0;65.0;22.96;729.2;0.0;39.0;4.5;0.468;29.23;19.4;
6636;2020-10-03 16:00:00;2.08;;;;59.0;77.0;17.49;728.9;0.0;37.0;;0.366;29.84;20.3;
6637;2020-10-03 17:00:00;2.04;;;;52.0;45.0;15.95;728.9;0.0;37.0;;0.233;29.96;16.5;
6638;2020-10-03 18:00:00;2.01;;;;48.0;54.0;16.47;728.9;0.0;38.0;4.4;0.091;29.37;11.9;
6639;2020-10-03 19:00:00;2.02;;;;45.0;61.0;18.19;728.9;0.0;39.0;4.5;0.011;27.53;9.9;
6640;2020-10-03 20:00:00;2.08;;;;38.0;51.0;20.95;729.2;0.0;39.0;4.5;0.007;26.99;8.8;
6641;2020-10-03 21:00:00;2.55;;;;17.0;51.0;45.16;729.8;0.0;45.0;4.6;0.007;25.82;12.6;
6642;2020-10-03 22:00:00;2.04;;;;36.0;105.0;17.45;730.2;0.0;55.0;4.5;0.007;24.85;26.0;
6643;2020-10-03 23:00:00;1.98;;;;34.0;88.0;12.96;730.6;0.0;65.0;4.6;0.007;23.52;27.3;
6644;2020-10-04 00:00:00;1.99;;;;32.0;72.0;11.97;730.6;0.0;69.0;4.4;0.007;22.77;19.9;
6645;2020-10-04 01:00:00;2.01;;;;30.0;59.0;11.79;730.7;0.0;74.0;4.4;0.007;21.86;13.4;
6646;2020-10-04 02:00:00;2.03;;;;23.0;39.0;14.95;730.8;0.0;80.0;4.3;0.007;20.73;15.7;
6647;2020-10-04 03:00:00;2.02;;;;21.0;64.0;17.1;730.8;0.0;85.0;4.4;0.007;19.81;7.9;
6648;2020-10-04 04:00:00;2.04;;;;15.0;63.0;14.23;730.7;0.0;89.0;4.3;0.007;19.06;2.9;
6649;2020-10-04 05:00:00;2.02;;;;10.0;57.0;14.36;730.6;0.0;90.0;4.4;0.007;18.77;2.9;
6650;2020-10-04 06:00:00;2.06;;;;8.0;62.0;18.16;731.0;0.0;89.0;4.5;0.007;19.34;2.9;
6651;2020-10-04 07:00:00;2.07;;;;17.0;58.0;27.56;731.4;0.0;86.0;4.4;0.009;20.03;3.3;
6652;2020-10-04 08:00:00;2.15;;;;14.0;76.0;37.03;731.9;0.0;81.0;4.5;0.043;20.76;7.2;
6653;2020-10-04 09:00:00;2.19;;;;17.0;90.0;36.62;732.6;0.0;76.0;4.4;0.137;21.82;10.4;
6654;2020-10-04 10:00:00;2.23;;;;19.0;90.0;41.34;732.9;0.0;66.0;4.4;0.334;24.39;9.5;
6655;2020-10-04 11:00:00;2.23;;;;26.0;96.0;40.69;733.0;0.0;59.0;;0.461;26.06;8.5;
6656;2020-10-04 12:00:00;2.24;;;;53.0;102.0;37.54;733.0;0.0;56.0;4.5;0.526;26.68;12.0;
6657;2020-10-04 13:00:00;2.13;;;;63.0;90.0;29.53;732.6;0.0;50.0;4.5;0.557;27.83;21.2;
6658;2020-10-04 14:00:00;2.08;;;;58.0;95.0;24.4;732.2;0.0;46.0;4.3;0.537;28.91;22.0;
6659;2020-10-04 15:00:00;2.02;;;;43.0;65.0;18.25;731.9;0.0;43.0;4.4;0.463;29.29;16.6;
6660;2020-10-04 16:00:00;2.01;;;;39.0;64.0;14.94;731.9;0.0;42.0;4.4;0.345;29.12;24.4;
6661;2020-10-04 17:00:00;1.96;;;;39.0;60.0;13.07;731.9;0.0;38.0;;0.227;29.07;20.7;
6662;2020-10-04 18:00:00;1.99;;;;36.0;48.0;13.9;731.9;0.0;42.0;;0.087;28.14;16.8;
6663;2020-10-04 19:00:00;2.03;;;;34.0;55.0;15.47;732.1;0.0;49.0;;0.01;26.68;15.7;
6664;2020-10-04 20:00:00;2.01;;;;34.0;52.0;12.26;732.6;0.0;49.0;;0.007;26.28;15.1;
6665;2020-10-04 21:00:00;1.98;;;;40.0;55.0;9.97;733.0;0.0;46.0;;0.007;25.58;14.4;
6666;2020-10-04 22:00:00;1.97;;;;44.0;49.0;10.79;733.3;0.0;48.0;;0.007;24.75;9.8;
6667;2020-10-04 23:00:00;1.97;;;;49.0;60.0;9.74;733.4;0.0;50.0;4.5;0.007;24.43;11.8;
6668;2020-10-05 00:00:00;2.0;;;;43.0;59.0;10.34;733.3;0.0;53.0;4.5;0.007;23.61;14.8;
6669;2020-10-05 01:00:00;2.02;;;;38.0;58.0;20.76;733.0;0.0;60.0;4.4;0.007;22.2;13.2;
6670;2020-10-05 02:00:00;1.98;;;;41.0;72.0;10.64;732.9;0.0;62.0;3.8;0.007;22.33;17.3;
6671;2020-10-05 03:00:00;1.99;;;;35.0;51.0;10.04;732.7;0.0;64.0;3.9;0.007;21.6;7.7;
6672;2020-10-05 04:00:00;2.02;;;;24.0;45.0;12.83;732.6;0.0;74.0;4.2;0.007;19.7;5.8;
6673;2020-10-05 05:00:00;2.02;;;;21.0;58.0;12.78;732.6;0.0;80.0;4.4;0.007;19.1;5.8;
6674;2020-10-05 06:00:00;2.04;;;;6.0;49.0;13.34;732.8;0.0;84.0;4.6;0.007;17.94;3.9;
6675;2020-10-05 07:00:00;1.49;;;;3.0;34.0;;733.3;0.0;86.0;3.1;0.011;17.73;3.6;
6676;2020-10-05 08:00:00;2.27;;;;5.0;;21.78;733.8;0.0;72.0;5.1;0.075;20.18;8.8;
6677;2020-10-05 09:00:00;2.24;;;;15.0;106.0;23.07;734.0;0.0;56.0;5.1;0.235;22.7;10.5;
6678;2020-10-05 10:00:00;2.29;;;;19.0;83.0;26.97;734.2;0.0;50.0;5.2;0.366;25.14;8.8;
6679;2020-10-05 11:00:00;2.44;;;;26.0;112.0;32.48;734.1;0.0;50.0;5.5;0.459;26.86;8.3;
6680;2020-10-05 12:00:00;2.43;;;;49.0;104.0;29.52;733.9;0.0;48.0;5.4;0.528;27.43;11.8;
6681;2020-10-05 13:00:00;2.25;;;;62.0;98.0;22.62;733.2;0.0;42.0;5.6;0.552;28.29;19.4;
6682;2020-10-05 14:00:00;2.16;;;;62.0;91.0;17.95;732.6;0.0;38.0;5.6;0.533;29.08;21.8;
6683;2020-10-05 15:00:00;2.06;;;;58.0;64.0;16.43;732.0;0.0;35.0;5.5;0.473;29.83;18.1;
6684;2020-10-05 16:00:00;2.1;;;;54.0;56.0;16.37;731.7;0.0;33.0;5.8;0.366;30.01;18.3;
6685;2020-10-05 17:00:00;2.08;;;;51.0;60.0;18.43;731.5;0.0;34.0;6.0;0.228;29.82;17.1;
6686;2020-10-05 18:00:00;2.11;;;;41.0;66.0;16.15;731.5;0.0;36.0;6.0;0.086;28.59;15.6;
6687;2020-10-05 19:00:00;2.07;;;;39.0;62.0;13.61;731.4;0.0;35.0;;0.01;26.94;13.6;
6688;2020-10-05 20:00:00;2.07;;;;41.0;54.0;11.72;731.5;0.0;31.0;6.2;0.007;26.71;16.2;
6689;2020-10-05 21:00:00;2.03;;;;43.0;53.0;11.36;731.6;0.0;29.0;5.7;0.007;26.59;16.1;
6690;2020-10-05 22:00:00;1.99;;;;44.0;49.0;10.92;731.9;0.0;29.0;5.7;0.007;26.41;15.8;
6691;2020-10-05 23:00:00;2.05;;;;31.0;41.0;14.76;731.9;0.0;41.0;5.9;0.007;23.97;8.0;
6692;2020-10-06 00:00:00;2.13;;;;13.0;54.0;23.94;731.7;0.0;44.0;5.9;0.007;21.86;9.3;
6693;2020-10-06 01:00:00;2.16;;;;11.0;72.0;22.63;731.5;0.0;50.0;6.0;0.007;20.29;4.1;
6694;2020-10-06 02:00:00;2.14;;;;13.0;60.0;19.69;731.5;0.0;58.0;6.1;0.007;19.02;5.0;
6695;2020-10-06 03:00:00;2.13;;;;12.0;53.0;19.11;731.2;0.0;61.0;6.1;0.007;18.54;6.1;
6696;2020-10-06 04:00:00;2.13;;;;8.0;56.0;21.5;731.1;0.0;62.0;6.0;0.007;18.37;5.8;
6697;2020-10-06 05:00:00;2.14;;;;6.0;64.0;22.25;731.0;0.0;63.0;6.2;0.007;18.39;7.3;
6698;2020-10-06 06:00:00;2.15;;;;3.0;70.0;23.82;731.1;0.0;63.0;6.2;0.007;18.25;8.1;
6699;2020-10-06 07:00:00;2.2;;;;3.0;74.0;25.28;731.3;0.0;65.0;;0.011;17.85;7.9;
6700;2020-10-06 08:00:00;2.27;;;;5.0;61.0;25.47;731.5;0.0;59.0;6.5;0.077;20.03;5.4;
6701;2020-10-06 09:00:00;2.39;;;;8.0;73.0;29.29;731.9;0.0;46.0;6.2;0.239;23.39;8.0;
6702;2020-10-06 10:00:00;2.54;;;;12.0;94.0;48.29;732.2;0.0;42.0;6.5;0.368;25.93;7.4;
6703;2020-10-06 11:00:00;2.52;;;;37.0;154.0;32.62;732.5;0.0;37.0;6.4;0.475;27.09;7.5;
6704;2020-10-06 12:00:00;2.36;;;;57.0;97.0;25.84;732.4;0.0;35.0;6.4;0.54;28.03;11.0;
6705;2020-10-06 13:00:00;2.32;;;;77.0;69.0;32.14;731.7;0.0;36.0;6.5;0.572;28.85;14.5;
6706;2020-10-06 14:00:00;2.23;;;;75.0;88.0;31.42;731.4;0.0;35.0;6.3;0.551;29.7;17.6;
6707;2020-10-06 15:00:00;2.12;;;;78.0;89.0;24.83;731.0;0.0;35.0;6.3;0.425;29.9;18.2;
6708;2020-10-06 16:00:00;2.11;;;;74.0;76.0;23.74;730.6;0.0;35.0;6.5;0.319;29.83;19.0;
6709;2020-10-06 17:00:00;2.09;;;;71.0;62.0;24.87;730.5;0.0;35.0;6.6;0.171;29.12;16.4;
6710;2020-10-06 18:00:00;2.14;;;;63.0;71.0;22.17;730.8;0.0;36.0;6.5;0.097;28.53;15.7;
6711;2020-10-06 19:00:00;2.1;;;;50.0;45.0;20.83;730.8;0.0;39.0;6.6;0.01;26.67;11.3;
6712;2020-10-06 20:00:00;2.07;;;;50.0;42.0;20.51;731.1;0.0;40.0;6.5;0.007;25.81;7.8;
6713;2020-10-06 21:00:00;2.23;;;;34.0;53.0;24.74;731.5;0.0;50.0;6.7;0.007;23.68;3.2;
6714;2020-10-06 22:00:00;2.27;;;;33.0;55.0;27.41;731.5;0.0;55.0;6.6;0.007;22.51;4.4;
6715;2020-10-06 23:00:00;2.3;;;;22.0;47.0;34.02;731.6;0.0;54.0;6.4;0.007;22.66;7.4;
6716;2020-10-07 00:00:00;2.33;;;;15.0;62.0;36.13;731.5;0.0;56.0;6.4;0.007;22.1;8.1;
6717;2020-10-07 01:00:00;2.3;;;;27.0;51.0;26.36;731.2;0.0;56.0;6.5;0.007;22.08;5.9;
6718;2020-10-07 02:00:00;2.31;;;;25.0;34.0;24.53;731.1;0.0;59.0;6.6;0.007;21.48;3.6;
6719;2020-10-07 03:00:00;2.26;;;;28.0;35.0;22.35;730.9;0.0;63.0;6.6;0.007;20.77;4.4;
6720;2020-10-07 04:00:00;2.23;;;;26.0;20.0;;730.8;0.0;67.0;6.5;0.007;19.9;2.9;
6721;2020-10-07 05:00:00;2.2;;;;16.0;21.0;;731.1;0.0;73.0;6.3;0.007;18.99;2.9;
6722;2020-10-07 06:00:00;2.2;;;;7.0;21.0;;731.5;0.0;76.0;6.5;0.007;18.71;3.1;
6723;2020-10-07 07:00:00;2.25;;;;3.0;29.0;23.42;731.6;0.0;77.0;6.5;0.015;18.53;3.2;
6724;2020-10-07 08:00:00;2.3;;;;7.0;27.0;;731.8;0.0;65.0;;0.056;20.44;6.2;
6725;2020-10-07 09:00:00;2.42;;;;11.0;48.0;38.13;732.1;0.0;54.0;6.7;0.168;21.86;11.5;
6726;2020-10-07 10:00:00;2.44;;;;21.0;102.0;41.34;732.3;0.0;45.0;6.6;0.303;24.51;9.4;
6727;2020-10-07 11:00:00;2.46;;;;30.0;79.0;42.19;732.3;0.0;43.0;6.8;0.222;25.11;9.0;
6728;2020-10-07 12:00:00;2.46;;;;44.0;81.0;42.97;732.1;0.0;40.0;6.7;0.391;26.97;9.9;
6729;2020-10-07 13:00:00;2.45;;;;62.0;77.0;41.81;731.7;0.0;40.0;6.6;0.374;28.72;9.0;
6730;2020-10-07 14:00:00;2.21;;;;73.0;55.0;27.75;731.4;0.0;39.0;6.7;0.535;29.15;13.2;
6731;2020-10-07 15:00:00;2.19;;;;78.0;33.0;28.98;730.9;0.0;38.0;6.6;0.448;29.74;14.9;
6732;2020-10-07 16:00:00;2.2;;;;79.0;33.0;29.92;730.4;0.0;38.0;6.7;0.235;29.13;10.7;
6733;2020-10-07 17:00:00;2.19;;;;77.0;52.0;28.01;730.1;0.0;39.0;6.5;0.221;29.28;14.2;
6734;2020-10-07 18:00:00;2.17;;;;65.0;88.0;27.81;730.0;0.0;41.0;6.6;0.081;28.18;11.7;
6735;2020-10-07 19:00:00;2.15;;;;57.0;6.0;;730.2;0.0;48.0;6.7;0.01;26.21;9.0;
6736;2020-10-07 20:00:00;2.17;;;;37.0;8.0;;730.6;0.0;56.0;6.7;0.007;24.28;3.3;
6737;2020-10-07 21:00:00;2.28;;;;32.0;34.0;;731.0;0.0;59.0;;0.007;23.16;2.9;
6738;2020-10-07 22:00:00;2.32;;;;26.0;14.0;;731.3;0.0;59.0;6.8;0.007;22.78;2.9;
6739;2020-10-07 23:00:00;2.2;;;;48.0;;26.2;731.5;0.0;52.0;6.6;0.007;24.21;8.9;
6740;2020-10-08 00:00:00;2.29;;;;47.0;;28.44;731.3;0.0;58.0;6.5;0.007;22.71;7.8;352.0
6741;2020-10-08 01:00:00;2.28;;;;38.0;;28.75;731.0;0.0;66.0;6.6;0.007;21.1;6.3;352.0
6742;2020-10-08 02:00:00;2.26;;;;35.0;;28.61;730.6;0.0;69.0;6.6;0.007;20.37;5.7;352.0
6743;2020-10-08 03:00:00;2.21;;;;36.0;;27.37;730.2;0.0;68.0;6.5;0.007;20.18;8.7;358.0
6744;2020-10-08 04:00:00;2.19;;;;41.0;;30.15;729.8;0.0;62.0;6.2;0.007;21.04;11.5;353.0
6745;2020-10-08 05:00:00;2.18;;;;38.0;;32.56;729.9;0.0;61.0;6.4;0.007;20.87;11.5;352.0
6746;2020-10-08 06:00:00;2.2;;;;28.0;;32.76;730.1;0.0;61.0;6.6;0.007;20.54;11.2;352.0
6747;2020-10-08 07:00:00;2.26;;;;11.0;;33.33;730.4;0.0;67.0;6.6;0.012;19.41;9.3;352.0
6748;2020-10-08 08:00:00;2.3;;;;19.0;;29.92;730.7;0.0;58.0;;0.079;21.03;13.5;
6749;2020-10-08 09:00:00;2.23;;;;33.0;;28.0;731.3;0.0;46.0;6.5;0.234;23.7;13.0;
6750;2020-10-08 10:00:00;2.33;;;;33.0;;34.88;731.5;0.0;41.0;6.5;0.365;26.21;10.6;
6751;2020-10-08 11:00:00;2.35;;;;48.0;;38.57;731.5;0.0;38.0;6.7;0.462;28.22;7.7;
6752;2020-10-08 12:00:00;2.14;;;;65.0;;26.4;731.2;0.0;35.0;6.6;0.533;29.34;10.6;
6753;2020-10-08 13:00:00;2.05;;;;69.0;;23.37;730.5;0.0;31.0;6.6;0.561;30.15;11.2;
6754;2020-10-08 14:00:00;2.03;;;;76.0;;23.42;729.9;0.0;29.0;6.7;0.537;31.27;9.9;
6755;2020-10-08 15:00:00;2.04;;;;78.0;;22.22;729.1;0.0;27.0;6.6;0.472;31.84;10.8;
6756;2020-10-08 16:00:00;2.0;;;;70.0;;17.77;728.8;0.0;24.0;6.6;0.366;32.23;10.8;
6757;2020-10-08 17:00:00;2.01;;;;65.0;;18.33;728.5;0.0;26.0;;0.224;31.93;10.8;
6758;2020-10-08 18:00:00;2.03;;;;51.0;;16.84;728.5;0.0;29.0;;0.082;30.59;11.9;
6759;2020-10-08 19:00:00;2.11;;;;37.0;;17.81;728.7;0.0;34.0;;0.009;28.13;7.0;
6760;2020-10-08 20:00:00;2.3;;;;16.0;;18.52;728.9;0.0;42.0;6.7;0.007;25.86;3.7;
6761;2020-10-08 21:00:00;2.33;;;;11.0;;19.92;729.3;0.0;50.0;6.7;0.007;23.78;6.5;
6762;2020-10-08 22:00:00;2.35;;;;12.0;;26.95;729.3;0.0;50.0;6.6;0.007;23.44;10.3;
6763;2020-10-08 23:00:00;2.32;;;;12.0;;23.28;729.3;0.0;50.0;6.7;0.007;23.21;10.9;
6764;2020-10-09 00:00:00;2.32;;;;16.0;;19.74;729.0;0.0;53.0;6.6;0.007;22.49;9.3;
6765;2020-10-09 01:00:00;2.3;;;;20.0;;16.78;728.8;0.0;54.0;6.7;0.007;22.13;10.0;
6766;2020-10-09 02:00:00;2.27;;;;25.0;;18.34;728.5;0.0;53.0;7.0;0.007;22.19;9.8;
6767;2020-10-09 03:00:00;2.21;;;;23.0;;17.85;728.4;0.0;55.0;6.7;0.007;21.4;12.0;
6768;2020-10-09 04:00:00;2.16;;;;27.0;;16.79;727.8;0.0;55.0;6.7;0.007;21.04;14.9;
6769;2020-10-09 05:00:00;2.15;;;;34.0;;16.93;727.9;0.0;47.0;6.5;0.007;21.99;14.0;
6770;2020-10-09 06:00:00;2.12;;;;26.0;;17.61;728.1;0.0;48.0;6.8;0.007;21.11;16.3;
6771;2020-10-09 07:00:00;2.12;;;;27.0;;18.21;728.1;0.0;38.0;6.6;0.011;22.23;16.7;
6772;2020-10-09 08:00:00;2.18;;;;18.0;;17.29;728.6;0.0;38.0;6.7;0.076;22.52;14.0;
6773;2020-10-09 09:00:00;2.26;;;;17.0;;21.84;729.0;0.0;37.0;6.6;0.233;24.64;9.6;
6774;2020-10-09 10:00:00;2.3;;;;24.0;;24.63;729.4;0.0;33.0;6.7;0.364;27.82;7.6;
6775;2020-10-09 11:00:00;2.24;;;;43.0;;23.59;729.5;0.0;34.0;6.7;0.461;28.5;9.1;
6776;2020-10-09 12:00:00;2.21;;;;62.0;;26.74;729.0;0.0;30.0;6.8;0.529;30.53;9.4;
6777;2020-10-09 13:00:00;2.23;;;;76.0;;26.95;728.7;0.0;28.0;6.8;0.553;31.42;9.9;
6778;2020-10-09 14:00:00;2.19;;;;88.0;97.0;27.53;728.1;0.0;27.0;6.7;0.521;32.67;9.9;
6779;2020-10-09 15:00:00;2.13;;;;92.0;76.0;26.63;727.4;0.0;25.0;6.7;0.465;34.02;9.2;
6780;2020-10-09 16:00:00;2.13;;;;95.0;75.0;27.79;727.0;0.0;23.0;;0.353;34.51;9.9;
6781;2020-10-09 17:00:00;2.02;;;;69.0;85.0;23.21;727.0;0.0;19.0;6.8;0.217;34.56;9.8;
6782;2020-10-09 18:00:00;2.21;;;;53.0;75.0;24.5;726.9;0.0;24.0;6.7;0.08;32.95;6.6;
6783;2020-10-09 19:00:00;2.44;;;;33.0;111.0;24.5;727.0;0.0;37.0;6.6;0.01;27.35;5.8;
6784;2020-10-09 20:00:00;2.31;;;;27.0;81.0;23.21;727.2;0.0;37.0;6.8;0.007;25.86;7.1;
6785;2020-10-09 21:00:00;2.38;;;;15.0;66.0;23.94;727.4;0.0;37.0;6.6;0.007;24.61;6.4;
6786;2020-10-09 22:00:00;2.46;;;;11.0;54.0;28.31;727.8;0.0;42.0;6.6;0.007;23.56;5.7;
6787;2020-10-09 23:00:00;2.49;;;;19.0;68.0;33.51;727.9;0.0;47.0;;0.007;22.5;8.9;
6788;2020-10-10 00:00:00;2.49;;;;27.0;56.49;31.11;728.1;0.0;49.0;6.5;0.007;21.92;8.6;352.0
6789;2020-10-10 01:00:00;2.44;;;;33.0;50.52;27.4;728.0;0.0;48.0;6.7;0.007;21.84;10.2;352.0
6790;2020-10-10 02:00:00;2.38;;;;34.0;49.24;24.66;727.8;0.0;50.0;6.5;0.007;21.22;10.5;352.0
6791;2020-10-10 03:00:00;2.35;;;;47.0;44.79;23.14;727.6;0.0;44.0;6.6;0.007;22.06;11.5;
6792;2020-10-10 04:00:00;2.29;;;;41.0;43.55;23.16;727.4;0.0;49.0;6.5;0.007;21.22;11.4;
6793;2020-10-10 05:00:00;2.23;;;;43.0;46.05;22.9;727.4;0.0;41.0;6.4;0.007;22.0;14.4;
6794;2020-10-10 06:00:00;2.22;;;;32.0;52.15;22.03;727.5;0.0;33.0;6.5;0.007;22.65;14.5;
6795;2020-10-10 07:00:00;2.25;;;;20.0;66.03;22.99;727.8;0.0;32.0;6.5;0.01;22.29;13.3;
6796;2020-10-10 08:00:00;2.33;;;;11.0;72.39;24.09;728.1;0.0;34.0;6.6;0.077;22.64;8.6;
6797;2020-10-10 09:00:00;2.33;;;;20.0;80.47;25.21;728.6;0.0;28.0;6.5;0.239;26.23;11.6;
6798;2020-10-10 10:00:00;2.37;;;;28.0;90.77;26.66;728.9;0.0;25.0;6.6;0.375;28.76;12.6;
6799;2020-10-10 11:00:00;2.39;;;;34.0;112.45;32.09;729.0;0.0;20.0;6.5;0.478;31.71;9.4;
6800;2020-10-10 12:00:00;2.52;;;;53.0;115.32;37.09;729.0;0.0;17.0;6.6;0.539;34.18;9.6;
6801;2020-10-10 13:00:00;2.45;;;;94.0;124.83;40.15;728.6;0.0;17.0;6.7;0.548;34.09;15.6;
6802;2020-10-10 14:00:00;2.28;;;;116.0;97.55;34.04;728.0;0.0;17.0;6.4;0.533;35.54;12.3;
6803;2020-10-10 15:00:00;2.23;;;;117.0;93.64;31.54;727.5;0.0;16.0;6.5;0.471;36.59;12.4;
6804;2020-10-10 16:00:00;2.19;;;;109.0;92.47;28.6;727.4;0.0;16.0;6.6;0.364;36.44;14.8;353.0
6805;2020-10-10 17:00:00;2.19;;;;108.0;87.88;29.54;727.3;0.0;19.0;6.6;0.216;35.5;13.2;352.0
6806;2020-10-10 18:00:00;2.32;;;;78.0;93.21;32.43;727.0;0.0;21.0;6.5;0.077;33.68;8.3;352.0
6807;2020-10-10 19:00:00;2.53;;;;32.0;85.02;32.94;727.3;0.0;32.0;6.5;0.009;28.72;5.0;352.0
6808;2020-10-10 20:00:00;2.67;;;;25.0;84.21;39.37;727.4;0.0;37.0;6.3;0.007;26.49;5.5;
6809;2020-10-10 21:00:00;2.84;;;;19.0;90.64;48.15;727.7;0.0;39.0;6.5;0.007;25.57;7.6;
6810;2020-10-10 22:00:00;2.73;;;;30.0;91.64;51.27;727.9;0.0;40.0;6.5;0.007;24.88;6.2;
6811;2020-10-10 23:00:00;2.55;;;;39.0;76.81;40.92;728.1;0.0;39.0;;0.007;24.62;8.4;353.0
6812;2020-10-11 00:00:00;2.58;;;;36.0;72.09;34.45;727.9;0.0;42.0;6.6;0.007;23.28;7.1;352.0
6813;2020-10-11 01:00:00;2.59;;;;29.0;54.97;29.58;727.8;0.0;46.0;6.5;0.007;22.04;7.5;352.0
6814;2020-10-11 02:00:00;2.54;;;;28.0;50.84;28.15;727.7;0.0;49.0;6.5;0.007;20.97;7.8;352.0
6815;2020-10-11 03:00:00;2.43;;;;30.0;47.34;26.92;727.4;0.0;48.0;6.6;0.007;20.45;10.0;
6816;2020-10-11 04:00:00;2.39;;;;39.0;44.33;25.21;727.4;0.0;39.0;6.3;0.007;21.59;11.8;
6817;2020-10-11 05:00:00;2.36;;;;35.0;43.49;24.0;727.4;0.0;37.0;6.5;0.007;21.6;10.8;
6818;2020-10-11 06:00:00;2.27;;;;35.0;40.24;21.78;727.4;0.0;31.0;6.6;0.007;22.37;14.3;
6819;2020-10-11 07:00:00;2.27;;;;33.0;45.01;21.46;727.5;0.0;33.0;6.5;0.009;22.01;13.7;
6820;2020-10-11 08:00:00;2.28;;;;28.0;50.64;21.1;727.8;0.0;33.0;6.6;0.079;22.52;11.5;
6821;2020-10-11 09:00:00;2.24;;;;33.0;56.58;21.68;728.3;0.0;27.0;6.4;0.242;25.78;12.0;
6822;2020-10-11 10:00:00;2.13;;;;41.0;58.26;21.19;728.6;0.0;21.0;6.6;0.377;29.48;9.1;
6823;2020-10-11 11:00:00;2.16;;;;59.0;64.4;25.92;728.7;0.0;20.0;6.5;0.484;32.15;7.7;
6824;2020-10-11 12:00:00;2.24;;;;88.0;73.99;29.76;728.5;0.0;21.0;6.4;0.547;33.13;11.0;
6825;2020-10-11 13:00:00;2.3;;;;104.0;89.41;33.32;728.0;0.0;22.0;6.7;0.561;33.8;12.7;
6826;2020-10-11 14:00:00;2.2;;;;94.0;79.99;32.08;727.4;0.0;23.0;6.5;0.484;34.41;13.8;
6827;2020-10-11 15:00:00;2.2;;;;84.0;69.84;28.58;726.3;0.0;24.0;6.6;0.443;34.69;18.5;
6828;2020-10-11 16:00:00;2.18;;;;87.0;73.1;28.76;726.9;0.0;24.0;6.5;0.349;34.79;18.6;
6829;2020-10-11 17:00:00;2.17;;;;84.0;64.84;28.03;726.7;0.0;25.0;6.5;0.215;34.2;15.1;
6830;2020-10-11 18:00:00;2.16;;;;61.0;55.63;26.25;726.7;0.0;26.0;6.6;0.075;33.5;7.0;
6831;2020-10-11 19:00:00;2.21;;;;44.0;78.55;28.45;726.8;0.0;32.0;6.6;0.009;30.75;8.1;
6832;2020-10-11 20:00:00;2.16;;;;42.0;49.63;23.48;727.1;0.0;33.0;;0.007;30.6;10.3;
6833;2020-10-11 21:00:00;2.08;;;;38.0;38.15;18.38;727.4;0.0;33.0;;0.007;30.01;7.6;
6834;2020-10-11 22:00:00;2.16;;;;32.0;47.29;19.48;727.7;0.0;36.0;;0.007;29.58;11.1;
6835;2020-10-11 23:00:00;2.24;;;;25.0;65.1;24.7;728.1;0.0;50.0;;0.007;27.64;17.4;
6836;2020-10-12 00:00:00;2.19;;;;22.0;44.53;21.77;728.2;0.0;59.0;;0.007;25.78;8.5;
6837;2020-10-12 01:00:00;2.27;;;;10.0;47.43;23.05;728.1;0.0;69.0;;0.007;23.46;5.1;
6838;2020-10-12 02:00:00;2.27;;;;6.0;53.48;25.5;728.2;0.0;77.0;;0.007;22.06;4.3;
6839;2020-10-12 03:00:00;2.28;;;;5.0;45.22;24.28;728.1;0.0;72.0;;0.007;21.34;4.6;
6840;2020-10-12 04:00:00;2.27;;;;6.0;45.18;23.79;727.8;0.0;72.0;6.7;0.007;20.59;4.2;
6841;2020-10-12 05:00:00;2.26;;;;6.0;45.11;24.03;728.1;0.0;67.0;6.7;0.007;20.52;6.5;
6842;2020-10-12 06:00:00;2.28;;;;3.0;45.13;22.88;728.7;0.0;66.0;6.6;0.007;20.41;7.4;
6843;2020-10-12 07:00:00;2.33;;;;2.0;66.28;29.19;729.2;0.0;72.0;6.7;0.011;20.7;8.7;
6844;2020-10-12 08:00:00;2.39;;;;6.0;75.97;27.87;729.7;0.0;47.0;6.6;0.064;22.72;12.4;
6845;2020-10-12 09:00:00;2.4;;;;13.0;76.48;23.57;729.8;0.0;38.0;6.7;0.224;25.65;11.4;
6846;2020-10-12 10:00:00;2.43;;;;21.0;72.3;22.91;730.2;0.0;32.0;6.7;0.368;29.49;7.8;
6847;2020-10-12 11:00:00;2.51;;;;33.0;91.46;30.99;730.7;0.0;28.0;;0.471;31.81;7.4;
6848;2020-10-12 12:00:00;2.53;;;;58.0;93.65;34.39;730.4;0.0;29.0;;0.526;32.62;9.3;
6849;2020-10-12 13:00:00;2.25;;;;65.0;70.06;25.69;729.9;0.0;30.0;6.6;0.55;33.24;15.9;
6850;2020-10-12 14:00:00;2.21;;;;69.0;75.6;26.84;729.5;0.0;32.0;6.6;0.501;33.36;18.2;
6851;2020-10-12 15:00:00;2.17;;;;63.0;52.53;21.03;729.3;0.0;31.0;;0.454;33.65;20.2;
6852;2020-10-12 16:00:00;2.13;;;;58.0;48.85;21.26;729.3;0.0;31.0;;0.349;33.7;19.2;
6853;2020-10-12 17:00:00;2.08;;;;50.0;53.74;19.51;729.6;0.0;30.0;6.5;0.211;33.22;17.6;
6854;2020-10-12 18:00:00;2.17;;;;41.0;54.86;20.16;729.7;0.0;32.0;6.5;0.074;31.59;14.5;
6855;2020-10-12 19:00:00;2.21;;;;31.0;51.59;20.62;730.2;0.0;36.0;6.7;0.009;29.93;10.6;
6856;2020-10-12 20:00:00;2.23;;;;21.0;54.63;21.75;730.5;0.0;42.0;6.6;0.007;28.27;5.2;
6857;2020-10-12 21:00:00;2.28;;;;13.0;43.55;21.73;730.9;0.0;48.0;6.6;0.007;26.81;3.5;
6858;2020-10-12 22:00:00;2.2;;;;21.0;58.24;22.17;731.4;0.0;46.0;6.7;0.007;27.81;8.0;
6859;2020-10-12 23:00:00;2.16;;;;24.0;53.97;22.37;731.9;0.0;53.0;6.7;0.007;27.52;14.3;
6860;2020-10-13 00:00:00;2.13;;;;20.0;48.21;24.19;731.9;0.0;60.0;6.6;0.007;25.83;7.5;352.0
6861;2020-10-13 01:00:00;2.1;;;;21.0;47.26;22.54;731.6;0.0;62.0;6.6;0.007;25.22;8.5;352.0
6862;2020-10-13 02:00:00;2.15;;;;13.0;68.43;32.64;731.5;0.0;73.0;6.7;0.007;24.01;11.2;352.0
6863;2020-10-13 03:00:00;2.16;;;;8.0;70.72;39.29;731.5;0.0;85.0;6.8;0.007;23.03;8.6;
6864;2020-10-13 04:00:00;2.15;;;;8.0;49.32;33.5;731.8;0.0;85.0;6.9;0.007;22.64;2.9;
6865;2020-10-13 05:00:00;2.19;;;;4.0;49.21;32.92;731.9;0.0;86.0;6.6;0.007;21.76;2.9;
6866;2020-10-13 06:00:00;2.21;;;;1.0;54.92;35.1;732.4;0.0;84.0;6.7;0.007;22.58;2.9;
6867;2020-10-13 07:00:00;2.23;;;;2.0;61.36;38.64;733.0;0.0;80.0;6.7;0.009;23.66;;
6868;2020-10-13 08:00:00;2.46;;;;2.0;86.04;36.12;733.4;0.0;68.0;6.8;0.032;24.2;;
6869;2020-10-13 09:00:00;2.55;;;;3.0;76.82;37.17;734.0;0.0;69.0;6.8;0.065;25.0;3.3;
6870;2020-10-13 10:00:00;2.45;;;;6.0;90.39;42.92;734.5;0.0;73.0;;0.112;25.71;7.4;
6871;2020-10-13 11:00:00;2.23;;;;17.0;76.84;41.21;734.6;0.0;73.0;6.7;0.19;26.87;12.9;
6872;2020-10-13 12:00:00;2.2;;;;27.0;67.72;37.22;734.3;0.0;66.0;6.8;0.175;27.7;15.5;
6873;2020-10-13 13:00:00;2.16;;;;33.0;55.64;29.28;733.7;0.0;55.0;6.7;0.465;29.4;18.7;
6874;2020-10-13 14:00:00;2.15;;;;33.0;60.86;31.15;733.0;0.0;53.0;6.7;0.448;30.24;19.1;353.0
6875;2020-10-13 15:00:00;2.13;;;;31.0;49.52;28.49;732.3;0.0;50.0;6.6;0.298;30.54;17.4;353.0
6876;2020-10-13 16:00:00;2.13;;;;30.0;54.82;27.08;731.9;0.0;52.0;6.6;0.101;29.67;16.1;352.0
6877;2020-10-13 17:00:00;2.17;;;;29.0;52.42;26.99;731.7;0.0;51.0;6.7;0.077;29.57;14.8;352.0
6878;2020-10-13 18:00:00;2.18;;;;26.0;43.45;25.04;731.7;0.0;51.0;6.7;0.052;29.22;11.9;352.0
6879;2020-10-13 19:00:00;2.17;;;;25.0;55.31;24.76;731.9;0.0;53.0;;0.008;28.13;10.9;
6880;2020-10-13 20:00:00;2.14;;;;25.0;42.38;23.18;732.2;0.0;54.0;;0.007;27.69;9.0;
6881;2020-10-13 21:00:00;2.1;;;;28.0;39.58;22.67;732.8;0.0;52.0;6.6;0.007;27.87;9.2;
6882;2020-10-13 22:00:00;2.1;;;;29.0;43.83;24.24;733.2;0.0;50.0;6.6;0.007;28.18;15.6;
6883;2020-10-13 23:00:00;2.1;;;;26.0;57.4;24.74;733.3;0.0;59.0;;0.007;26.86;20.9;
6884;2020-10-14 00:00:00;2.08;;;;18.0;39.18;19.36;732.9;0.0;70.0;;0.007;25.75;21.0;
6885;2020-10-14 01:00:00;2.08;;;;14.0;43.71;21.22;732.6;0.0;77.0;6.5;0.007;24.83;16.2;
6886;2020-10-14 02:00:00;2.09;;;;9.0;41.64;19.79;732.4;0.0;83.0;6.6;0.007;24.02;14.5;
6887;2020-10-14 03:00:00;2.08;;;;9.0;34.89;17.82;732.1;0.0;86.0;6.6;0.007;23.12;12.6;
6888;2020-10-14 04:00:00;2.07;;;;7.0;30.6;16.82;731.8;0.0;88.0;;0.007;22.7;4.3;
6889;2020-10-14 05:00:00;2.08;;;;4.0;28.03;17.98;731.6;0.0;90.0;;0.007;22.01;2.9;
6890;2020-10-14 06:00:00;2.13;;;;2.0;38.31;19.74;731.8;0.0;91.0;;0.007;21.8;3.1;
6891;2020-10-14 07:00:00;2.22;;;;1.0;41.45;20.98;732.0;0.0;89.0;6.7;0.01;22.39;2.9;
6892;2020-10-14 08:00:00;2.39;;;;2.0;58.37;23.56;732.4;0.0;85.0;6.6;0.068;23.86;3.0;351.0
6893;2020-10-14 09:00:00;2.57;;;;4.0;67.92;30.85;732.9;0.0;75.0;6.7;0.179;25.85;5.8;351.0
6894;2020-10-14 10:00:00;2.55;;;;12.0;67.12;32.66;733.0;0.0;62.0;6.6;0.332;28.5;5.3;352.0
6895;2020-10-14 11:00:00;2.54;;;;26.0;77.23;33.81;732.9;0.0;62.0;6.5;0.309;28.57;8.9;352.0
6896;2020-10-14 12:00:00;2.49;;;;47.0;69.84;29.79;732.2;0.0;60.0;6.7;0.486;29.53;11.2;352.0
6897;2020-10-14 13:00:00;2.32;;;;53.0;60.95;25.75;731.5;0.0;56.0;6.6;0.513;30.46;13.8;
6898;2020-10-14 14:00:00;2.22;;;;55.0;52.21;23.97;730.6;0.0;53.0;6.6;0.494;31.15;16.6;
6899;2020-10-14 15:00:00;2.18;;;;56.0;50.91;24.52;729.9;0.0;50.0;6.5;0.432;31.87;16.2;
6900;2020-10-14 16:00:00;2.18;;;;56.0;51.44;25.38;729.4;0.0;50.0;6.5;0.323;31.88;18.5;
6901;2020-10-14 17:00:00;2.17;;;;54.0;49.43;24.77;729.2;0.0;50.0;6.4;0.191;31.28;19.0;
6902;2020-10-14 18:00:00;2.17;;;;51.0;52.09;25.64;728.9;0.0;52.0;6.5;0.064;30.2;17.1;
6903;2020-10-14 19:00:00;2.3;;;;38.0;57.95;26.7;728.9;0.0;58.0;6.5;0.009;28.48;8.9;
6904;2020-10-14 20:00:00;2.43;;;;22.0;57.57;27.99;728.9;0.0;64.0;6.7;0.007;26.99;5.5;
6905;2020-10-14 21:00:00;2.42;;;;18.0;82.58;29.03;729.0;0.0;68.0;6.5;0.007;25.77;5.0;
6906;2020-10-14 22:00:00;2.34;;;;17.0;44.57;23.93;729.3;0.0;71.0;6.5;0.007;24.71;4.0;
6907;2020-10-14 23:00:00;2.32;;;;12.0;39.03;22.09;729.0;0.0;71.0;6.6;0.007;24.03;4.3;
6908;2020-10-15 00:00:00;2.29;;;;14.0;;;728.7;0.0;74.0;6.6;0.007;23.05;3.9;
6909;2020-10-15 01:00:00;2.29;;;;21.0;45.29;21.98;728.2;0.0;70.0;6.4;0.007;23.5;8.8;
6910;2020-10-15 02:00:00;2.21;;;;28.0;37.93;21.47;727.9;0.0;64.0;6.4;0.007;24.37;10.5;
6911;2020-10-15 03:00:00;2.19;;;;25.0;36.79;21.37;727.6;0.0;66.0;6.3;0.007;23.45;8.1;
6912;2020-10-15 04:00:00;2.22;;;;26.0;46.53;25.15;727.2;0.0;61.0;6.4;0.007;23.9;9.3;
6913;2020-10-15 05:00:00;2.24;;;;26.0;57.61;26.74;727.2;0.0;60.0;6.5;0.007;23.45;8.0;
6914;2020-10-15 06:00:00;2.27;;;;7.0;60.0;28.4;727.4;0.0;70.0;6.6;0.007;21.92;6.4;
6915;2020-10-15 07:00:00;2.33;;;;5.0;69.09;28.63;727.4;0.0;71.0;6.8;0.01;21.61;5.1;
6916;2020-10-15 08:00:00;2.46;;;;4.0;73.24;27.53;727.8;0.0;65.0;6.7;0.074;22.31;7.7;
6917;2020-10-15 09:00:00;2.59;;;;8.0;83.27;27.09;728.2;0.0;51.0;6.6;0.22;26.08;9.6;
6918;2020-10-15 10:00:00;2.47;;;;20.0;83.4;28.28;728.5;0.0;41.0;6.7;0.341;28.87;10.5;
6919;2020-10-15 11:00:00;2.28;;;;40.0;86.79;26.88;728.5;0.0;31.0;6.7;0.447;31.91;8.7;
6920;2020-10-15 12:00:00;2.39;;;;79.0;88.8;33.15;728.3;0.0;33.0;6.6;0.504;34.04;9.1;
6921;2020-10-15 13:00:00;2.28;;;;86.0;83.2;34.26;727.7;0.0;40.0;6.6;0.533;34.16;10.7;
6922;2020-10-15 14:00:00;2.28;;;;92.0;83.23;34.15;727.3;0.0;40.0;;0.511;34.87;16.2;
6923;2020-10-15 15:00:00;2.24;;;;92.0;70.14;32.66;727.0;0.0;38.0;;0.449;35.57;16.7;
6924;2020-10-15 16:00:00;2.21;;;;83.0;59.05;27.88;726.7;0.0;34.0;;0.34;36.03;16.7;
6925;2020-10-15 17:00:00;2.2;;;;71.0;56.77;24.92;726.7;0.0;33.0;;0.197;35.43;15.1;
6926;2020-10-15 18:00:00;2.19;;;;61.0;58.82;22.9;726.8;0.0;32.0;6.5;0.066;34.13;15.4;
6927;2020-10-15 19:00:00;2.28;;;;43.0;99.81;25.15;727.7;0.0;35.0;6.4;0.009;32.52;14.2;
6928;2020-10-15 20:00:00;2.24;;;;31.0;91.55;24.6;728.8;0.0;38.0;6.6;0.007;31.71;12.5;
6929;2020-10-15 21:00:00;2.16;;;;35.0;91.12;22.16;729.8;0.0;38.0;6.4;0.007;30.46;16.5;
6930;2020-10-15 22:00:00;;;;;;;;;;;;0.0;;;
6931;2020-10-15 23:00:00;2.08;;;;38.0;122.87;21.19;731.5;0.0;33.0;6.5;0.007;27.69;11.8;
6932;2020-10-16 00:00:00;2.1;;;;37.0;116.31;20.08;731.9;0.0;39.0;6.3;0.007;26.14;9.5;
6933;2020-10-16 01:00:00;2.17;;;;19.0;56.47;16.21;731.9;0.0;68.0;6.5;0.007;22.77;3.0;
6934;2020-10-16 02:00:00;2.14;;;;26.0;71.82;15.93;731.9;0.0;45.0;6.5;0.007;23.81;7.2;
6935;2020-10-16 03:00:00;2.02;;;;36.0;81.52;14.65;732.1;0.0;32.0;;0.007;25.32;9.8;
6936;2020-10-16 04:00:00;2.09;;;;35.0;73.74;13.84;732.4;0.0;32.0;6.4;0.007;24.67;9.0;
6937;2020-10-16 05:00:00;2.17;;;;32.0;77.01;13.84;732.8;0.0;33.0;6.4;0.007;23.8;8.7;
6938;2020-10-16 06:00:00;2.17;;;;31.0;87.83;14.9;733.4;0.0;36.0;6.5;0.007;23.29;8.9;
6939;2020-10-16 07:00:00;2.15;;;;31.0;97.93;16.41;734.3;0.0;40.0;6.4;0.008;23.43;13.5;
6940;2020-10-16 08:00:00;2.16;;;;29.0;78.79;16.54;734.9;0.0;44.0;6.5;0.037;23.09;16.5;
6941;2020-10-16 09:00:00;2.16;;;;30.0;79.68;17.42;735.7;0.0;47.0;6.3;0.085;23.01;18.1;
6942;2020-10-16 10:00:00;2.17;;;;32.0;74.58;17.75;736.3;0.0;47.0;6.3;0.147;23.35;13.5;
6943;2020-10-16 11:00:00;2.16;;;;33.0;84.23;17.8;736.4;0.0;47.0;6.5;0.171;23.35;17.0;
6944;2020-10-16 12:00:00;2.15;;;;34.0;77.99;17.26;736.2;0.0;48.0;6.3;0.274;23.41;16.8;
6945;2020-10-16 13:00:00;2.16;;;;35.0;79.56;17.44;735.9;0.0;51.0;6.4;0.135;22.86;15.6;
6946;2020-10-16 14:00:00;2.17;;;;34.0;61.45;16.6;735.5;0.0;58.0;6.4;0.098;21.72;13.9;
6947;2020-10-16 15:00:00;2.18;;;;32.0;73.29;16.93;735.1;0.0;55.0;6.3;0.156;22.14;7.2;
6948;2020-10-16 16:00:00;2.19;;;;34.0;78.66;18.18;734.8;0.0;54.0;6.5;0.156;22.72;5.8;
6949;2020-10-16 17:00:00;2.2;;;;34.0;60.72;17.46;734.6;0.0;54.0;6.4;0.13;22.9;9.8;
6950;2020-10-16 18:00:00;2.22;;;;28.0;69.5;18.32;734.5;0.0;58.0;6.5;0.048;21.82;10.7;
6951;2020-10-16 19:00:00;2.25;;;;21.0;91.17;19.65;734.8;0.0;61.0;6.4;0.008;21.01;6.6;
6952;2020-10-16 20:00:00;2.28;;;;20.0;66.17;20.0;735.2;0.0;60.0;6.4;0.007;20.82;9.9;
6953;2020-10-16 21:00:00;2.28;;;;17.0;74.56;25.11;735.6;0.0;73.0;6.5;0.007;19.45;14.8;
6954;2020-10-16 22:00:00;;;;;;;;;;;;0.0;;;
6955;2020-10-16 23:00:00;2.24;;;;19.0;50.89;17.76;735.6;0.0;79.0;6.5;0.007;17.57;6.9;
6956;2020-10-17 00:00:00;2.27;;;;13.0;52.7;19.31;735.5;0.0;81.0;6.4;0.007;17.17;3.1;
6957;2020-10-17 01:00:00;2.2;;;;20.0;39.96;15.74;735.2;0.0;82.0;6.4;0.007;16.68;4.3;
6958;2020-10-17 02:00:00;2.19;;;;18.0;41.69;15.39;734.8;0.0;82.0;6.5;0.007;16.45;2.9;
6959;2020-10-17 03:00:00;2.17;;;;21.0;39.61;14.35;734.4;0.0;82.0;6.4;0.007;16.18;3.7;
6960;2020-10-17 04:00:00;2.15;;;;15.0;31.73;13.98;734.0;0.0;85.0;6.4;0.007;15.75;2.9;
6961;2020-10-17 05:00:00;2.18;;;;10.0;36.24;15.23;733.8;0.0;85.0;6.2;0.007;15.73;2.9;
6962;2020-10-17 06:00:00;2.23;;;;4.0;49.18;20.69;733.9;0.0;86.0;6.3;0.007;15.69;3.0;
6963;2020-10-17 07:00:00;2.33;;;;3.0;88.29;38.07;733.9;0.0;85.0;6.3;0.009;15.65;2.9;
6964;2020-10-17 08:00:00;2.37;;;;5.0;83.44;32.07;734.0;0.0;79.0;6.2;0.073;17.58;2.9;
6965;2020-10-17 09:00:00;2.39;;;;13.0;69.69;28.79;734.1;0.0;64.0;6.3;0.219;21.49;4.3;
6966;2020-10-17 10:00:00;2.41;;;;23.0;77.96;33.12;734.2;0.0;62.0;6.5;0.345;22.18;9.9;
6967;2020-10-17 11:00:00;2.47;;;;39.0;111.26;45.21;734.1;0.0;58.0;6.6;0.44;23.49;10.2;
6968;2020-10-17 12:00:00;2.48;;;;55.0;106.32;42.04;733.8;0.0;55.0;6.4;0.502;24.59;11.5;
6969;2020-10-17 13:00:00;2.45;;;;70.0;95.95;34.78;733.1;0.0;53.0;6.4;0.516;25.82;11.9;
6970;2020-10-17 14:00:00;2.34;;;;67.0;75.77;27.32;732.2;0.0;51.0;;0.492;26.7;15.3;
6971;2020-10-17 15:00:00;2.25;;;;55.0;62.75;21.99;731.4;0.0;48.0;6.5;0.428;27.94;15.2;
6972;2020-10-17 16:00:00;2.24;;;;51.0;62.48;18.75;730.8;0.0;48.0;6.6;0.328;28.56;18.6;
6973;2020-10-17 17:00:00;2.2;;;;48.0;51.08;17.31;730.5;0.0;47.0;6.5;0.195;28.54;19.0;
6974;2020-10-17 18:00:00;2.18;;;;46.0;52.48;17.39;730.4;0.0;47.0;6.5;0.063;27.88;13.2;
6975;2020-10-17 19:00:00;2.22;;;;41.0;51.36;17.53;730.4;0.0;46.0;6.3;0.008;27.03;12.3;
6976;2020-10-17 20:00:00;2.22;;;;39.0;51.92;20.0;730.7;0.0;47.0;6.3;0.007;26.64;15.0;
6977;2020-10-17 21:00:00;2.38;;;;23.0;58.06;27.53;730.8;0.0;50.0;6.2;0.007;25.56;10.9;
6978;2020-10-17 22:00:00;2.4;;;;17.0;60.27;28.08;730.8;0.0;55.0;6.3;0.007;24.16;9.5;
6979;2020-10-17 23:00:00;2.44;;;;14.0;88.07;39.14;731.1;0.0;60.0;6.5;0.007;23.05;8.9;
6980;2020-10-18 00:00:00;2.42;;;;15.0;59.8;27.53;730.8;0.0;63.0;6.3;0.007;22.16;8.3;
6981;2020-10-18 01:00:00;2.43;;;;15.0;67.5;27.25;730.7;0.0;69.0;6.4;0.007;21.39;8.3;
6982;2020-10-18 02:00:00;2.41;;;;19.0;42.59;19.74;730.3;0.0;76.0;6.3;0.007;20.59;6.9;
6983;2020-10-18 03:00:00;2.38;;;;21.0;55.4;20.32;730.1;0.0;80.0;6.3;0.007;20.09;7.7;
6984;2020-10-18 04:00:00;2.35;;;;14.0;72.38;32.44;729.7;0.0;87.0;6.2;0.007;19.24;6.5;
6985;2020-10-18 05:00:00;2.34;;;;7.0;104.35;34.97;729.8;0.0;91.0;6.3;0.007;18.38;2.9;
6986;2020-10-18 06:00:00;2.33;;;;4.0;58.69;31.33;730.0;0.0;92.0;6.4;0.007;18.31;2.9;
6987;2020-10-18 07:00:00;2.41;;;;3.0;26.98;14.8;730.1;0.0;91.0;6.4;0.009;18.41;3.0;
6988;2020-10-18 08:00:00;2.46;;;;5.0;33.66;18.5;730.5;0.0;86.0;;0.068;19.9;3.7;
6989;2020-10-18 09:00:00;2.45;;;;8.0;52.89;26.83;731.0;0.0;72.0;6.3;0.21;23.02;8.5;
6990;2020-10-18 10:00:00;2.52;;;;16.0;98.29;43.93;731.1;0.0;64.0;6.4;0.343;24.86;9.5;
6991;2020-10-18 11:00:00;2.53;;;;40.0;83.74;39.29;731.1;0.0;58.0;6.4;0.448;26.44;9.5;
6992;2020-10-18 12:00:00;2.47;;;;60.0;70.64;34.94;730.8;0.0;50.0;;0.513;28.28;9.7;
6993;2020-10-18 13:00:00;2.34;;;;81.0;64.93;30.17;730.2;0.0;40.0;6.3;0.468;30.63;8.4;
6994;2020-10-18 14:00:00;2.33;;;;96.0;100.71;40.84;729.6;0.0;35.0;6.2;0.395;31.85;11.7;
6995;2020-10-18 15:00:00;2.52;;;;124.0;118.14;48.08;729.1;0.0;39.0;6.2;0.43;32.21;15.5;
6996;2020-10-18 16:00:00;2.44;;;;111.0;42.72;22.0;728.9;0.0;41.0;6.1;0.319;32.18;18.2;
6997;2020-10-18 17:00:00;2.35;;;;88.0;51.15;27.22;728.9;0.0;44.0;6.1;0.186;31.5;17.9;
6998;2020-10-18 18:00:00;2.35;;;;77.0;71.01;35.22;728.9;0.0;46.0;6.0;0.057;30.03;15.8;
6999;2020-10-18 19:00:00;2.41;;;;63.0;60.03;29.29;728.9;0.0;47.0;6.1;0.008;28.54;11.1;
7000;2020-10-18 20:00:00;2.44;;;;46.0;57.5;29.67;729.3;0.0;49.0;6.2;0.007;28.31;9.2;
7001;2020-10-18 21:00:00;2.59;;;;29.0;64.73;33.41;729.7;0.0;56.0;6.1;0.007;26.69;4.7;
7002;2020-10-18 22:00:00;2.49;;;;23.0;69.06;29.66;729.9;0.0;55.0;6.2;0.007;27.13;12.1;
7003;2020-10-18 23:00:00;2.37;;;;19.0;60.48;24.07;730.0;0.0;70.0;6.2;0.007;25.03;17.6;
7004;2020-10-19 00:00:00;2.26;;;;20.0;43.93;19.27;730.1;0.0;76.0;6.1;0.007;24.09;11.7;
7005;2020-10-19 01:00:00;2.26;;;;19.0;46.6;22.73;730.0;0.0;80.0;6.2;0.007;23.22;8.2;
7006;2020-10-19 02:00:00;2.21;;;;17.0;39.54;18.06;730.0;0.0;82.0;6.2;0.007;22.48;5.5;
7007;2020-10-19 03:00:00;2.31;;;;12.0;42.66;19.37;729.8;0.0;86.0;6.1;0.007;21.49;3.2;
7008;2020-10-19 04:00:00;2.32;;;;7.0;36.61;19.68;729.6;0.0;89.0;5.8;0.007;20.7;2.9;
7009;2020-10-19 05:00:00;2.3;;;;4.0;35.38;18.87;729.7;0.0;91.0;5.9;0.007;20.52;2.9;
7010;2020-10-19 06:00:00;2.26;;;;3.0;39.04;18.35;729.9;0.0;90.0;6.0;0.007;21.47;2.9;
7011;2020-10-19 07:00:00;2.32;;;;2.0;44.67;22.18;730.0;0.0;88.0;6.1;0.009;21.78;3.1;
7012;2020-10-19 08:00:00;2.4;;;;3.0;73.24;34.8;730.1;0.0;79.0;6.0;0.07;22.52;6.3;
7013;2020-10-19 09:00:00;2.45;;;;8.0;73.65;33.2;730.7;0.0;71.0;6.0;0.202;24.81;5.8;
7014;2020-10-19 10:00:00;;;;;;;;;;;;0.0;;;
7015;2020-10-19 11:00:00;;;;;;;;;;;;0.0;;;
7016;2020-10-19 12:00:00;;;;;;;;;;;;0.0;;;
7017;2020-10-19 13:00:00;;;;;;;;;;;;0.0;;;
7018;2020-10-19 14:00:00;2.36;;;;71.0;77.27;33.09;729.7;0.0;53.0;5.8;0.464;30.12;15.0;
7019;2020-10-19 15:00:00;2.24;;;;74.0;65.85;30.17;729.2;0.0;51.0;5.8;0.411;30.72;18.0;
7020;2020-10-19 16:00:00;2.25;;;;70.0;57.18;27.59;728.9;0.0;48.0;;0.304;31.01;19.5;
7021;2020-10-19 17:00:00;2.21;;;;50.0;36.97;19.25;728.9;0.0;43.0;;0.169;31.08;16.2;
7022;2020-10-19 18:00:00;2.17;;;;30.0;28.22;12.74;728.9;0.0;42.0;;0.063;30.6;12.5;
7023;2020-10-19 19:00:00;2.34;;;;21.0;66.73;15.33;728.9;0.0;48.0;5.7;0.008;28.64;6.7;
7024;2020-10-19 20:00:00;2.28;;;;16.0;63.03;16.25;729.2;0.0;52.0;5.9;0.007;27.61;4.5;
7025;2020-10-19 21:00:00;2.41;;;;9.0;53.19;18.02;729.3;0.0;58.0;5.7;0.007;26.43;5.7;
7026;2020-10-19 22:00:00;2.4;;;;9.0;57.53;18.93;729.4;0.0;61.0;5.8;0.007;25.67;11.1;
7027;2020-10-19 23:00:00;2.18;;;;18.0;46.21;12.44;729.7;0.0;69.0;5.9;0.007;25.67;24.3;
7028;2020-10-20 00:00:00;2.16;;;;17.0;27.77;11.1;729.5;0.0;71.0;6.0;0.007;25.24;12.9;
7029;2020-10-20 01:00:00;2.14;;;;17.0;30.8;11.44;729.3;0.0;76.0;6.1;0.007;24.23;14.7;
7030;2020-10-20 02:00:00;2.14;;;;16.0;24.18;11.48;729.1;0.0;80.0;6.1;0.007;23.4;17.4;
7031;2020-10-20 03:00:00;2.15;;;;15.0;26.94;12.66;729.3;0.0;84.0;6.0;0.007;22.72;9.5;
7032;2020-10-20 04:00:00;2.13;;;;13.0;23.65;12.75;729.3;0.0;87.0;5.9;0.007;22.35;6.0;
7033;2020-10-20 05:00:00;2.12;;;;14.0;24.53;11.85;729.3;0.0;86.0;5.9;0.007;22.39;5.2;
7034;2020-10-20 06:00:00;2.15;;;;11.0;22.0;12.09;729.5;0.0;85.0;;0.007;22.31;4.3;
7035;2020-10-20 07:00:00;2.17;;;;10.0;29.8;12.98;729.7;0.0;84.0;5.6;0.009;22.19;9.2;
7036;2020-10-20 08:00:00;2.26;;;;4.0;52.29;15.73;730.0;0.0;86.0;5.7;0.042;22.3;6.9;
7037;2020-10-20 09:00:00;2.29;;;;8.0;45.01;15.4;730.4;0.0;80.0;5.9;0.142;23.76;9.5;
7038;2020-10-20 10:00:00;2.27;;;;13.0;45.21;16.52;730.6;0.0;76.0;5.9;0.149;24.55;8.1;
7039;2020-10-20 11:00:00;2.22;;;;20.0;39.48;15.53;730.5;0.0;70.0;;0.254;25.47;13.9;
7040;2020-10-20 12:00:00;2.2;;;;25.0;40.38;15.73;730.4;0.0;62.0;5.8;0.417;27.35;13.2;
7041;2020-10-20 13:00:00;2.17;;;;30.0;41.21;16.23;729.8;0.0;57.0;5.7;0.463;28.53;14.8;
7042;2020-10-20 14:00:00;2.17;;;;32.0;38.49;15.41;729.2;0.0;55.0;5.8;0.454;29.24;15.9;
7043;2020-10-20 15:00:00;2.17;;;;32.0;34.15;14.4;728.6;0.0;52.0;5.7;0.299;29.71;17.3;
7044;2020-10-20 16:00:00;2.16;;;;31.0;39.15;15.68;728.4;0.0;50.0;5.8;0.277;30.53;17.5;
7045;2020-10-20 17:00:00;2.17;;;;28.0;41.75;16.86;728.1;0.0;53.0;5.9;0.152;29.88;16.6;
7046;2020-10-20 18:00:00;2.19;;;;23.0;31.48;14.95;728.1;0.0;55.0;5.9;0.057;29.26;13.1;
7047;2020-10-20 19:00:00;2.2;;;;20.0;31.69;13.72;728.3;0.0;55.0;5.8;0.008;28.3;11.5;
7048;2020-10-20 20:00:00;2.17;;;;20.0;29.49;11.75;728.6;0.0;53.0;5.7;0.007;28.41;12.3;
7049;2020-10-20 21:00:00;2.19;;;;21.0;77.41;14.82;729.1;0.0;59.0;5.7;0.007;27.46;23.0;
7050;2020-10-20 22:00:00;2.15;;;;25.0;47.23;11.35;729.5;0.0;69.0;;0.007;25.33;26.5;
7051;2020-10-20 23:00:00;2.14;;;;27.0;30.03;8.63;729.7;0.0;67.0;5.8;0.007;25.02;22.3;
7052;2020-10-21 00:00:00;2.12;;;;27.0;31.92;8.17;730.0;0.0;70.0;5.9;0.007;24.23;22.8;
7053;2020-10-21 01:00:00;2.11;;;;25.0;29.64;8.33;730.0;0.0;75.0;5.9;0.007;23.31;23.6;
7054;2020-10-21 02:00:00;2.11;;;;24.0;30.33;10.21;729.9;0.0;78.0;;0.007;22.91;17.0;
7055;2020-10-21 03:00:00;2.12;;;;23.0;23.5;10.79;729.6;0.0;80.0;6.0;0.007;22.49;15.7;
7056;2020-10-21 04:00:00;2.1;;;;23.0;17.75;7.91;729.3;0.0;81.0;5.9;0.007;22.02;16.4;
7057;2020-10-21 05:00:00;2.12;;;;19.0;23.0;9.01;729.5;0.0;85.0;5.8;0.007;21.23;12.0;
7058;2020-10-21 06:00:00;2.13;;;;18.0;27.47;9.25;729.7;0.0;86.0;5.9;0.007;20.9;12.9;
7059;2020-10-21 07:00:00;2.13;;;;19.0;23.28;8.89;730.1;0.0;86.0;5.8;0.009;21.01;11.2;
7060;2020-10-21 08:00:00;2.18;;;;16.0;28.4;9.64;730.5;0.0;83.0;5.8;0.055;21.77;8.3;
7061;2020-10-21 09:00:00;2.19;;;;17.0;31.5;10.07;731.0;0.0;73.0;;0.124;23.93;5.2;
7062;2020-10-21 10:00:00;2.22;;;;15.0;31.28;12.55;731.3;0.0;74.0;;0.109;23.71;6.4;
7063;2020-10-21 11:00:00;2.22;;;;20.0;37.95;16.1;731.3;0.0;70.0;;0.159;24.69;8.0;
7064;2020-10-21 12:00:00;2.18;;;;27.0;37.6;12.35;731.2;0.0;68.0;;0.379;26.03;19.7;
7065;2020-10-21 13:00:00;2.16;;;;28.0;40.55;12.43;730.7;0.0;62.0;5.7;0.296;26.95;22.7;
7066;2020-10-21 14:00:00;2.16;;;;30.0;37.56;12.94;730.2;0.0;60.0;5.7;0.355;28.17;20.2;
7067;2020-10-21 15:00:00;2.15;;;;29.0;31.97;12.53;729.6;0.0;58.0;5.6;0.225;28.34;20.2;
7068;2020-10-21 16:00:00;2.15;;;;29.0;29.09;11.9;729.3;0.0;56.0;5.6;0.146;28.46;20.0;
7069;2020-10-21 17:00:00;2.15;;;;27.0;23.38;9.87;729.3;0.0;51.0;;0.168;29.24;16.9;
7070;2020-10-21 18:00:00;2.16;;;;24.0;22.26;8.96;729.1;0.0;52.0;5.5;0.052;28.57;13.1;
7071;2020-10-21 19:00:00;2.16;;;;24.0;22.14;8.41;729.1;0.0;52.0;5.5;0.008;27.88;13.8;
7072;2020-10-21 20:00:00;2.2;;;;23.0;29.23;10.31;729.7;0.0;54.0;;0.007;27.62;15.0;
7073;2020-10-21 21:00:00;2.16;;;;25.0;32.11;10.41;730.1;0.0;54.0;5.4;0.007;27.24;19.2;
7074;2020-10-21 22:00:00;2.15;;;;24.0;38.97;11.62;730.4;0.0;60.0;5.3;0.007;26.25;22.5;
7075;2020-10-21 23:00:00;2.13;;;;26.0;27.38;8.23;730.3;0.0;64.0;5.3;0.007;25.5;24.6;
7076;2020-10-22 00:00:00;2.12;;;;25.0;27.14;7.08;729.8;0.0;68.0;5.5;0.007;24.89;21.7;
7077;2020-10-22 01:00:00;2.11;;;;23.0;22.21;6.85;729.7;0.0;76.0;5.3;0.007;23.7;22.2;
7078;2020-10-22 02:00:00;2.1;;;;21.0;16.06;6.77;729.5;0.0;78.0;5.4;0.007;23.21;18.2;
7079;2020-10-22 03:00:00;2.1;;;;20.0;15.14;6.59;729.3;0.0;80.0;5.3;0.007;22.9;13.7;
7080;2020-10-22 04:00:00;2.11;;;;15.0;25.62;8.26;729.2;0.0;84.0;5.4;0.007;22.07;13.0;
7081;2020-10-22 05:00:00;2.13;;;;13.0;23.95;8.97;729.0;0.0;85.0;5.4;0.007;21.78;11.7;
7082;2020-10-22 06:00:00;2.13;;;;14.0;22.33;9.14;729.2;0.0;87.0;;0.007;21.49;7.8;
7083;2020-10-22 07:00:00;;;;;;;;;;;;0.0;;;
7084;2020-10-22 08:00:00;2.21;;;;7.0;39.08;10.75;729.9;0.0;82.0;5.5;0.086;22.69;4.2;
7085;2020-10-22 09:00:00;2.23;;;;12.0;20.79;8.47;730.4;0.0;75.0;5.5;0.089;23.62;3.8;
7086;2020-10-22 10:00:00;2.18;;;;20.0;17.26;7.82;730.8;0.0;70.0;4.7;0.1;24.28;3.8;
7087;2020-10-22 11:00:00;2.28;;;;22.0;41.08;12.86;730.7;0.0;70.0;4.8;0.174;25.21;6.4;
7088;2020-10-22 12:00:00;2.23;;;;30.0;41.79;12.38;730.2;0.0;66.0;4.8;0.267;26.49;9.2;
7089;2020-10-22 13:00:00;2.18;;;;35.0;41.86;10.28;729.4;0.0;58.0;;0.478;28.34;14.6;
7090;2020-10-22 14:00:00;2.18;;;;33.0;37.04;10.03;728.7;0.0;54.0;;0.435;29.43;17.4;
7091;2020-10-22 15:00:00;2.18;;;;32.0;38.87;10.48;728.3;0.0;52.0;4.9;0.42;30.03;19.1;
7092;2020-10-22 16:00:00;2.17;;;;33.0;37.43;10.74;728.0;0.0;52.0;4.9;0.313;29.84;22.0;
7093;2020-10-22 17:00:00;2.17;;;;33.0;34.43;10.76;728.1;0.0;53.0;4.7;0.182;29.5;19.9;
7094;2020-10-22 18:00:00;2.18;;;;33.0;30.99;11.55;728.2;0.0;56.0;4.9;0.057;28.58;16.6;
7095;2020-10-22 19:00:00;2.24;;;;28.0;37.65;12.8;728.2;0.0;60.0;5.1;0.008;27.1;10.2;
7096;2020-10-22 20:00:00;2.42;;;;11.0;38.64;14.47;728.5;0.0;66.0;5.0;0.007;25.6;6.4;
7097;2020-10-22 21:00:00;2.37;;;;14.0;34.33;14.86;728.8;0.0;62.0;5.1;0.007;26.26;13.7;
7098;2020-10-22 22:00:00;2.31;;;;17.0;28.2;12.64;728.9;0.0;59.0;5.1;0.007;26.61;14.0;
7099;2020-10-22 23:00:00;2.27;;;;17.0;29.79;12.15;728.9;0.0;63.0;5.2;0.007;25.68;10.8;
7100;2020-10-23 00:00:00;2.31;;;;10.0;42.36;14.22;728.7;0.0;71.0;5.0;0.007;23.8;6.3;
7101;2020-10-23 01:00:00;2.29;;;;14.0;52.62;17.99;728.5;0.0;70.0;5.0;0.007;23.91;11.3;
7102;2020-10-23 02:00:00;2.25;;;;17.0;32.61;12.81;728.3;0.0;72.0;4.9;0.007;23.5;8.2;
7103;2020-10-23 03:00:00;2.28;;;;13.0;34.96;11.89;728.2;0.0;78.0;5.0;0.007;22.18;4.7;
7104;2020-10-23 04:00:00;2.29;;;;9.0;64.01;34.31;728.1;0.0;85.0;5.0;0.007;21.26;3.8;
7105;2020-10-23 05:00:00;2.3;;;;4.0;62.11;32.41;728.1;0.0;90.0;4.9;0.007;20.56;3.0;
7106;2020-10-23 06:00:00;2.31;;;;3.0;44.74;22.49;728.5;0.0;92.0;5.0;0.007;20.54;3.1;
7107;2020-10-23 07:00:00;2.39;;;;2.0;63.39;28.94;728.9;0.0;89.0;4.9;0.008;21.47;3.0;
7108;2020-10-23 08:00:00;2.49;;;;3.0;74.84;30.23;729.4;0.0;84.0;5.0;0.062;22.44;3.8;
7109;2020-10-23 09:00:00;2.53;;;;4.0;127.79;43.51;730.1;0.0;73.0;5.1;0.19;24.81;7.0;
7110;2020-10-23 10:00:00;2.64;;;;10.0;137.05;43.03;730.4;0.0;65.0;5.0;0.323;26.51;9.5;
7111;2020-10-23 11:00:00;2.66;;;;19.0;102.55;36.01;730.7;0.0;64.0;5.2;0.421;27.46;9.7;
7112;2020-10-23 12:00:00;2.46;;;;36.0;83.39;30.43;730.4;0.0;54.0;5.0;0.491;29.43;9.6;
7113;2020-10-23 13:00:00;2.36;;;;55.0;64.97;24.85;730.0;0.0;46.0;5.0;0.475;31.08;7.7;
7114;2020-10-23 14:00:00;2.34;;;;68.0;58.37;21.35;729.5;0.0;41.0;4.9;0.426;32.0;11.5;
7115;2020-10-23 15:00:00;2.39;;;;81.0;67.99;24.98;729.3;0.0;41.0;4.9;0.41;33.06;12.8;
7116;2020-10-23 16:00:00;2.37;;;;85.0;73.3;25.34;729.0;0.0;40.0;4.8;0.297;33.09;14.2;
7117;2020-10-23 17:00:00;2.29;;;;64.0;65.61;21.09;729.0;0.0;39.0;4.9;0.168;32.54;14.5;
7118;2020-10-23 18:00:00;2.28;;;;58.0;63.99;20.66;729.3;0.0;42.0;5.0;0.051;31.06;15.1;
7119;2020-10-23 19:00:00;2.31;;;;54.0;99.09;23.87;730.1;0.0;47.0;4.9;0.008;29.62;11.4;
7120;2020-10-23 20:00:00;2.29;;;;32.0;44.99;17.08;730.9;0.0;50.0;4.9;0.007;29.44;10.4;
7121;2020-10-23 21:00:00;2.28;;;;26.0;45.25;14.65;731.4;0.0;51.0;5.0;0.007;29.12;15.0;
7122;2020-10-23 22:00:00;2.22;;;;32.0;42.23;11.72;732.1;0.0;56.0;5.1;0.007;28.22;15.3;
7123;2020-10-23 23:00:00;2.21;;;;33.0;40.77;9.63;732.5;0.0;59.0;5.1;0.007;27.72;18.2;
7124;2020-10-24 00:00:00;2.2;;;;19.0;47.14;8.19;732.4;0.0;68.0;5.0;0.007;26.18;23.1;
7125;2020-10-24 01:00:00;2.17;;;;18.0;40.15;13.49;732.4;0.0;72.0;5.0;0.007;25.35;18.3;
7126;2020-10-24 02:00:00;2.15;;;;19.0;21.51;5.63;732.6;0.0;72.0;4.9;0.007;25.15;18.7;
7127;2020-10-24 03:00:00;2.16;;;;15.0;24.81;6.37;732.4;0.0;79.0;5.1;0.007;24.43;12.2;
7128;2020-10-24 04:00:00;2.18;;;;11.0;31.91;8.42;732.4;0.0;77.0;5.0;0.007;22.65;14.7;
7129;2020-10-24 05:00:00;2.18;;;;12.0;63.08;10.4;732.8;0.0;72.0;5.1;0.007;20.39;13.8;
7130;2020-10-24 06:00:00;2.18;;;;10.0;49.8;9.62;733.1;0.0;76.0;5.1;0.007;19.29;8.1;
7131;2020-10-24 07:00:00;2.19;;;;8.0;45.39;9.49;733.4;0.0;74.0;5.2;0.007;18.88;12.0;
7132;2020-10-24 08:00:00;2.19;;;;7.0;58.08;10.28;734.0;0.0;76.0;5.1;0.015;18.05;8.5;
7133;2020-10-24 09:00:00;2.22;;;;7.0;37.57;9.66;734.2;0.0;78.0;5.1;0.036;17.88;5.7;
7134;2020-10-24 10:00:00;2.24;;;;7.0;42.8;11.47;734.6;0.0;80.0;;0.068;17.87;8.6;
7135;2020-10-24 11:00:00;2.27;;;;9.0;47.89;13.2;734.4;0.0;79.0;;0.135;18.34;5.5;
7136;2020-10-24 12:00:00;2.29;;;;11.0;51.5;15.71;733.9;0.0;76.0;;0.166;19.24;7.8;
7137;2020-10-24 13:00:00;2.33;;;;11.0;55.94;22.61;732.9;0.0;76.0;;0.193;19.92;9.4;
7138;2020-10-24 14:00:00;2.36;;;;10.0;52.83;23.16;731.8;0.0;80.0;5.3;0.197;19.96;10.2;
7139;2020-10-24 15:00:00;2.37;;;;10.0;39.37;21.45;730.9;0.0;81.0;5.1;0.169;20.0;11.3;
7140;2020-10-24 16:00:00;2.36;;;;12.0;39.2;19.2;730.4;0.0;80.0;5.2;0.12;20.5;11.6;
7141;2020-10-24 17:00:00;2.3;;;;18.0;44.32;15.49;730.2;0.0;81.0;5.1;0.102;20.45;15.9;
7142;2020-10-24 18:00:00;2.27;;;;18.0;30.83;13.7;730.0;0.0;82.0;5.2;0.026;19.93;17.8;
7143;2020-10-24 19:00:00;2.29;;;;17.0;39.08;16.89;730.1;0.0;81.0;5.2;0.007;19.78;15.2;
7144;2020-10-24 20:00:00;2.3;;;;16.0;40.1;19.52;730.4;0.0;82.0;;0.007;19.75;12.2;
7145;2020-10-24 21:00:00;2.29;;;;16.0;36.33;18.31;730.4;0.0;82.0;5.0;0.007;19.57;12.6;
7146;2020-10-24 22:00:00;2.29;;;;16.0;35.52;16.94;730.4;0.0;84.0;4.9;0.007;19.4;10.8;
7147;2020-10-24 23:00:00;2.29;;;;14.0;34.03;16.4;730.4;0.0;84.0;5.0;0.007;19.33;6.7;
7148;2020-10-25 00:00:00;2.3;;;;12.0;28.19;14.78;730.1;0.0;84.0;5.1;0.007;19.53;4.6;
7149;2020-10-25 01:00:00;2.27;;;;11.0;22.24;12.42;729.6;0.0;85.0;4.9;0.007;19.4;8.7;
7150;2020-10-25 02:00:00;2.29;;;;12.0;22.19;13.24;729.3;0.0;85.0;5.0;0.007;19.39;5.4;
7151;2020-10-25 03:00:00;2.26;;;;12.0;18.67;11.26;729.0;0.0;85.0;5.0;0.007;19.32;8.3;
7152;2020-10-25 04:00:00;2.27;;;;11.0;27.43;16.12;728.9;;;;0.007;19.46;4.4;
7153;2020-10-25 05:00:00;2.3;;;;3.0;53.17;32.65;728.7;0.0;82.0;5.1;0.007;19.64;3.3;
7154;2020-10-25 06:00:00;2.32;;;;3.0;54.46;35.11;728.5;0.0;84.0;5.0;0.007;19.03;3.1;
7155;2020-10-25 07:00:00;2.33;;;;3.0;53.7;30.52;728.6;0.0;88.0;5.1;0.009;18.07;2.9;
7156;2020-10-25 08:00:00;2.38;;;;4.0;52.89;26.64;728.9;0.0;88.0;5.1;0.042;18.7;2.9;
7157;2020-10-25 09:00:00;2.43;;;;10.0;56.44;29.93;728.9;0.0;74.0;5.2;0.188;22.01;4.9;
7158;2020-10-25 10:00:00;2.58;;;;19.0;89.08;45.58;729.1;0.0;68.0;5.1;0.326;23.35;8.8;
7159;2020-10-25 11:00:00;2.6;;;;28.0;101.02;51.08;728.9;0.0;62.0;5.1;0.428;24.9;8.5;
7160;2020-10-25 12:00:00;2.71;;;;45.0;101.97;52.87;728.7;0.0;56.0;;0.491;26.77;11.5;
7161;2020-10-25 13:00:00;2.81;;;;72.0;130.37;55.89;727.9;0.0;54.0;;0.492;28.03;16.2;
7162;2020-10-25 14:00:00;2.72;;;;86.0;98.45;47.66;727.3;0.0;51.0;;0.463;29.34;19.1;
7163;2020-10-25 15:00:00;2.57;;;;87.0;72.26;37.91;726.7;0.0;47.0;5.2;0.403;30.39;19.5;
7164;2020-10-25 16:00:00;2.48;;;;84.0;66.9;34.04;726.3;0.0;45.0;5.3;0.302;30.99;19.5;
7165;2020-10-25 17:00:00;2.36;;;;59.0;49.28;24.28;725.9;0.0;46.0;5.3;0.173;31.41;18.4;
7166;2020-10-25 18:00:00;2.29;;;;35.0;40.86;17.83;726.0;0.0;48.0;;0.051;31.05;10.2;
7167;2020-10-25 19:00:00;2.41;;;;25.0;79.84;22.81;726.3;0.0;55.0;5.2;0.007;29.42;16.3;
7168;2020-10-25 20:00:00;2.43;;;;21.0;44.48;21.43;726.3;0.0;58.0;5.2;0.007;28.54;20.3;
7169;2020-10-25 21:00:00;2.42;;;;19.0;49.57;21.65;726.4;0.0;54.0;5.3;0.007;28.7;16.2;
7170;2020-10-25 22:00:00;2.3;;;;20.0;48.72;18.71;726.3;0.0;64.0;5.2;0.007;26.86;21.0;
7171;2020-10-25 23:00:00;2.26;;;;18.0;40.12;14.66;726.3;0.0;74.0;5.1;0.007;25.42;23.3;
7172;2020-10-26 00:00:00;2.24;;;;16.0;29.46;15.53;726.5;0.0;82.0;5.0;0.007;23.99;20.6;
7173;2020-10-26 01:00:00;2.22;;;;15.0;32.18;17.11;726.5;0.0;88.0;5.1;0.007;22.94;19.1;
7174;2020-10-26 02:00:00;2.21;;;;16.0;29.8;19.59;726.3;0.0;89.0;5.1;0.007;22.36;10.3;
7175;2020-10-26 03:00:00;2.2;;;;15.0;30.08;19.33;726.1;0.0;90.0;;0.007;22.14;11.4;
7176;2020-10-26 04:00:00;2.21;;;;15.0;28.45;17.76;725.9;0.0;87.0;;0.007;22.15;6.6;
7177;2020-10-26 05:00:00;2.19;;;;15.0;26.24;17.29;725.9;0.0;85.0;;0.007;22.12;7.3;
7178;2020-10-26 06:00:00;2.21;;;;9.0;27.71;16.5;726.4;0.0;83.0;5.0;0.007;21.71;2.9;
7179;2020-10-26 07:00:00;2.23;;;;7.0;41.28;18.92;726.7;0.0;87.0;5.0;0.009;21.13;3.0;
7180;2020-10-26 08:00:00;2.27;;;;9.0;54.8;21.32;727.2;0.0;82.0;4.9;0.044;22.03;3.4;
7181;2020-10-26 09:00:00;2.32;;;;9.0;46.06;23.83;727.6;0.0;78.0;5.1;0.121;23.17;4.7;
7182;2020-10-26 10:00:00;2.42;;;;12.0;62.23;29.55;728.1;0.0;72.0;5.0;0.247;24.88;5.4;
7183;2020-10-26 11:00:00;2.46;;;;19.0;67.48;35.09;728.2;0.0;67.0;5.1;0.412;26.42;10.8;
7184;2020-10-26 12:00:00;2.5;;;;33.0;71.52;38.34;728.0;0.0;63.0;5.1;0.466;27.32;13.4;
7185;2020-10-26 13:00:00;2.45;;;;48.0;82.58;41.66;727.4;0.0;60.0;;0.489;28.21;15.5;
7186;2020-10-26 14:00:00;2.38;;;;57.0;73.15;35.99;726.8;0.0;57.0;;0.463;28.99;17.7;
7187;2020-10-26 15:00:00;2.29;;;;49.0;59.77;26.56;726.3;0.0;54.0;;0.386;29.83;15.2;
7188;2020-10-26 16:00:00;2.26;;;;43.0;51.88;21.61;726.1;0.0;50.0;4.9;0.279;30.61;16.5;
7189;2020-10-26 17:00:00;2.26;;;;39.0;47.22;20.33;726.1;0.0;48.0;4.9;0.137;30.25;14.8;
7190;2020-10-26 18:00:00;2.34;;;;30.0;39.4;18.0;725.9;0.0;50.0;5.1;0.047;29.78;9.8;
7191;2020-10-26 19:00:00;2.42;;;;18.0;117.91;21.57;726.1;0.0;54.0;5.1;0.007;28.3;7.6;
7192;2020-10-26 20:00:00;2.86;;;;5.0;103.19;27.86;726.5;0.0;58.0;5.2;0.007;27.61;7.7;
7193;2020-10-26 21:00:00;2.65;;;;11.0;93.92;24.87;727.3;0.0;55.0;5.3;0.007;27.26;16.5;
7194;2020-10-26 22:00:00;2.33;;;;22.0;54.61;10.63;728.0;0.0;65.0;4.9;0.007;25.82;24.4;
7195;2020-10-26 23:00:00;2.23;;;;21.0;28.5;9.03;728.5;0.0;70.0;5.0;0.007;24.85;20.1;
7196;2020-10-27 00:00:00;2.24;;;;15.0;34.7;10.44;728.5;0.0;68.0;5.0;0.007;23.17;18.0;352.0
7197;2020-10-27 01:00:00;2.25;;;;9.0;54.14;12.28;728.3;0.0;63.0;;0.007;19.99;15.7;352.0
7198;2020-10-27 02:00:00;2.23;;;;11.0;42.67;9.84;728.1;0.0;66.0;4.9;0.007;18.58;15.2;352.0
7199;2020-10-27 03:00:00;2.21;;;;9.0;37.07;9.84;728.2;0.0;69.0;5.0;0.007;17.64;13.3;
7200;2020-10-27 04:00:00;2.19;;;;10.0;38.13;10.55;728.6;0.0;75.0;5.0;0.007;16.49;11.3;
7201;2020-10-27 05:00:00;2.18;;;;8.0;26.32;9.26;728.8;0.0;85.0;;0.007;14.79;8.4;
7202;2020-10-27 06:00:00;2.17;;;;6.0;27.35;8.51;729.2;0.0;87.0;;0.007;13.46;4.2;
7203;2020-10-27 07:00:00;2.17;;;;4.0;24.25;8.92;729.7;0.0;91.0;5.1;0.007;12.56;3.9;
7204;2020-10-27 08:00:00;2.22;;;;4.0;33.52;10.8;730.2;0.0;91.0;4.9;0.015;11.98;3.2;
7205;2020-10-27 09:00:00;2.28;;;;4.0;31.28;12.51;730.3;0.0;93.0;5.0;0.031;11.6;3.0;
7206;2020-10-27 10:00:00;2.32;;;;;33.73;12.87;730.4;0.02;94.0;4.9;0.055;11.46;4.1;
7207;2020-10-27 11:00:00;2.33;;;;5.0;39.61;15.77;730.4;0.0;92.0;5.1;0.084;11.65;5.0;
7208;2020-10-27 12:00:00;2.33;;;;5.0;55.66;19.22;730.1;0.0;90.0;4.8;0.082;12.0;7.4;351.0
7209;2020-10-27 13:00:00;2.31;;;;6.0;55.1;23.18;729.4;0.0;87.0;5.0;0.113;12.21;10.6;351.0
7210;2020-10-27 14:00:00;2.3;;;;6.0;46.61;20.55;728.8;0.0;87.0;5.0;0.097;12.1;11.4;
7211;2020-10-27 15:00:00;2.27;;;;7.0;44.19;22.02;728.5;0.0;88.0;5.1;0.082;11.76;9.4;
7212;2020-10-27 16:00:00;2.3;;;;7.0;51.06;19.79;728.2;0.0;82.0;4.9;0.11;12.34;8.3;
7213;2020-10-27 17:00:00;2.29;;;;6.0;53.31;19.7;728.2;0.0;79.0;4.9;0.048;12.32;11.7;
7214;2020-10-27 18:00:00;2.3;;;;4.0;59.42;19.05;728.2;0.0;77.0;5.0;0.014;12.36;11.9;
7215;2020-10-27 19:00:00;2.36;;;;3.0;58.47;18.53;728.3;0.0;76.0;4.9;0.007;12.38;12.1;
7216;2020-10-27 20:00:00;2.31;;;;4.0;38.49;15.29;728.8;0.0;77.0;4.9;0.007;11.51;14.9;
7217;2020-10-27 21:00:00;2.26;;;;4.0;36.94;13.02;729.5;0.0;85.0;;0.007;9.94;13.4;
7218;2020-10-27 22:00:00;2.24;;;;4.0;24.57;11.71;729.7;0.0;93.0;4.8;0.007;9.0;6.1;
7219;2020-10-27 23:00:00;2.21;;;;5.0;18.92;9.53;729.7;0.0;94.0;4.8;0.007;8.78;3.1;
7220;2020-10-28 00:00:00;2.17;;;;9.0;14.6;6.78;729.9;0.02;94.0;;0.007;8.32;4.6;
7221;2020-10-28 01:00:00;2.14;;;;11.0;8.13;4.21;730.4;0.04;95.0;;0.007;7.74;10.1;
7222;2020-10-28 02:00:00;2.1;;;;10.0;7.8;3.86;730.2;0.02;96.0;4.9;0.007;7.22;8.4;
7223;2020-10-28 03:00:00;2.11;;;;11.0;8.05;3.3;729.2;0.01;96.0;4.8;0.007;6.98;8.2;
7224;2020-10-28 04:00:00;2.09;;;;9.0;7.43;3.28;728.3;0.0;96.0;4.8;0.007;6.91;5.5;
7225;2020-10-28 05:00:00;2.08;;;;11.0;8.59;3.75;728.1;0.0;96.0;;0.008;6.84;4.7;
7226;2020-10-28 06:00:00;2.1;;;;9.0;9.6;3.53;728.1;0.0;93.0;4.9;0.008;7.36;6.0;
7227;2020-10-28 07:00:00;2.13;;;;6.0;11.22;3.77;728.3;0.0;87.0;5.0;0.01;7.6;6.5;
7228;2020-10-28 08:00:00;2.17;;;;5.0;16.41;5.36;728.6;0.0;83.0;4.9;0.035;8.14;4.6;
7229;2020-10-28 09:00:00;2.24;;;;8.0;22.93;6.85;729.2;0.0;75.0;4.8;0.187;9.94;8.1;
7230;2020-10-28 10:00:00;2.24;;;;12.0;26.13;8.1;729.8;0.0;67.0;4.9;0.312;12.14;10.1;
7231;2020-10-28 11:00:00;2.25;;;;16.0;35.82;9.77;729.0;0.0;60.0;5.1;0.424;14.58;11.4;
7232;2020-10-28 12:00:00;2.29;;;;22.0;47.56;14.07;728.2;0.0;55.0;4.9;0.489;17.1;9.9;
7233;2020-10-28 13:00:00;2.3;;;;29.0;52.7;15.78;727.0;0.0;48.0;4.9;0.508;19.4;8.8;
7234;2020-10-28 14:00:00;2.29;;;;36.0;49.07;12.94;726.0;0.0;42.0;5.0;0.481;20.92;10.0;
7235;2020-10-28 15:00:00;2.29;;;;41.0;48.24;10.66;725.5;0.0;36.0;5.0;0.412;22.54;11.1;
7236;2020-10-28 16:00:00;2.31;;;;43.0;52.19;12.07;725.2;0.0;38.0;;0.304;22.7;15.8;
7237;2020-10-28 17:00:00;2.32;;;;44.0;52.54;17.76;725.4;0.0;50.0;5.1;0.169;20.7;19.3;
7238;2020-10-28 18:00:00;2.33;;;;41.0;53.84;23.0;726.1;0.0;56.0;4.9;0.046;19.03;19.1;
7239;2020-10-28 19:00:00;2.41;;;;21.0;54.85;21.35;727.3;0.0;62.0;4.9;0.007;17.51;6.9;
7240;2020-10-28 20:00:00;2.47;;;;14.0;58.95;29.02;728.8;0.0;68.0;;0.007;16.58;4.5;
7241;2020-10-28 21:00:00;2.37;;;;22.0;43.25;17.15;729.6;0.0;58.0;;0.007;16.51;10.4;
7242;2020-10-28 22:00:00;2.38;;;;13.0;49.25;18.82;729.9;0.0;64.0;5.0;0.007;15.1;5.6;
7243;2020-10-28 23:00:00;2.35;;;;15.0;37.31;14.8;730.5;0.0;57.0;5.0;0.007;14.94;6.4;
7244;2020-10-29 00:00:00;2.37;;;;9.0;42.6;19.86;731.2;0.0;70.0;;0.007;13.75;4.6;352.0
7245;2020-10-29 01:00:00;2.36;;;;6.0;36.43;17.37;731.8;0.0;74.0;4.9;0.007;12.79;3.0;352.0
7246;2020-10-29 02:00:00;2.34;;;;7.0;37.81;20.24;732.2;0.0;79.0;5.0;0.007;12.12;4.1;352.0
7247;2020-10-29 03:00:00;2.28;;;;10.0;36.85;16.19;732.1;0.0;68.0;5.0;0.007;13.06;10.7;
7248;2020-10-29 04:00:00;2.3;;;;10.0;55.32;21.62;732.2;0.0;59.0;;0.007;14.41;15.1;
7249;2020-10-29 05:00:00;2.31;;;;9.0;66.28;26.97;732.5;0.0;60.0;5.1;0.007;14.43;11.7;
7250;2020-10-29 06:00:00;2.27;;;;5.0;47.01;19.93;732.9;0.0;69.0;5.0;0.007;13.32;12.6;
7251;2020-10-29 07:00:00;2.27;;;;3.0;30.44;12.99;733.7;0.0;72.0;5.0;0.008;12.33;7.2;
7252;2020-10-29 08:00:00;2.38;;;;5.0;50.31;15.95;734.7;0.0;62.0;5.1;0.071;14.22;4.4;
7253;2020-10-29 09:00:00;2.32;;;;18.0;37.62;10.64;735.5;0.0;41.0;5.2;0.206;18.4;7.3;
7254;2020-10-29 10:00:00;2.42;;;;17.0;76.72;22.16;735.7;0.0;43.0;5.2;0.328;19.43;8.7;
7255;2020-10-29 11:00:00;2.54;;;;16.0;105.19;34.0;735.6;0.0;40.0;5.1;0.426;21.47;10.5;
7256;2020-10-29 12:00:00;;;;;;;;;;;;;;;
7257;2020-10-29 13:00:00;2.5;;;;46.0;69.53;17.96;734.4;0.0;29.0;5.2;0.508;24.64;12.5;
7258;2020-10-29 14:00:00;;;;;;;;;;;;;;;
7259;2020-10-29 15:00:00;;;;;;;;;;;;0.0;;;
7260;2020-10-29 16:00:00;;;;;;;;;;;;0.0;;;
7261;2020-10-29 17:00:00;2.29;;;;40.0;50.57;7.53;733.1;0.0;22.0;4.8;0.177;25.77;18.4;
7262;2020-10-29 18:00:00;2.3;;;;34.0;45.11;7.36;734.1;0.0;25.0;4.9;0.049;24.11;14.4;
7263;2020-10-29 19:00:00;2.33;;;;21.0;53.35;8.39;734.8;0.0;31.0;4.9;0.007;21.49;7.5;
7264;2020-10-29 20:00:00;2.32;;;;17.0;43.71;9.23;735.6;0.0;35.0;5.0;0.007;20.35;8.4;
7265;2020-10-29 21:00:00;2.32;;;;15.0;44.58;10.22;736.1;0.0;37.0;4.9;0.007;19.41;6.7;
7266;2020-10-29 22:00:00;2.3;;;;14.0;30.25;9.3;736.6;0.0;38.0;5.0;0.007;18.83;7.0;
7267;2020-10-29 23:00:00;2.29;;;;22.0;31.86;8.31;737.1;0.0;38.0;5.0;0.007;18.58;7.4;
7268;2020-10-30 00:00:00;2.21;;;;30.0;29.71;6.31;737.2;0.0;39.0;5.1;0.007;17.98;8.3;
7269;2020-10-30 01:00:00;2.17;;;;25.0;28.27;6.08;737.3;0.0;44.0;5.1;0.007;16.54;3.9;
7270;2020-10-30 02:00:00;2.18;;;;18.0;20.0;5.81;737.1;0.0;54.0;4.9;0.007;14.7;6.5;
7271;2020-10-30 03:00:00;2.19;;;;14.0;24.94;7.27;737.0;0.0;55.0;5.0;0.007;14.58;8.9;
7272;2020-10-30 04:00:00;2.17;;;;15.0;26.13;7.38;737.0;0.0;57.0;5.0;0.007;14.1;6.1;
7273;2020-10-30 05:00:00;2.12;;;;26.0;16.09;5.2;737.2;0.0;53.0;4.9;0.007;14.61;6.1;
7274;2020-10-30 06:00:00;2.12;;;;19.0;20.45;6.09;737.6;0.0;57.0;4.9;0.007;13.6;4.8;
7275;2020-10-30 07:00:00;2.15;;;;12.0;25.01;7.93;738.1;0.0;63.0;5.0;0.008;12.54;4.3;
7276;2020-10-30 08:00:00;2.26;;;;6.0;53.52;12.03;738.5;0.0;64.0;4.9;0.077;13.7;3.2;
7277;2020-10-30 09:00:00;2.35;;;;14.0;52.69;14.42;739.0;0.0;51.0;5.1;0.212;16.25;8.5;
7278;2020-10-30 10:00:00;2.23;;;;29.0;24.29;7.61;739.3;0.0;46.0;5.0;0.34;17.89;9.1;
7279;2020-10-30 11:00:00;2.29;;;;33.0;28.19;9.08;739.0;0.0;43.0;5.0;0.438;18.9;7.9;
7280;2020-10-30 12:00:00;2.3;;;;40.0;28.84;9.86;738.2;0.0;39.0;4.7;0.499;20.19;10.8;
7281;2020-10-30 13:00:00;2.33;;;;52.0;41.02;13.64;737.4;0.0;38.0;4.9;0.515;21.31;11.9;
7282;2020-10-30 14:00:00;2.34;;;;58.0;40.96;13.31;736.7;0.0;36.0;4.9;0.484;22.39;12.5;
7283;2020-10-30 15:00:00;2.34;;;;59.0;40.1;12.16;736.1;0.0;34.0;5.0;0.415;22.84;14.2;
7284;2020-10-30 16:00:00;2.35;;;;60.0;45.21;12.37;735.6;0.0;32.0;4.9;0.302;23.27;14.2;
7285;2020-10-30 17:00:00;2.33;;;;57.0;58.97;15.62;735.2;0.0;36.0;4.9;0.173;23.32;15.0;
7286;2020-10-30 18:00:00;2.32;;;;51.0;55.19;13.63;734.9;0.0;38.0;;0.047;21.74;16.0;
7287;2020-10-30 19:00:00;2.28;;;;45.0;57.68;12.34;735.1;0.0;41.0;;0.007;20.21;17.8;
7288;2020-10-30 20:00:00;2.26;;;;35.0;31.73;9.6;735.5;0.0;43.0;5.0;0.007;19.5;18.8;
7289;2020-10-30 21:00:00;2.21;;;;35.0;30.67;8.75;735.7;0.0;44.0;4.9;0.007;18.84;20.1;
7290;2020-10-30 22:00:00;2.21;;;;32.0;28.26;8.43;736.0;0.0;45.0;4.8;0.007;18.33;16.9;
7291;2020-10-30 23:00:00;2.22;;;;26.0;37.04;9.81;736.3;0.0;51.0;4.9;0.007;16.92;9.9;
7292;2020-10-31 00:00:00;2.34;;;;12.0;39.21;12.52;736.0;0.0;60.0;4.9;0.007;15.26;4.1;
7293;2020-10-31 01:00:00;2.37;;;;7.0;32.81;12.22;735.7;0.0;67.0;4.8;0.007;13.96;4.9;
7294;2020-10-31 02:00:00;2.29;;;;11.0;41.4;11.92;735.4;0.0;68.0;5.0;0.007;13.52;3.5;
7295;2020-10-31 03:00:00;2.29;;;;8.0;28.37;12.16;735.0;0.0;74.0;4.9;0.007;12.57;3.7;
7296;2020-10-31 04:00:00;2.28;;;;7.0;26.11;11.03;734.8;0.0;74.0;5.1;0.007;12.23;2.9;
7297;2020-10-31 05:00:00;2.27;;;;8.0;25.64;12.5;734.8;0.0;74.0;5.1;0.007;12.04;2.9;
7298;2020-10-31 06:00:00;2.32;;;;3.0;30.7;13.4;734.9;0.0;77.0;4.9;0.007;11.6;3.0;
7299;2020-10-31 07:00:00;;;;;;;;;;;;0.0;;;
7300;2020-10-31 08:00:00;2.55;;;;4.0;43.16;14.81;735.5;0.0;74.0;5.3;0.075;13.03;3.8;
7301;2020-10-31 09:00:00;2.56;;;;7.0;69.13;26.06;735.9;0.0;57.0;5.3;0.202;16.66;9.1;
7302;2020-10-31 10:00:00;2.67;;;;12.0;104.69;43.26;736.4;0.0;50.0;5.4;0.324;18.69;8.1;
7303;2020-10-31 11:00:00;2.61;;;;26.0;94.34;41.93;736.1;0.0;42.0;5.2;0.42;20.95;9.1;
7304;2020-10-31 12:00:00;2.69;;;;32.0;108.91;51.95;735.6;0.0;40.0;5.2;0.474;21.91;11.1;
7305;2020-10-31 13:00:00;2.69;;;;46.0;99.0;43.83;734.9;0.0;38.0;5.3;0.492;22.95;12.4;
7306;2020-10-31 14:00:00;2.59;;;;55.0;77.63;24.9;734.2;0.0;37.0;5.2;0.465;23.92;14.7;
7307;2020-10-31 15:00:00;2.48;;;;60.0;56.71;17.19;733.8;0.0;36.0;5.1;0.403;24.86;16.8;
7308;2020-10-31 16:00:00;2.4;;;;62.0;55.54;16.14;733.7;0.0;36.0;5.1;0.295;25.4;11.1;
7309;2020-10-31 17:00:00;2.38;;;;58.0;51.01;16.2;733.5;0.0;38.0;5.2;0.169;25.16;13.2;
7310;2020-10-31 18:00:00;2.43;;;;52.0;46.6;18.78;733.6;0.0;41.0;5.0;0.045;23.63;5.3;
7311;2020-10-31 19:00:00;2.51;;;;28.0;77.96;23.18;733.8;0.0;53.0;5.1;0.007;20.74;4.5;
7312;2020-10-31 20:00:00;2.61;;;;10.0;65.02;27.42;734.2;0.0;58.0;5.0;0.007;19.59;6.6;
7313;2020-10-31 21:00:00;2.67;;;;3.0;62.27;29.7;734.7;0.0;66.0;5.3;0.007;17.71;5.4;
7314;2020-10-31 22:00:00;2.79;;;;3.0;63.75;33.29;735.1;0.0;68.0;5.2;0.007;17.0;4.4;
7315;2020-10-31 23:00:00;2.83;;;;3.0;119.58;37.7;735.3;0.0;70.0;5.1;0.007;16.33;5.0;
7316;2020-11-01 00:00:00;;;;;;;;;;;;;;;
7317;2020-11-01 01:00:00;2.7;;;;4.0;47.72;24.66;735.7;0.0;74.0;5.1;0.007;15.02;4.9;352.0
7318;2020-11-01 02:00:00;2.71;;;;4.0;42.64;23.19;735.7;0.0;75.0;5.0;0.007;14.59;5.4;352.0
7319;2020-11-01 03:00:00;2.66;;;;6.0;45.29;23.96;736.0;0.0;76.0;5.0;0.007;14.37;5.5;352.0
7320;2020-11-01 04:00:00;2.66;;;;5.0;47.56;27.55;736.0;0.0;77.0;5.2;0.007;14.09;5.8;
7321;2020-11-01 05:00:00;2.54;;;;9.0;48.61;27.58;736.4;0.0;74.0;5.0;0.007;14.59;8.4;
7322;2020-11-01 06:00:00;2.57;;;;9.0;60.25;31.29;736.9;0.0;75.0;5.0;0.007;14.35;7.8;351.0
7323;2020-11-01 07:00:00;2.54;;;;8.0;54.46;30.06;737.4;0.0;74.0;5.1;0.008;14.23;7.5;351.0
7324;2020-11-01 08:00:00;2.58;;;;7.0;65.85;31.68;738.2;0.0;70.0;4.9;0.07;15.53;5.8;351.0
7325;2020-11-01 09:00:00;2.65;;;;10.0;74.9;32.04;739.1;0.0;55.0;5.0;0.204;20.14;5.5;
7326;2020-11-01 10:00:00;2.71;;;;18.0;121.19;51.2;739.7;0.0;43.0;4.9;0.329;23.04;7.9;352.0
7327;2020-11-01 11:00:00;2.65;;;;40.0;75.67;30.09;739.8;0.0;35.0;5.1;0.43;25.62;8.0;352.0
7328;2020-11-01 12:00:00;2.49;;;;53.0;36.35;14.6;739.8;0.0;34.0;5.1;0.491;26.14;10.7;352.0
7329;2020-11-01 13:00:00;2.45;;;;59.0;33.49;13.28;739.4;0.0;31.0;5.0;0.506;26.97;7.1;
7330;2020-11-01 14:00:00;2.35;;;;60.0;30.08;10.84;738.8;0.0;29.0;4.9;0.476;27.26;13.7;
7331;2020-11-01 15:00:00;2.32;;;;63.0;38.87;13.69;738.6;0.0;30.0;4.9;0.403;27.9;13.2;
7332;2020-11-01 16:00:00;2.27;;;;54.0;40.94;11.35;738.3;0.0;32.0;;0.293;27.52;16.1;
7333;2020-11-01 17:00:00;2.29;;;;44.0;36.45;11.19;738.3;0.0;32.0;;0.167;26.91;15.1;
7334;2020-11-01 18:00:00;2.39;;;;34.0;37.71;16.84;738.7;0.0;36.0;4.8;0.045;25.1;13.0;
7335;2020-11-01 19:00:00;2.4;;;;30.0;59.74;23.13;739.3;0.0;39.0;4.9;0.007;23.59;12.9;
7336;2020-11-01 20:00:00;2.38;;;;34.0;29.95;13.58;739.9;0.0;42.0;4.8;0.007;22.96;13.2;
7337;2020-11-01 21:00:00;2.34;;;;35.0;24.99;10.41;;0.0;43.0;4.8;0.007;22.69;11.8;
7338;2020-11-01 22:00:00;2.3;;;;36.0;26.88;9.44;;0.0;43.0;;0.007;22.95;11.0;
7339;2020-11-01 23:00:00;2.36;;;;24.0;61.23;17.19;;0.0;46.0;4.7;0.007;21.99;11.5;
7340;2020-11-02 00:00:00;2.36;;;;25.0;81.49;19.49;;0.0;51.0;4.8;0.007;20.88;17.0;
7341;2020-11-02 01:00:00;2.26;;;;36.0;34.6;11.28;;0.0;56.0;4.7;0.007;19.58;17.1;
7342;2020-11-02 02:00:00;2.27;;;;36.0;30.48;10.53;;0.0;59.0;4.7;0.007;18.94;9.2;
7343;2020-11-02 03:00:00;2.26;;;;38.0;30.47;9.9;;0.0;60.0;;0.007;18.92;11.1;
7344;2020-11-02 04:00:00;2.24;;;;41.0;22.97;9.91;;0.0;59.0;;0.007;18.84;10.4;
7345;2020-11-02 05:00:00;2.23;;;;47.0;20.68;9.54;;0.0;57.0;;0.007;18.95;12.5;
7346;2020-11-02 06:00:00;2.22;;;;50.0;23.41;9.87;;0.0;57.0;;0.007;18.96;12.6;
7347;2020-11-02 07:00:00;2.29;;;;25.0;44.68;14.84;;0.0;61.0;4.8;0.008;18.22;13.3;
7348;2020-11-02 08:00:00;2.44;;;;8.0;91.57;22.13;;0.0;65.0;4.8;0.065;17.9;7.6;
7349;2020-11-02 09:00:00;2.51;;;;16.0;81.46;23.73;;0.0;59.0;;0.198;19.6;11.4;
7350;2020-11-02 10:00:00;2.41;;;;39.0;62.54;17.64;;0.0;55.0;;0.316;20.76;14.6;
7351;2020-11-02 11:00:00;2.38;;;;50.0;53.23;18.64;;0.0;51.0;;0.416;21.91;13.1;
7352;2020-11-02 12:00:00;2.37;;;;60.0;44.61;16.73;;0.0;49.0;;0.485;22.73;16.3;
7353;2020-11-02 13:00:00;2.33;;;;64.0;52.62;15.6;;0.0;44.0;;0.502;23.8;17.0;
7354;2020-11-02 14:00:00;2.31;;;;63.0;52.09;13.71;739.9;0.0;39.0;4.7;0.467;24.74;14.0;
7355;2020-11-02 15:00:00;2.3;;;;65.0;49.38;15.41;739.4;0.0;37.0;4.9;0.401;25.05;9.1;
7356;2020-11-02 16:00:00;2.27;;;;65.0;50.44;17.51;739.0;0.0;35.0;4.8;0.294;25.34;16.0;
7357;2020-11-02 17:00:00;2.29;;;;54.0;40.96;14.4;739.0;0.0;37.0;4.9;0.168;24.94;15.8;
7358;2020-11-02 18:00:00;2.32;;;;48.0;41.6;14.83;739.0;0.0;40.0;4.9;0.044;23.28;17.5;
7359;2020-11-02 19:00:00;2.31;;;;47.0;51.17;15.97;739.2;0.0;42.0;4.7;0.007;21.78;16.5;
7360;2020-11-02 20:00:00;2.29;;;;48.0;40.16;15.93;739.6;0.0;45.0;4.8;0.007;21.04;19.4;
7361;2020-11-02 21:00:00;2.26;;;;47.0;35.81;15.61;739.8;0.0;47.0;4.7;0.007;20.33;14.3;
7362;2020-11-02 22:00:00;2.27;;;;48.0;33.89;13.5;739.8;0.0;46.0;4.6;0.007;20.17;13.2;
7363;2020-11-02 23:00:00;2.24;;;;49.0;28.41;13.2;739.6;0.0;48.0;4.7;0.007;19.99;14.0;
7364;2020-11-03 00:00:00;2.25;;;;50.0;27.92;13.9;739.3;0.0;49.0;4.7;0.007;19.8;14.4;
7365;2020-11-03 01:00:00;2.21;;;;45.0;51.12;14.68;739.0;0.0;54.0;4.6;0.007;18.65;16.4;
7366;2020-11-03 02:00:00;2.21;;;;41.0;48.73;14.47;738.8;0.0;62.0;4.7;0.007;17.15;22.2;
7367;2020-11-03 03:00:00;2.2;;;;37.0;34.01;12.35;738.4;0.0;65.0;4.7;0.007;16.51;7.4;
7368;2020-11-03 04:00:00;2.2;;;;27.0;59.04;14.17;738.3;0.0;75.0;4.8;0.007;14.8;4.5;
7369;2020-11-03 05:00:00;2.2;;;;20.0;31.55;12.83;738.4;0.0;80.0;4.8;0.007;14.18;3.9;
7370;2020-11-03 06:00:00;2.21;;;;13.0;34.59;14.64;738.3;0.0;84.0;4.7;0.007;13.39;2.9;
7371;2020-11-03 07:00:00;2.28;;;;6.0;38.68;15.21;738.3;0.0;85.0;4.8;0.008;12.88;2.9;
7372;2020-11-03 08:00:00;2.42;;;;5.0;86.73;23.68;738.6;0.0;80.0;4.7;0.066;14.44;4.0;
7373;2020-11-03 09:00:00;2.54;;;;10.0;89.93;36.18;738.9;0.0;68.0;4.8;0.193;17.49;6.0;351.0
7374;2020-11-03 10:00:00;2.54;;;;19.0;84.2;35.68;739.3;0.0;63.0;4.9;0.315;19.12;7.8;352.0
7375;2020-11-03 11:00:00;2.51;;;;27.0;81.25;30.77;739.0;0.0;61.0;4.9;0.407;19.95;8.8;352.0
7376;2020-11-03 12:00:00;2.45;;;;44.0;75.78;25.41;738.4;0.0;55.0;4.8;0.473;21.32;14.9;
7377;2020-11-03 13:00:00;2.38;;;;54.0;54.83;18.86;737.7;0.0;47.0;4.7;0.496;22.72;19.7;
7378;2020-11-03 14:00:00;2.35;;;;50.0;52.3;16.21;737.0;0.0;43.0;5.1;0.471;23.61;15.1;
7379;2020-11-03 15:00:00;2.31;;;;47.0;48.92;14.94;736.5;0.0;42.0;5.5;0.399;24.12;21.9;
7380;2020-11-03 16:00:00;2.31;;;;44.0;41.22;13.95;736.2;0.0;43.0;5.5;0.298;24.64;19.4;
7381;2020-11-03 17:00:00;2.31;;;;42.0;34.2;12.1;735.9;0.0;42.0;;0.17;24.51;18.1;
7382;2020-11-03 18:00:00;2.34;;;;36.0;55.16;13.83;735.7;0.0;42.0;5.4;0.041;23.07;14.9;
7383;2020-11-03 19:00:00;2.34;;;;36.0;59.67;14.15;736.0;0.0;42.0;5.4;0.007;21.83;13.7;
7384;2020-11-03 20:00:00;2.3;;;;39.0;26.6;9.46;736.3;0.0;39.0;5.3;0.007;21.55;13.5;
7385;2020-11-03 21:00:00;2.27;;;;42.0;22.08;8.05;736.4;0.0;37.0;5.3;0.007;21.62;15.9;
7386;2020-11-03 22:00:00;2.25;;;;43.0;24.21;7.95;736.4;0.0;37.0;5.4;0.007;21.56;17.8;
7387;2020-11-03 23:00:00;2.23;;;;38.0;35.51;10.79;736.3;0.0;43.0;5.4;0.007;20.11;16.5;
7388;2020-11-04 00:00:00;2.28;;;;29.0;61.43;12.64;736.1;0.0;52.0;5.6;0.007;18.57;9.1;
7389;2020-11-04 01:00:00;2.26;;;;27.0;41.18;11.56;735.8;0.0;60.0;5.5;0.007;17.06;9.7;
7390;2020-11-04 02:00:00;2.26;;;;27.0;96.99;40.86;735.7;0.0;69.0;5.6;0.007;15.9;12.6;
7391;2020-11-04 03:00:00;2.25;;;;19.0;47.8;16.14;735.7;0.0;74.0;5.6;0.007;14.42;5.1;
7392;2020-11-04 04:00:00;2.26;;;;13.0;48.2;17.93;735.6;0.0;80.0;5.7;0.007;13.26;2.9;
7393;2020-11-04 05:00:00;2.28;;;;9.0;41.06;17.39;735.7;0.0;84.0;5.5;0.007;12.8;2.9;
7394;2020-11-04 06:00:00;2.35;;;;4.0;48.73;18.74;736.0;0.0;84.0;5.5;0.007;12.88;4.4;
7395;2020-11-04 07:00:00;2.47;;;;3.0;57.25;22.34;736.1;0.0;85.0;5.6;0.009;12.77;4.4;
7396;2020-11-04 08:00:00;2.54;;;;4.0;71.31;22.67;736.4;0.0;79.0;5.7;0.069;14.42;5.9;
7397;2020-11-04 09:00:00;2.57;;;;9.0;69.58;25.34;737.0;0.0;67.0;5.7;0.197;17.12;11.5;
7398;2020-11-04 10:00:00;2.61;;;;13.0;83.19;30.95;737.1;0.0;60.0;5.8;0.322;19.6;9.8;
7399;2020-11-04 11:00:00;2.69;;;;22.0;74.83;31.95;737.4;0.0;55.0;5.8;0.416;21.49;6.4;
7400;2020-11-04 12:00:00;2.67;;;;38.0;77.52;31.45;737.1;0.0;52.0;;0.47;22.33;11.2;
7401;2020-11-04 13:00:00;2.57;;;;52.0;73.07;23.28;736.4;0.0;45.0;;0.485;23.62;9.3;
7402;2020-11-04 14:00:00;2.46;;;;57.0;54.88;16.11;735.8;0.0;40.0;5.7;0.463;25.03;19.8;
7403;2020-11-04 15:00:00;2.42;;;;61.0;57.94;17.11;735.2;0.0;39.0;5.5;0.392;25.82;18.6;
7404;2020-11-04 16:00:00;2.38;;;;51.0;50.63;13.99;734.9;0.0;39.0;5.6;0.291;26.31;19.3;
7405;2020-11-04 17:00:00;2.38;;;;42.0;34.3;11.49;734.5;0.0;39.0;5.6;0.165;26.41;16.6;
7406;2020-11-04 18:00:00;2.38;;;;35.0;43.7;12.34;734.5;0.0;43.0;5.5;0.041;24.95;15.5;
7407;2020-11-04 19:00:00;2.38;;;;30.0;83.58;14.62;734.8;0.0;44.0;5.5;0.007;23.27;10.0;
7408;2020-11-04 20:00:00;2.36;;;;31.0;42.45;11.64;735.0;0.0;42.0;;0.007;22.97;10.6;
7409;2020-11-04 21:00:00;2.33;;;;34.0;37.48;10.38;735.3;0.0;41.0;;0.007;23.25;13.8;
7410;2020-11-04 22:00:00;2.44;;;;14.0;69.68;20.64;735.4;0.0;47.0;;0.007;21.72;14.9;
7411;2020-11-04 23:00:00;2.38;;;;26.0;54.7;15.95;735.6;0.0;56.0;;0.007;20.47;20.3;
7412;2020-11-05 00:00:00;2.33;;;;27.0;28.72;9.24;735.6;0.0;64.0;5.6;0.007;19.32;12.9;
7413;2020-11-05 01:00:00;2.34;;;;25.0;43.74;10.5;735.6;0.0;70.0;5.5;0.007;18.34;7.7;
7414;2020-11-05 02:00:00;2.33;;;;18.0;32.15;12.06;735.2;0.0;76.0;5.5;0.007;16.83;5.1;
7415;2020-11-05 03:00:00;2.31;;;;16.0;31.67;12.19;734.9;0.0;79.0;5.6;0.007;16.22;4.0;
7416;2020-11-05 04:00:00;2.38;;;;6.0;41.41;18.81;734.9;0.0;86.0;5.5;0.007;14.89;3.2;
7417;2020-11-05 05:00:00;2.37;;;;4.0;38.81;18.86;734.9;0.0;89.0;5.6;0.007;14.46;3.1;
7418;2020-11-05 06:00:00;2.37;;;;3.0;42.82;21.89;735.4;0.0;91.0;5.7;0.007;14.67;4.2;
7419;2020-11-05 07:00:00;2.4;;;;3.0;49.69;27.3;735.6;0.0;91.0;5.7;0.009;14.84;3.1;
7420;2020-11-05 08:00:00;2.45;;;;5.0;64.73;28.39;736.0;0.0;84.0;;0.081;16.18;5.2;
7421;2020-11-05 09:00:00;;;;;;;;;;;;;;;
7422;2020-11-05 10:00:00;2.54;;;;15.0;93.47;43.63;736.7;0.0;68.0;5.8;0.311;19.55;12.0;
7423;2020-11-05 11:00:00;2.57;;;;21.0;87.37;40.17;736.4;0.0;57.0;5.9;0.416;22.17;7.8;
7424;2020-11-05 12:00:00;2.56;;;;34.0;73.37;33.93;735.9;0.0;50.0;6.0;0.464;23.62;7.9;
7425;2020-11-05 13:00:00;2.55;;;;50.0;66.19;29.24;735.1;0.0;46.0;5.7;0.469;24.93;13.7;
7426;2020-11-05 14:00:00;2.43;;;;56.0;46.86;18.36;734.4;0.0;41.0;5.7;0.47;26.35;16.3;
7427;2020-11-05 15:00:00;2.39;;;;57.0;46.21;17.83;734.1;0.0;39.0;;0.392;27.0;18.2;
7428;2020-11-05 16:00:00;2.37;;;;54.0;50.72;17.05;733.9;0.0;37.0;;0.285;27.17;18.3;
7429;2020-11-05 17:00:00;2.37;;;;50.0;41.47;15.37;733.8;0.0;38.0;;0.163;26.92;15.8;
7430;2020-11-05 18:00:00;2.43;;;;33.0;48.85;17.31;733.8;0.0;44.0;5.6;0.039;25.04;12.0;
7431;2020-11-05 19:00:00;2.51;;;;15.0;67.72;17.98;734.1;0.0;49.0;5.7;0.007;23.09;6.8;
7432;2020-11-05 20:00:00;2.47;;;;20.0;49.38;14.51;734.3;0.0;49.0;5.8;0.007;22.84;8.5;
7433;2020-11-05 21:00:00;2.45;;;;23.0;39.3;13.7;734.5;0.0;52.0;5.7;0.007;22.45;9.7;
7434;2020-11-05 22:00:00;2.41;;;;28.0;32.37;11.45;734.5;0.0;52.0;5.8;0.007;22.47;10.4;
7435;2020-11-05 23:00:00;2.39;;;;27.0;28.31;9.89;734.2;0.0;53.0;5.7;0.007;21.88;10.4;
7436;2020-11-06 00:00:00;2.38;;;;29.0;31.75;12.52;734.0;0.0;58.0;5.7;0.007;21.14;14.8;351.0
7437;2020-11-06 01:00:00;2.4;;;;19.0;56.24;18.33;733.8;0.0;66.0;;0.007;19.26;10.4;351.0
7438;2020-11-06 02:00:00;2.41;;;;14.0;59.97;16.64;733.7;0.0;74.0;;0.007;17.76;8.7;351.0
7439;2020-11-06 03:00:00;2.39;;;;10.0;53.54;17.82;733.4;0.0;80.0;;0.007;16.55;6.3;352.0
7440;2020-11-06 04:00:00;2.4;;;;7.0;39.57;17.38;733.3;0.0;84.0;5.8;0.007;15.37;3.4;352.0
7441;2020-11-06 05:00:00;2.4;;;;4.0;37.95;17.33;733.2;0.0;86.0;6.0;0.007;15.08;2.9;352.0
7442;2020-11-06 06:00:00;2.43;;;;3.0;35.67;18.0;733.4;0.0;84.0;5.9;0.007;15.75;2.9;
7443;2020-11-06 07:00:00;2.47;;;;3.0;48.19;19.91;733.7;0.0;81.0;6.0;0.008;16.74;4.9;351.0
7444;2020-11-06 08:00:00;2.55;;;;4.0;61.95;22.67;734.1;0.0;74.0;6.0;0.047;17.64;7.1;351.0
7445;2020-11-06 09:00:00;2.6;;;;7.0;65.19;26.33;734.3;0.0;65.0;5.8;0.193;19.84;10.6;352.0
7446;2020-11-06 10:00:00;2.66;;;;10.0;78.49;31.51;734.5;0.0;63.0;5.9;0.281;20.61;8.8;352.0
7447;2020-11-06 11:00:00;2.66;;;;17.0;74.02;32.68;734.4;0.0;60.0;5.7;0.335;22.7;8.1;352.0
7448;2020-11-06 12:00:00;2.53;;;;33.0;54.23;19.99;733.8;0.0;60.0;5.7;0.291;23.32;14.1;
7449;2020-11-06 13:00:00;2.44;;;;40.0;44.7;13.44;733.0;0.0;52.0;5.9;0.448;25.03;17.0;
7450;2020-11-06 14:00:00;2.41;;;;41.0;45.69;14.26;732.1;0.0;45.0;6.0;0.395;25.54;18.0;
7451;2020-11-06 15:00:00;2.37;;;;40.0;46.58;13.63;731.5;0.0;42.0;6.0;0.351;25.98;20.8;
7452;2020-11-06 16:00:00;2.34;;;;37.0;44.55;12.59;731.2;0.0;40.0;;0.26;26.5;17.4;
7453;2020-11-06 17:00:00;2.34;;;;35.0;40.95;12.04;731.2;0.0;40.0;6.3;0.178;26.34;17.7;
7454;2020-11-06 18:00:00;2.42;;;;24.0;35.78;12.2;731.1;0.0;45.0;6.2;0.024;24.12;10.9;
7455;2020-11-06 19:00:00;2.43;;;;19.0;44.5;11.9;731.3;0.0;48.0;5.9;0.007;22.86;8.1;
7456;2020-11-06 20:00:00;2.43;;;;23.0;35.72;10.56;731.5;0.0;48.0;6.0;0.007;22.71;8.3;
7457;2020-11-06 21:00:00;2.41;;;;24.0;31.86;9.81;731.6;0.0;52.0;5.9;0.007;22.41;8.8;
7458;2020-11-06 22:00:00;2.37;;;;29.0;34.58;8.05;731.9;0.0;50.0;5.8;0.007;22.51;14.8;
7459;2020-11-06 23:00:00;2.38;;;;30.0;32.31;8.67;732.1;0.0;52.0;5.8;0.007;21.48;14.3;
7460;2020-11-07 00:00:00;2.37;;;;28.0;51.49;11.33;731.9;0.0;56.0;;0.007;20.4;20.8;
7461;2020-11-07 01:00:00;;;;;;;;;;;;0.0;;;
7462;2020-11-07 02:00:00;2.28;;;;28.0;26.42;7.21;731.5;0.0;74.0;5.5;0.007;19.0;18.6;
7463;2020-11-07 03:00:00;2.3;;;;27.0;29.67;7.82;731.4;0.0;82.0;5.6;0.007;18.19;10.4;
7464;2020-11-07 04:00:00;2.3;;;;23.0;33.94;11.52;731.1;0.0;86.0;5.8;0.007;17.38;7.8;
7465;2020-11-07 05:00:00;2.31;;;;21.0;33.62;16.8;731.2;0.0;88.0;5.5;0.007;17.03;5.5;
7466;2020-11-07 06:00:00;2.3;;;;11.0;30.66;14.64;731.4;0.0;87.0;5.3;0.007;16.68;2.9;
7467;2020-11-07 07:00:00;2.32;;;;7.0;38.5;16.29;731.5;0.0;89.0;5.4;0.008;16.0;2.9;
7468;2020-11-07 08:00:00;2.42;;;;5.0;42.44;20.07;731.9;0.0;88.0;5.3;0.056;17.17;3.2;
7469;2020-11-07 09:00:00;2.56;;;;6.0;68.72;26.21;732.3;0.0;75.0;5.4;0.176;19.92;7.1;
7470;2020-11-07 10:00:00;2.58;;;;10.0;77.23;36.09;732.5;0.0;69.0;5.6;0.285;21.1;8.7;
7471;2020-11-07 11:00:00;2.59;;;;21.0;71.38;37.21;732.3;0.0;68.0;5.6;0.22;21.21;9.1;
7472;2020-11-07 12:00:00;2.54;;;;35.0;65.55;25.9;731.7;0.0;63.0;;0.331;22.26;9.9;
7473;2020-11-07 13:00:00;2.5;;;;42.0;51.8;18.34;730.9;0.0;52.0;;0.48;24.89;11.4;
7474;2020-11-07 14:00:00;2.42;;;;44.0;50.2;14.79;730.0;0.0;50.0;5.9;0.438;25.32;17.3;
7475;2020-11-07 15:00:00;2.42;;;;40.0;65.39;14.74;729.4;0.0;47.0;5.8;0.373;26.26;20.2;
7476;2020-11-07 16:00:00;2.4;;;;36.0;54.95;12.64;729.1;0.0;48.0;5.6;0.272;26.23;20.8;
7477;2020-11-07 17:00:00;2.38;;;;32.0;39.41;11.12;728.9;0.0;47.0;5.6;0.161;26.19;20.4;
7478;2020-11-07 18:00:00;2.41;;;;25.0;41.28;13.26;728.9;0.0;49.0;5.7;0.036;24.82;16.6;
7479;2020-11-07 19:00:00;2.41;;;;25.0;42.49;12.75;728.9;0.0;50.0;5.5;0.007;23.85;13.8;
7480;2020-11-07 20:00:00;2.38;;;;28.0;29.69;10.38;729.1;0.0;48.0;5.5;0.007;23.83;17.3;
7481;2020-11-07 21:00:00;2.36;;;;30.0;26.99;9.42;729.5;0.0;47.0;5.7;0.007;23.88;18.6;
7482;2020-11-07 22:00:00;2.32;;;;30.0;29.35;9.27;729.4;0.0;46.0;5.6;0.007;23.81;20.0;
7483;2020-11-07 23:00:00;2.32;;;;28.0;62.29;12.48;729.3;0.0;51.0;5.8;0.007;22.5;24.9;
7484;2020-11-08 00:00:00;2.34;;;;25.0;40.18;11.9;728.9;0.0;56.0;5.7;0.007;21.56;24.6;
7485;2020-11-08 01:00:00;2.37;;;;21.0;44.83;15.94;728.9;0.0;62.0;5.5;0.007;19.68;18.2;
7486;2020-11-08 02:00:00;2.36;;;;21.0;51.15;20.11;728.9;0.0;68.0;5.5;0.007;18.46;14.5;
7487;2020-11-08 03:00:00;2.35;;;;21.0;43.09;17.86;728.5;0.0;72.0;5.6;0.007;17.9;8.7;
7488;2020-11-08 04:00:00;2.37;;;;15.0;44.56;17.88;728.5;0.0;77.0;5.5;0.007;16.95;3.7;
7489;2020-11-08 05:00:00;2.42;;;;11.0;56.47;33.58;728.5;0.0;78.0;5.6;0.007;16.38;6.8;
7490;2020-11-08 06:00:00;2.38;;;;8.0;46.94;22.37;728.6;0.0;83.0;5.6;0.007;15.48;3.3;
7491;2020-11-08 07:00:00;2.39;;;;6.0;42.92;19.94;729.0;0.0;85.0;5.8;0.008;15.11;3.0;
7492;2020-11-08 08:00:00;2.51;;;;4.0;47.92;20.78;729.5;0.0;81.0;5.7;0.056;16.74;2.9;
7493;2020-11-08 09:00:00;2.53;;;;12.0;49.08;22.63;730.1;0.0;66.0;5.9;0.175;20.56;5.7;
7494;2020-11-08 10:00:00;2.63;;;;11.0;77.22;34.13;730.6;0.0;60.0;5.8;0.293;22.25;7.6;
7495;2020-11-08 11:00:00;2.73;;;;26.0;70.72;32.06;730.5;0.0;57.0;5.8;0.391;23.32;8.7;
7496;2020-11-08 12:00:00;2.71;;;;43.0;60.31;30.64;730.2;0.0;56.0;6.0;0.453;24.22;8.7;
7497;2020-11-08 13:00:00;2.66;;;;56.0;66.92;32.64;729.7;0.0;55.0;6.0;0.463;24.97;12.3;
7498;2020-11-08 14:00:00;2.6;;;;62.0;66.32;29.09;729.0;0.0;55.0;5.8;0.436;25.23;15.0;
7499;2020-11-08 15:00:00;2.54;;;;56.0;59.21;25.32;728.6;0.0;52.0;5.8;0.369;26.6;17.9;
7500;2020-11-08 16:00:00;2.49;;;;48.0;50.64;21.31;728.4;0.0;49.0;;0.268;27.49;17.3;
7501;2020-11-08 17:00:00;2.46;;;;45.0;61.4;21.43;728.3;0.0;50.0;5.6;0.149;27.24;19.4;
7502;2020-11-08 18:00:00;2.46;;;;41.0;49.28;21.14;728.2;0.0;52.0;5.5;0.035;26.21;13.8;
7503;2020-11-08 19:00:00;2.46;;;;32.0;67.24;25.18;728.4;0.0;55.0;5.5;0.007;25.4;20.6;
7504;2020-11-08 20:00:00;2.41;;;;28.0;53.08;23.15;728.6;0.0;56.0;;0.007;25.17;17.3;
7505;2020-11-08 21:00:00;2.48;;;;18.0;49.35;26.27;728.9;0.0;59.0;5.6;0.007;24.1;9.8;
7506;2020-11-08 22:00:00;2.39;;;;18.0;54.12;26.09;729.4;0.0;63.0;5.7;0.007;23.03;9.3;
7507;2020-11-08 23:00:00;2.27;;;;19.0;71.05;28.41;729.3;0.0;65.0;6.1;0.007;22.36;17.3;
7508;2020-11-09 00:00:00;2.11;;;;25.0;42.76;16.72;729.1;0.0;69.0;6.0;0.007;21.54;16.0;
7509;2020-11-09 01:00:00;2.05;;;;21.0;43.74;18.82;728.9;0.0;73.0;6.1;0.007;20.48;10.4;
7510;2020-11-09 02:00:00;;;;;;;;;;;;0.0;;;
7511;2020-11-09 03:00:00;1.95;;;;22.0;41.02;20.99;728.6;0.0;80.0;5.9;0.007;19.04;11.8;
7512;2020-11-09 04:00:00;1.94;;;;18.0;43.58;19.34;728.6;0.0;84.0;5.9;0.007;18.11;8.0;
7513;2020-11-09 05:00:00;1.94;;;;9.0;34.86;19.33;728.9;0.0;89.0;5.8;0.007;17.03;3.6;
7514;2020-11-09 06:00:00;1.95;;;;6.0;34.98;19.54;729.1;0.0;90.0;5.8;0.007;16.75;3.3;
7515;2020-11-09 07:00:00;2.01;;;;4.0;45.25;24.87;729.2;0.0;91.0;5.9;0.008;16.86;3.5;
7516;2020-11-09 08:00:00;2.23;;;;5.0;69.7;34.44;729.6;0.0;88.0;6.0;0.048;17.97;4.2;
7517;2020-11-09 09:00:00;2.33;;;;7.0;97.07;45.04;730.2;0.0;78.0;6.0;0.144;20.52;5.9;
7518;2020-11-09 10:00:00;2.34;;;;12.0;99.75;49.32;730.4;0.0;70.0;6.3;0.275;22.92;6.6;
7519;2020-11-09 11:00:00;2.13;;;;23.0;91.58;43.95;730.1;0.0;65.0;6.4;0.381;24.06;10.4;
7520;2020-11-09 12:00:00;1.91;;;;34.0;97.54;45.56;729.5;0.0;61.0;6.3;0.443;25.15;13.1;
7521;2020-11-09 13:00:00;1.8;;;;44.0;119.24;53.27;728.8;0.0;59.0;5.9;0.458;26.32;13.9;
7522;2020-11-09 14:00:00;1.58;;;;57.0;108.72;46.41;728.0;0.0;57.0;5.0;0.436;;16.8;
7523;2020-11-09 15:00:00;1.43;;;;61.0;92.37;40.92;727.5;0.0;54.0;4.1;0.359;;13.3;
7524;2020-11-09 16:00:00;1.25;;;;60.0;86.44;35.5;727.0;0.0;53.0;3.4;0.259;;21.9;
7525;2020-11-09 17:00:00;1.15;;;;56.0;67.51;32.6;726.8;0.0;52.0;2.8;0.139;;18.2;
7526;2020-11-09 18:00:00;1.18;;;;52.0;71.39;32.71;726.9;0.0;52.0;3.1;0.033;;12.1;
7527;2020-11-09 19:00:00;1.46;;;;23.0;78.78;34.21;727.2;0.0;58.0;3.3;0.007;;7.2;
7528;2020-11-09 20:00:00;1.73;;;;7.0;83.89;34.55;727.2;0.0;65.0;4.0;0.007;;6.5;
7529;2020-11-09 21:00:00;1.73;;;;7.0;76.77;34.22;727.1;0.0;66.0;4.7;0.007;;8.9;
7530;2020-11-09 22:00:00;1.75;;;;8.0;70.79;33.91;727.1;0.0;69.0;5.3;0.007;;6.3;
7531;2020-11-09 23:00:00;1.88;;;;5.0;79.24;35.61;727.0;0.0;72.0;6.0;0.007;;6.7;
7532;2020-11-10 00:00:00;1.82;;;;8.0;90.99;38.75;726.8;0.0;76.0;5.9;0.007;;6.5;351.0
7533;2020-11-10 01:00:00;1.74;;;;12.0;79.97;31.65;726.4;0.0;80.0;6.0;0.007;20.63;7.7;351.0
7534;2020-11-10 02:00:00;1.75;;;;6.0;66.7;29.51;726.1;0.0;86.0;6.0;0.007;19.51;4.7;351.0
7535;2020-11-10 03:00:00;1.75;;;;4.0;55.63;27.5;725.8;0.0;90.0;5.8;0.007;18.39;3.0;
7536;2020-11-10 04:00:00;1.77;;;;4.0;53.48;28.85;725.9;0.0;91.0;5.8;0.007;18.39;3.7;
7537;2020-11-10 05:00:00;1.85;;;;3.0;62.91;31.9;725.9;0.0;90.0;;0.007;18.93;4.2;
7538;2020-11-10 06:00:00;1.83;;;;3.0;69.5;33.1;725.8;0.0;89.0;;0.007;19.04;3.6;350.0
7539;2020-11-10 07:00:00;1.98;;;;3.0;78.67;38.23;726.1;0.0;90.0;6.0;0.009;18.53;2.9;350.0
7540;2020-11-10 08:00:00;2.11;;;;4.0;135.43;48.05;726.6;0.0;84.0;6.0;0.053;19.61;3.0;350.0
7541;2020-11-10 09:00:00;2.01;;;;10.0;;;727.5;0.0;68.0;;0.175;23.25;3.9;
7542;2020-11-10 10:00:00;1.95;;;;19.0;73.36;37.74;728.2;0.0;63.0;;0.292;24.99;8.2;351.0
7543;2020-11-10 11:00:00;1.85;;;;28.0;76.11;36.47;728.5;0.0;58.0;6.3;0.389;26.71;7.7;351.0
7544;2020-11-10 12:00:00;1.72;;;;38.0;83.36;35.71;727.9;0.0;52.0;6.3;0.45;27.08;9.5;352.0
7545;2020-11-10 13:00:00;1.6;;;;54.0;85.19;33.59;727.4;0.0;45.0;6.0;0.458;30.3;9.9;352.0
7546;2020-11-10 14:00:00;1.41;;;;54.0;82.4;30.01;727.0;0.0;46.0;5.5;0.428;30.39;14.8;352.0
7547;2020-11-10 15:00:00;1.23;;;;45.0;63.42;22.75;726.6;0.0;42.0;4.7;0.361;30.56;4.9;
7548;2020-11-10 16:00:00;1.12;;;;42.0;53.67;20.82;726.3;0.0;42.0;4.2;0.249;30.05;20.0;
7549;2020-11-10 17:00:00;1.04;;;;43.0;79.31;27.52;726.5;0.0;49.0;3.8;0.081;29.35;10.5;
7550;2020-11-10 18:00:00;1.04;;;;32.0;86.35;25.88;726.8;0.0;57.0;3.6;0.016;27.12;16.1;
7551;2020-11-10 19:00:00;1.07;;;;27.0;81.26;24.19;0.0;0.0;61.0;0.0;64.0;0.0;64.0;64.0
7552;2020-11-10 20:00:00;1.09;;;;26.0;66.79;22.66;;;64.0;;;;;
7553;2020-11-10 21:00:00;1.1;;;;27.0;46.86;21.73;728.2;0.0;66.0;4.5;0.007;24.17;18.6;
7554;2020-11-10 22:00:00;1.15;;;;27.0;43.15;21.54;728.7;0.0;68.0;5.0;0.007;23.73;18.2;
7555;2020-11-10 23:00:00;1.19;;;;27.0;36.85;22.2;728.9;0.0;68.0;5.4;0.007;23.53;15.1;
7556;2020-11-11 00:00:00;;;;;;;;;;;;0.0;;;
7557;2020-11-11 01:00:00;1.26;;;;29.0;41.99;19.62;728.3;0.0;69.0;6.2;0.007;22.94;15.5;
7558;2020-11-11 02:00:00;1.28;;;;30.0;45.82;20.86;728.2;0.0;69.0;6.0;0.007;22.71;16.0;
7559;2020-11-11 03:00:00;1.32;;;;29.0;36.45;19.41;728.2;0.0;73.0;5.8;0.007;22.3;16.2;
7560;2020-11-11 04:00:00;1.35;;;;28.0;43.39;19.14;728.2;0.0;76.0;6.0;0.007;21.87;15.7;
7561;2020-11-11 05:00:00;1.38;;;;26.0;38.96;19.85;728.1;0.0;77.0;6.1;0.007;21.7;14.2;
7562;2020-11-11 06:00:00;1.39;;;;25.0;39.2;19.94;728.3;0.0;80.0;5.9;0.007;21.48;11.9;
7563;2020-11-11 07:00:00;1.44;;;;21.0;51.39;21.24;728.7;0.0;83.0;5.9;0.007;21.2;8.6;
7564;2020-11-11 08:00:00;1.5;;;;15.0;63.38;24.32;729.1;0.0;84.0;;0.02;21.12;9.3;
7565;2020-11-11 09:00:00;1.61;;;;11.0;73.69;26.83;729.9;0.0;86.0;5.8;0.033;21.2;7.6;
7566;2020-11-11 10:00:00;1.61;;;;15.0;78.18;28.17;730.4;0.0;83.0;5.8;0.091;21.8;6.6;
7567;2020-11-11 11:00:00;1.63;;;;18.0;70.17;32.21;730.4;0.0;77.0;5.9;0.144;23.08;6.7;
7568;2020-11-11 12:00:00;1.63;;;;21.0;90.98;40.61;730.0;0.0;74.0;6.0;0.159;23.55;5.6;
7569;2020-11-11 13:00:00;1.55;;;;29.0;80.04;34.16;729.5;0.0;70.0;6.0;0.182;24.21;5.1;
7570;2020-11-11 14:00:00;;;;;;;;;;;;0.0;;;
7571;2020-11-11 15:00:00;1.36;;;;32.0;56.11;26.11;728.4;0.0;62.0;5.9;0.342;26.15;17.9;
7572;2020-11-11 16:00:00;1.32;;;;31.0;56.52;30.24;728.2;0.0;62.0;5.9;0.215;26.14;15.0;
7573;2020-11-11 17:00:00;1.25;;;;27.0;62.25;29.78;728.5;0.0;63.0;5.6;0.118;25.8;12.8;
7574;2020-11-11 18:00:00;1.27;;;;22.0;73.3;31.47;728.9;0.0;71.0;5.4;0.023;23.66;11.1;
7575;2020-11-11 19:00:00;1.45;;;;13.0;140.5;35.44;729.2;0.0;75.0;5.5;0.007;22.1;8.5;
7576;2020-11-11 20:00:00;1.61;;;;6.0;73.07;33.16;729.8;0.0;78.0;5.9;0.007;21.33;5.1;
7577;2020-11-11 21:00:00;1.71;;;;4.0;71.11;35.27;730.0;0.0;81.0;6.0;0.007;20.65;5.0;
7578;2020-11-11 22:00:00;1.79;;;;4.0;64.82;34.47;730.0;0.0;84.0;6.0;0.007;20.43;4.6;
7579;2020-11-11 23:00:00;1.74;;;;7.0;56.64;32.66;729.8;0.0;81.0;5.9;0.007;21.1;9.4;
7580;2020-11-12 00:00:00;1.73;;;;7.0;52.54;31.07;729.6;0.0;80.0;5.9;0.007;21.21;7.6;351.0
7581;2020-11-12 01:00:00;1.7;;;;8.0;48.1;29.95;729.5;0.0;80.0;;0.007;21.08;7.1;351.0
7582;2020-11-12 02:00:00;1.64;;;;11.0;58.56;29.44;729.2;0.0;80.0;;0.007;21.14;11.2;351.0
7583;2020-11-12 03:00:00;1.6;;;;14.0;62.13;31.38;729.0;0.0;81.0;6.0;0.007;20.94;10.9;
7584;2020-11-12 04:00:00;1.63;;;;12.0;53.58;31.14;728.9;0.0;85.0;6.0;0.007;20.33;13.5;
7585;2020-11-12 05:00:00;1.6;;;;7.0;56.55;26.11;729.2;0.0;87.0;5.9;0.007;19.86;10.7;
7586;2020-11-12 06:00:00;1.58;;;;6.0;55.86;25.57;729.5;0.0;88.0;5.9;0.007;19.61;4.4;
7587;2020-11-12 07:00:00;1.6;;;;4.0;55.04;26.04;730.1;0.0;88.0;6.0;0.007;19.81;3.3;
7588;2020-11-12 08:00:00;1.61;;;;5.0;75.0;24.87;730.4;0.0;89.0;6.2;0.012;19.93;8.9;
7589;2020-11-12 09:00:00;1.66;;;;5.0;;;731.1;0.0;88.0;6.3;0.038;20.07;6.1;
7590;2020-11-12 10:00:00;1.69;;;;8.0;99.03;37.47;731.6;0.0;85.0;6.1;0.077;20.8;7.5;352.0
7591;2020-11-12 11:00:00;1.67;;;;10.0;90.03;37.62;731.9;0.0;83.0;6.2;0.068;21.06;5.3;352.0
7592;2020-11-12 12:00:00;1.66;;;;15.0;81.36;34.08;731.5;0.0;80.0;6.2;0.121;21.77;7.9;352.0
7593;2020-11-12 13:00:00;1.64;;;;22.0;74.27;32.26;731.0;0.0;76.0;;0.243;21.77;13.8;
7594;2020-11-12 14:00:00;1.59;;;;28.0;88.84;38.35;730.2;0.0;73.0;6.4;0.205;;15.4;
7595;2020-11-12 15:00:00;1.5;;;;26.0;71.04;27.2;729.6;0.0;71.0;6.4;0.151;;18.8;
7596;2020-11-12 16:00:00;1.44;;;;24.0;70.85;31.2;729.5;0.0;72.0;;0.096;;17.8;
7597;2020-11-12 17:00:00;1.42;;;;23.0;70.29;33.51;729.3;0.0;75.0;6.2;0.051;;15.5;
7598;2020-11-12 18:00:00;1.47;;;;18.0;88.28;34.16;729.6;0.0;76.0;6.2;0.021;;12.3;
7599;2020-11-12 19:00:00;1.59;;;;10.0;127.43;40.64;730.0;0.0;79.0;;0.007;;9.3;
7600;2020-11-12 20:00:00;1.73;;;;5.0;98.92;43.08;730.4;0.0;82.0;6.3;0.007;;5.9;
7601;2020-11-12 21:00:00;1.81;;;;4.0;94.47;43.5;730.7;0.0;85.0;6.3;0.007;;5.4;
7602;2020-11-12 22:00:00;1.72;;;;5.0;72.51;38.0;730.8;0.0;84.0;6.1;0.007;;3.8;
7603;2020-11-12 23:00:00;1.83;;;;4.0;;;730.8;0.0;86.0;6.2;0.007;;4.1;
7604;2020-11-13 00:00:00;1.83;;;;3.0;;;730.8;0.0;86.0;6.2;0.007;;3.1;
7605;2020-11-13 01:00:00;1.78;;;;4.0;67.46;36.47;730.6;0.0;84.0;6.1;0.007;21.29;4.6;
7606;2020-11-13 02:00:00;1.71;;;;6.0;65.26;35.68;730.6;0.0;81.0;6.2;0.007;21.86;3.1;
7607;2020-11-13 03:00:00;1.63;;;;13.0;59.98;32.5;730.7;0.0;81.0;5.9;0.007;22.05;7.2;
7608;2020-11-13 04:00:00;1.58;;;;16.0;52.48;30.0;730.4;0.0;84.0;6.0;0.007;21.91;10.1;
7609;2020-11-13 05:00:00;1.57;;;;14.0;49.55;25.66;730.4;0.0;86.0;6.0;0.007;21.56;10.2;
7610;2020-11-13 06:00:00;1.57;;;;12.0;47.19;26.87;730.6;0.0;87.0;;0.007;21.47;9.0;
7611;2020-11-13 07:00:00;1.61;;;;6.0;47.49;24.16;731.2;0.0;89.0;5.9;0.007;21.26;5.8;
7612;2020-11-13 08:00:00;1.67;;;;5.0;61.03;29.28;731.9;0.0;90.0;6.1;0.013;21.16;3.8;
7613;2020-11-13 09:00:00;1.64;;;;10.0;58.2;28.7;732.6;0.0;89.0;6.1;0.042;21.39;5.3;
7614;2020-11-13 10:00:00;1.61;;;;14.0;42.93;23.45;733.0;0.0;84.0;5.9;0.122;22.41;7.8;
7615;2020-11-13 11:00:00;1.62;;;;16.0;57.28;27.87;733.0;0.0;77.0;6.0;0.151;23.15;5.9;
7616;2020-11-13 12:00:00;1.53;;;;24.0;69.12;32.65;732.5;0.0;71.0;6.2;0.289;;18.2;
7617;2020-11-13 13:00:00;1.46;;;;24.0;60.18;30.41;731.8;0.0;71.0;6.1;0.235;;20.8;
7618;2020-11-13 14:00:00;1.39;;;;28.0;60.57;32.17;731.0;0.0;68.0;6.1;0.252;;19.5;
7619;2020-11-13 15:00:00;1.3;;;;30.0;60.03;33.03;730.5;0.0;63.0;6.2;0.212;;21.0;
7620;2020-11-13 16:00:00;1.25;;;;31.0;55.4;31.45;730.1;0.0;63.0;6.0;0.133;;19.3;
7621;2020-11-13 17:00:00;1.22;;;;32.0;64.17;31.79;729.8;0.0;61.0;5.8;0.067;26.11;14.1;
7622;2020-11-13 18:00:00;1.24;;;;30.0;95.58;33.54;729.8;0.0;61.0;5.7;0.021;25.67;13.9;
7623;2020-11-13 19:00:00;1.38;;;;22.0;;;729.8;0.0;64.0;6.0;0.007;25.06;17.5;
7624;2020-11-13 20:00:00;1.4;;;;23.0;;;730.0;0.0;66.0;6.1;0.007;24.73;14.9;
7625;2020-11-13 21:00:00;1.5;;;;18.0;;;730.1;0.0;65.0;6.1;0.007;24.51;16.5;
7626;2020-11-13 22:00:00;1.69;;;;11.0;;;730.3;0.0;68.0;;0.007;23.74;12.2;
7627;2020-11-13 23:00:00;1.51;;;;20.0;;;730.3;0.0;71.0;6.0;0.007;23.28;27.6;
7628;2020-11-14 00:00:00;1.45;;;;19.0;;;730.2;0.0;76.0;6.0;0.007;22.06;24.7;351.0
7629;2020-11-14 01:00:00;1.44;;;;16.0;40.57;18.38;729.9;0.0;80.0;;0.007;21.31;15.2;351.0
7630;2020-11-14 02:00:00;1.43;;;;17.0;44.18;21.44;729.6;0.0;82.0;;0.007;20.88;16.4;351.0
7631;2020-11-14 03:00:00;1.44;;;;16.0;31.78;16.22;729.6;0.0;84.0;;0.007;20.43;5.7;
7632;2020-11-14 04:00:00;1.48;;;;12.0;44.9;21.75;729.3;0.0;84.0;6.2;0.007;20.53;3.1;
7633;2020-11-14 05:00:00;1.47;;;;15.0;44.3;17.8;729.3;0.0;86.0;6.0;0.007;20.6;3.0;
7634;2020-11-14 06:00:00;1.47;;;;12.0;43.42;19.54;729.3;0.0;87.0;6.1;0.007;20.49;2.9;352.0
7635;2020-11-14 07:00:00;1.53;;;;7.0;53.46;23.89;729.4;0.0;88.0;6.1;0.007;20.45;2.9;352.0
7636;2020-11-14 08:00:00;1.56;;;;7.0;53.9;;729.7;0.0;89.0;6.3;0.021;20.45;2.9;351.0
7637;2020-11-14 09:00:00;1.61;;;;7.0;;;730.0;0.0;86.0;6.1;0.059;20.98;;351.0
7638;2020-11-14 10:00:00;1.65;;;;9.0;;;730.4;0.0;78.0;6.1;0.189;22.86;3.4;352.0
7639;2020-11-14 11:00:00;1.67;;;;17.0;;25.95;730.2;0.0;67.0;6.5;0.364;;10.4;352.0
7640;2020-11-14 12:00:00;1.67;;;;22.0;88.31;41.53;729.5;0.0;65.0;6.7;0.432;;14.2;352.0
7641;2020-11-14 13:00:00;1.54;;;;32.0;96.53;49.5;728.7;0.0;63.0;6.5;0.425;;13.0;
7642;2020-11-14 14:00:00;1.37;;;;47.0;107.32;52.06;727.8;0.0;57.0;6.0;0.438;28.36;15.3;
7643;2020-11-14 15:00:00;1.24;;;;55.0;94.98;46.68;727.0;0.0;54.0;5.3;0.314;29.45;15.8;
7644;2020-11-14 16:00:00;1.12;;;;54.0;83.41;41.71;726.5;0.0;53.0;4.9;0.222;29.22;20.4;
7645;2020-11-14 17:00:00;1.03;;;;45.0;82.46;38.26;726.3;0.0;53.0;4.5;0.118;22.22;18.5;
7646;2020-11-14 18:00:00;1.08;;;;38.0;77.22;33.32;726.8;0.0;55.0;4.4;0.031;22.71;13.5;
7647;2020-11-14 19:00:00;1.27;;;;19.0;103.35;35.43;727.4;0.0;62.0;4.7;0.007;25.75;6.5;
7648;2020-11-14 20:00:00;1.41;;;;11.0;93.98;38.65;728.1;0.0;67.0;4.9;0.007;24.51;5.4;
7649;2020-11-14 21:00:00;1.73;;;;5.0;84.49;40.29;728.7;0.0;72.0;5.4;0.007;23.08;3.0;
7650;2020-11-14 22:00:00;1.91;;;;5.0;104.91;59.33;728.9;0.0;74.0;6.1;0.007;22.61;7.0;
7651;2020-11-14 23:00:00;2.05;;;;4.0;94.83;58.35;728.9;0.0;76.0;6.4;0.007;22.16;7.4;351.0
7652;2020-11-15 00:00:00;2.01;;;;4.0;85.65;53.65;729.1;0.0;77.0;6.3;0.007;21.72;8.8;351.0
7653;2020-11-15 01:00:00;2.03;;;;4.0;85.68;45.59;729.3;0.0;77.0;6.5;0.007;21.45;5.3;351.0
7654;2020-11-15 02:00:00;2.03;;;;;63.76;37.83;729.6;0.0;80.0;6.5;0.007;20.61;3.7;
7655;2020-11-15 03:00:00;1.9;;;;6.0;49.12;27.99;729.6;0.0;80.0;6.7;0.007;20.17;9.0;
7656;2020-11-15 04:00:00;1.65;;;;17.0;;;729.6;0.0;70.0;6.5;0.007;21.27;12.2;
7657;2020-11-15 05:00:00;1.7;;;;16.0;;;730.3;0.0;65.0;6.3;0.007;21.83;10.5;
7658;2020-11-15 06:00:00;1.75;;;;10.0;;;731.0;0.0;71.0;6.5;0.007;20.41;5.2;352.0
7659;2020-11-15 07:00:00;1.8;;;;6.0;;;731.8;0.0;72.0;6.4;0.007;20.31;7.7;351.0
7660;2020-11-15 08:00:00;1.85;;;;6.0;;;733.1;0.0;65.0;6.6;0.046;21.68;6.0;351.0
7661;2020-11-15 09:00:00;1.8;;;;20.0;67.67;36.1;734.4;0.0;59.0;6.6;0.15;24.85;10.0;352.0
7662;2020-11-15 10:00:00;1.62;;;;27.0;79.99;39.73;735.5;0.0;59.0;6.8;0.171;25.19;12.2;352.0
7663;2020-11-15 11:00:00;1.49;;;;26.0;99.06;40.13;736.1;0.0;59.0;6.8;0.104;24.04;17.4;352.0
7664;2020-11-15 12:00:00;1.42;;;;32.0;85.67;31.55;735.9;0.0;46.0;6.6;0.274;24.9;10.5;351.0
7665;2020-11-15 13:00:00;1.37;;;;36.0;92.5;26.73;735.5;0.0;40.0;6.5;0.444;;15.5;351.0
7666;2020-11-15 14:00:00;1.21;;;;39.0;85.3;23.33;734.8;0.0;35.0;6.5;0.431;15.97;7.7;351.0
7667;2020-11-15 15:00:00;1.07;;;;39.0;72.11;20.17;734.3;0.0;32.0;5.9;0.297;27.9;13.3;
7668;2020-11-15 16:00:00;0.96;;;;40.0;69.27;17.36;734.2;0.0;33.0;5.4;0.159;22.83;15.9;
7669;2020-11-15 17:00:00;0.93;;;;36.0;73.56;16.86;734.1;0.0;32.0;5.1;0.053;21.06;18.8;352.0
7670;2020-11-15 18:00:00;0.95;;;;33.0;82.9;17.55;734.7;0.0;31.0;5.0;0.017;24.29;13.6;351.0
7671;2020-11-15 19:00:00;1.01;;;;29.0;86.44;18.29;735.1;0.0;32.0;5.4;0.007;22.95;8.7;352.0
7672;2020-11-15 20:00:00;1.11;;;;24.0;104.32;19.17;735.7;0.0;35.0;5.9;0.007;21.65;4.9;352.0
7673;2020-11-15 21:00:00;1.21;;;;27.0;93.78;19.22;736.3;0.0;33.0;6.1;0.007;0.5;9.0;352.0
7674;2020-11-15 22:00:00;1.25;;;;28.0;106.78;21.46;736.9;0.0;31.0;6.0;0.007;21.21;5.5;
7675;2020-11-15 23:00:00;1.28;;;;27.0;98.85;18.12;737.1;0.0;31.0;6.1;0.007;20.5;6.8;
7676;2020-11-16 00:00:00;1.32;;;;24.0;78.63;15.91;737.0;0.0;34.0;6.1;0.007;19.52;6.1;
7677;2020-11-16 01:00:00;1.3;;;;38.0;;;736.8;0.0;29.0;6.3;0.007;19.21;12.6;
7678;2020-11-16 02:00:00;1.34;;;;34.0;;;736.6;0.0;33.0;6.3;0.007;19.58;11.8;
7679;2020-11-16 03:00:00;1.32;;;;37.0;;;736.5;0.0;37.0;6.1;0.007;19.33;16.2;
7680;2020-11-16 04:00:00;1.36;;;;39.0;;;736.4;0.0;48.0;6.2;0.007;18.73;14.6;
7681;2020-11-16 05:00:00;1.38;;;;38.0;;;736.4;0.0;52.0;6.3;0.007;18.1;9.7;
7682;2020-11-16 06:00:00;1.4;;;;26.0;;;736.5;0.0;55.0;6.1;0.007;16.64;6.5;
7683;2020-11-16 07:00:00;1.47;;;;16.0;;;736.9;0.0;58.0;6.2;0.007;16.01;6.4;351.0
7684;2020-11-16 08:00:00;1.56;;;;11.0;88.68;13.91;737.6;0.0;57.0;6.2;0.046;16.45;6.2;351.0
7685;2020-11-16 09:00:00;1.62;;;;15.0;121.04;15.8;738.2;0.0;49.0;6.1;0.162;19.27;6.1;351.0
7686;2020-11-16 10:00:00;1.57;;;;30.0;94.57;13.91;738.6;0.0;48.0;6.2;0.279;21.35;9.6;
7687;2020-11-16 11:00:00;1.51;;;;40.0;61.88;10.99;738.7;0.0;50.0;6.4;0.379;;16.9;
7688;2020-11-16 12:00:00;1.43;;;;45.0;61.02;11.44;738.1;0.0;47.0;6.3;0.436;;18.5;
7689;2020-11-16 13:00:00;1.36;;;;46.0;53.67;11.96;737.4;0.0;41.0;6.6;0.458;;19.4;
7690;2020-11-16 14:00:00;1.3;;;;47.0;87.78;14.98;736.8;0.0;39.0;6.5;0.433;;19.1;352.0
7691;2020-11-16 15:00:00;1.22;;;;44.0;76.17;16.8;736.1;0.0;39.0;6.4;0.365;25.35;18.7;352.0
7692;2020-11-16 16:00:00;1.13;;;;42.0;85.29;17.96;736.0;0.0;42.0;6.3;0.261;25.26;20.7;352.0
7693;2020-11-16 17:00:00;1.1;;;;39.0;80.87;15.22;735.8;0.0;45.0;6.1;0.14;24.72;18.6;
7694;2020-11-16 18:00:00;1.13;;;;35.0;84.66;15.76;736.0;0.0;50.0;5.9;0.029;23.35;15.6;
7695;2020-11-16 19:00:00;1.21;;;;32.0;67.37;14.59;736.3;0.0;53.0;6.3;0.007;22.59;9.5;
7696;2020-11-16 20:00:00;1.26;;;;34.0;64.99;15.63;736.9;0.0;52.0;6.3;0.007;22.87;15.3;
7697;2020-11-16 21:00:00;1.27;;;;36.0;66.21;17.19;737.2;0.0;53.0;6.2;0.007;22.84;16.5;351.0
7698;2020-11-16 22:00:00;1.29;;;;37.0;113.99;19.92;737.4;0.0;52.0;6.1;0.007;22.77;17.7;351.0
7699;2020-11-16 23:00:00;1.33;;;;32.0;67.35;12.5;737.5;0.0;57.0;6.2;0.007;22.32;19.2;351.0
7700;2020-11-17 00:00:00;1.31;;;;30.0;37.42;11.42;737.6;0.0;62.0;6.2;0.007;22.0;16.8;
7701;2020-11-17 01:00:00;1.32;;;;30.0;35.12;14.03;737.7;0.0;69.0;;0.007;20.83;15.4;
7702;2020-11-17 02:00:00;1.37;;;;27.0;22.22;12.3;737.7;0.0;83.0;;0.007;19.34;22.0;
7703;2020-11-17 03:00:00;1.37;;;;28.0;22.78;13.74;737.7;0.09;90.0;6.0;0.007;18.01;17.9;352.0
7704;2020-11-17 04:00:00;1.39;;;;27.0;20.93;12.9;737.5;0.05;93.0;6.0;0.008;17.62;18.3;352.0
7705;2020-11-17 05:00:00;1.41;;;;24.0;20.53;12.49;737.9;0.04;94.0;6.2;0.008;17.4;16.8;352.0
7706;2020-11-17 06:00:00;1.42;;;;25.0;26.62;14.54;738.2;0.04;95.0;6.3;0.008;15.43;14.3;
7707;2020-11-17 07:00:00;1.46;;;;23.0;24.83;15.38;738.5;0.0;95.0;6.5;0.008;16.98;13.4;
7708;2020-11-17 08:00:00;1.78;;;;20.0;23.41;13.25;739.1;0.01;95.0;6.5;0.016;17.1;9.4;
7709;2020-11-17 09:00:00;1.71;;;;22.0;19.72;10.44;739.6;0.0;95.0;6.4;0.069;17.17;18.4;
7710;2020-11-17 10:00:00;1.79;;;;24.0;26.99;11.45;;0.0;95.0;6.5;0.099;17.41;16.2;
7711;2020-11-17 11:00:00;1.7;;;;22.0;28.15;11.35;;0.02;94.0;6.2;0.222;17.57;17.2;
7712;2020-11-17 12:00:00;1.68;;;;22.0;;;;0.0;88.0;6.3;0.264;19.01;20.9;351.0
7713;2020-11-17 13:00:00;1.61;;;;29.0;;;739.5;0.0;84.0;6.4;0.267;19.6;19.2;351.0
7714;2020-11-17 14:00:00;1.54;;;;32.0;;;738.9;0.0;77.0;6.2;0.352;;19.5;351.0
7715;2020-11-17 15:00:00;1.47;;;;33.0;;;738.4;0.0;67.0;6.2;0.201;;19.7;352.0
7716;2020-11-17 16:00:00;1.44;;;;31.0;;;738.3;0.0;64.0;6.3;0.105;22.15;13.4;352.0
7717;2020-11-17 17:00:00;1.44;;;;28.0;;;738.2;0.0;63.0;6.2;0.084;17.85;8.4;352.0
7718;2020-11-17 18:00:00;1.48;;;;30.0;;;738.3;0.0;63.0;6.5;0.029;22.32;10.1;
7719;2020-11-17 19:00:00;1.47;;;;28.0;;;738.3;0.0;63.0;6.3;0.007;21.8;11.3;
7720;2020-11-17 20:00:00;1.48;;;;30.0;;;738.8;0.0;62.0;6.2;0.007;21.73;14.9;351.0
7721;2020-11-17 21:00:00;1.47;;;;33.0;;;739.1;0.0;59.0;6.4;0.007;21.43;17.2;351.0
7722;2020-11-17 22:00:00;1.45;;;;36.0;47.95;11.81;739.5;0.0;58.0;6.4;0.007;21.23;16.7;351.0
7723;2020-11-17 23:00:00;1.46;;;;35.0;49.19;12.04;739.8;0.0;63.0;6.3;0.007;19.76;21.9;352.0
7724;2020-11-18 00:00:00;1.44;;;;36.0;36.63;10.9;739.7;0.0;68.0;6.3;0.007;18.58;22.6;352.0
7725;2020-11-18 01:00:00;1.46;;;;38.0;;;739.3;0.0;71.0;6.1;0.007;17.88;22.0;352.0
7726;2020-11-18 02:00:00;1.47;;;;40.0;;;739.0;0.0;73.0;6.2;0.007;17.47;21.1;
7727;2020-11-18 03:00:00;1.48;;;;35.0;;;738.6;0.0;75.0;6.2;0.007;17.02;12.9;
7728;2020-11-18 04:00:00;1.49;;;;29.0;;;738.3;0.0;78.0;6.1;0.007;16.52;6.4;
7729;2020-11-18 05:00:00;1.54;;;;18.0;;;738.3;0.0;84.0;6.2;0.007;15.4;3.1;
7730;2020-11-18 06:00:00;1.61;;;;14.0;;;738.3;0.0;85.0;6.3;0.007;15.02;2.9;
7731;2020-11-18 07:00:00;1.68;;;;6.0;;;738.3;0.0;87.0;6.3;0.007;14.37;2.9;351.0
7732;2020-11-18 08:00:00;1.99;;;;5.0;;;738.8;0.0;86.0;6.4;0.041;14.97;5.4;351.0
7733;2020-11-18 09:00:00;2.0;;;;8.0;34.45;16.41;739.4;0.0;82.0;6.3;0.077;15.92;11.4;350.0
7734;2020-11-18 10:00:00;1.86;;;;24.0;34.38;14.92;739.7;0.0;79.0;6.3;0.14;17.15;12.2;352.0
7735;2020-11-18 11:00:00;1.76;;;;32.0;36.25;16.18;739.7;0.0;78.0;6.4;0.157;17.73;11.2;352.0
7736;2020-11-18 12:00:00;1.7;;;;37.0;88.56;38.86;739.0;0.0;75.0;6.5;0.175;18.62;14.6;352.0
7737;2020-11-18 13:00:00;1.65;;;;37.0;55.64;22.47;738.1;0.0;70.0;6.3;0.154;19.75;19.3;
7738;2020-11-18 14:00:00;1.6;;;;36.0;45.38;18.92;737.4;0.0;68.0;6.3;0.134;20.26;18.9;
7739;2020-11-18 15:00:00;1.58;;;;36.0;42.58;17.56;737.1;0.0;67.0;;0.12;20.65;19.9;
7740;2020-11-18 16:00:00;1.57;;;;36.0;47.11;17.08;736.8;0.0;66.0;;0.087;20.96;16.4;
7741;2020-11-18 17:00:00;1.57;;;;32.0;49.19;15.16;736.5;0.0;62.0;;0.063;21.59;8.0;
7742;2020-11-18 18:00:00;1.58;;;;32.0;52.33;17.37;736.7;0.0;63.0;6.2;0.018;21.29;13.6;
7743;2020-11-18 19:00:00;1.73;;;;15.0;67.12;19.92;737.0;0.0;63.0;6.3;0.007;21.16;7.2;
7744;2020-11-18 20:00:00;1.82;;;;6.0;55.62;20.64;737.3;0.0;67.0;6.4;0.007;20.65;3.3;
7745;2020-11-18 21:00:00;1.76;;;;18.0;40.65;15.47;737.5;0.0;58.0;6.4;0.007;20.96;7.0;
7746;2020-11-18 22:00:00;1.58;;;;31.0;28.31;9.91;737.4;0.0;53.0;6.1;0.007;21.76;10.6;
7747;2020-11-18 23:00:00;1.6;;;;30.0;42.41;13.77;737.2;0.0;60.0;6.1;0.007;21.0;15.3;
7748;2020-11-19 00:00:00;1.55;;;;32.0;33.86;11.84;737.1;0.0;70.0;;0.007;20.07;22.5;
7749;2020-11-19 01:00:00;1.52;;;;30.0;25.72;10.58;736.9;0.0;79.0;6.2;0.007;18.72;15.5;
7750;2020-11-19 02:00:00;1.54;;;;26.0;34.6;13.26;736.8;0.0;83.0;6.2;0.007;17.67;12.4;
7751;2020-11-19 03:00:00;1.58;;;;19.0;75.43;37.33;736.5;0.0;86.0;;0.007;16.72;12.6;
7752;2020-11-19 04:00:00;1.58;;;;17.0;88.82;49.2;736.4;0.0;88.0;;0.007;16.14;3.8;
7753;2020-11-19 05:00:00;1.63;;;;11.0;68.15;42.05;736.3;0.0;88.0;;0.007;16.32;3.7;
7754;2020-11-19 06:00:00;1.63;;;;4.0;83.44;52.62;736.4;0.0;85.0;6.4;0.007;16.99;2.9;
7755;2020-11-19 07:00:00;1.66;;;;5.0;69.68;39.62;736.7;0.0;84.0;6.4;0.007;17.15;2.9;
7756;2020-11-19 08:00:00;1.74;;;;5.0;66.95;31.04;736.9;0.0;82.0;6.5;0.042;17.77;4.4;
7757;2020-11-19 09:00:00;1.89;;;;7.0;69.77;22.25;737.2;0.0;82.0;6.5;0.062;18.13;3.6;
7758;2020-11-19 10:00:00;1.84;;;;14.0;66.42;23.79;737.5;0.0;78.0;6.4;0.075;18.83;6.4;
7759;2020-11-19 11:00:00;1.75;;;;20.0;59.8;25.92;737.5;0.0;74.0;6.4;0.097;19.77;4.3;
7760;2020-11-19 12:00:00;1.69;;;;25.0;54.03;23.97;737.0;0.0;69.0;;0.137;21.03;3.5;
7761;2020-11-19 13:00:00;1.62;;;;31.0;44.56;17.0;736.4;0.0;62.0;6.5;0.24;22.62;11.6;
7762;2020-11-19 14:00:00;1.56;;;;33.0;39.28;14.6;735.8;0.0;61.0;6.4;0.208;;19.0;
7763;2020-11-19 15:00:00;1.52;;;;33.0;36.62;13.0;735.3;0.0;58.0;6.5;0.27;;18.3;
7764;2020-11-19 16:00:00;1.47;;;;32.0;36.33;12.93;735.0;0.0;58.0;6.5;0.154;23.78;14.3;
7765;2020-11-19 17:00:00;1.46;;;;29.0;39.24;13.04;734.6;0.0;59.0;;0.054;23.34;10.1;
7766;2020-11-19 18:00:00;1.54;;;;24.0;57.66;14.48;734.6;0.0;59.0;6.4;0.032;23.35;10.9;
7767;2020-11-19 19:00:00;1.6;;;;12.0;60.96;16.81;734.9;0.0;61.0;6.5;0.007;22.43;5.0;
7768;2020-11-19 20:00:00;1.56;;;;21.0;44.6;14.07;735.2;0.0;59.0;6.4;0.007;22.56;8.6;
7769;2020-11-19 21:00:00;1.68;;;;14.0;51.62;17.41;735.3;0.0;61.0;6.5;0.007;22.0;12.4;
7770;2020-11-19 22:00:00;1.85;;;;4.0;63.0;22.97;735.6;0.0;70.0;6.6;0.007;20.4;4.6;
7771;2020-11-19 23:00:00;1.78;;;;9.0;75.83;24.57;735.7;0.0;69.0;6.7;0.007;20.01;14.9;
7772;2020-11-20 00:00:00;1.6;;;;24.0;38.97;14.02;735.6;0.0;72.0;6.6;0.007;19.14;18.0;
7773;2020-11-20 01:00:00;1.57;;;;21.0;38.72;13.77;735.6;0.0;75.0;6.5;0.007;18.44;8.0;
7774;2020-11-20 02:00:00;1.58;;;;16.0;36.1;14.04;735.6;0.0;81.0;6.4;0.007;-4.43;5.1;
7775;2020-11-20 03:00:00;1.63;;;;10.0;37.01;14.88;735.6;0.0;86.0;6.4;0.007;13.85;2.9;
7776;2020-11-20 04:00:00;1.64;;;;7.0;36.93;17.47;735.6;0.0;88.0;;0.007;13.39;2.9;
7777;2020-11-20 05:00:00;1.69;;;;3.0;32.86;17.03;735.7;0.0;91.0;6.3;0.007;14.44;2.9;
7778;2020-11-20 06:00:00;1.71;;;;3.0;43.65;22.82;735.7;0.0;92.0;6.3;0.008;14.45;;
7779;2020-11-20 07:00:00;1.79;;;;3.0;56.33;28.77;736.0;0.0;91.0;6.4;0.008;15.85;3.1;
7780;2020-11-20 08:00:00;1.98;;;;;91.92;50.99;736.5;0.0;87.0;6.5;0.035;16.94;3.8;
7781;2020-11-20 09:00:00;2.08;;;;6.0;100.13;56.12;737.1;0.0;80.0;6.6;0.099;17.8;5.7;
7782;2020-11-20 10:00:00;2.15;;;;8.0;113.44;59.22;737.4;0.0;77.0;6.7;0.117;17.88;6.9;
7783;2020-11-20 11:00:00;2.18;;;;11.0;116.97;59.86;737.3;0.0;71.0;6.8;0.193;;5.6;
7784;2020-11-20 12:00:00;2.01;;;;26.0;97.96;45.49;736.9;0.0;60.0;6.8;0.413;;8.8;
7785;2020-11-20 13:00:00;1.71;;;;35.0;44.37;18.8;736.1;0.0;54.0;;0.441;;17.4;
7786;2020-11-20 14:00:00;1.61;;;;37.0;41.35;19.07;735.5;0.0;52.0;6.9;0.3;;17.9;
7787;2020-11-20 15:00:00;1.55;;;;35.0;40.57;21.99;735.2;0.0;48.0;6.7;0.263;-6.61;16.7;
7788;2020-11-20 16:00:00;1.45;;;;35.0;34.5;16.39;734.9;0.0;44.0;6.6;0.259;26.57;16.5;
7789;2020-11-20 17:00:00;1.39;;;;32.0;36.89;15.8;734.9;0.0;44.0;6.8;0.142;26.49;14.6;
7790;2020-11-20 18:00:00;1.61;;;;23.0;42.81;17.92;735.0;0.0;48.0;6.2;0.028;24.7;8.8;
7791;2020-11-20 19:00:00;2.02;;;;17.0;95.32;22.55;735.4;0.0;50.0;6.1;0.007;23.32;7.5;
7792;2020-11-20 20:00:00;1.87;;;;24.0;44.22;14.63;735.6;0.0;49.0;6.2;0.007;23.47;9.3;
7793;2020-11-20 21:00:00;1.83;;;;23.0;48.36;14.2;735.8;0.0;51.0;6.1;0.007;23.2;11.6;
7794;2020-11-20 22:00:00;1.84;;;;20.0;56.19;17.91;736.1;0.0;55.0;6.2;0.007;22.82;17.7;
7795;2020-11-20 23:00:00;1.72;;;;25.0;40.77;12.31;736.2;0.0;64.0;6.2;0.007;21.9;19.0;
7796;2020-11-21 00:00:00;1.66;;;;25.0;30.33;10.2;736.4;0.0;74.0;6.3;0.007;21.27;16.2;
7797;2020-11-21 01:00:00;1.66;;;;23.0;32.04;10.64;736.2;0.0;80.0;6.1;0.007;20.54;13.4;
7798;2020-11-21 02:00:00;1.65;;;;20.0;39.12;13.24;735.9;0.0;82.0;6.1;0.007;19.89;8.8;
7799;2020-11-21 03:00:00;1.64;;;;16.0;33.32;13.15;735.6;0.0;84.0;;0.007;19.29;5.7;
7800;2020-11-21 04:00:00;1.66;;;;16.0;35.39;13.45;735.6;0.0;83.0;6.0;0.007;19.49;6.3;
7801;2020-11-21 05:00:00;1.64;;;;20.0;36.82;13.82;735.6;0.0;84.0;6.1;0.007;19.68;8.4;
7802;2020-11-21 06:00:00;1.63;;;;15.0;30.02;13.26;735.6;0.0;83.0;6.0;0.007;19.56;3.8;
7803;2020-11-21 07:00:00;1.63;;;;10.0;34.99;12.64;735.9;0.0;85.0;5.9;0.007;19.2;3.5;
7804;2020-11-21 08:00:00;1.67;;;;15.0;37.85;14.1;736.1;0.0;84.0;6.3;0.018;19.34;7.3;
7805;2020-11-21 09:00:00;1.74;;;;13.0;35.9;14.19;736.5;0.0;80.0;6.3;0.063;19.97;6.2;
7806;2020-11-21 10:00:00;1.75;;;;16.0;49.24;17.65;737.0;0.0;78.0;6.2;0.111;20.96;8.3;
7807;2020-11-21 11:00:00;1.7;;;;20.0;36.65;15.35;737.1;0.0;82.0;6.1;0.136;20.68;10.6;
7808;2020-11-21 12:00:00;1.67;;;;22.0;34.97;14.42;736.7;0.0;80.0;6.2;0.185;21.22;16.3;
7809;2020-11-21 13:00:00;1.6;;;;25.0;29.51;11.1;736.0;0.0;79.0;6.1;0.313;21.59;21.7;
7810;2020-11-21 14:00:00;1.59;;;;25.0;38.71;15.74;735.1;0.0;77.0;6.2;0.195;22.03;24.0;
7811;2020-11-21 15:00:00;1.58;;;;24.0;40.77;18.57;734.4;0.0;76.0;6.4;0.13;22.13;22.9;
7812;2020-11-21 16:00:00;1.55;;;;25.0;40.3;19.2;734.1;0.0;72.0;6.3;0.119;22.79;12.3;
7813;2020-11-21 17:00:00;1.54;;;;24.0;33.95;15.85;734.1;0.0;70.0;6.3;0.074;22.84;17.6;
7814;2020-11-21 18:00:00;1.53;;;;23.0;29.13;13.47;734.2;0.0;77.0;6.5;0.018;21.48;18.2;
7815;2020-11-21 19:00:00;1.53;;;;23.0;20.52;11.94;734.3;0.0;87.0;6.4;0.007;19.44;19.8;
7816;2020-11-21 20:00:00;1.54;;;;21.0;21.28;12.11;734.5;0.0;80.0;6.3;0.007;20.47;10.0;
7817;2020-11-21 21:00:00;1.56;;;;21.0;25.63;14.32;734.8;0.0;78.0;6.3;0.007;20.84;10.4;
7818;2020-11-21 22:00:00;1.6;;;;19.0;28.95;15.36;734.9;0.0;77.0;;0.007;20.87;9.7;
7819;2020-11-21 23:00:00;1.54;;;;26.0;22.83;10.13;734.5;0.0;73.0;6.1;0.007;21.25;13.8;
7820;2020-11-22 00:00:00;1.56;;;;21.0;21.59;11.21;734.2;0.0;78.0;6.0;0.007;20.79;10.4;
7821;2020-11-22 01:00:00;1.6;;;;15.0;25.16;13.79;733.9;0.0;83.0;6.1;0.007;19.98;5.7;
7822;2020-11-22 02:00:00;1.61;;;;14.0;29.59;12.91;733.6;0.0;82.0;6.0;0.007;20.13;7.3;
7823;2020-11-22 03:00:00;1.63;;;;13.0;31.72;12.96;733.2;0.0;82.0;6.2;0.007;20.06;4.8;
7824;2020-11-22 04:00:00;1.6;;;;17.0;33.87;14.41;732.9;0.0;84.0;6.1;0.007;19.75;10.8;
7825;2020-11-22 05:00:00;1.61;;;;16.0;30.55;14.39;733.0;0.0;87.0;6.2;0.007;19.32;11.9;
7826;2020-11-22 06:00:00;1.59;;;;16.0;28.79;14.64;733.0;0.0;89.0;5.9;0.007;18.95;14.7;
7827;2020-11-22 07:00:00;1.57;;;;18.0;15.37;8.68;733.4;0.0;88.0;5.9;0.007;19.05;10.6;
7828;2020-11-22 08:00:00;1.58;;;;19.0;15.77;6.96;734.0;0.0;87.0;6.0;0.019;19.18;9.6;
7829;2020-11-22 09:00:00;1.58;;;;20.0;21.35;9.6;734.4;0.0;85.0;6.0;0.07;19.71;9.7;
7830;2020-11-22 10:00:00;1.58;;;;20.0;21.58;10.29;734.7;0.0;82.0;5.8;0.193;;13.1;
7831;2020-11-22 11:00:00;1.58;;;;20.0;25.46;11.0;734.9;0.0;78.0;6.0;0.235;;13.2;
7832;2020-11-22 12:00:00;1.59;;;;;32.79;14.35;734.6;0.0;76.0;6.2;0.181;;13.3;
7833;2020-11-22 13:00:00;1.56;;;;23.0;33.54;14.95;734.3;0.0;74.0;6.1;0.156;;14.0;
7834;2020-11-22 14:00:00;1.55;;;;24.0;36.55;14.89;733.9;0.0;69.0;6.0;0.239;;12.3;
7835;2020-11-22 15:00:00;1.5;;;;25.0;31.98;14.41;733.5;0.0;68.0;6.0;0.152;;13.0;
7836;2020-11-22 16:00:00;1.5;;;;24.0;31.98;14.37;733.4;0.0;69.0;6.2;0.109;;16.9;
7837;2020-11-22 17:00:00;1.48;;;;23.0;26.11;11.94;733.5;0.0;68.0;6.3;0.028;;14.2;
7838;2020-11-22 18:00:00;1.5;;;;21.0;35.84;14.92;733.9;0.08;79.0;6.1;0.013;;15.3;
7839;2020-11-22 19:00:00;1.52;;;;18.0;23.38;12.73;734.4;0.11;89.0;6.2;0.008;;7.2;
7840;2020-11-22 20:00:00;1.53;;;;18.0;22.28;11.77;735.0;0.02;87.0;6.1;0.008;;5.7;
7841;2020-11-22 21:00:00;1.54;;;;13.0;19.57;10.29;735.5;0.0;88.0;6.1;0.009;18.25;3.6;
7842;2020-11-22 22:00:00;1.55;;;;15.0;15.84;8.21;735.7;0.0;88.0;6.2;0.01;18.38;3.7;
7843;2020-11-22 23:00:00;1.53;;;;23.0;13.33;6.23;735.9;0.02;81.0;6.1;0.008;18.58;11.9;
7844;2020-11-23 00:00:00;1.54;;;;22.0;14.13;7.19;735.8;0.0;86.0;6.0;0.009;17.46;12.5;
7845;2020-11-23 01:00:00;1.53;;;;25.0;12.06;4.9;735.6;0.0;79.0;6.0;0.008;17.74;13.8;
7846;2020-11-23 02:00:00;1.53;;;;26.0;12.78;5.1;735.2;0.03;78.0;5.7;0.008;17.83;17.2;
7847;2020-11-23 03:00:00;1.5;;;;32.0;7.47;2.17;734.8;0.0;74.0;5.8;0.008;17.01;24.4;
7848;2020-11-23 04:00:00;1.51;;;;30.0;6.94;2.2;734.4;0.0;71.0;5.9;0.007;17.64;17.2;
7849;2020-11-23 05:00:00;1.53;;;;26.0;8.66;3.0;734.3;0.0;73.0;6.0;0.007;17.57;14.7;
7850;2020-11-23 06:00:00;1.58;;;;16.0;10.27;4.26;734.5;0.0;83.0;6.0;0.007;15.98;12.3;
7851;2020-11-23 07:00:00;1.64;;;;9.0;13.26;5.18;734.5;0.0;84.0;5.9;0.007;15.75;14.1;
7852;2020-11-23 08:00:00;1.71;;;;5.0;20.06;8.49;734.9;0.0;89.0;6.0;0.025;15.13;16.1;
7853;2020-11-23 09:00:00;1.78;;;;8.0;27.26;12.35;735.5;0.0;88.0;6.0;0.067;15.38;16.4;
7854;2020-11-23 10:00:00;1.77;;;;18.0;24.47;8.98;735.6;0.0;79.0;5.8;0.294;17.53;12.9;
7855;2020-11-23 11:00:00;1.67;;;;23.0;22.1;6.99;735.3;0.0;68.0;6.1;0.405;19.44;22.2;
7856;2020-11-23 12:00:00;1.57;;;;30.0;20.15;5.13;734.7;0.0;56.0;6.1;0.413;20.87;24.8;
7857;2020-11-23 13:00:00;1.52;;;;31.0;15.38;4.8;733.9;0.0;53.0;;0.441;;21.9;
7858;2020-11-23 14:00:00;1.46;;;;32.0;16.46;4.45;733.0;0.0;50.0;;0.269;;21.4;
7859;2020-11-23 15:00:00;1.44;;;;31.0;20.2;5.45;732.0;0.0;49.0;6.3;0.166;;21.3;
7860;2020-11-23 16:00:00;1.44;;;;28.0;25.29;6.87;731.6;0.0;50.0;6.2;0.132;;17.8;
7861;2020-11-23 17:00:00;1.42;;;;27.0;21.14;6.61;731.4;0.0;51.0;6.0;0.07;;14.2;
7862;2020-11-23 18:00:00;1.43;;;;25.0;26.77;7.15;731.4;0.0;51.0;6.0;0.028;24.12;12.4;
7863;2020-11-23 19:00:00;1.45;;;;25.0;25.82;7.54;731.8;0.0;52.0;6.1;0.007;;12.2;
7864;2020-11-23 20:00:00;1.49;;;;23.0;24.96;7.96;731.8;0.0;54.0;6.0;0.007;;14.0;
7865;2020-11-23 21:00:00;1.45;;;;31.0;25.05;7.95;731.6;0.0;53.0;5.9;0.007;;25.1;
7866;2020-11-23 22:00:00;1.45;;;;32.0;23.1;8.08;731.4;0.0;55.0;5.9;0.007;;24.4;
7867;2020-11-23 23:00:00;1.47;;;;29.0;23.21;8.94;731.1;0.0;61.0;;0.007;;23.8;
7868;2020-11-24 00:00:00;1.47;;;;26.0;25.44;9.48;730.6;0.0;68.0;;0.007;;16.5;
7869;2020-11-24 01:00:00;1.49;;;;25.0;22.71;9.26;730.2;0.0;71.0;;0.007;18.59;15.6;
7870;2020-11-24 02:00:00;1.53;;;;22.0;28.31;10.8;729.7;0.0;77.0;6.0;0.007;17.76;11.8;
7871;2020-11-24 03:00:00;1.53;;;;19.0;47.17;22.77;729.3;0.0;82.0;5.9;0.007;16.85;4.8;
7872;2020-11-24 04:00:00;1.56;;;;10.0;41.26;22.25;729.3;0.0;87.0;5.8;0.007;15.92;2.9;
7873;2020-11-24 05:00:00;1.62;;;;6.0;36.7;19.19;729.0;0.0;89.0;6.0;0.007;15.51;2.9;
7874;2020-11-24 06:00:00;1.69;;;;4.0;43.45;22.35;729.1;0.0;91.0;6.0;0.007;15.45;4.0;
7875;2020-11-24 07:00:00;1.81;;;;3.0;56.76;30.3;729.3;0.0;89.0;5.9;0.007;15.71;3.2;
7876;2020-11-24 08:00:00;2.02;;;;3.0;53.65;27.31;729.5;0.0;89.0;6.0;0.037;16.1;2.9;
7877;2020-11-24 09:00:00;2.05;;;;6.0;60.7;28.95;729.5;0.0;78.0;6.1;0.154;19.02;7.0;
7878;2020-11-24 10:00:00;1.98;;;;10.0;73.43;31.87;729.4;0.0;63.0;6.0;0.277;21.95;4.5;
7879;2020-11-24 11:00:00;1.99;;;;15.0;79.28;33.03;729.5;0.0;55.0;6.3;0.374;24.11;5.1;
7880;2020-11-24 12:00:00;1.99;;;;25.0;76.85;31.5;728.9;0.0;46.0;6.4;0.437;26.61;7.8;
7881;2020-11-24 13:00:00;1.9;;;;41.0;72.6;26.59;728.2;0.0;39.0;6.8;0.447;28.29;11.5;
7882;2020-11-24 14:00:00;1.73;;;;51.0;65.46;21.45;727.4;0.0;37.0;6.7;0.428;29.81;12.9;
7883;2020-11-24 15:00:00;1.46;;;;51.0;46.96;16.42;726.7;0.0;36.0;6.3;0.365;30.97;16.4;
7884;2020-11-24 16:00:00;1.31;;;;52.0;38.42;15.35;726.3;0.0;38.0;5.6;0.26;30.92;17.7;
7885;2020-11-24 17:00:00;1.18;;;;46.0;44.95;15.27;726.3;0.0;34.0;5.0;0.142;30.76;9.9;
7886;2020-11-24 18:00:00;1.18;;;;29.0;51.88;16.8;726.3;0.0;41.0;4.5;0.03;28.15;5.9;
7887;2020-11-24 19:00:00;1.46;;;;9.0;60.06;17.58;726.9;0.0;51.0;4.7;0.007;24.28;6.6;
7888;2020-11-24 20:00:00;1.74;;;;5.0;53.03;17.25;727.3;0.0;60.0;5.3;0.007;21.97;5.2;
7889;2020-11-24 21:00:00;1.91;;;;5.0;55.96;18.01;727.6;0.0;61.0;6.1;0.007;20.91;3.8;
7890;2020-11-24 22:00:00;2.2;;;;4.0;52.87;20.31;727.8;0.0;65.0;6.8;0.007;20.05;3.8;
7891;2020-11-24 23:00:00;2.16;;;;4.0;47.08;18.0;728.0;0.0;64.0;6.8;0.007;19.72;3.3;
7892;2020-11-25 00:00:00;2.12;;;;4.0;39.65;16.75;728.1;0.0;65.0;6.6;0.007;19.38;2.9;
7893;2020-11-25 01:00:00;1.93;;;;5.0;33.09;15.31;728.0;0.0;64.0;6.4;0.007;19.3;8.9;
7894;2020-11-25 02:00:00;1.63;;;;10.0;25.36;10.46;727.8;0.0;60.0;6.2;0.007;19.43;9.9;
7895;2020-11-25 03:00:00;1.61;;;;11.0;23.81;10.35;727.9;0.0;59.0;6.1;0.007;19.53;9.3;
7896;2020-11-25 04:00:00;1.66;;;;9.0;40.46;14.67;728.3;0.0;55.0;6.4;0.007;19.8;8.2;
7897;2020-11-25 05:00:00;1.68;;;;4.0;53.04;16.44;728.3;0.0;53.0;6.3;0.007;19.33;8.7;
7898;2020-11-25 06:00:00;1.65;;;;5.0;45.58;12.29;728.7;0.0;45.0;6.3;0.007;20.08;11.6;
7899;2020-11-25 07:00:00;1.76;;;;9.0;60.03;18.13;730.2;0.0;46.0;;0.007;21.23;8.6;
7900;2020-11-25 08:00:00;1.7;;;;14.0;85.23;18.55;731.1;0.0;43.0;6.4;0.023;21.14;9.5;
7901;2020-11-25 09:00:00;1.78;;;;15.0;128.32;21.08;732.0;0.0;34.0;6.3;0.106;22.93;6.7;
7902;2020-11-25 10:00:00;1.73;;;;22.0;141.24;21.61;732.7;0.0;27.0;6.5;0.206;24.12;8.1;
7903;2020-11-25 11:00:00;1.62;;;;32.0;140.03;20.0;733.0;0.0;22.0;6.6;0.364;25.56;19.9;
7904;2020-11-25 12:00:00;1.54;;;;38.0;135.25;19.36;732.7;0.0;19.0;6.4;0.424;26.75;19.1;
7905;2020-11-25 13:00:00;1.44;;;;42.0;121.65;18.56;732.3;0.0;19.0;6.5;0.444;;11.7;
7906;2020-11-25 14:00:00;1.35;;;;44.0;123.35;17.24;731.6;0.0;19.0;6.5;0.42;;15.6;
7907;2020-11-25 15:00:00;1.21;;;;46.0;110.27;17.22;731.2;0.0;18.0;6.1;0.357;29.22;11.1;
7908;2020-11-25 16:00:00;1.12;;;;45.0;108.43;17.31;730.9;0.0;21.0;5.7;0.259;28.53;14.6;
7909;2020-11-25 17:00:00;1.05;;;;41.0;109.6;17.93;730.8;0.0;22.0;5.3;0.119;27.73;12.5;
7910;2020-11-25 18:00:00;1.22;;;;17.0;109.85;20.01;731.1;0.0;28.0;5.2;0.021;25.09;6.4;
7911;2020-11-25 19:00:00;1.36;;;;12.0;135.95;22.53;731.3;0.0;36.0;5.5;0.007;22.8;7.6;
7912;2020-11-25 20:00:00;1.54;;;;13.0;113.77;23.83;731.8;0.0;37.0;6.2;0.007;22.79;8.8;
7913;2020-11-25 21:00:00;1.47;;;;22.0;96.99;21.42;731.9;0.0;38.0;6.6;0.007;23.06;12.4;
7914;2020-11-25 22:00:00;1.49;;;;22.0;88.17;21.04;732.0;0.0;41.0;6.6;0.007;22.57;10.4;
7915;2020-11-25 23:00:00;1.51;;;;19.0;87.1;21.54;732.0;0.0;47.0;6.5;0.007;21.63;8.0;
7916;2020-11-26 00:00:00;1.49;;;;17.0;75.9;21.38;731.8;0.0;53.0;6.5;0.007;20.51;5.7;
7917;2020-11-26 01:00:00;1.55;;;;11.0;65.57;19.73;731.3;0.0;59.0;6.3;0.007;19.35;6.1;
7918;2020-11-26 02:00:00;1.55;;;;11.0;76.99;19.95;730.8;0.0;62.0;6.3;0.007;18.88;4.5;
7919;2020-11-26 03:00:00;1.6;;;;6.0;60.65;19.18;730.7;0.0;67.0;;0.007;17.98;3.6;
7920;2020-11-26 04:00:00;1.63;;;;6.0;64.92;20.35;730.3;0.0;69.0;6.2;0.007;17.63;4.6;
7921;2020-11-26 05:00:00;1.61;;;;9.0;72.81;21.8;730.2;0.0;72.0;6.1;0.007;17.14;5.9;
7922;2020-11-26 06:00:00;1.67;;;;6.0;70.54;23.99;730.2;0.0;71.0;6.2;0.007;17.24;5.0;
7923;2020-11-26 07:00:00;1.7;;;;4.0;63.15;21.61;730.4;0.0;74.0;6.3;0.007;16.58;3.5;
7924;2020-11-26 08:00:00;1.91;;;;3.0;79.1;23.58;730.8;0.0;76.0;6.2;0.034;16.67;3.6;
7925;2020-11-26 09:00:00;2.15;;;;5.0;83.73;27.18;731.1;0.0;62.0;6.5;0.139;20.32;6.3;
7926;2020-11-26 10:00:00;2.09;;;;11.0;121.88;39.58;731.3;0.0;51.0;6.6;0.253;23.45;5.1;
7927;2020-11-26 11:00:00;1.94;;;;25.0;101.13;34.65;731.2;0.0;50.0;6.8;0.326;23.94;8.4;
7928;2020-11-26 12:00:00;1.89;;;;37.0;101.56;33.13;730.5;0.0;47.0;6.9;0.393;;9.2;
7929;2020-11-26 13:00:00;1.82;;;;50.0;107.08;33.98;730.0;0.0;45.0;7.0;0.386;;9.0;
7930;2020-11-26 14:00:00;1.71;;;;60.0;105.05;35.7;729.4;0.0;43.0;6.9;0.345;3.47;7.9;
7931;2020-11-26 15:00:00;1.59;;;;72.0;111.05;35.94;728.8;0.0;46.0;6.8;0.212;27.3;9.5;
7932;2020-11-26 16:00:00;1.37;;;;49.0;94.3;24.71;728.4;0.0;46.0;6.3;0.127;1.24;8.6;
7933;2020-11-26 17:00:00;1.3;;;;40.0;75.07;18.79;728.5;0.0;46.0;5.9;0.103;;10.8;
7934;2020-11-26 18:00:00;1.32;;;;29.0;66.85;19.93;728.6;0.0;50.0;5.9;0.031;;7.6;
7935;2020-11-26 19:00:00;1.56;;;;12.0;102.66;26.74;728.9;0.0;56.0;6.1;0.007;24.18;6.0;
7936;2020-11-26 20:00:00;1.93;;;;4.0;79.31;28.24;729.4;0.0;63.0;6.7;0.007;22.61;5.3;
7937;2020-11-26 21:00:00;1.9;;;;4.0;69.49;29.2;729.8;0.0;71.0;6.8;0.007;20.96;3.2;
7938;2020-11-26 22:00:00;2.04;;;;5.0;79.33;35.93;729.7;0.0;71.0;6.6;0.007;20.68;6.8;
7939;2020-11-26 23:00:00;1.75;;;;12.0;66.18;25.29;729.4;0.0;69.0;6.3;0.007;20.62;5.5;
7940;2020-11-27 00:00:00;1.83;;;;6.0;61.41;24.93;729.5;0.0;71.0;6.5;0.007;20.32;7.6;
7941;2020-11-27 01:00:00;1.79;;;;8.0;56.98;24.75;729.3;0.0;71.0;6.4;0.007;20.52;5.6;
7942;2020-11-27 02:00:00;1.78;;;;5.0;52.42;23.26;729.0;0.0;75.0;6.3;0.007;19.64;3.7;
7943;2020-11-27 03:00:00;1.82;;;;4.0;55.77;25.34;728.9;0.0;79.0;6.6;0.007;18.86;5.9;
7944;2020-11-27 04:00:00;1.8;;;;4.0;56.17;25.84;728.8;0.0;82.0;6.6;0.007;18.26;3.5;
7945;2020-11-27 05:00:00;1.76;;;;4.0;48.77;24.73;728.7;0.0;84.0;;0.007;17.73;5.1;
7946;2020-11-27 06:00:00;1.76;;;;3.0;49.17;25.26;728.9;0.0;83.0;6.5;0.007;17.64;5.9;
7947;2020-11-27 07:00:00;2.01;;;;3.0;81.66;36.88;728.9;0.0;76.0;6.6;0.007;18.55;6.9;
7948;2020-11-27 08:00:00;2.29;;;;3.0;104.56;41.32;729.3;0.0;73.0;6.9;0.031;18.84;7.3;
7949;2020-11-27 09:00:00;2.35;;;;4.0;132.33;50.06;730.0;0.0;70.0;7.2;0.13;21.62;7.4;
7950;2020-11-27 10:00:00;2.15;;;;14.0;120.68;50.29;730.4;0.0;65.0;7.2;0.25;24.07;8.4;
7951;2020-11-27 11:00:00;1.97;;;;26.0;94.19;45.54;730.4;0.0;60.0;;0.348;25.76;7.0;
7952;2020-11-27 12:00:00;1.98;;;;36.0;108.37;51.07;729.8;0.0;52.0;;0.41;27.93;9.4;
7953;2020-11-27 13:00:00;1.85;;;;66.0;112.66;50.33;729.2;0.0;46.0;;0.42;;11.3;
7954;2020-11-27 14:00:00;1.67;;;;82.0;128.23;52.49;728.7;0.0;43.0;7.0;0.398;29.72;13.3;
7955;2020-11-27 15:00:00;1.41;;;;66.0;83.17;40.01;728.2;0.0;41.0;6.3;0.333;30.1;15.6;
7956;2020-11-27 16:00:00;1.28;;;;61.0;90.08;41.38;727.9;0.0;44.0;5.5;0.231;30.08;15.7;
7957;2020-11-27 17:00:00;1.16;;;;46.0;79.92;34.37;727.8;0.0;47.0;5.0;0.09;28.65;13.9;
7958;2020-11-27 18:00:00;1.15;;;;31.0;80.36;33.7;728.1;0.0;52.0;4.9;0.021;26.29;13.0;
7959;2020-11-27 19:00:00;1.17;;;;26.0;82.42;34.9;728.3;0.0;57.0;5.3;0.007;26.48;13.4;
7960;2020-11-27 20:00:00;1.18;;;;24.0;64.38;35.22;728.8;0.0;61.0;5.7;0.007;25.87;12.4;
7961;2020-11-27 21:00:00;1.22;;;;23.0;57.05;32.84;729.1;0.0;62.0;5.8;0.007;25.45;10.1;
7962;2020-11-27 22:00:00;1.31;;;;22.0;62.12;33.73;729.4;0.0;62.0;6.1;0.007;25.37;10.4;
7963;2020-11-27 23:00:00;1.57;;;;6.0;90.07;44.52;729.6;0.0;65.0;6.6;0.007;24.78;9.0;
7964;2020-11-28 00:00:00;1.46;;;;12.0;78.04;38.81;729.8;0.0;66.0;7.0;0.007;24.33;11.4;352.0
7965;2020-11-28 01:00:00;1.49;;;;9.0;82.73;39.75;729.4;0.0;72.0;6.9;0.007;23.45;12.1;352.0
7966;2020-11-28 02:00:00;1.46;;;;10.0;78.35;36.8;729.4;0.0;76.0;6.8;0.007;22.89;6.5;352.0
7967;2020-11-28 03:00:00;1.44;;;;13.0;74.6;38.39;729.3;0.0;80.0;7.2;0.007;22.43;10.4;
7968;2020-11-28 04:00:00;1.42;;;;15.0;67.18;38.63;729.3;0.0;83.0;7.3;0.007;21.65;10.7;
7969;2020-11-28 05:00:00;1.41;;;;15.0;41.97;24.68;729.1;0.0;85.0;6.8;0.007;21.7;7.3;
7970;2020-11-28 06:00:00;1.42;;;;13.0;50.76;25.72;729.0;0.0;85.0;6.8;0.007;21.7;7.3;
7971;2020-11-28 07:00:00;1.46;;;;9.0;55.75;27.52;729.5;0.0;85.0;6.9;0.007;21.62;9.8;
7972;2020-11-28 08:00:00;1.49;;;;7.0;68.79;28.75;730.0;0.0;86.0;6.8;0.009;21.61;9.1;
7973;2020-11-28 09:00:00;1.52;;;;7.0;63.89;27.66;730.4;0.0;79.0;6.9;0.017;21.62;8.9;
7974;2020-11-28 10:00:00;1.54;;;;9.0;73.86;26.46;730.9;0.0;76.0;6.8;0.043;21.95;6.2;
7975;2020-11-28 11:00:00;1.54;;;;11.0;63.82;25.68;731.1;0.0;76.0;6.7;0.071;21.9;6.9;
7976;2020-11-28 12:00:00;1.54;;;;11.0;56.77;23.07;730.9;0.0;77.0;6.8;0.058;21.67;9.4;
7977;2020-11-28 13:00:00;1.55;;;;11.0;47.52;17.23;730.4;0.0;77.0;6.8;0.105;21.2;5.5;
7978;2020-11-28 14:00:00;1.58;;;;13.0;56.45;17.96;729.8;0.0;71.0;6.6;0.149;;4.5;
7979;2020-11-28 15:00:00;1.57;;;;16.0;51.55;18.6;729.3;0.0;68.0;6.7;0.161;-8.81;6.9;
7980;2020-11-28 16:00:00;1.56;;;;13.0;47.94;16.11;729.3;0.0;70.0;6.8;0.073;;18.0;
7981;2020-11-28 17:00:00;1.52;;;;10.0;47.02;15.53;729.8;0.0;75.0;6.7;0.029;19.54;15.4;
7982;2020-11-28 18:00:00;1.52;;;;11.0;57.21;19.57;730.3;0.0;78.0;6.7;0.01;17.79;14.2;
7983;2020-11-28 19:00:00;1.52;;;;12.0;44.2;19.92;730.8;0.0;80.0;6.6;0.007;17.23;15.4;
7984;2020-11-28 20:00:00;1.54;;;;12.0;35.05;18.69;731.3;0.0;81.0;6.5;0.007;;10.8;
7985;2020-11-28 21:00:00;1.54;;;;13.0;34.26;14.98;731.6;0.0;80.0;6.4;0.007;;7.8;
7986;2020-11-28 22:00:00;1.56;;;;16.0;43.09;12.63;731.8;0.0;78.0;6.4;0.007;;10.3;
7987;2020-11-28 23:00:00;1.57;;;;16.0;34.09;12.54;731.9;0.0;81.0;6.3;0.007;;7.6;
7988;2020-11-29 00:00:00;1.58;;;;17.0;31.58;13.22;732.0;0.0;85.0;6.3;0.007;;4.5;352.0
7989;2020-11-29 01:00:00;1.58;;;;20.0;26.4;12.56;732.0;0.0;78.0;;0.007;9.2;9.0;351.0
7990;2020-11-29 02:00:00;1.56;;;;22.0;25.6;12.64;732.1;0.0;75.0;6.4;0.007;8.16;12.3;351.0
7991;2020-11-29 03:00:00;1.58;;;;20.0;24.73;12.04;731.6;0.0;79.0;6.3;0.007;6.78;8.5;352.0
7992;2020-11-29 04:00:00;1.6;;;;19.0;23.82;12.16;731.5;0.0;80.0;6.4;0.007;5.39;6.4;351.0
7993;2020-11-29 05:00:00;1.62;;;;17.0;25.05;12.61;731.5;0.0;83.0;6.3;0.007;3.85;8.2;351.0
7994;2020-11-29 06:00:00;1.69;;;;14.0;29.15;14.08;731.5;0.0;86.0;6.3;0.007;3.85;4.1;351.0
7995;2020-11-29 07:00:00;1.78;;;;9.0;36.82;18.04;732.0;0.0;84.0;6.4;0.007;;2.9;
7996;2020-11-29 08:00:00;1.75;;;;8.0;37.07;17.04;732.8;0.0;79.0;6.3;0.018;5.26;4.7;
7997;2020-11-29 09:00:00;1.68;;;;15.0;26.49;12.35;733.3;0.0;68.0;6.4;0.049;6.25;4.0;352.0
7998;2020-11-29 10:00:00;1.68;;;;17.0;27.66;12.18;733.9;0.0;65.0;6.3;0.088;6.25;4.4;352.0
7999;2020-11-29 11:00:00;1.81;;;;16.0;43.33;16.82;734.1;0.0;63.0;6.3;0.189;;4.8;352.0
8000;2020-11-29 12:00:00;1.81;;;;20.0;51.32;20.69;733.9;0.0;59.0;;0.339;;8.2;
8001;2020-11-29 13:00:00;1.74;;;;26.0;47.14;20.26;733.5;0.0;52.0;6.4;0.388;13.76;8.7;
8002;2020-11-29 14:00:00;1.7;;;;32.0;;;733.0;0.0;50.0;6.5;0.343;22.76;10.8;
8003;2020-11-29 15:00:00;1.65;;;;40.0;;;732.6;0.0;48.0;6.4;0.309;14.7;14.1;
8004;2020-11-29 16:00:00;1.59;;;;42.0;;;732.6;0.0;45.0;6.5;0.226;-6.44;12.7;
8005;2020-11-29 17:00:00;1.52;;;;33.0;;;684.1;0.0;48.0;6.1;0.12;18.64;12.0;
8006;2020-11-29 18:00:00;1.67;;;;28.0;;;733.4;0.0;60.0;6.4;0.023;17.9;10.7;
8007;2020-11-29 19:00:00;1.7;;;;22.0;;;734.2;0.0;60.0;6.4;0.007;16.75;7.3;
8008;2020-11-29 20:00:00;1.75;;;;16.0;;;735.0;0.0;66.0;;0.007;16.97;6.4;
8009;2020-11-29 21:00:00;1.85;;;;8.0;;;736.0;0.0;75.0;;0.007;18.13;3.6;
8010;2020-11-29 22:00:00;1.93;;;;6.0;;;736.8;0.0;69.0;6.3;0.007;;3.9;
8011;2020-11-29 23:00:00;1.81;;;;25.0;33.39;12.21;737.5;0.0;47.0;6.4;0.007;;9.7;
8012;2020-11-30 00:00:00;1.65;;;;33.0;63.23;12.63;738.2;0.0;44.0;6.3;0.007;;18.3;
8013;2020-11-30 01:00:00;1.62;;;;29.0;52.43;11.61;739.0;0.0;61.0;6.1;0.007;13.92;20.2;
8014;2020-11-30 02:00:00;1.61;;;;25.0;44.41;13.31;739.9;0.0;69.0;6.3;0.007;11.64;16.3;
8015;2020-11-30 03:00:00;1.62;;;;24.0;27.34;11.96;;0.0;70.0;6.3;0.007;10.62;13.3;
8016;2020-11-30 04:00:00;1.64;;;;23.0;24.17;12.24;;0.0;69.0;6.2;0.007;10.6;7.0;
8017;2020-11-30 05:00:00;1.67;;;;25.0;26.28;10.84;;0.0;65.0;6.2;0.007;10.6;10.0;
8018;2020-11-30 06:00:00;1.69;;;;26.0;30.0;10.73;;0.0;63.0;6.1;0.007;10.23;14.7;
8019;2020-11-30 07:00:00;1.72;;;;27.0;23.74;9.55;;0.0;60.0;6.1;0.007;10.27;14.9;
8020;2020-11-30 08:00:00;1.78;;;;26.0;22.8;7.89;;0.0;60.0;6.0;0.012;10.42;10.6;
8021;2020-11-30 09:00:00;1.83;;;;23.0;27.11;8.83;;0.0;58.0;6.1;0.028;10.83;11.8;
8022;2020-11-30 10:00:00;1.84;;;;23.0;33.73;9.74;;0.0;59.0;6.1;0.069;11.18;10.8;
8023;2020-11-30 11:00:00;1.84;;;;27.0;34.77;8.9;;0.0;58.0;6.2;0.135;11.87;11.2;
8024;2020-11-30 12:00:00;1.84;;;;29.0;44.32;10.46;;0.0;54.0;6.2;0.178;12.89;9.6;
8025;2020-11-30 13:00:00;1.85;;;;29.0;38.49;14.04;;0.0;49.0;6.3;0.219;14.28;7.9;
8026;2020-11-30 14:00:00;1.93;;;;23.0;56.8;22.68;;0.0;48.0;6.3;0.192;14.7;8.2;
8027;2020-11-30 15:00:00;1.91;;;;24.0;60.77;25.39;739.5;0.0;48.0;6.5;0.133;14.52;8.2;
8028;2020-11-30 16:00:00;1.8;;;;29.0;46.26;14.32;738.9;0.0;46.0;6.4;0.151;15.05;8.0;
8029;2020-11-30 17:00:00;1.79;;;;28.0;39.22;11.96;738.4;0.0;45.0;6.3;0.079;14.73;8.6;
8030;2020-11-30 18:00:00;1.86;;;;21.0;52.34;14.76;738.3;0.0;48.0;6.3;0.023;13.9;6.9;
8031;2020-11-30 19:00:00;1.89;;;;11.0;52.02;13.28;738.3;0.0;52.0;6.5;0.007;13.45;3.9;
8032;2020-11-30 20:00:00;1.95;;;;8.0;51.73;16.69;738.3;0.0;58.0;6.4;0.007;12.94;3.4;
8033;2020-11-30 21:00:00;1.95;;;;10.0;44.37;19.04;738.4;0.0;60.0;6.3;0.007;12.54;3.6;
8034;2020-11-30 22:00:00;2.05;;;;9.0;58.86;22.8;738.3;0.0;58.0;6.4;0.007;12.57;5.2;
8035;2020-11-30 23:00:00;1.96;;;;19.0;39.58;17.04;738.3;0.0;56.0;6.3;0.007;12.18;7.6;
8036;2020-12-01 00:00:00;;;;;;;;;;;;;;;
8037;2020-12-01 01:00:00;2.21;;;;4.0;74.83;35.23;737.6;0.0;73.0;6.1;0.007;9.74;3.2;352.0
8038;2020-12-01 02:00:00;2.2;;;;4.0;87.6;42.29;737.2;0.0;73.0;6.1;0.007;9.69;8.7;352.0
8039;2020-12-01 03:00:00;2.02;;;;20.0;48.31;20.55;736.9;0.0;61.0;6.0;0.007;9.64;15.4;352.0
8040;2020-12-01 04:00:00;1.97;;;;24.0;31.06;11.12;736.7;0.0;50.0;6.3;0.007;9.05;15.3;
8041;2020-12-01 05:00:00;1.97;;;;24.0;23.25;9.98;736.5;0.0;52.0;6.0;0.007;;14.9;
8042;2020-12-01 06:00:00;1.97;;;;21.0;25.72;9.87;736.2;0.0;55.0;5.8;0.007;;8.0;
8043;2020-12-01 07:00:00;2.07;;;;8.0;32.33;12.16;736.0;0.0;64.0;6.1;0.007;6.58;3.0;
8044;2020-12-01 08:00:00;2.28;;;;5.0;45.55;13.11;735.9;0.0;60.0;6.2;0.03;6.86;3.4;
8045;2020-12-01 09:00:00;2.44;;;;8.0;51.93;14.92;736.4;0.0;51.0;6.3;0.14;9.41;3.4;
8046;2020-12-01 10:00:00;2.39;;;;12.0;49.19;18.74;736.3;0.0;48.0;6.5;0.256;12.19;5.2;
8047;2020-12-01 11:00:00;2.3;;;;19.0;58.28;22.63;735.8;0.0;46.0;6.5;0.348;-5.72;10.1;
8048;2020-12-01 12:00:00;2.15;;;;28.0;62.61;19.0;734.9;0.0;44.0;6.6;0.414;;10.9;
8049;2020-12-01 13:00:00;2.0;;;;37.0;46.58;15.28;733.9;0.0;45.0;6.5;0.436;;13.6;
8050;2020-12-01 14:00:00;1.91;;;;39.0;42.37;15.16;732.9;0.0;43.0;6.6;0.416;;14.7;
8051;2020-12-01 15:00:00;1.84;;;;39.0;41.77;13.98;731.8;0.0;43.0;6.6;0.355;;19.2;
8052;2020-12-01 16:00:00;1.8;;;;38.0;34.74;12.63;731.1;0.0;42.0;6.7;0.257;18.95;16.8;
8053;2020-12-01 17:00:00;1.77;;;;37.0;32.72;12.74;730.8;0.0;43.0;6.4;0.135;18.65;13.9;
8054;2020-12-01 18:00:00;1.8;;;;27.0;50.9;13.86;730.9;0.0;49.0;6.5;0.022;16.87;9.0;
8055;2020-12-01 19:00:00;1.99;;;;12.0;62.48;15.56;731.0;0.0;56.0;6.4;0.007;15.13;6.4;
8056;2020-12-01 20:00:00;2.16;;;;5.0;45.99;16.16;731.1;0.0;58.0;6.5;0.007;14.28;6.3;
8057;2020-12-01 21:00:00;2.19;;;;3.0;40.77;15.8;730.9;0.0;63.0;6.5;0.007;13.24;4.7;
8058;2020-12-01 22:00:00;2.24;;;;3.0;40.31;16.66;730.9;0.0;67.0;6.6;0.007;12.22;3.9;
8059;2020-12-01 23:00:00;2.34;;;;3.0;54.93;19.06;730.7;0.0;69.0;6.6;0.007;11.61;3.3;
8060;2020-12-02 00:00:00;2.4;;;;;41.82;18.04;730.6;0.0;71.0;6.5;0.007;11.21;3.7;
8061;2020-12-02 01:00:00;2.39;;;;;52.46;20.67;730.4;0.0;73.0;6.4;0.007;10.79;3.1;
8062;2020-12-02 02:00:00;2.4;;;;;47.38;24.13;730.4;0.0;79.0;6.5;0.007;9.65;2.9;
8063;2020-12-02 03:00:00;2.37;;;;;46.52;24.24;730.0;0.0;80.0;6.6;0.007;9.63;3.1;
8064;2020-12-02 04:00:00;2.3;;;;;60.64;28.19;729.7;0.0;74.0;6.5;0.007;10.43;5.0;
8065;2020-12-02 05:00:00;2.32;;;;;80.19;32.54;729.6;0.0;74.0;6.6;0.007;10.32;5.9;
8066;2020-12-02 06:00:00;2.4;;;;;106.25;36.95;729.8;0.0;73.0;6.7;0.007;10.2;5.1;
8067;2020-12-02 07:00:00;2.56;;;;;111.02;43.54;730.3;0.0;75.0;6.9;0.007;9.77;4.7;
8068;2020-12-02 08:00:00;2.63;;;;;94.38;34.82;730.8;0.0;73.0;7.0;0.03;10.68;8.4;
8069;2020-12-02 09:00:00;2.69;;;;5.0;65.86;27.16;731.4;0.0;62.0;6.7;0.146;13.66;5.7;
8070;2020-12-02 10:00:00;2.49;;;;10.0;66.34;23.43;731.9;0.0;48.0;6.8;0.267;17.12;15.5;
8071;2020-12-02 11:00:00;2.79;;;;10.0;107.45;40.96;732.3;0.0;38.0;7.1;0.359;20.84;11.5;
8072;2020-12-02 12:00:00;2.27;;;;29.0;117.95;31.12;732.7;0.0;37.0;7.0;0.419;;14.5;
8073;2020-12-02 13:00:00;2.02;;;;41.0;106.2;18.61;732.4;0.0;34.0;7.0;0.442;;13.3;
8074;2020-12-02 14:00:00;1.9;;;;45.0;64.45;15.7;731.7;0.0;31.0;7.1;0.425;;3.6;
8075;2020-12-02 15:00:00;1.81;;;;46.0;50.83;14.18;731.2;0.0;31.0;7.1;0.361;24.02;13.2;
8076;2020-12-02 16:00:00;1.74;;;;46.0;48.69;12.98;731.1;0.0;29.0;;0.259;23.71;15.7;
8077;2020-12-02 17:00:00;1.69;;;;40.0;62.75;11.97;731.3;0.0;28.0;;0.137;22.19;18.5;
8078;2020-12-02 18:00:00;1.65;;;;35.0;60.76;10.82;731.8;0.0;27.0;;0.027;19.59;15.0;
8079;2020-12-02 19:00:00;1.65;;;;28.0;79.02;11.85;732.8;0.0;29.0;;0.007;17.22;8.5;
8080;2020-12-02 20:00:00;1.68;;;;24.0;66.52;11.88;733.8;0.0;30.0;6.8;0.007;15.63;6.1;
8081;2020-12-02 21:00:00;1.67;;;;26.0;68.43;11.15;735.1;0.0;29.0;7.4;0.007;14.81;9.1;
8082;2020-12-02 22:00:00;1.69;;;;23.0;67.91;10.67;736.0;0.0;31.0;6.8;0.007;13.57;6.9;
8083;2020-12-02 23:00:00;1.72;;;;27.0;51.58;8.46;736.7;0.0;29.0;6.4;0.007;13.33;9.4;
8084;2020-12-03 00:00:00;1.76;;;;23.0;58.93;9.35;737.1;0.0;33.0;6.3;0.007;12.36;7.9;
8085;2020-12-03 01:00:00;1.81;;;;20.0;52.68;10.4;737.1;0.0;37.0;6.4;0.007;11.17;4.9;
8086;2020-12-03 02:00:00;1.81;;;;20.0;47.19;8.19;737.0;0.0;41.0;6.3;0.007;10.03;5.6;
8087;2020-12-03 03:00:00;1.83;;;;26.0;40.69;7.53;737.1;0.0;37.0;6.7;0.007;10.63;10.5;
8088;2020-12-03 04:00:00;1.84;;;;25.0;54.25;9.98;737.2;0.0;40.0;6.7;0.007;9.32;11.1;
8089;2020-12-03 05:00:00;1.87;;;;21.0;55.82;11.64;737.3;0.0;45.0;6.4;0.007;8.11;6.2;
8090;2020-12-03 06:00:00;1.91;;;;22.0;55.52;11.95;737.7;0.0;45.0;6.4;0.007;7.7;9.6;
8091;2020-12-03 07:00:00;1.95;;;;19.0;55.05;11.62;738.1;0.0;46.0;6.5;0.007;7.1;9.1;
8092;2020-12-03 08:00:00;2.0;;;;19.0;59.82;11.35;738.4;0.0;45.0;6.3;0.028;;7.9;
8093;2020-12-03 09:00:00;2.08;;;;17.0;65.63;13.53;738.8;0.0;41.0;6.4;0.139;;8.2;
8094;2020-12-03 10:00:00;2.08;;;;20.0;75.34;14.69;739.1;0.0;38.0;6.4;0.255;;13.9;
8095;2020-12-03 11:00:00;2.06;;;;23.0;69.05;14.81;738.9;0.0;35.0;;0.353;;11.1;
8096;2020-12-03 12:00:00;1.97;;;;28.0;63.96;13.64;738.2;0.0;32.0;6.5;0.419;;12.9;
8097;2020-12-03 13:00:00;1.88;;;;33.0;50.1;9.52;737.2;0.0;29.0;6.3;0.447;;13.9;
8098;2020-12-03 14:00:00;1.82;;;;36.0;38.61;7.35;736.3;0.0;26.0;6.5;0.428;;14.8;
8099;2020-12-03 15:00:00;1.77;;;;37.0;34.64;6.18;735.6;0.0;25.0;6.5;0.365;;12.0;
8100;2020-12-03 16:00:00;1.74;;;;36.0;39.16;6.73;735.3;0.0;25.0;6.7;0.262;12.87;13.1;
8101;2020-12-03 17:00:00;1.72;;;;33.0;37.3;6.83;735.3;0.0;26.0;6.7;0.141;14.94;14.4;
8102;2020-12-03 18:00:00;1.78;;;;28.0;41.33;6.92;735.6;0.0;28.0;6.5;0.028;13.31;13.8;
8103;2020-12-03 19:00:00;1.84;;;;23.0;65.47;9.76;736.0;0.0;30.0;6.5;0.007;12.06;11.8;
8104;2020-12-03 20:00:00;1.87;;;;21.0;39.55;8.09;736.5;0.0;32.0;6.3;0.007;11.01;8.2;
8105;2020-12-03 21:00:00;1.93;;;;14.0;25.86;6.66;736.7;0.0;35.0;6.3;0.007;10.03;4.1;
8106;2020-12-03 22:00:00;2.05;;;;7.0;38.18;12.86;737.1;0.0;44.0;;0.007;8.69;5.2;
8107;2020-12-03 23:00:00;2.12;;;;11.0;56.27;20.55;737.4;0.0;42.0;6.2;0.007;8.74;8.2;
8108;2020-12-04 00:00:00;1.99;;;;20.0;35.13;10.86;737.8;0.0;40.0;6.3;0.007;8.68;7.5;
8109;2020-12-04 01:00:00;1.98;;;;22.0;30.52;10.2;737.8;0.0;42.0;6.4;0.007;8.08;7.8;
8110;2020-12-04 02:00:00;1.98;;;;23.0;27.33;7.49;737.4;0.0;43.0;6.4;0.007;7.68;6.0;
8111;2020-12-04 03:00:00;2.0;;;;21.0;26.23;7.6;737.4;0.0;45.0;6.3;0.007;7.04;5.7;
8112;2020-12-04 04:00:00;2.03;;;;21.0;26.23;7.74;737.2;0.0;48.0;6.3;0.007;6.64;7.3;
8113;2020-12-04 05:00:00;2.03;;;;22.0;18.95;7.06;737.5;0.0;51.0;6.2;0.007;6.1;5.1;
8114;2020-12-04 06:00:00;2.08;;;;20.0;23.26;7.44;737.5;0.0;51.0;6.4;0.007;;5.3;
8115;2020-12-04 07:00:00;2.14;;;;15.0;32.85;9.33;737.7;0.0;54.0;6.5;0.007;;5.1;
8116;2020-12-04 08:00:00;2.27;;;;9.0;53.35;11.95;738.1;0.0;56.0;6.5;0.023;;5.6;
8117;2020-12-04 09:00:00;2.28;;;;19.0;32.67;10.42;738.6;0.0;43.0;6.6;0.141;;7.0;
8118;2020-12-04 10:00:00;2.22;;;;24.0;29.61;11.13;738.9;0.0;38.0;6.5;0.263;;8.2;
8119;2020-12-04 11:00:00;2.17;;;;26.0;33.92;12.79;738.7;0.0;36.0;6.5;0.36;;9.3;
8120;2020-12-04 12:00:00;2.1;;;;32.0;48.46;13.76;738.3;0.0;35.0;;0.422;;9.9;
8121;2020-12-04 13:00:00;2.01;;;;36.0;35.25;12.48;737.4;0.0;33.0;6.6;0.441;;11.3;
8122;2020-12-04 14:00:00;1.98;;;;39.0;37.86;13.19;736.5;0.0;31.0;6.5;0.416;;11.2;
8123;2020-12-04 15:00:00;1.94;;;;42.0;47.63;15.98;735.7;0.0;31.0;6.5;0.354;;13.3;
8124;2020-12-04 16:00:00;1.9;;;;44.0;60.08;16.94;735.2;0.0;31.0;6.6;0.248;-0.1;18.0;
8125;2020-12-04 17:00:00;1.91;;;;42.0;54.78;17.07;735.0;0.0;32.0;6.5;0.133;-6.96;14.1;
8126;2020-12-04 18:00:00;1.93;;;;38.0;60.59;16.61;735.0;0.0;35.0;6.6;0.019;13.64;14.4;
8127;2020-12-04 19:00:00;1.97;;;;36.0;70.22;16.96;735.1;0.0;37.0;6.6;0.007;12.89;14.2;
8128;2020-12-04 20:00:00;1.99;;;;36.0;43.98;16.3;735.3;0.0;37.0;6.5;0.007;12.5;16.3;
8129;2020-12-04 21:00:00;2.04;;;;31.0;48.31;17.95;735.5;0.0;40.0;6.5;0.007;11.93;13.9;
8130;2020-12-04 22:00:00;2.0;;;;33.0;31.84;12.09;735.9;0.0;39.0;6.4;0.007;11.95;15.1;
8131;2020-12-04 23:00:00;1.98;;;;34.0;24.41;9.57;736.0;0.0;39.0;6.3;0.007;11.98;14.0;
8132;2020-12-05 00:00:00;2.14;;;;21.0;68.03;24.98;735.9;0.0;51.0;6.2;0.007;10.34;15.1;
8133;2020-12-05 01:00:00;2.13;;;;23.0;52.09;21.28;735.6;0.0;54.0;6.3;0.007;9.58;9.6;
8134;2020-12-05 02:00:00;2.22;;;;13.0;54.4;24.33;735.6;0.0;60.0;6.3;0.007;;3.5;
8135;2020-12-05 03:00:00;2.23;;;;10.0;59.04;22.68;735.1;0.0;65.0;6.2;0.007;;3.7;
8136;2020-12-05 04:00:00;2.3;;;;5.0;65.86;27.86;734.9;0.0;65.0;6.3;0.007;;6.4;
8137;2020-12-05 05:00:00;2.2;;;;14.0;52.23;21.89;735.1;0.0;65.0;6.3;0.007;;4.6;
8138;2020-12-05 06:00:00;2.2;;;;10.0;49.44;21.14;735.3;0.0;69.0;6.2;0.007;6.42;3.2;
8139;2020-12-05 07:00:00;2.32;;;;3.0;56.21;25.91;735.6;0.0;76.0;6.2;0.007;5.42;2.9;
8140;2020-12-05 08:00:00;2.36;;;;4.0;53.19;22.09;736.1;0.0;75.0;6.5;0.017;;3.7;
8141;2020-12-05 09:00:00;2.62;;;;4.0;66.03;28.03;736.5;0.0;68.0;6.5;0.048;;6.9;
8142;2020-12-05 10:00:00;2.73;;;;6.0;79.06;30.36;737.1;0.0;56.0;7.1;0.093;;9.5;
8143;2020-12-05 11:00:00;2.64;;;;9.0;90.53;35.46;737.2;0.0;46.0;7.5;0.151;;5.2;
8144;2020-12-05 12:00:00;2.42;;;;28.0;62.71;22.18;736.7;0.0;39.0;6.7;0.348;;12.7;
8145;2020-12-05 13:00:00;2.24;;;;31.0;54.39;20.4;736.0;0.0;39.0;6.7;0.192;;13.0;
8146;2020-12-05 14:00:00;2.17;;;;35.0;59.83;20.54;735.4;0.0;38.0;;0.282;;11.4;
8147;2020-12-05 15:00:00;2.14;;;;40.0;64.96;22.35;734.9;0.0;34.0;6.9;0.352;;10.3;
8148;2020-12-05 16:00:00;2.09;;;;41.0;60.47;21.95;734.8;0.0;35.0;6.8;0.249;;13.2;
8149;2020-12-05 17:00:00;2.09;;;;36.0;64.58;23.19;734.9;0.0;35.0;7.0;0.129;;11.1;
8150;2020-12-05 18:00:00;2.15;;;;25.0;89.98;31.13;735.3;0.0;41.0;6.7;0.026;;11.6;
8151;2020-12-05 19:00:00;2.09;;;;24.0;85.95;25.27;735.8;0.0;48.0;6.9;0.007;;14.7;
8152;2020-12-05 20:00:00;2.16;;;;20.0;79.93;33.79;736.5;0.0;51.0;7.2;0.007;;9.8;
8153;2020-12-05 21:00:00;2.25;;;;12.0;83.77;38.88;737.0;0.0;53.0;6.5;0.007;;4.3;
8154;2020-12-05 22:00:00;2.3;;;;8.0;90.53;41.89;737.0;0.0;54.0;6.5;0.007;;3.0;
8155;2020-12-05 23:00:00;2.36;;;;8.0;95.71;41.56;736.8;0.0;56.0;6.4;0.007;;3.3;
8156;2020-12-06 00:00:00;2.37;;;;5.0;59.19;32.92;736.6;0.0;63.0;6.4;0.007;;3.5;
8157;2020-12-06 01:00:00;2.32;;;;6.0;61.32;25.15;736.4;0.0;66.0;;0.007;8.84;3.2;
8158;2020-12-06 02:00:00;2.33;;;;6.0;49.62;25.19;736.1;0.0;71.0;6.2;0.007;;3.0;
8159;2020-12-06 03:00:00;2.42;;;;4.0;56.87;30.63;735.8;0.0;73.0;6.2;0.007;;3.8;
8160;2020-12-06 04:00:00;2.4;;;;5.0;49.31;29.75;735.5;0.0;73.0;;0.007;;4.5;
8161;2020-12-06 05:00:00;2.44;;;;4.0;58.06;31.22;735.1;0.0;75.0;6.1;0.007;;4.7;
8162;2020-12-06 06:00:00;2.56;;;;3.0;71.91;38.99;735.1;0.0;72.0;6.3;0.007;;3.5;
8163;2020-12-06 07:00:00;2.43;;;;7.0;61.41;31.86;735.4;0.0;63.0;6.2;0.007;;3.0;
8164;2020-12-06 08:00:00;2.48;;;;5.0;65.2;27.89;735.6;0.0;72.0;6.3;0.018;;4.4;
8165;2020-12-06 09:00:00;2.61;;;;5.0;75.62;35.71;736.1;0.0;69.0;6.2;0.066;;3.1;
8166;2020-12-06 10:00:00;2.57;;;;10.0;78.25;30.61;736.8;0.0;51.0;6.4;0.122;;6.1;
8167;2020-12-06 11:00:00;2.42;;;;19.0;105.23;23.77;737.1;0.0;36.0;6.9;0.256;;6.8;
8168;2020-12-06 12:00:00;2.33;;;;24.0;126.87;22.43;736.7;0.0;31.0;7.0;0.32;;9.4;
8169;2020-12-06 13:00:00;2.17;;;;36.0;135.47;15.62;735.5;0.0;25.0;7.1;0.436;;19.5;
8170;2020-12-06 14:00:00;2.07;;;;40.0;93.89;10.86;734.6;0.0;22.0;7.1;0.428;;24.7;
8171;2020-12-06 15:00:00;1.94;;;;38.0;76.52;10.26;734.2;0.0;23.0;;0.366;;20.9;
8172;2020-12-06 16:00:00;1.89;;;;38.0;50.58;9.33;734.1;0.0;22.0;;0.271;;19.2;
8173;2020-12-06 17:00:00;1.84;;;;38.0;40.49;9.01;734.2;0.0;21.0;;0.152;21.7;16.4;
8174;2020-12-06 18:00:00;1.85;;;;29.0;46.22;12.05;734.6;0.0;25.0;;0.031;19.74;8.5;
8175;2020-12-06 19:00:00;1.95;;;;12.0;76.24;15.31;735.1;0.0;36.0;;0.007;15.64;5.3;
8176;2020-12-06 20:00:00;2.24;;;;5.0;64.99;26.56;735.6;0.0;44.0;6.9;0.007;13.54;4.9;
8177;2020-12-06 21:00:00;2.61;;;;3.0;83.55;40.37;735.8;0.0;53.0;7.1;0.007;12.04;6.4;
8178;2020-12-06 22:00:00;2.62;;;;3.0;77.06;36.76;736.1;0.0;55.0;7.1;0.007;11.06;4.8;
8179;2020-12-06 23:00:00;2.46;;;;4.0;50.2;23.11;736.4;0.0;55.0;7.0;0.007;10.91;8.7;
8180;2020-12-07 00:00:00;2.33;;;;6.0;67.95;18.14;736.4;0.0;50.0;7.0;0.007;11.42;7.9;
8181;2020-12-07 01:00:00;2.22;;;;10.0;35.12;11.95;736.3;0.0;51.0;6.7;0.007;10.91;8.8;
8182;2020-12-07 02:00:00;2.17;;;;12.0;26.4;9.45;736.4;0.0;50.0;6.9;0.007;11.03;9.9;
8183;2020-12-07 03:00:00;2.16;;;;11.0;24.65;8.88;736.4;0.0;56.0;6.9;0.007;9.68;8.6;
8184;2020-12-07 04:00:00;2.13;;;;12.0;24.34;7.86;736.5;0.0;60.0;;0.007;8.97;9.9;
8185;2020-12-07 05:00:00;2.13;;;;13.0;20.19;7.34;736.6;0.0;56.0;6.8;0.007;9.27;9.5;
8186;2020-12-07 06:00:00;2.14;;;;15.0;25.56;7.6;736.6;0.0;49.0;6.8;0.007;10.35;11.0;
8187;2020-12-07 07:00:00;2.22;;;;6.0;22.71;7.68;737.0;0.0;55.0;;0.007;9.24;13.2;
8188;2020-12-07 08:00:00;2.35;;;;5.0;34.99;9.57;737.5;0.0;49.0;6.7;0.023;10.45;12.3;
8189;2020-12-07 09:00:00;2.54;;;;7.0;52.72;11.84;738.2;0.0;41.0;7.0;0.147;13.13;10.8;
8190;2020-12-07 10:00:00;2.45;;;;13.0;66.72;12.34;738.6;0.0;32.0;6.9;0.255;16.1;11.3;
8191;2020-12-07 11:00:00;2.33;;;;18.0;62.08;13.9;738.6;0.0;26.0;7.1;0.346;18.96;8.1;
8192;2020-12-07 12:00:00;2.32;;;;21.0;64.42;17.94;738.3;0.0;24.0;7.6;0.393;20.42;9.0;
8193;2020-12-07 13:00:00;2.14;;;;35.0;48.05;14.74;737.5;0.0;23.0;7.3;0.45;21.19;10.3;
8194;2020-12-07 14:00:00;2.02;;;;42.0;36.09;10.56;736.7;0.0;22.0;7.2;0.432;21.79;10.8;
8195;2020-12-07 15:00:00;1.95;;;;46.0;46.86;11.4;736.3;0.0;21.0;7.3;0.364;22.7;10.4;
8196;2020-12-07 16:00:00;1.91;;;;46.0;48.55;11.89;736.1;0.0;22.0;7.4;0.233;22.26;12.2;
8197;2020-12-07 17:00:00;1.91;;;;37.0;64.11;17.33;736.3;0.0;24.0;7.3;0.109;21.18;11.4;
8198;2020-12-07 18:00:00;2.0;;;;25.0;76.44;16.02;736.4;0.0;27.0;7.6;0.03;19.47;10.3;
8199;2020-12-07 19:00:00;1.92;;;;33.0;64.89;11.53;736.8;0.0;29.0;8.0;0.007;18.36;13.2;
8200;2020-12-07 20:00:00;1.89;;;;35.0;40.51;8.88;737.2;0.0;29.0;7.2;0.007;18.08;15.2;
8201;2020-12-07 21:00:00;1.91;;;;29.0;29.4;8.14;737.7;0.0;31.0;7.0;0.007;17.13;9.9;
8202;2020-12-07 22:00:00;2.13;;;;8.0;45.4;14.78;738.0;0.0;42.0;7.0;0.007;14.31;7.5;
8203;2020-12-07 23:00:00;2.26;;;;4.0;56.01;15.6;738.1;0.0;48.0;;0.007;12.65;5.1;
8204;2020-12-08 00:00:00;2.33;;;;3.0;51.24;16.35;737.9;0.0;54.0;6.8;0.007;;5.6;
8205;2020-12-08 01:00:00;2.24;;;;8.0;38.98;13.18;737.9;0.0;55.0;6.8;0.007;;8.7;
8206;2020-12-08 02:00:00;2.11;;;;15.0;24.24;8.52;737.7;0.0;57.0;6.9;0.007;;7.5;
8207;2020-12-08 03:00:00;2.07;;;;15.0;23.34;7.97;737.5;0.0;62.0;6.6;0.007;;7.0;
8208;2020-12-08 04:00:00;2.06;;;;17.0;28.69;6.97;737.5;0.0;60.0;6.8;0.007;;7.0;
8209;2020-12-08 05:00:00;2.06;;;;21.0;20.05;6.29;737.4;0.0;59.0;6.6;0.007;;10.6;
8210;2020-12-08 06:00:00;2.08;;;;18.0;18.85;6.23;737.5;0.0;61.0;6.6;0.007;;10.2;
8211;2020-12-08 07:00:00;2.16;;;;16.0;23.13;7.76;738.0;0.0;57.0;6.7;0.007;;10.0;
8212;2020-12-08 08:00:00;2.33;;;;5.0;44.39;9.59;738.5;0.0;60.0;6.7;0.024;;10.0;
8213;2020-12-08 09:00:00;2.48;;;;9.0;50.97;11.96;739.4;0.0;44.0;6.8;0.145;;9.1;
8214;2020-12-08 10:00:00;2.42;;;;15.0;72.95;14.97;739.8;0.0;35.0;6.8;0.235;;10.3;
8215;2020-12-08 11:00:00;2.27;;;;21.0;78.55;21.25;739.7;0.0;29.0;7.1;0.365;;10.3;
8216;2020-12-08 12:00:00;2.33;;;;21.0;92.43;30.78;739.1;0.0;25.0;7.9;0.399;;8.1;
8217;2020-12-08 13:00:00;2.16;;;;38.0;77.71;33.13;738.4;0.0;23.0;7.5;0.358;;9.5;
8218;2020-12-08 14:00:00;2.02;;;;46.0;52.55;20.03;737.7;0.0;21.0;7.4;0.358;;9.2;
8219;2020-12-08 15:00:00;1.99;;;;51.0;65.57;25.04;737.2;0.0;22.0;7.3;0.246;-7.3;9.9;
8220;2020-12-08 16:00:00;1.96;;;;51.0;73.84;23.77;737.1;0.0;22.0;7.3;0.193;22.75;9.6;
8221;2020-12-08 17:00:00;1.98;;;;48.0;93.67;30.46;737.1;0.0;23.0;7.4;0.127;;9.9;
8222;2020-12-08 18:00:00;2.27;;;;23.0;133.12;40.43;737.0;0.0;29.0;7.3;0.026;;4.8;
8223;2020-12-08 19:00:00;2.44;;;;6.0;95.1;31.67;737.3;0.0;40.0;7.2;0.007;;5.0;
8224;2020-12-08 20:00:00;2.74;;;;4.0;83.31;29.78;737.8;0.0;45.0;7.2;0.007;;5.7;
8225;2020-12-08 21:00:00;2.79;;;;3.0;97.19;31.3;738.2;0.0;50.0;7.1;0.007;;5.4;
8226;2020-12-08 22:00:00;2.68;;;;3.0;75.21;29.3;738.3;0.0;52.0;7.1;0.007;;6.7;
8227;2020-12-08 23:00:00;2.6;;;;3.0;66.27;26.73;738.3;0.0;54.0;7.0;0.007;;4.6;
8228;2020-12-09 00:00:00;2.58;;;;4.0;60.86;25.42;738.2;0.0;57.0;6.8;0.007;;6.4;
8229;2020-12-09 01:00:00;2.37;;;;9.0;44.63;19.12;737.7;0.0;59.0;6.8;0.007;11.8;8.4;
8230;2020-12-09 02:00:00;2.29;;;;12.0;36.49;16.26;737.4;0.0;62.0;6.7;0.007;10.98;5.1;
8231;2020-12-09 03:00:00;2.2;;;;20.0;32.96;12.94;737.1;0.0;58.0;6.6;0.007;11.31;8.6;
8232;2020-12-09 04:00:00;2.17;;;;23.0;33.51;12.2;736.9;0.0;58.0;6.6;0.007;11.15;7.1;
8233;2020-12-09 05:00:00;2.18;;;;18.0;33.17;12.67;736.8;0.0;59.0;6.5;0.007;11.0;9.2;
8234;2020-12-09 06:00:00;2.19;;;;18.0;36.71;15.2;736.9;0.0;57.0;6.5;0.007;11.08;9.8;
8235;2020-12-09 07:00:00;2.27;;;;10.0;49.89;20.14;737.2;0.0;56.0;6.6;0.007;11.11;7.8;
8236;2020-12-09 08:00:00;2.41;;;;6.0;64.48;21.44;737.5;0.0;56.0;6.6;0.022;11.28;9.1;
8237;2020-12-09 09:00:00;2.68;;;;7.0;69.77;23.78;737.8;0.0;45.0;6.8;0.135;14.54;10.7;
8238;2020-12-09 10:00:00;2.58;;;;13.0;83.1;26.44;737.9;0.0;36.0;6.8;0.257;17.96;10.8;
8239;2020-12-09 11:00:00;2.42;;;;21.0;98.17;35.11;737.9;0.0;28.0;7.2;0.355;21.59;9.3;
8240;2020-12-09 12:00:00;2.33;;;;31.0;100.54;42.62;737.3;0.0;23.0;7.7;0.418;24.02;6.1;
8241;2020-12-09 13:00:00;2.24;;;;47.0;84.77;38.95;736.5;0.0;23.0;7.7;0.439;24.27;10.3;
8242;2020-12-09 14:00:00;2.16;;;;62.0;101.98;40.21;735.5;0.0;24.0;;0.412;;11.1;
8243;2020-12-09 15:00:00;2.05;;;;63.0;88.55;28.64;734.7;0.0;22.0;;0.349;25.6;14.5;
8244;2020-12-09 16:00:00;1.93;;;;64.0;69.91;20.19;734.2;0.0;22.0;7.6;0.257;26.0;14.2;
8245;2020-12-09 17:00:00;1.86;;;;61.0;73.07;20.08;733.8;0.0;23.0;7.5;0.143;25.4;14.3;
8246;2020-12-09 18:00:00;1.92;;;;45.0;68.35;18.3;733.8;0.0;28.0;7.4;0.029;23.14;10.1;
8247;2020-12-09 19:00:00;1.92;;;;45.0;105.39;21.01;733.8;0.0;30.0;7.3;0.007;21.81;11.2;
8248;2020-12-09 20:00:00;2.02;;;;30.0;55.42;18.22;734.1;0.0;32.0;7.1;0.007;20.93;9.8;
8249;2020-12-09 21:00:00;2.19;;;;14.0;52.32;17.71;734.0;0.0;36.0;7.1;0.007;19.47;8.8;
8250;2020-12-09 22:00:00;2.38;;;;4.0;62.46;21.86;733.8;0.0;45.0;;0.007;16.79;6.8;
8251;2020-12-09 23:00:00;2.45;;;;3.0;60.85;23.32;733.8;0.0;52.0;6.9;0.007;15.3;3.9;
8252;2020-12-10 00:00:00;2.51;;;;3.0;57.72;23.84;733.6;0.0;57.0;7.0;0.007;14.06;5.3;
8253;2020-12-10 01:00:00;2.34;;;;4.0;50.42;19.18;733.1;0.0;59.0;6.8;0.007;13.7;3.8;
8254;2020-12-10 02:00:00;2.39;;;;3.0;51.73;20.45;732.6;0.0;63.0;6.8;0.007;13.0;5.0;
8255;2020-12-10 03:00:00;2.33;;;;3.0;57.37;21.2;732.3;0.0;63.0;6.7;0.007;13.1;6.9;
8256;2020-12-10 04:00:00;2.31;;;;3.0;50.61;21.61;731.9;0.0;61.0;6.8;0.007;13.5;6.1;
8257;2020-12-10 05:00:00;2.29;;;;;62.95;24.24;731.5;0.0;58.0;6.8;0.007;13.78;6.8;
8258;2020-12-10 06:00:00;2.34;;;;;62.17;24.49;731.5;0.0;66.0;6.7;0.007;12.43;4.3;
8259;2020-12-10 07:00:00;2.46;;;;;68.9;27.12;731.5;0.0;62.0;6.8;0.007;13.43;5.9;
8260;2020-12-10 08:00:00;2.58;;;;;69.94;26.65;731.5;0.0;57.0;7.0;0.017;14.37;8.7;
8261;2020-12-10 09:00:00;2.7;;;;4.0;91.97;27.02;731.7;0.0;49.0;7.0;0.067;16.23;7.8;
8262;2020-12-10 10:00:00;2.74;;;;7.0;104.59;29.15;731.9;0.0;42.0;7.2;0.21;19.13;9.0;
8263;2020-12-10 11:00:00;2.87;;;;10.0;156.98;55.63;732.0;0.0;32.0;7.8;0.245;22.66;5.8;
8264;2020-12-10 12:00:00;2.93;;;;16.0;173.98;74.61;731.5;0.0;32.0;8.0;0.317;23.5;6.9;
8265;2020-12-10 13:00:00;2.71;;;;31.0;149.93;65.97;730.8;0.0;32.0;8.3;0.346;24.49;10.7;
8266;2020-12-10 14:00:00;2.38;;;;45.0;116.92;40.07;729.9;0.0;34.0;8.0;0.369;24.75;17.5;
8267;2020-12-10 15:00:00;2.31;;;;53.0;122.85;47.5;729.3;0.0;32.0;8.1;0.345;;17.5;
8268;2020-12-10 16:00:00;2.09;;;;58.0;81.69;29.85;729.0;0.0;32.0;7.7;0.208;25.89;15.5;
8269;2020-12-10 17:00:00;1.99;;;;57.0;76.96;27.32;728.9;0.0;33.0;7.7;0.097;25.02;13.9;
8270;2020-12-10 18:00:00;2.33;;;;27.0;115.95;31.59;728.7;0.0;40.0;7.5;0.027;23.31;6.4;
8271;2020-12-10 19:00:00;2.36;;;;13.0;215.02;39.84;728.9;0.0;43.0;7.3;0.007;21.65;6.8;
8272;2020-12-10 20:00:00;2.64;;;;4.0;113.62;36.06;729.0;0.0;49.0;7.3;0.007;20.02;7.7;
8273;2020-12-10 21:00:00;2.86;;;;3.0;109.11;40.37;729.3;0.0;52.0;7.4;0.007;19.4;4.9;
8274;2020-12-10 22:00:00;2.77;;;;3.0;83.62;38.07;729.2;0.0;58.0;7.2;0.007;18.04;4.2;
8275;2020-12-10 23:00:00;2.77;;;;3.0;91.6;40.39;728.9;0.0;60.0;7.2;0.007;17.9;2.9;
8276;2020-12-11 00:00:00;2.73;;;;;97.16;39.52;728.7;0.0;60.0;;0.007;18.21;3.3;
8277;2020-12-11 01:00:00;3.02;;;;;148.95;57.65;728.3;0.0;60.0;7.3;0.007;18.02;5.3;
8278;2020-12-11 02:00:00;2.85;;;;;121.78;52.35;728.2;0.0;64.0;7.3;0.007;16.96;4.7;
8279;2020-12-11 03:00:00;2.64;;;;;93.96;47.29;727.9;0.0;71.0;7.0;0.007;15.42;3.1;
8280;2020-12-11 04:00:00;2.68;;;;;95.65;45.6;727.6;0.0;76.0;7.1;0.007;14.65;6.2;
8281;2020-12-11 05:00:00;2.55;;;;;100.32;46.86;727.4;0.0;69.0;7.1;0.007;15.91;10.2;
8282;2020-12-11 06:00:00;2.58;;;;;111.26;49.75;727.4;0.0;69.0;;0.007;15.78;10.2;
8283;2020-12-11 07:00:00;2.66;;;;;133.18;54.45;727.7;0.0;66.0;7.3;0.007;15.88;11.4;
8284;2020-12-11 08:00:00;2.59;;;;4.0;130.95;50.52;728.0;0.0;54.0;7.3;0.016;18.07;12.4;
8285;2020-12-11 09:00:00;2.85;;;;4.0;107.37;36.72;728.3;0.0;47.0;7.5;0.12;20.42;14.2;
8286;2020-12-11 10:00:00;2.88;;;;6.0;113.91;36.43;728.9;0.0;42.0;7.5;0.246;24.28;10.5;
8287;2020-12-11 11:00:00;2.63;;;;14.0;80.48;21.53;729.0;0.0;31.0;;0.322;29.24;8.2;
8288;2020-12-11 12:00:00;2.38;;;;26.0;85.16;19.56;728.9;0.0;28.0;7.7;0.363;30.34;10.3;
8289;2020-12-11 13:00:00;2.32;;;;40.0;163.23;45.35;728.8;0.0;36.0;8.0;0.343;27.91;17.8;
8290;2020-12-11 14:00:00;2.15;;;;54.0;136.06;50.02;728.1;0.0;38.0;8.0;0.326;3.89;16.9;
8291;2020-12-11 15:00:00;1.93;;;;58.0;97.95;42.04;727.8;0.0;39.0;7.7;0.211;;17.0;
8292;2020-12-11 16:00:00;1.74;;;;50.0;91.0;28.81;727.8;0.0;40.0;7.5;0.148;26.39;17.0;
8293;2020-12-11 17:00:00;1.69;;;;48.0;70.52;25.81;727.8;0.0;40.0;7.0;0.079;26.02;14.9;
8294;2020-12-11 18:00:00;1.64;;;;37.0;72.32;17.52;728.1;0.0;39.0;6.9;0.023;24.35;15.2;
8295;2020-12-11 19:00:00;1.78;;;;22.0;131.48;21.63;728.5;0.0;44.0;6.9;0.007;22.8;8.6;
8296;2020-12-11 20:00:00;2.01;;;;11.0;64.9;21.88;729.2;0.0;48.0;7.2;0.007;21.72;7.0;
8297;2020-12-11 21:00:00;2.12;;;;6.0;68.48;23.35;729.9;0.0;49.0;7.1;0.007;21.24;6.3;
8298;2020-12-11 22:00:00;2.27;;;;3.0;75.88;26.63;730.1;0.0;54.0;7.2;0.007;20.12;5.3;
8299;2020-12-11 23:00:00;2.35;;;;3.0;70.06;29.41;730.4;0.0;58.0;7.1;0.007;18.99;4.9;
8300;2020-12-12 00:00:00;2.45;;;;3.0;72.97;28.35;730.4;0.0;61.0;7.1;0.007;18.44;5.6;
8301;2020-12-12 01:00:00;2.3;;;;;60.42;22.72;730.4;0.0;64.0;;0.007;17.52;4.2;
8302;2020-12-12 02:00:00;2.19;;;;6.0;55.69;20.98;730.4;0.0;63.0;6.9;0.007;17.7;4.0;
8303;2020-12-12 03:00:00;2.06;;;;13.0;40.37;16.96;730.4;0.0;59.0;6.8;0.007;;8.1;
8304;2020-12-12 04:00:00;2.02;;;;13.0;54.16;16.67;730.3;0.0;61.0;6.7;0.007;;6.8;
8305;2020-12-12 05:00:00;2.02;;;;9.0;49.73;16.35;730.4;0.0;68.0;6.6;0.007;;4.9;
8306;2020-12-12 06:00:00;1.98;;;;9.0;36.31;15.65;730.4;0.0;71.0;6.5;0.007;;4.3;
8307;2020-12-12 07:00:00;2.0;;;;5.0;35.53;15.6;730.7;0.0;77.0;6.6;0.007;;3.2;
8308;2020-12-12 08:00:00;2.14;;;;3.0;83.37;18.0;731.3;0.0;80.0;6.5;0.022;;4.7;
8309;2020-12-12 09:00:00;2.25;;;;4.0;60.18;19.8;731.7;0.0;70.0;6.5;0.089;;4.2;
8310;2020-12-12 10:00:00;2.43;;;;8.0;86.87;35.88;732.0;0.0;53.0;6.8;0.183;;3.5;
8311;2020-12-12 11:00:00;2.21;;;;26.0;73.72;27.39;731.8;0.0;47.0;7.0;0.321;;15.5;
8312;2020-12-12 12:00:00;1.98;;;;39.0;51.41;17.67;731.3;0.0;45.0;7.7;0.423;;23.3;
8313;2020-12-12 13:00:00;1.92;;;;45.0;55.44;23.22;730.7;0.0;44.0;9.3;0.451;;20.6;
8314;2020-12-12 14:00:00;1.81;;;;53.0;52.03;26.1;729.9;0.0;42.0;9.3;0.346;;18.2;
8315;2020-12-12 15:00:00;1.72;;;;51.0;61.45;32.93;729.0;0.0;45.0;9.0;0.231;;16.8;
8316;2020-12-12 16:00:00;1.65;;;;44.0;59.22;34.4;728.6;0.0;51.0;8.6;0.095;;16.8;
8317;2020-12-12 17:00:00;1.64;;;;39.0;54.69;32.8;728.5;0.0;52.0;8.4;0.067;24.86;15.9;
8318;2020-12-12 18:00:00;1.67;;;;33.0;60.51;34.4;728.5;0.0;53.0;7.8;0.027;24.49;11.8;
8319;2020-12-12 19:00:00;1.75;;;;29.0;84.67;39.54;728.7;0.0;57.0;7.3;0.007;;11.3;
8320;2020-12-12 20:00:00;1.85;;;;27.0;80.2;47.21;728.9;0.0;61.0;7.1;0.007;;15.2;
8321;2020-12-12 21:00:00;1.89;;;;31.0;87.79;52.09;729.2;0.0;65.0;6.9;0.007;;13.0;
8322;2020-12-12 22:00:00;1.86;;;;33.0;78.42;43.53;729.1;0.0;67.0;7.0;0.007;;17.3;
8323;2020-12-12 23:00:00;1.85;;;;24.0;53.32;32.05;729.0;0.0;75.0;6.8;0.007;;24.6;
8324;2020-12-13 00:00:00;1.83;;;;21.0;47.51;32.42;728.9;0.0;81.0;6.7;0.007;;21.6;
8325;2020-12-13 01:00:00;1.83;;;;19.0;45.08;31.31;728.6;0.0;85.0;6.6;0.007;19.8;14.8;
8326;2020-12-13 02:00:00;1.83;;;;18.0;49.32;32.45;728.3;0.0;89.0;6.6;0.007;19.34;12.7;
8327;2020-12-13 03:00:00;1.86;;;;11.0;44.94;32.52;728.1;0.0;89.0;6.5;0.007;18.7;4.6;
8328;2020-12-13 04:00:00;1.88;;;;5.0;49.48;34.45;727.8;0.0;90.0;6.4;0.007;17.65;3.0;
8329;2020-12-13 05:00:00;1.94;;;;5.0;47.9;34.12;727.5;0.0;91.0;6.3;0.007;17.16;3.1;
8330;2020-12-13 06:00:00;1.95;;;;3.0;44.74;33.09;727.4;0.0;91.0;6.4;0.007;16.33;3.3;
8331;2020-12-13 07:00:00;1.99;;;;4.0;47.18;32.89;728.0;0.0;92.0;6.4;0.007;16.03;5.2;
8332;2020-12-13 08:00:00;2.03;;;;6.0;68.94;44.98;728.5;0.0;86.0;6.5;0.013;17.69;12.3;
8333;2020-12-13 09:00:00;2.09;;;;8.0;101.9;56.85;729.0;0.0;80.0;6.5;0.097;-2.4;12.4;
8334;2020-12-13 10:00:00;2.1;;;;11.0;108.56;64.26;729.6;0.0;68.0;6.7;0.218;;11.5;
8335;2020-12-13 11:00:00;2.14;;;;17.0;110.81;64.81;730.0;0.0;59.0;6.9;0.316;;8.3;
8336;2020-12-13 12:00:00;2.09;;;;20.0;103.07;54.4;729.7;0.0;45.0;6.9;0.327;;8.0;
8337;2020-12-13 13:00:00;1.94;;;;32.0;92.1;28.56;729.1;0.0;31.0;7.0;0.386;;16.8;
8338;2020-12-13 14:00:00;1.72;;;;36.0;77.29;12.95;728.6;0.0;19.0;7.1;0.395;31.74;22.4;
8339;2020-12-13 15:00:00;1.54;;;;39.0;45.33;10.3;728.4;0.0;18.0;6.5;0.324;31.78;18.4;
8340;2020-12-13 16:00:00;1.42;;;;39.0;41.46;12.19;728.6;0.0;19.0;5.8;0.21;31.55;18.1;
8341;2020-12-13 17:00:00;1.37;;;;38.0;117.96;22.95;729.6;0.0;29.0;5.5;0.072;28.28;22.1;
8342;2020-12-13 18:00:00;1.32;;;;37.0;249.4;32.58;731.9;0.0;38.0;5.3;0.028;22.9;18.5;
8343;2020-12-13 19:00:00;1.37;;;;38.0;166.87;21.29;733.6;0.0;34.0;5.7;0.007;-7.43;14.5;
8344;2020-12-13 20:00:00;1.43;;;;39.0;123.08;14.77;735.0;0.0;26.0;6.2;0.007;;12.3;
8345;2020-12-13 21:00:00;1.55;;;;38.0;88.83;12.01;735.9;0.0;25.0;6.7;0.007;;11.7;
8346;2020-12-13 22:00:00;1.59;;;;38.0;111.38;12.94;737.2;0.0;19.0;6.6;0.007;;21.0;
8347;2020-12-13 23:00:00;1.61;;;;33.0;192.4;22.7;738.2;0.0;21.0;6.7;0.007;;22.2;
8348;2020-12-14 00:00:00;1.66;;;;29.0;283.39;39.54;738.7;0.0;27.0;6.6;0.007;;17.4;352.0
8349;2020-12-14 01:00:00;1.71;;;;28.0;292.97;41.71;739.0;0.0;30.0;6.6;0.007;;19.4;352.0
8350;2020-12-14 02:00:00;1.73;;;;26.0;277.13;36.92;739.1;0.0;33.0;7.0;0.007;;19.2;352.0
8351;2020-12-14 03:00:00;1.77;;;;24.0;242.36;31.72;739.0;0.0;35.0;6.9;0.007;;14.3;
8352;2020-12-14 04:00:00;1.8;;;;24.0;175.22;25.37;739.0;0.0;38.0;6.7;0.007;;14.5;
8353;2020-12-14 05:00:00;1.84;;;;21.0;126.79;19.05;739.0;0.0;41.0;6.7;0.007;;10.0;
8354;2020-12-14 06:00:00;1.89;;;;19.0;105.91;16.9;739.0;0.0;44.0;6.9;0.007;;10.1;351.0
8355;2020-12-14 07:00:00;1.96;;;;13.0;84.29;14.58;739.1;0.0;46.0;7.6;0.007;;9.8;351.0
8356;2020-12-14 08:00:00;2.01;;;;12.0;78.25;14.31;739.2;0.0;48.0;6.9;0.015;;5.9;352.0
8357;2020-12-14 09:00:00;2.09;;;;12.0;101.22;17.27;739.3;0.0;46.0;6.5;0.063;;9.0;352.0
8358;2020-12-14 10:00:00;2.16;;;;13.0;116.56;19.42;739.3;0.0;41.0;6.5;0.153;;8.6;352.0
8359;2020-12-14 11:00:00;2.23;;;;14.0;133.42;22.45;738.9;0.0;40.0;6.6;0.269;;9.3;
8360;2020-12-14 12:00:00;2.21;;;;18.0;125.94;22.94;737.8;0.0;35.0;6.6;0.391;;12.0;
8361;2020-12-14 13:00:00;2.18;;;;23.0;127.47;22.77;736.5;0.0;34.0;6.5;0.412;;13.5;
8362;2020-12-14 14:00:00;2.12;;;;27.0;121.25;21.81;733.1;0.0;31.0;6.6;0.395;;15.2;
8363;2020-12-14 15:00:00;2.14;;;;30.0;131.4;23.35;727.6;0.0;30.0;6.6;0.336;;18.0;
8364;2020-12-14 16:00:00;2.05;;;;31.0;138.64;20.91;727.0;0.0;30.0;6.7;0.246;16.5;20.8;
8365;2020-12-14 17:00:00;2.03;;;;32.0;130.52;24.16;726.5;0.0;32.0;8.4;0.133;;21.3;
8366;2020-12-14 18:00:00;2.05;;;;25.0;147.23;23.83;726.7;0.0;35.0;7.7;0.028;14.15;23.6;
8367;2020-12-14 19:00:00;2.04;;;;27.0;152.77;21.86;727.9;0.0;38.0;7.2;0.007;12.79;24.1;
8368;2020-12-14 20:00:00;;;;;;;;;;;;0.0;;;
8369;2020-12-14 21:00:00;2.09;;;;22.0;98.92;18.8;729.0;0.0;41.0;6.9;0.007;11.7;10.5;
8370;2020-12-14 22:00:00;2.13;;;;19.0;101.9;18.03;728.6;0.0;44.0;6.7;0.007;10.8;7.0;
8371;2020-12-14 23:00:00;2.16;;;;16.0;78.46;16.15;728.5;0.0;47.0;6.7;0.007;10.05;6.8;
8372;2020-12-15 00:00:00;2.18;;;;15.0;75.3;16.27;728.5;0.0;51.0;6.6;0.007;9.36;5.8;
8373;2020-12-15 01:00:00;2.22;;;;10.0;80.04;17.96;728.2;0.0;58.0;6.5;0.007;8.34;2.9;
8374;2020-12-15 02:00:00;2.27;;;;8.0;78.77;16.7;728.2;0.0;60.0;6.5;0.007;7.74;4.2;
8375;2020-12-15 03:00:00;2.23;;;;18.0;79.92;14.01;727.9;0.0;54.0;;0.007;;8.0;
8376;2020-12-15 04:00:00;2.25;;;;14.0;61.37;14.45;727.4;0.0;60.0;;0.007;;6.3;
8377;2020-12-15 05:00:00;2.29;;;;7.0;52.99;15.02;727.4;0.0;68.0;6.6;0.007;;3.7;
8378;2020-12-15 06:00:00;2.36;;;;4.0;52.96;14.75;727.8;0.0;67.0;6.5;0.007;;7.0;
8379;2020-12-15 07:00:00;2.47;;;;3.0;76.02;21.37;727.6;0.0;61.0;6.7;0.007;;7.4;
8380;2020-12-15 08:00:00;2.62;;;;3.0;170.7;30.11;727.5;0.0;64.0;6.6;0.018;;3.3;
8381;2020-12-15 09:00:00;2.9;;;;4.0;133.69;29.2;728.3;0.0;57.0;6.9;0.118;;6.3;
8382;2020-12-15 10:00:00;2.89;;;;6.0;202.87;47.14;728.5;0.0;44.0;7.6;0.239;;10.7;
8383;2020-12-15 11:00:00;2.94;;;;8.0;212.22;55.46;728.4;0.0;36.0;7.7;0.34;;7.9;
8384;2020-12-15 12:00:00;2.98;;;;8.0;220.9;66.71;728.2;0.0;31.0;9.5;0.405;;7.7;
8385;2020-12-15 13:00:00;2.94;;;;14.0;249.5;78.32;727.6;0.0;28.0;9.7;0.429;;10.5;
8386;2020-12-15 14:00:00;2.82;;;;27.0;238.86;76.34;728.0;0.0;26.0;8.5;0.405;;12.5;
8387;2020-12-15 15:00:00;2.63;;;;33.0;215.16;54.65;731.0;0.0;26.0;8.0;0.342;;14.0;
8388;2020-12-15 16:00:00;2.55;;;;34.0;217.77;59.92;733.0;0.0;25.0;8.1;0.247;23.01;16.5;
8389;2020-12-15 17:00:00;2.37;;;;25.0;149.63;34.24;733.3;0.0;27.0;8.0;0.13;;13.8;
8390;2020-12-15 18:00:00;2.43;;;;18.0;186.14;42.85;737.8;0.0;31.0;8.1;0.028;20.78;13.9;
8391;2020-12-15 19:00:00;2.19;;;;23.0;114.94;17.86;;0.0;32.0;7.8;0.007;17.88;12.5;
8392;2020-12-15 20:00:00;2.13;;;;20.0;74.71;15.0;;0.0;33.0;7.3;0.007;16.31;8.7;
8393;2020-12-15 21:00:00;2.17;;;;17.0;68.93;14.62;;0.0;34.0;7.0;0.007;15.5;10.4;
8394;2020-12-15 22:00:00;2.25;;;;12.0;67.44;16.5;;0.0;36.0;7.1;0.007;14.76;9.4;
8395;2020-12-15 23:00:00;2.3;;;;9.0;80.45;19.34;;0.0;41.0;6.9;0.007;13.57;8.8;
8396;2020-12-16 00:00:00;2.32;;;;9.0;80.3;18.07;;0.0;44.0;6.9;0.007;12.7;6.3;
8397;2020-12-16 01:00:00;2.35;;;;8.0;52.46;14.47;;0.0;48.0;6.8;0.007;11.64;5.3;
8398;2020-12-16 02:00:00;2.33;;;;9.0;42.02;11.76;;0.0;47.0;6.7;0.007;11.89;5.8;
8399;2020-12-16 03:00:00;2.29;;;;20.0;53.01;11.36;;0.0;44.0;6.6;0.007;11.81;11.0;
8400;2020-12-16 04:00:00;2.18;;;;28.0;37.86;7.67;;0.0;35.0;6.7;0.007;11.59;6.7;
8401;2020-12-16 05:00:00;2.17;;;;26.0;36.11;8.06;;0.0;41.0;6.7;0.007;10.79;7.7;
8402;2020-12-16 06:00:00;2.23;;;;18.0;32.28;8.77;;0.0;48.0;6.6;0.007;9.47;6.5;
8403;2020-12-16 07:00:00;2.29;;;;13.0;45.24;10.4;;0.0;46.0;6.5;0.007;8.88;6.7;
8404;2020-12-16 08:00:00;2.27;;;;19.0;147.28;21.17;;0.0;39.0;6.5;0.017;9.04;6.1;
8405;2020-12-16 09:00:00;2.43;;;;13.0;192.03;30.16;;0.0;35.0;6.8;0.122;11.17;7.2;
8406;2020-12-16 10:00:00;2.49;;;;15.0;124.26;26.91;;0.0;31.0;6.8;0.239;13.78;6.1;
8407;2020-12-16 11:00:00;2.36;;;;26.0;106.76;19.97;;0.0;28.0;6.7;0.339;15.17;9.4;
8408;2020-12-16 12:00:00;2.26;;;;32.0;93.28;16.3;;0.0;25.0;6.8;0.404;16.3;10.6;
8409;2020-12-16 13:00:00;2.18;;;;35.0;77.71;15.14;;0.0;23.0;6.8;0.43;17.82;9.5;
8410;2020-12-16 14:00:00;2.13;;;;40.0;72.74;15.52;;0.0;23.0;6.9;0.413;0.33;11.4;
8411;2020-12-16 15:00:00;2.12;;;;45.0;89.89;20.69;;0.0;23.0;7.0;0.35;;11.4;
8412;2020-12-16 16:00:00;2.05;;;;47.0;90.95;17.6;;0.0;23.0;6.9;0.257;;15.2;
8413;2020-12-16 17:00:00;2.0;;;;45.0;88.42;15.58;;0.0;24.0;6.9;0.144;;17.6;
8414;2020-12-16 18:00:00;2.01;;;;39.0;73.22;14.44;;0.0;26.0;;0.031;;16.7;
8415;2020-12-16 19:00:00;2.03;;;;36.0;98.18;17.62;;0.0;27.0;6.8;0.007;;17.9;
8416;2020-12-16 20:00:00;2.05;;;;34.0;120.83;23.99;;0.0;28.0;6.7;0.007;;20.4;
8417;2020-12-16 21:00:00;2.1;;;;26.0;102.35;22.84;;0.0;31.0;6.6;0.007;;11.7;
8418;2020-12-16 22:00:00;;;;;;;;;;;;0.0;;;
8419;2020-12-16 23:00:00;;;;;;;;;;;;0.0;;;
8420;2020-12-17 00:00:00;2.56;;;;3.0;103.28;27.84;;0.0;48.0;6.6;0.007;;4.9;352.0
8421;2020-12-17 01:00:00;2.49;;;;4.0;104.63;27.88;;0.0;49.0;6.6;0.007;9.25;6.6;352.0
8422;2020-12-17 02:00:00;2.47;;;;5.0;97.04;26.77;;0.0;48.0;6.5;0.007;9.23;6.5;352.0
8423;2020-12-17 03:00:00;2.43;;;;8.0;87.43;23.91;;0.0;55.0;6.4;0.007;7.8;3.8;
8424;2020-12-17 04:00:00;2.4;;;;9.0;90.09;24.07;;0.0;60.0;6.3;0.007;7.17;6.7;
8425;2020-12-17 05:00:00;2.33;;;;12.0;62.45;18.25;;0.0;59.0;6.4;0.007;7.17;5.3;
8426;2020-12-17 06:00:00;2.35;;;;9.0;67.14;19.25;;0.0;60.0;6.3;0.007;6.52;4.1;
8427;2020-12-17 07:00:00;2.65;;;;3.0;86.13;27.69;;0.0;63.0;6.5;0.007;6.1;4.7;
8428;2020-12-17 08:00:00;2.85;;;;3.0;116.35;34.01;;0.0;65.0;6.6;0.017;6.3;7.2;
8429;2020-12-17 09:00:00;3.05;;;;4.0;195.82;43.36;;0.0;47.0;6.7;0.11;10.28;4.2;
8430;2020-12-17 10:00:00;3.0;;;;9.0;182.45;56.79;;0.0;38.0;7.2;0.225;12.07;9.7;
8431;2020-12-17 11:00:00;2.92;;;;16.0;188.99;68.17;;0.0;37.0;8.4;0.323;13.16;13.6;
8432;2020-12-17 12:00:00;2.64;;;;33.0;122.25;32.27;;0.0;38.0;7.8;0.396;14.82;15.4;
8433;2020-12-17 13:00:00;2.43;;;;41.0;93.6;21.82;;0.0;35.0;6.7;0.424;16.24;18.2;
8434;2020-12-17 14:00:00;2.33;;;;43.0;106.6;25.06;;0.0;32.0;7.0;0.409;17.32;21.6;
8435;2020-12-17 15:00:00;2.24;;;;44.0;91.75;18.5;;0.0;33.0;6.9;0.352;;23.7;
8436;2020-12-17 16:00:00;2.17;;;;41.0;80.46;13.92;;0.0;34.0;6.8;0.261;;23.2;
8437;2020-12-17 17:00:00;2.15;;;;38.0;62.59;13.29;739.8;0.0;34.0;6.8;0.147;;21.4;
8438;2020-12-17 18:00:00;2.17;;;;33.0;75.56;15.02;739.6;0.0;37.0;;0.031;;15.5;
8439;2020-12-17 19:00:00;2.17;;;;35.0;75.99;14.9;739.4;0.0;38.0;6.7;0.007;;20.6;
8440;2020-12-17 20:00:00;2.17;;;;36.0;78.25;14.04;739.6;0.0;40.0;6.6;0.007;;24.1;
8441;2020-12-17 21:00:00;2.15;;;;37.0;79.9;12.54;739.8;0.0;43.0;6.4;0.007;;26.9;
8442;2020-12-17 22:00:00;2.17;;;;36.0;53.89;11.63;739.9;0.0;49.0;6.5;0.007;;24.4;
8443;2020-12-17 23:00:00;2.19;;;;33.0;42.22;11.37;739.8;0.0;55.0;6.4;0.007;;19.6;
8444;2020-12-18 00:00:00;2.21;;;;31.0;37.89;11.09;739.5;0.0;60.0;6.4;0.007;;15.4;
8445;2020-12-18 01:00:00;2.23;;;;30.0;45.12;11.6;739.1;0.0;65.0;;0.007;11.9;12.5;
8446;2020-12-18 02:00:00;2.27;;;;23.0;49.21;12.84;738.7;0.0;70.0;6.3;0.007;10.81;7.1;
8447;2020-12-18 03:00:00;2.31;;;;14.0;36.36;13.0;738.7;0.0;76.0;6.3;0.007;9.43;4.9;
8448;2020-12-18 04:00:00;2.36;;;;10.0;38.91;13.6;;0.0;80.0;;0.007;8.76;3.7;
8449;2020-12-18 05:00:00;2.38;;;;7.0;37.78;14.76;;0.0;81.0;;0.007;8.64;5.0;
8450;2020-12-18 06:00:00;2.47;;;;5.0;53.46;24.45;;0.0;82.0;6.4;0.007;8.85;5.5;
8451;2020-12-18 07:00:00;2.63;;;;3.0;64.85;32.19;;0.0;83.0;6.4;0.007;8.46;4.4;
8452;2020-12-18 08:00:00;2.96;;;;3.0;80.96;37.4;;0.0;82.0;6.6;0.015;8.61;5.1;
8453;2020-12-18 09:00:00;3.19;;;;4.0;105.41;40.29;;0.0;69.0;6.8;0.11;11.54;7.1;
8454;2020-12-18 10:00:00;3.09;;;;6.0;124.27;41.93;;0.0;58.0;7.1;0.228;14.43;7.9;
8455;2020-12-18 11:00:00;3.14;;;;10.0;117.19;54.98;;0.0;56.0;7.7;0.308;16.3;7.4;
8456;2020-12-18 12:00:00;3.21;;;;18.0;114.72;54.33;;0.0;54.0;7.7;0.384;17.74;8.7;
8457;2020-12-18 13:00:00;3.15;;;;28.0;107.78;52.95;;0.0;51.0;;0.411;18.98;9.4;
8458;2020-12-18 14:00:00;3.09;;;;36.0;126.35;61.18;;0.0;48.0;7.6;0.358;19.77;11.6;
8459;2020-12-18 15:00:00;2.96;;;;44.0;132.33;61.06;;0.0;44.0;7.3;0.336;21.24;14.2;
8460;2020-12-18 16:00:00;2.57;;;;47.0;73.9;30.27;;0.0;41.0;7.3;0.204;22.52;13.1;
8461;2020-12-18 17:00:00;2.48;;;;43.0;71.17;26.96;;0.0;41.0;7.1;0.119;;8.8;
8462;2020-12-18 18:00:00;2.65;;;;24.0;144.65;32.65;;0.0;47.0;7.1;0.037;21.29;6.2;
8463;2020-12-18 19:00:00;2.71;;;;11.0;161.06;36.22;;0.0;54.0;7.0;0.007;19.1;9.5;
8464;2020-12-18 20:00:00;3.13;;;;3.0;97.54;35.01;;0.0;62.0;7.2;0.007;17.05;5.3;
8465;2020-12-18 21:00:00;3.37;;;;4.0;102.97;39.31;;0.0;62.0;7.3;0.007;17.18;7.5;
8466;2020-12-18 22:00:00;3.24;;;;3.0;96.24;41.39;;0.0;67.0;7.1;0.007;15.85;5.6;
8467;2020-12-18 23:00:00;3.3;;;;3.0;95.82;44.69;;0.0;70.0;7.1;0.007;15.58;8.9;
8468;2020-12-19 00:00:00;3.18;;;;3.0;85.43;42.69;;0.0;74.0;7.0;0.007;14.44;6.0;
8469;2020-12-19 01:00:00;3.31;;;;;92.41;45.39;;0.0;77.0;6.9;0.007;13.91;4.3;
8470;2020-12-19 02:00:00;3.49;;;;;94.9;48.61;;0.0;81.0;7.1;0.007;13.23;6.2;
8471;2020-12-19 03:00:00;3.31;;;;;76.8;41.41;;0.0;83.0;6.9;0.007;12.54;4.9;
8472;2020-12-19 04:00:00;3.16;;;;;91.16;42.97;;0.0;81.0;7.1;0.007;12.74;9.4;
8473;2020-12-19 05:00:00;2.97;;;;;101.94;44.16;;0.0;72.0;7.0;0.007;14.22;12.6;
8474;2020-12-19 06:00:00;2.85;;;;;98.02;41.33;;0.0;72.0;6.8;0.007;14.16;8.3;
8475;2020-12-19 07:00:00;2.9;;;;;98.36;43.84;;0.0;73.0;7.0;0.007;13.23;7.0;
8476;2020-12-19 08:00:00;3.14;;;;;138.55;51.84;;0.0;77.0;7.1;0.014;12.4;8.5;
8477;2020-12-19 09:00:00;3.58;;;;;148.66;61.88;;0.0;70.0;7.6;0.075;14.38;9.4;
8478;2020-12-19 10:00:00;3.35;;;;5.0;137.42;62.43;;0.0;52.0;7.8;0.232;19.01;10.2;
8479;2020-12-19 11:00:00;3.07;;;;17.0;144.97;47.65;;0.0;41.0;7.6;0.323;22.08;12.2;
8480;2020-12-19 12:00:00;2.68;;;;38.0;164.6;27.93;;0.0;41.0;7.7;0.386;23.46;14.0;
8481;2020-12-19 13:00:00;2.48;;;;42.0;190.04;27.3;;0.0;32.0;7.6;0.411;;21.4;
8482;2020-12-19 14:00:00;2.29;;;;40.0;117.78;17.67;;0.0;25.0;7.5;0.397;;23.2;
8483;2020-12-19 15:00:00;2.23;;;;41.0;69.3;12.52;;0.0;22.0;7.4;0.346;;20.0;
8484;2020-12-19 16:00:00;2.09;;;;40.0;59.31;11.67;736.5;0.0;22.0;7.3;0.257;;18.6;
8485;2020-12-19 17:00:00;2.0;;;;39.0;48.51;10.07;736.1;0.0;22.0;7.3;0.144;;14.8;
8486;2020-12-19 18:00:00;1.98;;;;30.0;58.93;12.26;736.0;0.0;24.0;7.1;0.033;;9.4;
8487;2020-12-19 19:00:00;2.19;;;;15.0;70.0;20.47;736.8;0.0;27.0;7.1;0.007;;7.6;
8488;2020-12-19 20:00:00;2.23;;;;14.0;55.31;17.17;737.2;0.0;28.0;7.0;0.007;;7.4;
8489;2020-12-19 21:00:00;2.27;;;;10.0;48.8;18.18;737.7;0.0;35.0;6.8;0.007;;7.7;
8490;2020-12-19 22:00:00;2.94;;;;4.0;106.01;53.85;738.3;0.0;43.0;6.9;0.007;;9.5;
8491;2020-12-19 23:00:00;2.91;;;;4.0;91.88;46.92;738.7;0.0;47.0;6.9;0.007;;9.0;
8492;2020-12-20 00:00:00;2.84;;;;4.0;86.02;41.1;739.3;0.0;50.0;6.8;0.007;;7.5;
8493;2020-12-20 01:00:00;2.76;;;;3.0;68.16;32.08;739.8;0.0;54.0;6.8;0.007;13.35;5.7;
8494;2020-12-20 02:00:00;2.56;;;;8.0;79.12;23.73;;0.0;55.0;6.6;0.007;12.98;5.6;
8495;2020-12-20 03:00:00;2.55;;;;5.0;58.32;20.13;739.8;0.0;57.0;6.6;0.007;12.24;4.4;
8496;2020-12-20 04:00:00;2.6;;;;5.0;45.43;21.35;;0.0;60.0;6.5;0.007;11.28;5.7;
8497;2020-12-20 05:00:00;2.48;;;;12.0;33.55;13.99;;0.0;58.0;6.4;0.007;11.17;7.0;
8498;2020-12-20 07:00:00;2.43;;;;13.0;29.67;10.71;;0.0;57.0;6.4;0.007;10.49;7.1;
8499;2020-12-20 08:00:00;2.58;;;;6.0;50.26;12.71;;0.0;54.0;6.2;0.015;10.62;6.5;
8500;2020-12-20 09:00:00;2.72;;;;8.0;45.14;12.79;;0.0;45.0;6.4;0.121;14.22;5.6;
8501;2020-12-20 10:00:00;2.6;;;;23.0;52.87;14.19;;0.0;32.0;6.7;0.237;18.45;6.0;
8502;2020-12-20 11:00:00;2.49;;;;37.0;51.21;14.05;;0.0;26.0;7.0;0.336;20.33;7.7;
8503;2020-12-20 12:00:00;2.4;;;;45.0;51.25;14.86;;0.0;26.0;6.9;0.38;21.41;9.7;
8504;2020-12-20 13:00:00;2.32;;;;52.0;58.97;15.45;;0.0;25.0;6.9;0.418;22.14;14.7;
8505;2020-12-20 14:00:00;2.23;;;;56.0;53.25;14.79;;0.0;24.0;;0.413;-5.8;14.2;
8506;2020-12-20 15:00:00;2.17;;;;61.0;55.0;15.07;;0.0;23.0;;0.346;24.47;14.7;
8507;2020-12-20 16:00:00;2.11;;;;61.0;45.63;13.78;;0.0;22.0;7.0;0.16;23.55;15.4;
8508;2020-12-20 17:00:00;2.13;;;;56.0;51.78;15.72;;0.0;22.0;7.0;0.148;;13.5;
8509;2020-12-20 18:00:00;2.16;;;;44.0;82.29;23.14;;0.0;26.0;6.9;0.036;;8.9;
8510;2020-12-20 19:00:00;2.3;;;;36.0;160.8;37.83;;0.0;30.0;7.0;0.007;;7.6;
8511;2020-12-20 20:00:00;2.22;;;;42.0;80.96;26.29;;0.0;32.0;7.5;0.007;;14.7;
8512;2020-12-20 21:00:00;2.25;;;;34.0;63.41;21.37;;0.0;35.0;6.9;0.007;;16.3;
8513;2020-12-20 22:00:00;2.31;;;;25.0;62.32;20.4;;0.0;39.0;6.8;0.007;;10.4;
8514;2020-12-20 23:00:00;2.44;;;;10.0;51.64;19.94;;0.0;45.0;6.6;0.007;;8.1;
8515;2020-12-21 00:00:00;2.54;;;;6.0;57.56;22.15;;0.0;49.0;6.7;0.007;;5.9;
8516;2020-12-21 01:00:00;2.54;;;;6.0;50.59;19.09;;0.0;54.0;6.5;0.007;14.34;7.0;
8517;2020-12-21 02:00:00;2.47;;;;12.0;50.09;17.55;;0.0;56.0;6.5;0.007;13.7;5.7;
8518;2020-12-21 03:00:00;2.44;;;;12.0;97.58;19.36;;0.0;63.0;6.4;0.007;12.39;6.0;
8519;2020-12-21 04:00:00;2.38;;;;16.0;48.08;15.03;;0.0;65.0;6.4;0.007;12.28;9.4;
8520;2020-12-21 05:00:00;2.33;;;;20.0;26.4;11.15;;0.0;64.0;6.3;0.007;12.41;6.1;
8521;2020-12-21 06:00:00;2.35;;;;16.0;32.55;13.28;;0.0;67.0;6.3;0.007;11.79;4.8;
8522;2020-12-21 07:00:00;2.47;;;;6.0;41.62;16.44;;0.0;68.0;6.4;0.007;11.47;5.8;
8523;2020-12-21 08:00:00;2.85;;;;3.0;73.33;24.3;;0.0;69.0;6.6;0.015;11.4;6.8;
8524;2020-12-21 09:00:00;2.96;;;;4.0;110.99;28.57;;0.0;57.0;6.7;0.07;14.4;6.0;
8525;2020-12-21 10:00:00;3.17;;;;5.0;130.27;34.55;;0.0;49.0;6.9;0.146;16.49;8.5;
8526;2020-12-21 11:00:00;3.39;;;;10.0;148.1;49.01;;0.0;40.0;7.9;0.305;19.75;8.5;
8527;2020-12-21 12:00:00;3.09;;;;22.0;141.53;47.86;;0.0;39.0;7.7;0.352;;8.1;
8528;2020-12-21 13:00:00;2.81;;;;34.0;101.91;36.69;;0.0;39.0;7.5;0.401;;13.5;
8529;2020-12-21 14:00:00;2.57;;;;43.0;96.88;26.9;;0.0;39.0;7.8;0.382;;20.4;
8530;2020-12-21 15:00:00;2.4;;;;50.0;105.44;25.91;;0.0;37.0;7.7;0.328;;23.2;
8531;2020-12-21 16:00:00;2.27;;;;47.0;73.44;21.81;;0.0;44.0;7.2;0.248;;22.1;
8532;2020-12-21 17:00:00;2.19;;;;41.0;57.99;21.67;;0.0;50.0;7.1;0.142;;20.9;
8533;2020-12-21 18:00:00;2.15;;;;33.0;46.93;18.46;;0.0;55.0;7.0;0.033;;15.7;
8534;2020-12-21 19:00:00;2.14;;;;32.0;43.72;15.47;;0.0;54.0;6.8;0.007;;13.8;
8535;2020-12-21 20:00:00;2.4;;;;21.0;54.12;19.86;;0.0;56.0;6.7;0.007;;9.6;
8536;2020-12-21 21:00:00;2.56;;;;9.0;67.72;24.55;;0.0;59.0;6.8;0.007;;9.3;
8537;2020-12-21 22:00:00;2.58;;;;12.0;94.86;29.35;;0.0;63.0;6.8;0.007;;16.7;
8538;2020-12-21 23:00:00;2.24;;;;34.0;62.44;11.01;;0.0;70.0;6.6;0.007;;26.5;
8539;2020-12-22 00:00:00;2.2;;;;32.0;28.58;9.59;;0.0;74.0;6.5;0.007;;15.7;
8540;2020-12-22 01:00:00;2.23;;;;29.0;44.13;14.2;;0.0;78.0;6.5;0.007;16.63;15.3;
8541;2020-12-22 02:00:00;2.2;;;;29.0;44.15;16.06;;0.0;80.0;;0.007;16.16;12.2;
8542;2020-12-22 03:00:00;2.22;;;;21.0;38.6;16.83;;0.0;83.0;;0.007;15.39;5.5;
8543;2020-12-22 04:00:00;2.29;;;;10.0;59.64;27.42;;0.0;85.0;;0.007;15.2;2.9;
8544;2020-12-22 05:00:00;2.29;;;;12.0;66.39;28.83;;0.0;83.0;6.6;0.007;15.67;2.9;
8545;2020-12-22 06:00:00;2.31;;;;10.0;55.67;27.46;;0.0;84.0;6.5;0.007;15.69;2.9;
8546;2020-12-22 07:00:00;2.32;;;;9.0;55.4;27.75;;0.0;83.0;6.5;0.007;15.82;;
8547;2020-12-22 08:00:00;2.38;;;;5.0;70.4;31.54;;0.0;83.0;;0.009;15.92;;
8548;2020-12-22 09:00:00;2.56;;;;3.0;81.4;33.5;;0.0;82.0;6.7;0.026;16.42;;
8549;2020-12-22 10:00:00;2.59;;;;5.0;82.91;36.76;;0.0;77.0;6.7;0.052;;;
8550;2020-12-22 11:00:00;2.62;;;;6.0;93.16;42.92;;0.0;74.0;;0.069;;;
8551;2020-12-22 12:00:00;2.65;;;;10.0;104.03;52.63;;0.0;69.0;6.8;0.143;;4.9;
8552;2020-12-22 13:00:00;2.74;;;;15.0;138.63;71.2;;0.0;65.0;6.9;0.257;;8.9;
8553;2020-12-22 14:00:00;2.69;;;;20.0;133.87;66.25;;0.0;64.0;7.0;0.368;;14.4;
8554;2020-12-22 15:00:00;2.56;;;;30.0;125.65;62.58;;0.0;62.0;6.9;0.308;;14.2;
8555;2020-12-22 16:00:00;2.41;;;;40.0;93.52;48.41;;0.0;59.0;7.0;0.21;;14.6;
8556;2020-12-22 17:00:00;2.32;;;;41.0;76.47;39.0;;0.0;61.0;6.8;0.087;;15.4;
8557;2020-12-22 18:00:00;2.33;;;;33.0;74.16;34.67;;0.0;63.0;6.7;0.029;;11.9;
8558;2020-12-22 19:00:00;2.51;;;;13.0;103.44;41.6;;0.0;70.0;6.7;0.007;;5.2;
8559;2020-12-22 20:00:00;2.95;;;;3.0;86.56;42.91;;0.0;73.0;;0.007;;4.1;
8560;2020-12-22 21:00:00;2.83;;;;5.0;77.77;41.89;;0.0;76.0;;0.007;;7.6;
8561;2020-12-22 22:00:00;2.79;;;;5.0;124.69;46.71;;0.0;76.0;;0.007;;7.5;
8562;2020-12-22 23:00:00;2.71;;;;3.0;64.95;39.99;;0.0;78.0;6.6;0.007;-9.04;6.3;
8563;2020-12-23 00:00:00;2.87;;;;2.0;70.76;42.53;;0.0;84.0;6.7;0.007;15.49;3.8;
8564;2020-12-23 01:00:00;2.95;;;;2.0;74.37;44.78;;0.0;87.0;6.8;0.007;14.77;5.3;
8565;2020-12-23 02:00:00;2.85;;;;2.0;67.22;40.28;;0.0;89.0;6.7;0.007;14.09;4.5;
8566;2020-12-23 03:00:00;2.72;;;;3.0;63.9;34.74;;0.0;90.0;6.5;0.007;;4.4;
8567;2020-12-23 04:00:00;2.6;;;;5.0;65.84;35.85;;0.0;88.0;6.5;0.007;;6.9;
8568;2020-12-23 05:00:00;2.63;;;;3.0;67.72;41.31;;0.0;86.0;6.4;0.007;;8.2;
8569;2020-12-23 06:00:00;2.68;;;;3.0;73.52;45.72;;0.0;86.0;6.5;0.007;;7.0;
8570;2020-12-23 07:00:00;2.74;;;;2.0;65.04;39.44;;0.0;85.0;6.6;0.007;;9.8;
8571;2020-12-23 08:00:00;2.92;;;;3.0;93.37;50.6;;0.0;81.0;6.8;0.014;;12.8;
8572;2020-12-23 09:00:00;3.04;;;;4.0;96.23;47.28;;0.0;66.0;6.9;0.114;;13.7;
8573;2020-12-23 10:00:00;3.11;;;;6.0;131.56;49.38;;0.0;48.0;7.1;0.231;;11.5;
8574;2020-12-23 11:00:00;2.9;;;;11.0;141.19;49.69;;0.0;34.0;7.5;0.331;;11.5;
8575;2020-12-23 12:00:00;2.72;;;;30.0;95.08;29.37;;0.0;23.0;7.5;0.4;;9.7;
8576;2020-12-23 13:00:00;2.69;;;;38.0;135.16;38.3;;0.0;21.0;7.4;0.423;;9.4;
8577;2020-12-23 14:00:00;2.35;;;;38.0;92.12;12.64;;0.0;8.0;7.4;0.418;;18.3;
8578;2020-12-23 15:00:00;2.13;;;;39.0;40.24;7.55;732.8;0.0;7.0;7.5;0.366;;15.2;
8579;2020-12-23 16:00:00;1.97;;;;41.0;71.43;11.4;729.3;0.0;8.0;6.8;0.26;;13.8;
8580;2020-12-23 17:00:00;1.9;;;;33.0;97.84;16.11;729.3;0.0;11.0;6.0;0.138;;11.5;
8581;2020-12-23 18:00:00;1.87;;;;40.0;112.65;25.5;729.1;0.0;36.0;6.0;0.035;;20.3;
8582;2020-12-23 19:00:00;1.82;;;;37.0;95.43;21.25;729.7;0.0;40.0;5.9;0.007;;23.8;
8583;2020-12-23 20:00:00;1.85;;;;36.0;51.58;17.05;730.5;0.0;39.0;6.5;0.007;;20.5;
8584;2020-12-23 21:00:00;1.94;;;;32.0;54.45;19.46;731.1;0.0;43.0;7.1;0.007;;15.7;
8585;2020-12-23 22:00:00;2.07;;;;25.0;71.65;24.55;731.6;0.0;48.0;7.1;0.007;;10.9;
8586;2020-12-23 23:00:00;2.15;;;;16.0;69.66;26.8;732.4;0.0;52.0;7.0;0.007;;6.6;
8587;2020-12-24 00:00:00;2.26;;;;9.0;74.0;27.18;733.0;0.0;49.0;6.8;0.007;;7.4;
8588;2020-12-24 01:00:00;2.17;;;;16.0;60.04;20.25;733.5;0.0;46.0;6.8;0.007;;6.9;
8589;2020-12-24 02:00:00;2.16;;;;22.0;42.42;16.43;736.8;0.0;42.0;6.7;0.007;;6.4;
8590;2020-12-24 03:00:00;2.12;;;;27.0;409.09;44.19;;0.0;44.0;6.5;0.007;;20.2;
8591;2020-12-24 04:00:00;2.04;;;;28.0;564.33;54.99;737.7;0.0;34.0;6.8;0.007;;16.1;
8592;2020-12-24 05:00:00;2.05;;;;30.0;706.55;64.01;;0.0;27.0;6.7;0.007;;24.5;
8593;2020-12-24 06:00:00;2.08;;;;30.0;320.76;30.47;;0.0;24.0;6.8;0.007;;31.0;
8594;2020-12-24 07:00:00;2.11;;;;29.0;177.29;20.37;;0.0;22.0;6.3;0.007;;23.5;
8595;2020-12-24 08:00:00;2.16;;;;27.0;141.83;19.26;;0.0;22.0;6.3;0.013;;18.8;
8596;2020-12-24 09:00:00;2.23;;;;24.0;168.34;22.19;;0.0;23.0;6.2;0.082;;12.5;
8597;2020-12-24 10:00:00;2.27;;;;24.0;152.15;22.41;;0.0;21.0;6.2;0.197;;11.2;
8598;2020-12-24 11:00:00;2.24;;;;29.0;135.44;18.53;;0.0;19.0;6.4;0.316;;14.1;
8599;2020-12-24 12:00:00;2.21;;;;32.0;123.44;16.2;;0.0;18.0;6.6;0.381;;9.9;
8600;2020-12-24 13:00:00;2.17;;;;34.0;104.35;14.34;;0.0;17.0;6.5;0.429;;10.0;
8601;2020-12-24 14:00:00;2.16;;;;34.0;103.93;14.49;;0.0;16.0;6.5;0.403;;12.9;
8602;2020-12-24 15:00:00;2.14;;;;35.0;100.12;14.85;;0.0;16.0;6.6;0.358;;11.2;
8603;2020-12-24 16:00:00;2.13;;;;35.0;92.79;13.99;;0.0;16.0;6.6;0.254;;10.6;
8604;2020-12-24 17:00:00;2.13;;;;34.0;96.86;14.22;;0.0;16.0;;0.12;-8.93;8.8;
8605;2020-12-24 18:00:00;2.16;;;;26.0;135.17;17.43;;0.0;19.0;;0.028;14.07;7.0;
8606;2020-12-24 19:00:00;2.33;;;;18.0;161.66;23.9;;0.0;19.0;6.7;0.007;13.04;9.8;
8607;2020-12-24 20:00:00;2.42;;;;20.0;97.17;34.34;;0.0;21.0;6.5;0.007;-3.93;8.8;
8608;2020-12-24 21:00:00;2.49;;;;19.0;104.74;38.85;;0.0;24.0;6.5;0.007;;8.9;
8609;2020-12-24 22:00:00;2.65;;;;7.0;118.92;44.41;;0.0;30.0;6.4;0.007;;5.9;
8610;2020-12-24 23:00:00;2.86;;;;3.0;115.48;54.6;;0.0;39.0;6.5;0.007;;3.7;
8611;2020-12-25 00:00:00;2.98;;;;3.0;144.97;58.27;;0.0;37.0;6.5;0.007;;6.9;
8612;2020-12-25 01:00:00;2.85;;;;4.0;90.75;43.04;;0.0;41.0;6.4;0.007;;3.9;
8613;2020-12-25 02:00:00;2.89;;;;4.0;82.51;41.95;;0.0;43.0;6.3;0.007;;4.9;
8614;2020-12-25 03:00:00;2.86;;;;3.0;61.02;28.8;;0.0;46.0;6.4;0.007;;2.9;
8615;2020-12-25 04:00:00;2.84;;;;5.0;72.83;29.18;;0.0;50.0;6.3;0.007;;5.5;
8616;2020-12-25 05:00:00;2.8;;;;11.0;69.12;30.56;;0.0;48.0;6.2;0.007;;9.2;
8617;2020-12-25 06:00:00;2.75;;;;15.0;59.63;23.51;;0.0;43.0;6.3;0.007;;7.0;
8618;2020-12-25 07:00:00;2.79;;;;10.0;56.56;25.5;;0.0;51.0;6.3;0.007;;8.4;
8619;2020-12-25 08:00:00;2.93;;;;5.0;96.48;34.27;;0.0;44.0;;0.015;;8.5;
8620;2020-12-25 09:00:00;2.94;;;;10.0;90.25;29.54;;0.0;40.0;6.5;0.101;;10.4;
8621;2020-12-25 10:00:00;2.95;;;;15.0;84.02;31.12;;0.0;30.0;6.6;0.229;;10.1;
8622;2020-12-25 11:00:00;3.2;;;;11.0;141.25;59.46;;0.0;23.0;8.0;0.325;;8.4;
8623;2020-12-25 12:00:00;2.9;;;;31.0;95.7;34.26;;0.0;16.0;7.4;0.394;;17.4;
8624;2020-12-25 13:00:00;2.73;;;;39.0;94.81;32.26;;0.0;15.0;8.2;0.429;;17.6;
8625;2020-12-25 14:00:00;2.52;;;;44.0;63.75;15.5;;0.0;13.0;7.2;0.353;;17.5;
8626;2020-12-25 15:00:00;2.43;;;;46.0;49.16;13.09;;0.0;12.0;7.2;0.284;;16.9;
8627;2020-12-25 16:00:00;2.39;;;;47.0;57.76;16.76;;0.0;12.0;7.4;0.242;;15.4;
8628;2020-12-25 17:00:00;2.38;;;;47.0;78.83;23.68;;0.0;14.0;7.9;0.161;18.62;18.5;
8629;2020-12-25 18:00:00;2.37;;;;44.0;82.0;23.93;;0.0;15.0;7.7;0.039;16.91;14.8;
8630;2020-12-25 19:00:00;2.39;;;;40.0;86.34;23.61;;0.0;15.0;6.9;0.007;15.69;13.2;
8631;2020-12-25 20:00:00;2.38;;;;37.0;53.67;17.47;;0.0;13.0;6.6;0.007;15.57;15.9;
8632;2020-12-25 21:00:00;2.35;;;;38.0;47.5;8.75;;0.0;11.0;6.5;0.007;15.38;17.9;
8633;2020-12-25 22:00:00;2.38;;;;34.0;38.67;8.71;;0.0;13.0;6.5;0.007;14.77;15.9;
8634;2020-12-25 23:00:00;2.41;;;;29.0;48.15;11.3;;0.0;17.0;;0.007;13.69;11.1;
8635;2020-12-26 00:00:00;2.62;;;;12.0;58.06;21.48;;0.0;23.0;6.4;0.007;11.2;5.0;
8636;2020-12-26 01:00:00;2.68;;;;9.0;71.47;26.12;;0.0;24.0;6.4;0.007;10.12;7.3;
8637;2020-12-26 02:00:00;2.77;;;;7.0;110.98;34.06;;0.0;31.0;6.5;0.007;7.94;5.2;
8638;2020-12-26 03:00:00;2.85;;;;4.0;79.36;30.34;;0.0;37.0;6.5;0.007;6.96;4.1;
8639;2020-12-26 04:00:00;2.88;;;;3.0;78.29;29.18;;0.0;37.0;;0.007;6.9;6.2;
8640;2020-12-26 05:00:00;2.91;;;;3.0;99.48;30.31;;0.0;40.0;6.6;0.007;6.46;6.1;
8641;2020-12-26 06:00:00;2.9;;;;4.0;65.48;26.21;;0.0;39.0;6.7;0.007;6.96;9.3;
8642;2020-12-26 07:00:00;2.84;;;;5.0;62.27;22.11;;0.0;38.0;6.8;0.007;7.36;8.2;
8643;2020-12-26 08:00:00;2.94;;;;4.0;75.29;22.6;;0.0;38.0;6.7;0.014;7.49;7.8;
8644;2020-12-26 09:00:00;3.1;;;;6.0;103.01;26.38;;0.0;32.0;7.0;0.109;10.7;8.3;
8645;2020-12-26 10:00:00;3.09;;;;11.0;88.25;27.92;;0.0;23.0;7.3;0.226;14.51;8.1;
8646;2020-12-26 11:00:00;2.97;;;;24.0;87.48;25.77;;0.0;22.0;7.2;0.327;15.35;9.4;
8647;2020-12-26 12:00:00;2.91;;;;27.0;84.67;27.17;;0.0;19.0;7.1;0.397;16.43;9.9;
8648;2020-12-26 13:00:00;2.85;;;;34.0;82.17;28.43;;0.0;19.0;7.0;0.424;18.07;10.8;
8649;2020-12-26 14:00:00;2.85;;;;38.0;104.8;37.69;;0.0;20.0;7.0;0.41;;11.4;
8650;2020-12-26 15:00:00;2.86;;;;44.0;106.3;38.42;;0.0;21.0;6.8;0.354;-8.61;14.0;
8651;2020-12-26 16:00:00;2.76;;;;47.0;89.05;27.95;;0.0;21.0;7.0;0.262;20.94;16.0;
8652;2020-12-26 17:00:00;2.69;;;;49.0;84.33;26.03;;0.0;21.0;7.0;0.152;;15.3;
8653;2020-12-26 18:00:00;2.81;;;;44.0;81.94;26.87;;0.0;23.0;6.7;0.037;19.02;11.8;
8654;2020-12-26 19:00:00;2.94;;;;19.0;125.78;31.57;;0.0;30.0;6.6;0.007;16.07;5.8;
8655;2020-12-26 20:00:00;3.01;;;;7.0;183.98;39.3;;0.0;36.0;6.6;0.007;13.84;6.4;
8656;2020-12-26 21:00:00;3.28;;;;3.0;95.48;44.68;;0.0;40.0;;0.007;12.87;6.5;
8657;2020-12-26 22:00:00;3.64;;;;3.0;113.07;58.2;;0.0;45.0;;0.007;;5.4;
8658;2020-12-26 23:00:00;3.31;;;;7.0;102.44;44.79;;0.0;43.0;6.5;0.007;;10.8;
8659;2020-12-27 00:00:00;3.17;;;;7.0;74.98;36.99;;0.0;49.0;6.6;0.007;;8.6;
8660;2020-12-27 01:00:00;3.39;;;;4.0;108.26;51.34;;0.0;52.0;6.5;0.007;;6.4;
8661;2020-12-27 02:00:00;3.21;;;;8.0;83.52;42.64;;0.0;57.0;6.4;0.007;;5.0;
8662;2020-12-27 03:00:00;3.25;;;;5.0;95.28;47.79;;0.0;58.0;6.5;0.007;;7.6;
8663;2020-12-27 04:00:00;3.21;;;;4.0;104.66;50.74;;0.0;53.0;6.5;0.007;;8.3;
8664;2020-12-27 05:00:00;3.16;;;;6.0;89.18;43.63;;0.0;50.0;6.6;0.007;;10.9;
8665;2020-12-27 06:00:00;3.06;;;;11.0;85.83;40.07;;0.0;44.0;6.7;0.007;;11.3;
8666;2020-12-27 07:00:00;2.97;;;;12.0;69.93;31.03;;0.0;46.0;6.6;0.007;;12.2;
8667;2020-12-27 08:00:00;2.96;;;;9.0;80.36;36.42;;0.0;48.0;6.5;0.013;;10.9;
8668;2020-12-27 09:00:00;3.02;;;;9.0;79.32;29.41;;0.0;46.0;6.5;0.119;;11.3;
8669;2020-12-27 10:00:00;3.05;;;;14.0;77.76;29.93;;0.0;37.0;6.6;0.24;;12.3;
8670;2020-12-27 11:00:00;2.98;;;;23.0;72.9;28.69;;0.0;27.0;6.6;0.34;;8.7;
8671;2020-12-27 12:00:00;3.06;;;;38.0;132.33;55.68;;0.0;27.0;6.8;0.408;;9.1;
8672;2020-12-27 13:00:00;2.86;;;;51.0;104.78;40.09;;0.0;23.0;6.8;0.441;;11.5;
8673;2020-12-27 14:00:00;2.74;;;;59.0;88.89;33.0;;0.0;21.0;7.1;0.427;;15.1;
8674;2020-12-27 15:00:00;2.59;;;;63.0;94.24;28.25;;0.0;20.0;7.2;0.373;27.38;18.0;
8675;2020-12-27 16:00:00;2.45;;;;58.0;70.29;21.84;737.8;0.0;18.0;7.2;0.278;27.82;17.8;
8676;2020-12-27 17:00:00;2.37;;;;58.0;76.01;23.37;736.5;0.0;19.0;7.3;0.16;27.27;16.5;
8677;2020-12-27 18:00:00;2.34;;;;48.0;92.56;26.44;739.2;0.0;22.0;7.2;0.039;24.14;11.2;
8678;2020-12-27 19:00:00;2.76;;;;11.0;115.07;36.79;;0.0;29.0;7.2;0.007;;8.5;
8679;2020-12-27 20:00:00;2.78;;;;15.0;88.55;36.78;;0.0;29.0;7.0;0.007;;9.5;
8680;2020-12-27 21:00:00;2.74;;;;13.0;80.37;34.06;;0.0;32.0;6.8;0.007;;6.8;
8681;2020-12-27 22:00:00;2.87;;;;5.0;73.89;36.39;;0.0;39.0;6.9;0.007;;6.1;
8682;2020-12-27 23:00:00;3.07;;;;3.0;95.0;41.73;;0.0;47.0;6.8;0.007;;7.1;
8683;2020-12-28 00:00:00;2.97;;;;4.0;69.23;28.66;;0.0;51.0;6.8;0.007;;7.9;
8684;2020-12-28 01:00:00;2.87;;;;6.0;83.0;28.79;;0.0;52.0;;0.007;;6.6;
8685;2020-12-28 02:00:00;2.96;;;;3.0;62.32;27.84;;0.0;60.0;6.7;0.007;;6.3;
8686;2020-12-28 03:00:00;2.81;;;;3.0;67.86;23.81;;0.0;61.0;6.6;0.007;;4.4;
8687;2020-12-28 04:00:00;2.76;;;;3.0;55.38;21.3;;0.0;64.0;6.4;0.007;;7.1;
8688;2020-12-28 05:00:00;2.85;;;;;59.44;26.13;;0.0;65.0;6.6;0.007;;7.2;
8689;2020-12-28 06:00:00;2.93;;;;;66.75;31.82;;0.0;67.0;6.5;0.007;;7.2;
8690;2020-12-28 07:00:00;3.01;;;;;66.51;31.78;;0.0;71.0;6.5;0.007;;6.4;
8691;2020-12-28 08:00:00;3.19;;;;;91.28;34.93;;0.0;71.0;6.8;0.013;;5.2;
8692;2020-12-28 09:00:00;3.67;;;;;120.09;39.46;;0.0;59.0;6.9;0.111;;6.2;
8693;2020-12-28 10:00:00;3.52;;;;5.0;141.15;50.94;;0.0;53.0;7.6;0.227;;10.1;
8694;2020-12-28 11:00:00;3.29;;;;8.0;128.04;53.6;;0.0;50.0;8.1;0.328;;9.0;
8695;2020-12-28 12:00:00;3.24;;;;17.0;129.7;57.57;;0.0;48.0;8.6;0.394;;10.5;
8696;2020-12-28 13:00:00;3.08;;;;33.0;123.84;54.69;;0.0;47.0;8.0;0.416;;17.3;
8697;2020-12-28 14:00:00;2.79;;;;49.0;114.62;33.86;;0.0;41.0;8.6;0.406;;22.7;
8698;2020-12-28 15:00:00;;;;;;;;;;;;0.0;;;
8699;2020-12-28 16:00:00;2.53;;;;42.0;65.36;20.52;736.3;0.0;33.0;7.1;0.268;26.46;21.2;
8700;2020-12-28 17:00:00;2.44;;;;37.0;58.25;19.83;734.9;0.0;34.0;7.1;0.156;26.12;20.0;
8701;2020-12-28 18:00:00;2.37;;;;36.0;53.21;19.86;735.4;0.0;38.0;7.2;0.039;24.87;16.1;
8702;2020-12-28 19:00:00;2.37;;;;36.0;58.0;19.54;735.9;0.0;43.0;7.1;0.007;23.82;17.9;
8703;2020-12-28 20:00:00;2.32;;;;40.0;71.42;18.43;736.0;0.0;40.0;6.9;0.007;24.2;26.2;
8704;2020-12-28 21:00:00;2.31;;;;42.0;83.53;20.62;735.9;0.0;39.0;6.8;0.007;24.02;30.4;
8705;2020-12-28 22:00:00;2.28;;;;41.0;127.65;22.77;735.8;0.0;40.0;6.7;0.007;23.57;36.2;
8706;2020-12-28 23:00:00;2.27;;;;39.0;75.05;20.84;735.9;0.0;45.0;6.8;0.007;22.1;27.0;
8707;2020-12-29 00:00:00;2.29;;;;36.0;76.15;25.72;736.1;0.0;55.0;6.7;0.007;20.05;25.2;352.0
8708;2020-12-29 01:00:00;2.33;;;;28.0;78.45;37.34;736.3;0.0;64.0;6.8;0.007;-2.75;16.7;352.0
8709;2020-12-29 02:00:00;2.33;;;;26.0;98.22;49.86;736.4;0.0;72.0;6.8;0.007;;13.2;352.0
8710;2020-12-29 03:00:00;2.38;;;;24.0;;;736.5;0.0;78.0;6.6;0.007;;14.5;
8711;2020-12-29 04:00:00;2.38;;;;19.0;70.29;36.67;738.1;0.0;82.0;6.6;0.007;;7.2;
8712;2020-12-29 05:00:00;2.43;;;;12.0;85.16;43.6;;0.0;83.0;6.5;0.007;;5.5;
8713;2020-12-29 06:00:00;2.47;;;;6.0;84.21;50.58;;0.0;83.0;6.5;0.007;;4.1;
8714;2020-12-29 07:00:00;2.5;;;;6.0;81.37;51.85;;0.0;82.0;;0.007;;6.9;
8715;2020-12-29 08:00:00;2.61;;;;2.0;88.87;51.12;;0.0;81.0;6.6;0.012;;6.7;
8716;2020-12-29 09:00:00;2.68;;;;3.0;108.28;51.98;;0.0;80.0;6.8;0.039;;6.6;
8717;2020-12-29 10:00:00;2.7;;;;11.0;95.36;48.79;;0.0;77.0;6.6;0.092;;5.6;
8718;2020-12-29 11:00:00;2.59;;;;24.0;72.88;42.19;;0.0;72.0;6.5;0.136;;5.0;
8719;2020-12-29 12:00:00;2.59;;;;27.0;80.39;46.88;;0.0;64.0;6.6;0.275;;9.4;
8720;2020-12-29 13:00:00;2.49;;;;38.0;70.57;40.66;;0.0;57.0;6.6;0.408;;13.3;
8721;2020-12-29 14:00:00;2.45;;;;45.0;;;;0.0;51.0;6.8;0.398;;10.4;
8722;2020-12-29 15:00:00;2.41;;;;48.0;;;;0.0;47.0;6.8;0.339;24.06;18.3;
8723;2020-12-29 16:00:00;2.37;;;;47.0;;;;0.0;44.0;;0.232;24.59;17.3;
8724;2020-12-29 17:00:00;2.32;;;;47.0;;;;0.0;42.0;;0.152;25.23;11.5;
8725;2020-12-29 18:00:00;2.35;;;;36.0;;;;0.0;45.0;6.9;0.034;;8.1;
8726;2020-12-29 19:00:00;2.42;;;;29.0;79.11;40.94;;0.0;45.0;6.8;0.007;23.02;13.2;
8727;2020-12-29 20:00:00;2.7;;;;11.0;73.22;34.51;;0.0;50.0;6.8;0.007;21.76;11.1;
8728;2020-12-29 21:00:00;2.76;;;;10.0;78.48;39.14;;0.0;52.0;6.7;0.007;20.62;10.3;
8729;2020-12-29 22:00:00;2.56;;;;18.0;83.31;42.58;;0.0;50.0;6.6;0.007;20.31;9.4;
8730;2020-12-29 23:00:00;2.72;;;;7.0;100.31;53.7;;0.0;60.0;6.6;0.007;;4.4;
8731;2020-12-30 00:00:00;2.85;;;;9.0;84.13;48.33;;0.0;61.0;;0.007;;7.5;
8732;2020-12-30 01:00:00;2.94;;;;3.0;131.87;57.12;;0.0;70.0;;0.007;;5.9;
8733;2020-12-30 02:00:00;2.84;;;;5.0;98.61;52.73;;0.0;71.0;6.5;0.007;;4.8;
8734;2020-12-30 03:00:00;2.75;;;;5.0;87.71;45.18;;0.0;77.0;6.5;0.007;;4.7;
8735;2020-12-30 04:00:00;2.78;;;;3.0;79.79;44.85;;0.0;80.0;6.6;0.007;;4.1;
8736;2020-12-30 05:00:00;2.8;;;;3.0;;;739.3;0.0;84.0;6.6;0.007;;6.5;
8737;2020-12-30 06:00:00;2.83;;;;3.0;73.89;40.32;738.2;0.0;86.0;6.5;0.007;;6.2;
8738;2020-12-30 07:00:00;2.84;;;;2.0;81.35;45.75;738.3;0.0;82.0;6.5;0.007;;9.4;351.0
8739;2020-12-30 08:00:00;3.01;;;;3.0;126.23;57.84;738.4;0.0;81.0;6.6;0.014;;9.5;352.0
8740;2020-12-30 09:00:00;3.02;;;;4.0;109.41;55.69;739.0;0.0;74.0;6.8;0.092;;9.9;351.0
8741;2020-12-30 10:00:00;3.06;;;;8.0;147.76;76.96;739.3;0.0;70.0;7.2;0.202;;11.1;351.0
8742;2020-12-30 11:00:00;3.27;;;;9.0;138.86;73.34;739.4;0.0;61.0;7.9;0.31;;9.7;352.0
8743;2020-12-30 12:00:00;3.2;;;;21.0;122.8;65.68;739.1;0.0;59.0;8.0;0.376;;11.2;352.0
8744;2020-12-30 13:00:00;2.83;;;;37.0;117.33;56.77;738.5;0.0;53.0;7.5;0.413;;12.1;352.0
8745;2020-12-30 14:00:00;2.7;;;;49.0;;;;0.0;48.0;7.4;0.398;;13.3;
8746;2020-12-30 15:00:00;2.59;;;;56.0;;;;0.0;44.0;7.2;0.332;3.94;12.1;
8747;2020-12-30 16:00:00;2.54;;;;58.0;;;;0.0;44.0;7.8;0.235;25.06;15.8;
8748;2020-12-30 17:00:00;2.45;;;;55.0;;;;0.0;45.0;8.2;0.121;13.81;15.8;
8749;2020-12-30 18:00:00;2.58;;;;37.0;97.32;44.43;;0.0;49.0;8.0;0.027;-8.99;6.1;
8750;2020-12-30 19:00:00;2.52;;;;23.0;104.53;49.53;;0.0;52.0;7.2;0.007;;18.0;
8751;2020-12-30 20:00:00;2.44;;;;20.0;103.49;48.44;;0.0;61.0;7.1;0.007;;10.4;
8752;2020-12-30 21:00:00;2.41;;;;19.0;90.52;34.88;;0.0;63.0;6.9;0.007;;7.0;
8753;2020-12-30 22:00:00;2.43;;;;19.0;62.7;31.65;;0.0;65.0;6.8;0.007;;13.9;
8754;2020-12-30 23:00:00;2.37;;;;16.0;77.57;30.11;;0.0;67.0;6.8;0.007;;14.2;
8755;2020-12-31 00:00:00;2.34;;;;17.0;77.83;14.41;;0.0;69.0;6.6;0.007;;11.0;
8756;2020-12-31 01:00:00;2.35;;;;18.0;47.1;11.43;;0.0;70.0;6.4;0.007;;11.6;
8757;2020-12-31 02:00:00;2.38;;;;20.0;;;;0.0;73.0;6.2;0.007;;15.7;
8758;2020-12-31 03:00:00;2.39;;;;18.0;;;;0.0;82.0;6.3;0.007;10.05;9.2;
8759;2020-12-31 04:00:00;2.43;;;;15.0;;;;0.06;86.0;6.2;0.007;9.21;10.5;
8760;2020-12-31 05:00:00;2.46;;;;15.0;15.27;4.22;;0.08;88.0;6.2;0.007;8.78;8.6;
8761;2020-12-31 06:00:00;2.5;;;;25.0;14.28;4.39;;0.04;79.0;6.3;0.007;10.4;24.8;351.0
8762;2020-12-31 07:00:00;2.54;;;;19.0;19.21;6.01;;0.05;80.0;6.2;0.008;10.03;14.9;351.0
8763;2020-12-31 08:00:00;2.6;;;;14.0;14.59;4.16;;0.0;77.0;6.2;0.012;10.14;9.5;350.0
8764;2020-12-31 09:00:00;2.8;;;;9.0;25.33;8.48;;0.0;74.0;6.3;0.068;11.07;11.7;350.0
8765;2020-12-31 10:00:00;2.72;;;;19.0;31.68;7.48;;0.0;51.0;6.2;0.23;14.57;23.7;350.0
8766;2020-12-31 11:00:00;2.63;;;;26.0;39.4;7.1;;0.0;42.0;6.3;0.331;-7.11;28.3;352.0
8767;2020-12-31 12:00:00;2.56;;;;27.0;68.62;9.74;;0.0;41.0;6.3;0.302;;30.0;352.0
8768;2020-12-31 13:00:00;2.54;;;;27.0;83.94;12.18;;0.0;39.0;6.4;0.318;;29.6;352.0
8769;2020-12-31 14:00:00;2.5;;;;29.0;49.56;8.35;;0.0;30.0;6.7;0.416;;24.4;
8770;2020-12-31 15:00:00;2.45;;;;34.0;71.41;10.13;;0.0;27.0;6.5;0.376;;30.6;
8771;2020-12-31 16:00:00;2.42;;;;32.0;59.34;15.61;;0.0;29.0;6.7;0.278;18.64;30.8;
8772;2020-12-31 17:00:00;2.4;;;;30.0;;;;0.0;31.0;6.7;0.166;;31.3;
8773;2020-12-31 18:00:00;2.43;;;;21.0;;;;0.0;33.0;7.0;0.045;-1.55;26.9;
8774;2020-12-31 19:00:00;2.44;;;;21.0;;;;0.0;35.0;7.0;0.007;;17.6;
8775;2020-12-31 20:00:00;2.58;;;;17.0;;;;0.0;39.0;6.6;0.007;;7.4;351.0
8776;2020-12-31 21:00:00;2.9;;;;10.0;137.21;83.22;;0.0;48.0;6.5;0.007;;6.1;351.0
8777;2020-12-31 22:00:00;3.19;;;;7.0;167.26;118.08;;0.0;65.0;6.6;0.007;;9.1;
8778;2020-12-31 23:00:00;2.89;;;;14.0;96.57;67.32;;0.0;72.0;6.4;0.007;;14.7;
