;Fecha y hora;CO;NO;NO2;NOX;O3;PM10;PM2.5;PRS;RAINF;RH;SO2;SR;TOUT;WSR;WDR
0;2024-01-01 00:00:00;;;;;;;;;;;;;;;
1;2024-01-01 01:00:00;2.53;5.7;35.3;41.0;14.0;119.0;;713.5;0.0;44.0;3.8;0.001;15.34;0.9;232.0
2;2024-01-01 02:00:00;2.16;4.0;24.9;28.9;19.0;118.0;96.0;713.5;0.0;41.0;4.0;0.001;15.25;1.6;284.0
3;2024-01-01 03:00:00;1.92;3.5;21.0;24.5;20.0;97.0;71.0;713.7;0.0;39.0;3.9;0.001;15.21;4.1;212.0
4;2024-01-01 04:00:00;1.74;3.5;17.5;21.0;25.0;77.0;41.0;713.7;0.0;35.0;3.9;0.001;15.91;6.6;221.0
5;2024-01-01 05:00:00;1.63;3.4;15.6;19.0;25.0;58.0;24.0;713.6;0.0;34.0;3.8;0.001;15.72;2.8;240.0
6;2024-01-01 06:00:00;1.55;3.3;11.6;14.9;29.0;45.0;18.0;713.8;0.0;33.0;3.3;0.001;15.83;5.8;218.0
7;2024-01-01 07:00:00;1.48;3.3;10.6;13.9;31.0;38.0;13.0;714.1;0.0;31.0;3.2;0.001;16.09;4.0;219.0
8;2024-01-01 08:00:00;1.55;4.1;16.9;21.0;20.0;32.0;14.0;714.7;0.0;38.0;3.1;0.007;13.96;1.2;236.0
9;2024-01-01 09:00:00;1.66;8.1;19.2;27.3;15.0;36.0;15.0;715.5;0.0;38.0;3.3;0.065;14.61;0.8;215.0
10;2024-01-01 10:00:00;1.81;12.8;21.7;34.5;19.0;40.0;20.0;715.9;0.0;38.0;4.5;0.147;17.57;0.6;179.0
11;2024-01-01 11:00:00;1.8;7.7;19.7;27.3;36.0;51.0;25.0;716.4;0.0;33.0;7.5;0.276;19.51;7.7;104.0
12;2024-01-01 12:00:00;1.73;6.3;17.1;23.5;45.0;51.0;25.0;716.5;0.0;29.0;7.4;0.344;20.46;7.3;97.0
13;2024-01-01 13:00:00;1.72;5.6;11.8;17.4;50.0;53.0;16.0;716.0;0.0;33.0;6.8;0.46;20.78;8.4;43.0
14;2024-01-01 14:00:00;1.61;4.1;8.8;12.9;52.0;47.0;13.0;715.3;0.0;36.0;5.3;0.362;21.34;5.3;32.0
15;2024-01-01 15:00:00;1.57;4.3;8.7;13.1;49.0;44.0;11.0;714.8;0.0;39.0;5.4;0.431;21.66;7.9;55.0
16;2024-01-01 16:00:00;1.56;3.9;9.1;13.0;49.0;39.0;12.0;714.6;0.0;41.0;5.6;0.264;21.66;8.1;61.0
17;2024-01-01 17:00:00;1.61;3.1;7.7;10.9;44.0;37.0;11.0;714.9;0.0;46.0;4.3;0.112;20.94;8.0;17.0
18;2024-01-01 18:00:00;1.67;3.1;13.4;16.5;36.0;35.0;14.0;715.0;0.0;53.0;4.1;0.025;19.91;8.9;23.0
19;2024-01-01 19:00:00;1.7;3.3;13.3;16.6;32.0;50.0;16.0;715.4;0.0;60.0;3.8;0.002;18.25;10.2;9.0
20;2024-01-01 20:00:00;1.65;2.9;8.7;11.6;37.0;49.0;15.0;715.6;0.0;62.0;3.9;0.001;18.04;8.2;78.0
21;2024-01-01 21:00:00;1.63;2.8;7.7;10.5;38.0;38.0;14.0;715.7;0.0;63.0;4.5;0.001;17.86;7.9;94.0
22;2024-01-01 22:00:00;1.62;2.7;6.4;9.0;38.0;33.0;13.0;715.7;0.0;66.0;4.1;0.001;17.26;8.1;96.0
23;2024-01-01 23:00:00;1.61;2.7;6.7;9.3;38.0;32.0;14.0;715.5;0.0;66.0;3.7;0.001;16.9;7.3;90.0
24;2024-01-02 00:00:00;1.58;2.6;5.6;8.2;41.0;35.0;16.0;715.0;0.0;67.0;3.6;0.001;16.24;7.3;100.0
25;2024-01-02 01:00:00;1.57;2.6;5.0;7.6;41.0;37.0;15.0;715.0;0.0;70.0;3.4;0.001;15.73;5.9;98.0
26;2024-01-02 02:00:00;1.58;2.6;4.3;6.8;35.0;33.0;16.0;715.2;0.0;78.0;3.3;0.001;15.12;7.2;70.0
27;2024-01-02 03:00:00;1.59;2.6;4.1;6.6;31.0;33.0;15.0;714.9;0.0;85.0;3.2;0.001;14.4;5.1;63.0
28;2024-01-02 04:00:00;1.59;2.5;4.6;7.2;31.0;29.0;12.0;714.5;0.0;82.0;3.1;0.001;14.59;3.2;49.0
29;2024-01-02 05:00:00;1.62;2.6;12.2;14.8;20.0;29.0;16.0;714.3;0.0;83.0;3.1;0.001;14.5;5.0;17.0
30;2024-01-02 06:00:00;1.64;3.0;12.0;15.0;20.0;33.0;20.0;713.9;0.0;84.0;3.1;0.001;14.35;5.1;13.0
31;2024-01-02 07:00:00;1.69;5.3;14.2;19.6;17.0;40.0;17.0;714.0;0.0;85.0;3.1;0.001;14.33;4.1;19.0
32;2024-01-02 08:00:00;1.92;15.8;20.2;36.0;9.0;41.0;32.0;714.3;0.0;87.0;3.2;0.002;13.73;6.8;355.0
33;2024-01-02 09:00:00;1.96;23.0;19.6;42.6;10.0;47.0;23.0;714.2;0.0;87.0;3.3;0.027;14.04;5.0;36.0
34;2024-01-02 10:00:00;2.0;33.1;19.9;52.9;10.0;46.0;29.0;714.1;0.0;85.0;3.3;0.067;14.32;6.5;14.0
35;2024-01-02 11:00:00;2.05;32.7;19.1;51.7;10.0;54.0;31.0;714.1;0.0;86.0;3.4;0.05;14.17;6.6;7.0
36;2024-01-02 12:00:00;2.03;28.3;17.8;46.1;;63.0;24.0;713.8;0.0;87.0;3.4;0.04;14.06;6.1;11.0
37;2024-01-02 13:00:00;2.05;36.0;19.8;55.8;;51.0;39.0;712.9;0.0;85.0;3.6;0.091;14.55;4.4;29.0
38;2024-01-02 14:00:00;2.06;31.9;21.3;53.3;11.0;60.0;42.0;712.2;0.0;81.0;3.7;0.11;15.24;5.5;37.0
39;2024-01-02 15:00:00;2.1;24.7;22.3;47.0;12.0;74.0;47.0;711.4;0.0;80.0;4.0;0.13;15.44;6.2;83.0
40;2024-01-02 16:00:00;2.04;21.8;22.3;44.1;16.0;72.0;45.0;710.9;0.0;76.0;4.6;0.231;16.23;6.5;85.0
41;2024-01-02 17:00:00;2.11;17.4;28.4;45.8;13.0;72.0;44.0;711.0;0.0;74.0;4.8;0.067;16.33;4.1;66.0
42;2024-01-02 18:00:00;2.18;22.8;32.5;55.3;10.0;74.0;50.0;711.3;0.0;76.0;4.9;0.012;16.03;4.3;49.0
43;2024-01-02 19:00:00;2.24;8.2;34.5;42.7;10.0;84.0;46.0;711.7;0.0;75.0;4.5;0.001;15.99;1.6;38.0
44;2024-01-02 20:00:00;2.42;4.4;32.6;37.0;11.0;80.0;45.0;711.9;0.0;75.0;4.2;0.001;15.97;1.9;224.0
45;2024-01-02 21:00:00;2.47;21.6;30.9;52.5;9.0;74.0;47.0;712.1;0.0;77.0;4.1;0.001;15.46;2.1;215.0
46;2024-01-02 22:00:00;2.59;40.3;26.5;66.8;9.0;73.0;49.0;712.4;0.0;81.0;4.0;0.001;14.42;1.4;286.0
47;2024-01-02 23:00:00;2.82;78.4;23.8;102.1;9.0;82.0;50.0;712.8;0.0;84.0;4.1;0.001;13.57;1.5;343.0
48;2024-01-03 00:00:00;2.6;67.6;18.5;86.1;;107.0;41.0;712.9;0.0;86.0;3.9;0.001;12.79;1.2;83.0
49;2024-01-03 01:00:00;2.14;41.9;16.8;58.7;;97.0;34.0;713.0;0.0;86.0;3.6;0.001;12.27;1.1;136.0
50;2024-01-03 02:00:00;2.05;30.6;15.8;46.4;;73.0;30.0;712.9;0.0;87.0;3.4;0.001;11.67;0.6;88.0
51;2024-01-03 03:00:00;1.92;27.4;18.9;46.3;;62.0;37.0;713.3;0.0;87.0;3.4;0.001;11.23;4.2;41.0
52;2024-01-03 04:00:00;1.74;14.2;17.6;31.8;;78.0;41.0;713.7;0.0;88.0;3.2;0.001;11.22;4.5;129.0
53;2024-01-03 05:00:00;1.66;9.6;17.3;26.9;;73.0;37.0;713.9;0.0;86.0;3.2;0.001;11.42;3.9;96.0
54;2024-01-03 06:00:00;1.67;11.0;17.7;28.7;;64.0;38.0;714.1;0.0;86.0;3.3;0.001;11.45;2.9;118.0
55;2024-01-03 07:00:00;2.65;14.4;19.5;33.9;;69.0;41.0;714.5;0.0;86.0;3.3;0.001;11.08;5.2;16.0
56;2024-01-03 08:00:00;2.33;13.3;20.9;34.2;10.0;75.0;37.0;714.9;0.0;86.0;3.3;0.004;11.07;2.9;28.0
57;2024-01-03 09:00:00;1.97;23.0;20.6;43.6;10.0;73.0;45.0;715.3;0.0;85.0;3.3;0.049;11.72;3.3;194.0
58;2024-01-03 10:00:00;1.9;15.7;17.3;33.1;17.0;74.0;40.0;715.6;0.0;73.0;3.3;0.16;14.36;2.7;98.0
59;2024-01-03 11:00:00;2.25;19.3;23.4;42.8;24.0;61.0;38.0;715.6;0.0;60.0;3.5;0.393;16.17;3.3;43.0
60;2024-01-03 12:00:00;2.53;28.4;35.0;63.4;22.0;65.0;58.0;715.2;0.0;60.0;3.9;0.397;16.43;5.4;34.0
61;2024-01-03 13:00:00;2.45;22.4;33.9;56.3;27.0;110.0;63.0;714.5;0.0;59.0;4.1;0.481;16.95;5.4;37.0
62;2024-01-03 14:00:00;1.95;15.6;26.9;42.5;33.0;104.0;45.0;713.5;0.0;53.0;5.3;0.57;18.06;4.9;24.0
63;2024-01-03 15:00:00;1.79;12.3;26.4;38.7;39.0;84.0;33.0;712.8;0.0;46.0;8.0;0.513;19.05;6.4;46.0
64;2024-01-03 16:00:00;1.72;8.4;23.0;31.4;44.0;70.0;25.0;712.8;0.0;42.0;7.8;0.384;19.44;6.5;35.0
65;2024-01-03 17:00:00;1.7;4.7;16.5;21.2;51.0;64.0;21.0;712.8;0.0;44.0;4.6;0.182;18.97;9.1;70.0
66;2024-01-03 18:00:00;1.77;4.0;20.1;24.1;44.0;56.0;22.0;713.2;0.0;50.0;4.8;0.04;17.91;9.9;67.0
67;2024-01-03 19:00:00;1.71;3.3;15.2;18.5;45.0;60.0;21.0;713.7;0.0;57.0;6.1;0.002;16.89;10.4;114.0
68;2024-01-03 20:00:00;1.63;3.3;10.6;13.9;42.0;45.0;18.0;714.2;0.0;60.0;5.0;0.001;15.9;12.8;112.0
69;2024-01-03 21:00:00;1.58;3.1;7.8;10.9;41.0;45.0;17.0;714.4;0.0;60.0;4.2;0.001;15.21;12.5;111.0
70;2024-01-03 22:00:00;1.57;3.0;8.3;11.2;39.0;39.0;16.0;714.5;0.0;59.0;3.7;0.001;14.59;12.1;88.0
71;2024-01-03 23:00:00;1.53;3.1;7.9;11.0;41.0;;13.0;714.4;0.0;56.0;3.5;0.001;13.99;9.6;89.0
72;2024-01-04 00:00:00;1.5;2.7;6.3;9.1;41.0;21.0;11.0;714.3;0.0;57.0;3.4;0.001;13.66;8.5;107.0
73;2024-01-04 01:00:00;1.5;2.6;5.3;7.8;41.0;19.0;11.0;713.9;0.0;58.0;3.3;0.001;13.65;8.4;117.0
74;2024-01-04 02:00:00;1.51;2.5;6.8;9.4;39.0;23.0;12.0;713.5;0.0;60.0;3.8;0.001;13.07;8.7;72.0
75;2024-01-04 03:00:00;1.52;2.7;8.4;11.1;34.0;30.0;15.0;713.3;0.0;70.0;5.8;0.001;10.89;12.1;49.0
76;2024-01-04 04:00:00;1.52;2.8;8.5;11.4;28.0;38.0;24.0;713.2;0.0;81.0;5.4;0.001;9.05;9.4;33.0
77;2024-01-04 05:00:00;1.52;2.6;5.3;7.9;31.0;29.0;20.0;713.2;0.0;84.0;3.7;0.001;8.66;7.3;31.0
78;2024-01-04 06:00:00;1.53;2.6;7.3;9.9;28.0;30.0;20.0;712.9;0.0;86.0;3.5;0.001;8.51;5.6;31.0
79;2024-01-04 07:00:00;1.6;5.2;16.0;21.2;19.0;38.0;24.0;712.9;0.0;85.0;3.4;0.001;8.52;5.6;36.0
80;2024-01-04 08:00:00;1.69;21.7;23.7;45.5;10.0;75.0;42.0;713.1;0.0;86.0;4.3;0.002;8.33;6.6;40.0
81;2024-01-04 09:00:00;1.72;16.4;21.3;37.7;13.0;80.0;41.0;713.3;0.0;88.0;5.1;0.011;7.93;7.4;48.0
82;2024-01-04 10:00:00;1.76;7.4;18.8;26.2;15.0;52.0;26.0;713.2;0.0;89.0;3.9;0.023;7.8;6.4;55.0
83;2024-01-04 11:00:00;1.8;11.3;19.2;30.5;15.0;50.0;26.0;712.9;0.0;88.0;3.7;0.039;8.1;6.5;35.0
84;2024-01-04 12:00:00;1.82;23.4;22.2;45.7;12.0;68.0;38.0;712.3;0.0;86.0;4.4;0.05;8.78;6.1;26.0
85;2024-01-04 13:00:00;1.78;16.2;21.7;38.0;15.0;46.0;23.0;711.5;0.0;82.0;4.8;0.054;9.25;5.8;34.0
86;2024-01-04 14:00:00;1.85;16.6;22.2;38.8;16.0;47.0;25.0;710.3;0.0;80.0;5.2;0.092;9.74;4.6;33.0
87;2024-01-04 15:00:00;1.83;9.4;18.9;28.3;21.0;36.0;17.0;709.6;0.0;79.0;4.3;0.096;10.01;7.7;50.0
88;2024-01-04 16:00:00;1.79;7.6;17.7;25.3;22.0;39.0;14.0;709.4;0.0;78.0;3.8;0.075;10.4;7.8;51.0
89;2024-01-04 17:00:00;1.86;7.7;19.5;27.2;20.0;34.0;12.0;709.1;0.0;79.0;3.6;0.046;10.41;7.0;51.0
90;2024-01-04 18:00:00;1.89;8.3;24.9;33.2;15.0;36.0;17.0;709.0;0.0;79.0;5.2;0.014;10.4;5.4;46.0
91;2024-01-04 19:00:00;1.91;13.0;28.7;41.7;12.0;46.0;24.0;708.9;0.0;80.0;8.1;0.001;10.39;3.9;3.0
92;2024-01-04 20:00:00;2.11;26.5;30.8;57.3;9.0;66.0;35.0;708.8;0.0;80.0;8.0;0.001;10.76;5.8;339.0
93;2024-01-04 21:00:00;2.35;15.9;28.9;44.8;10.0;56.0;35.0;708.9;0.0;78.0;6.0;0.001;11.24;1.7;326.0
94;2024-01-04 22:00:00;2.12;23.3;28.5;51.8;9.0;64.0;33.0;708.9;0.0;80.0;5.4;0.001;11.08;3.6;250.0
95;2024-01-04 23:00:00;2.14;15.8;26.3;42.0;9.0;63.0;34.0;709.4;0.0;84.0;4.7;0.001;10.98;2.0;248.0
96;2024-01-05 00:00:00;1.99;14.0;25.2;39.3;9.0;75.0;37.0;709.7;0.0;85.0;4.0;0.001;10.94;2.4;238.0
97;2024-01-05 01:00:00;1.96;12.6;23.9;36.5;;67.0;36.0;709.8;0.0;87.0;3.8;0.001;11.25;0.8;232.0
98;2024-01-05 02:00:00;1.86;7.2;22.9;30.1;10.0;66.0;36.0;709.8;0.0;84.0;3.7;0.001;11.96;1.1;334.0
99;2024-01-05 03:00:00;1.87;11.0;23.6;34.6;10.0;80.0;41.0;709.8;0.0;82.0;3.7;0.001;12.26;3.8;80.0
100;2024-01-05 04:00:00;1.82;10.1;22.5;32.6;9.0;61.0;29.0;709.7;0.0;83.0;3.8;0.001;11.76;4.8;109.0
101;2024-01-05 05:00:00;1.78;7.3;21.3;28.6;9.0;50.0;21.0;709.7;0.0;82.0;3.8;0.001;11.12;2.8;111.0
102;2024-01-05 06:00:00;1.82;8.8;21.2;30.0;10.0;49.0;24.0;709.8;0.0;82.0;3.8;0.001;10.4;2.2;129.0
103;2024-01-05 07:00:00;2.05;35.6;21.0;56.5;9.0;58.0;28.0;709.8;0.0;83.0;3.6;0.001;9.84;1.6;159.0
104;2024-01-05 08:00:00;2.25;52.6;22.5;75.1;9.0;67.0;29.0;710.1;0.0;83.0;3.7;0.006;9.79;1.7;186.0
105;2024-01-05 09:00:00;2.64;79.5;29.4;108.9;10.0;72.0;28.0;710.4;0.0;72.0;3.9;0.041;12.25;2.9;119.0
106;2024-01-05 10:00:00;2.4;54.7;32.3;87.0;15.0;92.0;34.0;710.8;0.0;57.0;4.1;0.127;15.05;5.8;42.0
107;2024-01-05 11:00:00;1.91;18.5;24.4;42.9;25.0;73.0;27.0;710.7;0.0;49.0;3.9;0.407;16.91;4.9;71.0
108;2024-01-05 12:00:00;1.86;15.5;23.1;38.6;29.0;75.0;26.0;710.3;0.0;45.0;4.9;0.539;17.98;6.9;87.0
109;2024-01-05 13:00:00;1.86;9.6;18.7;28.3;40.0;81.0;26.0;709.7;0.0;44.0;6.2;0.594;18.08;8.1;86.0
110;2024-01-05 14:00:00;1.74;8.0;17.1;25.1;44.0;71.0;22.0;709.0;0.0;38.0;6.3;0.595;19.42;6.1;98.0
111;2024-01-05 15:00:00;1.7;6.3;15.6;21.9;50.0;66.0;19.0;708.4;0.0;35.0;4.9;0.544;20.3;7.6;92.0
112;2024-01-05 16:00:00;1.71;5.3;14.6;19.9;54.0;61.0;17.0;708.3;0.0;33.0;3.8;0.415;20.61;8.3;79.0
113;2024-01-05 17:00:00;1.77;4.9;17.7;22.6;53.0;63.0;17.0;708.3;0.0;33.0;3.7;0.21;20.68;7.9;79.0
114;2024-01-05 18:00:00;1.81;3.8;19.8;23.6;53.0;67.0;21.0;708.6;0.0;40.0;3.6;0.036;19.23;7.5;102.0
115;2024-01-05 19:00:00;1.87;3.4;23.0;26.3;48.0;63.0;23.0;708.9;0.0;45.0;3.5;0.002;17.99;7.4;82.0
116;2024-01-05 20:00:00;1.92;5.0;30.3;35.2;28.0;60.0;19.0;709.4;0.0;46.0;3.7;0.001;16.86;5.4;67.0
117;2024-01-05 21:00:00;1.7;3.2;15.2;18.4;40.0;41.0;14.0;709.6;0.0;48.0;3.5;0.001;16.09;6.5;100.0
118;2024-01-05 22:00:00;1.64;3.2;11.3;14.6;40.0;30.0;11.0;710.0;0.0;47.0;3.3;0.001;15.47;5.4;117.0
119;2024-01-05 23:00:00;1.64;3.3;14.4;17.7;36.0;26.0;9.0;709.9;0.0;47.0;3.2;0.001;14.97;4.8;133.0
120;2024-01-06 00:00:00;2.06;6.1;34.2;40.3;12.0;55.0;26.0;709.7;0.0;60.0;3.2;0.001;12.92;2.2;231.0
121;2024-01-06 01:00:00;2.09;10.1;34.1;44.2;11.0;55.0;25.0;709.6;0.0;61.0;3.2;0.001;12.63;5.3;208.0
122;2024-01-06 02:00:00;2.12;23.6;35.5;59.1;10.0;101.0;32.0;709.3;0.0;61.0;3.6;0.001;12.12;1.5;218.0
123;2024-01-06 03:00:00;2.12;29.0;34.0;63.0;10.0;113.0;36.0;709.3;0.0;63.0;3.4;0.001;11.44;2.0;245.0
124;2024-01-06 04:00:00;2.14;33.1;32.5;65.7;10.0;115.0;39.0;709.4;0.0;66.0;3.5;0.001;10.77;1.8;251.0
125;2024-01-06 05:00:00;2.28;32.8;32.9;65.7;;124.0;42.0;709.4;0.0;66.0;3.7;0.001;10.63;2.9;214.0
126;2024-01-06 06:00:00;1.84;6.8;28.8;35.6;12.0;98.0;34.0;709.0;0.0;64.0;3.4;0.001;11.04;2.8;232.0
127;2024-01-06 07:00:00;2.09;38.1;29.8;67.9;10.0;143.0;47.0;709.5;0.0;68.0;3.7;0.001;10.16;1.7;239.0
128;2024-01-06 08:00:00;2.24;50.9;28.4;79.3;10.0;114.0;41.0;710.1;0.0;69.0;3.7;0.008;10.05;2.5;237.0
129;2024-01-06 09:00:00;2.42;71.1;32.8;103.9;11.0;153.0;49.0;710.7;0.0;60.0;4.6;0.06;12.56;4.0;227.0
130;2024-01-06 10:00:00;2.53;60.4;41.0;101.4;15.0;181.0;58.0;711.2;0.0;49.0;5.1;0.143;15.51;1.9;319.0
131;2024-01-06 11:00:00;2.81;29.9;37.8;67.7;24.0;122.0;41.0;711.4;0.0;43.0;5.6;0.399;17.06;3.7;351.0
132;2024-01-06 12:00:00;3.03;22.5;37.5;60.0;31.0;119.0;41.0;711.0;0.0;38.0;6.9;0.538;18.65;2.8;16.0
133;2024-01-06 13:00:00;2.3;16.3;34.2;50.5;38.0;103.0;35.0;710.1;0.0;37.0;6.5;0.591;19.42;4.0;45.0
134;2024-01-06 14:00:00;2.0;13.1;32.9;46.0;42.0;98.0;34.0;709.4;0.0;37.0;9.7;0.55;19.48;6.2;67.0
135;2024-01-06 15:00:00;1.91;8.4;27.2;35.6;52.0;82.0;31.0;709.2;0.0;37.0;8.4;0.458;19.9;6.2;65.0
136;2024-01-06 16:00:00;1.88;6.5;25.7;32.3;53.0;73.0;27.0;709.4;0.0;38.0;7.9;0.297;19.8;7.4;71.0
137;2024-01-06 17:00:00;1.85;4.9;22.8;27.7;57.0;57.0;21.0;709.8;0.0;39.0;10.0;0.184;19.8;6.8;93.0
138;2024-01-06 18:00:00;1.9;3.8;25.8;29.7;56.0;66.0;25.0;710.6;0.0;42.0;11.9;0.047;18.96;6.0;84.0
139;2024-01-06 19:00:00;2.07;3.5;35.6;39.1;37.0;71.0;28.0;711.3;0.0;48.0;9.7;0.002;17.68;1.8;118.0
140;2024-01-06 20:00:00;2.32;4.5;47.9;52.3;16.0;81.0;34.0;712.0;0.0;55.0;6.7;0.001;16.17;1.8;242.0
141;2024-01-06 21:00:00;2.49;16.6;50.5;67.1;10.0;98.0;43.0;712.8;0.0;58.0;5.9;0.001;15.6;2.2;275.0
142;2024-01-06 22:00:00;2.45;25.6;43.5;69.1;10.0;120.0;47.0;713.4;0.0;54.0;5.7;0.001;15.74;2.3;242.0
143;2024-01-06 23:00:00;2.48;31.5;42.3;73.8;10.0;98.0;41.0;713.5;0.0;57.0;5.1;0.001;15.01;0.8;222.0
144;2024-01-07 00:00:00;2.87;47.8;42.9;90.7;;110.0;53.0;713.5;0.0;60.0;4.8;0.001;14.73;2.0;247.0
145;2024-01-07 01:00:00;2.94;49.9;42.4;92.2;;126.0;66.0;713.4;0.0;61.0;4.6;0.001;14.43;1.2;212.0
146;2024-01-07 02:00:00;3.03;59.7;39.3;99.0;;116.0;59.0;713.4;0.0;64.0;4.3;0.001;14.03;0.3;238.0
147;2024-01-07 03:00:00;2.42;21.4;38.5;59.9;9.0;90.0;46.0;713.3;0.0;62.0;4.2;0.001;14.03;1.9;319.0
148;2024-01-07 04:00:00;2.35;29.6;37.2;66.8;9.0;108.0;49.0;713.0;0.0;62.0;4.4;0.001;13.59;2.2;313.0
149;2024-01-07 05:00:00;2.34;27.6;36.2;63.7;9.0;101.0;47.0;713.1;0.0;65.0;4.2;0.001;13.16;1.6;13.0
150;2024-01-07 06:00:00;2.01;10.2;36.7;46.9;;78.0;36.0;713.3;0.0;60.0;5.6;0.001;13.46;3.0;19.0
151;2024-01-07 07:00:00;1.91;10.5;34.3;44.8;;52.0;24.0;713.4;0.0;61.0;5.3;0.001;13.13;1.5;53.0
152;2024-01-07 08:00:00;1.93;16.1;33.3;49.4;10.0;63.0;26.0;713.4;0.0;63.0;5.2;0.003;13.07;3.1;5.0
153;2024-01-07 09:00:00;1.92;11.2;31.7;42.9;14.0;59.0;21.0;713.6;0.0;67.0;5.7;0.028;13.12;4.2;28.0
154;2024-01-07 10:00:00;1.84;13.4;29.5;42.9;17.0;63.0;23.0;713.8;0.0;69.0;6.8;0.087;13.08;7.6;33.0
155;2024-01-07 11:00:00;1.82;17.8;28.9;46.7;20.0;76.0;32.0;713.8;0.0;72.0;20.2;0.173;13.14;8.2;25.0
156;2024-01-07 12:00:00;1.82;14.6;29.0;43.7;18.0;73.0;34.0;713.1;0.0;75.0;25.0;0.082;13.27;7.0;27.0
157;2024-01-07 13:00:00;1.83;16.9;26.1;42.9;18.0;64.0;29.0;712.0;0.0;76.0;14.8;0.114;13.75;9.1;28.0
158;2024-01-07 14:00:00;1.77;5.0;13.0;17.9;29.0;44.0;18.0;711.0;0.0;76.0;9.9;0.054;14.41;10.0;39.0
159;2024-01-07 15:00:00;1.81;8.7;20.8;29.5;21.0;44.0;21.0;710.2;0.0;78.0;6.2;0.047;14.58;8.5;21.0
160;2024-01-07 16:00:00;1.88;13.8;29.8;43.6;14.0;52.0;23.0;709.4;0.0;76.0;6.7;0.028;15.21;6.1;18.0
161;2024-01-07 17:00:00;1.93;7.4;26.5;34.0;19.0;46.0;19.0;709.3;0.0;71.0;6.3;0.025;16.17;3.9;33.0
162;2024-01-07 18:00:00;1.83;4.0;15.0;19.0;33.0;43.0;16.0;709.0;0.0;67.0;5.4;0.01;16.9;6.5;84.0
163;2024-01-07 19:00:00;1.74;3.3;9.3;12.6;38.0;30.0;10.0;708.7;0.0;68.0;4.6;0.001;17.05;7.3;93.0
164;2024-01-07 20:00:00;1.73;3.1;8.2;11.3;37.0;29.0;11.0;708.2;0.0;70.0;4.1;0.001;16.69;8.9;111.0
165;2024-01-07 21:00:00;1.72;2.8;6.9;9.7;37.0;25.0;10.0;708.0;0.0;72.0;3.8;0.001;16.36;8.0;117.0
166;2024-01-07 22:00:00;1.72;2.8;8.6;11.4;34.0;24.0;11.0;707.7;0.0;74.0;3.7;0.001;15.96;3.5;57.0
167;2024-01-07 23:00:00;1.76;3.3;18.4;21.6;23.0;30.0;15.0;707.5;0.0;77.0;3.7;0.001;15.65;5.8;26.0
168;2024-01-08 00:00:00;1.74;3.1;22.3;25.4;15.0;34.0;17.0;706.9;0.0;80.0;3.9;0.001;15.01;1.3;271.0
169;2024-01-08 01:00:00;1.77;2.9;14.2;17.1;18.0;30.0;15.0;706.0;0.0;84.0;3.6;0.001;13.86;1.8;262.0
170;2024-01-08 02:00:00;1.86;3.1;17.5;20.6;14.0;32.0;16.0;705.1;0.0;86.0;3.4;0.001;13.36;1.3;247.0
171;2024-01-08 03:00:00;1.86;3.5;18.6;22.1;13.0;34.0;17.0;704.4;0.0;87.0;3.4;0.001;13.29;1.7;218.0
172;2024-01-08 04:00:00;1.85;3.4;16.9;20.3;14.0;31.0;18.0;704.0;0.0;86.0;3.3;0.001;13.14;2.1;248.0
173;2024-01-08 05:00:00;1.79;3.3;14.8;18.1;14.0;36.0;22.0;703.8;0.0;86.0;3.3;0.001;12.71;2.5;236.0
174;2024-01-08 06:00:00;1.84;5.0;18.1;23.1;11.0;78.0;31.0;703.6;0.0;86.0;3.2;0.001;12.39;3.0;223.0
175;2024-01-08 07:00:00;1.94;11.3;19.3;30.5;10.0;75.0;35.0;703.6;0.0;86.0;3.3;0.001;12.08;0.9;193.0
176;2024-01-08 08:00:00;2.24;30.1;21.4;51.5;9.0;102.0;41.0;703.6;0.0;86.0;3.5;0.005;12.09;1.4;219.0
177;2024-01-08 09:00:00;2.48;49.0;24.4;73.4;11.0;99.0;39.0;704.0;0.0;76.0;3.7;0.037;14.96;1.2;225.0
178;2024-01-08 10:00:00;2.5;57.4;29.6;87.0;13.0;87.0;32.0;704.3;0.0;59.0;4.8;0.13;19.12;0.9;200.0
179;2024-01-08 11:00:00;2.43;47.7;32.6;80.3;16.0;81.0;24.0;704.0;0.0;46.0;6.1;0.436;22.19;1.3;55.0
180;2024-01-08 12:00:00;2.55;41.0;43.1;84.1;23.0;98.0;31.0;703.3;0.0;38.0;6.3;0.574;23.83;5.3;50.0
181;2024-01-08 13:00:00;2.5;29.8;49.5;79.3;32.0;128.0;40.0;702.5;0.0;38.0;6.6;0.637;24.83;8.7;50.0
182;2024-01-08 14:00:00;1.96;8.6;21.7;30.4;50.0;91.0;19.0;701.5;0.0;25.0;4.6;0.632;27.02;10.5;59.0
183;2024-01-08 15:00:00;1.75;6.2;14.8;21.1;52.0;68.0;10.0;700.7;0.0;18.0;3.6;0.566;28.51;11.5;63.0
184;2024-01-08 16:00:00;1.85;6.6;21.2;27.8;53.0;62.0;11.0;700.6;0.0;18.0;6.0;0.386;29.02;9.6;54.0
185;2024-01-08 17:00:00;1.87;5.4;22.1;27.5;55.0;68.0;15.0;700.7;0.0;21.0;9.9;0.228;28.68;7.3;78.0
186;2024-01-08 18:00:00;2.46;13.3;46.1;59.4;23.0;94.0;17.0;701.1;0.0;24.0;6.7;0.05;27.03;2.0;221.0
187;2024-01-08 19:00:00;2.31;14.6;31.7;46.2;23.0;279.0;25.0;702.5;0.0;34.0;5.1;0.002;22.32;11.3;9.0
188;2024-01-08 20:00:00;1.8;4.0;14.3;18.3;32.0;188.0;18.0;704.7;0.0;37.0;4.1;0.001;17.75;13.4;44.0
189;2024-01-08 21:00:00;1.72;4.3;13.5;17.8;34.0;159.0;16.0;706.1;0.0;32.0;4.0;0.001;16.04;12.1;49.0
190;2024-01-08 22:00:00;1.64;4.4;20.9;25.3;26.0;167.0;17.0;707.7;0.0;29.0;5.2;0.001;15.01;11.6;79.0
191;2024-01-08 23:00:00;1.57;3.3;18.5;21.8;28.0;90.0;11.0;709.0;0.0;28.0;4.7;0.001;14.13;9.4;97.0
192;2024-01-09 00:00:00;1.56;3.3;21.6;25.0;26.0;74.0;11.0;710.1;0.0;27.0;5.1;0.001;13.34;7.0;90.0
193;2024-01-09 01:00:00;1.55;3.3;22.9;26.2;23.0;83.0;12.0;710.7;0.0;29.0;5.2;0.001;12.6;6.2;135.0
194;2024-01-09 02:00:00;1.51;2.9;15.0;17.9;28.0;83.0;11.0;711.0;0.0;31.0;4.0;0.001;11.81;3.9;183.0
195;2024-01-09 03:00:00;1.51;2.9;13.2;16.1;30.0;91.0;11.0;710.9;0.0;31.0;4.1;0.001;12.07;6.0;220.0
196;2024-01-09 04:00:00;1.51;2.9;15.1;17.9;29.0;118.0;14.0;710.8;0.0;28.0;3.8;0.001;12.22;4.3;87.0
197;2024-01-09 05:00:00;1.53;2.9;16.9;19.7;27.0;145.0;18.0;710.9;0.0;25.0;3.5;0.001;11.96;7.1;101.0
198;2024-01-09 06:00:00;1.48;2.9;13.7;16.6;29.0;116.0;14.0;711.4;0.0;29.0;3.3;0.001;11.56;6.9;101.0
199;2024-01-09 07:00:00;1.53;3.5;16.0;19.5;26.0;82.0;10.0;712.2;0.0;33.0;3.5;0.001;11.13;6.0;102.0
200;2024-01-09 08:00:00;1.63;5.4;18.8;24.2;22.0;96.0;11.0;712.8;0.0;37.0;3.5;0.005;10.62;7.7;112.0
201;2024-01-09 09:00:00;1.6;5.9;15.9;21.7;28.0;117.0;14.0;713.4;0.0;30.0;5.8;0.049;10.9;8.9;102.0
202;2024-01-09 10:00:00;1.57;6.9;13.2;20.1;31.0;137.0;15.0;714.1;0.0;28.0;5.8;0.139;12.01;10.1;103.0
203;2024-01-09 11:00:00;1.56;7.8;11.9;19.7;33.0;130.0;16.0;714.1;0.0;26.0;5.1;0.408;12.66;11.0;103.0
204;2024-01-09 12:00:00;1.55;7.0;10.6;17.5;37.0;136.0;17.0;713.5;0.0;22.0;4.5;0.561;14.11;11.5;95.0
205;2024-01-09 13:00:00;1.62;8.2;13.5;21.7;39.0;130.0;17.0;712.6;0.0;20.0;4.2;0.585;15.39;8.7;80.0
206;2024-01-09 14:00:00;1.64;8.5;15.5;24.0;42.0;124.0;18.0;711.6;0.0;18.0;4.3;0.62;16.75;6.7;48.0
207;2024-01-09 15:00:00;1.66;8.4;16.7;25.1;44.0;126.0;20.0;710.9;0.0;17.0;4.4;0.58;17.68;7.8;47.0
208;2024-01-09 16:00:00;1.61;6.3;13.5;19.7;46.0;125.0;19.0;710.7;0.0;19.0;4.1;0.413;17.55;10.1;64.0
209;2024-01-09 17:00:00;1.62;4.9;12.1;16.9;45.0;129.0;18.0;710.5;0.0;22.0;4.0;0.228;17.3;9.8;97.0
210;2024-01-09 18:00:00;1.58;3.7;11.4;15.2;44.0;131.0;19.0;710.5;0.0;24.0;3.9;0.047;15.53;10.8;123.0
211;2024-01-09 19:00:00;1.57;3.6;11.9;15.5;42.0;169.0;23.0;710.7;0.0;25.0;3.5;0.002;14.26;12.2;122.0
212;2024-01-09 20:00:00;1.54;3.2;9.7;12.9;42.0;180.0;28.0;710.9;0.0;25.0;3.5;0.001;13.51;10.7;123.0
213;2024-01-09 21:00:00;1.52;3.6;11.1;14.7;38.0;169.0;27.0;711.0;0.0;27.0;3.4;0.001;12.63;6.4;129.0
214;2024-01-09 22:00:00;1.52;2.8;8.5;11.3;40.0;163.0;27.0;711.2;0.0;28.0;3.3;0.001;12.33;8.1;106.0
215;2024-01-09 23:00:00;1.58;3.7;14.7;18.4;31.0;158.0;;711.2;0.0;30.0;3.3;0.001;11.4;3.8;136.0
216;2024-01-10 00:00:00;1.58;2.8;14.5;17.3;30.0;93.0;26.0;711.0;0.0;31.0;3.3;0.001;10.91;2.8;97.0
217;2024-01-10 01:00:00;1.59;2.8;15.3;18.2;26.0;102.0;26.0;710.7;0.0;34.0;3.1;0.001;9.86;1.2;196.0
218;2024-01-10 02:00:00;1.7;5.2;24.9;30.0;16.0;95.0;28.0;710.6;0.0;38.0;3.3;0.001;9.28;2.6;244.0
219;2024-01-10 03:00:00;1.85;27.7;34.0;61.8;10.0;109.0;51.0;710.1;0.0;41.0;4.5;0.001;8.93;2.6;219.0
220;2024-01-10 04:00:00;1.81;25.7;34.1;59.8;10.0;155.0;53.0;709.7;0.0;41.0;4.9;0.001;8.7;2.5;257.0
221;2024-01-10 05:00:00;1.72;9.2;31.0;40.2;10.0;153.0;40.0;709.6;0.0;43.0;4.0;0.001;8.49;2.3;254.0
222;2024-01-10 06:00:00;1.74;17.4;29.8;47.2;;122.0;40.0;709.4;0.0;43.0;4.0;0.001;8.26;2.7;265.0
223;2024-01-10 07:00:00;1.95;38.2;28.3;66.5;;135.0;44.0;709.3;0.0;45.0;3.8;0.001;7.83;1.7;265.0
224;2024-01-10 08:00:00;2.49;79.3;30.7;110.0;;154.0;51.0;709.4;0.0;47.0;5.2;0.007;7.73;1.7;286.0
225;2024-01-10 09:00:00;2.46;77.8;32.6;110.5;11.0;174.0;54.0;709.5;0.0;39.0;6.2;0.067;10.38;1.6;354.0
226;2024-01-10 10:00:00;2.59;72.8;38.0;110.8;14.0;174.0;71.0;709.6;0.0;32.0;7.6;0.159;13.3;2.6;352.0
227;2024-01-10 11:00:00;2.41;59.1;42.9;102.0;17.0;186.0;70.0;709.7;0.0;26.0;7.4;0.436;15.56;4.0;90.0
228;2024-01-10 12:00:00;2.15;44.9;41.6;86.5;22.0;165.0;57.0;709.1;0.0;22.0;6.6;0.59;17.58;4.4;69.0
229;2024-01-10 13:00:00;2.05;35.4;41.6;77.0;23.0;140.0;57.0;708.4;0.0;19.0;7.3;0.506;19.04;2.4;25.0
230;2024-01-10 14:00:00;2.41;47.2;58.3;105.6;23.0;134.0;86.0;707.6;0.0;20.0;10.4;0.498;20.01;3.6;60.0
231;2024-01-10 15:00:00;2.39;36.7;61.3;98.0;27.0;172.0;108.0;707.0;0.0;21.0;11.3;0.438;20.53;6.9;67.0
232;2024-01-10 16:00:00;2.18;13.5;44.0;57.5;35.0;177.0;58.0;707.1;0.0;23.0;5.9;0.265;20.25;6.8;82.0
233;2024-01-10 17:00:00;2.12;9.4;39.6;49.0;34.0;146.0;45.0;707.2;0.0;25.0;5.1;0.141;20.09;6.0;73.0
234;2024-01-10 18:00:00;2.1;6.1;37.0;43.1;27.0;141.0;33.0;707.5;0.0;30.0;4.4;0.043;19.13;4.9;77.0
235;2024-01-10 19:00:00;2.46;22.8;48.2;71.0;11.0;130.0;34.0;707.7;0.0;35.0;4.3;0.002;17.07;1.1;307.0
236;2024-01-10 20:00:00;2.95;52.8;50.8;103.6;10.0;138.0;36.0;708.0;0.0;39.0;4.3;0.001;15.7;2.6;235.0
237;2024-01-10 21:00:00;3.33;91.3;51.3;142.6;10.0;137.0;44.0;708.3;0.0;44.0;4.6;0.001;14.66;1.9;232.0
238;2024-01-10 22:00:00;2.96;62.3;47.8;110.2;10.0;153.0;43.0;708.2;0.0;43.0;4.5;0.001;14.3;2.7;218.0
239;2024-01-10 23:00:00;3.06;74.3;49.0;123.3;;135.0;57.0;708.0;0.0;43.0;5.5;0.001;13.76;2.7;222.0
240;2024-01-11 00:00:00;3.12;87.4;49.3;136.7;;169.0;65.0;707.8;0.0;45.0;6.5;0.001;13.0;2.2;246.0
241;2024-01-11 01:00:00;3.05;108.2;52.0;160.2;11.0;173.0;82.0;707.7;0.0;45.0;8.3;0.001;12.52;1.7;237.0
242;2024-01-11 02:00:00;2.86;116.5;50.9;167.3;11.0;202.0;91.0;707.5;0.0;43.0;10.3;0.001;12.62;1.4;311.0
243;2024-01-11 03:00:00;2.46;92.9;46.5;139.4;10.0;240.0;76.0;707.1;0.0;39.0;10.8;0.001;12.82;1.4;309.0
244;2024-01-11 04:00:00;2.14;64.3;41.1;105.4;10.0;216.0;62.0;706.7;0.0;36.0;10.1;0.001;13.0;2.7;330.0
245;2024-01-11 05:00:00;2.02;43.8;37.8;81.6;10.0;180.0;48.0;706.7;0.0;36.0;9.7;0.001;12.88;1.9;320.0
246;2024-01-11 06:00:00;1.89;30.7;35.8;66.5;;151.0;40.0;706.6;0.0;31.0;11.1;0.001;13.57;2.3;323.0
247;2024-01-11 07:00:00;2.08;43.8;33.2;77.1;;122.0;36.0;706.9;0.0;32.0;9.0;0.001;13.12;1.8;302.0
248;2024-01-11 08:00:00;1.95;28.7;31.2;59.9;11.0;136.0;21.0;707.1;0.0;24.0;9.0;0.004;15.66;8.0;222.0
249;2024-01-11 09:00:00;2.27;49.3;32.1;81.5;12.0;107.0;22.0;707.4;0.0;24.0;10.6;0.056;16.76;5.9;207.0
250;2024-01-11 10:00:00;2.31;50.7;34.7;85.4;13.0;109.0;21.0;707.4;0.0;20.0;9.6;0.111;19.93;0.5;287.0
251;2024-01-11 11:00:00;2.19;39.6;34.7;74.3;17.0;109.0;18.0;707.4;0.0;17.0;10.1;0.366;22.47;3.3;202.0
252;2024-01-11 12:00:00;1.89;22.9;28.6;51.4;28.0;103.0;16.0;706.9;0.0;12.0;7.5;0.631;26.28;1.8;107.0
253;2024-01-11 13:00:00;1.78;13.3;23.1;36.4;38.0;76.0;11.0;705.9;0.0;10.0;5.0;0.694;27.98;5.0;31.0
254;2024-01-11 14:00:00;2.06;26.0;46.9;72.9;33.0;60.0;23.0;705.1;0.0;12.0;9.4;0.546;27.75;7.7;36.0
255;2024-01-11 15:00:00;1.84;17.4;39.2;56.6;32.0;98.0;16.0;704.4;0.0;10.0;7.9;0.391;28.27;5.0;62.0
256;2024-01-11 16:00:00;1.82;8.7;27.9;36.6;45.0;82.0;12.0;704.1;0.0;10.0;4.3;0.338;28.28;6.2;87.0
257;2024-01-11 17:00:00;2.05;6.2;36.7;42.8;56.0;66.0;18.0;704.0;0.0;12.0;4.1;0.187;28.14;5.4;95.0
258;2024-01-11 18:00:00;1.84;4.4;24.2;28.6;48.0;76.0;10.0;703.9;0.0;15.0;3.7;0.051;26.48;5.1;138.0
259;2024-01-11 19:00:00;1.9;5.9;26.5;32.4;42.0;55.0;9.0;703.8;0.0;16.0;3.7;0.003;24.85;3.2;185.0
260;2024-01-11 20:00:00;2.59;35.4;47.8;83.1;14.0;57.0;14.0;704.1;0.0;22.0;4.3;0.0;22.05;2.9;205.0
261;2024-01-11 21:00:00;2.71;42.3;49.3;91.6;10.0;81.0;17.0;704.2;0.0;25.0;4.6;0.0;20.11;1.3;252.0
262;2024-01-11 22:00:00;3.16;98.1;53.4;151.6;10.0;96.0;39.0;704.4;0.0;28.0;9.3;0.0;19.21;2.7;223.0
263;2024-01-11 23:00:00;2.68;73.9;49.8;123.8;10.0;148.0;45.0;704.4;0.0;25.0;13.3;0.0;19.47;3.9;220.0
264;2024-01-12 00:00:00;2.57;73.8;47.3;121.1;;129.0;45.0;704.3;0.0;27.0;14.2;0.0;18.78;1.7;264.0
265;2024-01-12 01:00:00;3.0;52.3;47.8;100.1;;135.0;40.0;704.4;0.0;29.0;11.5;0.0;18.29;4.4;209.0
266;2024-01-12 02:00:00;1.94;17.1;32.4;49.6;19.0;109.0;26.0;704.0;0.0;17.0;9.2;0.001;21.6;7.1;253.0
267;2024-01-12 03:00:00;1.37;3.1;3.0;6.1;50.0;168.0;8.0;703.8;0.0;1.0;3.1;0.0;29.34;14.7;268.0
268;2024-01-12 04:00:00;;;;;;;;;;;;;;;
269;2024-01-12 05:00:00;;;;;;;;;;;;;;;
270;2024-01-12 06:00:00;;;;;;;;;;;;;;;
271;2024-01-12 07:00:00;;;;;;;;;;;;;;;
272;2024-01-12 08:00:00;1.32;9.9;29.7;39.4;14.0;;137.0;709.4;0.0;24.0;4.6;0.01;15.33;6.7;104.0
273;2024-01-12 09:00:00;1.52;32.2;32.9;65.2;13.0;;147.0;710.4;0.0;24.0;9.6;0.053;15.89;6.6;83.0
274;2024-01-12 10:00:00;1.44;22.9;27.6;50.5;18.0;;152.0;711.5;0.0;25.0;9.1;0.15;16.43;8.1;82.0
275;2024-01-12 11:00:00;1.73;15.0;20.5;35.5;22.0;;132.0;712.0;0.0;26.0;6.2;0.387;17.3;9.7;51.0
276;2024-01-12 12:00:00;1.76;11.1;16.5;27.6;27.0;;119.0;712.0;0.0;25.0;6.1;0.431;17.68;9.4;44.0
277;2024-01-12 13:00:00;1.75;10.2;14.9;25.1;31.0;;82.0;711.4;0.0;24.0;6.8;0.571;18.47;9.7;51.0
278;2024-01-12 14:00:00;1.75;8.9;13.7;22.6;35.0;343.0;53.0;710.9;0.0;23.0;5.2;0.605;18.65;9.5;58.0
279;2024-01-12 15:00:00;1.7;10.3;17.3;27.7;34.0;238.0;53.0;710.4;0.0;20.0;6.3;0.515;19.43;8.0;47.0
280;2024-01-12 16:00:00;1.71;10.7;20.3;31.0;34.0;223.0;52.0;710.1;0.0;19.0;6.9;0.431;20.05;8.2;53.0
281;2024-01-12 17:00:00;1.75;8.0;19.4;27.5;37.0;213.0;54.0;710.2;0.0;19.0;5.1;0.24;20.22;8.2;58.0
282;2024-01-12 18:00:00;1.78;4.8;15.9;20.8;35.0;231.0;48.0;710.5;0.0;26.0;3.7;0.037;18.39;10.2;76.0
283;2024-01-12 19:00:00;1.73;3.7;12.6;16.3;36.0;211.0;40.0;710.9;0.0;29.0;3.6;0.003;16.83;10.4;113.0
284;2024-01-12 20:00:00;1.66;3.5;9.4;13.0;39.0;167.0;33.0;711.3;0.0;29.0;3.4;0.001;15.58;11.8;115.0
285;2024-01-12 21:00:00;1.63;3.8;9.0;12.8;39.0;148.0;26.0;711.6;0.0;28.0;3.3;0.001;14.56;10.0;112.0
286;2024-01-12 22:00:00;1.61;3.6;8.0;11.6;40.0;113.0;22.0;712.0;0.0;26.0;3.3;0.001;14.12;8.8;99.0
287;2024-01-12 23:00:00;1.6;4.0;8.4;12.3;40.0;93.0;21.0;712.2;0.0;27.0;3.2;0.001;13.82;10.5;109.0
288;2024-01-13 00:00:00;1.63;3.1;7.5;10.8;41.0;86.0;;712.2;0.0;26.0;3.2;0.001;13.5;7.9;104.0
289;2024-01-13 01:00:00;1.59;3.0;5.6;8.9;43.0;80.0;15.52;711.9;0.0;25.0;3.1;0.001;13.21;8.8;103.0
290;2024-01-13 02:00:00;1.56;2.9;3.5;6.7;46.0;67.0;15.07;711.7;0.0;26.0;3.1;0.001;13.04;9.1;110.0
291;2024-01-13 03:00:00;1.74;3.1;17.9;21.2;25.0;68.0;21.72;711.5;0.0;34.0;3.6;0.001;11.4;3.4;189.0
292;2024-01-13 04:00:00;1.92;13.9;32.5;46.6;11.0;90.0;36.38;711.3;0.0;37.0;8.8;0.001;10.55;4.2;216.0
293;2024-01-13 05:00:00;2.0;29.2;33.7;63.2;11.0;127.0;52.53;711.5;0.0;38.0;19.2;0.001;10.17;2.8;271.0
294;2024-01-13 06:00:00;1.98;26.5;34.4;61.1;10.0;144.0;38.61;711.9;0.0;36.0;7.5;0.001;9.32;2.4;334.0
295;2024-01-13 07:00:00;1.98;31.2;33.3;64.7;10.0;106.0;39.78;712.3;0.0;37.0;7.6;0.001;8.87;2.2;248.0
296;2024-01-13 08:00:00;2.22;52.8;34.6;87.7;10.0;110.0;40.01;712.5;0.0;38.0;7.2;0.011;9.04;2.6;272.0
297;2024-01-13 09:00:00;2.44;66.6;33.6;100.5;11.0;117.0;37.72;712.7;0.0;39.0;7.3;0.06;10.03;2.3;205.0
298;2024-01-13 10:00:00;2.57;68.0;39.1;107.4;14.0;119.0;51.11;713.1;0.0;34.0;10.8;0.148;12.73;3.7;1.0
299;2024-01-13 11:00:00;2.89;77.5;52.3;130.0;16.0;154.0;64.24;713.2;0.0;29.0;12.7;0.339;13.57;5.2;357.0
300;2024-01-13 12:00:00;2.28;31.5;38.2;69.9;28.0;177.0;55.23;712.7;0.0;31.0;8.3;0.573;15.35;6.8;37.0
301;2024-01-13 13:00:00;1.91;10.3;19.1;29.6;41.0;142.0;34.92;712.0;0.0;35.0;6.7;0.641;16.61;6.2;85.0
302;2024-01-13 14:00:00;1.9;11.7;21.6;33.6;40.0;122.0;36.03;711.2;0.0;35.0;9.2;0.626;17.62;7.1;52.0
303;2024-01-13 15:00:00;1.91;9.3;20.0;29.6;45.0;127.0;37.34;710.8;0.0;35.0;8.9;0.548;18.09;7.9;33.0
304;2024-01-13 16:00:00;1.9;6.6;16.7;23.6;50.0;127.0;34.34;710.8;0.0;35.0;7.0;0.415;18.73;7.3;68.0
305;2024-01-13 17:00:00;1.87;4.4;10.8;15.5;53.0;114.0;30.89;711.0;0.0;36.0;4.8;0.187;18.73;8.0;58.0
306;2024-01-13 18:00:00;1.9;3.8;12.9;17.0;48.0;116.0;32.97;711.5;0.0;36.0;4.5;0.04;18.01;7.3;85.0
307;2024-01-13 19:00:00;1.91;3.4;13.0;16.6;44.0;113.0;38.89;712.2;0.0;40.0;4.4;0.002;16.82;5.3;73.0
308;2024-01-13 20:00:00;2.14;3.7;26.7;30.5;23.0;114.0;37.9;712.6;0.0;51.0;4.8;0.001;15.8;4.7;49.0
309;2024-01-13 21:00:00;2.36;13.7;37.4;51.3;11.0;97.0;40.48;712.6;0.0;52.0;4.7;0.001;14.45;3.7;221.0
310;2024-01-13 22:00:00;2.42;15.1;36.8;52.1;12.0;108.0;45.85;712.6;0.0;54.0;5.1;0.001;13.75;4.8;224.0
311;2024-01-13 23:00:00;2.36;9.4;38.5;48.1;11.0;120.0;53.2;712.6;0.0;54.0;5.5;0.001;13.25;3.4;259.0
312;2024-01-14 00:00:00;2.77;33.3;37.9;71.4;10.0;120.0;67.84;712.8;0.0;59.0;5.9;0.001;12.61;3.2;221.0
313;2024-01-14 01:00:00;2.34;12.7;37.7;50.6;10.0;126.0;;712.4;0.0;57.0;6.2;0.001;12.13;3.9;212.0
314;2024-01-14 02:00:00;2.48;26.6;37.5;64.3;10.0;127.0;;712.4;0.0;57.0;8.0;0.001;11.54;4.8;231.0
315;2024-01-14 03:00:00;2.22;11.6;35.8;47.7;11.0;140.0;;712.1;0.0;53.0;9.1;0.001;11.51;5.4;234.0
316;2024-01-14 04:00:00;2.11;4.2;32.0;36.4;12.0;191.0;;712.0;0.0;54.0;7.7;0.001;10.66;4.0;219.0
317;2024-01-14 05:00:00;2.03;4.3;31.0;35.5;13.0;146.0;;711.8;0.0;53.0;7.7;0.001;10.58;3.7;266.0
318;2024-01-14 06:00:00;1.98;4.2;26.3;30.7;16.0;129.0;;711.6;0.0;52.0;8.8;0.001;10.09;3.3;316.0
319;2024-01-14 07:00:00;1.93;3.8;23.8;27.8;17.0;109.0;;712.0;0.0;49.0;7.7;0.001;10.1;2.9;325.0
320;2024-01-14 08:00:00;2.01;7.9;29.2;37.3;13.0;93.0;;712.2;0.0;50.0;8.4;0.009;9.85;2.6;309.0
321;2024-01-14 09:00:00;2.03;15.7;25.4;41.3;19.0;120.0;;712.5;0.0;39.0;10.2;0.044;13.32;3.3;176.0
322;2024-01-14 10:00:00;2.0;13.3;22.6;36.1;27.0;110.0;;712.8;0.0;32.0;10.2;0.174;16.5;3.7;190.0
323;2024-01-14 11:00:00;2.07;14.8;24.4;39.5;33.0;101.0;;712.9;0.0;29.0;8.0;0.477;18.08;4.8;49.0
324;2024-01-14 12:00:00;2.17;22.5;34.8;57.5;33.0;104.0;;712.4;0.0;28.0;13.1;0.598;19.7;5.4;63.0
325;2024-01-14 13:00:00;2.25;12.9;29.6;42.7;47.0;125.0;;711.2;0.0;31.0;9.8;0.656;20.05;6.9;54.0
326;2024-01-14 14:00:00;2.35;6.9;20.1;27.3;64.0;122.0;;710.1;0.0;35.0;8.0;0.643;21.02;9.0;50.0
327;2024-01-14 15:00:00;2.2;6.0;15.4;21.7;65.0;130.0;;709.4;0.0;33.0;6.4;0.579;22.04;9.8;38.0
328;2024-01-14 16:00:00;2.09;5.0;13.4;18.7;67.0;103.0;;709.0;0.0;31.0;5.2;0.44;22.95;11.4;40.0
329;2024-01-14 17:00:00;1.99;4.1;10.0;14.4;65.0;96.0;;708.9;0.0;26.0;4.2;0.196;23.27;10.5;80.0
330;2024-01-14 18:00:00;1.92;3.6;8.6;12.4;59.0;76.0;;709.0;0.0;30.0;3.9;0.045;21.91;9.4;114.0
331;2024-01-14 19:00:00;1.95;3.4;10.2;13.9;49.0;70.0;;709.3;0.0;38.0;4.2;0.002;20.35;8.9;102.0
332;2024-01-14 20:00:00;1.98;3.4;11.1;14.8;42.0;69.0;;709.6;0.0;44.0;4.3;0.001;19.58;7.0;101.0
333;2024-01-14 21:00:00;1.98;3.3;13.5;17.0;35.0;69.0;;709.8;0.0;49.0;4.2;0.001;18.62;4.3;41.0
334;2024-01-14 22:00:00;2.45;7.2;34.7;42.1;11.0;71.0;;709.9;0.0;59.0;4.7;0.001;17.22;4.5;312.0
335;2024-01-14 23:00:00;2.63;12.0;36.1;48.3;9.0;92.0;;710.0;0.0;61.0;4.9;0.001;16.76;5.2;331.0
336;2024-01-15 00:00:00;2.35;10.5;33.7;44.4;11.0;99.0;;710.2;0.0;66.0;4.9;0.001;16.11;4.8;344.0
337;2024-01-15 01:00:00;2.02;3.9;17.7;21.9;22.0;87.0;;710.0;0.0;77.0;4.6;0.001;14.99;4.4;24.0
338;2024-01-15 02:00:00;2.01;3.7;18.5;22.5;19.0;57.0;;709.9;0.0;81.0;5.5;0.001;14.35;4.6;3.0
339;2024-01-15 03:00:00;1.98;3.9;20.7;24.9;18.0;51.0;;709.9;0.0;82.0;6.1;0.001;14.31;5.6;24.0
340;2024-01-15 04:00:00;2.09;3.8;24.0;28.0;15.0;59.0;;709.9;0.0;79.0;7.4;0.001;13.95;5.5;45.0
341;2024-01-15 05:00:00;2.16;5.0;25.0;30.3;12.0;68.0;;710.2;0.0;73.0;8.4;0.001;13.27;6.8;59.0
342;2024-01-15 06:00:00;2.17;12.4;24.9;37.5;11.0;86.0;;710.8;0.0;67.0;12.3;0.001;11.89;7.5;24.0
343;2024-01-15 07:00:00;2.1;19.1;23.9;43.2;10.0;80.0;;711.6;0.0;71.0;7.8;0.001;9.89;8.1;23.0
344;2024-01-15 08:00:00;2.37;35.9;21.7;57.9;9.0;90.0;;712.3;0.0;79.0;6.5;0.004;8.14;8.5;52.0
345;2024-01-15 09:00:00;2.28;28.1;18.8;47.1;10.0;100.0;;713.0;0.0;77.0;6.1;0.031;7.11;8.7;54.0
346;2024-01-15 10:00:00;2.21;38.3;18.2;56.8;11.0;100.0;;713.6;0.0;74.0;7.9;0.108;7.18;7.5;62.0
347;2024-01-15 11:00:00;2.16;35.9;18.3;54.4;13.0;97.0;;713.8;0.0;70.0;7.9;0.196;7.93;8.7;47.0
348;2024-01-15 12:00:00;2.13;35.4;18.3;53.9;15.0;93.0;;713.6;0.0;67.0;8.5;0.304;8.51;7.2;49.0
349;2024-01-15 13:00:00;2.24;38.1;22.5;60.9;17.0;98.0;;712.7;0.0;61.0;8.1;0.407;10.09;6.9;59.0
350;2024-01-15 14:00:00;2.24;28.1;26.4;54.7;22.0;102.0;;711.8;0.0;58.0;8.1;0.457;11.37;8.5;76.0
351;2024-01-15 15:00:00;2.21;20.2;25.0;45.3;27.0;96.0;;711.2;0.0;56.0;6.9;0.519;12.27;9.6;56.0
352;2024-01-15 16:00:00;2.18;21.6;20.0;41.9;20.0;93.0;;711.0;0.0;62.0;6.3;0.399;11.52;11.6;64.0
353;2024-01-15 17:00:00;2.17;20.1;15.3;35.6;15.0;81.0;;711.2;0.0;72.0;5.1;0.188;9.05;11.2;62.0
354;2024-01-15 18:00:00;2.14;19.2;16.6;36.1;11.0;69.0;;711.6;0.0;80.0;4.9;0.042;7.06;9.9;46.0
355;2024-01-15 19:00:00;2.15;23.1;18.1;41.4;10.0;70.0;;712.1;0.0;84.0;5.3;0.001;6.16;7.5;45.0
356;2024-01-15 20:00:00;2.16;23.0;18.3;41.5;10.0;76.0;;712.5;0.0;84.0;5.3;0.001;6.25;7.1;32.0
357;2024-01-15 21:00:00;2.07;23.5;18.7;42.4;10.0;69.0;;712.9;0.0;84.0;5.6;0.001;6.17;6.6;42.0
358;2024-01-15 22:00:00;2.03;23.6;18.8;42.7;;88.0;;713.2;0.0;84.0;6.2;0.001;5.89;7.3;40.0
359;2024-01-15 23:00:00;1.96;11.1;16.7;28.1;11.0;83.0;;713.6;0.0;87.0;5.4;0.001;5.58;7.3;34.0
360;2024-01-16 00:00:00;1.86;5.2;13.6;19.0;16.0;52.0;;714.4;0.0;87.0;4.7;0.001;5.13;9.3;45.0
361;2024-01-16 01:00:00;1.82;5.0;11.4;16.6;16.0;32.0;;715.1;0.0;87.0;4.5;0.001;4.58;10.3;51.0
362;2024-01-16 02:00:00;1.77;3.7;8.6;12.5;16.0;38.0;;715.8;0.0;88.0;3.9;0.001;3.05;12.8;12.0
363;2024-01-16 03:00:00;1.75;3.4;8.5;12.1;;24.0;;716.4;0.0;88.0;3.6;0.001;1.99;11.6;26.0
364;2024-01-16 04:00:00;1.74;3.9;9.9;14.0;15.0;25.0;;717.1;0.0;88.0;3.5;0.001;0.93;11.7;59.0
365;2024-01-16 05:00:00;1.75;4.2;10.1;14.5;16.0;22.0;;717.6;0.0;88.0;3.5;0.001;-0.06;11.5;50.0
366;2024-01-16 06:00:00;1.76;5.5;11.9;17.6;15.0;23.0;;718.2;0.0;88.0;3.4;0.001;-0.94;11.7;56.0
367;2024-01-16 07:00:00;1.78;5.0;10.7;15.9;18.0;22.0;;718.9;0.0;87.0;3.3;0.001;-1.74;12.6;46.0
368;2024-01-16 08:00:00;1.82;6.4;14.0;20.6;18.0;25.0;;719.5;0.0;86.0;3.5;0.004;-2.73;11.9;46.0
369;2024-01-16 09:00:00;;;;;;;;;;;;;;;
370;2024-01-16 10:00:00;0.57;4.6;9.7;14.4;9.0;382.0;25.0;;0.0;44.0;2.1;0.016;-1.83;4.2;75.0
371;2024-01-16 11:00:00;1.01;12.3;19.9;32.5;18.0;;33.0;720.3;0.0;82.0;3.9;0.071;-2.94;6.8;35.0
372;2024-01-16 12:00:00;0.98;16.5;20.7;37.4;17.0;48.0;31.0;719.9;0.0;78.0;4.1;0.116;-2.13;5.6;72.0
373;2024-01-16 13:00:00;1.12;16.6;19.1;35.9;18.0;56.0;38.0;719.1;0.0;76.0;4.1;0.139;-1.24;5.2;68.0
374;2024-01-16 14:00:00;1.27;20.9;20.8;42.0;17.0;56.0;44.0;718.2;0.0;72.0;4.6;0.163;-0.27;4.2;93.0
375;2024-01-16 15:00:00;1.37;26.9;22.7;49.7;14.0;68.0;56.0;717.7;0.0;72.0;5.2;0.117;0.14;5.1;52.0
376;2024-01-16 16:00:00;1.31;18.1;19.8;38.2;15.0;71.0;60.0;717.4;0.0;71.0;4.4;0.098;0.63;5.5;109.0
377;2024-01-16 17:00:00;1.31;10.7;16.7;27.7;18.0;61.0;44.0;717.4;0.0;68.0;3.8;0.098;1.35;4.8;138.0
378;2024-01-16 18:00:00;1.38;9.7;18.5;28.5;18.0;47.0;32.0;717.6;0.0;66.0;3.8;0.05;1.98;3.3;69.0
379;2024-01-16 19:00:00;1.62;13.3;24.9;38.4;11.0;43.0;36.0;717.8;0.0;69.0;3.9;0.002;1.18;1.9;266.0
380;2024-01-16 20:00:00;1.6;12.7;24.9;37.7;10.0;52.0;35.0;718.0;0.0;70.0;3.9;0.001;1.35;3.5;94.0
381;2024-01-16 21:00:00;1.48;6.2;19.7;26.1;12.0;48.0;32.0;718.5;0.0;71.0;3.5;0.002;1.49;5.6;112.0
382;2024-01-16 22:00:00;1.44;5.2;17.7;23.1;14.0;36.0;27.0;718.7;0.0;71.0;3.5;0.001;1.39;5.6;107.0
383;2024-01-16 23:00:00;1.44;5.8;18.6;24.6;13.0;34.0;28.0;718.8;0.0;71.0;3.6;0.001;1.3;5.9;93.0
384;2024-01-17 00:00:00;1.34;3.2;13.9;17.3;23.0;38.0;28.0;718.7;0.0;60.0;4.0;0.001;0.64;6.7;46.0
385;2024-01-17 01:00:00;1.33;3.0;10.8;14.1;25.0;37.0;21.0;718.3;0.0;59.0;3.8;0.001;0.56;6.3;39.0
386;2024-01-17 02:00:00;1.35;2.8;7.6;10.6;26.0;35.0;25.0;717.8;0.0;67.0;3.8;0.002;0.34;6.5;102.0
387;2024-01-17 03:00:00;1.35;2.7;6.4;9.4;27.0;33.0;27.0;717.4;0.0;67.0;3.9;0.001;0.13;8.1;111.0
388;2024-01-17 04:00:00;1.37;2.7;6.2;9.1;26.0;35.0;29.0;717.1;0.0;69.0;3.7;0.001;-0.14;7.9;115.0
389;2024-01-17 05:00:00;1.38;2.6;7.2;10.1;25.0;34.0;27.0;716.9;0.0;69.0;3.6;0.001;-0.45;6.2;105.0
390;2024-01-17 06:00:00;1.4;2.9;9.8;12.9;22.0;38.0;25.0;716.9;0.0;68.0;3.4;0.002;-0.76;4.0;105.0
391;2024-01-17 07:00:00;1.52;7.6;19.1;27.0;13.0;32.0;26.0;716.8;0.0;68.0;3.5;0.002;-1.25;2.7;255.0
392;2024-01-17 08:00:00;1.62;8.5;20.9;29.7;15.0;42.0;25.0;717.0;0.0;62.0;3.6;0.008;-0.86;4.8;54.0
393;2024-01-17 09:00:00;1.58;8.6;16.2;25.1;25.0;44.0;20.0;717.4;0.0;50.0;3.6;0.049;0.58;6.0;73.0
394;2024-01-17 10:00:00;1.59;11.4;13.9;25.6;27.0;42.0;21.0;717.4;0.0;48.0;3.8;0.192;2.23;4.8;28.0
395;2024-01-17 11:00:00;1.68;14.4;15.2;29.9;28.0;48.0;30.0;717.4;0.0;47.0;4.0;0.48;3.51;5.8;17.0
396;2024-01-17 12:00:00;1.66;11.7;14.7;26.8;32.0;54.0;34.0;716.7;0.0;45.0;4.0;0.568;4.6;6.0;56.0
397;2024-01-17 13:00:00;1.76;16.4;22.6;39.2;30.0;53.0;38.0;715.9;0.0;42.0;5.3;0.495;5.27;6.3;356.0
398;2024-01-17 14:00:00;1.78;18.7;27.5;46.4;31.0;66.0;47.0;715.0;0.0;38.0;7.2;0.513;6.73;5.0;57.0
399;2024-01-17 15:00:00;1.84;15.9;27.5;43.6;35.0;79.0;49.0;714.1;0.0;36.0;6.6;0.467;7.56;6.7;38.0
400;2024-01-17 16:00:00;1.76;8.4;20.9;29.6;40.0;77.0;42.0;713.7;0.0;37.0;4.2;0.303;7.64;7.6;53.0
401;2024-01-17 17:00:00;1.77;6.9;19.4;26.6;37.0;57.0;35.0;713.4;0.0;41.0;4.0;0.169;7.55;7.4;61.0
402;2024-01-17 18:00:00;1.83;6.1;25.8;32.1;28.0;52.0;36.74;713.4;0.0;46.0;4.3;0.046;7.17;6.4;31.0
403;2024-01-17 19:00:00;1.9;5.0;23.9;29.2;22.0;60.0;33.59;713.3;0.0;55.0;3.9;0.002;6.99;6.1;88.0
404;2024-01-17 20:00:00;2.01;9.7;31.0;41.0;15.0;44.0;30.77;713.5;0.0;56.0;4.1;0.001;6.66;5.8;79.0
405;2024-01-17 21:00:00;2.19;18.0;37.3;55.5;10.0;58.0;48.15;713.2;0.0;55.0;4.3;0.001;5.94;3.6;58.0
406;2024-01-17 22:00:00;2.17;24.5;35.7;60.4;10.0;67.0;52.26;713.4;0.0;56.0;4.8;0.002;5.13;2.9;15.0
407;2024-01-17 23:00:00;2.11;23.4;33.9;57.5;10.0;68.0;54.06;713.4;0.0;55.0;4.6;0.002;4.9;2.3;348.0
408;2024-01-18 00:00:00;2.14;37.4;33.2;70.9;;66.0;53.65;713.1;0.0;56.0;5.2;0.002;4.6;2.1;251.0
409;2024-01-18 01:00:00;2.39;60.2;35.4;95.9;;85.0;59.43;712.8;0.0;58.0;6.0;0.002;4.59;2.7;264.0
410;2024-01-18 02:00:00;2.42;56.1;35.0;91.4;;93.0;60.57;712.5;0.0;60.0;6.1;0.002;4.8;3.1;288.0
411;2024-01-18 03:00:00;2.48;64.5;34.5;99.2;;88.0;72.88;712.0;0.0;63.0;6.0;0.002;4.69;2.6;274.0
412;2024-01-18 04:00:00;2.58;85.5;34.8;120.7;;110.0;87.43;711.7;0.0;64.0;6.1;0.001;4.5;2.2;223.0
413;2024-01-18 05:00:00;2.57;83.7;35.9;120.0;;124.0;93.68;711.6;0.0;62.0;7.0;0.001;5.1;3.1;273.0
414;2024-01-18 06:00:00;2.5;68.9;36.9;106.0;;129.0;94.23;711.6;0.0;61.0;8.4;0.001;5.39;2.8;271.0
415;2024-01-18 07:00:00;2.81;89.9;36.2;126.4;;130.0;104.8;711.8;0.0;61.0;9.2;0.001;5.71;2.9;354.0
416;2024-01-18 08:00:00;3.16;144.1;38.9;183.2;11.0;163.0;121.37;711.9;0.0;58.0;12.8;0.009;6.93;2.8;306.0
417;2024-01-18 09:00:00;4.26;240.0;44.7;284.8;11.0;214.0;147.21;712.2;0.0;55.0;12.2;0.075;8.55;3.0;285.0
418;2024-01-18 10:00:00;4.74;254.6;54.9;309.7;11.0;261.0;141.76;712.4;0.0;46.0;11.8;0.178;12.01;2.7;88.0
419;2024-01-18 11:00:00;5.63;288.4;74.0;362.8;12.0;249.0;111.78;712.5;0.0;35.0;12.4;0.307;16.75;2.9;67.0
420;2024-01-18 12:00:00;4.61;180.6;88.9;269.5;14.0;208.0;124.66;712.0;0.0;27.0;11.2;0.432;20.29;3.3;39.0
421;2024-01-18 13:00:00;3.82;93.5;92.2;185.9;19.0;188.0;115.98;711.3;0.0;21.0;9.1;0.457;23.05;4.8;95.0
422;2024-01-18 14:00:00;3.27;53.2;81.2;134.6;24.0;153.0;97.84;710.4;0.0;18.0;7.2;0.46;25.47;5.5;74.0
423;2024-01-18 15:00:00;3.35;45.7;90.5;136.4;26.0;128.0;96.72;710.0;0.0;16.0;11.1;0.403;26.27;7.3;93.0
424;2024-01-18 16:00:00;2.52;14.8;56.6;71.7;36.0;159.0;65.41;709.9;0.0;14.0;5.5;0.31;27.16;5.9;109.0
425;2024-01-18 17:00:00;2.88;24.7;61.2;86.1;24.0;123.0;44.48;710.1;0.0;15.0;5.2;0.147;27.04;2.6;139.0
426;2024-01-18 18:00:00;4.09;82.5;68.5;151.2;11.0;148.0;50.89;710.3;0.0;22.0;6.4;0.049;24.05;2.6;284.0
427;2024-01-18 19:00:00;3.97;90.3;75.4;166.0;10.0;168.0;67.74;711.0;0.0;32.0;11.2;0.002;20.86;3.7;315.0
428;2024-01-18 20:00:00;3.04;49.1;67.5;116.9;10.0;154.0;83.45;711.7;0.0;36.0;14.8;0.001;18.56;4.2;297.0
429;2024-01-18 21:00:00;2.81;17.3;58.2;75.6;10.0;143.0;64.45;712.2;0.0;38.0;8.9;0.001;17.37;3.9;269.0
430;2024-01-18 22:00:00;2.8;9.8;54.2;64.3;11.0;105.0;66.83;712.7;0.0;42.0;7.5;0.001;16.53;4.0;242.0
431;2024-01-18 23:00:00;3.15;32.2;56.4;88.7;10.0;97.0;69.28;712.9;0.0;44.0;7.4;0.001;16.17;3.2;266.0
432;2024-01-19 00:00:00;3.45;72.6;59.1;132.0;10.0;100.0;78.66;713.0;0.0;44.0;10.4;0.001;15.54;3.6;217.0
433;2024-01-19 01:00:00;3.48;94.5;58.2;153.1;11.0;132.0;101.81;712.9;0.0;42.0;16.6;0.001;15.42;3.3;304.0
434;2024-01-19 02:00:00;2.73;56.6;47.6;104.5;10.0;173.0;74.12;712.8;0.0;38.0;16.4;0.001;15.56;4.7;243.0
435;2024-01-19 03:00:00;2.71;68.5;45.4;114.2;10.0;126.0;73.61;712.8;0.0;38.0;12.0;0.001;14.99;3.4;341.0
436;2024-01-19 04:00:00;2.67;56.3;44.5;101.1;10.0;147.0;76.53;713.1;0.0;42.0;9.8;0.001;14.08;3.9;241.0
437;2024-01-19 05:00:00;2.77;50.7;45.4;96.4;;152.0;87.88;713.4;0.0;45.0;9.9;0.001;13.44;3.1;329.0
438;2024-01-19 06:00:00;2.39;38.0;35.6;73.8;;155.0;60.91;714.0;0.0;43.0;8.1;0.001;12.59;3.8;256.0
439;2024-01-19 07:00:00;2.23;27.8;34.0;62.0;;105.0;39.33;714.6;0.0;34.0;8.4;0.001;14.99;3.6;263.0
440;2024-01-19 08:00:00;2.65;70.8;37.3;108.5;11.0;82.0;45.98;715.3;0.0;35.0;14.6;0.009;14.54;3.7;240.0
441;2024-01-19 09:00:00;2.98;103.8;40.6;144.8;12.0;111.0;56.5;715.8;0.0;30.0;17.2;0.041;17.19;3.8;241.0
442;2024-01-19 10:00:00;3.61;111.4;58.7;170.4;14.0;146.0;67.88;716.3;0.0;27.0;13.6;0.206;20.1;4.3;20.0
443;2024-01-19 11:00:00;2.09;16.2;25.9;42.4;33.0;172.0;53.81;717.1;0.0;29.0;9.5;0.475;18.62;12.0;25.0
444;2024-01-19 12:00:00;1.98;9.9;21.9;32.2;45.0;150.0;29.05;717.3;0.0;28.0;6.4;0.586;19.82;11.5;40.0
445;2024-01-19 13:00:00;1.98;9.1;23.2;32.5;53.0;116.0;30.76;716.9;0.0;32.0;8.8;0.643;20.23;11.7;42.0
446;2024-01-19 14:00:00;2.03;8.8;23.7;32.7;57.0;83.0;35.63;716.2;0.0;35.0;8.8;0.626;20.66;13.0;16.0
447;2024-01-19 15:00:00;1.99;6.9;19.8;27.0;60.0;88.0;27.62;715.9;0.0;36.0;6.8;0.539;20.28;14.2;14.0
448;2024-01-19 16:00:00;2.0;6.4;21.3;27.9;57.0;94.0;25.95;716.0;0.0;42.0;8.2;0.261;19.38;15.3;35.0
449;2024-01-19 17:00:00;2.0;4.8;16.1;21.2;55.0;82.0;23.94;716.2;0.0;50.0;8.4;0.076;18.17;14.5;65.0
450;2024-01-19 18:00:00;1.95;4.1;12.8;17.1;52.0;63.0;20.35;716.7;0.0;53.0;5.8;0.021;17.07;14.1;100.0
451;2024-01-19 19:00:00;1.9;4.0;13.8;18.0;50.0;49.0;16.97;717.3;0.0;47.0;4.9;0.002;15.79;14.3;99.0
452;2024-01-19 20:00:00;1.84;3.6;12.7;16.5;50.0;49.0;15.46;718.0;0.0;42.0;4.7;0.001;14.77;14.5;90.0
453;2024-01-19 21:00:00;1.78;3.4;10.9;14.5;50.0;44.0;17.67;718.4;0.0;41.0;5.3;0.001;14.08;15.1;100.0
454;2024-01-19 22:00:00;1.8;3.5;12.1;15.7;46.0;46.0;16.24;718.7;0.0;45.0;4.0;0.001;13.27;14.2;76.0
455;2024-01-19 23:00:00;1.76;3.2;9.6;13.1;48.0;45.0;15.82;719.0;0.0;45.0;3.9;0.001;12.72;13.7;90.0
456;2024-01-20 00:00:00;1.72;3.0;7.7;11.0;51.0;46.0;14.45;719.1;0.0;44.0;3.8;0.001;12.27;11.6;106.0
457;2024-01-20 01:00:00;1.7;2.9;7.0;10.1;51.0;40.0;13.36;718.7;0.0;41.0;3.7;0.001;11.8;12.7;109.0
458;2024-01-20 02:00:00;1.68;2.8;6.6;9.6;52.0;39.0;12.83;718.5;0.0;39.0;3.9;0.001;11.43;12.4;96.0
459;2024-01-20 03:00:00;1.69;2.8;7.9;10.9;48.0;41.0;16.14;718.4;0.0;41.0;6.2;0.001;10.6;13.4;63.0
460;2024-01-20 04:00:00;1.69;2.8;7.6;10.6;44.0;48.0;15.87;718.2;0.0;48.0;3.7;0.001;9.45;14.2;74.0
461;2024-01-20 05:00:00;1.72;2.8;8.0;10.9;41.0;44.0;18.52;718.2;0.0;55.0;5.4;0.001;9.06;10.6;77.0
462;2024-01-20 06:00:00;1.71;2.8;7.0;9.9;43.0;44.0;20.73;718.5;0.0;56.0;4.7;0.001;8.87;9.3;98.0
463;2024-01-20 07:00:00;1.74;3.4;18.8;22.4;31.0;41.0;20.17;719.1;0.0;55.0;5.3;0.001;8.28;9.5;46.0
464;2024-01-20 08:00:00;1.78;4.9;28.0;33.1;20.0;50.0;23.27;719.7;0.0;51.0;7.0;0.004;7.75;10.6;31.0
465;2024-01-20 09:00:00;1.83;7.1;29.2;36.4;20.0;56.0;26.28;720.2;0.0;50.0;5.7;0.021;7.42;9.0;43.0
466;2024-01-20 10:00:00;1.88;8.3;24.5;33.0;23.0;65.0;30.27;720.3;0.0;50.0;5.1;0.074;7.43;9.7;37.0
467;2024-01-20 11:00:00;1.85;7.2;18.0;25.5;30.0;63.0;29.76;720.2;0.0;49.0;4.6;0.144;7.93;11.1;35.0
468;2024-01-20 12:00:00;1.89;6.7;17.9;24.9;30.0;59.0;29.1;719.6;0.0;48.0;4.0;0.117;8.3;10.6;34.0
469;2024-01-20 13:00:00;1.87;7.0;17.6;24.8;29.0;63.0;32.89;718.8;0.0;47.0;3.9;0.119;8.14;11.3;38.0
470;2024-01-20 14:00:00;1.88;7.7;17.6;25.6;29.0;59.0;32.61;718.1;0.0;46.0;4.0;0.118;8.0;13.2;44.0
471;2024-01-20 15:00:00;1.88;7.4;16.9;24.5;29.0;62.0;30.69;717.8;0.0;45.0;3.9;0.126;7.8;14.4;37.0
472;2024-01-20 16:00:00;1.8;7.8;13.1;21.1;33.0;63.0;31.5;717.9;0.0;42.0;4.0;0.393;8.1;13.4;56.0
473;2024-01-20 17:00:00;1.78;6.9;13.9;21.1;33.0;57.0;28.7;718.0;0.0;46.0;6.0;0.271;7.88;14.3;49.0
474;2024-01-20 18:00:00;1.8;4.3;16.4;20.9;30.0;66.0;30.79;718.2;0.0;54.0;5.8;0.047;6.76;13.7;47.0
475;2024-01-20 19:00:00;1.85;4.0;21.4;25.6;24.0;62.0;37.51;718.5;0.0;65.0;6.9;0.002;5.77;10.9;45.0
476;2024-01-20 20:00:00;1.93;3.8;19.8;23.8;24.0;67.0;47.17;718.8;0.0;75.0;5.2;0.001;5.01;9.2;39.0
477;2024-01-20 21:00:00;1.88;3.8;18.4;22.4;21.0;64.0;58.45;718.9;0.0;81.0;4.7;0.001;4.43;8.6;43.0
478;2024-01-20 22:00:00;1.88;5.4;20.6;26.2;16.0;57.0;52.48;719.0;0.0;85.0;4.4;0.001;4.18;7.3;40.0
479;2024-01-20 23:00:00;1.86;8.3;21.4;30.0;13.0;44.0;;718.7;0.0;87.0;4.6;0.001;4.04;7.0;45.0
480;2024-01-21 00:00:00;1.84;9.4;21.6;31.3;11.0;35.0;;718.3;0.0;88.0;5.0;0.001;3.99;6.8;35.0
481;2024-01-21 01:00:00;1.81;8.5;22.6;31.4;11.0;48.0;;718.1;0.0;89.0;4.9;0.001;3.99;7.5;23.0
482;2024-01-21 02:00:00;1.82;10.6;23.9;34.7;11.0;40.0;;717.9;0.0;89.0;5.2;0.001;4.02;6.7;54.0
483;2024-01-21 03:00:00;1.82;5.5;20.0;25.8;13.0;46.0;;717.4;0.0;89.0;4.8;0.001;4.12;6.2;42.0
484;2024-01-21 04:00:00;1.82;4.0;18.5;22.8;14.0;40.0;;717.1;0.0;89.0;4.8;0.001;4.1;5.4;5.0
485;2024-01-21 05:00:00;1.95;3.2;15.9;19.2;17.0;36.0;;716.7;0.0;90.0;5.0;0.001;4.15;2.5;24.0
486;2024-01-21 06:00:00;1.92;5.2;22.5;27.9;11.0;32.0;;716.2;0.0;89.0;5.3;0.001;4.25;1.8;70.0
487;2024-01-21 07:00:00;1.91;4.8;23.2;28.3;10.0;30.0;;716.3;0.0;90.0;5.1;0.001;4.49;1.7;352.0
488;2024-01-21 08:00:00;1.95;7.8;22.8;30.8;10.0;34.0;;716.4;0.0;90.0;4.7;0.003;4.78;1.9;20.0
489;2024-01-21 09:00:00;2.0;16.2;21.8;38.3;9.0;37.0;;716.6;0.0;90.0;4.7;0.018;5.0;2.0;39.0
490;2024-01-21 10:00:00;2.21;21.3;22.4;43.9;11.0;49.0;;716.7;0.0;90.0;4.7;0.049;5.44;3.1;39.0
491;2024-01-21 11:00:00;2.22;13.7;22.1;36.0;15.0;52.0;;716.9;0.0;90.0;4.5;0.074;5.8;3.1;12.0
492;2024-01-21 12:00:00;2.16;12.0;19.0;31.2;21.0;48.0;;716.3;0.0;88.0;4.3;0.181;7.04;2.9;84.0
493;2024-01-21 13:00:00;2.28;12.5;20.8;33.6;23.0;49.0;;715.5;0.0;82.0;4.2;0.176;8.03;4.5;36.0
494;2024-01-21 14:00:00;2.39;22.9;27.9;51.0;18.0;49.0;;714.6;0.0;81.0;4.7;0.144;8.08;6.1;42.0
495;2024-01-21 15:00:00;2.19;23.1;28.2;51.4;14.0;69.0;;714.2;0.0;83.0;4.9;0.102;7.84;6.6;47.0
496;2024-01-21 16:00:00;2.16;17.0;26.3;43.5;15.0;65.0;;714.2;0.0;82.0;4.7;0.071;8.04;4.7;45.0
497;2024-01-21 17:00:00;2.27;13.8;26.6;40.6;13.0;58.0;;714.2;0.0;83.0;4.5;0.028;8.05;3.2;35.0
498;2024-01-21 18:00:00;2.3;16.6;27.9;44.7;10.0;74.0;;714.0;0.0;85.0;4.7;0.008;7.81;5.6;94.0
499;2024-01-21 19:00:00;2.26;17.5;27.9;45.5;9.0;72.0;;714.6;0.0;86.0;4.8;0.001;7.86;4.3;99.0
500;2024-01-21 20:00:00;2.36;26.7;27.3;54.1;9.0;70.0;;714.6;0.0;87.0;4.9;0.001;7.87;7.4;73.0
501;2024-01-21 21:00:00;2.25;22.1;21.7;44.1;9.0;72.0;;714.1;0.0;89.0;4.8;0.001;7.57;6.6;61.0
502;2024-01-21 22:00:00;2.17;14.8;22.6;37.7;;40.0;;714.7;0.0;89.0;4.5;0.001;7.63;4.8;345.0
503;2024-01-21 23:00:00;2.39;24.9;22.3;47.4;;47.0;;714.9;0.0;89.0;5.2;0.001;7.81;4.2;83.0
504;2024-01-22 00:00:00;2.4;30.1;20.9;51.2;;57.0;;714.2;0.0;89.0;5.4;0.001;7.49;3.0;146.0
505;2024-01-22 01:00:00;2.45;34.0;19.6;53.8;;69.0;;713.9;0.0;90.0;5.3;0.001;7.69;2.6;278.0
506;2024-01-22 02:00:00;2.36;27.0;22.8;49.9;;63.0;;713.3;0.0;89.0;4.9;0.001;8.52;5.7;221.0
507;2024-01-22 03:00:00;2.32;24.8;21.2;46.2;;61.0;;712.5;0.0;89.0;4.8;0.001;8.62;3.7;261.0
508;2024-01-22 04:00:00;2.29;23.3;22.4;45.9;;59.0;;712.7;0.0;89.0;4.7;0.001;9.21;5.0;249.0
509;2024-01-22 05:00:00;2.3;22.7;22.3;45.2;;61.0;;712.9;0.0;89.0;4.6;0.001;10.04;4.0;221.0
510;2024-01-22 06:00:00;2.44;29.0;21.1;50.3;;89.0;;712.7;0.0;89.0;4.8;0.001;10.33;3.5;159.0
511;2024-01-22 07:00:00;2.48;35.9;21.9;58.1;;84.0;;712.3;0.0;87.0;4.6;0.001;11.6;7.2;181.0
512;2024-01-22 08:00:00;2.31;23.2;23.3;46.6;10.0;64.0;;711.5;0.0;79.0;4.5;0.008;13.3;8.6;50.0
513;2024-01-22 09:00:00;3.11;78.7;25.7;104.7;10.0;45.0;;711.9;0.0;83.0;6.3;0.078;11.71;4.9;61.0
514;2024-01-22 10:00:00;3.43;101.4;28.6;130.3;11.0;69.0;;712.2;0.0;82.0;6.4;0.241;12.79;4.2;37.0
515;2024-01-22 11:00:00;3.58;95.2;44.5;140.0;13.0;84.0;;712.0;0.0;72.0;6.3;0.43;15.46;5.6;15.0
516;2024-01-22 12:00:00;3.1;43.8;46.1;90.2;21.0;88.0;;711.3;0.0;64.0;5.2;0.478;17.51;5.5;357.0
517;2024-01-22 13:00:00;2.74;26.2;42.6;69.0;28.0;85.0;;710.2;0.0;55.0;4.9;0.5;19.96;4.5;354.0
518;2024-01-22 14:00:00;3.24;30.9;68.2;99.2;31.0;73.0;;709.2;0.0;52.0;6.1;0.494;21.27;6.0;60.0
519;2024-01-22 15:00:00;3.1;24.2;67.4;91.8;35.0;143.0;;708.9;0.0;57.0;7.7;0.376;20.39;8.5;69.0
520;2024-01-22 16:00:00;2.54;8.7;38.1;47.0;41.0;154.0;;708.9;0.0;61.0;6.2;0.195;19.88;6.5;73.0
521;2024-01-22 17:00:00;2.57;7.7;41.0;48.9;35.0;105.0;;708.9;0.0;64.0;6.8;0.117;19.66;5.8;61.0
522;2024-01-22 18:00:00;2.75;15.2;57.4;72.7;21.0;102.0;;709.4;0.0;66.0;11.0;0.043;19.28;6.7;36.0
523;2024-01-22 19:00:00;3.27;23.5;60.2;83.9;10.0;136.0;;709.4;0.0;71.0;10.4;0.002;18.18;2.6;37.0
524;2024-01-22 20:00:00;3.09;23.0;49.9;73.1;9.0;134.0;;710.3;0.0;74.0;8.0;0.001;17.58;3.4;278.0
525;2024-01-22 21:00:00;3.03;32.7;51.4;84.3;9.0;121.0;;710.8;0.0;73.0;8.5;0.001;17.79;3.6;158.0
526;2024-01-22 22:00:00;3.03;36.7;44.2;81.1;9.0;125.0;;710.8;0.0;78.0;7.3;0.001;16.82;2.7;254.0
527;2024-01-22 23:00:00;3.03;40.7;41.2;82.2;;111.0;;710.9;0.0;79.0;6.5;0.001;16.67;2.0;278.0
528;2024-01-23 00:00:00;3.11;43.3;45.1;88.7;;103.0;91.99;710.8;0.0;78.0;6.9;0.001;16.71;4.0;230.0
529;2024-01-23 01:00:00;3.0;37.0;37.3;74.6;;143.0;105.04;710.8;0.0;81.0;6.6;0.001;15.83;2.0;198.0
530;2024-01-23 02:00:00;2.9;35.4;35.1;70.7;;122.0;;710.4;0.0;83.0;6.1;0.001;15.54;2.0;264.0
531;2024-01-23 03:00:00;2.72;23.6;33.1;56.8;;124.0;93.77;710.2;0.0;82.0;5.5;0.001;15.56;2.6;202.0
532;2024-01-23 04:00:00;2.79;34.3;30.0;64.4;;99.0;87.16;710.0;0.0;83.0;5.9;0.001;15.12;2.7;274.0
533;2024-01-23 05:00:00;2.74;37.4;26.0;63.5;;115.0;;709.8;0.0;85.0;5.8;0.001;14.66;2.5;217.0
534;2024-01-23 06:00:00;2.67;30.4;27.7;58.3;;114.0;;709.7;0.0;84.0;5.4;0.001;14.88;2.2;259.0
535;2024-01-23 07:00:00;2.99;44.7;22.6;67.6;;108.0;91.34;709.8;0.0;84.0;5.4;0.001;14.15;2.5;204.0
536;2024-01-23 08:00:00;3.3;84.3;25.8;110.3;10.0;101.0;89.85;709.9;0.0;85.0;6.2;0.011;14.22;2.6;253.0
537;2024-01-23 09:00:00;3.76;124.4;31.3;156.1;10.0;139.0;;710.0;0.0;82.0;7.0;0.082;15.21;2.6;232.0
538;2024-01-23 10:00:00;3.83;106.4;40.3;147.1;10.0;186.0;83.0;710.4;0.0;75.0;7.7;0.144;16.92;3.2;181.0
539;2024-01-23 11:00:00;3.8;81.3;48.3;129.9;12.0;168.0;81.24;710.4;0.0;72.0;7.8;0.184;18.07;2.9;330.0
540;2024-01-23 12:00:00;3.73;51.4;54.3;105.9;17.0;154.0;75.86;710.1;0.0;67.0;8.5;0.359;19.75;4.1;32.0
541;2024-01-23 13:00:00;3.36;37.9;61.2;99.3;22.0;140.0;83.62;709.3;0.0;62.0;10.5;0.364;21.19;4.6;25.0
542;2024-01-23 14:00:00;2.97;26.7;58.1;85.0;28.0;140.0;66.54;708.6;0.0;63.0;10.8;0.384;21.19;7.5;70.0
543;2024-01-23 15:00:00;2.58;20.3;48.6;69.1;33.0;158.0;54.37;708.2;0.0;62.0;10.8;0.448;21.87;7.7;56.0
544;2024-01-23 16:00:00;2.37;11.7;38.4;50.3;33.0;141.0;52.48;708.1;0.0;64.0;11.3;0.229;21.42;8.3;76.0
545;2024-01-23 17:00:00;2.44;6.4;35.1;41.7;42.0;114.0;45.08;708.3;0.0;67.0;12.9;0.076;20.7;7.6;67.0
546;2024-01-23 18:00:00;2.33;5.0;29.2;34.4;40.0;121.0;37.21;708.6;0.0;70.0;17.3;0.019;20.08;8.1;66.0
547;2024-01-23 19:00:00;2.37;5.6;34.1;39.9;21.0;98.0;24.31;709.2;0.0;73.0;12.9;0.002;19.64;7.2;27.0
548;2024-01-23 20:00:00;2.31;9.8;27.3;37.3;11.0;88.0;23.23;709.9;0.0;77.0;9.3;0.001;17.73;8.2;47.0
549;2024-01-23 21:00:00;2.19;15.7;26.6;42.5;9.0;63.0;23.18;710.2;0.0;80.0;6.8;0.001;16.92;7.0;77.0
550;2024-01-23 22:00:00;2.19;11.9;25.9;38.0;10.0;59.0;24.72;710.6;0.0;78.0;6.3;0.001;16.83;6.3;97.0
551;2024-01-23 23:00:00;2.14;10.5;25.9;36.6;9.0;65.0;20.16;710.5;0.0;77.0;6.0;0.001;16.8;4.3;161.0
552;2024-01-24 00:00:00;2.01;4.5;18.6;23.3;17.0;57.0;20.16;710.2;0.0;76.0;5.5;0.001;17.09;3.3;204.0
553;2024-01-24 01:00:00;1.94;3.7;15.1;19.0;19.0;49.0;18.23;709.7;0.0;76.0;5.0;0.001;17.15;2.9;223.0
554;2024-01-24 02:00:00;2.08;6.1;20.0;26.3;13.0;46.0;21.77;709.7;0.0;77.0;4.9;0.001;17.12;3.2;267.0
555;2024-01-24 03:00:00;2.18;11.3;24.2;35.7;9.0;52.0;25.18;709.5;0.0;77.0;4.9;0.001;16.97;2.8;252.0
556;2024-01-24 04:00:00;2.19;12.5;22.5;35.2;9.0;57.0;24.76;709.5;0.0;77.0;4.7;0.001;16.97;2.2;162.0
557;2024-01-24 05:00:00;2.19;14.0;19.9;34.2;9.0;58.0;28.29;709.5;0.0;79.0;4.5;0.001;16.81;2.0;327.0
558;2024-01-24 06:00:00;2.21;16.9;20.8;38.0;;58.0;29.55;709.5;0.0;79.0;4.5;0.001;16.69;2.2;117.0
559;2024-01-24 07:00:00;2.53;39.7;20.1;60.1;;76.0;33.13;709.7;0.0;81.0;4.9;0.001;16.18;2.6;274.0
560;2024-01-24 08:00:00;2.75;60.4;24.0;84.6;;83.0;32.45;710.2;0.0;81.0;5.7;0.005;16.34;5.0;53.0
561;2024-01-24 09:00:00;2.6;48.0;25.2;73.4;10.0;107.0;31.89;710.9;0.0;79.0;5.6;0.03;16.48;5.7;88.0
562;2024-01-24 10:00:00;2.65;51.2;28.2;79.7;11.0;95.0;26.29;711.3;0.0;74.0;5.9;0.083;17.02;4.2;89.0
563;2024-01-24 11:00:00;2.41;28.2;26.9;55.3;14.0;106.0;24.58;711.5;0.0;69.0;5.7;0.209;18.0;5.0;82.0
564;2024-01-24 12:00:00;2.19;19.9;26.0;46.1;21.0;82.0;30.51;711.5;0.0;65.0;5.6;0.271;18.91;6.6;43.0
565;2024-01-24 13:00:00;2.34;14.8;24.7;39.7;27.0;75.0;30.65;710.9;0.0;61.0;5.3;0.333;20.05;5.0;351.0
566;2024-01-24 14:00:00;2.39;12.2;26.1;38.5;29.0;81.0;23.56;710.2;0.0;60.0;5.1;0.251;20.21;6.4;54.0
567;2024-01-24 15:00:00;2.11;9.0;20.2;29.5;28.0;71.0;21.82;709.8;0.0;61.0;5.1;0.17;19.79;9.4;72.0
568;2024-01-24 16:00:00;2.06;8.5;22.1;30.8;25.0;67.0;20.17;709.6;0.0;63.0;5.0;0.099;19.47;9.2;39.0
569;2024-01-24 17:00:00;2.1;9.9;22.5;32.6;18.0;68.0;21.61;710.1;0.0;67.0;4.9;0.049;18.7;10.4;3.0
570;2024-01-24 18:00:00;2.19;10.5;25.2;35.8;15.0;64.0;19.99;710.4;0.0;71.0;4.6;0.021;17.64;8.9;34.0
571;2024-01-24 19:00:00;2.29;8.6;21.9;30.7;16.0;65.0;19.68;710.6;0.0;73.0;4.4;0.002;17.12;9.6;32.0
572;2024-01-24 20:00:00;2.26;6.0;19.8;26.1;15.0;54.0;24.57;711.1;0.0;75.0;4.2;0.001;16.8;9.0;33.0
573;2024-01-24 21:00:00;2.38;5.6;20.4;26.3;13.0;55.0;24.97;711.5;0.0;77.0;4.4;0.001;16.46;6.2;40.0
574;2024-01-24 22:00:00;2.22;9.9;22.6;32.7;10.0;60.0;23.11;712.2;0.0;80.0;4.5;0.001;16.16;5.9;129.0
575;2024-01-24 23:00:00;2.2;9.1;23.4;32.8;11.0;56.0;20.0;712.8;0.0;81.0;4.5;0.001;16.01;5.9;107.0
576;2024-01-25 00:00:00;2.13;5.4;20.5;26.2;13.0;47.0;21.69;713.0;0.0;79.0;4.7;0.001;16.05;5.2;119.0
577;2024-01-25 01:00:00;1.98;4.4;17.5;22.1;14.0;52.0;17.24;713.1;0.0;80.0;4.5;0.001;15.96;6.8;102.0
578;2024-01-25 02:00:00;2.08;3.4;11.7;15.3;20.0;44.0;12.47;713.4;0.0;82.0;4.1;0.001;15.14;7.2;33.0
579;2024-01-25 03:00:00;1.89;3.8;12.4;16.4;21.0;41.0;6.76;713.5;0.0;85.0;4.1;0.001;14.15;7.2;82.0
580;2024-01-25 04:00:00;1.92;4.2;19.4;23.8;12.0;27.0;10.52;713.4;0.0;87.0;4.2;0.001;13.92;3.9;160.0
581;2024-01-25 05:00:00;1.86;3.0;12.1;15.3;17.0;27.0;7.41;713.2;0.0;86.0;3.8;0.001;14.48;3.1;167.0
582;2024-01-25 06:00:00;1.9;3.6;12.3;16.1;14.0;24.0;6.56;713.2;0.0;83.0;3.8;0.001;15.0;2.1;134.0
583;2024-01-25 07:00:00;2.33;30.2;16.9;47.5;9.0;26.0;7.38;713.3;0.0;84.0;4.0;0.001;14.54;1.7;110.0
584;2024-01-25 08:00:00;2.48;44.2;18.3;62.8;9.0;28.0;6.52;713.6;0.0;85.0;4.4;0.009;14.17;1.8;136.0
585;2024-01-25 09:00:00;2.51;38.4;21.0;59.7;12.0;30.0;10.42;713.9;0.0;77.0;4.4;0.051;16.12;7.2;82.0
586;2024-01-25 10:00:00;2.39;41.3;24.5;66.0;14.0;52.0;23.14;714.3;0.0;73.0;4.8;0.237;16.88;6.0;52.0
587;2024-01-25 11:00:00;2.33;27.2;26.1;53.4;22.0;79.0;21.8;714.3;0.0;66.0;4.8;0.478;18.37;7.3;33.0
588;2024-01-25 12:00:00;2.04;20.5;25.2;46.0;28.0;65.0;19.14;713.9;0.0;58.0;7.2;0.597;19.56;10.0;29.0
589;2024-01-25 13:00:00;1.96;10.6;17.2;28.1;40.0;59.0;11.62;713.1;0.0;54.0;11.5;0.519;20.56;11.5;37.0
590;2024-01-25 14:00:00;1.91;5.7;10.9;16.8;45.0;51.0;7.36;712.1;0.0;50.0;6.3;0.369;21.29;12.4;53.0
591;2024-01-25 15:00:00;1.88;5.1;9.1;14.5;45.0;39.0;6.76;711.5;0.0;49.0;5.3;0.491;21.99;15.5;69.0
592;2024-01-25 16:00:00;1.87;4.9;8.7;13.9;42.0;33.0;5.94;711.1;0.0;50.0;4.7;0.432;22.09;14.1;96.0
593;2024-01-25 17:00:00;1.86;4.2;8.4;12.8;41.0;36.0;5.69;711.1;0.0;52.0;4.2;0.281;21.64;13.5;112.0
594;2024-01-25 18:00:00;1.89;4.5;10.9;15.6;36.0;39.0;5.82;711.3;0.0;56.0;3.9;0.071;20.62;13.4;122.0
595;2024-01-25 19:00:00;1.98;5.1;16.2;21.5;28.0;36.0;6.54;711.3;0.0;62.0;3.9;0.003;19.49;10.8;114.0
596;2024-01-25 20:00:00;1.93;5.9;14.5;20.7;27.0;36.0;6.95;711.4;0.0;66.0;3.7;0.001;18.77;11.9;117.0
597;2024-01-25 21:00:00;1.88;4.9;11.7;16.9;29.0;34.0;6.85;711.7;0.0;70.0;3.5;0.001;18.16;9.6;116.0
598;2024-01-25 22:00:00;1.88;2.9;8.6;11.8;30.0;30.0;7.59;711.8;0.0;72.0;3.5;0.001;17.74;10.7;73.0
599;2024-01-25 23:00:00;1.95;3.1;13.6;16.9;22.0;34.0;9.54;712.1;0.0;75.0;3.5;0.001;17.11;5.0;103.0
600;2024-01-26 00:00:00;1.92;3.1;12.8;16.0;22.0;38.0;8.77;712.1;0.0;75.0;3.5;0.001;17.24;4.4;98.0
601;2024-01-26 01:00:00;1.89;2.7;8.4;11.4;27.0;27.0;7.98;711.8;0.0;75.0;3.4;0.001;17.22;4.8;88.0
602;2024-01-26 02:00:00;1.82;2.5;4.7;7.4;32.0;32.0;6.63;711.6;0.0;74.0;3.4;0.001;17.36;6.1;97.0
603;2024-01-26 03:00:00;1.81;2.5;4.3;7.0;36.0;22.0;5.69;711.3;0.0;74.0;3.3;0.001;17.28;6.6;107.0
604;2024-01-26 04:00:00;1.8;2.5;3.8;6.5;39.0;26.0;5.58;711.2;0.0;74.0;3.4;0.001;17.25;7.1;107.0
605;2024-01-26 05:00:00;1.81;2.3;5.1;7.6;34.0;25.0;6.03;710.8;0.0;75.0;3.3;0.001;17.08;3.8;108.0
606;2024-01-26 06:00:00;1.86;2.4;9.9;12.5;31.0;25.0;7.32;710.6;0.0;77.0;3.3;0.001;16.71;4.8;52.0
607;2024-01-26 07:00:00;2.07;9.9;24.2;34.2;14.0;31.0;13.0;710.9;0.0;79.0;3.6;0.001;16.5;2.5;360.0
608;2024-01-26 08:00:00;2.26;21.9;27.7;49.7;10.0;50.0;20.09;711.2;0.0;80.0;4.3;0.009;16.4;2.2;306.0
609;2024-01-26 09:00:00;2.25;23.8;25.2;49.1;13.0;77.0;19.74;711.1;0.0;72.0;4.1;0.079;18.04;3.6;166.0
610;2024-01-26 10:00:00;1.94;8.1;13.0;21.3;28.0;64.0;18.79;711.2;0.0;58.0;3.8;0.232;20.14;4.3;34.0
611;2024-01-26 11:00:00;2.05;12.4;19.0;31.6;30.0;47.0;22.69;711.2;0.0;55.0;4.1;0.488;21.25;5.3;74.0
612;2024-01-26 12:00:00;2.27;18.9;30.6;49.7;32.0;56.0;36.92;710.5;0.0;54.0;4.8;0.601;21.72;6.5;29.0
613;2024-01-26 13:00:00;2.34;20.8;38.7;59.8;34.0;82.0;42.55;709.7;0.0;55.0;7.0;0.622;22.2;7.2;56.0
614;2024-01-26 14:00:00;2.34;13.5;37.6;51.3;44.0;93.0;44.21;708.9;0.0;51.0;8.5;0.538;23.13;6.7;61.0
615;2024-01-26 15:00:00;2.33;8.9;34.2;43.2;60.0;93.0;39.47;708.5;0.0;47.0;7.4;0.54;24.56;6.4;72.0
616;2024-01-26 16:00:00;2.32;6.3;30.3;36.8;73.0;87.0;33.47;708.3;0.0;43.0;5.8;0.433;25.66;6.8;77.0
617;2024-01-26 17:00:00;2.25;4.9;26.7;31.8;76.0;83.0;31.27;708.5;0.0;41.0;5.2;0.23;25.61;8.6;60.0
618;2024-01-26 18:00:00;2.26;4.1;29.4;33.8;64.0;92.0;27.14;709.1;0.0;41.0;4.9;0.056;25.16;7.4;72.0
619;2024-01-26 19:00:00;2.31;3.8;32.8;36.8;44.0;93.0;26.33;709.9;0.0;48.0;4.8;0.004;23.61;9.3;67.0
620;2024-01-26 20:00:00;2.28;4.3;28.8;33.3;22.0;85.0;21.69;710.6;0.0;56.0;4.5;0.001;21.92;5.9;68.0
621;2024-01-26 21:00:00;2.37;4.9;30.9;36.0;19.0;67.0;22.43;711.2;0.0;61.0;4.3;0.001;21.06;5.0;30.0
622;2024-01-26 22:00:00;2.12;6.9;27.4;34.6;18.0;70.0;21.08;712.2;0.0;63.0;6.0;0.001;20.72;9.9;37.0
623;2024-01-26 23:00:00;2.21;8.3;27.6;36.1;16.0;63.0;21.27;713.2;0.0;67.0;6.7;0.001;20.17;9.7;7.0
624;2024-01-27 00:00:00;2.14;4.2;11.5;15.8;32.0;70.0;11.68;713.8;0.0;71.0;5.2;0.001;19.34;9.6;353.0
625;2024-01-27 01:00:00;1.95;3.0;6.4;9.6;40.0;47.0;9.38;714.2;0.0;70.0;4.4;0.001;18.77;11.7;357.0
626;2024-01-27 02:00:00;1.98;2.7;8.0;10.9;40.0;36.0;8.99;714.6;0.0;66.0;4.3;0.001;18.64;5.9;37.0
627;2024-01-27 03:00:00;1.91;2.7;9.9;12.7;37.0;36.0;9.15;714.9;0.0;66.0;4.4;0.001;18.66;5.9;120.0
628;2024-01-27 04:00:00;1.98;2.6;7.3;10.1;42.0;33.0;8.24;715.1;0.0;54.0;5.1;0.001;18.93;4.5;37.0
629;2024-01-27 05:00:00;1.78;2.5;6.9;9.6;44.0;30.0;6.61;715.4;0.0;49.0;4.7;0.001;18.72;7.7;34.0
630;2024-01-27 06:00:00;1.73;2.5;12.5;15.2;38.0;32.0;7.16;715.9;0.0;39.0;4.4;0.001;17.71;7.8;33.0
631;2024-01-27 07:00:00;1.78;2.7;11.4;14.3;38.0;54.0;6.02;716.6;0.0;39.0;4.0;0.001;17.21;4.9;25.0
632;2024-01-27 08:00:00;1.96;3.0;11.4;14.6;39.0;37.0;5.63;717.2;0.0;36.0;4.4;0.011;16.7;7.2;360.0
633;2024-01-27 09:00:00;1.77;4.2;13.6;18.0;35.0;35.0;6.38;717.9;0.0;38.0;4.1;0.082;16.39;10.4;37.0
634;2024-01-27 10:00:00;1.77;6.0;13.7;19.8;34.0;53.0;7.54;718.4;0.0;40.0;4.0;0.173;16.25;8.6;34.0
635;2024-01-27 11:00:00;1.81;6.9;12.9;20.0;35.0;56.0;9.21;718.5;0.0;40.0;4.0;0.337;16.67;10.7;38.0
636;2024-01-27 12:00:00;1.84;6.7;11.3;18.2;39.0;66.0;9.95;718.3;0.0;39.0;4.1;0.583;17.74;8.1;50.0
637;2024-01-27 13:00:00;1.87;5.7;11.3;17.3;46.0;55.0;10.6;717.5;0.0;35.0;4.4;0.678;19.37;5.1;2.0
638;2024-01-27 14:00:00;1.85;4.9;10.7;15.8;55.0;51.0;10.01;716.7;0.0;32.0;4.1;0.684;20.88;4.8;319.0
639;2024-01-27 15:00:00;1.89;4.6;11.6;16.4;62.0;44.0;11.33;716.2;0.0;31.0;4.2;0.606;21.49;6.5;355.0
640;2024-01-27 16:00:00;1.93;5.8;18.6;24.6;55.0;45.0;14.39;716.1;0.0;30.0;5.7;0.445;21.76;8.1;39.0
641;2024-01-27 17:00:00;1.81;4.4;13.4;18.0;51.0;58.0;9.66;716.2;0.0;31.0;4.2;0.254;21.54;10.0;40.0
642;2024-01-27 18:00:00;1.8;4.6;15.5;20.4;39.0;46.0;7.61;716.7;0.0;33.0;4.5;0.061;20.36;11.2;24.0
643;2024-01-27 19:00:00;1.79;3.5;14.5;18.2;34.0;40.0;7.87;717.2;0.0;36.0;5.3;0.004;18.72;10.5;13.0
644;2024-01-27 20:00:00;1.85;3.3;18.8;22.3;29.0;41.0;10.5;718.1;0.0;39.0;5.1;0.001;17.52;9.0;51.0
645;2024-01-27 21:00:00;1.83;3.7;21.0;24.8;25.0;46.0;11.59;718.8;0.0;40.0;5.5;0.001;16.7;7.8;49.0
646;2024-01-27 22:00:00;1.81;3.4;17.5;21.1;29.0;45.0;10.33;719.3;0.0;41.0;5.2;0.001;16.17;7.5;56.0
647;2024-01-27 23:00:00;1.84;3.1;16.9;20.1;30.0;38.0;10.31;719.7;0.0;42.0;4.6;0.001;15.67;5.4;63.0
648;2024-01-28 00:00:00;1.79;2.9;11.2;14.3;36.0;35.0;8.35;719.9;0.0;44.0;4.9;0.001;14.85;3.2;300.0
649;2024-01-28 01:00:00;1.88;2.8;8.9;12.0;37.0;32.0;7.22;719.8;0.0;47.0;4.8;0.001;13.92;3.3;246.0
650;2024-01-28 02:00:00;1.76;2.7;9.4;12.3;36.0;25.0;6.06;719.8;0.0;48.0;4.2;0.001;13.51;3.0;299.0
651;2024-01-28 03:00:00;1.72;2.7;8.0;11.0;39.0;25.0;5.91;720.0;0.0;47.0;3.9;0.001;13.84;4.9;310.0
652;2024-01-28 04:00:00;1.72;2.6;8.3;11.2;36.0;27.0;5.54;720.1;0.0;51.0;3.8;0.001;12.71;3.0;257.0
653;2024-01-28 05:00:00;1.72;2.6;9.4;12.2;34.0;28.0;5.81;720.0;0.0;52.0;4.2;0.002;12.56;3.3;222.0
654;2024-01-28 06:00:00;1.74;2.8;11.3;14.3;28.0;24.0;5.75;720.1;0.0;55.0;4.0;0.001;12.13;2.1;288.0
655;2024-01-28 07:00:00;1.86;2.9;17.6;20.7;21.0;25.0;15.17;720.4;0.0;53.0;4.2;0.001;12.71;2.4;170.0
656;2024-01-28 08:00:00;1.98;5.4;24.9;30.5;14.0;36.0;13.3;720.7;0.0;52.0;4.5;0.012;13.12;3.0;129.0
657;2024-01-28 09:00:00;2.04;7.6;20.2;28.1;23.0;38.0;11.47;721.1;0.0;48.0;4.7;0.055;14.55;2.4;182.0
658;2024-01-28 10:00:00;2.31;8.1;16.7;25.0;38.0;37.0;13.82;721.3;0.0;38.0;5.5;0.26;17.0;5.8;35.0
659;2024-01-28 11:00:00;1.92;8.2;15.0;23.4;40.0;43.0;11.26;721.5;0.0;38.0;5.3;0.492;16.8;8.7;26.0
660;2024-01-28 12:00:00;1.83;6.5;13.5;20.3;48.0;45.0;13.65;721.2;0.0;37.0;5.4;0.619;17.35;10.5;55.0
661;2024-01-28 13:00:00;1.81;4.3;9.6;14.1;59.0;48.0;12.82;720.5;0.0;37.0;5.2;0.688;18.22;10.4;66.0
662;2024-01-28 14:00:00;1.8;3.8;8.8;12.9;66.0;38.0;12.23;719.6;0.0;36.0;5.5;0.691;18.78;11.4;44.0
663;2024-01-28 15:00:00;1.8;3.4;8.4;12.0;67.0;39.0;11.54;719.1;0.0;35.0;6.0;0.621;19.31;12.1;53.0
664;2024-01-28 16:00:00;1.77;3.3;7.7;11.2;60.0;41.0;9.67;718.8;0.0;34.0;5.1;0.462;19.56;13.5;58.0
665;2024-01-28 17:00:00;1.76;3.0;7.2;10.4;57.0;36.0;9.72;718.7;0.0;34.0;4.6;0.275;19.72;12.5;67.0
666;2024-01-28 18:00:00;1.77;2.8;7.9;10.9;53.0;36.0;9.61;718.7;0.0;35.0;4.3;0.063;18.84;12.5;75.0
667;2024-01-28 19:00:00;1.82;2.6;10.7;13.5;47.0;36.0;13.03;718.9;0.0;37.0;4.0;0.004;17.71;8.8;111.0
668;2024-01-28 20:00:00;1.81;2.6;10.4;13.2;44.0;31.0;12.1;719.1;0.0;37.0;3.8;0.001;16.99;8.9;109.0
669;2024-01-28 21:00:00;1.79;2.6;9.6;12.5;42.0;36.0;9.64;719.4;0.0;38.0;3.7;0.001;16.3;9.2;112.0
670;2024-01-28 22:00:00;1.74;2.5;7.5;10.3;43.0;33.0;6.33;719.8;0.0;39.0;3.5;0.001;15.91;11.1;111.0
671;2024-01-28 23:00:00;1.73;2.5;7.3;10.0;43.0;20.0;6.06;719.9;0.0;41.0;3.4;0.001;15.45;8.3;98.0
672;2024-01-29 00:00:00;1.71;2.4;6.0;8.7;44.0;25.0;5.73;719.9;0.0;41.0;3.3;0.001;15.14;8.0;103.0
673;2024-01-29 01:00:00;1.74;2.4;8.2;10.8;41.0;27.0;6.99;719.7;0.0;41.0;3.7;0.001;14.43;7.4;77.0
674;2024-01-29 02:00:00;1.8;2.8;21.3;24.3;25.0;32.0;12.05;719.6;0.0;46.0;6.9;0.001;12.62;6.6;331.0
675;2024-01-29 03:00:00;1.82;2.5;16.8;19.4;29.0;47.0;9.88;719.3;0.0;44.0;5.5;0.001;12.12;5.6;297.0
676;2024-01-29 04:00:00;1.78;2.5;14.5;17.1;34.0;50.0;7.24;719.3;0.0;37.0;5.3;0.001;12.06;6.3;312.0
677;2024-01-29 05:00:00;1.79;2.5;12.5;15.2;32.0;38.0;8.17;719.2;0.0;41.0;4.2;0.001;11.27;4.8;7.0
678;2024-01-29 06:00:00;1.82;3.6;26.1;29.8;17.0;32.0;13.17;719.3;0.0;48.0;4.2;0.001;10.19;3.1;344.0
679;2024-01-29 07:00:00;1.95;9.1;30.0;39.4;13.0;46.0;14.16;719.3;0.0;52.0;4.3;0.002;9.5;2.6;324.0
680;2024-01-29 08:00:00;2.28;36.7;34.6;71.5;10.0;56.0;17.69;719.6;0.0;53.0;5.4;0.012;9.47;2.9;351.0
681;2024-01-29 09:00:00;2.69;55.5;35.7;91.5;13.0;77.0;22.08;720.0;0.0;44.0;6.2;0.055;12.68;3.5;12.0
682;2024-01-29 10:00:00;2.71;35.4;35.1;70.8;21.0;72.0;24.18;720.0;0.0;37.0;7.8;0.258;14.94;4.1;37.0
683;2024-01-29 11:00:00;2.79;33.4;40.0;73.6;25.0;79.0;27.47;719.9;0.0;36.0;11.6;0.493;15.21;5.9;9.0
684;2024-01-29 12:00:00;2.29;28.8;36.9;65.9;28.0;95.0;27.46;719.5;0.0;35.0;14.7;0.615;16.17;8.5;34.0
685;2024-01-29 13:00:00;2.02;13.4;26.4;40.0;43.0;98.0;24.25;718.9;0.0;34.0;9.5;0.686;17.34;7.8;52.0
686;2024-01-29 14:00:00;1.87;6.4;15.5;22.1;55.0;70.0;13.71;717.8;0.0;33.0;5.9;0.694;18.65;9.2;39.0
687;2024-01-29 15:00:00;1.84;5.4;12.7;18.3;58.0;50.0;10.59;717.2;0.0;32.0;5.2;0.604;19.27;10.1;32.0
688;2024-01-29 16:00:00;1.84;5.2;12.8;18.2;56.0;42.0;9.66;716.8;0.0;32.0;4.9;0.442;19.9;10.6;38.0
689;2024-01-29 17:00:00;1.87;4.6;13.6;18.4;52.0;47.0;8.56;716.6;0.0;33.0;4.2;0.169;19.43;11.6;59.0
690;2024-01-29 18:00:00;1.89;4.1;16.2;20.5;43.0;46.0;8.02;716.5;0.0;34.0;3.9;0.064;18.64;11.3;66.0
691;2024-01-29 19:00:00;1.88;3.4;14.9;18.5;43.0;40.0;7.7;716.7;0.0;36.0;3.8;0.004;18.03;9.3;92.0
692;2024-01-29 20:00:00;;;;;;;;;;;;;;;
693;2024-01-29 21:00:00;1.77;3.1;11.5;14.8;42.0;32.0;6.46;717.2;0.0;36.0;3.5;0.001;16.78;8.8;100.0
694;2024-01-29 22:00:00;1.75;3.0;9.4;12.6;43.0;27.0;6.64;717.1;0.0;37.0;3.6;0.001;16.36;8.8;110.0
695;2024-01-29 23:00:00;1.72;3.8;10.6;14.6;42.0;30.0;6.55;717.0;0.0;37.0;3.7;0.001;16.21;9.8;121.0
696;2024-01-30 00:00:00;1.71;3.1;9.3;12.7;43.0;34.0;5.69;716.7;0.0;38.0;3.5;0.001;16.01;7.5;121.0
697;2024-01-30 01:00:00;1.78;2.7;19.4;22.3;28.0;30.0;9.45;716.5;0.0;41.0;4.4;0.001;15.14;3.2;
698;2024-01-30 02:00:00;1.79;4.0;28.3;32.5;16.0;35.0;11.81;716.4;0.0;43.0;5.9;0.001;14.54;2.7;286.0
699;2024-01-30 03:00:00;1.8;3.3;22.7;26.2;23.0;43.0;12.16;716.2;0.0;43.0;5.2;0.001;14.16;4.6;357.0
700;2024-01-30 04:00:00;1.78;5.0;30.2;35.4;14.0;47.0;16.59;716.1;0.0;49.0;8.9;0.001;12.99;5.5;34.0
701;2024-01-30 05:00:00;1.84;3.1;24.7;28.0;19.0;61.0;15.95;716.1;0.0;53.0;6.3;0.001;12.54;4.0;26.0
702;2024-01-30 06:00:00;2.03;3.3;25.3;28.8;17.0;57.0;14.35;716.1;0.0;57.0;5.5;0.001;12.08;2.9;26.0
703;2024-01-30 07:00:00;2.01;9.2;29.9;39.3;11.0;51.0;12.52;716.2;0.0;57.0;4.9;0.001;12.09;3.2;20.0
704;2024-01-30 08:00:00;2.14;28.1;31.8;60.2;10.0;51.0;15.08;716.7;0.0;57.0;4.6;0.013;12.16;2.7;332.0
705;2024-01-30 09:00:00;2.45;44.7;33.5;78.5;12.0;89.0;18.55;717.0;0.0;55.0;5.0;0.089;13.12;3.1;11.0
706;2024-01-30 10:00:00;2.54;47.3;36.3;84.0;16.0;73.0;23.98;717.2;0.0;47.0;6.2;0.262;15.32;4.3;356.0
707;2024-01-30 11:00:00;2.95;55.2;49.0;104.5;20.0;89.0;43.05;717.3;0.0;41.0;14.5;0.403;17.17;4.3;2.0
708;2024-01-30 12:00:00;3.02;26.9;45.9;72.9;29.0;122.0;41.83;717.0;0.0;38.0;14.2;0.419;17.71;5.8;345.0
709;2024-01-30 13:00:00;2.38;19.8;37.7;57.7;32.0;108.0;28.99;716.5;0.0;36.0;11.3;0.449;18.93;5.9;26.0
710;2024-01-30 14:00:00;2.21;23.7;42.6;66.6;29.0;97.0;34.6;715.7;0.0;36.0;16.0;0.419;19.39;6.8;50.0
711;2024-01-30 15:00:00;2.06;14.5;34.0;48.7;38.0;98.0;26.02;715.4;0.0;38.0;14.1;0.447;19.99;7.4;54.0
712;2024-01-30 16:00:00;2.01;9.3;27.7;37.2;46.0;83.0;22.17;715.2;0.0;40.0;10.9;0.347;20.13;8.6;50.0
713;2024-01-30 17:00:00;2.05;5.7;22.8;28.8;56.0;76.0;18.89;715.2;0.0;40.0;11.5;0.228;20.27;9.4;59.0
714;2024-01-30 18:00:00;2.05;4.5;24.5;29.2;52.0;73.0;18.66;715.1;0.0;40.0;19.9;0.067;19.61;11.1;63.0
715;2024-01-30 19:00:00;2.06;4.1;22.7;27.0;43.0;73.0;14.84;715.2;0.0;44.0;8.9;0.005;18.64;8.9;90.0
716;2024-01-30 20:00:00;2.1;3.6;25.2;28.9;39.0;54.0;15.17;715.6;0.0;47.0;6.3;0.001;17.77;5.7;78.0
717;2024-01-30 21:00:00;1.96;3.4;16.9;20.5;46.0;57.0;13.87;715.8;0.0;50.0;5.1;0.001;17.07;6.6;97.0
718;2024-01-30 22:00:00;1.95;3.4;17.6;21.2;38.0;50.0;13.27;716.0;0.0;52.0;4.6;0.001;16.37;4.4;68.0
719;2024-01-30 23:00:00;1.89;3.4;14.1;17.6;38.0;44.0;11.18;716.0;0.0;54.0;4.3;0.001;16.24;5.8;49.0
720;2024-01-31 00:00:00;2.09;11.6;29.2;41.1;20.0;35.0;16.35;715.8;0.0;57.0;5.1;0.001;15.57;3.9;333.0
721;2024-01-31 01:00:00;2.37;27.1;38.0;65.3;10.0;60.0;24.51;715.6;0.0;62.0;5.5;0.001;14.58;3.4;248.0
722;2024-01-31 02:00:00;2.34;22.4;36.5;59.1;10.0;79.0;23.28;715.5;0.0;65.0;5.2;0.001;13.71;2.5;274.0
723;2024-01-31 03:00:00;2.26;19.5;36.1;55.8;10.0;72.0;26.95;715.5;0.0;66.0;5.3;0.001;13.39;2.9;237.0
724;2024-01-31 04:00:00;2.17;12.4;34.3;46.9;;77.0;29.68;715.4;0.0;67.0;5.9;0.001;12.91;1.9;283.0
725;2024-01-31 05:00:00;2.14;13.6;32.1;45.9;;80.0;33.56;715.4;0.0;68.0;6.1;0.001;12.56;1.8;282.0
726;2024-01-31 06:00:00;2.15;26.0;30.8;56.9;;86.0;28.2;715.5;0.0;72.0;5.6;0.001;12.27;1.8;282.0
727;2024-01-31 07:00:00;2.32;42.2;29.8;72.3;;78.0;26.49;715.8;0.0;72.0;5.2;0.001;12.12;2.3;217.0
728;2024-01-31 08:00:00;2.63;51.2;29.3;80.7;;77.0;34.03;716.0;0.0;69.0;6.4;0.015;12.18;2.0;243.0
729;2024-01-31 09:00:00;2.88;73.0;35.6;108.9;11.0;102.0;39.5;716.6;0.0;64.0;7.9;0.081;13.82;2.0;227.0
730;2024-01-31 10:00:00;2.75;53.6;43.0;96.8;16.0;115.0;45.47;716.9;0.0;59.0;8.9;0.261;16.63;3.5;22.0
731;2024-01-31 11:00:00;2.57;51.2;47.6;99.1;18.0;107.0;49.87;716.8;0.0;60.0;11.2;0.399;17.36;6.0;31.0
732;2024-01-31 12:00:00;2.18;26.9;35.9;63.0;26.0;125.0;37.95;716.3;0.0;59.0;20.1;0.511;17.91;8.6;33.0
733;2024-01-31 13:00:00;2.21;15.2;30.3;45.7;41.0;102.0;39.94;715.5;0.0;55.0;12.9;0.536;18.86;10.4;37.0
734;2024-01-31 14:00:00;2.01;6.9;14.0;21.2;50.0;88.0;22.26;714.8;0.0;52.0;9.4;0.445;19.66;12.3;52.0
735;2024-01-31 15:00:00;1.93;5.4;10.4;16.0;51.0;70.0;19.55;714.0;0.0;50.0;7.1;0.412;20.14;13.1;68.0
736;2024-01-31 16:00:00;1.9;4.9;9.6;14.7;51.0;56.0;23.12;713.9;0.0;49.0;6.5;0.354;20.54;12.9;100.0
737;2024-01-31 17:00:00;1.94;5.1;11.7;16.8;45.0;58.0;22.68;713.9;0.0;52.0;5.5;0.089;19.79;13.7;115.0
738;2024-01-31 18:00:00;1.95;4.0;11.5;15.7;42.0;60.0;20.22;714.0;0.0;55.0;5.0;0.046;19.59;12.2;107.0
739;2024-01-31 19:00:00;1.96;3.5;11.9;15.6;39.0;50.0;17.87;714.0;0.0;55.0;4.5;0.004;19.35;11.6;96.0
740;2024-01-31 20:00:00;1.97;3.2;13.2;16.6;36.0;47.0;15.77;714.4;0.0;54.0;4.4;0.001;19.26;9.2;86.0
741;2024-01-31 21:00:00;1.93;3.0;11.6;14.8;36.0;48.0;16.36;714.9;0.0;55.0;4.1;0.001;19.14;5.8;114.0
742;2024-01-31 22:00:00;1.94;3.0;13.6;16.7;35.0;42.0;18.34;715.1;0.0;55.0;4.1;0.001;18.93;7.7;41.0
743;2024-01-31 23:00:00;1.93;3.0;13.1;16.3;33.0;44.0;18.04;715.2;0.0;61.0;4.0;0.001;17.98;8.3;58.0
744;2024-02-01 00:00:00;;;;;;;;;;;;;;;
745;2024-02-01 01:00:00;1.92;3.0;18.2;21.4;25.0;41.0;14.83;715.5;0.0;69.0;4.1;0.001;16.9;6.1;34.0
746;2024-02-01 02:00:00;1.89;2.9;8.6;11.7;34.0;52.0;;715.1;0.0;73.0;4.1;0.001;16.19;4.4;51.0
747;2024-02-01 03:00:00;1.88;2.8;10.2;13.3;30.0;37.0;;714.6;0.0;74.0;3.9;0.001;16.05;4.7;85.0
748;2024-02-01 04:00:00;1.88;2.9;10.0;13.1;29.0;34.0;;714.0;0.0;79.0;3.8;0.001;15.46;6.4;63.0
749;2024-02-01 05:00:00;1.86;2.9;8.1;11.2;29.0;41.0;;713.4;0.0;82.0;3.7;0.001;14.94;3.2;26.0
750;2024-02-01 06:00:00;1.92;3.7;15.8;19.7;19.0;32.0;;713.3;0.0;83.0;3.9;0.001;14.64;2.9;328.0
751;2024-02-01 07:00:00;2.09;10.4;26.4;37.0;10.0;46.0;;713.3;0.0;85.0;4.5;0.001;14.19;3.2;336.0
752;2024-02-01 08:00:00;2.31;23.3;28.1;51.6;10.0;64.0;;713.4;0.0;85.0;4.5;0.006;14.34;2.4;325.0
753;2024-02-01 09:00:00;2.48;29.5;28.0;57.6;11.0;65.0;28.24;713.6;0.0;83.0;4.6;0.061;14.9;2.6;10.0
754;2024-02-01 10:00:00;2.41;22.6;24.5;47.3;17.0;80.0;46.36;713.7;0.0;75.0;4.2;0.263;16.57;5.2;21.0
755;2024-02-01 11:00:00;2.67;29.7;33.3;63.2;22.0;94.0;57.68;713.7;0.0;66.0;4.4;0.438;18.49;4.8;3.0
756;2024-02-01 12:00:00;2.81;28.3;43.5;72.0;29.0;106.0;69.17;713.4;0.0;60.0;4.6;0.557;20.04;5.3;28.0
757;2024-02-01 13:00:00;2.97;22.3;48.9;71.5;40.0;120.0;79.29;712.6;0.0;55.0;6.0;0.627;21.28;6.7;21.0
758;2024-02-01 14:00:00;2.38;9.3;30.4;39.9;59.0;136.0;58.07;711.6;0.0;50.0;6.0;0.644;22.42;7.7;70.0
759;2024-02-01 15:00:00;2.17;6.1;19.3;25.6;66.0;101.0;39.71;710.8;0.0;49.0;5.0;0.512;22.94;8.3;64.0
760;2024-02-01 16:00:00;2.12;5.4;16.4;22.0;63.0;76.0;31.03;710.3;0.0;48.0;4.6;0.443;23.48;8.4;49.0
761;2024-02-01 17:00:00;2.05;4.7;12.5;17.4;55.0;70.0;23.13;710.0;0.0;49.0;4.3;0.231;23.33;9.2;83.0
762;2024-02-01 18:00:00;1.99;4.2;12.0;16.4;46.0;51.0;18.88;710.1;0.0;51.0;4.2;0.059;22.45;10.1;124.0
763;2024-02-01 19:00:00;2.07;3.9;16.5;20.6;38.0;49.0;18.9;710.1;0.0;55.0;4.0;0.005;21.35;7.7;103.0
764;2024-02-01 20:00:00;2.02;3.4;13.2;16.8;39.0;50.0;20.5;710.2;0.0;56.0;3.9;0.001;20.99;9.9;120.0
765;2024-02-01 21:00:00;1.97;2.9;10.7;13.8;39.0;47.0;19.61;710.3;0.0;57.0;3.8;0.001;20.77;8.7;108.0
766;2024-02-01 22:00:00;1.98;2.8;11.4;14.4;36.0;41.0;18.13;710.3;0.0;59.0;3.7;0.001;20.3;6.5;99.0
767;2024-02-01 23:00:00;2.05;2.9;17.9;21.0;25.0;40.0;20.7;710.0;0.0;63.0;3.9;0.001;19.07;3.7;55.0
768;2024-02-02 00:00:00;2.16;3.2;21.7;25.1;18.0;45.0;23.29;709.8;0.0;67.0;3.8;0.001;17.88;2.4;159.0
769;2024-02-02 01:00:00;2.33;11.4;30.3;41.9;10.0;49.0;33.68;709.6;0.0;70.0;4.3;0.001;16.93;2.1;269.0
770;2024-02-02 02:00:00;2.43;23.3;30.4;53.9;10.0;80.0;36.69;709.2;0.0;72.0;4.5;0.001;16.42;1.9;255.0
771;2024-02-02 03:00:00;2.31;16.3;29.5;46.0;9.0;83.0;36.68;708.9;0.0;74.0;4.2;0.001;15.74;1.8;272.0
772;2024-02-02 04:00:00;2.26;23.0;28.6;51.8;10.0;73.0;31.6;708.6;0.0;75.0;4.5;0.001;15.29;1.8;265.0
773;2024-02-02 05:00:00;2.2;16.1;27.7;44.0;10.0;73.0;37.3;708.4;0.0;75.0;4.3;0.001;15.01;1.8;257.0
774;2024-02-02 06:00:00;2.17;15.6;26.6;42.3;10.0;78.0;38.36;708.1;0.0;77.0;4.3;0.001;14.7;2.4;251.0
775;2024-02-02 07:00:00;2.41;41.7;27.8;69.7;;81.0;41.46;708.1;0.0;75.0;4.7;0.001;14.73;2.7;244.0
776;2024-02-02 08:00:00;2.54;41.0;28.3;69.5;;94.0;38.56;708.2;0.0;70.0;5.4;0.013;15.17;3.7;231.0
777;2024-02-02 09:00:00;2.8;57.8;31.5;89.6;12.0;91.0;39.44;708.2;0.0;55.0;7.4;0.062;18.58;3.9;192.0
778;2024-02-02 10:00:00;2.6;37.6;35.4;73.3;17.0;97.0;33.96;708.1;0.0;44.0;9.2;0.293;21.67;4.3;133.0
779;2024-02-02 11:00:00;2.55;25.8;36.2;62.3;28.0;87.0;33.39;707.8;0.0;39.0;7.6;0.505;24.35;5.0;64.0
780;2024-02-02 12:00:00;2.42;15.7;35.1;51.0;39.0;86.0;33.39;707.0;0.0;37.0;6.1;0.634;25.17;9.4;89.0
781;2024-02-02 13:00:00;2.64;12.3;44.1;56.6;62.0;83.0;47.28;706.1;0.0;33.0;6.3;0.69;27.08;8.1;57.0
782;2024-02-02 14:00:00;2.23;6.8;23.2;30.2;74.0;99.0;29.04;704.9;0.0;31.0;5.4;0.692;28.67;11.3;53.0
783;2024-02-02 15:00:00;2.14;5.6;19.1;24.9;81.0;71.0;23.47;703.9;0.0;27.0;5.3;0.628;30.18;11.3;50.0
784;2024-02-02 16:00:00;2.01;5.1;15.0;20.3;70.0;74.0;18.13;703.4;0.0;22.0;4.6;0.499;31.01;13.3;69.0
785;2024-02-02 17:00:00;1.95;4.4;13.0;17.7;67.0;60.0;14.67;703.2;0.0;22.0;4.2;0.284;30.63;12.1;108.0
786;2024-02-02 18:00:00;1.98;3.7;14.0;17.8;67.0;47.0;16.35;703.1;0.0;25.0;4.3;0.049;29.07;11.8;124.0
787;2024-02-02 19:00:00;1.98;3.5;13.9;17.5;61.0;52.0;17.14;703.1;0.0;30.0;4.2;0.004;27.67;11.1;122.0
788;2024-02-02 20:00:00;2.03;3.5;18.0;21.7;43.0;49.0;18.04;703.3;0.0;35.0;4.2;0.001;26.7;8.5;68.0
789;2024-02-02 21:00:00;2.33;12.3;36.7;49.3;15.0;47.0;24.16;703.6;0.0;40.0;5.8;0.001;25.2;5.6;33.0
790;2024-02-02 22:00:00;2.43;11.8;36.9;48.9;12.0;74.0;28.08;704.2;0.0;44.0;7.2;0.001;24.03;6.1;356.0
791;2024-02-02 23:00:00;2.49;12.5;36.5;49.2;10.0;82.0;28.47;704.5;0.0;48.0;5.7;0.001;23.36;5.3;24.0
792;2024-02-03 00:00:00;2.39;6.7;32.2;39.1;11.0;90.0;24.15;704.8;0.0;49.0;5.7;0.001;22.6;4.0;124.0
793;2024-02-03 01:00:00;2.38;12.4;32.9;45.5;10.0;72.0;24.88;704.7;0.0;52.0;5.0;0.001;21.62;5.4;216.0
794;2024-02-03 02:00:00;1.74;3.9;9.6;13.8;34.0;66.0;9.36;704.4;0.0;21.0;3.9;0.001;25.19;11.6;270.0
795;2024-02-03 03:00:00;1.59;3.2;2.7;6.1;44.0;51.0;4.4;704.2;0.0;16.0;3.2;0.001;25.66;13.5;269.0
796;2024-02-03 04:00:00;1.59;2.7;2.5;5.5;44.0;41.0;4.26;703.9;0.0;17.0;3.2;0.001;25.04;12.5;267.0
797;2024-02-03 05:00:00;1.61;2.5;5.0;7.7;40.0;32.0;4.52;704.0;0.0;19.0;3.9;0.001;23.69;9.5;254.0
798;2024-02-03 06:00:00;1.64;2.6;10.4;13.3;33.0;30.0;5.85;704.1;0.0;21.0;4.8;0.001;22.38;10.2;237.0
799;2024-02-03 07:00:00;1.7;3.0;18.1;21.3;24.0;32.0;6.56;704.4;0.0;23.0;6.7;0.001;21.15;9.1;237.0
800;2024-02-03 08:00:00;1.74;4.1;19.6;23.9;23.0;41.0;7.01;704.7;0.0;24.0;6.2;0.012;21.02;11.7;235.0
801;2024-02-03 09:00:00;1.83;11.0;19.2;30.4;26.0;47.0;7.77;705.2;0.0;21.0;5.0;0.059;23.09;8.3;277.0
802;2024-02-03 10:00:00;1.64;3.9;5.3;9.4;41.0;53.0;4.69;705.5;0.0;17.0;3.3;0.335;24.52;13.5;279.0
803;2024-02-03 11:00:00;1.62;3.5;4.6;8.4;44.0;47.0;5.33;705.5;0.0;16.0;3.4;0.542;25.17;15.2;279.0
804;2024-02-03 12:00:00;1.62;3.5;4.9;8.7;45.0;62.0;6.33;705.3;0.0;14.0;3.3;0.671;25.66;19.7;286.0
805;2024-02-03 13:00:00;1.62;3.3;4.4;8.0;48.0;91.0;5.59;704.8;0.0;12.0;3.4;0.748;25.96;18.7;283.0
806;2024-02-03 14:00:00;1.63;3.6;4.9;8.7;48.0;73.0;4.96;703.8;0.0;11.0;3.4;0.754;26.72;17.9;286.0
807;2024-02-03 15:00:00;1.6;3.1;3.8;7.2;52.0;58.0;4.37;703.2;0.0;7.0;3.3;0.69;27.36;17.3;275.0
808;2024-02-03 16:00:00;1.59;2.9;4.0;7.1;54.0;47.0;4.08;702.8;0.0;5.0;3.3;0.551;27.77;15.8;283.0
809;2024-02-03 17:00:00;1.57;2.7;3.4;6.4;54.0;45.0;3.94;702.7;0.0;4.0;3.3;0.318;27.69;16.5;286.0
810;2024-02-03 18:00:00;1.56;2.4;4.1;6.7;53.0;39.0;3.82;702.9;0.0;3.0;3.3;0.066;27.37;13.1;279.0
811;2024-02-03 19:00:00;1.58;2.3;4.8;7.3;52.0;36.0;4.26;703.1;0.0;5.0;3.4;0.005;26.05;10.1;257.0
812;2024-02-03 20:00:00;1.69;2.3;15.9;18.4;38.0;40.0;5.38;703.6;0.0;7.0;3.7;0.001;24.9;7.0;234.0
813;2024-02-03 21:00:00;1.84;3.1;24.7;28.0;28.0;44.0;9.6;704.2;0.0;12.0;4.8;0.001;24.0;7.9;212.0
814;2024-02-03 22:00:00;2.09;2.7;24.5;27.4;22.0;47.0;20.67;704.6;0.0;38.0;4.3;0.001;20.61;4.9;243.0
815;2024-02-03 23:00:00;2.15;7.8;33.9;41.9;11.0;54.0;23.99;704.7;0.0;40.0;5.4;0.001;19.06;3.4;257.0
816;2024-02-04 00:00:00;2.19;12.0;33.6;45.8;13.0;63.0;20.93;705.3;0.0;38.0;6.0;0.001;19.06;5.3;315.0
817;2024-02-04 01:00:00;2.06;2.8;24.9;28.0;22.0;61.0;16.77;705.8;0.0;39.0;4.3;0.001;18.59;5.1;340.0
818;2024-02-04 02:00:00;2.21;3.0;29.6;32.8;15.0;57.0;19.63;705.9;0.0;46.0;4.3;0.001;16.85;2.7;293.0
819;2024-02-04 03:00:00;2.46;4.3;31.1;35.6;12.0;58.0;22.15;706.2;0.0;47.0;4.8;0.001;16.09;3.4;322.0
820;2024-02-04 04:00:00;2.25;5.2;31.3;36.7;11.0;59.0;24.14;706.6;0.0;48.0;5.0;0.001;15.33;2.7;328.0
821;2024-02-04 05:00:00;2.56;4.0;30.3;34.5;12.0;61.0;22.82;706.6;0.0;52.0;5.2;0.001;14.46;2.7;227.0
822;2024-02-04 06:00:00;2.56;9.1;30.7;40.0;10.0;61.0;23.83;706.9;0.0;52.0;5.4;0.001;14.59;4.4;139.0
823;2024-02-04 07:00:00;2.36;10.5;30.8;41.4;10.0;61.0;22.83;707.5;0.0;50.0;6.1;0.001;14.66;3.5;176.0
824;2024-02-04 08:00:00;2.31;17.7;29.8;47.7;11.0;62.0;17.83;708.1;0.0;44.0;6.0;0.012;15.0;4.1;173.0
825;2024-02-04 09:00:00;1.96;9.1;19.3;28.6;25.0;58.0;11.86;708.5;0.0;30.0;5.3;0.062;17.9;8.1;107.0
826;2024-02-04 10:00:00;1.91;11.4;18.9;30.6;30.0;47.0;9.92;709.0;0.0;23.0;7.1;0.336;19.67;6.6;102.0
827;2024-02-04 11:00:00;1.68;5.7;8.3;14.2;46.0;44.0;5.61;708.9;0.0;13.0;4.6;0.556;23.06;11.4;280.0
828;2024-02-04 12:00:00;1.59;3.6;3.8;7.6;53.0;36.0;3.77;708.6;0.0;9.0;3.4;0.688;24.7;13.7;295.0
829;2024-02-04 13:00:00;1.59;3.4;3.5;7.1;53.0;33.0;4.11;708.2;0.0;9.0;3.2;0.758;24.85;21.5;313.0
830;2024-02-04 14:00:00;1.6;3.4;3.9;7.5;52.0;47.0;3.89;707.6;0.0;8.0;3.3;0.76;25.74;16.2;313.0
831;2024-02-04 15:00:00;1.61;3.1;3.6;6.9;52.0;38.0;3.82;707.2;0.0;7.0;3.5;0.685;26.45;15.9;303.0
832;2024-02-04 16:00:00;1.6;2.7;2.9;5.9;52.0;31.0;3.52;707.1;0.0;7.0;3.4;0.553;26.94;15.2;291.0
833;2024-02-04 17:00:00;1.6;2.6;3.3;6.2;51.0;28.0;3.31;707.1;0.0;7.0;3.4;0.32;27.11;12.6;283.0
834;2024-02-04 18:00:00;1.6;2.4;3.6;6.2;51.0;25.0;3.3;707.4;0.0;7.0;3.3;0.065;26.61;11.6;272.0
835;2024-02-04 19:00:00;1.58;2.3;3.1;5.6;52.0;27.0;3.15;708.0;0.0;7.0;3.3;0.005;25.57;16.3;299.0
836;2024-02-04 20:00:00;1.57;2.3;2.9;5.4;52.0;25.0;3.16;708.8;0.0;7.0;3.3;0.001;25.25;17.9;297.0
837;2024-02-04 21:00:00;1.56;2.2;2.9;5.3;52.0;30.0;3.18;709.6;0.0;7.0;3.2;0.001;24.75;15.4;292.0
838;2024-02-04 22:00:00;1.55;2.2;2.3;4.7;53.0;25.0;3.18;710.3;0.0;8.0;3.3;0.001;24.47;18.3;291.0
839;2024-02-04 23:00:00;1.55;2.2;2.2;4.5;52.0;30.0;2.93;710.7;0.0;8.0;3.2;0.001;24.42;18.4;282.0
840;2024-02-05 00:00:00;1.7;2.2;11.0;13.3;40.0;25.0;5.81;711.2;0.0;10.0;4.4;0.001;22.4;12.2;334.0
841;2024-02-05 01:00:00;1.69;2.3;20.2;22.6;30.0;39.0;7.72;712.0;0.0;14.0;8.0;0.001;17.95;11.1;91.0
842;2024-02-05 02:00:00;1.64;2.2;13.4;15.8;37.0;52.0;6.66;712.2;0.0;14.0;6.7;0.001;17.22;8.4;123.0
843;2024-02-05 03:00:00;1.62;2.2;12.4;14.8;38.0;47.0;8.34;712.4;0.0;14.0;6.8;0.001;16.71;7.9;126.0
844;2024-02-05 04:00:00;1.64;2.2;10.8;13.2;40.0;63.0;11.1;712.7;0.0;14.0;6.2;0.002;16.34;6.3;137.0
845;2024-02-05 05:00:00;1.65;2.3;11.9;14.3;35.0;82.0;11.17;712.7;0.0;16.0;6.6;0.001;15.24;3.3;196.0
846;2024-02-05 06:00:00;1.68;2.3;13.7;16.1;31.0;72.0;10.51;713.0;0.0;19.0;5.7;0.001;14.22;4.0;262.0
847;2024-02-05 07:00:00;1.77;4.0;21.8;26.0;21.0;68.0;11.05;713.5;0.0;21.0;5.3;0.002;14.05;3.4;166.0
848;2024-02-05 08:00:00;2.06;20.3;32.1;52.6;11.0;65.0;13.91;714.0;0.0;21.0;6.3;0.013;14.27;4.0;154.0
849;2024-02-05 09:00:00;2.01;11.4;25.3;36.9;24.0;74.0;11.71;714.3;0.0;16.0;7.1;0.061;16.89;7.7;130.0
850;2024-02-05 10:00:00;2.03;10.7;19.6;30.7;32.0;71.0;11.65;714.6;0.0;16.0;7.3;0.334;17.78;9.2;96.0
851;2024-02-05 11:00:00;1.74;9.8;16.3;26.3;35.0;71.0;11.62;714.7;0.0;18.0;10.6;0.543;18.86;10.5;104.0
852;2024-02-05 12:00:00;1.73;8.1;12.9;21.2;41.0;75.0;10.03;714.5;0.0;17.0;7.2;0.674;20.22;9.0;67.0
853;2024-02-05 13:00:00;1.72;4.1;7.1;11.4;52.0;68.0;7.6;713.9;0.0;15.0;3.8;0.749;21.79;7.6;24.0
854;2024-02-05 14:00:00;1.74;5.0;9.7;14.9;52.0;56.0;10.26;713.0;0.0;12.0;5.1;0.745;23.17;9.9;54.0
855;2024-02-05 15:00:00;1.82;5.8;10.1;16.2;50.0;66.0;18.28;712.5;0.0;11.0;5.6;0.677;24.15;12.2;62.0
856;2024-02-05 16:00:00;1.85;5.5;9.5;15.2;46.0;58.0;14.2;712.4;0.0;13.0;6.0;0.541;23.77;15.2;60.0
857;2024-02-05 17:00:00;1.77;5.1;10.3;15.6;46.0;63.0;5.73;712.6;0.0;12.0;6.1;0.32;23.76;12.6;66.0
858;2024-02-05 18:00:00;1.72;4.2;12.4;16.8;43.0;39.0;5.14;712.9;0.0;14.0;6.3;0.062;23.0;11.8;51.0
859;2024-02-05 19:00:00;1.75;2.9;13.1;16.2;41.0;40.0;5.17;713.6;0.0;18.0;3.9;0.005;20.92;9.9;43.0
860;2024-02-05 20:00:00;1.77;3.3;16.7;20.2;36.0;32.0;9.21;714.3;0.0;22.0;5.0;0.001;19.43;10.0;58.0
861;2024-02-05 21:00:00;1.77;2.7;12.7;15.5;40.0;31.0;4.76;715.1;0.0;28.0;3.8;0.001;18.06;9.6;48.0
862;2024-02-05 22:00:00;1.8;2.7;14.6;17.4;37.0;34.0;6.02;715.4;0.0;31.0;4.8;0.001;17.02;6.7;62.0
863;2024-02-05 23:00:00;1.8;2.6;19.6;22.4;31.0;34.0;6.39;715.6;0.0;34.0;4.0;0.001;16.1;4.9;35.0
864;2024-02-06 00:00:00;1.8;2.5;15.8;18.5;36.0;39.0;6.13;715.6;0.0;37.0;5.4;0.001;15.48;5.3;42.0
865;2024-02-06 01:00:00;1.86;2.5;17.6;20.3;33.0;41.0;7.24;715.3;0.0;40.0;4.7;0.001;14.5;3.1;13.0
866;2024-02-06 02:00:00;1.95;2.5;11.6;14.3;38.0;43.0;6.59;715.1;0.0;43.0;4.2;0.001;13.57;2.1;56.0
867;2024-02-06 03:00:00;1.96;2.5;13.9;16.6;34.0;30.0;6.75;714.9;0.0;44.0;4.1;0.002;13.48;3.2;323.0
868;2024-02-06 04:00:00;1.75;2.5;8.4;11.1;39.0;27.0;4.94;714.9;0.0;42.0;3.8;0.001;13.21;4.8;113.0
869;2024-02-06 05:00:00;1.67;2.6;4.1;6.8;46.0;25.0;3.73;715.0;0.0;42.0;3.7;0.001;13.28;6.3;103.0
870;2024-02-06 06:00:00;1.72;3.1;8.6;12.0;38.0;23.0;4.06;715.0;0.0;46.0;3.7;0.001;12.13;2.9;125.0
871;2024-02-06 07:00:00;1.91;7.1;24.1;31.4;20.0;29.0;5.87;715.2;0.0;48.0;3.7;0.002;11.62;3.5;132.0
872;2024-02-06 08:00:00;2.32;32.6;33.3;66.1;11.0;35.0;9.04;715.4;0.0;49.0;4.3;0.013;11.87;2.6;103.0
873;2024-02-06 09:00:00;2.28;24.4;29.2;53.8;19.0;59.0;8.74;715.5;0.0;41.0;4.1;0.063;14.86;5.2;119.0
874;2024-02-06 10:00:00;1.98;12.0;18.9;31.1;34.0;48.0;9.58;715.9;0.0;39.0;7.2;0.351;15.77;8.7;50.0
875;2024-02-06 11:00:00;2.24;15.5;26.4;42.1;36.0;55.0;19.32;715.9;0.0;38.0;9.6;0.536;16.94;9.3;45.0
876;2024-02-06 12:00:00;1.87;6.8;12.6;19.6;48.0;99.0;8.53;715.8;0.0;36.0;4.5;0.674;17.87;9.6;38.0
877;2024-02-06 13:00:00;1.84;5.9;11.4;17.6;54.0;48.0;7.04;715.0;0.0;34.0;4.5;0.745;19.03;11.0;45.0
878;2024-02-06 14:00:00;1.83;5.8;11.1;17.2;54.0;41.0;7.5;714.2;0.0;32.0;4.8;0.745;20.05;12.4;41.0
879;2024-02-06 15:00:00;1.84;4.6;8.9;13.7;53.0;43.0;6.31;713.2;0.0;30.0;3.7;0.675;21.28;13.4;59.0
880;2024-02-06 16:00:00;1.84;4.3;8.9;13.5;53.0;37.0;6.06;712.6;0.0;28.0;3.7;0.541;22.08;12.1;86.0
881;2024-02-06 17:00:00;1.84;4.0;8.4;12.7;53.0;44.0;5.72;712.3;0.0;28.0;3.7;0.321;22.27;13.3;92.0
882;2024-02-06 18:00:00;1.88;4.2;12.7;17.0;46.0;40.0;6.12;712.1;0.0;28.0;3.7;0.063;21.53;14.1;68.0
883;2024-02-06 19:00:00;1.93;3.5;16.2;19.8;41.0;39.0;6.8;712.2;0.0;30.0;3.8;0.005;20.04;11.3;76.0
884;2024-02-06 20:00:00;1.89;3.6;16.1;19.9;39.0;40.0;6.89;712.5;0.0;33.0;3.7;0.001;19.28;9.3;84.0
885;2024-02-06 21:00:00;1.81;2.9;9.2;12.4;44.0;38.0;5.65;712.9;0.0;34.0;3.6;0.001;18.56;10.0;95.0
886;2024-02-06 22:00:00;1.77;2.9;7.0;10.2;45.0;29.0;6.33;713.1;0.0;36.0;3.6;0.001;17.77;12.4;112.0
887;2024-02-06 23:00:00;1.75;2.9;5.9;9.0;46.0;31.0;6.15;713.0;0.0;36.0;3.6;0.001;17.26;11.2;111.0
888;2024-02-07 00:00:00;1.73;2.9;4.3;7.4;48.0;34.0;5.69;712.7;0.0;38.0;3.5;0.001;16.85;11.6;112.0
889;2024-02-07 01:00:00;1.72;2.9;4.2;7.2;48.0;28.0;5.75;712.2;0.0;40.0;3.5;0.001;16.29;7.7;73.0
890;2024-02-07 02:00:00;1.78;3.1;13.8;17.2;36.0;25.0;9.12;711.9;0.0;46.0;3.9;0.001;15.18;6.7;16.0
891;2024-02-07 03:00:00;1.83;4.2;25.7;30.1;21.0;36.0;17.32;711.6;0.0;54.0;7.1;0.001;13.39;5.2;9.0
892;2024-02-07 04:00:00;1.84;2.9;17.9;21.0;27.0;55.0;17.98;711.6;0.0;59.0;6.5;0.001;12.25;4.2;47.0
893;2024-02-07 05:00:00;1.86;3.0;24.2;27.4;20.0;45.0;21.18;711.7;0.0;64.0;5.5;0.001;11.47;3.1;2.0
894;2024-02-07 06:00:00;1.91;4.1;27.9;32.2;17.0;54.0;27.06;711.4;0.0;67.0;5.0;0.001;11.24;4.3;1.0
895;2024-02-07 07:00:00;2.03;10.5;33.2;43.9;12.0;53.0;27.23;711.6;0.0;70.0;5.2;0.001;10.98;5.3;1.0
896;2024-02-07 08:00:00;2.37;22.8;33.6;56.6;12.0;62.0;24.93;711.5;0.0;70.0;5.7;0.026;11.09;4.3;29.0
897;2024-02-07 09:00:00;2.5;41.6;35.4;77.3;16.0;70.0;37.26;711.3;0.0;65.0;6.9;0.103;12.63;4.9;29.0
898;2024-02-07 10:00:00;2.72;37.0;37.5;74.8;23.0;96.0;49.93;711.3;0.0;63.0;8.1;0.317;13.78;5.6;347.0
899;2024-02-07 11:00:00;2.43;21.0;34.2;55.4;29.0;117.0;38.12;710.8;0.0;58.0;7.3;0.363;15.17;5.5;6.0
900;2024-02-07 12:00:00;2.63;23.8;40.2;64.2;32.0;95.0;49.2;710.6;0.0;55.0;9.4;0.43;16.09;5.7;21.0
901;2024-02-07 13:00:00;2.6;23.2;46.0;69.4;37.0;104.0;53.59;709.9;0.0;49.0;12.7;0.496;17.67;6.8;25.0
902;2024-02-07 14:00:00;2.38;14.1;37.1;51.4;49.0;118.0;49.93;709.2;0.0;45.0;12.9;0.563;18.74;7.5;53.0
903;2024-02-07 15:00:00;2.09;6.6;19.6;26.4;56.0;93.0;25.57;708.2;0.0;39.0;7.0;0.525;20.39;7.7;33.0
904;2024-02-07 16:00:00;2.0;5.3;17.1;22.6;55.0;62.0;18.22;707.7;0.0;36.0;6.9;0.318;21.67;6.2;3.0
905;2024-02-07 17:00:00;2.01;4.9;17.2;22.3;57.0;57.0;18.7;707.3;0.0;34.0;6.2;0.27;22.84;5.8;66.0
906;2024-02-07 18:00:00;2.02;3.9;14.5;18.6;56.0;58.0;16.17;707.0;0.0;37.0;5.1;0.086;22.44;7.3;81.0
907;2024-02-07 19:00:00;2.1;3.5;18.7;22.5;49.0;50.0;16.55;707.1;0.0;41.0;4.7;0.007;20.91;6.4;115.0
908;2024-02-07 20:00:00;2.24;4.1;26.3;30.7;35.0;49.0;18.42;707.1;0.0;44.0;4.7;0.001;20.38;4.9;51.0
909;2024-02-07 21:00:00;2.4;8.0;43.5;51.7;16.0;54.0;23.03;707.3;0.0;46.0;4.9;0.001;19.82;4.9;198.0
910;2024-02-07 22:00:00;2.63;22.3;53.3;75.8;13.0;69.0;37.7;707.8;0.0;48.0;6.0;0.002;18.56;6.7;219.0
911;2024-02-07 23:00:00;2.41;9.8;48.2;58.3;14.0;117.0;37.49;707.8;0.0;49.0;7.8;0.001;18.31;8.7;217.0
912;2024-02-08 00:00:00;2.45;18.1;50.2;68.6;13.0;104.0;42.16;708.1;0.0;51.0;10.7;0.001;17.22;4.5;240.0
913;2024-02-08 01:00:00;2.48;25.0;48.3;73.4;13.0;98.0;41.44;708.2;0.0;55.0;8.6;0.001;16.37;3.3;239.0
914;2024-02-08 02:00:00;2.67;33.2;43.4;76.8;12.0;96.0;37.49;708.3;0.0;59.0;6.9;0.001;15.61;2.8;289.0
915;2024-02-08 03:00:00;2.58;23.4;39.7;63.3;12.0;95.0;35.01;708.4;0.0;63.0;5.9;0.001;15.06;1.9;228.0
916;2024-02-08 04:00:00;2.44;14.8;38.9;54.0;12.0;85.0;34.41;708.2;0.0;63.0;5.6;0.001;14.59;1.9;342.0
917;2024-02-08 05:00:00;2.31;7.6;38.0;45.9;13.0;80.0;44.66;708.4;0.0;63.0;5.7;0.001;14.04;2.2;260.0
918;2024-02-08 06:00:00;2.24;5.9;35.3;41.4;13.0;85.0;43.9;708.9;0.0;64.0;5.8;0.001;13.81;2.8;236.0
919;2024-02-08 07:00:00;2.55;20.7;38.2;59.2;14.0;86.0;46.78;709.7;0.0;60.0;7.4;0.002;14.37;4.4;204.0
920;2024-02-08 08:00:00;3.28;72.1;38.2;110.6;14.0;98.0;52.82;710.2;0.0;61.0;9.2;0.02;14.62;2.5;251.0
921;2024-02-08 09:00:00;3.4;83.9;40.4;124.7;14.0;143.0;44.7;710.9;0.0;55.0;8.8;0.071;16.99;3.8;228.0
922;2024-02-08 10:00:00;2.94;47.7;46.7;94.6;21.0;122.0;43.22;711.6;0.0;43.0;11.1;0.302;20.34;4.8;257.0
923;2024-02-08 11:00:00;2.64;23.4;42.7;66.3;35.0;132.0;46.28;712.1;0.0;40.0;7.9;0.52;21.57;9.0;60.0
924;2024-02-08 12:00:00;2.57;17.7;44.1;62.0;46.0;128.0;47.72;711.9;0.0;35.0;9.5;0.645;23.1;9.1;71.0
925;2024-02-08 13:00:00;2.1;8.6;20.8;29.6;54.0;132.0;26.28;711.2;0.0;32.0;8.0;0.702;24.15;9.2;17.0
926;2024-02-08 14:00:00;1.96;6.0;12.1;18.4;56.0;98.0;15.44;710.4;0.0;31.0;7.4;0.698;24.91;9.9;41.0
927;2024-02-08 15:00:00;1.94;5.4;12.2;17.8;62.0;63.0;15.67;709.6;0.0;29.0;6.7;0.584;25.87;10.0;52.0
928;2024-02-08 16:00:00;1.97;4.9;14.3;19.4;70.0;69.0;16.9;709.3;0.0;28.0;5.9;0.395;26.04;9.9;59.0
929;2024-02-08 17:00:00;2.01;4.4;14.6;19.2;71.0;73.0;20.03;709.1;0.0;31.0;7.5;0.21;25.59;13.8;69.0
930;2024-02-08 18:00:00;2.02;4.5;16.4;21.0;55.0;81.0;17.03;709.5;0.0;35.0;6.4;0.06;24.38;13.0;73.0
931;2024-02-08 19:00:00;2.04;4.1;14.8;19.1;39.0;65.0;14.79;709.9;0.0;46.0;5.1;0.005;22.53;14.8;65.0
932;2024-02-08 20:00:00;2.02;3.9;14.8;18.8;36.0;64.0;15.5;710.6;0.0;51.0;4.9;0.001;21.25;11.9;80.0
933;2024-02-08 21:00:00;2.0;3.7;13.7;17.6;37.0;59.0;14.69;710.8;0.0;52.0;5.1;0.001;20.82;9.0;84.0
934;2024-02-08 22:00:00;1.95;3.5;10.5;14.2;39.0;47.0;14.74;711.2;0.0;54.0;5.2;0.001;20.35;7.6;83.0
935;2024-02-08 23:00:00;2.03;3.5;18.4;22.0;30.0;46.0;17.5;711.6;0.0;58.0;5.4;0.001;19.69;6.6;38.0
936;2024-02-09 00:00:00;2.0;3.3;15.5;19.1;32.0;56.0;17.75;711.5;0.0;60.0;6.0;0.001;19.18;4.7;22.0
937;2024-02-09 01:00:00;2.06;4.6;27.6;32.4;18.0;52.0;21.04;711.2;0.0;62.0;6.2;0.001;18.53;4.1;5.0
938;2024-02-09 02:00:00;1.9;3.4;8.1;11.8;38.0;57.0;14.49;711.1;0.0;63.0;5.7;0.001;18.31;4.6;53.0
939;2024-02-09 03:00:00;1.9;3.2;9.1;12.5;35.0;41.0;14.24;711.1;0.0;65.0;4.8;0.001;17.83;3.8;130.0
940;2024-02-09 04:00:00;1.96;3.3;15.7;19.1;23.0;39.0;16.83;710.6;0.0;69.0;4.4;0.001;16.69;2.6;189.0
941;2024-02-09 05:00:00;2.03;3.6;24.7;28.5;16.0;49.0;25.92;710.2;0.0;71.0;4.5;0.001;16.18;2.5;225.0
942;2024-02-09 06:00:00;2.0;4.1;22.0;26.4;18.0;64.0;29.02;709.9;0.0;69.0;4.8;0.001;16.24;6.0;219.0
943;2024-02-09 07:00:00;2.12;11.3;28.2;39.7;13.0;69.0;28.73;710.1;0.0;67.0;6.0;0.001;16.19;6.1;228.0
944;2024-02-09 08:00:00;2.44;38.0;30.6;68.8;12.0;78.0;29.3;710.4;0.0;67.0;6.5;0.016;16.15;3.0;227.0
945;2024-02-09 09:00:00;2.4;27.8;29.8;57.8;16.0;89.0;26.93;710.7;0.0;58.0;6.9;0.068;18.34;3.1;183.0
946;2024-02-09 10:00:00;2.35;20.0;26.9;47.1;26.0;82.0;32.57;710.9;0.0;51.0;7.1;0.326;21.4;3.6;48.0
947;2024-02-09 11:00:00;2.55;20.2;33.9;54.4;33.0;82.0;46.55;710.6;0.0;49.0;7.2;0.471;22.35;5.2;100.0
948;2024-02-09 12:00:00;2.43;16.9;33.9;51.1;40.0;90.0;42.77;710.1;0.0;46.0;9.7;0.534;22.93;6.4;44.0
949;2024-02-09 13:00:00;2.3;8.4;24.8;33.4;63.0;85.0;34.23;709.6;0.0;45.0;7.3;0.645;23.96;7.5;37.0
950;2024-02-09 14:00:00;2.15;6.6;19.6;26.4;70.0;85.0;27.15;708.9;0.0;43.0;7.1;0.673;25.1;8.7;54.0
951;2024-02-09 15:00:00;2.12;5.1;16.1;21.4;78.0;75.0;25.09;708.1;0.0;40.0;7.0;0.559;26.09;8.6;64.0
952;2024-02-09 16:00:00;2.11;5.1;16.1;21.4;72.0;72.0;23.83;707.5;0.0;38.0;6.7;0.409;26.59;10.0;48.0
953;2024-02-09 17:00:00;2.09;5.0;15.6;20.8;64.0;76.0;21.0;707.1;0.0;35.0;5.7;0.274;27.0;12.5;54.0
954;2024-02-09 18:00:00;2.11;4.4;17.2;21.8;56.0;71.0;18.46;707.1;0.0;34.0;4.9;0.067;26.72;11.6;60.0
955;2024-02-09 19:00:00;2.15;4.0;18.7;22.9;44.0;64.0;23.44;707.2;0.0;40.0;4.7;0.006;25.14;11.9;71.0
956;2024-02-09 20:00:00;2.19;4.0;22.3;26.5;33.0;64.0;28.93;707.7;0.0;49.0;4.6;0.001;23.62;11.6;64.0
957;2024-02-09 21:00:00;2.1;3.7;15.9;19.8;39.0;69.0;27.03;708.0;0.0;49.0;4.5;0.001;23.08;10.3;67.0
958;2024-02-09 22:00:00;2.09;3.5;17.2;20.9;36.0;64.0;26.8;708.7;0.0;50.0;4.6;0.001;22.69;6.8;73.0
959;2024-02-09 23:00:00;2.1;3.5;17.6;21.2;33.0;66.0;26.65;709.1;0.0;53.0;4.6;0.001;22.25;7.0;45.0
960;2024-02-10 00:00:00;2.12;3.4;16.9;20.4;30.0;58.0;26.41;709.3;0.0;62.0;5.0;0.001;20.91;7.2;37.0
961;2024-02-10 01:00:00;2.14;3.7;19.9;23.7;25.0;64.0;30.97;709.5;0.0;69.0;5.3;0.001;19.98;5.7;31.0
962;2024-02-10 02:00:00;2.09;3.8;18.4;22.4;24.0;65.0;31.98;709.5;0.0;72.0;9.0;0.001;19.43;4.5;93.0
963;2024-02-10 03:00:00;2.11;3.4;14.7;18.3;26.0;62.0;29.97;709.1;0.0;74.0;8.1;0.001;19.02;3.4;70.0
964;2024-02-10 04:00:00;2.1;3.4;15.2;18.7;24.0;61.0;29.58;708.8;0.0;75.0;6.5;0.001;18.86;3.2;53.0
965;2024-02-10 05:00:00;2.07;3.4;13.8;17.4;22.0;65.0;28.96;708.8;0.0;76.0;5.4;0.001;18.45;2.1;238.0
966;2024-02-10 06:00:00;2.11;4.0;19.2;23.4;16.0;58.0;30.03;708.6;0.0;77.0;5.0;0.001;18.15;1.9;236.0
967;2024-02-10 07:00:00;2.22;14.6;24.9;39.7;12.0;61.0;34.5;708.7;0.0;78.0;5.3;0.001;17.92;2.0;257.0
968;2024-02-10 08:00:00;2.39;25.4;25.9;51.4;12.0;73.0;37.6;709.1;0.0;78.0;5.6;0.01;18.12;2.5;229.0
969;2024-02-10 09:00:00;2.64;43.1;27.2;70.5;13.0;76.0;38.03;708.9;0.0;73.0;6.0;0.057;18.89;2.7;277.0
970;2024-02-10 10:00:00;2.7;42.3;33.6;76.2;17.0;96.0;43.12;708.7;0.0;66.0;6.9;0.2;20.57;3.9;87.0
971;2024-02-10 11:00:00;2.5;20.3;30.9;51.5;29.0;100.0;40.87;708.7;0.0;58.0;7.9;0.391;22.3;6.3;334.0
972;2024-02-10 12:00:00;2.44;14.0;34.7;48.9;37.0;93.0;43.2;708.6;0.0;54.0;7.7;0.346;23.64;6.3;44.0
973;2024-02-10 13:00:00;2.47;11.9;36.2;48.3;44.0;107.0;49.43;707.9;0.0;55.0;9.8;0.294;23.67;6.8;54.0
974;2024-02-10 14:00:00;2.19;5.6;15.0;20.9;57.0;112.0;35.06;706.9;0.0;53.0;7.7;0.344;24.3;6.8;33.0
975;2024-02-10 15:00:00;2.18;6.2;20.3;26.8;55.0;78.0;33.01;706.4;0.0;47.0;8.2;0.353;25.24;5.6;79.0
976;2024-02-10 16:00:00;2.23;6.2;23.9;30.4;56.0;75.0;35.2;705.8;0.0;45.0;10.0;0.264;25.63;7.8;64.0
977;2024-02-10 17:00:00;2.19;4.3;17.8;22.3;59.0;82.0;33.96;705.4;0.0;46.0;7.5;0.119;25.21;7.1;54.0
978;2024-02-10 18:00:00;2.1;3.7;13.0;17.0;53.0;76.0;31.74;705.4;0.0;48.0;6.0;0.046;24.82;8.4;95.0
979;2024-02-10 19:00:00;2.07;3.3;11.8;15.3;50.0;66.0;28.79;705.6;0.0;50.0;5.2;0.005;24.17;9.0;101.0
980;2024-02-10 20:00:00;2.12;3.2;13.1;16.4;44.0;65.0;31.28;705.7;0.0;54.0;4.8;0.001;23.63;6.8;94.0
981;2024-02-10 21:00:00;2.05;3.0;8.5;11.7;45.0;65.0;31.6;705.6;0.0;56.0;4.7;0.001;23.2;9.0;110.0
982;2024-02-10 22:00:00;2.06;2.9;8.9;12.1;40.0;61.0;31.07;705.7;0.0;60.0;4.5;0.001;22.5;5.0;103.0
983;2024-02-10 23:00:00;2.31;3.7;25.1;29.0;21.0;61.0;33.28;705.9;0.0;63.0;4.5;0.001;21.26;3.7;205.0
984;2024-02-11 00:00:00;2.64;11.3;36.9;48.4;13.0;70.0;43.24;705.9;0.0;64.0;4.8;0.001;20.78;2.8;214.0
985;2024-02-11 01:00:00;2.6;10.5;31.4;42.2;13.0;93.0;46.77;705.8;0.0;69.0;4.9;0.001;19.94;2.5;276.0
986;2024-02-11 02:00:00;2.65;14.3;29.4;43.9;13.0;81.0;43.81;705.6;0.0;73.0;5.0;0.001;19.34;2.9;258.0
987;2024-02-11 03:00:00;2.63;18.6;30.1;48.9;12.0;86.0;47.58;705.3;0.0;73.0;4.8;0.001;19.08;3.3;227.0
988;2024-02-11 04:00:00;2.57;22.0;29.9;52.1;12.0;84.0;43.19;705.2;0.0;72.0;4.6;0.001;18.6;3.6;220.0
989;2024-02-11 05:00:00;2.49;13.3;31.5;45.1;13.0;79.0;48.88;705.3;0.0;70.0;4.6;0.001;18.47;5.1;211.0
990;2024-02-11 06:00:00;2.28;5.7;27.7;33.6;15.0;94.0;46.02;705.2;0.0;63.0;4.6;0.001;18.03;4.0;252.0
991;2024-02-11 07:00:00;2.29;7.7;30.6;38.5;15.0;66.0;40.76;705.7;0.0;54.0;5.5;0.001;18.06;6.0;217.0
992;2024-02-11 08:00:00;2.11;7.1;29.1;36.5;16.0;89.0;43.24;705.9;0.0;35.0;6.7;0.009;17.74;6.1;192.0
993;2024-02-11 09:00:00;1.96;10.0;23.8;34.1;25.0;68.0;21.07;706.3;0.0;19.0;5.6;0.097;21.09;6.2;199.0
994;2024-02-11 10:00:00;1.93;11.6;19.6;31.4;33.0;54.0;12.55;707.0;0.0;21.0;5.5;0.346;23.12;9.9;65.0
995;2024-02-11 11:00:00;1.91;11.1;15.5;26.9;34.0;126.0;18.39;707.3;0.0;33.0;8.3;0.558;21.27;11.9;76.0
996;2024-02-11 12:00:00;1.88;10.7;14.4;25.4;38.0;105.0;16.7;707.2;0.0;32.0;9.6;0.686;21.89;12.6;53.0
997;2024-02-11 13:00:00;1.88;6.6;10.6;17.4;47.0;90.0;13.28;706.7;0.0;29.0;6.1;0.747;22.75;11.7;43.0
998;2024-02-11 14:00:00;1.87;5.5;8.8;14.6;51.0;73.0;10.43;705.9;0.0;27.0;4.7;0.747;23.53;12.2;23.0
999;2024-02-11 15:00:00;1.87;5.4;9.9;15.6;55.0;52.0;8.96;705.4;0.0;24.0;4.9;0.668;24.28;11.5;27.0
1000;2024-02-11 16:00:00;1.89;4.9;10.3;15.5;56.0;52.0;9.88;705.2;0.0;23.0;4.5;0.528;24.95;13.0;13.0
1001;2024-02-11 17:00:00;1.83;3.9;6.7;10.9;54.0;54.0;10.03;705.3;0.0;24.0;4.1;0.301;24.85;14.0;61.0
1002;2024-02-11 18:00:00;1.82;3.3;6.4;10.0;52.0;57.0;9.32;706.1;0.0;25.0;3.9;0.071;23.7;11.5;91.0
1003;2024-02-11 19:00:00;1.81;3.0;7.0;10.3;48.0;42.0;8.07;707.0;0.0;28.0;3.8;0.007;21.36;9.9;65.0
1004;2024-02-11 20:00:00;1.96;3.2;12.8;16.2;41.0;45.0;10.7;708.2;0.0;28.0;4.0;0.001;19.56;13.6;352.0
1005;2024-02-11 21:00:00;1.8;3.1;9.6;13.0;44.0;58.0;10.1;709.8;0.0;27.0;3.5;0.001;18.65;12.4;6.0
1006;2024-02-11 22:00:00;1.85;3.1;8.1;11.4;47.0;46.0;7.14;711.1;0.0;27.0;3.8;0.001;17.7;8.9;45.0
1007;2024-02-11 23:00:00;1.84;2.9;10.0;13.1;44.0;42.0;6.4;711.8;0.0;28.0;3.9;0.001;16.95;8.4;50.0
1008;2024-02-12 00:00:00;1.85;2.9;9.0;12.1;45.0;37.0;5.02;712.4;0.0;29.0;4.0;0.001;16.32;6.8;52.0
1009;2024-02-12 01:00:00;1.93;2.8;7.8;10.9;46.0;34.0;4.63;712.6;0.0;25.0;4.5;0.001;16.35;9.3;46.0
1010;2024-02-12 02:00:00;1.89;2.7;7.1;10.1;44.0;32.0;4.69;713.0;0.0;25.0;4.6;0.001;15.41;12.7;22.0
1011;2024-02-12 03:00:00;1.79;2.6;6.4;9.2;42.0;62.0;5.36;713.3;0.0;29.0;4.3;0.001;14.15;6.8;63.0
1012;2024-02-12 04:00:00;1.76;2.7;11.8;14.7;32.0;46.0;5.48;713.5;0.0;33.0;7.4;0.001;12.92;9.6;70.0
1013;2024-02-12 05:00:00;1.81;2.9;11.1;14.2;26.0;45.0;8.32;713.7;0.0;37.0;5.6;0.001;11.64;8.8;65.0
1014;2024-02-12 06:00:00;1.84;3.9;16.3;20.4;18.0;67.0;9.73;713.9;0.0;41.0;5.2;0.001;10.21;8.4;60.0
1015;2024-02-12 07:00:00;1.94;9.9;20.9;31.0;12.0;68.0;11.11;714.3;0.0;44.0;5.9;0.001;9.21;8.0;82.0
1016;2024-02-12 08:00:00;1.98;13.0;20.0;33.4;13.0;64.0;10.39;714.8;0.0;45.0;5.1;0.018;8.96;9.0;71.0
1017;2024-02-12 09:00:00;2.11;34.0;20.7;55.0;15.0;58.0;12.02;715.4;0.0;40.0;10.6;0.121;10.65;7.5;74.0
1018;2024-02-12 10:00:00;2.28;40.7;23.6;64.4;18.0;74.0;17.59;715.8;0.0;36.0;12.4;0.342;12.31;7.3;71.0
1019;2024-02-12 11:00:00;2.22;39.3;24.7;64.2;21.0;111.0;21.63;715.9;0.0;32.0;15.8;0.555;13.8;8.4;66.0
1020;2024-02-12 12:00:00;1.98;19.7;20.5;40.4;28.0;110.0;17.13;715.5;0.0;26.0;10.4;0.689;15.64;8.5;67.0
1021;2024-02-12 13:00:00;1.85;10.3;14.3;24.9;36.0;87.0;11.91;715.0;0.0;24.0;7.5;0.759;16.87;8.8;98.0
1022;2024-02-12 14:00:00;1.84;7.3;11.8;19.3;44.0;64.0;8.05;714.1;0.0;21.0;4.9;0.762;18.09;9.1;90.0
1023;2024-02-12 15:00:00;1.83;6.5;12.1;18.8;48.0;64.0;8.41;713.3;0.0;20.0;5.5;0.68;18.81;9.3;83.0
1024;2024-02-12 16:00:00;1.8;5.4;10.9;16.5;51.0;54.0;8.32;713.0;0.0;18.0;4.5;0.54;19.72;8.3;85.0
1025;2024-02-12 17:00:00;1.85;5.1;12.7;18.0;53.0;50.0;8.27;712.9;0.0;17.0;4.0;0.273;19.86;9.7;58.0
1026;2024-02-12 18:00:00;1.88;4.4;15.5;20.1;48.0;54.0;9.36;712.9;0.0;20.0;4.3;0.075;18.96;12.8;70.0
1027;2024-02-12 19:00:00;1.91;3.9;17.2;21.3;40.0;72.0;8.48;713.4;0.0;25.0;4.8;0.009;17.23;11.8;97.0
1028;2024-02-12 20:00:00;1.82;3.5;12.6;16.4;41.0;51.0;7.1;714.0;0.0;28.0;4.4;0.001;16.14;13.5;115.0
1029;2024-02-12 21:00:00;1.77;3.1;8.4;11.7;44.0;66.0;6.46;714.4;0.0;29.0;4.4;0.001;15.43;15.4;109.0
1030;2024-02-12 22:00:00;1.75;2.9;7.0;10.1;45.0;46.0;6.35;714.9;0.0;30.0;4.5;0.001;15.13;14.3;107.0
1031;2024-02-12 23:00:00;1.73;2.7;5.8;8.7;45.0;50.0;5.58;714.9;0.0;31.0;4.2;0.001;14.7;13.8;114.0
1032;2024-02-13 00:00:00;1.71;2.6;4.6;7.4;45.0;37.0;4.69;714.9;0.0;30.0;4.1;0.001;14.54;12.4;109.0
1033;2024-02-13 01:00:00;1.71;2.5;4.9;7.7;43.0;17.0;4.36;714.4;0.0;31.0;3.8;0.001;14.24;9.3;78.0
1034;2024-02-13 02:00:00;1.71;2.6;5.5;8.3;42.0;18.0;4.4;714.6;0.0;31.0;3.8;0.001;14.0;5.2;48.0
1035;2024-02-13 03:00:00;1.7;2.6;6.2;9.0;41.0;24.0;4.22;714.5;0.0;30.0;3.8;0.001;13.87;5.8;47.0
1036;2024-02-13 04:00:00;1.68;2.6;4.3;7.2;45.0;24.0;4.04;714.3;0.0;30.0;3.6;0.001;13.48;8.8;51.0
1037;2024-02-13 05:00:00;1.69;2.5;4.0;6.7;43.0;29.0;3.97;714.3;0.0;31.0;3.6;0.001;13.29;4.4;68.0
1038;2024-02-13 06:00:00;1.72;2.7;9.3;12.3;38.0;25.0;4.61;714.1;0.0;32.0;4.0;0.001;13.05;7.0;61.0
1039;2024-02-13 07:00:00;1.94;14.2;34.5;49.0;14.0;34.0;28.41;714.7;0.0;35.0;11.6;0.001;12.13;6.3;20.0
1040;2024-02-13 08:00:00;2.17;25.9;36.3;62.4;13.0;75.0;33.17;715.1;0.0;35.0;8.0;0.013;12.22;5.8;350.0
1041;2024-02-13 09:00:00;2.34;42.7;35.0;78.0;15.0;79.0;27.96;715.3;0.0;36.0;11.3;0.072;12.44;7.7;13.0
1042;2024-02-13 10:00:00;2.42;44.2;35.1;79.6;16.0;106.0;34.61;715.8;0.0;36.0;11.5;0.125;12.93;7.9;12.0
1043;2024-02-13 11:00:00;2.3;46.6;35.4;82.3;18.0;118.0;33.02;715.9;0.0;36.0;15.1;0.257;13.55;8.6;21.0
1044;2024-02-13 12:00:00;2.01;19.7;21.2;41.1;32.0;120.0;30.61;715.4;0.0;33.0;10.1;0.677;15.48;10.4;25.0
1045;2024-02-13 13:00:00;1.9;7.1;11.2;18.6;44.0;79.0;14.36;714.6;0.0;32.0;4.9;0.697;16.8;9.1;41.0
1046;2024-02-13 14:00:00;1.89;6.5;11.0;17.8;48.0;46.0;13.37;713.7;0.0;33.0;5.5;0.7;17.31;11.1;39.0
1047;2024-02-13 15:00:00;1.89;5.1;9.4;14.8;53.0;55.0;12.78;713.0;0.0;33.0;4.6;0.65;18.25;12.4;49.0
1048;2024-02-13 16:00:00;1.91;4.8;9.4;14.4;51.0;63.0;12.27;712.5;0.0;33.0;4.6;0.489;19.03;13.8;83.0
1049;2024-02-13 17:00:00;1.96;5.6;11.1;16.9;45.0;76.0;13.46;712.6;0.0;36.0;5.2;0.286;18.95;14.5;58.0
1050;2024-02-13 18:00:00;1.97;4.7;11.8;16.7;42.0;72.0;10.99;712.7;0.0;37.0;5.0;0.074;18.96;12.5;85.0
1051;2024-02-13 19:00:00;1.96;3.8;12.4;16.4;39.0;49.0;9.79;712.9;0.0;41.0;4.6;0.007;17.91;12.3;97.0
1052;2024-02-13 20:00:00;1.92;3.4;10.3;13.9;39.0;49.0;9.43;713.0;0.0;45.0;4.3;0.001;17.2;12.8;108.0
1053;2024-02-13 21:00:00;1.9;3.1;8.9;12.2;39.0;42.0;8.89;713.3;0.0;49.0;4.1;0.001;16.54;13.1;110.0
1054;2024-02-13 22:00:00;1.85;2.9;6.5;9.6;42.0;43.0;8.79;713.4;0.0;52.0;4.0;0.001;15.88;14.6;110.0
1055;2024-02-13 23:00:00;1.87;2.8;6.6;9.6;41.0;40.0;7.97;713.5;0.0;57.0;4.0;0.001;15.18;12.0;91.0
1056;2024-02-14 00:00:00;1.88;2.8;10.0;13.0;37.0;33.0;7.9;713.5;0.0;63.0;4.0;0.001;14.41;8.9;46.0
1057;2024-02-14 01:00:00;1.9;2.9;11.3;14.3;35.0;35.0;10.12;713.3;0.0;68.0;3.9;0.001;13.73;8.2;34.0
1058;2024-02-14 02:00:00;1.94;3.3;18.2;21.7;28.0;38.0;29.33;713.2;0.0;71.0;4.4;0.001;13.23;6.4;41.0
1059;2024-02-14 03:00:00;1.92;3.3;15.2;18.7;27.0;59.0;23.03;713.0;0.0;74.0;4.2;0.001;12.68;2.9;47.0
1060;2024-02-14 04:00:00;1.91;3.1;14.8;18.1;26.0;44.0;19.03;713.0;0.0;76.0;4.1;0.001;12.4;2.6;8.0
1061;2024-02-14 05:00:00;1.92;3.2;13.8;17.2;30.0;41.0;24.71;712.7;0.0;77.0;4.4;0.001;12.57;3.9;63.0
1062;2024-02-14 06:00:00;1.96;4.0;18.0;22.3;23.0;51.0;40.01;712.9;0.0;78.0;4.8;0.001;12.18;1.9;236.0
1063;2024-02-14 07:00:00;2.16;11.8;25.2;37.2;15.0;48.0;24.21;713.2;0.0;80.0;4.8;0.001;11.89;2.0;340.0
1064;2024-02-14 08:00:00;2.43;33.1;27.4;60.7;12.0;65.0;24.95;713.7;0.0;79.0;4.9;0.012;11.99;2.2;294.0
1065;2024-02-14 09:00:00;2.58;31.5;27.6;59.3;15.0;73.0;27.71;713.7;0.0;71.0;5.1;0.131;13.97;3.5;240.0
1066;2024-02-14 10:00:00;2.51;25.3;28.4;53.8;20.0;72.0;31.12;713.9;0.0;65.0;5.7;0.236;15.12;4.2;272.0
1067;2024-02-14 11:00:00;2.32;18.6;27.0;45.8;25.0;74.0;40.76;713.8;0.0;63.0;7.9;0.293;15.65;4.6;336.0
1068;2024-02-14 12:00:00;2.4;15.2;26.0;41.4;33.0;80.0;47.23;713.9;0.0;58.0;7.2;0.377;16.99;5.7;327.0
1069;2024-02-14 13:00:00;2.62;13.5;31.1;44.8;43.0;86.0;57.52;713.5;0.0;56.0;6.2;0.427;17.61;6.9;6.0
1070;2024-02-14 14:00:00;2.68;14.5;41.3;56.0;40.0;101.0;67.76;712.8;0.0;57.0;6.9;0.271;17.88;8.2;47.0
1071;2024-02-14 15:00:00;2.55;13.3;40.3;53.7;41.0;129.0;68.35;712.7;0.0;56.0;7.6;0.27;18.18;6.8;35.0
1072;2024-02-14 16:00:00;2.51;9.1;41.8;51.1;40.0;138.0;63.61;712.7;0.0;56.0;7.3;0.123;18.3;6.4;67.0
1073;2024-02-14 17:00:00;2.49;6.5;39.1;45.9;37.0;133.0;58.45;712.6;0.0;59.0;6.8;0.045;17.95;7.0;65.0
1074;2024-02-14 18:00:00;2.38;4.8;30.3;35.3;40.0;113.0;45.76;713.0;0.0;62.0;6.2;0.027;17.58;8.0;77.0
1075;2024-02-14 19:00:00;2.31;4.4;26.2;30.8;37.0;93.0;37.82;713.1;0.0;64.0;7.3;0.004;17.32;7.7;62.0
1076;2024-02-14 20:00:00;2.3;4.5;26.9;31.6;27.0;89.0;32.5;713.9;0.0;66.0;6.0;0.001;17.12;6.3;50.0
1077;2024-02-14 21:00:00;2.28;5.0;28.1;33.3;22.0;77.0;30.18;714.3;0.0;68.0;5.3;0.001;16.64;4.4;44.0
1078;2024-02-14 22:00:00;2.28;4.5;26.1;30.9;19.0;71.0;28.32;714.6;0.0;71.0;4.8;0.001;15.93;2.2;326.0
1079;2024-02-14 23:00:00;2.54;14.9;36.3;51.4;13.0;72.0;36.69;714.5;0.0;70.0;5.0;0.001;15.9;2.6;149.0
1080;2024-02-15 00:00:00;2.6;15.5;35.3;51.0;13.0;85.0;42.11;714.3;0.0;71.0;4.8;0.001;15.62;2.6;208.0
1081;2024-02-15 01:00:00;2.48;9.9;32.6;42.7;13.0;83.0;41.8;714.0;0.0;72.0;4.5;0.001;15.26;2.2;243.0
1082;2024-02-15 02:00:00;2.56;17.1;33.6;50.9;;80.0;41.13;713.8;0.0;72.0;4.5;0.001;15.32;3.6;238.0
1083;2024-02-15 03:00:00;2.57;18.7;35.8;54.8;14.0;90.0;55.28;713.8;0.0;71.0;6.5;0.001;15.32;2.5;234.0
1084;2024-02-15 04:00:00;2.57;20.7;34.8;55.7;14.0;118.0;64.48;713.8;0.0;73.0;8.2;0.001;15.01;1.9;220.0
1085;2024-02-15 05:00:00;2.54;16.8;32.9;49.9;13.0;112.0;53.6;713.9;0.0;74.0;5.5;0.001;14.98;1.8;236.0
1086;2024-02-15 06:00:00;2.54;19.1;33.2;52.5;13.0;108.0;50.01;714.1;0.0;74.0;5.5;0.001;15.03;2.1;30.0
1087;2024-02-15 07:00:00;2.82;56.4;33.0;89.7;13.0;110.0;51.97;714.6;0.0;75.0;6.1;0.001;15.1;1.9;309.0
1088;2024-02-15 08:00:00;3.1;87.1;36.4;123.7;14.0;129.0;57.42;715.1;0.0;74.0;6.6;0.005;15.42;3.0;206.0
1089;2024-02-15 09:00:00;3.02;55.9;34.7;90.9;14.0;162.0;55.81;715.2;0.0;73.0;5.8;0.03;15.77;3.4;175.0
1090;2024-02-15 10:00:00;3.58;77.8;39.0;117.2;15.0;123.0;59.12;715.6;0.0;77.0;6.3;0.067;15.87;3.2;69.0
1091;2024-02-15 11:00:00;3.2;52.4;38.1;90.7;17.0;130.0;;715.8;0.0;75.0;5.9;0.112;16.39;4.4;55.0
1092;2024-02-15 12:00:00;2.93;24.6;37.6;62.4;18.0;103.0;;716.0;0.0;75.0;5.3;0.095;16.61;4.8;274.0
1093;2024-02-15 13:00:00;3.33;38.6;49.3;88.1;19.0;79.0;;715.5;0.0;76.0;5.7;0.113;16.83;5.3;297.0
1094;2024-02-15 14:00:00;3.16;30.4;44.7;75.2;21.0;109.0;;714.6;0.0;75.0;5.4;0.16;17.24;4.9;333.0
1095;2024-02-15 15:00:00;2.66;15.6;38.1;53.9;23.0;91.0;;713.6;0.0;70.0;5.1;0.109;17.68;3.6;313.0
1096;2024-02-15 16:00:00;2.72;17.4;39.7;57.3;20.0;76.0;;713.6;0.0;71.0;5.0;0.059;17.57;4.6;5.0
1097;2024-02-15 17:00:00;2.95;24.3;43.6;68.1;17.0;90.0;;713.8;0.0;76.0;5.1;0.048;17.16;4.9;350.0
1098;2024-02-15 18:00:00;2.88;14.3;37.2;51.6;16.0;111.0;;714.4;0.0;77.0;4.7;0.013;16.28;2.8;287.0
1099;2024-02-15 19:00:00;2.94;22.9;38.8;62.0;13.0;75.0;;714.8;0.0;82.0;4.7;0.002;15.62;3.0;322.0
1100;2024-02-15 20:00:00;2.93;21.2;35.8;57.3;12.0;75.0;;714.6;0.0;85.0;4.7;0.001;15.12;2.2;273.0
1101;2024-02-15 21:00:00;2.85;20.7;34.7;55.6;12.0;66.0;;714.5;0.0;86.0;4.6;0.001;14.77;2.4;257.0
1102;2024-02-15 22:00:00;2.87;28.0;35.6;63.8;12.0;57.0;;714.5;0.0;85.0;4.6;0.001;14.98;3.5;235.0
1103;2024-02-15 23:00:00;2.72;21.9;33.2;55.3;;67.0;;714.8;0.0;85.0;4.5;0.001;15.04;3.9;100.0
1104;2024-02-16 00:00:00;2.53;10.5;30.0;40.7;;59.0;;714.4;0.0;83.0;4.2;0.001;14.96;2.5;24.0
1105;2024-02-16 01:00:00;2.59;29.1;29.9;59.2;;59.0;;714.1;0.0;85.0;4.7;0.001;14.77;1.9;309.0
1106;2024-02-16 02:00:00;2.55;23.2;26.9;50.3;;61.0;;713.6;0.0;87.0;4.5;0.001;14.42;1.7;261.0
1107;2024-02-16 03:00:00;2.34;8.6;24.0;32.9;11.0;55.0;;713.1;0.0;87.0;3.9;0.001;14.18;1.7;264.0
1108;2024-02-16 04:00:00;2.32;10.3;22.3;32.9;11.0;50.0;;712.6;0.0;87.0;3.8;0.001;14.02;1.7;231.0
1109;2024-02-16 05:00:00;2.32;12.4;20.9;33.6;11.0;50.0;;712.1;0.0;88.0;3.8;0.001;14.0;;237.0
1110;2024-02-16 06:00:00;2.4;20.5;20.4;41.1;;51.0;;711.9;0.0;88.0;3.9;0.001;14.04;;196.0
1111;2024-02-16 07:00:00;2.67;42.3;22.0;64.5;12.0;54.0;;711.9;0.0;88.0;4.3;0.001;14.19;;211.0
1112;2024-02-16 08:00:00;2.73;40.3;25.1;65.6;12.0;59.0;;712.2;0.0;88.0;4.2;0.011;14.36;1.9;34.0
1113;2024-02-16 09:00:00;2.71;40.8;26.9;67.9;13.0;56.0;;712.6;0.0;86.0;4.3;0.047;14.86;1.8;23.0
1114;2024-02-16 10:00:00;2.78;38.4;30.0;68.7;14.0;61.0;;712.9;0.0;80.0;4.3;0.1;15.88;1.8;359.0
1115;2024-02-16 11:00:00;2.66;31.3;30.2;61.7;18.0;73.0;;712.6;0.0;72.0;4.1;0.153;16.91;3.1;268.0
1116;2024-02-16 12:00:00;2.78;42.2;37.5;80.0;19.0;85.0;;712.5;0.0;71.0;4.6;0.135;17.32;3.8;249.0
1117;2024-02-16 13:00:00;2.91;39.2;38.2;77.7;22.0;112.0;;711.9;0.0;69.0;4.7;0.262;18.26;4.9;348.0
1118;2024-02-16 14:00:00;2.63;19.8;28.0;48.0;20.0;102.0;;711.4;0.0;70.0;4.4;0.149;18.17;6.2;340.0
1119;2024-02-16 15:00:00;2.28;9.1;18.7;28.0;23.0;76.0;;710.8;0.0;69.0;4.2;0.093;18.07;7.3;325.0
1120;2024-02-16 16:00:00;2.28;9.6;22.6;32.5;20.0;39.0;;710.7;0.0;69.0;4.2;0.052;17.84;6.2;327.0
1121;2024-02-16 17:00:00;2.32;11.0;23.5;34.8;17.0;41.0;;710.9;0.0;74.0;4.1;0.043;17.11;7.0;328.0
1122;2024-02-16 18:00:00;2.34;10.6;24.9;35.7;14.0;37.0;;711.2;0.0;80.0;4.0;0.018;16.02;4.8;308.0
1123;2024-02-16 19:00:00;2.56;18.9;27.0;46.1;10.0;28.0;;711.3;0.0;83.0;4.2;0.003;15.87;2.0;279.0
1124;2024-02-16 20:00:00;2.76;30.6;28.2;59.0;10.0;34.0;;711.3;0.0;84.0;4.8;0.001;15.84;2.3;295.0
1125;2024-02-16 21:00:00;2.6;22.5;26.4;49.1;12.0;36.0;;711.3;0.0;81.0;4.4;0.001;16.05;5.1;232.0
1126;2024-02-16 22:00:00;2.47;18.1;24.2;42.6;13.0;40.0;;711.5;0.0;78.0;4.4;0.001;16.48;4.9;256.0
1127;2024-02-16 23:00:00;2.59;21.3;25.0;46.5;10.0;41.0;;711.7;0.0;81.0;4.5;0.001;15.87;2.1;253.0
1128;2024-02-17 00:00:00;2.76;32.5;24.7;57.3;11.0;34.0;;711.8;0.0;84.0;4.9;0.001;15.58;2.4;264.0
1129;2024-02-17 01:00:00;2.79;35.3;23.1;58.7;11.0;47.0;;711.4;0.0;87.0;4.7;0.001;15.43;2.7;355.0
1130;2024-02-17 02:00:00;;;;;;;;;;;;;;;
1131;2024-02-17 03:00:00;;;;;;;;;;;;;;;
1132;2024-02-17 04:00:00;;;;;;;;;;;;;;;
1133;2024-02-17 05:00:00;;;;;;;;;;;;;;;
1134;2024-02-17 06:00:00;;;;;;;;;;;;;;;
1135;2024-02-17 07:00:00;;;;;;;;;;;;;;;
1136;2024-02-17 08:00:00;;;;;;;;;;;;;;;
1137;2024-02-17 09:00:00;;;;;;;;;;;;;;;
1138;2024-02-17 10:00:00;;;;;;;;;;;;;;;
1139;2024-02-17 11:00:00;0.91;4.8;12.2;17.2;14.0;22.0;;;0.0;66.0;2.7;0.027;7.28;8.0;40.0
1140;2024-02-17 12:00:00;1.3;7.3;16.7;24.2;19.0;36.0;;715.5;0.0;91.0;3.5;0.054;9.42;9.5;40.0
1141;2024-02-17 13:00:00;1.37;8.2;18.6;27.1;19.0;27.0;;715.5;0.0;91.0;3.7;0.047;9.02;5.9;40.0
1142;2024-02-17 14:00:00;1.48;11.1;19.9;31.3;21.0;32.0;;715.0;0.0;92.0;3.9;0.106;8.64;7.2;53.0
1143;2024-02-17 15:00:00;1.71;8.7;20.0;29.0;21.0;33.0;;714.8;0.0;92.0;4.0;0.083;8.77;5.3;40.0
1144;2024-02-17 16:00:00;1.91;13.9;23.3;37.4;20.0;30.0;;714.7;0.0;92.0;4.4;0.102;9.39;3.6;33.0
1145;2024-02-17 17:00:00;;;;;;;;;;;;;;;
1146;2024-02-17 18:00:00;;;;;;;;;;;;;;;
1147;2024-02-17 19:00:00;;;;;;;;;;;;;;;
1148;2024-02-17 20:00:00;;;;;;;;;;;;;;;
1149;2024-02-17 21:00:00;;;;;;;;;;;;;;;
1150;2024-02-17 22:00:00;;;;;;;;;;;;;;;
1151;2024-02-17 23:00:00;;;;;;;;;;;;;;;
1152;2024-02-18 00:00:00;;;;;;;;;;;;;;;
1153;2024-02-18 01:00:00;;;;;;;;;;;;;;;
1154;2024-02-18 02:00:00;;;;;;;;;;;;;;;
1155;2024-02-18 03:00:00;;;;;;;;;;;;;;;
1156;2024-02-18 04:00:00;;;;;;;;;;;;;;;
1157;2024-02-18 05:00:00;;;;;;;;;;;;;;;
1158;2024-02-18 06:00:00;;;;;;;;;;;;;;;
1159;2024-02-18 07:00:00;;;;;;;;;;;;;;;
1160;2024-02-18 08:00:00;;;;;;;;;;;;;;;
1161;2024-02-18 09:00:00;;;;;;;;;;;;;;;
1162;2024-02-18 10:00:00;;;;;;;;;;;;;;;
1163;2024-02-18 11:00:00;;;;;;;;;;;;;;;
1164;2024-02-18 12:00:00;1.29;5.8;9.9;16.0;35.0;30.0;;717.8;0.0;54.0;4.9;0.402;8.51;5.4;324.0
1165;2024-02-18 13:00:00;1.32;7.1;11.4;18.7;36.0;42.0;;717.1;0.0;53.0;4.9;0.484;9.15;6.6;341.0
1166;2024-02-18 14:00:00;1.34;10.6;16.3;27.2;36.0;50.0;;716.1;0.0;54.0;5.6;0.6;10.0;7.6;52.0
1167;2024-02-18 15:00:00;1.37;12.9;19.3;32.5;35.0;59.0;;715.4;0.0;54.0;6.9;0.607;10.82;7.4;33.0
1168;2024-02-18 16:00:00;1.38;9.7;17.1;27.1;38.0;65.0;;714.9;0.0;54.0;5.9;0.536;11.07;8.9;53.0
1169;2024-02-18 17:00:00;1.36;6.5;13.4;20.1;36.0;61.0;;714.5;0.0;57.0;4.6;0.295;11.04;8.9;64.0
1170;2024-02-18 18:00:00;1.35;5.1;12.4;17.6;29.0;54.0;;714.4;0.0;61.0;4.0;0.094;10.54;9.0;70.0
1171;2024-02-18 19:00:00;1.35;3.3;12.1;15.6;25.0;48.0;;714.6;0.0;67.0;3.8;0.008;9.22;7.6;93.0
1172;2024-02-18 20:00:00;1.33;3.0;11.1;14.3;26.0;40.0;;714.8;0.0;70.0;3.8;0.001;8.29;10.3;111.0
1173;2024-02-18 21:00:00;1.36;3.0;12.1;15.3;25.0;37.0;;715.1;0.0;71.0;3.7;0.001;7.99;4.9;103.0
1174;2024-02-18 22:00:00;1.39;2.9;13.3;16.4;25.0;33.0;;715.4;0.0;69.0;3.7;0.001;8.17;5.6;114.0
1175;2024-02-18 23:00:00;1.41;2.9;14.5;17.6;20.0;36.0;;715.5;0.0;72.0;3.7;0.001;7.6;4.8;137.0
1176;2024-02-19 00:00:00;1.52;3.6;17.9;21.7;13.0;32.0;;715.3;0.0;76.0;3.7;0.001;6.76;1.9;205.0
1177;2024-02-19 01:00:00;1.63;9.8;18.4;28.4;11.0;37.0;;715.1;0.0;78.0;3.7;0.001;6.62;1.8;330.0
1178;2024-02-19 02:00:00;1.63;12.8;20.7;33.8;12.0;39.0;;714.9;0.0;78.0;4.0;0.001;6.84;3.0;222.0
1179;2024-02-19 03:00:00;1.67;17.6;21.7;39.6;12.0;59.0;;714.5;0.0;77.0;4.7;0.001;6.99;3.1;214.0
1180;2024-02-19 04:00:00;1.69;18.5;20.7;39.5;12.0;75.0;;714.2;0.0;78.0;4.4;0.001;6.61;2.4;264.0
1181;2024-02-19 05:00:00;1.77;26.5;20.1;46.8;13.0;71.0;;714.2;0.0;79.0;4.6;0.001;6.37;1.8;223.0
1182;2024-02-19 06:00:00;1.74;14.9;17.1;32.4;13.0;84.0;;714.2;0.0;80.0;4.6;0.001;6.1;1.8;219.0
1183;2024-02-19 07:00:00;1.86;31.8;17.3;49.4;13.0;72.0;;714.5;0.0;81.0;4.9;0.001;6.02;1.7;283.0
1184;2024-02-19 08:00:00;2.6;93.1;18.0;111.4;;82.0;;714.9;0.0;80.0;6.2;0.032;7.17;1.8;358.0
1185;2024-02-19 09:00:00;2.44;77.0;25.6;102.9;15.0;108.0;;715.3;0.0;65.0;6.1;0.181;10.78;3.2;29.0
1186;2024-02-19 10:00:00;2.57;71.4;34.2;105.9;18.0;101.0;;715.6;0.0;57.0;6.1;0.312;12.82;4.5;67.0
1187;2024-02-19 11:00:00;2.61;60.7;44.4;105.3;24.0;112.0;;715.5;0.0;50.0;6.2;0.572;14.9;4.7;35.0
1188;2024-02-19 12:00:00;2.58;47.4;53.8;101.4;31.0;113.0;;715.4;0.0;43.0;7.5;0.703;17.37;4.3;11.0
1189;2024-02-19 13:00:00;2.71;32.1;55.5;87.7;41.0;125.0;;714.9;0.0;38.0;9.6;0.77;19.26;6.0;30.0
1190;2024-02-19 14:00:00;2.58;26.5;61.6;88.3;49.0;143.0;;714.4;0.0;35.0;12.1;0.771;20.77;6.8;47.0
1191;2024-02-19 15:00:00;2.07;10.4;33.0;43.5;59.0;155.0;;714.1;0.0;35.0;7.0;0.708;21.77;8.5;74.0
1192;2024-02-19 16:00:00;1.93;7.0;24.2;31.5;64.0;90.0;;713.9;0.0;35.0;5.4;0.572;22.83;9.1;49.0
1193;2024-02-19 17:00:00;1.84;5.6;19.1;24.9;61.0;77.0;;714.0;0.0;35.0;4.9;0.304;23.07;9.8;50.0
1194;2024-02-19 18:00:00;1.89;5.1;23.5;28.8;54.0;59.0;;714.3;0.0;37.0;5.5;0.09;22.46;8.9;34.0
1195;2024-02-19 19:00:00;2.07;4.4;36.1;40.7;36.0;63.0;;714.6;0.0;42.0;5.6;0.008;20.36;6.1;52.0
1196;2024-02-19 20:00:00;2.07;5.9;38.0;44.1;23.0;71.0;;715.0;0.0;47.0;5.2;0.001;19.11;7.2;41.0
1197;2024-02-19 21:00:00;2.03;5.6;38.6;44.4;16.0;61.0;;715.5;0.0;53.0;4.8;0.001;17.53;3.0;27.0
1198;2024-02-19 22:00:00;2.21;18.9;39.8;58.9;13.0;58.0;;715.8;0.0;59.0;5.4;0.001;16.19;3.2;292.0
1199;2024-02-19 23:00:00;2.32;28.4;36.4;65.0;12.0;89.0;;716.0;0.0;66.0;5.1;0.001;14.9;1.8;279.0
1200;2024-02-20 00:00:00;2.13;21.3;32.4;53.9;11.0;95.0;;716.1;0.0;70.0;4.8;0.002;14.08;1.9;241.0
1201;2024-02-20 01:00:00;2.2;23.6;32.6;56.4;11.0;72.0;;715.8;0.0;69.0;4.7;0.001;13.62;3.1;228.0
1202;2024-02-20 02:00:00;2.11;32.8;35.0;68.1;12.0;76.0;;715.7;0.0;65.0;5.7;0.001;13.47;1.9;327.0
1203;2024-02-20 03:00:00;2.01;19.2;32.2;51.6;12.0;98.0;;715.4;0.0;65.0;5.5;0.001;12.71;1.8;245.0
1204;2024-02-20 04:00:00;1.89;8.6;30.6;39.5;12.0;72.0;;715.3;0.0;62.0;5.3;0.001;12.79;2.1;284.0
1205;2024-02-20 05:00:00;1.92;16.2;28.9;45.2;11.0;67.0;;715.2;0.0;60.0;5.2;0.001;12.48;2.0;292.0
1206;2024-02-20 06:00:00;1.9;22.8;28.3;51.3;11.0;59.0;;715.4;0.0;56.0;5.1;0.001;12.65;2.8;292.0
1207;2024-02-20 07:00:00;2.06;35.6;30.1;65.9;13.0;58.0;;715.7;0.0;46.0;6.1;0.001;13.96;4.2;288.0
1208;2024-02-20 08:00:00;2.91;107.6;32.0;140.0;12.0;62.0;;716.1;0.0;56.0;6.5;0.039;13.94;3.3;297.0
1209;2024-02-20 09:00:00;3.24;110.7;40.7;151.7;15.0;137.0;;716.5;0.0;44.0;7.0;0.208;17.54;4.1;340.0
1210;2024-02-20 10:00:00;2.81;65.4;46.2;111.9;20.0;143.0;;716.8;0.0;32.0;8.0;0.324;21.02;3.7;1.0
1211;2024-02-20 11:00:00;2.28;32.4;44.1;76.8;29.0;117.0;;716.9;0.0;23.0;8.7;0.608;24.19;5.0;68.0
1212;2024-02-20 12:00:00;2.55;39.3;60.6;100.0;36.0;89.0;;716.8;0.0;23.0;18.2;0.723;24.69;7.2;60.0
1213;2024-02-20 13:00:00;2.29;19.6;50.8;70.6;50.0;139.0;;716.2;0.0;21.0;14.8;0.788;25.64;8.8;63.0
1214;2024-02-20 14:00:00;2.02;7.8;27.1;35.1;74.0;118.0;;715.5;0.0;22.0;5.9;0.806;26.65;10.0;52.0
1215;2024-02-20 15:00:00;1.96;6.5;23.7;30.4;81.0;75.0;;714.9;0.0;23.0;6.9;0.728;27.42;13.1;43.0
1216;2024-02-20 16:00:00;1.94;5.3;20.1;25.7;86.0;80.0;;714.5;0.0;23.0;6.7;0.581;28.05;13.2;51.0
1217;2024-02-20 17:00:00;1.93;4.7;19.0;24.0;87.0;69.0;;714.4;0.0;24.0;8.4;0.316;28.07;12.8;67.0
1218;2024-02-20 18:00:00;1.88;5.1;19.3;24.6;58.0;56.0;;714.7;0.0;24.0;5.9;0.087;27.68;11.1;64.0
1219;2024-02-20 19:00:00;1.93;4.4;20.8;25.4;36.0;46.0;;714.9;0.0;31.0;5.1;0.008;25.35;11.3;65.0
1220;2024-02-20 20:00:00;1.97;7.1;26.1;33.4;25.0;46.0;;715.4;0.0;36.0;4.9;0.001;23.46;5.9;72.0
1221;2024-02-20 21:00:00;1.94;4.2;24.0;28.4;24.0;46.0;;715.7;0.0;39.0;4.4;0.001;22.06;2.9;52.0
1222;2024-02-20 22:00:00;2.06;11.3;28.8;40.3;17.0;44.0;;715.8;0.0;44.0;4.7;0.001;20.94;3.8;295.0
1223;2024-02-20 23:00:00;2.11;21.3;36.1;57.6;11.0;54.0;;716.0;0.0;53.0;5.3;0.001;19.68;3.5;271.0
1224;2024-02-21 00:00:00;2.15;13.7;34.0;47.9;11.0;68.0;;715.9;0.0;61.0;5.1;0.001;18.4;3.7;271.0
1225;2024-02-21 01:00:00;2.1;6.0;30.0;36.2;12.0;70.0;;715.7;0.0;70.0;4.5;0.001;17.12;2.5;261.0
1226;2024-02-21 02:00:00;2.08;8.0;29.5;37.7;11.0;61.0;;715.4;0.0;75.0;4.5;0.001;16.31;2.3;258.0
1227;2024-02-21 03:00:00;2.09;17.3;30.7;48.2;11.0;63.0;;714.9;0.0;69.0;5.2;0.001;15.81;2.4;259.0
1228;2024-02-21 04:00:00;1.95;10.2;30.3;40.7;11.0;68.0;;714.5;0.0;63.0;4.9;0.002;15.03;2.0;258.0
1229;2024-02-21 05:00:00;1.98;18.0;29.6;47.7;;67.0;;714.1;0.0;66.0;4.9;0.001;14.43;1.9;284.0
1230;2024-02-21 06:00:00;1.98;19.3;29.4;48.9;;70.0;;714.1;0.0;69.0;4.9;0.001;14.09;2.0;248.0
1231;2024-02-21 07:00:00;2.28;41.3;27.0;68.5;;85.0;;714.4;0.0;77.0;5.1;0.002;13.32;2.1;290.0
1232;2024-02-21 08:00:00;2.56;73.3;31.1;104.6;12.0;84.0;;714.6;0.0;63.0;5.9;0.039;15.11;2.6;218.0
1233;2024-02-21 09:00:00;2.68;71.2;37.3;108.9;15.0;110.0;;714.6;0.0;46.0;7.5;0.206;19.1;3.5;303.0
1234;2024-02-21 10:00:00;2.6;43.9;40.4;84.6;23.0;103.0;;714.7;0.0;38.0;7.9;0.32;22.48;4.1;42.0
1235;2024-02-21 11:00:00;2.54;32.2;45.9;78.4;32.0;105.0;;714.4;0.0;33.0;8.7;0.604;24.02;4.9;63.0
1236;2024-02-21 12:00:00;2.42;26.3;51.8;78.3;42.0;100.0;;713.8;0.0;28.0;9.6;0.728;26.03;5.9;38.0
1237;2024-02-21 13:00:00;2.52;21.1;56.3;77.6;58.0;104.0;;713.0;0.0;30.0;12.9;0.784;26.7;8.8;69.0
1238;2024-02-21 14:00:00;2.56;8.6;44.1;52.9;94.0;123.0;;712.1;0.0;36.0;6.8;0.766;27.16;10.0;55.0
1239;2024-02-21 15:00:00;2.23;5.6;22.5;28.4;101.0;135.0;;711.2;0.0;37.0;6.0;0.71;27.53;12.2;42.0
1240;2024-02-21 16:00:00;2.1;5.5;18.3;24.1;87.0;94.0;;710.3;0.0;32.0;6.3;0.58;28.95;11.4;56.0
1241;2024-02-21 17:00:00;1.9;4.8;11.2;16.2;66.0;69.0;;709.6;0.0;28.0;5.2;0.319;29.99;13.4;101.0
1242;2024-02-21 18:00:00;1.95;4.9;15.1;20.1;48.0;47.0;;709.6;0.0;30.0;4.6;0.086;29.37;11.0;62.0
1243;2024-02-21 19:00:00;2.07;4.3;22.1;26.6;38.0;47.0;;709.6;0.0;35.0;4.5;0.008;27.22;9.0;61.0
1244;2024-02-21 20:00:00;2.18;4.5;31.1;35.8;25.0;57.0;;709.8;0.0;39.0;4.6;0.001;25.79;6.4;39.0
1245;2024-02-21 21:00:00;2.27;12.4;40.0;52.6;14.0;55.0;;710.2;0.0;44.0;4.9;0.001;24.36;4.8;325.0
1246;2024-02-21 22:00:00;2.36;16.6;41.4;58.3;11.0;73.0;;710.5;0.0;48.0;5.4;0.001;23.18;4.4;303.0
1247;2024-02-21 23:00:00;2.36;13.9;38.8;53.0;15.0;89.0;;710.8;0.0;50.0;5.3;0.001;22.42;5.5;347.0
1248;2024-02-22 00:00:00;2.03;5.1;29.8;35.1;19.0;92.0;;710.5;0.0;58.0;5.7;0.001;21.24;5.1;3.0
1249;2024-02-22 01:00:00;2.0;4.5;26.3;31.0;18.0;68.0;;710.0;0.0;67.0;6.4;0.001;19.73;3.8;322.0
1250;2024-02-22 02:00:00;1.94;4.0;16.6;20.8;24.0;66.0;;709.8;0.0;74.0;5.5;0.001;18.72;3.5;306.0
1251;2024-02-22 03:00:00;1.99;4.0;15.2;19.4;21.0;60.0;;709.7;0.0;79.0;4.7;0.001;17.67;2.3;279.0
1252;2024-02-22 04:00:00;2.11;12.9;23.8;36.8;14.0;55.0;;709.2;0.0;78.0;4.8;0.001;17.24;2.5;241.0
1253;2024-02-22 05:00:00;2.14;22.9;30.6;53.7;12.0;73.0;;708.8;0.0;71.0;5.4;0.001;16.99;3.1;225.0
1254;2024-02-22 06:00:00;2.03;9.4;30.9;40.4;13.0;98.0;;708.5;0.0;62.0;5.3;0.001;17.76;4.4;273.0
1255;2024-02-22 07:00:00;2.28;25.9;30.9;57.1;12.0;71.0;;708.9;0.0;64.0;5.2;0.001;16.96;3.6;110.0
1256;2024-02-22 08:00:00;2.97;79.5;31.1;110.9;13.0;85.0;;709.3;0.0;66.0;5.8;0.047;17.87;3.7;246.0
1257;2024-02-22 09:00:00;3.79;132.0;45.6;178.0;15.0;129.0;;709.8;0.0;48.0;7.3;0.202;22.17;4.6;99.0
1258;2024-02-22 10:00:00;3.36;86.4;57.9;144.6;19.0;150.0;;710.2;0.0;41.0;10.3;0.291;24.09;5.7;102.0
1259;2024-02-22 11:00:00;2.69;34.5;56.6;91.4;26.0;26.0;;710.1;0.0;23.0;12.4;0.469;29.47;4.8;120.0
1260;2024-02-22 12:00:00;1.94;5.4;13.7;19.3;51.0;;;709.8;0.0;9.0;3.9;0.732;32.48;10.1;325.0
1261;2024-02-22 13:00:00;1.95;4.8;9.1;14.2;63.0;63.0;;709.1;0.0;6.0;3.5;0.826;33.35;11.6;322.0
1262;2024-02-22 14:00:00;1.96;4.9;9.5;14.6;66.0;38.0;;708.2;0.0;5.0;3.5;0.83;34.25;12.6;324.0
1263;2024-02-22 15:00:00;1.93;4.6;8.9;13.8;68.0;46.0;;707.5;0.0;4.0;3.5;0.755;34.94;11.8;311.0
1264;2024-02-22 16:00:00;1.9;4.5;8.6;13.4;68.0;36.0;;707.0;0.0;1.0;3.4;0.614;35.22;13.2;317.0
1265;2024-02-22 17:00:00;1.9;4.7;10.0;15.0;64.0;43.0;;706.9;0.0;1.0;3.4;0.337;34.97;12.2;318.0
1266;2024-02-22 18:00:00;2.22;5.2;20.5;25.9;55.0;34.0;;707.3;0.0;21.0;8.2;0.089;32.46;12.3;50.0
1267;2024-02-22 19:00:00;2.23;4.4;14.1;18.7;54.0;73.0;;708.1;0.0;32.0;6.0;0.007;29.13;10.9;104.0
1268;2024-02-22 20:00:00;2.2;4.9;15.3;20.5;42.0;57.0;;708.9;0.0;34.0;4.8;0.001;27.39;10.9;69.0
1269;2024-02-22 21:00:00;2.11;4.0;8.9;13.1;45.0;78.0;;709.6;0.0;36.0;4.2;0.001;26.02;10.4;91.0
1270;2024-02-22 22:00:00;2.12;3.8;9.9;13.9;42.0;68.0;;710.1;0.0;38.0;4.1;0.001;25.13;7.0;83.0
1271;2024-02-22 23:00:00;2.08;3.6;7.1;10.9;47.0;62.0;;710.3;0.0;43.0;3.9;0.001;24.17;9.4;111.0
1272;2024-02-23 00:00:00;2.09;3.3;7.0;10.6;51.0;60.0;;710.4;0.0;45.0;3.8;0.001;23.64;8.0;90.0
1273;2024-02-23 01:00:00;2.08;3.2;6.3;9.8;51.0;64.0;;710.5;0.0;47.0;3.8;0.001;23.08;6.1;78.0
1274;2024-02-23 02:00:00;2.11;3.2;10.1;13.5;42.0;65.0;;710.8;0.0;51.0;3.8;0.001;21.99;3.2;13.0
1275;2024-02-23 03:00:00;2.16;3.3;19.1;22.7;28.0;63.0;;710.9;0.0;57.0;4.0;0.001;20.86;2.8;271.0
1276;2024-02-23 04:00:00;2.17;3.4;18.2;21.8;26.0;70.0;;710.8;0.0;60.0;5.4;0.001;20.46;4.1;227.0
1277;2024-02-23 05:00:00;2.17;3.8;16.6;20.5;26.0;73.0;;710.8;0.0;58.0;6.8;0.001;20.02;4.3;225.0
1278;2024-02-23 06:00:00;2.17;3.7;17.4;21.3;22.0;74.0;;711.3;0.0;58.0;8.3;0.001;19.38;3.0;219.0
1279;2024-02-23 07:00:00;3.12;38.1;31.0;69.3;13.0;74.0;;712.0;0.0;62.0;7.7;0.001;19.21;4.3;26.0
1280;2024-02-23 08:00:00;3.37;49.6;36.8;86.8;10.0;136.0;;712.7;0.0;61.0;8.9;0.048;19.69;6.0;114.0
1281;2024-02-23 09:00:00;2.45;10.6;21.7;32.6;30.0;157.0;;713.3;0.0;29.0;6.7;0.155;20.73;11.5;56.0
1282;2024-02-23 10:00:00;2.16;13.7;22.3;36.2;32.0;94.0;;714.0;0.0;24.0;6.5;0.274;21.19;10.3;55.0
1283;2024-02-23 11:00:00;2.08;9.4;17.7;27.3;38.0;107.0;;714.0;0.0;28.0;5.9;0.291;21.49;10.3;38.0
1284;2024-02-23 12:00:00;2.05;5.9;11.7;17.8;46.0;111.0;;714.4;0.0;38.0;4.8;0.31;20.81;13.0;25.0
1285;2024-02-23 13:00:00;2.08;7.0;13.6;20.8;52.0;102.0;;713.9;0.0;37.0;6.6;0.584;22.07;10.0;43.0
1286;2024-02-23 14:00:00;2.12;6.3;14.5;21.1;60.0;80.0;;713.3;0.0;36.0;7.0;0.658;23.24;9.2;51.0
1287;2024-02-23 15:00:00;2.16;4.7;13.7;18.6;67.0;78.0;;712.7;0.0;38.0;4.6;0.367;23.11;9.8;53.0
1288;2024-02-23 16:00:00;2.17;4.8;13.6;18.6;63.0;79.0;;712.4;0.0;40.0;5.6;0.375;23.42;12.0;53.0
1289;2024-02-23 17:00:00;2.15;4.3;12.5;17.0;59.0;86.0;;712.4;0.0;41.0;6.2;0.237;23.13;12.1;106.0
1290;2024-02-23 18:00:00;2.15;3.9;11.4;15.4;55.0;77.0;;712.6;0.0;46.0;4.8;0.082;22.31;11.8;127.0
1291;2024-02-23 19:00:00;2.16;3.5;12.2;15.9;50.0;63.0;;712.9;0.0;48.0;4.3;0.008;21.43;12.1;121.0
1292;2024-02-23 20:00:00;2.13;3.3;12.9;16.4;48.0;67.0;;713.3;0.0;44.0;4.0;0.001;21.05;10.4;111.0
1293;2024-02-23 21:00:00;2.13;3.3;15.9;19.4;45.0;55.0;;714.0;0.0;35.0;3.9;0.001;20.93;9.3;79.0
1294;2024-02-23 22:00:00;2.08;3.2;14.6;18.0;47.0;50.0;;714.5;0.0;33.0;3.8;0.001;20.35;9.4;62.0
1295;2024-02-23 23:00:00;2.12;3.2;18.7;22.1;39.0;52.0;;714.6;0.0;35.0;5.7;0.001;19.68;4.1;76.0
1296;2024-02-24 00:00:00;2.04;3.2;11.6;15.0;48.0;48.0;;714.6;0.0;36.0;4.5;0.001;19.42;6.4;71.0
1297;2024-02-24 01:00:00;2.02;3.1;9.2;12.5;50.0;50.0;;714.5;0.0;40.0;3.6;0.001;18.78;7.7;85.0
1298;2024-02-24 02:00:00;1.96;2.7;4.7;7.6;57.0;49.0;;714.0;0.0;40.0;3.5;0.001;18.72;11.1;125.0
1299;2024-02-24 03:00:00;1.99;2.7;6.9;9.8;52.0;41.0;;714.0;0.0;43.0;3.6;0.001;18.07;7.2;74.0
1300;2024-02-24 04:00:00;2.17;3.1;29.2;32.5;23.0;43.0;;714.2;0.0;49.0;4.1;0.001;16.73;6.1;349.0
1301;2024-02-24 05:00:00;2.22;3.1;32.5;35.8;18.0;78.0;;714.2;0.0;54.0;4.9;0.001;15.58;5.6;337.0
1302;2024-02-24 06:00:00;2.2;3.7;31.5;35.4;19.0;65.0;;714.7;0.0;55.0;6.1;0.001;15.02;4.2;17.0
1303;2024-02-24 07:00:00;2.16;3.6;30.8;34.6;21.0;64.0;;715.3;0.0;55.0;10.8;0.001;14.89;4.1;41.0
1304;2024-02-24 08:00:00;2.21;7.6;31.7;39.5;21.0;65.0;;715.8;0.0;55.0;9.6;0.027;14.97;4.5;64.0
1305;2024-02-24 09:00:00;2.47;24.8;38.5;63.5;19.0;68.0;;716.3;0.0;51.0;7.9;0.134;16.37;5.9;359.0
1306;2024-02-24 10:00:00;2.49;30.6;39.6;70.4;23.0;110.0;;716.6;0.0;43.0;11.2;0.262;17.77;7.2;6.0
1307;2024-02-24 11:00:00;2.15;10.2;19.1;29.5;46.0;120.0;;716.5;0.0;28.0;5.6;0.425;20.27;9.2;36.0
1308;2024-02-24 12:00:00;2.01;5.7;10.0;16.0;56.0;70.0;;716.1;0.0;26.0;3.6;0.72;21.18;12.6;43.0
1309;2024-02-24 13:00:00;1.99;5.3;8.9;14.4;58.0;58.0;;715.3;0.0;23.0;3.4;0.783;22.22;13.8;59.0
1310;2024-02-24 14:00:00;2.0;4.6;7.7;12.6;61.0;51.0;;714.5;0.0;25.0;3.5;0.783;23.05;14.4;76.0
1311;2024-02-24 15:00:00;1.98;3.7;6.2;10.2;64.0;44.0;;713.9;0.0;26.0;3.6;0.704;23.94;12.1;94.0
1312;2024-02-24 16:00:00;1.99;3.3;6.2;9.8;64.0;39.0;;713.6;0.0;25.0;3.6;0.47;24.52;11.9;113.0
1313;2024-02-24 17:00:00;1.98;3.0;6.1;9.3;62.0;41.0;;713.5;0.0;27.0;3.5;0.191;24.11;12.4;113.0
1314;2024-02-24 18:00:00;2.0;3.0;8.4;11.6;58.0;39.0;;713.4;0.0;27.0;3.5;0.098;24.05;12.0;75.0
1315;2024-02-24 19:00:00;2.08;3.0;13.1;16.3;50.0;44.0;;713.5;0.0;30.0;3.6;0.01;23.32;10.2;68.0
1316;2024-02-24 20:00:00;2.11;3.6;14.5;18.4;44.0;50.0;;713.6;0.0;31.0;3.7;0.001;22.55;8.6;98.0
1317;2024-02-24 21:00:00;2.09;2.9;10.0;13.1;49.0;44.0;;713.9;0.0;37.0;3.7;0.001;21.63;8.1;96.0
1318;2024-02-24 22:00:00;2.12;2.8;11.4;14.4;46.0;35.0;;714.0;0.0;47.0;3.8;0.001;20.23;9.0;61.0
1319;2024-02-24 23:00:00;2.14;2.9;12.1;15.3;45.0;49.0;;713.9;0.0;54.0;3.7;0.001;19.14;8.8;48.0
1320;2024-02-25 00:00:00;2.1;2.9;13.1;16.0;43.0;32.0;13.0;714.0;0.0;58.0;3.8;0.001;18.39;6.4;28.0
1321;2024-02-25 01:00:00;2.1;2.9;10.6;13.5;43.0;36.0;15.0;714.1;0.0;63.0;3.8;0.001;17.29;5.6;26.0
1322;2024-02-25 02:00:00;2.16;3.0;16.1;19.1;36.0;43.0;19.0;714.0;0.0;66.0;4.0;0.001;16.53;4.7;22.0
1323;2024-02-25 03:00:00;2.19;3.0;21.4;24.4;26.0;54.0;23.0;713.9;0.0;68.0;4.5;0.001;15.83;2.0;2.0
1324;2024-02-25 04:00:00;2.19;3.2;22.5;25.7;22.0;56.0;25.0;713.6;0.0;71.0;4.4;0.001;15.07;1.7;327.0
1325;2024-02-25 05:00:00;2.21;3.4;24.3;27.7;18.0;50.0;23.0;713.3;0.0;73.0;4.2;0.001;14.82;1.6;256.0
1326;2024-02-25 06:00:00;2.23;5.3;27.2;32.6;11.0;65.0;30.0;713.3;0.0;68.0;4.1;0.001;14.66;2.7;249.0
1327;2024-02-25 07:00:00;2.28;6.9;24.4;31.3;12.0;63.0;28.0;713.5;0.0;70.0;4.0;0.001;14.49;2.1;285.0
1328;2024-02-25 08:00:00;2.26;6.4;22.3;28.7;15.0;59.0;25.0;713.8;0.0;68.0;4.1;0.026;14.96;1.9;251.0
1329;2024-02-25 09:00:00;2.2;12.7;21.6;34.2;21.0;63.0;27.0;713.9;0.0;50.0;4.9;0.169;19.09;0.3;30.0
1330;2024-02-25 10:00:00;2.28;15.1;23.1;38.3;28.0;74.0;32.0;713.9;0.0;44.0;5.8;0.276;20.93;3.4;21.0
1331;2024-02-25 11:00:00;2.3;15.7;27.2;42.9;35.0;74.0;31.0;714.0;0.0;37.0;6.7;0.373;22.92;4.9;28.0
1332;2024-02-25 12:00:00;2.34;19.3;35.2;54.5;37.0;89.0;40.0;713.7;0.0;33.0;10.3;0.704;25.07;4.5;81.0
1333;2024-02-25 13:00:00;2.47;17.3;42.3;59.6;46.0;128.0;62.0;713.2;0.0;31.0;12.3;0.776;26.61;5.5;83.0
1334;2024-02-25 14:00:00;2.65;8.2;31.1;39.3;82.0;147.0;83.0;712.5;0.0;29.0;7.9;0.791;27.91;6.7;71.0
1335;2024-02-25 15:00:00;2.52;4.9;20.0;24.9;114.0;89.0;43.0;711.8;0.0;27.0;5.6;0.739;29.16;6.5;66.0
1336;2024-02-25 16:00:00;2.35;4.2;14.8;19.0;117.0;85.0;47.0;711.3;0.0;28.0;5.1;0.613;30.2;7.3;51.0
1337;2024-02-25 17:00:00;2.3;4.0;12.9;16.9;104.0;59.0;25.0;711.0;0.0;27.0;4.9;0.381;30.74;7.9;57.0
1338;2024-02-25 18:00:00;2.29;3.7;14.1;17.7;90.0;60.0;23.0;711.0;0.0;28.0;4.5;0.106;30.33;7.1;65.0
1339;2024-02-25 19:00:00;2.33;3.5;18.5;22.0;77.0;57.0;24.0;711.2;0.0;31.0;5.0;0.014;28.39;7.1;59.0
1340;2024-02-25 20:00:00;2.33;3.5;21.9;25.4;56.0;59.0;24.0;711.6;0.0;35.0;4.6;0.001;26.74;7.7;42.0
1341;2024-02-25 21:00:00;2.33;3.5;22.5;26.1;40.0;59.0;25.0;712.0;0.0;42.0;4.2;0.001;25.51;7.9;34.0
1342;2024-02-25 22:00:00;2.34;3.7;30.1;33.7;25.0;62.0;26.0;712.5;0.0;46.0;4.3;0.001;24.6;2.8;17.0
1343;2024-02-25 23:00:00;2.59;4.6;35.3;39.8;13.0;81.0;34.0;712.8;0.0;54.0;4.5;0.001;22.62;2.6;270.0
1344;2024-02-26 00:00:00;2.7;6.9;35.6;42.5;11.0;87.0;36.0;712.8;0.0;56.0;4.3;0.001;21.78;3.4;243.0
1345;2024-02-26 01:00:00;2.58;4.9;34.5;39.4;14.0;73.0;31.0;700.7;0.0;50.0;4.8;0.001;20.78;2.8;226.0
1346;2024-02-26 02:00:00;2.44;3.8;31.5;35.3;18.0;78.0;30.0;712.4;0.0;49.0;4.8;0.001;20.66;0.9;266.0
1347;2024-02-26 03:00:00;2.41;3.8;32.1;35.9;16.0;74.0;30.0;712.0;0.0;50.0;4.5;0.001;19.89;1.7;271.0
1348;2024-02-26 04:00:00;2.44;4.2;30.3;34.5;13.0;73.0;29.0;711.7;0.0;56.0;4.2;0.001;19.37;1.4;221.0
1349;2024-02-26 05:00:00;2.27;3.8;21.5;25.3;22.0;59.0;25.0;711.4;0.0;51.0;4.3;0.001;18.89;1.0;293.0
1350;2024-02-26 06:00:00;2.14;3.9;22.2;26.1;23.0;66.0;23.0;711.4;0.0;45.0;4.3;0.001;19.07;2.1;261.0
1351;2024-02-26 07:00:00;2.34;12.8;34.0;46.9;10.0;88.0;26.0;711.6;0.0;46.0;4.6;0.001;18.46;1.3;280.0
1352;2024-02-26 08:00:00;3.09;82.8;36.3;119.1;10.0;148.0;29.0;711.8;0.0;43.0;5.3;0.028;19.26;2.7;318.0
1353;2024-02-26 09:00:00;3.31;89.3;41.3;130.6;12.0;138.0;28.0;711.9;0.0;35.0;5.7;0.177;22.86;3.4;306.0
1354;2024-02-26 10:00:00;3.18;44.2;47.0;91.2;21.0;167.0;39.0;712.0;0.0;33.0;5.8;0.272;26.22;3.4;10.0
1355;2024-02-26 11:00:00;3.01;30.4;52.9;83.4;32.0;153.0;45.0;712.0;0.0;27.0;6.4;0.373;28.23;4.2;34.0
1356;2024-02-26 12:00:00;2.7;14.3;41.2;55.4;53.0;127.0;35.0;711.6;0.0;22.0;8.1;0.706;30.61;4.2;46.0
1357;2024-02-26 13:00:00;2.69;9.7;42.6;52.3;70.0;119.0;36.0;711.0;0.0;20.0;7.7;0.694;31.53;6.1;74.0
1358;2024-02-26 14:00:00;2.36;6.1;29.0;35.1;94.0;107.0;27.0;710.2;0.0;17.0;6.4;0.752;33.21;5.5;72.0
1359;2024-02-26 15:00:00;2.3;4.8;25.9;30.7;122.0;109.0;29.0;709.3;0.0;16.0;5.4;0.65;33.67;8.0;73.0
1360;2024-02-26 16:00:00;2.48;4.2;24.7;28.9;157.0;122.0;39.0;708.8;0.0;21.0;8.0;0.432;33.19;9.2;65.0
1361;2024-02-26 17:00:00;2.44;4.2;22.5;26.7;142.0;107.0;39.0;708.5;0.0;26.0;12.9;0.316;32.77;9.4;56.0
1362;2024-02-26 18:00:00;2.51;4.1;24.7;28.7;114.0;93.0;34.0;708.4;0.0;27.0;9.6;0.106;32.36;6.6;61.0
1363;2024-02-26 19:00:00;2.44;3.9;21.5;25.3;94.0;72.0;28.0;708.5;0.0;28.0;6.6;0.02;31.38;7.3;106.0
1364;2024-02-26 20:00:00;2.38;3.8;19.2;23.0;69.0;61.0;24.0;708.7;0.0;32.0;5.3;0.001;29.92;6.4;91.0
1365;2024-02-26 21:00:00;2.22;3.6;13.0;16.6;56.0;52.0;21.0;708.8;0.0;34.0;4.6;0.001;29.08;7.0;93.0
1366;2024-02-26 22:00:00;2.57;3.8;35.7;39.4;32.0;65.0;26.0;709.0;0.0;37.0;4.1;0.001;27.02;3.0;191.0
1367;2024-02-26 23:00:00;2.7;9.6;42.2;51.8;12.0;79.0;29.0;709.0;0.0;43.0;4.1;0.001;25.77;3.7;242.0
1368;2024-02-27 00:00:00;2.71;4.9;48.1;53.0;19.0;100.0;35.0;708.8;0.0;40.0;5.1;0.001;25.18;3.0;229.0
1369;2024-02-27 01:00:00;2.97;15.7;47.8;63.5;12.0;111.0;38.0;708.6;0.0;49.0;5.5;0.001;23.75;1.7;288.0
1370;2024-02-27 02:00:00;2.96;43.4;35.7;79.1;9.0;154.0;40.0;708.4;0.0;58.0;5.0;0.001;22.53;0.9;246.0
1371;2024-02-27 03:00:00;2.97;43.1;38.4;81.6;9.0;144.0;39.0;707.9;0.0;60.0;4.9;0.001;21.41;0.9;245.0
1372;2024-02-27 04:00:00;2.62;18.4;42.3;60.7;9.0;106.0;34.0;683.8;0.0;49.0;4.8;0.001;20.88;1.9;310.0
1373;2024-02-27 05:00:00;2.36;5.3;37.3;42.6;12.0;82.0;30.0;707.1;0.0;48.0;5.0;0.001;21.34;;223.0
1374;2024-02-27 06:00:00;2.27;4.5;30.8;35.2;18.0;81.0;26.0;695.4;0.0;42.0;5.4;0.001;20.57;2.5;274.0
1375;2024-02-27 07:00:00;2.5;16.4;39.4;55.8;12.0;102.0;28.0;695.4;0.0;41.0;5.5;0.001;20.71;1.6;308.0
1376;2024-02-27 08:00:00;2.49;28.8;41.2;70.0;15.0;111.0;25.0;683.8;0.0;27.0;7.2;0.028;23.08;6.5;217.0
1377;2024-02-27 09:00:00;2.25;12.5;38.2;50.7;29.0;124.0;20.0;707.7;0.0;14.0;8.0;0.181;28.62;7.7;223.0
1378;2024-02-27 10:00:00;2.07;11.1;34.9;46.0;35.0;105.0;18.0;;0.0;10.0;7.3;0.23;28.92;2.9;221.0
1379;2024-02-27 11:00:00;2.24;13.1;34.3;47.4;44.0;130.0;20.0;708.3;0.0;10.0;7.2;0.379;32.87;6.8;200.0
1380;2024-02-27 12:00:00;1.95;5.8;15.1;20.9;65.0;72.0;13.0;684.4;0.0;5.0;4.4;0.605;34.07;3.3;288.0
1381;2024-02-27 13:00:00;1.93;4.8;9.7;14.6;72.0;59.0;12.0;695.6;0.0;5.0;3.7;0.786;35.15;9.5;312.0
1382;2024-02-27 14:00:00;1.88;4.5;8.0;12.5;77.0;50.0;11.0;683.1;0.0;4.0;3.8;0.719;35.85;4.2;319.0
1383;2024-02-27 15:00:00;1.9;4.3;8.8;13.1;74.0;41.0;11.0;682.5;0.0;4.0;3.7;0.589;35.71;8.6;316.0
1384;2024-02-27 16:00:00;1.95;4.4;8.6;13.1;75.0;44.0;;705.8;0.0;4.0;4.0;0.552;36.99;9.1;331.0
1385;2024-02-27 17:00:00;1.98;4.6;11.0;15.5;72.0;43.0;12.0;694.0;0.0;4.0;4.0;0.303;36.49;4.5;316.0
1386;2024-02-27 18:00:00;2.1;4.4;17.6;22.0;62.0;42.0;12.0;705.9;0.0;5.0;4.1;0.096;35.68;2.1;329.0
1387;2024-02-27 19:00:00;2.35;4.3;28.6;32.9;66.0;64.0;18.0;694.5;0.0;13.0;4.5;0.017;33.12;3.6;78.0
1388;2024-02-27 20:00:00;2.74;4.6;49.6;54.2;41.0;105.0;24.0;694.9;0.0;18.0;4.7;0.001;31.64;6.0;87.0
1389;2024-02-27 21:00:00;2.78;4.5;48.2;52.7;27.0;115.0;33.0;707.1;0.0;28.0;4.7;0.001;29.97;1.9;340.0
1390;2024-02-27 22:00:00;2.58;6.8;48.7;55.6;17.0;96.0;34.0;695.6;0.0;34.0;5.3;0.001;28.1;3.4;310.0
1391;2024-02-27 23:00:00;2.63;6.7;49.6;56.2;11.0;110.0;38.0;695.9;0.0;37.0;6.3;0.001;27.21;3.3;282.0
1392;2024-02-28 00:00:00;2.7;23.6;45.9;69.6;16.0;116.0;37.0;708.0;0.0;34.0;8.2;0.001;26.89;4.4;232.0
1393;2024-02-28 01:00:00;2.42;19.4;49.6;69.0;13.0;136.0;36.0;690.3;0.0;27.0;13.6;0.001;25.57;7.0;219.0
1394;2024-02-28 02:00:00;2.21;3.8;32.9;36.7;26.0;88.0;27.0;707.9;0.0;26.0;10.3;0.001;25.63;3.6;229.0
1395;2024-02-28 03:00:00;2.15;3.9;30.7;34.5;29.0;84.0;27.0;707.7;0.0;26.0;7.9;0.001;24.88;1.3;194.0
1396;2024-02-28 04:00:00;2.09;3.9;31.2;35.1;29.0;82.0;26.0;707.6;0.0;26.0;9.0;0.001;24.15;2.9;243.0
1397;2024-02-28 05:00:00;2.07;3.9;32.1;36.0;29.0;96.0;25.0;707.6;0.0;26.0;9.6;0.001;24.38;3.0;254.0
1398;2024-02-28 06:00:00;2.28;8.2;39.3;47.5;15.0;143.0;33.0;708.1;0.0;34.0;7.4;0.001;23.06;1.3;327.0
1399;2024-02-28 07:00:00;2.48;25.2;41.2;66.4;9.0;174.0;38.0;708.6;0.0;36.0;5.9;0.001;21.9;0.9;241.0
1400;2024-02-28 08:00:00;3.07;75.0;44.4;119.4;10.0;224.0;40.0;709.5;0.0;35.0;6.0;0.017;22.21;3.0;281.0
1401;2024-02-28 09:00:00;3.35;79.5;47.9;127.4;12.0;234.0;40.0;710.3;0.0;29.0;6.3;0.148;24.53;3.2;314.0
1402;2024-02-28 10:00:00;2.67;28.8;45.4;74.3;25.0;174.0;32.0;711.0;0.0;19.0;7.6;0.255;27.6;3.1;303.0
1403;2024-02-28 11:00:00;2.49;17.1;38.7;55.9;37.0;135.0;26.0;711.5;0.0;14.0;5.7;0.336;31.16;1.5;331.0
1404;2024-02-28 12:00:00;2.2;9.7;23.5;33.2;52.0;111.0;18.0;711.6;0.0;11.0;6.4;0.683;32.38;8.8;26.0
1405;2024-02-28 13:00:00;2.03;6.4;10.3;16.7;58.0;142.0;19.0;711.9;0.0;18.0;6.3;0.723;31.32;16.3;7.0
1406;2024-02-28 14:00:00;2.16;5.8;10.0;15.8;61.0;238.0;36.0;712.1;0.0;36.0;5.2;0.683;29.02;18.7;20.0
1407;2024-02-28 15:00:00;2.22;5.4;11.1;16.4;60.0;185.0;41.0;712.6;0.0;44.0;4.5;0.461;26.88;16.4;25.0
1408;2024-02-28 16:00:00;2.15;5.0;9.5;14.5;54.0;110.0;34.0;713.0;0.0;42.0;4.8;0.267;25.94;15.9;29.0
1409;2024-02-28 17:00:00;2.13;5.1;10.5;15.6;47.0;89.0;26.0;713.1;0.0;38.0;4.6;0.144;25.91;12.9;25.0
1410;2024-02-28 18:00:00;2.17;4.2;13.2;17.5;40.0;83.0;28.0;713.5;0.0;41.0;4.4;0.013;25.09;12.5;69.0
1411;2024-02-28 19:00:00;2.11;3.9;14.6;18.5;43.0;119.0;30.0;714.4;0.0;35.0;3.9;0.002;23.76;12.4;43.0
1412;2024-02-28 20:00:00;2.07;4.3;16.5;20.8;44.0;152.0;38.0;715.0;0.0;27.0;3.9;0.001;21.92;15.9;5.0
1413;2024-02-28 21:00:00;2.0;3.4;11.7;15.1;52.0;181.0;43.0;715.7;0.0;27.0;3.5;0.001;20.42;16.3;5.0
1414;2024-02-28 22:00:00;2.0;3.2;11.2;14.4;50.0;148.0;41.0;716.3;0.0;29.0;4.3;0.001;19.13;12.6;355.0
1415;2024-02-28 23:00:00;2.05;3.2;12.1;15.3;51.0;174.0;64.0;716.6;0.0;28.0;4.9;0.001;17.63;13.7;9.0
1416;2024-02-29 00:00:00;2.02;3.1;11.1;14.2;51.0;184.0;72.0;716.7;0.0;29.0;4.2;0.001;16.2;13.1;17.0
1417;2024-02-29 01:00:00;2.08;3.0;12.0;14.9;49.0;204.0;94.0;716.7;0.0;30.0;5.9;0.001;15.47;12.5;13.0
1418;2024-02-29 02:00:00;2.09;3.0;12.1;15.0;46.0;181.0;83.0;716.7;0.0;31.0;6.2;0.001;14.49;13.1;6.0
1419;2024-02-29 03:00:00;2.01;3.0;11.6;14.6;43.0;150.0;69.0;716.4;0.0;32.0;6.3;0.001;13.81;13.1;3.0
1420;2024-02-29 04:00:00;1.91;2.9;10.0;12.9;42.0;112.0;48.0;716.3;0.0;33.0;3.8;0.001;12.97;12.5;9.0
1421;2024-02-29 05:00:00;1.89;2.9;7.9;10.8;40.0;85.0;35.0;715.8;0.0;34.0;4.6;0.001;12.35;9.8;6.0
1422;2024-02-29 06:00:00;1.95;2.9;11.8;14.7;33.0;75.0;25.0;715.9;0.0;36.0;7.0;0.001;11.78;11.1;359.0
1423;2024-02-29 07:00:00;1.99;3.7;18.6;22.3;26.0;72.0;23.0;716.2;0.0;37.0;6.7;0.001;11.4;8.9;4.0
1424;2024-02-29 08:00:00;2.09;5.8;20.8;26.6;27.0;107.0;39.0;716.0;0.0;41.0;5.8;0.019;11.71;5.6;76.0
1425;2024-02-29 09:00:00;2.02;4.3;10.6;14.9;39.0;116.0;48.0;716.0;0.0;43.0;3.6;0.09;11.81;10.7;120.0
1426;2024-02-29 10:00:00;2.02;4.9;10.2;15.1;41.0;112.0;47.0;716.2;0.0;42.0;3.5;0.195;12.42;9.1;114.0
1427;2024-02-29 11:00:00;2.01;4.4;8.0;12.5;45.0;107.0;45.0;716.1;0.0;40.0;3.7;0.348;13.56;6.0;90.0
1428;2024-02-29 12:00:00;2.12;13.5;21.0;34.5;31.0;119.0;41.0;715.9;0.0;37.0;12.1;0.407;14.19;7.0;42.0
1429;2024-02-29 13:00:00;2.18;15.4;22.8;38.2;30.0;113.0;35.0;715.3;0.0;37.0;12.6;0.436;14.37;7.9;49.0
1430;2024-02-29 14:00:00;2.17;12.8;22.0;34.8;35.0;116.0;36.0;714.7;0.0;36.0;11.9;0.416;14.58;8.5;37.0
1431;2024-02-29 15:00:00;2.14;9.6;20.4;30.0;39.0;107.0;34.0;714.0;0.0;36.0;9.2;0.38;14.76;8.6;72.0
1432;2024-02-29 16:00:00;2.13;8.0;19.6;27.6;43.0;101.0;35.0;713.3;0.0;35.0;7.2;0.379;15.59;7.3;58.0
1433;2024-02-29 17:00:00;2.15;6.5;19.7;26.2;46.0;97.0;33.0;712.9;0.0;35.0;7.8;0.265;15.81;7.4;72.0
1434;2024-02-29 18:00:00;2.15;5.5;21.2;26.7;45.0;97.0;32.0;713.1;0.0;37.0;10.2;0.106;15.48;8.1;61.0
1435;2024-02-29 19:00:00;2.17;4.4;22.6;27.0;38.0;93.0;29.0;713.3;0.0;39.0;7.5;0.017;14.84;7.9;73.0
1436;2024-02-29 20:00:00;2.2;4.0;23.0;27.1;33.0;93.0;29.0;713.5;0.0;41.0;5.1;0.001;14.4;7.2;60.0
1437;2024-02-29 21:00:00;2.16;4.0;22.9;26.9;30.0;82.0;26.0;713.9;0.0;42.0;3.8;0.001;14.12;7.0;43.0
1438;2024-02-29 22:00:00;2.18;4.1;23.8;27.9;25.0;85.0;28.0;714.2;0.0;44.0;3.8;0.001;13.48;8.1;45.0
1439;2024-02-29 23:00:00;2.08;4.5;16.8;21.3;32.0;73.0;25.0;714.3;0.0;46.0;3.7;0.001;13.14;7.0;48.0
1440;2024-03-01 00:00:00;;;;;;;;;;;;;;;
1441;2024-03-01 01:00:00;2.09;8.6;28.3;37.0;15.0;76.0;27.0;714.2;0.0;51.0;9.2;0.001;11.83;5.2;30.0
1442;2024-03-01 02:00:00;2.06;7.9;25.8;33.7;16.0;65.0;25.0;714.0;0.0;55.0;9.3;0.001;11.19;3.5;34.0
1443;2024-03-01 03:00:00;2.08;7.0;31.2;38.2;9.0;76.0;29.0;713.5;0.0;57.0;9.6;0.001;10.66;1.6;261.0
1444;2024-03-01 04:00:00;2.1;4.1;28.1;32.2;12.0;68.0;26.0;713.3;0.0;56.0;7.1;0.001;10.87;1.7;324.0
1445;2024-03-01 05:00:00;2.26;3.7;27.3;31.0;12.0;85.0;30.0;713.2;0.0;56.0;5.0;0.001;11.05;2.3;349.0
1446;2024-03-01 06:00:00;2.24;6.6;28.2;34.7;10.0;87.0;30.0;713.3;0.0;57.0;6.5;0.001;10.61;2.5;3.0
1447;2024-03-01 07:00:00;2.31;27.5;31.2;58.7;9.0;106.0;33.0;713.8;0.0;58.0;5.6;0.001;10.64;3.1;4.0
1448;2024-03-01 08:00:00;2.48;45.4;31.5;77.0;10.0;154.0;37.0;714.1;0.0;59.0;5.0;0.03;10.84;0.5;167.0
1449;2024-03-01 09:00:00;2.64;48.7;33.0;81.7;13.0;124.0;37.0;714.4;0.0;51.0;5.7;0.169;13.48;3.2;69.0
1450;2024-03-01 10:00:00;2.86;70.8;43.8;114.7;15.0;177.0;60.0;714.8;0.0;46.0;13.9;0.242;15.0;4.6;51.0
1451;2024-03-01 11:00:00;2.92;58.2;50.9;109.0;21.0;251.0;78.0;714.7;0.0;41.0;22.3;0.329;16.23;4.8;47.0
1452;2024-03-01 12:00:00;2.62;26.5;43.6;70.1;32.0;219.0;64.0;714.3;0.0;37.0;10.5;0.664;17.77;4.8;67.0
1453;2024-03-01 13:00:00;2.74;20.5;49.7;70.2;45.0;213.0;78.0;713.8;0.0;33.0;11.1;0.73;19.51;5.1;44.0
1454;2024-03-01 14:00:00;2.59;14.3;45.1;59.4;55.0;199.0;78.0;713.1;0.0;31.0;11.6;0.753;21.11;5.6;87.0
1455;2024-03-01 15:00:00;2.37;8.8;33.5;42.3;69.0;165.0;55.0;712.4;0.0;28.0;9.0;0.704;22.43;6.6;89.0
1456;2024-03-01 16:00:00;2.26;6.9;27.4;34.3;75.0;126.0;40.0;712.1;0.0;26.0;8.3;0.585;23.89;6.6;93.0
1457;2024-03-01 17:00:00;2.2;5.8;22.4;28.2;78.0;102.0;31.0;712.0;0.0;24.0;6.8;0.382;24.62;4.8;85.0
1458;2024-03-01 18:00:00;2.19;4.6;19.8;24.4;79.0;92.0;29.0;712.1;0.0;25.0;5.3;0.092;24.68;5.2;67.0
1459;2024-03-01 19:00:00;2.35;4.2;28.5;32.7;64.0;107.0;30.0;712.4;0.0;31.0;6.8;0.018;22.55;9.0;68.0
1460;2024-03-01 20:00:00;2.41;4.1;30.0;34.1;57.0;96.0;32.0;712.8;0.0;38.0;5.8;0.001;21.01;7.5;66.0
1461;2024-03-01 21:00:00;2.32;4.5;27.9;32.4;31.0;71.0;24.0;713.4;0.0;46.0;4.8;0.001;19.43;7.7;39.0
1462;2024-03-01 22:00:00;2.27;4.2;23.2;27.4;40.0;68.0;26.0;713.7;0.0;47.0;4.6;0.001;18.77;6.8;68.0
1463;2024-03-01 23:00:00;2.16;4.0;15.7;19.7;43.0;64.0;24.0;713.8;0.0;49.0;4.4;0.001;18.1;5.0;107.0
1464;2024-03-02 00:00:00;2.15;3.7;14.0;17.6;41.0;54.0;23.0;713.7;0.0;54.0;4.1;0.001;17.33;5.1;90.0
1465;2024-03-02 01:00:00;2.27;4.3;27.4;31.6;20.0;66.0;26.0;713.7;0.0;61.0;4.2;0.001;16.1;3.9;2.0
1466;2024-03-02 02:00:00;2.23;4.2;27.1;31.4;18.0;72.0;25.0;713.4;0.0;65.0;4.5;0.001;15.03;3.4;351.0
1467;2024-03-02 03:00:00;2.24;4.6;31.4;36.1;11.0;79.0;28.0;713.2;0.0;69.0;4.7;0.001;14.14;1.5;297.0
1468;2024-03-02 04:00:00;2.27;8.1;32.3;40.4;10.0;69.0;28.0;712.9;0.0;71.0;4.5;0.001;13.77;1.6;263.0
1469;2024-03-02 05:00:00;2.38;12.8;32.4;45.2;9.0;79.0;30.0;712.5;0.0;71.0;4.3;0.001;13.73;1.7;291.0
1470;2024-03-02 06:00:00;2.38;12.0;30.1;42.1;9.0;86.0;33.0;712.4;0.0;71.0;4.2;0.001;13.31;1.6;268.0
1471;2024-03-02 07:00:00;2.5;27.1;33.7;60.9;9.0;116.0;40.0;712.4;0.0;69.0;4.8;0.001;13.52;1.6;282.0
1472;2024-03-02 08:00:00;2.81;57.7;34.9;92.7;10.0;131.0;43.0;712.5;0.0;64.0;5.6;0.036;14.43;2.0;327.0
1473;2024-03-02 09:00:00;3.11;65.0;42.8;107.8;13.0;177.0;52.0;712.8;0.0;49.0;6.7;0.195;18.03;3.7;359.0
1474;2024-03-02 10:00:00;3.28;60.1;54.8;114.9;19.0;225.0;66.0;712.9;0.0;38.0;6.7;0.254;20.83;4.0;355.0
1475;2024-03-02 11:00:00;2.79;29.0;48.6;77.6;36.0;182.0;57.0;712.8;0.0;26.0;6.2;0.336;24.5;3.9;22.0
1476;2024-03-02 12:00:00;2.85;23.9;60.3;84.1;46.0;202.0;79.0;712.4;0.0;24.0;12.2;0.687;26.0;5.8;46.0
1477;2024-03-02 13:00:00;2.64;12.5;45.6;58.1;73.0;176.0;67.0;711.7;0.0;22.0;11.2;0.788;26.63;9.4;52.0
1478;2024-03-02 14:00:00;2.42;6.6;26.9;33.5;92.0;130.0;39.0;710.9;0.0;20.0;5.8;0.796;28.19;12.3;53.0
1479;2024-03-02 15:00:00;2.14;5.4;15.7;21.0;87.0;82.0;21.0;710.3;0.0;17.0;5.8;0.722;28.87;15.9;63.0
1480;2024-03-02 16:00:00;2.11;4.6;13.3;18.0;95.0;69.0;21.0;709.7;0.0;17.0;9.2;0.522;28.95;13.9;72.0
1481;2024-03-02 17:00:00;2.06;4.2;10.9;15.1;94.0;49.0;20.0;709.5;0.0;19.0;7.3;0.363;28.79;12.5;101.0
1482;2024-03-02 18:00:00;2.09;4.2;12.2;16.4;73.0;50.0;19.0;709.6;0.0;23.0;5.9;0.094;27.89;12.7;73.0
1483;2024-03-02 19:00:00;2.08;3.9;11.6;15.5;53.0;46.0;17.0;709.9;0.0;28.0;4.3;0.016;26.16;13.4;73.0
1484;2024-03-02 20:00:00;2.1;3.5;13.4;16.9;48.0;43.0;15.0;710.1;0.0;29.0;3.9;0.001;25.05;8.6;96.0
1485;2024-03-02 21:00:00;2.1;3.3;11.5;14.8;50.0;40.0;16.0;710.5;0.0;31.0;3.9;0.001;24.2;9.0;105.0
1486;2024-03-02 22:00:00;2.12;3.2;11.3;14.5;49.0;42.0;19.0;710.5;0.0;35.0;3.9;0.001;23.34;6.8;90.0
1487;2024-03-02 23:00:00;2.19;3.3;14.8;18.1;42.0;49.0;23.0;710.5;0.0;41.0;4.0;0.001;22.27;5.1;73.0
1488;2024-03-03 00:00:00;2.28;3.4;21.8;25.2;28.0;59.0;25.0;710.4;0.0;52.0;4.0;0.001;21.01;4.3;23.0
1489;2024-03-03 01:00:00;2.32;5.1;31.3;36.5;13.0;104.0;34.0;710.2;0.0;61.0;4.7;0.001;19.91;5.0;317.0
1490;2024-03-03 02:00:00;2.28;6.3;28.7;35.0;13.0;95.0;34.0;710.0;0.0;69.0;5.6;0.001;19.05;5.2;2.0
1491;2024-03-03 03:00:00;2.33;6.2;24.0;30.2;14.0;75.0;36.0;709.6;0.0;77.0;5.8;0.001;18.14;4.9;57.0
1492;2024-03-03 04:00:00;2.32;6.5;25.7;32.2;10.0;82.0;38.0;709.4;0.0;81.0;5.4;0.001;17.57;3.5;54.0
1493;2024-03-03 05:00:00;2.32;6.3;25.2;31.6;8.0;94.0;43.0;709.1;0.0;84.0;5.2;0.001;17.02;0.6;3.0
1494;2024-03-03 06:00:00;2.37;4.4;21.4;25.8;10.0;83.0;44.0;709.2;0.0;85.0;4.8;0.001;16.75;1.2;287.0
1495;2024-03-03 07:00:00;2.43;5.0;18.9;23.9;10.0;78.0;42.0;709.3;0.0;85.0;4.5;0.001;16.59;1.5;276.0
1496;2024-03-03 08:00:00;2.47;14.9;23.4;38.3;9.0;81.0;40.0;709.5;0.0;82.0;4.4;0.021;16.59;1.9;234.0
1497;2024-03-03 09:00:00;2.46;14.3;26.5;40.8;17.0;94.0;38.0;709.7;0.0;63.0;4.5;0.15;19.01;0.8;239.0
1498;2024-03-03 10:00:00;2.5;12.8;24.1;36.9;31.0;116.0;51.0;709.7;0.0;51.0;5.1;0.27;22.37;3.1;71.0
1499;2024-03-03 11:00:00;2.47;10.0;24.0;34.0;44.0;104.0;51.0;709.7;0.0;42.0;5.4;0.339;24.28;3.0;35.0
1500;2024-03-03 12:00:00;2.77;20.6;44.9;65.5;42.0;148.0;69.0;709.4;0.0;41.0;7.7;0.615;25.75;5.1;68.0
1501;2024-03-03 13:00:00;2.78;10.9;37.1;48.0;66.0;149.0;66.0;708.8;0.0;39.0;11.0;0.666;26.45;8.5;61.0
1502;2024-03-03 14:00:00;2.49;5.9;24.4;30.2;94.0;110.0;49.0;708.2;0.0;35.0;9.1;0.639;27.71;7.5;78.0
1503;2024-03-03 15:00:00;2.31;4.8;18.1;23.0;99.0;86.0;37.0;707.7;0.0;32.0;8.5;0.524;28.59;6.1;90.0
1504;2024-03-03 16:00:00;2.26;4.3;15.6;19.9;101.0;75.0;32.0;707.1;0.0;29.0;8.1;0.415;29.15;7.1;79.0
1505;2024-03-03 17:00:00;2.23;3.8;12.9;16.7;100.0;74.0;30.0;707.0;0.0;27.0;6.8;0.297;29.52;7.1;65.0
1506;2024-03-03 18:00:00;2.21;3.6;12.1;15.7;78.0;72.0;30.0;707.1;0.0;34.0;10.1;0.113;28.16;10.6;66.0
1507;2024-03-03 19:00:00;2.27;3.6;15.3;19.0;50.0;69.0;29.0;707.5;0.0;42.0;12.2;0.02;26.61;10.5;63.0
1508;2024-03-03 20:00:00;2.28;3.6;15.4;19.0;34.0;62.0;28.0;708.1;0.0;50.0;10.1;0.001;25.05;9.2;64.0
1509;2024-03-03 21:00:00;2.21;3.5;10.8;14.3;38.0;53.0;27.0;708.6;0.0;51.0;7.9;0.001;24.59;8.3;81.0
1510;2024-03-03 22:00:00;2.19;3.1;9.6;12.7;37.0;48.0;27.0;708.7;0.0;53.0;5.6;0.001;23.97;5.4;74.0
1511;2024-03-03 23:00:00;2.22;3.1;11.4;14.4;33.0;47.0;25.0;708.6;0.0;55.0;4.8;0.001;23.18;3.1;69.0
1512;2024-03-04 00:00:00;2.29;3.7;17.4;21.1;24.0;56.0;28.0;708.7;0.0;59.0;4.6;0.001;22.73;6.2;40.0
1513;2024-03-04 01:00:00;2.36;4.2;22.2;26.4;13.0;72.0;31.0;708.6;0.0;69.0;5.2;0.001;21.38;4.4;15.0
1514;2024-03-04 02:00:00;2.24;3.5;12.9;16.4;18.0;57.0;28.0;708.5;0.0;76.0;5.0;0.001;20.46;5.4;20.0
1515;2024-03-04 03:00:00;2.19;4.0;12.1;16.1;16.0;50.0;29.0;708.4;0.0;82.0;4.4;0.001;19.74;4.3;31.0
1516;2024-03-04 04:00:00;2.24;5.7;20.3;26.0;9.0;77.0;41.0;708.0;0.0;82.0;4.6;0.001;19.61;1.3;16.0
1517;2024-03-04 05:00:00;2.3;3.4;19.7;23.2;11.0;85.0;46.0;707.9;0.0;81.0;4.7;0.001;19.51;1.1;236.0
1518;2024-03-04 06:00:00;2.26;3.7;20.0;23.7;13.0;76.0;41.0;708.0;0.0;77.0;5.1;0.001;18.85;3.7;231.0
1519;2024-03-04 07:00:00;2.42;11.6;29.8;41.4;10.0;101.0;41.0;708.2;0.0;64.0;9.3;0.001;18.81;6.1;219.0
1520;2024-03-04 08:00:00;2.64;36.6;31.8;68.5;10.0;125.0;43.0;708.5;0.0;63.0;8.8;0.03;18.61;3.2;216.0
1521;2024-03-04 09:00:00;2.77;37.2;38.4;75.7;13.0;126.0;42.0;708.5;0.0;49.0;10.0;0.138;20.65;2.9;257.0
1522;2024-03-04 10:00:00;3.02;43.1;41.9;85.0;18.0;152.0;50.0;708.7;0.0;51.0;8.0;0.276;22.73;4.5;6.0
1523;2024-03-04 11:00:00;3.17;20.3;37.1;57.4;30.0;156.0;62.0;708.7;0.0;52.0;6.4;0.397;24.3;5.3;10.0
1524;2024-03-04 12:00:00;3.33;26.5;61.8;88.3;32.0;240.0;89.0;708.4;0.0;53.0;8.2;0.417;25.09;6.0;37.0
1525;2024-03-04 13:00:00;2.85;13.7;47.3;61.1;49.0;208.0;75.0;707.9;0.0;52.0;10.2;0.468;25.81;6.4;22.0
1526;2024-03-04 14:00:00;2.66;9.0;38.3;47.3;69.0;156.0;62.0;707.3;0.0;43.0;10.4;0.545;27.59;4.2;47.0
1527;2024-03-04 15:00:00;2.52;6.8;28.6;35.4;72.0;123.0;47.0;706.8;0.0;39.0;8.5;0.452;28.16;6.1;62.0
1528;2024-03-04 16:00:00;2.46;6.0;23.6;29.5;80.0;102.0;39.0;706.7;0.0;35.0;7.5;0.347;28.62;6.6;21.0
1529;2024-03-04 17:00:00;2.35;5.7;19.7;25.4;56.0;88.0;34.0;706.8;0.0;46.0;6.0;0.295;27.84;9.3;67.0
1530;2024-03-04 18:00:00;2.35;4.7;17.7;22.4;43.0;77.0;34.0;707.3;0.0;52.0;5.6;0.087;26.58;10.1;74.0
1531;2024-03-04 19:00:00;2.4;4.2;18.3;22.6;28.0;74.0;33.0;708.3;0.0;58.0;5.0;0.012;25.29;9.2;72.0
1532;2024-03-04 20:00:00;2.36;3.8;15.3;19.1;25.0;71.0;33.0;708.7;0.0;62.0;4.7;0.001;24.38;6.7;87.0
1533;2024-03-04 21:00:00;2.42;4.1;20.2;24.2;20.0;72.0;34.0;708.8;0.0;60.0;5.0;0.001;24.22;3.9;97.0
1534;2024-03-04 22:00:00;2.24;3.6;10.6;14.2;29.0;62.0;33.0;709.2;0.0;65.0;5.1;0.001;23.53;7.7;87.0
1535;2024-03-04 23:00:00;2.25;3.5;11.2;14.8;25.0;60.0;34.0;709.7;0.0;68.0;4.9;0.001;22.91;6.3;72.0
1536;2024-03-05 00:00:00;2.25;3.1;12.8;15.8;23.0;54.0;32.0;709.3;0.0;66.0;4.5;0.001;22.55;3.9;127.0
1537;2024-03-05 01:00:00;2.27;3.3;15.6;18.9;18.0;56.0;32.0;708.8;0.0;68.0;4.2;0.001;21.86;1.5;165.0
1538;2024-03-05 02:00:00;2.19;3.2;10.2;13.4;24.0;53.0;;708.5;0.0;71.0;3.9;0.001;21.28;4.1;355.0
1539;2024-03-05 03:00:00;2.21;3.3;15.7;19.1;17.0;63.0;34.0;708.5;0.0;76.0;3.8;0.001;20.5;2.3;2.0
1540;2024-03-05 04:00:00;2.25;3.3;13.0;16.3;18.0;60.0;35.0;708.4;0.0;81.0;3.8;0.001;19.57;2.2;256.0
1541;2024-03-05 05:00:00;2.32;3.3;12.9;16.2;16.0;61.0;35.0;708.5;0.0;83.0;3.7;0.001;19.05;2.1;239.0
1542;2024-03-05 06:00:00;2.34;18.6;24.7;43.3;9.0;118.0;46.0;708.9;0.0;77.0;4.2;0.001;18.54;2.4;225.0
1543;2024-03-05 07:00:00;2.51;39.9;28.0;67.9;9.0;185.0;53.0;709.2;0.0;67.0;6.8;0.001;18.35;4.0;224.0
1544;2024-03-05 08:00:00;2.69;58.3;30.2;88.5;10.0;159.0;44.0;709.4;0.0;54.0;9.7;0.038;18.87;3.1;245.0
1545;2024-03-05 09:00:00;2.88;65.9;37.9;103.7;13.0;171.0;42.0;709.5;0.0;38.0;11.3;0.202;22.2;2.7;254.0
1546;2024-03-05 10:00:00;3.22;56.2;43.4;99.6;17.0;199.0;56.0;709.6;0.0;43.0;8.1;0.287;24.35;4.7;2.0
1547;2024-03-05 11:00:00;2.8;31.3;43.3;74.6;28.0;171.0;51.0;709.6;0.0;30.0;7.5;0.331;26.55;5.0;11.0
1548;2024-03-05 12:00:00;2.38;14.4;32.5;46.9;46.0;108.0;29.0;709.3;0.0;18.0;5.8;0.732;29.35;2.8;54.0
1549;2024-03-05 13:00:00;2.35;10.3;29.6;39.9;57.0;87.0;24.0;708.8;0.0;16.0;8.5;0.759;30.55;5.4;84.0
1550;2024-03-05 14:00:00;2.12;6.4;18.6;25.0;72.0;65.0;16.0;708.2;0.0;12.0;5.9;0.808;31.15;5.9;69.0
1551;2024-03-05 15:00:00;2.04;5.1;14.7;19.8;82.0;59.0;14.0;707.6;0.0;10.0;5.2;0.736;31.6;6.8;52.0
1552;2024-03-05 16:00:00;2.02;4.3;12.2;16.5;92.0;51.0;13.0;707.5;0.0;10.0;4.0;0.605;32.21;6.1;73.0
1553;2024-03-05 17:00:00;2.09;4.1;13.3;17.4;101.0;54.0;15.0;707.1;0.0;11.0;4.6;0.404;32.39;5.7;99.0
1554;2024-03-05 18:00:00;2.13;4.0;13.2;17.1;88.0;61.0;19.0;706.7;0.0;18.0;5.3;0.114;31.44;9.2;117.0
1555;2024-03-05 19:00:00;2.17;4.0;14.2;18.1;52.0;57.0;20.0;706.9;0.0;26.0;4.6;0.02;29.17;10.4;111.0
1556;2024-03-05 20:00:00;2.18;3.7;14.0;17.6;41.0;50.0;20.0;707.8;0.0;31.0;4.2;0.001;27.74;9.5;108.0
1557;2024-03-05 21:00:00;2.12;3.4;10.1;13.5;42.0;42.0;;708.5;0.0;35.0;4.1;0.001;26.83;9.6;110.0
1558;2024-03-05 22:00:00;2.09;3.1;8.0;11.1;42.0;42.0;19.0;709.0;0.0;37.0;3.9;0.001;25.95;9.2;107.0
1559;2024-03-05 23:00:00;2.06;2.9;5.4;8.3;45.0;49.0;19.0;708.8;0.0;39.0;3.8;0.001;25.28;12.0;113.0
1560;2024-03-06 00:00:00;2.05;2.8;5.3;8.1;44.0;40.0;;708.7;0.0;42.0;3.6;0.001;24.5;9.2;118.0
1561;2024-03-06 01:00:00;2.06;2.7;5.0;7.7;43.0;36.0;;708.6;0.0;46.0;3.7;0.001;23.88;4.7;113.0
1562;2024-03-06 02:00:00;2.1;3.2;14.6;17.8;29.0;50.0;26.0;708.4;0.0;52.0;3.8;0.001;22.72;4.5;36.0
1563;2024-03-06 03:00:00;2.19;5.6;24.6;30.2;15.0;77.0;37.0;708.3;0.0;63.0;4.8;0.001;21.73;5.9;351.0
1564;2024-03-06 04:00:00;2.27;3.2;16.8;20.1;20.0;83.0;45.0;708.3;0.0;72.0;4.3;0.001;20.6;5.1;13.0
1565;2024-03-06 05:00:00;2.67;3.6;21.3;24.9;14.0;93.0;50.0;708.3;0.0;78.0;4.0;0.001;19.68;4.2;32.0
1566;2024-03-06 06:00:00;2.32;8.3;22.2;30.5;10.0;103.0;54.0;708.5;0.0;81.0;4.4;0.001;19.22;4.1;69.0
1567;2024-03-06 07:00:00;2.44;8.8;23.9;32.7;9.0;111.0;58.0;708.4;0.0;82.0;4.9;0.001;18.95;1.9;29.0
1568;2024-03-06 08:00:00;2.67;12.3;23.8;36.2;10.0;118.0;61.0;708.9;0.0;80.0;5.1;0.026;19.29;1.6;309.0
1569;2024-03-06 09:00:00;1.8;14.2;16.5;30.7;9.0;82.0;41.0;;0.0;50.0;3.5;0.07;13.35;1.9;262.0
1570;2024-03-06 10:00:00;;;;;;;;;;;;;;;
1571;2024-03-06 11:00:00;;;;;;;;;;;;;;;
1572;2024-03-06 12:00:00;;;;;;;;;;;;;;;
1573;2024-03-06 13:00:00;1.58;11.0;35.6;46.6;50.0;145.0;62.0;708.5;0.0;51.0;8.8;0.689;26.01;4.9;59.0
1574;2024-03-06 14:00:00;1.6;6.4;28.9;35.3;75.0;139.0;63.0;707.9;0.0;48.0;9.2;0.629;26.55;6.7;50.0
1575;2024-03-06 15:00:00;1.45;3.6;15.7;19.4;74.0;106.0;46.0;707.4;0.0;47.0;9.8;0.371;26.47;9.8;40.0
1576;2024-03-06 16:00:00;1.48;3.4;10.6;14.0;63.0;81.0;38.0;706.7;0.0;45.0;7.4;0.399;27.28;9.1;78.0
1577;2024-03-06 17:00:00;1.48;3.1;8.2;11.3;56.0;71.0;33.0;706.6;0.0;42.0;5.3;0.3;27.4;12.2;120.0
1578;2024-03-06 18:00:00;1.54;3.3;9.2;12.5;48.0;64.0;30.0;706.7;0.0;43.0;4.5;0.122;27.2;10.6;121.0
1579;2024-03-06 19:00:00;1.6;3.0;10.3;13.2;41.0;59.0;27.0;707.0;0.0;42.0;4.2;0.025;26.58;8.6;110.0
1580;2024-03-06 20:00:00;1.65;2.9;12.5;15.4;33.0;55.0;25.0;707.3;0.0;43.0;3.9;0.001;25.8;9.0;113.0
1581;2024-03-06 21:00:00;1.61;3.0;9.9;12.9;34.0;52.0;25.0;707.5;0.0;45.0;3.6;0.001;25.19;9.7;111.0
1582;2024-03-06 22:00:00;1.64;2.8;7.4;10.1;31.0;49.0;24.0;707.5;0.0;56.0;3.7;0.001;24.22;10.7;109.0
1583;2024-03-06 23:00:00;1.7;2.8;6.8;9.6;28.0;54.0;25.0;707.6;0.0;64.0;3.7;0.001;22.96;10.7;95.0
1584;2024-03-07 00:00:00;1.78;2.9;10.5;13.4;22.0;54.0;28.0;707.8;0.0;71.0;3.6;0.001;21.91;9.1;59.0
1585;2024-03-07 01:00:00;1.81;2.9;9.3;12.3;21.0;52.0;28.0;707.5;0.0;75.0;3.5;0.001;21.22;7.7;54.0
1586;2024-03-07 02:00:00;1.77;2.7;5.7;8.4;24.0;51.0;30.0;707.2;0.0;81.0;3.4;0.001;20.28;7.9;61.0
1587;2024-03-07 03:00:00;1.78;2.7;4.7;7.4;24.0;50.0;30.0;706.7;0.0;81.0;3.4;0.001;20.25;4.5;38.0
1588;2024-03-07 04:00:00;1.8;4.6;9.3;13.9;20.0;53.0;;706.3;0.0;78.0;3.4;0.001;20.68;4.6;50.0
1589;2024-03-07 05:00:00;1.82;2.7;5.5;8.1;23.0;51.0;;705.8;0.0;79.0;3.4;0.001;20.58;3.0;40.0
1590;2024-03-07 06:00:00;1.86;2.8;7.6;10.3;20.0;52.0;;705.5;0.0;79.0;3.4;0.001;20.54;5.5;67.0
1591;2024-03-07 07:00:00;1.94;4.7;13.1;17.8;14.0;65.0;33.0;705.8;0.0;80.0;3.3;0.001;20.37;4.0;53.0
1592;2024-03-07 08:00:00;2.16;11.5;18.4;29.9;10.0;71.0;34.0;705.9;0.0;80.0;3.4;0.019;20.36;4.3;68.0
1593;2024-03-07 09:00:00;2.24;12.3;17.8;30.1;12.0;74.0;36.0;706.1;0.0;79.0;3.4;0.081;20.71;3.6;65.0
1594;2024-03-07 10:00:00;2.34;18.5;21.5;40.0;15.0;92.0;42.0;706.3;0.0;72.0;3.5;0.187;22.06;0.7;336.0
1595;2024-03-07 11:00:00;2.31;11.9;20.4;32.3;25.0;99.0;45.0;706.3;0.0;62.0;3.8;0.284;23.71;3.0;347.0
1596;2024-03-07 12:00:00;2.35;10.0;21.2;31.2;40.0;106.0;48.0;705.9;0.0;57.0;4.1;0.584;24.93;4.0;21.0
1597;2024-03-07 13:00:00;2.48;9.1;30.9;40.0;57.0;122.0;55.0;705.3;0.0;48.0;4.3;0.666;27.02;4.2;65.0
1598;2024-03-07 14:00:00;2.5;9.2;37.6;46.9;69.0;139.0;61.0;704.6;0.0;41.0;6.0;0.702;28.45;5.9;76.0
1599;2024-03-07 15:00:00;2.43;4.3;25.3;29.6;107.0;125.0;54.0;703.6;0.0;36.0;6.0;0.498;29.12;7.5;65.0
1600;2024-03-07 16:00:00;2.34;3.6;19.9;23.5;113.0;110.0;49.0;703.0;0.0;36.0;5.0;0.357;29.6;8.9;72.0
1601;2024-03-07 17:00:00;2.36;3.7;19.8;23.5;91.0;111.0;45.0;703.0;0.0;42.0;4.4;0.226;28.78;10.8;60.0
1602;2024-03-07 18:00:00;2.34;3.6;18.4;22.0;73.0;93.0;42.0;703.1;0.0;47.0;4.1;0.108;28.06;10.3;56.0
1603;2024-03-07 19:00:00;2.36;3.5;19.1;22.6;52.0;84.0;38.0;703.7;0.0;49.0;3.8;0.022;27.07;9.2;72.0
1604;2024-03-07 20:00:00;2.33;3.1;19.3;22.5;47.0;85.0;38.0;704.1;0.0;51.0;3.9;0.001;26.21;8.8;68.0
1605;2024-03-07 21:00:00;2.41;3.4;24.5;27.9;32.0;99.0;42.0;704.4;0.0;52.0;4.3;0.001;25.33;8.5;57.0
1606;2024-03-07 22:00:00;2.35;3.6;19.7;23.3;37.0;92.0;44.0;704.8;0.0;54.0;4.4;0.001;24.8;6.2;68.0
1607;2024-03-07 23:00:00;2.41;4.4;28.9;33.3;25.0;97.0;42.0;705.0;0.0;56.0;4.3;0.001;24.24;4.4;5.0
1608;2024-03-08 00:00:00;2.54;7.6;39.6;47.2;10.0;109.0;45.0;704.9;0.0;58.0;4.2;0.001;23.52;1.6;354.0
1609;2024-03-08 01:00:00;2.56;3.9;32.3;36.1;13.0;92.0;42.0;705.0;0.0;61.0;4.2;0.001;22.51;2.4;250.0
1610;2024-03-08 02:00:00;2.59;4.0;33.0;37.0;12.0;90.0;42.0;705.2;0.0;63.0;4.1;0.001;22.1;2.3;192.0
1611;2024-03-08 03:00:00;2.61;10.0;36.3;46.3;9.0;114.0;49.0;705.0;0.0;66.0;4.2;0.001;21.38;1.2;275.0
1612;2024-03-08 04:00:00;2.59;16.4;33.7;50.1;9.0;102.0;48.0;704.8;0.0;69.0;4.4;0.001;20.95;2.4;265.0
1613;2024-03-08 05:00:00;2.46;4.1;29.6;33.7;14.0;86.0;43.0;704.8;0.0;65.0;4.3;0.001;20.72;1.5;221.0
1614;2024-03-08 06:00:00;2.59;4.8;28.0;32.9;13.0;111.0;54.0;705.2;0.0;67.0;5.0;0.001;20.44;0.2;306.0
1615;2024-03-08 07:00:00;2.89;18.5;32.1;50.6;9.0;123.0;54.0;705.7;0.0;69.0;5.4;0.001;20.06;1.3;195.0
1616;2024-03-08 08:00:00;3.17;53.7;33.6;87.3;10.0;134.0;50.0;706.2;0.0;61.0;6.1;0.028;20.76;1.5;175.0
1617;2024-03-08 09:00:00;3.51;84.6;38.3;123.0;11.0;143.0;32.0;706.9;0.0;35.0;7.1;0.123;23.46;3.3;120.0
1618;2024-03-08 10:00:00;3.55;68.8;44.6;113.4;13.0;138.0;35.0;707.5;0.0;35.0;6.4;0.216;24.91;6.1;115.0
1619;2024-03-08 11:00:00;2.61;23.0;30.1;53.1;27.0;235.0;30.0;707.8;0.0;24.0;5.1;0.354;26.39;7.5;36.0
1620;2024-03-08 12:00:00;2.12;7.2;11.1;18.3;42.0;229.0;24.0;708.2;0.0;21.0;3.6;0.579;25.63;12.9;21.0
1621;2024-03-08 13:00:00;2.08;6.8;10.4;17.2;46.0;162.0;18.0;707.9;0.0;15.0;3.7;0.694;26.67;10.3;31.0
1622;2024-03-08 14:00:00;2.1;6.7;11.1;17.8;48.0;140.0;17.0;707.2;0.0;13.0;4.1;0.694;26.95;9.0;39.0
1623;2024-03-08 15:00:00;2.11;8.9;17.7;26.6;46.0;110.0;15.0;706.7;0.0;12.0;7.3;0.686;27.96;6.6;65.0
1624;2024-03-08 16:00:00;2.12;5.4;12.6;18.0;61.0;91.0;13.0;706.1;0.0;11.0;4.5;0.62;28.72;5.9;66.0
1625;2024-03-08 17:00:00;2.2;4.6;13.6;18.1;74.0;96.0;14.0;706.0;0.0;12.0;3.8;0.424;29.18;6.8;69.0
1626;2024-03-08 18:00:00;2.18;4.0;12.7;16.7;74.0;102.0;15.0;706.2;0.0;14.0;3.7;0.119;28.58;8.1;103.0
1627;2024-03-08 19:00:00;2.19;3.6;12.7;16.2;63.0;98.0;15.0;706.6;0.0;17.0;3.8;0.025;26.74;10.0;125.0
1628;2024-03-08 20:00:00;2.22;3.4;14.4;17.8;49.0;100.0;18.0;707.3;0.0;20.0;4.4;0.001;25.28;10.8;124.0
1629;2024-03-08 21:00:00;2.17;3.3;12.3;15.6;46.0;78.0;14.0;707.9;0.0;20.0;3.9;0.001;24.66;11.2;120.0
1630;2024-03-08 22:00:00;2.19;3.2;13.7;16.9;43.0;76.0;15.0;708.5;0.0;22.0;3.8;0.001;23.79;9.1;107.0
1631;2024-03-08 23:00:00;2.2;3.3;13.7;17.0;41.0;74.0;15.0;709.1;0.0;22.0;3.8;0.001;23.4;7.8;120.0
1632;2024-03-09 00:00:00;2.25;3.2;17.7;20.9;33.0;75.0;16.0;709.6;0.0;25.0;3.7;0.001;22.07;0.9;97.0
1633;2024-03-09 01:00:00;2.5;14.9;30.9;45.8;18.0;90.0;20.0;710.1;0.0;27.0;4.2;0.001;21.16;2.4;341.0
1634;2024-03-09 02:00:00;2.81;11.6;26.3;37.9;25.0;116.0;20.0;710.9;0.0;19.0;5.9;0.001;21.25;7.5;2.0
1635;2024-03-09 03:00:00;2.69;3.3;17.1;20.4;33.0;48.0;10.0;711.3;0.0;17.0;4.7;0.001;20.17;1.3;68.0
1636;2024-03-09 04:00:00;2.28;3.2;10.1;13.2;41.0;43.0;7.0;711.6;0.0;18.0;3.9;0.001;19.78;5.7;19.0
1637;2024-03-09 05:00:00;2.13;3.2;6.4;9.5;43.0;76.0;8.0;712.0;0.0;28.0;3.6;0.001;18.3;8.1;24.0
1638;2024-03-09 06:00:00;2.15;3.1;9.4;12.5;37.0;67.0;9.0;712.7;0.0;36.0;3.6;0.001;16.92;7.0;42.0
1639;2024-03-09 07:00:00;2.18;3.1;10.5;13.6;32.0;63.0;11.0;713.4;0.0;43.0;3.6;0.001;15.68;7.6;52.0
1640;2024-03-09 08:00:00;2.4;4.3;14.2;18.5;28.0;39.0;10.0;714.1;0.0;46.0;3.9;0.031;15.25;8.1;55.0
1641;2024-03-09 09:00:00;2.32;9.4;14.6;24.0;25.0;48.0;12.0;714.8;0.0;49.0;4.1;0.203;15.48;9.3;57.0
1642;2024-03-09 10:00:00;2.32;9.1;13.2;22.3;27.0;67.0;14.0;715.3;0.0;48.0;4.1;0.228;15.86;7.7;41.0
1643;2024-03-09 11:00:00;2.35;8.1;10.4;18.5;31.0;80.0;14.0;715.4;0.0;43.0;4.3;0.408;17.32;7.9;31.0
1644;2024-03-09 12:00:00;2.24;6.9;8.9;15.8;35.0;80.0;13.0;715.1;0.0;39.0;4.5;0.628;17.97;10.8;30.0
1645;2024-03-09 13:00:00;2.2;5.3;7.0;12.3;42.0;68.0;10.0;714.6;0.0;35.0;4.2;0.769;18.56;11.5;30.0
1646;2024-03-09 14:00:00;2.24;5.2;8.6;13.8;48.0;52.0;10.0;714.0;0.0;32.0;4.3;0.758;19.82;8.9;33.0
1647;2024-03-09 15:00:00;2.24;4.9;9.3;14.2;52.0;45.0;9.0;713.3;0.0;30.0;4.7;0.656;20.38;10.6;41.0
1648;2024-03-09 16:00:00;2.24;4.1;10.2;14.2;55.0;38.0;10.0;712.9;0.0;31.0;4.7;0.334;20.13;8.9;50.0
1649;2024-03-09 17:00:00;2.25;3.8;11.1;14.9;50.0;39.0;9.0;712.9;0.0;31.0;4.5;0.119;19.73;10.2;18.0
1650;2024-03-09 18:00:00;2.24;3.5;11.3;14.8;44.0;36.0;8.0;713.2;0.0;30.0;4.2;0.055;19.25;11.1;17.0
1651;2024-03-09 19:00:00;2.28;3.4;15.6;19.1;36.0;35.0;8.0;713.7;0.0;31.0;4.7;0.007;18.67;10.0;30.0
1652;2024-03-09 20:00:00;2.25;4.5;12.3;16.9;36.0;34.0;7.0;714.5;0.0;33.0;4.1;0.001;17.92;8.0;69.0
1653;2024-03-09 21:00:00;2.2;3.0;7.8;10.8;38.0;27.0;6.0;715.1;0.0;36.0;4.1;0.001;17.32;6.7;86.0
1654;2024-03-09 22:00:00;2.19;2.7;5.6;8.3;39.0;23.0;6.0;715.7;0.0;37.0;3.4;0.001;16.83;7.1;113.0
1655;2024-03-09 23:00:00;2.18;2.6;4.7;7.3;39.0;26.0;;716.0;0.0;38.0;3.4;0.001;16.3;10.3;125.0
1656;2024-03-10 00:00:00;2.17;2.5;4.3;6.8;40.0;27.0;5.0;716.1;0.0;39.0;3.4;0.001;15.79;10.5;123.0
1657;2024-03-10 01:00:00;2.17;2.5;4.8;7.3;40.0;26.0;5.0;716.2;0.0;40.0;3.3;0.001;15.42;11.9;118.0
1658;2024-03-10 02:00:00;2.17;2.4;4.6;7.1;41.0;20.0;5.0;716.2;0.0;40.0;3.3;0.001;15.13;9.9;125.0
1659;2024-03-10 03:00:00;2.16;2.4;4.4;6.7;42.0;19.0;5.0;716.0;0.0;40.0;3.7;0.001;14.9;9.6;118.0
1660;2024-03-10 04:00:00;2.15;2.4;3.7;6.1;44.0;17.0;4.0;715.8;0.0;39.0;5.0;0.001;14.64;9.3;87.0
1661;2024-03-10 05:00:00;2.14;2.4;3.1;5.4;46.0;29.0;4.0;715.9;0.0;44.0;4.2;0.001;13.62;14.0;75.0
1662;2024-03-10 06:00:00;2.17;2.4;4.4;6.8;42.0;18.0;5.0;715.9;0.0;47.0;6.7;0.001;13.08;9.6;79.0
1663;2024-03-10 07:00:00;2.18;2.4;4.9;7.4;43.0;15.0;4.0;716.2;0.0;50.0;4.2;0.001;12.71;8.8;109.0
1664;2024-03-10 08:00:00;2.2;2.6;5.7;8.3;43.0;16.0;4.0;716.8;0.0;52.0;3.6;0.034;12.45;9.0;100.0
1665;2024-03-10 09:00:00;2.21;2.9;5.7;8.7;42.0;17.0;5.0;717.3;0.0;52.0;3.6;0.125;12.89;9.5;105.0
1666;2024-03-10 10:00:00;2.21;3.0;5.4;8.4;43.0;20.0;5.0;717.6;0.0;52.0;3.5;0.167;12.99;10.1;95.0
1667;2024-03-10 11:00:00;2.23;3.1;5.4;8.5;44.0;20.0;5.0;717.7;0.0;51.0;3.4;0.224;13.54;10.2;99.0
1668;2024-03-10 12:00:00;2.24;3.4;5.8;9.2;46.0;21.0;6.0;717.4;0.0;48.0;3.5;0.377;14.52;10.3;85.0
1669;2024-03-10 13:00:00;2.23;3.0;4.9;7.9;48.0;20.0;7.0;716.8;0.0;47.0;3.4;0.338;15.07;9.1;81.0
1670;2024-03-10 14:00:00;2.23;2.9;4.5;7.3;48.0;28.0;7.0;716.0;0.0;46.0;3.5;0.411;15.75;10.9;111.0
1671;2024-03-10 15:00:00;2.24;2.9;4.9;7.7;48.0;25.0;8.0;715.4;0.0;46.0;3.4;0.276;15.87;9.9;96.0
1672;2024-03-10 16:00:00;2.24;2.8;4.3;7.1;47.0;25.0;8.0;715.0;0.0;46.0;3.4;0.412;16.5;10.4;116.0
1673;2024-03-10 17:00:00;2.24;2.7;4.3;7.1;47.0;28.0;;714.8;0.0;45.0;3.4;0.422;16.84;11.8;117.0
1674;2024-03-10 18:00:00;2.26;2.6;5.4;8.0;46.0;25.0;;714.9;0.0;47.0;3.4;0.089;16.17;10.4;123.0
1675;2024-03-10 19:00:00;2.28;2.5;7.1;9.5;44.0;25.0;;715.3;0.0;48.0;3.4;0.018;15.8;10.0;116.0
1676;2024-03-10 20:00:00;2.29;2.4;7.6;10.0;43.0;25.0;;715.4;0.0;48.0;3.3;0.001;15.66;8.4;109.0
1677;2024-03-10 21:00:00;2.28;2.4;6.1;8.5;45.0;21.0;;716.1;0.0;48.0;3.4;0.001;15.68;7.0;119.0
1678;2024-03-10 22:00:00;2.26;2.4;6.2;8.6;45.0;19.0;7.0;716.5;0.0;47.0;3.5;0.001;15.86;6.2;108.0
1679;2024-03-10 23:00:00;2.26;2.4;6.4;8.8;44.0;19.0;7.0;716.9;0.0;46.0;3.4;0.001;15.95;5.9;102.0
1680;2024-03-11 00:00:00;2.26;2.4;6.2;8.7;43.0;20.0;;716.4;0.0;48.0;3.5;0.001;15.64;6.9;111.0
1681;2024-03-11 01:00:00;2.22;2.4;4.1;6.5;47.0;18.0;6.0;715.6;0.0;48.0;3.8;0.001;15.33;8.7;105.0
1682;2024-03-11 02:00:00;2.2;2.3;3.3;5.6;48.0;17.0;6.0;714.9;0.0;48.0;3.6;0.001;15.07;8.9;113.0
1683;2024-03-11 03:00:00;2.21;2.3;3.3;5.6;48.0;16.0;;714.5;0.0;49.0;3.4;0.001;14.78;9.1;97.0
1684;2024-03-11 04:00:00;2.2;2.3;3.2;5.5;48.0;17.0;;714.3;0.0;51.0;3.4;0.001;14.35;7.5;112.0
1685;2024-03-11 05:00:00;2.22;2.3;6.8;9.2;41.0;18.0;7.0;714.3;0.0;53.0;3.5;0.001;13.69;2.4;40.0
1686;2024-03-11 06:00:00;2.42;3.7;27.6;31.4;14.0;48.0;16.0;714.5;0.0;62.0;3.5;0.001;12.89;4.0;346.0
1687;2024-03-11 07:00:00;2.43;7.5;25.3;32.8;13.0;61.0;18.0;714.7;0.0;69.0;3.7;0.001;12.24;2.6;45.0
1688;2024-03-11 08:00:00;2.58;16.3;26.5;42.8;13.0;71.0;20.0;715.0;0.0;74.0;3.7;0.046;12.58;2.8;357.0
1689;2024-03-11 09:00:00;2.8;26.6;28.7;55.3;14.0;87.0;35.0;715.5;0.0;73.0;4.1;0.151;13.79;3.5;57.0
1690;2024-03-11 10:00:00;2.67;21.8;26.4;48.2;22.0;94.0;42.0;715.8;0.0;67.0;4.9;0.316;15.12;6.5;56.0
1691;2024-03-11 11:00:00;2.55;20.3;25.2;45.5;27.0;87.0;38.0;716.0;0.0;61.0;8.2;0.408;16.16;5.5;43.0
1692;2024-03-11 12:00:00;2.52;13.2;23.5;36.8;36.0;85.0;38.0;715.8;0.0;56.0;12.4;0.527;17.44;6.6;15.0
1693;2024-03-11 13:00:00;2.48;10.3;22.2;32.5;44.0;77.0;36.0;715.3;0.0;56.0;9.8;0.604;17.99;7.4;37.0
1694;2024-03-11 14:00:00;2.46;7.2;18.3;25.5;52.0;74.0;33.0;714.6;0.0;55.0;7.6;0.566;18.91;7.2;33.0
1695;2024-03-11 15:00:00;2.43;5.3;14.2;19.5;58.0;65.0;27.0;714.0;0.0;53.0;7.9;0.573;19.74;10.3;45.0
1696;2024-03-11 16:00:00;2.42;3.9;9.5;13.4;57.0;56.0;22.0;713.4;0.0;51.0;6.6;0.452;20.48;11.0;49.0
1697;2024-03-11 17:00:00;2.43;4.6;9.6;14.2;48.0;52.0;17.0;713.1;0.0;49.0;4.9;0.392;21.45;12.9;52.0
1698;2024-03-11 18:00:00;2.41;3.6;8.7;12.2;47.0;49.0;16.0;712.9;0.0;49.0;4.2;0.132;21.9;12.2;102.0
1699;2024-03-11 19:00:00;2.43;3.2;9.4;12.7;39.0;42.0;16.0;712.8;0.0;54.0;4.0;0.023;20.95;11.1;110.0
1700;2024-03-11 20:00:00;2.45;3.0;11.4;14.4;35.0;40.0;13.0;713.0;0.0;57.0;4.0;0.001;20.2;9.0;92.0
1701;2024-03-11 21:00:00;2.38;2.7;7.8;10.6;38.0;28.0;11.0;713.4;0.0;58.0;3.8;0.001;20.17;9.5;94.0
1702;2024-03-11 22:00:00;2.39;3.1;8.5;11.6;37.0;28.0;10.0;713.6;0.0;60.0;3.8;0.001;19.83;8.5;68.0
1703;2024-03-11 23:00:00;2.38;2.7;7.9;10.7;37.0;27.0;10.0;713.5;0.0;64.0;3.8;0.001;19.18;11.3;62.0
1704;2024-03-12 00:00:00;2.35;2.7;6.7;9.4;36.0;26.0;9.0;713.3;0.0;70.0;3.7;0.001;18.34;10.3;56.0
1705;2024-03-12 01:00:00;2.35;2.6;6.4;9.0;35.0;25.0;9.0;713.0;0.0;72.0;3.6;0.001;17.86;8.8;41.0
1706;2024-03-12 02:00:00;2.34;2.6;5.3;7.8;36.0;23.0;8.0;712.9;0.0;75.0;3.5;0.001;17.37;6.5;40.0
1707;2024-03-12 03:00:00;2.37;3.6;17.6;21.2;21.0;39.0;13.0;712.7;0.0;77.0;3.7;0.001;16.91;5.0;31.0
1708;2024-03-12 04:00:00;2.37;2.9;15.7;18.6;23.0;40.0;14.0;712.5;0.0;78.0;4.0;0.001;16.78;3.2;55.0
1709;2024-03-12 05:00:00;2.39;2.7;16.8;19.5;21.0;46.0;17.0;712.5;0.0;78.0;4.3;0.001;16.9;1.9;56.0
1710;2024-03-12 06:00:00;2.4;2.8;14.3;17.1;22.0;45.0;17.0;712.3;0.0;78.0;4.4;0.001;16.9;2.5;60.0
1711;2024-03-12 07:00:00;2.48;3.3;19.2;22.6;16.0;50.0;19.0;712.3;0.0;77.0;4.2;0.001;16.96;2.3;70.0
1712;2024-03-12 08:00:00;2.57;8.5;23.6;32.1;12.0;43.0;17.0;712.6;0.0;77.0;4.1;0.021;17.08;3.9;89.0
1713;2024-03-12 09:00:00;2.68;14.6;22.2;36.8;16.0;56.0;22.0;712.7;0.0;73.0;4.0;0.138;18.09;2.9;56.0
1714;2024-03-12 10:00:00;2.72;15.6;21.6;37.1;23.0;79.0;31.0;712.8;0.0;62.0;4.2;0.303;20.53;2.2;4.0
1715;2024-03-12 11:00:00;2.85;21.4;30.2;51.6;28.0;117.0;44.0;712.8;0.0;59.0;4.4;0.421;21.12;5.6;356.0
1716;2024-03-12 12:00:00;2.89;16.7;35.3;52.1;40.0;123.0;51.0;712.3;0.0;53.0;4.8;0.666;22.82;4.6;20.0
1717;2024-03-12 13:00:00;3.0;12.5;37.4;50.0;59.0;151.0;62.0;711.6;0.0;50.0;5.9;0.726;24.05;6.6;57.0
1718;2024-03-12 14:00:00;2.88;6.3;29.1;35.4;86.0;125.0;53.0;710.7;0.0;45.0;5.6;0.773;25.4;6.9;76.0
1719;2024-03-12 15:00:00;2.72;4.2;19.5;23.7;101.0;103.0;41.0;709.9;0.0;43.0;4.8;0.675;26.36;10.2;56.0
1720;2024-03-12 16:00:00;2.57;3.6;13.8;17.5;77.0;76.0;28.0;709.6;0.0;44.0;6.1;0.299;26.45;9.1;71.0
1721;2024-03-12 17:00:00;2.51;4.0;11.1;15.1;62.0;56.0;19.0;709.4;0.0;43.0;4.7;0.302;26.32;10.4;84.0
1722;2024-03-12 18:00:00;2.54;3.4;13.3;16.7;54.0;56.0;18.0;709.7;0.0;47.0;4.0;0.055;25.14;9.4;77.0
1723;2024-03-12 19:00:00;2.64;3.4;17.7;21.1;45.0;55.0;18.0;710.6;0.0;50.0;3.8;0.006;24.45;4.2;100.0
1724;2024-03-12 20:00:00;2.68;3.1;21.2;24.4;39.0;48.0;;711.1;0.0;50.0;3.6;0.001;24.01;4.0;93.0
1725;2024-03-12 21:00:00;2.67;3.4;24.8;28.2;31.0;51.0;19.0;710.8;0.0;48.0;3.4;0.001;23.82;5.5;138.0
1726;2024-03-12 22:00:00;2.47;2.9;15.6;18.5;42.0;42.0;16.0;710.3;0.0;43.0;3.4;0.001;23.99;7.6;121.0
1727;2024-03-12 23:00:00;2.29;2.9;5.1;8.0;54.0;32.0;12.0;709.9;0.0;38.0;3.3;0.001;24.37;9.5;130.0
1728;2024-03-13 00:00:00;2.8;8.4;28.9;37.3;21.0;63.0;22.0;698.2;0.0;49.0;3.6;0.001;22.37;5.5;10.0
1729;2024-03-13 01:00:00;2.65;3.6;25.7;29.3;17.0;61.0;25.0;709.8;0.0;62.0;3.9;0.001;21.0;2.3;244.0
1730;2024-03-13 02:00:00;2.71;5.2;33.1;38.2;9.0;62.0;24.0;697.6;0.0;60.0;4.3;0.001;19.97;1.3;238.0
1731;2024-03-13 03:00:00;2.74;5.7;28.8;34.5;10.0;56.0;25.0;697.3;0.0;66.0;4.1;0.001;18.91;0.4;225.0
1732;2024-03-13 04:00:00;2.85;19.4;29.9;49.3;9.0;70.0;31.0;708.9;0.0;73.0;4.0;0.001;18.69;2.0;342.0
1733;2024-03-13 05:00:00;3.35;36.8;26.1;62.9;9.0;90.0;41.0;697.1;0.0;79.0;4.0;0.001;17.41;0.3;346.0
1734;2024-03-13 06:00:00;3.3;34.1;24.0;58.1;9.0;102.0;42.0;;0.0;77.0;3.8;0.001;16.16;1.1;240.0
1735;2024-03-13 07:00:00;2.85;57.3;34.1;91.4;;168.0;44.0;;0.0;63.0;5.4;0.002;16.63;2.2;275.0
1736;2024-03-13 08:00:00;2.99;54.4;33.3;87.7;10.0;142.0;37.0;685.6;0.0;53.0;8.0;0.056;18.4;1.8;262.0
1737;2024-03-13 09:00:00;3.35;64.0;40.4;104.4;13.0;168.0;45.0;685.7;0.0;40.0;10.4;0.221;22.62;0.4;312.0
1738;2024-03-13 10:00:00;2.94;31.8;41.3;73.0;22.0;127.0;36.0;;0.0;32.0;9.1;0.328;24.2;3.3;184.0
1739;2024-03-13 11:00:00;3.14;34.5;54.0;88.5;29.0;115.0;35.0;709.5;0.0;28.0;10.8;0.342;28.52;3.6;89.0
1740;2024-03-13 12:00:00;3.06;25.6;56.9;82.4;42.0;153.0;48.0;685.4;0.0;23.0;13.2;0.699;28.96;5.9;61.0
1741;2024-03-13 13:00:00;2.29;6.9;18.6;25.5;60.0;74.0;15.0;;0.0;17.0;5.8;0.764;29.56;7.4;71.0
1742;2024-03-13 14:00:00;2.34;4.2;13.6;17.9;85.0;55.0;12.0;683.7;0.0;16.0;4.3;0.793;31.09;8.0;61.0
1743;2024-03-13 15:00:00;2.24;3.8;11.4;15.3;85.0;56.0;12.0;;0.0;15.0;4.0;0.672;31.35;8.2;71.0
1744;2024-03-13 16:00:00;2.32;3.7;12.4;16.1;96.0;56.0;15.0;682.4;0.0;16.0;4.3;0.503;31.99;9.5;89.0
1745;2024-03-13 17:00:00;2.33;3.7;11.2;14.8;83.0;51.0;13.0;694.0;0.0;18.0;4.2;0.291;31.85;12.5;127.0
1746;2024-03-13 18:00:00;2.3;3.6;8.5;12.1;67.0;47.0;11.0;705.7;0.0;20.0;4.2;0.057;30.62;13.5;137.0
1747;2024-03-13 19:00:00;2.35;3.5;10.1;13.6;55.0;36.0;11.0;705.8;0.0;24.0;4.2;0.025;29.99;11.1;133.0
1748;2024-03-13 20:00:00;2.37;3.2;10.2;13.4;53.0;35.0;;705.9;0.0;26.0;4.1;0.001;29.26;11.0;132.0
1749;2024-03-13 21:00:00;2.32;3.2;7.2;10.4;54.0;34.0;;706.0;0.0;28.0;4.0;0.001;29.1;10.9;140.0
1750;2024-03-13 22:00:00;2.28;3.0;5.3;8.3;50.0;31.0;10.0;706.2;0.0;28.0;3.7;0.001;28.85;11.1;143.0
1751;2024-03-13 23:00:00;2.28;2.9;9.6;12.5;39.0;29.0;10.0;694.5;0.0;29.0;3.5;0.001;28.03;4.3;133.0
1752;2024-03-14 00:00:00;2.61;24.6;33.8;58.6;10.0;38.0;22.0;706.2;0.0;41.0;7.0;0.001;25.32;5.0;328.0
1753;2024-03-14 01:00:00;2.71;5.5;27.7;33.4;11.0;87.0;26.0;706.1;0.0;54.0;5.2;0.001;23.76;5.1;327.0
1754;2024-03-14 02:00:00;2.6;6.5;26.2;33.0;11.0;79.0;24.0;706.0;0.0;63.0;4.3;0.001;22.85;5.5;360.0
1755;2024-03-14 03:00:00;2.64;4.7;24.2;29.1;10.0;71.0;;705.9;0.0;70.0;4.1;0.001;21.66;2.4;289.0
1756;2024-03-14 04:00:00;2.76;6.0;24.4;30.6;9.0;65.0;;705.6;0.0;69.0;4.1;0.001;21.04;2.2;247.0
1757;2024-03-14 05:00:00;2.71;12.1;26.5;38.8;10.0;72.0;13.0;705.6;0.0;66.0;4.7;0.001;20.59;2.1;298.0
1758;2024-03-14 06:00:00;2.78;15.0;22.7;37.9;9.0;82.0;15.0;706.0;0.0;80.0;3.9;0.001;19.91;2.7;357.0
1759;2024-03-14 07:00:00;3.14;35.9;21.3;57.5;9.0;69.0;2.0;706.5;0.0;82.0;3.9;0.003;19.24;2.5;273.0
1760;2024-03-14 08:00:00;3.19;59.8;32.1;92.2;11.0;77.0;;706.7;0.0;57.0;7.0;0.093;20.83;3.3;266.0
1761;2024-03-14 09:00:00;3.45;67.3;42.6;110.2;13.0;116.0;;706.9;0.0;47.0;8.3;0.209;23.12;4.2;316.0
1762;2024-03-14 10:00:00;3.62;48.2;47.8;96.2;16.0;129.0;;707.2;0.0;52.0;5.8;0.263;24.58;3.9;18.0
1763;2024-03-14 11:00:00;3.33;35.9;57.9;94.0;25.0;128.0;19.0;707.1;0.0;30.0;9.1;0.302;27.7;4.3;35.0
1764;2024-03-14 12:00:00;3.06;22.7;54.2;77.1;33.0;142.0;31.0;706.9;0.0;20.0;8.8;0.411;29.92;5.5;65.0
1765;2024-03-14 13:00:00;2.73;13.6;32.9;46.7;38.0;99.0;20.0;706.3;0.0;14.0;6.4;0.465;30.98;7.8;75.0
1766;2024-03-14 14:00:00;2.58;7.9;25.5;33.6;59.0;67.0;16.0;705.7;0.0;11.0;4.9;0.631;32.18;8.7;82.0
1767;2024-03-14 15:00:00;2.48;4.6;18.7;23.6;80.0;68.0;14.0;705.2;0.0;10.0;3.9;0.448;33.12;9.5;80.0
1768;2024-03-14 16:00:00;2.49;3.9;17.5;21.6;83.0;58.0;18.0;705.0;0.0;15.0;4.0;0.242;32.38;12.2;94.0
1769;2024-03-14 17:00:00;2.32;3.7;11.6;15.5;65.0;63.0;11.0;704.9;0.0;15.0;3.6;0.094;31.39;14.3;129.0
1770;2024-03-14 18:00:00;2.42;3.9;17.2;21.3;60.0;64.0;13.0;705.2;0.0;17.0;4.2;0.036;30.43;11.0;86.0
1771;2024-03-14 19:00:00;2.46;3.4;19.3;22.9;54.0;52.0;12.0;705.5;0.0;18.0;4.3;0.009;29.72;8.9;111.0
1772;2024-03-14 20:00:00;2.54;3.3;23.1;26.6;47.0;47.0;15.0;706.2;0.0;21.0;5.0;0.001;29.09;8.1;68.0
1773;2024-03-14 21:00:00;2.51;3.3;19.9;23.4;39.0;50.0;18.0;706.6;0.0;29.0;6.3;0.001;28.57;7.9;47.0
1774;2024-03-14 22:00:00;2.72;5.7;31.9;37.8;18.0;55.0;28.0;707.1;0.0;39.0;7.3;0.001;27.6;8.3;358.0
1775;2024-03-14 23:00:00;2.66;5.2;27.7;33.1;16.0;79.0;31.0;707.5;0.0;45.0;5.9;0.001;26.88;8.3;27.0
1776;2024-03-15 00:00:00;2.57;3.4;14.4;18.0;22.0;75.0;34.0;707.8;0.0;60.0;4.5;0.001;25.27;8.2;48.0
1777;2024-03-15 01:00:00;2.58;3.7;17.4;21.3;16.0;70.0;38.0;708.0;0.0;69.0;4.1;0.001;24.04;5.5;42.0
1778;2024-03-15 02:00:00;2.6;5.1;20.0;25.3;11.0;84.0;39.0;707.7;0.0;74.0;4.1;0.001;23.39;5.1;80.0
1779;2024-03-15 03:00:00;2.7;4.8;19.8;24.8;12.0;79.0;37.0;707.7;0.0;76.0;4.0;0.001;23.02;7.7;44.0
1780;2024-03-15 04:00:00;2.61;3.8;17.0;21.0;13.0;78.0;38.0;708.1;0.0;79.0;3.9;0.001;22.64;5.9;72.0
1781;2024-03-15 05:00:00;2.67;5.8;22.4;28.4;9.0;85.0;39.0;707.9;0.0;80.0;3.9;0.001;22.29;5.2;249.0
1782;2024-03-15 06:00:00;2.63;7.6;21.0;28.8;11.0;91.0;39.0;707.6;0.0;66.0;4.4;0.001;22.82;6.3;110.0
1783;2024-03-15 07:00:00;3.0;33.1;24.2;57.5;9.0;67.0;34.0;707.9;0.0;67.0;4.9;0.003;22.69;4.5;306.0
1784;2024-03-15 08:00:00;3.69;63.9;26.0;90.2;10.0;92.0;43.0;708.4;0.0;70.0;4.6;0.08;23.15;4.9;128.0
1785;2024-03-15 09:00:00;3.26;36.0;28.7;64.9;14.0;124.0;45.0;708.9;0.0;65.0;4.8;0.258;25.16;6.7;57.0
1786;2024-03-15 10:00:00;2.96;24.0;26.8;51.0;21.0;107.0;55.0;709.2;0.0;61.0;5.8;0.31;25.73;8.1;40.0
1787;2024-03-15 11:00:00;2.87;23.7;32.4;56.3;27.0;96.0;49.0;709.1;0.0;53.0;7.5;0.312;27.69;6.1;42.0
1788;2024-03-15 12:00:00;2.81;11.5;27.3;39.0;48.0;106.0;49.0;709.0;0.0;47.0;7.4;0.722;29.07;8.8;57.0
1789;2024-03-15 13:00:00;2.7;6.9;20.8;27.9;73.0;108.0;43.0;708.5;0.0;42.0;7.1;0.793;30.37;10.1;58.0
1790;2024-03-15 14:00:00;2.57;4.6;12.0;16.8;76.0;104.0;36.0;707.7;0.0;33.0;7.8;0.8;31.87;13.2;58.0
1791;2024-03-15 15:00:00;2.5;4.6;10.7;15.5;71.0;83.0;29.0;707.0;0.0;30.0;9.6;0.714;32.81;14.9;64.0
1792;2024-03-15 16:00:00;2.46;4.9;11.2;16.4;63.0;84.0;30.0;706.5;0.0;28.0;16.4;0.571;33.1;15.7;72.0
1793;2024-03-15 17:00:00;2.41;5.0;9.4;14.7;46.0;77.0;20.0;706.3;0.0;26.0;6.5;0.315;33.15;13.2;113.0
1794;2024-03-15 18:00:00;2.46;3.8;8.8;12.8;48.0;50.0;22.0;706.4;0.0;30.0;4.7;0.108;32.2;13.0;131.0
1795;2024-03-15 19:00:00;2.51;3.4;12.3;15.9;49.0;54.0;24.0;706.7;0.0;32.0;4.4;0.014;31.12;11.3;118.0
1796;2024-03-15 20:00:00;2.54;3.2;14.7;18.1;42.0;54.0;25.0;707.0;0.0;34.0;4.2;0.001;30.3;9.1;103.0
1797;2024-03-15 21:00:00;2.51;3.2;13.3;16.7;35.0;55.0;26.0;707.3;0.0;37.0;3.9;0.001;29.55;9.6;87.0
1798;2024-03-15 22:00:00;2.58;3.6;12.8;16.5;26.0;61.0;33.0;708.1;0.0;53.0;3.7;0.001;27.49;13.6;64.0
1799;2024-03-15 23:00:00;2.53;3.1;7.2;10.5;25.0;103.0;32.0;708.9;0.0;69.0;3.5;0.001;25.18;15.2;64.0
1800;2024-03-16 00:00:00;2.51;3.4;7.8;11.5;24.0;61.0;29.0;709.3;0.0;72.0;3.3;0.001;24.49;15.1;62.0
1801;2024-03-16 01:00:00;2.5;2.9;12.1;15.2;22.0;60.0;29.0;709.5;0.0;74.0;3.3;0.001;23.71;15.4;50.0
1802;2024-03-16 02:00:00;2.7;2.7;9.4;12.3;30.0;65.0;24.0;709.7;0.0;66.0;3.7;0.001;21.99;10.3;2.0
1803;2024-03-16 03:00:00;2.4;2.7;9.2;12.0;32.0;65.0;19.0;709.5;0.0;67.0;4.3;0.001;21.71;8.7;17.0
1804;2024-03-16 04:00:00;2.46;2.7;13.4;16.3;27.0;45.0;18.0;709.2;0.0;69.0;3.9;0.001;21.29;7.3;12.0
1805;2024-03-16 05:00:00;2.49;3.0;12.2;15.1;26.0;48.0;16.0;709.2;0.0;72.0;3.9;0.001;20.58;5.6;21.0
1806;2024-03-16 06:00:00;2.51;3.0;14.9;17.8;24.0;46.0;15.0;709.6;0.0;76.0;3.7;0.001;20.1;5.4;30.0
1807;2024-03-16 07:00:00;2.58;3.1;19.9;23.2;17.0;47.0;16.0;710.1;0.0;81.0;3.5;0.002;19.78;5.0;15.0
1808;2024-03-16 08:00:00;2.74;11.6;26.8;39.2;10.0;42.0;22.0;710.5;0.0;85.0;3.3;0.007;19.62;5.7;19.0
1809;2024-03-16 09:00:00;2.61;8.0;15.8;25.6;16.0;59.0;17.0;711.0;0.0;86.0;3.3;0.036;19.49;9.7;47.0
1810;2024-03-16 10:00:00;2.62;4.0;14.5;21.1;17.0;30.0;9.0;711.1;0.0;86.0;3.3;0.041;19.24;10.5;55.0
1811;2024-03-16 11:00:00;2.67;9.0;16.5;28.2;16.0;31.0;12.0;711.0;0.0;85.0;3.4;0.07;19.6;10.1;34.0
1812;2024-03-16 12:00:00;2.64;7.5;12.5;22.4;22.0;53.0;16.0;710.4;0.0;83.0;3.2;0.237;20.45;13.6;41.0
1813;2024-03-16 13:00:00;2.59;7.5;10.8;18.7;25.0;42.0;16.0;709.6;0.0;79.0;3.3;0.253;21.5;14.5;39.0
1814;2024-03-16 14:00:00;2.59;9.5;11.3;20.1;26.0;41.0;21.0;708.7;0.0;76.0;3.3;0.359;22.59;12.5;39.0
1815;2024-03-16 15:00:00;2.66;10.6;14.9;24.9;25.0;52.0;2.0;707.8;0.0;73.0;3.2;0.273;23.46;13.5;39.0
1816;2024-03-16 16:00:00;2.79;17.5;25.4;42.4;18.0;63.0;35.0;707.2;0.0;74.0;3.3;0.197;23.7;11.1;21.0
1817;2024-03-16 17:00:00;2.68;7.8;13.5;20.5;28.0;83.0;32.0;706.8;0.0;66.0;3.6;0.227;25.31;11.7;55.0
1818;2024-03-16 18:00:00;2.55;5.6;8.6;12.7;33.0;63.0;29.0;706.6;0.0;60.0;3.8;0.1;26.01;13.9;84.0
1819;2024-03-16 19:00:00;2.5;3.6;7.4;10.3;32.0;60.0;30.0;707.1;0.0;61.0;3.7;0.008;25.16;9.9;109.0
1820;2024-03-16 20:00:00;2.47;4.5;6.2;9.1;32.0;61.0;28.0;706.9;0.0;61.0;3.6;0.001;24.66;11.3;110.0
1821;2024-03-16 21:00:00;2.48;5.6;7.6;10.4;30.0;49.0;26.0;707.4;0.0;62.0;3.6;0.001;24.34;6.4;103.0
1822;2024-03-16 22:00:00;2.5;6.2;8.2;11.3;29.0;56.0;27.0;707.5;0.0;62.0;3.5;0.001;24.21;7.5;98.0
1823;2024-03-16 23:00:00;2.64;8.3;16.9;22.3;19.0;54.0;30.0;707.6;0.0;68.0;3.6;0.001;23.43;11.3;28.0
1824;2024-03-17 00:00:00;2.51;4.7;13.1;18.0;16.0;76.0;33.0;708.1;0.0;78.0;3.5;0.001;22.14;8.4;43.0
1825;2024-03-17 01:00:00;2.56;2.7;12.5;15.6;16.0;59.0;27.0;708.7;0.0;80.0;3.5;0.001;21.9;6.3;26.0
1826;2024-03-17 02:00:00;2.44;3.0;8.2;11.1;23.0;60.0;23.0;708.8;0.0;77.0;3.5;0.001;21.45;10.3;16.0
1827;2024-03-17 03:00:00;2.52;4.3;13.3;16.8;19.0;39.0;13.0;708.7;0.0;75.0;3.5;0.001;20.61;8.0;77.0
1828;2024-03-17 04:00:00;2.51;6.1;19.2;24.8;11.0;46.0;15.0;708.4;0.0;76.0;3.7;0.001;20.4;7.5;104.0
1829;2024-03-17 05:00:00;2.48;10.0;19.9;28.9;10.0;47.0;17.0;708.3;0.0;75.0;4.3;0.001;20.19;6.3;92.0
1830;2024-03-17 06:00:00;2.57;9.5;19.1;28.1;11.0;44.0;18.0;708.3;0.0;75.0;4.9;0.001;19.97;5.3;75.0
1831;2024-03-17 07:00:00;2.79;3.8;12.7;16.0;19.0;50.0;17.0;708.7;0.0;75.0;4.9;0.002;20.05;6.7;67.0
1832;2024-03-17 08:00:00;2.85;3.8;10.7;14.2;20.0;44.0;19.0;709.0;0.0;76.0;5.3;0.013;19.91;7.8;31.0
1833;2024-03-17 09:00:00;2.65;6.9;13.9;20.7;16.0;45.0;19.0;709.6;0.0;77.0;5.0;0.061;19.88;7.1;64.0
1834;2024-03-17 10:00:00;2.64;15.0;15.3;30.3;14.0;57.0;21.0;709.7;0.0;78.0;4.4;0.13;20.13;6.3;75.0
1835;2024-03-17 11:00:00;2.72;12.8;13.9;25.0;17.0;61.0;23.0;709.6;0.0;75.0;4.1;0.16;20.78;7.9;66.0
1836;2024-03-17 12:00:00;2.57;13.4;13.4;24.3;20.0;63.0;23.0;709.3;0.0;73.0;3.9;0.278;21.43;7.1;74.0
1837;2024-03-17 13:00:00;2.57;15.8;16.8;28.1;27.0;61.0;22.0;708.6;0.0;65.0;4.1;0.433;23.61;5.6;112.0
1838;2024-03-17 14:00:00;2.51;11.1;10.5;16.2;45.0;59.0;21.0;707.9;0.0;59.0;4.4;0.827;25.18;7.9;109.0
1839;2024-03-17 15:00:00;2.46;9.6;6.9;10.4;61.0;51.0;22.0;707.4;0.0;54.0;4.4;0.714;26.27;9.0;89.0
1840;2024-03-17 16:00:00;2.45;;;;61.0;46.0;23.0;707.0;0.0;50.0;4.6;0.554;26.75;11.1;65.0
1841;2024-03-17 17:00:00;2.45;10.2;8.1;11.4;53.0;51.0;22.0;707.1;0.0;50.0;4.3;0.203;26.49;10.0;44.0
1842;2024-03-17 18:00:00;2.48;9.2;8.4;11.4;42.0;46.0;22.0;707.6;0.0;58.0;4.0;0.028;24.95;12.6;48.0
1843;2024-03-17 19:00:00;2.57;7.3;12.5;15.7;23.0;55.0;17.0;708.5;0.0;68.0;4.1;0.002;21.96;14.0;10.0
1844;2024-03-17 20:00:00;2.47;4.7;10.0;13.0;28.0;52.0;10.0;709.3;0.0;75.0;3.9;0.001;20.17;12.9;7.0
1845;2024-03-17 21:00:00;2.45;1.3;10.5;13.4;27.0;39.0;8.0;710.0;0.0;81.0;3.5;0.001;18.87;10.7;26.0
1846;2024-03-17 22:00:00;2.43;1.2;10.1;13.1;22.0;35.0;8.0;710.8;0.0;82.0;3.5;0.001;18.17;6.3;47.0
1847;2024-03-17 23:00:00;2.56;0.8;7.4;10.2;22.0;28.0;5.0;711.2;0.0;83.0;3.5;0.001;17.76;6.0;38.0
1848;2024-03-18 00:00:00;2.57;;;;19.0;28.0;6.0;711.3;0.0;86.0;3.4;0.001;17.34;3.0;204.0
1849;2024-03-18 01:00:00;2.51;;;;19.0;26.0;6.0;711.4;0.0;87.0;3.3;0.001;17.15;5.2;38.0
1850;2024-03-18 02:00:00;2.42;;;;18.0;26.0;4.0;711.4;0.0;88.0;3.2;0.001;17.01;5.3;53.0
1851;2024-03-18 03:00:00;2.38;;;;23.0;29.0;4.0;711.5;0.0;89.0;3.2;0.001;16.64;7.5;15.0
1852;2024-03-18 04:00:00;2.36;;;;26.0;25.0;3.0;711.7;0.0;90.0;3.1;0.001;16.18;10.6;7.0
1853;2024-03-18 05:00:00;2.33;;;;26.0;22.0;2.0;711.9;0.0;91.0;3.3;0.001;15.83;10.6;4.0
1854;2024-03-18 06:00:00;2.44;;;;24.0;21.0;;712.4;0.0;91.0;3.1;0.001;15.48;9.1;12.0
1855;2024-03-18 07:00:00;2.71;;;;22.0;23.0;5.0;713.0;0.0;91.0;3.3;0.001;15.27;8.8;358.0
1856;2024-03-18 08:00:00;2.63;;;;22.0;22.0;6.0;713.8;0.0;91.0;3.2;0.01;14.92;9.1;354.0
1857;2024-03-18 09:00:00;2.54;0.8;7.1;10.7;22.0;24.0;4.0;714.7;0.0;91.0;3.3;0.039;14.74;8.9;8.0
1858;2024-03-18 10:00:00;2.41;2.0;8.9;13.3;;22.0;4.0;715.2;0.0;91.0;3.4;0.056;14.66;7.3;34.0
1859;2024-03-18 11:00:00;2.44;2.7;10.6;15.8;23.0;21.0;3.0;715.4;0.0;91.0;3.4;0.079;14.59;7.5;49.0
1860;2024-03-18 12:00:00;2.45;3.1;11.4;17.0;26.0;30.0;5.0;715.4;0.0;;3.2;0.102;14.2;9.3;47.0
1861;2024-03-18 13:00:00;2.46;2.4;12.6;17.5;28.0;27.0;12.0;715.3;0.0;;3.2;0.079;13.93;8.9;50.0
1862;2024-03-18 14:00:00;2.42;1.6;10.5;14.8;32.0;31.0;11.0;715.3;0.0;;3.1;0.088;13.51;8.6;41.0
1863;2024-03-18 15:00:00;2.44;1.8;11.1;15.6;31.0;25.0;7.0;715.4;0.0;;3.2;0.083;13.51;8.0;37.0
1864;2024-03-18 16:00:00;2.45;1.5;13.2;17.5;29.0;24.0;6.0;715.3;0.0;;3.3;0.065;13.42;8.3;39.0
1865;2024-03-18 17:00:00;2.47;1.5;14.5;18.8;28.0;24.0;9.0;715.3;0.0;;3.3;0.04;13.17;8.1;50.0
1866;2024-03-18 18:00:00;2.45;1.0;14.4;17.9;28.0;25.0;7.0;715.5;0.0;;3.2;0.018;12.82;9.6;25.0
1867;2024-03-18 19:00:00;2.37;0.8;11.7;14.8;28.0;27.0;7.0;716.4;0.0;;3.2;0.004;12.06;13.7;8.0
1868;2024-03-18 20:00:00;2.39;1.1;13.6;17.1;26.0;26.0;4.0;716.9;0.0;92.0;3.3;0.001;11.66;11.5;14.0
1869;2024-03-18 21:00:00;2.37;1.2;15.2;18.9;26.0;23.0;8.0;717.1;0.0;92.0;3.3;0.001;12.04;9.8;51.0
1870;2024-03-18 22:00:00;2.3;1.3;6.8;10.6;39.0;24.0;6.0;717.3;0.0;91.0;3.3;0.001;12.0;10.9;64.0
1871;2024-03-18 23:00:00;2.27;;;;43.0;22.0;6.0;717.4;0.0;90.0;3.2;0.001;11.57;14.5;64.0
1872;2024-03-19 00:00:00;2.18;1.9;3.1;5.6;47.0;27.0;5.0;717.0;0.0;70.0;3.3;0.001;12.53;12.1;112.0
1873;2024-03-19 01:00:00;2.2;0.8;3.1;5.6;45.0;32.0;8.0;716.7;0.0;74.0;3.2;0.001;11.87;8.9;125.0
1874;2024-03-19 02:00:00;2.19;0.6;2.6;5.0;46.0;29.0;9.0;716.2;0.0;76.0;3.1;0.001;11.41;10.7;126.0
1875;2024-03-19 03:00:00;2.19;0.5;2.6;5.0;46.0;28.0;9.0;715.8;0.0;77.0;3.1;0.001;11.27;8.8;111.0
1876;2024-03-19 04:00:00;2.18;0.8;2.5;4.8;47.0;29.0;10.0;715.5;0.0;74.0;3.3;0.001;11.68;9.4;121.0
1877;2024-03-19 05:00:00;2.17;1.0;2.6;5.0;48.0;30.0;8.0;715.4;0.0;72.0;3.3;0.001;12.06;10.5;115.0
1878;2024-03-19 06:00:00;2.18;2.1;4.2;6.5;47.0;28.0;8.0;715.7;0.0;67.0;3.2;0.001;12.33;9.5;106.0
1879;2024-03-19 07:00:00;2.32;3.0;17.3;21.0;31.0;31.0;9.0;716.1;0.0;67.0;3.4;0.002;12.43;6.4;46.0
1880;2024-03-19 08:00:00;2.55;5.2;28.2;35.4;19.0;36.0;13.0;716.4;0.0;70.0;3.5;0.015;12.34;7.1;41.0
1881;2024-03-19 09:00:00;2.61;8.1;27.8;38.2;19.0;57.0;17.0;716.8;0.0;71.0;3.8;0.054;12.45;8.0;51.0
1882;2024-03-19 10:00:00;2.33;3.9;12.0;16.2;40.0;57.0;15.0;717.1;0.0;66.0;3.6;0.07;12.59;9.4;105.0
1883;2024-03-19 11:00:00;2.36;2.9;12.9;17.2;38.0;37.0;9.0;717.0;0.0;70.0;3.5;0.094;12.4;8.1;87.0
1884;2024-03-19 12:00:00;2.36;3.8;11.7;16.3;39.0;45.0;10.0;716.4;0.0;69.0;3.4;0.164;12.9;8.0;64.0
1885;2024-03-19 13:00:00;2.41;3.3;13.0;17.8;37.0;39.0;9.0;715.7;0.0;71.0;3.3;0.124;12.84;9.3;76.0
1886;2024-03-19 14:00:00;2.55;4.2;18.7;25.8;29.0;37.0;18.0;715.0;0.0;80.0;3.4;0.101;12.03;10.4;47.0
1887;2024-03-19 15:00:00;2.55;4.1;17.9;24.6;30.0;49.0;20.0;714.7;0.0;83.0;3.4;0.116;11.96;9.8;61.0
1888;2024-03-19 16:00:00;2.54;5.8;17.1;23.3;31.0;33.0;15.0;714.3;0.0;81.0;3.4;0.11;12.28;9.7;59.0
1889;2024-03-19 17:00:00;2.55;5.4;19.1;24.8;28.0;35.0;11.0;714.2;0.0;80.0;3.4;0.05;12.31;10.5;52.0
1890;2024-03-19 18:00:00;2.59;5.3;21.4;26.9;23.0;39.0;11.0;714.0;0.0;81.0;3.3;0.019;12.18;9.0;54.0
1891;2024-03-19 19:00:00;2.58;4.4;20.7;25.3;22.0;36.0;10.0;713.8;0.0;81.0;3.4;0.005;12.26;6.6;72.0
1892;2024-03-19 20:00:00;2.47;2.9;15.3;18.4;26.0;33.0;8.0;713.8;0.0;80.0;3.4;0.001;12.38;7.5;94.0
1893;2024-03-19 21:00:00;2.33;2.5;8.4;11.2;31.0;31.0;7.0;713.9;0.0;80.0;3.3;0.001;12.47;8.6;118.0
1894;2024-03-19 22:00:00;2.29;2.5;6.4;9.2;33.0;29.0;7.0;714.0;0.0;79.0;3.3;0.001;12.5;9.7;122.0
1895;2024-03-19 23:00:00;2.29;2.8;7.6;10.6;30.0;23.0;6.0;713.9;0.0;77.0;3.3;0.001;12.8;7.7;99.0
1896;2024-03-20 00:00:00;2.34;2.5;11.6;14.4;25.0;19.0;6.0;713.7;0.0;78.0;3.3;0.001;12.78;7.1;69.0
1897;2024-03-20 01:00:00;2.37;2.6;14.8;17.6;21.0;31.0;10.0;713.2;0.0;80.0;3.4;0.001;12.69;5.1;69.0
1898;2024-03-20 02:00:00;2.34;4.0;18.6;22.8;16.0;31.0;11.0;712.8;0.0;81.0;3.4;0.001;12.64;5.8;18.0
1899;2024-03-20 03:00:00;2.3;2.7;12.1;14.9;21.0;39.0;15.0;712.4;0.0;84.0;3.5;0.001;12.43;3.0;50.0
1900;2024-03-20 04:00:00;2.31;2.4;7.8;10.4;24.0;31.0;13.0;712.0;0.0;84.0;3.5;0.001;12.5;4.0;70.0
1901;2024-03-20 05:00:00;2.31;2.4;7.8;10.4;23.0;32.0;14.0;711.9;0.0;84.0;3.3;0.001;12.5;4.1;55.0
1902;2024-03-20 06:00:00;2.32;3.0;12.9;16.1;18.0;30.0;12.0;712.0;0.0;85.0;3.4;0.001;12.48;3.4;34.0
1903;2024-03-20 07:00:00;2.45;9.2;20.5;30.0;11.0;35.0;18.0;712.1;0.0;85.0;3.4;0.002;12.58;3.8;4.0
1904;2024-03-20 08:00:00;2.68;23.0;22.0;45.2;10.0;49.0;22.0;712.8;0.0;85.0;3.6;0.019;12.91;3.8;28.0
1905;2024-03-20 09:00:00;2.84;26.9;21.0;48.1;11.0;56.0;25.0;713.1;0.0;82.0;3.6;0.041;13.48;3.5;23.0
1906;2024-03-20 10:00:00;2.7;19.9;18.5;38.6;16.0;68.0;29.0;713.2;0.0;77.0;3.6;0.189;14.49;4.7;42.0
1907;2024-03-20 11:00:00;2.64;18.3;18.4;36.9;22.0;68.0;32.0;712.8;0.0;67.0;3.7;0.307;16.4;4.9;18.0
1908;2024-03-20 12:00:00;2.84;25.4;30.2;55.9;25.0;69.0;49.0;712.5;0.0;61.0;3.9;0.563;17.88;6.4;65.0
1909;2024-03-20 13:00:00;2.92;23.8;34.6;58.6;33.0;96.0;61.0;711.9;0.0;60.0;4.5;0.746;18.77;8.3;55.0
1910;2024-03-20 14:00:00;2.81;13.8;29.2;43.3;42.0;103.0;58.0;710.9;0.0;60.0;4.2;0.741;19.48;10.0;62.0
1911;2024-03-20 15:00:00;2.66;7.6;20.5;28.4;45.0;86.0;43.0;710.2;0.0;61.0;4.2;0.461;19.76;10.3;66.0
1912;2024-03-20 16:00:00;2.61;5.2;19.5;24.9;37.0;59.0;26.0;710.0;0.0;65.0;4.1;0.121;19.14;9.8;73.0
1913;2024-03-20 17:00:00;2.6;5.0;15.0;20.2;33.0;59.0;18.0;709.7;0.0;70.0;3.8;0.105;18.53;9.8;57.0
1914;2024-03-20 18:00:00;2.61;6.1;16.2;22.5;27.0;48.0;15.0;709.7;0.0;71.0;3.7;0.091;18.33;10.0;48.0
1915;2024-03-20 19:00:00;2.65;4.8;18.4;23.4;20.0;54.0;17.0;709.9;0.0;76.0;3.6;0.009;17.29;9.3;53.0
1916;2024-03-20 20:00:00;2.66;4.9;19.2;24.4;15.0;56.0;20.0;710.0;0.0;80.0;3.6;0.001;16.59;8.4;66.0
1917;2024-03-20 21:00:00;2.56;4.2;15.7;20.1;16.0;65.0;19.0;710.0;0.0;82.0;3.6;0.001;16.19;8.5;66.0
1918;2024-03-20 22:00:00;2.5;4.5;14.2;18.9;17.0;45.0;16.0;710.9;0.0;83.0;3.6;0.001;15.94;9.2;56.0
1919;2024-03-20 23:00:00;2.45;6.2;14.5;20.9;17.0;40.0;14.0;711.4;0.0;83.0;3.5;0.001;15.86;5.7;44.0
1920;2024-03-21 00:00:00;2.47;2.8;13.3;16.3;18.0;37.0;16.0;711.3;0.0;85.0;3.5;0.001;15.69;3.7;4.0
1921;2024-03-21 01:00:00;2.44;2.6;12.8;15.6;18.0;37.0;23.0;711.0;0.0;85.0;3.6;0.002;15.8;1.9;120.0
1922;2024-03-21 02:00:00;2.42;2.6;11.7;14.5;20.0;50.0;26.0;710.6;0.0;83.0;3.6;0.001;16.03;2.0;338.0
1923;2024-03-21 03:00:00;2.36;2.5;8.5;11.2;23.0;40.0;19.0;710.1;0.0;81.0;3.7;0.001;16.18;2.6;11.0
1924;2024-03-21 04:00:00;2.37;2.6;8.6;11.4;21.0;33.0;14.0;709.9;0.0;80.0;3.6;0.001;16.09;1.9;285.0
1925;2024-03-21 05:00:00;2.39;2.6;11.5;14.4;16.0;39.0;21.0;709.7;0.0;79.0;3.5;0.001;15.79;1.8;237.0
1926;2024-03-21 06:00:00;2.46;5.9;13.4;19.5;11.0;51.0;33.0;709.7;0.0;82.0;3.5;0.001;14.87;1.8;305.0
1927;2024-03-21 07:00:00;2.69;27.3;15.2;42.9;10.0;46.0;26.0;709.8;0.0;84.0;3.7;0.007;14.31;1.6;197.0
1928;2024-03-21 08:00:00;3.23;63.9;19.4;83.7;10.0;57.0;32.0;710.1;0.0;84.0;3.8;0.093;15.57;1.7;337.0
1929;2024-03-21 09:00:00;2.86;37.0;23.6;60.8;14.0;81.0;33.0;710.3;0.0;76.0;3.7;0.226;17.84;3.4;18.0
1930;2024-03-21 10:00:00;3.04;39.4;34.5;74.2;20.0;82.0;;710.2;0.0;66.0;4.1;0.426;19.42;5.1;12.0
1931;2024-03-21 11:00:00;3.32;58.1;53.2;111.4;21.0;103.0;59.0;709.9;0.0;59.0;5.4;0.218;21.36;6.0;58.0
1932;2024-03-21 12:00:00;3.05;30.8;45.1;75.4;31.0;158.0;43.0;709.5;0.0;54.0;10.1;0.759;22.36;8.6;79.0
1933;2024-03-21 13:00:00;2.66;12.7;27.1;37.9;53.0;136.0;45.46;708.6;0.0;46.0;9.7;0.841;23.97;9.1;62.0
1934;2024-03-21 14:00:00;2.62;8.9;17.9;22.9;74.0;106.0;33.13;707.7;0.0;42.0;6.2;0.795;25.14;10.3;64.0
1935;2024-03-21 15:00:00;2.66;9.3;19.9;24.8;80.0;75.0;29.53;707.0;0.0;43.0;5.0;0.681;25.87;12.2;59.0
1936;2024-03-21 16:00:00;2.59;7.3;14.9;18.7;83.0;93.0;29.0;706.7;0.0;44.0;4.6;0.58;26.29;13.6;60.0
1937;2024-03-21 17:00:00;2.59;5.1;14.0;17.4;79.0;73.0;;706.9;0.0;47.0;4.8;0.348;26.02;12.0;100.0
1938;2024-03-21 18:00:00;2.57;6.7;13.7;16.9;64.0;67.0;22.47;707.3;0.0;52.0;5.5;0.111;24.84;11.6;97.0
1939;2024-03-21 19:00:00;2.53;7.3;11.4;14.2;48.0;65.0;17.97;707.8;0.0;58.0;5.0;0.019;23.2;11.7;98.0
1940;2024-03-21 20:00:00;2.52;4.2;10.9;13.7;40.0;50.0;15.91;708.5;0.0;62.0;4.3;0.001;22.11;8.5;100.0
1941;2024-03-21 21:00:00;2.51;;;;34.0;47.0;14.5;709.2;0.0;65.0;3.9;0.001;21.58;9.5;89.0
1942;2024-03-21 22:00:00;2.52;;;;29.0;40.0;16.29;709.8;0.0;67.0;3.8;0.001;20.84;2.7;245.0
1943;2024-03-21 23:00:00;2.51;2.4;15.0;17.7;27.0;46.0;15.69;710.2;0.0;68.0;3.6;0.001;20.51;5.3;74.0
1944;2024-03-22 00:00:00;2.5;2.7;17.2;20.0;20.0;39.0;15.81;710.6;0.0;71.0;3.5;0.001;19.69;1.9;286.0
1945;2024-03-22 01:00:00;2.65;3.3;22.0;25.7;13.0;43.0;17.98;710.5;0.0;72.0;3.5;0.001;19.38;3.8;211.0
1946;2024-03-22 02:00:00;2.64;3.9;24.4;28.6;11.0;50.0;19.03;710.3;0.0;73.0;3.5;0.001;19.02;2.2;216.0
1947;2024-03-22 03:00:00;2.53;;;;13.0;50.0;19.11;710.0;0.0;74.0;3.6;0.001;18.5;1.8;235.0
1948;2024-03-22 04:00:00;2.63;4.7;23.8;32.2;10.0;48.0;21.53;709.9;0.0;76.0;3.7;0.001;18.04;1.8;228.0
1949;2024-03-22 05:00:00;2.58;4.4;24.3;32.9;11.0;54.0;22.36;709.9;0.0;75.0;3.7;0.001;18.04;3.0;235.0
1950;2024-03-22 06:00:00;2.64;12.0;28.2;47.1;10.0;59.0;30.17;710.3;0.0;73.0;4.1;0.001;17.87;2.7;230.0
1951;2024-03-22 07:00:00;2.89;21.5;27.2;53.6;10.0;84.0;33.1;710.7;0.0;74.0;4.4;0.007;17.44;2.2;282.0
1952;2024-03-22 08:00:00;2.94;43.5;29.5;67.3;14.0;91.0;26.93;711.0;0.0;61.0;5.7;0.105;19.87;4.4;222.0
1953;2024-03-22 09:00:00;3.26;63.5;35.6;82.1;16.0;77.0;32.22;711.1;0.0;51.0;6.5;0.311;22.72;4.0;65.0
1954;2024-03-22 10:00:00;2.94;48.2;35.3;61.4;28.0;102.0;27.91;711.3;0.0;39.0;7.0;0.463;24.9;5.0;35.0
1955;2024-03-22 11:00:00;2.6;;;;42.0;84.0;24.75;711.1;0.0;29.0;5.8;0.173;27.1;5.5;72.0
1956;2024-03-22 12:00:00;2.21;;;;56.0;67.0;6.34;710.5;0.0;19.0;3.8;0.831;27.91;12.5;320.0
1957;2024-03-22 13:00:00;2.21;;;;58.0;48.0;6.09;709.9;0.0;18.0;3.6;0.886;28.67;12.8;318.0
1958;2024-03-22 14:00:00;2.19;;;;61.0;40.0;5.51;709.3;0.0;15.0;3.5;0.891;29.56;11.9;299.0
1959;2024-03-22 15:00:00;2.21;;;;59.0;32.0;6.8;708.7;0.0;16.0;3.5;0.781;30.29;11.4;316.0
1960;2024-03-22 16:00:00;2.22;;;;59.0;39.0;6.72;708.2;0.0;15.0;3.5;0.632;30.94;11.4;320.0
1961;2024-03-22 17:00:00;2.22;;;;59.0;37.0;5.91;708.1;0.0;14.0;3.4;0.393;31.34;9.6;331.0
1962;2024-03-22 18:00:00;2.28;;;;54.0;33.0;6.37;708.5;0.0;12.0;3.5;0.105;31.47;8.0;134.0
1963;2024-03-22 19:00:00;2.46;;;;62.0;44.0;8.89;709.1;0.0;18.0;3.5;0.024;29.1;7.7;122.0
1964;2024-03-22 20:00:00;2.6;23.0;32.1;35.7;45.0;50.0;11.31;709.7;0.0;20.0;3.5;0.001;27.4;7.1;79.0
1965;2024-03-22 21:00:00;2.59;25.0;34.4;38.0;37.0;58.0;11.74;710.1;0.0;22.0;3.4;0.001;26.21;6.1;121.0
1966;2024-03-22 22:00:00;2.27;;;;57.0;51.0;6.91;711.2;0.0;22.0;3.2;0.001;25.88;9.6;103.0
1967;2024-03-22 23:00:00;2.28;;;;57.0;41.0;7.5;711.6;0.0;24.0;3.3;0.001;24.84;6.9;107.0
1968;2024-03-23 00:00:00;2.3;;;;45.0;35.0;7.9;711.7;0.0;28.0;3.4;0.001;22.93;2.6;285.0
1969;2024-03-23 01:00:00;2.36;;;;37.0;33.0;8.17;711.7;0.0;29.0;3.3;0.001;21.9;3.0;238.0
1970;2024-03-23 02:00:00;2.35;;;;41.0;36.0;11.49;712.4;0.0;39.0;3.4;0.001;20.48;12.3;82.0
1971;2024-03-23 03:00:00;2.26;;;;61.0;105.0;7.69;713.1;0.0;49.0;3.6;0.001;19.76;12.7;103.0
1972;2024-03-23 04:00:00;2.25;;;;60.0;47.0;6.91;713.2;0.0;52.0;3.9;0.001;19.21;11.4;118.0
1973;2024-03-23 05:00:00;2.27;;;;56.0;34.0;7.74;713.2;0.0;56.0;3.8;0.001;18.54;7.5;67.0
1974;2024-03-23 06:00:00;2.28;;;;52.0;37.0;8.08;713.3;0.0;61.0;3.6;0.001;17.59;5.2;89.0
1975;2024-03-23 07:00:00;2.3;;;;50.0;37.0;8.55;713.6;0.0;59.0;3.4;0.009;17.54;7.2;78.0
1976;2024-03-23 08:00:00;2.34;;;;45.0;36.0;9.13;714.2;0.0;60.0;3.6;0.106;18.02;8.1;42.0
1977;2024-03-23 09:00:00;2.41;;;;48.0;40.0;10.7;714.4;0.0;60.0;3.4;0.314;19.2;7.5;62.0
1978;2024-03-23 10:00:00;2.38;;;;55.0;48.0;9.82;714.3;0.0;56.0;3.6;0.481;20.14;9.7;49.0
1979;2024-03-23 11:00:00;2.41;;;;57.0;42.0;11.85;714.0;0.0;57.0;3.4;0.252;20.34;13.5;48.0
1980;2024-03-23 12:00:00;2.39;;;;60.0;49.0;11.0;713.5;0.0;51.0;3.5;0.816;21.83;15.2;62.0
1981;2024-03-23 13:00:00;2.36;;;;59.0;49.0;9.84;712.8;0.0;45.0;3.5;0.77;23.05;15.7;76.0
1982;2024-03-23 14:00:00;2.35;;;;59.0;40.0;8.79;711.8;0.0;45.0;3.5;0.799;23.3;16.1;87.0
1983;2024-03-23 15:00:00;2.33;;;;59.0;42.0;8.45;710.9;0.0;46.0;3.4;0.725;23.21;17.2;105.0
1984;2024-03-23 16:00:00;2.33;;;;56.0;36.0;8.61;710.4;0.0;46.0;3.4;0.441;23.15;16.9;111.0
1985;2024-03-23 17:00:00;2.35;;;;52.0;38.0;8.85;710.2;0.0;48.0;3.3;0.17;22.72;14.4;123.0
1986;2024-03-23 18:00:00;2.36;;;;51.0;30.0;8.29;709.9;0.0;48.0;3.4;0.099;22.77;12.6;122.0
1987;2024-03-23 19:00:00;2.38;;;;49.0;31.0;9.59;709.6;0.0;49.0;3.4;0.011;22.49;11.6;119.0
1988;2024-03-23 20:00:00;2.37;;;;49.0;32.0;9.02;709.1;0.0;49.0;3.4;0.001;22.41;12.4;128.0
1989;2024-03-23 21:00:00;2.36;;;;45.0;35.0;8.62;709.1;0.0;50.0;3.3;0.001;21.64;14.1;82.0
1990;2024-03-23 22:00:00;2.34;;;;44.0;52.0;8.64;709.3;0.0;56.0;3.3;0.001;20.16;13.7;78.0
1991;2024-03-23 23:00:00;2.35;;;;43.0;45.0;11.28;708.9;0.0;62.0;3.2;0.001;18.72;12.3;59.0
1992;2024-03-24 00:00:00;2.36;7.5;6.8;9.4;42.0;45.0;12.26;708.5;0.0;66.0;3.3;0.001;17.84;12.0;54.0
1993;2024-03-24 01:00:00;2.36;;;;40.0;36.0;13.56;708.2;0.0;69.0;3.2;0.001;17.45;10.3;43.0
1994;2024-03-24 02:00:00;2.36;;;;40.0;44.0;12.25;707.6;0.0;72.0;3.2;0.001;17.2;9.5;43.0
1995;2024-03-24 03:00:00;2.35;;;;39.0;38.0;10.89;706.9;0.0;77.0;3.2;0.001;16.66;8.9;52.0
1996;2024-03-24 04:00:00;2.36;;;;35.0;33.0;11.61;706.0;0.0;80.0;3.1;0.001;16.13;7.9;43.0
1997;2024-03-24 05:00:00;2.38;1.6;24.3;32.5;15.0;28.0;;705.7;0.0;81.0;3.8;0.001;16.02;5.5;46.0
1998;2024-03-24 06:00:00;2.37;;;;25.0;49.0;29.5;705.4;0.0;81.0;4.7;0.001;16.08;4.6;62.0
1999;2024-03-24 07:00:00;2.39;;;;17.0;49.0;;705.6;0.0;81.0;4.9;0.003;16.28;3.6;39.0
2000;2024-03-24 08:00:00;2.46;3.9;22.3;29.4;17.0;60.0;32.85;705.5;0.0;79.0;5.6;0.047;16.72;4.5;70.0
2001;2024-03-24 09:00:00;2.48;6.0;15.2;23.5;26.0;58.0;30.34;705.5;0.0;72.0;6.1;0.275;18.37;5.1;51.0
2002;2024-03-24 10:00:00;2.47;15.7;15.5;26.6;29.0;53.0;31.65;705.2;0.0;61.0;6.1;0.424;20.26;5.5;80.0
2003;2024-03-24 11:00:00;2.6;29.1;24.2;46.7;27.0;58.0;;704.8;0.0;57.0;10.3;0.273;21.41;6.0;348.0
2004;2024-03-24 12:00:00;2.58;29.4;26.8;44.8;35.0;82.0;36.21;704.0;0.0;52.0;12.1;0.814;22.95;7.0;47.0
2005;2024-03-24 13:00:00;2.55;;;;69.0;76.0;27.4;702.9;0.0;51.0;7.1;0.86;23.74;10.1;70.0
2006;2024-03-24 14:00:00;2.55;20.0;17.9;23.3;73.0;55.0;31.26;702.1;0.0;48.0;6.9;0.806;25.02;9.9;58.0
2007;2024-03-24 15:00:00;2.54;;;;83.0;69.0;;701.2;0.0;45.0;7.9;0.682;26.36;9.4;70.0
2008;2024-03-24 16:00:00;2.49;;;;72.0;68.0;26.65;700.5;0.0;41.0;9.8;0.623;27.97;11.5;51.0
2009;2024-03-24 17:00:00;2.43;;;;64.0;62.0;20.05;700.0;0.0;34.0;6.3;0.36;29.43;9.3;61.0
2010;2024-03-24 18:00:00;2.38;;;;56.0;50.0;15.51;700.1;0.0;36.0;4.5;0.091;28.67;11.2;101.0
2011;2024-03-24 19:00:00;2.41;;;;54.0;47.0;;700.6;0.0;41.0;4.0;0.018;27.47;9.6;130.0
2012;2024-03-24 20:00:00;2.44;;;;51.0;42.0;17.22;700.9;0.0;43.0;3.8;0.001;26.86;7.9;108.0
2013;2024-03-24 21:00:00;2.49;;;;45.0;44.0;18.16;701.4;0.0;44.0;3.7;0.001;26.34;5.1;78.0
2014;2024-03-24 22:00:00;2.66;;;;30.0;47.0;21.86;701.6;0.0;49.0;3.7;0.001;25.01;3.0;270.0
2015;2024-03-24 23:00:00;2.88;19.0;32.3;37.9;12.0;45.0;;701.4;0.0;55.0;3.7;0.001;23.56;3.0;292.0
2016;2024-03-25 00:00:00;2.72;10.9;30.2;35.1;11.0;75.0;27.65;701.2;0.0;61.0;3.6;0.001;22.67;3.9;322.0
2017;2024-03-25 01:00:00;2.6;;;;10.0;77.0;23.47;701.1;0.0;67.0;4.6;0.001;21.56;3.5;346.0
2018;2024-03-25 02:00:00;2.56;;;;14.0;73.0;20.27;701.1;0.0;73.0;4.4;0.001;20.64;5.2;343.0
2019;2024-03-25 03:00:00;2.58;;;;19.0;65.0;17.58;700.9;0.0;78.0;3.9;0.001;19.82;3.5;55.0
2020;2024-03-25 04:00:00;2.6;;;;12.0;61.0;21.26;700.5;0.0;81.0;3.7;0.001;19.17;2.9;63.0
2021;2024-03-25 05:00:00;2.66;;;;15.0;59.0;27.83;700.3;0.0;82.0;3.7;0.001;18.95;4.3;143.0
2022;2024-03-25 06:00:00;2.68;;;;10.0;59.0;27.88;700.4;0.0;83.0;3.6;0.001;18.12;3.6;219.0
2023;2024-03-25 07:00:00;2.83;14.2;21.3;44.7;10.0;63.0;25.54;700.8;0.0;82.0;3.9;0.007;17.39;2.6;230.0
2024;2024-03-25 08:00:00;2.91;29.5;24.5;55.4;12.0;66.0;24.32;701.3;0.0;69.0;4.0;0.113;20.25;2.7;202.0
2025;2024-03-25 09:00:00;2.71;;;;22.0;74.0;16.11;701.8;0.0;38.0;5.3;0.341;24.42;4.6;182.0
2026;2024-03-25 10:00:00;2.18;;;;51.0;64.0;6.94;701.7;0.0;4.0;3.4;0.556;29.02;11.8;299.0
2027;2024-03-25 11:00:00;2.09;;;;57.0;78.0;6.69;701.5;0.0;2.0;3.3;0.183;30.17;16.8;300.0
2028;2024-03-25 12:00:00;2.1;;;;58.0;83.0;6.69;701.3;0.0;1.0;3.4;0.719;30.74;14.3;322.0
2029;2024-03-25 13:00:00;2.18;;;;63.0;72.0;8.23;701.1;0.0;4.0;4.1;0.921;31.66;11.0;108.0
2030;2024-03-25 14:00:00;2.25;;;;79.0;65.0;10.09;700.8;0.0;11.0;4.3;0.837;31.26;11.9;107.0
2031;2024-03-25 15:00:00;2.35;;;;74.0;58.0;12.0;700.4;0.0;22.0;5.1;0.759;30.33;16.1;98.0
2032;2024-03-25 16:00:00;2.35;;;;61.0;65.0;13.0;700.4;0.0;28.0;4.3;0.638;29.4;15.5;95.0
2033;2024-03-25 17:00:00;2.37;;;;52.0;54.0;14.0;700.7;0.0;31.0;3.9;0.377;28.45;16.6;98.0
2034;2024-03-25 18:00:00;2.34;;;;51.0;67.0;15.0;701.1;0.0;32.0;3.6;0.11;27.54;16.9;116.0
2035;2024-03-25 19:00:00;2.35;;;;48.0;68.0;15.0;701.9;0.0;33.0;3.6;0.02;26.31;13.8;113.0
2036;2024-03-25 20:00:00;2.3;;;;50.0;65.0;16.0;702.9;0.0;27.0;3.5;0.001;25.47;12.5;87.0
2037;2024-03-25 21:00:00;2.24;;;;52.0;72.0;17.0;704.2;0.0;24.0;3.8;0.001;24.7;9.7;94.0
2038;2024-03-25 22:00:00;2.27;;;;43.0;75.0;17.0;705.8;0.0;22.0;4.1;0.001;24.21;8.1;59.0
2039;2024-03-25 23:00:00;2.31;19.0;22.3;25.1;35.0;73.0;18.0;706.6;0.0;22.0;3.9;0.001;23.48;6.0;44.0
2040;2024-03-26 00:00:00;2.31;19.6;16.9;19.6;38.0;75.0;15.0;707.5;0.0;16.0;4.0;0.001;22.04;8.5;45.0
2041;2024-03-26 01:00:00;2.19;19.4;27.4;30.3;24.0;79.0;11.0;708.2;0.0;17.0;7.2;0.001;20.78;4.3;163.0
2042;2024-03-26 02:00:00;2.2;;;;34.0;64.0;10.0;708.5;0.0;18.0;4.6;0.002;19.89;3.0;106.0
2043;2024-03-26 03:00:00;2.32;;;;43.0;57.0;9.0;708.6;0.0;17.0;3.9;0.002;19.97;4.7;65.0
2044;2024-03-26 04:00:00;2.21;;;;33.0;55.0;9.0;708.5;0.0;20.0;4.5;0.002;18.46;4.0;194.0
2045;2024-03-26 05:00:00;2.11;;;;34.0;58.0;8.0;708.7;0.0;22.0;4.7;0.001;17.69;3.0;163.0
2046;2024-03-26 06:00:00;2.18;20.6;20.0;23.3;25.0;44.0;9.0;709.2;0.0;25.0;3.8;0.002;17.02;2.7;151.0
2047;2024-03-26 07:00:00;2.39;23.3;31.7;40.2;15.0;56.0;11.0;709.7;0.0;23.0;4.4;0.011;17.23;3.9;193.0
2048;2024-03-26 08:00:00;2.63;37.1;32.5;56.3;17.0;69.0;13.0;710.4;0.0;20.0;5.4;0.122;19.71;3.1;176.0
2049;2024-03-26 09:00:00;2.33;20.0;15.4;23.1;42.0;73.0;9.0;710.8;0.0;14.0;4.4;0.335;21.46;7.1;34.0
2050;2024-03-26 10:00:00;2.19;11.2;11.4;17.8;47.0;53.0;7.0;710.9;0.0;14.0;3.6;0.538;21.33;9.5;30.0
2051;2024-03-26 11:00:00;2.15;10.5;11.3;17.7;49.0;59.0;6.0;710.5;0.0;13.0;5.1;0.177;22.24;8.0;57.0
2052;2024-03-26 12:00:00;2.15;7.0;8.4;13.1;58.0;46.0;6.0;710.0;0.0;14.0;4.0;0.844;22.75;9.4;75.0
2053;2024-03-26 13:00:00;2.16;5.9;7.8;12.1;66.0;43.0;7.0;709.5;0.0;14.0;5.2;0.899;23.56;11.1;64.0
2054;2024-03-26 14:00:00;2.16;4.7;7.1;10.8;69.0;57.0;7.0;708.9;0.0;15.0;6.3;0.901;24.5;10.1;127.0
2055;2024-03-26 15:00:00;2.15;4.6;6.7;10.3;66.0;50.0;6.0;707.8;0.0;15.0;4.6;0.813;24.83;12.7;121.0
2056;2024-03-26 16:00:00;2.17;4.4;5.9;9.6;60.0;44.0;5.0;707.1;0.0;15.0;3.7;0.672;25.26;13.3;101.0
2057;2024-03-26 17:00:00;2.17;4.2;6.9;10.7;57.0;46.0;5.0;706.9;0.0;15.0;3.6;0.432;25.41;12.9;100.0
2058;2024-03-26 18:00:00;2.19;3.5;7.5;10.8;57.0;37.0;5.12;706.9;0.0;16.0;3.5;0.111;24.99;13.7;90.0
2059;2024-03-26 19:00:00;2.23;3.2;9.5;12.5;53.0;38.0;6.0;706.9;0.0;17.0;3.5;0.018;23.94;13.1;93.0
2060;2024-03-26 20:00:00;2.26;2.7;13.6;16.2;45.0;39.0;6.0;707.2;0.0;19.0;3.3;0.001;22.8;9.8;114.0
2061;2024-03-26 21:00:00;2.17;2.5;8.0;10.6;53.0;38.0;6.23;707.7;0.0;18.0;3.3;0.001;22.35;12.2;128.0
2062;2024-03-26 22:00:00;2.18;2.8;7.7;10.3;53.0;38.0;7.0;708.1;0.0;26.0;3.3;0.001;21.34;11.9;91.0
2063;2024-03-26 23:00:00;2.25;3.1;7.2;9.8;53.0;60.0;17.0;708.8;0.0;42.0;3.3;0.001;19.19;12.2;83.0
2064;2024-03-27 00:00:00;2.24;2.6;7.0;9.5;;82.0;19.0;709.2;0.0;49.0;3.4;0.001;17.65;11.2;50.0
2065;2024-03-27 01:00:00;2.23;2.4;5.6;8.2;54.0;82.0;19.0;709.5;0.0;53.0;3.3;0.001;16.71;10.1;49.0
2066;2024-03-27 02:00:00;2.24;2.4;4.8;7.3;54.0;74.0;;709.5;0.0;60.0;3.3;0.001;15.98;11.1;42.0
2067;2024-03-27 03:00:00;2.26;2.0;5.4;7.9;52.0;66.0;18.0;709.5;0.0;66.0;3.3;0.001;15.38;8.8;38.0
2068;2024-03-27 04:00:00;2.26;1.4;5.4;7.9;52.0;74.0;19.0;709.9;0.0;73.0;3.4;0.001;14.86;6.7;29.0
2069;2024-03-27 05:00:00;2.29;1.4;15.0;17.5;38.0;65.0;22.0;710.3;0.0;73.0;3.6;0.001;14.76;4.6;1.0
2070;2024-03-27 06:00:00;2.31;1.7;13.4;16.5;39.0;75.0;25.0;711.1;0.0;74.0;3.8;0.001;14.5;4.1;328.0
2071;2024-03-27 07:00:00;2.41;1.8;13.4;16.6;37.0;75.0;21.0;711.6;0.0;74.0;3.8;0.01;14.46;3.0;351.0
2072;2024-03-27 08:00:00;2.53;4.2;15.6;20.1;37.0;77.0;23.0;712.1;0.0;69.0;3.7;0.119;15.94;3.5;309.0
2073;2024-03-27 09:00:00;2.49;6.1;14.7;20.7;41.0;83.0;28.0;712.9;0.0;61.0;4.4;0.291;17.28;6.1;334.0
2074;2024-03-27 10:00:00;2.4;5.7;12.6;17.9;49.0;86.0;25.0;713.4;0.0;52.0;4.9;0.42;18.73;5.7;301.0
2075;2024-03-27 11:00:00;2.42;5.1;10.5;15.0;60.0;77.0;26.0;713.4;0.0;46.0;5.1;0.302;19.78;7.3;16.0
2076;2024-03-27 12:00:00;2.46;6.6;16.9;22.7;57.0;92.0;30.0;713.4;0.0;45.0;6.1;0.571;20.46;7.7;101.0
2077;2024-03-27 13:00:00;2.35;5.1;11.5;15.8;70.0;97.0;25.0;713.2;0.0;39.0;5.6;0.846;21.8;7.9;95.0
2078;2024-03-27 14:00:00;2.32;4.8;10.0;13.8;78.0;87.0;23.0;712.7;0.0;34.0;4.9;0.869;22.99;8.4;47.0
2079;2024-03-27 15:00:00;2.3;4.2;9.2;12.7;79.0;88.0;19.0;712.3;0.0;30.0;4.8;0.786;24.06;8.3;75.0
2080;2024-03-27 16:00:00;2.31;3.1;9.9;13.3;83.0;80.0;18.0;712.0;0.0;28.0;4.5;0.65;24.89;8.9;90.0
2081;2024-03-27 17:00:00;2.34;3.1;10.4;13.8;81.0;80.0;17.25;712.0;0.0;30.0;4.5;0.414;24.83;11.9;82.0
2082;2024-03-27 18:00:00;2.38;3.0;11.3;14.6;66.0;80.0;19.27;712.5;0.0;40.0;7.6;0.109;23.27;16.5;76.0
2083;2024-03-27 19:00:00;2.39;2.6;11.4;14.2;63.0;82.0;19.02;712.9;0.0;42.0;7.7;0.021;22.19;14.2;84.0
2084;2024-03-27 20:00:00;2.33;2.5;8.3;10.9;61.0;72.0;17.03;713.6;0.0;45.0;5.0;0.001;21.27;13.3;102.0
2085;2024-03-27 21:00:00;2.32;2.4;9.3;11.9;55.0;61.0;15.68;714.1;0.0;46.0;4.2;0.001;20.81;10.3;99.0
2086;2024-03-27 22:00:00;2.31;2.4;9.0;11.6;52.0;56.0;15.42;714.7;0.0;47.0;3.8;0.001;20.29;9.7;110.0
2087;2024-03-27 23:00:00;2.26;2.4;7.6;10.2;52.0;49.0;12.69;715.1;0.0;44.0;3.6;0.001;19.91;9.0;107.0
2088;2024-03-28 00:00:00;2.25;2.4;6.3;8.8;52.0;47.0;12.37;715.2;0.0;46.0;3.5;0.001;19.42;8.3;115.0
2089;2024-03-28 01:00:00;2.26;2.4;7.4;10.0;50.0;39.0;12.73;715.0;0.0;50.0;3.5;0.001;18.56;7.9;63.0
2090;2024-03-28 02:00:00;2.27;2.4;7.1;9.7;47.0;47.0;12.07;715.0;0.0;58.0;3.5;0.001;17.29;8.7;64.0
2091;2024-03-28 03:00:00;2.29;2.3;6.0;8.5;46.0;43.0;12.01;715.1;0.0;68.0;3.4;0.001;16.4;8.3;48.0
2092;2024-03-28 04:00:00;2.28;2.2;4.5;7.0;46.0;46.0;11.66;715.3;0.0;75.0;3.4;0.001;15.52;7.5;43.0
2093;2024-03-28 05:00:00;2.29;2.2;9.9;12.4;39.0;43.0;13.34;715.5;0.0;77.0;3.3;0.001;15.26;4.0;23.0
2094;2024-03-28 06:00:00;2.29;2.2;8.2;10.7;41.0;46.0;13.11;715.8;0.0;77.0;3.4;0.001;15.48;4.2;52.0
2095;2024-03-28 07:00:00;2.35;2.4;15.5;18.2;32.0;43.0;16.16;716.2;0.0;76.0;3.3;0.007;15.67;4.9;65.0
2096;2024-03-28 08:00:00;2.37;4.7;18.3;23.3;30.0;55.0;27.34;716.6;0.0;72.0;3.5;0.079;16.18;4.0;11.0
2097;2024-03-28 09:00:00;2.42;7.5;16.4;24.2;36.0;66.0;31.11;716.7;0.0;64.0;3.6;0.325;18.24;4.9;7.0
2098;2024-03-28 10:00:00;2.6;17.2;26.9;44.3;34.0;72.0;38.58;716.7;0.0;58.0;4.4;0.5;19.64;6.8;41.0
2099;2024-03-28 11:00:00;2.55;9.1;20.4;29.7;49.0;97.0;31.26;716.4;0.0;53.0;5.2;0.199;20.89;9.2;46.0
2100;2024-03-28 12:00:00;2.34;3.7;8.0;11.9;62.0;79.0;16.54;715.8;0.0;42.0;4.2;0.843;23.05;10.8;87.0
2101;2024-03-28 13:00:00;2.26;2.8;4.5;7.4;62.0;54.0;12.49;715.1;0.0;37.0;3.7;0.907;24.05;13.4;121.0
2102;2024-03-28 14:00:00;2.27;2.9;4.0;7.0;60.0;53.0;11.73;714.4;0.0;37.0;3.6;0.929;24.65;16.1;115.0
2103;2024-03-28 15:00:00;2.26;2.8;3.7;6.7;59.0;54.0;11.1;713.7;0.0;37.0;3.5;0.809;24.82;18.5;109.0
2104;2024-03-28 16:00:00;2.28;2.8;4.0;7.0;58.0;54.0;11.62;713.1;0.0;38.0;3.5;0.629;24.85;19.2;118.0
2105;2024-03-28 17:00:00;2.26;2.6;3.7;6.5;57.0;61.0;10.64;712.8;0.0;38.0;3.5;0.264;24.53;16.6;130.0
2106;2024-03-28 18:00:00;2.27;2.7;4.6;7.4;56.0;50.0;10.48;712.8;0.0;36.0;3.4;0.108;25.04;14.1;129.0
2107;2024-03-28 19:00:00;2.3;2.5;6.4;9.0;52.0;47.0;11.43;712.8;0.0;39.0;3.4;0.021;24.4;13.7;125.0
2108;2024-03-28 20:00:00;2.32;2.5;7.4;10.1;49.0;45.0;11.27;712.8;0.0;42.0;3.4;0.001;23.69;13.0;119.0
2109;2024-03-28 21:00:00;2.26;2.5;7.5;10.1;50.0;49.0;10.46;712.9;0.0;37.0;3.3;0.001;22.41;15.8;74.0
2110;2024-03-28 22:00:00;2.22;2.5;8.8;11.4;49.0;63.0;8.22;713.2;0.0;35.0;3.3;0.001;20.84;12.6;76.0
2111;2024-03-28 23:00:00;2.19;2.5;5.5;8.1;52.0;46.0;7.04;713.2;0.0;35.0;3.3;0.001;20.31;10.9;88.0
2112;2024-03-29 00:00:00;2.18;2.5;5.7;8.3;51.0;40.0;6.85;713.0;0.0;37.0;3.3;0.001;19.37;9.0;89.0
2113;2024-03-29 01:00:00;2.19;2.5;7.8;10.4;48.0;36.0;7.36;712.7;0.0;38.0;3.2;0.001;18.33;7.5;47.0
2114;2024-03-29 02:00:00;2.19;2.8;17.7;20.5;36.0;38.0;9.17;712.5;0.0;41.0;4.2;0.001;17.54;6.2;4.0
2115;2024-03-29 03:00:00;2.21;2.6;20.0;22.6;32.0;41.0;10.48;712.2;0.0;44.0;4.7;0.001;16.66;6.7;353.0
2116;2024-03-29 04:00:00;2.23;2.4;17.0;19.5;35.0;51.0;10.47;711.9;0.0;44.0;4.6;0.001;15.82;6.2;359.0
2117;2024-03-29 05:00:00;2.2;2.3;17.6;20.1;34.0;47.0;9.74;711.6;0.0;44.0;4.8;0.001;15.29;5.1;346.0
2118;2024-03-29 06:00:00;2.23;2.4;18.3;20.8;32.0;45.0;9.39;711.5;0.0;46.0;4.6;0.001;15.0;4.2;350.0
2119;2024-03-29 07:00:00;2.33;3.4;19.6;23.2;30.0;38.0;10.07;711.4;0.0;48.0;4.8;0.013;14.89;4.7;356.0
2120;2024-03-29 08:00:00;2.34;5.2;17.3;22.7;33.0;47.0;10.38;711.5;0.0;42.0;4.9;0.129;16.5;4.0;352.0
2121;2024-03-29 09:00:00;2.35;7.1;15.5;22.8;38.0;44.0;10.79;711.5;0.0;38.0;5.1;0.338;18.24;4.9;22.0
2122;2024-03-29 10:00:00;2.48;7.7;16.5;24.5;44.0;48.0;13.47;711.6;0.0;37.0;5.1;0.536;19.46;6.2;1.0
2123;2024-03-29 11:00:00;2.96;8.2;22.1;30.6;53.0;52.0;35.49;711.4;0.0;37.0;6.4;0.202;21.09;6.0;3.0
2124;2024-03-29 12:00:00;2.72;11.6;29.3;41.1;51.0;80.0;28.1;711.0;0.0;38.0;9.2;0.779;22.35;7.8;55.0
2125;2024-03-29 13:00:00;2.52;4.7;17.6;22.5;76.0;87.0;19.77;710.4;0.0;37.0;7.3;0.772;23.51;9.0;60.0
2126;2024-03-29 14:00:00;2.45;3.5;13.5;17.1;81.0;67.0;15.79;709.8;0.0;38.0;6.1;0.581;24.22;10.8;39.0
2127;2024-03-29 15:00:00;2.39;3.9;12.3;16.4;69.0;71.0;13.01;709.2;0.0;37.0;4.9;0.678;25.12;10.9;38.0
2128;2024-03-29 16:00:00;2.35;3.4;9.2;12.8;69.0;50.0;12.65;708.6;0.0;33.0;4.5;0.648;27.37;10.8;49.0
2129;2024-03-29 17:00:00;2.32;2.6;5.8;8.7;69.0;51.0;11.07;708.3;0.0;31.0;4.0;0.422;28.36;11.6;105.0
2130;2024-03-29 18:00:00;2.32;2.5;5.6;8.3;65.0;50.0;12.01;708.3;0.0;32.0;3.8;0.106;28.18;13.2;121.0
2131;2024-03-29 19:00:00;2.33;2.4;5.8;8.3;59.0;46.0;12.47;708.4;0.0;34.0;3.8;0.019;27.16;11.2;126.0
2132;2024-03-29 20:00:00;2.39;2.5;10.7;13.3;49.0;46.0;14.14;708.7;0.0;36.0;3.7;0.001;26.39;9.2;92.0
2133;2024-03-29 21:00:00;2.39;2.4;10.6;13.2;45.0;46.0;14.89;709.0;0.0;41.0;3.6;0.001;24.97;10.8;61.0
2134;2024-03-29 22:00:00;2.38;2.4;10.0;12.6;42.0;65.0;11.85;709.5;0.0;51.0;3.7;0.001;22.75;10.6;44.0
2135;2024-03-29 23:00:00;2.37;2.4;10.1;12.7;39.0;57.0;11.46;710.0;0.0;57.0;3.6;0.001;21.12;10.5;42.0
2136;2024-03-30 00:00:00;2.38;2.4;9.2;11.8;39.0;53.0;10.82;710.3;0.0;61.0;3.6;0.001;19.79;8.9;43.0
2137;2024-03-30 01:00:00;2.37;2.5;14.8;17.5;32.0;50.0;11.41;710.4;0.0;66.0;4.1;0.001;18.84;7.9;45.0
2138;2024-03-30 02:00:00;2.34;2.8;14.0;17.0;32.0;46.0;11.4;710.0;0.0;69.0;4.2;0.001;18.08;6.0;54.0
2139;2024-03-30 03:00:00;2.35;2.6;21.1;23.9;22.0;46.0;13.16;709.7;0.0;72.0;4.6;0.001;17.67;4.2;353.0
2140;2024-03-30 04:00:00;2.36;2.4;11.8;14.4;28.0;54.0;12.42;709.5;0.0;74.0;4.4;0.001;17.04;1.9;263.0
2141;2024-03-30 05:00:00;2.41;2.4;11.6;14.2;25.0;47.0;12.23;709.4;0.0;76.0;4.1;0.001;16.69;1.8;323.0
2142;2024-03-30 06:00:00;2.43;2.4;12.5;15.0;22.0;42.0;12.57;709.5;0.0;76.0;3.9;0.001;16.6;1.9;274.0
2143;2024-03-30 07:00:00;2.47;2.8;13.7;16.7;18.0;43.0;12.82;709.7;0.0;77.0;3.8;0.012;16.48;1.9;315.0
2144;2024-03-30 08:00:00;2.5;6.4;15.8;22.3;23.0;45.0;15.49;710.0;0.0;72.0;3.8;0.129;18.33;3.4;328.0
2145;2024-03-30 09:00:00;2.59;10.9;17.7;28.9;27.0;55.0;27.3;710.1;0.0;63.0;4.7;0.338;20.25;4.9;350.0
2146;2024-03-30 10:00:00;2.91;9.6;19.2;29.0;38.0;75.0;38.97;710.1;0.0;54.0;5.9;0.532;22.47;5.2;20.0
2147;2024-03-30 11:00:00;3.2;8.7;22.6;31.5;51.0;79.0;36.46;710.2;0.0;48.0;7.0;0.194;24.27;5.9;34.0
2148;2024-03-30 12:00:00;2.86;6.5;21.9;28.5;69.0;82.0;30.35;709.9;0.0;43.0;6.9;0.826;25.7;8.4;30.0
2149;2024-03-30 13:00:00;2.55;4.7;18.9;23.8;83.0;86.0;26.71;709.3;0.0;39.0;7.7;0.884;27.04;9.8;81.0
2150;2024-03-30 14:00:00;2.53;3.2;14.0;17.4;105.0;76.0;22.09;708.7;0.0;33.0;6.3;0.874;29.01;9.9;65.0
2151;2024-03-30 15:00:00;2.53;2.8;12.1;15.0;116.0;72.0;22.52;707.9;0.0;32.0;5.5;0.784;30.23;13.1;61.0
2152;2024-03-30 16:00:00;2.49;2.8;10.5;13.5;101.0;81.0;18.97;707.4;0.0;33.0;5.0;0.639;30.88;15.6;51.0
2153;2024-03-30 17:00:00;2.5;2.7;10.8;13.7;105.0;73.0;20.75;707.4;0.0;33.0;5.4;0.412;30.98;15.2;55.0
2154;2024-03-30 18:00:00;2.45;2.4;8.9;11.5;100.0;75.0;20.3;707.7;0.0;32.0;7.9;0.11;30.78;11.7;100.0
2155;2024-03-30 19:00:00;2.43;2.4;10.7;13.3;75.0;69.0;20.65;708.1;0.0;32.0;9.9;0.017;29.63;11.5;80.0
2156;2024-03-30 20:00:00;2.4;3.0;9.0;11.5;44.0;67.0;15.91;708.5;0.0;37.0;5.4;0.001;27.95;13.0;76.0
2157;2024-03-30 21:00:00;2.4;4.7;9.0;11.6;43.0;54.0;15.85;709.0;0.0;39.0;5.6;0.001;27.33;9.2;96.0
2158;2024-03-30 22:00:00;2.43;4.4;9.4;12.0;39.0;51.0;20.24;709.1;0.0;47.0;5.4;0.001;26.04;9.1;71.0
2159;2024-03-30 23:00:00;2.47;3.1;10.3;13.0;35.0;58.0;22.95;709.2;0.0;59.0;4.1;0.001;24.22;9.0;47.0
2160;2024-03-31 00:00:00;2.45;1.8;8.3;10.9;36.0;62.0;21.59;709.4;0.0;71.0;3.7;0.001;22.05;11.1;33.0
2161;2024-03-31 01:00:00;2.45;1.3;9.1;11.6;34.0;53.0;22.04;709.5;0.0;75.0;3.6;0.001;21.08;8.7;56.0
2162;2024-03-31 02:00:00;2.45;1.2;8.7;11.2;33.0;58.0;21.26;709.2;0.0;77.0;3.6;0.001;20.55;5.0;21.0
2163;2024-03-31 03:00:00;2.44;1.2;14.6;17.1;24.0;61.0;23.96;709.0;0.0;78.0;3.5;0.001;20.23;2.2;330.0
2164;2024-03-31 04:00:00;2.48;1.2;14.7;17.2;22.0;52.0;26.58;708.7;0.0;79.0;3.4;0.001;20.23;2.3;39.0
2165;2024-03-31 05:00:00;2.48;1.2;14.5;17.1;21.0;59.0;30.39;708.7;0.0;78.0;3.5;0.001;20.43;2.4;2.0
2166;2024-03-31 06:00:00;2.48;1.3;12.8;15.4;20.0;71.0;29.07;709.0;0.0;76.0;3.6;0.001;20.17;4.2;268.0
2167;2024-03-31 07:00:00;2.5;2.7;16.6;20.5;15.0;63.0;33.35;709.3;0.0;74.0;3.7;0.013;19.39;4.6;230.0
2168;2024-03-31 08:00:00;2.54;6.9;17.6;24.7;21.0;68.0;38.09;709.3;0.0;65.0;4.0;0.135;21.27;4.2;222.0
2169;2024-03-31 09:00:00;2.52;7.8;14.5;21.1;35.0;75.0;35.77;709.3;0.0;52.0;5.8;0.353;24.11;4.2;175.0
2170;2024-03-31 10:00:00;2.67;12.0;21.5;32.0;38.0;72.0;40.95;709.2;0.0;48.0;6.3;0.507;26.1;5.5;61.0
2171;2024-03-31 11:00:00;2.76;9.0;20.9;28.6;53.0;83.0;;709.2;0.0;50.0;5.5;0.261;26.88;6.9;82.0
2172;2024-03-31 12:00:00;2.66;5.9;19.8;25.0;77.0;82.0;;708.8;0.0;39.0;5.7;0.781;28.85;8.4;63.0
2173;2024-03-31 13:00:00;2.59;4.9;14.0;17.5;99.0;79.0;34.76;708.1;0.0;35.0;5.6;0.805;30.46;9.8;65.0
2174;2024-03-31 14:00:00;2.54;4.4;9.7;12.8;90.0;77.0;30.36;707.4;0.0;36.0;4.3;0.749;31.9;10.6;56.0
2175;2024-03-31 15:00:00;2.48;4.1;8.5;11.7;85.0;74.0;27.29;706.6;0.0;31.0;4.3;0.736;33.37;12.3;66.0
2176;2024-03-31 16:00:00;2.39;3.9;6.0;8.9;78.0;62.0;20.44;706.0;0.0;25.0;4.2;0.577;34.77;13.2;104.0
2177;2024-03-31 17:00:00;2.34;4.3;5.3;8.1;68.0;54.0;16.9;705.8;0.0;25.0;3.9;0.35;34.2;15.0;114.0
2178;2024-03-31 18:00:00;2.29;3.9;5.3;8.2;57.0;55.0;13.73;705.9;0.0;22.0;3.6;0.142;33.68;11.8;99.0
2179;2024-03-31 19:00:00;2.3;3.7;7.4;10.1;44.0;43.0;13.37;706.0;0.0;23.0;3.4;0.029;32.61;10.7;93.0
2180;2024-03-31 20:00:00;2.36;3.8;10.0;12.8;39.0;46.0;16.45;706.3;0.0;25.0;3.4;0.001;31.58;9.9;91.0
2181;2024-03-31 21:00:00;2.33;3.7;7.6;10.2;38.0;46.0;17.16;706.8;0.0;28.0;3.5;0.001;30.75;10.0;101.0
2182;2024-03-31 22:00:00;2.3;3.6;6.7;9.4;38.0;45.0;16.33;707.4;0.0;28.0;3.5;0.001;30.19;7.7;97.0
2183;2024-03-31 23:00:00;2.49;4.2;18.0;20.9;24.0;45.0;23.83;707.4;0.0;37.0;3.5;0.001;28.1;6.4;12.0
2184;2024-04-01 00:00:00;;;;;;;;;;;;;;;
2185;2024-04-01 01:00:00;2.59;3.9;18.5;21.2;22.0;79.0;34.05;707.5;0.0;57.0;4.1;0.001;25.61;5.8;327.0
2186;2024-04-01 02:00:00;2.6;3.3;17.7;20.3;19.0;78.0;35.93;707.4;0.0;62.0;3.8;0.001;24.31;2.4;305.0
2187;2024-04-01 03:00:00;2.62;2.2;19.3;22.0;15.0;77.0;39.22;707.1;0.0;66.0;3.6;0.002;23.61;2.1;225.0
2188;2024-04-01 04:00:00;2.65;3.8;21.6;25.3;11.0;72.0;36.87;706.8;0.0;64.0;3.6;0.001;23.19;2.3;231.0
2189;2024-04-01 05:00:00;2.52;5.4;18.6;21.5;13.0;70.0;25.25;706.6;0.0;56.0;3.8;0.001;22.96;2.6;225.0
2190;2024-04-01 06:00:00;2.8;6.8;23.2;32.3;9.0;59.0;37.31;706.7;0.0;69.0;3.7;0.001;22.27;2.1;246.0
2191;2024-04-01 07:00:00;3.0;20.9;23.9;48.5;9.0;84.0;44.0;706.8;0.0;73.0;3.7;0.013;21.84;2.2;227.0
2192;2024-04-01 08:00:00;3.21;43.0;27.3;74.4;11.0;97.0;47.39;706.8;0.0;71.0;3.7;0.08;22.86;2.5;300.0
2193;2024-04-01 09:00:00;3.06;39.9;31.4;68.0;15.0;115.0;33.35;706.7;0.0;45.0;4.3;0.248;26.18;3.4;171.0
2194;2024-04-01 10:00:00;3.06;35.0;41.0;70.2;23.0;84.0;27.92;706.5;0.0;31.0;4.6;0.348;28.16;4.6;25.0
2195;2024-04-01 11:00:00;3.23;30.1;55.3;79.7;33.0;93.0;28.44;706.5;0.0;27.0;4.6;0.337;30.4;4.6;36.0
2196;2024-04-01 12:00:00;3.26;20.4;60.0;74.7;48.0;97.0;28.57;706.2;0.0;24.0;4.5;0.384;31.96;4.1;98.0
2197;2024-04-01 13:00:00;3.28;13.1;51.4;58.0;71.0;86.0;38.04;705.6;0.0;29.0;4.1;0.247;31.08;7.4;84.0
2198;2024-04-01 14:00:00;2.93;11.9;30.5;35.7;77.0;109.0;36.14;704.9;0.0;29.0;4.0;0.351;31.84;6.3;49.0
2199;2024-04-01 15:00:00;2.74;12.6;26.9;32.8;72.0;92.0;27.43;704.1;0.0;26.0;4.1;0.501;32.79;9.6;32.0
2200;2024-04-01 16:00:00;2.64;12.5;24.9;30.1;69.0;82.0;24.46;703.6;0.0;23.0;4.5;0.328;32.97;8.4;48.0
2201;2024-04-01 17:00:00;2.67;12.3;26.1;31.2;69.0;75.0;26.24;703.3;0.0;22.0;4.9;0.297;33.28;5.9;63.0
2202;2024-04-01 18:00:00;2.69;11.2;23.0;26.8;69.0;70.0;27.04;703.0;0.0;24.0;4.5;0.131;34.54;5.9;40.0
2203;2024-04-01 19:00:00;2.98;10.0;39.1;42.6;51.0;73.0;42.37;703.0;0.0;31.0;5.9;0.019;31.87;7.3;54.0
2204;2024-04-01 20:00:00;2.89;10.1;37.5;41.4;28.0;107.0;37.94;703.3;0.0;35.0;5.8;0.001;30.77;5.3;24.0
2205;2024-04-01 21:00:00;2.93;9.4;44.1;47.9;17.0;96.0;37.63;704.0;0.0;37.0;6.0;0.002;29.22;4.5;192.0
2206;2024-04-01 22:00:00;2.97;13.1;40.1;47.3;16.0;78.0;39.75;704.8;0.0;40.0;5.2;0.002;28.25;3.7;207.0
2207;2024-04-01 23:00:00;2.94;11.0;48.2;52.9;12.0;85.0;41.48;705.1;0.0;38.0;5.6;0.002;28.07;5.2;219.0
2208;2024-04-02 00:00:00;2.74;13.6;38.8;45.7;16.0;100.0;38.13;705.2;0.0;31.0;5.9;0.002;29.34;9.5;231.0
2209;2024-04-02 01:00:00;2.14;;;;30.0;113.0;11.17;705.4;0.0;14.0;4.5;0.001;33.2;13.1;273.0
2210;2024-04-02 02:00:00;2.14;;;;28.0;79.0;10.46;705.7;0.0;17.0;4.4;0.001;31.93;14.3;293.0
2211;2024-04-02 03:00:00;2.35;11.3;11.4;14.4;32.0;63.0;;706.7;0.0;30.0;5.4;0.001;24.8;12.0;89.0
2212;2024-04-02 04:00:00;2.27;11.4;11.6;14.6;33.0;408.0;60.61;707.3;0.0;28.0;4.9;0.001;23.1;9.6;95.0
2213;2024-04-02 05:00:00;2.29;;;;38.0;324.0;47.4;708.0;0.0;28.0;5.2;0.001;22.07;9.1;56.0
2214;2024-04-02 06:00:00;2.21;11.0;11.3;14.5;37.0;248.0;29.65;709.0;0.0;26.0;5.4;0.001;21.41;9.1;62.0
2215;2024-04-02 07:00:00;2.2;11.3;19.4;23.1;31.0;166.0;21.35;710.0;0.0;25.0;5.9;0.015;20.86;7.3;79.0
2216;2024-04-02 08:00:00;2.2;12.6;15.8;21.2;38.0;119.0;15.46;710.7;0.0;21.0;4.6;0.134;21.52;7.9;81.0
2217;2024-04-02 09:00:00;2.16;13.2;11.6;17.6;46.0;97.0;12.86;711.2;0.0;19.0;4.0;0.343;22.08;9.4;27.0
2218;2024-04-02 10:00:00;2.12;12.4;8.6;13.9;53.0;92.0;10.97;711.1;0.0;16.0;3.5;0.525;22.86;11.5;31.0
2219;2024-04-02 11:00:00;2.1;;;;57.0;87.0;8.59;710.8;0.0;15.0;3.3;0.207;23.54;12.2;25.0
2220;2024-04-02 12:00:00;2.11;9.5;5.8;10.0;59.0;73.0;8.55;710.1;0.0;15.0;3.5;0.83;24.32;10.8;16.0
2221;2024-04-02 13:00:00;2.12;8.1;5.3;9.0;63.0;68.0;10.01;709.2;0.0;15.0;3.6;0.885;24.99;9.2;360.0
2222;2024-04-02 14:00:00;2.17;7.8;8.2;12.5;65.0;70.0;10.55;708.5;0.0;15.0;4.2;0.871;25.84;9.5;31.0
2223;2024-04-02 15:00:00;2.17;6.9;6.9;10.8;68.0;74.0;9.62;708.1;0.0;15.0;4.2;0.789;26.47;9.8;26.0
2224;2024-04-02 16:00:00;2.19;6.7;9.2;13.5;66.0;68.0;10.3;707.7;0.0;15.0;4.7;0.668;27.02;10.4;23.0
2225;2024-04-02 17:00:00;2.2;6.1;10.5;14.6;64.0;71.0;10.28;707.8;0.0;15.0;4.9;0.402;27.19;10.3;36.0
2226;2024-04-02 18:00:00;2.17;4.1;10.2;14.3;58.0;73.0;9.07;708.2;0.0;;4.0;0.126;26.84;12.3;18.0
2227;2024-04-02 19:00:00;2.19;3.6;13.1;16.8;49.0;68.0;7.14;709.0;0.0;16.0;3.3;0.037;25.53;14.2;13.0
2228;2024-04-02 20:00:00;2.18;2.9;16.1;19.1;46.0;65.0;7.51;710.4;0.0;17.0;4.2;0.001;24.27;12.5;35.0
2229;2024-04-02 21:00:00;2.17;3.2;18.4;21.6;41.0;61.0;8.33;711.4;0.0;18.0;7.0;0.001;23.54;9.7;53.0
2230;2024-04-02 22:00:00;2.17;2.7;13.7;16.5;48.0;60.0;7.5;712.3;0.0;19.0;4.0;0.001;22.55;12.8;50.0
2231;2024-04-02 23:00:00;2.15;2.7;15.4;18.1;46.0;65.0;6.68;713.1;0.0;21.0;4.3;0.001;21.15;7.9;36.0
2232;2024-04-03 00:00:00;2.18;2.7;10.0;12.7;49.0;59.0;6.04;713.3;0.0;22.0;4.7;0.001;20.36;4.5;39.0
2233;2024-04-03 01:00:00;2.16;2.6;7.2;9.8;51.0;50.0;5.55;713.5;0.0;23.0;4.0;0.001;19.96;6.5;12.0
2234;2024-04-03 02:00:00;2.13;2.5;10.6;13.2;47.0;41.0;5.54;713.4;0.0;23.0;4.5;0.001;19.43;5.1;79.0
2235;2024-04-03 03:00:00;2.23;2.5;9.3;11.9;47.0;39.0;5.02;713.3;0.0;23.0;4.9;0.001;19.19;6.1;87.0
2236;2024-04-03 04:00:00;2.46;2.5;7.2;9.8;48.0;31.0;4.6;713.5;0.0;23.0;5.2;0.001;18.72;4.2;49.0
2237;2024-04-03 05:00:00;2.41;2.5;6.5;9.1;47.0;29.0;5.49;713.7;0.0;24.0;5.3;0.001;18.27;4.5;350.0
2238;2024-04-03 06:00:00;2.19;2.7;9.6;12.4;43.0;38.0;7.5;713.9;0.0;24.0;4.5;0.001;18.11;5.8;41.0
2239;2024-04-03 07:00:00;2.29;5.4;25.5;31.0;25.0;47.0;9.84;714.3;0.0;25.0;5.3;0.019;17.53;4.0;145.0
2240;2024-04-03 08:00:00;2.26;7.9;22.2;30.2;30.0;62.0;9.11;714.5;0.0;23.0;5.3;0.146;19.18;5.7;134.0
2241;2024-04-03 09:00:00;2.17;5.2;10.9;16.2;45.0;54.0;8.24;714.7;0.0;20.0;4.2;0.361;20.59;5.7;75.0
2242;2024-04-03 10:00:00;2.25;12.2;20.6;32.9;38.0;48.0;11.1;714.7;0.0;20.0;7.5;0.526;20.97;8.5;51.0
2243;2024-04-03 11:00:00;2.24;8.7;17.5;26.3;47.0;69.0;11.64;714.4;0.0;19.0;6.1;0.214;21.7;8.4;60.0
2244;2024-04-03 12:00:00;2.32;7.5;18.2;25.8;54.0;72.0;12.6;713.8;0.0;19.0;5.5;0.82;22.47;8.1;33.0
2245;2024-04-03 13:00:00;2.33;6.3;17.3;23.7;63.0;74.0;13.78;713.0;0.0;18.0;6.0;0.881;23.22;8.5;30.0
2246;2024-04-03 14:00:00;2.3;5.5;16.9;22.5;68.0;86.0;14.01;712.2;0.0;17.0;5.9;0.873;24.33;9.1;50.0
2247;2024-04-03 15:00:00;2.24;4.2;13.1;17.4;76.0;77.0;13.01;711.4;0.0;16.0;4.9;0.781;25.1;10.4;126.0
2248;2024-04-03 16:00:00;2.19;3.9;10.5;14.5;74.0;79.0;11.22;710.9;0.0;14.0;4.6;0.653;25.7;10.1;82.0
2249;2024-04-03 17:00:00;2.13;3.5;8.3;11.9;65.0;68.0;7.82;710.7;0.0;12.0;4.4;0.451;26.3;9.0;88.0
2250;2024-04-03 18:00:00;2.16;3.7;11.6;15.4;58.0;55.0;7.21;710.9;0.0;13.0;4.6;0.103;25.93;9.8;47.0
2251;2024-04-03 19:00:00;2.21;3.4;18.6;22.0;49.0;50.0;8.03;711.1;0.0;16.0;7.3;0.019;24.82;10.9;62.0
2252;2024-04-03 20:00:00;2.19;2.6;9.6;12.3;56.0;51.0;7.44;711.4;0.0;21.0;4.8;0.001;22.99;11.5;122.0
2253;2024-04-03 21:00:00;2.19;2.6;9.3;12.0;54.0;51.0;7.5;712.0;0.0;22.0;3.8;0.001;22.22;13.2;111.0
2254;2024-04-03 22:00:00;2.14;2.6;7.1;9.7;55.0;51.0;6.39;712.5;0.0;21.0;3.8;0.001;21.55;13.6;117.0
2255;2024-04-03 23:00:00;2.14;2.5;7.3;9.9;53.0;41.0;6.29;712.7;0.0;24.0;3.5;0.001;20.78;10.9;117.0
2256;2024-04-04 00:00:00;2.13;2.5;6.2;8.8;54.0;39.0;6.33;712.7;0.0;25.0;3.5;0.001;20.2;9.1;114.0
2257;2024-04-04 01:00:00;2.1;2.5;3.5;6.1;57.0;33.0;5.54;712.3;0.0;25.0;3.5;0.001;19.97;8.8;126.0
2258;2024-04-04 02:00:00;2.1;2.4;3.6;6.1;56.0;34.0;5.47;712.0;0.0;27.0;3.5;0.001;19.38;6.2;135.0
2259;2024-04-04 03:00:00;2.11;2.5;11.8;14.4;43.0;34.0;5.48;711.6;0.0;28.0;3.4;0.001;18.39;4.0;165.0
2260;2024-04-04 04:00:00;2.49;22.1;35.9;58.2;16.0;30.0;23.28;711.6;0.0;32.0;4.5;0.001;17.26;3.5;346.0
2261;2024-04-04 05:00:00;2.57;20.3;38.8;59.3;10.0;107.0;26.21;711.8;0.0;36.0;4.6;0.001;16.14;2.9;320.0
2262;2024-04-04 06:00:00;3.18;17.4;39.3;56.9;10.0;101.0;22.81;712.1;0.0;36.0;6.7;0.001;15.49;2.3;294.0
2263;2024-04-04 07:00:00;2.97;23.8;36.9;60.9;11.0;81.0;22.54;712.3;0.0;37.0;5.6;0.02;15.59;2.5;234.0
2264;2024-04-04 08:00:00;2.71;32.8;36.5;69.6;16.0;85.0;19.0;712.4;0.0;33.0;8.9;0.15;18.35;3.8;298.0
2265;2024-04-04 09:00:00;2.98;28.3;36.0;64.5;25.0;84.0;21.28;712.7;0.0;27.0;9.1;0.361;20.08;5.4;13.0
2266;2024-04-04 10:00:00;3.22;19.4;35.4;55.1;36.0;80.0;18.43;712.8;0.0;23.0;12.2;0.52;21.84;7.1;16.0
2267;2024-04-04 11:00:00;2.61;19.7;36.2;56.2;38.0;81.0;21.18;712.9;0.0;23.0;10.7;0.224;22.86;9.9;35.0
2268;2024-04-04 12:00:00;2.33;7.8;18.9;27.0;58.0;105.0;12.84;712.4;0.0;21.0;6.1;0.829;23.99;12.2;48.0
2269;2024-04-04 13:00:00;2.22;3.6;8.6;12.5;72.0;75.0;9.04;711.9;0.0;20.0;4.2;0.888;25.13;11.9;56.0
2270;2024-04-04 14:00:00;2.21;3.2;6.9;10.3;74.0;57.0;8.62;711.3;0.0;20.0;4.0;0.873;26.22;12.1;79.0
2271;2024-04-04 15:00:00;2.2;3.5;6.3;10.1;66.0;55.0;7.77;710.7;0.0;20.0;3.8;0.784;26.75;14.0;55.0
2272;2024-04-04 16:00:00;2.2;3.4;6.1;9.8;64.0;57.0;7.64;710.3;0.0;19.0;3.7;0.649;27.45;14.9;71.0
2273;2024-04-04 17:00:00;2.22;3.2;5.7;9.2;64.0;54.0;7.21;710.1;0.0;19.0;3.7;0.447;27.76;12.5;100.0
2274;2024-04-04 18:00:00;2.23;3.0;7.3;10.5;62.0;45.0;7.62;710.2;0.0;18.0;3.8;0.107;27.63;11.6;100.0
2275;2024-04-04 19:00:00;2.27;2.9;12.2;15.3;57.0;47.0;7.62;710.4;0.0;17.0;4.8;0.019;26.63;12.1;85.0
2276;2024-04-04 20:00:00;2.3;2.7;16.6;19.5;50.0;47.0;10.93;710.7;0.0;16.0;4.9;0.001;25.64;10.3;88.0
2277;2024-04-04 21:00:00;2.22;3.0;11.9;15.2;52.0;50.0;9.82;711.4;0.0;18.0;3.5;0.001;24.71;10.3;110.0
2278;2024-04-04 22:00:00;2.11;2.6;6.0;8.8;53.0;45.0;6.54;712.1;0.0;17.0;3.4;0.001;23.13;11.9;101.0
2279;2024-04-04 23:00:00;2.11;2.5;7.0;9.7;51.0;46.0;5.89;712.4;0.0;18.0;3.3;0.001;22.07;10.6;74.0
2280;2024-04-05 00:00:00;2.12;2.9;16.3;19.4;39.0;38.0;6.94;712.3;0.0;20.0;4.4;0.001;20.99;9.7;34.0
2281;2024-04-05 01:00:00;2.16;4.9;28.6;33.7;23.0;39.0;10.92;712.2;0.0;25.0;7.5;0.001;19.16;7.7;31.0
2282;2024-04-05 02:00:00;2.19;6.3;34.3;40.8;16.0;39.0;14.73;711.9;0.0;29.0;12.2;0.001;17.77;5.8;38.0
2283;2024-04-05 03:00:00;2.18;2.6;23.5;26.3;27.0;54.0;11.53;711.7;0.0;29.0;8.0;0.001;17.34;5.5;17.0
2284;2024-04-05 04:00:00;2.28;2.5;18.2;20.9;29.0;43.0;11.86;711.5;0.0;31.0;6.7;0.001;16.54;3.3;34.0
2285;2024-04-05 05:00:00;2.7;2.7;27.9;30.8;19.0;49.0;11.92;711.5;0.0;33.0;8.4;0.001;15.85;3.1;348.0
2286;2024-04-05 06:00:00;2.65;6.4;36.5;43.1;12.0;46.0;12.68;711.6;0.0;34.0;9.3;0.001;15.65;4.8;
2287;2024-04-05 07:00:00;2.41;15.6;36.6;52.4;12.0;55.0;16.64;711.9;0.0;34.0;6.7;0.02;15.51;5.2;7.0
2288;2024-04-05 08:00:00;2.39;16.2;29.6;46.0;21.0;66.0;14.53;712.0;0.0;31.0;6.7;0.153;16.71;5.6;347.0
2289;2024-04-05 09:00:00;2.94;17.0;28.1;45.2;30.0;63.0;15.81;712.2;0.0;28.0;10.7;0.368;18.76;4.7;22.0
2290;2024-04-05 10:00:00;3.32;22.5;36.3;59.0;33.0;64.0;20.82;712.3;0.0;26.0;14.0;0.529;20.8;5.3;32.0
2291;2024-04-05 11:00:00;2.89;20.0;36.9;57.1;38.0;84.0;22.23;712.1;0.0;28.0;14.5;0.23;22.09;7.5;34.0
2292;2024-04-05 12:00:00;2.61;20.4;43.2;63.9;45.0;89.0;27.38;711.7;0.0;29.0;17.9;0.829;23.21;9.5;36.0
2293;2024-04-05 13:00:00;2.4;4.9;16.1;21.2;78.0;103.0;15.38;710.8;0.0;27.0;9.4;0.894;25.25;11.5;51.0
2294;2024-04-05 14:00:00;2.3;3.4;7.2;10.8;68.0;80.0;11.88;710.0;0.0;27.0;5.3;0.893;27.14;14.9;126.0
2295;2024-04-05 15:00:00;2.31;3.2;5.7;9.2;65.0;72.0;11.6;709.4;0.0;27.0;4.8;0.762;28.41;13.2;106.0
2296;2024-04-05 16:00:00;2.31;3.4;6.3;9.9;65.0;51.0;12.36;708.8;0.0;26.0;4.8;0.625;29.37;14.7;113.0
2297;2024-04-05 17:00:00;2.32;3.3;7.0;10.6;63.0;54.0;12.7;708.4;0.0;26.0;4.6;0.436;29.41;17.3;101.0
2298;2024-04-05 18:00:00;2.33;3.1;7.7;11.0;61.0;68.0;12.32;708.4;0.0;26.0;4.5;0.113;29.03;17.3;102.0
2299;2024-04-05 19:00:00;2.31;2.9;7.9;11.0;58.0;59.0;11.82;708.5;0.0;26.0;4.3;0.022;28.25;17.6;91.0
2300;2024-04-05 20:00:00;2.38;2.8;9.5;12.5;41.0;68.0;10.06;709.0;0.0;44.0;4.9;0.001;25.42;16.6;78.0
2301;2024-04-05 21:00:00;2.38;2.7;8.5;11.5;42.0;80.0;8.65;709.4;0.0;49.0;4.8;0.001;23.76;15.0;73.0
2302;2024-04-05 22:00:00;2.38;2.7;8.2;11.2;41.0;63.0;8.49;709.5;0.0;54.0;4.3;0.001;22.43;11.1;65.0
2303;2024-04-05 23:00:00;2.36;2.7;8.5;11.4;40.0;46.0;7.86;709.8;0.0;57.0;4.2;0.001;21.46;9.8;52.0
2304;2024-04-06 00:00:00;2.37;4.6;13.6;18.4;33.0;48.0;8.7;709.8;0.0;60.0;4.0;0.001;20.57;8.7;33.0
2305;2024-04-06 01:00:00;2.36;2.7;12.0;14.8;33.0;47.0;8.78;710.1;0.0;63.0;3.9;0.001;19.85;5.5;15.0
2306;2024-04-06 02:00:00;2.36;2.9;17.9;21.0;26.0;44.0;9.86;709.9;0.0;66.0;3.9;0.001;19.22;6.2;19.0
2307;2024-04-06 03:00:00;2.39;3.2;22.2;25.6;20.0;50.0;14.16;709.6;0.0;70.0;4.5;0.001;18.51;5.2;45.0
2308;2024-04-06 04:00:00;2.4;4.6;23.8;28.6;16.0;57.0;15.54;709.2;0.0;73.0;5.3;0.001;17.81;3.8;52.0
2309;2024-04-06 05:00:00;2.4;3.1;23.3;26.6;14.0;60.0;16.42;708.9;0.0;75.0;5.5;0.001;17.28;2.1;329.0
2310;2024-04-06 06:00:00;2.46;3.1;25.2;28.5;12.0;55.0;18.57;709.0;0.0;76.0;5.0;0.001;17.08;2.6;329.0
2311;2024-04-06 07:00:00;2.52;4.7;20.0;25.0;14.0;67.0;16.42;709.3;0.0;77.0;4.7;0.016;16.95;2.4;277.0
2312;2024-04-06 08:00:00;2.61;23.2;26.0;49.5;14.0;57.0;23.53;709.6;0.0;70.0;4.9;0.126;18.75;3.0;256.0
2313;2024-04-06 09:00:00;2.78;30.5;36.2;66.8;19.0;100.0;36.89;709.6;0.0;60.0;5.8;0.277;20.74;3.8;351.0
2314;2024-04-06 10:00:00;2.89;19.8;32.6;52.6;28.0;120.0;48.53;709.6;0.0;53.0;6.6;0.423;22.91;4.5;21.0
2315;2024-04-06 11:00:00;3.26;18.9;43.8;62.9;37.0;124.0;55.13;709.4;0.0;42.0;7.8;0.318;25.63;5.4;62.0
2316;2024-04-06 12:00:00;3.17;19.4;48.2;67.8;46.0;121.0;53.25;708.9;0.0;34.0;13.0;0.777;27.55;9.0;74.0
2317;2024-04-06 13:00:00;2.66;6.1;24.5;30.8;79.0;133.0;31.8;708.1;0.0;23.0;8.4;0.889;30.29;9.3;92.0
2318;2024-04-06 14:00:00;2.49;3.7;14.9;18.9;100.0;86.0;19.81;707.3;0.0;18.0;5.9;0.869;32.62;9.9;80.0
2319;2024-04-06 15:00:00;2.39;3.3;11.1;14.6;101.0;75.0;15.14;706.5;0.0;15.0;5.0;0.756;33.95;10.5;67.0
2320;2024-04-06 16:00:00;2.31;3.1;8.5;11.8;101.0;62.0;13.02;706.0;0.0;14.0;4.6;0.638;34.68;10.3;95.0
2321;2024-04-06 17:00:00;2.26;3.0;7.6;10.9;89.0;85.0;10.51;706.0;0.0;13.0;4.3;0.361;34.09;12.2;120.0
2322;2024-04-06 18:00:00;2.23;3.0;8.0;11.2;77.0;52.0;9.44;706.3;0.0;13.0;4.1;0.096;33.27;11.2;115.0
2323;2024-04-06 19:00:00;2.33;3.0;15.3;18.5;61.0;43.0;10.34;706.8;0.0;15.0;3.9;0.026;31.6;7.7;84.0
2324;2024-04-06 20:00:00;2.36;3.3;18.4;21.9;50.0;52.0;10.98;707.4;0.0;16.0;3.9;0.001;30.31;7.5;70.0
2325;2024-04-06 21:00:00;2.49;3.0;22.4;25.6;35.0;45.0;17.45;707.9;0.0;23.0;4.1;0.001;29.12;6.3;76.0
2326;2024-04-06 22:00:00;2.45;2.8;16.5;19.4;33.0;57.0;18.06;708.1;0.0;30.0;5.3;0.001;27.87;4.9;79.0
2327;2024-04-06 23:00:00;2.41;3.2;15.9;19.2;32.0;55.0;18.06;708.1;0.0;35.0;5.1;0.001;27.11;7.3;56.0
2328;2024-04-07 00:00:00;2.5;7.1;20.2;27.3;21.0;51.0;22.0;708.2;0.0;52.0;4.2;0.001;25.31;6.0;27.0
2329;2024-04-07 01:00:00;2.52;9.2;24.4;33.5;13.0;67.0;24.0;708.4;0.0;65.0;4.0;0.001;23.55;5.9;6.0
2330;2024-04-07 02:00:00;2.5;4.8;22.8;27.6;13.0;81.0;23.0;708.1;0.0;72.0;3.9;0.001;22.35;3.6;36.0
2331;2024-04-07 03:00:00;2.58;2.9;18.8;21.7;15.0;67.0;21.0;707.7;0.0;74.0;4.1;0.001;21.76;0.9;118.0
2332;2024-04-07 04:00:00;2.65;2.9;19.0;22.0;12.0;64.0;21.0;707.4;0.0;75.0;4.0;0.001;21.19;0.5;298.0
2333;2024-04-07 05:00:00;2.63;5.5;21.9;27.4;10.0;64.0;22.0;707.5;0.0;77.0;3.9;0.001;20.88;2.1;250.0
2334;2024-04-07 06:00:00;2.64;9.4;23.0;32.4;9.0;66.0;23.0;707.8;0.0;77.0;3.9;0.001;20.5;2.1;250.0
2335;2024-04-07 07:00:00;2.57;6.8;24.0;30.8;11.0;64.0;22.0;708.3;0.0;63.0;4.2;0.009;20.18;2.0;244.0
2336;2024-04-07 08:00:00;2.57;14.4;25.9;40.3;16.0;64.0;21.0;708.7;0.0;44.0;5.4;0.131;23.27;1.2;342.0
2337;2024-04-07 09:00:00;3.03;16.6;24.9;41.5;23.0;76.0;34.0;709.5;0.0;50.0;5.8;0.327;24.15;6.6;59.0
2338;2024-04-07 10:00:00;2.77;10.3;16.6;26.9;38.0;97.0;24.0;709.6;0.0;36.0;8.2;0.542;26.36;6.5;73.0
2339;2024-04-07 11:00:00;2.33;4.6;8.0;12.5;51.0;104.0;19.0;709.7;0.0;28.0;5.5;0.228;28.41;10.0;42.0
2340;2024-04-07 12:00:00;2.32;4.8;8.5;13.3;48.0;127.0;22.0;709.8;0.0;32.0;4.9;0.637;28.55;11.8;59.0
2341;2024-04-07 13:00:00;2.3;6.0;11.1;17.1;48.0;141.0;20.0;709.5;0.0;32.0;6.9;0.795;29.04;12.4;75.0
2342;2024-04-07 14:00:00;2.34;4.4;8.1;12.6;59.0;101.0;30.0;709.1;0.0;27.0;6.6;0.828;30.08;9.5;51.0
2343;2024-04-07 15:00:00;2.41;4.6;8.8;13.4;59.0;80.0;33.0;708.8;0.0;25.0;5.8;0.682;30.43;10.7;51.0
2344;2024-04-07 16:00:00;2.35;4.5;7.9;12.4;60.0;90.0;22.0;708.4;0.0;25.0;5.5;0.595;30.18;10.4;55.0
2345;2024-04-07 17:00:00;2.34;3.7;6.2;10.0;67.0;75.0;19.0;708.2;0.0;25.0;4.7;0.42;30.34;8.1;75.0
2346;2024-04-07 18:00:00;2.36;3.4;6.7;10.1;63.0;71.0;21.0;708.3;0.0;32.0;4.9;0.178;29.64;10.4;82.0
2347;2024-04-07 19:00:00;2.34;3.1;6.0;9.1;54.0;72.0;20.0;708.6;0.0;36.0;4.8;0.032;28.01;10.7;106.0
2348;2024-04-07 20:00:00;2.31;3.0;6.7;9.7;53.0;72.0;21.0;708.9;0.0;34.0;4.5;0.002;26.97;10.6;102.0
2349;2024-04-07 21:00:00;2.3;3.0;7.7;10.7;50.0;70.0;19.0;709.1;0.0;33.0;4.2;0.001;26.35;9.8;96.0
2350;2024-04-07 22:00:00;2.32;3.0;7.7;10.7;45.0;67.0;17.0;709.2;0.0;41.0;3.9;0.001;25.47;9.5;88.0
2351;2024-04-07 23:00:00;2.34;2.8;5.4;8.2;42.0;59.0;17.0;709.2;0.0;41.0;3.7;0.001;24.61;9.5;88.0
2352;2024-04-08 00:00:00;2.34;2.8;5.2;8.0;41.0;51.0;;709.1;0.0;55.0;3.7;0.001;24.07;11.0;118.0
2353;2024-04-08 01:00:00;2.31;2.8;3.5;6.3;43.0;50.0;15.0;709.1;0.0;56.0;3.7;0.001;23.85;9.9;123.0
2354;2024-04-08 02:00:00;2.29;2.7;2.8;5.5;44.0;43.0;15.0;708.9;0.0;56.0;3.6;0.001;23.62;10.5;121.0
2355;2024-04-08 03:00:00;2.29;2.6;2.7;5.4;44.0;39.0;14.0;708.4;0.0;57.0;3.6;0.001;23.39;10.3;108.0
2356;2024-04-08 04:00:00;2.29;2.6;2.6;5.2;44.0;40.0;14.0;708.0;0.0;58.0;3.5;0.001;23.16;10.4;117.0
2357;2024-04-08 05:00:00;2.3;2.6;3.4;6.0;42.0;36.0;;707.7;0.0;59.0;3.5;0.001;22.88;7.0;96.0
2358;2024-04-08 06:00:00;2.37;3.5;12.4;16.0;28.0;34.0;18.0;707.6;0.0;62.0;3.6;0.001;22.09;2.5;61.0
2359;2024-04-08 07:00:00;2.55;15.5;25.8;41.4;11.0;57.0;26.0;707.5;0.0;66.0;3.8;0.007;21.38;3.2;38.0
2360;2024-04-08 08:00:00;2.77;27.4;27.8;55.2;12.0;81.0;32.0;707.7;0.0;67.0;5.4;0.096;21.86;2.2;354.0
2361;2024-04-08 09:00:00;2.83;22.3;27.9;50.2;18.0;100.0;30.0;707.8;0.0;60.0;6.6;0.234;23.77;4.2;58.0
2362;2024-04-08 10:00:00;3.07;37.3;32.3;69.5;17.0;99.0;45.0;707.9;0.0;65.0;7.0;0.36;23.56;7.9;66.0
2363;2024-04-08 11:00:00;2.76;17.5;26.8;44.4;26.0;109.0;45.0;707.6;0.0;63.0;7.2;0.362;24.3;6.9;69.0
2364;2024-04-08 12:00:00;2.73;14.2;31.3;45.5;29.0;101.0;46.0;707.2;0.0;61.0;6.4;0.308;24.61;7.0;44.0
2365;2024-04-08 13:00:00;2.62;6.7;31.9;38.6;28.0;109.0;45.0;707.0;0.0;63.0;6.2;0.13;23.91;7.5;48.0
2366;2024-04-08 14:00:00;2.6;7.8;21.9;29.7;45.0;105.0;42.0;706.8;0.0;60.0;5.8;0.47;25.14;6.6;47.0
2367;2024-04-08 15:00:00;2.63;6.1;20.5;26.6;61.0;96.0;42.0;706.2;0.0;55.0;5.5;0.595;26.7;5.2;67.0
2368;2024-04-08 16:00:00;2.59;3.8;13.9;17.7;80.0;85.0;39.0;705.6;0.0;52.0;4.6;0.557;27.78;6.8;55.0
2369;2024-04-08 17:00:00;2.55;4.0;12.8;16.8;62.0;84.0;32.0;705.2;0.0;49.0;4.5;0.287;28.15;9.6;44.0
2370;2024-04-08 18:00:00;2.55;3.6;11.4;14.9;50.0;81.0;29.0;705.0;0.0;50.0;4.3;0.123;28.06;9.1;50.0
2371;2024-04-08 19:00:00;2.56;3.4;12.5;15.8;40.0;78.0;29.0;705.2;0.0;52.0;4.0;0.033;27.59;9.6;72.0
2372;2024-04-08 20:00:00;2.49;2.9;8.4;11.3;39.0;67.0;30.0;705.5;0.0;55.0;3.7;0.001;27.04;10.1;112.0
2373;2024-04-08 21:00:00;2.48;2.9;8.6;11.6;34.0;63.0;33.0;706.0;0.0;56.0;3.7;0.001;26.74;8.8;91.0
2374;2024-04-08 22:00:00;2.46;2.8;6.4;9.2;35.0;64.0;37.0;706.2;0.0;59.0;3.7;0.001;26.17;9.9;86.0
2375;2024-04-08 23:00:00;2.5;2.8;8.3;11.1;29.0;78.0;46.0;706.2;0.0;59.0;3.6;0.001;25.03;9.9;86.0
2376;2024-04-09 00:00:00;2.47;2.7;6.4;9.1;31.0;77.0;46.0;706.1;0.0;66.0;3.5;0.001;24.82;7.1;86.0
2377;2024-04-09 01:00:00;2.44;2.7;4.4;7.1;32.0;70.0;44.0;705.9;0.0;66.0;3.6;0.001;24.66;5.5;101.0
2378;2024-04-09 02:00:00;2.49;2.7;8.1;10.8;26.0;74.0;47.0;705.5;0.0;69.0;3.5;0.001;24.19;3.7;41.0
2379;2024-04-09 03:00:00;2.49;2.7;7.6;10.3;22.0;85.0;47.0;705.0;0.0;74.0;3.5;0.001;23.32;1.1;31.0
2380;2024-04-09 04:00:00;2.5;2.7;9.0;11.7;19.0;82.0;;704.4;0.0;76.0;3.5;0.001;23.05;0.6;59.0
2381;2024-04-09 05:00:00;2.46;2.8;6.9;9.7;24.0;79.0;46.0;704.3;0.0;74.0;3.4;0.001;23.14;3.3;39.0
2382;2024-04-09 06:00:00;2.63;3.4;19.0;22.4;11.0;79.0;51.0;704.5;0.0;78.0;3.4;0.001;22.59;3.8;45.0
2383;2024-04-09 07:00:00;2.69;9.5;19.5;29.0;9.0;85.0;51.0;704.7;0.0;80.0;3.4;0.008;22.02;1.1;49.0
2384;2024-04-09 08:00:00;2.94;22.7;21.5;44.2;11.0;92.0;52.0;705.0;0.0;79.0;3.5;0.121;22.89;1.2;108.0
2385;2024-04-09 09:00:00;3.27;33.4;27.7;61.1;13.0;105.0;59.0;705.0;0.0;71.0;3.6;0.236;24.85;1.0;61.0
2386;2024-04-09 10:00:00;3.28;40.4;33.0;73.4;21.0;113.0;60.0;704.7;0.0;60.0;3.9;0.469;26.95;5.9;71.0
2387;2024-04-09 11:00:00;3.04;14.1;31.3;45.4;42.0;126.0;58.0;704.4;0.0;50.0;4.4;0.246;28.51;8.1;69.0
2388;2024-04-09 12:00:00;2.72;9.7;25.6;35.3;52.0;120.0;48.0;704.1;0.0;40.0;5.1;0.798;30.09;9.8;55.0
2389;2024-04-09 13:00:00;2.64;4.5;16.0;20.6;83.0;111.0;46.0;703.5;0.0;37.0;5.0;0.859;31.37;12.0;64.0
2390;2024-04-09 14:00:00;2.49;3.7;12.0;15.7;92.0;103.0;43.0;702.8;0.0;29.0;10.1;0.853;33.06;13.4;70.0
2391;2024-04-09 15:00:00;2.36;3.9;9.4;13.2;73.0;89.0;31.0;702.0;0.0;22.0;10.2;0.732;34.47;10.8;101.0
2392;2024-04-09 16:00:00;2.32;3.9;7.7;11.7;60.0;73.0;28.0;701.3;0.0;22.0;6.4;0.644;34.45;12.8;120.0
2393;2024-04-09 17:00:00;2.36;4.0;9.3;13.3;52.0;61.0;29.0;700.8;0.0;24.0;5.1;0.295;34.17;9.8;112.0
2394;2024-04-09 18:00:00;2.38;4.1;11.3;15.4;45.0;61.0;26.0;700.5;0.0;23.0;4.5;0.117;33.67;8.1;95.0
2395;2024-04-09 19:00:00;2.41;3.7;12.8;16.5;42.0;62.0;27.0;701.0;0.0;24.0;6.1;0.047;32.88;10.9;73.0
2396;2024-04-09 20:00:00;2.44;3.7;16.7;20.4;34.0;61.0;26.0;701.6;0.0;25.0;6.5;0.002;31.85;6.1;101.0
2397;2024-04-09 21:00:00;2.46;3.3;15.1;18.4;32.0;58.0;29.0;702.3;0.0;30.0;5.5;0.001;31.0;5.3;72.0
2398;2024-04-09 22:00:00;2.51;3.4;14.5;17.9;26.0;66.0;35.0;703.0;0.0;43.0;5.0;0.001;29.77;4.3;46.0
2399;2024-04-09 23:00:00;2.56;7.7;19.2;27.0;18.0;73.0;37.0;703.0;0.0;43.0;5.0;0.001;28.85;4.3;46.0
2400;2024-04-10 00:00:00;2.55;4.4;20.6;25.0;15.0;83.0;36.0;703.7;0.0;54.0;4.8;0.001;27.88;2.2;314.0
2401;2024-04-10 01:00:00;2.53;3.6;14.6;18.2;32.0;80.0;;705.2;0.0;44.0;5.2;0.001;25.22;14.5;6.0
2402;2024-04-10 02:00:00;2.36;3.2;6.0;9.2;54.0;;69.0;706.8;0.0;32.0;4.8;0.001;21.97;10.0;27.0
2403;2024-04-10 03:00:00;2.36;3.1;7.0;10.1;53.0;380.0;24.0;707.3;0.0;32.0;5.2;0.001;21.29;8.1;21.0
2404;2024-04-10 04:00:00;;;;;;;;;;;;;;;
2405;2024-04-10 05:00:00;2.25;2.9;14.4;17.3;39.0;86.0;23.0;694.9;0.0;33.0;5.3;0.001;20.02;3.8;115.0
2406;2024-04-10 06:00:00;2.2;3.0;10.0;13.1;45.0;79.0;22.0;708.3;0.0;32.0;4.2;0.001;20.46;1.4;192.0
2407;2024-04-10 07:00:00;2.16;3.8;12.7;16.4;44.0;96.0;22.0;696.9;0.0;27.0;5.2;0.013;20.5;6.8;253.0
2408;2024-04-10 08:00:00;2.18;4.9;15.0;20.0;43.0;90.0;19.0;685.5;0.0;20.0;4.1;0.131;21.39;3.3;275.0
2409;2024-04-10 09:00:00;2.04;4.2;5.3;9.6;63.0;96.0;15.0;709.4;0.0;8.0;3.4;0.358;24.1;16.1;293.0
2410;2024-04-10 10:00:00;1.97;3.5;4.8;8.3;62.0;166.0;12.0;685.9;0.0;7.0;3.4;0.545;24.17;11.4;265.0
2411;2024-04-10 11:00:00;2.03;3.3;4.3;7.6;66.0;130.0;10.0;709.6;0.0;6.0;3.4;0.244;26.23;10.0;281.0
2412;2024-04-10 12:00:00;2.03;3.9;6.2;10.1;62.0;84.0;9.0;697.7;0.0;6.0;3.4;0.84;26.81;13.2;310.0
2413;2024-04-10 13:00:00;2.04;3.9;6.0;9.9;61.0;86.0;9.0;697.5;0.0;6.0;3.4;0.905;27.65;16.5;308.0
2414;2024-04-10 14:00:00;2.05;3.9;6.3;10.2;61.0;88.0;;697.1;0.0;4.0;3.3;0.907;28.72;14.7;292.0
2415;2024-04-10 15:00:00;2.08;3.7;5.9;9.6;63.0;62.0;7.0;708.3;0.0;4.0;3.4;0.854;29.96;13.6;286.0
2416;2024-04-10 16:00:00;2.02;3.4;5.0;8.3;64.0;60.0;7.0;696.1;0.0;3.0;3.4;0.725;29.84;13.9;273.0
2417;2024-04-10 17:00:00;2.07;3.9;6.4;10.3;64.0;55.0;6.0;696.1;0.0;3.0;3.4;0.544;30.32;13.9;273.0
2418;2024-04-10 18:00:00;2.02;3.4;6.1;9.5;66.0;41.0;6.0;696.0;0.0;2.0;3.3;0.178;30.23;10.3;283.0
2419;2024-04-10 19:00:00;2.05;3.3;7.7;11.0;65.0;47.0;;708.2;0.0;2.0;3.6;0.026;29.83;8.3;269.0
2420;2024-04-10 20:00:00;2.04;2.6;8.5;11.2;66.0;44.0;7.0;708.9;0.0;1.0;3.6;0.002;28.83;8.8;292.0
2421;2024-04-10 21:00:00;2.01;2.6;6.4;9.0;67.0;40.0;6.0;709.7;0.0;2.0;3.4;0.001;28.24;7.9;269.0
2422;2024-04-10 22:00:00;2.26;3.4;28.9;32.3;38.0;40.0;11.0;710.6;0.0;4.0;4.9;0.001;26.32;2.4;172.0
2423;2024-04-10 23:00:00;2.23;3.1;26.1;29.2;35.0;53.0;11.0;711.7;0.0;13.0;6.1;0.001;25.13;8.5;37.0
2424;2024-04-11 00:00:00;2.12;2.7;19.8;22.5;39.0;48.0;8.0;700.5;0.0;17.0;5.1;0.001;23.85;6.8;30.0
2425;2024-04-11 01:00:00;2.13;2.6;10.7;13.2;50.0;49.0;6.0;712.8;0.0;17.0;3.7;0.001;23.74;7.6;349.0
2426;2024-04-11 02:00:00;2.1;2.5;12.7;15.3;46.0;33.0;6.0;713.1;0.0;18.0;3.6;0.001;22.5;2.9;357.0
2427;2024-04-11 03:00:00;2.33;2.5;10.3;12.9;49.0;32.0;8.0;713.4;0.0;19.0;6.3;0.001;21.84;8.3;10.0
2428;2024-04-11 04:00:00;2.11;2.5;9.7;12.2;48.0;46.0;9.0;713.8;0.0;25.0;11.7;0.001;19.93;6.1;83.0
2429;2024-04-11 05:00:00;2.1;2.5;3.7;6.2;56.0;50.0;6.0;714.1;0.0;30.0;3.6;0.001;18.99;10.6;117.0
2430;2024-04-11 06:00:00;2.11;2.6;4.9;7.5;54.0;36.0;7.0;714.5;0.0;32.0;3.5;0.001;18.23;10.1;114.0
2431;2024-04-11 07:00:00;2.17;2.8;9.6;12.4;49.0;33.0;7.0;715.0;0.0;33.0;3.5;0.015;18.19;5.4;105.0
2432;2024-04-11 08:00:00;2.28;4.3;14.2;18.5;46.0;40.0;8.0;715.4;0.0;32.0;3.6;0.139;19.59;8.4;104.0
2433;2024-04-11 09:00:00;2.34;5.8;14.1;20.0;49.0;44.0;9.0;715.6;0.0;29.0;3.5;0.35;21.27;7.5;77.0
2434;2024-04-11 10:00:00;2.25;3.7;7.6;11.3;60.0;46.0;12.0;715.2;0.0;23.0;3.8;0.559;23.62;8.4;144.0
2435;2024-04-11 11:00:00;2.34;4.9;12.2;17.1;63.0;87.0;15.0;715.3;0.0;22.0;4.3;0.264;24.55;10.1;82.0
2436;2024-04-11 12:00:00;2.28;4.8;12.9;17.8;69.0;83.0;12.0;715.0;0.0;20.0;4.7;0.822;26.08;9.2;61.0
2437;2024-04-11 13:00:00;2.22;4.0;9.0;13.0;70.0;59.0;10.0;714.4;0.0;17.0;4.0;0.847;26.93;13.1;56.0
2438;2024-04-11 14:00:00;2.15;4.2;8.4;12.6;67.0;56.0;8.0;713.9;0.0;11.0;3.7;0.873;27.83;15.3;64.0
2439;2024-04-11 15:00:00;2.16;3.6;7.2;10.8;70.0;54.0;9.0;713.2;0.0;12.0;4.5;0.784;28.01;16.3;86.0
2440;2024-04-11 16:00:00;2.15;3.4;6.6;10.0;68.0;49.0;8.0;712.6;0.0;12.0;3.8;0.691;28.56;13.0;108.0
2441;2024-04-11 17:00:00;2.15;3.4;6.6;9.9;67.0;42.0;8.0;712.3;0.0;11.0;3.6;0.518;28.68;13.0;102.0
2442;2024-04-11 18:00:00;2.18;3.4;8.8;12.1;64.0;43.0;;712.2;0.0;12.0;3.7;0.17;28.43;12.5;99.0
2443;2024-04-11 19:00:00;2.19;3.1;10.4;13.5;60.0;48.0;9.0;712.3;0.0;12.0;3.7;0.029;27.34;14.4;83.0
2444;2024-04-11 20:00:00;2.16;2.7;9.9;12.5;59.0;53.0;8.0;712.3;0.0;12.0;3.5;0.002;26.23;14.4;83.0
2445;2024-04-11 21:00:00;2.15;2.7;10.1;12.7;57.0;46.0;9.0;713.5;0.0;13.0;3.5;0.001;25.45;9.0;132.0
2446;2024-04-11 22:00:00;2.12;2.5;7.3;9.8;58.0;42.0;9.0;714.1;0.0;15.0;3.5;0.001;24.7;10.4;118.0
2447;2024-04-11 23:00:00;2.1;2.5;5.3;7.8;60.0;43.0;8.0;714.1;0.0;15.0;3.4;0.001;23.73;10.4;118.0
2448;2024-04-12 00:00:00;2.11;2.5;5.4;7.9;58.0;39.0;8.0;714.2;0.0;21.0;3.4;0.001;22.64;9.8;102.0
2449;2024-04-12 01:00:00;2.12;2.5;5.8;8.3;57.0;42.0;;714.1;0.0;23.0;3.4;0.001;21.76;8.1;85.0
2450;2024-04-12 02:00:00;2.11;2.5;3.1;5.5;61.0;45.0;9.0;714.0;0.0;27.0;3.5;0.001;20.86;12.1;119.0
2451;2024-04-12 03:00:00;2.11;2.4;3.0;5.4;61.0;50.0;9.0;713.9;0.0;29.0;3.5;0.001;20.26;6.0;72.0
2452;2024-04-12 04:00:00;2.19;2.5;19.9;22.4;39.0;43.0;14.0;714.0;0.0;30.0;5.5;0.001;19.16;7.8;358.0
2453;2024-04-12 05:00:00;2.26;2.6;23.0;25.6;34.0;65.0;15.0;714.2;0.0;32.0;5.2;0.001;18.19;6.8;352.0
2454;2024-04-12 06:00:00;2.28;2.9;26.4;29.3;30.0;54.0;16.0;714.6;0.0;33.0;5.2;0.001;17.79;5.5;17.0
2455;2024-04-12 07:00:00;2.3;4.8;34.5;39.3;21.0;60.0;18.0;714.9;0.0;35.0;7.4;0.013;17.41;5.2;29.0
2456;2024-04-12 08:00:00;2.96;13.7;34.3;48.1;24.0;68.0;24.0;715.4;0.0;34.0;7.5;0.119;18.2;5.3;25.0
2457;2024-04-12 09:00:00;2.49;23.9;36.6;60.6;25.0;77.0;23.0;715.6;0.0;34.0;10.0;0.315;19.41;6.1;57.0
2458;2024-04-12 10:00:00;2.59;21.6;37.7;59.3;29.0;77.0;23.0;715.7;0.0;34.0;9.8;0.395;20.29;7.8;46.0
2459;2024-04-12 11:00:00;2.4;8.4;19.3;27.7;51.0;91.0;18.0;715.7;0.0;35.0;7.2;0.358;21.26;9.8;43.0
2460;2024-04-12 12:00:00;2.28;4.1;8.5;12.6;61.0;72.0;14.0;715.9;0.0;31.0;4.5;0.784;24.11;9.8;88.0
2461;2024-04-12 13:00:00;2.26;3.7;6.6;10.3;63.0;58.0;13.0;715.4;0.0;27.0;4.2;0.75;26.16;11.5;116.0
2462;2024-04-12 14:00:00;2.27;3.6;6.9;10.5;65.0;57.0;12.0;714.7;0.0;23.0;4.0;0.588;27.41;13.2;104.0
2463;2024-04-12 15:00:00;2.24;3.7;6.9;10.6;64.0;57.0;12.0;714.3;0.0;20.0;4.1;0.708;28.08;16.4;107.0
2464;2024-04-12 16:00:00;2.23;3.5;6.4;9.9;64.0;62.0;;713.9;0.0;18.0;4.3;0.575;28.73;16.1;115.0
2465;2024-04-12 17:00:00;2.23;3.4;7.2;10.7;62.0;60.0;;713.7;0.0;17.0;4.0;0.291;28.67;15.9;113.0
2466;2024-04-12 18:00:00;2.24;3.5;9.7;13.1;56.0;61.0;11.0;713.9;0.0;18.0;5.3;0.124;27.83;15.9;98.0
2467;2024-04-12 19:00:00;2.26;3.3;9.8;13.1;51.0;72.0;10.0;714.4;0.0;24.0;4.4;0.042;25.84;18.7;80.0
2468;2024-04-12 20:00:00;2.25;3.0;9.1;12.0;51.0;84.0;8.0;714.9;0.0;27.0;3.7;0.002;24.47;14.2;80.0
2469;2024-04-12 21:00:00;2.25;2.9;9.7;12.6;49.0;57.0;8.0;715.5;0.0;30.0;3.7;0.001;23.31;12.3;78.0
2470;2024-04-12 22:00:00;2.24;2.9;8.6;11.5;49.0;45.0;9.0;715.9;0.0;35.0;3.8;0.001;22.37;10.8;79.0
2471;2024-04-12 23:00:00;2.22;2.7;5.4;8.0;51.0;42.0;8.0;716.1;0.0;39.0;3.7;0.001;21.77;11.1;96.0
2472;2024-04-13 00:00:00;2.26;2.7;9.1;11.8;44.0;38.0;9.0;716.1;0.0;39.0;3.8;0.001;20.7;11.1;96.0
2473;2024-04-13 01:00:00;2.29;2.7;9.2;11.8;42.0;43.0;10.0;715.5;0.0;49.0;3.7;0.001;20.09;6.9;46.0
2474;2024-04-13 02:00:00;2.28;2.7;6.8;9.5;44.0;43.0;9.0;715.3;0.0;55.0;3.7;0.001;19.84;7.3;44.0
2475;2024-04-13 03:00:00;2.28;2.6;5.2;7.8;46.0;43.0;9.0;715.1;0.0;62.0;3.7;0.001;18.96;7.4;48.0
2476;2024-04-13 04:00:00;2.27;2.6;4.9;7.5;45.0;41.0;;714.6;0.0;65.0;3.7;0.001;18.42;4.5;37.0
2477;2024-04-13 05:00:00;2.29;2.6;6.2;8.8;43.0;38.0;10.0;714.3;0.0;67.0;3.7;0.001;18.02;4.6;44.0
2478;2024-04-13 06:00:00;2.3;2.6;7.4;10.1;41.0;39.0;13.0;714.2;0.0;69.0;3.6;0.001;17.5;4.0;53.0
2479;2024-04-13 07:00:00;2.37;5.5;22.6;28.1;24.0;45.0;17.0;714.2;0.0;70.0;3.8;0.013;17.25;4.6;39.0
2480;2024-04-13 08:00:00;2.52;17.2;30.6;47.8;17.0;56.0;22.0;714.4;0.0;67.0;6.0;0.124;17.98;4.5;38.0
2481;2024-04-13 09:00:00;2.74;11.9;23.9;35.8;30.0;69.0;23.0;714.7;0.0;64.0;8.8;0.294;18.94;5.4;6.0
2482;2024-04-13 10:00:00;2.84;9.7;21.8;31.5;40.0;75.0;26.0;714.8;0.0;57.0;7.0;0.443;20.66;4.2;7.0
2483;2024-04-13 11:00:00;3.01;9.0;23.7;32.7;50.0;76.0;30.0;714.8;0.0;51.0;7.7;0.409;22.37;4.8;35.0
2484;2024-04-13 12:00:00;2.81;10.2;29.3;39.5;56.0;81.0;32.0;714.7;0.0;48.0;8.7;0.734;23.35;7.2;40.0
2485;2024-04-13 13:00:00;2.59;7.7;27.0;34.6;70.0;89.0;30.0;714.2;0.0;44.0;15.3;0.727;24.85;7.5;67.0
2486;2024-04-13 14:00:00;2.53;3.9;14.7;18.6;87.0;85.0;25.0;713.7;0.0;42.0;10.1;0.652;25.88;9.4;52.0
2487;2024-04-13 15:00:00;2.45;3.6;9.9;13.6;72.0;74.0;18.0;713.0;0.0;38.0;6.0;0.531;27.39;8.8;66.0
2488;2024-04-13 16:00:00;2.38;3.2;6.6;9.8;64.0;62.0;17.0;712.6;0.0;36.0;5.0;0.491;27.94;12.6;112.0
2489;2024-04-13 17:00:00;2.37;3.1;6.1;9.2;63.0;55.0;17.0;712.2;0.0;36.0;4.5;0.315;28.06;12.5;114.0
2490;2024-04-13 18:00:00;2.36;3.0;6.4;9.4;62.0;53.0;18.0;712.1;0.0;35.0;4.3;0.159;28.05;12.7;114.0
2491;2024-04-13 19:00:00;2.34;2.8;6.4;9.3;57.0;55.0;18.0;712.0;0.0;33.0;4.1;0.041;27.75;13.2;114.0
2492;2024-04-13 20:00:00;2.38;2.8;9.3;12.1;47.0;55.0;17.0;712.1;0.0;39.0;4.0;0.002;26.42;12.4;71.0
2493;2024-04-13 21:00:00;2.39;2.9;8.0;10.8;45.0;63.0;14.0;712.4;0.0;47.0;3.9;0.001;24.76;10.5;95.0
2494;2024-04-13 22:00:00;2.36;2.7;6.1;8.8;46.0;53.0;14.0;712.7;0.0;52.0;3.9;0.001;23.62;10.2;90.0
2495;2024-04-13 23:00:00;2.38;2.7;8.0;10.7;42.0;49.0;;712.7;0.0;52.0;3.8;0.001;22.42;10.2;90.0
2496;2024-04-14 00:00:00;2.4;2.9;8.8;11.7;40.0;49.0;;712.7;0.0;60.0;3.7;0.001;21.48;7.6;28.0
2497;2024-04-14 01:00:00;2.42;2.7;9.0;11.7;38.0;44.0;15.0;712.4;0.0;63.0;3.7;0.001;20.7;5.4;34.0
2498;2024-04-14 02:00:00;2.46;2.9;12.8;15.8;33.0;46.0;16.0;711.8;0.0;65.0;3.7;0.001;20.13;4.7;38.0
2499;2024-04-14 03:00:00;2.48;5.2;23.5;28.7;20.0;49.0;22.0;711.5;0.0;67.0;5.2;0.001;19.49;6.1;47.0
2500;2024-04-14 04:00:00;2.45;3.0;21.8;24.8;20.0;59.0;21.0;711.2;0.0;69.0;6.6;0.001;18.84;2.5;43.0
2501;2024-04-14 05:00:00;2.48;2.9;22.0;24.9;19.0;60.0;22.0;711.2;0.0;70.0;6.5;0.001;18.68;3.9;12.0
2502;2024-04-14 06:00:00;2.72;2.8;15.2;18.0;25.0;61.0;20.0;711.3;0.0;70.0;5.6;0.001;18.5;4.2;5.0
2503;2024-04-14 07:00:00;2.53;3.9;20.9;24.8;17.0;52.0;24.0;711.5;0.0;71.0;5.1;0.015;18.27;3.2;355.0
2504;2024-04-14 08:00:00;2.48;7.5;17.5;25.0;22.0;55.0;27.0;711.8;0.0;67.0;5.1;0.127;19.43;4.4;348.0
2505;2024-04-14 09:00:00;2.55;8.0;15.1;23.1;30.0;58.0;27.0;711.9;0.0;62.0;5.1;0.322;20.94;4.6;4.0
2506;2024-04-14 10:00:00;2.8;8.6;18.1;26.7;40.0;70.0;34.0;712.0;0.0;55.0;5.7;0.518;23.21;4.1;35.0
2507;2024-04-14 11:00:00;3.12;14.7;30.7;45.4;40.0;79.0;43.0;711.9;0.0;49.0;8.3;0.357;25.24;5.2;55.0
2508;2024-04-14 12:00:00;2.79;16.4;36.3;52.7;46.0;106.0;41.0;711.6;0.0;44.0;21.6;0.777;26.64;7.5;61.0
2509;2024-04-14 13:00:00;2.54;5.6;20.9;26.5;78.0;104.0;28.0;711.0;0.0;40.0;13.8;0.801;27.97;8.1;52.0
2510;2024-04-14 14:00:00;2.53;5.2;22.5;27.7;91.0;83.0;27.0;710.4;0.0;35.0;15.3;0.809;29.78;8.7;53.0
2511;2024-04-14 15:00:00;2.61;3.8;18.2;22.0;120.0;78.0;31.0;709.9;0.0;34.0;13.5;0.772;31.19;8.2;52.0
2512;2024-04-14 16:00:00;2.54;3.6;13.3;16.9;112.0;77.0;28.0;709.3;0.0;33.0;9.5;0.584;32.1;10.0;58.0
2513;2024-04-14 17:00:00;2.5;3.1;10.1;13.2;100.0;77.0;30.0;709.0;0.0;33.0;13.3;0.388;32.09;12.4;57.0
2514;2024-04-14 18:00:00;2.49;3.0;8.6;11.6;87.0;79.0;26.0;708.9;0.0;31.0;9.0;0.169;32.5;8.9;91.0
2515;2024-04-14 19:00:00;2.43;2.9;6.7;9.5;69.0;65.0;22.0;708.9;0.0;30.0;5.9;0.032;31.88;9.8;105.0
2516;2024-04-14 20:00:00;2.44;2.9;10.9;13.9;41.0;53.0;21.0;709.0;0.0;32.0;5.1;0.002;30.45;9.7;57.0
2517;2024-04-14 21:00:00;2.45;2.9;11.0;13.9;38.0;52.0;20.0;709.1;0.0;36.0;5.4;0.001;29.52;6.6;84.0
2518;2024-04-14 22:00:00;2.42;2.9;8.0;10.9;38.0;60.0;18.0;709.4;0.0;45.0;4.8;0.001;27.77;8.8;63.0
2519;2024-04-14 23:00:00;2.45;2.9;9.6;12.5;34.0;56.0;17.0;709.4;0.0;45.0;4.4;0.001;26.34;8.8;63.0
2520;2024-04-15 00:00:00;2.43;3.2;11.1;14.4;30.0;54.0;16.0;709.3;0.0;57.0;4.2;0.001;24.8;9.5;34.0
2521;2024-04-15 01:00:00;2.44;5.9;22.2;28.1;16.0;53.0;20.0;709.1;0.0;63.0;4.6;0.001;23.58;9.0;19.0
2522;2024-04-15 02:00:00;2.41;2.8;6.0;8.8;32.0;57.0;15.0;708.9;0.0;70.0;4.5;0.001;22.17;7.7;44.0
2523;2024-04-15 03:00:00;2.42;4.0;14.3;18.3;21.0;49.0;18.0;708.5;0.0;75.0;4.1;0.001;21.16;6.9;54.0
2524;2024-04-15 04:00:00;2.42;6.8;17.9;24.7;17.0;48.0;25.0;708.1;0.0;77.0;4.1;0.001;20.85;3.6;48.0
2525;2024-04-15 05:00:00;2.49;7.2;20.5;27.6;14.0;59.0;31.0;708.1;0.0;77.0;4.5;0.001;20.82;3.6;39.0
2526;2024-04-15 06:00:00;2.8;3.6;16.7;20.3;17.0;65.0;39.0;708.1;0.0;77.0;4.6;0.001;20.86;3.8;26.0
2527;2024-04-15 07:00:00;2.96;3.1;11.8;15.0;21.0;72.0;41.0;708.3;0.0;76.0;4.2;0.008;20.93;2.1;327.0
2528;2024-04-15 08:00:00;2.89;5.1;14.3;19.3;19.0;76.0;40.0;708.4;0.0;74.0;4.1;0.049;21.38;3.3;78.0
2529;2024-04-15 09:00:00;2.9;15.0;21.4;36.4;16.0;82.0;41.0;708.6;0.0;71.0;4.0;0.15;22.08;3.7;66.0
2530;2024-04-15 10:00:00;3.02;17.1;23.9;41.0;24.0;91.0;41.0;708.6;0.0;64.0;4.1;0.404;23.96;2.8;53.0
2531;2024-04-15 11:00:00;3.09;15.7;31.2;46.9;30.0;99.0;43.0;708.6;0.0;61.0;4.4;0.399;24.83;7.0;92.0
2532;2024-04-15 12:00:00;3.07;16.8;40.3;57.1;36.0;111.0;50.0;708.4;0.0;57.0;6.1;0.448;25.82;7.4;52.0
2533;2024-04-15 13:00:00;3.0;10.7;36.6;47.3;57.0;123.0;51.0;708.0;0.0;53.0;7.1;0.586;26.87;8.4;71.0
2534;2024-04-15 14:00:00;2.86;9.3;37.6;46.9;70.0;121.0;44.0;707.4;0.0;46.0;8.9;0.733;28.53;7.5;50.0
2535;2024-04-15 15:00:00;2.77;3.9;19.9;23.8;108.0;110.0;41.0;706.8;0.0;43.0;9.1;0.539;29.51;7.4;80.0
2536;2024-04-15 16:00:00;2.69;4.0;19.5;23.5;98.0;96.0;37.0;706.1;0.0;40.0;6.1;0.529;30.97;7.9;31.0
2537;2024-04-15 17:00:00;2.62;3.3;11.6;15.0;94.0;91.0;30.0;705.6;0.0;34.0;5.5;0.357;32.6;6.8;82.0
2538;2024-04-15 18:00:00;2.5;3.4;10.8;14.1;65.0;71.0;23.0;705.6;0.0;33.0;4.7;0.144;32.28;9.4;99.0
2539;2024-04-15 19:00:00;2.56;3.3;11.8;15.1;56.0;57.0;22.0;705.5;0.0;34.0;4.4;0.04;31.78;8.4;111.0
2540;2024-04-15 20:00:00;2.58;2.9;15.3;18.2;46.0;56.0;23.0;705.5;0.0;34.0;4.1;0.002;31.23;8.4;111.0
2541;2024-04-15 21:00:00;2.59;3.4;13.4;16.7;28.0;57.0;27.0;705.7;0.0;50.0;4.0;0.001;28.62;10.5;55.0
2542;2024-04-15 22:00:00;2.58;4.0;16.1;20.1;20.0;73.0;27.0;706.6;0.0;58.0;4.0;0.001;26.9;8.4;36.0
2543;2024-04-15 23:00:00;2.56;3.7;13.7;17.3;22.0;75.0;26.0;706.7;0.0;61.0;4.0;0.001;26.08;8.9;42.0
2544;2024-04-16 00:00:00;2.53;3.0;9.6;12.5;25.0;61.0;24.0;706.7;0.0;64.0;3.8;0.001;25.32;8.6;39.0
2545;2024-04-16 01:00:00;2.5;2.8;7.8;10.6;26.0;57.0;24.0;706.5;0.0;68.0;3.6;0.001;24.27;5.9;50.0
2546;2024-04-16 02:00:00;2.49;2.8;7.7;10.5;25.0;55.0;27.0;706.1;0.0;70.0;3.6;0.001;23.79;3.9;36.0
2547;2024-04-16 03:00:00;2.46;3.0;8.2;11.1;24.0;59.0;29.0;705.6;0.0;71.0;3.6;0.001;23.36;5.4;38.0
2548;2024-04-16 04:00:00;2.47;4.6;17.4;22.0;15.0;58.0;31.0;705.4;0.0;74.0;3.6;0.001;22.77;4.8;17.0
2549;2024-04-16 05:00:00;2.53;2.9;14.8;17.7;18.0;64.0;31.0;705.6;0.0;75.0;3.7;0.001;22.48;3.7;338.0
2550;2024-04-16 06:00:00;2.7;3.0;13.7;16.7;18.0;68.0;33.0;705.9;0.0;75.0;3.7;0.001;22.41;2.2;24.0
2551;2024-04-16 07:00:00;2.8;7.1;20.1;27.3;12.0;63.0;35.0;706.4;0.0;75.0;3.7;0.011;22.5;4.0;11.0
2552;2024-04-16 08:00:00;2.93;13.9;20.5;34.4;13.0;71.0;38.0;707.1;0.0;74.0;3.7;0.074;22.91;5.5;352.0
2553;2024-04-16 09:00:00;2.78;11.2;18.7;29.9;17.0;94.0;41.0;707.8;0.0;71.0;3.7;0.148;23.65;5.1;343.0
2554;2024-04-16 10:00:00;3.0;11.9;20.5;32.4;24.0;103.0;45.0;708.6;0.0;66.0;3.7;0.296;24.98;3.5;16.0
2555;2024-04-16 11:00:00;2.89;10.3;23.0;33.3;30.0;100.0;42.0;708.9;0.0;58.0;3.9;0.322;27.0;1.7;148.0
2556;2024-04-16 12:00:00;2.77;6.9;22.7;29.6;43.0;115.0;40.0;708.8;0.0;51.0;4.1;0.305;28.61;2.8;206.0
2557;2024-04-16 13:00:00;2.71;5.0;18.5;23.5;52.0;120.0;37.0;708.6;0.0;47.0;4.3;0.324;29.57;3.1;25.0
2558;2024-04-16 14:00:00;2.62;5.2;15.5;20.7;49.0;104.0;33.0;708.3;0.0;46.0;4.2;0.332;29.61;6.6;45.0
2559;2024-04-16 15:00:00;2.57;5.4;14.0;19.4;54.0;97.0;31.0;707.9;0.0;41.0;4.7;0.629;31.18;5.6;66.0
2560;2024-04-16 16:00:00;2.54;4.1;11.8;15.9;61.0;89.0;28.0;707.4;0.0;38.0;5.1;0.445;31.8;6.7;85.0
2561;2024-04-16 17:00:00;2.54;3.6;9.9;13.4;66.0;78.0;27.0;707.1;0.0;37.0;4.5;0.391;32.09;8.6;87.0
2562;2024-04-16 18:00:00;2.56;3.7;12.9;16.6;68.0;73.0;29.0;707.2;0.0;38.0;4.4;0.19;31.77;10.7;73.0
2563;2024-04-16 19:00:00;2.58;3.5;11.8;15.3;43.0;83.0;28.0;707.6;0.0;44.0;4.2;0.047;30.21;13.5;67.0
2564;2024-04-16 20:00:00;2.56;3.2;11.4;14.6;33.0;81.0;25.0;708.1;0.0;50.0;4.5;0.002;28.6;11.5;79.0
2565;2024-04-16 21:00:00;2.51;2.9;9.7;12.5;34.0;62.0;25.0;708.7;0.0;51.0;4.4;0.001;27.95;10.1;108.0
2566;2024-04-16 22:00:00;2.49;3.1;9.7;12.8;32.0;55.0;22.0;709.1;0.0;53.0;4.1;0.001;27.32;7.6;93.0
2567;2024-04-16 23:00:00;2.45;2.8;6.6;9.5;35.0;52.0;21.0;709.1;0.0;53.0;3.8;0.001;26.78;7.6;93.0
2568;2024-04-17 00:00:00;2.42;2.8;4.5;7.3;37.0;51.0;21.0;709.1;0.0;53.0;3.7;0.001;26.44;7.6;93.0
2569;2024-04-17 01:00:00;2.42;2.6;5.5;8.1;36.0;49.0;22.0;709.2;0.0;57.0;3.6;0.001;26.17;7.2;112.0
2570;2024-04-17 02:00:00;2.43;2.7;5.7;8.3;37.0;50.0;22.0;709.2;0.0;58.0;3.5;0.001;26.01;4.7;78.0
2571;2024-04-17 03:00:00;2.41;2.5;3.7;6.2;37.0;47.0;21.0;709.0;0.0;60.0;3.5;0.001;25.52;2.0;147.0
2572;2024-04-17 04:00:00;2.43;2.5;5.5;8.0;33.0;44.0;22.0;708.9;0.0;63.0;3.5;0.001;25.05;1.2;350.0
2573;2024-04-17 05:00:00;2.51;2.6;12.5;15.1;25.0;46.0;26.0;708.8;0.0;64.0;3.4;0.001;25.06;5.0;59.0
2574;2024-04-17 06:00:00;2.55;2.9;18.1;21.0;15.0;61.0;29.0;709.0;0.0;68.0;3.6;0.001;24.15;4.5;84.0
2575;2024-04-17 07:00:00;2.62;9.3;21.1;30.4;11.0;66.0;32.0;709.3;0.0;71.0;3.5;0.011;23.81;2.1;46.0
2576;2024-04-17 08:00:00;2.83;18.4;22.4;40.7;11.0;81.0;31.0;709.7;0.0;70.0;3.6;0.069;24.3;4.7;69.0
2577;2024-04-17 09:00:00;2.99;14.8;21.2;36.0;16.0;87.0;30.0;710.0;0.0;69.0;3.6;0.154;24.56;5.3;38.0
2578;2024-04-17 10:00:00;2.84;11.4;18.9;30.3;25.0;80.0;32.0;710.1;0.0;65.0;3.6;0.315;25.73;6.4;45.0
2579;2024-04-17 11:00:00;2.74;13.3;21.4;34.7;29.0;79.0;35.0;710.0;0.0;63.0;3.5;0.429;26.64;7.8;53.0
2580;2024-04-17 12:00:00;2.73;17.9;27.6;45.5;31.0;87.0;42.0;709.9;0.0;59.0;3.7;0.602;27.76;8.4;37.0
2581;2024-04-17 13:00:00;2.61;4.8;10.6;15.4;48.0;105.0;37.0;709.5;0.0;55.0;3.9;0.462;28.62;10.2;67.0
2582;2024-04-17 14:00:00;2.61;3.6;9.5;13.1;51.0;90.0;34.0;709.0;0.0;54.0;3.8;0.218;28.92;9.0;59.0
2583;2024-04-17 15:00:00;2.67;4.0;10.0;14.1;42.0;82.0;35.0;708.6;0.0;56.0;3.6;0.344;28.89;9.2;61.0
2584;2024-04-17 16:00:00;2.63;3.4;9.3;12.8;38.0;87.0;37.0;708.2;0.0;62.0;3.5;0.147;27.8;6.1;90.0
2585;2024-04-17 17:00:00;2.67;4.3;9.9;14.2;36.0;86.0;37.0;707.9;0.0;64.0;3.4;0.298;27.91;7.0;83.0
2586;2024-04-17 18:00:00;2.7;3.7;12.6;16.3;33.0;74.0;;707.8;0.0;63.0;3.3;0.105;27.97;8.6;91.0
2587;2024-04-17 19:00:00;2.65;3.4;10.5;13.9;36.0;73.0;;708.0;0.0;60.0;3.3;0.084;28.21;8.3;105.0
2588;2024-04-17 20:00:00;2.64;3.0;10.4;13.5;33.0;76.0;;708.8;0.0;63.0;3.3;0.002;27.15;6.0;95.0
2589;2024-04-17 21:00:00;2.74;3.4;15.9;19.3;24.0;71.0;41.0;709.5;0.0;67.0;3.3;0.001;26.18;2.2;189.0
2590;2024-04-17 22:00:00;2.72;4.0;15.7;19.7;17.0;77.0;34.0;709.9;0.0;75.0;3.4;0.001;24.03;1.1;290.0
2591;2024-04-17 23:00:00;2.71;3.5;17.4;20.9;23.0;64.0;32.0;709.9;0.0;75.0;3.4;0.001;24.03;1.1;290.0
2592;2024-04-18 00:00:00;;;;;;;;;;;;;;;
2593;2024-04-18 01:00:00;2.61;3.2;16.1;19.3;19.0;47.0;31.0;709.4;0.0;72.0;3.4;0.001;24.23;4.5;36.0
2594;2024-04-18 02:00:00;2.52;6.1;22.2;28.3;10.0;62.0;28.0;709.5;0.0;79.0;3.4;0.001;23.49;6.0;42.0
2595;2024-04-18 03:00:00;2.53;3.2;17.2;20.3;14.0;71.0;26.0;709.6;0.0;79.0;3.3;0.001;23.37;4.3;76.0
2596;2024-04-18 04:00:00;2.49;3.1;11.0;14.1;18.0;57.0;26.0;709.3;0.0;80.0;3.3;0.001;22.97;1.7;47.0
2597;2024-04-18 05:00:00;2.5;3.5;7.7;11.2;17.0;64.0;27.0;709.0;0.0;82.0;3.3;0.001;22.58;0.8;58.0
2598;2024-04-18 06:00:00;2.52;4.3;8.8;13.1;14.0;61.0;28.0;709.1;0.0;83.0;3.3;0.001;22.3;1.4;199.0
2599;2024-04-18 07:00:00;2.75;19.2;15.0;34.2;9.0;52.0;35.0;709.6;0.0;83.0;3.4;0.007;22.18;1.8;219.0
2600;2024-04-18 08:00:00;2.86;23.4;19.2;42.6;11.0;87.0;40.0;709.9;0.0;80.0;3.4;0.091;23.06;1.8;230.0
2601;2024-04-18 09:00:00;2.95;22.8;24.9;47.7;17.0;112.0;45.0;710.1;0.0;71.0;3.4;0.306;25.34;2.8;319.0
2602;2024-04-18 10:00:00;2.93;13.2;24.9;38.1;32.0;117.0;53.0;710.3;0.0;64.0;3.5;0.476;26.77;4.4;1.0
2603;2024-04-18 11:00:00;3.19;14.7;37.4;52.1;40.0;112.0;62.0;710.3;0.0;61.0;3.5;0.556;28.06;6.3;62.0
2604;2024-04-18 12:00:00;3.04;7.6;29.4;37.0;58.0;140.0;62.0;710.2;0.0;61.0;3.6;0.503;28.12;8.7;75.0
2605;2024-04-18 13:00:00;2.89;4.9;24.9;29.8;67.0;146.0;56.0;709.9;0.0;60.0;3.5;0.34;28.22;7.7;70.0
2606;2024-04-18 14:00:00;2.91;3.0;21.9;24.9;66.0;136.0;59.0;709.6;0.0;63.0;3.5;0.042;27.25;6.5;79.0
2607;2024-04-18 15:00:00;3.14;3.8;31.4;35.3;42.0;125.0;60.0;709.6;0.0;73.0;3.5;0.029;25.48;4.5;125.0
2608;2024-04-18 16:00:00;3.06;4.6;28.1;32.7;47.0;132.0;52.0;709.4;0.0;70.0;3.4;0.168;26.0;5.2;263.0
2609;2024-04-18 17:00:00;3.16;4.8;33.2;38.0;52.0;104.0;53.0;709.7;0.0;61.0;3.5;0.177;28.1;2.8;87.0
2610;2024-04-18 18:00:00;2.88;3.0;18.5;21.5;60.0;107.0;50.0;710.7;0.0;67.0;3.4;0.06;26.86;8.6;119.0
2611;2024-04-18 19:00:00;2.99;4.4;24.2;28.6;39.0;105.0;41.0;710.8;0.0;65.0;3.4;0.009;25.88;7.8;199.0
2612;2024-04-18 20:00:00;2.71;3.3;19.8;23.1;36.0;73.0;20.0;709.5;0.0;45.0;3.4;0.002;26.5;8.3;132.0
2613;2024-04-18 21:00:00;2.34;3.1;8.2;11.4;46.0;48.0;9.0;709.2;0.0;34.0;3.6;0.001;27.86;9.0;130.0
2614;2024-04-18 22:00:00;2.55;3.4;19.8;23.2;29.0;38.0;14.0;709.5;0.0;40.0;3.6;0.001;26.14;2.7;180.0
2615;2024-04-18 23:00:00;2.63;4.3;27.8;32.1;17.0;48.0;17.0;709.8;0.0;43.0;3.6;0.001;25.25;2.5;217.0
2616;2024-04-19 00:00:00;2.55;3.8;30.4;34.2;18.0;50.0;20.0;710.8;0.0;49.0;3.6;0.001;24.76;7.1;26.0
2617;2024-04-19 01:00:00;2.65;3.9;31.6;35.5;13.0;69.0;29.0;711.5;0.0;57.0;3.8;0.001;23.68;3.1;218.0
2618;2024-04-19 02:00:00;2.76;3.5;23.7;27.2;14.0;65.0;36.0;711.0;0.0;66.0;3.7;0.001;22.96;2.6;280.0
2619;2024-04-19 03:00:00;2.78;4.2;26.5;30.8;12.0;72.0;39.0;710.3;0.0;70.0;3.5;0.001;22.34;2.2;206.0
2620;2024-04-19 04:00:00;2.71;5.2;25.5;30.6;10.0;71.0;33.0;710.1;0.0;71.0;3.6;0.001;21.82;0.5;193.0
2621;2024-04-19 05:00:00;2.75;5.4;25.3;30.7;10.0;65.0;36.0;709.9;0.0;70.0;3.5;0.001;22.23;1.7;200.0
2622;2024-04-19 06:00:00;2.74;9.1;24.6;33.8;9.0;70.0;38.0;710.0;0.0;72.0;3.6;0.001;22.24;0.3;158.0
2623;2024-04-19 07:00:00;2.95;23.3;23.9;47.2;9.0;77.0;38.0;710.2;0.0;72.0;3.7;0.016;21.89;1.6;179.0
2624;2024-04-19 08:00:00;3.0;31.4;28.7;60.1;12.0;102.0;43.0;710.2;0.0;67.0;3.8;0.098;22.98;1.4;162.0
2625;2024-04-19 09:00:00;2.87;15.7;24.8;40.5;22.0;112.0;46.0;710.4;0.0;64.0;4.0;0.308;24.56;3.8;56.0
2626;2024-04-19 10:00:00;2.84;15.6;23.8;39.4;25.0;94.0;43.0;710.7;0.0;66.0;3.9;0.41;25.15;5.7;44.0
2627;2024-04-19 11:00:00;2.87;10.2;23.0;33.2;40.0;91.0;48.0;710.8;0.0;63.0;3.8;0.496;25.7;6.2;24.0
2628;2024-04-19 12:00:00;2.96;8.4;24.2;32.6;55.0;100.0;53.0;710.6;0.0;58.0;3.8;0.77;26.97;8.2;51.0
2629;2024-04-19 13:00:00;2.81;6.6;23.3;29.9;68.0;107.0;49.0;710.2;0.0;53.0;3.8;0.791;28.08;8.4;40.0
2630;2024-04-19 14:00:00;2.63;5.5;21.0;26.5;64.0;104.0;38.0;709.8;0.0;51.0;3.9;0.309;28.33;7.8;43.0
2631;2024-04-19 15:00:00;2.61;3.3;10.6;13.9;85.0;74.0;42.0;709.3;0.0;47.0;3.9;0.415;29.57;7.9;86.0
2632;2024-04-19 16:00:00;2.59;3.3;9.7;13.0;78.0;72.0;41.0;708.8;0.0;45.0;3.9;0.409;30.4;8.7;87.0
2633;2024-04-19 17:00:00;2.65;4.0;10.4;14.4;52.0;72.0;39.0;708.4;0.0;48.0;3.8;0.338;30.51;12.8;63.0
2634;2024-04-19 18:00:00;2.64;3.6;10.0;13.6;44.0;70.0;38.0;708.1;0.0;48.0;3.8;0.166;30.39;12.3;84.0
2635;2024-04-19 19:00:00;2.67;3.2;11.0;14.2;39.0;70.0;40.0;708.2;0.0;50.0;3.9;0.019;29.72;10.5;92.0
2636;2024-04-19 20:00:00;2.65;3.0;9.5;12.5;32.0;68.0;33.0;709.1;0.0;57.0;3.8;0.001;28.37;13.6;90.0
2637;2024-04-19 21:00:00;2.54;3.0;6.9;9.9;37.0;40.0;20.0;710.0;0.0;64.0;3.6;0.001;24.71;13.7;97.0
2638;2024-04-19 22:00:00;2.47;2.8;5.0;7.8;39.0;36.0;19.0;710.2;0.0;67.0;3.4;0.001;23.86;13.8;127.0
2639;2024-04-19 23:00:00;2.51;2.7;8.6;11.3;31.0;35.0;21.0;710.3;0.0;71.0;3.5;0.001;23.78;11.9;95.0
2640;2024-04-20 00:00:00;2.59;2.8;11.4;14.5;23.0;51.0;21.61;709.9;0.0;74.0;3.4;0.001;23.34;9.7;32.0
2641;2024-04-20 01:00:00;2.56;2.6;9.4;12.3;25.0;50.0;20.54;709.7;0.0;74.0;3.4;0.001;23.28;8.0;47.0
2642;2024-04-20 02:00:00;2.53;3.0;13.5;16.8;19.0;54.0;20.02;709.8;0.0;74.0;3.5;0.001;22.69;9.6;7.0
2643;2024-04-20 03:00:00;2.54;3.4;13.3;17.0;17.0;52.0;23.12;709.9;0.0;78.0;3.5;0.001;21.74;9.7;35.0
2644;2024-04-20 04:00:00;2.5;3.7;13.6;17.6;16.0;62.0;23.22;709.9;0.0;82.0;3.4;0.001;20.93;11.4;36.0
2645;2024-04-20 05:00:00;2.48;3.3;13.8;17.4;17.0;51.0;22.52;710.0;0.0;82.0;3.5;0.001;20.8;9.3;41.0
2646;2024-04-20 06:00:00;2.49;2.7;11.6;14.5;19.0;57.0;26.61;710.1;0.0;82.0;3.5;0.001;20.88;6.4;44.0
2647;2024-04-20 07:00:00;2.53;3.1;11.6;15.0;19.0;65.0;24.13;710.3;0.0;81.0;3.5;0.007;21.02;6.4;57.0
2648;2024-04-20 08:00:00;2.58;4.4;11.1;15.8;19.0;60.0;29.47;710.6;0.0;80.0;3.5;0.033;21.21;6.9;59.0
2649;2024-04-20 09:00:00;2.66;7.2;13.2;20.7;16.0;61.0;29.0;710.9;0.0;79.0;3.5;0.067;21.6;4.9;26.0
2650;2024-04-20 10:00:00;2.71;8.1;13.4;21.8;18.0;65.0;17.24;711.1;0.0;77.0;3.4;0.143;22.14;7.4;45.0
2651;2024-04-20 11:00:00;2.73;9.3;12.2;21.8;23.0;53.0;13.13;710.9;0.0;74.0;3.4;0.329;23.1;8.3;53.0
2652;2024-04-20 12:00:00;2.67;5.8;11.3;17.4;28.0;48.0;12.82;710.5;0.0;71.0;3.4;0.188;23.51;7.8;59.0
2653;2024-04-20 13:00:00;2.61;4.8;10.1;15.1;37.0;39.0;23.87;710.0;0.0;64.0;3.4;0.29;24.92;6.6;41.0
2654;2024-04-20 14:00:00;2.64;4.4;9.6;14.2;47.0;57.0;26.62;709.4;0.0;59.0;3.5;0.508;26.43;6.3;23.0
2655;2024-04-20 15:00:00;2.67;4.0;10.6;14.9;59.0;52.0;27.41;708.8;0.0;55.0;3.5;0.711;27.94;6.9;54.0
2656;2024-04-20 16:00:00;2.68;3.6;9.2;13.0;63.0;58.0;26.38;708.1;0.0;52.0;3.4;0.615;28.88;8.2;66.0
2657;2024-04-20 17:00:00;2.59;3.0;5.6;8.7;52.0;56.0;25.94;707.5;0.0;49.0;3.4;0.423;29.8;10.9;90.0
2658;2024-04-20 18:00:00;1.86;3.0;5.8;8.9;48.0;21.0;;707.6;0.0;50.0;3.5;0.156;29.82;10.0;99.0
2659;2024-04-20 19:00:00;1.44;2.6;9.2;11.9;46.0;;;708.1;0.0;53.0;3.4;0.032;29.04;7.4;87.0
2660;2024-04-20 20:00:00;1.57;2.5;15.6;18.2;37.0;56.0;;708.5;0.0;59.0;3.3;0.001;27.79;7.6;68.0
2661;2024-04-20 21:00:00;1.69;2.5;19.9;22.6;30.0;69.0;;709.3;0.0;59.0;3.3;0.001;27.47;3.9;67.0
2662;2024-04-20 22:00:00;1.81;2.9;21.8;24.8;24.0;72.0;;710.3;0.0;60.0;3.3;0.001;26.6;6.7;75.0
2663;2024-04-20 23:00:00;1.44;2.5;7.4;10.1;46.0;118.0;;711.9;0.0;64.0;3.4;0.001;22.75;9.8;43.0
2664;2024-04-21 00:00:00;1.53;2.4;8.8;11.5;40.0;59.0;;712.2;0.0;69.0;3.3;0.001;21.9;8.3;50.0
2665;2024-04-21 01:00:00;1.67;2.3;7.1;9.7;31.0;40.0;;712.4;0.0;74.0;3.3;0.001;21.02;8.3;16.0
2666;2024-04-21 02:00:00;1.65;2.6;10.0;12.9;21.0;44.0;;712.9;0.0;75.0;3.3;0.001;19.51;10.6;55.0
2667;2024-04-21 03:00:00;1.78;2.6;6.2;9.0;23.0;41.0;;713.0;0.0;77.0;3.4;0.001;18.27;10.9;45.0
2668;2024-04-21 04:00:00;1.74;4.0;11.1;15.3;16.0;26.0;;712.8;0.0;78.0;3.4;0.001;18.29;9.0;111.0
2669;2024-04-21 05:00:00;1.74;2.9;8.9;12.0;18.0;26.0;;713.2;0.0;75.0;3.4;0.001;17.9;9.8;46.0
2670;2024-04-21 06:00:00;1.84;2.8;8.2;11.2;20.0;29.0;;713.9;0.0;74.0;3.6;0.001;17.26;12.0;61.0
2671;2024-04-21 07:00:00;1.96;2.6;7.9;10.7;22.0;26.0;;714.4;0.0;74.0;3.9;0.003;16.92;8.8;62.0
2672;2024-04-21 08:00:00;1.92;3.1;9.1;12.4;20.0;29.0;;715.1;0.0;78.0;3.8;0.019;16.43;8.8;70.0
2673;2024-04-21 09:00:00;1.95;3.5;8.5;12.2;20.0;24.0;;715.6;0.0;79.0;4.0;0.035;16.33;7.4;49.0
2674;2024-04-21 10:00:00;2.02;4.3;7.5;12.0;21.0;28.0;;716.1;0.0;76.0;4.1;0.093;16.5;9.5;39.0
2675;2024-04-21 11:00:00;2.03;4.2;6.6;11.1;24.0;27.0;;716.3;0.0;72.0;4.3;0.117;17.08;10.1;32.0
2676;2024-04-21 12:00:00;1.99;4.8;7.7;12.8;24.0;31.0;;716.2;0.0;71.0;4.2;0.127;17.17;10.2;38.0
2677;2024-04-21 13:00:00;1.95;4.1;6.5;10.8;25.0;31.0;;716.3;0.0;75.0;3.8;0.115;16.22;11.8;33.0
2678;2024-04-21 14:00:00;2.07;5.5;8.5;14.3;23.0;29.0;;716.2;0.0;83.0;3.6;0.147;15.16;9.8;45.0
2679;2024-04-21 15:00:00;2.05;5.5;9.6;15.4;22.0;27.0;;715.9;0.0;84.0;3.6;0.104;14.83;10.1;71.0
2680;2024-04-21 16:00:00;2.08;5.9;11.4;17.5;21.0;27.0;;715.5;0.0;83.0;3.5;0.081;14.98;7.9;91.0
2681;2024-04-21 17:00:00;2.04;3.3;8.9;12.4;27.0;29.0;;715.2;0.0;77.0;3.5;0.039;15.64;7.1;34.0
2682;2024-04-21 18:00:00;2.08;3.0;9.7;12.9;27.0;27.0;;715.5;0.0;79.0;3.5;0.026;15.0;6.7;45.0
2683;2024-04-21 19:00:00;2.11;2.9;11.9;15.0;27.0;27.0;;715.5;0.0;85.0;3.5;0.009;14.24;9.7;24.0
2684;2024-04-21 20:00:00;2.23;2.5;10.1;12.9;26.0;27.0;;716.0;0.0;85.0;3.4;0.001;14.04;9.9;14.0
2685;2024-04-21 21:00:00;2.6;2.6;10.1;12.9;24.0;25.0;;716.7;0.0;85.0;3.6;0.001;13.87;8.9;360.0
2686;2024-04-21 22:00:00;2.35;2.6;9.7;12.5;24.0;26.0;;717.0;0.0;86.0;3.8;0.001;13.73;9.2;9.0
2687;2024-04-21 23:00:00;2.2;3.5;14.9;18.6;18.0;22.0;;717.0;0.0;87.0;3.7;0.001;13.97;7.7;52.0
2688;2024-04-22 00:00:00;2.07;2.3;4.0;6.6;47.0;25.0;;716.9;0.0;87.0;3.7;0.001;13.63;12.2;73.0
2689;2024-04-22 01:00:00;2.08;2.3;4.3;6.7;42.0;23.0;;716.7;0.0;86.0;3.7;0.001;13.85;9.9;67.0
2690;2024-04-22 02:00:00;2.1;2.2;3.9;6.3;44.0;24.0;;716.3;0.0;86.0;3.9;0.001;13.76;8.7;60.0
2691;2024-04-22 03:00:00;2.1;2.2;3.9;6.3;46.0;22.0;;715.9;0.0;87.0;4.0;0.001;13.72;7.4;52.0
2692;2024-04-22 04:00:00;2.09;2.2;3.2;5.7;45.0;34.0;;715.7;0.0;88.0;4.4;0.001;13.6;7.9;55.0
2693;2024-04-22 05:00:00;2.1;2.2;5.5;8.0;44.0;21.0;;715.9;0.0;88.0;4.1;0.001;13.55;7.6;32.0
2694;2024-04-22 06:00:00;2.15;2.3;11.1;13.7;38.0;22.0;;716.3;0.0;88.0;4.1;0.001;13.61;6.9;21.0
2695;2024-04-22 07:00:00;2.23;3.3;15.1;18.6;33.0;33.0;;716.2;0.0;90.0;4.1;0.008;13.56;6.2;58.0
2696;2024-04-22 08:00:00;2.43;4.3;19.8;24.4;27.0;17.0;;716.2;0.0;90.0;3.9;0.032;13.89;6.1;73.0
2697;2024-04-22 09:00:00;2.45;5.7;18.7;24.7;28.0;23.0;;716.2;0.0;90.0;3.8;0.083;14.17;8.9;61.0
2698;2024-04-22 10:00:00;2.38;6.6;16.3;23.2;30.0;25.0;;716.4;0.0;88.0;3.8;0.142;14.67;9.7;60.0
2699;2024-04-22 11:00:00;2.36;5.2;14.6;20.0;32.0;36.0;;716.3;0.0;85.0;3.8;0.09;14.79;11.3;47.0
2700;2024-04-22 12:00:00;2.38;4.9;14.6;19.7;30.0;33.0;;716.1;0.0;83.0;3.7;0.084;15.23;10.6;57.0
2701;2024-04-22 13:00:00;2.35;4.2;13.1;17.4;31.0;36.0;;715.9;0.0;80.0;3.5;0.041;15.59;9.0;65.0
2702;2024-04-22 14:00:00;2.41;5.1;16.0;21.3;29.0;32.0;;715.4;0.0;85.0;3.6;0.051;14.62;12.1;49.0
2703;2024-04-22 15:00:00;2.42;6.8;17.6;24.6;25.0;40.0;;714.7;0.0;87.0;3.8;0.071;14.2;12.0;53.0
2704;2024-04-22 16:00:00;2.42;6.5;17.1;23.8;24.0;32.0;;714.2;0.0;89.0;3.8;0.045;13.76;12.1;46.0
2705;2024-04-22 17:00:00;2.41;5.0;15.5;20.7;26.0;28.0;;713.8;0.0;90.0;3.7;0.03;13.68;12.3;44.0
2706;2024-04-22 18:00:00;2.48;5.2;17.2;22.6;22.0;25.0;;713.8;0.0;90.0;3.8;0.018;13.83;11.2;44.0
2707;2024-04-22 19:00:00;2.49;5.0;18.3;23.5;19.0;25.0;;713.7;0.0;90.0;3.9;0.006;13.82;9.9;36.0
2708;2024-04-22 20:00:00;2.48;4.1;18.6;22.9;19.0;23.0;;713.9;0.0;90.0;3.8;0.001;13.82;7.4;42.0
2709;2024-04-22 21:00:00;2.39;4.1;16.4;20.7;21.0;22.0;;714.1;0.0;90.0;3.9;0.001;14.0;6.2;44.0
2710;2024-04-22 22:00:00;2.43;4.2;19.5;23.9;15.0;22.0;;714.3;0.0;90.0;3.9;0.001;14.15;4.3;350.0
2711;2024-04-22 23:00:00;2.39;4.8;21.3;26.4;13.0;26.0;;714.1;0.0;91.0;3.8;0.001;14.19;5.0;334.0
2712;2024-04-23 00:00:00;2.38;5.1;21.8;27.1;12.0;32.0;;713.7;0.0;91.0;3.8;0.001;14.43;5.0;339.0
2713;2024-04-23 01:00:00;2.31;3.8;14.8;18.8;18.0;30.0;;713.3;0.0;91.0;3.6;0.001;14.6;4.0;14.0
2714;2024-04-23 02:00:00;2.28;2.6;12.5;15.4;19.0;24.0;;712.9;0.0;91.0;3.6;0.001;14.71;3.9;345.0
2715;2024-04-23 03:00:00;2.3;2.7;14.3;17.2;16.0;21.0;;712.6;0.0;91.0;3.6;0.001;14.84;2.3;319.0
2716;2024-04-23 04:00:00;2.34;2.4;11.4;14.1;18.0;35.0;;712.8;0.0;91.0;3.6;0.001;14.88;3.8;301.0
2717;2024-04-23 05:00:00;2.37;2.5;9.4;12.2;19.0;25.0;;712.6;0.0;91.0;3.4;0.001;14.86;2.0;20.0
2718;2024-04-23 06:00:00;2.43;2.9;11.0;14.1;17.0;24.0;;712.7;0.0;;3.6;0.001;14.86;2.1;314.0
2719;2024-04-23 07:00:00;2.48;5.4;13.4;19.0;15.0;28.0;;712.7;0.0;;3.6;0.016;15.05;2.0;139.0
2720;2024-04-23 08:00:00;2.66;18.6;18.2;37.1;13.0;32.0;;712.8;0.0;;3.7;0.076;15.4;3.0;34.0
2721;2024-04-23 09:00:00;2.83;22.9;20.6;43.8;13.0;39.0;;713.1;0.0;;3.8;0.119;15.94;2.7;359.0
2722;2024-04-23 10:00:00;2.89;22.3;21.0;43.5;17.0;52.0;;713.1;0.0;90.0;3.8;0.235;17.39;2.7;360.0
2723;2024-04-23 11:00:00;2.62;11.4;16.0;27.7;23.0;49.0;;713.0;0.0;77.0;3.8;0.297;19.54;3.7;297.0
2724;2024-04-23 12:00:00;2.74;15.1;21.9;37.3;26.0;38.0;;712.8;0.0;67.0;3.8;0.378;20.5;5.0;2.0
2725;2024-04-23 13:00:00;2.82;14.0;27.4;41.7;36.0;58.0;;712.4;0.0;62.0;3.8;0.515;21.92;5.3;18.0
2726;2024-04-23 14:00:00;2.66;8.3;19.1;27.7;49.0;71.0;;711.9;0.0;62.0;3.7;0.746;22.61;8.6;41.0
2727;2024-04-23 15:00:00;2.53;5.6;12.4;18.3;51.0;61.0;;711.5;0.0;63.0;3.7;0.805;23.06;10.0;55.0
2728;2024-04-23 16:00:00;2.51;5.8;12.7;18.6;48.0;48.0;;711.1;0.0;62.0;3.7;0.634;23.68;10.8;48.0
2729;2024-04-23 17:00:00;2.53;5.3;11.0;16.5;43.0;45.0;;710.8;0.0;63.0;3.6;0.451;23.76;11.3;59.0
2730;2024-04-23 18:00:00;2.54;5.1;13.1;18.3;36.0;46.0;;710.6;0.0;64.0;3.6;0.156;23.39;9.9;54.0
2731;2024-04-23 19:00:00;2.62;4.3;16.6;21.1;28.0;46.0;;710.6;0.0;68.0;3.5;0.025;22.71;9.8;52.0
2732;2024-04-23 20:00:00;2.56;3.1;15.0;18.4;25.0;47.0;;711.0;0.0;73.0;3.6;0.002;21.74;9.0;67.0
2733;2024-04-23 21:00:00;2.58;3.4;18.8;22.5;20.0;40.0;;711.4;0.0;73.0;3.4;0.001;21.89;4.5;18.0
2734;2024-04-23 22:00:00;2.5;6.9;11.7;18.8;27.0;50.0;;711.7;0.0;75.0;3.5;0.001;21.97;5.9;69.0
2735;2024-04-23 23:00:00;2.6;5.9;18.6;24.7;19.0;45.0;;711.7;0.0;73.0;3.4;0.001;22.38;5.7;44.0
2736;2024-04-24 00:00:00;2.51;4.8;13.2;18.2;26.0;48.0;;711.5;0.0;75.0;3.4;0.001;22.24;6.8;45.0
2737;2024-04-24 01:00:00;2.45;2.4;8.6;11.2;27.0;42.0;;711.5;0.0;80.0;3.4;0.001;21.34;7.4;63.0
2738;2024-04-24 02:00:00;2.45;2.4;7.5;10.1;26.0;46.0;;711.3;0.0;83.0;3.4;0.001;20.91;6.3;65.0
2739;2024-04-24 03:00:00;2.43;2.6;6.0;8.9;26.0;52.0;;711.1;0.0;85.0;3.3;0.001;20.79;4.0;43.0
2740;2024-04-24 04:00:00;2.41;2.5;4.9;7.6;27.0;48.0;;711.1;0.0;86.0;3.3;0.001;20.7;2.9;28.0
2741;2024-04-24 05:00:00;2.39;2.4;7.5;10.1;22.0;43.0;;711.3;0.0;86.0;3.3;0.001;20.69;2.0;57.0
2742;2024-04-24 06:00:00;2.46;4.4;15.7;20.3;12.0;43.0;;711.5;0.0;86.0;3.3;0.001;20.66;2.1;342.0
2743;2024-04-24 07:00:00;2.59;10.7;17.7;28.7;11.0;60.0;;711.8;0.0;86.0;3.4;0.019;20.7;3.5;37.0
2744;2024-04-24 08:00:00;2.72;12.2;18.5;30.9;12.0;70.0;;712.1;0.0;85.0;3.4;0.041;20.77;4.4;67.0
2745;2024-04-24 09:00:00;2.76;11.7;17.0;29.0;18.0;69.0;;712.2;0.0;81.0;3.4;0.208;21.59;7.2;73.0
2746;2024-04-24 10:00:00;2.66;9.0;13.6;22.9;26.0;66.0;;712.5;0.0;73.0;3.3;0.338;22.89;9.7;64.0
2747;2024-04-24 11:00:00;2.6;6.8;11.7;18.7;36.0;56.0;;712.6;0.0;68.0;3.4;0.525;23.88;11.4;57.0
2748;2024-04-24 12:00:00;2.51;5.4;9.9;15.5;43.0;67.0;;712.5;0.0;63.0;3.6;0.546;24.96;10.9;40.0
2749;2024-04-24 13:00:00;2.5;5.0;9.3;14.5;46.0;53.0;;712.1;0.0;59.0;3.5;0.587;26.1;13.2;51.0
2750;2024-04-24 14:00:00;2.45;4.1;6.6;10.9;48.0;55.0;;711.5;0.0;52.0;3.5;0.82;27.53;13.4;81.0
2751;2024-04-24 15:00:00;2.43;3.6;5.7;9.5;48.0;50.0;;711.1;0.0;49.0;3.5;0.894;28.5;14.6;107.0
2752;2024-04-24 16:00:00;2.45;3.5;5.9;9.7;49.0;40.0;;710.6;0.0;50.0;3.5;0.681;28.56;14.7;121.0
2753;2024-04-24 17:00:00;2.44;3.2;5.7;9.1;50.0;45.0;;710.5;0.0;49.0;3.4;0.472;28.67;14.9;112.0
2754;2024-04-24 18:00:00;2.46;3.2;6.9;10.3;48.0;50.0;;710.4;0.0;49.0;3.4;0.151;28.41;15.1;109.0
2755;2024-04-24 19:00:00;2.5;2.7;8.6;11.6;45.0;48.0;;710.5;0.0;50.0;3.3;0.028;27.93;11.8;119.0
2756;2024-04-24 20:00:00;2.51;2.4;9.6;12.3;42.0;46.0;;710.7;0.0;55.0;3.3;0.001;27.06;11.0;109.0
2757;2024-04-24 21:00:00;2.48;2.7;7.2;10.1;35.0;55.0;;711.3;0.0;63.0;3.3;0.001;25.95;13.7;78.0
2758;2024-04-24 22:00:00;2.46;2.4;5.2;7.9;34.0;55.0;;711.8;0.0;69.0;3.3;0.001;24.34;13.4;80.0
2759;2024-04-24 23:00:00;2.46;2.5;6.0;8.7;30.0;47.0;;711.9;0.0;74.0;3.3;0.001;23.18;13.5;63.0
2760;2024-04-25 00:00:00;2.46;2.3;6.0;8.6;29.0;49.0;;711.8;0.0;76.0;3.3;0.001;22.73;11.2;55.0
2761;2024-04-25 01:00:00;2.44;2.3;4.3;6.8;29.0;52.0;;711.4;0.0;79.0;3.3;0.001;22.25;10.5;52.0
2762;2024-04-25 02:00:00;2.43;2.2;3.7;6.1;28.0;42.0;;710.9;0.0;81.0;3.3;0.001;21.85;9.0;48.0
2763;2024-04-25 03:00:00;2.42;2.2;3.1;5.6;28.0;44.0;;710.5;0.0;82.0;;0.001;21.68;8.9;33.0
2764;2024-04-25 04:00:00;2.43;3.6;6.8;10.6;24.0;50.0;;710.3;0.0;81.0;;0.001;21.66;7.3;27.0
2765;2024-04-25 05:00:00;2.44;2.8;7.9;10.9;22.0;46.0;;710.1;0.0;81.0;;0.001;21.58;6.6;22.0
2766;2024-04-25 06:00:00;2.47;2.8;8.4;11.4;22.0;45.0;;710.0;0.0;82.0;;0.001;21.42;8.0;46.0
2767;2024-04-25 07:00:00;2.59;5.3;14.5;20.0;14.0;54.0;;710.0;0.0;84.0;;0.008;21.01;7.6;48.0
2768;2024-04-25 08:00:00;2.76;16.6;18.0;34.9;12.0;67.0;;710.4;0.0;84.0;3.4;0.037;21.2;5.6;41.0
2769;2024-04-25 09:00:00;2.8;11.9;16.8;29.1;13.0;69.0;;710.4;0.0;82.0;3.4;0.071;21.5;7.3;54.0
2770;2024-04-25 10:00:00;2.8;11.9;16.5;28.8;16.0;75.0;;710.5;0.0;80.0;3.5;0.125;21.83;7.8;75.0
2771;2024-04-25 11:00:00;2.72;8.7;13.9;22.9;23.0;73.0;;710.4;0.0;76.0;3.4;0.269;22.68;8.6;67.0
2772;2024-04-25 12:00:00;2.62;5.9;10.6;16.8;34.0;64.0;;710.0;0.0;68.0;3.4;0.365;24.2;8.9;54.0
2773;2024-04-25 13:00:00;2.56;3.9;9.3;13.4;42.0;58.0;;709.6;0.0;61.0;3.4;0.254;25.12;6.8;41.0
2774;2024-04-25 14:00:00;2.62;4.0;11.3;15.5;46.0;51.0;;709.0;0.0;58.0;3.4;0.295;26.26;5.2;36.0
2775;2024-04-25 15:00:00;2.57;4.3;9.4;13.8;47.0;59.0;;708.1;0.0;54.0;3.4;0.625;27.53;9.1;64.0
2776;2024-04-25 16:00:00;2.56;3.8;8.7;12.8;53.0;44.0;;707.4;0.0;50.0;3.5;0.525;29.03;8.8;62.0
2777;2024-04-25 17:00:00;2.53;3.3;6.4;9.9;50.0;49.0;;707.1;0.0;49.0;3.5;0.321;29.64;11.7;110.0
2778;2024-04-25 18:00:00;2.57;3.0;8.7;11.8;47.0;137.0;;706.8;0.0;49.0;3.4;0.137;29.57;11.8;111.0
2779;2024-04-25 19:00:00;2.6;2.6;10.1;12.9;45.0;64.0;;706.6;0.0;51.0;3.4;0.03;28.9;9.3;111.0
2780;2024-04-25 20:00:00;2.6;2.4;10.0;12.6;44.0;58.0;;706.7;0.0;52.0;3.4;0.001;28.57;9.6;105.0
2781;2024-04-25 21:00:00;2.65;3.0;13.9;17.1;35.0;59.0;;706.8;0.0;55.0;3.4;0.001;28.01;10.6;74.0
2782;2024-04-25 22:00:00;2.62;2.7;12.4;15.3;28.0;70.0;;707.1;0.0;62.0;3.4;0.001;26.46;8.8;46.0
2783;2024-04-25 23:00:00;2.56;2.9;12.2;15.2;29.0;84.0;;707.1;0.0;61.0;3.4;0.001;26.08;5.9;42.0
2784;2024-04-26 00:00:00;2.46;2.3;4.0;6.5;39.0;59.0;;706.8;0.0;59.0;3.4;0.001;25.86;11.0;115.0
2785;2024-04-26 01:00:00;2.46;2.3;4.0;6.4;37.0;65.0;;706.7;0.0;63.0;3.3;0.001;25.11;8.0;63.0
2786;2024-04-26 02:00:00;2.5;3.4;18.5;22.0;18.0;52.0;;706.3;0.0;68.0;3.3;0.001;23.99;7.9;16.0
2787;2024-04-26 03:00:00;2.5;3.0;18.1;21.3;15.0;65.0;;706.1;0.0;73.0;3.4;0.001;22.66;6.8;10.0
2788;2024-04-26 04:00:00;2.47;2.9;16.4;19.4;15.0;67.0;;706.1;0.0;76.0;3.4;0.001;21.82;6.7;24.0
2789;2024-04-26 05:00:00;2.47;3.5;17.1;20.8;13.0;73.0;;706.1;0.0;79.0;3.5;0.001;21.28;4.0;36.0
2790;2024-04-26 06:00:00;2.54;3.2;17.9;21.2;12.0;70.0;;706.5;0.0;80.0;3.6;0.001;21.31;3.0;358.0
2791;2024-04-26 07:00:00;2.67;4.2;15.5;19.9;15.0;72.0;;706.8;0.0;80.0;3.5;0.014;21.5;2.7;7.0
2792;2024-04-26 08:00:00;2.77;13.0;18.3;31.6;14.0;70.0;;707.0;0.0;78.0;3.5;0.091;21.99;3.8;68.0
2793;2024-04-26 09:00:00;2.9;20.1;20.9;41.2;17.0;84.0;;707.1;0.0;72.0;3.7;0.276;23.53;4.5;61.0
2794;2024-04-26 10:00:00;3.01;25.1;26.5;51.7;23.0;102.0;;707.2;0.0;66.0;3.7;0.578;25.08;6.8;36.0
2795;2024-04-26 11:00:00;2.98;13.9;26.6;40.6;38.0;117.0;;707.1;0.0;62.0;3.8;0.719;26.15;9.2;62.0
2796;2024-04-26 12:00:00;2.81;7.2;20.7;28.1;58.0;123.0;;707.1;0.0;57.0;3.6;0.834;27.25;10.3;47.0
2797;2024-04-26 13:00:00;2.75;3.8;15.1;19.0;87.0;106.0;;706.6;0.0;51.0;3.7;0.878;28.9;9.1;44.0
2798;2024-04-26 14:00:00;2.69;3.0;12.0;15.2;101.0;100.0;;705.8;0.0;43.0;3.8;0.878;31.05;10.7;61.0
2799;2024-04-26 15:00:00;2.68;3.1;11.8;15.0;92.0;86.0;;704.9;0.0;40.0;4.1;0.771;32.45;12.9;53.0
2800;2024-04-26 16:00:00;2.63;2.9;8.9;12.0;82.0;88.0;;704.2;0.0;37.0;4.1;0.622;33.02;14.2;101.0
2801;2024-04-26 17:00:00;2.55;3.1;8.8;12.0;75.0;74.0;;703.7;0.0;35.0;4.1;0.457;33.07;15.8;125.0
2802;2024-04-26 18:00:00;2.54;2.9;8.4;11.5;67.0;66.0;;703.7;0.0;37.0;3.8;0.168;32.46;15.2;113.0
2803;2024-04-26 19:00:00;2.55;2.8;9.2;12.2;55.0;63.0;;704.4;0.0;38.0;3.8;0.029;31.47;11.7;125.0
2804;2024-04-26 20:00:00;2.59;2.4;13.1;15.6;46.0;62.0;;704.9;0.0;38.0;3.6;0.002;30.81;10.8;110.0
2805;2024-04-26 21:00:00;2.55;2.4;10.2;12.8;46.0;60.0;;705.2;0.0;40.0;3.7;0.001;30.06;10.5;115.0
2806;2024-04-26 22:00:00;2.66;2.5;15.7;18.4;37.0;52.0;;705.5;0.0;44.0;3.6;0.001;29.07;8.7;72.0
2807;2024-04-26 23:00:00;2.68;2.8;15.8;18.8;28.0;74.0;;705.6;0.0;56.0;3.6;0.001;27.25;7.5;36.0
2808;2024-04-27 00:00:00;2.61;3.8;17.7;21.7;19.0;75.0;;705.7;0.0;71.0;3.5;0.001;25.07;8.4;15.0
2809;2024-04-27 01:00:00;2.59;2.9;13.0;16.1;22.0;75.0;;705.6;0.0;76.0;3.4;0.001;23.87;8.3;13.0
2810;2024-04-27 02:00:00;2.56;2.5;7.6;10.2;27.0;60.0;;705.4;0.0;80.0;3.4;0.001;23.03;7.8;41.0
2811;2024-04-27 03:00:00;2.54;2.4;8.6;11.2;27.0;70.0;;705.4;0.0;79.0;3.4;0.001;22.93;5.6;57.0
2812;2024-04-27 04:00:00;2.56;2.3;9.5;11.9;25.0;70.0;;705.3;0.0;79.0;3.4;0.001;22.83;3.6;64.0
2813;2024-04-27 05:00:00;2.58;2.3;9.6;12.0;25.0;63.0;;705.5;0.0;79.0;3.5;0.001;22.85;5.5;68.0
2814;2024-04-27 06:00:00;2.62;2.4;12.2;14.7;23.0;77.0;;705.9;0.0;77.0;3.5;0.001;22.87;6.3;77.0
2815;2024-04-27 07:00:00;2.71;4.6;19.5;24.3;17.0;86.0;;706.3;0.0;74.0;3.4;0.024;22.91;4.8;73.0
2816;2024-04-27 08:00:00;2.85;10.2;20.7;31.2;17.0;91.0;;706.7;0.0;71.0;3.6;0.12;23.47;3.4;302.0
2817;2024-04-27 09:00:00;3.02;11.7;19.3;31.3;25.0;93.0;;706.9;0.0;67.0;3.8;0.321;24.6;5.3;357.0
2818;2024-04-27 10:00:00;3.0;15.0;25.4;40.6;30.0;98.0;;706.8;0.0;60.0;3.9;0.576;26.23;6.3;31.0
2819;2024-04-27 11:00:00;2.9;9.9;25.6;35.7;47.0;118.0;;706.6;0.0;53.0;4.3;0.723;27.64;7.7;59.0
2820;2024-04-27 12:00:00;2.8;5.5;20.5;26.2;73.0;109.0;;706.4;0.0;46.0;5.1;0.848;28.94;10.1;69.0
2821;2024-04-27 13:00:00;2.76;3.5;16.2;19.8;101.0;105.0;;705.8;0.0;39.0;5.2;0.896;30.7;9.4;77.0
2822;2024-04-27 14:00:00;2.7;3.1;11.9;15.2;98.0;97.0;;705.3;0.0;41.0;4.4;0.887;31.39;13.4;63.0
2823;2024-04-27 15:00:00;2.61;3.3;10.1;13.6;80.0;104.0;;704.6;0.0;35.0;4.7;0.782;32.74;13.9;57.0
2824;2024-04-27 16:00:00;2.35;2.9;6.0;9.1;75.0;79.0;;704.2;0.0;18.0;4.4;0.659;34.38;14.0;115.0
2825;2024-04-27 17:00:00;2.38;2.9;5.5;8.6;68.0;47.0;;704.1;0.0;23.0;4.1;0.458;33.75;14.3;104.0
2826;2024-04-27 18:00:00;2.42;2.6;5.1;7.9;65.0;52.0;;704.0;0.0;28.0;4.0;0.167;33.12;15.0;111.0
2827;2024-04-27 19:00:00;2.52;2.4;6.6;9.1;60.0;50.0;;704.1;0.0;35.0;3.9;0.031;32.13;10.6;125.0
2828;2024-04-27 20:00:00;2.57;2.3;7.7;10.2;55.0;58.0;;704.2;0.0;38.0;3.8;0.002;31.2;11.0;117.0
2829;2024-04-27 21:00:00;2.64;2.4;9.3;11.8;46.0;64.0;;704.8;0.0;46.0;3.7;0.001;30.09;10.9;95.0
2830;2024-04-27 22:00:00;2.69;2.3;6.8;9.3;39.0;80.0;;705.4;0.0;61.0;3.5;0.001;27.97;12.4;69.0
2831;2024-04-27 23:00:00;2.77;2.4;8.6;11.1;36.0;74.0;;705.6;0.0;67.0;3.4;0.001;26.43;11.4;52.0
2832;2024-04-28 00:00:00;2.78;2.3;7.9;10.4;35.0;82.0;;705.4;0.0;72.0;3.5;0.001;25.05;11.3;43.0
2833;2024-04-28 01:00:00;2.75;2.4;6.5;9.1;35.0;86.0;;705.4;0.0;76.0;3.5;0.001;24.17;11.2;45.0
2834;2024-04-28 02:00:00;2.72;2.3;6.3;8.8;34.0;85.0;;705.5;0.0;79.0;3.4;0.001;23.46;9.5;55.0
2835;2024-04-28 03:00:00;2.71;2.3;4.7;7.1;35.0;89.0;;705.3;0.0;79.0;3.4;0.001;23.35;6.0;53.0
2836;2024-04-28 04:00:00;2.72;2.3;7.3;9.8;31.0;87.0;;705.1;0.0;79.0;3.4;0.001;23.33;5.4;52.0
2837;2024-04-28 05:00:00;2.74;2.3;5.9;8.4;34.0;90.0;;705.0;0.0;80.0;3.4;0.001;23.03;5.7;49.0
2838;2024-04-28 06:00:00;2.73;2.2;4.8;7.2;33.0;93.0;;705.3;0.0;82.0;3.4;0.001;22.46;3.4;3.0
2839;2024-04-28 07:00:00;2.79;4.2;15.7;20.1;21.0;89.0;;705.9;0.0;82.0;3.4;0.03;22.46;4.2;13.0
2840;2024-04-28 08:00:00;2.85;7.8;18.0;26.1;22.0;122.0;;706.6;0.0;78.0;3.5;0.162;23.51;6.0;69.0
2841;2024-04-28 09:00:00;2.95;7.0;14.6;21.9;34.0;111.0;;707.1;0.0;68.0;3.4;0.384;25.2;8.2;55.0
2842;2024-04-28 10:00:00;2.77;6.5;14.0;20.7;41.0;97.0;;707.5;0.0;62.0;3.5;0.573;26.5;9.0;115.0
2843;2024-04-28 11:00:00;2.66;3.3;8.1;11.6;60.0;94.0;;707.5;0.0;47.0;3.9;0.724;29.58;7.7;140.0
2844;2024-04-28 12:00:00;2.49;3.0;4.8;8.0;61.0;94.0;;707.4;0.0;33.0;4.5;0.844;31.19;14.3;9.0
2845;2024-04-28 13:00:00;2.36;3.1;4.0;7.2;56.0;126.0;;707.3;0.0;26.0;4.1;0.895;31.34;18.2;26.0
2846;2024-04-28 14:00:00;2.28;3.0;3.8;6.9;61.0;110.0;;707.2;0.0;20.0;3.7;0.888;32.08;14.2;34.0
2847;2024-04-28 15:00:00;2.26;3.6;6.9;10.7;62.0;86.0;;706.9;0.0;16.0;4.7;0.795;32.88;13.5;66.0
2848;2024-04-28 16:00:00;2.23;3.5;5.9;9.5;65.0;77.0;;706.6;0.0;15.0;4.4;0.648;32.91;12.1;31.0
2849;2024-04-28 17:00:00;2.24;2.9;5.5;8.6;67.0;75.0;;706.4;0.0;14.0;4.2;0.463;33.03;10.3;39.0
2850;2024-04-28 18:00:00;2.27;3.0;8.1;11.2;66.0;68.0;;706.3;0.0;14.0;4.4;0.17;32.89;9.1;43.0
2851;2024-04-28 19:00:00;2.34;2.5;8.5;11.2;70.0;67.0;;706.4;0.0;19.0;3.7;0.032;31.95;9.4;97.0
2852;2024-04-28 20:00:00;2.33;2.4;8.3;10.9;57.0;72.0;;706.8;0.0;20.0;4.6;0.002;30.29;10.3;114.0
2853;2024-04-28 21:00:00;2.35;2.4;10.5;13.1;54.0;56.0;;707.3;0.0;21.0;3.8;0.001;29.32;9.1;100.0
2854;2024-04-28 22:00:00;2.34;2.5;10.3;12.9;54.0;51.0;;707.7;0.0;22.0;4.0;0.001;28.62;9.1;98.0
2855;2024-04-28 23:00:00;2.31;2.4;6.8;9.4;58.0;51.0;;707.8;0.0;23.0;3.9;0.001;28.12;8.7;95.0
2856;2024-04-29 00:00:00;2.31;2.4;6.3;8.8;58.0;50.0;;707.6;0.0;25.0;3.6;0.001;27.59;8.0;105.0
2857;2024-04-29 01:00:00;2.33;2.4;4.6;7.1;59.0;50.0;;707.5;0.0;31.0;3.5;0.001;27.06;7.8;120.0
2858;2024-04-29 02:00:00;2.4;2.3;5.8;8.3;53.0;49.0;;707.3;0.0;38.0;3.6;0.001;26.11;6.6;72.0
2859;2024-04-29 03:00:00;2.47;3.4;25.8;29.3;25.0;49.0;;707.3;0.0;44.0;5.2;0.001;24.65;7.4;18.0
2860;2024-04-29 04:00:00;2.52;3.1;25.6;28.9;19.0;68.0;;707.3;0.0;57.0;5.7;0.001;23.82;7.1;6.0
2861;2024-04-29 05:00:00;2.67;2.3;12.6;15.1;25.0;78.0;;707.5;0.0;73.0;3.9;0.001;22.92;6.5;40.0
2862;2024-04-29 06:00:00;2.72;2.9;12.5;15.6;23.0;79.0;;707.8;0.0;76.0;3.6;0.001;22.57;3.4;326.0
2863;2024-04-29 07:00:00;2.75;7.5;19.6;27.3;16.0;67.0;;708.1;0.0;72.0;3.7;0.018;22.64;4.0;239.0
2864;2024-04-29 08:00:00;2.83;8.7;20.5;29.4;18.0;79.0;;708.5;0.0;67.0;3.8;0.108;23.9;5.1;220.0
2865;2024-04-29 09:00:00;2.99;8.5;18.7;27.5;26.0;84.0;;708.7;0.0;64.0;3.8;0.228;25.38;5.0;353.0
2866;2024-04-29 10:00:00;2.89;6.3;17.0;23.5;33.0;98.0;;709.0;0.0;63.0;3.7;0.242;25.92;5.2;338.0
2867;2024-04-29 11:00:00;2.82;6.1;18.3;24.6;42.0;96.0;;709.1;0.0;58.0;3.7;0.31;26.8;6.9;352.0
2868;2024-04-29 12:00:00;2.72;6.0;16.2;22.4;53.0;97.0;;708.9;0.0;55.0;3.9;0.533;27.84;10.2;46.0
2869;2024-04-29 13:00:00;2.67;3.3;8.0;11.4;66.0;92.0;;708.5;0.0;52.0;4.0;0.815;29.01;12.0;64.0
2870;2024-04-29 14:00:00;2.66;3.1;8.0;11.3;77.0;;;707.8;0.0;45.0;4.0;0.833;30.46;10.3;74.0
2871;2024-04-29 15:00:00;2.68;3.0;8.1;11.2;77.0;75.0;;707.4;0.0;44.0;4.0;0.74;31.11;14.0;63.0
2872;2024-04-29 16:00:00;2.6;3.0;6.7;9.8;63.0;93.0;;707.0;0.0;40.0;4.4;0.552;31.24;13.3;81.0
2873;2024-04-29 17:00:00;2.61;3.1;7.4;10.6;56.0;72.0;;706.8;0.0;41.0;4.3;0.268;31.03;12.8;103.0
2874;2024-04-29 18:00:00;2.62;3.0;7.3;10.5;52.0;76.0;;707.0;0.0;43.0;4.3;0.143;30.35;13.1;119.0
2875;2024-04-29 19:00:00;2.63;2.6;7.3;10.1;48.0;73.0;;707.3;0.0;46.0;4.1;0.04;29.53;11.2;124.0
2876;2024-04-29 20:00:00;2.63;2.4;8.3;10.8;46.0;66.0;;707.7;0.0;48.0;3.9;0.002;28.91;11.4;120.0
2877;2024-04-29 21:00:00;2.64;2.5;10.6;13.3;41.0;64.0;;708.2;0.0;50.0;3.8;0.001;28.62;10.7;116.0
2878;2024-04-29 22:00:00;2.57;2.4;5.6;8.2;44.0;74.0;;708.7;0.0;50.0;3.7;0.001;28.21;14.0;89.0
2879;2024-04-29 23:00:00;2.55;2.3;4.9;7.4;42.0;66.0;;709.1;0.0;54.0;3.7;0.001;27.43;11.5;110.0
2880;2024-04-30 00:00:00;2.55;2.3;4.8;7.3;37.0;63.0;;709.1;0.0;62.0;3.6;0.001;26.26;12.5;97.0
2881;2024-04-30 01:00:00;2.56;2.2;3.7;6.1;34.0;65.0;;708.9;0.0;70.0;3.5;0.001;25.08;12.0;74.0
2882;2024-04-30 02:00:00;2.53;2.2;2.7;5.1;40.0;69.0;;708.9;0.0;71.0;3.5;0.001;23.87;13.8;108.0
2883;2024-04-30 03:00:00;2.51;2.2;2.0;4.4;40.0;55.0;;708.7;0.0;74.0;3.4;0.001;23.43;10.7;104.0
2884;2024-04-30 04:00:00;2.52;2.1;2.5;4.9;38.0;46.0;;708.7;0.0;74.0;3.5;0.001;23.47;8.0;58.0
2885;2024-04-30 05:00:00;2.53;2.1;2.7;5.1;37.0;58.0;;708.8;0.0;76.0;3.4;0.001;23.18;7.7;70.0
2886;2024-04-30 06:00:00;2.53;2.2;3.3;5.7;38.0;59.0;;708.9;0.0;73.0;3.4;0.001;23.28;8.5;97.0
2887;2024-04-30 07:00:00;2.58;2.5;6.3;9.1;34.0;65.0;;709.4;0.0;72.0;3.4;0.021;23.65;7.7;96.0
2888;2024-04-30 08:00:00;2.74;7.4;16.7;24.4;23.0;59.0;;709.7;0.0;70.0;3.4;0.111;24.35;6.3;59.0
2889;2024-04-30 09:00:00;2.82;6.0;15.2;21.4;26.0;79.0;;709.7;0.0;71.0;3.4;0.133;24.31;9.4;51.0
2890;2024-04-30 10:00:00;2.7;4.9;10.5;15.6;36.0;77.0;;709.6;0.0;63.0;3.5;0.291;25.84;8.8;52.0
2891;2024-04-30 11:00:00;2.71;4.4;10.6;15.2;38.0;70.0;;709.6;0.0;62.0;3.5;0.23;26.32;9.6;48.0
2892;2024-04-30 12:00:00;2.66;4.0;8.2;12.5;41.0;95.0;;709.3;0.0;60.0;3.5;0.306;26.94;11.6;58.0
2893;2024-04-30 13:00:00;2.62;3.5;6.3;10.0;46.0;75.0;;708.8;0.0;53.0;3.4;0.459;28.36;11.1;98.0
2894;2024-04-30 14:00:00;2.63;3.5;6.3;10.1;49.0;59.0;;708.1;0.0;49.0;3.4;0.581;29.58;11.4;88.0
2895;2024-04-30 15:00:00;2.62;3.5;5.7;9.4;49.0;67.0;;707.5;0.0;47.0;3.3;0.68;30.5;13.2;84.0
2896;2024-04-30 16:00:00;2.62;3.2;5.7;9.0;50.0;75.0;;707.1;0.0;45.0;3.4;0.551;31.05;12.5;108.0
2897;2024-04-30 17:00:00;2.62;3.0;5.8;9.0;51.0;58.0;;706.7;0.0;46.0;3.5;0.391;30.9;15.8;121.0
2898;2024-04-30 18:00:00;2.65;2.8;6.4;9.4;50.0;64.0;;706.7;0.0;46.0;3.5;0.164;30.62;14.9;122.0
2899;2024-04-30 19:00:00;2.67;2.9;8.2;11.2;47.0;66.0;;706.6;0.0;47.0;3.5;0.034;29.93;12.8;129.0
2900;2024-04-30 20:00:00;2.67;2.4;11.6;14.2;42.0;65.0;;706.8;0.0;49.0;3.5;0.001;29.47;12.5;117.0
2901;2024-04-30 21:00:00;2.63;2.8;8.2;11.2;42.0;72.0;;707.1;0.0;53.0;3.4;0.001;28.73;13.5;86.0
2902;2024-04-30 22:00:00;2.62;2.5;6.2;9.0;35.0;61.0;;707.8;0.0;63.0;3.4;0.001;26.81;17.4;68.0
2903;2024-04-30 23:00:00;2.59;2.3;4.5;7.0;35.0;83.0;;707.9;0.0;66.0;3.4;0.001;25.68;17.0;64.0
2904;2024-05-01 00:00:00;;;;;;;;;;;;;;;
2905;2024-05-01 01:00:00;2.57;2.2;3.9;6.3;33.0;63.0;;707.8;0.0;74.0;3.3;0.001;24.09;12.8;60.0
2906;2024-05-01 02:00:00;2.55;2.2;3.1;5.5;32.0;79.0;;707.3;0.0;78.0;3.4;0.001;23.56;10.7;67.0
2907;2024-05-01 03:00:00;2.55;2.1;3.0;5.4;31.0;61.0;;706.8;0.0;81.0;3.3;0.001;23.04;9.0;49.0
2908;2024-05-01 04:00:00;2.55;2.1;3.2;5.6;30.0;53.0;;706.8;0.0;81.0;3.4;0.001;22.89;7.3;41.0
2909;2024-05-01 05:00:00;2.55;2.1;3.3;5.7;29.0;46.0;;706.9;0.0;82.0;3.4;0.001;22.68;8.4;51.0
2910;2024-05-01 06:00:00;2.56;2.3;4.7;7.3;27.0;50.0;;706.9;0.0;82.0;3.3;0.001;22.66;7.9;56.0
2911;2024-05-01 07:00:00;2.58;2.4;6.7;9.3;24.0;40.0;;707.2;0.0;83.0;3.4;0.009;22.45;8.4;63.0
2912;2024-05-01 08:00:00;2.61;3.1;7.9;11.2;23.0;39.0;;707.3;0.0;82.0;3.4;0.052;22.79;6.3;55.0
2913;2024-05-01 09:00:00;2.65;4.2;8.7;13.1;23.0;35.0;;707.3;0.0;80.0;3.4;0.13;23.45;6.8;57.0
2914;2024-05-01 10:00:00;2.66;6.5;10.5;17.3;23.0;55.0;;707.3;0.0;76.0;3.4;0.233;24.21;8.0;51.0
2915;2024-05-01 11:00:00;2.71;7.9;12.9;21.1;28.0;61.0;;707.1;0.0;71.0;3.5;0.348;25.29;8.8;52.0
2916;2024-05-01 12:00:00;2.68;8.5;17.9;26.6;35.0;64.0;;706.9;0.0;64.0;3.5;0.327;26.44;8.5;32.0
2917;2024-05-01 13:00:00;2.68;4.5;12.6;17.3;50.0;87.0;;706.3;0.0;61.0;3.5;0.293;27.13;6.5;2.0
2918;2024-05-01 14:00:00;2.8;3.9;11.0;15.1;67.0;71.0;;705.5;0.0;55.0;3.5;0.817;28.97;8.8;55.0
2919;2024-05-01 15:00:00;2.87;3.0;6.7;9.8;66.0;72.0;;704.9;0.0;49.0;3.4;0.75;30.59;9.9;69.0
2920;2024-05-01 16:00:00;2.7;3.0;4.2;7.4;53.0;61.0;;704.2;0.0;44.0;3.4;0.598;31.71;14.0;113.0
2921;2024-05-01 17:00:00;2.62;2.7;3.7;6.5;56.0;62.0;;703.9;0.0;41.0;3.5;0.419;32.08;14.7;120.0
2922;2024-05-01 18:00:00;2.64;2.5;4.3;7.0;55.0;65.0;;703.6;0.0;44.0;3.4;0.161;31.93;14.2;114.0
2923;2024-05-01 19:00:00;2.67;2.4;4.9;7.5;53.0;68.0;;703.7;0.0;47.0;3.4;0.034;31.2;12.3;102.0
2924;2024-05-01 20:00:00;2.69;2.3;6.0;8.5;49.0;65.0;;704.0;0.0;50.0;3.4;0.002;30.51;14.0;97.0
2925;2024-05-01 21:00:00;2.7;2.5;5.5;8.2;36.0;66.0;;704.5;0.0;60.0;3.4;0.001;28.71;13.1;73.0
2926;2024-05-01 22:00:00;2.7;2.4;5.6;8.2;32.0;81.0;;705.1;0.0;67.0;3.4;0.001;27.25;11.5;56.0
2927;2024-05-01 23:00:00;2.71;2.4;6.3;8.9;29.0;69.0;;705.2;0.0;70.0;3.4;0.001;26.22;11.0;54.0
2928;2024-05-02 00:00:00;2.68;2.3;7.1;9.6;27.0;64.0;;705.0;0.0;74.0;3.4;0.001;25.33;11.8;44.0
2929;2024-05-02 01:00:00;2.66;2.3;7.2;9.8;26.0;69.0;;705.0;0.0;75.0;3.4;0.001;24.92;9.0;45.0
2930;2024-05-02 02:00:00;2.66;2.9;13.3;16.4;19.0;64.0;;704.7;0.0;77.0;3.3;0.001;24.67;5.4;11.0
2931;2024-05-02 03:00:00;2.72;2.2;11.5;13.9;20.0;74.0;;704.4;0.0;77.0;3.4;0.001;24.6;4.2;30.0
2932;2024-05-02 04:00:00;2.79;2.2;10.8;13.2;21.0;104.0;;704.5;0.0;76.0;3.4;0.001;24.73;4.7;37.0
2933;2024-05-02 05:00:00;2.83;2.2;11.9;14.4;20.0;97.0;;704.8;0.0;77.0;3.4;0.001;24.53;6.0;24.0
2934;2024-05-02 06:00:00;2.84;2.8;13.1;16.2;18.0;84.0;;705.4;0.0;77.0;3.3;0.002;24.47;6.1;20.0
2935;2024-05-02 07:00:00;2.98;5.7;17.7;23.7;15.0;111.0;;705.9;0.0;77.0;3.4;0.026;24.62;3.3;25.0
2936;2024-05-02 08:00:00;3.02;10.6;18.7;29.6;16.0;115.0;;706.3;0.0;74.0;3.4;0.103;25.26;4.3;18.0
2937;2024-05-02 09:00:00;3.11;20.1;22.9;43.3;18.0;85.0;;706.4;0.0;70.0;3.5;0.323;26.31;6.4;52.0
2938;2024-05-02 10:00:00;3.15;19.9;26.8;46.9;24.0;92.0;;706.3;0.0;64.0;3.5;0.52;27.95;6.8;64.0
2939;2024-05-02 11:00:00;3.16;12.4;29.7;42.3;43.0;120.0;;706.1;0.0;56.0;3.6;0.719;29.69;8.2;53.0
2940;2024-05-02 12:00:00;3.06;5.6;24.0;29.8;77.0;115.0;47.0;705.7;0.0;38.0;3.6;0.835;32.75;8.9;38.0
2941;2024-05-02 13:00:00;2.95;4.0;21.1;25.3;94.0;113.0;;705.1;0.0;31.0;4.0;0.676;34.26;9.9;55.0
2942;2024-05-02 14:00:00;2.25;3.4;7.2;10.8;71.0;123.0;;704.6;0.0;1.0;3.5;0.804;37.48;15.5;304.0
2943;2024-05-02 15:00:00;2.27;3.4;7.9;11.4;72.0;60.0;;704.0;0.0;1.0;3.5;0.768;38.11;14.1;316.0
2944;2024-05-02 16:00:00;2.25;3.3;7.3;10.8;76.0;41.0;;703.6;0.0;1.0;3.5;0.676;38.8;12.3;324.0
2945;2024-05-02 17:00:00;2.27;3.0;8.4;11.6;76.0;28.0;;703.5;0.0;3.0;3.7;0.444;39.04;9.8;339.0
2946;2024-05-02 18:00:00;2.67;3.2;11.4;14.8;58.0;36.0;;703.9;0.0;31.0;4.3;0.171;35.25;18.7;54.0
2947;2024-05-02 19:00:00;2.73;2.9;10.1;13.2;43.0;98.0;;704.7;0.0;42.0;3.6;0.03;32.55;18.0;73.0
2948;2024-05-02 20:00:00;2.76;3.0;16.3;19.4;32.0;74.0;;705.7;0.0;49.0;3.6;0.001;30.9;15.8;52.0
2949;2024-05-02 21:00:00;2.75;2.6;15.4;18.2;32.0;86.0;;706.2;0.0;54.0;3.5;0.001;29.49;12.3;57.0
2950;2024-05-02 22:00:00;2.8;2.6;15.8;18.5;31.0;66.0;;706.4;0.0;57.0;3.4;0.001;28.99;12.0;55.0
2951;2024-05-02 23:00:00;2.75;2.3;8.7;11.1;40.0;81.0;;706.5;0.0;60.0;3.4;0.001;28.62;11.9;73.0
2952;2024-05-03 00:00:00;2.66;2.2;3.6;6.0;42.0;87.0;;706.0;0.0;64.0;3.3;0.001;27.95;11.3;110.0
2953;2024-05-03 01:00:00;2.67;2.1;4.4;6.8;38.0;47.0;;706.1;0.0;68.0;3.3;0.001;27.11;10.1;57.0
2954;2024-05-03 02:00:00;2.64;2.2;4.9;7.3;30.0;64.0;;706.3;0.0;76.0;3.3;0.001;26.01;11.9;57.0
2955;2024-05-03 03:00:00;2.61;2.2;3.7;6.2;28.0;72.0;;706.2;0.0;79.0;3.4;0.001;25.31;10.8;55.0
2956;2024-05-03 04:00:00;2.62;2.1;3.0;5.3;31.0;53.0;;706.4;0.0;78.0;3.5;0.001;25.2;9.7;56.0
2957;2024-05-03 05:00:00;2.63;2.1;4.3;6.7;34.0;54.0;;706.6;0.0;76.0;3.4;0.001;25.2;9.7;44.0
2958;2024-05-03 06:00:00;2.67;3.5;7.4;11.2;37.0;79.0;;707.0;0.0;71.0;3.4;0.001;25.5;6.8;46.0
2959;2024-05-03 07:00:00;2.77;3.4;14.3;18.0;28.0;72.0;;707.0;0.0;70.0;3.4;0.042;25.62;2.2;257.0
2960;2024-05-03 08:00:00;2.83;5.5;15.5;21.2;30.0;90.0;;706.9;0.0;65.0;3.4;0.187;27.18;4.0;314.0
2961;2024-05-03 09:00:00;2.97;9.9;20.9;31.1;32.0;77.0;;707.2;0.0;60.0;3.4;0.366;28.54;6.2;17.0
2962;2024-05-03 10:00:00;3.13;14.7;28.9;43.7;36.0;83.0;;707.3;0.0;58.0;3.5;0.534;29.48;9.9;48.0
2963;2024-05-03 11:00:00;2.85;6.4;16.9;23.5;49.0;105.0;;707.5;0.0;58.0;3.5;0.583;29.62;12.0;55.0
2964;2024-05-03 12:00:00;2.76;3.7;8.8;12.7;56.0;93.0;;707.3;0.0;58.0;3.4;0.797;30.09;13.6;55.0
2965;2024-05-03 13:00:00;2.75;3.4;8.7;12.3;61.0;89.0;;707.0;0.0;57.0;3.4;0.794;30.31;14.2;52.0
2966;2024-05-03 14:00:00;2.8;3.0;8.9;12.1;68.0;95.0;;706.7;0.0;54.0;3.4;0.649;31.02;13.8;66.0
2967;2024-05-03 15:00:00;2.77;2.9;8.0;11.2;60.0;102.0;;706.2;0.0;52.0;3.4;0.471;31.4;14.3;71.0
2968;2024-05-03 16:00:00;2.75;3.4;6.9;10.5;46.0;87.0;;705.7;0.0;52.0;3.4;0.44;31.41;15.8;78.0
2969;2024-05-03 17:00:00;2.75;3.4;7.7;11.3;46.0;79.0;;705.5;0.0;54.0;3.4;0.349;30.91;18.1;77.0
2970;2024-05-03 18:00:00;2.75;2.9;7.8;10.9;43.0;78.0;;705.3;0.0;56.0;3.5;0.162;30.22;18.4;80.0
2971;2024-05-03 19:00:00;2.76;2.6;7.0;9.7;40.0;82.0;;705.8;0.0;58.0;3.4;0.025;29.43;15.4;105.0
2972;2024-05-03 20:00:00;2.71;2.3;5.1;7.6;39.0;74.0;;706.0;0.0;60.0;3.5;0.001;28.73;14.3;126.0
2973;2024-05-03 21:00:00;2.71;2.4;5.3;8.0;37.0;65.0;;706.0;0.0;63.0;3.4;0.001;27.94;14.9;122.0
2974;2024-05-03 22:00:00;2.69;2.3;4.5;7.1;35.0;69.0;;706.9;0.0;67.0;3.4;0.001;27.2;17.3;114.0
2975;2024-05-03 23:00:00;2.67;2.2;5.7;8.1;31.0;82.0;;707.8;0.0;69.0;3.4;0.001;26.7;12.6;101.0
2976;2024-05-04 00:00:00;2.68;2.1;5.5;7.9;35.0;61.0;;708.1;0.0;68.0;3.4;0.001;25.7;11.9;72.0
2977;2024-05-04 01:00:00;2.64;2.1;4.9;7.2;42.0;51.0;;707.9;0.0;62.0;3.4;0.001;25.53;10.2;67.0
2978;2024-05-04 02:00:00;2.6;2.2;3.7;6.1;46.0;32.0;;707.8;0.0;62.0;3.4;0.001;24.66;10.6;52.0
2979;2024-05-04 03:00:00;2.59;2.2;3.0;5.3;45.0;45.0;;707.4;0.0;65.0;3.4;0.001;24.27;8.1;72.0
2980;2024-05-04 04:00:00;2.57;2.1;2.5;4.9;43.0;37.0;;707.1;0.0;68.0;3.5;0.001;23.94;6.7;76.0
2981;2024-05-04 05:00:00;2.58;2.1;2.8;5.2;41.0;40.0;;707.1;0.0;70.0;3.4;0.001;23.93;7.1;65.0
2982;2024-05-04 06:00:00;2.62;3.9;17.8;21.9;23.0;42.0;;707.1;0.0;73.0;3.5;0.001;23.6;7.7;30.0
2983;2024-05-04 07:00:00;2.65;2.5;12.1;14.8;29.0;54.0;;707.6;0.0;76.0;3.4;0.011;23.26;5.1;47.0
2984;2024-05-04 08:00:00;2.65;2.5;8.0;10.8;32.0;56.0;;708.1;0.0;78.0;3.3;0.045;23.21;2.5;3.0
2985;2024-05-04 09:00:00;2.73;4.9;11.4;16.5;31.0;49.0;;708.2;0.0;71.0;3.5;0.211;24.89;5.6;74.0
2986;2024-05-04 10:00:00;2.95;16.5;23.8;40.5;22.0;55.0;;708.3;0.0;70.0;3.5;0.253;25.51;7.4;38.0
2987;2024-05-04 11:00:00;2.9;10.1;18.9;29.2;31.0;78.0;;708.3;0.0;68.0;3.5;0.347;26.15;8.5;56.0
2988;2024-05-04 12:00:00;2.87;4.7;12.6;17.4;45.0;72.0;;708.2;0.0;66.0;3.4;0.404;26.93;10.5;60.0
2989;2024-05-04 13:00:00;2.85;4.8;10.8;15.8;44.0;57.0;;707.7;0.0;65.0;3.4;0.62;27.33;12.0;64.0
2990;2024-05-04 14:00:00;2.77;4.0;8.3;12.5;46.0;54.0;22.82;707.4;0.0;60.0;3.4;0.564;28.53;13.2;49.0
2991;2024-05-04 15:00:00;2.77;3.4;7.0;10.7;44.0;52.0;23.28;707.0;0.0;57.0;3.5;0.437;28.99;13.8;81.0
2992;2024-05-04 16:00:00;2.71;2.9;4.7;7.8;45.0;46.0;25.86;706.6;0.0;54.0;3.5;0.427;29.43;13.2;117.0
2993;2024-05-04 17:00:00;2.67;2.5;4.3;7.0;48.0;52.0;28.74;706.4;0.0;53.0;3.4;0.237;29.24;13.6;122.0
2994;2024-05-04 18:00:00;2.71;2.4;4.9;7.6;48.0;62.0;33.13;706.4;0.0;55.0;3.5;0.11;28.69;13.9;111.0
2995;2024-05-04 19:00:00;2.73;2.3;5.6;8.1;48.0;65.0;38.85;706.3;0.0;59.0;3.5;0.052;28.12;14.9;100.0
2996;2024-05-04 20:00:00;2.77;2.2;6.9;9.3;44.0;65.0;40.77;706.6;0.0;63.0;3.4;0.002;27.35;12.8;98.0
2997;2024-05-04 21:00:00;2.74;2.3;5.0;7.4;41.0;68.0;41.41;706.2;0.0;65.0;3.4;0.001;26.98;15.6;118.0
2998;2024-05-04 22:00:00;2.73;2.2;5.2;7.6;36.0;65.0;37.5;706.4;0.0;68.0;3.4;0.001;26.71;13.0;95.0
2999;2024-05-04 23:00:00;2.68;2.3;5.1;7.6;31.0;93.0;27.0;706.9;0.0;72.0;3.3;0.001;25.64;15.1;65.0
3000;2024-05-05 00:00:00;2.65;2.1;4.3;6.7;32.0;66.0;25.99;706.9;0.0;75.0;3.4;0.001;24.7;13.2;61.0
3001;2024-05-05 01:00:00;2.66;2.1;4.5;6.8;31.0;60.0;24.09;707.0;0.0;81.0;3.4;0.001;23.63;10.9;51.0
3002;2024-05-05 02:00:00;2.68;2.2;5.0;7.5;29.0;50.0;27.5;706.6;0.0;83.0;3.4;0.001;23.31;6.6;39.0
3003;2024-05-05 03:00:00;2.69;2.1;5.8;8.1;27.0;64.0;30.77;706.0;0.0;82.0;3.4;0.001;23.36;7.4;75.0
3004;2024-05-05 04:00:00;2.68;3.5;9.0;12.8;23.0;83.0;34.56;705.8;0.0;81.0;3.5;0.001;23.43;5.2;47.0
3005;2024-05-05 05:00:00;2.69;3.6;16.2;20.0;15.0;82.0;37.84;706.0;0.0;81.0;3.5;0.001;23.47;4.7;22.0
3006;2024-05-05 06:00:00;2.74;2.2;11.1;13.5;20.0;101.0;33.25;706.4;0.0;81.0;3.4;0.001;23.55;4.7;
3007;2024-05-05 07:00:00;2.77;2.7;12.5;15.5;19.0;75.0;31.0;707.3;0.0;81.0;3.4;0.018;23.7;6.4;359.0
3008;2024-05-05 08:00:00;2.98;4.7;10.3;15.3;23.0;64.0;40.21;707.9;0.0;79.0;3.4;0.165;24.28;7.3;28.0
3009;2024-05-05 09:00:00;2.81;8.8;15.5;24.6;21.0;88.0;39.34;708.3;0.0;75.0;3.5;0.203;25.05;8.6;81.0
3010;2024-05-05 10:00:00;2.76;6.5;12.2;18.9;28.0;71.0;38.64;708.5;0.0;71.0;3.5;0.318;25.94;8.7;76.0
3011;2024-05-05 11:00:00;2.74;3.5;8.6;12.4;43.0;70.0;37.6;708.4;0.0;65.0;3.5;0.29;26.85;9.1;82.0
3012;2024-05-05 12:00:00;2.72;3.0;7.4;10.6;60.0;63.0;36.76;708.1;0.0;58.0;3.5;0.417;28.52;8.6;82.0
3013;2024-05-05 13:00:00;2.75;2.5;6.1;8.8;74.0;62.0;36.2;707.6;0.0;53.0;3.5;0.756;29.86;9.3;62.0
3014;2024-05-05 14:00:00;2.75;2.5;6.0;8.7;81.0;74.0;36.35;706.9;0.0;47.0;3.4;0.864;31.49;11.1;61.0
3015;2024-05-05 15:00:00;2.74;2.5;5.3;8.0;76.0;63.0;39.22;706.2;0.0;47.0;3.5;0.767;31.8;12.8;57.0
3016;2024-05-05 16:00:00;2.72;2.5;5.2;7.8;75.0;61.0;39.55;705.9;0.0;43.0;3.5;0.605;32.57;12.0;84.0
3017;2024-05-05 17:00:00;2.7;2.4;4.6;7.2;72.0;60.0;37.91;705.9;0.0;42.0;3.4;0.431;32.83;11.5;105.0
3018;2024-05-05 18:00:00;2.69;2.3;4.9;7.4;69.0;62.0;38.87;706.0;0.0;43.0;3.4;0.172;32.16;12.6;91.0
3019;2024-05-05 19:00:00;2.71;2.3;6.4;8.9;65.0;60.0;37.51;706.5;0.0;44.0;3.5;0.042;31.45;12.0;102.0
3020;2024-05-05 20:00:00;2.7;2.1;5.6;7.9;64.0;59.0;36.31;707.2;0.0;47.0;3.4;0.002;30.52;11.5;125.0
3021;2024-05-05 21:00:00;2.7;2.2;8.4;10.7;47.0;61.0;33.04;707.7;0.0;51.0;3.4;0.001;29.81;16.5;81.0
3022;2024-05-05 22:00:00;2.66;2.2;4.6;7.0;33.0;70.0;24.39;708.2;0.0;66.0;3.5;0.001;27.12;18.8;72.0
3023;2024-05-05 23:00:00;2.64;2.1;3.2;5.5;33.0;74.0;21.46;708.4;0.0;71.0;3.5;0.001;26.05;12.2;86.0
3024;2024-05-06 00:00:00;2.63;2.1;2.6;4.9;34.0;50.0;20.87;708.4;0.0;71.0;3.5;0.001;25.95;11.4;106.0
3025;2024-05-06 01:00:00;2.62;2.0;2.4;4.7;34.0;58.0;22.72;708.1;0.0;71.0;3.4;0.001;25.81;9.6;100.0
3026;2024-05-06 02:00:00;2.63;2.1;4.1;6.4;31.0;68.0;24.46;707.7;0.0;74.0;3.4;0.001;25.36;7.8;39.0
3027;2024-05-06 03:00:00;2.62;2.0;3.0;5.3;30.0;47.0;23.97;707.2;0.0;78.0;3.4;0.001;24.42;8.1;66.0
3028;2024-05-06 04:00:00;2.63;2.0;3.8;6.1;28.0;50.0;25.18;707.0;0.0;79.0;3.4;0.001;24.2;5.5;46.0
3029;2024-05-06 05:00:00;2.64;2.5;10.7;13.4;21.0;79.0;26.6;706.8;0.0;79.0;3.5;0.001;24.17;4.4;54.0
3030;2024-05-06 06:00:00;2.69;8.4;19.8;28.4;12.0;73.0;32.68;706.9;0.0;79.0;3.6;0.002;24.06;5.2;62.0
3031;2024-05-06 07:00:00;2.76;5.6;18.6;24.5;14.0;82.0;31.5;707.2;0.0;79.0;3.5;0.02;23.99;6.3;64.0
3032;2024-05-06 08:00:00;2.91;9.7;19.3;29.3;15.0;93.0;34.97;707.5;0.0;78.0;3.5;0.074;24.14;7.1;67.0
3033;2024-05-06 09:00:00;3.01;14.4;22.3;36.9;16.0;94.0;42.73;707.6;0.0;77.0;3.5;0.125;24.35;7.9;58.0
3034;2024-05-06 10:00:00;3.05;21.0;26.1;47.2;17.0;101.0;51.37;707.6;0.0;73.0;3.7;0.214;25.15;7.8;33.0
3035;2024-05-06 11:00:00;3.04;13.5;23.3;37.1;27.0;103.0;52.12;707.6;0.0;66.0;3.5;0.465;26.71;8.3;65.0
3036;2024-05-06 12:00:00;2.99;7.6;20.3;28.2;51.0;104.0;48.5;707.1;0.0;56.0;3.6;0.786;28.8;7.9;50.0
3037;2024-05-06 13:00:00;2.97;4.8;18.5;23.4;80.0;97.0;47.87;706.4;0.0;51.0;3.4;0.857;30.29;8.7;60.0
3038;2024-05-06 14:00:00;2.96;2.7;13.1;16.0;110.0;97.0;47.59;705.7;0.0;45.0;3.5;0.85;31.94;10.7;55.0
3039;2024-05-06 15:00:00;2.89;2.8;10.9;13.9;94.0;92.0;40.91;705.1;0.0;41.0;3.4;0.758;33.6;13.2;41.0
3040;2024-05-06 16:00:00;2.83;3.1;9.9;13.3;75.0;73.0;33.05;704.6;0.0;38.0;3.5;0.597;34.53;14.1;61.0
3041;2024-05-06 17:00:00;2.7;2.8;7.6;10.5;66.0;72.0;28.39;704.4;0.0;34.0;3.5;0.437;34.89;14.0;121.0
3042;2024-05-06 18:00:00;2.7;2.7;9.1;12.0;59.0;60.0;26.24;704.5;0.0;34.0;3.6;0.166;34.45;12.8;121.0
3043;2024-05-06 19:00:00;2.75;2.5;11.9;14.5;51.0;62.0;27.83;704.8;0.0;37.0;3.6;0.026;33.41;11.1;103.0
3044;2024-05-06 20:00:00;2.75;2.3;10.8;13.2;48.0;57.0;28.56;705.1;0.0;39.0;3.5;0.003;32.6;9.6;123.0
3045;2024-05-06 21:00:00;2.74;2.2;9.3;11.6;48.0;64.0;30.25;705.4;0.0;42.0;3.6;0.001;31.9;9.4;114.0
3046;2024-05-06 22:00:00;2.75;2.2;10.5;12.9;40.0;56.0;31.25;705.7;0.0;46.0;3.5;0.001;31.15;8.9;80.0
3047;2024-05-06 23:00:00;2.76;3.0;13.6;16.8;28.0;63.0;33.26;705.7;0.0;55.0;3.5;0.001;29.9;8.3;25.0
3048;2024-05-07 00:00:00;2.77;3.1;13.8;17.1;23.0;60.0;35.86;705.9;0.0;65.0;3.5;0.001;28.06;8.0;27.0
3049;2024-05-07 01:00:00;2.72;2.1;5.5;7.8;28.0;63.0;31.74;705.9;0.0;73.0;3.5;0.001;26.26;7.5;35.0
3050;2024-05-07 02:00:00;2.72;2.0;5.3;7.6;27.0;80.0;31.75;705.7;0.0;75.0;3.5;0.001;25.65;5.5;27.0
3051;2024-05-07 03:00:00;2.7;2.1;4.9;7.2;26.0;73.0;32.04;705.5;0.0;78.0;3.4;0.001;24.98;5.6;35.0
3052;2024-05-07 04:00:00;2.72;4.4;15.2;19.9;17.0;88.0;36.17;705.5;0.0;79.0;3.5;0.001;24.69;2.2;17.0
3053;2024-05-07 05:00:00;2.76;5.2;22.4;27.9;10.0;89.0;38.55;705.5;0.0;81.0;3.5;0.001;24.23;1.8;249.0
3054;2024-05-07 06:00:00;2.81;8.1;20.0;28.4;10.0;70.0;38.69;705.6;0.0;81.0;3.5;0.003;23.95;1.7;222.0
3055;2024-05-07 07:00:00;2.86;11.5;18.6;30.5;12.0;57.0;36.51;705.9;0.0;80.0;3.5;0.059;24.64;2.2;244.0
3056;2024-05-07 08:00:00;3.04;13.6;17.8;31.7;17.0;74.0;39.5;706.3;0.0;70.0;3.6;0.216;26.69;3.6;22.0
3057;2024-05-07 09:00:00;3.11;16.1;29.1;45.4;26.0;118.0;40.28;706.4;0.0;53.0;3.5;0.442;29.54;4.5;57.0
3058;2024-05-07 10:00:00;3.62;20.4;44.0;64.6;32.0;100.0;54.18;706.3;0.0;49.0;3.6;0.54;31.29;8.0;48.0
3059;2024-05-07 11:00:00;3.13;12.6;34.7;47.5;45.0;151.0;47.21;706.1;0.0;41.0;3.5;0.749;32.51;9.8;81.0
3060;2024-05-07 12:00:00;2.98;5.3;26.4;31.9;83.0;124.0;41.37;705.8;0.0;29.0;4.6;0.882;35.16;8.9;82.0
3061;2024-05-07 13:00:00;2.74;3.0;16.6;19.8;117.0;107.0;35.23;705.3;0.0;21.0;6.8;0.82;37.23;9.8;87.0
3062;2024-05-07 14:00:00;2.72;2.7;13.9;16.6;127.0;93.0;31.32;705.0;0.0;18.0;5.6;0.602;38.03;9.4;98.0
3063;2024-05-07 15:00:00;2.81;2.6;13.0;15.7;122.0;80.0;44.91;704.6;0.0;30.0;4.7;0.512;36.73;15.7;74.0
3064;2024-05-07 16:00:00;2.78;2.7;10.9;13.7;97.0;109.0;43.62;704.2;0.0;32.0;4.4;0.455;36.34;15.3;90.0
3065;2024-05-07 17:00:00;2.75;2.6;9.5;12.3;84.0;97.0;37.39;703.9;0.0;31.0;4.4;0.328;35.92;15.7;114.0
3066;2024-05-07 18:00:00;2.76;2.5;9.5;12.2;70.0;82.0;34.47;704.1;0.0;33.0;4.1;0.144;35.28;13.8;114.0
3067;2024-05-07 19:00:00;2.79;2.4;9.9;12.5;58.0;76.0;35.61;704.2;0.0;37.0;3.8;0.039;34.24;13.5;108.0
3068;2024-05-07 20:00:00;2.82;2.2;10.1;12.5;52.0;69.0;36.63;704.5;0.0;41.0;3.6;0.002;33.26;11.0;95.0
3069;2024-05-07 21:00:00;2.88;2.9;10.2;13.3;40.0;63.0;45.62;705.0;0.0;51.0;3.6;0.001;31.93;11.6;75.0
3070;2024-05-07 22:00:00;2.85;2.2;7.2;9.6;41.0;92.0;49.74;705.2;0.0;57.0;3.4;0.001;30.82;12.5;106.0
3071;2024-05-07 23:00:00;2.81;2.1;4.9;7.2;43.0;74.0;50.24;705.2;0.0;59.0;3.4;0.001;30.09;11.2;101.0
3072;2024-05-08 00:00:00;2.81;2.1;4.4;6.7;39.0;87.0;49.8;705.1;0.0;62.0;3.5;0.001;29.47;10.8;73.0
3073;2024-05-08 01:00:00;2.81;2.2;6.2;8.7;28.0;75.0;45.27;704.9;0.0;69.0;3.4;0.001;27.89;8.2;37.0
3074;2024-05-08 02:00:00;2.8;3.1;5.1;8.4;27.0;74.0;40.94;704.6;0.0;73.0;3.5;0.001;26.93;6.9;47.0
3075;2024-05-08 03:00:00;2.77;2.7;5.9;8.9;26.0;92.0;39.76;704.2;0.0;75.0;3.5;0.001;26.24;4.2;8.0
3076;2024-05-08 04:00:00;2.83;3.4;17.9;21.6;12.0;65.0;42.08;704.0;0.0;77.0;3.5;0.001;25.82;3.2;336.0
3077;2024-05-08 05:00:00;2.88;5.3;16.4;22.0;12.0;86.0;42.31;703.9;0.0;78.0;3.5;0.001;25.36;3.0;35.0
3078;2024-05-08 06:00:00;2.86;5.4;17.2;22.9;10.0;106.0;42.87;704.0;0.0;81.0;3.5;0.002;24.79;1.8;270.0
3079;2024-05-08 07:00:00;2.98;12.7;17.0;30.0;11.0;99.0;44.39;704.3;0.0;80.0;3.5;0.036;25.03;1.8;238.0
3080;2024-05-08 08:00:00;3.09;13.2;21.6;35.2;16.0;114.0;47.44;704.6;0.0;70.0;3.5;0.118;26.23;2.1;137.0
3081;2024-05-08 09:00:00;3.23;15.1;29.2;44.6;29.0;107.0;50.61;704.7;0.0;50.0;3.6;0.439;29.91;4.3;91.0
3082;2024-05-08 10:00:00;3.46;17.7;51.0;68.9;42.0;116.0;49.87;704.5;0.0;38.0;3.6;0.636;32.88;6.1;60.0
3083;2024-05-08 11:00:00;3.45;9.4;51.7;61.2;71.0;125.0;52.4;704.2;0.0;32.0;3.6;0.772;35.12;8.4;62.0
3084;2024-05-08 12:00:00;3.1;4.4;28.9;33.4;110.0;133.0;50.14;704.1;0.0;26.0;4.3;0.882;36.87;8.9;69.0
3085;2024-05-08 13:00:00;2.88;2.9;17.6;20.6;138.0;135.0;42.85;703.6;0.0;18.0;5.6;0.919;38.36;9.9;71.0
3086;2024-05-08 14:00:00;2.73;2.7;15.2;17.9;135.0;110.0;30.16;703.1;0.0;13.0;5.5;0.602;40.01;9.8;83.0
3087;2024-05-08 15:00:00;3.05;2.6;20.1;22.9;125.0;94.0;46.57;702.6;0.0;31.0;4.2;0.213;37.28;16.1;69.0
3088;2024-05-08 16:00:00;2.87;2.6;14.9;17.7;102.0;122.0;38.21;702.5;0.0;27.0;4.1;0.173;37.16;13.0;93.0
3089;2024-05-08 17:00:00;2.77;2.7;12.3;15.1;94.0;80.0;31.81;702.6;0.0;25.0;4.5;0.246;37.02;11.7;95.0
3090;2024-05-08 18:00:00;2.79;2.5;13.0;15.6;92.0;80.0;34.1;702.8;0.0;28.0;4.3;0.096;35.67;12.8;92.0
3091;2024-05-08 19:00:00;2.8;2.4;12.1;14.6;74.0;71.0;31.94;703.2;0.0;31.0;4.1;0.032;34.63;10.4;108.0
3092;2024-05-08 20:00:00;2.78;2.3;10.9;13.4;69.0;65.0;32.24;703.5;0.0;32.0;4.0;0.002;33.93;9.6;114.0
3093;2024-05-08 21:00:00;2.74;2.4;12.6;15.1;62.0;61.0;29.36;703.9;0.0;29.0;4.1;0.001;33.6;6.8;61.0
3094;2024-05-08 22:00:00;2.62;2.4;10.5;13.1;61.0;54.0;24.94;704.1;0.0;24.0;4.3;0.001;33.94;8.2;92.0
3095;2024-05-08 23:00:00;2.58;2.3;9.7;12.2;55.0;52.0;20.88;704.3;0.0;21.0;4.3;0.001;34.06;7.5;128.0
3096;2024-05-09 00:00:00;2.66;2.4;15.5;17.9;42.0;40.0;23.09;704.4;0.0;25.0;4.1;0.001;32.35;4.2;42.0
3097;2024-05-09 01:00:00;2.76;2.7;26.3;29.0;26.0;54.0;31.54;704.5;0.0;33.0;4.2;0.001;30.15;3.5;259.0
3098;2024-05-09 02:00:00;3.01;3.3;24.8;28.2;23.0;65.0;33.6;704.4;0.0;39.0;4.3;0.001;29.27;3.9;288.0
3099;2024-05-09 03:00:00;2.86;2.5;26.8;29.4;19.0;81.0;34.48;704.4;0.0;38.0;4.5;0.001;28.42;3.5;221.0
3100;2024-05-09 04:00:00;2.7;2.9;31.5;34.5;18.0;75.0;28.77;704.4;0.0;30.0;7.4;0.001;28.03;3.5;241.0
3101;2024-05-09 05:00:00;2.62;2.6;23.6;26.3;22.0;86.0;23.09;704.6;0.0;29.0;6.4;0.001;27.43;3.9;249.0
3102;2024-05-09 06:00:00;2.64;3.2;29.9;33.2;17.0;68.0;26.46;704.7;0.0;28.0;6.5;0.002;27.14;4.3;226.0
3103;2024-05-09 07:00:00;2.7;12.6;32.6;45.3;16.0;102.0;23.18;705.2;0.0;24.0;7.7;0.045;27.92;4.7;212.0
3104;2024-05-09 08:00:00;2.88;31.0;37.1;68.2;17.0;89.0;19.57;705.5;0.0;17.0;7.5;0.232;31.16;4.7;127.0
3105;2024-05-09 09:00:00;3.05;35.8;44.3;80.2;23.0;73.0;21.69;705.7;0.0;13.0;8.5;0.445;34.66;5.6;76.0
3106;2024-05-09 10:00:00;3.22;25.4;58.8;84.4;36.0;86.0;33.42;705.7;0.0;12.0;11.3;0.629;37.29;6.1;82.0
3107;2024-05-09 11:00:00;3.08;11.3;47.1;58.5;66.0;117.0;30.06;705.5;0.0;9.0;12.6;0.771;39.52;7.5;72.0
3108;2024-05-09 12:00:00;2.65;3.9;20.1;24.1;92.0;97.0;23.52;705.2;0.0;6.0;5.8;0.883;40.92;10.2;127.0
3109;2024-05-09 13:00:00;2.52;3.4;14.2;17.7;90.0;89.0;15.6;704.7;0.0;3.0;4.6;0.702;41.91;11.2;116.0
3110;2024-05-09 14:00:00;2.67;3.5;17.3;20.8;94.0;69.0;27.69;704.4;0.0;11.0;5.9;0.488;41.04;12.2;26.0
3111;2024-05-09 15:00:00;2.81;2.9;14.8;17.7;111.0;104.0;37.43;704.1;0.0;18.0;6.4;0.281;39.39;14.7;108.0
3112;2024-05-09 16:00:00;2.71;3.2;12.3;15.5;81.0;98.0;31.76;703.8;0.0;19.0;5.6;0.34;38.34;19.1;125.0
3113;2024-05-09 17:00:00;2.71;3.6;12.6;16.3;69.0;81.0;28.04;704.0;0.0;19.0;5.0;0.446;38.66;14.9;106.0
3114;2024-05-09 18:00:00;2.7;3.1;10.1;13.3;61.0;61.0;26.66;704.2;0.0;19.0;4.5;0.195;38.43;13.6;107.0
3115;2024-05-09 19:00:00;2.75;3.1;16.7;19.7;49.0;56.0;26.49;704.6;0.0;19.0;4.2;0.038;37.5;11.5;95.0
3116;2024-05-09 20:00:00;2.79;2.8;16.2;18.9;45.0;50.0;26.91;705.1;0.0;21.0;4.1;0.002;36.34;8.6;116.0
3117;2024-05-09 21:00:00;2.87;2.9;21.4;24.2;42.0;56.0;27.65;705.7;0.0;22.0;4.2;0.001;35.62;6.7;97.0
3118;2024-05-09 22:00:00;2.66;2.7;12.8;15.5;50.0;55.0;26.07;706.3;0.0;21.0;4.0;0.001;35.37;8.3;120.0
3119;2024-05-09 23:00:00;2.65;5.9;24.3;30.2;36.0;55.0;25.04;706.5;0.0;21.0;4.0;0.001;34.54;5.8;129.0
3120;2024-05-10 00:00:00;2.79;10.7;36.1;46.8;19.0;46.0;29.77;706.5;0.0;24.0;4.3;0.001;33.06;5.8;355.0
3121;2024-05-10 01:00:00;2.89;8.1;32.7;40.8;20.0;69.0;39.49;706.5;0.0;31.0;5.0;0.001;32.13;6.8;20.0
3122;2024-05-10 02:00:00;2.92;3.2;23.9;27.1;25.0;82.0;43.14;706.3;0.0;36.0;4.9;0.001;30.97;5.4;17.0
3123;2024-05-10 03:00:00;3.03;3.0;30.7;33.7;18.0;80.0;48.27;706.3;0.0;39.0;4.6;0.001;30.65;4.5;359.0
3124;2024-05-10 04:00:00;3.03;2.9;33.0;35.9;16.0;92.0;54.65;706.5;0.0;42.0;4.5;0.001;30.16;4.9;44.0
3125;2024-05-10 05:00:00;2.84;2.5;15.1;17.7;35.0;97.0;52.03;706.9;0.0;46.0;4.5;0.001;29.34;3.3;7.0
3126;2024-05-10 06:00:00;2.88;2.8;26.4;29.2;27.0;84.0;54.83;707.3;0.0;47.0;4.7;0.002;29.25;6.6;5.0
3127;2024-05-10 07:00:00;3.34;6.0;28.3;34.4;19.0;100.0;60.7;707.6;0.0;55.0;4.1;0.051;28.2;7.2;357.0
3128;2024-05-10 08:00:00;3.34;6.6;21.6;28.5;29.0;106.0;64.52;708.2;0.0;61.0;3.8;0.192;28.25;8.9;4.0
3129;2024-05-10 09:00:00;3.08;6.5;19.5;26.3;43.0;100.0;63.51;708.4;0.0;55.0;3.6;0.377;29.35;8.0;20.0
3130;2024-05-10 10:00:00;3.02;4.8;14.6;19.5;56.0;104.0;61.9;708.4;0.0;52.0;3.6;0.554;30.43;9.2;52.0
3131;2024-05-10 11:00:00;3.0;4.2;13.6;17.9;70.0;104.0;61.66;708.5;0.0;48.0;3.6;0.705;31.71;10.0;48.0
3132;2024-05-10 12:00:00;2.93;3.3;10.0;13.4;78.0;101.0;55.23;708.5;0.0;43.0;3.6;0.625;32.66;11.0;30.0
3133;2024-05-10 13:00:00;3.05;3.0;11.7;14.8;108.0;86.0;64.83;708.2;0.0;43.0;3.6;0.806;33.28;12.8;62.0
3134;2024-05-10 14:00:00;3.0;2.9;9.1;12.1;86.0;103.0;68.42;707.9;0.85;43.0;3.6;0.756;33.39;15.8;73.0
3135;2024-05-10 15:00:00;2.98;3.2;8.6;12.0;62.0;103.0;69.76;707.8;0.0;48.0;3.6;0.561;32.36;16.6;97.0
3136;2024-05-10 16:00:00;2.93;2.8;6.0;9.0;57.0;95.0;58.0;707.6;0.0;48.0;3.5;0.486;31.92;15.5;122.0
3137;2024-05-10 17:00:00;2.91;2.8;6.4;9.4;54.0;83.0;53.0;707.6;0.0;49.0;3.5;0.256;31.29;16.5;115.0
3138;2024-05-10 18:00:00;2.91;2.7;7.6;10.4;52.0;85.0;51.0;707.8;0.0;49.0;3.6;0.089;30.8;13.5;99.0
3139;2024-05-10 19:00:00;2.93;3.2;9.2;12.5;48.0;67.0;52.0;708.2;0.0;50.0;3.5;0.034;30.19;14.9;82.0
3140;2024-05-10 20:00:00;3.19;2.9;7.4;10.5;48.0;83.0;54.0;708.6;0.0;50.0;3.6;0.002;29.66;16.2;81.0
3141;2024-05-10 21:00:00;3.16;2.9;7.1;10.2;49.0;83.0;59.0;709.0;0.0;52.0;3.6;0.001;29.39;12.1;97.0
3142;2024-05-10 22:00:00;3.14;2.7;7.3;10.2;47.0;81.0;62.0;709.2;0.0;56.0;3.6;0.001;28.79;14.8;73.0
3143;2024-05-10 23:00:00;3.05;2.7;7.4;10.2;45.0;95.0;62.0;709.5;0.0;59.0;3.5;0.001;28.24;14.0;64.0
3144;2024-05-11 00:00:00;2.96;2.4;5.8;8.6;42.0;86.0;61.0;709.6;0.0;65.0;3.5;0.001;26.85;17.3;54.0
3145;2024-05-11 01:00:00;2.95;2.2;4.4;7.0;39.0;104.0;62.0;709.7;0.0;75.0;3.5;0.001;25.3;12.0;78.0
3146;2024-05-11 02:00:00;2.94;2.2;4.0;6.7;36.0;89.0;56.0;709.5;0.04;83.0;3.4;0.001;23.84;12.8;62.0
3147;2024-05-11 03:00:00;2.92;2.2;3.7;6.4;37.0;66.0;60.0;709.4;0.01;84.0;3.4;0.001;23.23;12.6;60.0
3148;2024-05-11 04:00:00;2.91;2.3;5.4;8.0;35.0;78.0;61.0;709.6;0.0;86.0;3.4;0.001;22.94;11.4;51.0
3149;2024-05-11 05:00:00;2.92;2.2;3.9;6.5;38.0;83.0;59.0;709.4;0.0;85.0;3.5;0.001;22.77;11.5;61.0
3150;2024-05-11 06:00:00;2.92;2.2;4.8;7.4;41.0;79.0;65.0;709.2;0.0;83.0;3.5;0.001;22.88;11.2;49.0
3151;2024-05-11 07:00:00;2.93;2.3;6.5;9.2;41.0;87.0;65.0;709.4;0.0;82.0;3.5;0.005;22.83;11.7;63.0
3152;2024-05-11 08:00:00;2.98;2.6;10.9;13.9;35.0;94.0;64.0;709.8;0.0;84.0;3.4;0.013;22.56;11.0;64.0
3153;2024-05-11 09:00:00;2.98;2.8;10.9;14.1;34.0;75.0;57.0;709.9;0.01;84.0;3.4;0.028;22.6;10.6;56.0
3154;2024-05-11 10:00:00;3.09;3.7;15.7;19.7;29.0;86.0;60.0;710.1;0.0;84.0;3.4;0.045;22.88;9.1;65.0
3155;2024-05-11 11:00:00;3.09;4.3;16.0;20.6;31.0;83.0;57.0;710.2;0.0;84.0;3.4;0.095;23.09;9.7;73.0
3156;2024-05-11 12:00:00;3.0;3.6;10.6;14.7;40.0;78.0;58.0;709.9;0.0;79.0;3.4;0.192;23.93;10.2;79.0
3157;2024-05-11 13:00:00;2.93;3.3;7.2;10.9;42.0;84.0;51.0;709.3;0.0;74.0;3.5;0.232;24.85;12.0;67.0
3158;2024-05-11 14:00:00;2.96;3.2;8.9;12.5;37.0;73.0;36.0;708.7;0.0;76.0;3.4;0.112;24.57;11.5;66.0
3159;2024-05-11 15:00:00;2.96;3.1;10.5;14.0;33.0;75.0;38.0;708.1;0.0;78.0;3.4;0.066;24.54;7.1;92.0
3160;2024-05-11 16:00:00;2.9;2.8;7.6;10.8;35.0;56.0;23.0;707.6;0.0;74.0;3.4;0.087;25.22;7.6;109.0
3161;2024-05-11 17:00:00;2.87;2.8;5.7;8.8;39.0;33.0;33.0;707.1;0.0;70.0;3.4;0.132;26.08;10.0;111.0
3162;2024-05-11 18:00:00;2.87;2.6;5.0;7.9;38.0;55.0;32.0;706.9;0.0;71.0;3.4;0.106;26.05;12.1;104.0
3163;2024-05-11 19:00:00;2.88;2.5;5.6;8.3;37.0;50.0;27.0;706.9;0.0;71.0;3.4;0.037;26.03;12.3;113.0
3164;2024-05-11 20:00:00;2.87;2.4;5.6;8.2;36.0;58.0;40.0;707.1;0.0;70.0;3.3;0.002;26.12;11.3;115.0
3165;2024-05-11 21:00:00;2.87;2.3;5.8;8.4;36.0;75.0;41.0;707.5;0.0;69.0;3.4;0.001;26.33;10.3;102.0
3166;2024-05-11 22:00:00;2.93;2.4;10.0;12.6;32.0;56.0;48.0;707.7;0.0;67.0;3.4;0.001;26.76;7.8;81.0
3167;2024-05-11 23:00:00;2.94;2.4;11.0;13.6;30.0;86.0;50.0;707.7;0.0;67.0;3.5;0.001;26.71;10.2;73.0
3168;2024-05-12 00:00:00;2.88;2.3;5.4;8.0;35.0;62.0;48.0;707.3;0.0;70.0;3.4;0.001;25.99;10.3;103.0
3169;2024-05-12 01:00:00;2.82;2.3;6.3;8.9;32.0;82.0;42.0;707.2;0.0;68.0;3.5;0.001;25.39;10.7;61.0
3170;2024-05-12 02:00:00;2.8;2.7;6.8;9.8;26.0;60.0;36.0;707.2;0.0;75.0;3.4;0.001;23.69;8.6;54.0
3171;2024-05-12 03:00:00;2.79;4.8;12.2;17.3;18.0;75.0;37.0;706.9;0.0;77.0;3.4;0.001;23.27;6.4;58.0
3172;2024-05-12 04:00:00;2.75;2.7;13.1;16.1;17.0;68.0;26.0;706.6;0.0;77.0;3.4;0.001;22.83;5.4;70.0
3173;2024-05-12 05:00:00;2.72;2.2;7.1;9.7;22.0;64.0;27.0;706.6;0.0;79.0;3.4;0.001;22.53;7.5;72.0
3174;2024-05-12 06:00:00;2.77;4.6;12.4;17.3;17.0;65.0;33.0;706.8;0.0;79.0;3.4;0.001;22.64;5.7;42.0
3175;2024-05-12 07:00:00;2.76;3.3;12.9;16.4;17.0;75.0;40.0;707.1;0.0;77.0;3.4;0.018;22.87;5.1;53.0
3176;2024-05-12 08:00:00;2.8;4.2;12.6;17.1;17.0;81.0;41.0;707.5;0.0;77.0;3.4;0.041;23.02;5.4;67.0
3177;2024-05-12 09:00:00;2.83;6.0;13.9;20.3;;85.0;40.0;707.8;0.0;76.0;3.4;0.078;23.24;5.4;33.0
3178;2024-05-12 10:00:00;3.01;7.4;13.1;20.8;21.0;88.0;44.0;707.7;0.0;74.0;;0.191;24.05;6.3;58.0
3179;2024-05-12 11:00:00;2.98;9.3;14.5;24.1;25.0;94.0;45.0;707.3;0.0;68.0;3.5;0.432;25.55;5.6;78.0
3180;2024-05-12 12:00:00;2.98;9.3;16.5;26.1;36.0;83.0;52.0;706.7;0.0;62.0;3.6;0.726;27.18;7.7;102.0
3181;2024-05-12 13:00:00;2.94;4.1;11.4;15.7;61.0;90.0;52.0;706.0;0.0;57.0;3.4;0.795;28.75;8.6;88.0
3182;2024-05-12 14:00:00;2.92;2.7;8.4;11.3;87.0;86.0;49.0;705.6;0.0;53.0;3.4;0.792;29.7;9.7;75.0
3183;2024-05-12 15:00:00;2.91;2.6;8.0;10.8;92.0;80.0;50.0;705.0;0.0;50.0;3.5;0.592;30.84;10.0;55.0
3184;2024-05-12 16:00:00;2.88;2.6;7.0;9.8;77.0;78.0;46.0;704.5;0.0;49.0;3.4;0.399;31.33;10.4;102.0
3185;2024-05-12 17:00:00;2.89;2.4;7.3;9.9;72.0;73.0;41.0;704.5;0.0;52.0;3.4;0.14;30.53;10.7;85.0
3186;2024-05-12 18:00:00;2.95;2.4;8.8;11.3;69.0;84.0;46.0;704.9;0.0;53.0;3.5;0.085;30.23;7.3;91.0
3187;2024-05-12 19:00:00;3.04;2.4;15.4;18.1;54.0;85.0;46.0;705.1;0.0;58.0;3.5;0.039;29.56;3.7;42.0
3188;2024-05-12 20:00:00;3.12;2.3;21.5;24.1;43.0;74.0;51.0;705.6;0.0;58.0;3.5;0.002;29.32;5.9;98.0
3189;2024-05-12 21:00:00;3.0;2.2;10.0;12.5;50.0;92.0;44.0;705.8;0.0;59.0;3.4;0.001;28.74;6.3;78.0
3190;2024-05-12 22:00:00;3.07;2.2;13.1;15.6;43.0;69.0;47.0;706.0;0.0;60.0;3.4;0.001;28.3;4.0;68.0
3191;2024-05-12 23:00:00;3.06;2.3;12.4;14.9;36.0;85.0;46.0;706.0;0.0;61.0;3.5;0.001;27.45;4.4;136.0
3192;2024-05-13 00:00:00;3.02;2.3;11.1;13.6;31.0;80.0;44.0;705.9;0.0;63.0;3.4;0.001;26.72;2.0;248.0
3193;2024-05-13 01:00:00;2.99;2.3;11.2;13.7;33.0;70.0;42.0;705.7;0.0;59.0;3.5;0.001;26.9;2.7;42.0
3194;2024-05-13 02:00:00;2.87;2.3;8.0;10.5;37.0;61.0;37.0;705.3;0.0;57.0;3.5;0.001;26.99;3.5;63.0
3195;2024-05-13 03:00:00;2.99;2.3;11.5;14.0;30.0;62.0;39.0;705.3;0.0;62.0;3.5;0.001;26.32;4.1;330.0
3196;2024-05-13 04:00:00;2.99;2.3;14.6;17.1;23.0;73.0;43.0;705.3;0.0;66.0;3.4;0.001;25.82;2.9;337.0
3197;2024-05-13 05:00:00;2.98;2.3;16.1;18.5;18.0;83.0;44.0;705.5;0.0;68.0;3.5;0.001;25.45;3.2;257.0
3198;2024-05-13 06:00:00;3.01;3.9;17.4;21.5;14.0;75.0;44.0;705.8;0.0;70.0;3.4;0.003;25.05;2.8;233.0
3199;2024-05-13 07:00:00;3.19;10.0;20.8;31.1;12.0;91.0;;705.9;0.0;67.0;3.5;0.045;25.76;3.2;197.0
3200;2024-05-13 08:00:00;3.65;45.8;28.9;75.0;12.0;103.0;;706.2;0.0;66.0;3.6;0.109;26.72;4.3;65.0
3201;2024-05-13 09:00:00;3.88;53.3;38.4;92.1;14.0;139.0;67.0;706.8;0.0;68.0;3.8;0.232;27.06;4.7;57.0
3202;2024-05-13 10:00:00;4.09;23.1;45.6;68.9;33.0;163.0;70.0;706.7;0.0;54.0;3.7;0.629;30.24;6.8;36.0
3203;2024-05-13 11:00:00;3.37;11.5;36.4;48.0;51.0;171.0;54.36;706.3;0.0;36.0;3.9;0.793;33.13;7.8;114.0
3204;2024-05-13 12:00:00;2.34;3.8;6.4;10.2;60.0;125.0;6.6;706.0;0.0;5.0;3.8;0.877;37.01;12.9;311.0
3205;2024-05-13 13:00:00;2.33;3.7;5.8;9.6;61.0;54.0;8.06;705.4;0.0;5.0;3.8;0.951;37.36;17.1;304.0
3206;2024-05-13 14:00:00;2.35;3.9;6.8;10.8;61.0;43.0;8.09;704.8;0.0;4.0;3.7;1.034;38.41;14.7;303.0
3207;2024-05-13 15:00:00;2.35;3.6;6.3;10.0;62.0;39.0;6.92;704.3;0.0;3.0;3.6;0.799;38.58;14.8;307.0
3208;2024-05-13 16:00:00;2.36;3.6;6.4;10.1;62.0;38.0;6.52;703.9;0.0;3.0;3.6;0.577;38.42;16.2;305.0
3209;2024-05-13 17:00:00;1.9;2.9;6.1;9.1;48.0;29.0;6.36;;0.0;2.0;2.9;0.22;30.35;11.4;302.0
3210;2024-05-13 18:00:00;2.34;3.4;7.1;10.6;61.0;41.0;5.91;704.0;0.0;2.0;3.5;0.304;38.56;14.1;307.0
3211;2024-05-13 19:00:00;2.52;3.3;10.8;14.2;55.0;31.0;15.66;704.5;0.0;14.0;3.7;0.047;36.59;13.9;329.0
3212;2024-05-13 20:00:00;2.8;2.8;10.9;13.8;47.0;152.0;35.1;706.1;0.0;43.0;3.7;0.007;30.41;12.9;9.0
3213;2024-05-13 21:00:00;2.73;2.6;12.8;15.5;45.0;130.0;30.02;706.7;0.0;42.0;3.7;0.001;29.52;10.5;35.0
3214;2024-05-13 22:00:00;2.68;2.6;13.8;16.5;47.0;73.0;26.94;707.6;0.0;38.0;4.0;0.001;28.87;8.7;27.0
3215;2024-05-13 23:00:00;2.63;3.4;12.1;15.6;50.0;56.0;22.91;708.3;0.0;34.0;4.1;0.001;28.27;7.7;358.0
3216;2024-05-14 00:00:00;2.82;2.6;11.8;14.5;45.0;55.0;26.75;708.4;0.0;41.0;4.0;0.001;27.26;7.4;348.0
3217;2024-05-14 01:00:00;2.71;2.4;8.8;11.3;43.0;59.0;26.45;708.3;0.0;51.0;3.8;0.001;26.31;6.7;105.0
3218;2024-05-14 02:00:00;2.68;2.5;9.8;12.4;38.0;57.0;25.68;707.9;0.0;53.0;3.7;0.001;25.4;3.9;212.0
3219;2024-05-14 03:00:00;2.74;2.4;10.9;13.4;35.0;54.0;26.96;707.8;0.0;57.0;3.7;0.001;25.19;4.8;42.0
3220;2024-05-14 04:00:00;2.78;2.4;16.6;19.2;26.0;55.0;30.72;708.0;0.0;64.0;3.6;0.001;24.35;3.0;43.0
3221;2024-05-14 05:00:00;2.84;2.4;20.0;22.6;19.0;72.0;32.84;707.9;0.0;67.0;3.6;0.001;23.66;2.4;299.0
3222;2024-05-14 06:00:00;2.91;6.7;30.2;37.1;12.0;80.0;36.98;708.4;0.0;66.0;3.6;0.001;23.84;6.0;34.0
3223;2024-05-14 07:00:00;2.92;5.3;24.1;29.6;20.0;97.0;35.19;709.0;0.0;67.0;3.7;0.041;23.58;7.1;52.0
3224;2024-05-14 08:00:00;3.01;17.6;32.4;50.2;20.0;82.0;38.16;709.1;0.0;64.0;3.9;0.177;24.27;6.2;3.0
3225;2024-05-14 09:00:00;3.15;13.3;32.1;45.6;33.0;101.0;38.64;709.2;0.0;56.0;4.2;0.375;26.29;4.4;6.0
3226;2024-05-14 10:00:00;3.15;13.7;35.1;48.9;46.0;89.0;38.67;709.1;0.0;48.0;4.8;0.576;28.19;8.1;42.0
3227;2024-05-14 11:00:00;3.0;5.8;24.9;30.8;94.0;93.0;34.27;709.0;0.0;41.0;5.2;0.739;29.37;12.5;57.0
3228;2024-05-14 12:00:00;2.82;3.8;11.9;15.8;78.0;88.0;30.5;708.7;0.0;40.0;4.6;0.862;30.31;17.6;60.0
3229;2024-05-14 13:00:00;2.76;3.2;8.7;12.1;79.0;80.0;32.06;708.3;0.0;38.0;5.3;0.891;31.11;18.2;73.0
3230;2024-05-14 14:00:00;2.74;3.4;7.4;10.9;65.0;70.0;27.46;707.9;0.0;36.0;5.8;0.78;32.11;14.2;90.0
3231;2024-05-14 15:00:00;2.69;3.2;5.6;9.0;61.0;52.0;24.89;707.3;0.0;33.0;4.9;0.811;33.02;12.8;113.0
3232;2024-05-14 16:00:00;2.71;3.3;5.7;9.2;59.0;41.0;25.27;706.8;0.0;34.0;4.3;0.621;32.97;16.5;102.0
3233;2024-05-14 17:00:00;2.73;3.5;7.3;10.9;55.0;50.0;26.38;706.7;0.0;33.0;4.0;0.336;32.6;15.8;85.0
3234;2024-05-14 18:00:00;2.71;3.3;7.9;11.3;54.0;56.0;26.79;706.7;0.0;33.0;3.9;0.167;31.95;17.5;120.0
3235;2024-05-14 19:00:00;2.66;3.0;8.1;11.1;60.0;58.0;20.72;707.0;0.0;30.0;3.9;0.065;31.53;17.9;113.0
3236;2024-05-14 20:00:00;2.64;2.7;6.7;9.4;62.0;49.0;17.79;707.6;0.0;34.0;3.8;0.006;30.57;16.2;114.0
3237;2024-05-14 21:00:00;2.72;2.6;6.4;9.1;57.0;47.0;21.89;708.2;0.0;45.0;3.7;0.001;28.92;15.9;129.0
3238;2024-05-14 22:00:00;2.7;2.5;4.6;7.2;58.0;53.0;22.45;708.6;0.0;47.0;3.7;0.001;28.34;16.4;113.0
3239;2024-05-14 23:00:00;2.65;2.5;4.6;7.2;58.0;48.0;20.54;708.7;0.0;44.0;3.7;0.001;27.71;15.9;103.0
3240;2024-05-15 00:00:00;2.61;2.5;7.6;10.1;54.0;46.0;19.16;708.6;0.0;42.0;3.6;0.001;27.41;14.2;95.0
3241;2024-05-15 01:00:00;2.61;2.5;5.6;8.2;56.0;44.0;18.81;708.1;0.0;43.0;3.6;0.001;27.01;11.9;99.0
3242;2024-05-15 02:00:00;2.61;2.4;2.6;5.2;58.0;45.0;20.3;707.7;0.0;48.0;3.6;0.001;26.0;17.6;115.0
3243;2024-05-15 03:00:00;2.64;2.4;5.2;7.7;51.0;43.0;21.82;707.3;0.0;52.0;3.6;0.001;25.32;12.2;61.0
3244;2024-05-15 04:00:00;2.74;2.9;21.3;24.4;24.0;44.0;29.36;707.3;0.0;65.0;3.6;0.001;23.46;12.4;14.0
3245;2024-05-15 05:00:00;2.79;3.5;19.4;23.1;23.0;60.0;30.52;707.2;0.0;70.0;3.8;0.001;22.96;9.3;3.0
3246;2024-05-15 06:00:00;2.82;2.6;17.3;20.2;22.0;66.0;32.96;707.3;0.0;76.0;3.7;0.001;22.4;7.7;360.0
3247;2024-05-15 07:00:00;2.87;3.5;12.6;16.4;25.0;64.0;32.99;707.8;0.0;79.0;3.7;0.033;22.39;8.5;356.0
3248;2024-05-15 08:00:00;2.98;9.1;17.2;26.6;22.0;67.0;37.13;708.2;0.0;76.0;3.6;0.125;23.17;6.1;2.0
3249;2024-05-15 09:00:00;3.06;27.9;26.1;54.2;18.0;75.0;44.94;708.2;0.0;68.0;3.8;0.247;24.7;5.7;9.0
3250;2024-05-15 10:00:00;3.01;7.6;18.0;25.8;29.0;92.0;42.85;708.0;0.0;67.0;3.8;0.197;25.18;8.1;35.0
3251;2024-05-15 11:00:00;2.96;7.9;17.7;25.8;36.0;83.0;42.66;707.7;0.0;62.0;3.8;0.349;26.43;8.5;37.0
3252;2024-05-15 12:00:00;2.92;6.6;15.8;22.6;45.0;80.0;41.8;707.4;0.0;57.0;3.8;0.438;27.82;7.4;52.0
3253;2024-05-15 13:00:00;2.89;3.6;8.1;11.8;62.0;79.0;38.22;706.8;0.0;51.0;3.8;0.878;29.58;9.4;56.0
3254;2024-05-15 14:00:00;2.87;3.4;6.4;9.9;59.0;70.0;37.41;706.2;0.0;47.0;3.6;0.832;30.78;12.8;52.0
3255;2024-05-15 15:00:00;2.82;2.9;4.7;7.8;55.0;69.0;34.36;705.6;0.0;43.0;3.7;0.663;31.93;14.7;116.0
3256;2024-05-15 16:00:00;2.86;2.9;5.3;8.3;55.0;67.0;38.32;705.2;0.0;45.0;3.6;0.364;31.77;13.1;109.0
3257;2024-05-15 17:00:00;2.88;3.0;5.9;9.0;56.0;64.0;39.7;704.6;0.0;42.0;3.6;0.356;32.72;15.3;118.0
3258;2024-05-15 18:00:00;2.89;2.8;6.4;9.3;55.0;71.0;41.36;704.5;0.0;42.0;3.6;0.18;32.62;14.7;114.0
3259;2024-05-15 19:00:00;2.94;2.8;9.2;12.2;52.0;67.0;42.76;704.6;0.0;42.0;3.7;0.049;32.22;13.7;111.0
3260;2024-05-15 20:00:00;2.91;2.5;9.3;11.9;51.0;74.0;43.53;704.9;0.0;43.0;3.5;0.005;31.83;13.7;98.0
3261;2024-05-15 21:00:00;2.94;2.5;8.7;11.3;46.0;74.0;46.16;705.5;0.0;48.0;3.5;0.001;31.1;12.6;83.0
3262;2024-05-15 22:00:00;2.91;2.4;5.7;8.3;44.0;77.0;47.13;705.8;0.0;54.0;3.5;0.001;29.9;15.0;93.0
3263;2024-05-15 23:00:00;2.93;2.4;5.3;7.9;37.0;87.0;49.0;706.0;0.0;64.0;3.6;0.001;28.05;14.6;75.0
3264;2024-05-16 00:00:00;2.93;2.2;4.6;7.0;34.0;88.0;48.55;706.0;0.0;70.0;3.6;0.001;26.65;12.9;75.0
3265;2024-05-16 01:00:00;2.91;2.1;3.5;6.0;34.0;86.0;48.61;705.7;0.0;74.0;3.5;0.001;25.9;11.2;64.0
3266;2024-05-16 02:00:00;2.91;2.1;3.5;5.9;33.0;94.0;47.28;705.2;0.0;74.0;3.5;0.001;25.85;8.3;52.0
3267;2024-05-16 03:00:00;2.9;2.1;3.2;5.6;32.0;82.0;49.07;705.0;0.0;75.0;3.5;0.001;25.54;8.9;45.0
3268;2024-05-16 04:00:00;2.87;2.1;2.6;5.0;33.0;80.0;49.79;704.9;0.0;76.0;3.5;0.001;25.31;8.4;59.0
3269;2024-05-16 05:00:00;2.88;2.0;2.9;5.3;35.0;88.0;49.01;704.9;0.0;75.0;3.4;0.001;25.03;6.6;46.0
3270;2024-05-16 06:00:00;2.88;2.2;7.3;9.8;30.0;79.0;50.03;705.0;0.0;76.0;3.5;0.001;24.76;4.8;46.0
3271;2024-05-16 07:00:00;2.99;5.3;21.0;26.7;16.0;89.0;54.42;705.1;0.0;76.0;3.5;0.025;24.79;4.1;59.0
3272;2024-05-16 08:00:00;3.1;8.0;18.1;26.5;20.0;93.0;53.28;705.6;0.0;73.0;3.5;0.141;25.7;4.7;21.0
3273;2024-05-16 09:00:00;3.27;7.2;15.9;23.4;27.0;97.0;56.97;705.9;0.0;68.0;3.6;0.262;26.96;5.2;15.0
3274;2024-05-16 10:00:00;3.29;7.4;17.2;25.0;39.0;99.0;61.59;705.6;0.0;59.0;3.5;0.557;29.31;5.3;2.0
3275;2024-05-16 11:00:00;3.11;5.2;15.7;21.1;60.0;109.0;;705.3;0.0;44.0;3.6;0.683;31.99;6.8;347.0
3276;2024-05-16 12:00:00;3.28;5.4;24.7;30.2;83.0;100.0;;704.8;0.0;38.0;3.6;0.859;34.25;11.6;88.0
3277;2024-05-16 13:00:00;2.99;3.0;14.1;17.2;104.0;111.0;;704.3;0.0;28.0;4.0;0.791;36.03;12.9;92.0
3278;2024-05-16 14:00:00;2.92;2.9;12.7;15.7;113.0;113.0;;703.9;0.0;27.0;4.2;0.83;36.51;10.8;59.0
3279;2024-05-16 15:00:00;2.76;2.9;11.6;14.6;105.0;92.0;;703.3;0.0;19.0;4.6;0.656;37.89;9.8;109.0
3280;2024-05-16 16:00:00;2.96;2.9;16.0;19.0;105.0;78.0;;702.9;0.0;27.0;4.1;0.331;37.0;11.6;72.0
3281;2024-05-16 17:00:00;2.98;2.9;13.8;16.8;109.0;90.0;;702.6;0.0;30.0;3.7;0.52;36.87;12.2;90.0
3282;2024-05-16 18:00:00;2.98;2.8;12.7;15.5;108.0;87.0;;702.7;0.0;31.0;3.7;0.261;36.59;11.8;93.0
3283;2024-05-16 19:00:00;2.96;2.5;11.4;14.0;102.0;88.0;;702.8;0.0;32.0;3.7;0.044;35.49;11.4;114.0
3284;2024-05-16 20:00:00;2.95;2.4;12.0;14.4;98.0;87.0;;703.1;0.0;34.0;3.7;0.006;34.09;11.0;115.0
3285;2024-05-16 21:00:00;2.91;2.5;15.3;17.9;90.0;81.0;;703.6;0.0;32.0;3.7;0.001;33.53;9.4;91.0
3286;2024-05-16 22:00:00;2.97;2.5;21.1;23.5;69.0;77.0;;704.0;0.0;33.0;3.8;0.001;32.97;5.8;66.0
3287;2024-05-16 23:00:00;2.81;2.5;9.3;11.8;59.0;79.0;;704.4;0.0;36.0;3.7;0.001;32.31;8.6;55.0
3288;2024-05-17 00:00:00;2.91;2.4;10.3;12.8;39.0;69.0;;704.7;0.0;47.0;3.6;0.001;31.04;8.3;57.0
3289;2024-05-17 01:00:00;3.01;2.6;14.4;17.2;29.0;87.0;;704.7;0.0;53.0;3.6;0.001;30.08;5.0;11.0
3290;2024-05-17 02:00:00;3.01;2.6;15.6;18.5;25.0;98.0;;704.5;0.0;59.0;3.6;0.001;29.35;5.9;4.0
3291;2024-05-17 03:00:00;2.97;2.6;14.6;17.4;24.0;78.0;;704.9;0.0;65.0;3.5;0.001;28.57;9.6;31.0
3292;2024-05-17 04:00:00;2.93;2.2;3.9;6.3;33.0;101.0;;705.2;0.0;73.0;3.5;0.001;27.4;11.7;80.0
3293;2024-05-17 05:00:00;2.9;2.2;3.0;5.4;36.0;76.0;;705.0;0.0;72.0;3.5;0.001;27.01;10.9;90.0
3294;2024-05-17 06:00:00;3.01;2.2;8.8;11.3;31.0;73.0;;706.1;0.0;74.0;3.5;0.001;23.32;14.4;20.0
3295;2024-05-17 07:00:00;3.04;2.6;14.6;17.5;29.0;63.0;;707.1;0.0;71.0;3.5;0.005;22.45;10.7;57.0
3296;2024-05-17 08:00:00;2.92;4.8;19.1;24.2;24.0;51.0;;707.6;0.0;69.0;3.5;0.049;22.55;9.8;65.0
3297;2024-05-17 09:00:00;2.84;8.0;22.6;30.9;22.0;58.0;;707.8;0.0;67.0;3.7;0.064;22.66;8.1;60.0
3298;2024-05-17 10:00:00;2.98;7.5;25.3;33.0;20.0;70.0;;708.0;0.0;68.0;3.7;0.067;22.98;5.4;134.0
3299;2024-05-17 11:00:00;3.08;9.3;26.1;35.5;22.0;70.0;;708.0;0.0;65.0;3.7;0.12;23.87;5.0;157.0
3300;2024-05-17 12:00:00;3.24;15.2;29.4;44.7;26.0;73.0;;707.9;0.0;60.0;3.7;0.376;25.41;6.4;158.0
3301;2024-05-17 13:00:00;3.14;9.3;24.8;34.1;47.0;80.0;;707.4;0.0;53.0;3.7;0.525;27.83;8.2;116.0
3302;2024-05-17 14:00:00;2.89;4.2;14.6;18.8;63.0;84.0;;707.0;0.0;51.0;3.7;0.443;28.31;10.3;89.0
3303;2024-05-17 15:00:00;2.87;3.7;12.7;16.4;65.0;72.0;;706.7;0.0;51.0;3.6;0.41;28.69;9.1;69.0
3304;2024-05-17 16:00:00;2.92;3.3;12.0;15.4;72.0;59.0;;706.3;0.0;51.0;3.6;0.324;28.97;11.0;66.0
3305;2024-05-17 17:00:00;2.91;3.0;10.3;13.4;77.0;67.0;;706.2;0.0;52.0;3.5;0.349;28.93;11.4;109.0
3306;2024-05-17 18:00:00;2.91;3.0;10.5;13.5;69.0;66.0;;706.3;0.0;54.0;3.6;0.198;28.45;12.3;119.0
3307;2024-05-17 19:00:00;2.89;2.8;9.7;12.6;58.0;67.0;;706.6;0.0;58.0;3.5;0.061;27.09;13.2;124.0
3308;2024-05-17 20:00:00;2.86;2.4;8.2;10.8;50.0;64.0;;707.2;0.0;62.0;3.5;0.007;26.08;14.8;114.0
3309;2024-05-17 21:00:00;2.83;2.4;7.5;10.1;49.0;55.0;;707.8;0.0;63.0;3.5;0.001;25.73;12.7;104.0
3310;2024-05-17 22:00:00;2.84;2.3;6.8;9.3;47.0;56.0;;708.4;0.0;64.0;3.4;0.001;25.62;10.1;118.0
3311;2024-05-17 23:00:00;2.84;2.3;8.0;10.5;44.0;48.0;;709.0;0.0;64.0;3.5;0.001;25.5;8.5;76.0
3312;2024-05-18 00:00:00;2.82;2.3;8.3;10.8;43.0;55.0;;709.2;0.0;66.0;3.5;0.001;25.21;7.5;65.0
3313;2024-05-18 01:00:00;2.83;2.2;8.8;11.2;42.0;52.0;;709.4;0.0;67.0;3.5;0.001;24.92;6.9;62.0
3314;2024-05-18 02:00:00;2.83;2.2;6.7;9.1;43.0;48.0;;709.5;0.0;68.0;3.4;0.002;24.81;6.2;77.0
3315;2024-05-18 03:00:00;2.78;2.1;4.9;7.3;44.0;50.0;;709.3;0.0;68.0;3.4;0.001;24.7;6.1;85.0
3316;2024-05-18 04:00:00;2.8;2.1;5.4;7.8;43.0;50.0;;709.2;0.0;70.0;3.5;0.001;24.6;4.9;48.0
3317;2024-05-18 05:00:00;2.79;2.1;4.8;7.2;40.0;45.0;;709.2;0.0;71.0;3.5;0.001;24.0;2.0;204.0
3318;2024-05-18 06:00:00;2.79;2.3;9.3;11.8;34.0;45.0;;709.3;0.0;72.0;3.4;0.002;23.89;3.1;218.0
3319;2024-05-18 07:00:00;2.98;3.7;18.5;22.5;24.0;48.0;;709.7;0.0;72.0;3.5;0.038;24.12;4.6;13.0
3320;2024-05-18 08:00:00;3.1;8.9;24.2;33.4;24.0;58.0;;710.1;0.0;69.0;3.6;0.163;25.19;5.7;24.0
3321;2024-05-18 09:00:00;3.1;10.6;24.2;35.0;32.0;67.0;;710.3;0.0;64.0;3.6;0.361;26.38;5.5;32.0
3322;2024-05-18 10:00:00;3.13;7.5;22.2;29.9;50.0;76.0;;710.2;0.0;57.0;3.7;0.567;28.33;5.0;55.0
3323;2024-05-18 11:00:00;3.1;5.7;21.0;26.7;70.0;83.0;;709.9;0.0;46.0;3.6;0.737;30.48;5.6;12.0
3324;2024-05-18 12:00:00;3.1;12.0;39.8;51.7;66.0;82.0;;709.7;0.0;40.0;4.2;0.851;32.07;8.4;46.0
3325;2024-05-18 13:00:00;2.97;4.1;19.9;23.9;106.0;90.0;;709.5;0.0;35.0;4.8;0.913;33.22;10.5;47.0
3326;2024-05-18 14:00:00;2.74;3.0;9.0;11.9;99.0;80.0;;709.0;0.0;25.0;5.0;0.916;34.76;11.1;73.0
3327;2024-05-18 15:00:00;2.64;3.0;7.7;10.6;96.0;59.0;;708.5;0.0;20.0;4.4;0.832;35.73;13.3;80.0
3328;2024-05-18 16:00:00;2.66;2.9;6.7;9.5;95.0;61.0;;708.1;0.0;23.0;6.7;0.685;35.91;13.1;73.0
3329;2024-05-18 17:00:00;2.63;2.9;5.9;8.7;86.0;65.0;;707.8;0.0;20.0;9.7;0.503;36.32;12.6;71.0
3330;2024-05-18 18:00:00;2.58;2.8;5.3;8.0;74.0;58.0;;707.7;0.0;19.0;7.6;0.251;36.24;11.3;123.0
3331;2024-05-18 19:00:00;2.68;2.9;7.5;10.1;62.0;49.0;;708.0;0.0;26.0;4.7;0.058;34.9;13.3;99.0
3332;2024-05-18 20:00:00;2.76;2.7;9.8;12.4;58.0;56.0;;708.6;0.0;33.0;4.1;0.007;32.89;17.0;71.0
3333;2024-05-18 21:00:00;2.77;2.7;8.7;11.3;57.0;60.0;;709.3;0.0;34.0;3.9;0.001;31.85;13.2;83.0
3334;2024-05-18 22:00:00;2.78;2.6;7.3;9.8;57.0;58.0;;710.0;0.0;38.0;3.8;0.001;30.93;13.3;89.0
3335;2024-05-18 23:00:00;2.81;2.6;6.8;9.3;62.0;60.0;;710.6;0.0;41.0;4.1;0.001;30.49;10.4;104.0
3336;2024-05-19 00:00:00;2.78;2.5;5.9;8.3;57.0;58.0;;710.7;0.0;45.0;3.9;0.001;29.94;11.8;103.0
3337;2024-05-19 01:00:00;2.78;2.5;3.9;6.3;54.0;55.0;;710.4;0.0;48.0;3.8;0.001;29.26;10.4;100.0
3338;2024-05-19 02:00:00;2.84;2.4;5.9;8.3;44.0;65.0;;710.3;0.0;56.0;3.6;0.001;28.17;9.0;75.0
3339;2024-05-19 03:00:00;2.84;2.2;4.7;7.2;39.0;84.0;;710.1;0.0;64.0;3.6;0.001;27.24;8.7;66.0
3340;2024-05-19 04:00:00;2.86;2.1;3.8;6.3;34.0;86.0;;710.1;0.0;73.0;3.5;0.001;26.02;9.5;49.0
3341;2024-05-19 05:00:00;2.89;2.1;3.9;6.3;32.0;90.0;;710.2;0.0;76.0;3.6;0.001;25.36;7.5;46.0
3342;2024-05-19 06:00:00;2.89;2.1;5.4;7.8;30.0;82.0;;710.5;0.0;78.0;3.5;0.001;24.85;6.6;51.0
3343;2024-05-19 07:00:00;2.91;2.6;8.6;11.5;27.0;77.0;;710.9;0.0;78.0;3.5;0.031;24.67;6.8;63.0
3344;2024-05-19 08:00:00;2.95;7.7;15.9;23.9;22.0;82.0;;711.2;0.0;75.0;3.5;0.171;25.54;4.4;42.0
3345;2024-05-19 09:00:00;2.98;5.3;11.6;17.2;35.0;91.0;;711.2;0.0;65.0;3.5;0.38;27.65;4.7;17.0
3346;2024-05-19 10:00:00;3.06;14.5;23.0;37.7;33.0;82.0;;711.0;0.0;59.0;3.5;0.571;29.11;8.6;46.0
3347;2024-05-19 11:00:00;2.97;3.7;9.8;13.6;61.0;91.0;;710.8;0.0;54.0;3.6;0.729;30.34;11.2;40.0
3348;2024-05-19 12:00:00;2.89;3.2;5.9;8.9;60.0;85.0;;710.4;0.0;44.0;3.5;0.856;32.28;14.0;50.0
3349;2024-05-19 13:00:00;2.82;3.1;4.5;7.4;60.0;68.0;;709.9;0.0;35.0;3.6;0.919;33.68;16.3;56.0
3350;2024-05-19 14:00:00;2.68;3.0;3.8;6.6;63.0;65.0;;709.4;0.0;28.0;3.8;0.916;34.89;14.4;60.0
3351;2024-05-19 15:00:00;2.66;3.3;4.6;7.8;63.0;58.0;;708.9;0.0;26.0;3.8;0.834;35.75;14.9;70.0
3352;2024-05-19 16:00:00;2.65;3.0;4.4;7.3;64.0;52.0;;708.3;0.0;23.0;4.0;0.696;36.31;15.6;66.0
3353;2024-05-19 17:00:00;2.6;3.0;4.1;6.9;64.0;49.0;;707.9;0.0;20.0;4.1;0.527;36.62;14.8;80.0
3354;2024-05-19 18:00:00;2.6;2.9;3.7;6.4;61.0;46.0;;707.6;0.0;20.0;3.9;0.262;36.58;12.1;110.0
3355;2024-05-19 19:00:00;2.6;2.9;5.0;7.6;59.0;40.0;;707.6;0.0;21.0;3.7;0.05;35.8;12.4;89.0
3356;2024-05-19 20:00:00;2.65;2.9;6.6;9.1;56.0;44.0;;707.9;0.0;23.0;4.1;0.007;34.49;13.2;82.0
3357;2024-05-19 21:00:00;2.68;2.8;7.7;10.2;55.0;43.0;;708.3;0.0;25.0;4.6;0.001;33.5;13.0;97.0
3358;2024-05-19 22:00:00;2.66;2.7;5.6;8.1;64.0;48.0;;709.1;0.0;28.0;4.0;0.001;31.82;15.0;85.0
3359;2024-05-19 23:00:00;2.72;2.7;5.7;8.2;54.0;49.0;;709.5;0.0;35.0;4.0;0.001;30.78;12.1;94.0
3360;2024-05-20 00:00:00;2.83;2.5;4.3;6.7;42.0;61.0;;709.4;0.0;48.0;3.8;0.001;29.26;14.2;94.0
3361;2024-05-20 01:00:00;2.85;2.4;3.0;5.4;40.0;69.0;;708.9;0.0;54.0;3.7;0.001;28.14;11.7;95.0
3362;2024-05-20 02:00:00;2.88;2.3;2.3;4.7;39.0;76.0;;708.4;0.0;61.0;3.6;0.001;26.95;13.2;85.0
3363;2024-05-20 03:00:00;2.9;2.1;2.3;4.6;38.0;76.0;;708.0;0.0;66.0;3.4;0.001;26.05;10.7;70.0
3364;2024-05-20 04:00:00;2.93;2.1;2.6;4.9;37.0;79.0;;707.8;0.0;72.0;3.6;0.001;24.96;9.8;48.0
3365;2024-05-20 05:00:00;2.95;2.0;2.9;5.2;35.0;85.0;;707.8;0.0;74.0;3.5;0.001;24.53;7.9;53.0
3366;2024-05-20 06:00:00;2.97;2.1;5.6;8.0;31.0;90.0;;707.9;0.0;75.0;3.6;0.002;24.34;6.2;59.0
3367;2024-05-20 07:00:00;3.02;2.7;10.7;13.8;26.0;88.0;;708.2;0.0;74.0;3.6;0.031;24.52;3.2;40.0
3368;2024-05-20 08:00:00;3.07;4.4;11.9;16.6;27.0;88.0;;708.5;0.0;70.0;3.6;0.11;25.53;3.9;33.0
3369;2024-05-20 09:00:00;3.15;8.9;17.4;26.5;25.0;85.0;;708.6;0.0;65.0;3.6;0.252;26.47;5.7;9.0
3370;2024-05-20 10:00:00;3.21;8.1;17.2;25.5;40.0;107.0;;708.7;0.0;57.0;3.6;0.554;28.46;5.8;14.0
3371;2024-05-20 11:00:00;3.43;9.7;28.8;38.5;52.0;101.0;;708.6;0.0;52.0;3.6;0.693;29.98;7.2;37.0
3372;2024-05-20 12:00:00;3.26;7.4;31.8;39.2;75.0;128.0;;708.4;0.0;47.0;3.7;0.82;31.54;8.6;30.0
3373;2024-05-20 13:00:00;3.17;3.9;19.8;23.5;108.0;138.0;;708.0;0.0;43.0;3.7;0.879;32.63;10.5;57.0
3374;2024-05-20 14:00:00;3.1;2.7;11.1;14.0;99.0;114.0;;707.6;0.0;41.0;3.7;0.869;33.83;13.8;57.0
3375;2024-05-20 15:00:00;0.36;;;;64.0;94.0;;707.1;0.0;37.0;;0.808;35.27;15.7;52.0
3376;2024-05-20 16:00:00;0.5;2.1;6.1;8.1;26.0;87.0;;706.5;0.0;32.0;1.5;0.65;36.45;16.2;94.0
3377;2024-05-20 17:00:00;0.71;2.6;7.3;10.1;54.0;77.0;;706.0;0.0;28.0;2.3;0.412;37.09;15.8;119.0
3378;2024-05-20 18:00:00;0.73;2.7;7.5;10.4;50.0;75.0;;705.8;0.0;28.0;2.3;0.234;37.17;15.3;107.0
3379;2024-05-20 19:00:00;0.75;2.4;8.7;11.3;47.0;70.0;;705.8;0.0;30.0;2.3;0.052;36.66;14.7;105.0
3380;2024-05-20 20:00:00;0.73;2.1;10.3;12.6;41.0;57.0;;706.2;0.0;29.0;2.3;0.007;35.92;13.7;82.0
3381;2024-05-20 21:00:00;0.74;2.1;7.6;9.9;39.0;59.0;;706.7;0.0;35.0;2.2;0.001;34.28;16.4;81.0
3382;2024-05-20 22:00:00;0.81;2.1;6.9;9.1;32.0;78.0;;707.0;0.0;47.0;2.3;0.001;31.85;15.7;77.0
3383;2024-05-20 23:00:00;0.82;2.0;5.8;8.0;30.0;88.0;;707.5;0.0;53.0;2.2;0.001;30.57;12.8;83.0
3384;2024-05-21 00:00:00;0.83;1.9;5.1;7.2;30.0;82.0;;707.6;0.0;58.0;2.2;0.001;29.35;12.1;89.0
3385;2024-05-21 01:00:00;0.85;1.9;4.4;6.5;30.0;69.0;;707.3;0.0;63.0;2.2;0.001;28.07;11.8;66.0
3386;2024-05-21 02:00:00;0.81;1.9;3.7;5.7;27.0;68.0;;707.0;0.0;70.0;2.1;0.001;26.54;11.7;45.0
3387;2024-05-21 03:00:00;0.81;1.8;3.7;5.7;26.0;72.0;;706.7;0.0;73.0;2.1;0.001;25.97;8.5;44.0
3388;2024-05-21 04:00:00;0.8;1.9;4.7;6.9;23.0;71.0;;706.6;0.0;76.0;2.1;0.001;25.48;6.8;42.0
3389;2024-05-21 05:00:00;0.82;2.9;14.3;17.4;12.0;82.0;;706.8;0.0;78.0;2.1;0.001;25.17;5.5;43.0
3390;2024-05-21 06:00:00;0.83;2.0;10.4;12.7;14.0;99.0;;706.6;0.0;78.0;2.1;0.001;24.91;7.3;77.0
3391;2024-05-21 07:00:00;0.87;3.6;13.0;16.8;11.0;89.0;;706.6;0.0;78.0;2.1;0.021;24.78;8.4;66.0
3392;2024-05-21 08:00:00;0.95;9.9;17.8;28.0;9.0;73.0;;707.1;0.0;77.0;2.2;0.067;25.06;6.5;41.0
3393;2024-05-21 09:00:00;1.08;11.4;19.8;31.4;12.0;102.0;;707.4;0.0;71.0;2.1;0.15;26.11;6.0;19.0
3394;2024-05-21 10:00:00;1.16;7.4;16.7;24.3;27.0;100.0;;707.6;0.0;64.0;2.2;0.472;27.69;6.3;16.0
3395;2024-05-21 11:00:00;1.31;6.0;18.9;25.1;46.0;98.0;;707.7;0.0;57.0;2.2;0.677;29.66;6.9;26.0
3396;2024-05-21 12:00:00;1.25;6.8;31.7;38.8;66.0;103.0;;707.6;0.0;52.0;2.1;0.801;30.97;10.0;62.0
3397;2024-05-21 13:00:00;1.09;3.9;25.3;29.3;101.0;124.0;;707.1;0.0;45.0;2.2;0.857;32.52;9.6;41.0
3398;2024-05-21 14:00:00;0.97;2.7;13.4;16.2;95.0;122.0;;706.4;0.0;42.0;2.1;0.85;33.95;11.8;38.0
3399;2024-05-21 15:00:00;0.88;2.7;9.2;12.1;68.0;97.0;;705.8;0.0;38.0;2.1;0.802;35.57;13.2;47.0
3400;2024-05-21 16:00:00;0.84;2.7;9.6;12.5;53.0;75.0;;705.2;0.0;37.0;2.1;0.416;35.92;14.5;108.0
3401;2024-05-21 17:00:00;0.86;2.7;11.3;14.2;47.0;69.0;;705.0;0.0;37.0;2.1;0.159;35.19;13.2;103.0
3402;2024-05-21 18:00:00;0.83;2.6;10.3;13.2;46.0;66.0;;704.8;0.0;37.0;2.2;0.199;35.16;14.5;110.0
3403;2024-05-21 19:00:00;0.83;2.3;11.2;13.7;44.0;70.0;;705.1;0.0;35.0;2.1;0.04;34.96;10.0;89.0
3404;2024-05-21 20:00:00;0.79;2.0;10.2;12.5;44.0;66.0;;705.2;0.0;34.0;2.2;0.002;34.87;12.7;120.0
3405;2024-05-21 21:00:00;0.83;2.3;14.1;16.4;34.0;63.0;;705.5;0.0;39.0;2.1;0.001;34.13;11.8;58.0
3406;2024-05-21 22:00:00;0.81;2.3;10.1;12.6;30.0;108.0;;706.0;0.0;47.0;2.1;0.001;32.32;10.9;57.0
3407;2024-05-21 23:00:00;0.84;2.2;14.5;16.8;25.0;102.0;;707.3;0.0;57.0;2.2;0.001;30.1;11.4;25.0
3408;2024-05-22 00:00:00;0.81;2.0;10.4;12.6;27.0;102.0;;708.1;0.0;60.0;2.1;0.001;29.2;9.8;54.0
3409;2024-05-22 01:00:00;0.82;1.9;7.5;9.6;28.0;101.0;;707.0;0.0;62.0;2.0;0.001;28.82;5.4;127.0
3410;2024-05-22 02:00:00;0.81;2.1;12.6;14.7;23.0;97.0;;706.5;0.0;62.0;2.1;0.001;28.68;6.6;3.0
3411;2024-05-22 03:00:00;0.94;2.0;9.8;11.8;26.0;105.0;;707.2;0.0;63.0;2.2;0.001;28.19;9.2;18.0
3412;2024-05-22 04:00:00;0.81;1.6;8.4;10.5;26.0;99.0;;706.8;0.0;66.0;2.1;0.001;27.5;8.4;76.0
3413;2024-05-22 05:00:00;0.81;0.5;6.0;8.1;26.0;120.0;;706.2;0.0;69.0;2.2;0.001;26.91;3.7;16.0
3414;2024-05-22 06:00:00;0.89;1.7;14.5;16.6;19.0;86.0;;706.4;0.0;69.0;2.1;0.001;26.93;8.0;357.0
3415;2024-05-22 07:00:00;0.92;2.7;17.8;21.2;19.0;112.0;;706.8;0.0;71.0;2.2;0.018;26.41;8.7;47.0
3416;2024-05-22 08:00:00;0.96;4.9;22.9;28.6;16.0;121.0;;707.3;0.0;72.0;2.1;0.033;26.22;7.9;46.0
3417;2024-05-22 09:00:00;0.96;4.5;14.3;19.2;25.0;109.0;;707.9;0.0;69.0;2.1;0.212;26.98;6.4;30.0
3418;2024-05-22 10:00:00;1.06;7.3;16.2;23.2;35.0;93.0;;707.9;0.0;57.0;2.1;0.55;29.9;6.6;278.0
3419;2024-05-22 11:00:00;1.24;5.5;17.3;21.9;60.0;98.0;;707.7;0.0;49.0;2.1;0.7;31.99;6.5;27.0
3420;2024-05-22 12:00:00;1.38;7.1;31.2;37.1;82.0;105.0;;707.5;0.0;45.0;2.2;0.805;33.46;9.2;55.0
3421;2024-05-22 13:00:00;1.06;5.4;21.8;25.2;108.0;126.0;;707.1;0.0;41.0;2.1;0.862;34.26;10.6;51.0
3422;2024-05-22 14:00:00;1.04;2.9;17.8;20.4;131.0;123.0;;706.7;0.0;36.0;2.1;0.847;35.96;10.4;60.0
3423;2024-05-22 15:00:00;0.92;3.6;11.8;14.3;112.0;109.0;;706.1;0.0;33.0;2.1;0.78;37.17;13.8;61.0
3424;2024-05-22 16:00:00;0.81;3.3;10.3;13.1;79.0;98.0;;705.3;0.0;26.0;2.5;0.648;38.7;14.0;72.0
3425;2024-05-22 17:00:00;0.76;2.9;9.8;12.5;68.0;77.0;;704.9;0.0;26.0;2.9;0.338;38.22;14.9;122.0
3426;2024-05-22 18:00:00;0.75;2.4;9.7;12.3;62.0;74.0;;704.6;0.0;26.0;2.5;0.225;37.97;15.2;115.0
3427;2024-05-22 19:00:00;0.67;2.2;12.5;14.9;54.0;62.0;;704.6;0.0;20.0;2.6;0.044;37.97;14.3;110.0
3428;2024-05-22 20:00:00;0.58;2.8;12.2;14.7;52.0;55.0;;704.9;0.0;17.0;2.7;0.007;37.4;14.3;118.0
3429;2024-05-22 21:00:00;0.49;3.3;8.9;11.4;52.0;58.0;;707.5;0.01;30.0;2.4;0.001;32.05;12.6;214.0
3430;2024-05-22 22:00:00;0.57;3.2;13.2;15.4;41.0;54.0;;706.8;0.0;41.0;2.3;0.001;28.8;8.6;214.0
3431;2024-05-22 23:00:00;0.56;4.7;6.9;9.1;45.0;38.0;;706.1;0.0;36.0;2.2;0.001;31.81;12.3;174.0
3432;2024-05-23 00:00:00;0.62;4.1;3.7;5.8;45.0;73.0;;706.0;0.0;39.0;2.2;0.001;32.13;9.5;91.0
3433;2024-05-23 01:00:00;0.62;3.7;5.3;7.5;43.0;76.0;;705.6;0.0;37.0;2.2;0.001;32.15;10.3;137.0
3434;2024-05-23 02:00:00;0.74;4.5;14.5;16.7;30.0;71.0;;705.2;0.0;43.0;2.2;0.001;31.41;7.5;352.0
3435;2024-05-23 03:00:00;1.26;2.6;17.5;19.7;18.0;89.0;;705.0;0.0;58.0;2.1;0.001;29.24;7.6;344.0
3436;2024-05-23 04:00:00;0.81;2.4;16.0;18.1;19.0;106.0;;705.5;0.0;60.0;2.1;0.001;28.39;6.7;342.0
3437;2024-05-23 05:00:00;0.79;2.3;11.9;14.1;24.0;96.0;;705.8;0.0;61.0;2.1;0.001;27.74;6.1;339.0
3438;2024-05-23 06:00:00;1.12;2.3;19.4;21.6;20.0;90.0;;706.2;0.0;61.0;2.1;0.001;27.27;7.1;14.0
3439;2024-05-23 07:00:00;1.3;3.8;22.0;25.9;22.0;102.0;;706.9;0.0;60.0;2.1;0.04;27.18;5.9;13.0
3440;2024-05-23 08:00:00;1.26;6.0;19.7;25.7;29.0;106.0;;707.1;0.0;58.0;2.2;0.173;27.88;6.7;12.0
3441;2024-05-23 09:00:00;1.22;10.0;27.3;37.1;30.0;103.0;;707.5;0.0;57.0;2.2;0.319;28.66;6.7;10.0
3442;2024-05-23 10:00:00;1.04;8.2;24.3;32.4;41.0;118.0;;707.5;0.0;55.0;2.2;0.531;29.64;8.6;54.0
3443;2024-05-23 11:00:00;0.93;4.7;17.6;21.9;66.0;110.0;;707.6;0.0;52.0;2.1;0.678;30.61;9.9;66.0
3444;2024-05-23 12:00:00;0.87;4.0;14.4;17.7;86.0;107.0;;707.4;0.0;45.0;2.2;0.8;32.24;9.7;49.0
3445;2024-05-23 13:00:00;0.87;4.1;13.7;16.6;101.0;94.0;;706.9;0.0;41.0;2.3;0.848;33.85;11.0;48.0
3446;2024-05-23 14:00:00;0.84;4.3;12.5;15.2;112.0;92.0;;706.4;0.0;35.0;2.3;0.849;35.62;12.1;41.0
3447;2024-05-23 15:00:00;0.81;4.1;10.3;12.9;106.0;96.0;;705.7;0.0;32.0;2.4;0.897;36.87;13.2;52.0
3448;2024-05-23 16:00:00;0.77;2.6;10.0;12.7;96.0;92.0;;705.1;0.0;30.0;2.4;0.788;37.6;14.1;59.0
3449;2024-05-23 17:00:00;0.7;3.6;8.2;10.6;94.0;82.0;;704.7;0.0;26.0;2.8;0.58;38.36;10.5;111.0
3450;2024-05-23 18:00:00;;;;;;;;;;;;;;;
3451;2024-05-23 19:00:00;;;;;;;;;;;;;;;
3452;2024-05-23 20:00:00;;;;;;;;;;;;;;;
3453;2024-05-23 21:00:00;;;;;;;;;;;;;;;
3454;2024-05-23 22:00:00;;;;;;;;;;;;;;;
3455;2024-05-23 23:00:00;;;;;;;;;;;;;;;
3456;2024-05-24 00:00:00;;;;;;;;;;;;;;;
3457;2024-05-24 01:00:00;;;;;;;;;;;;;;;
3458;2024-05-24 02:00:00;;;;;;;;;;;;;;;
3459;2024-05-24 03:00:00;;;;;;;;;;;;;;;
3460;2024-05-24 04:00:00;;;;;;;;;;;;;;;
3461;2024-05-24 05:00:00;;;;;;;;;;;;;;;
3462;2024-05-24 06:00:00;;;;;;;;;;;;;;;
3463;2024-05-24 07:00:00;;;;;;;;;;;;;;;
3464;2024-05-24 08:00:00;;;;;;;;;;;;;;;
3465;2024-05-24 09:00:00;;;;;;;;;;;;;;;
3466;2024-05-24 10:00:00;0.88;9.8;29.9;39.9;38.0;16.0;;707.2;0.0;45.0;2.1;0.753;32.77;5.6;49.0
3467;2024-05-24 11:00:00;1.01;7.5;36.7;44.4;66.0;96.0;;707.0;0.0;34.0;2.4;0.942;35.36;8.2;40.0
3468;2024-05-24 12:00:00;0.8;4.6;28.7;33.5;87.0;133.0;;706.8;0.0;24.0;3.3;1.083;37.58;10.1;18.0
3469;2024-05-24 13:00:00;0.13;2.9;7.3;10.4;64.0;114.0;;706.3;0.0;3.0;2.3;1.175;40.68;11.7;338.0
3470;2024-05-24 14:00:00;0.17;2.5;6.2;8.9;73.0;55.0;;705.8;0.0;3.0;2.6;1.154;41.51;10.1;7.0
3471;2024-05-24 15:00:00;0.33;2.3;10.8;13.3;109.0;54.0;;705.3;0.0;7.0;3.8;1.036;41.67;11.2;95.0
3472;2024-05-24 16:00:00;0.3;2.3;10.8;13.4;101.0;60.0;49.11;704.8;0.0;4.0;2.8;0.871;42.34;11.2;91.0
3473;2024-05-24 17:00:00;0.35;2.4;11.6;14.1;97.0;52.0;;704.4;0.0;6.0;3.8;0.653;42.21;11.9;90.0
3474;2024-05-24 18:00:00;0.51;2.2;12.4;14.9;94.0;66.0;;704.4;0.0;16.0;4.7;0.321;40.69;14.9;118.0
3475;2024-05-24 19:00:00;0.54;2.1;11.1;13.4;82.0;75.0;;704.7;0.0;19.0;3.8;0.07;39.29;14.3;121.0
3476;2024-05-24 20:00:00;0.6;1.9;12.9;15.0;62.0;70.0;;705.2;0.0;21.0;3.3;0.008;37.89;13.4;93.0
3477;2024-05-24 21:00:00;0.67;2.1;17.8;20.1;45.0;70.0;;705.6;0.0;22.0;3.1;0.0;36.85;12.6;66.0
3478;2024-05-24 22:00:00;0.71;2.0;14.2;16.3;38.0;64.0;;706.2;0.0;33.0;2.6;0.0;35.14;13.0;64.0
3479;2024-05-24 23:00:00;0.72;2.1;8.4;10.7;27.0;82.0;;706.8;0.0;51.0;2.1;0.0;32.29;13.4;61.0
3480;2024-05-25 00:00:00;0.73;1.9;7.9;10.0;27.0;90.0;;706.8;0.0;55.0;2.0;0.0;31.22;10.5;51.0
3481;2024-05-25 01:00:00;0.77;1.9;7.8;9.8;27.0;73.0;;706.6;0.0;57.0;2.1;0.0;30.67;9.9;59.0
3482;2024-05-25 02:00:00;0.78;1.9;7.0;9.1;24.0;81.0;;706.3;0.0;61.0;2.1;0.0;29.57;10.8;41.0
3483;2024-05-25 03:00:00;0.73;1.8;4.6;6.6;24.0;75.0;;706.1;0.0;67.0;2.0;0.0;28.33;8.8;36.0
3484;2024-05-25 04:00:00;0.74;2.1;8.6;11.0;18.0;88.0;;706.0;0.0;70.0;2.1;0.0;27.66;7.3;25.0
3485;2024-05-25 05:00:00;0.75;4.2;13.1;17.6;12.0;86.0;;706.2;0.0;74.0;2.1;0.0;26.89;8.1;38.0
3486;2024-05-25 06:00:00;0.82;10.5;23.6;34.3;4.0;91.0;;706.5;0.0;76.0;2.0;0.001;26.44;4.1;27.0
3487;2024-05-25 07:00:00;0.86;5.5;18.6;24.3;7.0;93.0;;706.8;0.0;75.0;2.1;0.054;26.72;3.8;99.0
3488;2024-05-25 08:00:00;0.98;8.3;18.1;26.8;10.0;109.0;;707.2;0.0;70.0;2.2;0.202;27.94;3.5;18.0
3489;2024-05-25 09:00:00;1.05;7.3;16.0;23.6;20.0;126.0;;707.3;0.0;64.0;2.2;0.439;29.3;5.4;1.0
3490;2024-05-25 10:00:00;1.47;9.3;26.6;36.1;33.0;102.0;;707.2;0.0;57.0;2.1;0.686;31.3;6.7;28.0
3491;2024-05-25 11:00:00;1.52;7.5;32.6;40.3;56.0;125.0;;707.0;0.0;51.0;2.1;0.887;32.95;8.5;50.0
3492;2024-05-25 12:00:00;1.24;4.3;26.1;30.7;87.0;132.0;;706.9;0.0;43.0;2.1;0.989;34.5;10.1;54.0
3493;2024-05-25 13:00:00;1.18;2.3;15.6;18.1;114.0;132.0;;706.5;0.0;39.0;2.0;1.081;35.8;10.5;45.0
3494;2024-05-25 14:00:00;1.1;2.3;11.5;13.9;100.0;124.0;;705.8;0.0;35.0;2.1;1.048;36.98;12.6;52.0
3495;2024-05-25 15:00:00;1.04;2.2;10.7;13.1;78.0;109.0;;705.3;0.0;30.0;2.0;0.613;37.98;15.2;60.0
3496;2024-05-25 16:00:00;1.03;2.1;10.6;12.9;70.0;93.0;;704.9;0.0;29.0;2.2;0.356;37.79;11.0;95.0
3497;2024-05-25 17:00:00;0.98;2.1;10.7;13.0;71.0;79.0;;704.6;0.0;25.0;2.1;0.441;38.41;12.3;94.0
3498;2024-05-25 18:00:00;0.99;2.2;10.9;13.3;61.0;71.0;;704.3;0.0;27.0;2.2;0.242;38.38;13.2;85.0
3499;2024-05-25 19:00:00;0.98;1.9;6.6;8.8;57.0;68.0;;704.3;0.0;32.0;2.2;0.107;37.16;17.0;117.0
3500;2024-05-25 20:00:00;1.0;1.8;7.4;9.4;54.0;87.0;;704.5;0.0;34.0;2.2;0.008;35.98;12.6;123.0
3501;2024-05-25 21:00:00;1.04;1.9;12.4;14.4;46.0;82.0;;705.0;0.0;35.0;2.3;0.0;35.15;10.7;113.0
3502;2024-05-25 22:00:00;1.06;2.0;11.3;13.5;27.0;81.0;;705.5;0.0;51.0;2.2;0.0;32.76;13.8;49.0
3503;2024-05-25 23:00:00;1.03;2.0;8.7;10.9;24.0;99.0;;705.9;0.0;56.0;2.2;0.0;31.44;11.0;39.0
3504;2024-05-26 00:00:00;1.04;2.0;10.4;12.6;22.0;81.0;;706.0;0.0;58.0;2.1;0.0;30.77;9.9;38.0
3505;2024-05-26 01:00:00;1.03;1.9;7.6;9.6;22.0;86.0;;706.0;0.0;63.0;2.1;0.0;29.58;8.3;42.0
3506;2024-05-26 02:00:00;1.02;2.0;7.4;9.7;22.0;88.0;;705.8;0.0;65.0;2.2;0.0;28.95;6.5;43.0
3507;2024-05-26 03:00:00;1.01;1.9;9.7;11.8;20.0;65.0;;705.5;0.0;66.0;2.2;0.0;28.52;6.3;33.0
3508;2024-05-26 04:00:00;1.03;2.5;13.4;16.1;16.0;71.0;;705.4;0.0;68.0;2.1;0.0;27.67;6.4;41.0
3509;2024-05-26 05:00:00;1.02;7.6;21.2;29.0;7.0;67.0;;705.6;0.0;70.0;2.1;0.0;27.09;4.8;52.0
3510;2024-05-26 06:00:00;1.03;2.7;16.5;19.4;10.0;96.0;;705.6;0.0;72.0;2.1;0.001;26.76;5.4;60.0
3511;2024-05-26 07:00:00;1.05;6.7;15.3;22.2;11.0;82.0;;705.9;0.0;73.0;2.1;0.049;26.68;5.6;60.0
3512;2024-05-26 08:00:00;1.19;6.1;15.4;21.6;17.0;64.0;;706.5;0.0;70.0;2.1;0.219;27.61;4.0;7.0
3513;2024-05-26 09:00:00;1.2;6.0;14.6;20.8;26.0;84.0;;706.5;0.0;63.0;2.0;0.47;29.35;5.3;352.0
3514;2024-05-26 10:00:00;1.38;5.1;16.8;22.1;45.0;95.0;;706.5;0.0;56.0;2.0;0.719;31.26;6.6;8.0
3515;2024-05-26 11:00:00;1.34;5.4;22.1;27.7;59.0;101.0;;706.6;0.0;50.0;2.0;0.91;32.86;9.3;65.0
3516;2024-05-26 12:00:00;1.18;2.9;16.1;19.3;88.0;111.0;;706.6;0.0;42.0;2.0;1.052;34.74;10.1;78.0
3517;2024-05-26 13:00:00;1.12;2.3;12.4;14.9;98.0;93.0;;706.4;0.0;34.0;2.0;1.103;36.75;9.4;94.0
3518;2024-05-26 14:00:00;1.08;2.2;10.3;12.7;100.0;84.0;;706.0;0.0;27.0;2.0;1.087;39.26;9.4;87.0
3519;2024-05-26 15:00:00;1.02;2.0;8.5;10.7;93.0;74.0;;705.7;0.0;25.0;2.1;0.976;40.16;12.1;83.0
3520;2024-05-26 16:00:00;0.98;2.0;8.0;10.2;74.0;74.0;;705.3;0.0;24.0;2.1;0.663;40.35;12.4;78.0
3521;2024-05-26 17:00:00;0.96;2.1;10.4;12.7;69.0;68.0;;705.2;0.0;24.0;2.1;0.376;40.31;12.0;75.0
3522;2024-05-26 18:00:00;0.96;1.9;4.7;6.8;57.0;68.0;;705.2;0.0;27.0;2.2;0.254;39.27;13.7;109.0
3523;2024-05-26 19:00:00;0.98;5.6;22.3;28.1;35.0;65.0;;706.2;0.0;33.0;2.4;0.128;35.61;15.8;43.0
3524;2024-05-26 20:00:00;1.01;1.9;9.5;11.6;43.0;98.0;;706.9;0.0;37.0;2.5;0.027;34.35;6.0;105.0
3525;2024-05-26 21:00:00;0.96;1.9;6.2;8.3;40.0;72.0;;707.4;0.0;36.0;2.3;0.0;34.62;10.2;126.0
3526;2024-05-26 22:00:00;1.0;1.8;7.4;9.4;39.0;67.0;;707.7;0.0;38.0;2.2;0.0;34.03;7.9;118.0
3527;2024-05-26 23:00:00;0.99;1.9;7.6;9.6;39.0;64.0;;708.2;0.0;38.0;2.2;0.0;33.69;7.2;112.0
3528;2024-05-27 00:00:00;1.07;1.8;11.1;13.2;33.0;63.0;;708.2;0.0;39.0;2.2;0.0;33.52;5.6;79.0
3529;2024-05-27 01:00:00;1.24;1.9;19.7;21.7;19.0;67.0;;708.1;0.0;49.0;2.2;0.0;32.28;7.4;52.0
3530;2024-05-27 02:00:00;1.24;2.0;10.3;12.5;23.0;102.0;;708.1;0.0;56.0;2.2;0.0;31.3;6.7;32.0
3531;2024-05-27 03:00:00;1.13;1.8;6.2;8.2;27.0;89.0;;707.8;0.0;59.0;2.1;0.0;30.47;6.9;51.0
3532;2024-05-27 04:00:00;1.07;1.8;5.1;7.1;28.0;104.0;;707.8;0.0;55.0;2.1;0.0;30.26;5.8;44.0
3533;2024-05-27 05:00:00;1.13;2.2;15.0;17.4;18.0;79.0;;708.1;0.0;62.0;2.1;0.0;29.65;5.9;28.0
3534;2024-05-27 06:00:00;1.29;3.9;23.0;27.1;8.0;105.0;;708.3;0.0;69.0;2.1;0.001;28.8;7.0;34.0
3535;2024-05-27 07:00:00;1.29;8.4;24.2;32.8;8.0;106.0;;708.7;0.0;70.0;2.2;0.06;28.63;5.4;65.0
3536;2024-05-27 08:00:00;1.46;10.9;23.3;34.4;11.0;151.0;;709.2;0.0;67.0;2.2;0.149;29.54;2.3;58.0
3537;2024-05-27 09:00:00;1.5;11.3;22.7;34.2;19.0;115.0;;709.3;0.0;57.0;2.2;0.445;32.14;4.2;181.0
3538;2024-05-27 10:00:00;1.47;7.8;22.4;30.4;37.0;110.0;;709.4;0.0;48.0;2.1;0.682;33.97;7.0;24.0
3539;2024-05-27 11:00:00;1.48;5.4;22.8;28.4;60.0;110.0;;709.5;0.0;46.0;2.1;0.857;35.0;12.7;61.0
3540;2024-05-27 12:00:00;1.31;4.1;18.7;23.0;75.0;118.0;;709.5;0.0;47.0;2.1;0.939;35.07;15.5;50.0
3541;2024-05-27 13:00:00;1.22;2.2;11.1;13.5;72.0;116.0;;709.4;0.0;46.0;2.2;0.222;34.64;16.3;65.0
3542;2024-05-27 14:00:00;1.19;2.1;10.3;12.7;49.0;125.0;;709.4;0.0;47.0;2.1;0.071;33.87;11.9;106.0
3543;2024-05-27 15:00:00;1.18;2.2;9.4;11.8;38.0;108.0;;708.8;0.0;51.0;2.1;0.049;33.07;10.5;115.0
3544;2024-05-27 16:00:00;1.17;2.1;7.3;9.6;35.0;119.0;;708.6;0.0;54.0;2.1;0.052;32.75;10.3;129.0
3545;2024-05-27 17:00:00;1.16;2.2;8.4;10.8;35.0;91.0;;708.6;0.0;54.0;2.1;0.042;32.67;13.8;98.0
3546;2024-05-27 18:00:00;1.11;2.3;8.6;11.1;35.0;90.0;;708.9;0.0;48.0;2.0;0.023;31.66;20.5;102.0
3547;2024-05-27 19:00:00;1.0;2.3;7.6;10.1;34.0;169.0;;708.7;0.0;42.0;2.1;0.041;29.58;13.5;138.0
3548;2024-05-27 20:00:00;1.14;3.9;25.3;29.4;17.0;86.0;;709.7;0.0;37.0;2.1;0.012;30.88;10.2;31.0
3549;2024-05-27 21:00:00;1.08;2.8;22.6;25.6;18.0;69.0;;711.1;0.0;47.0;2.1;0.0;27.59;9.4;6.0
3550;2024-05-27 22:00:00;1.27;2.9;25.1;28.1;19.0;66.0;;711.0;0.0;46.0;2.1;0.0;27.34;5.2;137.0
3551;2024-05-27 23:00:00;1.15;2.2;28.6;31.0;14.0;59.0;;711.3;0.0;47.0;2.0;0.001;27.07;3.7;202.0
3552;2024-05-28 00:00:00;1.15;2.5;34.9;37.6;11.0;55.0;;712.3;0.0;46.0;2.2;0.001;27.3;4.3;153.0
3553;2024-05-28 01:00:00;1.0;2.1;20.3;22.7;22.0;53.0;;712.5;0.0;46.0;3.5;0.001;27.43;10.4;107.0
3554;2024-05-28 02:00:00;0.93;1.9;6.9;9.0;33.0;54.0;;712.2;0.0;57.0;2.8;0.0;26.31;13.7;119.0
3555;2024-05-28 03:00:00;0.91;1.9;13.0;15.1;26.0;54.0;;711.7;0.0;57.0;2.7;0.0;26.17;8.4;83.0
3556;2024-05-28 04:00:00;1.0;1.9;5.5;7.6;30.0;49.0;;711.3;0.0;69.0;2.4;0.0;25.48;7.1;38.0
3557;2024-05-28 05:00:00;1.02;2.3;13.8;16.3;19.0;62.0;;711.1;0.0;74.0;2.2;0.0;24.6;6.7;12.0
3558;2024-05-28 06:00:00;1.09;2.1;20.9;23.2;13.0;67.0;;711.0;0.0;75.0;2.2;0.001;24.31;4.3;324.0
3559;2024-05-28 07:00:00;1.17;4.7;20.6;25.6;13.0;69.0;;710.9;0.0;73.0;2.3;0.054;24.61;2.3;274.0
3560;2024-05-28 08:00:00;1.27;10.3;22.3;32.9;15.0;81.0;;711.1;0.0;66.0;2.2;0.227;26.08;4.4;319.0
3561;2024-05-28 09:00:00;1.3;10.2;22.4;32.8;25.0;75.0;;711.1;0.0;58.0;2.3;0.465;27.45;6.6;4.0
3562;2024-05-28 10:00:00;1.47;11.5;28.8;40.4;33.0;89.0;;711.1;0.0;53.0;2.6;0.654;29.01;7.0;10.0
3563;2024-05-28 11:00:00;1.33;11.3;30.7;42.3;41.0;105.0;;711.4;0.0;53.0;2.3;0.882;29.9;9.8;39.0
3564;2024-05-28 12:00:00;1.13;4.4;20.6;25.2;72.0;113.0;;711.3;0.0;47.0;2.5;0.927;31.04;8.9;40.0
3565;2024-05-28 13:00:00;1.13;2.7;11.8;14.8;81.0;93.0;;710.6;0.0;45.0;2.4;1.076;32.36;9.1;37.0
3566;2024-05-28 14:00:00;1.11;2.5;9.3;12.0;80.0;76.0;;709.6;0.0;41.0;2.3;1.091;34.3;10.3;45.0
3567;2024-05-28 15:00:00;1.07;2.5;8.4;11.1;73.0;68.0;;709.1;0.0;36.0;2.3;1.005;35.63;13.3;55.0
3568;2024-05-28 16:00:00;1.04;2.7;8.2;11.1;65.0;64.0;;708.7;0.0;34.0;2.3;0.809;36.62;16.3;60.0
3569;2024-05-28 17:00:00;1.02;2.5;7.9;10.6;62.0;73.0;;708.3;0.0;32.0;2.4;0.572;37.11;15.7;97.0
3570;2024-05-28 18:00:00;1.02;2.3;7.9;10.4;66.0;73.0;;707.5;0.0;31.0;2.3;0.311;37.09;15.7;122.0
3571;2024-05-28 19:00:00;1.05;2.4;9.2;11.9;65.0;63.0;;706.9;0.0;31.0;2.4;0.078;36.7;14.5;121.0
3572;2024-05-28 20:00:00;1.14;2.0;11.3;13.5;54.0;60.0;;707.1;0.0;34.0;2.3;0.006;35.77;15.4;88.0
3573;2024-05-28 21:00:00;1.27;2.1;7.5;9.8;35.0;94.0;;708.1;0.0;52.0;2.2;0.0;32.32;21.8;78.0
3574;2024-05-28 22:00:00;1.23;1.9;5.9;7.9;38.0;121.0;;708.7;0.0;55.0;2.2;0.001;30.7;18.2;81.0
3575;2024-05-28 23:00:00;;;;;;;;;;;;;;;
3576;2024-05-29 00:00:00;;;;;;;;;;;;;;;
3577;2024-05-29 01:00:00;;;;;;;;;;;;;;;
3578;2024-05-29 02:00:00;;;;;;;;;;;;;;;
3579;2024-05-29 03:00:00;;;;;;;;;;;;;;;
3580;2024-05-29 04:00:00;;;;;;;;;;;;;;;
3581;2024-05-29 05:00:00;;;;;;;;;;;;;;;
3582;2024-05-29 06:00:00;;;;;;;;;;;;;;;
3583;2024-05-29 07:00:00;;;;;;;;;;;;;;;
3584;2024-05-29 08:00:00;;;;;;;;;;;;;;;
3585;2024-05-29 09:00:00;;;;;;;;;;;;;;;
3586;2024-05-29 10:00:00;;;;;;;;;;;;;;;
3587;2024-05-29 11:00:00;;;;;;;;;;;;;;;
3588;2024-05-29 12:00:00;;;;;;;;;;;;;;;
3589;2024-05-29 13:00:00;;;;;;;;;;;;;;;
3590;2024-05-29 14:00:00;;;;;;;;;;;;;;;
3591;2024-05-29 15:00:00;;;;;;;;;;;;;;;
3592;2024-05-29 16:00:00;;;;;;;;;;;;;;;
3593;2024-05-29 17:00:00;;;;;;;;;;;;;;;
3594;2024-05-29 18:00:00;;;;;;;;;;;;;;;
3595;2024-05-29 19:00:00;;;;;;;;;;;;;;;
3596;2024-05-29 20:00:00;;;;;;;;;;;;;;;
3597;2024-05-29 21:00:00;;;;;;;;;;;;;;;
3598;2024-05-29 22:00:00;;;;;;;;;;;;;;;
3599;2024-05-29 23:00:00;;;;;;;;;;;;;;;
3600;2024-05-30 00:00:00;;;;;;;;;;;;;;;
3601;2024-05-30 01:00:00;;;;;;;;;;;;;;;
3602;2024-05-30 02:00:00;;;;;;;;;;;;;;;
3603;2024-05-30 03:00:00;;;;;;;;;;;;;;;
3604;2024-05-30 04:00:00;;;;;;;;;;;;;;;
3605;2024-05-30 05:00:00;;;;;;;;;;;;;;;
3606;2024-05-30 06:00:00;;;;;;;;;;;;;;;
3607;2024-05-30 07:00:00;;;;;;;;;;;;;;;
3608;2024-05-30 08:00:00;;;;;;;;;;;;;;;
3609;2024-05-30 09:00:00;0.33;4.6;4.9;9.6;5.0;20.0;;;0.0;23.0;0.7;0.134;8.35;2.7;31.0
3610;2024-05-30 10:00:00;1.05;20.2;18.6;39.1;14.0;71.0;;710.2;0.0;70.0;2.2;0.586;27.0;10.2;24.0
3611;2024-05-30 11:00:00;0.99;6.4;10.8;17.5;30.0;79.0;;710.1;0.0;66.0;2.0;0.83;27.84;12.5;51.0
3612;2024-05-30 12:00:00;0.99;3.7;8.7;12.6;39.0;72.0;;710.0;0.0;63.0;2.2;0.6;28.41;11.3;62.0
3613;2024-05-30 13:00:00;1.0;3.7;9.2;13.1;48.0;74.0;;709.5;0.0;56.0;2.1;1.016;30.25;8.4;41.0
3614;2024-05-30 14:00:00;1.02;3.0;8.8;12.0;57.0;77.0;;708.6;0.0;51.0;2.1;1.009;31.5;9.5;52.0
3615;2024-05-30 15:00:00;1.0;2.7;6.5;9.5;53.0;67.0;;707.9;0.0;46.0;2.1;1.025;32.85;11.3;73.0
3616;2024-05-30 16:00:00;1.0;2.6;6.8;9.6;50.0;63.0;;707.6;0.0;43.0;2.0;0.879;33.17;15.4;120.0
3617;2024-05-30 17:00:00;1.02;2.7;7.2;10.2;49.0;61.0;;707.0;0.0;46.0;2.1;0.667;32.78;14.4;131.0
3618;2024-05-30 18:00:00;1.0;2.7;8.6;11.5;44.0;57.0;;706.8;0.0;44.0;2.1;0.376;32.96;11.2;134.0
3619;2024-05-30 19:00:00;1.03;2.8;10.5;13.5;41.0;65.0;;706.8;0.0;44.0;2.1;0.1;32.41;9.3;145.0
3620;2024-05-30 20:00:00;1.05;2.2;13.3;15.7;38.0;61.0;;706.2;0.0;42.0;2.1;0.013;32.06;7.6;156.0
3621;2024-05-30 21:00:00;1.19;2.3;22.9;25.3;21.0;61.0;;706.5;0.0;46.0;2.1;0.001;30.97;3.7;250.0
3622;2024-05-30 22:00:00;1.27;3.0;27.5;30.7;17.0;74.0;;707.1;0.0;47.0;2.1;0.001;30.84;6.0;10.0
3623;2024-05-30 23:00:00;1.09;2.2;16.6;18.9;20.0;80.0;;707.7;0.0;57.0;2.0;0.001;29.91;8.7;42.0
3624;2024-05-31 00:00:00;1.02;2.0;13.6;15.8;16.0;90.0;;707.6;0.0;64.0;2.1;0.001;28.69;7.5;42.0
3625;2024-05-31 01:00:00;1.01;1.8;7.6;9.6;22.0;77.0;;707.5;0.0;66.0;2.1;0.001;27.89;9.7;44.0
3626;2024-05-31 02:00:00;1.01;1.8;6.5;8.5;22.0;71.0;;707.4;0.0;69.0;2.1;0.001;26.93;8.7;69.0
3627;2024-05-31 03:00:00;1.0;1.8;6.3;8.2;21.0;81.0;;707.2;0.0;70.0;2.1;0.001;26.58;8.3;47.0
3628;2024-05-31 04:00:00;0.98;1.8;5.1;7.0;22.0;64.0;;707.1;0.0;75.0;2.1;0.001;25.64;8.7;50.0
3629;2024-05-31 05:00:00;0.98;1.8;4.8;6.7;21.0;78.0;;707.0;0.0;76.0;2.0;0.001;25.26;6.2;47.0
3630;2024-05-31 06:00:00;1.02;2.4;14.7;17.2;11.0;60.0;;707.0;0.0;78.0;2.1;0.002;24.86;6.1;45.0
3631;2024-05-31 07:00:00;1.06;7.7;18.7;26.7;7.0;79.0;;707.5;0.0;78.0;2.2;0.029;24.53;7.0;53.0
3632;2024-05-31 08:00:00;1.13;7.8;18.3;26.4;8.0;92.0;;708.3;0.0;79.0;2.2;0.041;24.4;8.2;64.0
3633;2024-05-31 09:00:00;1.0;5.8;14.9;20.9;12.0;;;708.8;0.0;76.0;2.2;0.115;24.5;9.0;65.0
3634;2024-05-31 10:00:00;1.06;12.1;19.0;31.3;18.0;280.0;;708.6;0.0;68.0;2.2;0.51;26.19;6.4;37.0
3635;2024-05-31 11:00:00;1.1;8.4;20.5;29.1;26.0;76.0;;708.7;0.0;64.0;2.2;0.362;27.02;8.1;358.0
3636;2024-05-31 12:00:00;1.08;5.4;17.7;23.3;37.0;94.0;;709.0;0.0;61.0;2.1;0.503;27.83;9.0;5.0
3637;2024-05-31 13:00:00;0.96;3.5;10.2;14.0;53.0;96.0;;709.3;0.0;54.0;2.1;1.033;29.34;10.0;23.0
3638;2024-05-31 14:00:00;0.96;3.0;9.0;12.2;57.0;75.0;;709.3;0.0;51.0;2.2;0.99;30.32;10.8;51.0
3639;2024-05-31 15:00:00;0.92;3.0;9.7;13.0;62.0;69.0;;708.9;0.0;46.0;2.1;0.994;31.39;12.2;70.0
3640;2024-05-31 16:00:00;0.88;2.3;6.6;9.1;62.0;60.0;;708.5;0.0;42.0;2.2;0.692;32.11;12.5;102.0
3641;2024-05-31 17:00:00;0.94;2.8;7.7;10.7;60.0;65.0;40.36;708.3;0.0;42.0;2.2;0.557;32.53;12.1;125.0
3642;2024-05-31 18:00:00;0.94;2.1;8.9;11.2;58.0;68.0;42.48;708.1;0.0;44.0;2.0;0.181;31.87;10.6;123.0
3643;2024-05-31 19:00:00;0.99;2.2;10.7;13.1;52.0;69.0;40.99;707.9;0.0;44.0;2.2;0.095;31.75;11.0;123.0
3644;2024-05-31 20:00:00;1.01;2.0;11.5;13.7;38.0;69.0;40.0;708.3;0.0;51.0;2.3;0.011;30.9;15.0;83.0
3645;2024-05-31 21:00:00;1.02;2.3;10.9;13.4;20.0;72.0;40.07;708.7;0.0;62.0;2.2;0.001;29.3;15.2;70.0
3646;2024-05-31 22:00:00;0.94;2.4;7.4;10.0;21.0;88.0;33.53;709.2;0.0;63.0;2.1;0.001;28.55;16.0;75.0
3647;2024-05-31 23:00:00;0.96;2.0;9.0;11.3;18.0;68.0;32.31;709.3;0.0;64.0;2.1;0.001;27.88;13.2;72.0
3648;2024-06-01 00:00:00;;;;;;;;;;;;;;;
3649;2024-06-01 01:00:00;0.92;1.9;7.2;9.2;18.0;59.0;29.11;709.2;0.0;70.0;2.1;0.001;26.52;11.8;54.0
3650;2024-06-01 02:00:00;0.89;1.8;6.0;8.0;17.0;56.0;27.9;709.0;0.0;74.0;2.1;0.001;25.76;11.0;58.0
3651;2024-06-01 03:00:00;0.88;1.8;5.5;7.5;16.0;55.0;30.66;708.7;0.0;77.0;2.1;0.001;25.43;11.3;63.0
3652;2024-06-01 04:00:00;0.87;1.8;4.3;6.3;18.0;56.0;34.48;708.6;0.0;78.0;2.1;0.001;25.04;12.8;55.0
3653;2024-06-01 05:00:00;0.87;1.8;3.8;5.7;20.0;59.0;35.91;708.9;0.0;79.0;2.2;0.001;24.89;10.2;62.0
3654;2024-06-01 06:00:00;0.9;1.8;5.4;7.4;18.0;72.0;37.01;709.1;0.0;79.0;2.1;0.001;24.91;9.2;58.0
3655;2024-06-01 07:00:00;0.94;2.4;8.7;11.3;16.0;59.0;39.31;709.5;0.0;80.0;2.2;0.029;24.87;9.4;54.0
3656;2024-06-01 08:00:00;1.0;3.7;9.9;13.8;17.0;63.0;38.03;709.8;0.0;78.0;2.1;0.096;25.21;9.7;69.0
3657;2024-06-01 09:00:00;1.1;4.8;11.5;16.5;18.0;67.0;42.86;710.2;0.0;76.0;2.1;0.175;25.71;9.7;59.0
3658;2024-06-01 10:00:00;1.07;4.3;10.8;15.3;23.0;66.0;46.49;710.3;0.0;73.0;2.1;0.24;26.05;11.0;54.0
3659;2024-06-01 11:00:00;1.07;3.4;9.4;13.0;30.0;72.0;46.89;710.4;0.0;69.0;2.1;0.248;26.81;10.8;55.0
3660;2024-06-01 12:00:00;1.09;3.0;8.0;11.2;40.0;83.0;47.07;710.5;0.0;62.0;2.2;0.557;28.07;9.9;48.0
3661;2024-06-01 13:00:00;0.97;2.3;4.9;7.4;46.0;76.0;39.06;709.7;0.0;52.0;2.1;0.867;30.51;6.1;163.0
3662;2024-06-01 14:00:00;1.0;2.2;5.4;7.8;49.0;66.0;39.34;709.1;0.0;49.0;2.1;0.697;31.21;9.2;82.0
3663;2024-06-01 15:00:00;1.0;2.1;5.0;7.3;50.0;66.0;44.16;708.9;0.0;47.0;2.1;0.539;31.56;9.8;80.0
3664;2024-06-01 16:00:00;1.01;2.3;5.8;8.2;52.0;65.0;47.86;708.5;0.0;41.0;2.1;0.685;32.78;11.4;77.0
3665;2024-06-01 17:00:00;1.01;2.1;6.6;8.9;53.0;62.0;45.23;708.1;0.0;37.0;2.1;0.651;33.6;15.0;118.0
3666;2024-06-01 18:00:00;1.01;2.0;7.1;9.3;54.0;63.0;42.8;707.7;0.0;39.0;2.1;0.34;33.54;13.3;123.0
3667;2024-06-01 19:00:00;1.03;1.9;7.2;9.3;53.0;61.0;50.13;707.5;0.0;41.0;2.2;0.111;32.98;13.0;108.0
3668;2024-06-01 20:00:00;1.2;2.1;9.6;12.0;48.0;69.0;53.24;707.6;0.0;42.0;2.1;0.028;32.54;11.9;107.0
3669;2024-06-01 21:00:00;1.54;2.2;15.9;18.3;39.0;77.0;69.92;707.6;0.0;44.0;2.2;0.001;32.09;11.2;79.0
3670;2024-06-01 22:00:00;1.18;2.2;7.2;9.6;27.0;86.0;39.55;708.6;0.0;57.0;2.1;0.001;30.13;16.0;67.0
3671;2024-06-01 23:00:00;1.11;2.0;6.2;8.4;24.0;78.0;35.76;709.0;0.0;61.0;2.1;0.001;29.19;12.5;70.0
3672;2024-06-02 00:00:00;1.08;2.0;6.1;8.3;21.0;77.0;34.65;708.8;0.0;65.0;2.1;0.001;28.33;9.4;73.0
3673;2024-06-02 01:00:00;0.99;1.8;4.9;6.9;21.0;73.0;32.73;708.5;0.0;69.0;2.2;0.001;27.57;11.0;52.0
3674;2024-06-02 02:00:00;0.96;1.8;4.7;6.7;21.0;63.0;31.5;708.3;0.0;71.0;2.2;0.001;26.93;10.5;41.0
3675;2024-06-02 03:00:00;0.96;1.8;4.3;6.3;22.0;61.0;33.56;708.3;0.0;73.0;2.0;0.001;26.48;12.1;62.0
3676;2024-06-02 04:00:00;0.95;1.8;3.3;5.3;23.0;62.0;37.06;708.7;0.0;77.0;2.1;0.001;25.67;11.4;65.0
3677;2024-06-02 05:00:00;0.94;1.8;3.3;5.2;24.0;70.0;41.58;709.0;0.0;80.0;2.2;0.001;25.07;11.6;61.0
3678;2024-06-02 06:00:00;0.99;1.7;3.5;5.4;24.0;61.0;45.37;709.1;0.0;82.0;2.1;0.002;24.76;10.3;66.0
3679;2024-06-02 07:00:00;1.01;2.0;6.0;8.2;21.0;67.0;50.08;709.2;0.0;80.0;2.1;0.04;25.08;9.5;59.0
3680;2024-06-02 08:00:00;1.04;2.7;6.9;9.8;22.0;63.0;48.87;709.2;0.0;77.0;2.1;0.127;25.6;9.3;50.0
3681;2024-06-02 09:00:00;1.02;3.8;6.6;10.6;24.0;75.0;46.14;709.4;0.0;72.0;2.2;0.414;26.84;8.6;42.0
3682;2024-06-02 10:00:00;1.04;10.1;12.4;22.8;23.0;66.0;47.57;709.3;0.0;66.0;2.2;0.765;28.29;9.6;44.0
3683;2024-06-02 11:00:00;1.04;3.5;6.6;10.4;36.0;74.0;47.47;709.2;0.0;63.0;2.2;0.81;28.85;10.6;63.0
3684;2024-06-02 12:00:00;1.03;3.5;8.5;12.3;41.0;69.0;46.79;709.0;0.0;58.0;2.1;0.602;29.81;9.0;54.0
3685;2024-06-02 13:00:00;1.05;2.5;6.8;9.4;49.0;73.0;47.8;708.6;0.0;56.0;2.2;0.529;30.36;8.4;46.0
3686;2024-06-02 14:00:00;1.04;2.1;4.6;6.9;51.0;70.0;45.13;708.1;0.0;51.0;2.1;0.78;31.59;11.0;51.0
3687;2024-06-02 15:00:00;1.07;2.1;4.3;6.6;46.0;65.0;45.23;707.5;0.0;49.0;2.2;0.541;32.32;11.7;58.0
3688;2024-06-02 16:00:00;1.06;2.0;4.1;6.3;42.0;70.0;43.62;707.0;0.0;50.0;2.1;0.256;31.91;10.3;87.0
3689;2024-06-02 17:00:00;1.1;2.0;4.4;6.6;43.0;67.0;47.49;706.7;0.0;48.0;2.2;0.291;32.4;6.8;91.0
3690;2024-06-02 18:00:00;1.1;2.0;6.2;8.4;44.0;68.0;46.27;706.4;0.0;47.0;2.2;0.155;32.68;8.0;80.0
3691;2024-06-02 19:00:00;1.11;1.9;6.0;8.2;42.0;76.0;45.2;706.3;0.0;44.0;2.2;0.114;33.24;8.5;96.0
3692;2024-06-02 20:00:00;1.2;1.8;12.6;14.5;33.0;68.0;49.09;706.5;0.0;45.0;2.2;0.008;32.57;8.3;64.0
3693;2024-06-02 21:00:00;1.28;2.0;18.5;20.6;25.0;77.0;50.93;706.6;0.0;47.0;2.2;0.001;32.06;4.4;21.0
3694;2024-06-02 22:00:00;1.33;2.4;23.0;25.5;20.0;83.0;55.34;706.6;0.0;49.0;2.2;0.0;31.55;5.3;36.0
3695;2024-06-02 23:00:00;1.29;3.7;26.2;30.1;14.0;89.0;54.12;706.7;0.0;49.0;2.2;0.0;31.01;7.7;34.0
3696;2024-06-03 00:00:00;1.08;2.4;15.4;18.0;14.0;89.0;33.44;706.4;0.0;57.0;2.2;0.0;29.2;7.8;338.0
3697;2024-06-03 01:00:00;1.15;2.3;15.3;17.7;12.0;73.0;31.55;706.5;0.0;63.0;;0.0;28.32;8.0;346.0
3698;2024-06-03 02:00:00;1.07;1.8;12.8;14.8;14.0;73.0;30.23;706.6;0.0;66.0;;0.0;27.59;6.3;7.0
3699;2024-06-03 03:00:00;1.09;2.0;14.0;16.2;13.0;78.0;33.05;706.5;0.0;68.0;;0.0;27.2;4.9;63.0
3700;2024-06-03 04:00:00;1.06;1.8;11.8;13.8;14.0;85.0;33.27;706.5;0.0;69.0;;0.0;26.83;5.3;76.0
3701;2024-06-03 05:00:00;1.02;1.8;8.7;10.7;18.0;66.0;33.89;706.5;0.0;72.0;2.0;0.001;26.07;7.4;60.0
3702;2024-06-03 06:00:00;1.02;2.7;13.1;16.0;14.0;66.0;37.63;706.7;0.0;74.0;2.0;0.002;25.51;4.1;349.0
3703;2024-06-03 07:00:00;1.14;10.8;23.0;34.0;7.0;73.0;42.13;706.8;0.0;73.0;2.2;0.059;25.78;4.2;2.0
3704;2024-06-03 08:00:00;1.25;20.4;22.6;43.3;9.0;83.0;45.95;707.4;0.0;69.0;2.2;0.227;26.67;6.9;35.0
3705;2024-06-03 09:00:00;1.29;12.1;21.5;33.9;19.0;95.0;47.06;707.7;0.0;64.0;2.2;0.448;27.75;5.9;44.0
3706;2024-06-03 10:00:00;1.34;12.3;25.0;37.5;27.0;91.0;51.62;707.6;0.0;60.0;2.2;0.695;28.9;7.1;51.0
3707;2024-06-03 11:00:00;1.29;7.0;22.2;29.5;45.0;99.0;52.37;707.4;0.0;55.0;2.1;0.896;30.36;6.8;64.0
3708;2024-06-03 12:00:00;1.33;6.1;28.3;34.7;66.0;95.0;55.25;706.9;0.0;48.0;2.1;1.044;32.35;6.3;55.0
3709;2024-06-03 13:00:00;1.36;3.5;24.5;28.2;106.0;102.0;58.83;706.3;0.0;44.0;2.1;1.156;33.68;9.0;47.0
3710;2024-06-03 14:00:00;1.32;2.0;14.6;16.8;111.0;108.0;61.38;705.6;0.0;43.0;2.1;0.563;34.31;9.4;81.0
3711;2024-06-03 15:00:00;1.32;2.1;17.0;19.2;68.0;108.0;55.54;705.2;0.0;49.0;2.2;0.127;33.13;9.6;66.0
3712;2024-06-03 16:00:00;1.18;2.1;12.7;15.0;50.0;98.0;40.69;704.9;0.0;50.0;2.2;0.083;32.13;12.7;102.0
3713;2024-06-03 17:00:00;1.18;2.3;17.2;19.7;42.0;75.0;30.91;704.2;0.0;37.0;2.1;0.013;32.33;9.5;63.0
3714;2024-06-03 18:00:00;1.2;5.5;30.2;36.0;39.0;63.0;24.15;703.5;0.0;25.0;2.1;0.251;35.15;9.4;357.0
3715;2024-06-03 19:00:00;1.24;4.0;24.2;28.4;39.0;68.0;24.22;703.2;0.0;25.0;2.4;0.126;34.9;10.9;89.0
3716;2024-06-03 20:00:00;1.19;2.9;26.7;29.8;31.0;47.0;27.94;704.6;0.0;30.0;2.5;0.015;33.41;12.9;14.0
3717;2024-06-03 21:00:00;1.27;1.9;19.7;21.7;30.0;90.0;41.76;705.7;0.0;41.0;2.4;0.0;31.84;8.4;295.0
3718;2024-06-03 22:00:00;1.22;2.1;23.8;26.1;24.0;109.0;40.23;706.0;0.0;41.0;2.6;0.001;31.52;6.2;139.0
3719;2024-06-03 23:00:00;1.23;2.4;23.0;25.5;19.0;80.0;38.12;706.8;0.0;46.0;2.5;0.001;31.36;7.9;59.0
3720;2024-06-04 00:00:00;1.08;2.0;14.1;16.3;17.0;77.0;37.25;706.8;0.0;56.0;2.2;0.0;30.42;8.1;65.0
3721;2024-06-04 01:00:00;1.11;1.9;9.4;11.5;17.0;95.0;34.34;706.5;0.0;61.0;2.1;0.0;29.4;5.0;69.0
3722;2024-06-04 02:00:00;1.07;1.8;8.1;10.1;22.0;81.0;35.4;706.2;0.0;58.0;2.2;0.001;28.96;5.8;84.0
3723;2024-06-04 03:00:00;1.01;1.8;4.7;6.6;27.0;70.0;;705.5;0.0;60.0;2.2;0.001;28.19;4.1;169.0
3724;2024-06-04 04:00:00;1.03;1.8;7.2;9.2;21.0;63.0;;705.1;0.0;63.0;2.2;0.001;27.41;2.8;241.0
3725;2024-06-04 05:00:00;1.08;1.8;14.1;16.1;14.0;63.0;;704.7;0.0;63.0;2.1;0.001;27.05;3.6;246.0
3726;2024-06-04 06:00:00;1.12;2.2;18.6;20.9;9.0;74.0;;704.5;0.0;65.0;2.2;0.002;26.39;2.8;220.0
3727;2024-06-04 07:00:00;1.35;16.3;25.2;41.7;7.0;72.0;;704.7;0.0;61.0;2.3;0.065;27.45;3.5;12.0
3728;2024-06-04 08:00:00;1.67;27.4;29.3;56.9;10.0;106.0;;705.4;0.0;62.0;2.4;0.246;28.27;6.2;39.0
3729;2024-06-04 09:00:00;1.67;24.2;34.1;58.6;15.0;144.0;;706.1;0.0;59.0;2.4;0.49;29.61;6.3;84.0
3730;2024-06-04 10:00:00;1.54;14.4;31.0;45.6;33.0;125.0;;706.0;0.0;47.0;2.2;0.729;32.16;5.0;15.0
3731;2024-06-04 11:00:00;1.43;5.9;24.8;30.9;59.0;101.0;;705.8;0.0;39.0;2.5;0.909;33.9;6.9;34.0
3732;2024-06-04 12:00:00;1.34;5.3;28.9;34.4;80.0;107.0;;705.6;0.0;38.0;2.7;1.025;34.52;9.9;49.0
3733;2024-06-04 13:00:00;1.24;2.7;16.4;19.3;95.0;110.0;;705.3;0.0;37.0;2.8;0.844;34.95;10.4;55.0
3734;2024-06-04 14:00:00;1.25;2.3;15.3;17.7;87.0;87.0;;704.9;0.0;40.0;2.5;0.343;34.28;12.2;61.0
3735;2024-06-04 15:00:00;1.27;2.5;18.0;20.6;69.0;100.0;;704.8;0.0;44.0;2.6;0.2;33.04;11.1;49.0
3736;2024-06-04 16:00:00;1.31;2.0;19.5;21.7;76.0;104.0;;704.5;0.0;50.0;2.3;0.07;32.75;12.1;118.0
3737;2024-06-04 17:00:00;1.26;2.1;18.1;20.4;69.0;99.0;;704.0;0.0;32.0;2.5;0.057;34.77;10.6;151.0
3738;2024-06-04 18:00:00;1.21;2.5;22.8;25.5;54.0;66.0;;705.1;0.0;31.0;2.7;0.057;34.44;14.7;348.0
3739;2024-06-04 19:00:00;0.87;3.1;14.1;17.4;46.0;171.0;;706.6;0.0;22.0;3.3;0.051;32.2;9.1;262.0
3740;2024-06-04 20:00:00;0.86;2.3;19.3;21.8;41.0;124.0;;706.5;0.0;18.0;3.0;0.012;32.59;7.9;172.0
3741;2024-06-04 21:00:00;0.86;2.0;20.1;22.2;36.0;87.0;;706.1;0.0;19.0;2.8;0.001;32.08;6.9;210.0
3742;2024-06-04 22:00:00;0.94;2.1;28.5;30.7;28.0;62.0;;705.5;0.0;18.0;3.3;0.001;32.14;8.9;186.0
3743;2024-06-04 23:00:00;0.87;1.9;22.5;24.6;32.0;55.0;;705.4;0.0;18.0;2.8;0.001;31.94;6.9;139.0
3744;2024-06-05 00:00:00;0.98;2.6;30.6;33.4;18.0;53.0;;705.3;0.0;22.0;2.9;0.001;29.91;4.0;236.0
3745;2024-06-05 01:00:00;1.1;3.3;36.1;39.6;10.0;55.0;;705.4;0.0;25.0;3.0;0.001;28.63;3.4;188.0
3746;2024-06-05 02:00:00;1.35;14.3;43.4;57.9;5.0;58.0;;705.1;0.0;27.0;4.0;0.001;28.08;5.6;182.0
3747;2024-06-05 03:00:00;1.21;13.9;40.7;54.8;5.0;72.0;;704.8;0.0;29.0;3.6;0.001;26.97;3.4;231.0
3748;2024-06-05 04:00:00;1.06;4.9;37.1;42.3;6.0;69.0;;704.7;0.0;30.0;3.2;0.001;26.59;3.8;313.0
3749;2024-06-05 05:00:00;0.92;4.4;38.1;42.7;7.0;57.0;;705.0;0.0;28.0;3.3;0.001;26.96;4.0;243.0
3750;2024-06-05 06:00:00;0.85;3.3;36.0;39.5;9.0;53.0;;705.4;0.0;29.0;3.9;0.002;26.35;3.3;268.0
3751;2024-06-05 07:00:00;1.06;22.2;40.2;62.7;7.0;76.0;;705.8;0.0;28.0;4.3;0.071;26.77;3.7;262.0
3752;2024-06-05 08:00:00;1.23;36.0;44.5;80.8;12.0;84.0;;706.2;0.0;26.0;5.4;0.263;29.11;3.0;62.0
3753;2024-06-05 09:00:00;1.59;29.3;48.7;78.3;21.0;95.0;;706.5;0.0;24.0;5.3;0.514;31.96;3.0;3.0
3754;2024-06-05 10:00:00;1.46;16.9;44.2;61.3;34.0;99.0;;706.6;0.0;28.0;5.7;0.744;33.32;4.9;42.0
3755;2024-06-05 11:00:00;1.46;14.4;47.4;62.1;46.0;108.0;;706.6;0.0;20.0;6.1;0.935;35.09;7.1;52.0
3756;2024-06-05 12:00:00;1.22;9.1;43.3;52.7;70.0;113.0;;706.6;0.0;17.0;9.0;1.077;36.82;8.5;73.0
3757;2024-06-05 13:00:00;1.12;4.0;26.9;31.1;103.0;105.0;;706.2;0.0;18.0;5.5;1.135;37.82;9.4;67.0
3758;2024-06-05 14:00:00;1.05;3.1;19.5;22.8;115.0;97.0;;705.9;0.0;18.0;5.5;1.121;38.72;10.4;62.0
3759;2024-06-05 15:00:00;1.01;2.4;14.0;16.5;125.0;81.0;;705.4;0.0;16.0;4.2;1.048;39.95;9.9;96.0
3760;2024-06-05 16:00:00;0.93;2.3;10.8;13.3;111.0;71.0;;705.0;0.0;15.0;3.4;0.88;40.6;9.5;99.0
3761;2024-06-05 17:00:00;0.95;2.4;11.1;13.7;90.0;63.0;;704.8;0.0;16.0;3.7;0.657;40.64;12.6;77.0
3762;2024-06-05 18:00:00;1.04;2.5;10.7;13.4;64.0;66.0;;704.6;0.0;23.0;3.6;0.349;39.31;17.1;80.0
3763;2024-06-05 19:00:00;1.08;2.4;13.4;16.0;48.0;68.0;;705.5;0.0;27.0;3.6;0.068;37.08;15.8;64.0
3764;2024-06-05 20:00:00;1.09;2.3;19.8;22.3;41.0;77.0;;706.5;0.0;27.0;3.0;0.002;33.62;11.5;294.0
3765;2024-06-05 21:00:00;0.8;2.0;8.4;10.7;61.0;79.0;;707.2;0.0;22.0;2.8;0.002;32.72;17.9;241.0
3766;2024-06-05 22:00:00;0.71;2.0;5.1;7.3;67.0;71.0;;708.0;0.0;16.0;2.5;0.001;34.25;13.8;230.0
3767;2024-06-05 23:00:00;1.01;2.0;13.0;15.3;41.0;53.0;;707.5;0.0;37.0;2.4;0.001;33.31;12.4;48.0
3768;2024-06-06 00:00:00;;;;;;;;;;;;;;;
3769;2024-06-06 01:00:00;;;;;;;;;;;;;;;
3770;2024-06-06 02:00:00;;;;;;;;;;;;;;;
3771;2024-06-06 03:00:00;;;;;;;;;;;;;;;
3772;2024-06-06 04:00:00;;;;;;;;;;;;;;;
3773;2024-06-06 05:00:00;;;;;;;;;;;;;;;
3774;2024-06-06 06:00:00;;;;;;;;;;;;;;;
3775;2024-06-06 07:00:00;;;;;;;;;;;;;;;
3776;2024-06-06 08:00:00;;;;;;;;;;;;;;;
3777;2024-06-06 09:00:00;;;;;;;;;;;;;;;
3778;2024-06-06 10:00:00;;;;;;;;;;;;;;;
3779;2024-06-06 11:00:00;;;;;;;;;;;;;;;
3780;2024-06-06 12:00:00;;;;;;;;;;;;;;;
3781;2024-06-06 13:00:00;;;;;;;;;;;;;;;
3782;2024-06-06 14:00:00;;;;;;;;;;;;;;;
3783;2024-06-06 15:00:00;;;;;;;;;;;;;;;
3784;2024-06-06 16:00:00;;;;;;;;;;;;;;;
3785;2024-06-06 17:00:00;;;;;;;;;;;;;;;
3786;2024-06-06 18:00:00;;;;;;;;;;;;;;;
3787;2024-06-06 19:00:00;;;;;;;;;;;;;;;
3788;2024-06-06 20:00:00;;;;;;;;;;;;;;;
3789;2024-06-06 21:00:00;;;;;;;;;;;;;;;
3790;2024-06-06 22:00:00;;;;;;;;;;;;;;;
3791;2024-06-06 23:00:00;;;;;;;;;;;;;;;
3792;2024-06-07 00:00:00;;;;;;;;;;;;;;;
3793;2024-06-07 01:00:00;;;;;;;;;;;;;;;
3794;2024-06-07 02:00:00;;;;;;;;;;;;;;;
3795;2024-06-07 03:00:00;;;;;;;;;;;;;;;
3796;2024-06-07 04:00:00;;;;;;;;;;;;;;;
3797;2024-06-07 05:00:00;;;;;;;;;;;;;;;
3798;2024-06-07 06:00:00;;;;;;;;;;;;;;;
3799;2024-06-07 07:00:00;;;;;;;;;;;;;;;
3800;2024-06-07 08:00:00;;;;;;;;;;;;;;;
3801;2024-06-07 09:00:00;;;;;;;;;;;;;;;
3802;2024-06-07 10:00:00;;;;;;;;;;;;;;;
3803;2024-06-07 11:00:00;;;;;;;;;;;;;;;
3804;2024-06-07 12:00:00;0.37;16.2;3.5;19.8;24.0;9.0;;;0.0;29.0;2.5;0.63;17.41;7.8;39.0
3805;2024-06-07 13:00:00;0.1;3.1;10.5;13.9;73.0;;;710.4;0.0;44.0;4.0;1.132;30.84;13.8;59.0
3806;2024-06-07 14:00:00;0.31;3.0;9.7;12.9;70.0;259.0;;709.9;0.0;40.0;3.5;1.14;31.87;16.5;48.0
3807;2024-06-07 15:00:00;0.65;2.9;8.2;11.3;68.0;55.0;;709.5;0.0;36.0;3.2;1.062;32.74;15.9;64.0
3808;2024-06-07 16:00:00;0.99;2.6;7.3;10.1;66.0;45.0;;709.0;0.0;38.0;2.7;0.888;33.04;15.1;92.0
3809;2024-06-07 17:00:00;1.2;2.7;8.1;10.9;67.0;43.0;;708.6;0.0;39.0;2.4;0.659;33.08;14.3;117.0
3810;2024-06-07 18:00:00;1.38;2.3;8.2;10.7;67.0;39.0;;708.4;0.0;41.0;2.3;0.362;32.83;16.0;93.0
3811;2024-06-07 19:00:00;1.54;2.3;8.1;10.6;62.0;51.0;;708.6;0.0;42.0;2.3;0.127;32.31;15.5;105.0
3812;2024-06-07 20:00:00;1.64;1.9;11.0;13.1;58.0;61.0;;708.9;0.0;46.0;2.2;0.017;31.36;12.6;123.0
3813;2024-06-07 21:00:00;1.73;1.9;11.1;13.3;56.0;54.0;;709.0;0.0;48.0;2.2;0.001;30.94;10.1;131.0
3814;2024-06-07 22:00:00;1.78;1.9;10.9;12.9;55.0;52.0;;709.3;0.0;49.0;2.1;0.001;30.85;9.1;117.0
3815;2024-06-07 23:00:00;1.75;1.9;9.2;11.3;46.0;59.0;;709.7;0.0;49.0;2.1;0.001;30.16;11.0;122.0
3816;2024-06-08 00:00:00;1.68;1.8;6.1;8.1;44.0;56.0;;709.9;0.0;50.0;2.1;0.001;28.92;11.0;100.0
3817;2024-06-08 01:00:00;1.72;1.8;7.8;9.8;37.0;55.0;;709.9;0.0;55.0;2.2;0.001;27.7;9.2;67.0
3818;2024-06-08 02:00:00;1.74;1.9;8.9;10.9;29.0;54.0;;709.8;0.0;59.0;2.2;0.001;26.64;8.7;28.0
3819;2024-06-08 03:00:00;;;;;;;;;;;;;;;
3820;2024-06-08 04:00:00;1.69;2.0;12.7;14.9;22.0;54.0;;709.9;0.0;62.0;2.3;0.001;25.17;6.1;42.0
3821;2024-06-08 05:00:00;1.78;2.0;19.9;22.1;15.0;56.0;;710.3;0.0;63.0;2.6;0.001;25.03;5.4;22.0
3822;2024-06-08 06:00:00;1.75;3.2;20.3;23.7;12.0;63.0;;710.6;0.0;64.0;3.0;0.002;24.69;6.0;60.0
3823;2024-06-08 07:00:00;1.79;7.9;22.1;30.2;10.0;61.0;;710.6;0.0;65.0;3.3;0.055;24.53;6.0;74.0
3824;2024-06-08 08:00:00;1.86;6.5;16.4;23.1;18.0;66.0;;710.2;0.0;65.0;3.1;0.221;25.05;6.1;84.0
3825;2024-06-08 09:00:00;1.98;9.2;17.7;27.2;22.0;57.0;;710.2;0.0;60.0;3.3;0.457;26.51;6.4;44.0
3826;2024-06-08 10:00:00;1.96;13.8;24.3;38.3;26.0;65.0;;710.1;0.0;55.0;4.0;0.683;28.05;8.1;39.0
3827;2024-06-08 11:00:00;1.94;10.1;25.8;36.1;39.0;74.0;;710.0;0.0;54.0;4.3;0.867;29.15;8.0;47.0
3828;2024-06-08 12:00:00;1.94;7.6;24.8;32.6;52.0;81.0;;709.9;0.0;52.0;3.7;1.004;30.16;8.5;62.0
3829;2024-06-08 13:00:00;1.95;4.5;17.8;22.5;66.0;77.0;;709.6;0.0;50.0;3.1;0.882;31.06;9.8;54.0
3830;2024-06-08 14:00:00;1.96;2.3;10.4;12.9;60.0;74.0;;709.4;0.0;53.0;2.6;0.178;30.26;9.5;72.0
3831;2024-06-08 15:00:00;1.97;2.5;11.7;14.4;47.0;68.0;;709.1;0.0;54.0;2.3;0.126;30.34;10.0;66.0
3832;2024-06-08 16:00:00;1.91;2.3;7.9;10.4;45.0;68.0;;708.9;0.0;55.0;2.2;0.203;30.16;11.6;107.0
3833;2024-06-08 17:00:00;1.88;2.4;6.6;9.3;49.0;60.0;;708.4;0.0;50.0;2.3;0.532;30.78;12.2;108.0
3834;2024-06-08 18:00:00;1.83;2.4;8.0;10.6;57.0;48.0;;708.2;0.0;41.0;2.4;0.302;31.1;12.2;113.0
3835;2024-06-08 19:00:00;1.79;2.1;10.2;12.5;56.0;40.0;;708.3;0.0;36.0;2.4;0.101;30.84;5.6;79.0
3836;2024-06-08 20:00:00;1.91;1.9;15.3;17.4;49.0;39.0;;708.6;0.0;35.0;2.4;0.015;31.01;4.5;41.0
3837;2024-06-08 21:00:00;2.05;1.9;26.0;28.1;34.0;42.0;;708.7;0.0;38.0;2.4;0.001;30.2;6.8;94.0
3838;2024-06-08 22:00:00;1.79;1.8;7.8;9.8;55.0;44.0;;708.6;0.0;40.0;2.2;0.001;29.29;10.4;97.0
3839;2024-06-08 23:00:00;1.78;1.8;9.4;11.4;51.0;37.0;;708.6;0.0;41.0;2.3;0.001;28.69;9.7;85.0
3840;2024-06-09 00:00:00;1.8;1.8;4.7;6.7;44.0;39.0;;709.0;0.0;51.0;2.3;0.001;27.91;11.7;96.0
3841;2024-06-09 01:00:00;1.81;1.8;4.4;6.4;47.0;40.0;;708.8;0.0;50.0;2.3;0.001;27.64;6.4;70.0
3842;2024-06-09 02:00:00;2.16;1.9;16.2;18.3;25.0;38.0;;708.4;0.0;57.0;2.4;0.001;26.87;6.4;4.0
3843;2024-06-09 03:00:00;2.04;1.9;17.2;19.3;19.0;53.0;;708.6;0.0;62.0;2.7;0.001;26.0;6.3;22.0
3844;2024-06-09 04:00:00;1.97;1.9;13.3;15.4;23.0;54.0;;708.7;0.0;63.0;2.6;0.001;25.51;6.6;31.0
3845;2024-06-09 05:00:00;1.88;1.8;9.7;11.8;30.0;54.0;;708.8;0.0;64.0;2.6;0.001;24.73;5.6;65.0
3846;2024-06-09 06:00:00;1.88;2.1;15.8;18.0;22.0;44.0;;709.1;0.0;65.0;2.7;0.002;24.35;3.2;317.0
3847;2024-06-09 07:00:00;1.99;11.1;32.7;44.0;8.0;44.0;;709.2;0.0;63.0;3.5;0.073;24.94;2.2;240.0
3848;2024-06-09 08:00:00;2.14;11.6;27.7;39.5;16.0;50.0;;709.2;0.0;60.0;3.9;0.218;26.07;5.1;47.0
3849;2024-06-09 09:00:00;2.19;12.6;25.7;38.4;24.0;67.0;;709.2;0.0;58.0;3.7;0.48;27.11;5.5;47.0
3850;2024-06-09 10:00:00;2.17;9.7;24.4;34.3;35.0;70.0;;709.0;0.0;52.0;4.1;0.717;28.76;6.2;69.0
3851;2024-06-09 11:00:00;2.11;5.3;17.5;23.0;53.0;61.0;;708.9;0.0;47.0;3.9;0.912;30.21;8.0;62.0
3852;2024-06-09 12:00:00;2.07;3.3;13.6;17.0;77.0;58.0;;708.7;0.0;43.0;3.6;1.051;31.39;10.1;70.0
3853;2024-06-09 13:00:00;2.03;2.5;10.0;12.4;101.0;59.0;;708.6;0.0;40.0;3.5;0.952;32.55;11.4;63.0
3854;2024-06-09 14:00:00;2.02;2.0;9.2;11.5;105.0;59.0;;708.1;0.0;39.0;3.1;0.446;32.79;10.9;60.0
3855;2024-06-09 15:00:00;2.03;2.0;7.8;10.0;89.0;59.0;;707.8;0.0;40.0;2.8;0.489;33.22;12.3;101.0
3856;2024-06-09 16:00:00;1.99;1.9;5.8;8.0;76.0;47.0;;707.4;0.0;39.0;2.6;0.519;33.48;14.4;123.0
3857;2024-06-09 17:00:00;1.98;2.0;5.6;7.7;77.0;47.0;;707.2;0.0;38.0;2.7;0.524;33.89;12.3;127.0
3858;2024-06-09 18:00:00;1.98;2.1;8.4;10.7;70.0;49.0;;707.5;0.0;38.0;3.0;0.259;33.03;13.2;101.0
3859;2024-06-09 19:00:00;1.93;2.9;16.4;19.6;46.0;101.0;;708.2;0.0;41.0;3.7;0.124;29.88;7.8;79.0
3860;2024-06-09 20:00:00;1.98;1.8;13.6;15.6;45.0;124.0;;707.6;0.0;42.0;3.1;0.009;29.45;4.0;233.0
3861;2024-06-09 21:00:00;2.09;2.0;21.8;23.9;33.0;106.0;;708.3;0.0;43.0;3.3;0.001;29.6;8.8;47.0
3862;2024-06-09 22:00:00;2.12;2.0;18.1;20.3;26.0;85.0;;708.7;0.0;53.0;3.0;0.001;28.49;6.8;329.0
3863;2024-06-09 23:00:00;2.15;1.9;22.8;24.8;20.0;63.0;;708.4;0.0;54.0;2.9;0.001;28.18;3.4;275.0
3864;2024-06-10 00:00:00;2.29;2.2;25.4;27.7;16.0;56.0;;708.3;0.0;57.0;2.8;0.001;27.51;7.0;12.0
3865;2024-06-10 01:00:00;2.04;1.9;16.2;18.2;26.0;64.0;;708.2;0.0;59.0;3.3;0.001;26.24;5.9;60.0
3866;2024-06-10 02:00:00;2.04;2.9;27.7;30.8;15.0;50.0;;708.0;0.0;61.0;4.1;0.001;26.03;7.8;8.0
3867;2024-06-10 03:00:00;2.06;2.2;23.5;25.9;17.0;51.0;;708.2;0.0;65.0;3.4;0.001;25.54;4.8;356.0
3868;2024-06-10 04:00:00;2.07;1.8;11.5;13.5;24.0;47.0;;708.1;0.0;68.0;2.9;0.001;25.21;4.2;305.0
3869;2024-06-10 05:00:00;2.17;1.8;12.0;14.0;18.0;38.0;;708.2;0.0;70.0;2.6;0.001;25.16;3.3;293.0
3870;2024-06-10 06:00:00;2.14;1.9;13.3;15.4;17.0;48.0;;708.1;0.0;70.0;2.6;0.002;24.84;2.3;260.0
3871;2024-06-10 07:00:00;2.18;5.0;18.7;23.9;13.0;61.0;;708.4;0.0;68.0;2.6;0.063;25.59;3.8;353.0
3872;2024-06-10 08:00:00;2.34;20.7;24.9;45.8;11.0;59.0;;708.6;0.0;68.0;2.6;0.242;26.32;6.0;33.0
3873;2024-06-10 09:00:00;2.56;20.6;27.2;48.0;16.0;75.0;;709.3;0.0;67.0;2.8;0.401;27.08;8.1;359.0
3874;2024-06-10 10:00:00;2.38;6.8;19.6;26.7;30.0;94.0;;710.1;0.0;65.0;2.5;0.508;27.46;9.9;23.0
3875;2024-06-10 11:00:00;2.26;8.0;20.7;29.0;39.0;94.0;;710.3;0.0;56.0;2.4;0.892;29.81;6.9;57.0
3876;2024-06-10 12:00:00;2.15;5.5;16.5;22.2;48.0;85.0;;710.0;0.0;52.0;2.6;0.823;30.95;8.0;73.0
3877;2024-06-10 13:00:00;2.17;3.4;15.4;19.0;61.0;67.0;;709.6;0.0;51.0;2.5;0.568;31.01;11.1;40.0
3878;2024-06-10 14:00:00;2.08;3.3;9.1;12.6;50.0;87.0;;709.6;0.54;63.0;2.5;0.863;25.14;10.6;182.0
3879;2024-06-10 15:00:00;2.13;3.2;8.9;12.2;53.0;55.0;;708.7;0.0;55.0;2.3;1.054;30.3;7.3;98.0
3880;2024-06-10 16:00:00;2.08;2.5;6.9;9.6;55.0;50.0;;708.1;0.0;50.0;2.2;0.875;31.74;7.9;119.0
3881;2024-06-10 17:00:00;2.08;2.4;5.9;8.5;53.0;53.0;;707.6;0.0;44.0;2.2;0.663;32.9;7.6;101.0
3882;2024-06-10 18:00:00;2.11;2.6;8.9;11.8;56.0;51.0;;707.3;0.0;41.0;2.3;0.348;33.26;7.9;105.0
3883;2024-06-10 19:00:00;2.11;2.2;8.7;11.2;50.0;55.0;;707.6;0.0;43.0;2.4;0.09;32.83;8.2;115.0
3884;2024-06-10 20:00:00;2.13;2.0;9.2;11.5;48.0;63.0;;707.8;0.0;48.0;2.3;0.013;31.42;9.3;133.0
3885;2024-06-10 21:00:00;2.13;1.8;9.8;11.9;43.0;71.0;;708.1;0.0;49.0;2.5;0.001;30.8;7.2;116.0
3886;2024-06-10 22:00:00;2.23;3.2;18.9;22.3;27.0;63.0;;708.5;0.0;53.0;2.5;0.001;30.13;6.4;74.0
3887;2024-06-10 23:00:00;2.15;2.0;11.2;13.3;33.0;72.0;;709.0;0.0;54.0;2.4;0.001;29.67;6.2;90.0
3888;2024-06-11 00:00:00;2.1;1.9;12.7;14.8;28.0;51.0;;709.2;0.0;56.0;2.2;0.001;29.21;8.1;82.0
3889;2024-06-11 01:00:00;2.2;2.1;19.4;21.7;17.0;56.0;;709.3;0.0;60.0;2.4;0.001;28.36;5.1;25.0
3890;2024-06-11 02:00:00;2.18;2.5;20.3;23.0;14.0;72.0;;709.1;0.0;64.0;2.4;0.001;27.36;9.1;41.0
3891;2024-06-11 03:00:00;2.11;2.7;16.1;19.0;16.0;63.0;;709.0;0.0;70.0;2.3;0.001;25.83;7.4;30.0
3892;2024-06-11 04:00:00;2.1;2.1;15.4;17.7;16.0;58.0;;708.8;0.0;72.0;2.6;0.001;25.33;5.7;12.0
3893;2024-06-11 05:00:00;2.18;2.5;22.8;25.5;11.0;65.0;;709.1;0.0;72.0;2.5;0.001;25.22;6.1;24.0
3894;2024-06-11 06:00:00;2.38;2.3;22.9;25.4;12.0;60.0;;709.4;0.0;73.0;2.6;0.002;24.87;3.7;104.0
3895;2024-06-11 07:00:00;2.34;10.0;25.1;35.3;8.0;69.0;;709.5;0.0;73.0;2.5;0.063;25.03;3.1;291.0
3896;2024-06-11 08:00:00;2.51;18.6;28.7;47.6;12.0;71.0;;709.5;0.0;66.0;2.8;0.25;26.7;3.9;50.0
3897;2024-06-11 09:00:00;2.68;16.0;30.3;46.6;23.0;74.0;;709.7;0.0;60.0;2.9;0.495;27.92;5.8;12.0
3898;2024-06-11 10:00:00;2.7;12.6;33.8;46.7;35.0;74.0;;709.8;0.0;53.0;3.5;0.72;30.07;4.7;5.0
3899;2024-06-11 11:00:00;2.56;9.5;31.9;41.6;47.0;86.0;;709.6;0.19;47.0;4.6;0.927;31.73;6.8;47.0
3900;2024-06-11 12:00:00;2.33;4.2;21.6;25.9;78.0;92.0;;709.6;0.0;45.0;4.2;1.064;32.39;10.9;52.0
3901;2024-06-11 13:00:00;2.17;2.7;12.4;15.3;85.0;80.0;;709.1;0.0;40.0;3.5;1.14;33.39;12.4;58.0
3902;2024-06-11 14:00:00;2.1;2.4;10.5;13.1;88.0;70.0;;708.5;0.0;36.0;5.9;1.144;34.47;12.0;60.0
3903;2024-06-11 15:00:00;2.03;2.5;8.6;11.3;72.0;63.0;;708.1;0.0;32.0;5.4;1.081;35.47;12.5;48.0
3904;2024-06-11 16:00:00;1.96;2.7;7.6;10.5;60.0;53.0;;707.6;0.0;26.0;3.7;0.92;36.33;13.3;57.0
3905;2024-06-11 17:00:00;1.89;2.7;7.1;10.0;55.0;42.0;;707.3;0.0;21.0;3.5;0.709;36.72;14.4;72.0
3906;2024-06-11 18:00:00;1.91;2.7;7.5;10.4;52.0;42.0;;707.1;0.0;23.0;3.0;0.359;36.63;11.9;102.0
3907;2024-06-11 19:00:00;1.93;2.2;8.5;11.0;49.0;37.0;;707.2;0.0;24.0;2.7;0.082;35.98;12.5;108.0
3908;2024-06-11 20:00:00;2.0;2.0;12.5;14.8;41.0;33.0;;707.5;0.0;29.0;2.7;0.011;34.54;10.8;115.0
3909;2024-06-11 21:00:00;1.97;2.0;11.2;13.4;41.0;36.0;;707.8;0.0;30.0;2.7;0.001;33.61;10.9;109.0
3910;2024-06-11 22:00:00;1.95;1.8;8.6;10.6;39.0;40.0;;708.2;0.0;35.0;2.7;0.001;32.42;12.8;113.0
3911;2024-06-11 23:00:00;1.98;1.8;6.4;8.4;33.0;59.0;;708.9;0.0;47.0;2.6;0.001;30.66;12.9;80.0
3912;2024-06-12 00:00:00;1.99;1.8;6.1;8.1;26.0;55.0;;709.4;0.0;56.0;2.5;0.001;29.16;10.8;66.0
3913;2024-06-12 01:00:00;1.98;1.8;4.6;6.6;22.0;47.0;18.41;709.7;0.0;65.0;2.4;0.001;27.59;12.7;61.0
3914;2024-06-12 02:00:00;1.97;1.8;4.3;6.3;21.0;49.0;18.37;710.2;0.0;66.0;2.4;0.001;27.05;11.2;77.0
3915;2024-06-12 03:00:00;1.97;1.8;4.1;6.1;21.0;39.0;19.85;709.9;0.0;66.0;2.3;0.001;26.83;8.9;74.0
3916;2024-06-12 04:00:00;1.97;1.8;6.0;8.1;18.0;40.0;21.48;709.6;0.0;68.0;2.3;0.001;26.35;6.6;40.0
3917;2024-06-12 05:00:00;1.97;1.8;5.1;7.1;20.0;43.0;21.52;709.4;0.0;68.0;2.3;0.001;26.11;5.6;19.0
3918;2024-06-12 06:00:00;2.06;2.5;15.2;17.9;10.0;39.0;24.47;709.6;0.0;69.0;2.3;0.002;25.95;5.4;327.0
3919;2024-06-12 07:00:00;2.14;7.9;16.7;24.8;9.0;58.0;25.59;709.9;0.0;68.0;2.4;0.062;26.09;4.2;94.0
3920;2024-06-12 08:00:00;2.43;23.1;25.7;49.0;10.0;62.0;36.36;710.2;0.0;65.0;2.6;0.242;26.86;6.4;33.0
3921;2024-06-12 09:00:00;2.64;17.7;28.5;46.4;18.0;92.0;35.55;710.4;0.0;61.0;2.8;0.487;27.94;5.9;359.0
3922;2024-06-12 10:00:00;2.62;14.2;31.0;45.4;30.0;84.0;39.57;710.5;0.0;56.0;3.1;0.724;29.33;8.5;32.0
3923;2024-06-12 11:00:00;2.34;8.3;26.0;34.5;47.0;95.0;39.23;710.6;0.0;52.0;3.1;0.917;30.5;9.4;48.0
3924;2024-06-12 12:00:00;2.14;3.7;14.0;17.8;66.0;90.0;33.07;710.7;0.0;47.0;3.2;1.062;31.74;11.4;49.0
3925;2024-06-12 13:00:00;2.09;2.8;9.2;12.2;63.0;69.0;30.42;710.3;0.0;43.0;3.3;1.139;33.04;14.5;56.0
3926;2024-06-12 14:00:00;2.04;2.8;6.6;9.6;51.0;59.0;26.1;710.0;0.0;40.0;2.9;1.146;33.91;15.4;57.0
3927;2024-06-12 15:00:00;2.02;2.8;6.1;9.2;49.0;46.0;24.97;709.6;0.0;38.0;2.7;1.042;34.58;16.0;66.0
3928;2024-06-12 16:00:00;1.76;2.8;6.1;9.2;48.0;49.0;24.43;709.0;0.0;35.0;2.6;0.887;35.22;15.2;77.0
3929;2024-06-12 17:00:00;0.75;2.8;6.7;9.7;47.0;43.0;23.33;708.7;0.0;33.0;2.7;0.669;35.59;13.8;83.0
3930;2024-06-12 18:00:00;0.74;2.9;8.1;11.3;44.0;41.0;22.28;708.7;0.0;32.0;2.7;0.343;35.59;13.3;84.0
3931;2024-06-12 19:00:00;0.73;2.3;7.9;10.4;43.0;40.0;21.42;708.8;0.0;31.0;3.6;0.085;35.21;11.2;106.0
3932;2024-06-12 20:00:00;0.71;1.9;8.9;11.0;40.0;34.0;19.26;708.9;0.0;32.0;3.2;0.012;34.22;9.9;107.0
3933;2024-06-12 21:00:00;0.73;1.9;11.5;13.6;34.0;38.0;19.36;709.1;0.0;34.0;2.6;0.001;33.43;8.7;122.0
3934;2024-06-12 22:00:00;0.69;1.8;9.1;11.2;33.0;37.0;18.2;709.4;0.0;36.0;2.6;0.001;32.59;11.6;109.0
3935;2024-06-12 23:00:00;0.66;2.0;7.3;9.6;26.0;40.0;12.04;709.8;0.0;42.0;2.4;0.001;30.97;12.2;106.0
3936;2024-06-13 00:00:00;0.66;1.8;6.8;8.9;23.0;39.0;11.55;710.0;0.0;45.0;2.4;0.001;29.98;7.9;77.0
3937;2024-06-13 01:00:00;0.63;1.8;4.9;6.9;24.0;39.0;11.03;709.8;0.0;47.0;2.4;0.001;29.13;11.2;82.0
3938;2024-06-13 02:00:00;0.6;1.8;4.7;6.7;23.0;37.0;10.5;709.6;0.0;49.0;2.3;0.001;28.25;10.2;70.0
3939;2024-06-13 03:00:00;0.62;1.8;5.5;7.6;20.0;37.0;10.75;709.5;0.0;53.0;2.4;0.001;27.21;8.5;49.0
3940;2024-06-13 04:00:00;0.61;3.1;8.5;11.8;16.0;34.0;13.52;709.5;0.0;56.0;2.5;0.001;26.44;8.1;35.0
3941;2024-06-13 05:00:00;0.62;3.6;9.3;13.1;14.0;37.0;13.64;709.7;0.0;59.0;2.5;0.001;25.86;7.0;34.0
3942;2024-06-13 06:00:00;0.65;6.9;15.7;22.8;6.0;39.0;16.9;709.9;0.0;64.0;3.5;0.002;25.07;6.8;37.0
3943;2024-06-13 07:00:00;0.71;12.8;16.1;29.2;7.0;46.0;17.72;710.2;0.0;64.0;4.2;0.064;25.09;6.5;59.0
3944;2024-06-13 08:00:00;0.91;22.4;19.8;42.4;10.0;53.0;20.65;710.7;0.0;62.0;4.2;0.252;25.85;6.4;66.0
3945;2024-06-13 09:00:00;1.07;25.0;25.8;50.9;15.0;66.0;24.27;710.9;0.0;59.0;4.0;0.503;27.16;7.0;33.0
3946;2024-06-13 10:00:00;1.05;16.5;25.6;42.3;24.0;71.0;22.97;711.0;0.0;56.0;3.6;0.745;28.42;9.9;46.0
3947;2024-06-13 11:00:00;0.9;10.3;22.3;32.8;36.0;72.0;21.81;711.0;0.0;51.0;3.8;0.945;29.86;9.0;49.0
3948;2024-06-13 12:00:00;0.8;4.4;14.9;19.5;60.0;63.0;19.45;710.8;0.0;43.0;4.0;1.091;31.71;11.2;50.0
3949;2024-06-13 13:00:00;0.68;2.8;7.7;10.8;59.0;57.0;15.36;710.3;0.0;35.0;5.3;1.163;33.46;14.0;60.0
3950;2024-06-13 14:00:00;0.65;3.0;6.2;9.4;48.0;47.0;13.77;710.0;0.0;33.0;3.3;1.186;34.23;16.5;60.0
3951;2024-06-13 15:00:00;0.65;2.9;6.0;9.1;47.0;43.0;14.89;709.6;0.0;32.0;2.9;1.077;34.85;16.0;65.0
3952;2024-06-13 16:00:00;0.62;2.6;5.4;8.3;47.0;40.0;14.87;709.1;0.0;29.0;2.9;0.904;35.65;12.9;81.0
3953;2024-06-13 17:00:00;0.62;2.8;6.3;9.4;46.0;31.0;16.69;708.9;0.0;28.0;3.6;0.593;35.76;12.5;88.0
3954;2024-06-13 18:00:00;0.62;2.8;8.2;11.2;45.0;35.0;18.5;708.7;0.0;27.0;3.8;0.29;35.81;11.3;107.0
3955;2024-06-13 19:00:00;0.64;3.1;8.9;12.2;44.0;35.0;17.66;708.7;0.0;27.0;4.1;0.082;35.41;10.5;135.0
3956;2024-06-13 20:00:00;0.63;2.1;9.3;11.6;41.0;33.0;16.07;708.9;0.0;29.0;3.8;0.012;34.23;8.9;130.0
3957;2024-06-13 21:00:00;0.68;2.1;13.7;16.0;33.0;37.0;15.71;709.1;0.0;31.0;2.7;0.001;33.46;8.9;125.0
3958;2024-06-13 22:00:00;0.62;1.9;8.8;10.9;31.0;38.0;14.11;709.5;0.0;37.0;4.3;0.001;32.4;15.3;105.0
3959;2024-06-13 23:00:00;0.62;2.1;5.7;8.1;21.0;41.0;11.01;710.0;0.0;49.0;2.7;0.001;30.09;15.7;96.0
3960;2024-06-14 00:00:00;0.62;2.0;5.2;7.5;19.0;40.0;10.57;710.2;0.0;53.0;2.5;0.001;28.96;13.8;72.0
3961;2024-06-14 01:00:00;0.61;1.9;4.1;6.1;20.0;37.0;9.57;710.3;0.0;56.0;2.4;0.001;28.26;10.7;82.0
3962;2024-06-14 02:00:00;0.59;2.0;6.4;8.7;17.0;29.0;10.03;710.1;0.0;56.0;2.4;0.001;27.72;9.2;64.0
3963;2024-06-14 03:00:00;0.59;1.9;5.6;7.7;18.0;35.0;9.63;710.0;0.0;56.0;2.4;0.001;26.96;9.2;51.0
3964;2024-06-14 04:00:00;0.58;1.8;4.2;6.2;18.0;33.0;8.96;710.0;0.0;61.0;2.3;0.001;26.08;9.4;37.0
3965;2024-06-14 05:00:00;0.59;1.9;6.0;8.1;14.0;34.0;9.48;710.1;0.0;64.0;2.3;0.001;25.6;7.4;29.0
3966;2024-06-14 06:00:00;0.62;10.1;14.5;24.9;6.0;36.0;15.64;710.2;0.0;66.0;2.6;0.002;25.3;7.8;26.0
3967;2024-06-14 07:00:00;0.72;10.8;14.8;25.9;6.0;46.0;16.89;710.5;0.0;69.0;3.1;0.064;25.09;7.6;27.0
3968;2024-06-14 08:00:00;0.82;17.1;15.5;32.8;10.0;63.0;17.02;710.9;0.0;67.0;3.0;0.254;25.88;6.6;56.0
3969;2024-06-14 09:00:00;1.1;13.5;18.1;31.9;18.0;70.0;18.11;711.0;0.0;62.0;3.1;0.502;27.19;6.5;358.0
3970;2024-06-14 10:00:00;1.04;14.7;26.0;40.9;26.0;56.0;21.89;710.9;0.0;57.0;3.1;0.744;28.6;8.1;30.0
3971;2024-06-14 11:00:00;0.88;8.1;23.6;32.0;44.0;68.0;25.43;710.8;0.0;50.0;3.6;0.938;30.26;9.5;52.0
3972;2024-06-14 12:00:00;0.83;3.8;14.5;18.5;65.0;71.0;18.44;710.6;0.0;45.0;3.3;1.092;31.72;12.1;47.0
3973;2024-06-14 13:00:00;0.68;2.9;8.9;12.0;62.0;63.0;15.59;710.1;0.0;38.0;4.7;1.165;33.06;14.7;54.0
3974;2024-06-14 14:00:00;0.64;3.3;7.7;11.2;53.0;52.0;14.56;709.5;0.0;35.0;6.6;1.174;33.87;16.5;62.0
3975;2024-06-14 15:00:00;0.64;3.3;6.9;10.5;47.0;41.0;14.21;709.0;0.0;33.0;5.3;1.08;34.61;16.4;73.0
3976;2024-06-14 16:00:00;0.62;3.4;7.1;10.7;47.0;41.0;16.62;708.6;0.0;31.0;5.7;0.92;35.1;16.3;69.0
3977;2024-06-14 17:00:00;0.62;3.5;7.8;11.5;44.0;44.0;14.39;708.4;0.0;30.0;5.3;0.721;35.32;16.4;73.0
3978;2024-06-14 18:00:00;0.61;3.2;8.5;11.9;40.0;38.0;12.35;708.3;0.0;29.0;4.5;0.302;34.96;13.3;91.0
3979;2024-06-14 19:00:00;0.63;2.8;9.7;12.7;36.0;29.0;10.27;708.4;0.0;30.0;3.3;0.086;34.53;12.2;102.0
3980;2024-06-14 20:00:00;0.59;2.2;8.7;11.1;33.0;25.0;9.01;708.7;0.0;31.0;2.8;0.013;33.53;12.4;101.0
3981;2024-06-14 21:00:00;0.59;1.9;7.9;10.1;30.0;30.0;9.8;709.1;0.0;33.0;3.8;0.001;32.86;14.6;86.0
3982;2024-06-14 22:00:00;0.59;2.1;6.7;9.0;23.0;35.0;11.3;709.7;0.0;45.0;3.3;0.001;30.92;17.2;105.0
3983;2024-06-14 23:00:00;0.58;1.9;4.5;6.6;21.0;38.0;9.74;710.2;0.0;50.0;2.6;0.001;29.49;16.6;96.0
3984;2024-06-15 00:00:00;0.57;2.3;4.8;7.3;20.0;42.0;10.2;710.6;0.0;52.0;2.5;0.001;28.43;13.0;90.0
3985;2024-06-15 01:00:00;0.55;1.8;4.2;6.2;21.0;42.0;9.9;710.4;0.0;54.0;2.5;0.001;27.72;13.6;99.0
3986;2024-06-15 02:00:00;0.54;1.8;4.8;6.9;20.0;36.0;9.73;710.1;0.0;55.0;2.3;0.001;27.15;12.5;110.0
3987;2024-06-15 03:00:00;0.55;2.0;5.1;7.3;18.0;32.0;9.65;709.9;0.0;59.0;2.3;0.001;26.33;9.7;62.0
3988;2024-06-15 04:00:00;0.56;1.8;5.0;7.0;17.0;37.0;10.07;709.8;0.0;65.0;2.3;0.001;25.39;10.3;48.0
3989;2024-06-15 05:00:00;0.57;2.0;5.9;8.2;14.0;40.0;10.41;709.8;0.0;68.0;2.3;0.001;24.75;9.2;31.0
3990;2024-06-15 06:00:00;0.59;3.4;9.8;13.4;9.0;32.0;12.08;710.0;0.0;70.0;2.3;0.002;24.31;7.8;27.0
3991;2024-06-15 07:00:00;0.63;8.4;11.7;20.4;8.0;42.0;13.87;710.1;0.0;69.0;3.2;0.07;24.37;7.7;40.0
3992;2024-06-15 08:00:00;0.66;17.0;12.7;30.1;9.0;43.0;18.29;710.5;0.0;68.0;4.4;0.26;24.85;7.7;39.0
3993;2024-06-15 09:00:00;0.73;13.1;14.5;27.9;16.0;52.0;16.56;710.6;0.0;63.0;4.5;0.517;26.13;5.4;1.0
3994;2024-06-15 10:00:00;0.85;11.0;19.2;30.5;26.0;56.0;19.04;710.3;0.0;57.0;3.5;0.765;27.77;6.8;346.0
3995;2024-06-15 11:00:00;0.71;7.3;14.1;21.6;35.0;59.0;16.75;710.0;0.0;52.0;3.7;0.968;29.13;10.5;42.0
3996;2024-06-15 12:00:00;0.66;3.5;8.0;11.7;42.0;48.0;13.26;709.7;0.0;48.0;2.9;1.104;30.29;14.3;45.0
3997;2024-06-15 13:00:00;0.63;3.2;6.3;9.8;40.0;49.0;12.3;709.4;0.0;44.0;2.7;1.169;31.65;16.3;52.0
3998;2024-06-15 14:00:00;0.61;3.0;5.7;9.0;39.0;50.0;12.1;708.9;0.0;39.0;2.6;1.03;32.57;17.1;68.0
3999;2024-06-15 15:00:00;0.56;2.7;4.8;7.8;40.0;39.0;11.11;708.4;0.0;33.0;2.6;1.076;33.67;15.7;71.0
4000;2024-06-15 16:00:00;0.53;2.7;4.9;7.8;41.0;34.0;10.29;707.9;0.0;29.0;2.5;0.943;34.85;14.1;87.0
4001;2024-06-15 17:00:00;0.49;2.3;3.8;6.4;41.0;35.0;9.77;707.5;0.0;28.0;2.4;0.728;35.28;12.1;106.0
4002;2024-06-15 18:00:00;0.48;2.5;4.6;7.3;40.0;31.0;9.01;707.2;0.0;26.0;2.3;0.388;35.4;12.3;104.0
4003;2024-06-15 19:00:00;0.48;2.1;5.1;7.5;40.0;28.0;8.57;707.2;0.0;26.0;2.5;0.083;34.86;13.0;101.0
4004;2024-06-15 20:00:00;0.51;2.0;6.9;9.2;33.0;28.0;9.87;707.4;0.0;29.0;2.4;0.011;33.53;13.3;87.0
4005;2024-06-15 21:00:00;0.51;1.9;5.7;7.8;31.0;26.0;10.01;707.7;0.0;32.0;2.3;0.001;32.7;15.1;91.0
4006;2024-06-15 22:00:00;0.52;1.9;5.6;7.7;28.0;30.0;10.81;708.3;0.0;38.0;2.3;0.001;31.32;15.8;103.0
4007;2024-06-15 23:00:00;0.57;2.3;5.0;7.5;26.0;42.0;12.68;708.9;0.0;48.0;2.3;0.001;29.34;16.0;77.0
4008;2024-06-16 00:00:00;0.57;1.8;4.1;6.1;26.0;43.0;11.87;709.1;0.0;54.0;2.4;0.001;28.25;13.3;77.0
4009;2024-06-16 01:00:00;0.57;1.8;4.6;6.6;24.0;38.0;11.78;708.8;0.0;56.0;2.3;0.001;27.55;11.0;76.0
4010;2024-06-16 02:00:00;0.56;1.9;5.1;7.2;21.0;39.0;10.75;708.6;0.0;57.0;2.3;0.001;26.93;8.9;82.0
4011;2024-06-16 03:00:00;0.54;1.8;3.6;5.6;21.0;31.0;10.37;708.5;0.0;59.0;2.2;0.001;26.18;9.4;74.0
4012;2024-06-16 04:00:00;0.56;1.8;4.4;6.3;19.0;33.0;10.94;708.4;0.0;64.0;2.2;0.001;25.23;9.7;35.0
4013;2024-06-16 05:00:00;0.56;1.8;4.4;6.4;18.0;36.0;11.19;708.4;0.0;68.0;2.3;0.001;24.56;8.0;40.0
4014;2024-06-16 06:00:00;0.56;2.0;4.5;6.6;17.0;31.0;11.82;708.5;0.0;70.0;2.3;0.002;24.03;7.7;35.0
4015;2024-06-16 07:00:00;0.57;3.8;7.1;11.2;13.0;31.0;12.76;708.6;0.0;70.0;2.4;0.069;24.02;6.7;37.0
4016;2024-06-16 08:00:00;0.59;11.8;11.6;23.7;12.0;39.0;16.69;708.7;0.0;67.0;3.3;0.265;24.79;6.4;43.0
4017;2024-06-16 09:00:00;0.69;9.3;11.5;21.0;18.0;48.0;17.19;708.8;0.0;64.0;3.9;0.519;25.88;7.9;23.0
4018;2024-06-16 10:00:00;0.67;8.1;13.2;21.5;27.0;44.0;19.39;708.8;0.0;59.0;4.1;0.769;27.14;7.6;25.0
4019;2024-06-16 11:00:00;0.61;4.5;10.0;14.8;39.0;48.0;18.03;708.8;0.0;54.0;3.8;0.967;28.55;10.2;45.0
4020;2024-06-16 12:00:00;0.61;2.7;5.7;8.7;42.0;47.0;14.86;708.6;0.0;49.0;3.0;1.109;30.24;12.5;41.0
4021;2024-06-16 13:00:00;0.65;3.3;5.5;9.1;38.0;48.0;16.36;708.1;0.0;43.0;2.8;1.177;31.83;15.6;52.0
4022;2024-06-16 14:00:00;0.71;2.7;4.5;7.5;38.0;40.0;21.78;707.5;0.0;38.0;2.7;1.181;33.33;13.8;73.0
4023;2024-06-16 15:00:00;0.63;2.6;3.9;6.8;38.0;40.0;14.84;707.0;0.0;34.0;2.4;0.997;34.34;13.9;76.0
4024;2024-06-16 16:00:00;0.57;2.6;4.0;6.8;41.0;35.0;13.46;706.6;0.0;30.0;2.5;0.944;35.24;15.2;68.0
4025;2024-06-16 17:00:00;0.52;2.5;4.0;6.8;45.0;31.0;12.24;706.3;0.0;27.0;2.6;0.706;35.67;13.5;81.0
4026;2024-06-16 18:00:00;0.49;2.2;3.4;5.8;45.0;30.0;11.35;705.9;0.0;26.0;2.7;0.376;35.73;13.8;97.0
4027;2024-06-16 19:00:00;0.49;2.1;4.3;6.6;41.0;30.0;11.59;705.8;0.0;25.0;2.4;0.085;35.43;13.3;92.0
4028;2024-06-16 20:00:00;0.48;2.0;5.3;7.5;39.0;32.0;13.0;706.0;0.0;24.0;2.4;0.012;34.3;14.3;80.0
4029;2024-06-16 21:00:00;0.44;1.9;4.7;6.8;39.0;27.0;10.19;706.5;0.0;25.0;2.4;0.001;33.68;13.6;95.0
4030;2024-06-16 22:00:00;0.53;1.9;5.0;7.1;28.0;27.0;11.36;707.3;0.0;40.0;2.3;0.001;31.28;14.3;95.0
4031;2024-06-16 23:00:00;0.53;1.9;3.8;5.9;24.0;37.0;9.81;707.9;0.0;48.0;2.3;0.001;29.37;14.4;90.0
4032;2024-06-17 00:00:00;0.52;1.8;3.3;5.4;23.0;40.0;8.87;708.1;0.0;54.0;2.4;0.001;28.13;14.8;77.0
4033;2024-06-17 01:00:00;0.52;1.8;3.0;5.1;22.0;40.0;8.23;707.9;0.0;58.0;2.3;0.001;27.26;12.1;80.0
4034;2024-06-17 02:00:00;0.51;1.8;3.8;5.8;21.0;31.0;8.0;707.5;0.0;62.0;2.4;0.001;26.56;11.2;88.0
4035;2024-06-17 03:00:00;0.52;1.8;3.9;5.9;19.0;34.0;8.0;707.2;0.0;66.0;2.2;0.001;25.64;9.1;50.0
4036;2024-06-17 04:00:00;0.51;1.8;3.9;5.9;19.0;31.0;7.0;707.2;0.0;68.0;2.3;0.001;25.23;8.8;46.0
4037;2024-06-17 05:00:00;0.51;1.8;3.7;5.7;19.0;30.0;8.0;707.2;0.0;69.0;2.3;0.001;24.84;9.0;48.0
4038;2024-06-17 06:00:00;0.51;1.9;5.4;7.5;17.0;35.0;8.0;707.3;0.0;69.0;2.3;0.002;24.75;5.7;53.0
4039;2024-06-17 07:00:00;0.57;3.7;9.2;13.1;14.0;33.0;9.0;707.3;0.0;70.0;2.3;0.074;24.74;9.2;53.0
4040;2024-06-17 08:00:00;0.62;5.4;7.9;13.6;16.0;31.0;9.0;707.5;0.0;69.0;2.2;0.206;25.26;7.9;54.0
4041;2024-06-17 09:00:00;0.65;6.6;8.3;15.2;19.0;38.0;9.11;707.6;0.0;65.0;2.2;0.527;26.28;8.3;39.0
4042;2024-06-17 10:00:00;0.63;8.2;10.0;18.4;22.0;31.0;13.0;707.8;0.0;62.0;2.4;0.789;27.25;9.5;56.0
4043;2024-06-17 11:00:00;0.6;4.8;7.9;13.0;31.0;42.0;12.0;707.6;0.0;57.0;2.5;0.958;28.47;10.0;54.0
4044;2024-06-17 12:00:00;0.6;4.2;7.5;12.0;35.0;36.0;12.0;707.3;0.0;51.0;2.4;1.113;30.32;10.6;41.0
4045;2024-06-17 13:00:00;0.61;3.3;6.3;9.8;39.0;36.0;12.24;706.9;0.0;44.0;2.5;1.176;31.99;13.6;48.0
4046;2024-06-17 14:00:00;0.56;3.0;5.7;9.0;40.0;35.0;12.05;706.5;0.0;39.0;2.4;1.172;33.35;13.6;52.0
4047;2024-06-17 15:00:00;0.53;3.0;5.6;8.8;40.0;38.0;11.0;706.0;0.0;34.0;2.4;1.1;34.47;15.2;63.0
4048;2024-06-17 16:00:00;0.51;3.1;6.0;9.3;41.0;34.0;11.0;705.5;0.0;30.0;2.5;0.936;35.2;17.1;68.0
4049;2024-06-17 17:00:00;0.47;3.0;6.0;9.2;41.0;41.0;13.0;705.3;0.0;26.0;2.5;0.722;35.76;16.0;86.0
4050;2024-06-17 18:00:00;0.46;3.1;6.3;9.6;39.0;33.0;10.0;705.2;0.0;25.0;2.4;0.381;36.17;11.7;103.0
4051;2024-06-17 19:00:00;0.48;2.6;6.8;9.6;35.0;26.0;9.0;705.4;0.0;27.0;2.4;0.087;35.3;13.7;97.0
4052;2024-06-17 20:00:00;0.48;2.3;7.0;9.5;32.0;28.0;9.0;705.8;0.0;30.0;2.6;0.012;33.95;15.7;85.0
4053;2024-06-17 21:00:00;0.46;2.3;6.1;8.7;29.0;31.0;9.25;706.1;0.0;35.0;2.5;0.001;32.75;15.6;91.0
4054;2024-06-17 22:00:00;0.51;1.9;5.4;7.6;24.0;46.0;8.0;706.8;0.0;48.0;2.3;0.001;30.38;15.3;89.0
4055;2024-06-17 23:00:00;0.51;1.9;4.7;6.8;23.0;44.0;7.0;707.4;0.0;55.0;2.4;0.001;28.84;14.9;96.0
4056;2024-06-18 00:00:00;0.48;1.8;4.3;6.3;23.0;39.0;8.0;707.4;0.0;59.0;2.3;0.001;27.81;17.6;97.0
4057;2024-06-18 01:00:00;0.47;1.7;3.8;5.8;24.0;30.0;6.0;707.1;0.0;61.0;2.3;0.001;27.19;15.8;99.0
4058;2024-06-18 02:00:00;0.47;1.8;3.8;5.7;23.0;33.0;6.0;706.6;0.0;65.0;2.2;0.001;26.5;14.4;102.0
4059;2024-06-18 03:00:00;0.48;1.7;3.8;5.7;23.0;29.0;6.24;706.4;0.0;69.0;2.2;0.001;25.9;12.0;78.0
4060;2024-06-18 04:00:00;0.48;1.7;2.7;4.6;23.0;33.0;6.33;706.4;0.0;73.0;2.2;0.001;25.14;11.2;67.0
4061;2024-06-18 05:00:00;0.48;1.7;2.9;4.9;22.0;25.0;5.0;706.4;0.0;74.0;2.1;0.001;24.96;10.9;56.0
4062;2024-06-18 06:00:00;0.49;1.8;4.7;6.7;19.0;27.0;6.0;706.5;0.0;73.0;2.2;0.001;24.96;10.5;53.0
4063;2024-06-18 07:00:00;0.55;2.7;8.3;11.2;16.0;39.0;7.0;707.1;0.0;74.0;2.1;0.015;24.83;9.4;50.0
4064;2024-06-18 08:00:00;0.62;4.9;9.5;14.6;15.0;37.0;7.0;707.5;0.0;75.0;2.1;0.116;24.92;10.0;52.0
4065;2024-06-18 09:00:00;0.65;6.5;9.7;16.5;16.0;34.0;7.42;707.7;0.0;73.0;2.2;0.302;25.59;9.8;46.0
4066;2024-06-18 10:00:00;0.63;6.4;8.3;15.0;20.0;39.0;7.12;707.7;0.0;67.0;2.2;0.605;26.79;11.9;54.0
4067;2024-06-18 11:00:00;0.61;5.0;6.9;12.2;27.0;35.0;7.14;707.6;0.0;61.0;2.2;0.996;28.11;10.9;48.0
4068;2024-06-18 12:00:00;0.57;3.7;6.1;10.0;34.0;31.0;7.19;707.5;0.0;53.0;2.2;1.12;29.7;13.3;60.0
4069;2024-06-18 13:00:00;0.56;3.2;5.8;9.3;42.0;34.0;11.0;707.4;0.0;47.0;2.3;1.075;30.88;13.0;53.0
4070;2024-06-18 14:00:00;0.56;2.7;6.6;9.5;53.0;35.0;17.0;707.0;0.0;43.0;2.8;1.074;31.87;13.1;59.0
4071;2024-06-18 15:00:00;0.54;2.5;6.0;8.7;52.0;37.0;16.0;706.8;0.0;40.0;3.1;0.98;32.62;12.8;66.0
4072;2024-06-18 16:00:00;0.51;2.6;6.0;8.8;51.0;38.0;13.0;706.5;0.0;36.0;2.7;0.792;33.41;12.2;69.0
4073;2024-06-18 17:00:00;0.47;2.5;5.5;8.3;47.0;35.0;10.0;706.2;0.0;33.0;2.5;0.707;34.13;11.8;94.0
4074;2024-06-18 18:00:00;0.5;3.0;7.9;11.1;42.0;34.0;11.0;706.0;0.0;33.0;2.7;0.325;34.21;11.7;89.0
4075;2024-06-18 19:00:00;0.49;2.7;8.3;11.3;34.0;36.0;9.0;706.2;0.0;33.0;2.5;0.082;33.49;13.8;84.0
4076;2024-06-18 20:00:00;0.52;2.5;9.6;12.4;26.0;34.0;9.0;706.6;0.0;38.0;2.6;0.013;32.26;16.0;73.0
4077;2024-06-18 21:00:00;0.51;2.4;8.3;11.0;25.0;40.0;10.0;707.3;0.0;46.0;2.3;0.001;30.37;16.8;73.0
4078;2024-06-18 22:00:00;0.49;1.9;6.0;8.1;25.0;42.0;10.0;708.0;0.0;50.0;2.3;0.001;29.32;16.8;79.0
4079;2024-06-18 23:00:00;0.48;1.9;5.3;7.4;24.0;49.0;9.0;708.6;0.0;54.0;2.2;0.001;28.26;15.7;75.0
4080;2024-06-19 00:00:00;0.47;1.8;4.9;6.9;24.0;49.0;11.0;708.6;0.0;57.0;2.5;0.001;27.52;12.3;85.0
4081;2024-06-19 01:00:00;0.47;1.7;4.4;6.3;23.0;44.0;12.0;708.4;0.0;62.0;3.3;0.001;26.95;9.7;95.0
4082;2024-06-19 02:00:00;0.47;1.7;4.2;6.1;21.0;45.0;11.0;708.1;0.0;65.0;3.2;0.001;26.24;9.8;70.0
4083;2024-06-19 03:00:00;0.46;1.7;3.9;5.8;21.0;33.0;8.0;707.8;0.0;67.0;3.1;0.001;25.69;9.7;52.0
4084;2024-06-19 04:00:00;0.47;1.8;5.2;7.2;18.0;37.0;7.0;707.7;0.0;68.0;3.0;0.001;25.42;8.2;47.0
4085;2024-06-19 05:00:00;0.47;1.8;4.3;6.2;18.0;34.0;6.0;707.7;0.0;70.0;2.9;0.001;25.03;7.5;47.0
4086;2024-06-19 06:00:00;0.47;2.8;9.2;12.2;14.0;37.0;8.0;707.9;0.0;70.0;3.1;0.001;24.99;5.6;46.0
4087;2024-06-19 07:00:00;0.56;3.2;12.2;15.6;13.0;46.0;10.0;708.2;0.0;68.0;3.4;0.059;25.38;6.4;17.0
4088;2024-06-19 08:00:00;0.7;7.3;11.2;18.8;16.0;44.0;9.0;708.5;0.0;64.0;3.0;0.283;26.2;7.8;16.0
4089;2024-06-19 09:00:00;0.74;8.2;12.2;20.6;18.0;36.0;11.0;708.9;0.0;63.0;2.7;0.329;26.76;7.7;25.0
4090;2024-06-19 10:00:00;0.65;5.7;10.1;16.1;23.0;46.0;9.0;709.0;0.0;58.0;2.6;0.378;27.8;6.2;353.0
4091;2024-06-19 11:00:00;0.56;4.0;6.6;10.9;26.0;43.0;7.0;709.0;0.0;54.0;2.6;0.369;28.27;8.9;15.0
4092;2024-06-19 12:00:00;0.54;3.8;6.4;10.5;27.0;36.0;6.0;708.7;0.0;49.0;2.5;0.336;29.19;10.1;10.0
4093;2024-06-19 13:00:00;0.54;4.0;7.2;11.5;24.0;44.0;7.0;708.7;0.01;60.0;2.4;0.266;27.21;11.7;16.0
4094;2024-06-19 14:00:00;0.62;4.4;10.4;15.1;21.0;58.0;10.0;708.5;0.0;69.0;2.4;0.202;26.08;7.6;109.0
4095;2024-06-19 15:00:00;0.62;5.1;12.2;17.6;21.0;35.0;8.0;708.4;0.31;79.0;2.3;0.169;24.29;8.6;41.0
4096;2024-06-19 16:00:00;0.66;3.5;9.9;13.7;20.0;27.0;5.0;708.5;0.19;85.0;2.3;0.082;23.06;4.7;341.0
4097;2024-06-19 17:00:00;0.62;4.0;8.0;12.2;20.0;27.0;4.0;708.2;0.22;86.0;2.3;0.092;22.96;4.7;261.0
4098;2024-06-19 18:00:00;0.62;5.1;9.6;14.9;19.0;29.0;5.0;708.0;0.73;88.0;2.2;0.022;22.45;6.0;222.0
4099;2024-06-19 19:00:00;0.59;3.1;10.5;13.8;17.0;30.0;5.0;708.1;0.64;90.0;2.2;0.009;22.25;5.2;315.0
4100;2024-06-19 20:00:00;0.51;1.9;4.4;6.5;25.0;25.0;3.0;708.2;0.03;90.0;2.2;0.004;22.42;12.9;350.0
4101;2024-06-19 21:00:00;0.47;1.8;3.6;5.6;26.0;21.0;2.0;708.8;0.02;87.0;2.1;0.0;22.65;13.4;352.0
4102;2024-06-19 22:00:00;0.54;1.8;4.7;6.8;23.0;27.0;2.0;708.9;0.11;87.0;2.2;0.0;22.63;11.3;358.0
4103;2024-06-19 23:00:00;0.64;1.8;5.9;7.9;22.0;25.0;4.0;709.1;0.57;89.0;2.2;0.0;22.33;11.8;354.0
4104;2024-06-20 00:00:00;0.45;1.8;2.7;4.7;25.0;19.0;2.0;708.8;0.1;90.0;2.2;0.0;22.16;14.6;354.0
4105;2024-06-20 01:00:00;0.48;1.7;2.7;4.6;24.0;22.0;3.0;708.3;0.47;90.0;2.2;0.0;22.03;8.5;345.0
4106;2024-06-20 02:00:00;0.47;1.8;2.0;4.0;24.0;24.0;4.0;707.7;0.79;90.0;2.2;0.0;21.94;10.5;343.0
4107;2024-06-20 03:00:00;0.51;1.9;4.0;6.1;23.0;23.0;4.0;707.3;1.19;91.0;2.1;0.0;21.81;16.6;358.0
4108;2024-06-20 04:00:00;0.54;2.0;8.6;10.8;20.0;27.0;9.0;707.3;0.75;91.0;2.2;0.0;22.27;16.4;36.0
4109;2024-06-20 05:00:00;0.46;1.9;5.4;7.5;23.0;30.0;12.0;707.1;0.78;91.0;2.1;0.0;22.49;18.0;42.0
4110;2024-06-20 06:00:00;0.44;2.5;10.4;13.1;17.0;31.0;9.0;707.4;0.06;91.0;2.1;0.0;22.47;17.5;43.0
4111;2024-06-20 07:00:00;0.47;2.3;6.1;8.6;20.0;35.0;12.0;707.8;0.09;91.0;2.2;0.013;22.67;16.5;54.0
4112;2024-06-20 08:00:00;0.47;3.1;9.4;12.7;16.0;39.0;13.0;708.2;0.54;91.0;2.2;0.014;22.76;17.8;44.0
4113;2024-06-20 09:00:00;0.49;3.3;8.9;12.4;18.0;28.0;9.0;708.3;0.56;91.0;2.3;0.063;22.81;19.3;50.0
4114;2024-06-20 10:00:00;0.46;4.2;10.5;14.9;18.0;26.0;13.0;708.3;0.22;;2.3;0.069;22.93;21.4;37.0
4115;2024-06-20 11:00:00;0.5;3.3;8.4;11.8;22.0;36.0;9.0;708.8;0.5;;2.2;0.048;22.7;24.0;51.0
4116;2024-06-20 12:00:00;0.47;1.8;2.8;4.8;32.0;29.0;5.0;709.4;0.28;;2.1;0.033;22.09;17.9;66.0
4117;2024-06-20 13:00:00;0.49;1.8;2.7;4.7;32.0;28.0;7.0;709.5;0.53;92.0;2.2;0.063;22.02;20.0;77.0
4118;2024-06-20 14:00:00;0.46;1.9;2.3;4.4;33.0;30.0;5.0;709.7;0.31;92.0;2.0;0.094;22.06;13.7;95.0
4119;2024-06-20 15:00:00;0.5;2.0;3.0;5.3;32.0;26.0;7.0;709.6;0.06;92.0;2.1;0.203;22.24;7.8;56.0
4120;2024-06-20 16:00:00;0.52;2.2;4.1;6.5;31.0;21.0;9.0;709.4;0.07;91.0;2.1;0.197;22.91;5.7;47.0
4121;2024-06-20 17:00:00;0.49;2.2;4.4;6.7;30.0;29.0;10.0;709.4;0.01;91.0;2.2;0.083;22.95;7.9;50.0
4122;2024-06-20 18:00:00;0.52;2.0;7.6;9.9;24.0;37.0;11.0;709.6;0.16;89.0;2.1;0.025;23.57;6.8;36.0
4123;2024-06-20 19:00:00;0.57;2.4;13.0;15.6;19.0;25.0;12.0;709.9;0.52;90.0;2.1;0.01;22.53;11.6;35.0
4124;2024-06-20 20:00:00;0.5;2.2;9.2;11.6;21.0;30.0;7.0;710.4;1.2;91.0;2.2;0.001;21.99;7.5;89.0
4125;2024-06-20 21:00:00;0.45;1.8;2.9;4.9;26.0;28.0;3.0;710.8;0.53;92.0;2.1;0.0;21.71;6.3;65.0
4126;2024-06-20 22:00:00;0.45;1.8;2.6;4.6;21.0;22.0;4.0;711.4;0.91;92.0;2.1;0.0;22.0;13.4;73.0
4127;2024-06-20 23:00:00;0.45;1.8;1.9;3.9;18.0;23.0;16.0;711.8;0.03;92.0;2.2;0.0;22.43;19.6;66.0
4128;2024-06-21 00:00:00;0.41;1.8;1.9;3.9;18.0;33.0;13.0;711.8;0.4;92.0;2.1;0.001;22.24;17.1;75.0
4129;2024-06-21 01:00:00;0.39;1.8;1.7;3.7;18.0;41.0;16.0;711.8;0.25;92.0;2.1;0.001;22.14;20.2;65.0
4130;2024-06-21 02:00:00;0.44;1.8;1.6;3.5;;41.0;17.0;711.7;0.36;92.0;2.1;0.001;21.94;17.2;79.0
4131;2024-06-21 03:00:00;0.41;1.7;1.4;3.3;19.0;37.0;10.0;711.5;0.52;92.0;2.2;0.001;21.61;12.3;89.0
4132;2024-06-21 04:00:00;0.39;1.7;1.4;3.3;20.0;34.0;7.0;711.4;0.03;;2.2;0.001;21.23;8.0;69.0
4133;2024-06-21 05:00:00;0.43;1.8;1.7;3.6;19.0;29.0;7.0;711.6;0.26;;2.1;0.001;21.4;8.7;65.0
4134;2024-06-21 06:00:00;0.44;1.8;2.1;4.1;19.0;25.0;7.18;711.9;0.1;;2.2;0.001;21.28;9.2;69.0
4135;2024-06-21 07:00:00;0.41;2.1;3.6;6.0;19.0;24.0;10.0;712.1;0.27;;2.1;0.016;21.3;10.0;84.0
4136;2024-06-21 08:00:00;0.49;2.5;5.1;7.8;17.0;30.0;17.0;712.4;0.04;;2.2;0.036;21.46;11.9;89.0
4137;2024-06-21 09:00:00;0.48;3.2;6.0;9.5;18.0;40.0;8.0;712.8;0.15;;2.2;0.101;20.69;9.8;76.0
4138;2024-06-21 10:00:00;0.52;3.8;5.9;9.9;18.0;32.0;7.0;713.0;0.19;;2.2;0.156;21.01;9.1;77.0
4139;2024-06-21 11:00:00;0.54;4.6;6.1;10.9;19.0;26.0;6.0;713.1;0.03;;2.1;0.607;21.88;8.7;99.0
4140;2024-06-21 12:00:00;0.51;4.5;7.3;12.0;20.0;28.0;11.0;713.3;0.4;84.0;2.1;0.222;23.32;13.4;72.0
4141;2024-06-21 13:00:00;0.52;4.0;5.8;10.1;24.0;42.0;5.0;713.2;0.03;91.0;2.2;0.475;21.79;4.8;27.0
4142;2024-06-21 14:00:00;0.54;4.0;8.4;12.6;25.0;27.0;6.0;713.0;0.01;79.0;2.2;0.366;24.6;8.3;69.0
4143;2024-06-21 15:00:00;0.63;5.9;9.2;15.4;25.0;26.0;8.0;712.7;0.0;75.0;2.2;0.876;25.18;6.5;49.0
4144;2024-06-21 16:00:00;0.48;3.6;6.7;10.5;30.0;27.0;9.0;712.2;0.01;64.0;2.1;0.675;27.16;12.3;59.0
4145;2024-06-21 17:00:00;0.57;4.0;9.0;13.3;29.0;36.0;13.0;712.3;0.0;74.0;2.2;0.401;25.35;14.8;69.0
4146;2024-06-21 18:00:00;0.57;4.4;11.0;15.6;25.0;40.0;11.0;712.2;0.0;75.0;2.1;0.22;25.07;13.1;70.0
4147;2024-06-21 19:00:00;0.59;3.3;10.3;13.8;24.0;36.0;7.0;712.5;0.0;73.0;2.2;0.074;24.09;10.8;94.0
4148;2024-06-21 20:00:00;0.47;1.8;5.8;7.8;31.0;32.0;6.0;712.6;0.0;71.0;2.2;0.009;23.56;9.5;112.0
4149;2024-06-21 21:00:00;0.51;1.8;6.7;8.7;32.0;30.0;5.0;713.1;0.03;78.0;2.2;0.0;21.89;8.4;71.0
4150;2024-06-21 22:00:00;0.73;3.9;25.0;29.1;10.0;27.0;12.0;713.4;0.02;82.0;2.3;0.0;22.21;4.4;354.0
4151;2024-06-21 23:00:00;0.64;4.3;21.4;25.9;12.0;36.0;13.0;713.7;0.43;88.0;2.1;0.0;21.19;5.2;52.0
4152;2024-06-22 00:00:00;0.61;2.0;13.2;15.4;19.0;33.0;10.0;713.6;0.0;91.0;2.2;0.0;20.8;3.5;23.0
4153;2024-06-22 01:00:00;0.62;2.2;21.3;23.7;11.0;29.0;12.0;713.4;0.0;92.0;2.2;0.0;20.89;4.5;344.0
4154;2024-06-22 02:00:00;0.64;2.0;20.4;22.6;11.0;30.0;11.0;713.1;0.0;92.0;2.2;0.0;20.68;4.1;337.0
4155;2024-06-22 03:00:00;0.65;2.2;23.4;25.8;7.0;36.0;10.0;712.9;0.0;92.0;2.2;0.0;20.57;2.1;40.0
4156;2024-06-22 04:00:00;0.67;2.4;20.4;23.0;7.0;36.0;11.0;712.9;0.01;92.0;2.3;0.0;20.59;2.1;142.0
4157;2024-06-22 05:00:00;0.69;2.3;17.1;19.6;7.0;34.0;12.0;713.1;0.0;92.0;2.2;0.0;20.69;1.8;196.0
4158;2024-06-22 06:00:00;0.64;2.2;16.0;18.3;8.0;40.0;15.0;713.1;0.0;92.0;2.2;0.0;20.88;2.2;198.0
4159;2024-06-22 07:00:00;0.69;5.3;18.4;24.0;6.0;40.0;21.0;713.4;0.0;92.0;2.3;0.007;21.2;2.7;192.0
4160;2024-06-22 08:00:00;0.86;15.2;19.5;35.0;6.0;37.0;22.0;713.6;0.0;90.0;2.3;0.082;21.92;2.7;112.0
4161;2024-06-22 09:00:00;0.86;13.0;21.2;34.5;8.0;53.0;20.0;713.7;0.0;86.0;2.3;0.086;22.78;1.9;21.0
4162;2024-06-22 10:00:00;0.82;12.2;21.0;33.5;9.0;42.0;16.0;713.7;0.01;83.0;2.3;0.142;22.85;1.8;217.0
4163;2024-06-22 11:00:00;0.81;9.5;16.7;26.4;18.0;48.0;17.0;713.7;0.0;79.0;2.2;0.348;23.84;2.5;339.0
4164;2024-06-22 12:00:00;0.74;7.1;15.4;22.8;27.0;46.0;16.0;713.3;0.0;67.0;2.2;0.444;25.92;3.1;33.0
4165;2024-06-22 13:00:00;0.8;5.7;18.9;24.8;26.0;46.0;17.0;713.2;0.0;67.0;2.3;0.207;25.3;5.9;10.0
4166;2024-06-22 14:00:00;0.69;6.2;16.8;23.3;21.0;56.0;13.0;713.3;0.04;81.0;2.3;0.175;22.0;6.6;110.0
4167;2024-06-22 15:00:00;0.7;5.2;14.6;20.0;29.0;40.0;13.0;712.9;0.0;79.0;2.2;0.313;22.46;6.3;203.0
4168;2024-06-22 16:00:00;0.71;5.1;17.0;22.4;29.0;36.0;17.0;712.4;0.0;74.0;2.3;0.245;23.25;5.7;224.0
4169;2024-06-22 17:00:00;0.76;5.0;21.1;26.4;27.0;45.0;18.0;712.1;0.0;73.0;2.3;0.177;23.83;5.1;225.0
4170;2024-06-22 18:00:00;0.83;3.8;24.2;28.1;25.0;50.0;20.0;712.1;0.01;75.0;2.2;0.079;23.47;4.5;188.0
4171;2024-06-22 19:00:00;0.82;2.7;24.7;27.7;21.0;45.0;16.0;712.4;0.07;81.0;2.2;0.025;22.3;4.4;135.0
4172;2024-06-22 20:00:00;0.64;2.1;15.6;17.9;22.0;41.0;10.0;712.8;0.18;87.0;2.2;0.004;20.56;5.2;112.0
4173;2024-06-22 21:00:00;0.58;1.8;12.1;14.1;24.0;31.0;9.0;712.6;0.02;90.0;2.3;0.0;20.01;5.6;215.0
4174;2024-06-22 22:00:00;0.69;2.0;20.1;22.3;16.0;28.0;19.0;712.6;0.0;92.0;2.3;0.0;20.21;3.9;230.0
4175;2024-06-22 23:00:00;0.68;2.3;19.0;21.4;14.0;40.0;14.0;712.8;0.0;92.0;2.2;0.0;20.48;3.0;205.0
4176;2024-06-23 00:00:00;0.68;2.0;17.0;19.2;12.0;41.0;13.0;712.8;0.0;91.0;2.3;0.0;20.9;2.1;287.0
4177;2024-06-23 01:00:00;0.82;6.0;22.3;28.5;6.0;28.0;14.0;712.6;0.0;89.0;2.3;0.0;21.51;2.3;261.0
4178;2024-06-23 02:00:00;0.54;1.9;12.8;15.0;18.0;26.0;12.0;712.1;0.0;85.0;2.2;0.0;21.45;4.8;224.0
4179;2024-06-23 03:00:00;0.5;1.8;10.7;12.8;20.0;32.0;9.0;711.6;0.0;84.0;2.2;0.0;21.44;4.7;224.0
4180;2024-06-23 04:00:00;0.57;1.9;13.0;15.1;15.0;32.0;14.0;711.5;0.0;83.0;2.2;0.0;21.6;3.2;221.0
4181;2024-06-23 05:00:00;0.53;1.8;10.1;12.2;16.0;34.0;9.0;711.4;0.0;82.0;2.2;0.0;21.72;4.7;225.0
4182;2024-06-23 06:00:00;0.52;1.9;13.4;15.5;16.0;35.0;13.0;711.4;0.0;79.0;2.2;0.0;22.07;6.9;224.0
4183;2024-06-23 07:00:00;0.52;2.2;12.3;14.7;17.0;41.0;17.0;711.6;0.0;77.0;2.2;0.015;22.41;4.6;254.0
4184;2024-06-23 08:00:00;0.5;3.1;12.6;15.9;16.0;47.0;18.0;711.9;0.0;78.0;2.3;0.048;22.39;5.4;246.0
4185;2024-06-23 09:00:00;0.45;2.3;7.8;10.2;23.0;46.0;21.0;712.3;0.05;82.0;2.2;0.038;21.36;7.6;226.0
4186;2024-06-23 10:00:00;0.49;3.3;10.9;14.4;20.0;46.0;24.0;712.4;0.03;88.0;2.3;0.09;20.78;5.3;228.0
4187;2024-06-23 11:00:00;0.49;3.6;9.6;13.4;25.0;51.0;17.0;712.6;0.15;89.0;2.2;0.194;20.69;8.7;213.0
4188;2024-06-23 12:00:00;0.48;3.2;6.9;10.4;30.0;34.0;11.0;712.7;0.01;91.0;2.3;0.344;20.92;6.5;227.0
4189;2024-06-23 13:00:00;0.46;3.2;7.9;11.3;30.0;30.0;11.0;712.5;0.04;91.0;2.1;0.239;21.04;7.0;203.0
4190;2024-06-23 14:00:00;0.48;3.0;6.2;9.4;31.0;26.0;7.0;712.1;0.08;91.0;2.2;0.386;21.22;6.2;205.0
4191;2024-06-23 15:00:00;0.44;2.9;4.7;7.8;35.0;21.0;6.0;711.5;0.0;89.0;2.1;0.88;22.86;8.2;234.0
4192;2024-06-23 16:00:00;0.47;3.2;6.4;9.8;37.0;20.0;9.0;710.9;0.0;71.0;2.3;0.719;26.13;7.0;215.0
4193;2024-06-23 17:00:00;0.48;2.4;6.5;9.1;44.0;27.0;9.0;710.6;0.0;64.0;2.2;0.362;27.3;4.2;151.0
4194;2024-06-23 18:00:00;0.5;2.1;7.5;9.9;45.0;29.0;9.12;710.6;0.0;61.0;2.1;0.237;27.58;4.5;64.0
4195;2024-06-23 19:00:00;0.6;2.3;12.4;14.9;23.0;29.0;8.0;710.8;0.0;72.0;2.2;0.029;25.63;8.3;61.0
4196;2024-06-23 20:00:00;0.61;2.7;16.3;19.2;11.0;34.0;9.0;710.8;0.02;82.0;2.3;0.003;24.04;6.0;63.0
4197;2024-06-23 21:00:00;0.7;2.6;17.7;20.4;9.0;25.0;14.0;711.0;0.0;85.0;2.2;0.0;23.75;4.5;89.0
4198;2024-06-23 22:00:00;0.71;3.6;19.6;23.4;7.0;48.0;13.0;711.3;0.0;85.0;2.2;0.0;23.68;3.0;59.0
4199;2024-06-23 23:00:00;0.67;3.4;18.3;21.9;10.0;36.0;11.0;711.6;0.23;87.0;2.3;0.0;22.65;7.0;77.0
4200;2024-06-24 00:00:00;0.54;3.8;18.9;22.8;11.0;28.0;11.0;711.6;0.03;91.0;2.3;0.0;21.83;4.0;33.0
4201;2024-06-24 01:00:00;0.48;1.8;11.3;13.3;17.0;37.0;9.0;711.5;0.02;91.0;2.2;0.0;21.59;2.4;293.0
4202;2024-06-24 02:00:00;0.49;1.9;14.3;16.4;14.0;28.0;10.0;711.3;0.01;92.0;2.3;0.0;21.6;2.1;289.0
4203;2024-06-24 03:00:00;0.56;1.9;14.3;16.4;12.0;25.0;11.0;710.9;0.0;92.0;2.3;0.0;21.67;2.0;168.0
4204;2024-06-24 04:00:00;0.51;2.0;11.2;13.4;13.0;35.0;10.0;710.7;0.0;92.0;2.2;0.0;21.66;1.8;238.0
4205;2024-06-24 05:00:00;0.49;1.8;7.2;9.3;16.0;30.0;8.0;711.0;0.07;92.0;2.1;0.0;21.65;3.1;170.0
4206;2024-06-24 06:00:00;0.49;1.8;6.1;8.1;17.0;24.0;8.0;711.1;0.03;92.0;2.3;0.001;21.59;3.5;204.0
4207;2024-06-24 07:00:00;0.5;3.6;11.1;14.9;13.0;29.0;8.41;711.0;0.0;92.0;2.2;0.02;21.3;5.1;211.0
4208;2024-06-24 08:00:00;0.63;6.5;14.1;20.8;11.0;29.0;11.0;711.4;0.0;92.0;2.2;0.107;21.93;3.8;232.0
4209;2024-06-24 09:00:00;0.81;12.1;16.7;29.1;8.0;26.0;11.0;712.1;0.01;91.0;2.3;0.121;22.36;4.8;176.0
4210;2024-06-24 10:00:00;0.57;7.3;11.3;18.8;16.0;34.0;10.0;711.9;0.0;84.0;2.4;0.287;24.12;3.7;185.0
4211;2024-06-24 11:00:00;0.58;6.8;11.1;18.1;19.0;31.0;11.0;712.0;0.0;71.0;2.3;0.348;25.79;4.4;101.0
4212;2024-06-24 12:00:00;0.81;14.8;22.1;37.2;20.0;30.0;17.0;711.8;0.0;67.0;2.3;0.566;26.87;4.7;31.0
4213;2024-06-24 13:00:00;0.86;10.5;25.4;36.2;28.0;51.0;23.0;711.5;0.0;65.0;2.3;0.526;27.13;7.9;48.0
4214;2024-06-24 14:00:00;0.71;8.4;19.3;28.0;42.0;;21.0;711.0;0.0;63.0;2.3;1.08;27.92;8.6;27.0
4215;2024-06-24 15:00:00;0.54;4.1;10.9;15.2;52.0;;11.0;710.5;0.0;56.0;2.3;1.125;29.09;9.1;62.0
4216;2024-06-24 16:00:00;0.52;3.2;9.5;12.9;54.0;;9.0;709.9;0.0;56.0;2.3;0.789;29.65;11.7;54.0
4217;2024-06-24 17:00:00;0.57;2.9;10.2;13.3;51.0;;13.0;709.7;0.0;61.0;2.3;0.399;29.13;15.0;57.0
4218;2024-06-24 18:00:00;0.57;2.8;10.4;13.5;46.0;;34.0;709.5;0.0;60.0;2.3;0.379;29.26;14.3;69.0
4219;2024-06-24 19:00:00;0.56;2.4;9.7;12.3;32.0;251.0;17.0;709.4;0.0;60.0;2.2;0.092;28.9;10.2;97.0
4220;2024-06-24 20:00:00;0.53;2.0;10.8;13.1;28.0;25.0;15.0;709.6;0.0;62.0;2.2;0.013;28.04;9.8;120.0
4221;2024-06-24 21:00:00;0.53;2.5;13.6;16.4;24.0;22.0;15.0;709.9;0.0;65.0;2.3;0.0;27.31;9.0;107.0
4222;2024-06-24 22:00:00;0.52;1.9;11.6;13.7;24.0;23.0;14.0;710.3;0.0;69.0;2.3;0.0;26.86;8.0;109.0
4223;2024-06-24 23:00:00;0.59;2.0;13.7;15.8;17.0;23.0;14.0;710.8;0.0;72.0;2.2;0.0;26.42;6.6;74.0
4224;2024-06-25 00:00:00;0.44;1.8;6.3;8.3;23.0;32.0;13.0;711.0;0.0;71.0;2.3;0.0;26.06;9.4;102.0
4225;2024-06-25 01:00:00;0.41;1.8;3.6;5.5;23.0;24.0;10.0;711.0;0.0;72.0;2.3;0.0;25.65;9.4;108.0
4226;2024-06-25 02:00:00;0.39;1.8;2.4;4.4;22.0;19.0;7.0;710.6;0.0;74.0;2.3;0.0;25.2;7.7;121.0
4227;2024-06-25 03:00:00;0.45;1.8;3.9;5.9;19.0;16.0;8.0;710.3;0.0;76.0;2.3;0.0;24.74;4.4;12.0
4228;2024-06-25 04:00:00;0.44;2.2;10.3;12.7;10.0;18.0;11.0;710.1;0.0;80.0;2.3;0.0;24.09;4.2;48.0
4229;2024-06-25 05:00:00;0.5;6.8;14.4;21.4;4.0;29.0;16.0;710.3;0.0;84.0;2.3;0.0;23.55;2.5;6.0
4230;2024-06-25 06:00:00;0.52;2.3;12.9;15.5;6.0;32.0;16.0;710.6;0.0;84.0;2.3;0.001;23.45;2.6;34.0
4231;2024-06-25 07:00:00;0.55;7.7;15.3;23.2;5.0;35.0;18.0;710.9;0.0;84.0;2.4;0.02;23.53;2.7;74.0
4232;2024-06-25 08:00:00;0.67;14.4;15.5;30.2;6.0;41.0;24.0;711.1;0.0;82.0;2.4;0.134;23.97;5.6;73.0
4233;2024-06-25 09:00:00;0.74;13.8;16.0;30.1;11.0;50.0;26.0;711.1;0.0;77.0;2.4;0.285;24.91;7.3;70.0
4234;2024-06-25 10:00:00;0.75;17.0;17.8;35.1;17.0;55.0;33.0;711.1;0.0;69.0;2.4;0.595;26.35;6.8;41.0
4235;2024-06-25 11:00:00;0.68;9.4;18.7;28.4;29.0;60.0;32.0;711.2;0.0;64.0;2.5;0.697;27.57;7.2;29.0
4236;2024-06-25 12:00:00;0.58;4.9;12.2;17.3;44.0;;23.0;711.1;0.0;61.0;2.3;1.068;28.31;10.0;50.0
4237;2024-06-25 13:00:00;0.54;3.3;8.4;11.9;44.0;260.0;16.0;710.9;0.0;58.0;2.3;0.972;29.28;11.5;44.0
4238;2024-06-25 14:00:00;0.5;3.3;7.3;10.8;39.0;46.0;14.0;710.4;0.0;55.0;2.4;0.839;30.25;11.9;44.0
4239;2024-06-25 15:00:00;0.47;2.6;4.9;7.8;36.0;40.0;11.0;709.9;0.0;49.0;2.2;0.942;31.51;12.3;92.0
4240;2024-06-25 16:00:00;0.47;2.9;5.4;8.5;34.0;31.0;11.0;709.7;0.0;48.0;2.3;0.677;31.66;12.1;88.0
4241;2024-06-25 17:00:00;0.49;3.3;6.1;9.7;30.0;33.0;12.0;709.3;0.0;47.0;2.3;0.599;32.1;11.8;91.0
4242;2024-06-25 18:00:00;0.48;3.2;6.5;9.9;29.0;33.0;12.0;709.2;0.0;48.0;2.4;0.341;31.94;12.2;108.0
4243;2024-06-25 19:00:00;0.44;2.4;5.9;8.5;29.0;28.0;13.0;709.2;0.0;49.0;2.3;0.075;31.07;15.0;110.0
4244;2024-06-25 20:00:00;0.49;2.0;8.1;10.3;27.0;32.0;13.0;709.5;0.0;52.0;2.3;0.012;30.22;12.4;108.0
4245;2024-06-25 21:00:00;0.49;2.0;9.9;12.2;24.0;43.0;14.0;709.8;0.0;54.0;2.3;0.0;29.6;12.0;107.0
4246;2024-06-25 22:00:00;0.53;1.9;11.2;13.3;20.0;42.0;15.0;710.0;0.0;57.0;2.3;0.0;29.24;7.1;90.0
4247;2024-06-25 23:00:00;0.45;1.9;6.3;8.4;18.0;43.0;17.0;710.4;0.0;68.0;2.3;0.0;27.92;9.5;97.0
4248;2024-06-26 00:00:00;0.42;1.9;5.6;7.7;16.0;38.0;15.0;710.5;0.0;73.0;2.3;0.0;26.8;9.3;60.0
4249;2024-06-26 01:00:00;0.46;1.9;5.8;8.0;14.0;45.0;15.0;710.2;0.0;77.0;2.4;0.0;26.0;7.9;45.0
4250;2024-06-26 02:00:00;0.43;3.3;10.1;13.6;9.0;58.0;25.0;710.0;0.0;79.0;2.4;0.0;25.54;6.7;25.0
4251;2024-06-26 03:00:00;0.42;2.6;8.5;11.3;10.0;54.0;15.0;709.8;0.0;81.0;2.4;0.0;25.05;6.9;53.0
4252;2024-06-26 04:00:00;0.41;1.9;6.0;8.1;11.0;42.0;13.0;709.6;0.0;81.0;2.3;0.0;24.59;6.9;54.0
4253;2024-06-26 05:00:00;0.41;2.1;6.4;8.7;10.0;36.0;14.0;709.5;0.0;82.0;2.4;0.0;24.36;6.0;72.0
4254;2024-06-26 06:00:00;0.46;2.0;7.7;9.9;9.0;38.0;17.0;709.5;0.0;82.0;2.3;0.001;24.37;4.6;66.0
4255;2024-06-26 07:00:00;0.47;6.8;11.6;18.6;6.0;47.0;20.0;709.7;0.0;82.0;2.4;0.032;24.43;4.1;56.0
4256;2024-06-26 08:00:00;0.58;14.6;12.8;27.7;6.0;53.0;21.0;710.0;0.0;81.0;2.4;0.084;24.67;5.6;52.0
4257;2024-06-26 09:00:00;0.73;19.6;14.1;34.0;10.0;63.0;30.0;710.1;0.0;76.0;2.5;0.325;25.66;5.6;4.0
4258;2024-06-26 10:00:00;0.79;10.4;15.7;26.4;23.0;71.0;29.0;710.1;0.0;68.0;2.5;0.624;27.45;5.8;21.0
4259;2024-06-26 11:00:00;0.87;7.5;17.9;25.7;35.0;77.0;34.0;710.1;0.0;63.0;2.5;0.68;28.58;6.4;16.0
4260;2024-06-26 12:00:00;0.78;5.8;20.2;26.3;55.0;74.0;38.0;710.1;0.0;57.0;2.3;0.883;30.06;6.4;38.0
4261;2024-06-26 13:00:00;0.66;3.6;16.9;20.7;76.0;83.0;39.0;709.7;0.0;54.0;2.4;0.89;30.55;8.7;54.0
4262;2024-06-26 14:00:00;0.62;2.2;11.1;13.6;96.0;79.0;37.0;709.2;0.0;51.0;2.4;0.942;31.74;7.0;59.0
4263;2024-06-26 15:00:00;0.59;2.6;10.9;13.7;80.0;74.0;35.0;708.9;0.0;51.0;2.4;0.995;32.2;11.7;40.0
4264;2024-06-26 16:00:00;0.54;2.7;7.7;10.6;59.0;59.0;25.0;708.7;0.0;50.0;2.4;0.946;32.55;13.1;72.0
4265;2024-06-26 17:00:00;0.49;2.6;6.5;9.3;43.0;47.0;20.0;708.4;0.0;49.0;2.4;0.559;32.5;13.1;100.0
4266;2024-06-26 18:00:00;0.49;2.6;6.2;9.1;38.0;43.0;17.0;708.2;0.0;48.0;2.5;0.378;32.59;12.7;107.0
4267;2024-06-26 19:00:00;0.52;2.8;8.9;12.0;28.0;42.0;17.0;708.2;0.0;53.0;2.4;0.092;31.35;12.6;91.0
4268;2024-06-26 20:00:00;0.5;2.3;8.0;10.5;24.0;41.0;16.0;708.4;0.0;55.0;2.4;0.015;30.51;12.5;86.0
4269;2024-06-26 21:00:00;0.44;2.2;7.3;9.7;22.0;39.0;15.0;708.8;0.0;55.0;2.4;0.0;30.13;11.4;95.0
4270;2024-06-26 22:00:00;0.48;2.2;6.9;9.3;19.0;34.0;13.0;709.1;0.0;60.0;2.4;0.0;29.3;11.4;87.0
4271;2024-06-26 23:00:00;0.43;2.2;5.2;7.6;17.0;31.0;11.0;709.4;0.0;69.0;2.4;0.0;27.63;13.9;73.0
4272;2024-06-27 00:00:00;0.41;1.9;4.3;6.4;17.0;38.0;11.0;709.6;0.0;70.0;2.5;0.0;27.04;10.4;92.0
4273;2024-06-27 01:00:00;0.41;1.9;5.2;7.3;14.0;29.0;12.0;709.5;0.0;74.0;2.4;0.0;26.18;11.2;63.0
4274;2024-06-27 02:00:00;0.44;1.9;5.1;7.2;13.0;35.0;10.0;709.3;0.0;78.0;2.4;0.0;25.36;10.5;62.0
4275;2024-06-27 03:00:00;0.39;1.8;4.9;7.0;12.0;35.0;14.0;709.0;0.0;80.0;2.5;0.0;25.0;9.3;56.0
4276;2024-06-27 04:00:00;0.45;1.9;4.5;6.6;11.0;45.0;18.0;709.0;0.0;81.0;2.4;0.0;24.7;7.3;60.0
4277;2024-06-27 05:00:00;0.47;3.0;7.5;10.8;9.0;37.0;16.0;709.0;0.0;81.0;2.4;0.0;24.48;7.2;45.0
4278;2024-06-27 06:00:00;0.46;4.6;10.6;15.4;6.0;47.0;23.0;709.1;0.0;81.0;2.5;0.0;24.33;6.7;48.0
4279;2024-06-27 07:00:00;0.58;8.5;12.8;21.6;5.0;54.0;26.0;709.4;0.0;80.0;2.5;0.011;24.38;5.6;45.0
4280;2024-06-27 08:00:00;0.63;12.4;13.4;26.1;6.0;66.0;28.0;709.9;0.0;78.0;2.6;0.093;24.74;4.8;44.0
4281;2024-06-27 09:00:00;0.8;16.7;14.7;31.7;10.0;70.0;28.0;710.1;0.0;73.0;2.4;0.3;26.06;4.2;13.0
4282;2024-06-27 10:00:00;0.8;11.4;16.0;27.8;17.0;72.0;30.0;710.1;0.0;67.0;2.5;0.427;27.25;2.3;13.0
4283;2024-06-27 11:00:00;0.82;14.6;22.9;37.7;25.0;58.0;36.0;709.9;0.0;60.0;2.4;0.766;29.21;6.1;40.0
4284;2024-06-27 12:00:00;0.67;6.5;17.1;23.8;45.0;86.0;38.0;709.9;0.0;57.0;2.4;0.919;29.57;10.3;39.0
4285;2024-06-27 13:00:00;0.57;4.4;13.9;18.5;59.0;81.0;31.0;709.4;0.0;52.0;2.4;1.192;30.89;10.8;44.0
4286;2024-06-27 14:00:00;0.52;2.9;9.1;12.2;62.0;74.0;26.0;709.0;0.0;49.0;2.3;1.042;31.76;13.3;58.0
4287;2024-06-27 15:00:00;0.49;2.7;7.1;10.1;51.0;53.0;25.0;708.5;0.0;44.0;2.3;1.038;32.5;14.1;60.0
4288;2024-06-27 16:00:00;0.47;3.1;6.1;9.4;35.0;49.0;17.0;708.1;0.0;44.0;2.3;0.806;32.34;14.8;66.0
4289;2024-06-27 17:00:00;0.47;3.5;6.2;10.0;29.0;37.0;12.0;707.8;0.0;45.0;2.4;0.522;32.25;14.8;81.0
4290;2024-06-27 18:00:00;0.47;3.6;7.0;10.8;27.0;35.0;12.0;707.6;0.0;47.0;2.3;0.287;31.87;13.8;89.0
4291;2024-06-27 19:00:00;0.46;3.1;7.6;10.9;27.0;33.0;11.0;707.5;0.0;49.0;2.3;0.083;31.05;14.0;76.0
4292;2024-06-27 20:00:00;0.49;2.3;8.7;11.3;26.0;37.0;11.0;707.7;0.0;51.0;2.4;0.013;30.07;13.0;85.0
4293;2024-06-27 21:00:00;0.48;2.1;9.2;11.6;23.0;36.0;11.01;707.9;0.0;53.0;2.3;0.0;29.47;11.6;101.0
4294;2024-06-27 22:00:00;0.44;1.9;7.9;10.1;23.0;34.0;8.0;708.1;0.0;55.0;2.3;0.0;28.92;12.4;115.0
4295;2024-06-27 23:00:00;0.43;2.0;10.1;12.3;19.0;32.0;9.0;708.5;0.0;58.0;2.4;0.0;28.54;11.9;103.0
4296;2024-06-28 00:00:00;0.44;1.9;6.5;8.6;19.0;35.0;14.0;708.6;0.0;64.0;2.4;0.0;27.67;10.9;109.0
4297;2024-06-28 01:00:00;0.41;1.8;5.0;7.0;19.0;36.0;17.0;708.4;0.0;71.0;2.4;0.0;26.75;8.7;101.0
4298;2024-06-28 02:00:00;0.46;1.8;6.2;8.2;16.0;34.0;20.0;708.1;0.0;75.0;2.4;0.0;25.94;6.3;47.0
4299;2024-06-28 03:00:00;0.45;2.3;10.7;13.2;13.0;46.0;18.0;707.9;0.0;74.0;2.4;0.0;25.53;7.8;23.0
4300;2024-06-28 04:00:00;0.49;2.6;15.0;17.9;9.0;50.0;22.0;707.8;0.0;76.0;2.4;0.0;24.84;7.3;52.0
4301;2024-06-28 05:00:00;0.47;2.4;14.1;16.7;10.0;61.0;22.0;707.7;0.0;78.0;2.3;0.0;24.39;4.7;75.0
4302;2024-06-28 06:00:00;0.51;2.4;15.5;18.1;8.0;57.0;28.0;708.0;0.0;78.0;2.4;0.001;24.36;2.8;356.0
4303;2024-06-28 07:00:00;0.75;5.4;15.4;21.0;7.0;61.0;30.0;708.2;0.0;77.0;2.5;0.03;24.76;4.5;6.0
4304;2024-06-28 08:00:00;0.7;13.9;16.2;30.3;7.0;60.0;31.0;708.4;0.0;77.0;2.6;0.1;25.02;6.0;16.0
4305;2024-06-28 09:00:00;0.79;15.7;16.3;32.4;9.0;66.0;35.0;708.7;0.0;74.0;2.5;0.263;25.5;7.6;12.0
4306;2024-06-28 10:00:00;0.91;13.1;17.4;30.8;12.0;69.0;38.0;708.9;0.0;72.0;2.4;0.259;25.8;8.1;8.0
4307;2024-06-28 11:00:00;0.8;13.3;19.7;33.4;17.0;70.0;41.0;708.9;0.0;69.0;2.5;0.373;26.44;8.3;353.0
4308;2024-06-28 12:00:00;0.73;8.4;21.5;30.3;25.0;82.0;44.0;708.7;0.0;64.0;2.5;0.372;27.54;7.2;15.0
4309;2024-06-28 13:00:00;0.58;5.0;16.3;21.5;51.0;83.0;41.0;708.4;0.0;59.0;2.4;0.654;28.96;10.2;44.0
4310;2024-06-28 14:00:00;0.59;2.7;10.5;13.5;68.0;72.0;39.0;708.0;0.0;55.0;2.4;0.924;30.25;10.8;54.0
4311;2024-06-28 15:00:00;0.49;2.4;6.9;9.5;54.0;74.0;29.0;707.5;0.0;50.0;2.5;0.964;31.33;13.5;109.0
4312;2024-06-28 16:00:00;0.46;2.5;5.5;8.2;43.0;47.0;19.0;707.1;0.0;46.0;2.5;0.943;32.3;13.2;119.0
4313;2024-06-28 17:00:00;0.45;2.7;5.6;8.6;42.0;41.0;17.0;706.5;0.0;45.0;2.5;0.7;32.58;12.4;118.0
4314;2024-06-28 18:00:00;0.46;2.7;6.7;9.7;40.0;43.0;16.0;706.3;0.0;46.0;2.4;0.374;32.37;13.2;128.0
4315;2024-06-28 19:00:00;0.48;2.4;7.9;10.6;37.0;41.0;16.0;706.6;0.0;48.0;2.4;0.094;31.6;13.3;113.0
4316;2024-06-28 20:00:00;0.47;2.0;8.8;11.0;34.0;41.0;16.55;707.0;0.0;50.0;2.3;0.013;30.78;11.3;97.0
4317;2024-06-28 21:00:00;0.47;1.8;9.0;11.1;32.0;41.0;16.97;707.2;0.0;53.0;2.4;0.0;30.11;11.4;109.0
4318;2024-06-28 22:00:00;0.48;2.1;9.9;12.3;27.0;40.0;18.88;707.7;0.0;57.0;2.5;0.0;29.48;11.8;88.0
4319;2024-06-28 23:00:00;0.46;2.3;8.8;11.3;17.0;43.0;30.77;708.2;0.0;66.0;2.4;0.0;28.26;9.7;94.0
4320;2024-06-29 00:00:00;0.43;1.8;6.2;8.2;23.0;52.0;23.39;708.5;0.0;64.0;2.4;0.0;27.94;11.6;94.0
4321;2024-06-29 01:00:00;0.45;1.8;5.6;7.6;23.0;50.0;16.64;708.5;0.0;65.0;2.4;0.0;27.11;11.2;96.0
4322;2024-06-29 02:00:00;0.45;1.8;6.7;8.7;20.0;36.0;18.32;708.4;0.0;69.0;2.4;0.0;26.38;8.1;58.0
4323;2024-06-29 03:00:00;0.45;1.8;6.0;8.0;20.0;39.0;20.68;708.5;0.0;73.0;2.5;0.0;25.49;9.4;28.0
4324;2024-06-29 04:00:00;0.39;1.8;5.3;7.3;21.0;45.0;21.62;708.3;0.0;75.0;2.5;0.0;24.94;7.7;28.0
4325;2024-06-29 05:00:00;0.43;2.0;9.2;11.4;16.0;45.0;22.36;708.5;0.0;76.0;2.3;0.0;24.61;5.8;8.0
4326;2024-06-29 06:00:00;0.41;1.8;6.5;8.6;19.0;45.0;22.82;708.8;0.0;77.0;2.4;0.001;24.27;6.8;39.0
4327;2024-06-29 07:00:00;0.48;3.2;12.5;15.8;13.0;43.0;26.18;709.3;0.0;77.0;2.3;0.052;24.32;4.4;26.0
4328;2024-06-29 08:00:00;0.53;6.8;13.5;20.5;14.0;42.0;29.9;709.7;0.0;74.0;2.5;0.182;25.23;4.5;357.0
4329;2024-06-29 09:00:00;0.69;7.9;13.2;21.4;20.0;60.0;36.1;710.1;0.0;70.0;2.4;0.438;26.16;6.6;
4330;2024-06-29 10:00:00;0.76;5.9;14.3;20.4;28.0;62.0;38.79;710.4;0.0;65.0;2.4;0.452;27.14;7.7;10.0
4331;2024-06-29 11:00:00;0.81;6.7;16.3;23.2;35.0;66.0;43.81;710.7;0.0;61.0;2.4;0.737;28.21;8.7;14.0
4332;2024-06-29 12:00:00;0.72;4.0;14.8;19.0;55.0;79.0;39.22;710.8;0.0;56.0;2.4;0.767;29.44;8.2;19.0
4333;2024-06-29 13:00:00;0.49;2.6;8.5;11.3;54.0;74.0;29.03;710.6;0.0;52.0;2.3;0.758;30.6;9.7;47.0
4334;2024-06-29 14:00:00;0.48;2.8;7.4;10.5;40.0;58.0;26.02;710.5;0.0;48.0;2.4;0.557;31.29;15.3;68.0
4335;2024-06-29 15:00:00;0.45;2.9;7.2;10.3;34.0;50.0;23.95;710.1;0.0;43.0;2.5;0.71;32.11;15.7;83.0
4336;2024-06-29 16:00:00;0.45;2.8;7.1;10.2;32.0;48.0;23.2;710.1;0.0;43.0;2.3;0.497;32.39;13.3;81.0
4337;2024-06-29 17:00:00;0.43;2.6;8.7;11.6;30.0;46.0;20.68;709.9;0.0;37.0;2.4;0.616;33.15;13.9;108.0
4338;2024-06-29 18:00:00;0.41;2.6;10.3;13.2;29.0;45.0;18.66;709.8;0.0;38.0;2.5;0.367;33.03;15.5;98.0
4339;2024-06-29 19:00:00;0.43;2.4;10.9;13.5;25.0;46.0;19.73;710.3;0.0;45.0;2.4;0.098;31.68;16.0;96.0
4340;2024-06-29 20:00:00;0.4;1.9;4.1;6.3;25.0;62.0;20.81;711.3;0.17;66.0;2.4;0.029;26.61;14.4;140.0
4341;2024-06-29 21:00:00;0.46;1.9;5.9;8.0;22.0;48.0;11.95;712.2;0.22;81.0;2.6;0.0;23.32;10.8;117.0
4342;2024-06-29 22:00:00;0.44;2.1;5.9;8.2;17.0;42.0;12.36;713.0;0.01;77.0;2.4;0.0;24.93;10.4;116.0
4343;2024-06-29 23:00:00;0.41;1.9;4.0;6.1;16.0;38.0;10.31;713.5;0.0;73.0;2.4;0.0;25.56;11.6;112.0
4344;2024-06-30 00:00:00;0.44;1.9;5.4;7.6;13.0;38.0;10.14;713.5;0.0;75.0;2.5;0.0;25.29;7.1;87.0
4345;2024-06-30 01:00:00;0.41;1.9;4.2;6.3;13.0;35.0;10.0;713.3;0.0;77.0;2.3;0.0;24.93;6.4;108.0
4346;2024-06-30 02:00:00;0.4;1.9;3.7;5.8;14.0;36.0;8.71;712.9;0.0;77.0;2.4;0.0;24.66;8.8;79.0
4347;2024-06-30 03:00:00;0.42;1.9;5.1;7.2;12.0;37.0;9.15;712.7;0.0;81.0;2.5;0.0;23.96;9.2;43.0
4348;2024-06-30 04:00:00;0.4;1.8;4.4;6.5;13.0;37.0;9.2;712.6;0.0;83.0;2.4;0.0;23.49;8.8;52.0
4349;2024-06-30 05:00:00;0.4;1.8;3.7;5.8;13.0;39.0;9.32;712.8;0.0;84.0;2.4;0.0;23.18;7.1;29.0
4350;2024-06-30 06:00:00;0.4;2.0;6.1;8.3;11.0;37.0;9.89;713.1;0.0;84.0;2.5;0.001;23.23;5.3;47.0
4351;2024-06-30 07:00:00;0.41;2.4;6.0;8.7;12.0;38.0;11.3;713.6;0.0;82.0;2.5;0.024;23.42;6.5;68.0
4352;2024-06-30 08:00:00;0.44;3.6;6.0;9.8;12.0;39.0;12.99;713.9;0.0;81.0;2.4;0.063;23.65;6.4;62.0
4353;2024-06-30 09:00:00;0.46;4.2;6.7;11.2;13.0;40.0;13.87;714.2;0.0;79.0;2.5;0.149;24.09;7.6;67.0
4354;2024-06-30 10:00:00;0.44;3.9;5.9;10.1;17.0;42.0;12.67;714.2;0.0;75.0;2.3;0.25;24.92;5.8;51.0
4355;2024-06-30 11:00:00;0.45;3.8;6.5;10.6;18.0;29.0;8.71;714.5;0.17;78.0;2.4;0.219;24.34;10.1;67.0
4356;2024-06-30 12:00:00;0.45;5.7;9.7;15.6;14.0;30.0;8.24;714.8;0.22;89.0;2.4;0.14;22.42;4.8;12.0
4357;2024-06-30 13:00:00;0.44;3.4;3.9;7.6;21.0;33.0;6.52;714.5;0.0;90.0;2.4;0.818;23.24;4.1;226.0
4358;2024-06-30 14:00:00;0.38;2.3;4.3;6.8;20.0;27.0;4.68;714.2;0.12;87.0;2.4;0.125;23.5;7.1;85.0
4359;2024-06-30 15:00:00;0.48;2.5;8.3;11.1;16.0;27.0;6.51;714.5;0.44;89.0;2.4;0.029;22.27;9.4;98.0
4360;2024-06-30 16:00:00;0.57;2.9;10.0;13.2;14.0;25.0;6.35;714.2;0.11;91.0;2.4;0.03;21.95;4.7;80.0
4361;2024-06-30 17:00:00;0.45;3.1;5.9;9.3;17.0;34.0;5.37;713.5;0.01;92.0;2.5;0.162;21.91;9.1;83.0
4362;2024-06-30 18:00:00;0.41;2.6;4.6;7.5;18.0;27.0;3.76;713.2;0.0;87.0;2.4;0.148;23.23;7.6;57.0
4363;2024-06-30 19:00:00;0.43;2.4;5.5;8.1;17.0;22.0;4.86;713.3;0.0;78.0;2.5;0.071;23.77;8.6;85.0
4364;2024-06-30 20:00:00;0.41;2.1;6.2;8.5;16.0;26.0;5.08;714.0;0.01;79.0;2.4;0.011;23.51;8.3;80.0
4365;2024-06-30 21:00:00;0.44;2.3;7.0;9.5;14.0;27.0;6.51;714.5;0.05;81.0;2.4;0.0;23.08;10.5;73.0
4366;2024-06-30 22:00:00;0.46;2.0;5.6;7.8;15.0;29.0;8.9;714.8;0.04;87.0;2.4;0.0;21.8;9.8;100.0
4367;2024-06-30 23:00:00;0.39;1.9;5.0;7.1;15.0;28.0;6.32;715.3;0.0;82.0;2.4;0.0;22.35;7.2;69.0
4368;2024-07-01 00:00:00;;;;;;;;;;;;;;;
4369;2024-07-01 01:00:00;0.41;1.8;5.8;7.9;14.0;27.0;6.52;714.6;0.0;87.0;2.3;0.0;21.56;7.5;35.0
4370;2024-07-01 02:00:00;0.42;2.5;6.3;9.0;13.0;26.0;;714.2;0.0;88.0;2.4;0.0;21.44;5.8;32.0
4371;2024-07-01 03:00:00;0.37;3.8;8.0;12.1;10.0;31.0;;713.5;0.0;88.0;2.4;0.0;21.37;6.0;16.0
4372;2024-07-01 04:00:00;0.42;4.5;12.8;17.5;6.0;33.0;;713.3;0.0;87.0;2.4;0.0;21.46;5.2;354.0
4373;2024-07-01 05:00:00;0.38;2.6;11.5;14.4;8.0;38.0;;713.3;0.0;87.0;2.4;0.0;21.37;6.1;5.0
4374;2024-07-01 06:00:00;0.43;2.8;10.1;13.1;9.0;40.0;;713.7;0.0;87.0;2.4;0.0;21.46;6.0;48.0
4375;2024-07-01 07:00:00;0.43;5.3;12.2;17.8;7.0;34.0;;714.0;0.0;86.0;2.4;0.027;21.66;5.7;58.0
4376;2024-07-01 08:00:00;0.59;15.7;13.4;29.4;8.0;34.0;;714.3;0.0;83.0;2.4;0.217;22.38;6.4;52.0
4377;2024-07-01 09:00:00;0.57;23.9;16.0;40.2;10.0;48.0;;714.2;0.0;75.0;2.5;0.346;23.99;7.1;42.0
4378;2024-07-01 10:00:00;0.64;11.6;15.0;26.9;15.0;54.0;;714.3;0.0;73.0;2.4;0.327;24.4;9.6;49.0
4379;2024-07-01 11:00:00;0.59;7.3;13.6;21.1;22.0;46.0;;714.3;0.0;73.0;2.3;0.386;24.51;12.6;53.0
4380;2024-07-01 12:00:00;0.55;6.2;10.2;16.6;25.0;52.0;;713.9;0.0;70.0;2.4;0.886;25.9;13.5;54.0
4381;2024-07-01 13:00:00;0.45;5.0;6.5;11.7;21.0;50.0;;713.5;0.0;67.0;2.4;0.631;26.61;15.6;63.0
4382;2024-07-01 14:00:00;0.44;4.5;5.7;10.5;20.0;55.0;;713.1;0.0;63.0;2.3;0.627;27.38;15.3;71.0
4383;2024-07-01 15:00:00;0.48;4.5;7.0;11.8;24.0;52.0;;712.8;0.0;65.0;2.4;0.546;27.02;18.1;60.0
4384;2024-07-01 16:00:00;0.5;6.2;8.6;15.1;23.0;53.0;;712.6;0.0;64.0;2.6;0.784;27.0;15.7;56.0
4385;2024-07-01 17:00:00;0.51;5.7;9.4;15.3;24.0;52.0;;712.1;0.0;62.0;2.5;0.598;27.7;16.1;68.0
4386;2024-07-01 18:00:00;0.5;5.8;11.0;17.1;17.0;54.0;;711.9;0.0;68.0;2.5;0.179;26.68;14.7;58.0
4387;2024-07-01 19:00:00;0.51;3.9;9.8;14.0;15.0;57.0;;712.1;0.0;67.0;2.4;0.084;26.19;12.3;99.0
4388;2024-07-01 20:00:00;0.47;3.0;8.5;11.7;15.0;52.0;;712.5;0.0;69.0;2.4;0.008;25.73;10.3;118.0
4389;2024-07-01 21:00:00;0.49;2.3;7.4;9.9;15.0;46.0;;712.5;0.0;74.0;2.5;0.0;24.19;9.3;102.0
4390;2024-07-01 22:00:00;0.43;2.3;8.3;10.8;;39.0;;712.6;0.0;74.0;2.5;0.0;24.08;7.8;72.0
4391;2024-07-01 23:00:00;0.44;1.9;4.6;6.8;17.0;36.0;;712.7;0.0;75.0;2.4;0.0;23.83;9.1;116.0
4392;2024-07-02 00:00:00;0.41;1.9;6.1;8.3;14.0;36.0;;712.8;0.0;76.0;2.4;0.0;23.84;5.6;43.0
4393;2024-07-02 01:00:00;0.42;2.0;6.9;9.2;14.0;41.0;6.37;712.5;0.0;75.0;2.3;0.0;23.73;8.0;66.0
4394;2024-07-02 02:00:00;0.48;4.1;11.9;16.3;9.0;36.0;6.6;712.3;0.0;78.0;2.3;0.0;23.26;6.8;34.0
4395;2024-07-02 03:00:00;0.52;8.7;17.9;26.9;4.0;57.0;7.23;711.9;0.0;82.0;2.5;0.0;22.52;4.1;359.0
4396;2024-07-02 04:00:00;0.55;8.1;15.4;23.8;4.0;50.0;12.31;711.6;0.0;84.0;2.5;0.0;21.92;1.7;250.0
4397;2024-07-02 05:00:00;0.55;10.2;14.3;24.7;4.0;51.0;12.02;711.3;0.0;86.0;2.5;0.0;21.59;1.7;206.0
4398;2024-07-02 06:00:00;0.56;11.8;11.8;23.8;;50.0;10.74;711.3;0.0;86.0;2.4;0.001;21.43;1.7;29.0
4399;2024-07-02 07:00:00;0.61;14.6;14.6;29.6;5.0;54.0;11.67;711.5;0.0;83.0;2.5;0.029;22.09;2.0;28.0
4400;2024-07-02 08:00:00;0.67;15.6;16.9;32.8;8.0;64.0;13.79;711.9;0.0;79.0;2.6;0.164;23.01;4.8;339.0
4401;2024-07-02 09:00:00;0.85;17.9;16.4;34.6;10.0;66.0;27.05;712.3;0.0;75.0;2.5;0.294;23.78;5.5;349.0
4402;2024-07-02 10:00:00;0.82;16.3;17.5;34.0;16.0;80.0;21.61;712.1;0.0;68.0;2.5;0.537;25.1;6.6;15.0
4403;2024-07-02 11:00:00;0.85;11.6;21.4;33.2;24.0;80.0;19.26;711.9;0.0;65.0;2.5;0.648;26.1;7.0;348.0
4404;2024-07-02 12:00:00;0.67;5.9;17.6;23.8;49.0;82.0;26.32;711.7;0.0;58.0;2.4;1.106;27.78;9.1;56.0
4405;2024-07-02 13:00:00;0.52;2.8;9.4;12.4;57.0;74.0;19.25;711.5;0.0;56.0;2.4;1.041;28.62;10.8;53.0
4406;2024-07-02 14:00:00;0.42;2.9;4.8;8.0;32.0;58.0;17.41;711.1;0.0;47.0;2.4;1.216;30.45;12.6;122.0
4407;2024-07-02 15:00:00;0.42;3.0;4.1;7.4;28.0;45.0;20.03;710.7;0.0;45.0;2.4;1.149;31.3;12.7;107.0
4408;2024-07-02 16:00:00;0.41;3.0;4.6;7.8;28.0;45.0;19.32;710.3;0.0;44.0;2.4;0.952;31.58;13.5;107.0
4409;2024-07-02 17:00:00;0.41;3.2;4.5;8.0;26.0;44.0;17.19;709.9;0.0;44.0;2.4;0.728;31.6;15.2;101.0
4410;2024-07-02 18:00:00;0.4;3.2;4.7;8.2;26.0;44.0;19.64;709.6;0.0;44.0;2.3;0.394;31.25;17.4;103.0
4411;2024-07-02 19:00:00;0.4;2.9;5.9;9.1;24.0;43.0;17.84;709.6;0.0;44.0;2.3;0.095;30.77;15.9;103.0
4412;2024-07-02 20:00:00;0.43;2.2;7.1;9.6;21.0;42.0;20.81;710.0;0.0;51.0;2.4;0.012;29.45;13.4;117.0
4413;2024-07-02 21:00:00;0.42;2.2;7.5;9.9;18.0;49.0;12.79;710.2;0.0;56.0;2.5;0.0;28.48;11.2;119.0
4414;2024-07-02 22:00:00;0.43;2.6;7.5;10.4;15.0;57.0;;710.4;0.0;63.0;2.3;0.0;27.54;12.4;69.0
4415;2024-07-02 23:00:00;0.41;2.2;5.6;8.0;12.0;68.0;11.55;710.8;0.0;72.0;2.4;0.0;26.37;11.2;82.0
4416;2024-07-03 00:00:00;0.4;2.2;5.2;7.7;11.0;71.0;23.67;710.9;0.0;76.0;2.3;0.0;25.64;10.3;70.0
4417;2024-07-03 01:00:00;0.38;1.9;4.4;6.5;12.0;73.0;23.85;710.8;0.0;75.0;2.3;0.0;25.66;9.8;68.0
4418;2024-07-03 02:00:00;0.38;1.8;4.5;6.5;10.0;71.0;24.29;710.5;0.0;79.0;2.4;0.0;24.84;9.2;37.0
4419;2024-07-03 03:00:00;0.36;1.8;3.9;5.9;12.0;63.0;22.47;710.4;0.0;79.0;2.4;0.0;24.34;7.5;44.0
4420;2024-07-03 04:00:00;0.35;1.8;3.6;5.6;13.0;51.0;20.59;710.3;0.0;80.0;2.4;0.0;23.81;5.8;41.0
4421;2024-07-03 05:00:00;0.38;1.8;3.2;5.2;12.0;50.0;19.75;710.4;0.0;81.0;2.4;0.0;23.49;6.0;33.0
4422;2024-07-03 06:00:00;0.36;8.3;11.0;19.6;5.0;57.0;21.44;710.6;0.0;80.0;2.3;0.001;23.48;5.3;38.0
4423;2024-07-03 07:00:00;0.45;11.6;12.3;24.2;5.0;69.0;24.98;710.9;0.0;80.0;2.4;0.036;23.65;2.8;50.0
4424;2024-07-03 08:00:00;0.56;17.7;12.7;30.7;6.0;70.0;25.91;711.2;0.0;76.0;2.4;0.176;24.55;3.9;43.0
4425;2024-07-03 09:00:00;0.7;18.9;13.7;32.9;10.0;73.0;31.94;711.4;0.0;72.0;2.4;0.522;25.66;6.8;43.0
4426;2024-07-03 10:00:00;0.72;19.6;17.9;37.8;14.0;85.0;39.45;711.5;0.0;68.0;2.6;0.589;26.53;8.8;46.0
4427;2024-07-03 11:00:00;0.69;12.9;17.9;31.0;21.0;97.0;43.71;711.7;0.0;65.0;2.4;0.684;26.96;11.0;59.0
4428;2024-07-03 12:00:00;0.6;8.3;17.1;25.7;36.0;87.0;42.12;711.6;0.0;60.0;2.4;1.003;28.41;10.1;47.0
4429;2024-07-03 13:00:00;0.56;4.5;14.8;19.5;58.0;92.0;38.35;711.3;0.0;57.0;2.4;1.029;29.11;10.4;34.0
4430;2024-07-03 14:00:00;0.54;2.8;11.0;14.0;71.0;88.0;37.17;710.8;0.0;53.0;2.4;0.918;30.08;12.2;54.0
4431;2024-07-03 15:00:00;0.45;2.7;6.4;9.3;41.0;66.0;26.78;710.4;0.0;50.0;2.4;0.837;30.92;13.4;80.0
4432;2024-07-03 16:00:00;0.41;2.8;5.2;8.2;33.0;48.0;17.0;710.0;0.0;45.0;2.3;0.878;31.66;13.3;102.0
4433;2024-07-03 17:00:00;0.45;3.3;6.8;10.4;29.0;43.0;13.87;709.7;0.0;42.0;2.4;0.731;32.38;13.0;99.0
4434;2024-07-03 18:00:00;0.43;3.1;7.8;11.2;29.0;38.0;11.53;709.4;0.0;41.0;2.5;0.389;32.26;13.2;101.0
4435;2024-07-03 19:00:00;0.41;2.5;9.1;11.9;31.0;39.0;10.72;709.5;0.0;41.0;2.4;0.099;31.66;15.2;109.0
4436;2024-07-03 20:00:00;0.42;2.0;6.3;8.5;30.0;34.0;10.94;709.6;0.0;47.0;2.5;0.012;30.15;14.1;126.0
4437;2024-07-03 21:00:00;0.45;2.2;9.3;11.8;24.0;42.0;13.24;709.8;0.0;52.0;2.4;0.0;29.13;11.8;119.0
4438;2024-07-03 22:00:00;0.42;2.1;6.9;9.2;21.0;43.0;17.99;710.1;0.0;64.0;2.4;0.0;27.66;13.7;73.0
4439;2024-07-03 23:00:00;0.41;2.0;6.5;8.7;19.0;46.0;21.06;710.6;0.0;66.0;2.4;0.0;27.02;10.5;82.0
4440;2024-07-04 00:00:00;0.4;1.8;6.0;8.0;19.0;39.0;20.75;710.7;0.0;68.0;2.4;0.0;26.4;7.9;78.0
4441;2024-07-04 01:00:00;0.44;2.0;7.0;9.2;14.0;49.0;23.69;710.6;0.0;74.0;2.3;0.0;25.68;7.6;37.0
4442;2024-07-04 02:00:00;0.39;2.1;7.1;9.4;13.0;47.0;24.55;710.5;0.0;77.0;2.4;0.0;25.28;7.4;40.0
4443;2024-07-04 03:00:00;0.37;1.8;4.0;5.9;16.0;41.0;21.87;710.3;0.0;78.0;2.3;0.0;24.79;7.0;42.0
4444;2024-07-04 04:00:00;0.41;2.1;5.9;8.3;13.0;48.0;20.97;710.4;0.0;80.0;2.3;0.0;24.31;6.3;51.0
4445;2024-07-04 05:00:00;0.38;2.4;7.8;10.4;11.0;49.0;22.21;710.4;0.0;81.0;2.4;0.0;24.11;6.1;60.0
4446;2024-07-04 06:00:00;0.41;3.7;12.0;15.9;6.0;54.0;25.36;710.6;0.0;81.0;2.4;0.0;23.98;6.8;69.0
4447;2024-07-04 07:00:00;0.46;6.6;13.0;19.8;5.0;60.0;27.73;710.8;0.0;81.0;2.3;0.016;24.07;5.4;62.0
4448;2024-07-04 08:00:00;0.59;13.0;13.4;26.7;6.0;61.0;27.72;711.0;0.0;81.0;2.5;0.081;24.08;7.1;71.0
4449;2024-07-04 09:00:00;0.7;23.0;15.1;38.4;6.0;72.0;29.0;711.1;0.0;77.0;2.5;0.185;24.67;5.9;53.0
4450;2024-07-04 10:00:00;0.74;22.1;19.1;41.5;11.0;76.0;36.0;711.1;0.0;71.0;2.5;0.458;26.16;7.0;36.0
4451;2024-07-04 11:00:00;0.76;15.3;23.0;38.5;19.0;98.0;40.0;711.0;0.0;66.0;2.5;0.547;27.2;6.5;45.0
4452;2024-07-04 12:00:00;0.76;10.0;25.7;35.9;40.0;103.0;40.0;710.8;0.0;61.0;2.5;0.97;28.57;7.7;32.0
4453;2024-07-04 13:00:00;0.62;3.4;15.8;19.4;78.0;110.0;;710.7;0.0;58.0;2.4;1.143;29.31;11.5;55.0
4454;2024-07-04 14:00:00;0.57;2.6;12.2;15.0;83.0;89.0;;710.3;0.0;55.0;2.5;1.13;30.3;12.3;49.0
4455;2024-07-04 15:00:00;0.55;2.4;9.3;11.9;75.0;72.0;;709.7;0.0;54.0;2.4;1.077;31.13;12.3;52.0
4456;2024-07-04 16:00:00;0.53;2.6;9.6;12.4;70.0;63.0;;709.1;0.0;52.0;2.3;0.935;31.78;12.3;54.0
4457;2024-07-04 17:00:00;0.52;2.7;8.8;11.8;52.0;57.0;34.78;708.6;0.0;51.0;2.3;0.444;31.88;12.7;60.0
4458;2024-07-04 18:00:00;0.45;2.4;6.5;9.1;45.0;53.0;25.35;708.4;0.0;50.0;2.3;0.348;31.79;13.5;109.0
4459;2024-07-04 19:00:00;0.44;2.2;6.9;9.3;39.0;44.0;20.56;708.4;0.0;50.0;2.4;0.097;31.29;13.3;112.0
4460;2024-07-04 20:00:00;0.45;2.2;7.1;9.5;28.0;43.0;19.58;708.6;0.0;55.0;2.4;0.012;30.09;12.4;114.0
4461;2024-07-04 21:00:00;0.46;1.9;8.3;10.4;23.0;40.0;15.52;708.8;0.0;57.0;2.3;0.0;29.46;8.7;122.0
4462;2024-07-04 22:00:00;0.42;1.8;5.9;8.0;24.0;37.0;15.09;709.1;0.0;58.0;2.4;0.0;28.9;10.1;120.0
4463;2024-07-04 23:00:00;0.42;1.8;5.8;7.8;23.0;37.0;16.14;709.7;0.0;60.0;2.5;0.0;28.24;10.1;111.0
4464;2024-07-05 00:00:00;0.47;2.1;10.4;12.7;16.0;43.0;16.14;710.0;0.0;64.0;2.5;0.0;27.13;9.2;38.0
4465;2024-07-05 01:00:00;0.43;1.8;8.1;10.1;17.0;58.0;18.24;709.9;0.0;68.0;2.5;0.0;26.37;7.9;36.0
4466;2024-07-05 02:00:00;0.42;2.8;10.6;13.6;12.0;58.0;22.0;709.8;0.0;73.0;2.3;0.0;25.64;7.2;30.0
4467;2024-07-05 03:00:00;0.4;1.8;5.0;7.0;16.0;66.0;23.47;709.7;0.0;77.0;2.3;0.0;24.96;8.3;45.0
4468;2024-07-05 04:00:00;0.39;2.9;8.2;11.3;10.0;62.0;28.99;709.5;0.0;80.0;2.4;0.0;24.43;7.9;49.0
4469;2024-07-05 05:00:00;0.38;2.5;6.3;9.0;11.0;66.0;33.38;709.6;0.0;81.0;2.4;0.0;24.15;7.1;62.0
4470;2024-07-05 06:00:00;0.38;2.5;9.0;11.7;9.0;62.0;38.02;709.9;0.0;81.0;2.3;0.0;24.16;4.0;48.0
4471;2024-07-05 07:00:00;0.45;9.3;14.0;23.6;5.0;67.0;40.65;710.1;0.0;81.0;2.5;0.007;24.17;5.7;57.0
4472;2024-07-05 08:00:00;0.53;9.8;14.2;24.3;6.0;68.0;43.01;710.6;0.0;81.0;2.5;0.034;24.26;6.2;62.0
4473;2024-07-05 09:00:00;0.65;19.8;16.1;36.2;6.0;84.0;45.51;710.7;0.0;79.0;2.5;0.122;24.78;5.1;48.0
4474;2024-07-05 10:00:00;0.7;19.4;17.8;37.5;10.0;91.0;44.2;710.8;0.0;72.0;2.5;0.412;26.3;7.8;51.0
4475;2024-07-05 11:00:00;0.67;13.4;20.1;33.7;18.0;93.0;45.55;710.9;0.0;69.0;2.4;0.432;27.1;8.7;45.0
4476;2024-07-05 12:00:00;0.63;8.2;20.0;28.5;32.0;89.0;48.02;710.9;0.0;64.0;2.4;0.614;28.19;8.9;39.0
4477;2024-07-05 13:00:00;0.61;4.4;18.0;22.6;57.0;91.0;48.89;710.8;0.0;59.0;2.4;0.568;29.4;9.7;53.0
4478;2024-07-05 14:00:00;0.58;2.6;11.6;14.4;73.0;90.0;48.04;710.4;0.0;57.0;2.4;0.654;29.81;11.5;72.0
4479;2024-07-05 15:00:00;0.53;2.5;9.2;11.9;72.0;80.0;47.09;710.0;0.0;56.0;2.3;0.896;30.44;12.4;62.0
4480;2024-07-05 16:00:00;0.52;2.4;8.1;10.8;70.0;72.0;42.1;709.6;0.0;54.0;2.3;0.927;31.1;11.9;56.0
4481;2024-07-05 17:00:00;0.52;2.4;9.3;11.9;67.0;59.0;39.48;709.3;0.0;53.0;2.4;0.479;30.99;13.0;68.0
4482;2024-07-05 18:00:00;0.53;2.3;11.1;13.7;62.0;66.0;37.98;709.4;0.0;54.0;2.4;0.276;30.73;12.0;69.0
4483;2024-07-05 19:00:00;0.53;2.0;10.0;12.2;56.0;67.0;39.73;709.5;0.0;56.0;2.4;0.076;30.04;10.6;96.0
4484;2024-07-05 20:00:00;0.5;1.8;8.9;10.9;50.0;72.0;41.83;709.6;0.0;57.0;2.3;0.004;29.32;10.7;111.0
4485;2024-07-05 21:00:00;0.5;1.8;9.7;11.8;36.0;65.0;42.9;709.9;0.0;59.0;2.3;0.0;28.83;9.3;108.0
4486;2024-07-05 22:00:00;0.52;1.8;10.2;12.1;33.0;68.0;47.51;710.3;0.0;59.0;2.5;0.0;28.48;6.8;133.0
4487;2024-07-05 23:00:00;0.49;1.9;8.7;10.8;25.0;53.0;36.79;710.6;0.0;63.0;2.4;0.0;27.83;8.1;67.0
4488;2024-07-06 00:00:00;0.45;1.9;6.9;9.1;18.0;61.0;34.1;711.0;0.0;70.0;2.4;0.0;26.69;10.1;72.0
4489;2024-07-06 01:00:00;0.44;1.8;6.3;8.3;15.0;73.0;31.46;710.9;0.0;75.0;2.4;0.0;25.93;8.1;57.0
4490;2024-07-06 02:00:00;0.45;2.1;7.3;9.6;12.0;73.0;30.31;710.7;0.0;79.0;2.5;0.0;25.18;8.2;50.0
4491;2024-07-06 03:00:00;0.45;4.0;12.1;16.3;7.0;74.0;29.0;710.7;0.0;80.0;2.4;0.0;24.92;7.2;44.0
4492;2024-07-06 04:00:00;0.51;4.7;13.3;18.2;7.0;85.0;28.87;710.6;0.0;79.0;2.5;0.0;24.71;8.0;46.0
4493;2024-07-06 05:00:00;0.43;12.2;14.1;26.5;5.0;92.0;30.88;710.9;0.0;80.0;2.5;0.0;24.33;4.9;52.0
4494;2024-07-06 06:00:00;0.45;9.0;15.1;24.3;4.0;88.0;35.83;711.0;0.0;81.0;2.6;0.001;24.15;4.1;42.0
4495;2024-07-06 07:00:00;0.41;11.9;13.8;25.9;5.0;45.0;32.71;711.3;0.0;80.0;2.5;0.042;24.21;3.0;64.0
4496;2024-07-06 08:00:00;0.27;11.8;12.8;24.9;9.0;;39.99;711.5;0.0;74.0;2.5;0.248;25.65;2.2;33.0
4497;2024-07-06 09:00:00;0.35;11.6;14.2;26.1;16.0;270.0;;711.8;0.0;68.0;2.5;0.491;27.01;4.5;23.0
4498;2024-07-06 10:00:00;0.51;11.2;19.5;30.9;25.0;79.0;;711.7;0.0;62.0;2.4;0.701;28.17;5.8;1.0
4499;2024-07-06 11:00:00;0.51;8.5;22.7;31.4;41.0;96.0;;711.8;0.0;58.0;2.4;0.807;29.27;8.0;38.0
4500;2024-07-06 12:00:00;0.31;4.2;12.7;17.1;48.0;111.0;;711.8;0.0;48.0;2.5;1.068;30.59;11.8;58.0
4501;2024-07-06 13:00:00;0.25;3.0;10.2;13.4;54.0;83.0;;711.7;0.0;41.0;2.4;1.157;31.37;16.1;56.0
4502;2024-07-06 14:00:00;0.23;2.8;12.2;15.2;59.0;81.0;;711.3;0.0;36.0;2.4;1.152;32.03;17.0;71.0
4503;2024-07-06 15:00:00;0.19;2.8;16.0;19.0;43.0;94.0;;710.7;0.0;31.0;2.5;1.072;32.41;15.7;96.0
4504;2024-07-06 16:00:00;0.17;2.9;5.2;8.3;33.0;72.0;;709.9;0.0;28.0;2.6;0.942;32.89;13.9;94.0
4505;2024-07-06 17:00:00;0.18;3.2;5.3;8.8;31.0;60.0;;709.4;0.0;27.0;2.8;0.722;32.82;15.3;79.0
4506;2024-07-06 18:00:00;0.19;3.2;5.8;9.2;30.0;60.0;;709.4;0.0;31.0;2.9;0.377;32.12;15.8;71.0
4507;2024-07-06 19:00:00;0.15;2.7;6.2;9.2;26.0;67.0;;709.6;0.0;34.0;2.8;0.1;31.32;13.8;78.0
4508;2024-07-06 20:00:00;0.14;2.3;6.7;9.2;24.0;66.0;;710.1;0.0;38.0;2.9;0.013;30.04;12.4;87.0
4509;2024-07-06 21:00:00;0.16;2.0;7.7;9.9;21.0;66.0;;710.3;0.0;40.0;2.8;0.001;29.3;11.2;115.0
4510;2024-07-06 22:00:00;0.17;2.0;8.1;10.3;20.0;64.0;;710.4;0.0;41.0;2.8;0.001;28.67;10.0;116.0
4511;2024-07-06 23:00:00;0.18;1.8;8.2;10.3;19.0;65.0;;710.8;0.0;41.0;2.7;0.001;28.27;7.7;111.0
4512;2024-07-07 00:00:00;0.19;1.9;9.2;11.3;17.0;68.0;;711.0;0.0;41.0;2.7;0.001;28.09;5.8;106.0
4513;2024-07-07 01:00:00;0.2;1.9;9.7;11.8;14.0;66.0;;710.6;0.0;44.0;2.6;0.001;27.17;3.4;175.0
4514;2024-07-07 02:00:00;0.21;1.9;10.3;12.4;12.0;62.0;;709.9;0.0;49.0;2.7;0.001;26.19;3.5;243.0
4515;2024-07-07 03:00:00;0.3;5.9;14.3;20.4;8.0;64.0;;709.5;0.0;52.0;2.6;0.001;25.61;2.8;287.0
4516;2024-07-07 04:00:00;0.86;27.9;21.2;49.4;5.0;81.0;;709.7;0.0;55.0;2.9;0.001;25.38;5.0;7.0
4517;2024-07-07 05:00:00;0.9;20.1;18.8;39.1;5.0;102.0;;709.6;0.0;58.0;3.2;0.001;24.48;2.9;215.0
4518;2024-07-07 06:00:00;0.54;13.8;17.8;31.9;5.0;95.0;;709.4;0.0;59.0;3.3;0.001;24.17;3.0;252.0
4519;2024-07-07 07:00:00;0.44;12.0;16.0;28.3;6.0;94.0;;709.7;0.0;56.0;3.1;0.052;24.66;3.9;221.0
4520;2024-07-07 08:00:00;0.32;8.6;14.1;22.9;11.0;80.0;;710.0;0.0;52.0;3.4;0.151;26.0;2.9;218.0
4521;2024-07-07 09:00:00;0.29;7.7;13.3;21.2;16.0;78.0;;709.9;0.0;47.0;3.5;0.275;27.05;3.6;255.0
4522;2024-07-07 10:00:00;0.34;8.4;14.8;23.3;28.0;71.0;;709.9;0.0;42.0;3.6;0.743;29.05;4.4;3.0
4523;2024-07-07 11:00:00;0.41;5.2;13.3;18.7;37.0;82.0;;709.8;0.0;37.0;4.0;0.623;30.56;4.7;346.0
4524;2024-07-07 12:00:00;0.47;3.3;9.1;12.6;49.0;83.0;;709.7;0.0;35.0;4.4;0.73;31.24;5.8;339.0
4525;2024-07-07 13:00:00;0.4;2.5;7.7;10.5;58.0;65.0;;709.5;0.0;34.0;4.4;0.62;31.91;6.6;360.0
4526;2024-07-07 14:00:00;0.31;2.2;4.5;6.9;55.0;62.0;;709.0;0.0;31.0;3.7;1.022;32.65;7.2;355.0
4527;2024-07-07 15:00:00;0.27;2.3;4.0;6.5;51.0;47.0;;708.3;0.0;29.0;3.7;1.091;33.61;8.4;2.0
4528;2024-07-07 16:00:00;0.25;2.5;5.7;8.4;49.0;41.0;;707.9;0.0;32.0;3.2;0.613;33.37;9.5;29.0
4529;2024-07-07 17:00:00;0.27;2.6;7.7;10.6;44.0;44.0;;707.5;0.0;33.0;3.1;0.283;32.62;9.3;46.0
4530;2024-07-07 18:00:00;0.29;2.8;9.0;12.0;41.0;44.0;;707.4;0.0;37.0;3.1;0.203;31.96;8.2;53.0
4531;2024-07-07 19:00:00;0.27;2.3;7.7;10.2;42.0;53.0;;707.4;0.0;37.0;2.9;0.118;32.28;7.6;60.0
4532;2024-07-07 20:00:00;0.26;1.9;7.9;9.9;39.0;46.0;;707.5;0.0;37.0;2.9;0.013;31.34;5.7;84.0
4533;2024-07-07 21:00:00;0.37;1.8;11.1;13.1;41.0;42.0;;707.7;0.0;44.0;2.7;0.001;29.93;6.0;121.0
4534;2024-07-07 22:00:00;0.37;1.8;10.0;12.0;45.0;43.0;;708.0;0.0;46.0;2.6;0.001;29.41;6.3;121.0
4535;2024-07-07 23:00:00;0.36;1.8;9.4;11.4;44.0;51.0;;708.2;0.0;47.0;2.6;0.001;28.91;4.2;170.0
4536;2024-07-08 00:00:00;0.46;2.0;15.9;18.0;30.0;47.0;;708.2;0.0;49.0;2.6;0.001;28.29;2.8;185.0
4537;2024-07-08 01:00:00;0.47;1.8;17.5;19.5;23.0;44.0;;708.2;0.0;50.0;2.6;0.001;27.89;2.0;184.0
4538;2024-07-08 02:00:00;0.46;1.9;14.1;16.2;26.0;49.0;;708.1;0.0;52.0;2.5;0.001;27.55;2.0;203.0
4539;2024-07-08 03:00:00;0.38;1.8;12.9;15.0;21.0;50.0;;708.0;0.0;54.0;2.5;0.001;26.85;2.5;237.0
4540;2024-07-08 04:00:00;0.55;3.8;20.4;24.3;10.0;43.0;;707.9;0.0;61.0;2.5;0.001;26.5;3.0;347.0
4541;2024-07-08 05:00:00;0.69;4.8;24.3;29.3;5.0;74.0;;708.0;0.0;66.0;2.5;0.001;25.79;2.2;250.0
4542;2024-07-08 06:00:00;0.51;2.3;18.2;20.6;10.0;79.0;;708.2;0.0;62.0;2.6;0.001;25.51;2.1;253.0
4543;2024-07-08 07:00:00;0.59;7.7;20.1;28.0;9.0;57.0;;708.8;0.0;63.0;2.6;0.052;26.06;2.3;253.0
4544;2024-07-08 08:00:00;0.52;8.6;20.5;29.4;19.0;68.0;;709.1;0.0;51.0;3.2;0.237;28.04;4.0;169.0
4545;2024-07-08 09:00:00;0.6;8.9;23.3;32.4;31.0;66.0;;709.1;0.0;47.0;3.5;0.492;29.74;3.9;58.0
4546;2024-07-08 10:00:00;0.68;8.6;26.8;35.6;42.0;74.0;17.0;709.2;0.0;43.0;3.6;0.728;31.16;5.3;348.0
4547;2024-07-08 11:00:00;0.9;9.4;35.5;45.2;54.0;85.0;33.35;709.0;0.0;40.0;3.5;0.904;32.37;7.4;85.0
4548;2024-07-08 12:00:00;0.66;3.1;19.0;22.3;100.0;98.0;29.47;709.0;0.0;39.0;3.5;1.066;32.96;10.8;69.0
4549;2024-07-08 13:00:00;0.51;2.6;14.7;17.5;103.0;92.0;30.0;709.0;0.0;38.0;3.0;1.133;33.48;12.6;41.0
4550;2024-07-08 14:00:00;0.37;2.8;10.6;13.6;72.0;72.0;23.0;708.9;0.0;37.0;3.0;0.971;33.76;15.2;50.0
4551;2024-07-08 15:00:00;0.35;2.4;7.0;9.6;61.0;65.0;21.05;708.6;0.0;37.0;3.2;0.823;33.68;14.7;69.0
4552;2024-07-08 16:00:00;0.38;2.6;7.3;10.1;52.0;53.0;21.36;708.5;0.0;38.0;2.9;0.576;33.61;14.7;73.0
4553;2024-07-08 17:00:00;0.37;2.7;7.1;10.0;47.0;60.0;18.3;708.4;0.0;39.0;2.6;0.719;33.66;14.9;87.0
4554;2024-07-08 18:00:00;0.39;2.8;7.4;10.4;42.0;53.0;17.59;708.5;0.0;42.0;2.7;0.454;33.02;12.9;131.0
4555;2024-07-08 19:00:00;0.39;2.4;8.2;10.8;40.0;45.0;16.04;708.6;0.0;44.0;2.4;0.095;31.84;11.9;128.0
4556;2024-07-08 20:00:00;0.44;2.3;13.0;15.5;33.0;43.0;15.65;709.4;0.0;49.0;2.5;0.011;30.46;12.4;59.0
4557;2024-07-08 21:00:00;0.54;2.0;14.3;16.5;29.0;53.0;15.69;709.6;0.0;55.0;2.5;0.001;28.84;7.3;330.0
4558;2024-07-08 22:00:00;0.37;1.9;8.6;10.7;31.0;52.0;16.67;709.7;0.0;57.0;2.4;0.001;28.34;14.4;121.0
4559;2024-07-08 23:00:00;0.33;1.9;4.9;7.1;34.0;49.0;16.99;710.0;0.0;60.0;2.4;0.001;27.3;11.2;100.0
4560;2024-07-09 00:00:00;0.42;3.7;18.0;22.0;17.0;37.0;13.67;710.7;0.0;64.0;2.5;0.001;27.04;7.0;25.0
4561;2024-07-09 01:00:00;0.45;3.5;25.5;29.2;7.0;53.0;20.62;710.6;0.0;67.0;2.4;0.001;26.39;4.2;38.0
4562;2024-07-09 02:00:00;0.57;3.1;23.9;27.3;8.0;60.0;19.96;710.5;0.0;68.0;2.5;0.001;26.23;5.8;17.0
4563;2024-07-09 03:00:00;0.94;7.5;27.1;34.7;5.0;59.0;21.98;710.4;0.0;71.0;2.5;0.001;25.66;5.3;15.0
4564;2024-07-09 04:00:00;0.78;6.9;27.3;34.4;5.0;63.0;24.35;710.4;0.0;72.0;2.6;0.001;25.44;4.0;52.0
4565;2024-07-09 05:00:00;0.82;6.8;26.9;34.0;4.0;72.0;25.74;710.5;0.0;73.0;2.6;0.001;25.19;3.3;12.0
4566;2024-07-09 06:00:00;0.89;8.2;26.9;35.3;4.0;75.0;27.5;710.7;0.0;73.0;2.5;0.002;25.22;3.2;49.0
4567;2024-07-09 07:00:00;0.79;14.0;25.8;40.0;6.0;77.0;26.55;711.0;0.0;72.0;2.6;0.061;25.54;2.3;8.0
4568;2024-07-09 08:00:00;0.89;15.4;24.8;40.3;11.0;73.0;26.91;711.3;0.0;66.0;2.6;0.224;27.12;3.0;349.0
4569;2024-07-09 09:00:00;1.0;14.0;25.0;39.2;20.0;70.0;26.5;711.5;0.0;62.0;2.5;0.476;28.08;5.1;5.0
4570;2024-07-09 10:00:00;1.01;8.5;22.9;31.6;36.0;65.0;25.69;711.7;0.0;55.0;2.6;0.687;29.71;4.9;49.0
4571;2024-07-09 11:00:00;1.01;15.4;36.1;51.8;34.0;66.0;32.02;711.5;0.0;51.0;2.6;0.86;30.68;8.1;34.0
4572;2024-07-09 12:00:00;0.6;7.3;24.0;31.4;63.0;94.0;30.67;711.4;0.0;49.0;2.7;1.049;31.28;11.3;46.0
4573;2024-07-09 13:00:00;0.47;3.3;12.1;15.6;68.0;81.0;20.76;711.1;0.0;43.0;2.7;1.128;32.02;12.6;66.0
4574;2024-07-09 14:00:00;0.42;2.6;9.1;11.9;69.0;59.0;21.12;710.6;0.0;38.0;3.9;1.11;32.89;14.4;62.0
4575;2024-07-09 15:00:00;0.37;2.8;7.9;10.9;56.0;56.0;19.67;710.1;0.0;38.0;6.3;1.042;33.1;15.0;66.0
4576;2024-07-09 16:00:00;0.36;2.7;6.6;9.6;50.0;57.0;14.31;709.8;0.0;39.0;4.6;0.92;33.19;14.5;70.0
4577;2024-07-09 17:00:00;0.37;2.9;6.5;9.7;46.0;47.0;13.1;709.6;0.0;40.0;3.5;0.702;33.14;14.5;87.0
4578;2024-07-09 18:00:00;0.39;2.7;7.9;10.8;41.0;40.0;12.83;709.7;0.0;43.0;3.0;0.196;32.37;12.8;98.0
4579;2024-07-09 19:00:00;0.39;2.7;8.4;11.3;38.0;35.0;13.53;710.0;0.0;45.0;2.8;0.065;31.35;14.1;91.0
4580;2024-07-09 20:00:00;0.38;2.2;8.2;10.6;35.0;37.0;14.16;710.4;0.0;48.0;2.7;0.02;30.59;14.5;79.0
4581;2024-07-09 21:00:00;0.4;1.9;8.9;11.0;32.0;41.0;13.11;710.9;0.0;50.0;2.7;0.001;30.1;10.2;114.0
4582;2024-07-09 22:00:00;0.35;1.9;6.7;8.8;30.0;34.0;14.76;711.5;0.0;49.0;2.6;0.001;29.8;10.9;101.0
4583;2024-07-09 23:00:00;0.34;2.0;7.0;9.2;25.0;37.0;17.32;711.7;0.0;50.0;2.6;0.001;29.31;10.4;91.0
4584;2024-07-10 00:00:00;0.39;1.9;9.4;11.6;20.0;43.0;17.51;711.7;0.0;57.0;2.6;0.001;28.11;8.8;62.0
4585;2024-07-10 01:00:00;0.38;1.9;8.7;10.8;21.0;37.0;16.96;711.9;0.0;61.0;2.5;0.001;27.13;8.6;61.0
4586;2024-07-10 02:00:00;0.35;1.8;6.9;9.0;25.0;40.0;14.56;711.7;0.0;63.0;2.5;0.001;26.25;8.5;43.0
4587;2024-07-10 03:00:00;0.33;1.8;5.0;7.1;25.0;37.0;14.78;711.2;0.0;66.0;2.5;0.001;25.88;6.4;30.0
4588;2024-07-10 04:00:00;0.34;3.9;11.7;15.9;15.0;36.0;16.28;711.1;0.0;71.0;2.5;0.001;25.26;7.9;38.0
4589;2024-07-10 05:00:00;0.37;4.3;17.4;22.0;7.0;49.0;17.98;711.0;0.0;77.0;2.5;0.001;24.38;6.0;16.0
4590;2024-07-10 06:00:00;0.46;2.1;13.0;15.3;9.0;63.0;21.3;711.4;0.0;78.0;2.5;0.001;24.42;6.0;11.0
4591;2024-07-10 07:00:00;0.87;5.5;15.7;21.4;7.0;56.0;24.78;711.7;0.0;77.0;2.5;0.034;24.68;5.2;7.0
4592;2024-07-10 08:00:00;0.63;8.0;12.8;21.0;11.0;64.0;26.26;712.3;0.0;75.0;2.5;0.082;25.09;5.1;359.0
4593;2024-07-10 09:00:00;0.63;12.0;15.8;28.0;9.0;61.0;26.54;712.8;0.0;73.0;;0.192;25.64;6.9;25.0
4594;2024-07-10 10:00:00;0.55;9.5;12.5;22.3;18.0;57.0;22.12;712.9;0.0;66.0;2.4;0.622;27.26;10.9;68.0
4595;2024-07-10 11:00:00;0.43;4.6;8.7;13.6;30.0;52.0;29.44;712.8;0.0;62.0;2.4;0.741;27.76;14.0;62.0
4596;2024-07-10 12:00:00;0.44;3.8;7.6;11.7;31.0;60.0;27.41;712.5;0.0;59.0;2.5;0.823;28.51;12.8;63.0
4597;2024-07-10 13:00:00;0.4;2.9;6.1;9.3;31.0;52.0;16.7;712.2;0.0;53.0;2.6;0.576;29.16;13.7;63.0
4598;2024-07-10 14:00:00;0.42;3.4;5.8;9.5;31.0;40.0;14.01;711.7;0.0;51.0;2.5;0.724;29.75;14.2;67.0
4599;2024-07-10 15:00:00;0.38;2.8;5.8;8.9;29.0;40.0;15.72;711.5;0.23;59.0;2.5;0.266;28.14;12.8;84.0
4600;2024-07-10 16:00:00;0.5;4.5;9.5;14.3;23.0;39.0;15.22;711.5;0.0;71.0;2.5;0.315;26.01;10.0;317.0
4601;2024-07-10 17:00:00;0.46;4.4;10.2;14.9;19.0;41.0;12.38;711.9;0.0;70.0;2.5;0.124;25.21;15.5;58.0
4602;2024-07-10 18:00:00;0.68;12.7;20.3;33.2;9.0;52.0;14.2;711.7;0.0;73.0;2.6;0.096;24.56;8.1;357.0
4603;2024-07-10 19:00:00;1.0;15.8;24.9;40.9;8.0;48.0;14.99;711.5;0.0;74.0;2.6;0.091;24.56;8.5;11.0
4604;2024-07-10 20:00:00;0.85;25.2;28.7;54.1;5.0;52.0;17.49;712.2;0.0;78.0;2.7;0.011;23.89;8.8;27.0
4605;2024-07-10 21:00:00;0.71;27.7;27.5;55.3;4.0;56.0;15.9;712.5;0.0;79.0;2.7;0.001;23.77;7.3;35.0
4606;2024-07-10 22:00:00;0.75;30.3;25.5;56.0;4.0;59.0;19.77;712.5;0.0;80.0;2.8;0.001;23.62;8.3;38.0
4607;2024-07-10 23:00:00;0.61;10.8;22.0;33.0;4.0;58.0;18.39;712.7;0.0;81.0;2.6;0.001;23.34;8.4;43.0
4608;2024-07-11 00:00:00;0.57;9.1;21.6;31.0;;52.0;17.06;712.9;0.0;80.0;2.5;0.001;23.36;8.4;36.0
4609;2024-07-11 01:00:00;0.44;2.2;11.5;14.0;9.0;54.0;12.64;713.0;0.0;79.0;2.5;0.001;23.52;7.3;45.0
4610;2024-07-11 02:00:00;0.4;2.0;9.2;11.4;12.0;42.0;11.3;712.5;0.0;78.0;2.5;0.001;23.54;6.8;43.0
4611;2024-07-11 03:00:00;0.4;1.9;6.4;8.6;14.0;33.0;9.66;712.0;0.0;76.0;2.5;0.001;23.56;6.1;80.0
4612;2024-07-11 04:00:00;0.32;1.9;3.5;5.6;18.0;34.0;8.16;711.9;0.0;74.0;2.5;0.001;23.53;6.8;87.0
4613;2024-07-11 05:00:00;0.35;1.9;3.4;5.5;18.0;24.0;8.89;711.9;0.0;73.0;2.6;0.001;23.52;5.9;78.0
4614;2024-07-11 06:00:00;0.33;2.0;5.7;7.9;15.0;31.0;9.38;712.0;0.0;76.0;2.6;0.001;23.29;5.9;62.0
4615;2024-07-11 07:00:00;0.41;3.5;8.3;12.0;12.0;33.0;10.31;712.3;0.0;78.0;2.5;0.029;23.21;5.1;79.0
4616;2024-07-11 08:00:00;0.47;9.2;11.1;20.5;11.0;37.0;12.29;712.7;0.0;77.0;2.5;0.229;23.91;6.3;45.0
4617;2024-07-11 09:00:00;0.52;14.3;13.4;28.0;11.0;40.0;16.13;713.0;0.0;74.0;2.6;0.297;24.59;9.1;50.0
4618;2024-07-11 10:00:00;0.5;8.9;10.7;19.9;19.0;55.0;15.51;713.0;0.0;70.0;2.5;0.711;25.63;11.3;53.0
4619;2024-07-11 11:00:00;0.45;4.8;8.2;13.3;28.0;47.0;11.49;712.9;0.0;61.0;2.5;0.758;26.99;13.8;48.0
4620;2024-07-11 12:00:00;0.42;4.3;8.0;12.6;33.0;40.0;13.3;712.7;0.0;56.0;2.5;0.853;27.93;14.5;48.0
4621;2024-07-11 13:00:00;0.44;3.6;8.1;11.9;31.0;45.0;12.21;712.4;0.0;54.0;2.4;0.382;28.06;14.3;58.0
4622;2024-07-11 14:00:00;0.42;3.0;7.1;10.3;28.0;44.0;12.11;712.1;0.0;52.0;2.5;0.157;28.16;13.2;76.0
4623;2024-07-11 15:00:00;0.46;3.1;9.0;12.3;26.0;48.0;13.88;711.9;0.0;57.0;2.3;0.093;27.69;11.6;74.0
4624;2024-07-11 16:00:00;0.4;3.3;6.4;10.0;24.0;49.0;12.48;711.6;0.0;57.0;2.5;0.328;27.89;9.1;136.0
4625;2024-07-11 17:00:00;0.43;3.9;6.4;10.5;23.0;37.0;14.74;711.5;0.0;55.0;2.4;0.547;28.59;9.6;124.0
4626;2024-07-11 18:00:00;0.41;3.6;6.3;10.1;24.0;42.0;13.66;711.2;0.0;52.0;2.5;0.318;28.75;8.9;118.0
4627;2024-07-11 19:00:00;0.42;3.1;6.2;9.5;24.0;43.0;10.83;711.5;0.0;62.0;2.6;0.157;26.79;15.1;116.0
4628;2024-07-11 20:00:00;0.46;2.7;8.1;11.0;20.0;38.0;8.12;712.4;0.0;76.0;2.6;0.02;23.95;12.7;93.0
4629;2024-07-11 21:00:00;0.41;2.1;7.9;10.2;21.0;32.0;5.99;713.2;0.65;84.0;2.5;0.001;22.14;11.0;100.0
4630;2024-07-11 22:00:00;0.42;2.0;6.8;9.0;24.0;26.0;5.4;713.7;0.23;90.0;2.5;0.001;21.01;9.0;72.0
4631;2024-07-11 23:00:00;0.42;1.9;8.3;10.4;21.0;31.0;4.87;713.6;0.08;91.0;2.5;0.001;20.96;5.7;114.0
4632;2024-07-12 00:00:00;0.4;1.8;6.0;8.1;23.0;23.0;3.82;713.0;0.05;92.0;2.5;0.001;20.94;8.6;96.0
4633;2024-07-12 01:00:00;0.34;1.9;4.1;6.2;23.0;23.0;3.02;712.5;0.05;92.0;2.5;0.001;20.85;5.4;115.0
4634;2024-07-12 02:00:00;0.37;1.8;3.9;6.0;23.0;21.0;3.84;712.2;0.02;92.0;2.5;0.001;20.92;5.2;84.0
4635;2024-07-12 03:00:00;0.4;1.8;6.3;8.4;19.0;19.0;5.04;711.8;0.0;92.0;2.4;0.001;21.12;3.8;12.0
4636;2024-07-12 04:00:00;0.44;1.9;10.5;12.7;14.0;21.0;8.47;711.7;0.0;92.0;2.5;0.001;21.37;4.6;6.0
4637;2024-07-12 05:00:00;0.45;3.3;15.0;18.5;8.0;27.0;12.76;711.9;0.0;91.0;2.5;0.001;21.63;4.1;24.0
4638;2024-07-12 06:00:00;0.4;2.0;7.4;9.7;13.0;45.0;10.27;712.5;0.0;91.0;2.4;0.001;21.77;5.7;54.0
4639;2024-07-12 07:00:00;0.42;3.9;10.4;14.6;9.0;36.0;12.77;712.9;0.0;90.0;2.5;0.019;22.01;5.8;48.0
4640;2024-07-12 08:00:00;0.51;7.9;11.6;19.8;8.0;41.0;22.1;713.2;0.0;87.0;2.5;0.077;22.39;7.7;58.0
4641;2024-07-12 09:00:00;0.6;11.3;11.6;23.2;9.0;54.0;28.22;713.6;0.0;83.0;2.5;0.229;23.08;7.5;57.0
4642;2024-07-12 10:00:00;0.56;14.7;13.4;28.3;12.0;60.0;30.12;713.7;0.0;76.0;2.6;0.358;24.36;6.4;37.0
4643;2024-07-12 11:00:00;0.57;8.9;15.3;24.5;12.0;64.0;32.34;713.9;0.0;75.0;2.6;0.122;24.38;7.4;21.0
4644;2024-07-12 12:00:00;0.58;6.0;12.9;19.1;20.0;70.0;29.42;714.0;0.0;73.0;2.4;0.271;24.9;7.9;67.0
4645;2024-07-12 13:00:00;0.55;4.6;10.8;15.7;27.0;64.0;26.64;713.8;0.0;69.0;2.5;0.382;25.64;8.9;64.0
4646;2024-07-12 14:00:00;0.57;5.2;11.4;16.9;28.0;60.0;28.44;713.5;0.0;69.0;2.5;0.455;25.85;10.2;57.0
4647;2024-07-12 15:00:00;0.49;4.0;8.2;12.6;30.0;62.0;24.73;713.1;0.0;68.0;2.5;0.463;26.15;12.4;60.0
4648;2024-07-12 16:00:00;0.51;4.6;8.4;13.3;21.0;54.0;18.15;712.8;0.0;67.0;2.5;0.314;26.12;12.5;61.0
4649;2024-07-12 17:00:00;0.53;5.1;9.5;14.8;21.0;52.0;15.67;712.6;0.0;69.0;2.5;0.257;25.73;11.9;62.0
4650;2024-07-12 18:00:00;0.44;3.2;6.7;10.1;26.0;43.0;12.5;712.7;0.0;64.0;2.5;0.221;26.13;12.5;124.0
4651;2024-07-12 19:00:00;0.47;2.7;8.6;11.6;26.0;39.0;11.05;713.0;0.0;63.0;2.5;0.076;25.98;11.7;124.0
4652;2024-07-12 20:00:00;0.47;2.1;9.1;11.4;28.0;38.0;10.77;713.2;0.0;64.0;2.5;0.012;25.77;9.8;117.0
4653;2024-07-12 21:00:00;0.56;2.3;11.9;14.4;20.0;46.0;13.42;713.4;0.0;67.0;;0.001;25.45;8.8;102.0
4654;2024-07-12 22:00:00;0.4;2.1;5.2;7.5;25.0;44.0;12.21;713.8;0.0;70.0;2.4;0.001;24.6;11.2;137.0
4655;2024-07-12 23:00:00;0.49;2.2;9.6;12.0;18.0;37.0;13.46;714.3;0.0;76.0;2.5;0.001;23.89;8.7;67.0
4656;2024-07-13 00:00:00;0.52;2.0;9.9;12.2;17.0;37.0;11.46;714.5;0.0;77.0;2.4;0.001;23.46;7.8;62.0
4657;2024-07-13 01:00:00;0.43;1.9;7.4;9.5;21.0;35.0;9.37;714.3;0.0;78.0;2.4;0.001;23.01;8.3;44.0
4658;2024-07-13 02:00:00;0.44;1.9;6.2;8.3;21.0;37.0;9.38;714.1;0.0;82.0;2.5;0.001;22.48;6.6;37.0
4659;2024-07-13 03:00:00;0.43;1.9;6.4;8.4;18.0;32.0;10.31;713.7;0.0;82.0;2.5;0.001;22.43;5.2;11.0
4660;2024-07-13 04:00:00;0.42;2.6;10.6;13.4;12.0;37.0;14.55;713.5;0.0;82.0;2.4;0.001;22.48;6.9;28.0
4661;2024-07-13 05:00:00;0.39;2.2;7.5;10.0;13.0;44.0;13.93;713.7;0.0;80.0;2.4;0.001;22.66;3.7;2.0
4662;2024-07-13 06:00:00;0.45;2.3;11.0;13.5;9.0;39.0;14.59;714.0;0.0;81.0;2.4;0.001;22.57;3.3;19.0
4663;2024-07-13 07:00:00;0.45;8.3;13.7;22.2;6.0;43.0;16.33;714.6;0.0;82.0;2.5;0.036;22.65;3.2;21.0
4664;2024-07-13 08:00:00;0.54;17.1;14.9;32.3;9.0;46.0;23.15;715.1;0.0;76.0;2.5;0.26;24.09;3.7;10.0
4665;2024-07-13 09:00:00;0.59;10.1;11.8;22.2;16.0;52.0;21.05;715.2;0.0;71.0;2.4;0.509;24.89;6.4;23.0
4666;2024-07-13 10:00:00;0.62;10.3;13.0;23.6;20.0;55.0;24.87;715.1;0.0;67.0;2.4;0.763;25.81;7.9;14.0
4667;2024-07-13 11:00:00;0.6;6.7;12.3;19.2;30.0;66.0;28.49;715.1;0.0;62.0;2.4;0.874;26.76;8.7;15.0
4668;2024-07-13 12:00:00;0.59;6.1;13.9;20.3;38.0;74.0;30.1;715.2;0.0;59.0;2.3;0.799;27.45;9.2;15.0
4669;2024-07-13 13:00:00;0.45;3.3;8.3;11.9;37.0;74.0;26.67;715.0;0.0;56.0;2.4;0.495;27.93;9.5;56.0
4670;2024-07-13 14:00:00;0.48;2.7;7.7;10.7;39.0;69.0;24.85;714.6;0.0;54.0;2.5;0.407;28.61;9.2;96.0
4671;2024-07-13 15:00:00;0.44;2.6;5.4;8.3;31.0;63.0;22.25;714.3;0.0;55.0;2.4;0.452;28.59;9.0;134.0
4672;2024-07-13 16:00:00;0.42;2.6;6.1;9.0;26.0;64.0;29.12;714.0;0.0;55.0;2.4;0.191;28.54;9.0;136.0
4673;2024-07-13 17:00:00;0.44;2.7;5.9;8.8;26.0;75.0;30.96;713.8;0.0;56.0;2.4;0.29;28.79;8.9;130.0
4674;2024-07-13 18:00:00;0.42;2.9;6.3;9.4;25.0;76.0;31.2;713.9;0.0;58.0;2.4;0.243;28.4;11.0;105.0
4675;2024-07-13 19:00:00;0.44;2.3;6.1;8.6;23.0;73.0;28.16;714.1;0.0;63.0;2.4;0.076;26.8;11.5;127.0
4676;2024-07-13 20:00:00;0.47;2.0;7.4;9.6;19.0;67.0;27.84;714.3;0.0;67.0;2.5;0.012;25.87;8.9;127.0
4677;2024-07-13 21:00:00;0.47;1.9;7.5;9.6;18.0;67.0;32.11;714.5;0.0;65.0;2.5;0.001;26.19;6.9;116.0
4678;2024-07-13 22:00:00;0.52;2.1;9.0;11.4;15.0;70.0;35.18;714.9;0.0;64.0;2.5;0.001;26.42;9.4;98.0
4679;2024-07-13 23:00:00;0.42;1.9;5.5;7.7;17.0;81.0;33.96;715.4;0.0;68.0;2.4;0.001;25.7;10.5;119.0
4680;2024-07-14 00:00:00;0.43;1.9;3.6;5.7;17.0;81.0;33.17;715.5;0.0;71.0;2.4;0.001;25.25;13.5;122.0
4681;2024-07-14 01:00:00;0.42;1.9;5.9;8.0;13.0;87.0;33.1;715.2;0.0;74.0;2.4;0.001;24.78;7.4;89.0
4682;2024-07-14 02:00:00;0.47;3.3;7.1;10.7;10.0;87.0;33.53;714.6;0.0;77.0;2.5;0.001;24.21;6.9;30.0
4683;2024-07-14 03:00:00;0.42;3.9;8.5;12.6;8.0;94.0;34.48;714.3;0.0;79.0;2.4;0.001;23.65;5.8;40.0
4684;2024-07-14 04:00:00;0.43;13.0;11.6;24.9;4.0;92.0;35.27;714.2;0.0;83.0;2.6;0.001;23.05;2.3;29.0
4685;2024-07-14 05:00:00;0.48;2.6;7.7;10.6;7.0;93.0;32.56;714.2;0.0;83.0;2.5;0.001;22.97;3.3;45.0
4686;2024-07-14 06:00:00;0.46;2.3;8.9;11.4;6.0;88.0;32.7;714.4;0.0;84.0;2.5;0.001;22.89;4.2;56.0
4687;2024-07-14 07:00:00;0.46;6.7;9.2;16.1;7.0;86.0;34.69;714.8;0.0;84.0;2.5;0.03;22.85;4.3;57.0
4688;2024-07-14 08:00:00;0.49;9.5;10.0;19.8;6.0;90.0;38.31;715.0;0.0;82.0;2.4;0.151;23.27;4.8;65.0
4689;2024-07-14 09:00:00;0.54;8.5;10.0;18.7;11.0;91.0;43.15;715.0;0.0;74.0;2.5;0.266;24.84;4.5;347.0
4690;2024-07-14 10:00:00;0.49;5.8;7.8;13.9;19.0;89.0;40.02;715.1;0.0;67.0;2.5;0.717;26.05;5.8;350.0
4691;2024-07-14 11:00:00;0.54;4.0;8.3;12.6;35.0;89.0;42.34;715.1;0.0;61.0;2.4;0.856;27.62;6.9;24.0
4692;2024-07-14 12:00:00;0.59;4.5;11.6;16.3;45.0;91.0;47.91;714.9;0.0;59.0;2.5;0.964;28.37;8.6;61.0
4693;2024-07-14 13:00:00;0.55;4.1;14.4;18.8;61.0;100.0;50.64;714.7;0.0;54.0;2.5;1.068;29.33;8.9;46.0
4694;2024-07-14 14:00:00;0.52;2.2;8.0;10.5;74.0;103.0;44.53;714.5;0.0;52.0;2.5;1.008;29.94;11.3;58.0
4695;2024-07-14 15:00:00;0.47;2.3;6.0;8.6;56.0;89.0;38.7;714.0;0.0;47.0;2.6;1.083;30.68;13.6;64.0
4696;2024-07-14 16:00:00;0.44;2.6;5.2;8.0;45.0;79.0;34.36;713.5;0.0;45.0;2.5;0.731;31.03;13.3;84.0
4697;2024-07-14 17:00:00;0.4;2.0;3.8;6.0;36.0;79.0;29.95;713.3;0.0;46.0;2.5;0.23;30.32;12.1;125.0
4698;2024-07-14 18:00:00;0.39;2.0;3.6;5.8;31.0;65.0;18.27;713.2;0.0;47.0;2.5;0.176;29.75;13.9;123.0
4699;2024-07-14 19:00:00;0.42;2.0;5.1;7.3;30.0;44.0;16.5;713.2;0.0;48.0;2.7;0.085;29.41;12.9;121.0
4700;2024-07-14 20:00:00;0.44;1.8;6.5;8.6;26.0;45.0;16.32;713.4;0.0;52.0;2.6;0.011;28.92;9.9;126.0
4701;2024-07-14 21:00:00;0.47;1.9;7.7;9.8;22.0;45.0;16.84;713.4;0.0;54.0;2.5;0.001;28.38;11.3;120.0
4702;2024-07-14 22:00:00;0.46;1.9;7.2;9.3;21.0;40.0;17.26;713.6;0.0;57.0;2.5;0.001;27.88;10.7;103.0
4703;2024-07-14 23:00:00;0.44;1.9;6.0;8.1;19.0;45.0;18.76;713.7;0.0;59.0;2.5;0.001;27.4;8.6;94.0
4704;2024-07-15 00:00:00;0.44;1.9;6.2;8.4;17.0;48.0;18.76;713.8;0.0;64.0;2.5;0.001;26.43;6.2;64.0
4705;2024-07-15 01:00:00;0.41;1.8;5.1;7.1;18.0;50.0;19.01;713.4;0.0;66.0;2.5;0.001;25.82;8.0;53.0
4706;2024-07-15 02:00:00;0.45;2.1;8.9;11.2;12.0;52.0;18.1;712.9;0.0;72.0;2.5;0.001;24.87;4.0;17.0
4707;2024-07-15 03:00:00;0.45;3.7;14.4;18.4;7.0;51.0;19.38;712.6;0.0;74.0;2.4;0.001;24.51;5.8;15.0
4708;2024-07-15 04:00:00;0.44;6.5;14.9;21.7;5.0;60.0;22.79;712.5;0.0;78.0;2.5;0.001;23.79;3.1;21.0
4709;2024-07-15 05:00:00;0.46;2.7;12.9;15.7;7.0;61.0;24.84;712.7;0.0;80.0;2.5;0.001;23.37;2.0;29.0
4710;2024-07-15 06:00:00;0.48;2.7;13.1;16.0;6.0;58.0;24.19;712.9;0.0;80.0;2.5;0.001;23.26;1.8;27.0
4711;2024-07-15 07:00:00;0.65;5.3;13.0;18.5;6.0;59.0;24.22;713.2;0.0;79.0;2.5;0.017;23.62;2.8;15.0
4712;2024-07-15 08:00:00;0.54;7.9;10.9;19.0;9.0;56.0;27.45;713.7;0.0;75.0;2.5;0.207;24.38;6.0;342.0
4713;2024-07-15 09:00:00;0.6;8.5;9.5;18.3;16.0;57.0;30.29;713.7;0.0;68.0;2.4;0.519;25.88;5.7;14.0
4714;2024-07-15 10:00:00;0.67;10.3;13.3;23.9;20.0;58.0;28.78;713.5;0.0;64.0;2.6;0.711;27.1;6.2;11.0
4715;2024-07-15 11:00:00;0.87;10.0;18.6;28.9;30.0;67.0;30.4;713.4;0.0;61.0;2.5;0.919;28.07;6.8;23.0
4716;2024-07-15 12:00:00;0.72;10.5;21.0;31.7;33.0;82.0;38.0;713.3;0.0;59.0;2.5;1.039;28.54;10.4;49.0
4717;2024-07-15 13:00:00;0.64;6.1;19.0;25.4;53.0;101.0;45.0;713.0;0.0;54.0;2.5;1.088;29.6;9.1;29.0
4718;2024-07-15 14:00:00;0.6;3.2;15.4;18.8;77.0;96.0;41.0;712.5;0.0;50.0;2.5;0.854;30.61;11.5;47.0
4719;2024-07-15 15:00:00;0.57;2.4;11.2;13.9;80.0;81.0;35.0;712.0;0.0;51.0;2.4;0.805;30.71;12.9;65.0
4720;2024-07-15 16:00:00;0.55;2.2;10.1;12.5;60.0;83.0;41.0;711.7;0.0;53.0;2.6;0.149;29.14;9.3;130.0
4721;2024-07-15 17:00:00;0.55;2.2;8.7;11.2;52.0;60.0;33.0;711.5;0.0;57.0;2.5;0.251;28.95;10.6;134.0
4722;2024-07-15 18:00:00;0.53;2.2;9.0;11.4;55.0;55.0;38.0;711.2;0.0;57.0;2.5;0.186;28.78;11.1;133.0
4723;2024-07-15 19:00:00;0.6;2.4;9.6;12.2;50.0;63.0;39.0;711.0;0.0;56.0;2.5;0.098;28.87;10.0;126.0
4724;2024-07-15 20:00:00;0.81;2.6;11.2;14.0;38.0;62.0;33.0;711.2;0.0;57.0;2.5;0.012;28.48;8.5;109.0
4725;2024-07-15 21:00:00;0.77;2.0;11.0;13.3;34.0;67.0;31.0;711.4;0.0;59.0;2.6;0.001;28.1;8.7;108.0
4726;2024-07-15 22:00:00;0.59;1.9;9.1;11.2;32.0;56.0;24.0;711.4;0.0;60.0;2.5;0.001;27.55;7.8;117.0
4727;2024-07-15 23:00:00;0.62;2.3;9.8;12.3;19.0;46.0;22.0;711.5;0.0;64.0;2.5;0.001;26.72;9.5;64.0
4728;2024-07-16 00:00:00;0.57;2.2;9.2;11.7;16.0;56.0;23.0;711.6;0.0;68.0;2.4;0.001;25.75;8.5;56.0
4729;2024-07-16 01:00:00;0.49;2.0;8.8;11.0;15.0;62.0;22.0;711.5;0.0;70.0;2.5;0.001;25.15;6.2;33.0
4730;2024-07-16 02:00:00;0.47;2.4;9.0;11.7;14.0;61.0;24.0;711.4;0.0;74.0;2.5;0.001;24.39;6.0;31.0
4731;2024-07-16 03:00:00;0.46;6.7;16.9;23.9;6.0;56.0;29.0;711.4;0.0;78.0;2.5;0.001;23.66;5.4;13.0
4732;2024-07-16 04:00:00;0.49;3.1;15.5;18.8;6.0;74.0;34.0;711.2;0.0;79.0;2.5;0.001;23.44;3.0;23.0
4733;2024-07-16 05:00:00;0.54;3.8;15.7;19.7;5.0;77.0;41.0;711.3;0.0;79.0;2.6;0.001;23.42;3.5;40.0
4734;2024-07-16 06:00:00;0.52;7.3;16.0;23.5;5.0;86.0;46.0;711.5;0.0;79.0;2.6;0.001;23.3;4.0;16.0
4735;2024-07-16 07:00:00;0.56;7.6;15.1;23.0;5.0;83.0;40.0;711.8;0.0;78.0;2.7;0.017;23.47;4.6;352.0
4736;2024-07-16 08:00:00;0.58;11.8;14.0;26.1;8.0;77.0;39.0;712.1;0.0;75.0;2.6;0.114;23.98;6.0;347.0
4737;2024-07-16 09:00:00;0.58;11.5;12.7;24.6;13.0;83.0;43.0;712.2;0.0;70.0;2.6;0.402;25.27;5.7;350.0
4738;2024-07-16 10:00:00;0.64;11.6;15.3;27.2;20.0;87.0;;712.1;0.0;65.0;2.5;0.697;26.53;6.3;6.0
4739;2024-07-16 11:00:00;0.79;10.3;21.4;31.9;32.0;94.0;;712.0;0.0;60.0;2.6;0.893;28.05;6.8;17.0
4740;2024-07-16 12:00:00;0.8;7.1;22.8;30.2;50.0;112.0;;711.6;0.0;55.0;2.6;1.051;29.56;7.9;23.0
4741;2024-07-16 13:00:00;0.69;5.2;22.0;27.4;68.0;119.0;;711.2;0.0;48.0;2.7;1.129;30.67;8.8;36.0
4742;2024-07-16 14:00:00;0.62;3.4;17.4;21.0;85.0;112.0;;710.8;0.0;46.0;3.0;1.113;31.44;10.9;40.0
4743;2024-07-16 15:00:00;0.55;3.2;14.5;17.9;75.0;108.0;;710.6;0.0;47.0;3.2;0.939;31.32;13.1;62.0
4744;2024-07-16 16:00:00;0.52;2.7;11.5;14.4;64.0;87.0;;710.5;0.0;50.0;2.9;0.447;30.57;13.5;54.0
4745;2024-07-16 17:00:00;0.57;2.8;12.6;15.6;57.0;92.0;;710.2;0.0;52.0;3.0;0.346;30.06;11.6;93.0
4746;2024-07-16 18:00:00;0.53;2.5;10.8;13.5;45.0;83.0;;710.2;0.0;52.0;3.3;0.152;29.49;12.6;75.0
4747;2024-07-16 19:00:00;0.55;1.9;10.3;12.4;57.0;76.0;;710.5;0.0;56.0;3.1;0.035;28.94;10.2;107.0
4748;2024-07-16 20:00:00;0.57;1.8;11.8;13.8;57.0;95.0;;710.8;0.0;59.0;2.6;0.003;28.67;9.0;107.0
4749;2024-07-16 21:00:00;0.52;1.8;9.0;11.0;50.0;88.0;;711.0;0.0;60.0;2.6;0.0;28.32;6.4;114.0
4750;2024-07-16 22:00:00;0.56;1.8;11.8;13.8;42.0;85.0;;711.0;0.0;59.0;2.7;0.001;28.29;8.0;88.0
4751;2024-07-16 23:00:00;0.46;1.8;6.3;8.3;31.0;72.0;;711.5;0.0;60.0;2.7;0.001;27.52;10.6;118.0
4752;2024-07-17 00:00:00;0.44;1.8;5.6;7.7;19.0;58.0;21.0;711.3;0.0;69.0;2.7;0.001;26.18;7.0;119.0
4753;2024-07-17 01:00:00;0.44;1.8;6.0;8.0;16.0;55.0;20.0;710.8;0.0;71.0;2.7;0.001;25.92;8.7;49.0
4754;2024-07-17 02:00:00;0.43;1.8;5.2;7.3;14.0;51.0;20.0;710.6;0.0;74.0;2.5;0.001;25.3;8.5;46.0
4755;2024-07-17 03:00:00;0.42;2.7;6.5;9.3;12.0;48.0;;710.5;0.0;78.0;2.5;0.001;24.65;7.1;32.0
4756;2024-07-17 04:00:00;0.41;6.1;14.1;20.4;6.0;50.0;23.0;710.6;0.0;77.0;2.5;0.001;24.32;6.7;35.0
4757;2024-07-17 05:00:00;0.43;3.0;13.4;16.6;8.0;53.0;23.0;710.8;0.0;78.0;2.6;0.001;24.24;5.3;9.0
4758;2024-07-17 06:00:00;0.57;2.1;10.7;13.1;9.0;62.0;27.0;711.1;0.0;79.0;2.5;0.001;24.4;5.9;28.0
4759;2024-07-17 07:00:00;0.52;6.0;13.4;19.7;6.0;67.0;30.0;711.6;0.04;80.0;2.5;0.01;24.34;7.0;25.0
4760;2024-07-17 08:00:00;0.65;11.6;13.0;24.9;5.0;76.0;29.0;712.2;0.03;85.0;2.5;0.043;23.57;5.6;358.0
4761;2024-07-17 09:00:00;0.7;11.7;12.9;24.9;5.0;67.0;27.0;712.5;0.0;84.0;2.5;0.037;23.83;5.8;4.0
4762;2024-07-17 10:00:00;0.71;13.0;12.3;25.6;7.0;65.0;30.0;712.7;0.0;80.0;2.5;0.131;24.45;6.0;10.0
4763;2024-07-17 11:00:00;0.79;12.4;12.6;25.3;12.0;64.0;35.0;712.7;0.0;74.0;2.5;0.379;25.67;5.4;15.0
4764;2024-07-17 12:00:00;0.71;7.4;14.3;21.9;22.0;73.0;37.0;712.5;0.0;67.0;2.5;0.426;27.22;5.8;20.0
4765;2024-07-17 13:00:00;0.7;6.2;18.2;24.6;24.0;76.0;39.0;712.4;0.0;66.0;2.6;0.286;27.14;8.2;90.0
4766;2024-07-17 14:00:00;0.61;7.5;19.7;27.4;37.0;73.0;40.0;711.9;0.0;61.0;2.6;0.75;28.36;8.6;54.0
4767;2024-07-17 15:00:00;0.58;3.6;16.3;20.1;51.0;85.0;39.0;711.6;0.0;58.0;2.4;0.435;28.98;9.0;57.0
4768;2024-07-17 16:00:00;0.59;2.3;11.1;13.7;55.0;83.0;40.0;711.3;0.01;63.0;2.5;0.248;27.8;9.0;86.0
4769;2024-07-17 17:00:00;0.62;2.2;10.6;13.0;55.0;79.0;42.0;711.1;0.0;64.0;2.6;0.19;27.73;6.9;125.0
4770;2024-07-17 18:00:00;0.62;2.3;10.9;13.4;53.0;77.0;42.92;711.1;0.0;64.0;2.6;0.174;27.67;8.0;127.0
4771;2024-07-17 19:00:00;0.61;2.1;11.0;13.4;55.0;60.0;41.13;711.2;0.0;59.0;2.6;0.133;27.83;7.7;128.0
4772;2024-07-17 20:00:00;0.65;1.8;10.7;12.8;46.0;49.0;33.38;711.4;0.0;61.0;2.6;0.021;27.29;7.4;123.0
4773;2024-07-17 21:00:00;0.58;1.8;11.3;13.3;37.0;57.0;34.19;711.8;0.0;62.0;2.5;0.001;26.95;8.7;100.0
4774;2024-07-17 22:00:00;0.59;1.8;11.8;13.8;32.0;52.0;31.62;712.1;0.0;62.0;2.5;0.001;26.86;7.0;65.0
4775;2024-07-17 23:00:00;0.61;2.0;15.5;17.6;28.0;50.0;31.45;712.6;0.0;60.0;2.5;0.001;26.9;6.9;49.0
4776;2024-07-18 00:00:00;0.52;2.2;10.1;12.6;29.0;57.0;37.4;712.8;0.0;69.0;2.5;0.001;25.91;10.5;67.0
4777;2024-07-18 01:00:00;0.54;2.4;10.3;12.9;18.0;54.0;30.0;712.7;0.0;80.0;2.5;0.001;24.53;10.1;43.0
4778;2024-07-18 02:00:00;0.47;6.6;21.0;27.9;8.0;59.0;30.03;712.6;0.0;83.0;2.6;0.001;23.73;8.8;28.0
4779;2024-07-18 03:00:00;0.64;1.9;13.7;15.8;15.0;42.0;20.65;713.0;0.01;86.0;2.6;0.001;22.79;10.9;2.0
4780;2024-07-18 04:00:00;0.56;2.2;14.5;16.9;13.0;38.0;21.94;712.8;0.02;88.0;2.6;0.001;22.36;9.0;10.0
4781;2024-07-18 05:00:00;0.5;2.8;19.6;22.7;8.0;50.0;23.64;712.4;0.0;88.0;2.6;0.001;22.36;5.2;24.0
4782;2024-07-18 06:00:00;0.51;2.3;16.8;19.2;11.0;52.0;24.32;712.4;0.0;87.0;2.6;0.001;22.29;4.9;354.0
4783;2024-07-18 07:00:00;0.6;3.5;16.0;19.7;9.0;47.0;28.22;712.4;0.0;87.0;2.5;0.025;22.32;1.9;258.0
4784;2024-07-18 08:00:00;0.63;10.0;16.8;27.1;10.0;54.0;30.41;712.6;0.0;84.0;2.5;0.092;23.15;2.8;335.0
4785;2024-07-18 09:00:00;0.95;18.5;21.7;40.5;8.0;52.0;32.95;712.9;0.0;80.0;2.6;0.196;23.85;5.5;349.0
4786;2024-07-18 10:00:00;0.99;25.6;25.6;51.3;10.0;62.0;41.8;713.0;0.0;78.0;2.7;0.286;24.51;6.3;21.0
4787;2024-07-18 11:00:00;0.94;11.5;24.0;35.8;21.0;77.0;39.26;713.3;0.0;72.0;2.7;0.336;25.52;7.8;20.0
4788;2024-07-18 12:00:00;0.67;6.0;16.2;22.4;28.0;75.0;37.64;713.7;0.0;69.0;2.6;0.333;25.9;8.9;23.0
4789;2024-07-18 13:00:00;0.59;5.7;15.2;21.1;33.0;65.0;37.84;713.6;0.0;65.0;2.6;0.454;27.06;7.6;44.0
4790;2024-07-18 14:00:00;0.55;5.1;12.2;17.6;35.0;69.0;36.31;713.2;0.0;65.0;2.6;0.675;27.42;10.3;65.0
4791;2024-07-18 15:00:00;0.56;3.3;10.1;13.7;52.0;65.0;38.24;712.7;0.0;59.0;2.6;0.731;28.48;9.5;64.0
4792;2024-07-18 16:00:00;0.56;2.7;9.4;12.4;58.0;63.0;40.74;712.3;0.0;57.0;2.6;0.589;29.15;8.9;56.0
4793;2024-07-18 17:00:00;0.59;2.6;9.1;11.9;58.0;63.0;36.49;711.9;0.0;55.0;2.5;0.517;29.43;7.9;64.0
4794;2024-07-18 18:00:00;0.56;2.4;9.5;12.1;49.0;58.0;32.47;711.6;0.0;56.0;2.5;0.176;29.27;10.7;68.0
4795;2024-07-18 19:00:00;0.59;3.7;13.6;17.5;25.0;57.0;25.93;712.1;0.0;59.0;2.6;0.043;28.17;12.5;63.0
4796;2024-07-18 20:00:00;0.55;2.1;9.5;11.8;25.0;55.0;14.32;712.6;0.06;71.0;2.5;0.009;25.03;9.0;102.0
4797;2024-07-18 21:00:00;0.74;3.3;18.1;21.6;12.0;40.0;17.53;713.0;0.0;73.0;2.6;0.001;25.28;5.5;45.0
4798;2024-07-18 22:00:00;0.74;5.3;21.5;27.0;6.0;47.0;18.83;713.1;0.0;75.0;2.7;0.001;25.05;4.5;19.0
4799;2024-07-18 23:00:00;0.68;3.1;17.4;20.7;9.0;46.0;18.46;713.2;0.0;74.0;2.7;0.001;25.0;4.2;53.0
4800;2024-07-19 00:00:00;0.79;6.1;19.5;25.8;6.0;47.0;18.46;713.2;0.0;76.0;2.6;0.001;24.75;5.5;52.0
4801;2024-07-19 01:00:00;0.58;3.9;14.0;18.2;10.0;49.0;20.74;713.2;0.0;77.0;2.5;0.001;24.34;7.9;56.0
4802;2024-07-19 02:00:00;0.65;11.5;23.1;34.9;4.0;58.0;20.0;712.9;0.0;79.0;2.7;0.001;23.93;6.1;30.0
4803;2024-07-19 03:00:00;0.66;7.9;23.3;31.5;4.0;66.0;30.26;712.6;0.0;80.0;2.7;0.001;23.55;5.0;358.0
4804;2024-07-19 04:00:00;0.79;12.7;23.4;36.4;4.0;76.0;28.48;712.6;0.0;80.0;2.7;0.001;23.43;3.3;11.0
4805;2024-07-19 05:00:00;0.75;14.1;21.3;35.7;5.0;72.0;31.48;712.7;0.0;81.0;2.7;0.001;23.16;1.8;338.0
4806;2024-07-19 06:00:00;1.16;14.1;22.0;36.3;5.0;59.0;26.77;712.8;0.0;82.0;2.7;0.001;23.09;2.3;6.0
4807;2024-07-19 07:00:00;0.75;15.4;21.0;36.7;5.0;69.0;30.35;713.2;0.0;81.0;2.6;0.038;23.2;4.0;341.0
4808;2024-07-19 08:00:00;0.69;13.9;18.3;32.5;9.0;62.0;26.13;713.6;0.0;77.0;2.6;0.166;24.12;3.3;342.0
4809;2024-07-19 09:00:00;0.74;13.1;17.7;31.1;16.0;50.0;27.23;713.7;0.0;71.0;2.6;0.419;25.62;5.7;14.0
4810;2024-07-19 10:00:00;1.07;11.4;19.5;31.2;23.0;59.0;26.14;713.8;0.0;67.0;2.7;0.581;26.34;7.1;28.0
4811;2024-07-19 11:00:00;0.79;8.4;17.6;26.2;32.0;61.0;27.64;713.8;0.0;63.0;2.6;0.758;27.39;7.6;35.0
4812;2024-07-19 12:00:00;0.7;5.8;17.0;23.1;43.0;72.0;36.67;713.6;0.0;58.0;2.6;0.819;28.55;7.7;11.0
4813;2024-07-19 13:00:00;0.57;4.7;13.8;18.7;51.0;83.0;42.46;713.2;0.0;50.0;2.6;1.058;29.96;8.8;57.0
4814;2024-07-19 14:00:00;0.58;3.5;12.4;16.2;59.0;75.0;35.78;712.7;0.0;47.0;2.6;1.092;30.86;10.1;75.0
4815;2024-07-19 15:00:00;0.57;3.0;11.0;14.2;61.0;74.0;36.06;712.2;0.0;43.0;2.5;1.056;31.53;13.5;54.0
4816;2024-07-19 16:00:00;0.54;2.8;9.6;12.6;52.0;86.0;50.0;711.7;0.0;40.0;2.6;0.938;31.94;14.5;65.0
4817;2024-07-19 17:00:00;0.53;3.2;9.7;13.1;36.0;80.0;48.09;711.4;0.0;41.0;2.6;0.494;31.5;14.3;78.0
4818;2024-07-19 18:00:00;0.51;2.8;9.7;12.8;31.0;69.0;31.39;711.4;0.0;44.0;2.5;0.212;30.6;12.9;88.0
4819;2024-07-19 19:00:00;0.53;2.7;10.4;13.3;29.0;65.0;27.86;711.4;0.0;46.0;2.6;0.106;30.16;11.2;91.0
4820;2024-07-19 20:00:00;0.54;2.2;12.3;14.7;26.0;65.0;28.78;711.5;0.0;49.0;2.5;0.019;29.55;9.3;108.0
4821;2024-07-19 21:00:00;0.57;2.1;13.6;15.9;21.0;63.0;31.45;711.6;0.0;53.0;2.6;0.001;28.87;8.3;122.0
4822;2024-07-19 22:00:00;0.56;2.1;14.3;16.6;21.0;71.0;33.81;711.9;0.0;55.0;2.6;0.001;28.32;9.9;109.0
4823;2024-07-19 23:00:00;0.55;2.1;12.9;15.2;19.0;76.0;35.78;712.3;0.0;55.0;2.6;0.001;28.05;9.0;105.0
4824;2024-07-20 00:00:00;0.5;1.9;9.5;11.7;22.0;78.0;35.05;712.3;0.0;55.0;2.6;0.001;27.68;8.8;84.0
4825;2024-07-20 01:00:00;0.53;1.9;9.2;11.4;16.0;75.0;35.16;712.2;0.0;61.0;2.6;0.001;26.82;6.5;76.0
4826;2024-07-20 02:00:00;0.54;1.8;6.7;8.8;18.0;76.0;33.85;712.0;0.0;60.0;2.6;0.001;26.51;5.3;104.0
4827;2024-07-20 03:00:00;0.53;3.9;11.8;15.9;13.0;75.0;36.35;711.8;0.0;63.0;2.6;0.001;26.15;7.1;42.0
4828;2024-07-20 04:00:00;0.5;6.5;13.3;20.0;5.0;87.0;33.39;712.0;0.0;76.0;2.6;0.001;24.47;5.3;54.0
4829;2024-07-20 05:00:00;0.6;5.7;15.5;21.5;4.0;80.0;33.62;712.0;0.0;79.0;;0.001;24.11;4.2;43.0
4830;2024-07-20 06:00:00;0.53;7.3;13.5;21.0;4.0;83.0;35.63;712.1;0.0;80.0;;0.001;24.08;4.6;43.0
4831;2024-07-20 07:00:00;0.59;7.6;12.4;20.2;5.0;80.0;37.15;712.4;0.0;80.0;;0.024;23.93;6.2;6.0
4832;2024-07-20 08:00:00;0.79;12.7;11.5;24.5;7.0;75.0;36.66;713.0;0.0;79.0;2.7;0.166;24.26;5.5;7.0
4833;2024-07-20 09:00:00;1.59;12.7;12.6;25.6;11.0;91.0;53.35;713.4;0.0;71.0;3.8;0.422;25.93;5.2;341.0
4834;2024-07-20 10:00:00;0.85;9.5;13.3;23.1;20.0;117.0;49.61;713.4;0.0;63.0;2.9;0.706;27.6;5.2;347.0
4835;2024-07-20 11:00:00;0.73;7.8;17.9;25.9;34.0;118.0;46.27;713.2;0.0;56.0;2.6;0.909;29.18;6.5;7.0
4836;2024-07-20 12:00:00;0.82;8.2;25.3;33.6;46.0;103.0;50.9;712.9;0.0;49.0;2.6;1.01;30.42;9.1;46.0
4837;2024-07-20 13:00:00;0.64;2.8;13.1;16.1;71.0;107.0;40.06;712.7;0.0;42.0;2.5;1.11;31.5;12.1;53.0
4838;2024-07-20 14:00:00;0.54;2.9;8.0;11.2;49.0;92.0;31.44;712.2;0.0;39.0;2.6;1.146;32.02;14.7;75.0
4839;2024-07-20 15:00:00;0.52;2.7;6.3;9.3;44.0;78.0;30.46;711.9;0.0;39.0;2.6;0.941;32.32;13.7;67.0
4840;2024-07-20 16:00:00;0.49;2.8;5.5;8.5;35.0;67.0;25.97;711.5;0.0;39.0;2.6;0.681;32.07;15.2;74.0
4841;2024-07-20 17:00:00;0.5;2.8;6.8;9.8;37.0;64.0;25.82;711.2;0.0;41.0;2.6;0.399;31.9;14.1;80.0
4842;2024-07-20 18:00:00;0.5;2.8;7.5;10.5;31.0;66.0;25.23;711.4;0.0;49.0;2.6;0.152;30.3;16.0;73.0
4843;2024-07-20 19:00:00;0.48;2.4;6.8;9.4;26.0;63.0;22.42;711.4;0.0;50.0;2.6;0.078;29.56;10.5;109.0
4844;2024-07-20 20:00:00;0.49;2.0;6.6;8.9;24.0;53.0;21.53;711.3;0.0;51.0;2.7;0.014;29.04;9.4;122.0
4845;2024-07-20 21:00:00;0.5;2.0;7.9;10.1;22.0;46.0;20.83;711.5;0.0;50.0;2.7;0.001;28.79;8.8;113.0
4846;2024-07-20 22:00:00;0.47;1.9;5.9;8.1;23.0;46.0;19.61;711.8;0.0;55.0;2.6;0.001;27.88;11.0;128.0
4847;2024-07-20 23:00:00;0.47;1.9;6.2;8.3;23.0;45.0;16.95;712.3;0.0;56.0;2.7;0.001;27.47;8.5;114.0
4848;2024-07-21 00:00:00;0.45;1.9;4.8;6.9;23.0;41.0;16.95;712.5;0.0;60.0;2.6;0.001;26.81;8.7;115.0
4849;2024-07-21 01:00:00;0.48;2.0;5.0;7.1;21.0;38.0;15.39;712.4;0.0;63.0;2.7;0.001;26.21;8.6;87.0
4850;2024-07-21 02:00:00;0.52;1.9;9.3;11.5;14.0;43.0;14.48;712.2;0.0;68.0;2.6;0.001;25.36;6.3;38.0
4851;2024-07-21 03:00:00;0.53;9.6;18.1;28.1;5.0;43.0;15.75;711.8;0.0;71.0;2.7;0.001;24.7;5.4;15.0
4852;2024-07-21 04:00:00;0.6;3.5;14.7;18.4;6.0;63.0;24.08;711.7;0.0;74.0;2.8;0.001;24.18;5.7;59.0
4853;2024-07-21 05:00:00;0.58;3.7;14.5;18.4;5.0;62.0;21.48;711.6;0.0;77.0;2.6;0.001;23.92;5.4;39.0
4854;2024-07-21 06:00:00;0.61;3.4;14.5;18.1;5.0;49.0;21.66;711.6;0.0;78.0;2.6;0.001;23.8;3.1;8.0
4855;2024-07-21 07:00:00;0.64;5.6;13.6;19.4;5.0;52.0;26.47;712.0;0.0;78.0;2.8;0.024;23.97;4.5;14.0
4856;2024-07-21 08:00:00;0.62;6.0;9.3;15.5;10.0;55.0;25.39;712.1;0.0;73.0;2.6;0.195;24.71;5.1;2.0
4857;2024-07-21 09:00:00;0.63;6.5;9.9;16.7;15.0;50.0;29.59;712.0;0.0;68.0;2.6;0.342;25.73;5.7;6.0
4858;2024-07-21 10:00:00;0.58;5.5;9.1;14.9;25.0;54.0;33.03;712.0;0.0;62.0;2.6;0.728;27.19;5.1;19.0
4859;2024-07-21 11:00:00;0.59;3.6;9.4;13.3;43.0;55.0;34.01;711.8;0.0;56.0;2.5;0.912;28.42;5.8;350.0
4860;2024-07-21 12:00:00;0.73;5.9;15.7;21.8;48.0;56.0;31.76;711.9;0.0;53.0;2.7;1.062;29.59;9.0;53.0
4861;2024-07-21 13:00:00;0.55;3.0;9.1;12.3;58.0;64.0;37.09;711.7;0.0;53.0;2.7;1.039;29.97;13.1;51.0
4862;2024-07-21 14:00:00;0.51;2.2;6.5;9.0;54.0;62.0;30.51;711.3;0.0;52.0;3.2;0.704;30.07;14.3;61.0
4863;2024-07-21 15:00:00;0.46;2.0;5.4;7.7;49.0;69.0;43.36;710.9;0.0;51.0;3.1;0.387;29.77;8.9;130.0
4864;2024-07-21 16:00:00;0.44;2.1;3.8;6.1;41.0;59.0;44.81;710.3;0.0;45.0;3.0;1.0;31.41;9.9;138.0
4865;2024-07-21 17:00:00;0.45;2.1;3.6;6.0;37.0;47.0;29.63;710.1;0.0;45.0;3.0;0.315;31.3;10.1;112.0
4866;2024-07-21 18:00:00;0.46;2.1;4.5;6.8;31.0;40.0;19.43;710.2;0.0;48.0;2.7;0.164;30.76;11.2;109.0
4867;2024-07-21 19:00:00;0.46;2.0;4.0;6.2;30.0;39.0;17.5;710.2;0.0;47.0;2.7;0.098;30.53;10.4;121.0
4868;2024-07-21 20:00:00;0.45;1.9;5.4;7.5;27.0;37.0;16.5;710.7;0.0;48.0;2.7;0.013;29.87;10.2;120.0
4869;2024-07-21 21:00:00;0.48;1.9;6.5;8.6;24.0;36.0;15.06;711.1;0.0;55.0;2.7;0.001;28.2;11.2;112.0
4870;2024-07-21 22:00:00;0.47;1.8;5.2;7.2;26.0;36.0;13.33;711.1;0.0;61.0;2.6;0.001;26.47;11.4;122.0
4871;2024-07-21 23:00:00;0.45;1.9;5.6;7.7;28.0;32.0;12.23;711.2;0.0;59.0;2.7;0.001;26.39;7.9;59.0
4872;2024-07-22 00:00:00;0.47;1.8;6.8;8.9;25.0;32.0;10.8;711.4;0.0;62.0;2.7;0.001;25.88;6.9;68.0
4873;2024-07-22 01:00:00;0.55;2.9;16.4;19.5;14.0;28.0;11.0;711.1;0.0;66.0;2.8;0.001;25.17;7.3;25.0
4874;2024-07-22 02:00:00;0.48;3.3;14.5;17.9;13.0;49.0;10.6;711.0;0.0;73.0;2.9;0.001;24.04;7.5;44.0
4875;2024-07-22 03:00:00;0.5;3.5;14.8;18.5;11.0;50.0;13.92;710.7;0.0;76.0;3.0;0.001;23.53;6.6;55.0
4876;2024-07-22 04:00:00;0.51;2.5;15.0;17.7;10.0;46.0;12.69;710.6;0.0;77.0;3.0;0.001;23.26;4.9;74.0
4877;2024-07-22 05:00:00;0.55;2.0;13.3;15.4;12.0;41.0;12.68;710.6;0.0;77.0;2.9;0.001;23.3;4.8;23.0
4878;2024-07-22 06:00:00;0.61;2.3;15.0;17.5;10.0;48.0;15.44;710.9;0.0;76.0;2.9;0.001;23.42;5.2;20.0
4879;2024-07-22 07:00:00;0.56;6.1;17.7;24.0;7.0;55.0;18.59;711.2;0.0;78.0;2.9;0.011;23.12;6.3;59.0
4880;2024-07-22 08:00:00;0.63;12.7;18.1;31.0;7.0;49.0;23.98;711.5;0.0;79.0;2.9;0.049;22.99;7.9;71.0
4881;2024-07-22 09:00:00;0.7;14.9;18.7;33.9;10.0;50.0;22.98;711.9;0.0;75.0;3.2;0.185;23.74;6.8;57.0
4882;2024-07-22 10:00:00;0.76;11.7;18.3;30.3;16.0;68.0;28.16;712.2;0.0;72.0;3.4;0.356;24.42;7.7;13.0
4883;2024-07-22 11:00:00;0.86;9.2;17.6;27.0;30.0;74.0;34.43;712.1;0.0;65.0;3.6;0.703;26.07;8.9;22.0
4884;2024-07-22 12:00:00;0.65;8.3;21.2;29.8;41.0;98.0;41.47;712.0;0.0;60.0;3.3;0.898;27.16;10.7;27.0
4885;2024-07-22 13:00:00;0.56;3.1;9.7;13.1;55.0;83.0;45.0;711.5;0.0;56.0;3.2;0.828;28.31;10.9;47.0
4886;2024-07-22 14:00:00;0.5;3.0;6.3;9.5;41.0;55.0;15.88;710.9;0.0;48.0;3.0;1.126;29.82;12.3;100.0
4887;2024-07-22 15:00:00;0.49;3.1;5.6;8.9;35.0;37.0;17.47;710.6;0.0;47.0;2.9;0.837;30.19;14.0;83.0
4888;2024-07-22 16:00:00;0.45;3.0;4.8;8.1;32.0;44.0;20.32;710.2;0.0;44.0;2.9;0.845;30.64;14.4;113.0
4889;2024-07-22 17:00:00;0.44;3.5;5.0;8.7;30.0;55.0;22.96;709.9;0.0;40.0;2.9;0.742;30.93;15.2;111.0
4890;2024-07-22 18:00:00;0.42;3.2;5.2;8.7;29.0;65.0;24.96;709.9;0.0;39.0;2.9;0.423;30.76;15.6;110.0
4891;2024-07-22 19:00:00;0.47;3.1;6.7;10.0;27.0;65.0;21.98;709.9;0.0;42.0;2.8;0.071;30.02;13.9;103.0
4892;2024-07-22 20:00:00;0.46;2.2;6.5;9.0;26.0;60.0;19.21;710.1;0.0;48.0;2.9;0.013;28.89;12.1;111.0
4893;2024-07-22 21:00:00;0.47;2.1;5.6;8.0;24.0;56.0;16.85;710.2;0.0;55.0;2.8;0.001;27.43;10.9;121.0
4894;2024-07-22 22:00:00;0.46;1.9;5.3;7.4;24.0;41.0;13.37;710.6;0.0;59.0;2.6;0.001;26.76;10.4;123.0
4895;2024-07-22 23:00:00;0.46;1.9;5.7;7.8;23.0;38.0;10.73;711.0;0.0;60.0;2.6;0.001;26.39;9.6;128.0
4896;2024-07-23 00:00:00;0.45;1.9;5.1;7.2;23.0;37.0;9.69;711.2;0.0;60.0;2.6;0.001;26.06;9.0;101.0
4897;2024-07-23 01:00:00;0.52;2.0;9.9;12.1;14.0;35.0;12.8;711.4;0.0;69.0;2.6;0.001;24.87;8.1;54.0
4898;2024-07-23 02:00:00;0.5;1.9;7.6;9.7;16.0;34.0;10.94;711.3;0.0;70.0;2.7;0.001;24.48;5.0;27.0
4899;2024-07-23 03:00:00;0.48;2.2;7.2;9.7;16.0;27.0;11.41;711.1;0.0;72.0;2.6;0.001;23.94;7.5;38.0
4900;2024-07-23 04:00:00;0.48;4.6;15.0;19.8;7.0;31.0;15.67;711.3;0.0;77.0;2.7;0.001;23.13;7.3;28.0
4901;2024-07-23 05:00:00;0.49;7.7;17.1;25.1;5.0;46.0;19.97;711.3;0.0;79.0;3.1;0.001;22.61;6.0;21.0
4902;2024-07-23 06:00:00;0.49;7.7;15.9;23.8;5.0;55.0;23.14;711.5;0.0;79.0;3.2;0.001;22.52;5.8;43.0
4903;2024-07-23 07:00:00;0.55;4.5;14.5;19.2;8.0;56.0;26.67;711.8;0.0;78.0;3.0;0.023;22.7;3.5;353.0
4904;2024-07-23 08:00:00;0.73;11.0;14.8;26.0;10.0;52.0;25.44;712.1;0.0;76.0;3.1;0.102;23.2;2.1;17.0
4905;2024-07-23 09:00:00;0.83;16.5;17.8;34.6;10.0;56.0;30.8;712.6;0.0;74.0;3.2;0.218;23.88;5.5;15.0
4906;2024-07-23 10:00:00;0.75;11.1;18.2;29.6;13.0;75.0;30.11;712.9;0.0;71.0;3.2;0.202;24.44;6.7;28.0
4907;2024-07-23 11:00:00;0.71;10.0;19.7;30.0;24.0;71.0;32.62;712.8;0.0;63.0;3.1;0.442;26.09;6.4;35.0
4908;2024-07-23 12:00:00;0.59;3.5;13.1;16.8;42.0;67.0;24.7;712.6;0.0;60.0;3.1;0.291;26.67;7.4;70.0
4909;2024-07-23 13:00:00;0.53;2.9;7.2;10.3;42.0;58.0;14.68;712.3;0.0;54.0;3.0;0.551;27.77;9.0;63.0
4910;2024-07-23 14:00:00;0.56;2.6;8.1;11.0;59.0;44.0;20.16;711.9;0.0;51.0;2.9;0.737;28.85;9.6;83.0
4911;2024-07-23 15:00:00;0.54;2.4;6.9;9.5;59.0;45.0;17.7;711.4;0.0;49.0;2.7;1.021;29.98;8.8;114.0
4912;2024-07-23 16:00:00;0.51;2.3;5.9;8.4;52.0;43.0;14.25;711.2;0.0;47.0;2.6;0.655;30.41;6.7;123.0
4913;2024-07-23 17:00:00;0.5;2.4;5.7;8.3;46.0;37.0;12.37;711.0;0.0;47.0;2.7;0.464;30.21;9.7;97.0
4914;2024-07-23 18:00:00;0.51;2.6;6.6;9.5;38.0;36.0;12.41;711.0;0.0;49.0;2.6;0.219;30.06;8.8;120.0
4915;2024-07-23 19:00:00;0.54;2.8;7.9;11.0;32.0;38.0;8.91;711.4;0.0;48.0;2.7;0.071;29.93;8.2;136.0
4916;2024-07-23 20:00:00;0.52;2.0;8.4;10.7;29.0;34.0;8.22;711.6;0.0;51.0;2.6;0.01;28.8;8.4;128.0
4917;2024-07-23 21:00:00;0.52;2.2;9.1;11.5;27.0;32.0;8.44;712.2;0.0;53.0;2.6;0.001;28.19;8.7;117.0
4918;2024-07-23 22:00:00;0.54;2.1;10.4;12.8;17.0;32.0;11.51;712.8;0.0;64.0;2.6;0.001;26.8;12.4;75.0
4919;2024-07-23 23:00:00;0.52;2.0;7.3;9.4;17.0;40.0;8.7;713.1;0.0;73.0;2.6;0.001;25.23;10.4;106.0
4920;2024-07-24 00:00:00;0.52;1.9;5.7;7.8;18.0;32.0;7.98;713.2;0.0;75.0;2.6;0.001;24.97;7.9;89.0
4921;2024-07-24 01:00:00;0.48;1.8;3.9;6.0;20.0;30.0;6.64;713.1;0.0;73.0;2.6;0.001;25.04;9.0;85.0
4922;2024-07-24 02:00:00;0.49;2.5;8.5;11.2;15.0;29.0;8.21;713.0;0.0;74.0;2.5;0.001;24.74;6.9;52.0
4923;2024-07-24 03:00:00;0.52;2.3;14.4;16.9;9.0;39.0;13.74;713.0;0.0;76.0;2.6;0.001;24.55;5.0;31.0
4924;2024-07-24 04:00:00;0.53;2.2;14.3;16.7;8.0;54.0;16.69;713.0;0.0;78.0;2.7;0.001;24.31;4.0;79.0
4925;2024-07-24 05:00:00;0.53;2.0;12.6;14.8;8.0;50.0;14.09;713.2;0.0;79.0;2.6;0.001;24.12;2.4;31.0
4926;2024-07-24 06:00:00;0.58;4.0;15.9;20.1;6.0;42.0;17.35;713.4;0.0;78.0;2.6;0.001;24.32;2.7;79.0
4927;2024-07-24 07:00:00;0.76;13.9;19.2;33.4;5.0;44.0;19.25;713.7;0.0;79.0;2.6;0.013;24.16;6.6;9.0
4928;2024-07-24 08:00:00;0.89;11.6;17.4;29.4;6.0;53.0;22.88;713.8;0.0;79.0;2.5;0.077;24.09;8.2;16.0
4929;2024-07-24 09:00:00;0.74;9.2;12.7;22.2;14.0;61.0;19.19;714.1;0.0;73.0;2.5;0.364;25.47;9.5;27.0
4930;2024-07-24 10:00:00;1.0;6.9;12.0;19.2;19.0;53.0;28.4;714.4;0.0;71.0;2.7;0.382;26.01;7.9;19.0
4931;2024-07-24 11:00:00;0.86;8.2;12.6;21.0;21.0;108.0;29.77;714.4;0.0;71.0;2.8;0.694;26.46;6.9;179.0
4932;2024-07-24 12:00:00;0.73;5.6;12.3;18.1;35.0;64.0;21.77;714.0;0.0;59.0;2.6;0.903;28.72;7.7;105.0
4933;2024-07-24 13:00:00;0.67;4.8;12.5;17.5;37.0;50.0;20.37;713.6;0.0;55.0;2.4;0.6;29.26;11.5;34.0
4934;2024-07-24 14:00:00;0.75;3.6;10.4;14.2;25.0;49.0;15.58;713.8;0.07;74.0;2.5;0.086;25.31;9.7;329.0
4935;2024-07-24 15:00:00;0.71;3.9;14.0;18.1;17.0;41.0;12.48;714.0;0.22;86.0;2.6;0.034;22.6;7.6;122.0
4936;2024-07-24 16:00:00;0.57;4.1;9.9;14.3;20.0;35.0;6.04;714.1;0.01;85.0;2.5;0.046;22.1;9.4;183.0
4937;2024-07-24 17:00:00;0.7;5.5;11.7;17.5;19.0;27.0;5.93;713.6;0.02;81.0;2.6;0.119;22.43;7.4;211.0
4938;2024-07-24 18:00:00;0.75;6.6;17.6;24.5;15.0;32.0;8.62;713.7;0.0;81.0;2.6;0.131;23.14;3.7;303.0
4939;2024-07-24 19:00:00;0.83;6.4;20.4;27.2;13.0;33.0;9.47;714.0;0.0;78.0;2.6;0.102;23.75;3.7;316.0
4940;2024-07-24 20:00:00;0.9;8.0;23.4;31.6;7.0;33.0;10.01;714.1;0.0;78.0;2.6;0.024;23.92;2.3;187.0
4941;2024-07-24 21:00:00;0.93;6.3;24.2;30.8;5.0;42.0;11.92;714.3;0.0;78.0;2.6;0.001;23.95;3.2;120.0
4942;2024-07-24 22:00:00;0.75;8.2;17.4;25.8;11.0;44.0;10.13;714.8;0.0;78.0;2.6;0.001;23.53;6.8;24.0
4943;2024-07-24 23:00:00;0.54;1.9;8.4;10.5;29.0;32.0;4.09;715.3;0.0;75.0;2.5;0.001;22.73;5.3;283.0
4944;2024-07-25 00:00:00;0.76;2.0;16.5;18.7;17.0;30.0;7.1;715.1;0.0;76.0;2.5;0.001;22.77;3.4;145.0
4945;2024-07-25 01:00:00;0.68;2.1;15.2;17.5;15.0;36.0;8.37;714.5;0.0;76.0;2.6;0.001;22.83;2.4;49.0
4946;2024-07-25 02:00:00;0.71;2.4;18.9;21.4;10.0;35.0;10.04;714.0;0.0;78.0;2.6;0.001;22.63;3.4;226.0
4947;2024-07-25 03:00:00;0.63;2.0;12.9;15.0;15.0;34.0;9.04;713.6;0.0;76.0;2.6;0.001;22.75;2.6;266.0
4948;2024-07-25 04:00:00;0.6;2.1;17.3;19.6;10.0;33.0;17.11;713.6;0.0;76.0;2.6;0.001;22.89;4.0;2.0
4949;2024-07-25 05:00:00;0.74;3.0;21.0;24.2;6.0;46.0;17.99;713.9;0.0;76.0;2.5;0.001;22.98;3.0;97.0
4950;2024-07-25 06:00:00;0.71;5.6;22.3;28.1;5.0;50.0;15.75;714.3;0.0;77.0;2.6;0.001;23.04;5.7;99.0
4951;2024-07-25 07:00:00;0.63;5.1;18.2;23.5;7.0;51.0;12.59;714.5;0.0;78.0;2.7;0.014;22.89;5.2;130.0
4952;2024-07-25 08:00:00;0.7;9.5;17.1;26.8;9.0;46.0;13.21;714.6;0.0;75.0;2.6;0.098;23.4;6.2;104.0
4953;2024-07-25 09:00:00;0.92;14.3;20.2;34.7;14.0;50.0;13.29;714.8;0.0;70.0;2.7;0.212;24.24;7.0;56.0
4954;2024-07-25 10:00:00;0.83;13.6;19.8;33.7;15.0;52.0;15.36;715.1;0.0;70.0;2.6;0.311;24.62;6.6;18.0
4955;2024-07-25 11:00:00;0.78;20.2;26.5;46.9;14.0;63.0;22.22;715.1;0.0;66.0;2.7;0.369;25.56;5.0;47.0
4956;2024-07-25 12:00:00;0.85;13.8;31.4;45.4;19.0;65.0;26.89;715.1;0.0;65.0;2.6;0.261;25.95;5.3;45.0
4957;2024-07-25 13:00:00;0.93;10.9;33.1;44.3;26.0;76.0;33.53;714.9;0.0;67.0;2.6;0.337;26.02;6.0;71.0
4958;2024-07-25 14:00:00;0.9;7.8;33.6;41.7;35.0;82.0;32.89;714.5;0.0;64.0;2.7;0.269;26.4;5.4;27.0
4959;2024-07-25 15:00:00;0.85;4.4;25.4;30.0;48.0;84.0;26.95;714.2;0.0;65.0;2.6;0.282;26.24;6.1;69.0
4960;2024-07-25 16:00:00;0.79;3.6;19.5;23.3;52.0;70.0;25.67;713.8;0.0;66.0;2.5;0.264;26.59;6.8;58.0
4961;2024-07-25 17:00:00;0.8;2.9;17.5;20.6;42.0;54.0;22.04;713.7;0.0;70.0;2.5;0.122;25.63;9.1;79.0
4962;2024-07-25 18:00:00;0.76;2.6;16.3;19.2;30.0;58.0;18.03;713.8;0.0;74.0;2.6;0.059;24.73;6.9;99.0
4963;2024-07-25 19:00:00;0.88;3.9;19.0;23.2;19.0;49.0;13.83;713.7;0.01;78.0;2.6;0.037;24.11;4.5;94.0
4964;2024-07-25 20:00:00;0.99;4.3;25.1;29.7;10.0;42.0;14.86;713.6;0.0;81.0;2.6;0.005;23.57;3.5;99.0
4965;2024-07-25 21:00:00;0.92;5.7;24.8;30.8;9.0;36.0;16.52;713.5;0.01;78.0;2.6;0.001;23.52;5.0;109.0
4966;2024-07-25 22:00:00;;;;;;;;;;;;;;;
4967;2024-07-25 23:00:00;0.74;3.0;20.8;24.0;9.0;46.0;14.76;713.8;0.0;77.0;2.6;0.001;23.17;3.4;116.0
4968;2024-07-26 00:00:00;0.65;2.0;11.8;14.0;16.0;38.0;12.19;713.6;0.0;77.0;2.7;0.001;22.96;3.6;67.0
4969;2024-07-26 01:00:00;0.58;2.1;9.9;12.2;15.0;38.0;11.13;713.3;0.0;80.0;2.7;0.001;22.5;2.9;50.0
4970;2024-07-26 02:00:00;0.61;2.1;9.7;12.1;13.0;37.0;11.03;713.0;0.0;81.0;2.7;0.001;22.22;2.0;229.0
4971;2024-07-26 03:00:00;0.71;2.2;17.9;20.2;9.0;42.0;16.3;712.9;0.0;81.0;2.6;0.001;22.45;4.2;114.0
4972;2024-07-26 04:00:00;0.78;2.2;19.0;21.4;8.0;48.0;20.44;712.8;0.0;83.0;2.6;0.001;22.32;3.9;86.0
4973;2024-07-26 05:00:00;0.58;2.1;10.3;12.6;14.0;48.0;12.13;712.6;0.0;80.0;2.6;0.001;21.98;2.7;178.0
4974;2024-07-26 06:00:00;0.65;2.9;13.8;16.9;10.0;45.0;14.17;712.7;0.0;81.0;2.5;0.001;21.92;1.8;220.0
4975;2024-07-26 07:00:00;0.74;5.5;18.0;23.8;6.0;43.0;18.01;712.8;0.0;81.0;2.6;0.016;22.32;2.5;204.0
4976;2024-07-26 08:00:00;0.8;9.5;18.7;28.5;8.0;48.0;19.41;713.1;0.0;77.0;2.5;0.101;23.15;2.1;166.0
4977;2024-07-26 09:00:00;0.89;15.1;23.3;38.6;9.0;46.0;21.98;713.3;0.0;72.0;2.6;0.159;23.71;4.4;93.0
4978;2024-07-26 10:00:00;0.86;9.6;23.4;33.2;17.0;54.0;14.7;713.2;0.0;66.0;2.5;0.19;23.96;5.8;107.0
4979;2024-07-26 11:00:00;0.89;8.6;27.1;36.0;18.0;51.0;13.1;713.1;0.0;68.0;2.7;0.19;23.76;5.3;125.0
4980;2024-07-26 12:00:00;1.11;15.5;34.8;50.5;20.0;48.0;20.95;712.8;0.0;70.0;2.6;0.344;24.47;4.3;121.0
4981;2024-07-26 13:00:00;1.23;15.7;43.6;59.5;26.0;59.0;33.38;712.4;0.0;66.0;2.7;0.401;25.65;4.1;79.0
4982;2024-07-26 14:00:00;1.31;13.7;49.6;63.5;32.0;84.0;40.11;712.0;0.0;65.0;2.7;0.349;26.02;5.6;64.0
4983;2024-07-26 15:00:00;1.19;12.8;50.5;63.5;43.0;93.0;47.98;711.6;0.0;61.0;2.7;0.497;26.95;4.8;71.0
4984;2024-07-26 16:00:00;0.92;3.7;22.7;26.7;75.0;94.0;32.67;711.2;0.0;59.0;2.6;0.546;27.14;8.6;63.0
4985;2024-07-26 17:00:00;0.75;4.6;18.3;23.2;52.0;67.0;22.98;710.9;0.0;59.0;2.7;0.366;26.84;10.4;62.0
4986;2024-07-26 18:00:00;0.73;5.5;18.3;24.0;42.0;50.0;21.52;710.8;0.0;59.0;2.6;0.468;27.32;10.3;42.0
4987;2024-07-26 19:00:00;0.76;3.0;16.1;19.3;40.0;55.0;18.9;710.8;0.0;62.0;2.7;0.109;26.43;9.0;76.0
4988;2024-07-26 20:00:00;0.63;2.0;10.3;12.6;38.0;46.0;13.03;710.8;0.0;63.0;2.6;0.016;25.39;9.2;105.0
4989;2024-07-26 21:00:00;0.68;2.0;13.7;15.9;35.0;34.0;12.41;710.9;0.0;69.0;2.6;0.001;24.47;8.9;78.0
4990;2024-07-26 22:00:00;0.68;3.1;13.3;16.6;31.0;44.0;13.04;711.2;0.0;74.0;2.7;0.001;23.91;9.3;68.0
4991;2024-07-26 23:00:00;0.63;2.0;11.5;13.8;28.0;47.0;12.77;711.4;0.0;75.0;2.5;0.001;23.64;7.9;88.0
4992;2024-07-27 00:00:00;0.69;2.1;15.6;17.9;20.0;43.0;15.0;711.5;0.0;76.0;2.5;0.001;23.38;7.1;61.0
4993;2024-07-27 01:00:00;0.61;2.0;9.9;12.1;24.0;48.0;11.0;711.3;0.0;76.0;2.6;0.001;23.22;5.6;57.0
4994;2024-07-27 02:00:00;0.66;2.4;14.0;16.6;16.0;45.0;15.0;711.1;0.0;79.0;2.6;0.001;22.97;4.4;36.0
4995;2024-07-27 03:00:00;0.67;3.0;17.9;21.1;6.0;43.0;23.0;710.9;0.0;83.0;2.6;0.001;22.56;3.1;45.0
4996;2024-07-27 04:00:00;0.63;3.8;18.9;22.9;6.0;64.0;25.0;710.7;0.0;83.0;2.6;0.001;22.39;2.7;22.0
4997;2024-07-27 05:00:00;0.71;4.6;19.0;23.9;5.0;60.0;27.0;710.6;0.0;84.0;2.6;0.001;22.26;2.3;25.0
4998;2024-07-27 06:00:00;0.76;10.3;18.7;29.3;4.0;63.0;33.0;710.7;0.0;84.0;2.6;0.001;22.2;2.4;10.0
4999;2024-07-27 07:00:00;0.76;13.1;17.7;31.2;5.0;73.0;36.0;711.0;0.0;84.0;2.7;0.019;22.18;2.4;29.0
5000;2024-07-27 08:00:00;0.86;23.0;18.7;42.0;5.0;67.0;40.0;711.2;0.0;82.0;2.8;0.058;22.52;2.5;55.0
5001;2024-07-27 09:00:00;0.86;24.9;19.2;44.4;7.0;82.0;39.0;711.2;0.0;80.0;2.8;0.127;22.89;3.4;34.0
5002;2024-07-27 10:00:00;0.94;16.7;19.5;36.5;15.0;83.0;38.0;711.1;0.0;72.0;2.7;0.55;24.48;6.0;23.0
5003;2024-07-27 11:00:00;0.81;8.6;19.2;28.1;37.0;77.0;41.0;711.0;0.0;61.0;2.7;0.901;26.88;5.7;9.0
5004;2024-07-27 12:00:00;0.88;5.0;18.8;24.0;62.0;81.0;45.0;710.9;0.0;54.0;2.7;0.958;28.53;6.1;26.0
5005;2024-07-27 13:00:00;0.75;4.3;18.4;22.8;79.0;87.0;39.0;710.8;0.0;51.0;2.7;1.053;29.12;11.4;69.0
5006;2024-07-27 14:00:00;0.7;2.9;13.8;16.9;84.0;85.0;28.0;710.4;0.0;49.0;2.8;1.003;29.29;12.7;71.0
5007;2024-07-27 15:00:00;0.65;2.7;10.6;13.5;73.0;62.0;31.0;709.9;0.0;54.0;2.8;0.806;29.13;13.5;67.0
5008;2024-07-27 16:00:00;0.62;2.4;9.5;12.1;76.0;64.0;55.0;709.7;0.0;54.0;2.8;0.61;29.1;11.9;59.0
5009;2024-07-27 17:00:00;0.57;2.3;7.8;10.3;73.0;73.0;54.0;709.5;0.0;50.0;3.2;0.603;29.63;10.5;51.0
5010;2024-07-27 18:00:00;0.56;2.1;7.5;9.8;62.0;67.0;52.0;709.5;0.0;53.0;3.1;0.253;29.05;10.0;113.0
5011;2024-07-27 19:00:00;0.59;1.9;8.1;10.2;54.0;61.0;41.0;709.8;0.0;58.0;2.8;0.058;28.1;8.3;129.0
5012;2024-07-27 20:00:00;0.6;1.8;8.8;10.9;51.0;52.0;37.0;710.2;0.0;57.0;2.8;0.007;27.46;8.8;112.0
5013;2024-07-27 21:00:00;0.65;1.9;10.9;13.0;47.0;50.0;34.0;710.5;0.0;60.0;2.9;0.001;26.7;8.3;95.0
5014;2024-07-27 22:00:00;0.62;1.8;8.7;10.7;38.0;53.0;25.0;710.7;0.0;66.0;2.7;0.001;26.3;9.9;111.0
5015;2024-07-27 23:00:00;0.55;1.8;6.1;8.2;37.0;48.0;15.0;710.8;0.0;62.0;2.7;0.001;25.46;10.2;121.0
5016;2024-07-28 00:00:00;0.53;1.8;6.2;8.3;34.0;36.0;13.0;711.1;0.0;63.0;2.8;0.001;25.59;9.5;80.0
5017;2024-07-28 01:00:00;0.53;1.9;6.3;8.4;22.0;40.0;15.0;711.0;0.0;73.0;2.7;0.001;24.8;9.3;72.0
5018;2024-07-28 02:00:00;0.52;1.8;4.3;6.3;28.0;34.0;11.0;710.7;0.0;68.0;2.7;0.001;25.04;6.3;73.0
5019;2024-07-28 03:00:00;0.54;1.9;6.6;8.7;23.0;31.0;11.0;710.4;0.0;71.0;2.5;0.001;24.68;5.5;51.0
5020;2024-07-28 04:00:00;0.59;4.0;13.8;18.0;11.0;34.0;15.0;710.5;0.0;80.0;2.6;0.001;23.89;7.8;48.0
5021;2024-07-28 05:00:00;0.53;6.0;18.5;24.8;7.0;47.0;23.0;710.7;0.0;82.0;2.6;0.001;23.43;5.3;51.0
5022;2024-07-28 06:00:00;0.54;3.1;16.1;19.4;8.0;50.0;23.0;710.7;0.0;82.0;2.5;0.001;23.39;4.4;6.0
5023;2024-07-28 07:00:00;0.59;3.1;14.2;17.5;9.0;47.0;21.0;711.0;0.0;82.0;2.6;0.014;23.44;4.5;47.0
5024;2024-07-28 08:00:00;0.55;3.1;9.7;13.0;13.0;48.0;21.0;711.4;0.0;81.0;2.6;0.071;23.6;5.8;75.0
5025;2024-07-28 09:00:00;0.59;10.5;12.4;23.2;11.0;43.0;26.0;711.6;0.0;79.0;2.7;0.197;24.19;6.0;46.0
5026;2024-07-28 10:00:00;0.59;6.9;11.6;18.8;15.0;51.0;31.0;711.9;0.0;76.0;2.6;0.224;24.76;8.0;63.0
5027;2024-07-28 11:00:00;0.6;6.7;11.2;18.2;21.0;58.0;30.0;712.1;0.0;72.0;2.7;0.322;25.37;8.6;70.0
5028;2024-07-28 12:00:00;0.59;8.8;14.7;23.7;24.0;57.0;29.0;712.2;0.0;67.0;2.6;0.384;26.2;7.8;27.0
5029;2024-07-28 13:00:00;0.62;4.1;11.9;16.2;43.0;57.0;30.0;712.0;0.0;60.0;2.7;0.65;27.79;7.3;26.0
5030;2024-07-28 14:00:00;0.6;2.0;5.6;7.9;56.0;60.0;29.0;711.5;0.0;57.0;2.6;0.719;28.76;7.5;98.0
5031;2024-07-28 15:00:00;0.56;2.0;4.6;6.9;49.0;44.0;21.0;710.9;0.0;52.0;2.6;0.811;30.28;8.7;118.0
5032;2024-07-28 16:00:00;0.53;2.0;4.5;6.8;38.0;39.0;16.0;710.7;0.0;53.0;2.6;0.196;28.7;9.9;124.0
5033;2024-07-28 17:00:00;0.56;2.0;5.1;7.3;36.0;37.0;15.0;710.5;0.0;57.0;2.6;0.189;28.55;7.7;120.0
5034;2024-07-28 18:00:00;0.53;1.9;4.6;6.8;33.0;35.0;16.0;710.6;0.0;61.0;2.6;0.117;28.41;8.0;127.0
5035;2024-07-28 19:00:00;0.56;1.8;4.3;6.4;32.0;31.0;16.0;710.6;0.0;64.0;2.5;0.077;27.85;8.9;133.0
5036;2024-07-28 20:00:00;0.56;1.9;5.7;7.8;25.0;38.0;18.0;710.6;0.0;66.0;2.5;0.012;27.37;9.7;108.0
5037;2024-07-28 21:00:00;0.57;1.8;5.9;7.9;21.0;32.0;18.0;710.8;0.0;69.0;2.5;0.001;26.9;10.0;127.0
5038;2024-07-28 22:00:00;0.54;1.8;5.0;7.0;20.0;36.0;17.0;711.1;0.0;67.0;2.5;0.001;26.63;10.3;113.0
5039;2024-07-28 23:00:00;0.54;1.8;5.2;7.3;22.0;36.0;15.0;711.1;0.0;64.0;2.6;0.001;26.6;6.6;72.0
5040;2024-07-29 00:00:00;0.6;2.3;10.9;13.3;14.0;37.0;17.0;711.3;0.0;68.0;2.6;0.001;25.71;8.0;49.0
5041;2024-07-29 01:00:00;0.63;3.9;10.6;14.7;13.0;43.0;20.0;711.3;0.0;73.0;2.6;0.001;24.7;7.2;31.0
5042;2024-07-29 02:00:00;0.54;8.1;15.9;24.2;6.0;48.0;25.0;711.1;0.0;76.0;2.6;0.001;24.09;6.2;352.0
5043;2024-07-29 03:00:00;0.54;6.3;15.3;21.9;5.0;45.0;24.0;711.0;0.0;78.0;2.5;0.001;23.81;4.6;350.0
5044;2024-07-29 04:00:00;0.58;7.0;14.2;21.4;6.0;55.0;26.0;711.0;0.0;79.0;2.5;0.001;23.9;2.4;333.0
5045;2024-07-29 05:00:00;0.53;2.0;12.4;14.6;7.0;52.0;27.0;711.1;0.0;79.0;2.6;0.001;24.13;3.8;313.0
5046;2024-07-29 06:00:00;0.55;4.9;13.7;18.8;5.0;58.0;26.0;711.4;0.0;80.0;2.6;0.001;24.09;5.7;17.0
5047;2024-07-29 07:00:00;0.6;4.5;11.4;16.1;6.0;52.0;27.0;711.8;0.0;84.0;2.6;0.005;23.47;5.9;71.0
5048;2024-07-29 08:00:00;0.66;9.8;11.9;22.0;6.0;57.0;29.0;712.2;0.0;85.0;2.7;0.044;23.4;5.4;71.0
5049;2024-07-29 09:00:00;0.76;14.4;12.0;26.7;6.0;59.0;31.0;712.5;0.0;82.0;2.6;0.155;24.12;6.6;62.0
5050;2024-07-29 10:00:00;0.76;10.4;13.1;23.7;11.0;53.0;30.9;712.5;0.0;76.0;2.7;0.253;25.01;8.1;61.0
5051;2024-07-29 11:00:00;0.73;12.9;16.0;29.2;17.0;66.0;32.73;712.5;0.0;70.0;2.8;0.436;26.48;7.2;63.0
5052;2024-07-29 12:00:00;0.69;6.4;14.7;21.4;35.0;64.0;30.71;712.4;0.0;63.0;2.7;0.63;27.91;8.1;44.0
5053;2024-07-29 13:00:00;0.67;3.2;10.2;13.7;52.0;58.0;26.5;712.2;0.0;57.0;2.6;0.613;29.18;8.2;53.0
5054;2024-07-29 14:00:00;0.62;2.5;7.4;10.2;54.0;50.0;27.0;711.8;0.0;55.0;2.7;0.697;29.91;8.1;67.0
5055;2024-07-29 15:00:00;0.66;2.2;6.7;9.1;49.0;44.0;22.0;711.2;0.0;50.0;2.7;0.777;30.94;8.2;72.0
5056;2024-07-29 16:00:00;0.57;2.3;5.1;7.6;40.0;38.0;8.0;710.8;0.0;48.0;2.7;0.908;31.71;12.8;106.0
5057;2024-07-29 17:00:00;0.6;2.9;5.9;9.1;35.0;35.0;12.0;710.8;0.0;50.0;2.6;0.627;31.66;11.8;129.0
5058;2024-07-29 18:00:00;0.6;2.6;6.5;9.3;30.0;41.0;13.0;710.6;0.0;54.0;2.6;0.244;30.62;12.2;135.0
5059;2024-07-29 19:00:00;0.59;2.7;7.1;10.0;24.0;50.0;15.0;710.5;0.0;56.0;2.7;0.114;29.86;13.7;121.0
5060;2024-07-29 20:00:00;0.58;2.1;6.5;8.9;20.0;52.0;16.78;710.8;0.0;57.0;2.7;0.017;29.12;14.8;120.0
5061;2024-07-29 21:00:00;0.56;2.1;6.5;8.8;18.0;56.0;16.07;711.0;0.0;55.0;2.6;0.001;28.47;14.3;111.0
5062;2024-07-29 22:00:00;0.56;1.8;6.0;8.0;20.0;52.0;14.28;711.1;0.0;52.0;2.6;0.001;28.2;12.4;108.0
5063;2024-07-29 23:00:00;0.54;1.9;5.9;8.0;21.0;42.0;13.47;711.4;0.0;54.0;2.5;0.001;27.64;11.5;103.0
5064;2024-07-30 00:00:00;0.52;1.8;5.0;7.0;20.0;44.0;13.93;711.6;0.0;61.0;2.6;0.001;26.54;10.0;93.0
5065;2024-07-30 01:00:00;0.51;1.8;4.7;6.7;17.0;46.0;13.48;711.6;0.0;69.0;2.6;0.001;25.57;8.5;106.0
5066;2024-07-30 02:00:00;0.58;3.8;9.7;13.7;11.0;47.0;14.78;711.4;0.0;76.0;2.7;0.001;24.8;7.2;44.0
5067;2024-07-30 03:00:00;0.51;1.9;5.6;7.8;12.0;52.0;13.48;711.1;0.0;79.0;2.7;0.001;24.19;7.2;57.0
5068;2024-07-30 04:00:00;0.51;1.8;5.4;7.4;12.0;40.0;12.94;710.9;0.0;81.0;2.7;0.001;23.78;4.0;48.0
5069;2024-07-30 05:00:00;0.54;1.8;5.7;7.8;10.0;53.0;12.73;710.9;0.0;81.0;2.6;0.001;23.66;3.5;47.0
5070;2024-07-30 06:00:00;0.54;2.6;8.9;11.7;7.0;38.0;14.09;711.1;0.0;82.0;2.5;0.001;23.52;3.6;53.0
5071;2024-07-30 07:00:00;0.6;11.6;12.0;23.9;5.0;56.0;15.55;711.4;0.0;82.0;2.7;0.009;23.5;3.7;51.0
5072;2024-07-30 08:00:00;0.72;25.5;14.0;39.8;5.0;50.0;21.66;711.8;0.0;81.0;2.8;0.062;23.76;3.7;35.0
5073;2024-07-30 09:00:00;0.88;30.3;15.2;45.7;6.0;68.0;23.25;712.0;0.0;77.0;2.9;0.236;24.63;7.0;63.0
5074;2024-07-30 10:00:00;0.86;30.0;16.3;46.5;8.0;80.0;25.91;712.0;0.0;73.0;2.9;0.454;25.47;7.2;43.0
5075;2024-07-30 11:00:00;0.93;19.2;19.3;38.8;13.0;83.0;27.89;712.1;0.0;68.0;2.9;0.525;26.47;8.3;25.0
5076;2024-07-30 12:00:00;1.0;19.4;24.2;43.8;20.0;81.0;35.07;712.0;0.0;63.0;2.9;0.748;27.58;8.9;26.0
5077;2024-07-30 13:00:00;0.9;4.7;16.7;21.6;60.0;85.0;30.21;711.6;0.0;57.0;2.7;1.155;29.2;8.4;71.0
5078;2024-07-30 14:00:00;0.75;2.4;10.6;13.2;77.0;79.0;23.61;711.1;0.0;55.0;2.6;1.082;29.99;9.6;60.0
5079;2024-07-30 15:00:00;0.66;2.4;8.6;11.2;63.0;69.0;19.41;710.6;0.0;53.0;2.6;0.812;30.81;11.0;71.0
5080;2024-07-30 16:00:00;0.6;2.3;5.7;8.3;44.0;51.0;14.32;710.3;0.0;49.0;2.7;0.91;31.67;13.1;120.0
5081;2024-07-30 17:00:00;0.6;3.3;6.2;9.8;36.0;44.0;12.83;709.9;0.0;48.0;2.6;0.737;32.08;12.8;128.0
5082;2024-07-30 18:00:00;0.59;2.7;5.6;8.6;31.0;42.0;12.9;709.7;0.0;51.0;2.7;0.393;31.62;15.0;104.0
5083;2024-07-30 19:00:00;0.59;2.5;6.1;8.9;26.0;41.0;15.81;709.6;0.0;54.0;2.7;0.056;30.44;15.2;103.0
5084;2024-07-30 20:00:00;0.59;2.1;6.4;8.8;21.0;48.0;18.99;709.8;0.0;55.0;2.7;0.007;29.47;15.4;119.0
5085;2024-07-30 21:00:00;0.57;2.1;6.3;8.6;20.0;52.0;18.52;710.2;0.0;54.0;2.7;0.001;28.91;15.8;120.0
5086;2024-07-30 22:00:00;0.57;2.1;6.8;9.0;19.0;54.0;19.02;710.5;0.0;56.0;2.6;0.001;28.23;12.9;113.0
5087;2024-07-30 23:00:00;0.56;1.9;5.1;7.1;21.0;46.0;19.87;710.7;0.0;59.0;2.7;0.001;27.61;11.1;83.0
5088;2024-07-31 00:00:00;0.55;1.8;5.6;7.6;19.0;49.0;20.97;710.9;0.0;62.0;2.7;0.001;26.79;9.6;73.0
5089;2024-07-31 01:00:00;0.55;3.2;8.0;11.4;15.0;59.0;23.65;711.0;0.0;68.0;2.7;0.001;26.06;8.8;39.0
5090;2024-07-31 02:00:00;0.55;10.5;17.4;28.1;4.0;64.0;28.21;710.8;0.0;74.0;2.7;0.001;25.34;3.8;341.0
5091;2024-07-31 03:00:00;0.6;1.9;6.5;8.6;14.0;73.0;27.87;710.6;0.0;75.0;2.5;0.001;25.17;7.3;64.0
5092;2024-07-31 04:00:00;0.54;1.8;4.9;6.9;16.0;72.0;33.88;710.4;0.0;78.0;2.6;0.001;24.62;6.6;43.0
5093;2024-07-31 05:00:00;0.54;3.1;7.7;11.0;13.0;78.0;34.58;710.5;0.0;78.0;2.6;0.001;24.34;5.3;42.0
5094;2024-07-31 06:00:00;0.59;7.8;10.5;18.6;9.0;86.0;36.49;710.8;0.0;79.0;2.8;0.001;24.12;6.5;59.0
5095;2024-07-31 07:00:00;0.59;8.8;13.3;22.4;7.0;94.0;36.83;711.1;0.0;79.0;2.6;0.013;24.0;5.5;64.0
5096;2024-07-31 08:00:00;0.73;24.0;16.0;40.2;5.0;93.0;44.36;711.4;0.0;78.0;2.8;0.064;24.32;5.1;20.0
5097;2024-07-31 09:00:00;1.03;16.8;17.1;34.2;6.0;112.0;47.14;711.8;0.0;77.0;2.7;0.11;24.57;6.6;9.0
5098;2024-07-31 10:00:00;0.99;25.2;18.4;43.8;9.0;122.0;53.69;712.0;0.0;74.0;2.8;0.347;25.4;7.7;50.0
5099;2024-07-31 11:00:00;0.96;25.7;23.6;49.5;13.0;136.0;53.29;712.1;0.0;66.0;2.8;0.603;27.05;7.3;53.0
5100;2024-07-31 12:00:00;1.01;14.3;25.6;40.1;29.0;126.0;53.06;712.0;0.0;61.0;2.7;0.954;28.4;8.2;65.0
5101;2024-07-31 13:00:00;0.84;5.2;18.8;24.3;55.0;114.0;47.22;711.9;0.0;57.0;2.7;1.058;29.46;8.8;57.0
5102;2024-07-31 14:00:00;0.77;2.5;11.4;14.1;74.0;105.0;40.32;711.5;0.0;54.0;2.6;0.861;30.52;8.3;86.0
5103;2024-07-31 15:00:00;0.65;2.4;7.2;9.8;57.0;91.0;;711.0;0.0;45.0;2.6;1.118;32.03;12.2;123.0
5104;2024-07-31 16:00:00;0.61;2.5;5.8;8.5;43.0;69.0;26.59;710.8;0.0;43.0;2.5;0.916;32.42;13.4;112.0
5105;2024-07-31 17:00:00;0.62;2.7;5.7;8.7;38.0;65.0;26.56;710.6;0.0;42.0;2.6;0.683;32.55;13.9;111.0
5106;2024-07-31 18:00:00;0.59;2.4;5.2;7.8;36.0;70.0;29.1;710.4;0.0;46.0;2.6;0.383;31.93;14.7;102.0
5107;2024-07-31 19:00:00;0.6;2.5;6.4;9.2;28.0;77.0;32.42;710.7;0.0;47.0;2.7;0.075;30.87;16.0;111.0
5108;2024-07-31 20:00:00;0.57;2.3;6.7;9.2;23.0;89.0;31.45;710.8;0.0;49.0;2.7;0.01;29.39;16.3;131.0
5109;2024-07-31 21:00:00;0.59;1.9;6.0;8.2;23.0;90.0;31.75;711.2;0.0;50.0;2.7;0.001;28.62;15.9;127.0
5110;2024-07-31 22:00:00;0.57;1.9;5.9;8.0;22.0;85.0;33.73;711.7;0.0;50.0;2.7;0.001;28.0;11.5;118.0
5111;2024-07-31 23:00:00;0.55;1.9;4.8;6.9;22.0;85.0;34.73;712.3;0.0;54.0;2.7;0.001;27.15;10.5;128.0
5112;2024-08-01 00:00:00;;;;;;;;;;;;;;;
5113;2024-08-01 01:00:00;0.58;4.7;10.6;15.6;13.0;94.0;39.15;712.4;0.0;67.0;2.7;0.001;25.63;8.0;48.0
5114;2024-08-01 02:00:00;0.57;10.1;15.1;25.5;6.0;92.0;37.01;712.5;0.0;74.0;2.8;0.001;24.96;7.6;16.0
5115;2024-08-01 03:00:00;0.6;2.2;6.9;9.3;12.0;104.0;36.16;712.3;0.0;78.0;2.8;0.001;24.36;5.3;47.0
5116;2024-08-01 04:00:00;0.54;1.8;5.8;7.8;12.0;102.0;35.7;712.3;0.0;78.0;2.7;0.001;24.16;3.1;23.0
5117;2024-08-01 05:00:00;0.59;1.8;5.3;7.3;12.0;90.0;34.66;712.3;0.0;79.0;2.7;0.001;23.96;5.2;54.0
5118;2024-08-01 06:00:00;0.55;2.0;6.3;8.6;11.0;93.0;36.58;712.5;0.0;80.0;2.8;0.001;23.86;5.7;65.0
5119;2024-08-01 07:00:00;0.63;6.0;11.6;17.9;6.0;81.0;41.53;712.9;0.0;81.0;2.7;0.008;23.68;6.7;69.0
5120;2024-08-01 08:00:00;0.71;9.8;12.5;22.5;6.0;102.0;45.7;713.5;0.0;80.0;2.7;0.052;23.71;7.1;68.0
5121;2024-08-01 09:00:00;0.83;29.1;16.2;45.5;6.0;93.0;46.36;713.9;0.0;76.0;2.9;0.182;24.62;5.4;57.0
5122;2024-08-01 10:00:00;0.89;16.8;18.6;35.7;10.0;108.0;49.79;714.3;0.0;70.0;2.9;0.321;25.69;6.6;35.0
5123;2024-08-01 11:00:00;0.9;12.4;19.9;32.6;19.0;119.0;52.36;714.5;0.0;65.0;2.8;0.434;26.83;7.3;26.0
5124;2024-08-01 12:00:00;0.89;6.7;19.4;26.4;35.0;129.0;51.71;714.5;0.0;61.0;2.8;0.6;27.5;9.0;18.0
5125;2024-08-01 13:00:00;0.75;3.9;14.3;18.5;58.0;118.0;46.1;714.2;0.0;55.0;2.8;0.998;29.12;11.1;43.0
5126;2024-08-01 14:00:00;0.67;3.3;9.9;13.5;51.0;105.0;40.89;713.9;0.0;53.0;2.8;0.868;29.85;12.3;43.0
5127;2024-08-01 15:00:00;0.62;2.8;5.9;9.0;41.0;98.0;33.94;713.5;0.0;48.0;2.7;1.09;31.03;13.1;91.0
5128;2024-08-01 16:00:00;0.59;2.8;5.5;8.6;36.0;86.0;31.39;713.3;0.0;45.0;2.7;0.925;31.46;14.6;108.0
5129;2024-08-01 17:00:00;0.6;2.7;5.1;8.0;37.0;78.0;31.96;713.1;0.0;45.0;2.7;0.687;31.37;16.1;115.0
5130;2024-08-01 18:00:00;0.63;2.8;6.0;9.1;35.0;76.0;32.2;712.8;0.0;44.0;2.8;0.377;31.28;15.7;94.0
5131;2024-08-01 19:00:00;0.62;2.5;7.0;9.8;31.0;81.0;31.19;713.0;0.0;46.0;2.8;0.064;30.62;14.7;102.0
5132;2024-08-01 20:00:00;0.63;2.1;7.7;10.0;26.0;81.0;32.01;713.3;0.0;49.0;2.7;0.011;29.54;13.3;104.0
5133;2024-08-01 21:00:00;0.63;1.9;8.1;10.2;23.0;83.0;33.06;713.6;0.0;53.0;2.7;0.001;28.68;10.6;99.0
5134;2024-08-01 22:00:00;0.61;1.9;7.7;9.8;22.0;85.0;33.31;713.9;0.0;55.0;2.7;0.001;28.21;8.6;105.0
5135;2024-08-01 23:00:00;0.65;2.1;10.5;12.8;17.0;85.0;35.72;714.0;0.0;55.0;2.8;0.001;27.78;10.3;66.0
5136;2024-08-02 00:00:00;0.58;1.9;6.6;8.7;19.0;99.0;33.36;714.3;0.0;58.0;2.7;0.001;27.04;5.7;89.0
5137;2024-08-02 01:00:00;0.59;6.6;11.9;18.7;10.0;90.0;31.72;714.4;0.0;64.0;2.8;0.001;26.34;6.2;30.0
5138;2024-08-02 02:00:00;0.59;10.3;11.5;22.1;8.0;84.0;31.09;714.4;0.0;70.0;2.8;0.001;25.24;8.6;26.0
5139;2024-08-02 03:00:00;0.57;14.5;13.9;28.6;5.0;80.0;30.28;714.3;0.0;75.0;2.8;0.001;24.28;6.7;36.0
5140;2024-08-02 04:00:00;0.59;17.1;14.6;31.9;4.0;91.0;31.42;714.0;0.0;77.0;2.9;0.001;23.79;5.6;49.0
5141;2024-08-02 05:00:00;0.74;5.2;13.7;19.1;5.0;90.0;31.13;714.0;0.0;78.0;3.2;0.001;23.64;5.9;27.0
5142;2024-08-02 06:00:00;0.76;5.1;13.5;18.8;5.0;81.0;31.8;714.2;0.0;78.0;3.0;0.001;23.53;6.4;36.0
5143;2024-08-02 07:00:00;0.7;11.5;13.9;25.6;5.0;87.0;33.24;714.4;0.0;78.0;3.1;0.019;23.55;5.6;8.0
5144;2024-08-02 08:00:00;1.1;13.9;13.6;27.9;7.0;85.0;34.16;714.9;0.0;76.0;3.1;0.084;23.92;4.7;10.0
5145;2024-08-02 09:00:00;1.24;15.6;15.5;31.5;11.0;85.0;36.57;715.1;0.0;72.0;3.1;0.315;25.05;4.3;10.0
5146;2024-08-02 10:00:00;1.17;14.7;19.1;34.1;19.0;94.0;41.84;715.3;0.0;63.0;3.2;0.716;27.17;7.0;44.0
5147;2024-08-02 11:00:00;0.88;10.8;20.0;31.1;26.0;104.0;40.32;715.3;0.0;60.0;3.0;0.701;27.68;8.6;36.0
5148;2024-08-02 12:00:00;0.77;7.4;17.4;25.0;40.0;111.0;39.76;715.2;0.0;57.0;3.1;0.97;28.6;10.8;57.0
5149;2024-08-02 13:00:00;0.72;3.0;10.8;14.0;65.0;98.0;40.72;714.7;0.0;52.0;3.5;1.14;29.82;10.3;56.0
5150;2024-08-02 14:00:00;0.64;3.0;7.8;11.1;44.0;95.0;34.33;714.2;0.0;47.0;3.5;0.864;30.61;14.2;68.0
5151;2024-08-02 15:00:00;0.58;3.3;5.7;9.2;33.0;81.0;26.52;713.7;0.0;42.0;3.3;1.052;31.43;13.3;100.0
5152;2024-08-02 16:00:00;0.56;3.0;5.0;8.2;31.0;68.0;24.87;713.2;0.0;40.0;3.1;0.945;31.82;14.1;130.0
5153;2024-08-02 17:00:00;0.59;3.5;5.8;9.5;33.0;64.0;22.91;712.9;0.0;41.0;3.0;0.69;32.21;12.6;112.0
5154;2024-08-02 18:00:00;0.61;3.1;5.9;9.2;32.0;61.0;21.29;712.6;0.0;43.0;2.9;0.377;31.89;12.6;119.0
5155;2024-08-02 19:00:00;0.59;2.6;6.6;9.4;30.0;55.0;19.44;712.6;0.0;44.0;3.0;0.059;31.1;12.5;118.0
5156;2024-08-02 20:00:00;0.62;2.2;8.1;10.6;26.0;56.0;20.64;712.7;0.0;46.0;2.9;0.01;30.17;11.3;96.0
5157;2024-08-02 21:00:00;0.64;2.1;9.3;11.6;21.0;50.0;19.36;712.8;0.0;51.0;2.8;0.001;29.33;9.1;128.0
5158;2024-08-02 22:00:00;0.61;2.0;7.4;9.7;21.0;54.0;20.48;713.1;0.0;57.0;2.8;0.001;28.23;9.6;131.0
5159;2024-08-02 23:00:00;0.61;1.8;7.0;9.0;21.0;61.0;21.23;713.4;0.0;58.0;2.8;0.001;27.83;8.0;113.0
5160;2024-08-03 00:00:00;0.59;1.8;6.2;8.3;22.0;55.0;20.52;713.2;0.0;57.0;2.8;0.001;27.69;8.6;125.0
5161;2024-08-03 01:00:00;0.6;1.8;6.3;8.3;22.0;54.0;21.42;713.0;0.0;60.0;2.8;0.001;27.02;8.1;109.0
5162;2024-08-03 02:00:00;0.63;1.8;7.5;9.5;16.0;59.0;23.62;713.0;0.0;68.0;2.7;0.001;25.52;3.9;33.0
5163;2024-08-03 03:00:00;0.67;6.0;19.1;25.4;6.0;62.0;26.45;712.5;0.0;69.0;2.8;0.001;25.44;5.1;328.0
5164;2024-08-03 04:00:00;0.76;9.4;20.0;29.7;4.0;77.0;28.1;712.4;0.0;71.0;2.9;0.001;25.08;4.5;353.0
5165;2024-08-03 05:00:00;0.92;10.6;17.1;28.0;5.0;75.0;26.23;712.6;0.0;76.0;2.9;0.001;24.34;3.6;343.0
5166;2024-08-03 06:00:00;1.04;17.5;15.9;33.7;5.0;79.0;26.39;712.7;0.0;79.0;3.0;0.001;23.93;3.0;34.0
5167;2024-08-03 07:00:00;0.82;14.4;14.2;28.8;5.0;78.0;28.5;712.8;0.0;81.0;2.9;0.032;23.52;2.5;293.0
5168;2024-08-03 08:00:00;0.81;13.5;13.9;27.7;8.0;78.0;40.33;713.0;0.0;76.0;2.9;0.191;24.52;5.1;335.0
5169;2024-08-03 09:00:00;0.83;12.0;16.0;28.3;17.0;84.0;38.66;713.2;0.0;67.0;3.0;0.455;26.46;3.6;22.0
5170;2024-08-03 10:00:00;0.93;9.9;19.0;29.2;26.0;95.0;35.41;713.3;0.0;58.0;3.0;0.695;28.4;4.9;7.0
5171;2024-08-03 11:00:00;1.14;7.7;20.6;28.6;41.0;93.0;30.78;713.3;0.0;52.0;3.2;0.895;29.77;6.5;37.0
5172;2024-08-03 12:00:00;0.72;4.5;14.1;18.9;55.0;92.0;23.98;713.1;0.0;45.0;3.7;1.038;30.7;9.4;75.0
5173;2024-08-03 13:00:00;0.6;2.7;7.7;10.7;58.0;69.0;15.51;712.8;0.0;38.0;3.6;1.182;31.69;12.7;67.0
5174;2024-08-03 14:00:00;0.57;2.9;6.9;10.1;55.0;61.0;15.69;712.3;0.0;34.0;5.0;1.166;32.42;14.4;54.0
5175;2024-08-03 15:00:00;0.55;2.5;6.5;9.3;53.0;61.0;16.72;711.7;0.0;33.0;7.8;1.095;33.0;12.3;96.0
5176;2024-08-03 16:00:00;0.53;2.3;5.3;7.7;51.0;50.0;15.08;711.1;0.0;35.0;5.5;0.94;32.96;12.4;125.0
5177;2024-08-03 17:00:00;0.53;2.4;5.1;7.7;44.0;45.0;13.59;710.5;0.0;36.0;4.4;0.705;33.07;12.3;125.0
5178;2024-08-03 18:00:00;0.54;2.3;5.0;7.5;43.0;43.0;13.84;710.3;0.0;37.0;3.8;0.381;32.69;12.7;124.0
5179;2024-08-03 19:00:00;0.53;2.0;4.8;7.0;43.0;43.0;13.92;710.1;0.0;38.0;3.6;0.047;32.05;12.3;107.0
5180;2024-08-03 20:00:00;0.58;2.0;8.1;10.3;31.0;42.0;15.77;710.1;0.0;40.0;3.4;0.008;30.8;12.5;81.0
5181;2024-08-03 21:00:00;0.59;2.0;8.6;10.9;25.0;50.0;15.88;710.6;0.0;43.0;3.2;0.001;30.17;10.4;95.0
5182;2024-08-03 22:00:00;0.64;2.1;9.2;11.6;26.0;51.0;30.16;711.1;0.0;46.0;3.2;0.001;29.34;8.5;131.0
5183;2024-08-03 23:00:00;0.59;1.8;7.0;9.1;27.0;45.0;14.51;711.4;0.0;47.0;3.0;0.001;28.82;8.0;100.0
5184;2024-08-04 00:00:00;0.56;1.8;6.0;8.1;27.0;40.0;14.71;711.5;0.0;47.0;3.0;0.001;28.47;8.3;100.0
5185;2024-08-04 01:00:00;0.65;1.9;10.5;12.6;18.0;42.0;18.41;711.5;0.0;54.0;3.0;0.001;27.48;5.9;42.0
5186;2024-08-04 02:00:00;0.66;4.0;11.2;15.4;12.0;48.0;19.28;711.3;0.0;64.0;2.9;0.001;25.87;6.9;32.0
5187;2024-08-04 03:00:00;0.68;8.8;16.3;25.3;6.0;53.0;23.31;711.0;0.0;70.0;2.9;0.001;24.93;4.7;6.0
5188;2024-08-04 04:00:00;0.73;6.1;16.7;23.0;4.0;76.0;24.02;710.6;0.0;73.0;3.0;0.001;24.13;1.8;260.0
5189;2024-08-04 05:00:00;0.75;4.7;16.6;21.5;4.0;67.0;21.95;710.4;0.0;73.0;2.9;0.001;24.01;2.6;232.0
5190;2024-08-04 06:00:00;0.75;3.9;14.3;18.4;5.0;84.0;21.62;710.6;0.0;75.0;3.0;0.001;23.89;3.3;311.0
5191;2024-08-04 07:00:00;0.75;5.8;12.9;18.9;5.0;89.0;25.03;710.9;0.0;79.0;2.8;0.033;23.71;2.5;328.0
5192;2024-08-04 08:00:00;0.65;5.6;12.3;18.2;16.0;84.0;17.62;711.0;0.0;56.0;4.3;0.204;25.69;3.7;238.0
5193;2024-08-04 09:00:00;0.56;4.4;9.5;14.2;28.0;77.0;14.0;711.3;0.0;42.0;5.0;0.465;28.08;5.4;216.0
5194;2024-08-04 10:00:00;0.88;6.1;13.8;20.2;36.0;47.0;18.59;711.7;0.0;42.0;4.2;0.714;29.83;5.8;352.0
5195;2024-08-04 11:00:00;0.85;8.8;21.5;30.5;39.0;62.0;23.95;711.8;0.0;42.0;4.9;0.905;30.78;7.9;49.0
5196;2024-08-04 12:00:00;0.67;2.9;9.5;12.6;63.0;65.0;19.02;711.8;0.0;40.0;4.2;1.092;31.45;10.6;73.0
5197;2024-08-04 13:00:00;0.66;2.3;7.2;9.7;70.0;63.0;19.95;711.6;0.0;40.0;3.6;1.17;32.01;12.6;55.0
5198;2024-08-04 14:00:00;0.57;2.2;5.1;7.5;58.0;58.0;15.68;711.1;0.0;36.0;3.5;1.173;32.71;13.8;65.0
5199;2024-08-04 15:00:00;0.56;2.2;5.6;8.1;61.0;48.0;21.33;710.6;0.0;36.0;5.8;1.021;33.0;14.3;70.0
5200;2024-08-04 16:00:00;0.54;2.3;4.8;7.4;47.0;57.0;22.46;710.3;0.0;35.0;6.7;0.757;32.91;14.5;80.0
5201;2024-08-04 17:00:00;0.53;2.2;3.7;6.1;39.0;47.0;15.32;710.0;0.0;35.0;4.7;0.702;33.16;13.0;118.0
5202;2024-08-04 18:00:00;0.53;2.1;3.5;5.9;35.0;41.0;13.24;709.9;0.0;36.0;3.5;0.383;32.85;12.8;115.0
5203;2024-08-04 19:00:00;0.53;2.0;3.9;6.1;33.0;38.0;13.32;710.0;0.0;38.0;3.0;0.052;32.16;12.1;102.0
5204;2024-08-04 20:00:00;0.57;1.9;4.9;7.0;31.0;39.0;14.27;710.3;0.0;40.0;2.9;0.009;30.93;12.1;83.0
5205;2024-08-04 21:00:00;0.6;1.8;6.1;8.2;28.0;62.0;15.58;710.8;0.0;44.0;2.9;0.001;30.22;8.7;117.0
5206;2024-08-04 22:00:00;0.6;1.8;5.5;7.5;27.0;50.0;15.5;711.2;0.0;47.0;2.8;0.001;29.68;7.7;136.0
5207;2024-08-04 23:00:00;0.64;1.8;6.1;8.2;25.0;46.0;16.14;711.4;0.0;49.0;2.9;0.001;29.12;9.3;104.0
5208;2024-08-05 00:00:00;0.66;1.8;7.6;9.6;21.0;49.0;17.31;711.5;0.0;53.0;3.0;0.001;28.37;6.0;113.0
5209;2024-08-05 01:00:00;0.65;1.9;8.5;10.7;17.0;48.0;16.63;711.4;0.0;58.0;2.8;0.001;27.58;5.9;63.0
5210;2024-08-05 02:00:00;0.67;1.8;8.1;10.1;16.0;53.0;17.58;711.3;0.0;62.0;2.9;0.001;26.78;8.8;41.0
5211;2024-08-05 03:00:00;0.65;17.0;13.6;30.8;8.0;52.0;20.75;711.2;0.0;70.0;2.9;0.001;25.52;7.3;47.0
5212;2024-08-05 04:00:00;0.63;8.5;12.0;20.7;8.0;57.0;20.01;711.2;0.0;74.0;2.9;0.001;24.65;7.5;53.0
5213;2024-08-05 05:00:00;0.69;12.9;16.6;29.8;4.0;68.0;22.98;711.4;0.0;76.0;3.2;0.001;24.15;5.8;51.0
5214;2024-08-05 06:00:00;0.79;12.5;17.2;30.0;4.0;72.0;23.06;711.6;0.0;77.0;3.2;0.001;23.89;3.8;66.0
5215;2024-08-05 07:00:00;0.77;19.1;15.7;35.1;5.0;73.0;22.13;711.8;0.0;77.0;3.3;0.028;23.94;3.3;46.0
5216;2024-08-05 08:00:00;0.95;28.9;16.0;45.1;6.0;62.0;24.01;712.4;0.0;73.0;3.4;0.185;24.73;6.2;36.0
5217;2024-08-05 09:00:00;1.2;15.3;15.8;31.4;14.0;71.0;23.96;712.7;0.0;67.0;3.3;0.45;26.01;4.7;
5218;2024-08-05 10:00:00;1.27;14.0;20.7;35.0;22.0;70.0;23.32;712.9;0.0;61.0;3.4;0.691;27.52;5.9;18.0
5219;2024-08-05 11:00:00;1.03;14.8;23.0;38.1;25.0;76.0;25.14;713.1;0.0;54.0;3.7;0.875;28.55;9.1;26.0
5220;2024-08-05 12:00:00;0.77;8.7;20.2;29.2;41.0;86.0;24.39;712.9;0.0;51.0;4.0;1.034;29.62;11.1;43.0
5221;2024-08-05 13:00:00;0.72;4.1;12.2;16.6;54.0;81.0;21.39;712.5;0.0;46.0;3.9;1.083;30.86;14.5;59.0
5222;2024-08-05 14:00:00;0.66;2.9;8.4;11.6;54.0;70.0;19.91;712.2;0.0;43.0;4.9;1.013;31.41;15.2;75.0
5223;2024-08-05 15:00:00;0.62;2.8;5.9;8.9;42.0;66.0;18.72;711.8;0.0;40.0;4.7;1.079;32.13;14.2;99.0
5224;2024-08-05 16:00:00;0.63;2.9;5.7;8.9;36.0;52.0;14.98;711.5;0.0;43.0;3.4;0.688;32.02;14.8;76.0
5225;2024-08-05 17:00:00;0.68;3.8;7.2;11.2;31.0;47.0;16.45;711.2;0.0;44.0;3.1;0.459;31.98;14.8;72.0
5226;2024-08-05 18:00:00;0.68;3.4;7.3;11.0;29.0;52.0;15.67;711.1;0.0;44.0;3.0;0.278;31.78;14.3;89.0
5227;2024-08-05 19:00:00;0.68;3.0;8.6;11.8;25.0;49.0;14.74;711.3;0.0;44.0;2.9;0.051;31.09;12.7;93.0
5228;2024-08-05 20:00:00;0.66;2.2;8.9;11.4;24.0;41.0;13.56;711.6;0.0;44.0;3.0;0.007;30.61;10.8;122.0
5229;2024-08-05 21:00:00;0.64;2.1;9.7;12.0;23.0;44.0;13.7;711.9;0.0;48.0;2.9;0.001;29.73;8.7;129.0
5230;2024-08-05 22:00:00;0.64;2.0;8.9;11.1;24.0;44.0;13.84;712.3;0.0;48.0;2.8;0.001;29.44;8.6;112.0
5231;2024-08-05 23:00:00;0.66;2.5;9.7;12.4;20.0;43.0;14.3;712.6;0.0;51.0;2.8;0.001;28.92;9.0;86.0
5232;2024-08-06 00:00:00;0.65;2.0;8.1;10.4;17.0;52.0;16.14;712.7;0.0;57.0;2.8;0.001;27.91;9.2;68.0
5233;2024-08-06 01:00:00;0.63;1.9;6.4;8.6;15.0;51.0;14.75;712.6;0.0;62.0;2.8;0.001;26.85;7.7;60.0
5234;2024-08-06 02:00:00;0.61;1.8;5.8;7.9;18.0;43.0;14.23;712.4;0.0;60.0;2.8;0.001;26.56;7.6;60.0
5235;2024-08-06 03:00:00;0.61;3.3;7.0;10.6;11.0;42.0;14.45;712.3;0.0;72.0;2.7;0.001;24.93;8.3;41.0
5236;2024-08-06 04:00:00;0.61;5.0;9.7;14.9;8.0;46.0;14.71;712.3;0.0;77.0;2.8;0.001;24.24;6.2;37.0
5237;2024-08-06 05:00:00;0.73;3.6;13.2;17.0;5.0;58.0;19.15;712.5;0.0;78.0;2.8;0.001;24.1;4.9;24.0
5238;2024-08-06 06:00:00;0.8;3.3;13.1;16.6;5.0;60.0;20.29;712.7;0.0;77.0;2.9;0.001;24.11;4.0;11.0
5239;2024-08-06 07:00:00;1.09;8.1;12.4;20.7;6.0;54.0;19.51;713.1;0.0;78.0;2.9;0.013;24.02;6.6;14.0
5240;2024-08-06 08:00:00;1.15;18.8;12.7;31.9;6.0;60.0;19.3;713.6;0.0;77.0;3.0;0.133;24.31;6.5;17.0
5241;2024-08-06 09:00:00;1.01;13.5;12.3;26.2;11.0;61.0;20.65;713.9;0.0;69.0;2.9;0.431;25.96;5.8;358.0
5242;2024-08-06 10:00:00;0.85;9.7;12.9;22.8;19.0;62.0;22.05;714.0;0.0;62.0;2.7;0.703;27.5;6.6;342.0
5243;2024-08-06 11:00:00;0.88;8.7;18.2;27.2;32.0;61.0;22.11;713.9;0.0;54.0;2.8;0.86;29.25;7.0;15.0
5244;2024-08-06 12:00:00;0.95;7.0;20.2;27.4;53.0;75.0;27.13;713.7;0.0;50.0;3.2;0.99;30.54;8.0;38.0
5245;2024-08-06 13:00:00;0.77;4.2;14.6;19.0;60.0;70.0;23.66;713.3;0.0;46.0;3.3;1.175;31.33;9.7;57.0
5246;2024-08-06 14:00:00;0.68;2.9;9.7;12.8;65.0;57.0;20.7;712.9;0.0;43.0;3.7;1.133;31.9;11.6;53.0
5247;2024-08-06 15:00:00;0.66;2.7;9.7;12.6;67.0;58.0;23.12;712.4;0.0;41.0;4.7;0.898;32.55;11.9;61.0
5248;2024-08-06 16:00:00;0.64;2.7;6.9;9.8;48.0;61.0;19.21;712.0;0.0;39.0;4.0;0.672;32.74;12.3;72.0
5249;2024-08-06 17:00:00;0.64;2.6;6.4;9.3;43.0;50.0;14.77;711.7;0.0;40.0;3.4;0.563;32.75;11.8;105.0
5250;2024-08-06 18:00:00;0.64;2.5;6.3;9.1;39.0;42.0;13.34;711.6;0.0;41.0;3.1;0.242;32.39;11.8;108.0
5251;2024-08-06 19:00:00;0.66;2.5;6.9;9.7;35.0;38.0;12.89;711.6;0.0;42.0;3.1;0.075;31.87;12.8;114.0
5252;2024-08-06 20:00:00;0.68;2.2;9.1;11.5;29.0;40.0;13.38;711.8;0.0;46.0;3.1;0.01;30.81;10.8;121.0
5253;2024-08-06 21:00:00;0.68;1.9;8.8;10.9;26.0;44.0;13.46;711.9;0.0;49.0;3.1;0.001;30.07;10.8;119.0
5254;2024-08-06 22:00:00;0.67;1.9;8.3;10.5;25.0;41.0;13.21;712.2;0.0;50.0;3.0;0.001;29.52;9.1;107.0
5255;2024-08-06 23:00:00;0.66;1.9;7.9;10.0;25.0;42.0;13.85;712.3;0.0;50.0;3.2;0.001;29.2;7.0;106.0
5256;2024-08-07 00:00:00;0.63;1.8;6.8;8.9;25.0;40.0;13.34;712.1;0.0;50.0;3.0;0.001;28.94;7.4;82.0
5257;2024-08-07 01:00:00;0.64;1.8;6.7;8.7;22.0;37.0;12.89;711.9;0.0;52.0;2.9;0.001;28.04;2.7;99.0
5258;2024-08-07 02:00:00;0.69;2.3;12.9;15.5;14.0;36.0;12.62;711.8;0.0;57.0;3.0;0.001;27.5;4.1;12.0
5259;2024-08-07 03:00:00;0.81;5.8;19.3;25.4;4.0;50.0;16.28;711.6;0.0;67.0;4.0;0.001;26.64;3.6;322.0
5260;2024-08-07 04:00:00;0.9;10.3;17.7;28.3;5.0;59.0;15.67;711.6;0.0;70.0;4.3;0.001;26.28;5.3;
5261;2024-08-07 05:00:00;1.42;28.2;17.2;45.6;5.0;62.0;19.41;711.6;0.0;74.0;3.9;0.001;25.57;4.1;2.0
5262;2024-08-07 06:00:00;0.81;10.4;14.1;24.8;4.0;61.0;16.74;711.7;0.0;76.0;3.2;0.001;24.95;2.7;304.0
5263;2024-08-07 07:00:00;0.91;15.2;14.3;29.8;4.0;68.0;15.64;711.8;0.0;75.0;3.3;0.038;24.97;2.0;313.0
5264;2024-08-07 08:00:00;0.93;19.8;19.1;39.2;7.0;60.0;16.52;712.1;0.0;65.0;3.2;0.198;27.02;2.8;358.0
5265;2024-08-07 09:00:00;0.94;14.4;20.9;35.6;15.0;61.0;17.35;712.2;0.0;56.0;3.1;0.432;28.69;4.5;35.0
5266;2024-08-07 10:00:00;0.92;9.4;20.8;30.5;29.0;91.0;22.37;712.2;0.0;49.0;3.0;0.673;30.39;4.0;23.0
5267;2024-08-07 11:00:00;0.8;5.0;11.8;17.0;43.0;104.0;20.75;712.0;0.0;41.0;3.2;0.89;31.9;5.9;18.0
5268;2024-08-07 12:00:00;1.02;3.3;13.3;16.8;65.0;63.0;17.61;711.6;0.0;36.0;3.4;0.86;32.93;6.2;308.0
5269;2024-08-07 13:00:00;0.74;3.2;11.6;15.1;71.0;60.0;18.2;711.1;0.0;31.0;3.8;1.077;33.86;7.5;1.0
5270;2024-08-07 14:00:00;0.73;3.1;13.7;16.9;86.0;59.0;17.4;710.4;0.0;30.0;4.0;1.058;34.64;8.6;68.0
5271;2024-08-07 15:00:00;0.69;2.6;11.8;14.6;95.0;57.0;17.74;709.7;0.0;29.0;3.8;0.971;34.99;7.8;63.0
5272;2024-08-07 16:00:00;0.67;2.6;11.3;14.1;91.0;54.0;16.37;709.1;0.0;26.0;3.8;0.832;35.49;8.2;36.0
5273;2024-08-07 17:00:00;0.68;2.6;11.7;14.5;94.0;61.0;17.83;708.7;0.0;27.0;3.7;0.589;35.32;10.7;69.0
5274;2024-08-07 18:00:00;0.71;2.3;11.0;13.5;86.0;65.0;15.01;708.5;0.0;29.0;3.5;0.311;34.91;10.4;96.0
5275;2024-08-07 19:00:00;0.74;2.2;10.2;12.6;80.0;57.0;14.96;708.4;0.0;35.0;3.4;0.042;33.1;10.1;143.0
5276;2024-08-07 20:00:00;0.73;1.9;11.1;13.3;73.0;54.0;15.44;708.4;0.0;36.0;3.6;0.007;32.17;8.5;127.0
5277;2024-08-07 21:00:00;0.72;1.8;9.9;12.0;74.0;55.0;17.59;708.5;0.0;38.0;3.9;0.001;31.48;8.7;123.0
5278;2024-08-07 22:00:00;0.73;1.9;12.8;14.9;65.0;52.0;17.5;708.9;0.0;39.0;3.6;0.001;30.93;6.5;111.0
5279;2024-08-07 23:00:00;0.72;1.9;11.3;13.4;56.0;50.0;16.79;709.1;0.0;41.0;3.7;0.001;30.12;3.2;273.0
5280;2024-08-08 00:00:00;0.72;1.9;13.4;15.5;42.0;45.0;16.15;709.0;0.0;39.0;4.0;0.001;29.81;4.7;186.0
5281;2024-08-08 01:00:00;0.85;2.0;23.5;25.7;21.0;45.0;16.25;708.9;0.0;42.0;3.7;0.001;28.96;3.2;193.0
5282;2024-08-08 02:00:00;0.79;2.0;18.3;20.4;29.0;48.0;17.32;708.8;0.0;45.0;3.7;0.001;28.56;4.7;156.0
5283;2024-08-08 03:00:00;0.74;2.0;16.7;18.8;29.0;53.0;17.65;708.5;0.0;46.0;3.9;0.001;27.81;5.4;201.0
5284;2024-08-08 04:00:00;0.66;1.9;10.2;12.4;44.0;45.0;17.91;708.5;0.0;44.0;4.3;0.001;27.63;5.2;214.0
5285;2024-08-08 05:00:00;0.65;1.9;9.9;12.0;42.0;47.0;17.85;708.5;0.0;46.0;4.2;0.001;27.05;3.8;222.0
5286;2024-08-08 06:00:00;0.72;2.1;17.6;19.8;33.0;53.0;20.35;708.7;0.0;46.0;4.1;0.001;26.7;4.8;204.0
5287;2024-08-08 07:00:00;0.73;3.1;16.9;20.1;38.0;53.0;18.82;708.9;0.0;41.0;4.8;0.032;27.18;5.0;243.0
5288;2024-08-08 08:00:00;0.94;15.0;37.0;52.2;16.0;54.0;19.95;709.2;0.0;42.0;4.5;0.19;28.8;2.4;328.0
5289;2024-08-08 09:00:00;0.95;12.8;34.0;47.0;32.0;93.0;26.91;709.3;0.0;36.0;4.5;0.444;31.04;3.4;351.0
5290;2024-08-08 10:00:00;0.75;4.6;15.7;20.5;54.0;98.0;19.2;709.2;0.0;30.0;4.3;0.704;32.72;5.0;206.0
5291;2024-08-08 11:00:00;0.68;3.1;10.0;13.3;67.0;60.0;14.57;709.1;0.0;25.0;3.9;0.915;34.84;5.5;201.0
5292;2024-08-08 12:00:00;0.6;2.4;4.5;7.1;65.0;42.0;12.93;709.1;0.0;23.0;3.4;1.086;35.38;9.5;108.0
5293;2024-08-08 13:00:00;0.63;2.3;6.9;9.5;80.0;35.0;13.53;708.9;0.0;23.0;3.3;0.742;35.3;9.8;122.0
5294;2024-08-08 14:00:00;0.67;2.2;7.8;10.2;99.0;42.0;16.57;708.6;0.0;23.0;3.4;0.961;35.69;9.6;121.0
5295;2024-08-08 15:00:00;0.68;2.3;8.8;11.3;109.0;45.0;18.43;708.3;0.0;23.0;3.5;0.792;35.89;8.8;64.0
5296;2024-08-08 16:00:00;0.68;2.2;8.5;10.9;110.0;54.0;19.38;707.9;0.0;23.0;3.6;0.818;36.57;9.2;76.0
5297;2024-08-08 17:00:00;0.7;2.2;9.1;11.5;103.0;57.0;20.45;707.7;0.0;25.0;4.7;0.529;35.79;12.0;85.0
5298;2024-08-08 18:00:00;0.71;2.3;11.3;13.8;93.0;58.0;22.16;707.5;0.0;26.0;5.6;0.314;35.79;10.7;68.0
5299;2024-08-08 19:00:00;0.71;2.2;11.3;13.7;70.0;57.0;22.54;707.5;0.0;27.0;5.4;0.062;34.71;11.4;93.0
5300;2024-08-08 20:00:00;0.78;2.1;13.4;15.6;70.0;51.0;23.71;707.7;0.0;30.0;5.7;0.008;33.59;8.2;134.0
5301;2024-08-08 21:00:00;0.82;2.1;17.6;19.9;65.0;54.0;27.69;708.0;0.0;32.0;4.8;0.001;32.8;8.1;112.0
5302;2024-08-08 22:00:00;0.78;2.0;13.9;16.0;52.0;54.0;24.57;708.5;0.0;37.0;4.2;0.001;31.78;11.3;87.0
5303;2024-08-08 23:00:00;0.74;2.0;9.7;12.0;31.0;58.0;19.08;709.2;0.0;51.0;3.5;0.001;29.71;11.5;60.0
5304;2024-08-09 00:00:00;0.75;1.9;9.0;11.2;27.0;51.0;17.07;709.8;0.0;58.0;3.3;0.001;28.41;10.6;40.0
5305;2024-08-09 01:00:00;0.75;3.2;15.7;19.2;18.0;50.0;16.28;710.1;0.0;61.0;3.3;0.001;27.5;8.3;26.0
5306;2024-08-09 02:00:00;0.73;2.5;12.8;15.5;19.0;50.0;17.15;710.0;0.0;65.0;3.4;0.001;26.91;8.1;44.0
5307;2024-08-09 03:00:00;0.72;3.2;19.4;22.8;11.0;46.0;18.18;710.0;0.0;67.0;3.6;0.001;26.25;7.6;16.0
5308;2024-08-09 04:00:00;0.7;3.5;15.3;19.0;14.0;48.0;18.08;710.1;0.0;70.0;3.5;0.001;25.76;6.3;41.0
5309;2024-08-09 05:00:00;0.67;2.0;6.9;9.1;21.0;48.0;15.61;710.3;0.0;72.0;3.2;0.001;25.43;6.3;56.0
5310;2024-08-09 06:00:00;0.67;1.9;5.4;7.5;21.0;47.0;14.78;710.5;0.0;74.0;3.1;0.001;25.25;6.9;46.0
5311;2024-08-09 07:00:00;0.71;2.5;7.6;10.4;18.0;49.0;16.25;710.8;0.0;75.0;3.0;0.015;25.21;8.0;58.0
5312;2024-08-09 08:00:00;0.75;3.5;8.9;12.7;20.0;50.0;17.43;711.0;0.0;69.0;3.1;0.17;26.21;4.6;33.0
5313;2024-08-09 09:00:00;0.85;7.3;14.8;22.4;17.0;49.0;19.48;711.3;0.0;67.0;3.2;0.266;26.9;7.2;51.0
5314;2024-08-09 10:00:00;0.8;5.8;10.8;16.9;22.0;51.0;20.72;711.6;0.0;67.0;3.1;0.452;27.17;9.7;56.0
5315;2024-08-09 11:00:00;0.81;10.2;14.2;24.6;24.0;50.0;24.98;712.0;0.0;64.0;3.4;0.816;28.26;12.0;45.0
5316;2024-08-09 12:00:00;0.79;4.1;9.0;13.4;38.0;67.0;29.84;712.2;0.0;61.0;3.2;0.872;28.95;14.7;53.0
5317;2024-08-09 13:00:00;0.77;3.1;6.8;10.1;40.0;68.0;28.24;711.9;0.0;55.0;3.2;0.858;29.94;14.8;71.0
5318;2024-08-09 14:00:00;0.76;2.9;7.1;10.3;39.0;63.0;21.27;711.6;0.0;50.0;3.2;0.405;30.61;13.5;79.0
5319;2024-08-09 15:00:00;0.72;2.7;6.5;9.5;42.0;52.0;20.69;711.3;0.0;49.0;3.1;0.434;30.66;17.5;85.0
5320;2024-08-09 16:00:00;0.72;2.6;5.7;8.5;49.0;66.0;18.45;711.1;0.0;44.0;3.1;0.939;30.85;13.6;117.0
5321;2024-08-09 17:00:00;0.73;2.6;7.6;10.4;43.0;48.0;15.29;711.0;0.0;45.0;3.2;0.257;30.55;12.2;117.0
5322;2024-08-09 18:00:00;0.75;2.9;7.6;10.8;37.0;43.0;18.21;711.1;0.0;49.0;3.1;0.292;30.48;12.3;116.0
5323;2024-08-09 19:00:00;0.75;2.6;7.8;10.7;36.0;44.0;18.72;710.8;0.0;50.0;3.2;0.08;30.4;12.1;93.0
5324;2024-08-09 20:00:00;0.8;2.2;11.0;13.4;29.0;49.0;17.27;710.8;0.0;55.0;3.2;0.008;29.12;12.3;104.0
5325;2024-08-09 21:00:00;0.72;3.9;11.9;16.0;24.0;43.0;18.39;711.5;0.0;59.0;3.1;0.001;28.04;11.6;124.0
5326;2024-08-09 22:00:00;0.82;2.8;14.2;17.1;16.0;49.0;18.37;712.2;0.0;63.0;3.2;0.001;27.21;10.4;64.0
5327;2024-08-09 23:00:00;0.76;2.1;10.7;13.0;17.0;42.0;17.74;712.9;0.0;63.0;3.1;0.001;26.92;9.1;80.0
5328;2024-08-10 00:00:00;0.72;1.9;6.5;8.7;20.0;48.0;20.0;713.4;0.0;65.0;3.0;0.001;26.33;7.9;102.0
5329;2024-08-10 01:00:00;0.72;1.9;7.6;9.8;17.0;49.0;19.71;713.7;0.0;69.0;3.0;0.001;25.66;7.7;74.0
5330;2024-08-10 02:00:00;0.68;1.9;4.7;6.8;21.0;46.0;19.99;713.5;0.0;70.0;3.0;0.001;25.4;8.3;80.0
5331;2024-08-10 03:00:00;0.71;1.9;7.4;9.6;14.0;44.0;21.69;713.3;0.0;77.0;3.0;0.001;24.46;9.3;59.0
5332;2024-08-10 04:00:00;0.69;1.8;6.2;8.3;16.0;54.0;21.0;713.1;0.0;76.0;3.1;0.001;24.46;6.6;39.0
5333;2024-08-10 05:00:00;0.69;4.1;9.4;13.8;13.0;51.0;25.0;713.1;0.0;77.0;3.0;0.001;24.12;7.7;32.0
5334;2024-08-10 06:00:00;0.72;16.4;17.0;33.7;4.0;60.0;26.0;713.2;0.0;82.0;3.4;0.001;23.62;4.5;34.0
5335;2024-08-10 07:00:00;0.77;10.5;16.7;27.5;4.0;66.0;28.0;713.7;0.0;81.0;3.5;0.017;23.72;3.6;32.0
5336;2024-08-10 08:00:00;0.88;10.8;15.8;26.9;7.0;57.0;28.0;714.0;0.0;79.0;3.8;0.079;24.08;4.9;357.0
5337;2024-08-10 09:00:00;1.02;10.5;16.1;26.9;12.0;59.0;;714.4;0.0;75.0;3.5;0.17;24.82;7.0;11.0
5338;2024-08-10 10:00:00;0.88;8.2;16.1;24.5;21.0;66.0;29.0;714.7;0.0;69.0;3.3;0.386;25.93;7.3;353.0
5339;2024-08-10 11:00:00;0.86;7.2;16.5;23.9;33.0;65.0;25.0;714.8;0.0;61.0;3.2;0.772;27.99;7.4;28.0
5340;2024-08-10 12:00:00;0.78;3.7;9.8;13.8;47.0;62.0;22.0;714.5;0.0;52.0;3.1;1.078;29.55;12.4;61.0
5341;2024-08-10 13:00:00;0.75;3.5;7.5;11.3;39.0;56.0;17.0;714.1;0.0;44.0;3.6;1.109;30.9;13.8;86.0
5342;2024-08-10 14:00:00;0.68;2.8;4.2;7.2;32.0;47.0;14.0;713.7;0.0;40.0;3.4;1.178;31.42;15.2;128.0
5343;2024-08-10 15:00:00;0.7;3.0;5.1;8.3;33.0;43.0;14.0;713.3;0.0;43.0;3.2;0.918;31.63;15.9;88.0
5344;2024-08-10 16:00:00;0.68;3.4;5.0;8.7;30.0;44.0;12.0;712.9;0.0;43.0;3.1;0.829;31.46;18.6;74.0
5345;2024-08-10 17:00:00;0.65;3.0;4.7;8.0;30.0;41.0;11.0;712.7;0.0;40.0;3.1;0.557;31.64;17.2;83.0
5346;2024-08-10 18:00:00;0.62;3.0;4.7;8.0;29.0;39.0;10.0;712.5;0.0;38.0;3.0;0.397;32.01;14.6;82.0
5347;2024-08-10 19:00:00;0.61;2.3;4.5;7.0;29.0;35.0;8.0;712.3;0.0;37.0;3.1;0.053;31.55;12.5;93.0
5348;2024-08-10 20:00:00;0.63;2.1;6.4;8.7;27.0;33.0;9.0;712.5;0.0;38.0;3.1;0.006;30.53;10.7;114.0
5349;2024-08-10 21:00:00;0.68;2.1;7.9;10.2;20.0;35.0;12.0;713.0;0.0;45.0;3.1;0.001;29.43;11.1;124.0
5350;2024-08-10 22:00:00;0.68;2.0;7.6;9.9;20.0;43.0;12.0;713.4;0.0;46.0;3.1;0.001;28.95;8.8;132.0
5351;2024-08-10 23:00:00;0.64;1.9;6.5;8.7;22.0;36.0;9.0;713.6;0.0;47.0;3.1;0.001;28.66;8.9;132.0
5352;2024-08-11 00:00:00;0.65;1.9;6.7;8.8;22.0;33.0;10.0;713.8;0.0;46.0;3.0;0.001;28.29;7.1;119.0
5353;2024-08-11 01:00:00;0.69;2.5;10.5;13.2;17.0;37.0;12.0;713.8;0.0;50.0;3.2;0.001;27.66;7.0;50.0
5354;2024-08-11 02:00:00;0.71;2.1;10.1;12.4;14.0;40.0;14.0;713.6;0.0;57.0;3.1;0.001;26.37;6.8;54.0
5355;2024-08-11 03:00:00;0.73;7.9;12.8;21.0;9.0;46.0;13.0;713.5;0.0;63.0;3.2;0.001;25.29;6.9;17.0
5356;2024-08-11 04:00:00;0.73;4.3;14.4;18.9;6.0;53.0;12.0;713.4;0.0;71.0;3.6;0.001;24.33;7.9;1.0
5357;2024-08-11 05:00:00;0.79;3.3;12.6;16.1;7.0;50.0;11.0;713.3;0.0;74.0;3.3;0.001;23.98;6.3;43.0
5358;2024-08-11 06:00:00;0.79;5.3;13.8;19.3;5.0;48.0;10.0;713.4;0.0;77.0;3.6;0.001;23.62;4.1;27.0
5359;2024-08-11 07:00:00;0.94;3.6;11.9;15.7;6.0;45.0;10.0;713.6;0.0;80.0;3.3;0.022;23.22;2.1;282.0
5360;2024-08-11 08:00:00;0.89;8.9;12.4;21.5;9.0;38.0;11.0;713.8;0.0;73.0;3.6;0.133;24.6;1.9;229.0
5361;2024-08-11 09:00:00;0.82;8.6;11.2;20.1;15.0;49.0;14.0;713.9;0.0;69.0;3.3;0.391;25.66;5.1;349.0
5362;2024-08-11 10:00:00;0.79;6.2;11.3;17.8;20.0;45.0;13.0;714.0;0.0;65.0;3.3;0.417;26.61;5.7;342.0
5363;2024-08-11 11:00:00;0.84;5.4;12.1;17.8;35.0;43.0;17.0;713.9;0.0;57.0;3.5;0.749;28.24;6.4;4.0
5364;2024-08-11 12:00:00;0.93;8.6;18.9;27.7;41.0;55.0;14.0;713.6;0.0;51.0;3.8;0.954;29.76;8.0;46.0
5365;2024-08-11 13:00:00;0.8;2.6;9.3;12.2;77.0;58.0;13.0;713.1;0.0;45.0;3.8;1.252;31.21;9.4;62.0
5366;2024-08-11 14:00:00;0.73;2.4;8.2;10.9;75.0;49.0;13.0;712.5;0.0;41.0;3.8;0.936;31.59;13.2;43.0
5367;2024-08-11 15:00:00;0.64;2.3;5.2;7.7;57.0;45.0;9.0;712.1;0.0;36.0;4.9;0.759;31.99;15.2;74.0
5368;2024-08-11 16:00:00;0.61;2.4;4.4;7.0;47.0;38.0;10.0;711.9;0.0;34.0;5.2;0.634;31.86;17.6;75.0
5369;2024-08-11 17:00:00;0.62;2.5;4.4;7.1;41.0;36.0;9.0;711.9;0.0;35.0;3.8;0.616;32.09;15.1;86.0
5370;2024-08-11 18:00:00;0.6;2.1;3.2;5.6;42.0;29.0;8.0;711.8;0.0;35.0;3.4;0.356;31.9;14.4;104.0
5371;2024-08-11 19:00:00;0.6;2.1;3.5;5.8;35.0;31.0;9.0;711.7;0.0;39.0;3.1;0.086;30.94;14.5;101.0
5372;2024-08-11 20:00:00;0.64;1.9;4.9;7.0;32.0;29.0;9.0;711.5;0.0;41.0;3.2;0.009;30.1;11.8;121.0
5373;2024-08-11 21:00:00;0.66;1.8;6.8;8.9;30.0;27.0;;711.4;0.0;41.0;3.2;0.001;29.4;8.0;131.0
5374;2024-08-11 22:00:00;0.65;1.9;7.0;9.1;29.0;30.0;;711.5;0.0;41.0;3.2;0.001;28.92;6.1;149.0
5375;2024-08-11 23:00:00;0.65;1.8;6.4;8.5;29.0;30.0;;711.9;0.0;42.0;3.1;0.001;28.81;7.4;99.0
5376;2024-08-12 00:00:00;0.61;1.8;4.5;6.6;31.0;27.0;;712.2;0.0;42.0;3.1;0.001;28.52;8.4;108.0
5377;2024-08-12 01:00:00;0.66;1.9;7.4;9.5;25.0;27.0;10.0;712.1;0.0;48.0;3.1;0.001;27.49;10.8;79.0
5378;2024-08-12 02:00:00;0.65;1.8;4.8;6.9;25.0;33.0;9.0;711.9;0.0;54.0;3.1;0.001;26.49;9.5;93.0
5379;2024-08-12 03:00:00;0.63;1.8;4.6;6.7;25.0;34.0;4.0;711.8;0.0;56.0;3.1;0.001;25.96;6.0;67.0
5380;2024-08-12 04:00:00;0.69;3.5;15.7;19.4;9.0;32.0;;711.7;0.0;67.0;3.2;0.001;24.76;7.2;358.0
5381;2024-08-12 05:00:00;0.7;4.1;16.5;20.8;7.0;45.0;;711.8;0.0;74.0;3.8;0.001;23.89;6.0;359.0
5382;2024-08-12 06:00:00;0.88;4.5;16.7;21.5;7.0;47.0;;711.9;0.0;76.0;4.5;0.001;23.59;5.8;16.0
5383;2024-08-12 07:00:00;0.88;8.3;18.1;26.7;6.0;52.0;;712.0;0.0;77.0;3.7;0.017;23.29;2.9;28.0
5384;2024-08-12 08:00:00;0.94;18.7;18.8;37.8;7.0;47.0;;712.6;0.0;76.0;3.8;0.126;24.04;6.1;60.0
5385;2024-08-12 09:00:00;0.94;25.7;20.8;46.7;8.0;55.0;;713.0;0.0;72.0;3.9;0.269;24.93;6.6;36.0
5386;2024-08-12 10:00:00;0.88;12.1;16.3;28.7;21.0;64.0;;713.0;0.0;64.0;3.9;0.586;26.53;6.3;16.0
5387;2024-08-12 11:00:00;0.92;8.3;17.7;26.3;33.0;59.0;;712.8;0.0;58.0;3.9;0.762;27.94;6.6;5.0
5388;2024-08-12 12:00:00;0.88;8.0;21.5;29.7;45.0;59.0;;712.4;0.0;51.0;3.9;0.929;29.5;7.5;42.0
5389;2024-08-12 13:00:00;0.82;2.8;11.6;14.6;79.0;59.0;;712.0;0.0;46.0;4.2;1.127;30.72;9.4;71.0
5390;2024-08-12 14:00:00;0.75;2.7;7.2;10.1;59.0;55.0;8.28;711.5;0.0;44.0;3.8;1.069;31.63;12.2;49.0
5391;2024-08-12 15:00:00;0.67;2.6;5.0;7.9;40.0;47.0;6.82;711.1;0.0;42.0;3.4;1.007;32.11;16.5;97.0
5392;2024-08-12 16:00:00;0.67;2.7;5.0;8.0;37.0;41.0;5.95;710.7;0.0;40.0;3.1;0.638;32.51;14.2;96.0
5393;2024-08-12 17:00:00;0.66;2.9;5.0;8.1;35.0;33.0;5.23;710.4;0.0;38.0;3.1;0.617;32.84;13.9;100.0
5394;2024-08-12 18:00:00;0.67;2.8;5.8;8.9;35.0;32.0;5.21;710.0;0.0;37.0;3.1;0.328;32.99;12.4;112.0
5395;2024-08-12 19:00:00;0.69;2.7;6.3;9.2;31.0;29.0;6.05;710.2;0.0;40.0;3.1;0.047;32.16;13.2;120.0
5396;2024-08-12 20:00:00;0.68;2.0;6.8;9.0;31.0;31.0;5.47;710.5;0.0;44.0;3.0;0.005;30.72;12.8;119.0
5397;2024-08-12 21:00:00;0.68;2.0;5.7;7.9;28.0;31.0;5.18;710.7;0.0;53.0;2.9;0.001;29.27;15.3;129.0
5398;2024-08-12 22:00:00;0.67;1.9;5.4;7.5;27.0;37.0;5.0;711.1;0.0;56.0;2.9;0.001;28.56;16.4;115.0
5399;2024-08-12 23:00:00;0.65;1.9;4.0;6.1;27.0;30.0;5.0;711.6;0.0;58.0;2.9;0.001;27.69;16.4;120.0
5400;2024-08-13 00:00:00;0.64;1.8;3.1;5.2;26.0;28.0;5.0;711.6;0.0;61.0;2.9;0.001;26.68;13.0;113.0
5401;2024-08-13 01:00:00;0.64;1.8;3.6;5.6;25.0;30.0;5.04;711.6;0.0;64.0;2.9;0.001;26.04;10.0;70.0
5402;2024-08-13 02:00:00;0.62;1.8;2.5;4.5;25.0;29.0;4.71;711.6;0.0;66.0;2.9;0.001;25.55;9.8;49.0
5403;2024-08-13 03:00:00;0.65;9.5;14.6;24.3;9.0;28.0;9.45;711.7;0.0;71.0;3.1;0.001;24.65;9.0;30.0
5404;2024-08-13 04:00:00;0.66;3.3;14.0;17.5;9.0;35.0;11.53;711.6;0.0;74.0;3.2;0.001;23.98;7.0;351.0
5405;2024-08-13 05:00:00;0.66;5.6;15.9;21.7;7.0;48.0;10.73;711.5;0.0;75.0;3.3;0.001;23.61;6.1;19.0
5406;2024-08-13 06:00:00;0.69;3.7;16.3;20.2;7.0;48.0;12.05;711.6;0.0;76.0;3.4;0.001;23.31;6.5;32.0
5407;2024-08-13 07:00:00;0.8;8.1;18.0;26.4;6.0;51.0;14.83;711.8;0.0;76.0;3.8;0.022;23.16;3.7;30.0
5408;2024-08-13 08:00:00;0.88;25.6;17.9;43.7;6.0;53.0;19.22;712.5;0.0;75.0;4.1;0.143;23.69;6.7;62.0
5409;2024-08-13 09:00:00;0.96;19.3;17.5;37.1;10.0;84.0;24.11;712.7;0.0;71.0;4.0;0.238;24.45;4.4;22.0
5410;2024-08-13 10:00:00;1.03;13.8;18.1;32.2;20.0;76.0;27.53;712.8;0.0;64.0;3.7;0.553;26.26;6.4;20.0
5411;2024-08-13 11:00:00;1.14;12.3;22.8;35.3;30.0;66.0;29.01;713.0;0.0;59.0;3.7;0.929;27.71;7.1;45.0
5412;2024-08-13 12:00:00;1.0;9.1;24.3;33.6;48.0;75.0;28.16;713.0;0.0;55.0;3.8;1.035;28.64;9.6;42.0
5413;2024-08-13 13:00:00;0.85;3.2;13.1;16.6;71.0;75.0;20.08;712.7;0.0;51.0;3.6;0.935;29.53;9.3;56.0
5414;2024-08-13 14:00:00;0.77;2.5;7.0;9.7;60.0;58.0;13.17;712.1;0.0;43.0;3.5;1.069;31.52;11.2;107.0
5415;2024-08-13 15:00:00;0.7;2.7;4.9;7.8;41.0;40.0;9.86;711.5;0.0;42.0;3.3;1.067;32.12;14.2;116.0
5416;2024-08-13 16:00:00;0.66;2.7;4.5;7.5;37.0;38.0;9.5;711.1;0.0;38.0;3.2;0.847;32.73;15.8;107.0
5417;2024-08-13 17:00:00;0.66;3.3;5.2;8.8;35.0;40.0;9.68;710.9;0.0;38.0;3.2;0.693;32.85;16.5;114.0
5418;2024-08-13 18:00:00;0.66;2.9;5.1;8.2;34.0;42.0;9.71;710.8;0.0;39.0;3.2;0.379;32.4;17.6;118.0
5419;2024-08-13 19:00:00;0.67;2.6;5.8;8.6;30.0;42.0;10.02;710.8;0.0;42.0;3.2;0.043;31.51;17.1;114.0
5420;2024-08-13 20:00:00;0.7;2.2;7.3;9.8;26.0;42.0;10.75;711.1;0.0;47.0;3.2;0.006;30.19;14.1;125.0
5421;2024-08-13 21:00:00;0.68;2.0;7.3;9.5;23.0;40.0;11.24;711.3;0.0;50.0;3.0;0.001;29.39;13.6;123.0
5422;2024-08-13 22:00:00;0.7;2.1;7.6;10.0;21.0;38.0;11.63;711.6;0.0;52.0;3.1;0.001;28.88;9.3;86.0
5423;2024-08-13 23:00:00;0.67;1.9;5.2;7.3;21.0;43.0;11.43;712.2;0.0;57.0;3.0;0.001;27.97;11.9;121.0
5424;2024-08-14 00:00:00;0.65;1.8;4.4;6.4;20.0;41.0;10.57;712.4;0.0;63.0;2.9;0.001;26.97;11.0;117.0
5425;2024-08-14 01:00:00;0.65;1.8;4.0;6.0;18.0;40.0;10.48;712.3;0.0;68.0;2.9;0.001;26.14;9.0;90.0
5426;2024-08-14 02:00:00;0.65;1.8;4.4;6.5;15.0;42.0;11.08;712.1;0.0;71.0;2.9;0.001;25.6;8.1;53.0
5427;2024-08-14 03:00:00;0.65;3.1;7.2;10.5;11.0;39.0;11.93;711.8;0.0;76.0;3.1;0.001;24.76;8.4;31.0
5428;2024-08-14 04:00:00;0.67;1.8;4.0;6.0;14.0;40.0;11.21;711.7;0.0;78.0;3.0;0.001;24.29;6.9;38.0
5429;2024-08-14 05:00:00;0.62;4.3;7.4;11.9;11.0;39.0;11.85;711.7;0.0;80.0;3.0;0.001;24.04;6.6;41.0
5430;2024-08-14 06:00:00;0.65;14.8;11.5;26.6;7.0;43.0;14.96;711.9;0.0;79.0;3.2;0.001;24.01;6.5;48.0
5431;2024-08-14 07:00:00;0.75;22.1;16.8;39.1;4.0;48.0;17.67;712.1;0.0;80.0;3.3;0.013;23.87;4.4;21.0
5432;2024-08-14 08:00:00;0.83;17.6;16.0;33.9;6.0;65.0;18.8;712.4;0.0;78.0;3.7;0.111;24.36;5.0;20.0
5433;2024-08-14 09:00:00;0.97;14.9;16.6;31.8;8.0;65.0;20.79;712.6;0.0;74.0;3.4;0.193;25.09;6.1;21.0
5434;2024-08-14 10:00:00;1.0;22.1;19.6;42.0;12.0;73.0;24.48;712.8;0.0;69.0;3.6;0.486;26.22;7.8;48.0
5435;2024-08-14 11:00:00;1.0;15.4;23.3;38.9;18.0;78.0;25.75;713.0;0.0;65.0;3.4;0.471;27.17;8.2;63.0
5436;2024-08-14 12:00:00;0.94;10.1;20.7;31.0;35.0;75.0;27.0;712.8;0.0;58.0;3.3;1.0;28.59;9.8;55.0
5437;2024-08-14 13:00:00;0.89;5.6;20.2;26.1;60.0;77.0;25.97;712.3;0.0;52.0;3.3;1.135;29.82;8.6;56.0
5438;2024-08-14 14:00:00;0.88;2.9;13.5;16.7;84.0;71.0;26.65;711.9;0.0;50.0;3.3;1.062;30.82;10.4;44.0
5439;2024-08-14 15:00:00;0.82;2.3;9.5;12.1;75.0;70.0;25.55;711.3;0.0;49.0;3.3;0.769;31.25;12.9;61.0
5440;2024-08-14 16:00:00;0.72;2.4;6.5;9.1;56.0;59.0;15.68;711.0;0.0;45.0;3.2;0.88;31.8;13.7;117.0
5441;2024-08-14 17:00:00;0.71;2.5;5.2;8.0;39.0;42.0;10.76;710.8;0.0;43.0;3.1;0.555;31.8;14.7;126.0
5442;2024-08-14 18:00:00;0.71;2.6;5.8;8.7;37.0;42.0;12.14;710.5;0.0;44.0;3.1;0.303;31.5;14.5;132.0
5443;2024-08-14 19:00:00;0.73;2.6;7.2;10.0;34.0;42.0;14.12;710.5;0.0;44.0;3.1;0.063;31.02;12.8;133.0
5444;2024-08-14 20:00:00;0.71;2.1;8.0;10.3;27.0;47.0;14.53;710.8;0.0;46.0;3.1;0.004;30.05;12.2;130.0
5445;2024-08-14 21:00:00;0.73;2.0;7.8;10.0;25.0;48.0;15.15;710.9;0.0;48.0;3.1;0.001;29.69;12.4;114.0
5446;2024-08-14 22:00:00;0.67;1.9;5.1;7.2;25.0;45.0;16.21;711.1;0.0;47.0;3.1;0.001;29.44;13.7;126.0
5447;2024-08-14 23:00:00;0.65;1.9;6.0;8.2;23.0;46.0;16.64;711.4;0.0;47.0;3.1;0.001;28.89;10.3;100.0
5448;2024-08-15 00:00:00;0.64;1.8;5.4;7.5;21.0;51.0;16.74;711.6;0.0;52.0;3.1;0.001;27.82;10.3;78.0
5449;2024-08-15 01:00:00;0.66;1.8;4.1;6.1;21.0;52.0;16.55;711.5;0.0;57.0;;0.001;26.91;9.0;58.0
5450;2024-08-15 02:00:00;0.65;1.8;5.8;7.8;17.0;46.0;16.62;711.4;0.0;61.0;;0.001;26.36;6.8;38.0
5451;2024-08-15 03:00:00;0.65;4.7;9.1;14.1;11.0;46.0;19.64;711.1;0.0;67.0;3.2;0.001;25.42;6.5;24.0
5452;2024-08-15 04:00:00;0.66;6.9;13.6;20.7;6.0;49.0;21.43;711.0;0.0;71.0;3.2;0.001;24.76;7.5;10.0
5453;2024-08-15 05:00:00;0.74;6.2;15.1;21.5;4.0;57.0;17.28;711.1;0.0;75.0;3.7;0.001;24.02;5.5;358.0
5454;2024-08-15 06:00:00;0.73;2.9;13.4;16.5;6.0;63.0;17.32;711.2;0.0;77.0;3.5;0.001;23.75;2.9;346.0
5455;2024-08-15 07:00:00;0.77;8.2;12.9;21.4;5.0;60.0;21.04;711.4;0.0;77.0;4.5;0.021;23.87;3.7;333.0
5456;2024-08-15 08:00:00;0.82;12.9;12.6;25.9;7.0;55.0;21.12;711.6;0.0;73.0;3.4;0.18;24.77;5.4;349.0
5457;2024-08-15 09:00:00;0.82;10.0;12.9;23.1;11.0;66.0;25.14;712.1;0.0;70.0;3.2;0.237;25.54;4.6;5.0
5458;2024-08-15 10:00:00;1.02;17.7;21.1;39.1;13.0;69.0;30.05;712.3;0.0;67.0;3.5;0.378;26.48;5.6;1.0
5459;2024-08-15 11:00:00;1.11;16.0;25.0;41.2;21.0;83.0;30.48;712.4;0.0;61.0;3.5;0.758;28.23;6.4;24.0
5460;2024-08-15 12:00:00;1.04;9.1;27.3;36.7;39.0;95.0;31.29;712.2;0.0;57.0;3.3;0.763;28.86;8.5;88.0
5461;2024-08-15 13:00:00;1.03;7.0;28.8;36.0;53.0;99.0;30.34;711.7;0.0;52.0;3.4;0.638;29.79;8.5;43.0
5462;2024-08-15 14:00:00;0.9;3.5;15.1;18.9;67.0;90.0;26.65;711.3;0.0;52.0;3.3;0.946;30.14;11.1;43.0
5463;2024-08-15 15:00:00;0.87;3.1;12.6;15.9;74.0;82.0;23.7;710.8;0.0;43.0;3.3;1.085;31.91;10.3;36.0
5464;2024-08-15 16:00:00;0.86;2.6;10.3;13.2;70.0;71.0;21.84;710.4;0.0;44.0;3.3;0.6;31.85;12.8;73.0
5465;2024-08-15 17:00:00;0.79;2.8;7.4;10.5;50.0;59.0;17.28;710.3;0.0;39.0;3.4;0.492;32.12;13.5;106.0
5466;2024-08-15 18:00:00;0.78;2.4;8.3;10.9;48.0;56.0;17.53;710.2;0.0;45.0;3.3;0.201;31.06;13.0;117.0
5467;2024-08-15 19:00:00;0.79;2.5;9.3;12.1;51.0;55.0;18.17;710.1;0.0;46.0;3.3;0.103;31.1;13.8;127.0
5468;2024-08-15 20:00:00;0.77;1.9;9.3;11.4;32.0;56.0;15.91;710.4;0.0;48.0;3.2;0.009;30.16;12.6;117.0
5469;2024-08-15 21:00:00;0.73;1.9;8.7;10.9;24.0;47.0;13.82;710.7;0.0;49.0;3.1;0.001;29.8;12.5;116.0
5470;2024-08-15 22:00:00;0.74;2.0;8.5;10.8;20.0;45.0;10.6;711.1;0.0;51.0;3.2;0.001;29.36;9.2;106.0
5471;2024-08-15 23:00:00;0.69;1.9;5.2;7.3;21.0;46.0;9.94;711.4;0.0;56.0;3.0;0.001;28.36;12.0;106.0
5472;2024-08-16 00:00:00;0.69;1.9;5.9;8.0;19.0;41.0;10.33;711.4;0.0;61.0;3.0;0.001;27.52;8.7;61.0
5473;2024-08-16 01:00:00;0.68;1.8;4.6;6.7;20.0;48.0;11.03;711.2;0.0;64.0;2.9;0.001;27.08;8.8;58.0
5474;2024-08-16 02:00:00;0.69;5.7;9.0;15.0;14.0;47.0;12.94;711.1;0.0;70.0;3.1;0.001;26.17;9.9;48.0
5475;2024-08-16 03:00:00;0.67;2.1;5.6;7.9;16.0;41.0;10.27;711.0;0.0;74.0;3.0;0.001;25.28;8.6;47.0
5476;2024-08-16 04:00:00;0.67;6.5;12.4;19.1;8.0;40.0;11.45;710.9;0.0;75.0;3.1;0.001;24.82;7.6;37.0
5477;2024-08-16 05:00:00;0.67;6.1;12.7;19.0;7.0;45.0;12.46;711.0;0.0;76.0;3.2;0.001;24.59;8.1;48.0
5478;2024-08-16 06:00:00;0.69;3.6;11.7;15.5;8.0;49.0;15.1;711.4;0.0;77.0;3.3;0.001;24.33;8.5;38.0
5479;2024-08-16 07:00:00;0.76;5.3;12.7;18.2;7.0;51.0;13.74;711.7;0.0;78.0;3.2;0.019;24.1;4.9;55.0
5480;2024-08-16 08:00:00;0.81;20.1;15.5;35.9;6.0;47.0;17.25;712.2;0.0;76.0;3.5;0.09;24.59;4.7;32.0
5481;2024-08-16 09:00:00;1.01;10.9;14.2;25.4;13.0;56.0;19.93;712.5;0.0;70.0;3.3;0.36;26.07;4.7;356.0
5482;2024-08-16 10:00:00;1.05;11.9;20.6;32.8;20.0;58.0;24.62;712.5;0.0;63.0;3.4;0.488;27.64;5.2;54.0
5483;2024-08-16 11:00:00;1.07;13.9;27.5;41.6;30.0;69.0;29.3;712.6;0.0;59.0;3.4;0.843;28.79;8.9;51.0
5484;2024-08-16 12:00:00;0.9;6.0;17.5;23.7;50.0;73.0;19.6;712.4;0.0;57.0;3.3;1.055;29.5;11.4;66.0
5485;2024-08-16 13:00:00;0.79;3.7;8.4;12.3;42.0;64.0;16.97;711.8;0.0;48.0;3.1;0.995;31.2;11.1;39.0
5486;2024-08-16 14:00:00;0.79;3.6;7.3;11.2;37.0;56.0;12.37;711.5;0.0;42.0;3.1;1.098;32.31;13.1;86.0
5487;2024-08-16 15:00:00;0.76;2.7;5.8;8.8;37.0;46.0;9.88;711.2;0.0;39.0;3.1;1.172;32.91;14.7;115.0
5488;2024-08-16 16:00:00;0.73;2.7;5.3;8.3;37.0;40.0;9.2;710.8;0.0;38.0;3.1;0.877;33.04;14.5;118.0
5489;2024-08-16 17:00:00;0.73;2.7;5.0;8.0;36.0;36.0;9.21;710.7;0.0;39.0;3.1;0.704;32.88;14.7;138.0
5490;2024-08-16 18:00:00;0.73;2.7;5.8;8.8;36.0;37.0;9.63;710.6;0.0;39.0;3.1;0.38;32.77;13.0;133.0
5491;2024-08-16 19:00:00;0.73;2.5;6.2;9.0;30.0;42.0;9.75;710.7;0.0;45.0;3.1;0.046;31.3;13.9;134.0
5492;2024-08-16 20:00:00;0.75;2.4;7.2;9.8;25.0;39.0;11.11;710.7;0.0;51.0;3.2;0.006;29.68;14.7;136.0
5493;2024-08-16 21:00:00;0.71;2.0;5.8;8.0;25.0;43.0;11.19;711.1;0.0;56.0;3.2;0.001;28.65;12.4;132.0
5494;2024-08-16 22:00:00;0.71;1.9;4.5;6.6;25.0;42.0;11.81;711.5;0.0;59.0;3.2;0.001;28.13;12.0;134.0
5495;2024-08-16 23:00:00;0.7;1.8;4.3;6.4;23.0;40.0;10.57;711.7;0.0;59.0;3.1;0.001;27.8;11.2;124.0
5496;2024-08-17 00:00:00;0.7;1.8;4.1;6.1;22.0;35.0;9.81;711.8;0.0;62.0;3.1;0.001;27.21;11.7;118.0
5497;2024-08-17 01:00:00;0.7;1.8;4.5;6.6;20.0;34.0;9.37;711.7;0.0;64.0;3.2;0.001;26.76;10.0;66.0
5498;2024-08-17 02:00:00;0.72;8.5;11.1;19.9;11.0;33.0;10.96;711.6;0.0;69.0;3.4;0.001;25.95;8.4;27.0
5499;2024-08-17 03:00:00;0.73;7.9;9.6;17.7;10.0;36.0;11.41;711.6;0.0;75.0;3.3;0.001;25.01;8.0;48.0
5500;2024-08-17 04:00:00;0.71;5.9;10.5;16.7;8.0;46.0;13.37;711.5;0.0;77.0;3.2;0.001;24.6;5.7;47.0
5501;2024-08-17 05:00:00;0.71;3.4;12.0;15.6;7.0;40.0;15.08;711.4;0.0;78.0;3.3;0.001;24.58;5.3;65.0
5502;2024-08-17 06:00:00;0.7;9.6;13.5;23.4;5.0;38.0;17.12;711.6;0.0;78.0;3.4;0.001;24.38;4.8;61.0
5503;2024-08-17 07:00:00;0.78;12.4;14.9;27.6;4.0;47.0;17.93;711.8;0.0;79.0;3.4;0.013;24.37;3.9;55.0
5504;2024-08-17 08:00:00;0.78;11.6;13.2;25.2;7.0;57.0;18.42;712.1;0.0;78.0;3.5;0.106;24.72;5.7;66.0
5505;2024-08-17 09:00:00;0.85;18.1;14.5;32.9;9.0;50.0;21.63;712.3;0.0;73.0;3.6;0.359;25.94;5.9;65.0
5506;2024-08-17 10:00:00;0.96;15.8;15.8;31.9;14.0;50.0;24.5;712.6;0.0;66.0;3.6;0.623;27.3;7.3;21.0
5507;2024-08-17 11:00:00;1.01;7.5;15.9;23.6;30.0;66.0;27.91;712.6;0.0;61.0;3.6;0.639;28.21;6.6;4.0
5508;2024-08-17 12:00:00;0.92;6.3;20.0;26.6;51.0;65.0;25.85;712.5;0.0;55.0;3.4;0.923;29.77;8.9;33.0
5509;2024-08-17 13:00:00;0.85;3.4;13.3;16.9;66.0;70.0;20.24;712.0;0.0;51.0;3.3;1.095;30.71;10.3;53.0
5510;2024-08-17 14:00:00;0.82;2.8;7.4;10.4;45.0;59.0;14.26;711.4;0.0;45.0;3.2;1.148;32.12;14.1;61.0
5511;2024-08-17 15:00:00;0.79;2.8;6.5;9.6;37.0;53.0;12.39;711.0;0.0;44.0;3.1;1.022;32.47;17.2;77.0
5512;2024-08-17 16:00:00;0.75;2.5;6.0;8.7;36.0;46.0;15.13;710.8;0.0;45.0;3.2;0.559;32.31;15.2;86.0
5513;2024-08-17 17:00:00;0.74;2.5;5.9;8.6;29.0;46.0;16.63;710.8;0.0;49.0;3.1;0.282;31.57;12.8;97.0
5514;2024-08-17 18:00:00;0.73;2.4;5.1;7.7;29.0;42.0;13.9;710.6;0.0;46.0;3.2;0.211;31.51;14.5;100.0
5515;2024-08-17 19:00:00;0.72;2.0;5.7;7.9;31.0;43.0;13.33;710.6;0.0;45.0;3.1;0.055;31.04;12.7;118.0
5516;2024-08-17 20:00:00;0.76;1.8;6.2;8.2;30.0;37.0;14.63;710.9;0.0;49.0;3.2;0.005;30.25;10.6;127.0
5517;2024-08-17 21:00:00;0.77;1.9;8.9;11.0;25.0;40.0;16.42;711.2;0.0;52.0;3.3;0.001;29.83;7.5;127.0
5518;2024-08-17 22:00:00;0.8;1.8;7.9;9.9;25.0;36.0;16.53;711.3;0.0;52.0;3.2;0.001;29.71;7.3;107.0
5519;2024-08-17 23:00:00;0.84;1.9;10.2;12.3;19.0;41.0;17.38;711.4;0.0;54.0;3.4;0.001;29.33;7.9;96.0
5520;2024-08-18 00:00:00;0.82;2.1;11.0;13.3;13.0;51.0;16.0;711.6;0.0;60.0;3.3;0.001;27.95;7.5;54.0
5521;2024-08-18 01:00:00;0.83;2.0;11.8;14.0;11.0;48.0;13.91;711.6;0.0;62.0;3.2;0.001;27.17;7.2;42.0
5522;2024-08-18 02:00:00;0.8;6.3;11.7;18.2;9.0;43.0;11.54;711.7;0.0;67.0;3.4;0.001;25.8;7.9;25.0
5523;2024-08-18 03:00:00;0.79;4.9;14.8;19.9;6.0;40.0;12.23;711.6;0.0;68.0;3.3;0.001;25.24;7.5;356.0
5524;2024-08-18 04:00:00;0.79;7.4;15.5;23.2;5.0;48.0;13.11;711.6;0.0;70.0;3.4;0.001;24.87;7.3;38.0
5525;2024-08-18 05:00:00;0.78;6.7;11.2;18.1;8.0;58.0;14.89;711.6;0.0;74.0;3.4;0.001;24.42;6.3;65.0
5526;2024-08-18 06:00:00;0.81;5.7;13.4;19.4;5.0;52.0;14.6;711.7;0.0;77.0;3.5;0.001;24.24;3.7;16.0
5527;2024-08-18 07:00:00;0.79;6.8;12.9;19.9;5.0;52.0;19.99;712.0;0.0;78.0;3.5;0.009;24.42;3.6;84.0
5528;2024-08-18 08:00:00;0.95;5.9;10.0;16.2;9.0;62.0;21.48;712.3;0.0;75.0;3.5;0.112;24.97;3.8;359.0
5529;2024-08-18 09:00:00;1.1;6.4;10.5;17.1;15.0;51.0;19.64;712.6;0.0;69.0;3.2;0.306;26.43;4.8;1.0
5530;2024-08-18 10:00:00;1.01;7.4;13.2;20.8;23.0;48.0;22.37;712.8;0.0;64.0;3.2;0.565;27.76;5.1;25.0
5531;2024-08-18 11:00:00;1.01;14.0;21.7;35.9;23.0;47.0;25.14;712.8;0.0;58.0;3.3;0.755;29.43;7.2;83.0
5532;2024-08-18 12:00:00;0.91;5.2;14.6;20.0;39.0;68.0;19.75;712.6;0.0;54.0;3.3;0.654;29.53;10.1;76.0
5533;2024-08-18 13:00:00;0.84;2.6;8.3;11.1;60.0;51.0;17.81;712.3;0.0;49.0;3.2;0.996;30.44;11.8;61.0
5534;2024-08-18 14:00:00;0.77;2.6;5.7;8.5;46.0;46.0;13.83;711.9;0.0;41.0;3.7;1.126;31.88;14.7;48.0
5535;2024-08-18 15:00:00;0.75;2.5;4.4;7.1;35.0;40.0;9.74;711.5;0.0;41.0;3.5;0.704;32.0;16.0;62.0
5536;2024-08-18 16:00:00;0.74;2.4;4.7;7.3;31.0;33.0;8.83;711.2;0.0;39.0;3.4;0.251;31.69;12.6;90.0
5537;2024-08-18 17:00:00;0.75;2.3;3.8;6.3;29.0;34.0;8.6;711.0;0.0;42.0;3.3;0.298;31.84;10.6;101.0
5538;2024-08-18 18:00:00;0.73;2.4;5.0;7.7;25.0;32.0;9.2;711.1;0.0;43.0;3.3;0.141;31.45;10.8;104.0
5539;2024-08-18 19:00:00;0.72;1.9;3.8;5.9;27.0;32.0;10.64;711.2;0.0;48.0;3.2;0.046;30.45;10.6;136.0
5540;2024-08-18 20:00:00;0.78;2.0;7.4;9.6;22.0;37.0;12.91;711.1;0.0;50.0;3.3;0.002;29.7;10.3;126.0
5541;2024-08-18 21:00:00;0.75;1.9;6.0;8.2;23.0;36.0;13.03;711.4;0.0;50.0;3.4;0.001;29.37;10.0;129.0
5542;2024-08-18 22:00:00;0.74;1.8;5.9;8.0;22.0;40.0;11.3;712.0;0.0;49.0;3.5;0.001;29.22;9.0;110.0
5543;2024-08-18 23:00:00;0.78;2.3;8.4;10.9;16.0;30.0;12.4;712.4;0.0;54.0;3.5;0.001;28.21;13.4;70.0
5544;2024-08-19 00:00:00;0.73;1.9;4.9;7.1;17.0;40.0;7.87;712.4;0.0;61.0;3.1;0.001;27.3;11.7;82.0
5545;2024-08-19 01:00:00;0.73;2.0;5.4;7.6;14.0;39.0;7.88;712.3;0.0;68.0;3.3;0.001;26.13;10.8;57.0
5546;2024-08-19 02:00:00;0.73;1.9;5.6;7.8;12.0;33.0;7.68;712.0;0.0;72.0;3.6;0.001;25.38;8.1;50.0
5547;2024-08-19 03:00:00;0.74;5.8;12.7;18.8;6.0;26.0;10.33;712.0;0.0;73.0;3.2;0.001;25.08;7.8;5.0
5548;2024-08-19 04:00:00;0.75;10.5;11.7;22.5;6.0;42.0;11.69;712.1;0.0;75.0;3.7;0.001;24.58;7.0;57.0
5549;2024-08-19 05:00:00;0.76;4.6;10.8;15.7;6.0;53.0;10.04;712.3;0.0;77.0;3.3;0.001;24.3;5.0;85.0
5550;2024-08-19 06:00:00;0.8;9.2;13.9;23.3;4.0;50.0;12.61;712.5;0.0;77.0;3.3;0.001;24.16;3.9;52.0
5551;2024-08-19 07:00:00;0.89;12.9;14.8;27.9;4.0;53.0;13.37;712.7;0.0;78.0;3.7;0.018;24.05;2.2;49.0
5552;2024-08-19 08:00:00;1.04;18.1;14.6;32.9;7.0;57.0;13.44;712.8;0.0;74.0;3.6;0.145;25.26;2.4;226.0
5553;2024-08-19 09:00:00;1.2;16.7;17.5;34.4;12.0;57.0;14.51;712.7;0.0;66.0;3.4;0.414;27.05;4.4;21.0
5554;2024-08-19 10:00:00;1.44;28.7;30.7;59.6;15.0;57.0;20.92;712.9;0.0;63.0;3.5;0.513;27.83;8.5;27.0
5555;2024-08-19 11:00:00;1.07;22.4;30.3;52.9;20.0;85.0;19.56;713.0;0.0;58.0;3.5;0.725;28.61;9.1;37.0
5556;2024-08-19 12:00:00;0.96;10.5;23.6;34.2;32.0;80.0;15.65;713.1;0.0;52.0;3.6;0.683;29.92;9.3;48.0
5557;2024-08-19 13:00:00;0.85;3.2;9.4;12.9;51.0;63.0;12.24;713.1;0.0;44.0;4.1;0.88;30.97;13.8;63.0
5558;2024-08-19 14:00:00;0.82;3.3;7.5;11.0;39.0;55.0;12.46;713.0;0.0;46.0;4.1;0.655;30.83;16.2;67.0
5559;2024-08-19 15:00:00;0.82;3.1;6.7;10.1;38.0;51.0;13.34;712.6;0.0;45.0;4.2;0.756;31.28;16.1;68.0
5560;2024-08-19 16:00:00;0.79;3.0;7.0;10.3;30.0;50.0;10.69;712.4;0.0;45.0;4.7;0.268;30.78;13.5;117.0
5561;2024-08-19 17:00:00;0.81;4.4;7.4;12.0;23.0;53.0;9.13;712.3;0.0;50.0;3.5;0.196;29.65;9.7;135.0
5562;2024-08-19 18:00:00;0.79;3.1;7.2;10.5;23.0;52.0;9.73;712.4;0.0;50.0;3.4;0.187;29.75;10.3;131.0
5563;2024-08-19 19:00:00;0.79;2.9;7.6;10.7;22.0;47.0;8.26;712.4;0.0;49.0;3.3;0.078;29.55;10.2;133.0
5564;2024-08-19 20:00:00;0.78;2.2;7.3;9.7;23.0;39.0;8.15;712.4;0.0;52.0;3.4;0.004;28.77;10.3;137.0
5565;2024-08-19 21:00:00;0.76;1.9;7.5;9.6;23.0;32.0;8.27;712.5;0.0;54.0;3.2;0.001;28.41;8.3;138.0
5566;2024-08-19 22:00:00;0.76;1.9;7.5;9.7;22.0;34.0;8.37;712.7;0.0;54.0;3.3;0.001;28.15;8.0;135.0
5567;2024-08-19 23:00:00;0.76;1.9;8.3;10.5;22.0;37.0;9.27;712.7;0.0;52.0;3.3;0.001;28.21;8.7;113.0
5568;2024-08-20 00:00:00;0.79;2.0;9.1;11.3;20.0;36.0;10.76;713.0;0.0;56.0;3.4;0.001;27.49;8.1;101.0
5569;2024-08-20 01:00:00;0.72;1.8;3.6;5.6;27.0;33.0;8.03;713.2;0.0;61.0;3.1;0.001;26.95;8.0;124.0
5570;2024-08-20 02:00:00;0.74;1.8;4.5;6.6;24.0;34.0;8.64;713.1;0.0;62.0;3.2;0.001;26.55;7.8;89.0
5571;2024-08-20 03:00:00;0.75;1.8;6.0;8.1;21.0;30.0;9.34;713.0;0.0;67.0;3.3;0.001;25.47;10.0;67.0
5572;2024-08-20 04:00:00;0.77;2.9;13.9;17.0;12.0;30.0;11.52;713.0;0.0;71.0;3.3;0.001;24.65;6.0;36.0
5573;2024-08-20 05:00:00;0.79;6.0;17.2;23.4;9.0;44.0;13.36;713.0;0.0;74.0;3.5;0.001;24.29;5.9;26.0
5574;2024-08-20 06:00:00;0.94;2.2;16.7;19.0;8.0;54.0;13.86;713.2;0.0;76.0;3.5;0.001;23.95;3.4;36.0
5575;2024-08-20 07:00:00;1.01;8.8;18.3;27.4;7.0;55.0;14.06;713.3;0.0;77.0;3.6;0.021;23.74;3.3;329.0
5576;2024-08-20 08:00:00;1.07;17.6;18.7;36.6;9.0;56.0;15.24;713.8;0.0;72.0;3.6;0.177;25.07;4.4;16.0
5577;2024-08-20 09:00:00;1.16;14.0;18.9;33.2;16.0;58.0;14.93;714.1;0.0;66.0;3.4;0.413;26.74;4.3;34.0
5578;2024-08-20 10:00:00;1.02;9.1;17.9;27.3;27.0;57.0;14.53;714.2;0.0;59.0;3.3;0.592;28.35;4.1;14.0
5579;2024-08-20 11:00:00;1.24;15.5;31.2;46.9;34.0;55.0;21.33;714.1;0.0;54.0;4.1;0.847;29.64;9.2;40.0
5580;2024-08-20 12:00:00;0.94;5.7;16.7;22.7;50.0;73.0;14.01;714.1;0.0;47.0;4.2;1.066;30.7;12.3;56.0
5581;2024-08-20 13:00:00;0.81;2.9;8.5;11.6;63.0;59.0;11.57;713.6;0.0;39.0;4.5;1.135;31.93;12.5;54.0
5582;2024-08-20 14:00:00;0.78;2.6;7.5;10.3;64.0;50.0;13.33;713.1;0.0;37.0;7.3;1.127;32.72;14.6;73.0
5583;2024-08-20 15:00:00;0.75;2.4;5.5;8.0;53.0;50.0;11.7;712.6;0.0;36.0;5.0;0.864;33.04;13.4;117.0
5584;2024-08-20 16:00:00;0.75;2.4;4.6;7.3;47.0;44.0;9.38;712.1;0.0;34.0;4.1;0.818;33.53;13.3;112.0
5585;2024-08-20 17:00:00;0.75;2.5;5.2;8.0;45.0;34.0;8.92;711.8;0.0;32.0;3.7;0.653;34.0;13.3;102.0
5586;2024-08-20 18:00:00;0.75;2.9;7.5;10.7;42.0;32.0;9.27;711.7;0.0;31.0;3.5;0.337;33.87;14.6;91.0
5587;2024-08-20 19:00:00;0.75;2.6;9.2;11.9;38.0;49.0;8.52;711.9;0.0;31.0;3.4;0.036;33.16;12.8;95.0
5588;2024-08-20 20:00:00;0.77;2.1;9.6;11.9;35.0;42.0;8.78;712.3;0.0;33.0;3.3;0.003;31.96;10.7;118.0
5589;2024-08-20 21:00:00;0.73;1.9;8.4;10.6;37.0;37.0;8.66;712.7;0.0;34.0;3.4;0.001;31.01;11.0;125.0
5590;2024-08-20 22:00:00;0.73;2.0;9.9;12.1;35.0;36.0;8.82;713.1;0.0;33.0;3.3;0.001;30.55;10.0;125.0
5591;2024-08-20 23:00:00;0.72;1.9;8.4;10.5;35.0;37.0;8.53;713.3;0.0;36.0;3.3;0.001;30.02;7.9;125.0
5592;2024-08-21 00:00:00;0.72;1.9;7.7;9.8;34.0;33.0;8.7;713.4;0.0;39.0;3.3;0.001;29.53;7.0;120.0
5593;2024-08-21 01:00:00;0.77;1.9;9.2;11.4;28.0;31.0;9.42;713.5;0.0;48.0;3.3;0.001;28.6;6.6;64.0
5594;2024-08-21 02:00:00;0.8;8.3;15.0;23.6;16.0;37.0;13.36;713.5;0.0;59.0;3.6;0.001;26.7;6.7;28.0
5595;2024-08-21 03:00:00;0.99;2.8;18.5;21.5;11.0;56.0;15.94;713.2;0.0;64.0;3.8;0.001;26.03;6.6;6.0
5596;2024-08-21 04:00:00;1.13;3.2;20.3;23.7;9.0;58.0;16.03;713.0;0.0;67.0;3.7;0.001;25.68;6.4;18.0
5597;2024-08-21 05:00:00;1.33;5.0;24.7;29.9;5.0;59.0;16.12;713.0;0.0;69.0;3.8;0.001;25.15;3.7;15.0
5598;2024-08-21 06:00:00;1.12;4.3;23.1;27.6;5.0;57.0;14.93;713.0;0.0;72.0;3.8;0.001;24.52;1.8;270.0
5599;2024-08-21 07:00:00;1.18;12.6;22.7;35.6;5.0;58.0;16.16;713.3;0.0;70.0;3.8;0.024;24.67;2.1;230.0
5600;2024-08-21 08:00:00;1.08;28.6;27.1;55.9;8.0;64.0;24.55;713.6;0.0;57.0;4.9;0.169;26.61;4.2;244.0
5601;2024-08-21 09:00:00;1.21;27.2;31.2;58.6;15.0;93.0;22.1;713.8;0.0;50.0;4.7;0.416;29.46;3.3;5.0
5602;2024-08-21 10:00:00;1.41;15.1;31.9;47.3;29.0;85.0;20.38;714.0;0.0;49.0;4.9;0.655;30.36;5.3;17.0
5603;2024-08-21 11:00:00;1.29;11.0;32.7;44.0;46.0;85.0;21.25;713.9;0.0;42.0;5.6;0.786;32.02;7.4;59.0
5604;2024-08-21 12:00:00;1.07;3.7;17.3;21.2;79.0;167.0;18.41;713.6;0.0;39.0;4.4;1.03;32.65;10.7;62.0
5605;2024-08-21 13:00:00;0.93;2.9;10.6;13.7;75.0;102.0;14.49;713.2;0.0;36.0;4.1;1.109;33.71;14.4;59.0
5606;2024-08-21 14:00:00;0.87;2.8;8.7;11.7;72.0;69.0;13.21;712.7;0.0;33.0;4.1;1.115;34.67;14.8;86.0
5607;2024-08-21 15:00:00;0.79;2.5;5.8;8.6;65.0;51.0;11.57;712.2;0.0;28.0;4.1;1.048;35.33;14.8;114.0
5608;2024-08-21 16:00:00;0.76;2.6;6.1;8.9;58.0;39.0;10.79;711.7;0.0;25.0;4.0;0.896;36.03;12.9;125.0
5609;2024-08-21 17:00:00;0.74;2.9;5.9;9.1;54.0;44.0;10.59;711.5;0.0;25.0;3.6;0.652;35.91;14.0;127.0
5610;2024-08-21 18:00:00;0.73;2.7;6.1;9.1;49.0;44.0;10.14;711.4;0.0;25.0;3.5;0.338;35.39;14.0;117.0
5611;2024-08-21 19:00:00;0.75;2.3;7.3;9.8;45.0;37.0;10.36;711.4;0.0;28.0;3.5;0.05;34.39;12.9;111.0
5612;2024-08-21 20:00:00;0.79;2.1;10.0;12.4;40.0;35.0;11.54;711.6;0.0;31.0;3.5;0.004;32.97;9.7;133.0
5613;2024-08-21 21:00:00;0.78;2.0;9.5;11.7;38.0;40.0;11.8;711.9;0.0;33.0;3.5;0.001;32.01;8.1;134.0
5614;2024-08-21 22:00:00;0.76;2.0;8.4;10.7;36.0;37.0;12.04;712.2;0.0;34.0;3.5;0.001;31.38;7.1;129.0
5615;2024-08-21 23:00:00;0.75;2.0;8.3;10.5;35.0;51.0;13.26;712.5;0.0;36.0;3.4;0.001;30.88;7.7;131.0
5616;2024-08-22 00:00:00;0.71;1.9;3.4;5.5;41.0;48.0;10.0;712.5;0.0;38.0;3.4;0.001;30.4;11.2;137.0
5617;2024-08-22 01:00:00;0.71;1.9;3.9;6.0;40.0;43.0;12.67;712.3;0.0;41.0;3.4;0.001;29.67;10.5;115.0
5618;2024-08-22 02:00:00;0.71;1.9;5.4;7.5;36.0;46.0;10.35;712.0;0.0;43.0;3.3;0.001;29.16;6.7;112.0
5619;2024-08-22 03:00:00;0.78;2.9;10.4;13.5;27.0;34.0;11.56;711.7;0.0;47.0;3.5;0.001;28.2;4.1;5.0
5620;2024-08-22 04:00:00;1.35;12.2;30.7;43.1;6.0;47.0;22.56;711.8;0.0;55.0;4.6;0.001;27.25;6.2;11.0
5621;2024-08-22 05:00:00;1.54;15.5;28.8;44.5;6.0;73.0;21.96;711.8;0.0;61.0;5.7;0.001;26.04;3.5;1.0
5622;2024-08-22 06:00:00;1.21;11.6;26.5;38.3;6.0;71.0;19.22;711.9;0.0;63.0;4.8;0.001;25.75;3.6;46.0
5623;2024-08-22 07:00:00;1.1;6.3;23.9;30.5;7.0;61.0;16.62;712.1;0.0;65.0;4.2;0.023;25.57;4.2;6.0
5624;2024-08-22 08:00:00;1.05;13.1;22.4;35.7;12.0;56.0;15.34;712.5;0.0;61.0;4.2;0.173;26.94;4.7;335.0
5625;2024-08-22 09:00:00;1.16;15.4;27.5;43.1;21.0;57.0;19.91;712.5;0.0;51.0;4.8;0.42;29.29;3.9;194.0
5626;2024-08-22 10:00:00;1.2;17.7;35.9;53.9;29.0;83.0;22.1;712.9;0.0;44.0;5.7;0.666;30.9;6.4;24.0
5627;2024-08-22 11:00:00;1.13;7.0;24.5;31.6;58.0;84.0;20.57;713.0;0.0;40.0;5.4;0.722;31.87;9.6;55.0
5628;2024-08-22 12:00:00;0.89;3.6;14.1;17.9;73.0;70.0;17.52;712.8;0.0;36.0;4.9;1.026;32.87;12.6;54.0
5629;2024-08-22 13:00:00;0.76;2.9;8.6;11.8;68.0;58.0;13.98;712.6;0.0;33.0;4.8;1.111;33.5;14.3;71.0
5630;2024-08-22 14:00:00;0.74;2.4;5.8;8.5;64.0;51.0;12.58;712.2;0.0;31.0;4.4;1.117;34.15;12.5;108.0
5631;2024-08-22 15:00:00;0.73;2.6;5.8;8.7;58.0;46.0;11.15;711.8;0.0;29.0;3.9;1.04;34.95;12.2;96.0
5632;2024-08-22 16:00:00;0.72;2.6;5.7;8.5;55.0;38.0;10.21;711.2;0.0;29.0;3.6;0.883;35.23;13.1;106.0
5633;2024-08-22 17:00:00;0.72;2.6;5.5;8.4;51.0;33.0;9.6;710.9;0.0;28.0;3.6;0.642;35.27;13.7;117.0
5634;2024-08-22 18:00:00;0.72;2.6;6.5;9.4;49.0;36.0;9.34;710.9;0.0;28.0;3.4;0.308;34.85;13.8;110.0
5635;2024-08-22 19:00:00;0.75;2.4;7.0;9.6;45.0;35.0;10.48;711.1;0.0;31.0;3.5;0.053;33.83;13.4;117.0
5636;2024-08-22 20:00:00;0.75;2.0;7.7;9.9;43.0;37.0;9.98;711.3;0.0;33.0;3.5;0.004;32.74;11.2;116.0
5637;2024-08-22 21:00:00;0.77;1.9;8.0;10.2;41.0;36.0;10.8;711.6;0.0;35.0;3.5;0.001;31.8;9.4;132.0
5638;2024-08-22 22:00:00;0.77;1.9;7.1;9.2;40.0;37.0;11.49;711.9;0.0;38.0;3.4;0.001;30.97;8.0;133.0
5639;2024-08-22 23:00:00;0.76;2.0;6.2;8.4;38.0;38.0;11.02;712.3;0.0;42.0;3.4;0.001;30.1;10.6;132.0
5640;2024-08-23 00:00:00;0.75;1.8;4.7;6.8;35.0;34.0;10.06;712.5;0.0;49.0;3.3;0.001;28.72;11.9;115.0
5641;2024-08-23 01:00:00;0.75;1.9;4.6;6.7;34.0;36.0;9.98;712.5;0.0;52.0;3.3;0.001;28.05;9.7;94.0
5642;2024-08-23 02:00:00;0.74;1.9;6.3;8.5;31.0;39.0;10.72;712.5;0.0;53.0;3.2;0.001;27.6;8.9;85.0
5643;2024-08-23 03:00:00;0.8;8.7;18.6;27.5;13.0;49.0;12.47;712.3;0.0;63.0;3.8;0.001;26.22;7.8;23.0
5644;2024-08-23 04:00:00;0.79;2.2;14.5;17.0;16.0;50.0;12.21;712.2;0.0;67.0;3.8;0.001;25.44;6.9;27.0
5645;2024-08-23 05:00:00;0.93;2.9;18.1;21.2;11.0;48.0;13.71;712.2;0.0;69.0;4.0;0.001;25.09;6.7;55.0
5646;2024-08-23 06:00:00;0.94;2.3;17.1;19.6;10.0;55.0;12.43;712.3;0.0;71.0;3.7;0.001;24.38;2.8;195.0
5647;2024-08-23 07:00:00;0.96;6.0;18.9;25.1;8.0;49.0;13.05;712.3;0.0;72.0;3.6;0.024;24.1;2.6;219.0
5648;2024-08-23 08:00:00;1.08;13.3;19.9;33.5;11.0;48.0;13.41;712.5;0.0;65.0;3.9;0.179;26.12;4.5;334.0
5649;2024-08-23 09:00:00;1.16;14.3;23.0;37.5;19.0;53.0;15.7;712.8;0.0;61.0;4.2;0.432;27.17;6.0;17.0
5650;2024-08-23 10:00:00;1.41;21.7;32.8;54.7;21.0;73.0;22.4;713.1;0.0;56.0;5.0;0.677;28.71;7.5;52.0
5651;2024-08-23 11:00:00;1.1;11.6;28.2;40.0;41.0;94.0;20.59;713.2;0.0;50.0;5.1;0.666;29.99;9.3;48.0
5652;2024-08-23 12:00:00;0.98;4.6;16.5;21.4;64.0;73.0;15.88;713.1;0.0;46.0;4.4;1.052;30.63;13.5;50.0
5653;2024-08-23 13:00:00;0.89;3.2;12.3;15.7;77.0;70.0;16.4;712.8;0.0;41.0;7.2;1.129;31.82;13.9;50.0
5654;2024-08-23 14:00:00;0.82;3.1;9.2;12.5;60.0;78.0;13.46;712.6;0.0;36.0;9.2;1.14;32.86;15.0;61.0
5655;2024-08-23 15:00:00;0.76;3.0;6.6;9.9;47.0;60.0;9.3;712.3;0.0;32.0;4.9;1.065;33.69;16.2;87.0
5656;2024-08-23 16:00:00;0.75;3.3;7.0;10.6;44.0;43.0;9.27;712.0;0.0;31.0;4.0;0.902;34.11;16.4;79.0
5657;2024-08-23 17:00:00;0.74;3.1;6.6;9.9;43.0;42.0;8.87;711.9;0.0;29.0;3.8;0.665;34.34;14.5;94.0
5658;2024-08-23 18:00:00;0.74;3.0;7.3;10.6;41.0;40.0;8.85;711.6;0.0;28.0;3.6;0.311;34.12;14.1;102.0
5659;2024-08-23 19:00:00;0.75;2.6;8.7;11.5;38.0;32.0;8.89;711.6;0.0;29.0;3.5;0.034;33.27;12.7;97.0
5660;2024-08-23 20:00:00;0.75;2.2;9.4;11.8;35.0;31.0;9.7;711.7;0.0;31.0;3.5;0.003;31.99;10.2;127.0
5661;2024-08-23 21:00:00;0.78;2.1;11.8;14.1;34.0;32.0;11.9;712.1;0.0;31.0;3.4;0.001;31.31;9.0;129.0
5662;2024-08-23 22:00:00;0.69;2.0;6.5;8.7;35.0;32.0;10.12;712.6;0.0;34.0;3.4;0.001;31.0;12.4;125.0
5663;2024-08-23 23:00:00;0.75;2.0;5.0;7.2;27.0;41.0;11.91;713.1;0.0;49.0;3.4;0.001;29.04;11.9;132.0
5664;2024-08-24 00:00:00;0.77;2.0;5.9;8.0;24.0;46.0;11.48;713.2;0.0;53.0;3.3;0.001;28.12;8.8;107.0
5665;2024-08-24 01:00:00;0.79;2.0;8.2;10.4;21.0;44.0;12.47;713.0;0.0;57.0;3.3;0.001;27.18;9.9;61.0
5666;2024-08-24 02:00:00;0.78;1.9;6.5;8.6;22.0;45.0;12.88;712.9;0.0;64.0;3.5;0.001;25.85;10.6;53.0
5667;2024-08-24 03:00:00;0.79;9.7;14.5;24.4;9.0;42.0;15.49;712.9;0.0;70.0;3.5;0.001;25.06;8.1;33.0
5668;2024-08-24 04:00:00;0.83;8.6;15.4;24.2;6.0;54.0;15.15;713.0;0.0;75.0;4.1;0.001;24.31;6.8;50.0
5669;2024-08-24 05:00:00;0.82;9.1;17.5;26.8;4.0;53.0;16.75;712.7;0.0;77.0;4.1;0.001;23.83;5.4;13.0
5670;2024-08-24 06:00:00;1.01;4.5;17.6;22.2;5.0;59.0;18.52;712.9;0.0;77.0;4.1;0.001;23.82;5.2;8.0
5671;2024-08-24 07:00:00;0.95;4.7;17.6;22.5;5.0;61.0;20.06;713.1;0.0;77.0;4.1;0.011;23.99;3.2;359.0
5672;2024-08-24 08:00:00;1.03;5.9;12.6;18.7;10.0;63.0;21.46;713.5;0.0;73.0;4.0;0.132;24.74;4.1;341.0
5673;2024-08-24 09:00:00;0.97;9.8;13.6;23.7;15.0;58.0;24.98;713.7;0.0;67.0;4.3;0.407;26.01;6.0;336.0
5674;2024-08-24 10:00:00;0.92;7.4;14.4;22.0;27.0;64.0;23.75;713.7;0.0;59.0;3.7;0.666;28.03;5.0;55.0
5675;2024-08-24 11:00:00;1.2;19.6;32.6;52.5;26.0;68.0;30.65;713.9;0.0;56.0;4.3;0.6;29.07;9.0;40.0
5676;2024-08-24 12:00:00;0.99;8.3;23.0;31.5;44.0;92.0;28.44;713.9;0.0;53.0;4.7;1.019;29.58;10.3;48.0
5677;2024-08-24 13:00:00;0.85;3.4;9.4;13.0;55.0;73.0;20.31;713.4;0.0;45.0;5.6;1.116;30.74;14.0;62.0
5678;2024-08-24 14:00:00;0.79;2.6;7.1;9.9;58.0;63.0;23.0;712.8;0.0;39.0;9.7;1.083;31.64;16.2;68.0
5679;2024-08-24 15:00:00;0.75;2.7;5.7;8.6;50.0;60.0;19.54;712.3;0.0;35.0;6.2;0.937;32.55;13.6;68.0
5680;2024-08-24 16:00:00;0.73;2.7;5.8;8.7;46.0;47.0;15.32;711.6;0.0;33.0;4.5;0.637;32.78;13.9;81.0
5681;2024-08-24 17:00:00;0.73;2.6;6.6;9.3;49.0;40.0;19.59;711.4;0.0;32.0;5.2;0.362;32.54;14.0;78.0
5682;2024-08-24 18:00:00;0.71;2.4;6.8;9.4;50.0;42.0;18.34;711.4;0.0;31.0;6.6;0.222;32.53;13.3;87.0
5683;2024-08-24 19:00:00;0.67;2.1;6.7;9.0;48.0;38.0;15.79;711.4;0.0;27.0;7.8;0.063;32.36;12.1;93.0
5684;2024-08-24 20:00:00;0.69;2.0;8.8;11.0;38.0;38.0;13.85;711.7;0.0;30.0;6.3;0.002;31.71;9.1;112.0
5685;2024-08-24 21:00:00;0.72;2.2;8.3;10.7;35.0;34.0;14.74;712.1;0.0;33.0;4.4;0.001;31.22;7.5;117.0
5686;2024-08-24 22:00:00;0.83;3.5;14.5;18.1;18.0;47.0;19.21;712.5;0.0;44.0;4.3;0.001;29.62;16.3;68.0
5687;2024-08-24 23:00:00;0.77;2.1;5.0;7.3;21.0;69.0;14.59;713.1;0.0;59.0;3.8;0.001;27.19;15.5;86.0
5688;2024-08-25 00:00:00;0.81;2.1;6.1;8.5;17.0;61.0;14.06;713.3;0.0;67.0;3.4;0.001;26.17;10.6;61.0
5689;2024-08-25 01:00:00;0.79;2.0;5.0;7.2;16.0;45.0;12.98;713.2;0.0;67.0;3.3;0.001;25.85;10.6;70.0
5690;2024-08-25 02:00:00;0.79;1.9;5.0;7.1;16.0;40.0;12.45;713.1;0.0;68.0;3.3;0.001;25.59;6.7;60.0
5691;2024-08-25 03:00:00;0.79;1.9;5.7;7.8;16.0;42.0;12.73;713.0;0.0;70.0;3.3;0.001;25.19;7.6;43.0
5692;2024-08-25 04:00:00;0.77;1.9;5.2;7.4;;45.0;13.11;712.8;0.0;71.0;3.2;0.001;24.74;7.6;50.0
5693;2024-08-25 05:00:00;0.77;1.9;4.3;6.4;;46.0;14.13;712.7;0.0;75.0;3.2;0.001;24.08;6.7;60.0
5694;2024-08-25 06:00:00;0.79;3.9;10.7;14.8;9.0;49.0;16.3;712.7;0.0;77.0;3.2;0.001;23.85;5.6;65.0
5695;2024-08-25 07:00:00;0.83;6.7;13.0;20.0;6.0;54.0;18.82;712.9;0.0;78.0;3.4;0.007;23.92;6.0;79.0
5696;2024-08-25 08:00:00;0.85;9.2;13.9;23.3;6.0;58.0;22.46;713.4;0.0;77.0;3.7;0.069;24.23;5.4;80.0
5697;2024-08-25 09:00:00;0.84;7.0;9.1;16.5;15.0;60.0;23.82;713.7;0.0;71.0;3.5;0.296;25.2;7.5;70.0
5698;2024-08-25 10:00:00;0.82;5.0;8.0;13.3;23.0;54.0;23.55;714.0;0.0;66.0;3.5;0.709;26.82;8.2;63.0
5699;2024-08-25 11:00:00;0.81;6.1;12.4;18.8;29.0;54.0;28.13;714.0;0.0;62.0;3.5;0.603;27.4;9.6;17.0
5700;2024-08-25 12:00:00;0.83;5.5;13.0;18.7;40.0;68.0;29.8;713.9;0.0;58.0;4.3;0.945;28.55;10.6;38.0
5701;2024-08-25 13:00:00;0.81;2.7;6.3;9.2;46.0;64.0;25.77;713.6;0.0;52.0;4.2;1.123;29.8;14.0;58.0
5702;2024-08-25 14:00:00;0.77;2.6;4.9;7.7;39.0;61.0;24.75;713.3;0.0;47.0;5.0;0.888;30.66;15.1;69.0
5703;2024-08-25 15:00:00;0.73;2.6;4.5;7.3;34.0;50.0;17.29;712.9;0.0;41.0;4.1;0.679;31.32;13.0;83.0
5704;2024-08-25 16:00:00;0.72;2.4;3.7;6.3;36.0;46.0;17.57;712.4;0.0;40.0;3.8;0.642;31.84;11.3;96.0
5705;2024-08-25 17:00:00;0.71;2.5;4.0;6.7;38.0;41.0;18.77;712.2;0.0;38.0;4.0;0.478;32.48;10.1;99.0
5706;2024-08-25 18:00:00;0.73;2.2;5.2;7.6;36.0;44.0;17.98;712.1;0.0;38.0;5.6;0.147;31.81;13.2;72.0
5707;2024-08-25 19:00:00;0.74;2.0;5.3;7.6;33.0;43.0;19.48;712.2;0.0;41.0;5.0;0.037;31.08;13.1;87.0
5708;2024-08-25 20:00:00;0.79;2.1;5.7;8.0;30.0;48.0;20.22;712.6;0.0;49.0;3.9;0.003;29.33;14.0;118.0
5709;2024-08-25 21:00:00;0.79;1.9;5.0;7.1;26.0;53.0;16.67;713.3;0.0;59.0;3.4;0.001;27.22;12.5;126.0
5710;2024-08-25 22:00:00;0.76;1.9;3.6;5.7;28.0;54.0;15.27;713.9;0.0;60.0;3.3;0.001;26.77;13.7;121.0
5711;2024-08-25 23:00:00;0.78;1.9;4.0;6.1;24.0;43.0;14.67;714.1;0.0;63.0;3.2;0.001;26.35;10.5;119.0
5712;2024-08-26 00:00:00;0.76;1.8;3.3;5.4;24.0;39.0;13.98;714.0;0.0;63.0;3.2;0.001;26.39;8.8;116.0
5713;2024-08-26 01:00:00;0.75;1.8;3.3;5.4;22.0;42.0;13.9;713.8;0.0;63.0;3.1;0.001;26.28;7.6;78.0
5714;2024-08-26 02:00:00;0.75;1.9;3.2;5.3;20.0;45.0;14.0;713.5;0.0;68.0;3.2;0.001;25.23;10.8;63.0
5715;2024-08-26 03:00:00;0.76;1.8;3.9;5.9;18.0;44.0;14.04;713.2;0.0;70.0;3.3;0.001;24.7;9.2;55.0
5716;2024-08-26 04:00:00;0.77;3.9;7.0;11.1;14.0;45.0;15.1;713.0;0.0;73.0;3.3;0.001;24.09;6.7;61.0
5717;2024-08-26 05:00:00;0.79;5.4;14.4;19.9;6.0;52.0;18.64;713.1;0.0;75.0;3.7;0.001;23.78;5.9;38.0
5718;2024-08-26 06:00:00;0.83;5.9;14.8;20.9;6.0;59.0;17.31;713.4;0.0;76.0;3.6;0.001;23.49;4.9;82.0
5719;2024-08-26 07:00:00;0.93;10.1;15.9;26.2;5.0;54.0;17.22;713.8;0.0;77.0;3.6;0.014;23.44;3.0;92.0
5720;2024-08-26 08:00:00;1.23;17.5;17.0;34.7;7.0;54.0;18.54;714.3;0.0;74.0;3.9;0.101;24.23;4.5;28.0
5721;2024-08-26 09:00:00;1.29;12.7;16.5;29.5;12.0;62.0;20.35;714.4;0.0;70.0;3.8;0.209;25.15;4.2;341.0
5722;2024-08-26 10:00:00;1.23;13.5;20.8;34.5;17.0;62.0;29.41;714.5;0.0;63.0;4.0;0.387;26.66;5.0;10.0
5723;2024-08-26 11:00:00;1.09;10.0;21.1;31.3;34.0;78.0;25.54;714.4;0.0;56.0;4.3;0.551;28.47;7.7;23.0
5724;2024-08-26 12:00:00;0.92;3.7;12.4;16.3;58.0;;20.37;714.2;0.0;50.0;4.4;0.992;29.63;10.0;68.0
5725;2024-08-26 13:00:00;0.85;2.9;9.9;13.1;62.0;292.0;21.62;713.8;0.0;47.0;4.6;1.133;30.52;12.9;54.0
5726;2024-08-26 14:00:00;0.8;2.9;6.9;10.0;48.0;64.0;21.07;713.2;0.0;42.0;5.1;0.945;31.22;14.4;61.0
5727;2024-08-26 15:00:00;0.78;2.9;5.9;9.0;39.0;56.0;15.18;712.5;0.0;39.0;4.1;0.584;31.32;14.4;75.0
5728;2024-08-26 16:00:00;0.77;2.9;6.8;9.9;41.0;49.0;14.17;712.2;0.0;37.0;3.8;0.397;31.56;13.6;70.0
5729;2024-08-26 17:00:00;0.77;2.7;7.3;10.2;44.0;43.0;15.65;712.1;0.0;35.0;4.7;0.385;32.03;11.9;91.0
5730;2024-08-26 18:00:00;0.78;2.8;8.4;11.4;39.0;46.0;14.34;712.1;0.0;36.0;5.2;0.152;31.67;10.9;116.0
5731;2024-08-26 19:00:00;0.81;2.4;8.1;10.6;32.0;45.0;13.27;712.1;0.0;41.0;3.8;0.05;30.71;9.5;136.0
5732;2024-08-26 20:00:00;0.84;2.1;11.3;13.6;27.0;39.0;13.23;712.3;0.0;43.0;3.6;0.003;29.47;8.2;124.0
5733;2024-08-26 21:00:00;0.82;2.0;10.3;12.4;27.0;40.0;13.47;712.6;0.0;45.0;3.5;0.001;28.82;8.5;114.0
5734;2024-08-26 22:00:00;0.8;2.1;9.5;11.8;27.0;38.0;13.36;713.0;0.0;52.0;3.4;0.001;28.21;12.3;83.0
5735;2024-08-26 23:00:00;0.79;2.3;6.3;8.8;22.0;60.0;11.72;713.2;0.0;59.0;3.5;0.001;27.18;13.7;74.0
5736;2024-08-27 00:00:00;0.79;1.9;5.9;8.0;19.0;51.0;9.72;713.4;0.0;66.0;3.4;0.001;26.05;14.1;73.0
5737;2024-08-27 01:00:00;0.79;1.9;5.6;7.7;17.0;44.0;10.4;713.4;0.0;69.0;3.5;0.001;25.61;9.4;56.0
5738;2024-08-27 02:00:00;0.79;1.9;4.8;6.9;18.0;40.0;11.35;713.0;0.0;68.0;3.6;0.001;25.32;7.3;49.0
5739;2024-08-27 03:00:00;0.78;1.8;3.8;5.9;20.0;39.0;12.42;712.9;0.0;70.0;3.4;0.001;24.73;8.3;63.0
5740;2024-08-27 04:00:00;0.76;1.8;4.5;6.5;19.0;32.0;12.66;712.7;0.0;71.0;3.2;0.001;24.48;5.5;54.0
5741;2024-08-27 05:00:00;0.76;1.9;5.0;7.1;16.0;33.0;12.15;712.6;0.0;73.0;3.2;0.001;24.03;2.3;9.0
5742;2024-08-27 06:00:00;0.83;2.8;14.8;17.8;7.0;36.0;16.87;712.9;0.0;74.0;3.4;0.001;24.05;3.3;27.0
5743;2024-08-27 07:00:00;0.91;7.1;13.9;21.2;7.0;58.0;15.36;713.0;0.0;77.0;3.4;0.012;23.64;1.9;222.0
5744;2024-08-27 08:00:00;0.97;12.4;13.9;26.6;7.0;60.0;15.59;713.2;0.0;75.0;3.5;0.095;24.61;3.9;29.0
5745;2024-08-27 09:00:00;1.07;12.9;15.0;28.2;11.0;51.0;18.45;713.3;0.0;66.0;3.5;0.365;26.52;3.1;15.0
5746;2024-08-27 10:00:00;1.04;9.4;15.9;25.5;16.0;57.0;23.33;713.5;0.0;65.0;3.5;0.248;26.52;4.4;353.0
5747;2024-08-27 11:00:00;1.2;17.0;25.5;42.6;23.0;61.0;34.05;713.6;0.0;57.0;4.2;0.464;28.61;7.0;49.0
5748;2024-08-27 12:00:00;1.05;4.4;15.5;20.2;58.0;73.0;26.45;713.3;0.0;51.0;4.2;1.048;29.97;9.8;63.0
5749;2024-08-27 13:00:00;0.91;3.0;10.0;13.3;61.0;75.0;22.99;712.8;0.0;46.0;4.2;0.97;30.84;12.6;64.0
5750;2024-08-27 14:00:00;0.84;3.2;8.2;11.7;44.0;62.0;21.88;712.2;0.0;42.0;5.9;0.802;31.49;14.7;72.0
5751;2024-08-27 15:00:00;0.8;3.1;6.1;9.5;38.0;53.0;14.17;711.7;0.0;38.0;5.0;0.925;32.48;12.4;97.0
5752;2024-08-27 16:00:00;0.84;3.2;9.1;12.5;34.0;41.0;14.27;711.6;0.0;43.0;3.9;0.192;31.0;14.5;44.0
5753;2024-08-27 17:00:00;0.88;2.9;7.9;11.0;28.0;66.0;16.33;712.1;1.04;72.0;3.3;0.043;24.48;18.4;24.0
5754;2024-08-27 18:00:00;0.9;3.5;8.9;12.7;26.0;58.0;10.25;712.5;0.19;83.0;3.1;0.157;22.17;5.9;179.0
5755;2024-08-27 19:00:00;1.14;6.8;16.7;23.8;12.0;41.0;10.37;711.8;0.0;71.0;3.4;0.053;25.54;2.3;273.0
5756;2024-08-27 20:00:00;0.97;3.3;12.5;16.1;17.0;29.0;10.72;711.9;0.0;62.0;3.3;0.002;25.75;7.0;121.0
5757;2024-08-27 21:00:00;0.97;2.8;13.9;16.9;16.0;36.0;11.17;712.5;0.0;63.0;3.2;0.001;25.49;7.7;93.0
5758;2024-08-27 22:00:00;1.01;9.0;21.9;31.2;6.0;44.0;15.97;713.0;0.0;73.0;3.5;0.001;24.46;5.0;21.0
5759;2024-08-27 23:00:00;1.08;12.7;20.8;33.7;6.0;54.0;17.13;713.0;0.0;74.0;4.0;0.001;24.16;4.7;27.0
5760;2024-08-28 00:00:00;0.91;4.9;14.1;19.2;7.0;47.0;10.35;713.3;0.0;73.0;3.3;0.001;23.75;2.3;319.0
5761;2024-08-28 01:00:00;0.89;2.6;12.9;15.8;11.0;39.0;10.66;713.2;0.0;71.0;3.2;0.001;23.89;4.7;9.0
5762;2024-08-28 02:00:00;0.88;3.8;14.7;18.7;10.0;40.0;12.36;712.8;0.0;73.0;3.4;0.001;23.59;3.6;35.0
5763;2024-08-28 03:00:00;0.89;2.2;14.9;17.3;12.0;52.0;16.8;712.6;0.0;76.0;3.4;0.001;23.23;6.1;48.0
5764;2024-08-28 04:00:00;0.84;3.0;15.7;18.9;10.0;47.0;16.14;712.4;0.0;77.0;3.6;0.001;22.86;4.8;14.0
5765;2024-08-28 05:00:00;0.8;2.7;10.0;12.9;12.0;51.0;12.74;712.5;0.0;79.0;3.3;0.001;22.69;2.9;47.0
5766;2024-08-28 06:00:00;0.79;2.7;9.9;12.8;12.0;42.0;11.61;712.6;0.0;78.0;3.3;0.001;22.97;3.2;12.0
5767;2024-08-28 07:00:00;0.86;6.1;15.3;21.7;6.0;45.0;14.77;712.7;0.0;79.0;3.4;0.013;23.03;1.9;255.0
5768;2024-08-28 08:00:00;0.97;11.7;14.4;26.4;9.0;47.0;15.54;712.9;0.0;76.0;3.7;0.141;24.0;3.5;33.0
5769;2024-08-28 09:00:00;1.04;12.1;15.6;28.0;13.0;44.0;20.33;713.0;0.0;68.0;3.5;0.333;25.62;3.9;277.0
5770;2024-08-28 10:00:00;1.09;11.8;18.2;30.2;22.0;65.0;25.33;713.2;0.0;60.0;3.5;0.7;27.7;4.5;12.0
5771;2024-08-28 11:00:00;1.13;8.7;21.8;30.8;37.0;62.0;26.35;713.2;0.0;56.0;3.8;0.44;28.51;6.0;1.0
5772;2024-08-28 12:00:00;1.05;5.3;16.4;21.9;52.0;70.0;21.38;713.1;0.0;53.0;3.6;1.042;29.45;9.7;64.0
5773;2024-08-28 13:00:00;0.88;3.2;7.8;11.3;45.0;53.0;11.31;712.5;0.0;52.0;3.4;1.079;29.83;11.9;53.0
5774;2024-08-28 14:00:00;0.85;3.5;7.0;10.8;37.0;36.0;9.38;711.8;0.0;47.0;3.4;0.971;30.55;14.7;67.0
5775;2024-08-28 15:00:00;0.8;3.1;6.3;9.6;36.0;31.0;8.68;711.3;0.0;43.0;3.4;0.689;30.87;10.4;86.0
5776;2024-08-28 16:00:00;0.79;2.7;5.0;7.9;40.0;28.0;9.13;710.6;0.0;43.0;3.3;0.909;31.82;10.2;121.0
5777;2024-08-28 17:00:00;0.81;2.7;6.2;9.1;40.0;34.0;9.21;710.5;0.0;42.0;3.2;0.429;32.0;9.6;119.0
5778;2024-08-28 18:00:00;0.82;2.8;6.9;10.0;37.0;40.0;9.78;710.5;0.0;45.0;3.2;0.261;31.26;12.5;131.0
5779;2024-08-28 19:00:00;0.86;3.0;9.7;12.9;27.0;42.0;8.39;711.1;0.0;55.0;3.2;0.056;28.6;17.3;95.0
5780;2024-08-28 20:00:00;0.83;2.4;6.8;9.4;23.0;45.0;5.74;711.9;0.0;64.0;3.1;0.002;26.37;15.0;107.0
5781;2024-08-28 21:00:00;0.8;2.2;5.8;8.2;23.0;35.0;5.38;712.2;0.0;68.0;3.1;0.001;25.26;11.4;129.0
5782;2024-08-28 22:00:00;0.85;2.4;7.0;9.7;21.0;32.0;5.54;711.8;0.0;71.0;3.1;0.001;25.03;11.0;79.0
5783;2024-08-28 23:00:00;0.92;3.2;17.4;20.8;13.0;30.0;7.84;712.3;0.0;69.0;3.4;0.001;24.96;7.8;37.0
5784;2024-08-29 00:00:00;0.91;2.4;17.3;19.9;11.0;36.0;8.06;712.5;0.0;76.0;3.3;0.001;23.82;8.9;49.0
5785;2024-08-29 01:00:00;0.85;2.1;8.9;11.2;18.0;33.0;7.14;712.3;0.0;74.0;3.2;0.001;23.9;8.2;73.0
5786;2024-08-29 02:00:00;0.75;1.9;2.9;5.1;29.0;28.0;4.62;712.1;0.0;69.0;3.1;0.001;24.0;9.3;115.0
5787;2024-08-29 03:00:00;0.74;1.9;3.0;5.1;28.0;29.0;4.46;711.7;0.0;70.0;3.1;0.001;23.95;5.5;74.0
5788;2024-08-29 04:00:00;0.74;1.9;3.7;5.8;25.0;26.0;4.78;711.4;0.0;71.0;3.1;0.001;23.62;4.7;123.0
5789;2024-08-29 05:00:00;0.77;2.0;6.0;8.3;19.0;25.0;5.54;711.5;0.0;73.0;3.1;0.001;23.13;3.1;171.0
5790;2024-08-29 06:00:00;0.78;2.1;7.8;10.1;17.0;26.0;5.86;711.7;0.0;74.0;3.1;0.001;23.14;3.1;90.0
5791;2024-08-29 07:00:00;0.86;2.9;13.6;16.6;10.0;31.0;6.37;712.2;0.0;75.0;3.1;0.007;23.35;2.7;103.0
5792;2024-08-29 08:00:00;0.92;10.7;17.6;28.6;9.0;31.0;8.34;712.5;0.0;72.0;3.3;0.098;24.09;2.4;360.0
5793;2024-08-29 09:00:00;1.03;15.7;18.1;34.1;12.0;39.0;9.52;712.6;0.0;66.0;3.3;0.318;25.62;4.7;18.0
5794;2024-08-29 10:00:00;1.06;14.3;20.9;35.5;15.0;47.0;16.45;712.9;0.0;66.0;3.5;0.317;25.78;6.1;11.0
5795;2024-08-29 11:00:00;1.11;13.4;21.7;35.3;23.0;61.0;27.4;712.9;0.0;62.0;3.9;0.545;27.28;7.4;21.0
5796;2024-08-29 12:00:00;1.13;7.2;18.1;25.5;37.0;76.0;25.13;712.7;0.0;57.0;3.9;0.717;28.2;7.3;358.0
5797;2024-08-29 13:00:00;1.07;4.3;16.7;21.1;60.0;67.0;27.01;712.3;0.0;51.0;3.8;0.859;29.4;6.5;22.0
5798;2024-08-29 14:00:00;0.96;2.9;13.3;16.4;78.0;64.0;21.38;711.6;0.0;47.0;3.8;0.997;30.41;7.9;60.0
5799;2024-08-29 15:00:00;0.93;2.5;11.8;14.4;92.0;62.0;23.75;711.1;0.0;45.0;4.1;0.904;31.15;9.4;64.0
5800;2024-08-29 16:00:00;0.89;2.3;10.2;12.7;85.0;63.0;26.94;710.7;0.0;43.0;4.4;0.56;31.22;10.7;83.0
5801;2024-08-29 17:00:00;0.9;2.4;9.1;11.7;74.0;65.0;26.14;710.4;0.0;46.0;4.1;0.504;31.31;10.7;142.0
5802;2024-08-29 18:00:00;0.88;2.3;8.5;11.0;63.0;57.0;27.09;710.4;0.0;46.0;4.2;0.234;31.07;11.9;130.0
5803;2024-08-29 19:00:00;0.87;2.1;9.4;11.7;56.0;58.0;26.92;710.2;0.0;47.0;4.2;0.038;30.13;10.5;127.0
5804;2024-08-29 20:00:00;0.9;1.9;10.5;12.6;51.0;55.0;25.72;710.6;0.0;49.0;4.0;0.002;29.17;8.6;108.0
5805;2024-08-29 21:00:00;0.88;1.9;9.9;12.0;47.0;52.0;22.14;711.0;0.0;51.0;3.9;0.001;28.85;7.2;100.0
5806;2024-08-29 22:00:00;0.86;1.9;10.4;12.4;42.0;45.0;19.23;711.4;0.0;50.0;3.8;0.001;28.63;5.0;88.0
5807;2024-08-29 23:00:00;0.94;2.8;18.4;21.3;26.0;42.0;16.15;711.7;0.0;57.0;3.6;0.001;27.9;8.9;54.0
5808;2024-08-30 00:00:00;0.9;2.0;12.6;14.7;23.0;47.0;14.53;711.8;0.0;65.0;3.5;0.001;26.43;9.5;46.0
5809;2024-08-30 01:00:00;0.86;1.9;8.1;10.2;26.0;43.0;9.96;711.6;0.0;67.0;3.4;0.001;25.86;5.7;42.0
5810;2024-08-30 02:00:00;0.88;2.6;16.5;19.3;15.0;36.0;12.11;711.4;0.0;70.0;3.5;0.001;25.32;6.3;21.0
5811;2024-08-30 03:00:00;0.87;2.5;18.6;21.2;11.0;45.0;11.86;711.1;0.0;73.0;3.4;0.001;24.81;4.3;47.0
5812;2024-08-30 04:00:00;0.96;2.3;18.6;21.0;9.0;47.0;11.18;710.8;0.0;75.0;3.5;0.001;24.44;2.6;352.0
5813;2024-08-30 05:00:00;1.03;2.1;15.9;18.1;10.0;50.0;10.21;711.0;0.0;76.0;3.5;0.001;24.17;1.9;320.0
5814;2024-08-30 06:00:00;1.01;2.5;18.6;21.3;7.0;45.0;10.27;711.1;0.0;77.0;3.4;0.001;23.9;2.0;312.0
5815;2024-08-30 07:00:00;0.99;10.8;20.4;31.5;5.0;42.0;11.45;711.5;0.0;77.0;3.5;0.017;24.08;1.9;314.0
5816;2024-08-30 08:00:00;1.1;15.9;20.2;36.4;8.0;50.0;12.23;711.6;0.0;71.0;3.4;0.159;25.6;3.5;329.0
5817;2024-08-30 09:00:00;1.22;17.2;23.4;40.8;14.0;54.0;15.89;711.8;0.0;65.0;3.5;0.408;26.85;5.4;359.0
5818;2024-08-30 10:00:00;1.14;8.9;19.6;28.7;32.0;84.0;19.21;712.1;0.0;56.0;3.3;0.672;29.04;5.4;6.0
5819;2024-08-30 11:00:00;1.29;6.8;20.7;27.8;45.0;102.0;23.31;712.3;0.0;50.0;3.7;0.358;30.63;5.5;7.0
5820;2024-08-30 12:00:00;1.12;3.5;14.4;18.1;69.0;100.0;20.27;712.0;0.0;45.0;4.0;1.016;32.11;5.7;91.0
5821;2024-08-30 13:00:00;1.03;3.3;13.3;16.8;73.0;80.0;16.77;711.6;0.0;41.0;3.9;1.011;32.65;9.1;41.0
5822;2024-08-30 14:00:00;0.92;3.0;11.5;14.6;75.0;64.0;12.88;711.0;0.0;36.0;4.1;0.912;33.52;9.1;51.0
5823;2024-08-30 15:00:00;0.87;2.6;10.1;12.9;77.0;52.0;11.31;710.4;0.0;35.0;4.0;0.864;34.12;10.1;61.0
5824;2024-08-30 16:00:00;0.86;2.6;9.1;11.9;64.0;48.0;10.24;709.9;0.0;36.0;3.7;0.582;33.93;12.9;68.0
5825;2024-08-30 17:00:00;0.88;2.6;9.2;12.1;54.0;46.0;9.2;709.7;0.0;37.0;3.5;0.31;33.51;12.2;77.0
5826;2024-08-30 18:00:00;0.89;2.6;9.2;12.0;40.0;44.0;9.61;709.9;0.0;44.0;3.7;0.059;31.66;11.4;140.0
5827;2024-08-30 19:00:00;0.94;2.8;12.5;15.6;31.0;42.0;8.83;710.4;0.0;63.0;3.5;0.02;27.65;11.0;314.0
5828;2024-08-30 20:00:00;0.91;2.1;9.4;11.6;34.0;46.0;8.35;711.3;0.11;75.0;3.3;0.001;23.9;10.9;159.0
5829;2024-08-30 21:00:00;0.97;2.1;14.4;16.6;26.0;33.0;6.27;711.8;0.03;79.0;3.2;0.001;23.66;5.4;10.0
5830;2024-08-30 22:00:00;1.07;2.1;17.1;19.3;19.0;34.0;8.59;712.2;0.0;78.0;3.2;0.001;24.41;5.3;62.0
5831;2024-08-30 23:00:00;0.96;3.6;16.0;19.9;18.0;15.0;8.88;712.4;0.0;76.0;3.3;0.001;25.03;6.9;24.0
5832;2024-08-31 00:00:00;0.98;2.7;21.0;23.8;12.0;31.0;11.36;712.3;0.0;77.0;3.4;0.001;24.89;4.2;127.0
5833;2024-08-31 01:00:00;0.95;2.0;11.0;13.2;15.0;31.0;8.88;712.0;0.0;76.0;3.2;0.001;24.64;2.4;87.0
5834;2024-08-31 02:00:00;0.94;2.1;10.7;13.0;15.0;30.0;8.89;711.6;0.0;77.0;3.2;0.001;24.47;2.6;131.0
5835;2024-08-31 03:00:00;0.95;2.1;12.2;14.5;14.0;33.0;9.59;711.5;0.0;78.0;3.2;0.001;24.53;2.9;75.0
5836;2024-08-31 04:00:00;0.93;2.4;18.8;21.3;9.0;36.0;15.54;711.6;0.0;78.0;3.3;0.001;24.72;3.9;33.0
5837;2024-08-31 05:00:00;0.91;2.2;16.5;18.8;9.0;51.0;14.69;711.6;0.0;78.0;3.4;0.001;24.58;1.9;226.0
5838;2024-08-31 06:00:00;0.96;2.8;19.9;23.0;6.0;47.0;17.65;711.6;0.0;78.0;3.4;0.001;24.65;2.4;252.0
5839;2024-08-31 07:00:00;0.97;4.3;19.7;24.3;5.0;47.0;15.53;711.9;0.0;79.0;3.3;0.014;24.63;4.1;301.0
5840;2024-08-31 08:00:00;1.02;10.1;17.9;28.2;7.0;48.0;18.2;712.3;0.0;76.0;3.4;0.097;25.33;2.9;331.0
5841;2024-08-31 09:00:00;1.07;9.6;17.5;27.4;12.0;53.0;24.72;712.6;0.0;70.0;3.4;0.224;26.67;2.9;41.0
5842;2024-08-31 10:00:00;1.05;6.8;15.3;22.3;19.0;79.0;25.83;712.7;0.0;68.0;3.3;0.266;26.91;3.9;14.0
5843;2024-08-31 11:00:00;1.05;6.2;13.5;19.9;30.0;76.0;18.0;712.5;0.0;60.0;3.4;0.305;28.68;4.6;357.0
5844;2024-08-31 12:00:00;1.09;5.2;14.6;20.0;39.0;67.0;18.32;712.1;0.0;58.0;3.4;0.639;29.17;8.1;34.0
5845;2024-08-31 13:00:00;0.93;3.5;9.8;13.6;46.0;66.0;15.01;711.5;0.0;52.0;3.3;0.775;30.56;6.7;44.0
5846;2024-08-31 14:00:00;0.99;5.6;17.8;23.6;26.0;52.0;13.62;711.4;0.03;66.0;3.4;0.121;27.09;12.3;18.0
5847;2024-08-31 15:00:00;1.0;6.9;22.7;29.8;19.0;54.0;10.08;711.3;0.01;78.0;3.4;0.109;24.16;5.4;314.0
5848;2024-08-31 16:00:00;1.07;5.4;16.2;21.9;25.0;41.0;9.68;710.7;0.0;69.0;3.4;0.372;26.44;5.3;226.0
5849;2024-08-31 17:00:00;0.99;3.1;11.1;14.5;30.0;29.0;8.58;710.2;0.0;62.0;3.3;0.191;27.34;6.5;108.0
5850;2024-08-31 18:00:00;0.93;2.8;9.9;12.9;32.0;31.0;8.5;710.1;0.0;60.0;3.3;0.165;27.47;6.0;75.0
5851;2024-08-31 19:00:00;1.0;2.2;11.3;13.7;28.0;33.0;11.4;710.4;0.0;61.0;3.3;0.065;27.36;7.2;121.0
5852;2024-08-31 20:00:00;1.09;2.1;17.7;19.9;16.0;35.0;11.67;710.8;0.0;66.0;3.3;0.001;26.61;4.6;102.0
5853;2024-08-31 21:00:00;1.12;2.7;18.7;21.5;10.0;43.0;12.21;711.0;0.0;68.0;3.4;0.001;26.25;1.9;308.0
5854;2024-08-31 22:00:00;1.11;2.8;15.0;17.9;13.0;47.0;12.02;711.4;0.0;65.0;3.3;0.001;26.54;3.2;75.0
5855;2024-08-31 23:00:00;1.15;2.4;17.6;20.1;12.0;36.0;13.86;711.6;0.0;65.0;3.3;0.001;26.26;3.8;86.0
5856;2024-09-01 00:00:00;;;;;;;;;;;;;;;
5857;2024-09-01 01:00:00;1.23;10.8;26.5;37.5;7.0;63.0;17.92;711.6;0.0;76.0;3.9;0.001;25.11;9.7;20.0
5858;2024-09-01 02:00:00;0.92;1.9;6.1;8.2;35.0;46.0;23.19;711.8;0.03;78.0;3.1;0.001;23.32;9.0;327.0
5859;2024-09-01 03:00:00;0.87;1.9;6.2;8.3;31.0;30.0;7.14;711.6;0.09;82.0;3.1;0.001;22.27;2.7;229.0
5860;2024-09-01 04:00:00;0.88;1.9;7.9;10.0;26.0;26.0;3.61;711.4;0.04;86.0;3.1;0.001;22.06;1.8;245.0
5861;2024-09-01 05:00:00;0.93;1.9;9.4;11.5;24.0;23.0;4.56;710.9;0.01;87.0;3.2;0.001;22.14;2.4;297.0
5862;2024-09-01 06:00:00;0.91;1.9;9.1;11.3;21.0;30.0;4.67;711.2;0.0;87.0;3.2;0.001;22.12;2.9;281.0
5863;2024-09-01 07:00:00;0.98;2.1;12.1;14.4;15.0;27.0;4.27;711.6;0.0;86.0;3.0;0.004;22.53;2.0;12.0
5864;2024-09-01 08:00:00;1.07;3.2;13.9;17.2;13.0;42.0;5.69;711.8;0.0;83.0;3.1;0.061;23.2;2.5;243.0
5865;2024-09-01 09:00:00;1.05;5.6;14.2;20.1;20.0;29.0;10.18;712.0;0.0;74.0;3.3;0.272;24.92;2.4;288.0
5866;2024-09-01 10:00:00;0.95;3.4;9.3;12.9;34.0;38.0;17.82;712.3;0.0;66.0;3.1;0.383;26.33;1.8;299.0
5867;2024-09-01 11:00:00;0.93;3.4;8.8;12.5;44.0;32.0;10.2;712.3;0.0;58.0;3.1;0.442;28.29;3.2;47.0
5868;2024-09-01 12:00:00;1.0;2.9;8.2;11.3;58.0;31.0;7.7;712.0;0.0;56.0;3.1;0.916;28.97;6.7;14.0
5869;2024-09-01 13:00:00;0.92;2.1;6.2;8.6;51.0;38.0;9.6;711.5;0.0;58.0;3.2;0.18;28.42;6.8;26.0
5870;2024-09-01 14:00:00;0.93;2.4;9.5;12.1;37.0;50.0;8.61;711.2;0.01;80.0;3.3;0.132;24.29;8.3;185.0
5871;2024-09-01 15:00:00;0.61;2.7;10.8;13.8;33.0;;;711.3;0.26;88.0;3.3;0.1;22.37;9.3;20.0
5872;2024-09-01 16:00:00;0.48;2.2;5.4;7.8;40.0;255.0;;711.1;0.16;91.0;3.2;0.193;21.51;6.9;239.0
5873;2024-09-01 17:00:00;0.52;2.4;6.4;9.0;35.0;27.0;;710.6;0.01;91.0;3.2;0.239;22.52;1.9;219.0
5874;2024-09-01 18:00:00;0.59;2.4;8.9;11.5;33.0;24.0;;710.3;0.0;88.0;3.3;0.135;23.78;4.6;206.0
5875;2024-09-01 19:00:00;0.72;2.9;15.8;18.9;19.0;24.0;;710.5;0.0;83.0;3.3;0.019;24.64;3.2;28.0
5876;2024-09-01 20:00:00;1.1;2.2;26.2;28.6;13.0;29.0;;710.9;0.0;80.0;3.7;0.001;24.58;2.8;68.0
5877;2024-09-01 21:00:00;0.72;1.9;11.6;13.8;23.0;25.0;;711.3;0.0;77.0;3.3;0.001;24.49;2.2;89.0
5878;2024-09-01 22:00:00;0.83;2.5;15.3;18.0;12.0;37.0;;711.6;0.0;78.0;3.3;0.001;24.38;1.8;209.0
5879;2024-09-01 23:00:00;0.84;2.1;15.8;18.1;13.0;26.0;;711.7;0.0;76.0;3.3;0.001;24.48;4.4;212.0
5880;2024-09-02 00:00:00;0.76;2.1;10.5;12.8;13.0;24.0;;711.7;0.0;76.0;3.2;0.001;24.51;2.0;256.0
5881;2024-09-02 01:00:00;0.73;2.1;10.7;13.1;13.0;43.0;;711.2;0.0;76.0;3.3;0.001;24.39;2.0;276.0
5882;2024-09-02 02:00:00;0.68;2.1;10.8;13.1;;23.0;;711.1;0.0;76.0;3.3;0.001;24.47;2.0;270.0
5883;2024-09-02 03:00:00;0.8;1.9;10.3;12.4;23.0;31.0;;711.1;0.0;80.0;3.2;0.001;23.65;8.4;13.0
5884;2024-09-02 04:00:00;0.57;1.9;5.0;7.1;31.0;31.0;;710.9;0.0;81.0;3.2;0.001;23.07;3.2;141.0
5885;2024-09-02 05:00:00;0.73;1.9;7.3;9.4;27.0;25.0;;710.6;0.0;81.0;3.2;0.001;23.08;3.9;115.0
5886;2024-09-02 06:00:00;0.73;2.0;9.7;11.9;19.0;25.0;;710.7;0.0;81.0;3.1;0.001;23.12;2.1;200.0
5887;2024-09-02 07:00:00;0.81;3.4;15.9;19.5;12.0;28.0;;711.1;0.0;80.0;3.3;0.01;23.42;2.0;355.0
5888;2024-09-02 08:00:00;0.98;16.4;27.7;44.3;8.0;35.0;;711.4;0.0;77.0;3.3;0.098;24.15;2.4;14.0
5889;2024-09-02 09:00:00;1.19;18.8;28.4;47.4;9.0;51.0;;711.7;0.0;75.0;3.6;0.145;24.72;3.7;53.0
5890;2024-09-02 10:00:00;1.16;24.9;28.0;53.1;9.0;61.0;;712.1;0.0;76.0;3.9;0.184;24.94;6.2;47.0
5891;2024-09-02 11:00:00;0.96;9.7;18.4;28.4;21.0;65.0;;712.2;0.0;72.0;3.6;0.328;25.53;7.0;26.0
5892;2024-09-02 12:00:00;0.78;4.7;13.2;18.1;30.0;55.0;;712.0;0.0;68.0;3.5;0.237;25.96;6.4;27.0
5893;2024-09-02 13:00:00;0.79;4.6;14.6;19.4;31.0;43.0;;711.6;0.0;65.0;3.5;0.272;26.9;4.6;109.0
5894;2024-09-02 14:00:00;0.79;3.7;12.2;16.2;44.0;41.0;;710.9;0.0;58.0;3.3;0.66;28.48;4.8;261.0
5895;2024-09-02 15:00:00;0.79;2.6;9.6;12.4;56.0;37.0;;710.3;0.0;56.0;3.3;0.493;29.21;5.6;17.0
5896;2024-09-02 16:00:00;0.78;2.6;10.3;13.1;45.0;45.0;;709.9;0.09;67.0;3.3;0.166;26.91;3.6;75.0
5897;2024-09-02 17:00:00;1.04;4.1;20.0;24.3;32.0;53.0;;709.7;0.03;71.0;3.7;0.144;26.52;4.9;166.0
5898;2024-09-02 18:00:00;1.12;7.1;27.4;34.8;19.0;43.0;;709.8;0.05;79.0;3.4;0.057;24.83;4.0;179.0
5899;2024-09-02 19:00:00;1.17;8.3;26.8;35.3;16.0;63.0;;710.2;0.01;81.0;3.4;0.02;24.7;5.7;105.0
5900;2024-09-02 20:00:00;1.13;2.6;28.9;31.7;14.0;19.0;;710.6;0.01;83.0;3.6;0.001;24.04;2.3;115.0
5901;2024-09-02 21:00:00;1.22;2.6;30.9;33.7;8.0;39.0;;711.0;0.01;86.0;3.5;0.001;23.72;1.7;215.0
5902;2024-09-02 22:00:00;0.93;2.1;20.7;23.1;11.0;39.0;;711.3;0.0;89.0;3.2;0.001;23.45;1.7;262.0
5903;2024-09-02 23:00:00;1.05;4.4;26.4;31.0;5.0;36.0;;711.6;0.0;90.0;3.3;0.001;23.74;1.8;225.0
5904;2024-09-03 00:00:00;0.78;2.1;12.9;15.2;17.0;42.0;;711.7;0.0;89.0;3.3;0.001;23.89;3.0;9.0
5905;2024-09-03 01:00:00;0.89;2.0;10.6;12.8;19.0;16.0;;711.3;0.0;83.0;3.2;0.001;24.3;2.9;356.0
5906;2024-09-03 02:00:00;0.7;2.0;10.1;12.3;23.0;23.0;;711.3;0.68;84.0;3.3;0.001;23.5;4.9;56.0
5907;2024-09-03 03:00:00;0.67;2.0;7.0;9.2;27.0;27.0;;711.2;0.27;90.0;3.2;0.001;22.46;4.9;109.0
5908;2024-09-03 04:00:00;0.67;1.9;4.5;6.5;29.0;32.0;;710.7;0.07;91.0;3.1;0.001;22.05;2.6;72.0
5909;2024-09-03 05:00:00;0.58;1.9;4.4;6.5;26.0;18.0;;710.5;0.0;91.0;2.9;0.001;21.81;1.8;224.0
5910;2024-09-03 06:00:00;0.68;2.0;7.7;9.9;19.0;22.0;;710.6;0.0;91.0;3.1;0.001;22.01;1.8;148.0
5911;2024-09-03 07:00:00;0.77;7.2;19.5;27.0;7.0;27.0;;710.9;0.0;91.0;3.2;0.011;22.2;1.8;299.0
5912;2024-09-03 08:00:00;0.92;14.7;20.6;35.5;10.0;32.0;;711.1;0.0;91.0;3.4;0.152;23.38;1.9;291.0
5913;2024-09-03 09:00:00;0.85;10.8;16.6;27.7;20.0;22.0;;711.4;0.0;86.0;3.3;0.42;25.33;2.9;344.0
5914;2024-09-03 10:00:00;0.8;6.5;14.4;21.1;32.0;21.0;;711.7;0.0;64.0;3.3;0.588;28.27;3.8;18.0
5915;2024-09-03 11:00:00;1.2;10.3;30.8;41.3;25.0;33.0;;711.8;0.0;64.0;3.6;0.299;27.28;6.3;8.0
5916;2024-09-03 12:00:00;0.95;9.2;27.0;36.5;37.0;66.0;6.43;711.5;0.0;59.0;3.4;0.629;28.51;5.3;58.0
5917;2024-09-03 13:00:00;0.89;4.0;17.2;21.5;64.0;64.0;15.22;711.0;0.0;54.0;3.3;0.68;29.54;6.2;67.0
5918;2024-09-03 14:00:00;0.84;2.5;13.0;15.7;78.0;50.0;17.62;710.3;0.0;54.0;3.3;0.371;29.42;7.9;88.0
5919;2024-09-03 15:00:00;0.82;2.3;10.9;13.4;70.0;49.0;15.07;709.9;0.0;58.0;3.3;0.272;28.92;8.2;102.0
5920;2024-09-03 16:00:00;0.9;2.8;14.8;17.7;58.0;45.0;12.29;709.8;0.05;76.0;3.4;0.195;25.76;6.3;40.0
5921;2024-09-03 17:00:00;0.94;4.9;21.0;26.1;34.0;31.0;9.63;709.9;0.0;75.0;3.7;0.227;25.65;8.1;360.0
5922;2024-09-03 18:00:00;0.87;3.5;16.8;20.5;31.0;25.0;10.63;710.0;0.0;72.0;3.4;0.073;25.82;3.7;345.0
5923;2024-09-03 19:00:00;1.21;6.8;31.3;38.3;13.0;36.0;9.26;710.0;0.0;71.0;3.5;0.017;26.07;2.9;6.0
5924;2024-09-03 20:00:00;1.81;19.6;41.4;61.2;6.0;43.0;7.41;710.7;0.0;76.0;4.9;0.001;25.5;4.9;2.0
5925;2024-09-03 21:00:00;2.17;13.9;38.5;52.5;5.0;62.0;9.54;711.0;0.0;80.0;4.1;0.001;25.2;2.8;303.0
5926;2024-09-03 22:00:00;1.45;8.6;27.6;36.4;10.0;54.0;13.49;711.3;0.0;78.0;3.7;0.001;25.08;3.3;240.0
5927;2024-09-03 23:00:00;1.04;3.6;20.8;24.6;18.0;27.0;15.82;711.6;0.21;81.0;3.4;0.001;24.29;8.8;356.0
5928;2024-09-04 00:00:00;0.84;2.0;9.0;11.2;31.0;21.0;;712.0;0.79;89.0;3.1;0.001;22.14;5.6;322.0
5929;2024-09-04 01:00:00;0.75;2.0;11.6;13.8;28.0;25.0;11.51;711.9;0.21;91.0;3.2;0.001;21.77;3.2;243.0
5930;2024-09-04 02:00:00;0.72;2.0;8.4;10.6;29.0;24.0;10.92;711.4;0.2;92.0;3.1;0.001;21.84;3.3;211.0
5931;2024-09-04 03:00:00;0.71;2.0;9.5;11.6;26.0;32.0;7.78;711.1;0.05;92.0;3.1;0.001;21.86;2.6;233.0
5932;2024-09-04 04:00:00;0.69;2.0;11.3;13.5;22.0;21.0;5.37;710.8;0.0;92.0;3.1;0.001;21.82;2.8;226.0
5933;2024-09-04 05:00:00;0.7;2.0;10.9;13.1;19.0;35.0;4.93;710.8;0.0;92.0;3.1;0.001;21.88;2.0;324.0
5934;2024-09-04 06:00:00;0.68;2.1;11.6;14.0;13.0;31.0;5.77;711.0;0.01;92.0;3.2;0.001;22.05;1.8;240.0
5935;2024-09-04 07:00:00;0.79;5.2;20.1;25.6;8.0;34.0;6.81;711.5;0.09;91.0;3.3;0.004;22.12;1.8;324.0
5936;2024-09-04 08:00:00;0.91;12.5;23.5;36.3;7.0;13.0;8.59;711.9;0.0;91.0;3.3;0.072;22.23;2.5;251.0
5937;2024-09-04 09:00:00;0.97;12.0;21.4;33.6;12.0;50.0;5.65;712.3;0.0;91.0;3.4;0.11;22.31;4.5;220.0
5938;2024-09-04 10:00:00;0.87;7.7;17.2;25.2;17.0;20.0;5.95;712.5;0.0;89.0;3.3;0.241;23.08;5.2;222.0
5939;2024-09-04 11:00:00;0.92;10.3;20.3;30.9;19.0;27.0;7.4;712.6;0.0;81.0;3.4;0.349;24.92;5.9;232.0
5940;2024-09-04 12:00:00;0.9;10.1;19.6;30.0;23.0;44.0;10.79;712.3;0.0;69.0;3.4;0.495;26.86;7.0;234.0
5941;2024-09-04 13:00:00;0.8;5.8;13.9;20.0;33.0;46.0;5.98;711.7;0.0;62.0;3.3;0.553;27.83;8.4;233.0
5942;2024-09-04 14:00:00;0.79;4.1;10.8;15.2;45.0;41.0;10.11;711.2;0.0;54.0;3.2;0.621;29.88;8.0;226.0
5943;2024-09-04 15:00:00;0.84;3.1;13.8;17.2;40.0;40.0;11.14;710.8;0.0;60.0;3.2;0.187;28.81;6.9;123.0
5944;2024-09-04 16:00:00;0.81;2.9;13.3;16.4;33.0;45.0;9.2;710.7;0.0;67.0;3.3;0.061;27.04;7.0;163.0
5945;2024-09-04 17:00:00;0.83;3.4;13.4;17.1;24.0;36.0;7.92;710.9;0.1;80.0;3.3;0.034;24.58;5.4;33.0
5946;2024-09-04 18:00:00;0.97;7.1;20.3;27.6;13.0;31.0;8.05;711.1;0.0;85.0;3.5;0.04;23.97;2.9;196.0
5947;2024-09-04 19:00:00;1.15;10.6;26.7;37.5;7.0;26.0;7.41;711.5;0.07;84.0;3.7;0.007;23.92;4.9;92.0
5948;2024-09-04 20:00:00;1.0;3.7;16.9;20.8;16.0;34.0;6.57;711.9;0.08;84.0;3.3;0.001;23.45;5.2;174.0
5949;2024-09-04 21:00:00;0.8;2.4;12.9;15.5;20.0;14.0;6.25;712.3;0.02;86.0;3.4;0.001;22.95;5.6;200.0
5950;2024-09-04 22:00:00;0.79;2.2;11.6;14.0;16.0;10.0;7.89;712.7;0.0;86.0;3.1;0.001;23.25;2.0;221.0
5951;2024-09-04 23:00:00;0.88;3.4;17.2;20.8;12.0;31.0;5.03;712.9;0.0;85.0;3.3;0.001;23.6;4.8;202.0
5952;2024-09-05 00:00:00;0.87;2.7;20.7;23.6;8.0;19.0;;713.0;0.01;83.0;3.3;0.001;23.75;4.7;100.0
5953;2024-09-05 01:00:00;0.83;2.4;18.8;21.4;9.0;22.0;4.2;712.9;0.16;87.0;3.2;0.001;23.0;3.6;147.0
5954;2024-09-05 02:00:00;0.86;2.4;18.3;20.9;8.0;38.0;4.63;712.6;0.01;90.0;3.2;0.001;22.6;4.4;210.0
5955;2024-09-05 03:00:00;0.74;2.2;13.3;15.7;16.0;31.0;6.94;712.0;0.0;91.0;3.1;0.001;22.13;6.6;242.0
5956;2024-09-05 04:00:00;0.71;2.3;15.9;18.4;8.0;23.0;8.08;711.8;0.0;90.0;3.1;0.001;22.7;2.4;276.0
5957;2024-09-05 05:00:00;0.72;2.2;11.3;13.7;11.0;52.0;9.41;712.0;0.0;90.0;3.1;0.001;22.76;1.9;85.0
5958;2024-09-05 06:00:00;0.67;2.4;11.8;14.3;10.0;28.0;10.39;712.3;0.0;89.0;3.2;0.001;22.9;2.9;72.0
5959;2024-09-05 07:00:00;0.81;3.3;15.3;18.8;10.0;31.0;7.47;712.5;0.01;88.0;3.3;0.005;22.62;3.6;77.0
5960;2024-09-05 08:00:00;0.78;8.3;16.4;24.9;12.0;33.0;9.54;712.8;0.24;88.0;3.6;0.028;22.28;8.5;27.0
5961;2024-09-05 09:00:00;0.82;3.7;12.3;16.2;19.0;21.0;9.66;713.2;0.23;90.0;3.2;0.064;21.46;4.5;320.0
5962;2024-09-05 10:00:00;0.89;4.8;10.2;15.2;20.0;22.0;8.08;713.4;0.0;91.0;3.1;0.165;21.66;6.2;189.0
5963;2024-09-05 11:00:00;0.77;5.3;12.1;17.6;18.0;19.0;6.68;713.6;0.0;90.0;3.1;0.137;22.81;3.3;120.0
5964;2024-09-05 12:00:00;0.79;4.5;14.7;19.4;18.0;23.0;6.98;713.6;0.04;87.0;3.3;0.078;22.95;2.6;38.0
5965;2024-09-05 13:00:00;0.89;6.8;19.6;26.8;16.0;34.0;3.99;713.5;0.04;89.0;3.5;0.093;22.28;5.9;23.0
5966;2024-09-05 14:00:00;0.91;4.2;10.5;14.9;27.0;41.0;3.5;713.3;0.03;90.0;3.2;0.192;21.79;5.1;273.0
5967;2024-09-05 15:00:00;0.84;3.7;8.3;12.3;30.0;28.0;4.97;712.9;0.0;86.0;3.3;0.238;22.37;7.3;200.0
5968;2024-09-05 16:00:00;0.81;5.6;13.8;19.6;25.0;25.0;8.37;712.6;0.0;74.0;3.3;0.185;24.25;7.5;223.0
5969;2024-09-05 17:00:00;0.87;7.5;15.0;22.8;22.0;30.0;12.91;712.3;0.0;67.0;3.4;0.228;24.91;8.5;205.0
5970;2024-09-05 18:00:00;0.79;5.2;16.2;21.7;22.0;31.0;5.17;712.4;0.03;66.0;3.3;0.078;24.64;10.3;227.0
5971;2024-09-05 19:00:00;0.8;4.1;14.8;19.0;24.0;36.0;5.92;712.8;0.06;85.0;3.4;0.019;21.44;10.3;238.0
5972;2024-09-05 20:00:00;0.91;2.9;17.1;20.2;20.0;31.0;8.11;712.9;0.0;79.0;3.2;0.001;22.31;11.4;213.0
5973;2024-09-05 21:00:00;0.79;2.4;17.2;19.7;17.0;27.0;8.47;713.0;0.0;74.0;3.3;0.001;22.99;7.8;218.0
5974;2024-09-05 22:00:00;0.8;2.8;17.2;20.2;15.0;30.0;7.83;713.1;0.0;73.0;3.2;0.001;23.15;5.8;224.0
5975;2024-09-05 23:00:00;0.93;15.6;27.1;42.9;6.0;32.0;8.98;713.3;0.14;80.0;3.9;0.001;22.62;6.8;307.0
5976;2024-09-06 00:00:00;0.91;4.4;26.2;30.8;7.0;43.0;;713.4;0.03;87.0;3.6;0.001;21.47;6.3;216.0
5977;2024-09-06 01:00:00;0.97;2.1;17.6;19.9;15.0;32.0;8.02;713.1;0.01;91.0;3.3;0.001;20.94;8.4;238.0
5978;2024-09-06 02:00:00;0.84;2.2;18.5;20.8;13.0;34.0;9.09;712.8;0.0;90.0;3.3;0.001;21.23;8.7;231.0
5979;2024-09-06 03:00:00;0.8;2.1;16.0;18.2;14.0;31.0;9.38;712.5;0.0;88.0;3.1;0.001;21.53;5.1;238.0
5980;2024-09-06 04:00:00;0.85;2.1;16.0;18.2;13.0;36.0;15.46;712.3;0.0;86.0;3.2;0.001;21.92;5.0;228.0
5981;2024-09-06 05:00:00;0.71;2.1;15.6;17.9;12.0;38.0;14.43;712.3;0.0;83.0;3.2;0.001;22.14;4.9;235.0
5982;2024-09-06 06:00:00;0.7;3.5;20.4;24.1;9.0;41.0;10.42;712.4;0.0;82.0;3.2;0.001;22.25;4.9;250.0
5983;2024-09-06 07:00:00;0.8;6.8;23.7;30.7;8.0;53.0;11.49;712.8;0.0;84.0;3.5;0.005;21.95;7.1;223.0
5984;2024-09-06 08:00:00;0.72;13.6;26.2;39.9;7.0;39.0;12.32;713.1;0.0;81.0;3.6;0.053;22.79;5.9;224.0
5985;2024-09-06 09:00:00;0.84;21.8;24.7;46.7;6.0;46.0;13.92;713.3;0.0;79.0;3.7;0.07;23.32;4.0;300.0
5986;2024-09-06 10:00:00;1.0;13.3;22.9;36.4;11.0;45.0;12.87;713.8;0.35;83.0;3.7;0.06;22.55;7.4;32.0
5987;2024-09-06 11:00:00;0.87;7.6;15.4;23.3;21.0;44.0;15.87;713.9;0.03;87.0;3.3;0.395;22.18;6.3;204.0
5988;2024-09-06 12:00:00;0.8;5.7;12.9;18.8;25.0;26.0;15.01;713.7;0.0;73.0;3.2;0.397;25.55;4.1;228.0
5989;2024-09-06 13:00:00;0.83;8.2;18.9;27.4;24.0;24.0;14.83;713.2;0.0;67.0;3.3;0.414;26.02;8.0;226.0
5990;2024-09-06 14:00:00;0.83;6.7;17.4;24.3;30.0;37.0;12.56;712.7;0.01;68.0;3.3;0.708;26.29;7.1;180.0
5991;2024-09-06 15:00:00;0.77;3.3;9.5;13.1;43.0;36.0;13.51;712.2;0.43;58.0;3.3;0.561;27.69;8.2;208.0
5992;2024-09-06 16:00:00;0.79;4.6;14.2;19.0;31.0;39.0;7.58;711.9;0.01;76.0;3.3;0.2;23.64;8.0;176.0
5993;2024-09-06 17:00:00;0.93;6.7;20.5;27.5;27.0;32.0;8.44;711.6;0.0;65.0;3.5;0.21;26.07;6.7;214.0
5994;2024-09-06 18:00:00;0.87;6.8;21.9;28.9;23.0;36.0;11.69;711.7;0.0;64.0;3.5;0.134;26.45;6.3;206.0
5995;2024-09-06 19:00:00;0.9;5.3;26.6;32.1;21.0;43.0;13.94;711.8;0.0;64.0;3.5;0.041;25.95;6.6;194.0
5996;2024-09-06 20:00:00;0.95;4.2;32.0;36.4;10.0;42.0;11.82;712.0;0.0;67.0;3.4;0.001;25.21;3.7;153.0
5997;2024-09-06 21:00:00;1.08;4.1;35.6;40.0;9.0;46.0;10.89;712.4;0.0;68.0;3.5;0.001;24.97;4.8;235.0
5998;2024-09-06 22:00:00;0.95;3.5;30.1;33.8;9.0;47.0;12.08;712.7;0.0;68.0;3.5;0.001;24.61;4.0;240.0
5999;2024-09-06 23:00:00;1.05;11.5;41.6;53.3;6.0;46.0;13.62;712.6;0.0;72.0;3.6;0.001;24.0;2.6;249.0
6000;2024-09-07 00:00:00;1.01;11.2;21.7;33.1;13.0;55.0;;712.6;0.04;74.0;3.7;0.001;23.41;5.2;293.0
6001;2024-09-07 01:00:00;1.03;2.3;15.6;18.0;20.0;50.0;14.67;712.6;0.0;80.0;3.3;0.001;22.3;6.6;220.0
6002;2024-09-07 02:00:00;0.85;2.2;13.4;15.8;21.0;39.0;14.06;712.3;0.0;76.0;3.2;0.001;22.94;8.3;230.0
6003;2024-09-07 03:00:00;0.89;2.2;12.8;15.2;16.0;34.0;15.77;712.3;0.0;77.0;3.3;0.001;22.83;4.4;222.0
6004;2024-09-07 04:00:00;0.74;2.2;11.0;13.4;19.0;41.0;17.59;712.1;0.01;75.0;3.3;0.001;22.8;5.1;238.0
6005;2024-09-07 05:00:00;0.72;2.2;10.2;12.6;18.0;38.0;19.39;711.9;0.0;76.0;3.3;0.001;22.76;3.4;258.0
6006;2024-09-07 06:00:00;0.79;2.2;10.2;12.6;15.0;42.0;18.55;712.2;0.0;77.0;3.3;0.001;22.59;3.3;239.0
6007;2024-09-07 07:00:00;0.66;2.9;14.2;17.4;15.0;44.0;14.35;712.5;0.0;73.0;3.3;0.009;23.19;3.6;247.0
6008;2024-09-07 08:00:00;0.7;8.2;22.6;31.0;14.0;36.0;13.91;713.0;0.0;70.0;3.4;0.103;24.0;5.9;7.0
6009;2024-09-07 09:00:00;0.71;4.0;10.0;14.2;32.0;41.0;14.01;713.4;0.0;62.0;3.2;0.337;24.77;9.5;5.0
6010;2024-09-07 10:00:00;0.67;3.0;6.9;10.2;38.0;37.0;14.46;713.7;0.0;53.0;3.1;0.481;25.36;9.1;342.0
6011;2024-09-07 11:00:00;0.61;2.9;11.5;14.6;44.0;30.0;13.66;713.8;0.0;47.0;3.1;0.355;26.43;10.5;12.0
6012;2024-09-07 12:00:00;0.58;2.5;4.3;7.0;50.0;27.0;13.61;713.5;0.0;43.0;3.2;0.864;27.22;6.9;351.0
6013;2024-09-07 13:00:00;0.6;2.6;4.6;7.4;52.0;27.0;13.27;713.2;0.0;43.0;3.1;0.829;27.67;6.8;346.0
6014;2024-09-07 14:00:00;0.58;2.6;5.0;7.8;55.0;28.0;13.03;712.7;0.0;41.0;3.3;1.022;28.33;9.3;13.0
6015;2024-09-07 15:00:00;0.59;2.4;4.1;6.8;53.0;31.0;10.55;712.1;0.0;37.0;3.1;1.037;29.38;7.9;317.0
6016;2024-09-07 16:00:00;0.58;2.6;5.5;8.4;50.0;30.0;7.26;711.7;0.0;38.0;3.2;0.336;28.85;9.2;7.0
6017;2024-09-07 17:00:00;0.63;2.5;5.4;8.1;49.0;30.0;6.72;711.5;0.0;37.0;3.2;0.465;29.08;11.2;3.0
6018;2024-09-07 18:00:00;0.59;2.7;11.7;14.5;42.0;34.0;7.29;711.3;0.0;40.0;3.4;0.154;28.87;8.9;73.0
6019;2024-09-07 19:00:00;0.67;2.4;14.9;17.5;35.0;38.0;8.83;711.5;0.0;48.0;3.4;0.007;27.12;9.3;42.0
6020;2024-09-07 20:00:00;0.67;3.4;10.7;14.4;36.0;37.0;10.34;711.9;0.03;68.0;3.3;0.001;23.01;8.5;191.0
6021;2024-09-07 21:00:00;0.72;2.1;13.2;15.5;25.0;32.0;9.11;712.2;0.0;66.0;3.3;0.001;23.91;3.5;196.0
6022;2024-09-07 22:00:00;0.71;2.2;17.1;19.5;26.0;36.0;10.13;712.9;0.01;66.0;3.5;0.001;24.1;7.1;65.0
6023;2024-09-07 23:00:00;0.81;2.0;8.9;11.2;41.0;39.0;10.0;712.9;0.0;66.0;3.3;0.001;23.25;8.4;201.0
6024;2024-09-08 00:00:00;0.67;2.0;7.7;9.9;37.0;29.0;;712.7;0.0;64.0;3.4;0.001;23.58;2.2;171.0
6025;2024-09-08 01:00:00;0.77;2.0;12.2;14.4;27.0;27.0;11.47;712.6;0.0;66.0;3.4;0.001;23.37;2.1;218.0
6026;2024-09-08 02:00:00;0.75;2.0;11.6;13.9;27.0;29.0;12.52;712.5;0.0;62.0;3.4;0.001;23.86;1.9;254.0
6027;2024-09-08 03:00:00;0.69;2.0;8.1;10.4;37.0;34.0;9.53;712.5;0.0;57.0;3.4;0.001;24.13;4.3;334.0
6028;2024-09-08 04:00:00;0.75;2.0;4.1;6.3;47.0;32.0;10.12;712.4;0.0;52.0;3.4;0.001;23.89;6.4;348.0
6029;2024-09-08 05:00:00;0.72;2.0;4.2;6.4;44.0;35.0;13.25;712.6;0.0;50.0;3.6;0.001;23.39;3.3;228.0
6030;2024-09-08 06:00:00;0.65;2.0;3.4;5.6;48.0;37.0;12.19;712.8;0.0;44.0;3.4;0.001;22.94;5.1;351.0
6031;2024-09-08 07:00:00;0.69;2.0;7.8;10.0;44.0;36.0;10.95;713.4;0.0;43.0;3.4;0.017;22.52;5.8;33.0
6032;2024-09-08 08:00:00;0.79;3.1;13.5;16.8;37.0;46.0;11.34;713.9;0.0;43.0;3.5;0.153;23.08;4.9;49.0
6033;2024-09-08 09:00:00;0.71;3.7;11.1;15.0;46.0;41.0;12.0;713.9;0.0;38.0;3.5;0.413;24.55;4.2;23.0
6034;2024-09-08 10:00:00;0.73;3.1;7.4;10.8;54.0;37.0;13.1;713.9;0.0;35.0;3.5;0.683;25.14;7.5;19.0
6035;2024-09-08 11:00:00;0.66;2.6;6.0;8.8;64.0;41.0;14.3;713.5;0.0;35.0;3.4;0.23;25.75;7.1;348.0
6036;2024-09-08 12:00:00;0.72;2.3;5.5;7.9;70.0;41.0;15.32;712.9;0.0;34.0;3.4;1.073;26.99;7.1;6.0
6037;2024-09-08 13:00:00;0.64;2.3;5.1;7.6;69.0;43.0;15.04;712.5;0.0;33.0;3.3;1.2;27.72;11.6;347.0
6038;2024-09-08 14:00:00;0.64;2.3;5.1;7.6;67.0;46.0;15.63;712.1;0.0;34.0;3.6;1.056;28.25;10.7;11.0
6039;2024-09-08 15:00:00;0.63;2.5;5.7;8.5;60.0;43.0;20.25;711.9;0.0;35.0;3.6;0.877;27.85;13.2;20.0
6040;2024-09-08 16:00:00;0.67;2.4;5.2;7.9;62.0;38.0;15.0;711.4;0.0;33.0;3.6;0.845;28.3;12.2;15.0
6041;2024-09-08 17:00:00;0.65;2.5;5.5;8.3;60.0;43.0;14.21;711.2;0.0;32.0;3.8;0.575;28.22;12.6;22.0
6042;2024-09-08 18:00:00;0.69;2.5;7.0;9.7;57.0;41.0;14.08;711.3;0.0;33.0;3.6;0.17;27.77;11.6;28.0
6043;2024-09-08 19:00:00;0.71;2.6;10.1;12.9;52.0;42.0;15.55;711.7;0.0;37.0;3.6;0.032;26.35;10.4;48.0
6044;2024-09-08 20:00:00;0.82;2.1;9.6;11.9;51.0;42.0;17.24;712.3;0.0;39.0;3.6;0.002;25.27;9.8;70.0
6045;2024-09-08 21:00:00;0.76;2.1;14.9;17.3;43.0;42.0;17.35;712.9;0.0;39.0;3.6;0.001;24.84;7.4;78.0
6046;2024-09-08 22:00:00;0.85;2.1;16.0;18.3;34.0;;18.2;713.3;0.0;43.0;3.4;0.001;23.81;4.2;182.0
6047;2024-09-08 23:00:00;0.76;2.0;12.3;14.6;38.0;41.0;16.2;713.4;0.0;45.0;3.4;0.001;23.06;3.9;222.0
6048;2024-09-09 00:00:00;0.85;2.1;17.8;20.0;27.0;39.0;;713.3;0.0;49.0;3.4;0.001;22.56;3.4;195.0
6049;2024-09-09 01:00:00;0.82;2.0;13.4;15.6;32.0;39.0;18.58;713.0;0.0;50.0;3.4;0.001;22.15;2.5;250.0
6050;2024-09-09 02:00:00;0.81;2.0;9.6;11.9;38.0;36.0;16.53;712.5;0.0;51.0;3.6;0.001;21.75;4.3;230.0
6051;2024-09-09 03:00:00;0.79;2.1;10.3;12.7;32.0;37.0;15.42;712.3;0.0;55.0;3.5;0.001;21.31;4.0;221.0
6052;2024-09-09 04:00:00;0.78;2.1;10.1;12.5;28.0;36.0;17.07;712.7;0.0;57.0;3.5;0.001;20.96;3.7;173.0
6053;2024-09-09 05:00:00;0.76;2.1;11.8;14.1;28.0;45.0;18.4;712.7;0.0;57.0;3.5;0.001;20.78;5.0;230.0
6054;2024-09-09 06:00:00;0.74;2.1;11.1;13.4;32.0;46.0;17.84;712.8;0.0;57.0;3.4;0.001;20.42;3.5;249.0
6055;2024-09-09 07:00:00;0.74;5.9;23.1;29.2;15.0;42.0;15.27;713.4;0.0;60.0;3.5;0.016;20.15;4.5;246.0
6056;2024-09-09 08:00:00;0.81;18.3;29.2;47.7;11.0;56.0;15.46;713.5;0.0;55.0;3.8;0.196;22.28;4.9;229.0
6057;2024-09-09 09:00:00;0.87;11.4;25.0;36.6;30.0;64.0;15.37;713.7;0.0;40.0;3.5;0.44;25.86;3.2;16.0
6058;2024-09-09 10:00:00;0.88;4.4;11.9;16.5;53.0;52.0;14.55;713.7;0.0;35.0;3.3;0.685;25.46;7.1;358.0
6059;2024-09-09 11:00:00;0.85;4.2;12.1;16.5;60.0;44.0;15.93;713.7;0.0;34.0;3.3;0.268;26.53;6.3;46.0
6060;2024-09-09 12:00:00;0.83;3.8;11.8;15.8;66.0;48.0;17.32;713.5;0.0;33.0;3.5;1.016;26.95;7.3;52.0
6061;2024-09-09 13:00:00;0.81;3.1;7.7;11.0;69.0;44.0;19.47;713.1;0.0;33.0;3.3;1.08;27.16;9.3;17.0
6062;2024-09-09 14:00:00;0.78;3.1;7.8;11.1;65.0;45.0;16.68;712.6;0.0;31.0;3.4;0.929;27.48;11.3;18.0
6063;2024-09-09 15:00:00;0.76;2.8;7.1;10.1;64.0;46.0;19.21;712.1;0.0;31.0;3.3;0.613;27.64;8.4;21.0
6064;2024-09-09 16:00:00;0.75;3.9;13.3;17.4;52.0;44.0;21.7;711.6;0.0;37.0;3.6;0.41;26.93;11.8;39.0
6065;2024-09-09 17:00:00;0.76;3.6;15.2;19.0;47.0;52.0;19.37;711.4;0.0;40.0;4.7;0.189;26.11;8.6;36.0
6066;2024-09-09 18:00:00;0.78;3.3;16.0;19.5;46.0;52.0;13.87;711.3;0.0;41.0;3.5;0.139;26.06;8.8;29.0
6067;2024-09-09 19:00:00;0.8;2.9;17.3;20.4;42.0;50.0;14.5;711.6;0.0;41.0;3.5;0.023;25.48;9.5;56.0
6068;2024-09-09 20:00:00;0.79;2.3;14.3;16.8;43.0;47.0;17.12;712.0;0.0;43.0;3.4;0.001;25.09;8.8;67.0
6069;2024-09-09 21:00:00;0.79;2.2;17.3;19.7;37.0;41.0;14.1;712.4;0.0;44.0;3.4;0.001;24.98;4.2;32.0
6070;2024-09-09 22:00:00;0.78;2.2;11.4;13.8;45.0;45.0;13.23;712.7;0.0;40.0;3.3;0.001;24.97;5.7;6.0
6071;2024-09-09 23:00:00;0.77;2.1;10.8;13.1;43.0;38.0;11.99;712.7;0.0;40.0;3.2;0.001;24.74;3.3;288.0
6072;2024-09-10 00:00:00;0.78;2.1;11.9;14.2;38.0;42.0;;712.4;0.0;43.0;3.3;0.001;24.37;3.5;222.0
6073;2024-09-10 01:00:00;0.77;2.1;15.4;17.6;33.0;37.0;14.11;711.9;0.0;43.0;3.2;0.001;24.24;3.7;221.0
6074;2024-09-10 02:00:00;0.74;2.1;9.2;11.5;39.0;36.0;14.98;711.4;0.0;43.0;3.3;0.001;24.09;3.8;228.0
6075;2024-09-10 03:00:00;0.73;2.1;11.8;14.1;36.0;35.0;14.06;711.1;0.0;43.0;3.2;0.001;24.2;4.4;305.0
6076;2024-09-10 04:00:00;0.73;2.2;20.9;23.3;21.0;49.0;13.68;710.8;0.0;47.0;3.3;0.001;23.86;3.0;264.0
6077;2024-09-10 05:00:00;0.75;2.3;30.4;32.9;13.0;73.0;12.59;710.7;0.0;49.0;3.5;0.001;23.67;5.2;228.0
6078;2024-09-10 06:00:00;0.78;2.5;25.1;27.8;14.0;73.0;13.64;710.8;0.0;50.0;3.4;0.001;23.59;2.4;325.0
6079;2024-09-10 07:00:00;0.78;6.1;26.1;32.4;13.0;63.0;12.29;711.0;0.0;50.0;3.4;0.004;23.65;3.4;347.0
6080;2024-09-10 08:00:00;0.84;11.5;30.6;42.4;9.0;58.0;11.63;711.3;0.0;50.0;3.5;0.047;23.88;3.4;323.0
6081;2024-09-10 09:00:00;0.89;12.3;29.9;42.4;13.0;57.0;11.5;711.4;0.0;49.0;3.5;0.147;24.53;4.2;216.0
6082;2024-09-10 10:00:00;0.93;10.9;27.5;38.5;21.0;60.0;11.81;711.8;0.0;45.0;3.4;0.338;25.49;4.3;290.0
6083;2024-09-10 11:00:00;0.91;7.6;16.8;24.7;44.0;59.0;10.39;711.6;0.0;38.0;3.3;0.225;27.54;5.9;325.0
6084;2024-09-10 12:00:00;0.84;4.3;12.4;16.9;56.0;48.0;11.59;711.1;0.0;37.0;3.2;0.988;28.43;5.9;291.0
6085;2024-09-10 13:00:00;0.76;3.3;8.4;12.0;61.0;47.0;20.33;710.6;0.0;35.0;3.1;1.079;29.01;8.4;8.0
6086;2024-09-10 14:00:00;0.73;2.9;7.0;10.2;62.0;42.0;23.23;709.9;0.0;35.0;3.1;1.131;29.52;9.0;336.0
6087;2024-09-10 15:00:00;0.74;2.9;6.4;9.5;65.0;39.0;21.03;709.4;0.0;34.0;3.1;0.999;29.96;9.1;359.0
6088;2024-09-10 16:00:00;0.72;3.1;6.4;9.7;56.0;43.0;18.84;709.0;0.0;35.0;3.0;0.883;30.23;9.9;356.0
6089;2024-09-10 17:00:00;0.75;3.5;8.0;11.7;52.0;41.0;18.9;708.9;0.0;36.0;3.0;0.64;30.29;9.3;347.0
6090;2024-09-10 18:00:00;0.79;3.6;10.8;14.7;45.0;39.0;18.37;708.9;0.0;39.0;3.1;0.203;29.38;11.2;24.0
6091;2024-09-10 19:00:00;0.76;2.9;11.4;14.6;39.0;42.0;17.06;709.0;0.0;42.0;3.1;0.032;28.23;10.1;17.0
6092;2024-09-10 20:00:00;0.77;2.7;14.8;17.7;33.0;41.0;14.08;709.3;0.0;44.0;3.1;0.001;27.63;9.5;25.0
6093;2024-09-10 21:00:00;0.73;2.3;13.8;16.3;37.0;41.0;14.25;709.7;0.0;47.0;3.1;0.001;27.01;8.3;33.0
6094;2024-09-10 22:00:00;0.72;2.3;13.9;16.3;38.0;39.0;12.74;709.8;0.0;49.0;3.1;0.001;26.37;5.3;26.0
6095;2024-09-10 23:00:00;0.75;2.3;17.3;19.8;28.0;42.0;10.53;710.0;0.0;52.0;3.1;0.001;25.68;3.3;181.0
6096;2024-09-11 00:00:00;0.65;2.2;14.7;17.0;28.0;43.0;;709.7;0.0;53.0;3.1;0.001;25.38;3.2;209.0
6097;2024-09-11 01:00:00;0.62;2.2;16.0;18.3;24.0;39.0;10.48;709.4;0.0;53.0;3.0;0.001;25.35;2.1;226.0
6098;2024-09-11 02:00:00;0.61;2.3;16.2;18.7;19.0;36.0;10.04;709.0;0.0;53.0;3.1;0.001;25.21;2.3;189.0
6099;2024-09-11 03:00:00;0.63;2.2;14.8;17.2;18.0;34.0;9.69;708.9;0.0;56.0;3.0;0.001;24.56;1.8;210.0
6100;2024-09-11 04:00:00;0.57;2.2;9.7;12.1;25.0;35.0;9.93;708.9;0.0;57.0;3.0;0.001;24.17;4.0;215.0
6101;2024-09-11 05:00:00;0.59;2.2;11.5;13.9;23.0;34.0;9.65;709.0;0.0;60.0;2.9;0.001;23.74;2.4;271.0
6102;2024-09-11 06:00:00;0.61;2.2;13.1;15.5;18.0;41.0;10.42;709.4;0.0;61.0;3.0;0.001;23.41;2.5;228.0
6103;2024-09-11 07:00:00;0.73;5.4;22.6;28.1;10.0;42.0;11.63;709.5;0.0;62.0;3.1;0.01;23.39;2.3;228.0
6104;2024-09-11 08:00:00;0.92;16.2;27.5;43.9;9.0;49.0;13.14;709.8;0.0;57.0;3.1;0.156;25.03;3.0;226.0
6105;2024-09-11 09:00:00;0.99;15.7;28.0;43.9;15.0;64.0;13.46;709.8;0.0;53.0;3.2;0.284;26.24;4.9;200.0
6106;2024-09-11 10:00:00;0.95;11.9;29.1;41.2;32.0;73.0;11.57;709.7;0.0;44.0;3.1;0.646;28.67;4.5;78.0
6107;2024-09-11 11:00:00;0.98;8.4;29.7;38.4;44.0;75.0;10.62;709.8;0.0;44.0;3.1;0.412;28.2;7.9;104.0
6108;2024-09-11 12:00:00;0.93;3.7;15.6;19.5;61.0;84.0;9.27;709.6;0.0;42.0;3.2;0.502;28.52;6.3;104.0
6109;2024-09-11 13:00:00;0.73;3.4;13.9;17.6;87.0;95.0;10.58;709.1;0.0;41.0;3.1;0.966;29.3;9.0;55.0
6110;2024-09-11 14:00:00;0.8;2.9;16.6;19.6;109.0;77.0;12.3;708.6;0.0;42.0;3.1;0.753;29.63;8.4;75.0
6111;2024-09-11 15:00:00;0.76;2.5;12.8;15.5;114.0;79.0;15.67;708.0;0.0;41.0;3.0;0.866;30.53;8.0;80.0
6112;2024-09-11 16:00:00;0.67;2.6;9.8;12.6;93.0;65.0;14.96;707.6;0.0;43.0;3.1;0.726;30.43;9.7;71.0
6113;2024-09-11 17:00:00;0.68;2.6;9.3;12.2;82.0;53.0;15.8;707.4;0.0;45.0;3.1;0.418;30.0;10.5;127.0
6114;2024-09-11 18:00:00;0.65;2.4;9.1;11.7;74.0;49.0;18.2;707.4;0.0;46.0;3.1;0.17;29.39;10.5;132.0
6115;2024-09-11 19:00:00;0.71;2.3;11.3;13.8;68.0;50.0;18.85;707.5;0.0;50.0;3.1;0.03;28.1;10.5;124.0
6116;2024-09-11 20:00:00;0.71;2.2;11.4;13.8;62.0;52.0;21.03;707.7;0.0;53.0;3.0;0.001;27.3;10.1;105.0
6117;2024-09-11 21:00:00;0.69;2.1;10.2;12.6;53.0;50.0;25.55;708.0;0.0;54.0;3.0;0.001;26.85;7.8;121.0
6118;2024-09-11 22:00:00;0.7;2.1;11.1;13.4;52.0;47.0;30.37;708.2;0.0;54.0;3.1;0.001;26.75;5.5;115.0
6119;2024-09-11 23:00:00;0.74;2.1;14.0;16.3;43.0;48.0;20.96;708.3;0.0;56.0;3.1;0.001;26.16;2.7;116.0
6120;2024-09-12 00:00:00;0.82;2.2;20.9;23.2;27.0;46.0;;708.1;0.0;59.0;3.1;0.001;25.4;2.1;215.0
6121;2024-09-12 01:00:00;0.8;2.2;21.9;24.3;24.0;50.0;22.88;707.9;0.0;56.0;3.0;0.001;25.3;2.3;209.0
6122;2024-09-12 02:00:00;0.68;2.2;15.7;18.1;30.0;45.0;22.3;707.7;0.0;57.0;3.0;0.001;24.74;2.0;211.0
6123;2024-09-12 03:00:00;0.69;2.3;19.5;22.0;24.0;46.0;19.18;707.5;0.0;59.0;3.1;0.001;24.46;2.0;211.0
6124;2024-09-12 04:00:00;0.77;2.4;26.5;29.0;14.0;52.0;18.86;707.6;0.0;62.0;3.2;0.001;24.09;1.8;236.0
6125;2024-09-12 05:00:00;0.86;4.2;34.3;38.7;6.0;61.0;17.19;707.6;0.0;65.0;3.1;0.001;23.61;1.8;251.0
6126;2024-09-12 06:00:00;0.84;10.2;33.1;43.5;6.0;63.0;17.65;708.0;0.0;67.0;3.1;0.001;23.37;1.8;283.0
6127;2024-09-12 07:00:00;1.08;38.3;37.4;75.9;5.0;88.0;19.05;708.3;0.0;70.0;3.3;0.015;23.12;;260.0
6128;2024-09-12 08:00:00;1.11;24.7;32.3;57.3;8.0;112.0;18.51;708.6;0.0;62.0;3.2;0.126;24.65;3.2;229.0
6129;2024-09-12 09:00:00;1.26;20.6;37.8;58.6;18.0;84.0;19.61;708.9;0.0;53.0;3.1;0.381;27.4;2.4;1.0
6130;2024-09-12 10:00:00;1.41;12.2;36.3;48.7;37.0;95.0;20.16;709.1;0.0;50.0;3.1;0.628;28.69;4.9;15.0
6131;2024-09-12 11:00:00;1.18;9.6;31.5;41.3;45.0;118.0;20.36;709.2;0.0;49.0;3.0;0.416;29.21;5.8;2.0
6132;2024-09-12 12:00:00;0.86;9.9;33.6;43.6;52.0;105.0;19.04;709.0;0.0;47.0;3.0;0.889;29.99;7.5;30.0
6133;2024-09-12 13:00:00;0.85;4.1;21.1;25.4;93.0;96.0;17.98;708.5;0.0;43.0;2.9;0.96;30.9;8.6;60.0
6134;2024-09-12 14:00:00;0.79;2.9;14.0;17.1;103.0;70.0;21.35;708.0;0.0;42.0;3.0;1.087;31.65;9.6;51.0
6135;2024-09-12 15:00:00;0.73;2.7;10.6;13.6;95.0;63.0;23.81;707.5;0.0;42.0;3.0;0.909;32.23;10.5;53.0
6136;2024-09-12 16:00:00;0.68;2.7;8.9;11.9;67.0;56.0;28.66;707.4;0.0;44.0;3.1;0.527;31.77;11.3;85.0
6137;2024-09-12 17:00:00;0.72;2.8;8.3;11.3;67.0;49.0;31.18;707.2;0.0;42.0;2.9;0.547;32.43;9.2;110.0
6138;2024-09-12 18:00:00;0.69;2.5;8.8;11.5;63.0;46.0;;707.2;0.0;44.0;2.9;0.205;31.84;9.5;117.0
6139;2024-09-12 19:00:00;0.74;3.0;12.5;15.6;59.0;45.0;30.23;707.4;0.0;48.0;3.0;0.029;30.57;8.7;128.0
6140;2024-09-12 20:00:00;0.75;2.1;11.7;14.1;50.0;46.0;33.0;707.6;0.0;52.0;3.0;0.001;29.5;8.4;122.0
6141;2024-09-12 21:00:00;0.7;2.1;10.0;12.3;44.0;48.0;;707.9;0.0;55.0;2.9;0.001;29.07;8.0;119.0
6142;2024-09-12 22:00:00;0.7;2.2;10.3;12.6;37.0;45.0;29.91;708.4;0.0;58.0;2.9;0.001;28.67;9.0;112.0
6143;2024-09-12 23:00:00;0.69;2.1;9.3;11.6;32.0;46.0;28.4;708.7;0.0;59.0;3.0;0.001;28.34;8.3;97.0
6144;2024-09-13 00:00:00;0.75;2.1;12.6;14.9;24.0;44.0;;708.8;0.0;62.0;3.1;0.001;27.62;5.6;37.0
6145;2024-09-13 01:00:00;0.68;2.1;10.3;12.6;26.0;45.0;26.85;708.8;0.0;64.0;3.1;0.001;27.3;6.3;60.0
6146;2024-09-13 02:00:00;0.66;2.2;8.9;11.4;23.0;49.0;24.6;708.8;0.0;70.0;2.9;0.001;26.44;6.7;53.0
6147;2024-09-13 03:00:00;0.7;2.8;18.9;21.9;11.0;71.0;21.71;708.6;0.0;77.0;3.1;0.001;25.52;5.5;47.0
6148;2024-09-13 04:00:00;0.74;3.3;20.6;24.1;10.0;84.0;17.0;708.6;0.0;79.0;3.0;0.001;25.09;5.2;51.0
6149;2024-09-13 05:00:00;0.75;2.2;17.2;19.6;11.0;82.0;16.56;708.6;0.0;79.0;3.1;0.001;24.79;3.7;71.0
6150;2024-09-13 06:00:00;0.75;2.2;15.2;17.5;11.0;72.0;16.75;708.9;0.0;80.0;3.0;0.001;24.67;5.8;61.0
6151;2024-09-13 07:00:00;0.8;4.1;17.9;22.2;8.0;52.0;17.4;709.4;0.0;80.0;3.0;0.007;24.5;6.8;50.0
6152;2024-09-13 08:00:00;1.0;10.4;22.3;33.0;8.0;58.0;17.54;709.7;0.0;79.0;3.2;0.064;24.56;6.4;30.0
6153;2024-09-13 09:00:00;1.13;16.5;24.6;41.2;8.0;79.0;16.62;709.9;0.0;76.0;3.2;0.148;24.92;7.3;41.0
6154;2024-09-13 10:00:00;0.99;23.8;25.9;49.8;12.0;88.0;16.94;710.1;0.0;72.0;3.2;0.367;26.06;7.3;46.0
6155;2024-09-13 11:00:00;0.96;14.6;24.2;39.0;21.0;94.0;15.56;710.2;0.0;67.0;3.2;0.446;27.25;7.8;16.0
6156;2024-09-13 12:00:00;0.82;10.9;22.1;33.3;36.0;85.0;18.6;710.1;0.0;61.0;3.2;1.09;29.11;8.9;45.0
6157;2024-09-13 13:00:00;0.8;4.1;13.3;17.6;58.0;80.0;17.91;709.8;0.0;60.0;3.1;0.828;29.5;10.2;50.0
6158;2024-09-13 14:00:00;0.74;2.7;8.0;10.9;58.0;75.0;19.08;709.3;0.0;56.0;3.0;0.717;30.34;7.8;90.0
6159;2024-09-13 15:00:00;0.71;2.5;6.9;9.7;41.0;61.0;30.18;708.8;0.0;55.0;3.1;0.299;30.48;8.2;137.0
6160;2024-09-13 16:00:00;0.72;3.3;7.5;11.1;35.0;44.0;29.6;708.4;0.0;55.0;3.0;0.468;30.4;11.1;133.0
6161;2024-09-13 17:00:00;0.72;3.6;7.9;11.7;32.0;44.0;26.02;708.4;0.0;57.0;3.0;0.331;29.94;12.5;132.0
6162;2024-09-13 18:00:00;0.77;3.0;10.9;14.1;28.0;44.0;26.0;708.4;0.0;59.0;3.1;0.08;29.29;11.5;123.0
6163;2024-09-13 19:00:00;0.8;2.9;11.2;14.3;26.0;;27.05;708.6;0.0;60.0;3.1;0.012;28.91;9.4;133.0
6164;2024-09-13 20:00:00;0.71;2.2;9.4;11.8;26.0;49.0;26.21;708.9;0.0;62.0;3.1;0.001;28.65;9.0;121.0
6165;2024-09-13 21:00:00;0.72;2.2;9.5;11.8;24.0;48.0;27.86;709.2;0.0;61.0;3.0;0.001;28.68;7.5;112.0
6166;2024-09-13 22:00:00;0.72;2.1;10.9;13.2;22.0;39.0;34.69;709.5;0.0;57.0;3.0;0.001;28.86;5.1;100.0
6167;2024-09-13 23:00:00;0.74;2.1;9.7;12.0;21.0;40.0;37.57;709.9;0.0;57.0;3.1;0.001;28.81;6.0;101.0
6168;2024-09-14 00:00:00;0.76;2.1;10.4;12.8;16.0;44.0;;709.8;0.0;68.0;3.1;0.001;27.81;5.7;48.0
6169;2024-09-14 01:00:00;0.69;2.1;6.8;9.1;18.0;53.0;34.13;709.5;0.0;71.0;3.1;0.001;27.07;7.8;85.0
6170;2024-09-14 02:00:00;0.65;2.0;5.6;7.8;18.0;35.0;;709.3;0.0;72.0;3.2;0.001;26.91;7.8;56.0
6171;2024-09-14 03:00:00;0.64;1.9;4.4;6.5;20.0;39.0;28.49;709.2;0.0;73.0;3.1;0.001;26.6;8.0;65.0
6172;2024-09-14 04:00:00;0.63;1.9;3.7;5.8;16.0;50.0;18.69;708.9;0.0;81.0;3.1;0.001;25.71;7.0;48.0
6173;2024-09-14 05:00:00;0.63;1.9;4.3;6.5;15.0;35.0;17.41;709.0;0.0;80.0;3.1;0.001;25.69;7.3;41.0
6174;2024-09-14 06:00:00;0.62;2.1;6.0;8.3;12.0;49.0;16.84;709.2;0.0;82.0;3.1;0.001;25.02;7.7;39.0
6175;2024-09-14 07:00:00;0.67;4.0;10.9;15.1;8.0;44.0;17.77;709.6;0.0;83.0;3.2;0.01;24.72;7.8;43.0
6176;2024-09-14 08:00:00;0.74;5.9;10.6;16.7;9.0;52.0;17.79;709.8;0.0;83.0;3.1;0.073;24.83;7.3;45.0
6177;2024-09-14 09:00:00;0.78;7.7;10.4;18.4;11.0;51.0;17.34;710.1;0.0;80.0;3.2;0.2;25.31;7.4;53.0
6178;2024-09-14 10:00:00;0.79;17.0;14.6;31.9;11.0;63.0;17.02;710.2;0.0;75.0;3.2;0.357;26.31;8.2;32.0
6179;2024-09-14 11:00:00;0.85;16.3;18.7;35.2;16.0;64.0;15.92;710.2;0.0;70.0;3.3;0.454;27.46;9.1;35.0
6180;2024-09-14 12:00:00;0.77;8.9;14.4;23.6;31.0;57.0;16.27;710.1;0.0;63.0;3.2;0.732;28.96;8.9;35.0
6181;2024-09-14 13:00:00;0.73;3.3;7.9;11.5;44.0;56.0;20.89;709.7;0.0;59.0;3.1;0.605;29.57;10.8;56.0
6182;2024-09-14 14:00:00;0.71;2.8;6.7;9.7;39.0;44.0;20.57;709.3;0.0;56.0;3.1;0.351;29.92;10.8;69.0
6183;2024-09-14 15:00:00;0.66;2.3;5.1;7.6;34.0;39.0;21.2;708.9;0.0;57.0;3.1;0.168;29.8;7.8;117.0
6184;2024-09-14 16:00:00;0.67;2.5;5.2;7.9;34.0;31.0;21.25;708.3;0.0;57.0;3.1;0.31;29.86;9.1;135.0
6185;2024-09-14 17:00:00;0.65;2.3;4.6;7.1;37.0;34.0;24.47;708.0;0.0;56.0;3.0;0.299;30.14;10.6;133.0
6186;2024-09-14 18:00:00;0.67;2.1;6.8;9.2;34.0;32.0;21.92;708.3;0.0;58.0;3.1;0.074;29.37;11.4;123.0
6187;2024-09-14 19:00:00;0.74;2.0;8.8;10.9;28.0;32.0;24.33;708.4;0.0;65.0;3.2;0.008;27.98;7.0;102.0
6188;2024-09-14 20:00:00;0.7;1.9;6.3;8.4;27.0;43.0;25.28;708.6;0.0;69.0;3.1;0.001;27.21;4.8;124.0
6189;2024-09-14 21:00:00;0.85;4.9;19.8;24.9;12.0;48.0;26.71;709.0;0.0;67.0;3.2;0.001;27.01;6.9;21.0
6190;2024-09-14 22:00:00;0.89;3.3;20.3;23.8;10.0;59.0;26.99;709.7;0.0;70.0;3.2;0.001;26.59;8.3;19.0
6191;2024-09-14 23:00:00;0.82;2.3;14.6;17.1;14.0;65.0;28.92;709.9;0.0;75.0;3.2;0.001;25.77;7.1;43.0
6192;2024-09-15 00:00:00;0.73;2.1;7.5;9.8;19.0;62.0;;709.6;0.0;78.0;3.1;0.001;25.37;9.5;53.0
6193;2024-09-15 01:00:00;0.71;3.1;8.8;12.2;15.0;43.0;28.88;709.3;0.0;83.0;3.0;0.001;24.68;3.2;357.0
6194;2024-09-15 02:00:00;0.7;12.2;17.3;29.8;5.0;39.0;22.95;709.2;0.0;82.0;3.2;0.001;24.78;7.3;19.0
6195;2024-09-15 03:00:00;0.71;4.2;11.0;15.4;10.0;53.0;17.04;709.0;0.0;83.0;3.1;0.001;24.49;7.8;38.0
6196;2024-09-15 04:00:00;0.62;2.9;10.7;13.8;16.0;32.0;11.64;709.2;0.0;84.0;3.1;0.001;23.03;11.4;44.0
6197;2024-09-15 05:00:00;0.61;2.3;12.8;15.3;19.0;34.0;10.4;709.8;0.25;86.0;3.1;0.001;21.91;6.7;36.0
6198;2024-09-15 06:00:00;0.65;3.0;15.0;18.2;16.0;25.0;9.76;710.1;0.01;87.0;3.2;0.001;21.28;8.1;43.0
6199;2024-09-15 07:00:00;0.63;2.1;14.3;16.6;16.0;24.0;9.98;710.3;0.01;87.0;3.1;0.003;21.12;5.0;329.0
6200;2024-09-15 08:00:00;0.72;2.0;7.2;9.4;21.0;23.0;9.59;710.5;0.0;87.0;3.1;0.022;21.29;4.5;321.0
6201;2024-09-15 09:00:00;0.82;2.4;6.7;9.3;19.0;25.0;12.96;710.7;0.0;87.0;3.1;0.056;21.78;1.8;200.0
6202;2024-09-15 10:00:00;0.81;4.2;6.9;11.4;20.0;27.0;14.45;710.6;0.0;80.0;3.0;0.469;24.0;4.3;276.0
6203;2024-09-15 11:00:00;0.78;4.2;7.1;11.6;26.0;23.0;;710.5;0.0;67.0;3.1;0.416;26.47;4.6;33.0
6204;2024-09-15 12:00:00;0.76;5.3;9.3;14.8;30.0;21.0;;710.4;0.0;67.0;3.0;0.689;26.7;6.5;48.0
6205;2024-09-15 13:00:00;0.81;6.2;13.5;19.9;29.0;35.0;9.05;710.1;0.0;69.0;3.0;0.498;26.61;11.0;10.0
6206;2024-09-15 14:00:00;0.85;3.6;10.8;14.6;25.0;43.0;;709.9;0.0;77.0;3.0;0.174;25.02;11.2;6.0
6207;2024-09-15 15:00:00;0.92;3.1;8.4;11.8;34.0;55.0;;709.4;0.0;79.0;3.1;0.273;24.75;7.5;347.0
6208;2024-09-15 16:00:00;0.75;2.2;6.5;8.8;42.0;50.0;;709.2;0.0;73.0;3.1;0.137;25.83;4.9;357.0
6209;2024-09-15 17:00:00;1.01;2.3;11.0;13.5;31.0;46.0;;709.0;0.03;80.0;3.0;0.054;24.71;3.1;12.0
6210;2024-09-15 18:00:00;1.07;3.0;14.3;17.6;26.0;63.0;;709.0;0.0;83.0;3.1;0.109;24.64;5.3;46.0
6211;2024-09-15 19:00:00;0.97;3.6;16.2;19.9;16.0;51.0;;709.3;0.0;81.0;3.1;0.027;24.72;6.5;14.0
6212;2024-09-15 20:00:00;0.78;2.9;15.4;18.5;13.0;44.0;;709.7;0.0;82.0;3.1;0.001;24.07;9.9;43.0
6213;2024-09-15 21:00:00;0.75;2.5;14.7;17.4;14.0;41.0;;710.2;0.03;85.0;3.1;0.001;23.07;9.0;54.0
6214;2024-09-15 22:00:00;0.72;2.3;12.9;15.3;13.0;42.0;;710.6;0.05;87.0;3.1;0.001;22.64;9.6;56.0
6215;2024-09-15 23:00:00;0.7;2.3;10.4;13.0;13.0;32.0;;710.8;0.0;88.0;3.1;0.001;22.36;7.3;55.0
6216;2024-09-16 00:00:00;0.76;2.4;9.0;11.7;12.0;27.0;;710.9;0.0;88.0;3.0;0.001;22.44;6.2;44.0
6217;2024-09-16 01:00:00;0.75;2.5;10.5;13.2;10.0;26.0;;710.6;0.0;88.0;3.1;0.001;22.54;6.1;39.0
6218;2024-09-16 02:00:00;0.7;1.9;4.7;6.8;15.0;31.0;;710.3;0.0;89.0;3.1;0.001;22.41;6.9;58.0
6219;2024-09-16 03:00:00;0.62;1.8;4.0;6.0;17.0;30.0;;710.1;0.0;89.0;3.0;0.001;22.29;6.6;53.0
6220;2024-09-16 04:00:00;0.62;1.8;3.4;5.5;17.0;27.0;;709.8;0.0;89.0;3.1;0.001;22.31;4.7;45.0
6221;2024-09-16 05:00:00;0.62;2.3;7.1;9.6;13.0;20.0;;709.7;0.0;89.0;3.0;0.001;22.34;5.1;42.0
6222;2024-09-16 06:00:00;0.67;2.0;6.4;8.6;14.0;23.0;;709.9;0.0;89.0;3.0;0.001;22.4;2.9;57.0
6223;2024-09-16 07:00:00;0.65;2.0;7.8;10.0;13.0;24.0;;710.3;0.02;89.0;3.1;0.002;22.44;2.4;61.0
6224;2024-09-16 08:00:00;0.7;3.8;10.4;14.4;10.0;28.0;;710.6;0.0;89.0;3.1;0.023;22.46;1.9;25.0
6225;2024-09-16 09:00:00;0.75;4.9;10.8;16.0;8.0;34.0;;711.0;0.07;;3.0;0.05;22.59;1.8;17.0
6226;2024-09-16 10:00:00;0.72;5.8;12.5;18.6;8.0;23.0;;711.2;0.1;;3.1;0.043;22.59;2.2;357.0
6227;2024-09-16 11:00:00;0.7;8.6;12.5;21.4;10.0;39.0;;711.3;0.01;;3.1;0.135;22.89;3.2;21.0
6228;2024-09-16 12:00:00;0.72;6.9;10.7;17.9;16.0;12.0;;711.2;0.0;;3.2;0.232;23.42;3.5;35.0
6229;2024-09-16 13:00:00;0.7;5.4;8.4;14.1;22.0;24.0;;710.9;0.0;84.0;3.1;0.437;24.59;5.9;44.0
6230;2024-09-16 14:00:00;0.68;3.3;5.7;9.2;27.0;24.0;;710.5;0.0;77.0;3.2;0.372;25.39;8.6;61.0
6231;2024-09-16 15:00:00;0.7;2.9;5.3;8.4;29.0;22.0;;710.1;0.0;72.0;3.2;0.425;26.49;6.8;96.0
6232;2024-09-16 16:00:00;0.65;2.5;3.4;6.1;26.0;26.0;;709.8;0.0;71.0;3.1;0.426;26.5;7.6;111.0
6233;2024-09-16 17:00:00;0.63;2.5;3.3;6.1;25.0;25.0;;709.7;0.0;69.0;3.1;0.4;26.79;9.6;93.0
6234;2024-09-16 18:00:00;0.67;2.5;4.3;7.0;25.0;23.0;;709.7;0.0;68.0;3.2;0.193;26.89;9.1;93.0
6235;2024-09-16 19:00:00;0.68;2.0;5.7;7.9;21.0;28.0;;710.0;0.0;72.0;3.1;0.024;25.91;6.9;110.0
6236;2024-09-16 20:00:00;0.76;1.9;8.4;10.5;16.0;27.0;;710.4;0.0;74.0;3.1;0.001;25.41;3.9;111.0
6237;2024-09-16 21:00:00;0.85;2.5;11.2;13.9;12.0;29.0;;710.7;0.0;75.0;3.2;0.001;25.28;5.4;95.0
6238;2024-09-16 22:00:00;0.7;2.6;7.0;9.8;15.0;29.0;;711.2;0.0;76.0;3.1;0.001;25.13;7.8;77.0
6239;2024-09-16 23:00:00;0.72;2.0;8.6;10.9;14.0;32.0;;711.3;0.0;79.0;3.1;0.001;24.27;8.6;57.0
6240;2024-09-17 00:00:00;0.71;1.9;7.7;9.7;14.0;29.0;;711.1;0.0;84.0;3.1;0.001;23.36;5.5;42.0
6241;2024-09-17 01:00:00;0.76;9.7;16.5;26.5;5.0;36.0;;710.6;0.0;85.0;3.2;0.001;23.21;4.6;324.0
6242;2024-09-17 02:00:00;0.91;4.5;15.7;20.4;5.0;42.0;;710.4;0.0;85.0;3.1;0.001;23.29;4.0;12.0
6243;2024-09-17 03:00:00;0.78;6.8;15.1;22.0;5.0;49.0;;710.2;0.0;85.0;3.2;0.001;23.22;6.7;43.0
6244;2024-09-17 04:00:00;0.7;2.9;12.0;15.1;8.0;49.0;;709.9;0.0;86.0;3.1;0.001;23.05;5.2;60.0
6245;2024-09-17 05:00:00;0.81;1.9;9.9;12.0;10.0;46.0;;709.9;0.0;85.0;3.0;0.001;23.09;4.0;66.0
6246;2024-09-17 06:00:00;0.7;2.7;12.7;15.7;7.0;41.0;;710.2;0.0;85.0;3.0;0.001;23.08;4.4;84.0
6247;2024-09-17 07:00:00;0.73;3.9;12.7;16.8;7.0;45.0;;710.5;0.0;85.0;3.1;0.003;23.14;5.0;75.0
6248;2024-09-17 08:00:00;0.79;4.7;12.3;17.3;8.0;34.0;;710.8;0.0;83.0;3.1;0.052;23.53;2.3;86.0
6249;2024-09-17 09:00:00;0.93;16.7;15.7;32.7;8.0;37.0;;711.0;0.0;78.0;3.2;0.195;24.56;3.9;56.0
6250;2024-09-17 10:00:00;1.11;29.8;18.6;48.7;9.0;50.0;;711.2;0.0;75.0;3.4;0.405;25.59;6.1;39.0
6251;2024-09-17 11:00:00;1.0;31.2;20.7;52.2;14.0;61.0;;711.1;0.0;69.0;3.4;0.46;27.12;8.3;49.0
6252;2024-09-17 12:00:00;0.77;6.6;9.8;16.7;26.0;57.0;2.0;710.8;0.0;65.0;3.2;0.654;27.46;8.2;59.0
6253;2024-09-17 13:00:00;0.73;6.4;9.1;15.7;28.0;40.0;9.0;710.5;0.0;62.0;3.1;0.732;28.41;10.2;50.0
6254;2024-09-17 14:00:00;0.73;3.7;6.4;10.3;33.0;30.0;9.0;709.9;0.0;61.0;3.2;0.762;28.86;11.1;63.0
6255;2024-09-17 15:00:00;0.7;3.4;6.1;9.7;31.0;31.0;;709.4;0.0;59.0;3.1;0.655;29.31;10.4;65.0
6256;2024-09-17 16:00:00;0.71;3.6;6.6;10.5;29.0;33.0;10.0;709.1;0.0;58.0;3.0;0.599;29.56;11.8;67.0
6257;2024-09-17 17:00:00;0.75;3.8;7.7;11.8;26.0;36.0;9.0;708.8;0.0;59.0;3.1;0.381;29.59;11.6;65.0
6258;2024-09-17 18:00:00;0.72;3.0;7.2;10.5;24.0;42.0;9.0;708.9;0.0;63.0;3.2;0.15;28.57;11.5;99.0
6259;2024-09-17 19:00:00;0.77;2.7;7.7;10.6;21.0;26.0;10.0;709.0;0.0;65.0;3.1;0.026;27.71;10.5;117.0
6260;2024-09-17 20:00:00;0.77;2.0;9.3;11.5;18.0;29.0;9.0;709.1;0.0;67.0;3.0;0.001;27.22;7.0;110.0
6261;2024-09-17 21:00:00;0.72;2.0;7.7;9.9;19.0;34.0;9.0;709.4;0.0;67.0;3.1;0.001;26.98;6.4;100.0
6262;2024-09-17 22:00:00;0.68;2.1;6.2;8.5;20.0;33.0;10.0;709.7;0.0;67.0;3.0;0.001;26.75;7.7;99.0
6263;2024-09-17 23:00:00;0.74;2.6;9.3;12.1;14.0;34.0;11.0;709.8;0.0;70.0;3.1;0.001;26.3;8.0;70.0
6264;2024-09-18 00:00:00;0.71;1.9;8.3;10.5;15.0;36.0;;709.6;0.0;76.0;3.1;0.001;25.31;6.9;51.0
6265;2024-09-18 01:00:00;0.65;1.9;5.0;7.1;18.0;31.0;9.0;709.5;0.0;74.0;3.2;0.001;25.36;6.5;60.0
6266;2024-09-18 02:00:00;0.63;1.8;4.2;6.2;17.0;32.0;8.0;709.4;0.0;79.0;3.2;0.001;24.84;6.8;50.0
6267;2024-09-18 03:00:00;0.63;1.8;3.7;5.7;15.0;21.0;9.0;709.1;0.0;80.0;3.3;0.001;24.56;5.0;43.0
6268;2024-09-18 04:00:00;0.68;4.9;8.2;13.3;9.0;29.0;11.0;708.8;0.0;81.0;3.2;0.001;24.46;4.6;4.0
6269;2024-09-18 05:00:00;0.62;1.9;4.1;6.2;11.0;34.0;9.0;708.7;0.0;82.0;3.2;0.001;23.97;2.6;104.0
6270;2024-09-18 06:00:00;0.84;4.2;11.2;15.6;5.0;41.0;11.0;708.8;0.0;83.0;3.2;0.001;23.95;5.8;12.0
6271;2024-09-18 07:00:00;0.88;14.0;12.5;26.8;4.0;22.0;19.0;709.1;0.0;83.0;3.3;0.003;23.73;6.1;35.0
6272;2024-09-18 08:00:00;1.04;24.8;13.1;38.1;4.0;66.0;25.0;709.4;0.0;84.0;3.4;0.034;23.45;5.5;72.0
6273;2024-09-18 09:00:00;1.04;28.6;14.1;42.9;5.0;79.0;25.0;709.7;0.0;82.0;3.4;0.08;23.91;5.2;48.0
6274;2024-09-18 10:00:00;1.13;25.8;16.2;42.2;7.0;84.0;31.12;709.8;0.0;77.0;3.4;0.252;25.07;6.0;39.0
6275;2024-09-18 11:00:00;1.14;23.1;18.2;41.5;8.0;93.0;37.03;710.0;0.0;75.0;3.4;0.273;25.36;7.0;31.0
6276;2024-09-18 12:00:00;1.13;18.2;18.9;37.3;13.0;97.0;32.98;709.8;0.0;70.0;3.4;0.474;26.52;7.3;14.0
6277;2024-09-18 13:00:00;1.04;10.6;22.3;33.1;26.0;91.0;28.93;709.5;0.0;65.0;3.3;0.47;27.58;7.1;8.0
6278;2024-09-18 14:00:00;0.9;4.1;15.9;20.2;42.0;84.0;21.15;709.1;0.0;63.0;3.2;0.344;27.84;7.2;28.0
6279;2024-09-18 15:00:00;0.86;2.7;9.9;12.8;51.0;61.0;17.94;708.5;0.0;61.0;3.2;0.362;28.47;7.9;80.0
6280;2024-09-18 16:00:00;0.83;3.1;10.9;14.2;38.0;55.0;16.02;708.3;0.0;64.0;3.2;0.264;28.31;9.9;68.0
6281;2024-09-18 17:00:00;0.86;3.6;12.1;15.9;28.0;57.0;14.31;708.2;0.0;66.0;3.2;0.151;28.07;9.9;55.0
6282;2024-09-18 18:00:00;0.83;2.4;10.4;13.0;36.0;49.0;14.89;708.3;0.0;66.0;3.1;0.072;27.85;9.1;94.0
6283;2024-09-18 19:00:00;0.8;2.6;10.1;12.9;29.0;48.0;12.85;708.5;0.0;66.0;3.2;0.01;27.45;9.0;119.0
6284;2024-09-18 20:00:00;0.79;1.9;9.3;11.5;24.0;40.0;10.7;708.7;0.0;65.0;3.2;0.001;27.23;6.2;108.0
6285;2024-09-18 21:00:00;0.8;1.9;11.1;13.2;20.0;37.0;11.18;708.9;0.0;67.0;3.2;0.001;26.85;5.4;118.0
6286;2024-09-18 22:00:00;0.8;2.3;11.9;14.4;19.0;35.0;11.86;709.2;0.0;69.0;3.2;0.001;26.59;4.2;87.0
6287;2024-09-18 23:00:00;0.76;2.0;8.6;10.8;20.0;33.0;11.02;709.3;0.0;70.0;3.2;0.001;26.54;3.9;73.0
6288;2024-09-19 00:00:00;0.77;2.0;10.1;12.4;13.0;43.0;14.19;709.3;0.0;74.0;3.2;0.001;26.27;7.5;56.0
6289;2024-09-19 01:00:00;0.67;2.2;5.3;7.6;10.0;68.0;18.72;709.3;0.0;82.0;3.2;0.001;25.35;9.3;58.0
6290;2024-09-19 02:00:00;0.65;1.9;4.0;6.2;10.0;75.0;17.94;709.2;0.0;84.0;3.2;0.001;24.95;5.7;41.0
6291;2024-09-19 03:00:00;0.64;1.8;4.4;6.5;9.0;42.0;18.66;709.1;0.0;85.0;;0.001;24.89;5.5;56.0
6292;2024-09-19 04:00:00;0.63;1.9;4.2;6.3;9.0;42.0;17.72;708.8;0.0;85.0;3.1;0.001;24.75;4.7;37.0
6293;2024-09-19 05:00:00;0.64;1.8;3.6;5.6;10.0;20.0;17.03;708.8;0.0;86.0;3.2;0.001;24.65;3.4;62.0
6294;2024-09-19 06:00:00;0.67;5.9;7.5;13.6;6.0;33.0;17.9;708.9;0.0;86.0;3.2;0.001;24.52;4.1;34.0
6295;2024-09-19 07:00:00;0.84;13.3;11.3;24.9;4.0;41.0;20.9;709.2;0.0;85.0;3.3;0.006;24.41;2.9;358.0
6296;2024-09-19 08:00:00;0.98;22.5;12.8;35.6;4.0;48.0;21.41;709.6;0.0;84.0;3.3;0.04;24.77;4.0;24.0
6297;2024-09-19 09:00:00;1.07;26.4;14.4;41.0;5.0;63.0;25.7;709.9;0.0;81.0;3.3;0.081;25.26;4.9;40.0
6298;2024-09-19 10:00:00;1.06;13.4;14.5;28.3;9.0;65.0;24.78;710.2;0.0;77.0;3.3;0.173;25.88;7.4;15.0
6299;2024-09-19 11:00:00;0.93;24.2;18.8;43.2;11.0;69.0;30.21;710.3;0.0;72.0;3.4;0.428;27.15;7.5;42.0
6300;2024-09-19 12:00:00;0.93;9.9;16.9;27.0;27.0;72.0;31.0;710.1;0.0;64.0;3.3;0.863;28.86;8.4;39.0
6301;2024-09-19 13:00:00;0.87;5.4;16.7;22.4;41.0;91.0;31.35;709.7;0.0;61.0;3.2;0.675;29.32;9.3;59.0
6302;2024-09-19 14:00:00;0.83;4.2;12.7;17.1;48.0;78.0;27.7;709.4;0.0;59.0;3.2;0.802;29.82;11.0;57.0
6303;2024-09-19 15:00:00;0.82;2.7;8.9;11.8;61.0;64.0;28.35;709.0;0.0;55.0;3.2;0.767;30.65;10.0;62.0
6304;2024-09-19 16:00:00;0.82;2.3;8.1;10.6;63.0;62.0;30.29;708.6;0.0;53.0;3.2;0.527;30.89;10.1;67.0
6305;2024-09-19 17:00:00;0.81;2.4;8.2;10.9;53.0;70.0;32.23;708.4;0.0;55.0;3.3;0.398;30.76;9.3;99.0
6306;2024-09-19 18:00:00;0.76;2.2;7.0;9.5;43.0;64.0;27.95;708.4;0.0;56.0;3.3;0.164;30.18;10.3;127.0
6307;2024-09-19 19:00:00;0.79;2.1;8.1;10.5;32.0;57.0;22.86;708.4;0.0;62.0;3.2;0.024;28.8;10.6;119.0
6308;2024-09-19 20:00:00;0.77;1.9;7.6;9.7;25.0;66.0;18.8;708.5;0.0;66.0;3.3;0.001;28.0;10.1;114.0
6309;2024-09-19 21:00:00;0.77;1.9;7.3;9.4;24.0;54.0;16.84;708.9;0.0;67.0;3.2;0.001;27.67;9.0;114.0
6310;2024-09-19 22:00:00;0.72;1.9;6.1;8.1;23.0;36.0;16.07;709.3;0.0;67.0;3.3;0.001;27.44;8.1;102.0
6311;2024-09-19 23:00:00;0.76;2.3;7.5;10.0;18.0;35.0;15.8;709.3;0.0;69.0;3.2;0.001;27.12;4.7;82.0
6312;2024-09-20 00:00:00;;;;;;;;;;;;;;;
6313;2024-09-20 01:00:00;0.83;6.7;14.0;20.9;6.0;33.0;21.88;709.1;0.0;76.0;3.2;0.001;26.09;6.6;44.0
6314;2024-09-20 02:00:00;0.77;3.4;9.5;13.1;7.0;71.0;19.85;709.0;0.0;80.0;3.3;0.001;25.59;3.3;42.0
6315;2024-09-20 03:00:00;0.71;1.9;5.9;8.0;9.0;55.0;17.36;708.9;0.0;83.0;3.2;0.001;25.26;5.7;42.0
6316;2024-09-20 04:00:00;0.67;1.8;4.0;6.1;10.0;39.0;16.21;708.8;0.0;84.0;3.1;0.001;25.08;6.4;52.0
6317;2024-09-20 05:00:00;0.66;1.9;3.6;5.7;11.0;33.0;15.06;708.7;0.0;84.0;3.1;0.001;24.78;7.2;47.0
6318;2024-09-20 06:00:00;0.66;2.5;7.0;9.7;9.0;11.0;;708.8;0.0;83.0;3.1;0.001;24.58;6.6;43.0
6319;2024-09-20 07:00:00;0.76;6.8;10.2;17.3;6.0;34.0;17.97;708.9;0.0;83.0;3.2;0.009;24.61;6.3;42.0
6320;2024-09-20 08:00:00;0.91;11.8;9.8;21.8;7.0;44.0;20.86;709.2;0.0;82.0;3.2;0.165;25.11;7.5;50.0
6321;2024-09-20 09:00:00;0.89;9.6;8.8;18.7;12.0;36.0;20.92;709.5;0.0;74.0;3.2;0.405;26.73;7.5;61.0
6322;2024-09-20 10:00:00;0.86;13.0;11.6;24.8;15.0;27.0;22.13;709.8;0.0;68.0;3.3;0.568;27.81;8.1;47.0
6323;2024-09-20 11:00:00;0.87;8.2;12.0;20.5;23.0;34.0;24.33;709.7;0.0;64.0;3.2;0.558;28.59;8.6;53.0
6324;2024-09-20 12:00:00;0.83;4.8;9.0;14.0;35.0;55.0;22.2;709.6;0.0;59.0;3.2;1.114;29.85;9.8;63.0
6325;2024-09-20 13:00:00;0.83;3.4;7.0;10.6;37.0;50.0;20.58;709.2;0.0;57.0;3.2;0.823;30.02;12.1;54.0
6326;2024-09-20 14:00:00;0.77;3.0;5.9;9.2;35.0;52.0;18.15;708.7;0.0;56.0;3.2;0.676;30.32;12.2;68.0
6327;2024-09-20 15:00:00;0.77;3.3;5.9;9.4;31.0;47.0;16.48;708.1;0.0;54.0;3.2;0.671;30.78;13.1;70.0
6328;2024-09-20 16:00:00;0.77;3.5;6.9;10.6;25.0;43.0;15.98;707.8;0.0;55.0;3.2;0.317;30.3;13.3;79.0
6329;2024-09-20 17:00:00;0.74;3.2;4.9;8.4;26.0;43.0;15.49;707.7;0.0;55.0;3.2;0.459;30.61;11.5;121.0
6330;2024-09-20 18:00:00;0.75;2.6;5.4;8.3;24.0;41.0;15.15;707.8;0.0;57.0;3.1;0.158;30.02;11.3;129.0
6331;2024-09-20 19:00:00;0.77;2.6;7.5;8.3;19.0;45.0;14.92;707.8;0.0;57.0;3.1;0.158;30.02;11.3;129.0
6332;2024-09-20 20:00:00;;;;;;;;;;;;;;;
6333;2024-09-20 21:00:00;;;;;;;;;;;;;;;
6334;2024-09-20 22:00:00;;;;;;;;;;;;;;;
6335;2024-09-20 23:00:00;;;;;;;;;;;;;;;
6336;2024-09-21 00:00:00;;;;;;;;;;;;;;;
6337;2024-09-21 01:00:00;0.73;2.1;5.6;7.9;11.0;40.0;8.31;709.2;0.0;79.0;3.2;0.001;25.42;8.1;56.0
6338;2024-09-21 02:00:00;0.71;2.0;4.6;6.8;10.0;41.0;7.4;709.0;0.02;85.0;3.1;0.001;24.65;6.8;43.0
6339;2024-09-21 03:00:00;0.7;1.8;4.0;6.0;10.0;39.0;10.24;708.8;0.0;86.0;3.3;0.001;24.53;7.4;42.0
6340;2024-09-21 04:00:00;0.73;1.8;3.5;5.5;9.0;33.0;14.26;708.5;0.0;87.0;3.2;0.001;24.28;6.5;35.0
6341;2024-09-21 05:00:00;0.67;2.0;3.9;6.1;9.0;27.0;13.87;708.6;0.0;86.0;3.1;0.001;23.92;7.7;34.0
6342;2024-09-21 06:00:00;0.71;2.8;6.4;9.5;7.0;34.0;13.37;708.7;0.0;86.0;3.2;0.001;23.84;6.2;34.0
6343;2024-09-21 07:00:00;0.73;9.1;8.7;18.1;6.0;29.0;14.35;708.9;0.0;86.0;3.3;0.008;23.58;5.5;32.0
6344;2024-09-21 08:00:00;0.86;12.1;9.1;21.4;6.0;44.0;13.94;709.3;0.0;83.0;3.3;0.124;24.33;3.7;11.0
6345;2024-09-21 09:00:00;0.83;10.0;8.0;18.2;10.0;33.0;12.3;709.5;0.0;73.0;3.2;0.405;26.34;5.8;38.0
6346;2024-09-21 10:00:00;0.84;16.7;11.3;28.3;11.0;39.0;15.03;709.7;0.0;69.0;3.4;0.452;27.01;7.3;44.0
6347;2024-09-21 11:00:00;0.82;7.1;8.2;15.5;19.0;48.0;13.79;709.7;0.0;67.0;3.2;0.457;27.71;8.8;57.0
6348;2024-09-21 12:00:00;0.79;4.4;7.3;11.9;22.0;44.0;13.59;709.5;0.0;64.0;3.2;0.453;28.1;9.6;53.0
6349;2024-09-21 13:00:00;0.79;3.7;5.3;9.2;23.0;41.0;13.73;709.0;0.0;58.0;3.2;0.78;29.4;10.9;55.0
6350;2024-09-21 14:00:00;0.81;3.6;6.5;10.3;23.0;39.0;15.25;708.5;0.0;57.0;3.4;0.389;29.57;12.3;75.0
6351;2024-09-21 15:00:00;0.79;3.5;6.2;9.9;22.0;43.0;14.92;708.1;0.0;57.0;3.4;0.383;29.7;11.0;90.0
6352;2024-09-21 16:00:00;0.74;3.1;4.8;8.2;22.0;39.0;14.87;707.9;0.0;56.0;3.2;0.544;30.11;11.2;109.0
6353;2024-09-21 17:00:00;0.71;2.4;3.4;6.1;23.0;32.0;14.6;707.8;0.0;56.0;3.3;0.443;30.16;13.2;129.0
6354;2024-09-21 18:00:00;0.71;2.3;4.4;6.9;22.0;36.0;14.92;707.8;0.0;57.0;3.2;0.137;29.47;12.1;115.0
6355;2024-09-21 19:00:00;0.75;2.3;5.9;6.9;19.0;36.0;14.69;707.8;0.0;57.0;3.2;0.137;29.47;12.1;115.0
6356;2024-09-21 20:00:00;;;;;;;;;;;;;;;
6357;2024-09-21 21:00:00;;;;;;;;;;;;;;;
6358;2024-09-21 22:00:00;;;;;;;;;;;;;;;
6359;2024-09-21 23:00:00;;;;;;;;;;;;;;;
6360;2024-09-22 00:00:00;0.74;2.0;4.8;7.0;11.0;44.0;10.54;708.8;0.0;72.0;3.2;0.001;26.25;8.1;87.0
6361;2024-09-22 01:00:00;0.75;2.3;6.0;8.5;7.0;51.0;8.48;708.9;0.0;78.0;3.3;0.001;25.45;7.8;52.0
6362;2024-09-22 02:00:00;0.73;2.2;5.0;7.3;7.0;51.0;6.66;708.9;0.0;81.0;3.2;0.001;24.91;9.2;47.0
6363;2024-09-22 03:00:00;0.69;1.9;3.4;5.6;8.0;36.0;5.95;708.7;0.0;82.0;3.2;0.001;24.42;9.6;48.0
6364;2024-09-22 04:00:00;0.69;1.8;3.2;5.2;8.0;31.0;6.27;708.4;0.0;82.0;3.2;0.001;24.4;7.4;53.0
6365;2024-09-22 05:00:00;0.68;1.8;2.9;5.0;9.0;26.0;6.01;708.5;0.0;82.0;3.2;0.001;24.13;8.5;42.0
6366;2024-09-22 06:00:00;0.69;1.8;3.2;5.3;8.0;20.0;5.64;708.6;0.0;84.0;3.3;0.001;23.5;9.1;43.0
6367;2024-09-22 07:00:00;0.73;2.4;4.7;7.3;6.0;17.0;6.17;708.8;0.0;84.0;3.3;0.01;23.33;7.2;40.0
6368;2024-09-22 08:00:00;0.72;7.0;6.0;13.2;7.0;28.0;8.48;709.2;0.0;83.0;3.3;0.093;23.6;6.6;43.0
6369;2024-09-22 09:00:00;0.77;14.7;8.0;23.0;6.0;36.0;10.07;709.5;0.0;79.0;3.3;0.195;24.66;5.5;31.0
6370;2024-09-22 10:00:00;0.81;13.2;8.9;22.4;9.0;45.0;15.65;709.7;0.0;74.0;3.3;0.301;25.68;5.6;27.0
6371;2024-09-22 11:00:00;0.78;12.5;9.9;22.7;14.0;50.0;16.7;709.7;0.0;68.0;3.4;0.497;27.05;9.1;36.0
6372;2024-09-22 12:00:00;0.76;4.3;6.0;10.5;25.0;47.0;10.5;709.6;0.0;62.0;3.3;0.791;28.11;9.7;52.0
6373;2024-09-22 13:00:00;0.73;2.6;4.3;7.1;28.0;47.0;9.38;709.1;0.0;60.0;3.3;0.511;28.64;9.8;56.0
6374;2024-09-22 14:00:00;0.72;2.4;4.2;6.9;23.0;33.0;9.11;708.5;0.0;58.0;3.3;0.261;28.84;11.1;82.0
6375;2024-09-22 15:00:00;0.75;2.9;4.1;7.3;21.0;29.0;8.41;708.2;0.0;57.0;3.3;0.468;29.38;12.3;84.0
6376;2024-09-22 16:00:00;0.72;2.6;3.5;6.4;22.0;31.0;8.13;708.1;0.0;57.0;3.3;0.502;29.64;11.0;100.0
6377;2024-09-22 17:00:00;0.71;2.5;3.3;6.0;22.0;32.0;7.94;708.0;0.0;54.0;3.3;0.529;30.47;11.5;108.0
6378;2024-09-22 18:00:00;0.7;2.6;3.6;6.5;18.0;25.0;6.97;708.0;0.0;57.0;3.3;0.155;29.44;13.2;111.0
6379;2024-09-22 19:00:00;0.69;2.0;3.9;6.2;16.0;27.0;6.24;707.9;0.0;59.0;3.3;0.019;28.57;10.6;122.0
6380;2024-09-22 20:00:00;0.76;2.2;6.0;8.4;13.0;30.0;6.73;708.1;0.0;59.0;;0.001;28.19;8.4;120.0
6381;2024-09-22 21:00:00;0.75;1.9;5.2;7.4;14.0;31.0;7.34;708.4;0.0;62.0;3.4;0.001;27.67;8.7;118.0
6382;2024-09-22 22:00:00;0.82;2.3;7.7;10.3;11.0;31.0;8.79;708.8;0.0;65.0;3.3;0.001;27.3;10.1;92.0
6383;2024-09-22 23:00:00;0.75;2.0;5.1;7.3;11.0;42.0;6.62;709.3;0.0;70.0;3.2;0.001;26.43;8.6;85.0
6384;2024-09-23 00:00:00;0.7;1.8;3.5;5.6;12.0;37.0;5.39;709.4;0.0;72.0;3.2;0.001;25.89;8.1;82.0
6385;2024-09-23 01:00:00;0.68;1.8;3.3;5.3;11.0;31.0;5.1;709.3;0.0;78.0;3.2;0.001;25.04;8.8;54.0
6386;2024-09-23 02:00:00;0.68;1.8;2.9;4.9;11.0;25.0;5.2;709.0;0.0;81.0;3.3;0.001;24.48;8.0;40.0
6387;2024-09-23 03:00:00;0.67;1.8;3.0;5.0;10.0;30.0;4.94;709.1;0.0;82.0;3.2;0.001;24.23;7.3;35.0
6388;2024-09-23 04:00:00;0.71;1.9;3.2;5.3;9.0;21.0;4.7;709.1;0.0;83.0;3.2;0.001;23.68;7.2;36.0
6389;2024-09-23 05:00:00;0.65;1.8;2.7;4.8;10.0;16.0;4.49;709.3;0.0;84.0;3.2;0.001;23.27;7.6;51.0
6390;2024-09-23 06:00:00;0.68;2.6;5.0;7.9;9.0;21.0;4.91;709.5;0.0;84.0;3.3;0.001;23.15;5.5;48.0
6391;2024-09-23 07:00:00;0.74;13.3;10.7;24.3;4.0;27.0;14.12;709.8;0.0;83.0;3.3;0.006;23.23;7.3;44.0
6392;2024-09-23 08:00:00;0.91;12.1;10.2;22.6;5.0;44.0;12.95;710.1;0.0;81.0;3.3;0.04;23.45;6.6;45.0
6393;2024-09-23 09:00:00;0.88;14.0;10.1;24.3;7.0;44.0;12.7;710.3;0.0;78.0;3.4;0.196;24.28;6.7;42.0
6394;2024-09-23 10:00:00;0.92;21.1;13.4;34.8;8.0;51.0;17.69;710.5;0.0;73.0;3.2;0.318;25.2;8.1;22.0
6395;2024-09-23 11:00:00;0.82;14.6;11.2;26.1;17.0;59.0;12.79;710.5;0.0;66.0;3.3;0.553;26.86;9.9;48.0
6396;2024-09-23 12:00:00;0.8;4.8;7.1;12.1;27.0;43.0;8.58;710.4;0.0;61.0;3.2;1.036;28.0;12.5;52.0
6397;2024-09-23 13:00:00;0.75;3.5;5.2;8.9;27.0;40.0;6.55;709.9;0.0;54.0;3.3;0.98;29.2;10.8;61.0
6398;2024-09-23 14:00:00;0.79;4.1;5.9;10.2;25.0;36.0;6.61;709.3;0.0;53.0;3.2;0.949;29.61;14.9;68.0
6399;2024-09-23 15:00:00;0.79;4.1;5.6;9.9;23.0;32.0;7.13;708.9;0.0;53.0;3.2;0.907;29.92;14.0;74.0
6400;2024-09-23 16:00:00;0.76;3.8;5.8;9.9;21.0;32.0;7.02;708.5;0.0;54.0;3.4;0.425;29.38;14.7;70.0
6401;2024-09-23 17:00:00;0.76;3.7;6.9;10.8;19.0;34.0;6.81;708.5;0.0;56.0;3.4;0.123;28.78;13.0;76.0
6402;2024-09-23 18:00:00;0.77;3.1;6.3;9.7;17.0;41.0;5.66;708.5;0.0;57.0;3.3;0.093;28.73;11.1;106.0
6403;2024-09-23 19:00:00;0.82;3.0;8.5;11.7;14.0;26.0;5.41;708.7;0.0;58.0;3.2;0.015;28.06;9.6;109.0
6404;2024-09-23 20:00:00;0.76;2.4;7.2;9.8;15.0;32.0;5.12;709.1;0.0;61.0;3.2;0.001;27.27;7.4;131.0
6405;2024-09-23 21:00:00;0.73;2.0;6.3;8.5;17.0;28.0;5.46;709.8;0.0;63.0;3.3;0.001;26.65;6.9;124.0
6406;2024-09-23 22:00:00;0.71;1.9;6.6;8.8;20.0;27.0;4.99;710.2;0.0;63.0;3.3;0.001;25.57;8.4;98.0
6407;2024-09-23 23:00:00;0.7;1.9;6.9;9.0;21.0;27.0;5.3;710.0;0.0;60.0;3.3;0.001;25.84;6.7;117.0
6408;2024-09-24 00:00:00;0.69;1.8;7.6;9.6;22.0;27.0;7.54;709.8;0.0;60.0;3.4;0.001;25.69;6.6;100.0
6409;2024-09-24 01:00:00;0.75;2.0;18.8;21.0;19.0;;6.4;709.5;0.0;64.0;3.3;0.001;25.06;5.6;47.0
6410;2024-09-24 02:00:00;0.71;2.7;13.7;16.6;15.0;25.0;6.4;709.4;0.0;67.0;3.2;0.001;24.9;5.0;20.0
6411;2024-09-24 03:00:00;0.73;4.5;14.3;19.1;8.0;34.0;9.03;709.3;0.0;71.0;3.2;0.001;24.53;5.9;9.0
6412;2024-09-24 04:00:00;0.76;7.0;14.0;21.2;6.0;39.0;12.51;709.3;0.0;80.0;3.2;0.001;23.64;5.3;47.0
6413;2024-09-24 05:00:00;0.73;6.0;14.4;20.6;5.0;45.0;20.65;709.3;0.0;82.0;3.3;0.001;23.29;4.7;46.0
6414;2024-09-24 06:00:00;0.79;2.5;14.0;16.7;5.0;55.0;21.96;709.4;0.0;83.0;3.2;0.001;23.02;1.9;328.0
6415;2024-09-24 07:00:00;0.99;12.3;17.9;30.4;4.0;45.0;18.03;709.7;0.0;83.0;3.4;0.006;23.18;3.9;333.0
6416;2024-09-24 08:00:00;1.1;23.9;16.2;40.4;6.0;50.0;18.19;709.9;0.0;81.0;3.4;0.102;23.76;4.2;10.0
6417;2024-09-24 09:00:00;1.14;20.8;16.6;37.6;8.0;61.0;20.74;710.2;0.0;69.0;3.4;0.367;26.36;4.0;301.0
6418;2024-09-24 10:00:00;1.09;12.7;16.7;29.7;18.0;57.0;18.89;710.4;0.0;61.0;3.3;0.417;27.8;5.2;18.0
6419;2024-09-24 11:00:00;1.23;11.5;23.1;34.9;25.0;58.0;19.68;710.5;0.0;57.0;3.3;0.384;28.48;7.0;18.0
6420;2024-09-24 12:00:00;0.89;6.3;17.8;24.4;40.0;71.0;14.85;710.3;0.0;51.0;3.3;0.986;29.22;10.2;54.0
6421;2024-09-24 13:00:00;0.84;3.8;11.9;15.9;49.0;57.0;13.02;709.9;0.0;48.0;3.2;0.858;29.56;10.9;67.0
6422;2024-09-24 14:00:00;0.82;2.6;8.4;11.2;59.0;47.0;11.57;709.4;0.0;46.0;3.2;0.893;30.09;12.6;73.0
6423;2024-09-24 15:00:00;0.8;2.4;7.8;10.4;61.0;46.0;15.17;708.9;0.0;45.0;3.2;0.957;30.49;13.1;87.0
6424;2024-09-24 16:00:00;0.79;2.4;8.1;10.8;52.0;54.0;23.14;708.5;0.0;46.0;3.2;0.645;30.3;12.8;80.0
6425;2024-09-24 17:00:00;0.8;2.6;8.1;10.9;38.0;58.0;13.55;708.4;0.0;49.0;3.3;0.248;29.65;10.9;98.0
6426;2024-09-24 18:00:00;0.78;2.3;7.8;10.3;34.0;42.0;9.45;708.6;0.0;51.0;3.3;0.131;29.25;9.4;115.0
6427;2024-09-24 19:00:00;0.84;2.3;10.6;13.1;27.0;32.0;8.56;709.0;0.0;53.0;3.2;0.016;28.44;9.1;128.0
6428;2024-09-24 20:00:00;0.84;1.9;10.9;13.0;26.0;31.0;9.14;709.3;0.0;55.0;3.3;0.001;27.99;8.2;106.0
6429;2024-09-24 21:00:00;0.81;1.8;9.8;11.8;25.0;35.0;9.44;709.6;0.0;57.0;3.3;0.001;27.45;6.3;116.0
6430;2024-09-24 22:00:00;0.8;1.9;9.9;12.0;23.0;33.0;8.67;709.8;0.0;57.0;3.2;0.001;27.15;4.9;94.0
6431;2024-09-24 23:00:00;0.79;1.9;8.9;11.0;22.0;33.0;13.05;709.7;0.0;59.0;3.2;0.001;26.71;4.9;98.0
6432;2024-09-25 00:00:00;0.8;1.8;7.0;9.1;24.0;33.0;8.9;709.4;0.0;60.0;3.3;0.001;26.35;5.3;119.0
6433;2024-09-25 01:00:00;0.79;1.9;9.3;11.3;19.0;32.0;9.98;709.3;0.0;63.0;3.2;0.001;25.77;3.8;71.0
6434;2024-09-25 02:00:00;0.88;2.1;17.8;20.1;9.0;37.0;11.98;709.3;0.0;65.0;3.2;0.001;24.97;3.0;316.0
6435;2024-09-25 03:00:00;0.91;6.8;21.0;28.0;5.0;44.0;14.18;709.2;0.0;70.0;3.3;0.001;24.08;1.9;257.0
6436;2024-09-25 04:00:00;1.14;27.2;21.5;48.9;5.0;53.0;19.73;709.1;0.0;71.0;3.5;0.001;24.06;3.4;28.0
6437;2024-09-25 05:00:00;1.35;19.0;19.2;38.4;5.0;65.0;18.66;709.2;0.0;74.0;3.4;0.001;23.54;3.1;325.0
6438;2024-09-25 06:00:00;1.57;19.2;17.4;36.9;;68.0;17.59;709.3;0.0;76.0;3.3;0.001;22.95;2.0;230.0
6439;2024-09-25 07:00:00;1.13;21.3;16.8;38.3;;61.0;12.86;709.7;0.0;73.0;3.3;0.011;23.02;2.9;238.0
6440;2024-09-25 08:00:00;1.12;32.8;22.8;55.9;6.0;45.0;19.75;710.0;0.0;64.0;3.3;0.132;24.88;6.0;238.0
6441;2024-09-25 09:00:00;1.07;21.9;23.7;45.8;13.0;81.0;21.59;710.0;0.0;56.0;3.3;0.39;26.8;7.2;221.0
6442;2024-09-25 10:00:00;0.98;9.7;17.0;26.9;24.0;72.0;11.48;710.3;0.0;51.0;3.2;0.39;28.87;4.1;328.0
6443;2024-09-25 11:00:00;1.24;10.9;23.9;35.0;29.0;47.0;14.87;710.4;0.0;48.0;3.3;0.366;29.83;5.8;344.0
6444;2024-09-25 12:00:00;0.88;5.5;16.0;21.7;40.0;56.0;11.71;710.3;0.0;43.0;3.2;0.802;30.29;7.0;18.0
6445;2024-09-25 13:00:00;0.82;4.7;15.9;20.9;54.0;53.0;13.83;709.8;0.0;40.0;3.1;0.851;30.9;9.0;4.0
6446;2024-09-25 14:00:00;0.81;3.1;12.9;16.2;68.0;60.0;12.42;709.3;0.0;38.0;3.2;0.943;31.8;8.7;43.0
6447;2024-09-25 15:00:00;0.76;2.4;9.2;11.8;67.0;52.0;9.91;708.9;0.0;37.0;3.2;0.535;31.76;8.4;53.0
6448;2024-09-25 16:00:00;0.76;2.6;10.8;13.6;59.0;45.0;9.06;708.6;0.0;38.0;3.3;0.305;31.6;8.3;52.0
6449;2024-09-25 17:00:00;0.81;3.2;11.6;15.0;47.0;43.0;8.65;708.4;0.0;39.0;3.1;0.289;31.72;8.1;7.0
6450;2024-09-25 18:00:00;0.88;3.4;12.1;15.8;37.0;43.0;8.71;708.4;0.0;40.0;3.2;0.155;31.51;9.8;19.0
6451;2024-09-25 19:00:00;0.91;2.4;16.5;19.1;30.0;45.0;8.45;708.7;0.0;46.0;3.1;0.013;29.87;9.3;72.0
6452;2024-09-25 20:00:00;0.95;2.7;20.1;23.0;21.0;44.0;8.53;709.1;0.0;49.0;3.2;0.001;29.1;7.1;53.0
6453;2024-09-25 21:00:00;0.89;2.4;17.7;20.4;24.0;41.0;8.68;709.4;0.0;51.0;3.3;0.001;28.59;5.5;95.0
6454;2024-09-25 22:00:00;0.75;1.8;8.1;10.1;29.0;41.0;7.79;709.6;0.0;55.0;3.3;0.001;27.23;9.7;121.0
6455;2024-09-25 23:00:00;0.78;1.8;10.6;12.6;23.0;37.0;6.72;709.5;0.0;59.0;3.3;0.001;26.1;2.3;87.0
6456;2024-09-26 00:00:00;0.86;1.9;18.3;20.4;12.0;34.0;8.15;709.7;0.0;59.0;3.3;0.001;26.01;1.9;200.0
6457;2024-09-26 01:00:00;0.91;3.1;23.8;27.1;7.0;37.0;9.31;709.4;0.0;60.0;3.3;0.001;25.86;1.9;204.0
6458;2024-09-26 02:00:00;0.9;2.5;20.3;22.9;10.0;43.0;9.96;709.1;0.0;61.0;3.3;0.001;25.84;3.5;206.0
6459;2024-09-26 03:00:00;0.92;8.7;20.8;29.7;11.0;35.0;11.52;709.2;0.0;62.0;3.4;0.001;25.89;3.0;307.0
6460;2024-09-26 04:00:00;1.07;18.6;19.7;38.6;10.0;59.0;19.28;709.2;0.01;71.0;3.4;0.001;24.65;8.4;349.0
6461;2024-09-26 05:00:00;1.12;2.2;14.8;17.3;12.0;64.0;12.77;709.0;0.0;80.0;3.2;0.001;23.08;3.8;170.0
6462;2024-09-26 06:00:00;0.96;3.0;14.6;17.8;8.0;51.0;10.45;709.2;0.0;75.0;3.2;0.001;23.81;2.4;118.0
6463;2024-09-26 07:00:00;0.96;3.4;17.9;21.5;11.0;41.0;11.32;709.9;0.0;75.0;3.3;0.003;23.57;8.8;33.0
6464;2024-09-26 08:00:00;1.01;3.7;18.0;21.9;20.0;49.0;11.69;710.6;0.0;72.0;3.3;0.018;22.14;7.9;68.0
6465;2024-09-26 09:00:00;1.25;3.6;21.8;25.7;22.0;55.0;14.04;711.0;0.0;67.0;3.3;0.046;22.33;7.9;67.0
6466;2024-09-26 10:00:00;1.06;5.8;21.7;27.7;26.0;65.0;16.71;711.5;0.0;64.0;3.3;0.174;22.67;7.9;82.0
6467;2024-09-26 11:00:00;1.06;9.6;24.9;34.7;26.0;75.0;18.35;711.6;0.0;59.0;3.3;0.396;24.26;5.1;53.0
6468;2024-09-26 12:00:00;1.1;6.3;19.7;26.4;42.0;79.0;18.88;711.4;0.0;54.0;3.3;0.745;26.54;4.9;186.0
6469;2024-09-26 13:00:00;1.02;3.2;12.9;16.3;69.0;74.0;18.09;710.8;0.0;49.0;3.2;0.964;27.84;6.0;40.0
6470;2024-09-26 14:00:00;0.96;2.4;10.6;13.2;83.0;65.0;19.32;710.0;0.0;47.0;3.3;1.072;28.85;6.6;297.0
6471;2024-09-26 15:00:00;0.92;2.2;10.3;12.7;92.0;56.0;20.47;709.2;0.0;43.0;3.3;0.945;30.08;5.9;310.0
6472;2024-09-26 16:00:00;0.94;2.2;11.4;13.8;92.0;59.0;22.09;708.8;0.0;43.0;3.3;0.567;30.02;7.6;339.0
6473;2024-09-26 17:00:00;0.87;2.8;12.9;15.9;66.0;69.0;15.92;708.6;0.0;41.0;3.3;0.342;29.75;9.5;6.0
6474;2024-09-26 18:00:00;0.83;3.0;13.9;17.1;48.0;60.0;11.8;708.8;0.0;41.0;3.3;0.108;29.04;10.4;24.0
6475;2024-09-26 19:00:00;0.89;2.4;16.7;19.3;41.0;54.0;11.36;709.2;0.0;45.0;3.3;0.014;27.5;10.7;47.0
6476;2024-09-26 20:00:00;0.91;2.4;22.9;25.5;32.0;48.0;12.01;709.6;0.0;46.0;3.3;0.001;26.49;8.2;35.0
6477;2024-09-26 21:00:00;0.86;2.1;18.1;20.3;34.0;45.0;12.13;710.1;0.0;46.0;3.3;0.001;25.72;8.5;42.0
6478;2024-09-26 22:00:00;0.79;2.0;18.5;20.6;33.0;46.0;11.09;710.4;0.0;45.0;3.2;0.001;25.05;5.8;24.0
6479;2024-09-26 23:00:00;0.92;2.8;22.3;25.3;23.0;38.0;12.89;710.5;0.0;48.0;3.3;0.001;24.1;2.7;359.0
6480;2024-09-27 00:00:00;0.89;3.1;26.9;30.1;15.0;47.0;14.42;710.3;0.0;51.0;3.2;0.001;23.32;2.5;265.0
6481;2024-09-27 01:00:00;0.95;2.1;28.9;31.2;12.0;49.0;13.67;710.0;0.0;54.0;3.3;0.001;22.86;2.6;236.0
6482;2024-09-27 02:00:00;0.9;2.0;23.7;25.9;14.0;41.0;13.88;709.6;0.0;58.0;3.3;0.001;22.13;1.8;203.0
6483;2024-09-27 03:00:00;0.83;2.0;20.0;22.2;18.0;37.0;13.86;709.4;0.0;60.0;3.2;0.001;21.79;3.5;221.0
6484;2024-09-27 04:00:00;0.88;3.2;27.9;31.3;10.0;43.0;22.05;709.1;0.0;61.0;3.1;0.001;21.63;5.3;229.0
6485;2024-09-27 05:00:00;0.84;2.3;25.9;28.3;11.0;60.0;20.95;709.1;0.0;63.0;3.2;0.001;21.26;5.3;214.0
6486;2024-09-27 06:00:00;0.86;2.5;23.1;25.9;11.0;57.0;19.46;709.4;0.0;64.0;3.2;0.001;20.85;1.8;237.0
6487;2024-09-27 07:00:00;0.89;5.1;24.2;29.6;11.0;53.0;17.88;709.7;0.0;62.0;3.2;0.005;21.03;5.7;215.0
6488;2024-09-27 08:00:00;1.08;18.5;30.6;49.3;9.0;60.0;22.78;710.0;0.0;58.0;3.3;0.091;21.9;5.7;218.0
6489;2024-09-27 09:00:00;1.13;17.6;31.8;49.6;16.0;80.0;22.11;710.3;0.0;52.0;3.3;0.29;23.77;6.1;219.0
6490;2024-09-27 10:00:00;1.14;12.0;30.2;42.3;29.0;78.0;21.46;710.6;0.0;45.0;3.3;0.305;26.01;2.3;332.0
6491;2024-09-27 11:00:00;0.92;5.5;18.5;24.3;48.0;68.0;15.8;710.7;0.0;41.0;3.3;0.596;27.08;7.8;76.0
6492;2024-09-27 12:00:00;0.9;4.2;17.3;21.7;61.0;50.0;14.63;710.6;0.0;39.0;3.2;0.893;27.44;7.4;94.0
6493;2024-09-27 13:00:00;0.86;3.3;16.7;20.2;76.0;50.0;15.28;710.1;0.0;31.0;3.2;0.979;28.82;7.2;42.0
6494;2024-09-27 14:00:00;0.81;2.8;15.9;18.8;82.0;47.0;15.23;709.4;0.0;33.0;3.2;0.843;29.17;7.7;52.0
6495;2024-09-27 15:00:00;0.83;2.9;19.9;23.0;83.0;45.0;17.21;709.0;0.0;34.0;3.3;0.731;29.15;10.2;54.0
6496;2024-09-27 16:00:00;0.85;3.1;27.5;30.8;92.0;51.0;19.64;708.8;0.0;32.0;3.2;0.687;29.61;8.6;48.0
6497;2024-09-27 17:00:00;0.87;2.7;31.0;34.0;88.0;62.0;18.76;708.8;0.0;32.0;3.3;0.303;29.18;9.2;66.0
6498;2024-09-27 18:00:00;0.87;2.6;38.2;41.0;81.0;62.0;17.64;709.0;0.0;31.0;3.2;0.131;28.85;9.7;79.0
6499;2024-09-27 19:00:00;0.95;2.4;56.5;59.0;69.0;59.0;27.25;709.3;0.0;39.0;4.4;0.014;27.22;9.6;89.0
6500;2024-09-27 20:00:00;0.92;2.0;18.6;20.7;53.0;61.0;17.88;709.7;0.0;46.0;3.8;0.001;26.29;7.0;103.0
6501;2024-09-27 21:00:00;0.88;1.9;14.6;16.7;53.0;49.0;17.9;710.2;0.0;47.0;3.5;0.001;25.86;6.5;110.0
6502;2024-09-27 22:00:00;0.93;2.1;17.2;19.5;43.0;43.0;17.56;710.6;0.0;51.0;3.4;0.001;25.03;4.5;123.0
6503;2024-09-27 23:00:00;1.04;2.3;26.0;28.4;27.0;44.0;19.24;710.6;0.0;56.0;3.3;0.001;23.76;2.2;229.0
6504;2024-09-28 00:00:00;0.92;2.0;24.8;27.0;30.0;49.0;15.7;710.6;0.0;51.0;3.3;0.001;23.62;2.9;212.0
6505;2024-09-28 01:00:00;0.93;2.0;20.3;22.5;31.0;41.0;14.87;710.5;0.0;51.0;3.3;0.001;23.09;3.7;222.0
6506;2024-09-28 02:00:00;1.01;2.1;31.6;33.9;20.0;43.0;22.53;710.5;0.0;53.0;3.3;0.001;22.5;5.1;218.0
6507;2024-09-28 03:00:00;0.88;2.0;23.0;25.2;28.0;59.0;20.01;710.2;0.0;49.0;3.3;0.001;22.54;7.0;211.0
6508;2024-09-28 04:00:00;0.79;2.0;15.8;18.0;33.0;54.0;15.86;710.1;0.0;47.0;3.2;0.001;22.29;5.9;216.0
6509;2024-09-28 05:00:00;0.73;1.9;11.4;13.5;35.0;47.0;13.47;710.3;0.0;45.0;3.3;0.001;22.22;5.1;220.0
6510;2024-09-28 06:00:00;0.69;2.0;10.7;12.9;35.0;41.0;12.07;710.6;0.0;42.0;3.3;0.001;22.28;5.2;267.0
6511;2024-09-28 07:00:00;0.72;2.2;16.4;18.8;26.0;37.0;11.5;711.0;0.0;44.0;3.4;0.006;21.59;2.5;331.0
6512;2024-09-28 08:00:00;0.81;5.6;22.4;28.3;20.0;37.0;11.55;711.4;0.0;41.0;3.5;0.102;22.74;4.3;234.0
6513;2024-09-28 09:00:00;0.87;7.9;22.2;30.4;24.0;51.0;14.08;711.8;0.0;38.0;3.5;0.268;24.31;4.5;241.0
6514;2024-09-28 10:00:00;0.85;7.2;18.8;26.2;40.0;56.0;14.95;712.1;0.0;33.0;3.8;0.349;27.34;4.7;320.0
6515;2024-09-28 11:00:00;0.84;5.2;16.8;22.3;54.0;52.0;13.4;712.1;0.0;29.0;3.8;0.756;29.51;6.3;81.0
6516;2024-09-28 12:00:00;0.75;3.4;10.3;13.9;69.0;42.0;12.04;712.0;0.0;27.0;3.5;1.021;29.86;12.0;63.0
6517;2024-09-28 13:00:00;0.74;2.7;9.2;12.2;78.0;46.0;12.33;711.5;0.0;26.0;3.6;1.004;30.2;12.8;55.0
6518;2024-09-28 14:00:00;0.78;2.7;10.9;13.8;87.0;50.0;14.84;711.0;0.0;27.0;3.6;0.799;30.22;12.6;63.0
6519;2024-09-28 15:00:00;0.77;2.6;10.2;13.0;87.0;50.0;15.27;710.5;0.0;28.0;3.6;0.765;30.49;11.8;68.0
6520;2024-09-28 16:00:00;0.73;2.3;8.6;11.1;82.0;49.0;13.33;710.4;0.0;29.0;3.6;0.497;30.29;11.9;80.0
6521;2024-09-28 17:00:00;0.78;2.3;10.3;12.8;74.0;48.0;14.56;710.4;0.0;31.0;3.9;0.187;29.41;12.0;78.0
6522;2024-09-28 18:00:00;0.74;2.1;8.9;11.2;74.0;46.0;15.6;710.5;0.0;30.0;5.1;0.106;29.1;9.3;96.0
6523;2024-09-28 19:00:00;0.78;2.0;10.4;12.6;66.0;44.0;18.6;710.7;0.0;35.0;6.7;0.019;28.05;6.7;140.0
6524;2024-09-28 20:00:00;0.83;1.9;14.5;16.6;57.0;44.0;20.37;711.0;0.0;37.0;7.9;0.001;27.26;6.9;114.0
6525;2024-09-28 21:00:00;0.83;1.9;14.6;16.7;52.0;49.0;18.34;711.3;0.0;40.0;5.7;0.001;26.15;3.5;133.0
6526;2024-09-28 22:00:00;0.88;2.0;20.9;23.1;40.0;47.0;18.44;711.6;0.0;41.0;4.6;0.001;25.31;4.5;191.0
6527;2024-09-28 23:00:00;0.88;2.0;16.9;19.1;45.0;50.0;21.55;711.7;0.0;40.0;4.7;0.001;25.58;8.4;211.0
6528;2024-09-29 00:00:00;0.85;2.0;15.3;17.4;43.0;53.0;19.63;711.5;0.0;42.0;4.4;0.001;24.98;5.6;203.0
6529;2024-09-29 01:00:00;0.86;2.0;20.5;22.7;36.0;52.0;19.79;711.5;0.0;43.0;4.2;0.001;24.56;5.9;205.0
6530;2024-09-29 02:00:00;0.76;2.0;11.9;14.1;45.0;46.0;16.05;711.3;0.0;42.0;4.2;0.001;24.48;6.9;214.0
6531;2024-09-29 03:00:00;0.71;1.9;9.3;11.5;44.0;46.0;15.71;711.2;0.0;44.0;4.0;0.001;23.63;3.7;232.0
6532;2024-09-29 04:00:00;0.68;1.9;8.3;10.5;44.0;43.0;13.91;711.0;0.0;42.0;4.1;0.001;23.38;2.6;204.0
6533;2024-09-29 05:00:00;0.66;1.9;7.0;9.1;44.0;37.0;13.23;711.0;0.0;42.0;4.0;0.001;23.26;6.0;218.0
6534;2024-09-29 06:00:00;0.64;1.9;7.0;9.2;43.0;37.0;12.97;711.2;0.0;41.0;4.0;0.001;23.02;5.0;220.0
6535;2024-09-29 07:00:00;0.67;2.1;10.2;12.5;38.0;36.0;12.65;711.4;0.0;42.0;3.9;0.009;22.78;4.1;251.0
6536;2024-09-29 08:00:00;0.75;3.1;15.8;19.2;31.0;37.0;13.65;711.8;0.0;39.0;4.0;0.178;24.72;4.8;218.0
6537;2024-09-29 09:00:00;0.71;2.9;11.3;14.4;40.0;40.0;12.38;712.2;0.0;38.0;4.0;0.23;25.37;6.3;218.0
6538;2024-09-29 10:00:00;0.73;3.3;12.0;15.5;41.0;38.0;12.45;712.5;0.0;38.0;3.8;0.243;25.67;5.1;233.0
6539;2024-09-29 11:00:00;0.79;2.9;9.5;12.6;61.0;42.0;13.1;712.4;0.0;32.0;3.8;0.567;28.99;4.0;295.0
6540;2024-09-29 12:00:00;0.94;2.8;10.0;13.0;72.0;41.0;15.82;712.2;0.0;29.0;4.0;0.746;30.28;4.1;350.0
6541;2024-09-29 13:00:00;1.15;3.7;18.9;22.9;86.0;40.0;22.58;711.7;0.0;27.0;5.2;1.071;31.68;5.5;161.0
6542;2024-09-29 14:00:00;0.77;2.3;7.6;10.1;81.0;53.0;14.81;711.2;0.0;24.0;4.5;0.675;31.63;8.7;112.0
6543;2024-09-29 15:00:00;0.71;2.1;5.5;7.8;78.0;39.0;12.45;710.7;0.0;27.0;3.8;0.499;30.98;8.2;144.0
6544;2024-09-29 16:00:00;0.71;2.1;5.9;8.1;72.0;37.0;12.23;710.4;0.0;28.0;3.5;0.325;30.66;8.2;129.0
6545;2024-09-29 17:00:00;0.68;2.0;5.5;7.7;67.0;38.0;11.61;710.1;0.0;29.0;3.4;0.177;29.88;8.3;134.0
6546;2024-09-29 18:00:00;0.74;2.0;8.5;10.8;62.0;34.0;12.81;710.2;0.0;32.0;3.4;0.074;29.27;7.8;117.0
6547;2024-09-29 19:00:00;0.81;1.9;11.7;13.9;60.0;38.0;17.09;710.4;0.0;33.0;3.5;0.007;28.72;7.7;105.0
6548;2024-09-29 20:00:00;0.76;1.9;8.2;10.3;60.0;45.0;15.36;710.8;0.0;35.0;3.5;0.001;28.03;7.7;102.0
6549;2024-09-29 21:00:00;0.79;1.9;11.1;13.2;52.0;45.0;15.15;711.2;0.0;37.0;3.5;0.001;27.49;5.6;91.0
6550;2024-09-29 22:00:00;0.73;2.1;8.3;10.6;56.0;41.0;14.46;711.3;0.0;37.0;3.8;0.001;27.06;4.7;147.0
6551;2024-09-29 23:00:00;0.8;2.0;12.9;15.1;44.0;38.0;13.59;711.4;0.0;37.0;4.0;0.001;26.15;2.0;243.0
6552;2024-09-30 00:00:00;0.8;2.0;17.4;19.5;39.0;38.0;13.24;711.2;0.0;38.0;4.6;0.001;25.85;2.9;224.0
6553;2024-09-30 01:00:00;0.87;2.0;19.1;21.3;31.0;40.0;15.75;710.9;0.0;39.0;4.8;0.001;25.27;2.3;238.0
6554;2024-09-30 02:00:00;0.7;2.0;11.1;13.2;37.0;42.0;13.32;710.8;0.0;40.0;4.3;0.001;24.51;2.4;232.0
6555;2024-09-30 03:00:00;0.68;2.0;10.3;12.5;35.0;38.0;13.25;710.7;0.0;42.0;4.1;0.001;23.93;2.2;254.0
6556;2024-09-30 04:00:00;0.64;1.9;7.6;9.7;37.0;35.0;12.84;710.7;0.0;44.0;3.9;0.001;23.36;2.4;196.0
6557;2024-09-30 05:00:00;0.62;2.0;7.6;9.8;38.0;38.0;12.18;710.8;0.0;44.0;4.0;0.001;23.48;6.4;212.0
6558;2024-09-30 06:00:00;0.65;2.0;11.5;13.7;33.0;38.0;13.52;711.1;0.0;45.0;3.8;0.001;23.08;4.3;221.0
6559;2024-09-30 07:00:00;0.76;4.6;23.0;27.8;21.0;39.0;14.48;711.3;0.0;46.0;3.9;0.006;22.72;4.8;224.0
6560;2024-09-30 08:00:00;0.95;9.3;29.4;38.9;16.0;45.0;15.88;711.6;0.0;43.0;4.0;0.126;24.35;5.1;217.0
6561;2024-09-30 09:00:00;0.93;8.3;23.1;31.6;29.0;57.0;16.67;711.9;0.0;38.0;4.2;0.38;26.4;6.9;210.0
6562;2024-09-30 10:00:00;0.98;5.9;19.4;25.6;47.0;57.0;16.26;712.0;0.0;34.0;4.3;0.286;28.95;4.5;172.0
6563;2024-09-30 11:00:00;0.87;4.1;15.3;19.6;66.0;56.0;17.36;712.0;0.0;31.0;5.3;0.81;30.25;6.5;53.0
6564;2024-09-30 12:00:00;0.81;2.7;10.6;13.6;83.0;46.0;17.58;711.8;0.0;32.0;5.0;0.999;30.55;8.3;87.0
6565;2024-09-30 13:00:00;0.8;2.6;10.5;13.4;92.0;45.0;18.18;711.2;0.0;31.0;4.4;1.064;31.06;11.2;59.0
6566;2024-09-30 14:00:00;0.83;2.5;11.2;14.0;99.0;53.0;20.13;710.6;0.0;32.0;4.3;1.037;31.27;12.0;67.0
6567;2024-09-30 15:00:00;0.83;2.4;12.0;14.6;109.0;60.0;24.77;710.1;0.0;32.0;8.0;0.881;31.52;13.2;62.0
6568;2024-09-30 16:00:00;0.77;2.5;10.0;12.7;88.0;75.0;24.3;710.0;0.0;31.0;11.7;0.729;31.62;13.6;93.0
6569;2024-09-30 17:00:00;0.76;2.3;8.1;10.6;76.0;63.0;18.05;710.0;0.0;33.0;5.8;0.372;31.16;12.3;106.0
6570;2024-09-30 18:00:00;0.8;2.3;10.4;13.0;61.0;51.0;16.72;710.1;0.0;35.0;4.4;0.094;30.46;11.4;95.0
6571;2024-09-30 19:00:00;0.84;2.2;14.1;16.4;52.0;46.0;17.4;710.4;0.0;36.0;5.7;0.011;29.31;12.0;85.0
6572;2024-09-30 20:00:00;0.8;2.0;12.9;15.1;51.0;47.0;16.49;710.7;0.0;36.0;7.0;0.001;28.6;7.9;121.0
6573;2024-09-30 21:00:00;0.81;2.0;12.7;14.8;50.0;43.0;17.75;711.1;0.0;39.0;5.2;0.001;27.81;6.6;125.0
6574;2024-09-30 22:00:00;0.8;2.0;11.7;83.45;49.0;37.0;17.82;;83.45;83.45;83.45;;;83.45;83.45
6575;2024-09-30 23:00:00;0.91;2.1;18.2;83.45;35.0;43.0;20.33;;83.45;83.45;83.45;;;83.45;83.45
6576;2024-10-01 00:00:00;;;;;;;;;;;;;;;
6577;2024-10-01 01:00:00;0.85;2.8;28.9;31.8;21.0;53.0;24.68;711.7;0.0;55.0;5.1;0.001;24.77;7.3;26.0
6578;2024-10-01 02:00:00;0.81;2.2;24.0;26.4;23.0;62.0;20.65;711.7;0.0;60.0;7.1;0.001;23.72;5.7;18.0
6579;2024-10-01 03:00:00;0.8;2.0;16.4;18.5;30.0;59.0;18.77;711.6;0.0;64.0;4.8;0.001;22.95;4.6;12.0
6580;2024-10-01 04:00:00;0.83;2.0;19.1;21.3;25.0;58.0;18.93;711.6;0.0;67.0;4.4;0.001;22.46;3.0;9.0
6581;2024-10-01 05:00:00;0.95;2.0;20.3;22.5;22.0;62.0;18.05;711.8;0.0;70.0;5.1;0.001;21.83;2.5;351.0
6582;2024-10-01 06:00:00;1.01;2.1;26.4;28.7;14.0;58.0;17.36;712.2;0.0;72.0;4.5;0.001;21.36;2.0;288.0
6583;2024-10-01 07:00:00;1.06;4.0;28.2;32.4;8.0;53.0;19.57;712.7;0.0;73.0;4.1;0.007;21.18;1.8;214.0
6584;2024-10-01 08:00:00;0.96;7.5;25.2;32.9;15.0;57.0;20.34;713.1;0.0;68.0;4.0;0.12;22.77;2.9;344.0
6585;2024-10-01 09:00:00;0.95;8.3;21.4;30.1;26.0;63.0;21.81;713.7;0.0;59.0;4.2;0.364;25.14;2.5;37.0
6586;2024-10-01 10:00:00;1.08;11.8;29.7;41.7;31.0;65.0;27.11;713.9;0.0;53.0;5.0;0.296;26.97;2.5;93.0
6587;2024-10-01 11:00:00;1.4;12.3;32.4;44.9;42.0;78.0;28.97;714.1;0.0;48.0;8.3;0.754;28.22;6.4;55.0
6588;2024-10-01 12:00:00;0.86;3.3;12.3;15.8;70.0;81.0;19.44;714.1;0.0;43.0;5.9;0.986;28.89;8.8;68.0
6589;2024-10-01 13:00:00;0.67;2.3;5.3;7.8;70.0;61.0;14.57;713.8;0.0;31.0;4.8;0.874;29.95;11.9;84.0
6590;2024-10-01 14:00:00;0.65;2.4;5.4;7.9;72.0;40.0;11.1;713.4;0.0;29.0;4.7;1.077;30.35;14.1;75.0
6591;2024-10-01 15:00:00;0.65;2.4;5.3;7.9;70.0;40.0;10.86;712.9;0.0;30.0;4.3;0.963;30.28;14.5;87.0
6592;2024-10-01 16:00:00;0.65;2.4;5.6;8.1;68.0;37.0;10.5;712.6;0.0;31.0;3.8;0.77;30.37;13.1;96.0
6593;2024-10-01 17:00:00;0.63;2.3;5.2;7.7;64.0;34.0;10.24;712.5;0.0;30.0;3.7;0.378;30.3;13.1;95.0
6594;2024-10-01 18:00:00;0.65;2.2;5.7;8.0;59.0;34.0;9.88;712.8;0.0;31.0;3.7;0.107;29.7;11.9;107.0
6595;2024-10-01 19:00:00;0.69;2.0;8.1;10.3;50.0;34.0;10.02;713.1;0.0;34.0;3.6;0.011;28.4;12.1;88.0
6596;2024-10-01 20:00:00;0.71;2.0;9.6;11.8;44.0;36.0;10.23;713.4;0.0;35.0;3.5;0.001;27.74;9.8;104.0
6597;2024-10-01 21:00:00;0.76;2.1;11.2;13.5;41.0;37.0;12.09;713.9;0.0;38.0;3.5;0.001;26.97;6.3;114.0
6598;2024-10-01 22:00:00;0.73;2.0;11.0;13.2;38.0;35.0;11.24;714.1;0.0;39.0;3.5;0.001;26.46;5.6;113.0
6599;2024-10-01 23:00:00;0.71;2.0;8.7;10.9;37.0;29.0;9.35;714.1;0.0;41.0;3.4;0.001;25.75;4.9;98.0
6600;2024-10-02 00:00:00;0.69;2.0;8.4;10.6;39.0;30.0;9.34;714.0;0.0;42.0;3.7;0.001;25.52;5.9;120.0
6601;2024-10-02 01:00:00;0.69;2.1;6.6;8.9;41.0;29.0;9.35;713.6;0.0;44.0;4.0;0.001;25.24;5.8;74.0
6602;2024-10-02 02:00:00;0.61;2.0;3.9;6.0;43.0;30.0;8.67;713.2;0.0;45.0;3.7;0.001;24.52;4.3;129.0
6603;2024-10-02 03:00:00;0.62;1.9;3.9;6.0;38.0;29.0;11.42;713.0;0.0;49.0;3.5;0.001;23.37;2.2;3.0
6604;2024-10-02 04:00:00;0.71;2.1;17.2;19.5;22.0;28.0;17.34;712.7;0.0;53.0;3.6;0.001;22.72;2.8;276.0
6605;2024-10-02 05:00:00;1.02;6.5;33.2;39.9;7.0;42.0;22.76;712.8;0.0;55.0;3.7;0.001;22.19;3.0;333.0
6606;2024-10-02 06:00:00;1.17;12.1;33.3;45.7;6.0;65.0;30.86;713.1;0.0;58.0;3.9;0.001;21.59;2.4;340.0
6607;2024-10-02 07:00:00;1.28;33.2;32.9;66.3;5.0;82.0;27.84;713.3;0.0;62.0;4.0;0.007;21.03;2.4;326.0
6608;2024-10-02 08:00:00;1.3;40.5;33.6;74.4;7.0;91.0;24.76;713.4;0.0;56.0;4.1;0.128;22.92;2.3;246.0
6609;2024-10-02 09:00:00;1.22;24.0;32.0;56.2;15.0;86.0;24.43;713.5;0.0;46.0;4.6;0.374;25.66;3.6;252.0
6610;2024-10-02 10:00:00;1.14;14.1;30.8;45.1;31.0;71.0;20.33;713.5;0.0;39.0;4.7;0.313;27.71;3.7;23.0
6611;2024-10-02 11:00:00;0.86;6.4;17.7;24.3;52.0;62.0;16.94;713.3;0.0;33.0;4.3;0.77;28.9;8.1;84.0
6612;2024-10-02 12:00:00;0.8;4.0;13.7;18.0;65.0;50.0;15.17;712.9;0.0;33.0;4.1;1.06;28.84;11.9;92.0
6613;2024-10-02 13:00:00;0.74;3.1;9.1;12.4;75.0;50.0;15.1;712.5;0.0;31.0;3.9;1.089;29.27;12.5;73.0
6614;2024-10-02 14:00:00;0.7;2.6;7.7;10.6;80.0;56.0;16.64;711.6;0.0;30.0;3.9;1.06;29.6;12.0;78.0
6615;2024-10-02 15:00:00;0.68;2.5;7.1;9.8;79.0;46.0;16.38;711.0;0.0;30.0;5.7;0.911;29.99;10.8;83.0
6616;2024-10-02 16:00:00;0.66;2.6;7.4;10.3;76.0;49.0;21.41;710.6;0.0;29.0;9.7;0.706;30.0;11.9;72.0
6617;2024-10-02 17:00:00;0.71;2.6;9.5;12.3;71.0;55.0;25.07;710.4;0.0;32.0;10.0;0.319;29.48;12.0;84.0
6618;2024-10-02 18:00:00;0.73;2.5;12.1;14.9;67.0;55.0;25.31;710.5;0.0;33.0;11.8;0.104;29.03;11.8;72.0
6619;2024-10-02 19:00:00;0.83;2.3;16.5;19.0;53.0;55.0;22.74;710.7;0.0;36.0;8.8;0.01;27.76;9.9;94.0
6620;2024-10-02 20:00:00;0.85;2.2;15.9;18.2;49.0;53.0;19.0;710.9;0.0;38.0;5.7;0.001;26.84;7.2;125.0
6621;2024-10-02 21:00:00;0.84;2.1;17.9;20.1;44.0;49.0;18.98;711.3;0.0;40.0;5.1;0.001;26.1;5.0;140.0
6622;2024-10-02 22:00:00;0.81;2.1;16.9;19.1;43.0;48.0;20.06;711.6;0.0;42.0;6.0;0.001;25.66;3.9;94.0
6623;2024-10-02 23:00:00;0.76;2.0;13.2;15.4;46.0;46.0;20.29;711.6;0.0;43.0;7.1;0.001;25.27;4.8;80.0
6624;2024-10-03 00:00:00;0.84;2.1;22.6;24.8;30.0;43.0;19.34;711.3;0.0;46.0;5.5;0.001;24.29;2.9;136.0
6625;2024-10-03 01:00:00;0.79;2.1;19.7;22.0;34.0;47.0;19.19;711.0;0.0;48.0;4.7;0.001;24.03;2.7;231.0
6626;2024-10-03 02:00:00;0.8;2.1;17.8;20.0;36.0;46.0;18.84;710.9;0.0;50.0;4.4;0.001;23.72;6.1;51.0
6627;2024-10-03 03:00:00;0.78;2.1;25.0;27.3;24.0;53.0;24.26;710.8;0.0;56.0;5.8;0.001;22.59;1.8;237.0
6628;2024-10-03 04:00:00;0.81;2.1;23.9;26.2;23.0;57.0;25.15;710.5;0.0;59.0;6.6;0.001;22.33;5.0;353.0
6629;2024-10-03 05:00:00;0.87;3.2;34.6;38.1;11.0;57.0;28.42;710.6;0.0;62.0;6.2;0.001;21.83;3.0;347.0
6630;2024-10-03 06:00:00;0.95;3.5;36.6;40.3;6.0;73.0;32.93;710.8;0.0;65.0;5.5;0.001;21.1;1.8;243.0
6631;2024-10-03 07:00:00;0.88;4.4;27.4;32.0;13.0;75.0;26.96;710.9;0.0;59.0;5.3;0.007;21.01;2.2;212.0
6632;2024-10-03 08:00:00;1.03;15.9;33.1;49.2;11.0;61.0;24.35;711.1;0.0;50.0;6.4;0.117;22.85;2.5;245.0
6633;2024-10-03 09:00:00;1.12;16.3;32.4;48.9;19.0;65.0;25.75;711.3;0.0;46.0;6.9;0.354;24.99;3.5;226.0
6634;2024-10-03 10:00:00;1.16;11.3;30.0;41.5;35.0;69.0;31.31;711.5;0.0;48.0;7.1;0.327;26.04;4.8;360.0
6635;2024-10-03 11:00:00;1.17;7.9;28.3;36.4;51.0;96.0;33.88;711.4;0.0;45.0;8.3;0.669;27.03;4.8;328.0
6636;2024-10-03 12:00:00;1.22;7.8;32.4;40.4;57.0;102.0;41.37;711.3;0.0;42.0;9.6;0.96;27.92;8.0;28.0
6637;2024-10-03 13:00:00;0.83;4.4;19.4;24.0;71.0;97.0;28.3;710.8;0.0;39.0;7.6;0.92;28.51;8.1;23.0
6638;2024-10-03 14:00:00;0.8;3.2;14.5;17.9;81.0;72.0;23.75;710.2;0.0;38.0;5.9;0.629;28.54;8.9;44.0
6639;2024-10-03 15:00:00;0.76;2.6;11.0;13.8;87.0;62.0;23.61;709.6;0.0;36.0;5.0;0.65;29.07;9.2;73.0
6640;2024-10-03 16:00:00;0.77;2.6;12.3;15.2;78.0;58.0;21.23;709.5;0.0;36.0;4.7;0.294;28.94;9.3;78.0
6641;2024-10-03 17:00:00;0.85;2.6;15.8;18.6;80.0;57.0;22.74;709.5;0.0;40.0;4.4;0.203;28.45;9.5;130.0
6642;2024-10-03 18:00:00;0.79;2.3;11.0;13.5;71.0;60.0;22.17;709.7;0.0;40.0;4.1;0.076;27.84;9.5;137.0
6643;2024-10-03 19:00:00;0.84;2.3;13.2;15.7;65.0;55.0;20.15;710.1;0.0;42.0;4.2;0.004;27.44;9.5;128.0
6644;2024-10-03 20:00:00;0.86;2.2;15.1;17.5;56.0;54.0;21.3;710.5;0.0;41.0;4.1;0.0;27.27;9.4;106.0
6645;2024-10-03 21:00:00;0.84;2.2;16.1;18.5;45.0;50.0;17.3;711.0;0.0;40.0;4.2;0.0;26.94;5.8;117.0
6646;2024-10-03 22:00:00;0.71;2.1;9.3;11.6;49.0;48.0;16.81;711.4;0.0;40.0;4.4;0.0;26.67;6.9;129.0
6647;2024-10-03 23:00:00;0.72;2.2;8.4;10.8;50.0;43.0;14.85;711.5;0.0;43.0;4.3;0.0;26.05;7.3;122.0
6648;2024-10-04 00:00:00;0.72;2.1;8.6;10.9;47.0;43.0;15.71;711.5;0.0;45.0;3.9;0.0;25.7;6.3;120.0
6649;2024-10-04 01:00:00;0.74;2.1;11.9;14.2;40.0;38.0;15.37;711.5;0.0;47.0;3.9;0.0;25.44;7.4;80.0
6650;2024-10-04 02:00:00;0.73;2.1;11.8;14.2;32.0;42.0;12.2;711.6;0.0;52.0;3.7;0.0;24.57;6.3;57.0
6651;2024-10-04 03:00:00;0.74;2.1;11.4;13.7;29.0;45.0;12.02;711.4;0.0;58.0;3.6;0.0;23.5;4.2;47.0
6652;2024-10-04 04:00:00;0.77;2.2;16.5;18.9;19.0;45.0;14.08;711.4;0.0;63.0;3.6;0.0;22.41;1.8;8.0
6653;2024-10-04 05:00:00;0.78;2.3;21.4;23.8;15.0;53.0;14.15;711.5;0.0;67.0;3.7;0.0;21.93;2.3;355.0
6654;2024-10-04 06:00:00;1.01;8.8;31.9;41.0;5.0;48.0;18.08;711.9;0.0;67.0;4.5;0.0;21.77;2.6;342.0
6655;2024-10-04 07:00:00;1.23;28.7;30.7;59.6;5.0;64.0;24.48;712.3;0.0;69.0;4.4;0.007;21.27;1.8;287.0
6656;2024-10-04 08:00:00;1.14;27.6;29.8;57.6;7.0;90.0;25.01;712.7;0.0;60.0;4.6;0.115;23.17;2.4;241.0
6657;2024-10-04 09:00:00;1.15;21.6;30.8;50.1;16.0;74.0;21.95;713.0;0.0;50.0;6.0;0.386;25.62;3.5;252.0
6658;2024-10-04 10:00:00;1.08;13.0;29.1;41.5;30.0;72.0;23.85;713.3;0.0;43.0;6.2;0.368;27.81;3.4;298.0
6659;2024-10-04 11:00:00;0.84;4.4;12.1;16.8;53.0;83.0;17.27;713.5;0.0;39.0;5.9;0.449;28.24;5.7;28.0
6660;2024-10-04 12:00:00;0.78;3.6;9.5;13.3;63.0;58.0;15.17;713.4;0.0;36.0;5.1;1.043;28.51;9.3;359.0
6661;2024-10-04 13:00:00;0.71;3.1;7.0;10.4;66.0;54.0;15.64;713.1;0.0;35.0;4.4;1.101;29.08;11.1;16.0
6662;2024-10-04 14:00:00;0.69;2.9;7.1;10.3;69.0;60.0;15.93;712.6;0.0;33.0;4.1;0.96;29.35;10.4;10.0
6663;2024-10-04 15:00:00;0.68;2.9;6.4;9.4;67.0;63.0;15.57;712.1;0.0;33.0;4.0;0.865;29.61;11.0;9.0
6664;2024-10-04 16:00:00;0.7;4.8;9.0;12.1;67.0;63.0;15.73;712.1;0.0;34.0;3.9;0.342;29.28;11.0;12.0
6665;2024-10-04 17:00:00;0.73;4.9;9.9;13.5;62.0;60.0;16.21;712.2;0.0;34.0;3.8;0.277;29.3;9.9;10.0
6666;2024-10-04 18:00:00;0.75;3.6;11.4;14.9;58.0;55.0;16.09;712.3;0.0;36.0;3.7;0.109;28.95;11.2;14.0
6667;2024-10-04 19:00:00;0.82;3.3;16.5;19.5;50.0;52.0;16.89;712.7;0.0;38.0;3.8;0.01;27.97;9.1;13.0
6668;2024-10-04 20:00:00;0.83;2.8;17.6;20.1;49.0;54.0;17.28;713.0;0.0;39.0;3.7;0.0;27.47;5.1;19.0
6669;2024-10-04 21:00:00;0.8;2.2;15.3;17.7;50.0;52.0;18.02;713.1;0.0;41.0;3.8;0.0;26.86;4.2;20.0
6670;2024-10-04 22:00:00;0.86;3.2;15.1;18.4;47.0;50.0;17.59;713.4;0.0;42.0;3.8;0.0;26.47;2.8;211.0
6671;2024-10-04 23:00:00;0.95;2.8;15.1;18.1;46.0;57.0;18.97;713.5;0.0;45.0;3.8;0.0;26.4;8.1;350.0
6672;2024-10-05 00:00:00;0.78;2.1;7.7;10.0;49.0;60.0;17.01;713.4;0.0;56.0;3.8;0.0;24.86;11.2;355.0
6673;2024-10-05 01:00:00;0.85;2.1;13.0;15.3;44.0;50.0;15.33;713.3;0.0;67.0;3.6;0.0;22.67;8.2;60.0
6674;2024-10-05 02:00:00;0.9;2.2;27.2;29.6;26.0;58.0;20.17;712.9;0.0;68.0;3.7;0.0;22.53;4.8;61.0
6675;2024-10-05 03:00:00;1.19;2.1;15.3;17.6;35.0;75.0;20.54;712.8;0.0;70.0;3.7;0.0;22.31;4.0;56.0
6676;2024-10-05 04:00:00;1.1;2.1;19.9;22.2;21.0;54.0;18.3;712.6;0.0;83.0;3.4;0.0;20.36;2.3;227.0
6677;2024-10-05 05:00:00;0.93;2.2;17.8;20.2;22.0;46.0;19.06;712.8;0.0;86.0;3.3;0.0;20.23;3.8;277.0
6678;2024-10-05 06:00:00;0.83;2.2;13.2;15.5;28.0;45.0;21.24;712.9;0.0;86.0;3.4;0.0;19.96;3.3;269.0
6679;2024-10-05 07:00:00;0.83;2.3;14.8;17.2;28.0;46.0;23.48;713.2;0.0;86.0;3.3;0.001;19.57;3.3;290.0
6680;2024-10-05 08:00:00;0.91;2.7;18.1;21.0;24.0;46.0;23.66;713.5;0.0;87.0;3.3;0.013;19.47;2.3;347.0
6681;2024-10-05 09:00:00;0.99;4.0;23.9;28.1;19.0;46.0;23.97;713.8;0.0;88.0;3.4;0.045;19.26;2.8;286.0
6682;2024-10-05 10:00:00;0.94;4.7;21.9;26.8;25.0;41.0;19.54;714.1;0.0;89.0;3.2;0.107;19.25;4.6;245.0
6683;2024-10-05 11:00:00;1.02;6.4;24.0;30.6;23.0;42.0;19.79;714.3;0.0;89.0;3.3;0.143;19.6;5.6;280.0
6684;2024-10-05 12:00:00;0.98;6.2;22.7;29.2;26.0;43.0;16.41;714.1;0.0;87.0;3.2;0.232;20.32;6.3;247.0
6685;2024-10-05 13:00:00;1.0;4.8;21.4;26.5;30.0;41.0;14.72;713.8;0.0;85.0;3.2;0.18;21.03;3.6;307.0
6686;2024-10-05 14:00:00;1.1;5.6;21.3;27.1;26.0;45.0;14.34;713.3;0.0;87.0;3.2;0.2;20.82;4.5;224.0
6687;2024-10-05 15:00:00;1.0;4.6;17.7;22.5;28.0;37.0;9.8;712.6;0.0;87.0;3.2;0.197;20.91;7.6;218.0
6688;2024-10-05 16:00:00;1.0;3.7;20.0;23.9;26.0;36.0;11.5;712.6;0.0;88.0;3.2;0.084;20.67;5.3;210.0
6689;2024-10-05 17:00:00;0.96;4.3;18.1;22.7;23.0;37.0;11.99;712.5;0.0;91.0;3.2;0.09;20.47;7.0;218.0
6690;2024-10-05 18:00:00;0.93;3.0;17.8;21.0;20.0;30.0;8.61;712.5;0.0;91.0;3.2;0.043;20.49;7.1;220.0
6691;2024-10-05 19:00:00;0.95;2.5;18.6;21.2;16.0;35.0;10.37;712.6;0.0;92.0;3.2;0.006;20.53;4.2;229.0
6692;2024-10-05 20:00:00;1.04;2.9;20.1;23.2;10.0;34.0;9.11;712.9;0.0;92.0;;0.0;20.72;2.3;237.0
6693;2024-10-05 21:00:00;0.9;2.4;15.0;17.5;15.0;34.0;6.9;713.1;0.0;91.0;;0.0;20.46;6.5;214.0
6694;2024-10-05 22:00:00;0.88;2.5;15.1;17.7;14.0;29.0;6.48;713.3;0.0;90.0;;0.0;20.72;7.6;218.0
6695;2024-10-05 23:00:00;0.93;2.8;18.2;21.2;10.0;28.0;7.96;713.1;0.0;88.0;;0.0;21.22;4.2;243.0
6696;2024-10-06 00:00:00;0.86;3.1;17.3;20.6;10.0;35.0;8.04;713.0;0.0;85.0;;0.0;21.51;2.3;223.0
6697;2024-10-06 01:00:00;0.85;2.8;15.2;18.2;10.0;30.0;6.42;712.6;0.0;82.0;;0.0;21.54;4.1;215.0
6698;2024-10-06 02:00:00;0.82;2.6;13.4;16.2;9.0;26.0;5.37;712.3;0.0;81.0;;0.0;21.39;2.1;233.0
6699;2024-10-06 03:00:00;0.82;2.8;14.4;17.4;8.0;25.0;5.73;712.1;0.0;82.0;;0.0;21.12;2.2;262.0
6700;2024-10-06 04:00:00;0.81;2.6;13.0;15.8;9.0;29.0;6.67;711.9;0.0;82.0;;0.0;21.0;3.2;235.0
6701;2024-10-06 05:00:00;0.8;2.5;12.1;14.8;8.0;35.0;7.38;712.1;0.0;82.0;;0.0;20.82;2.0;265.0
6702;2024-10-06 06:00:00;0.77;3.0;11.3;14.6;7.0;35.0;6.66;712.5;0.0;82.0;;0.0;20.76;1.8;237.0
6703;2024-10-06 07:00:00;0.75;3.4;11.3;14.9;7.0;36.0;6.37;712.8;0.0;81.0;;0.008;20.91;1.8;268.0
6704;2024-10-06 08:00:00;0.82;7.3;12.6;20.1;8.0;25.0;6.34;713.1;0.0;74.0;;0.109;23.01;2.1;286.0
6705;2024-10-06 09:00:00;0.83;8.5;12.2;21.0;14.0;33.0;6.26;713.4;0.0;71.0;;0.305;23.64;4.0;225.0
6706;2024-10-06 10:00:00;0.93;6.3;10.6;17.1;27.0;44.0;6.0;713.7;0.0;57.0;;0.358;27.36;2.7;11.0
6707;2024-10-06 11:00:00;1.09;6.6;15.5;22.3;37.0;35.0;7.0;713.6;0.0;54.0;3.3;0.504;27.73;4.3;17.0
6708;2024-10-06 12:00:00;0.82;3.9;11.2;15.3;45.0;39.0;7.0;713.5;0.0;52.0;3.3;0.666;27.76;4.7;9.0
6709;2024-10-06 13:00:00;0.71;4.7;12.5;17.4;47.0;37.0;;713.0;0.0;44.0;3.4;0.954;29.09;5.8;91.0
6710;2024-10-06 14:00:00;0.71;3.2;10.1;13.5;55.0;31.0;9.0;712.4;0.0;43.0;3.5;0.453;29.17;4.8;51.0
6711;2024-10-06 15:00:00;0.7;2.6;5.6;8.4;53.0;28.0;9.0;712.1;0.0;44.0;3.4;0.445;28.78;8.0;11.0
6712;2024-10-06 16:00:00;0.77;2.6;9.0;11.9;40.0;30.0;8.0;711.9;0.0;47.0;3.4;0.115;27.87;8.4;93.0
6713;2024-10-06 17:00:00;0.78;2.7;9.7;12.6;41.0;32.0;9.0;711.8;0.0;47.0;3.4;0.119;27.85;8.0;78.0
6714;2024-10-06 18:00:00;0.85;2.7;12.1;15.0;38.0;28.0;11.0;712.0;0.0;51.0;3.4;0.07;27.28;7.1;110.0
6715;2024-10-06 19:00:00;0.86;2.2;11.5;14.0;36.0;91.0;11.0;712.3;0.0;58.0;3.3;0.006;25.91;5.3;120.0
6716;2024-10-06 20:00:00;1.02;2.3;19.0;21.4;20.0;62.0;12.0;712.8;0.0;62.0;3.3;0.0;24.91;2.0;237.0
6717;2024-10-06 21:00:00;1.15;3.9;28.0;32.2;8.0;39.0;15.0;713.0;0.0;64.0;3.2;0.0;24.06;2.0;219.0
6718;2024-10-06 22:00:00;1.24;9.1;29.0;38.3;5.0;38.0;15.0;713.1;0.0;64.0;3.4;0.0;23.67;1.8;194.0
6719;2024-10-06 23:00:00;1.2;13.8;27.2;41.3;5.0;38.0;14.0;713.2;0.0;67.0;3.4;0.0;23.04;1.9;210.0
6720;2024-10-07 00:00:00;1.14;8.3;26.0;34.5;5.0;36.0;13.0;713.2;0.0;68.0;3.3;0.0;22.52;1.8;95.0
6721;2024-10-07 01:00:00;1.02;3.2;18.6;21.9;10.0;34.0;13.0;713.0;0.0;71.0;3.3;0.0;22.2;1.8;261.0
6722;2024-10-07 02:00:00;1.02;5.0;23.7;28.8;7.0;33.0;;712.8;0.0;73.0;3.3;0.0;22.02;1.8;243.0
6723;2024-10-07 03:00:00;1.0;3.9;24.2;28.3;6.0;37.0;16.0;712.7;0.0;75.0;3.3;0.0;21.61;;230.0
6724;2024-10-07 04:00:00;0.85;2.4;15.8;18.3;12.0;34.0;14.0;712.5;0.0;72.0;3.3;0.0;21.54;1.9;244.0
6725;2024-10-07 05:00:00;0.8;2.5;13.8;16.5;10.0;35.0;12.0;712.6;0.0;72.0;3.3;0.0;21.32;1.8;217.0
6726;2024-10-07 06:00:00;0.79;2.6;14.8;17.6;8.0;36.0;13.0;712.7;0.0;74.0;3.3;0.0;20.9;1.8;238.0
6727;2024-10-07 07:00:00;1.03;16.4;19.2;35.9;4.0;31.0;15.0;713.1;0.0;75.0;3.6;0.004;20.94;1.8;220.0
6728;2024-10-07 08:00:00;1.2;30.3;19.9;50.4;5.0;38.0;14.0;713.4;0.0;71.0;3.5;0.101;21.93;2.5;215.0
6729;2024-10-07 09:00:00;1.46;45.7;29.3;75.3;9.0;46.0;18.0;713.7;0.0;66.0;3.7;0.237;23.91;5.9;42.0
6730;2024-10-07 10:00:00;1.36;39.4;33.2;72.8;8.0;80.0;29.0;714.0;0.0;72.0;3.7;0.253;23.06;7.0;21.0
6731;2024-10-07 11:00:00;1.15;24.2;31.3;55.6;12.0;80.0;22.0;714.1;0.0;69.0;3.8;0.301;23.49;7.2;23.0
6732;2024-10-07 12:00:00;1.18;26.4;32.8;59.4;12.0;70.0;23.0;713.9;0.0;68.0;4.0;0.292;23.54;8.2;22.0
6733;2024-10-07 13:00:00;1.09;6.5;19.8;26.6;24.0;59.0;19.86;713.6;0.0;66.0;4.2;0.189;23.31;8.1;334.0
6734;2024-10-07 14:00:00;0.81;4.4;10.9;15.5;39.0;44.0;14.97;712.9;0.0;57.0;4.2;0.334;24.26;5.4;325.0
6735;2024-10-07 15:00:00;0.85;3.7;12.0;15.9;42.0;32.0;11.94;712.2;0.0;53.0;4.0;0.333;25.26;4.1;222.0
6736;2024-10-07 16:00:00;0.77;3.4;9.3;12.9;43.0;32.0;13.18;711.9;0.0;49.0;3.8;0.232;25.58;5.1;222.0
6737;2024-10-07 17:00:00;0.79;4.5;11.4;16.1;36.0;34.0;12.87;711.7;0.0;48.0;3.8;0.141;25.76;4.7;205.0
6738;2024-10-07 18:00:00;0.93;5.3;18.1;23.6;28.0;33.0;11.65;711.6;0.0;47.0;3.6;0.069;25.72;3.0;210.0
6739;2024-10-07 19:00:00;1.38;17.1;32.5;49.9;9.0;37.0;12.34;711.9;0.0;51.0;3.7;0.006;24.92;2.1;169.0
6740;2024-10-07 20:00:00;1.47;22.1;35.2;57.6;5.0;46.0;16.2;712.1;0.0;52.0;3.7;0.0;24.17;2.2;189.0
6741;2024-10-07 21:00:00;1.29;16.2;33.7;50.1;4.0;44.0;16.11;712.4;0.0;54.0;3.6;0.0;23.36;1.9;135.0
6742;2024-10-07 22:00:00;1.05;4.8;28.1;33.1;10.0;38.0;15.62;712.5;0.0;56.0;3.6;0.0;22.99;2.9;203.0
6743;2024-10-07 23:00:00;1.17;15.4;31.5;47.1;5.0;41.0;16.24;712.7;0.0;61.0;3.6;0.0;22.25;1.8;140.0
6744;2024-10-08 00:00:00;0.99;4.0;24.3;28.5;11.0;41.0;18.98;712.6;0.0;61.0;3.6;0.0;22.06;2.8;212.0
6745;2024-10-08 01:00:00;0.84;2.5;17.7;20.4;16.0;38.0;17.44;712.4;0.0;62.0;3.8;0.0;21.84;3.9;208.0
6746;2024-10-08 02:00:00;0.76;2.4;13.9;16.5;17.0;39.0;15.47;712.3;0.0;64.0;3.9;0.0;21.05;1.8;277.0
6747;2024-10-08 03:00:00;0.72;2.4;12.9;15.5;18.0;32.0;14.9;712.1;0.0;65.0;3.8;0.0;20.46;1.9;260.0
6748;2024-10-08 04:00:00;0.67;2.4;9.3;12.0;22.0;31.0;14.13;711.9;0.0;62.0;3.8;0.0;20.53;3.1;234.0
6749;2024-10-08 05:00:00;0.64;2.4;8.4;11.0;23.0;33.0;13.9;711.9;0.0;62.0;4.1;0.0;20.17;2.5;232.0
6750;2024-10-08 06:00:00;0.64;2.5;9.7;12.4;22.0;28.0;13.12;712.1;0.0;60.0;4.2;0.0;20.19;3.5;234.0
6751;2024-10-08 07:00:00;0.84;5.0;18.7;23.9;12.0;31.0;13.45;712.3;0.0;61.0;4.2;0.007;19.75;2.1;272.0
6752;2024-10-08 08:00:00;1.05;25.2;25.1;50.5;8.0;38.0;14.62;712.6;0.0;55.0;4.8;0.138;21.96;3.1;241.0
6753;2024-10-08 09:00:00;1.04;16.9;23.5;40.6;16.0;46.0;16.07;712.9;0.0;49.0;5.3;0.397;23.92;4.6;217.0
6754;2024-10-08 10:00:00;1.23;11.5;24.5;36.2;30.0;53.0;16.51;713.1;0.0;42.0;6.1;0.334;26.57;2.4;349.0
6755;2024-10-08 11:00:00;1.25;20.8;37.8;58.7;32.0;59.0;22.09;712.9;0.0;38.0;9.0;0.689;27.26;7.5;70.0
6756;2024-10-08 12:00:00;0.78;5.1;14.4;19.8;58.0;56.0;28.44;712.7;0.0;33.0;5.1;1.071;27.74;10.7;70.0
6757;2024-10-08 13:00:00;0.71;3.3;8.6;12.1;69.0;42.0;17.89;712.2;0.0;32.0;4.3;1.138;28.22;10.5;77.0
6758;2024-10-08 14:00:00;0.72;3.1;8.7;12.0;75.0;37.0;16.19;711.6;0.0;31.0;4.3;1.104;28.59;10.7;79.0
6759;2024-10-08 15:00:00;0.7;2.9;8.9;12.0;83.0;40.0;16.79;711.2;0.0;29.0;5.8;0.959;28.9;11.7;61.0
6760;2024-10-08 16:00:00;0.67;2.8;10.4;13.5;87.0;48.0;19.36;710.9;0.0;26.0;13.3;0.737;29.21;12.3;63.0
6761;2024-10-08 17:00:00;0.69;2.9;10.7;13.8;77.0;53.0;23.89;710.9;0.0;27.0;13.2;0.386;29.1;11.3;59.0
6762;2024-10-08 18:00:00;0.7;2.6;13.0;15.8;71.0;55.0;22.2;711.1;0.0;29.0;15.7;0.071;28.14;12.0;79.0
6763;2024-10-08 19:00:00;0.81;2.5;17.4;20.0;53.0;47.0;21.8;711.5;0.0;35.0;9.0;0.006;26.52;8.1;117.0
6764;2024-10-08 20:00:00;0.91;2.3;22.2;24.7;43.0;41.0;19.25;711.9;0.0;38.0;5.5;0.0;25.55;7.4;127.0
6765;2024-10-08 21:00:00;0.77;2.3;15.0;17.5;46.0;42.0;18.64;712.3;0.0;42.0;4.6;0.0;24.84;6.7;111.0
6766;2024-10-08 22:00:00;0.77;2.2;15.0;17.4;40.0;37.0;16.7;712.7;0.0;45.0;4.1;0.0;24.08;3.3;97.0
6767;2024-10-08 23:00:00;0.85;2.5;18.6;21.3;28.0;36.0;16.99;712.8;0.0;49.0;3.9;0.0;22.88;2.8;204.0
6768;2024-10-09 00:00:00;0.83;2.3;21.7;24.2;28.0;38.0;16.42;712.6;0.0;48.0;4.1;0.0;22.59;7.4;213.0
6769;2024-10-09 01:00:00;0.73;2.3;15.1;17.5;35.0;41.0;19.82;712.4;0.0;49.0;4.6;0.0;22.02;5.5;216.0
6770;2024-10-09 02:00:00;0.68;2.3;11.9;14.4;38.0;44.0;19.58;712.4;0.0;48.0;4.8;0.0;21.86;7.5;211.0
6771;2024-10-09 03:00:00;0.61;2.2;7.8;10.3;42.0;41.0;24.1;712.2;0.0;46.0;4.9;0.0;21.75;8.7;207.0
6772;2024-10-09 04:00:00;0.58;2.2;5.7;8.2;43.0;41.0;16.88;712.1;0.0;46.0;4.6;0.0;21.26;4.6;239.0
6773;2024-10-09 05:00:00;0.58;2.2;6.6;9.0;40.0;35.0;16.88;712.3;0.0;46.0;4.5;0.0;20.63;2.4;334.0
6774;2024-10-09 06:00:00;0.58;2.2;8.4;10.8;37.0;38.0;17.5;712.5;0.0;45.0;4.6;0.0;20.56;3.3;281.0
6775;2024-10-09 07:00:00;0.76;11.4;22.1;33.8;23.0;43.0;18.42;712.6;0.0;45.0;4.5;0.006;20.5;3.7;286.0
6776;2024-10-09 08:00:00;1.12;36.9;34.0;71.2;10.0;52.0;20.45;713.0;0.0;44.0;4.6;0.127;22.08;2.8;297.0
6777;2024-10-09 09:00:00;1.02;24.2;25.8;50.2;22.0;63.0;25.57;713.3;0.0;36.0;4.8;0.396;24.61;4.8;222.0
6778;2024-10-09 10:00:00;0.8;8.4;19.8;28.6;34.0;54.0;23.25;713.6;0.0;32.0;4.4;0.32;26.54;6.2;204.0
6779;2024-10-09 11:00:00;0.74;5.4;14.7;20.4;51.0;49.0;20.99;713.6;0.0;29.0;4.0;0.708;29.16;4.6;203.0
6780;2024-10-09 12:00:00;0.7;3.6;10.3;14.2;66.0;43.0;18.4;713.5;0.0;30.0;4.2;1.053;29.56;8.4;85.0
6781;2024-10-09 13:00:00;0.79;3.8;14.8;18.8;79.0;45.0;17.79;713.1;0.0;29.0;4.3;1.11;30.06;8.4;52.0
6782;2024-10-09 14:00:00;0.78;3.0;12.7;16.0;95.0;54.0;21.15;712.5;0.0;28.0;4.2;1.057;30.42;9.3;62.0
6783;2024-10-09 15:00:00;0.78;2.8;12.0;15.0;102.0;51.0;23.7;712.1;0.0;28.0;4.0;0.913;30.52;11.4;46.0
6784;2024-10-09 16:00:00;0.73;2.5;9.6;12.3;99.0;53.0;24.33;711.9;0.0;27.0;3.7;0.702;30.71;10.7;77.0
6785;2024-10-09 17:00:00;0.76;2.5;10.9;13.6;92.0;54.0;22.08;711.9;0.0;31.0;4.0;0.364;30.22;11.5;76.0
6786;2024-10-09 18:00:00;0.8;2.4;13.4;16.0;78.0;53.0;23.42;712.1;0.0;34.0;5.2;0.084;29.28;10.2;93.0
6787;2024-10-09 19:00:00;0.93;2.3;18.6;21.0;62.0;51.0;23.65;712.4;0.0;37.0;7.7;0.006;27.68;8.1;117.0
6788;2024-10-09 20:00:00;0.95;2.2;20.5;22.9;51.0;53.0;24.7;712.8;0.0;41.0;7.6;0.0;26.69;7.0;122.0
6789;2024-10-09 21:00:00;0.81;2.2;13.8;16.2;51.0;52.0;27.69;713.3;0.0;41.0;6.5;0.0;26.18;7.2;141.0
6790;2024-10-09 22:00:00;0.84;2.2;13.4;15.8;50.0;44.0;19.14;713.6;0.0;42.0;6.0;0.0;25.75;6.1;117.0
6791;2024-10-09 23:00:00;0.76;2.2;11.4;13.8;49.0;37.0;19.63;713.8;0.0;45.0;4.8;0.0;25.14;6.9;109.0
6792;2024-10-10 00:00:00;0.84;2.2;20.5;22.9;34.0;42.0;22.86;713.8;0.0;49.0;4.3;0.0;24.1;3.6;82.0
6793;2024-10-10 01:00:00;0.91;2.2;23.8;26.2;22.0;43.0;22.99;713.6;0.0;55.0;4.0;0.0;22.81;1.8;219.0
6794;2024-10-10 02:00:00;1.0;2.4;28.2;30.7;15.0;47.0;26.21;713.5;0.0;58.0;3.9;0.0;22.01;2.2;242.0
6795;2024-10-10 03:00:00;0.85;2.2;21.6;24.0;21.0;49.0;24.2;713.3;0.0;58.0;4.2;0.0;21.54;2.0;226.0
6796;2024-10-10 04:00:00;0.77;2.2;16.4;18.8;26.0;43.0;23.96;713.2;0.0;57.0;4.4;0.0;21.0;2.3;238.0
6797;2024-10-10 05:00:00;0.67;2.2;11.3;13.7;34.0;60.0;23.29;713.0;0.0;50.0;5.5;0.0;21.09;7.2;214.0
6798;2024-10-10 06:00:00;0.61;2.3;10.8;13.2;35.0;49.0;21.84;713.4;0.0;46.0;5.9;0.0;20.79;5.9;216.0
6799;2024-10-10 07:00:00;0.78;4.3;26.1;30.6;18.0;46.0;24.23;713.9;0.0;46.0;6.2;0.006;20.41;6.4;209.0
6800;2024-10-10 08:00:00;0.98;16.6;34.5;51.3;11.0;53.0;25.32;714.3;0.0;43.0;7.3;0.121;21.51;6.7;212.0
6801;2024-10-10 09:00:00;1.03;17.5;34.2;52.0;19.0;65.0;26.17;714.7;0.0;38.0;8.2;0.389;23.53;6.9;219.0
6802;2024-10-10 10:00:00;1.04;15.6;33.5;49.3;27.0;70.0;26.88;715.0;0.0;35.0;7.8;0.305;25.84;5.5;204.0
6803;2024-10-10 11:00:00;1.1;11.5;33.4;45.1;45.0;70.0;26.75;715.0;0.0;36.0;7.0;0.714;27.15;6.8;76.0
6804;2024-10-10 12:00:00;1.1;7.2;29.7;37.1;64.0;62.0;27.89;714.8;0.0;38.0;7.0;1.02;27.53;8.6;50.0
6805;2024-10-10 13:00:00;0.98;4.7;22.8;27.7;83.0;77.0;34.38;714.3;0.0;39.0;7.7;1.09;28.04;10.2;34.0
6806;2024-10-10 14:00:00;0.89;3.2;15.4;18.8;96.0;71.0;33.78;713.8;0.0;38.0;7.6;0.937;28.62;12.7;55.0
6807;2024-10-10 15:00:00;0.83;3.1;13.4;16.7;91.0;64.0;30.02;713.4;0.0;35.0;9.0;0.77;29.2;13.9;70.0
6808;2024-10-10 16:00:00;0.79;2.9;11.0;14.1;82.0;60.0;27.38;713.2;0.0;36.0;11.0;0.588;29.36;12.7;84.0
6809;2024-10-10 17:00:00;0.75;2.6;8.8;11.6;74.0;60.0;27.8;713.2;0.0;36.0;9.6;0.29;28.85;13.4;98.0
6810;2024-10-10 18:00:00;0.78;2.9;13.9;17.0;56.0;49.0;22.76;713.5;0.0;34.0;5.7;0.059;28.08;12.8;75.0
6811;2024-10-10 19:00:00;0.82;2.7;17.4;20.2;46.0;44.0;17.06;713.9;0.0;36.0;6.1;0.004;26.55;12.9;69.0
6812;2024-10-10 20:00:00;0.89;2.4;20.3;22.9;39.0;46.0;17.89;714.2;0.0;38.0;7.9;0.0;25.78;8.0;105.0
6813;2024-10-10 21:00:00;0.79;2.3;14.2;16.6;45.0;41.0;19.74;714.6;0.0;40.0;4.7;0.0;25.08;7.2;90.0
6814;2024-10-10 22:00:00;0.75;2.3;13.2;15.7;45.0;38.0;18.51;714.8;0.0;40.0;4.2;0.0;24.53;5.4;91.0
6815;2024-10-10 23:00:00;0.79;2.3;14.4;16.9;39.0;36.0;18.53;714.8;0.0;42.0;4.0;0.0;24.0;4.0;23.0
6816;2024-10-11 00:00:00;0.73;2.2;12.0;14.4;38.0;34.0;18.72;714.7;0.0;45.0;3.8;0.0;23.12;2.9;335.0
6817;2024-10-11 01:00:00;0.98;11.6;30.7;42.5;18.0;34.0;17.82;714.6;0.0;48.0;3.9;0.0;22.76;2.8;327.0
6818;2024-10-11 02:00:00;1.27;52.2;47.8;100.2;5.0;62.0;23.75;714.6;0.0;55.0;4.3;0.0;21.71;2.6;326.0
6819;2024-10-11 03:00:00;1.12;27.2;44.2;71.6;4.0;90.0;46.83;714.7;0.0;58.0;4.1;0.0;20.73;1.9;299.0
6820;2024-10-11 04:00:00;1.03;13.9;42.2;56.3;4.0;76.0;39.69;714.6;0.0;60.0;4.1;0.0;20.16;1.8;263.0
6821;2024-10-11 05:00:00;0.93;5.5;38.1;43.9;5.0;68.0;34.73;714.7;0.0;60.0;4.0;0.0;19.78;3.2;215.0
6822;2024-10-11 06:00:00;0.77;3.1;27.2;30.6;12.0;58.0;30.0;715.0;0.0;55.0;6.0;0.0;19.32;4.4;219.0
6823;2024-10-11 07:00:00;0.83;10.5;34.4;45.2;7.0;55.0;27.01;715.3;0.0;51.0;7.0;0.004;19.71;8.4;213.0
6824;2024-10-11 08:00:00;1.03;25.1;34.6;59.8;8.0;73.0;29.48;715.5;0.0;47.0;7.6;0.1;21.16;4.8;227.0
6825;2024-10-11 09:00:00;1.08;22.0;33.4;55.6;16.0;74.0;28.26;715.9;0.0;39.0;6.0;0.327;23.96;4.2;233.0
6826;2024-10-11 10:00:00;1.24;20.4;39.3;59.9;25.0;62.0;24.63;716.2;0.0;34.0;6.2;0.264;26.85;2.4;188.0
6827;2024-10-11 11:00:00;1.34;14.4;40.2;54.9;42.0;63.0;25.68;716.2;0.0;32.0;7.7;0.615;28.06;4.8;25.0
6828;2024-10-11 12:00:00;0.87;6.1;19.6;25.9;62.0;59.0;29.66;716.0;0.0;29.0;6.0;0.879;28.24;8.8;70.0
6829;2024-10-11 13:00:00;0.76;3.9;12.8;16.9;75.0;52.0;20.76;715.4;0.0;28.0;4.8;0.93;29.2;9.1;58.0
6830;2024-10-11 14:00:00;0.74;3.4;11.2;14.8;85.0;45.0;20.71;714.7;0.0;27.0;4.3;0.902;29.44;10.8;57.0
6831;2024-10-11 15:00:00;0.74;3.3;11.4;14.9;86.0;45.0;20.15;714.3;0.0;26.0;5.2;0.779;29.62;12.7;64.0
6832;2024-10-11 16:00:00;0.68;3.3;10.0;13.5;78.0;49.0;20.68;714.2;0.0;25.0;6.6;0.607;29.62;13.7;72.0
6833;2024-10-11 17:00:00;0.69;3.3;11.4;14.9;72.0;44.0;19.43;714.2;0.0;26.0;14.3;0.288;29.08;14.3;80.0
6834;2024-10-11 18:00:00;0.73;3.0;14.2;17.3;64.0;50.0;21.38;714.4;0.0;30.0;21.9;0.057;27.98;14.4;80.0
6835;2024-10-11 19:00:00;0.79;2.5;13.7;16.4;52.0;51.0;22.01;714.7;0.0;37.0;11.1;0.004;26.37;12.6;104.0
6836;2024-10-11 20:00:00;0.78;2.5;12.6;15.3;49.0;42.0;17.2;715.1;0.0;40.0;8.5;0.0;25.35;8.7;131.0
6837;2024-10-11 21:00:00;0.78;2.4;14.3;16.9;45.0;35.0;16.07;715.4;0.0;41.0;5.2;0.0;24.69;7.9;126.0
6838;2024-10-11 22:00:00;0.76;2.4;14.2;16.8;44.0;34.0;15.22;715.6;0.0;41.0;4.4;0.0;24.16;7.8;130.0
6839;2024-10-11 23:00:00;0.76;2.4;16.3;18.8;40.0;33.0;15.26;715.7;0.0;40.0;4.1;0.0;23.59;7.7;127.0
6840;2024-10-12 00:00:00;0.73;2.5;14.3;17.0;44.0;37.0;14.67;715.7;0.0;42.0;3.8;0.0;23.06;7.0;119.0
6841;2024-10-12 01:00:00;0.66;2.3;9.1;11.6;53.0;33.0;15.08;715.4;0.0;42.0;3.8;0.0;22.96;7.1;102.0
6842;2024-10-12 02:00:00;0.68;2.3;8.3;10.9;52.0;35.0;12.99;715.3;0.0;44.0;3.8;0.0;22.37;6.8;54.0
6843;2024-10-12 03:00:00;0.83;2.6;30.0;32.7;21.0;38.0;13.97;715.2;0.0;54.0;4.8;0.0;20.54;4.0;353.0
6844;2024-10-12 04:00:00;1.04;2.5;30.1;32.7;18.0;53.0;26.11;715.0;0.0;59.0;5.2;0.0;20.01;5.4;4.0
6845;2024-10-12 05:00:00;1.64;2.5;31.7;34.4;12.0;57.0;25.39;715.1;0.0;64.0;5.1;0.0;18.96;2.0;206.0
6846;2024-10-12 06:00:00;1.05;3.0;30.7;33.8;11.0;54.0;29.51;715.2;0.0;62.0;5.3;0.0;18.65;4.7;218.0
6847;2024-10-12 07:00:00;0.78;5.9;32.4;38.5;9.0;61.0;27.77;715.4;0.0;57.0;7.4;0.004;18.43;5.7;215.0
6848;2024-10-12 08:00:00;0.85;16.2;33.1;49.5;9.0;55.0;26.3;715.8;0.0;50.0;7.1;0.098;20.1;3.6;221.0
6849;2024-10-12 09:00:00;0.89;19.0;32.5;51.7;17.0;53.0;24.72;716.1;0.0;44.0;8.0;0.321;21.71;5.9;225.0
6850;2024-10-12 10:00:00;0.98;14.1;29.4;43.7;31.0;55.0;25.01;716.4;0.0;44.0;6.8;0.282;24.07;4.5;346.0
6851;2024-10-12 11:00:00;1.01;6.9;22.9;30.0;52.0;66.0;27.8;716.3;0.0;40.0;5.9;0.629;25.82;4.4;65.0
6852;2024-10-12 12:00:00;1.17;9.1;31.2;40.6;55.0;60.0;28.64;715.9;0.0;40.0;9.4;0.859;26.3;7.5;58.0
6853;2024-10-12 13:00:00;0.99;4.7;21.1;26.0;82.0;60.0;33.9;715.3;0.0;39.0;7.0;0.914;26.74;9.1;54.0
6854;2024-10-12 14:00:00;0.88;3.5;15.5;19.2;93.0;64.0;29.96;714.6;0.0;37.0;6.1;0.886;27.69;10.8;57.0
6855;2024-10-12 15:00:00;0.78;3.3;12.2;15.7;88.0;54.0;25.64;714.0;0.0;33.0;5.4;0.773;28.37;13.3;53.0
6856;2024-10-12 16:00:00;0.77;3.2;11.5;14.9;83.0;50.0;20.76;713.8;0.0;34.0;5.5;0.593;28.64;13.4;68.0
6857;2024-10-12 17:00:00;0.73;2.8;9.9;12.9;79.0;49.0;20.63;713.8;0.0;35.0;7.8;0.282;28.26;13.2;91.0
6858;2024-10-12 18:00:00;0.71;2.7;9.6;12.6;57.0;47.0;22.79;713.8;0.0;37.0;7.5;0.056;27.25;14.5;74.0
6859;2024-10-12 19:00:00;0.73;2.5;11.9;14.6;45.0;41.0;20.58;714.2;0.0;38.0;8.9;0.003;26.05;11.1;77.0
6860;2024-10-12 20:00:00;0.78;2.4;13.6;16.3;38.0;42.0;18.1;714.6;0.0;42.0;9.5;0.0;25.29;7.4;87.0
6861;2024-10-12 21:00:00;0.7;2.4;9.7;12.3;45.0;36.0;18.09;715.0;0.0;39.0;5.4;0.0;24.75;8.9;119.0
6862;2024-10-12 22:00:00;0.67;2.4;8.9;11.5;44.0;33.0;15.77;715.1;0.0;40.0;4.3;0.0;24.11;7.9;127.0
6863;2024-10-12 23:00:00;0.69;2.3;10.4;12.9;40.0;35.0;15.77;715.2;0.0;42.0;4.0;0.0;23.45;3.4;92.0
6864;2024-10-13 00:00:00;0.9;2.5;22.7;25.3;21.0;37.0;15.85;714.9;0.0;48.0;3.9;0.0;22.28;1.8;278.0
6865;2024-10-13 01:00:00;1.27;16.2;33.5;49.8;10.0;44.0;23.56;714.7;0.0;53.0;4.0;0.0;21.8;3.0;319.0
6866;2024-10-13 02:00:00;1.16;13.6;37.5;51.4;5.0;64.0;35.45;714.5;0.0;58.0;4.2;0.0;20.79;3.2;14.0
6867;2024-10-13 03:00:00;1.1;12.6;34.0;46.9;4.0;60.0;34.33;714.3;0.0;63.0;4.3;0.0;19.66;1.8;300.0
6868;2024-10-13 04:00:00;1.01;9.8;29.4;39.4;9.0;59.0;31.92;714.1;0.0;58.0;4.9;0.0;19.34;4.6;216.0
6869;2024-10-13 05:00:00;0.69;2.6;17.4;20.2;22.0;47.0;28.33;714.1;0.0;50.0;5.4;0.0;19.03;2.9;244.0
6870;2024-10-13 06:00:00;0.68;2.6;19.6;22.4;19.0;40.0;22.06;714.4;0.0;51.0;5.1;0.0;18.64;2.5;262.0
6871;2024-10-13 07:00:00;0.66;2.7;20.9;23.9;17.0;38.0;21.11;714.7;0.0;51.0;5.5;0.004;18.17;3.0;219.0
6872;2024-10-13 08:00:00;0.68;5.7;22.0;28.0;20.0;40.0;20.43;714.9;0.0;41.0;7.7;0.101;20.52;3.2;276.0
6873;2024-10-13 09:00:00;0.65;6.3;17.2;23.9;29.0;43.0;20.0;715.2;0.0;33.0;7.4;0.323;23.1;6.4;226.0
6874;2024-10-13 10:00:00;0.74;7.9;18.9;27.0;36.0;40.0;18.04;715.3;0.0;32.0;5.7;0.29;25.69;5.1;282.0
6875;2024-10-13 11:00:00;0.86;7.7;20.9;28.9;46.0;44.0;19.66;715.1;0.0;33.0;5.1;0.672;27.51;4.9;50.0
6876;2024-10-13 12:00:00;1.02;7.5;25.7;33.4;65.0;50.0;23.53;714.9;0.0;29.0;7.5;0.882;28.39;10.5;48.0
6877;2024-10-13 13:00:00;0.93;4.2;19.2;23.6;89.0;67.0;32.77;714.5;0.0;32.0;5.6;0.93;28.67;13.6;62.0
6878;2024-10-13 14:00:00;0.8;3.1;13.2;16.6;98.0;64.0;30.93;713.9;0.0;33.0;10.2;0.896;29.03;15.5;71.0
6879;2024-10-13 15:00:00;0.7;2.8;8.1;11.1;86.0;60.0;28.42;713.5;0.0;30.0;10.3;0.789;29.77;11.9;107.0
6880;2024-10-13 16:00:00;0.59;2.7;5.4;8.4;70.0;48.0;23.01;713.6;0.0;25.0;7.3;0.604;29.72;14.1;114.0
6881;2024-10-13 17:00:00;0.53;2.7;4.3;7.2;55.0;41.0;18.44;713.7;0.0;22.0;4.0;0.276;29.73;13.6;113.0
6882;2024-10-13 18:00:00;0.59;2.7;7.0;9.9;48.0;34.0;13.15;713.8;0.0;28.0;4.3;0.052;28.86;11.6;88.0
6883;2024-10-13 19:00:00;0.67;2.3;9.7;12.2;42.0;30.0;13.75;714.2;0.0;32.0;4.0;0.003;27.13;7.2;112.0
6884;2024-10-13 20:00:00;0.69;2.4;9.6;12.2;42.0;33.0;15.75;714.7;0.0;35.0;4.0;0.0;26.26;7.7;125.0
6885;2024-10-13 21:00:00;0.76;2.3;13.0;15.6;37.0;36.0;16.63;715.1;0.0;37.0;3.9;0.0;25.37;6.0;129.0
6886;2024-10-13 22:00:00;0.73;2.3;12.1;14.6;38.0;36.0;17.53;715.3;0.0;38.0;3.8;0.0;24.92;6.6;125.0
6887;2024-10-13 23:00:00;0.73;2.3;12.4;14.9;33.0;31.0;17.28;715.3;0.0;40.0;3.7;0.0;24.05;4.0;17.0
6888;2024-10-14 00:00:00;1.28;27.4;37.3;64.9;6.0;34.0;16.21;715.3;0.0;46.0;4.0;0.0;22.65;2.5;294.0
6889;2024-10-14 01:00:00;1.34;30.6;37.6;68.5;5.0;60.0;34.86;715.3;0.0;49.0;4.2;0.0;22.1;4.0;320.0
6890;2024-10-14 02:00:00;1.2;28.1;36.0;64.3;5.0;63.0;36.75;715.2;0.0;53.0;4.2;0.0;20.86;1.9;271.0
6891;2024-10-14 03:00:00;1.35;31.1;34.1;65.4;5.0;61.0;32.71;715.0;0.0;57.0;4.2;0.0;19.77;1.8;354.0
6892;2024-10-14 04:00:00;1.25;16.2;32.6;49.1;;58.0;33.77;714.8;0.0;58.0;4.3;0.0;19.37;1.8;264.0
6893;2024-10-14 05:00:00;0.94;6.2;25.6;32.0;9.0;55.0;31.81;714.8;0.0;56.0;4.3;0.0;19.09;1.8;258.0
6894;2024-10-14 06:00:00;0.74;2.7;17.7;20.6;14.0;43.0;25.4;715.1;0.0;55.0;4.2;0.0;18.81;;273.0
6895;2024-10-14 07:00:00;0.92;15.9;27.3;43.4;5.0;37.0;19.79;715.3;0.0;57.0;4.2;0.004;18.53;1.9;241.0
6896;2024-10-14 08:00:00;0.97;21.3;31.6;53.1;8.0;42.0;21.43;715.4;0.0;42.0;6.6;0.099;21.04;3.3;224.0
6897;2024-10-14 09:00:00;1.25;20.2;30.7;51.2;16.0;45.0;17.65;715.7;0.0;37.0;10.0;0.309;24.77;2.6;321.0
6898;2024-10-14 10:00:00;1.82;13.1;29.5;42.8;31.0;52.0;19.23;715.9;0.0;42.0;11.8;0.305;25.31;4.8;348.0
6899;2024-10-14 11:00:00;1.37;14.4;36.8;51.5;39.0;52.0;24.94;715.7;0.0;32.0;12.3;0.678;27.55;5.6;25.0
6900;2024-10-14 12:00:00;0.77;7.4;19.2;26.8;53.0;55.0;25.06;715.3;0.0;20.0;6.6;0.899;29.58;10.8;96.0
6901;2024-10-14 13:00:00;0.53;3.8;7.6;11.6;58.0;44.0;17.31;714.6;0.0;17.0;4.0;0.956;30.54;13.3;126.0
6902;2024-10-14 14:00:00;0.52;3.4;6.1;9.7;58.0;38.0;12.37;714.0;0.0;15.0;3.7;0.918;30.89;16.0;118.0
6903;2024-10-14 15:00:00;0.5;3.2;5.8;9.2;58.0;35.0;11.66;713.5;0.0;15.0;3.6;0.792;30.99;15.8;107.0
6904;2024-10-14 16:00:00;0.52;3.2;6.9;10.4;57.0;34.0;11.57;713.3;0.0;16.0;3.6;0.6;31.04;15.0;105.0
6905;2024-10-14 17:00:00;0.54;3.2;8.3;11.7;55.0;36.0;12.5;713.3;0.0;17.0;3.7;0.272;30.42;15.5;107.0
6906;2024-10-14 18:00:00;0.57;2.9;10.3;13.4;49.0;38.0;13.28;713.5;0.0;19.0;3.7;0.051;29.39;14.5;112.0
6907;2024-10-14 19:00:00;0.64;2.7;13.0;15.9;44.0;34.0;12.86;713.7;0.0;22.0;3.6;0.003;27.69;12.4;124.0
6908;2024-10-14 20:00:00;0.61;2.5;11.6;14.3;45.0;35.0;14.23;714.0;0.0;24.0;3.7;0.0;26.81;11.7;126.0
6909;2024-10-14 21:00:00;0.56;2.4;10.6;13.2;45.0;35.0;14.71;714.4;0.0;25.0;3.7;0.0;26.16;10.0;121.0
6910;2024-10-14 22:00:00;0.57;2.4;11.6;14.2;43.0;35.0;14.86;714.6;0.0;25.0;3.6;0.0;25.42;7.2;113.0
6911;2024-10-14 23:00:00;0.55;2.3;11.6;14.1;41.0;33.0;14.61;714.7;0.0;26.0;3.6;0.0;24.77;5.1;85.0
6912;2024-10-15 00:00:00;0.55;2.3;12.3;14.8;38.0;32.0;13.72;714.5;0.0;28.0;3.6;0.0;23.86;3.3;78.0
6913;2024-10-15 01:00:00;0.71;11.2;20.8;32.3;28.0;30.0;13.92;714.1;0.0;32.0;3.9;0.0;22.86;5.0;18.0
6914;2024-10-15 02:00:00;0.97;20.5;40.9;61.7;5.0;53.0;19.6;714.0;0.0;42.0;4.7;0.0;21.14;4.9;340.0
6915;2024-10-15 03:00:00;0.82;13.3;38.2;51.8;5.0;69.0;34.79;713.8;0.0;48.0;4.5;0.0;19.84;3.0;2.0
6916;2024-10-15 04:00:00;0.83;8.2;35.6;44.0;5.0;60.0;30.01;713.3;0.0;52.0;4.3;0.0;18.92;1.8;248.0
6917;2024-10-15 05:00:00;0.9;10.1;35.4;45.7;6.0;54.0;27.6;713.1;0.0;49.0;5.1;0.0;19.33;3.6;224.0
6918;2024-10-15 06:00:00;0.79;8.1;31.2;39.5;5.0;54.0;28.02;713.4;0.0;55.0;5.1;0.0;18.66;1.8;312.0
6919;2024-10-15 07:00:00;0.92;32.1;29.9;62.2;4.0;50.0;24.65;713.5;0.0;61.0;4.6;0.003;18.15;1.8;268.0
6920;2024-10-15 08:00:00;1.16;55.4;33.1;88.8;6.0;57.0;24.33;713.7;0.0;51.0;5.5;0.094;20.52;2.1;286.0
6921;2024-10-15 09:00:00;1.19;35.5;35.9;71.6;12.0;57.0;24.35;713.9;0.0;42.0;7.1;0.289;23.13;3.5;5.0
6922;2024-10-15 10:00:00;1.24;32.2;41.4;73.8;20.0;67.0;23.29;713.9;0.0;35.0;6.5;0.317;24.99;4.7;358.0
6923;2024-10-15 11:00:00;0.97;13.3;31.7;45.2;37.0;65.0;27.62;713.7;0.0;31.0;5.6;0.677;27.05;4.6;358.0
6924;2024-10-15 12:00:00;0.82;7.4;23.4;31.0;53.0;57.0;21.83;713.2;0.0;27.0;5.5;0.858;28.2;4.2;43.0
6925;2024-10-15 13:00:00;1.11;9.2;37.3;46.8;59.0;50.0;20.69;712.5;0.0;27.0;10.9;0.873;29.02;6.4;22.0
6926;2024-10-15 14:00:00;0.91;5.8;28.7;34.7;79.0;69.0;28.91;711.7;0.0;25.0;9.8;0.844;29.46;8.4;90.0
6927;2024-10-15 15:00:00;0.79;3.7;19.0;22.8;100.0;59.0;25.8;711.1;0.0;23.0;6.5;0.738;29.86;8.7;84.0
6928;2024-10-15 16:00:00;0.74;3.1;14.0;17.3;102.0;49.0;21.38;710.9;0.0;23.0;5.2;0.558;30.19;8.8;74.0
6929;2024-10-15 17:00:00;0.75;3.0;14.6;17.8;97.0;46.0;17.92;710.9;0.0;26.0;4.9;0.258;29.76;9.8;68.0
6930;2024-10-15 18:00:00;0.75;2.8;14.2;17.2;77.0;42.0;17.27;711.1;0.0;30.0;4.3;0.055;28.55;8.9;129.0
6931;2024-10-15 19:00:00;0.84;2.5;19.4;22.2;67.0;39.0;16.05;711.6;0.0;33.0;4.5;0.003;27.01;7.5;94.0
6932;2024-10-15 20:00:00;0.87;2.6;23.2;26.0;56.0;39.0;15.62;712.1;0.0;34.0;4.9;0.0;26.21;5.9;89.0
6933;2024-10-15 21:00:00;0.76;2.6;17.6;20.4;50.0;40.0;15.61;712.3;0.0;34.0;4.4;0.0;25.71;5.5;75.0
6934;2024-10-15 22:00:00;0.74;2.5;17.9;20.6;44.0;37.0;14.39;712.5;0.0;37.0;4.0;0.0;24.88;5.4;93.0
6935;2024-10-15 23:00:00;0.95;2.8;27.4;30.4;32.0;37.0;14.34;712.5;0.0;41.0;4.0;0.0;23.28;2.2;224.0
6936;2024-10-16 00:00:00;0.88;2.5;24.2;26.9;34.0;43.0;18.99;712.7;0.0;44.0;3.9;0.0;22.59;3.0;290.0
6937;2024-10-16 01:00:00;0.99;11.2;37.1;48.6;10.0;40.0;18.42;712.8;0.0;49.0;4.1;0.0;21.93;3.5;294.0
6938;2024-10-16 02:00:00;0.91;12.7;37.9;50.8;4.0;54.0;25.08;712.7;0.0;54.0;4.8;0.0;21.16;2.2;319.0
6939;2024-10-16 03:00:00;0.84;9.7;31.5;41.4;5.0;55.0;22.59;712.7;0.0;64.0;4.5;0.0;20.26;2.5;14.0
6940;2024-10-16 04:00:00;0.74;8.4;23.7;32.3;7.0;46.0;22.61;712.7;0.0;78.0;4.5;0.0;19.72;5.6;50.0
6941;2024-10-16 05:00:00;0.78;7.6;25.1;32.9;5.0;43.0;17.76;713.0;0.0;81.0;5.7;0.0;19.47;3.0;29.0
6942;2024-10-16 06:00:00;0.97;7.6;26.7;34.5;6.0;47.0;26.85;713.5;0.0;75.0;5.4;0.0;19.53;3.1;318.0
6943;2024-10-16 07:00:00;1.03;10.5;27.0;37.7;5.0;53.0;26.75;714.0;0.0;75.0;5.2;0.002;19.62;1.8;301.0
6944;2024-10-16 08:00:00;1.11;19.0;27.2;46.4;7.0;52.0;27.55;714.6;0.0;74.0;5.1;0.052;19.87;2.2;318.0
6945;2024-10-16 09:00:00;1.22;28.6;30.7;59.5;9.0;66.0;35.11;715.2;0.0;69.0;6.1;0.172;21.01;3.0;273.0
6946;2024-10-16 10:00:00;1.2;21.1;29.1;50.3;17.0;68.0;36.74;715.4;0.0;63.0;6.1;0.342;23.13;4.1;293.0
6947;2024-10-16 11:00:00;1.25;21.6;36.5;58.4;25.0;69.0;39.56;715.5;0.0;56.0;6.5;0.654;25.01;5.9;35.0
6948;2024-10-16 12:00:00;0.95;12.2;27.8;40.2;38.0;80.0;39.68;715.5;0.0;56.0;7.4;0.831;25.47;10.8;56.0
6949;2024-10-16 13:00:00;0.77;6.5;15.6;22.3;39.0;72.0;28.92;715.3;0.0;55.0;5.6;0.57;25.28;17.9;55.0
6950;2024-10-16 14:00:00;0.67;4.4;8.5;13.2;42.0;54.0;17.61;714.8;0.0;43.0;5.0;0.484;25.45;17.2;72.0
6951;2024-10-16 15:00:00;0.64;3.8;7.5;11.6;44.0;43.0;10.78;714.3;0.0;41.0;4.6;0.253;25.75;16.6;81.0
6952;2024-10-16 16:00:00;0.7;4.0;9.8;14.0;39.0;36.0;8.96;714.1;0.0;48.0;4.7;0.236;25.34;17.1;67.0
6953;2024-10-16 17:00:00;0.73;3.4;10.2;13.8;38.0;36.0;8.65;714.0;0.0;51.0;4.6;0.131;24.9;13.5;94.0
6954;2024-10-16 18:00:00;0.74;3.2;10.2;13.6;40.0;33.0;9.17;714.0;0.0;53.0;4.6;0.057;24.59;12.9;110.0
6955;2024-10-16 19:00:00;0.8;2.8;11.0;14.1;36.0;30.0;10.1;714.5;0.0;68.0;3.9;0.001;21.38;7.9;138.0
6956;2024-10-16 20:00:00;0.86;3.0;16.0;19.2;29.0;35.0;9.43;714.6;0.0;67.0;3.9;0.0;21.8;10.0;88.0
6957;2024-10-16 21:00:00;0.78;2.6;9.9;12.8;38.0;36.0;12.81;715.1;0.0;75.0;3.7;0.0;20.74;13.5;88.0
6958;2024-10-16 22:00:00;0.78;2.4;8.8;11.5;37.0;36.0;14.28;715.5;0.0;84.0;3.5;0.0;19.56;9.9;94.0
6959;2024-10-16 23:00:00;0.72;2.5;6.9;9.6;40.0;35.0;16.11;715.5;0.0;89.0;3.4;0.0;18.42;12.7;67.0
6960;2024-10-17 00:00:00;0.7;2.4;5.6;8.2;44.0;26.0;9.68;715.6;0.0;92.0;3.5;0.0;17.85;14.8;74.0
6961;2024-10-17 01:00:00;0.7;2.4;7.9;10.4;39.0;23.0;5.86;715.5;0.0;92.0;3.5;0.0;17.78;9.8;72.0
6962;2024-10-17 02:00:00;0.66;2.3;4.7;7.2;44.0;21.0;5.83;715.1;0.0;93.0;3.4;0.0;17.44;5.9;87.0
6963;2024-10-17 03:00:00;0.68;2.2;3.7;6.1;45.0;21.0;6.64;714.6;0.0;93.0;3.4;0.0;17.72;5.8;57.0
6964;2024-10-17 04:00:00;0.66;2.2;2.8;5.2;44.0;23.0;5.89;714.4;0.0;93.0;3.3;0.0;17.7;6.6;86.0
6965;2024-10-17 05:00:00;0.64;2.1;2.4;4.7;46.0;22.0;4.03;714.3;0.0;93.0;3.2;0.0;17.65;8.1;73.0
6966;2024-10-17 06:00:00;0.65;2.1;4.5;6.8;43.0;22.0;4.87;714.4;0.0;93.0;3.3;0.0;17.79;9.6;103.0
6967;2024-10-17 07:00:00;0.71;2.2;8.2;10.6;39.0;24.0;7.24;714.6;0.0;91.0;3.3;0.001;18.1;8.6;85.0
6968;2024-10-17 08:00:00;0.87;3.2;15.2;18.6;27.0;26.0;8.82;715.0;0.0;88.0;3.3;0.017;18.52;8.0;65.0
6969;2024-10-17 09:00:00;0.91;4.3;15.9;20.4;25.0;34.0;13.39;715.4;0.0;88.0;3.3;0.075;18.7;9.0;50.0
6970;2024-10-17 10:00:00;0.92;5.7;14.5;20.4;27.0;31.0;15.92;715.6;0.0;86.0;3.3;0.216;19.31;11.2;51.0
6971;2024-10-17 11:00:00;0.88;6.0;12.9;19.1;31.0;32.0;12.58;715.3;0.0;82.0;3.3;0.412;20.28;12.3;53.0
6972;2024-10-17 12:00:00;0.83;4.7;10.8;15.7;35.0;35.0;11.3;714.9;0.0;78.0;3.2;0.343;20.66;14.5;62.0
6973;2024-10-17 13:00:00;0.81;4.1;11.1;15.5;37.0;37.0;12.66;714.3;0.0;75.0;3.3;0.238;21.01;15.2;61.0
6974;2024-10-17 14:00:00;0.84;3.9;12.4;16.4;37.0;40.0;14.48;713.6;0.0;75.0;3.2;0.175;21.12;14.1;60.0
6975;2024-10-17 15:00:00;0.87;3.8;13.7;17.7;34.0;39.0;17.29;713.1;0.0;78.0;3.4;0.132;20.95;12.4;59.0
6976;2024-10-17 16:00:00;0.86;3.7;12.9;16.8;33.0;34.0;15.29;713.0;0.0;83.0;3.4;0.095;20.1;13.2;64.0
6977;2024-10-17 17:00:00;0.86;3.4;12.7;16.4;32.0;30.0;11.38;713.1;0.0;83.0;3.4;0.059;20.22;11.7;76.0
6978;2024-10-17 18:00:00;0.81;2.8;10.8;13.8;35.0;29.0;12.68;713.2;0.0;77.0;3.4;0.024;20.37;9.7;101.0
6979;2024-10-17 19:00:00;0.81;2.7;11.7;14.6;37.0;30.0;8.09;713.5;0.0;78.0;3.3;0.0;19.73;10.4;61.0
6980;2024-10-17 20:00:00;0.82;2.5;12.3;15.0;36.0;28.0;6.81;713.8;0.0;80.0;3.3;0.0;19.31;8.8;64.0
6981;2024-10-17 21:00:00;0.76;2.5;9.6;12.3;37.0;27.0;6.7;714.0;0.0;84.0;3.2;0.0;18.84;8.5;70.0
6982;2024-10-17 22:00:00;0.72;2.2;7.4;9.8;39.0;25.0;5.42;714.1;0.0;86.0;3.3;0.0;18.59;9.3;82.0
6983;2024-10-17 23:00:00;0.69;2.4;6.8;9.4;39.0;23.0;4.28;714.1;0.0;84.0;3.2;0.0;18.83;7.5;97.0
6984;2024-10-18 00:00:00;0.68;2.2;7.3;9.6;40.0;20.0;5.21;713.9;0.0;82.0;3.3;0.0;19.03;10.2;60.0
6985;2024-10-18 01:00:00;0.64;2.0;3.7;5.9;44.0;25.0;8.24;713.6;0.0;81.0;3.2;0.0;19.12;9.6;113.0
6986;2024-10-18 02:00:00;0.63;2.0;2.2;4.3;46.0;27.0;9.43;713.3;0.0;79.0;3.2;0.0;19.39;14.1;133.0
6987;2024-10-18 03:00:00;0.63;1.9;2.5;4.6;43.0;31.0;10.44;712.7;0.0;80.0;3.2;0.0;19.24;9.5;110.0
6988;2024-10-18 04:00:00;0.63;1.9;2.4;4.5;42.0;34.0;11.64;712.6;0.0;80.0;3.2;0.0;19.17;8.5;113.0
6989;2024-10-18 05:00:00;0.65;1.9;3.2;5.3;39.0;32.0;10.9;712.7;0.0;82.0;3.1;0.0;18.81;7.5;81.0
6990;2024-10-18 06:00:00;0.65;2.0;6.2;8.4;34.0;30.0;10.75;713.0;0.0;84.0;3.1;0.0;18.64;7.8;66.0
6991;2024-10-18 07:00:00;0.76;2.2;11.4;13.8;27.0;30.0;10.76;713.4;0.0;85.0;3.1;0.0;18.58;3.3;57.0
6992;2024-10-18 08:00:00;0.95;4.4;19.9;24.6;16.0;31.0;10.71;713.9;0.0;88.0;3.1;0.012;18.37;2.7;52.0
6993;2024-10-18 09:00:00;1.06;6.7;21.1;28.1;16.0;31.0;13.66;714.3;0.0;88.0;3.2;0.068;18.56;5.1;49.0
6994;2024-10-18 10:00:00;1.03;7.6;20.0;27.9;17.0;33.0;14.19;714.7;0.0;87.0;3.2;0.114;18.93;7.2;55.0
6995;2024-10-18 11:00:00;1.0;7.8;18.3;26.4;21.0;35.0;18.05;714.7;0.0;85.0;3.2;0.193;19.45;7.2;40.0
6996;2024-10-18 12:00:00;0.91;6.4;15.5;22.1;24.0;33.0;15.88;714.8;0.0;81.0;3.3;0.219;19.97;6.2;26.0
6997;2024-10-18 13:00:00;0.91;7.1;14.6;22.0;26.0;35.0;11.47;714.4;0.0;75.0;3.2;0.369;21.17;5.4;40.0
6998;2024-10-18 14:00:00;0.92;5.8;13.7;19.7;31.0;36.0;11.2;713.9;0.0;71.0;3.2;0.323;21.85;8.4;58.0
6999;2024-10-18 15:00:00;1.0;6.2;15.2;21.6;26.0;31.0;11.77;713.6;0.0;77.0;3.3;0.247;21.26;10.6;63.0
7000;2024-10-18 16:00:00;0.89;4.0;11.8;16.0;31.0;33.0;14.12;713.5;0.0;74.0;3.2;0.185;21.36;11.2;87.0
7001;2024-10-18 17:00:00;0.95;5.1;16.4;21.7;25.0;34.0;9.79;713.6;0.0;74.0;3.2;0.107;21.59;9.5;67.0
7002;2024-10-18 18:00:00;1.0;4.4;19.3;23.9;20.0;36.0;10.56;713.7;0.0;76.0;3.2;0.029;21.44;10.5;63.0
7003;2024-10-18 19:00:00;1.13;7.0;24.6;31.8;12.0;40.0;11.54;713.9;0.0;81.0;3.3;0.001;20.84;9.0;69.0
7004;2024-10-18 20:00:00;1.0;3.8;19.6;23.6;18.0;38.0;14.33;714.2;0.0;82.0;3.3;0.0;20.54;9.5;61.0
7005;2024-10-18 21:00:00;0.86;2.6;12.4;15.2;25.0;33.0;13.7;714.6;0.0;86.0;3.2;0.0;20.12;9.7;63.0
7006;2024-10-18 22:00:00;0.82;2.3;10.2;12.7;26.0;30.0;8.04;714.9;0.0;87.0;3.2;0.0;19.77;10.6;58.0
7007;2024-10-18 23:00:00;0.77;2.9;8.3;11.3;29.0;29.0;8.17;715.2;0.0;87.0;3.2;0.0;19.75;11.5;84.0
7008;2024-10-19 00:00:00;0.72;2.0;8.9;11.1;30.0;26.0;7.34;715.0;0.0;81.0;3.2;0.0;20.27;9.3;77.0
7009;2024-10-19 01:00:00;0.71;2.0;7.3;9.5;31.0;30.0;6.9;714.7;0.0;84.0;3.1;0.0;19.89;8.7;87.0
7010;2024-10-19 02:00:00;0.66;2.0;3.1;5.3;37.0;28.0;6.72;714.5;0.0;84.0;3.2;0.0;20.05;13.2;109.0
7011;2024-10-19 03:00:00;0.66;1.9;2.8;5.0;38.0;29.0;5.7;714.1;0.0;81.0;3.1;0.0;20.34;13.6;109.0
7012;2024-10-19 04:00:00;0.65;1.9;2.6;4.8;36.0;28.0;6.2;713.9;0.0;82.0;3.2;0.0;20.32;10.1;98.0
7013;2024-10-19 05:00:00;0.69;1.9;4.1;6.3;31.0;30.0;6.64;714.1;0.0;83.0;3.2;0.0;20.18;3.7;57.0
7014;2024-10-19 06:00:00;0.68;1.9;4.7;6.9;29.0;29.0;7.33;714.5;0.0;85.0;3.2;0.0;19.78;6.9;59.0
7015;2024-10-19 07:00:00;0.73;2.1;7.6;10.0;25.0;29.0;7.17;714.9;0.0;88.0;3.2;0.0;19.26;8.4;66.0
7016;2024-10-19 08:00:00;0.77;3.0;10.8;13.9;22.0;27.0;7.28;715.4;0.0;89.0;3.2;0.031;19.15;8.2;64.0
7017;2024-10-19 09:00:00;0.9;5.5;15.4;21.1;19.0;28.0;7.48;716.1;0.0;88.0;3.1;0.117;19.8;6.1;49.0
7018;2024-10-19 10:00:00;0.93;6.1;16.3;22.7;19.0;28.0;7.8;716.7;0.0;85.0;3.1;0.144;20.22;9.5;57.0
7019;2024-10-19 11:00:00;0.93;6.0;15.7;22.0;20.0;31.0;8.06;716.9;0.0;83.0;3.2;0.161;20.49;9.6;58.0
7020;2024-10-19 12:00:00;0.9;4.8;13.2;18.1;23.0;33.0;9.58;716.8;0.0;80.0;3.1;0.171;21.18;8.2;61.0
7021;2024-10-19 13:00:00;0.88;3.9;11.4;15.5;26.0;38.0;9.77;716.4;0.0;77.0;3.2;0.123;21.48;9.8;62.0
7022;2024-10-19 14:00:00;0.93;4.1;12.2;16.6;24.0;34.0;9.34;716.0;0.0;81.0;3.2;0.141;21.19;8.5;70.0
7023;2024-10-19 15:00:00;0.94;3.9;12.8;16.8;24.0;29.0;9.63;715.8;0.0;81.0;3.2;0.114;21.09;9.5;68.0
7024;2024-10-19 16:00:00;0.87;2.9;11.8;14.9;24.0;31.0;10.66;715.7;0.0;84.0;3.2;0.057;20.44;7.2;91.0
7025;2024-10-19 17:00:00;0.88;3.5;11.4;15.2;25.0;32.0;9.6;715.6;0.0;78.0;3.2;0.128;21.62;7.2;99.0
7026;2024-10-19 18:00:00;0.78;2.4;9.1;11.7;27.0;28.0;7.83;715.9;0.0;72.0;3.1;0.064;22.46;7.4;110.0
7027;2024-10-19 19:00:00;0.75;2.0;7.0;9.2;28.0;26.0;7.72;716.1;0.0;74.0;3.3;0.002;21.84;8.7;120.0
7028;2024-10-19 20:00:00;0.76;2.0;7.9;10.1;28.0;27.0;10.79;716.5;0.0;72.0;3.2;0.0;21.78;7.0;110.0
7029;2024-10-19 21:00:00;0.93;2.6;17.0;19.7;18.0;28.0;8.66;716.7;0.0;71.0;3.2;0.0;21.85;5.5;71.0
7030;2024-10-19 22:00:00;1.16;9.3;22.7;32.1;6.0;34.0;12.44;716.8;0.0;77.0;3.3;0.0;21.1;2.7;278.0
7031;2024-10-19 23:00:00;1.13;6.3;21.8;28.2;8.0;48.0;20.63;716.8;0.0;75.0;3.2;0.0;21.37;2.6;76.0
7032;2024-10-20 00:00:00;0.96;2.3;15.6;18.1;15.0;41.0;20.02;716.7;0.0;74.0;3.1;0.0;21.54;5.7;77.0
7033;2024-10-20 01:00:00;0.9;2.2;12.8;15.2;15.0;40.0;14.84;716.5;0.0;80.0;3.2;0.0;20.69;5.6;77.0
7034;2024-10-20 02:00:00;0.79;2.0;8.7;10.9;23.0;33.0;14.91;716.4;0.0;77.0;3.2;0.0;21.11;7.1;74.0
7035;2024-10-20 03:00:00;0.75;2.0;6.3;8.5;23.0;34.0;9.35;716.4;0.0;83.0;3.2;0.0;20.35;9.1;72.0
7036;2024-10-20 04:00:00;0.73;2.0;5.3;7.4;21.0;35.0;9.31;716.3;0.0;87.0;3.1;0.0;19.83;7.2;70.0
7037;2024-10-20 05:00:00;0.72;1.9;5.1;7.3;21.0;32.0;9.11;716.3;0.0;88.0;3.0;0.0;19.63;5.6;51.0
7038;2024-10-20 06:00:00;0.71;2.0;6.0;8.2;19.0;30.0;9.65;716.6;0.0;88.0;3.1;0.0;19.42;7.2;42.0
7039;2024-10-20 07:00:00;0.7;2.1;6.1;8.4;20.0;32.0;18.18;717.0;0.0;88.0;3.0;0.001;19.22;7.3;49.0
7040;2024-10-20 08:00:00;0.72;2.7;8.1;11.0;19.0;40.0;21.42;717.4;0.0;89.0;3.1;0.026;19.23;7.2;61.0
7041;2024-10-20 09:00:00;0.76;3.4;7.7;11.3;24.0;48.0;22.99;717.8;0.0;86.0;3.5;0.157;20.18;8.1;78.0
7042;2024-10-20 10:00:00;0.73;3.6;6.9;10.7;32.0;36.0;16.67;718.0;0.0;78.0;3.4;0.362;21.67;10.5;61.0
7043;2024-10-20 11:00:00;0.73;3.5;6.7;10.5;37.0;32.0;8.46;717.9;0.0;70.0;3.3;0.669;23.17;10.6;54.0
7044;2024-10-20 12:00:00;0.72;2.9;6.1;9.3;42.0;33.0;7.89;717.7;0.0;67.0;3.3;0.544;23.45;13.7;55.0
7045;2024-10-20 13:00:00;0.71;2.9;6.2;9.3;42.0;33.0;8.93;717.1;0.0;63.0;3.2;0.527;24.19;13.6;60.0
7046;2024-10-20 14:00:00;0.72;3.2;6.6;10.0;40.0;32.0;10.43;716.5;0.0;61.0;3.3;0.588;24.75;15.0;60.0
7047;2024-10-20 15:00:00;0.77;3.5;8.0;11.7;36.0;32.0;8.0;716.1;0.0;72.0;3.2;0.361;23.53;15.4;54.0
7048;2024-10-20 16:00:00;0.79;2.6;8.8;11.6;32.0;39.0;12.34;716.1;0.0;77.0;3.2;0.093;22.61;15.1;69.0
7049;2024-10-20 17:00:00;0.86;2.7;10.2;13.1;30.0;33.0;11.7;716.1;0.0;81.0;3.1;0.068;21.52;12.5;64.0
7050;2024-10-20 18:00:00;0.8;2.2;11.0;13.4;30.0;35.0;11.62;716.2;0.0;79.0;3.2;0.014;21.47;8.9;55.0
7051;2024-10-20 19:00:00;0.87;2.2;14.2;16.6;25.0;29.0;8.54;716.2;0.0;81.0;3.2;0.001;21.34;8.9;66.0
7052;2024-10-20 20:00:00;0.99;2.9;18.0;20.9;18.0;36.0;10.7;716.6;0.0;82.0;3.2;0.0;21.3;8.2;60.0
7053;2024-10-20 21:00:00;0.98;2.4;19.6;22.2;15.0;41.0;16.73;716.7;0.0;84.0;3.2;0.0;21.01;7.0;53.0
7054;2024-10-20 22:00:00;0.91;2.2;15.2;17.6;18.0;39.0;15.8;716.7;0.0;84.0;3.2;0.0;21.06;9.0;70.0
7055;2024-10-20 23:00:00;0.81;2.2;11.8;14.1;20.0;37.0;19.92;716.7;0.0;86.0;3.3;0.0;20.87;9.4;56.0
7056;2024-10-21 00:00:00;0.76;1.9;7.4;9.6;24.0;38.0;15.2;716.4;0.0;87.0;3.2;0.0;20.55;7.9;41.0
7057;2024-10-21 01:00:00;0.77;1.9;7.4;9.5;23.0;32.0;11.01;716.0;0.0;88.0;3.2;0.0;20.3;7.3;46.0
7058;2024-10-21 02:00:00;0.68;1.8;2.9;5.0;31.0;34.0;16.45;715.7;0.0;87.0;3.2;0.0;20.18;9.6;48.0
7059;2024-10-21 03:00:00;0.66;1.9;2.4;4.5;33.0;25.0;6.16;715.5;0.0;87.0;3.3;0.0;20.21;8.5;46.0
7060;2024-10-21 04:00:00;0.65;1.9;2.8;4.9;33.0;21.0;3.37;715.2;0.0;88.0;3.2;0.0;20.01;7.3;54.0
7061;2024-10-21 05:00:00;0.66;1.9;2.4;4.5;34.0;22.0;2.77;715.1;0.0;88.0;3.2;0.0;19.82;8.0;53.0
7062;2024-10-21 06:00:00;0.68;1.9;4.5;6.6;32.0;22.0;2.61;715.2;0.0;88.0;3.1;0.0;19.8;5.6;53.0
7063;2024-10-21 07:00:00;0.8;2.4;12.1;14.7;25.0;21.0;3.5;715.4;0.0;88.0;3.1;0.001;19.75;5.7;41.0
7064;2024-10-21 08:00:00;0.95;5.8;21.5;27.5;15.0;23.0;4.37;715.7;0.0;89.0;3.2;0.038;19.79;6.3;36.0
7065;2024-10-21 09:00:00;1.03;7.1;19.0;26.3;17.0;25.0;4.25;716.2;0.0;88.0;3.2;0.121;20.24;7.5;46.0
7066;2024-10-21 10:00:00;0.91;6.6;13.8;20.6;22.0;26.0;4.71;716.2;0.0;85.0;3.3;0.262;21.16;7.2;40.0
7067;2024-10-21 11:00:00;0.86;8.6;16.4;25.3;23.0;25.0;3.89;716.0;0.0;77.0;3.3;0.327;22.46;7.3;32.0
7068;2024-10-21 12:00:00;0.83;5.1;10.6;15.9;28.0;29.0;6.44;715.7;0.0;75.0;3.3;0.337;22.73;11.1;68.0
7069;2024-10-21 13:00:00;0.9;6.8;13.6;20.6;26.0;36.0;6.18;715.3;0.0;74.0;3.3;0.36;22.58;11.0;48.0
7070;2024-10-21 14:00:00;0.9;4.9;11.0;16.2;29.0;36.0;8.3;714.6;0.0;69.0;3.2;0.184;23.31;11.0;57.0
7071;2024-10-21 15:00:00;0.82;3.3;10.0;13.5;27.0;35.0;7.78;714.2;0.0;70.0;3.2;0.115;23.13;8.0;93.0
7072;2024-10-21 16:00:00;0.78;2.9;7.7;10.8;28.0;31.0;7.07;714.1;0.0;72.0;3.2;0.112;22.76;10.1;106.0
7073;2024-10-21 17:00:00;0.84;3.2;9.6;13.1;23.0;28.0;5.9;714.1;0.0;75.0;3.2;0.056;22.37;7.9;114.0
7074;2024-10-21 18:00:00;0.79;2.3;8.4;10.9;24.0;28.0;6.29;714.1;0.0;75.0;3.2;0.012;22.15;8.8;110.0
7075;2024-10-21 19:00:00;0.83;2.6;9.8;12.6;23.0;28.0;6.47;714.2;0.0;76.0;3.2;0.0;21.97;8.0;95.0
7076;2024-10-21 20:00:00;0.75;2.2;7.9;10.4;27.0;30.0;6.5;714.4;0.0;73.0;3.2;0.0;22.12;9.0;84.0
7077;2024-10-21 21:00:00;0.73;2.0;6.8;9.0;27.0;31.0;6.74;714.6;0.0;72.0;3.3;0.0;22.24;8.7;88.0
7078;2024-10-21 22:00:00;0.71;2.1;6.9;9.2;26.0;29.0;6.93;714.6;0.0;74.0;3.1;0.0;22.08;8.7;87.0
7079;2024-10-21 23:00:00;0.71;1.9;5.4;7.5;25.0;29.0;6.7;714.6;0.0;75.0;3.2;0.0;21.94;7.9;106.0
7080;2024-10-22 00:00:00;0.71;2.3;7.3;9.8;23.0;31.0;6.91;714.5;0.0;76.0;3.2;0.0;21.93;4.8;54.0
7081;2024-10-22 01:00:00;1.06;18.4;20.9;39.5;10.0;25.0;6.98;714.2;0.0;78.0;3.4;0.0;21.8;4.8;32.0
7082;2024-10-22 02:00:00;1.18;27.2;26.8;54.2;4.0;56.0;14.46;714.1;0.0;80.0;3.5;0.0;21.52;4.2;354.0
7083;2024-10-22 03:00:00;0.91;4.9;20.2;25.3;7.0;64.0;21.95;713.8;0.0;79.0;3.3;0.0;21.45;6.4;28.0
7084;2024-10-22 04:00:00;0.78;2.1;11.7;14.0;10.0;49.0;15.7;713.7;0.0;83.0;3.4;0.0;20.88;3.4;30.0
7085;2024-10-22 05:00:00;0.75;2.1;9.0;11.3;12.0;41.0;14.54;713.7;0.0;84.0;3.3;0.0;20.43;2.4;21.0
7086;2024-10-22 06:00:00;0.73;2.3;9.7;12.2;9.0;33.0;10.69;713.7;0.0;86.0;3.3;0.0;20.12;1.7;345.0
7087;2024-10-22 07:00:00;0.85;15.9;15.5;31.6;4.0;30.0;9.56;714.0;0.0;87.0;3.3;0.001;19.95;1.8;350.0
7088;2024-10-22 08:00:00;1.07;20.2;19.8;40.3;6.0;43.0;15.39;714.3;0.0;85.0;3.4;0.054;20.56;2.4;18.0
7089;2024-10-22 09:00:00;1.19;31.4;23.9;55.4;5.0;39.0;14.0;714.9;0.0;80.0;3.5;0.077;21.27;2.8;12.0
7090;2024-10-22 10:00:00;1.07;12.6;19.3;32.2;13.0;50.0;13.47;715.3;0.0;76.0;3.4;0.188;22.13;4.7;37.0
7091;2024-10-22 11:00:00;0.91;15.0;21.0;36.2;15.0;49.0;10.59;715.4;0.0;72.0;3.5;0.294;22.95;6.3;21.0
7092;2024-10-22 12:00:00;0.92;10.9;21.6;32.7;17.0;53.0;15.65;715.2;0.0;70.0;3.7;0.205;23.44;5.6;329.0
7093;2024-10-22 13:00:00;;;;;;;17.47;;;;;;;;
7094;2024-10-22 14:00:00;;;;;;;7.85;;;;;;;;
7095;2024-10-22 15:00:00;0.14;18.2;8.0;26.5;31.0;;;713.9;0.0;64.0;3.7;0.298;25.21;5.6;58.0
7096;2024-10-22 16:00:00;;3.1;7.0;10.3;30.0;255.0;;713.7;0.0;60.0;3.3;0.359;25.72;10.0;121.0
7097;2024-10-22 17:00:00;0.43;3.3;8.3;11.8;28.0;31.0;;713.7;0.0;61.0;3.4;0.218;25.67;9.0;123.0
7098;2024-10-22 18:00:00;1.1;3.1;13.3;16.6;22.0;31.0;8.2;713.8;0.0;65.0;3.3;0.042;24.88;8.8;91.0
7099;2024-10-22 19:00:00;1.37;4.7;20.3;25.2;10.0;34.0;8.98;714.0;0.0;71.0;3.3;0.001;24.07;8.0;57.0
7100;2024-10-22 20:00:00;1.49;3.9;18.5;22.5;11.0;42.0;10.8;714.4;0.0;70.0;3.3;0.0;23.84;7.2;78.0
7101;2024-10-22 21:00:00;1.51;2.4;13.6;16.2;15.0;36.0;10.21;714.7;0.0;71.0;3.2;0.0;23.47;5.8;93.0
7102;2024-10-22 22:00:00;1.56;2.1;11.8;14.1;16.0;35.0;8.97;715.0;0.0;71.0;3.2;0.0;23.15;4.1;77.0
7103;2024-10-22 23:00:00;1.58;2.9;10.4;13.5;17.0;36.0;8.73;714.9;0.0;72.0;3.3;0.0;22.98;4.5;79.0
7104;2024-10-23 00:00:00;1.55;2.0;10.2;12.4;16.0;30.0;8.37;714.7;0.0;73.0;3.3;0.0;22.58;2.8;50.0
7105;2024-10-23 01:00:00;1.57;1.9;13.2;15.3;13.0;27.0;9.64;714.5;0.0;75.0;3.2;0.0;22.19;3.1;34.0
7106;2024-10-23 02:00:00;1.59;6.2;18.8;25.3;6.0;29.0;13.47;714.2;0.0;79.0;3.3;0.0;21.59;1.8;343.0
7107;2024-10-23 03:00:00;1.59;9.9;21.2;31.4;4.0;45.0;15.32;714.0;0.0;82.0;3.4;0.0;21.25;1.8;315.0
7108;2024-10-23 04:00:00;1.57;9.0;18.3;27.6;4.0;42.0;15.52;714.0;0.0;84.0;3.4;0.0;20.68;1.7;296.0
7109;2024-10-23 05:00:00;1.58;25.2;17.6;43.1;4.0;40.0;17.24;714.0;0.0;86.0;3.6;0.0;20.39;1.7;334.0
7110;2024-10-23 06:00:00;1.62;41.9;17.0;59.1;;48.0;25.06;714.2;0.0;87.0;3.7;0.0;20.05;1.7;337.0
7111;2024-10-23 07:00:00;1.71;40.4;17.9;58.7;;61.0;29.59;714.5;0.0;88.0;3.7;0.001;20.02;2.1;349.0
7112;2024-10-23 08:00:00;1.8;33.2;19.3;52.7;;58.0;31.41;714.9;0.0;88.0;3.6;0.015;19.94;1.7;350.0
7113;2024-10-23 09:00:00;2.05;28.0;20.5;48.7;6.0;64.0;32.84;715.5;0.0;87.0;3.5;0.118;20.62;2.4;283.0
7114;2024-10-23 10:00:00;1.71;16.9;18.7;35.9;12.0;55.0;21.95;715.9;0.0;76.0;3.3;0.391;22.98;4.5;310.0
7115;2024-10-23 11:00:00;1.57;10.2;16.6;27.1;23.0;52.0;24.16;715.9;0.0;66.0;3.3;0.627;24.5;5.7;6.0
7116;2024-10-23 12:00:00;1.72;15.2;28.9;44.3;20.0;52.0;36.54;715.6;0.0;65.0;3.4;0.406;24.43;6.9;11.0
7117;2024-10-23 13:00:00;1.59;7.3;22.2;29.8;43.0;80.0;33.98;715.1;0.0;58.0;3.6;0.672;25.92;7.4;47.0
7118;2024-10-23 14:00:00;1.43;3.6;12.5;16.4;55.0;69.0;19.66;714.5;0.0;55.0;3.5;0.716;26.79;10.0;55.0
7119;2024-10-23 15:00:00;1.37;3.3;10.5;14.0;52.0;51.0;15.54;714.2;0.0;54.0;3.5;0.552;26.81;11.8;57.0
7120;2024-10-23 16:00:00;1.34;3.2;9.7;13.1;43.0;41.0;13.6;713.8;0.0;54.0;3.5;0.369;26.76;11.7;77.0
7121;2024-10-23 17:00:00;1.3;2.7;7.9;10.9;38.0;38.0;11.65;713.8;0.0;55.0;3.4;0.191;26.48;11.7;106.0
7122;2024-10-23 18:00:00;1.34;2.7;9.8;12.7;30.0;34.0;11.18;713.8;0.0;59.0;3.4;0.05;25.66;10.5;91.0
7123;2024-10-23 19:00:00;1.45;2.5;14.7;17.5;20.0;37.0;11.5;713.9;0.0;62.0;3.4;0.001;24.57;8.4;102.0
7124;2024-10-23 20:00:00;1.43;2.3;15.4;17.9;18.0;32.0;10.81;714.2;0.0;63.0;3.4;0.0;24.06;8.0;102.0
7125;2024-10-23 21:00:00;1.45;2.5;17.7;20.4;15.0;34.0;11.65;714.4;0.0;66.0;3.4;0.0;23.53;5.7;78.0
7126;2024-10-23 22:00:00;1.4;2.0;12.4;14.5;18.0;36.0;11.61;714.5;0.0;69.0;3.4;0.0;22.96;5.5;100.0
7127;2024-10-23 23:00:00;1.36;2.0;10.7;12.9;18.0;34.0;11.23;714.4;0.0;71.0;3.3;0.0;22.59;4.7;99.0
7128;2024-10-24 00:00:00;1.3;1.8;6.8;8.9;21.0;33.0;11.23;714.1;0.0;72.0;3.4;0.0;22.12;3.6;121.0
7129;2024-10-24 01:00:00;1.37;1.9;10.9;13.0;14.0;29.0;9.97;713.7;0.0;75.0;3.3;0.0;21.05;1.8;236.0
7130;2024-10-24 02:00:00;1.41;2.1;14.9;17.1;9.0;32.0;11.48;713.4;0.0;78.0;3.3;0.0;20.49;2.1;252.0
7131;2024-10-24 03:00:00;1.4;2.4;15.6;18.1;7.0;35.0;13.22;713.2;0.0;78.0;3.3;0.0;20.22;2.9;206.0
7132;2024-10-24 04:00:00;1.34;2.0;13.6;15.8;10.0;33.0;14.28;713.0;0.0;77.0;3.3;0.0;19.84;3.3;231.0
7133;2024-10-24 05:00:00;1.3;2.0;12.0;14.3;11.0;30.0;14.5;712.8;0.0;76.0;3.3;0.0;19.39;3.3;228.0
7134;2024-10-24 06:00:00;1.32;2.5;13.4;16.1;11.0;34.0;14.33;713.0;0.0;74.0;3.3;0.0;18.95;3.1;220.0
7135;2024-10-24 07:00:00;1.47;11.3;19.5;31.0;7.0;31.0;14.4;713.2;0.0;71.0;3.4;0.002;18.7;2.0;259.0
7136;2024-10-24 08:00:00;1.76;32.5;22.6;55.4;6.0;36.0;14.34;713.4;0.0;64.0;3.7;0.075;20.64;1.8;275.0
7137;2024-10-24 09:00:00;1.83;39.6;27.2;67.0;9.0;47.0;15.74;713.7;0.0;59.0;3.9;0.198;23.13;2.5;293.0
7138;2024-10-24 10:00:00;2.27;39.4;38.7;78.4;15.0;65.0;22.74;713.9;0.0;62.0;3.9;0.478;23.96;4.7;33.0
7139;2024-10-24 11:00:00;2.46;23.4;36.6;60.3;25.0;98.0;39.54;713.8;0.0;65.0;3.6;0.657;24.0;6.4;20.0
7140;2024-10-24 12:00:00;1.96;17.7;31.2;49.1;28.0;96.0;53.27;713.5;0.0;63.0;3.6;0.768;24.44;9.2;41.0
7141;2024-10-24 13:00:00;1.74;9.3;27.9;37.3;50.0;103.0;42.25;712.9;0.0;55.0;4.1;0.84;25.74;8.1;37.0
7142;2024-10-24 14:00:00;1.53;3.6;13.9;17.7;60.0;78.0;41.91;712.1;0.0;51.0;3.9;0.625;26.68;9.0;54.0
7143;2024-10-24 15:00:00;1.45;2.8;9.1;12.1;59.0;54.0;24.28;711.5;0.0;50.0;3.7;0.683;26.98;11.7;83.0
7144;2024-10-24 16:00:00;1.4;2.7;7.5;10.5;50.0;44.0;17.36;711.4;0.0;47.0;3.6;0.584;27.55;11.7;117.0
7145;2024-10-24 17:00:00;1.38;2.8;7.0;10.1;40.0;38.0;14.01;711.4;0.0;48.0;3.6;0.258;27.34;11.6;120.0
7146;2024-10-24 18:00:00;1.45;2.7;9.6;12.4;32.0;40.0;12.0;711.5;0.0;51.0;3.5;0.047;26.36;9.4;104.0
7147;2024-10-24 19:00:00;1.61;2.9;17.4;20.5;21.0;36.0;11.34;711.7;0.0;55.0;3.5;0.001;25.01;8.2;81.0
7148;2024-10-24 20:00:00;1.63;2.6;18.3;21.0;17.0;36.0;11.54;712.0;0.0;58.0;3.5;0.0;24.26;5.8;97.0
7149;2024-10-24 21:00:00;1.48;2.3;12.3;14.8;23.0;38.0;12.68;712.3;0.0;59.0;3.4;0.0;23.86;6.3;92.0
7150;2024-10-24 22:00:00;1.45;2.4;12.1;14.7;20.0;32.0;12.05;712.6;0.0;61.0;3.5;0.0;23.15;4.0;71.0
7151;2024-10-24 23:00:00;1.53;2.3;15.4;17.8;13.0;35.0;11.67;712.8;0.0;65.0;3.4;0.0;22.05;3.2;226.0
7152;2024-10-25 00:00:00;1.57;2.2;13.8;16.1;14.0;36.0;13.05;712.8;0.0;68.0;3.4;0.0;21.36;2.6;197.0
7153;2024-10-25 01:00:00;1.74;9.4;22.0;31.6;5.0;38.0;15.54;712.6;0.0;72.0;3.4;0.0;20.54;4.0;229.0
7154;2024-10-25 02:00:00;1.61;6.7;24.4;31.2;4.0;44.0;16.9;712.4;0.0;71.0;3.5;0.0;19.85;2.2;244.0
7155;2024-10-25 03:00:00;1.54;3.4;22.7;26.3;6.0;42.0;19.21;712.4;0.0;69.0;3.7;0.0;19.41;3.3;209.0
7156;2024-10-25 04:00:00;1.44;2.2;20.2;22.6;9.0;42.0;17.68;712.4;0.0;63.0;4.0;0.0;19.15;4.0;229.0
7157;2024-10-25 05:00:00;1.4;2.2;19.6;22.0;10.0;46.0;15.74;712.5;0.0;59.0;4.4;0.0;18.77;3.8;240.0
7158;2024-10-25 06:00:00;1.41;3.0;18.7;21.8;10.0;49.0;16.08;713.0;0.0;59.0;4.3;0.0;18.25;3.4;236.0
7159;2024-10-25 07:00:00;1.61;35.6;26.1;61.9;5.0;55.0;14.97;713.3;0.0;62.0;4.7;0.002;17.9;3.9;240.0
7160;2024-10-25 08:00:00;1.79;38.9;24.3;63.4;6.0;79.0;23.95;713.8;0.0;50.0;5.1;0.073;19.94;2.9;241.0
7161;2024-10-25 09:00:00;1.77;36.0;27.8;64.0;10.0;71.0;17.99;714.3;0.0;40.0;5.8;0.2;22.29;3.9;288.0
7162;2024-10-25 10:00:00;1.9;31.9;31.9;64.0;16.0;73.0;18.4;714.6;0.0;42.0;5.4;0.535;24.14;4.6;39.0
7163;2024-10-25 11:00:00;2.01;23.9;40.2;64.3;25.0;78.0;24.05;714.6;0.0;42.0;5.1;0.72;25.65;4.4;56.0
7164;2024-10-25 12:00:00;2.36;30.4;52.3;82.9;25.0;86.0;27.72;714.5;0.0;48.0;7.5;0.782;26.33;5.9;91.0
7165;2024-10-25 13:00:00;1.89;7.8;27.0;35.0;51.0;106.0;49.68;714.1;0.0;44.0;7.6;0.859;26.98;7.0;74.0
7166;2024-10-25 14:00:00;1.79;4.2;20.4;24.8;75.0;75.0;30.85;713.5;0.0;42.0;5.2;0.833;27.96;8.7;54.0
7167;2024-10-25 15:00:00;1.75;3.4;17.4;21.0;79.0;66.0;26.58;713.3;0.0;47.0;4.5;0.708;27.94;11.2;62.0
7168;2024-10-25 16:00:00;1.73;3.3;16.7;20.1;74.0;65.0;27.05;713.4;0.0;49.0;4.4;0.514;27.84;12.3;59.0
7169;2024-10-25 17:00:00;1.71;2.9;15.9;19.0;67.0;63.0;27.26;713.7;0.0;51.0;4.4;0.21;27.1;13.0;59.0
7170;2024-10-25 18:00:00;1.75;2.2;16.3;18.7;70.0;61.0;24.75;714.1;0.0;54.0;4.0;0.044;26.24;9.0;82.0
7171;2024-10-25 19:00:00;1.79;2.4;20.1;22.6;41.0;53.0;27.53;714.7;0.0;56.0;3.9;0.001;25.34;9.3;85.0
7172;2024-10-25 20:00:00;1.71;2.2;14.8;17.1;27.0;51.0;22.56;715.4;0.0;60.0;4.0;0.0;24.7;7.7;95.0
7173;2024-10-25 21:00:00;1.64;2.1;11.9;14.2;28.0;46.0;20.21;715.8;0.0;62.0;3.9;0.0;24.08;7.1;89.0
7174;2024-10-25 22:00:00;1.59;2.1;11.3;13.6;26.0;41.0;18.83;716.0;0.0;63.0;3.6;0.0;23.53;5.4;101.0
7175;2024-10-25 23:00:00;1.8;3.3;24.0;27.6;10.0;40.0;18.21;716.2;0.0;65.0;3.6;0.0;22.16;1.8;166.0
7176;2024-10-26 00:00:00;1.95;5.6;27.0;32.8;5.0;44.0;20.47;716.2;0.0;69.0;3.5;0.0;21.37;2.1;278.0
7177;2024-10-26 01:00:00;1.81;3.1;22.8;26.1;6.0;48.0;21.67;716.0;0.0;70.0;3.4;0.0;21.27;2.9;308.0
7178;2024-10-26 02:00:00;1.89;10.3;25.8;36.3;4.0;41.0;20.54;716.0;0.0;73.0;3.5;0.0;20.77;2.3;43.0
7179;2024-10-26 03:00:00;1.82;14.7;24.3;39.2;4.0;58.0;24.89;715.9;0.0;77.0;3.6;0.0;20.2;2.8;319.0
7180;2024-10-26 04:00:00;1.76;7.3;22.1;29.6;4.0;55.0;26.43;715.8;0.0;82.0;3.5;0.0;19.81;2.7;344.0
7181;2024-10-26 05:00:00;1.82;14.3;21.1;35.7;;45.0;20.44;716.1;0.0;83.0;3.6;0.0;19.65;2.4;336.0
7182;2024-10-26 06:00:00;1.69;6.2;23.1;29.5;6.0;56.0;24.84;716.3;0.0;72.0;3.8;0.0;19.29;3.3;220.0
7183;2024-10-26 07:00:00;1.64;9.3;27.8;37.3;5.0;52.0;22.64;716.8;0.0;68.0;4.4;0.001;18.71;2.3;247.0
7184;2024-10-26 08:00:00;1.83;20.3;24.3;44.8;5.0;53.0;23.71;717.4;0.0;73.0;4.5;0.059;19.61;4.1;197.0
7185;2024-10-26 09:00:00;1.96;22.9;23.8;46.8;7.0;59.0;27.66;717.7;0.0;74.0;4.3;0.107;20.56;4.6;233.0
7186;2024-10-26 10:00:00;2.03;19.3;22.9;42.5;14.0;76.0;42.47;718.0;0.0;68.0;4.6;0.4;22.93;3.7;
7187;2024-10-26 11:00:00;2.22;24.5;31.1;55.8;18.0;83.0;48.46;718.0;0.0;63.0;4.3;0.637;24.62;4.8;40.0
7188;2024-10-26 12:00:00;1.99;16.0;31.3;47.5;28.0;100.0;51.96;717.7;0.0;61.0;5.1;0.683;25.21;8.2;44.0
7189;2024-10-26 13:00:00;1.69;7.5;15.9;23.6;37.0;87.0;43.98;717.1;0.0;54.0;4.7;0.873;26.19;12.1;65.0
7190;2024-10-26 14:00:00;1.59;5.2;11.6;17.1;43.0;57.0;21.74;716.4;0.0;48.0;4.3;0.665;26.62;14.3;75.0
7191;2024-10-26 15:00:00;1.58;4.0;10.7;14.9;45.0;50.0;17.42;716.0;0.0;47.0;5.3;0.589;26.66;14.4;82.0
7192;2024-10-26 16:00:00;1.55;5.0;9.4;14.6;36.0;45.0;20.79;715.8;0.0;45.0;5.5;0.551;27.23;12.0;88.0
7193;2024-10-26 17:00:00;1.54;3.0;7.0;10.2;35.0;36.0;13.63;715.8;0.0;46.0;4.6;0.234;27.21;10.8;105.0
7194;2024-10-26 18:00:00;1.53;2.5;6.4;9.1;33.0;31.0;12.35;716.1;0.0;51.0;4.1;0.057;25.9;8.1;129.0
7195;2024-10-26 19:00:00;1.61;2.1;10.8;13.2;26.0;32.0;13.24;716.4;0.0;54.0;3.9;0.001;25.02;7.7;111.0
7196;2024-10-26 20:00:00;1.64;2.4;12.6;15.2;23.0;35.0;14.06;716.8;0.0;56.0;3.9;0.0;24.62;7.3;106.0
7197;2024-10-26 21:00:00;1.58;2.2;7.1;9.5;24.0;35.0;15.12;717.1;0.0;62.0;3.6;0.0;23.78;10.1;127.0
7198;2024-10-26 22:00:00;1.55;2.2;6.1;8.5;23.0;31.0;11.8;717.5;0.0;66.0;3.5;0.0;23.16;7.4;102.0
7199;2024-10-26 23:00:00;1.63;2.1;9.7;12.0;18.0;31.0;8.22;717.4;0.0;67.0;3.6;0.0;22.84;3.9;67.0
7200;2024-10-27 00:00:00;1.68;5.0;11.2;16.4;16.0;29.0;8.74;717.3;0.0;68.0;3.5;0.0;22.51;4.6;41.0
7201;2024-10-27 01:00:00;1.99;21.5;21.5;43.3;4.0;35.0;8.98;717.3;0.0;74.0;3.6;0.0;21.5;5.9;356.0
7202;2024-10-27 02:00:00;1.75;8.5;21.1;29.9;4.0;46.0;21.9;717.2;0.0;77.0;3.5;0.0;20.88;3.2;28.0
7203;2024-10-27 03:00:00;1.71;7.7;18.9;26.9;4.0;44.0;14.66;716.8;0.0;80.0;3.9;0.0;20.34;3.0;13.0
7204;2024-10-27 04:00:00;1.69;7.9;18.6;26.8;;44.0;16.46;716.7;0.0;81.0;3.8;0.0;20.01;2.1;334.0
7205;2024-10-27 05:00:00;1.72;3.9;17.7;21.9;;35.0;13.69;716.5;0.0;83.0;3.8;0.0;19.47;1.9;232.0
7206;2024-10-27 06:00:00;1.71;8.4;17.7;26.3;;35.0;11.24;716.7;0.0;81.0;3.8;0.0;19.24;3.5;219.0
7207;2024-10-27 07:00:00;1.66;6.0;16.9;23.2;5.0;37.0;16.16;717.0;0.0;77.0;4.5;0.001;18.88;3.0;228.0
7208;2024-10-27 08:00:00;1.66;9.5;15.6;25.3;7.0;39.0;18.83;717.2;0.0;71.0;5.0;0.058;20.24;4.4;230.0
7209;2024-10-27 09:00:00;1.83;17.7;18.3;36.3;11.0;45.0;18.74;717.5;0.0;63.0;5.0;0.191;23.27;3.2;276.0
7210;2024-10-27 10:00:00;1.8;10.2;16.3;26.7;23.0;48.0;18.1;717.5;0.0;60.0;4.7;0.513;24.63;4.2;30.0
7211;2024-10-27 11:00:00;1.93;15.1;25.0;40.3;26.0;53.0;17.28;717.3;0.0;56.0;6.5;0.683;25.56;6.2;66.0
7212;2024-10-27 12:00:00;1.65;6.2;14.2;20.6;41.0;52.0;20.57;716.8;0.0;52.0;7.0;0.821;26.03;8.4;63.0
7213;2024-10-27 13:00:00;1.63;3.7;10.1;14.0;53.0;41.0;12.46;716.0;0.0;46.0;5.6;0.828;27.02;11.6;55.0
7214;2024-10-27 14:00:00;1.69;3.2;8.6;12.1;54.0;40.0;10.99;715.0;0.0;45.0;4.8;0.732;27.49;10.6;67.0
7215;2024-10-27 15:00:00;1.75;3.1;7.5;10.9;53.0;33.0;11.69;714.4;0.0;43.0;4.5;0.747;27.89;13.9;69.0
7216;2024-10-27 16:00:00;1.66;3.2;6.6;10.1;48.0;52.0;41.51;714.1;0.0;41.0;5.1;0.592;28.25;12.4;94.0
7217;2024-10-27 17:00:00;1.57;2.8;5.2;8.3;41.0;38.0;15.43;713.9;0.0;41.0;4.9;0.226;27.79;12.6;92.0
7218;2024-10-27 18:00:00;1.58;3.1;8.2;11.5;34.0;31.0;7.28;714.0;0.0;42.0;4.3;0.053;26.9;11.9;90.0
7219;2024-10-27 19:00:00;1.64;2.4;10.2;12.8;31.0;32.0;7.44;714.2;0.0;43.0;4.6;0.001;25.52;9.7;94.0
7220;2024-10-27 20:00:00;1.62;2.3;11.2;13.7;28.0;30.0;8.61;714.6;0.0;45.0;4.4;0.0;24.69;6.1;111.0
7221;2024-10-27 21:00:00;1.59;2.2;11.3;13.7;27.0;32.0;9.2;715.0;0.0;49.0;3.9;0.0;23.8;5.6;127.0
7222;2024-10-27 22:00:00;1.53;2.2;8.1;10.5;31.0;30.0;10.52;715.2;0.0;50.0;3.8;0.0;23.52;6.8;108.0
7223;2024-10-27 23:00:00;1.49;2.1;6.5;8.8;33.0;26.0;7.15;715.2;0.0;51.0;3.6;0.0;23.11;6.7;112.0
7224;2024-10-28 00:00:00;1.51;2.1;7.4;9.7;31.0;25.0;6.89;714.8;0.0;53.0;3.6;0.0;22.6;6.0;124.0
7225;2024-10-28 01:00:00;1.52;2.3;10.8;13.4;26.0;28.0;6.69;714.6;0.0;56.0;3.6;0.0;21.76;7.3;77.0
7226;2024-10-28 02:00:00;1.56;6.1;25.5;31.9;7.0;37.0;8.73;714.5;0.0;65.0;6.4;0.0;20.07;5.8;21.0
7227;2024-10-28 03:00:00;1.57;5.7;26.2;32.1;5.0;41.0;15.36;714.2;0.0;71.0;6.9;0.0;19.04;2.7;347.0
7228;2024-10-28 04:00:00;1.61;3.8;23.2;27.3;6.0;42.0;16.04;714.0;0.0;75.0;5.8;0.0;18.49;1.8;336.0
7229;2024-10-28 05:00:00;1.58;2.6;20.8;23.6;6.0;33.0;13.44;714.1;0.0;79.0;4.8;0.0;17.88;1.8;232.0
7230;2024-10-28 06:00:00;1.59;3.0;19.6;22.8;6.0;32.0;12.56;714.1;0.0;74.0;5.1;0.0;17.69;2.3;241.0
7231;2024-10-28 07:00:00;1.68;18.6;20.1;38.9;4.0;42.0;14.45;714.3;0.0;74.0;5.0;0.001;17.46;1.8;270.0
7232;2024-10-28 08:00:00;1.96;38.2;22.4;60.9;5.0;47.0;15.92;714.5;0.0;76.0;4.7;0.054;19.3;1.8;282.0
7233;2024-10-28 09:00:00;1.98;33.1;26.6;59.9;10.0;50.0;16.43;714.7;0.0;60.0;5.9;0.19;21.86;3.1;192.0
7234;2024-10-28 10:00:00;2.11;26.8;30.6;57.5;17.0;58.0;17.87;714.7;0.0;59.0;6.1;0.503;23.27;4.3;39.0
7235;2024-10-28 11:00:00;2.16;28.8;37.5;66.6;20.0;63.0;27.95;714.6;0.0;57.0;9.2;0.64;23.75;6.2;29.0
7236;2024-10-28 12:00:00;1.94;11.8;29.6;41.6;39.0;82.0;34.56;714.2;0.0;54.0;8.4;0.784;24.46;9.0;37.0
7237;2024-10-28 13:00:00;1.65;5.6;14.6;20.3;48.0;72.0;30.5;713.4;0.0;43.0;6.4;0.864;25.89;9.8;47.0
7238;2024-10-28 14:00:00;1.49;3.0;6.5;9.8;49.0;45.0;13.7;712.5;0.0;37.0;5.0;0.839;27.01;11.5;122.0
7239;2024-10-28 15:00:00;1.52;3.1;7.1;10.4;50.0;34.0;6.83;711.9;0.0;38.0;4.6;0.719;27.23;12.6;121.0
7240;2024-10-28 16:00:00;1.5;3.0;5.8;9.1;42.0;29.0;7.28;711.6;0.0;40.0;4.2;0.534;27.53;11.9;112.0
7241;2024-10-28 17:00:00;1.53;3.1;6.6;9.9;39.0;29.0;6.08;711.4;0.0;40.0;4.0;0.207;27.47;12.6;105.0
7242;2024-10-28 18:00:00;1.6;3.1;10.1;13.5;33.0;27.0;5.49;711.4;0.0;45.0;3.8;0.048;26.55;11.4;85.0
7243;2024-10-28 19:00:00;1.71;2.9;13.6;16.7;24.0;31.0;6.29;711.6;0.0;51.0;3.8;0.001;25.22;8.4;123.0
7244;2024-10-28 20:00:00;1.71;2.7;14.6;17.5;21.0;32.0;7.08;711.9;0.0;55.0;3.8;0.0;24.58;7.6;116.0
7245;2024-10-28 21:00:00;1.62;2.3;11.6;14.1;23.0;27.0;7.26;712.2;0.0;57.0;3.6;0.0;24.05;7.0;115.0
7246;2024-10-28 22:00:00;1.66;2.8;13.7;16.7;20.0;27.0;7.37;712.2;0.0;57.0;3.7;0.0;23.59;5.5;76.0
7247;2024-10-28 23:00:00;1.68;3.2;17.2;20.5;15.0;30.0;8.21;712.0;0.0;60.0;3.6;0.0;22.88;4.7;46.0
7248;2024-10-29 00:00:00;1.75;6.1;22.2;28.5;9.0;31.0;8.58;711.8;0.0;64.0;3.7;0.0;22.13;5.5;17.0
7249;2024-10-29 01:00:00;1.61;4.4;19.5;24.1;10.0;34.0;16.08;711.5;0.0;66.0;3.6;0.0;21.3;4.7;2.0
7250;2024-10-29 02:00:00;1.62;5.5;22.0;27.8;6.0;38.0;10.91;711.5;0.0;72.0;3.9;0.0;20.39;5.0;4.0
7251;2024-10-29 03:00:00;1.64;4.5;20.3;25.1;5.0;41.0;16.07;711.3;0.0;79.0;4.3;0.0;19.41;4.1;344.0
7252;2024-10-29 04:00:00;1.64;6.5;19.4;26.2;4.0;44.0;16.61;711.0;0.0;82.0;4.0;0.0;18.75;2.6;344.0
7253;2024-10-29 05:00:00;1.65;8.8;18.6;27.8;4.0;47.0;18.27;710.8;0.0;85.0;3.9;0.0;18.74;4.1;62.0
7254;2024-10-29 06:00:00;1.71;8.0;20.0;28.3;4.0;46.0;23.02;710.7;0.0;84.0;4.2;0.0;18.96;3.3;74.0
7255;2024-10-29 07:00:00;1.65;10.2;20.2;30.8;;52.0;31.76;710.9;0.0;81.0;4.5;0.0;19.12;5.1;38.0
7256;2024-10-29 08:00:00;1.68;13.6;19.3;33.2;6.0;50.0;29.09;711.2;0.0;79.0;4.8;0.028;19.39;3.4;23.0
7257;2024-10-29 09:00:00;1.89;19.5;21.2;40.9;8.0;54.0;37.51;711.6;0.0;73.0;4.7;0.123;20.17;4.1;197.0
7258;2024-10-29 10:00:00;1.86;16.1;20.2;36.6;14.0;63.0;28.95;711.8;0.0;67.0;4.5;0.312;21.48;4.4;35.0
7259;2024-10-29 11:00:00;2.0;25.7;28.3;54.2;17.0;60.0;27.33;711.7;0.0;61.0;5.0;0.651;23.34;6.9;56.0
7260;2024-10-29 12:00:00;1.89;21.8;29.5;51.5;23.0;81.0;33.64;711.3;0.0;59.0;9.0;0.77;23.98;7.9;67.0
7261;2024-10-29 13:00:00;1.78;8.3;20.6;29.1;42.0;79.0;36.06;710.6;0.0;58.0;6.4;0.817;24.45;8.8;55.0
7262;2024-10-29 14:00:00;1.67;5.2;13.3;18.7;46.0;62.0;27.28;709.8;0.0;54.0;5.1;0.798;25.58;9.8;35.0
7263;2024-10-29 15:00:00;1.62;3.6;9.5;13.3;48.0;47.0;18.43;709.3;0.0;48.0;4.5;0.633;27.22;10.1;85.0
7264;2024-10-29 16:00:00;1.56;3.1;6.7;10.0;41.0;38.0;13.21;709.0;0.0;48.0;4.1;0.434;27.2;13.2;130.0
7265;2024-10-29 17:00:00;1.6;3.2;7.9;11.3;41.0;38.0;10.65;709.0;0.0;49.0;4.0;0.157;27.16;12.7;127.0
7266;2024-10-29 18:00:00;1.61;3.0;8.6;11.8;37.0;36.0;11.96;709.0;0.0;53.0;3.8;0.036;26.18;11.6;134.0
7267;2024-10-29 19:00:00;1.69;2.7;11.0;13.9;26.0;34.0;12.15;709.3;0.0;58.0;3.8;0.0;25.12;11.3;112.0
7268;2024-10-29 20:00:00;1.61;2.2;8.6;11.0;27.0;35.0;12.13;709.7;0.0;59.0;3.6;0.0;24.87;9.5;107.0
7269;2024-10-29 21:00:00;1.58;2.2;5.9;8.3;28.0;35.0;12.21;710.1;0.0;61.0;3.6;0.0;24.49;12.3;132.0
7270;2024-10-29 22:00:00;1.56;2.1;5.7;8.0;25.0;38.0;11.69;710.4;0.0;64.0;3.6;0.0;23.69;10.1;118.0
7271;2024-10-29 23:00:00;1.57;2.2;7.1;9.5;22.0;32.0;9.71;710.6;0.0;68.0;3.5;0.0;23.13;8.3;75.0
7272;2024-10-30 00:00:00;1.6;3.4;10.5;14.2;17.0;33.0;9.33;710.5;0.0;73.0;3.6;0.0;22.23;7.7;32.0
7273;2024-10-30 01:00:00;1.59;2.0;8.8;11.0;17.0;;10.18;710.4;0.0;77.0;3.6;0.0;21.51;7.6;44.0
7274;2024-10-30 02:00:00;1.55;2.0;6.4;8.7;18.0;;10.77;710.2;0.0;81.0;3.5;0.0;20.95;6.8;58.0
7275;2024-10-30 03:00:00;1.53;2.0;5.3;7.5;17.0;;10.85;710.0;0.0;83.0;3.4;0.0;20.51;3.7;42.0
7276;2024-10-30 04:00:00;1.53;2.0;6.9;9.1;15.0;;11.79;710.0;0.0;84.0;3.4;0.0;20.56;2.5;21.0
7277;2024-10-30 05:00:00;1.54;2.2;11.1;13.5;10.0;;12.57;709.9;0.0;83.0;3.4;0.0;20.65;3.4;31.0
7278;2024-10-30 06:00:00;1.55;2.1;10.3;12.6;12.0;;15.02;710.0;0.0;83.0;3.5;0.0;20.54;3.9;63.0
7279;2024-10-30 07:00:00;1.62;6.6;17.9;24.8;5.0;;13.14;710.2;0.0;83.0;3.5;0.0;20.51;3.6;43.0
7280;2024-10-30 08:00:00;1.81;21.2;20.0;41.5;5.0;;15.26;710.6;0.0;81.0;3.9;0.022;20.69;2.5;118.0
7281;2024-10-30 09:00:00;1.97;26.1;21.5;47.8;6.0;;19.08;711.1;0.0;75.0;4.1;0.083;21.47;2.9;229.0
7282;2024-10-30 10:00:00;1.98;21.7;20.8;42.8;8.0;;20.53;711.6;0.0;73.0;4.1;0.171;22.24;4.8;343.0
7283;2024-10-30 11:00:00;1.84;14.9;18.4;33.6;19.0;;26.33;711.6;0.0;64.0;3.9;0.519;24.34;5.6;21.0
7284;2024-10-30 12:00:00;1.89;13.5;24.9;38.6;28.0;;31.26;711.3;0.0;59.0;3.9;0.607;25.69;5.8;20.0
7285;2024-10-30 13:00:00;2.02;17.4;37.0;54.6;31.0;;36.26;710.8;0.0;55.0;5.3;0.607;26.66;8.0;65.0
7286;2024-10-30 14:00:00;1.86;4.7;22.7;27.6;67.0;;42.22;710.2;0.0;51.0;5.7;0.532;27.24;9.6;63.0
7287;2024-10-30 15:00:00;1.85;3.7;22.6;26.5;78.0;;37.32;709.8;0.0;47.0;4.8;0.353;28.13;8.9;57.0
7288;2024-10-30 16:00:00;1.88;3.6;25.8;29.6;75.0;288.0;35.76;709.6;0.0;47.0;4.5;0.242;28.28;9.2;56.0
7289;2024-10-30 17:00:00;1.94;3.4;28.6;32.3;77.0;81.0;34.0;709.7;0.0;51.0;4.4;0.147;28.19;9.4;68.0
7290;2024-10-30 18:00:00;2.02;2.4;24.9;27.5;75.0;79.0;35.35;709.9;0.0;60.0;4.0;0.031;26.6;9.4;69.0
7291;2024-10-30 19:00:00;2.07;2.3;26.3;28.8;58.0;75.0;36.73;710.1;0.0;62.0;3.6;0.0;25.9;8.4;63.0
7292;2024-10-30 20:00:00;1.85;2.3;17.5;20.0;53.0;66.0;37.89;710.5;0.0;62.0;3.6;0.0;25.52;7.0;89.0
7293;2024-10-30 21:00:00;1.86;2.3;21.4;23.8;41.0;52.0;36.59;710.7;0.0;60.0;3.8;0.0;25.3;6.0;64.0
7294;2024-10-30 22:00:00;1.78;2.3;20.1;22.5;33.0;49.0;29.24;711.0;0.0;62.0;3.6;0.0;24.81;4.1;62.0
7295;2024-10-30 23:00:00;1.8;2.2;16.9;19.3;30.0;46.0;27.73;711.1;0.0;64.0;3.6;0.0;24.18;3.5;44.0
7296;2024-10-31 00:00:00;1.79;2.7;23.3;26.1;17.0;41.0;24.73;711.0;0.0;68.0;3.6;0.0;23.28;2.2;36.0
7297;2024-10-31 01:00:00;2.03;15.5;38.6;54.3;5.0;44.0;22.83;710.9;0.0;73.0;3.6;0.0;22.63;2.5;6.0
7298;2024-10-31 02:00:00;2.0;14.8;32.5;47.5;4.0;66.0;22.42;710.8;0.0;79.0;3.7;0.0;21.73;2.3;280.0
7299;2024-10-31 03:00:00;1.77;3.9;22.2;26.4;5.0;64.0;40.15;710.8;0.0;82.0;3.6;0.0;21.47;2.6;320.0
7300;2024-10-31 04:00:00;1.8;6.7;23.8;30.8;4.0;51.0;36.39;710.6;0.0;83.0;3.5;0.0;20.88;2.5;254.0
7301;2024-10-31 05:00:00;1.81;3.5;30.5;34.1;6.0;46.0;25.33;710.6;0.0;75.0;4.0;0.0;20.3;2.7;221.0
7302;2024-10-31 06:00:00;1.74;4.6;24.9;29.7;6.0;60.0;24.09;710.8;0.0;77.0;4.2;0.0;20.19;2.9;253.0
7303;2024-10-31 07:00:00;1.86;14.7;28.4;43.3;4.0;63.0;35.75;711.2;0.0;73.0;4.2;0.0;20.55;5.7;221.0
7304;2024-10-31 08:00:00;2.02;33.9;32.4;66.6;5.0;67.0;36.39;711.5;0.0;65.0;5.2;0.021;20.8;7.6;208.0
7305;2024-10-31 09:00:00;2.24;40.5;35.0;75.7;8.0;95.0;34.25;711.9;0.0;62.0;6.3;0.132;21.42;9.1;216.0
7306;2024-10-31 10:00:00;2.03;20.8;29.3;50.3;14.0;106.0;40.71;712.2;0.0;60.0;5.2;0.298;24.03;4.8;250.0
7307;2024-10-31 11:00:00;1.99;13.9;23.4;37.5;23.0;81.0;52.48;712.3;0.0;63.0;4.1;0.518;25.54;6.2;6.0
7308;2024-10-31 12:00:00;1.93;10.0;25.0;35.2;36.0;73.0;39.62;711.9;0.0;58.0;3.9;0.61;26.95;5.5;29.0
7309;2024-10-31 13:00:00;2.07;10.8;30.5;41.6;40.0;84.0;37.54;711.4;0.0;58.0;3.9;0.636;27.13;8.4;34.0
7310;2024-10-31 14:00:00;1.87;6.3;23.6;30.2;55.0;100.0;39.27;710.8;0.0;54.0;4.0;0.59;28.09;8.4;36.0
7311;2024-10-31 15:00:00;1.83;5.6;27.2;33.1;64.0;79.0;47.19;710.4;0.0;52.0;4.6;0.507;28.53;8.9;54.0
7312;2024-10-31 16:00:00;1.72;6.4;22.1;28.8;49.0;73.0;37.96;710.3;0.0;50.0;5.2;0.38;28.6;10.0;62.0
7313;2024-10-31 17:00:00;1.76;3.3;15.9;19.4;58.0;59.0;36.2;710.3;0.0;54.0;4.3;0.154;28.05;11.8;73.0
7314;2024-10-31 18:00:00;1.77;2.5;15.9;18.6;64.0;72.0;26.21;710.5;0.0;57.0;5.3;0.034;26.87;9.8;112.0
7315;2024-10-31 19:00:00;1.84;2.6;18.0;20.7;56.0;67.0;30.29;710.8;0.0;59.0;5.9;0.0;26.11;9.8;86.0
7316;2024-10-31 20:00:00;1.8;2.7;18.3;21.2;31.0;66.0;40.52;711.3;0.0;64.0;5.0;0.0;25.67;9.3;61.0
7317;2024-10-31 21:00:00;1.76;2.4;14.8;17.3;39.0;54.0;36.05;711.6;0.0;64.0;4.2;0.0;25.39;5.6;89.0
7318;2024-10-31 22:00:00;1.72;2.3;12.7;15.2;38.0;52.0;28.34;711.6;0.0;66.0;4.0;0.0;25.1;6.1;66.0
7319;2024-10-31 23:00:00;1.83;2.3;15.8;18.2;35.0;51.0;27.76;711.7;0.0;67.0;4.1;0.0;24.77;5.4;89.0
7320;2024-11-01 00:00:00;;;;;;;;;;;;;;;
7321;2024-11-01 01:00:00;1.85;2.5;18.6;21.2;10.0;54.0;28.65;711.4;0.0;74.0;3.6;0.0;23.57;6.8;67.0
7322;2024-11-01 02:00:00;1.84;3.7;20.7;24.7;7.0;53.0;24.34;711.2;0.0;77.0;3.9;0.0;23.09;6.4;39.0
7323;2024-11-01 03:00:00;1.77;4.6;18.4;23.2;7.0;54.0;27.4;711.1;0.0;80.0;3.7;0.0;22.55;5.1;35.0
7324;2024-11-01 04:00:00;1.64;2.7;11.0;13.8;10.0;56.0;29.77;711.1;0.0;83.0;3.6;0.0;22.26;5.4;76.0
7325;2024-11-01 05:00:00;1.62;2.3;9.2;11.6;11.0;50.0;22.44;711.1;0.0;84.0;3.4;0.0;22.18;4.2;46.0
7326;2024-11-01 06:00:00;1.61;2.5;11.9;14.6;10.0;50.0;21.57;711.2;0.0;84.0;3.3;0.0;22.23;6.8;63.0
7327;2024-11-01 07:00:00;1.72;6.1;19.1;25.4;5.0;52.0;28.94;711.5;0.0;84.0;3.4;0.0;22.18;5.8;49.0
7328;2024-11-01 08:00:00;1.79;7.8;19.0;27.1;7.0;62.0;32.25;711.9;0.0;82.0;3.5;0.019;22.26;6.5;61.0
7329;2024-11-01 09:00:00;1.89;11.3;18.1;29.7;7.0;66.0;33.16;712.3;0.0;81.0;3.5;0.067;22.66;7.0;70.0
7330;2024-11-01 10:00:00;1.81;12.3;14.0;26.6;12.0;65.0;33.52;712.7;0.0;78.0;3.5;0.206;23.32;8.8;52.0
7331;2024-11-01 11:00:00;1.75;7.0;11.3;18.5;20.0;56.0;27.23;712.7;0.0;73.0;3.5;0.304;24.46;9.5;38.0
7332;2024-11-01 12:00:00;1.71;5.1;9.7;15.1;25.0;57.0;20.67;712.3;0.0;69.0;3.5;0.378;25.17;12.3;58.0
7333;2024-11-01 13:00:00;1.7;4.5;9.6;14.3;29.0;48.0;21.23;711.7;0.0;64.0;3.5;0.345;26.14;10.5;59.0
7334;2024-11-01 14:00:00;1.7;4.7;9.1;14.0;29.0;43.0;21.11;710.9;0.0;59.0;3.5;0.402;27.01;11.5;81.0
7335;2024-11-01 15:00:00;1.64;3.2;7.2;10.5;30.0;37.0;20.44;710.3;0.0;58.0;3.6;0.232;27.11;11.3;122.0
7336;2024-11-01 16:00:00;1.65;3.3;7.3;10.9;30.0;40.0;20.57;710.2;0.0;60.0;3.4;0.243;26.98;12.6;126.0
7337;2024-11-01 17:00:00;1.63;3.4;7.6;11.3;28.0;47.0;21.17;710.1;0.0;61.0;3.5;0.117;26.66;12.6;128.0
7338;2024-11-01 18:00:00;1.72;2.7;11.0;13.9;26.0;43.0;21.73;710.1;0.0;61.0;3.4;0.02;26.35;13.2;114.0
7339;2024-11-01 19:00:00;1.74;2.4;13.1;15.7;21.0;46.0;22.78;710.4;0.0;63.0;3.5;0.0;26.0;9.9;105.0
7340;2024-11-01 20:00:00;1.79;2.6;16.3;19.1;17.0;43.0;23.43;710.8;0.0;63.0;3.4;0.0;25.78;7.4;105.0
7341;2024-11-01 21:00:00;1.7;3.2;15.4;18.7;15.0;39.0;24.14;711.0;0.0;66.0;3.5;0.0;25.02;7.8;59.0
7342;2024-11-01 22:00:00;1.73;2.9;14.8;17.9;14.0;35.0;21.97;711.2;0.0;67.0;3.6;0.0;24.78;7.9;68.0
7343;2024-11-01 23:00:00;1.61;2.6;8.6;11.4;14.0;42.0;19.55;711.3;0.0;72.0;3.4;0.0;24.27;9.0;69.0
7344;2024-11-02 00:00:00;1.62;3.4;8.7;12.3;12.0;36.0;15.43;711.1;0.0;75.0;3.2;0.0;23.82;9.0;74.0
7345;2024-11-02 01:00:00;1.59;2.1;6.1;8.4;12.0;34.0;13.87;710.8;0.0;78.0;3.3;0.0;23.32;6.9;46.0
7346;2024-11-02 02:00:00;1.61;2.0;6.8;9.0;10.0;27.0;12.58;710.5;0.0;81.0;3.3;0.0;22.68;5.0;13.0
7347;2024-11-02 03:00:00;1.54;2.0;5.3;7.5;13.0;24.0;11.57;710.2;0.0;81.0;3.4;0.0;22.34;6.4;37.0
7348;2024-11-02 04:00:00;1.54;2.2;6.5;8.9;14.0;25.0;10.31;710.0;0.0;78.0;3.4;0.0;22.39;8.6;10.0
7349;2024-11-02 05:00:00;1.52;1.9;7.0;9.2;14.0;24.0;9.6;710.2;0.0;76.0;3.3;0.0;22.46;5.9;47.0
7350;2024-11-02 06:00:00;1.52;1.9;4.6;6.6;16.0;23.0;10.21;710.5;0.0;76.0;3.3;0.0;22.44;4.8;38.0
7351;2024-11-02 07:00:00;1.6;4.4;12.0;16.6;7.0;23.0;9.78;710.8;0.0;79.0;3.3;0.0;22.26;4.8;54.0
7352;2024-11-02 08:00:00;1.69;8.6;13.0;21.8;6.0;28.0;10.37;711.0;0.0;83.0;3.4;0.033;22.09;5.8;57.0
7353;2024-11-02 09:00:00;1.73;9.0;11.0;20.3;9.0;29.0;11.14;711.3;0.0;81.0;3.4;0.124;22.55;6.6;58.0
7354;2024-11-02 10:00:00;1.72;21.5;14.9;36.7;9.0;32.0;11.89;711.5;0.0;73.0;3.5;0.236;24.03;6.3;38.0
7355;2024-11-02 11:00:00;1.74;18.8;16.5;35.5;13.0;51.0;17.29;711.4;0.0;70.0;3.8;0.297;24.43;8.0;45.0
7356;2024-11-02 12:00:00;1.69;6.8;14.0;21.0;26.0;48.0;23.14;711.0;0.0;64.0;4.0;0.377;25.5;7.9;68.0
7357;2024-11-02 13:00:00;1.66;4.0;10.1;14.3;34.0;43.0;21.25;710.4;0.0;61.0;3.8;0.33;26.23;8.5;57.0
7358;2024-11-02 14:00:00;1.6;3.0;7.6;10.8;35.0;42.0;18.72;709.8;0.0;56.0;3.6;0.41;27.5;7.3;86.0
7359;2024-11-02 15:00:00;1.55;2.8;5.6;8.6;31.0;31.0;16.73;709.2;0.0;51.0;3.7;0.524;28.32;11.1;121.0
7360;2024-11-02 16:00:00;1.53;2.6;4.8;7.7;30.0;28.0;14.95;708.9;0.0;52.0;3.5;0.429;28.53;12.7;129.0
7361;2024-11-02 17:00:00;1.54;2.4;4.8;7.5;29.0;29.0;14.04;708.7;0.0;54.0;3.4;0.195;27.92;13.2;126.0
7362;2024-11-02 18:00:00;1.58;2.2;6.8;9.3;23.0;31.0;13.14;708.5;0.0;58.0;3.4;0.031;26.93;13.2;110.0
7363;2024-11-02 19:00:00;1.61;2.1;7.7;10.0;19.0;35.0;12.21;708.5;0.0;62.0;3.5;0.0;26.2;12.1;111.0
7364;2024-11-02 20:00:00;1.59;2.1;6.2;8.5;20.0;31.0;11.51;708.7;0.0;64.0;3.5;0.0;25.87;13.4;122.0
7365;2024-11-02 21:00:00;1.56;2.1;5.9;8.2;19.0;32.0;9.57;708.8;0.0;65.0;3.4;0.0;25.54;13.8;121.0
7366;2024-11-02 22:00:00;1.53;1.9;3.3;5.5;21.0;37.0;10.04;708.9;0.0;67.0;3.4;0.0;25.16;13.6;129.0
7367;2024-11-02 23:00:00;1.54;1.8;3.5;5.5;20.0;34.0;11.13;708.7;0.0;71.0;3.4;0.0;24.46;12.2;123.0
7368;2024-11-03 00:00:00;1.56;1.9;4.7;6.7;18.0;34.0;11.69;708.4;0.0;73.0;3.4;0.0;24.07;10.8;108.0
7369;2024-11-03 01:00:00;1.55;1.9;5.1;7.2;16.0;29.0;12.27;708.1;0.0;75.0;3.3;0.0;23.58;8.4;90.0
7370;2024-11-03 02:00:00;1.58;4.0;9.5;13.7;10.0;32.0;;707.9;0.0;80.0;3.4;0.0;22.66;7.9;34.0
7371;2024-11-03 03:00:00;1.54;2.3;6.5;9.1;12.0;33.0;12.83;707.9;0.0;82.0;3.3;0.0;22.33;6.3;48.0
7372;2024-11-03 04:00:00;1.57;1.8;5.8;7.8;12.0;31.0;12.67;707.4;0.0;83.0;3.3;0.0;22.08;6.9;64.0
7373;2024-11-03 05:00:00;1.54;1.8;5.4;7.4;12.0;32.0;12.71;707.3;0.0;85.0;3.3;0.0;21.71;7.3;61.0
7374;2024-11-03 06:00:00;1.57;2.6;7.9;10.7;9.0;43.0;11.05;707.3;0.0;85.0;3.4;0.0;21.57;5.1;58.0
7375;2024-11-03 07:00:00;1.57;6.3;11.9;18.4;6.0;41.0;16.5;707.3;0.0;85.0;3.4;0.0;21.49;5.1;62.0
7376;2024-11-03 08:00:00;1.63;13.3;14.0;27.6;5.0;51.0;22.45;707.6;0.0;85.0;3.5;0.018;21.53;4.8;64.0
7377;2024-11-03 09:00:00;1.7;10.4;12.3;22.9;7.0;47.0;25.34;707.8;0.0;82.0;3.7;0.1;22.18;4.3;87.0
7378;2024-11-03 10:00:00;1.69;13.5;13.2;26.9;11.0;50.0;27.83;707.9;0.0;73.0;3.9;0.286;23.95;4.8;18.0
7379;2024-11-03 11:00:00;1.71;11.1;14.3;25.7;17.0;51.0;26.36;707.6;0.0;65.0;3.8;0.5;25.52;5.8;55.0
7380;2024-11-03 12:00:00;1.74;11.0;18.3;29.5;25.0;56.0;28.66;707.0;0.0;61.0;4.0;0.612;26.62;7.3;62.0
7381;2024-11-03 13:00:00;1.71;3.5;11.4;15.1;47.0;56.0;28.7;706.3;0.0;61.0;3.9;0.647;26.92;9.7;63.0
7382;2024-11-03 14:00:00;1.65;3.5;11.7;15.4;51.0;55.0;32.34;705.4;0.0;58.0;3.7;0.629;27.9;10.7;50.0
7383;2024-11-03 15:00:00;1.63;2.6;7.7;10.5;46.0;50.0;29.95;704.8;0.0;58.0;3.5;0.535;28.32;12.4;57.0
7384;2024-11-03 16:00:00;1.62;2.4;6.4;9.0;40.0;44.0;28.42;704.3;0.0;56.0;3.5;0.392;29.08;10.6;90.0
7385;2024-11-03 17:00:00;1.58;2.1;4.9;7.2;34.0;38.0;23.28;704.3;0.0;56.0;3.4;0.157;28.76;10.4;116.0
7386;2024-11-03 18:00:00;1.56;1.8;4.7;6.7;32.0;36.0;20.93;704.5;0.0;60.0;3.3;0.033;27.33;11.1;108.0
7387;2024-11-03 19:00:00;1.64;1.8;7.6;9.6;27.0;34.0;17.15;704.7;0.0;62.0;3.4;0.0;26.6;8.5;114.0
7388;2024-11-03 20:00:00;1.64;1.8;7.6;9.5;24.0;33.0;15.76;705.1;0.0;64.0;3.4;0.0;26.14;6.1;115.0
7389;2024-11-03 21:00:00;1.6;1.8;5.8;7.8;22.0;31.0;15.93;705.3;0.0;65.0;3.4;0.0;25.71;8.9;113.0
7390;2024-11-03 22:00:00;1.6;1.8;7.3;9.3;19.0;32.0;16.14;705.3;0.0;66.0;3.4;0.0;25.27;6.3;82.0
7391;2024-11-03 23:00:00;1.67;2.3;12.1;14.6;11.0;29.0;14.2;705.4;0.0;70.0;3.5;0.0;24.23;2.6;296.0
7392;2024-11-04 00:00:00;1.71;2.6;15.8;18.6;9.0;35.0;13.21;705.3;0.0;72.0;3.5;0.0;23.62;5.7;19.0
7393;2024-11-04 01:00:00;1.69;1.8;10.8;12.8;12.0;40.0;;705.2;0.0;77.0;3.5;0.0;22.65;4.1;37.0
7394;2024-11-04 02:00:00;1.68;6.4;18.0;24.6;5.0;37.0;16.74;705.3;0.0;79.0;3.5;0.0;22.06;3.0;7.0
7395;2024-11-04 03:00:00;1.66;4.5;17.3;22.0;5.0;43.0;17.64;705.3;0.0;81.0;3.6;0.0;21.76;2.0;
7396;2024-11-04 04:00:00;1.73;3.8;16.9;20.9;5.0;48.0;18.84;705.1;0.0;83.0;3.7;0.0;21.47;2.3;348.0
7397;2024-11-04 05:00:00;1.68;3.9;16.0;20.1;4.0;46.0;21.43;705.1;0.0;84.0;3.6;0.0;21.3;1.8;315.0
7398;2024-11-04 06:00:00;1.69;5.3;18.2;23.8;4.0;43.0;22.38;705.2;0.0;81.0;3.6;0.0;21.44;2.8;225.0
7399;2024-11-04 07:00:00;1.82;18.3;19.9;38.5;4.0;50.0;20.86;705.4;0.0;78.0;3.9;0.0;21.07;5.3;226.0
7400;2024-11-04 08:00:00;1.92;23.4;18.0;41.6;5.0;63.0;22.13;705.6;0.0;78.0;4.4;0.031;21.08;5.9;222.0
7401;2024-11-04 09:00:00;1.97;22.9;19.9;43.0;9.0;59.0;27.38;705.9;0.0;70.0;4.3;0.11;23.46;4.6;343.0
7402;2024-11-04 10:00:00;2.04;25.1;29.4;54.7;15.0;72.0;28.37;706.2;0.0;61.0;4.2;0.393;25.85;3.9;32.0
7403;2024-11-04 11:00:00;2.39;41.1;52.2;93.5;17.0;88.0;29.42;706.2;0.0;56.0;4.5;0.531;27.47;4.7;38.0
7404;2024-11-04 12:00:00;2.27;24.3;48.6;73.1;30.0;112.0;35.05;705.7;0.0;47.0;8.4;0.642;28.72;6.7;71.0
7405;2024-11-04 13:00:00;1.84;5.9;23.5;29.6;58.0;89.0;42.58;705.0;0.0;36.0;8.2;0.691;30.13;10.0;84.0
7406;2024-11-04 14:00:00;1.85;3.2;19.2;22.7;89.0;64.0;50.01;704.2;0.0;37.0;6.0;0.649;30.97;9.6;57.0
7407;2024-11-04 15:00:00;1.56;2.6;9.1;11.9;61.0;59.0;;703.6;0.0;30.0;5.1;0.57;32.21;11.1;102.0
7408;2024-11-04 16:00:00;1.58;2.6;9.2;12.1;64.0;41.0;30.31;703.2;0.0;34.0;4.6;0.419;32.03;12.0;111.0
7409;2024-11-04 17:00:00;1.58;2.4;8.8;11.4;59.0;38.0;27.23;703.2;0.0;37.0;4.4;0.174;31.17;10.8;104.0
7410;2024-11-04 18:00:00;1.62;2.1;11.0;13.3;57.0;42.0;;703.4;0.0;40.0;4.1;0.032;29.49;10.2;104.0
7411;2024-11-04 19:00:00;1.68;1.9;12.9;15.0;43.0;41.0;18.94;703.8;0.0;48.0;4.0;0.0;28.34;8.7;95.0
7412;2024-11-04 20:00:00;1.7;1.8;12.6;14.6;34.0;39.0;14.18;704.2;0.0;53.0;3.9;0.0;27.75;8.3;99.0
7413;2024-11-04 21:00:00;1.63;1.8;8.9;11.0;26.0;38.0;15.14;704.6;0.0;57.0;3.8;0.0;27.12;7.1;105.0
7414;2024-11-04 22:00:00;1.62;2.0;10.4;12.6;21.0;38.0;15.64;705.0;0.0;60.0;3.7;0.0;26.45;5.0;65.0
7415;2024-11-04 23:00:00;1.82;3.3;20.3;23.8;8.0;30.0;16.01;705.2;0.0;65.0;3.7;0.0;24.71;2.3;4.0
7416;2024-11-05 00:00:00;1.73;16.1;21.9;38.2;6.0;32.0;15.55;705.3;0.0;70.0;3.8;0.0;24.14;3.1;320.0
7417;2024-11-05 01:00:00;1.67;8.5;20.6;29.3;6.0;51.0;15.66;705.5;0.0;78.0;3.6;0.0;23.23;2.5;293.0
7418;2024-11-05 02:00:00;1.61;2.9;15.2;18.3;9.0;59.0;15.42;706.0;0.0;80.0;3.6;0.0;23.15;6.1;351.0
7419;2024-11-05 03:00:00;1.61;1.8;10.2;12.2;13.0;66.0;16.01;706.9;0.0;80.0;3.5;0.0;23.41;7.2;320.0
7420;2024-11-05 04:00:00;1.58;1.8;9.4;11.5;21.0;60.0;19.12;707.6;0.0;65.0;3.6;0.0;22.88;10.0;8.0
7421;2024-11-05 05:00:00;1.4;1.8;9.5;11.5;30.0;70.0;27.35;708.3;0.0;40.0;4.2;0.0;21.84;10.8;30.0
7422;2024-11-05 06:00:00;1.3;1.8;7.3;9.3;35.0;99.0;30.27;709.0;0.0;35.0;4.1;0.0;21.33;9.2;15.0
7423;2024-11-05 07:00:00;1.34;2.7;11.8;14.7;32.0;93.0;31.44;709.6;0.0;32.0;3.9;0.0;20.99;9.8;16.0
7424;2024-11-05 08:00:00;1.46;5.0;18.8;24.0;25.0;94.0;29.21;710.3;0.0;30.0;4.0;0.024;20.55;8.2;18.0
7425;2024-11-05 09:00:00;1.48;6.8;17.1;24.2;28.0;90.0;19.42;711.0;0.0;28.0;4.1;0.109;21.37;9.1;22.0
7426;2024-11-05 10:00:00;1.42;7.3;14.8;22.4;32.0;104.0;17.24;711.5;0.0;26.0;4.5;0.382;22.03;11.6;16.0
7427;2024-11-05 11:00:00;1.39;5.9;11.9;18.0;37.0;111.0;17.14;711.5;0.0;25.0;4.5;0.547;22.8;11.1;17.0
7428;2024-11-05 12:00:00;1.38;5.1;11.1;16.4;42.0;98.0;16.58;711.2;0.0;25.0;4.6;0.641;23.67;8.6;13.0
7429;2024-11-05 13:00:00;1.39;5.6;13.2;19.1;44.0;89.0;17.66;710.5;0.0;25.0;6.4;0.669;24.41;7.6;29.0
7430;2024-11-05 14:00:00;1.42;5.2;15.8;21.2;44.0;89.0;19.94;709.7;0.0;24.0;7.3;0.636;25.13;7.9;62.0
7431;2024-11-05 15:00:00;1.45;3.2;12.3;15.8;59.0;81.0;18.87;709.2;0.0;25.0;4.5;0.539;25.35;9.3;94.0
7432;2024-11-05 16:00:00;1.47;2.7;12.4;15.3;67.0;78.0;17.66;708.9;0.0;27.0;4.3;0.389;25.26;9.1;90.0
7433;2024-11-05 17:00:00;1.49;2.4;11.4;14.0;61.0;83.0;18.28;709.0;0.0;33.0;4.0;0.164;24.52;10.1;128.0
7434;2024-11-05 18:00:00;1.53;2.2;12.6;15.0;59.0;78.0;;709.0;0.0;36.0;3.8;0.03;23.18;9.6;129.0
7435;2024-11-05 19:00:00;1.55;2.0;14.3;16.4;54.0;71.0;19.47;709.1;0.0;36.0;3.9;0.0;22.3;9.8;123.0
7436;2024-11-05 20:00:00;1.45;1.9;11.6;13.8;52.0;70.0;19.78;709.5;0.0;36.0;4.1;0.0;21.76;11.3;111.0
7437;2024-11-05 21:00:00;1.4;1.9;9.7;11.8;52.0;66.0;19.97;709.9;0.0;37.0;4.2;0.0;21.43;12.1;111.0
7438;2024-11-05 22:00:00;1.39;1.9;8.6;10.7;49.0;57.0;19.74;710.0;0.0;37.0;4.0;0.0;21.17;9.8;122.0
7439;2024-11-05 23:00:00;1.35;1.8;5.6;7.6;50.0;56.0;19.28;710.0;0.0;38.0;3.9;0.0;20.84;10.4;122.0
7440;2024-11-06 00:00:00;1.33;1.8;4.3;6.2;49.0;55.0;17.86;710.0;0.0;38.0;3.7;0.0;20.57;9.1;130.0
7441;2024-11-06 01:00:00;1.31;1.8;3.9;5.9;47.0;53.0;16.44;709.7;0.0;37.0;3.7;0.0;20.44;8.0;116.0
7442;2024-11-06 02:00:00;1.33;1.8;4.7;6.6;43.0;47.0;15.46;709.6;0.0;39.0;3.6;0.0;19.69;3.3;41.0
7443;2024-11-06 03:00:00;1.33;1.8;4.4;6.4;39.0;47.0;14.32;709.2;0.0;43.0;3.5;0.0;18.8;2.4;344.0
7444;2024-11-06 04:00:00;1.54;10.6;34.1;45.0;10.0;40.0;13.71;709.1;0.0;45.0;3.8;0.0;18.53;4.6;328.0
7445;2024-11-06 05:00:00;1.53;12.4;37.5;50.0;5.0;64.0;14.0;709.0;0.0;49.0;3.8;0.0;17.56;2.9;335.0
7446;2024-11-06 06:00:00;1.54;6.6;32.2;38.9;8.0;69.0;12.83;709.1;0.0;52.0;4.1;0.0;17.04;2.0;220.0
7447;2024-11-06 07:00:00;1.66;14.3;34.3;48.9;6.0;64.0;12.36;709.3;0.0;56.0;5.3;0.0;16.46;2.0;234.0
7448;2024-11-06 08:00:00;1.89;30.4;34.4;65.0;6.0;71.0;11.92;709.6;0.0;55.0;6.7;0.025;17.43;4.3;219.0
7449;2024-11-06 09:00:00;1.89;26.3;34.0;60.5;14.0;86.0;18.2;710.0;0.0;45.0;7.8;0.089;20.57;4.2;259.0
7450;2024-11-06 10:00:00;2.01;30.7;41.9;72.8;19.0;79.0;27.1;710.2;0.0;36.0;7.1;0.39;22.53;4.7;8.0
7451;2024-11-06 11:00:00;2.11;30.7;49.0;79.9;23.0;82.0;26.27;710.1;0.0;35.0;10.7;0.537;23.19;6.2;50.0
7452;2024-11-06 12:00:00;1.83;18.2;42.5;60.9;37.0;102.0;26.84;709.6;0.0;34.0;15.4;0.633;23.89;7.1;37.0
7453;2024-11-06 13:00:00;1.66;8.8;28.4;37.4;52.0;84.0;29.21;709.0;0.0;33.0;14.5;0.672;24.81;7.6;29.0
7454;2024-11-06 14:00:00;1.63;5.5;25.9;31.6;70.0;75.0;30.48;708.5;0.0;34.0;13.1;0.638;25.28;8.5;38.0
7455;2024-11-06 15:00:00;1.67;4.2;24.3;28.8;83.0;74.0;31.62;708.1;0.0;35.0;10.1;0.543;25.95;7.9;55.0
7456;2024-11-06 16:00:00;1.65;3.1;17.2;20.5;80.0;72.0;35.51;708.0;0.0;36.0;6.6;0.398;26.33;9.1;44.0
7457;2024-11-06 17:00:00;1.63;2.9;15.1;18.2;69.0;63.0;37.05;708.2;0.0;38.0;5.6;0.172;26.44;7.8;68.0
7458;2024-11-06 18:00:00;1.61;2.2;14.0;16.4;57.0;58.0;26.09;708.4;0.0;42.0;4.7;0.026;25.13;8.5;103.0
7459;2024-11-06 19:00:00;1.77;2.6;26.5;29.3;34.0;52.0;23.51;708.7;0.0;43.0;4.9;0.0;24.08;8.2;63.0
7460;2024-11-06 20:00:00;1.77;2.4;26.1;28.6;25.0;53.0;24.7;709.2;0.0;45.0;4.9;0.0;23.06;3.9;80.0
7461;2024-11-06 21:00:00;1.65;3.1;21.4;24.7;27.0;46.0;21.66;709.6;0.0;47.0;4.1;0.0;22.37;4.3;81.0
7462;2024-11-06 22:00:00;1.62;2.7;17.9;20.7;27.0;40.0;18.9;709.8;0.0;50.0;4.0;0.0;21.6;2.3;342.0
7463;2024-11-06 23:00:00;1.7;2.5;22.6;25.2;19.0;41.0;15.0;709.8;0.0;54.0;3.8;0.0;20.86;2.3;309.0
7464;2024-11-07 00:00:00;1.76;3.0;33.8;37.0;9.0;40.0;15.0;709.5;0.0;52.0;3.8;0.0;21.17;3.1;330.0
7465;2024-11-07 01:00:00;1.72;5.3;27.1;32.6;15.0;45.0;14.0;709.4;0.0;55.0;3.6;0.0;20.37;3.1;228.0
7466;2024-11-07 02:00:00;1.75;6.9;37.2;44.3;5.0;41.0;15.0;709.4;0.0;57.0;3.9;0.0;19.98;3.1;283.0
7467;2024-11-07 03:00:00;1.72;2.9;36.0;39.1;7.0;47.0;12.0;709.4;0.0;59.0;4.5;0.0;19.55;3.5;230.0
7468;2024-11-07 04:00:00;1.76;5.6;38.2;44.0;7.0;55.0;18.0;709.4;0.0;61.0;5.2;0.0;18.84;2.8;220.0
7469;2024-11-07 05:00:00;1.66;2.8;33.3;36.3;10.0;81.0;20.0;709.4;0.0;63.0;5.5;0.0;18.18;2.1;229.0
7470;2024-11-07 06:00:00;1.65;2.8;31.6;34.6;11.0;79.0;28.0;709.7;0.0;64.0;5.6;0.0;17.82;1.9;237.0
7471;2024-11-07 07:00:00;1.78;17.5;37.8;55.5;5.0;71.0;31.0;710.1;0.0;64.0;5.9;0.0;17.66;1.8;250.0
7472;2024-11-07 08:00:00;2.05;36.7;37.8;74.7;6.0;78.0;28.0;710.4;0.0;60.0;6.2;0.032;19.02;1.8;232.0
7473;2024-11-07 09:00:00;2.28;51.8;44.9;96.9;9.0;74.0;28.0;710.8;0.0;50.0;6.8;0.103;22.6;1.9;1.0
7474;2024-11-07 10:00:00;2.35;36.5;47.4;84.1;17.0;82.0;25.0;711.2;0.0;50.0;6.6;0.379;23.66;2.9;16.0
7475;2024-11-07 11:00:00;2.02;15.5;36.7;52.5;31.0;78.0;23.0;711.1;0.0;50.0;6.0;0.452;24.54;4.2;15.0
7476;2024-11-07 12:00:00;2.19;15.0;45.3;60.6;37.0;75.0;23.0;710.7;0.0;53.0;6.0;0.523;25.1;5.8;26.0
7477;2024-11-07 13:00:00;2.0;10.2;41.6;52.0;57.0;93.0;26.0;710.2;0.0;51.0;7.6;0.604;25.83;8.5;45.0
7478;2024-11-07 14:00:00;1.9;3.9;24.9;29.0;88.0;89.0;37.0;709.4;0.0;50.0;6.5;0.594;26.78;7.9;53.0
7479;2024-11-07 15:00:00;1.78;3.0;17.0;20.2;89.0;73.0;42.0;709.1;0.0;50.0;5.0;0.516;27.41;9.8;49.0
7480;2024-11-07 16:00:00;1.66;2.5;11.2;14.0;69.0;61.0;36.0;708.9;0.0;48.0;4.5;0.367;28.01;13.1;116.0
7481;2024-11-07 17:00:00;1.68;2.8;10.7;13.6;45.0;54.0;31.0;709.0;0.0;56.0;4.0;0.113;27.2;12.9;94.0
7482;2024-11-07 18:00:00;1.68;2.4;9.5;12.1;31.0;53.0;23.0;709.0;0.0;62.0;3.7;0.031;26.49;12.5;102.0
7483;2024-11-07 19:00:00;1.77;2.6;14.1;16.9;20.0;50.0;24.0;709.1;0.0;64.0;3.6;0.0;26.04;8.8;98.0
7484;2024-11-07 20:00:00;1.78;2.9;15.6;18.7;19.0;47.0;24.94;709.3;0.0;63.0;3.5;0.0;26.03;6.4;102.0
7485;2024-11-07 21:00:00;1.68;2.5;11.0;13.7;18.0;45.0;24.7;709.5;0.0;68.0;3.5;0.0;25.65;10.2;68.0
7486;2024-11-07 22:00:00;1.62;2.5;9.0;11.7;13.0;42.0;24.17;709.6;0.0;76.0;3.4;0.0;24.52;9.6;62.0
7487;2024-11-07 23:00:00;1.59;2.6;7.3;10.2;12.0;37.0;22.74;709.5;0.0;80.0;3.3;0.0;23.76;9.8;60.0
7488;2024-11-08 00:00:00;1.57;2.2;6.4;8.7;12.0;37.0;17.87;709.2;0.0;82.0;3.3;0.0;23.36;8.8;57.0
7489;2024-11-08 01:00:00;1.59;2.2;7.1;9.5;12.0;36.0;15.55;708.9;0.0;83.0;3.3;0.0;23.13;7.2;44.0
7490;2024-11-08 02:00:00;1.54;2.3;7.8;10.3;11.0;38.0;15.49;708.7;0.0;82.0;3.3;0.0;23.24;6.2;39.0
7491;2024-11-08 03:00:00;1.54;2.0;4.6;6.8;13.0;37.0;15.66;708.3;0.0;83.0;3.3;0.0;22.89;7.0;45.0
7492;2024-11-08 04:00:00;1.52;4.7;8.3;13.3;9.0;39.0;16.62;708.1;0.0;85.0;3.4;0.0;22.48;5.7;38.0
7493;2024-11-08 05:00:00;1.56;7.0;10.5;17.8;8.0;45.0;15.77;708.2;0.0;85.0;3.3;0.0;22.4;6.0;45.0
7494;2024-11-08 06:00:00;1.53;2.1;6.8;9.1;12.0;41.0;18.1;708.5;0.0;85.0;3.3;0.0;22.32;4.3;56.0
7495;2024-11-08 07:00:00;1.67;4.9;14.0;19.1;6.0;42.0;19.24;708.8;0.0;85.0;3.4;0.0;22.31;4.4;55.0
7496;2024-11-08 08:00:00;1.76;9.4;16.5;26.1;4.0;49.0;18.34;709.3;0.0;85.0;3.4;0.004;22.34;4.2;60.0
7497;2024-11-08 09:00:00;1.88;18.2;16.8;35.2;5.0;51.0;20.23;709.7;0.0;82.0;3.5;0.095;23.04;3.5;46.0
7498;2024-11-08 10:00:00;2.0;23.1;20.4;43.7;7.0;56.0;23.04;710.0;0.0;76.0;3.5;0.152;24.3;5.4;41.0
7499;2024-11-08 11:00:00;1.91;16.1;20.7;37.0;13.0;67.0;26.06;709.9;0.0;70.0;3.5;0.231;25.24;4.4;25.0
7500;2024-11-08 12:00:00;1.9;8.1;20.8;29.1;22.0;62.0;31.76;709.6;0.0;65.0;3.5;0.222;26.17;3.6;53.0
7501;2024-11-08 13:00:00;1.85;8.9;22.8;32.0;28.0;67.0;34.07;709.1;0.0;63.0;3.5;0.395;26.78;8.0;89.0
7502;2024-11-08 14:00:00;1.82;5.0;18.8;24.1;46.0;71.0;34.18;708.6;0.0;58.0;3.5;0.435;27.94;7.8;66.0
7503;2024-11-08 15:00:00;1.74;3.8;16.1;20.1;52.0;70.0;33.45;708.4;0.0;58.0;3.5;0.35;27.73;9.4;79.0
7504;2024-11-08 16:00:00;1.71;3.0;12.3;15.5;54.0;71.0;34.81;708.4;0.0;56.0;3.6;0.257;28.01;10.2;69.0
7505;2024-11-08 17:00:00;1.82;2.7;14.5;17.4;54.0;62.0;31.46;708.6;0.0;61.0;3.5;0.127;27.28;10.6;96.0
7506;2024-11-08 18:00:00;1.77;2.2;12.9;15.3;49.0;68.0;29.26;709.1;0.0;65.0;3.5;0.021;26.16;11.6;99.0
7507;2024-11-08 19:00:00;1.75;2.3;12.9;15.4;37.0;65.0;34.94;709.6;0.0;67.0;3.4;0.0;25.72;9.7;110.0
7508;2024-11-08 20:00:00;1.71;2.1;11.8;14.1;32.0;62.0;35.5;710.0;0.0;66.0;3.4;0.0;25.64;9.1;101.0
7509;2024-11-08 21:00:00;1.7;2.2;12.1;14.5;25.0;57.0;30.82;710.4;0.0;67.0;3.4;0.0;25.46;9.6;89.0
7510;2024-11-08 22:00:00;1.94;3.5;19.9;23.7;11.0;46.0;28.65;710.9;0.0;68.0;3.6;0.0;23.34;10.5;11.0
7511;2024-11-08 23:00:00;1.92;3.4;17.9;21.5;14.0;43.0;25.08;711.3;0.0;69.0;3.9;0.0;22.34;8.3;31.0
7512;2024-11-09 00:00:00;1.75;2.2;13.3;15.7;18.0;43.0;18.85;711.3;0.0;70.0;3.8;0.0;21.62;10.4;64.0
7513;2024-11-09 01:00:00;1.58;2.2;13.0;15.4;18.0;39.0;15.81;711.2;0.0;73.0;3.8;0.0;20.75;11.2;60.0
7514;2024-11-09 02:00:00;1.55;2.1;11.4;13.7;20.0;41.0;14.84;711.3;0.0;79.0;4.0;0.0;19.43;9.3;57.0
7515;2024-11-09 03:00:00;1.57;2.1;12.6;14.9;19.0;37.0;14.45;711.3;0.0;79.0;3.8;0.0;18.94;7.2;64.0
7516;2024-11-09 04:00:00;1.54;2.2;16.1;18.4;13.0;33.0;14.1;711.3;0.0;84.0;3.7;0.0;17.93;7.9;111.0
7517;2024-11-09 05:00:00;1.64;2.0;16.7;18.8;15.0;32.0;13.69;711.4;0.0;86.0;3.7;0.0;17.65;6.7;92.0
7518;2024-11-09 06:00:00;1.62;4.1;23.7;28.0;6.0;31.0;13.4;711.5;0.0;87.0;3.6;0.0;17.59;3.3;139.0
7519;2024-11-09 07:00:00;1.6;4.8;22.6;27.6;9.0;33.0;14.83;711.7;0.0;82.0;3.7;0.0;17.87;7.0;75.0
7520;2024-11-09 08:00:00;1.62;3.8;22.2;26.2;14.0;38.0;17.65;712.3;0.0;72.0;3.9;0.006;17.96;7.8;60.0
7521;2024-11-09 09:00:00;1.59;3.8;18.4;22.3;20.0;37.0;15.44;712.8;0.0;67.0;3.8;0.029;17.9;7.7;63.0
7522;2024-11-09 10:00:00;1.72;5.1;19.3;24.7;19.0;32.0;13.08;713.1;0.0;72.0;3.7;0.065;17.17;6.6;71.0
7523;2024-11-09 11:00:00;1.74;14.9;26.2;41.3;10.0;38.0;11.28;712.9;0.0;75.0;4.1;0.096;17.51;4.1;154.0
7524;2024-11-09 12:00:00;1.83;16.9;27.6;44.6;12.0;42.0;13.57;712.5;0.0;71.0;4.2;0.145;18.38;4.2;172.0
7525;2024-11-09 13:00:00;1.89;19.8;29.4;49.4;17.0;54.0;17.25;711.7;0.0;64.0;4.5;0.326;20.02;4.0;157.0
7526;2024-11-09 14:00:00;1.97;21.3;35.0;56.5;18.0;62.0;20.2;711.0;0.0;61.0;4.7;0.324;20.99;5.5;107.0
7527;2024-11-09 15:00:00;1.86;13.7;31.8;45.7;22.0;68.0;25.01;710.6;0.0;60.0;5.1;0.246;21.22;7.1;81.0
7528;2024-11-09 16:00:00;1.74;11.6;31.6;43.4;20.0;65.0;29.91;710.4;0.0;59.0;5.4;0.144;21.36;4.3;62.0
7529;2024-11-09 17:00:00;1.69;4.7;24.4;29.4;26.0;58.0;28.01;710.5;0.0;60.0;5.9;0.078;21.2;6.8;73.0
7530;2024-11-09 18:00:00;1.76;2.8;24.8;27.9;24.0;46.0;25.65;710.6;0.0;64.0;4.7;0.021;20.92;6.7;72.0
7531;2024-11-09 19:00:00;1.82;3.4;29.0;32.6;14.0;48.0;20.21;711.1;0.0;71.0;4.2;0.0;20.24;8.0;83.0
7532;2024-11-09 20:00:00;1.79;3.0;25.2;28.3;19.0;57.0;22.85;711.6;0.0;72.0;4.0;0.0;19.85;7.3;79.0
7533;2024-11-09 21:00:00;1.75;2.5;16.4;19.1;16.0;54.0;27.69;711.7;0.0;76.0;3.8;0.0;19.78;5.4;104.0
7534;2024-11-09 22:00:00;1.64;2.1;10.1;12.5;22.0;40.0;29.92;711.8;0.0;77.0;3.7;0.0;19.64;5.8;105.0
7535;2024-11-09 23:00:00;1.6;2.1;10.4;12.7;25.0;38.0;21.36;711.8;0.0;74.0;3.6;0.0;19.73;5.7;95.0
7536;2024-11-10 00:00:00;1.66;2.1;13.0;15.3;21.0;38.0;19.44;711.7;0.0;75.0;3.7;0.0;19.7;4.9;99.0
7537;2024-11-10 01:00:00;1.61;2.1;13.3;15.6;26.0;38.0;19.79;711.5;0.0;72.0;3.7;0.0;19.79;4.7;71.0
7538;2024-11-10 02:00:00;1.62;2.1;12.5;14.8;25.0;37.0;19.61;711.3;0.0;72.0;3.8;0.0;19.73;3.5;90.0
7539;2024-11-10 03:00:00;1.57;2.1;10.0;12.3;22.0;39.0;20.21;711.1;0.0;75.0;3.8;0.0;19.56;2.0;173.0
7540;2024-11-10 04:00:00;1.57;2.0;10.2;12.5;22.0;38.0;19.95;711.1;0.0;76.0;3.8;0.0;19.48;3.2;41.0
7541;2024-11-10 05:00:00;1.61;2.1;13.5;15.7;19.0;36.0;17.61;711.3;0.0;82.0;3.6;0.0;18.51;2.5;256.0
7542;2024-11-10 06:00:00;1.82;2.3;23.3;25.8;9.0;42.0;17.46;711.5;0.0;85.0;3.6;0.0;17.93;1.8;230.0
7543;2024-11-10 07:00:00;1.98;3.7;27.3;31.3;5.0;51.0;20.43;711.9;0.0;87.0;3.5;0.0;17.95;1.7;250.0
7544;2024-11-10 08:00:00;1.99;6.3;25.9;32.5;6.0;56.0;28.69;712.4;0.0;88.0;3.5;0.016;18.02;1.8;208.0
7545;2024-11-10 09:00:00;1.93;9.0;23.7;32.9;9.0;59.0;34.17;712.8;0.0;88.0;3.5;0.049;18.58;2.3;8.0
7546;2024-11-10 10:00:00;1.89;7.7;21.0;29.0;12.0;66.0;37.28;713.2;0.0;84.0;3.7;0.087;19.64;2.1;9.0
7547;2024-11-10 11:00:00;1.87;6.7;19.6;26.6;15.0;60.0;38.89;713.3;0.0;78.0;3.6;0.102;20.37;3.4;351.0
7548;2024-11-10 12:00:00;1.94;7.2;20.7;28.2;20.0;67.0;36.89;713.1;0.0;75.0;3.7;0.173;21.05;3.4;56.0
7549;2024-11-10 13:00:00;2.09;10.7;26.0;36.9;23.0;69.0;40.84;712.6;0.0;70.0;3.6;0.268;22.29;3.6;53.0
7550;2024-11-10 14:00:00;2.1;15.6;35.2;51.0;20.0;70.0;45.14;712.0;0.0;68.0;3.8;0.231;22.69;4.1;60.0
7551;2024-11-10 15:00:00;2.07;9.8;32.8;42.8;30.0;77.0;41.97;711.6;0.0;66.0;4.5;0.188;23.04;5.3;40.0
7552;2024-11-10 16:00:00;1.81;2.8;15.7;18.7;50.0;66.0;46.53;711.6;0.0;66.0;4.7;0.115;22.82;6.4;104.0
7553;2024-11-10 17:00:00;1.77;2.6;15.0;17.7;41.0;50.0;45.48;711.7;0.0;67.0;4.2;0.057;22.71;5.4;87.0
7554;2024-11-10 18:00:00;2.0;2.5;24.2;26.8;30.0;48.0;27.38;711.9;0.0;68.0;4.0;0.012;22.59;4.9;103.0
7555;2024-11-10 19:00:00;1.94;2.3;22.7;25.2;18.0;56.0;25.58;712.3;0.0;71.0;4.0;0.0;22.26;5.2;109.0
7556;2024-11-10 20:00:00;1.86;2.2;19.5;21.9;16.0;56.0;37.72;712.8;0.0;73.0;3.8;0.0;22.04;4.1;109.0
7557;2024-11-10 21:00:00;1.87;2.4;19.6;22.2;14.0;51.0;33.59;713.0;0.0;74.0;3.7;0.0;21.99;3.7;86.0
7558;2024-11-10 22:00:00;1.86;2.6;18.6;21.4;11.0;45.0;30.41;713.1;0.0;74.0;3.6;0.0;21.9;2.1;54.0
7559;2024-11-10 23:00:00;1.83;2.6;19.7;22.5;8.0;41.0;27.5;713.1;0.0;74.0;3.6;0.0;21.68;2.5;105.0
7560;2024-11-11 00:00:00;1.82;3.2;17.6;21.0;8.0;38.0;23.0;712.8;0.0;77.0;3.6;0.0;20.6;2.0;281.0
7561;2024-11-11 01:00:00;1.81;4.6;19.0;23.8;7.0;29.0;20.27;712.7;0.0;77.0;3.6;0.0;20.43;1.8;282.0
7562;2024-11-11 02:00:00;1.84;3.8;20.0;24.0;5.0;31.0;17.67;712.6;0.0;79.0;3.6;0.0;19.83;2.0;46.0
7563;2024-11-11 03:00:00;1.82;3.9;17.4;21.4;5.0;31.0;16.0;712.5;0.0;82.0;3.5;0.0;19.23;1.8;148.0
7564;2024-11-11 04:00:00;1.81;4.1;17.8;22.2;5.0;28.0;17.01;712.4;0.0;83.0;3.6;0.0;19.3;2.4;171.0
7565;2024-11-11 05:00:00;1.83;7.1;22.2;29.6;4.0;40.0;17.32;712.4;0.0;83.0;3.7;0.0;19.24;1.8;255.0
7566;2024-11-11 06:00:00;1.9;5.7;21.1;27.1;4.0;44.0;19.03;712.6;0.0;81.0;3.7;0.0;19.65;1.8;295.0
7567;2024-11-11 07:00:00;2.07;14.3;20.5;35.0;4.0;43.0;27.76;713.0;0.0;81.0;3.7;0.0;19.75;1.8;266.0
7568;2024-11-11 08:00:00;2.21;36.1;25.4;61.7;;45.0;24.7;713.5;0.0;78.0;4.2;0.008;20.48;3.9;221.0
7569;2024-11-11 09:00:00;2.52;44.3;28.6;73.2;5.0;57.0;22.36;713.9;0.0;75.0;4.5;0.033;21.18;3.1;221.0
7570;2024-11-11 10:00:00;2.34;24.4;28.2;52.8;6.0;65.0;26.48;714.2;0.0;71.0;4.9;0.057;21.98;2.6;200.0
7571;2024-11-11 11:00:00;2.23;21.9;28.9;51.0;10.0;58.0;32.13;714.1;0.0;67.0;6.3;0.14;22.78;3.8;102.0
7572;2024-11-11 12:00:00;1.84;10.9;20.6;31.8;21.0;48.0;28.63;713.7;0.0;61.0;5.9;0.288;24.22;4.6;81.0
7573;2024-11-11 13:00:00;1.69;6.4;15.2;21.9;30.0;36.0;25.96;713.0;0.0;58.0;5.3;0.405;24.83;7.5;103.0
7574;2024-11-11 14:00:00;1.68;4.8;14.8;19.8;39.0;41.0;17.58;712.1;0.0;57.0;4.7;0.296;24.99;7.9;60.0
7575;2024-11-11 15:00:00;1.64;3.8;12.2;16.2;37.0;37.0;13.47;711.7;0.0;59.0;4.4;0.174;24.7;8.1;62.0
7576;2024-11-11 16:00:00;1.58;3.0;8.9;12.1;34.0;44.0;15.86;711.5;0.0;61.0;4.1;0.135;24.4;9.5;120.0
7577;2024-11-11 17:00:00;1.59;3.0;9.3;12.6;35.0;37.0;14.06;711.5;0.0;62.0;4.0;0.113;24.01;10.8;123.0
7578;2024-11-11 18:00:00;1.64;2.6;11.4;14.3;32.0;32.0;12.1;711.6;0.0;65.0;3.9;0.032;23.53;9.5;112.0
7579;2024-11-11 19:00:00;1.74;2.5;15.7;18.3;26.0;35.0;13.87;711.7;0.0;70.0;3.8;0.0;22.57;8.5;106.0
7580;2024-11-11 20:00:00;1.7;2.3;15.6;18.1;24.0;40.0;15.25;711.9;0.0;70.0;3.7;0.0;22.22;6.9;114.0
7581;2024-11-11 21:00:00;1.71;2.3;15.7;18.1;20.0;35.0;16.7;712.0;0.0;70.0;3.7;0.0;21.86;4.1;90.0
7582;2024-11-11 22:00:00;1.81;5.8;21.3;27.3;9.0;34.0;15.8;712.0;0.0;74.0;3.6;0.0;20.99;2.2;222.0
7583;2024-11-11 23:00:00;1.94;11.3;25.4;36.9;4.0;35.0;15.33;712.0;0.0;75.0;3.7;0.0;20.62;1.8;207.0
7584;2024-11-12 00:00:00;1.82;6.4;23.4;30.0;4.0;33.0;17.03;711.8;0.0;76.0;3.6;0.0;20.21;2.3;230.0
7585;2024-11-12 01:00:00;1.88;13.7;23.1;37.0;4.0;36.0;19.32;711.4;0.0;77.0;3.6;0.0;19.98;2.1;39.0
7586;2024-11-12 02:00:00;1.94;23.4;26.7;50.2;;39.0;18.0;711.1;0.0;75.0;3.8;0.0;20.88;4.0;356.0
7587;2024-11-12 03:00:00;1.65;5.4;15.9;21.6;13.0;50.0;21.29;711.0;0.0;74.0;3.8;0.0;21.27;3.1;19.0
7588;2024-11-12 04:00:00;1.52;2.3;8.5;11.0;17.0;38.0;29.62;710.9;0.0;74.0;3.6;0.0;21.19;3.6;40.0
7589;2024-11-12 05:00:00;1.6;3.1;13.2;16.5;11.0;34.0;19.52;710.8;0.0;80.0;3.8;0.0;20.08;6.3;57.0
7590;2024-11-12 06:00:00;1.57;3.1;12.4;15.8;11.0;41.0;14.58;710.8;0.0;84.0;3.7;0.0;19.51;5.7;54.0
7591;2024-11-12 07:00:00;1.63;10.3;18.2;28.8;5.0;47.0;21.62;711.2;0.0;85.0;4.0;0.0;19.54;4.4;7.0
7592;2024-11-12 08:00:00;1.74;8.8;17.8;26.9;7.0;53.0;28.22;711.4;0.0;84.0;3.9;0.02;19.75;3.8;353.0
7593;2024-11-12 09:00:00;1.91;15.1;18.8;34.2;8.0;43.0;35.7;711.7;0.0;81.0;3.9;0.098;20.49;4.5;349.0
7594;2024-11-12 10:00:00;2.22;18.1;21.6;40.0;9.0;49.0;24.42;712.0;0.0;77.0;4.1;0.129;21.26;5.8;3.0
7595;2024-11-12 11:00:00;2.51;11.9;21.4;33.6;13.0;87.0;22.14;711.9;0.0;73.0;4.2;0.167;22.13;4.2;336.0
7596;2024-11-12 12:00:00;2.1;13.4;27.2;40.7;13.0;101.0;31.31;711.4;0.0;72.0;3.9;0.144;22.51;5.4;5.0
7597;2024-11-12 13:00:00;1.94;9.6;19.5;29.4;20.0;80.0;40.98;710.8;0.0;70.0;3.8;0.237;23.16;7.0;60.0
7598;2024-11-12 14:00:00;1.74;5.9;14.8;20.9;26.0;58.0;35.31;709.9;0.0;66.0;3.9;0.242;24.09;6.4;92.0
7599;2024-11-12 15:00:00;1.6;4.9;9.1;14.2;26.0;47.0;28.0;709.3;0.0;61.0;3.8;0.393;24.62;11.5;110.0
7600;2024-11-12 16:00:00;1.56;4.8;8.4;13.4;26.0;37.0;19.38;708.9;0.0;59.0;3.8;0.368;25.2;12.9;117.0
7601;2024-11-12 17:00:00;1.63;5.0;9.9;15.2;24.0;34.0;14.26;708.7;0.0;63.0;3.8;0.2;25.05;13.2;126.0
7602;2024-11-12 18:00:00;1.63;2.9;9.5;12.6;22.0;41.0;12.89;708.8;0.0;70.0;3.7;0.031;23.77;12.3;110.0
7603;2024-11-12 19:00:00;1.7;2.7;11.4;14.3;19.0;34.0;13.78;709.1;0.0;71.0;3.7;0.0;23.36;9.3;104.0
7604;2024-11-12 20:00:00;1.66;2.8;12.6;15.5;17.0;34.0;14.2;709.3;0.0;70.0;3.6;0.0;23.18;7.1;101.0
7605;2024-11-12 21:00:00;1.67;2.7;14.2;17.1;15.0;31.0;14.0;709.4;0.0;70.0;3.8;0.0;22.86;4.0;66.0
7606;2024-11-12 22:00:00;1.74;6.6;19.7;26.5;7.0;32.0;14.46;709.6;0.0;73.0;3.8;0.0;22.06;2.1;341.0
7607;2024-11-12 23:00:00;1.83;7.9;20.4;28.5;5.0;41.0;15.35;709.5;0.0;76.0;3.7;0.0;21.43;2.3;299.0
7608;2024-11-13 00:00:00;1.63;2.9;13.9;17.1;16.0;36.0;17.22;709.4;0.0;77.0;3.6;0.0;21.69;6.4;42.0
7609;2024-11-13 01:00:00;1.64;3.5;15.8;19.5;9.0;31.0;18.29;709.4;0.0;78.0;3.5;0.0;21.02;3.5;202.0
7610;2024-11-13 02:00:00;1.7;7.0;19.4;26.7;4.0;32.0;16.54;709.2;0.0;80.0;3.5;0.0;20.56;2.4;193.0
7611;2024-11-13 03:00:00;1.62;5.2;12.3;17.7;14.0;40.0;15.85;708.9;0.0;83.0;3.6;0.0;20.14;3.1;43.0
7612;2024-11-13 04:00:00;1.56;2.8;14.7;17.7;14.0;34.0;17.87;709.0;0.0;85.0;3.6;0.0;20.31;2.5;4.0
7613;2024-11-13 05:00:00;1.65;2.3;15.2;17.6;13.0;37.0;15.73;709.4;0.0;84.0;3.6;0.0;20.42;3.9;353.0
7614;2024-11-13 06:00:00;1.55;2.7;13.9;16.8;12.0;45.0;16.26;710.1;0.0;83.0;3.5;0.0;20.38;6.4;287.0
7615;2024-11-13 07:00:00;1.68;9.2;15.7;25.2;6.0;54.0;19.2;710.4;0.0;84.0;3.6;0.0;19.96;2.3;295.0
7616;2024-11-13 08:00:00;2.01;31.7;22.1;54.0;5.0;59.0;28.23;710.9;0.0;85.0;3.7;0.026;20.15;2.4;30.0
7617;2024-11-13 09:00:00;2.16;30.2;23.5;53.9;8.0;63.0;31.49;711.5;0.0;76.0;3.8;0.094;22.47;3.1;57.0
7618;2024-11-13 10:00:00;2.01;21.5;22.6;44.3;13.0;64.0;27.65;711.7;0.0;65.0;3.7;0.302;24.54;4.1;64.0
7619;2024-11-13 11:00:00;2.6;14.3;26.1;40.6;23.0;73.0;31.72;711.9;0.0;59.0;4.1;0.459;25.67;5.3;353.0
7620;2024-11-13 12:00:00;2.11;10.9;26.3;37.4;36.0;88.0;31.95;711.7;0.0;55.0;3.7;0.57;27.09;5.1;17.0
7621;2024-11-13 13:00:00;2.35;5.9;21.1;27.2;56.0;77.0;43.38;711.3;0.0;49.0;4.1;0.62;28.62;4.8;190.0
7622;2024-11-13 14:00:00;1.81;4.5;19.4;24.1;68.0;95.0;37.56;710.9;0.0;47.0;4.1;0.578;29.32;6.6;76.0
7623;2024-11-13 15:00:00;1.68;4.2;16.1;20.4;61.0;76.0;35.89;710.7;0.0;43.0;4.7;0.446;30.19;6.7;66.0
7624;2024-11-13 16:00:00;1.56;3.9;11.5;15.6;46.0;59.0;30.96;710.8;0.0;43.0;4.7;0.263;29.67;10.5;44.0
7625;2024-11-13 17:00:00;1.62;3.7;12.9;16.8;39.0;53.0;26.77;711.3;0.0;48.0;4.3;0.114;28.67;11.5;58.0
7626;2024-11-13 18:00:00;1.7;3.3;15.8;19.3;29.0;54.0;19.16;711.9;0.0;55.0;3.8;0.022;27.16;9.4;77.0
7627;2024-11-13 19:00:00;1.84;3.3;22.0;25.4;21.0;48.0;18.3;712.5;0.0;58.0;3.7;0.0;26.34;6.2;89.0
7628;2024-11-13 20:00:00;1.75;2.7;16.5;19.4;24.0;48.0;16.71;713.2;0.0;60.0;3.9;0.0;25.96;7.5;99.0
7629;2024-11-13 21:00:00;1.7;2.7;18.5;21.4;21.0;39.0;18.72;713.7;0.0;57.0;4.0;0.0;25.86;6.1;73.0
7630;2024-11-13 22:00:00;1.61;2.3;12.9;15.4;25.0;36.0;17.9;714.0;0.0;56.0;4.1;0.0;25.62;3.8;93.0
7631;2024-11-13 23:00:00;1.77;3.0;25.1;28.3;12.0;33.0;16.98;714.3;0.0;64.0;4.1;0.0;24.37;7.9;324.0
7632;2024-11-14 00:00:00;1.54;2.6;15.5;18.4;32.0;42.0;15.95;714.6;0.0;52.0;4.7;0.0;23.4;10.0;355.0
7633;2024-11-14 01:00:00;1.53;2.3;10.5;13.0;38.0;46.0;22.27;715.1;0.0;53.0;4.7;0.0;21.75;4.4;285.0
7634;2024-11-14 02:00:00;1.48;2.3;11.3;13.7;34.0;37.0;16.8;715.2;0.0;54.0;4.4;0.0;21.07;2.5;195.0
7635;2024-11-14 03:00:00;1.39;2.1;6.7;9.1;40.0;30.0;14.28;714.8;0.0;43.0;4.5;0.0;21.59;2.8;281.0
7636;2024-11-14 04:00:00;1.4;2.1;6.6;8.9;35.0;29.0;12.13;714.9;0.0;41.0;4.1;0.0;21.17;2.1;216.0
7637;2024-11-14 05:00:00;1.45;2.1;8.9;11.2;39.0;25.0;9.18;714.9;0.0;25.0;5.7;0.0;21.71;3.9;44.0
7638;2024-11-14 06:00:00;1.34;2.6;19.3;22.1;31.0;29.0;8.38;715.0;0.0;22.0;5.8;0.0;21.06;7.9;6.0
7639;2024-11-14 07:00:00;1.42;3.2;25.4;28.8;25.0;38.0;7.02;715.3;0.0;23.0;5.7;0.0;20.62;7.0;61.0
7640;2024-11-14 08:00:00;1.52;5.8;29.7;35.7;21.0;45.0;8.72;715.5;0.0;23.0;5.4;0.021;20.2;8.5;67.0
7641;2024-11-14 09:00:00;1.57;6.5;26.8;33.5;24.0;44.0;10.35;715.8;0.0;25.0;5.4;0.069;19.98;8.8;69.0
7642;2024-11-14 10:00:00;1.59;9.5;27.0;36.8;24.0;51.0;9.74;716.0;0.0;27.0;5.7;0.184;20.13;8.9;67.0
7643;2024-11-14 11:00:00;1.47;9.7;18.2;28.2;34.0;53.0;10.04;716.0;0.0;28.0;6.3;0.535;21.66;8.5;30.0
7644;2024-11-14 12:00:00;1.48;10.2;20.9;31.3;36.0;59.0;11.45;715.5;0.0;30.0;7.7;0.56;22.43;7.0;27.0
7645;2024-11-14 13:00:00;1.51;9.6;25.4;35.3;44.0;56.0;11.44;714.7;0.0;31.0;9.1;0.643;23.13;7.9;40.0
7646;2024-11-14 14:00:00;1.55;5.6;20.2;26.1;59.0;52.0;13.31;713.9;0.0;31.0;5.7;0.621;23.87;8.9;51.0
7647;2024-11-14 15:00:00;1.52;3.7;15.2;19.1;70.0;53.0;16.73;713.4;0.0;33.0;5.6;0.524;24.3;9.8;67.0
7648;2024-11-14 16:00:00;1.48;3.1;13.0;16.2;72.0;51.0;16.45;713.1;0.0;35.0;6.6;0.374;24.42;11.4;59.0
7649;2024-11-14 17:00:00;1.49;2.9;12.7;15.7;62.0;45.0;15.89;713.0;0.0;37.0;5.2;0.149;23.94;11.0;87.0
7650;2024-11-14 18:00:00;1.6;3.0;21.6;24.8;38.0;45.0;14.67;713.1;0.0;41.0;4.3;0.017;22.29;8.5;78.0
7651;2024-11-14 19:00:00;1.65;2.6;22.2;24.9;35.0;43.0;11.93;713.2;0.0;46.0;4.1;0.0;21.33;7.9;85.0
7652;2024-11-14 20:00:00;1.68;2.7;22.9;25.7;28.0;41.0;11.2;713.5;0.0;52.0;4.0;0.0;20.52;8.2;70.0
7653;2024-11-14 21:00:00;1.5;2.2;12.4;14.8;37.0;36.0;11.26;713.8;0.0;55.0;3.8;0.0;20.11;7.9;108.0
7654;2024-11-14 22:00:00;1.52;2.2;14.3;16.7;33.0;37.0;11.9;713.9;0.0;56.0;3.8;0.0;19.84;5.5;110.0
7655;2024-11-14 23:00:00;1.56;2.3;17.9;20.2;25.0;32.0;11.32;714.0;0.0;60.0;3.8;0.0;19.16;3.7;106.0
7656;2024-11-15 00:00:00;1.54;2.2;15.1;17.5;26.0;33.0;12.03;713.7;0.0;62.0;3.7;0.0;18.81;2.7;105.0
7657;2024-11-15 01:00:00;1.61;2.3;18.8;21.2;18.0;29.0;13.13;713.3;0.0;66.0;3.7;0.0;18.14;2.3;152.0
7658;2024-11-15 02:00:00;1.62;2.3;20.2;22.8;15.0;32.0;12.8;713.0;0.0;67.0;3.7;0.0;18.04;2.0;171.0
7659;2024-11-15 03:00:00;1.55;2.3;16.1;18.6;20.0;34.0;13.23;712.7;0.0;68.0;3.7;0.0;17.58;4.6;73.0
7660;2024-11-15 04:00:00;1.41;2.4;12.4;15.0;27.0;32.0;13.71;712.5;0.0;66.0;5.1;0.0;17.27;5.1;26.0
7661;2024-11-15 05:00:00;1.44;2.5;21.0;23.6;16.0;34.0;13.93;712.3;0.0;70.0;5.9;0.0;16.81;4.3;328.0
7662;2024-11-15 06:00:00;1.49;2.6;20.1;22.8;14.0;38.0;15.5;712.2;0.0;73.0;5.8;0.0;16.48;3.4;291.0
7663;2024-11-15 07:00:00;1.6;9.9;26.3;36.3;8.0;37.0;18.45;712.4;0.0;74.0;4.9;0.0;16.04;2.7;268.0
7664;2024-11-15 08:00:00;1.77;24.7;28.2;53.1;6.0;40.0;16.74;712.6;0.0;72.0;4.6;0.021;16.39;3.2;246.0
7665;2024-11-15 09:00:00;1.9;25.2;29.2;54.5;11.0;43.0;15.79;712.7;0.0;61.0;6.8;0.077;19.54;3.1;194.0
7666;2024-11-15 10:00:00;2.06;17.5;29.3;47.0;22.0;52.0;17.27;712.8;0.0;57.0;7.4;0.309;20.78;3.4;4.0
7667;2024-11-15 11:00:00;1.97;20.5;36.3;57.0;26.0;58.0;26.14;712.6;0.0;55.0;9.3;0.472;21.56;4.4;7.0
7668;2024-11-15 12:00:00;1.93;20.6;37.2;58.0;30.0;73.0;27.46;712.1;0.0;56.0;14.8;0.581;22.05;7.7;62.0
7669;2024-11-15 13:00:00;1.78;10.1;27.3;37.6;44.0;73.0;33.95;711.4;0.0;57.0;11.9;0.619;22.25;8.8;50.0
7670;2024-11-15 14:00:00;1.69;5.0;16.3;21.5;58.0;66.0;36.06;710.8;0.0;58.0;7.4;0.507;22.79;11.2;49.0
7671;2024-11-15 15:00:00;1.68;4.0;14.4;18.5;44.0;59.0;30.85;710.4;0.0;63.0;6.0;0.175;22.03;12.5;49.0
7672;2024-11-15 16:00:00;1.69;4.1;15.3;19.6;34.0;49.0;24.22;710.2;0.0;63.0;5.1;0.111;22.25;11.2;64.0
7673;2024-11-15 17:00:00;1.71;4.0;15.7;19.9;30.0;44.0;20.54;710.1;0.0;65.0;4.5;0.062;21.97;11.1;64.0
7674;2024-11-15 18:00:00;1.7;3.4;16.2;19.8;28.0;42.0;17.97;710.0;0.0;67.0;4.3;0.022;21.83;9.5;76.0
7675;2024-11-15 19:00:00;1.73;2.9;16.2;19.4;25.0;40.0;17.44;710.1;0.0;69.0;4.1;0.0;21.35;7.5;92.0
7676;2024-11-15 20:00:00;1.71;2.5;15.6;18.3;24.0;39.0;16.9;710.3;0.0;71.0;3.9;0.0;21.12;6.3;100.0
7677;2024-11-15 21:00:00;1.68;2.5;12.7;15.4;27.0;37.0;17.17;710.4;0.0;72.0;4.0;0.0;21.02;6.0;80.0
7678;2024-11-15 22:00:00;1.65;2.5;12.4;15.1;27.0;36.0;16.98;710.4;0.0;72.0;3.7;0.0;21.0;5.4;63.0
7679;2024-11-15 23:00:00;1.67;5.4;17.3;22.8;22.0;35.0;20.3;710.4;0.0;73.0;3.8;0.0;20.74;7.6;45.0
7680;2024-11-16 00:00:00;1.63;2.4;13.8;16.4;25.0;33.0;19.09;710.1;0.0;76.0;3.7;0.0;20.02;6.6;35.0
7681;2024-11-16 01:00:00;1.58;2.4;11.6;14.1;25.0;33.0;16.36;709.9;0.0;78.0;3.7;0.0;19.49;5.8;43.0
7682;2024-11-16 02:00:00;1.57;2.3;9.5;12.1;25.0;32.0;13.86;709.5;0.0;79.0;3.7;0.0;19.29;4.3;45.0
7683;2024-11-16 03:00:00;1.54;2.2;8.1;10.4;26.0;34.0;11.84;709.1;0.0;79.0;3.7;0.0;19.16;6.1;42.0
7684;2024-11-16 04:00:00;1.5;2.2;6.6;9.0;29.0;29.0;14.62;709.0;0.0;80.0;3.6;0.0;18.5;6.6;57.0
7685;2024-11-16 05:00:00;1.48;2.3;7.7;10.2;28.0;28.0;13.57;708.9;0.0;81.0;3.5;0.0;18.08;5.9;46.0
7686;2024-11-16 06:00:00;1.49;4.0;20.6;24.7;15.0;31.0;11.11;709.0;0.0;82.0;3.7;0.0;17.9;4.7;26.0
7687;2024-11-16 07:00:00;1.56;2.7;21.1;23.9;13.0;40.0;11.02;709.2;0.0;83.0;4.3;0.0;17.89;3.1;351.0
7688;2024-11-16 08:00:00;1.68;7.3;26.2;33.7;9.0;44.0;16.78;709.5;0.0;83.0;4.1;0.012;18.02;2.6;9.0
7689;2024-11-16 09:00:00;1.82;28.2;28.7;57.0;7.0;54.0;24.47;709.8;0.0;82.0;4.5;0.092;18.67;3.4;49.0
7690;2024-11-16 10:00:00;2.03;17.9;26.2;44.2;13.0;64.0;24.93;710.0;0.0;76.0;4.7;0.178;19.83;4.5;4.0
7691;2024-11-16 11:00:00;2.1;20.7;30.1;51.0;13.0;68.0;35.66;710.0;0.0;73.0;4.9;0.212;20.24;6.3;23.0
7692;2024-11-16 12:00:00;1.99;22.4;28.8;51.4;16.0;73.0;36.35;709.6;0.0;68.0;5.9;0.341;21.39;7.0;74.0
7693;2024-11-16 13:00:00;1.86;16.2;27.7;44.0;25.0;70.0;37.78;708.9;0.0;64.0;7.8;0.4;22.24;7.3;41.0
7694;2024-11-16 14:00:00;1.79;8.1;20.7;29.0;38.0;70.0;43.81;708.3;0.0;62.0;6.4;0.524;22.96;9.3;55.0
7695;2024-11-16 15:00:00;1.75;5.5;16.4;22.0;45.0;60.0;47.17;707.7;0.0;62.0;5.3;0.48;23.16;10.5;69.0
7696;2024-11-16 16:00:00;1.73;5.2;13.8;19.2;36.0;49.0;35.79;707.5;0.0;63.0;4.9;0.303;23.05;12.2;55.0
7697;2024-11-16 17:00:00;1.63;3.5;10.6;14.3;31.0;48.0;29.33;707.5;0.0;66.0;4.3;0.094;22.27;10.6;74.0
7698;2024-11-16 18:00:00;1.56;2.4;7.6;10.3;30.0;38.0;21.57;707.7;0.0;67.0;4.2;0.027;21.67;10.8;117.0
7699;2024-11-16 19:00:00;1.59;2.4;10.4;12.9;24.0;32.0;17.36;707.9;0.0;71.0;4.0;0.0;21.1;10.1;102.0
7700;2024-11-16 20:00:00;1.73;3.3;17.5;20.9;16.0;32.0;17.71;708.1;0.0;72.0;3.9;0.0;20.84;5.2;80.0
7701;2024-11-16 21:00:00;1.83;5.6;22.8;28.6;11.0;34.0;17.65;708.2;0.0;72.0;3.9;0.0;20.73;4.6;37.0
7702;2024-11-16 22:00:00;2.2;21.3;31.4;52.9;5.0;41.0;22.19;708.3;0.0;76.0;4.1;0.0;20.3;4.8;350.0
7703;2024-11-16 23:00:00;2.3;26.1;30.6;56.8;4.0;64.0;24.67;708.1;0.0;78.0;4.1;0.0;20.03;3.9;357.0
7704;2024-11-17 00:00:00;2.18;16.5;29.3;45.9;4.0;75.0;46.85;707.8;0.0;78.0;4.0;0.0;19.99;3.0;1.0
7705;2024-11-17 01:00:00;1.82;3.4;22.3;25.9;10.0;58.0;45.75;707.5;0.0;76.0;3.8;0.0;20.44;4.5;347.0
7706;2024-11-17 02:00:00;1.68;7.4;22.3;29.8;8.0;44.0;41.29;707.3;0.0;81.0;4.5;0.0;19.62;4.9;18.0
7707;2024-11-17 03:00:00;1.63;2.9;14.9;18.0;15.0;44.0;26.82;707.3;0.0;84.0;4.2;0.0;19.17;4.6;17.0
7708;2024-11-17 04:00:00;1.67;2.5;14.0;16.6;15.0;47.0;27.16;707.1;0.0;84.0;4.3;0.0;19.23;3.6;351.0
7709;2024-11-17 05:00:00;1.64;2.5;15.0;17.7;12.0;52.0;29.05;707.0;0.0;85.0;4.0;0.0;19.15;3.3;16.0
7710;2024-11-17 06:00:00;1.74;2.9;18.6;21.7;7.0;49.0;35.67;706.9;0.0;85.0;4.0;0.0;18.91;2.3;32.0
7711;2024-11-17 07:00:00;1.71;4.9;21.1;26.2;4.0;67.0;35.35;707.0;0.0;85.0;4.0;0.0;18.93;2.2;52.0
7712;2024-11-17 08:00:00;1.73;5.0;18.9;24.2;5.0;71.0;43.97;707.4;0.0;85.0;4.2;0.008;18.98;2.2;69.0
7713;2024-11-17 09:00:00;1.76;8.3;18.8;27.4;7.0;62.0;45.68;707.6;0.0;82.0;4.2;0.029;19.43;2.4;76.0
7714;2024-11-17 10:00:00;1.74;9.0;17.4;26.8;11.0;58.0;40.14;708.0;0.0;81.0;4.2;0.076;19.74;4.1;34.0
7715;2024-11-17 11:00:00;1.77;11.3;17.0;28.6;16.0;59.0;36.67;708.1;0.0;75.0;4.2;0.264;20.82;6.2;42.0
7716;2024-11-17 12:00:00;1.95;13.0;21.7;35.0;17.0;71.0;35.31;707.8;0.0;72.0;4.1;0.245;21.45;6.3;5.0
7717;2024-11-17 13:00:00;1.9;13.6;24.1;38.0;22.0;83.0;40.56;707.3;0.0;69.0;5.1;0.31;22.07;7.4;21.0
7718;2024-11-17 14:00:00;1.81;7.7;19.0;26.9;29.0;77.0;53.46;706.6;0.0;69.0;5.3;0.294;22.28;9.3;64.0
7719;2024-11-17 15:00:00;1.75;4.9;14.2;19.3;43.0;75.0;53.61;705.9;0.0;66.0;4.6;0.423;23.3;8.1;61.0
7720;2024-11-17 16:00:00;1.66;3.4;10.3;13.9;47.0;61.0;47.51;705.5;0.0;62.0;4.2;0.246;24.16;7.4;64.0
7721;2024-11-17 17:00:00;1.6;2.6;6.9;9.7;38.0;49.0;44.87;705.3;0.0;62.0;4.1;0.131;24.27;9.7;101.0
7722;2024-11-17 18:00:00;1.63;2.5;8.7;11.4;33.0;40.0;32.46;705.3;0.0;64.0;4.0;0.033;23.88;8.7;79.0
7723;2024-11-17 19:00:00;1.68;2.2;10.7;13.1;28.0;43.0;21.69;705.3;0.0;66.0;3.8;0.0;23.54;6.3;86.0
7724;2024-11-17 20:00:00;1.63;2.1;8.5;10.8;29.0;37.0;20.69;705.3;0.0;66.0;3.8;0.0;23.52;5.1;103.0
7725;2024-11-17 21:00:00;1.58;2.1;5.6;7.8;33.0;37.0;21.23;705.4;0.0;64.0;3.8;0.0;23.8;8.0;145.0
7726;2024-11-17 22:00:00;1.71;2.4;13.5;16.2;19.0;36.0;19.83;705.4;0.0;68.0;3.8;0.0;22.89;3.6;277.0
7727;2024-11-17 23:00:00;1.95;3.0;24.8;28.0;9.0;39.0;18.06;705.2;0.0;72.0;3.9;0.0;22.33;2.6;283.0
7728;2024-11-18 00:00:00;1.81;2.4;20.1;22.7;14.0;45.0;21.71;705.1;0.0;73.0;3.9;0.0;22.05;4.4;318.0
7729;2024-11-18 01:00:00;1.7;2.4;15.6;18.2;16.0;44.0;28.53;704.5;0.0;75.0;3.9;0.0;21.29;3.0;298.0
7730;2024-11-18 02:00:00;1.7;2.6;20.8;23.6;10.0;36.0;24.39;703.8;0.0;78.0;3.9;0.0;20.6;3.2;294.0
7731;2024-11-18 03:00:00;1.63;3.0;20.7;23.9;9.0;37.0;20.62;703.5;0.0;80.0;4.0;0.0;20.41;4.0;290.0
7732;2024-11-18 04:00:00;1.6;2.3;10.6;13.1;16.0;39.0;20.22;703.2;0.0;83.0;4.0;0.0;19.95;2.4;257.0
7733;2024-11-18 05:00:00;1.71;2.4;11.7;14.3;15.0;34.0;20.0;703.4;0.0;82.0;3.9;0.0;20.33;2.7;254.0
7734;2024-11-18 06:00:00;1.74;3.2;19.5;22.9;7.0;38.0;17.47;703.6;0.0;80.0;3.8;0.0;20.21;5.3;236.0
7735;2024-11-18 07:00:00;1.84;7.9;22.7;30.9;4.0;47.0;19.92;703.8;0.0;81.0;4.2;0.0;19.62;4.3;221.0
7736;2024-11-18 08:00:00;1.84;12.7;20.1;33.1;5.0;55.0;27.47;704.2;0.0;83.0;4.2;0.022;19.44;2.8;230.0
7737;2024-11-18 09:00:00;1.87;13.6;20.1;34.0;8.0;56.0;33.91;704.6;0.0;80.0;4.1;0.08;20.59;2.7;267.0
7738;2024-11-18 10:00:00;1.88;15.5;21.3;37.1;14.0;56.0;32.66;705.2;0.0;71.0;4.3;0.221;22.97;3.1;238.0
7739;2024-11-18 11:00:00;2.07;23.5;30.5;54.2;18.0;69.0;32.69;705.4;0.0;61.0;5.2;0.465;25.72;4.3;89.0
7740;2024-11-18 12:00:00;2.13;24.2;37.9;62.4;23.0;76.0;35.29;705.3;0.0;56.0;8.0;0.554;26.56;7.1;74.0
7741;2024-11-18 13:00:00;1.77;7.5;20.2;27.9;40.0;75.0;38.19;705.2;0.0;52.0;7.9;0.544;27.47;8.8;55.0
7742;2024-11-18 14:00:00;1.6;4.4;9.4;14.0;41.0;67.0;39.3;704.7;0.0;45.0;6.7;0.575;28.4;9.3;24.0
7743;2024-11-18 15:00:00;1.61;4.7;10.7;15.6;42.0;58.0;29.16;704.4;0.0;39.0;6.1;0.5;28.55;10.7;21.0
7744;2024-11-18 16:00:00;1.68;5.2;13.6;19.0;41.0;60.0;21.63;704.3;0.0;36.0;7.2;0.36;29.25;8.1;33.0
7745;2024-11-18 17:00:00;1.6;3.8;13.0;17.0;41.0;54.0;23.29;704.6;0.0;36.0;7.3;0.156;28.85;8.0;28.0
7746;2024-11-18 18:00:00;1.5;2.9;12.2;15.3;33.0;48.0;21.94;705.1;0.0;37.0;5.1;0.02;27.15;10.2;
7747;2024-11-18 19:00:00;1.6;3.0;19.8;22.9;22.0;48.0;17.3;705.8;0.0;39.0;4.6;0.0;25.43;8.9;347.0
7748;2024-11-18 20:00:00;1.6;2.7;14.9;17.8;27.0;46.0;19.19;706.5;0.0;38.0;4.5;0.0;24.64;7.6;356.0
7749;2024-11-18 21:00:00;1.67;2.5;16.6;19.2;23.0;43.0;17.16;706.9;0.0;41.0;4.3;0.0;23.36;3.0;225.0
7750;2024-11-18 22:00:00;1.7;2.7;21.1;24.0;14.0;43.0;15.23;707.2;0.0;45.0;4.0;0.0;22.09;1.8;193.0
7751;2024-11-18 23:00:00;1.94;12.6;29.1;41.8;6.0;41.0;16.08;707.3;0.0;49.0;4.1;0.0;21.31;1.8;179.0
7752;2024-11-19 00:00:00;1.86;5.4;28.7;34.3;7.0;44.0;16.6;707.3;0.0;48.0;4.0;0.0;20.98;1.8;223.0
7753;2024-11-19 01:00:00;1.76;2.9;22.7;25.8;12.0;42.0;18.47;707.4;0.0;50.0;4.0;0.0;20.72;2.4;237.0
7754;2024-11-19 02:00:00;1.86;13.6;29.5;43.3;5.0;43.0;17.19;707.3;0.0;54.0;4.4;0.0;20.9;3.3;212.0
7755;2024-11-19 03:00:00;1.77;8.8;29.5;38.5;5.0;55.0;15.51;707.4;0.0;55.0;4.5;0.0;20.51;7.4;213.0
7756;2024-11-19 04:00:00;1.72;7.4;29.2;36.7;5.0;56.0;21.62;707.7;0.0;59.0;4.4;0.0;19.9;3.3;233.0
7757;2024-11-19 05:00:00;1.7;14.0;27.8;42.0;4.0;66.0;23.76;708.0;0.0;59.0;4.5;0.0;19.68;2.9;214.0
7758;2024-11-19 06:00:00;1.66;9.8;26.0;36.0;4.0;85.0;27.12;708.4;0.0;61.0;4.3;0.0;18.69;3.5;203.0
7759;2024-11-19 07:00:00;1.72;12.4;24.8;37.4;5.0;69.0;29.92;708.8;0.0;61.0;4.4;0.0;18.36;4.4;199.0
7760;2024-11-19 08:00:00;1.9;29.9;25.7;55.8;5.0;57.0;28.73;709.4;0.0;60.0;4.7;0.018;18.33;5.4;218.0
7761;2024-11-19 09:00:00;2.03;42.8;29.5;72.5;8.0;65.0;21.8;709.8;0.0;50.0;5.8;0.058;20.95;5.5;219.0
7762;2024-11-19 10:00:00;;;;;;;23.56;;;;;;;;
7763;2024-11-19 11:00:00;0.32;18.5;0.3;18.8;1.0;2.0;;;0.0;4.0;1.0;0.086;3.73;1.5;108.0
7764;2024-11-19 12:00:00;1.18;9.1;10.0;19.3;47.0;;17.95;704.1;0.0;28.0;5.8;0.578;21.85;7.6;119.0
7765;2024-11-19 13:00:00;1.02;3.8;12.5;16.5;52.0;253.0;15.87;;0.0;;5.2;0.0;;6.6;104.0
7766;2024-11-19 14:00:00;1.05;3.4;12.7;16.3;64.0;40.0;14.94;;0.0;;5.2;0.0;;7.8;54.0
7767;2024-11-19 15:00:00;1.04;3.4;14.3;17.9;66.0;45.0;15.17;;0.0;;5.8;0.0;;9.6;68.0
7768;2024-11-19 16:00:00;1.04;3.0;13.5;16.7;66.0;55.0;15.0;;0.0;2.0;5.4;0.0;;9.7;66.0
7769;2024-11-19 17:00:00;1.09;3.0;14.2;17.4;62.0;55.0;14.39;701.3;0.0;31.0;4.9;0.135;21.77;9.0;71.0
7770;2024-11-19 18:00:00;1.13;2.1;15.4;17.6;57.0;47.0;13.96;709.4;0.0;35.0;4.5;0.018;25.84;7.2;102.0
7771;2024-11-19 19:00:00;1.31;2.2;27.5;30.0;38.0;44.0;15.66;710.0;0.0;36.0;4.4;0.0;24.69;6.2;93.0
7772;2024-11-19 20:00:00;1.11;2.1;15.6;17.8;43.0;42.0;11.51;710.7;0.0;34.0;4.2;0.0;24.05;8.2;97.0
7773;2024-11-19 21:00:00;1.07;2.0;13.2;15.4;44.0;38.0;11.24;711.5;0.0;35.0;4.1;0.0;23.25;5.6;90.0
7774;2024-11-19 22:00:00;1.09;2.3;15.7;18.2;39.0;39.0;12.23;712.0;0.0;34.0;4.1;0.0;22.81;5.1;85.0
7775;2024-11-19 23:00:00;1.32;2.5;28.7;31.3;20.0;39.0;15.21;712.5;0.0;42.0;3.9;0.0;20.99;2.8;218.0
7776;2024-11-20 00:00:00;1.43;6.9;34.5;41.5;11.0;41.0;19.24;712.9;0.0;49.0;3.9;0.0;19.79;1.8;222.0
7777;2024-11-20 01:00:00;1.51;12.1;39.1;51.3;7.0;46.0;20.82;713.1;0.0;50.0;4.2;0.0;19.37;1.8;246.0
7778;2024-11-20 02:00:00;1.43;5.8;35.5;41.5;8.0;45.0;20.49;713.6;0.0;53.0;4.4;0.0;18.73;1.8;290.0
7779;2024-11-20 03:00:00;2.03;25.3;41.0;66.5;5.0;53.0;29.52;714.1;0.0;46.0;5.8;0.0;18.63;;167.0
7780;2024-11-20 04:00:00;1.76;12.3;37.4;49.9;5.0;60.0;25.25;714.5;0.0;49.0;5.4;0.0;17.88;;248.0
7781;2024-11-20 05:00:00;1.36;4.0;31.0;35.3;12.0;56.0;20.69;714.9;0.0;49.0;5.9;0.0;18.16;4.0;237.0
7782;2024-11-20 06:00:00;1.36;5.8;39.0;45.0;8.0;58.0;32.26;715.4;0.0;51.0;11.0;0.0;18.16;6.7;221.0
7783;2024-11-20 07:00:00;1.48;9.7;35.4;45.3;10.0;57.0;22.77;716.3;0.0;46.0;8.9;0.0;17.58;3.8;76.0
7784;2024-11-20 08:00:00;1.47;11.4;35.1;46.7;14.0;57.0;13.44;717.2;0.0;30.0;7.0;0.016;18.6;8.4;85.0
7785;2024-11-20 09:00:00;1.33;14.7;28.9;43.9;22.0;56.0;11.95;718.1;0.0;26.0;7.5;0.048;20.19;8.9;75.0
7786;2024-11-20 10:00:00;1.07;5.7;13.8;19.7;42.0;49.0;7.87;718.7;0.0;24.0;4.6;0.298;20.85;9.2;49.0
7787;2024-11-20 11:00:00;1.1;5.3;12.2;17.7;45.0;52.0;9.93;718.9;0.0;24.0;4.5;0.515;21.27;8.8;28.0
7788;2024-11-20 12:00:00;1.06;4.6;10.0;14.8;49.0;56.0;8.78;718.6;0.0;22.0;4.3;0.613;22.23;7.8;25.0
7789;2024-11-20 13:00:00;1.1;4.2;9.5;14.0;52.0;52.0;7.9;718.0;0.0;21.0;4.2;0.64;22.65;8.7;16.0
7790;2024-11-20 14:00:00;1.1;3.7;8.7;12.7;55.0;52.0;6.74;717.5;0.0;21.0;4.4;0.615;23.1;9.2;23.0
7791;2024-11-20 15:00:00;1.14;4.5;13.1;17.8;54.0;45.0;8.0;717.0;0.0;21.0;6.4;0.513;23.84;7.4;38.0
7792;2024-11-20 16:00:00;1.16;4.0;12.6;16.8;56.0;41.0;7.83;716.7;0.0;22.0;5.2;0.364;23.8;9.3;37.0
7793;2024-11-20 17:00:00;1.22;3.9;17.4;21.5;50.0;42.0;8.52;716.8;0.0;23.0;6.5;0.15;23.2;8.8;49.0
7794;2024-11-20 18:00:00;1.26;3.6;22.0;25.8;41.0;45.0;11.48;717.1;0.0;27.0;6.4;0.021;21.95;10.4;41.0
7795;2024-11-20 19:00:00;1.28;2.5;15.9;18.6;43.0;54.0;8.96;717.7;0.0;32.0;6.0;0.0;20.44;8.7;104.0
7796;2024-11-20 20:00:00;1.21;2.2;12.8;15.2;44.0;44.0;6.71;718.2;0.0;32.0;4.6;0.0;19.43;10.9;115.0
7797;2024-11-20 21:00:00;1.19;2.2;10.5;12.9;46.0;35.0;6.87;718.5;0.0;33.0;4.3;0.0;18.74;11.6;121.0
7798;2024-11-20 22:00:00;1.18;2.1;9.7;12.0;45.0;36.0;6.66;718.8;0.0;34.0;4.2;0.0;18.28;9.8;121.0
7799;2024-11-20 23:00:00;1.17;2.1;9.7;11.9;45.0;29.0;6.29;718.8;0.0;35.0;4.0;0.0;17.8;7.6;110.0
7800;2024-11-21 00:00:00;1.17;2.1;7.8;10.1;46.0;27.0;5.84;718.7;0.0;34.0;4.0;0.0;17.53;7.7;104.0
7801;2024-11-21 01:00:00;1.2;2.0;9.8;12.0;41.0;27.0;6.04;718.4;0.0;36.0;4.0;0.0;16.88;6.0;65.0
7802;2024-11-21 02:00:00;1.14;2.0;5.0;7.2;44.0;25.0;5.19;718.0;0.0;35.0;4.7;0.0;16.34;6.1;94.0
7803;2024-11-21 03:00:00;1.17;2.0;5.6;7.8;40.0;23.0;5.4;717.6;0.0;39.0;4.3;0.0;15.4;4.2;11.0
7804;2024-11-21 04:00:00;1.24;2.0;14.8;17.0;27.0;23.0;8.88;717.5;0.0;45.0;4.1;0.0;14.31;2.5;344.0
7805;2024-11-21 05:00:00;1.31;2.2;21.1;23.4;17.0;28.0;11.84;717.5;0.0;49.0;4.1;0.0;13.78;2.2;66.0
7806;2024-11-21 06:00:00;1.48;12.6;35.4;48.2;6.0;38.0;26.67;717.7;0.0;56.0;4.5;0.0;13.39;3.7;49.0
7807;2024-11-21 07:00:00;1.66;41.7;36.5;78.5;5.0;56.0;31.65;717.8;0.0;59.0;4.9;0.0;12.54;2.0;330.0
7808;2024-11-21 08:00:00;1.83;49.4;38.3;88.1;5.0;64.0;32.96;718.2;0.0;57.0;5.0;0.015;12.92;2.6;328.0
7809;2024-11-21 09:00:00;2.01;53.3;42.6;96.2;9.0;67.0;36.83;718.5;0.0;46.0;6.5;0.05;16.54;3.3;13.0
7810;2024-11-21 10:00:00;2.18;79.3;49.5;129.1;10.0;73.0;50.19;718.8;0.0;43.0;16.0;0.267;17.32;4.7;30.0
7811;2024-11-21 11:00:00;1.82;36.4;41.9;78.5;21.0;89.0;36.75;718.5;0.0;39.0;16.4;0.498;18.8;5.2;40.0
7812;2024-11-21 12:00:00;1.49;7.5;18.4;26.1;44.0;67.0;15.3;718.0;0.0;38.0;7.8;0.613;19.57;6.7;43.0
7813;2024-11-21 13:00:00;1.43;4.9;12.9;18.0;53.0;43.0;11.88;717.4;0.0;37.0;6.1;0.647;20.26;7.9;46.0
7814;2024-11-21 14:00:00;1.43;4.5;13.1;17.8;57.0;40.0;11.42;716.7;0.0;36.0;5.7;0.622;21.24;7.3;48.0
7815;2024-11-21 15:00:00;1.45;4.4;13.5;18.1;60.0;42.0;12.72;716.2;0.0;36.0;5.4;0.526;21.63;9.2;49.0
7816;2024-11-21 16:00:00;1.47;4.3;13.2;17.7;55.0;46.0;12.57;715.8;0.0;38.0;5.0;0.376;21.77;10.2;41.0
7817;2024-11-21 17:00:00;1.49;3.9;13.7;17.8;52.0;46.0;11.31;715.8;0.0;39.0;4.7;0.153;21.61;9.1;56.0
7818;2024-11-21 18:00:00;1.49;2.6;14.6;17.5;52.0;39.0;10.66;716.0;0.0;41.0;4.4;0.015;20.47;7.8;95.0
7819;2024-11-21 19:00:00;1.64;2.6;22.2;25.0;39.0;34.0;12.46;716.3;0.0;46.0;4.3;0.0;19.48;6.4;93.0
7820;2024-11-21 20:00:00;1.64;2.7;24.3;27.2;28.0;37.0;12.87;716.7;0.0;48.0;4.3;0.0;18.82;5.4;82.0
7821;2024-11-21 21:00:00;1.53;2.7;18.2;21.0;33.0;34.0;11.6;717.0;0.0;48.0;4.1;0.0;18.25;6.4;97.0
7822;2024-11-21 22:00:00;1.41;2.4;9.8;12.4;41.0;31.0;9.25;717.0;0.0;48.0;4.0;0.0;17.85;6.8;94.0
7823;2024-11-21 23:00:00;1.48;2.4;15.9;18.5;32.0;29.0;10.08;717.0;0.0;52.0;3.8;0.0;17.0;4.6;176.0
7824;2024-11-22 00:00:00;1.69;5.3;33.5;39.0;12.0;30.0;17.4;716.8;0.0;57.0;4.3;0.0;16.07;5.6;207.0
7825;2024-11-22 01:00:00;1.72;12.9;39.1;52.2;7.0;43.0;23.71;716.5;0.0;57.0;6.2;0.0;15.69;6.7;218.0
7826;2024-11-22 02:00:00;1.64;9.0;36.0;45.2;9.0;51.0;21.14;716.1;0.0;59.0;6.2;0.0;15.31;6.5;214.0
7827;2024-11-22 03:00:00;1.61;4.3;34.8;39.4;8.0;49.0;22.77;715.7;0.0;61.0;7.9;0.0;14.52;4.0;244.0
7828;2024-11-22 04:00:00;1.64;3.0;31.6;34.8;8.0;41.0;20.59;715.5;0.0;63.0;5.9;0.0;13.79;2.3;234.0
7829;2024-11-22 05:00:00;1.63;7.1;35.2;42.5;5.0;48.0;26.06;715.6;0.0;65.0;5.4;0.0;13.52;1.8;255.0
7830;2024-11-22 06:00:00;1.74;14.3;33.2;47.7;4.0;54.0;25.12;715.7;0.0;66.0;4.9;0.0;13.24;1.8;247.0
7831;2024-11-22 07:00:00;1.69;11.3;32.0;43.6;5.0;47.0;22.86;716.0;0.0;67.0;5.0;0.0;13.23;2.3;267.0
7832;2024-11-22 08:00:00;1.92;38.6;33.4;72.3;5.0;46.0;25.76;716.2;0.0;66.0;5.6;0.015;13.49;1.8;314.0
7833;2024-11-22 09:00:00;2.29;71.1;44.6;115.9;7.0;55.0;42.18;716.5;0.0;54.0;6.8;0.05;16.5;5.3;234.0
7834;2024-11-22 10:00:00;2.35;42.1;46.9;89.3;16.0;83.0;40.62;716.6;0.0;45.0;7.0;0.256;18.87;4.6;23.0
7835;2024-11-22 11:00:00;2.73;41.0;52.8;94.0;19.0;89.0;52.24;716.7;0.0;41.0;12.0;0.48;20.09;5.2;16.0
7836;2024-11-22 12:00:00;2.09;28.4;45.8;74.3;26.0;100.0;39.89;716.3;0.0;38.0;13.4;0.586;21.22;6.4;46.0
7837;2024-11-22 13:00:00;1.87;17.6;39.9;57.8;37.0;86.0;30.05;715.7;0.0;37.0;18.9;0.625;21.93;6.3;35.0
7838;2024-11-22 14:00:00;1.75;10.8;33.2;44.2;53.0;72.0;25.69;715.0;0.0;36.0;15.2;0.6;22.81;8.6;68.0
7839;2024-11-22 15:00:00;1.77;5.9;24.7;30.8;70.0;61.0;24.61;714.2;0.0;36.0;8.2;0.499;23.36;8.5;62.0
7840;2024-11-22 16:00:00;1.73;4.6;21.0;25.9;75.0;59.0;24.87;713.7;0.0;37.0;8.4;0.358;23.56;10.8;57.0
7841;2024-11-22 17:00:00;1.7;3.6;17.2;21.0;75.0;60.0;22.26;713.7;0.0;39.0;7.5;0.144;23.33;8.8;107.0
7842;2024-11-22 18:00:00;1.79;3.2;22.0;25.3;65.0;50.0;21.96;713.9;0.0;43.0;6.0;0.016;21.91;7.6;100.0
7843;2024-11-22 19:00:00;1.91;3.0;28.6;31.8;52.0;48.0;21.56;714.2;0.0;44.0;5.6;0.0;20.87;6.2;90.0
7844;2024-11-22 20:00:00;1.94;3.8;35.3;39.3;25.0;43.0;21.92;714.4;0.0;52.0;5.3;0.0;20.25;6.6;59.0
7845;2024-11-22 21:00:00;2.03;5.5;40.7;46.4;10.0;46.0;25.47;714.5;0.0;58.0;4.8;0.0;18.92;2.1;310.0
7846;2024-11-22 22:00:00;2.01;5.0;34.2;39.3;13.0;47.0;22.96;714.4;0.0;61.0;4.4;0.0;18.16;1.9;261.0
7847;2024-11-22 23:00:00;1.77;3.2;23.2;26.6;22.0;40.0;16.32;714.3;0.0;61.0;4.3;0.0;17.95;2.4;276.0
7848;2024-11-23 00:00:00;2.07;8.1;41.7;50.0;8.0;36.0;28.18;714.2;0.0;63.0;4.6;0.0;16.98;2.7;224.0
7849;2024-11-23 01:00:00;2.12;23.0;48.4;71.7;4.0;52.0;39.25;713.9;0.0;63.0;8.0;0.0;16.47;3.5;236.0
7850;2024-11-23 02:00:00;2.1;23.4;44.0;67.7;4.0;66.0;40.19;713.8;0.0;67.0;7.3;0.0;15.78;1.8;270.0
7851;2024-11-23 03:00:00;2.08;19.7;41.1;61.0;4.0;66.0;35.95;713.6;0.0;68.0;6.1;0.0;15.26;1.8;253.0
7852;2024-11-23 04:00:00;1.83;5.8;35.3;41.3;8.0;59.0;31.33;713.4;0.0;66.0;7.3;0.0;14.98;2.7;274.0
7853;2024-11-23 05:00:00;1.97;18.9;34.1;53.3;5.0;53.0;33.97;713.2;0.0;71.0;6.1;0.0;14.33;1.8;274.0
7854;2024-11-23 06:00:00;1.91;12.3;32.4;44.9;5.0;54.0;31.98;713.2;0.0;70.0;5.4;0.0;14.06;1.9;231.0
7855;2024-11-23 07:00:00;1.78;8.3;32.0;40.5;5.0;49.0;29.5;713.5;0.0;70.0;5.4;0.0;13.54;1.8;231.0
7856;2024-11-23 08:00:00;2.04;44.4;31.4;76.1;;51.0;34.81;713.8;0.0;75.0;5.3;0.015;13.8;1.9;281.0
7857;2024-11-23 09:00:00;2.05;37.1;30.3;67.6;8.0;58.0;47.81;714.2;0.0;73.0;5.2;0.056;15.69;5.6;347.0
7858;2024-11-23 10:00:00;2.08;30.6;30.9;61.7;14.0;70.0;54.59;714.3;0.0;72.0;5.1;0.247;16.88;5.7;344.0
7859;2024-11-23 11:00:00;2.04;22.9;31.0;54.2;22.0;79.0;53.34;714.2;0.0;66.0;5.3;0.478;18.56;6.2;351.0
7860;2024-11-23 12:00:00;1.96;12.5;27.5;40.2;38.0;75.0;49.89;713.8;0.0;59.0;5.6;0.582;20.58;5.4;14.0
7861;2024-11-23 13:00:00;2.18;17.7;39.0;57.0;35.0;77.0;54.81;713.0;0.0;55.0;8.3;0.59;21.85;6.6;50.0
7862;2024-11-23 14:00:00;2.04;10.6;33.8;44.6;50.0;81.0;48.11;712.1;0.0;51.0;10.5;0.566;22.83;7.7;88.0
7863;2024-11-23 15:00:00;2.06;6.3;29.4;35.9;73.0;73.0;56.08;711.6;0.0;49.0;7.4;0.466;23.7;7.7;47.0
7864;2024-11-23 16:00:00;1.94;4.8;23.5;28.6;76.0;76.0;42.3;711.4;0.0;48.0;6.4;0.336;24.52;7.1;47.0
7865;2024-11-23 17:00:00;1.65;3.2;9.6;13.1;67.0;65.0;20.08;711.3;0.0;47.0;5.5;0.137;24.17;8.8;119.0
7866;2024-11-23 18:00:00;1.68;2.9;11.7;14.8;52.0;47.0;20.11;711.4;0.0;51.0;4.8;0.016;23.13;6.9;96.0
7867;2024-11-23 19:00:00;1.73;2.8;14.3;17.3;38.0;37.0;20.99;711.6;0.0;54.0;4.4;0.0;22.1;5.4;98.0
7868;2024-11-23 20:00:00;1.71;2.9;16.1;19.2;31.0;37.0;21.28;711.8;0.0;55.0;4.3;0.0;21.48;6.3;110.0
7869;2024-11-23 21:00:00;1.57;2.6;7.4;10.2;37.0;35.0;18.96;711.8;0.0;57.0;4.1;0.0;21.31;8.7;126.0
7870;2024-11-23 22:00:00;1.62;2.4;10.5;13.1;30.0;36.0;18.83;711.8;0.0;61.0;4.0;0.0;20.43;5.2;142.0
7871;2024-11-23 23:00:00;1.85;3.1;24.4;27.7;17.0;34.0;26.53;711.8;0.0;65.0;4.1;0.0;18.86;4.5;214.0
7872;2024-11-24 00:00:00;1.99;3.2;33.8;37.2;12.0;45.0;37.28;711.8;0.0;65.0;5.6;0.0;18.03;2.8;250.0
7873;2024-11-24 01:00:00;2.33;24.7;35.0;60.0;6.0;53.0;45.89;711.7;0.0;71.0;5.3;0.0;17.03;1.8;254.0
7874;2024-11-24 02:00:00;2.16;13.0;34.9;48.1;6.0;65.0;46.99;711.4;0.0;71.0;4.9;0.0;16.54;2.5;242.0
7875;2024-11-24 03:00:00;1.97;12.1;32.3;44.6;4.0;53.0;45.0;711.2;0.0;76.0;4.7;0.0;15.87;2.0;318.0
7876;2024-11-24 04:00:00;1.99;12.6;26.2;39.0;4.0;51.0;34.37;711.0;0.0;81.0;4.4;0.0;15.21;1.8;239.0
7877;2024-11-24 05:00:00;2.24;16.5;25.5;42.2;4.0;46.0;38.37;711.0;0.0;82.0;4.3;0.0;14.7;1.8;284.0
7878;2024-11-24 06:00:00;1.87;10.1;25.0;35.3;;49.0;37.63;710.9;0.0;82.0;4.2;0.0;14.3;1.8;264.0
7879;2024-11-24 07:00:00;1.76;9.9;21.5;31.7;;48.0;41.92;711.2;0.0;85.0;4.3;0.0;14.1;1.7;320.0
7880;2024-11-24 08:00:00;1.75;8.9;19.6;28.8;6.0;54.0;45.24;711.7;0.0;87.0;4.2;0.017;14.07;1.7;241.0
7881;2024-11-24 09:00:00;1.84;15.3;22.2;37.7;11.0;54.0;49.01;712.0;0.0;78.0;4.3;0.059;17.44;1.8;90.0
7882;2024-11-24 10:00:00;1.83;14.8;25.1;40.1;20.0;62.0;52.05;712.2;0.0;59.0;5.1;0.238;19.94;2.7;61.0
7883;2024-11-24 11:00:00;1.85;13.7;24.6;38.5;28.0;69.0;53.36;712.1;0.0;51.0;5.6;0.496;21.88;3.8;29.0
7884;2024-11-24 12:00:00;1.97;18.7;36.0;54.9;30.0;71.0;57.91;711.6;0.0;46.0;7.0;0.591;23.44;4.8;72.0
7885;2024-11-24 13:00:00;2.13;16.2;41.5;58.0;40.0;82.0;68.13;711.0;0.0;45.0;10.5;0.616;24.28;6.6;71.0
7886;2024-11-24 14:00:00;2.04;7.0;27.1;34.3;66.0;87.0;62.41;710.3;0.0;46.0;8.1;0.591;25.14;7.9;69.0
7887;2024-11-24 15:00:00;1.93;4.8;20.7;25.8;77.0;85.0;51.99;709.9;0.0;49.0;6.0;0.494;25.52;9.1;56.0
7888;2024-11-24 16:00:00;1.89;3.7;17.2;21.1;85.0;77.0;46.83;709.8;0.0;49.0;5.4;0.345;25.86;9.3;47.0
7889;2024-11-24 17:00:00;1.85;3.4;17.3;20.8;74.0;73.0;38.58;709.9;0.0;49.0;5.1;0.127;25.64;8.8;33.0
7890;2024-11-24 18:00:00;1.79;3.2;19.9;23.3;51.0;58.0;28.46;710.1;0.0;50.0;4.8;0.016;24.44;8.2;53.0
7891;2024-11-24 19:00:00;1.77;2.8;17.2;20.1;44.0;47.0;25.35;710.5;0.0;51.0;4.5;0.0;23.52;6.7;48.0
7892;2024-11-24 20:00:00;1.83;2.8;20.0;23.0;28.0;43.0;25.01;710.7;0.0;57.0;4.3;0.0;22.05;3.6;57.0
7893;2024-11-24 21:00:00;1.96;3.1;30.5;33.8;20.0;40.0;28.92;711.1;0.0;61.0;4.0;0.0;20.78;3.0;225.0
7894;2024-11-24 22:00:00;2.0;3.9;36.1;40.2;12.0;43.0;28.35;711.3;0.0;62.0;4.2;0.0;20.11;3.0;207.0
7895;2024-11-24 23:00:00;2.17;8.0;43.1;51.4;7.0;44.0;39.88;711.3;0.0;64.0;4.4;0.0;19.52;3.8;224.0
7896;2024-11-25 00:00:00;2.17;6.5;45.6;52.3;6.0;58.0;45.54;711.2;0.0;63.0;6.0;0.0;19.2;5.4;227.0
7897;2024-11-25 01:00:00;1.96;4.4;39.2;43.8;10.0;66.0;39.65;711.0;0.0;62.0;9.1;0.0;18.89;4.6;243.0
7898;2024-11-25 02:00:00;1.85;3.8;33.3;37.2;12.0;65.0;37.41;710.9;0.0;61.0;7.5;0.0;18.56;2.7;300.0
7899;2024-11-25 03:00:00;1.73;3.7;28.4;32.2;13.0;59.0;32.17;710.8;0.0;62.0;6.4;0.0;17.7;2.9;253.0
7900;2024-11-25 04:00:00;1.76;4.2;34.3;38.7;7.0;53.0;33.21;710.8;0.0;64.0;5.9;0.0;17.22;2.5;263.0
7901;2024-11-25 05:00:00;1.74;4.7;33.9;38.9;5.0;52.0;32.92;710.9;0.0;65.0;5.2;0.0;16.56;2.7;265.0
7902;2024-11-25 06:00:00;1.63;4.5;31.7;36.4;7.0;55.0;29.63;711.0;0.0;59.0;5.6;0.0;16.8;2.9;248.0
7903;2024-11-25 07:00:00;1.84;18.1;32.2;50.5;6.0;54.0;26.85;711.2;0.0;52.0;6.0;0.0;17.09;2.6;212.0
7904;2024-11-25 08:00:00;1.83;32.5;36.0;68.8;6.0;57.0;21.31;711.7;0.0;42.0;8.2;0.013;18.77;5.5;226.0
7905;2024-11-25 09:00:00;2.53;78.0;41.4;119.7;7.0;62.0;29.78;712.2;0.0;40.0;7.6;0.043;22.25;2.9;1.0
7906;2024-11-25 10:00:00;2.18;42.2;43.4;85.8;15.0;78.0;25.45;712.6;0.0;31.0;7.7;0.219;25.3;3.1;123.0
7907;2024-11-25 11:00:00;2.12;31.8;48.5;80.5;22.0;73.0;27.24;712.8;0.0;25.0;8.1;0.487;27.61;4.6;83.0
7908;2024-11-25 12:00:00;2.53;33.1;69.5;102.7;29.0;85.0;59.68;712.7;0.0;29.0;8.5;0.575;27.82;5.8;45.0
7909;2024-11-25 13:00:00;2.65;21.1;74.3;95.5;47.0;109.0;71.07;712.4;0.0;30.0;13.1;0.594;28.35;8.3;103.0
7910;2024-11-25 14:00:00;1.96;8.4;37.3;46.0;71.0;120.0;44.47;712.0;0.0;28.0;9.9;0.575;29.07;9.4;81.0
7911;2024-11-25 15:00:00;1.88;6.5;29.0;35.7;80.0;100.0;35.66;711.8;0.0;30.0;7.0;0.494;29.42;9.7;69.0
7912;2024-11-25 16:00:00;1.93;5.6;32.0;37.8;85.0;82.0;35.5;712.0;0.0;34.0;6.4;0.336;29.34;9.7;63.0
7913;2024-11-25 17:00:00;2.05;5.0;40.3;45.5;91.0;83.0;50.33;712.4;0.0;39.0;14.7;0.123;28.04;9.6;52.0
7914;2024-11-25 18:00:00;1.95;4.4;33.9;38.5;60.0;96.0;38.36;712.9;0.0;44.0;21.8;0.015;26.19;7.9;47.0
7915;2024-11-25 19:00:00;2.02;4.1;38.0;42.3;47.0;82.0;33.26;713.6;0.0;46.0;18.8;0.0;25.32;7.8;54.0
7916;2024-11-25 20:00:00;1.95;4.9;43.1;48.2;28.0;66.0;29.55;714.3;0.0;47.0;17.4;0.0;24.79;6.2;27.0
7917;2024-11-25 21:00:00;2.29;7.6;57.0;64.8;7.0;59.0;33.18;715.0;0.0;53.0;11.7;0.0;23.17;2.3;242.0
7918;2024-11-25 22:00:00;2.59;20.4;60.6;81.2;4.0;65.0;38.9;715.4;0.0;59.0;8.2;0.0;21.86;1.8;258.0
7919;2024-11-25 23:00:00;2.7;50.9;51.9;103.1;4.0;72.0;45.35;715.7;0.0;63.0;7.1;0.0;21.38;1.9;228.0
7920;2024-11-26 00:00:00;2.31;23.1;51.5;74.9;4.0;77.0;37.2;715.8;0.0;63.0;6.3;0.0;20.76;2.2;240.0
7921;2024-11-26 01:00:00;1.92;5.9;42.0;48.1;6.0;65.0;30.17;715.8;0.0;62.0;5.8;0.0;20.67;1.9;261.0
7922;2024-11-26 02:00:00;1.71;4.5;34.6;39.3;10.0;49.0;23.01;715.8;0.0;64.0;5.7;0.0;20.02;2.0;287.0
7923;2024-11-26 03:00:00;1.63;3.9;20.3;24.4;20.0;40.0;21.21;715.6;0.0;62.0;5.9;0.0;20.11;2.5;210.0
7924;2024-11-26 04:00:00;1.69;4.5;26.0;30.8;12.0;43.0;23.6;715.6;0.0;65.0;5.5;0.0;19.41;3.6;281.0
7925;2024-11-26 05:00:00;1.58;4.0;24.4;28.6;16.0;55.0;21.62;715.9;0.0;63.0;6.5;0.0;19.19;8.5;68.0
7926;2024-11-26 06:00:00;1.55;5.9;27.3;33.4;9.0;58.0;19.45;716.0;0.0;64.0;6.5;0.0;17.92;9.2;94.0
7927;2024-11-26 07:00:00;1.6;10.9;27.8;38.9;6.0;57.0;19.17;716.2;0.0;62.0;8.5;0.0;16.97;8.7;89.0
7928;2024-11-26 08:00:00;1.69;18.9;26.4;45.5;6.0;52.0;20.12;716.5;0.0;61.0;9.1;0.016;16.3;9.2;92.0
7929;2024-11-26 09:00:00;1.67;23.9;23.3;47.5;8.0;59.0;19.54;717.1;0.0;58.0;10.7;0.079;15.92;9.7;67.0
7930;2024-11-26 10:00:00;1.66;22.5;19.5;42.2;10.0;53.0;25.84;717.2;0.0;57.0;10.2;0.173;16.31;7.3;61.0
7931;2024-11-26 11:00:00;1.15;24.2;21.6;46.0;15.0;;;717.1;0.0;53.0;10.4;0.332;17.4;8.6;35.0
7932;2024-11-26 12:00:00;0.96;23.6;24.6;48.4;15.0;279.0;;716.6;0.0;52.0;11.0;0.311;18.25;9.6;51.0
7933;2024-11-26 13:00:00;0.94;15.1;25.9;41.2;20.0;73.0;;715.9;0.0;53.0;10.4;0.254;18.36;10.2;48.0
7934;2024-11-26 14:00:00;0.93;11.3;20.7;32.3;24.0;78.0;;714.9;0.0;57.0;7.0;0.289;18.34;10.6;58.0
7935;2024-11-26 15:00:00;0.89;8.8;17.5;26.6;25.0;67.0;24.9;714.4;0.0;59.0;6.2;0.277;18.08;11.0;57.0
7936;2024-11-26 16:00:00;0.89;7.3;16.5;24.0;27.0;61.0;24.19;714.0;0.0;61.0;5.4;0.249;18.08;9.0;65.0
7937;2024-11-26 17:00:00;0.98;10.8;22.0;33.0;19.0;57.0;27.83;713.9;0.0;63.0;6.2;0.111;17.94;8.7;56.0
7938;2024-11-26 18:00:00;1.0;6.2;21.1;27.6;16.0;64.0;27.03;713.8;0.0;68.0;5.2;0.02;16.71;8.3;56.0
7939;2024-11-26 19:00:00;1.13;8.9;26.3;35.4;7.0;57.0;27.52;713.8;0.0;71.0;4.6;0.0;15.75;6.1;39.0
7940;2024-11-26 20:00:00;1.23;19.5;27.2;46.9;4.0;53.0;25.23;713.8;0.0;73.0;4.6;0.0;15.24;3.0;336.0
7941;2024-11-26 21:00:00;0.99;8.0;17.6;25.8;12.0;53.0;25.87;713.9;0.0;75.0;4.3;0.0;15.36;5.5;97.0
7942;2024-11-26 22:00:00;1.16;17.0;26.1;43.3;4.0;47.0;30.77;713.9;0.0;74.0;4.3;0.0;14.77;5.0;24.0
7943;2024-11-26 23:00:00;1.21;33.4;26.6;60.1;4.0;50.0;36.19;713.6;0.0;76.0;4.5;0.0;14.3;2.9;342.0
7944;2024-11-27 00:00:00;1.17;25.4;25.8;51.4;4.0;60.0;34.03;713.3;0.0;77.0;4.6;0.0;14.0;2.0;261.0
7945;2024-11-27 01:00:00;1.28;32.2;24.7;57.0;;53.0;33.63;712.7;0.0;78.0;4.4;0.0;13.78;1.8;245.0
7946;2024-11-27 02:00:00;1.31;35.8;24.1;60.2;;50.0;35.23;712.1;0.0;79.0;4.6;0.0;13.72;2.0;280.0
7947;2024-11-27 03:00:00;1.41;51.7;25.4;77.4;;58.0;42.26;711.5;0.0;80.0;4.7;0.0;13.69;1.9;294.0
7948;2024-11-27 04:00:00;1.41;52.8;25.0;78.1;;69.0;46.01;711.2;0.0;81.0;4.8;0.0;13.37;2.1;279.0
7949;2024-11-27 05:00:00;1.42;63.3;28.0;91.6;5.0;70.0;58.65;710.8;0.0;80.0;5.4;0.0;13.61;3.8;259.0
7950;2024-11-27 06:00:00;1.42;62.3;30.7;93.4;5.0;93.0;;710.5;0.0;78.0;7.0;0.0;13.88;3.5;277.0
7951;2024-11-27 07:00:00;1.43;55.3;30.0;85.6;5.0;103.0;;710.5;0.0;76.0;7.2;0.0;14.13;3.2;241.0
7952;2024-11-27 08:00:00;1.73;78.7;27.3;106.3;4.0;95.0;;710.4;0.0;76.0;6.3;0.014;14.48;2.9;298.0
7953;2024-11-27 09:00:00;2.17;100.8;35.6;136.8;6.0;76.0;;710.3;0.0;62.0;6.5;0.047;18.35;3.5;71.0
7954;2024-11-27 10:00:00;2.46;91.8;51.8;143.9;9.0;90.0;;710.5;0.0;52.0;7.1;0.199;20.98;3.9;59.0
7955;2024-11-27 11:00:00;1.83;38.5;53.6;92.3;19.0;96.0;79.45;710.3;0.0;42.0;7.7;0.479;24.08;4.1;72.0
7956;2024-11-27 12:00:00;1.91;34.3;67.2;101.6;27.0;92.0;83.45;710.0;0.0;38.0;8.0;0.572;25.49;5.7;64.0
7957;2024-11-27 13:00:00;2.03;37.7;87.1;124.9;30.0;103.0;84.51;709.3;0.0;36.0;13.7;0.595;26.75;6.1;85.0
7958;2024-11-27 14:00:00;2.19;28.2;97.9;126.2;43.0;127.0;79.45;708.6;0.0;36.0;19.6;0.518;27.51;7.0;84.0
7959;2024-11-27 15:00:00;1.94;9.3;61.6;71.1;78.0;135.0;83.45;708.1;0.0;37.0;12.7;0.361;27.9;7.6;81.0
7960;2024-11-27 16:00:00;1.68;6.2;47.8;54.3;74.0;115.0;84.51;708.3;0.0;41.0;9.2;0.135;27.12;6.2;79.0
7961;2024-11-27 17:00:00;1.75;5.9;46.6;52.7;60.0;93.0;88.27;708.3;0.0;47.0;6.5;0.083;26.25;5.9;69.0
7962;2024-11-27 18:00:00;1.76;5.5;49.1;54.9;41.0;90.0;;708.5;0.0;52.0;5.7;0.017;24.84;4.5;62.0
7963;2024-11-27 19:00:00;1.96;6.9;58.5;65.6;22.0;76.0;;708.8;0.0;54.0;5.3;0.0;23.47;4.7;29.0
7964;2024-11-27 20:00:00;1.73;5.9;49.3;55.5;29.0;81.0;55.08;709.2;0.0;58.0;5.5;0.0;22.22;2.8;2.0
7965;2024-11-27 21:00:00;1.82;6.5;62.0;68.8;15.0;79.0;47.06;709.4;0.0;63.0;5.6;0.0;20.86;2.7;274.0
7966;2024-11-27 22:00:00;1.99;13.5;68.4;82.1;5.0;80.0;46.49;709.6;0.0;66.0;5.9;0.0;20.13;2.7;237.0
7967;2024-11-27 23:00:00;2.26;27.2;65.9;93.3;4.0;85.0;45.53;709.6;0.0;66.0;6.3;0.0;19.9;4.0;232.0
7968;2024-11-28 00:00:00;1.93;13.7;61.6;75.6;4.0;85.0;48.7;709.5;0.0;63.0;6.9;0.0;19.62;4.3;240.0
7969;2024-11-28 01:00:00;1.89;28.1;62.0;90.2;4.0;86.0;54.8;709.2;0.0;61.0;7.6;0.0;19.26;3.1;253.0
7970;2024-11-28 02:00:00;1.77;34.0;60.8;94.9;;84.0;54.72;709.0;0.0;60.0;8.2;0.0;19.03;2.6;274.0
7971;2024-11-28 03:00:00;1.74;34.2;56.5;91.0;;92.0;53.02;708.8;0.0;60.0;7.5;0.0;18.31;2.5;5.0
7972;2024-11-28 04:00:00;1.31;6.8;45.9;52.9;6.0;88.0;41.14;708.7;0.0;52.0;7.8;0.0;18.52;2.6;19.0
7973;2024-11-28 05:00:00;1.24;8.7;43.1;52.0;5.0;95.0;37.03;708.9;0.0;47.0;7.3;0.0;18.61;3.1;287.0
7974;2024-11-28 06:00:00;1.09;7.9;38.7;46.8;7.0;81.0;30.06;709.2;0.0;41.0;8.2;0.0;19.02;4.4;261.0
7975;2024-11-28 07:00:00;1.34;32.9;41.5;74.6;5.0;67.0;26.28;709.7;0.0;38.0;8.0;0.0;18.91;3.4;266.0
7976;2024-11-28 08:00:00;1.88;42.6;43.4;86.2;9.0;73.0;48.08;711.3;0.0;59.0;6.9;0.013;18.46;8.0;91.0
7977;2024-11-28 09:00:00;1.33;14.0;30.6;44.8;18.0;81.0;35.24;712.4;0.0;61.0;7.0;0.051;19.6;10.8;82.0
7978;2024-11-28 10:00:00;1.14;9.4;17.6;27.3;30.0;79.0;34.46;713.0;0.0;61.0;6.9;0.192;19.76;13.3;52.0
7979;2024-11-28 11:00:00;1.1;9.1;15.6;24.9;30.0;111.0;35.15;713.4;0.0;61.0;5.9;0.392;19.15;13.0;55.0
7980;2024-11-28 12:00:00;1.07;9.6;14.4;24.3;29.0;125.0;29.92;713.4;0.0;53.0;5.7;0.537;18.95;12.7;48.0
7981;2024-11-28 13:00:00;1.03;8.1;13.5;21.8;34.0;143.0;24.97;713.0;0.0;48.0;5.5;0.539;19.18;12.5;45.0
7982;2024-11-28 14:00:00;1.03;6.6;15.0;21.9;34.0;112.0;22.5;712.4;0.0;45.0;5.1;0.242;19.64;9.9;37.0
7983;2024-11-28 15:00:00;1.1;6.6;18.7;25.6;31.0;93.0;21.34;712.0;0.0;43.0;5.2;0.16;19.91;9.5;66.0
7984;2024-11-28 16:00:00;1.11;6.3;20.3;26.8;30.0;76.0;20.9;711.9;0.0;43.0;5.4;0.1;19.68;8.8;61.0
7985;2024-11-28 17:00:00;1.13;6.9;24.4;31.6;22.0;66.0;18.89;712.2;0.0;43.0;4.9;0.043;19.12;8.6;36.0
7986;2024-11-28 18:00:00;1.12;5.3;24.4;30.0;22.0;62.0;18.24;712.9;0.0;43.0;4.9;0.007;18.32;10.9;27.0
7987;2024-11-28 19:00:00;1.03;5.0;19.3;24.5;25.0;64.0;15.14;713.5;0.0;42.0;4.8;0.0;17.11;11.9;18.0
7988;2024-11-28 20:00:00;1.03;4.2;21.4;25.7;21.0;56.0;15.02;714.3;0.0;42.0;4.6;0.0;16.5;9.3;45.0
7989;2024-11-28 21:00:00;1.0;4.5;23.0;27.7;18.0;49.0;14.81;714.9;0.0;43.0;4.3;0.0;15.9;8.9;25.0
7990;2024-11-28 22:00:00;0.9;3.4;17.2;20.9;23.0;44.0;12.24;715.2;0.0;44.0;4.1;0.0;15.16;11.3;6.0
7991;2024-11-28 23:00:00;1.1;7.0;18.2;25.4;22.0;44.0;12.12;715.2;0.0;45.0;4.3;0.0;14.74;9.5;13.0
7992;2024-11-29 00:00:00;1.11;3.1;17.5;20.8;23.0;46.0;11.95;715.2;0.0;45.0;4.4;0.0;14.37;9.9;14.0
7993;2024-11-29 01:00:00;1.01;2.7;14.6;17.5;24.0;42.0;11.68;715.2;0.0;46.0;4.4;0.0;14.2;7.7;7.0
7994;2024-11-29 02:00:00;0.86;2.5;10.4;13.2;28.0;36.0;9.81;715.4;0.0;47.0;4.2;0.0;14.05;7.2;354.0
7995;2024-11-29 03:00:00;0.86;2.3;7.5;10.0;33.0;33.0;6.97;715.6;0.0;45.0;4.1;0.0;13.76;9.8;357.0
7996;2024-11-29 04:00:00;0.98;2.2;10.4;12.8;31.0;26.0;7.07;716.1;0.0;44.0;4.3;0.0;13.68;6.9;6.0
7997;2024-11-29 05:00:00;0.8;2.1;7.8;10.1;32.0;25.0;6.3;716.2;0.0;46.0;4.1;0.0;13.5;7.3;9.0
7998;2024-11-29 06:00:00;0.82;2.1;11.0;13.3;26.0;25.0;6.65;716.5;0.0;47.0;4.2;0.0;13.11;8.8;23.0
7999;2024-11-29 07:00:00;0.83;2.6;14.3;17.1;23.0;30.0;6.39;717.2;0.0;44.0;4.2;0.0;12.24;9.1;40.0
8000;2024-11-29 08:00:00;0.89;3.8;17.5;21.5;20.0;32.0;7.02;717.8;0.0;43.0;4.3;0.0;12.15;6.8;28.0
8001;2024-11-29 09:00:00;1.09;5.7;17.8;23.7;20.0;30.0;9.05;718.4;0.0;42.0;4.6;0.0;12.4;8.3;32.0
8002;2024-11-29 10:00:00;1.06;9.6;21.3;31.2;17.0;31.0;11.27;718.6;0.0;42.0;4.8;0.0;12.65;8.2;48.0
8003;2024-11-29 11:00:00;1.16;12.1;21.8;34.2;17.0;49.0;14.32;718.7;0.0;42.0;5.1;0.0;13.15;6.3;38.0
8004;2024-11-29 12:00:00;1.11;14.0;22.8;37.0;17.0;53.0;17.52;718.4;0.0;40.0;5.3;0.0;13.77;6.8;24.0
8005;2024-11-29 13:00:00;1.11;16.2;23.1;39.6;15.0;57.0;18.06;717.8;0.0;39.0;5.3;0.0;13.62;8.0;43.0
8006;2024-11-29 14:00:00;1.12;19.2;25.1;44.5;15.0;68.0;20.61;717.0;0.0;38.0;6.5;0.0;14.1;6.7;47.0
8007;2024-11-29 15:00:00;1.11;16.6;24.2;41.0;18.0;71.0;19.61;716.5;0.0;37.0;6.2;0.0;14.72;8.0;51.0
8008;2024-11-29 16:00:00;0.96;11.2;19.1;30.6;23.0;63.0;14.65;716.2;0.0;35.0;5.6;0.0;15.2;10.0;37.0
8009;2024-11-29 17:00:00;0.96;8.3;18.8;27.5;22.0;56.0;11.09;716.2;0.0;35.0;5.9;0.0;14.7;10.4;29.0
8010;2024-11-29 18:00:00;0.96;5.5;21.8;27.5;19.0;50.0;10.45;716.4;0.0;34.0;5.3;0.0;14.07;10.2;35.0
8011;2024-11-29 19:00:00;1.04;6.0;26.3;32.5;13.0;47.0;11.19;716.8;0.0;35.0;4.9;0.0;13.72;9.1;32.0
8012;2024-11-29 20:00:00;1.0;5.0;22.2;27.5;14.0;45.0;13.2;717.3;0.0;42.0;4.9;0.0;13.15;8.9;70.0
8013;2024-11-29 21:00:00;0.87;3.3;11.2;14.8;23.0;40.0;9.94;717.6;0.0;43.0;4.5;0.0;12.46;11.9;107.0
8014;2024-11-29 22:00:00;0.83;3.0;9.2;12.5;25.0;40.0;8.77;717.7;0.0;42.0;4.3;0.0;12.01;11.3;114.0
8015;2024-11-29 23:00:00;0.82;2.8;8.0;11.1;27.0;35.0;7.76;717.5;0.0;40.0;4.1;0.0;11.76;10.6;102.0
8016;2024-11-30 00:00:00;0.79;2.3;6.2;8.7;31.0;31.0;6.72;717.2;0.0;39.0;4.1;0.0;11.55;10.7;115.0
8017;2024-11-30 01:00:00;0.78;2.2;5.4;7.8;32.0;28.0;6.21;717.0;0.0;38.0;4.1;0.0;11.41;9.0;98.0
8018;2024-11-30 02:00:00;0.77;2.1;5.5;7.8;31.0;25.0;6.28;716.8;0.0;39.0;4.0;0.0;11.42;10.7;100.0
8019;2024-11-30 03:00:00;0.78;2.0;5.2;7.5;32.0;24.0;6.0;716.4;0.0;39.0;4.1;0.0;11.43;7.2;107.0
8020;2024-11-30 04:00:00;0.76;1.9;4.4;6.6;34.0;22.0;5.38;716.1;0.0;38.0;4.0;0.0;11.49;6.1;94.0
8021;2024-11-30 05:00:00;0.77;1.9;4.6;6.8;33.0;20.0;5.47;715.8;0.0;39.0;4.0;0.0;11.48;5.2;99.0
8022;2024-11-30 06:00:00;0.78;1.9;5.7;7.9;31.0;19.0;5.87;715.7;0.0;40.0;4.1;-0.001;11.5;4.3;100.0
8023;2024-11-30 07:00:00;0.78;1.9;7.7;9.8;30.0;22.0;5.8;716.1;0.0;39.0;4.1;-0.001;11.57;4.0;97.0
8024;2024-11-30 08:00:00;0.87;4.5;25.6;30.3;13.0;24.0;7.96;716.3;0.0;36.0;5.4;0.011;11.82;3.5;29.0
8025;2024-11-30 09:00:00;0.99;13.4;30.4;44.0;10.0;27.0;12.25;716.7;0.0;35.0;8.1;0.064;12.24;4.7;26.0
8026;2024-11-30 10:00:00;1.05;14.6;28.0;42.8;14.0;43.0;15.83;717.1;0.0;34.0;9.0;0.147;13.09;3.8;322.0
8027;2024-11-30 11:00:00;1.2;18.6;29.1;47.8;16.0;44.0;20.14;717.2;0.0;35.0;7.7;0.211;13.97;4.0;306.0
8028;2024-11-30 12:00:00;1.43;26.8;36.0;63.0;18.0;54.0;37.01;716.8;0.0;36.0;7.4;0.346;15.42;4.0;211.0
8029;2024-11-30 13:00:00;1.62;29.4;43.4;73.0;23.0;79.0;51.95;716.2;0.0;36.0;8.1;0.57;16.69;6.4;68.0
8030;2024-11-30 14:00:00;1.62;23.2;44.7;68.1;28.0;94.0;55.86;715.4;0.0;37.0;8.7;0.543;17.63;6.5;67.0
8031;2024-11-30 15:00:00;1.55;15.0;41.1;56.3;34.0;92.0;50.66;714.9;0.0;40.0;7.6;0.454;18.1;6.8;56.0
8032;2024-11-30 16:00:00;1.51;12.0;43.7;55.9;36.0;83.0;48.53;714.6;0.0;40.0;7.6;0.317;18.84;5.4;79.0
8033;2024-11-30 17:00:00;1.51;7.1;43.1;50.4;37.0;72.0;48.39;714.5;0.0;43.0;6.2;0.13;18.34;6.4;72.0
8034;2024-11-30 18:00:00;1.39;4.0;34.7;38.9;29.0;72.0;39.33;714.8;0.0;51.0;5.1;0.023;17.07;7.5;69.0
8035;2024-11-30 19:00:00;1.26;3.3;26.6;30.0;28.0;61.0;32.35;715.2;0.0;57.0;4.8;0.0;15.97;7.2;65.0
8036;2024-11-30 20:00:00;1.29;4.3;30.3;34.8;20.0;52.0;28.88;715.5;0.0;60.0;5.3;0.0;15.46;7.3;47.0
8037;2024-11-30 21:00:00;1.28;5.1;31.1;36.3;11.0;50.0;28.99;715.9;0.0;62.0;5.0;0.0;14.53;5.3;45.0
8038;2024-11-30 22:00:00;1.4;11.0;35.0;46.3;4.0;48.0;35.42;716.2;0.0;65.0;4.7;0.0;13.71;2.4;331.0
8039;2024-11-30 23:00:00;1.44;15.8;34.1;50.1;4.0;48.0;38.31;716.3;0.0;67.0;4.6;0.0;12.99;1.9;282.0
8040;2024-12-01 00:00:00;;;;;4.0;50.0;;;0.0;71.0;;;;;
8041;2024-12-01 01:00:00;1.63;26.4;33.0;59.6;4.0;50.0;33.57;715.8;0.0;71.0;4.5;0.0;12.42;1.8;242.0
8042;2024-12-01 02:00:00;1.69;27.2;34.7;62.1;4.0;53.0;38.71;715.6;0.0;70.0;4.7;0.0;12.35;2.1;238.0
8043;2024-12-01 03:00:00;1.78;38.8;36.7;75.7;4.0;60.0;47.3;715.5;0.0;71.0;5.6;0.0;11.87;2.0;310.0
8044;2024-12-01 04:00:00;1.64;19.7;34.3;54.2;;67.0;60.08;715.3;0.0;72.0;6.5;0.0;11.42;1.9;243.0
8045;2024-12-01 05:00:00;1.68;25.2;34.1;59.5;;65.0;56.34;715.3;0.0;72.0;6.9;0.0;11.43;3.2;241.0
8046;2024-12-01 06:00:00;1.54;13.6;33.5;47.4;;73.0;62.2;715.4;0.0;71.0;8.1;0.0;11.47;2.4;267.0
8047;2024-12-01 07:00:00;1.52;12.7;31.9;44.7;;92.0;63.85;715.7;0.0;70.0;9.3;0.0;11.39;2.6;253.0
8048;2024-12-01 08:00:00;1.55;23.8;33.5;57.6;6.0;83.0;62.32;716.1;0.0;69.0;13.2;0.014;11.68;4.0;239.0
8049;2024-12-01 09:00:00;1.54;23.3;31.8;55.2;10.0;96.0;69.64;716.4;0.0;60.0;15.5;0.055;14.16;5.4;219.0
8050;2024-12-01 10:00:00;1.61;25.6;35.7;61.5;18.0;84.0;63.02;716.8;0.0;52.0;13.3;0.157;17.28;3.7;11.0
8051;2024-12-01 11:00:00;1.9;19.5;38.6;58.3;28.0;82.0;69.02;717.0;0.0;53.0;10.0;0.433;18.15;6.2;38.0
8052;2024-12-01 12:00:00;1.7;16.6;39.2;56.0;36.0;95.0;69.65;716.7;0.0;52.0;9.7;0.539;18.84;6.3;65.0
8053;2024-12-01 13:00:00;1.4;8.9;23.1;32.2;49.0;83.0;75.05;716.0;0.0;51.0;8.3;0.559;19.77;6.0;54.0
8054;2024-12-01 14:00:00;1.28;7.6;21.6;29.5;54.0;62.0;44.79;715.2;0.0;49.0;8.2;0.578;20.65;7.3;56.0
8055;2024-12-01 15:00:00;1.32;6.1;22.4;28.7;61.0;52.0;35.28;714.8;0.0;47.0;8.0;0.409;21.35;7.2;84.0
8056;2024-12-01 16:00:00;1.4;4.1;19.9;24.3;74.0;54.0;38.26;714.6;0.0;50.0;6.4;0.162;20.43;7.9;72.0
8057;2024-12-01 17:00:00;1.43;3.9;20.4;24.6;72.0;57.0;44.94;714.6;0.0;52.0;6.0;0.108;20.33;9.0;64.0
8058;2024-12-01 18:00:00;1.34;3.3;18.3;21.8;57.0;57.0;45.42;714.7;0.0;55.0;5.7;0.013;19.48;8.3;76.0
8059;2024-12-01 19:00:00;1.39;3.5;24.3;28.0;41.0;53.0;33.61;715.0;0.0;58.0;6.9;0.0;18.68;6.9;65.0
8060;2024-12-01 20:00:00;1.32;3.8;19.7;23.7;24.0;50.0;33.86;715.6;0.0;67.0;6.8;0.0;17.86;7.2;57.0
8061;2024-12-01 21:00:00;1.27;3.7;19.3;23.2;18.0;40.0;21.68;716.3;0.0;72.0;6.0;0.0;17.15;7.5;43.0
8062;2024-12-01 22:00:00;1.3;3.5;19.6;23.3;17.0;34.0;17.96;716.6;0.0;75.0;5.9;0.0;16.59;4.5;42.0
8063;2024-12-01 23:00:00;1.3;3.1;16.5;19.8;21.0;33.0;17.11;716.6;0.0;75.0;5.3;0.0;16.24;4.4;105.0
8064;2024-12-02 00:00:00;1.21;2.7;10.6;13.5;21.0;28.0;18.51;716.5;0.0;78.0;4.8;0.0;15.3;2.1;264.0
8065;2024-12-02 01:00:00;1.28;2.9;15.1;18.1;17.0;32.0;16.01;716.1;0.0;80.0;4.5;0.0;15.36;3.3;254.0
8066;2024-12-02 02:00:00;1.24;5.0;17.9;23.1;17.0;31.0;16.74;716.1;0.0;77.0;4.5;0.0;16.35;5.2;18.0
8067;2024-12-02 03:00:00;1.42;4.7;27.5;32.4;7.0;35.0;17.62;716.2;0.0;79.0;4.4;0.0;16.12;5.3;26.0
8068;2024-12-02 04:00:00;1.68;4.6;26.9;31.7;5.0;42.0;24.11;716.3;0.0;84.0;4.4;0.0;15.48;3.2;272.0
8069;2024-12-02 05:00:00;1.67;3.5;22.7;26.4;8.0;40.0;28.21;716.6;0.0;86.0;4.3;0.0;15.34;2.1;242.0
8070;2024-12-02 06:00:00;1.51;4.6;26.3;31.2;5.0;41.0;33.65;716.7;0.0;87.0;4.2;0.0;15.08;3.0;205.0
8071;2024-12-02 07:00:00;1.53;10.5;26.6;37.3;5.0;46.0;42.61;717.0;0.0;87.0;4.3;0.0;14.78;3.2;203.0
8072;2024-12-02 08:00:00;1.57;9.6;29.0;38.8;5.0;53.0;48.68;717.2;0.0;87.0;4.5;0.003;14.46;2.8;221.0
8073;2024-12-02 09:00:00;1.67;14.6;29.4;44.2;;59.0;40.25;717.6;0.0;87.0;4.7;0.01;15.01;1.8;34.0
8074;2024-12-02 10:00:00;1.71;12.4;29.2;41.8;7.0;58.0;35.39;718.1;0.0;87.0;4.5;0.029;15.54;1.8;24.0
8075;2024-12-02 11:00:00;1.97;34.6;33.7;68.5;5.0;52.0;36.39;718.2;0.0;87.0;4.5;0.055;15.96;2.7;152.0
8076;2024-12-02 12:00:00;1.99;34.2;30.9;65.4;7.0;55.0;29.5;718.0;0.0;87.0;4.4;0.068;16.21;3.8;25.0
8077;2024-12-02 13:00:00;1.7;14.1;22.5;36.8;10.0;36.0;11.86;717.4;0.0;89.0;4.2;0.081;16.28;5.6;22.0
8078;2024-12-02 14:00:00;1.47;13.3;21.0;34.6;9.0;27.0;8.88;716.8;0.0;89.0;4.3;0.069;16.5;5.8;22.0
8079;2024-12-02 15:00:00;1.44;10.6;19.5;30.4;10.0;23.0;5.45;716.5;0.0;90.0;4.1;0.059;16.26;9.1;8.0
8080;2024-12-02 16:00:00;1.44;11.3;21.1;32.7;9.0;20.0;5.71;716.4;0.0;90.0;4.0;0.046;16.23;8.2;13.0
8081;2024-12-02 17:00:00;1.45;10.5;22.0;32.8;9.0;18.0;5.8;716.6;0.0;90.0;4.0;0.024;15.71;9.8;14.0
8082;2024-12-02 18:00:00;1.86;6.7;23.0;30.0;11.0;21.0;12.02;717.1;0.0;91.0;4.1;0.003;14.65;10.0;19.0
8083;2024-12-02 19:00:00;1.55;6.5;25.0;31.7;10.0;23.0;10.46;717.7;0.0;92.0;3.9;0.0;14.07;7.6;59.0
8084;2024-12-02 20:00:00;1.51;7.9;25.5;33.6;9.0;21.0;10.65;718.2;0.0;92.0;4.1;0.0;14.01;8.2;66.0
8085;2024-12-02 21:00:00;1.28;3.7;18.8;22.7;16.0;22.0;7.37;718.7;0.0;93.0;4.1;0.0;13.79;7.4;48.0
8086;2024-12-02 22:00:00;1.21;3.3;19.2;22.8;16.0;23.0;7.22;719.0;0.0;93.0;4.0;0.0;13.71;6.2;28.0
8087;2024-12-02 23:00:00;1.16;3.1;13.5;16.8;20.0;21.0;6.05;719.1;0.0;93.0;3.9;0.0;13.47;7.7;22.0
8088;2024-12-03 00:00:00;1.11;2.6;10.0;12.9;24.0;19.0;4.23;719.1;0.0;93.0;3.9;0.0;13.21;7.9;29.0
8089;2024-12-03 01:00:00;1.12;4.0;11.1;15.3;24.0;17.0;5.93;719.0;0.0;93.0;3.9;0.0;13.03;6.8;30.0
8090;2024-12-03 02:00:00;1.1;2.3;8.6;11.2;28.0;17.0;5.61;718.8;0.0;93.0;4.0;0.0;12.81;7.8;42.0
8091;2024-12-03 03:00:00;1.29;2.4;10.6;13.2;27.0;16.0;8.57;718.8;0.0;93.0;3.9;0.0;12.78;7.1;45.0
8092;2024-12-03 04:00:00;1.51;2.2;9.9;12.3;30.0;20.0;10.61;718.8;0.0;;4.0;0.0;12.62;7.2;44.0
8093;2024-12-03 05:00:00;1.32;2.1;9.1;11.4;31.0;23.0;9.34;719.0;0.0;;4.0;0.0;12.55;7.1;63.0
8094;2024-12-03 06:00:00;1.31;2.2;11.1;13.5;29.0;23.0;8.46;719.2;0.0;;3.9;0.0;12.37;7.2;65.0
8095;2024-12-03 07:00:00;1.21;2.6;19.0;21.9;18.0;19.0;8.81;719.4;0.0;;3.8;0.0;12.21;7.2;87.0
8096;2024-12-03 08:00:00;1.33;5.2;26.7;32.1;9.0;20.0;11.58;719.8;0.0;;3.8;0.002;12.14;6.8;91.0
8097;2024-12-03 09:00:00;1.46;7.9;27.1;35.1;9.0;24.0;14.41;720.2;0.0;;3.9;0.016;12.02;6.9;100.0
8098;2024-12-03 10:00:00;1.48;3.6;7.2;11.0;7.0;18.0;;720.5;0.0;;4.1;0.039;12.05;7.0;100.0
8099;2024-12-03 11:00:00;;;;;;;;;;;;;;;
8100;2024-12-03 12:00:00;;;;;;;;;;;;;;;
8101;2024-12-03 13:00:00;;;;;;;;;;;;;;;
8102;2024-12-03 14:00:00;;;;;;;;;;;;;;;
8103;2024-12-03 15:00:00;0.15;3.5;0.0;3.5;;;;;0.0;;;0.003;0.63;0.2;54.0
8104;2024-12-03 16:00:00;1.59;12.2;14.5;26.4;13.0;;;718.1;0.0;94.0;4.9;0.052;12.73;6.3;47.0
8105;2024-12-03 17:00:00;1.12;7.2;24.9;32.2;13.0;;;718.0;0.0;94.0;3.8;0.018;12.6;6.3;44.0
8106;2024-12-03 18:00:00;1.23;7.2;28.3;35.7;9.0;24.0;;718.0;0.0;94.0;3.8;0.003;12.4;6.1;62.0
8107;2024-12-03 19:00:00;1.18;8.7;28.9;37.8;8.0;22.0;;718.2;0.0;94.0;3.7;0.0;12.18;6.7;74.0
8108;2024-12-03 20:00:00;1.08;8.2;29.7;38.0;6.0;19.0;;718.4;0.0;94.0;3.8;0.0;11.95;7.3;107.0
8109;2024-12-03 21:00:00;;;;;;;;;;;;0.0;;;
8110;2024-12-03 22:00:00;;;;;;;;;;;;0.0;;;
8111;2024-12-03 23:00:00;;;;;;;;;;;;0.0;;;
8112;2024-12-04 00:00:00;;;;;;;;;;;;0.0;;;
8113;2024-12-04 01:00:00;;;;;;;;;;;;0.0;;;
8114;2024-12-04 02:00:00;;;;;;;;;;;;0.0;;;
8115;2024-12-04 03:00:00;;;;;;;;;;;;0.0;;;
8116;2024-12-04 04:00:00;;;;;;;;;;;;0.0;;;
8117;2024-12-04 05:00:00;;;;;;;;;;;;0.0;;;
8118;2024-12-04 06:00:00;;;;;;;;;;;;0.0;;;
8119;2024-12-04 07:00:00;;;;;;;;;;;;0.0;;;
8120;2024-12-04 08:00:00;;;;;;;;;;;;0.0;;;
8121;2024-12-04 09:00:00;;;;;;;;;;;;0.0;;;
8122;2024-12-04 10:00:00;;;;;;;;;;;;0.0;;;
8123;2024-12-04 11:00:00;;;;;;;;;;;;0.0;;;
8124;2024-12-04 12:00:00;;;;;;;;;;;;0.0;;;
8125;2024-12-04 13:00:00;;;;;;;;;;;;0.0;;;
8126;2024-12-04 14:00:00;;;;;;;;;;;;0.0;;;
8127;2024-12-04 15:00:00;;;;;;;;;;;;0.0;;;
8128;2024-12-04 16:00:00;2.83;16.9;20.6;37.1;8.0;;;713.2;0.0;69.0;7.7;0.165;18.29;5.2;66.0
8129;2024-12-04 17:00:00;1.64;20.8;44.1;65.2;12.0;;64.36;713.3;0.0;73.0;5.1;0.102;17.52;7.0;60.0
8130;2024-12-04 18:00:00;1.36;13.1;35.5;48.9;7.0;94.0;48.9;713.4;0.0;79.0;4.1;0.022;16.25;6.2;66.0
8131;2024-12-04 19:00:00;1.35;21.8;29.7;51.7;4.0;69.0;38.65;713.7;0.0;85.0;3.9;0.0;15.26;3.4;68.0
8132;2024-12-04 20:00:00;1.27;19.2;25.9;45.3;4.0;50.0;34.79;713.9;0.0;87.0;3.7;0.0;14.81;1.8;55.0
8133;2024-12-04 21:00:00;1.1;11.6;25.3;37.1;4.0;48.0;35.05;714.4;0.0;87.0;3.6;0.0;14.89;1.9;59.0
8134;2024-12-04 22:00:00;1.06;12.4;23.6;36.3;;47.0;35.25;714.6;0.0;87.0;3.7;0.0;15.02;1.8;49.0
8135;2024-12-04 23:00:00;1.2;30.9;28.8;59.9;;48.0;;714.9;0.0;87.0;3.9;0.0;15.02;1.7;299.0
8136;2024-12-05 00:00:00;1.35;28.6;31.7;60.5;;86.0;75.66;714.9;0.0;87.0;3.9;0.0;14.94;1.8;34.0
8137;2024-12-05 01:00:00;1.66;22.5;34.5;57.3;;97.0;78.02;714.8;0.0;87.0;3.9;0.0;14.78;1.9;283.0
8138;2024-12-05 02:00:00;1.57;30.2;36.7;67.1;;100.0;87.72;714.7;0.0;87.0;4.0;0.0;14.79;2.7;178.0
8139;2024-12-05 03:00:00;1.56;36.5;38.3;75.0;;113.0;106.62;714.6;0.0;;4.2;0.0;14.75;2.2;62.0
8140;2024-12-05 04:00:00;1.66;39.7;39.0;79.1;;125.0;95.61;714.7;0.0;88.0;4.2;0.0;14.57;3.6;315.0
8141;2024-12-05 05:00:00;1.63;38.8;37.3;76.4;;115.0;86.78;714.8;0.0;89.0;4.1;0.0;14.27;2.7;290.0
8142;2024-12-05 06:00:00;1.62;37.2;34.8;72.3;;109.0;87.3;714.8;0.0;89.0;4.0;0.0;14.41;3.1;146.0
8143;2024-12-05 07:00:00;1.28;25.2;29.4;54.7;;107.0;63.17;715.2;0.0;89.0;4.0;0.0;14.33;3.2;75.0
8144;2024-12-05 08:00:00;1.34;34.9;29.0;64.1;;92.0;63.67;715.5;0.0;88.0;4.0;0.007;14.51;1.9;29.0
8145;2024-12-05 09:00:00;1.66;50.4;31.7;82.5;;95.0;63.49;716.0;0.0;85.0;4.1;0.044;15.05;3.9;13.0
8146;2024-12-05 10:00:00;1.76;55.9;31.1;87.2;5.0;93.0;61.1;716.5;0.0;84.0;4.1;0.06;14.96;5.9;13.0
8147;2024-12-05 11:00:00;1.7;51.6;33.5;85.4;6.0;92.0;71.93;716.6;0.0;83.0;4.0;0.121;15.35;3.9;2.0
8148;2024-12-05 12:00:00;1.79;53.5;40.8;94.5;6.0;111.0;88.15;716.3;0.0;79.0;4.3;0.136;16.03;5.3;2.0
8149;2024-12-05 13:00:00;1.84;45.7;42.6;88.6;9.0;113.0;97.93;715.8;0.0;76.0;4.4;0.274;16.74;4.8;4.0
8150;2024-12-05 14:00:00;1.84;33.4;45.9;79.5;17.0;124.0;87.02;715.0;0.0;66.0;5.1;0.459;18.98;5.5;88.0
8151;2024-12-05 15:00:00;1.14;10.9;25.2;36.4;26.0;110.0;40.75;714.7;0.0;62.0;6.0;0.323;19.65;8.7;42.0
8152;2024-12-05 16:00:00;1.02;5.3;17.8;23.3;26.0;69.0;25.71;714.8;0.0;65.0;5.0;0.082;18.31;11.3;17.0
8153;2024-12-05 17:00:00;1.0;4.8;17.7;22.7;24.0;51.0;24.18;715.3;0.0;68.0;4.6;0.017;17.09;12.7;12.0
8154;2024-12-05 18:00:00;1.06;4.4;21.6;26.2;19.0;47.0;22.99;715.7;0.0;70.0;4.3;0.001;16.55;10.3;22.0
8155;2024-12-05 19:00:00;1.05;3.9;21.6;25.8;17.0;45.0;18.41;716.2;0.0;72.0;4.1;0.0;16.07;9.3;16.0
8156;2024-12-05 20:00:00;1.01;3.0;18.9;22.1;20.0;44.0;16.48;716.8;0.0;74.0;3.9;0.0;15.66;7.6;22.0
8157;2024-12-05 21:00:00;1.08;2.7;21.9;24.8;16.0;40.0;14.58;717.0;0.0;74.0;3.8;0.0;15.51;4.3;54.0
8158;2024-12-05 22:00:00;1.09;2.9;24.2;27.3;11.0;34.0;16.05;717.1;0.0;80.0;3.9;0.0;14.89;3.3;270.0
8159;2024-12-05 23:00:00;1.12;3.1;23.6;26.9;10.0;30.0;17.61;717.1;0.0;84.0;3.8;0.0;14.35;3.6;25.0
8160;2024-12-06 00:00:00;1.2;3.1;20.5;23.8;10.0;31.0;13.42;717.1;0.0;88.0;3.7;0.0;13.89;5.4;18.0
8161;2024-12-06 01:00:00;1.03;3.1;18.8;22.1;9.0;28.0;10.66;716.9;0.0;89.0;3.8;0.0;13.75;4.4;14.0
8162;2024-12-06 02:00:00;1.04;3.6;20.9;24.7;7.0;28.0;12.15;716.6;0.0;90.0;3.8;0.0;13.72;5.0;1.0
8163;2024-12-06 03:00:00;1.03;2.4;11.6;14.1;19.0;24.0;11.57;716.4;0.0;90.0;3.8;0.0;13.73;2.8;51.0
8164;2024-12-06 04:00:00;0.99;2.4;5.4;8.0;26.0;24.0;7.44;716.4;0.0;90.0;3.8;0.0;13.68;3.5;99.0
8165;2024-12-06 05:00:00;1.12;2.5;5.8;8.5;26.0;22.0;8.44;716.7;0.0;90.0;3.9;0.0;13.61;7.2;73.0
8166;2024-12-06 06:00:00;1.1;2.5;9.0;11.7;23.0;19.0;8.3;716.8;0.0;90.0;3.8;0.0;13.54;7.0;58.0
8167;2024-12-06 07:00:00;1.27;3.3;14.5;18.0;17.0;19.0;6.75;716.9;0.0;90.0;3.7;0.0;13.54;6.5;74.0
8168;2024-12-06 08:00:00;1.32;13.3;19.4;33.0;6.0;19.0;7.48;717.1;0.0;90.0;3.9;0.0;13.45;7.0;23.0
8169;2024-12-06 09:00:00;;;;;;;20.79;;;;;;;;
8170;2024-12-06 10:00:00;;;;;;;;;;;;;;;
8171;2024-12-06 11:00:00;;;;;;;;;;;;;;;
8172;2024-12-06 12:00:00;0.93;15.5;0.5;15.9;3.0;6.0;;;0.0;;2.4;0.034;5.04;4.1;17.0
8173;2024-12-06 13:00:00;1.44;13.9;17.1;31.4;9.0;;;717.4;0.0;93.0;4.1;0.072;12.5;9.7;20.0
8174;2024-12-06 14:00:00;1.55;13.5;18.1;31.8;11.0;;22.67;716.6;0.0;93.0;4.1;0.112;12.33;10.3;15.0
8175;2024-12-06 15:00:00;1.39;13.3;19.0;32.5;9.0;21.0;;716.1;0.0;93.0;4.0;0.057;12.55;8.2;12.0
8176;2024-12-06 16:00:00;1.57;15.9;21.2;37.5;6.0;18.0;12.76;716.0;0.0;93.0;3.9;0.028;12.61;7.7;14.0
8177;2024-12-06 17:00:00;;;;;;;12.52;;;;;0.0;;;
8178;2024-12-06 18:00:00;;;;;;;;;;;;0.0;;;
8179;2024-12-06 19:00:00;;;;;;;;;;;;0.0;;;
8180;2024-12-06 20:00:00;;;;;;;;;;;;0.0;;;
8181;2024-12-06 21:00:00;;;;;;;;;;;;0.0;;;
8182;2024-12-06 22:00:00;;;;;;;;;;;;0.0;;;
8183;2024-12-06 23:00:00;;;;;;;;;;;;0.0;;;
8184;2024-12-07 00:00:00;;;;;;;;;;;;0.0;;;
8185;2024-12-07 01:00:00;2.41;10.4;11.8;21.3;4.0;;;716.4;0.0;94.0;5.6;0.0;9.87;8.3;4.0
8186;2024-12-07 02:00:00;1.3;5.6;17.6;23.4;7.0;;;716.2;0.0;94.0;3.9;0.0;9.51;9.2;6.0
8187;2024-12-07 03:00:00;1.77;5.8;18.6;24.6;8.0;17.0;;716.1;0.0;94.0;3.9;0.0;9.14;7.8;8.0
8188;2024-12-07 04:00:00;1.57;2.3;13.7;16.2;10.0;15.0;;716.1;0.0;94.0;3.7;0.0;8.98;6.2;29.0
8189;2024-12-07 05:00:00;1.68;2.3;13.4;15.9;9.0;15.0;;716.1;0.0;94.0;3.7;0.0;8.82;4.6;54.0
8190;2024-12-07 06:00:00;2.03;3.5;15.8;19.4;8.0;14.0;;716.2;0.0;94.0;3.8;0.0;8.7;3.2;58.0
8191;2024-12-07 07:00:00;1.99;15.5;18.5;34.3;4.0;16.0;;716.9;0.0;94.0;4.0;0.0;8.71;4.7;101.0
8192;2024-12-07 08:00:00;2.03;20.3;18.6;39.2;4.0;21.0;;717.2;0.0;;4.0;0.0;8.54;4.3;73.0
8193;2024-12-07 09:00:00;2.49;27.8;19.7;47.7;4.0;23.0;;717.4;0.0;;3.9;0.0;8.62;3.7;36.0
8194;2024-12-07 10:00:00;2.43;43.8;19.6;63.8;5.0;35.0;;717.7;0.0;;4.1;0.0;8.66;4.7;86.0
8195;2024-12-07 11:00:00;2.45;58.8;21.0;80.1;5.0;50.0;;717.8;0.0;;4.8;0.0;8.9;5.0;67.0
8196;2024-12-07 12:00:00;2.42;70.4;22.4;93.1;6.0;70.0;;717.2;0.0;;6.2;0.0;9.78;3.8;70.0
8197;2024-12-07 13:00:00;2.37;52.0;23.5;75.9;6.0;73.0;;716.5;0.0;93.0;6.1;0.0;10.8;4.2;85.0
8198;2024-12-07 14:00:00;2.35;36.0;25.2;61.3;7.0;56.0;;715.6;0.0;89.0;4.8;0.0;11.42;5.7;61.0
8199;2024-12-07 15:00:00;2.28;30.3;26.2;56.6;6.0;44.0;;715.3;0.0;82.0;4.6;0.0;11.55;6.8;82.0
8200;2024-12-07 16:00:00;2.31;29.8;25.8;55.7;6.0;47.0;;714.8;0.0;81.0;4.6;0.0;11.58;6.4;89.0
8201;2024-12-07 17:00:00;2.33;28.7;25.7;54.5;5.0;54.0;;714.6;0.0;83.0;4.1;0.0;11.35;6.5;81.0
8202;2024-12-07 18:00:00;2.35;32.8;21.9;54.9;4.0;58.0;;714.8;0.0;86.0;4.2;0.0;10.9;6.6;62.0
8203;2024-12-07 19:00:00;2.09;22.2;15.2;37.7;4.0;48.0;;715.1;0.0;90.0;4.0;0.0;10.07;5.6;75.0
8204;2024-12-07 20:00:00;2.17;32.9;14.9;47.9;4.0;33.0;;715.3;0.0;91.0;4.2;0.0;9.96;4.7;78.0
8205;2024-12-07 21:00:00;2.14;37.5;14.5;52.3;;33.0;;715.5;0.0;93.0;4.4;0.0;9.78;4.4;48.0
8206;2024-12-07 22:00:00;2.09;23.7;14.1;38.1;;40.0;;715.5;0.0;93.0;4.2;0.0;9.74;4.5;54.0
8207;2024-12-07 23:00:00;2.04;24.5;14.4;39.2;;33.0;;715.4;0.0;93.0;4.3;0.0;9.69;4.1;15.0
8208;2024-12-08 00:00:00;1.99;17.7;13.0;31.0;;42.0;;715.1;0.0;94.0;4.2;0.0;9.57;4.2;43.0
8209;2024-12-08 01:00:00;1.99;35.6;13.3;49.2;;34.0;;714.9;0.0;94.0;4.5;0.0;9.45;3.1;352.0
8210;2024-12-08 02:00:00;2.03;23.0;14.5;37.8;;45.0;;714.8;0.0;94.0;4.3;0.0;9.59;2.9;11.0
8211;2024-12-08 03:00:00;2.18;20.7;15.6;36.6;;39.0;;714.5;0.0;94.0;4.2;0.0;9.73;2.5;80.0
8212;2024-12-08 04:00:00;2.26;27.3;15.0;42.5;;39.0;;714.3;0.0;94.0;4.2;0.0;9.93;2.1;252.0
8213;2024-12-08 05:00:00;2.34;35.9;14.1;50.2;;40.0;;714.1;0.0;94.0;4.1;0.0;10.15;1.8;240.0
8214;2024-12-08 06:00:00;2.37;41.5;13.0;54.7;;45.0;;713.9;0.0;94.0;4.2;0.0;10.39;1.9;156.0
8215;2024-12-08 07:00:00;2.46;53.1;12.8;66.3;;49.0;;713.9;0.0;;4.2;0.0;10.77;1.8;76.0
8216;2024-12-08 08:00:00;2.57;59.4;12.5;72.4;;50.0;;713.9;0.0;;4.3;0.002;10.97;2.1;77.0
8217;2024-12-08 09:00:00;2.56;55.1;12.6;68.1;;52.0;;714.3;0.0;;4.3;0.018;11.19;2.9;55.0
8218;2024-12-08 10:00:00;2.44;42.3;13.3;55.9;;43.0;;714.6;0.0;;4.2;0.05;11.56;2.9;325.0
8219;2024-12-08 11:00:00;2.61;53.5;15.7;69.6;5.0;37.0;;714.3;0.0;93.0;4.3;0.067;12.13;3.0;65.0
8220;2024-12-08 12:00:00;2.88;62.7;19.4;82.5;5.0;43.0;;713.7;0.0;92.0;4.4;0.148;13.45;4.3;7.0
8221;2024-12-08 13:00:00;3.08;90.6;25.5;116.5;5.0;52.0;;713.2;0.0;86.0;4.9;0.168;14.25;4.0;13.0
8222;2024-12-08 14:00:00;3.65;104.7;33.7;138.7;;73.0;;712.2;0.0;81.0;5.6;0.112;14.8;4.6;39.0
8223;2024-12-08 15:00:00;3.76;97.8;37.4;135.5;;90.0;;711.8;0.0;79.0;5.3;0.124;15.68;3.8;358.0
8224;2024-12-08 16:00:00;4.11;110.1;42.1;152.6;;89.0;;711.5;0.0;77.0;5.3;0.097;16.6;4.5;72.0
8225;2024-12-08 17:00:00;4.58;129.1;46.9;176.3;;106.0;;711.5;0.0;79.0;5.3;0.043;16.22;5.2;358.0
8226;2024-12-08 18:00:00;4.81;135.2;40.0;175.6;4.0;121.0;;711.7;0.0;82.0;5.4;0.004;15.62;4.3;210.0
8227;2024-12-08 19:00:00;4.17;100.7;40.4;141.4;4.0;122.0;;711.7;0.0;79.0;5.0;0.0;16.59;4.2;210.0
8228;2024-12-08 20:00:00;4.18;104.3;33.7;138.3;4.0;99.0;;711.6;0.0;80.0;5.1;0.0;16.67;6.0;192.0
8229;2024-12-08 21:00:00;5.35;196.4;33.6;230.2;5.0;90.0;;711.9;0.0;83.0;6.0;0.0;15.78;4.2;15.0
8230;2024-12-08 22:00:00;5.49;192.9;27.5;220.6;5.0;158.0;;712.0;0.0;86.0;5.9;0.0;14.78;3.6;288.0
8231;2024-12-08 23:00:00;5.03;165.6;30.0;195.8;4.0;160.0;;711.6;0.0;84.0;5.6;0.0;15.52;5.0;224.0
8232;2024-12-09 00:00:00;5.16;173.9;28.3;202.5;4.0;125.0;;711.6;0.0;83.0;5.6;0.0;15.63;5.2;95.0
8233;2024-12-09 01:00:00;4.74;147.9;25.4;173.6;4.0;118.0;;711.1;0.0;82.0;5.5;0.0;15.49;4.6;225.0
8234;2024-12-09 02:00:00;4.28;117.4;24.2;142.0;;95.0;;711.1;0.0;80.0;5.2;0.0;15.67;4.7;133.0
8235;2024-12-09 03:00:00;4.24;118.1;21.4;139.9;;83.0;;710.7;0.0;82.0;5.1;0.0;15.19;3.6;250.0
8236;2024-12-09 04:00:00;3.31;60.8;19.9;81.1;;73.0;;710.5;0.0;75.0;4.7;0.0;15.95;3.4;282.0
8237;2024-12-09 05:00:00;2.98;41.6;19.9;61.8;;45.0;;710.2;0.0;70.0;4.5;0.0;16.34;3.3;176.0
8238;2024-12-09 06:00:00;2.71;29.9;22.3;52.4;;42.0;;710.0;0.0;66.0;4.7;0.0;16.85;3.2;273.0
8239;2024-12-09 07:00:00;2.81;54.6;22.5;77.4;;42.0;;710.4;0.0;64.0;4.8;0.0;16.91;5.0;259.0
8240;2024-12-09 08:00:00;2.73;43.4;27.3;70.9;;42.0;;710.9;0.0;56.0;5.6;0.006;18.0;8.1;220.0
8241;2024-12-09 09:00:00;2.86;49.6;31.1;80.9;5.0;54.0;;711.0;0.0;49.0;7.2;0.055;19.39;8.3;225.0
8242;2024-12-09 10:00:00;3.04;57.4;34.9;92.7;6.0;70.0;;711.3;0.0;45.0;6.7;0.116;21.0;5.0;160.0
8243;2024-12-09 11:00:00;2.85;36.6;40.8;77.6;12.0;66.0;;711.2;0.0;37.0;7.7;0.404;24.64;5.6;172.0
8244;2024-12-09 12:00:00;2.54;15.4;27.4;43.0;24.0;66.0;;710.6;0.0;30.0;6.7;0.528;27.44;4.5;79.0
8245;2024-12-09 13:00:00;2.31;7.3;14.3;21.8;32.0;44.0;;709.9;0.0;28.0;5.2;0.526;28.49;4.4;65.0
8246;2024-12-09 14:00:00;2.34;6.3;14.0;20.5;38.0;29.0;;709.2;0.0;27.0;4.8;0.562;29.28;5.5;150.0
8247;2024-12-09 15:00:00;2.38;5.7;15.9;21.9;40.0;31.0;;708.6;0.0;27.0;4.6;0.426;29.1;7.5;138.0
8248;2024-12-09 16:00:00;2.4;4.9;16.1;21.2;48.0;31.0;;708.5;0.0;29.0;4.6;0.341;28.95;8.5;123.0
8249;2024-12-09 17:00:00;2.45;4.4;17.6;22.2;42.0;33.0;;708.6;0.0;31.0;4.6;0.131;27.67;7.8;103.0
8250;2024-12-09 18:00:00;2.7;10.4;29.4;40.0;19.0;28.0;;708.8;0.0;31.0;4.4;0.023;25.69;4.7;96.0
8251;2024-12-09 19:00:00;2.96;15.3;37.5;53.0;10.0;35.0;;709.1;0.0;37.0;4.3;0.0;23.3;1.8;193.0
8252;2024-12-09 20:00:00;3.42;41.0;43.2;84.4;4.0;35.0;;709.7;0.0;46.0;4.4;0.0;21.77;2.2;300.0
8253;2024-12-09 21:00:00;3.21;32.0;41.4;73.6;4.0;52.0;;710.3;0.0;60.0;4.3;0.0;20.18;2.6;274.0
8254;2024-12-09 22:00:00;3.4;53.1;38.7;92.1;4.0;63.0;;710.6;0.0;64.0;4.5;0.0;19.22;1.8;239.0
8255;2024-12-09 23:00:00;3.7;78.8;37.1;116.2;;79.0;;710.7;0.0;66.0;4.7;0.0;18.53;2.2;237.0
8256;2024-12-10 00:00:00;3.2;55.1;36.5;91.8;;76.0;;710.6;0.0;61.0;5.4;0.0;18.4;4.3;217.0
8257;2024-12-10 01:00:00;2.83;37.7;35.6;73.5;;71.0;23.94;710.3;0.0;57.0;6.3;0.0;18.73;4.6;251.0
8258;2024-12-10 02:00:00;2.88;47.4;31.8;79.6;;66.0;23.26;710.1;0.0;60.0;5.7;0.0;17.82;1.8;1.0
8259;2024-12-10 03:00:00;2.59;22.9;31.6;54.6;;57.0;18.2;709.9;0.0;57.0;5.7;0.0;17.94;2.5;34.0
8260;2024-12-10 04:00:00;2.46;11.7;29.4;41.2;;47.0;15.19;709.9;0.0;57.0;5.6;0.0;17.62;3.1;309.0
8261;2024-12-10 05:00:00;2.37;5.5;27.5;33.2;6.0;43.0;13.5;709.9;0.0;54.0;6.0;0.0;17.96;2.9;340.0
8262;2024-12-10 06:00:00;2.39;9.7;28.1;38.0;6.0;45.0;14.31;710.0;0.0;53.0;5.9;0.0;18.21;3.4;286.0
8263;2024-12-10 07:00:00;2.57;29.2;28.5;57.9;4.0;50.0;15.02;710.4;0.0;56.0;5.7;0.0;17.64;3.6;228.0
8264;2024-12-10 08:00:00;3.19;94.9;30.5;125.8;4.0;48.0;18.32;710.6;0.0;55.0;6.3;0.017;17.79;3.5;325.0
8265;2024-12-10 09:00:00;3.69;116.0;33.1;149.4;5.0;73.0;21.53;710.8;0.0;49.0;6.4;0.038;20.21;2.7;346.0
8266;2024-12-10 10:00:00;3.0;48.8;36.8;85.8;9.0;77.0;17.18;711.1;0.0;38.0;7.5;0.109;23.57;5.3;242.0
8267;2024-12-10 11:00:00;2.76;30.4;35.4;66.0;17.0;69.0;18.63;711.3;0.0;31.0;9.1;0.469;25.88;5.1;346.0
8268;2024-12-10 12:00:00;3.01;19.8;34.5;54.5;30.0;70.0;29.08;711.3;0.0;30.0;7.9;0.561;25.69;11.4;26.0
8269;2024-12-10 13:00:00;2.42;7.6;13.6;21.5;36.0;76.0;10.92;711.2;0.0;33.0;6.1;0.502;24.37;13.3;26.0
8270;2024-12-10 14:00:00;2.43;8.4;17.2;25.8;34.0;70.0;14.47;711.1;0.0;38.0;5.5;0.41;22.91;13.2;49.0
8271;2024-12-10 15:00:00;2.49;9.4;19.2;28.9;30.0;79.0;18.67;711.5;0.0;47.0;5.3;0.349;20.39;13.9;57.0
8272;2024-12-10 16:00:00;2.44;7.8;18.1;26.2;31.0;85.0;19.45;712.3;0.0;47.0;5.0;0.268;19.66;14.7;58.0
8273;2024-12-10 17:00:00;2.45;7.2;20.4;27.9;26.0;95.0;20.69;713.6;0.0;49.0;5.2;0.084;17.97;12.0;52.0
8274;2024-12-10 18:00:00;2.42;5.7;21.9;27.9;22.0;97.0;17.78;715.0;0.0;47.0;5.3;0.017;16.33;11.8;51.0
8275;2024-12-10 19:00:00;2.37;6.7;27.2;34.1;14.0;94.0;14.87;716.2;0.0;45.0;6.7;0.0;14.81;8.9;63.0
8276;2024-12-10 20:00:00;2.35;5.0;24.1;29.4;16.0;74.0;13.92;717.3;0.0;45.0;5.7;0.0;14.18;9.6;70.0
8277;2024-12-10 21:00:00;2.33;3.9;20.8;25.0;19.0;62.0;11.72;718.3;0.0;42.0;4.5;0.0;13.38;8.3;59.0
8278;2024-12-10 22:00:00;2.29;3.3;16.6;20.2;24.0;56.0;9.8;719.3;0.0;37.0;4.3;0.0;12.57;8.6;62.0
8279;2024-12-10 23:00:00;2.23;3.0;12.9;16.1;29.0;60.0;8.04;720.3;0.0;34.0;4.9;0.0;12.03;7.8;47.0
8280;2024-12-11 00:00:00;2.16;3.0;18.9;22.0;23.0;49.0;9.12;721.0;0.0;35.0;7.0;0.0;11.39;8.4;81.0
8281;2024-12-11 01:00:00;2.14;3.1;21.1;24.4;19.0;47.0;8.86;721.2;0.0;36.0;8.6;0.0;10.73;8.8;105.0
8282;2024-12-11 02:00:00;2.14;2.7;19.2;22.1;20.0;41.0;8.48;721.3;0.0;37.0;7.7;0.0;10.15;6.7;90.0
8283;2024-12-11 03:00:00;2.12;2.6;16.4;19.2;23.0;40.0;7.49;721.3;0.0;38.0;7.4;0.0;9.74;8.1;89.0
8284;2024-12-11 04:00:00;2.08;2.6;15.1;17.9;24.0;35.0;6.86;721.4;0.0;37.0;7.1;0.0;9.6;8.6;100.0
8285;2024-12-11 05:00:00;2.13;;;;21.0;32.0;7.6;721.5;0.0;39.0;7.2;0.0;9.15;8.1;89.0
8286;2024-12-11 06:00:00;2.11;2.9;21.3;24.4;17.0;35.0;7.81;721.8;0.0;41.0;7.5;0.0;8.73;6.7;101.0
8287;2024-12-11 07:00:00;2.23;6.2;28.4;34.8;10.0;33.0;9.84;722.2;0.0;44.0;6.3;0.0;8.37;6.6;110.0
8288;2024-12-11 08:00:00;2.32;8.0;30.6;38.8;10.0;37.0;11.32;722.6;0.0;44.0;6.8;0.008;8.23;6.4;105.0
8289;2024-12-11 09:00:00;2.31;12.5;25.0;37.7;16.0;37.0;10.66;723.1;0.0;40.0;7.7;0.036;9.77;7.4;94.0
8290;2024-12-11 10:00:00;2.33;20.8;25.5;46.4;18.0;40.0;15.06;723.4;0.0;37.0;11.7;0.1;11.01;6.8;68.0
8291;2024-12-11 11:00:00;2.31;14.8;21.2;36.2;26.0;53.0;15.19;723.4;0.0;35.0;7.9;0.479;12.15;7.0;56.0
8292;2024-12-11 12:00:00;2.3;10.8;18.7;29.8;31.0;45.0;13.5;723.0;0.0;33.0;5.7;0.569;13.13;8.4;74.0
8293;2024-12-11 13:00:00;2.33;11.6;20.1;31.9;34.0;49.0;15.63;722.1;0.0;29.0;6.5;0.62;13.96;9.9;60.0
8294;2024-12-11 14:00:00;2.21;7.2;14.4;21.9;42.0;55.0;12.52;721.0;0.0;24.0;4.4;0.606;14.74;12.9;54.0
8295;2024-12-11 15:00:00;2.18;5.6;11.3;17.2;43.0;52.0;7.68;719.9;0.0;23.0;4.1;0.525;15.33;14.7;76.0
8296;2024-12-11 16:00:00;2.17;4.7;11.4;16.4;46.0;42.0;6.99;719.2;0.0;22.0;6.8;0.384;15.63;12.5;83.0
8297;2024-12-11 17:00:00;2.19;4.5;12.7;17.4;43.0;35.0;7.79;719.1;0.0;25.0;6.0;0.159;14.96;13.8;79.0
8298;2024-12-11 18:00:00;2.24;4.1;15.9;20.2;35.0;43.0;7.02;719.1;0.0;27.0;4.5;0.023;13.6;14.2;68.0
8299;2024-12-11 19:00:00;2.25;3.0;17.2;20.4;31.0;35.0;5.91;719.3;0.0;28.0;4.1;0.0;12.65;9.8;101.0
8300;2024-12-11 20:00:00;2.18;2.7;13.4;16.3;34.0;26.0;5.41;719.6;0.0;29.0;4.0;0.0;12.0;9.9;103.0
8301;2024-12-11 21:00:00;2.14;2.7;11.3;14.2;35.0;24.0;5.52;719.8;0.0;30.0;3.8;0.0;11.43;10.5;107.0
8302;2024-12-11 22:00:00;2.12;;;;34.0;25.0;5.71;719.9;0.0;31.0;3.9;0.0;11.22;9.7;99.0
8303;2024-12-11 23:00:00;2.1;2.3;9.2;11.8;35.0;23.0;5.9;719.8;0.0;33.0;3.8;0.0;10.8;8.8;106.0
8304;2024-12-12 00:00:00;2.08;2.2;7.6;10.0;37.0;20.0;4.48;719.6;0.0;32.0;3.8;0.0;10.54;8.0;111.0
8305;2024-12-12 01:00:00;2.12;2.3;12.6;15.1;30.0;20.0;6.14;719.0;0.0;35.0;4.1;0.0;10.11;5.9;41.0
8306;2024-12-12 02:00:00;2.19;7.2;33.5;40.9;9.0;24.0;14.14;718.6;0.0;38.0;8.5;0.0;9.24;6.4;354.0
8307;2024-12-12 03:00:00;2.32;3.3;34.2;37.7;7.0;44.0;17.07;718.2;0.0;42.0;4.7;0.0;8.65;4.5;311.0
8308;2024-12-12 04:00:00;2.29;3.1;31.6;34.9;8.0;49.0;15.59;717.9;0.0;45.0;4.8;0.0;8.26;5.5;313.0
8309;2024-12-12 05:00:00;2.31;3.1;30.2;33.5;8.0;47.0;16.74;717.7;0.0;48.0;5.1;0.0;7.71;5.5;313.0
8310;2024-12-12 06:00:00;2.27;3.4;29.1;32.7;8.0;44.0;15.8;717.4;0.0;50.0;4.8;0.0;7.28;4.2;329.0
8311;2024-12-12 07:00:00;2.34;11.3;30.1;41.6;6.0;42.0;14.96;717.5;0.0;51.0;4.5;0.0;7.02;2.6;340.0
8312;2024-12-12 08:00:00;2.59;32.3;32.7;65.2;5.0;45.0;18.59;717.7;0.0;51.0;4.8;0.008;7.04;3.1;5.0
8313;2024-12-12 09:00:00;2.75;31.3;31.2;62.6;11.0;53.0;24.87;718.0;0.0;44.0;6.4;0.035;9.47;3.8;9.0
8314;2024-12-12 10:00:00;2.97;27.6;30.0;57.8;17.0;52.0;28.78;718.2;0.0;40.0;9.0;0.095;11.03;4.0;33.0
8315;2024-12-12 11:00:00;2.89;27.1;30.8;58.1;20.0;63.0;30.94;718.0;0.0;37.0;10.6;0.439;12.39;4.9;20.0
8316;2024-12-12 12:00:00;2.91;30.8;38.2;69.2;21.0;75.0;39.44;717.5;0.0;36.0;11.3;0.521;13.2;6.8;6.0
8317;2024-12-12 13:00:00;2.55;26.5;36.6;63.3;24.0;89.0;35.56;716.6;0.0;36.0;14.7;0.569;14.32;5.7;44.0
8318;2024-12-12 14:00:00;2.53;15.1;31.0;46.3;33.0;79.0;36.51;715.7;0.0;35.0;8.5;0.551;15.39;6.8;67.0
8319;2024-12-12 15:00:00;2.32;6.7;16.3;23.2;42.0;56.0;17.59;715.0;0.0;36.0;6.0;0.488;16.37;7.7;38.0
8320;2024-12-12 16:00:00;2.29;5.3;13.6;19.1;42.0;41.0;10.33;714.5;0.0;35.0;5.1;0.359;17.75;9.7;86.0
8321;2024-12-12 17:00:00;2.4;6.7;19.9;26.9;33.0;40.0;12.49;714.4;0.0;38.0;6.1;0.149;17.35;9.5;44.0
8322;2024-12-12 18:00:00;2.5;5.5;27.0;32.7;23.0;44.0;13.17;714.6;0.0;42.0;7.0;0.022;16.48;8.5;56.0
8323;2024-12-12 19:00:00;2.64;8.3;35.7;44.2;10.0;46.0;16.09;714.9;0.0;47.0;8.3;0.0;15.66;7.3;45.0
8324;2024-12-12 20:00:00;2.75;16.2;37.1;53.6;5.0;68.0;20.96;715.3;0.0;52.0;7.7;0.0;15.03;4.8;25.0
8325;2024-12-12 21:00:00;2.96;33.1;38.3;71.5;4.0;100.0;29.66;715.5;0.0;56.0;6.1;0.0;14.31;3.0;288.0
8326;2024-12-12 22:00:00;2.94;21.9;35.9;58.0;4.0;105.0;25.05;715.6;0.0;58.0;5.6;0.0;13.93;3.4;242.0
8327;2024-12-12 23:00:00;2.98;30.9;34.7;65.8;4.0;61.0;25.92;715.7;0.0;61.0;5.3;0.0;13.04;1.8;224.0
8328;2024-12-13 00:00:00;2.95;45.0;34.9;80.2;;53.0;31.9;715.7;0.0;62.0;5.5;0.0;12.6;3.0;228.0
8329;2024-12-13 01:00:00;2.92;47.4;34.2;81.9;;62.0;32.1;715.4;0.0;63.0;5.5;0.0;12.37;2.3;226.0
8330;2024-12-13 02:00:00;2.85;55.2;33.8;89.3;;65.0;35.87;715.1;0.0;63.0;5.7;0.0;11.99;3.0;264.0
8331;2024-12-13 03:00:00;2.72;43.0;32.2;75.4;;71.0;36.78;715.0;0.0;64.0;5.4;0.0;11.74;4.0;223.0
8332;2024-12-13 04:00:00;2.61;35.7;30.8;66.7;;72.0;34.96;714.8;0.0;65.0;5.3;0.0;11.54;3.3;247.0
8333;2024-12-13 05:00:00;2.54;28.7;27.8;56.6;;70.0;30.08;714.9;0.0;67.0;5.0;0.0;10.98;2.6;222.0
8334;2024-12-13 06:00:00;2.52;25.0;26.0;51.1;;55.0;28.87;714.7;0.0;70.0;4.8;0.0;10.78;1.8;273.0
8335;2024-12-13 07:00:00;2.63;47.9;27.5;75.6;;51.0;30.72;714.8;0.0;69.0;5.2;0.0;10.99;2.6;256.0
8336;2024-12-13 08:00:00;2.86;59.2;29.2;88.7;;67.0;31.72;715.0;0.0;65.0;5.5;0.018;11.52;3.0;278.0
8337;2024-12-13 09:00:00;3.15;87.4;33.9;121.6;5.0;69.0;42.84;715.2;0.0;60.0;6.1;0.081;13.17;4.7;220.0
8338;2024-12-13 10:00:00;3.08;69.0;40.1;109.4;8.0;88.0;44.28;715.6;0.0;56.0;6.7;0.177;15.39;3.0;332.0
8339;2024-12-13 11:00:00;3.31;36.6;40.8;77.6;15.0;88.0;44.27;715.6;0.0;53.0;8.6;0.356;17.29;4.5;8.0
8340;2024-12-13 12:00:00;3.7;38.0;48.7;86.9;18.0;84.0;60.94;715.3;0.0;53.0;10.8;0.448;18.23;4.7;1.0
8341;2024-12-13 13:00:00;3.11;39.7;53.1;93.1;21.0;114.0;61.21;714.6;0.0;50.0;15.3;0.556;19.6;5.8;65.0
8342;2024-12-13 14:00:00;3.03;17.1;47.8;65.1;37.0;107.0;61.33;713.9;0.0;47.0;9.6;0.452;20.19;7.7;57.0
8343;2024-12-13 15:00:00;2.88;14.6;40.6;55.4;39.0;103.0;52.82;713.5;0.0;48.0;8.3;0.429;20.44;8.9;46.0
8344;2024-12-13 16:00:00;2.7;8.8;29.0;38.0;43.0;87.0;33.74;713.2;0.0;48.0;7.6;0.317;21.41;6.7;38.0
8345;2024-12-13 17:00:00;2.69;6.4;26.6;33.2;43.0;70.0;27.23;713.1;0.0;48.0;6.6;0.113;21.39;5.6;61.0
8346;2024-12-13 18:00:00;2.6;3.9;22.1;26.2;43.0;55.0;20.6;713.3;0.0;50.0;5.7;0.02;20.71;5.9;88.0
8347;2024-12-13 19:00:00;2.7;4.2;28.6;33.1;34.0;47.0;22.56;713.6;0.0;52.0;5.2;0.0;20.11;4.7;80.0
8348;2024-12-13 20:00:00;3.01;9.9;38.7;48.8;20.0;48.0;28.8;714.0;0.0;56.0;5.1;0.0;19.35;4.0;27.0
8349;2024-12-13 21:00:00;3.66;54.8;48.1;103.2;4.0;67.0;50.26;714.2;0.0;66.0;5.2;0.0;18.17;4.0;311.0
8350;2024-12-13 22:00:00;3.46;51.2;40.6;92.1;4.0;83.0;41.89;714.4;0.0;69.0;5.0;0.0;17.33;2.3;197.0
8351;2024-12-13 23:00:00;3.57;65.4;41.8;107.5;4.0;75.0;42.09;714.5;0.0;72.0;5.0;0.0;16.28;2.0;220.0
8352;2024-12-14 00:00:00;3.53;74.4;46.8;121.6;;81.0;58.1;714.6;0.0;70.0;5.0;0.0;16.14;4.0;235.0
8353;2024-12-14 01:00:00;3.54;80.2;42.7;123.1;;101.0;60.75;714.6;0.0;72.0;5.0;0.0;15.72;2.5;240.0
8354;2024-12-14 02:00:00;3.63;71.9;37.0;109.2;;96.0;51.76;714.5;0.0;76.0;4.8;0.0;15.21;1.8;249.0
8355;2024-12-14 03:00:00;3.24;57.5;36.4;94.2;;76.0;50.23;714.5;0.0;76.0;4.6;0.0;14.78;1.8;187.0
8356;2024-12-14 04:00:00;3.14;57.2;34.2;91.7;;76.0;55.82;714.3;0.0;77.0;4.7;0.0;14.26;1.8;277.0
8357;2024-12-14 05:00:00;2.86;21.0;30.9;52.1;;80.0;44.17;714.4;0.0;75.0;4.4;0.0;14.27;2.5;285.0
8358;2024-12-14 06:00:00;2.86;31.4;28.4;59.9;;71.0;43.78;714.4;0.0;79.0;4.4;0.0;13.89;1.9;259.0
8359;2024-12-14 07:00:00;2.84;31.9;26.0;58.0;;67.0;42.81;714.7;0.0;82.0;4.3;0.0;13.17;1.8;242.0
8360;2024-12-14 08:00:00;2.83;39.0;23.3;62.5;;58.0;38.72;715.0;0.0;83.0;4.3;0.008;13.27;1.8;279.0
8361;2024-12-14 09:00:00;3.2;67.9;29.4;97.6;5.0;59.0;43.07;715.6;0.0;76.0;4.6;0.047;15.82;3.9;275.0
8362;2024-12-14 10:00:00;3.08;51.3;36.5;88.1;8.0;64.0;49.43;715.9;0.0;65.0;4.8;0.101;18.25;4.0;309.0
8363;2024-12-14 11:00:00;2.71;15.6;23.7;39.4;20.0;75.0;35.97;715.8;0.0;68.0;4.9;0.409;19.35;5.7;322.0
8364;2024-12-14 12:00:00;2.61;9.1;19.1;28.5;35.0;57.0;29.41;715.4;0.0;64.0;5.3;0.521;20.73;5.8;346.0
8365;2024-12-14 13:00:00;2.7;8.8;22.7;31.8;42.0;51.0;33.36;714.9;0.0;58.0;5.5;0.553;22.09;6.0;352.0
8366;2024-12-14 14:00:00;2.85;10.5;30.4;41.1;41.0;64.0;40.71;714.1;0.0;54.0;6.5;0.504;23.18;6.7;25.0
8367;2024-12-14 15:00:00;2.79;7.5;28.8;36.5;56.0;87.0;42.92;713.6;0.0;52.0;7.2;0.436;23.77;7.8;49.0
8368;2024-12-14 16:00:00;2.87;5.6;28.5;34.3;67.0;85.0;47.38;713.4;0.0;54.0;6.2;0.303;23.66;9.6;46.0
8369;2024-12-14 17:00:00;2.77;4.2;23.0;27.4;64.0;79.0;36.75;713.5;0.0;53.0;6.0;0.137;23.93;6.5;53.0
8370;2024-12-14 18:00:00;2.7;3.4;21.7;25.3;45.0;58.0;27.7;713.8;0.0;58.0;5.3;0.026;23.07;7.4;79.0
8371;2024-12-14 19:00:00;2.64;4.2;27.3;31.6;15.0;50.0;21.07;714.1;0.0;65.0;5.1;0.0;22.01;7.7;35.0
8372;2024-12-14 20:00:00;2.76;5.7;30.6;36.5;7.0;69.0;20.61;714.6;0.0;67.0;5.1;0.0;21.6;4.9;53.0
8373;2024-12-14 21:00:00;2.84;8.3;30.4;38.9;5.0;104.0;20.68;714.7;0.0;69.0;5.1;0.0;21.09;2.6;340.0
8374;2024-12-14 22:00:00;2.99;15.1;30.4;45.7;3.0;120.0;22.93;714.8;0.0;72.0;4.9;0.0;20.52;2.0;275.0
8375;2024-12-14 23:00:00;3.02;26.8;30.6;57.6;3.0;98.0;26.93;715.0;0.0;72.0;4.8;0.0;20.71;2.1;287.0
8376;2024-12-15 00:00:00;2.86;7.0;27.4;34.5;7.0;65.0;24.91;715.0;0.0;72.0;4.7;0.0;21.11;7.1;42.0
8377;2024-12-15 01:00:00;2.58;3.4;17.2;20.8;12.0;51.0;17.32;714.9;0.0;79.0;4.5;0.0;20.17;5.2;39.0
8378;2024-12-15 02:00:00;2.61;5.2;22.5;27.9;4.0;41.0;22.95;714.6;0.0;83.0;4.5;0.0;19.26;2.2;306.0
8379;2024-12-15 03:00:00;2.72;9.3;21.2;30.7;3.0;40.0;19.48;714.1;0.0;85.0;4.5;0.0;18.65;2.4;5.0
8380;2024-12-15 04:00:00;2.75;12.3;22.8;35.3;3.0;42.0;28.2;713.9;0.0;86.0;4.5;0.0;18.35;3.7;42.0
8381;2024-12-15 05:00:00;2.67;9.8;22.2;32.2;4.0;52.0;33.13;713.8;0.0;86.0;4.4;0.0;18.16;4.2;16.0
8382;2024-12-15 06:00:00;2.52;7.2;19.6;27.0;4.0;59.0;46.79;713.8;0.0;88.0;4.5;0.0;17.6;5.1;58.0
8383;2024-12-15 07:00:00;2.52;4.4;16.2;20.9;7.0;71.0;48.34;714.1;0.0;89.0;4.8;0.0;17.53;2.3;22.0
8384;2024-12-15 08:00:00;2.49;5.3;18.4;24.0;6.0;62.0;36.0;714.4;0.0;89.0;4.6;0.001;17.44;1.8;53.0
8385;2024-12-15 09:00:00;2.53;10.2;18.9;29.3;5.0;52.0;37.17;714.8;0.0;89.0;4.6;0.022;17.29;1.8;53.0
8386;2024-12-15 10:00:00;2.66;11.4;18.7;30.4;7.0;53.0;36.72;715.1;0.0;89.0;4.4;0.054;17.48;1.8;64.0
8387;2024-12-15 11:00:00;2.82;8.1;17.8;26.1;11.0;63.0;53.57;714.9;0.0;85.0;4.5;0.083;18.34;;25.0
8388;2024-12-15 12:00:00;2.81;10.3;18.6;29.2;16.0;75.0;46.27;714.4;0.0;78.0;4.7;0.19;19.61;2.2;42.0
8389;2024-12-15 13:00:00;2.86;14.3;23.4;37.9;15.0;81.0;52.45;713.7;0.0;77.0;5.0;0.206;19.63;8.5;64.0
8390;2024-12-15 14:00:00;2.67;10.4;24.4;35.0;18.0;85.0;49.01;713.0;0.0;75.0;5.5;0.142;19.7;8.8;55.0
8391;2024-12-15 15:00:00;2.65;7.1;20.7;28.0;33.0;83.0;45.51;712.3;0.0;69.0;6.3;0.273;20.97;6.0;11.0
8392;2024-12-15 16:00:00;2.58;5.5;16.6;22.3;37.0;67.0;32.1;711.9;0.0;59.0;6.0;0.326;23.91;4.5;48.0
8393;2024-12-15 17:00:00;2.57;3.6;13.5;17.2;37.0;49.0;24.41;711.7;0.0;56.0;5.2;0.151;24.82;2.8;290.0
8394;2024-12-15 18:00:00;2.51;2.9;11.3;14.4;30.0;43.0;20.7;711.8;0.0;59.0;4.8;0.023;23.18;6.5;113.0
8395;2024-12-15 19:00:00;2.53;2.5;12.0;14.7;27.0;41.0;21.08;712.0;0.0;63.0;4.4;0.0;22.23;4.6;87.0
8396;2024-12-15 20:00:00;2.6;2.8;15.4;18.4;18.0;39.0;24.73;712.1;0.0;67.0;4.3;0.0;21.2;2.6;59.0
8397;2024-12-15 21:00:00;2.75;2.9;19.8;23.0;13.0;40.0;29.25;712.3;0.0;69.0;4.1;0.0;20.92;3.0;301.0
8398;2024-12-15 22:00:00;3.33;15.6;33.3;49.1;4.0;40.0;;712.3;0.0;71.0;4.2;0.0;20.49;4.5;285.0
8399;2024-12-15 23:00:00;3.42;20.7;30.7;51.6;4.0;70.0;54.2;712.3;0.0;76.0;4.3;0.0;19.11;2.8;259.0
8400;2024-12-16 00:00:00;2.94;14.5;28.8;43.6;4.0;70.0;35.06;712.2;0.0;76.0;4.2;0.0;18.88;5.9;332.0
8401;2024-12-16 01:00:00;2.72;6.3;25.3;31.8;5.0;50.0;24.87;712.0;0.0;80.0;4.2;0.0;18.01;5.2;318.0
8402;2024-12-16 02:00:00;2.59;3.6;17.7;21.4;7.0;47.0;25.48;711.9;0.0;86.0;4.2;0.0;17.51;2.7;293.0
8403;2024-12-16 03:00:00;2.53;3.1;15.2;18.4;9.0;46.0;27.1;711.7;0.0;87.0;4.2;0.0;17.55;2.4;292.0
8404;2024-12-16 04:00:00;2.69;6.2;20.3;26.7;6.0;41.0;34.12;711.6;0.0;84.0;4.4;0.0;17.55;5.5;237.0
8405;2024-12-16 05:00:00;2.66;9.1;20.3;29.7;6.0;51.0;39.1;711.7;0.0;81.0;4.6;0.0;17.65;4.6;228.0
8406;2024-12-16 06:00:00;2.66;8.3;21.2;29.7;5.0;63.0;43.55;711.9;0.0;82.0;4.7;0.0;17.59;5.7;221.0
8407;2024-12-16 07:00:00;2.57;6.8;18.9;25.9;7.0;66.0;41.51;712.1;0.0;81.0;4.7;0.0;17.85;6.9;232.0
8408;2024-12-16 08:00:00;2.68;15.0;20.6;35.9;5.0;68.0;38.8;712.6;0.0;81.0;4.7;0.002;18.17;2.7;267.0
8409;2024-12-16 09:00:00;2.91;31.3;21.7;53.3;4.0;65.0;46.31;713.3;0.0;79.0;4.7;0.017;18.36;2.2;264.0
8410;2024-12-16 10:00:00;3.07;45.9;23.7;69.8;4.0;76.0;53.5;713.8;0.0;80.0;4.6;0.051;18.61;2.0;209.0
8411;2024-12-16 11:00:00;3.0;31.6;24.2;56.0;5.0;92.0;55.21;714.1;0.0;77.0;4.4;0.084;19.42;2.9;253.0
8412;2024-12-16 12:00:00;2.85;19.3;24.4;43.8;7.0;89.0;42.48;714.0;0.0;76.0;4.3;0.09;19.7;3.7;344.0
8413;2024-12-16 13:00:00;2.91;20.0;27.0;47.1;8.0;77.0;42.12;713.8;0.0;77.0;4.3;0.084;19.68;4.6;40.0
8414;2024-12-16 14:00:00;3.08;28.4;30.6;59.2;7.0;79.0;46.71;713.4;0.0;76.0;4.4;0.089;19.85;5.0;137.0
8415;2024-12-16 15:00:00;2.8;11.2;24.1;35.5;14.0;79.0;45.51;713.1;0.0;69.0;4.3;0.129;20.85;3.6;91.0
8416;2024-12-16 16:00:00;2.65;8.2;20.4;28.9;19.0;66.0;35.9;713.0;0.0;64.0;4.2;0.122;21.57;4.0;184.0
8417;2024-12-16 17:00:00;2.83;8.0;21.6;29.9;18.0;58.0;33.45;713.2;0.0;63.0;4.3;0.055;21.56;2.4;247.0
8418;2024-12-16 18:00:00;2.73;6.5;23.9;30.6;14.0;57.0;31.82;713.4;0.0;63.0;4.3;0.022;21.16;3.0;196.0
8419;2024-12-16 19:00:00;3.33;30.3;31.1;61.6;4.0;54.0;37.0;713.8;0.0;69.0;4.4;0.0;20.19;2.3;188.0
8420;2024-12-16 20:00:00;3.37;35.2;30.8;66.2;4.0;63.0;36.91;714.1;0.0;70.0;4.5;0.0;20.04;2.9;201.0
8421;2024-12-16 21:00:00;3.19;35.3;29.3;64.8;4.0;59.0;33.49;714.4;0.0;69.0;4.4;0.0;19.99;2.6;209.0
8422;2024-12-16 22:00:00;3.21;42.0;32.7;75.0;;55.0;38.13;714.7;0.0;71.0;4.4;0.0;20.02;4.0;347.0
8423;2024-12-16 23:00:00;3.06;36.0;32.0;68.3;;73.0;41.36;714.8;0.0;72.0;4.3;0.0;20.02;2.8;98.0
8424;2024-12-17 00:00:00;3.21;33.8;27.8;61.8;;83.0;43.31;714.9;0.0;73.0;4.3;0.0;19.76;2.3;48.0
8425;2024-12-17 01:00:00;2.94;28.3;25.2;53.6;;69.0;37.09;714.8;0.0;75.0;4.1;0.0;19.47;1.8;283.0
8426;2024-12-17 02:00:00;2.66;29.3;23.5;52.9;3.0;64.0;30.23;714.7;0.0;77.0;4.1;0.0;19.22;2.0;308.0
8427;2024-12-17 03:00:00;2.63;17.7;24.3;42.1;5.0;62.0;30.15;714.5;0.0;77.0;4.0;0.0;19.21;3.1;25.0
8428;2024-12-17 04:00:00;2.45;3.6;14.2;17.9;15.0;56.0;27.59;714.3;0.0;78.0;3.9;0.0;19.02;5.4;60.0
8429;2024-12-17 05:00:00;2.4;3.1;9.5;12.8;18.0;45.0;19.98;714.4;0.0;82.0;4.0;0.0;18.72;5.0;67.0
8430;2024-12-17 06:00:00;2.4;2.8;9.5;12.6;17.0;37.0;16.6;714.4;0.0;84.0;3.9;0.0;18.59;3.7;68.0
8431;2024-12-17 07:00:00;2.57;7.2;19.5;26.8;8.0;35.0;20.88;714.5;0.0;85.0;4.0;0.0;18.54;6.2;72.0
8432;2024-12-17 08:00:00;2.78;18.2;20.5;38.9;4.0;44.0;31.26;714.8;0.0;82.0;4.0;0.003;18.5;3.2;75.0
8433;2024-12-17 09:00:00;2.86;16.1;21.3;37.6;5.0;46.0;29.34;715.3;0.0;82.0;4.0;0.024;18.64;1.8;41.0
8434;2024-12-17 10:00:00;2.79;18.3;20.8;39.4;6.0;55.0;30.4;715.7;0.0;84.0;4.1;0.047;18.81;4.3;48.0
8435;2024-12-17 11:00:00;2.74;16.5;20.4;37.2;10.0;59.0;34.4;715.8;0.0;84.0;4.6;0.156;19.04;7.8;47.0
8436;2024-12-17 12:00:00;2.68;17.0;22.7;39.9;13.0;61.0;41.27;715.5;0.0;79.0;6.1;0.203;20.0;7.5;38.0
8437;2024-12-17 13:00:00;2.61;9.0;18.1;27.3;23.0;66.0;34.62;715.1;0.0;73.0;6.7;0.194;20.87;9.2;44.0
8438;2024-12-17 14:00:00;2.6;6.5;15.4;22.2;24.0;55.0;27.86;714.3;0.0;68.0;5.5;0.142;21.5;8.7;47.0
8439;2024-12-17 15:00:00;2.55;5.6;13.3;19.2;27.0;49.0;28.32;713.8;0.0;64.0;5.0;0.203;22.32;7.8;56.0
8440;2024-12-17 16:00:00;2.5;4.8;11.8;16.8;27.0;45.0;25.27;713.6;0.0;63.0;4.7;0.165;22.53;7.7;88.0
8441;2024-12-17 17:00:00;2.48;4.1;10.3;14.6;27.0;42.0;21.51;713.4;0.0;63.0;4.6;0.14;22.73;8.7;96.0
8442;2024-12-17 18:00:00;2.53;3.6;13.8;17.6;22.0;39.0;21.86;713.5;0.0;66.0;4.4;0.026;22.12;6.9;88.0
8443;2024-12-17 19:00:00;2.61;3.7;17.4;21.2;17.0;44.0;21.39;713.6;0.0;69.0;4.3;0.0;21.39;6.6;78.0
8444;2024-12-17 20:00:00;2.54;3.5;14.5;18.2;21.0;41.0;22.05;713.9;0.0;68.0;4.1;0.0;21.36;7.9;63.0
8445;2024-12-17 21:00:00;2.71;5.2;23.8;29.1;8.0;41.0;24.25;714.1;0.0;72.0;4.1;0.0;20.25;3.2;313.0
8446;2024-12-17 22:00:00;2.59;6.2;19.0;25.3;11.0;43.0;18.0;714.4;0.0;78.0;3.9;0.0;19.84;6.8;42.0
8447;2024-12-17 23:00:00;2.48;3.5;15.4;19.1;11.0;36.0;9.9;714.5;0.0;83.0;4.0;0.0;18.98;3.0;2.0
8448;2024-12-18 00:00:00;2.5;6.6;19.1;26.0;5.0;27.0;13.54;714.6;0.0;85.0;4.0;0.0;18.37;2.2;282.0
8449;2024-12-18 01:00:00;2.53;5.6;20.7;26.6;4.0;34.0;14.62;714.5;0.0;87.0;4.0;0.0;18.0;2.1;267.0
8450;2024-12-18 02:00:00;2.56;4.9;21.2;26.3;4.0;34.0;21.1;714.4;0.0;87.0;3.9;0.0;18.23;2.0;23.0
8451;2024-12-18 03:00:00;2.49;2.8;14.2;17.2;9.0;44.0;16.41;714.4;0.0;88.0;4.0;0.0;18.15;1.8;93.0
8452;2024-12-18 04:00:00;2.48;3.8;12.7;16.6;8.0;31.0;15.99;714.4;0.0;88.0;3.9;0.0;18.04;1.7;263.0
8453;2024-12-18 05:00:00;2.48;9.4;18.8;28.4;4.0;34.0;25.71;714.8;0.0;83.0;4.1;0.0;18.08;3.3;251.0
8454;2024-12-18 06:00:00;2.52;15.1;18.7;34.1;4.0;47.0;30.42;715.2;0.0;79.0;4.1;0.0;17.9;2.2;235.0
8455;2024-12-18 07:00:00;2.62;27.2;18.5;45.9;4.0;57.0;32.83;715.6;0.0;80.0;4.1;0.0;18.12;1.8;236.0
8456;2024-12-18 08:00:00;2.78;36.7;18.3;55.3;;72.0;34.18;716.1;0.0;76.0;4.2;0.008;17.83;3.9;219.0
8457;2024-12-18 09:00:00;2.91;50.3;20.4;71.0;5.0;72.0;34.26;716.4;0.0;72.0;4.4;0.059;18.85;2.7;227.0
8458;2024-12-18 10:00:00;2.83;38.2;23.7;62.1;8.0;74.0;35.1;716.9;0.0;63.0;4.3;0.12;21.63;3.1;111.0
8459;2024-12-18 11:00:00;2.84;19.0;22.3;41.5;16.0;70.0;38.08;717.0;0.0;63.0;4.3;0.372;22.47;4.6;17.0
8460;2024-12-18 12:00:00;2.74;14.5;23.1;37.9;24.0;72.0;40.88;716.8;0.0;57.0;4.6;0.492;23.61;5.4;34.0
8461;2024-12-18 13:00:00;2.57;7.0;14.8;22.0;38.0;63.0;28.4;716.2;0.0;52.0;4.6;0.527;24.67;5.8;60.0
8462;2024-12-18 14:00:00;2.57;5.6;15.8;21.6;41.0;60.0;28.82;715.6;0.0;53.0;4.6;0.388;24.63;6.9;45.0
8463;2024-12-18 15:00:00;2.5;4.5;14.3;18.9;35.0;62.0;23.69;715.4;0.0;52.0;4.6;0.145;24.49;7.1;36.0
8464;2024-12-18 16:00:00;2.5;4.9;19.3;24.4;26.0;59.0;21.43;715.6;0.0;54.0;4.5;0.064;23.96;9.5;59.0
8465;2024-12-18 17:00:00;2.53;5.1;18.8;24.1;22.0;56.0;19.34;716.1;0.0;56.0;4.4;0.028;23.55;9.6;47.0
8466;2024-12-18 18:00:00;2.62;5.0;21.0;26.2;16.0;52.0;22.64;716.6;0.0;65.0;4.3;0.006;22.38;9.0;63.0
8467;2024-12-18 19:00:00;2.57;5.8;20.2;26.2;10.0;50.0;18.24;717.3;0.0;79.0;4.2;0.0;19.74;10.5;354.0
8468;2024-12-18 20:00:00;2.61;4.8;17.2;22.3;9.0;48.0;17.27;717.9;0.0;82.0;4.0;0.0;18.84;9.0;349.0
8469;2024-12-18 21:00:00;2.42;3.2;11.6;15.0;14.0;43.0;17.99;718.3;0.0;80.0;4.0;0.0;18.91;9.2;18.0
8470;2024-12-18 22:00:00;2.6;3.8;16.1;20.1;9.0;38.0;20.67;718.7;0.0;80.0;3.9;0.0;18.66;9.2;65.0
8471;2024-12-18 23:00:00;2.51;3.5;17.1;20.8;10.0;36.0;17.4;718.8;0.0;78.0;4.0;0.0;18.48;7.4;62.0
8472;2024-12-19 00:00:00;2.53;4.0;18.2;22.5;8.0;36.0;17.4;718.8;0.0;79.0;4.0;0.0;17.83;9.9;62.0
8473;2024-12-19 01:00:00;2.43;2.5;11.7;14.4;15.0;44.0;14.04;718.7;0.0;77.0;4.0;0.0;17.2;7.5;36.0
8474;2024-12-19 02:00:00;2.41;3.1;10.7;14.1;18.0;35.0;11.73;718.4;0.0;74.0;4.0;0.0;16.69;9.7;69.0
8475;2024-12-19 03:00:00;2.36;2.4;15.5;18.0;15.0;34.0;13.15;718.4;0.0;73.0;4.0;0.0;16.49;7.9;75.0
8476;2024-12-19 04:00:00;2.33;2.3;11.3;13.9;18.0;40.0;12.03;718.6;0.0;84.0;4.0;0.0;14.5;6.7;108.0
8477;2024-12-19 05:00:00;2.46;2.6;14.7;17.4;16.0;33.0;14.44;718.5;0.0;86.0;4.0;0.0;14.09;4.3;138.0
8478;2024-12-19 06:00:00;2.5;2.7;18.7;21.5;14.0;30.0;16.3;718.5;0.0;84.0;4.0;0.0;14.03;3.5;156.0
8479;2024-12-19 07:00:00;2.42;4.9;21.4;26.5;11.0;32.0;15.08;718.6;0.0;76.0;4.1;0.0;14.77;4.1;110.0
8480;2024-12-19 08:00:00;2.55;5.5;22.2;27.9;10.0;34.0;11.42;718.8;0.0;64.0;4.3;0.005;14.93;4.4;38.0
8481;2024-12-19 09:00:00;2.81;9.4;24.7;34.4;10.0;37.0;13.78;719.2;0.0;59.0;4.5;0.045;15.18;4.3;75.0
8482;2024-12-19 10:00:00;2.52;13.1;22.4;35.8;13.0;43.0;13.08;719.3;0.0;58.0;4.5;0.156;16.16;4.9;86.0
8483;2024-12-19 11:00:00;2.66;23.6;26.9;50.7;13.0;48.0;20.49;719.1;0.0;56.0;5.5;0.241;16.74;6.6;69.0
8484;2024-12-19 12:00:00;2.69;35.4;32.1;67.7;11.0;62.0;26.62;718.7;0.0;55.0;7.8;0.263;17.48;5.4;78.0
8485;2024-12-19 13:00:00;2.69;31.6;31.8;63.6;15.0;66.0;28.65;717.8;0.0;52.0;8.8;0.463;18.78;4.7;21.0
8486;2024-12-19 14:00:00;2.79;32.1;39.1;71.4;18.0;69.0;35.3;717.0;0.0;49.0;9.7;0.528;20.4;5.0;14.0
8487;2024-12-19 15:00:00;2.73;18.8;37.1;56.1;29.0;85.0;34.57;716.4;0.0;49.0;9.2;0.43;21.05;6.4;61.0
8488;2024-12-19 16:00:00;2.7;8.0;29.5;37.7;41.0;74.0;31.75;716.2;0.0;53.0;5.7;0.307;21.01;7.2;66.0
8489;2024-12-19 17:00:00;2.58;6.0;20.5;26.6;33.0;61.0;22.46;716.2;0.0;60.0;4.7;0.159;20.47;8.5;63.0
8490;2024-12-19 18:00:00;2.48;3.9;13.4;17.6;24.0;50.0;13.99;716.4;0.0;69.0;4.5;0.022;18.73;9.8;94.0
8491;2024-12-19 19:00:00;2.41;2.9;11.3;14.4;27.0;35.0;13.37;716.7;0.0;69.0;4.2;0.0;17.83;10.3;104.0
8492;2024-12-19 20:00:00;2.43;2.9;13.7;16.7;23.0;32.0;14.17;716.6;0.0;71.0;4.1;0.0;17.51;8.1;113.0
8493;2024-12-19 21:00:00;2.44;2.8;13.5;16.5;22.0;30.0;15.66;716.9;0.0;73.0;4.1;0.0;17.27;8.2;109.0
8494;2024-12-19 22:00:00;2.41;2.7;12.1;15.0;22.0;31.0;15.24;717.1;0.0;73.0;4.1;0.0;17.17;6.0;92.0
8495;2024-12-19 23:00:00;2.52;3.8;17.4;21.4;9.0;30.0;14.52;717.3;0.0;75.0;3.9;0.0;16.63;1.9;134.0
8496;2024-12-20 00:00:00;2.55;6.9;20.5;27.6;5.0;33.0;15.73;717.2;0.0;78.0;3.9;0.0;16.16;2.1;178.0
8497;2024-12-20 01:00:00;2.57;7.8;18.4;26.5;4.0;33.0;17.01;717.1;0.0;78.0;4.0;0.0;16.24;1.8;314.0
8498;2024-12-20 02:00:00;2.5;3.5;18.3;21.9;6.0;31.0;15.91;717.0;0.0;76.0;4.0;0.0;16.36;1.8;262.0
8499;2024-12-20 03:00:00;2.49;4.3;24.5;29.0;5.0;32.0;18.72;716.9;0.0;76.0;3.9;0.0;15.77;1.8;280.0
8500;2024-12-20 04:00:00;2.52;8.2;25.9;34.3;4.0;42.0;18.34;716.9;0.0;77.0;4.0;0.0;15.35;1.9;245.0
8501;2024-12-20 05:00:00;2.53;11.4;23.7;35.4;4.0;39.0;22.01;717.2;0.0;78.0;4.0;0.0;15.21;1.9;286.0
8502;2024-12-20 06:00:00;2.51;10.5;26.1;36.7;4.0;39.0;20.17;717.5;0.0;78.0;3.9;0.0;14.89;1.8;339.0
8503;2024-12-20 07:00:00;2.69;49.9;29.1;79.2;;47.0;33.99;718.0;0.0;79.0;4.3;0.0;14.69;1.8;327.0
8504;2024-12-20 08:00:00;2.84;32.3;30.6;63.2;;71.0;36.67;718.6;0.0;76.0;4.2;0.006;15.2;1.8;215.0
8505;2024-12-20 09:00:00;2.94;33.6;33.7;67.6;6.0;70.0;37.18;719.1;0.0;72.0;4.8;0.063;16.1;2.0;299.0
8506;2024-12-20 10:00:00;3.08;49.4;37.0;86.7;6.0;73.0;42.98;719.5;0.0;69.0;6.5;0.113;17.39;3.1;4.0
8507;2024-12-20 11:00:00;3.61;46.9;39.4;86.6;7.0;78.0;57.27;719.8;0.0;69.0;7.4;0.103;17.25;6.7;13.0
8508;2024-12-20 12:00:00;3.23;26.9;35.4;62.4;9.0;99.0;53.58;719.7;0.0;70.0;7.4;0.105;17.16;6.6;29.0
8509;2024-12-20 13:00:00;2.82;20.3;33.3;53.8;10.0;101.0;33.69;719.2;0.0;73.0;6.7;0.08;16.92;7.1;69.0
8510;2024-12-20 14:00:00;2.76;18.6;31.8;50.6;11.0;80.0;32.45;718.7;0.0;79.0;6.2;0.112;16.47;4.4;125.0
8511;2024-12-20 15:00:00;2.79;17.8;33.0;51.0;9.0;70.0;40.19;718.4;0.0;76.0;6.2;0.054;16.84;4.9;134.0
8512;2024-12-20 16:00:00;2.7;16.5;34.3;51.0;8.0;64.0;36.65;718.2;0.0;74.0;6.6;0.031;16.97;3.2;176.0
8513;2024-12-20 17:00:00;2.72;11.3;35.1;46.6;8.0;61.0;31.04;718.3;0.0;75.0;6.6;0.012;16.9;4.5;16.0
8514;2024-12-20 18:00:00;2.89;18.6;36.7;55.5;5.0;59.0;31.36;718.5;0.0;86.0;5.4;0.002;15.37;3.9;55.0
8515;2024-12-20 19:00:00;2.65;11.6;33.6;45.4;7.0;51.0;17.75;718.6;0.0;89.0;4.7;0.0;14.91;5.3;17.0
8516;2024-12-20 20:00:00;2.94;7.8;34.4;42.4;7.0;35.0;25.57;718.7;0.0;90.0;4.4;0.0;14.81;4.3;9.0
8517;2024-12-20 21:00:00;3.27;16.7;36.0;52.9;4.0;36.0;32.36;718.8;0.0;91.0;4.4;0.0;14.85;5.5;12.0
8518;2024-12-20 22:00:00;2.53;7.4;18.4;26.0;20.0;42.0;18.67;718.9;0.0;91.0;4.2;0.0;14.23;6.6;98.0
8519;2024-12-20 23:00:00;2.43;3.7;18.1;22.0;19.0;31.0;13.47;719.1;0.0;87.0;4.2;0.0;14.6;6.2;85.0
8520;2024-12-21 00:00:00;2.46;6.0;19.6;25.8;21.0;26.0;17.65;719.0;0.0;79.0;4.3;0.0;15.02;4.4;58.0
8521;2024-12-21 01:00:00;2.23;2.3;11.3;13.7;28.0;25.0;13.48;718.6;0.0;77.0;4.3;0.0;14.6;2.6;224.0
8522;2024-12-21 02:00:00;2.28;2.3;11.6;14.1;27.0;30.0;14.73;718.3;0.0;81.0;4.3;0.0;14.41;3.0;123.0
8523;2024-12-21 03:00:00;2.26;2.1;6.5;8.9;31.0;29.0;13.47;717.9;0.0;86.0;4.8;0.0;13.98;2.2;295.0
8524;2024-12-21 04:00:00;2.29;2.3;22.0;24.5;19.0;30.0;19.33;717.7;0.0;88.0;4.9;0.0;13.89;4.3;353.0
8525;2024-12-21 05:00:00;2.47;2.2;10.7;13.0;31.0;32.0;18.39;717.8;0.0;87.0;4.6;0.0;13.76;3.4;320.0
8526;2024-12-21 06:00:00;2.64;2.2;13.1;15.5;25.0;32.0;23.58;717.8;0.0;89.0;4.3;0.0;13.73;2.7;326.0
8527;2024-12-21 07:00:00;2.4;2.4;15.7;18.2;22.0;31.0;15.47;718.0;0.0;90.0;4.1;0.0;13.81;5.3;62.0
8528;2024-12-21 08:00:00;2.39;2.9;18.3;21.4;19.0;26.0;9.82;718.2;0.0;91.0;4.1;0.001;13.61;6.4;49.0
8529;2024-12-21 09:00:00;2.49;5.1;24.9;30.2;15.0;26.0;12.13;718.5;0.0;91.0;4.4;0.016;13.63;6.2;53.0
8530;2024-12-21 10:00:00;2.63;22.3;32.2;54.7;9.0;28.0;21.6;718.7;0.0;90.0;4.8;0.087;14.27;4.2;15.0
8531;2024-12-21 11:00:00;2.67;23.7;31.1;54.9;11.0;40.0;30.49;718.7;0.0;84.0;5.7;0.163;15.44;4.6;351.0
8532;2024-12-21 12:00:00;2.67;14.2;29.0;43.4;12.0;43.0;21.11;718.2;0.0;79.0;4.9;0.104;16.09;4.3;354.0
8533;2024-12-21 13:00:00;2.55;5.6;19.1;24.9;24.0;41.0;14.99;717.6;0.0;80.0;4.5;0.067;15.82;8.7;69.0
8534;2024-12-21 14:00:00;2.49;4.8;15.6;20.6;28.0;32.0;12.98;716.9;0.0;80.0;4.3;0.086;15.67;9.8;65.0
8535;2024-12-21 15:00:00;2.51;4.6;16.6;21.4;25.0;28.0;12.32;716.4;0.0;78.0;4.1;0.066;15.92;7.4;68.0
8536;2024-12-21 16:00:00;2.62;5.6;22.2;28.0;21.0;28.0;19.17;716.3;0.0;80.0;4.1;0.055;15.87;8.3;58.0
8537;2024-12-21 17:00:00;2.56;4.2;20.5;24.9;23.0;36.0;18.04;716.4;0.0;81.0;3.9;0.022;15.53;9.1;62.0
8538;2024-12-21 18:00:00;2.58;3.9;23.8;27.9;17.0;30.0;16.14;716.4;0.0;82.0;3.9;0.004;15.41;6.2;61.0
8539;2024-12-21 19:00:00;2.62;4.2;27.3;31.7;14.0;35.0;19.19;716.6;0.0;85.0;3.9;0.0;15.03;6.0;48.0
8540;2024-12-21 20:00:00;2.55;4.2;20.9;25.3;16.0;34.0;13.09;716.9;0.0;83.0;4.0;0.0;15.33;6.0;60.0
8541;2024-12-21 21:00:00;2.37;2.4;10.1;12.7;24.0;23.0;8.57;717.1;0.0;82.0;3.9;0.0;15.4;5.4;114.0
8542;2024-12-21 22:00:00;2.36;2.7;9.9;12.8;25.0;21.0;11.12;717.1;0.0;82.0;3.8;0.0;15.41;6.2;102.0
8543;2024-12-21 23:00:00;2.35;2.3;8.8;11.3;26.0;21.0;12.96;717.2;0.0;81.0;3.7;0.0;15.51;5.8;104.0
8544;2024-12-22 00:00:00;2.32;2.1;7.2;9.5;27.0;23.0;12.06;717.0;0.0;81.0;3.7;0.0;15.42;6.9;106.0
8545;2024-12-22 01:00:00;2.29;2.0;5.7;7.9;28.0;22.0;7.58;716.7;0.0;81.0;3.8;0.0;15.4;8.2;113.0
8546;2024-12-22 02:00:00;2.29;2.0;6.3;8.5;26.0;20.0;5.32;716.2;0.0;81.0;3.9;0.0;15.45;3.6;58.0
8547;2024-12-22 03:00:00;2.33;2.1;8.6;10.9;20.0;18.0;5.88;716.0;0.0;81.0;3.8;0.0;15.36;3.4;106.0
8548;2024-12-22 04:00:00;2.41;2.5;15.2;17.9;15.0;20.0;17.88;716.0;0.0;85.0;3.8;0.0;14.84;4.3;34.0
8549;2024-12-22 05:00:00;2.37;8.2;20.1;28.6;8.0;32.0;25.71;716.0;0.0;87.0;4.4;0.0;14.31;3.4;42.0
8550;2024-12-22 06:00:00;2.34;3.6;13.1;16.9;14.0;36.0;22.63;716.0;0.0;88.0;4.3;0.0;14.26;1.8;50.0
8551;2024-12-22 07:00:00;2.39;9.0;24.3;33.5;4.0;41.0;38.89;716.2;0.0;87.0;4.9;0.0;14.39;2.0;49.0
8552;2024-12-22 08:00:00;2.41;7.3;22.1;29.6;5.0;51.0;31.82;716.7;0.0;87.0;5.0;0.001;14.47;2.0;27.0
8553;2024-12-22 09:00:00;2.45;11.5;21.5;33.3;6.0;47.0;33.71;717.2;0.0;86.0;4.9;0.016;14.56;2.7;29.0
8554;2024-12-22 10:00:00;2.5;19.0;21.3;40.5;6.0;52.0;40.9;717.4;0.0;86.0;5.3;0.056;14.84;2.8;51.0
8555;2024-12-22 11:00:00;2.56;20.4;21.5;42.3;8.0;57.0;38.98;717.4;0.0;83.0;5.4;0.13;15.48;3.8;46.0
8556;2024-12-22 12:00:00;2.55;25.6;22.9;48.7;11.0;61.0;40.93;717.0;0.0;77.0;6.4;0.247;16.7;5.3;35.0
8557;2024-12-22 13:00:00;2.49;11.4;18.7;30.3;19.0;58.0;30.23;716.2;0.0;73.0;6.3;0.243;17.48;6.7;55.0
8558;2024-12-22 14:00:00;2.44;7.1;14.4;21.7;22.0;43.0;19.95;715.3;0.0;74.0;5.3;0.167;17.49;8.6;55.0
8559;2024-12-22 15:00:00;2.43;6.5;13.9;20.6;21.0;37.0;15.6;714.8;0.0;77.0;5.1;0.126;17.07;9.7;46.0
8560;2024-12-22 16:00:00;2.44;5.1;14.5;19.8;19.0;32.0;13.35;714.8;0.0;79.0;4.5;0.077;16.88;8.1;48.0
8561;2024-12-22 17:00:00;2.49;5.4;16.9;22.4;16.0;30.0;11.59;714.8;0.0;78.0;4.4;0.061;17.02;7.4;47.0
8562;2024-12-22 18:00:00;2.51;5.2;19.0;24.5;13.0;29.0;12.3;714.9;0.0;79.0;4.1;0.022;16.91;4.6;66.0
8563;2024-12-22 19:00:00;2.59;8.9;24.2;33.3;7.0;34.0;15.9;715.1;0.0;82.0;4.2;0.0;16.28;4.1;51.0
8564;2024-12-22 20:00:00;2.43;3.2;13.2;16.7;17.0;33.0;13.2;715.3;0.0;80.0;4.0;0.0;16.34;6.1;111.0
8565;2024-12-22 21:00:00;2.3;2.2;6.1;8.5;25.0;24.0;7.48;715.4;0.0;79.0;4.0;0.0;16.63;9.2;127.0
8566;2024-12-22 22:00:00;2.36;2.1;9.1;11.4;21.0;21.0;8.53;715.4;0.0;78.0;3.9;0.0;16.66;5.7;96.0
8567;2024-12-22 23:00:00;2.41;3.0;12.7;15.9;15.0;23.0;9.71;715.3;0.0;79.0;3.9;0.0;16.7;5.8;111.0
8568;2024-12-23 00:00:00;2.39;2.3;11.7;14.2;17.0;21.0;9.91;715.1;0.0;80.0;3.9;0.0;16.6;4.8;61.0
8569;2024-12-23 01:00:00;2.52;5.5;17.3;23.0;6.0;23.0;13.01;714.8;0.0;80.0;4.0;0.0;16.09;3.2;211.0
8570;2024-12-23 02:00:00;2.54;7.7;18.7;26.7;4.0;25.0;14.76;714.5;0.0;80.0;3.8;0.0;15.83;2.9;220.0
8571;2024-12-23 03:00:00;2.45;3.6;16.1;19.8;6.0;28.0;16.35;714.4;0.0;81.0;3.9;0.0;15.58;2.7;232.0
8572;2024-12-23 04:00:00;2.37;2.7;12.5;15.4;8.0;32.0;18.67;714.1;0.0;82.0;3.8;0.0;14.76;6.1;222.0
8573;2024-12-23 05:00:00;2.33;2.6;11.8;14.7;8.0;34.0;21.45;713.9;0.0;81.0;3.8;0.0;14.53;5.5;219.0
8574;2024-12-23 06:00:00;2.32;3.4;12.6;16.2;7.0;40.0;23.09;713.9;0.0;79.0;3.9;0.0;14.75;7.0;218.0
8575;2024-12-23 07:00:00;2.36;11.8;16.0;28.1;5.0;51.0;25.04;714.0;0.0;78.0;4.0;0.0;14.21;7.3;215.0
8576;2024-12-23 08:00:00;2.5;24.9;17.0;42.0;4.0;56.0;23.95;714.3;0.0;77.0;4.1;0.007;14.14;6.4;215.0
8577;2024-12-23 09:00:00;2.64;36.6;17.4;54.2;5.0;47.0;23.12;714.5;0.0;70.0;4.2;0.042;16.12;4.2;218.0
8578;2024-12-23 10:00:00;2.58;27.4;19.2;46.9;10.0;47.0;24.84;714.6;0.0;59.0;4.3;0.1;18.99;3.4;88.0
8579;2024-12-23 11:00:00;2.64;23.7;23.2;47.0;15.0;48.0;33.14;714.6;0.0;57.0;4.5;0.411;20.37;4.0;36.0
8580;2024-12-23 12:00:00;2.74;26.5;28.5;55.1;18.0;50.0;36.77;714.1;0.0;53.0;5.5;0.531;21.57;4.6;34.0
8581;2024-12-23 13:00:00;2.74;20.7;28.6;49.5;23.0;51.0;34.68;713.3;0.0;50.0;6.1;0.585;22.47;5.0;42.0
8582;2024-12-23 14:00:00;2.74;11.6;26.3;38.2;34.0;56.0;34.14;712.6;0.0;54.0;5.3;0.565;23.06;7.3;85.0
8583;2024-12-23 15:00:00;2.56;7.4;19.0;26.7;37.0;51.0;23.05;712.1;0.0;57.0;4.7;0.494;23.37;9.8;51.0
8584;2024-12-23 16:00:00;2.5;5.7;14.7;20.6;37.0;44.0;14.48;712.1;0.0;58.0;4.5;0.363;23.65;10.5;50.0
8585;2024-12-23 17:00:00;2.55;5.6;18.1;23.9;31.0;38.0;13.7;712.2;0.0;56.0;4.3;0.169;24.0;8.5;40.0
8586;2024-12-23 18:00:00;2.66;5.1;24.2;29.5;21.0;39.0;13.6;712.5;0.0;61.0;4.3;0.023;22.46;8.2;58.0
8587;2024-12-23 19:00:00;2.63;4.1;24.1;28.4;18.0;38.0;13.96;712.8;0.0;63.0;4.2;0.0;21.41;8.4;58.0
8588;2024-12-23 20:00:00;2.62;4.1;23.5;27.8;14.0;39.0;15.57;713.2;0.0;66.0;4.1;0.0;20.51;6.9;55.0
8589;2024-12-23 21:00:00;2.49;3.1;16.2;19.4;16.0;37.0;13.68;713.5;0.0;69.0;4.0;0.0;19.82;6.2;97.0
8590;2024-12-23 22:00:00;2.61;6.0;23.1;29.4;6.0;29.0;16.65;713.7;0.0;75.0;4.0;0.0;18.03;2.2;212.0
8591;2024-12-23 23:00:00;2.76;15.0;25.1;40.2;4.0;34.0;19.69;713.8;0.0;76.0;3.9;0.0;17.41;3.5;225.0
8592;2024-12-24 00:00:00;2.85;24.0;27.3;51.5;4.0;38.0;25.35;713.8;0.0;75.0;4.0;0.0;16.8;4.3;222.0
8593;2024-12-24 01:00:00;2.59;11.4;27.2;38.8;4.0;50.0;21.96;713.6;0.0;71.0;4.0;0.0;16.67;7.0;220.0
8594;2024-12-24 02:00:00;2.57;15.0;27.3;42.5;;44.0;21.59;713.4;0.0;72.0;4.0;0.0;15.89;3.1;288.0
8595;2024-12-24 03:00:00;2.45;9.3;26.6;36.1;;42.0;20.11;713.1;0.0;69.0;4.1;0.0;15.57;1.9;236.0
8596;2024-12-24 04:00:00;2.35;5.3;23.7;29.2;5.0;36.0;16.98;713.0;0.0;68.0;3.9;0.0;15.01;2.3;225.0
8597;2024-12-24 05:00:00;2.45;12.1;22.0;34.3;4.0;37.0;18.9;713.1;0.0;74.0;4.0;0.0;14.22;3.1;231.0
8598;2024-12-24 06:00:00;2.44;8.6;20.7;29.6;5.0;37.0;28.49;713.0;0.0;81.0;3.9;0.0;13.99;4.2;279.0
8599;2024-12-24 07:00:00;2.48;7.0;19.3;26.6;5.0;49.0;;713.0;0.0;89.0;3.9;0.0;14.01;2.6;248.0
8600;2024-12-24 08:00:00;2.68;20.3;15.8;36.4;4.0;59.0;44.36;713.2;0.0;90.0;4.0;0.006;13.24;1.7;235.0
8601;2024-12-24 09:00:00;2.74;31.1;19.3;50.6;6.0;56.0;44.66;713.4;0.0;88.0;4.1;0.043;15.16;1.8;226.0
8602;2024-12-24 10:00:00;2.81;35.8;28.0;64.0;9.0;63.0;45.84;713.3;0.0;64.0;4.1;0.092;18.89;2.9;70.0
8603;2024-12-24 11:00:00;2.67;29.6;30.9;60.6;15.0;73.0;36.85;713.1;0.0;43.0;4.7;0.427;21.77;3.8;69.0
8604;2024-12-24 12:00:00;2.56;26.9;33.5;60.6;20.0;67.0;24.09;712.6;0.0;32.0;6.0;0.553;23.47;4.8;60.0
8605;2024-12-24 13:00:00;2.62;29.6;42.6;72.4;22.0;65.0;31.55;711.8;0.0;28.0;8.3;0.597;25.35;5.2;84.0
8606;2024-12-24 14:00:00;2.94;28.2;56.2;84.6;29.0;71.0;57.22;711.0;0.0;33.0;10.4;0.567;25.64;8.5;78.0
8607;2024-12-24 15:00:00;2.76;9.3;32.4;41.9;48.0;98.0;45.07;710.4;0.0;37.0;6.8;0.491;25.93;7.8;79.0
8608;2024-12-24 16:00:00;2.66;6.3;23.4;30.0;50.0;77.0;34.8;710.2;0.0;42.0;5.3;0.355;25.85;9.5;56.0
8609;2024-12-24 17:00:00;2.69;5.0;22.8;28.0;45.0;66.0;36.15;710.1;0.0;47.0;4.7;0.167;25.39;9.1;62.0
8610;2024-12-24 18:00:00;2.68;3.7;26.0;29.9;40.0;64.0;36.78;710.3;0.0;52.0;4.5;0.024;23.4;9.2;44.0
8611;2024-12-24 19:00:00;2.7;3.0;29.5;32.7;33.0;61.0;35.01;710.7;0.0;55.0;4.4;0.0;22.0;6.2;47.0
8612;2024-12-24 20:00:00;2.78;3.6;35.2;38.9;17.0;56.0;38.12;711.1;0.0;59.0;4.3;0.0;20.33;2.3;231.0
8613;2024-12-24 21:00:00;3.07;4.1;44.6;48.9;7.0;63.0;53.99;711.5;0.0;64.0;4.2;0.0;19.0;2.1;209.0
8614;2024-12-24 22:00:00;3.07;5.9;43.2;49.2;6.0;74.0;61.62;711.8;0.0;67.0;4.2;0.0;18.19;1.8;230.0
8615;2024-12-24 23:00:00;3.02;8.2;40.3;48.7;5.0;76.0;58.02;711.9;0.0;67.0;4.3;0.0;17.89;1.8;269.0
8616;2024-12-25 00:00:00;3.0;9.5;36.9;46.6;5.0;71.0;61.97;712.1;0.0;68.0;4.2;0.0;17.37;4.3;217.0
8617;2024-12-25 01:00:00;2.8;4.6;31.9;36.7;8.0;72.0;61.75;711.9;0.0;63.0;4.3;0.0;17.31;4.3;205.0
8618;2024-12-25 02:00:00;2.84;5.4;31.5;37.1;6.0;65.0;58.91;711.8;0.0;65.0;4.3;0.0;16.83;2.8;198.0
8619;2024-12-25 03:00:00;2.79;5.7;29.8;35.8;5.0;75.0;41.57;711.8;0.0;68.0;4.3;0.0;16.39;3.1;183.0
8620;2024-12-25 04:00:00;2.58;4.0;21.1;25.3;8.0;62.0;37.24;711.6;0.0;74.0;4.2;0.0;16.26;3.7;181.0
8621;2024-12-25 05:00:00;2.49;3.6;17.4;21.3;10.0;49.0;32.51;711.7;0.0;74.0;4.1;0.0;16.24;3.6;171.0
8622;2024-12-25 06:00:00;2.34;3.2;10.4;13.8;15.0;43.0;;711.8;0.0;75.0;4.1;0.0;16.89;6.1;123.0
8623;2024-12-25 07:00:00;2.39;3.0;13.8;17.0;14.0;44.0;23.1;712.0;0.0;73.0;4.3;0.0;17.11;5.5;123.0
8624;2024-12-25 08:00:00;2.5;2.9;12.9;16.0;20.0;45.0;21.21;712.2;0.0;69.0;4.5;0.005;17.16;4.4;122.0
8625;2024-12-25 09:00:00;2.27;4.0;15.8;20.0;19.0;37.0;23.09;712.7;0.0;66.0;5.0;0.052;17.18;5.5;93.0
8626;2024-12-25 10:00:00;2.59;3.8;10.2;14.3;27.0;38.0;20.81;713.0;0.0;63.0;5.6;0.134;17.21;5.8;56.0
8627;2024-12-25 11:00:00;2.24;5.8;14.0;20.1;26.0;37.0;23.26;712.9;0.0;58.0;6.3;0.215;17.99;7.2;123.0
8628;2024-12-25 12:00:00;2.3;9.1;17.2;26.5;29.0;34.0;19.28;712.1;0.0;53.0;8.5;0.489;20.03;5.4;87.0
8629;2024-12-25 13:00:00;2.24;4.1;9.1;13.4;42.0;41.0;19.56;711.4;0.0;52.0;6.4;0.588;20.83;8.7;63.0
8630;2024-12-25 14:00:00;2.24;3.0;7.8;11.1;52.0;29.0;22.13;710.3;0.0;49.0;5.2;0.576;21.72;9.1;54.0
8631;2024-12-25 15:00:00;2.27;2.8;8.6;11.7;59.0;31.0;27.58;709.4;0.0;48.0;4.9;0.496;22.33;10.3;62.0
8632;2024-12-25 16:00:00;2.3;2.9;10.0;13.2;58.0;38.0;25.58;708.9;0.0;54.0;6.5;0.359;22.16;11.1;45.0
8633;2024-12-25 17:00:00;2.33;2.9;9.8;12.9;49.0;44.0;29.0;708.8;0.0;57.0;6.2;0.172;21.84;9.9;49.0
8634;2024-12-25 18:00:00;2.34;2.7;10.2;13.1;39.0;46.0;28.7;709.0;0.0;66.0;5.1;0.026;20.07;9.5;68.0
8635;2024-12-25 19:00:00;2.36;2.5;9.8;12.5;34.0;44.0;28.99;709.3;0.0;68.0;4.7;0.0;19.39;9.7;91.0
8636;2024-12-25 20:00:00;2.33;2.3;7.2;9.7;33.0;45.0;27.53;709.6;0.0;71.0;4.4;0.0;18.82;8.8;86.0
8637;2024-12-25 21:00:00;2.33;2.1;6.8;9.2;32.0;40.0;27.73;709.9;0.0;72.0;4.2;0.0;18.47;7.1;85.0
8638;2024-12-25 22:00:00;2.34;2.2;8.0;10.4;27.0;39.0;28.73;710.0;0.0;74.0;4.0;0.0;18.08;5.2;89.0
8639;2024-12-25 23:00:00;2.44;2.3;14.4;16.9;16.0;37.0;29.85;710.1;0.0;76.0;4.0;0.0;17.36;3.0;178.0
8640;2024-12-26 00:00:00;2.45;3.1;16.7;20.0;13.0;39.0;;710.0;0.0;79.0;4.0;0.0;16.53;5.0;215.0
8641;2024-12-26 01:00:00;2.44;2.9;18.3;21.4;11.0;47.0;34.35;709.7;0.0;78.0;4.0;0.0;16.24;6.0;207.0
8642;2024-12-26 02:00:00;2.38;2.5;16.2;18.8;14.0;41.0;31.75;709.2;0.0;77.0;4.0;0.0;15.85;4.2;218.0
8643;2024-12-26 03:00:00;2.34;2.5;14.4;17.1;14.0;42.0;31.03;709.2;0.0;77.0;3.9;0.0;15.44;5.9;214.0
8644;2024-12-26 04:00:00;2.3;;;;16.0;43.0;31.7;709.0;0.0;76.0;3.9;0.0;15.38;8.1;218.0
8645;2024-12-26 05:00:00;2.27;;;;15.0;41.0;34.71;709.0;0.0;74.0;4.1;0.0;15.32;9.4;221.0
8646;2024-12-26 06:00:00;2.33;3.1;21.6;24.9;8.0;63.0;39.16;709.1;0.0;76.0;4.2;0.0;14.92;5.5;253.0
8647;2024-12-26 07:00:00;2.44;8.4;22.0;30.6;7.0;62.0;37.36;709.5;0.0;76.0;4.0;0.0;14.37;3.6;264.0
8648;2024-12-26 08:00:00;2.48;15.5;25.6;41.3;6.0;55.0;32.57;709.7;0.0;71.0;4.1;0.005;14.73;3.9;237.0
8649;2024-12-26 09:00:00;2.71;31.6;27.8;59.6;7.0;48.0;29.58;710.1;0.0;59.0;4.3;0.032;17.16;5.3;231.0
8650;2024-12-26 10:00:00;2.51;21.6;27.3;49.1;15.0;57.0;21.31;710.4;0.0;43.0;4.7;0.087;20.82;5.6;187.0
8651;2024-12-26 11:00:00;2.91;45.3;39.6;85.1;13.0;60.0;26.61;710.3;0.0;37.0;5.3;0.431;23.66;4.7;102.0
8652;2024-12-26 12:00:00;2.96;39.2;43.3;82.7;18.0;65.0;39.04;709.9;0.0;33.0;6.8;0.532;25.55;6.7;62.0
8653;2024-12-26 13:00:00;2.7;21.1;39.5;60.8;27.0;87.0;38.98;709.1;0.0;31.0;9.7;0.577;25.94;9.3;98.0
8654;2024-12-26 14:00:00;2.48;8.0;26.1;34.3;47.0;88.0;28.35;708.4;0.0;28.0;6.2;0.565;27.22;9.0;107.0
8655;2024-12-26 15:00:00;2.36;5.4;17.9;23.5;53.0;81.0;21.91;707.6;0.0;25.0;5.2;0.492;27.99;9.7;107.0
8656;2024-12-26 16:00:00;2.27;4.9;15.6;20.7;53.0;61.0;17.08;707.2;0.0;22.0;4.9;0.365;28.68;9.1;80.0
8657;2024-12-26 17:00:00;2.42;4.1;18.5;22.9;58.0;58.0;22.88;707.5;0.0;36.0;4.8;0.168;26.62;12.7;77.0
8658;2024-12-26 18:00:00;2.53;3.6;22.9;26.8;41.0;60.0;30.01;708.0;0.0;50.0;5.1;0.025;24.2;9.7;76.0
8659;2024-12-26 19:00:00;2.57;3.7;25.0;28.9;23.0;62.0;26.56;708.6;0.0;57.0;5.3;0.0;22.53;9.4;66.0
8660;2024-12-26 20:00:00;2.4;3.0;14.0;17.1;31.0;54.0;22.93;709.1;0.0;60.0;4.9;0.0;21.58;10.0;84.0
8661;2024-12-26 21:00:00;2.32;2.6;9.7;12.5;33.0;42.0;22.58;709.4;0.0;63.0;4.6;0.0;20.81;10.6;102.0
8662;2024-12-26 22:00:00;2.3;2.4;7.6;10.1;34.0;37.0;22.22;709.6;0.0;64.0;4.4;0.0;20.32;9.2;115.0
8663;2024-12-26 23:00:00;2.31;2.2;8.3;10.6;33.0;35.0;20.97;709.8;0.0;63.0;4.3;0.0;19.97;5.7;101.0
8664;2024-12-27 00:00:00;2.44;2.4;17.9;20.4;18.0;35.0;24.15;709.9;0.0;69.0;4.2;0.0;18.45;2.8;210.0
8665;2024-12-27 01:00:00;2.61;10.8;28.6;39.6;7.0;39.0;32.13;709.4;0.0;72.0;4.4;0.0;17.55;3.3;229.0
8666;2024-12-27 02:00:00;2.61;14.6;31.9;46.8;4.0;54.0;37.31;709.1;0.0;71.0;4.7;0.0;17.0;3.9;214.0
8667;2024-12-27 03:00:00;2.41;3.5;26.7;30.4;8.0;66.0;30.63;709.1;0.0;69.0;4.7;0.0;16.55;3.6;218.0
8668;2024-12-27 04:00:00;2.39;6.9;29.6;36.8;6.0;59.0;34.08;709.3;0.0;68.0;4.7;0.0;16.19;3.4;240.0
8669;2024-12-27 05:00:00;2.31;3.6;25.1;28.8;9.0;65.0;28.13;709.5;0.0;66.0;4.9;0.0;15.96;4.2;213.0
8670;2024-12-27 06:00:00;2.32;6.2;27.6;33.9;6.0;63.0;29.98;709.9;0.0;67.0;4.9;0.0;15.58;4.0;244.0
8671;2024-12-27 07:00:00;2.33;8.7;26.7;35.7;8.0;62.0;24.96;710.6;0.0;62.0;5.0;0.0;15.74;7.0;224.0
8672;2024-12-27 08:00:00;2.47;15.9;29.2;45.3;5.0;67.0;28.97;710.8;0.0;62.0;5.0;0.006;15.64;6.6;205.0
8673;2024-12-27 09:00:00;2.54;26.8;28.6;55.6;7.0;89.0;27.97;711.3;0.0;56.0;5.2;0.039;17.19;7.6;218.0
8674;2024-12-27 10:00:00;2.59;42.2;34.0;76.5;9.0;80.0;34.29;711.4;0.0;51.0;6.3;0.095;19.27;8.2;224.0
8675;2024-12-27 11:00:00;2.5;23.0;30.2;53.3;18.0;86.0;31.26;711.1;0.0;43.0;7.0;0.413;22.15;5.0;217.0
8676;2024-12-27 12:00:00;2.44;15.3;27.2;42.6;28.0;69.0;29.89;710.5;0.0;39.0;7.0;0.542;24.63;4.1;28.0
8677;2024-12-27 13:00:00;2.4;8.8;21.8;30.8;42.0;58.0;25.68;709.7;0.0;36.0;5.9;0.563;25.4;5.0;55.0
8678;2024-12-27 14:00:00;2.42;5.5;17.8;23.5;56.0;49.0;26.29;708.9;0.0;40.0;5.4;0.536;25.72;6.2;66.0
8679;2024-12-27 15:00:00;2.42;4.7;16.2;21.1;59.0;50.0;27.2;708.3;0.0;43.0;5.3;0.491;25.9;8.8;70.0
8680;2024-12-27 16:00:00;2.39;4.2;15.3;19.7;58.0;52.0;27.03;708.0;0.0;43.0;5.1;0.36;26.1;7.9;75.0
8681;2024-12-27 17:00:00;2.43;3.7;17.1;21.0;54.0;52.0;26.02;708.0;0.0;45.0;5.1;0.171;25.95;7.2;61.0
8682;2024-12-27 18:00:00;2.47;3.2;19.7;23.1;42.0;53.0;25.74;708.2;0.0;49.0;5.1;0.025;24.44;7.5;83.0
8683;2024-12-27 19:00:00;2.67;4.2;32.7;37.1;23.0;49.0;27.71;708.4;0.0;53.0;5.1;0.0;23.19;5.8;73.0
8684;2024-12-27 20:00:00;3.26;23.1;44.7;68.0;4.0;55.0;34.32;708.7;0.0;61.0;4.8;0.0;21.29;1.9;153.0
8685;2024-12-27 21:00:00;3.13;18.0;43.1;61.3;4.0;66.0;32.91;708.9;0.0;64.0;4.6;0.0;20.23;2.6;324.0
8686;2024-12-27 22:00:00;2.85;10.6;40.3;51.2;5.0;53.0;29.31;709.0;0.0;64.0;4.4;0.0;19.77;3.4;219.0
8687;2024-12-27 23:00:00;2.68;5.3;35.6;41.1;10.0;46.0;29.66;709.0;0.0;62.0;4.2;0.0;19.13;4.2;205.0
8688;2024-12-28 00:00:00;2.52;4.4;31.8;36.3;13.0;50.0;29.18;708.6;0.0;56.0;4.4;0.0;18.95;6.5;208.0
8689;2024-12-28 01:00:00;2.48;4.1;32.3;36.5;10.0;49.0;26.23;708.0;0.0;57.0;4.4;0.0;18.18;4.3;225.0
8690;2024-12-28 02:00:00;2.4;3.4;28.0;31.6;14.0;43.0;24.44;707.8;0.0;55.0;4.4;0.0;18.03;8.0;217.0
8691;2024-12-28 03:00:00;2.26;3.3;21.5;25.0;19.0;46.0;20.94;707.5;0.0;52.0;4.5;0.0;17.72;7.3;220.0
8692;2024-12-28 04:00:00;2.22;3.2;21.0;24.4;19.0;42.0;21.7;707.2;0.0;51.0;4.6;0.0;17.35;8.3;217.0
8693;2024-12-28 05:00:00;2.2;3.1;21.3;24.6;18.0;51.0;23.03;706.9;0.0;51.0;4.9;0.0;16.99;5.4;227.0
8694;2024-12-28 06:00:00;2.19;3.1;19.4;22.7;19.0;48.0;19.49;707.4;0.0;51.0;4.7;0.0;16.63;6.8;237.0
8695;2024-12-28 07:00:00;2.27;7.1;31.7;38.9;7.0;41.0;24.76;707.9;0.0;52.0;5.0;0.0;16.03;4.9;234.0
8696;2024-12-28 08:00:00;2.37;19.9;35.4;55.5;5.0;53.0;26.31;708.4;0.0;51.0;5.4;0.005;16.02;5.2;213.0
8697;2024-12-28 09:00:00;2.62;48.6;37.1;86.0;7.0;66.0;30.93;708.8;0.0;46.0;6.0;0.032;18.55;3.3;87.0
8698;2024-12-28 10:00:00;2.36;21.5;27.8;49.6;18.0;77.0;20.63;709.3;0.0;27.0;6.2;0.088;23.61;5.2;245.0
8699;2024-12-28 11:00:00;2.16;11.0;18.2;29.5;31.0;70.0;13.92;709.8;0.0;14.0;5.1;0.426;27.73;10.3;288.0
8700;2024-12-28 12:00:00;1.98;4.2;6.8;11.2;43.0;90.0;9.42;709.6;0.0;10.0;4.6;0.558;29.11;15.7;308.0
8701;2024-12-28 13:00:00;1.99;4.0;7.4;11.7;44.0;88.0;8.18;709.0;0.0;9.0;4.5;0.613;29.49;14.0;316.0
8702;2024-12-28 14:00:00;2.0;3.7;7.2;11.2;47.0;56.0;7.38;708.3;0.0;8.0;4.4;0.607;30.21;13.9;311.0
8703;2024-12-28 15:00:00;2.0;3.7;7.6;11.5;47.0;40.0;7.72;707.9;0.0;8.0;4.4;0.53;30.75;13.6;323.0
8704;2024-12-28 16:00:00;2.0;3.4;7.5;11.1;44.0;37.0;6.18;707.7;0.0;8.0;4.2;0.399;31.33;10.5;308.0
8705;2024-12-28 17:00:00;2.01;3.4;8.9;12.5;39.0;34.0;5.14;708.1;0.0;9.0;4.2;0.194;30.86;8.2;309.0
8706;2024-12-28 18:00:00;2.2;3.7;20.0;23.8;32.0;32.0;11.42;708.5;0.0;13.0;4.5;0.027;28.67;6.8;127.0
8707;2024-12-28 19:00:00;2.25;2.7;21.7;24.5;35.0;38.0;12.68;709.2;0.0;20.0;4.6;0.0;25.13;2.7;268.0
8708;2024-12-28 20:00:00;2.55;14.2;46.5;61.0;6.0;43.0;27.0;709.8;0.0;31.0;6.3;0.0;22.83;2.9;240.0
8709;2024-12-28 21:00:00;2.6;8.6;43.7;52.5;5.0;60.0;26.06;710.5;0.0;34.0;5.6;0.0;21.43;2.6;264.0
8710;2024-12-28 22:00:00;2.58;8.5;39.9;48.6;5.0;58.0;25.79;711.2;0.0;36.0;5.5;0.0;20.32;1.8;213.0
8711;2024-12-28 23:00:00;2.81;30.3;39.3;69.8;4.0;56.0;28.69;711.8;0.0;40.0;5.5;0.0;19.01;1.8;228.0
8712;2024-12-29 00:00:00;2.62;19.5;37.1;56.8;4.0;54.0;25.28;712.2;0.0;38.0;5.3;0.0;18.36;2.1;215.0
8713;2024-12-29 01:00:00;2.59;22.8;35.5;58.5;5.0;49.0;25.55;712.2;0.0;33.0;6.8;0.0;18.52;3.7;217.0
8714;2024-12-29 02:00:00;2.44;14.6;33.7;48.5;5.0;53.0;23.46;712.5;0.0;34.0;6.4;0.0;17.45;3.0;214.0
8715;2024-12-29 03:00:00;2.38;6.1;31.7;38.0;5.0;51.0;18.37;712.6;0.0;36.0;5.8;0.0;17.25;2.6;242.0
8716;2024-12-29 04:00:00;2.4;8.2;32.6;41.0;;43.0;19.56;712.6;0.0;36.0;6.1;0.0;16.95;5.4;214.0
8717;2024-12-29 05:00:00;2.2;3.7;26.4;30.3;10.0;46.0;15.85;712.5;0.0;34.0;6.9;0.0;16.52;6.8;219.0
8718;2024-12-29 06:00:00;2.09;3.3;23.3;26.9;13.0;45.0;12.89;712.5;0.0;31.0;6.1;0.0;16.45;10.1;215.0
8719;2024-12-29 07:00:00;2.05;3.3;22.0;25.5;14.0;41.0;10.72;712.8;0.0;31.0;6.3;0.0;16.1;7.5;212.0
8720;2024-12-29 08:00:00;2.09;7.7;27.8;35.6;9.0;37.0;11.45;713.2;0.0;30.0;6.6;0.006;15.98;9.5;213.0
8721;2024-12-29 09:00:00;2.12;10.6;24.3;35.1;15.0;40.0;11.45;713.9;0.0;28.0;6.8;0.03;17.38;9.8;211.0
8722;2024-12-29 10:00:00;2.07;8.1;17.4;25.8;26.0;40.0;9.74;714.1;0.0;24.0;6.0;0.091;19.82;8.9;213.0
8723;2024-12-29 11:00:00;2.09;8.5;16.1;24.8;31.0;37.0;10.07;714.2;0.0;20.0;6.0;0.443;22.99;3.1;318.0
8724;2024-12-29 12:00:00;2.14;7.4;16.2;23.8;39.0;46.0;12.81;713.9;0.0;21.0;5.8;0.564;24.81;2.2;353.0
8725;2024-12-29 13:00:00;2.12;4.7;11.2;16.2;53.0;40.0;9.61;713.0;0.0;20.0;4.6;0.617;25.32;5.2;68.0
8726;2024-12-29 14:00:00;2.03;3.6;7.3;11.2;54.0;39.0;7.0;712.2;0.0;18.0;4.3;0.612;26.33;7.9;68.0
8727;2024-12-29 15:00:00;2.04;3.2;7.4;10.8;60.0;30.0;7.69;711.7;0.0;17.0;4.3;0.534;26.97;7.9;69.0
8728;2024-12-29 16:00:00;2.07;3.2;8.5;11.9;62.0;28.0;8.82;711.4;0.0;19.0;4.5;0.398;27.44;7.6;57.0
8729;2024-12-29 17:00:00;2.1;2.9;8.1;11.2;56.0;30.0;10.11;711.0;0.0;22.0;4.5;0.195;27.07;8.4;101.0
8730;2024-12-29 18:00:00;2.1;2.6;9.4;12.2;47.0;29.0;8.92;711.1;0.0;24.0;4.5;0.029;24.94;5.6;100.0
8731;2024-12-29 19:00:00;2.23;2.5;18.6;21.3;31.0;32.0;10.9;711.2;0.0;27.0;4.4;0.0;22.49;2.8;123.0
8732;2024-12-29 20:00:00;2.3;2.7;24.0;26.8;25.0;30.0;12.45;711.4;0.0;28.0;4.4;0.0;21.7;3.2;177.0
8733;2024-12-29 21:00:00;2.4;3.4;34.3;37.9;15.0;28.0;16.31;711.7;0.0;32.0;4.6;0.0;19.9;2.7;255.0
8734;2024-12-29 22:00:00;2.39;3.2;34.1;37.5;16.0;38.0;18.32;711.8;0.0;30.0;5.2;0.0;19.84;8.9;218.0
8735;2024-12-29 23:00:00;2.26;3.0;29.4;32.6;19.0;44.0;15.17;711.7;0.0;29.0;5.3;0.0;19.52;8.9;217.0
8736;2024-12-30 00:00:00;2.17;2.9;23.9;27.1;23.0;40.0;12.26;711.6;0.0;28.0;5.1;0.0;19.25;8.4;214.0
8737;2024-12-30 01:00:00;2.09;2.8;17.3;20.3;28.0;34.0;10.41;711.2;0.0;28.0;5.1;0.0;18.59;5.0;240.0
8738;2024-12-30 02:00:00;2.05;2.8;17.9;21.0;26.0;35.0;9.43;710.8;0.0;28.0;4.9;0.0;18.14;2.6;294.0
8739;2024-12-30 03:00:00;2.33;8.5;36.5;45.1;6.0;35.0;14.76;710.4;0.0;36.0;4.7;0.0;16.65;2.0;317.0
8740;2024-12-30 04:00:00;2.09;4.6;18.3;23.1;25.0;39.0;13.25;710.0;0.0;27.0;5.1;0.0;17.63;6.8;237.0
8741;2024-12-30 05:00:00;1.93;2.8;11.7;14.7;32.0;50.0;9.78;709.7;0.0;24.0;5.3;0.0;18.03;8.2;215.0
8742;2024-12-30 06:00:00;2.02;3.6;21.4;25.2;19.0;51.0;10.82;709.5;0.0;28.0;4.9;0.0;16.86;1.9;334.0
8743;2024-12-30 07:00:00;2.39;49.2;35.3;84.8;4.0;49.0;16.08;709.6;0.0;37.0;5.0;0.0;15.24;2.1;303.0
8744;2024-12-30 08:00:00;2.53;56.3;36.4;92.9;6.0;53.0;17.3;709.6;0.0;31.0;5.6;0.005;15.93;4.0;294.0
8745;2024-12-30 09:00:00;2.88;78.8;38.0;117.2;6.0;64.0;27.52;710.0;0.0;31.0;6.3;0.029;17.28;2.9;304.0
8746;2024-12-30 10:00:00;2.69;56.5;38.4;95.2;13.0;78.0;25.05;710.2;0.0;22.0;6.7;0.091;21.56;4.8;293.0
8747;2024-12-30 11:00:00;2.36;29.9;33.3;63.5;21.0;72.0;13.67;710.2;0.0;15.0;7.4;0.435;25.68;5.2;248.0
8748;2024-12-30 12:00:00;2.18;15.0;29.2;44.5;30.0;65.0;11.07;709.6;0.0;10.0;6.9;0.569;28.61;4.1;129.0
8749;2024-12-30 13:00:00;2.29;16.6;34.9;51.7;33.0;59.0;12.79;708.8;0.0;8.0;5.6;0.617;29.82;5.9;84.0
8750;2024-12-30 14:00:00;2.24;11.6;33.7;45.6;40.0;53.0;12.73;708.1;0.0;7.0;7.5;0.607;31.11;8.8;100.0
8751;2024-12-30 15:00:00;2.28;6.7;26.6;33.6;61.0;55.0;12.97;707.6;0.0;11.0;6.4;0.526;31.34;9.6;74.0
8752;2024-12-30 16:00:00;2.15;4.9;18.4;23.5;57.0;51.0;8.38;707.3;0.0;10.0;4.7;0.399;32.14;8.6;95.0
8753;2024-12-30 17:00:00;2.14;4.0;17.0;21.1;53.0;40.0;8.02;707.2;0.0;11.0;4.4;0.195;31.72;8.6;106.0
8754;2024-12-30 18:00:00;2.38;5.0;30.1;35.3;32.0;32.0;12.21;707.4;0.0;16.0;4.7;0.028;28.2;3.9;218.0
8755;2024-12-30 19:00:00;2.46;4.6;39.9;44.7;16.0;36.0;8.41;707.8;0.0;19.0;4.6;0.0;24.67;2.5;268.0
8756;2024-12-30 20:00:00;2.46;8.5;43.7;52.5;10.0;34.0;10.36;708.1;0.0;17.0;4.7;0.0;24.39;5.8;211.0
8757;2024-12-30 21:00:00;2.76;29.6;49.4;79.2;5.0;36.0;16.68;708.3;0.0;18.0;6.0;0.0;23.32;2.8;257.0
8758;2024-12-30 22:00:00;2.63;27.0;43.3;70.5;5.0;45.0;17.47;708.7;0.0;19.0;5.0;0.0;22.05;2.2;244.0
8759;2024-12-30 23:00:00;2.54;16.9;39.8;56.9;5.0;44.0;16.55;709.2;0.0;22.0;5.0;0.0;20.57;2.0;236.0
8760;2024-12-31 00:00:00;2.19;5.3;33.9;39.4;9.0;38.0;12.47;709.2;0.0;17.0;6.0;0.0;21.67;7.1;224.0
8761;2024-12-31 01:00:00;2.12;6.5;34.1;40.8;9.0;34.0;12.4;709.2;0.0;15.0;6.3;0.0;21.66;10.2;221.0
8762;2024-12-31 02:00:00;1.97;3.4;28.5;32.1;13.0;57.0;10.09;709.2;0.0;15.0;6.0;0.0;21.04;11.4;212.0
8763;2024-12-31 03:00:00;1.88;3.0;19.5;22.7;21.0;48.0;7.64;709.1;0.0;14.0;5.7;0.0;21.12;12.7;211.0
8764;2024-12-31 04:00:00;1.85;2.9;15.8;18.9;25.0;48.0;8.57;709.4;0.0;14.0;5.4;0.0;20.45;4.1;229.0
8765;2024-12-31 05:00:00;1.82;2.8;9.7;12.7;30.0;49.0;5.99;709.4;0.0;14.0;4.9;0.0;20.29;10.3;210.0
8766;2024-12-31 06:00:00;1.88;3.2;18.4;21.8;22.0;39.0;9.23;709.7;0.0;15.0;5.1;0.0;19.81;5.7;243.0
8767;2024-12-31 07:00:00;1.9;10.1;22.9;32.8;18.0;50.0;12.68;710.0;0.0;14.0;5.2;0.0;19.95;9.2;222.0
8768;2024-12-31 08:00:00;2.07;15.3;31.7;47.2;8.0;74.0;12.56;710.7;0.0;18.0;5.3;0.005;18.07;2.0;229.0
8769;2024-12-31 09:00:00;2.33;48.2;34.0;82.5;10.0;59.0;12.37;711.1;0.0;16.0;5.5;0.028;21.04;2.0;327.0
8770;2024-12-31 10:00:00;2.05;11.6;23.5;35.3;24.0;54.0;8.07;711.7;0.0;13.0;5.3;0.089;23.49;8.1;212.0
8771;2024-12-31 11:00:00;2.09;14.3;24.9;39.5;27.0;45.0;8.64;712.1;0.0;10.0;5.6;0.438;26.45;3.7;285.0
8772;2024-12-31 12:00:00;2.3;16.2;28.1;44.5;32.0;45.0;14.71;712.1;0.0;10.0;8.7;0.563;27.54;7.5;47.0
8773;2024-12-31 13:00:00;2.09;8.7;19.7;28.7;41.0;66.0;15.05;711.7;0.0;11.0;8.2;0.611;27.74;7.4;50.0
8774;2024-12-31 14:00:00;2.08;6.4;16.6;23.3;49.0;67.0;12.08;711.2;0.0;11.0;7.3;0.597;28.81;6.8;62.0
8775;2024-12-31 15:00:00;1.98;6.4;17.1;23.7;50.0;53.0;10.16;710.7;0.0;11.0;10.8;0.527;29.0;9.1;49.0
8776;2024-12-31 16:00:00;2.01;5.1;16.3;21.6;61.0;45.0;13.18;710.6;0.0;12.0;9.4;0.391;29.17;10.4;58.0
8777;2024-12-31 17:00:00;2.06;3.6;12.6;16.4;59.0;46.0;14.21;710.6;0.0;18.0;6.5;0.187;27.61;13.7;59.0
8778;2024-12-31 18:00:00;2.04;3.0;11.5;14.8;51.0;69.0;11.7;711.0;0.0;21.0;5.3;0.029;25.38;11.7;87.0
8779;2024-12-31 19:00:00;2.01;2.7;10.0;12.9;53.0;48.0;11.83;711.8;0.0;22.0;4.8;0.0;23.49;10.9;87.0
8780;2024-12-31 20:00:00;2.03;2.6;11.0;13.9;55.0;43.0;14.77;712.5;0.0;24.0;4.7;0.0;21.96;8.4;69.0
8781;2024-12-31 21:00:00;2.06;2.6;10.9;13.8;56.0;46.0;18.96;713.0;0.0;25.0;4.6;0.0;21.19;7.1;91.0
8782;2024-12-31 22:00:00;2.1;2.7;10.3;13.2;56.0;44.0;28.23;713.3;0.0;27.0;4.7;0.0;20.81;7.3;91.0
8783;2024-12-31 23:00:00;2.35;2.8;16.2;19.3;46.0;50.0;;713.7;0.0;29.0;4.9;0.0;19.89;6.0;47.0
